Benchmark,Predicted_Solver,Solved,Runtime,PAR2_Score
ABV/20230321-UltimateAutomizerSvcomp2023/dll2n_append_equal.i_49.smt2,Bitwuzla,True,0.23929534992203116,0.23929534992203116
ABV/20230321-UltimateAutomizerSvcomp2023/test-memleak_nexttime.i_160.smt2,Bitwuzla,True,0.22204853780567646,0.22204853780567646
ABV/20230321-UltimateAutomizerSvcomp2023/list-ext_flag_1.i_114.smt2,Bitwuzla,True,0.21934579988010228,0.21934579988010228
ABV/20230321-UltimateAutomizerSvcomp2023/memleaks_test13.i_40.smt2,SMTInterpol,True,0.5787834560032934,0.5787834560032934
ABV/20230321-UltimateAutomizerSvcomp2023/ex3_forlist.i_339.smt2,Bitwuzla,True,0.22976834513247013,0.22976834513247013
ABV/20230321-UltimateAutomizerSvcomp2023/sll2c_prepend_equal.i_13.smt2,Bitwuzla,True,0.2271591171156615,0.2271591171156615
ABV/20230321-UltimateAutomizerSvcomp2023/dll_circular_traversal-2.i_3.smt2,Bitwuzla,True,0.21986547601409256,0.21986547601409256
ABV/20230321-UltimateAutomizerSvcomp2023/test-memleak_nexttime.i_274.smt2,Bitwuzla,True,0.2485317629761994,0.2485317629761994
ABV/20230321-UltimateAutomizerSvcomp2023/sll_to_dll_rev-1.i_68.smt2,Bitwuzla,True,0.22869488992728293,0.22869488992728293
ABV/20230321-UltimateAutomizerSvcomp2023/test-0504.i_7.smt2,SMTInterpol,True,0.5044979780213907,0.5044979780213907
ABV/20230321-UltimateAutomizerSvcomp2023/test-memleak_nexttime.i_54.smt2,Bitwuzla,True,0.22509537590667605,0.22509537590667605
ABV/20230321-UltimateAutomizerSvcomp2023/test_mutex_unbounded-1.i_43.smt2,Bitwuzla,True,0.25443571200594306,0.25443571200594306
ABV/20230321-UltimateAutomizerSvcomp2023/list-ext_flag_1.i_126.smt2,Bitwuzla,True,0.24457313609309494,0.24457313609309494
ABV/20230321-UltimateAutomizerSvcomp2023/ex3_forlist.i_27.smt2,Bitwuzla,True,0.23791924095712602,0.23791924095712602
ABV/20230321-UltimateAutomizerSvcomp2023/dancing.i_26.smt2,Bitwuzla,True,0.2228651070035994,0.2228651070035994
ABV/20230321-UltimateAutomizerSvcomp2023/test-memleak_nexttime.i_272.smt2,Bitwuzla,True,0.24181603104807436,0.24181603104807436
ABV/20230321-UltimateAutomizerSvcomp2023/ex3_forlist.i_43.smt2,Bitwuzla,True,0.22416016715578735,0.22416016715578735
ABV/20230321-UltimateAutomizerSvcomp2023/memleaks_test18_3.i_31.smt2,Bitwuzla,True,0.23486158694140613,0.23486158694140613
ABV/20230321-UltimateAutomizerSvcomp2023/sll2c_prepend_equal.i_6.smt2,Bitwuzla,True,0.23352598398923874,0.23352598398923874
ABV/20230321-UltimateAutomizerSvcomp2023/simple-ext_1.i_26.smt2,SMTInterpol,True,0.4766908229794353,0.4766908229794353
ABV/20230321-UltimateAutomizerSvcomp2023/list-2.i_28.smt2,SMTInterpol,True,0.5117493739817291,0.5117493739817291
ABV/20230321-UltimateAutomizerSvcomp2023/sll2n_append_equal.i_51.smt2,Bitwuzla,True,0.2531109389383346,0.2531109389383346
ABV/20230321-UltimateAutomizerSvcomp2023/test-memleak_nexttime.i_108.smt2,Bitwuzla,True,0.3211749750189483,0.3211749750189483
ABV/20230321-UltimateAutomizerSvcomp2023/ex3_forlist.i_312.smt2,Bitwuzla,True,0.23401471390388906,0.23401471390388906
ABV/20230321-UltimateAutomizerSvcomp2023/ex3_forlist.i_241.smt2,Bitwuzla,True,0.21930551691912115,0.21930551691912115
ABV/20230321-UltimateAutomizerSvcomp2023/dll_of_dll-2.i_95.smt2,Bitwuzla,True,0.23661405802704394,0.23661405802704394
ABV/20230321-UltimateAutomizerSvcomp2023/memleaks_test14_3.i_5.smt2,Bitwuzla,True,0.22759883105754852,0.22759883105754852
ABV/20230321-UltimateAutomizerSvcomp2023/sll2n_insert_equal.i_4.smt2,Bitwuzla,True,0.22978851199150085,0.22978851199150085
ABV/20230321-UltimateAutomizerSvcomp2023/test-memleak_nexttime.i_137.smt2,Bitwuzla,True,0.22348448401317,0.22348448401317
ABV/20230321-UltimateAutomizerSvcomp2023/ex3_forlist.i_63.smt2,Bitwuzla,True,0.21804539603181183,0.21804539603181183
ABV/20230321-UltimateAutomizerSvcomp2023/tree_stack.i_1.smt2,Bitwuzla,True,0.2206677170470357,0.2206677170470357
ABV/20230321-UltimateAutomizerSvcomp2023/memleaks_test13.i_34.smt2,SMTInterpol,True,0.5005398140056059,0.5005398140056059
ABV/20230321-UltimateAutomizerSvcomp2023/eureka_05.i_10.smt2,Bitwuzla,True,0.23361911298707128,0.23361911298707128
ABV/20230321-UltimateAutomizerSvcomp2023/eureka_05.i_97.smt2,Bitwuzla,True,0.2298303018324077,0.2298303018324077
ABV/20230321-UltimateAutomizerSvcomp2023/list-ext_flag.i_25.smt2,Bitwuzla,True,0.22734156507067382,0.22734156507067382
ABV/20230321-UltimateAutomizerSvcomp2023/memleaks_test6_3.i_11.smt2,SMTInterpol,True,0.537669284036383,0.537669284036383
ABV/20230321-UltimateAutomizerSvcomp2023/sll-sorted-1.i_6.smt2,SMTInterpol,True,0.4608879989827983,0.4608879989827983
ABV/20230321-UltimateAutomizerSvcomp2023/sll_to_dll_rev-2.i_101.smt2,Bitwuzla,True,0.24993566586636007,0.24993566586636007
ABV/20230321-UltimateAutomizerSvcomp2023/sll-rb-sentinel-1.i_11.smt2,Bitwuzla,True,0.2307725150603801,0.2307725150603801
ABV/20230321-UltimateAutomizerSvcomp2023/list-2.i_19.smt2,SMTInterpol,True,0.5237583899870515,0.5237583899870515
ABV/20230321-UltimateAutomizerSvcomp2023/cart.i_12.smt2,Bitwuzla,True,0.24740448407828808,0.24740448407828808
ABV/20230321-UltimateAutomizerSvcomp2023/test_mutex_unbounded-1.i_32.smt2,Bitwuzla,True,0.2417968751396984,0.2417968751396984
ABV/20230321-UltimateAutomizerSvcomp2023/eureka_05.i_67.smt2,Bitwuzla,True,0.2246920329052955,0.2246920329052955
ABV/20230321-UltimateAutomizerSvcomp2023/list-2.i_23.smt2,Bitwuzla,True,0.2213866920210421,0.2213866920210421
ABV/20230321-UltimateAutomizerSvcomp2023/test-memleak_nexttime.i_495.smt2,Bitwuzla,True,0.22018785309046507,0.22018785309046507
ABV/20230321-UltimateAutomizerSvcomp2023/sll2c_insert_unequal.i_61.smt2,Bitwuzla,True,0.2371953660622239,0.2371953660622239
ABV/20230321-UltimateAutomizerSvcomp2023/test-memleak_nexttime.i_224.smt2,Bitwuzla,True,0.22459778003394604,0.22459778003394604
ABV/20230321-UltimateAutomizerSvcomp2023/memleaks_test14_2.i_13.smt2,Bitwuzla,True,0.22332280105911195,0.22332280105911195
ABV/20230321-UltimateAutomizerSvcomp2023/ex3_forlist.i_118.smt2,Bitwuzla,True,0.21841766987927258,0.21841766987927258
ABV/20230321-UltimateAutomizerSvcomp2023/sll2c_insert_unequal.i_79.smt2,Bitwuzla,True,0.23283352004364133,0.23283352004364133
ABV/20230321-UltimateAutomizerSvcomp2023/memleaks_test14.i_13.smt2,Bitwuzla,True,0.25415753899142146,0.25415753899142146
ABV/20230321-UltimateAutomizerSvcomp2023/test-memleak_nexttime.i_150.smt2,Bitwuzla,True,0.22191205504350364,0.22191205504350364
ABV/20230321-UltimateAutomizerSvcomp2023/list_search-1.i_13.smt2,Bitwuzla,True,0.2533746249973774,0.2533746249973774
ABV/20230321-UltimateAutomizerSvcomp2023/tree_of_cslls.i_11.smt2,Bitwuzla,True,0.22760797408409417,0.22760797408409417
ABV/20230321-UltimateAutomizerSvcomp2023/packet_filter.i_40.smt2,Bitwuzla,True,0.2333994850050658,0.2333994850050658
ABV/20230321-UltimateAutomizerSvcomp2023/dll_of_dll-2.i_82.smt2,Bitwuzla,True,0.22928426903672516,0.22928426903672516
ABV/20230321-UltimateAutomizerSvcomp2023/list-ext_flag_1.i_49.smt2,Bitwuzla,True,0.25574028701521456,0.25574028701521456
ABV/20230321-UltimateAutomizerSvcomp2023/test-memleak_nexttime.i_464.smt2,Bitwuzla,True,0.23264450207352638,0.23264450207352638
ABV/20230321-UltimateAutomizerSvcomp2023/bubble_sort_linux-2.i_109.smt2,Bitwuzla,True,0.22366268397308886,0.22366268397308886
ABV/20230321-UltimateAutomizerSvcomp2023/list_search-1.i_39.smt2,Bitwuzla,True,0.244885133812204,0.244885133812204
ABV/20230321-UltimateAutomizerSvcomp2023/test-0137.i_31.smt2,Bitwuzla,True,0.2305586040019989,0.2305586040019989
ABV/20230321-UltimateAutomizerSvcomp2023/alternating_list-1.i_25.smt2,Bitwuzla,True,0.2580125010572374,0.2580125010572374
ABV/20230321-UltimateAutomizerSvcomp2023/optional_data_creation_test04-1.i_6.smt2,Bitwuzla,True,0.2246591120492667,0.2246591120492667
ABV/20230321-UltimateAutomizerSvcomp2023/sll2n_append_equal.i_80.smt2,Bitwuzla,True,0.24248177092522383,0.24248177092522383
ABV/20230321-UltimateAutomizerSvcomp2023/sll2n_append_equal.i_19.smt2,Bitwuzla,True,0.22991203796118498,0.22991203796118498
ABV/20230321-UltimateAutomizerSvcomp2023/memleaks_test18_3.i_45.smt2,Bitwuzla,True,0.23639987199567258,0.23639987199567258
ABV/20230321-UltimateAutomizerSvcomp2023/ex3_forlist.i_173.smt2,Bitwuzla,True,0.25418025394901633,0.25418025394901633
ABV/20230321-UltimateAutomizerSvcomp2023/test_add-2.i_45.smt2,Bitwuzla,True,0.26894902088679373,0.26894902088679373
ABV/20230321-UltimateAutomizerSvcomp2023/test-memleak_nexttime.i_401.smt2,Bitwuzla,True,0.21894023986533284,0.21894023986533284
ABV/20230321-UltimateAutomizerSvcomp2023/bubble_sort_linux-2.i_4.smt2,Bitwuzla,True,0.2611144429538399,0.2611144429538399
ABV/20230321-UltimateAutomizerSvcomp2023/sll2c_insert_unequal.i_131.smt2,Bitwuzla,True,0.22531720204278827,0.22531720204278827
ABV/20230321-UltimateAutomizerSvcomp2023/sll2n_update_all_reverse.i_4.smt2,Bitwuzla,True,0.24956089979968965,0.24956089979968965
ABV/20230321-UltimateAutomizerSvcomp2023/sll_to_dll_rev-2.i_27.smt2,Bitwuzla,True,0.2192682910244912,0.2192682910244912
ABV/20230321-UltimateAutomizerSvcomp2023/sll2c_insert_unequal.i_25.smt2,Bitwuzla,True,0.23372813710011542,0.23372813710011542
ABV/20230321-UltimateAutomizerSvcomp2023/dll_of_dll-1.i_176.smt2,SMTInterpol,True,0.5105014949804172,0.5105014949804172
ABV/20230321-UltimateAutomizerSvcomp2023/test_mutex_unbounded-2.i_33.smt2,Bitwuzla,True,0.22772409301251173,0.22772409301251173
ABV/20230321-UltimateAutomizerSvcomp2023/ex3_forlist.i_164.smt2,Bitwuzla,True,0.22728618513792753,0.22728618513792753
ABV/20230321-UltimateAutomizerSvcomp2023/dll_of_dll-2.i_17.smt2,Bitwuzla,True,0.22081465902738273,0.22081465902738273
ABV/20230321-UltimateAutomizerSvcomp2023/test-memleak_nexttime.i_310.smt2,Bitwuzla,True,0.24402471096254885,0.24402471096254885
ABV/20230321-UltimateAutomizerSvcomp2023/ex3_forlist.i_397.smt2,Bitwuzla,True,0.22239060094580054,0.22239060094580054
ABV/20230321-UltimateAutomizerSvcomp2023/ex3_forlist.i_227.smt2,Bitwuzla,True,0.2197846071794629,0.2197846071794629
ABV/20230321-UltimateAutomizerSvcomp2023/sll2n_append_equal.i_27.smt2,Bitwuzla,True,0.23060175706632435,0.23060175706632435
ABV/20230321-UltimateAutomizerSvcomp2023/test-memleak_nexttime.i_425.smt2,Bitwuzla,True,0.23030775296501815,0.23030775296501815
ABV/20230321-UltimateAutomizerSvcomp2023/list-ext_flag.i_110.smt2,Bitwuzla,True,0.254556663101539,0.254556663101539
ABV/20230321-UltimateAutomizerSvcomp2023/sll_to_dll_rev-2.i_102.smt2,Bitwuzla,True,0.24630743195302784,0.24630743195302784
ABV/20230321-UltimateAutomizerSvcomp2023/sll2c_insert_equal.i_25.smt2,Bitwuzla,True,0.2340657520107925,0.2340657520107925
ABV/20230321-UltimateAutomizerSvcomp2023/dll_circular_traversal-2.i_14.smt2,Bitwuzla,True,0.25284536997787654,0.25284536997787654
ABV/20230321-UltimateAutomizerSvcomp2023/split_list_test05-1.i_17.smt2,Bitwuzla,True,0.22352582402527332,0.22352582402527332
ABV/20230321-UltimateAutomizerSvcomp2023/simple_search_value-2.i_55.smt2,Bitwuzla,True,0.2209930329117924,0.2209930329117924
ABV/20230321-UltimateAutomizerSvcomp2023/list-ext_flag_1.i_64.smt2,Bitwuzla,True,0.25632933294400573,0.25632933294400573
ABV/20230321-UltimateAutomizerSvcomp2023/ex3_forlist.i_279.smt2,Bitwuzla,True,0.2306213891133666,0.2306213891133666
ABV/20190429-UltimateAutomizerSvcomp2019/dancing_true-unreach-call_false-valid-memtrack.i_16.smt2,Bitwuzla,True,0.24560006894171238,0.24560006894171238
ABV/20230321-UltimateAutomizerSvcomp2023/test-memleak_nexttime.i_393.smt2,Bitwuzla,True,0.24903335608541965,0.24903335608541965
ABV/20230321-UltimateAutomizerSvcomp2023/sll-simple-white-blue-1.i_19.smt2,Bitwuzla,True,0.2673979119863361,0.2673979119863361
ABV/20230321-UltimateAutomizerSvcomp2023/test-memleak_nexttime.i_407.smt2,Bitwuzla,True,0.23619995499029756,0.23619995499029756
ABV/20230321-UltimateAutomizerSvcomp2023/test-0158-1.i_3.smt2,SMTInterpol,True,0.496068985958118,0.496068985958118
ABV/20230321-UltimateAutomizerSvcomp2023/test_mutex_unbounded-1.i_0.smt2,Bitwuzla,True,0.21806484390981495,0.21806484390981495
ABV/20230321-UltimateAutomizerSvcomp2023/dll2c_insert_unequal.i_6.smt2,Bitwuzla,True,0.23810677509754896,0.23810677509754896
ABV/20230321-UltimateAutomizerSvcomp2023/sll2c_insert_unequal.i_36.smt2,Bitwuzla,True,0.25569282518699765,0.25569282518699765
ABV/20230321-UltimateAutomizerSvcomp2023/test_add-2.i_27.smt2,cvc5,True,0.2211966891773045,0.2211966891773045
ABV/20230321-UltimateAutomizerSvcomp2023/memleaks_test8.i_1.smt2,Bitwuzla,True,0.21971407812088728,0.21971407812088728
ABV/20230321-UltimateAutomizerSvcomp2023/sll2n_append_unequal.i_14.smt2,Bitwuzla,True,0.2575933320913464,0.2575933320913464
ABV/20230321-UltimateAutomizerSvcomp2023/test_mutex.i_32.smt2,Bitwuzla,True,0.2440786079969257,0.2440786079969257
ABV/20230321-UltimateAutomizerSvcomp2023/sll_circular_traversal-2.i_19.smt2,Bitwuzla,True,0.25135174999013543,0.25135174999013543
ABV/20190429-UltimateAutomizerSvcomp2019/dll_of_dll_false-unreach-call_false-valid-memcleanup.i_9.smt2,Bitwuzla,True,0.26875470113009214,0.26875470113009214
ABV/20230321-UltimateAutomizerSvcomp2023/optional_data_creation_test04-1.i_27.smt2,Bitwuzla,True,0.2552345171570778,0.2552345171570778
ABV/20230321-UltimateAutomizerSvcomp2023/test-memleak_nexttime.i_333.smt2,Bitwuzla,True,0.23522843583486974,0.23522843583486974
ABV/20230321-UltimateAutomizerSvcomp2023/sll2n_insert_unequal.i_151.smt2,Bitwuzla,True,0.22538475692272186,0.22538475692272186
ABV/20230321-UltimateAutomizerSvcomp2023/test-0513_1.i_0.smt2,Bitwuzla,True,0.22819393500685692,0.22819393500685692
ABV/20230321-UltimateAutomizerSvcomp2023/list_search-1.i_36.smt2,Bitwuzla,True,0.22095964895561337,0.22095964895561337
ABV/20230321-UltimateAutomizerSvcomp2023/bubble_sort_linux-2.i_33.smt2,Bitwuzla,True,0.2211018919479102,0.2211018919479102
ABV/20230321-UltimateAutomizerSvcomp2023/eureka_05.i_20.smt2,Bitwuzla,True,0.22125926101580262,0.22125926101580262
ABV/20230321-UltimateAutomizerSvcomp2023/ex3_forlist.i_410.smt2,Bitwuzla,True,0.2337830278556794,0.2337830278556794
ABV/20230321-UltimateAutomizerSvcomp2023/test-0137.i_29.smt2,Bitwuzla,True,0.22823385708034039,0.22823385708034039
ABV/20230321-UltimateAutomizerSvcomp2023/simple_search_value-1.i_70.smt2,Bitwuzla,True,0.24791077082045376,0.24791077082045376
ABV/20230321-UltimateAutomizerSvcomp2023/dll2c_update_all_reverse.i_12.smt2,SMTInterpol,True,0.5560786159476265,0.5560786159476265
ABV/20230321-UltimateAutomizerSvcomp2023/sll2n_append_unequal.i_45.smt2,Bitwuzla,True,0.3527401809114963,0.3527401809114963
ABV/20230321-UltimateAutomizerSvcomp2023/test-memleak_nexttime.i_471.smt2,Bitwuzla,True,0.2237839938607067,0.2237839938607067
ABV/20230321-UltimateAutomizerSvcomp2023/splice-2.i_92.smt2,Bitwuzla,True,0.2263703029602766,0.2263703029602766
ABV/20230321-UltimateAutomizerSvcomp2023/memleaks_test6.i_20.smt2,SMTInterpol,True,0.5188881059875712,0.5188881059875712
ABV/20230321-UltimateAutomizerSvcomp2023/memleaks_test13.i_52.smt2,SMTInterpol,True,0.6083940899698064,0.6083940899698064
ABV/20230321-UltimateAutomizerSvcomp2023/tree_of_cslls.i_7.smt2,Bitwuzla,True,0.2532318418379873,0.2532318418379873
ABV/20230321-UltimateAutomizerSvcomp2023/ex3_forlist.i_165.smt2,Bitwuzla,True,0.2188763280864805,0.2188763280864805
ABV/20230321-UltimateAutomizerSvcomp2023/sll_to_dll_rev-2.i_19.smt2,Bitwuzla,True,0.22751688701100647,0.22751688701100647
ABV/20230321-UltimateAutomizerSvcomp2023/test-memleak_nexttime.i_422.smt2,Bitwuzla,True,0.24800519994460046,0.24800519994460046
ABV/20230321-UltimateAutomizerSvcomp2023/dll-token-1.i_39.smt2,Bitwuzla,True,0.23256601905450225,0.23256601905450225
ABV/20230321-UltimateAutomizerSvcomp2023/dll2c_insert_equal.i_42.smt2,Bitwuzla,True,0.2526416201144457,0.2526416201144457
ABV/20230321-UltimateAutomizerSvcomp2023/sll-rb-sentinel-1.i_50.smt2,Bitwuzla,True,0.22138643101789057,0.22138643101789057
ABV/20230321-UltimateAutomizerSvcomp2023/test-memleak_nexttime.i_392.smt2,Bitwuzla,True,0.22292664018459618,0.22292664018459618
ABV/20230321-UltimateAutomizerSvcomp2023/sll_to_dll_rev-2.i_73.smt2,Bitwuzla,True,0.268742301966995,0.268742301966995
ABV/20230321-UltimateAutomizerSvcomp2023/memleaks_test10-1.i_5.smt2,SMTInterpol,True,0.46246317494660616,0.46246317494660616
ABV/20230321-UltimateAutomizerSvcomp2023/test-memleak_nexttime.i_76.smt2,Bitwuzla,True,0.21667047194205225,0.21667047194205225
ABV/20230321-UltimateAutomizerSvcomp2023/list_search-2.i_24.smt2,SMTInterpol,True,0.5521894409903325,0.5521894409903325
ABV/20230321-UltimateAutomizerSvcomp2023/list_flag-2.i_7.smt2,Bitwuzla,True,0.22170268488116562,0.22170268488116562
ABV/20230321-UltimateAutomizerSvcomp2023/memleaks_test21-2.i_5.smt2,Bitwuzla,True,0.252715066075325,0.252715066075325
ABV/20230321-UltimateAutomizerSvcomp2023/test-0513_1.i_66.smt2,Bitwuzla,True,0.23780151107348502,0.23780151107348502
ABV/20230321-UltimateAutomizerSvcomp2023/sll2n_insert_unequal.i_239.smt2,SMTInterpol,True,0.6688824499724433,0.6688824499724433
ABV/20230321-UltimateAutomizerSvcomp2023/dll2c_insert_unequal.i_8.smt2,Bitwuzla,True,0.25648336997255683,0.25648336997255683
ABV/20230321-UltimateAutomizerSvcomp2023/dll_of_dll-2.i_100.smt2,Bitwuzla,True,0.24159481981769204,0.24159481981769204
ABV/20230321-UltimateAutomizerSvcomp2023/eureka_05.i_16.smt2,Bitwuzla,True,0.2250284932088107,0.2250284932088107
ABV/20230321-UltimateAutomizerSvcomp2023/sll2n_insert_unequal.i_153.smt2,Bitwuzla,True,0.22646981105208397,0.22646981105208397
ABV/20230321-UltimateAutomizerSvcomp2023/test-memleak_nexttime.i_512.smt2,Bitwuzla,True,0.21804344397969544,0.21804344397969544
ABV/20190429-UltimateAutomizerSvcomp2019/list_flag_true-unreach-call_false-valid-memtrack.i_4.smt2,SMTInterpol,True,0.5100711400154978,0.5100711400154978
ABV/20230321-UltimateAutomizerSvcomp2023/test-memleak_nexttime.i_476.smt2,Bitwuzla,True,0.218972324160859,0.218972324160859
ABV/20230321-UltimateAutomizerSvcomp2023/sll2n_insert_equal.i_34.smt2,Bitwuzla,True,0.22041143011301756,0.22041143011301756
ABV/20230321-UltimateAutomizerSvcomp2023/list-2.i_41.smt2,SMTInterpol,True,0.5655844290158711,0.5655844290158711
ABV/20230321-UltimateAutomizerSvcomp2023/dll-sorted-2.i_1.smt2,SMTInterpol,True,0.5001668829936534,0.5001668829936534
ABV/20230321-UltimateAutomizerSvcomp2023/test-0137.i_24.smt2,Bitwuzla,True,0.24912388203665614,0.24912388203665614
ABV/20230321-UltimateAutomizerSvcomp2023/test_add-2.i_12.smt2,Bitwuzla,True,0.23937431606464088,0.23937431606464088
ABV/20230321-UltimateAutomizerSvcomp2023/test-memleak_nexttime.i_172.smt2,Bitwuzla,True,0.25014802091754973,0.25014802091754973
ABV/20230321-UltimateAutomizerSvcomp2023/sll2n_insert_equal.i_63.smt2,Bitwuzla,True,0.22318324190564454,0.22318324190564454
ABV/20230321-UltimateAutomizerSvcomp2023/list-1.i_56.smt2,Bitwuzla,True,0.2296462501399219,0.2296462501399219
ABV/20230321-UltimateAutomizerSvcomp2023/complex_data_creation_test02-1.i_6.smt2,Bitwuzla,True,0.22946456400677562,0.22946456400677562
ABV/20230321-UltimateAutomizerSvcomp2023/packet_filter.i_20.smt2,Bitwuzla,True,0.23244445398449898,0.23244445398449898
ABV/20230321-UltimateAutomizerSvcomp2023/ex3_forlist.i_103.smt2,Bitwuzla,True,0.22396981995552778,0.22396981995552778
ABV/20230321-UltimateAutomizerSvcomp2023/test-memleak_nexttime.i_504.smt2,Bitwuzla,True,0.22314507700502872,0.22314507700502872
ABV/20230321-UltimateAutomizerSvcomp2023/sll2c_insert_equal.i_19.smt2,Bitwuzla,True,0.22389268409460783,0.22389268409460783
ABV/20230321-UltimateAutomizerSvcomp2023/tree_parent_ptr.i_5.smt2,SMTInterpol,True,0.5816850559785962,0.5816850559785962
ABV/20190429-UltimateAutomizerSvcomp2019/alternating_list_true-unreach-call_true-valid-memsafety.i_13.smt2,Bitwuzla,True,45.08852765802294,45.08852765802294
ABV/20230321-UltimateAutomizerSvcomp2023/sll2c_insert_equal.i_147.smt2,Bitwuzla,True,0.2201423579826951,0.2201423579826951
ABV/20230321-UltimateAutomizerSvcomp2023/ex3_forlist.i_281.smt2,Bitwuzla,True,0.25138090807013214,0.25138090807013214
ABV/20230321-UltimateAutomizerSvcomp2023/ex3_forlist.i_580.smt2,Bitwuzla,True,0.21950122411362827,0.21950122411362827
ABV/20230321-UltimateAutomizerSvcomp2023/dll_of_dll-1.i_28.smt2,SMTInterpol,True,0.5642250980017707,0.5642250980017707
ABV/20230321-UltimateAutomizerSvcomp2023/ex3_forlist.i_446.smt2,Bitwuzla,True,0.24467552383430302,0.24467552383430302
ABV/20230321-UltimateAutomizerSvcomp2023/ex3_forlist.i_480.smt2,Bitwuzla,True,0.21920477109961212,0.21920477109961212
ABV/20230321-UltimateAutomizerSvcomp2023/ex3_forlist.i_171.smt2,Bitwuzla,True,0.24385549500584602,0.24385549500584602
ABV/20230321-UltimateAutomizerSvcomp2023/test_mutex_unbounded-1.i_78.smt2,Bitwuzla,True,0.23270419286563993,0.23270419286563993
ABV/20230321-UltimateAutomizerSvcomp2023/simple-ext_1.i_68.smt2,Bitwuzla,True,0.2333159539848566,0.2333159539848566
ABV/20230321-UltimateAutomizerSvcomp2023/dll_of_dll-1.i_31.smt2,Bitwuzla,True,0.24231756292283535,0.24231756292283535
ABV/20230321-UltimateAutomizerSvcomp2023/memleaks_test14.i_11.smt2,Bitwuzla,True,0.222461624071002,0.222461624071002
ABV/20230321-UltimateAutomizerSvcomp2023/simple-ext_1.i_23.smt2,Bitwuzla,True,0.23686910490505397,0.23686910490505397
ABV/20230321-UltimateAutomizerSvcomp2023/dll2n_insert_unequal.i_14.smt2,Bitwuzla,True,0.23440080881118774,0.23440080881118774
ABV/20230321-UltimateAutomizerSvcomp2023/sll_circular_traversal-1.i_47.smt2,Bitwuzla,True,0.22358475113287568,0.22358475113287568
ABV/20230321-UltimateAutomizerSvcomp2023/dll2c_append_unequal.i_20.smt2,Bitwuzla,True,0.22966004605405033,0.22966004605405033
ABV/20230321-UltimateAutomizerSvcomp2023/ex3_forlist.i_465.smt2,Bitwuzla,True,0.23175108595751226,0.23175108595751226
ABV/20230321-UltimateAutomizerSvcomp2023/simple-ext_1.i_36.smt2,Bitwuzla,True,0.2456161049194634,0.2456161049194634
ABV/20230321-UltimateAutomizerSvcomp2023/sll2c_insert_equal.i_129.smt2,Bitwuzla,True,0.23698843200691044,0.23698843200691044
ABV/20230321-UltimateAutomizerSvcomp2023/memleaks_test7-1.i_5.smt2,SMTInterpol,True,0.4904118009726517,0.4904118009726517
ABV/20230321-UltimateAutomizerSvcomp2023/test-memleak_nexttime.i_147.smt2,Bitwuzla,True,0.22940938011743128,0.22940938011743128
ABV/20230321-UltimateAutomizerSvcomp2023/test-0134.i_34.smt2,Bitwuzla,True,0.22908960795029998,0.22908960795029998
ABV/20230321-UltimateAutomizerSvcomp2023/complex_data_creation_test01-1.i_0.smt2,Bitwuzla,True,0.23305666982196271,0.23305666982196271
ABV/20230321-UltimateAutomizerSvcomp2023/sll2n_update_all_reverse.i_18.smt2,Bitwuzla,True,0.22124984418042004,0.22124984418042004
ABV/20230321-UltimateAutomizerSvcomp2023/sll2n_insert_unequal.i_95.smt2,Bitwuzla,True,0.24534136499278247,0.24534136499278247
ABV/20230321-UltimateAutomizerSvcomp2023/eureka_05.i_47.smt2,Bitwuzla,True,0.22086212900467217,0.22086212900467217
ABV/20230321-UltimateAutomizerSvcomp2023/sll2c_insert_unequal.i_77.smt2,Bitwuzla,True,0.22458831407129765,0.22458831407129765
ABV/20230321-UltimateAutomizerSvcomp2023/sll-sorted-1.i_19.smt2,Bitwuzla,True,0.23903150390833616,0.23903150390833616
ABV/20230321-UltimateAutomizerSvcomp2023/test-memleak_nexttime.i_38.smt2,Bitwuzla,True,0.23567351792007685,0.23567351792007685
ABV/20230321-UltimateAutomizerSvcomp2023/test-memleak_nexttime.i_318.smt2,SMTInterpol,True,0.5164681180031039,0.5164681180031039
ABV/20230321-UltimateAutomizerSvcomp2023/test_add-2.i_16.smt2,Bitwuzla,True,0.247256884817034,0.247256884817034
ABV/20230321-UltimateAutomizerSvcomp2023/dll2c_update_all.i_98.smt2,Bitwuzla,True,0.2615423679817468,0.2615423679817468
ABV/20230321-UltimateAutomizerSvcomp2023/test-0513_1.i_63.smt2,Bitwuzla,True,0.25127836992032826,0.25127836992032826
ABV/20230321-UltimateAutomizerSvcomp2023/ex3_forlist.i_534.smt2,Bitwuzla,True,0.22454082896001637,0.22454082896001637
ABV/20230321-UltimateAutomizerSvcomp2023/sll_circular_traversal-2.i_7.smt2,Bitwuzla,True,0.21900994703173637,0.21900994703173637
ABV/20230321-UltimateAutomizerSvcomp2023/sll2n_insert_unequal.i_28.smt2,Bitwuzla,True,0.23752557509578764,0.23752557509578764
ABV/20230321-UltimateAutomizerSvcomp2023/sll2c_insert_unequal.i_71.smt2,Bitwuzla,True,0.27441236888989806,0.27441236888989806
ABV/20230321-UltimateAutomizerSvcomp2023/simple_search_value-2.i_114.smt2,Bitwuzla,True,0.23653852520510554,0.23653852520510554
ABV/20230321-UltimateAutomizerSvcomp2023/test-memleak_nexttime.i_114.smt2,Bitwuzla,True,0.3081531811039895,0.3081531811039895
ABV/20230321-UltimateAutomizerSvcomp2023/packet_filter.i_27.smt2,Bitwuzla,True,0.270040649920702,0.270040649920702
ABV/20230321-UltimateAutomizerSvcomp2023/ex3_forlist.i_364.smt2,Bitwuzla,True,0.22045264788903296,0.22045264788903296
ABV/20230321-UltimateAutomizerSvcomp2023/ex3_forlist.i_208.smt2,Bitwuzla,True,0.23253662302158773,0.23253662302158773
ABV/20230321-UltimateAutomizerSvcomp2023/test_mutex_unbounded-2.i_94.smt2,Bitwuzla,True,0.24629830801859498,0.24629830801859498
ABV/20230321-UltimateAutomizerSvcomp2023/simple_search_value-1.i_41.smt2,Bitwuzla,True,0.2233093110844493,0.2233093110844493
ABV/20230321-UltimateAutomizerSvcomp2023/list_and_tree_cnstr-1.i_48.smt2,Bitwuzla,True,0.2817184589803219,0.2817184589803219
ABV/20230321-UltimateAutomizerSvcomp2023/dll2c_insert_equal.i_33.smt2,Bitwuzla,True,0.236772364936769,0.236772364936769
ABV/20230321-UltimateAutomizerSvcomp2023/list-ext_flag_1.i_32.smt2,Bitwuzla,True,0.24352645478211343,0.24352645478211343
ABV/20230321-UltimateAutomizerSvcomp2023/test-memleak_nexttime.i_266.smt2,Bitwuzla,True,0.22537302784621716,0.22537302784621716
ABV/20230321-UltimateAutomizerSvcomp2023/sll2c_insert_equal.i_53.smt2,Bitwuzla,True,0.23001288902014494,0.23001288902014494
ABV/20230321-UltimateAutomizerSvcomp2023/list_search-2.i_30.smt2,SMTInterpol,True,0.540940660983324,0.540940660983324
ABV/20230321-UltimateAutomizerSvcomp2023/sll_circular_traversal-2.i_4.smt2,Bitwuzla,True,0.22330259392037988,0.22330259392037988
ABV/20230321-UltimateAutomizerSvcomp2023/test_mutex_unbounded-1.i_60.smt2,Bitwuzla,True,0.22509779105894268,0.22509779105894268
ABV/20230321-UltimateAutomizerSvcomp2023/ex3_forlist.i_504.smt2,Bitwuzla,True,0.2226038600783795,0.2226038600783795
ABV/20230321-UltimateAutomizerSvcomp2023/test-0513_1.i_54.smt2,SMTInterpol,True,0.5835597949917428,0.5835597949917428
ABV/20230321-UltimateAutomizerSvcomp2023/dll2n_prepend_unequal.i_21.smt2,Bitwuzla,True,0.22898642998188734,0.22898642998188734
ABV/20230321-UltimateAutomizerSvcomp2023/dll2c_update_all.i_29.smt2,Bitwuzla,True,0.2538632780779153,0.2538632780779153
ABV/20230321-UltimateAutomizerSvcomp2023/sll-sorted-2.i_8.smt2,Bitwuzla,True,0.2676440340001136,0.2676440340001136
ABV/20230321-UltimateAutomizerSvcomp2023/dll2n_append_equal.i_10.smt2,Bitwuzla,True,0.24808233603835106,0.24808233603835106
ABV/20230321-UltimateAutomizerSvcomp2023/test-memleak_nexttime.i_49.smt2,Bitwuzla,True,0.24832433997653425,0.24832433997653425
ABV/20230321-UltimateAutomizerSvcomp2023/complex_data_creation_test02-1.i_7.smt2,Bitwuzla,True,0.2509466779883951,0.2509466779883951
ABV/20230321-UltimateAutomizerSvcomp2023/test_mutex_unbounded-1.i_38.smt2,Bitwuzla,True,0.22095484612509608,0.22095484612509608
ABV/20230321-UltimateAutomizerSvcomp2023/test-0102-1.i_7.smt2,Bitwuzla,True,0.21869753999635577,0.21869753999635577
ABV/20230321-UltimateAutomizerSvcomp2023/memleaks_test13_1.i_40.smt2,Bitwuzla,False,1200,2400
ABV/20230321-UltimateAutomizerSvcomp2023/dll_of_dll-2.i_94.smt2,Bitwuzla,True,0.22353653679601848,0.22353653679601848
ABV/20230321-UltimateAutomizerSvcomp2023/dll2n_insert_unequal.i_33.smt2,Bitwuzla,True,0.22642653109505773,0.22642653109505773
ABV/20230321-UltimateAutomizerSvcomp2023/complex_data_creation_test02-1.i_13.smt2,Bitwuzla,True,0.22298001986928284,0.22298001986928284
ABV/20230321-UltimateAutomizerSvcomp2023/bubble_sort_linux-2.i_5.smt2,Bitwuzla,True,0.21944764512591064,0.21944764512591064
ABV/20230321-UltimateAutomizerSvcomp2023/test-memleak_nexttime.i_284.smt2,Bitwuzla,True,0.24071606900542974,0.24071606900542974
ABV/20230321-UltimateAutomizerSvcomp2023/optional_data_creation_test04-1.i_26.smt2,Bitwuzla,True,0.23680455586872995,0.23680455586872995
ABV/20230321-UltimateAutomizerSvcomp2023/test-memleak_nexttime.i_17.smt2,Bitwuzla,True,0.24884507106617093,0.24884507106617093
ABV/20230321-UltimateAutomizerSvcomp2023/simple_search_value-2.i_90.smt2,Bitwuzla,True,0.21969427191652358,0.21969427191652358
ABV/20230321-UltimateAutomizerSvcomp2023/sll2c_insert_unequal.i_63.smt2,Bitwuzla,True,0.2548224108759314,0.2548224108759314
ABV/20230321-UltimateAutomizerSvcomp2023/dll_circular_traversal-2.i_40.smt2,SMTInterpol,True,0.5330322579829954,0.5330322579829954
ABV/20230321-UltimateAutomizerSvcomp2023/ex3_forlist.i_246.smt2,Bitwuzla,True,0.2477441020309925,0.2477441020309925
ABV/20230321-UltimateAutomizerSvcomp2023/test-memleak_nexttime.i_82.smt2,Bitwuzla,True,0.25145987002179027,0.25145987002179027
ABV/20230321-UltimateAutomizerSvcomp2023/sll2n_prepend_equal.i_59.smt2,Bitwuzla,True,0.22506540198810399,0.22506540198810399
ABV/20230321-UltimateAutomizerSvcomp2023/ex3_forlist.i_57.smt2,Bitwuzla,True,0.24519749102182686,0.24519749102182686
ABV/20230321-UltimateAutomizerSvcomp2023/test-memleak_nexttime.i_24.smt2,Bitwuzla,True,0.22666313382796943,0.22666313382796943
ABV/20230321-UltimateAutomizerSvcomp2023/dll-rb-cnstr_1-2.i_3.smt2,Bitwuzla,True,0.23882180894725025,0.23882180894725025
ABV/20230321-UltimateAutomizerSvcomp2023/test-memleak_nexttime.i_84.smt2,Bitwuzla,True,0.2511134399101138,0.2511134399101138
ABV/20230321-UltimateAutomizerSvcomp2023/list-1.i_54.smt2,Bitwuzla,True,0.23478751094080508,0.23478751094080508
ABV/20230321-UltimateAutomizerSvcomp2023/sll2n_append_equal.i_35.smt2,Bitwuzla,True,0.22146283695474267,0.22146283695474267
ABV/20230321-UltimateAutomizerSvcomp2023/bubble_sort_linux-2.i_10.smt2,Bitwuzla,True,0.2483198798727244,0.2483198798727244
ABV/20230321-UltimateAutomizerSvcomp2023/tree_dsw.i_1.smt2,Bitwuzla,True,0.2207357978913933,0.2207357978913933
ABV/20230321-UltimateAutomizerSvcomp2023/test-memleak_nexttime.i_280.smt2,Bitwuzla,True,0.23808942805044353,0.23808942805044353
ABV/20230321-UltimateAutomizerSvcomp2023/test-0134.i_32.smt2,Bitwuzla,True,0.23364582192152739,0.23364582192152739
ABV/20230321-UltimateAutomizerSvcomp2023/simple_search_value-1.i_46.smt2,Bitwuzla,True,0.22056628298014402,0.22056628298014402
ABV/20230321-UltimateAutomizerSvcomp2023/test-memleak_nexttime.i_189.smt2,Bitwuzla,True,0.23830344411544502,0.23830344411544502
ABV/20230321-UltimateAutomizerSvcomp2023/list-ext_flag.i_2.smt2,SMTInterpol,True,0.4805380770121701,0.4805380770121701
ABV/20230321-UltimateAutomizerSvcomp2023/test-memleak_nexttime.i_167.smt2,Bitwuzla,True,0.2315410601440817,0.2315410601440817
ABV/20230321-UltimateAutomizerSvcomp2023/test-0513_1.i_81.smt2,Bitwuzla,True,0.22012784495018423,0.22012784495018423
ABV/20230321-UltimateAutomizerSvcomp2023/memleaks_test6_2.i_15.smt2,SMTInterpol,True,0.5395971849793568,0.5395971849793568
ABV/20230321-UltimateAutomizerSvcomp2023/dll2c_append_unequal.i_9.smt2,Bitwuzla,True,0.23855801508761942,0.23855801508761942
ABV/20230321-UltimateAutomizerSvcomp2023/ex3_forlist.i_337.smt2,Bitwuzla,True,0.24850055389106274,0.24850055389106274
ABV/20230321-UltimateAutomizerSvcomp2023/sll-rb-sentinel-1.i_61.smt2,Bitwuzla,True,0.22273605805821717,0.22273605805821717
ABV/20230321-UltimateAutomizerSvcomp2023/test-memleak_nexttime.i_107.smt2,Bitwuzla,True,0.21893166401423514,0.21893166401423514
ABV/20230321-UltimateAutomizerSvcomp2023/test-memleak_nexttime.i_62.smt2,Bitwuzla,True,0.22028717095963657,0.22028717095963657
ABV/20190429-UltimateAutomizerSvcomp2019/sll-rb-sentinel_false-unreach-call_false-valid-memcleanup.i_6.smt2,Bitwuzla,True,0.24449471500702202,0.24449471500702202
ABV/20230321-UltimateAutomizerSvcomp2023/packet_filter.i_23.smt2,Bitwuzla,True,0.2479966119863093,0.2479966119863093
ABV/20230321-UltimateAutomizerSvcomp2023/test-memleak_nexttime.i_86.smt2,Bitwuzla,True,0.22040733508765697,0.22040733508765697
ABV/20230321-UltimateAutomizerSvcomp2023/sll2c_insert_unequal.i_70.smt2,Bitwuzla,True,0.23978535109199584,0.23978535109199584
ABV/20230321-UltimateAutomizerSvcomp2023/list-1.i_51.smt2,Bitwuzla,True,0.25024836510419846,0.25024836510419846
ABV/20230321-UltimateAutomizerSvcomp2023/test-memleak_nexttime.i_96.smt2,Bitwuzla,True,0.24037392996251583,0.24037392996251583
ABV/20230321-UltimateAutomizerSvcomp2023/sll2c_remove_all.i_7.smt2,SMTInterpol,True,0.5821498179575428,0.5821498179575428
ABV/20230321-UltimateAutomizerSvcomp2023/sll2c_insert_unequal.i_64.smt2,Bitwuzla,True,0.24227952305227518,0.24227952305227518
ABV/20230321-UltimateAutomizerSvcomp2023/min_max.i_27.smt2,Bitwuzla,True,0.2452032391447574,0.2452032391447574
ABV/20230321-UltimateAutomizerSvcomp2023/test-memleak_nexttime.i_238.smt2,Bitwuzla,True,0.22969837486743927,0.22969837486743927
ABV/20230321-UltimateAutomizerSvcomp2023/test-0134.i_37.smt2,Bitwuzla,True,0.22045121481642127,0.22045121481642127
ABV/20230321-UltimateAutomizerSvcomp2023/test-memleak_nexttime.i_277.smt2,Bitwuzla,True,0.2262331680394709,0.2262331680394709
ABV/20230321-UltimateAutomizerSvcomp2023/test-memleak_nexttime.i_47.smt2,Bitwuzla,True,0.22107112407684326,0.22107112407684326
ABV/20230321-UltimateAutomizerSvcomp2023/sll_to_dll_rev-1.i_55.smt2,Bitwuzla,True,0.2226307331584394,0.2226307331584394
ABV/20230321-UltimateAutomizerSvcomp2023/dancing.i_38.smt2,Bitwuzla,True,0.22186523210257292,0.22186523210257292
ABV/20230321-UltimateAutomizerSvcomp2023/sll2n_prepend_equal.i_52.smt2,Bitwuzla,True,0.22818022593855858,0.22818022593855858
ABV/20230321-UltimateAutomizerSvcomp2023/alternating_list-1.i_17.smt2,Bitwuzla,True,0.22111450787633657,0.22111450787633657
ABV/20230321-UltimateAutomizerSvcomp2023/memleaks_test6.i_21.smt2,SMTInterpol,True,0.5250015230267309,0.5250015230267309
ABV/20230321-UltimateAutomizerSvcomp2023/sll2n_update_all.i_50.smt2,Bitwuzla,True,0.2223913308698684,0.2223913308698684
ABV/20230321-UltimateAutomizerSvcomp2023/dll2c_insert_equal.i_67.smt2,Bitwuzla,True,0.24094174010679126,0.24094174010679126
ABV/20230321-UltimateAutomizerSvcomp2023/dancing.i_25.smt2,Bitwuzla,True,0.2529572208877653,0.2529572208877653
ABV/20230321-UltimateAutomizerSvcomp2023/list-ext_flag.i_103.smt2,Bitwuzla,True,0.22326112096197903,0.22326112096197903
ABV/20230321-UltimateAutomizerSvcomp2023/eureka_05.i_17.smt2,Bitwuzla,True,0.23869601590558887,0.23869601590558887
ABV/20230321-UltimateAutomizerSvcomp2023/sll_to_dll_rev-2.i_7.smt2,Bitwuzla,True,0.223062097793445,0.223062097793445
ABV/20230321-UltimateAutomizerSvcomp2023/ex3_forlist.i_445.smt2,Bitwuzla,True,0.22415685490705073,0.22415685490705073
ABV/20230321-UltimateAutomizerSvcomp2023/ex3_forlist.i_319.smt2,Bitwuzla,True,0.22582541406154633,0.22582541406154633
ABV/20230321-UltimateAutomizerSvcomp2023/memleaks_test12-1.i_8.smt2,SMTInterpol,True,0.5459931319928728,0.5459931319928728
ABV/20230321-UltimateAutomizerSvcomp2023/sll_to_dll_rev-1.i_23.smt2,Bitwuzla,True,0.22630295786075294,0.22630295786075294
ABV/20230321-UltimateAutomizerSvcomp2023/memleaks_test15-2.i_6.smt2,SMTInterpol,True,0.49124065903015435,0.49124065903015435
ABV/20230321-UltimateAutomizerSvcomp2023/ex3_forlist.i_221.smt2,Bitwuzla,True,0.24226483213715255,0.24226483213715255
ABV/20230321-UltimateAutomizerSvcomp2023/sll-token-2.i_36.smt2,Bitwuzla,True,0.3430914580821991,0.3430914580821991
ABV/20230321-UltimateAutomizerSvcomp2023/sll2n_insert_unequal.i_225.smt2,Bitwuzla,True,0.2427198770456016,0.2427198770456016
ABV/20230321-UltimateAutomizerSvcomp2023/ex3_forlist.i_83.smt2,Bitwuzla,True,0.23846289608627558,0.23846289608627558
ABV/20230321-UltimateAutomizerSvcomp2023/sll2n_insert_unequal.i_154.smt2,Bitwuzla,True,0.22147976304404438,0.22147976304404438
ABV/20230321-UltimateAutomizerSvcomp2023/test-memleak_nexttime.i_457.smt2,Bitwuzla,True,0.2534496870357543,0.2534496870357543
ABV/20230321-UltimateAutomizerSvcomp2023/sll2n_insert_equal.i_35.smt2,Bitwuzla,True,0.2512264468241483,0.2512264468241483
ABV/20230321-UltimateAutomizerSvcomp2023/sll2c_insert_equal.i_0.smt2,Bitwuzla,True,0.2278577380347997,0.2278577380347997
ABV/20230321-UltimateAutomizerSvcomp2023/test_mutex.i_9.smt2,Bitwuzla,True,0.24819595296867192,0.24819595296867192
ABV/20230321-UltimateAutomizerSvcomp2023/sll2c_insert_equal.i_88.smt2,Bitwuzla,True,0.22413671505637467,0.22413671505637467
ABV/20190429-UltimateAutomizerSvcomp2019/dll-circular_false-unreach-call_false-valid-memcleanup.i_10.smt2,SMTInterpol,True,0.4712111509870738,0.4712111509870738
ABV/20230321-UltimateAutomizerSvcomp2023/sll2n_insert_unequal.i_228.smt2,Bitwuzla,True,0.22271502506919205,0.22271502506919205
ABV/20230321-UltimateAutomizerSvcomp2023/memleaks_test6_1.i_11.smt2,SMTInterpol,True,0.5324740079813637,0.5324740079813637
ABV/20230321-UltimateAutomizerSvcomp2023/sll2n_update_all_reverse.i_101.smt2,Bitwuzla,True,0.25757839111611247,0.25757839111611247
ABV/20230321-UltimateAutomizerSvcomp2023/simple_search_value-2.i_81.smt2,Bitwuzla,True,0.2211451348848641,0.2211451348848641
ABV/20230321-UltimateAutomizerSvcomp2023/tree_parent_ptr.i_1.smt2,SMTInterpol,True,0.5712750790407881,0.5712750790407881
ABV/20230321-UltimateAutomizerSvcomp2023/dll2c_prepend_unequal.i_13.smt2,Bitwuzla,True,0.22190941707231104,0.22190941707231104
ABV/20230321-UltimateAutomizerSvcomp2023/tree_of_cslls.i_27.smt2,Bitwuzla,True,0.261524265864864,0.261524265864864
ABV/20190429-UltimateAutomizerSvcomp2019/list-ext_flag_false-unreach-call_false-valid-deref.i_8.smt2,SMTInterpol,True,0.6614340239902958,0.6614340239902958
ABV/20230321-UltimateAutomizerSvcomp2023/lcp.c_0.smt2,Bitwuzla,True,0.22261272510513663,0.22261272510513663
ABV/20230321-UltimateAutomizerSvcomp2023/ex3_forlist.i_362.smt2,Bitwuzla,True,0.2343393990304321,0.2343393990304321
ABV/20230321-UltimateAutomizerSvcomp2023/memleaks_test6_2.i_1.smt2,Bitwuzla,True,0.24110165401361883,0.24110165401361883
ABV/20230321-UltimateAutomizerSvcomp2023/dll_circular_traversal-2.i_18.smt2,Bitwuzla,True,0.24651943217031658,0.24651943217031658
ABV/20230321-UltimateAutomizerSvcomp2023/ex3_forlist.i_456.smt2,Bitwuzla,True,0.21737154386937618,0.21737154386937618
ABV/20230321-UltimateAutomizerSvcomp2023/sll2n_append_equal.i_83.smt2,Bitwuzla,True,0.23222548514604568,0.23222548514604568
ABV/20230321-UltimateAutomizerSvcomp2023/test-memleak_nexttime.i_298.smt2,Bitwuzla,True,0.22192506305873394,0.22192506305873394
ABV/20230321-UltimateAutomizerSvcomp2023/test_add-2.i_38.smt2,cvc5,True,0.2536007100716233,0.2536007100716233
ABV/20230321-UltimateAutomizerSvcomp2023/ex3_forlist.i_486.smt2,Bitwuzla,True,0.2487838410306722,0.2487838410306722
ABV/20230321-UltimateAutomizerSvcomp2023/ex3_forlist.i_10.smt2,Bitwuzla,True,0.22179429582320154,0.22179429582320154
ABV/20230321-UltimateAutomizerSvcomp2023/dll2n_append_unequal.i_10.smt2,Bitwuzla,True,0.21889805514365435,0.21889805514365435
ABV/20230321-UltimateAutomizerSvcomp2023/memleaks_test4-2.i_9.smt2,Bitwuzla,True,0.21380001702345908,0.21380001702345908
ABV/20230321-UltimateAutomizerSvcomp2023/memleaks_test18_3.i_24.smt2,Bitwuzla,True,0.2521978779695928,0.2521978779695928
ABV/20230321-UltimateAutomizerSvcomp2023/sll2c_insert_equal.i_40.smt2,Bitwuzla,True,0.24965985398739576,0.24965985398739576
ABV/20230321-UltimateAutomizerSvcomp2023/test-memleak_nexttime.i_411.smt2,Bitwuzla,True,0.2411765749566257,0.2411765749566257
ABV/20230321-UltimateAutomizerSvcomp2023/test-memleak_nexttime.i_135.smt2,Bitwuzla,True,0.2287378180772066,0.2287378180772066
ABV/20230321-UltimateAutomizerSvcomp2023/memleaks_test18_3.i_20.smt2,Bitwuzla,True,0.2181903610471636,0.2181903610471636
ABV/20230321-UltimateAutomizerSvcomp2023/test-0513_1.i_114.smt2,Bitwuzla,True,0.22692939406260848,0.22692939406260848
ABV/20230321-UltimateAutomizerSvcomp2023/sll-rb-sentinel-1.i_21.smt2,Bitwuzla,True,0.2226017399225384,0.2226017399225384
ABV/20230321-UltimateAutomizerSvcomp2023/sll2c_insert_equal.i_113.smt2,Bitwuzla,True,0.2437151181511581,0.2437151181511581
ABV/20230321-UltimateAutomizerSvcomp2023/sll2n_prepend_equal.i_58.smt2,Bitwuzla,True,0.22090608603321016,0.22090608603321016
ABV/20230321-UltimateAutomizerSvcomp2023/test_mutex.i_0.smt2,Bitwuzla,True,0.2446964168921113,0.2446964168921113
ABV/20230321-UltimateAutomizerSvcomp2023/list_search-2.i_26.smt2,Bitwuzla,True,0.2370978370308876,0.2370978370308876
ABV/20230321-UltimateAutomizerSvcomp2023/dll-token-1.i_29.smt2,Bitwuzla,True,0.25280550913885236,0.25280550913885236
ABV/20230321-UltimateAutomizerSvcomp2023/dll2c_insert_equal.i_5.smt2,Bitwuzla,True,0.2504132301546633,0.2504132301546633
ABV/20230321-UltimateAutomizerSvcomp2023/list_and_tree_cnstr-1.i_5.smt2,Bitwuzla,True,0.22096795891411602,0.22096795891411602
ABV/20230321-UltimateAutomizerSvcomp2023/simple-ext_1.i_2.smt2,Bitwuzla,True,0.2697257259860635,0.2697257259860635
ABV/20230321-UltimateAutomizerSvcomp2023/test-memleak_nexttime.i_501.smt2,Bitwuzla,True,0.21914157201536,0.21914157201536
ABV/20230321-UltimateAutomizerSvcomp2023/sll-token-2.i_33.smt2,Bitwuzla,True,0.27288534096442163,0.27288534096442163
ABV/20230321-UltimateAutomizerSvcomp2023/test-memleak_nexttime.i_203.smt2,Bitwuzla,True,0.23667272413149476,0.23667272413149476
ABV/20230321-UltimateAutomizerSvcomp2023/simple_search_value-2.i_37.smt2,Bitwuzla,True,0.24019695399329066,0.24019695399329066
ABV/20230321-UltimateAutomizerSvcomp2023/list-2.i_35.smt2,SMTInterpol,True,0.5279966280213557,0.5279966280213557
ABV/20230321-UltimateAutomizerSvcomp2023/ex3_forlist.i_130.smt2,Bitwuzla,True,0.23949601198546588,0.23949601198546588
ABV/20230321-UltimateAutomizerSvcomp2023/test-memleak_nexttime.i_220.smt2,Bitwuzla,True,0.22540733986534178,0.22540733986534178
ABV/20190429-UltimateAutomizerSvcomp2019/cs_time_var_mutex_true-unreach-call.i_1.smt2,Bitwuzla,True,0.23384669818915427,0.23384669818915427
ABV/20230321-UltimateAutomizerSvcomp2023/test-0513_1.i_112.smt2,Bitwuzla,True,0.22346449200995266,0.22346449200995266
ABV/20230321-UltimateAutomizerSvcomp2023/dll2n_update_all.i_1.smt2,Bitwuzla,True,0.2523775710724294,0.2523775710724294
ABV/20230321-UltimateAutomizerSvcomp2023/sll2c_prepend_unequal.i_50.smt2,Bitwuzla,True,0.2258885079063475,0.2258885079063475
ABV/20230321-UltimateAutomizerSvcomp2023/list-ext_1.i_19.smt2,SMTInterpol,True,0.5532414350309409,0.5532414350309409
ABV/20230321-UltimateAutomizerSvcomp2023/sum_array-2.i_32.smt2,Bitwuzla,True,0.22668372513726354,0.22668372513726354
ABV/20230321-UltimateAutomizerSvcomp2023/sll2c_insert_unequal.i_1.smt2,Bitwuzla,True,0.222451311070472,0.222451311070472
ABV/20230321-UltimateAutomizerSvcomp2023/dll_circular_traversal-2.i_9.smt2,Bitwuzla,True,0.2342476740013808,0.2342476740013808
ABV/20230321-UltimateAutomizerSvcomp2023/test-memleak_nexttime.i_165.smt2,Bitwuzla,True,0.21998830791562796,0.21998830791562796
ABV/20230321-UltimateAutomizerSvcomp2023/memleaks_test13.i_11.smt2,SMTInterpol,True,0.5121540360269137,0.5121540360269137
ABV/20230321-UltimateAutomizerSvcomp2023/sep20-1.i_0.smt2,Bitwuzla,True,0.23236235906369984,0.23236235906369984
ABV/20230321-UltimateAutomizerSvcomp2023/test_mutex_unbounded-1.i_30.smt2,Bitwuzla,True,0.2250225089956075,0.2250225089956075
ABV/20230321-UltimateAutomizerSvcomp2023/simple-ext_1.i_33.smt2,Bitwuzla,True,0.24738981504924595,0.24738981504924595
ABV/20230321-UltimateAutomizerSvcomp2023/test-memleak_nexttime.i_136.smt2,Bitwuzla,True,0.24092666804790497,0.24092666804790497
ABV/20230321-UltimateAutomizerSvcomp2023/sll2n_insert_unequal.i_58.smt2,Bitwuzla,True,0.2483352730050683,0.2483352730050683
ABV/20230321-UltimateAutomizerSvcomp2023/sll_to_dll_rev-1.i_29.smt2,Bitwuzla,True,0.2222578590735793,0.2222578590735793
ABV/20230321-UltimateAutomizerSvcomp2023/sll2c_insert_equal.i_154.smt2,Bitwuzla,True,0.25056004407815635,0.25056004407815635
ABV/20230321-UltimateAutomizerSvcomp2023/sll2n_insert_unequal.i_128.smt2,Bitwuzla,True,0.2336083131376654,0.2336083131376654
ABV/20230321-UltimateAutomizerSvcomp2023/list_search-1.i_10.smt2,Bitwuzla,True,0.22558663692325354,0.22558663692325354
ABV/20230321-UltimateAutomizerSvcomp2023/list-1.i_66.smt2,Bitwuzla,True,0.23609980405308306,0.23609980405308306
ABV/20230321-UltimateAutomizerSvcomp2023/simple_search_value-1.i_27.smt2,Bitwuzla,True,0.23497492214664817,0.23497492214664817
ABV/20230321-UltimateAutomizerSvcomp2023/test_mutex_unbounded-1.i_95.smt2,Bitwuzla,True,0.2209251169115305,0.2209251169115305
ABV/20230321-UltimateAutomizerSvcomp2023/test-memleak_nexttime.i_229.smt2,Bitwuzla,True,0.22584030590951443,0.22584030590951443
ABV/20230321-UltimateAutomizerSvcomp2023/test_mutex_unbounded-1.i_44.smt2,Bitwuzla,True,0.22105038608424366,0.22105038608424366
ABV/20230321-UltimateAutomizerSvcomp2023/memleaks_test4-2.i_18.smt2,Bitwuzla,True,0.2199857160449028,0.2199857160449028
ABV/20230321-UltimateAutomizerSvcomp2023/test-memleak_nexttime.i_571.smt2,Bitwuzla,True,0.23655356117524207,0.23655356117524207
ABV/20230321-UltimateAutomizerSvcomp2023/dll-reverse.i_4.smt2,Bitwuzla,True,0.24193894397467375,0.24193894397467375
ABV/20230321-UltimateAutomizerSvcomp2023/sll2n_remove_all.i_5.smt2,SMTInterpol,True,0.5814862970146351,0.5814862970146351
ABV/20230321-UltimateAutomizerSvcomp2023/split_list_test05-2.i_19.smt2,SMTInterpol,True,0.449790426006075,0.449790426006075
ABV/20230321-UltimateAutomizerSvcomp2023/dll-rb-cnstr_1-2.i_4.smt2,Bitwuzla,True,0.2573245749808848,0.2573245749808848
ABV/20190429-UltimateAutomizerSvcomp2019/cs_time_var_mutex_true-unreach-call.i_2.smt2,Bitwuzla,True,0.24112473288550973,0.24112473288550973
ABV/20230321-UltimateAutomizerSvcomp2023/sll2n_insert_unequal.i_113.smt2,Bitwuzla,True,0.25297440006397665,0.25297440006397665
ABV/20230321-UltimateAutomizerSvcomp2023/simple_search_value-2.i_54.smt2,Bitwuzla,True,0.24482338409870863,0.24482338409870863
ABV/20230321-UltimateAutomizerSvcomp2023/test-memleak_nexttime.i_74.smt2,Bitwuzla,True,0.2433105658274144,0.2433105658274144
ABV/20230321-UltimateAutomizerSvcomp2023/list-ext_flag.i_62.smt2,Bitwuzla,True,0.220529830083251,0.220529830083251
ABV/20230321-UltimateAutomizerSvcomp2023/test-memleak_nexttime.i_545.smt2,Bitwuzla,True,0.2544976039789617,0.2544976039789617
ABV/20230321-UltimateAutomizerSvcomp2023/test_mutex_unbounded-1.i_87.smt2,Bitwuzla,True,0.24159741587936878,0.24159741587936878
ABV/20230321-UltimateAutomizerSvcomp2023/dll2n_prepend_unequal.i_24.smt2,Bitwuzla,True,0.23446452291682363,0.23446452291682363
ABV/20230321-UltimateAutomizerSvcomp2023/test-memleak_nexttime.i_332.smt2,Bitwuzla,True,0.23317926586605608,0.23317926586605608
ABV/20190429-UltimateAutomizerSvcomp2019/dancing_true-unreach-call_false-valid-memtrack.i_13.smt2,Bitwuzla,True,0.23699397617019713,0.23699397617019713
ABV/20230321-UltimateAutomizerSvcomp2023/sll2c_insert_equal.i_108.smt2,Bitwuzla,True,0.2230582048650831,0.2230582048650831
ABV/20230321-UltimateAutomizerSvcomp2023/dll2c_insert_unequal.i_21.smt2,Bitwuzla,True,0.22195724002085626,0.22195724002085626
ABV/20230321-UltimateAutomizerSvcomp2023/dll-rb-cnstr_1-2.i_1.smt2,Bitwuzla,True,0.2557587439659983,0.2557587439659983
ABV/20230321-UltimateAutomizerSvcomp2023/memleaks_test6.i_10.smt2,SMTInterpol,True,0.5008871320169419,0.5008871320169419
ABV/20230321-UltimateAutomizerSvcomp2023/ex3_forlist.i_314.smt2,Bitwuzla,True,0.22564351395703852,0.22564351395703852
ABV/20230321-UltimateAutomizerSvcomp2023/sll2n_insert_unequal.i_84.smt2,Bitwuzla,True,0.22482750704512,0.22482750704512
ABV/20230321-UltimateAutomizerSvcomp2023/sll2c_insert_equal.i_117.smt2,Bitwuzla,True,0.22504655783995986,0.22504655783995986
ABV/20230321-UltimateAutomizerSvcomp2023/sll2c_insert_equal.i_26.smt2,Bitwuzla,True,0.2772981689777225,0.2772981689777225
ABV/20230321-UltimateAutomizerSvcomp2023/complex_data_creation_test01-1.i_10.smt2,Bitwuzla,True,0.2617031531408429,0.2617031531408429
ABV/20230321-UltimateAutomizerSvcomp2023/dll_of_dll-2.i_70.smt2,Bitwuzla,True,0.2793651199899614,0.2793651199899614
ABV/20230321-UltimateAutomizerSvcomp2023/sll-rb-sentinel-2.i_7.smt2,Bitwuzla,True,0.3180104580242187,0.3180104580242187
ABV/20230321-UltimateAutomizerSvcomp2023/dll2n_update_all.i_17.smt2,Bitwuzla,True,0.24259572196751833,0.24259572196751833
ABV/20230321-UltimateAutomizerSvcomp2023/ex3_forlist.i_396.smt2,Bitwuzla,True,0.2355604988988489,0.2355604988988489
ABV/20230321-UltimateAutomizerSvcomp2023/test_mutex_unbounded-2.i_24.smt2,Bitwuzla,True,0.22682084911502898,0.22682084911502898
ABV/20230321-UltimateAutomizerSvcomp2023/memleaks_test6_2.i_26.smt2,Bitwuzla,True,0.24754805699922144,0.24754805699922144
ABV/20230321-UltimateAutomizerSvcomp2023/dll_of_dll-1.i_62.smt2,Bitwuzla,True,0.24482712103053927,0.24482712103053927
ABV/20230321-UltimateAutomizerSvcomp2023/sll_circular_traversal-2.i_0.smt2,Bitwuzla,True,0.2566019231453538,0.2566019231453538
ABV/20230321-UltimateAutomizerSvcomp2023/ex3_forlist.i_141.smt2,Bitwuzla,True,0.2497216339688748,0.2497216339688748
ABV/20230321-UltimateAutomizerSvcomp2023/test-memleak_nexttime.i_7.smt2,Bitwuzla,True,0.29936270182952285,0.29936270182952285
ABV/20230321-UltimateAutomizerSvcomp2023/test-memleak_nexttime.i_226.smt2,SMTInterpol,True,0.5956740830442868,0.5956740830442868
ABV/20230321-UltimateAutomizerSvcomp2023/sll2c_insert_unequal.i_74.smt2,Bitwuzla,True,0.22394010401330888,0.22394010401330888
ABV/20230321-UltimateAutomizerSvcomp2023/memleaks_test18_3.i_35.smt2,Bitwuzla,True,0.24338711705058813,0.24338711705058813
ABV/20230321-UltimateAutomizerSvcomp2023/sll2n_prepend_equal.i_39.smt2,Bitwuzla,True,0.2305113640613854,0.2305113640613854
ABV/20230321-UltimateAutomizerSvcomp2023/sll2c_insert_equal.i_57.smt2,Bitwuzla,True,0.2228269181214273,0.2228269181214273
ABV/20230321-UltimateAutomizerSvcomp2023/ex3_forlist.i_469.smt2,Bitwuzla,True,0.21821532305330038,0.21821532305330038
ABV/20230321-UltimateAutomizerSvcomp2023/bubble_sort_linux-2.i_59.smt2,Bitwuzla,True,0.2673315431457013,0.2673315431457013
ABV/20230321-UltimateAutomizerSvcomp2023/packet_filter.i_9.smt2,Bitwuzla,True,0.2598136579617858,0.2598136579617858
ABV/20230321-UltimateAutomizerSvcomp2023/ex3_forlist.i_224.smt2,Bitwuzla,True,0.2288183239288628,0.2288183239288628
ABV/20230321-UltimateAutomizerSvcomp2023/memleaks_test18_3.i_15.smt2,Bitwuzla,True,0.23576518218033016,0.23576518218033016
ABV/20230321-UltimateAutomizerSvcomp2023/test-0513_1.i_110.smt2,Bitwuzla,True,0.24396882695145905,0.24396882695145905
ABV/20230321-UltimateAutomizerSvcomp2023/sll2n_insert_unequal.i_52.smt2,Bitwuzla,True,0.24777012411504984,0.24777012411504984
ABV/20230321-UltimateAutomizerSvcomp2023/list-ext_flag.i_77.smt2,Bitwuzla,True,0.27353786397725344,0.27353786397725344
ABV/20230321-UltimateAutomizerSvcomp2023/sll2n_insert_unequal.i_127.smt2,Bitwuzla,True,0.24331917404197156,0.24331917404197156
ABV/20230321-UltimateAutomizerSvcomp2023/dll2n_prepend_unequal.i_25.smt2,Bitwuzla,True,0.222900748020038,0.222900748020038
ABV/20230321-UltimateAutomizerSvcomp2023/dll2c_update_all.i_81.smt2,Bitwuzla,True,0.22616970515809953,0.22616970515809953
ABV/20230321-UltimateAutomizerSvcomp2023/ex3_forlist.i_263.smt2,Bitwuzla,True,0.21901088301092386,0.21901088301092386
ABV/20230321-UltimateAutomizerSvcomp2023/sll2c_prepend_unequal.i_7.smt2,Bitwuzla,True,0.220312116201967,0.220312116201967
ABV/20230321-UltimateAutomizerSvcomp2023/sll-rb-sentinel-1.i_1.smt2,Bitwuzla,True,0.2385094810742885,0.2385094810742885
ABV/20230321-UltimateAutomizerSvcomp2023/dll2c_append_unequal.i_18.smt2,Bitwuzla,True,0.23236619890667498,0.23236619890667498
ABV/20230321-UltimateAutomizerSvcomp2023/sll2n_insert_unequal.i_203.smt2,Bitwuzla,True,0.24971362785436213,0.24971362785436213
ABV/20230321-UltimateAutomizerSvcomp2023/test_mutex_unbounded-2.i_4.smt2,Bitwuzla,True,0.22349516185931861,0.22349516185931861
ABV/20230321-UltimateAutomizerSvcomp2023/list-ext_flag_1.i_78.smt2,Bitwuzla,True,0.22662365599535406,0.22662365599535406
ABV/20230321-UltimateAutomizerSvcomp2023/sll2c_prepend_unequal.i_33.smt2,Bitwuzla,True,0.2448820669669658,0.2448820669669658
ABV/20230321-UltimateAutomizerSvcomp2023/sll2n_append_equal.i_12.smt2,Bitwuzla,True,0.22388568008318543,0.22388568008318543
ABV/20230321-UltimateAutomizerSvcomp2023/sll2n_update_all_reverse.i_2.smt2,Bitwuzla,True,0.24964964715763927,0.24964964715763927
ABV/20190429-UltimateAutomizerSvcomp2019/dll_of_dll_true-unreach-call_true-valid-memsafety.i_13.smt2,Bitwuzla,True,0.2385783540084958,0.2385783540084958
ABV/20230321-UltimateAutomizerSvcomp2023/test_mutex.i_33.smt2,Bitwuzla,True,0.23668593098409474,0.23668593098409474
ABV/20230321-UltimateAutomizerSvcomp2023/simple-2.i_5.smt2,Bitwuzla,True,0.2386710790451616,0.2386710790451616
ABV/20230321-UltimateAutomizerSvcomp2023/list-ext_flag.i_109.smt2,Bitwuzla,True,0.22337624803185463,0.22337624803185463
ABV/20230321-UltimateAutomizerSvcomp2023/list-ext_flag_1.i_95.smt2,Bitwuzla,True,0.252879295963794,0.252879295963794
ABV/20230321-UltimateAutomizerSvcomp2023/alternating_list-1.i_23.smt2,Bitwuzla,True,0.24311131215654314,0.24311131215654314
ABV/20230321-UltimateAutomizerSvcomp2023/ex3_forlist.i_4.smt2,Bitwuzla,True,0.22292649582959712,0.22292649582959712
ABV/20230321-UltimateAutomizerSvcomp2023/memleaks_test13.i_14.smt2,SMTInterpol,True,0.5053955320036039,0.5053955320036039
ABV/20230321-UltimateAutomizerSvcomp2023/test_mutex_unbounded-2.i_91.smt2,Bitwuzla,True,0.21979920007288456,0.21979920007288456
ABV/20230321-UltimateAutomizerSvcomp2023/test-0513_1.i_90.smt2,Bitwuzla,True,0.2286990899592638,0.2286990899592638
ABV/20230321-UltimateAutomizerSvcomp2023/ex3_forlist.i_341.smt2,Bitwuzla,True,0.2282026531174779,0.2282026531174779
ABV/20230321-UltimateAutomizerSvcomp2023/test_mutex_unbounded-1.i_91.smt2,Bitwuzla,True,0.23185164900496602,0.23185164900496602
ABV/20230321-UltimateAutomizerSvcomp2023/sll_to_dll_rev-1.i_57.smt2,Bitwuzla,True,0.2455721062142402,0.2455721062142402
ABV/20230321-UltimateAutomizerSvcomp2023/sll-rb-sentinel-1.i_6.smt2,Bitwuzla,True,0.22153125004842877,0.22153125004842877
ABV/20230321-UltimateAutomizerSvcomp2023/sll_to_dll_rev-1.i_27.smt2,Bitwuzla,True,0.22652734885923564,0.22652734885923564
ABV/20230321-UltimateAutomizerSvcomp2023/sll_circular_traversal-2.i_31.smt2,SMTInterpol,True,0.4959026169963181,0.4959026169963181
ABV/20230321-UltimateAutomizerSvcomp2023/dll_of_dll-1.i_178.smt2,SMTInterpol,True,0.5656450249953195,0.5656450249953195
ABV/20230321-UltimateAutomizerSvcomp2023/sll2c_prepend_unequal.i_46.smt2,Bitwuzla,True,0.22026280197314918,0.22026280197314918
ABV/20230321-UltimateAutomizerSvcomp2023/test-memleak_nexttime.i_347.smt2,Bitwuzla,True,0.23316339892335236,0.23316339892335236
ABV/20230321-UltimateAutomizerSvcomp2023/sll2n_insert_unequal.i_69.smt2,Bitwuzla,True,0.22800437593832612,0.22800437593832612
ABV/20230321-UltimateAutomizerSvcomp2023/list-ext_flag_1.i_101.smt2,Bitwuzla,True,0.25792434997856617,0.25792434997856617
ABV/20230321-UltimateAutomizerSvcomp2023/test-memleak_nexttime.i_240.smt2,Bitwuzla,True,0.22395775001496077,0.22395775001496077
ABV/20230321-UltimateAutomizerSvcomp2023/dll_of_dll-2.i_45.smt2,Bitwuzla,True,0.2402596538886428,0.2402596538886428
ABV/20230321-UltimateAutomizerSvcomp2023/optional_data_creation_test04-1.i_20.smt2,Bitwuzla,True,0.23604605300351977,0.23604605300351977
ABV/20190429-UltimateAutomizerSvcomp2019/splice_true-unreach-call_false-valid-memtrack.i_9.smt2,Bitwuzla,True,4.159838725114241,4.159838725114241
ABV/20230321-UltimateAutomizerSvcomp2023/memleaks_test15-2.i_9.smt2,SMTInterpol,True,0.49409296904923394,0.49409296904923394
ABV/20230321-UltimateAutomizerSvcomp2023/sll-rb-sentinel-1.i_32.smt2,Bitwuzla,True,0.23317834711633623,0.23317834711633623
ABV/20230321-UltimateAutomizerSvcomp2023/sll2c_insert_equal.i_17.smt2,Bitwuzla,True,0.25560171785764396,0.25560171785764396
ABV/20230321-UltimateAutomizerSvcomp2023/duplets.c_0.smt2,Bitwuzla,True,0.22168015502393246,0.22168015502393246
ABV/20230321-UltimateAutomizerSvcomp2023/list-ext_1.i_1.smt2,Bitwuzla,True,0.22008947213180363,0.22008947213180363
ABV/20230321-UltimateAutomizerSvcomp2023/test-memleak_nexttime.i_467.smt2,Bitwuzla,True,0.23765627201646566,0.23765627201646566
ABV/20230321-UltimateAutomizerSvcomp2023/sll2c_remove_all.i_11.smt2,Bitwuzla,True,0.26032347814179957,0.26032347814179957
ABV/20230321-UltimateAutomizerSvcomp2023/dll2c_update_all_reverse.i_40.smt2,Bitwuzla,True,0.22025785711593926,0.22025785711593926
ABV/20230321-UltimateAutomizerSvcomp2023/dll2c_update_all.i_4.smt2,Bitwuzla,True,0.22090535098686814,0.22090535098686814
ABV/20190429-UltimateAutomizerSvcomp2019/list_true-unreach-call_false-valid-memtrack.i_1.smt2,Bitwuzla,True,0.2656254640314728,0.2656254640314728
ABV/20230321-UltimateAutomizerSvcomp2023/merge_sort-2.i_1.smt2,Bitwuzla,True,0.24644695594906807,0.24644695594906807
ABV/20230321-UltimateAutomizerSvcomp2023/sll_circular_traversal-1.i_3.smt2,Bitwuzla,True,0.22734736697748303,0.22734736697748303
ABV/20230321-UltimateAutomizerSvcomp2023/sll2c_insert_equal.i_16.smt2,Bitwuzla,True,0.223585263825953,0.223585263825953
ABV/20230321-UltimateAutomizerSvcomp2023/test-0102-1.i_11.smt2,SMTInterpol,True,0.5154989400180057,0.5154989400180057
ABV/20230321-UltimateAutomizerSvcomp2023/split_list_test05-2.i_18.smt2,SMTInterpol,True,0.4706805009627715,0.4706805009627715
ABV/20230321-UltimateAutomizerSvcomp2023/memleaks_test1-3.i_2.smt2,Bitwuzla,True,0.226789440959692,0.226789440959692
ABV/20230321-UltimateAutomizerSvcomp2023/memleaks_test19-1.i_8.smt2,Bitwuzla,True,0.23447676305659115,0.23447676305659115
ABV/20190429-UltimateAutomizerSvcomp2019/alternating_list_true-unreach-call_true-valid-memsafety.i_12.smt2,Bitwuzla,True,2.773124999832362,2.773124999832362
ABV/20230321-UltimateAutomizerSvcomp2023/simple_search_value-1.i_64.smt2,Bitwuzla,True,0.22970805712975562,0.22970805712975562
ABV/20230321-UltimateAutomizerSvcomp2023/simple_search_value-2.i_20.smt2,Bitwuzla,True,0.21798025513999164,0.21798025513999164
ABV/20230321-UltimateAutomizerSvcomp2023/test-0513_1.i_57.smt2,SMTInterpol,True,0.544680099003017,0.544680099003017
ABV/20230321-UltimateAutomizerSvcomp2023/ex3_forlist.i_32.smt2,Bitwuzla,True,0.25321162887848914,0.25321162887848914
ABV/20230321-UltimateAutomizerSvcomp2023/sll_to_dll_rev-1.i_6.smt2,Bitwuzla,True,0.2358069729525596,0.2358069729525596
ABV/20230321-UltimateAutomizerSvcomp2023/sll2n_append_unequal.i_33.smt2,Bitwuzla,True,0.3156021849717945,0.3156021849717945
ABV/20230321-UltimateAutomizerSvcomp2023/dll2n_append_equal.i_9.smt2,Bitwuzla,True,0.22571655409410596,0.22571655409410596
ABV/20230321-UltimateAutomizerSvcomp2023/test_mutex_unbounded-1.i_75.smt2,Bitwuzla,True,0.27706328802742064,0.27706328802742064
ABV/20230321-UltimateAutomizerSvcomp2023/ex3_forlist.i_39.smt2,Bitwuzla,True,0.2494685889687389,0.2494685889687389
ABV/20230321-UltimateAutomizerSvcomp2023/sll2c_insert_equal.i_21.smt2,Bitwuzla,True,0.24992422596551478,0.24992422596551478
ABV/20230321-UltimateAutomizerSvcomp2023/sll-rb-sentinel-1.i_30.smt2,Bitwuzla,True,0.21993291494436562,0.21993291494436562
ABV/20230321-UltimateAutomizerSvcomp2023/test_mutex.i_36.smt2,Bitwuzla,True,0.2524025388993323,0.2524025388993323
ABV/20230321-UltimateAutomizerSvcomp2023/simple_search_value-2.i_111.smt2,Bitwuzla,True,0.23152025300078094,0.23152025300078094
ABV/20230321-UltimateAutomizerSvcomp2023/memleaks_test16.i_0.smt2,SMTInterpol,True,0.4673452859860845,0.4673452859860845
ABV/20230321-UltimateAutomizerSvcomp2023/sll2n_update_all.i_110.smt2,SMTInterpol,True,0.6553433380322531,0.6553433380322531
ABV/20230321-UltimateAutomizerSvcomp2023/sll-token-2.i_35.smt2,Bitwuzla,True,0.2705062909517437,0.2705062909517437
ABV/20230321-UltimateAutomizerSvcomp2023/test-memleak_nexttime.i_40.smt2,Bitwuzla,True,0.24514707108028233,0.24514707108028233
ABV/20230321-UltimateAutomizerSvcomp2023/sll2n_insert_unequal.i_126.smt2,Bitwuzla,True,0.251007909886539,0.251007909886539
ABV/20230321-UltimateAutomizerSvcomp2023/sll2n_insert_unequal.i_237.smt2,Bitwuzla,True,0.22864361596293747,0.22864361596293747
ABV/20230321-UltimateAutomizerSvcomp2023/sll2c_prepend_unequal.i_18.smt2,Bitwuzla,True,0.25348955509252846,0.25348955509252846
ABV/20230321-UltimateAutomizerSvcomp2023/sll2c_prepend_unequal.i_59.smt2,Bitwuzla,True,0.23296570591628551,0.23296570591628551
ABV/20230321-UltimateAutomizerSvcomp2023/splice-2.i_64.smt2,Bitwuzla,True,0.22572920308448374,0.22572920308448374
ABV/20230321-UltimateAutomizerSvcomp2023/test_mutex_unbounded-2.i_92.smt2,Bitwuzla,True,0.22149632312357426,0.22149632312357426
ABV/20230321-UltimateAutomizerSvcomp2023/optional_data_creation_test04-1.i_5.smt2,Bitwuzla,True,0.23536354186944664,0.23536354186944664
ABV/20230321-UltimateAutomizerSvcomp2023/ex3_forlist.i_342.smt2,Bitwuzla,True,0.2485337508842349,0.2485337508842349
ABV/20230321-UltimateAutomizerSvcomp2023/sll2n_append_equal.i_71.smt2,Bitwuzla,True,0.2567220951896161,0.2567220951896161
ABV/20230321-UltimateAutomizerSvcomp2023/memleaks_test17_3.i_4.smt2,SMTInterpol,True,0.47964253497775644,0.47964253497775644
ABV/20190429-UltimateAutomizerSvcomp2019/standard_running_true-unreach-call.i_12.smt2,SMTInterpol,True,0.5766288670129143,0.5766288670129143
ABV/20230321-UltimateAutomizerSvcomp2023/list_search-1.i_2.smt2,Bitwuzla,True,0.22073707007803023,0.22073707007803023
ABV/20230321-UltimateAutomizerSvcomp2023/ex3_forlist.i_518.smt2,Bitwuzla,True,0.24548283382318914,0.24548283382318914
ABV/20230321-UltimateAutomizerSvcomp2023/memleaks_test12-1.i_20.smt2,Bitwuzla,True,0.23602464399300516,0.23602464399300516
ABV/20230321-UltimateAutomizerSvcomp2023/sll2c_insert_equal.i_161.smt2,Bitwuzla,True,0.2227412520442158,0.2227412520442158
ABV/20230321-UltimateAutomizerSvcomp2023/dll2c_update_all.i_82.smt2,Bitwuzla,True,0.2263496839441359,0.2263496839441359
ABV/20230321-UltimateAutomizerSvcomp2023/sll2c_insert_equal.i_143.smt2,Bitwuzla,True,0.23429524898529053,0.23429524898529053
ABV/20230321-UltimateAutomizerSvcomp2023/split_list_test05-2.i_14.smt2,Bitwuzla,True,0.22836840595118701,0.22836840595118701
ABV/20230321-UltimateAutomizerSvcomp2023/calendar.i_8.smt2,Bitwuzla,True,0.21969096502289176,0.21969096502289176
ABV/20230321-UltimateAutomizerSvcomp2023/sll2n_update_all_reverse.i_17.smt2,Bitwuzla,True,0.22121385810896754,0.22121385810896754
ABV/20230321-UltimateAutomizerSvcomp2023/sll_to_dll_rev-1.i_10.smt2,Bitwuzla,True,0.23192497808486223,0.23192497808486223
ABV/20230321-UltimateAutomizerSvcomp2023/bubble_sort_linux-2.i_106.smt2,Bitwuzla,True,0.22192740417085588,0.22192740417085588
ABV/20230321-UltimateAutomizerSvcomp2023/list_search-1.i_11.smt2,Bitwuzla,True,0.24703912297263741,0.24703912297263741
ABV/20230321-UltimateAutomizerSvcomp2023/ex3_forlist.i_47.smt2,Bitwuzla,True,0.23446549801155925,0.23446549801155925
ABV/20230321-UltimateAutomizerSvcomp2023/test-memleak_nexttime.i_423.smt2,Bitwuzla,True,0.23282720218412578,0.23282720218412578
ABV/20230321-UltimateAutomizerSvcomp2023/list-ext_flag.i_32.smt2,Bitwuzla,True,0.21731654810719192,0.21731654810719192
ABV/20230321-UltimateAutomizerSvcomp2023/sll_to_dll_rev-2.i_79.smt2,Bitwuzla,True,0.2577988200355321,0.2577988200355321
ABV/20230321-UltimateAutomizerSvcomp2023/test-memleak_nexttime.i_419.smt2,Bitwuzla,True,0.22862798906862736,0.22862798906862736
ABV/20230321-UltimateAutomizerSvcomp2023/test-0134.i_10.smt2,Bitwuzla,True,0.25032338686287403,0.25032338686287403
ABV/20230321-UltimateAutomizerSvcomp2023/test-memleak_nexttime.i_569.smt2,Bitwuzla,True,0.21896291780285537,0.21896291780285537
ABV/20230321-UltimateAutomizerSvcomp2023/sll2n_append_equal.i_81.smt2,Bitwuzla,True,0.2521426558960229,0.2521426558960229
ABV/20230321-UltimateAutomizerSvcomp2023/ex3_forlist.i_273.smt2,Bitwuzla,True,0.21794196497648954,0.21794196497648954
ABV/20230321-UltimateAutomizerSvcomp2023/ex3_forlist.i_320.smt2,Bitwuzla,True,0.22735651512630284,0.22735651512630284
ABV/20230321-UltimateAutomizerSvcomp2023/test-0134.i_35.smt2,Bitwuzla,True,0.24663249589502811,0.24663249589502811
ABV/20230321-UltimateAutomizerSvcomp2023/test-memleak_nexttime.i_446.smt2,Bitwuzla,True,0.23386704199947417,0.23386704199947417
ABV/20230321-UltimateAutomizerSvcomp2023/sll2n_insert_unequal.i_157.smt2,Bitwuzla,True,0.25805554096587,0.25805554096587
ABV/20230321-UltimateAutomizerSvcomp2023/test-memleak_nexttime.i_378.smt2,Bitwuzla,True,0.2260815119370818,0.2260815119370818
ABV/20230321-UltimateAutomizerSvcomp2023/ex3_forlist.i_343.smt2,Bitwuzla,True,0.2296796201262623,0.2296796201262623
ABV/20230321-UltimateAutomizerSvcomp2023/memleaks_test1-3.i_3.smt2,SMTInterpol,True,0.5269903379958123,0.5269903379958123
ABV/20230321-UltimateAutomizerSvcomp2023/hash_fun.i_7.smt2,Bitwuzla,True,0.2627727228682488,0.2627727228682488
ABV/20190429-UltimateAutomizerSvcomp2019/sll-rb-sentinel_false-unreach-call_false-valid-memcleanup.i_5.smt2,Bitwuzla,True,0.2416019879747182,0.2416019879747182
ABV/20230321-UltimateAutomizerSvcomp2023/complex_data_creation_test01-1.i_2.smt2,SMTInterpol,True,0.47703702899161726,0.47703702899161726
ABV/20230321-UltimateAutomizerSvcomp2023/sll-rb-sentinel-1.i_54.smt2,Bitwuzla,True,0.24072552798315883,0.24072552798315883
ABV/20230321-UltimateAutomizerSvcomp2023/simple_search_value-1.i_76.smt2,Bitwuzla,True,0.21916162595152855,0.21916162595152855
ABV/20230321-UltimateAutomizerSvcomp2023/test-0137.i_25.smt2,Bitwuzla,True,0.24910714197903872,0.24910714197903872
ABV/20230321-UltimateAutomizerSvcomp2023/sll2n_insert_unequal.i_51.smt2,Bitwuzla,True,0.23465665196999907,0.23465665196999907
ABV/20230321-UltimateAutomizerSvcomp2023/test-memleak_nexttime.i_458.smt2,Bitwuzla,True,0.22039476898498833,0.22039476898498833
ABV/20190429-UltimateAutomizerSvcomp2019/list-ext_flag_false-unreach-call_false-valid-deref.i_1.smt2,Bitwuzla,True,0.23239299096167088,0.23239299096167088
ABV/20230321-UltimateAutomizerSvcomp2023/test_mutex_unbounded-1.i_99.smt2,Bitwuzla,True,0.24045235919766128,0.24045235919766128
ABV/20230321-UltimateAutomizerSvcomp2023/test-memleak_nexttime.i_193.smt2,SMTInterpol,True,0.5777413489995524,0.5777413489995524
ABV/20230321-UltimateAutomizerSvcomp2023/dancing.i_18.smt2,Bitwuzla,True,0.22722459491342306,0.22722459491342306
ABV/20230321-UltimateAutomizerSvcomp2023/ex3_forlist.i_597.smt2,Bitwuzla,True,0.2230321941897273,0.2230321941897273
ABV/20230321-UltimateAutomizerSvcomp2023/memleaks_test13.i_32.smt2,SMTInterpol,True,0.5102411140105687,0.5102411140105687
ABV/20230321-UltimateAutomizerSvcomp2023/test_mutex_unlock_at_exit.i_0.smt2,Bitwuzla,True,0.2561242689844221,0.2561242689844221
ABV/20230321-UltimateAutomizerSvcomp2023/ex3_forlist.i_282.smt2,Bitwuzla,True,0.22158417711034417,0.22158417711034417
ABV/20230321-UltimateAutomizerSvcomp2023/memleaks_test13_2.i_59.smt2,SMTInterpol,True,0.508879634027835,0.508879634027835
ABV/20230321-UltimateAutomizerSvcomp2023/memleaks_test13_2.i_27.smt2,SMTInterpol,True,0.5252509870333597,0.5252509870333597
ABV/20230321-UltimateAutomizerSvcomp2023/list-ext_1.i_17.smt2,Bitwuzla,True,0.22430454287678003,0.22430454287678003
ABV/20230321-UltimateAutomizerSvcomp2023/list_flag-2.i_29.smt2,Bitwuzla,True,0.26040948391892016,0.26040948391892016
ABV/20230321-UltimateAutomizerSvcomp2023/dll2n_append_unequal.i_9.smt2,Bitwuzla,True,0.2190762108657509,0.2190762108657509
ABV/20230321-UltimateAutomizerSvcomp2023/list-ext_flag.i_16.smt2,Bitwuzla,True,0.23286715312860906,0.23286715312860906
ABV/20230321-UltimateAutomizerSvcomp2023/sll-optional-1.i_3.smt2,Bitwuzla,True,0.3698346531018615,0.3698346531018615
ABV/20230321-UltimateAutomizerSvcomp2023/memleaks_test15-2.i_7.smt2,Bitwuzla,True,0.2338464600034058,0.2338464600034058
ABV/20230321-UltimateAutomizerSvcomp2023/memleaks_test17_1-1.i_2.smt2,Bitwuzla,True,0.26399739319458604,0.26399739319458604
ABV/20230321-UltimateAutomizerSvcomp2023/complex_data_creation_test02-2.i_11.smt2,Bitwuzla,True,0.2438703910447657,0.2438703910447657
ABV/20230321-UltimateAutomizerSvcomp2023/dll-token-1.i_9.smt2,Bitwuzla,True,0.23869531298987567,0.23869531298987567
ABV/20230321-UltimateAutomizerSvcomp2023/test_mutex_unbounded-1.i_77.smt2,Bitwuzla,True,0.2202187159564346,0.2202187159564346
ABV/20230321-UltimateAutomizerSvcomp2023/test-memleak_nexttime.i_157.smt2,Bitwuzla,True,0.22198595595546067,0.22198595595546067
ABV/20230321-UltimateAutomizerSvcomp2023/bubble_sort_linux-2.i_35.smt2,Bitwuzla,True,0.24781850003637373,0.24781850003637373
ABV/20190429-UltimateAutomizerSvcomp2019/list_search_false-unreach-call_false-valid-memcleanup.i_2.smt2,Bitwuzla,True,0.22051292401738465,0.22051292401738465
ABV/20230321-UltimateAutomizerSvcomp2023/sll2c_insert_equal.i_37.smt2,Bitwuzla,True,0.22389816213399172,0.22389816213399172
ABV/20230321-UltimateAutomizerSvcomp2023/memleaks_test18.i_1.smt2,Bitwuzla,True,0.23635821603238583,0.23635821603238583
ABV/20230321-UltimateAutomizerSvcomp2023/ex3_forlist.i_475.smt2,Bitwuzla,True,0.22461726609617472,0.22461726609617472
ABV/20230321-UltimateAutomizerSvcomp2023/ex3_forlist.i_184.smt2,Bitwuzla,True,0.22013608599081635,0.22013608599081635
ABV/20230321-UltimateAutomizerSvcomp2023/bubble_sort_linux-2.i_114.smt2,Bitwuzla,True,0.24187582707963884,0.24187582707963884
ABV/20230321-UltimateAutomizerSvcomp2023/list-ext_flag_1.i_92.smt2,Bitwuzla,True,38.799074445152655,38.799074445152655
ABV/20230321-UltimateAutomizerSvcomp2023/test_mutex_unbounded-1.i_56.smt2,Bitwuzla,True,0.22570112510584295,0.22570112510584295
ABV/20230321-UltimateAutomizerSvcomp2023/test-memleak_nexttime.i_171.smt2,Bitwuzla,True,0.2675886901561171,0.2675886901561171
ABV/20230321-UltimateAutomizerSvcomp2023/split_list_test05-2.i_16.smt2,SMTInterpol,True,0.5210432940511964,0.5210432940511964
ABV/20230321-UltimateAutomizerSvcomp2023/test-0521.i_0.smt2,SMTInterpol,True,0.46115832799114287,0.46115832799114287
ABV/20230321-UltimateAutomizerSvcomp2023/sll-rb-sentinel-1.i_52.smt2,Bitwuzla,True,0.2200431718956679,0.2200431718956679
ABV/20230321-UltimateAutomizerSvcomp2023/ex3_forlist.i_266.smt2,Bitwuzla,True,0.24956678203307092,0.24956678203307092
ABV/20230321-UltimateAutomizerSvcomp2023/memleaks_test6_2.i_20.smt2,SMTInterpol,True,0.5068370130029507,0.5068370130029507
ABV/20230321-UltimateAutomizerSvcomp2023/ex3_forlist.i_371.smt2,Bitwuzla,True,0.2667051278986037,0.2667051278986037
ABV/20230321-UltimateAutomizerSvcomp2023/sll2c_insert_equal.i_78.smt2,Bitwuzla,True,0.22375394706614316,0.22375394706614316
ABV/20230321-UltimateAutomizerSvcomp2023/test-0102-1.i_0.smt2,Bitwuzla,True,0.25068812910467386,0.25068812910467386
ABV/20230321-UltimateAutomizerSvcomp2023/list_search-1.i_37.smt2,Bitwuzla,True,0.25550432805903256,0.25550432805903256
ABV/20230321-UltimateAutomizerSvcomp2023/test_mutex.i_11.smt2,Bitwuzla,True,0.25926699908450246,0.25926699908450246
ABV/20230321-UltimateAutomizerSvcomp2023/ex3_forlist.i_55.smt2,Bitwuzla,True,0.2196689029224217,0.2196689029224217
ABV/20230321-UltimateAutomizerSvcomp2023/test-memleak_nexttime.i_475.smt2,Bitwuzla,True,0.22432900313287973,0.22432900313287973
ABV/20230321-UltimateAutomizerSvcomp2023/sll2c_insert_equal.i_71.smt2,Bitwuzla,True,0.26291307411156595,0.26291307411156595
ABV/20230321-UltimateAutomizerSvcomp2023/splice-2.i_23.smt2,Bitwuzla,True,0.22284253989346325,0.22284253989346325
ABV/20230321-UltimateAutomizerSvcomp2023/sll_circular_traversal-1.i_45.smt2,Bitwuzla,True,0.22982481308281422,0.22982481308281422
ABV/20230321-UltimateAutomizerSvcomp2023/test_mutex_unbounded-1.i_93.smt2,Bitwuzla,True,0.23823760100640357,0.23823760100640357
ABV/20230321-UltimateAutomizerSvcomp2023/complex_data_creation_test02-2.i_2.smt2,SMTInterpol,True,0.5195995730464347,0.5195995730464347
ABV/20230321-UltimateAutomizerSvcomp2023/sll-rb-sentinel-1.i_58.smt2,Bitwuzla,True,0.2414976020809263,0.2414976020809263
ABV/20230321-UltimateAutomizerSvcomp2023/memleaks_test6_2.i_4.smt2,SMTInterpol,True,0.5162970300298184,0.5162970300298184
ABV/20230321-UltimateAutomizerSvcomp2023/ex3_forlist.i_433.smt2,Bitwuzla,True,0.24937925999984145,0.24937925999984145
ABV/20230321-UltimateAutomizerSvcomp2023/test-0134.i_43.smt2,Bitwuzla,True,0.24972611898556352,0.24972611898556352
ABV/20230321-UltimateAutomizerSvcomp2023/dll2n_append_unequal.i_41.smt2,Bitwuzla,True,0.2416667949873954,0.2416667949873954
ABV/20230321-UltimateAutomizerSvcomp2023/memleaks_test13_2.i_60.smt2,SMTInterpol,True,0.5688962030108087,0.5688962030108087
ABV/20230321-UltimateAutomizerSvcomp2023/ex3_forlist.i_376.smt2,Bitwuzla,True,0.24827942391857505,0.24827942391857505
ABV/20230321-UltimateAutomizerSvcomp2023/sll2c_prepend_equal.i_3.smt2,Bitwuzla,True,0.2438504828605801,0.2438504828605801
ABV/20230321-UltimateAutomizerSvcomp2023/elimination_max_rec.c_4.smt2,SMTInterpol,True,0.4708640149910934,0.4708640149910934
ABV/20230321-UltimateAutomizerSvcomp2023/test_add-2.i_25.smt2,Bitwuzla,True,0.26345115387812257,0.26345115387812257
ABV/20230321-UltimateAutomizerSvcomp2023/sep05-2.i_2.smt2,SMTInterpol,True,0.9604080650024116,0.9604080650024116
ABV/20230321-UltimateAutomizerSvcomp2023/sll2n_insert_equal.i_94.smt2,Bitwuzla,True,0.22930925898253918,0.22930925898253918
ABV/20230321-UltimateAutomizerSvcomp2023/bubble_sort_linux-2.i_72.smt2,Bitwuzla,True,0.24792544986121356,0.24792544986121356
ABV/20230321-UltimateAutomizerSvcomp2023/test-0513.i_23.smt2,SMTInterpol,True,0.47922301897779107,0.47922301897779107
ABV/20230321-UltimateAutomizerSvcomp2023/test-memleak_nexttime.i_134.smt2,Bitwuzla,True,0.22141886688768864,0.22141886688768864
ABV/20230321-UltimateAutomizerSvcomp2023/min_max.i_37.smt2,SMTInterpol,True,0.6305724579724483,0.6305724579724483
ABV/20230321-UltimateAutomizerSvcomp2023/sll-rb-sentinel-1.i_8.smt2,Bitwuzla,True,0.2187415051739663,0.2187415051739663
ABV/20230321-UltimateAutomizerSvcomp2023/test-memleak_nexttime.i_293.smt2,Bitwuzla,True,0.2576713929884136,0.2576713929884136
ABV/20230321-UltimateAutomizerSvcomp2023/sll2c_insert_equal.i_51.smt2,Bitwuzla,True,0.24070501001551747,0.24070501001551747
ABV/20230321-UltimateAutomizerSvcomp2023/dll2n_append_equal.i_52.smt2,Bitwuzla,True,0.2253446439281106,0.2253446439281106
ABV/20230321-UltimateAutomizerSvcomp2023/test-memleak_nexttime.i_380.smt2,Bitwuzla,True,0.23674308508634567,0.23674308508634567
ABV/20230321-UltimateAutomizerSvcomp2023/sll2c_insert_unequal.i_33.smt2,Bitwuzla,True,0.22323438804596663,0.22323438804596663
ABV/20230321-UltimateAutomizerSvcomp2023/sll-rb-sentinel-1.i_17.smt2,Bitwuzla,True,0.2553970511071384,0.2553970511071384
ABV/20230321-UltimateAutomizerSvcomp2023/sll2n_insert_equal.i_39.smt2,Bitwuzla,True,0.23041148716583848,0.23041148716583848
ABV/20230321-UltimateAutomizerSvcomp2023/split_list_test05-1.i_16.smt2,SMTInterpol,True,0.4522629579878412,0.4522629579878412
ABV/20230321-UltimateAutomizerSvcomp2023/test_mutex_unbounded-1.i_102.smt2,Bitwuzla,True,0.22401999798603356,0.22401999798603356
ABV/20230321-UltimateAutomizerSvcomp2023/dll-queue-1.i_14.smt2,SMTInterpol,True,0.6329723480157554,0.6329723480157554
ABV/20230321-UltimateAutomizerSvcomp2023/ex3_forlist.i_589.smt2,Bitwuzla,True,0.2714226308744401,0.2714226308744401
ABV/20230321-UltimateAutomizerSvcomp2023/packet_filter.i_29.smt2,Bitwuzla,True,0.23388880491256714,0.23388880491256714
ABV/20230321-UltimateAutomizerSvcomp2023/sll_to_dll_rev-2.i_10.smt2,Bitwuzla,True,0.22874175803735852,0.22874175803735852
ABV/20230321-UltimateAutomizerSvcomp2023/test_mutex_unbounded-2.i_12.smt2,Bitwuzla,True,0.23828907404094934,0.23828907404094934
ABV/20230321-UltimateAutomizerSvcomp2023/ex3_forlist.i_203.smt2,Bitwuzla,True,0.24256591591984034,0.24256591591984034
ABV/20230321-UltimateAutomizerSvcomp2023/dancing.i_6.smt2,Bitwuzla,True,0.23742702789604664,0.23742702789604664
ABV/20230321-UltimateAutomizerSvcomp2023/ex3_forlist.i_601.smt2,Bitwuzla,True,0.23086484102532268,0.23086484102532268
ABV/20230321-UltimateAutomizerSvcomp2023/test_add-2.i_40.smt2,Bitwuzla,True,0.23655608296394348,0.23655608296394348
ABV/20230321-UltimateAutomizerSvcomp2023/test-memleak_nexttime.i_408.smt2,Bitwuzla,True,0.22499947785399854,0.22499947785399854
ABV/20230321-UltimateAutomizerSvcomp2023/test-memleak_nexttime.i_174.smt2,Bitwuzla,True,0.24904818506911397,0.24904818506911397
ABV/20230321-UltimateAutomizerSvcomp2023/simple_built_from_end.i_13.smt2,Bitwuzla,True,0.23396591702476144,0.23396591702476144
ABV/20230321-UltimateAutomizerSvcomp2023/list-ext_flag_1.i_0.smt2,SMTInterpol,True,0.4498256999650039,0.4498256999650039
ABV/20230321-UltimateAutomizerSvcomp2023/test-memleak_nexttime.i_32.smt2,Bitwuzla,True,0.2297607169020921,0.2297607169020921
ABV/20230321-UltimateAutomizerSvcomp2023/memleaks_test17_2-2.i_5.smt2,Bitwuzla,True,0.24955830513499677,0.24955830513499677
ABV/20230321-UltimateAutomizerSvcomp2023/sll2n_append_equal.i_69.smt2,Bitwuzla,True,0.23434712598100305,0.23434712598100305
ABV/20230321-UltimateAutomizerSvcomp2023/sum_array-2.i_23.smt2,Bitwuzla,True,0.22867042804136872,0.22867042804136872
ABV/20190429-UltimateAutomizerSvcomp2019/sep10_true-unreach-call.i_1.smt2,Bitwuzla,True,0.23756191413849592,0.23756191413849592
ABV/20230321-UltimateAutomizerSvcomp2023/sll2n_insert_unequal.i_150.smt2,Bitwuzla,True,0.2343786540441215,0.2343786540441215
ABV/20230321-UltimateAutomizerSvcomp2023/ex3_forlist.i_97.smt2,Bitwuzla,True,0.2353906671050936,0.2353906671050936
ABV/20230321-UltimateAutomizerSvcomp2023/sll2n_insert_equal.i_52.smt2,Bitwuzla,True,0.3013277929276228,0.3013277929276228
ABV/20230321-UltimateAutomizerSvcomp2023/sll_circular_traversal-1.i_16.smt2,Bitwuzla,True,0.22438049013726413,0.22438049013726413
ABV/20230321-UltimateAutomizerSvcomp2023/test-memleak_nexttime.i_20.smt2,Bitwuzla,True,0.2752099211793393,0.2752099211793393
ABV/20230321-UltimateAutomizerSvcomp2023/dll2n_append_unequal.i_24.smt2,Bitwuzla,True,0.25367408618330956,0.25367408618330956
ABV/20230321-UltimateAutomizerSvcomp2023/test-memleak_nexttime.i_234.smt2,Bitwuzla,True,0.2624687450006604,0.2624687450006604
ABV/20230321-UltimateAutomizerSvcomp2023/ex3_forlist.i_472.smt2,Bitwuzla,True,0.2415749051142484,0.2415749051142484
ABV/20230321-UltimateAutomizerSvcomp2023/test-0102-1.i_4.smt2,Bitwuzla,True,0.21993577107787132,0.21993577107787132
ABV/20230321-UltimateAutomizerSvcomp2023/sll2c_insert_unequal.i_125.smt2,Bitwuzla,True,0.23673926782794297,0.23673926782794297
ABV/20230321-UltimateAutomizerSvcomp2023/dll_of_dll-1.i_52.smt2,Bitwuzla,True,0.22362752188928425,0.22362752188928425
ABV/20230321-UltimateAutomizerSvcomp2023/list-1.i_63.smt2,Bitwuzla,True,0.2511618409771472,0.2511618409771472
ABV/20230321-UltimateAutomizerSvcomp2023/test-memleak_nexttime.i_223.smt2,Bitwuzla,True,0.22306620283052325,0.22306620283052325
ABV/20230321-UltimateAutomizerSvcomp2023/dll_of_dll-2.i_253.smt2,Bitwuzla,True,0.22566842404194176,0.22566842404194176
ABV/20230321-UltimateAutomizerSvcomp2023/dll_of_dll-1.i_39.smt2,Bitwuzla,True,0.22568873316049576,0.22568873316049576
ABV/20230321-UltimateAutomizerSvcomp2023/tree_of_cslls.i_21.smt2,Bitwuzla,True,0.2935180109925568,0.2935180109925568
ABV/20230321-UltimateAutomizerSvcomp2023/ex3_forlist.i_25.smt2,Bitwuzla,True,0.24628557497635484,0.24628557497635484
ABV/20230321-UltimateAutomizerSvcomp2023/list_search-2.i_21.smt2,SMTInterpol,True,0.5343777150264941,0.5343777150264941
ABV/20230321-UltimateAutomizerSvcomp2023/test_mutex_unbounded-1.i_80.smt2,Bitwuzla,True,0.22657010308466852,0.22657010308466852
ABV/20230321-UltimateAutomizerSvcomp2023/dll2n_update_all.i_25.smt2,Bitwuzla,True,0.2500560078769922,0.2500560078769922
ABV/20230321-UltimateAutomizerSvcomp2023/memleaks_test13.i_44.smt2,SMTInterpol,True,0.5807320260209963,0.5807320260209963
ABV/20230321-UltimateAutomizerSvcomp2023/eureka_05.i_86.smt2,Bitwuzla,True,0.24155478994362056,0.24155478994362056
ABV/20230321-UltimateAutomizerSvcomp2023/eureka_05.i_43.smt2,Bitwuzla,True,0.23317094193771482,0.23317094193771482
ABV/20230321-UltimateAutomizerSvcomp2023/sll2c_insert_unequal.i_122.smt2,Bitwuzla,True,0.2276542668696493,0.2276542668696493
ABV/20230321-UltimateAutomizerSvcomp2023/memleaks_test6_2.i_19.smt2,SMTInterpol,True,0.5252401309553534,0.5252401309553534
ABV/20230321-UltimateAutomizerSvcomp2023/ex3_forlist.i_243.smt2,Bitwuzla,True,0.24408250907436013,0.24408250907436013
ABV/20230321-UltimateAutomizerSvcomp2023/dancing.i_16.smt2,Bitwuzla,True,0.22981443698517978,0.22981443698517978
ABV/20230321-UltimateAutomizerSvcomp2023/sll2n_append_equal.i_66.smt2,Bitwuzla,True,0.22216367698274553,0.22216367698274553
ABV/20230321-UltimateAutomizerSvcomp2023/list-ext_flag_1.i_119.smt2,Bitwuzla,True,0.21995458891615272,0.21995458891615272
ABV/20230321-UltimateAutomizerSvcomp2023/test-0232_1-2.i_2.smt2,SMTInterpol,True,0.5519717810093425,0.5519717810093425
ABV/20230321-UltimateAutomizerSvcomp2023/sll2c_insert_equal.i_175.smt2,Bitwuzla,True,0.22495791292749345,0.22495791292749345
ABV/20230321-UltimateAutomizerSvcomp2023/sll2c_prepend_unequal.i_10.smt2,Bitwuzla,True,0.2195833728183061,0.2195833728183061
ABV/20230321-UltimateAutomizerSvcomp2023/sll2c_insert_equal.i_151.smt2,Bitwuzla,True,0.22928560292348266,0.22928560292348266
ABV/20230321-UltimateAutomizerSvcomp2023/sll2n_update_all_reverse.i_3.smt2,Bitwuzla,True,0.24975323281250894,0.24975323281250894
ABV/20230321-UltimateAutomizerSvcomp2023/test-memleak_nexttime.i_439.smt2,Bitwuzla,True,0.2510401881299913,0.2510401881299913
ABV/20230321-UltimateAutomizerSvcomp2023/simple_and_skiplist_2lvl-2.i_5.smt2,SMTInterpol,True,0.5577202310087159,0.5577202310087159
ABV/20230321-UltimateAutomizerSvcomp2023/test-memleak_nexttime.i_260.smt2,Bitwuzla,True,0.23381112795323133,0.23381112795323133
ABV/20230321-UltimateAutomizerSvcomp2023/sll2n_insert_unequal.i_46.smt2,Bitwuzla,True,0.24150403612293303,0.24150403612293303
ABV/20230321-UltimateAutomizerSvcomp2023/test-memleak_nexttime.i_237.smt2,Bitwuzla,True,0.24243608000688255,0.24243608000688255
ABV/20230321-UltimateAutomizerSvcomp2023/dll2c_append_unequal.i_13.smt2,Bitwuzla,True,0.24539608811028302,0.24539608811028302
ABV/20190429-UltimateAutomizerSvcomp2019/dll_of_dll_false-unreach-call_false-valid-memcleanup.i_13.smt2,Bitwuzla,True,0.27017216105014086,0.27017216105014086
ABV/20230321-UltimateAutomizerSvcomp2023/ex3_forlist.i_429.smt2,Bitwuzla,True,0.22449762211181223,0.22449762211181223
ABV/20230321-UltimateAutomizerSvcomp2023/list-1.i_57.smt2,Bitwuzla,True,0.21956291305832565,0.21956291305832565
ABV/20230321-UltimateAutomizerSvcomp2023/sll2n_append_equal.i_41.smt2,Bitwuzla,True,0.24653596198186278,0.24653596198186278
ABV/20230321-UltimateAutomizerSvcomp2023/test-0134.i_9.smt2,Bitwuzla,True,0.23863517818972468,0.23863517818972468
ABV/20230321-UltimateAutomizerSvcomp2023/dll_circular_traversal-2.i_12.smt2,Bitwuzla,True,0.23453356814570725,0.23453356814570725
ABV/20230321-UltimateAutomizerSvcomp2023/test-memleak_nexttime.i_156.smt2,Bitwuzla,True,0.22289580502547324,0.22289580502547324
ABV/20230321-UltimateAutomizerSvcomp2023/sll2c_insert_equal.i_97.smt2,Bitwuzla,True,0.22694977885112166,0.22694977885112166
ABV/20230321-UltimateAutomizerSvcomp2023/ex3_forlist.i_350.smt2,Bitwuzla,True,0.22449280600994825,0.22449280600994825
ABV/20230321-UltimateAutomizerSvcomp2023/test-memleak_nexttime.i_219.smt2,Bitwuzla,True,0.22540673590265214,0.22540673590265214
ABV/20230321-UltimateAutomizerSvcomp2023/memleaks_test13.i_4.smt2,Bitwuzla,True,0.21772553701885045,0.21772553701885045
ABV/20190429-UltimateAutomizerSvcomp2019/standard_running_true-unreach-call.i_11.smt2,SMTInterpol,True,0.5690251209889539,0.5690251209889539
ABV/20230321-UltimateAutomizerSvcomp2023/test-0137.i_22.smt2,Bitwuzla,True,0.2349968571215868,0.2349968571215868
ABV/20190429-UltimateAutomizerSvcomp2019/list-ext_flag_false-unreach-call_false-valid-deref.i_2.smt2,Bitwuzla,True,0.22639725101180375,0.22639725101180375
ABV/20230321-UltimateAutomizerSvcomp2023/dll2n_update_all.i_62.smt2,Bitwuzla,True,0.22625277703627944,0.22625277703627944
ABV/20230321-UltimateAutomizerSvcomp2023/test-memleak_nexttime.i_31.smt2,Bitwuzla,True,0.22412418690510094,0.22412418690510094
ABV/20230321-UltimateAutomizerSvcomp2023/memleaks_test13_1.i_11.smt2,SMTInterpol,True,0.49027848802506924,0.49027848802506924
ABV/20230321-UltimateAutomizerSvcomp2023/bubble_sort_linux-2.i_22.smt2,Bitwuzla,True,0.23593497602269053,0.23593497602269053
ABV/20230321-UltimateAutomizerSvcomp2023/test_mutex_unbounded-1.i_96.smt2,Bitwuzla,True,0.22806749097071588,0.22806749097071588
ABV/20230321-UltimateAutomizerSvcomp2023/ex3_forlist.i_405.smt2,Bitwuzla,True,0.22195243695750833,0.22195243695750833
ABV/20230321-UltimateAutomizerSvcomp2023/bubble_sort_linux-2.i_9.smt2,Bitwuzla,True,0.21925492607988417,0.21925492607988417
ABV/20230321-UltimateAutomizerSvcomp2023/sll2n_append_unequal.i_21.smt2,Bitwuzla,True,0.21962093422189355,0.21962093422189355
ABV/20230321-UltimateAutomizerSvcomp2023/memleaks_test13_2.i_32.smt2,SMTInterpol,True,0.5208099029841833,0.5208099029841833
ABV/20230321-UltimateAutomizerSvcomp2023/sll2c_insert_equal.i_76.smt2,Bitwuzla,True,0.25928002200089395,0.25928002200089395
ABV/20230321-UltimateAutomizerSvcomp2023/sll-token-2.i_13.smt2,Bitwuzla,True,0.22332762693986297,0.22332762693986297
ABV/20230321-UltimateAutomizerSvcomp2023/list_search-1.i_18.smt2,Bitwuzla,True,0.22174838301725686,0.22174838301725686
ABV/20230321-UltimateAutomizerSvcomp2023/ex3_forlist.i_131.smt2,Bitwuzla,True,0.24173922603949904,0.24173922603949904
ABV/20230321-UltimateAutomizerSvcomp2023/dll_of_dll-1.i_209.smt2,Bitwuzla,True,0.219868189888075,0.219868189888075
ABV/20230321-UltimateAutomizerSvcomp2023/test-0137.i_26.smt2,Bitwuzla,True,0.2294672739226371,0.2294672739226371
ABV/20190429-UltimateAutomizerSvcomp2019/dll_of_dll_false-unreach-call_false-valid-memcleanup.i_10.smt2,Bitwuzla,True,0.22835775278508663,0.22835775278508663
ABV/20230321-UltimateAutomizerSvcomp2023/sll_to_dll_rev-1.i_28.smt2,Bitwuzla,True,0.22516562999226153,0.22516562999226153
ABV/20190429-UltimateAutomizerSvcomp2019/dll_of_dll_true-unreach-call_true-valid-memsafety.i_8.smt2,Bitwuzla,True,0.23255900712683797,0.23255900712683797
ABV/20230321-UltimateAutomizerSvcomp2023/simple_search_value-2.i_97.smt2,Bitwuzla,True,0.22498514293693006,0.22498514293693006
ABV/20230321-UltimateAutomizerSvcomp2023/memleaks_test6_2.i_21.smt2,SMTInterpol,True,0.5583239150000736,0.5583239150000736
ABV/20230321-UltimateAutomizerSvcomp2023/sll-token-2.i_29.smt2,Bitwuzla,True,0.23924997192807496,0.23924997192807496
ABV/20230321-UltimateAutomizerSvcomp2023/memleaks_test4-2.i_11.smt2,Bitwuzla,True,0.229869089089334,0.229869089089334
ABV/20230321-UltimateAutomizerSvcomp2023/dll2n_update_all.i_15.smt2,Bitwuzla,True,0.22130508301779628,0.22130508301779628
ABV/20230321-UltimateAutomizerSvcomp2023/simple_built_from_end.i_14.smt2,Bitwuzla,True,0.2420111009851098,0.2420111009851098
ABV/20230321-UltimateAutomizerSvcomp2023/list-ext_flag_1.i_24.smt2,SMTInterpol,True,0.4933304979931563,0.4933304979931563
ABV/20230321-UltimateAutomizerSvcomp2023/list_search-1.i_61.smt2,Bitwuzla,True,0.24674821784719825,0.24674821784719825
ABV/20190429-UltimateAutomizerSvcomp2019/sll-sorted_false-unreach-call_false-valid-memcleanup.i_1.smt2,Bitwuzla,True,0.24135305685922503,0.24135305685922503
ABV/20230321-UltimateAutomizerSvcomp2023/list_search-2.i_31.smt2,SMTInterpol,True,0.5579011950176209,0.5579011950176209
ABV/20230321-UltimateAutomizerSvcomp2023/ex3_forlist.i_186.smt2,Bitwuzla,True,0.24947010399773717,0.24947010399773717
ABV/20230321-UltimateAutomizerSvcomp2023/sll2n_insert_equal.i_74.smt2,Bitwuzla,True,0.2411575559526682,0.2411575559526682
ABV/20230321-UltimateAutomizerSvcomp2023/ex3_forlist.i_185.smt2,Bitwuzla,True,0.22172209713608027,0.22172209713608027
ABV/20230321-UltimateAutomizerSvcomp2023/sll2n_append_equal.i_54.smt2,Bitwuzla,True,0.2245337578933686,0.2245337578933686
ABV/20190429-UltimateAutomizerSvcomp2019/splice_true-unreach-call_false-valid-memtrack.i_5.smt2,Bitwuzla,True,0.26900215493515134,0.26900215493515134
ABV/20230321-UltimateAutomizerSvcomp2023/test-memleak_nexttime.i_113.smt2,Bitwuzla,True,0.21770982583984733,0.21770982583984733
ABV/20230321-UltimateAutomizerSvcomp2023/bubble_sort_linux-2.i_77.smt2,Bitwuzla,True,0.22612154996022582,0.22612154996022582
ABV/20230321-UltimateAutomizerSvcomp2023/split_list_test05-2.i_4.smt2,Bitwuzla,True,0.23354757903143764,0.23354757903143764
ABV/20230321-UltimateAutomizerSvcomp2023/list_search-2.i_15.smt2,Bitwuzla,True,0.2801328939385712,0.2801328939385712
ABV/20230321-UltimateAutomizerSvcomp2023/test-memleak_nexttime.i_534.smt2,Bitwuzla,True,0.25246792705729604,0.25246792705729604
ABV/20230321-UltimateAutomizerSvcomp2023/sll2n_insert_unequal.i_133.smt2,Bitwuzla,True,0.21986973518505692,0.21986973518505692
ABV/20230321-UltimateAutomizerSvcomp2023/dll-queue-1.i_0.smt2,Bitwuzla,True,0.22114980779588223,0.22114980779588223
ABV/20230321-UltimateAutomizerSvcomp2023/sll2n_remove_all.i_3.smt2,SMTInterpol,True,0.6124892529915087,0.6124892529915087
ABV/20230321-UltimateAutomizerSvcomp2023/tree_parent_ptr.i_3.smt2,SMTInterpol,True,0.5077855660347268,0.5077855660347268
ABV/20230321-UltimateAutomizerSvcomp2023/memleaks_test6_2.i_2.smt2,SMTInterpol,True,0.5226890540216118,0.5226890540216118
ABV/20230321-UltimateAutomizerSvcomp2023/splice-2.i_69.smt2,Bitwuzla,True,0.22479133307933807,0.22479133307933807
ABV/20190429-UltimateAutomizerSvcomp2019/alternating_list_true-unreach-call_true-valid-memsafety.i_14.smt2,Bitwuzla,True,0.2872239500284195,0.2872239500284195
ABV/20230321-UltimateAutomizerSvcomp2023/ex3_forlist.i_402.smt2,Bitwuzla,True,0.22104035504162312,0.22104035504162312
ABV/20230321-UltimateAutomizerSvcomp2023/test_add-2.i_36.smt2,cvc5,True,0.25784776685759425,0.25784776685759425
ABV/20230321-UltimateAutomizerSvcomp2023/simple-ext_1.i_43.smt2,Bitwuzla,True,0.21687390701845288,0.21687390701845288
ABV/20230321-UltimateAutomizerSvcomp2023/dancing.i_11.smt2,SMTInterpol,True,0.4949145949794911,0.4949145949794911
ABV/20230321-UltimateAutomizerSvcomp2023/test-memleak_nexttime.i_356.smt2,Bitwuzla,True,0.3601388749666512,0.3601388749666512
ABV/20230321-UltimateAutomizerSvcomp2023/memleaks_test18_3.i_16.smt2,Bitwuzla,True,0.2568212589249015,0.2568212589249015
ABV/20230321-UltimateAutomizerSvcomp2023/dll_of_dll-1.i_40.smt2,Bitwuzla,True,0.2562116391491145,0.2562116391491145
ABV/20230321-UltimateAutomizerSvcomp2023/sll-rb-sentinel-1.i_34.smt2,Bitwuzla,True,0.2376568701583892,0.2376568701583892
ABV/20230321-UltimateAutomizerSvcomp2023/sum_array-2.i_3.smt2,Bitwuzla,True,0.2252429120708257,0.2252429120708257
ABV/20230321-UltimateAutomizerSvcomp2023/memleaks_test6.i_29.smt2,Bitwuzla,True,0.21572334598749876,0.21572334598749876
ABV/20230321-UltimateAutomizerSvcomp2023/sll2c_insert_unequal.i_119.smt2,Bitwuzla,True,0.22375906398519874,0.22375906398519874
ABV/20230321-UltimateAutomizerSvcomp2023/dll2n_append_equal.i_70.smt2,Bitwuzla,True,0.2319323669653386,0.2319323669653386
ABV/20230321-UltimateAutomizerSvcomp2023/sll_of_sll_nondet_append-2.i_0.smt2,SMTInterpol,True,0.5034069690154865,0.5034069690154865
ABV/20230321-UltimateAutomizerSvcomp2023/ex3_forlist.i_344.smt2,Bitwuzla,True,0.2204790369141847,0.2204790369141847
ABV/20230321-UltimateAutomizerSvcomp2023/sll2n_update_all_reverse.i_136.smt2,Bitwuzla,True,0.24360138387419283,0.24360138387419283
ABV/20190429-UltimateAutomizerSvcomp2019/dll-circular_false-unreach-call_false-valid-memcleanup.i_0.smt2,Bitwuzla,True,0.2526533850468695,0.2526533850468695
ABV/20230321-UltimateAutomizerSvcomp2023/dll-sorted-2.i_0.smt2,SMTInterpol,True,0.5758241259609349,0.5758241259609349
ABV/20230321-UltimateAutomizerSvcomp2023/test-memleak_nexttime.i_56.smt2,Bitwuzla,True,0.273533005034551,0.273533005034551
ABV/20230321-UltimateAutomizerSvcomp2023/sll-rb-sentinel-1.i_40.smt2,Bitwuzla,True,0.23127126996405423,0.23127126996405423
ABV/20230321-UltimateAutomizerSvcomp2023/test-memleak_nexttime.i_121.smt2,Bitwuzla,True,0.22277231886982918,0.22277231886982918
ABV/20190429-UltimateAutomizerSvcomp2019/splice_true-unreach-call_false-valid-memtrack.i_2.smt2,SMTInterpol,True,0.5082956040278077,0.5082956040278077
ABV/20230321-UltimateAutomizerSvcomp2023/sll-token-2.i_34.smt2,Bitwuzla,True,0.2618601198773831,0.2618601198773831
ABV/20230321-UltimateAutomizerSvcomp2023/dll2c_update_all_reverse.i_36.smt2,Bitwuzla,True,0.2362872229423374,0.2362872229423374
ABV/20230321-UltimateAutomizerSvcomp2023/ex3_forlist.i_181.smt2,Bitwuzla,True,0.21801733993925154,0.21801733993925154
ABV/20230321-UltimateAutomizerSvcomp2023/dll_of_dll-2.i_260.smt2,Bitwuzla,True,0.22727451100945473,0.22727451100945473
ABV/20230321-UltimateAutomizerSvcomp2023/cart.i_8.smt2,Bitwuzla,True,0.22032965999096632,0.22032965999096632
ABV/20230321-UltimateAutomizerSvcomp2023/memleaks_test10-1.i_7.smt2,Bitwuzla,True,0.21858464390970767,0.21858464390970767
ABV/20230321-UltimateAutomizerSvcomp2023/sll_circular_traversal-2.i_10.smt2,Bitwuzla,True,0.2232060069218278,0.2232060069218278
ABV/20230321-UltimateAutomizerSvcomp2023/length_test03-1.i_4.smt2,SMTInterpol,True,0.44251419795909896,0.44251419795909896
ABV/20230321-UltimateAutomizerSvcomp2023/sll2n_append_unequal.i_53.smt2,Bitwuzla,True,0.22946421802043915,0.22946421802043915
ABV/20230321-UltimateAutomizerSvcomp2023/list-ext_flag.i_19.smt2,Bitwuzla,True,0.2186272458638996,0.2186272458638996
ABV/20230321-UltimateAutomizerSvcomp2023/simple_search_value-1.i_52.smt2,Bitwuzla,True,0.22742487909272313,0.22742487909272313
ABV/20230321-UltimateAutomizerSvcomp2023/memleaks_test21-2.i_4.smt2,Bitwuzla,True,0.252878628205508,0.252878628205508
ABV/20230321-UltimateAutomizerSvcomp2023/test-memleak_nexttime.i_526.smt2,Bitwuzla,True,0.21976054785773158,0.21976054785773158
ABV/20230321-UltimateAutomizerSvcomp2023/sll2n_update_all_reverse.i_14.smt2,SMTInterpol,True,0.5485061910003424,0.5485061910003424
ABV/20230321-UltimateAutomizerSvcomp2023/bubble_sort_linux-2.i_90.smt2,Bitwuzla,True,0.23001689510419965,0.23001689510419965
ABV/20190429-UltimateAutomizerSvcomp2019/alternating_list_true-unreach-call_true-valid-memsafety.i_5.smt2,Bitwuzla,True,0.32779611088335514,0.32779611088335514
ABV/20230321-UltimateAutomizerSvcomp2023/dll2n_append_unequal.i_39.smt2,Bitwuzla,True,0.246944174868986,0.246944174868986
ABV/20230321-UltimateAutomizerSvcomp2023/dll2n_remove_all.i_4.smt2,Bitwuzla,True,0.25956252799369395,0.25956252799369395
ABV/20230321-UltimateAutomizerSvcomp2023/sum_array-2-1.i_14.smt2,Bitwuzla,True,0.24286142480559647,0.24286142480559647
ABV/20230321-UltimateAutomizerSvcomp2023/ex3_forlist.i_236.smt2,Bitwuzla,True,0.22288540098816156,0.22288540098816156
ABV/20230321-UltimateAutomizerSvcomp2023/memleaks_test6_2.i_24.smt2,SMTInterpol,True,0.4928572379867546,0.4928572379867546
ABV/20230321-UltimateAutomizerSvcomp2023/test-memleak_nexttime.i_418.smt2,Bitwuzla,True,0.21883412497118115,0.21883412497118115
ABV/20230321-UltimateAutomizerSvcomp2023/sll2n_append_unequal.i_61.smt2,Bitwuzla,True,0.25386861618608236,0.25386861618608236
ABV/20230321-UltimateAutomizerSvcomp2023/test-memleak_nexttime.i_59.smt2,Bitwuzla,True,0.21866854303516448,0.21866854303516448
ABV/20230321-UltimateAutomizerSvcomp2023/dancing.i_22.smt2,Bitwuzla,True,0.22354725212790072,0.22354725212790072
ABV/20230321-UltimateAutomizerSvcomp2023/memleaks_test6.i_6.smt2,SMTInterpol,True,0.5487915929988958,0.5487915929988958
ABV/20230321-UltimateAutomizerSvcomp2023/packet_filter.i_25.smt2,Bitwuzla,True,0.2497620319481939,0.2497620319481939
ABV/20230321-UltimateAutomizerSvcomp2023/list_search-1.i_53.smt2,Bitwuzla,True,0.24712544702924788,0.24712544702924788
ABV/20230321-UltimateAutomizerSvcomp2023/dll_of_dll-2.i_267.smt2,Bitwuzla,True,0.243469025939703,0.243469025939703
ABV/20230321-UltimateAutomizerSvcomp2023/dancing.i_3.smt2,Bitwuzla,True,0.2225420440081507,0.2225420440081507
ABV/20230321-UltimateAutomizerSvcomp2023/bubble_sort_linux-2.i_115.smt2,Bitwuzla,True,0.2548832381144166,0.2548832381144166
ABV/20230321-UltimateAutomizerSvcomp2023/list-ext_flag_1.i_4.smt2,Bitwuzla,True,0.2498627519235015,0.2498627519235015
ABV/20230321-UltimateAutomizerSvcomp2023/ex3_forlist.i_287.smt2,Bitwuzla,True,0.23678235313855112,0.23678235313855112
ABV/20230321-UltimateAutomizerSvcomp2023/test-memleak_nexttime.i_321.smt2,Bitwuzla,True,0.23209968418814242,0.23209968418814242
ABV/20230321-UltimateAutomizerSvcomp2023/test-memleak_nexttime.i_346.smt2,Bitwuzla,True,0.2416992369107902,0.2416992369107902
ABV/20230321-UltimateAutomizerSvcomp2023/simple-ext_1.i_30.smt2,Bitwuzla,True,0.22265806887298822,0.22265806887298822
ABV/20230321-UltimateAutomizerSvcomp2023/sll_circular_traversal-2.i_11.smt2,Bitwuzla,True,0.24669844307936728,0.24669844307936728
ABV/20230321-UltimateAutomizerSvcomp2023/sll2c_insert_equal.i_20.smt2,Bitwuzla,True,0.22684057685546577,0.22684057685546577
ABV/20230321-UltimateAutomizerSvcomp2023/sll2n_insert_equal.i_27.smt2,Bitwuzla,True,0.2238015669863671,0.2238015669863671
ABV/20230321-UltimateAutomizerSvcomp2023/list-1.i_79.smt2,Bitwuzla,True,0.2222606420982629,0.2222606420982629
ABV/20230321-UltimateAutomizerSvcomp2023/bubble_sort_linux-1.i_4.smt2,Bitwuzla,True,0.2179327600169927,0.2179327600169927
ABV/20230321-UltimateAutomizerSvcomp2023/sll_to_dll_rev-1.i_67.smt2,Bitwuzla,True,0.2594260780606419,0.2594260780606419
ABV/20230321-UltimateAutomizerSvcomp2023/test-memleak_nexttime.i_453.smt2,Bitwuzla,True,0.23557154298759997,0.23557154298759997
ABV/20230321-UltimateAutomizerSvcomp2023/ex3_forlist.i_538.smt2,Bitwuzla,True,0.2216156581416726,0.2216156581416726
ABV/20230321-UltimateAutomizerSvcomp2023/test_mutex_unbounded-2.i_96.smt2,Bitwuzla,True,0.22254715207964182,0.22254715207964182
ABV/20230321-UltimateAutomizerSvcomp2023/test_mutex.i_12.smt2,Bitwuzla,True,0.24141214601695538,0.24141214601695538
ABV/20230321-UltimateAutomizerSvcomp2023/ex3_forlist.i_325.smt2,Bitwuzla,True,0.22810825100168586,0.22810825100168586
ABV/20230321-UltimateAutomizerSvcomp2023/elimination_max_rec.c_5.smt2,Bitwuzla,True,0.2640153968241066,0.2640153968241066
ABV/20230321-UltimateAutomizerSvcomp2023/sll2c_prepend_equal.i_30.smt2,Bitwuzla,True,0.2265717969276011,0.2265717969276011
ABV/20230321-UltimateAutomizerSvcomp2023/list-ext_flag.i_5.smt2,SMTInterpol,True,0.4913343829684891,0.4913343829684891
ABV/20230321-UltimateAutomizerSvcomp2023/dll2c_append_unequal.i_1.smt2,Bitwuzla,True,0.22837444604374468,0.22837444604374468
ABV/20230321-UltimateAutomizerSvcomp2023/dll2c_update_all.i_7.smt2,Bitwuzla,True,0.22028912021778524,0.22028912021778524
ABV/20230321-UltimateAutomizerSvcomp2023/simple-ext_1.i_9.smt2,Bitwuzla,True,0.2223973791114986,0.2223973791114986
ABV/20230321-UltimateAutomizerSvcomp2023/sll_nondet_insert-1.i_9.smt2,Bitwuzla,True,0.2678697779774666,0.2678697779774666
ABV/20230321-UltimateAutomizerSvcomp2023/ex3_forlist.i_571.smt2,Bitwuzla,True,0.2187069959472865,0.2187069959472865
ABV/20230321-UltimateAutomizerSvcomp2023/test-memleak_nexttime.i_303.smt2,Bitwuzla,True,0.2402475019916892,0.2402475019916892
ABV/20230321-UltimateAutomizerSvcomp2023/test_mutex_unbounded-1.i_83.smt2,Bitwuzla,True,0.25030435784719884,0.25030435784719884
ABV/20230321-UltimateAutomizerSvcomp2023/splice-2.i_83.smt2,Bitwuzla,True,0.21906668902374804,0.21906668902374804
ABV/20230321-UltimateAutomizerSvcomp2023/sll_circular_traversal-2.i_14.smt2,Bitwuzla,True,0.23436276288703084,0.23436276288703084
ABV/20230321-UltimateAutomizerSvcomp2023/sll2n_insert_unequal.i_156.smt2,Bitwuzla,True,0.22331821313127875,0.22331821313127875
ABV/20230321-UltimateAutomizerSvcomp2023/memleaks_test13.i_27.smt2,SMTInterpol,True,0.5281041269772686,0.5281041269772686
ABV/20230321-UltimateAutomizerSvcomp2023/simple-ext_1.i_41.smt2,Bitwuzla,True,0.22842929093167186,0.22842929093167186
ABV/20230321-UltimateAutomizerSvcomp2023/list-ext_flag_1.i_48.smt2,Bitwuzla,True,0.22650196496397257,0.22650196496397257
ABV/20230321-UltimateAutomizerSvcomp2023/dll-rb-sentinel-1.i_2.smt2,Bitwuzla,True,0.2548702659551054,0.2548702659551054
ABV/20230321-UltimateAutomizerSvcomp2023/simple-ext_1.i_24.smt2,Bitwuzla,True,0.22596018388867378,0.22596018388867378
ABV/20230321-UltimateAutomizerSvcomp2023/dll2n_prepend_unequal.i_11.smt2,Bitwuzla,True,0.2221388011239469,0.2221388011239469
ABV/20230321-UltimateAutomizerSvcomp2023/memleaks_test6_2.i_14.smt2,SMTInterpol,True,0.5205834050429985,0.5205834050429985
ABV/20230321-UltimateAutomizerSvcomp2023/test_mutex_unbounded-1.i_24.smt2,Bitwuzla,True,0.2642103279940784,0.2642103279940784
ABV/20230321-UltimateAutomizerSvcomp2023/packet_filter.i_32.smt2,Bitwuzla,True,0.22295434097759426,0.22295434097759426
ABV/20230321-UltimateAutomizerSvcomp2023/simple-ext_1.i_32.smt2,Bitwuzla,True,0.2212539769243449,0.2212539769243449
ABV/20230321-UltimateAutomizerSvcomp2023/list-1.i_45.smt2,Bitwuzla,True,0.22051122598350048,0.22051122598350048
ABV/20230321-UltimateAutomizerSvcomp2023/dll2c_insert_equal.i_14.smt2,Bitwuzla,True,0.2447324888780713,0.2447324888780713
ABV/20230321-UltimateAutomizerSvcomp2023/test-memleak_nexttime.i_181.smt2,Bitwuzla,True,0.2231847809161991,0.2231847809161991
ABV/20230321-UltimateAutomizerSvcomp2023/simple_built_from_end.i_27.smt2,SMTInterpol,True,0.6324727369938046,0.6324727369938046
ABV/20230321-UltimateAutomizerSvcomp2023/test-0513_1.i_100.smt2,SMTInterpol,True,0.4986129960161634,0.4986129960161634
ABV/20190429-UltimateAutomizerSvcomp2019/sll-sorted_false-unreach-call_false-valid-memcleanup.i_8.smt2,Bitwuzla,True,0.291982829105109,0.291982829105109
ABV/20230321-UltimateAutomizerSvcomp2023/test-memleak_nexttime.i_386.smt2,Bitwuzla,True,0.23624608688987792,0.23624608688987792
ABV/20230321-UltimateAutomizerSvcomp2023/test-0234-1.i_3.smt2,Bitwuzla,True,0.219411350088194,0.219411350088194
ABV/20230321-UltimateAutomizerSvcomp2023/bubble_sort_linux-1.i_9.smt2,Bitwuzla,True,0.21871472103521228,0.21871472103521228
ABV/20230321-UltimateAutomizerSvcomp2023/test-memleak_nexttime.i_518.smt2,Bitwuzla,True,0.2520987300667912,0.2520987300667912
ABV/20230321-UltimateAutomizerSvcomp2023/ex3_forlist.i_240.smt2,Bitwuzla,True,0.22075256379321218,0.22075256379321218
ABV/20230321-UltimateAutomizerSvcomp2023/dll-queue-1.i_4.smt2,Bitwuzla,True,0.23143444187007844,0.23143444187007844
ABV/20230321-UltimateAutomizerSvcomp2023/dll_of_dll-1.i_179.smt2,SMTInterpol,True,0.5986089729703963,0.5986089729703963
ABV/20230321-UltimateAutomizerSvcomp2023/ex3_forlist.i_313.smt2,Bitwuzla,True,0.2249012899119407,0.2249012899119407
ABV/20230321-UltimateAutomizerSvcomp2023/sll_to_dll_rev-2.i_37.smt2,Bitwuzla,True,0.22137990198098123,0.22137990198098123
ABV/20190429-UltimateAutomizerSvcomp2019/sll-sorted_false-unreach-call_false-valid-memcleanup.i_12.smt2,Bitwuzla,True,1.2879160889424384,1.2879160889424384
ABV/20190429-UltimateAutomizerSvcomp2019/simple_true-unreach-call_false-valid-memtrack.i_0.smt2,Bitwuzla,False,1200,2400
ABV/20230321-UltimateAutomizerSvcomp2023/dll2n_append_equal.i_37.smt2,Bitwuzla,True,0.22211931110359728,0.22211931110359728
ABV/20230321-UltimateAutomizerSvcomp2023/sll-token-2.i_30.smt2,Bitwuzla,True,0.27168593904934824,0.27168593904934824
ABV/20230321-UltimateAutomizerSvcomp2023/tree_cnstr.i_1.smt2,SMTInterpol,True,0.44938734296010807,0.44938734296010807
ABV/20230321-UltimateAutomizerSvcomp2023/simple_search_value-2.i_76.smt2,Bitwuzla,True,0.23281073290854692,0.23281073290854692
ABV/20230321-UltimateAutomizerSvcomp2023/memleaks_test6_2.i_18.smt2,SMTInterpol,True,0.5125108810025267,0.5125108810025267
ABV/20230321-UltimateAutomizerSvcomp2023/test-memleak_nexttime.i_148.smt2,Bitwuzla,True,0.24163002194836736,0.24163002194836736
ABV/20230321-UltimateAutomizerSvcomp2023/test_mutex_unbounded-2.i_46.smt2,Bitwuzla,True,0.24995911493897438,0.24995911493897438
ABV/20230321-UltimateAutomizerSvcomp2023/test-memleak_nexttime.i_130.smt2,Bitwuzla,True,0.2412432509008795,0.2412432509008795
ABV/20230321-UltimateAutomizerSvcomp2023/test_mutex_unbounded-2.i_42.smt2,Bitwuzla,True,0.22110477392561734,0.22110477392561734
ABV/20230321-UltimateAutomizerSvcomp2023/sll2n_append_equal.i_86.smt2,Bitwuzla,True,0.22719987202435732,0.22719987202435732
ABV/20230321-UltimateAutomizerSvcomp2023/test-memleak_nexttime.i_175.smt2,Bitwuzla,True,0.22015776485204697,0.22015776485204697
ABV/20230321-UltimateAutomizerSvcomp2023/bubble_sort_linux-2.i_73.smt2,Bitwuzla,True,0.21887181303463876,0.21887181303463876
ABV/20230321-UltimateAutomizerSvcomp2023/test_add-2.i_29.smt2,cvc5,True,0.24631072697229683,0.24631072697229683
ABV/20230321-UltimateAutomizerSvcomp2023/test-memleak_nexttime.i_191.smt2,Bitwuzla,True,0.23404151713475585,0.23404151713475585
ABV/20230321-UltimateAutomizerSvcomp2023/memleaks_test7-2.i_10.smt2,SMTInterpol,True,0.5168902259902097,0.5168902259902097
ABV/20230321-UltimateAutomizerSvcomp2023/test-memleak_nexttime.i_452.smt2,Bitwuzla,True,0.22727402509190142,0.22727402509190142
ABV/20230321-UltimateAutomizerSvcomp2023/memleaks_test18.i_2.smt2,Bitwuzla,True,0.23711842996999621,0.23711842996999621
ABV/20230321-UltimateAutomizerSvcomp2023/sll2c_insert_equal.i_141.smt2,Bitwuzla,True,0.2206758412066847,0.2206758412066847
ABV/20230321-UltimateAutomizerSvcomp2023/test-memleak_nexttime.i_371.smt2,Bitwuzla,True,0.24119407404214144,0.24119407404214144
ABV/20230321-UltimateAutomizerSvcomp2023/bubble_sort_linux-2.i_14.smt2,Bitwuzla,True,0.23245207406580448,0.23245207406580448
ABV/20230321-UltimateAutomizerSvcomp2023/test-memleak_nexttime.i_202.smt2,Bitwuzla,True,0.2211918910034001,0.2211918910034001
ABV/20230321-UltimateAutomizerSvcomp2023/simple_search_value-1.i_33.smt2,Bitwuzla,True,0.22174851992167532,0.22174851992167532
ABV/20230321-UltimateAutomizerSvcomp2023/sll_to_dll_rev-2.i_103.smt2,Bitwuzla,True,0.22371667181141675,0.22371667181141675
ABV/20230321-UltimateAutomizerSvcomp2023/sll2c_insert_unequal.i_75.smt2,Bitwuzla,True,0.2803837531246245,0.2803837531246245
ABV/20230321-UltimateAutomizerSvcomp2023/tree_stack.i_4.smt2,SMTInterpol,True,0.452598700998351,0.452598700998351
ABV/20230321-UltimateAutomizerSvcomp2023/list-ext_flag.i_102.smt2,Bitwuzla,True,0.2637707800604403,0.2637707800604403
ABV/20230321-UltimateAutomizerSvcomp2023/sum_array-2.i_20.smt2,Bitwuzla,True,0.22300545894540846,0.22300545894540846
ABV/20230321-UltimateAutomizerSvcomp2023/bubble_sort_linux-2.i_3.smt2,Bitwuzla,True,0.24104938306845725,0.24104938306845725
ABV/20230321-UltimateAutomizerSvcomp2023/sll_to_dll_rev-1.i_44.smt2,Bitwuzla,True,0.26624212716706097,0.26624212716706097
ABV/20230321-UltimateAutomizerSvcomp2023/bubble_sort_linux-2.i_40.smt2,Bitwuzla,True,0.22520516393706203,0.22520516393706203
ABV/20230321-UltimateAutomizerSvcomp2023/ex3_forlist.i_207.smt2,Bitwuzla,True,0.24641441693529487,0.24641441693529487
ABV/20190429-UltimateAutomizerSvcomp2019/standard_running_true-unreach-call.i_13.smt2,SMTInterpol,True,0.5948932669707574,0.5948932669707574
ABV/20230321-UltimateAutomizerSvcomp2023/dll2n_append_equal.i_53.smt2,Bitwuzla,True,0.23877997510135174,0.23877997510135174
ABV/20230321-UltimateAutomizerSvcomp2023/dll2c_update_all.i_2.smt2,Bitwuzla,True,0.24807639908976853,0.24807639908976853
ABV/20230321-UltimateAutomizerSvcomp2023/memleaks_test7-2.i_12.smt2,Bitwuzla,False,1200,2400
ABV/20230321-UltimateAutomizerSvcomp2023/sll2n_append_equal.i_90.smt2,Bitwuzla,True,0.25533552491106093,0.25533552491106093
ABV/20230321-UltimateAutomizerSvcomp2023/test-memleak_nexttime.i_322.smt2,Bitwuzla,True,0.2461070700082928,0.2461070700082928
ABV/20230321-UltimateAutomizerSvcomp2023/list-ext_1.i_5.smt2,Bitwuzla,True,0.22371670603752136,0.22371670603752136
ABV/20230321-UltimateAutomizerSvcomp2023/sll_to_dll_rev-2.i_96.smt2,Bitwuzla,True,0.2460712338797748,0.2460712338797748
ABV/20230321-UltimateAutomizerSvcomp2023/ex3_forlist.i_111.smt2,Bitwuzla,True,0.21974895521998405,0.21974895521998405
ABV/20230321-UltimateAutomizerSvcomp2023/test_mutex_unbounded-1.i_81.smt2,Bitwuzla,True,0.24527827906422317,0.24527827906422317
ABV/20230321-UltimateAutomizerSvcomp2023/memleaks_test13.i_67.smt2,SMTInterpol,True,0.5221960770431906,0.5221960770431906
ABV/20230321-UltimateAutomizerSvcomp2023/sll2n_append_equal.i_48.smt2,Bitwuzla,True,0.24258706299588084,0.24258706299588084
ABV/20230321-UltimateAutomizerSvcomp2023/dll_of_dll-1.i_63.smt2,Bitwuzla,True,0.24862783891148865,0.24862783891148865
ABV/20230321-UltimateAutomizerSvcomp2023/cart.i_11.smt2,Bitwuzla,True,0.23138719284906983,0.23138719284906983
ABV/20230321-UltimateAutomizerSvcomp2023/test-0513_1.i_109.smt2,SMTInterpol,True,0.4840979699511081,0.4840979699511081
ABV/20230321-UltimateAutomizerSvcomp2023/test-memleak_nexttime.i_319.smt2,Bitwuzla,True,0.22639962984248996,0.22639962984248996
ABV/20230321-UltimateAutomizerSvcomp2023/dll2n_update_all.i_19.smt2,Bitwuzla,True,0.21978758508339524,0.21978758508339524
ABV/20230321-UltimateAutomizerSvcomp2023/dll_of_dll-1.i_29.smt2,Bitwuzla,True,0.24661269295029342,0.24661269295029342
ABV/20230321-UltimateAutomizerSvcomp2023/dll2c_insert_equal.i_7.smt2,Bitwuzla,True,0.2247120391111821,0.2247120391111821
ABV/20230321-UltimateAutomizerSvcomp2023/dll2n_append_equal.i_50.smt2,Bitwuzla,True,0.23349992814473808,0.23349992814473808
ABV/20230321-UltimateAutomizerSvcomp2023/sll2c_insert_unequal.i_68.smt2,Bitwuzla,True,0.22778242803178728,0.22778242803178728
ABV/20230321-UltimateAutomizerSvcomp2023/memleaks_test23_3.i_19.smt2,Bitwuzla,True,0.24731264216825366,0.24731264216825366
ABV/20230321-UltimateAutomizerSvcomp2023/sll_to_dll_rev-1.i_65.smt2,Bitwuzla,True,0.22921147383749485,0.22921147383749485
ABV/20230321-UltimateAutomizerSvcomp2023/sll2n_update_all.i_55.smt2,Bitwuzla,True,0.22343743895180523,0.22343743895180523
ABV/20230321-UltimateAutomizerSvcomp2023/test-memleak_nexttime.i_375.smt2,Bitwuzla,True,0.22134597483091056,0.22134597483091056
ABV/20230321-UltimateAutomizerSvcomp2023/dll2n_insert_unequal.i_34.smt2,Bitwuzla,True,0.2246845958288759,0.2246845958288759
ABV/20230321-UltimateAutomizerSvcomp2023/memleaks_test6.i_3.smt2,SMTInterpol,True,0.49213899101596326,0.49213899101596326
ABV/20230321-UltimateAutomizerSvcomp2023/test_mutex_unbounded-2.i_44.smt2,Bitwuzla,True,0.24283147091045976,0.24283147091045976
ABV/20230321-UltimateAutomizerSvcomp2023/dancing.i_33.smt2,Bitwuzla,True,0.22130231489427388,0.22130231489427388
ABV/20230321-UltimateAutomizerSvcomp2023/ex3_forlist.i_81.smt2,Bitwuzla,True,0.22083807387389243,0.22083807387389243
ABV/20230321-UltimateAutomizerSvcomp2023/ex3_forlist.i_87.smt2,Bitwuzla,True,0.22568303882144392,0.22568303882144392
ABV/20230321-UltimateAutomizerSvcomp2023/test_mutex_unbounded-1.i_23.smt2,Bitwuzla,True,0.25042098411358893,0.25042098411358893
ABV/20230321-UltimateAutomizerSvcomp2023/sll2n_append_equal.i_44.smt2,Bitwuzla,True,0.2511217969004065,0.2511217969004065
ABV/20230321-UltimateAutomizerSvcomp2023/packet_filter.i_19.smt2,Bitwuzla,True,0.2226859729271382,0.2226859729271382
ABV/20230321-UltimateAutomizerSvcomp2023/list_search-2.i_38.smt2,Bitwuzla,True,0.2453720869962126,0.2453720869962126
ABV/20230321-UltimateAutomizerSvcomp2023/ex3_forlist.i_374.smt2,Bitwuzla,True,0.23338890098966658,0.23338890098966658
ABV/20230321-UltimateAutomizerSvcomp2023/test_mutex_unbounded-2.i_74.smt2,Bitwuzla,True,0.22489844006486237,0.22489844006486237
ABV/20230321-UltimateAutomizerSvcomp2023/sep05-2.i_3.smt2,SMTInterpol,True,0.9221450679469854,0.9221450679469854
ABV/20230321-UltimateAutomizerSvcomp2023/test-memleak_nexttime.i_180.smt2,Bitwuzla,True,0.23191916896030307,0.23191916896030307
ABV/20230321-UltimateAutomizerSvcomp2023/sll2c_insert_unequal.i_10.smt2,Bitwuzla,True,0.22860198700800538,0.22860198700800538
ABV/20230321-UltimateAutomizerSvcomp2023/sll_nondet_insert-1.i_5.smt2,Bitwuzla,True,0.2656711849849671,0.2656711849849671
ABV/20230321-UltimateAutomizerSvcomp2023/sll2n_prepend_equal.i_37.smt2,Bitwuzla,True,0.22362631908617914,0.22362631908617914
ABV/20230321-UltimateAutomizerSvcomp2023/test-memleak_nexttime.i_279.smt2,Bitwuzla,True,0.23491027601994574,0.23491027601994574
ABV/20230321-UltimateAutomizerSvcomp2023/bubble_sort_linux-2.i_24.smt2,Bitwuzla,True,0.2608174120541662,0.2608174120541662
ABV/20230321-UltimateAutomizerSvcomp2023/list_search-1.i_19.smt2,Bitwuzla,True,0.22125927917659283,0.22125927917659283
ABV/20230321-UltimateAutomizerSvcomp2023/list-ext_flag.i_9.smt2,Bitwuzla,True,0.22019888903014362,0.22019888903014362
ABV/20230321-UltimateAutomizerSvcomp2023/test-0513.i_20.smt2,Bitwuzla,True,0.23996562301181257,0.23996562301181257
ABV/20230321-UltimateAutomizerSvcomp2023/test-memleak_nexttime.i_179.smt2,Bitwuzla,True,0.22863533510826528,0.22863533510826528
ABV/20230321-UltimateAutomizerSvcomp2023/test-memleak_nexttime.i_313.smt2,Bitwuzla,True,0.259717158973217,0.259717158973217
ABV/20230321-UltimateAutomizerSvcomp2023/sll2c_prepend_unequal.i_38.smt2,Bitwuzla,True,0.2225739669520408,0.2225739669520408
ABV/20190429-UltimateAutomizerSvcomp2019/list-ext_flag_false-unreach-call_false-valid-deref.i_3.smt2,SMTInterpol,True,0.4566002649953589,0.4566002649953589
ABV/20230321-UltimateAutomizerSvcomp2023/list-1.i_84.smt2,Bitwuzla,True,0.22370878304354846,0.22370878304354846
ABV/20190429-UltimateAutomizerSvcomp2019/s3_clnt.blast.01_false-unreach-call.i.cil.c_0.smt2,Bitwuzla,True,0.2479063260834664,0.2479063260834664
ABV/20230321-UltimateAutomizerSvcomp2023/dll_of_dll-1.i_25.smt2,Bitwuzla,True,0.22731106914579868,0.22731106914579868
ABV/20230321-UltimateAutomizerSvcomp2023/sll-sorted-2.i_15.smt2,Bitwuzla,True,0.2206989168189466,0.2206989168189466
ABV/20230321-UltimateAutomizerSvcomp2023/dll2n_insert_unequal.i_48.smt2,Bitwuzla,True,0.25024973205290735,0.25024973205290735
ABV/20230321-UltimateAutomizerSvcomp2023/simple_search_value-2.i_53.smt2,Bitwuzla,True,0.22139234701171517,0.22139234701171517
ABV/20230321-UltimateAutomizerSvcomp2023/memleaks_test18_3.i_32.smt2,Bitwuzla,True,0.23734304984100163,0.23734304984100163
ABV/20230321-UltimateAutomizerSvcomp2023/test-memleak_nexttime.i_87.smt2,Bitwuzla,True,0.2213499629870057,0.2213499629870057
ABV/20230321-UltimateAutomizerSvcomp2023/ex3_forlist.i_466.smt2,Bitwuzla,True,0.22628239914774895,0.22628239914774895
ABV/20230321-UltimateAutomizerSvcomp2023/sll2c_prepend_unequal.i_15.smt2,Bitwuzla,True,0.2225050269626081,0.2225050269626081
ABV/20230321-UltimateAutomizerSvcomp2023/dll2c_insert_equal.i_29.smt2,Bitwuzla,True,0.23981878394261003,0.23981878394261003
ABV/20230321-UltimateAutomizerSvcomp2023/memleaks_test12-2.i_11.smt2,SMTInterpol,True,0.5036390020395629,0.5036390020395629
ABV/20230321-UltimateAutomizerSvcomp2023/test-memleak_nexttime.i_6.smt2,Bitwuzla,True,0.2438871250487864,0.2438871250487864
ABV/20190429-UltimateAutomizerSvcomp2019/dll-circular_false-unreach-call_false-valid-memcleanup.i_14.smt2,SMTInterpol,True,0.4901222210028209,0.4901222210028209
ABV/20230321-UltimateAutomizerSvcomp2023/test-memleak_nexttime.i_140.smt2,Bitwuzla,True,0.26967303501442075,0.26967303501442075
ABV/20230321-UltimateAutomizerSvcomp2023/test-memleak_nexttime.i_0.smt2,Bitwuzla,True,0.3430048041045666,0.3430048041045666
ABV/20230321-UltimateAutomizerSvcomp2023/sum_array-2-1.i_0.smt2,Bitwuzla,True,0.2480155131779611,0.2480155131779611
ABV/20230321-UltimateAutomizerSvcomp2023/memleaks_test13.i_38.smt2,SMTInterpol,True,0.5225835990277119,0.5225835990277119
ABV/20230321-UltimateAutomizerSvcomp2023/list-ext_flag.i_15.smt2,Bitwuzla,True,0.23094403487630188,0.23094403487630188
ABV/20230321-UltimateAutomizerSvcomp2023/test-memleak_nexttime.i_546.smt2,Bitwuzla,True,0.24378395918756723,0.24378395918756723
ABV/20230321-UltimateAutomizerSvcomp2023/sll2n_append_unequal.i_66.smt2,Bitwuzla,True,0.24743650993332267,0.24743650993332267
ABV/20230321-UltimateAutomizerSvcomp2023/test-memleak_nexttime.i_153.smt2,Bitwuzla,True,0.23973323800601065,0.23973323800601065
ABV/20230321-UltimateAutomizerSvcomp2023/list_and_tree_cnstr-1.i_15.smt2,Bitwuzla,True,0.24106065393425524,0.24106065393425524
ABV/20230321-UltimateAutomizerSvcomp2023/dll_of_dll-1.i_190.smt2,Bitwuzla,True,0.2537136950995773,0.2537136950995773
ABV/20230321-UltimateAutomizerSvcomp2023/sll_to_dll_rev-2.i_65.smt2,Bitwuzla,True,0.229573180899024,0.229573180899024
ABV/20230321-UltimateAutomizerSvcomp2023/sll-sorted-2.i_22.smt2,SMTInterpol,True,0.5398081470048055,0.5398081470048055
ABV/20230321-UltimateAutomizerSvcomp2023/test-memleak_nexttime.i_265.smt2,Bitwuzla,True,0.23427555500529706,0.23427555500529706
ABV/20230321-UltimateAutomizerSvcomp2023/memleaks_test6.i_0.smt2,Bitwuzla,True,0.24544720398262143,0.24544720398262143
ABV/20230321-UltimateAutomizerSvcomp2023/alternating_list-1.i_35.smt2,Bitwuzla,True,0.22135685593821108,0.22135685593821108
ABV/20230321-UltimateAutomizerSvcomp2023/bubble_sort_linux-2.i_113.smt2,Bitwuzla,True,0.2238683879841119,0.2238683879841119
ABV/20230321-UltimateAutomizerSvcomp2023/test-memleak_nexttime.i_531.smt2,Bitwuzla,True,0.22807167982682586,0.22807167982682586
ABV/20230321-UltimateAutomizerSvcomp2023/sll_circular_traversal-1.i_51.smt2,Bitwuzla,True,0.2372139219660312,0.2372139219660312
ABV/20230321-UltimateAutomizerSvcomp2023/memleaks_test6_1.i_20.smt2,SMTInterpol,True,0.5128218200406991,0.5128218200406991
ABV/20230321-UltimateAutomizerSvcomp2023/test-memleak_nexttime.i_424.smt2,Bitwuzla,True,0.2247020599897951,0.2247020599897951
ABV/20230321-UltimateAutomizerSvcomp2023/sll2c_insert_equal.i_103.smt2,Bitwuzla,True,0.2490048639010638,0.2490048639010638
ABV/20230321-UltimateAutomizerSvcomp2023/dll2c_insert_unequal.i_18.smt2,Bitwuzla,True,0.23155252495780587,0.23155252495780587
ABV/20230321-UltimateAutomizerSvcomp2023/dll_of_dll-2.i_251.smt2,Bitwuzla,True,0.26840689685195684,0.26840689685195684
ABV/20230321-UltimateAutomizerSvcomp2023/dll2c_insert_equal.i_28.smt2,Bitwuzla,True,0.2455267768818885,0.2455267768818885
ABV/20230321-UltimateAutomizerSvcomp2023/memleaks_test19-1.i_13.smt2,SMTInterpol,True,0.5565875400207005,0.5565875400207005
ABV/20230321-UltimateAutomizerSvcomp2023/test_add-2.i_10.smt2,Bitwuzla,True,0.2239436360541731,0.2239436360541731
ABV/20230321-UltimateAutomizerSvcomp2023/test-memleak_nexttime.i_482.smt2,Bitwuzla,True,0.24977048696018755,0.24977048696018755
ABV/20230321-UltimateAutomizerSvcomp2023/sll2n_update_all_reverse.i_98.smt2,Bitwuzla,True,0.22191511001437902,0.22191511001437902
ABV/20230321-UltimateAutomizerSvcomp2023/memleaks_test17_1-2.i_1.smt2,Bitwuzla,True,0.26142626884393394,0.26142626884393394
ABV/20230321-UltimateAutomizerSvcomp2023/dll2c_append_unequal.i_6.smt2,Bitwuzla,True,0.264328271150589,0.264328271150589
ABV/20230321-UltimateAutomizerSvcomp2023/dll_of_dll-2.i_229.smt2,Bitwuzla,True,0.2542705680243671,0.2542705680243671
ABV/20230321-UltimateAutomizerSvcomp2023/memleaks_test6_1.i_25.smt2,SMTInterpol,True,0.5059217519592494,0.5059217519592494
ABV/20230321-UltimateAutomizerSvcomp2023/test_mutex_unbounded-1.i_82.smt2,Bitwuzla,True,0.23338886792771518,0.23338886792771518
ABV/20230321-UltimateAutomizerSvcomp2023/ex3_forlist.i_505.smt2,Bitwuzla,True,0.2203485961072147,0.2203485961072147
ABV/20230321-UltimateAutomizerSvcomp2023/simple-ext_1.i_63.smt2,SMTInterpol,True,0.5018115349812433,0.5018115349812433
ABV/20230321-UltimateAutomizerSvcomp2023/list-1.i_74.smt2,Bitwuzla,True,0.22066506720148027,0.22066506720148027
ABV/20230321-UltimateAutomizerSvcomp2023/list-ext_flag_1.i_41.smt2,Bitwuzla,True,0.22451636008918285,0.22451636008918285
ABV/20190429-UltimateAutomizerSvcomp2019/standard_running_true-unreach-call.i_6.smt2,SMTInterpol,True,0.563409911992494,0.563409911992494
ABV/20230321-UltimateAutomizerSvcomp2023/memleaks_test3-2.i_3.smt2,Bitwuzla,True,0.2354108840227127,0.2354108840227127
ABV/20230321-UltimateAutomizerSvcomp2023/list-ext_flag_1.i_23.smt2,Bitwuzla,True,0.26158588100224733,0.26158588100224733
ABV/20230321-UltimateAutomizerSvcomp2023/ex3_forlist.i_326.smt2,Bitwuzla,True,0.2406931440345943,0.2406931440345943
ABV/20230321-UltimateAutomizerSvcomp2023/ex3_forlist.i_353.smt2,Bitwuzla,True,0.24289591796696186,0.24289591796696186
ABV/20230321-UltimateAutomizerSvcomp2023/test-memleak_nexttime.i_218.smt2,Bitwuzla,True,0.25630016392096877,0.25630016392096877
ABV/20230321-UltimateAutomizerSvcomp2023/sll_to_dll_rev-2.i_8.smt2,Bitwuzla,True,0.23057640087790787,0.23057640087790787
ABV/20230321-UltimateAutomizerSvcomp2023/sll-rb-sentinel-2.i_38.smt2,Bitwuzla,True,0.24622607696801424,0.24622607696801424
ABV/20230321-UltimateAutomizerSvcomp2023/sll-rb-sentinel-1.i_55.smt2,Bitwuzla,True,0.24316894309595227,0.24316894309595227
ABV/20230321-UltimateAutomizerSvcomp2023/sll2n_append_equal.i_89.smt2,Bitwuzla,True,0.22770647099241614,0.22770647099241614
ABV/20230321-UltimateAutomizerSvcomp2023/test-0232_1-1.i_1.smt2,SMTInterpol,True,0.6225266359979287,0.6225266359979287
ABV/20230321-UltimateAutomizerSvcomp2023/ex3_forlist.i_21.smt2,Bitwuzla,True,0.26480053598061204,0.26480053598061204
ABV/20230321-UltimateAutomizerSvcomp2023/complex_data_creation_test01-1.i_9.smt2,Bitwuzla,True,0.2286877161823213,0.2286877161823213
ABV/20230321-UltimateAutomizerSvcomp2023/memleaks_test18_3.i_42.smt2,Bitwuzla,True,0.24541014293208718,0.24541014293208718
ABV/20230321-UltimateAutomizerSvcomp2023/ex3_forlist.i_60.smt2,Bitwuzla,True,0.21882358891889453,0.21882358891889453
ABV/20230321-UltimateAutomizerSvcomp2023/memleaks_test13.i_24.smt2,SMTInterpol,True,0.49897403502836823,0.49897403502836823
ABV/20230321-UltimateAutomizerSvcomp2023/test-memleak_nexttime.i_201.smt2,Bitwuzla,True,0.27096716896630824,0.27096716896630824
ABV/20230321-UltimateAutomizerSvcomp2023/memleaks_test6_3.i_18.smt2,Bitwuzla,True,0.23924237815663218,0.23924237815663218
ABV/20230321-UltimateAutomizerSvcomp2023/list-ext_flag.i_106.smt2,Bitwuzla,True,0.2367514120414853,0.2367514120414853
ABV/20230321-UltimateAutomizerSvcomp2023/test_mutex_unbounded-1.i_10.smt2,Bitwuzla,True,0.24642208800651133,0.24642208800651133
ABV/20230321-UltimateAutomizerSvcomp2023/dll-queue-1.i_11.smt2,SMTInterpol,True,0.5679691159748472,0.5679691159748472
ABV/20230321-UltimateAutomizerSvcomp2023/dll2n_insert_unequal.i_23.smt2,Bitwuzla,True,0.22639858885668218,0.22639858885668218
ABV/20230321-UltimateAutomizerSvcomp2023/sll2c_insert_equal.i_176.smt2,Bitwuzla,True,0.2490796570200473,0.2490796570200473
ABV/20230321-UltimateAutomizerSvcomp2023/sll2n_update_all.i_4.smt2,Bitwuzla,True,0.23965179082006216,0.23965179082006216
ABV/20230321-UltimateAutomizerSvcomp2023/ex3_forlist.i_62.smt2,Bitwuzla,True,0.22002494102343917,0.22002494102343917
ABV/20230321-UltimateAutomizerSvcomp2023/test-memleak_nexttime.i_327.smt2,Bitwuzla,True,0.245866954093799,0.245866954093799
ABV/20230321-UltimateAutomizerSvcomp2023/bubble_sort_linux-2.i_60.smt2,Bitwuzla,True,0.22356324596330523,0.22356324596330523
ABV/20230321-UltimateAutomizerSvcomp2023/split_list_test05-1.i_0.smt2,Bitwuzla,True,0.22689303709194064,0.22689303709194064
ABV/20230321-UltimateAutomizerSvcomp2023/test-memleak_nexttime.i_241.smt2,Bitwuzla,True,0.2447565810289234,0.2447565810289234
ABV/20230321-UltimateAutomizerSvcomp2023/ex3_forlist.i_45.smt2,SMTInterpol,True,0.568818646017462,0.568818646017462
ABV/20230321-UltimateAutomizerSvcomp2023/memleaks_test1-3.i_0.smt2,SMTInterpol,True,0.49058323801727965,0.49058323801727965
ABV/20230321-UltimateAutomizerSvcomp2023/test_add-2.i_43.smt2,Bitwuzla,True,0.24038185295648873,0.24038185295648873
ABV/20230321-UltimateAutomizerSvcomp2023/memleaks_test5.i_3.smt2,Bitwuzla,True,0.22683320194482803,0.22683320194482803
ABV/20230321-UltimateAutomizerSvcomp2023/test-memleak_nexttime.i_454.smt2,Bitwuzla,True,0.2508042238187045,0.2508042238187045
ABV/20230321-UltimateAutomizerSvcomp2023/sll_to_dll_rev-1.i_72.smt2,Bitwuzla,True,0.22698605596087873,0.22698605596087873
ABV/20230321-UltimateAutomizerSvcomp2023/dll_circular_traversal-2.i_13.smt2,Bitwuzla,True,0.23312997911125422,0.23312997911125422
ABV/20230321-UltimateAutomizerSvcomp2023/test_mutex.i_27.smt2,Bitwuzla,True,0.23151424806565046,0.23151424806565046
ABV/20230321-UltimateAutomizerSvcomp2023/sll-rb-sentinel-1.i_5.smt2,Bitwuzla,True,0.2724516720045358,0.2724516720045358
ABV/20230321-UltimateAutomizerSvcomp2023/dll2c_insert_unequal.i_20.smt2,Bitwuzla,True,0.2331557220313698,0.2331557220313698
ABV/20230321-UltimateAutomizerSvcomp2023/bubble_sort_linux-2.i_0.smt2,Bitwuzla,True,0.2300137891434133,0.2300137891434133
ABV/20230321-UltimateAutomizerSvcomp2023/alternating_list-1.i_9.smt2,Bitwuzla,True,0.2216598279774189,0.2216598279774189
ABV/20230321-UltimateAutomizerSvcomp2023/ex3_forlist.i_489.smt2,Bitwuzla,True,0.2929367769975215,0.2929367769975215
ABV/20230321-UltimateAutomizerSvcomp2023/sll2c_insert_equal.i_106.smt2,Bitwuzla,True,0.23224223405122757,0.23224223405122757
ABV/20230321-UltimateAutomizerSvcomp2023/sll2c_insert_equal.i_77.smt2,Bitwuzla,True,0.22179640107788146,0.22179640107788146
ABV/20230321-UltimateAutomizerSvcomp2023/test_mutex_unbounded-2.i_68.smt2,Bitwuzla,True,0.22352060209959745,0.22352060209959745
ABV/20230321-UltimateAutomizerSvcomp2023/test-memleak_nexttime.i_271.smt2,Bitwuzla,True,0.31817644787952304,0.31817644787952304
ABV/20230321-UltimateAutomizerSvcomp2023/dll2n_insert_unequal.i_52.smt2,Bitwuzla,True,0.25375321600586176,0.25375321600586176
ABV/20230321-UltimateAutomizerSvcomp2023/dll_of_dll-2.i_39.smt2,Bitwuzla,True,0.25376408477313817,0.25376408477313817
ABV/20230321-UltimateAutomizerSvcomp2023/sll2n_update_all_reverse.i_127.smt2,Bitwuzla,True,0.2494811611250043,0.2494811611250043
ABV/20230321-UltimateAutomizerSvcomp2023/test-memleak_nexttime.i_365.smt2,Bitwuzla,True,0.22779605910182,0.22779605910182
ABV/20230321-UltimateAutomizerSvcomp2023/ex3_forlist.i_191.smt2,Bitwuzla,True,0.22293983097188175,0.22293983097188175
ABV/20190429-UltimateAutomizerSvcomp2019/dancing_true-unreach-call_false-valid-memtrack.i_14.smt2,Bitwuzla,True,0.22320548607967794,0.22320548607967794
ABV/20230321-UltimateAutomizerSvcomp2023/sll2c_insert_unequal.i_112.smt2,Bitwuzla,True,0.24743524799123406,0.24743524799123406
ABV/20230321-UltimateAutomizerSvcomp2023/ex3_forlist.i_394.smt2,Bitwuzla,True,0.22378675010986626,0.22378675010986626
ABV/20230321-UltimateAutomizerSvcomp2023/memleaks_test22_1-2.i_0.smt2,Bitwuzla,True,0.22000839188694954,0.22000839188694954
ABV/20230321-UltimateAutomizerSvcomp2023/sll2n_append_unequal.i_54.smt2,Bitwuzla,True,0.24442805699072778,0.24442805699072778
ABV/20230321-UltimateAutomizerSvcomp2023/memleaks_test4-2.i_2.smt2,Bitwuzla,True,0.24507736810483038,0.24507736810483038
ABV/20230321-UltimateAutomizerSvcomp2023/ex3_forlist.i_586.smt2,Bitwuzla,True,0.24919090582989156,0.24919090582989156
ABV/20230321-UltimateAutomizerSvcomp2023/test-memleak_nexttime.i_421.smt2,Bitwuzla,True,0.23658253299072385,0.23658253299072385
ABV/20230321-UltimateAutomizerSvcomp2023/ex3_forlist.i_151.smt2,Bitwuzla,True,0.2744841850362718,0.2744841850362718
ABV/20230321-UltimateAutomizerSvcomp2023/sll_of_sll_nondet_append-2.i_4.smt2,SMTInterpol,True,0.529319911962375,0.529319911962375
ABV/20230321-UltimateAutomizerSvcomp2023/sll_to_dll_rev-2.i_33.smt2,Bitwuzla,True,0.24817057908512652,0.24817057908512652
ABV/20230321-UltimateAutomizerSvcomp2023/test-memleak_nexttime.i_548.smt2,Bitwuzla,True,0.25401243893429637,0.25401243893429637
ABV/20230321-UltimateAutomizerSvcomp2023/dll2n_append_unequal.i_8.smt2,Bitwuzla,True,0.22163899196311831,0.22163899196311831
ABV/20230321-UltimateAutomizerSvcomp2023/dll_of_dll-1.i_193.smt2,Bitwuzla,True,0.2396736389491707,0.2396736389491707
ABV/20230321-UltimateAutomizerSvcomp2023/sll_to_dll_rev-2.i_66.smt2,Bitwuzla,True,0.2573620700277388,0.2573620700277388
ABV/20230321-UltimateAutomizerSvcomp2023/test-0504_1.i_4.smt2,SMTInterpol,True,0.4667890580021776,0.4667890580021776
ABV/20230321-UltimateAutomizerSvcomp2023/sll2n_insert_unequal.i_240.smt2,SMTInterpol,True,0.7004424260230735,0.7004424260230735
ABV/20230321-UltimateAutomizerSvcomp2023/test-memleak_nexttime.i_100.smt2,Bitwuzla,True,0.21839764597825706,0.21839764597825706
ABV/20230321-UltimateAutomizerSvcomp2023/list-1.i_38.smt2,Bitwuzla,True,0.23201297805644572,0.23201297805644572
ABV/20230321-UltimateAutomizerSvcomp2023/dll2n_insert_unequal.i_35.smt2,Bitwuzla,True,0.22464463883079588,0.22464463883079588
ABV/20230321-UltimateAutomizerSvcomp2023/sll2n_append_unequal.i_60.smt2,Bitwuzla,True,0.2460903620813042,0.2460903620813042
ABV/20230321-UltimateAutomizerSvcomp2023/ex3_forlist.i_579.smt2,Bitwuzla,True,0.2234161109663546,0.2234161109663546
ABV/20230321-UltimateAutomizerSvcomp2023/min_max.i_25.smt2,Bitwuzla,True,0.22244519996456802,0.22244519996456802
ABV/20230321-UltimateAutomizerSvcomp2023/test_mutex_unbounded-1.i_105.smt2,Bitwuzla,True,0.2357689831405878,0.2357689831405878
ABV/20230321-UltimateAutomizerSvcomp2023/sll_to_dll_rev-2.i_36.smt2,Bitwuzla,True,0.25203312817029655,0.25203312817029655
ABV/20230321-UltimateAutomizerSvcomp2023/dll2c_insert_unequal.i_17.smt2,Bitwuzla,True,0.23258780501782894,0.23258780501782894
ABV/20190429-UltimateAutomizerSvcomp2019/splice_true-unreach-call_false-valid-memtrack.i_8.smt2,Bitwuzla,True,0.6558354999870062,0.6558354999870062
ABV/20230321-UltimateAutomizerSvcomp2023/shared_mem1.i_7.smt2,Bitwuzla,True,0.23080662614665926,0.23080662614665926
ABV/20230321-UltimateAutomizerSvcomp2023/dll2c_insert_unequal.i_13.smt2,Bitwuzla,True,0.2242116469424218,0.2242116469424218
ABV/20230321-UltimateAutomizerSvcomp2023/sll2c_insert_unequal.i_100.smt2,Bitwuzla,True,0.26395482080988586,0.26395482080988586
ABV/20230321-UltimateAutomizerSvcomp2023/test-memleak_nexttime.i_523.smt2,Bitwuzla,True,0.2291097310371697,0.2291097310371697
ABV/20230321-UltimateAutomizerSvcomp2023/dll_of_dll-2.i_69.smt2,Bitwuzla,True,0.231621130136773,0.231621130136773
ABV/20230321-UltimateAutomizerSvcomp2023/test_mutex_unbounded-2.i_87.smt2,Bitwuzla,True,0.22178410412743688,0.22178410412743688
ABV/20230321-UltimateAutomizerSvcomp2023/test_mutex_unbounded-2.i_73.smt2,Bitwuzla,True,0.2236689031124115,0.2236689031124115
ABV/20230321-UltimateAutomizerSvcomp2023/list_and_tree_cnstr-1.i_42.smt2,Bitwuzla,True,0.23991384892724454,0.23991384892724454
ABV/20230321-UltimateAutomizerSvcomp2023/test-memleak_nexttime.i_21.smt2,Bitwuzla,True,0.22290057688951492,0.22290057688951492
ABV/20230321-UltimateAutomizerSvcomp2023/ex3_forlist.i_355.smt2,Bitwuzla,True,0.23719178489409387,0.23719178489409387
ABV/20230321-UltimateAutomizerSvcomp2023/test-0134.i_48.smt2,SMTInterpol,True,0.537977795000188,0.537977795000188
ABV/20230321-UltimateAutomizerSvcomp2023/dll2n_insert_unequal.i_30.smt2,Bitwuzla,True,0.233605737099424,0.233605737099424
ABV/20190429-UltimateAutomizerSvcomp2019/dll_of_dll_false-unreach-call_false-valid-memcleanup.i_15.smt2,Bitwuzla,True,0.24547199299558997,0.24547199299558997
ABV/20230321-UltimateAutomizerSvcomp2023/test-memleak_nexttime.i_311.smt2,Bitwuzla,True,0.34205337706953287,0.34205337706953287
ABV/20230321-UltimateAutomizerSvcomp2023/test-memleak_nexttime.i_99.smt2,Bitwuzla,True,0.23203861503861845,0.23203861503861845
ABV/20230321-UltimateAutomizerSvcomp2023/merge_sort-2.i_3.smt2,Bitwuzla,True,0.22828987310640514,0.22828987310640514
ABV/20230321-UltimateAutomizerSvcomp2023/memleaks_test7-2.i_9.smt2,SMTInterpol,True,0.598857241042424,0.598857241042424
ABV/20230321-UltimateAutomizerSvcomp2023/simple_search_value-1.i_40.smt2,Bitwuzla,True,0.22760408511385322,0.22760408511385322
ABV/20230321-UltimateAutomizerSvcomp2023/test-memleak_nexttime.i_568.smt2,Bitwuzla,True,0.258442992111668,0.258442992111668
ABV/20230321-UltimateAutomizerSvcomp2023/sll_to_dll_rev-2.i_14.smt2,Bitwuzla,True,0.251450277864933,0.251450277864933
ABV/20190429-UltimateAutomizerSvcomp2019/list_flag_true-unreach-call_false-valid-memtrack.i_1.smt2,SMTInterpol,True,0.502274481987115,0.502274481987115
ABV/20230321-UltimateAutomizerSvcomp2023/sll-rb-sentinel-2.i_22.smt2,Bitwuzla,True,0.2250896638724953,0.2250896638724953
ABV/20230321-UltimateAutomizerSvcomp2023/dll2n_append_equal.i_74.smt2,Bitwuzla,True,0.23726615402847528,0.23726615402847528
ABV/20230321-UltimateAutomizerSvcomp2023/simple-ext_1.i_48.smt2,Bitwuzla,True,0.23728184215724468,0.23728184215724468
ABV/20230321-UltimateAutomizerSvcomp2023/list_search-1.i_21.smt2,Bitwuzla,True,0.2648427849635482,0.2648427849635482
ABV/20230321-UltimateAutomizerSvcomp2023/sll2n_prepend_equal.i_38.smt2,Bitwuzla,True,0.22850449406541884,0.22850449406541884
ABV/20230321-UltimateAutomizerSvcomp2023/test-memleak_nexttime.i_64.smt2,Bitwuzla,True,0.2197607378475368,0.2197607378475368
ABV/20190429-UltimateAutomizerSvcomp2019/list_search_false-unreach-call_false-valid-memcleanup.i_0.smt2,SMTInterpol,True,0.4957469339715317,0.4957469339715317
ABV/20230321-UltimateAutomizerSvcomp2023/list-ext_flag_1.i_79.smt2,Bitwuzla,True,0.22312242980115116,0.22312242980115116
ABV/20230321-UltimateAutomizerSvcomp2023/simple_search_value-2.i_65.smt2,Bitwuzla,True,0.24790794984437525,0.24790794984437525
ABV/20230321-UltimateAutomizerSvcomp2023/sll2n_insert_equal.i_26.smt2,Bitwuzla,True,0.2755513440351933,0.2755513440351933
ABV/20230321-UltimateAutomizerSvcomp2023/ex3_forlist.i_510.smt2,Bitwuzla,True,0.23966306704096496,0.23966306704096496
ABV/20230321-UltimateAutomizerSvcomp2023/test_mutex_unbounded-2.i_72.smt2,Bitwuzla,True,0.25225578993558884,0.25225578993558884
ABV/20230321-UltimateAutomizerSvcomp2023/test-0513_1.i_93.smt2,Bitwuzla,True,0.22786217299290001,0.22786217299290001
ABV/20230321-UltimateAutomizerSvcomp2023/list_search-1.i_34.smt2,Bitwuzla,True,0.2260881511028856,0.2260881511028856
ABV/20230321-UltimateAutomizerSvcomp2023/simple_search_value-1.i_13.smt2,Bitwuzla,True,0.24409054196439683,0.24409054196439683
ABV/20230321-UltimateAutomizerSvcomp2023/list_and_tree_cnstr-1.i_46.smt2,Bitwuzla,True,0.22135624918155372,0.22135624918155372
ABV/20230321-UltimateAutomizerSvcomp2023/test-memleak_nexttime.i_104.smt2,Bitwuzla,True,0.31625203718431294,0.31625203718431294
ABV/20230321-UltimateAutomizerSvcomp2023/sll2c_insert_unequal.i_121.smt2,Bitwuzla,True,0.2428139979019761,0.2428139979019761
ABV/20230321-UltimateAutomizerSvcomp2023/sll2n_insert_unequal.i_162.smt2,Bitwuzla,True,0.24256607214920223,0.24256607214920223
ABV/20230321-UltimateAutomizerSvcomp2023/memleaks_test14_3.i_2.smt2,Bitwuzla,True,0.23585762293078005,0.23585762293078005
ABV/20230321-UltimateAutomizerSvcomp2023/dancing.i_37.smt2,Bitwuzla,True,0.23976747505366802,0.23976747505366802
ABV/20230321-UltimateAutomizerSvcomp2023/packet_filter.i_2.smt2,Bitwuzla,True,0.23334285500459373,0.23334285500459373
ABV/20230321-UltimateAutomizerSvcomp2023/memleaks_test6_2.i_10.smt2,SMTInterpol,True,0.5135936180013232,0.5135936180013232
ABV/20230321-UltimateAutomizerSvcomp2023/sll2c_insert_equal.i_30.smt2,Bitwuzla,True,0.22664407105185091,0.22664407105185091
ABV/20230321-UltimateAutomizerSvcomp2023/memleaks_test16.i_4.smt2,SMTInterpol,True,0.5578313829610124,0.5578313829610124
ABV/20230321-UltimateAutomizerSvcomp2023/sll2n_insert_equal.i_53.smt2,Bitwuzla,True,0.24643136700615287,0.24643136700615287
ABV/20230321-UltimateAutomizerSvcomp2023/optional_data_creation_test04-1.i_18.smt2,Bitwuzla,True,0.23804951296187937,0.23804951296187937
ABV/20230321-UltimateAutomizerSvcomp2023/ex3_forlist.i_142.smt2,Bitwuzla,True,0.2410866490099579,0.2410866490099579
ABV/20230321-UltimateAutomizerSvcomp2023/dll2c_insert_equal.i_35.smt2,Bitwuzla,True,0.2387176351621747,0.2387176351621747
ABV/20230321-UltimateAutomizerSvcomp2023/ex3_forlist.i_201.smt2,Bitwuzla,True,0.2497700268868357,0.2497700268868357
ABV/20230321-UltimateAutomizerSvcomp2023/dll_of_dll-2.i_203.smt2,SMTInterpol,True,0.5382807169808075,0.5382807169808075
ABV/20230321-UltimateAutomizerSvcomp2023/list_and_tree_cnstr-1.i_28.smt2,Bitwuzla,True,0.24783640401437879,0.24783640401437879
ABV/20230321-UltimateAutomizerSvcomp2023/test-0134.i_11.smt2,Bitwuzla,True,0.2480419499333948,0.2480419499333948
ABV/20230321-UltimateAutomizerSvcomp2023/sll_to_dll_rev-2.i_9.smt2,Bitwuzla,True,0.22504074685275555,0.22504074685275555
ABV/20230321-UltimateAutomizerSvcomp2023/sll-reverse_simple.i_2.smt2,Bitwuzla,True,0.24795681005343795,0.24795681005343795
ABV/20230321-UltimateAutomizerSvcomp2023/list-2.i_37.smt2,SMTInterpol,True,0.5178645710111596,0.5178645710111596
ABV/20230321-UltimateAutomizerSvcomp2023/sll2n_append_unequal.i_69.smt2,Bitwuzla,True,0.22801139089278877,0.22801139089278877
ABV/20230321-UltimateAutomizerSvcomp2023/ex3_forlist.i_316.smt2,SMTInterpol,True,0.49851075396873057,0.49851075396873057
ABV/20190429-UltimateAutomizerSvcomp2019/list_flag_true-unreach-call_false-valid-memtrack.i_9.smt2,Bitwuzla,True,0.31869361991994083,0.31869361991994083
ABV/20230321-UltimateAutomizerSvcomp2023/tree_of_cslls.i_16.smt2,Bitwuzla,True,0.232016758993268,0.232016758993268
ABV/20230321-UltimateAutomizerSvcomp2023/test-memleak_nexttime.i_398.smt2,Bitwuzla,True,0.24887529714033008,0.24887529714033008
ABV/20230321-UltimateAutomizerSvcomp2023/dll2c_update_all.i_108.smt2,Bitwuzla,True,0.22479365998879075,0.22479365998879075
ABV/20230321-UltimateAutomizerSvcomp2023/sll2n_append_equal.i_29.smt2,Bitwuzla,True,0.2489514120388776,0.2489514120388776
ABV/20230321-UltimateAutomizerSvcomp2023/shared_mem1.i_6.smt2,Bitwuzla,True,0.23996190796606243,0.23996190796606243
ABV/20230321-UltimateAutomizerSvcomp2023/sll2n_insert_unequal.i_221.smt2,Bitwuzla,True,0.2250689121428877,0.2250689121428877
ABV/20230321-UltimateAutomizerSvcomp2023/list-ext_flag_1.i_21.smt2,Bitwuzla,True,0.23652515187859535,0.23652515187859535
ABV/20230321-UltimateAutomizerSvcomp2023/ex3_forlist.i_252.smt2,Bitwuzla,True,0.22230818402022123,0.22230818402022123
ABV/20230321-UltimateAutomizerSvcomp2023/dll2c_insert_equal.i_46.smt2,Bitwuzla,True,0.23489010706543922,0.23489010706543922
ABV/20230321-UltimateAutomizerSvcomp2023/sll2c_insert_unequal.i_126.smt2,Bitwuzla,True,0.22145896195434034,0.22145896195434034
ABV/20230321-UltimateAutomizerSvcomp2023/test-memleak_nexttime.i_254.smt2,Bitwuzla,True,0.21984998090192676,0.21984998090192676
ABV/20230321-UltimateAutomizerSvcomp2023/packet_filter.i_36.smt2,Bitwuzla,True,0.24032573914155364,0.24032573914155364
ABV/20230321-UltimateAutomizerSvcomp2023/list-ext_flag_1.i_118.smt2,SMTInterpol,True,0.5414336110115983,0.5414336110115983
ABV/20230321-UltimateAutomizerSvcomp2023/test_mutex_unbounded-1.i_15.smt2,Bitwuzla,True,0.22731833695434034,0.22731833695434034
ABV/20230321-UltimateAutomizerSvcomp2023/memleaks_test9.i_3.smt2,SMTInterpol,True,0.528235338977538,0.528235338977538
ABV/20230321-UltimateAutomizerSvcomp2023/test_mutex_unbounded-2.i_93.smt2,Bitwuzla,True,0.22370955115184188,0.22370955115184188
ABV/20230321-UltimateAutomizerSvcomp2023/bubble_sort_linux-1.i_6.smt2,Bitwuzla,True,0.2371723740361631,0.2371723740361631
ABV/20230321-UltimateAutomizerSvcomp2023/test-memleak_nexttime.i_506.smt2,Bitwuzla,True,0.24236608808860183,0.24236608808860183
ABV/20230321-UltimateAutomizerSvcomp2023/test_mutex_unbounded-1.i_21.smt2,Bitwuzla,True,0.2244140028487891,0.2244140028487891
ABV/20230321-UltimateAutomizerSvcomp2023/test-memleak_nexttime.i_513.smt2,Bitwuzla,True,0.23165634786710143,0.23165634786710143
ABV/20230321-UltimateAutomizerSvcomp2023/complex_data_creation_test02-2.i_6.smt2,Bitwuzla,True,0.25379921682178974,0.25379921682178974
ABV/20230321-UltimateAutomizerSvcomp2023/packet_filter.i_10.smt2,Bitwuzla,True,0.25945403310470283,0.25945403310470283
ABV/20230321-UltimateAutomizerSvcomp2023/sll-rb-sentinel-1.i_10.smt2,Bitwuzla,True,0.23854996892623603,0.23854996892623603
ABV/20230321-UltimateAutomizerSvcomp2023/memleaks_test17_2-2.i_4.smt2,Bitwuzla,True,0.23297516885213554,0.23297516885213554
ABV/20230321-UltimateAutomizerSvcomp2023/memleaks_test7-1.i_2.smt2,Bitwuzla,True,0.21839297516271472,0.21839297516271472
ABV/20230321-UltimateAutomizerSvcomp2023/sll-sorted-2.i_14.smt2,Bitwuzla,True,0.24792145797982812,0.24792145797982812
ABV/20230321-UltimateAutomizerSvcomp2023/memleaks_test22_1-2.i_3.smt2,Bitwuzla,True,0.22959356103092432,0.22959356103092432
ABV/20230321-UltimateAutomizerSvcomp2023/dll2c_insert_equal.i_52.smt2,Bitwuzla,True,0.22729231393896043,0.22729231393896043
ABV/20230321-UltimateAutomizerSvcomp2023/ex3_forlist.i_302.smt2,Bitwuzla,True,0.2278754881117493,0.2278754881117493
ABV/20230321-UltimateAutomizerSvcomp2023/dll2n_append_equal.i_75.smt2,Bitwuzla,True,0.25342264608480036,0.25342264608480036
ABV/20230321-UltimateAutomizerSvcomp2023/sll2n_append_unequal.i_56.smt2,Bitwuzla,True,0.2242893921211362,0.2242893921211362
ABV/20230321-UltimateAutomizerSvcomp2023/list-ext_1.i_24.smt2,Bitwuzla,True,0.21781210391782224,0.21781210391782224
ABV/20230321-UltimateAutomizerSvcomp2023/shared_mem1.i_3.smt2,Bitwuzla,True,0.254894585814327,0.254894585814327
ABV/20230321-UltimateAutomizerSvcomp2023/ex3_forlist.i_213.smt2,Bitwuzla,True,0.2168951581697911,0.2168951581697911
ABV/20230321-UltimateAutomizerSvcomp2023/dll2n_append_equal.i_64.smt2,Bitwuzla,True,0.22577723790891469,0.22577723790891469
ABV/20230321-UltimateAutomizerSvcomp2023/sll_to_dll_rev-2.i_97.smt2,Bitwuzla,True,0.24439196102321148,0.24439196102321148
ABV/20230321-UltimateAutomizerSvcomp2023/ex3_forlist.i_215.smt2,Bitwuzla,True,0.2299011740833521,0.2299011740833521
ABV/20230321-UltimateAutomizerSvcomp2023/list-ext_flag.i_13.smt2,Bitwuzla,True,0.21998956403695047,0.21998956403695047
ABV/20190429-UltimateAutomizerSvcomp2019/alternating_list_true-unreach-call_true-valid-memsafety.i_1.smt2,SMTInterpol,True,0.47446923598181456,0.47446923598181456
ABV/20230321-UltimateAutomizerSvcomp2023/bubble_sort_linux-2.i_26.smt2,Bitwuzla,True,0.24949831794947386,0.24949831794947386
ABV/20230321-UltimateAutomizerSvcomp2023/dll2n_insert_equal.i_1.smt2,Bitwuzla,True,0.22410228988155723,0.22410228988155723
ABV/20230321-UltimateAutomizerSvcomp2023/sll-reverse_simple.i_3.smt2,Bitwuzla,True,0.24465051689185202,0.24465051689185202
ABV/20230321-UltimateAutomizerSvcomp2023/test_mutex_unbounded-1.i_47.smt2,Bitwuzla,True,0.23710539704188704,0.23710539704188704
ABV/20230321-UltimateAutomizerSvcomp2023/simple_built_from_end.i_9.smt2,Bitwuzla,True,0.2900868458673358,0.2900868458673358
ABV/20230321-UltimateAutomizerSvcomp2023/test-memleak_nexttime.i_11.smt2,Bitwuzla,True,0.330730919027701,0.330730919027701
ABV/20230321-UltimateAutomizerSvcomp2023/complex_data_creation_test01-1.i_12.smt2,Bitwuzla,True,0.2591773341409862,0.2591773341409862
ABV/20230321-UltimateAutomizerSvcomp2023/ex3_forlist.i_596.smt2,Bitwuzla,True,0.22083357092924416,0.22083357092924416
ABV/20230321-UltimateAutomizerSvcomp2023/optional_data_creation_test04-1.i_37.smt2,Bitwuzla,True,0.22985443100333214,0.22985443100333214
ABV/20230321-UltimateAutomizerSvcomp2023/sll2c_insert_unequal.i_124.smt2,Bitwuzla,True,0.2464199608657509,0.2464199608657509
ABV/20230321-UltimateAutomizerSvcomp2023/bubble_sort_linux-2.i_2.smt2,Bitwuzla,True,0.24158313288353384,0.24158313288353384
ABV/20230321-UltimateAutomizerSvcomp2023/sll_circular_traversal-2.i_6.smt2,Bitwuzla,True,0.24882734706625342,0.24882734706625342
ABV/20230321-UltimateAutomizerSvcomp2023/test-memleak_nexttime.i_200.smt2,Bitwuzla,True,0.23990100109949708,0.23990100109949708
ABV/20230321-UltimateAutomizerSvcomp2023/dll-queue-1.i_10.smt2,SMTInterpol,True,0.5427879460039549,0.5427879460039549
ABV/20230321-UltimateAutomizerSvcomp2023/test_mutex_unbounded-2.i_25.smt2,Bitwuzla,True,0.22620773315429688,0.22620773315429688
ABV/20230321-UltimateAutomizerSvcomp2023/hash_fun.i_1.smt2,Bitwuzla,True,0.22900117398239672,0.22900117398239672
ABV/20230321-UltimateAutomizerSvcomp2023/dll-token-1.i_8.smt2,Bitwuzla,False,1200,2400
ABV/20230321-UltimateAutomizerSvcomp2023/ex3_forlist.i_127.smt2,Bitwuzla,True,0.22111290087923408,0.22111290087923408
ABV/20230321-UltimateAutomizerSvcomp2023/ex3_forlist.i_386.smt2,Bitwuzla,True,0.22122312802821398,0.22122312802821398
ABV/20230321-UltimateAutomizerSvcomp2023/sll2n_insert_unequal.i_238.smt2,SMTInterpol,True,0.6883264110074379,0.6883264110074379
ABV/20230321-UltimateAutomizerSvcomp2023/test_mutex_unbounded-1.i_50.smt2,Bitwuzla,True,0.2411140671465546,0.2411140671465546
ABV/20230321-UltimateAutomizerSvcomp2023/tree_of_cslls.i_29.smt2,SMTInterpol,False,1200,2400
ABV/20230321-UltimateAutomizerSvcomp2023/sll2n_prepend_equal.i_34.smt2,Bitwuzla,True,0.22663395991548896,0.22663395991548896
ABV/20230321-UltimateAutomizerSvcomp2023/ex3_forlist.i_24.smt2,Bitwuzla,True,0.21954452199861407,0.21954452199861407
ABV/20190429-UltimateAutomizerSvcomp2019/s3_clnt.blast.04_false-unreach-call.i.cil.c_0.smt2,Bitwuzla,True,0.2637616959400475,0.2637616959400475
ABV/20230321-UltimateAutomizerSvcomp2023/list_and_tree_cnstr-1.i_18.smt2,Bitwuzla,True,0.21590317995287478,0.21590317995287478
ABV/20230321-UltimateAutomizerSvcomp2023/test_mutex_unbounded-2.i_70.smt2,Bitwuzla,True,0.2193306579720229,0.2193306579720229
ABV/20230321-UltimateAutomizerSvcomp2023/dll2n_append_unequal.i_37.smt2,Bitwuzla,True,0.22391277411952615,0.22391277411952615
ABV/20230321-UltimateAutomizerSvcomp2023/ex3_forlist.i_415.smt2,Bitwuzla,True,0.21944118198007345,0.21944118198007345
ABV/20230321-UltimateAutomizerSvcomp2023/dll_of_dll-2.i_38.smt2,Bitwuzla,True,0.24897245108149946,0.24897245108149946
ABV/20230321-UltimateAutomizerSvcomp2023/test_add-2.i_26.smt2,cvc5,True,0.22294035903178155,0.22294035903178155
ABV/20230321-UltimateAutomizerSvcomp2023/sll-reverse_simple.i_7.smt2,Bitwuzla,True,0.22517974697984755,0.22517974697984755
ABV/20230321-UltimateAutomizerSvcomp2023/sll2c_insert_equal.i_116.smt2,Bitwuzla,True,0.2258675459306687,0.2258675459306687
ABV/20230321-UltimateAutomizerSvcomp2023/ex3_forlist.i_449.smt2,Bitwuzla,True,0.24083018698729575,0.24083018698729575
ABV/20230321-UltimateAutomizerSvcomp2023/dll2n_update_all.i_12.smt2,Bitwuzla,True,0.2467677090317011,0.2467677090317011
ABV/20230321-UltimateAutomizerSvcomp2023/sll2n_insert_unequal.i_155.smt2,Bitwuzla,True,0.23740631388500333,0.23740631388500333
ABV/20230321-UltimateAutomizerSvcomp2023/list-ext_1.i_20.smt2,Bitwuzla,True,0.2553345600608736,0.2553345600608736
ABV/20230321-UltimateAutomizerSvcomp2023/test-memleak_nexttime.i_291.smt2,Bitwuzla,True,0.22974659595638514,0.22974659595638514
ABV/20230321-UltimateAutomizerSvcomp2023/sll2n_insert_equal.i_31.smt2,Bitwuzla,True,0.23195500602014363,0.23195500602014363
ABV/20230321-UltimateAutomizerSvcomp2023/test_mutex.i_13.smt2,Bitwuzla,True,0.22848830092698336,0.22848830092698336
ABV/20230321-UltimateAutomizerSvcomp2023/calendar.i_3.smt2,SMTInterpol,True,0.5979216460254975,0.5979216460254975
ABV/20230321-UltimateAutomizerSvcomp2023/ex3_forlist.i_31.smt2,Bitwuzla,True,0.24586308491416276,0.24586308491416276
ABV/20190429-UltimateAutomizerSvcomp2019/list-ext_flag_false-unreach-call_false-valid-deref.i_4.smt2,SMTInterpol,True,0.5028841570019722,0.5028841570019722
ABV/20230321-UltimateAutomizerSvcomp2023/memleaks_test13.i_63.smt2,SMTInterpol,True,0.5000137999886647,0.5000137999886647
ABV/20230321-UltimateAutomizerSvcomp2023/dll-token-1.i_16.smt2,Bitwuzla,True,0.25012423703446984,0.25012423703446984
ABV/20230321-UltimateAutomizerSvcomp2023/memleaks_test6_1.i_9.smt2,SMTInterpol,True,0.5031278040260077,0.5031278040260077
ABV/20230321-UltimateAutomizerSvcomp2023/split_list_test05-1.i_18.smt2,Bitwuzla,True,0.24167384603060782,0.24167384603060782
ABV/20230321-UltimateAutomizerSvcomp2023/20020406-1.i_5.smt2,SMTInterpol,True,0.544966702000238,0.544966702000238
ABV/20230321-UltimateAutomizerSvcomp2023/test_mutex.i_22.smt2,Bitwuzla,True,0.24482977902516723,0.24482977902516723
ABV/20230321-UltimateAutomizerSvcomp2023/sll2n_append_equal.i_33.smt2,Bitwuzla,True,0.22021890780888498,0.22021890780888498
ABV/20230321-UltimateAutomizerSvcomp2023/sll2n_insert_unequal.i_53.smt2,Bitwuzla,True,0.23887508502230048,0.23887508502230048
ABV/20230321-UltimateAutomizerSvcomp2023/splice-2.i_3.smt2,Bitwuzla,True,0.2485464031342417,0.2485464031342417
ABV/20230321-UltimateAutomizerSvcomp2023/dll_extends_pointer.i_1.smt2,SMTInterpol,True,0.45355204498628154,0.45355204498628154
ABV/20230321-UltimateAutomizerSvcomp2023/sep20-1.i_1.smt2,Bitwuzla,True,0.24849832197651267,0.24849832197651267
ABV/20230321-UltimateAutomizerSvcomp2023/memleaks_test18_3.i_58.smt2,Bitwuzla,True,0.2666361031588167,0.2666361031588167
ABV/20230321-UltimateAutomizerSvcomp2023/test-memleak_nexttime.i_570.smt2,Bitwuzla,True,0.2244463579263538,0.2244463579263538
ABV/20230321-UltimateAutomizerSvcomp2023/simple_search_value-2.i_117.smt2,Bitwuzla,True,0.2364022999536246,0.2364022999536246
ABV/20230321-UltimateAutomizerSvcomp2023/ex3_forlist.i_17.smt2,Bitwuzla,True,0.21981384698301554,0.21981384698301554
ABV/20230321-UltimateAutomizerSvcomp2023/dll2c_insert_equal.i_20.smt2,Bitwuzla,True,0.25483667687512934,0.25483667687512934
ABV/20230321-UltimateAutomizerSvcomp2023/memleaks_test14_1.i_3.smt2,SMTInterpol,True,0.5066134440130554,0.5066134440130554
ABV/20230321-UltimateAutomizerSvcomp2023/list_search-1.i_14.smt2,Bitwuzla,True,0.2232411119621247,0.2232411119621247
ABV/20230321-UltimateAutomizerSvcomp2023/test_mutex_unbounded-2.i_83.smt2,Bitwuzla,True,0.24346742499619722,0.24346742499619722
ABV/20230321-UltimateAutomizerSvcomp2023/dll_circular_traversal-2.i_8.smt2,Bitwuzla,True,0.25206898897886276,0.25206898897886276
ABV/20230321-UltimateAutomizerSvcomp2023/ex3_forlist.i_380.smt2,Bitwuzla,True,0.22469091298989952,0.22469091298989952
ABV/20230321-UltimateAutomizerSvcomp2023/dll2n_append_equal.i_71.smt2,Bitwuzla,True,0.2606703699566424,0.2606703699566424
ABV/20230321-UltimateAutomizerSvcomp2023/test_mutex.i_31.smt2,Bitwuzla,True,0.23462861706502736,0.23462861706502736
ABV/20230321-UltimateAutomizerSvcomp2023/dll2n_prepend_unequal.i_4.smt2,Bitwuzla,True,0.2297184281051159,0.2297184281051159
ABV/20230321-UltimateAutomizerSvcomp2023/sll2n_prepend_equal.i_45.smt2,Bitwuzla,True,0.22673783800564706,0.22673783800564706
ABV/20230321-UltimateAutomizerSvcomp2023/dll-token-1.i_10.smt2,Bitwuzla,True,0.22499080188572407,0.22499080188572407
ABV/20230321-UltimateAutomizerSvcomp2023/memleaks_test14.i_3.smt2,Bitwuzla,True,0.22454155096784234,0.22454155096784234
ABV/20230321-UltimateAutomizerSvcomp2023/dll_of_dll-2.i_54.smt2,Bitwuzla,True,0.22302964003756642,0.22302964003756642
ABV/20230321-UltimateAutomizerSvcomp2023/ex3_forlist.i_268.smt2,Bitwuzla,True,0.21717191487550735,0.21717191487550735
ABV/20230321-UltimateAutomizerSvcomp2023/sll_circular_traversal-2.i_15.smt2,Bitwuzla,True,0.245642646914348,0.245642646914348
ABV/20230321-UltimateAutomizerSvcomp2023/sll2c_prepend_equal.i_26.smt2,Bitwuzla,True,0.22656995407305658,0.22656995407305658
ABV/20230321-UltimateAutomizerSvcomp2023/memleaks_test15-2.i_5.smt2,Bitwuzla,True,0.2623425950296223,0.2623425950296223
ABV/20230321-UltimateAutomizerSvcomp2023/list-1.i_50.smt2,Bitwuzla,True,0.21933295903727412,0.21933295903727412
ABV/20230321-UltimateAutomizerSvcomp2023/memleaks_test20-2.i_6.smt2,Bitwuzla,True,0.22340352600440383,0.22340352600440383
ABV/20230321-UltimateAutomizerSvcomp2023/dll2n_append_equal.i_91.smt2,Bitwuzla,True,0.24711925815790892,0.24711925815790892
ABV/20230321-UltimateAutomizerSvcomp2023/list-ext_flag.i_100.smt2,Bitwuzla,True,0.2246019970625639,0.2246019970625639
ABV/20230321-UltimateAutomizerSvcomp2023/ex3_forlist.i_99.smt2,Bitwuzla,True,0.26982349692843854,0.26982349692843854
ABV/20190429-UltimateAutomizerSvcomp2019/sll-rb-sentinel_false-unreach-call_false-valid-memcleanup.i_9.smt2,Bitwuzla,True,0.22637399611994624,0.22637399611994624
ABV/20230321-UltimateAutomizerSvcomp2023/memleaks_test15-1.i_12.smt2,SMTInterpol,True,0.5171933160163462,0.5171933160163462
ABV/20230321-UltimateAutomizerSvcomp2023/memleaks_test18_3.i_56.smt2,Bitwuzla,True,0.24826780403964221,0.24826780403964221
ABV/20230321-UltimateAutomizerSvcomp2023/test-memleak_nexttime.i_338.smt2,Bitwuzla,True,0.24865619302727282,0.24865619302727282
ABV/20230321-UltimateAutomizerSvcomp2023/test-memleak_nexttime.i_340.smt2,Bitwuzla,True,0.24645473202690482,0.24645473202690482
ABV/20230321-UltimateAutomizerSvcomp2023/list_flag-2.i_33.smt2,Bitwuzla,True,0.23003615601919591,0.23003615601919591
ABV/20230321-UltimateAutomizerSvcomp2023/dll2c_insert_equal.i_38.smt2,Bitwuzla,True,0.2500746548175812,0.2500746548175812
ABV/20230321-UltimateAutomizerSvcomp2023/optional_data_creation_test04-1.i_0.smt2,Bitwuzla,True,0.2295018678996712,0.2295018678996712
ABV/20230321-UltimateAutomizerSvcomp2023/list-ext_flag_1.i_44.smt2,Bitwuzla,True,0.24669675389304757,0.24669675389304757
ABV/20230321-UltimateAutomizerSvcomp2023/elimination_max.c_8.smt2,Bitwuzla,True,0.23479655804112554,0.23479655804112554
ABV/20230321-UltimateAutomizerSvcomp2023/dll2n_insert_equal.i_6.smt2,Bitwuzla,True,0.218444867990911,0.218444867990911
ABV/20230321-UltimateAutomizerSvcomp2023/bubble_sort_linux-2.i_92.smt2,Bitwuzla,True,0.22041136701591313,0.22041136701591313
ABV/20190429-UltimateAutomizerSvcomp2019/s3_clnt.blast.01_false-unreach-call.i.cil.c_3.smt2,Bitwuzla,True,0.23962580086663365,0.23962580086663365
ABV/20230321-UltimateAutomizerSvcomp2023/test-memleak_nexttime.i_343.smt2,Bitwuzla,True,0.3226376660168171,0.3226376660168171
ABV/20230321-UltimateAutomizerSvcomp2023/sll2n_update_all_reverse.i_38.smt2,SMTInterpol,True,0.6201350950286724,0.6201350950286724
ABV/20230321-UltimateAutomizerSvcomp2023/dll2n_prepend_unequal.i_0.smt2,Bitwuzla,True,0.2431768928654492,0.2431768928654492
ABV/20230321-UltimateAutomizerSvcomp2023/dll2n_append_equal.i_81.smt2,Bitwuzla,True,0.22249554400332272,0.22249554400332272
ABV/20230321-UltimateAutomizerSvcomp2023/bubble_sort_linux-2.i_11.smt2,Bitwuzla,True,0.22167164785787463,0.22167164785787463
ABV/20230321-UltimateAutomizerSvcomp2023/dll2c_insert_equal.i_9.smt2,Bitwuzla,True,0.25064345984719694,0.25064345984719694
ABV/20230321-UltimateAutomizerSvcomp2023/eureka_05.i_8.smt2,Bitwuzla,True,0.27635959000326693,0.27635959000326693
ABV/20230321-UltimateAutomizerSvcomp2023/test-memleak_nexttime.i_469.smt2,Bitwuzla,True,0.23133885790593922,0.23133885790593922
ABV/20230321-UltimateAutomizerSvcomp2023/test-memleak_nexttime.i_490.smt2,Bitwuzla,True,0.23028670600615442,0.23028670600615442
ABV/20230321-UltimateAutomizerSvcomp2023/sll2c_insert_unequal.i_83.smt2,Bitwuzla,True,0.2546256489586085,0.2546256489586085
ABV/20230321-UltimateAutomizerSvcomp2023/list_and_tree_cnstr-1.i_14.smt2,SMTInterpol,True,0.4881243259878829,0.4881243259878829
ABV/20230321-UltimateAutomizerSvcomp2023/list-1.i_26.smt2,Bitwuzla,True,0.2241588239558041,0.2241588239558041
ABV/20230321-UltimateAutomizerSvcomp2023/test_mutex_unbounded-2.i_89.smt2,Bitwuzla,True,0.22011483297683299,0.22011483297683299
ABV/20230321-UltimateAutomizerSvcomp2023/sll_to_dll_rev-1.i_41.smt2,Bitwuzla,True,0.23047272092662752,0.23047272092662752
ABV/20230321-UltimateAutomizerSvcomp2023/sum_array-2.i_7.smt2,Bitwuzla,True,0.22634349390864372,0.22634349390864372
ABV/20230321-UltimateAutomizerSvcomp2023/sll2n_insert_unequal.i_118.smt2,Bitwuzla,True,0.23615408595651388,0.23615408595651388
ABV/20230321-UltimateAutomizerSvcomp2023/sll2c_insert_unequal.i_11.smt2,Bitwuzla,True,0.2264587280806154,0.2264587280806154
ABV/20230321-UltimateAutomizerSvcomp2023/sll2n_prepend_equal.i_31.smt2,Bitwuzla,True,0.22474522702395916,0.22474522702395916
ABV/20230321-UltimateAutomizerSvcomp2023/memleaks_test23_3.i_1.smt2,SMTInterpol,True,0.5402747589978389,0.5402747589978389
ABV/20230321-UltimateAutomizerSvcomp2023/sll-rb-sentinel-1.i_39.smt2,Bitwuzla,True,0.25228257896378636,0.25228257896378636
ABV/20230321-UltimateAutomizerSvcomp2023/test-memleak_nexttime.i_426.smt2,Bitwuzla,True,0.21765178511850536,0.21765178511850536
ABV/20230321-UltimateAutomizerSvcomp2023/sll2n_insert_unequal.i_65.smt2,Bitwuzla,True,0.22237998293712735,0.22237998293712735
ABV/20230321-UltimateAutomizerSvcomp2023/dll_of_dll-2.i_91.smt2,Bitwuzla,True,0.24498430103994906,0.24498430103994906
ABV/20230321-UltimateAutomizerSvcomp2023/sll-rb-sentinel-2.i_43.smt2,Bitwuzla,True,0.24504848406650126,0.24504848406650126
ABV/20230321-UltimateAutomizerSvcomp2023/tree_of_cslls.i_12.smt2,Bitwuzla,True,0.2692501759156585,0.2692501759156585
ABV/20230321-UltimateAutomizerSvcomp2023/list_search-1.i_0.smt2,Bitwuzla,True,0.25616351002827287,0.25616351002827287
ABV/20230321-UltimateAutomizerSvcomp2023/ex3_forlist.i_455.smt2,Bitwuzla,True,0.23258938803337514,0.23258938803337514
ABV/20230321-UltimateAutomizerSvcomp2023/simple_search_value-2.i_39.smt2,Bitwuzla,True,0.22214359510689974,0.22214359510689974
ABV/20230321-UltimateAutomizerSvcomp2023/list-ext_flag.i_48.smt2,Bitwuzla,True,0.22480515390634537,0.22480515390634537
ABV/20230321-UltimateAutomizerSvcomp2023/list_search-1.i_38.smt2,Bitwuzla,True,0.2208055448718369,0.2208055448718369
ABV/20230321-UltimateAutomizerSvcomp2023/test-memleak_nexttime.i_41.smt2,Bitwuzla,True,0.2359194359742105,0.2359194359742105
ABV/20230321-UltimateAutomizerSvcomp2023/shared_mem1.i_4.smt2,Bitwuzla,True,0.2451374491211027,0.2451374491211027
ABV/20230321-UltimateAutomizerSvcomp2023/splice-2.i_73.smt2,Bitwuzla,True,0.23082553315907717,0.23082553315907717
ABV/20230321-UltimateAutomizerSvcomp2023/dll_of_dll-2.i_5.smt2,Bitwuzla,True,0.2426964589394629,0.2426964589394629
ABV/20230321-UltimateAutomizerSvcomp2023/ex3_forlist.i_36.smt2,Bitwuzla,True,0.23060159012675285,0.23060159012675285
ABV/20230321-UltimateAutomizerSvcomp2023/bubble_sort_linux-2.i_101.smt2,Bitwuzla,True,0.24063103599473834,0.24063103599473834
ABV/20230321-UltimateAutomizerSvcomp2023/sll_circular_traversal-2.i_2.smt2,Bitwuzla,True,0.2269734798464924,0.2269734798464924
ABV/20230321-UltimateAutomizerSvcomp2023/dll2c_insert_equal.i_68.smt2,Bitwuzla,True,0.2219355460256338,0.2219355460256338
ABV/20230321-UltimateAutomizerSvcomp2023/dll2c_prepend_equal.i_10.smt2,Bitwuzla,True,0.24696727492846549,0.24696727492846549
ABV/20230321-UltimateAutomizerSvcomp2023/test-memleak_nexttime.i_231.smt2,Bitwuzla,True,0.2483671500813216,0.2483671500813216
ABV/20230321-UltimateAutomizerSvcomp2023/dll2c_append_unequal.i_15.smt2,Bitwuzla,True,0.23938986286520958,0.23938986286520958
ABV/20230321-UltimateAutomizerSvcomp2023/test_mutex_unbounded-2.i_67.smt2,Bitwuzla,True,0.25250317296013236,0.25250317296013236
ABV/20230321-UltimateAutomizerSvcomp2023/simple-ext_1.i_51.smt2,Bitwuzla,True,0.2193580809980631,0.2193580809980631
ABV/20230321-UltimateAutomizerSvcomp2023/sll2n_insert_unequal.i_86.smt2,Bitwuzla,True,0.2251187728252262,0.2251187728252262
ABV/20230321-UltimateAutomizerSvcomp2023/dll2c_insert_unequal.i_10.smt2,Bitwuzla,True,0.2566059490200132,0.2566059490200132
ABV/20230321-UltimateAutomizerSvcomp2023/eureka_05.i_54.smt2,Bitwuzla,True,0.22160337399691343,0.22160337399691343
ABV/20230321-UltimateAutomizerSvcomp2023/dll_of_dll-2.i_16.smt2,Bitwuzla,True,0.226423482876271,0.226423482876271
ABV/20230321-UltimateAutomizerSvcomp2023/sll-rb-cnstr_1-2.i_5.smt2,Bitwuzla,True,0.2232253230176866,0.2232253230176866
ABV/20230321-UltimateAutomizerSvcomp2023/test_mutex_unbounded-1.i_84.smt2,Bitwuzla,True,0.22933321190066636,0.22933321190066636
ABV/20230321-UltimateAutomizerSvcomp2023/ex3_forlist.i_336.smt2,Bitwuzla,True,0.24900757404975593,0.24900757404975593
ABV/20230321-UltimateAutomizerSvcomp2023/test_add-2.i_37.smt2,cvc5,True,0.22188567905686796,0.22188567905686796
ABV/20230321-UltimateAutomizerSvcomp2023/test-0134.i_27.smt2,Bitwuzla,True,0.2292161318473518,0.2292161318473518
ABV/20230321-UltimateAutomizerSvcomp2023/test-memleak_nexttime.i_73.smt2,Bitwuzla,True,0.22288799681700766,0.22288799681700766
ABV/20230321-UltimateAutomizerSvcomp2023/ex3_forlist.i_542.smt2,Bitwuzla,True,0.21761376596987247,0.21761376596987247
ABV/20230321-UltimateAutomizerSvcomp2023/ex3_forlist.i_284.smt2,Bitwuzla,True,0.23527446994557977,0.23527446994557977
ABV/20230321-UltimateAutomizerSvcomp2023/memleaks_test14_3.i_11.smt2,Bitwuzla,True,0.21982039092108607,0.21982039092108607
ABV/20230321-UltimateAutomizerSvcomp2023/test-memleak_nexttime.i_5.smt2,Bitwuzla,True,0.3255748711526394,0.3255748711526394
ABV/20230321-UltimateAutomizerSvcomp2023/ex3_forlist.i_210.smt2,Bitwuzla,True,0.2321603549644351,0.2321603549644351
ABV/20230321-UltimateAutomizerSvcomp2023/test_mutex_unbounded-2.i_23.smt2,Bitwuzla,True,0.22745494707487524,0.22745494707487524
ABV/20230321-UltimateAutomizerSvcomp2023/list-1.i_25.smt2,Bitwuzla,True,0.25934827607125044,0.25934827607125044
ABV/20230321-UltimateAutomizerSvcomp2023/simple_built_from_end.i_2.smt2,Bitwuzla,True,0.2563885368872434,0.2563885368872434
ABV/20230321-UltimateAutomizerSvcomp2023/ex3_forlist.i_199.smt2,Bitwuzla,True,0.21977393794804811,0.21977393794804811
ABV/20230321-UltimateAutomizerSvcomp2023/dll_of_dll-1.i_41.smt2,Bitwuzla,True,0.2257741370704025,0.2257741370704025
ABV/20230321-UltimateAutomizerSvcomp2023/sll2c_insert_equal.i_104.smt2,Bitwuzla,True,0.22119327005930245,0.22119327005930245
ABV/20230321-UltimateAutomizerSvcomp2023/ex3_forlist.i_526.smt2,Bitwuzla,True,0.21937491418793797,0.21937491418793797
ABV/20230321-UltimateAutomizerSvcomp2023/sll2n_insert_unequal.i_1.smt2,Bitwuzla,True,0.23661175090819597,0.23661175090819597
ABV/20230321-UltimateAutomizerSvcomp2023/test-memleak_nexttime.i_44.smt2,Bitwuzla,True,0.25421324209310114,0.25421324209310114
ABV/20230321-UltimateAutomizerSvcomp2023/memleaks_test23_3.i_4.smt2,Bitwuzla,True,0.22202412108890712,0.22202412108890712
ABV/20230321-UltimateAutomizerSvcomp2023/sll2n_insert_unequal.i_144.smt2,Bitwuzla,True,0.23316306294873357,0.23316306294873357
ABV/20230321-UltimateAutomizerSvcomp2023/splice-2.i_6.smt2,Bitwuzla,True,0.21848333906382322,0.21848333906382322
ABV/20230321-UltimateAutomizerSvcomp2023/dll2n_insert_equal.i_11.smt2,Bitwuzla,True,0.23670442099682987,0.23670442099682987
ABV/20230321-UltimateAutomizerSvcomp2023/test_mutex_unbounded-2.i_35.smt2,Bitwuzla,True,0.23952130693942308,0.23952130693942308
ABV/20230321-UltimateAutomizerSvcomp2023/list-1.i_52.smt2,Bitwuzla,True,0.2289817789569497,0.2289817789569497
ABV/20230321-UltimateAutomizerSvcomp2023/dll_of_dll-2.i_212.smt2,Bitwuzla,True,0.2212630999274552,0.2212630999274552
ABV/20230321-UltimateAutomizerSvcomp2023/eureka_05.i_98.smt2,Bitwuzla,True,0.2288987070787698,0.2288987070787698
ABV/20230321-UltimateAutomizerSvcomp2023/sll_nondet_insert-1.i_7.smt2,Bitwuzla,True,0.25072396197356284,0.25072396197356284
ABV/20230321-UltimateAutomizerSvcomp2023/memleaks_test3-2.i_2.smt2,Bitwuzla,True,0.2145499640610069,0.2145499640610069
ABV/20230321-UltimateAutomizerSvcomp2023/ex3_forlist.i_271.smt2,Bitwuzla,True,0.22026380989700556,0.22026380989700556
ABV/20230321-UltimateAutomizerSvcomp2023/split_list_test05-2.i_25.smt2,Bitwuzla,True,0.2512507839128375,0.2512507839128375
ABV/20230321-UltimateAutomizerSvcomp2023/split_list_test05-2.i_7.smt2,Bitwuzla,True,0.25976100913248956,0.25976100913248956
ABV/20230321-UltimateAutomizerSvcomp2023/sll2c_insert_equal.i_29.smt2,Bitwuzla,True,0.23889831197448075,0.23889831197448075
ABV/20230321-UltimateAutomizerSvcomp2023/sll2c_insert_equal.i_163.smt2,Bitwuzla,True,0.2532900820951909,0.2532900820951909
ABV/20230321-UltimateAutomizerSvcomp2023/sll_to_dll_rev-2.i_48.smt2,Bitwuzla,True,0.25518419803120196,0.25518419803120196
ABV/20230321-UltimateAutomizerSvcomp2023/memleaks_test23_4.i_18.smt2,Bitwuzla,True,0.2196043860167265,0.2196043860167265
ABV/20230321-UltimateAutomizerSvcomp2023/test-0521.i_2.smt2,SMTInterpol,True,0.5241681360057555,0.5241681360057555
ABV/20190429-UltimateAutomizerSvcomp2019/sll-sorted_false-unreach-call_false-valid-memcleanup.i_0.smt2,Bitwuzla,True,0.2452199929393828,0.2452199929393828
ABV/20230321-UltimateAutomizerSvcomp2023/dll2c_insert_unequal.i_15.smt2,Bitwuzla,True,0.23522869893349707,0.23522869893349707
ABV/20230321-UltimateAutomizerSvcomp2023/memleaks_test18_3.i_49.smt2,Bitwuzla,True,0.2558498000726104,0.2558498000726104
ABV/20230321-UltimateAutomizerSvcomp2023/memleaks_test6_1.i_19.smt2,SMTInterpol,True,0.4972330390010029,0.4972330390010029
ABV/20230321-UltimateAutomizerSvcomp2023/ex3_forlist.i_447.smt2,Bitwuzla,True,0.22596731106750667,0.22596731106750667
ABV/20230321-UltimateAutomizerSvcomp2023/ex3_forlist.i_304.smt2,Bitwuzla,True,0.22614978207275271,0.22614978207275271
ABV/20230321-UltimateAutomizerSvcomp2023/sll2n_append_equal.i_43.smt2,Bitwuzla,True,0.2292342260479927,0.2292342260479927
ABV/20230321-UltimateAutomizerSvcomp2023/dll-token-1.i_33.smt2,Bitwuzla,True,0.2326982149388641,0.2326982149388641
ABV/20230321-UltimateAutomizerSvcomp2023/test-memleak_nexttime.i_364.smt2,Bitwuzla,True,0.22540347301401198,0.22540347301401198
ABV/20230321-UltimateAutomizerSvcomp2023/dll2c_prepend_equal.i_6.smt2,Bitwuzla,True,0.22000510897487402,0.22000510897487402
ABV/20230321-UltimateAutomizerSvcomp2023/sll_to_dll_rev-2.i_6.smt2,Bitwuzla,True,0.2533280150964856,0.2533280150964856
ABV/20230321-UltimateAutomizerSvcomp2023/simple_search_value-1.i_28.smt2,Bitwuzla,True,0.21988018695265055,0.21988018695265055
ABV/20230321-UltimateAutomizerSvcomp2023/sum_array-2.i_11.smt2,Bitwuzla,True,0.23366672708652914,0.23366672708652914
ABV/20230321-UltimateAutomizerSvcomp2023/dll2c_insert_equal.i_51.smt2,Bitwuzla,True,0.24348299112170935,0.24348299112170935
ABV/20230321-UltimateAutomizerSvcomp2023/dll2n_append_unequal.i_1.smt2,Bitwuzla,True,0.23073654808104038,0.23073654808104038
ABV/20230321-UltimateAutomizerSvcomp2023/memleaks_test15-1.i_13.smt2,SMTInterpol,True,0.5592205979628488,0.5592205979628488
ABV/20230321-UltimateAutomizerSvcomp2023/test_mutex_unbounded-2.i_40.smt2,Bitwuzla,True,0.23679558001458645,0.23679558001458645
ABV/20190429-UltimateAutomizerSvcomp2019/list_flag_true-unreach-call_false-valid-memtrack.i_0.smt2,SMTInterpol,True,0.4748628410161473,0.4748628410161473
ABV/20230321-UltimateAutomizerSvcomp2023/sll2c_prepend_unequal.i_30.smt2,Bitwuzla,True,0.24369102390483022,0.24369102390483022
ABV/20230321-UltimateAutomizerSvcomp2023/list-1.i_27.smt2,Bitwuzla,True,0.22947875503450632,0.22947875503450632
ABV/20230321-UltimateAutomizerSvcomp2023/ex3_forlist.i_222.smt2,Bitwuzla,True,0.24133843602612615,0.24133843602612615
ABV/20230321-UltimateAutomizerSvcomp2023/sll2c_insert_equal.i_15.smt2,Bitwuzla,True,0.2415846681687981,0.2415846681687981
ABV/20230321-UltimateAutomizerSvcomp2023/ex3_forlist.i_432.smt2,Bitwuzla,True,0.22377492999657989,0.22377492999657989
ABV/20230321-UltimateAutomizerSvcomp2023/sll2n_update_all.i_0.smt2,Bitwuzla,True,0.22387113701552153,0.22387113701552153
ABV/20230321-UltimateAutomizerSvcomp2023/ex3_forlist.i_375.smt2,Bitwuzla,True,0.2222695138771087,0.2222695138771087
ABV/20230321-UltimateAutomizerSvcomp2023/simple-ext_1.i_19.smt2,Bitwuzla,True,0.2194895939901471,0.2194895939901471
ABV/20230321-UltimateAutomizerSvcomp2023/dll2n_append_equal.i_16.smt2,Bitwuzla,True,0.22386767785064876,0.22386767785064876
ABV/20230321-UltimateAutomizerSvcomp2023/test-0134.i_36.smt2,SMTInterpol,True,0.6042084260261618,0.6042084260261618
ABV/20230321-UltimateAutomizerSvcomp2023/sll-sorted-2.i_39.smt2,Bitwuzla,True,0.22489057201892138,0.22489057201892138
ABV/20230321-UltimateAutomizerSvcomp2023/dll_circular_traversal-2.i_29.smt2,Bitwuzla,True,0.22369942301884294,0.22369942301884294
ABV/20230321-UltimateAutomizerSvcomp2023/test_add-2.i_32.smt2,Bitwuzla,True,0.2543226610869169,0.2543226610869169
ABV/20230321-UltimateAutomizerSvcomp2023/sll_circular_traversal-1.i_50.smt2,Bitwuzla,True,0.2765188829507679,0.2765188829507679
ABV/20230321-UltimateAutomizerSvcomp2023/dll-reverse.i_5.smt2,Bitwuzla,True,0.2623789329081774,0.2623789329081774
ABV/20230321-UltimateAutomizerSvcomp2023/test-memleak_nexttime.i_116.smt2,Bitwuzla,True,0.30196059797890484,0.30196059797890484
ABV/20230321-UltimateAutomizerSvcomp2023/dll2n_prepend_unequal.i_13.smt2,Bitwuzla,True,0.2276599279139191,0.2276599279139191
ABV/20230321-UltimateAutomizerSvcomp2023/sll2n_update_all_reverse.i_6.smt2,Bitwuzla,True,0.24837343906983733,0.24837343906983733
ABV/20230321-UltimateAutomizerSvcomp2023/memleaks_test4-2.i_3.smt2,Bitwuzla,True,0.24400177784264088,0.24400177784264088
ABV/20230321-UltimateAutomizerSvcomp2023/test-0513_1.i_46.smt2,SMTInterpol,True,0.5012072369572707,0.5012072369572707
ABV/20230321-UltimateAutomizerSvcomp2023/sll2c_prepend_equal.i_36.smt2,Bitwuzla,True,0.2187681740615517,0.2187681740615517
ABV/20230321-UltimateAutomizerSvcomp2023/sll2c_insert_unequal.i_31.smt2,Bitwuzla,True,0.22364111617207527,0.22364111617207527
ABV/20230321-UltimateAutomizerSvcomp2023/list-2.i_32.smt2,Bitwuzla,True,0.23482026415877044,0.23482026415877044
ABV/20230321-UltimateAutomizerSvcomp2023/test-memleak_nexttime.i_440.smt2,Bitwuzla,True,0.22859845403581858,0.22859845403581858
ABV/20230321-UltimateAutomizerSvcomp2023/ex3_forlist.i_588.smt2,Bitwuzla,True,0.24987540300935507,0.24987540300935507
ABV/20230321-UltimateAutomizerSvcomp2023/dll_of_dll-2.i_252.smt2,Bitwuzla,True,0.23079276084899902,0.23079276084899902
ABV/20230321-UltimateAutomizerSvcomp2023/dll_of_dll-1.i_32.smt2,Bitwuzla,True,0.23060081689618528,0.23060081689618528
ABV/20230321-UltimateAutomizerSvcomp2023/test_mutex_unbounded-2.i_69.smt2,Bitwuzla,True,0.24530734308063984,0.24530734308063984
ABV/20230321-UltimateAutomizerSvcomp2023/test_mutex_unbounded-1.i_12.smt2,Bitwuzla,True,0.22561189089901745,0.22561189089901745
ABV/20230321-UltimateAutomizerSvcomp2023/test_mutex.i_23.smt2,Bitwuzla,True,0.2642604380380362,0.2642604380380362
ABV/20230321-UltimateAutomizerSvcomp2023/elimination_max.c_9.smt2,Bitwuzla,True,0.2619183699134737,0.2619183699134737
ABV/20230321-UltimateAutomizerSvcomp2023/list_search-2.i_5.smt2,Bitwuzla,True,0.24405518593266606,0.24405518593266606
ABV/20230321-UltimateAutomizerSvcomp2023/sll-token-2.i_21.smt2,Bitwuzla,True,0.2321649871300906,0.2321649871300906
ABV/20230321-UltimateAutomizerSvcomp2023/sll-rb-sentinel-2.i_8.smt2,Bitwuzla,True,0.2965255540329963,0.2965255540329963
ABV/20230321-UltimateAutomizerSvcomp2023/list-ext_flag.i_50.smt2,Bitwuzla,True,0.2250003321096301,0.2250003321096301
ABV/20230321-UltimateAutomizerSvcomp2023/list-ext_flag_1.i_16.smt2,Bitwuzla,True,0.253276415867731,0.253276415867731
ABV/20230321-UltimateAutomizerSvcomp2023/simple_search_value-1.i_74.smt2,Bitwuzla,True,0.2227210069540888,0.2227210069540888
ABV/20230321-UltimateAutomizerSvcomp2023/simple-ext_1.i_20.smt2,Bitwuzla,True,0.21847579395398498,0.21847579395398498
ABV/20230321-UltimateAutomizerSvcomp2023/test_mutex_unbounded-1.i_28.smt2,Bitwuzla,True,0.23796654306352139,0.23796654306352139
ABV/20230321-UltimateAutomizerSvcomp2023/list_flag-2.i_41.smt2,Bitwuzla,True,0.2257539730053395,0.2257539730053395
ABV/20230321-UltimateAutomizerSvcomp2023/list_search-1.i_8.smt2,Bitwuzla,True,0.23452883819118142,0.23452883819118142
ABV/20230321-UltimateAutomizerSvcomp2023/simple_and_skiplist_2lvl-2.i_12.smt2,Bitwuzla,True,0.24380177608691156,0.24380177608691156
ABV/20230321-UltimateAutomizerSvcomp2023/memleaks_test6_2.i_25.smt2,Bitwuzla,True,0.21584478509612381,0.21584478509612381
ABV/20230321-UltimateAutomizerSvcomp2023/list_search-1.i_4.smt2,Bitwuzla,True,0.2211034670472145,0.2211034670472145
ABV/20230321-UltimateAutomizerSvcomp2023/list_flag-2.i_8.smt2,Bitwuzla,True,75.06810294394381,75.06810294394381
ABV/20230321-UltimateAutomizerSvcomp2023/test-memleak_nexttime.i_450.smt2,Bitwuzla,True,0.2223446280695498,0.2223446280695498
ABV/20230321-UltimateAutomizerSvcomp2023/ex3_forlist.i_76.smt2,Bitwuzla,True,0.23265619901940227,0.23265619901940227
ABV/20230321-UltimateAutomizerSvcomp2023/sll-sorted-2.i_36.smt2,Bitwuzla,True,0.22761674202047288,0.22761674202047288
ABV/20230321-UltimateAutomizerSvcomp2023/memleaks_test14.i_1.smt2,Bitwuzla,True,0.2718367560300976,0.2718367560300976
ABV/20230321-UltimateAutomizerSvcomp2023/ex3_forlist.i_155.smt2,Bitwuzla,True,0.24599591689184308,0.24599591689184308
ABV/20230321-UltimateAutomizerSvcomp2023/dll_of_dll-2.i_21.smt2,SMTInterpol,True,0.5828197239898145,0.5828197239898145
ABV/20230321-UltimateAutomizerSvcomp2023/splice-2.i_44.smt2,Bitwuzla,True,0.2304822439327836,0.2304822439327836
ABV/20230321-UltimateAutomizerSvcomp2023/memleaks_test7-1.i_0.smt2,Bitwuzla,True,0.27222140901722014,0.27222140901722014
ABV/20230321-UltimateAutomizerSvcomp2023/sll2n_insert_unequal.i_10.smt2,Bitwuzla,True,0.22410683799535036,0.22410683799535036
ABV/20230321-UltimateAutomizerSvcomp2023/dancing.i_0.smt2,Bitwuzla,True,0.2495445399545133,0.2495445399545133
ABV/20230321-UltimateAutomizerSvcomp2023/sll-sorted-2.i_43.smt2,SMTInterpol,True,0.47601514303823933,0.47601514303823933
ABV/20230321-UltimateAutomizerSvcomp2023/bubble_sort_linux-2.i_53.smt2,Bitwuzla,True,0.22220669616945088,0.22220669616945088
ABV/20230321-UltimateAutomizerSvcomp2023/test-memleak_nexttime.i_69.smt2,Bitwuzla,True,0.21999705396592617,0.21999705396592617
ABV/20230321-UltimateAutomizerSvcomp2023/memleaks_test13.i_3.smt2,SMTInterpol,True,0.4986811790149659,0.4986811790149659
ABV/20230321-UltimateAutomizerSvcomp2023/memleaks_test8.i_3.smt2,SMTInterpol,True,0.5271911320160143,0.5271911320160143
ABV/20230321-UltimateAutomizerSvcomp2023/memleaks_test6_1.i_17.smt2,SMTInterpol,True,0.5623913980089128,0.5623913980089128
ABV/20230321-UltimateAutomizerSvcomp2023/ex3_forlist.i_113.smt2,Bitwuzla,True,0.24734544311650097,0.24734544311650097
ABV/20230321-UltimateAutomizerSvcomp2023/split_list_test05-2.i_15.smt2,Bitwuzla,True,0.23670683498494327,0.23670683498494327
ABV/20230321-UltimateAutomizerSvcomp2023/sll_circular_traversal-2.i_9.smt2,Bitwuzla,True,0.24545127106830478,0.24545127106830478
ABV/20230321-UltimateAutomizerSvcomp2023/eureka_05.i_25.smt2,Bitwuzla,True,0.25072575989179313,0.25072575989179313
ABV/20230321-UltimateAutomizerSvcomp2023/memleaks_test4-2.i_13.smt2,SMTInterpol,True,0.529358837986365,0.529358837986365
ABV/20230321-UltimateAutomizerSvcomp2023/simple-ext_1.i_37.smt2,Bitwuzla,True,0.21740772598423064,0.21740772598423064
ABV/20230321-UltimateAutomizerSvcomp2023/dll_of_dll-2.i_224.smt2,SMTInterpol,True,0.5357653109822422,0.5357653109822422
ABV/20230321-UltimateAutomizerSvcomp2023/sll2n_append_equal.i_25.smt2,Bitwuzla,True,0.2199673110153526,0.2199673110153526
ABV/20230321-UltimateAutomizerSvcomp2023/packet_filter.i_39.smt2,Bitwuzla,True,0.2343107929918915,0.2343107929918915
ABV/20230321-UltimateAutomizerSvcomp2023/sll2n_insert_unequal.i_152.smt2,Bitwuzla,True,0.22649443591944873,0.22649443591944873
ABV/20230321-UltimateAutomizerSvcomp2023/test-memleak_nexttime.i_3.smt2,Bitwuzla,True,0.30233748303726315,0.30233748303726315
ABV/20230321-UltimateAutomizerSvcomp2023/memleaks_test6.i_24.smt2,SMTInterpol,True,0.529052711033728,0.529052711033728
ABV/20230321-UltimateAutomizerSvcomp2023/memleaks_test6.i_12.smt2,SMTInterpol,True,0.5524691070313565,0.5524691070313565
ABV/20230321-UltimateAutomizerSvcomp2023/test_mutex_unbounded-1.i_97.smt2,Bitwuzla,True,0.22942742402665317,0.22942742402665317
ABV/20230321-UltimateAutomizerSvcomp2023/test_mutex_unbounded-1.i_88.smt2,Bitwuzla,True,0.2552815570961684,0.2552815570961684
ABV/20230321-UltimateAutomizerSvcomp2023/dll_of_dll-1.i_57.smt2,Bitwuzla,True,0.22669818415306509,0.22669818415306509
ABV/20230321-UltimateAutomizerSvcomp2023/sll2n_prepend_equal.i_5.smt2,Bitwuzla,True,0.24127318104729056,0.24127318104729056
ABV/20230321-UltimateAutomizerSvcomp2023/ex3_forlist.i_407.smt2,Bitwuzla,True,0.2350177140906453,0.2350177140906453
ABV/20230321-UltimateAutomizerSvcomp2023/test-memleak_nexttime.i_508.smt2,Bitwuzla,True,0.2517982458230108,0.2517982458230108
ABV/20230321-UltimateAutomizerSvcomp2023/list_search-2.i_20.smt2,SMTInterpol,True,0.6180243169656023,0.6180243169656023
ABV/20230321-UltimateAutomizerSvcomp2023/simple-2.i_4.smt2,SMTInterpol,True,0.5359865119680762,0.5359865119680762
ABV/20230321-UltimateAutomizerSvcomp2023/ex3_forlist.i_51.smt2,SMTInterpol,True,0.5243234149820637,0.5243234149820637
ABV/20230321-UltimateAutomizerSvcomp2023/list_search-2.i_39.smt2,SMTInterpol,True,0.5358118119766004,0.5358118119766004
ABV/20230321-UltimateAutomizerSvcomp2023/dll2n_insert_equal.i_10.smt2,Bitwuzla,True,0.22457904205657542,0.22457904205657542
ABV/20230321-UltimateAutomizerSvcomp2023/ex3_forlist.i_416.smt2,Bitwuzla,True,0.23427330097183585,0.23427330097183585
ABV/20230321-UltimateAutomizerSvcomp2023/test_add-2.i_17.smt2,Bitwuzla,True,0.24629237712360919,0.24629237712360919
ABV/20230321-UltimateAutomizerSvcomp2023/test_mutex_unbounded-2.i_45.smt2,Bitwuzla,True,0.22815876686945558,0.22815876686945558
ABV/20230321-UltimateAutomizerSvcomp2023/sll-token-2.i_22.smt2,Bitwuzla,True,0.23759622988291085,0.23759622988291085
ABV/20230321-UltimateAutomizerSvcomp2023/test-memleak_nexttime.i_36.smt2,Bitwuzla,True,0.2251993219833821,0.2251993219833821
ABV/20230321-UltimateAutomizerSvcomp2023/list-ext_flag.i_34.smt2,Bitwuzla,True,0.22944372612982988,0.22944372612982988
ABV/20230321-UltimateAutomizerSvcomp2023/dll2n_append_equal.i_45.smt2,Bitwuzla,True,0.24845098401419818,0.24845098401419818
ABV/20230321-UltimateAutomizerSvcomp2023/sll2c_insert_equal.i_13.smt2,Bitwuzla,True,0.2529091709293425,0.2529091709293425
ABV/20230321-UltimateAutomizerSvcomp2023/sll-rb-sentinel-2.i_51.smt2,Bitwuzla,True,0.2178026291076094,0.2178026291076094
ABV/20230321-UltimateAutomizerSvcomp2023/memleaks_test14_3.i_8.smt2,Bitwuzla,True,0.22518090880475938,0.22518090880475938
ABV/20230321-UltimateAutomizerSvcomp2023/sll2c_prepend_equal.i_2.smt2,Bitwuzla,True,0.22642390499822795,0.22642390499822795
ABV/20230321-UltimateAutomizerSvcomp2023/ex3_forlist.i_272.smt2,Bitwuzla,True,0.2533370859455317,0.2533370859455317
ABV/20230321-UltimateAutomizerSvcomp2023/sll2c_insert_unequal.i_14.smt2,Bitwuzla,True,0.23001774516887963,0.23001774516887963
ABV/20230321-UltimateAutomizerSvcomp2023/dll2c_append_unequal.i_23.smt2,Bitwuzla,True,0.22711596195586026,0.22711596195586026
ABV/20230321-UltimateAutomizerSvcomp2023/test-memleak_nexttime.i_368.smt2,Bitwuzla,True,0.22911971108987927,0.22911971108987927
ABV/20230321-UltimateAutomizerSvcomp2023/test-memleak_nexttime.i_196.smt2,SMTInterpol,True,0.5463276079972275,0.5463276079972275
ABV/20230321-UltimateAutomizerSvcomp2023/split_list_test05-1.i_23.smt2,Bitwuzla,True,0.2177152819931507,0.2177152819931507
ABV/20230321-UltimateAutomizerSvcomp2023/memleaks_test6.i_16.smt2,SMTInterpol,True,0.5570470680249855,0.5570470680249855
ABV/20230321-UltimateAutomizerSvcomp2023/memleaks_test14_1.i_7.smt2,Bitwuzla,True,0.24485554522834718,0.24485554522834718
ABV/20230321-UltimateAutomizerSvcomp2023/test-memleak_nexttime.i_460.smt2,Bitwuzla,True,0.22206338820979,0.22206338820979
ABV/20230321-UltimateAutomizerSvcomp2023/list-ext_1.i_8.smt2,Bitwuzla,True,0.22937301197089255,0.22937301197089255
ABV/20230321-UltimateAutomizerSvcomp2023/complex_data_creation_test02-1.i_0.smt2,Bitwuzla,True,0.21839107805863023,0.21839107805863023
ABV/20230321-UltimateAutomizerSvcomp2023/test-memleak_nexttime.i_441.smt2,Bitwuzla,True,0.2496562390588224,0.2496562390588224
ABV/20230321-UltimateAutomizerSvcomp2023/test-memleak_nexttime.i_324.smt2,SMTInterpol,True,0.5145526650012471,0.5145526650012471
ABV/20230321-UltimateAutomizerSvcomp2023/sll2c_insert_equal.i_52.smt2,Bitwuzla,True,0.22083171620033681,0.22083171620033681
ABV/20230321-UltimateAutomizerSvcomp2023/test-memleak_nexttime.i_559.smt2,Bitwuzla,True,0.26665923511609435,0.26665923511609435
ABV/20230321-UltimateAutomizerSvcomp2023/dll2n_append_equal.i_67.smt2,Bitwuzla,True,0.2221941810566932,0.2221941810566932
ABV/20230321-UltimateAutomizerSvcomp2023/simple_search_value-2.i_31.smt2,Bitwuzla,True,0.24576681503094733,0.24576681503094733
ABV/20230321-UltimateAutomizerSvcomp2023/memleaks_test15-1.i_10.smt2,SMTInterpol,True,0.5180513139930554,0.5180513139930554
ABV/20230321-UltimateAutomizerSvcomp2023/memleaks_test4-2.i_1.smt2,SMTInterpol,True,0.4690805749851279,0.4690805749851279
ABV/20230321-UltimateAutomizerSvcomp2023/list_search-1.i_47.smt2,Bitwuzla,True,0.21968478406779468,0.21968478406779468
ABV/20230321-UltimateAutomizerSvcomp2023/960521-1_1-2.i_0.smt2,SMTInterpol,True,0.461091328994371,0.461091328994371
ABV/20190429-UltimateAutomizerSvcomp2019/dll_of_dll_false-unreach-call_false-valid-memcleanup.i_11.smt2,Bitwuzla,True,0.23213319783098996,0.23213319783098996
ABV/20230321-UltimateAutomizerSvcomp2023/complex_data_creation_test01-1.i_11.smt2,SMTInterpol,True,0.5382340420037508,0.5382340420037508
ABV/20230321-UltimateAutomizerSvcomp2023/test-0513_1.i_86.smt2,Bitwuzla,True,0.24696791311725974,0.24696791311725974
ABV/20230321-UltimateAutomizerSvcomp2023/test_mutex_unbounded-1.i_5.smt2,Bitwuzla,True,0.21791975502856076,0.21791975502856076
ABV/20230321-UltimateAutomizerSvcomp2023/test-memleak_nexttime.i_509.smt2,Bitwuzla,True,0.23802524502389133,0.23802524502389133
ABV/20230321-UltimateAutomizerSvcomp2023/dll2n_prepend_unequal.i_7.smt2,Bitwuzla,True,0.24724097596481442,0.24724097596481442
ABV/20230321-UltimateAutomizerSvcomp2023/dll_of_dll-1.i_53.smt2,Bitwuzla,True,0.22159480606205761,0.22159480606205761
ABV/20230321-UltimateAutomizerSvcomp2023/ex3_forlist.i_116.smt2,Bitwuzla,True,0.22003355296328664,0.22003355296328664
ABV/20230321-UltimateAutomizerSvcomp2023/sll2n_insert_unequal.i_40.smt2,Bitwuzla,True,0.2420590091496706,0.2420590091496706
ABV/20230321-UltimateAutomizerSvcomp2023/dll2n_prepend_unequal.i_19.smt2,Bitwuzla,True,0.28213126002810895,0.28213126002810895
ABV/20230321-UltimateAutomizerSvcomp2023/sll2n_insert_unequal.i_190.smt2,Bitwuzla,True,0.23727395688183606,0.23727395688183606
ABV/20230321-UltimateAutomizerSvcomp2023/dll2c_insert_equal.i_41.smt2,Bitwuzla,True,0.2262601349502802,0.2262601349502802
ABV/20230321-UltimateAutomizerSvcomp2023/dll-token-1.i_18.smt2,Bitwuzla,True,0.22745741810649633,0.22745741810649633
ABV/20230321-UltimateAutomizerSvcomp2023/sll2c_insert_equal.i_139.smt2,Bitwuzla,True,0.23728314088657498,0.23728314088657498
ABV/20230321-UltimateAutomizerSvcomp2023/test-0102-1.i_13.smt2,SMTInterpol,True,0.5580030540004373,0.5580030540004373
ABV/20230321-UltimateAutomizerSvcomp2023/memleaks_test18_3.i_41.smt2,SMTInterpol,True,0.5413156430004165,0.5413156430004165
ABV/20230321-UltimateAutomizerSvcomp2023/test_mutex_unbounded-2.i_43.smt2,Bitwuzla,True,0.26403522910550237,0.26403522910550237
ABV/20230321-UltimateAutomizerSvcomp2023/dll2n_insert_unequal.i_29.smt2,Bitwuzla,True,0.2784919848199934,0.2784919848199934
ABV/20230321-UltimateAutomizerSvcomp2023/sll2n_insert_unequal.i_177.smt2,Bitwuzla,True,0.2413475790526718,0.2413475790526718
ABV/20230321-UltimateAutomizerSvcomp2023/simple_built_from_end.i_17.smt2,Bitwuzla,True,0.2294903548900038,0.2294903548900038
ABV/20230321-UltimateAutomizerSvcomp2023/sll2n_append_unequal.i_55.smt2,Bitwuzla,True,0.24452774901874363,0.24452774901874363
ABV/20230321-UltimateAutomizerSvcomp2023/list_search-1.i_27.smt2,SMTInterpol,True,0.5324785019620322,0.5324785019620322
ABV/20230321-UltimateAutomizerSvcomp2023/memleaks_test10-1.i_0.smt2,SMTInterpol,True,0.4806909879553132,0.4806909879553132
ABV/20230321-UltimateAutomizerSvcomp2023/list-ext_flag_1.i_33.smt2,Bitwuzla,True,0.22488560201600194,0.22488560201600194
ABV/20230321-UltimateAutomizerSvcomp2023/sll2n_insert_unequal.i_176.smt2,Bitwuzla,True,0.22145845089107752,0.22145845089107752
ABV/20230321-UltimateAutomizerSvcomp2023/optional_data_creation_test04-1.i_14.smt2,Bitwuzla,True,0.23164839413948357,0.23164839413948357
ABV/20230321-UltimateAutomizerSvcomp2023/min_max.i_10.smt2,Bitwuzla,True,0.22508166101761162,0.22508166101761162
ABV/20230321-UltimateAutomizerSvcomp2023/memleaks_test9.i_1.smt2,Bitwuzla,True,0.24539630697108805,0.24539630697108805
ABV/20230321-UltimateAutomizerSvcomp2023/test-memleak_nexttime.i_456.smt2,Bitwuzla,True,0.24039816996082664,0.24039816996082664
ABV/20230321-UltimateAutomizerSvcomp2023/memleaks_test7-2.i_2.smt2,Bitwuzla,True,0.21531787305139005,0.21531787305139005
ABV/20230321-UltimateAutomizerSvcomp2023/sll2n_insert_unequal.i_56.smt2,Bitwuzla,True,0.2524312068708241,0.2524312068708241
ABV/20230321-UltimateAutomizerSvcomp2023/sll-sorted-2.i_7.smt2,Bitwuzla,True,0.23587054992094636,0.23587054992094636
ABV/20230321-UltimateAutomizerSvcomp2023/sll2c_insert_equal.i_100.smt2,Bitwuzla,True,0.2316500509623438,0.2316500509623438
ABV/20230321-UltimateAutomizerSvcomp2023/dll2n_prepend_unequal.i_10.smt2,Bitwuzla,True,0.25061387196183205,0.25061387196183205
ABV/20230321-UltimateAutomizerSvcomp2023/dll-queue-1.i_15.smt2,SMTInterpol,True,0.5570841730223037,0.5570841730223037
ABV/20230321-UltimateAutomizerSvcomp2023/dll_of_dll-2.i_8.smt2,SMTInterpol,True,1.3596372369793244,1.3596372369793244
ABV/20230321-UltimateAutomizerSvcomp2023/sll-token-2.i_1.smt2,Bitwuzla,True,0.21905995788984,0.21905995788984
ABV/20230321-UltimateAutomizerSvcomp2023/test-memleak_nexttime.i_287.smt2,Bitwuzla,True,0.22877557412721217,0.22877557412721217
ABV/20230321-UltimateAutomizerSvcomp2023/sll_to_dll_rev-1.i_2.smt2,Bitwuzla,True,0.21951645985245705,0.21951645985245705
ABV/20230321-UltimateAutomizerSvcomp2023/memleaks_test13.i_30.smt2,SMTInterpol,True,0.5183852929621935,0.5183852929621935
ABV/20230321-UltimateAutomizerSvcomp2023/packet_filter.i_42.smt2,Bitwuzla,True,0.26973084011115134,0.26973084011115134
ABV/20230321-UltimateAutomizerSvcomp2023/memleaks_test14.i_2.smt2,Bitwuzla,True,0.25171917118132114,0.25171917118132114
ABV/20230321-UltimateAutomizerSvcomp2023/test-memleak_nexttime.i_358.smt2,Bitwuzla,True,0.24554585595615208,0.24554585595615208
ABV/20230321-UltimateAutomizerSvcomp2023/test-0513_1.i_80.smt2,Bitwuzla,True,0.2492019848432392,0.2492019848432392
ABV/20230321-UltimateAutomizerSvcomp2023/dll2n_append_equal.i_56.smt2,Bitwuzla,True,0.22943560197018087,0.22943560197018087
ABV/20230321-UltimateAutomizerSvcomp2023/sll2c_insert_equal.i_170.smt2,Bitwuzla,True,0.25574483582749963,0.25574483582749963
ABV/20230321-UltimateAutomizerSvcomp2023/sll2c_insert_equal.i_82.smt2,Bitwuzla,True,0.2418840960599482,0.2418840960599482
ABV/20230321-UltimateAutomizerSvcomp2023/list-ext_flag.i_107.smt2,Bitwuzla,True,0.22738834586925805,0.22738834586925805
ABV/20230321-UltimateAutomizerSvcomp2023/dll2c_insert_equal.i_50.smt2,Bitwuzla,True,0.22299317712895572,0.22299317712895572
ABV/20230321-UltimateAutomizerSvcomp2023/sll2n_insert_unequal.i_198.smt2,Bitwuzla,True,0.22932148585096002,0.22932148585096002
ABV/20230321-UltimateAutomizerSvcomp2023/split_list_test05-1.i_19.smt2,Bitwuzla,True,0.22469678800553083,0.22469678800553083
ABV/20230321-UltimateAutomizerSvcomp2023/test-memleak_nexttime.i_532.smt2,Bitwuzla,True,0.2369311209768057,0.2369311209768057
ABV/20230321-UltimateAutomizerSvcomp2023/dll_of_dll-2.i_204.smt2,SMTInterpol,True,0.5470793379936367,0.5470793379936367
ABV/20230321-UltimateAutomizerSvcomp2023/dll_of_dll-2.i_47.smt2,Bitwuzla,True,0.24834300694055855,0.24834300694055855
ABV/20230321-UltimateAutomizerSvcomp2023/sll2n_insert_unequal.i_135.smt2,Bitwuzla,True,0.25601850892417133,0.25601850892417133
ABV/20230321-UltimateAutomizerSvcomp2023/sll2c_prepend_equal.i_12.smt2,Bitwuzla,True,0.2262367238290608,0.2262367238290608
ABV/20230321-UltimateAutomizerSvcomp2023/test-0134.i_5.smt2,Bitwuzla,True,0.22064822004176676,0.22064822004176676
ABV/20230321-UltimateAutomizerSvcomp2023/test-0134.i_7.smt2,Bitwuzla,True,0.25256439694203436,0.25256439694203436
ABV/20230321-UltimateAutomizerSvcomp2023/test-memleak_nexttime.i_173.smt2,Bitwuzla,True,0.22339272708632052,0.22339272708632052
ABV/20230321-UltimateAutomizerSvcomp2023/memleaks_test6_2.i_27.smt2,SMTInterpol,True,0.51102544501191,0.51102544501191
ABV/20230321-UltimateAutomizerSvcomp2023/test-memleak_nexttime.i_263.smt2,Bitwuzla,True,0.2228801439050585,0.2228801439050585
ABV/20230321-UltimateAutomizerSvcomp2023/dll2n_append_equal.i_78.smt2,Bitwuzla,True,0.2487017170060426,0.2487017170060426
ABV/20230321-UltimateAutomizerSvcomp2023/test-memleak_nexttime.i_94.smt2,Bitwuzla,True,0.25566767901182175,0.25566767901182175
ABV/20230321-UltimateAutomizerSvcomp2023/sll2c_prepend_unequal.i_43.smt2,Bitwuzla,True,0.2196339820511639,0.2196339820511639
ABV/20190429-UltimateAutomizerSvcomp2019/alternating_list_true-unreach-call_true-valid-memsafety.i_8.smt2,Bitwuzla,True,2.300854219123721,2.300854219123721
ABV/20230321-UltimateAutomizerSvcomp2023/dll2n_append_unequal.i_33.smt2,Bitwuzla,True,0.26219879393465817,0.26219879393465817
ABV/20230321-UltimateAutomizerSvcomp2023/dll2c_update_all_reverse.i_2.smt2,Bitwuzla,True,0.2186381919309497,0.2186381919309497
ABV/20230321-UltimateAutomizerSvcomp2023/dll2n_insert_equal.i_9.smt2,Bitwuzla,True,0.2575978359673172,0.2575978359673172
ABV/20230321-UltimateAutomizerSvcomp2023/memleaks_test6.i_23.smt2,SMTInterpol,True,0.59052550396882,0.59052550396882
ABV/20230321-UltimateAutomizerSvcomp2023/sll2c_insert_equal.i_60.smt2,Bitwuzla,True,0.23340628598816693,0.23340628598816693
ABV/20230321-UltimateAutomizerSvcomp2023/ex3_forlist.i_98.smt2,Bitwuzla,True,0.24464125116355717,0.24464125116355717
ABV/20230321-UltimateAutomizerSvcomp2023/test-0137.i_30.smt2,Bitwuzla,True,0.2258464600890875,0.2258464600890875
ABV/20230321-UltimateAutomizerSvcomp2023/ex3_forlist.i_414.smt2,Bitwuzla,True,0.2172233711462468,0.2172233711462468
ABV/20230321-UltimateAutomizerSvcomp2023/eureka_05.i_30.smt2,Bitwuzla,True,0.22365921898745,0.22365921898745
ABV/20230321-UltimateAutomizerSvcomp2023/memleaks_test12-1.i_22.smt2,SMTInterpol,True,0.6458807170274667,0.6458807170274667
ABV/20230321-UltimateAutomizerSvcomp2023/sll2c_insert_unequal.i_13.smt2,Bitwuzla,True,24.984955832129344,24.984955832129344
ABV/20230321-UltimateAutomizerSvcomp2023/sll2n_insert_unequal.i_101.smt2,Bitwuzla,True,0.2671618419699371,0.2671618419699371
ABV/20230321-UltimateAutomizerSvcomp2023/list-ext_1.i_11.smt2,SMTInterpol,True,0.5244764550006948,0.5244764550006948
ABV/20230321-UltimateAutomizerSvcomp2023/simple_search_value-1.i_69.smt2,Bitwuzla,True,0.23725408990867436,0.23725408990867436
ABV/20230321-UltimateAutomizerSvcomp2023/sll2c_insert_unequal.i_114.smt2,Bitwuzla,True,0.2455063839443028,0.2455063839443028
ABV/20230321-UltimateAutomizerSvcomp2023/dll2n_append_unequal.i_25.smt2,Bitwuzla,True,0.23631409695371985,0.23631409695371985
ABV/20230321-UltimateAutomizerSvcomp2023/sll-sorted-2.i_16.smt2,Bitwuzla,True,0.2752956789918244,0.2752956789918244
ABV/20230321-UltimateAutomizerSvcomp2023/sll2c_prepend_equal.i_53.smt2,Bitwuzla,True,0.26523736398667097,0.26523736398667097
ABV/20230321-UltimateAutomizerSvcomp2023/list-ext_flag.i_7.smt2,Bitwuzla,True,0.22419573599472642,0.22419573599472642
ABV/20230321-UltimateAutomizerSvcomp2023/simple_search_value-2.i_14.smt2,Bitwuzla,True,0.22120114788413048,0.22120114788413048
ABV/20230321-UltimateAutomizerSvcomp2023/memleaks_test13.i_36.smt2,SMTInterpol,True,0.4983539459644817,0.4983539459644817
ABV/20230321-UltimateAutomizerSvcomp2023/list_flag-2.i_21.smt2,Bitwuzla,True,0.22436258592642844,0.22436258592642844
ABV/20230321-UltimateAutomizerSvcomp2023/shared_mem1.i_11.smt2,Bitwuzla,True,0.26048055407591164,0.26048055407591164
ABV/20230321-UltimateAutomizerSvcomp2023/simple_built_from_end.i_18.smt2,Bitwuzla,True,0.2564277658239007,0.2564277658239007
ABV/20230321-UltimateAutomizerSvcomp2023/simple-ext_1.i_10.smt2,Bitwuzla,True,0.25265496294014156,0.25265496294014156
ABV/20230321-UltimateAutomizerSvcomp2023/ex3_forlist.i_331.smt2,Bitwuzla,True,0.2473183621186763,0.2473183621186763
ABV/20230321-UltimateAutomizerSvcomp2023/bubble_sort_linux-1.i_8.smt2,Bitwuzla,True,0.23894373304210603,0.23894373304210603
ABV/20230321-UltimateAutomizerSvcomp2023/ex3_forlist.i_52.smt2,SMTInterpol,True,0.5193080839817412,0.5193080839817412
ABV/20230321-UltimateAutomizerSvcomp2023/dll2c_insert_unequal.i_1.smt2,Bitwuzla,True,0.2527929781936109,0.2527929781936109
ABV/20230321-UltimateAutomizerSvcomp2023/dll2c_update_all_reverse.i_3.smt2,Bitwuzla,True,0.22705561108887196,0.22705561108887196
ABV/20190429-UltimateAutomizerSvcomp2019/dll_of_dll_true-unreach-call_true-valid-memsafety.i_9.smt2,Bitwuzla,True,0.2504393979907036,0.2504393979907036
ABV/20230321-UltimateAutomizerSvcomp2023/dll2n_append_unequal.i_11.smt2,Bitwuzla,True,0.2519922440405935,0.2519922440405935
ABV/20230321-UltimateAutomizerSvcomp2023/test-memleak_nexttime.i_527.smt2,Bitwuzla,True,0.25081069814041257,0.25081069814041257
ABV/20230321-UltimateAutomizerSvcomp2023/test_mutex_unbounded-2.i_86.smt2,Bitwuzla,True,0.22225318010896444,0.22225318010896444
ABV/20230321-UltimateAutomizerSvcomp2023/simple_search_value-1.i_42.smt2,Bitwuzla,True,0.22233150387182832,0.22233150387182832
ABV/20230321-UltimateAutomizerSvcomp2023/dll_of_dll-2.i_25.smt2,Bitwuzla,True,0.237211043946445,0.237211043946445
ABV/20230321-UltimateAutomizerSvcomp2023/list-ext_1.i_15.smt2,Bitwuzla,True,0.23110485798679292,0.23110485798679292
ABV/20230321-UltimateAutomizerSvcomp2023/simple_search_value-2.i_7.smt2,Bitwuzla,True,0.22049855580553412,0.22049855580553412
ABV/20230321-UltimateAutomizerSvcomp2023/dll_of_dll-2.i_46.smt2,Bitwuzla,True,0.23119709896855056,0.23119709896855056
ABV/20230321-UltimateAutomizerSvcomp2023/test-memleak_nexttime.i_432.smt2,Bitwuzla,True,0.23825817089527845,0.23825817089527845
ABV/20230321-UltimateAutomizerSvcomp2023/test_add-2.i_20.smt2,Bitwuzla,True,0.2563914889469743,0.2563914889469743
ABV/20230321-UltimateAutomizerSvcomp2023/sll-circular-1.i_1.smt2,Bitwuzla,True,0.22507761185988784,0.22507761185988784
ABV/20230321-UltimateAutomizerSvcomp2023/bubble_sort_linux-2.i_1.smt2,Bitwuzla,True,0.25687569100409746,0.25687569100409746
ABV/20230321-UltimateAutomizerSvcomp2023/ex3_forlist.i_159.smt2,Bitwuzla,True,0.23624927294440567,0.23624927294440567
ABV/20190429-UltimateAutomizerSvcomp2019/cs_szymanski_true-unreach-call.i_5.smt2,Bitwuzla,True,0.27527820505201817,0.27527820505201817
ABV/20230321-UltimateAutomizerSvcomp2023/memleaks_test7-2.i_18.smt2,SMTInterpol,True,0.5153870870126411,0.5153870870126411
ABV/20230321-UltimateAutomizerSvcomp2023/list-ext_flag.i_85.smt2,Bitwuzla,True,0.22261991095729172,0.22261991095729172
ABV/20230321-UltimateAutomizerSvcomp2023/ex3_forlist.i_347.smt2,Bitwuzla,True,0.2511405241675675,0.2511405241675675
ABV/20230321-UltimateAutomizerSvcomp2023/test-0513.i_26.smt2,SMTInterpol,True,0.5682163710007444,0.5682163710007444
ABV/20230321-UltimateAutomizerSvcomp2023/dll2n_remove_all.i_0.smt2,Bitwuzla,True,4.700958268018439,4.700958268018439
ABV/20230321-UltimateAutomizerSvcomp2023/test-0521.i_1.smt2,SMTInterpol,True,0.4858270750264637,0.4858270750264637
ABV/20230321-UltimateAutomizerSvcomp2023/memleaks_test13.i_46.smt2,SMTInterpol,True,0.5687596870120615,0.5687596870120615
ABV/20230321-UltimateAutomizerSvcomp2023/splice-2.i_93.smt2,Bitwuzla,True,0.21827174606733024,0.21827174606733024
ABV/20190429-UltimateAutomizerSvcomp2019/sll-sorted_false-unreach-call_false-valid-memcleanup.i_7.smt2,Bitwuzla,True,0.2623711940832436,0.2623711940832436
ABV/20230321-UltimateAutomizerSvcomp2023/sll2n_append_equal.i_0.smt2,Bitwuzla,True,0.21965227206237614,0.21965227206237614
ABV/20230321-UltimateAutomizerSvcomp2023/ex3_forlist.i_115.smt2,Bitwuzla,True,0.21690757106989622,0.21690757106989622
ABV/20230321-UltimateAutomizerSvcomp2023/packet_filter.i_43.smt2,Bitwuzla,True,0.21855724998749793,0.21855724998749793
ABV/20230321-UltimateAutomizerSvcomp2023/dll2n_remove_all.i_2.smt2,Bitwuzla,True,0.24859186285175383,0.24859186285175383
ABV/20230321-UltimateAutomizerSvcomp2023/sll2n_remove_all.i_11.smt2,Bitwuzla,True,0.2339618899859488,0.2339618899859488
ABV/20230321-UltimateAutomizerSvcomp2023/test_mutex_unbounded-1.i_65.smt2,Bitwuzla,True,0.2490466230083257,0.2490466230083257
ABV/20230321-UltimateAutomizerSvcomp2023/dll2n_insert_unequal.i_32.smt2,Bitwuzla,True,0.25280382786877453,0.25280382786877453
ABV/20230321-UltimateAutomizerSvcomp2023/ex3_forlist.i_101.smt2,Bitwuzla,True,0.2563574858941138,0.2563574858941138
ABV/20230321-UltimateAutomizerSvcomp2023/test-0521.i_4.smt2,SMTInterpol,True,0.5020601460128091,0.5020601460128091
ABV/20230321-UltimateAutomizerSvcomp2023/ex3_forlist.i_80.smt2,Bitwuzla,True,0.22501363093033433,0.22501363093033433
ABV/20230321-UltimateAutomizerSvcomp2023/sll2n_insert_unequal.i_47.smt2,Bitwuzla,True,0.2228705300949514,0.2228705300949514
ABV/20230321-UltimateAutomizerSvcomp2023/ex3_forlist.i_467.smt2,Bitwuzla,True,0.24493809300474823,0.24493809300474823
ABV/20230321-UltimateAutomizerSvcomp2023/dll2n_append_unequal.i_18.smt2,Bitwuzla,True,0.24028509692288935,0.24028509692288935
ABV/20230321-UltimateAutomizerSvcomp2023/tree_parent_ptr.i_2.smt2,SMTInterpol,True,0.5193564539658837,0.5193564539658837
ABV/20230321-UltimateAutomizerSvcomp2023/memleaks_test6_2.i_13.smt2,SMTInterpol,True,0.5290577220148407,0.5290577220148407
ABV/20230321-UltimateAutomizerSvcomp2023/sum_array-2-1.i_13.smt2,Bitwuzla,True,0.24352352903224528,0.24352352903224528
ABV/20230321-UltimateAutomizerSvcomp2023/ex3_forlist.i_541.smt2,Bitwuzla,True,0.22432188596576452,0.22432188596576452
ABV/20230321-UltimateAutomizerSvcomp2023/complex_data_creation_test01-1.i_3.smt2,Bitwuzla,True,0.256325428141281,0.256325428141281
ABV/20230321-UltimateAutomizerSvcomp2023/sll2n_append_unequal.i_13.smt2,Bitwuzla,True,0.2241449160501361,0.2241449160501361
ABV/20230321-UltimateAutomizerSvcomp2023/sll2n_append_equal.i_5.smt2,Bitwuzla,True,0.22264589997939765,0.22264589997939765
ABV/20190429-UltimateAutomizerSvcomp2019/dancing_true-unreach-call_false-valid-memtrack.i_7.smt2,Bitwuzla,True,0.2285012830980122,0.2285012830980122
ABV/20230321-UltimateAutomizerSvcomp2023/sll2c_insert_unequal.i_101.smt2,Bitwuzla,True,0.22540580900385976,0.22540580900385976
ABV/20230321-UltimateAutomizerSvcomp2023/test_mutex.i_18.smt2,Bitwuzla,True,0.24407877400517464,0.24407877400517464
ABV/20230321-UltimateAutomizerSvcomp2023/dll2c_update_all.i_85.smt2,Bitwuzla,True,0.24761743401177227,0.24761743401177227
ABV/20230321-UltimateAutomizerSvcomp2023/running_example.i_40.smt2,Bitwuzla,True,0.23138549202121794,0.23138549202121794
ABV/20230321-UltimateAutomizerSvcomp2023/list-1.i_78.smt2,Bitwuzla,True,0.23616161197423935,0.23616161197423935
ABV/20230321-UltimateAutomizerSvcomp2023/ex3_forlist.i_258.smt2,Bitwuzla,True,0.2319289620500058,0.2319289620500058
ABV/20230321-UltimateAutomizerSvcomp2023/dll2c_update_all.i_84.smt2,Bitwuzla,True,0.24327859794721007,0.24327859794721007
ABV/20230321-UltimateAutomizerSvcomp2023/dancing.i_17.smt2,Bitwuzla,True,0.23666088795289397,0.23666088795289397
ABV/20230321-UltimateAutomizerSvcomp2023/test_add-2.i_39.smt2,Bitwuzla,True,0.24085451290011406,0.24085451290011406
ABV/20230321-UltimateAutomizerSvcomp2023/dll_of_dll-1.i_5.smt2,Bitwuzla,True,0.24719692091457546,0.24719692091457546
ABV/20230321-UltimateAutomizerSvcomp2023/test-0513_1.i_45.smt2,SMTInterpol,True,0.4971746610244736,0.4971746610244736
ABV/20230321-UltimateAutomizerSvcomp2023/list-2.i_1.smt2,Bitwuzla,True,0.2238466590642929,0.2238466590642929
ABV/20230321-UltimateAutomizerSvcomp2023/ex3_forlist.i_156.smt2,Bitwuzla,True,0.25526244193315506,0.25526244193315506
ABV/20230321-UltimateAutomizerSvcomp2023/ex3_forlist.i_102.smt2,Bitwuzla,True,0.23335013817995787,0.23335013817995787
ABV/20230321-UltimateAutomizerSvcomp2023/dll2c_update_all_reverse.i_13.smt2,SMTInterpol,True,0.5617736330023035,0.5617736330023035
ABV/20230321-UltimateAutomizerSvcomp2023/ex3_forlist.i_421.smt2,Bitwuzla,True,0.22241373592987657,0.22241373592987657
ABV/20230321-UltimateAutomizerSvcomp2023/test-memleak_nexttime.i_558.smt2,Bitwuzla,True,0.22657650895416737,0.22657650895416737
ABV/20230321-UltimateAutomizerSvcomp2023/list_search-1.i_46.smt2,Bitwuzla,True,0.23220965988002717,0.23220965988002717
ABV/20230321-UltimateAutomizerSvcomp2023/tree_of_cslls.i_5.smt2,Bitwuzla,True,0.24334657518193126,0.24334657518193126
ABV/20230321-UltimateAutomizerSvcomp2023/simple_search_value-2.i_57.smt2,Bitwuzla,True,0.23306095809675753,0.23306095809675753
ABV/20230321-UltimateAutomizerSvcomp2023/sll2n_append_equal.i_46.smt2,Bitwuzla,True,0.225435895845294,0.225435895845294
ABV/20230321-UltimateAutomizerSvcomp2023/sll2n_append_unequal.i_36.smt2,Bitwuzla,True,0.24720684718340635,0.24720684718340635
ABV/20230321-UltimateAutomizerSvcomp2023/dll_of_dll-2.i_215.smt2,SMTInterpol,True,0.6086850970168598,0.6086850970168598
ABV/20230321-UltimateAutomizerSvcomp2023/test-memleak_nexttime.i_154.smt2,Bitwuzla,True,0.22303811507299542,0.22303811507299542
ABV/20230321-UltimateAutomizerSvcomp2023/memleaks_test13_2.i_30.smt2,SMTInterpol,True,0.5187905179918744,0.5187905179918744
ABV/20230321-UltimateAutomizerSvcomp2023/ex3_forlist.i_179.smt2,Bitwuzla,True,0.22216816595755517,0.22216816595755517
ABV/20230321-UltimateAutomizerSvcomp2023/sll2n_insert_equal.i_33.smt2,Bitwuzla,True,0.23155395803041756,0.23155395803041756
ABV/20230321-UltimateAutomizerSvcomp2023/list_search-2.i_29.smt2,SMTInterpol,True,0.5450636320165358,0.5450636320165358
ABV/20230321-UltimateAutomizerSvcomp2023/memleaks_test14_3.i_7.smt2,Bitwuzla,True,0.2224657649639994,0.2224657649639994
ABV/20190429-UltimateAutomizerSvcomp2019/dancing_true-unreach-call_false-valid-memtrack.i_0.smt2,Bitwuzla,True,0.2735560960136354,0.2735560960136354
ABV/20230321-UltimateAutomizerSvcomp2023/dll-circular-2.i_1.smt2,Bitwuzla,True,0.2204016570467502,0.2204016570467502
ABV/20230321-UltimateAutomizerSvcomp2023/sll2n_insert_unequal.i_193.smt2,Bitwuzla,True,0.2219286309555173,0.2219286309555173
ABV/20230321-UltimateAutomizerSvcomp2023/eureka_05.i_18.smt2,Bitwuzla,True,0.22335430490784347,0.22335430490784347
ABV/20230321-UltimateAutomizerSvcomp2023/sll2n_insert_unequal.i_172.smt2,Bitwuzla,True,0.23588971188291907,0.23588971188291907
ABV/20230321-UltimateAutomizerSvcomp2023/sll2n_insert_unequal.i_170.smt2,Bitwuzla,True,0.22671682806685567,0.22671682806685567
ABV/20230321-UltimateAutomizerSvcomp2023/test-memleak_nexttime.i_397.smt2,Bitwuzla,True,0.22392499702982605,0.22392499702982605
ABV/20230321-UltimateAutomizerSvcomp2023/sll2n_insert_unequal.i_50.smt2,Bitwuzla,True,0.22949255886487663,0.22949255886487663
ABV/20230321-UltimateAutomizerSvcomp2023/list_flag-2.i_20.smt2,Bitwuzla,True,0.2202111359219998,0.2202111359219998
ABV/20230321-UltimateAutomizerSvcomp2023/list-ext_flag_1.i_87.smt2,Bitwuzla,True,0.2240184680558741,0.2240184680558741
ABV/20230321-UltimateAutomizerSvcomp2023/dll2c_update_all_reverse.i_1.smt2,Bitwuzla,True,0.22414492908865213,0.22414492908865213
ABV/20230321-UltimateAutomizerSvcomp2023/memleaks_test6_1.i_21.smt2,SMTInterpol,True,0.6068701290059835,0.6068701290059835
ABV/20230321-UltimateAutomizerSvcomp2023/ex3_forlist.i_485.smt2,Bitwuzla,True,0.21638993499800563,0.21638993499800563
ABV/20230321-UltimateAutomizerSvcomp2023/sll-sorted-1.i_24.smt2,SMTInterpol,True,0.4892649590037763,0.4892649590037763
ABV/20230321-UltimateAutomizerSvcomp2023/memleaks_test7-1.i_3.smt2,SMTInterpol,True,0.5005351359723136,0.5005351359723136
ABV/20230321-UltimateAutomizerSvcomp2023/simple-ext_1.i_4.smt2,Bitwuzla,True,0.21878322516568005,0.21878322516568005
ABV/20230321-UltimateAutomizerSvcomp2023/dll2c_insert_equal.i_58.smt2,Bitwuzla,True,0.2533430259209126,0.2533430259209126
ABV/20230321-UltimateAutomizerSvcomp2023/list-ext_1.i_44.smt2,Bitwuzla,True,0.22248416999354959,0.22248416999354959
ABV/20190429-UltimateAutomizerSvcomp2019/dll_of_dll_false-unreach-call_false-valid-memcleanup.i_6.smt2,Bitwuzla,True,0.2500330680049956,0.2500330680049956
ABV/20230321-UltimateAutomizerSvcomp2023/optional_data_creation_test04-1.i_44.smt2,Bitwuzla,True,0.2519278989639133,0.2519278989639133
ABV/20230321-UltimateAutomizerSvcomp2023/dll2c_insert_equal.i_23.smt2,Bitwuzla,True,0.25106713897548616,0.25106713897548616
ABV/20230321-UltimateAutomizerSvcomp2023/complex_data_creation_test01-2.i_1.smt2,Bitwuzla,True,0.23371974914334714,0.23371974914334714
ABV/20230321-UltimateAutomizerSvcomp2023/test-memleak_nexttime.i_81.smt2,Bitwuzla,True,0.21868093917146325,0.21868093917146325
ABV/20230321-UltimateAutomizerSvcomp2023/dll2n_prepend_unequal.i_9.smt2,Bitwuzla,True,0.2593727479688823,0.2593727479688823
ABV/20230321-UltimateAutomizerSvcomp2023/dll2n_append_equal.i_55.smt2,Bitwuzla,True,0.25021860911510885,0.25021860911510885
ABV/20230321-UltimateAutomizerSvcomp2023/dll_of_dll-2.i_255.smt2,Bitwuzla,True,0.22290449286811054,0.22290449286811054
ABV/20230321-UltimateAutomizerSvcomp2023/dll_circular_traversal-2.i_6.smt2,Bitwuzla,True,0.21902205399237573,0.21902205399237573
ABV/20230321-UltimateAutomizerSvcomp2023/ex3_forlist.i_175.smt2,Bitwuzla,True,0.2508163279853761,0.2508163279853761
ABV/20230321-UltimateAutomizerSvcomp2023/eureka_05.i_88.smt2,Bitwuzla,True,0.24045063881203532,0.24045063881203532
ABV/20230321-UltimateAutomizerSvcomp2023/test-memleak_nexttime.i_209.smt2,Bitwuzla,True,0.22025693394243717,0.22025693394243717
ABV/20230321-UltimateAutomizerSvcomp2023/sll2c_insert_equal.i_146.smt2,Bitwuzla,True,0.23783076414838433,0.23783076414838433
ABV/20230321-UltimateAutomizerSvcomp2023/bubble_sort_linux-2.i_49.smt2,Bitwuzla,True,0.2361357209738344,0.2361357209738344
ABV/20230321-UltimateAutomizerSvcomp2023/sll2n_insert_unequal.i_137.smt2,Bitwuzla,True,0.22799466620199382,0.22799466620199382
ABV/20230321-UltimateAutomizerSvcomp2023/sll2n_append_equal.i_84.smt2,Bitwuzla,True,0.25423760106787086,0.25423760106787086
ABV/20230321-UltimateAutomizerSvcomp2023/ex3_forlist.i_170.smt2,Bitwuzla,True,0.23123268107883632,0.23123268107883632
ABV/20230321-UltimateAutomizerSvcomp2023/list-ext_flag.i_27.smt2,Bitwuzla,True,0.2525269538164139,0.2525269538164139
ABV/20230321-UltimateAutomizerSvcomp2023/ex3_forlist.i_311.smt2,Bitwuzla,True,0.23181107896380126,0.23181107896380126
ABV/20190429-UltimateAutomizerSvcomp2019/sep10_true-unreach-call.i_11.smt2,Bitwuzla,True,0.24050358799286187,0.24050358799286187
ABV/20230321-UltimateAutomizerSvcomp2023/memleaks_test22_1-2.i_1.smt2,Bitwuzla,True,0.24479488912038505,0.24479488912038505
ABV/20230321-UltimateAutomizerSvcomp2023/sll2c_prepend_equal.i_21.smt2,Bitwuzla,True,0.2190024519804865,0.2190024519804865
ABV/20230321-UltimateAutomizerSvcomp2023/sll2n_append_equal.i_2.smt2,Bitwuzla,True,0.2279728720895946,0.2279728720895946
ABV/20230321-UltimateAutomizerSvcomp2023/ex3_forlist.i_69.smt2,Bitwuzla,True,0.2392473448999226,0.2392473448999226
ABV/20230321-UltimateAutomizerSvcomp2023/list-ext_flag_1.i_25.smt2,SMTInterpol,True,0.5728799600037746,0.5728799600037746
ABV/20190429-UltimateAutomizerSvcomp2019/list-ext_flag_false-unreach-call_false-valid-deref.i_7.smt2,SMTInterpol,True,0.49440043000504375,0.49440043000504375
ABV/20230321-UltimateAutomizerSvcomp2023/sll2n_insert_unequal.i_74.smt2,Bitwuzla,True,0.22068310994654894,0.22068310994654894
ABV/20230321-UltimateAutomizerSvcomp2023/memleaks_test13_2.i_19.smt2,SMTInterpol,True,0.5205850070342422,0.5205850070342422
ABV/20230321-UltimateAutomizerSvcomp2023/list-2.i_31.smt2,SMTInterpol,True,0.5566164490301162,0.5566164490301162
ABV/20230321-UltimateAutomizerSvcomp2023/list_search-1.i_62.smt2,Bitwuzla,True,0.2582119449507445,0.2582119449507445
ABV/20230321-UltimateAutomizerSvcomp2023/memleaks_test19-1.i_11.smt2,Bitwuzla,True,0.23155039711855352,0.23155039711855352
ABV/20230321-UltimateAutomizerSvcomp2023/memleaks_test6_1.i_10.smt2,SMTInterpol,True,0.5660774710122496,0.5660774710122496
ABV/20230321-UltimateAutomizerSvcomp2023/list-ext_flag_1.i_8.smt2,Bitwuzla,True,0.22981605911627412,0.22981605911627412
ABV/20230321-UltimateAutomizerSvcomp2023/memleaks_test6.i_9.smt2,SMTInterpol,True,0.5301548339775763,0.5301548339775763
ABV/20230321-UltimateAutomizerSvcomp2023/ex3_forlist.i_590.smt2,Bitwuzla,True,0.21697443397715688,0.21697443397715688
ABV/20230321-UltimateAutomizerSvcomp2023/dll2n_update_all.i_13.smt2,Bitwuzla,True,0.24851568997837603,0.24851568997837603
ABV/20230321-UltimateAutomizerSvcomp2023/ex3_forlist.i_278.smt2,Bitwuzla,True,0.22380702709779143,0.22380702709779143
ABV/20230321-UltimateAutomizerSvcomp2023/memleaks_test14_3.i_10.smt2,Bitwuzla,True,0.22401873697526753,0.22401873697526753
ABV/20230321-UltimateAutomizerSvcomp2023/sll_to_dll_rev-1.i_46.smt2,Bitwuzla,True,0.23981287004426122,0.23981287004426122
ABV/20230321-UltimateAutomizerSvcomp2023/memleaks_test22_3-2.i_0.smt2,Bitwuzla,True,0.2253729780204594,0.2253729780204594
ABV/20230321-UltimateAutomizerSvcomp2023/simple_built_from_end.i_6.smt2,Bitwuzla,True,0.22179206018336117,0.22179206018336117
ABV/20230321-UltimateAutomizerSvcomp2023/ex3_forlist.i_223.smt2,Bitwuzla,True,0.22113966709002852,0.22113966709002852
ABV/20230321-UltimateAutomizerSvcomp2023/test-memleak_nexttime.i_286.smt2,Bitwuzla,True,0.23595568584278226,0.23595568584278226
ABV/20230321-UltimateAutomizerSvcomp2023/simple_search_value-1.i_44.smt2,Bitwuzla,True,0.21737949596717954,0.21737949596717954
ABV/20230321-UltimateAutomizerSvcomp2023/dll2c_insert_equal.i_73.smt2,Bitwuzla,True,0.2513059990014881,0.2513059990014881
ABV/20230321-UltimateAutomizerSvcomp2023/test-memleak_nexttime.i_29.smt2,Bitwuzla,True,0.2266880359966308,0.2266880359966308
ABV/20230321-UltimateAutomizerSvcomp2023/test-memleak_nexttime.i_48.smt2,Bitwuzla,True,0.23830760805867612,0.23830760805867612
ABV/20190429-UltimateAutomizerSvcomp2019/dll_of_dll_true-unreach-call_true-valid-memsafety.i_11.smt2,Bitwuzla,True,0.26288570812903345,0.26288570812903345
ABV/20230321-UltimateAutomizerSvcomp2023/test-memleak_nexttime.i_43.smt2,Bitwuzla,True,0.23082104907371104,0.23082104907371104
ABV/20230321-UltimateAutomizerSvcomp2023/test-memleak_nexttime.i_98.smt2,Bitwuzla,True,0.22138100513257086,0.22138100513257086
ABV/20230321-UltimateAutomizerSvcomp2023/sll2n_insert_equal.i_38.smt2,Bitwuzla,True,0.222953847842291,0.222953847842291
ABV/20230321-UltimateAutomizerSvcomp2023/dll2c_update_all_reverse.i_20.smt2,Bitwuzla,True,0.22168885287828743,0.22168885287828743
ABV/20230321-UltimateAutomizerSvcomp2023/ex3_forlist.i_119.smt2,Bitwuzla,True,0.22249134304001927,0.22249134304001927
ABV/20230321-UltimateAutomizerSvcomp2023/calendar.i_10.smt2,Bitwuzla,True,0.22724212100729346,0.22724212100729346
ABV/20230321-UltimateAutomizerSvcomp2023/memleaks_test13.i_12.smt2,SMTInterpol,True,0.5014800340286456,0.5014800340286456
ABV/20230321-UltimateAutomizerSvcomp2023/test-memleak_nexttime.i_528.smt2,Bitwuzla,True,0.21981800999492407,0.21981800999492407
ABV/20230321-UltimateAutomizerSvcomp2023/memleaks_test18_3.i_27.smt2,Bitwuzla,True,0.2349228379316628,0.2349228379316628
ABV/20230321-UltimateAutomizerSvcomp2023/sll2n_append_unequal.i_6.smt2,Bitwuzla,True,0.22637304896488786,0.22637304896488786
ABV/20230321-UltimateAutomizerSvcomp2023/sll2c_prepend_equal.i_54.smt2,Bitwuzla,True,0.26704079401679337,0.26704079401679337
ABV/20230321-UltimateAutomizerSvcomp2023/sll2c_insert_equal.i_173.smt2,Bitwuzla,True,0.24242660379968584,0.24242660379968584
ABV/20230321-UltimateAutomizerSvcomp2023/test_add-2.i_30.smt2,cvc5,True,0.22406185418367386,0.22406185418367386
ABV/20230321-UltimateAutomizerSvcomp2023/list-ext_flag_1.i_7.smt2,Bitwuzla,True,0.22573875612579286,0.22573875612579286
ABV/20230321-UltimateAutomizerSvcomp2023/sll2n_insert_unequal.i_234.smt2,SMTInterpol,True,0.7462633359828033,0.7462633359828033
ABV/20230321-UltimateAutomizerSvcomp2023/dll2c_update_all_reverse.i_15.smt2,SMTInterpol,True,0.5301046840031631,0.5301046840031631
ABV/20230321-UltimateAutomizerSvcomp2023/eureka_05.i_29.smt2,Bitwuzla,True,0.23151541990227997,0.23151541990227997
ABV/20230321-UltimateAutomizerSvcomp2023/packet_filter.i_34.smt2,Bitwuzla,True,0.22780873603187501,0.22780873603187501
ABV/20230321-UltimateAutomizerSvcomp2023/memleaks_test4-2.i_10.smt2,Bitwuzla,True,0.21952390996739268,0.21952390996739268
ABV/20230321-UltimateAutomizerSvcomp2023/ex3_forlist.i_591.smt2,Bitwuzla,True,0.2329088479746133,0.2329088479746133
ABV/20230321-UltimateAutomizerSvcomp2023/list-ext_1.i_23.smt2,Bitwuzla,True,0.2516602538526058,0.2516602538526058
ABV/20230321-UltimateAutomizerSvcomp2023/simple-ext_1.i_29.smt2,Bitwuzla,True,0.2195197178516537,0.2195197178516537
ABV/20230321-UltimateAutomizerSvcomp2023/dll2c_prepend_equal.i_1.smt2,Bitwuzla,True,0.22502912301570177,0.22502912301570177
ABV/20230321-UltimateAutomizerSvcomp2023/memleaks_test18_3.i_18.smt2,Bitwuzla,True,0.21908663888461888,0.21908663888461888
ABV/20230321-UltimateAutomizerSvcomp2023/sll2n_append_equal.i_45.smt2,Bitwuzla,True,0.25300367805175483,0.25300367805175483
ABV/20230321-UltimateAutomizerSvcomp2023/test-memleak_nexttime.i_387.smt2,Bitwuzla,True,0.23170863301493227,0.23170863301493227
ABV/20230321-UltimateAutomizerSvcomp2023/test-0513.i_19.smt2,SMTInterpol,True,0.45201851398451254,0.45201851398451254
ABV/20230321-UltimateAutomizerSvcomp2023/memleaks_test14_3.i_3.smt2,Bitwuzla,True,0.2289884090423584,0.2289884090423584
ABV/20230321-UltimateAutomizerSvcomp2023/test-memleak_nexttime.i_144.smt2,Bitwuzla,True,0.24341502413153648,0.24341502413153648
ABV/20230321-UltimateAutomizerSvcomp2023/splice-2.i_2.smt2,Bitwuzla,True,0.22082168702036142,0.22082168702036142
ABV/20230321-UltimateAutomizerSvcomp2023/memleaks_test13_1.i_16.smt2,SMTInterpol,True,0.552755692973733,0.552755692973733
ABV/20230321-UltimateAutomizerSvcomp2023/list_and_tree_cnstr-1.i_29.smt2,Bitwuzla,True,0.24694879306480289,0.24694879306480289
ABV/20230321-UltimateAutomizerSvcomp2023/dll2n_append_equal.i_59.smt2,Bitwuzla,True,0.2271807270590216,0.2271807270590216
ABV/20230321-UltimateAutomizerSvcomp2023/memleaks_test8.i_4.smt2,SMTInterpol,True,0.49546021898277104,0.49546021898277104
ABV/20230321-UltimateAutomizerSvcomp2023/ex3_forlist.i_377.smt2,Bitwuzla,True,0.2409422609489411,0.2409422609489411
ABV/20230321-UltimateAutomizerSvcomp2023/dll_of_dll-2.i_98.smt2,Bitwuzla,True,0.22705824789591134,0.22705824789591134
ABV/20230321-UltimateAutomizerSvcomp2023/sll2c_prepend_equal.i_22.smt2,Bitwuzla,True,0.24382952088490129,0.24382952088490129
ABV/20230321-UltimateAutomizerSvcomp2023/test-memleak_nexttime.i_477.smt2,Bitwuzla,True,0.23751322412863374,0.23751322412863374
ABV/20230321-UltimateAutomizerSvcomp2023/sll-rb-sentinel-1.i_31.smt2,Bitwuzla,True,0.215053697116673,0.215053697116673
ABV/20230321-UltimateAutomizerSvcomp2023/list_search-1.i_35.smt2,Bitwuzla,True,0.23265937599353492,0.23265937599353492
ABV/20190429-UltimateAutomizerSvcomp2019/sep60_true-unreach-call.i_0.smt2,Bitwuzla,True,0.23992850189097226,0.23992850189097226
ABV/20230321-UltimateAutomizerSvcomp2023/dll_of_dll-1.i_26.smt2,Bitwuzla,True,0.225042921025306,0.225042921025306
ABV/20230321-UltimateAutomizerSvcomp2023/list-ext_flag.i_96.smt2,Bitwuzla,True,0.2583789308555424,0.2583789308555424
ABV/20230321-UltimateAutomizerSvcomp2023/test_mutex_unbounded-2.i_18.smt2,Bitwuzla,True,0.2344557628966868,0.2344557628966868
ABV/20230321-UltimateAutomizerSvcomp2023/sll2n_insert_unequal.i_114.smt2,Bitwuzla,True,0.23566890507936478,0.23566890507936478
ABV/20230321-UltimateAutomizerSvcomp2023/list-ext_flag.i_20.smt2,Bitwuzla,True,0.23367927805520594,0.23367927805520594
ABV/20230321-UltimateAutomizerSvcomp2023/test-memleak_nexttime.i_367.smt2,Bitwuzla,True,0.22695255279541016,0.22695255279541016
ABV/20230321-UltimateAutomizerSvcomp2023/memleaks_test13.i_13.smt2,SMTInterpol,True,0.5401983380434103,0.5401983380434103
ABV/20230321-UltimateAutomizerSvcomp2023/test-memleak_nexttime.i_264.smt2,Bitwuzla,True,0.24463391420431435,0.24463391420431435
ABV/20230321-UltimateAutomizerSvcomp2023/dll2n_remove_all.i_5.smt2,Bitwuzla,True,0.24964833795093,0.24964833795093
ABV/20230321-UltimateAutomizerSvcomp2023/calendar.i_4.smt2,Bitwuzla,True,0.2244636018294841,0.2244636018294841
ABV/20230321-UltimateAutomizerSvcomp2023/memleaks_test17_3.i_7.smt2,SMTInterpol,True,0.5425735359895043,0.5425735359895043
ABV/20230321-UltimateAutomizerSvcomp2023/sll2n_prepend_equal.i_11.smt2,Bitwuzla,True,0.2521797330118716,0.2521797330118716
ABV/20190429-UltimateAutomizerSvcomp2019/dancing_true-unreach-call_false-valid-memtrack.i_10.smt2,Bitwuzla,True,0.2574456341098994,0.2574456341098994
ABV/20230321-UltimateAutomizerSvcomp2023/list-ext_flag.i_38.smt2,Bitwuzla,True,0.24892810895107687,0.24892810895107687
ABV/20230321-UltimateAutomizerSvcomp2023/test-memleak_nexttime.i_493.smt2,Bitwuzla,True,0.219567647902295,0.219567647902295
ABV/20230321-UltimateAutomizerSvcomp2023/sll2c_prepend_unequal.i_44.smt2,Bitwuzla,True,0.22119577089324594,0.22119577089324594
ABV/20230321-UltimateAutomizerSvcomp2023/sll2c_insert_unequal.i_5.smt2,Bitwuzla,True,26.019314758013934,26.019314758013934
ABV/20230321-UltimateAutomizerSvcomp2023/sll2c_prepend_unequal.i_42.smt2,Bitwuzla,True,0.2179090199060738,0.2179090199060738
ABV/20230321-UltimateAutomizerSvcomp2023/sll2n_insert_unequal.i_196.smt2,Bitwuzla,True,0.22792367008514702,0.22792367008514702
ABV/20230321-UltimateAutomizerSvcomp2023/memleaks_test19-1.i_4.smt2,Bitwuzla,True,0.27023093681782484,0.27023093681782484
ABV/20230321-UltimateAutomizerSvcomp2023/list-ext_flag_1.i_28.smt2,Bitwuzla,True,0.22874684096314013,0.22874684096314013
ABV/20230321-UltimateAutomizerSvcomp2023/dll2c_insert_equal.i_34.smt2,Bitwuzla,True,0.2506026641931385,0.2506026641931385
ABV/20230321-UltimateAutomizerSvcomp2023/split_list_test05-1.i_22.smt2,Bitwuzla,True,0.23201820394024253,0.23201820394024253
ABV/20230321-UltimateAutomizerSvcomp2023/list-ext_flag_1.i_50.smt2,Bitwuzla,True,0.22434003604575992,0.22434003604575992
ABV/20230321-UltimateAutomizerSvcomp2023/ex3_forlist.i_270.smt2,Bitwuzla,True,0.21839250694029033,0.21839250694029033
ABV/20230321-UltimateAutomizerSvcomp2023/optional_data_creation_test04-1.i_38.smt2,Bitwuzla,True,0.25591995590366423,0.25591995590366423
ABV/20230321-UltimateAutomizerSvcomp2023/ex3_forlist.i_96.smt2,Bitwuzla,True,0.21770711103454232,0.21770711103454232
ABV/20230321-UltimateAutomizerSvcomp2023/test-memleak_nexttime.i_363.smt2,Bitwuzla,True,0.22527927509509027,0.22527927509509027
ABV/20230321-UltimateAutomizerSvcomp2023/list-1.i_34.smt2,Bitwuzla,True,0.23584258113987744,0.23584258113987744
ABV/20230321-UltimateAutomizerSvcomp2023/sll2c_insert_equal.i_54.smt2,Bitwuzla,True,0.22460775589570403,0.22460775589570403
ABV/20230321-UltimateAutomizerSvcomp2023/sll-sorted-2.i_9.smt2,Bitwuzla,True,0.2382538861129433,0.2382538861129433
ABV/20230321-UltimateAutomizerSvcomp2023/list-2.i_38.smt2,SMTInterpol,True,0.5224819739814848,0.5224819739814848
ABV/20230321-UltimateAutomizerSvcomp2023/optional_data_creation_test04-1.i_33.smt2,Bitwuzla,True,0.2398527399636805,0.2398527399636805
ABV/20230321-UltimateAutomizerSvcomp2023/sll_to_dll_rev-2.i_35.smt2,Bitwuzla,True,0.23273084103129804,0.23273084103129804
ABV/20230321-UltimateAutomizerSvcomp2023/list_and_tree_cnstr-2.i_17.smt2,Bitwuzla,True,0.22436175891198218,0.22436175891198218
ABV/20230321-UltimateAutomizerSvcomp2023/sll2c_insert_unequal.i_73.smt2,Bitwuzla,True,0.2501119561493397,0.2501119561493397
ABV/20230321-UltimateAutomizerSvcomp2023/sll2n_insert_unequal.i_192.smt2,Bitwuzla,True,0.24484071996994317,0.24484071996994317
ABV/20230321-UltimateAutomizerSvcomp2023/test-memleak_nexttime.i_75.smt2,Bitwuzla,True,0.24738055001944304,0.24738055001944304
ABV/20230321-UltimateAutomizerSvcomp2023/dll_circular_traversal-2.i_0.smt2,Bitwuzla,True,0.23233580798842013,0.23233580798842013
ABV/20230321-UltimateAutomizerSvcomp2023/test_mutex_unbounded-2.i_1.smt2,Bitwuzla,True,0.22147646988742054,0.22147646988742054
ABV/20230321-UltimateAutomizerSvcomp2023/test-memleak_nexttime.i_389.smt2,Bitwuzla,True,0.2635663920082152,0.2635663920082152
ABV/20230321-UltimateAutomizerSvcomp2023/packet_filter.i_1.smt2,Bitwuzla,True,0.241174136986956,0.241174136986956
ABV/20230321-UltimateAutomizerSvcomp2023/test_mutex_unbounded-1.i_42.smt2,Bitwuzla,True,0.23622496705502272,0.23622496705502272
ABV/20230321-UltimateAutomizerSvcomp2023/memleaks_test13.i_9.smt2,SMTInterpol,True,0.5073166369693354,0.5073166369693354
ABV/20230321-UltimateAutomizerSvcomp2023/ex3_forlist.i_158.smt2,Bitwuzla,True,0.21944561996497214,0.21944561996497214
ABV/20230321-UltimateAutomizerSvcomp2023/test_mutex.i_15.smt2,Bitwuzla,True,0.23179911402985454,0.23179911402985454
ABV/20230321-UltimateAutomizerSvcomp2023/test-0232_1-2.i_4.smt2,SMTInterpol,True,0.5591762090334669,0.5591762090334669
ABV/20230321-UltimateAutomizerSvcomp2023/sll_to_dll_rev-2.i_39.smt2,Bitwuzla,True,0.22443638509139419,0.22443638509139419
ABV/20230321-UltimateAutomizerSvcomp2023/sll2c_insert_equal.i_73.smt2,Bitwuzla,True,0.25301649793982506,0.25301649793982506
ABV/20190429-UltimateAutomizerSvcomp2019/cs_szymanski_true-unreach-call.i_3.smt2,Bitwuzla,True,0.22479196498170495,0.22479196498170495
ABV/20230321-UltimateAutomizerSvcomp2023/list_and_tree_cnstr-1.i_47.smt2,Bitwuzla,True,0.25399408396333456,0.25399408396333456
ABV/20230321-UltimateAutomizerSvcomp2023/test-0513_1.i_78.smt2,Bitwuzla,True,0.22791715105995536,0.22791715105995536
ABV/20230321-UltimateAutomizerSvcomp2023/memleaks_test14_3.i_6.smt2,Bitwuzla,True,0.23153698910027742,0.23153698910027742
ABV/20230321-UltimateAutomizerSvcomp2023/dll2n_append_equal.i_77.smt2,Bitwuzla,True,0.22054316918365657,0.22054316918365657
ABV/20230321-UltimateAutomizerSvcomp2023/test-memleak_nexttime.i_361.smt2,Bitwuzla,True,0.24556310195475817,0.24556310195475817
ABV/20230321-UltimateAutomizerSvcomp2023/sll2c_insert_equal.i_47.smt2,Bitwuzla,True,0.2247019021306187,0.2247019021306187
ABV/20230321-UltimateAutomizerSvcomp2023/sll2c_insert_equal.i_28.smt2,Bitwuzla,True,0.25151834497228265,0.25151834497228265
ABV/20230321-UltimateAutomizerSvcomp2023/memleaks_test5.i_1.smt2,Bitwuzla,True,0.24188207695260644,0.24188207695260644
ABV/20230321-UltimateAutomizerSvcomp2023/ex3_forlist.i_153.smt2,Bitwuzla,True,0.22065488900989294,0.22065488900989294
ABV/20230321-UltimateAutomizerSvcomp2023/test-0134.i_14.smt2,Bitwuzla,True,0.271681321086362,0.271681321086362
ABV/20230321-UltimateAutomizerSvcomp2023/sll2n_insert_unequal.i_136.smt2,Bitwuzla,True,0.22027071192860603,0.22027071192860603
ABV/20230321-UltimateAutomizerSvcomp2023/dll_of_dll-1.i_186.smt2,SMTInterpol,True,0.609892419015523,0.609892419015523
ABV/20230321-UltimateAutomizerSvcomp2023/test-memleak_nexttime.i_562.smt2,Bitwuzla,True,0.22360421204939485,0.22360421204939485
ABV/20230321-UltimateAutomizerSvcomp2023/ex3_forlist.i_122.smt2,Bitwuzla,True,0.21803163806907833,0.21803163806907833
ABV/20230321-UltimateAutomizerSvcomp2023/sll_circular_traversal-1.i_34.smt2,Bitwuzla,True,0.21608542883768678,0.21608542883768678
ABV/20230321-UltimateAutomizerSvcomp2023/test_mutex_unbounded-2.i_58.smt2,Bitwuzla,True,0.25674156192690134,0.25674156192690134
ABV/20230321-UltimateAutomizerSvcomp2023/bubble_sort_linux-2.i_38.smt2,Bitwuzla,True,0.2225344271864742,0.2225344271864742
ABV/20230321-UltimateAutomizerSvcomp2023/test-memleak_nexttime.i_480.smt2,Bitwuzla,True,0.23685159510932863,0.23685159510932863
ABV/20230321-UltimateAutomizerSvcomp2023/memleaks_test1-3.i_1.smt2,Bitwuzla,True,0.2284099778626114,0.2284099778626114
ABV/20230321-UltimateAutomizerSvcomp2023/test_add-2.i_44.smt2,Bitwuzla,True,0.2402280520182103,0.2402280520182103
ABV/20230321-UltimateAutomizerSvcomp2023/ex3_forlist.i_167.smt2,Bitwuzla,True,0.23760628583841026,0.23760628583841026
ABV/20230321-UltimateAutomizerSvcomp2023/memleaks_test14_3.i_9.smt2,Bitwuzla,True,0.22241488890722394,0.22241488890722394
ABV/20190429-UltimateAutomizerSvcomp2019/dancing_true-unreach-call_false-valid-memtrack.i_2.smt2,Bitwuzla,True,0.23501339904032648,0.23501339904032648
ABV/20230321-UltimateAutomizerSvcomp2023/dll_of_dll-2.i_277.smt2,Bitwuzla,True,0.2535362800117582,0.2535362800117582
ABV/20230321-UltimateAutomizerSvcomp2023/dll2c_insert_equal.i_21.smt2,Bitwuzla,True,0.22988773696124554,0.22988773696124554
ABV/20230321-UltimateAutomizerSvcomp2023/test_mutex.i_20.smt2,Bitwuzla,True,0.23715707892552018,0.23715707892552018
ABV/20230321-UltimateAutomizerSvcomp2023/dll2n_append_unequal.i_32.smt2,Bitwuzla,True,0.2180693349801004,0.2180693349801004
ABV/20230321-UltimateAutomizerSvcomp2023/list_search-2.i_1.smt2,Bitwuzla,True,0.2412791468668729,0.2412791468668729
ABV/20230321-UltimateAutomizerSvcomp2023/sll2c_insert_unequal.i_67.smt2,Bitwuzla,True,0.24279484106227756,0.24279484106227756
ABV/20230321-UltimateAutomizerSvcomp2023/dll-token-1.i_27.smt2,Bitwuzla,True,0.24689950607717037,0.24689950607717037
ABV/20230321-UltimateAutomizerSvcomp2023/list-1.i_75.smt2,Bitwuzla,True,0.24523318698629737,0.24523318698629737
ABV/20230321-UltimateAutomizerSvcomp2023/dancing.i_35.smt2,Bitwuzla,True,0.23106413101777434,0.23106413101777434
ABV/20230321-UltimateAutomizerSvcomp2023/test-memleak_nexttime.i_67.smt2,Bitwuzla,True,0.22576243383809924,0.22576243383809924
ABV/20230321-UltimateAutomizerSvcomp2023/bubble_sort_linux-2.i_43.smt2,Bitwuzla,True,0.24238520814105868,0.24238520814105868
ABV/20230321-UltimateAutomizerSvcomp2023/test_mutex_unbounded-2.i_22.smt2,Bitwuzla,True,0.24792042700573802,0.24792042700573802
ABV/20230321-UltimateAutomizerSvcomp2023/eureka_05.i_14.smt2,Bitwuzla,True,0.22316500404849648,0.22316500404849648
ABV/20230321-UltimateAutomizerSvcomp2023/test-memleak_nexttime.i_92.smt2,Bitwuzla,True,0.2428746570367366,0.2428746570367366
ABV/20230321-UltimateAutomizerSvcomp2023/ex3_forlist.i_136.smt2,Bitwuzla,True,0.23362941411323845,0.23362941411323845
ABV/20230321-UltimateAutomizerSvcomp2023/test-memleak_nexttime.i_331.smt2,Bitwuzla,True,0.25778384413570166,0.25778384413570166
ABV/20230321-UltimateAutomizerSvcomp2023/test-memleak_nexttime.i_255.smt2,SMTInterpol,True,0.5448088789707981,0.5448088789707981
ABV/20230321-UltimateAutomizerSvcomp2023/test-memleak_nexttime.i_300.smt2,Bitwuzla,True,0.24963885103352368,0.24963885103352368
ABV/20230321-UltimateAutomizerSvcomp2023/sll2n_update_all.i_104.smt2,SMTInterpol,True,0.6217404329800047,0.6217404329800047
ABV/20230321-UltimateAutomizerSvcomp2023/sep10-2.i_2.smt2,Bitwuzla,True,0.24447807599790394,0.24447807599790394
ABV/20230321-UltimateAutomizerSvcomp2023/test-memleak_nexttime.i_183.smt2,Bitwuzla,True,0.22399214003235102,0.22399214003235102
ABV/20230321-UltimateAutomizerSvcomp2023/sll2c_insert_unequal.i_45.smt2,Bitwuzla,True,0.25102675799280405,0.25102675799280405
ABV/20230321-UltimateAutomizerSvcomp2023/sll2n_append_equal.i_32.smt2,Bitwuzla,True,0.26712166517972946,0.26712166517972946
ABV/20230321-UltimateAutomizerSvcomp2023/memleaks_test18_3.i_13.smt2,Bitwuzla,True,0.25843703211285174,0.25843703211285174
ABV/20230321-UltimateAutomizerSvcomp2023/test-memleak_nexttime.i_404.smt2,Bitwuzla,True,0.2262016690801829,0.2262016690801829
ABV/20230321-UltimateAutomizerSvcomp2023/test-memleak_nexttime.i_161.smt2,Bitwuzla,True,0.2463247289415449,0.2463247289415449
ABV/20230321-UltimateAutomizerSvcomp2023/optional_data_creation_test04-1.i_34.smt2,Bitwuzla,True,0.23251172504387796,0.23251172504387796
ABV/20230321-UltimateAutomizerSvcomp2023/simple-ext_1.i_22.smt2,Bitwuzla,True,0.2239759659860283,0.2239759659860283
ABV/20230321-UltimateAutomizerSvcomp2023/sll2n_append_equal.i_7.smt2,Bitwuzla,True,0.23163186409510672,0.23163186409510672
ABV/20230321-UltimateAutomizerSvcomp2023/test_mutex_unbounded-1.i_66.smt2,Bitwuzla,True,0.2292682679835707,0.2292682679835707
ABV/20230321-UltimateAutomizerSvcomp2023/list-ext_flag.i_104.smt2,Bitwuzla,True,0.2242188840173185,0.2242188840173185
ABV/20230321-UltimateAutomizerSvcomp2023/max05-1.i_0.smt2,Bitwuzla,True,0.2686629150994122,0.2686629150994122
ABV/20230321-UltimateAutomizerSvcomp2023/ex3_forlist.i_68.smt2,Bitwuzla,True,0.23964466410689056,0.23964466410689056
ABV/20230321-UltimateAutomizerSvcomp2023/ex3_forlist.i_146.smt2,Bitwuzla,True,0.21937687695026398,0.21937687695026398
ABV/20230321-UltimateAutomizerSvcomp2023/ex3_forlist.i_308.smt2,Bitwuzla,True,0.2297369239386171,0.2297369239386171
ABV/20230321-UltimateAutomizerSvcomp2023/dll2c_update_all_reverse.i_14.smt2,SMTInterpol,True,0.5496705070254393,0.5496705070254393
ABV/20230321-UltimateAutomizerSvcomp2023/test_add-2.i_33.smt2,cvc5,True,0.26096648001112044,0.26096648001112044
ABV/20230321-UltimateAutomizerSvcomp2023/ex3_forlist.i_187.smt2,Bitwuzla,True,0.2485603450331837,0.2485603450331837
ABV/20190429-UltimateAutomizerSvcomp2019/list_search_true-unreach-call_false-valid-memcleanup.i_3.smt2,Bitwuzla,True,0.2300327110569924,0.2300327110569924
ABV/20230321-UltimateAutomizerSvcomp2023/ex3_forlist.i_471.smt2,Bitwuzla,True,0.22276071505621076,0.22276071505621076
ABV/20230321-UltimateAutomizerSvcomp2023/ex3_forlist.i_8.smt2,Bitwuzla,True,0.22109561483375728,0.22109561483375728
ABV/20190429-UltimateAutomizerSvcomp2019/ex3_forlist_true-termination.c_true-unreach-call.i_3.smt2,Bitwuzla,True,0.24181170901283622,0.24181170901283622
ABV/20230321-UltimateAutomizerSvcomp2023/list_search-1.i_20.smt2,Bitwuzla,True,0.21898163994774222,0.21898163994774222
ABV/20230321-UltimateAutomizerSvcomp2023/dll2n_append_equal.i_72.smt2,Bitwuzla,True,0.22250468307174742,0.22250468307174742
ABV/20230321-UltimateAutomizerSvcomp2023/sll2n_append_unequal.i_1.smt2,Bitwuzla,True,0.2188181399833411,0.2188181399833411
ABV/20230321-UltimateAutomizerSvcomp2023/splice-2.i_99.smt2,Bitwuzla,True,0.28725336818024516,0.28725336818024516
ABV/20230321-UltimateAutomizerSvcomp2023/test_mutex_unbounded-2.i_80.smt2,Bitwuzla,True,0.2288455341476947,0.2288455341476947
ABV/20230321-UltimateAutomizerSvcomp2023/dll2c_update_all_reverse.i_17.smt2,Bitwuzla,True,0.21816133614629507,0.21816133614629507
ABV/20230321-UltimateAutomizerSvcomp2023/test_add-2.i_35.smt2,cvc5,True,0.22306819981895387,0.22306819981895387
ABV/20230321-UltimateAutomizerSvcomp2023/bubble_sort_linux-2.i_104.smt2,Bitwuzla,True,0.22439655289053917,0.22439655289053917
ABV/20230321-UltimateAutomizerSvcomp2023/sll2c_insert_unequal.i_3.smt2,Bitwuzla,True,0.25823362707160413,0.25823362707160413
ABV/20230321-UltimateAutomizerSvcomp2023/dll2n_append_equal.i_0.smt2,Bitwuzla,True,0.22062939405441284,0.22062939405441284
ABV/20230321-UltimateAutomizerSvcomp2023/test-memleak_nexttime.i_185.smt2,Bitwuzla,True,0.2671022149734199,0.2671022149734199
ABV/20230321-UltimateAutomizerSvcomp2023/list-ext_flag_1.i_14.smt2,Bitwuzla,True,0.2535322871990502,0.2535322871990502
ABV/20230321-UltimateAutomizerSvcomp2023/test-memleak_nexttime.i_13.smt2,Bitwuzla,True,0.3125871270895004,0.3125871270895004
ABV/20230321-UltimateAutomizerSvcomp2023/test-memleak_nexttime.i_276.smt2,Bitwuzla,True,0.2542877639643848,0.2542877639643848
ABV/20230321-UltimateAutomizerSvcomp2023/sll-rb-sentinel-2.i_47.smt2,Bitwuzla,True,0.2502598590217531,0.2502598590217531
ABV/20230321-UltimateAutomizerSvcomp2023/test-memleak_nexttime.i_118.smt2,Bitwuzla,True,0.3048091880045831,0.3048091880045831
ABV/20230321-UltimateAutomizerSvcomp2023/sll2c_prepend_unequal.i_26.smt2,Bitwuzla,True,0.21763940807431936,0.21763940807431936
ABV/20230321-UltimateAutomizerSvcomp2023/list-ext_flag.i_101.smt2,Bitwuzla,True,0.2440420479979366,0.2440420479979366
ABV/20230321-UltimateAutomizerSvcomp2023/list_flag-2.i_1.smt2,Bitwuzla,True,0.22060616686940193,0.22060616686940193
ABV/20230321-UltimateAutomizerSvcomp2023/sll2n_insert_unequal.i_11.smt2,Bitwuzla,True,0.234140443848446,0.234140443848446
ABV/20190429-UltimateAutomizerSvcomp2019/sll-rb-sentinel_false-unreach-call_false-valid-memcleanup.i_11.smt2,Bitwuzla,True,0.2223063549026847,0.2223063549026847
ABV/20230321-UltimateAutomizerSvcomp2023/dll2n_update_all.i_16.smt2,Bitwuzla,True,0.22036204999312758,0.22036204999312758
ABV/20230321-UltimateAutomizerSvcomp2023/ex3_forlist.i_594.smt2,Bitwuzla,True,0.24125912808813155,0.24125912808813155
ABV/20230321-UltimateAutomizerSvcomp2023/sll_to_dll_rev-2.i_64.smt2,Bitwuzla,True,0.23691860190592706,0.23691860190592706
ABV/20230321-UltimateAutomizerSvcomp2023/dll2c_update_all_reverse.i_5.smt2,Bitwuzla,True,0.2269477490335703,0.2269477490335703
ABV/20230321-UltimateAutomizerSvcomp2023/test-memleak_nexttime.i_521.smt2,Bitwuzla,True,0.23278144397772849,0.23278144397772849
ABV/20230321-UltimateAutomizerSvcomp2023/ex3_forlist.i_138.smt2,Bitwuzla,True,0.22396314283832908,0.22396314283832908
ABV/20230321-UltimateAutomizerSvcomp2023/test-memleak_nexttime.i_325.smt2,SMTInterpol,True,0.5850431350409053,0.5850431350409053
ABV/20230321-UltimateAutomizerSvcomp2023/sll2n_insert_unequal.i_167.smt2,Bitwuzla,True,0.23634005710482597,0.23634005710482597
ABV/20230321-UltimateAutomizerSvcomp2023/sll2c_prepend_equal.i_51.smt2,Bitwuzla,True,0.30266203987412155,0.30266203987412155
ABV/20230321-UltimateAutomizerSvcomp2023/sll-rb-sentinel-1.i_33.smt2,Bitwuzla,True,0.25219124811701477,0.25219124811701477
ABV/20230321-UltimateAutomizerSvcomp2023/sll2c_prepend_equal.i_33.smt2,Bitwuzla,True,0.2497467678040266,0.2497467678040266
ABV/20230321-UltimateAutomizerSvcomp2023/memleaks_test8.i_2.smt2,SMTInterpol,True,0.49413481302326545,0.49413481302326545
ABV/20230321-UltimateAutomizerSvcomp2023/test_mutex_unbounded-2.i_95.smt2,Bitwuzla,True,0.24595518200658262,0.24595518200658262
ABV/20230321-UltimateAutomizerSvcomp2023/ex3_forlist.i_329.smt2,Bitwuzla,True,0.22261458588764071,0.22261458588764071
ABV/20230321-UltimateAutomizerSvcomp2023/dll-token-1.i_6.smt2,Bitwuzla,True,0.22875665803439915,0.22875665803439915
ABV/20230321-UltimateAutomizerSvcomp2023/test-memleak_nexttime.i_66.smt2,Bitwuzla,True,0.22141077602282166,0.22141077602282166
ABV/20230321-UltimateAutomizerSvcomp2023/alternating_list-1.i_30.smt2,Bitwuzla,True,0.2322060049045831,0.2322060049045831
ABV/20230321-UltimateAutomizerSvcomp2023/dll2n_update_all.i_7.smt2,Bitwuzla,True,0.2221052129752934,0.2221052129752934
ABV/20230321-UltimateAutomizerSvcomp2023/test_add-2.i_23.smt2,Bitwuzla,True,0.22261836286634207,0.22261836286634207
ABV/20230321-UltimateAutomizerSvcomp2023/sll_to_dll_rev-2.i_69.smt2,Bitwuzla,True,0.2607255098409951,0.2607255098409951
ABV/20230321-UltimateAutomizerSvcomp2023/min_max.i_3.smt2,Bitwuzla,True,0.25226285704411566,0.25226285704411566
ABV/20230321-UltimateAutomizerSvcomp2023/test-0137.i_28.smt2,Bitwuzla,True,0.24795217090286314,0.24795217090286314
ABV/20230321-UltimateAutomizerSvcomp2023/sll2n_update_all.i_100.smt2,Bitwuzla,True,0.22149847610853612,0.22149847610853612
ABV/20230321-UltimateAutomizerSvcomp2023/dll2c_append_unequal.i_27.smt2,Bitwuzla,True,0.24884083401411772,0.24884083401411772
ABV/20230321-UltimateAutomizerSvcomp2023/sll2c_insert_unequal.i_38.smt2,Bitwuzla,True,0.239409671863541,0.239409671863541
ABV/20230321-UltimateAutomizerSvcomp2023/memleaks_test6.i_2.smt2,SMTInterpol,True,0.5031417330028489,0.5031417330028489
ABV/20230321-UltimateAutomizerSvcomp2023/dll2c_insert_equal.i_43.smt2,Bitwuzla,True,0.24539798987098038,0.24539798987098038
ABV/20230321-UltimateAutomizerSvcomp2023/memleaks_test4-2.i_14.smt2,SMTInterpol,True,0.6130171649856493,0.6130171649856493
ABV/20230321-UltimateAutomizerSvcomp2023/alternating_list-1.i_21.smt2,Bitwuzla,True,0.22373663098551333,0.22373663098551333
ABV/20230321-UltimateAutomizerSvcomp2023/test-memleak_nexttime.i_385.smt2,Bitwuzla,True,0.23449648288078606,0.23449648288078606
ABV/20230321-UltimateAutomizerSvcomp2023/test_mutex.i_1.smt2,Bitwuzla,True,0.24031305592507124,0.24031305592507124
ABV/20230321-UltimateAutomizerSvcomp2023/sll2c_insert_unequal.i_91.smt2,Bitwuzla,True,0.22398527199402452,0.22398527199402452
ABV/20230321-UltimateAutomizerSvcomp2023/ex3_forlist.i_42.smt2,Bitwuzla,True,0.2256977241486311,0.2256977241486311
ABV/20190429-UltimateAutomizerSvcomp2019/standard_running_true-unreach-call.i_1.smt2,Bitwuzla,True,0.22647511097602546,0.22647511097602546
ABV/20230321-UltimateAutomizerSvcomp2023/sll2c_insert_equal.i_75.smt2,Bitwuzla,True,25.768701837863773,25.768701837863773
ABV/20230321-UltimateAutomizerSvcomp2023/memleaks_test6.i_36.smt2,Bitwuzla,True,0.21495665097609162,0.21495665097609162
ABV/20230321-UltimateAutomizerSvcomp2023/sll2n_update_all.i_131.smt2,SMTInterpol,True,0.5849792179651558,0.5849792179651558
ABV/20230321-UltimateAutomizerSvcomp2023/sll2c_prepend_equal.i_50.smt2,Bitwuzla,True,0.22525684093125165,0.22525684093125165
ABV/20230321-UltimateAutomizerSvcomp2023/dll_of_dll-2.i_7.smt2,Bitwuzla,True,0.2277589258737862,0.2277589258737862
ABV/20230321-UltimateAutomizerSvcomp2023/test-memleak_nexttime.i_283.smt2,Bitwuzla,True,0.2210253810044378,0.2210253810044378
ABV/20230321-UltimateAutomizerSvcomp2023/dll2c_insert_equal.i_77.smt2,Bitwuzla,True,0.2325916748959571,0.2325916748959571
ABV/20230321-UltimateAutomizerSvcomp2023/test_mutex_unbounded-2.i_0.smt2,Bitwuzla,True,0.24044439988210797,0.24044439988210797
ABV/20230321-UltimateAutomizerSvcomp2023/simple_search_value-2.i_82.smt2,Bitwuzla,True,0.248866509180516,0.248866509180516
ABV/20230321-UltimateAutomizerSvcomp2023/memleaks_test7-1.i_6.smt2,SMTInterpol,True,0.4883822870324366,0.4883822870324366
ABV/20230321-UltimateAutomizerSvcomp2023/list_search-1.i_31.smt2,Bitwuzla,True,0.22358969296328723,0.22358969296328723
ABV/20190429-UltimateAutomizerSvcomp2019/standard_running_true-unreach-call.i_3.smt2,SMTInterpol,True,0.5157825209898874,0.5157825209898874
ABV/20230321-UltimateAutomizerSvcomp2023/sll_to_dll_rev-2.i_85.smt2,Bitwuzla,True,0.30015218001790345,0.30015218001790345
ABV/20230321-UltimateAutomizerSvcomp2023/ex3_forlist.i_426.smt2,Bitwuzla,True,0.22647599689662457,0.22647599689662457
ABV/20230321-UltimateAutomizerSvcomp2023/sll2c_prepend_unequal.i_45.smt2,Bitwuzla,True,0.2370490247849375,0.2370490247849375
ABV/20230321-UltimateAutomizerSvcomp2023/test_mutex_unbounded-2.i_65.smt2,Bitwuzla,True,0.21850295481272042,0.21850295481272042
ABV/20230321-UltimateAutomizerSvcomp2023/dll_of_dll-2.i_230.smt2,Bitwuzla,True,0.23920108005404472,0.23920108005404472
ABV/20230321-UltimateAutomizerSvcomp2023/test-memleak_nexttime.i_292.smt2,Bitwuzla,True,0.2366694388911128,0.2366694388911128
ABV/20230321-UltimateAutomizerSvcomp2023/test-memleak_nexttime.i_8.smt2,Bitwuzla,True,0.23404983594082296,0.23404983594082296
ABV/20230321-UltimateAutomizerSvcomp2023/sll2c_insert_equal.i_102.smt2,Bitwuzla,True,0.24348549195565283,0.24348549195565283
ABV/20230321-UltimateAutomizerSvcomp2023/sll2n_insert_equal.i_97.smt2,Bitwuzla,True,0.23238285793922842,0.23238285793922842
ABV/20230321-UltimateAutomizerSvcomp2023/sll-simple-white-blue-1.i_9.smt2,Bitwuzla,True,0.25438262382522225,0.25438262382522225
ABV/20230321-UltimateAutomizerSvcomp2023/sll-sorted-1.i_5.smt2,SMTInterpol,True,0.5138206869596615,0.5138206869596615
ABV/20230321-UltimateAutomizerSvcomp2023/dll2n_insert_unequal.i_4.smt2,Bitwuzla,True,0.22339285886846483,0.22339285886846483
ABV/20230321-UltimateAutomizerSvcomp2023/memleaks_test15-2.i_8.smt2,Bitwuzla,True,0.24318028194829822,0.24318028194829822
ABV/20230321-UltimateAutomizerSvcomp2023/ex3_forlist.i_257.smt2,Bitwuzla,True,0.21864592493511736,0.21864592493511736
ABV/20230321-UltimateAutomizerSvcomp2023/dll_of_dll-2.i_43.smt2,Bitwuzla,True,0.23933734721504152,0.23933734721504152
ABV/20230321-UltimateAutomizerSvcomp2023/sll2c_insert_equal.i_6.smt2,Bitwuzla,True,0.24806012003682554,0.24806012003682554
ABV/20230321-UltimateAutomizerSvcomp2023/packet_filter.i_22.smt2,Bitwuzla,True,0.2241565459407866,0.2241565459407866
ABV/20230321-UltimateAutomizerSvcomp2023/dll2n_update_all.i_8.smt2,Bitwuzla,True,0.22284853202290833,0.22284853202290833
ABV/20230321-UltimateAutomizerSvcomp2023/simple_search_value-2.i_41.smt2,Bitwuzla,True,0.22897682012990117,0.22897682012990117
ABV/20230321-UltimateAutomizerSvcomp2023/sll2c_prepend_equal.i_10.smt2,Bitwuzla,True,0.22967151505872607,0.22967151505872607
ABV/20230321-UltimateAutomizerSvcomp2023/test-memleak_nexttime.i_394.smt2,Bitwuzla,True,0.23230936797335744,0.23230936797335744
ABV/20230321-UltimateAutomizerSvcomp2023/test-memleak_nexttime.i_463.smt2,Bitwuzla,True,0.2531646608840674,0.2531646608840674
ABV/20230321-UltimateAutomizerSvcomp2023/simple_search_value-1.i_63.smt2,Bitwuzla,True,0.2563623560126871,0.2563623560126871
ABV/20230321-UltimateAutomizerSvcomp2023/dll_of_dll-2.i_258.smt2,Bitwuzla,True,0.2294592389371246,0.2294592389371246
ABV/20230321-UltimateAutomizerSvcomp2023/min_max.i_12.smt2,SMTInterpol,True,0.5470612719655037,0.5470612719655037
ABV/20230321-UltimateAutomizerSvcomp2023/dll_circular_traversal-2.i_5.smt2,Bitwuzla,True,0.24245395488105714,0.24245395488105714
ABV/20230321-UltimateAutomizerSvcomp2023/ex3_forlist.i_346.smt2,Bitwuzla,True,0.24657243001274765,0.24657243001274765
ABV/20230321-UltimateAutomizerSvcomp2023/test-memleak_nexttime.i_433.smt2,Bitwuzla,True,0.22291756607592106,0.22291756607592106
ABV/20230321-UltimateAutomizerSvcomp2023/sll2n_prepend_equal.i_42.smt2,Bitwuzla,True,0.2301143049262464,0.2301143049262464
ABV/20230321-UltimateAutomizerSvcomp2023/memleaks_test20-2.i_5.smt2,Bitwuzla,True,0.23526768013834953,0.23526768013834953
ABV/20230321-UltimateAutomizerSvcomp2023/alternating_list-1.i_31.smt2,Bitwuzla,True,0.21839135698974133,0.21839135698974133
ABV/20230321-UltimateAutomizerSvcomp2023/sll2c_prepend_unequal.i_34.smt2,Bitwuzla,True,0.2186437698546797,0.2186437698546797
ABV/20230321-UltimateAutomizerSvcomp2023/sll-token-2.i_11.smt2,Bitwuzla,True,0.23307866300456226,0.23307866300456226
ABV/20230321-UltimateAutomizerSvcomp2023/test-0134.i_42.smt2,SMTInterpol,True,0.5356452360283583,0.5356452360283583
ABV/20190429-UltimateAutomizerSvcomp2019/ex3_forlist_true-termination.c_true-unreach-call.i_0.smt2,Bitwuzla,True,0.2402331840712577,0.2402331840712577
ABV/20230321-UltimateAutomizerSvcomp2023/memleaks_test4-2.i_7.smt2,SMTInterpol,True,0.5169166240375489,0.5169166240375489
ABV/20230321-UltimateAutomizerSvcomp2023/test-memleak_nexttime.i_249.smt2,Bitwuzla,True,0.21825538203120232,0.21825538203120232
ABV/20230321-UltimateAutomizerSvcomp2023/memleaks_test13_2.i_57.smt2,SMTInterpol,True,0.49289688997669145,0.49289688997669145
ABV/20230321-UltimateAutomizerSvcomp2023/test-memleak_nexttime.i_152.smt2,Bitwuzla,True,0.22616880992427468,0.22616880992427468
ABV/20230321-UltimateAutomizerSvcomp2023/dll2n_prepend_unequal.i_12.smt2,Bitwuzla,True,0.25382909504696727,0.25382909504696727
ABV/20230321-UltimateAutomizerSvcomp2023/dll2n_append_unequal.i_40.smt2,Bitwuzla,True,0.24754271912388504,0.24754271912388504
ABV/20230321-UltimateAutomizerSvcomp2023/sll2c_insert_equal.i_44.smt2,Bitwuzla,True,0.2231779689900577,0.2231779689900577
ABV/20230321-UltimateAutomizerSvcomp2023/sll2c_insert_unequal.i_15.smt2,Bitwuzla,True,0.2183716520667076,0.2183716520667076
ABV/20230321-UltimateAutomizerSvcomp2023/test-memleak_nexttime.i_78.smt2,Bitwuzla,True,0.23535455716773868,0.23535455716773868
ABV/20230321-UltimateAutomizerSvcomp2023/ex3_forlist.i_523.smt2,Bitwuzla,True,0.24778872798196971,0.24778872798196971
ABV/20230321-UltimateAutomizerSvcomp2023/ex3_forlist.i_154.smt2,Bitwuzla,True,0.23136937315575778,0.23136937315575778
ABV/20230321-UltimateAutomizerSvcomp2023/sll2c_insert_unequal.i_35.smt2,Bitwuzla,True,0.22408664715476334,0.22408664715476334
ABV/20230321-UltimateAutomizerSvcomp2023/ex3_forlist.i_460.smt2,Bitwuzla,True,0.22415930591523647,0.22415930591523647
ABV/20230321-UltimateAutomizerSvcomp2023/dll2c_insert_equal.i_63.smt2,Bitwuzla,True,0.2377797549124807,0.2377797549124807
ABV/20230321-UltimateAutomizerSvcomp2023/ex3_forlist.i_12.smt2,Bitwuzla,True,0.23147001094184816,0.23147001094184816
ABV/20230321-UltimateAutomizerSvcomp2023/test-memleak_nexttime.i_557.smt2,Bitwuzla,True,0.2407061990816146,0.2407061990816146
ABV/20230321-UltimateAutomizerSvcomp2023/test-0232_1-2.i_5.smt2,SMTInterpol,True,0.5390636199736036,0.5390636199736036
ABV/20230321-UltimateAutomizerSvcomp2023/dll-queue-1.i_6.smt2,SMTInterpol,True,0.5456784929847345,0.5456784929847345
ABV/20230321-UltimateAutomizerSvcomp2023/sll2c_insert_equal.i_23.smt2,Bitwuzla,True,0.22951380792073905,0.22951380792073905
ABV/20230321-UltimateAutomizerSvcomp2023/sll_to_dll_rev-1.i_30.smt2,Bitwuzla,True,0.25461123092100024,0.25461123092100024
ABV/20230321-UltimateAutomizerSvcomp2023/test-memleak_nexttime.i_176.smt2,Bitwuzla,True,0.3209334521088749,0.3209334521088749
ABV/20230321-UltimateAutomizerSvcomp2023/memleaks_test13.i_43.smt2,SMTInterpol,True,0.600813539000228,0.600813539000228
ABV/20230321-UltimateAutomizerSvcomp2023/sll2n_update_all.i_115.smt2,SMTInterpol,True,0.6897526159882545,0.6897526159882545
ABV/20230321-UltimateAutomizerSvcomp2023/sll2c_insert_equal.i_93.smt2,Bitwuzla,True,0.2189690249506384,0.2189690249506384
ABV/20230321-UltimateAutomizerSvcomp2023/test_mutex_unbounded-1.i_20.smt2,Bitwuzla,True,0.21979690506123006,0.21979690506123006
ABV/20230321-UltimateAutomizerSvcomp2023/test_add-2.i_31.smt2,cvc5,True,0.25209882808849216,0.25209882808849216
ABV/20230321-UltimateAutomizerSvcomp2023/list-ext_flag_1.i_47.smt2,Bitwuzla,True,0.23034587712027133,0.23034587712027133
ABV/20230321-UltimateAutomizerSvcomp2023/dll_of_dll-1.i_33.smt2,Bitwuzla,True,0.22243590909056365,0.22243590909056365
ABV/20230321-UltimateAutomizerSvcomp2023/memleaks_test18_3.i_46.smt2,Bitwuzla,True,0.26580174919217825,0.26580174919217825
ABV/20230321-UltimateAutomizerSvcomp2023/sll2n_update_all.i_52.smt2,SMTInterpol,True,0.5731908319867216,0.5731908319867216
ABV/20230321-UltimateAutomizerSvcomp2023/dll2c_append_unequal.i_8.smt2,SMTInterpol,True,0.4734500880003907,0.4734500880003907
ABV/20230321-UltimateAutomizerSvcomp2023/sll2n_append_equal.i_18.smt2,Bitwuzla,True,0.27544417092576623,0.27544417092576623
ABV/20230321-UltimateAutomizerSvcomp2023/ex3_forlist.i_361.smt2,Bitwuzla,True,0.23447464313358068,0.23447464313358068
ABV/20230321-UltimateAutomizerSvcomp2023/bubble_sort_linux-2.i_116.smt2,Bitwuzla,True,0.23825100110843778,0.23825100110843778
ABV/20230321-UltimateAutomizerSvcomp2023/dll_of_dll-1.i_61.smt2,Bitwuzla,True,0.2573414871003479,0.2573414871003479
ABV/20230321-UltimateAutomizerSvcomp2023/dll-token-1.i_15.smt2,Bitwuzla,True,0.2389742019586265,0.2389742019586265
ABV/20230321-UltimateAutomizerSvcomp2023/memleaks_test7-2.i_26.smt2,Bitwuzla,False,1200,2400
ABV/20230321-UltimateAutomizerSvcomp2023/test-0513_1.i_44.smt2,SMTInterpol,True,0.5623362300102599,0.5623362300102599
ABV/20230321-UltimateAutomizerSvcomp2023/sll2n_insert_unequal.i_130.smt2,Bitwuzla,True,0.2213143240660429,0.2213143240660429
ABV/20230321-UltimateAutomizerSvcomp2023/sll2n_update_all.i_113.smt2,SMTInterpol,True,0.6191733950399794,0.6191733950399794
ABV/20230321-UltimateAutomizerSvcomp2023/test-memleak_nexttime.i_139.smt2,Bitwuzla,True,0.25086830696091056,0.25086830696091056
ABV/20230321-UltimateAutomizerSvcomp2023/tree_cnstr.i_0.smt2,SMTInterpol,True,0.44768362201284617,0.44768362201284617
ABV/20230321-UltimateAutomizerSvcomp2023/sll-token-2.i_26.smt2,SMTInterpol,True,0.7104839960229583,0.7104839960229583
ABV/20230321-UltimateAutomizerSvcomp2023/ex3_forlist.i_425.smt2,Bitwuzla,True,0.23999281506985426,0.23999281506985426
ABV/20190429-UltimateAutomizerSvcomp2019/sll_to_dll_rev_false-unreach-call_false-valid-memcleanup.i_0.smt2,Bitwuzla,True,0.24783882405608892,0.24783882405608892
