Benchmark,Predicted_Solver,Solved,Runtime,PAR2_Score
UFDT/20170428-Barrett/rec-fun-ijcar2016/wo-wdf/isa_nun_bench_v4_enc/nunchaku2125079.nun.smt2,iProver,False,1200,2400
UFDT/20170428-Barrett/cdt-cade2015/data/afp/llist2/x2015_09_10_16_52_21_741_1156400.smt_in.smt2,cvc5,False,1200,2400
UFDT/20170428-Barrett/cdt-cade2015/data/afp/coinductive_list/x2015_09_10_17_01_22_386_1741263.smt_in.smt2,cvc5,False,1200,2400
UFDT/20170428-Barrett/cdt-cade2015/data/afp/hamming_stream/x2015_09_10_16_50_23_630_1177569.smt_in.smt2,cvc5,True,32.34957209485583,32.34957209485583
UFDT/20170428-Barrett/cdt-cade2015/data/afp/coinductive_list/x2015_09_10_16_55_32_923_1408114.smt_in.smt2,cvc5,False,1200,2400
UFDT/20170428-Barrett/cdt-cade2015/data/afp/coinductive_list/x2015_09_10_17_13_10_188_2670744.smt_in.smt2,cvc5,True,0.5618070368655026,0.5618070368655026
UFDT/20170428-Barrett/cdt-cade2015/data/afp/llist2/x2015_09_10_16_58_55_805_1454835.smt_in.smt2,cvc5,True,0.35230475501157343,0.35230475501157343
UFDT/20170428-Barrett/cdt-cade2015/data/afp/llist2/x2015_09_10_16_58_46_056_1444984.smt_in.smt2,cvc5,True,0.31346923601813614,0.31346923601813614
UFDT/20170428-Barrett/cdt-cade2015/data/afp/koenigslemma/x2015_09_10_16_53_26_137_1131215.smt_in.smt2,cvc5,False,1200,2400
UFDT/20170428-Barrett/cdt-cade2015/data/afp/coinductive_stream/x2015_09_10_17_23_11_053_1131638.smt_in.smt2,cvc5,False,1200,2400
UFDT/20170428-Barrett/cdt-cade2015/data/distro/stream/x2015_09_10_16_47_26_301_1032095.smt_in.smt2,cvc5,False,1200,2400
UFDT/20170428-Barrett/rec-fun-ijcar2016/wo-wdf/isa_nun_bench_v4_enc/nunchaku1822354.nun.smt2,cvc5,False,1200,2400
UFDT/20170428-Barrett/cdt-cade2015/data/afp/coinductive_list/x2015_09_10_17_12_11_174_2611062.smt_in.smt2,cvc5,False,1200,2400
UFDT/20170428-Barrett/cdt-cade2015/data/afp/koenigslemma/x2015_09_10_16_52_45_939_1102613.smt_in.smt2,cvc5,False,1200,2400
UFDT/20170428-Barrett/rec-fun-ijcar2016/wo-wdf/isa_nun_bench_v4_enc/nunchaku1770779.nun.smt2,iProver,False,1200,2400
UFDT/20170428-Barrett/cdt-cade2015/data/afp/huffman/x2015_09_10_16_46_45_747_1008417.smt_in.smt2,cvc5,False,1200,2400
UFDT/20170428-Barrett/cdt-cade2015/data/distro/gram_lang/x2015_09_10_16_55_50_156_1563733.smt_in.smt2,cvc5,False,1200,2400
UFDT/20170428-Barrett/cdt-cade2015/data/distro/gram_lang/x2015_09_10_16_46_53_973_1027287.smt_in.smt2,cvc5,False,1200,2400
UFDT/20170428-Barrett/rec-fun-ijcar2016/wo-wdf/isa_nun_bench_v4_enc/nunchaku3078244.nun.smt2,iProver,False,1200,2400
UFDT/20170428-Barrett/cdt-cade2015/data/afp/tllist/x2015_09_10_17_00_35_681_1360459.smt_in.smt2,iProver,False,1200,2400
UFDT/20170428-Barrett/cdt-cade2015/data/afp/coinductive_list/x2015_09_10_16_50_29_032_1133334.smt_in.smt2,cvc5,False,1200,2400
UFDT/20170428-Barrett/cdt-cade2015/data/gandl/stern_brocot_tree/x2015_09_10_16_52_51_907_1137091.smt_in.smt2,cvc5,False,1200,2400
UFDT/20170428-Barrett/cdt-cade2015/data/distro/rbt_impl/x2015_09_10_16_50_51_721_1063468.smt_in.smt2,cvc5,True,0.3171884010080248,0.3171884010080248
UFDT/20170428-Barrett/cdt-cade2015/data/afp/hamming_stream/x2015_09_10_16_49_10_574_1139083.smt_in.smt2,cvc5,False,1200,2400
UFDT/20170428-Barrett/rec-fun-ijcar2016/wo/isa_nun_bench_v4_noenc/nunchaku2102656.nun.smt2,SMTInterpol,False,1200,2400
UFDT/20170428-Barrett/rec-fun-ijcar2016/wo-wdf/isa_nun_bench_v4_enc/nunchaku1801172.nun.smt2,iProver,False,1200,2400
UFDT/20170428-Barrett/cdt-cade2015/data/afp/coinductive_list/x2015_09_10_17_08_47_874_2346483.smt_in.smt2,cvc5,False,1200,2400
UFDT/20170428-Barrett/cdt-cade2015/data/afp/bindag/x2015_09_10_16_53_12_522_1042583.smt_in.smt2,cvc5,False,1200,2400
UFDT/20170428-Barrett/cdt-cade2015/data/afp/coinductive_list/x2015_09_10_16_56_40_758_1462120.smt_in.smt2,cvc5,False,1200,2400
UFDT/20170428-Barrett/cdt-cade2015/data/afp/coinductive_list/x2015_09_10_16_50_22_138_1128087.smt_in.smt2,cvc5,False,1200,2400
UFDT/20170428-Barrett/cdt-cade2015/data/afp/tllist/x2015_09_10_16_59_17_069_1264040.smt_in.smt2,cvc5,True,541.9389028849546,541.9389028849546
UFDT/20170428-Barrett/cdt-cade2015/data/afp/sorted_list_operations/x2015_09_10_16_48_19_835_1106629.smt_in.smt2,cvc5,True,72.80418797396123,72.80418797396123
UFDT/20170428-Barrett/cdt-cade2015/data/afp/huffman/x2015_09_10_16_48_51_288_1143551.smt_in.smt2,cvc5,False,1200,2400
UFDT/20170428-Barrett/cdt-cade2015/data/afp/huffman/x2015_09_10_16_47_45_106_1071337.smt_in.smt2,cvc5,False,1200,2400
UFDT/20170428-Barrett/cdt-cade2015/data/afp/huffman/x2015_09_10_16_51_26_271_1314294.smt_in.smt2,cvc5,False,1200,2400
UFDT/20170428-Barrett/rec-fun-ijcar2016/wo/isa_nun_bench_v4_noenc/nunchaku3318744.nun.smt2,SMTInterpol,False,1200,2400
UFDT/20170428-Barrett/cdt-cade2015/data/distro/rbt_impl/x2015_09_10_16_56_12_424_1642838.smt_in.smt2,cvc5,False,1200,2400
UFDT/20170428-Barrett/cdt-cade2015/data/afp/tllist/x2015_09_10_16_58_58_883_1243200.smt_in.smt2,cvc5,False,1200,2400
UFDT/20170428-Barrett/rec-fun-ijcar2016/wo-wdf/isa_nun_bench_v4_enc/nunchaku1801184.nun.smt2,SMTInterpol,False,1200,2400
UFDT/20170428-Barrett/rec-fun-ijcar2016/wo-wdf/isa_nun_bench_v4_enc/nunchaku2102644.nun.smt2,SMTInterpol,False,1200,2400
UFDT/20170428-Barrett/cdt-cade2015/data/distro/rbt_impl/x2015_09_10_16_53_37_494_1332516.smt_in.smt2,cvc5,False,1200,2400
UFDT/20170428-Barrett/cdt-cade2015/data/afp/huffman/x2015_09_10_16_50_19_226_1241582.smt_in.smt2,cvc5,True,0.3101035561412573,0.3101035561412573
UFDT/20170428-Barrett/rec-fun-ijcar2016/wo/isa_nun_bench_v4_noenc/nunchaku1801178.nun.smt2,SMTInterpol,False,1200,2400
UFDT/20170428-Barrett/cdt-cade2015/data/afp/hamming_stream/x2015_09_10_16_48_45_490_1122313.smt_in.smt2,cvc5,True,5.152024016017094,5.152024016017094
UFDT/20170428-Barrett/cdt-cade2015/data/distro/parallel/x2015_09_10_16_56_48_506_1015773.smt_in.smt2,cvc5,True,0.2918700601439923,0.2918700601439923
UFDT/20170428-Barrett/cdt-cade2015/data/distro/parallel/x2015_09_10_16_56_35_383_1000552.smt_in.smt2,cvc5,False,1200,2400
UFDT/20170428-Barrett/cdt-cade2015/data/afp/coinductive_list/x2015_09_10_17_10_04_977_2447747.smt_in.smt2,cvc5,False,1200,2400
UFDT/20170428-Barrett/cdt-cade2015/data/afp/coinductive_list/x2015_09_10_17_11_38_605_2568489.smt_in.smt2,cvc5,False,1200,2400
UFDT/20170428-Barrett/cdt-cade2015/data/afp/coinductive_list/x2015_09_10_17_15_55_380_2751086.smt_in.smt2,cvc5,False,1200,2400
UFDT/20170428-Barrett/cdt-cade2015/data/distro/gram_lang/x2015_09_10_16_55_44_823_1557287.smt_in.smt2,cvc5,False,1200,2400
UFDT/20170428-Barrett/cdt-cade2015/data/distro/stream/x2015_09_10_16_47_04_199_1008629.smt_in.smt2,cvc5,True,0.2852760278619826,0.2852760278619826
UFDT/20170428-Barrett/cdt-cade2015/data/afp/abstract_completeness/x2015_09_10_16_59_48_329_1055507.smt_in.smt2,cvc5,False,1200,2400
UFDT/20170428-Barrett/cdt-cade2015/data/afp/coinductive_list/x2015_09_10_16_49_57_927_1109145.smt_in.smt2,cvc5,False,1200,2400
UFDT/20170428-Barrett/cdt-cade2015/data/distro/stream/x2015_09_10_16_46_53_630_994876.smt_in.smt2,cvc5,True,0.2984689548611641,0.2984689548611641
UFDT/20170428-Barrett/cdt-cade2015/data/afp/tllist/x2015_09_10_17_00_05_960_1328911.smt_in.smt2,cvc5,False,1200,2400
UFDT/20170428-Barrett/rec-fun-ijcar2016/wo/isa_nun_bench_v4_noenc/nunchaku2148256.nun.smt2,SMTInterpol,False,1200,2400
UFDT/20170428-Barrett/cdt-cade2015/data/afp/llist2/x2015_09_10_16_50_13_561_1064885.smt_in.smt2,cvc5,True,543.7429824608844,543.7429824608844
UFDT/20170428-Barrett/cdt-cade2015/data/afp/bindag/x2015_09_10_16_53_02_810_1030318.smt_in.smt2,cvc5,False,1200,2400
UFDT/20170428-Barrett/cdt-cade2015/data/distro/parallel/x2015_09_10_16_57_00_116_1030715.smt_in.smt2,cvc5,False,1200,2400
UFDT/20170428-Barrett/cdt-cade2015/data/afp/llist2/x2015_09_10_16_56_13_674_1315094.smt_in.smt2,cvc5,True,30.698897663038224,30.698897663038224
UFDT/20170428-Barrett/cdt-cade2015/data/afp/huffman/x2015_09_10_16_47_42_704_1068785.smt_in.smt2,cvc5,False,1200,2400
UFDT/20170428-Barrett/cdt-cade2015/data/afp/coinductive_list/x2015_09_10_16_53_36_149_1298299.smt_in.smt2,cvc5,True,0.2739688470028341,0.2739688470028341
UFDT/20170428-Barrett/cdt-cade2015/data/afp/coinductive_list/x2015_09_10_17_10_38_243_2489632.smt_in.smt2,cvc5,False,1200,2400
UFDT/20170428-Barrett/cdt-cade2015/data/distro/stream/x2015_09_10_16_46_48_087_987073.smt_in.smt2,cvc5,False,1200,2400
UFDT/20170428-Barrett/cdt-cade2015/data/afp/huffman/x2015_09_10_16_48_37_393_1126291.smt_in.smt2,cvc5,False,1200,2400
UFDT/20170428-Barrett/cdt-cade2015/data/distro/gram_lang/x2015_09_10_16_55_36_119_1546145.smt_in.smt2,cvc5,False,1200,2400
UFDT/20170428-Barrett/cdt-cade2015/data/gandl/cotree/x2015_09_10_16_49_43_724_998320.smt_in.smt2,cvc5,False,1200,2400
UFDT/20170428-Barrett/rec-fun-ijcar2016/wo-wdf/isa_nun_bench_v4_enc/nunchaku1910199.nun.smt2,iProver,False,1200,2400
UFDT/20170428-Barrett/rec-fun-ijcar2016/wo/isa_nun_bench_v4_noenc/nunchaku2137895.nun.smt2,iProver,False,1200,2400
UFDT/20170428-Barrett/rec-fun-ijcar2016/wo/isa_nun_bench_v4_noenc/nunchaku2252905.nun.smt2,cvc5,False,1200,2400
UFDT/20170428-Barrett/cdt-cade2015/data/distro/stream/x2015_09_10_16_48_11_099_1079309.smt_in.smt2,cvc5,True,0.2825041350442916,0.2825041350442916
UFDT/20170428-Barrett/rec-fun-ijcar2016/wo/isa_nun_bench_v4_noenc/nunchaku2280082.nun.smt2,iProver,False,1200,2400
UFDT/20170428-Barrett/rec-fun-ijcar2016/wo/isa_nun_bench_v4_noenc/nunchaku1813992.nun.smt2,SMTInterpol,False,1200,2400
UFDT/20170428-Barrett/cdt-cade2015/data/afp/coinductive_list/x2015_09_10_17_05_09_233_2047000.smt_in.smt2,cvc5,False,1200,2400
UFDT/20170428-Barrett/rec-fun-ijcar2016/wo-wdf/isa_nun_bench_v4_enc/nunchaku2078499.nun.smt2,iProver,False,1200,2400
UFDT/20170428-Barrett/cdt-cade2015/data/afp/abstract_completeness/x2015_09_10_17_00_32_932_1101238.smt_in.smt2,cvc5,False,1200,2400
UFDT/20170428-Barrett/cdt-cade2015/data/afp/abstract_completeness/x2015_09_10_16_59_40_395_1047116.smt_in.smt2,cvc5,True,542.483742431039,542.483742431039
UFDT/20170428-Barrett/rec-fun-ijcar2016/wo/isa_nun_bench_v4_noenc/nunchaku2252893.nun.smt2,cvc5,False,1200,2400
UFDT/20170428-Barrett/cdt-cade2015/data/distro/gram_lang/x2015_09_10_16_47_13_251_1049207.smt_in.smt2,cvc5,False,1200,2400
UFDT/20170428-Barrett/cdt-cade2015/data/afp/huffman/x2015_09_10_16_50_13_555_1235550.smt_in.smt2,cvc5,False,1200,2400
UFDT/20170428-Barrett/rec-fun-ijcar2016/wo/isa_nun_bench_v4_noenc/nunchaku2102644.nun.smt2,SMTInterpol,True,0.4884035149589181,0.4884035149589181
UFDT/20170428-Barrett/cdt-cade2015/data/afp/koenigslemma/x2015_09_10_16_52_43_986_1101299.smt_in.smt2,cvc5,True,0.2686208998784423,0.2686208998784423
UFDT/20170428-Barrett/cdt-cade2015/data/afp/hamming_stream/x2015_09_10_16_50_09_857_1171155.smt_in.smt2,cvc5,False,1200,2400
UFDT/20170428-Barrett/cdt-cade2015/data/distro/rbt_impl/x2015_09_10_16_55_50_395_1597807.smt_in.smt2,cvc5,True,0.4412551778368652,0.4412551778368652
UFDT/20170428-Barrett/rec-fun-ijcar2016/wo-wdf/isa_nun_bench_v4_enc/nunchaku3361656.nun.smt2,iProver,False,1200,2400
UFDT/20170428-Barrett/cdt-cade2015/data/afp/huffman/x2015_09_10_16_48_50_317_1142184.smt_in.smt2,cvc5,False,1200,2400
UFDT/20170428-Barrett/cdt-cade2015/data/afp/huffman/x2015_09_10_16_50_09_323_1231078.smt_in.smt2,cvc5,False,1200,2400
UFDT/20170428-Barrett/rec-fun-ijcar2016/wo/isa_nun_bench_v4_noenc/nunchaku2211144.nun.smt2,SMTInterpol,False,1200,2400
UFDT/20170428-Barrett/cdt-cade2015/data/distro/stream_processor/x2015_09_10_16_45_54_120_999406.smt_in.smt2,cvc5,True,543.6325444770046,543.6325444770046
UFDT/20170428-Barrett/rec-fun-ijcar2016/wo-wdf/isa_nun_bench_v4_enc/nunchaku2592292.nun.smt2,iProver,False,1200,2400
UFDT/20170428-Barrett/rec-fun-ijcar2016/wo/isa_nun_bench_v4_noenc/nunchaku1790809.nun.smt2,iProver,False,1200,2400
UFDT/20170428-Barrett/cdt-cade2015/data/afp/huffman/x2015_09_10_16_51_34_180_1323023.smt_in.smt2,cvc5,False,1200,2400
UFDT/20170428-Barrett/rec-fun-ijcar2016/wo-wdf/isa_nun_bench_v4_enc/nunchaku1947140.nun.smt2,iProver,False,1200,2400
UFDT/20170428-Barrett/cdt-cade2015/data/gandl/stern_brocot_tree/x2015_09_10_16_51_22_942_1055166.smt_in.smt2,cvc5,False,1200,2400
UFDT/20170428-Barrett/rec-fun-ijcar2016/wo/isa_nun_bench_v4_noenc/nunchaku1988324.nun.smt2,SMTInterpol,True,0.47655001998646185,0.47655001998646185
UFDT/20170428-Barrett/cdt-cade2015/data/distro/gram_lang/x2015_09_10_16_54_13_844_1463223.smt_in.smt2,cvc5,False,1200,2400
UFDT/20170428-Barrett/cdt-cade2015/data/afp/coinductive_list/x2015_09_10_16_56_43_861_1464066.smt_in.smt2,cvc5,False,1200,2400
UFDT/20170428-Barrett/cdt-cade2015/data/distro/gram_lang/x2015_09_10_16_55_47_947_1561198.smt_in.smt2,cvc5,True,0.7751542842015624,0.7751542842015624
UFDT/20201221-induction-by-reflection-schoisswohl/reflectiveConjecture/existsZeroMul.smt2,cvc5,False,1200,2400
UFDT/20170428-Barrett/cdt-cade2015/data/distro/rbt_impl/x2015_09_10_16_53_11_952_1284592.smt_in.smt2,iProver,False,1200,2400
UFDT/20170428-Barrett/cdt-cade2015/data/afp/llist2/x2015_09_10_16_58_50_162_1449205.smt_in.smt2,cvc5,True,0.29863014491274953,0.29863014491274953
UFDT/20170428-Barrett/cdt-cade2015/data/distro/gram_lang/x2015_09_10_16_46_47_637_1020485.smt_in.smt2,cvc5,False,1200,2400
UFDT/20170428-Barrett/cdt-cade2015/data/distro/rbt_impl/x2015_09_10_16_53_21_970_1306100.smt_in.smt2,cvc5,False,1200,2400
UFDT/20170428-Barrett/cdt-cade2015/data/distro/stream/x2015_09_10_16_48_44_790_1118401.smt_in.smt2,cvc5,False,1200,2400
UFDT/20170428-Barrett/rec-fun-ijcar2016/wo-wdf/isa_nun_bench_v4_enc/nunchaku2463329.nun.smt2,iProver,False,1200,2400
UFDT/20170428-Barrett/cdt-cade2015/data/distro/rbt_impl/x2015_09_10_16_55_17_007_1527773.smt_in.smt2,cvc5,False,1200,2400
UFDT/20170428-Barrett/cdt-cade2015/data/afp/coinductive_list/x2015_09_10_17_01_37_492_1762297.smt_in.smt2,cvc5,False,1200,2400
UFDT/20170428-Barrett/cdt-cade2015/data/afp/coinductive_list/x2015_09_10_17_04_12_953_1971350.smt_in.smt2,cvc5,True,0.3811658089980483,0.3811658089980483
UFDT/20170428-Barrett/cdt-cade2015/data/afp/coinductive_list/x2015_09_10_17_15_40_300_2744817.smt_in.smt2,cvc5,True,606.1214152399916,606.1214152399916
UFDT/20170428-Barrett/cdt-cade2015/data/afp/llist2/x2015_09_10_16_52_06_583_1144489.smt_in.smt2,cvc5,True,0.5809918970335275,0.5809918970335275
UFDT/20170428-Barrett/cdt-cade2015/data/afp/coinductive_list/x2015_09_10_16_52_24_567_1233369.smt_in.smt2,cvc5,False,1200,2400
UFDT/20170428-Barrett/cdt-cade2015/data/gandl/stern_brocot_tree/x2015_09_10_16_50_54_775_1033877.smt_in.smt2,cvc5,True,0.2832309592049569,0.2832309592049569
UFDT/20170428-Barrett/cdt-cade2015/data/distro/rbt_impl/x2015_09_10_16_56_26_416_1673394.smt_in.smt2,cvc5,False,1200,2400
UFDT/20170428-Barrett/cdt-cade2015/data/distro/gram_lang/x2015_09_10_16_47_23_935_1061037.smt_in.smt2,cvc5,True,0.2658993490040302,0.2658993490040302
UFDT/20170428-Barrett/cdt-cade2015/data/afp/huffman/x2015_09_10_16_49_45_880_1205943.smt_in.smt2,cvc5,True,0.27142118220217526,0.27142118220217526
UFDT/20170428-Barrett/cdt-cade2015/data/afp/coinductive_list/x2015_09_10_16_52_19_606_1229137.smt_in.smt2,cvc5,False,1200,2400
UFDT/20170428-Barrett/cdt-cade2015/data/afp/coinductive_list/x2015_09_10_16_57_58_745_1532390.smt_in.smt2,cvc5,False,1200,2400
UFDT/20201221-induction-by-reflection-schoisswohl/inductive/revAppend-0.smt2,SMTInterpol,False,1200,2400
UFDT/20170428-Barrett/cdt-cade2015/data/afp/coinductive_list/x2015_09_10_17_06_57_654_2198227.smt_in.smt2,cvc5,False,1200,2400
UFDT/20170428-Barrett/cdt-cade2015/data/distro/stream/x2015_09_10_16_49_24_417_1164348.smt_in.smt2,cvc5,True,30.52327602286823,30.52327602286823
UFDT/20170428-Barrett/cdt-cade2015/data/distro/gram_lang/x2015_09_10_16_52_13_918_1353773.smt_in.smt2,cvc5,False,1200,2400
UFDT/20170428-Barrett/cdt-cade2015/data/afp/abstract_completeness/x2015_09_10_17_00_22_297_1090463.smt_in.smt2,cvc5,True,0.28128121607005596,0.28128121607005596
UFDT/20170428-Barrett/cdt-cade2015/data/afp/llist2/x2015_09_10_16_58_40_356_1439263.smt_in.smt2,cvc5,True,0.30801971489563584,0.30801971489563584
UFDT/20170428-Barrett/cdt-cade2015/data/distro/gram_lang/x2015_09_10_16_48_21_478_1121729.smt_in.smt2,cvc5,False,1200,2400
UFDT/20170428-Barrett/cdt-cade2015/data/afp/coinductive_list/x2015_09_10_17_04_54_792_2028224.smt_in.smt2,cvc5,False,1200,2400
UFDT/20170428-Barrett/rec-fun-ijcar2016/wo-wdf/isa_nun_bench_v4_enc/nunchaku1861820.nun.smt2,iProver,False,1200,2400
UFDT/20170428-Barrett/cdt-cade2015/data/afp/coinductive_list/x2015_09_10_16_55_57_150_1428229.smt_in.smt2,cvc5,False,1200,2400
UFDT/20170428-Barrett/rec-fun-ijcar2016/wo/isa_nun_bench_v4_noenc/nunchaku1853963.nun.smt2,SMTInterpol,True,0.4498738269903697,0.4498738269903697
UFDT/20170428-Barrett/cdt-cade2015/data/afp/llist2/x2015_09_10_16_53_24_276_1203686.smt_in.smt2,cvc5,False,1200,2400
UFDT/20170428-Barrett/rec-fun-ijcar2016/wo/isa_nun_bench_v4_noenc/nunchaku2310914.nun.smt2,iProver,False,1200,2400
UFDT/20170428-Barrett/cdt-cade2015/data/afp/coinductive_stream/x2015_09_10_17_25_46_217_1270087.smt_in.smt2,cvc5,False,1200,2400
UFDT/20170428-Barrett/cdt-cade2015/data/afp/coinductive_list/x2015_09_10_17_00_50_137_1703386.smt_in.smt2,cvc5,False,1200,2400
UFDT/20170428-Barrett/cdt-cade2015/data/gandl/cotree/x2015_09_10_16_49_31_171_980888.smt_in.smt2,cvc5,False,1200,2400
UFDT/20170428-Barrett/cdt-cade2015/data/afp/coinductive_list/x2015_09_10_17_04_19_766_1981014.smt_in.smt2,cvc5,False,1200,2400
UFDT/20170428-Barrett/cdt-cade2015/data/distro/gram_lang/x2015_09_10_16_51_51_841_1328720.smt_in.smt2,cvc5,False,1200,2400
UFDT/20170428-Barrett/rec-fun-ijcar2016/wo/isa_nun_bench_v4_noenc/nunchaku2211138.nun.smt2,iProver,False,1200,2400
UFDT/20170428-Barrett/cdt-cade2015/data/gandl/stern_brocot_tree/x2015_09_10_16_52_02_792_1088289.smt_in.smt2,iProver,False,1200,2400
UFDT/20170428-Barrett/cdt-cade2015/data/afp/coinductive_list/x2015_09_10_16_54_42_875_1362942.smt_in.smt2,cvc5,False,1200,2400
UFDT/20170428-Barrett/cdt-cade2015/data/afp/coinductive_list/x2015_09_10_17_18_46_498_2849524.smt_in.smt2,cvc5,True,546.7041296327952,546.7041296327952
UFDT/20170428-Barrett/cdt-cade2015/data/afp/coinductive_list/x2015_09_10_17_03_41_217_1925781.smt_in.smt2,cvc5,False,1200,2400
UFDT/20170428-Barrett/cdt-cade2015/data/distro/rbt_impl/x2015_09_10_16_54_24_298_1429064.smt_in.smt2,cvc5,False,1200,2400
UFDT/20170428-Barrett/cdt-cade2015/data/afp/coinductive_list/x2015_09_10_16_50_25_505_1130609.smt_in.smt2,cvc5,True,193.69507043110207,193.69507043110207
UFDT/20170428-Barrett/cdt-cade2015/data/afp/coinductive_list/x2015_09_10_17_14_46_811_2714538.smt_in.smt2,cvc5,True,0.33992444491013885,0.33992444491013885
UFDT/20170428-Barrett/rec-fun-ijcar2016/wo-wdf/isa_nun_bench_v4_enc/nunchaku2545253.nun.smt2,iProver,False,1200,2400
UFDT/20170428-Barrett/cdt-cade2015/data/afp/coinductive_list/x2015_09_10_17_15_35_439_2741694.smt_in.smt2,cvc5,True,30.5420810978394,30.5420810978394
UFDT/20170428-Barrett/cdt-cade2015/data/afp/coinductive_list/x2015_09_10_17_09_02_023_2365793.smt_in.smt2,cvc5,True,0.4233846580609679,0.4233846580609679
UFDT/20170428-Barrett/cdt-cade2015/data/afp/coinductive_list/x2015_09_10_17_08_10_384_2297076.smt_in.smt2,cvc5,True,0.5251068798825145,0.5251068798825145
UFDT/20170428-Barrett/cdt-cade2015/data/afp/coinductive_list/x2015_09_10_16_53_58_591_1320577.smt_in.smt2,cvc5,False,1200,2400
UFDT/20170428-Barrett/cdt-cade2015/data/afp/coinductive_list/x2015_09_10_17_04_42_246_2012310.smt_in.smt2,cvc5,False,1200,2400
UFDT/20170428-Barrett/cdt-cade2015/data/afp/coinductive_list/x2015_09_10_17_18_05_652_2824464.smt_in.smt2,cvc5,False,1200,2400
UFDT/20170428-Barrett/cdt-cade2015/data/distro/gram_lang/x2015_09_10_16_55_13_495_1521727.smt_in.smt2,cvc5,False,1200,2400
UFDT/20170428-Barrett/cdt-cade2015/data/afp/coinductive_list/x2015_09_10_17_17_44_512_2809880.smt_in.smt2,cvc5,False,1200,2400
UFDT/20170428-Barrett/cdt-cade2015/data/afp/hamming_stream/x2015_09_10_16_48_47_020_1123526.smt_in.smt2,cvc5,True,0.3384359951596707,0.3384359951596707
UFDT/20170428-Barrett/cdt-cade2015/data/afp/coinductive_list/x2015_09_10_17_05_14_566_2054225.smt_in.smt2,cvc5,False,1200,2400
UFDT/20170428-Barrett/rec-fun-ijcar2016/wo-wdf/isa_nun_bench_v4_enc/nunchaku2168775.nun.smt2,iProver,False,1200,2400
UFDT/20170428-Barrett/cdt-cade2015/data/afp/coinductive_stream/x2015_09_10_17_22_50_449_1111409.smt_in.smt2,cvc5,False,1200,2400
UFDT/20170428-Barrett/rec-fun-ijcar2016/wo/isa_nun_bench_v4_noenc/nunchaku2172535.nun.smt2,SMTInterpol,False,1200,2400
UFDT/20170428-Barrett/cdt-cade2015/data/distro/gram_lang/x2015_09_10_16_50_13_449_1239443.smt_in.smt2,cvc5,True,0.45316171017475426,0.45316171017475426
UFDT/20170428-Barrett/cdt-cade2015/data/afp/coinductive_list/x2015_09_10_17_10_22_682_2470726.smt_in.smt2,cvc5,False,1200,2400
UFDT/20170428-Barrett/rec-fun-ijcar2016/wo/isa_nun_bench_v4_noenc/nunchaku2359462.nun.smt2,iProver,False,1200,2400
UFDT/20170428-Barrett/cdt-cade2015/data/distro/gram_lang/x2015_09_10_16_47_47_290_1086232.smt_in.smt2,cvc5,True,540.8722485848702,540.8722485848702
UFDT/20170428-Barrett/cdt-cade2015/data/afp/coinductive_list/x2015_09_10_16_54_25_482_1345253.smt_in.smt2,cvc5,True,0.4328633099794388,0.4328633099794388
UFDT/20170428-Barrett/cdt-cade2015/data/distro/rbt_impl/x2015_09_10_16_52_43_723_1232893.smt_in.smt2,cvc5,True,0.4897738758008927,0.4897738758008927
UFDT/20170428-Barrett/cdt-cade2015/data/afp/coinductive_list/x2015_09_10_16_53_45_253_1307201.smt_in.smt2,cvc5,False,1200,2400
UFDT/20170428-Barrett/cdt-cade2015/data/afp/huffman/x2015_09_10_16_51_37_720_1326926.smt_in.smt2,cvc5,False,1200,2400
UFDT/20170428-Barrett/cdt-cade2015/data/afp/coinductive_list/x2015_09_10_16_53_08_582_1272609.smt_in.smt2,cvc5,False,1200,2400
UFDT/20170428-Barrett/cdt-cade2015/data/distro/stream/x2015_09_10_16_48_22_724_1090614.smt_in.smt2,cvc5,False,1200,2400
UFDT/20170428-Barrett/cdt-cade2015/data/afp/sorted_list_operations/x2015_09_10_16_48_25_477_1112809.smt_in.smt2,cvc5,False,1200,2400
UFDT/20170428-Barrett/cdt-cade2015/data/afp/tllist/x2015_09_10_16_59_30_420_1281745.smt_in.smt2,cvc5,True,0.28948540007695556,0.28948540007695556
UFDT/20170428-Barrett/cdt-cade2015/data/distro/gram_lang/x2015_09_10_16_50_40_913_1263787.smt_in.smt2,cvc5,True,0.34654889698140323,0.34654889698140323
UFDT/20170428-Barrett/rec-fun-ijcar2016/wo/isa_nun_bench_v4_noenc/nunchaku2262803.nun.smt2,SMTInterpol,True,0.44220352196134627,0.44220352196134627
UFDT/20170428-Barrett/cdt-cade2015/data/gandl/stern_brocot_tree/x2015_09_10_16_50_53_495_1032633.smt_in.smt2,cvc5,False,1200,2400
UFDT/20170428-Barrett/cdt-cade2015/data/afp/coinductive_list/x2015_09_10_16_58_39_020_1568827.smt_in.smt2,cvc5,False,1200,2400
UFDT/20170428-Barrett/cdt-cade2015/data/distro/gram_lang/x2015_09_10_16_48_59_789_1166259.smt_in.smt2,cvc5,False,1200,2400
UFDT/20170428-Barrett/cdt-cade2015/data/afp/coinductive_list/x2015_09_10_17_05_55_345_2109160.smt_in.smt2,cvc5,False,1200,2400
UFDT/20170428-Barrett/cdt-cade2015/data/distro/gram_lang/x2015_09_10_16_51_25_466_1302708.smt_in.smt2,cvc5,False,1200,2400
UFDT/20170428-Barrett/cdt-cade2015/data/afp/hamming_stream/x2015_09_10_16_47_38_469_1070123.smt_in.smt2,cvc5,True,0.35637498111464083,0.35637498111464083
UFDT/20170428-Barrett/cdt-cade2015/data/afp/huffman/x2015_09_10_16_49_57_278_1218963.smt_in.smt2,cvc5,False,1200,2400
UFDT/20201221-induction-by-reflection-schoisswohl/inductive/revAppend-1.smt2,SMTInterpol,False,1200,2400
UFDT/20170428-Barrett/cdt-cade2015/data/distro/koenig/x2015_09_10_16_45_00_719_1002999.smt_in.smt2,cvc5,False,1200,2400
UFDT/20170428-Barrett/cdt-cade2015/data/afp/koenigslemma/x2015_09_10_16_52_09_994_1074850.smt_in.smt2,cvc5,True,0.45929907402023673,0.45929907402023673
UFDT/20170428-Barrett/cdt-cade2015/data/afp/huffman/x2015_09_10_16_49_49_184_1210232.smt_in.smt2,cvc5,True,0.2900655569974333,0.2900655569974333
UFDT/20170428-Barrett/cdt-cade2015/data/distro/rbt_impl/x2015_09_10_16_54_05_971_1390805.smt_in.smt2,cvc5,False,1200,2400
UFDT/20170428-Barrett/rec-fun-ijcar2016/wo-wdf/isa_nun_bench_v4_enc/nunchaku2211132.nun.smt2,iProver,False,1200,2400
UFDT/20170428-Barrett/rec-fun-ijcar2016/wo/isa_nun_bench_v4_noenc/nunchaku2222161.nun.smt2,iProver,False,1200,2400
UFDT/20170428-Barrett/cdt-cade2015/data/afp/coinductive_list/x2015_09_10_16_56_36_133_1458623.smt_in.smt2,cvc5,True,0.7497615979518741,0.7497615979518741
UFDT/20170428-Barrett/rec-fun-ijcar2016/wo-wdf/isa_nun_bench_v4_enc/nunchaku2129755.nun.smt2,iProver,False,1200,2400
UFDT/20170428-Barrett/cdt-cade2015/data/afp/huffman/x2015_09_10_16_48_35_072_1123634.smt_in.smt2,cvc5,False,1200,2400
UFDT/20170428-Barrett/rec-fun-ijcar2016/wo/isa_nun_bench_v4_noenc/nunchaku2446688.nun.smt2,iProver,False,1200,2400
UFDT/20201221-induction-by-reflection-schoisswohl/reflectiveAxioms/N+Leq+Add+Mul-ax2.smt2,cvc5,True,0.24757941905409098,0.24757941905409098
UFDT/20170428-Barrett/cdt-cade2015/data/afp/hamming_stream/x2015_09_10_16_50_04_082_1168469.smt_in.smt2,cvc5,False,1200,2400
UFDT/20170428-Barrett/cdt-cade2015/data/afp/coinductive_list/x2015_09_10_16_53_56_827_1318713.smt_in.smt2,iProver,False,1200,2400
UFDT/20170428-Barrett/rec-fun-ijcar2016/wo-wdf/isa_nun_bench_v4_enc/nunchaku2359462.nun.smt2,iProver,False,1200,2400
UFDT/20170428-Barrett/cdt-cade2015/data/distro/gram_lang/x2015_09_10_16_46_45_255_1017693.smt_in.smt2,cvc5,True,3.6934499540366232,3.6934499540366232
UFDT/20170428-Barrett/cdt-cade2015/data/afp/coinductive_list/x2015_09_10_16_58_40_478_1570140.smt_in.smt2,cvc5,True,0.5429379909764975,0.5429379909764975
UFDT/20170428-Barrett/cdt-cade2015/data/afp/tllist/x2015_09_10_16_56_53_789_1111389.smt_in.smt2,cvc5,False,1200,2400
UFDT/20170428-Barrett/cdt-cade2015/data/afp/coinductive_list/x2015_09_10_17_13_57_839_2689902.smt_in.smt2,cvc5,True,0.8856085690204054,0.8856085690204054
UFDT/20170428-Barrett/cdt-cade2015/data/afp/coinductive_stream/x2015_09_10_17_24_28_940_1202691.smt_in.smt2,iProver,False,1200,2400
UFDT/20170428-Barrett/rec-fun-ijcar2016/wo-wdf/isa_nun_bench_v4_enc/nunchaku2341631.nun.smt2,iProver,False,1200,2400
UFDT/20170428-Barrett/cdt-cade2015/data/distro/gram_lang/x2015_09_10_16_55_38_554_1548749.smt_in.smt2,cvc5,False,1200,2400
UFDT/20170428-Barrett/cdt-cade2015/data/afp/coinductive_stream/x2015_09_10_17_24_47_492_1217006.smt_in.smt2,cvc5,True,0.295958201168105,0.295958201168105
UFDT/20170428-Barrett/cdt-cade2015/data/distro/rbt_impl/x2015_09_10_16_59_52_448_1944235.smt_in.smt2,cvc5,False,1200,2400
UFDT/20170428-Barrett/cdt-cade2015/data/gandl/stern_brocot_tree/x2015_09_10_16_50_10_509_1004805.smt_in.smt2,cvc5,False,1200,2400
UFDT/20170428-Barrett/cdt-cade2015/data/afp/coinductive_list/x2015_09_10_17_04_29_163_1993113.smt_in.smt2,cvc5,False,1200,2400
UFDT/20170428-Barrett/rec-fun-ijcar2016/wo/isa_nun_bench_v4_noenc/nunchaku2032306.nun.smt2,SMTInterpol,False,1200,2400
UFDT/20170428-Barrett/cdt-cade2015/data/distro/stream/x2015_09_10_16_49_08_706_1146596.smt_in.smt2,cvc5,False,1200,2400
UFDT/20170428-Barrett/rec-fun-ijcar2016/wo-wdf/isa_nun_bench_v4_enc/nunchaku1790815.nun.smt2,SMTInterpol,True,0.4696217440068722,0.4696217440068722
UFDT/20170428-Barrett/rec-fun-ijcar2016/wo/isa_nun_bench_v4_noenc/nunchaku2189489.nun.smt2,SMTInterpol,False,1200,2400
UFDT/20170428-Barrett/cdt-cade2015/data/afp/llist2/x2015_09_10_16_56_33_263_1330017.smt_in.smt2,cvc5,True,39.683126762043685,39.683126762043685
UFDT/20170428-Barrett/cdt-cade2015/data/afp/coinductive_list/x2015_09_10_16_53_10_237_1274224.smt_in.smt2,cvc5,False,1200,2400
UFDT/20170428-Barrett/cdt-cade2015/data/afp/coinductive_list/x2015_09_10_16_50_01_112_1111847.smt_in.smt2,cvc5,True,0.29049617517739534,0.29049617517739534
UFDT/20170428-Barrett/cdt-cade2015/data/distro/rbt_impl/x2015_09_10_16_59_14_756_1887575.smt_in.smt2,cvc5,False,1200,2400
UFDT/20170428-Barrett/cdt-cade2015/data/afp/bindag/x2015_09_10_16_53_30_176_1063054.smt_in.smt2,cvc5,True,0.3809520290233195,0.3809520290233195
UFDT/20170428-Barrett/cdt-cade2015/data/afp/coinductive_list/x2015_09_10_17_09_45_756_2421018.smt_in.smt2,cvc5,False,1200,2400
UFDT/20170428-Barrett/cdt-cade2015/data/afp/tllist/x2015_09_10_17_00_34_020_1359223.smt_in.smt2,cvc5,True,0.4546574428677559,0.4546574428677559
UFDT/20170428-Barrett/cdt-cade2015/data/afp/coinductive_list/x2015_09_10_17_10_23_693_2472007.smt_in.smt2,cvc5,False,1200,2400
UFDT/20170428-Barrett/cdt-cade2015/data/afp/coinductive_list/x2015_09_10_17_00_09_428_1654705.smt_in.smt2,cvc5,False,1200,2400
UFDT/20170428-Barrett/cdt-cade2015/data/afp/coinductive_list/x2015_09_10_16_52_14_452_1224847.smt_in.smt2,cvc5,False,1200,2400
UFDT/20170428-Barrett/cdt-cade2015/data/afp/coinductive_list/x2015_09_10_17_00_43_581_1695720.smt_in.smt2,cvc5,False,1200,2400
UFDT/20170428-Barrett/cdt-cade2015/data/distro/rbt_impl/x2015_09_10_16_53_33_398_1325885.smt_in.smt2,cvc5,False,1200,2400
UFDT/20170428-Barrett/rec-fun-ijcar2016/wo/isa_nun_bench_v4_noenc/nunchaku2513247.nun.smt2,iProver,False,1200,2400
UFDT/20170428-Barrett/rec-fun-ijcar2016/wo/isa_nun_bench_v4_noenc/nunchaku3056715.nun.smt2,SMTInterpol,True,0.5210607260232791,0.5210607260232791
UFDT/20170428-Barrett/rec-fun-ijcar2016/wo-wdf/isa_nun_bench_v4_enc/nunchaku2094314.nun.smt2,iProver,False,1200,2400
UFDT/20170428-Barrett/rec-fun-ijcar2016/wo-wdf/isa_nun_bench_v4_enc/nunchaku1850496.nun.smt2,SMTInterpol,True,0.5340048159705475,0.5340048159705475
UFDT/20170428-Barrett/cdt-cade2015/data/afp/coinductive_list/x2015_09_10_16_49_27_246_1083619.smt_in.smt2,cvc5,False,1200,2400
UFDT/20170428-Barrett/cdt-cade2015/data/afp/coinductive_list/x2015_09_10_17_16_03_091_2754904.smt_in.smt2,cvc5,True,0.5470677800476551,0.5470677800476551
UFDT/20170428-Barrett/cdt-cade2015/data/afp/tllist/x2015_09_10_17_00_11_688_1335250.smt_in.smt2,cvc5,False,1200,2400
UFDT/20170428-Barrett/cdt-cade2015/data/afp/coinductive_stream/x2015_09_10_17_25_30_984_1253969.smt_in.smt2,cvc5,False,1200,2400
UFDT/20201221-induction-by-reflection-schoisswohl/inductive/appendAssoc.smt2,SMTInterpol,True,0.4347536459681578,0.4347536459681578
UFDT/20170428-Barrett/cdt-cade2015/data/distro/gram_lang/x2015_09_10_16_49_18_960_1189222.smt_in.smt2,cvc5,True,342.9700310579501,342.9700310579501
UFDT/20170428-Barrett/cdt-cade2015/data/afp/coinductive_list/x2015_09_10_16_56_07_820_1436182.smt_in.smt2,cvc5,False,1200,2400
UFDT/20170428-Barrett/cdt-cade2015/data/afp/coinductive_list/x2015_09_10_17_04_04_193_1959422.smt_in.smt2,cvc5,True,0.2948642789851874,0.2948642789851874
UFDT/20170428-Barrett/cdt-cade2015/data/distro/rbt_impl/x2015_09_10_16_51_33_488_1124777.smt_in.smt2,cvc5,False,1200,2400
UFDT/20170428-Barrett/cdt-cade2015/data/afp/coinductive_list/x2015_09_10_16_59_30_626_1615786.smt_in.smt2,cvc5,False,1200,2400
UFDT/20170428-Barrett/cdt-cade2015/data/afp/coinductive_list/x2015_09_10_16_53_20_399_1283372.smt_in.smt2,cvc5,True,0.44382428494282067,0.44382428494282067
UFDT/20170428-Barrett/rec-fun-ijcar2016/wo-wdf/isa_nun_bench_v4_enc/nunchaku2995515.nun.smt2,cvc5,False,1200,2400
UFDT/20170428-Barrett/cdt-cade2015/data/afp/bindag/x2015_09_10_16_53_21_160_1053757.smt_in.smt2,cvc5,False,1200,2400
UFDT/20170428-Barrett/cdt-cade2015/data/afp/abstract_completeness/x2015_09_10_16_59_35_292_1041244.smt_in.smt2,cvc5,False,1200,2400
UFDT/20170428-Barrett/cdt-cade2015/data/distro/rbt_impl/x2015_09_10_16_52_56_800_1256388.smt_in.smt2,iProver,False,1200,2400
UFDT/20170428-Barrett/cdt-cade2015/data/afp/coinductive_list/x2015_09_10_16_52_26_135_1234733.smt_in.smt2,cvc5,False,1200,2400
UFDT/20170428-Barrett/cdt-cade2015/data/afp/splay_tree_analysis/x2015_09_10_16_58_11_604_1167875.smt_in.smt2,iProver,True,3.929928457000642,3.929928457000642
UFDT/20170428-Barrett/cdt-cade2015/data/afp/coinductive_list/x2015_09_10_17_03_42_447_1927419.smt_in.smt2,cvc5,False,1200,2400
UFDT/20170428-Barrett/cdt-cade2015/data/distro/gram_lang/x2015_09_10_16_48_01_487_1100752.smt_in.smt2,cvc5,True,542.9931144800503,542.9931144800503
UFDT/20170428-Barrett/cdt-cade2015/data/afp/tllist/x2015_09_10_16_58_37_089_1219410.smt_in.smt2,cvc5,True,0.7888061029370874,0.7888061029370874
UFDT/20170428-Barrett/cdt-cade2015/data/distro/parallel/x2015_09_10_16_56_34_054_999113.smt_in.smt2,cvc5,False,1200,2400
UFDT/20201221-induction-by-reflection-schoisswohl/inductive/distr-0.smt2,SMTInterpol,False,1200,2400
UFDT/20170428-Barrett/cdt-cade2015/data/distro/gram_lang/x2015_09_10_16_55_24_325_1534085.smt_in.smt2,cvc5,False,1200,2400
UFDT/20170428-Barrett/cdt-cade2015/data/gandl/cotree/x2015_09_10_16_50_37_483_1067249.smt_in.smt2,iProver,False,1200,2400
UFDT/20170428-Barrett/cdt-cade2015/data/afp/coinductive_list/x2015_09_10_17_13_04_564_2667646.smt_in.smt2,cvc5,False,1200,2400
UFDT/20170428-Barrett/cdt-cade2015/data/afp/coinductive_list/x2015_09_10_17_07_13_223_2219999.smt_in.smt2,iProver,False,1200,2400
UFDT/20170428-Barrett/rec-fun-ijcar2016/wo-wdf/isa_nun_bench_v4_enc/nunchaku2297454.nun.smt2,SMTInterpol,True,0.5177461259881966,0.5177461259881966
UFDT/20170428-Barrett/rec-fun-ijcar2016/wo-wdf/isa_nun_bench_v4_enc/nunchaku3400951.nun.smt2,iProver,False,1200,2400
UFDT/20170428-Barrett/cdt-cade2015/data/distro/rbt_impl/x2015_09_10_16_52_15_337_1182455.smt_in.smt2,cvc5,False,1200,2400
UFDT/20170428-Barrett/cdt-cade2015/data/afp/abstract_completeness/x2015_09_10_17_01_08_726_1143110.smt_in.smt2,cvc5,True,0.36847667396068573,0.36847667396068573
UFDT/20170428-Barrett/cdt-cade2015/data/afp/coinductive_list/x2015_09_10_17_07_36_942_2250532.smt_in.smt2,cvc5,True,0.32255025301128626,0.32255025301128626
UFDT/20170428-Barrett/cdt-cade2015/data/distro/rbt_impl/x2015_09_10_16_59_42_467_1937954.smt_in.smt2,cvc5,False,1200,2400
UFDT/20170428-Barrett/cdt-cade2015/data/distro/stream/x2015_09_10_16_48_16_909_1084419.smt_in.smt2,cvc5,False,1200,2400
UFDT/20170428-Barrett/cdt-cade2015/data/afp/llist2/x2015_09_10_16_55_03_966_1263733.smt_in.smt2,cvc5,True,0.30844602710567415,0.30844602710567415
UFDT/20170428-Barrett/rec-fun-ijcar2016/wo-wdf/isa_nun_bench_v4_enc/nunchaku2078493.nun.smt2,iProver,False,1200,2400
UFDT/20170428-Barrett/cdt-cade2015/data/gandl/stern_brocot_tree/x2015_09_10_16_51_07_904_1043217.smt_in.smt2,cvc5,True,0.36661685490980744,0.36661685490980744
UFDT/20170428-Barrett/cdt-cade2015/data/afp/coinductive_list/x2015_09_10_17_03_07_462_1881801.smt_in.smt2,cvc5,False,1200,2400
UFDT/20170428-Barrett/cdt-cade2015/data/distro/process/x2015_09_10_16_46_06_172_1014233.smt_in.smt2,cvc5,False,1200,2400
UFDT/20170428-Barrett/cdt-cade2015/data/afp/hamming_stream/x2015_09_10_16_49_37_329_1154020.smt_in.smt2,cvc5,False,1200,2400
UFDT/20170428-Barrett/cdt-cade2015/data/afp/coinductive_list/x2015_09_10_17_13_38_298_2682684.smt_in.smt2,cvc5,True,6.260431844973937,6.260431844973937
UFDT/20170428-Barrett/cdt-cade2015/data/afp/tllist/x2015_09_10_16_59_35_723_1289243.smt_in.smt2,cvc5,True,0.3167208309751004,0.3167208309751004
UFDT/20170428-Barrett/cdt-cade2015/data/afp/coinductive_list/x2015_09_10_17_02_27_088_1828285.smt_in.smt2,cvc5,False,1200,2400
UFDT/20170428-Barrett/cdt-cade2015/data/afp/coinductive_stream/x2015_09_10_17_22_40_406_1102174.smt_in.smt2,cvc5,False,1200,2400
UFDT/20170428-Barrett/cdt-cade2015/data/distro/rbt_impl/x2015_09_10_16_59_11_590_1883244.smt_in.smt2,cvc5,False,1200,2400
UFDT/20170428-Barrett/cdt-cade2015/data/afp/coinductive_list/x2015_09_10_16_52_11_405_1222139.smt_in.smt2,cvc5,False,1200,2400
UFDT/20170428-Barrett/cdt-cade2015/data/distro/rbt_impl/x2015_09_10_16_50_04_753_1007627.smt_in.smt2,cvc5,False,1200,2400
UFDT/20170428-Barrett/cdt-cade2015/data/afp/coinductive_list/x2015_09_10_17_06_45_689_2180424.smt_in.smt2,cvc5,False,1200,2400
UFDT/20170428-Barrett/cdt-cade2015/data/afp/llist2/x2015_09_10_16_57_15_676_1362889.smt_in.smt2,cvc5,False,1200,2400
UFDT/20170428-Barrett/cdt-cade2015/data/afp/coinductive_list/x2015_09_10_17_05_19_848_2061247.smt_in.smt2,cvc5,True,1.4298589800018817,1.4298589800018817
UFDT/20170428-Barrett/rec-fun-ijcar2016/wo/isa_nun_bench_v4_noenc/nunchaku2670080.nun.smt2,iProver,False,1200,2400
UFDT/20170428-Barrett/cdt-cade2015/data/afp/tllist/x2015_09_10_16_56_44_960_1101476.smt_in.smt2,cvc5,False,1200,2400
UFDT/20170428-Barrett/rec-fun-ijcar2016/wo/isa_nun_bench_v4_noenc/nunchaku2252911.nun.smt2,iProver,False,1200,2400
UFDT/20170428-Barrett/cdt-cade2015/data/afp/llist2/x2015_09_10_16_54_11_814_1231313.smt_in.smt2,cvc5,True,30.28730866801925,30.28730866801925
UFDT/20170428-Barrett/rec-fun-ijcar2016/wo/isa_nun_bench_v4_noenc/nunchaku3371070.nun.smt2,iProver,False,1200,2400
UFDT/20170428-Barrett/cdt-cade2015/data/afp/llist2/x2015_09_10_16_58_37_676_1436397.smt_in.smt2,cvc5,True,0.28914114204235375,0.28914114204235375
UFDT/20170428-Barrett/cdt-cade2015/data/distro/rbt_impl/x2015_09_10_16_59_28_618_1911071.smt_in.smt2,cvc5,False,1200,2400
UFDT/20170428-Barrett/cdt-cade2015/data/afp/coinductive_list/x2015_09_10_17_04_51_607_2024212.smt_in.smt2,cvc5,False,1200,2400
UFDT/20170428-Barrett/cdt-cade2015/data/distro/stream/x2015_09_10_16_47_06_339_1011401.smt_in.smt2,cvc5,True,0.9136514419224113,0.9136514419224113
UFDT/20170428-Barrett/rec-fun-ijcar2016/wo/isa_nun_bench_v4_noenc/nunchaku2463335.nun.smt2,iProver,False,1200,2400
UFDT/20170428-Barrett/cdt-cade2015/data/distro/rbt_impl/x2015_09_10_16_58_42_519_1842140.smt_in.smt2,cvc5,True,0.352609644876793,0.352609644876793
UFDT/20170428-Barrett/cdt-cade2015/data/distro/rbt_impl/x2015_09_10_16_49_58_399_998594.smt_in.smt2,cvc5,False,1200,2400
UFDT/20170428-Barrett/cdt-cade2015/data/distro/gram_lang/x2015_09_10_16_54_08_465_1458493.smt_in.smt2,cvc5,True,0.5401985379867256,0.5401985379867256
UFDT/20170428-Barrett/cdt-cade2015/data/afp/coinductive_list/x2015_09_10_17_06_07_709_2126382.smt_in.smt2,cvc5,False,1200,2400
UFDT/20170428-Barrett/cdt-cade2015/data/afp/huffman/x2015_09_10_16_48_33_877_1122311.smt_in.smt2,cvc5,False,1200,2400
UFDT/20201221-induction-by-reflection-schoisswohl/reflectiveAxioms/N+Leq+Add+Mul-ax4.smt2,cvc5,True,0.22527806414291263,0.22527806414291263
UFDT/20170428-Barrett/rec-fun-ijcar2016/wo-wdf/isa_nun_bench_v4_enc/nunchaku1822360.nun.smt2,cvc5,False,1200,2400
UFDT/20170428-Barrett/cdt-cade2015/data/distro/parallel/x2015_09_10_16_57_08_326_1041289.smt_in.smt2,cvc5,False,1200,2400
UFDT/20170428-Barrett/cdt-cade2015/data/afp/coinductive_list/x2015_09_10_17_02_55_698_1865622.smt_in.smt2,cvc5,True,543.2348030130379,543.2348030130379
UFDT/20170428-Barrett/cdt-cade2015/data/afp/tllist/x2015_09_10_16_58_51_400_1234858.smt_in.smt2,cvc5,False,1200,2400
UFDT/20170428-Barrett/cdt-cade2015/data/distro/gram_lang/x2015_09_10_16_54_39_011_1486813.smt_in.smt2,cvc5,False,1200,2400
UFDT/20170428-Barrett/cdt-cade2015/data/afp/coinductive_list/x2015_09_10_17_01_34_534_1758034.smt_in.smt2,cvc5,False,1200,2400
UFDT/20170428-Barrett/cdt-cade2015/data/afp/hamming_stream/x2015_09_10_16_48_12_684_1097126.smt_in.smt2,cvc5,False,1200,2400
UFDT/20170428-Barrett/cdt-cade2015/data/distro/gram_lang/x2015_09_10_16_54_57_922_1505421.smt_in.smt2,cvc5,True,560.2391473220196,560.2391473220196
UFDT/20170428-Barrett/cdt-cade2015/data/afp/coinductive_list/x2015_09_10_17_06_20_137_2143586.smt_in.smt2,cvc5,False,1200,2400
UFDT/20170428-Barrett/cdt-cade2015/data/distro/stream/x2015_09_10_16_48_41_494_1114422.smt_in.smt2,cvc5,False,1200,2400
UFDT/20170428-Barrett/cdt-cade2015/data/afp/coinductive_list/x2015_09_10_16_49_33_792_1089227.smt_in.smt2,cvc5,True,0.2722907711286098,0.2722907711286098
UFDT/20170428-Barrett/cdt-cade2015/data/afp/coinductive_list/x2015_09_10_17_20_08_750_2910785.smt_in.smt2,cvc5,True,0.36339348810724914,0.36339348810724914
UFDT/20170428-Barrett/cdt-cade2015/data/distro/gram_lang/x2015_09_10_16_52_21_813_1361774.smt_in.smt2,cvc5,True,0.29015019815415144,0.29015019815415144
UFDT/20170428-Barrett/cdt-cade2015/data/afp/bindag/x2015_09_10_16_53_25_736_1059217.smt_in.smt2,cvc5,False,1200,2400
UFDT/20170428-Barrett/cdt-cade2015/data/afp/tllist/x2015_09_10_16_59_37_133_1291036.smt_in.smt2,cvc5,False,1200,2400
UFDT/20170428-Barrett/cdt-cade2015/data/afp/coinductive_list/x2015_09_10_17_11_20_759_2544215.smt_in.smt2,cvc5,False,1200,2400
UFDT/20170428-Barrett/cdt-cade2015/data/afp/llist2/x2015_09_10_16_53_31_697_1208858.smt_in.smt2,cvc5,False,1200,2400
UFDT/20170428-Barrett/cdt-cade2015/data/afp/coinductive_list/x2015_09_10_17_06_14_357_2135458.smt_in.smt2,cvc5,False,1200,2400
UFDT/20170428-Barrett/cdt-cade2015/data/afp/llist2/x2015_09_10_16_51_25_701_1114254.smt_in.smt2,cvc5,True,0.31082576094195247,0.31082576094195247
UFDT/20170428-Barrett/cdt-cade2015/data/distro/parallel/x2015_09_10_16_56_56_527_1026308.smt_in.smt2,cvc5,False,1200,2400
UFDT/20170428-Barrett/rec-fun-ijcar2016/wo/isa_nun_bench_v4_noenc/nunchaku2262791.nun.smt2,SMTInterpol,True,0.4009715319843963,0.4009715319843963
UFDT/20170428-Barrett/rec-fun-ijcar2016/wo/isa_nun_bench_v4_noenc/nunchaku2359444.nun.smt2,iProver,False,1200,2400
UFDT/20170428-Barrett/cdt-cade2015/data/distro/stream/x2015_09_10_16_48_45_911_1119593.smt_in.smt2,cvc5,False,1200,2400
UFDT/20170428-Barrett/cdt-cade2015/data/afp/hamming_stream/x2015_09_10_16_49_08_984_1138184.smt_in.smt2,cvc5,False,1200,2400
UFDT/20170428-Barrett/cdt-cade2015/data/afp/huffman/x2015_09_10_16_51_01_846_1286182.smt_in.smt2,cvc5,False,1200,2400
UFDT/20170428-Barrett/cdt-cade2015/data/afp/coinductive_stream/x2015_09_10_17_24_58_440_1225388.smt_in.smt2,cvc5,False,1200,2400
UFDT/20170428-Barrett/cdt-cade2015/data/afp/coinductive_list/x2015_09_10_17_01_43_729_1770869.smt_in.smt2,cvc5,False,1200,2400
UFDT/20170428-Barrett/cdt-cade2015/data/afp/coinductive_list/x2015_09_10_16_54_39_777_1360070.smt_in.smt2,cvc5,False,1200,2400
UFDT/20201221-induction-by-reflection-schoisswohl/inductive/addNeutral.smt2,SMTInterpol,True,0.3986242610262707,0.3986242610262707
UFDT/20170428-Barrett/cdt-cade2015/data/afp/lmirror/x2015_09_10_16_47_30_451_1063765.smt_in.smt2,cvc5,False,1200,2400
UFDT/20170428-Barrett/cdt-cade2015/data/distro/rbt_impl/x2015_09_10_16_58_52_202_1855782.smt_in.smt2,cvc5,True,2.499767266912386,2.499767266912386
UFDT/20170428-Barrett/cdt-cade2015/data/afp/coinductive_list/x2015_09_10_17_09_59_400_2440354.smt_in.smt2,cvc5,False,1200,2400
UFDT/20170428-Barrett/cdt-cade2015/data/afp/llist2/x2015_09_10_16_58_41_750_1440679.smt_in.smt2,cvc5,True,0.30168981896713376,0.30168981896713376
UFDT/20170428-Barrett/cdt-cade2015/data/distro/gram_lang/x2015_09_10_16_49_12_928_1182680.smt_in.smt2,cvc5,False,1200,2400
UFDT/20170428-Barrett/cdt-cade2015/data/afp/koenigslemma/x2015_09_10_16_54_25_871_1168153.smt_in.smt2,cvc5,True,0.27282567392103374,0.27282567392103374
UFDT/20170428-Barrett/cdt-cade2015/data/gandl/stern_brocot_tree/x2015_09_10_16_51_14_982_1048349.smt_in.smt2,cvc5,False,1200,2400
UFDT/20170428-Barrett/cdt-cade2015/data/afp/coinductive_list/x2015_09_10_17_01_40_798_1766323.smt_in.smt2,cvc5,False,1200,2400
UFDT/20170428-Barrett/cdt-cade2015/data/afp/coinductive_list/x2015_09_10_17_05_58_229_2113325.smt_in.smt2,cvc5,False,1200,2400
UFDT/20170428-Barrett/rec-fun-ijcar2016/wo/isa_nun_bench_v4_noenc/nunchaku2090247.nun.smt2,SMTInterpol,True,0.4127725919825025,0.4127725919825025
UFDT/20170428-Barrett/cdt-cade2015/data/afp/llist2/x2015_09_10_16_57_46_867_1390074.smt_in.smt2,cvc5,True,0.26200954196974635,0.26200954196974635
UFDT/20170428-Barrett/cdt-cade2015/data/afp/llist2/x2015_09_10_16_50_17_210_1067489.smt_in.smt2,cvc5,True,0.3803504849784076,0.3803504849784076
UFDT/20170428-Barrett/cdt-cade2015/data/afp/coinductive_list/x2015_09_10_17_01_23_473_1742659.smt_in.smt2,cvc5,True,541.4135867180303,541.4135867180303
UFDT/20170428-Barrett/cdt-cade2015/data/afp/hamming_stream/x2015_09_10_16_47_42_374_1073043.smt_in.smt2,cvc5,False,1200,2400
UFDT/20170428-Barrett/cdt-cade2015/data/afp/coinductive_list/x2015_09_10_17_17_57_886_2819256.smt_in.smt2,cvc5,True,546.7387607959099,546.7387607959099
UFDT/20170428-Barrett/cdt-cade2015/data/afp/coinductive_list/x2015_09_10_17_19_29_515_2879365.smt_in.smt2,cvc5,True,0.31303934194147587,0.31303934194147587
UFDT/20170428-Barrett/rec-fun-ijcar2016/wo-wdf/isa_nun_bench_v4_enc/nunchaku2067278.nun.smt2,cvc5,True,0.33735356596298516,0.33735356596298516
UFDT/20170428-Barrett/rec-fun-ijcar2016/wo-wdf/isa_nun_bench_v4_enc/nunchaku2222173.nun.smt2,iProver,True,15.91776182600006,15.91776182600006
UFDT/20170428-Barrett/cdt-cade2015/data/afp/coinductive_list/x2015_09_10_17_14_00_443_2690933.smt_in.smt2,cvc5,True,0.7260652389377356,0.7260652389377356
UFDT/20170428-Barrett/rec-fun-ijcar2016/wo/isa_nun_bench_v4_noenc/nunchaku2168787.nun.smt2,iProver,False,1200,2400
UFDT/20170428-Barrett/cdt-cade2015/data/afp/koenigslemma/x2015_09_10_16_53_05_775_1117611.smt_in.smt2,cvc5,True,0.4621957391500473,0.4621957391500473
UFDT/20170428-Barrett/cdt-cade2015/data/afp/coinductive_list/x2015_09_10_16_56_56_830_1474848.smt_in.smt2,cvc5,True,1.4698529299348593,1.4698529299348593
UFDT/20170428-Barrett/cdt-cade2015/data/afp/llist2/x2015_09_10_16_55_54_740_1302690.smt_in.smt2,cvc5,False,1200,2400
UFDT/20170428-Barrett/rec-fun-ijcar2016/wo/isa_nun_bench_v4_noenc/nunchaku2670104.nun.smt2,SMTInterpol,True,0.6001629959791899,0.6001629959791899
UFDT/20170428-Barrett/cdt-cade2015/data/afp/coinductive_list/x2015_09_10_16_54_47_681_1367081.smt_in.smt2,cvc5,False,1200,2400
UFDT/20170428-Barrett/cdt-cade2015/data/gandl/cotree/x2015_09_10_16_50_38_757_1068919.smt_in.smt2,cvc5,True,0.6862811711616814,0.6862811711616814
UFDT/20170428-Barrett/cdt-cade2015/data/gandl/cotree/x2015_09_10_16_50_57_950_1094186.smt_in.smt2,iProver,False,1200,2400
UFDT/20170428-Barrett/cdt-cade2015/data/distro/rbt_impl/x2015_09_10_16_58_46_766_1848627.smt_in.smt2,cvc5,False,1200,2400
UFDT/20170428-Barrett/cdt-cade2015/data/distro/gram_lang/x2015_09_10_16_48_43_434_1146247.smt_in.smt2,cvc5,True,0.3527071650605649,0.3527071650605649
UFDT/20170428-Barrett/cdt-cade2015/data/gandl/cotree/x2015_09_10_16_51_03_784_1101048.smt_in.smt2,cvc5,False,1200,2400
UFDT/20170428-Barrett/cdt-cade2015/data/afp/tllist/x2015_09_10_16_57_28_711_1148000.smt_in.smt2,cvc5,False,1200,2400
UFDT/20201221-induction-by-reflection-schoisswohl/reflectiveAxioms/N+L+Pref+App-ax2.smt2,cvc5,True,0.2969584930688143,0.2969584930688143
UFDT/20170428-Barrett/cdt-cade2015/data/afp/coinductive_list/x2015_09_10_17_01_20_168_1738950.smt_in.smt2,cvc5,True,31.693415669025853,31.693415669025853
UFDT/20201221-induction-by-reflection-schoisswohl/inductive/mulCommut.smt2,SMTInterpol,False,1200,2400
UFDT/20170428-Barrett/cdt-cade2015/data/gandl/bird_tree/x2015_09_10_16_54_59_381_1042594.smt_in.smt2,cvc5,False,1200,2400
UFDT/20170428-Barrett/cdt-cade2015/data/afp/llist2/x2015_09_10_16_55_53_306_1301485.smt_in.smt2,cvc5,True,0.36286150687374175,0.36286150687374175
UFDT/20170428-Barrett/cdt-cade2015/data/distro/rbt_impl/x2015_09_10_16_52_35_504_1218283.smt_in.smt2,cvc5,False,1200,2400
UFDT/20170428-Barrett/cdt-cade2015/data/distro/koenig/x2015_09_10_16_44_50_667_984761.smt_in.smt2,cvc5,False,1200,2400
UFDT/20170428-Barrett/cdt-cade2015/data/afp/coinductive_list/x2015_09_10_17_07_41_688_2257250.smt_in.smt2,cvc5,True,291.23050244897604,291.23050244897604
UFDT/20170428-Barrett/cdt-cade2015/data/afp/tllist/x2015_09_10_16_57_42_212_1161461.smt_in.smt2,cvc5,False,1200,2400
UFDT/20170428-Barrett/cdt-cade2015/data/afp/llist2/x2015_09_10_16_56_36_421_1332672.smt_in.smt2,cvc5,True,0.3302341760136187,0.3302341760136187
UFDT/20170428-Barrett/cdt-cade2015/data/afp/coinductive_list/x2015_09_10_16_56_00_260_1430662.smt_in.smt2,cvc5,False,1200,2400
UFDT/20170428-Barrett/cdt-cade2015/data/afp/hamming_stream/x2015_09_10_16_49_31_231_1150288.smt_in.smt2,cvc5,False,1200,2400
UFDT/20170428-Barrett/rec-fun-ijcar2016/wo/isa_nun_bench_v4_noenc/nunchaku2816246.nun.smt2,SMTInterpol,False,1200,2400
UFDT/20170428-Barrett/rec-fun-ijcar2016/wo-wdf/isa_nun_bench_v4_enc/nunchaku2446688.nun.smt2,iProver,False,1200,2400
UFDT/20170428-Barrett/rec-fun-ijcar2016/wo/isa_nun_bench_v4_noenc/nunchaku2709591.nun.smt2,iProver,False,1200,2400
UFDT/20170428-Barrett/rec-fun-ijcar2016/wo-wdf/isa_nun_bench_v4_enc/nunchaku2476196.nun.smt2,iProver,False,1200,2400
UFDT/20170428-Barrett/cdt-cade2015/data/afp/coinductive_list/x2015_09_10_17_10_17_186_2463295.smt_in.smt2,cvc5,False,1200,2400
UFDT/20170428-Barrett/cdt-cade2015/data/afp/huffman/x2015_09_10_16_47_38_060_1063810.smt_in.smt2,cvc5,False,1200,2400
UFDT/20170428-Barrett/cdt-cade2015/data/afp/huffman/x2015_09_10_16_49_30_501_1188113.smt_in.smt2,cvc5,True,0.24454829096794128,0.24454829096794128
UFDT/20170428-Barrett/cdt-cade2015/data/afp/llist2/x2015_09_10_16_54_36_405_1246875.smt_in.smt2,cvc5,False,1200,2400
UFDT/20170428-Barrett/rec-fun-ijcar2016/wo-wdf/isa_nun_bench_v4_enc/nunchaku1813998.nun.smt2,iProver,False,1200,2400
UFDT/20170428-Barrett/cdt-cade2015/data/gandl/stern_brocot_tree/x2015_09_10_16_52_40_707_1126982.smt_in.smt2,iProver,False,1200,2400
UFDT/20170428-Barrett/cdt-cade2015/data/distro/rbt_impl/x2015_09_10_16_51_10_892_1087099.smt_in.smt2,cvc5,True,0.3943287408910692,0.3943287408910692
UFDT/20170428-Barrett/cdt-cade2015/data/afp/huffman/x2015_09_10_16_51_50_869_1339870.smt_in.smt2,cvc5,False,1200,2400
UFDT/20170428-Barrett/cdt-cade2015/data/distro/rbt_impl/x2015_09_10_16_59_13_755_1886211.smt_in.smt2,cvc5,True,1.8921736059710383,1.8921736059710383
UFDT/20170428-Barrett/cdt-cade2015/data/afp/coinductive_list/x2015_09_10_17_09_17_721_2385730.smt_in.smt2,cvc5,False,1200,2400
UFDT/20170428-Barrett/cdt-cade2015/data/distro/gram_lang/x2015_09_10_16_53_43_657_1438229.smt_in.smt2,cvc5,False,1200,2400
UFDT/20170428-Barrett/cdt-cade2015/data/afp/coinductive_stream/x2015_09_10_17_23_12_521_1133024.smt_in.smt2,cvc5,False,1200,2400
UFDT/20170428-Barrett/cdt-cade2015/data/afp/bindag/x2015_09_10_16_52_42_504_1008839.smt_in.smt2,cvc5,False,1200,2400
UFDT/20170428-Barrett/rec-fun-ijcar2016/wo-wdf/isa_nun_bench_v4_enc/nunchaku1783960.nun.smt2,iProver,False,1200,2400
UFDT/20170428-Barrett/cdt-cade2015/data/afp/coinductive_list/x2015_09_10_16_58_21_787_1554964.smt_in.smt2,cvc5,False,1200,2400
UFDT/20170428-Barrett/cdt-cade2015/data/distro/stream_processor/x2015_09_10_16_45_48_081_989395.smt_in.smt2,cvc5,True,0.5687566788401455,0.5687566788401455
UFDT/20170428-Barrett/cdt-cade2015/data/distro/stream_processor/x2015_09_10_16_46_07_693_1020919.smt_in.smt2,cvc5,False,1200,2400
UFDT/20170428-Barrett/cdt-cade2015/data/afp/coinductive_list/x2015_09_10_17_12_58_280_2662867.smt_in.smt2,cvc5,False,1200,2400
UFDT/20170428-Barrett/cdt-cade2015/data/distro/stream/x2015_09_10_16_49_12_091_1150986.smt_in.smt2,cvc5,False,1200,2400
UFDT/20170428-Barrett/cdt-cade2015/data/distro/rbt_impl/x2015_09_10_16_59_39_779_1932002.smt_in.smt2,cvc5,False,1200,2400
UFDT/20170428-Barrett/cdt-cade2015/data/afp/tllist/x2015_09_10_16_57_09_206_1127107.smt_in.smt2,cvc5,True,0.7632946020457894,0.7632946020457894
UFDT/20170428-Barrett/cdt-cade2015/data/afp/llist2/x2015_09_10_16_52_53_527_1179353.smt_in.smt2,cvc5,True,0.29792598099447787,0.29792598099447787
UFDT/20170428-Barrett/rec-fun-ijcar2016/wo-wdf/isa_nun_bench_v4_enc/nunchaku1818264.nun.smt2,iProver,False,1200,2400
UFDT/20170428-Barrett/rec-fun-ijcar2016/wo-wdf/isa_nun_bench_v4_enc/nunchaku2094296.nun.smt2,iProver,False,1200,2400
UFDT/20170428-Barrett/cdt-cade2015/data/afp/tllist/x2015_09_10_16_56_24_089_1081488.smt_in.smt2,cvc5,True,0.2702271370217204,0.2702271370217204
UFDT/20170428-Barrett/cdt-cade2015/data/gandl/cotree/x2015_09_10_16_50_46_835_1079005.smt_in.smt2,cvc5,True,0.4328841310925782,0.4328841310925782
UFDT/20170428-Barrett/cdt-cade2015/data/afp/coinductive_list/x2015_09_10_17_10_11_205_2456114.smt_in.smt2,cvc5,True,0.3031608408782631,0.3031608408782631
UFDT/20170428-Barrett/cdt-cade2015/data/afp/coinductive_stream/x2015_09_10_17_23_31_812_1151841.smt_in.smt2,cvc5,False,1200,2400
UFDT/20170428-Barrett/cdt-cade2015/data/afp/huffman/x2015_09_10_16_47_33_509_1058550.smt_in.smt2,cvc5,False,1200,2400
UFDT/20170428-Barrett/cdt-cade2015/data/afp/coinductive_list/x2015_09_10_17_05_43_296_2092486.smt_in.smt2,cvc5,False,1200,2400
UFDT/20170428-Barrett/cdt-cade2015/data/afp/coinductive_list/x2015_09_10_17_11_34_642_2562729.smt_in.smt2,cvc5,False,1200,2400
UFDT/20170428-Barrett/rec-fun-ijcar2016/wo-wdf/isa_nun_bench_v4_enc/nunchaku1826202.nun.smt2,SMTInterpol,False,1200,2400
UFDT/20170428-Barrett/cdt-cade2015/data/distro/gram_lang/x2015_09_10_16_48_50_560_1154927.smt_in.smt2,cvc5,False,1200,2400
UFDT/20170428-Barrett/cdt-cade2015/data/afp/llist2/x2015_09_10_16_58_00_152_1401702.smt_in.smt2,cvc5,False,1200,2400
UFDT/20170428-Barrett/rec-fun-ijcar2016/wo-wdf/isa_nun_bench_v4_enc/nunchaku2709573.nun.smt2,iProver,False,1200,2400
UFDT/20170428-Barrett/rec-fun-ijcar2016/wo-wdf/isa_nun_bench_v4_enc/nunchaku2359456.nun.smt2,iProver,False,1200,2400
UFDT/20170428-Barrett/cdt-cade2015/data/afp/coinductive_list/x2015_09_10_17_06_01_144_2117218.smt_in.smt2,cvc5,False,1200,2400
UFDT/20170428-Barrett/rec-fun-ijcar2016/wo/isa_nun_bench_v4_noenc/nunchaku2090229.nun.smt2,SMTInterpol,True,0.4325907599995844,0.4325907599995844
UFDT/20170428-Barrett/cdt-cade2015/data/distro/gram_lang/x2015_09_10_16_51_49_125_1325670.smt_in.smt2,cvc5,True,0.3218327360227704,0.3218327360227704
UFDT/20170428-Barrett/cdt-cade2015/data/afp/coinductive_list/x2015_09_10_17_03_20_588_1900016.smt_in.smt2,cvc5,False,1200,2400
UFDT/20170428-Barrett/cdt-cade2015/data/afp/coinductive_list/x2015_09_10_17_04_50_635_2022913.smt_in.smt2,cvc5,False,1200,2400
UFDT/20170428-Barrett/cdt-cade2015/data/gandl/bird_tree/x2015_09_10_16_54_27_614_1007348.smt_in.smt2,cvc5,True,542.725403587101,542.725403587101
UFDT/20170428-Barrett/cdt-cade2015/data/gandl/cotree/x2015_09_10_16_50_15_215_1039689.smt_in.smt2,iProver,False,1200,2400
UFDT/20170428-Barrett/cdt-cade2015/data/afp/coinductive_list/x2015_09_10_17_00_33_986_1683847.smt_in.smt2,cvc5,False,1200,2400
UFDT/20201221-induction-by-reflection-schoisswohl/inductive/mulZero.smt2,SMTInterpol,False,1200,2400
UFDT/20170428-Barrett/cdt-cade2015/data/afp/coinductive_list/x2015_09_10_17_11_24_732_2549122.smt_in.smt2,cvc5,False,1200,2400
UFDT/20170428-Barrett/rec-fun-ijcar2016/wo/isa_nun_bench_v4_noenc/nunchaku1790815.nun.smt2,SMTInterpol,False,1200,2400
UFDT/20170428-Barrett/cdt-cade2015/data/afp/coinductive_list/x2015_09_10_17_00_20_898_1667956.smt_in.smt2,cvc5,False,1200,2400
UFDT/20170428-Barrett/rec-fun-ijcar2016/wo/isa_nun_bench_v4_noenc/nunchaku2137901.nun.smt2,iProver,False,1200,2400
UFDT/20170428-Barrett/cdt-cade2015/data/afp/hamming_stream/x2015_09_10_16_48_07_433_1092477.smt_in.smt2,cvc5,False,1200,2400
UFDT/20170428-Barrett/cdt-cade2015/data/distro/stream/x2015_09_10_16_46_51_491_991894.smt_in.smt2,cvc5,True,0.38734155194833875,0.38734155194833875
UFDT/20170428-Barrett/cdt-cade2015/data/distro/stream/x2015_09_10_16_48_19_087_1086853.smt_in.smt2,cvc5,False,1200,2400
UFDT/20170428-Barrett/cdt-cade2015/data/afp/tllist/x2015_09_10_16_58_06_000_1185720.smt_in.smt2,cvc5,True,1.1381249399855733,1.1381249399855733
UFDT/20170428-Barrett/cdt-cade2015/data/distro/gram_lang/x2015_09_10_16_55_57_668_1572990.smt_in.smt2,cvc5,True,1.8432403078768402,1.8432403078768402
UFDT/20170428-Barrett/cdt-cade2015/data/afp/coinductive_list/x2015_09_10_16_53_22_102_1284792.smt_in.smt2,cvc5,False,1200,2400
UFDT/20170428-Barrett/cdt-cade2015/data/afp/huffman/x2015_09_10_16_48_38_315_1127625.smt_in.smt2,cvc5,False,1200,2400
UFDT/20170428-Barrett/cdt-cade2015/data/afp/coinductive_list/x2015_09_10_17_07_54_422_2274937.smt_in.smt2,cvc5,False,1200,2400
UFDT/20170428-Barrett/cdt-cade2015/data/afp/coinductive_list/x2015_09_10_17_08_35_894_2329624.smt_in.smt2,cvc5,True,131.3129382019397,131.3129382019397
UFDT/20170428-Barrett/rec-fun-ijcar2016/wo/isa_nun_bench_v4_noenc/nunchaku3078250.nun.smt2,iProver,False,1200,2400
UFDT/20170428-Barrett/cdt-cade2015/data/afp/coinductive_list/x2015_09_10_16_51_53_133_1206978.smt_in.smt2,cvc5,False,1200,2400
UFDT/20170428-Barrett/cdt-cade2015/data/afp/huffman/x2015_09_10_16_51_43_201_1332382.smt_in.smt2,cvc5,False,1200,2400
UFDT/20170428-Barrett/cdt-cade2015/data/afp/coinductive_list/x2015_09_10_17_04_41_264_2010740.smt_in.smt2,cvc5,False,1200,2400
UFDT/20170428-Barrett/cdt-cade2015/data/afp/tllist/x2015_09_10_16_57_52_567_1171364.smt_in.smt2,cvc5,False,1200,2400
UFDT/20170428-Barrett/cdt-cade2015/data/afp/hamming_stream/x2015_09_10_16_48_50_241_1124825.smt_in.smt2,cvc5,False,1200,2400
UFDT/20170428-Barrett/cdt-cade2015/data/distro/gram_lang/x2015_09_10_16_53_52_984_1446042.smt_in.smt2,cvc5,True,4.381667791167274,4.381667791167274
UFDT/20170428-Barrett/cdt-cade2015/data/afp/coinductive_list_prefix/x2015_09_10_16_47_21_349_1065958.smt_in.smt2,cvc5,True,0.4317550901323557,0.4317550901323557
UFDT/20170428-Barrett/cdt-cade2015/data/afp/coinductive_list/x2015_09_10_16_58_56_403_1584328.smt_in.smt2,cvc5,True,0.34544349391944706,0.34544349391944706
UFDT/20170428-Barrett/rec-fun-ijcar2016/wo/isa_nun_bench_v4_noenc/nunchaku2305578.nun.smt2,iProver,False,1200,2400
UFDT/20170428-Barrett/cdt-cade2015/data/afp/huffman/x2015_09_10_16_50_10_583_1232628.smt_in.smt2,cvc5,False,1200,2400
UFDT/20170428-Barrett/cdt-cade2015/data/gandl/stern_brocot_tree/x2015_09_10_16_51_40_158_1068539.smt_in.smt2,cvc5,True,0.3192487140186131,0.3192487140186131
UFDT/20170428-Barrett/rec-fun-ijcar2016/wo-wdf/isa_nun_bench_v4_enc/nunchaku2341625.nun.smt2,iProver,False,1200,2400
UFDT/20170428-Barrett/rec-fun-ijcar2016/wo/isa_nun_bench_v4_noenc/nunchaku2341619.nun.smt2,iProver,False,1200,2400
UFDT/20170428-Barrett/cdt-cade2015/data/afp/coinductive_list/x2015_09_10_16_49_09_803_1067350.smt_in.smt2,cvc5,False,1200,2400
UFDT/20170428-Barrett/cdt-cade2015/data/afp/coinductive_list/x2015_09_10_17_10_08_063_2451953.smt_in.smt2,cvc5,False,1200,2400
UFDT/20170428-Barrett/cdt-cade2015/data/afp/llist2/x2015_09_10_16_57_54_514_1396499.smt_in.smt2,cvc5,False,1200,2400
UFDT/20170428-Barrett/cdt-cade2015/data/afp/koenigslemma/x2015_09_10_16_53_15_067_1124217.smt_in.smt2,cvc5,True,30.406237056013197,30.406237056013197
UFDT/20170428-Barrett/cdt-cade2015/data/afp/coinductive_list/x2015_09_10_17_04_34_750_2001236.smt_in.smt2,cvc5,False,1200,2400
UFDT/20170428-Barrett/cdt-cade2015/data/afp/coinductive_list/x2015_09_10_17_07_21_072_2230284.smt_in.smt2,cvc5,False,1200,2400
UFDT/20170428-Barrett/cdt-cade2015/data/afp/llist2/x2015_09_10_16_50_09_794_1062416.smt_in.smt2,cvc5,False,1200,2400
UFDT/20170428-Barrett/cdt-cade2015/data/afp/coinductive_list/x2015_09_10_17_12_24_337_2627584.smt_in.smt2,cvc5,True,16.172737806802616,16.172737806802616
UFDT/20170428-Barrett/cdt-cade2015/data/afp/coinductive_list/x2015_09_10_17_16_22_709_2765087.smt_in.smt2,cvc5,False,1200,2400
UFDT/20170428-Barrett/cdt-cade2015/data/afp/coinductive_list/x2015_09_10_16_56_31_224_1454595.smt_in.smt2,cvc5,False,1200,2400
UFDT/20170428-Barrett/cdt-cade2015/data/afp/coinductive_list/x2015_09_10_17_15_50_441_2749074.smt_in.smt2,cvc5,False,1200,2400
UFDT/20170428-Barrett/cdt-cade2015/data/distro/rbt_impl/x2015_09_10_16_56_11_393_1641391.smt_in.smt2,cvc5,False,1200,2400
UFDT/20170428-Barrett/rec-fun-ijcar2016/wo-wdf/isa_nun_bench_v4_enc/nunchaku2995533.nun.smt2,iProver,False,1200,2400
UFDT/20170428-Barrett/cdt-cade2015/data/distro/gram_lang/x2015_09_10_16_52_55_311_1395287.smt_in.smt2,cvc5,True,0.3018506069201976,0.3018506069201976
UFDT/20170428-Barrett/cdt-cade2015/data/afp/coinductive_list/x2015_09_10_17_12_18_919_2620619.smt_in.smt2,cvc5,False,1200,2400
UFDT/20170428-Barrett/cdt-cade2015/data/distro/rbt_impl/x2015_09_10_16_52_16_446_1184031.smt_in.smt2,cvc5,True,0.5634436251129955,0.5634436251129955
UFDT/20170428-Barrett/cdt-cade2015/data/afp/coinductive_stream/x2015_09_10_17_25_37_349_1259911.smt_in.smt2,cvc5,True,0.28841443988494575,0.28841443988494575
UFDT/20170428-Barrett/cdt-cade2015/data/distro/parallel/x2015_09_10_16_57_11_846_1045678.smt_in.smt2,cvc5,False,1200,2400
UFDT/20170428-Barrett/rec-fun-ijcar2016/wo/isa_nun_bench_v4_noenc/nunchaku2129737.nun.smt2,SMTInterpol,False,1200,2400
UFDT/20170428-Barrett/cdt-cade2015/data/afp/coinductive_list/x2015_09_10_17_19_10_385_2862801.smt_in.smt2,cvc5,False,1200,2400
UFDT/20170428-Barrett/cdt-cade2015/data/distro/gram_lang/x2015_09_10_16_47_31_321_1068946.smt_in.smt2,cvc5,True,540.5080689759925,540.5080689759925
UFDT/20170428-Barrett/cdt-cade2015/data/afp/abstract_completeness/x2015_09_10_17_00_16_023_1083819.smt_in.smt2,cvc5,True,0.3305307850241661,0.3305307850241661
UFDT/20170428-Barrett/cdt-cade2015/data/afp/huffman/x2015_09_10_16_47_03_617_1026634.smt_in.smt2,cvc5,False,1200,2400
UFDT/20170428-Barrett/cdt-cade2015/data/distro/gram_lang/x2015_09_10_16_50_24_407_1248995.smt_in.smt2,cvc5,True,30.78025520313531,30.78025520313531
UFDT/20170428-Barrett/rec-fun-ijcar2016/wo-wdf/isa_nun_bench_v4_enc/nunchaku2476178.nun.smt2,iProver,False,1200,2400
UFDT/20170428-Barrett/cdt-cade2015/data/afp/huffman/x2015_09_10_16_50_35_287_1259792.smt_in.smt2,cvc5,True,1.309859436005354,1.309859436005354
UFDT/20170428-Barrett/rec-fun-ijcar2016/wo-wdf/isa_nun_bench_v4_enc/nunchaku2090247.nun.smt2,SMTInterpol,False,1200,2400
UFDT/20170428-Barrett/cdt-cade2015/data/afp/coinductive_list/x2015_09_10_17_08_18_609_2308344.smt_in.smt2,cvc5,True,0.36881491309031844,0.36881491309031844
UFDT/20170428-Barrett/rec-fun-ijcar2016/wo/isa_nun_bench_v4_noenc/nunchaku2492391.nun.smt2,SMTInterpol,False,1200,2400
UFDT/20170428-Barrett/cdt-cade2015/data/afp/coinductive_list/x2015_09_10_17_14_16_121_2698139.smt_in.smt2,cvc5,False,1200,2400
UFDT/20170428-Barrett/cdt-cade2015/data/afp/llist2/x2015_09_10_16_55_37_832_1288612.smt_in.smt2,cvc5,True,0.40753711201250553,0.40753711201250553
UFDT/20170428-Barrett/cdt-cade2015/data/afp/coinductive_list/x2015_09_10_17_06_51_263_2188493.smt_in.smt2,cvc5,False,1200,2400
UFDT/20170428-Barrett/cdt-cade2015/data/afp/coinductive_list/x2015_09_10_17_15_13_867_2730589.smt_in.smt2,cvc5,False,1200,2400
UFDT/20170428-Barrett/cdt-cade2015/data/distro/rbt_impl/x2015_09_10_16_50_19_711_1027114.smt_in.smt2,cvc5,False,1200,2400
UFDT/20170428-Barrett/cdt-cade2015/data/afp/koenigslemma/x2015_09_10_16_51_52_445_1059832.smt_in.smt2,cvc5,True,57.251408527838066,57.251408527838066
UFDT/20201221-induction-by-reflection-schoisswohl/reflectiveAxioms/N+L+Pref+App-ax1.smt2,cvc5,True,0.23024926404468715,0.23024926404468715
UFDT/20170428-Barrett/rec-fun-ijcar2016/wo/isa_nun_bench_v4_noenc/nunchaku3329185.nun.smt2,SMTInterpol,True,0.46731460600858554,0.46731460600858554
UFDT/20170428-Barrett/cdt-cade2015/data/distro/gram_lang/x2015_09_10_16_53_05_475_1404806.smt_in.smt2,cvc5,True,630.8687319969758,630.8687319969758
UFDT/20170428-Barrett/rec-fun-ijcar2016/wo-wdf/isa_nun_bench_v4_enc/nunchaku2309663.nun.smt2,cvc5,True,30.31783183896914,30.31783183896914
UFDT/20170428-Barrett/cdt-cade2015/data/afp/coinductive_stream/x2015_09_10_17_23_43_048_1162912.smt_in.smt2,cvc5,False,1200,2400
UFDT/20170428-Barrett/cdt-cade2015/data/afp/abstract_completeness/x2015_09_10_17_00_06_470_1073157.smt_in.smt2,cvc5,False,1200,2400
UFDT/20170428-Barrett/rec-fun-ijcar2016/wo-wdf/isa_nun_bench_v4_enc/nunchaku2017008.nun.smt2,iProver,False,1200,2400
UFDT/20170428-Barrett/cdt-cade2015/data/afp/coinductive_list/x2015_09_10_17_09_35_636_2409019.smt_in.smt2,cvc5,True,0.32720108213834465,0.32720108213834465
UFDT/20170428-Barrett/cdt-cade2015/data/afp/llist2/x2015_09_10_16_50_34_083_1078938.smt_in.smt2,cvc5,True,555.7484380921815,555.7484380921815
UFDT/20170428-Barrett/cdt-cade2015/data/afp/huffman/x2015_09_10_16_48_11_584_1098050.smt_in.smt2,cvc5,True,23.052840729011223,23.052840729011223
UFDT/20170428-Barrett/cdt-cade2015/data/afp/huffman/x2015_09_10_16_48_09_280_1095622.smt_in.smt2,cvc5,False,1200,2400
UFDT/20170428-Barrett/rec-fun-ijcar2016/wo-wdf/isa_nun_bench_v4_enc/nunchaku2172541.nun.smt2,SMTInterpol,False,1200,2400
UFDT/20170428-Barrett/cdt-cade2015/data/distro/gram_lang/x2015_09_10_16_47_51_222_1090330.smt_in.smt2,cvc5,True,541.1068004770204,541.1068004770204
UFDT/20170428-Barrett/cdt-cade2015/data/afp/tllist/x2015_09_10_16_57_02_955_1120887.smt_in.smt2,cvc5,False,1200,2400
UFDT/20170428-Barrett/rec-fun-ijcar2016/wo-wdf/isa_nun_bench_v4_enc/nunchaku3329179.nun.smt2,iProver,False,1200,2400
UFDT/20170428-Barrett/cdt-cade2015/data/afp/llist2/x2015_09_10_16_55_36_302_1287257.smt_in.smt2,cvc5,True,4.39022020297125,4.39022020297125
UFDT/20170428-Barrett/cdt-cade2015/data/afp/llist2/x2015_09_10_16_53_55_131_1221535.smt_in.smt2,cvc5,False,1200,2400
UFDT/20170428-Barrett/cdt-cade2015/data/afp/coinductive_list/x2015_09_10_17_07_39_756_2254669.smt_in.smt2,cvc5,False,1200,2400
UFDT/20170428-Barrett/cdt-cade2015/data/afp/coinductive_list/x2015_09_10_17_13_15_992_2674199.smt_in.smt2,cvc5,False,1200,2400
UFDT/20170428-Barrett/cdt-cade2015/data/afp/llist2/x2015_09_10_16_55_40_923_1291238.smt_in.smt2,cvc5,True,3.893368185032159,3.893368185032159
UFDT/20170428-Barrett/rec-fun-ijcar2016/wo-wdf/isa_nun_bench_v4_enc/nunchaku2280082.nun.smt2,iProver,False,1200,2400
UFDT/20170428-Barrett/cdt-cade2015/data/afp/llist2/x2015_09_10_16_58_20_999_1421227.smt_in.smt2,cvc5,False,1200,2400
UFDT/20170428-Barrett/cdt-cade2015/data/afp/coinductive_stream/x2015_09_10_17_24_42_853_1213491.smt_in.smt2,cvc5,False,1200,2400
UFDT/20170428-Barrett/cdt-cade2015/data/distro/rbt_impl/x2015_09_10_16_59_55_994_1952730.smt_in.smt2,cvc5,True,0.35472211288288236,0.35472211288288236
UFDT/20170428-Barrett/cdt-cade2015/data/gandl/cotree/x2015_09_10_16_49_57_249_1015154.smt_in.smt2,cvc5,False,1200,2400
UFDT/20201221-induction-by-reflection-schoisswohl/inductive/addCommutId.smt2,SMTInterpol,True,0.4431822440237738,0.4431822440237738
UFDT/20170428-Barrett/cdt-cade2015/data/afp/llist2/x2015_09_10_16_58_52_952_1452060.smt_in.smt2,cvc5,True,402.8793952369597,402.8793952369597
UFDT/20170428-Barrett/cdt-cade2015/data/afp/coinductive_list/x2015_09_10_17_10_01_727_2443274.smt_in.smt2,cvc5,False,1200,2400
UFDT/20170428-Barrett/cdt-cade2015/data/afp/coinductive_list/x2015_09_10_17_15_06_374_2726202.smt_in.smt2,cvc5,False,1200,2400
UFDT/20170428-Barrett/cdt-cade2015/data/afp/coinductive_list/x2015_09_10_16_52_06_463_1218042.smt_in.smt2,cvc5,True,290.89439575909637,290.89439575909637
UFDT/20170428-Barrett/cdt-cade2015/data/afp/coinductive_list/x2015_09_10_17_16_33_756_2771052.smt_in.smt2,cvc5,True,0.7488868650980294,0.7488868650980294
UFDT/20170428-Barrett/cdt-cade2015/data/distro/gram_lang/x2015_09_10_16_52_29_872_1369601.smt_in.smt2,cvc5,False,1200,2400
UFDT/20170428-Barrett/cdt-cade2015/data/distro/gram_lang/x2015_09_10_16_53_57_216_1449723.smt_in.smt2,cvc5,True,0.3669983309227973,0.3669983309227973
UFDT/20170428-Barrett/cdt-cade2015/data/afp/coinductive_list/x2015_09_10_17_09_13_445_2380690.smt_in.smt2,cvc5,True,0.9183005779050291,0.9183005779050291
UFDT/20170428-Barrett/cdt-cade2015/data/afp/coinductive_list/x2015_09_10_16_52_03_187_1215360.smt_in.smt2,cvc5,False,1200,2400
UFDT/20170428-Barrett/cdt-cade2015/data/afp/hamming_stream/x2015_09_10_16_47_48_004_1077575.smt_in.smt2,cvc5,True,0.30125355580821633,0.30125355580821633
UFDT/20170428-Barrett/cdt-cade2015/data/afp/huffman/x2015_09_10_16_51_15_513_1301327.smt_in.smt2,cvc5,False,1200,2400
UFDT/20170428-Barrett/cdt-cade2015/data/afp/coinductive_list/x2015_09_10_17_01_05_632_1723015.smt_in.smt2,cvc5,False,1200,2400
UFDT/20170428-Barrett/cdt-cade2015/data/afp/coinductive_list/x2015_09_10_16_57_12_637_1487879.smt_in.smt2,cvc5,False,1200,2400
UFDT/20170428-Barrett/cdt-cade2015/data/afp/coinductive_list/x2015_09_10_16_55_03_120_1380907.smt_in.smt2,cvc5,True,0.33305827900767326,0.33305827900767326
UFDT/20170428-Barrett/rec-fun-ijcar2016/wo-wdf/isa_nun_bench_v4_enc/nunchaku2262785.nun.smt2,SMTInterpol,False,1200,2400
UFDT/20170428-Barrett/cdt-cade2015/data/afp/coinductive_list/x2015_09_10_17_18_40_435_2845937.smt_in.smt2,cvc5,True,541.9973176911008,541.9973176911008
UFDT/20170428-Barrett/cdt-cade2015/data/afp/coinductive_stream/x2015_09_10_17_22_53_276_1114190.smt_in.smt2,cvc5,True,0.6153876380994916,0.6153876380994916
UFDT/20170428-Barrett/rec-fun-ijcar2016/wo-wdf/isa_nun_bench_v4_enc/nunchaku2446700.nun.smt2,iProver,False,1200,2400
UFDT/20170428-Barrett/cdt-cade2015/data/afp/coinductive_list/x2015_09_10_16_50_34_165_1137873.smt_in.smt2,cvc5,True,24.665032041957602,24.665032041957602
UFDT/20170428-Barrett/cdt-cade2015/data/afp/huffman/x2015_09_10_16_51_13_246_1298333.smt_in.smt2,cvc5,True,451.9011962530203,451.9011962530203
UFDT/20170428-Barrett/rec-fun-ijcar2016/wo/isa_nun_bench_v4_noenc/nunchaku2889168.nun.smt2,SMTInterpol,False,1200,2400
UFDT/20170428-Barrett/cdt-cade2015/data/afp/tllist/x2015_09_10_16_59_20_973_1269283.smt_in.smt2,cvc5,True,0.9900457910262048,0.9900457910262048
UFDT/20170428-Barrett/cdt-cade2015/data/afp/coinductive_stream/x2015_09_10_17_25_25_720_1248637.smt_in.smt2,cvc5,True,4.069960525026545,4.069960525026545
UFDT/20170428-Barrett/cdt-cade2015/data/afp/coinductive_list/x2015_09_10_17_01_25_255_1745264.smt_in.smt2,cvc5,False,1200,2400
UFDT/20170428-Barrett/cdt-cade2015/data/afp/splay_tree_analysis/x2015_09_10_16_56_43_125_1088600.smt_in.smt2,cvc5,True,0.5497843669727445,0.5497843669727445
UFDT/20170428-Barrett/rec-fun-ijcar2016/wo/isa_nun_bench_v4_noenc/nunchaku2183525.nun.smt2,SMTInterpol,False,1200,2400
UFDT/20170428-Barrett/cdt-cade2015/data/afp/coinductive_list/x2015_09_10_17_03_03_217_1876328.smt_in.smt2,cvc5,False,1200,2400
UFDT/20170428-Barrett/cdt-cade2015/data/afp/huffman/x2015_09_10_16_48_44_061_1134239.smt_in.smt2,cvc5,False,1200,2400
UFDT/20170428-Barrett/rec-fun-ijcar2016/wo/isa_nun_bench_v4_noenc/nunchaku2078499.nun.smt2,iProver,False,1200,2400
UFDT/20170428-Barrett/cdt-cade2015/data/gandl/bird_tree/x2015_09_10_16_54_44_309_1026964.smt_in.smt2,cvc5,False,1200,2400
UFDT/20170428-Barrett/cdt-cade2015/data/afp/huffman/x2015_09_10_16_51_06_602_1291091.smt_in.smt2,cvc5,True,0.24971010303124785,0.24971010303124785
UFDT/20170428-Barrett/cdt-cade2015/data/distro/rbt_impl/x2015_09_10_16_51_01_077_1074455.smt_in.smt2,cvc5,False,1200,2400
UFDT/20170428-Barrett/rec-fun-ijcar2016/wo-wdf/isa_nun_bench_v4_enc/nunchaku2446694.nun.smt2,iProver,False,1200,2400
UFDT/20170428-Barrett/cdt-cade2015/data/afp/coinductive_list/x2015_09_10_17_18_56_849_2855724.smt_in.smt2,cvc5,False,1200,2400
UFDT/20170428-Barrett/cdt-cade2015/data/distro/gram_lang/x2015_09_10_16_54_05_648_1456120.smt_in.smt2,cvc5,True,0.38693720009177923,0.38693720009177923
UFDT/20170428-Barrett/rec-fun-ijcar2016/wo/isa_nun_bench_v4_noenc/nunchaku2067302.nun.smt2,SMTInterpol,True,0.4422795179998502,0.4422795179998502
UFDT/20170428-Barrett/cdt-cade2015/data/distro/stream_processor/x2015_09_10_16_45_53_226_997806.smt_in.smt2,cvc5,True,151.65418810700066,151.65418810700066
UFDT/20170428-Barrett/cdt-cade2015/data/distro/rbt_impl/x2015_09_10_16_53_07_463_1276695.smt_in.smt2,cvc5,False,1200,2400
UFDT/20170428-Barrett/cdt-cade2015/data/distro/gram_lang/x2015_09_10_16_52_09_011_1348552.smt_in.smt2,cvc5,False,1200,2400
UFDT/20170428-Barrett/rec-fun-ijcar2016/wo-wdf/isa_nun_bench_v4_enc/nunchaku3040595.nun.smt2,SMTInterpol,True,0.5968370930058882,0.5968370930058882
UFDT/20170428-Barrett/cdt-cade2015/data/distro/stream/x2015_09_10_16_49_02_272_1138229.smt_in.smt2,cvc5,False,1200,2400
UFDT/20170428-Barrett/cdt-cade2015/data/afp/coinductive_list/x2015_09_10_16_53_51_936_1314341.smt_in.smt2,cvc5,False,1200,2400
UFDT/20170428-Barrett/cdt-cade2015/data/afp/coinductive_list/x2015_09_10_17_10_44_659_2497660.smt_in.smt2,cvc5,False,1200,2400
UFDT/20170428-Barrett/cdt-cade2015/data/afp/coinductive_list/x2015_09_10_17_11_12_962_2534554.smt_in.smt2,cvc5,False,1200,2400
UFDT/20170428-Barrett/rec-fun-ijcar2016/wo/isa_nun_bench_v4_noenc/nunchaku2330993.nun.smt2,iProver,False,1200,2400
UFDT/20170428-Barrett/cdt-cade2015/data/distro/gram_lang/x2015_09_10_16_53_37_371_1432776.smt_in.smt2,cvc5,True,0.30382926296442747,0.30382926296442747
UFDT/20170428-Barrett/cdt-cade2015/data/distro/gram_lang/x2015_09_10_16_53_00_915_1400456.smt_in.smt2,cvc5,True,0.8091881920117885,0.8091881920117885
UFDT/20170428-Barrett/cdt-cade2015/data/afp/coinductive_list/x2015_09_10_16_53_06_886_1270776.smt_in.smt2,cvc5,False,1200,2400
UFDT/20170428-Barrett/cdt-cade2015/data/afp/coinductive_list/x2015_09_10_16_52_12_965_1223554.smt_in.smt2,cvc5,True,0.48812192492187023,0.48812192492187023
UFDT/20201221-induction-by-reflection-schoisswohl/reflectiveConjecture/mulExists.smt2,cvc5,False,1200,2400
UFDT/20170428-Barrett/rec-fun-ijcar2016/wo-wdf/isa_nun_bench_v4_enc/nunchaku2168787.nun.smt2,iProver,False,1200,2400
UFDT/20170428-Barrett/cdt-cade2015/data/afp/coinductive_stream/x2015_09_10_17_25_09_704_1234470.smt_in.smt2,cvc5,False,1200,2400
UFDT/20170428-Barrett/cdt-cade2015/data/afp/lmirror/x2015_09_10_16_48_07_490_1090251.smt_in.smt2,cvc5,False,1200,2400
UFDT/20170428-Barrett/cdt-cade2015/data/distro/gram_lang/x2015_09_10_16_49_58_321_1226378.smt_in.smt2,cvc5,True,543.643255708972,543.643255708972
UFDT/20170428-Barrett/cdt-cade2015/data/distro/rbt_impl/x2015_09_10_16_51_38_691_1131917.smt_in.smt2,cvc5,True,0.38006069511175156,0.38006069511175156
UFDT/20170428-Barrett/cdt-cade2015/data/afp/coinductive_list/x2015_09_10_17_08_34_877_2328204.smt_in.smt2,cvc5,False,1200,2400
UFDT/20170428-Barrett/cdt-cade2015/data/afp/abstract_completeness/x2015_09_10_16_59_49_554_1056868.smt_in.smt2,cvc5,False,1200,2400
UFDT/20170428-Barrett/cdt-cade2015/data/afp/coinductive_list/x2015_09_10_16_57_26_770_1503989.smt_in.smt2,cvc5,False,1200,2400
UFDT/20170428-Barrett/cdt-cade2015/data/distro/stream/x2015_09_10_16_48_03_292_1070075.smt_in.smt2,cvc5,True,394.0270916922018,394.0270916922018
UFDT/20170428-Barrett/cdt-cade2015/data/afp/tllist/x2015_09_10_16_59_26_695_1276366.smt_in.smt2,cvc5,False,1200,2400
UFDT/20170428-Barrett/rec-fun-ijcar2016/wo-wdf/isa_nun_bench_v4_enc/nunchaku2016996.nun.smt2,iProver,False,1200,2400
UFDT/20170428-Barrett/cdt-cade2015/data/afp/huffman/x2015_09_10_16_49_16_954_1173729.smt_in.smt2,cvc5,False,1200,2400
UFDT/20170428-Barrett/cdt-cade2015/data/afp/tllist/x2015_09_10_16_57_10_938_1128792.smt_in.smt2,cvc5,True,542.6287685588468,542.6287685588468
UFDT/20170428-Barrett/cdt-cade2015/data/afp/coinductive_list/x2015_09_10_16_49_46_768_1100145.smt_in.smt2,cvc5,False,1200,2400
UFDT/20170428-Barrett/rec-fun-ijcar2016/wo/isa_nun_bench_v4_noenc/nunchaku2094314.nun.smt2,iProver,False,1200,2400
UFDT/20170428-Barrett/cdt-cade2015/data/afp/hamming_stream/x2015_09_10_16_48_03_509_1089666.smt_in.smt2,cvc5,True,34.874931254191324,34.874931254191324
UFDT/20170428-Barrett/cdt-cade2015/data/afp/coinductive_list/x2015_09_10_17_08_44_155_2341005.smt_in.smt2,cvc5,False,1200,2400
UFDT/20170428-Barrett/cdt-cade2015/data/afp/coinductive_list/x2015_09_10_16_58_13_916_1547606.smt_in.smt2,cvc5,False,1200,2400
UFDT/20170428-Barrett/cdt-cade2015/data/afp/coinductive_list/x2015_09_10_17_16_20_494_2763737.smt_in.smt2,cvc5,False,1200,2400
UFDT/20170428-Barrett/cdt-cade2015/data/afp/huffman/x2015_09_10_16_48_28_531_1115739.smt_in.smt2,cvc5,False,1200,2400
UFDT/20201221-induction-by-reflection-schoisswohl/inductive/appendMonoton.smt2,iProver,False,1200,2400
UFDT/20170428-Barrett/rec-fun-ijcar2016/wo/isa_nun_bench_v4_noenc/nunchaku3078238.nun.smt2,iProver,False,1200,2400
UFDT/20170428-Barrett/cdt-cade2015/data/afp/coinductive_list/x2015_09_10_17_03_56_837_1948362.smt_in.smt2,cvc5,False,1200,2400
UFDT/20170428-Barrett/cdt-cade2015/data/afp/coinductive_list/x2015_09_10_17_14_59_579_2721769.smt_in.smt2,cvc5,False,1200,2400
UFDT/20170428-Barrett/rec-fun-ijcar2016/wo-wdf/isa_nun_bench_v4_enc/nunchaku2670098.nun.smt2,iProver,False,1200,2400
UFDT/20170428-Barrett/cdt-cade2015/data/afp/coinductive_list/x2015_09_10_17_04_11_969_1969817.smt_in.smt2,cvc5,False,1200,2400
UFDT/20170428-Barrett/cdt-cade2015/data/afp/coinductive_list/x2015_09_10_16_57_35_782_1512491.smt_in.smt2,cvc5,False,1200,2400
UFDT/20170428-Barrett/cdt-cade2015/data/afp/coinductive_list/x2015_09_10_17_06_18_989_2141881.smt_in.smt2,cvc5,True,0.39713699789717793,0.39713699789717793
UFDT/20170428-Barrett/cdt-cade2015/data/afp/coinductive_list/x2015_09_10_16_51_06_177_1165813.smt_in.smt2,cvc5,False,1200,2400
UFDT/20170428-Barrett/rec-fun-ijcar2016/wo-wdf/isa_nun_bench_v4_enc/nunchaku2545241.nun.smt2,iProver,False,1200,2400
UFDT/20170428-Barrett/cdt-cade2015/data/afp/coinductive_list/x2015_09_10_17_13_23_557_2677530.smt_in.smt2,cvc5,True,143.2367617120035,143.2367617120035
UFDT/20170428-Barrett/cdt-cade2015/data/afp/coinductive_list/x2015_09_10_17_07_52_352_2272147.smt_in.smt2,cvc5,False,1200,2400
UFDT/20170428-Barrett/rec-fun-ijcar2016/wo-wdf/isa_nun_bench_v4_enc/nunchaku1826208.nun.smt2,SMTInterpol,False,1200,2400
UFDT/20170428-Barrett/cdt-cade2015/data/distro/gram_lang/x2015_09_10_16_50_54_658_1274901.smt_in.smt2,cvc5,True,158.79767510597594,158.79767510597594
UFDT/20170428-Barrett/cdt-cade2015/data/afp/coinductive_list/x2015_09_10_17_14_57_132_2720500.smt_in.smt2,cvc5,False,1200,2400
UFDT/20170428-Barrett/cdt-cade2015/data/afp/coinductive_list/x2015_09_10_16_57_41_886_1518200.smt_in.smt2,cvc5,False,1200,2400
UFDT/20170428-Barrett/cdt-cade2015/data/distro/gram_lang/x2015_09_10_16_47_57_624_1097209.smt_in.smt2,cvc5,False,1200,2400
UFDT/20170428-Barrett/cdt-cade2015/data/afp/tllist/x2015_09_10_17_00_44_822_1370844.smt_in.smt2,cvc5,True,0.36188736907206476,0.36188736907206476
UFDT/20170428-Barrett/cdt-cade2015/data/afp/coinductive_list/x2015_09_10_17_00_28_657_1676695.smt_in.smt2,cvc5,False,1200,2400
UFDT/20170428-Barrett/cdt-cade2015/data/afp/llist2/x2015_09_10_16_52_37_859_1167671.smt_in.smt2,cvc5,True,0.3614985051099211,0.3614985051099211
UFDT/20170428-Barrett/cdt-cade2015/data/afp/tllist/x2015_09_10_17_00_41_399_1367114.smt_in.smt2,cvc5,False,1200,2400
UFDT/20170428-Barrett/cdt-cade2015/data/afp/coinductive_list/x2015_09_10_17_02_26_083_1826956.smt_in.smt2,cvc5,True,0.46078408416360617,0.46078408416360617
UFDT/20170428-Barrett/cdt-cade2015/data/distro/gram_lang/x2015_09_10_16_47_11_006_1046691.smt_in.smt2,cvc5,True,540.6029453771189,540.6029453771189
UFDT/20170428-Barrett/cdt-cade2015/data/afp/sorted_list_operations/x2015_09_10_16_47_30_525_1056461.smt_in.smt2,cvc5,False,1200,2400
UFDT/20170428-Barrett/cdt-cade2015/data/afp/huffman/x2015_09_10_16_48_21_762_1107728.smt_in.smt2,cvc5,False,1200,2400
UFDT/20170428-Barrett/cdt-cade2015/data/distro/gram_lang/x2015_09_10_16_56_12_928_1591076.smt_in.smt2,cvc5,True,541.2928119460121,541.2928119460121
UFDT/20170428-Barrett/cdt-cade2015/data/distro/gram_lang/x2015_09_10_16_49_10_691_1179770.smt_in.smt2,cvc5,False,1200,2400
UFDT/20170428-Barrett/rec-fun-ijcar2016/wo-wdf/isa_nun_bench_v4_enc/nunchaku3010325.nun.smt2,SMTInterpol,True,0.462967827974353,0.462967827974353
UFDT/20170428-Barrett/cdt-cade2015/data/distro/gram_lang/x2015_09_10_16_46_36_825_1008341.smt_in.smt2,cvc5,True,0.934937127167359,0.934937127167359
UFDT/20170428-Barrett/cdt-cade2015/data/afp/llist2/x2015_09_10_16_51_12_133_1103802.smt_in.smt2,cvc5,True,0.26342558790929615,0.26342558790929615
UFDT/20170428-Barrett/cdt-cade2015/data/afp/coinductive_list/x2015_09_10_17_04_24_184_1986381.smt_in.smt2,cvc5,True,913.9953548770864,913.9953548770864
UFDT/20170428-Barrett/cdt-cade2015/data/distro/rbt_impl/x2015_09_10_16_52_21_307_1193317.smt_in.smt2,iProver,True,87.03766191499926,87.03766191499926
UFDT/20170428-Barrett/cdt-cade2015/data/afp/coinductive_list/x2015_09_10_17_13_01_127_2665471.smt_in.smt2,cvc5,False,1200,2400
UFDT/20170428-Barrett/rec-fun-ijcar2016/wo-wdf/isa_nun_bench_v4_enc/nunchaku3318575.nun.smt2,iProver,False,1200,2400
UFDT/20170428-Barrett/rec-fun-ijcar2016/wo-wdf/isa_nun_bench_v4_enc/nunchaku2816270.nun.smt2,iProver,False,1200,2400
UFDT/20170428-Barrett/cdt-cade2015/data/distro/stream/x2015_09_10_16_48_53_282_1127720.smt_in.smt2,cvc5,False,1200,2400
UFDT/20170428-Barrett/cdt-cade2015/data/afp/tllist/x2015_09_10_16_56_43_322_1099677.smt_in.smt2,cvc5,False,1200,2400
UFDT/20170428-Barrett/cdt-cade2015/data/afp/coinductive_list/x2015_09_10_16_48_42_591_1040231.smt_in.smt2,cvc5,False,1200,2400
UFDT/20170428-Barrett/cdt-cade2015/data/afp/coinductive_list/x2015_09_10_17_03_10_332_1886008.smt_in.smt2,cvc5,False,1200,2400
UFDT/20170428-Barrett/cdt-cade2015/data/afp/coinductive_list/x2015_09_10_17_09_03_108_2367194.smt_in.smt2,cvc5,True,0.3207539329305291,0.3207539329305291
UFDT/20170428-Barrett/rec-fun-ijcar2016/wo/isa_nun_bench_v4_noenc/nunchaku3371058.nun.smt2,iProver,False,1200,2400
UFDT/20170428-Barrett/cdt-cade2015/data/afp/coinductive_list/x2015_09_10_16_56_55_355_1473654.smt_in.smt2,cvc5,False,1200,2400
UFDT/20170428-Barrett/cdt-cade2015/data/afp/coinductive_list/x2015_09_10_16_52_29_305_1237522.smt_in.smt2,cvc5,False,1200,2400
UFDT/20170428-Barrett/rec-fun-ijcar2016/wo/isa_nun_bench_v4_noenc/nunchaku1910193.nun.smt2,SMTInterpol,False,1200,2400
UFDT/20170428-Barrett/cdt-cade2015/data/afp/huffman/x2015_09_10_16_50_17_917_1239728.smt_in.smt2,cvc5,False,1200,2400
UFDT/20170428-Barrett/cdt-cade2015/data/distro/gram_lang/x2015_09_10_16_53_23_452_1421066.smt_in.smt2,cvc5,False,1200,2400
UFDT/20170428-Barrett/cdt-cade2015/data/afp/coinductive_list/x2015_09_10_16_55_00_066_1378212.smt_in.smt2,cvc5,False,1200,2400
UFDT/20170428-Barrett/cdt-cade2015/data/distro/gram_lang/x2015_09_10_16_51_04_613_1284371.smt_in.smt2,cvc5,True,35.758128793910146,35.758128793910146
UFDT/20170428-Barrett/cdt-cade2015/data/afp/coinductive_list/x2015_09_10_17_17_59_756_2820516.smt_in.smt2,cvc5,False,1200,2400
UFDT/20170428-Barrett/cdt-cade2015/data/afp/abstract_completeness/x2015_09_10_16_59_53_049_1060516.smt_in.smt2,cvc5,False,1200,2400
UFDT/20170428-Barrett/cdt-cade2015/data/distro/gram_lang/x2015_09_10_16_48_41_175_1143317.smt_in.smt2,cvc5,True,30.565150605980307,30.565150605980307
UFDT/20170428-Barrett/cdt-cade2015/data/afp/coinductive_list/x2015_09_10_16_59_13_567_1599577.smt_in.smt2,cvc5,False,1200,2400
UFDT/20170428-Barrett/cdt-cade2015/data/afp/abstract_completeness/x2015_09_10_16_59_45_321_1052943.smt_in.smt2,cvc5,True,0.30773022794164717,0.30773022794164717
UFDT/20170428-Barrett/cdt-cade2015/data/distro/gram_lang/x2015_09_10_16_48_56_285_1162189.smt_in.smt2,cvc5,False,1200,2400
UFDT/20170428-Barrett/rec-fun-ijcar2016/wo/isa_nun_bench_v4_noenc/nunchaku2446712.nun.smt2,iProver,False,1200,2400
UFDT/20170428-Barrett/cdt-cade2015/data/afp/tllist/x2015_09_10_16_59_14_364_1260856.smt_in.smt2,cvc5,False,1200,2400
UFDT/20170428-Barrett/cdt-cade2015/data/afp/coinductive_list/x2015_09_10_17_02_50_482_1859126.smt_in.smt2,cvc5,False,1200,2400
UFDT/20170428-Barrett/cdt-cade2015/data/distro/gram_lang/x2015_09_10_16_51_27_125_1304212.smt_in.smt2,cvc5,False,1200,2400
UFDT/20170428-Barrett/cdt-cade2015/data/distro/gram_lang/x2015_09_10_16_56_04_368_1580852.smt_in.smt2,cvc5,True,0.30775032797828317,0.30775032797828317
UFDT/20170428-Barrett/cdt-cade2015/data/afp/coinductive_list/x2015_09_10_17_18_42_558_2847385.smt_in.smt2,cvc5,False,1200,2400
UFDT/20170428-Barrett/cdt-cade2015/data/afp/coinductive_list/x2015_09_10_16_53_17_121_1280232.smt_in.smt2,cvc5,False,1200,2400
UFDT/20170428-Barrett/cdt-cade2015/data/afp/coinductive_list/x2015_09_10_17_08_45_079_2342344.smt_in.smt2,cvc5,False,1200,2400
UFDT/20170428-Barrett/rec-fun-ijcar2016/wo/isa_nun_bench_v4_noenc/nunchaku2341631.nun.smt2,iProver,False,1200,2400
UFDT/20170428-Barrett/cdt-cade2015/data/distro/rbt_impl/x2015_09_10_16_52_58_020_1259043.smt_in.smt2,cvc5,False,1200,2400
UFDT/20170428-Barrett/cdt-cade2015/data/afp/coinductive_list/x2015_09_10_17_00_30_758_1679401.smt_in.smt2,cvc5,True,0.293096442008391,0.293096442008391
UFDT/20170428-Barrett/cdt-cade2015/data/afp/coinductive_list/x2015_09_10_17_00_26_457_1674083.smt_in.smt2,cvc5,False,1200,2400
UFDT/20170428-Barrett/cdt-cade2015/data/gandl/cotree/x2015_09_10_16_50_48_657_1082463.smt_in.smt2,cvc5,False,1200,2400
UFDT/20170428-Barrett/cdt-cade2015/data/gandl/cotree/x2015_09_10_16_50_36_127_1065691.smt_in.smt2,cvc5,False,1200,2400
UFDT/20170428-Barrett/cdt-cade2015/data/afp/coinductive_list/x2015_09_10_17_04_59_998_2034464.smt_in.smt2,cvc5,False,1200,2400
UFDT/20170428-Barrett/cdt-cade2015/data/afp/coinductive_list/x2015_09_10_17_07_29_014_2240341.smt_in.smt2,cvc5,False,1200,2400
UFDT/20170428-Barrett/cdt-cade2015/data/afp/coinductive_list/x2015_09_10_16_51_54_663_1208449.smt_in.smt2,cvc5,False,1200,2400
UFDT/20170428-Barrett/cdt-cade2015/data/afp/llist2/x2015_09_10_16_58_01_518_1403036.smt_in.smt2,cvc5,True,0.3270856391172856,0.3270856391172856
UFDT/20170428-Barrett/cdt-cade2015/data/afp/huffman/x2015_09_10_16_50_02_198_1223865.smt_in.smt2,cvc5,False,1200,2400
UFDT/20170428-Barrett/cdt-cade2015/data/afp/koenigslemma/x2015_09_10_16_53_27_961_1132522.smt_in.smt2,cvc5,False,1200,2400
UFDT/20170428-Barrett/cdt-cade2015/data/distro/rbt_impl/x2015_09_10_16_53_32_038_1322967.smt_in.smt2,cvc5,False,1200,2400
UFDT/20170428-Barrett/rec-fun-ijcar2016/wo-wdf/isa_nun_bench_v4_enc/nunchaku3371058.nun.smt2,cvc5,False,1200,2400
UFDT/20170428-Barrett/cdt-cade2015/data/afp/coinductive_list/x2015_09_10_16_53_13_637_1277217.smt_in.smt2,cvc5,True,35.110056426841766,35.110056426841766
UFDT/20170428-Barrett/cdt-cade2015/data/distro/parallel/x2015_09_10_16_57_07_054_1039725.smt_in.smt2,cvc5,False,1200,2400
UFDT/20170428-Barrett/cdt-cade2015/data/afp/coinductive_list/x2015_09_10_17_06_54_870_2194172.smt_in.smt2,cvc5,False,1200,2400
UFDT/20170428-Barrett/cdt-cade2015/data/afp/coinductive_list/x2015_09_10_16_57_17_664_1493736.smt_in.smt2,cvc5,True,0.48529074201360345,0.48529074201360345
UFDT/20170428-Barrett/cdt-cade2015/data/gandl/cotree/x2015_09_10_16_50_01_267_1020642.smt_in.smt2,cvc5,True,34.52642347593792,34.52642347593792
UFDT/20170428-Barrett/cdt-cade2015/data/afp/koenigslemma/x2015_09_10_16_52_04_744_1070288.smt_in.smt2,cvc5,True,0.35762349399738014,0.35762349399738014
UFDT/20170428-Barrett/cdt-cade2015/data/distro/gram_lang/x2015_09_10_16_52_05_367_1344363.smt_in.smt2,cvc5,False,1200,2400
UFDT/20170428-Barrett/cdt-cade2015/data/afp/tllist/x2015_09_10_16_58_15_195_1194565.smt_in.smt2,cvc5,False,1200,2400
UFDT/20170428-Barrett/cdt-cade2015/data/afp/coinductive_list/x2015_09_10_17_00_13_722_1660123.smt_in.smt2,iProver,False,1200,2400
UFDT/20170428-Barrett/cdt-cade2015/data/afp/lmirror/x2015_09_10_16_47_32_195_1065179.smt_in.smt2,cvc5,False,1200,2400
UFDT/20170428-Barrett/rec-fun-ijcar2016/wo-wdf/isa_nun_bench_v4_enc/nunchaku2521114.nun.smt2,iProver,False,1200,2400
UFDT/20170428-Barrett/cdt-cade2015/data/afp/huffman/x2015_09_10_16_47_02_459_1025422.smt_in.smt2,cvc5,True,510.8962639600504,510.8962639600504
UFDT/20170428-Barrett/cdt-cade2015/data/distro/rbt_impl/x2015_09_10_16_58_57_389_1863670.smt_in.smt2,cvc5,False,1200,2400
UFDT/20170428-Barrett/rec-fun-ijcar2016/wo/isa_nun_bench_v4_noenc/nunchaku10185653.nun.smt2,SMTInterpol,False,1200,2400
UFDT/20170428-Barrett/cdt-cade2015/data/afp/coinductive_list/x2015_09_10_17_03_09_362_1884641.smt_in.smt2,cvc5,True,0.4871364531572908,0.4871364531572908
UFDT/20170428-Barrett/cdt-cade2015/data/afp/coinductive_list/x2015_09_10_16_58_00_272_1534268.smt_in.smt2,cvc5,False,1200,2400
UFDT/20170428-Barrett/cdt-cade2015/data/distro/gram_lang/x2015_09_10_16_47_44_879_1083442.smt_in.smt2,cvc5,True,540.3933399410453,540.3933399410453
UFDT/20170428-Barrett/rec-fun-ijcar2016/wo/isa_nun_bench_v4_noenc/nunchaku3371046.nun.smt2,iProver,False,1200,2400
UFDT/20170428-Barrett/cdt-cade2015/data/afp/coinductive_list/x2015_09_10_16_57_32_648_1509980.smt_in.smt2,cvc5,False,1200,2400
UFDT/20170428-Barrett/cdt-cade2015/data/distro/stream/x2015_09_10_16_49_11_002_1149492.smt_in.smt2,cvc5,False,1200,2400
UFDT/20170428-Barrett/cdt-cade2015/data/afp/coinductive_list/x2015_09_10_16_52_44_878_1252014.smt_in.smt2,cvc5,False,1200,2400
UFDT/20170428-Barrett/cdt-cade2015/data/afp/abstract_completeness/x2015_09_10_17_00_11_120_1078490.smt_in.smt2,cvc5,False,1200,2400
UFDT/20170428-Barrett/cdt-cade2015/data/afp/coinductive_list/x2015_09_10_17_01_39_699_1765027.smt_in.smt2,cvc5,False,1200,2400
UFDT/20170428-Barrett/cdt-cade2015/data/afp/tllist/x2015_09_10_16_57_36_879_1156156.smt_in.smt2,cvc5,True,541.0858942451887,541.0858942451887
UFDT/20170428-Barrett/cdt-cade2015/data/afp/coinductive_list/x2015_09_10_17_07_17_183_2225111.smt_in.smt2,cvc5,True,30.567885325988755,30.567885325988755
UFDT/20170428-Barrett/cdt-cade2015/data/afp/bindag/x2015_09_10_16_52_55_862_1022770.smt_in.smt2,cvc5,False,1200,2400
UFDT/20170428-Barrett/rec-fun-ijcar2016/wo/isa_nun_bench_v4_noenc/nunchaku2674468.nun.smt2,iProver,False,1200,2400
UFDT/20170428-Barrett/cdt-cade2015/data/afp/huffman/x2015_09_10_16_51_11_093_1295855.smt_in.smt2,cvc5,False,1200,2400
UFDT/20170428-Barrett/rec-fun-ijcar2016/wo/isa_nun_bench_v4_noenc/nunchaku2032288.nun.smt2,SMTInterpol,True,0.4616615709965117,0.4616615709965117
UFDT/20170428-Barrett/rec-fun-ijcar2016/wo-wdf/isa_nun_bench_v4_enc/nunchaku2144177.nun.smt2,SMTInterpol,False,1200,2400
UFDT/20170428-Barrett/cdt-cade2015/data/afp/coinductive_list/x2015_09_10_17_18_58_838_2856961.smt_in.smt2,cvc5,False,1200,2400
UFDT/20170428-Barrett/cdt-cade2015/data/afp/llist2/x2015_09_10_16_58_11_122_1412146.smt_in.smt2,cvc5,False,1200,2400
UFDT/20170428-Barrett/cdt-cade2015/data/afp/koenigslemma/x2015_09_10_16_53_09_526_1120227.smt_in.smt2,cvc5,True,0.41236008796840906,0.41236008796840906
UFDT/20170428-Barrett/cdt-cade2015/data/distro/rbt_impl/x2015_09_10_16_50_31_561_1040763.smt_in.smt2,cvc5,True,0.3723788228817284,0.3723788228817284
UFDT/20170428-Barrett/cdt-cade2015/data/afp/hamming_stream/x2015_09_10_16_47_49_891_1079121.smt_in.smt2,cvc5,False,1200,2400
UFDT/20170428-Barrett/cdt-cade2015/data/distro/stream_processor/x2015_09_10_16_45_57_078_1004129.smt_in.smt2,cvc5,False,1200,2400
UFDT/20170428-Barrett/cdt-cade2015/data/distro/rbt_impl/x2015_09_10_17_00_04_506_1961807.smt_in.smt2,cvc5,False,1200,2400
UFDT/20170428-Barrett/rec-fun-ijcar2016/wo/isa_nun_bench_v4_noenc/nunchaku1770767.nun.smt2,iProver,False,1200,2400
UFDT/20170428-Barrett/cdt-cade2015/data/afp/coinductive_list/x2015_09_10_16_54_52_462_1371033.smt_in.smt2,cvc5,False,1200,2400
UFDT/20170428-Barrett/cdt-cade2015/data/afp/coinductive_list/x2015_09_10_17_03_52_099_1941270.smt_in.smt2,cvc5,False,1200,2400
UFDT/20170428-Barrett/cdt-cade2015/data/afp/coinductive_list/x2015_09_10_17_15_08_732_2727727.smt_in.smt2,cvc5,False,1200,2400
UFDT/20170428-Barrett/cdt-cade2015/data/afp/coinductive_list/x2015_09_10_17_08_25_634_2316633.smt_in.smt2,cvc5,False,1200,2400
UFDT/20170428-Barrett/cdt-cade2015/data/gandl/bird_tree/x2015_09_10_16_54_36_387_1015919.smt_in.smt2,cvc5,False,1200,2400
UFDT/20170428-Barrett/cdt-cade2015/data/afp/lmirror/x2015_09_10_16_47_39_061_1070709.smt_in.smt2,cvc5,False,1200,2400
UFDT/20170428-Barrett/cdt-cade2015/data/afp/tllist/x2015_09_10_17_01_02_095_1391883.smt_in.smt2,cvc5,False,1200,2400
UFDT/20170428-Barrett/cdt-cade2015/data/afp/llist2/x2015_09_10_16_58_05_571_1406918.smt_in.smt2,cvc5,False,1200,2400
UFDT/20170428-Barrett/rec-fun-ijcar2016/wo/isa_nun_bench_v4_noenc/nunchaku2545259.nun.smt2,iProver,False,1200,2400
UFDT/20170428-Barrett/cdt-cade2015/data/afp/coinductive_list_prefix/x2015_09_10_16_47_19_614_1064695.smt_in.smt2,cvc5,False,1200,2400
UFDT/20170428-Barrett/cdt-cade2015/data/gandl/cotree/x2015_09_10_16_50_07_814_1030049.smt_in.smt2,cvc5,False,1200,2400
UFDT/20170428-Barrett/cdt-cade2015/data/afp/coinductive_list/x2015_09_10_17_07_16_199_2223965.smt_in.smt2,cvc5,True,0.27711989893577993,0.27711989893577993
UFDT/20170428-Barrett/cdt-cade2015/data/afp/llist2/x2015_09_10_16_51_05_022_1098347.smt_in.smt2,cvc5,True,0.8614036610815674,0.8614036610815674
UFDT/20170428-Barrett/cdt-cade2015/data/afp/tllist/x2015_09_10_16_56_47_867_1105174.smt_in.smt2,cvc5,True,0.3275643459055573,0.3275643459055573
UFDT/20170428-Barrett/cdt-cade2015/data/afp/coinductive_list/x2015_09_10_16_59_26_756_1612095.smt_in.smt2,cvc5,False,1200,2400
UFDT/20170428-Barrett/cdt-cade2015/data/afp/llist2/x2015_09_10_16_53_56_947_1222396.smt_in.smt2,cvc5,True,335.6520048379898,335.6520048379898
UFDT/20170428-Barrett/rec-fun-ijcar2016/wo-wdf/isa_nun_bench_v4_enc/nunchaku2087911.nun.smt2,iProver,False,1200,2400
UFDT/20170428-Barrett/cdt-cade2015/data/afp/tllist/x2015_09_10_16_59_53_802_1312924.smt_in.smt2,cvc5,False,1200,2400
UFDT/20170428-Barrett/cdt-cade2015/data/gandl/stern_brocot_tree/x2015_09_10_16_51_17_913_1051015.smt_in.smt2,cvc5,False,1200,2400
UFDT/20170428-Barrett/rec-fun-ijcar2016/wo/isa_nun_bench_v4_noenc/nunchaku2545265.nun.smt2,iProver,False,1200,2400
UFDT/20170428-Barrett/cdt-cade2015/data/afp/coinductive_list/x2015_09_10_16_54_27_079_1346771.smt_in.smt2,cvc5,True,0.3966227590572089,0.3966227590572089
UFDT/20170428-Barrett/cdt-cade2015/data/gandl/cotree/x2015_09_10_16_50_54_020_1089156.smt_in.smt2,cvc5,False,1200,2400
UFDT/20170428-Barrett/rec-fun-ijcar2016/wo/isa_nun_bench_v4_noenc/nunchaku2532293.nun.smt2,iProver,False,1200,2400
UFDT/20170428-Barrett/cdt-cade2015/data/afp/coinductive_list/x2015_09_10_17_11_18_552_2541779.smt_in.smt2,cvc5,False,1200,2400
UFDT/20170428-Barrett/cdt-cade2015/data/afp/coinductive_stream/x2015_09_10_17_23_18_056_1138618.smt_in.smt2,cvc5,True,0.36570957000367343,0.36570957000367343
UFDT/20170428-Barrett/cdt-cade2015/data/afp/coinductive_list/x2015_09_10_17_03_29_766_1912243.smt_in.smt2,cvc5,True,0.6534367150161415,0.6534367150161415
UFDT/20170428-Barrett/cdt-cade2015/data/distro/stream/x2015_09_10_16_47_58_630_1064127.smt_in.smt2,cvc5,True,0.3116092828568071,0.3116092828568071
UFDT/20170428-Barrett/cdt-cade2015/data/afp/coinductive_list/x2015_09_10_17_02_06_507_1801100.smt_in.smt2,cvc5,True,0.31370589905418456,0.31370589905418456
UFDT/20170428-Barrett/cdt-cade2015/data/gandl/stern_brocot_tree/x2015_09_10_16_52_43_811_1130425.smt_in.smt2,iProver,True,282.67462238699954,282.67462238699954
UFDT/20170428-Barrett/cdt-cade2015/data/afp/coinductive_stream/x2015_09_10_17_23_21_410_1142124.smt_in.smt2,cvc5,True,0.44920053193345666,0.44920053193345666
UFDT/20170428-Barrett/cdt-cade2015/data/afp/coinductive_list/x2015_09_10_17_12_04_600_2603176.smt_in.smt2,cvc5,False,1200,2400
UFDT/20170428-Barrett/cdt-cade2015/data/afp/coinductive_list/x2015_09_10_17_00_08_360_1653506.smt_in.smt2,iProver,True,2.8713860749994637,2.8713860749994637
UFDT/20170428-Barrett/cdt-cade2015/data/gandl/stern_brocot_tree/x2015_09_10_16_51_32_847_1062816.smt_in.smt2,cvc5,False,1200,2400
UFDT/20170428-Barrett/cdt-cade2015/data/distro/stream/x2015_09_10_16_48_52_240_1126440.smt_in.smt2,cvc5,True,0.29082880611531436,0.29082880611531436
UFDT/20170428-Barrett/cdt-cade2015/data/afp/abstract_completeness/x2015_09_10_17_00_52_096_1122912.smt_in.smt2,cvc5,True,0.2820493390318006,0.2820493390318006
UFDT/20170428-Barrett/cdt-cade2015/data/distro/rbt_impl/x2015_09_10_16_59_02_895_1871234.smt_in.smt2,cvc5,True,2.2804624980781227,2.2804624980781227
UFDT/20170428-Barrett/cdt-cade2015/data/afp/hamming_stream/x2015_09_10_16_49_33_338_1151552.smt_in.smt2,cvc5,False,1200,2400
UFDT/20170428-Barrett/rec-fun-ijcar2016/wo/isa_nun_bench_v4_noenc/nunchaku2446700.nun.smt2,iProver,False,1200,2400
UFDT/20170428-Barrett/rec-fun-ijcar2016/wo-wdf/isa_nun_bench_v4_enc/nunchaku2125055.nun.smt2,cvc5,False,1200,2400
UFDT/20170428-Barrett/cdt-cade2015/data/distro/process/x2015_09_10_16_46_03_934_1010164.smt_in.smt2,cvc5,False,1200,2400
UFDT/20170428-Barrett/rec-fun-ijcar2016/wo-wdf/isa_nun_bench_v4_enc/nunchaku2513253.nun.smt2,iProver,False,1200,2400
UFDT/20170428-Barrett/cdt-cade2015/data/afp/tllist/x2015_09_10_16_58_44_668_1227122.smt_in.smt2,cvc5,False,1200,2400
UFDT/20170428-Barrett/cdt-cade2015/data/afp/coinductive_list/x2015_09_10_16_53_37_638_1299744.smt_in.smt2,cvc5,False,1200,2400
UFDT/20170428-Barrett/cdt-cade2015/data/afp/hamming_stream/x2015_09_10_16_50_11_844_1172008.smt_in.smt2,cvc5,False,1200,2400
UFDT/20170428-Barrett/cdt-cade2015/data/afp/bindag/x2015_09_10_16_52_56_972_1023926.smt_in.smt2,cvc5,False,1200,2400
UFDT/20170428-Barrett/cdt-cade2015/data/afp/coinductive_list/x2015_09_10_17_03_01_249_1873353.smt_in.smt2,cvc5,False,1200,2400
UFDT/20170428-Barrett/rec-fun-ijcar2016/wo/isa_nun_bench_v4_noenc/nunchaku2476196.nun.smt2,SMTInterpol,False,1200,2400
UFDT/20170428-Barrett/cdt-cade2015/data/afp/coinductive_list/x2015_09_10_17_18_07_680_2825644.smt_in.smt2,SMTInterpol,False,1200,2400
UFDT/20170428-Barrett/cdt-cade2015/data/gandl/stern_brocot_tree/x2015_09_10_16_53_55_898_1193581.smt_in.smt2,iProver,False,1200,2400
UFDT/20170428-Barrett/cdt-cade2015/data/distro/gram_lang/x2015_09_10_16_50_50_236_1270748.smt_in.smt2,cvc5,False,1200,2400
UFDT/20170428-Barrett/cdt-cade2015/data/gandl/cotree/x2015_09_10_16_50_51_123_1085536.smt_in.smt2,cvc5,True,407.43631806620397,407.43631806620397
UFDT/20170428-Barrett/cdt-cade2015/data/afp/coinductive_list/x2015_09_10_17_11_40_456_2571350.smt_in.smt2,cvc5,True,541.0794829470105,541.0794829470105
UFDT/20201221-induction-by-reflection-schoisswohl/inductive/revsEqual.smt2,SMTInterpol,False,1200,2400
UFDT/20170428-Barrett/cdt-cade2015/data/afp/tllist/x2015_09_10_16_57_25_455_1144700.smt_in.smt2,cvc5,False,1200,2400
UFDT/20170428-Barrett/cdt-cade2015/data/afp/coinductive_list/x2015_09_10_17_02_56_841_1867297.smt_in.smt2,cvc5,True,542.9223619441036,542.9223619441036
UFDT/20170428-Barrett/cdt-cade2015/data/afp/coinductive_list/x2015_09_10_17_19_17_056_2868467.smt_in.smt2,cvc5,False,1200,2400
UFDT/20170428-Barrett/cdt-cade2015/data/afp/llist2/x2015_09_10_16_54_54_520_1258101.smt_in.smt2,cvc5,True,0.3193263658322394,0.3193263658322394
UFDT/20170428-Barrett/rec-fun-ijcar2016/wo/isa_nun_bench_v4_noenc/nunchaku1822348.nun.smt2,SMTInterpol,False,1200,2400
UFDT/20170428-Barrett/cdt-cade2015/data/afp/abstract_completeness/x2015_09_10_16_59_38_010_1043933.smt_in.smt2,cvc5,True,541.0207838709466,541.0207838709466
UFDT/20170428-Barrett/cdt-cade2015/data/distro/process/x2015_09_10_16_46_04_838_1012001.smt_in.smt2,cvc5,False,1200,2400
UFDT/20170428-Barrett/cdt-cade2015/data/afp/coinductive_list/x2015_09_10_17_08_32_688_2325435.smt_in.smt2,cvc5,False,1200,2400
UFDT/20170428-Barrett/cdt-cade2015/data/afp/coinductive_stream/x2015_09_10_17_22_16_765_1080835.smt_in.smt2,cvc5,True,649.9057032070123,649.9057032070123
UFDT/20170428-Barrett/rec-fun-ijcar2016/wo-wdf/isa_nun_bench_v4_enc/nunchaku2148238.nun.smt2,SMTInterpol,False,1200,2400
UFDT/20170428-Barrett/cdt-cade2015/data/afp/coinductive_list/x2015_09_10_17_14_18_766_2699613.smt_in.smt2,cvc5,True,0.3709753779694438,0.3709753779694438
UFDT/20170428-Barrett/cdt-cade2015/data/afp/abstract_completeness/x2015_09_10_17_00_45_190_1114779.smt_in.smt2,cvc5,True,0.32608414511196315,0.32608414511196315
UFDT/20170428-Barrett/cdt-cade2015/data/afp/coinductive_list/x2015_09_10_16_56_50_873_1470085.smt_in.smt2,cvc5,False,1200,2400
UFDT/20170428-Barrett/cdt-cade2015/data/afp/koenigslemma/x2015_09_10_16_51_54_034_1061285.smt_in.smt2,cvc5,True,0.3017056460957974,0.3017056460957974
UFDT/20170428-Barrett/cdt-cade2015/data/distro/rbt_impl/x2015_09_10_16_51_04_823_1079164.smt_in.smt2,cvc5,False,1200,2400
UFDT/20170428-Barrett/cdt-cade2015/data/distro/gram_lang/x2015_09_10_16_50_05_528_1232398.smt_in.smt2,cvc5,True,0.3103972601238638,0.3103972601238638
UFDT/20170428-Barrett/rec-fun-ijcar2016/wo/isa_nun_bench_v4_noenc/nunchaku2513265.nun.smt2,iProver,False,1200,2400
UFDT/20170428-Barrett/cdt-cade2015/data/distro/rbt_impl/x2015_09_10_16_54_38_805_1444976.smt_in.smt2,cvc5,False,1200,2400
UFDT/20170428-Barrett/cdt-cade2015/data/afp/sorted_list_operations/x2015_09_10_16_48_07_943_1093652.smt_in.smt2,cvc5,True,0.27505405084230006,0.27505405084230006
UFDT/20170428-Barrett/rec-fun-ijcar2016/wo-wdf/isa_nun_bench_v4_enc/nunchaku2885985.nun.smt2,SMTInterpol,True,0.6307433529873379,0.6307433529873379
UFDT/20170428-Barrett/cdt-cade2015/data/distro/rbt_impl/x2015_09_10_16_49_45_345_981098.smt_in.smt2,cvc5,True,729.167578818975,729.167578818975
UFDT/20170428-Barrett/cdt-cade2015/data/afp/abstract_completeness/x2015_09_10_17_00_30_240_1098389.smt_in.smt2,cvc5,True,0.3400997659191489,0.3400997659191489
UFDT/20170428-Barrett/cdt-cade2015/data/afp/huffman/x2015_09_10_16_48_36_344_1124960.smt_in.smt2,cvc5,False,1200,2400
UFDT/20170428-Barrett/rec-fun-ijcar2016/wo-wdf/isa_nun_bench_v4_enc/nunchaku2310902.nun.smt2,iProver,False,1200,2400
UFDT/20170428-Barrett/cdt-cade2015/data/distro/gram_lang/x2015_09_10_16_47_03_815_1038437.smt_in.smt2,cvc5,False,1200,2400
UFDT/20170428-Barrett/cdt-cade2015/data/afp/coinductive_list/x2015_09_10_16_54_02_102_1323599.smt_in.smt2,cvc5,True,3.0502023040317,3.0502023040317
UFDT/20201221-induction-by-reflection-schoisswohl/inductive/allEqRefl.smt2,iProver,False,1200,2400
UFDT/20170428-Barrett/cdt-cade2015/data/afp/tllist/x2015_09_10_16_59_44_833_1300023.smt_in.smt2,cvc5,False,1200,2400
UFDT/20170428-Barrett/cdt-cade2015/data/afp/huffman/x2015_09_10_16_51_48_344_1337691.smt_in.smt2,cvc5,False,1200,2400
UFDT/20170428-Barrett/rec-fun-ijcar2016/wo-wdf/isa_nun_bench_v4_enc/nunchaku1783942.nun.smt2,iProver,False,1200,2400
UFDT/20170428-Barrett/cdt-cade2015/data/afp/coinductive_list/x2015_09_10_17_05_02_976_2038607.smt_in.smt2,iProver,True,154.10922185899835,154.10922185899835
UFDT/20170428-Barrett/cdt-cade2015/data/afp/lmirror/x2015_09_10_16_48_24_634_1102852.smt_in.smt2,cvc5,False,1200,2400
UFDT/20170428-Barrett/cdt-cade2015/data/afp/abstract_completeness/x2015_09_10_17_00_21_041_1089139.smt_in.smt2,cvc5,True,0.30954947508871555,0.30954947508871555
UFDT/20170428-Barrett/cdt-cade2015/data/distro/rbt_impl/x2015_09_10_16_52_39_402_1222938.smt_in.smt2,cvc5,False,1200,2400
UFDT/20170428-Barrett/rec-fun-ijcar2016/wo-wdf/isa_nun_bench_v4_enc/nunchaku1826184.nun.smt2,SMTInterpol,False,1200,2400
UFDT/20170428-Barrett/cdt-cade2015/data/afp/tllist/x2015_09_10_16_58_54_451_1238213.smt_in.smt2,cvc5,False,1200,2400
UFDT/20170428-Barrett/cdt-cade2015/data/afp/coinductive_list/x2015_09_10_17_04_56_835_2030500.smt_in.smt2,cvc5,True,1.4322160459123552,1.4322160459123552
UFDT/20170428-Barrett/cdt-cade2015/data/afp/coinductive_list/x2015_09_10_17_11_11_951_2533171.smt_in.smt2,cvc5,True,143.70577931194566,143.70577931194566
UFDT/20170428-Barrett/rec-fun-ijcar2016/wo/isa_nun_bench_v4_noenc/nunchaku2016996.nun.smt2,iProver,False,1200,2400
UFDT/20170428-Barrett/cdt-cade2015/data/afp/llist2/x2015_09_10_16_58_30_702_1430105.smt_in.smt2,cvc5,True,0.2695562760345638,0.2695562760345638
UFDT/20170428-Barrett/cdt-cade2015/data/afp/coinductive_list/x2015_09_10_17_09_26_760_2397370.smt_in.smt2,cvc5,False,1200,2400
UFDT/20170428-Barrett/cdt-cade2015/data/distro/stream/x2015_09_10_16_47_46_687_1052968.smt_in.smt2,cvc5,False,1200,2400
UFDT/20170428-Barrett/cdt-cade2015/data/afp/tllist/x2015_09_10_16_58_43_125_1225427.smt_in.smt2,cvc5,False,1200,2400
UFDT/20170428-Barrett/cdt-cade2015/data/distro/stream/x2015_09_10_16_47_30_867_1036798.smt_in.smt2,cvc5,False,1200,2400
UFDT/20170428-Barrett/cdt-cade2015/data/afp/coinductive_stream/x2015_09_10_17_25_38_513_1261355.smt_in.smt2,cvc5,True,0.31648337189108133,0.31648337189108133
UFDT/20170428-Barrett/cdt-cade2015/data/afp/coinductive_stream/x2015_09_10_17_25_33_589_1256369.smt_in.smt2,cvc5,True,1.2594452919438481,1.2594452919438481
UFDT/20170428-Barrett/cdt-cade2015/data/afp/abstract_completeness/x2015_09_10_16_59_59_584_1066179.smt_in.smt2,cvc5,True,0.3550703141372651,0.3550703141372651
UFDT/20170428-Barrett/cdt-cade2015/data/afp/tllist/x2015_09_10_16_57_50_915_1169708.smt_in.smt2,cvc5,False,1200,2400
UFDT/20170428-Barrett/cdt-cade2015/data/afp/coinductive_list/x2015_09_10_17_10_59_633_2515932.smt_in.smt2,cvc5,True,0.32650633598677814,0.32650633598677814
UFDT/20170428-Barrett/cdt-cade2015/data/afp/abstract_completeness/x2015_09_10_17_00_41_999_1111007.smt_in.smt2,cvc5,True,0.2772788607981056,0.2772788607981056
UFDT/20170428-Barrett/cdt-cade2015/data/distro/gram_lang/x2015_09_10_16_55_16_560_1525673.smt_in.smt2,cvc5,False,1200,2400
UFDT/20170428-Barrett/cdt-cade2015/data/afp/tllist/x2015_09_10_16_57_15_725_1133432.smt_in.smt2,cvc5,True,541.2572322518099,541.2572322518099
UFDT/20170428-Barrett/cdt-cade2015/data/distro/rbt_impl/x2015_09_10_16_59_03_975_1872585.smt_in.smt2,cvc5,False,1200,2400
UFDT/20170428-Barrett/rec-fun-ijcar2016/wo-wdf/isa_nun_bench_v4_enc/nunchaku2314381.nun.smt2,iProver,False,1200,2400
UFDT/20170428-Barrett/cdt-cade2015/data/afp/coinductive_list/x2015_09_10_16_54_23_871_1343694.smt_in.smt2,cvc5,True,0.4640301209874451,0.4640301209874451
UFDT/20170428-Barrett/cdt-cade2015/data/afp/coinductive_list/x2015_09_10_17_00_46_751_1699862.smt_in.smt2,cvc5,False,1200,2400
UFDT/20170428-Barrett/cdt-cade2015/data/afp/coinductive_list/x2015_09_10_16_50_54_964_1155734.smt_in.smt2,cvc5,True,0.3233236060477793,0.3233236060477793
UFDT/20170428-Barrett/cdt-cade2015/data/afp/coinductive_list/x2015_09_10_17_02_42_122_1847996.smt_in.smt2,cvc5,True,0.3927609359379858,0.3927609359379858
UFDT/20201221-induction-by-reflection-schoisswohl/reflectiveAxioms/N+Leq+Add+Mul-ax3.smt2,cvc5,True,0.23903356795199215,0.23903356795199215
UFDT/20170428-Barrett/cdt-cade2015/data/distro/rbt_impl/x2015_09_10_16_56_15_003_1646310.smt_in.smt2,cvc5,True,120.94751818710938,120.94751818710938
UFDT/20170428-Barrett/cdt-cade2015/data/distro/rbt_impl/x2015_09_10_16_54_45_186_1457320.smt_in.smt2,cvc5,False,1200,2400
UFDT/20170428-Barrett/cdt-cade2015/data/afp/coinductive_list/x2015_09_10_16_55_45_042_1418433.smt_in.smt2,cvc5,True,30.33585258689709,30.33585258689709
UFDT/20170428-Barrett/cdt-cade2015/data/distro/process/x2015_09_10_16_46_25_595_1045744.smt_in.smt2,cvc5,False,1200,2400
UFDT/20170428-Barrett/cdt-cade2015/data/distro/stream/x2015_09_10_16_47_29_664_1035661.smt_in.smt2,cvc5,False,1200,2400
UFDT/20170428-Barrett/cdt-cade2015/data/afp/coinductive_list/x2015_09_10_17_11_05_604_2524682.smt_in.smt2,cvc5,False,1200,2400
UFDT/20170428-Barrett/rec-fun-ijcar2016/wo-wdf/isa_nun_bench_v4_enc/nunchaku2561571.nun.smt2,iProver,False,1200,2400
UFDT/20170428-Barrett/cdt-cade2015/data/afp/coinductive_list/x2015_09_10_16_52_09_810_1220784.smt_in.smt2,cvc5,True,0.2790405449923128,0.2790405449923128
UFDT/20170428-Barrett/rec-fun-ijcar2016/wo-wdf/isa_nun_bench_v4_enc/nunchaku2463347.nun.smt2,iProver,False,1200,2400
UFDT/20170428-Barrett/cdt-cade2015/data/afp/coinductive_list/x2015_09_10_17_12_38_287_2642351.smt_in.smt2,cvc5,False,1200,2400
UFDT/20170428-Barrett/cdt-cade2015/data/afp/coinductive_list/x2015_09_10_17_07_25_073_2235233.smt_in.smt2,cvc5,True,24.698957024840638,24.698957024840638
UFDT/20170428-Barrett/cdt-cade2015/data/afp/coinductive_list/x2015_09_10_16_54_36_669_1357263.smt_in.smt2,cvc5,False,1200,2400
UFDT/20170428-Barrett/cdt-cade2015/data/afp/llist2/x2015_09_10_16_54_58_129_1260296.smt_in.smt2,cvc5,True,0.2988527819979936,0.2988527819979936
UFDT/20170428-Barrett/cdt-cade2015/data/afp/coinductive_list/x2015_09_10_16_56_19_913_1446067.smt_in.smt2,cvc5,True,0.4118720560800284,0.4118720560800284
UFDT/20170428-Barrett/cdt-cade2015/data/gandl/cotree/x2015_09_10_16_49_36_633_987920.smt_in.smt2,cvc5,False,1200,2400
UFDT/20170428-Barrett/cdt-cade2015/data/distro/gram_lang/x2015_09_10_16_51_10_281_1289931.smt_in.smt2,cvc5,False,1200,2400
UFDT/20170428-Barrett/rec-fun-ijcar2016/wo/isa_nun_bench_v4_noenc/nunchaku2090223.nun.smt2,SMTInterpol,True,0.4761532149859704,0.4761532149859704
UFDT/20170428-Barrett/cdt-cade2015/data/gandl/cotree/x2015_09_10_16_50_18_045_1043532.smt_in.smt2,iProver,False,1200,2400
UFDT/20170428-Barrett/cdt-cade2015/data/afp/coinductive_list/x2015_09_10_17_15_47_784_2748148.smt_in.smt2,cvc5,False,1200,2400
UFDT/20170428-Barrett/cdt-cade2015/data/distro/gram_lang/x2015_09_10_16_51_58_012_1335842.smt_in.smt2,cvc5,False,1200,2400
UFDT/20170428-Barrett/cdt-cade2015/data/afp/coinductive_list/x2015_09_10_17_00_54_209_1708557.smt_in.smt2,cvc5,False,1200,2400
UFDT/20170428-Barrett/cdt-cade2015/data/distro/koenig/x2015_09_10_16_45_05_341_1010900.smt_in.smt2,cvc5,False,1200,2400
UFDT/20170428-Barrett/cdt-cade2015/data/distro/rbt_impl/x2015_09_10_16_50_01_108_1002588.smt_in.smt2,cvc5,False,1200,2400
UFDT/20170428-Barrett/cdt-cade2015/data/afp/coinductive_list/x2015_09_10_17_00_58_419_1713760.smt_in.smt2,cvc5,True,0.5130715169943869,0.5130715169943869
UFDT/20170428-Barrett/cdt-cade2015/data/afp/coinductive_stream/x2015_09_10_17_25_13_688_1237932.smt_in.smt2,cvc5,False,1200,2400
UFDT/20170428-Barrett/cdt-cade2015/data/afp/tllist/x2015_09_10_16_59_55_010_1314931.smt_in.smt2,cvc5,True,0.5121734580025077,0.5121734580025077
UFDT/20170428-Barrett/rec-fun-ijcar2016/wo/isa_nun_bench_v4_noenc/nunchaku2995527.nun.smt2,cvc5,False,1200,2400
UFDT/20170428-Barrett/rec-fun-ijcar2016/wo-wdf/isa_nun_bench_v4_enc/nunchaku3361644.nun.smt2,iProver,False,1200,2400
UFDT/20170428-Barrett/cdt-cade2015/data/afp/koenigslemma/x2015_09_10_16_52_20_559_1083610.smt_in.smt2,cvc5,False,1200,2400
UFDT/20170428-Barrett/cdt-cade2015/data/afp/coinductive_list/x2015_09_10_17_10_10_115_2454841.smt_in.smt2,cvc5,True,144.13386733690277,144.13386733690277
UFDT/20170428-Barrett/rec-fun-ijcar2016/wo/isa_nun_bench_v4_noenc/nunchaku2172541.nun.smt2,SMTInterpol,False,1200,2400
UFDT/20170428-Barrett/cdt-cade2015/data/gandl/cotree/x2015_09_10_16_50_41_359_1072313.smt_in.smt2,cvc5,True,541.1076362291351,541.1076362291351
UFDT/20170428-Barrett/cdt-cade2015/data/afp/coinductive_list/x2015_09_10_17_00_24_219_1671686.smt_in.smt2,cvc5,True,233.17933396506123,233.17933396506123
UFDT/20170428-Barrett/cdt-cade2015/data/afp/coinductive_list/x2015_09_10_17_03_45_128_1930757.smt_in.smt2,cvc5,True,649.7233046870679,649.7233046870679
UFDT/20170428-Barrett/cdt-cade2015/data/afp/llist2/x2015_09_10_16_57_04_431_1354309.smt_in.smt2,cvc5,False,1200,2400
UFDT/20170428-Barrett/cdt-cade2015/data/afp/huffman/x2015_09_10_16_49_50_363_1211648.smt_in.smt2,cvc5,True,0.3935450459830463,0.3935450459830463
UFDT/20170428-Barrett/cdt-cade2015/data/afp/llist2/x2015_09_10_16_53_25_987_1205032.smt_in.smt2,cvc5,False,1200,2400
UFDT/20170428-Barrett/cdt-cade2015/data/distro/stream/x2015_09_10_16_48_34_475_1105236.smt_in.smt2,cvc5,False,1200,2400
UFDT/20170428-Barrett/rec-fun-ijcar2016/wo/isa_nun_bench_v4_noenc/nunchaku2087893.nun.smt2,SMTInterpol,False,1200,2400
UFDT/20170428-Barrett/cdt-cade2015/data/gandl/stern_brocot_tree/x2015_09_10_16_53_46_229_1184426.smt_in.smt2,cvc5,False,1200,2400
UFDT/20170428-Barrett/rec-fun-ijcar2016/wo-wdf/isa_nun_bench_v4_enc/nunchaku2183525.nun.smt2,iProver,False,1200,2400
UFDT/20170428-Barrett/rec-fun-ijcar2016/wo/isa_nun_bench_v4_noenc/nunchaku1939619.nun.smt2,iProver,False,1200,2400
UFDT/20170428-Barrett/cdt-cade2015/data/afp/huffman/x2015_09_10_16_48_22_887_1108925.smt_in.smt2,cvc5,True,372.5491786869243,372.5491786869243
UFDT/20170428-Barrett/cdt-cade2015/data/distro/rbt_impl/x2015_09_10_16_52_17_705_1186295.smt_in.smt2,cvc5,True,0.3241653679870069,0.3241653679870069
UFDT/20201221-induction-by-reflection-schoisswohl/reflectiveAxioms/N+L+Pref+App-ax3.smt2,cvc5,True,0.22654127003625035,0.22654127003625035
UFDT/20170428-Barrett/cdt-cade2015/data/gandl/cotree/x2015_09_10_16_50_59_650_1095782.smt_in.smt2,cvc5,False,1200,2400
UFDT/20170428-Barrett/cdt-cade2015/data/afp/coinductive_list/x2015_09_10_16_49_41_792_1096289.smt_in.smt2,cvc5,True,0.28935115900821984,0.28935115900821984
UFDT/20170428-Barrett/cdt-cade2015/data/afp/llist2/x2015_09_10_16_53_20_860_1201063.smt_in.smt2,cvc5,True,0.3905990298371762,0.3905990298371762
UFDT/20170428-Barrett/cdt-cade2015/data/afp/tllist/x2015_09_10_16_59_09_865_1255801.smt_in.smt2,cvc5,False,1200,2400
UFDT/20170428-Barrett/rec-fun-ijcar2016/wo-wdf/isa_nun_bench_v4_enc/nunchaku3318744.nun.smt2,iProver,False,1200,2400
UFDT/20170428-Barrett/cdt-cade2015/data/distro/stream/x2015_09_10_16_47_12_241_1017778.smt_in.smt2,cvc5,True,0.30359694198705256,0.30359694198705256
UFDT/20170428-Barrett/cdt-cade2015/data/afp/coinductive_list/x2015_09_10_16_52_27_762_1236141.smt_in.smt2,cvc5,False,1200,2400
UFDT/20170428-Barrett/cdt-cade2015/data/afp/coinductive_list/x2015_09_10_17_06_27_753_2155290.smt_in.smt2,cvc5,False,1200,2400
UFDT/20170428-Barrett/cdt-cade2015/data/distro/parallel/x2015_09_10_16_56_43_876_1009870.smt_in.smt2,cvc5,False,1200,2400
UFDT/20170428-Barrett/cdt-cade2015/data/afp/llist2/x2015_09_10_16_52_18_271_1153736.smt_in.smt2,cvc5,False,1200,2400
UFDT/20170428-Barrett/cdt-cade2015/data/distro/rbt_impl/x2015_09_10_16_52_32_920_1212907.smt_in.smt2,cvc5,False,1200,2400
UFDT/20170428-Barrett/rec-fun-ijcar2016/wo/isa_nun_bench_v4_noenc/nunchaku2670086.nun.smt2,SMTInterpol,True,0.6481186189921573,0.6481186189921573
UFDT/20170428-Barrett/cdt-cade2015/data/distro/stream/x2015_09_10_16_46_43_734_981227.smt_in.smt2,cvc5,False,1200,2400
UFDT/20170428-Barrett/cdt-cade2015/data/afp/coinductive_stream/x2015_09_10_17_25_34_854_1257572.smt_in.smt2,cvc5,True,148.18163434113376,148.18163434113376
UFDT/20170428-Barrett/cdt-cade2015/data/afp/hamming_stream/x2015_09_10_16_48_14_364_1098571.smt_in.smt2,cvc5,False,1200,2400
UFDT/20170428-Barrett/cdt-cade2015/data/distro/stream/x2015_09_10_16_48_31_553_1101137.smt_in.smt2,cvc5,False,1200,2400
UFDT/20170428-Barrett/cdt-cade2015/data/distro/gram_lang/x2015_09_10_16_52_27_420_1367072.smt_in.smt2,cvc5,False,1200,2400
UFDT/20170428-Barrett/rec-fun-ijcar2016/wo-wdf/isa_nun_bench_v4_enc/nunchaku3361638.nun.smt2,iProver,False,1200,2400
UFDT/20170428-Barrett/cdt-cade2015/data/afp/coinductive_list/x2015_09_10_17_18_50_427_2851946.smt_in.smt2,cvc5,True,723.0933912408073,723.0933912408073
UFDT/20170428-Barrett/rec-fun-ijcar2016/wo-wdf/isa_nun_bench_v4_enc/nunchaku1826190.nun.smt2,iProver,False,1200,2400
UFDT/20170428-Barrett/rec-fun-ijcar2016/wo/isa_nun_bench_v4_noenc/nunchaku2164856.nun.smt2,SMTInterpol,False,1200,2400
UFDT/20170428-Barrett/cdt-cade2015/data/gandl/stern_brocot_tree/x2015_09_10_16_52_11_743_1099261.smt_in.smt2,iProver,False,1200,2400
UFDT/20170428-Barrett/cdt-cade2015/data/afp/tllist/x2015_09_10_16_57_18_669_1136738.smt_in.smt2,cvc5,False,1200,2400
UFDT/20170428-Barrett/rec-fun-ijcar2016/wo-wdf/isa_nun_bench_v4_enc/nunchaku2341643.nun.smt2,iProver,False,1200,2400
UFDT/20170428-Barrett/cdt-cade2015/data/afp/coinductive_list_prefix/x2015_09_10_16_47_36_043_1075826.smt_in.smt2,cvc5,False,1200,2400
UFDT/20170428-Barrett/rec-fun-ijcar2016/wo/isa_nun_bench_v4_noenc/nunchaku2148250.nun.smt2,SMTInterpol,True,0.4687222440261394,0.4687222440261394
UFDT/20170428-Barrett/rec-fun-ijcar2016/wo/isa_nun_bench_v4_noenc/nunchaku2476172.nun.smt2,SMTInterpol,False,1200,2400
UFDT/20170428-Barrett/cdt-cade2015/data/afp/coinductive_list/x2015_09_10_17_10_15_891_2461851.smt_in.smt2,cvc5,False,1200,2400
UFDT/20170428-Barrett/cdt-cade2015/data/afp/coinductive_list/x2015_09_10_16_51_43_795_1200249.smt_in.smt2,cvc5,False,1200,2400
UFDT/20170428-Barrett/cdt-cade2015/data/afp/tllist/x2015_09_10_16_57_33_639_1152818.smt_in.smt2,cvc5,True,0.3831173120997846,0.3831173120997846
UFDT/20170428-Barrett/cdt-cade2015/data/afp/tllist/x2015_09_10_16_57_40_818_1160163.smt_in.smt2,cvc5,True,30.282218551961705,30.282218551961705
UFDT/20170428-Barrett/cdt-cade2015/data/afp/coinductive_list/x2015_09_10_17_05_10_217_2048422.smt_in.smt2,cvc5,False,1200,2400
UFDT/20170428-Barrett/cdt-cade2015/data/afp/huffman/x2015_09_10_16_46_26_714_988623.smt_in.smt2,cvc5,False,1200,2400
UFDT/20170428-Barrett/cdt-cade2015/data/distro/parallel/x2015_09_10_16_56_40_155_1005584.smt_in.smt2,cvc5,True,0.7543125089723617,0.7543125089723617
UFDT/20170428-Barrett/cdt-cade2015/data/afp/huffman/x2015_09_10_16_48_07_129_1093121.smt_in.smt2,iProver,False,1200,2400
UFDT/20170428-Barrett/cdt-cade2015/data/distro/rbt_impl/x2015_09_10_16_55_49_110_1595160.smt_in.smt2,cvc5,False,1200,2400
UFDT/20170428-Barrett/cdt-cade2015/data/afp/coinductive_list/x2015_09_10_16_58_35_584_1566643.smt_in.smt2,cvc5,False,1200,2400
UFDT/20170428-Barrett/cdt-cade2015/data/afp/coinductive_list/x2015_09_10_16_56_58_331_1476034.smt_in.smt2,cvc5,True,0.28377668117173016,0.28377668117173016
UFDT/20170428-Barrett/cdt-cade2015/data/afp/coinductive_list/x2015_09_10_17_01_21_331_1740010.smt_in.smt2,cvc5,True,0.36506515508517623,0.36506515508517623
UFDT/20170428-Barrett/cdt-cade2015/data/afp/huffman/x2015_09_10_16_48_14_076_1100461.smt_in.smt2,cvc5,False,1200,2400
UFDT/20170428-Barrett/rec-fun-ijcar2016/wo-wdf/isa_nun_bench_v4_enc/nunchaku1790809.nun.smt2,cvc5,False,1200,2400
UFDT/20170428-Barrett/cdt-cade2015/data/distro/rbt_impl/x2015_09_10_16_59_51_572_1942754.smt_in.smt2,cvc5,False,1200,2400
UFDT/20170428-Barrett/cdt-cade2015/data/distro/rbt_impl/x2015_09_10_16_56_25_119_1671668.smt_in.smt2,cvc5,False,1200,2400
UFDT/20170428-Barrett/cdt-cade2015/data/afp/coinductive_stream/x2015_09_10_17_22_18_262_1082309.smt_in.smt2,cvc5,True,0.30939756706357,0.30939756706357
UFDT/20170428-Barrett/cdt-cade2015/data/afp/huffman/x2015_09_10_16_48_47_188_1138206.smt_in.smt2,cvc5,False,1200,2400
UFDT/20170428-Barrett/cdt-cade2015/data/afp/tllist/x2015_09_10_16_56_30_425_1088313.smt_in.smt2,cvc5,True,0.2973252709489316,0.2973252709489316
UFDT/20170428-Barrett/cdt-cade2015/data/distro/rbt_impl/x2015_09_10_16_57_08_011_1745319.smt_in.smt2,cvc5,False,1200,2400
UFDT/20170428-Barrett/cdt-cade2015/data/afp/coinductive_list/x2015_09_10_17_06_23_065_2148185.smt_in.smt2,cvc5,False,1200,2400
UFDT/20170428-Barrett/cdt-cade2015/data/afp/llist2/x2015_09_10_16_54_27_545_1241884.smt_in.smt2,cvc5,False,1200,2400
UFDT/20170428-Barrett/cdt-cade2015/data/afp/abstract_completeness/x2015_09_10_16_59_36_821_1042798.smt_in.smt2,cvc5,False,1200,2400
UFDT/20170428-Barrett/cdt-cade2015/data/afp/coinductive_stream/x2015_09_10_17_22_47_033_1108590.smt_in.smt2,cvc5,False,1200,2400
UFDT/20170428-Barrett/cdt-cade2015/data/afp/bindag/x2015_09_10_16_52_48_141_1014960.smt_in.smt2,cvc5,True,0.2592075769789517,0.2592075769789517
UFDT/20170428-Barrett/cdt-cade2015/data/distro/rbt_impl/x2015_09_10_16_55_32_914_1561799.smt_in.smt2,cvc5,True,0.4062565849162638,0.4062565849162638
UFDT/20170428-Barrett/cdt-cade2015/data/afp/coinductive_list/x2015_09_10_17_13_06_363_2668714.smt_in.smt2,cvc5,False,1200,2400
UFDT/20170428-Barrett/cdt-cade2015/data/distro/process/x2015_09_10_16_46_02_139_1005854.smt_in.smt2,cvc5,True,1.4939425140619278,1.4939425140619278
UFDT/20170428-Barrett/cdt-cade2015/data/distro/rbt_impl/x2015_09_10_16_54_41_984_1451140.smt_in.smt2,cvc5,False,1200,2400
UFDT/20170428-Barrett/cdt-cade2015/data/gandl/stern_brocot_tree/x2015_09_10_16_50_50_595_1030394.smt_in.smt2,cvc5,False,1200,2400
UFDT/20170428-Barrett/cdt-cade2015/data/distro/gram_lang/x2015_09_10_16_52_51_234_1391295.smt_in.smt2,cvc5,True,0.32133801304735243,0.32133801304735243
UFDT/20170428-Barrett/rec-fun-ijcar2016/wo-wdf/isa_nun_bench_v4_enc/nunchaku1853963.nun.smt2,iProver,False,1200,2400
UFDT/20170428-Barrett/cdt-cade2015/data/distro/rbt_impl/x2015_09_10_16_57_28_457_1765475.smt_in.smt2,cvc5,False,1200,2400
UFDT/20170428-Barrett/cdt-cade2015/data/afp/coinductive_stream/x2015_09_10_17_24_41_356_1212326.smt_in.smt2,cvc5,False,1200,2400
UFDT/20170428-Barrett/cdt-cade2015/data/distro/rbt_impl/x2015_09_10_16_50_30_290_1039224.smt_in.smt2,cvc5,True,0.3055278279352933,0.3055278279352933
UFDT/20170428-Barrett/cdt-cade2015/data/afp/coinductive_list/x2015_09_10_16_51_58_310_1211379.smt_in.smt2,cvc5,False,1200,2400
UFDT/20170428-Barrett/rec-fun-ijcar2016/wo/isa_nun_bench_v4_noenc/nunchaku2161300.nun.smt2,SMTInterpol,False,1200,2400
UFDT/20170428-Barrett/rec-fun-ijcar2016/wo/isa_nun_bench_v4_noenc/nunchaku2164850.nun.smt2,SMTInterpol,False,1200,2400
UFDT/20170428-Barrett/cdt-cade2015/data/afp/coinductive_stream/x2015_09_10_17_23_28_371_1148465.smt_in.smt2,cvc5,False,1200,2400
UFDT/20170428-Barrett/rec-fun-ijcar2016/wo/isa_nun_bench_v4_noenc/nunchaku2521120.nun.smt2,iProver,False,1200,2400
UFDT/20170428-Barrett/cdt-cade2015/data/afp/coinductive_list/x2015_09_10_17_05_27_312_2070081.smt_in.smt2,cvc5,False,1200,2400
UFDT/20170428-Barrett/rec-fun-ijcar2016/wo/isa_nun_bench_v4_noenc/nunchaku2521132.nun.smt2,iProver,False,1200,2400
UFDT/20170428-Barrett/cdt-cade2015/data/distro/stream/x2015_09_10_16_48_59_785_1135805.smt_in.smt2,cvc5,False,1200,2400
UFDT/20170428-Barrett/cdt-cade2015/data/afp/coinductive_list/x2015_09_10_17_06_00_127_2115963.smt_in.smt2,cvc5,False,1200,2400
UFDT/20170428-Barrett/cdt-cade2015/data/afp/llist2/x2015_09_10_16_57_44_142_1387602.smt_in.smt2,cvc5,False,1200,2400
UFDT/20170428-Barrett/cdt-cade2015/data/afp/coinductive_list/x2015_09_10_17_17_08_438_2790196.smt_in.smt2,cvc5,False,1200,2400
UFDT/20170428-Barrett/cdt-cade2015/data/afp/coinductive_list/x2015_09_10_17_07_33_967_2246036.smt_in.smt2,cvc5,False,1200,2400
UFDT/20170428-Barrett/cdt-cade2015/data/distro/rbt_impl/x2015_09_10_16_55_55_586_1608808.smt_in.smt2,cvc5,True,0.44287436618469656,0.44287436618469656
UFDT/20170428-Barrett/cdt-cade2015/data/distro/stream/x2015_09_10_16_47_15_592_1021929.smt_in.smt2,cvc5,True,555.321416293038,555.321416293038
UFDT/20170428-Barrett/cdt-cade2015/data/afp/coinductive_stream/x2015_09_10_17_23_30_003_1150144.smt_in.smt2,cvc5,False,1200,2400
UFDT/20170428-Barrett/cdt-cade2015/data/afp/coinductive_list/x2015_09_10_16_59_32_974_1618247.smt_in.smt2,cvc5,False,1200,2400
UFDT/20170428-Barrett/cdt-cade2015/data/afp/coinductive_list/x2015_09_10_17_20_12_966_2914166.smt_in.smt2,cvc5,True,0.3383699001278728,0.3383699001278728
UFDT/20170428-Barrett/cdt-cade2015/data/afp/coinductive_list/x2015_09_10_16_53_27_276_1289937.smt_in.smt2,cvc5,False,1200,2400
UFDT/20170428-Barrett/cdt-cade2015/data/afp/coinductive_list/x2015_09_10_17_08_08_452_2294293.smt_in.smt2,cvc5,False,1200,2400
UFDT/20170428-Barrett/cdt-cade2015/data/afp/llist2/x2015_09_10_16_58_18_192_1418619.smt_in.smt2,cvc5,False,1200,2400
UFDT/20170428-Barrett/cdt-cade2015/data/afp/abstract_completeness/x2015_09_10_17_00_54_519_1125631.smt_in.smt2,cvc5,True,0.40333271003328264,0.40333271003328264
UFDT/20170428-Barrett/cdt-cade2015/data/afp/coinductive_list/x2015_09_10_17_08_12_374_2299886.smt_in.smt2,cvc5,True,2.8822620019782335,2.8822620019782335
UFDT/20170428-Barrett/cdt-cade2015/data/afp/coinductive_list/x2015_09_10_17_00_51_125_1704771.smt_in.smt2,cvc5,False,1200,2400
UFDT/20170428-Barrett/cdt-cade2015/data/gandl/stern_brocot_tree/x2015_09_10_16_52_19_984_1106035.smt_in.smt2,iProver,False,1200,2400
UFDT/20170428-Barrett/rec-fun-ijcar2016/wo/isa_nun_bench_v4_noenc/nunchaku1818264.nun.smt2,iProver,False,1200,2400
UFDT/20170428-Barrett/cdt-cade2015/data/distro/rbt_impl/x2015_09_10_16_52_20_074_1190967.smt_in.smt2,cvc5,True,50.33657900802791,50.33657900802791
UFDT/20170428-Barrett/cdt-cade2015/data/afp/abstract_completeness/x2015_09_10_17_00_46_400_1116181.smt_in.smt2,cvc5,False,1200,2400
UFDT/20170428-Barrett/cdt-cade2015/data/afp/coinductive_list/x2015_09_10_17_11_41_378_2572873.smt_in.smt2,cvc5,True,545.7332410239615,545.7332410239615
UFDT/20170428-Barrett/cdt-cade2015/data/afp/lmirror/x2015_09_10_16_47_59_926_1084806.smt_in.smt2,cvc5,True,0.27570183598436415,0.27570183598436415
UFDT/20170428-Barrett/cdt-cade2015/data/distro/gram_lang/x2015_09_10_16_54_49_855_1497655.smt_in.smt2,cvc5,False,1200,2400
UFDT/20170428-Barrett/rec-fun-ijcar2016/wo/isa_nun_bench_v4_noenc/nunchaku2017008.nun.smt2,iProver,False,1200,2400
UFDT/20170428-Barrett/cdt-cade2015/data/distro/stream/x2015_09_10_16_49_07_683_1145236.smt_in.smt2,cvc5,False,1200,2400
UFDT/20170428-Barrett/cdt-cade2015/data/afp/huffman/x2015_09_10_16_46_19_427_978966.smt_in.smt2,cvc5,False,1200,2400
UFDT/20170428-Barrett/cdt-cade2015/data/afp/coinductive_list/x2015_09_10_17_01_44_819_1772474.smt_in.smt2,cvc5,False,1200,2400
UFDT/20170428-Barrett/cdt-cade2015/data/afp/coinductive_list/x2015_09_10_16_59_44_858_1629617.smt_in.smt2,cvc5,False,1200,2400
UFDT/20170428-Barrett/rec-fun-ijcar2016/wo/isa_nun_bench_v4_noenc/nunchaku1968836.nun.smt2,iProver,False,1200,2400
UFDT/20170428-Barrett/cdt-cade2015/data/distro/rbt_impl/x2015_09_10_16_58_35_463_1832568.smt_in.smt2,cvc5,False,1200,2400
UFDT/20170428-Barrett/cdt-cade2015/data/afp/huffman/x2015_09_10_16_48_48_193_1139535.smt_in.smt2,cvc5,False,1200,2400
UFDT/20170428-Barrett/cdt-cade2015/data/distro/gram_lang/x2015_09_10_16_46_38_017_1009817.smt_in.smt2,cvc5,True,0.2923032231628895,0.2923032231628895
UFDT/20170428-Barrett/cdt-cade2015/data/afp/coinductive_list/x2015_09_10_17_11_01_509_2518832.smt_in.smt2,cvc5,True,0.5656955859158188,0.5656955859158188
UFDT/20170428-Barrett/cdt-cade2015/data/distro/rbt_impl/x2015_09_10_16_59_12_776_1884727.smt_in.smt2,cvc5,False,1200,2400
UFDT/20170428-Barrett/cdt-cade2015/data/distro/gram_lang/x2015_09_10_16_47_55_019_1094454.smt_in.smt2,cvc5,False,1200,2400
UFDT/20170428-Barrett/rec-fun-ijcar2016/wo-wdf/isa_nun_bench_v4_enc/nunchaku1968818.nun.smt2,iProver,False,1200,2400
UFDT/20170428-Barrett/cdt-cade2015/data/afp/coinductive_list/x2015_09_10_17_05_32_637_2076751.smt_in.smt2,cvc5,False,1200,2400
UFDT/20170428-Barrett/cdt-cade2015/data/afp/coinductive_list/x2015_09_10_17_03_06_412_1880255.smt_in.smt2,cvc5,True,0.6126360390335321,0.6126360390335321
UFDT/20170428-Barrett/cdt-cade2015/data/afp/coinductive_list/x2015_09_10_17_01_42_696_1769018.smt_in.smt2,cvc5,False,1200,2400
UFDT/20170428-Barrett/cdt-cade2015/data/afp/coinductive_list/x2015_09_10_17_09_10_310_2376724.smt_in.smt2,cvc5,True,0.3665486320387572,0.3665486320387572
UFDT/20201221-induction-by-reflection-schoisswohl/inductive/addMonoton-0.smt2,iProver,False,1200,2400
UFDT/20170428-Barrett/cdt-cade2015/data/afp/coinductive_list/x2015_09_10_16_55_16_096_1393024.smt_in.smt2,cvc5,True,0.3005610432010144,0.3005610432010144
UFDT/20170428-Barrett/cdt-cade2015/data/afp/koenigslemma/x2015_09_10_16_54_44_404_1179486.smt_in.smt2,cvc5,True,0.3191717879381031,0.3191717879381031
UFDT/20170428-Barrett/cdt-cade2015/data/afp/coinductive_list/x2015_09_10_17_02_51_837_1860891.smt_in.smt2,cvc5,False,1200,2400
UFDT/20170428-Barrett/cdt-cade2015/data/afp/huffman/x2015_09_10_16_48_16_553_1102889.smt_in.smt2,cvc5,False,1200,2400
UFDT/20170428-Barrett/rec-fun-ijcar2016/wo-wdf/isa_nun_bench_v4_enc/nunchaku2164862.nun.smt2,iProver,False,1200,2400
UFDT/20170428-Barrett/rec-fun-ijcar2016/wo/isa_nun_bench_v4_noenc/nunchaku2144183.nun.smt2,SMTInterpol,True,0.4361736770370044,0.4361736770370044
UFDT/20170428-Barrett/cdt-cade2015/data/afp/coinductive_list/x2015_09_10_17_10_02_872_2444676.smt_in.smt2,cvc5,False,1200,2400
UFDT/20170428-Barrett/cdt-cade2015/data/afp/coinductive_list/x2015_09_10_17_12_03_470_2601671.smt_in.smt2,cvc5,False,1200,2400
UFDT/20170428-Barrett/cdt-cade2015/data/afp/coinductive_list/x2015_09_10_17_02_13_890_1811661.smt_in.smt2,cvc5,False,1200,2400
UFDT/20170428-Barrett/rec-fun-ijcar2016/wo-wdf/isa_nun_bench_v4_enc/nunchaku2674480.nun.smt2,iProver,False,1200,2400
UFDT/20170428-Barrett/cdt-cade2015/data/afp/abstract_completeness/x2015_09_10_16_59_51_874_1059361.smt_in.smt2,cvc5,False,1200,2400
UFDT/20170428-Barrett/cdt-cade2015/data/distro/rbt_impl/x2015_09_10_16_54_40_388_1448058.smt_in.smt2,cvc5,False,1200,2400
UFDT/20170428-Barrett/cdt-cade2015/data/distro/gram_lang/x2015_09_10_16_54_46_764_1495036.smt_in.smt2,cvc5,True,30.526043188059703,30.526043188059703
UFDT/20170428-Barrett/cdt-cade2015/data/afp/coinductive_list/x2015_09_10_17_19_54_004_2899941.smt_in.smt2,cvc5,False,1200,2400
UFDT/20170428-Barrett/cdt-cade2015/data/afp/koenigslemma/x2015_09_10_16_53_49_465_1145510.smt_in.smt2,cvc5,False,1200,2400
UFDT/20170428-Barrett/rec-fun-ijcar2016/wo-wdf/isa_nun_bench_v4_enc/nunchaku2074661.nun.smt2,cvc5,True,30.3463520151563,30.3463520151563
UFDT/20170428-Barrett/cdt-cade2015/data/afp/coinductive_list/x2015_09_10_17_04_43_620_2013691.smt_in.smt2,cvc5,True,0.2813231030013412,0.2813231030013412
UFDT/20170428-Barrett/cdt-cade2015/data/afp/tllist/x2015_09_10_16_56_07_166_1065973.smt_in.smt2,cvc5,False,1200,2400
UFDT/20170428-Barrett/rec-fun-ijcar2016/wo-wdf/isa_nun_bench_v4_enc/nunchaku2112603.nun.smt2,SMTInterpol,False,1200,2400
UFDT/20170428-Barrett/cdt-cade2015/data/afp/coinductive_list/x2015_09_10_16_54_46_163_1365687.smt_in.smt2,cvc5,True,24.05343739897944,24.05343739897944
UFDT/20170428-Barrett/cdt-cade2015/data/afp/coinductive_list/x2015_09_10_17_00_53_198_1707260.smt_in.smt2,cvc5,False,1200,2400
UFDT/20170428-Barrett/cdt-cade2015/data/gandl/bird_tree/x2015_09_10_16_54_47_187_1030133.smt_in.smt2,cvc5,True,18.523997435811907,18.523997435811907
UFDT/20170428-Barrett/cdt-cade2015/data/afp/coinductive_list/x2015_09_10_17_00_35_032_1685300.smt_in.smt2,cvc5,True,0.3656935670878738,0.3656935670878738
UFDT/20170428-Barrett/cdt-cade2015/data/distro/rbt_impl/x2015_09_10_16_59_53_315_1945642.smt_in.smt2,cvc5,False,1200,2400
UFDT/20170428-Barrett/cdt-cade2015/data/afp/coinductive_list/x2015_09_10_17_14_13_560_2696666.smt_in.smt2,cvc5,False,1200,2400
UFDT/20201221-induction-by-reflection-schoisswohl/inductive/allEqDefsEquality.smt2,iProver,False,1200,2400
UFDT/20170428-Barrett/cdt-cade2015/data/distro/rbt_impl/x2015_09_10_16_56_20_921_1661453.smt_in.smt2,cvc5,False,1200,2400
UFDT/20170428-Barrett/cdt-cade2015/data/distro/rbt_impl/x2015_09_10_16_52_47_811_1240923.smt_in.smt2,cvc5,True,606.1998722339049,606.1998722339049
UFDT/20170428-Barrett/rec-fun-ijcar2016/wo-wdf/isa_nun_bench_v4_enc/nunchaku2164874.nun.smt2,iProver,False,1200,2400
UFDT/20170428-Barrett/cdt-cade2015/data/afp/tllist/x2015_09_10_16_56_41_551_1098429.smt_in.smt2,cvc5,False,1200,2400
UFDT/20170428-Barrett/cdt-cade2015/data/afp/coinductive_list/x2015_09_10_17_05_34_712_2079494.smt_in.smt2,cvc5,False,1200,2400
UFDT/20170428-Barrett/cdt-cade2015/data/afp/splay_tree_analysis/x2015_09_10_16_57_26_856_1126176.smt_in.smt2,cvc5,True,30.38027988281101,30.38027988281101
UFDT/20170428-Barrett/cdt-cade2015/data/afp/coinductive_list/x2015_09_10_17_16_40_993_2774883.smt_in.smt2,cvc5,False,1200,2400
UFDT/20201221-induction-by-reflection-schoisswohl/inductive/zeroMin.smt2,SMTInterpol,False,1200,2400
UFDT/20170428-Barrett/cdt-cade2015/data/afp/huffman/x2015_09_10_16_50_34_053_1258476.smt_in.smt2,cvc5,True,0.32658233284018934,0.32658233284018934
UFDT/20170428-Barrett/cdt-cade2015/data/afp/coinductive_list/x2015_09_10_17_08_19_850_2309724.smt_in.smt2,cvc5,True,0.43276221584528685,0.43276221584528685
UFDT/20170428-Barrett/cdt-cade2015/data/afp/coinductive_stream/x2015_09_10_17_23_40_025_1159749.smt_in.smt2,cvc5,False,1200,2400
UFDT/20170428-Barrett/cdt-cade2015/data/afp/huffman/x2015_09_10_16_51_04_264_1288669.smt_in.smt2,cvc5,True,0.29977097595110536,0.29977097595110536
UFDT/20170428-Barrett/cdt-cade2015/data/afp/coinductive_list_prefix/x2015_09_10_16_47_29_559_1071905.smt_in.smt2,cvc5,True,0.35021654004231095,0.35021654004231095
UFDT/20170428-Barrett/cdt-cade2015/data/afp/coinductive_list/x2015_09_10_17_17_37_894_2805936.smt_in.smt2,cvc5,False,1200,2400
UFDT/20170428-Barrett/cdt-cade2015/data/distro/rbt_impl/x2015_09_10_16_51_59_228_1160276.smt_in.smt2,cvc5,True,0.37776679592207074,0.37776679592207074
UFDT/20170428-Barrett/cdt-cade2015/data/afp/coinductive_list/x2015_09_10_17_03_13_484_1890219.smt_in.smt2,cvc5,False,1200,2400
UFDT/20170428-Barrett/rec-fun-ijcar2016/wo/isa_nun_bench_v4_noenc/nunchaku1770779.nun.smt2,iProver,False,1200,2400
UFDT/20170428-Barrett/rec-fun-ijcar2016/wo/isa_nun_bench_v4_noenc/nunchaku2262809.nun.smt2,SMTInterpol,True,0.4420379900257103,0.4420379900257103
UFDT/20170428-Barrett/cdt-cade2015/data/afp/coinductive_list/x2015_09_10_17_00_55_254_1709896.smt_in.smt2,cvc5,False,1200,2400
UFDT/20170428-Barrett/cdt-cade2015/data/afp/hamming_stream/x2015_09_10_16_48_42_150_1119843.smt_in.smt2,cvc5,False,1200,2400
UFDT/20170428-Barrett/cdt-cade2015/data/gandl/cotree/x2015_09_10_16_49_59_979_1018813.smt_in.smt2,iProver,True,31.441533008000988,31.441533008000988
UFDT/20170428-Barrett/cdt-cade2015/data/afp/coinductive_list/x2015_09_10_17_06_30_592_2159700.smt_in.smt2,cvc5,False,1200,2400
UFDT/20170428-Barrett/cdt-cade2015/data/afp/tllist/x2015_09_10_16_58_53_201_1236601.smt_in.smt2,cvc5,False,1200,2400
UFDT/20170428-Barrett/rec-fun-ijcar2016/wo/isa_nun_bench_v4_noenc/nunchaku2129743.nun.smt2,SMTInterpol,False,1200,2400
UFDT/20170428-Barrett/rec-fun-ijcar2016/wo/isa_nun_bench_v4_noenc/nunchaku10185641.nun.smt2,iProver,False,1200,2400
UFDT/20170428-Barrett/cdt-cade2015/data/distro/parallel/x2015_09_10_16_56_55_419_1024745.smt_in.smt2,cvc5,False,1200,2400
UFDT/20170428-Barrett/cdt-cade2015/data/distro/rbt_impl/x2015_09_10_16_54_17_213_1414367.smt_in.smt2,cvc5,False,1200,2400
UFDT/20170428-Barrett/rec-fun-ijcar2016/wo/isa_nun_bench_v4_noenc/nunchaku2314363.nun.smt2,iProver,False,1200,2400
UFDT/20170428-Barrett/cdt-cade2015/data/afp/coinductive_list/x2015_09_10_16_59_08_306_1594995.smt_in.smt2,cvc5,False,1200,2400
UFDT/20170428-Barrett/cdt-cade2015/data/distro/rbt_impl/x2015_09_10_16_59_37_221_1926745.smt_in.smt2,cvc5,False,1200,2400
UFDT/20170428-Barrett/cdt-cade2015/data/afp/abstract_completeness/x2015_09_10_16_59_58_347_1064821.smt_in.smt2,cvc5,False,1200,2400
UFDT/20170428-Barrett/cdt-cade2015/data/distro/rbt_impl/x2015_09_10_16_53_08_685_1278373.smt_in.smt2,cvc5,False,1200,2400
UFDT/20170428-Barrett/cdt-cade2015/data/afp/coinductive_list/x2015_09_10_17_04_59_011_2033102.smt_in.smt2,cvc5,True,0.32532395888119936,0.32532395888119936
UFDT/20170428-Barrett/cdt-cade2015/data/afp/coinductive_list/x2015_09_10_17_02_44_169_1850576.smt_in.smt2,cvc5,True,561.7541250041686,561.7541250041686
UFDT/20170428-Barrett/cdt-cade2015/data/afp/abstract_completeness/x2015_09_10_16_59_57_015_1063779.smt_in.smt2,cvc5,False,1200,2400
UFDT/20170428-Barrett/rec-fun-ijcar2016/wo/isa_nun_bench_v4_noenc/nunchaku2164874.nun.smt2,SMTInterpol,False,1200,2400
UFDT/20170428-Barrett/cdt-cade2015/data/afp/llist2/x2015_09_10_16_57_31_221_1376139.smt_in.smt2,cvc5,False,1200,2400
UFDT/20170428-Barrett/cdt-cade2015/data/distro/gram_lang/x2015_09_10_16_54_56_744_1504125.smt_in.smt2,cvc5,False,1200,2400
UFDT/20170428-Barrett/rec-fun-ijcar2016/wo-wdf/isa_nun_bench_v4_enc/nunchaku1853975.nun.smt2,iProver,False,1200,2400
UFDT/20170428-Barrett/cdt-cade2015/data/afp/coinductive_list/x2015_09_10_16_51_49_909_1205576.smt_in.smt2,cvc5,False,1200,2400
UFDT/20170428-Barrett/cdt-cade2015/data/afp/tllist/x2015_09_10_17_00_19_086_1341407.smt_in.smt2,cvc5,False,1200,2400
UFDT/20170428-Barrett/cdt-cade2015/data/afp/hamming_stream/x2015_09_10_16_48_21_699_1104210.smt_in.smt2,cvc5,False,1200,2400
UFDT/20170428-Barrett/cdt-cade2015/data/afp/coinductive_list/x2015_09_10_17_06_37_787_2170881.smt_in.smt2,cvc5,False,1200,2400
UFDT/20170428-Barrett/cdt-cade2015/data/afp/coinductive_list_prefix/x2015_09_10_16_47_37_931_1077041.smt_in.smt2,cvc5,False,1200,2400
UFDT/20170428-Barrett/rec-fun-ijcar2016/wo-wdf/isa_nun_bench_v4_enc/nunchaku3040601.nun.smt2,cvc5,True,0.22940052417106926,0.22940052417106926
UFDT/20170428-Barrett/cdt-cade2015/data/afp/coinductive_list/x2015_09_10_17_07_08_362_2213133.smt_in.smt2,cvc5,False,1200,2400
UFDT/20170428-Barrett/cdt-cade2015/data/afp/coinductive_list/x2015_09_10_16_51_07_732_1167156.smt_in.smt2,cvc5,False,1200,2400
UFDT/20170428-Barrett/cdt-cade2015/data/distro/rbt_impl/x2015_09_10_16_57_10_373_1747426.smt_in.smt2,cvc5,False,1200,2400
UFDT/20170428-Barrett/cdt-cade2015/data/afp/llist2/x2015_09_10_16_52_51_825_1178012.smt_in.smt2,cvc5,True,0.3423238890245557,0.3423238890245557
UFDT/20170428-Barrett/cdt-cade2015/data/afp/hamming_stream/x2015_09_10_16_47_51_732_1080568.smt_in.smt2,cvc5,False,1200,2400
UFDT/20170428-Barrett/cdt-cade2015/data/afp/sorted_list_operations/x2015_09_10_16_47_12_751_1037226.smt_in.smt2,cvc5,False,1200,2400
UFDT/20170428-Barrett/cdt-cade2015/data/afp/llist2/x2015_09_10_16_58_48_789_1447810.smt_in.smt2,cvc5,True,0.32958316802978516,0.32958316802978516
UFDT/20170428-Barrett/cdt-cade2015/data/afp/huffman/x2015_09_10_16_51_05_392_1289907.smt_in.smt2,cvc5,True,0.6083317978773266,0.6083317978773266
UFDT/20170428-Barrett/rec-fun-ijcar2016/wo/isa_nun_bench_v4_noenc/nunchaku1826208.nun.smt2,SMTInterpol,True,0.4220409209956415,0.4220409209956415
UFDT/20170428-Barrett/rec-fun-ijcar2016/wo-wdf/isa_nun_bench_v4_enc/nunchaku3400945.nun.smt2,iProver,False,1200,2400
UFDT/20170428-Barrett/cdt-cade2015/data/distro/rbt_impl/x2015_09_10_16_51_27_307_1116367.smt_in.smt2,iProver,False,1200,2400
UFDT/20170428-Barrett/cdt-cade2015/data/afp/tllist/x2015_09_10_17_00_25_013_1348012.smt_in.smt2,cvc5,False,1200,2400
UFDT/20170428-Barrett/cdt-cade2015/data/afp/koenigslemma/x2015_09_10_16_53_54_684_1149263.smt_in.smt2,cvc5,True,30.470265766140074,30.470265766140074
UFDT/20170428-Barrett/cdt-cade2015/data/afp/coinductive_list/x2015_09_10_16_56_06_097_1434740.smt_in.smt2,iProver,False,1200,2400
UFDT/20170428-Barrett/cdt-cade2015/data/afp/huffman/x2015_09_10_16_46_17_382_976045.smt_in.smt2,cvc5,False,1200,2400
UFDT/20170428-Barrett/cdt-cade2015/data/distro/gram_lang/x2015_09_10_16_50_03_472_1230858.smt_in.smt2,cvc5,True,0.29900600179098547,0.29900600179098547
UFDT/20170428-Barrett/rec-fun-ijcar2016/wo-wdf/isa_nun_bench_v4_enc/nunchaku1939625.nun.smt2,cvc5,False,1200,2400
UFDT/20170428-Barrett/cdt-cade2015/data/distro/gram_lang/x2015_09_10_16_51_38_140_1314156.smt_in.smt2,cvc5,True,0.35541629302315414,0.35541629302315414
UFDT/20170428-Barrett/cdt-cade2015/data/afp/coinductive_list/x2015_09_10_16_53_43_436_1305585.smt_in.smt2,cvc5,False,1200,2400
UFDT/20170428-Barrett/cdt-cade2015/data/afp/huffman/x2015_09_10_16_51_12_175_1297048.smt_in.smt2,cvc5,True,0.24399448418989778,0.24399448418989778
UFDT/20170428-Barrett/rec-fun-ijcar2016/wo-wdf/isa_nun_bench_v4_enc/nunchaku3078238.nun.smt2,iProver,False,1200,2400
UFDT/20170428-Barrett/cdt-cade2015/data/afp/coinductive_stream/x2015_09_10_17_24_21_581_1195722.smt_in.smt2,cvc5,True,30.3372467700392,30.3372467700392
UFDT/20170428-Barrett/cdt-cade2015/data/afp/tllist/x2015_09_10_16_57_04_434_1122356.smt_in.smt2,cvc5,False,1200,2400
UFDT/20170428-Barrett/rec-fun-ijcar2016/wo-wdf/isa_nun_bench_v4_enc/nunchaku1968842.nun.smt2,iProver,False,1200,2400
UFDT/20170428-Barrett/cdt-cade2015/data/afp/coinductive_list/x2015_09_10_17_03_50_034_1938068.smt_in.smt2,cvc5,False,1200,2400
UFDT/20170428-Barrett/cdt-cade2015/data/afp/huffman/x2015_09_10_16_47_13_685_1037711.smt_in.smt2,cvc5,False,1200,2400
UFDT/20170428-Barrett/cdt-cade2015/data/afp/llist2/x2015_09_10_16_55_58_506_1304588.smt_in.smt2,cvc5,False,1200,2400
UFDT/20170428-Barrett/cdt-cade2015/data/afp/sorted_list_operations/x2015_09_10_16_47_39_860_1065944.smt_in.smt2,cvc5,False,1200,2400
UFDT/20170428-Barrett/cdt-cade2015/data/afp/sorted_list_operations/x2015_09_10_16_47_43_878_1069886.smt_in.smt2,cvc5,False,1200,2400
UFDT/20170428-Barrett/cdt-cade2015/data/afp/coinductive_stream/x2015_09_10_17_24_12_642_1188625.smt_in.smt2,cvc5,True,88.53561910195276,88.53561910195276
UFDT/20170428-Barrett/cdt-cade2015/data/afp/coinductive_list/x2015_09_10_17_18_23_333_2835146.smt_in.smt2,cvc5,True,541.7136290471535,541.7136290471535
UFDT/20170428-Barrett/cdt-cade2015/data/afp/huffman/x2015_09_10_16_49_48_147_1208818.smt_in.smt2,cvc5,True,0.2870959818828851,0.2870959818828851
UFDT/20170428-Barrett/cdt-cade2015/data/gandl/bird_tree/x2015_09_10_16_54_57_967_1041087.smt_in.smt2,cvc5,False,1200,2400
UFDT/20170428-Barrett/cdt-cade2015/data/distro/rbt_impl/x2015_09_10_16_50_57_130_1069781.smt_in.smt2,cvc5,False,1200,2400
UFDT/20170428-Barrett/rec-fun-ijcar2016/wo-wdf/isa_nun_bench_v4_enc/nunchaku2553423.nun.smt2,iProver,False,1200,2400
UFDT/20170428-Barrett/cdt-cade2015/data/afp/abstract_completeness/x2015_09_10_16_59_39_090_1045351.smt_in.smt2,cvc5,True,0.34055326180532575,0.34055326180532575
UFDT/20170428-Barrett/rec-fun-ijcar2016/wo-wdf/isa_nun_bench_v4_enc/nunchaku1861808.nun.smt2,iProver,False,1200,2400
UFDT/20170428-Barrett/cdt-cade2015/data/distro/rbt_impl/x2015_09_10_16_51_08_436_1084052.smt_in.smt2,cvc5,True,80.99392302287742,80.99392302287742
UFDT/20170428-Barrett/cdt-cade2015/data/afp/coinductive_list/x2015_09_10_17_00_44_593_1697199.smt_in.smt2,cvc5,False,1200,2400
UFDT/20170428-Barrett/cdt-cade2015/data/afp/coinductive_list/x2015_09_10_17_03_55_897_1947084.smt_in.smt2,cvc5,False,1200,2400
UFDT/20170428-Barrett/rec-fun-ijcar2016/wo-wdf/isa_nun_bench_v4_enc/nunchaku2090229.nun.smt2,SMTInterpol,False,1200,2400
UFDT/20170428-Barrett/cdt-cade2015/data/afp/coinductive_list/x2015_09_10_17_00_32_888_1682303.smt_in.smt2,cvc5,False,1200,2400
UFDT/20170428-Barrett/cdt-cade2015/data/afp/llist2/x2015_09_10_16_50_06_118_1059960.smt_in.smt2,cvc5,False,1200,2400
UFDT/20170428-Barrett/rec-fun-ijcar2016/wo-wdf/isa_nun_bench_v4_enc/nunchaku2181324.nun.smt2,cvc5,True,0.22341703809797764,0.22341703809797764
UFDT/20170428-Barrett/cdt-cade2015/data/gandl/bird_tree/x2015_09_10_16_54_41_515_1022759.smt_in.smt2,iProver,False,1200,2400
UFDT/20170428-Barrett/cdt-cade2015/data/afp/coinductive_list/x2015_09_10_16_57_34_397_1511229.smt_in.smt2,cvc5,False,1200,2400
UFDT/20170428-Barrett/rec-fun-ijcar2016/wo/isa_nun_bench_v4_noenc/nunchaku2074643.nun.smt2,SMTInterpol,False,1200,2400
UFDT/20170428-Barrett/rec-fun-ijcar2016/wo/isa_nun_bench_v4_noenc/nunchaku1979332.nun.smt2,iProver,False,1200,2400
UFDT/20170428-Barrett/cdt-cade2015/data/distro/stream_processor/x2015_09_10_16_46_10_240_1024216.smt_in.smt2,cvc5,True,540.9840709550772,540.9840709550772
UFDT/20170428-Barrett/cdt-cade2015/data/afp/tllist/x2015_09_10_16_58_48_638_1231450.smt_in.smt2,cvc5,False,1200,2400
UFDT/20170428-Barrett/rec-fun-ijcar2016/wo-wdf/isa_nun_bench_v4_enc/nunchaku2189483.nun.smt2,SMTInterpol,True,0.6074994299560785,0.6074994299560785
UFDT/20170428-Barrett/cdt-cade2015/data/distro/stream_processor/x2015_09_10_16_45_56_187_1002480.smt_in.smt2,cvc5,False,1200,2400
UFDT/20170428-Barrett/rec-fun-ijcar2016/wo-wdf/isa_nun_bench_v4_enc/nunchaku2161324.nun.smt2,iProver,False,1200,2400
UFDT/20170428-Barrett/cdt-cade2015/data/distro/stream/x2015_09_10_16_46_42_575_979618.smt_in.smt2,cvc5,True,0.3102980200201273,0.3102980200201273
UFDT/20170428-Barrett/cdt-cade2015/data/afp/coinductive_list/x2015_09_10_16_56_26_426_1451213.smt_in.smt2,cvc5,False,1200,2400
UFDT/20170428-Barrett/cdt-cade2015/data/afp/huffman/x2015_09_10_16_50_28_337_1251891.smt_in.smt2,cvc5,True,0.3429749191273004,0.3429749191273004
UFDT/20170428-Barrett/cdt-cade2015/data/distro/parallel/x2015_09_10_16_56_47_419_1014234.smt_in.smt2,cvc5,False,1200,2400
UFDT/20170428-Barrett/cdt-cade2015/data/afp/coinductive_list/x2015_09_10_16_50_59_753_1159941.smt_in.smt2,cvc5,True,0.36539611406624317,0.36539611406624317
UFDT/20170428-Barrett/cdt-cade2015/data/afp/coinductive_stream/x2015_09_10_17_23_02_368_1123270.smt_in.smt2,cvc5,False,1200,2400
UFDT/20170428-Barrett/cdt-cade2015/data/afp/coinductive_list/x2015_09_10_17_16_55_472_2782258.smt_in.smt2,cvc5,False,1200,2400
UFDT/20170428-Barrett/cdt-cade2015/data/afp/abstract_completeness/x2015_09_10_17_00_55_661_1127053.smt_in.smt2,cvc5,False,1200,2400
UFDT/20170428-Barrett/cdt-cade2015/data/afp/huffman/x2015_09_10_16_50_55_152_1281233.smt_in.smt2,cvc5,True,0.24434409802779555,0.24434409802779555
UFDT/20170428-Barrett/cdt-cade2015/data/afp/llist2/x2015_09_10_16_52_32_330_1164148.smt_in.smt2,cvc5,False,1200,2400
UFDT/20170428-Barrett/cdt-cade2015/data/distro/gram_lang/x2015_09_10_16_53_02_307_1401889.smt_in.smt2,cvc5,True,0.3045104679185897,0.3045104679185897
UFDT/20170428-Barrett/cdt-cade2015/data/afp/coinductive_list/x2015_09_10_16_56_34_673_1457384.smt_in.smt2,cvc5,True,0.4206053561065346,0.4206053561065346
UFDT/20170428-Barrett/cdt-cade2015/data/afp/tllist/x2015_09_10_16_58_25_071_1205973.smt_in.smt2,cvc5,True,0.3122504760976881,0.3122504760976881
UFDT/20170428-Barrett/cdt-cade2015/data/afp/coinductive_list/x2015_09_10_16_53_11_890_1275859.smt_in.smt2,cvc5,True,1.8634719769470394,1.8634719769470394
UFDT/20170428-Barrett/cdt-cade2015/data/distro/gram_lang/x2015_09_10_16_55_45_888_1558501.smt_in.smt2,cvc5,False,1200,2400
UFDT/20170428-Barrett/cdt-cade2015/data/afp/tllist/x2015_09_10_16_56_46_409_1103280.smt_in.smt2,cvc5,True,0.3320183090399951,0.3320183090399951
UFDT/20170428-Barrett/cdt-cade2015/data/distro/gram_lang/x2015_09_10_16_48_25_187_1125625.smt_in.smt2,cvc5,False,1200,2400
UFDT/20170428-Barrett/cdt-cade2015/data/afp/tllist/x2015_09_10_16_58_45_977_1228514.smt_in.smt2,cvc5,True,0.36004642583429813,0.36004642583429813
UFDT/20170428-Barrett/rec-fun-ijcar2016/wo/isa_nun_bench_v4_noenc/nunchaku2154194.nun.smt2,SMTInterpol,True,0.4199200109578669,0.4199200109578669
UFDT/20170428-Barrett/cdt-cade2015/data/distro/stream/x2015_09_10_16_47_14_489_1020392.smt_in.smt2,cvc5,False,1200,2400
UFDT/20170428-Barrett/cdt-cade2015/data/gandl/bird_tree/x2015_09_10_16_54_54_804_1037844.smt_in.smt2,cvc5,True,30.35757147008553,30.35757147008553
UFDT/20170428-Barrett/cdt-cade2015/data/afp/coinductive_list/x2015_09_10_17_10_18_435_2464804.smt_in.smt2,cvc5,False,1200,2400
UFDT/20170428-Barrett/cdt-cade2015/data/afp/llist2/x2015_09_10_16_57_37_174_1381263.smt_in.smt2,cvc5,False,1200,2400
UFDT/20170428-Barrett/cdt-cade2015/data/afp/sorted_list_operations/x2015_09_10_16_47_49_549_1075143.smt_in.smt2,cvc5,True,14.189925912069157,14.189925912069157
UFDT/20170428-Barrett/cdt-cade2015/data/distro/stream_processor/x2015_09_10_16_45_48_954_990991.smt_in.smt2,cvc5,False,1200,2400
UFDT/20170428-Barrett/cdt-cade2015/data/distro/stream/x2015_09_10_16_46_41_390_978221.smt_in.smt2,cvc5,False,1200,2400
UFDT/20170428-Barrett/cdt-cade2015/data/distro/gram_lang/x2015_09_10_16_52_24_345_1364343.smt_in.smt2,cvc5,True,0.2802938651293516,0.2802938651293516
UFDT/20170428-Barrett/rec-fun-ijcar2016/wo-wdf/isa_nun_bench_v4_enc/nunchaku1910211.nun.smt2,iProver,False,1200,2400
UFDT/20170428-Barrett/cdt-cade2015/data/distro/rbt_impl/x2015_09_10_16_50_44_476_1055818.smt_in.smt2,cvc5,True,0.31459278520196676,0.31459278520196676
UFDT/20201221-induction-by-reflection-schoisswohl/inductive/addNeutral-0.smt2,SMTInterpol,False,1200,2400
UFDT/20170428-Barrett/cdt-cade2015/data/distro/stream/x2015_09_10_16_46_58_085_1000564.smt_in.smt2,cvc5,False,1200,2400
UFDT/20170428-Barrett/cdt-cade2015/data/afp/huffman/x2015_09_10_16_51_32_969_1321523.smt_in.smt2,cvc5,False,1200,2400
UFDT/20170428-Barrett/cdt-cade2015/data/afp/huffman/x2015_09_10_16_50_45_440_1270801.smt_in.smt2,cvc5,False,1200,2400
UFDT/20170428-Barrett/rec-fun-ijcar2016/wo-wdf/isa_nun_bench_v4_enc/nunchaku2463341.nun.smt2,iProver,False,1200,2400
UFDT/20170428-Barrett/cdt-cade2015/data/afp/coinductive_list/x2015_09_10_16_48_47_449_1045055.smt_in.smt2,cvc5,False,1200,2400
UFDT/20170428-Barrett/cdt-cade2015/data/afp/coinductive_stream/x2015_09_10_17_24_38_065_1210148.smt_in.smt2,cvc5,True,9.301313626114279,9.301313626114279
UFDT/20170428-Barrett/rec-fun-ijcar2016/wo/isa_nun_bench_v4_noenc/nunchaku1968824.nun.smt2,cvc5,False,1200,2400
UFDT/20170428-Barrett/cdt-cade2015/data/afp/coinductive_list/x2015_09_10_16_51_59_804_1212757.smt_in.smt2,cvc5,False,1200,2400
UFDT/20201221-induction-by-reflection-schoisswohl/reflectiveConjecture/appendGround-0.smt2,cvc5,True,0.24205271992832422,0.24205271992832422
UFDT/20170428-Barrett/cdt-cade2015/data/afp/coinductive_list/x2015_09_10_17_11_27_709_2552723.smt_in.smt2,cvc5,True,0.2761608608998358,0.2761608608998358
UFDT/20170428-Barrett/cdt-cade2015/data/afp/coinductive_list/x2015_09_10_16_59_41_378_1626083.smt_in.smt2,cvc5,False,1200,2400
UFDT/20170428-Barrett/rec-fun-ijcar2016/wo-wdf/isa_nun_bench_v4_enc/nunchaku2016990.nun.smt2,iProver,False,1200,2400
UFDT/20170428-Barrett/cdt-cade2015/data/afp/llist2/x2015_09_10_16_51_19_008_1108991.smt_in.smt2,cvc5,True,0.33157806494273245,0.33157806494273245
UFDT/20170428-Barrett/cdt-cade2015/data/afp/coinductive_list/x2015_09_10_17_04_09_011_1965752.smt_in.smt2,cvc5,False,1200,2400
UFDT/20170428-Barrett/rec-fun-ijcar2016/wo/isa_nun_bench_v4_noenc/nunchaku2521126.nun.smt2,iProver,False,1200,2400
UFDT/20170428-Barrett/cdt-cade2015/data/afp/coinductive_list_prefix/x2015_09_10_16_47_31_312_1073293.smt_in.smt2,cvc5,True,0.3114693290553987,0.3114693290553987
UFDT/20170428-Barrett/cdt-cade2015/data/afp/abstract_completeness/x2015_09_10_17_00_38_872_1107446.smt_in.smt2,cvc5,False,1200,2400
UFDT/20170428-Barrett/cdt-cade2015/data/distro/gram_lang/x2015_09_10_16_48_49_346_1153756.smt_in.smt2,cvc5,False,1200,2400
UFDT/20170428-Barrett/cdt-cade2015/data/afp/sorted_list_operations/x2015_09_10_16_48_17_134_1103487.smt_in.smt2,cvc5,True,126.07489987602457,126.07489987602457
UFDT/20170428-Barrett/cdt-cade2015/data/afp/coinductive_list/x2015_09_10_16_58_32_674_1564116.smt_in.smt2,cvc5,True,180.0234347381629,180.0234347381629
UFDT/20170428-Barrett/rec-fun-ijcar2016/wo/isa_nun_bench_v4_noenc/nunchaku1910211.nun.smt2,SMTInterpol,False,1200,2400
UFDT/20170428-Barrett/cdt-cade2015/data/distro/rbt_impl/x2015_09_10_16_56_08_796_1636604.smt_in.smt2,cvc5,False,1200,2400
UFDT/20170428-Barrett/cdt-cade2015/data/afp/hamming_stream/x2015_09_10_16_49_40_957_1156328.smt_in.smt2,cvc5,False,1200,2400
UFDT/20170428-Barrett/cdt-cade2015/data/afp/coinductive_stream/x2015_09_10_17_23_41_544_1161414.smt_in.smt2,cvc5,True,540.9849994331598,540.9849994331598
UFDT/20170428-Barrett/rec-fun-ijcar2016/wo-wdf/isa_nun_bench_v4_enc/nunchaku2222161.nun.smt2,iProver,False,1200,2400
UFDT/20170428-Barrett/cdt-cade2015/data/afp/tllist/x2015_09_10_16_57_20_090_1138343.smt_in.smt2,cvc5,False,1200,2400
UFDT/20170428-Barrett/cdt-cade2015/data/afp/sorted_list_operations/x2015_09_10_16_47_41_101_1067273.smt_in.smt2,cvc5,True,0.3471515111159533,0.3471515111159533
UFDT/20170428-Barrett/cdt-cade2015/data/afp/tllist/x2015_09_10_16_58_00_981_1180359.smt_in.smt2,cvc5,True,0.355809043161571,0.355809043161571
UFDT/20170428-Barrett/cdt-cade2015/data/afp/tllist/x2015_09_10_16_58_57_468_1241344.smt_in.smt2,cvc5,False,1200,2400
UFDT/20170428-Barrett/cdt-cade2015/data/afp/coinductive_list/x2015_09_10_16_59_53_959_1638903.smt_in.smt2,cvc5,False,1200,2400
UFDT/20170428-Barrett/cdt-cade2015/data/distro/koenig/x2015_09_10_16_44_53_250_988949.smt_in.smt2,cvc5,False,1200,2400
UFDT/20170428-Barrett/cdt-cade2015/data/afp/tllist/x2015_09_10_16_57_30_210_1149627.smt_in.smt2,cvc5,False,1200,2400
UFDT/20170428-Barrett/cdt-cade2015/data/afp/coinductive_list/x2015_09_10_16_54_10_400_1331535.smt_in.smt2,cvc5,False,1200,2400
UFDT/20170428-Barrett/cdt-cade2015/data/afp/coinductive_list/x2015_09_10_16_52_39_852_1247602.smt_in.smt2,cvc5,True,0.5242754758801311,0.5242754758801311
UFDT/20170428-Barrett/cdt-cade2015/data/afp/llist2/x2015_09_10_16_51_36_098_1121751.smt_in.smt2,cvc5,True,0.3409959760028869,0.3409959760028869
UFDT/20170428-Barrett/cdt-cade2015/data/afp/coinductive_list/x2015_09_10_17_03_39_151_1923425.smt_in.smt2,cvc5,False,1200,2400
UFDT/20170428-Barrett/cdt-cade2015/data/distro/gram_lang/x2015_09_10_16_53_12_872_1411820.smt_in.smt2,cvc5,False,1200,2400
UFDT/20170428-Barrett/cdt-cade2015/data/afp/hamming_stream/x2015_09_10_16_49_48_852_1160133.smt_in.smt2,cvc5,True,30.264556454028934,30.264556454028934
UFDT/20170428-Barrett/rec-fun-ijcar2016/wo-wdf/isa_nun_bench_v4_enc/nunchaku3056721.nun.smt2,iProver,False,1200,2400
UFDT/20170428-Barrett/cdt-cade2015/data/afp/bindag/x2015_09_10_16_54_11_195_1110796.smt_in.smt2,cvc5,False,1200,2400
UFDT/20170428-Barrett/cdt-cade2015/data/afp/tllist/x2015_09_10_16_59_22_300_1271091.smt_in.smt2,cvc5,True,0.3041698329616338,0.3041698329616338
UFDT/20170428-Barrett/cdt-cade2015/data/distro/rbt_impl/x2015_09_10_16_59_50_672_1941438.smt_in.smt2,cvc5,False,1200,2400
UFDT/20170428-Barrett/cdt-cade2015/data/afp/llist2/x2015_09_10_16_53_36_888_1212209.smt_in.smt2,cvc5,True,30.784645637031645,30.784645637031645
UFDT/20170428-Barrett/cdt-cade2015/data/afp/coinductive_list/x2015_09_10_17_02_24_002_1824521.smt_in.smt2,cvc5,False,1200,2400
UFDT/20170428-Barrett/rec-fun-ijcar2016/wo/isa_nun_bench_v4_noenc/nunchaku2463347.nun.smt2,iProver,False,1200,2400
UFDT/20170428-Barrett/cdt-cade2015/data/afp/coinductive_stream/x2015_09_10_17_25_17_530_1241533.smt_in.smt2,cvc5,False,1200,2400
UFDT/20170428-Barrett/cdt-cade2015/data/afp/coinductive_list/x2015_09_10_17_13_26_571_2678554.smt_in.smt2,cvc5,False,1200,2400
UFDT/20170428-Barrett/cdt-cade2015/data/afp/llist2/x2015_09_10_16_52_08_275_1145849.smt_in.smt2,cvc5,False,1200,2400
UFDT/20170428-Barrett/cdt-cade2015/data/afp/llist2/x2015_09_10_16_57_28_499_1373684.smt_in.smt2,cvc5,False,1200,2400
UFDT/20170428-Barrett/cdt-cade2015/data/afp/coinductive_list/x2015_09_10_16_50_49_885_1151299.smt_in.smt2,cvc5,True,0.3285154199693352,0.3285154199693352
UFDT/20170428-Barrett/cdt-cade2015/data/gandl/bird_tree/x2015_09_10_16_54_37_804_1017588.smt_in.smt2,cvc5,True,0.2702792650088668,0.2702792650088668
UFDT/20170428-Barrett/rec-fun-ijcar2016/wo/isa_nun_bench_v4_noenc/nunchaku2164862.nun.smt2,SMTInterpol,False,1200,2400
UFDT/20170428-Barrett/cdt-cade2015/data/afp/llist2/x2015_09_10_16_53_42_429_1215607.smt_in.smt2,cvc5,False,1200,2400
UFDT/20170428-Barrett/rec-fun-ijcar2016/wo-wdf/isa_nun_bench_v4_enc/nunchaku1861814.nun.smt2,iProver,False,1200,2400
UFDT/20170428-Barrett/cdt-cade2015/data/afp/coinductive_list/x2015_09_10_17_03_31_934_1914818.smt_in.smt2,cvc5,True,0.29275714489631355,0.29275714489631355
UFDT/20170428-Barrett/cdt-cade2015/data/distro/rbt_impl/x2015_09_10_17_00_02_527_1958677.smt_in.smt2,cvc5,False,1200,2400
UFDT/20170428-Barrett/cdt-cade2015/data/afp/coinductive_list/x2015_09_10_17_19_19_047_2870294.smt_in.smt2,iProver,False,1200,2400
UFDT/20170428-Barrett/cdt-cade2015/data/afp/coinductive_stream/x2015_09_10_17_24_30_337_1204316.smt_in.smt2,iProver,False,1200,2400
UFDT/20170428-Barrett/cdt-cade2015/data/afp/tllist/x2015_09_10_16_57_45_684_1164560.smt_in.smt2,cvc5,True,831.4346904039849,831.4346904039849
UFDT/20170428-Barrett/cdt-cade2015/data/afp/llist2/x2015_09_10_16_58_43_279_1442102.smt_in.smt2,cvc5,True,29.77118074800819,29.77118074800819
UFDT/20170428-Barrett/cdt-cade2015/data/distro/gram_lang/x2015_09_10_16_55_40_790_1551865.smt_in.smt2,cvc5,True,544.1213972999249,544.1213972999249
UFDT/20201221-induction-by-reflection-schoisswohl/reflectiveConjecture/existsZeroAdd.smt2,cvc5,False,1200,2400
UFDT/20170428-Barrett/rec-fun-ijcar2016/wo/isa_nun_bench_v4_noenc/nunchaku2161318.nun.smt2,SMTInterpol,False,1200,2400
UFDT/20170428-Barrett/cdt-cade2015/data/afp/coinductive_list/x2015_09_10_16_54_55_523_1373943.smt_in.smt2,cvc5,False,1200,2400
UFDT/20170428-Barrett/cdt-cade2015/data/afp/coinductive_list/x2015_09_10_17_07_31_666_2243198.smt_in.smt2,cvc5,True,0.3362325238995254,0.3362325238995254
UFDT/20170428-Barrett/cdt-cade2015/data/distro/gram_lang/x2015_09_10_16_46_48_945_1021806.smt_in.smt2,cvc5,False,1200,2400
UFDT/20170428-Barrett/rec-fun-ijcar2016/wo/isa_nun_bench_v4_noenc/nunchaku2592304.nun.smt2,SMTInterpol,False,1200,2400
UFDT/20170428-Barrett/cdt-cade2015/data/distro/process/x2015_09_10_16_46_31_107_1053871.smt_in.smt2,cvc5,True,0.5702539528720081,0.5702539528720081
UFDT/20170428-Barrett/cdt-cade2015/data/afp/coinductive_list/x2015_09_10_17_11_35_647_2564232.smt_in.smt2,cvc5,False,1200,2400
UFDT/20170428-Barrett/rec-fun-ijcar2016/wo/isa_nun_bench_v4_noenc/nunchaku1826184.nun.smt2,SMTInterpol,True,0.45752869895659387,0.45752869895659387
UFDT/20170428-Barrett/cdt-cade2015/data/distro/gram_lang/x2015_09_10_16_52_39_902_1380526.smt_in.smt2,cvc5,False,1200,2400
UFDT/20170428-Barrett/cdt-cade2015/data/afp/llist2/x2015_09_10_16_53_40_630_1214483.smt_in.smt2,cvc5,False,1200,2400
UFDT/20170428-Barrett/rec-fun-ijcar2016/wo-wdf/isa_nun_bench_v4_enc/nunchaku2446712.nun.smt2,iProver,False,1200,2400
UFDT/20170428-Barrett/cdt-cade2015/data/distro/rbt_impl/x2015_09_10_16_52_49_235_1243609.smt_in.smt2,cvc5,False,1200,2400
UFDT/20170428-Barrett/cdt-cade2015/data/distro/gram_lang/x2015_09_10_16_51_50_460_1327126.smt_in.smt2,cvc5,True,0.29572316189296544,0.29572316189296544
UFDT/20170428-Barrett/cdt-cade2015/data/afp/coinductive_list/x2015_09_10_16_52_52_993_1259011.smt_in.smt2,cvc5,False,1200,2400
UFDT/20170428-Barrett/cdt-cade2015/data/distro/rbt_impl/x2015_09_10_16_55_35_556_1567050.smt_in.smt2,cvc5,True,0.45505246496759355,0.45505246496759355
UFDT/20170428-Barrett/cdt-cade2015/data/afp/coinductive_list/x2015_09_10_16_52_30_775_1238922.smt_in.smt2,cvc5,True,0.3067439398728311,0.3067439398728311
UFDT/20170428-Barrett/cdt-cade2015/data/afp/bindag/x2015_09_10_16_52_47_085_1013734.smt_in.smt2,cvc5,False,1200,2400
UFDT/20170428-Barrett/cdt-cade2015/data/afp/coinductive_list/x2015_09_10_17_00_06_166_1651075.smt_in.smt2,iProver,False,1200,2400
UFDT/20170428-Barrett/cdt-cade2015/data/afp/coinductive_list/x2015_09_10_17_11_04_645_2523228.smt_in.smt2,cvc5,True,0.3151076689828187,0.3151076689828187
UFDT/20170428-Barrett/rec-fun-ijcar2016/wo-wdf/isa_nun_bench_v4_enc/nunchaku1894975.nun.smt2,iProver,False,1200,2400
UFDT/20170428-Barrett/cdt-cade2015/data/afp/coinductive_stream/x2015_09_10_17_24_04_816_1181837.smt_in.smt2,cvc5,False,1200,2400
UFDT/20170428-Barrett/cdt-cade2015/data/afp/tllist/x2015_09_10_17_00_37_043_1361929.smt_in.smt2,cvc5,False,1200,2400
UFDT/20170428-Barrett/rec-fun-ijcar2016/wo/isa_nun_bench_v4_noenc/nunchaku2492397.nun.smt2,iProver,True,0.8462324270003592,0.8462324270003592
UFDT/20170428-Barrett/cdt-cade2015/data/afp/coinductive_list/x2015_09_10_17_08_13_410_2301331.smt_in.smt2,cvc5,True,0.3325259820558131,0.3325259820558131
UFDT/20170428-Barrett/cdt-cade2015/data/distro/gram_lang/x2015_09_10_16_55_39_729_1550336.smt_in.smt2,cvc5,True,41.64560743002221,41.64560743002221
UFDT/20170428-Barrett/cdt-cade2015/data/distro/rbt_impl/x2015_09_10_16_49_46_785_982607.smt_in.smt2,cvc5,False,1200,2400
UFDT/20170428-Barrett/cdt-cade2015/data/distro/gram_lang/x2015_09_10_16_50_58_775_1278837.smt_in.smt2,cvc5,True,0.3096886668354273,0.3096886668354273
UFDT/20170428-Barrett/cdt-cade2015/data/distro/stream/x2015_09_10_16_49_32_280_1173880.smt_in.smt2,cvc5,False,1200,2400
UFDT/20170428-Barrett/cdt-cade2015/data/afp/koenigslemma/x2015_09_10_16_53_11_287_1121488.smt_in.smt2,cvc5,False,1200,2400
UFDT/20170428-Barrett/cdt-cade2015/data/afp/coinductive_list/x2015_09_10_17_00_00_341_1644758.smt_in.smt2,cvc5,False,1200,2400
UFDT/20170428-Barrett/cdt-cade2015/data/afp/llist2/x2015_09_10_16_54_41_717_1250121.smt_in.smt2,cvc5,False,1200,2400
UFDT/20170428-Barrett/cdt-cade2015/data/afp/coinductive_list/x2015_09_10_16_48_48_879_1046753.smt_in.smt2,cvc5,True,0.27798090782016516,0.27798090782016516
UFDT/20170428-Barrett/cdt-cade2015/data/afp/coinductive_list/x2015_09_10_16_55_54_021_1425888.smt_in.smt2,cvc5,True,30.301110623870045,30.301110623870045
UFDT/20170428-Barrett/cdt-cade2015/data/distro/rbt_impl/x2015_09_10_16_51_46_487_1143235.smt_in.smt2,cvc5,True,0.4181808189023286,0.4181808189023286
UFDT/20170428-Barrett/cdt-cade2015/data/distro/gram_lang/x2015_09_10_16_48_11_379_1111316.smt_in.smt2,cvc5,False,1200,2400
UFDT/20170428-Barrett/cdt-cade2015/data/afp/huffman/x2015_09_10_16_49_36_551_1195387.smt_in.smt2,cvc5,False,1200,2400
UFDT/20170428-Barrett/cdt-cade2015/data/gandl/stern_brocot_tree/x2015_09_10_16_53_51_415_1188492.smt_in.smt2,iProver,False,1200,2400
UFDT/20170428-Barrett/cdt-cade2015/data/afp/coinductive_list/x2015_09_10_17_11_00_543_2517372.smt_in.smt2,cvc5,True,0.3437514069955796,0.3437514069955796
UFDT/20170428-Barrett/cdt-cade2015/data/afp/coinductive_list/x2015_09_10_17_05_16_753_2057200.smt_in.smt2,cvc5,True,0.31267980579286814,0.31267980579286814
UFDT/20170428-Barrett/cdt-cade2015/data/afp/huffman/x2015_09_10_16_49_00_867_1155527.smt_in.smt2,cvc5,True,487.25224346411414,487.25224346411414
UFDT/20170428-Barrett/rec-fun-ijcar2016/wo-wdf/isa_nun_bench_v4_enc/nunchaku2492403.nun.smt2,SMTInterpol,True,0.6459195120260119,0.6459195120260119
UFDT/20170428-Barrett/cdt-cade2015/data/afp/llist2/x2015_09_10_16_54_17_148_1234677.smt_in.smt2,cvc5,False,1200,2400
UFDT/20170428-Barrett/cdt-cade2015/data/afp/coinductive_list/x2015_09_10_17_04_40_247_2009063.smt_in.smt2,iProver,False,1200,2400
UFDT/20170428-Barrett/cdt-cade2015/data/distro/stream/x2015_09_10_16_49_28_232_1169060.smt_in.smt2,cvc5,True,0.3186541118193418,0.3186541118193418
UFDT/20201221-induction-by-reflection-schoisswohl/reflectiveConjecture/mulGround.smt2,cvc5,True,3.964881177060306,3.964881177060306
UFDT/20170428-Barrett/cdt-cade2015/data/afp/coinductive_list/x2015_09_10_17_01_13_098_1732004.smt_in.smt2,cvc5,True,0.30442356900312006,0.30442356900312006
UFDT/20170428-Barrett/cdt-cade2015/data/afp/hamming_stream/x2015_09_10_16_49_12_185_1139894.smt_in.smt2,iProver,False,1200,2400
UFDT/20170428-Barrett/cdt-cade2015/data/gandl/cotree/x2015_09_10_16_50_09_363_1031928.smt_in.smt2,cvc5,False,1200,2400
UFDT/20170428-Barrett/cdt-cade2015/data/afp/llist2/x2015_09_10_16_53_29_960_1207699.smt_in.smt2,cvc5,False,1200,2400
UFDT/20170428-Barrett/cdt-cade2015/data/afp/hamming_stream/x2015_09_10_16_47_46_091_1076074.smt_in.smt2,cvc5,False,1200,2400
UFDT/20170428-Barrett/cdt-cade2015/data/afp/coinductive_list/x2015_09_10_16_53_39_138_1301218.smt_in.smt2,cvc5,False,1200,2400
UFDT/20170428-Barrett/cdt-cade2015/data/distro/gram_lang/x2015_09_10_16_52_38_709_1379263.smt_in.smt2,cvc5,False,1200,2400
UFDT/20170428-Barrett/cdt-cade2015/data/afp/coinductive_list/x2015_09_10_16_52_35_202_1243457.smt_in.smt2,cvc5,True,0.5495101839769632,0.5495101839769632
UFDT/20170428-Barrett/cdt-cade2015/data/distro/rbt_impl/x2015_09_10_16_51_28_633_1118525.smt_in.smt2,iProver,False,1200,2400
UFDT/20170428-Barrett/cdt-cade2015/data/afp/koenigslemma/x2015_09_10_16_52_56_312_1110939.smt_in.smt2,cvc5,False,1200,2400
UFDT/20170428-Barrett/cdt-cade2015/data/afp/llist2/x2015_09_10_16_56_39_484_1335233.smt_in.smt2,cvc5,True,0.31047048000618815,0.31047048000618815
UFDT/20170428-Barrett/cdt-cade2015/data/afp/coinductive_list/x2015_09_10_17_06_35_103_2166796.smt_in.smt2,cvc5,True,0.2776509451214224,0.2776509451214224
UFDT/20170428-Barrett/cdt-cade2015/data/distro/stream/x2015_09_10_16_47_49_888_1055130.smt_in.smt2,cvc5,False,1200,2400
UFDT/20170428-Barrett/cdt-cade2015/data/afp/llist2/x2015_09_10_16_57_25_685_1370920.smt_in.smt2,cvc5,True,2.200970723060891,2.200970723060891
UFDT/20170428-Barrett/cdt-cade2015/data/distro/gram_lang/x2015_09_10_16_54_23_208_1471481.smt_in.smt2,cvc5,False,1200,2400
UFDT/20170428-Barrett/cdt-cade2015/data/distro/gram_lang/x2015_09_10_16_48_40_142_1141916.smt_in.smt2,cvc5,True,0.2977969287894666,0.2977969287894666
UFDT/20170428-Barrett/cdt-cade2015/data/distro/gram_lang/x2015_09_10_16_52_31_124_1370932.smt_in.smt2,cvc5,False,1200,2400
UFDT/20170428-Barrett/cdt-cade2015/data/distro/rbt_impl/x2015_09_10_16_52_34_173_1215603.smt_in.smt2,cvc5,False,1200,2400
UFDT/20170428-Barrett/cdt-cade2015/data/afp/coinductive_list/x2015_09_10_16_51_33_619_1191751.smt_in.smt2,cvc5,True,0.5151390789542347,0.5151390789542347
UFDT/20170428-Barrett/cdt-cade2015/data/afp/coinductive_list/x2015_09_10_17_06_03_210_2120129.smt_in.smt2,cvc5,True,429.6872263420373,429.6872263420373
UFDT/20170428-Barrett/rec-fun-ijcar2016/wo/isa_nun_bench_v4_noenc/nunchaku1783942.nun.smt2,iProver,False,1200,2400
UFDT/20170428-Barrett/cdt-cade2015/data/afp/tllist/x2015_09_10_16_57_07_380_1125440.smt_in.smt2,cvc5,True,6.956015766132623,6.956015766132623
UFDT/20170428-Barrett/rec-fun-ijcar2016/wo/isa_nun_bench_v4_noenc/nunchaku2222167.nun.smt2,SMTInterpol,False,1200,2400
UFDT/20170428-Barrett/rec-fun-ijcar2016/wo/isa_nun_bench_v4_noenc/nunchaku2310902.nun.smt2,iProver,False,1200,2400
UFDT/20170428-Barrett/cdt-cade2015/data/afp/tllist/x2015_09_10_17_00_58_384_1387951.smt_in.smt2,cvc5,False,1200,2400
UFDT/20170428-Barrett/cdt-cade2015/data/afp/coinductive_list/x2015_09_10_16_56_45_292_1465278.smt_in.smt2,cvc5,False,1200,2400
UFDT/20170428-Barrett/cdt-cade2015/data/afp/huffman/x2015_09_10_16_51_27_783_1315810.smt_in.smt2,cvc5,False,1200,2400
UFDT/20170428-Barrett/rec-fun-ijcar2016/wo-wdf/isa_nun_bench_v4_enc/nunchaku1813992.nun.smt2,iProver,False,1200,2400
UFDT/20170428-Barrett/rec-fun-ijcar2016/wo/isa_nun_bench_v4_noenc/nunchaku1809628.nun.smt2,iProver,False,1200,2400
UFDT/20170428-Barrett/cdt-cade2015/data/afp/huffman/x2015_09_10_16_48_49_250_1140858.smt_in.smt2,cvc5,False,1200,2400
UFDT/20170428-Barrett/rec-fun-ijcar2016/wo/isa_nun_bench_v4_noenc/nunchaku1968842.nun.smt2,SMTInterpol,False,1200,2400
UFDT/20170428-Barrett/cdt-cade2015/data/distro/stream/x2015_09_10_16_48_42_609_1115980.smt_in.smt2,cvc5,False,1200,2400
UFDT/20170428-Barrett/cdt-cade2015/data/afp/coinductive_list/x2015_09_10_17_19_25_880_2876249.smt_in.smt2,iProver,False,1200,2400
UFDT/20170428-Barrett/cdt-cade2015/data/afp/coinductive_list/x2015_09_10_16_51_12_255_1171644.smt_in.smt2,cvc5,False,1200,2400
UFDT/20170428-Barrett/cdt-cade2015/data/afp/sorted_list_operations/x2015_09_10_16_48_11_685_1097766.smt_in.smt2,cvc5,True,0.3490468680392951,0.3490468680392951
UFDT/20170428-Barrett/cdt-cade2015/data/distro/rbt_impl/x2015_09_10_16_59_49_560_1940103.smt_in.smt2,cvc5,False,1200,2400
UFDT/20170428-Barrett/cdt-cade2015/data/afp/coinductive_list/x2015_09_10_17_15_42_718_2746091.smt_in.smt2,cvc5,False,1200,2400
UFDT/20170428-Barrett/cdt-cade2015/data/afp/coinductive_list/x2015_09_10_17_13_52_039_2687792.smt_in.smt2,cvc5,False,1200,2400
UFDT/20170428-Barrett/cdt-cade2015/data/distro/gram_lang/x2015_09_10_16_46_42_870_1015118.smt_in.smt2,cvc5,True,0.6760986060835421,0.6760986060835421
UFDT/20170428-Barrett/cdt-cade2015/data/afp/llist2/x2015_09_10_16_55_44_058_1293777.smt_in.smt2,cvc5,True,0.3763742099981755,0.3763742099981755
UFDT/20170428-Barrett/cdt-cade2015/data/afp/coinductive_list/x2015_09_10_17_11_55_549_2592102.smt_in.smt2,cvc5,True,339.87476193206385,339.87476193206385
UFDT/20170428-Barrett/rec-fun-ijcar2016/wo-wdf/isa_nun_bench_v4_enc/nunchaku2521132.nun.smt2,iProver,False,1200,2400
UFDT/20170428-Barrett/cdt-cade2015/data/afp/huffman/x2015_09_10_16_49_44_292_1204654.smt_in.smt2,cvc5,True,0.2978859019931406,0.2978859019931406
UFDT/20170428-Barrett/cdt-cade2015/data/afp/sorted_list_operations/x2015_09_10_16_47_20_593_1045576.smt_in.smt2,cvc5,False,1200,2400
UFDT/20170428-Barrett/cdt-cade2015/data/afp/coinductive_list/x2015_09_10_17_10_24_780_2473461.smt_in.smt2,cvc5,False,1200,2400
