Job ID: 53715188
Node: nc10501
Start time: Tue 16 Dec 2025 12:25:48 AM EST
[DEBUG] Loading test results from /home/jchen688/projects/def-vganesh/jchen688/github/z3alpha/JHC/AlgoSelect/DescriptionAgent/data/UF/uf_train_long.csv
[DEBUG] Loaded results for 2285 unique benchmarks
[DEBUG] Found 2285 unique benchmark paths in CSV
[DEBUG] Found 2285 benchmark files from CSV
[DEBUG] Selected 2285 benchmarks for processing

================================================================================
FEATURE CONFIGURATION
================================================================================
Using original MachSMT feature space (full grammatical construct list)
Description features: DISABLED (prevents BERT model loading)
Feature extraction timeout: 60 seconds
Parallel cores: 16
Feature dimensions will be printed after processing first benchmark
================================================================================

[DEBUG] Training MachSMT model...
[DEBUG] Changed working directory to: /home/jchen688/scratch/non-incremental

Initializing description feature model ('bert-base-uncased')...
Using device: cpu
✅ Model loaded successfully. Embedding dimension: 768
Parsing Input File |████████████████████████████████████████| 9140/9140 [100%] in 2.3s (3921.19/s) 
Processing Benchmark Files |████████████████████████████████████████| 2285/2285 [100%] in 14:54.8 (2.55/s) 
[DEBUG] Changed back to: /lustre06/project/6001884/jchen688/github/z3alpha
[DEBUG] Model trained in 1543.00 seconds
[DEBUG] Configuration saved to: /home/jchen688/projects/def-vganesh/jchen688/github/z3alpha/JHC/AlgoSelect/DescriptionAgent/results/uf_csv_based/train/run_20251216_002701_497567/config.json

[DEBUG] Starting predictions on test benchmarks...
[DEBUG] Processing 1/2285: UF/20170428-Barrett/cdt-cade2015/nada/afp/tllist/x2015_09_10_17_00_14_156_1336973.smt_in.smt2

================================================================================
FEATURE SPACE DIMENSIONS
================================================================================
Total feature dimensions: 189
================================================================================

[DEBUG] Predicted solver: iProver for benchmark UF/20170428-Barrett/cdt-cade2015/nada/afp/tllist/x2015_09_10_17_00_14_156_1336973.smt_in.smt2
[DEBUG] Benchmark UF/20170428-Barrett/cdt-cade2015/nada/afp/tllist/x2015_09_10_17_00_14_156_1336973.smt_in.smt2: solved=False, runtime=1200.00s, PAR-2=2400.00s
[DEBUG] Processing 2/2285: UF/sledgehammer/StrongNorm/uf.693725.smt2
[DEBUG] Predicted solver: cvc5 for benchmark UF/sledgehammer/StrongNorm/uf.693725.smt2
[DEBUG] Benchmark UF/sledgehammer/StrongNorm/uf.693725.smt2: solved=False, runtime=1200.00s, PAR-2=2400.00s
[DEBUG] Processing 3/2285: UF/sledgehammer/StrongNorm/uf.635243.smt2
[DEBUG] Predicted solver: iProver for benchmark UF/sledgehammer/StrongNorm/uf.635243.smt2
[DEBUG] Benchmark UF/sledgehammer/StrongNorm/uf.635243.smt2: solved=False, runtime=1200.00s, PAR-2=2400.00s
[DEBUG] Processing 4/2285: UF/20170428-Barrett/cdt-cade2015/nada/distro/gram_lang/x2015_09_10_16_50_34_867_1258456.smt_in.smt2
[DEBUG] Predicted solver: Yices2 for benchmark UF/20170428-Barrett/cdt-cade2015/nada/distro/gram_lang/x2015_09_10_16_50_34_867_1258456.smt_in.smt2
[DEBUG] Benchmark UF/20170428-Barrett/cdt-cade2015/nada/distro/gram_lang/x2015_09_10_16_50_34_867_1258456.smt_in.smt2: solved=False, runtime=1200.00s, PAR-2=2400.00s
[DEBUG] Processing 5/2285: UF/sledgehammer/NS_Shared/smtlib.649676.smt2
[DEBUG] Predicted solver: iProver for benchmark UF/sledgehammer/NS_Shared/smtlib.649676.smt2
[DEBUG] Benchmark UF/sledgehammer/NS_Shared/smtlib.649676.smt2: solved=False, runtime=1200.00s, PAR-2=2400.00s
[DEBUG] Processing 6/2285: UF/sledgehammer/FFT/uf.613272.smt2
[DEBUG] Predicted solver: iProver for benchmark UF/sledgehammer/FFT/uf.613272.smt2
[DEBUG] Benchmark UF/sledgehammer/FFT/uf.613272.smt2: solved=False, runtime=1200.00s, PAR-2=2400.00s
[DEBUG] Processing 7/2285: UF/20170428-Barrett/cdt-cade2015/nada/distro/rbt_impl/x2015_09_10_16_49_41_465_976477.smt_in.smt2
[DEBUG] Predicted solver: cvc5 for benchmark UF/20170428-Barrett/cdt-cade2015/nada/distro/rbt_impl/x2015_09_10_16_49_41_465_976477.smt_in.smt2
[DEBUG] Benchmark UF/20170428-Barrett/cdt-cade2015/nada/distro/rbt_impl/x2015_09_10_16_49_41_465_976477.smt_in.smt2: solved=True, runtime=30.34s, PAR-2=30.34s
[DEBUG] Processing 8/2285: UF/sledgehammer/Hoare/uf.1063423.smt2
[DEBUG] Predicted solver: iProver for benchmark UF/sledgehammer/Hoare/uf.1063423.smt2
[DEBUG] Benchmark UF/sledgehammer/Hoare/uf.1063423.smt2: solved=False, runtime=1200.00s, PAR-2=2400.00s
[DEBUG] Processing 9/2285: UF/sledgehammer/Fundamental_Theorem_Algebra/uf.1260380.smt2
[DEBUG] Predicted solver: cvc5 for benchmark UF/sledgehammer/Fundamental_Theorem_Algebra/uf.1260380.smt2
[DEBUG] Benchmark UF/sledgehammer/Fundamental_Theorem_Algebra/uf.1260380.smt2: solved=False, runtime=1200.00s, PAR-2=2400.00s
[DEBUG] Processing 10/2285: UF/sledgehammer/NS_Shared/uf.715377.smt2
[DEBUG] Predicted solver: Yices2 for benchmark UF/sledgehammer/NS_Shared/uf.715377.smt2
[DEBUG] Benchmark UF/sledgehammer/NS_Shared/uf.715377.smt2: solved=False, runtime=1200.00s, PAR-2=2400.00s
[DEBUG] Processing 11/2285: UF/sledgehammer/FFT/uf.746558.smt2
[DEBUG] Predicted solver: iProver for benchmark UF/sledgehammer/FFT/uf.746558.smt2
[DEBUG] Benchmark UF/sledgehammer/FFT/uf.746558.smt2: solved=False, runtime=1200.00s, PAR-2=2400.00s
[DEBUG] Processing 12/2285: UF/sledgehammer/StrongNorm/uf.669813.smt2
[DEBUG] Predicted solver: iProver for benchmark UF/sledgehammer/StrongNorm/uf.669813.smt2
[DEBUG] Benchmark UF/sledgehammer/StrongNorm/uf.669813.smt2: solved=False, runtime=1200.00s, PAR-2=2400.00s
[DEBUG] Processing 13/2285: UF/sledgehammer/StrongNorm/uf.673643.smt2
[DEBUG] Predicted solver: iProver for benchmark UF/sledgehammer/StrongNorm/uf.673643.smt2
[DEBUG] Benchmark UF/sledgehammer/StrongNorm/uf.673643.smt2: solved=False, runtime=1200.00s, PAR-2=2400.00s
[DEBUG] Processing 14/2285: UF/20170428-Barrett/cdt-cade2015/nada/afp/sorted_list_operations/x2015_09_10_16_47_25_380_1050913.smt_in.smt2
[DEBUG] Predicted solver: cvc5 for benchmark UF/20170428-Barrett/cdt-cade2015/nada/afp/sorted_list_operations/x2015_09_10_16_47_25_380_1050913.smt_in.smt2
[DEBUG] Benchmark UF/20170428-Barrett/cdt-cade2015/nada/afp/sorted_list_operations/x2015_09_10_16_47_25_380_1050913.smt_in.smt2: solved=False, runtime=1200.00s, PAR-2=2400.00s
[DEBUG] Processing 15/2285: UF/sledgehammer/FFT/uf.882543.smt2
[DEBUG] Predicted solver: iProver for benchmark UF/sledgehammer/FFT/uf.882543.smt2
[DEBUG] Benchmark UF/sledgehammer/FFT/uf.882543.smt2: solved=True, runtime=1.38s, PAR-2=1.38s
[DEBUG] Processing 16/2285: UF/sledgehammer/Fundamental_Theorem_Algebra/uf.665353.smt2
[DEBUG] Predicted solver: iProver for benchmark UF/sledgehammer/Fundamental_Theorem_Algebra/uf.665353.smt2
[DEBUG] Benchmark UF/sledgehammer/Fundamental_Theorem_Algebra/uf.665353.smt2: solved=False, runtime=1200.00s, PAR-2=2400.00s
[DEBUG] Processing 17/2285: UF/sledgehammer/TypeSafe/smtlib.1305552.smt2
[DEBUG] Predicted solver: Yices2 for benchmark UF/sledgehammer/TypeSafe/smtlib.1305552.smt2
[DEBUG] Benchmark UF/sledgehammer/TypeSafe/smtlib.1305552.smt2: solved=False, runtime=1200.00s, PAR-2=2400.00s
[DEBUG] Processing 18/2285: UF/sledgehammer/Arrow_Order/uf.792027.smt2
[DEBUG] Predicted solver: Yices2 for benchmark UF/sledgehammer/Arrow_Order/uf.792027.smt2
[DEBUG] Benchmark UF/sledgehammer/Arrow_Order/uf.792027.smt2: solved=False, runtime=1200.00s, PAR-2=2400.00s
[DEBUG] Processing 19/2285: UF/20170428-Barrett/cdt-cade2015/nada/afp/coinductive_stream/x2015_09_10_17_22_59_283_1120271.smt_in.smt2
[DEBUG] Predicted solver: cvc5 for benchmark UF/20170428-Barrett/cdt-cade2015/nada/afp/coinductive_stream/x2015_09_10_17_22_59_283_1120271.smt_in.smt2
[DEBUG] Benchmark UF/20170428-Barrett/cdt-cade2015/nada/afp/coinductive_stream/x2015_09_10_17_22_59_283_1120271.smt_in.smt2: solved=False, runtime=1200.00s, PAR-2=2400.00s
[DEBUG] Processing 20/2285: UF/20170428-Barrett/cdt-cade2015/nada/distro/rbt_impl/x2015_09_10_16_51_12_254_1089084.smt_in.smt2
[DEBUG] Predicted solver: iProver for benchmark UF/20170428-Barrett/cdt-cade2015/nada/distro/rbt_impl/x2015_09_10_16_51_12_254_1089084.smt_in.smt2
[DEBUG] Benchmark UF/20170428-Barrett/cdt-cade2015/nada/distro/rbt_impl/x2015_09_10_16_51_12_254_1089084.smt_in.smt2: solved=True, runtime=308.61s, PAR-2=308.61s
[DEBUG] Processing 21/2285: UF/20201221-induction-by-reflection-schoisswohl/reflectiveInductive/addCommutId.smt2
[DEBUG] Predicted solver: iProver for benchmark UF/20201221-induction-by-reflection-schoisswohl/reflectiveInductive/addCommutId.smt2
[DEBUG] Benchmark UF/20201221-induction-by-reflection-schoisswohl/reflectiveInductive/addCommutId.smt2: solved=False, runtime=1200.00s, PAR-2=2400.00s
[DEBUG] Processing 22/2285: UF/sledgehammer/Fundamental_Theorem_Algebra/uf.580248.smt2
[DEBUG] Predicted solver: iProver for benchmark UF/sledgehammer/Fundamental_Theorem_Algebra/uf.580248.smt2
[DEBUG] Benchmark UF/sledgehammer/Fundamental_Theorem_Algebra/uf.580248.smt2: solved=False, runtime=1200.00s, PAR-2=2400.00s
[DEBUG] Processing 23/2285: UF/grasshopper/uninstantiated/rec_filter_precondition_of_rec_filter_18_10.smt2
[DEBUG] Predicted solver: cvc5 for benchmark UF/grasshopper/uninstantiated/rec_filter_precondition_of_rec_filter_18_10.smt2
[DEBUG] Benchmark UF/grasshopper/uninstantiated/rec_filter_precondition_of_rec_filter_18_10.smt2: solved=True, runtime=0.23s, PAR-2=0.23s
[DEBUG] Processing 24/2285: UF/sledgehammer/QEpres/uf.1121540.smt2
[DEBUG] Predicted solver: cvc5 for benchmark UF/sledgehammer/QEpres/uf.1121540.smt2
[DEBUG] Benchmark UF/sledgehammer/QEpres/uf.1121540.smt2: solved=False, runtime=1200.00s, PAR-2=2400.00s
[DEBUG] Processing 25/2285: UF/sledgehammer/TwoSquares/uf.709857.smt2
[DEBUG] Predicted solver: iProver for benchmark UF/sledgehammer/TwoSquares/uf.709857.smt2
[DEBUG] Benchmark UF/sledgehammer/TwoSquares/uf.709857.smt2: solved=False, runtime=1200.00s, PAR-2=2400.00s
[DEBUG] Processing 26/2285: UF/sledgehammer/TypeSafe/smtlib.1381702.smt2
[DEBUG] Predicted solver: iProver for benchmark UF/sledgehammer/TypeSafe/smtlib.1381702.smt2
[DEBUG] Benchmark UF/sledgehammer/TypeSafe/smtlib.1381702.smt2: solved=False, runtime=1200.00s, PAR-2=2400.00s
[DEBUG] Processing 27/2285: UF/sledgehammer/StrongNorm/smtlib.647535.smt2
[DEBUG] Predicted solver: iProver for benchmark UF/sledgehammer/StrongNorm/smtlib.647535.smt2
[DEBUG] Benchmark UF/sledgehammer/StrongNorm/smtlib.647535.smt2: solved=False, runtime=1200.00s, PAR-2=2400.00s
[DEBUG] Processing 28/2285: UF/sledgehammer/TypeSafe/uf.833179.smt2
[DEBUG] Predicted solver: cvc5 for benchmark UF/sledgehammer/TypeSafe/uf.833179.smt2
[DEBUG] Benchmark UF/sledgehammer/TypeSafe/uf.833179.smt2: solved=False, runtime=1200.00s, PAR-2=2400.00s
[DEBUG] Processing 29/2285: UF/sledgehammer/Hoare/uf.1075670.smt2
[DEBUG] Predicted solver: iProver for benchmark UF/sledgehammer/Hoare/uf.1075670.smt2
[DEBUG] Benchmark UF/sledgehammer/Hoare/uf.1075670.smt2: solved=True, runtime=0.87s, PAR-2=0.87s
[DEBUG] Processing 30/2285: UF/20170428-Barrett/cdt-cade2015/nada/distro/rbt_impl/x2015_09_10_16_59_32_871_1920351.smt_in.smt2
[DEBUG] Predicted solver: cvc5 for benchmark UF/20170428-Barrett/cdt-cade2015/nada/distro/rbt_impl/x2015_09_10_16_59_32_871_1920351.smt_in.smt2
[DEBUG] Benchmark UF/20170428-Barrett/cdt-cade2015/nada/distro/rbt_impl/x2015_09_10_16_59_32_871_1920351.smt_in.smt2: solved=False, runtime=1200.00s, PAR-2=2400.00s
[DEBUG] Processing 31/2285: UF/20170428-Barrett/cdt-cade2015/nada/afp/abstract_completeness/x2015_09_10_17_00_54_519_1125631.smt_in.smt2
[DEBUG] Predicted solver: cvc5 for benchmark UF/20170428-Barrett/cdt-cade2015/nada/afp/abstract_completeness/x2015_09_10_17_00_54_519_1125631.smt_in.smt2
[DEBUG] Benchmark UF/20170428-Barrett/cdt-cade2015/nada/afp/abstract_completeness/x2015_09_10_17_00_54_519_1125631.smt_in.smt2: solved=True, runtime=0.37s, PAR-2=0.37s
[DEBUG] Processing 32/2285: UF/sledgehammer/QEpres/uf.669105.smt2
[DEBUG] Predicted solver: cvc5 for benchmark UF/sledgehammer/QEpres/uf.669105.smt2
[DEBUG] Benchmark UF/sledgehammer/QEpres/uf.669105.smt2: solved=False, runtime=1200.00s, PAR-2=2400.00s
[DEBUG] Processing 33/2285: UF/sledgehammer/FFT/uf.815405.smt2
[DEBUG] Predicted solver: iProver for benchmark UF/sledgehammer/FFT/uf.815405.smt2
[DEBUG] Benchmark UF/sledgehammer/FFT/uf.815405.smt2: solved=False, runtime=1200.00s, PAR-2=2400.00s
[DEBUG] Processing 34/2285: UF/20170428-Barrett/cdt-cade2015/nada/afp/coinductive_list/x2015_09_10_17_12_38_287_2642351.smt_in.smt2
[DEBUG] Predicted solver: Yices2 for benchmark UF/20170428-Barrett/cdt-cade2015/nada/afp/coinductive_list/x2015_09_10_17_12_38_287_2642351.smt_in.smt2
[DEBUG] Benchmark UF/20170428-Barrett/cdt-cade2015/nada/afp/coinductive_list/x2015_09_10_17_12_38_287_2642351.smt_in.smt2: solved=False, runtime=1200.00s, PAR-2=2400.00s
[DEBUG] Processing 35/2285: UF/20170428-Barrett/cdt-cade2015/nada/distro/rbt_impl/x2015_09_10_16_54_47_428_1460395.smt_in.smt2
[DEBUG] Predicted solver: iProver for benchmark UF/20170428-Barrett/cdt-cade2015/nada/distro/rbt_impl/x2015_09_10_16_54_47_428_1460395.smt_in.smt2
[DEBUG] Benchmark UF/20170428-Barrett/cdt-cade2015/nada/distro/rbt_impl/x2015_09_10_16_54_47_428_1460395.smt_in.smt2: solved=False, runtime=1200.00s, PAR-2=2400.00s
[DEBUG] Processing 36/2285: UF/sledgehammer/Arrow_Order/uf.838235.smt2
[DEBUG] Predicted solver: iProver for benchmark UF/sledgehammer/Arrow_Order/uf.838235.smt2
[DEBUG] Benchmark UF/sledgehammer/Arrow_Order/uf.838235.smt2: solved=False, runtime=1200.00s, PAR-2=2400.00s
[DEBUG] Processing 37/2285: UF/sledgehammer/TypeSafe/smtlib.1323194.smt2
[DEBUG] Predicted solver: iProver for benchmark UF/sledgehammer/TypeSafe/smtlib.1323194.smt2
[DEBUG] Benchmark UF/sledgehammer/TypeSafe/smtlib.1323194.smt2: solved=False, runtime=1200.00s, PAR-2=2400.00s
[DEBUG] Processing 38/2285: UF/sledgehammer/Fundamental_Theorem_Algebra/uf.632410.smt2
[DEBUG] Predicted solver: iProver for benchmark UF/sledgehammer/Fundamental_Theorem_Algebra/uf.632410.smt2
[DEBUG] Benchmark UF/sledgehammer/Fundamental_Theorem_Algebra/uf.632410.smt2: solved=False, runtime=1200.00s, PAR-2=2400.00s
[DEBUG] Processing 39/2285: UF/20170428-Barrett/cdt-cade2015/nada/afp/tllist/x2015_09_10_16_58_44_668_1227122.smt_in.smt2
[DEBUG] Predicted solver: Yices2 for benchmark UF/20170428-Barrett/cdt-cade2015/nada/afp/tllist/x2015_09_10_16_58_44_668_1227122.smt_in.smt2
[DEBUG] Benchmark UF/20170428-Barrett/cdt-cade2015/nada/afp/tllist/x2015_09_10_16_58_44_668_1227122.smt_in.smt2: solved=False, runtime=1200.00s, PAR-2=2400.00s
[DEBUG] Processing 40/2285: UF/sledgehammer/QEpres/uf.1087386.smt2
[DEBUG] Predicted solver: iProver for benchmark UF/sledgehammer/QEpres/uf.1087386.smt2
[DEBUG] Benchmark UF/sledgehammer/QEpres/uf.1087386.smt2: solved=False, runtime=1200.00s, PAR-2=2400.00s
[DEBUG] Processing 41/2285: UF/20170428-Barrett/cdt-cade2015/nada/afp/huffman/x2015_09_10_16_49_16_954_1173729.smt_in.smt2
[DEBUG] Predicted solver: cvc5 for benchmark UF/20170428-Barrett/cdt-cade2015/nada/afp/huffman/x2015_09_10_16_49_16_954_1173729.smt_in.smt2
[DEBUG] Benchmark UF/20170428-Barrett/cdt-cade2015/nada/afp/huffman/x2015_09_10_16_49_16_954_1173729.smt_in.smt2: solved=False, runtime=1200.00s, PAR-2=2400.00s
[DEBUG] Processing 42/2285: UF/20170428-Barrett/cdt-cade2015/nada/afp/coinductive_list/x2015_09_10_17_07_59_177_2281818.smt_in.smt2
[DEBUG] Predicted solver: iProver for benchmark UF/20170428-Barrett/cdt-cade2015/nada/afp/coinductive_list/x2015_09_10_17_07_59_177_2281818.smt_in.smt2
[DEBUG] Benchmark UF/20170428-Barrett/cdt-cade2015/nada/afp/coinductive_list/x2015_09_10_17_07_59_177_2281818.smt_in.smt2: solved=True, runtime=61.95s, PAR-2=61.95s
[DEBUG] Processing 43/2285: UF/sledgehammer/TypeSafe/smtlib.1218210.smt2
[DEBUG] Predicted solver: cvc5 for benchmark UF/sledgehammer/TypeSafe/smtlib.1218210.smt2
[DEBUG] Benchmark UF/sledgehammer/TypeSafe/smtlib.1218210.smt2: solved=False, runtime=1200.00s, PAR-2=2400.00s
[DEBUG] Processing 44/2285: UF/20170428-Barrett/cdt-cade2015/nada/distro/process/x2015_09_10_16_46_24_262_1043633.smt_in.smt2
[DEBUG] Predicted solver: cvc5 for benchmark UF/20170428-Barrett/cdt-cade2015/nada/distro/process/x2015_09_10_16_46_24_262_1043633.smt_in.smt2
[DEBUG] Benchmark UF/20170428-Barrett/cdt-cade2015/nada/distro/process/x2015_09_10_16_46_24_262_1043633.smt_in.smt2: solved=False, runtime=1200.00s, PAR-2=2400.00s
[DEBUG] Processing 45/2285: UF/20170428-Barrett/cdt-cade2015/nada/afp/huffman/x2015_09_10_16_48_36_344_1124960.smt_in.smt2
[DEBUG] Predicted solver: iProver for benchmark UF/20170428-Barrett/cdt-cade2015/nada/afp/huffman/x2015_09_10_16_48_36_344_1124960.smt_in.smt2
[DEBUG] Benchmark UF/20170428-Barrett/cdt-cade2015/nada/afp/huffman/x2015_09_10_16_48_36_344_1124960.smt_in.smt2: solved=False, runtime=1200.00s, PAR-2=2400.00s
[DEBUG] Processing 46/2285: UF/20170428-Barrett/cdt-cade2015/nada/afp/coinductive_list/x2015_09_10_17_05_43_296_2092486.smt_in.smt2
[DEBUG] Predicted solver: cvc5 for benchmark UF/20170428-Barrett/cdt-cade2015/nada/afp/coinductive_list/x2015_09_10_17_05_43_296_2092486.smt_in.smt2
[DEBUG] Benchmark UF/20170428-Barrett/cdt-cade2015/nada/afp/coinductive_list/x2015_09_10_17_05_43_296_2092486.smt_in.smt2: solved=False, runtime=1200.00s, PAR-2=2400.00s
[DEBUG] Processing 47/2285: UF/20170428-Barrett/cdt-cade2015/nada/afp/coinductive_list/x2015_09_10_17_00_36_155_1686533.smt_in.smt2
[DEBUG] Predicted solver: cvc5 for benchmark UF/20170428-Barrett/cdt-cade2015/nada/afp/coinductive_list/x2015_09_10_17_00_36_155_1686533.smt_in.smt2
[DEBUG] Benchmark UF/20170428-Barrett/cdt-cade2015/nada/afp/coinductive_list/x2015_09_10_17_00_36_155_1686533.smt_in.smt2: solved=False, runtime=1200.00s, PAR-2=2400.00s
[DEBUG] Processing 48/2285: UF/20170428-Barrett/cdt-cade2015/nada/afp/coinductive_list/x2015_09_10_17_09_05_203_2369998.smt_in.smt2
[DEBUG] Predicted solver: cvc5 for benchmark UF/20170428-Barrett/cdt-cade2015/nada/afp/coinductive_list/x2015_09_10_17_09_05_203_2369998.smt_in.smt2
[DEBUG] Benchmark UF/20170428-Barrett/cdt-cade2015/nada/afp/coinductive_list/x2015_09_10_17_09_05_203_2369998.smt_in.smt2: solved=False, runtime=1200.00s, PAR-2=2400.00s
[DEBUG] Processing 49/2285: UF/sledgehammer/Hoare/uf.997074.smt2
[DEBUG] Predicted solver: cvc5 for benchmark UF/sledgehammer/Hoare/uf.997074.smt2
[DEBUG] Benchmark UF/sledgehammer/Hoare/uf.997074.smt2: solved=True, runtime=0.51s, PAR-2=0.51s
[DEBUG] Processing 50/2285: UF/sledgehammer/StrongNorm/uf.732029.smt2
[DEBUG] Predicted solver: iProver for benchmark UF/sledgehammer/StrongNorm/uf.732029.smt2
[DEBUG] Benchmark UF/sledgehammer/StrongNorm/uf.732029.smt2: solved=False, runtime=1200.00s, PAR-2=2400.00s
[DEBUG] Processing 51/2285: UF/sledgehammer/TwoSquares/uf.707188.smt2
[DEBUG] Predicted solver: iProver for benchmark UF/sledgehammer/TwoSquares/uf.707188.smt2
[DEBUG] Benchmark UF/sledgehammer/TwoSquares/uf.707188.smt2: solved=False, runtime=1200.00s, PAR-2=2400.00s
[DEBUG] Processing 52/2285: UF/sledgehammer/Hoare/uf.715453.smt2
[DEBUG] Predicted solver: cvc5 for benchmark UF/sledgehammer/Hoare/uf.715453.smt2
[DEBUG] Benchmark UF/sledgehammer/Hoare/uf.715453.smt2: solved=False, runtime=1200.00s, PAR-2=2400.00s
[DEBUG] Processing 53/2285: UF/20170428-Barrett/cdt-cade2015/nada/afp/coinductive_list/x2015_09_10_17_11_29_804_2555176.smt_in.smt2
[DEBUG] Predicted solver: Yices2 for benchmark UF/20170428-Barrett/cdt-cade2015/nada/afp/coinductive_list/x2015_09_10_17_11_29_804_2555176.smt_in.smt2
[DEBUG] Benchmark UF/20170428-Barrett/cdt-cade2015/nada/afp/coinductive_list/x2015_09_10_17_11_29_804_2555176.smt_in.smt2: solved=False, runtime=1200.00s, PAR-2=2400.00s
[DEBUG] Processing 54/2285: UF/20170428-Barrett/cdt-cade2015/nada/distro/rbt_impl/x2015_09_10_16_59_28_618_1911071.smt_in.smt2
[DEBUG] Predicted solver: cvc5 for benchmark UF/20170428-Barrett/cdt-cade2015/nada/distro/rbt_impl/x2015_09_10_16_59_28_618_1911071.smt_in.smt2
[DEBUG] Benchmark UF/20170428-Barrett/cdt-cade2015/nada/distro/rbt_impl/x2015_09_10_16_59_28_618_1911071.smt_in.smt2: solved=False, runtime=1200.00s, PAR-2=2400.00s
[DEBUG] Processing 55/2285: UF/sledgehammer/NS_Shared/smtlib.791501.smt2
[DEBUG] Predicted solver: iProver for benchmark UF/sledgehammer/NS_Shared/smtlib.791501.smt2
[DEBUG] Benchmark UF/sledgehammer/NS_Shared/smtlib.791501.smt2: solved=True, runtime=3.38s, PAR-2=3.38s
[DEBUG] Processing 56/2285: UF/sledgehammer/StrongNorm/uf.790816.smt2
[DEBUG] Predicted solver: cvc5 for benchmark UF/sledgehammer/StrongNorm/uf.790816.smt2
[DEBUG] Benchmark UF/sledgehammer/StrongNorm/uf.790816.smt2: solved=True, runtime=0.28s, PAR-2=0.28s
[DEBUG] Processing 57/2285: UF/sledgehammer/StrongNorm/uf.581242.smt2
[DEBUG] Predicted solver: cvc5 for benchmark UF/sledgehammer/StrongNorm/uf.581242.smt2
[DEBUG] Benchmark UF/sledgehammer/StrongNorm/uf.581242.smt2: solved=False, runtime=1200.00s, PAR-2=2400.00s
[DEBUG] Processing 58/2285: UF/sledgehammer/FFT/uf.826132.smt2
[DEBUG] Predicted solver: iProver for benchmark UF/sledgehammer/FFT/uf.826132.smt2
[DEBUG] Benchmark UF/sledgehammer/FFT/uf.826132.smt2: solved=True, runtime=0.95s, PAR-2=0.95s
[DEBUG] Processing 59/2285: UF/sledgehammer/Arrow_Order/uf.674949.smt2
[DEBUG] Predicted solver: cvc5 for benchmark UF/sledgehammer/Arrow_Order/uf.674949.smt2
[DEBUG] Benchmark UF/sledgehammer/Arrow_Order/uf.674949.smt2: solved=True, runtime=0.43s, PAR-2=0.43s
[DEBUG] Processing 60/2285: UF/20170428-Barrett/cdt-cade2015/nada/afp/tllist/x2015_09_10_17_00_26_190_1349370.smt_in.smt2
[DEBUG] Predicted solver: cvc5 for benchmark UF/20170428-Barrett/cdt-cade2015/nada/afp/tllist/x2015_09_10_17_00_26_190_1349370.smt_in.smt2
[DEBUG] Benchmark UF/20170428-Barrett/cdt-cade2015/nada/afp/tllist/x2015_09_10_17_00_26_190_1349370.smt_in.smt2: solved=True, runtime=0.31s, PAR-2=0.31s
[DEBUG] Processing 61/2285: UF/sledgehammer/QEpres/uf.791248.smt2
[DEBUG] Predicted solver: cvc5 for benchmark UF/sledgehammer/QEpres/uf.791248.smt2
[DEBUG] Benchmark UF/sledgehammer/QEpres/uf.791248.smt2: solved=False, runtime=1200.00s, PAR-2=2400.00s
[DEBUG] Processing 62/2285: UF/sledgehammer/FFT/uf.763540.smt2
[DEBUG] Predicted solver: iProver for benchmark UF/sledgehammer/FFT/uf.763540.smt2
[DEBUG] Benchmark UF/sledgehammer/FFT/uf.763540.smt2: solved=False, runtime=1200.00s, PAR-2=2400.00s
[DEBUG] Processing 63/2285: UF/20170428-Barrett/cdt-cade2015/nada/afp/huffman/x2015_09_10_16_46_58_732_1021788.smt_in.smt2
[DEBUG] Predicted solver: iProver for benchmark UF/20170428-Barrett/cdt-cade2015/nada/afp/huffman/x2015_09_10_16_46_58_732_1021788.smt_in.smt2
[DEBUG] Benchmark UF/20170428-Barrett/cdt-cade2015/nada/afp/huffman/x2015_09_10_16_46_58_732_1021788.smt_in.smt2: solved=False, runtime=1200.00s, PAR-2=2400.00s
[DEBUG] Processing 64/2285: UF/sledgehammer/Arrow_Order/uf.625947.smt2
[DEBUG] Predicted solver: cvc5 for benchmark UF/sledgehammer/Arrow_Order/uf.625947.smt2
[DEBUG] Benchmark UF/sledgehammer/Arrow_Order/uf.625947.smt2: solved=False, runtime=1200.00s, PAR-2=2400.00s
[DEBUG] Processing 65/2285: UF/20170428-Barrett/cdt-cade2015/nada/afp/huffman/x2015_09_10_16_50_30_559_1254530.smt_in.smt2
[DEBUG] Predicted solver: Yices2 for benchmark UF/20170428-Barrett/cdt-cade2015/nada/afp/huffman/x2015_09_10_16_50_30_559_1254530.smt_in.smt2
[DEBUG] Benchmark UF/20170428-Barrett/cdt-cade2015/nada/afp/huffman/x2015_09_10_16_50_30_559_1254530.smt_in.smt2: solved=True, runtime=0.25s, PAR-2=0.25s
[DEBUG] Processing 66/2285: UF/sledgehammer/StrongNorm/uf.723796.smt2
[DEBUG] Predicted solver: iProver for benchmark UF/sledgehammer/StrongNorm/uf.723796.smt2
[DEBUG] Benchmark UF/sledgehammer/StrongNorm/uf.723796.smt2: solved=False, runtime=1200.00s, PAR-2=2400.00s
[DEBUG] Processing 67/2285: UF/sledgehammer/TypeSafe/uf.1333426.smt2
[DEBUG] Predicted solver: iProver for benchmark UF/sledgehammer/TypeSafe/uf.1333426.smt2
[DEBUG] Benchmark UF/sledgehammer/TypeSafe/uf.1333426.smt2: solved=False, runtime=1200.00s, PAR-2=2400.00s
[DEBUG] Processing 68/2285: UF/sledgehammer/StrongNorm/uf.828954.smt2
[DEBUG] Predicted solver: cvc5 for benchmark UF/sledgehammer/StrongNorm/uf.828954.smt2
[DEBUG] Benchmark UF/sledgehammer/StrongNorm/uf.828954.smt2: solved=False, runtime=1200.00s, PAR-2=2400.00s
[DEBUG] Processing 69/2285: UF/20170428-Barrett/cdt-cade2015/nada/distro/gram_lang/x2015_09_10_16_47_14_511_1050438.smt_in.smt2
[DEBUG] Predicted solver: Yices2 for benchmark UF/20170428-Barrett/cdt-cade2015/nada/distro/gram_lang/x2015_09_10_16_47_14_511_1050438.smt_in.smt2
[DEBUG] Benchmark UF/20170428-Barrett/cdt-cade2015/nada/distro/gram_lang/x2015_09_10_16_47_14_511_1050438.smt_in.smt2: solved=False, runtime=1200.00s, PAR-2=2400.00s
[DEBUG] Processing 70/2285: UF/sledgehammer/Hoare/uf.905772.smt2
[DEBUG] Predicted solver: iProver for benchmark UF/sledgehammer/Hoare/uf.905772.smt2
[DEBUG] Benchmark UF/sledgehammer/Hoare/uf.905772.smt2: solved=False, runtime=1200.00s, PAR-2=2400.00s
[DEBUG] Processing 71/2285: UF/20170428-Barrett/cdt-cade2015/nada/afp/huffman/x2015_09_10_16_49_47_015_1207389.smt_in.smt2
[DEBUG] Predicted solver: cvc5 for benchmark UF/20170428-Barrett/cdt-cade2015/nada/afp/huffman/x2015_09_10_16_49_47_015_1207389.smt_in.smt2
[DEBUG] Benchmark UF/20170428-Barrett/cdt-cade2015/nada/afp/huffman/x2015_09_10_16_49_47_015_1207389.smt_in.smt2: solved=True, runtime=0.28s, PAR-2=0.28s
[DEBUG] Processing 72/2285: UF/sledgehammer/QEpres/uf.692344.smt2
[DEBUG] Predicted solver: cvc5 for benchmark UF/sledgehammer/QEpres/uf.692344.smt2
[DEBUG] Benchmark UF/sledgehammer/QEpres/uf.692344.smt2: solved=True, runtime=828.79s, PAR-2=828.79s
[DEBUG] Processing 73/2285: UF/20170428-Barrett/cdt-cade2015/nada/afp/llist2/x2015_09_10_16_54_52_807_1256875.smt_in.smt2
[DEBUG] Predicted solver: cvc5 for benchmark UF/20170428-Barrett/cdt-cade2015/nada/afp/llist2/x2015_09_10_16_54_52_807_1256875.smt_in.smt2
[DEBUG] Benchmark UF/20170428-Barrett/cdt-cade2015/nada/afp/llist2/x2015_09_10_16_54_52_807_1256875.smt_in.smt2: solved=False, runtime=1200.00s, PAR-2=2400.00s
[DEBUG] Processing 74/2285: UF/sledgehammer/FFT/uf.800740.smt2
[DEBUG] Predicted solver: iProver for benchmark UF/sledgehammer/FFT/uf.800740.smt2
[DEBUG] Benchmark UF/sledgehammer/FFT/uf.800740.smt2: solved=False, runtime=1200.00s, PAR-2=2400.00s
[DEBUG] Processing 75/2285: UF/20170428-Barrett/cdt-cade2015/nada/distro/rbt_impl/x2015_09_10_16_59_11_590_1883244.smt_in.smt2
[DEBUG] Predicted solver: Yices2 for benchmark UF/20170428-Barrett/cdt-cade2015/nada/distro/rbt_impl/x2015_09_10_16_59_11_590_1883244.smt_in.smt2
[DEBUG] Benchmark UF/20170428-Barrett/cdt-cade2015/nada/distro/rbt_impl/x2015_09_10_16_59_11_590_1883244.smt_in.smt2: solved=False, runtime=1200.00s, PAR-2=2400.00s
[DEBUG] Processing 76/2285: UF/sledgehammer/Fundamental_Theorem_Algebra/uf.1309914.smt2
[DEBUG] Predicted solver: iProver for benchmark UF/sledgehammer/Fundamental_Theorem_Algebra/uf.1309914.smt2
[DEBUG] Benchmark UF/sledgehammer/Fundamental_Theorem_Algebra/uf.1309914.smt2: solved=True, runtime=0.89s, PAR-2=0.89s
[DEBUG] Processing 77/2285: UF/sledgehammer/QEpres/uf.976682.smt2
[DEBUG] Predicted solver: iProver for benchmark UF/sledgehammer/QEpres/uf.976682.smt2
[DEBUG] Benchmark UF/sledgehammer/QEpres/uf.976682.smt2: solved=False, runtime=1200.00s, PAR-2=2400.00s
[DEBUG] Processing 78/2285: UF/sledgehammer/NS_Shared/smtlib.871313.smt2
[DEBUG] Predicted solver: iProver for benchmark UF/sledgehammer/NS_Shared/smtlib.871313.smt2
[DEBUG] Benchmark UF/sledgehammer/NS_Shared/smtlib.871313.smt2: solved=False, runtime=1200.00s, PAR-2=2400.00s
[DEBUG] Processing 79/2285: UF/sledgehammer/Hoare/uf.1105286.smt2
[DEBUG] Predicted solver: cvc5 for benchmark UF/sledgehammer/Hoare/uf.1105286.smt2
[DEBUG] Benchmark UF/sledgehammer/Hoare/uf.1105286.smt2: solved=False, runtime=1200.00s, PAR-2=2400.00s
[DEBUG] Processing 80/2285: UF/sledgehammer/NS_Shared/smtlib.766362.smt2
[DEBUG] Predicted solver: iProver for benchmark UF/sledgehammer/NS_Shared/smtlib.766362.smt2
[DEBUG] Benchmark UF/sledgehammer/NS_Shared/smtlib.766362.smt2: solved=False, runtime=1200.00s, PAR-2=2400.00s
[DEBUG] Processing 81/2285: UF/20170428-Barrett/cdt-cade2015/nada/afp/coinductive_list/x2015_09_10_17_03_02_210_1874731.smt_in.smt2
[DEBUG] Predicted solver: cvc5 for benchmark UF/20170428-Barrett/cdt-cade2015/nada/afp/coinductive_list/x2015_09_10_17_03_02_210_1874731.smt_in.smt2
[DEBUG] Benchmark UF/20170428-Barrett/cdt-cade2015/nada/afp/coinductive_list/x2015_09_10_17_03_02_210_1874731.smt_in.smt2: solved=False, runtime=1200.00s, PAR-2=2400.00s
[DEBUG] Processing 82/2285: UF/sledgehammer/QEpres/uf.1050663.smt2
[DEBUG] Predicted solver: iProver for benchmark UF/sledgehammer/QEpres/uf.1050663.smt2
[DEBUG] Benchmark UF/sledgehammer/QEpres/uf.1050663.smt2: solved=True, runtime=1.35s, PAR-2=1.35s
[DEBUG] Processing 83/2285: UF/20170428-Barrett/cdt-cade2015/nada/afp/sorted_list_operations/x2015_09_10_16_48_29_594_1117113.smt_in.smt2
[DEBUG] Predicted solver: Yices2 for benchmark UF/20170428-Barrett/cdt-cade2015/nada/afp/sorted_list_operations/x2015_09_10_16_48_29_594_1117113.smt_in.smt2
[DEBUG] Benchmark UF/20170428-Barrett/cdt-cade2015/nada/afp/sorted_list_operations/x2015_09_10_16_48_29_594_1117113.smt_in.smt2: solved=False, runtime=1200.00s, PAR-2=2400.00s
[DEBUG] Processing 84/2285: UF/20170428-Barrett/cdt-cade2015/nada/afp/coinductive_list/x2015_09_10_17_03_21_587_1901497.smt_in.smt2
[DEBUG] Predicted solver: cvc5 for benchmark UF/20170428-Barrett/cdt-cade2015/nada/afp/coinductive_list/x2015_09_10_17_03_21_587_1901497.smt_in.smt2
[DEBUG] Benchmark UF/20170428-Barrett/cdt-cade2015/nada/afp/coinductive_list/x2015_09_10_17_03_21_587_1901497.smt_in.smt2: solved=False, runtime=1200.00s, PAR-2=2400.00s
[DEBUG] Processing 85/2285: UF/20170428-Barrett/cdt-cade2015/nada/afp/coinductive_list/x2015_09_10_17_00_50_137_1703386.smt_in.smt2
[DEBUG] Predicted solver: iProver for benchmark UF/20170428-Barrett/cdt-cade2015/nada/afp/coinductive_list/x2015_09_10_17_00_50_137_1703386.smt_in.smt2
[DEBUG] Benchmark UF/20170428-Barrett/cdt-cade2015/nada/afp/coinductive_list/x2015_09_10_17_00_50_137_1703386.smt_in.smt2: solved=False, runtime=1200.00s, PAR-2=2400.00s
[DEBUG] Processing 86/2285: UF/sledgehammer/Arrow_Order/uf.804900.smt2
[DEBUG] Predicted solver: cvc5 for benchmark UF/sledgehammer/Arrow_Order/uf.804900.smt2
[DEBUG] Benchmark UF/sledgehammer/Arrow_Order/uf.804900.smt2: solved=True, runtime=541.14s, PAR-2=541.14s
[DEBUG] Processing 87/2285: UF/sledgehammer/QEpres/uf.884456.smt2
[DEBUG] Predicted solver: iProver for benchmark UF/sledgehammer/QEpres/uf.884456.smt2
[DEBUG] Benchmark UF/sledgehammer/QEpres/uf.884456.smt2: solved=False, runtime=1200.00s, PAR-2=2400.00s
[DEBUG] Processing 88/2285: UF/20170428-Barrett/cdt-cade2015/nada/afp/coinductive_stream/x2015_09_10_17_25_01_009_1227491.smt_in.smt2
[DEBUG] Predicted solver: Yices2 for benchmark UF/20170428-Barrett/cdt-cade2015/nada/afp/coinductive_stream/x2015_09_10_17_25_01_009_1227491.smt_in.smt2
[DEBUG] Benchmark UF/20170428-Barrett/cdt-cade2015/nada/afp/coinductive_stream/x2015_09_10_17_25_01_009_1227491.smt_in.smt2: solved=False, runtime=1200.00s, PAR-2=2400.00s
[DEBUG] Processing 89/2285: UF/sledgehammer/FFT/uf.568337.smt2
[DEBUG] Predicted solver: cvc5 for benchmark UF/sledgehammer/FFT/uf.568337.smt2
[DEBUG] Benchmark UF/sledgehammer/FFT/uf.568337.smt2: solved=True, runtime=0.78s, PAR-2=0.78s
[DEBUG] Processing 90/2285: UF/20170428-Barrett/cdt-cade2015/nada/gandl/cotree/x2015_09_10_16_50_59_650_1095782.smt_in.smt2
[DEBUG] Predicted solver: cvc5 for benchmark UF/20170428-Barrett/cdt-cade2015/nada/gandl/cotree/x2015_09_10_16_50_59_650_1095782.smt_in.smt2
[DEBUG] Benchmark UF/20170428-Barrett/cdt-cade2015/nada/gandl/cotree/x2015_09_10_16_50_59_650_1095782.smt_in.smt2: solved=False, runtime=1200.00s, PAR-2=2400.00s
[DEBUG] Processing 91/2285: UF/sledgehammer/Arrow_Order/uf.648668.smt2
[DEBUG] Predicted solver: Yices2 for benchmark UF/sledgehammer/Arrow_Order/uf.648668.smt2
[DEBUG] Benchmark UF/sledgehammer/Arrow_Order/uf.648668.smt2: solved=False, runtime=1200.00s, PAR-2=2400.00s
[DEBUG] Processing 92/2285: UF/sledgehammer/Fundamental_Theorem_Algebra/uf.952589.smt2
[DEBUG] Predicted solver: Yices2 for benchmark UF/sledgehammer/Fundamental_Theorem_Algebra/uf.952589.smt2
[DEBUG] Benchmark UF/sledgehammer/Fundamental_Theorem_Algebra/uf.952589.smt2: solved=True, runtime=0.33s, PAR-2=0.33s
[DEBUG] Processing 93/2285: UF/sledgehammer/QEpres/uf.832491.smt2
[DEBUG] Predicted solver: cvc5 for benchmark UF/sledgehammer/QEpres/uf.832491.smt2
[DEBUG] Benchmark UF/sledgehammer/QEpres/uf.832491.smt2: solved=True, runtime=0.58s, PAR-2=0.58s
[DEBUG] Processing 94/2285: UF/20170428-Barrett/cdt-cade2015/nada/afp/coinductive_list/x2015_09_10_16_56_46_663_1466431.smt_in.smt2
[DEBUG] Predicted solver: cvc5 for benchmark UF/20170428-Barrett/cdt-cade2015/nada/afp/coinductive_list/x2015_09_10_16_56_46_663_1466431.smt_in.smt2
[DEBUG] Benchmark UF/20170428-Barrett/cdt-cade2015/nada/afp/coinductive_list/x2015_09_10_16_56_46_663_1466431.smt_in.smt2: solved=True, runtime=0.35s, PAR-2=0.35s
[DEBUG] Processing 95/2285: UF/sledgehammer/Hoare/uf.1101275.smt2
[DEBUG] Predicted solver: iProver for benchmark UF/sledgehammer/Hoare/uf.1101275.smt2
[DEBUG] Benchmark UF/sledgehammer/Hoare/uf.1101275.smt2: solved=False, runtime=1200.00s, PAR-2=2400.00s
[DEBUG] Processing 96/2285: UF/20170428-Barrett/cdt-cade2015/nada/afp/coinductive_list/x2015_09_10_17_07_04_399_2207674.smt_in.smt2
[DEBUG] Predicted solver: Yices2 for benchmark UF/20170428-Barrett/cdt-cade2015/nada/afp/coinductive_list/x2015_09_10_17_07_04_399_2207674.smt_in.smt2
[DEBUG] Benchmark UF/20170428-Barrett/cdt-cade2015/nada/afp/coinductive_list/x2015_09_10_17_07_04_399_2207674.smt_in.smt2: solved=False, runtime=1200.00s, PAR-2=2400.00s
[DEBUG] Processing 97/2285: UF/sledgehammer/Hoare/uf.731226.smt2
[DEBUG] Predicted solver: iProver for benchmark UF/sledgehammer/Hoare/uf.731226.smt2
[DEBUG] Benchmark UF/sledgehammer/Hoare/uf.731226.smt2: solved=False, runtime=1200.00s, PAR-2=2400.00s
[DEBUG] Processing 98/2285: UF/sledgehammer/Fundamental_Theorem_Algebra/uf.663505.smt2
[DEBUG] Predicted solver: cvc5 for benchmark UF/sledgehammer/Fundamental_Theorem_Algebra/uf.663505.smt2
[DEBUG] Benchmark UF/sledgehammer/Fundamental_Theorem_Algebra/uf.663505.smt2: solved=False, runtime=1200.00s, PAR-2=2400.00s
[DEBUG] Processing 99/2285: UF/sledgehammer/FFT/uf.628585.smt2
[DEBUG] Predicted solver: iProver for benchmark UF/sledgehammer/FFT/uf.628585.smt2
[DEBUG] Benchmark UF/sledgehammer/FFT/uf.628585.smt2: solved=False, runtime=1200.00s, PAR-2=2400.00s
[DEBUG] Processing 100/2285: UF/sledgehammer/QEpres/uf.932105.smt2
[DEBUG] Predicted solver: Yices2 for benchmark UF/sledgehammer/QEpres/uf.932105.smt2
[DEBUG] Benchmark UF/sledgehammer/QEpres/uf.932105.smt2: solved=False, runtime=1200.00s, PAR-2=2400.00s
[DEBUG] Processing 101/2285: UF/sledgehammer/QEpres/uf.1096516.smt2
[DEBUG] Predicted solver: iProver for benchmark UF/sledgehammer/QEpres/uf.1096516.smt2
[DEBUG] Benchmark UF/sledgehammer/QEpres/uf.1096516.smt2: solved=False, runtime=1200.00s, PAR-2=2400.00s
[DEBUG] Processing 102/2285: UF/20170428-Barrett/cdt-cade2015/nada/afp/abstract_completeness/x2015_09_10_16_59_53_049_1060516.smt_in.smt2
[DEBUG] Predicted solver: Yices2 for benchmark UF/20170428-Barrett/cdt-cade2015/nada/afp/abstract_completeness/x2015_09_10_16_59_53_049_1060516.smt_in.smt2
[DEBUG] Benchmark UF/20170428-Barrett/cdt-cade2015/nada/afp/abstract_completeness/x2015_09_10_16_59_53_049_1060516.smt_in.smt2: solved=False, runtime=1200.00s, PAR-2=2400.00s
[DEBUG] Processing 103/2285: UF/20170428-Barrett/cdt-cade2015/nada/distro/rbt_impl/x2015_09_10_16_53_33_398_1325885.smt_in.smt2
[DEBUG] Predicted solver: Yices2 for benchmark UF/20170428-Barrett/cdt-cade2015/nada/distro/rbt_impl/x2015_09_10_16_53_33_398_1325885.smt_in.smt2
[DEBUG] Benchmark UF/20170428-Barrett/cdt-cade2015/nada/distro/rbt_impl/x2015_09_10_16_53_33_398_1325885.smt_in.smt2: solved=False, runtime=1200.00s, PAR-2=2400.00s
[DEBUG] Processing 104/2285: UF/20190906-CLEARSY/0015/00098.smt2
[DEBUG] Predicted solver: Yices2 for benchmark UF/20190906-CLEARSY/0015/00098.smt2
[DEBUG] Benchmark UF/20190906-CLEARSY/0015/00098.smt2: solved=True, runtime=0.28s, PAR-2=0.28s
[DEBUG] Processing 105/2285: UF/sledgehammer/Hoare/uf.1028869.smt2
[DEBUG] Predicted solver: iProver for benchmark UF/sledgehammer/Hoare/uf.1028869.smt2
[DEBUG] Benchmark UF/sledgehammer/Hoare/uf.1028869.smt2: solved=False, runtime=1200.00s, PAR-2=2400.00s
[DEBUG] Processing 106/2285: UF/grasshopper/uninstantiated/copy_postcondition_of_copy_25_2.smt2
[DEBUG] Predicted solver: iProver for benchmark UF/grasshopper/uninstantiated/copy_postcondition_of_copy_25_2.smt2
[DEBUG] Benchmark UF/grasshopper/uninstantiated/copy_postcondition_of_copy_25_2.smt2: solved=True, runtime=180.52s, PAR-2=180.52s
[DEBUG] Processing 107/2285: UF/sledgehammer/TypeSafe/smtlib.1476770.smt2
[DEBUG] Predicted solver: cvc5 for benchmark UF/sledgehammer/TypeSafe/smtlib.1476770.smt2
[DEBUG] Benchmark UF/sledgehammer/TypeSafe/smtlib.1476770.smt2: solved=False, runtime=1200.00s, PAR-2=2400.00s
[DEBUG] Processing 108/2285: UF/sledgehammer/Fundamental_Theorem_Algebra/uf.1106692.smt2
[DEBUG] Predicted solver: iProver for benchmark UF/sledgehammer/Fundamental_Theorem_Algebra/uf.1106692.smt2
[DEBUG] Benchmark UF/sledgehammer/Fundamental_Theorem_Algebra/uf.1106692.smt2: solved=False, runtime=1200.00s, PAR-2=2400.00s
[DEBUG] Processing 109/2285: UF/20170428-Barrett/cdt-cade2015/nada/distro/rbt_impl/x2015_09_10_16_51_10_892_1087099.smt_in.smt2
[DEBUG] Predicted solver: Yices2 for benchmark UF/20170428-Barrett/cdt-cade2015/nada/distro/rbt_impl/x2015_09_10_16_51_10_892_1087099.smt_in.smt2
[DEBUG] Benchmark UF/20170428-Barrett/cdt-cade2015/nada/distro/rbt_impl/x2015_09_10_16_51_10_892_1087099.smt_in.smt2: solved=False, runtime=1200.00s, PAR-2=2400.00s
[DEBUG] Processing 110/2285: UF/20170428-Barrett/cdt-cade2015/nada/gandl/stern_brocot_tree/x2015_09_10_16_53_22_304_1162950.smt_in.smt2
[DEBUG] Predicted solver: cvc5 for benchmark UF/20170428-Barrett/cdt-cade2015/nada/gandl/stern_brocot_tree/x2015_09_10_16_53_22_304_1162950.smt_in.smt2
[DEBUG] Benchmark UF/20170428-Barrett/cdt-cade2015/nada/gandl/stern_brocot_tree/x2015_09_10_16_53_22_304_1162950.smt_in.smt2: solved=False, runtime=1200.00s, PAR-2=2400.00s
[DEBUG] Processing 111/2285: UF/20170428-Barrett/cdt-cade2015/nada/afp/splay_tree_analysis/x2015_09_10_16_56_26_954_1077626.smt_in.smt2
[DEBUG] Predicted solver: Yices2 for benchmark UF/20170428-Barrett/cdt-cade2015/nada/afp/splay_tree_analysis/x2015_09_10_16_56_26_954_1077626.smt_in.smt2
[DEBUG] Benchmark UF/20170428-Barrett/cdt-cade2015/nada/afp/splay_tree_analysis/x2015_09_10_16_56_26_954_1077626.smt_in.smt2: solved=True, runtime=293.42s, PAR-2=293.42s
[DEBUG] Processing 112/2285: UF/20170428-Barrett/cdt-cade2015/nada/afp/tllist/x2015_09_10_16_59_29_206_1279860.smt_in.smt2
[DEBUG] Predicted solver: Yices2 for benchmark UF/20170428-Barrett/cdt-cade2015/nada/afp/tllist/x2015_09_10_16_59_29_206_1279860.smt_in.smt2
[DEBUG] Benchmark UF/20170428-Barrett/cdt-cade2015/nada/afp/tllist/x2015_09_10_16_59_29_206_1279860.smt_in.smt2: solved=False, runtime=1200.00s, PAR-2=2400.00s
[DEBUG] Processing 113/2285: UF/sledgehammer/FFT/uf.792025.smt2
[DEBUG] Predicted solver: iProver for benchmark UF/sledgehammer/FFT/uf.792025.smt2
[DEBUG] Benchmark UF/sledgehammer/FFT/uf.792025.smt2: solved=True, runtime=1.35s, PAR-2=1.35s
[DEBUG] Processing 114/2285: UF/sledgehammer/Arrow_Order/smtlib.722137.smt2
[DEBUG] Predicted solver: cvc5 for benchmark UF/sledgehammer/Arrow_Order/smtlib.722137.smt2
[DEBUG] Benchmark UF/sledgehammer/Arrow_Order/smtlib.722137.smt2: solved=False, runtime=1200.00s, PAR-2=2400.00s
[DEBUG] Processing 115/2285: UF/sledgehammer/Arrow_Order/uf.646503.smt2
[DEBUG] Predicted solver: cvc5 for benchmark UF/sledgehammer/Arrow_Order/uf.646503.smt2
[DEBUG] Benchmark UF/sledgehammer/Arrow_Order/uf.646503.smt2: solved=True, runtime=0.38s, PAR-2=0.38s
[DEBUG] Processing 116/2285: UF/sledgehammer/TwoSquares/uf.818150.smt2
[DEBUG] Predicted solver: iProver for benchmark UF/sledgehammer/TwoSquares/uf.818150.smt2
[DEBUG] Benchmark UF/sledgehammer/TwoSquares/uf.818150.smt2: solved=True, runtime=25.42s, PAR-2=25.42s
[DEBUG] Processing 117/2285: UF/20170428-Barrett/cdt-cade2015/nada/afp/coinductive_list/x2015_09_10_16_57_22_327_1498984.smt_in.smt2
[DEBUG] Predicted solver: cvc5 for benchmark UF/20170428-Barrett/cdt-cade2015/nada/afp/coinductive_list/x2015_09_10_16_57_22_327_1498984.smt_in.smt2
[DEBUG] Benchmark UF/20170428-Barrett/cdt-cade2015/nada/afp/coinductive_list/x2015_09_10_16_57_22_327_1498984.smt_in.smt2: solved=True, runtime=546.92s, PAR-2=546.92s
[DEBUG] Processing 118/2285: UF/sledgehammer/StrongNorm/uf.781428.smt2
[DEBUG] Predicted solver: iProver for benchmark UF/sledgehammer/StrongNorm/uf.781428.smt2
[DEBUG] Benchmark UF/sledgehammer/StrongNorm/uf.781428.smt2: solved=False, runtime=1200.00s, PAR-2=2400.00s
[DEBUG] Processing 119/2285: UF/sledgehammer/TwoSquares/uf.703271.smt2
[DEBUG] Predicted solver: iProver for benchmark UF/sledgehammer/TwoSquares/uf.703271.smt2
[DEBUG] Benchmark UF/sledgehammer/TwoSquares/uf.703271.smt2: solved=False, runtime=1200.00s, PAR-2=2400.00s
[DEBUG] Processing 120/2285: UF/sledgehammer/TypeSafe/smtlib.1273038.smt2
[DEBUG] Predicted solver: Yices2 for benchmark UF/sledgehammer/TypeSafe/smtlib.1273038.smt2
[DEBUG] Benchmark UF/sledgehammer/TypeSafe/smtlib.1273038.smt2: solved=False, runtime=1200.00s, PAR-2=2400.00s
[DEBUG] Processing 121/2285: UF/20170428-Barrett/cdt-cade2015/nada/distro/stream/x2015_09_10_16_48_22_724_1090614.smt_in.smt2
[DEBUG] Predicted solver: Yices2 for benchmark UF/20170428-Barrett/cdt-cade2015/nada/distro/stream/x2015_09_10_16_48_22_724_1090614.smt_in.smt2
[DEBUG] Benchmark UF/20170428-Barrett/cdt-cade2015/nada/distro/stream/x2015_09_10_16_48_22_724_1090614.smt_in.smt2: solved=False, runtime=1200.00s, PAR-2=2400.00s
[DEBUG] Processing 122/2285: UF/sledgehammer/FFT/uf.562918.smt2
[DEBUG] Predicted solver: Yices2 for benchmark UF/sledgehammer/FFT/uf.562918.smt2
[DEBUG] Benchmark UF/sledgehammer/FFT/uf.562918.smt2: solved=False, runtime=1200.00s, PAR-2=2400.00s
[DEBUG] Processing 123/2285: UF/20170428-Barrett/cdt-cade2015/nada/gandl/bird_tree/x2015_09_10_16_55_00_922_1043783.smt_in.smt2
[DEBUG] Predicted solver: iProver for benchmark UF/20170428-Barrett/cdt-cade2015/nada/gandl/bird_tree/x2015_09_10_16_55_00_922_1043783.smt_in.smt2
[DEBUG] Benchmark UF/20170428-Barrett/cdt-cade2015/nada/gandl/bird_tree/x2015_09_10_16_55_00_922_1043783.smt_in.smt2: solved=False, runtime=1200.00s, PAR-2=2400.00s
[DEBUG] Processing 124/2285: UF/sledgehammer/FFT/uf.799412.smt2
[DEBUG] Predicted solver: iProver for benchmark UF/sledgehammer/FFT/uf.799412.smt2
[DEBUG] Benchmark UF/sledgehammer/FFT/uf.799412.smt2: solved=True, runtime=11.39s, PAR-2=11.39s
[DEBUG] Processing 125/2285: UF/sledgehammer/TwoSquares/uf.596537.smt2
[DEBUG] Predicted solver: cvc5 for benchmark UF/sledgehammer/TwoSquares/uf.596537.smt2
[DEBUG] Benchmark UF/sledgehammer/TwoSquares/uf.596537.smt2: solved=False, runtime=1200.00s, PAR-2=2400.00s
[DEBUG] Processing 126/2285: UF/sledgehammer/TypeSafe/smtlib.1454628.smt2
[DEBUG] Predicted solver: Yices2 for benchmark UF/sledgehammer/TypeSafe/smtlib.1454628.smt2
[DEBUG] Benchmark UF/sledgehammer/TypeSafe/smtlib.1454628.smt2: solved=False, runtime=1200.00s, PAR-2=2400.00s
[DEBUG] Processing 127/2285: UF/sledgehammer/FFT/uf.770195.smt2
[DEBUG] Predicted solver: iProver for benchmark UF/sledgehammer/FFT/uf.770195.smt2
[DEBUG] Benchmark UF/sledgehammer/FFT/uf.770195.smt2: solved=False, runtime=1200.00s, PAR-2=2400.00s
[DEBUG] Processing 128/2285: UF/sledgehammer/FFT/uf.759770.smt2
[DEBUG] Predicted solver: iProver for benchmark UF/sledgehammer/FFT/uf.759770.smt2
[DEBUG] Benchmark UF/sledgehammer/FFT/uf.759770.smt2: solved=False, runtime=1200.00s, PAR-2=2400.00s
[DEBUG] Processing 129/2285: UF/sledgehammer/FFT/uf.879655.smt2
[DEBUG] Predicted solver: iProver for benchmark UF/sledgehammer/FFT/uf.879655.smt2
[DEBUG] Benchmark UF/sledgehammer/FFT/uf.879655.smt2: solved=False, runtime=1200.00s, PAR-2=2400.00s
[DEBUG] Processing 130/2285: UF/sledgehammer/FFT/uf.658762.smt2
[DEBUG] Predicted solver: iProver for benchmark UF/sledgehammer/FFT/uf.658762.smt2
[DEBUG] Benchmark UF/sledgehammer/FFT/uf.658762.smt2: solved=False, runtime=1200.00s, PAR-2=2400.00s
[DEBUG] Processing 131/2285: UF/sledgehammer/Hoare/uf.815609.smt2
[DEBUG] Predicted solver: iProver for benchmark UF/sledgehammer/Hoare/uf.815609.smt2
[DEBUG] Benchmark UF/sledgehammer/Hoare/uf.815609.smt2: solved=True, runtime=2.89s, PAR-2=2.89s
[DEBUG] Processing 132/2285: UF/sledgehammer/TwoSquares/uf.750138.smt2
[DEBUG] Predicted solver: iProver for benchmark UF/sledgehammer/TwoSquares/uf.750138.smt2
[DEBUG] Benchmark UF/sledgehammer/TwoSquares/uf.750138.smt2: solved=False, runtime=1200.00s, PAR-2=2400.00s
[DEBUG] Processing 133/2285: UF/sledgehammer/Hoare/uf.1000634.smt2
[DEBUG] Predicted solver: cvc5 for benchmark UF/sledgehammer/Hoare/uf.1000634.smt2
[DEBUG] Benchmark UF/sledgehammer/Hoare/uf.1000634.smt2: solved=True, runtime=0.38s, PAR-2=0.38s
[DEBUG] Processing 134/2285: UF/20170428-Barrett/cdt-cade2015/nada/gandl/stern_brocot_tree/x2015_09_10_16_52_43_811_1130425.smt_in.smt2
[DEBUG] Predicted solver: cvc5 for benchmark UF/20170428-Barrett/cdt-cade2015/nada/gandl/stern_brocot_tree/x2015_09_10_16_52_43_811_1130425.smt_in.smt2
[DEBUG] Benchmark UF/20170428-Barrett/cdt-cade2015/nada/gandl/stern_brocot_tree/x2015_09_10_16_52_43_811_1130425.smt_in.smt2: solved=True, runtime=0.33s, PAR-2=0.33s
[DEBUG] Processing 135/2285: UF/sledgehammer/QEpres/uf.1117522.smt2
[DEBUG] Predicted solver: iProver for benchmark UF/sledgehammer/QEpres/uf.1117522.smt2
[DEBUG] Benchmark UF/sledgehammer/QEpres/uf.1117522.smt2: solved=False, runtime=1200.00s, PAR-2=2400.00s
[DEBUG] Processing 136/2285: UF/sledgehammer/TypeSafe/smtlib.1425919.smt2
[DEBUG] Predicted solver: iProver for benchmark UF/sledgehammer/TypeSafe/smtlib.1425919.smt2
[DEBUG] Benchmark UF/sledgehammer/TypeSafe/smtlib.1425919.smt2: solved=True, runtime=3.85s, PAR-2=3.85s
[DEBUG] Processing 137/2285: UF/sledgehammer/Fundamental_Theorem_Algebra/uf.685203.smt2
[DEBUG] Predicted solver: SMTInterpol for benchmark UF/sledgehammer/Fundamental_Theorem_Algebra/uf.685203.smt2
[DEBUG] Benchmark UF/sledgehammer/Fundamental_Theorem_Algebra/uf.685203.smt2: solved=False, runtime=1200.00s, PAR-2=2400.00s
[DEBUG] Processing 138/2285: UF/20170428-Barrett/cdt-cade2015/nada/afp/huffman/x2015_09_10_16_51_54_847_1342145.smt_in.smt2
[DEBUG] Predicted solver: iProver for benchmark UF/20170428-Barrett/cdt-cade2015/nada/afp/huffman/x2015_09_10_16_51_54_847_1342145.smt_in.smt2
[DEBUG] Benchmark UF/20170428-Barrett/cdt-cade2015/nada/afp/huffman/x2015_09_10_16_51_54_847_1342145.smt_in.smt2: solved=False, runtime=1200.00s, PAR-2=2400.00s
[DEBUG] Processing 139/2285: UF/sledgehammer/NS_Shared/uf.766026.smt2
[DEBUG] Predicted solver: iProver for benchmark UF/sledgehammer/NS_Shared/uf.766026.smt2
[DEBUG] Benchmark UF/sledgehammer/NS_Shared/uf.766026.smt2: solved=False, runtime=1200.00s, PAR-2=2400.00s
[DEBUG] Processing 140/2285: UF/20170428-Barrett/cdt-cade2015/nada/afp/coinductive_list/x2015_09_10_17_04_45_586_2016460.smt_in.smt2
[DEBUG] Predicted solver: cvc5 for benchmark UF/20170428-Barrett/cdt-cade2015/nada/afp/coinductive_list/x2015_09_10_17_04_45_586_2016460.smt_in.smt2
[DEBUG] Benchmark UF/20170428-Barrett/cdt-cade2015/nada/afp/coinductive_list/x2015_09_10_17_04_45_586_2016460.smt_in.smt2: solved=False, runtime=1200.00s, PAR-2=2400.00s
[DEBUG] Processing 141/2285: UF/sledgehammer/Hoare/uf.861424.smt2
[DEBUG] Predicted solver: iProver for benchmark UF/sledgehammer/Hoare/uf.861424.smt2
[DEBUG] Benchmark UF/sledgehammer/Hoare/uf.861424.smt2: solved=False, runtime=1200.00s, PAR-2=2400.00s
[DEBUG] Processing 142/2285: UF/sledgehammer/Hoare/uf.954699.smt2
[DEBUG] Predicted solver: iProver for benchmark UF/sledgehammer/Hoare/uf.954699.smt2
[DEBUG] Benchmark UF/sledgehammer/Hoare/uf.954699.smt2: solved=False, runtime=1200.00s, PAR-2=2400.00s
[DEBUG] Processing 143/2285: UF/sledgehammer/NS_Shared/smtlib.717319.smt2
[DEBUG] Predicted solver: iProver for benchmark UF/sledgehammer/NS_Shared/smtlib.717319.smt2
[DEBUG] Benchmark UF/sledgehammer/NS_Shared/smtlib.717319.smt2: solved=False, runtime=1200.00s, PAR-2=2400.00s
[DEBUG] Processing 144/2285: UF/sledgehammer/Hoare/uf.679529.smt2
[DEBUG] Predicted solver: iProver for benchmark UF/sledgehammer/Hoare/uf.679529.smt2
[DEBUG] Benchmark UF/sledgehammer/Hoare/uf.679529.smt2: solved=True, runtime=0.86s, PAR-2=0.86s
[DEBUG] Processing 145/2285: UF/sledgehammer/FFT/uf.624821.smt2
[DEBUG] Predicted solver: iProver for benchmark UF/sledgehammer/FFT/uf.624821.smt2
[DEBUG] Benchmark UF/sledgehammer/FFT/uf.624821.smt2: solved=False, runtime=1200.00s, PAR-2=2400.00s
[DEBUG] Processing 146/2285: UF/sledgehammer/QEpres/uf.847076.smt2
[DEBUG] Predicted solver: Yices2 for benchmark UF/sledgehammer/QEpres/uf.847076.smt2
[DEBUG] Benchmark UF/sledgehammer/QEpres/uf.847076.smt2: solved=True, runtime=0.25s, PAR-2=0.25s
[DEBUG] Processing 147/2285: UF/sledgehammer/Hoare/uf.875671.smt2
[DEBUG] Predicted solver: iProver for benchmark UF/sledgehammer/Hoare/uf.875671.smt2
[DEBUG] Benchmark UF/sledgehammer/Hoare/uf.875671.smt2: solved=True, runtime=1.35s, PAR-2=1.35s
[DEBUG] Processing 148/2285: UF/sledgehammer/TypeSafe/smtlib.1418887.smt2
[DEBUG] Predicted solver: iProver for benchmark UF/sledgehammer/TypeSafe/smtlib.1418887.smt2
[DEBUG] Benchmark UF/sledgehammer/TypeSafe/smtlib.1418887.smt2: solved=False, runtime=1200.00s, PAR-2=2400.00s
[DEBUG] Processing 149/2285: UF/sledgehammer/Hoare/smtlib.1237999.smt2
[DEBUG] Predicted solver: iProver for benchmark UF/sledgehammer/Hoare/smtlib.1237999.smt2
[DEBUG] Benchmark UF/sledgehammer/Hoare/smtlib.1237999.smt2: solved=True, runtime=0.84s, PAR-2=0.84s
[DEBUG] Processing 150/2285: UF/sledgehammer/NS_Shared/uf.871419.smt2
[DEBUG] Predicted solver: iProver for benchmark UF/sledgehammer/NS_Shared/uf.871419.smt2
[DEBUG] Benchmark UF/sledgehammer/NS_Shared/uf.871419.smt2: solved=False, runtime=1200.00s, PAR-2=2400.00s
[DEBUG] Processing 151/2285: UF/20170428-Barrett/cdt-cade2015/nada/afp/bindag/x2015_09_10_16_52_55_862_1022770.smt_in.smt2
[DEBUG] Predicted solver: cvc5 for benchmark UF/20170428-Barrett/cdt-cade2015/nada/afp/bindag/x2015_09_10_16_52_55_862_1022770.smt_in.smt2
[DEBUG] Benchmark UF/20170428-Barrett/cdt-cade2015/nada/afp/bindag/x2015_09_10_16_52_55_862_1022770.smt_in.smt2: solved=False, runtime=1200.00s, PAR-2=2400.00s
[DEBUG] Processing 152/2285: UF/sledgehammer/Fundamental_Theorem_Algebra/smtlib.710275.smt2
[DEBUG] Predicted solver: iProver for benchmark UF/sledgehammer/Fundamental_Theorem_Algebra/smtlib.710275.smt2
[DEBUG] Benchmark UF/sledgehammer/Fundamental_Theorem_Algebra/smtlib.710275.smt2: solved=False, runtime=1200.00s, PAR-2=2400.00s
[DEBUG] Processing 153/2285: UF/sledgehammer/QEpres/uf.948498.smt2
[DEBUG] Predicted solver: cvc5 for benchmark UF/sledgehammer/QEpres/uf.948498.smt2
[DEBUG] Benchmark UF/sledgehammer/QEpres/uf.948498.smt2: solved=True, runtime=0.56s, PAR-2=0.56s
[DEBUG] Processing 154/2285: UF/20170428-Barrett/cdt-cade2015/nada/distro/rbt_impl/x2015_09_10_16_53_23_271_1307780.smt_in.smt2
[DEBUG] Predicted solver: Yices2 for benchmark UF/20170428-Barrett/cdt-cade2015/nada/distro/rbt_impl/x2015_09_10_16_53_23_271_1307780.smt_in.smt2
[DEBUG] Benchmark UF/20170428-Barrett/cdt-cade2015/nada/distro/rbt_impl/x2015_09_10_16_53_23_271_1307780.smt_in.smt2: solved=False, runtime=1200.00s, PAR-2=2400.00s
[DEBUG] Processing 155/2285: UF/20170428-Barrett/cdt-cade2015/nada/afp/huffman/x2015_09_10_16_48_29_540_1117078.smt_in.smt2
[DEBUG] Predicted solver: cvc5 for benchmark UF/20170428-Barrett/cdt-cade2015/nada/afp/huffman/x2015_09_10_16_48_29_540_1117078.smt_in.smt2
[DEBUG] Benchmark UF/20170428-Barrett/cdt-cade2015/nada/afp/huffman/x2015_09_10_16_48_29_540_1117078.smt_in.smt2: solved=False, runtime=1200.00s, PAR-2=2400.00s
[DEBUG] Processing 156/2285: UF/sledgehammer/Hoare/uf.728215.smt2
[DEBUG] Predicted solver: iProver for benchmark UF/sledgehammer/Hoare/uf.728215.smt2
[DEBUG] Benchmark UF/sledgehammer/Hoare/uf.728215.smt2: solved=False, runtime=1200.00s, PAR-2=2400.00s
[DEBUG] Processing 157/2285: UF/sledgehammer/QEpres/uf.661809.smt2
[DEBUG] Predicted solver: iProver for benchmark UF/sledgehammer/QEpres/uf.661809.smt2
[DEBUG] Benchmark UF/sledgehammer/QEpres/uf.661809.smt2: solved=False, runtime=1200.00s, PAR-2=2400.00s
[DEBUG] Processing 158/2285: UF/sledgehammer/QEpres/uf.724321.smt2
[DEBUG] Predicted solver: Yices2 for benchmark UF/sledgehammer/QEpres/uf.724321.smt2
[DEBUG] Benchmark UF/sledgehammer/QEpres/uf.724321.smt2: solved=False, runtime=1200.00s, PAR-2=2400.00s
[DEBUG] Processing 159/2285: UF/sledgehammer/QEpres/uf.1099368.smt2
[DEBUG] Predicted solver: cvc5 for benchmark UF/sledgehammer/QEpres/uf.1099368.smt2
[DEBUG] Benchmark UF/sledgehammer/QEpres/uf.1099368.smt2: solved=False, runtime=1200.00s, PAR-2=2400.00s
[DEBUG] Processing 160/2285: UF/sledgehammer/QEpres/uf.741029.smt2
[DEBUG] Predicted solver: iProver for benchmark UF/sledgehammer/QEpres/uf.741029.smt2
[DEBUG] Benchmark UF/sledgehammer/QEpres/uf.741029.smt2: solved=True, runtime=2.37s, PAR-2=2.37s
[DEBUG] Processing 161/2285: UF/20170428-Barrett/cdt-cade2015/nada/afp/huffman/x2015_09_10_16_51_50_869_1339870.smt_in.smt2
[DEBUG] Predicted solver: Yices2 for benchmark UF/20170428-Barrett/cdt-cade2015/nada/afp/huffman/x2015_09_10_16_51_50_869_1339870.smt_in.smt2
[DEBUG] Benchmark UF/20170428-Barrett/cdt-cade2015/nada/afp/huffman/x2015_09_10_16_51_50_869_1339870.smt_in.smt2: solved=False, runtime=1200.00s, PAR-2=2400.00s
[DEBUG] Processing 162/2285: UF/sledgehammer/Fundamental_Theorem_Algebra/uf.1184362.smt2
[DEBUG] Predicted solver: iProver for benchmark UF/sledgehammer/Fundamental_Theorem_Algebra/uf.1184362.smt2
[DEBUG] Benchmark UF/sledgehammer/Fundamental_Theorem_Algebra/uf.1184362.smt2: solved=False, runtime=1200.00s, PAR-2=2400.00s
[DEBUG] Processing 163/2285: UF/grasshopper/uninstantiated/rec_insert_postcondition_of_rec_insert_19_6.smt2
[DEBUG] Predicted solver: Yices2 for benchmark UF/grasshopper/uninstantiated/rec_insert_postcondition_of_rec_insert_19_6.smt2
[DEBUG] Benchmark UF/grasshopper/uninstantiated/rec_insert_postcondition_of_rec_insert_19_6.smt2: solved=True, runtime=0.22s, PAR-2=0.22s
[DEBUG] Processing 164/2285: UF/sledgehammer/NS_Shared/uf.870063.smt2
[DEBUG] Predicted solver: Yices2 for benchmark UF/sledgehammer/NS_Shared/uf.870063.smt2
[DEBUG] Benchmark UF/sledgehammer/NS_Shared/uf.870063.smt2: solved=False, runtime=1200.00s, PAR-2=2400.00s
[DEBUG] Processing 165/2285: UF/20170428-Barrett/cdt-cade2015/nada/distro/gram_lang/x2015_09_10_16_49_10_691_1179770.smt_in.smt2
[DEBUG] Predicted solver: cvc5 for benchmark UF/20170428-Barrett/cdt-cade2015/nada/distro/gram_lang/x2015_09_10_16_49_10_691_1179770.smt_in.smt2
[DEBUG] Benchmark UF/20170428-Barrett/cdt-cade2015/nada/distro/gram_lang/x2015_09_10_16_49_10_691_1179770.smt_in.smt2: solved=False, runtime=1200.00s, PAR-2=2400.00s
[DEBUG] Processing 166/2285: UF/20170428-Barrett/cdt-cade2015/nada/distro/rbt_impl/x2015_09_10_16_53_21_970_1306100.smt_in.smt2
[DEBUG] Predicted solver: Yices2 for benchmark UF/20170428-Barrett/cdt-cade2015/nada/distro/rbt_impl/x2015_09_10_16_53_21_970_1306100.smt_in.smt2
[DEBUG] Benchmark UF/20170428-Barrett/cdt-cade2015/nada/distro/rbt_impl/x2015_09_10_16_53_21_970_1306100.smt_in.smt2: solved=False, runtime=1200.00s, PAR-2=2400.00s
[DEBUG] Processing 167/2285: UF/sledgehammer/Fundamental_Theorem_Algebra/uf.1162614.smt2
[DEBUG] Predicted solver: cvc5 for benchmark UF/sledgehammer/Fundamental_Theorem_Algebra/uf.1162614.smt2
[DEBUG] Benchmark UF/sledgehammer/Fundamental_Theorem_Algebra/uf.1162614.smt2: solved=False, runtime=1200.00s, PAR-2=2400.00s
[DEBUG] Processing 168/2285: UF/20170428-Barrett/cdt-cade2015/nada/afp/coinductive_list/x2015_09_10_17_04_46_537_2017783.smt_in.smt2
[DEBUG] Predicted solver: Yices2 for benchmark UF/20170428-Barrett/cdt-cade2015/nada/afp/coinductive_list/x2015_09_10_17_04_46_537_2017783.smt_in.smt2
[DEBUG] Benchmark UF/20170428-Barrett/cdt-cade2015/nada/afp/coinductive_list/x2015_09_10_17_04_46_537_2017783.smt_in.smt2: solved=False, runtime=1200.00s, PAR-2=2400.00s
[DEBUG] Processing 169/2285: UF/sledgehammer/Fundamental_Theorem_Algebra/uf.1065126.smt2
[DEBUG] Predicted solver: cvc5 for benchmark UF/sledgehammer/Fundamental_Theorem_Algebra/uf.1065126.smt2
[DEBUG] Benchmark UF/sledgehammer/Fundamental_Theorem_Algebra/uf.1065126.smt2: solved=True, runtime=0.25s, PAR-2=0.25s
[DEBUG] Processing 170/2285: UF/20170428-Barrett/cdt-cade2015/nada/distro/gram_lang/x2015_09_10_16_55_03_243_1510717.smt_in.smt2
[DEBUG] Predicted solver: Yices2 for benchmark UF/20170428-Barrett/cdt-cade2015/nada/distro/gram_lang/x2015_09_10_16_55_03_243_1510717.smt_in.smt2
[DEBUG] Benchmark UF/20170428-Barrett/cdt-cade2015/nada/distro/gram_lang/x2015_09_10_16_55_03_243_1510717.smt_in.smt2: solved=False, runtime=1200.00s, PAR-2=2400.00s
[DEBUG] Processing 171/2285: UF/20170428-Barrett/cdt-cade2015/nada/afp/abstract_completeness/x2015_09_10_16_59_35_292_1041244.smt_in.smt2
[DEBUG] Predicted solver: Yices2 for benchmark UF/20170428-Barrett/cdt-cade2015/nada/afp/abstract_completeness/x2015_09_10_16_59_35_292_1041244.smt_in.smt2
[DEBUG] Benchmark UF/20170428-Barrett/cdt-cade2015/nada/afp/abstract_completeness/x2015_09_10_16_59_35_292_1041244.smt_in.smt2: solved=False, runtime=1200.00s, PAR-2=2400.00s
[DEBUG] Processing 172/2285: UF/20170428-Barrett/cdt-cade2015/nada/afp/coinductive_list/x2015_09_10_17_19_58_210_2902941.smt_in.smt2
[DEBUG] Predicted solver: cvc5 for benchmark UF/20170428-Barrett/cdt-cade2015/nada/afp/coinductive_list/x2015_09_10_17_19_58_210_2902941.smt_in.smt2
[DEBUG] Benchmark UF/20170428-Barrett/cdt-cade2015/nada/afp/coinductive_list/x2015_09_10_17_19_58_210_2902941.smt_in.smt2: solved=True, runtime=0.33s, PAR-2=0.33s
[DEBUG] Processing 173/2285: UF/20170428-Barrett/cdt-cade2015/nada/afp/tllist/x2015_09_10_17_00_58_384_1387951.smt_in.smt2
[DEBUG] Predicted solver: cvc5 for benchmark UF/20170428-Barrett/cdt-cade2015/nada/afp/tllist/x2015_09_10_17_00_58_384_1387951.smt_in.smt2
[DEBUG] Benchmark UF/20170428-Barrett/cdt-cade2015/nada/afp/tllist/x2015_09_10_17_00_58_384_1387951.smt_in.smt2: solved=False, runtime=1200.00s, PAR-2=2400.00s
[DEBUG] Processing 174/2285: UF/sledgehammer/FFT/uf.885980.smt2
[DEBUG] Predicted solver: iProver for benchmark UF/sledgehammer/FFT/uf.885980.smt2
[DEBUG] Benchmark UF/sledgehammer/FFT/uf.885980.smt2: solved=False, runtime=1200.00s, PAR-2=2400.00s
[DEBUG] Processing 175/2285: UF/sledgehammer/Fundamental_Theorem_Algebra/uf.557615.smt2
[DEBUG] Predicted solver: cvc5 for benchmark UF/sledgehammer/Fundamental_Theorem_Algebra/uf.557615.smt2
[DEBUG] Benchmark UF/sledgehammer/Fundamental_Theorem_Algebra/uf.557615.smt2: solved=False, runtime=1200.00s, PAR-2=2400.00s
[DEBUG] Processing 176/2285: UF/sledgehammer/Fundamental_Theorem_Algebra/uf.562089.smt2
[DEBUG] Predicted solver: Yices2 for benchmark UF/sledgehammer/Fundamental_Theorem_Algebra/uf.562089.smt2
[DEBUG] Benchmark UF/sledgehammer/Fundamental_Theorem_Algebra/uf.562089.smt2: solved=False, runtime=1200.00s, PAR-2=2400.00s
[DEBUG] Processing 177/2285: UF/sledgehammer/QEpres/uf.698613.smt2
[DEBUG] Predicted solver: Yices2 for benchmark UF/sledgehammer/QEpres/uf.698613.smt2
[DEBUG] Benchmark UF/sledgehammer/QEpres/uf.698613.smt2: solved=False, runtime=1200.00s, PAR-2=2400.00s
[DEBUG] Processing 178/2285: UF/sledgehammer/NS_Shared/uf.594955.smt2
[DEBUG] Predicted solver: iProver for benchmark UF/sledgehammer/NS_Shared/uf.594955.smt2
[DEBUG] Benchmark UF/sledgehammer/NS_Shared/uf.594955.smt2: solved=False, runtime=1200.00s, PAR-2=2400.00s
[DEBUG] Processing 179/2285: UF/sledgehammer/NS_Shared/uf.778348.smt2
[DEBUG] Predicted solver: iProver for benchmark UF/sledgehammer/NS_Shared/uf.778348.smt2
[DEBUG] Benchmark UF/sledgehammer/NS_Shared/uf.778348.smt2: solved=False, runtime=1200.00s, PAR-2=2400.00s
[DEBUG] Processing 180/2285: UF/20170428-Barrett/cdt-cade2015/nada/distro/stream/x2015_09_10_16_47_27_390_1033374.smt_in.smt2
[DEBUG] Predicted solver: cvc5 for benchmark UF/20170428-Barrett/cdt-cade2015/nada/distro/stream/x2015_09_10_16_47_27_390_1033374.smt_in.smt2
[DEBUG] Benchmark UF/20170428-Barrett/cdt-cade2015/nada/distro/stream/x2015_09_10_16_47_27_390_1033374.smt_in.smt2: solved=False, runtime=1200.00s, PAR-2=2400.00s
[DEBUG] Processing 181/2285: UF/sledgehammer/QEpres/uf.802712.smt2
[DEBUG] Predicted solver: iProver for benchmark UF/sledgehammer/QEpres/uf.802712.smt2
[DEBUG] Benchmark UF/sledgehammer/QEpres/uf.802712.smt2: solved=True, runtime=0.84s, PAR-2=0.84s
[DEBUG] Processing 182/2285: UF/20170428-Barrett/cdt-cade2015/nada/afp/coinductive_list/x2015_09_10_16_56_02_577_1431438.smt_in.smt2
[DEBUG] Predicted solver: cvc5 for benchmark UF/20170428-Barrett/cdt-cade2015/nada/afp/coinductive_list/x2015_09_10_16_56_02_577_1431438.smt_in.smt2
[DEBUG] Benchmark UF/20170428-Barrett/cdt-cade2015/nada/afp/coinductive_list/x2015_09_10_16_56_02_577_1431438.smt_in.smt2: solved=False, runtime=1200.00s, PAR-2=2400.00s
[DEBUG] Processing 183/2285: UF/sledgehammer/QEpres/uf.902064.smt2
[DEBUG] Predicted solver: iProver for benchmark UF/sledgehammer/QEpres/uf.902064.smt2
[DEBUG] Benchmark UF/sledgehammer/QEpres/uf.902064.smt2: solved=False, runtime=1200.00s, PAR-2=2400.00s
[DEBUG] Processing 184/2285: UF/sledgehammer/QEpres/uf.799026.smt2
[DEBUG] Predicted solver: Yices2 for benchmark UF/sledgehammer/QEpres/uf.799026.smt2
[DEBUG] Benchmark UF/sledgehammer/QEpres/uf.799026.smt2: solved=False, runtime=1200.00s, PAR-2=2400.00s
[DEBUG] Processing 185/2285: UF/20170428-Barrett/cdt-cade2015/nada/afp/coinductive_list/x2015_09_10_17_12_22_235_2624751.smt_in.smt2
[DEBUG] Predicted solver: cvc5 for benchmark UF/20170428-Barrett/cdt-cade2015/nada/afp/coinductive_list/x2015_09_10_17_12_22_235_2624751.smt_in.smt2
[DEBUG] Benchmark UF/20170428-Barrett/cdt-cade2015/nada/afp/coinductive_list/x2015_09_10_17_12_22_235_2624751.smt_in.smt2: solved=True, runtime=0.47s, PAR-2=0.47s
[DEBUG] Processing 186/2285: UF/sledgehammer/Arrow_Order/uf.810908.smt2
[DEBUG] Predicted solver: Yices2 for benchmark UF/sledgehammer/Arrow_Order/uf.810908.smt2
[DEBUG] Benchmark UF/sledgehammer/Arrow_Order/uf.810908.smt2: solved=False, runtime=1200.00s, PAR-2=2400.00s
[DEBUG] Processing 187/2285: UF/grasshopper/instantiated/remove_postcondition_of_remove_33_4.smt2
[DEBUG] Predicted solver: Yices2 for benchmark UF/grasshopper/instantiated/remove_postcondition_of_remove_33_4.smt2
[DEBUG] Benchmark UF/grasshopper/instantiated/remove_postcondition_of_remove_33_4.smt2: solved=True, runtime=0.23s, PAR-2=0.23s
[DEBUG] Processing 188/2285: UF/sledgehammer/Fundamental_Theorem_Algebra/uf.641373.smt2
[DEBUG] Predicted solver: iProver for benchmark UF/sledgehammer/Fundamental_Theorem_Algebra/uf.641373.smt2
[DEBUG] Benchmark UF/sledgehammer/Fundamental_Theorem_Algebra/uf.641373.smt2: solved=False, runtime=1200.00s, PAR-2=2400.00s
[DEBUG] Processing 189/2285: UF/20170428-Barrett/cdt-cade2015/nada/afp/bindag/x2015_09_10_16_52_47_085_1013734.smt_in.smt2
[DEBUG] Predicted solver: cvc5 for benchmark UF/20170428-Barrett/cdt-cade2015/nada/afp/bindag/x2015_09_10_16_52_47_085_1013734.smt_in.smt2
[DEBUG] Benchmark UF/20170428-Barrett/cdt-cade2015/nada/afp/bindag/x2015_09_10_16_52_47_085_1013734.smt_in.smt2: solved=False, runtime=1200.00s, PAR-2=2400.00s
[DEBUG] Processing 190/2285: UF/sledgehammer/Fundamental_Theorem_Algebra/uf.622124.smt2
[DEBUG] Predicted solver: cvc5 for benchmark UF/sledgehammer/Fundamental_Theorem_Algebra/uf.622124.smt2
[DEBUG] Benchmark UF/sledgehammer/Fundamental_Theorem_Algebra/uf.622124.smt2: solved=True, runtime=0.36s, PAR-2=0.36s
[DEBUG] Processing 191/2285: UF/20170428-Barrett/cdt-cade2015/nada/afp/coinductive_stream/x2015_09_10_17_25_15_014_1239247.smt_in.smt2
[DEBUG] Predicted solver: cvc5 for benchmark UF/20170428-Barrett/cdt-cade2015/nada/afp/coinductive_stream/x2015_09_10_17_25_15_014_1239247.smt_in.smt2
[DEBUG] Benchmark UF/20170428-Barrett/cdt-cade2015/nada/afp/coinductive_stream/x2015_09_10_17_25_15_014_1239247.smt_in.smt2: solved=True, runtime=0.33s, PAR-2=0.33s
[DEBUG] Processing 192/2285: UF/sledgehammer/FFT/uf.886470.smt2
[DEBUG] Predicted solver: iProver for benchmark UF/sledgehammer/FFT/uf.886470.smt2
[DEBUG] Benchmark UF/sledgehammer/FFT/uf.886470.smt2: solved=False, runtime=1200.00s, PAR-2=2400.00s
[DEBUG] Processing 193/2285: UF/sledgehammer/Fundamental_Theorem_Algebra/uf.624285.smt2
[DEBUG] Predicted solver: iProver for benchmark UF/sledgehammer/Fundamental_Theorem_Algebra/uf.624285.smt2
[DEBUG] Benchmark UF/sledgehammer/Fundamental_Theorem_Algebra/uf.624285.smt2: solved=True, runtime=0.89s, PAR-2=0.89s
[DEBUG] Processing 194/2285: UF/20170428-Barrett/cdt-cade2015/nada/afp/tllist/x2015_09_10_17_00_27_445_1350796.smt_in.smt2
[DEBUG] Predicted solver: cvc5 for benchmark UF/20170428-Barrett/cdt-cade2015/nada/afp/tllist/x2015_09_10_17_00_27_445_1350796.smt_in.smt2
[DEBUG] Benchmark UF/20170428-Barrett/cdt-cade2015/nada/afp/tllist/x2015_09_10_17_00_27_445_1350796.smt_in.smt2: solved=False, runtime=1200.00s, PAR-2=2400.00s
[DEBUG] Processing 195/2285: UF/sledgehammer/TypeSafe/smtlib.776553.smt2
[DEBUG] Predicted solver: iProver for benchmark UF/sledgehammer/TypeSafe/smtlib.776553.smt2
[DEBUG] Benchmark UF/sledgehammer/TypeSafe/smtlib.776553.smt2: solved=False, runtime=1200.00s, PAR-2=2400.00s
[DEBUG] Processing 196/2285: UF/sledgehammer/Fundamental_Theorem_Algebra/uf.678379.smt2
[DEBUG] Predicted solver: iProver for benchmark UF/sledgehammer/Fundamental_Theorem_Algebra/uf.678379.smt2
[DEBUG] Benchmark UF/sledgehammer/Fundamental_Theorem_Algebra/uf.678379.smt2: solved=False, runtime=1200.00s, PAR-2=2400.00s
[DEBUG] Processing 197/2285: UF/sledgehammer/NS_Shared/uf.758187.smt2
[DEBUG] Predicted solver: Yices2 for benchmark UF/sledgehammer/NS_Shared/uf.758187.smt2
[DEBUG] Benchmark UF/sledgehammer/NS_Shared/uf.758187.smt2: solved=False, runtime=1200.00s, PAR-2=2400.00s
[DEBUG] Processing 198/2285: UF/sledgehammer/FFT/uf.860394.smt2
[DEBUG] Predicted solver: Yices2 for benchmark UF/sledgehammer/FFT/uf.860394.smt2
[DEBUG] Benchmark UF/sledgehammer/FFT/uf.860394.smt2: solved=True, runtime=0.24s, PAR-2=0.24s
[DEBUG] Processing 199/2285: UF/sledgehammer/Hoare/smtlib.1221382.smt2
[DEBUG] Predicted solver: iProver for benchmark UF/sledgehammer/Hoare/smtlib.1221382.smt2
[DEBUG] Benchmark UF/sledgehammer/Hoare/smtlib.1221382.smt2: solved=False, runtime=1200.00s, PAR-2=2400.00s
[DEBUG] Processing 200/2285: UF/20170428-Barrett/cdt-cade2015/nada/afp/coinductive_list/x2015_09_10_17_01_46_784_1775261.smt_in.smt2
[DEBUG] Predicted solver: cvc5 for benchmark UF/20170428-Barrett/cdt-cade2015/nada/afp/coinductive_list/x2015_09_10_17_01_46_784_1775261.smt_in.smt2
[DEBUG] Benchmark UF/20170428-Barrett/cdt-cade2015/nada/afp/coinductive_list/x2015_09_10_17_01_46_784_1775261.smt_in.smt2: solved=True, runtime=2.39s, PAR-2=2.39s
[DEBUG] Processing 201/2285: UF/sledgehammer/QEpres/uf.579338.smt2
[DEBUG] Predicted solver: iProver for benchmark UF/sledgehammer/QEpres/uf.579338.smt2
[DEBUG] Benchmark UF/sledgehammer/QEpres/uf.579338.smt2: solved=False, runtime=1200.00s, PAR-2=2400.00s
[DEBUG] Processing 202/2285: UF/20170428-Barrett/cdt-cade2015/nada/afp/coinductive_list/x2015_09_10_17_00_08_360_1653506.smt_in.smt2
[DEBUG] Predicted solver: iProver for benchmark UF/20170428-Barrett/cdt-cade2015/nada/afp/coinductive_list/x2015_09_10_17_00_08_360_1653506.smt_in.smt2
[DEBUG] Benchmark UF/20170428-Barrett/cdt-cade2015/nada/afp/coinductive_list/x2015_09_10_17_00_08_360_1653506.smt_in.smt2: solved=True, runtime=1.40s, PAR-2=1.40s
[DEBUG] Processing 203/2285: UF/sledgehammer/Fundamental_Theorem_Algebra/uf.718080.smt2
[DEBUG] Predicted solver: Yices2 for benchmark UF/sledgehammer/Fundamental_Theorem_Algebra/uf.718080.smt2
[DEBUG] Benchmark UF/sledgehammer/Fundamental_Theorem_Algebra/uf.718080.smt2: solved=True, runtime=1.06s, PAR-2=1.06s
[DEBUG] Processing 204/2285: UF/sledgehammer/QEpres/uf.969752.smt2
[DEBUG] Predicted solver: Yices2 for benchmark UF/sledgehammer/QEpres/uf.969752.smt2
[DEBUG] Benchmark UF/sledgehammer/QEpres/uf.969752.smt2: solved=False, runtime=1200.00s, PAR-2=2400.00s
[DEBUG] Processing 205/2285: UF/sledgehammer/Hoare/uf.698530.smt2
[DEBUG] Predicted solver: iProver for benchmark UF/sledgehammer/Hoare/uf.698530.smt2
[DEBUG] Benchmark UF/sledgehammer/Hoare/uf.698530.smt2: solved=False, runtime=1200.00s, PAR-2=2400.00s
[DEBUG] Processing 206/2285: UF/sledgehammer/QEpres/uf.783379.smt2
[DEBUG] Predicted solver: iProver for benchmark UF/sledgehammer/QEpres/uf.783379.smt2
[DEBUG] Benchmark UF/sledgehammer/QEpres/uf.783379.smt2: solved=True, runtime=20.96s, PAR-2=20.96s
[DEBUG] Processing 207/2285: UF/20170428-Barrett/cdt-cade2015/nada/afp/coinductive_list/x2015_09_10_16_57_07_437_1483766.smt_in.smt2
[DEBUG] Predicted solver: cvc5 for benchmark UF/20170428-Barrett/cdt-cade2015/nada/afp/coinductive_list/x2015_09_10_16_57_07_437_1483766.smt_in.smt2
[DEBUG] Benchmark UF/20170428-Barrett/cdt-cade2015/nada/afp/coinductive_list/x2015_09_10_16_57_07_437_1483766.smt_in.smt2: solved=True, runtime=0.30s, PAR-2=0.30s
[DEBUG] Processing 208/2285: UF/sledgehammer/Fundamental_Theorem_Algebra/uf.1389162.smt2
[DEBUG] Predicted solver: iProver for benchmark UF/sledgehammer/Fundamental_Theorem_Algebra/uf.1389162.smt2
[DEBUG] Benchmark UF/sledgehammer/Fundamental_Theorem_Algebra/uf.1389162.smt2: solved=False, runtime=1200.00s, PAR-2=2400.00s
[DEBUG] Processing 209/2285: UF/sledgehammer/QEpres/uf.967803.smt2
[DEBUG] Predicted solver: iProver for benchmark UF/sledgehammer/QEpres/uf.967803.smt2
[DEBUG] Benchmark UF/sledgehammer/QEpres/uf.967803.smt2: solved=False, runtime=1200.00s, PAR-2=2400.00s
[DEBUG] Processing 210/2285: UF/sledgehammer/TypeSafe/smtlib.608053.smt2
[DEBUG] Predicted solver: Yices2 for benchmark UF/sledgehammer/TypeSafe/smtlib.608053.smt2
[DEBUG] Benchmark UF/sledgehammer/TypeSafe/smtlib.608053.smt2: solved=True, runtime=0.23s, PAR-2=0.23s
[DEBUG] Processing 211/2285: UF/sledgehammer/Hoare/uf.1093691.smt2
[DEBUG] Predicted solver: iProver for benchmark UF/sledgehammer/Hoare/uf.1093691.smt2
[DEBUG] Benchmark UF/sledgehammer/Hoare/uf.1093691.smt2: solved=False, runtime=1200.00s, PAR-2=2400.00s
[DEBUG] Processing 212/2285: UF/sledgehammer/StrongNorm/uf.766409.smt2
[DEBUG] Predicted solver: Yices2 for benchmark UF/sledgehammer/StrongNorm/uf.766409.smt2
[DEBUG] Benchmark UF/sledgehammer/StrongNorm/uf.766409.smt2: solved=False, runtime=1200.00s, PAR-2=2400.00s
[DEBUG] Processing 213/2285: UF/sledgehammer/Fundamental_Theorem_Algebra/uf.690654.smt2
[DEBUG] Predicted solver: iProver for benchmark UF/sledgehammer/Fundamental_Theorem_Algebra/uf.690654.smt2
[DEBUG] Benchmark UF/sledgehammer/Fundamental_Theorem_Algebra/uf.690654.smt2: solved=True, runtime=0.84s, PAR-2=0.84s
[DEBUG] Processing 214/2285: UF/20170428-Barrett/cdt-cade2015/nada/afp/coinductive_list/x2015_09_10_17_05_02_976_2038607.smt_in.smt2
[DEBUG] Predicted solver: Yices2 for benchmark UF/20170428-Barrett/cdt-cade2015/nada/afp/coinductive_list/x2015_09_10_17_05_02_976_2038607.smt_in.smt2
[DEBUG] Benchmark UF/20170428-Barrett/cdt-cade2015/nada/afp/coinductive_list/x2015_09_10_17_05_02_976_2038607.smt_in.smt2: solved=True, runtime=0.26s, PAR-2=0.26s
[DEBUG] Processing 215/2285: UF/sledgehammer/Hoare/uf.1138890.smt2
[DEBUG] Predicted solver: iProver for benchmark UF/sledgehammer/Hoare/uf.1138890.smt2
[DEBUG] Benchmark UF/sledgehammer/Hoare/uf.1138890.smt2: solved=False, runtime=1200.00s, PAR-2=2400.00s
[DEBUG] Processing 216/2285: UF/sledgehammer/QEpres/uf.615900.smt2
[DEBUG] Predicted solver: iProver for benchmark UF/sledgehammer/QEpres/uf.615900.smt2
[DEBUG] Benchmark UF/sledgehammer/QEpres/uf.615900.smt2: solved=False, runtime=1200.00s, PAR-2=2400.00s
[DEBUG] Processing 217/2285: UF/sledgehammer/TypeSafe/smtlib.1280964.smt2
[DEBUG] Predicted solver: cvc5 for benchmark UF/sledgehammer/TypeSafe/smtlib.1280964.smt2
[DEBUG] Benchmark UF/sledgehammer/TypeSafe/smtlib.1280964.smt2: solved=False, runtime=1200.00s, PAR-2=2400.00s
[DEBUG] Processing 218/2285: UF/sledgehammer/TypeSafe/uf.932634.smt2
[DEBUG] Predicted solver: iProver for benchmark UF/sledgehammer/TypeSafe/uf.932634.smt2
[DEBUG] Benchmark UF/sledgehammer/TypeSafe/uf.932634.smt2: solved=False, runtime=1200.00s, PAR-2=2400.00s
[DEBUG] Processing 219/2285: UF/sledgehammer/FFT/uf.584641.smt2
[DEBUG] Predicted solver: iProver for benchmark UF/sledgehammer/FFT/uf.584641.smt2
[DEBUG] Benchmark UF/sledgehammer/FFT/uf.584641.smt2: solved=False, runtime=1200.00s, PAR-2=2400.00s
[DEBUG] Processing 220/2285: UF/20170428-Barrett/cdt-cade2015/nada/gandl/bird_tree/x2015_09_10_16_54_51_845_1034703.smt_in.smt2
[DEBUG] Predicted solver: cvc5 for benchmark UF/20170428-Barrett/cdt-cade2015/nada/gandl/bird_tree/x2015_09_10_16_54_51_845_1034703.smt_in.smt2
[DEBUG] Benchmark UF/20170428-Barrett/cdt-cade2015/nada/gandl/bird_tree/x2015_09_10_16_54_51_845_1034703.smt_in.smt2: solved=False, runtime=1200.00s, PAR-2=2400.00s
[DEBUG] Processing 221/2285: UF/sledgehammer/FFT/uf.725889.smt2
[DEBUG] Predicted solver: iProver for benchmark UF/sledgehammer/FFT/uf.725889.smt2
[DEBUG] Benchmark UF/sledgehammer/FFT/uf.725889.smt2: solved=False, runtime=1200.00s, PAR-2=2400.00s
[DEBUG] Processing 222/2285: UF/grasshopper/uninstantiated/rec_copy_loop_postcondition_of_rec_copy_loop_45_4.smt2
[DEBUG] Predicted solver: iProver for benchmark UF/grasshopper/uninstantiated/rec_copy_loop_postcondition_of_rec_copy_loop_45_4.smt2
[DEBUG] Benchmark UF/grasshopper/uninstantiated/rec_copy_loop_postcondition_of_rec_copy_loop_45_4.smt2: solved=True, runtime=0.87s, PAR-2=0.87s
[DEBUG] Processing 223/2285: UF/20190906-CLEARSY/0016/00401.smt2
[DEBUG] Predicted solver: Yices2 for benchmark UF/20190906-CLEARSY/0016/00401.smt2
[DEBUG] Benchmark UF/20190906-CLEARSY/0016/00401.smt2: solved=True, runtime=0.22s, PAR-2=0.22s
[DEBUG] Processing 224/2285: UF/sledgehammer/Hoare/uf.1099488.smt2
[DEBUG] Predicted solver: cvc5 for benchmark UF/sledgehammer/Hoare/uf.1099488.smt2
[DEBUG] Benchmark UF/sledgehammer/Hoare/uf.1099488.smt2: solved=False, runtime=1200.00s, PAR-2=2400.00s
[DEBUG] Processing 225/2285: UF/sledgehammer/Hoare/uf.901817.smt2
[DEBUG] Predicted solver: iProver for benchmark UF/sledgehammer/Hoare/uf.901817.smt2
[DEBUG] Benchmark UF/sledgehammer/Hoare/uf.901817.smt2: solved=False, runtime=1200.00s, PAR-2=2400.00s
[DEBUG] Processing 226/2285: UF/sledgehammer/Fundamental_Theorem_Algebra/uf.1354820.smt2
[DEBUG] Predicted solver: iProver for benchmark UF/sledgehammer/Fundamental_Theorem_Algebra/uf.1354820.smt2
[DEBUG] Benchmark UF/sledgehammer/Fundamental_Theorem_Algebra/uf.1354820.smt2: solved=False, runtime=1200.00s, PAR-2=2400.00s
[DEBUG] Processing 227/2285: UF/sledgehammer/Hoare/uf.732758.smt2
[DEBUG] Predicted solver: iProver for benchmark UF/sledgehammer/Hoare/uf.732758.smt2
[DEBUG] Benchmark UF/sledgehammer/Hoare/uf.732758.smt2: solved=False, runtime=1200.00s, PAR-2=2400.00s
[DEBUG] Processing 228/2285: UF/sledgehammer/StrongNorm/uf.842421.smt2
[DEBUG] Predicted solver: iProver for benchmark UF/sledgehammer/StrongNorm/uf.842421.smt2
[DEBUG] Benchmark UF/sledgehammer/StrongNorm/uf.842421.smt2: solved=False, runtime=1200.00s, PAR-2=2400.00s
[DEBUG] Processing 229/2285: UF/sledgehammer/Hoare/uf.644962.smt2
[DEBUG] Predicted solver: iProver for benchmark UF/sledgehammer/Hoare/uf.644962.smt2
[DEBUG] Benchmark UF/sledgehammer/Hoare/uf.644962.smt2: solved=True, runtime=47.50s, PAR-2=47.50s
[DEBUG] Processing 230/2285: UF/sledgehammer/Fundamental_Theorem_Algebra/uf.1089800.smt2
[DEBUG] Predicted solver: iProver for benchmark UF/sledgehammer/Fundamental_Theorem_Algebra/uf.1089800.smt2
[DEBUG] Benchmark UF/sledgehammer/Fundamental_Theorem_Algebra/uf.1089800.smt2: solved=False, runtime=1200.00s, PAR-2=2400.00s
[DEBUG] Processing 231/2285: UF/20170428-Barrett/cdt-cade2015/nada/afp/coinductive_list/x2015_09_10_17_01_20_168_1738950.smt_in.smt2
[DEBUG] Predicted solver: iProver for benchmark UF/20170428-Barrett/cdt-cade2015/nada/afp/coinductive_list/x2015_09_10_17_01_20_168_1738950.smt_in.smt2
[DEBUG] Benchmark UF/20170428-Barrett/cdt-cade2015/nada/afp/coinductive_list/x2015_09_10_17_01_20_168_1738950.smt_in.smt2: solved=True, runtime=8.88s, PAR-2=8.88s
[DEBUG] Processing 232/2285: UF/sledgehammer/Hoare/uf.717436.smt2
[DEBUG] Predicted solver: iProver for benchmark UF/sledgehammer/Hoare/uf.717436.smt2
[DEBUG] Benchmark UF/sledgehammer/Hoare/uf.717436.smt2: solved=False, runtime=1200.00s, PAR-2=2400.00s
[DEBUG] Processing 233/2285: UF/sledgehammer/StrongNorm/uf.569517.smt2
[DEBUG] Predicted solver: iProver for benchmark UF/sledgehammer/StrongNorm/uf.569517.smt2
[DEBUG] Benchmark UF/sledgehammer/StrongNorm/uf.569517.smt2: solved=False, runtime=1200.00s, PAR-2=2400.00s
[DEBUG] Processing 234/2285: UF/sledgehammer/Fundamental_Theorem_Algebra/uf.755374.smt2
[DEBUG] Predicted solver: cvc5 for benchmark UF/sledgehammer/Fundamental_Theorem_Algebra/uf.755374.smt2
[DEBUG] Benchmark UF/sledgehammer/Fundamental_Theorem_Algebra/uf.755374.smt2: solved=False, runtime=1200.00s, PAR-2=2400.00s
[DEBUG] Processing 235/2285: UF/sledgehammer/TypeSafe/uf.810954.smt2
[DEBUG] Predicted solver: Yices2 for benchmark UF/sledgehammer/TypeSafe/uf.810954.smt2
[DEBUG] Benchmark UF/sledgehammer/TypeSafe/uf.810954.smt2: solved=False, runtime=1200.00s, PAR-2=2400.00s
[DEBUG] Processing 236/2285: UF/sledgehammer/TypeSafe/smtlib.1473993.smt2
[DEBUG] Predicted solver: Yices2 for benchmark UF/sledgehammer/TypeSafe/smtlib.1473993.smt2
[DEBUG] Benchmark UF/sledgehammer/TypeSafe/smtlib.1473993.smt2: solved=False, runtime=1200.00s, PAR-2=2400.00s
[DEBUG] Processing 237/2285: UF/20170428-Barrett/cdt-cade2015/nada/afp/coinductive_list/x2015_09_10_16_57_38_855_1515156.smt_in.smt2
[DEBUG] Predicted solver: Yices2 for benchmark UF/20170428-Barrett/cdt-cade2015/nada/afp/coinductive_list/x2015_09_10_16_57_38_855_1515156.smt_in.smt2
[DEBUG] Benchmark UF/20170428-Barrett/cdt-cade2015/nada/afp/coinductive_list/x2015_09_10_16_57_38_855_1515156.smt_in.smt2: solved=False, runtime=1200.00s, PAR-2=2400.00s
[DEBUG] Processing 238/2285: UF/sledgehammer/Fundamental_Theorem_Algebra/uf.911050.smt2
[DEBUG] Predicted solver: iProver for benchmark UF/sledgehammer/Fundamental_Theorem_Algebra/uf.911050.smt2
[DEBUG] Benchmark UF/sledgehammer/Fundamental_Theorem_Algebra/uf.911050.smt2: solved=True, runtime=0.84s, PAR-2=0.84s
[DEBUG] Processing 239/2285: UF/sledgehammer/Hoare/uf.793031.smt2
[DEBUG] Predicted solver: iProver for benchmark UF/sledgehammer/Hoare/uf.793031.smt2
[DEBUG] Benchmark UF/sledgehammer/Hoare/uf.793031.smt2: solved=False, runtime=1200.00s, PAR-2=2400.00s
[DEBUG] Processing 240/2285: UF/sledgehammer/Hoare/uf.785231.smt2
[DEBUG] Predicted solver: iProver for benchmark UF/sledgehammer/Hoare/uf.785231.smt2
[DEBUG] Benchmark UF/sledgehammer/Hoare/uf.785231.smt2: solved=False, runtime=1200.00s, PAR-2=2400.00s
[DEBUG] Processing 241/2285: UF/sledgehammer/TypeSafe/uf.1191566.smt2
[DEBUG] Predicted solver: cvc5 for benchmark UF/sledgehammer/TypeSafe/uf.1191566.smt2
[DEBUG] Benchmark UF/sledgehammer/TypeSafe/uf.1191566.smt2: solved=True, runtime=30.47s, PAR-2=30.47s
[DEBUG] Processing 242/2285: UF/sledgehammer/QEpres/uf.1032671.smt2
[DEBUG] Predicted solver: Yices2 for benchmark UF/sledgehammer/QEpres/uf.1032671.smt2
[DEBUG] Benchmark UF/sledgehammer/QEpres/uf.1032671.smt2: solved=False, runtime=1200.00s, PAR-2=2400.00s
[DEBUG] Processing 243/2285: UF/sledgehammer/FFT/uf.697087.smt2
[DEBUG] Predicted solver: iProver for benchmark UF/sledgehammer/FFT/uf.697087.smt2
[DEBUG] Benchmark UF/sledgehammer/FFT/uf.697087.smt2: solved=False, runtime=1200.00s, PAR-2=2400.00s
[DEBUG] Processing 244/2285: UF/sledgehammer/QEpres/uf.987057.smt2
[DEBUG] Predicted solver: cvc5 for benchmark UF/sledgehammer/QEpres/uf.987057.smt2
[DEBUG] Benchmark UF/sledgehammer/QEpres/uf.987057.smt2: solved=False, runtime=1200.00s, PAR-2=2400.00s
[DEBUG] Processing 245/2285: UF/sledgehammer/NS_Shared/smtlib.658225.smt2
[DEBUG] Predicted solver: iProver for benchmark UF/sledgehammer/NS_Shared/smtlib.658225.smt2
[DEBUG] Benchmark UF/sledgehammer/NS_Shared/smtlib.658225.smt2: solved=False, runtime=1200.00s, PAR-2=2400.00s
[DEBUG] Processing 246/2285: UF/20170428-Barrett/cdt-cade2015/nada/afp/huffman/x2015_09_10_16_47_42_704_1068785.smt_in.smt2
[DEBUG] Predicted solver: Yices2 for benchmark UF/20170428-Barrett/cdt-cade2015/nada/afp/huffman/x2015_09_10_16_47_42_704_1068785.smt_in.smt2
[DEBUG] Benchmark UF/20170428-Barrett/cdt-cade2015/nada/afp/huffman/x2015_09_10_16_47_42_704_1068785.smt_in.smt2: solved=False, runtime=1200.00s, PAR-2=2400.00s
[DEBUG] Processing 247/2285: UF/20170428-Barrett/cdt-cade2015/nada/afp/abstract_completeness/x2015_09_10_17_00_47_618_1117611.smt_in.smt2
[DEBUG] Predicted solver: Yices2 for benchmark UF/20170428-Barrett/cdt-cade2015/nada/afp/abstract_completeness/x2015_09_10_17_00_47_618_1117611.smt_in.smt2
[DEBUG] Benchmark UF/20170428-Barrett/cdt-cade2015/nada/afp/abstract_completeness/x2015_09_10_17_00_47_618_1117611.smt_in.smt2: solved=True, runtime=0.22s, PAR-2=0.22s
[DEBUG] Processing 248/2285: UF/20170428-Barrett/cdt-cade2015/nada/distro/rbt_impl/x2015_09_10_16_56_41_037_1708789.smt_in.smt2
[DEBUG] Predicted solver: iProver for benchmark UF/20170428-Barrett/cdt-cade2015/nada/distro/rbt_impl/x2015_09_10_16_56_41_037_1708789.smt_in.smt2
[DEBUG] Benchmark UF/20170428-Barrett/cdt-cade2015/nada/distro/rbt_impl/x2015_09_10_16_56_41_037_1708789.smt_in.smt2: solved=False, runtime=1200.00s, PAR-2=2400.00s
[DEBUG] Processing 249/2285: UF/sledgehammer/FFT/uf.833972.smt2
[DEBUG] Predicted solver: iProver for benchmark UF/sledgehammer/FFT/uf.833972.smt2
[DEBUG] Benchmark UF/sledgehammer/FFT/uf.833972.smt2: solved=False, runtime=1200.00s, PAR-2=2400.00s
[DEBUG] Processing 250/2285: UF/20170428-Barrett/cdt-cade2015/nada/afp/huffman/x2015_09_10_16_47_14_868_1038986.smt_in.smt2
[DEBUG] Predicted solver: Yices2 for benchmark UF/20170428-Barrett/cdt-cade2015/nada/afp/huffman/x2015_09_10_16_47_14_868_1038986.smt_in.smt2
[DEBUG] Benchmark UF/20170428-Barrett/cdt-cade2015/nada/afp/huffman/x2015_09_10_16_47_14_868_1038986.smt_in.smt2: solved=False, runtime=1200.00s, PAR-2=2400.00s
[DEBUG] Processing 251/2285: UF/sledgehammer/Fundamental_Theorem_Algebra/smtlib.1496937.smt2
[DEBUG] Predicted solver: iProver for benchmark UF/sledgehammer/Fundamental_Theorem_Algebra/smtlib.1496937.smt2
[DEBUG] Benchmark UF/sledgehammer/Fundamental_Theorem_Algebra/smtlib.1496937.smt2: solved=False, runtime=1200.00s, PAR-2=2400.00s
[DEBUG] Processing 252/2285: UF/sledgehammer/TypeSafe/smtlib.889324.smt2
[DEBUG] Predicted solver: iProver for benchmark UF/sledgehammer/TypeSafe/smtlib.889324.smt2
[DEBUG] Benchmark UF/sledgehammer/TypeSafe/smtlib.889324.smt2: solved=False, runtime=1200.00s, PAR-2=2400.00s
[DEBUG] Processing 253/2285: UF/20170428-Barrett/cdt-cade2015/nada/distro/rbt_impl/x2015_09_10_16_50_17_193_1023944.smt_in.smt2
[DEBUG] Predicted solver: Yices2 for benchmark UF/20170428-Barrett/cdt-cade2015/nada/distro/rbt_impl/x2015_09_10_16_50_17_193_1023944.smt_in.smt2
[DEBUG] Benchmark UF/20170428-Barrett/cdt-cade2015/nada/distro/rbt_impl/x2015_09_10_16_50_17_193_1023944.smt_in.smt2: solved=False, runtime=1200.00s, PAR-2=2400.00s
[DEBUG] Processing 254/2285: UF/20170428-Barrett/cdt-cade2015/nada/afp/huffman/x2015_09_10_16_48_49_250_1140858.smt_in.smt2
[DEBUG] Predicted solver: iProver for benchmark UF/20170428-Barrett/cdt-cade2015/nada/afp/huffman/x2015_09_10_16_48_49_250_1140858.smt_in.smt2
[DEBUG] Benchmark UF/20170428-Barrett/cdt-cade2015/nada/afp/huffman/x2015_09_10_16_48_49_250_1140858.smt_in.smt2: solved=False, runtime=1200.00s, PAR-2=2400.00s
[DEBUG] Processing 255/2285: UF/sledgehammer/Fundamental_Theorem_Algebra/uf.1015144.smt2
[DEBUG] Predicted solver: Yices2 for benchmark UF/sledgehammer/Fundamental_Theorem_Algebra/uf.1015144.smt2
[DEBUG] Benchmark UF/sledgehammer/Fundamental_Theorem_Algebra/uf.1015144.smt2: solved=False, runtime=1200.00s, PAR-2=2400.00s
[DEBUG] Processing 256/2285: UF/sledgehammer/NS_Shared/uf.816387.smt2
[DEBUG] Predicted solver: Yices2 for benchmark UF/sledgehammer/NS_Shared/uf.816387.smt2
[DEBUG] Benchmark UF/sledgehammer/NS_Shared/uf.816387.smt2: solved=False, runtime=1200.00s, PAR-2=2400.00s
[DEBUG] Processing 257/2285: UF/20170428-Barrett/cdt-cade2015/nada/distro/rbt_impl/x2015_09_10_16_57_41_792_1778585.smt_in.smt2
[DEBUG] Predicted solver: iProver for benchmark UF/20170428-Barrett/cdt-cade2015/nada/distro/rbt_impl/x2015_09_10_16_57_41_792_1778585.smt_in.smt2
[DEBUG] Benchmark UF/20170428-Barrett/cdt-cade2015/nada/distro/rbt_impl/x2015_09_10_16_57_41_792_1778585.smt_in.smt2: solved=True, runtime=400.63s, PAR-2=400.63s
[DEBUG] Processing 258/2285: UF/sledgehammer/QEpres/uf.817383.smt2
[DEBUG] Predicted solver: iProver for benchmark UF/sledgehammer/QEpres/uf.817383.smt2
[DEBUG] Benchmark UF/sledgehammer/QEpres/uf.817383.smt2: solved=True, runtime=0.83s, PAR-2=0.83s
[DEBUG] Processing 259/2285: UF/sledgehammer/QEpres/uf.1092395.smt2
[DEBUG] Predicted solver: cvc5 for benchmark UF/sledgehammer/QEpres/uf.1092395.smt2
[DEBUG] Benchmark UF/sledgehammer/QEpres/uf.1092395.smt2: solved=False, runtime=1200.00s, PAR-2=2400.00s
[DEBUG] Processing 260/2285: UF/sledgehammer/FFT/uf.737481.smt2
[DEBUG] Predicted solver: iProver for benchmark UF/sledgehammer/FFT/uf.737481.smt2
[DEBUG] Benchmark UF/sledgehammer/FFT/uf.737481.smt2: solved=False, runtime=1200.00s, PAR-2=2400.00s
[DEBUG] Processing 261/2285: UF/sledgehammer/Arrow_Order/uf.689055.smt2
[DEBUG] Predicted solver: iProver for benchmark UF/sledgehammer/Arrow_Order/uf.689055.smt2
[DEBUG] Benchmark UF/sledgehammer/Arrow_Order/uf.689055.smt2: solved=False, runtime=1200.00s, PAR-2=2400.00s
[DEBUG] Processing 262/2285: UF/20170428-Barrett/cdt-cade2015/nada/afp/coinductive_list/x2015_09_10_17_04_09_011_1965752.smt_in.smt2
[DEBUG] Predicted solver: cvc5 for benchmark UF/20170428-Barrett/cdt-cade2015/nada/afp/coinductive_list/x2015_09_10_17_04_09_011_1965752.smt_in.smt2
[DEBUG] Benchmark UF/20170428-Barrett/cdt-cade2015/nada/afp/coinductive_list/x2015_09_10_17_04_09_011_1965752.smt_in.smt2: solved=False, runtime=1200.00s, PAR-2=2400.00s
[DEBUG] Processing 263/2285: UF/sledgehammer/Hoare/uf.716641.smt2
[DEBUG] Predicted solver: iProver for benchmark UF/sledgehammer/Hoare/uf.716641.smt2
[DEBUG] Benchmark UF/sledgehammer/Hoare/uf.716641.smt2: solved=False, runtime=1200.00s, PAR-2=2400.00s
[DEBUG] Processing 264/2285: UF/sledgehammer/Arrow_Order/uf.834899.smt2
[DEBUG] Predicted solver: iProver for benchmark UF/sledgehammer/Arrow_Order/uf.834899.smt2
[DEBUG] Benchmark UF/sledgehammer/Arrow_Order/uf.834899.smt2: solved=False, runtime=1200.00s, PAR-2=2400.00s
[DEBUG] Processing 265/2285: UF/grasshopper/uninstantiated/rec_reverse_loop_precondition_of_rec_reverse_loop_21_11.smt2
[DEBUG] Predicted solver: iProver for benchmark UF/grasshopper/uninstantiated/rec_reverse_loop_precondition_of_rec_reverse_loop_21_11.smt2
[DEBUG] Benchmark UF/grasshopper/uninstantiated/rec_reverse_loop_precondition_of_rec_reverse_loop_21_11.smt2: solved=True, runtime=0.83s, PAR-2=0.83s
[DEBUG] Processing 266/2285: UF/sledgehammer/Hoare/uf.757627.smt2
[DEBUG] Predicted solver: iProver for benchmark UF/sledgehammer/Hoare/uf.757627.smt2
[DEBUG] Benchmark UF/sledgehammer/Hoare/uf.757627.smt2: solved=True, runtime=1.87s, PAR-2=1.87s
[DEBUG] Processing 267/2285: UF/20170428-Barrett/cdt-cade2015/nada/afp/coinductive_list/x2015_09_10_17_02_15_745_1814300.smt_in.smt2
[DEBUG] Predicted solver: iProver for benchmark UF/20170428-Barrett/cdt-cade2015/nada/afp/coinductive_list/x2015_09_10_17_02_15_745_1814300.smt_in.smt2
[DEBUG] Benchmark UF/20170428-Barrett/cdt-cade2015/nada/afp/coinductive_list/x2015_09_10_17_02_15_745_1814300.smt_in.smt2: solved=False, runtime=1200.00s, PAR-2=2400.00s
[DEBUG] Processing 268/2285: UF/sledgehammer/FFT/uf.651725.smt2
[DEBUG] Predicted solver: iProver for benchmark UF/sledgehammer/FFT/uf.651725.smt2
[DEBUG] Benchmark UF/sledgehammer/FFT/uf.651725.smt2: solved=False, runtime=1200.00s, PAR-2=2400.00s
[DEBUG] Processing 269/2285: UF/sledgehammer/Fundamental_Theorem_Algebra/uf.1019445.smt2
[DEBUG] Predicted solver: cvc5 for benchmark UF/sledgehammer/Fundamental_Theorem_Algebra/uf.1019445.smt2
[DEBUG] Benchmark UF/sledgehammer/Fundamental_Theorem_Algebra/uf.1019445.smt2: solved=False, runtime=1200.00s, PAR-2=2400.00s
[DEBUG] Processing 270/2285: UF/grasshopper/uninstantiated/dl_insert_postcondition_of_dl_insert_39_4.smt2
[DEBUG] Predicted solver: Yices2 for benchmark UF/grasshopper/uninstantiated/dl_insert_postcondition_of_dl_insert_39_4.smt2
[DEBUG] Benchmark UF/grasshopper/uninstantiated/dl_insert_postcondition_of_dl_insert_39_4.smt2: solved=True, runtime=8.42s, PAR-2=8.42s
[DEBUG] Processing 271/2285: UF/20170428-Barrett/cdt-cade2015/nada/distro/gram_lang/x2015_09_10_16_51_18_065_1295649.smt_in.smt2
[DEBUG] Predicted solver: cvc5 for benchmark UF/20170428-Barrett/cdt-cade2015/nada/distro/gram_lang/x2015_09_10_16_51_18_065_1295649.smt_in.smt2
[DEBUG] Benchmark UF/20170428-Barrett/cdt-cade2015/nada/distro/gram_lang/x2015_09_10_16_51_18_065_1295649.smt_in.smt2: solved=True, runtime=0.32s, PAR-2=0.32s
[DEBUG] Processing 272/2285: UF/sledgehammer/TypeSafe/smtlib.1504231.smt2
[DEBUG] Predicted solver: iProver for benchmark UF/sledgehammer/TypeSafe/smtlib.1504231.smt2
[DEBUG] Benchmark UF/sledgehammer/TypeSafe/smtlib.1504231.smt2: solved=True, runtime=120.52s, PAR-2=120.52s
[DEBUG] Processing 273/2285: UF/20170428-Barrett/cdt-cade2015/nada/afp/hamming_stream/x2015_09_10_16_49_12_185_1139894.smt_in.smt2
[DEBUG] Predicted solver: Yices2 for benchmark UF/20170428-Barrett/cdt-cade2015/nada/afp/hamming_stream/x2015_09_10_16_49_12_185_1139894.smt_in.smt2
[DEBUG] Benchmark UF/20170428-Barrett/cdt-cade2015/nada/afp/hamming_stream/x2015_09_10_16_49_12_185_1139894.smt_in.smt2: solved=False, runtime=1200.00s, PAR-2=2400.00s
[DEBUG] Processing 274/2285: UF/sledgehammer/QEpres/uf.895803.smt2
[DEBUG] Predicted solver: cvc5 for benchmark UF/sledgehammer/QEpres/uf.895803.smt2
[DEBUG] Benchmark UF/sledgehammer/QEpres/uf.895803.smt2: solved=False, runtime=1200.00s, PAR-2=2400.00s
[DEBUG] Processing 275/2285: UF/20170428-Barrett/cdt-cade2015/nada/afp/coinductive_list/x2015_09_10_17_06_25_868_2152353.smt_in.smt2
[DEBUG] Predicted solver: cvc5 for benchmark UF/20170428-Barrett/cdt-cade2015/nada/afp/coinductive_list/x2015_09_10_17_06_25_868_2152353.smt_in.smt2
[DEBUG] Benchmark UF/20170428-Barrett/cdt-cade2015/nada/afp/coinductive_list/x2015_09_10_17_06_25_868_2152353.smt_in.smt2: solved=True, runtime=0.32s, PAR-2=0.32s
[DEBUG] Processing 276/2285: UF/20170428-Barrett/cdt-cade2015/nada/afp/coinductive_list/x2015_09_10_17_13_26_571_2678554.smt_in.smt2
[DEBUG] Predicted solver: Yices2 for benchmark UF/20170428-Barrett/cdt-cade2015/nada/afp/coinductive_list/x2015_09_10_17_13_26_571_2678554.smt_in.smt2
[DEBUG] Benchmark UF/20170428-Barrett/cdt-cade2015/nada/afp/coinductive_list/x2015_09_10_17_13_26_571_2678554.smt_in.smt2: solved=False, runtime=1200.00s, PAR-2=2400.00s
[DEBUG] Processing 277/2285: UF/sledgehammer/Fundamental_Theorem_Algebra/uf.1374124.smt2
[DEBUG] Predicted solver: iProver for benchmark UF/sledgehammer/Fundamental_Theorem_Algebra/uf.1374124.smt2
[DEBUG] Benchmark UF/sledgehammer/Fundamental_Theorem_Algebra/uf.1374124.smt2: solved=False, runtime=1200.00s, PAR-2=2400.00s
[DEBUG] Processing 278/2285: UF/20170428-Barrett/cdt-cade2015/nada/afp/llist2/x2015_09_10_16_56_00_147_1305622.smt_in.smt2
[DEBUG] Predicted solver: iProver for benchmark UF/20170428-Barrett/cdt-cade2015/nada/afp/llist2/x2015_09_10_16_56_00_147_1305622.smt_in.smt2
[DEBUG] Benchmark UF/20170428-Barrett/cdt-cade2015/nada/afp/llist2/x2015_09_10_16_56_00_147_1305622.smt_in.smt2: solved=False, runtime=1200.00s, PAR-2=2400.00s
[DEBUG] Processing 279/2285: UF/sledgehammer/Fundamental_Theorem_Algebra/uf.1201724.smt2
[DEBUG] Predicted solver: iProver for benchmark UF/sledgehammer/Fundamental_Theorem_Algebra/uf.1201724.smt2
[DEBUG] Benchmark UF/sledgehammer/Fundamental_Theorem_Algebra/uf.1201724.smt2: solved=False, runtime=1200.00s, PAR-2=2400.00s
[DEBUG] Processing 280/2285: UF/sledgehammer/NS_Shared/smtlib.743950.smt2
[DEBUG] Predicted solver: iProver for benchmark UF/sledgehammer/NS_Shared/smtlib.743950.smt2
[DEBUG] Benchmark UF/sledgehammer/NS_Shared/smtlib.743950.smt2: solved=False, runtime=1200.00s, PAR-2=2400.00s
[DEBUG] Processing 281/2285: UF/20170428-Barrett/cdt-cade2015/nada/afp/coinductive_list/x2015_09_10_17_12_59_691_2664227.smt_in.smt2
[DEBUG] Predicted solver: Yices2 for benchmark UF/20170428-Barrett/cdt-cade2015/nada/afp/coinductive_list/x2015_09_10_17_12_59_691_2664227.smt_in.smt2
[DEBUG] Benchmark UF/20170428-Barrett/cdt-cade2015/nada/afp/coinductive_list/x2015_09_10_17_12_59_691_2664227.smt_in.smt2: solved=False, runtime=1200.00s, PAR-2=2400.00s
[DEBUG] Processing 282/2285: UF/sledgehammer/Fundamental_Theorem_Algebra/uf.1108805.smt2
[DEBUG] Predicted solver: cvc5 for benchmark UF/sledgehammer/Fundamental_Theorem_Algebra/uf.1108805.smt2
[DEBUG] Benchmark UF/sledgehammer/Fundamental_Theorem_Algebra/uf.1108805.smt2: solved=False, runtime=1200.00s, PAR-2=2400.00s
[DEBUG] Processing 283/2285: UF/sledgehammer/TypeSafe/uf.708851.smt2
[DEBUG] Predicted solver: cvc5 for benchmark UF/sledgehammer/TypeSafe/uf.708851.smt2
[DEBUG] Benchmark UF/sledgehammer/TypeSafe/uf.708851.smt2: solved=False, runtime=1200.00s, PAR-2=2400.00s
[DEBUG] Processing 284/2285: UF/20170428-Barrett/cdt-cade2015/nada/afp/bindag/x2015_09_10_16_54_02_380_1100754.smt_in.smt2
[DEBUG] Predicted solver: cvc5 for benchmark UF/20170428-Barrett/cdt-cade2015/nada/afp/bindag/x2015_09_10_16_54_02_380_1100754.smt_in.smt2
[DEBUG] Benchmark UF/20170428-Barrett/cdt-cade2015/nada/afp/bindag/x2015_09_10_16_54_02_380_1100754.smt_in.smt2: solved=True, runtime=2.07s, PAR-2=2.07s
[DEBUG] Processing 285/2285: UF/sledgehammer/StrongNorm/uf.744393.smt2
[DEBUG] Predicted solver: Yices2 for benchmark UF/sledgehammer/StrongNorm/uf.744393.smt2
[DEBUG] Benchmark UF/sledgehammer/StrongNorm/uf.744393.smt2: solved=False, runtime=1200.00s, PAR-2=2400.00s
[DEBUG] Processing 286/2285: UF/sledgehammer/Fundamental_Theorem_Algebra/smtlib.705308.smt2
[DEBUG] Predicted solver: iProver for benchmark UF/sledgehammer/Fundamental_Theorem_Algebra/smtlib.705308.smt2
[DEBUG] Benchmark UF/sledgehammer/Fundamental_Theorem_Algebra/smtlib.705308.smt2: solved=False, runtime=1200.00s, PAR-2=2400.00s
[DEBUG] Processing 287/2285: UF/20170428-Barrett/cdt-cade2015/nada/afp/tllist/x2015_09_10_16_58_22_060_1202586.smt_in.smt2
[DEBUG] Predicted solver: cvc5 for benchmark UF/20170428-Barrett/cdt-cade2015/nada/afp/tllist/x2015_09_10_16_58_22_060_1202586.smt_in.smt2
[DEBUG] Benchmark UF/20170428-Barrett/cdt-cade2015/nada/afp/tllist/x2015_09_10_16_58_22_060_1202586.smt_in.smt2: solved=False, runtime=1200.00s, PAR-2=2400.00s
[DEBUG] Processing 288/2285: UF/sledgehammer/QEpres/uf.764252.smt2
[DEBUG] Predicted solver: cvc5 for benchmark UF/sledgehammer/QEpres/uf.764252.smt2
[DEBUG] Benchmark UF/sledgehammer/QEpres/uf.764252.smt2: solved=False, runtime=1200.00s, PAR-2=2400.00s
[DEBUG] Processing 289/2285: UF/sledgehammer/Arrow_Order/uf.644073.smt2
[DEBUG] Predicted solver: Yices2 for benchmark UF/sledgehammer/Arrow_Order/uf.644073.smt2
[DEBUG] Benchmark UF/sledgehammer/Arrow_Order/uf.644073.smt2: solved=True, runtime=0.60s, PAR-2=0.60s
[DEBUG] Processing 290/2285: UF/sledgehammer/FFT/uf.638574.smt2
[DEBUG] Predicted solver: iProver for benchmark UF/sledgehammer/FFT/uf.638574.smt2
[DEBUG] Benchmark UF/sledgehammer/FFT/uf.638574.smt2: solved=True, runtime=43.43s, PAR-2=43.43s
[DEBUG] Processing 291/2285: UF/sledgehammer/QEpres/uf.807913.smt2
[DEBUG] Predicted solver: iProver for benchmark UF/sledgehammer/QEpres/uf.807913.smt2
[DEBUG] Benchmark UF/sledgehammer/QEpres/uf.807913.smt2: solved=True, runtime=2.91s, PAR-2=2.91s
[DEBUG] Processing 292/2285: UF/sledgehammer/FFT/uf.596386.smt2
[DEBUG] Predicted solver: iProver for benchmark UF/sledgehammer/FFT/uf.596386.smt2
[DEBUG] Benchmark UF/sledgehammer/FFT/uf.596386.smt2: solved=False, runtime=1200.00s, PAR-2=2400.00s
[DEBUG] Processing 293/2285: UF/sledgehammer/NS_Shared/smtlib.588963.smt2
[DEBUG] Predicted solver: iProver for benchmark UF/sledgehammer/NS_Shared/smtlib.588963.smt2
[DEBUG] Benchmark UF/sledgehammer/NS_Shared/smtlib.588963.smt2: solved=True, runtime=9.91s, PAR-2=9.91s
[DEBUG] Processing 294/2285: UF/sledgehammer/Hoare/uf.1180858.smt2
[DEBUG] Predicted solver: iProver for benchmark UF/sledgehammer/Hoare/uf.1180858.smt2
[DEBUG] Benchmark UF/sledgehammer/Hoare/uf.1180858.smt2: solved=True, runtime=14.41s, PAR-2=14.41s
[DEBUG] Processing 295/2285: UF/20170428-Barrett/cdt-cade2015/nada/afp/coinductive_list/x2015_09_10_17_06_54_013_2192779.smt_in.smt2
[DEBUG] Predicted solver: Yices2 for benchmark UF/20170428-Barrett/cdt-cade2015/nada/afp/coinductive_list/x2015_09_10_17_06_54_013_2192779.smt_in.smt2
[DEBUG] Benchmark UF/20170428-Barrett/cdt-cade2015/nada/afp/coinductive_list/x2015_09_10_17_06_54_013_2192779.smt_in.smt2: solved=True, runtime=0.22s, PAR-2=0.22s
[DEBUG] Processing 296/2285: UF/sledgehammer/FFT/uf.745076.smt2
[DEBUG] Predicted solver: iProver for benchmark UF/sledgehammer/FFT/uf.745076.smt2
[DEBUG] Benchmark UF/sledgehammer/FFT/uf.745076.smt2: solved=False, runtime=1200.00s, PAR-2=2400.00s
[DEBUG] Processing 297/2285: UF/sledgehammer/QEpres/uf.726682.smt2
[DEBUG] Predicted solver: Yices2 for benchmark UF/sledgehammer/QEpres/uf.726682.smt2
[DEBUG] Benchmark UF/sledgehammer/QEpres/uf.726682.smt2: solved=False, runtime=1200.00s, PAR-2=2400.00s
[DEBUG] Processing 298/2285: UF/sledgehammer/FFT/uf.750248.smt2
[DEBUG] Predicted solver: iProver for benchmark UF/sledgehammer/FFT/uf.750248.smt2
[DEBUG] Benchmark UF/sledgehammer/FFT/uf.750248.smt2: solved=False, runtime=1200.00s, PAR-2=2400.00s
[DEBUG] Processing 299/2285: UF/sledgehammer/TypeSafe/smtlib.982102.smt2
[DEBUG] Predicted solver: cvc5 for benchmark UF/sledgehammer/TypeSafe/smtlib.982102.smt2
[DEBUG] Benchmark UF/sledgehammer/TypeSafe/smtlib.982102.smt2: solved=False, runtime=1200.00s, PAR-2=2400.00s
[DEBUG] Processing 300/2285: UF/20170428-Barrett/cdt-cade2015/nada/distro/rbt_impl/x2015_09_10_16_50_15_887_1022342.smt_in.smt2
[DEBUG] Predicted solver: Yices2 for benchmark UF/20170428-Barrett/cdt-cade2015/nada/distro/rbt_impl/x2015_09_10_16_50_15_887_1022342.smt_in.smt2
[DEBUG] Benchmark UF/20170428-Barrett/cdt-cade2015/nada/distro/rbt_impl/x2015_09_10_16_50_15_887_1022342.smt_in.smt2: solved=False, runtime=1200.00s, PAR-2=2400.00s
[DEBUG] Processing 301/2285: UF/sledgehammer/NS_Shared/smtlib.703115.smt2
[DEBUG] Predicted solver: iProver for benchmark UF/sledgehammer/NS_Shared/smtlib.703115.smt2
[DEBUG] Benchmark UF/sledgehammer/NS_Shared/smtlib.703115.smt2: solved=False, runtime=1200.00s, PAR-2=2400.00s
[DEBUG] Processing 302/2285: UF/20170428-Barrett/cdt-cade2015/nada/afp/sorted_list_operations/x2015_09_10_16_47_45_306_1071226.smt_in.smt2
[DEBUG] Predicted solver: Yices2 for benchmark UF/20170428-Barrett/cdt-cade2015/nada/afp/sorted_list_operations/x2015_09_10_16_47_45_306_1071226.smt_in.smt2
[DEBUG] Benchmark UF/20170428-Barrett/cdt-cade2015/nada/afp/sorted_list_operations/x2015_09_10_16_47_45_306_1071226.smt_in.smt2: solved=False, runtime=1200.00s, PAR-2=2400.00s
[DEBUG] Processing 303/2285: UF/20170428-Barrett/cdt-cade2015/nada/afp/coinductive_list/x2015_09_10_16_53_08_582_1272609.smt_in.smt2
[DEBUG] Predicted solver: Yices2 for benchmark UF/20170428-Barrett/cdt-cade2015/nada/afp/coinductive_list/x2015_09_10_16_53_08_582_1272609.smt_in.smt2
[DEBUG] Benchmark UF/20170428-Barrett/cdt-cade2015/nada/afp/coinductive_list/x2015_09_10_16_53_08_582_1272609.smt_in.smt2: solved=False, runtime=1200.00s, PAR-2=2400.00s
[DEBUG] Processing 304/2285: UF/sledgehammer/NS_Shared/uf.755652.smt2
[DEBUG] Predicted solver: Yices2 for benchmark UF/sledgehammer/NS_Shared/uf.755652.smt2
[DEBUG] Benchmark UF/sledgehammer/NS_Shared/uf.755652.smt2: solved=True, runtime=0.42s, PAR-2=0.42s
[DEBUG] Processing 305/2285: UF/20170428-Barrett/cdt-cade2015/nada/distro/gram_lang/x2015_09_10_16_50_13_449_1239443.smt_in.smt2
[DEBUG] Predicted solver: cvc5 for benchmark UF/20170428-Barrett/cdt-cade2015/nada/distro/gram_lang/x2015_09_10_16_50_13_449_1239443.smt_in.smt2
[DEBUG] Benchmark UF/20170428-Barrett/cdt-cade2015/nada/distro/gram_lang/x2015_09_10_16_50_13_449_1239443.smt_in.smt2: solved=True, runtime=0.46s, PAR-2=0.46s
[DEBUG] Processing 306/2285: UF/20170428-Barrett/cdt-cade2015/nada/distro/gram_lang/x2015_09_10_16_48_18_918_1119029.smt_in.smt2
[DEBUG] Predicted solver: cvc5 for benchmark UF/20170428-Barrett/cdt-cade2015/nada/distro/gram_lang/x2015_09_10_16_48_18_918_1119029.smt_in.smt2
[DEBUG] Benchmark UF/20170428-Barrett/cdt-cade2015/nada/distro/gram_lang/x2015_09_10_16_48_18_918_1119029.smt_in.smt2: solved=True, runtime=637.80s, PAR-2=637.80s
[DEBUG] Processing 307/2285: UF/sledgehammer/FFT/uf.822512.smt2
[DEBUG] Predicted solver: iProver for benchmark UF/sledgehammer/FFT/uf.822512.smt2
[DEBUG] Benchmark UF/sledgehammer/FFT/uf.822512.smt2: solved=True, runtime=105.44s, PAR-2=105.44s
[DEBUG] Processing 308/2285: UF/sledgehammer/NS_Shared/smtlib.654800.smt2
[DEBUG] Predicted solver: iProver for benchmark UF/sledgehammer/NS_Shared/smtlib.654800.smt2
[DEBUG] Benchmark UF/sledgehammer/NS_Shared/smtlib.654800.smt2: solved=True, runtime=4.86s, PAR-2=4.86s
[DEBUG] Processing 309/2285: UF/sledgehammer/StrongNorm/uf.587789.smt2
[DEBUG] Predicted solver: iProver for benchmark UF/sledgehammer/StrongNorm/uf.587789.smt2
[DEBUG] Benchmark UF/sledgehammer/StrongNorm/uf.587789.smt2: solved=False, runtime=1200.00s, PAR-2=2400.00s
[DEBUG] Processing 310/2285: UF/20170428-Barrett/cdt-cade2015/nada/afp/coinductive_list/x2015_09_10_17_08_34_877_2328204.smt_in.smt2
[DEBUG] Predicted solver: cvc5 for benchmark UF/20170428-Barrett/cdt-cade2015/nada/afp/coinductive_list/x2015_09_10_17_08_34_877_2328204.smt_in.smt2
[DEBUG] Benchmark UF/20170428-Barrett/cdt-cade2015/nada/afp/coinductive_list/x2015_09_10_17_08_34_877_2328204.smt_in.smt2: solved=False, runtime=1200.00s, PAR-2=2400.00s
[DEBUG] Processing 311/2285: UF/20170428-Barrett/cdt-cade2015/nada/distro/gram_lang/x2015_09_10_16_53_12_872_1411820.smt_in.smt2
[DEBUG] Predicted solver: cvc5 for benchmark UF/20170428-Barrett/cdt-cade2015/nada/distro/gram_lang/x2015_09_10_16_53_12_872_1411820.smt_in.smt2
[DEBUG] Benchmark UF/20170428-Barrett/cdt-cade2015/nada/distro/gram_lang/x2015_09_10_16_53_12_872_1411820.smt_in.smt2: solved=False, runtime=1200.00s, PAR-2=2400.00s
[DEBUG] Processing 312/2285: UF/sledgehammer/TwoSquares/uf.663570.smt2
[DEBUG] Predicted solver: iProver for benchmark UF/sledgehammer/TwoSquares/uf.663570.smt2
[DEBUG] Benchmark UF/sledgehammer/TwoSquares/uf.663570.smt2: solved=False, runtime=1200.00s, PAR-2=2400.00s
[DEBUG] Processing 313/2285: UF/sledgehammer/NS_Shared/uf.692831.smt2
[DEBUG] Predicted solver: Yices2 for benchmark UF/sledgehammer/NS_Shared/uf.692831.smt2
[DEBUG] Benchmark UF/sledgehammer/NS_Shared/uf.692831.smt2: solved=False, runtime=1200.00s, PAR-2=2400.00s
[DEBUG] Processing 314/2285: UF/sledgehammer/Fundamental_Theorem_Algebra/uf.1293371.smt2
[DEBUG] Predicted solver: iProver for benchmark UF/sledgehammer/Fundamental_Theorem_Algebra/uf.1293371.smt2
[DEBUG] Benchmark UF/sledgehammer/Fundamental_Theorem_Algebra/uf.1293371.smt2: solved=False, runtime=1200.00s, PAR-2=2400.00s
[DEBUG] Processing 315/2285: UF/sledgehammer/Fundamental_Theorem_Algebra/uf.1058458.smt2
[DEBUG] Predicted solver: iProver for benchmark UF/sledgehammer/Fundamental_Theorem_Algebra/uf.1058458.smt2
[DEBUG] Benchmark UF/sledgehammer/Fundamental_Theorem_Algebra/uf.1058458.smt2: solved=False, runtime=1200.00s, PAR-2=2400.00s
[DEBUG] Processing 316/2285: UF/sledgehammer/TypeSafe/smtlib.867810.smt2
[DEBUG] Predicted solver: iProver for benchmark UF/sledgehammer/TypeSafe/smtlib.867810.smt2
[DEBUG] Benchmark UF/sledgehammer/TypeSafe/smtlib.867810.smt2: solved=True, runtime=43.97s, PAR-2=43.97s
[DEBUG] Processing 317/2285: UF/sledgehammer/StrongNorm/uf.806902.smt2
[DEBUG] Predicted solver: iProver for benchmark UF/sledgehammer/StrongNorm/uf.806902.smt2
[DEBUG] Benchmark UF/sledgehammer/StrongNorm/uf.806902.smt2: solved=False, runtime=1200.00s, PAR-2=2400.00s
[DEBUG] Processing 318/2285: UF/sledgehammer/Hoare/uf.1185611.smt2
[DEBUG] Predicted solver: iProver for benchmark UF/sledgehammer/Hoare/uf.1185611.smt2
[DEBUG] Benchmark UF/sledgehammer/Hoare/uf.1185611.smt2: solved=True, runtime=0.98s, PAR-2=0.98s
[DEBUG] Processing 319/2285: UF/sledgehammer/TypeSafe/uf.1024320.smt2
[DEBUG] Predicted solver: Yices2 for benchmark UF/sledgehammer/TypeSafe/uf.1024320.smt2
[DEBUG] Benchmark UF/sledgehammer/TypeSafe/uf.1024320.smt2: solved=False, runtime=1200.00s, PAR-2=2400.00s
[DEBUG] Processing 320/2285: UF/sledgehammer/TwoSquares/uf.791451.smt2
[DEBUG] Predicted solver: cvc5 for benchmark UF/sledgehammer/TwoSquares/uf.791451.smt2
[DEBUG] Benchmark UF/sledgehammer/TwoSquares/uf.791451.smt2: solved=False, runtime=1200.00s, PAR-2=2400.00s
[DEBUG] Processing 321/2285: UF/sledgehammer/NS_Shared/uf.801743.smt2
[DEBUG] Predicted solver: iProver for benchmark UF/sledgehammer/NS_Shared/uf.801743.smt2
[DEBUG] Benchmark UF/sledgehammer/NS_Shared/uf.801743.smt2: solved=False, runtime=1200.00s, PAR-2=2400.00s
[DEBUG] Processing 322/2285: UF/20170428-Barrett/cdt-cade2015/nada/afp/coinductive_list/x2015_09_10_17_19_07_519_2861551.smt_in.smt2
[DEBUG] Predicted solver: Yices2 for benchmark UF/20170428-Barrett/cdt-cade2015/nada/afp/coinductive_list/x2015_09_10_17_19_07_519_2861551.smt_in.smt2
[DEBUG] Benchmark UF/20170428-Barrett/cdt-cade2015/nada/afp/coinductive_list/x2015_09_10_17_19_07_519_2861551.smt_in.smt2: solved=False, runtime=1200.00s, PAR-2=2400.00s
[DEBUG] Processing 323/2285: UF/20170428-Barrett/cdt-cade2015/nada/afp/coinductive_list/x2015_09_10_16_59_13_567_1599577.smt_in.smt2
[DEBUG] Predicted solver: cvc5 for benchmark UF/20170428-Barrett/cdt-cade2015/nada/afp/coinductive_list/x2015_09_10_16_59_13_567_1599577.smt_in.smt2
[DEBUG] Benchmark UF/20170428-Barrett/cdt-cade2015/nada/afp/coinductive_list/x2015_09_10_16_59_13_567_1599577.smt_in.smt2: solved=True, runtime=152.80s, PAR-2=152.80s
[DEBUG] Processing 324/2285: UF/sledgehammer/Fundamental_Theorem_Algebra/uf.588805.smt2
[DEBUG] Predicted solver: iProver for benchmark UF/sledgehammer/Fundamental_Theorem_Algebra/uf.588805.smt2
[DEBUG] Benchmark UF/sledgehammer/Fundamental_Theorem_Algebra/uf.588805.smt2: solved=False, runtime=1200.00s, PAR-2=2400.00s
[DEBUG] Processing 325/2285: UF/sledgehammer/Hoare/uf.850619.smt2
[DEBUG] Predicted solver: iProver for benchmark UF/sledgehammer/Hoare/uf.850619.smt2
[DEBUG] Benchmark UF/sledgehammer/Hoare/uf.850619.smt2: solved=False, runtime=1200.00s, PAR-2=2400.00s
[DEBUG] Processing 326/2285: UF/sledgehammer/Fundamental_Theorem_Algebra/uf.1226930.smt2
[DEBUG] Predicted solver: Yices2 for benchmark UF/sledgehammer/Fundamental_Theorem_Algebra/uf.1226930.smt2
[DEBUG] Benchmark UF/sledgehammer/Fundamental_Theorem_Algebra/uf.1226930.smt2: solved=True, runtime=2.63s, PAR-2=2.63s
[DEBUG] Processing 327/2285: UF/20170428-Barrett/cdt-cade2015/nada/afp/coinductive_list/x2015_09_10_17_08_51_814_2351953.smt_in.smt2
[DEBUG] Predicted solver: Yices2 for benchmark UF/20170428-Barrett/cdt-cade2015/nada/afp/coinductive_list/x2015_09_10_17_08_51_814_2351953.smt_in.smt2
[DEBUG] Benchmark UF/20170428-Barrett/cdt-cade2015/nada/afp/coinductive_list/x2015_09_10_17_08_51_814_2351953.smt_in.smt2: solved=True, runtime=55.23s, PAR-2=55.23s
[DEBUG] Processing 328/2285: UF/sledgehammer/QEpres/uf.850070.smt2
[DEBUG] Predicted solver: Yices2 for benchmark UF/sledgehammer/QEpres/uf.850070.smt2
[DEBUG] Benchmark UF/sledgehammer/QEpres/uf.850070.smt2: solved=False, runtime=1200.00s, PAR-2=2400.00s
[DEBUG] Processing 329/2285: UF/20170428-Barrett/cdt-cade2015/nada/distro/gram_lang/x2015_09_10_16_53_00_915_1400456.smt_in.smt2
[DEBUG] Predicted solver: cvc5 for benchmark UF/20170428-Barrett/cdt-cade2015/nada/distro/gram_lang/x2015_09_10_16_53_00_915_1400456.smt_in.smt2
[DEBUG] Benchmark UF/20170428-Barrett/cdt-cade2015/nada/distro/gram_lang/x2015_09_10_16_53_00_915_1400456.smt_in.smt2: solved=True, runtime=0.63s, PAR-2=0.63s
[DEBUG] Processing 330/2285: UF/20170428-Barrett/cdt-cade2015/nada/afp/coinductive_list/x2015_09_10_17_07_10_321_2215643.smt_in.smt2
[DEBUG] Predicted solver: cvc5 for benchmark UF/20170428-Barrett/cdt-cade2015/nada/afp/coinductive_list/x2015_09_10_17_07_10_321_2215643.smt_in.smt2
[DEBUG] Benchmark UF/20170428-Barrett/cdt-cade2015/nada/afp/coinductive_list/x2015_09_10_17_07_10_321_2215643.smt_in.smt2: solved=False, runtime=1200.00s, PAR-2=2400.00s
[DEBUG] Processing 331/2285: UF/sledgehammer/TwoSquares/uf.700212.smt2
[DEBUG] Predicted solver: iProver for benchmark UF/sledgehammer/TwoSquares/uf.700212.smt2
[DEBUG] Benchmark UF/sledgehammer/TwoSquares/uf.700212.smt2: solved=False, runtime=1200.00s, PAR-2=2400.00s
[DEBUG] Processing 332/2285: UF/sledgehammer/Fundamental_Theorem_Algebra/uf.1220351.smt2
[DEBUG] Predicted solver: iProver for benchmark UF/sledgehammer/Fundamental_Theorem_Algebra/uf.1220351.smt2
[DEBUG] Benchmark UF/sledgehammer/Fundamental_Theorem_Algebra/uf.1220351.smt2: solved=False, runtime=1200.00s, PAR-2=2400.00s
[DEBUG] Processing 333/2285: UF/sledgehammer/FFT/uf.847616.smt2
[DEBUG] Predicted solver: iProver for benchmark UF/sledgehammer/FFT/uf.847616.smt2
[DEBUG] Benchmark UF/sledgehammer/FFT/uf.847616.smt2: solved=False, runtime=1200.00s, PAR-2=2400.00s
[DEBUG] Processing 334/2285: UF/sledgehammer/Arrow_Order/smtlib.709337.smt2
[DEBUG] Predicted solver: cvc5 for benchmark UF/sledgehammer/Arrow_Order/smtlib.709337.smt2
[DEBUG] Benchmark UF/sledgehammer/Arrow_Order/smtlib.709337.smt2: solved=False, runtime=1200.00s, PAR-2=2400.00s
[DEBUG] Processing 335/2285: UF/sledgehammer/StrongNorm/uf.664267.smt2
[DEBUG] Predicted solver: iProver for benchmark UF/sledgehammer/StrongNorm/uf.664267.smt2
[DEBUG] Benchmark UF/sledgehammer/StrongNorm/uf.664267.smt2: solved=False, runtime=1200.00s, PAR-2=2400.00s
[DEBUG] Processing 336/2285: UF/sledgehammer/QEpres/uf.721680.smt2
[DEBUG] Predicted solver: iProver for benchmark UF/sledgehammer/QEpres/uf.721680.smt2
[DEBUG] Benchmark UF/sledgehammer/QEpres/uf.721680.smt2: solved=False, runtime=1200.00s, PAR-2=2400.00s
[DEBUG] Processing 337/2285: UF/sledgehammer/QEpres/uf.855035.smt2
[DEBUG] Predicted solver: iProver for benchmark UF/sledgehammer/QEpres/uf.855035.smt2
[DEBUG] Benchmark UF/sledgehammer/QEpres/uf.855035.smt2: solved=True, runtime=121.98s, PAR-2=121.98s
[DEBUG] Processing 338/2285: UF/20170428-Barrett/cdt-cade2015/nada/afp/coinductive_stream/x2015_09_10_17_25_12_417_1236695.smt_in.smt2
[DEBUG] Predicted solver: Yices2 for benchmark UF/20170428-Barrett/cdt-cade2015/nada/afp/coinductive_stream/x2015_09_10_17_25_12_417_1236695.smt_in.smt2
[DEBUG] Benchmark UF/20170428-Barrett/cdt-cade2015/nada/afp/coinductive_stream/x2015_09_10_17_25_12_417_1236695.smt_in.smt2: solved=False, runtime=1200.00s, PAR-2=2400.00s
[DEBUG] Processing 339/2285: UF/sledgehammer/Arrow_Order/smtlib.622573.smt2
[DEBUG] Predicted solver: cvc5 for benchmark UF/sledgehammer/Arrow_Order/smtlib.622573.smt2
[DEBUG] Benchmark UF/sledgehammer/Arrow_Order/smtlib.622573.smt2: solved=False, runtime=1200.00s, PAR-2=2400.00s
[DEBUG] Processing 340/2285: UF/20170428-Barrett/cdt-cade2015/nada/afp/abstract_completeness/x2015_09_10_17_00_18_465_1086439.smt_in.smt2
[DEBUG] Predicted solver: cvc5 for benchmark UF/20170428-Barrett/cdt-cade2015/nada/afp/abstract_completeness/x2015_09_10_17_00_18_465_1086439.smt_in.smt2
[DEBUG] Benchmark UF/20170428-Barrett/cdt-cade2015/nada/afp/abstract_completeness/x2015_09_10_17_00_18_465_1086439.smt_in.smt2: solved=True, runtime=542.34s, PAR-2=542.34s
[DEBUG] Processing 341/2285: UF/sledgehammer/Fundamental_Theorem_Algebra/uf.637421.smt2
[DEBUG] Predicted solver: iProver for benchmark UF/sledgehammer/Fundamental_Theorem_Algebra/uf.637421.smt2
[DEBUG] Benchmark UF/sledgehammer/Fundamental_Theorem_Algebra/uf.637421.smt2: solved=False, runtime=1200.00s, PAR-2=2400.00s
[DEBUG] Processing 342/2285: UF/sledgehammer/TypeSafe/smtlib.655487.smt2
[DEBUG] Predicted solver: Yices2 for benchmark UF/sledgehammer/TypeSafe/smtlib.655487.smt2
[DEBUG] Benchmark UF/sledgehammer/TypeSafe/smtlib.655487.smt2: solved=False, runtime=1200.00s, PAR-2=2400.00s
[DEBUG] Processing 343/2285: UF/20170428-Barrett/cdt-cade2015/nada/afp/coinductive_list/x2015_09_10_16_59_37_840_1622763.smt_in.smt2
[DEBUG] Predicted solver: iProver for benchmark UF/20170428-Barrett/cdt-cade2015/nada/afp/coinductive_list/x2015_09_10_16_59_37_840_1622763.smt_in.smt2
[DEBUG] Benchmark UF/20170428-Barrett/cdt-cade2015/nada/afp/coinductive_list/x2015_09_10_16_59_37_840_1622763.smt_in.smt2: solved=False, runtime=1200.00s, PAR-2=2400.00s
[DEBUG] Processing 344/2285: UF/sledgehammer/Fundamental_Theorem_Algebra/uf.1005815.smt2
[DEBUG] Predicted solver: iProver for benchmark UF/sledgehammer/Fundamental_Theorem_Algebra/uf.1005815.smt2
[DEBUG] Benchmark UF/sledgehammer/Fundamental_Theorem_Algebra/uf.1005815.smt2: solved=False, runtime=1200.00s, PAR-2=2400.00s
[DEBUG] Processing 345/2285: UF/sledgehammer/Hoare/uf.1158401.smt2
[DEBUG] Predicted solver: iProver for benchmark UF/sledgehammer/Hoare/uf.1158401.smt2
[DEBUG] Benchmark UF/sledgehammer/Hoare/uf.1158401.smt2: solved=False, runtime=1200.00s, PAR-2=2400.00s
[DEBUG] Processing 346/2285: UF/20170428-Barrett/cdt-cade2015/nada/distro/stream/x2015_09_10_16_48_06_607_1074262.smt_in.smt2
[DEBUG] Predicted solver: iProver for benchmark UF/20170428-Barrett/cdt-cade2015/nada/distro/stream/x2015_09_10_16_48_06_607_1074262.smt_in.smt2
[DEBUG] Benchmark UF/20170428-Barrett/cdt-cade2015/nada/distro/stream/x2015_09_10_16_48_06_607_1074262.smt_in.smt2: solved=True, runtime=3.86s, PAR-2=3.86s
[DEBUG] Processing 347/2285: UF/20170428-Barrett/cdt-cade2015/nada/afp/tllist/x2015_09_10_16_56_59_867_1117886.smt_in.smt2
[DEBUG] Predicted solver: Yices2 for benchmark UF/20170428-Barrett/cdt-cade2015/nada/afp/tllist/x2015_09_10_16_56_59_867_1117886.smt_in.smt2
[DEBUG] Benchmark UF/20170428-Barrett/cdt-cade2015/nada/afp/tllist/x2015_09_10_16_56_59_867_1117886.smt_in.smt2: solved=False, runtime=1200.00s, PAR-2=2400.00s
[DEBUG] Processing 348/2285: UF/20170428-Barrett/cdt-cade2015/nada/distro/gram_lang/x2015_09_10_16_52_52_672_1392637.smt_in.smt2
[DEBUG] Predicted solver: Yices2 for benchmark UF/20170428-Barrett/cdt-cade2015/nada/distro/gram_lang/x2015_09_10_16_52_52_672_1392637.smt_in.smt2
[DEBUG] Benchmark UF/20170428-Barrett/cdt-cade2015/nada/distro/gram_lang/x2015_09_10_16_52_52_672_1392637.smt_in.smt2: solved=False, runtime=1200.00s, PAR-2=2400.00s
[DEBUG] Processing 349/2285: UF/sledgehammer/TypeSafe/smtlib.694208.smt2
[DEBUG] Predicted solver: iProver for benchmark UF/sledgehammer/TypeSafe/smtlib.694208.smt2
[DEBUG] Benchmark UF/sledgehammer/TypeSafe/smtlib.694208.smt2: solved=True, runtime=2.39s, PAR-2=2.39s
[DEBUG] Processing 350/2285: UF/sledgehammer/NS_Shared/uf.772205.smt2
[DEBUG] Predicted solver: iProver for benchmark UF/sledgehammer/NS_Shared/uf.772205.smt2
[DEBUG] Benchmark UF/sledgehammer/NS_Shared/uf.772205.smt2: solved=False, runtime=1200.00s, PAR-2=2400.00s
[DEBUG] Processing 351/2285: UF/sledgehammer/Hoare/uf.795622.smt2
[DEBUG] Predicted solver: iProver for benchmark UF/sledgehammer/Hoare/uf.795622.smt2
[DEBUG] Benchmark UF/sledgehammer/Hoare/uf.795622.smt2: solved=True, runtime=10.42s, PAR-2=10.42s
[DEBUG] Processing 352/2285: UF/sledgehammer/QEpres/uf.580267.smt2
[DEBUG] Predicted solver: iProver for benchmark UF/sledgehammer/QEpres/uf.580267.smt2
[DEBUG] Benchmark UF/sledgehammer/QEpres/uf.580267.smt2: solved=True, runtime=1.82s, PAR-2=1.82s
[DEBUG] Processing 353/2285: UF/20170428-Barrett/cdt-cade2015/nada/afp/koenigslemma/x2015_09_10_16_54_25_871_1168153.smt_in.smt2
[DEBUG] Predicted solver: Yices2 for benchmark UF/20170428-Barrett/cdt-cade2015/nada/afp/koenigslemma/x2015_09_10_16_54_25_871_1168153.smt_in.smt2
[DEBUG] Benchmark UF/20170428-Barrett/cdt-cade2015/nada/afp/koenigslemma/x2015_09_10_16_54_25_871_1168153.smt_in.smt2: solved=False, runtime=1200.00s, PAR-2=2400.00s
[DEBUG] Processing 354/2285: UF/sledgehammer/TypeSafe/smtlib.1058125.smt2
[DEBUG] Predicted solver: iProver for benchmark UF/sledgehammer/TypeSafe/smtlib.1058125.smt2
[DEBUG] Benchmark UF/sledgehammer/TypeSafe/smtlib.1058125.smt2: solved=False, runtime=1200.00s, PAR-2=2400.00s
[DEBUG] Processing 355/2285: UF/sledgehammer/StrongNorm/uf.815405.smt2
[DEBUG] Predicted solver: Yices2 for benchmark UF/sledgehammer/StrongNorm/uf.815405.smt2
[DEBUG] Benchmark UF/sledgehammer/StrongNorm/uf.815405.smt2: solved=False, runtime=1200.00s, PAR-2=2400.00s
[DEBUG] Processing 356/2285: UF/20190906-CLEARSY/0009/00082.smt2
[DEBUG] Predicted solver: Yices2 for benchmark UF/20190906-CLEARSY/0009/00082.smt2
[DEBUG] Benchmark UF/20190906-CLEARSY/0009/00082.smt2: solved=True, runtime=0.21s, PAR-2=0.21s
[DEBUG] Processing 357/2285: UF/20190906-CLEARSY/0012/00103.smt2
[DEBUG] Predicted solver: SMTInterpol for benchmark UF/20190906-CLEARSY/0012/00103.smt2
[DEBUG] Benchmark UF/20190906-CLEARSY/0012/00103.smt2: solved=True, runtime=2.36s, PAR-2=2.36s
[DEBUG] Processing 358/2285: UF/sledgehammer/TypeSafe/uf.749178.smt2
[DEBUG] Predicted solver: iProver for benchmark UF/sledgehammer/TypeSafe/uf.749178.smt2
[DEBUG] Benchmark UF/sledgehammer/TypeSafe/uf.749178.smt2: solved=True, runtime=2.85s, PAR-2=2.85s
[DEBUG] Processing 359/2285: UF/sledgehammer/Hoare/smtlib.928655.smt2
[DEBUG] Predicted solver: iProver for benchmark UF/sledgehammer/Hoare/smtlib.928655.smt2
[DEBUG] Benchmark UF/sledgehammer/Hoare/smtlib.928655.smt2: solved=True, runtime=0.87s, PAR-2=0.87s
[DEBUG] Processing 360/2285: UF/20170428-Barrett/cdt-cade2015/nada/afp/coinductive_list/x2015_09_10_17_01_30_885_1753035.smt_in.smt2
[DEBUG] Predicted solver: cvc5 for benchmark UF/20170428-Barrett/cdt-cade2015/nada/afp/coinductive_list/x2015_09_10_17_01_30_885_1753035.smt_in.smt2
[DEBUG] Benchmark UF/20170428-Barrett/cdt-cade2015/nada/afp/coinductive_list/x2015_09_10_17_01_30_885_1753035.smt_in.smt2: solved=False, runtime=1200.00s, PAR-2=2400.00s
[DEBUG] Processing 361/2285: UF/sledgehammer/Fundamental_Theorem_Algebra/uf.1165463.smt2
[DEBUG] Predicted solver: cvc5 for benchmark UF/sledgehammer/Fundamental_Theorem_Algebra/uf.1165463.smt2
[DEBUG] Benchmark UF/sledgehammer/Fundamental_Theorem_Algebra/uf.1165463.smt2: solved=True, runtime=0.39s, PAR-2=0.39s
[DEBUG] Processing 362/2285: UF/20170428-Barrett/cdt-cade2015/nada/afp/hamming_stream/x2015_09_10_16_49_10_574_1139083.smt_in.smt2
[DEBUG] Predicted solver: Yices2 for benchmark UF/20170428-Barrett/cdt-cade2015/nada/afp/hamming_stream/x2015_09_10_16_49_10_574_1139083.smt_in.smt2
[DEBUG] Benchmark UF/20170428-Barrett/cdt-cade2015/nada/afp/hamming_stream/x2015_09_10_16_49_10_574_1139083.smt_in.smt2: solved=False, runtime=1200.00s, PAR-2=2400.00s
[DEBUG] Processing 363/2285: UF/sledgehammer/Arrow_Order/uf.693804.smt2
[DEBUG] Predicted solver: cvc5 for benchmark UF/sledgehammer/Arrow_Order/uf.693804.smt2
[DEBUG] Benchmark UF/sledgehammer/Arrow_Order/uf.693804.smt2: solved=True, runtime=128.47s, PAR-2=128.47s
[DEBUG] Processing 364/2285: UF/sledgehammer/TypeSafe/uf.1054231.smt2
[DEBUG] Predicted solver: iProver for benchmark UF/sledgehammer/TypeSafe/uf.1054231.smt2
[DEBUG] Benchmark UF/sledgehammer/TypeSafe/uf.1054231.smt2: solved=False, runtime=1200.00s, PAR-2=2400.00s
[DEBUG] Processing 365/2285: UF/sledgehammer/Hoare/uf.1020858.smt2
[DEBUG] Predicted solver: iProver for benchmark UF/sledgehammer/Hoare/uf.1020858.smt2
[DEBUG] Benchmark UF/sledgehammer/Hoare/uf.1020858.smt2: solved=True, runtime=2.88s, PAR-2=2.88s
[DEBUG] Processing 366/2285: UF/20170428-Barrett/cdt-cade2015/nada/afp/coinductive_list/x2015_09_10_17_03_54_879_1945626.smt_in.smt2
[DEBUG] Predicted solver: cvc5 for benchmark UF/20170428-Barrett/cdt-cade2015/nada/afp/coinductive_list/x2015_09_10_17_03_54_879_1945626.smt_in.smt2
[DEBUG] Benchmark UF/20170428-Barrett/cdt-cade2015/nada/afp/coinductive_list/x2015_09_10_17_03_54_879_1945626.smt_in.smt2: solved=True, runtime=480.74s, PAR-2=480.74s
[DEBUG] Processing 367/2285: UF/20170428-Barrett/cdt-cade2015/nada/distro/rbt_impl/x2015_09_10_16_58_45_490_1846132.smt_in.smt2
[DEBUG] Predicted solver: cvc5 for benchmark UF/20170428-Barrett/cdt-cade2015/nada/distro/rbt_impl/x2015_09_10_16_58_45_490_1846132.smt_in.smt2
[DEBUG] Benchmark UF/20170428-Barrett/cdt-cade2015/nada/distro/rbt_impl/x2015_09_10_16_58_45_490_1846132.smt_in.smt2: solved=False, runtime=1200.00s, PAR-2=2400.00s
[DEBUG] Processing 368/2285: UF/20170428-Barrett/cdt-cade2015/nada/afp/coinductive_stream/x2015_09_10_17_23_54_435_1172788.smt_in.smt2
[DEBUG] Predicted solver: cvc5 for benchmark UF/20170428-Barrett/cdt-cade2015/nada/afp/coinductive_stream/x2015_09_10_17_23_54_435_1172788.smt_in.smt2
[DEBUG] Benchmark UF/20170428-Barrett/cdt-cade2015/nada/afp/coinductive_stream/x2015_09_10_17_23_54_435_1172788.smt_in.smt2: solved=True, runtime=0.55s, PAR-2=0.55s
[DEBUG] Processing 369/2285: UF/sledgehammer/Arrow_Order/uf.771312.smt2
[DEBUG] Predicted solver: Yices2 for benchmark UF/sledgehammer/Arrow_Order/uf.771312.smt2
[DEBUG] Benchmark UF/sledgehammer/Arrow_Order/uf.771312.smt2: solved=False, runtime=1200.00s, PAR-2=2400.00s
[DEBUG] Processing 370/2285: UF/grasshopper/uninstantiated/rec_reverse_acc_postcondition_of_rec_reverse_acc_19_4.smt2
[DEBUG] Predicted solver: iProver for benchmark UF/grasshopper/uninstantiated/rec_reverse_acc_postcondition_of_rec_reverse_acc_19_4.smt2
[DEBUG] Benchmark UF/grasshopper/uninstantiated/rec_reverse_acc_postcondition_of_rec_reverse_acc_19_4.smt2: solved=True, runtime=0.91s, PAR-2=0.91s
[DEBUG] Processing 371/2285: UF/20170428-Barrett/cdt-cade2015/nada/afp/coinductive_list/x2015_09_10_17_15_55_380_2751086.smt_in.smt2
[DEBUG] Predicted solver: cvc5 for benchmark UF/20170428-Barrett/cdt-cade2015/nada/afp/coinductive_list/x2015_09_10_17_15_55_380_2751086.smt_in.smt2
[DEBUG] Benchmark UF/20170428-Barrett/cdt-cade2015/nada/afp/coinductive_list/x2015_09_10_17_15_55_380_2751086.smt_in.smt2: solved=False, runtime=1200.00s, PAR-2=2400.00s
[DEBUG] Processing 372/2285: UF/sledgehammer/QEpres/uf.728331.smt2
[DEBUG] Predicted solver: iProver for benchmark UF/sledgehammer/QEpres/uf.728331.smt2
[DEBUG] Benchmark UF/sledgehammer/QEpres/uf.728331.smt2: solved=True, runtime=121.47s, PAR-2=121.47s
[DEBUG] Processing 373/2285: UF/sledgehammer/Hoare/smtlib.1199247.smt2
[DEBUG] Predicted solver: iProver for benchmark UF/sledgehammer/Hoare/smtlib.1199247.smt2
[DEBUG] Benchmark UF/sledgehammer/Hoare/smtlib.1199247.smt2: solved=True, runtime=0.91s, PAR-2=0.91s
[DEBUG] Processing 374/2285: UF/sledgehammer/FFT/uf.776763.smt2
[DEBUG] Predicted solver: iProver for benchmark UF/sledgehammer/FFT/uf.776763.smt2
[DEBUG] Benchmark UF/sledgehammer/FFT/uf.776763.smt2: solved=True, runtime=1.41s, PAR-2=1.41s
[DEBUG] Processing 375/2285: UF/sledgehammer/Fundamental_Theorem_Algebra/uf.1079201.smt2
[DEBUG] Predicted solver: cvc5 for benchmark UF/sledgehammer/Fundamental_Theorem_Algebra/uf.1079201.smt2
[DEBUG] Benchmark UF/sledgehammer/Fundamental_Theorem_Algebra/uf.1079201.smt2: solved=True, runtime=0.34s, PAR-2=0.34s
[DEBUG] Processing 376/2285: UF/sledgehammer/NS_Shared/smtlib.879558.smt2
[DEBUG] Predicted solver: iProver for benchmark UF/sledgehammer/NS_Shared/smtlib.879558.smt2
[DEBUG] Benchmark UF/sledgehammer/NS_Shared/smtlib.879558.smt2: solved=False, runtime=1200.00s, PAR-2=2400.00s
[DEBUG] Processing 377/2285: UF/sledgehammer/Fundamental_Theorem_Algebra/uf.1336003.smt2
[DEBUG] Predicted solver: iProver for benchmark UF/sledgehammer/Fundamental_Theorem_Algebra/uf.1336003.smt2
[DEBUG] Benchmark UF/sledgehammer/Fundamental_Theorem_Algebra/uf.1336003.smt2: solved=False, runtime=1200.00s, PAR-2=2400.00s
[DEBUG] Processing 378/2285: UF/sledgehammer/FFT/uf.687771.smt2
[DEBUG] Predicted solver: cvc5 for benchmark UF/sledgehammer/FFT/uf.687771.smt2
[DEBUG] Benchmark UF/sledgehammer/FFT/uf.687771.smt2: solved=False, runtime=1200.00s, PAR-2=2400.00s
[DEBUG] Processing 379/2285: UF/20170428-Barrett/cdt-cade2015/nada/distro/rbt_impl/x2015_09_10_16_50_51_721_1063468.smt_in.smt2
[DEBUG] Predicted solver: Yices2 for benchmark UF/20170428-Barrett/cdt-cade2015/nada/distro/rbt_impl/x2015_09_10_16_50_51_721_1063468.smt_in.smt2
[DEBUG] Benchmark UF/20170428-Barrett/cdt-cade2015/nada/distro/rbt_impl/x2015_09_10_16_50_51_721_1063468.smt_in.smt2: solved=False, runtime=1200.00s, PAR-2=2400.00s
[DEBUG] Processing 380/2285: UF/sledgehammer/FFT/uf.771270.smt2
[DEBUG] Predicted solver: iProver for benchmark UF/sledgehammer/FFT/uf.771270.smt2
[DEBUG] Benchmark UF/sledgehammer/FFT/uf.771270.smt2: solved=False, runtime=1200.00s, PAR-2=2400.00s
[DEBUG] Processing 381/2285: UF/sledgehammer/Arrow_Order/uf.818526.smt2
[DEBUG] Predicted solver: Yices2 for benchmark UF/sledgehammer/Arrow_Order/uf.818526.smt2
[DEBUG] Benchmark UF/sledgehammer/Arrow_Order/uf.818526.smt2: solved=False, runtime=1200.00s, PAR-2=2400.00s
[DEBUG] Processing 382/2285: UF/sledgehammer/FFT/uf.740221.smt2
[DEBUG] Predicted solver: iProver for benchmark UF/sledgehammer/FFT/uf.740221.smt2
[DEBUG] Benchmark UF/sledgehammer/FFT/uf.740221.smt2: solved=False, runtime=1200.00s, PAR-2=2400.00s
[DEBUG] Processing 383/2285: UF/sledgehammer/Arrow_Order/uf.789390.smt2
[DEBUG] Predicted solver: iProver for benchmark UF/sledgehammer/Arrow_Order/uf.789390.smt2
[DEBUG] Benchmark UF/sledgehammer/Arrow_Order/uf.789390.smt2: solved=False, runtime=1200.00s, PAR-2=2400.00s
[DEBUG] Processing 384/2285: UF/sledgehammer/NS_Shared/uf.597779.smt2
[DEBUG] Predicted solver: Yices2 for benchmark UF/sledgehammer/NS_Shared/uf.597779.smt2
[DEBUG] Benchmark UF/sledgehammer/NS_Shared/uf.597779.smt2: solved=False, runtime=1200.00s, PAR-2=2400.00s
[DEBUG] Processing 385/2285: UF/sledgehammer/Hoare/uf.760436.smt2
[DEBUG] Predicted solver: iProver for benchmark UF/sledgehammer/Hoare/uf.760436.smt2
[DEBUG] Benchmark UF/sledgehammer/Hoare/uf.760436.smt2: solved=True, runtime=0.83s, PAR-2=0.83s
[DEBUG] Processing 386/2285: UF/20201221-induction-by-reflection-schoisswohl/reflectiveConjecture/eqRefl.smt2
[DEBUG] Predicted solver: cvc5 for benchmark UF/20201221-induction-by-reflection-schoisswohl/reflectiveConjecture/eqRefl.smt2
[DEBUG] Benchmark UF/20201221-induction-by-reflection-schoisswohl/reflectiveConjecture/eqRefl.smt2: solved=True, runtime=0.22s, PAR-2=0.22s
[DEBUG] Processing 387/2285: UF/sledgehammer/Hoare/uf.968765.smt2
[DEBUG] Predicted solver: cvc5 for benchmark UF/sledgehammer/Hoare/uf.968765.smt2
[DEBUG] Benchmark UF/sledgehammer/Hoare/uf.968765.smt2: solved=True, runtime=0.52s, PAR-2=0.52s
[DEBUG] Processing 388/2285: UF/sledgehammer/FFT/uf.881226.smt2
[DEBUG] Predicted solver: cvc5 for benchmark UF/sledgehammer/FFT/uf.881226.smt2
[DEBUG] Benchmark UF/sledgehammer/FFT/uf.881226.smt2: solved=False, runtime=1200.00s, PAR-2=2400.00s
[DEBUG] Processing 389/2285: UF/20170428-Barrett/cdt-cade2015/nada/afp/coinductive_list/x2015_09_10_17_01_22_386_1741263.smt_in.smt2
[DEBUG] Predicted solver: cvc5 for benchmark UF/20170428-Barrett/cdt-cade2015/nada/afp/coinductive_list/x2015_09_10_17_01_22_386_1741263.smt_in.smt2
[DEBUG] Benchmark UF/20170428-Barrett/cdt-cade2015/nada/afp/coinductive_list/x2015_09_10_17_01_22_386_1741263.smt_in.smt2: solved=False, runtime=1200.00s, PAR-2=2400.00s
[DEBUG] Processing 390/2285: UF/20170428-Barrett/cdt-cade2015/nada/distro/rbt_impl/x2015_09_10_16_53_24_652_1309470.smt_in.smt2
[DEBUG] Predicted solver: cvc5 for benchmark UF/20170428-Barrett/cdt-cade2015/nada/distro/rbt_impl/x2015_09_10_16_53_24_652_1309470.smt_in.smt2
[DEBUG] Benchmark UF/20170428-Barrett/cdt-cade2015/nada/distro/rbt_impl/x2015_09_10_16_53_24_652_1309470.smt_in.smt2: solved=False, runtime=1200.00s, PAR-2=2400.00s
[DEBUG] Processing 391/2285: UF/20170428-Barrett/cdt-cade2015/nada/afp/coinductive_list/x2015_09_10_17_12_24_337_2627584.smt_in.smt2
[DEBUG] Predicted solver: Yices2 for benchmark UF/20170428-Barrett/cdt-cade2015/nada/afp/coinductive_list/x2015_09_10_17_12_24_337_2627584.smt_in.smt2
[DEBUG] Benchmark UF/20170428-Barrett/cdt-cade2015/nada/afp/coinductive_list/x2015_09_10_17_12_24_337_2627584.smt_in.smt2: solved=False, runtime=1200.00s, PAR-2=2400.00s
[DEBUG] Processing 392/2285: UF/sledgehammer/FFT/uf.692166.smt2
[DEBUG] Predicted solver: iProver for benchmark UF/sledgehammer/FFT/uf.692166.smt2
[DEBUG] Benchmark UF/sledgehammer/FFT/uf.692166.smt2: solved=False, runtime=1200.00s, PAR-2=2400.00s
[DEBUG] Processing 393/2285: UF/sledgehammer/QEpres/uf.594167.smt2
[DEBUG] Predicted solver: Yices2 for benchmark UF/sledgehammer/QEpres/uf.594167.smt2
[DEBUG] Benchmark UF/sledgehammer/QEpres/uf.594167.smt2: solved=False, runtime=1200.00s, PAR-2=2400.00s
[DEBUG] Processing 394/2285: UF/sledgehammer/FFT/uf.825921.smt2
[DEBUG] Predicted solver: iProver for benchmark UF/sledgehammer/FFT/uf.825921.smt2
[DEBUG] Benchmark UF/sledgehammer/FFT/uf.825921.smt2: solved=True, runtime=0.84s, PAR-2=0.84s
[DEBUG] Processing 395/2285: UF/grasshopper/uninstantiated/rec_remove_check_heap_access_25_4.smt2
[DEBUG] Predicted solver: Yices2 for benchmark UF/grasshopper/uninstantiated/rec_remove_check_heap_access_25_4.smt2
[DEBUG] Benchmark UF/grasshopper/uninstantiated/rec_remove_check_heap_access_25_4.smt2: solved=True, runtime=5.13s, PAR-2=5.13s
[DEBUG] Processing 396/2285: UF/sledgehammer/Fundamental_Theorem_Algebra/uf.1072355.smt2
[DEBUG] Predicted solver: iProver for benchmark UF/sledgehammer/Fundamental_Theorem_Algebra/uf.1072355.smt2
[DEBUG] Benchmark UF/sledgehammer/Fundamental_Theorem_Algebra/uf.1072355.smt2: solved=False, runtime=1200.00s, PAR-2=2400.00s
[DEBUG] Processing 397/2285: UF/sledgehammer/Fundamental_Theorem_Algebra/uf.1274404.smt2
[DEBUG] Predicted solver: iProver for benchmark UF/sledgehammer/Fundamental_Theorem_Algebra/uf.1274404.smt2
[DEBUG] Benchmark UF/sledgehammer/Fundamental_Theorem_Algebra/uf.1274404.smt2: solved=True, runtime=15.91s, PAR-2=15.91s
[DEBUG] Processing 398/2285: UF/sledgehammer/QEpres/uf.733606.smt2
[DEBUG] Predicted solver: iProver for benchmark UF/sledgehammer/QEpres/uf.733606.smt2
[DEBUG] Benchmark UF/sledgehammer/QEpres/uf.733606.smt2: solved=False, runtime=1200.00s, PAR-2=2400.00s
[DEBUG] Processing 399/2285: UF/20170428-Barrett/cdt-cade2015/nada/afp/coinductive_list/x2015_09_10_17_15_29_619_2738663.smt_in.smt2
[DEBUG] Predicted solver: cvc5 for benchmark UF/20170428-Barrett/cdt-cade2015/nada/afp/coinductive_list/x2015_09_10_17_15_29_619_2738663.smt_in.smt2
[DEBUG] Benchmark UF/20170428-Barrett/cdt-cade2015/nada/afp/coinductive_list/x2015_09_10_17_15_29_619_2738663.smt_in.smt2: solved=False, runtime=1200.00s, PAR-2=2400.00s
[DEBUG] Processing 400/2285: UF/20190906-CLEARSY/0015/00370.smt2
[DEBUG] Predicted solver: SMTInterpol for benchmark UF/20190906-CLEARSY/0015/00370.smt2
[DEBUG] Benchmark UF/20190906-CLEARSY/0015/00370.smt2: solved=True, runtime=0.61s, PAR-2=0.61s
[DEBUG] Processing 401/2285: UF/20170428-Barrett/cdt-cade2015/nada/distro/rbt_impl/x2015_09_10_16_59_12_776_1884727.smt_in.smt2
[DEBUG] Predicted solver: Yices2 for benchmark UF/20170428-Barrett/cdt-cade2015/nada/distro/rbt_impl/x2015_09_10_16_59_12_776_1884727.smt_in.smt2
[DEBUG] Benchmark UF/20170428-Barrett/cdt-cade2015/nada/distro/rbt_impl/x2015_09_10_16_59_12_776_1884727.smt_in.smt2: solved=False, runtime=1200.00s, PAR-2=2400.00s
[DEBUG] Processing 402/2285: UF/20170428-Barrett/cdt-cade2015/nada/distro/gram_lang/x2015_09_10_16_54_52_250_1500077.smt_in.smt2
[DEBUG] Predicted solver: Yices2 for benchmark UF/20170428-Barrett/cdt-cade2015/nada/distro/gram_lang/x2015_09_10_16_54_52_250_1500077.smt_in.smt2
[DEBUG] Benchmark UF/20170428-Barrett/cdt-cade2015/nada/distro/gram_lang/x2015_09_10_16_54_52_250_1500077.smt_in.smt2: solved=True, runtime=0.70s, PAR-2=0.70s
[DEBUG] Processing 403/2285: UF/sledgehammer/Hoare/smtlib.653846.smt2
[DEBUG] Predicted solver: SMTInterpol for benchmark UF/sledgehammer/Hoare/smtlib.653846.smt2
[DEBUG] Benchmark UF/sledgehammer/Hoare/smtlib.653846.smt2: solved=True, runtime=0.40s, PAR-2=0.40s
[DEBUG] Processing 404/2285: UF/20170428-Barrett/cdt-cade2015/nada/distro/rbt_impl/x2015_09_10_16_54_37_389_1441935.smt_in.smt2
[DEBUG] Predicted solver: iProver for benchmark UF/20170428-Barrett/cdt-cade2015/nada/distro/rbt_impl/x2015_09_10_16_54_37_389_1441935.smt_in.smt2
[DEBUG] Benchmark UF/20170428-Barrett/cdt-cade2015/nada/distro/rbt_impl/x2015_09_10_16_54_37_389_1441935.smt_in.smt2: solved=False, runtime=1200.00s, PAR-2=2400.00s
[DEBUG] Processing 405/2285: UF/20170428-Barrett/cdt-cade2015/nada/distro/stream/x2015_09_10_16_47_00_115_1003238.smt_in.smt2
[DEBUG] Predicted solver: Yices2 for benchmark UF/20170428-Barrett/cdt-cade2015/nada/distro/stream/x2015_09_10_16_47_00_115_1003238.smt_in.smt2
[DEBUG] Benchmark UF/20170428-Barrett/cdt-cade2015/nada/distro/stream/x2015_09_10_16_47_00_115_1003238.smt_in.smt2: solved=False, runtime=1200.00s, PAR-2=2400.00s
[DEBUG] Processing 406/2285: UF/sledgehammer/NS_Shared/smtlib.828874.smt2
[DEBUG] Predicted solver: iProver for benchmark UF/sledgehammer/NS_Shared/smtlib.828874.smt2
[DEBUG] Benchmark UF/sledgehammer/NS_Shared/smtlib.828874.smt2: solved=False, runtime=1200.00s, PAR-2=2400.00s
[DEBUG] Processing 407/2285: UF/sledgehammer/FFT/uf.724010.smt2
[DEBUG] Predicted solver: iProver for benchmark UF/sledgehammer/FFT/uf.724010.smt2
[DEBUG] Benchmark UF/sledgehammer/FFT/uf.724010.smt2: solved=False, runtime=1200.00s, PAR-2=2400.00s
[DEBUG] Processing 408/2285: UF/sledgehammer/TwoSquares/uf.744659.smt2
[DEBUG] Predicted solver: iProver for benchmark UF/sledgehammer/TwoSquares/uf.744659.smt2
[DEBUG] Benchmark UF/sledgehammer/TwoSquares/uf.744659.smt2: solved=False, runtime=1200.00s, PAR-2=2400.00s
[DEBUG] Processing 409/2285: UF/sledgehammer/NS_Shared/uf.836509.smt2
[DEBUG] Predicted solver: iProver for benchmark UF/sledgehammer/NS_Shared/uf.836509.smt2
[DEBUG] Benchmark UF/sledgehammer/NS_Shared/uf.836509.smt2: solved=True, runtime=442.59s, PAR-2=442.59s
[DEBUG] Processing 410/2285: UF/sledgehammer/QEpres/uf.806610.smt2
[DEBUG] Predicted solver: cvc5 for benchmark UF/sledgehammer/QEpres/uf.806610.smt2
[DEBUG] Benchmark UF/sledgehammer/QEpres/uf.806610.smt2: solved=False, runtime=1200.00s, PAR-2=2400.00s
[DEBUG] Processing 411/2285: UF/sledgehammer/Hoare/uf.1034455.smt2
[DEBUG] Predicted solver: iProver for benchmark UF/sledgehammer/Hoare/uf.1034455.smt2
[DEBUG] Benchmark UF/sledgehammer/Hoare/uf.1034455.smt2: solved=False, runtime=1200.00s, PAR-2=2400.00s
[DEBUG] Processing 412/2285: UF/sledgehammer/TwoSquares/uf.774255.smt2
[DEBUG] Predicted solver: iProver for benchmark UF/sledgehammer/TwoSquares/uf.774255.smt2
[DEBUG] Benchmark UF/sledgehammer/TwoSquares/uf.774255.smt2: solved=True, runtime=58.42s, PAR-2=58.42s
[DEBUG] Processing 413/2285: UF/sledgehammer/Arrow_Order/uf.710452.smt2
[DEBUG] Predicted solver: Yices2 for benchmark UF/sledgehammer/Arrow_Order/uf.710452.smt2
[DEBUG] Benchmark UF/sledgehammer/Arrow_Order/uf.710452.smt2: solved=False, runtime=1200.00s, PAR-2=2400.00s
[DEBUG] Processing 414/2285: UF/sledgehammer/Arrow_Order/uf.649769.smt2
[DEBUG] Predicted solver: iProver for benchmark UF/sledgehammer/Arrow_Order/uf.649769.smt2
[DEBUG] Benchmark UF/sledgehammer/Arrow_Order/uf.649769.smt2: solved=True, runtime=3.44s, PAR-2=3.44s
[DEBUG] Processing 415/2285: UF/sledgehammer/Fundamental_Theorem_Algebra/uf.1053094.smt2
[DEBUG] Predicted solver: iProver for benchmark UF/sledgehammer/Fundamental_Theorem_Algebra/uf.1053094.smt2
[DEBUG] Benchmark UF/sledgehammer/Fundamental_Theorem_Algebra/uf.1053094.smt2: solved=False, runtime=1200.00s, PAR-2=2400.00s
[DEBUG] Processing 416/2285: UF/sledgehammer/QEpres/uf.933436.smt2
[DEBUG] Predicted solver: iProver for benchmark UF/sledgehammer/QEpres/uf.933436.smt2
[DEBUG] Benchmark UF/sledgehammer/QEpres/uf.933436.smt2: solved=True, runtime=25.93s, PAR-2=25.93s
[DEBUG] Processing 417/2285: UF/sledgehammer/StrongNorm/uf.785940.smt2
[DEBUG] Predicted solver: cvc5 for benchmark UF/sledgehammer/StrongNorm/uf.785940.smt2
[DEBUG] Benchmark UF/sledgehammer/StrongNorm/uf.785940.smt2: solved=False, runtime=1200.00s, PAR-2=2400.00s
[DEBUG] Processing 418/2285: UF/sledgehammer/QEpres/uf.1086975.smt2
[DEBUG] Predicted solver: cvc5 for benchmark UF/sledgehammer/QEpres/uf.1086975.smt2
[DEBUG] Benchmark UF/sledgehammer/QEpres/uf.1086975.smt2: solved=False, runtime=1200.00s, PAR-2=2400.00s
[DEBUG] Processing 419/2285: UF/sledgehammer/QEpres/uf.1063804.smt2
[DEBUG] Predicted solver: iProver for benchmark UF/sledgehammer/QEpres/uf.1063804.smt2
[DEBUG] Benchmark UF/sledgehammer/QEpres/uf.1063804.smt2: solved=False, runtime=1200.00s, PAR-2=2400.00s
[DEBUG] Processing 420/2285: UF/sledgehammer/Fundamental_Theorem_Algebra/uf.1301204.smt2
[DEBUG] Predicted solver: Yices2 for benchmark UF/sledgehammer/Fundamental_Theorem_Algebra/uf.1301204.smt2
[DEBUG] Benchmark UF/sledgehammer/Fundamental_Theorem_Algebra/uf.1301204.smt2: solved=False, runtime=1200.00s, PAR-2=2400.00s
[DEBUG] Processing 421/2285: UF/sledgehammer/Fundamental_Theorem_Algebra/uf.1139931.smt2
[DEBUG] Predicted solver: iProver for benchmark UF/sledgehammer/Fundamental_Theorem_Algebra/uf.1139931.smt2
[DEBUG] Benchmark UF/sledgehammer/Fundamental_Theorem_Algebra/uf.1139931.smt2: solved=False, runtime=1200.00s, PAR-2=2400.00s
[DEBUG] Processing 422/2285: UF/20170428-Barrett/cdt-cade2015/nada/distro/gram_lang/x2015_09_10_16_55_25_532_1535399.smt_in.smt2
[DEBUG] Predicted solver: cvc5 for benchmark UF/20170428-Barrett/cdt-cade2015/nada/distro/gram_lang/x2015_09_10_16_55_25_532_1535399.smt_in.smt2
[DEBUG] Benchmark UF/20170428-Barrett/cdt-cade2015/nada/distro/gram_lang/x2015_09_10_16_55_25_532_1535399.smt_in.smt2: solved=False, runtime=1200.00s, PAR-2=2400.00s
[DEBUG] Processing 423/2285: UF/20170428-Barrett/cdt-cade2015/nada/gandl/cotree/x2015_09_10_16_50_55_374_1090958.smt_in.smt2
[DEBUG] Predicted solver: cvc5 for benchmark UF/20170428-Barrett/cdt-cade2015/nada/gandl/cotree/x2015_09_10_16_50_55_374_1090958.smt_in.smt2
[DEBUG] Benchmark UF/20170428-Barrett/cdt-cade2015/nada/gandl/cotree/x2015_09_10_16_50_55_374_1090958.smt_in.smt2: solved=False, runtime=1200.00s, PAR-2=2400.00s
[DEBUG] Processing 424/2285: UF/sledgehammer/Arrow_Order/smtlib.613095.smt2
[DEBUG] Predicted solver: cvc5 for benchmark UF/sledgehammer/Arrow_Order/smtlib.613095.smt2
[DEBUG] Benchmark UF/sledgehammer/Arrow_Order/smtlib.613095.smt2: solved=False, runtime=1200.00s, PAR-2=2400.00s
[DEBUG] Processing 425/2285: UF/sledgehammer/Fundamental_Theorem_Algebra/uf.586556.smt2
[DEBUG] Predicted solver: iProver for benchmark UF/sledgehammer/Fundamental_Theorem_Algebra/uf.586556.smt2
[DEBUG] Benchmark UF/sledgehammer/Fundamental_Theorem_Algebra/uf.586556.smt2: solved=False, runtime=1200.00s, PAR-2=2400.00s
[DEBUG] Processing 426/2285: UF/20170428-Barrett/cdt-cade2015/nada/gandl/stern_brocot_tree/x2015_09_10_16_52_18_764_1105013.smt_in.smt2
[DEBUG] Predicted solver: iProver for benchmark UF/20170428-Barrett/cdt-cade2015/nada/gandl/stern_brocot_tree/x2015_09_10_16_52_18_764_1105013.smt_in.smt2
[DEBUG] Benchmark UF/20170428-Barrett/cdt-cade2015/nada/gandl/stern_brocot_tree/x2015_09_10_16_52_18_764_1105013.smt_in.smt2: solved=False, runtime=1200.00s, PAR-2=2400.00s
[DEBUG] Processing 427/2285: UF/20170428-Barrett/cdt-cade2015/nada/afp/coinductive_list/x2015_09_10_17_12_23_278_2626155.smt_in.smt2
[DEBUG] Predicted solver: cvc5 for benchmark UF/20170428-Barrett/cdt-cade2015/nada/afp/coinductive_list/x2015_09_10_17_12_23_278_2626155.smt_in.smt2
[DEBUG] Benchmark UF/20170428-Barrett/cdt-cade2015/nada/afp/coinductive_list/x2015_09_10_17_12_23_278_2626155.smt_in.smt2: solved=False, runtime=1200.00s, PAR-2=2400.00s
[DEBUG] Processing 428/2285: UF/wintersteiger/fmsd13/fixpoint/small-bug1-fixpoint-8.smt2
[DEBUG] Predicted solver: Yices2 for benchmark UF/wintersteiger/fmsd13/fixpoint/small-bug1-fixpoint-8.smt2
[DEBUG] Benchmark UF/wintersteiger/fmsd13/fixpoint/small-bug1-fixpoint-8.smt2: solved=True, runtime=38.75s, PAR-2=38.75s
[DEBUG] Processing 429/2285: UF/sledgehammer/QEpres/uf.1044771.smt2
[DEBUG] Predicted solver: Yices2 for benchmark UF/sledgehammer/QEpres/uf.1044771.smt2
[DEBUG] Benchmark UF/sledgehammer/QEpres/uf.1044771.smt2: solved=True, runtime=0.24s, PAR-2=0.24s
[DEBUG] Processing 430/2285: UF/20170428-Barrett/cdt-cade2015/nada/distro/gram_lang/x2015_09_10_16_47_55_019_1094454.smt_in.smt2
[DEBUG] Predicted solver: Yices2 for benchmark UF/20170428-Barrett/cdt-cade2015/nada/distro/gram_lang/x2015_09_10_16_47_55_019_1094454.smt_in.smt2
[DEBUG] Benchmark UF/20170428-Barrett/cdt-cade2015/nada/distro/gram_lang/x2015_09_10_16_47_55_019_1094454.smt_in.smt2: solved=False, runtime=1200.00s, PAR-2=2400.00s
[DEBUG] Processing 431/2285: UF/20170428-Barrett/cdt-cade2015/nada/distro/rbt_impl/x2015_09_10_16_55_55_586_1608808.smt_in.smt2
[DEBUG] Predicted solver: Yices2 for benchmark UF/20170428-Barrett/cdt-cade2015/nada/distro/rbt_impl/x2015_09_10_16_55_55_586_1608808.smt_in.smt2
[DEBUG] Benchmark UF/20170428-Barrett/cdt-cade2015/nada/distro/rbt_impl/x2015_09_10_16_55_55_586_1608808.smt_in.smt2: solved=True, runtime=0.75s, PAR-2=0.75s
[DEBUG] Processing 432/2285: UF/sledgehammer/Arrow_Order/uf.804548.smt2
[DEBUG] Predicted solver: cvc5 for benchmark UF/sledgehammer/Arrow_Order/uf.804548.smt2
[DEBUG] Benchmark UF/sledgehammer/Arrow_Order/uf.804548.smt2: solved=False, runtime=1200.00s, PAR-2=2400.00s
[DEBUG] Processing 433/2285: UF/sledgehammer/Fundamental_Theorem_Algebra/uf.1388546.smt2
[DEBUG] Predicted solver: Yices2 for benchmark UF/sledgehammer/Fundamental_Theorem_Algebra/uf.1388546.smt2
[DEBUG] Benchmark UF/sledgehammer/Fundamental_Theorem_Algebra/uf.1388546.smt2: solved=False, runtime=1200.00s, PAR-2=2400.00s
[DEBUG] Processing 434/2285: UF/sledgehammer/NS_Shared/smtlib.816719.smt2
[DEBUG] Predicted solver: iProver for benchmark UF/sledgehammer/NS_Shared/smtlib.816719.smt2
[DEBUG] Benchmark UF/sledgehammer/NS_Shared/smtlib.816719.smt2: solved=False, runtime=1200.00s, PAR-2=2400.00s
[DEBUG] Processing 435/2285: UF/sledgehammer/TwoSquares/uf.792185.smt2
[DEBUG] Predicted solver: iProver for benchmark UF/sledgehammer/TwoSquares/uf.792185.smt2
[DEBUG] Benchmark UF/sledgehammer/TwoSquares/uf.792185.smt2: solved=False, runtime=1200.00s, PAR-2=2400.00s
[DEBUG] Processing 436/2285: UF/sledgehammer/Fundamental_Theorem_Algebra/uf.764871.smt2
[DEBUG] Predicted solver: iProver for benchmark UF/sledgehammer/Fundamental_Theorem_Algebra/uf.764871.smt2
[DEBUG] Benchmark UF/sledgehammer/Fundamental_Theorem_Algebra/uf.764871.smt2: solved=False, runtime=1200.00s, PAR-2=2400.00s
[DEBUG] Processing 437/2285: UF/sledgehammer/Fundamental_Theorem_Algebra/uf.1356930.smt2
[DEBUG] Predicted solver: cvc5 for benchmark UF/sledgehammer/Fundamental_Theorem_Algebra/uf.1356930.smt2
[DEBUG] Benchmark UF/sledgehammer/Fundamental_Theorem_Algebra/uf.1356930.smt2: solved=False, runtime=1200.00s, PAR-2=2400.00s
[DEBUG] Processing 438/2285: UF/20170428-Barrett/cdt-cade2015/nada/afp/bindag/x2015_09_10_16_52_48_141_1014960.smt_in.smt2
[DEBUG] Predicted solver: cvc5 for benchmark UF/20170428-Barrett/cdt-cade2015/nada/afp/bindag/x2015_09_10_16_52_48_141_1014960.smt_in.smt2
[DEBUG] Benchmark UF/20170428-Barrett/cdt-cade2015/nada/afp/bindag/x2015_09_10_16_52_48_141_1014960.smt_in.smt2: solved=True, runtime=0.26s, PAR-2=0.26s
[DEBUG] Processing 439/2285: UF/20170428-Barrett/cdt-cade2015/nada/afp/coinductive_list/x2015_09_10_16_57_20_844_1497138.smt_in.smt2
[DEBUG] Predicted solver: cvc5 for benchmark UF/20170428-Barrett/cdt-cade2015/nada/afp/coinductive_list/x2015_09_10_16_57_20_844_1497138.smt_in.smt2
[DEBUG] Benchmark UF/20170428-Barrett/cdt-cade2015/nada/afp/coinductive_list/x2015_09_10_16_57_20_844_1497138.smt_in.smt2: solved=True, runtime=540.82s, PAR-2=540.82s
[DEBUG] Processing 440/2285: UF/sledgehammer/TypeSafe/uf.704447.smt2
[DEBUG] Predicted solver: cvc5 for benchmark UF/sledgehammer/TypeSafe/uf.704447.smt2
[DEBUG] Benchmark UF/sledgehammer/TypeSafe/uf.704447.smt2: solved=False, runtime=1200.00s, PAR-2=2400.00s
[DEBUG] Processing 441/2285: UF/20170428-Barrett/cdt-cade2015/nada/distro/gram_lang/x2015_09_10_16_47_33_532_1071416.smt_in.smt2
[DEBUG] Predicted solver: cvc5 for benchmark UF/20170428-Barrett/cdt-cade2015/nada/distro/gram_lang/x2015_09_10_16_47_33_532_1071416.smt_in.smt2
[DEBUG] Benchmark UF/20170428-Barrett/cdt-cade2015/nada/distro/gram_lang/x2015_09_10_16_47_33_532_1071416.smt_in.smt2: solved=False, runtime=1200.00s, PAR-2=2400.00s
[DEBUG] Processing 442/2285: UF/20170428-Barrett/cdt-cade2015/nada/distro/gram_lang/x2015_09_10_16_48_29_875_1130152.smt_in.smt2
[DEBUG] Predicted solver: cvc5 for benchmark UF/20170428-Barrett/cdt-cade2015/nada/distro/gram_lang/x2015_09_10_16_48_29_875_1130152.smt_in.smt2
[DEBUG] Benchmark UF/20170428-Barrett/cdt-cade2015/nada/distro/gram_lang/x2015_09_10_16_48_29_875_1130152.smt_in.smt2: solved=True, runtime=0.29s, PAR-2=0.29s
[DEBUG] Processing 443/2285: UF/20170428-Barrett/cdt-cade2015/nada/afp/coinductive_list/x2015_09_10_17_00_03_869_1648413.smt_in.smt2
[DEBUG] Predicted solver: iProver for benchmark UF/20170428-Barrett/cdt-cade2015/nada/afp/coinductive_list/x2015_09_10_17_00_03_869_1648413.smt_in.smt2
[DEBUG] Benchmark UF/20170428-Barrett/cdt-cade2015/nada/afp/coinductive_list/x2015_09_10_17_00_03_869_1648413.smt_in.smt2: solved=False, runtime=1200.00s, PAR-2=2400.00s
[DEBUG] Processing 444/2285: UF/20170428-Barrett/cdt-cade2015/nada/afp/coinductive_list/x2015_09_10_16_55_36_039_1410538.smt_in.smt2
[DEBUG] Predicted solver: Yices2 for benchmark UF/20170428-Barrett/cdt-cade2015/nada/afp/coinductive_list/x2015_09_10_16_55_36_039_1410538.smt_in.smt2
[DEBUG] Benchmark UF/20170428-Barrett/cdt-cade2015/nada/afp/coinductive_list/x2015_09_10_16_55_36_039_1410538.smt_in.smt2: solved=False, runtime=1200.00s, PAR-2=2400.00s
[DEBUG] Processing 445/2285: UF/sledgehammer/TypeSafe/uf.1434973.smt2
[DEBUG] Predicted solver: Yices2 for benchmark UF/sledgehammer/TypeSafe/uf.1434973.smt2
[DEBUG] Benchmark UF/sledgehammer/TypeSafe/uf.1434973.smt2: solved=False, runtime=1200.00s, PAR-2=2400.00s
[DEBUG] Processing 446/2285: UF/sledgehammer/Hoare/uf.828081.smt2
[DEBUG] Predicted solver: iProver for benchmark UF/sledgehammer/Hoare/uf.828081.smt2
[DEBUG] Benchmark UF/sledgehammer/Hoare/uf.828081.smt2: solved=True, runtime=28.48s, PAR-2=28.48s
[DEBUG] Processing 447/2285: UF/20170428-Barrett/cdt-cade2015/nada/afp/huffman/x2015_09_10_16_51_21_619_1308340.smt_in.smt2
[DEBUG] Predicted solver: Yices2 for benchmark UF/20170428-Barrett/cdt-cade2015/nada/afp/huffman/x2015_09_10_16_51_21_619_1308340.smt_in.smt2
[DEBUG] Benchmark UF/20170428-Barrett/cdt-cade2015/nada/afp/huffman/x2015_09_10_16_51_21_619_1308340.smt_in.smt2: solved=False, runtime=1200.00s, PAR-2=2400.00s
[DEBUG] Processing 448/2285: UF/sledgehammer/Arrow_Order/uf.669282.smt2
[DEBUG] Predicted solver: cvc5 for benchmark UF/sledgehammer/Arrow_Order/uf.669282.smt2
[DEBUG] Benchmark UF/sledgehammer/Arrow_Order/uf.669282.smt2: solved=True, runtime=0.36s, PAR-2=0.36s
[DEBUG] Processing 449/2285: UF/sledgehammer/Fundamental_Theorem_Algebra/uf.1146193.smt2
[DEBUG] Predicted solver: cvc5 for benchmark UF/sledgehammer/Fundamental_Theorem_Algebra/uf.1146193.smt2
[DEBUG] Benchmark UF/sledgehammer/Fundamental_Theorem_Algebra/uf.1146193.smt2: solved=True, runtime=0.27s, PAR-2=0.27s
[DEBUG] Processing 450/2285: UF/20170428-Barrett/cdt-cade2015/nada/afp/coinductive_list/x2015_09_10_16_55_14_618_1391696.smt_in.smt2
[DEBUG] Predicted solver: Yices2 for benchmark UF/20170428-Barrett/cdt-cade2015/nada/afp/coinductive_list/x2015_09_10_16_55_14_618_1391696.smt_in.smt2
[DEBUG] Benchmark UF/20170428-Barrett/cdt-cade2015/nada/afp/coinductive_list/x2015_09_10_16_55_14_618_1391696.smt_in.smt2: solved=True, runtime=0.27s, PAR-2=0.27s
[DEBUG] Processing 451/2285: UF/sledgehammer/Fundamental_Theorem_Algebra/uf.791773.smt2
[DEBUG] Predicted solver: iProver for benchmark UF/sledgehammer/Fundamental_Theorem_Algebra/uf.791773.smt2
[DEBUG] Benchmark UF/sledgehammer/Fundamental_Theorem_Algebra/uf.791773.smt2: solved=True, runtime=302.55s, PAR-2=302.55s
[DEBUG] Processing 452/2285: UF/sledgehammer/FFT/uf.684275.smt2
[DEBUG] Predicted solver: iProver for benchmark UF/sledgehammer/FFT/uf.684275.smt2
[DEBUG] Benchmark UF/sledgehammer/FFT/uf.684275.smt2: solved=False, runtime=1200.00s, PAR-2=2400.00s
[DEBUG] Processing 453/2285: UF/sledgehammer/TypeSafe/uf.604760.smt2
[DEBUG] Predicted solver: Yices2 for benchmark UF/sledgehammer/TypeSafe/uf.604760.smt2
[DEBUG] Benchmark UF/sledgehammer/TypeSafe/uf.604760.smt2: solved=True, runtime=0.23s, PAR-2=0.23s
[DEBUG] Processing 454/2285: UF/sledgehammer/FFT/uf.879864.smt2
[DEBUG] Predicted solver: iProver for benchmark UF/sledgehammer/FFT/uf.879864.smt2
[DEBUG] Benchmark UF/sledgehammer/FFT/uf.879864.smt2: solved=False, runtime=1200.00s, PAR-2=2400.00s
[DEBUG] Processing 455/2285: UF/20170428-Barrett/cdt-cade2015/nada/afp/coinductive_list/x2015_09_10_16_53_56_827_1318713.smt_in.smt2
[DEBUG] Predicted solver: cvc5 for benchmark UF/20170428-Barrett/cdt-cade2015/nada/afp/coinductive_list/x2015_09_10_16_53_56_827_1318713.smt_in.smt2
[DEBUG] Benchmark UF/20170428-Barrett/cdt-cade2015/nada/afp/coinductive_list/x2015_09_10_16_53_56_827_1318713.smt_in.smt2: solved=True, runtime=562.74s, PAR-2=562.74s
[DEBUG] Processing 456/2285: UF/sledgehammer/Hoare/uf.608247.smt2
[DEBUG] Predicted solver: iProver for benchmark UF/sledgehammer/Hoare/uf.608247.smt2
[DEBUG] Benchmark UF/sledgehammer/Hoare/uf.608247.smt2: solved=False, runtime=1200.00s, PAR-2=2400.00s
[DEBUG] Processing 457/2285: UF/20170428-Barrett/cdt-cade2015/nada/afp/coinductive_list/x2015_09_10_17_13_08_073_2669733.smt_in.smt2
[DEBUG] Predicted solver: cvc5 for benchmark UF/20170428-Barrett/cdt-cade2015/nada/afp/coinductive_list/x2015_09_10_17_13_08_073_2669733.smt_in.smt2
[DEBUG] Benchmark UF/20170428-Barrett/cdt-cade2015/nada/afp/coinductive_list/x2015_09_10_17_13_08_073_2669733.smt_in.smt2: solved=True, runtime=1.01s, PAR-2=1.01s
[DEBUG] Processing 458/2285: UF/20170428-Barrett/cdt-cade2015/nada/afp/coinductive_list/x2015_09_10_17_08_58_628_2361775.smt_in.smt2
[DEBUG] Predicted solver: Yices2 for benchmark UF/20170428-Barrett/cdt-cade2015/nada/afp/coinductive_list/x2015_09_10_17_08_58_628_2361775.smt_in.smt2
[DEBUG] Benchmark UF/20170428-Barrett/cdt-cade2015/nada/afp/coinductive_list/x2015_09_10_17_08_58_628_2361775.smt_in.smt2: solved=False, runtime=1200.00s, PAR-2=2400.00s
[DEBUG] Processing 459/2285: UF/sledgehammer/NS_Shared/smtlib.627920.smt2
[DEBUG] Predicted solver: iProver for benchmark UF/sledgehammer/NS_Shared/smtlib.627920.smt2
[DEBUG] Benchmark UF/sledgehammer/NS_Shared/smtlib.627920.smt2: solved=True, runtime=3.89s, PAR-2=3.89s
[DEBUG] Processing 460/2285: UF/sledgehammer/Arrow_Order/uf.848767.smt2
[DEBUG] Predicted solver: iProver for benchmark UF/sledgehammer/Arrow_Order/uf.848767.smt2
[DEBUG] Benchmark UF/sledgehammer/Arrow_Order/uf.848767.smt2: solved=False, runtime=1200.00s, PAR-2=2400.00s
[DEBUG] Processing 461/2285: UF/sledgehammer/Fundamental_Theorem_Algebra/uf.1324231.smt2
[DEBUG] Predicted solver: cvc5 for benchmark UF/sledgehammer/Fundamental_Theorem_Algebra/uf.1324231.smt2
[DEBUG] Benchmark UF/sledgehammer/Fundamental_Theorem_Algebra/uf.1324231.smt2: solved=False, runtime=1200.00s, PAR-2=2400.00s
[DEBUG] Processing 462/2285: UF/sledgehammer/FFT/uf.828620.smt2
[DEBUG] Predicted solver: iProver for benchmark UF/sledgehammer/FFT/uf.828620.smt2
[DEBUG] Benchmark UF/sledgehammer/FFT/uf.828620.smt2: solved=False, runtime=1200.00s, PAR-2=2400.00s
[DEBUG] Processing 463/2285: UF/20170428-Barrett/cdt-cade2015/nada/afp/huffman/x2015_09_10_16_51_15_513_1301327.smt_in.smt2
[DEBUG] Predicted solver: Yices2 for benchmark UF/20170428-Barrett/cdt-cade2015/nada/afp/huffman/x2015_09_10_16_51_15_513_1301327.smt_in.smt2
[DEBUG] Benchmark UF/20170428-Barrett/cdt-cade2015/nada/afp/huffman/x2015_09_10_16_51_15_513_1301327.smt_in.smt2: solved=False, runtime=1200.00s, PAR-2=2400.00s
[DEBUG] Processing 464/2285: UF/20170428-Barrett/cdt-cade2015/nada/afp/llist2/x2015_09_10_16_53_42_429_1215607.smt_in.smt2
[DEBUG] Predicted solver: Yices2 for benchmark UF/20170428-Barrett/cdt-cade2015/nada/afp/llist2/x2015_09_10_16_53_42_429_1215607.smt_in.smt2
[DEBUG] Benchmark UF/20170428-Barrett/cdt-cade2015/nada/afp/llist2/x2015_09_10_16_53_42_429_1215607.smt_in.smt2: solved=False, runtime=1200.00s, PAR-2=2400.00s
[DEBUG] Processing 465/2285: UF/sledgehammer/QEpres/uf.976243.smt2
[DEBUG] Predicted solver: cvc5 for benchmark UF/sledgehammer/QEpres/uf.976243.smt2
[DEBUG] Benchmark UF/sledgehammer/QEpres/uf.976243.smt2: solved=False, runtime=1200.00s, PAR-2=2400.00s
[DEBUG] Processing 466/2285: UF/sledgehammer/TwoSquares/uf.629281.smt2
[DEBUG] Predicted solver: iProver for benchmark UF/sledgehammer/TwoSquares/uf.629281.smt2
[DEBUG] Benchmark UF/sledgehammer/TwoSquares/uf.629281.smt2: solved=True, runtime=0.84s, PAR-2=0.84s
[DEBUG] Processing 467/2285: UF/20170428-Barrett/cdt-cade2015/nada/afp/coinductive_list/x2015_09_10_17_04_04_193_1959422.smt_in.smt2
[DEBUG] Predicted solver: iProver for benchmark UF/20170428-Barrett/cdt-cade2015/nada/afp/coinductive_list/x2015_09_10_17_04_04_193_1959422.smt_in.smt2
[DEBUG] Benchmark UF/20170428-Barrett/cdt-cade2015/nada/afp/coinductive_list/x2015_09_10_17_04_04_193_1959422.smt_in.smt2: solved=True, runtime=2.35s, PAR-2=2.35s
[DEBUG] Processing 468/2285: UF/sledgehammer/Fundamental_Theorem_Algebra/uf.566739.smt2
[DEBUG] Predicted solver: iProver for benchmark UF/sledgehammer/Fundamental_Theorem_Algebra/uf.566739.smt2
[DEBUG] Benchmark UF/sledgehammer/Fundamental_Theorem_Algebra/uf.566739.smt2: solved=False, runtime=1200.00s, PAR-2=2400.00s
[DEBUG] Processing 469/2285: UF/sledgehammer/Fundamental_Theorem_Algebra/uf.1313680.smt2
[DEBUG] Predicted solver: iProver for benchmark UF/sledgehammer/Fundamental_Theorem_Algebra/uf.1313680.smt2
[DEBUG] Benchmark UF/sledgehammer/Fundamental_Theorem_Algebra/uf.1313680.smt2: solved=True, runtime=7.42s, PAR-2=7.42s
[DEBUG] Processing 470/2285: UF/sledgehammer/Fundamental_Theorem_Algebra/uf.961790.smt2
[DEBUG] Predicted solver: cvc5 for benchmark UF/sledgehammer/Fundamental_Theorem_Algebra/uf.961790.smt2
[DEBUG] Benchmark UF/sledgehammer/Fundamental_Theorem_Algebra/uf.961790.smt2: solved=False, runtime=1200.00s, PAR-2=2400.00s
[DEBUG] Processing 471/2285: UF/sledgehammer/Fundamental_Theorem_Algebra/uf.717023.smt2
[DEBUG] Predicted solver: cvc5 for benchmark UF/sledgehammer/Fundamental_Theorem_Algebra/uf.717023.smt2
[DEBUG] Benchmark UF/sledgehammer/Fundamental_Theorem_Algebra/uf.717023.smt2: solved=True, runtime=31.97s, PAR-2=31.97s
[DEBUG] Processing 472/2285: UF/sledgehammer/NS_Shared/uf.630864.smt2
[DEBUG] Predicted solver: iProver for benchmark UF/sledgehammer/NS_Shared/uf.630864.smt2
[DEBUG] Benchmark UF/sledgehammer/NS_Shared/uf.630864.smt2: solved=False, runtime=1200.00s, PAR-2=2400.00s
[DEBUG] Processing 473/2285: UF/sledgehammer/QEpres/uf.819158.smt2
[DEBUG] Predicted solver: cvc5 for benchmark UF/sledgehammer/QEpres/uf.819158.smt2
[DEBUG] Benchmark UF/sledgehammer/QEpres/uf.819158.smt2: solved=True, runtime=0.35s, PAR-2=0.35s
[DEBUG] Processing 474/2285: UF/sledgehammer/Arrow_Order/uf.798976.smt2
[DEBUG] Predicted solver: Yices2 for benchmark UF/sledgehammer/Arrow_Order/uf.798976.smt2
[DEBUG] Benchmark UF/sledgehammer/Arrow_Order/uf.798976.smt2: solved=False, runtime=1200.00s, PAR-2=2400.00s
[DEBUG] Processing 475/2285: UF/20170428-Barrett/cdt-cade2015/nada/gandl/stern_brocot_tree/x2015_09_10_16_51_55_400_1080619.smt_in.smt2
[DEBUG] Predicted solver: cvc5 for benchmark UF/20170428-Barrett/cdt-cade2015/nada/gandl/stern_brocot_tree/x2015_09_10_16_51_55_400_1080619.smt_in.smt2
[DEBUG] Benchmark UF/20170428-Barrett/cdt-cade2015/nada/gandl/stern_brocot_tree/x2015_09_10_16_51_55_400_1080619.smt_in.smt2: solved=True, runtime=0.27s, PAR-2=0.27s
[DEBUG] Processing 476/2285: UF/sledgehammer/QEpres/uf.1060122.smt2
[DEBUG] Predicted solver: iProver for benchmark UF/sledgehammer/QEpres/uf.1060122.smt2
[DEBUG] Benchmark UF/sledgehammer/QEpres/uf.1060122.smt2: solved=False, runtime=1200.00s, PAR-2=2400.00s
[DEBUG] Processing 477/2285: UF/20170428-Barrett/cdt-cade2015/nada/afp/coinductive_list/x2015_09_10_17_07_56_271_2277775.smt_in.smt2
[DEBUG] Predicted solver: iProver for benchmark UF/20170428-Barrett/cdt-cade2015/nada/afp/coinductive_list/x2015_09_10_17_07_56_271_2277775.smt_in.smt2
[DEBUG] Benchmark UF/20170428-Barrett/cdt-cade2015/nada/afp/coinductive_list/x2015_09_10_17_07_56_271_2277775.smt_in.smt2: solved=False, runtime=1200.00s, PAR-2=2400.00s
[DEBUG] Processing 478/2285: UF/20170428-Barrett/cdt-cade2015/nada/distro/rbt_impl/x2015_09_10_16_56_11_393_1641391.smt_in.smt2
[DEBUG] Predicted solver: Yices2 for benchmark UF/20170428-Barrett/cdt-cade2015/nada/distro/rbt_impl/x2015_09_10_16_56_11_393_1641391.smt_in.smt2
[DEBUG] Benchmark UF/20170428-Barrett/cdt-cade2015/nada/distro/rbt_impl/x2015_09_10_16_56_11_393_1641391.smt_in.smt2: solved=False, runtime=1200.00s, PAR-2=2400.00s
[DEBUG] Processing 479/2285: UF/sledgehammer/QEpres/uf.777759.smt2
[DEBUG] Predicted solver: cvc5 for benchmark UF/sledgehammer/QEpres/uf.777759.smt2
[DEBUG] Benchmark UF/sledgehammer/QEpres/uf.777759.smt2: solved=False, runtime=1200.00s, PAR-2=2400.00s
[DEBUG] Processing 480/2285: UF/sledgehammer/FFT/uf.655557.smt2
[DEBUG] Predicted solver: iProver for benchmark UF/sledgehammer/FFT/uf.655557.smt2
[DEBUG] Benchmark UF/sledgehammer/FFT/uf.655557.smt2: solved=False, runtime=1200.00s, PAR-2=2400.00s
[DEBUG] Processing 481/2285: UF/sledgehammer/Arrow_Order/uf.557783.smt2
[DEBUG] Predicted solver: Yices2 for benchmark UF/sledgehammer/Arrow_Order/uf.557783.smt2
[DEBUG] Benchmark UF/sledgehammer/Arrow_Order/uf.557783.smt2: solved=True, runtime=0.25s, PAR-2=0.25s
[DEBUG] Processing 482/2285: UF/sledgehammer/Fundamental_Theorem_Algebra/uf.1100792.smt2
[DEBUG] Predicted solver: iProver for benchmark UF/sledgehammer/Fundamental_Theorem_Algebra/uf.1100792.smt2
[DEBUG] Benchmark UF/sledgehammer/Fundamental_Theorem_Algebra/uf.1100792.smt2: solved=False, runtime=1200.00s, PAR-2=2400.00s
[DEBUG] Processing 483/2285: UF/sledgehammer/NS_Shared/uf.653045.smt2
[DEBUG] Predicted solver: Yices2 for benchmark UF/sledgehammer/NS_Shared/uf.653045.smt2
[DEBUG] Benchmark UF/sledgehammer/NS_Shared/uf.653045.smt2: solved=False, runtime=1200.00s, PAR-2=2400.00s
[DEBUG] Processing 484/2285: UF/sledgehammer/Fundamental_Theorem_Algebra/uf.828004.smt2
[DEBUG] Predicted solver: cvc5 for benchmark UF/sledgehammer/Fundamental_Theorem_Algebra/uf.828004.smt2
[DEBUG] Benchmark UF/sledgehammer/Fundamental_Theorem_Algebra/uf.828004.smt2: solved=True, runtime=0.29s, PAR-2=0.29s
[DEBUG] Processing 485/2285: UF/sledgehammer/Fundamental_Theorem_Algebra/uf.711480.smt2
[DEBUG] Predicted solver: Yices2 for benchmark UF/sledgehammer/Fundamental_Theorem_Algebra/uf.711480.smt2
[DEBUG] Benchmark UF/sledgehammer/Fundamental_Theorem_Algebra/uf.711480.smt2: solved=False, runtime=1200.00s, PAR-2=2400.00s
[DEBUG] Processing 486/2285: UF/sledgehammer/TypeSafe/uf.712904.smt2
[DEBUG] Predicted solver: cvc5 for benchmark UF/sledgehammer/TypeSafe/uf.712904.smt2
[DEBUG] Benchmark UF/sledgehammer/TypeSafe/uf.712904.smt2: solved=False, runtime=1200.00s, PAR-2=2400.00s
[DEBUG] Processing 487/2285: UF/sledgehammer/Hoare/uf.559890.smt2
[DEBUG] Predicted solver: iProver for benchmark UF/sledgehammer/Hoare/uf.559890.smt2
[DEBUG] Benchmark UF/sledgehammer/Hoare/uf.559890.smt2: solved=False, runtime=1200.00s, PAR-2=2400.00s
[DEBUG] Processing 488/2285: UF/sledgehammer/Hoare/uf.986404.smt2
[DEBUG] Predicted solver: cvc5 for benchmark UF/sledgehammer/Hoare/uf.986404.smt2
[DEBUG] Benchmark UF/sledgehammer/Hoare/uf.986404.smt2: solved=False, runtime=1200.00s, PAR-2=2400.00s
[DEBUG] Processing 489/2285: UF/sledgehammer/QEpres/uf.1049699.smt2
[DEBUG] Predicted solver: cvc5 for benchmark UF/sledgehammer/QEpres/uf.1049699.smt2
[DEBUG] Benchmark UF/sledgehammer/QEpres/uf.1049699.smt2: solved=True, runtime=0.32s, PAR-2=0.32s
[DEBUG] Processing 490/2285: UF/sledgehammer/Fundamental_Theorem_Algebra/uf.563103.smt2
[DEBUG] Predicted solver: iProver for benchmark UF/sledgehammer/Fundamental_Theorem_Algebra/uf.563103.smt2
[DEBUG] Benchmark UF/sledgehammer/Fundamental_Theorem_Algebra/uf.563103.smt2: solved=True, runtime=0.84s, PAR-2=0.84s
[DEBUG] Processing 491/2285: UF/20170428-Barrett/cdt-cade2015/nada/afp/koenigslemma/x2015_09_10_16_53_22_499_1129181.smt_in.smt2
[DEBUG] Predicted solver: cvc5 for benchmark UF/20170428-Barrett/cdt-cade2015/nada/afp/koenigslemma/x2015_09_10_16_53_22_499_1129181.smt_in.smt2
[DEBUG] Benchmark UF/20170428-Barrett/cdt-cade2015/nada/afp/koenigslemma/x2015_09_10_16_53_22_499_1129181.smt_in.smt2: solved=True, runtime=0.34s, PAR-2=0.34s
[DEBUG] Processing 492/2285: UF/20170428-Barrett/cdt-cade2015/nada/distro/rbt_impl/x2015_09_10_16_51_32_130_1123033.smt_in.smt2
[DEBUG] Predicted solver: Yices2 for benchmark UF/20170428-Barrett/cdt-cade2015/nada/distro/rbt_impl/x2015_09_10_16_51_32_130_1123033.smt_in.smt2
[DEBUG] Benchmark UF/20170428-Barrett/cdt-cade2015/nada/distro/rbt_impl/x2015_09_10_16_51_32_130_1123033.smt_in.smt2: solved=False, runtime=1200.00s, PAR-2=2400.00s
[DEBUG] Processing 493/2285: UF/sledgehammer/Fundamental_Theorem_Algebra/uf.663676.smt2
[DEBUG] Predicted solver: iProver for benchmark UF/sledgehammer/Fundamental_Theorem_Algebra/uf.663676.smt2
[DEBUG] Benchmark UF/sledgehammer/Fundamental_Theorem_Algebra/uf.663676.smt2: solved=False, runtime=1200.00s, PAR-2=2400.00s
[DEBUG] Processing 494/2285: UF/sledgehammer/Hoare/uf.1181627.smt2
[DEBUG] Predicted solver: iProver for benchmark UF/sledgehammer/Hoare/uf.1181627.smt2
[DEBUG] Benchmark UF/sledgehammer/Hoare/uf.1181627.smt2: solved=False, runtime=1200.00s, PAR-2=2400.00s
[DEBUG] Processing 495/2285: UF/20170428-Barrett/cdt-cade2015/nada/gandl/stern_brocot_tree/x2015_09_10_16_51_06_648_1042230.smt_in.smt2
[DEBUG] Predicted solver: Yices2 for benchmark UF/20170428-Barrett/cdt-cade2015/nada/gandl/stern_brocot_tree/x2015_09_10_16_51_06_648_1042230.smt_in.smt2
[DEBUG] Benchmark UF/20170428-Barrett/cdt-cade2015/nada/gandl/stern_brocot_tree/x2015_09_10_16_51_06_648_1042230.smt_in.smt2: solved=False, runtime=1200.00s, PAR-2=2400.00s
[DEBUG] Processing 496/2285: UF/sledgehammer/QEpres/uf.796492.smt2
[DEBUG] Predicted solver: iProver for benchmark UF/sledgehammer/QEpres/uf.796492.smt2
[DEBUG] Benchmark UF/sledgehammer/QEpres/uf.796492.smt2: solved=False, runtime=1200.00s, PAR-2=2400.00s
[DEBUG] Processing 497/2285: UF/sledgehammer/Fundamental_Theorem_Algebra/uf.1298282.smt2
[DEBUG] Predicted solver: iProver for benchmark UF/sledgehammer/Fundamental_Theorem_Algebra/uf.1298282.smt2
[DEBUG] Benchmark UF/sledgehammer/Fundamental_Theorem_Algebra/uf.1298282.smt2: solved=False, runtime=1200.00s, PAR-2=2400.00s
[DEBUG] Processing 498/2285: UF/sledgehammer/Fundamental_Theorem_Algebra/uf.1357704.smt2
[DEBUG] Predicted solver: iProver for benchmark UF/sledgehammer/Fundamental_Theorem_Algebra/uf.1357704.smt2
[DEBUG] Benchmark UF/sledgehammer/Fundamental_Theorem_Algebra/uf.1357704.smt2: solved=True, runtime=168.54s, PAR-2=168.54s
[DEBUG] Processing 499/2285: UF/20170428-Barrett/cdt-cade2015/nada/afp/coinductive_list/x2015_09_10_16_53_10_237_1274224.smt_in.smt2
[DEBUG] Predicted solver: cvc5 for benchmark UF/20170428-Barrett/cdt-cade2015/nada/afp/coinductive_list/x2015_09_10_16_53_10_237_1274224.smt_in.smt2
[DEBUG] Benchmark UF/20170428-Barrett/cdt-cade2015/nada/afp/coinductive_list/x2015_09_10_16_53_10_237_1274224.smt_in.smt2: solved=False, runtime=1200.00s, PAR-2=2400.00s
[DEBUG] Processing 500/2285: UF/20170428-Barrett/cdt-cade2015/nada/afp/coinductive_list/x2015_09_10_17_09_13_445_2380690.smt_in.smt2
[DEBUG] Predicted solver: iProver for benchmark UF/20170428-Barrett/cdt-cade2015/nada/afp/coinductive_list/x2015_09_10_17_09_13_445_2380690.smt_in.smt2
[DEBUG] Benchmark UF/20170428-Barrett/cdt-cade2015/nada/afp/coinductive_list/x2015_09_10_17_09_13_445_2380690.smt_in.smt2: solved=False, runtime=1200.00s, PAR-2=2400.00s
[DEBUG] Processing 501/2285: UF/20170428-Barrett/cdt-cade2015/nada/distro/rbt_impl/x2015_09_10_16_52_46_503_1238250.smt_in.smt2
[DEBUG] Predicted solver: Yices2 for benchmark UF/20170428-Barrett/cdt-cade2015/nada/distro/rbt_impl/x2015_09_10_16_52_46_503_1238250.smt_in.smt2
[DEBUG] Benchmark UF/20170428-Barrett/cdt-cade2015/nada/distro/rbt_impl/x2015_09_10_16_52_46_503_1238250.smt_in.smt2: solved=False, runtime=1200.00s, PAR-2=2400.00s
[DEBUG] Processing 502/2285: UF/sledgehammer/TypeSafe/uf.978420.smt2
[DEBUG] Predicted solver: iProver for benchmark UF/sledgehammer/TypeSafe/uf.978420.smt2
[DEBUG] Benchmark UF/sledgehammer/TypeSafe/uf.978420.smt2: solved=False, runtime=1200.00s, PAR-2=2400.00s
[DEBUG] Processing 503/2285: UF/20170428-Barrett/cdt-cade2015/nada/afp/splay_tree_analysis/x2015_09_10_16_58_56_468_1208059.smt_in.smt2
[DEBUG] Predicted solver: Yices2 for benchmark UF/20170428-Barrett/cdt-cade2015/nada/afp/splay_tree_analysis/x2015_09_10_16_58_56_468_1208059.smt_in.smt2
[DEBUG] Benchmark UF/20170428-Barrett/cdt-cade2015/nada/afp/splay_tree_analysis/x2015_09_10_16_58_56_468_1208059.smt_in.smt2: solved=False, runtime=1200.00s, PAR-2=2400.00s
[DEBUG] Processing 504/2285: UF/sledgehammer/TypeSafe/smtlib.1056495.smt2
[DEBUG] Predicted solver: cvc5 for benchmark UF/sledgehammer/TypeSafe/smtlib.1056495.smt2
[DEBUG] Benchmark UF/sledgehammer/TypeSafe/smtlib.1056495.smt2: solved=False, runtime=1200.00s, PAR-2=2400.00s
[DEBUG] Processing 505/2285: UF/sledgehammer/Fundamental_Theorem_Algebra/uf.644376.smt2
[DEBUG] Predicted solver: cvc5 for benchmark UF/sledgehammer/Fundamental_Theorem_Algebra/uf.644376.smt2
[DEBUG] Benchmark UF/sledgehammer/Fundamental_Theorem_Algebra/uf.644376.smt2: solved=False, runtime=1200.00s, PAR-2=2400.00s
[DEBUG] Processing 506/2285: UF/sledgehammer/Arrow_Order/uf.668316.smt2
[DEBUG] Predicted solver: cvc5 for benchmark UF/sledgehammer/Arrow_Order/uf.668316.smt2
[DEBUG] Benchmark UF/sledgehammer/Arrow_Order/uf.668316.smt2: solved=True, runtime=0.40s, PAR-2=0.40s
[DEBUG] Processing 507/2285: UF/20170428-Barrett/cdt-cade2015/nada/distro/koenig/x2015_09_10_16_45_01_616_1004396.smt_in.smt2
[DEBUG] Predicted solver: cvc5 for benchmark UF/20170428-Barrett/cdt-cade2015/nada/distro/koenig/x2015_09_10_16_45_01_616_1004396.smt_in.smt2
[DEBUG] Benchmark UF/20170428-Barrett/cdt-cade2015/nada/distro/koenig/x2015_09_10_16_45_01_616_1004396.smt_in.smt2: solved=True, runtime=0.27s, PAR-2=0.27s
[DEBUG] Processing 508/2285: UF/sledgehammer/Hoare/uf.780982.smt2
[DEBUG] Predicted solver: iProver for benchmark UF/sledgehammer/Hoare/uf.780982.smt2
[DEBUG] Benchmark UF/sledgehammer/Hoare/uf.780982.smt2: solved=False, runtime=1200.00s, PAR-2=2400.00s
[DEBUG] Processing 509/2285: UF/20170428-Barrett/cdt-cade2015/nada/afp/coinductive_list/x2015_09_10_16_57_58_745_1532390.smt_in.smt2
[DEBUG] Predicted solver: cvc5 for benchmark UF/20170428-Barrett/cdt-cade2015/nada/afp/coinductive_list/x2015_09_10_16_57_58_745_1532390.smt_in.smt2
[DEBUG] Benchmark UF/20170428-Barrett/cdt-cade2015/nada/afp/coinductive_list/x2015_09_10_16_57_58_745_1532390.smt_in.smt2: solved=False, runtime=1200.00s, PAR-2=2400.00s
[DEBUG] Processing 510/2285: UF/sledgehammer/TypeSafe/smtlib.1281812.smt2
[DEBUG] Predicted solver: iProver for benchmark UF/sledgehammer/TypeSafe/smtlib.1281812.smt2
[DEBUG] Benchmark UF/sledgehammer/TypeSafe/smtlib.1281812.smt2: solved=False, runtime=1200.00s, PAR-2=2400.00s
[DEBUG] Processing 511/2285: UF/20170428-Barrett/cdt-cade2015/nada/afp/sorted_list_operations/x2015_09_10_16_48_05_403_1090809.smt_in.smt2
[DEBUG] Predicted solver: Yices2 for benchmark UF/20170428-Barrett/cdt-cade2015/nada/afp/sorted_list_operations/x2015_09_10_16_48_05_403_1090809.smt_in.smt2
[DEBUG] Benchmark UF/20170428-Barrett/cdt-cade2015/nada/afp/sorted_list_operations/x2015_09_10_16_48_05_403_1090809.smt_in.smt2: solved=False, runtime=1200.00s, PAR-2=2400.00s
[DEBUG] Processing 512/2285: UF/20170428-Barrett/cdt-cade2015/nada/afp/llist2/x2015_09_10_16_55_40_923_1291238.smt_in.smt2
[DEBUG] Predicted solver: cvc5 for benchmark UF/20170428-Barrett/cdt-cade2015/nada/afp/llist2/x2015_09_10_16_55_40_923_1291238.smt_in.smt2
[DEBUG] Benchmark UF/20170428-Barrett/cdt-cade2015/nada/afp/llist2/x2015_09_10_16_55_40_923_1291238.smt_in.smt2: solved=True, runtime=8.89s, PAR-2=8.89s
[DEBUG] Processing 513/2285: UF/sledgehammer/TwoSquares/uf.705474.smt2
[DEBUG] Predicted solver: iProver for benchmark UF/sledgehammer/TwoSquares/uf.705474.smt2
[DEBUG] Benchmark UF/sledgehammer/TwoSquares/uf.705474.smt2: solved=True, runtime=2.87s, PAR-2=2.87s
[DEBUG] Processing 514/2285: UF/sledgehammer/TypeSafe/uf.1401434.smt2
[DEBUG] Predicted solver: Yices2 for benchmark UF/sledgehammer/TypeSafe/uf.1401434.smt2
[DEBUG] Benchmark UF/sledgehammer/TypeSafe/uf.1401434.smt2: solved=False, runtime=1200.00s, PAR-2=2400.00s
[DEBUG] Processing 515/2285: UF/20170428-Barrett/cdt-cade2015/nada/distro/stream/x2015_09_10_16_46_45_961_984148.smt_in.smt2
[DEBUG] Predicted solver: Yices2 for benchmark UF/20170428-Barrett/cdt-cade2015/nada/distro/stream/x2015_09_10_16_46_45_961_984148.smt_in.smt2
[DEBUG] Benchmark UF/20170428-Barrett/cdt-cade2015/nada/distro/stream/x2015_09_10_16_46_45_961_984148.smt_in.smt2: solved=True, runtime=0.27s, PAR-2=0.27s
[DEBUG] Processing 516/2285: UF/sledgehammer/Hoare/uf.743018.smt2
[DEBUG] Predicted solver: iProver for benchmark UF/sledgehammer/Hoare/uf.743018.smt2
[DEBUG] Benchmark UF/sledgehammer/Hoare/uf.743018.smt2: solved=False, runtime=1200.00s, PAR-2=2400.00s
[DEBUG] Processing 517/2285: UF/sledgehammer/QEpres/uf.993137.smt2
[DEBUG] Predicted solver: Yices2 for benchmark UF/sledgehammer/QEpres/uf.993137.smt2
[DEBUG] Benchmark UF/sledgehammer/QEpres/uf.993137.smt2: solved=False, runtime=1200.00s, PAR-2=2400.00s
[DEBUG] Processing 518/2285: UF/sledgehammer/TwoSquares/uf.754283.smt2
[DEBUG] Predicted solver: iProver for benchmark UF/sledgehammer/TwoSquares/uf.754283.smt2
[DEBUG] Benchmark UF/sledgehammer/TwoSquares/uf.754283.smt2: solved=True, runtime=1.86s, PAR-2=1.86s
[DEBUG] Processing 519/2285: UF/20170428-Barrett/cdt-cade2015/nada/distro/gram_lang/x2015_09_10_16_46_38_017_1009817.smt_in.smt2
[DEBUG] Predicted solver: Yices2 for benchmark UF/20170428-Barrett/cdt-cade2015/nada/distro/gram_lang/x2015_09_10_16_46_38_017_1009817.smt_in.smt2
[DEBUG] Benchmark UF/20170428-Barrett/cdt-cade2015/nada/distro/gram_lang/x2015_09_10_16_46_38_017_1009817.smt_in.smt2: solved=True, runtime=0.45s, PAR-2=0.45s
[DEBUG] Processing 520/2285: UF/20170428-Barrett/cdt-cade2015/nada/distro/rbt_impl/x2015_09_10_16_59_42_467_1937954.smt_in.smt2
[DEBUG] Predicted solver: Yices2 for benchmark UF/20170428-Barrett/cdt-cade2015/nada/distro/rbt_impl/x2015_09_10_16_59_42_467_1937954.smt_in.smt2
[DEBUG] Benchmark UF/20170428-Barrett/cdt-cade2015/nada/distro/rbt_impl/x2015_09_10_16_59_42_467_1937954.smt_in.smt2: solved=False, runtime=1200.00s, PAR-2=2400.00s
[DEBUG] Processing 521/2285: UF/sledgehammer/QEpres/uf.687480.smt2
[DEBUG] Predicted solver: cvc5 for benchmark UF/sledgehammer/QEpres/uf.687480.smt2
[DEBUG] Benchmark UF/sledgehammer/QEpres/uf.687480.smt2: solved=False, runtime=1200.00s, PAR-2=2400.00s
[DEBUG] Processing 522/2285: UF/sledgehammer/FFT/uf.552859.smt2
[DEBUG] Predicted solver: iProver for benchmark UF/sledgehammer/FFT/uf.552859.smt2
[DEBUG] Benchmark UF/sledgehammer/FFT/uf.552859.smt2: solved=True, runtime=14.94s, PAR-2=14.94s
[DEBUG] Processing 523/2285: UF/20170428-Barrett/cdt-cade2015/nada/afp/coinductive_list/x2015_09_10_17_02_08_521_1803896.smt_in.smt2
[DEBUG] Predicted solver: cvc5 for benchmark UF/20170428-Barrett/cdt-cade2015/nada/afp/coinductive_list/x2015_09_10_17_02_08_521_1803896.smt_in.smt2
[DEBUG] Benchmark UF/20170428-Barrett/cdt-cade2015/nada/afp/coinductive_list/x2015_09_10_17_02_08_521_1803896.smt_in.smt2: solved=False, runtime=1200.00s, PAR-2=2400.00s
[DEBUG] Processing 524/2285: UF/sledgehammer/FFT/uf.874531.smt2
[DEBUG] Predicted solver: iProver for benchmark UF/sledgehammer/FFT/uf.874531.smt2
[DEBUG] Benchmark UF/sledgehammer/FFT/uf.874531.smt2: solved=False, runtime=1200.00s, PAR-2=2400.00s
[DEBUG] Processing 525/2285: UF/20170428-Barrett/cdt-cade2015/nada/afp/tllist/x2015_09_10_17_00_30_295_1354324.smt_in.smt2
[DEBUG] Predicted solver: cvc5 for benchmark UF/20170428-Barrett/cdt-cade2015/nada/afp/tllist/x2015_09_10_17_00_30_295_1354324.smt_in.smt2
[DEBUG] Benchmark UF/20170428-Barrett/cdt-cade2015/nada/afp/tllist/x2015_09_10_17_00_30_295_1354324.smt_in.smt2: solved=True, runtime=839.93s, PAR-2=839.93s
[DEBUG] Processing 526/2285: UF/20170428-Barrett/cdt-cade2015/nada/afp/llist2/x2015_09_10_16_53_31_697_1208858.smt_in.smt2
[DEBUG] Predicted solver: cvc5 for benchmark UF/20170428-Barrett/cdt-cade2015/nada/afp/llist2/x2015_09_10_16_53_31_697_1208858.smt_in.smt2
[DEBUG] Benchmark UF/20170428-Barrett/cdt-cade2015/nada/afp/llist2/x2015_09_10_16_53_31_697_1208858.smt_in.smt2: solved=False, runtime=1200.00s, PAR-2=2400.00s
[DEBUG] Processing 527/2285: UF/sledgehammer/NS_Shared/uf.566065.smt2
[DEBUG] Predicted solver: iProver for benchmark UF/sledgehammer/NS_Shared/uf.566065.smt2
[DEBUG] Benchmark UF/sledgehammer/NS_Shared/uf.566065.smt2: solved=False, runtime=1200.00s, PAR-2=2400.00s
[DEBUG] Processing 528/2285: UF/sledgehammer/TwoSquares/uf.754018.smt2
[DEBUG] Predicted solver: iProver for benchmark UF/sledgehammer/TwoSquares/uf.754018.smt2
[DEBUG] Benchmark UF/sledgehammer/TwoSquares/uf.754018.smt2: solved=False, runtime=1200.00s, PAR-2=2400.00s
[DEBUG] Processing 529/2285: UF/sledgehammer/TypeSafe/uf.768093.smt2
[DEBUG] Predicted solver: Yices2 for benchmark UF/sledgehammer/TypeSafe/uf.768093.smt2
[DEBUG] Benchmark UF/sledgehammer/TypeSafe/uf.768093.smt2: solved=False, runtime=1200.00s, PAR-2=2400.00s
[DEBUG] Processing 530/2285: UF/sledgehammer/FFT/uf.714366.smt2
[DEBUG] Predicted solver: iProver for benchmark UF/sledgehammer/FFT/uf.714366.smt2
[DEBUG] Benchmark UF/sledgehammer/FFT/uf.714366.smt2: solved=True, runtime=0.86s, PAR-2=0.86s
[DEBUG] Processing 531/2285: UF/sledgehammer/FFT/uf.830857.smt2
[DEBUG] Predicted solver: iProver for benchmark UF/sledgehammer/FFT/uf.830857.smt2
[DEBUG] Benchmark UF/sledgehammer/FFT/uf.830857.smt2: solved=False, runtime=1200.00s, PAR-2=2400.00s
[DEBUG] Processing 532/2285: UF/20170428-Barrett/cdt-cade2015/nada/distro/stream/x2015_09_10_16_46_56_985_999207.smt_in.smt2
[DEBUG] Predicted solver: cvc5 for benchmark UF/20170428-Barrett/cdt-cade2015/nada/distro/stream/x2015_09_10_16_46_56_985_999207.smt_in.smt2
[DEBUG] Benchmark UF/20170428-Barrett/cdt-cade2015/nada/distro/stream/x2015_09_10_16_46_56_985_999207.smt_in.smt2: solved=False, runtime=1200.00s, PAR-2=2400.00s
[DEBUG] Processing 533/2285: UF/20170428-Barrett/cdt-cade2015/nada/afp/splay_tree_analysis/x2015_09_10_16_56_58_793_1101312.smt_in.smt2
[DEBUG] Predicted solver: Yices2 for benchmark UF/20170428-Barrett/cdt-cade2015/nada/afp/splay_tree_analysis/x2015_09_10_16_56_58_793_1101312.smt_in.smt2
[DEBUG] Benchmark UF/20170428-Barrett/cdt-cade2015/nada/afp/splay_tree_analysis/x2015_09_10_16_56_58_793_1101312.smt_in.smt2: solved=False, runtime=1200.00s, PAR-2=2400.00s
[DEBUG] Processing 534/2285: UF/20170428-Barrett/cdt-cade2015/nada/afp/coinductive_list/x2015_09_10_17_01_37_492_1762297.smt_in.smt2
[DEBUG] Predicted solver: Yices2 for benchmark UF/20170428-Barrett/cdt-cade2015/nada/afp/coinductive_list/x2015_09_10_17_01_37_492_1762297.smt_in.smt2
[DEBUG] Benchmark UF/20170428-Barrett/cdt-cade2015/nada/afp/coinductive_list/x2015_09_10_17_01_37_492_1762297.smt_in.smt2: solved=False, runtime=1200.00s, PAR-2=2400.00s
[DEBUG] Processing 535/2285: UF/20170428-Barrett/cdt-cade2015/nada/distro/stream/x2015_09_10_16_48_45_911_1119593.smt_in.smt2
[DEBUG] Predicted solver: cvc5 for benchmark UF/20170428-Barrett/cdt-cade2015/nada/distro/stream/x2015_09_10_16_48_45_911_1119593.smt_in.smt2
[DEBUG] Benchmark UF/20170428-Barrett/cdt-cade2015/nada/distro/stream/x2015_09_10_16_48_45_911_1119593.smt_in.smt2: solved=False, runtime=1200.00s, PAR-2=2400.00s
[DEBUG] Processing 536/2285: UF/20170428-Barrett/cdt-cade2015/nada/distro/gram_lang/x2015_09_10_16_51_25_466_1302708.smt_in.smt2
[DEBUG] Predicted solver: cvc5 for benchmark UF/20170428-Barrett/cdt-cade2015/nada/distro/gram_lang/x2015_09_10_16_51_25_466_1302708.smt_in.smt2
[DEBUG] Benchmark UF/20170428-Barrett/cdt-cade2015/nada/distro/gram_lang/x2015_09_10_16_51_25_466_1302708.smt_in.smt2: solved=False, runtime=1200.00s, PAR-2=2400.00s
[DEBUG] Processing 537/2285: UF/sledgehammer/Fundamental_Theorem_Algebra/uf.834987.smt2
[DEBUG] Predicted solver: iProver for benchmark UF/sledgehammer/Fundamental_Theorem_Algebra/uf.834987.smt2
[DEBUG] Benchmark UF/sledgehammer/Fundamental_Theorem_Algebra/uf.834987.smt2: solved=False, runtime=1200.00s, PAR-2=2400.00s
[DEBUG] Processing 538/2285: UF/sledgehammer/TwoSquares/uf.636002.smt2
[DEBUG] Predicted solver: iProver for benchmark UF/sledgehammer/TwoSquares/uf.636002.smt2
[DEBUG] Benchmark UF/sledgehammer/TwoSquares/uf.636002.smt2: solved=False, runtime=1200.00s, PAR-2=2400.00s
[DEBUG] Processing 539/2285: UF/sledgehammer/TwoSquares/uf.620639.smt2
[DEBUG] Predicted solver: iProver for benchmark UF/sledgehammer/TwoSquares/uf.620639.smt2
[DEBUG] Benchmark UF/sledgehammer/TwoSquares/uf.620639.smt2: solved=False, runtime=1200.00s, PAR-2=2400.00s
[DEBUG] Processing 540/2285: UF/20170428-Barrett/cdt-cade2015/nada/distro/parallel/x2015_09_10_16_57_02_469_1033623.smt_in.smt2
[DEBUG] Predicted solver: cvc5 for benchmark UF/20170428-Barrett/cdt-cade2015/nada/distro/parallel/x2015_09_10_16_57_02_469_1033623.smt_in.smt2
[DEBUG] Benchmark UF/20170428-Barrett/cdt-cade2015/nada/distro/parallel/x2015_09_10_16_57_02_469_1033623.smt_in.smt2: solved=False, runtime=1200.00s, PAR-2=2400.00s
[DEBUG] Processing 541/2285: UF/sledgehammer/QEpres/uf.947572.smt2
[DEBUG] Predicted solver: Yices2 for benchmark UF/sledgehammer/QEpres/uf.947572.smt2
[DEBUG] Benchmark UF/sledgehammer/QEpres/uf.947572.smt2: solved=False, runtime=1200.00s, PAR-2=2400.00s
[DEBUG] Processing 542/2285: UF/sledgehammer/TypeSafe/uf.900052.smt2
[DEBUG] Predicted solver: iProver for benchmark UF/sledgehammer/TypeSafe/uf.900052.smt2
[DEBUG] Benchmark UF/sledgehammer/TypeSafe/uf.900052.smt2: solved=False, runtime=1200.00s, PAR-2=2400.00s
[DEBUG] Processing 543/2285: UF/sledgehammer/QEpres/uf.1060330.smt2
[DEBUG] Predicted solver: iProver for benchmark UF/sledgehammer/QEpres/uf.1060330.smt2
[DEBUG] Benchmark UF/sledgehammer/QEpres/uf.1060330.smt2: solved=False, runtime=1200.00s, PAR-2=2400.00s
[DEBUG] Processing 544/2285: UF/sledgehammer/QEpres/uf.889661.smt2
[DEBUG] Predicted solver: iProver for benchmark UF/sledgehammer/QEpres/uf.889661.smt2
[DEBUG] Benchmark UF/sledgehammer/QEpres/uf.889661.smt2: solved=True, runtime=1.38s, PAR-2=1.38s
[DEBUG] Processing 545/2285: UF/sledgehammer/Arrow_Order/uf.834540.smt2
[DEBUG] Predicted solver: cvc5 for benchmark UF/sledgehammer/Arrow_Order/uf.834540.smt2
[DEBUG] Benchmark UF/sledgehammer/Arrow_Order/uf.834540.smt2: solved=False, runtime=1200.00s, PAR-2=2400.00s
[DEBUG] Processing 546/2285: UF/sledgehammer/FFT/uf.585821.smt2
[DEBUG] Predicted solver: iProver for benchmark UF/sledgehammer/FFT/uf.585821.smt2
[DEBUG] Benchmark UF/sledgehammer/FFT/uf.585821.smt2: solved=False, runtime=1200.00s, PAR-2=2400.00s
[DEBUG] Processing 547/2285: UF/20170428-Barrett/cdt-cade2015/nada/afp/coinductive_list/x2015_09_10_16_56_00_260_1430662.smt_in.smt2
[DEBUG] Predicted solver: cvc5 for benchmark UF/20170428-Barrett/cdt-cade2015/nada/afp/coinductive_list/x2015_09_10_16_56_00_260_1430662.smt_in.smt2
[DEBUG] Benchmark UF/20170428-Barrett/cdt-cade2015/nada/afp/coinductive_list/x2015_09_10_16_56_00_260_1430662.smt_in.smt2: solved=False, runtime=1200.00s, PAR-2=2400.00s
[DEBUG] Processing 548/2285: UF/sledgehammer/TypeSafe/uf.783531.smt2
[DEBUG] Predicted solver: Yices2 for benchmark UF/sledgehammer/TypeSafe/uf.783531.smt2
[DEBUG] Benchmark UF/sledgehammer/TypeSafe/uf.783531.smt2: solved=False, runtime=1200.00s, PAR-2=2400.00s
[DEBUG] Processing 549/2285: UF/sledgehammer/Arrow_Order/uf.835063.smt2
[DEBUG] Predicted solver: iProver for benchmark UF/sledgehammer/Arrow_Order/uf.835063.smt2
[DEBUG] Benchmark UF/sledgehammer/Arrow_Order/uf.835063.smt2: solved=False, runtime=1200.00s, PAR-2=2400.00s
[DEBUG] Processing 550/2285: UF/sledgehammer/Fundamental_Theorem_Algebra/uf.610796.smt2
[DEBUG] Predicted solver: iProver for benchmark UF/sledgehammer/Fundamental_Theorem_Algebra/uf.610796.smt2
[DEBUG] Benchmark UF/sledgehammer/Fundamental_Theorem_Algebra/uf.610796.smt2: solved=True, runtime=115.96s, PAR-2=115.96s
[DEBUG] Processing 551/2285: UF/sledgehammer/NS_Shared/uf.764949.smt2
[DEBUG] Predicted solver: Yices2 for benchmark UF/sledgehammer/NS_Shared/uf.764949.smt2
[DEBUG] Benchmark UF/sledgehammer/NS_Shared/uf.764949.smt2: solved=False, runtime=1200.00s, PAR-2=2400.00s
[DEBUG] Processing 552/2285: UF/sledgehammer/FFT/uf.763162.smt2
[DEBUG] Predicted solver: iProver for benchmark UF/sledgehammer/FFT/uf.763162.smt2
[DEBUG] Benchmark UF/sledgehammer/FFT/uf.763162.smt2: solved=False, runtime=1200.00s, PAR-2=2400.00s
[DEBUG] Processing 553/2285: UF/sledgehammer/FFT/uf.909033.smt2
[DEBUG] Predicted solver: iProver for benchmark UF/sledgehammer/FFT/uf.909033.smt2
[DEBUG] Benchmark UF/sledgehammer/FFT/uf.909033.smt2: solved=False, runtime=1200.00s, PAR-2=2400.00s
[DEBUG] Processing 554/2285: UF/sledgehammer/Fundamental_Theorem_Algebra/smtlib.768421.smt2
[DEBUG] Predicted solver: iProver for benchmark UF/sledgehammer/Fundamental_Theorem_Algebra/smtlib.768421.smt2
[DEBUG] Benchmark UF/sledgehammer/Fundamental_Theorem_Algebra/smtlib.768421.smt2: solved=True, runtime=0.85s, PAR-2=0.85s
[DEBUG] Processing 555/2285: UF/sledgehammer/Hoare/smtlib.946298.smt2
[DEBUG] Predicted solver: iProver for benchmark UF/sledgehammer/Hoare/smtlib.946298.smt2
[DEBUG] Benchmark UF/sledgehammer/Hoare/smtlib.946298.smt2: solved=False, runtime=1200.00s, PAR-2=2400.00s
[DEBUG] Processing 556/2285: UF/sledgehammer/Fundamental_Theorem_Algebra/uf.1172735.smt2
[DEBUG] Predicted solver: iProver for benchmark UF/sledgehammer/Fundamental_Theorem_Algebra/uf.1172735.smt2
[DEBUG] Benchmark UF/sledgehammer/Fundamental_Theorem_Algebra/uf.1172735.smt2: solved=False, runtime=1200.00s, PAR-2=2400.00s
[DEBUG] Processing 557/2285: UF/20170428-Barrett/cdt-cade2015/nada/afp/huffman/x2015_09_10_16_49_50_363_1211648.smt_in.smt2
[DEBUG] Predicted solver: cvc5 for benchmark UF/20170428-Barrett/cdt-cade2015/nada/afp/huffman/x2015_09_10_16_49_50_363_1211648.smt_in.smt2
[DEBUG] Benchmark UF/20170428-Barrett/cdt-cade2015/nada/afp/huffman/x2015_09_10_16_49_50_363_1211648.smt_in.smt2: solved=True, runtime=0.33s, PAR-2=0.33s
[DEBUG] Processing 558/2285: UF/20170428-Barrett/cdt-cade2015/nada/afp/coinductive_list/x2015_09_10_17_01_04_594_1721675.smt_in.smt2
[DEBUG] Predicted solver: cvc5 for benchmark UF/20170428-Barrett/cdt-cade2015/nada/afp/coinductive_list/x2015_09_10_17_01_04_594_1721675.smt_in.smt2
[DEBUG] Benchmark UF/20170428-Barrett/cdt-cade2015/nada/afp/coinductive_list/x2015_09_10_17_01_04_594_1721675.smt_in.smt2: solved=False, runtime=1200.00s, PAR-2=2400.00s
[DEBUG] Processing 559/2285: UF/20170428-Barrett/cdt-cade2015/nada/gandl/cotree/x2015_09_10_16_50_42_643_1073921.smt_in.smt2
[DEBUG] Predicted solver: cvc5 for benchmark UF/20170428-Barrett/cdt-cade2015/nada/gandl/cotree/x2015_09_10_16_50_42_643_1073921.smt_in.smt2
[DEBUG] Benchmark UF/20170428-Barrett/cdt-cade2015/nada/gandl/cotree/x2015_09_10_16_50_42_643_1073921.smt_in.smt2: solved=False, runtime=1200.00s, PAR-2=2400.00s
[DEBUG] Processing 560/2285: UF/sledgehammer/Fundamental_Theorem_Algebra/uf.991083.smt2
[DEBUG] Predicted solver: cvc5 for benchmark UF/sledgehammer/Fundamental_Theorem_Algebra/uf.991083.smt2
[DEBUG] Benchmark UF/sledgehammer/Fundamental_Theorem_Algebra/uf.991083.smt2: solved=True, runtime=0.60s, PAR-2=0.60s
[DEBUG] Processing 561/2285: UF/20170428-Barrett/cdt-cade2015/nada/distro/gram_lang/x2015_09_10_16_50_50_236_1270748.smt_in.smt2
[DEBUG] Predicted solver: Yices2 for benchmark UF/20170428-Barrett/cdt-cade2015/nada/distro/gram_lang/x2015_09_10_16_50_50_236_1270748.smt_in.smt2
[DEBUG] Benchmark UF/20170428-Barrett/cdt-cade2015/nada/distro/gram_lang/x2015_09_10_16_50_50_236_1270748.smt_in.smt2: solved=False, runtime=1200.00s, PAR-2=2400.00s
[DEBUG] Processing 562/2285: UF/20170428-Barrett/cdt-cade2015/nada/afp/huffman/x2015_09_10_16_48_31_633_1119674.smt_in.smt2
[DEBUG] Predicted solver: iProver for benchmark UF/20170428-Barrett/cdt-cade2015/nada/afp/huffman/x2015_09_10_16_48_31_633_1119674.smt_in.smt2
[DEBUG] Benchmark UF/20170428-Barrett/cdt-cade2015/nada/afp/huffman/x2015_09_10_16_48_31_633_1119674.smt_in.smt2: solved=False, runtime=1200.00s, PAR-2=2400.00s
[DEBUG] Processing 563/2285: UF/sledgehammer/TypeSafe/uf.618683.smt2
[DEBUG] Predicted solver: cvc5 for benchmark UF/sledgehammer/TypeSafe/uf.618683.smt2
[DEBUG] Benchmark UF/sledgehammer/TypeSafe/uf.618683.smt2: solved=False, runtime=1200.00s, PAR-2=2400.00s
[DEBUG] Processing 564/2285: UF/sledgehammer/TwoSquares/uf.686072.smt2
[DEBUG] Predicted solver: iProver for benchmark UF/sledgehammer/TwoSquares/uf.686072.smt2
[DEBUG] Benchmark UF/sledgehammer/TwoSquares/uf.686072.smt2: solved=False, runtime=1200.00s, PAR-2=2400.00s
[DEBUG] Processing 565/2285: UF/20170428-Barrett/cdt-cade2015/nada/afp/abstract_completeness/x2015_09_10_16_59_55_599_1062687.smt_in.smt2
[DEBUG] Predicted solver: Yices2 for benchmark UF/20170428-Barrett/cdt-cade2015/nada/afp/abstract_completeness/x2015_09_10_16_59_55_599_1062687.smt_in.smt2
[DEBUG] Benchmark UF/20170428-Barrett/cdt-cade2015/nada/afp/abstract_completeness/x2015_09_10_16_59_55_599_1062687.smt_in.smt2: solved=False, runtime=1200.00s, PAR-2=2400.00s
[DEBUG] Processing 566/2285: UF/sledgehammer/Fundamental_Theorem_Algebra/uf.676844.smt2
[DEBUG] Predicted solver: iProver for benchmark UF/sledgehammer/Fundamental_Theorem_Algebra/uf.676844.smt2
[DEBUG] Benchmark UF/sledgehammer/Fundamental_Theorem_Algebra/uf.676844.smt2: solved=False, runtime=1200.00s, PAR-2=2400.00s
[DEBUG] Processing 567/2285: UF/sledgehammer/FFT/uf.875121.smt2
[DEBUG] Predicted solver: iProver for benchmark UF/sledgehammer/FFT/uf.875121.smt2
[DEBUG] Benchmark UF/sledgehammer/FFT/uf.875121.smt2: solved=False, runtime=1200.00s, PAR-2=2400.00s
[DEBUG] Processing 568/2285: UF/sledgehammer/QEpres/uf.1076362.smt2
[DEBUG] Predicted solver: iProver for benchmark UF/sledgehammer/QEpres/uf.1076362.smt2
[DEBUG] Benchmark UF/sledgehammer/QEpres/uf.1076362.smt2: solved=False, runtime=1200.00s, PAR-2=2400.00s
[DEBUG] Processing 569/2285: UF/sledgehammer/FFT/uf.841513.smt2
[DEBUG] Predicted solver: iProver for benchmark UF/sledgehammer/FFT/uf.841513.smt2
[DEBUG] Benchmark UF/sledgehammer/FFT/uf.841513.smt2: solved=False, runtime=1200.00s, PAR-2=2400.00s
[DEBUG] Processing 570/2285: UF/sledgehammer/Fundamental_Theorem_Algebra/uf.865274.smt2
[DEBUG] Predicted solver: iProver for benchmark UF/sledgehammer/Fundamental_Theorem_Algebra/uf.865274.smt2
[DEBUG] Benchmark UF/sledgehammer/Fundamental_Theorem_Algebra/uf.865274.smt2: solved=False, runtime=1200.00s, PAR-2=2400.00s
[DEBUG] Processing 571/2285: UF/sledgehammer/TwoSquares/uf.593473.smt2
[DEBUG] Predicted solver: cvc5 for benchmark UF/sledgehammer/TwoSquares/uf.593473.smt2
[DEBUG] Benchmark UF/sledgehammer/TwoSquares/uf.593473.smt2: solved=False, runtime=1200.00s, PAR-2=2400.00s
[DEBUG] Processing 572/2285: UF/20170428-Barrett/cdt-cade2015/nada/afp/tllist/x2015_09_10_16_59_11_365_1257713.smt_in.smt2
[DEBUG] Predicted solver: cvc5 for benchmark UF/20170428-Barrett/cdt-cade2015/nada/afp/tllist/x2015_09_10_16_59_11_365_1257713.smt_in.smt2
[DEBUG] Benchmark UF/20170428-Barrett/cdt-cade2015/nada/afp/tllist/x2015_09_10_16_59_11_365_1257713.smt_in.smt2: solved=True, runtime=629.39s, PAR-2=629.39s
[DEBUG] Processing 573/2285: UF/20170428-Barrett/cdt-cade2015/nada/afp/abstract_completeness/x2015_09_10_17_00_29_028_1097017.smt_in.smt2
[DEBUG] Predicted solver: cvc5 for benchmark UF/20170428-Barrett/cdt-cade2015/nada/afp/abstract_completeness/x2015_09_10_17_00_29_028_1097017.smt_in.smt2
[DEBUG] Benchmark UF/20170428-Barrett/cdt-cade2015/nada/afp/abstract_completeness/x2015_09_10_17_00_29_028_1097017.smt_in.smt2: solved=True, runtime=571.30s, PAR-2=571.30s
[DEBUG] Processing 574/2285: UF/sledgehammer/Hoare/uf.561591.smt2
[DEBUG] Predicted solver: iProver for benchmark UF/sledgehammer/Hoare/uf.561591.smt2
[DEBUG] Benchmark UF/sledgehammer/Hoare/uf.561591.smt2: solved=False, runtime=1200.00s, PAR-2=2400.00s
[DEBUG] Processing 575/2285: UF/20170428-Barrett/cdt-cade2015/nada/afp/huffman/x2015_09_10_16_47_45_106_1071337.smt_in.smt2
[DEBUG] Predicted solver: Yices2 for benchmark UF/20170428-Barrett/cdt-cade2015/nada/afp/huffman/x2015_09_10_16_47_45_106_1071337.smt_in.smt2
[DEBUG] Benchmark UF/20170428-Barrett/cdt-cade2015/nada/afp/huffman/x2015_09_10_16_47_45_106_1071337.smt_in.smt2: solved=False, runtime=1200.00s, PAR-2=2400.00s
[DEBUG] Processing 576/2285: UF/sledgehammer/TypeSafe/uf.1397579.smt2
[DEBUG] Predicted solver: cvc5 for benchmark UF/sledgehammer/TypeSafe/uf.1397579.smt2
[DEBUG] Benchmark UF/sledgehammer/TypeSafe/uf.1397579.smt2: solved=False, runtime=1200.00s, PAR-2=2400.00s
[DEBUG] Processing 577/2285: UF/20170428-Barrett/cdt-cade2015/nada/afp/coinductive_list/x2015_09_10_17_02_34_752_1838901.smt_in.smt2
[DEBUG] Predicted solver: cvc5 for benchmark UF/20170428-Barrett/cdt-cade2015/nada/afp/coinductive_list/x2015_09_10_17_02_34_752_1838901.smt_in.smt2
[DEBUG] Benchmark UF/20170428-Barrett/cdt-cade2015/nada/afp/coinductive_list/x2015_09_10_17_02_34_752_1838901.smt_in.smt2: solved=True, runtime=0.32s, PAR-2=0.32s
[DEBUG] Processing 578/2285: UF/sledgehammer/Fundamental_Theorem_Algebra/uf.666184.smt2
[DEBUG] Predicted solver: iProver for benchmark UF/sledgehammer/Fundamental_Theorem_Algebra/uf.666184.smt2
[DEBUG] Benchmark UF/sledgehammer/Fundamental_Theorem_Algebra/uf.666184.smt2: solved=False, runtime=1200.00s, PAR-2=2400.00s
[DEBUG] Processing 579/2285: UF/20170428-Barrett/cdt-cade2015/nada/afp/coinductive_list/x2015_09_10_17_00_24_219_1671686.smt_in.smt2
[DEBUG] Predicted solver: Yices2 for benchmark UF/20170428-Barrett/cdt-cade2015/nada/afp/coinductive_list/x2015_09_10_17_00_24_219_1671686.smt_in.smt2
[DEBUG] Benchmark UF/20170428-Barrett/cdt-cade2015/nada/afp/coinductive_list/x2015_09_10_17_00_24_219_1671686.smt_in.smt2: solved=True, runtime=0.86s, PAR-2=0.86s
[DEBUG] Processing 580/2285: UF/20170428-Barrett/cdt-cade2015/nada/afp/llist2/x2015_09_10_16_53_35_154_1211089.smt_in.smt2
[DEBUG] Predicted solver: cvc5 for benchmark UF/20170428-Barrett/cdt-cade2015/nada/afp/llist2/x2015_09_10_16_53_35_154_1211089.smt_in.smt2
[DEBUG] Benchmark UF/20170428-Barrett/cdt-cade2015/nada/afp/llist2/x2015_09_10_16_53_35_154_1211089.smt_in.smt2: solved=False, runtime=1200.00s, PAR-2=2400.00s
[DEBUG] Processing 581/2285: UF/sledgehammer/NS_Shared/uf.697207.smt2
[DEBUG] Predicted solver: cvc5 for benchmark UF/sledgehammer/NS_Shared/uf.697207.smt2
[DEBUG] Benchmark UF/sledgehammer/NS_Shared/uf.697207.smt2: solved=False, runtime=1200.00s, PAR-2=2400.00s
[DEBUG] Processing 582/2285: UF/20170428-Barrett/cdt-cade2015/nada/afp/coinductive_list/x2015_09_10_17_02_57_988_1868959.smt_in.smt2
[DEBUG] Predicted solver: Yices2 for benchmark UF/20170428-Barrett/cdt-cade2015/nada/afp/coinductive_list/x2015_09_10_17_02_57_988_1868959.smt_in.smt2
[DEBUG] Benchmark UF/20170428-Barrett/cdt-cade2015/nada/afp/coinductive_list/x2015_09_10_17_02_57_988_1868959.smt_in.smt2: solved=False, runtime=1200.00s, PAR-2=2400.00s
[DEBUG] Processing 583/2285: UF/sledgehammer/NS_Shared/uf.742193.smt2
[DEBUG] Predicted solver: Yices2 for benchmark UF/sledgehammer/NS_Shared/uf.742193.smt2
[DEBUG] Benchmark UF/sledgehammer/NS_Shared/uf.742193.smt2: solved=False, runtime=1200.00s, PAR-2=2400.00s
[DEBUG] Processing 584/2285: UF/sledgehammer/Fundamental_Theorem_Algebra/uf.646020.smt2
[DEBUG] Predicted solver: cvc5 for benchmark UF/sledgehammer/Fundamental_Theorem_Algebra/uf.646020.smt2
[DEBUG] Benchmark UF/sledgehammer/Fundamental_Theorem_Algebra/uf.646020.smt2: solved=False, runtime=1200.00s, PAR-2=2400.00s
[DEBUG] Processing 585/2285: UF/sledgehammer/QEpres/uf.765012.smt2
[DEBUG] Predicted solver: iProver for benchmark UF/sledgehammer/QEpres/uf.765012.smt2
[DEBUG] Benchmark UF/sledgehammer/QEpres/uf.765012.smt2: solved=True, runtime=0.90s, PAR-2=0.90s
[DEBUG] Processing 586/2285: UF/sledgehammer/TypeSafe/smtlib.1501034.smt2
[DEBUG] Predicted solver: Yices2 for benchmark UF/sledgehammer/TypeSafe/smtlib.1501034.smt2
[DEBUG] Benchmark UF/sledgehammer/TypeSafe/smtlib.1501034.smt2: solved=False, runtime=1200.00s, PAR-2=2400.00s
[DEBUG] Processing 587/2285: UF/sledgehammer/Fundamental_Theorem_Algebra/uf.843793.smt2
[DEBUG] Predicted solver: iProver for benchmark UF/sledgehammer/Fundamental_Theorem_Algebra/uf.843793.smt2
[DEBUG] Benchmark UF/sledgehammer/Fundamental_Theorem_Algebra/uf.843793.smt2: solved=False, runtime=1200.00s, PAR-2=2400.00s
[DEBUG] Processing 588/2285: UF/sledgehammer/TypeSafe/smtlib.1165906.smt2
[DEBUG] Predicted solver: Yices2 for benchmark UF/sledgehammer/TypeSafe/smtlib.1165906.smt2
[DEBUG] Benchmark UF/sledgehammer/TypeSafe/smtlib.1165906.smt2: solved=True, runtime=0.25s, PAR-2=0.25s
[DEBUG] Processing 589/2285: UF/sledgehammer/Fundamental_Theorem_Algebra/uf.688460.smt2
[DEBUG] Predicted solver: SMTInterpol for benchmark UF/sledgehammer/Fundamental_Theorem_Algebra/uf.688460.smt2
[DEBUG] Benchmark UF/sledgehammer/Fundamental_Theorem_Algebra/uf.688460.smt2: solved=True, runtime=15.72s, PAR-2=15.72s
[DEBUG] Processing 590/2285: UF/20190906-CLEARSY/0016/01051.smt2
[DEBUG] Predicted solver: Yices2 for benchmark UF/20190906-CLEARSY/0016/01051.smt2
[DEBUG] Benchmark UF/20190906-CLEARSY/0016/01051.smt2: solved=True, runtime=0.21s, PAR-2=0.21s
[DEBUG] Processing 591/2285: UF/20170428-Barrett/cdt-cade2015/nada/afp/coinductive_stream/x2015_09_10_17_22_29_937_1093043.smt_in.smt2
[DEBUG] Predicted solver: cvc5 for benchmark UF/20170428-Barrett/cdt-cade2015/nada/afp/coinductive_stream/x2015_09_10_17_22_29_937_1093043.smt_in.smt2
[DEBUG] Benchmark UF/20170428-Barrett/cdt-cade2015/nada/afp/coinductive_stream/x2015_09_10_17_22_29_937_1093043.smt_in.smt2: solved=True, runtime=0.77s, PAR-2=0.77s
[DEBUG] Processing 592/2285: UF/20170428-Barrett/cdt-cade2015/nada/afp/coinductive_list/x2015_09_10_17_20_02_499_2906170.smt_in.smt2
[DEBUG] Predicted solver: cvc5 for benchmark UF/20170428-Barrett/cdt-cade2015/nada/afp/coinductive_list/x2015_09_10_17_20_02_499_2906170.smt_in.smt2
[DEBUG] Benchmark UF/20170428-Barrett/cdt-cade2015/nada/afp/coinductive_list/x2015_09_10_17_20_02_499_2906170.smt_in.smt2: solved=True, runtime=0.34s, PAR-2=0.34s
[DEBUG] Processing 593/2285: UF/20190906-CLEARSY/0016/00778.smt2
[DEBUG] Predicted solver: Yices2 for benchmark UF/20190906-CLEARSY/0016/00778.smt2
[DEBUG] Benchmark UF/20190906-CLEARSY/0016/00778.smt2: solved=True, runtime=0.28s, PAR-2=0.28s
[DEBUG] Processing 594/2285: UF/sledgehammer/Hoare/uf.584821.smt2
[DEBUG] Predicted solver: iProver for benchmark UF/sledgehammer/Hoare/uf.584821.smt2
[DEBUG] Benchmark UF/sledgehammer/Hoare/uf.584821.smt2: solved=False, runtime=1200.00s, PAR-2=2400.00s
[DEBUG] Processing 595/2285: UF/20170428-Barrett/cdt-cade2015/nada/afp/huffman/x2015_09_10_16_48_09_280_1095622.smt_in.smt2
[DEBUG] Predicted solver: iProver for benchmark UF/20170428-Barrett/cdt-cade2015/nada/afp/huffman/x2015_09_10_16_48_09_280_1095622.smt_in.smt2
[DEBUG] Benchmark UF/20170428-Barrett/cdt-cade2015/nada/afp/huffman/x2015_09_10_16_48_09_280_1095622.smt_in.smt2: solved=False, runtime=1200.00s, PAR-2=2400.00s
[DEBUG] Processing 596/2285: UF/sledgehammer/Hoare/smtlib.1072485.smt2
[DEBUG] Predicted solver: iProver for benchmark UF/sledgehammer/Hoare/smtlib.1072485.smt2
[DEBUG] Benchmark UF/sledgehammer/Hoare/smtlib.1072485.smt2: solved=False, runtime=1200.00s, PAR-2=2400.00s
[DEBUG] Processing 597/2285: UF/sledgehammer/QEpres/uf.724648.smt2
[DEBUG] Predicted solver: iProver for benchmark UF/sledgehammer/QEpres/uf.724648.smt2
[DEBUG] Benchmark UF/sledgehammer/QEpres/uf.724648.smt2: solved=False, runtime=1200.00s, PAR-2=2400.00s
[DEBUG] Processing 598/2285: UF/sledgehammer/Hoare/uf.767896.smt2
[DEBUG] Predicted solver: iProver for benchmark UF/sledgehammer/Hoare/uf.767896.smt2
[DEBUG] Benchmark UF/sledgehammer/Hoare/uf.767896.smt2: solved=False, runtime=1200.00s, PAR-2=2400.00s
[DEBUG] Processing 599/2285: UF/20170428-Barrett/cdt-cade2015/nada/distro/rbt_impl/x2015_09_10_16_56_20_921_1661453.smt_in.smt2
[DEBUG] Predicted solver: Yices2 for benchmark UF/20170428-Barrett/cdt-cade2015/nada/distro/rbt_impl/x2015_09_10_16_56_20_921_1661453.smt_in.smt2
[DEBUG] Benchmark UF/20170428-Barrett/cdt-cade2015/nada/distro/rbt_impl/x2015_09_10_16_56_20_921_1661453.smt_in.smt2: solved=False, runtime=1200.00s, PAR-2=2400.00s
[DEBUG] Processing 600/2285: UF/sledgehammer/Hoare/uf.1063686.smt2
[DEBUG] Predicted solver: iProver for benchmark UF/sledgehammer/Hoare/uf.1063686.smt2
[DEBUG] Benchmark UF/sledgehammer/Hoare/uf.1063686.smt2: solved=True, runtime=0.88s, PAR-2=0.88s
[DEBUG] Processing 601/2285: UF/sledgehammer/Fundamental_Theorem_Algebra/uf.1190453.smt2
[DEBUG] Predicted solver: iProver for benchmark UF/sledgehammer/Fundamental_Theorem_Algebra/uf.1190453.smt2
[DEBUG] Benchmark UF/sledgehammer/Fundamental_Theorem_Algebra/uf.1190453.smt2: solved=True, runtime=1.88s, PAR-2=1.88s
[DEBUG] Processing 602/2285: UF/20170428-Barrett/cdt-cade2015/nada/afp/coinductive_list/x2015_09_10_16_57_28_040_1505426.smt_in.smt2
[DEBUG] Predicted solver: cvc5 for benchmark UF/20170428-Barrett/cdt-cade2015/nada/afp/coinductive_list/x2015_09_10_16_57_28_040_1505426.smt_in.smt2
[DEBUG] Benchmark UF/20170428-Barrett/cdt-cade2015/nada/afp/coinductive_list/x2015_09_10_16_57_28_040_1505426.smt_in.smt2: solved=False, runtime=1200.00s, PAR-2=2400.00s
[DEBUG] Processing 603/2285: UF/20170428-Barrett/cdt-cade2015/nada/distro/rbt_impl/x2015_09_10_16_55_17_007_1527773.smt_in.smt2
[DEBUG] Predicted solver: Yices2 for benchmark UF/20170428-Barrett/cdt-cade2015/nada/distro/rbt_impl/x2015_09_10_16_55_17_007_1527773.smt_in.smt2
[DEBUG] Benchmark UF/20170428-Barrett/cdt-cade2015/nada/distro/rbt_impl/x2015_09_10_16_55_17_007_1527773.smt_in.smt2: solved=False, runtime=1200.00s, PAR-2=2400.00s
[DEBUG] Processing 604/2285: UF/sledgehammer/Fundamental_Theorem_Algebra/uf.717973.smt2
[DEBUG] Predicted solver: SMTInterpol for benchmark UF/sledgehammer/Fundamental_Theorem_Algebra/uf.717973.smt2
[DEBUG] Benchmark UF/sledgehammer/Fundamental_Theorem_Algebra/uf.717973.smt2: solved=True, runtime=20.59s, PAR-2=20.59s
[DEBUG] Processing 605/2285: UF/20170428-Barrett/cdt-cade2015/nada/afp/coinductive_list/x2015_09_10_17_07_07_344_2212007.smt_in.smt2
[DEBUG] Predicted solver: cvc5 for benchmark UF/20170428-Barrett/cdt-cade2015/nada/afp/coinductive_list/x2015_09_10_17_07_07_344_2212007.smt_in.smt2
[DEBUG] Benchmark UF/20170428-Barrett/cdt-cade2015/nada/afp/coinductive_list/x2015_09_10_17_07_07_344_2212007.smt_in.smt2: solved=False, runtime=1200.00s, PAR-2=2400.00s
[DEBUG] Processing 606/2285: UF/20170428-Barrett/cdt-cade2015/nada/afp/coinductive_list/x2015_09_10_17_05_33_705_2078118.smt_in.smt2
[DEBUG] Predicted solver: Yices2 for benchmark UF/20170428-Barrett/cdt-cade2015/nada/afp/coinductive_list/x2015_09_10_17_05_33_705_2078118.smt_in.smt2
[DEBUG] Benchmark UF/20170428-Barrett/cdt-cade2015/nada/afp/coinductive_list/x2015_09_10_17_05_33_705_2078118.smt_in.smt2: solved=False, runtime=1200.00s, PAR-2=2400.00s
[DEBUG] Processing 607/2285: UF/sledgehammer/NS_Shared/smtlib.886952.smt2
[DEBUG] Predicted solver: iProver for benchmark UF/sledgehammer/NS_Shared/smtlib.886952.smt2
[DEBUG] Benchmark UF/sledgehammer/NS_Shared/smtlib.886952.smt2: solved=False, runtime=1200.00s, PAR-2=2400.00s
[DEBUG] Processing 608/2285: UF/20170428-Barrett/cdt-cade2015/nada/afp/coinductive_list/x2015_09_10_17_09_02_023_2365793.smt_in.smt2
[DEBUG] Predicted solver: Yices2 for benchmark UF/20170428-Barrett/cdt-cade2015/nada/afp/coinductive_list/x2015_09_10_17_09_02_023_2365793.smt_in.smt2
[DEBUG] Benchmark UF/20170428-Barrett/cdt-cade2015/nada/afp/coinductive_list/x2015_09_10_17_09_02_023_2365793.smt_in.smt2: solved=False, runtime=1200.00s, PAR-2=2400.00s
[DEBUG] Processing 609/2285: UF/sledgehammer/TwoSquares/uf.667814.smt2
[DEBUG] Predicted solver: iProver for benchmark UF/sledgehammer/TwoSquares/uf.667814.smt2
[DEBUG] Benchmark UF/sledgehammer/TwoSquares/uf.667814.smt2: solved=False, runtime=1200.00s, PAR-2=2400.00s
[DEBUG] Processing 610/2285: UF/sledgehammer/StrongNorm/uf.779858.smt2
[DEBUG] Predicted solver: cvc5 for benchmark UF/sledgehammer/StrongNorm/uf.779858.smt2
[DEBUG] Benchmark UF/sledgehammer/StrongNorm/uf.779858.smt2: solved=False, runtime=1200.00s, PAR-2=2400.00s
[DEBUG] Processing 611/2285: UF/sledgehammer/FFT/uf.731267.smt2
[DEBUG] Predicted solver: iProver for benchmark UF/sledgehammer/FFT/uf.731267.smt2
[DEBUG] Benchmark UF/sledgehammer/FFT/uf.731267.smt2: solved=False, runtime=1200.00s, PAR-2=2400.00s
[DEBUG] Processing 612/2285: UF/sledgehammer/StrongNorm/uf.623833.smt2
[DEBUG] Predicted solver: iProver for benchmark UF/sledgehammer/StrongNorm/uf.623833.smt2
[DEBUG] Benchmark UF/sledgehammer/StrongNorm/uf.623833.smt2: solved=False, runtime=1200.00s, PAR-2=2400.00s
[DEBUG] Processing 613/2285: UF/sledgehammer/QEpres/uf.1111078.smt2
[DEBUG] Predicted solver: cvc5 for benchmark UF/sledgehammer/QEpres/uf.1111078.smt2
[DEBUG] Benchmark UF/sledgehammer/QEpres/uf.1111078.smt2: solved=False, runtime=1200.00s, PAR-2=2400.00s
[DEBUG] Processing 614/2285: UF/20170428-Barrett/cdt-cade2015/nada/distro/rbt_impl/x2015_09_10_16_59_14_756_1887575.smt_in.smt2
[DEBUG] Predicted solver: cvc5 for benchmark UF/20170428-Barrett/cdt-cade2015/nada/distro/rbt_impl/x2015_09_10_16_59_14_756_1887575.smt_in.smt2
[DEBUG] Benchmark UF/20170428-Barrett/cdt-cade2015/nada/distro/rbt_impl/x2015_09_10_16_59_14_756_1887575.smt_in.smt2: solved=False, runtime=1200.00s, PAR-2=2400.00s
[DEBUG] Processing 615/2285: UF/20170428-Barrett/cdt-cade2015/nada/distro/gram_lang/x2015_09_10_16_52_51_234_1391295.smt_in.smt2
[DEBUG] Predicted solver: Yices2 for benchmark UF/20170428-Barrett/cdt-cade2015/nada/distro/gram_lang/x2015_09_10_16_52_51_234_1391295.smt_in.smt2
[DEBUG] Benchmark UF/20170428-Barrett/cdt-cade2015/nada/distro/gram_lang/x2015_09_10_16_52_51_234_1391295.smt_in.smt2: solved=False, runtime=1200.00s, PAR-2=2400.00s
[DEBUG] Processing 616/2285: UF/sledgehammer/Fundamental_Theorem_Algebra/uf.785610.smt2
[DEBUG] Predicted solver: iProver for benchmark UF/sledgehammer/Fundamental_Theorem_Algebra/uf.785610.smt2
[DEBUG] Benchmark UF/sledgehammer/Fundamental_Theorem_Algebra/uf.785610.smt2: solved=False, runtime=1200.00s, PAR-2=2400.00s
[DEBUG] Processing 617/2285: UF/misc/set20.smt2
[DEBUG] Predicted solver: iProver for benchmark UF/misc/set20.smt2
[DEBUG] Benchmark UF/misc/set20.smt2: solved=True, runtime=1.39s, PAR-2=1.39s
[DEBUG] Processing 618/2285: UF/20170428-Barrett/cdt-cade2015/nada/afp/coinductive_list/x2015_09_10_17_04_40_247_2009063.smt_in.smt2
[DEBUG] Predicted solver: cvc5 for benchmark UF/20170428-Barrett/cdt-cade2015/nada/afp/coinductive_list/x2015_09_10_17_04_40_247_2009063.smt_in.smt2
[DEBUG] Benchmark UF/20170428-Barrett/cdt-cade2015/nada/afp/coinductive_list/x2015_09_10_17_04_40_247_2009063.smt_in.smt2: solved=False, runtime=1200.00s, PAR-2=2400.00s
[DEBUG] Processing 619/2285: UF/sledgehammer/Hoare/uf.1189699.smt2
[DEBUG] Predicted solver: iProver for benchmark UF/sledgehammer/Hoare/uf.1189699.smt2
[DEBUG] Benchmark UF/sledgehammer/Hoare/uf.1189699.smt2: solved=False, runtime=1200.00s, PAR-2=2400.00s
[DEBUG] Processing 620/2285: UF/20170428-Barrett/cdt-cade2015/nada/distro/parallel/x2015_09_10_16_56_34_054_999113.smt_in.smt2
[DEBUG] Predicted solver: cvc5 for benchmark UF/20170428-Barrett/cdt-cade2015/nada/distro/parallel/x2015_09_10_16_56_34_054_999113.smt_in.smt2
[DEBUG] Benchmark UF/20170428-Barrett/cdt-cade2015/nada/distro/parallel/x2015_09_10_16_56_34_054_999113.smt_in.smt2: solved=False, runtime=1200.00s, PAR-2=2400.00s
[DEBUG] Processing 621/2285: UF/sledgehammer/QEpres/uf.705934.smt2
[DEBUG] Predicted solver: iProver for benchmark UF/sledgehammer/QEpres/uf.705934.smt2
[DEBUG] Benchmark UF/sledgehammer/QEpres/uf.705934.smt2: solved=False, runtime=1200.00s, PAR-2=2400.00s
[DEBUG] Processing 622/2285: UF/sledgehammer/Fundamental_Theorem_Algebra/uf.830680.smt2
[DEBUG] Predicted solver: Yices2 for benchmark UF/sledgehammer/Fundamental_Theorem_Algebra/uf.830680.smt2
[DEBUG] Benchmark UF/sledgehammer/Fundamental_Theorem_Algebra/uf.830680.smt2: solved=True, runtime=454.18s, PAR-2=454.18s
[DEBUG] Processing 623/2285: UF/sledgehammer/TwoSquares/uf.625043.smt2
[DEBUG] Predicted solver: iProver for benchmark UF/sledgehammer/TwoSquares/uf.625043.smt2
[DEBUG] Benchmark UF/sledgehammer/TwoSquares/uf.625043.smt2: solved=False, runtime=1200.00s, PAR-2=2400.00s
[DEBUG] Processing 624/2285: UF/sledgehammer/QEpres/uf.954808.smt2
[DEBUG] Predicted solver: iProver for benchmark UF/sledgehammer/QEpres/uf.954808.smt2
[DEBUG] Benchmark UF/sledgehammer/QEpres/uf.954808.smt2: solved=False, runtime=1200.00s, PAR-2=2400.00s
[DEBUG] Processing 625/2285: UF/sledgehammer/TwoSquares/uf.589320.smt2
[DEBUG] Predicted solver: iProver for benchmark UF/sledgehammer/TwoSquares/uf.589320.smt2
[DEBUG] Benchmark UF/sledgehammer/TwoSquares/uf.589320.smt2: solved=False, runtime=1200.00s, PAR-2=2400.00s
[DEBUG] Processing 626/2285: UF/sledgehammer/FFT/uf.652299.smt2
[DEBUG] Predicted solver: iProver for benchmark UF/sledgehammer/FFT/uf.652299.smt2
[DEBUG] Benchmark UF/sledgehammer/FFT/uf.652299.smt2: solved=False, runtime=1200.00s, PAR-2=2400.00s
[DEBUG] Processing 627/2285: UF/20170428-Barrett/cdt-cade2015/nada/distro/gram_lang/x2015_09_10_16_54_30_976_1479219.smt_in.smt2
[DEBUG] Predicted solver: Yices2 for benchmark UF/20170428-Barrett/cdt-cade2015/nada/distro/gram_lang/x2015_09_10_16_54_30_976_1479219.smt_in.smt2
[DEBUG] Benchmark UF/20170428-Barrett/cdt-cade2015/nada/distro/gram_lang/x2015_09_10_16_54_30_976_1479219.smt_in.smt2: solved=True, runtime=0.25s, PAR-2=0.25s
[DEBUG] Processing 628/2285: UF/20170428-Barrett/cdt-cade2015/nada/distro/rbt_impl/x2015_09_10_16_59_08_219_1879525.smt_in.smt2
[DEBUG] Predicted solver: Yices2 for benchmark UF/20170428-Barrett/cdt-cade2015/nada/distro/rbt_impl/x2015_09_10_16_59_08_219_1879525.smt_in.smt2
[DEBUG] Benchmark UF/20170428-Barrett/cdt-cade2015/nada/distro/rbt_impl/x2015_09_10_16_59_08_219_1879525.smt_in.smt2: solved=False, runtime=1200.00s, PAR-2=2400.00s
[DEBUG] Processing 629/2285: UF/wintersteiger/fmsd13/fixpoint/small-bug1-fixpoint-2.smt2
[DEBUG] Predicted solver: Yices2 for benchmark UF/wintersteiger/fmsd13/fixpoint/small-bug1-fixpoint-2.smt2
[DEBUG] Benchmark UF/wintersteiger/fmsd13/fixpoint/small-bug1-fixpoint-2.smt2: solved=True, runtime=0.21s, PAR-2=0.21s
[DEBUG] Processing 630/2285: UF/sledgehammer/Fundamental_Theorem_Algebra/uf.1403147.smt2
[DEBUG] Predicted solver: iProver for benchmark UF/sledgehammer/Fundamental_Theorem_Algebra/uf.1403147.smt2
[DEBUG] Benchmark UF/sledgehammer/Fundamental_Theorem_Algebra/uf.1403147.smt2: solved=True, runtime=0.84s, PAR-2=0.84s
[DEBUG] Processing 631/2285: UF/sledgehammer/Fundamental_Theorem_Algebra/uf.758126.smt2
[DEBUG] Predicted solver: cvc5 for benchmark UF/sledgehammer/Fundamental_Theorem_Algebra/uf.758126.smt2
[DEBUG] Benchmark UF/sledgehammer/Fundamental_Theorem_Algebra/uf.758126.smt2: solved=False, runtime=1200.00s, PAR-2=2400.00s
[DEBUG] Processing 632/2285: UF/sledgehammer/StrongNorm/uf.722272.smt2
[DEBUG] Predicted solver: Yices2 for benchmark UF/sledgehammer/StrongNorm/uf.722272.smt2
[DEBUG] Benchmark UF/sledgehammer/StrongNorm/uf.722272.smt2: solved=False, runtime=1200.00s, PAR-2=2400.00s
[DEBUG] Processing 633/2285: UF/sledgehammer/QEpres/uf.987659.smt2
[DEBUG] Predicted solver: iProver for benchmark UF/sledgehammer/QEpres/uf.987659.smt2
[DEBUG] Benchmark UF/sledgehammer/QEpres/uf.987659.smt2: solved=True, runtime=0.94s, PAR-2=0.94s
[DEBUG] Processing 634/2285: UF/sledgehammer/Arrow_Order/uf.737304.smt2
[DEBUG] Predicted solver: Yices2 for benchmark UF/sledgehammer/Arrow_Order/uf.737304.smt2
[DEBUG] Benchmark UF/sledgehammer/Arrow_Order/uf.737304.smt2: solved=True, runtime=0.23s, PAR-2=0.23s
[DEBUG] Processing 635/2285: UF/20170428-Barrett/cdt-cade2015/nada/afp/abstract_completeness/x2015_09_10_16_59_58_347_1064821.smt_in.smt2
[DEBUG] Predicted solver: Yices2 for benchmark UF/20170428-Barrett/cdt-cade2015/nada/afp/abstract_completeness/x2015_09_10_16_59_58_347_1064821.smt_in.smt2
[DEBUG] Benchmark UF/20170428-Barrett/cdt-cade2015/nada/afp/abstract_completeness/x2015_09_10_16_59_58_347_1064821.smt_in.smt2: solved=False, runtime=1200.00s, PAR-2=2400.00s
[DEBUG] Processing 636/2285: UF/20170428-Barrett/cdt-cade2015/nada/afp/coinductive_list/x2015_09_10_17_00_05_030_1649639.smt_in.smt2
[DEBUG] Predicted solver: iProver for benchmark UF/20170428-Barrett/cdt-cade2015/nada/afp/coinductive_list/x2015_09_10_17_00_05_030_1649639.smt_in.smt2
[DEBUG] Benchmark UF/20170428-Barrett/cdt-cade2015/nada/afp/coinductive_list/x2015_09_10_17_00_05_030_1649639.smt_in.smt2: solved=False, runtime=1200.00s, PAR-2=2400.00s
[DEBUG] Processing 637/2285: UF/sledgehammer/TypeSafe/uf.683492.smt2
[DEBUG] Predicted solver: Yices2 for benchmark UF/sledgehammer/TypeSafe/uf.683492.smt2
[DEBUG] Benchmark UF/sledgehammer/TypeSafe/uf.683492.smt2: solved=False, runtime=1200.00s, PAR-2=2400.00s
[DEBUG] Processing 638/2285: UF/20170428-Barrett/cdt-cade2015/nada/distro/gram_lang/x2015_09_10_16_52_20_306_1360460.smt_in.smt2
[DEBUG] Predicted solver: Yices2 for benchmark UF/20170428-Barrett/cdt-cade2015/nada/distro/gram_lang/x2015_09_10_16_52_20_306_1360460.smt_in.smt2
[DEBUG] Benchmark UF/20170428-Barrett/cdt-cade2015/nada/distro/gram_lang/x2015_09_10_16_52_20_306_1360460.smt_in.smt2: solved=False, runtime=1200.00s, PAR-2=2400.00s
[DEBUG] Processing 639/2285: UF/20170428-Barrett/cdt-cade2015/nada/distro/gram_lang/x2015_09_10_16_48_22_777_1123034.smt_in.smt2
[DEBUG] Predicted solver: cvc5 for benchmark UF/20170428-Barrett/cdt-cade2015/nada/distro/gram_lang/x2015_09_10_16_48_22_777_1123034.smt_in.smt2
[DEBUG] Benchmark UF/20170428-Barrett/cdt-cade2015/nada/distro/gram_lang/x2015_09_10_16_48_22_777_1123034.smt_in.smt2: solved=False, runtime=1200.00s, PAR-2=2400.00s
[DEBUG] Processing 640/2285: UF/20170428-Barrett/cdt-cade2015/nada/gandl/cotree/x2015_09_10_16_50_49_847_1083807.smt_in.smt2
[DEBUG] Predicted solver: Yices2 for benchmark UF/20170428-Barrett/cdt-cade2015/nada/gandl/cotree/x2015_09_10_16_50_49_847_1083807.smt_in.smt2
[DEBUG] Benchmark UF/20170428-Barrett/cdt-cade2015/nada/gandl/cotree/x2015_09_10_16_50_49_847_1083807.smt_in.smt2: solved=False, runtime=1200.00s, PAR-2=2400.00s
[DEBUG] Processing 641/2285: UF/20170428-Barrett/cdt-cade2015/nada/afp/huffman/x2015_09_10_16_50_20_520_1243116.smt_in.smt2
[DEBUG] Predicted solver: cvc5 for benchmark UF/20170428-Barrett/cdt-cade2015/nada/afp/huffman/x2015_09_10_16_50_20_520_1243116.smt_in.smt2
[DEBUG] Benchmark UF/20170428-Barrett/cdt-cade2015/nada/afp/huffman/x2015_09_10_16_50_20_520_1243116.smt_in.smt2: solved=False, runtime=1200.00s, PAR-2=2400.00s
[DEBUG] Processing 642/2285: UF/20170428-Barrett/cdt-cade2015/nada/afp/coinductive_list/x2015_09_10_17_12_08_917_2608191.smt_in.smt2
[DEBUG] Predicted solver: cvc5 for benchmark UF/20170428-Barrett/cdt-cade2015/nada/afp/coinductive_list/x2015_09_10_17_12_08_917_2608191.smt_in.smt2
[DEBUG] Benchmark UF/20170428-Barrett/cdt-cade2015/nada/afp/coinductive_list/x2015_09_10_17_12_08_917_2608191.smt_in.smt2: solved=False, runtime=1200.00s, PAR-2=2400.00s
[DEBUG] Processing 643/2285: UF/sledgehammer/Hoare/uf.628776.smt2
[DEBUG] Predicted solver: cvc5 for benchmark UF/sledgehammer/Hoare/uf.628776.smt2
[DEBUG] Benchmark UF/sledgehammer/Hoare/uf.628776.smt2: solved=True, runtime=10.15s, PAR-2=10.15s
[DEBUG] Processing 644/2285: UF/20170428-Barrett/cdt-cade2015/nada/distro/rbt_impl/x2015_09_10_16_56_43_977_1717277.smt_in.smt2
[DEBUG] Predicted solver: cvc5 for benchmark UF/20170428-Barrett/cdt-cade2015/nada/distro/rbt_impl/x2015_09_10_16_56_43_977_1717277.smt_in.smt2
[DEBUG] Benchmark UF/20170428-Barrett/cdt-cade2015/nada/distro/rbt_impl/x2015_09_10_16_56_43_977_1717277.smt_in.smt2: solved=False, runtime=1200.00s, PAR-2=2400.00s
[DEBUG] Processing 645/2285: UF/20170428-Barrett/cdt-cade2015/nada/gandl/stern_brocot_tree/x2015_09_10_16_51_07_904_1043217.smt_in.smt2
[DEBUG] Predicted solver: cvc5 for benchmark UF/20170428-Barrett/cdt-cade2015/nada/gandl/stern_brocot_tree/x2015_09_10_16_51_07_904_1043217.smt_in.smt2
[DEBUG] Benchmark UF/20170428-Barrett/cdt-cade2015/nada/gandl/stern_brocot_tree/x2015_09_10_16_51_07_904_1043217.smt_in.smt2: solved=True, runtime=0.32s, PAR-2=0.32s
[DEBUG] Processing 646/2285: UF/20170428-Barrett/cdt-cade2015/nada/afp/abstract_completeness/x2015_09_10_16_59_49_554_1056868.smt_in.smt2
[DEBUG] Predicted solver: cvc5 for benchmark UF/20170428-Barrett/cdt-cade2015/nada/afp/abstract_completeness/x2015_09_10_16_59_49_554_1056868.smt_in.smt2
[DEBUG] Benchmark UF/20170428-Barrett/cdt-cade2015/nada/afp/abstract_completeness/x2015_09_10_16_59_49_554_1056868.smt_in.smt2: solved=False, runtime=1200.00s, PAR-2=2400.00s
[DEBUG] Processing 647/2285: UF/sledgehammer/StrongNorm/uf.609537.smt2
[DEBUG] Predicted solver: iProver for benchmark UF/sledgehammer/StrongNorm/uf.609537.smt2
[DEBUG] Benchmark UF/sledgehammer/StrongNorm/uf.609537.smt2: solved=False, runtime=1200.00s, PAR-2=2400.00s
[DEBUG] Processing 648/2285: UF/sledgehammer/Fundamental_Theorem_Algebra/uf.758943.smt2
[DEBUG] Predicted solver: iProver for benchmark UF/sledgehammer/Fundamental_Theorem_Algebra/uf.758943.smt2
[DEBUG] Benchmark UF/sledgehammer/Fundamental_Theorem_Algebra/uf.758943.smt2: solved=False, runtime=1200.00s, PAR-2=2400.00s
[DEBUG] Processing 649/2285: UF/sledgehammer/NS_Shared/uf.809502.smt2
[DEBUG] Predicted solver: iProver for benchmark UF/sledgehammer/NS_Shared/uf.809502.smt2
[DEBUG] Benchmark UF/sledgehammer/NS_Shared/uf.809502.smt2: solved=False, runtime=1200.00s, PAR-2=2400.00s
[DEBUG] Processing 650/2285: UF/sledgehammer/FFT/uf.590937.smt2
[DEBUG] Predicted solver: iProver for benchmark UF/sledgehammer/FFT/uf.590937.smt2
[DEBUG] Benchmark UF/sledgehammer/FFT/uf.590937.smt2: solved=True, runtime=193.50s, PAR-2=193.50s
[DEBUG] Processing 651/2285: UF/sledgehammer/Fundamental_Theorem_Algebra/uf.1198393.smt2
[DEBUG] Predicted solver: iProver for benchmark UF/sledgehammer/Fundamental_Theorem_Algebra/uf.1198393.smt2
[DEBUG] Benchmark UF/sledgehammer/Fundamental_Theorem_Algebra/uf.1198393.smt2: solved=True, runtime=204.51s, PAR-2=204.51s
[DEBUG] Processing 652/2285: UF/sledgehammer/FFT/uf.561024.smt2
[DEBUG] Predicted solver: iProver for benchmark UF/sledgehammer/FFT/uf.561024.smt2
[DEBUG] Benchmark UF/sledgehammer/FFT/uf.561024.smt2: solved=False, runtime=1200.00s, PAR-2=2400.00s
[DEBUG] Processing 653/2285: UF/20170428-Barrett/cdt-cade2015/nada/afp/huffman/x2015_09_10_16_48_47_188_1138206.smt_in.smt2
[DEBUG] Predicted solver: iProver for benchmark UF/20170428-Barrett/cdt-cade2015/nada/afp/huffman/x2015_09_10_16_48_47_188_1138206.smt_in.smt2
[DEBUG] Benchmark UF/20170428-Barrett/cdt-cade2015/nada/afp/huffman/x2015_09_10_16_48_47_188_1138206.smt_in.smt2: solved=False, runtime=1200.00s, PAR-2=2400.00s
[DEBUG] Processing 654/2285: UF/sledgehammer/FFT/uf.888672.smt2
[DEBUG] Predicted solver: iProver for benchmark UF/sledgehammer/FFT/uf.888672.smt2
[DEBUG] Benchmark UF/sledgehammer/FFT/uf.888672.smt2: solved=False, runtime=1200.00s, PAR-2=2400.00s
[DEBUG] Processing 655/2285: UF/20170428-Barrett/cdt-cade2015/nada/afp/coinductive_list/x2015_09_10_17_11_59_809_2597576.smt_in.smt2
[DEBUG] Predicted solver: Yices2 for benchmark UF/20170428-Barrett/cdt-cade2015/nada/afp/coinductive_list/x2015_09_10_17_11_59_809_2597576.smt_in.smt2
[DEBUG] Benchmark UF/20170428-Barrett/cdt-cade2015/nada/afp/coinductive_list/x2015_09_10_17_11_59_809_2597576.smt_in.smt2: solved=True, runtime=9.26s, PAR-2=9.26s
[DEBUG] Processing 656/2285: UF/20190906-CLEARSY/0018/00034.smt2
[DEBUG] Predicted solver: Yices2 for benchmark UF/20190906-CLEARSY/0018/00034.smt2
[DEBUG] Benchmark UF/20190906-CLEARSY/0018/00034.smt2: solved=True, runtime=0.21s, PAR-2=0.21s
[DEBUG] Processing 657/2285: UF/sledgehammer/Hoare/uf.1029313.smt2
[DEBUG] Predicted solver: iProver for benchmark UF/sledgehammer/Hoare/uf.1029313.smt2
[DEBUG] Benchmark UF/sledgehammer/Hoare/uf.1029313.smt2: solved=False, runtime=1200.00s, PAR-2=2400.00s
[DEBUG] Processing 658/2285: UF/sledgehammer/TypeSafe/smtlib.719588.smt2
[DEBUG] Predicted solver: cvc5 for benchmark UF/sledgehammer/TypeSafe/smtlib.719588.smt2
[DEBUG] Benchmark UF/sledgehammer/TypeSafe/smtlib.719588.smt2: solved=False, runtime=1200.00s, PAR-2=2400.00s
[DEBUG] Processing 659/2285: UF/sledgehammer/FFT/uf.763749.smt2
[DEBUG] Predicted solver: iProver for benchmark UF/sledgehammer/FFT/uf.763749.smt2
[DEBUG] Benchmark UF/sledgehammer/FFT/uf.763749.smt2: solved=True, runtime=1.83s, PAR-2=1.83s
[DEBUG] Processing 660/2285: UF/20170428-Barrett/cdt-cade2015/nada/distro/stream/x2015_09_10_16_49_15_141_1153946.smt_in.smt2
[DEBUG] Predicted solver: cvc5 for benchmark UF/20170428-Barrett/cdt-cade2015/nada/distro/stream/x2015_09_10_16_49_15_141_1153946.smt_in.smt2
[DEBUG] Benchmark UF/20170428-Barrett/cdt-cade2015/nada/distro/stream/x2015_09_10_16_49_15_141_1153946.smt_in.smt2: solved=False, runtime=1200.00s, PAR-2=2400.00s
[DEBUG] Processing 661/2285: UF/sledgehammer/FFT/uf.603201.smt2
[DEBUG] Predicted solver: iProver for benchmark UF/sledgehammer/FFT/uf.603201.smt2
[DEBUG] Benchmark UF/sledgehammer/FFT/uf.603201.smt2: solved=False, runtime=1200.00s, PAR-2=2400.00s
[DEBUG] Processing 662/2285: UF/sledgehammer/Arrow_Order/smtlib.613881.smt2
[DEBUG] Predicted solver: iProver for benchmark UF/sledgehammer/Arrow_Order/smtlib.613881.smt2
[DEBUG] Benchmark UF/sledgehammer/Arrow_Order/smtlib.613881.smt2: solved=False, runtime=1200.00s, PAR-2=2400.00s
[DEBUG] Processing 663/2285: UF/sledgehammer/FFT/uf.747854.smt2
[DEBUG] Predicted solver: iProver for benchmark UF/sledgehammer/FFT/uf.747854.smt2
[DEBUG] Benchmark UF/sledgehammer/FFT/uf.747854.smt2: solved=True, runtime=1.40s, PAR-2=1.40s
[DEBUG] Processing 664/2285: UF/sledgehammer/StrongNorm/uf.668232.smt2
[DEBUG] Predicted solver: Yices2 for benchmark UF/sledgehammer/StrongNorm/uf.668232.smt2
[DEBUG] Benchmark UF/sledgehammer/StrongNorm/uf.668232.smt2: solved=False, runtime=1200.00s, PAR-2=2400.00s
[DEBUG] Processing 665/2285: UF/sledgehammer/TypeSafe/uf.778823.smt2
[DEBUG] Predicted solver: Yices2 for benchmark UF/sledgehammer/TypeSafe/uf.778823.smt2
[DEBUG] Benchmark UF/sledgehammer/TypeSafe/uf.778823.smt2: solved=False, runtime=1200.00s, PAR-2=2400.00s
[DEBUG] Processing 666/2285: UF/sledgehammer/FFT/uf.603455.smt2
[DEBUG] Predicted solver: iProver for benchmark UF/sledgehammer/FFT/uf.603455.smt2
[DEBUG] Benchmark UF/sledgehammer/FFT/uf.603455.smt2: solved=False, runtime=1200.00s, PAR-2=2400.00s
[DEBUG] Processing 667/2285: UF/sledgehammer/NS_Shared/smtlib.911357.smt2
[DEBUG] Predicted solver: iProver for benchmark UF/sledgehammer/NS_Shared/smtlib.911357.smt2
[DEBUG] Benchmark UF/sledgehammer/NS_Shared/smtlib.911357.smt2: solved=False, runtime=1200.00s, PAR-2=2400.00s
[DEBUG] Processing 668/2285: UF/sledgehammer/TwoSquares/uf.665907.smt2
[DEBUG] Predicted solver: iProver for benchmark UF/sledgehammer/TwoSquares/uf.665907.smt2
[DEBUG] Benchmark UF/sledgehammer/TwoSquares/uf.665907.smt2: solved=False, runtime=1200.00s, PAR-2=2400.00s
[DEBUG] Processing 669/2285: UF/20170428-Barrett/cdt-cade2015/nada/afp/coinductive_stream/x2015_09_10_17_24_28_940_1202691.smt_in.smt2
[DEBUG] Predicted solver: cvc5 for benchmark UF/20170428-Barrett/cdt-cade2015/nada/afp/coinductive_stream/x2015_09_10_17_24_28_940_1202691.smt_in.smt2
[DEBUG] Benchmark UF/20170428-Barrett/cdt-cade2015/nada/afp/coinductive_stream/x2015_09_10_17_24_28_940_1202691.smt_in.smt2: solved=False, runtime=1200.00s, PAR-2=2400.00s
[DEBUG] Processing 670/2285: UF/sledgehammer/Arrow_Order/uf.732844.smt2
[DEBUG] Predicted solver: Yices2 for benchmark UF/sledgehammer/Arrow_Order/uf.732844.smt2
[DEBUG] Benchmark UF/sledgehammer/Arrow_Order/uf.732844.smt2: solved=True, runtime=0.24s, PAR-2=0.24s
[DEBUG] Processing 671/2285: UF/sledgehammer/Hoare/smtlib.1116572.smt2
[DEBUG] Predicted solver: iProver for benchmark UF/sledgehammer/Hoare/smtlib.1116572.smt2
[DEBUG] Benchmark UF/sledgehammer/Hoare/smtlib.1116572.smt2: solved=True, runtime=2.39s, PAR-2=2.39s
[DEBUG] Processing 672/2285: UF/sledgehammer/TypeSafe/uf.996401.smt2
[DEBUG] Predicted solver: Yices2 for benchmark UF/sledgehammer/TypeSafe/uf.996401.smt2
[DEBUG] Benchmark UF/sledgehammer/TypeSafe/uf.996401.smt2: solved=True, runtime=0.24s, PAR-2=0.24s
[DEBUG] Processing 673/2285: UF/sledgehammer/Hoare/uf.634377.smt2
[DEBUG] Predicted solver: iProver for benchmark UF/sledgehammer/Hoare/uf.634377.smt2
[DEBUG] Benchmark UF/sledgehammer/Hoare/uf.634377.smt2: solved=True, runtime=52.44s, PAR-2=52.44s
[DEBUG] Processing 674/2285: UF/sledgehammer/Fundamental_Theorem_Algebra/uf.1438950.smt2
[DEBUG] Predicted solver: cvc5 for benchmark UF/sledgehammer/Fundamental_Theorem_Algebra/uf.1438950.smt2
[DEBUG] Benchmark UF/sledgehammer/Fundamental_Theorem_Algebra/uf.1438950.smt2: solved=True, runtime=4.64s, PAR-2=4.64s
[DEBUG] Processing 675/2285: UF/sledgehammer/FFT/uf.829247.smt2
[DEBUG] Predicted solver: iProver for benchmark UF/sledgehammer/FFT/uf.829247.smt2
[DEBUG] Benchmark UF/sledgehammer/FFT/uf.829247.smt2: solved=True, runtime=8.42s, PAR-2=8.42s
[DEBUG] Processing 676/2285: UF/20170428-Barrett/cdt-cade2015/nada/distro/gram_lang/x2015_09_10_16_48_37_874_1139227.smt_in.smt2
[DEBUG] Predicted solver: cvc5 for benchmark UF/20170428-Barrett/cdt-cade2015/nada/distro/gram_lang/x2015_09_10_16_48_37_874_1139227.smt_in.smt2
[DEBUG] Benchmark UF/20170428-Barrett/cdt-cade2015/nada/distro/gram_lang/x2015_09_10_16_48_37_874_1139227.smt_in.smt2: solved=True, runtime=0.35s, PAR-2=0.35s
[DEBUG] Processing 677/2285: UF/sledgehammer/QEpres/uf.1101998.smt2
[DEBUG] Predicted solver: Yices2 for benchmark UF/sledgehammer/QEpres/uf.1101998.smt2
[DEBUG] Benchmark UF/sledgehammer/QEpres/uf.1101998.smt2: solved=False, runtime=1200.00s, PAR-2=2400.00s
[DEBUG] Processing 678/2285: UF/sledgehammer/TwoSquares/uf.612172.smt2
[DEBUG] Predicted solver: iProver for benchmark UF/sledgehammer/TwoSquares/uf.612172.smt2
[DEBUG] Benchmark UF/sledgehammer/TwoSquares/uf.612172.smt2: solved=False, runtime=1200.00s, PAR-2=2400.00s
[DEBUG] Processing 679/2285: UF/sledgehammer/TwoSquares/uf.753499.smt2
[DEBUG] Predicted solver: iProver for benchmark UF/sledgehammer/TwoSquares/uf.753499.smt2
[DEBUG] Benchmark UF/sledgehammer/TwoSquares/uf.753499.smt2: solved=False, runtime=1200.00s, PAR-2=2400.00s
[DEBUG] Processing 680/2285: UF/20170428-Barrett/cdt-cade2015/nada/distro/process/x2015_09_10_16_46_31_107_1053871.smt_in.smt2
[DEBUG] Predicted solver: Yices2 for benchmark UF/20170428-Barrett/cdt-cade2015/nada/distro/process/x2015_09_10_16_46_31_107_1053871.smt_in.smt2
[DEBUG] Benchmark UF/20170428-Barrett/cdt-cade2015/nada/distro/process/x2015_09_10_16_46_31_107_1053871.smt_in.smt2: solved=False, runtime=1200.00s, PAR-2=2400.00s
[DEBUG] Processing 681/2285: UF/sledgehammer/Hoare/uf.887983.smt2
[DEBUG] Predicted solver: iProver for benchmark UF/sledgehammer/Hoare/uf.887983.smt2
[DEBUG] Benchmark UF/sledgehammer/Hoare/uf.887983.smt2: solved=True, runtime=0.85s, PAR-2=0.85s
[DEBUG] Processing 682/2285: UF/20170428-Barrett/cdt-cade2015/nada/afp/coinductive_list/x2015_09_10_16_52_36_825_1244797.smt_in.smt2
[DEBUG] Predicted solver: cvc5 for benchmark UF/20170428-Barrett/cdt-cade2015/nada/afp/coinductive_list/x2015_09_10_16_52_36_825_1244797.smt_in.smt2
[DEBUG] Benchmark UF/20170428-Barrett/cdt-cade2015/nada/afp/coinductive_list/x2015_09_10_16_52_36_825_1244797.smt_in.smt2: solved=False, runtime=1200.00s, PAR-2=2400.00s
[DEBUG] Processing 683/2285: UF/sledgehammer/Fundamental_Theorem_Algebra/uf.1273113.smt2
[DEBUG] Predicted solver: Yices2 for benchmark UF/sledgehammer/Fundamental_Theorem_Algebra/uf.1273113.smt2
[DEBUG] Benchmark UF/sledgehammer/Fundamental_Theorem_Algebra/uf.1273113.smt2: solved=False, runtime=1200.00s, PAR-2=2400.00s
[DEBUG] Processing 684/2285: UF/20170428-Barrett/cdt-cade2015/nada/afp/coinductive_list/x2015_09_10_17_02_33_609_1837431.smt_in.smt2
[DEBUG] Predicted solver: cvc5 for benchmark UF/20170428-Barrett/cdt-cade2015/nada/afp/coinductive_list/x2015_09_10_17_02_33_609_1837431.smt_in.smt2
[DEBUG] Benchmark UF/20170428-Barrett/cdt-cade2015/nada/afp/coinductive_list/x2015_09_10_17_02_33_609_1837431.smt_in.smt2: solved=False, runtime=1200.00s, PAR-2=2400.00s
[DEBUG] Processing 685/2285: UF/sledgehammer/Hoare/uf.1013778.smt2
[DEBUG] Predicted solver: cvc5 for benchmark UF/sledgehammer/Hoare/uf.1013778.smt2
[DEBUG] Benchmark UF/sledgehammer/Hoare/uf.1013778.smt2: solved=True, runtime=0.37s, PAR-2=0.37s
[DEBUG] Processing 686/2285: UF/20170428-Barrett/cdt-cade2015/nada/distro/gram_lang/x2015_09_10_16_54_57_922_1505421.smt_in.smt2
[DEBUG] Predicted solver: Yices2 for benchmark UF/20170428-Barrett/cdt-cade2015/nada/distro/gram_lang/x2015_09_10_16_54_57_922_1505421.smt_in.smt2
[DEBUG] Benchmark UF/20170428-Barrett/cdt-cade2015/nada/distro/gram_lang/x2015_09_10_16_54_57_922_1505421.smt_in.smt2: solved=False, runtime=1200.00s, PAR-2=2400.00s
[DEBUG] Processing 687/2285: UF/sledgehammer/StrongNorm/uf.817528.smt2
[DEBUG] Predicted solver: Yices2 for benchmark UF/sledgehammer/StrongNorm/uf.817528.smt2
[DEBUG] Benchmark UF/sledgehammer/StrongNorm/uf.817528.smt2: solved=False, runtime=1200.00s, PAR-2=2400.00s
[DEBUG] Processing 688/2285: UF/sledgehammer/FFT/uf.755388.smt2
[DEBUG] Predicted solver: iProver for benchmark UF/sledgehammer/FFT/uf.755388.smt2
[DEBUG] Benchmark UF/sledgehammer/FFT/uf.755388.smt2: solved=False, runtime=1200.00s, PAR-2=2400.00s
[DEBUG] Processing 689/2285: UF/20170428-Barrett/cdt-cade2015/nada/distro/stream/x2015_09_10_16_48_37_541_1108827.smt_in.smt2
[DEBUG] Predicted solver: Yices2 for benchmark UF/20170428-Barrett/cdt-cade2015/nada/distro/stream/x2015_09_10_16_48_37_541_1108827.smt_in.smt2
[DEBUG] Benchmark UF/20170428-Barrett/cdt-cade2015/nada/distro/stream/x2015_09_10_16_48_37_541_1108827.smt_in.smt2: solved=True, runtime=1.03s, PAR-2=1.03s
[DEBUG] Processing 690/2285: UF/sledgehammer/Arrow_Order/uf.741565.smt2
[DEBUG] Predicted solver: cvc5 for benchmark UF/sledgehammer/Arrow_Order/uf.741565.smt2
[DEBUG] Benchmark UF/sledgehammer/Arrow_Order/uf.741565.smt2: solved=False, runtime=1200.00s, PAR-2=2400.00s
[DEBUG] Processing 691/2285: UF/sledgehammer/Hoare/uf.673457.smt2
[DEBUG] Predicted solver: iProver for benchmark UF/sledgehammer/Hoare/uf.673457.smt2
[DEBUG] Benchmark UF/sledgehammer/Hoare/uf.673457.smt2: solved=True, runtime=1067.92s, PAR-2=1067.92s
[DEBUG] Processing 692/2285: UF/sledgehammer/NS_Shared/uf.571136.smt2
[DEBUG] Predicted solver: iProver for benchmark UF/sledgehammer/NS_Shared/uf.571136.smt2
[DEBUG] Benchmark UF/sledgehammer/NS_Shared/uf.571136.smt2: solved=False, runtime=1200.00s, PAR-2=2400.00s
[DEBUG] Processing 693/2285: UF/sledgehammer/StrongNorm/uf.566001.smt2
[DEBUG] Predicted solver: iProver for benchmark UF/sledgehammer/StrongNorm/uf.566001.smt2
[DEBUG] Benchmark UF/sledgehammer/StrongNorm/uf.566001.smt2: solved=False, runtime=1200.00s, PAR-2=2400.00s
[DEBUG] Processing 694/2285: UF/sledgehammer/NS_Shared/smtlib.875467.smt2
[DEBUG] Predicted solver: iProver for benchmark UF/sledgehammer/NS_Shared/smtlib.875467.smt2
[DEBUG] Benchmark UF/sledgehammer/NS_Shared/smtlib.875467.smt2: solved=False, runtime=1200.00s, PAR-2=2400.00s
[DEBUG] Processing 695/2285: UF/20170428-Barrett/cdt-cade2015/nada/afp/coinductive_list/x2015_09_10_17_08_01_970_2285816.smt_in.smt2
[DEBUG] Predicted solver: Yices2 for benchmark UF/20170428-Barrett/cdt-cade2015/nada/afp/coinductive_list/x2015_09_10_17_08_01_970_2285816.smt_in.smt2
[DEBUG] Benchmark UF/20170428-Barrett/cdt-cade2015/nada/afp/coinductive_list/x2015_09_10_17_08_01_970_2285816.smt_in.smt2: solved=False, runtime=1200.00s, PAR-2=2400.00s
[DEBUG] Processing 696/2285: UF/20170428-Barrett/cdt-cade2015/nada/distro/gram_lang/x2015_09_10_16_49_27_765_1198026.smt_in.smt2
[DEBUG] Predicted solver: Yices2 for benchmark UF/20170428-Barrett/cdt-cade2015/nada/distro/gram_lang/x2015_09_10_16_49_27_765_1198026.smt_in.smt2
[DEBUG] Benchmark UF/20170428-Barrett/cdt-cade2015/nada/distro/gram_lang/x2015_09_10_16_49_27_765_1198026.smt_in.smt2: solved=False, runtime=1200.00s, PAR-2=2400.00s
[DEBUG] Processing 697/2285: UF/sledgehammer/Fundamental_Theorem_Algebra/uf.1183270.smt2
[DEBUG] Predicted solver: cvc5 for benchmark UF/sledgehammer/Fundamental_Theorem_Algebra/uf.1183270.smt2
[DEBUG] Benchmark UF/sledgehammer/Fundamental_Theorem_Algebra/uf.1183270.smt2: solved=True, runtime=0.35s, PAR-2=0.35s
[DEBUG] Processing 698/2285: UF/sledgehammer/FFT/uf.751835.smt2
[DEBUG] Predicted solver: cvc5 for benchmark UF/sledgehammer/FFT/uf.751835.smt2
[DEBUG] Benchmark UF/sledgehammer/FFT/uf.751835.smt2: solved=True, runtime=1.18s, PAR-2=1.18s
[DEBUG] Processing 699/2285: UF/sledgehammer/FFT/uf.762495.smt2
[DEBUG] Predicted solver: iProver for benchmark UF/sledgehammer/FFT/uf.762495.smt2
[DEBUG] Benchmark UF/sledgehammer/FFT/uf.762495.smt2: solved=False, runtime=1200.00s, PAR-2=2400.00s
[DEBUG] Processing 700/2285: UF/sledgehammer/Hoare/uf.651953.smt2
[DEBUG] Predicted solver: cvc5 for benchmark UF/sledgehammer/Hoare/uf.651953.smt2
[DEBUG] Benchmark UF/sledgehammer/Hoare/uf.651953.smt2: solved=True, runtime=0.34s, PAR-2=0.34s
[DEBUG] Processing 701/2285: UF/sledgehammer/FFT/uf.649232.smt2
[DEBUG] Predicted solver: iProver for benchmark UF/sledgehammer/FFT/uf.649232.smt2
[DEBUG] Benchmark UF/sledgehammer/FFT/uf.649232.smt2: solved=False, runtime=1200.00s, PAR-2=2400.00s
[DEBUG] Processing 702/2285: UF/20170428-Barrett/cdt-cade2015/nada/distro/rbt_impl/x2015_09_10_16_59_55_994_1952730.smt_in.smt2
[DEBUG] Predicted solver: Yices2 for benchmark UF/20170428-Barrett/cdt-cade2015/nada/distro/rbt_impl/x2015_09_10_16_59_55_994_1952730.smt_in.smt2
[DEBUG] Benchmark UF/20170428-Barrett/cdt-cade2015/nada/distro/rbt_impl/x2015_09_10_16_59_55_994_1952730.smt_in.smt2: solved=False, runtime=1200.00s, PAR-2=2400.00s
[DEBUG] Processing 703/2285: UF/sledgehammer/Fundamental_Theorem_Algebra/smtlib.716650.smt2
[DEBUG] Predicted solver: cvc5 for benchmark UF/sledgehammer/Fundamental_Theorem_Algebra/smtlib.716650.smt2
[DEBUG] Benchmark UF/sledgehammer/Fundamental_Theorem_Algebra/smtlib.716650.smt2: solved=True, runtime=541.95s, PAR-2=541.95s
[DEBUG] Processing 704/2285: UF/20170428-Barrett/cdt-cade2015/nada/afp/coinductive_list/x2015_09_10_17_10_25_809_2474828.smt_in.smt2
[DEBUG] Predicted solver: cvc5 for benchmark UF/20170428-Barrett/cdt-cade2015/nada/afp/coinductive_list/x2015_09_10_17_10_25_809_2474828.smt_in.smt2
[DEBUG] Benchmark UF/20170428-Barrett/cdt-cade2015/nada/afp/coinductive_list/x2015_09_10_17_10_25_809_2474828.smt_in.smt2: solved=False, runtime=1200.00s, PAR-2=2400.00s
[DEBUG] Processing 705/2285: UF/grasshopper/uninstantiated/dl_filter_loop_invariant_40_3.smt2
[DEBUG] Predicted solver: Yices2 for benchmark UF/grasshopper/uninstantiated/dl_filter_loop_invariant_40_3.smt2
[DEBUG] Benchmark UF/grasshopper/uninstantiated/dl_filter_loop_invariant_40_3.smt2: solved=True, runtime=63.32s, PAR-2=63.32s
[DEBUG] Processing 706/2285: UF/sledgehammer/QEpres/uf.812834.smt2
[DEBUG] Predicted solver: Yices2 for benchmark UF/sledgehammer/QEpres/uf.812834.smt2
[DEBUG] Benchmark UF/sledgehammer/QEpres/uf.812834.smt2: solved=False, runtime=1200.00s, PAR-2=2400.00s
[DEBUG] Processing 707/2285: UF/sledgehammer/NS_Shared/smtlib.716984.smt2
[DEBUG] Predicted solver: iProver for benchmark UF/sledgehammer/NS_Shared/smtlib.716984.smt2
[DEBUG] Benchmark UF/sledgehammer/NS_Shared/smtlib.716984.smt2: solved=False, runtime=1200.00s, PAR-2=2400.00s
[DEBUG] Processing 708/2285: UF/sledgehammer/Fundamental_Theorem_Algebra/uf.1325129.smt2
[DEBUG] Predicted solver: iProver for benchmark UF/sledgehammer/Fundamental_Theorem_Algebra/uf.1325129.smt2
[DEBUG] Benchmark UF/sledgehammer/Fundamental_Theorem_Algebra/uf.1325129.smt2: solved=True, runtime=0.90s, PAR-2=0.90s
[DEBUG] Processing 709/2285: UF/20170428-Barrett/cdt-cade2015/nada/distro/stream/x2015_09_10_16_48_55_461_1130607.smt_in.smt2
[DEBUG] Predicted solver: Yices2 for benchmark UF/20170428-Barrett/cdt-cade2015/nada/distro/stream/x2015_09_10_16_48_55_461_1130607.smt_in.smt2
[DEBUG] Benchmark UF/20170428-Barrett/cdt-cade2015/nada/distro/stream/x2015_09_10_16_48_55_461_1130607.smt_in.smt2: solved=False, runtime=1200.00s, PAR-2=2400.00s
[DEBUG] Processing 710/2285: UF/20170428-Barrett/cdt-cade2015/nada/afp/coinductive_stream/x2015_09_10_17_22_11_824_1076413.smt_in.smt2
[DEBUG] Predicted solver: cvc5 for benchmark UF/20170428-Barrett/cdt-cade2015/nada/afp/coinductive_stream/x2015_09_10_17_22_11_824_1076413.smt_in.smt2
[DEBUG] Benchmark UF/20170428-Barrett/cdt-cade2015/nada/afp/coinductive_stream/x2015_09_10_17_22_11_824_1076413.smt_in.smt2: solved=True, runtime=0.35s, PAR-2=0.35s
[DEBUG] Processing 711/2285: UF/sledgehammer/FFT/uf.711720.smt2
[DEBUG] Predicted solver: iProver for benchmark UF/sledgehammer/FFT/uf.711720.smt2
[DEBUG] Benchmark UF/sledgehammer/FFT/uf.711720.smt2: solved=False, runtime=1200.00s, PAR-2=2400.00s
[DEBUG] Processing 712/2285: UF/20170428-Barrett/cdt-cade2015/nada/distro/gram_lang/x2015_09_10_16_46_46_462_1019088.smt_in.smt2
[DEBUG] Predicted solver: cvc5 for benchmark UF/20170428-Barrett/cdt-cade2015/nada/distro/gram_lang/x2015_09_10_16_46_46_462_1019088.smt_in.smt2
[DEBUG] Benchmark UF/20170428-Barrett/cdt-cade2015/nada/distro/gram_lang/x2015_09_10_16_46_46_462_1019088.smt_in.smt2: solved=True, runtime=0.31s, PAR-2=0.31s
[DEBUG] Processing 713/2285: UF/sledgehammer/Fundamental_Theorem_Algebra/uf.805406.smt2
[DEBUG] Predicted solver: iProver for benchmark UF/sledgehammer/Fundamental_Theorem_Algebra/uf.805406.smt2
[DEBUG] Benchmark UF/sledgehammer/Fundamental_Theorem_Algebra/uf.805406.smt2: solved=True, runtime=5.41s, PAR-2=5.41s
[DEBUG] Processing 714/2285: UF/sledgehammer/Fundamental_Theorem_Algebra/smtlib.1020149.smt2
[DEBUG] Predicted solver: iProver for benchmark UF/sledgehammer/Fundamental_Theorem_Algebra/smtlib.1020149.smt2
[DEBUG] Benchmark UF/sledgehammer/Fundamental_Theorem_Algebra/smtlib.1020149.smt2: solved=False, runtime=1200.00s, PAR-2=2400.00s
[DEBUG] Processing 715/2285: UF/sledgehammer/TypeSafe/smtlib.1496217.smt2
[DEBUG] Predicted solver: Yices2 for benchmark UF/sledgehammer/TypeSafe/smtlib.1496217.smt2
[DEBUG] Benchmark UF/sledgehammer/TypeSafe/smtlib.1496217.smt2: solved=True, runtime=0.25s, PAR-2=0.25s
[DEBUG] Processing 716/2285: UF/20170428-Barrett/cdt-cade2015/nada/afp/coinductive_stream/x2015_09_10_17_24_09_404_1186086.smt_in.smt2
[DEBUG] Predicted solver: Yices2 for benchmark UF/20170428-Barrett/cdt-cade2015/nada/afp/coinductive_stream/x2015_09_10_17_24_09_404_1186086.smt_in.smt2
[DEBUG] Benchmark UF/20170428-Barrett/cdt-cade2015/nada/afp/coinductive_stream/x2015_09_10_17_24_09_404_1186086.smt_in.smt2: solved=False, runtime=1200.00s, PAR-2=2400.00s
[DEBUG] Processing 717/2285: UF/sledgehammer/TwoSquares/uf.746796.smt2
[DEBUG] Predicted solver: iProver for benchmark UF/sledgehammer/TwoSquares/uf.746796.smt2
[DEBUG] Benchmark UF/sledgehammer/TwoSquares/uf.746796.smt2: solved=False, runtime=1200.00s, PAR-2=2400.00s
[DEBUG] Processing 718/2285: UF/20201221-induction-by-reflection-schoisswohl/reflectiveInductive/appendMonoton.smt2
[DEBUG] Predicted solver: iProver for benchmark UF/20201221-induction-by-reflection-schoisswohl/reflectiveInductive/appendMonoton.smt2
[DEBUG] Benchmark UF/20201221-induction-by-reflection-schoisswohl/reflectiveInductive/appendMonoton.smt2: solved=False, runtime=1200.00s, PAR-2=2400.00s
[DEBUG] Processing 719/2285: UF/20170428-Barrett/cdt-cade2015/nada/distro/stream/x2015_09_10_16_47_25_148_1031053.smt_in.smt2
[DEBUG] Predicted solver: iProver for benchmark UF/20170428-Barrett/cdt-cade2015/nada/distro/stream/x2015_09_10_16_47_25_148_1031053.smt_in.smt2
[DEBUG] Benchmark UF/20170428-Barrett/cdt-cade2015/nada/distro/stream/x2015_09_10_16_47_25_148_1031053.smt_in.smt2: solved=False, runtime=1200.00s, PAR-2=2400.00s
[DEBUG] Processing 720/2285: UF/20170428-Barrett/cdt-cade2015/nada/afp/coinductive_list/x2015_09_10_17_14_57_132_2720500.smt_in.smt2
[DEBUG] Predicted solver: Yices2 for benchmark UF/20170428-Barrett/cdt-cade2015/nada/afp/coinductive_list/x2015_09_10_17_14_57_132_2720500.smt_in.smt2
[DEBUG] Benchmark UF/20170428-Barrett/cdt-cade2015/nada/afp/coinductive_list/x2015_09_10_17_14_57_132_2720500.smt_in.smt2: solved=False, runtime=1200.00s, PAR-2=2400.00s
[DEBUG] Processing 721/2285: UF/20170428-Barrett/cdt-cade2015/nada/distro/rbt_impl/x2015_09_10_16_59_02_895_1871234.smt_in.smt2
[DEBUG] Predicted solver: cvc5 for benchmark UF/20170428-Barrett/cdt-cade2015/nada/distro/rbt_impl/x2015_09_10_16_59_02_895_1871234.smt_in.smt2
[DEBUG] Benchmark UF/20170428-Barrett/cdt-cade2015/nada/distro/rbt_impl/x2015_09_10_16_59_02_895_1871234.smt_in.smt2: solved=True, runtime=0.80s, PAR-2=0.80s
[DEBUG] Processing 722/2285: UF/20170428-Barrett/cdt-cade2015/nada/distro/gram_lang/x2015_09_10_16_49_58_321_1226378.smt_in.smt2
[DEBUG] Predicted solver: Yices2 for benchmark UF/20170428-Barrett/cdt-cade2015/nada/distro/gram_lang/x2015_09_10_16_49_58_321_1226378.smt_in.smt2
[DEBUG] Benchmark UF/20170428-Barrett/cdt-cade2015/nada/distro/gram_lang/x2015_09_10_16_49_58_321_1226378.smt_in.smt2: solved=False, runtime=1200.00s, PAR-2=2400.00s
[DEBUG] Processing 723/2285: UF/sledgehammer/Hoare/uf.1135670.smt2
[DEBUG] Predicted solver: cvc5 for benchmark UF/sledgehammer/Hoare/uf.1135670.smt2
[DEBUG] Benchmark UF/sledgehammer/Hoare/uf.1135670.smt2: solved=True, runtime=0.43s, PAR-2=0.43s
[DEBUG] Processing 724/2285: UF/20170428-Barrett/cdt-cade2015/nada/afp/tllist/x2015_09_10_16_57_50_915_1169708.smt_in.smt2
[DEBUG] Predicted solver: cvc5 for benchmark UF/20170428-Barrett/cdt-cade2015/nada/afp/tllist/x2015_09_10_16_57_50_915_1169708.smt_in.smt2
[DEBUG] Benchmark UF/20170428-Barrett/cdt-cade2015/nada/afp/tllist/x2015_09_10_16_57_50_915_1169708.smt_in.smt2: solved=False, runtime=1200.00s, PAR-2=2400.00s
[DEBUG] Processing 725/2285: UF/20170428-Barrett/cdt-cade2015/nada/distro/stream_processor/x2015_09_10_16_45_56_187_1002480.smt_in.smt2
[DEBUG] Predicted solver: cvc5 for benchmark UF/20170428-Barrett/cdt-cade2015/nada/distro/stream_processor/x2015_09_10_16_45_56_187_1002480.smt_in.smt2
[DEBUG] Benchmark UF/20170428-Barrett/cdt-cade2015/nada/distro/stream_processor/x2015_09_10_16_45_56_187_1002480.smt_in.smt2: solved=False, runtime=1200.00s, PAR-2=2400.00s
[DEBUG] Processing 726/2285: UF/sledgehammer/Fundamental_Theorem_Algebra/uf.903234.smt2
[DEBUG] Predicted solver: cvc5 for benchmark UF/sledgehammer/Fundamental_Theorem_Algebra/uf.903234.smt2
[DEBUG] Benchmark UF/sledgehammer/Fundamental_Theorem_Algebra/uf.903234.smt2: solved=True, runtime=0.26s, PAR-2=0.26s
[DEBUG] Processing 727/2285: UF/20170428-Barrett/cdt-cade2015/nada/afp/coinductive_list/x2015_09_10_16_58_32_674_1564116.smt_in.smt2
[DEBUG] Predicted solver: cvc5 for benchmark UF/20170428-Barrett/cdt-cade2015/nada/afp/coinductive_list/x2015_09_10_16_58_32_674_1564116.smt_in.smt2
[DEBUG] Benchmark UF/20170428-Barrett/cdt-cade2015/nada/afp/coinductive_list/x2015_09_10_16_58_32_674_1564116.smt_in.smt2: solved=True, runtime=391.61s, PAR-2=391.61s
[DEBUG] Processing 728/2285: UF/sledgehammer/FFT/uf.738983.smt2
[DEBUG] Predicted solver: cvc5 for benchmark UF/sledgehammer/FFT/uf.738983.smt2
[DEBUG] Benchmark UF/sledgehammer/FFT/uf.738983.smt2: solved=False, runtime=1200.00s, PAR-2=2400.00s
[DEBUG] Processing 729/2285: UF/sledgehammer/Hoare/uf.699041.smt2
[DEBUG] Predicted solver: iProver for benchmark UF/sledgehammer/Hoare/uf.699041.smt2
[DEBUG] Benchmark UF/sledgehammer/Hoare/uf.699041.smt2: solved=False, runtime=1200.00s, PAR-2=2400.00s
[DEBUG] Processing 730/2285: UF/20170428-Barrett/cdt-cade2015/nada/distro/rbt_impl/x2015_09_10_16_59_52_448_1944235.smt_in.smt2
[DEBUG] Predicted solver: cvc5 for benchmark UF/20170428-Barrett/cdt-cade2015/nada/distro/rbt_impl/x2015_09_10_16_59_52_448_1944235.smt_in.smt2
[DEBUG] Benchmark UF/20170428-Barrett/cdt-cade2015/nada/distro/rbt_impl/x2015_09_10_16_59_52_448_1944235.smt_in.smt2: solved=True, runtime=541.00s, PAR-2=541.00s
[DEBUG] Processing 731/2285: UF/sledgehammer/FFT/uf.772683.smt2
[DEBUG] Predicted solver: iProver for benchmark UF/sledgehammer/FFT/uf.772683.smt2
[DEBUG] Benchmark UF/sledgehammer/FFT/uf.772683.smt2: solved=False, runtime=1200.00s, PAR-2=2400.00s
[DEBUG] Processing 732/2285: UF/sledgehammer/Arrow_Order/uf.851907.smt2
[DEBUG] Predicted solver: iProver for benchmark UF/sledgehammer/Arrow_Order/uf.851907.smt2
[DEBUG] Benchmark UF/sledgehammer/Arrow_Order/uf.851907.smt2: solved=False, runtime=1200.00s, PAR-2=2400.00s
[DEBUG] Processing 733/2285: UF/20170428-Barrett/cdt-cade2015/nada/distro/gram_lang/x2015_09_10_16_55_59_932_1575523.smt_in.smt2
[DEBUG] Predicted solver: Yices2 for benchmark UF/20170428-Barrett/cdt-cade2015/nada/distro/gram_lang/x2015_09_10_16_55_59_932_1575523.smt_in.smt2
[DEBUG] Benchmark UF/20170428-Barrett/cdt-cade2015/nada/distro/gram_lang/x2015_09_10_16_55_59_932_1575523.smt_in.smt2: solved=False, runtime=1200.00s, PAR-2=2400.00s
[DEBUG] Processing 734/2285: UF/20170428-Barrett/cdt-cade2015/nada/afp/abstract_completeness/x2015_09_10_17_00_11_120_1078490.smt_in.smt2
[DEBUG] Predicted solver: cvc5 for benchmark UF/20170428-Barrett/cdt-cade2015/nada/afp/abstract_completeness/x2015_09_10_17_00_11_120_1078490.smt_in.smt2
[DEBUG] Benchmark UF/20170428-Barrett/cdt-cade2015/nada/afp/abstract_completeness/x2015_09_10_17_00_11_120_1078490.smt_in.smt2: solved=False, runtime=1200.00s, PAR-2=2400.00s
[DEBUG] Processing 735/2285: UF/sledgehammer/Arrow_Order/uf.751785.smt2
[DEBUG] Predicted solver: cvc5 for benchmark UF/sledgehammer/Arrow_Order/uf.751785.smt2
[DEBUG] Benchmark UF/sledgehammer/Arrow_Order/uf.751785.smt2: solved=True, runtime=20.44s, PAR-2=20.44s
[DEBUG] Processing 736/2285: UF/sledgehammer/Fundamental_Theorem_Algebra/uf.669381.smt2
[DEBUG] Predicted solver: iProver for benchmark UF/sledgehammer/Fundamental_Theorem_Algebra/uf.669381.smt2
[DEBUG] Benchmark UF/sledgehammer/Fundamental_Theorem_Algebra/uf.669381.smt2: solved=False, runtime=1200.00s, PAR-2=2400.00s
[DEBUG] Processing 737/2285: UF/sledgehammer/StrongNorm/uf.567801.smt2
[DEBUG] Predicted solver: Yices2 for benchmark UF/sledgehammer/StrongNorm/uf.567801.smt2
[DEBUG] Benchmark UF/sledgehammer/StrongNorm/uf.567801.smt2: solved=False, runtime=1200.00s, PAR-2=2400.00s
[DEBUG] Processing 738/2285: UF/sledgehammer/TwoSquares/uf.733975.smt2
[DEBUG] Predicted solver: iProver for benchmark UF/sledgehammer/TwoSquares/uf.733975.smt2
[DEBUG] Benchmark UF/sledgehammer/TwoSquares/uf.733975.smt2: solved=False, runtime=1200.00s, PAR-2=2400.00s
[DEBUG] Processing 739/2285: UF/sledgehammer/QEpres/uf.686523.smt2
[DEBUG] Predicted solver: cvc5 for benchmark UF/sledgehammer/QEpres/uf.686523.smt2
[DEBUG] Benchmark UF/sledgehammer/QEpres/uf.686523.smt2: solved=False, runtime=1200.00s, PAR-2=2400.00s
[DEBUG] Processing 740/2285: UF/sledgehammer/FFT/uf.582540.smt2
[DEBUG] Predicted solver: iProver for benchmark UF/sledgehammer/FFT/uf.582540.smt2
[DEBUG] Benchmark UF/sledgehammer/FFT/uf.582540.smt2: solved=False, runtime=1200.00s, PAR-2=2400.00s
[DEBUG] Processing 741/2285: UF/20170428-Barrett/cdt-cade2015/nada/afp/coinductive_stream/x2015_09_10_17_22_13_447_1077932.smt_in.smt2
[DEBUG] Predicted solver: cvc5 for benchmark UF/20170428-Barrett/cdt-cade2015/nada/afp/coinductive_stream/x2015_09_10_17_22_13_447_1077932.smt_in.smt2
[DEBUG] Benchmark UF/20170428-Barrett/cdt-cade2015/nada/afp/coinductive_stream/x2015_09_10_17_22_13_447_1077932.smt_in.smt2: solved=False, runtime=1200.00s, PAR-2=2400.00s
[DEBUG] Processing 742/2285: UF/20170428-Barrett/cdt-cade2015/nada/afp/coinductive_list/x2015_09_10_17_05_32_637_2076751.smt_in.smt2
[DEBUG] Predicted solver: Yices2 for benchmark UF/20170428-Barrett/cdt-cade2015/nada/afp/coinductive_list/x2015_09_10_17_05_32_637_2076751.smt_in.smt2
[DEBUG] Benchmark UF/20170428-Barrett/cdt-cade2015/nada/afp/coinductive_list/x2015_09_10_17_05_32_637_2076751.smt_in.smt2: solved=False, runtime=1200.00s, PAR-2=2400.00s
[DEBUG] Processing 743/2285: UF/20170428-Barrett/cdt-cade2015/nada/afp/huffman/x2015_09_10_16_49_57_278_1218963.smt_in.smt2
[DEBUG] Predicted solver: iProver for benchmark UF/20170428-Barrett/cdt-cade2015/nada/afp/huffman/x2015_09_10_16_49_57_278_1218963.smt_in.smt2
[DEBUG] Benchmark UF/20170428-Barrett/cdt-cade2015/nada/afp/huffman/x2015_09_10_16_49_57_278_1218963.smt_in.smt2: solved=False, runtime=1200.00s, PAR-2=2400.00s
[DEBUG] Processing 744/2285: UF/20170428-Barrett/cdt-cade2015/nada/afp/coinductive_list/x2015_09_10_17_00_40_413_1691852.smt_in.smt2
[DEBUG] Predicted solver: cvc5 for benchmark UF/20170428-Barrett/cdt-cade2015/nada/afp/coinductive_list/x2015_09_10_17_00_40_413_1691852.smt_in.smt2
[DEBUG] Benchmark UF/20170428-Barrett/cdt-cade2015/nada/afp/coinductive_list/x2015_09_10_17_00_40_413_1691852.smt_in.smt2: solved=True, runtime=0.31s, PAR-2=0.31s
[DEBUG] Processing 745/2285: UF/sledgehammer/Arrow_Order/uf.850780.smt2
[DEBUG] Predicted solver: cvc5 for benchmark UF/sledgehammer/Arrow_Order/uf.850780.smt2
[DEBUG] Benchmark UF/sledgehammer/Arrow_Order/uf.850780.smt2: solved=True, runtime=19.78s, PAR-2=19.78s
[DEBUG] Processing 746/2285: UF/grasshopper/uninstantiated/insert_loop_invariant_24_5.smt2
[DEBUG] Predicted solver: Yices2 for benchmark UF/grasshopper/uninstantiated/insert_loop_invariant_24_5.smt2
[DEBUG] Benchmark UF/grasshopper/uninstantiated/insert_loop_invariant_24_5.smt2: solved=True, runtime=0.45s, PAR-2=0.45s
[DEBUG] Processing 747/2285: UF/sledgehammer/FFT/uf.694777.smt2
[DEBUG] Predicted solver: iProver for benchmark UF/sledgehammer/FFT/uf.694777.smt2
[DEBUG] Benchmark UF/sledgehammer/FFT/uf.694777.smt2: solved=False, runtime=1200.00s, PAR-2=2400.00s
[DEBUG] Processing 748/2285: UF/sledgehammer/StrongNorm/uf.576139.smt2
[DEBUG] Predicted solver: iProver for benchmark UF/sledgehammer/StrongNorm/uf.576139.smt2
[DEBUG] Benchmark UF/sledgehammer/StrongNorm/uf.576139.smt2: solved=False, runtime=1200.00s, PAR-2=2400.00s
[DEBUG] Processing 749/2285: UF/sledgehammer/Hoare/uf.1044599.smt2
[DEBUG] Predicted solver: Yices2 for benchmark UF/sledgehammer/Hoare/uf.1044599.smt2
[DEBUG] Benchmark UF/sledgehammer/Hoare/uf.1044599.smt2: solved=False, runtime=1200.00s, PAR-2=2400.00s
[DEBUG] Processing 750/2285: UF/sledgehammer/QEpres/uf.854397.smt2
[DEBUG] Predicted solver: iProver for benchmark UF/sledgehammer/QEpres/uf.854397.smt2
[DEBUG] Benchmark UF/sledgehammer/QEpres/uf.854397.smt2: solved=False, runtime=1200.00s, PAR-2=2400.00s
[DEBUG] Processing 751/2285: UF/sledgehammer/Hoare/uf.1106623.smt2
[DEBUG] Predicted solver: iProver for benchmark UF/sledgehammer/Hoare/uf.1106623.smt2
[DEBUG] Benchmark UF/sledgehammer/Hoare/uf.1106623.smt2: solved=False, runtime=1200.00s, PAR-2=2400.00s
[DEBUG] Processing 752/2285: UF/sledgehammer/Hoare/uf.742625.smt2
[DEBUG] Predicted solver: iProver for benchmark UF/sledgehammer/Hoare/uf.742625.smt2
[DEBUG] Benchmark UF/sledgehammer/Hoare/uf.742625.smt2: solved=False, runtime=1200.00s, PAR-2=2400.00s
[DEBUG] Processing 753/2285: UF/sledgehammer/Hoare/uf.1185881.smt2
[DEBUG] Predicted solver: iProver for benchmark UF/sledgehammer/Hoare/uf.1185881.smt2
[DEBUG] Benchmark UF/sledgehammer/Hoare/uf.1185881.smt2: solved=True, runtime=0.84s, PAR-2=0.84s
[DEBUG] Processing 754/2285: UF/sledgehammer/Fundamental_Theorem_Algebra/uf.1242158.smt2
[DEBUG] Predicted solver: cvc5 for benchmark UF/sledgehammer/Fundamental_Theorem_Algebra/uf.1242158.smt2
[DEBUG] Benchmark UF/sledgehammer/Fundamental_Theorem_Algebra/uf.1242158.smt2: solved=False, runtime=1200.00s, PAR-2=2400.00s
[DEBUG] Processing 755/2285: UF/sledgehammer/Fundamental_Theorem_Algebra/uf.1142819.smt2
[DEBUG] Predicted solver: iProver for benchmark UF/sledgehammer/Fundamental_Theorem_Algebra/uf.1142819.smt2
[DEBUG] Benchmark UF/sledgehammer/Fundamental_Theorem_Algebra/uf.1142819.smt2: solved=False, runtime=1200.00s, PAR-2=2400.00s
[DEBUG] Processing 756/2285: UF/sledgehammer/TypeSafe/uf.718073.smt2
[DEBUG] Predicted solver: Yices2 for benchmark UF/sledgehammer/TypeSafe/uf.718073.smt2
[DEBUG] Benchmark UF/sledgehammer/TypeSafe/uf.718073.smt2: solved=False, runtime=1200.00s, PAR-2=2400.00s
[DEBUG] Processing 757/2285: UF/20170428-Barrett/cdt-cade2015/nada/distro/stream_processor/x2015_09_10_16_45_52_312_996048.smt_in.smt2
[DEBUG] Predicted solver: cvc5 for benchmark UF/20170428-Barrett/cdt-cade2015/nada/distro/stream_processor/x2015_09_10_16_45_52_312_996048.smt_in.smt2
[DEBUG] Benchmark UF/20170428-Barrett/cdt-cade2015/nada/distro/stream_processor/x2015_09_10_16_45_52_312_996048.smt_in.smt2: solved=False, runtime=1200.00s, PAR-2=2400.00s
[DEBUG] Processing 758/2285: UF/sledgehammer/QEpres/uf.721948.smt2
[DEBUG] Predicted solver: iProver for benchmark UF/sledgehammer/QEpres/uf.721948.smt2
[DEBUG] Benchmark UF/sledgehammer/QEpres/uf.721948.smt2: solved=True, runtime=0.84s, PAR-2=0.84s
[DEBUG] Processing 759/2285: UF/20170428-Barrett/cdt-cade2015/nada/afp/abstract_completeness/x2015_09_10_16_59_39_090_1045351.smt_in.smt2
[DEBUG] Predicted solver: Yices2 for benchmark UF/20170428-Barrett/cdt-cade2015/nada/afp/abstract_completeness/x2015_09_10_16_59_39_090_1045351.smt_in.smt2
[DEBUG] Benchmark UF/20170428-Barrett/cdt-cade2015/nada/afp/abstract_completeness/x2015_09_10_16_59_39_090_1045351.smt_in.smt2: solved=True, runtime=1.57s, PAR-2=1.57s
[DEBUG] Processing 760/2285: UF/sledgehammer/FFT/uf.854829.smt2
[DEBUG] Predicted solver: iProver for benchmark UF/sledgehammer/FFT/uf.854829.smt2
[DEBUG] Benchmark UF/sledgehammer/FFT/uf.854829.smt2: solved=False, runtime=1200.00s, PAR-2=2400.00s
[DEBUG] Processing 761/2285: UF/20170428-Barrett/cdt-cade2015/nada/afp/coinductive_list/x2015_09_10_16_58_24_443_1557346.smt_in.smt2
[DEBUG] Predicted solver: cvc5 for benchmark UF/20170428-Barrett/cdt-cade2015/nada/afp/coinductive_list/x2015_09_10_16_58_24_443_1557346.smt_in.smt2
[DEBUG] Benchmark UF/20170428-Barrett/cdt-cade2015/nada/afp/coinductive_list/x2015_09_10_16_58_24_443_1557346.smt_in.smt2: solved=False, runtime=1200.00s, PAR-2=2400.00s
[DEBUG] Processing 762/2285: UF/20170428-Barrett/cdt-cade2015/nada/distro/stream/x2015_09_10_16_49_12_091_1150986.smt_in.smt2
[DEBUG] Predicted solver: cvc5 for benchmark UF/20170428-Barrett/cdt-cade2015/nada/distro/stream/x2015_09_10_16_49_12_091_1150986.smt_in.smt2
[DEBUG] Benchmark UF/20170428-Barrett/cdt-cade2015/nada/distro/stream/x2015_09_10_16_49_12_091_1150986.smt_in.smt2: solved=False, runtime=1200.00s, PAR-2=2400.00s
[DEBUG] Processing 763/2285: UF/sledgehammer/Hoare/uf.885352.smt2
[DEBUG] Predicted solver: iProver for benchmark UF/sledgehammer/Hoare/uf.885352.smt2
[DEBUG] Benchmark UF/sledgehammer/Hoare/uf.885352.smt2: solved=True, runtime=0.89s, PAR-2=0.89s
[DEBUG] Processing 764/2285: UF/sledgehammer/Arrow_Order/uf.598789.smt2
[DEBUG] Predicted solver: Yices2 for benchmark UF/sledgehammer/Arrow_Order/uf.598789.smt2
[DEBUG] Benchmark UF/sledgehammer/Arrow_Order/uf.598789.smt2: solved=False, runtime=1200.00s, PAR-2=2400.00s
[DEBUG] Processing 765/2285: UF/sledgehammer/NS_Shared/uf.908433.smt2
[DEBUG] Predicted solver: Yices2 for benchmark UF/sledgehammer/NS_Shared/uf.908433.smt2
[DEBUG] Benchmark UF/sledgehammer/NS_Shared/uf.908433.smt2: solved=False, runtime=1200.00s, PAR-2=2400.00s
[DEBUG] Processing 766/2285: UF/20170428-Barrett/cdt-cade2015/nada/afp/coinductive_list/x2015_09_10_16_57_12_637_1487879.smt_in.smt2
[DEBUG] Predicted solver: cvc5 for benchmark UF/20170428-Barrett/cdt-cade2015/nada/afp/coinductive_list/x2015_09_10_16_57_12_637_1487879.smt_in.smt2
[DEBUG] Benchmark UF/20170428-Barrett/cdt-cade2015/nada/afp/coinductive_list/x2015_09_10_16_57_12_637_1487879.smt_in.smt2: solved=False, runtime=1200.00s, PAR-2=2400.00s
[DEBUG] Processing 767/2285: UF/20170428-Barrett/cdt-cade2015/nada/afp/lmirror/x2015_09_10_16_47_39_061_1070709.smt_in.smt2
[DEBUG] Predicted solver: Yices2 for benchmark UF/20170428-Barrett/cdt-cade2015/nada/afp/lmirror/x2015_09_10_16_47_39_061_1070709.smt_in.smt2
[DEBUG] Benchmark UF/20170428-Barrett/cdt-cade2015/nada/afp/lmirror/x2015_09_10_16_47_39_061_1070709.smt_in.smt2: solved=False, runtime=1200.00s, PAR-2=2400.00s
[DEBUG] Processing 768/2285: UF/20201221-induction-by-reflection-schoisswohl/reflectiveConjecture/currying-0.smt2
[DEBUG] Predicted solver: cvc5 for benchmark UF/20201221-induction-by-reflection-schoisswohl/reflectiveConjecture/currying-0.smt2
[DEBUG] Benchmark UF/20201221-induction-by-reflection-schoisswohl/reflectiveConjecture/currying-0.smt2: solved=True, runtime=0.24s, PAR-2=0.24s
[DEBUG] Processing 769/2285: UF/20170428-Barrett/cdt-cade2015/nada/distro/rbt_impl/x2015_09_10_16_52_45_097_1235586.smt_in.smt2
[DEBUG] Predicted solver: Yices2 for benchmark UF/20170428-Barrett/cdt-cade2015/nada/distro/rbt_impl/x2015_09_10_16_52_45_097_1235586.smt_in.smt2
[DEBUG] Benchmark UF/20170428-Barrett/cdt-cade2015/nada/distro/rbt_impl/x2015_09_10_16_52_45_097_1235586.smt_in.smt2: solved=False, runtime=1200.00s, PAR-2=2400.00s
[DEBUG] Processing 770/2285: UF/20170428-Barrett/cdt-cade2015/nada/distro/stream/x2015_09_10_16_47_22_719_1028972.smt_in.smt2
[DEBUG] Predicted solver: Yices2 for benchmark UF/20170428-Barrett/cdt-cade2015/nada/distro/stream/x2015_09_10_16_47_22_719_1028972.smt_in.smt2
[DEBUG] Benchmark UF/20170428-Barrett/cdt-cade2015/nada/distro/stream/x2015_09_10_16_47_22_719_1028972.smt_in.smt2: solved=False, runtime=1200.00s, PAR-2=2400.00s
[DEBUG] Processing 771/2285: UF/sledgehammer/Fundamental_Theorem_Algebra/uf.580568.smt2
[DEBUG] Predicted solver: iProver for benchmark UF/sledgehammer/Fundamental_Theorem_Algebra/uf.580568.smt2
[DEBUG] Benchmark UF/sledgehammer/Fundamental_Theorem_Algebra/uf.580568.smt2: solved=False, runtime=1200.00s, PAR-2=2400.00s
[DEBUG] Processing 772/2285: UF/sledgehammer/StrongNorm/uf.726932.smt2
[DEBUG] Predicted solver: cvc5 for benchmark UF/sledgehammer/StrongNorm/uf.726932.smt2
[DEBUG] Benchmark UF/sledgehammer/StrongNorm/uf.726932.smt2: solved=False, runtime=1200.00s, PAR-2=2400.00s
[DEBUG] Processing 773/2285: UF/20170428-Barrett/cdt-cade2015/nada/distro/gram_lang/x2015_09_10_16_51_13_804_1292964.smt_in.smt2
[DEBUG] Predicted solver: cvc5 for benchmark UF/20170428-Barrett/cdt-cade2015/nada/distro/gram_lang/x2015_09_10_16_51_13_804_1292964.smt_in.smt2
[DEBUG] Benchmark UF/20170428-Barrett/cdt-cade2015/nada/distro/gram_lang/x2015_09_10_16_51_13_804_1292964.smt_in.smt2: solved=True, runtime=0.35s, PAR-2=0.35s
[DEBUG] Processing 774/2285: UF/20170428-Barrett/cdt-cade2015/nada/distro/gram_lang/x2015_09_10_16_46_30_200_1001391.smt_in.smt2
[DEBUG] Predicted solver: Yices2 for benchmark UF/20170428-Barrett/cdt-cade2015/nada/distro/gram_lang/x2015_09_10_16_46_30_200_1001391.smt_in.smt2
[DEBUG] Benchmark UF/20170428-Barrett/cdt-cade2015/nada/distro/gram_lang/x2015_09_10_16_46_30_200_1001391.smt_in.smt2: solved=True, runtime=0.23s, PAR-2=0.23s
[DEBUG] Processing 775/2285: UF/sledgehammer/TypeSafe/smtlib.760148.smt2
[DEBUG] Predicted solver: iProver for benchmark UF/sledgehammer/TypeSafe/smtlib.760148.smt2
[DEBUG] Benchmark UF/sledgehammer/TypeSafe/smtlib.760148.smt2: solved=True, runtime=1.36s, PAR-2=1.36s
[DEBUG] Processing 776/2285: UF/sledgehammer/TypeSafe/uf.1416124.smt2
[DEBUG] Predicted solver: cvc5 for benchmark UF/sledgehammer/TypeSafe/uf.1416124.smt2
[DEBUG] Benchmark UF/sledgehammer/TypeSafe/uf.1416124.smt2: solved=True, runtime=0.59s, PAR-2=0.59s
[DEBUG] Processing 777/2285: UF/sledgehammer/Arrow_Order/uf.699223.smt2
[DEBUG] Predicted solver: Yices2 for benchmark UF/sledgehammer/Arrow_Order/uf.699223.smt2
[DEBUG] Benchmark UF/sledgehammer/Arrow_Order/uf.699223.smt2: solved=False, runtime=1200.00s, PAR-2=2400.00s
[DEBUG] Processing 778/2285: UF/grasshopper/uninstantiated/rec_reverse_loop_postcondition_of_rec_reverse_loop_21_4.smt2
[DEBUG] Predicted solver: iProver for benchmark UF/grasshopper/uninstantiated/rec_reverse_loop_postcondition_of_rec_reverse_loop_21_4.smt2
[DEBUG] Benchmark UF/grasshopper/uninstantiated/rec_reverse_loop_postcondition_of_rec_reverse_loop_21_4.smt2: solved=True, runtime=0.91s, PAR-2=0.91s
[DEBUG] Processing 779/2285: UF/sledgehammer/Hoare/uf.917818.smt2
[DEBUG] Predicted solver: cvc5 for benchmark UF/sledgehammer/Hoare/uf.917818.smt2
[DEBUG] Benchmark UF/sledgehammer/Hoare/uf.917818.smt2: solved=True, runtime=0.98s, PAR-2=0.98s
[DEBUG] Processing 780/2285: UF/sledgehammer/Fundamental_Theorem_Algebra/smtlib.704762.smt2
[DEBUG] Predicted solver: iProver for benchmark UF/sledgehammer/Fundamental_Theorem_Algebra/smtlib.704762.smt2
[DEBUG] Benchmark UF/sledgehammer/Fundamental_Theorem_Algebra/smtlib.704762.smt2: solved=False, runtime=1200.00s, PAR-2=2400.00s
[DEBUG] Processing 781/2285: UF/sledgehammer/TwoSquares/uf.707280.smt2
[DEBUG] Predicted solver: iProver for benchmark UF/sledgehammer/TwoSquares/uf.707280.smt2
[DEBUG] Benchmark UF/sledgehammer/TwoSquares/uf.707280.smt2: solved=False, runtime=1200.00s, PAR-2=2400.00s
[DEBUG] Processing 782/2285: UF/sledgehammer/FFT/uf.916961.smt2
[DEBUG] Predicted solver: Yices2 for benchmark UF/sledgehammer/FFT/uf.916961.smt2
[DEBUG] Benchmark UF/sledgehammer/FFT/uf.916961.smt2: solved=False, runtime=1200.00s, PAR-2=2400.00s
[DEBUG] Processing 783/2285: UF/sledgehammer/FFT/uf.913826.smt2
[DEBUG] Predicted solver: iProver for benchmark UF/sledgehammer/FFT/uf.913826.smt2
[DEBUG] Benchmark UF/sledgehammer/FFT/uf.913826.smt2: solved=False, runtime=1200.00s, PAR-2=2400.00s
[DEBUG] Processing 784/2285: UF/20170428-Barrett/cdt-cade2015/nada/afp/coinductive_list/x2015_09_10_16_54_18_479_1339277.smt_in.smt2
[DEBUG] Predicted solver: cvc5 for benchmark UF/20170428-Barrett/cdt-cade2015/nada/afp/coinductive_list/x2015_09_10_16_54_18_479_1339277.smt_in.smt2
[DEBUG] Benchmark UF/20170428-Barrett/cdt-cade2015/nada/afp/coinductive_list/x2015_09_10_16_54_18_479_1339277.smt_in.smt2: solved=False, runtime=1200.00s, PAR-2=2400.00s
[DEBUG] Processing 785/2285: UF/sledgehammer/Hoare/uf.939629.smt2
[DEBUG] Predicted solver: iProver for benchmark UF/sledgehammer/Hoare/uf.939629.smt2
[DEBUG] Benchmark UF/sledgehammer/Hoare/uf.939629.smt2: solved=True, runtime=2.88s, PAR-2=2.88s
[DEBUG] Processing 786/2285: UF/sledgehammer/TwoSquares/uf.662956.smt2
[DEBUG] Predicted solver: cvc5 for benchmark UF/sledgehammer/TwoSquares/uf.662956.smt2
[DEBUG] Benchmark UF/sledgehammer/TwoSquares/uf.662956.smt2: solved=True, runtime=1143.58s, PAR-2=1143.58s
[DEBUG] Processing 787/2285: UF/sledgehammer/FFT/uf.807734.smt2
[DEBUG] Predicted solver: iProver for benchmark UF/sledgehammer/FFT/uf.807734.smt2
[DEBUG] Benchmark UF/sledgehammer/FFT/uf.807734.smt2: solved=False, runtime=1200.00s, PAR-2=2400.00s
[DEBUG] Processing 788/2285: UF/sledgehammer/Fundamental_Theorem_Algebra/smtlib.898502.smt2
[DEBUG] Predicted solver: iProver for benchmark UF/sledgehammer/Fundamental_Theorem_Algebra/smtlib.898502.smt2
[DEBUG] Benchmark UF/sledgehammer/Fundamental_Theorem_Algebra/smtlib.898502.smt2: solved=True, runtime=1.33s, PAR-2=1.33s
[DEBUG] Processing 789/2285: UF/sledgehammer/TwoSquares/uf.605094.smt2
[DEBUG] Predicted solver: cvc5 for benchmark UF/sledgehammer/TwoSquares/uf.605094.smt2
[DEBUG] Benchmark UF/sledgehammer/TwoSquares/uf.605094.smt2: solved=True, runtime=0.35s, PAR-2=0.35s
[DEBUG] Processing 790/2285: UF/sledgehammer/TwoSquares/uf.688612.smt2
[DEBUG] Predicted solver: iProver for benchmark UF/sledgehammer/TwoSquares/uf.688612.smt2
[DEBUG] Benchmark UF/sledgehammer/TwoSquares/uf.688612.smt2: solved=False, runtime=1200.00s, PAR-2=2400.00s
[DEBUG] Processing 791/2285: UF/sledgehammer/QEpres/uf.688308.smt2
[DEBUG] Predicted solver: iProver for benchmark UF/sledgehammer/QEpres/uf.688308.smt2
[DEBUG] Benchmark UF/sledgehammer/QEpres/uf.688308.smt2: solved=False, runtime=1200.00s, PAR-2=2400.00s
[DEBUG] Processing 792/2285: UF/sledgehammer/QEpres/uf.925412.smt2
[DEBUG] Predicted solver: cvc5 for benchmark UF/sledgehammer/QEpres/uf.925412.smt2
[DEBUG] Benchmark UF/sledgehammer/QEpres/uf.925412.smt2: solved=False, runtime=1200.00s, PAR-2=2400.00s
[DEBUG] Processing 793/2285: UF/sledgehammer/TypeSafe/uf.785086.smt2
[DEBUG] Predicted solver: Yices2 for benchmark UF/sledgehammer/TypeSafe/uf.785086.smt2
[DEBUG] Benchmark UF/sledgehammer/TypeSafe/uf.785086.smt2: solved=False, runtime=1200.00s, PAR-2=2400.00s
[DEBUG] Processing 794/2285: UF/sledgehammer/FFT/uf.910906.smt2
[DEBUG] Predicted solver: iProver for benchmark UF/sledgehammer/FFT/uf.910906.smt2
[DEBUG] Benchmark UF/sledgehammer/FFT/uf.910906.smt2: solved=False, runtime=1200.00s, PAR-2=2400.00s
[DEBUG] Processing 795/2285: UF/grasshopper/instantiated/rec_copy_loop_precondition_of_rec_copy_loop_45_11.smt2
[DEBUG] Predicted solver: iProver for benchmark UF/grasshopper/instantiated/rec_copy_loop_precondition_of_rec_copy_loop_45_11.smt2
[DEBUG] Benchmark UF/grasshopper/instantiated/rec_copy_loop_precondition_of_rec_copy_loop_45_11.smt2: solved=True, runtime=1.36s, PAR-2=1.36s
[DEBUG] Processing 796/2285: UF/sledgehammer/Fundamental_Theorem_Algebra/uf.586861.smt2
[DEBUG] Predicted solver: iProver for benchmark UF/sledgehammer/Fundamental_Theorem_Algebra/uf.586861.smt2
[DEBUG] Benchmark UF/sledgehammer/Fundamental_Theorem_Algebra/uf.586861.smt2: solved=False, runtime=1200.00s, PAR-2=2400.00s
[DEBUG] Processing 797/2285: UF/20201221-induction-by-reflection-schoisswohl/reflectiveInductive/revAppend-0.smt2
[DEBUG] Predicted solver: iProver for benchmark UF/20201221-induction-by-reflection-schoisswohl/reflectiveInductive/revAppend-0.smt2
[DEBUG] Benchmark UF/20201221-induction-by-reflection-schoisswohl/reflectiveInductive/revAppend-0.smt2: solved=False, runtime=1200.00s, PAR-2=2400.00s
[DEBUG] Processing 798/2285: UF/20170428-Barrett/cdt-cade2015/nada/distro/koenig/x2015_09_10_16_45_00_719_1002999.smt_in.smt2
[DEBUG] Predicted solver: cvc5 for benchmark UF/20170428-Barrett/cdt-cade2015/nada/distro/koenig/x2015_09_10_16_45_00_719_1002999.smt_in.smt2
[DEBUG] Benchmark UF/20170428-Barrett/cdt-cade2015/nada/distro/koenig/x2015_09_10_16_45_00_719_1002999.smt_in.smt2: solved=False, runtime=1200.00s, PAR-2=2400.00s
[DEBUG] Processing 799/2285: UF/sledgehammer/Fundamental_Theorem_Algebra/uf.1116010.smt2
[DEBUG] Predicted solver: iProver for benchmark UF/sledgehammer/Fundamental_Theorem_Algebra/uf.1116010.smt2
[DEBUG] Benchmark UF/sledgehammer/Fundamental_Theorem_Algebra/uf.1116010.smt2: solved=False, runtime=1200.00s, PAR-2=2400.00s
[DEBUG] Processing 800/2285: UF/20170428-Barrett/cdt-cade2015/nada/afp/huffman/x2015_09_10_16_47_46_284_1072637.smt_in.smt2
[DEBUG] Predicted solver: Yices2 for benchmark UF/20170428-Barrett/cdt-cade2015/nada/afp/huffman/x2015_09_10_16_47_46_284_1072637.smt_in.smt2
[DEBUG] Benchmark UF/20170428-Barrett/cdt-cade2015/nada/afp/huffman/x2015_09_10_16_47_46_284_1072637.smt_in.smt2: solved=False, runtime=1200.00s, PAR-2=2400.00s
[DEBUG] Processing 801/2285: UF/20170428-Barrett/cdt-cade2015/nada/afp/hamming_stream/x2015_09_10_16_49_26_853_1148221.smt_in.smt2
[DEBUG] Predicted solver: cvc5 for benchmark UF/20170428-Barrett/cdt-cade2015/nada/afp/hamming_stream/x2015_09_10_16_49_26_853_1148221.smt_in.smt2
[DEBUG] Benchmark UF/20170428-Barrett/cdt-cade2015/nada/afp/hamming_stream/x2015_09_10_16_49_26_853_1148221.smt_in.smt2: solved=False, runtime=1200.00s, PAR-2=2400.00s
[DEBUG] Processing 802/2285: UF/sledgehammer/StrongNorm/uf.672075.smt2
[DEBUG] Predicted solver: Yices2 for benchmark UF/sledgehammer/StrongNorm/uf.672075.smt2
[DEBUG] Benchmark UF/sledgehammer/StrongNorm/uf.672075.smt2: solved=False, runtime=1200.00s, PAR-2=2400.00s
[DEBUG] Processing 803/2285: UF/20170428-Barrett/cdt-cade2015/nada/afp/coinductive_list/x2015_09_10_17_12_33_044_2637625.smt_in.smt2
[DEBUG] Predicted solver: Yices2 for benchmark UF/20170428-Barrett/cdt-cade2015/nada/afp/coinductive_list/x2015_09_10_17_12_33_044_2637625.smt_in.smt2
[DEBUG] Benchmark UF/20170428-Barrett/cdt-cade2015/nada/afp/coinductive_list/x2015_09_10_17_12_33_044_2637625.smt_in.smt2: solved=False, runtime=1200.00s, PAR-2=2400.00s
[DEBUG] Processing 804/2285: UF/20170428-Barrett/cdt-cade2015/nada/afp/bindag/x2015_09_10_16_54_11_195_1110796.smt_in.smt2
[DEBUG] Predicted solver: cvc5 for benchmark UF/20170428-Barrett/cdt-cade2015/nada/afp/bindag/x2015_09_10_16_54_11_195_1110796.smt_in.smt2
[DEBUG] Benchmark UF/20170428-Barrett/cdt-cade2015/nada/afp/bindag/x2015_09_10_16_54_11_195_1110796.smt_in.smt2: solved=False, runtime=1200.00s, PAR-2=2400.00s
[DEBUG] Processing 805/2285: UF/sledgehammer/FFT/uf.895104.smt2
[DEBUG] Predicted solver: iProver for benchmark UF/sledgehammer/FFT/uf.895104.smt2
[DEBUG] Benchmark UF/sledgehammer/FFT/uf.895104.smt2: solved=False, runtime=1200.00s, PAR-2=2400.00s
[DEBUG] Processing 806/2285: UF/grasshopper/instantiated/dl_copy_loop_invariant_36_3.smt2
[DEBUG] Predicted solver: cvc5 for benchmark UF/grasshopper/instantiated/dl_copy_loop_invariant_36_3.smt2
[DEBUG] Benchmark UF/grasshopper/instantiated/dl_copy_loop_invariant_36_3.smt2: solved=True, runtime=148.79s, PAR-2=148.79s
[DEBUG] Processing 807/2285: UF/20170428-Barrett/cdt-cade2015/nada/afp/huffman/x2015_09_10_16_49_36_551_1195387.smt_in.smt2
[DEBUG] Predicted solver: iProver for benchmark UF/20170428-Barrett/cdt-cade2015/nada/afp/huffman/x2015_09_10_16_49_36_551_1195387.smt_in.smt2
[DEBUG] Benchmark UF/20170428-Barrett/cdt-cade2015/nada/afp/huffman/x2015_09_10_16_49_36_551_1195387.smt_in.smt2: solved=False, runtime=1200.00s, PAR-2=2400.00s
[DEBUG] Processing 808/2285: UF/20170428-Barrett/cdt-cade2015/nada/afp/coinductive_list/x2015_09_10_17_01_21_331_1740010.smt_in.smt2
[DEBUG] Predicted solver: Yices2 for benchmark UF/20170428-Barrett/cdt-cade2015/nada/afp/coinductive_list/x2015_09_10_17_01_21_331_1740010.smt_in.smt2
[DEBUG] Benchmark UF/20170428-Barrett/cdt-cade2015/nada/afp/coinductive_list/x2015_09_10_17_01_21_331_1740010.smt_in.smt2: solved=False, runtime=1200.00s, PAR-2=2400.00s
[DEBUG] Processing 809/2285: UF/sledgehammer/QEpres/uf.873624.smt2
[DEBUG] Predicted solver: cvc5 for benchmark UF/sledgehammer/QEpres/uf.873624.smt2
[DEBUG] Benchmark UF/sledgehammer/QEpres/uf.873624.smt2: solved=False, runtime=1200.00s, PAR-2=2400.00s
[DEBUG] Processing 810/2285: UF/sledgehammer/FFT/uf.709529.smt2
[DEBUG] Predicted solver: iProver for benchmark UF/sledgehammer/FFT/uf.709529.smt2
[DEBUG] Benchmark UF/sledgehammer/FFT/uf.709529.smt2: solved=False, runtime=1200.00s, PAR-2=2400.00s
[DEBUG] Processing 811/2285: UF/sledgehammer/Fundamental_Theorem_Algebra/uf.658761.smt2
[DEBUG] Predicted solver: iProver for benchmark UF/sledgehammer/Fundamental_Theorem_Algebra/uf.658761.smt2
[DEBUG] Benchmark UF/sledgehammer/Fundamental_Theorem_Algebra/uf.658761.smt2: solved=False, runtime=1200.00s, PAR-2=2400.00s
[DEBUG] Processing 812/2285: UF/sledgehammer/Fundamental_Theorem_Algebra/uf.756355.smt2
[DEBUG] Predicted solver: iProver for benchmark UF/sledgehammer/Fundamental_Theorem_Algebra/uf.756355.smt2
[DEBUG] Benchmark UF/sledgehammer/Fundamental_Theorem_Algebra/uf.756355.smt2: solved=False, runtime=1200.00s, PAR-2=2400.00s
[DEBUG] Processing 813/2285: UF/sledgehammer/TypeSafe/smtlib.889617.smt2
[DEBUG] Predicted solver: iProver for benchmark UF/sledgehammer/TypeSafe/smtlib.889617.smt2
[DEBUG] Benchmark UF/sledgehammer/TypeSafe/smtlib.889617.smt2: solved=False, runtime=1200.00s, PAR-2=2400.00s
[DEBUG] Processing 814/2285: UF/sledgehammer/TwoSquares/uf.603598.smt2
[DEBUG] Predicted solver: iProver for benchmark UF/sledgehammer/TwoSquares/uf.603598.smt2
[DEBUG] Benchmark UF/sledgehammer/TwoSquares/uf.603598.smt2: solved=False, runtime=1200.00s, PAR-2=2400.00s
[DEBUG] Processing 815/2285: UF/sledgehammer/Hoare/uf.784610.smt2
[DEBUG] Predicted solver: iProver for benchmark UF/sledgehammer/Hoare/uf.784610.smt2
[DEBUG] Benchmark UF/sledgehammer/Hoare/uf.784610.smt2: solved=False, runtime=1200.00s, PAR-2=2400.00s
[DEBUG] Processing 816/2285: UF/sledgehammer/Fundamental_Theorem_Algebra/uf.844175.smt2
[DEBUG] Predicted solver: iProver for benchmark UF/sledgehammer/Fundamental_Theorem_Algebra/uf.844175.smt2
[DEBUG] Benchmark UF/sledgehammer/Fundamental_Theorem_Algebra/uf.844175.smt2: solved=False, runtime=1200.00s, PAR-2=2400.00s
[DEBUG] Processing 817/2285: UF/sledgehammer/TypeSafe/smtlib.734931.smt2
[DEBUG] Predicted solver: cvc5 for benchmark UF/sledgehammer/TypeSafe/smtlib.734931.smt2
[DEBUG] Benchmark UF/sledgehammer/TypeSafe/smtlib.734931.smt2: solved=False, runtime=1200.00s, PAR-2=2400.00s
[DEBUG] Processing 818/2285: UF/sledgehammer/Hoare/uf.992005.smt2
[DEBUG] Predicted solver: cvc5 for benchmark UF/sledgehammer/Hoare/uf.992005.smt2
[DEBUG] Benchmark UF/sledgehammer/Hoare/uf.992005.smt2: solved=True, runtime=0.49s, PAR-2=0.49s
[DEBUG] Processing 819/2285: UF/sledgehammer/QEpres/uf.897127.smt2
[DEBUG] Predicted solver: iProver for benchmark UF/sledgehammer/QEpres/uf.897127.smt2
[DEBUG] Benchmark UF/sledgehammer/QEpres/uf.897127.smt2: solved=False, runtime=1200.00s, PAR-2=2400.00s
[DEBUG] Processing 820/2285: UF/sledgehammer/TypeSafe/uf.807139.smt2
[DEBUG] Predicted solver: cvc5 for benchmark UF/sledgehammer/TypeSafe/uf.807139.smt2
[DEBUG] Benchmark UF/sledgehammer/TypeSafe/uf.807139.smt2: solved=False, runtime=1200.00s, PAR-2=2400.00s
[DEBUG] Processing 821/2285: UF/20170428-Barrett/cdt-cade2015/nada/afp/tllist/x2015_09_10_16_57_31_736_1151380.smt_in.smt2
[DEBUG] Predicted solver: cvc5 for benchmark UF/20170428-Barrett/cdt-cade2015/nada/afp/tllist/x2015_09_10_16_57_31_736_1151380.smt_in.smt2
[DEBUG] Benchmark UF/20170428-Barrett/cdt-cade2015/nada/afp/tllist/x2015_09_10_16_57_31_736_1151380.smt_in.smt2: solved=True, runtime=541.63s, PAR-2=541.63s
[DEBUG] Processing 822/2285: UF/20170428-Barrett/cdt-cade2015/nada/afp/coinductive_list/x2015_09_10_17_00_53_198_1707260.smt_in.smt2
[DEBUG] Predicted solver: Yices2 for benchmark UF/20170428-Barrett/cdt-cade2015/nada/afp/coinductive_list/x2015_09_10_17_00_53_198_1707260.smt_in.smt2
[DEBUG] Benchmark UF/20170428-Barrett/cdt-cade2015/nada/afp/coinductive_list/x2015_09_10_17_00_53_198_1707260.smt_in.smt2: solved=False, runtime=1200.00s, PAR-2=2400.00s
[DEBUG] Processing 823/2285: UF/20170428-Barrett/cdt-cade2015/nada/afp/coinductive_list/x2015_09_10_17_14_03_296_2691941.smt_in.smt2
[DEBUG] Predicted solver: Yices2 for benchmark UF/20170428-Barrett/cdt-cade2015/nada/afp/coinductive_list/x2015_09_10_17_14_03_296_2691941.smt_in.smt2
[DEBUG] Benchmark UF/20170428-Barrett/cdt-cade2015/nada/afp/coinductive_list/x2015_09_10_17_14_03_296_2691941.smt_in.smt2: solved=False, runtime=1200.00s, PAR-2=2400.00s
[DEBUG] Processing 824/2285: UF/sledgehammer/TypeSafe/smtlib.1180361.smt2
[DEBUG] Predicted solver: cvc5 for benchmark UF/sledgehammer/TypeSafe/smtlib.1180361.smt2
[DEBUG] Benchmark UF/sledgehammer/TypeSafe/smtlib.1180361.smt2: solved=True, runtime=0.47s, PAR-2=0.47s
[DEBUG] Processing 825/2285: UF/20170428-Barrett/cdt-cade2015/nada/afp/coinductive_list/x2015_09_10_17_06_40_793_2174439.smt_in.smt2
[DEBUG] Predicted solver: cvc5 for benchmark UF/20170428-Barrett/cdt-cade2015/nada/afp/coinductive_list/x2015_09_10_17_06_40_793_2174439.smt_in.smt2
[DEBUG] Benchmark UF/20170428-Barrett/cdt-cade2015/nada/afp/coinductive_list/x2015_09_10_17_06_40_793_2174439.smt_in.smt2: solved=False, runtime=1200.00s, PAR-2=2400.00s
[DEBUG] Processing 826/2285: UF/sledgehammer/Hoare/uf.689349.smt2
[DEBUG] Predicted solver: iProver for benchmark UF/sledgehammer/Hoare/uf.689349.smt2
[DEBUG] Benchmark UF/sledgehammer/Hoare/uf.689349.smt2: solved=False, runtime=1200.00s, PAR-2=2400.00s
[DEBUG] Processing 827/2285: UF/20170428-Barrett/cdt-cade2015/nada/gandl/stern_brocot_tree/x2015_09_10_16_52_40_707_1126982.smt_in.smt2
[DEBUG] Predicted solver: cvc5 for benchmark UF/20170428-Barrett/cdt-cade2015/nada/gandl/stern_brocot_tree/x2015_09_10_16_52_40_707_1126982.smt_in.smt2
[DEBUG] Benchmark UF/20170428-Barrett/cdt-cade2015/nada/gandl/stern_brocot_tree/x2015_09_10_16_52_40_707_1126982.smt_in.smt2: solved=False, runtime=1200.00s, PAR-2=2400.00s
[DEBUG] Processing 828/2285: UF/sledgehammer/TwoSquares/uf.705374.smt2
[DEBUG] Predicted solver: iProver for benchmark UF/sledgehammer/TwoSquares/uf.705374.smt2
[DEBUG] Benchmark UF/sledgehammer/TwoSquares/uf.705374.smt2: solved=True, runtime=141.46s, PAR-2=141.46s
[DEBUG] Processing 829/2285: UF/20170428-Barrett/cdt-cade2015/nada/afp/coinductive_list/x2015_09_10_17_12_30_781_2634553.smt_in.smt2
[DEBUG] Predicted solver: Yices2 for benchmark UF/20170428-Barrett/cdt-cade2015/nada/afp/coinductive_list/x2015_09_10_17_12_30_781_2634553.smt_in.smt2
[DEBUG] Benchmark UF/20170428-Barrett/cdt-cade2015/nada/afp/coinductive_list/x2015_09_10_17_12_30_781_2634553.smt_in.smt2: solved=False, runtime=1200.00s, PAR-2=2400.00s
[DEBUG] Processing 830/2285: UF/20170428-Barrett/cdt-cade2015/nada/afp/tllist/x2015_09_10_16_57_49_119_1167966.smt_in.smt2
[DEBUG] Predicted solver: cvc5 for benchmark UF/20170428-Barrett/cdt-cade2015/nada/afp/tllist/x2015_09_10_16_57_49_119_1167966.smt_in.smt2
[DEBUG] Benchmark UF/20170428-Barrett/cdt-cade2015/nada/afp/tllist/x2015_09_10_16_57_49_119_1167966.smt_in.smt2: solved=False, runtime=1200.00s, PAR-2=2400.00s
[DEBUG] Processing 831/2285: UF/20170428-Barrett/cdt-cade2015/nada/afp/coinductive_list/x2015_09_10_16_51_02_970_1162877.smt_in.smt2
[DEBUG] Predicted solver: Yices2 for benchmark UF/20170428-Barrett/cdt-cade2015/nada/afp/coinductive_list/x2015_09_10_16_51_02_970_1162877.smt_in.smt2
[DEBUG] Benchmark UF/20170428-Barrett/cdt-cade2015/nada/afp/coinductive_list/x2015_09_10_16_51_02_970_1162877.smt_in.smt2: solved=False, runtime=1200.00s, PAR-2=2400.00s
[DEBUG] Processing 832/2285: UF/sledgehammer/NS_Shared/uf.806086.smt2
[DEBUG] Predicted solver: iProver for benchmark UF/sledgehammer/NS_Shared/uf.806086.smt2
[DEBUG] Benchmark UF/sledgehammer/NS_Shared/uf.806086.smt2: solved=False, runtime=1200.00s, PAR-2=2400.00s
[DEBUG] Processing 833/2285: UF/20170428-Barrett/cdt-cade2015/nada/afp/splay_tree_analysis/x2015_09_10_16_56_25_496_1075993.smt_in.smt2
[DEBUG] Predicted solver: Yices2 for benchmark UF/20170428-Barrett/cdt-cade2015/nada/afp/splay_tree_analysis/x2015_09_10_16_56_25_496_1075993.smt_in.smt2
[DEBUG] Benchmark UF/20170428-Barrett/cdt-cade2015/nada/afp/splay_tree_analysis/x2015_09_10_16_56_25_496_1075993.smt_in.smt2: solved=False, runtime=1200.00s, PAR-2=2400.00s
[DEBUG] Processing 834/2285: UF/sledgehammer/Hoare/uf.1001519.smt2
[DEBUG] Predicted solver: cvc5 for benchmark UF/sledgehammer/Hoare/uf.1001519.smt2
[DEBUG] Benchmark UF/sledgehammer/Hoare/uf.1001519.smt2: solved=True, runtime=0.45s, PAR-2=0.45s
[DEBUG] Processing 835/2285: UF/sledgehammer/Hoare/uf.1067668.smt2
[DEBUG] Predicted solver: iProver for benchmark UF/sledgehammer/Hoare/uf.1067668.smt2
[DEBUG] Benchmark UF/sledgehammer/Hoare/uf.1067668.smt2: solved=True, runtime=0.88s, PAR-2=0.88s
[DEBUG] Processing 836/2285: UF/20170428-Barrett/cdt-cade2015/nada/afp/huffman/x2015_09_10_16_50_21_855_1244636.smt_in.smt2
[DEBUG] Predicted solver: Yices2 for benchmark UF/20170428-Barrett/cdt-cade2015/nada/afp/huffman/x2015_09_10_16_50_21_855_1244636.smt_in.smt2
[DEBUG] Benchmark UF/20170428-Barrett/cdt-cade2015/nada/afp/huffman/x2015_09_10_16_50_21_855_1244636.smt_in.smt2: solved=True, runtime=0.22s, PAR-2=0.22s
[DEBUG] Processing 837/2285: UF/20170428-Barrett/cdt-cade2015/nada/distro/gram_lang/x2015_09_10_16_52_13_918_1353773.smt_in.smt2
[DEBUG] Predicted solver: Yices2 for benchmark UF/20170428-Barrett/cdt-cade2015/nada/distro/gram_lang/x2015_09_10_16_52_13_918_1353773.smt_in.smt2
[DEBUG] Benchmark UF/20170428-Barrett/cdt-cade2015/nada/distro/gram_lang/x2015_09_10_16_52_13_918_1353773.smt_in.smt2: solved=False, runtime=1200.00s, PAR-2=2400.00s
[DEBUG] Processing 838/2285: UF/sledgehammer/TypeSafe/smtlib.766094.smt2
[DEBUG] Predicted solver: iProver for benchmark UF/sledgehammer/TypeSafe/smtlib.766094.smt2
[DEBUG] Benchmark UF/sledgehammer/TypeSafe/smtlib.766094.smt2: solved=False, runtime=1200.00s, PAR-2=2400.00s
[DEBUG] Processing 839/2285: UF/sledgehammer/Fundamental_Theorem_Algebra/uf.774133.smt2
[DEBUG] Predicted solver: iProver for benchmark UF/sledgehammer/Fundamental_Theorem_Algebra/uf.774133.smt2
[DEBUG] Benchmark UF/sledgehammer/Fundamental_Theorem_Algebra/uf.774133.smt2: solved=False, runtime=1200.00s, PAR-2=2400.00s
[DEBUG] Processing 840/2285: UF/sledgehammer/QEpres/uf.620554.smt2
[DEBUG] Predicted solver: iProver for benchmark UF/sledgehammer/QEpres/uf.620554.smt2
[DEBUG] Benchmark UF/sledgehammer/QEpres/uf.620554.smt2: solved=False, runtime=1200.00s, PAR-2=2400.00s
[DEBUG] Processing 841/2285: UF/20170428-Barrett/cdt-cade2015/nada/afp/coinductive_list/x2015_09_10_16_58_04_937_1538496.smt_in.smt2
[DEBUG] Predicted solver: cvc5 for benchmark UF/20170428-Barrett/cdt-cade2015/nada/afp/coinductive_list/x2015_09_10_16_58_04_937_1538496.smt_in.smt2
[DEBUG] Benchmark UF/20170428-Barrett/cdt-cade2015/nada/afp/coinductive_list/x2015_09_10_16_58_04_937_1538496.smt_in.smt2: solved=True, runtime=545.54s, PAR-2=545.54s
[DEBUG] Processing 842/2285: UF/20170428-Barrett/cdt-cade2015/nada/afp/huffman/x2015_09_10_16_48_16_553_1102889.smt_in.smt2
[DEBUG] Predicted solver: iProver for benchmark UF/20170428-Barrett/cdt-cade2015/nada/afp/huffman/x2015_09_10_16_48_16_553_1102889.smt_in.smt2
[DEBUG] Benchmark UF/20170428-Barrett/cdt-cade2015/nada/afp/huffman/x2015_09_10_16_48_16_553_1102889.smt_in.smt2: solved=False, runtime=1200.00s, PAR-2=2400.00s
[DEBUG] Processing 843/2285: UF/sledgehammer/Arrow_Order/uf.762450.smt2
[DEBUG] Predicted solver: cvc5 for benchmark UF/sledgehammer/Arrow_Order/uf.762450.smt2
[DEBUG] Benchmark UF/sledgehammer/Arrow_Order/uf.762450.smt2: solved=True, runtime=34.04s, PAR-2=34.04s
[DEBUG] Processing 844/2285: UF/20170428-Barrett/cdt-cade2015/nada/distro/parallel/x2015_09_10_16_56_53_209_1021881.smt_in.smt2
[DEBUG] Predicted solver: Yices2 for benchmark UF/20170428-Barrett/cdt-cade2015/nada/distro/parallel/x2015_09_10_16_56_53_209_1021881.smt_in.smt2
[DEBUG] Benchmark UF/20170428-Barrett/cdt-cade2015/nada/distro/parallel/x2015_09_10_16_56_53_209_1021881.smt_in.smt2: solved=False, runtime=1200.00s, PAR-2=2400.00s
[DEBUG] Processing 845/2285: UF/sledgehammer/FFT/uf.631060.smt2
[DEBUG] Predicted solver: iProver for benchmark UF/sledgehammer/FFT/uf.631060.smt2
[DEBUG] Benchmark UF/sledgehammer/FFT/uf.631060.smt2: solved=False, runtime=1200.00s, PAR-2=2400.00s
[DEBUG] Processing 846/2285: UF/sledgehammer/TwoSquares/uf.648732.smt2
[DEBUG] Predicted solver: iProver for benchmark UF/sledgehammer/TwoSquares/uf.648732.smt2
[DEBUG] Benchmark UF/sledgehammer/TwoSquares/uf.648732.smt2: solved=False, runtime=1200.00s, PAR-2=2400.00s
[DEBUG] Processing 847/2285: UF/sledgehammer/TypeSafe/smtlib.1380822.smt2
[DEBUG] Predicted solver: cvc5 for benchmark UF/sledgehammer/TypeSafe/smtlib.1380822.smt2
[DEBUG] Benchmark UF/sledgehammer/TypeSafe/smtlib.1380822.smt2: solved=False, runtime=1200.00s, PAR-2=2400.00s
[DEBUG] Processing 848/2285: UF/20170428-Barrett/cdt-cade2015/nada/distro/stream/x2015_09_10_16_48_46_982_1120899.smt_in.smt2
[DEBUG] Predicted solver: Yices2 for benchmark UF/20170428-Barrett/cdt-cade2015/nada/distro/stream/x2015_09_10_16_48_46_982_1120899.smt_in.smt2
[DEBUG] Benchmark UF/20170428-Barrett/cdt-cade2015/nada/distro/stream/x2015_09_10_16_48_46_982_1120899.smt_in.smt2: solved=True, runtime=0.23s, PAR-2=0.23s
[DEBUG] Processing 849/2285: UF/grasshopper/instantiated/rec_reverse_loop_precondition_of_rec_reverse_loop_21_11.smt2
[DEBUG] Predicted solver: iProver for benchmark UF/grasshopper/instantiated/rec_reverse_loop_precondition_of_rec_reverse_loop_21_11.smt2
[DEBUG] Benchmark UF/grasshopper/instantiated/rec_reverse_loop_precondition_of_rec_reverse_loop_21_11.smt2: solved=True, runtime=1.34s, PAR-2=1.34s
[DEBUG] Processing 850/2285: UF/20170428-Barrett/cdt-cade2015/nada/distro/stream_processor/x2015_09_10_16_45_54_120_999406.smt_in.smt2
[DEBUG] Predicted solver: Yices2 for benchmark UF/20170428-Barrett/cdt-cade2015/nada/distro/stream_processor/x2015_09_10_16_45_54_120_999406.smt_in.smt2
[DEBUG] Benchmark UF/20170428-Barrett/cdt-cade2015/nada/distro/stream_processor/x2015_09_10_16_45_54_120_999406.smt_in.smt2: solved=False, runtime=1200.00s, PAR-2=2400.00s
[DEBUG] Processing 851/2285: UF/grasshopper/uninstantiated/dl_insert_loop_invariant_30_5.smt2
[DEBUG] Predicted solver: iProver for benchmark UF/grasshopper/uninstantiated/dl_insert_loop_invariant_30_5.smt2
[DEBUG] Benchmark UF/grasshopper/uninstantiated/dl_insert_loop_invariant_30_5.smt2: solved=False, runtime=1200.00s, PAR-2=2400.00s
[DEBUG] Processing 852/2285: UF/20170428-Barrett/cdt-cade2015/nada/afp/abstract_completeness/x2015_09_10_17_00_48_745_1118986.smt_in.smt2
[DEBUG] Predicted solver: cvc5 for benchmark UF/20170428-Barrett/cdt-cade2015/nada/afp/abstract_completeness/x2015_09_10_17_00_48_745_1118986.smt_in.smt2
[DEBUG] Benchmark UF/20170428-Barrett/cdt-cade2015/nada/afp/abstract_completeness/x2015_09_10_17_00_48_745_1118986.smt_in.smt2: solved=True, runtime=0.45s, PAR-2=0.45s
[DEBUG] Processing 853/2285: UF/sledgehammer/FFT/uf.778667.smt2
[DEBUG] Predicted solver: iProver for benchmark UF/sledgehammer/FFT/uf.778667.smt2
[DEBUG] Benchmark UF/sledgehammer/FFT/uf.778667.smt2: solved=False, runtime=1200.00s, PAR-2=2400.00s
[DEBUG] Processing 854/2285: UF/20170428-Barrett/cdt-cade2015/nada/afp/abstract_completeness/x2015_09_10_17_01_15_513_1151953.smt_in.smt2
[DEBUG] Predicted solver: Yices2 for benchmark UF/20170428-Barrett/cdt-cade2015/nada/afp/abstract_completeness/x2015_09_10_17_01_15_513_1151953.smt_in.smt2
[DEBUG] Benchmark UF/20170428-Barrett/cdt-cade2015/nada/afp/abstract_completeness/x2015_09_10_17_01_15_513_1151953.smt_in.smt2: solved=False, runtime=1200.00s, PAR-2=2400.00s
[DEBUG] Processing 855/2285: UF/sledgehammer/Fundamental_Theorem_Algebra/uf.959073.smt2
[DEBUG] Predicted solver: iProver for benchmark UF/sledgehammer/Fundamental_Theorem_Algebra/uf.959073.smt2
[DEBUG] Benchmark UF/sledgehammer/Fundamental_Theorem_Algebra/uf.959073.smt2: solved=False, runtime=1200.00s, PAR-2=2400.00s
[DEBUG] Processing 856/2285: UF/sledgehammer/StrongNorm/uf.854181.smt2
[DEBUG] Predicted solver: cvc5 for benchmark UF/sledgehammer/StrongNorm/uf.854181.smt2
[DEBUG] Benchmark UF/sledgehammer/StrongNorm/uf.854181.smt2: solved=True, runtime=0.28s, PAR-2=0.28s
[DEBUG] Processing 857/2285: UF/20170428-Barrett/cdt-cade2015/nada/distro/gram_lang/x2015_09_10_16_55_39_729_1550336.smt_in.smt2
[DEBUG] Predicted solver: cvc5 for benchmark UF/20170428-Barrett/cdt-cade2015/nada/distro/gram_lang/x2015_09_10_16_55_39_729_1550336.smt_in.smt2
[DEBUG] Benchmark UF/20170428-Barrett/cdt-cade2015/nada/distro/gram_lang/x2015_09_10_16_55_39_729_1550336.smt_in.smt2: solved=True, runtime=337.46s, PAR-2=337.46s
[DEBUG] Processing 858/2285: UF/20201221-induction-by-reflection-schoisswohl/reflectiveInductive/leqTrans.smt2
[DEBUG] Predicted solver: iProver for benchmark UF/20201221-induction-by-reflection-schoisswohl/reflectiveInductive/leqTrans.smt2
[DEBUG] Benchmark UF/20201221-induction-by-reflection-schoisswohl/reflectiveInductive/leqTrans.smt2: solved=False, runtime=1200.00s, PAR-2=2400.00s
[DEBUG] Processing 859/2285: UF/20170428-Barrett/cdt-cade2015/nada/distro/gram_lang/x2015_09_10_16_51_27_125_1304212.smt_in.smt2
[DEBUG] Predicted solver: cvc5 for benchmark UF/20170428-Barrett/cdt-cade2015/nada/distro/gram_lang/x2015_09_10_16_51_27_125_1304212.smt_in.smt2
[DEBUG] Benchmark UF/20170428-Barrett/cdt-cade2015/nada/distro/gram_lang/x2015_09_10_16_51_27_125_1304212.smt_in.smt2: solved=True, runtime=689.96s, PAR-2=689.96s
[DEBUG] Processing 860/2285: UF/sledgehammer/FFT/uf.901248.smt2
[DEBUG] Predicted solver: iProver for benchmark UF/sledgehammer/FFT/uf.901248.smt2
[DEBUG] Benchmark UF/sledgehammer/FFT/uf.901248.smt2: solved=False, runtime=1200.00s, PAR-2=2400.00s
[DEBUG] Processing 861/2285: UF/20170428-Barrett/cdt-cade2015/nada/distro/gram_lang/x2015_09_10_16_46_35_498_1006967.smt_in.smt2
[DEBUG] Predicted solver: Yices2 for benchmark UF/20170428-Barrett/cdt-cade2015/nada/distro/gram_lang/x2015_09_10_16_46_35_498_1006967.smt_in.smt2
[DEBUG] Benchmark UF/20170428-Barrett/cdt-cade2015/nada/distro/gram_lang/x2015_09_10_16_46_35_498_1006967.smt_in.smt2: solved=False, runtime=1200.00s, PAR-2=2400.00s
[DEBUG] Processing 862/2285: UF/sledgehammer/FFT/uf.755564.smt2
[DEBUG] Predicted solver: iProver for benchmark UF/sledgehammer/FFT/uf.755564.smt2
[DEBUG] Benchmark UF/sledgehammer/FFT/uf.755564.smt2: solved=True, runtime=0.85s, PAR-2=0.85s
[DEBUG] Processing 863/2285: UF/sledgehammer/TwoSquares/uf.773939.smt2
[DEBUG] Predicted solver: iProver for benchmark UF/sledgehammer/TwoSquares/uf.773939.smt2
[DEBUG] Benchmark UF/sledgehammer/TwoSquares/uf.773939.smt2: solved=False, runtime=1200.00s, PAR-2=2400.00s
[DEBUG] Processing 864/2285: UF/sledgehammer/NS_Shared/smtlib.828269.smt2
[DEBUG] Predicted solver: iProver for benchmark UF/sledgehammer/NS_Shared/smtlib.828269.smt2
[DEBUG] Benchmark UF/sledgehammer/NS_Shared/smtlib.828269.smt2: solved=False, runtime=1200.00s, PAR-2=2400.00s
[DEBUG] Processing 865/2285: UF/20170428-Barrett/cdt-cade2015/nada/afp/huffman/x2015_09_10_16_48_39_330_1128953.smt_in.smt2
[DEBUG] Predicted solver: iProver for benchmark UF/20170428-Barrett/cdt-cade2015/nada/afp/huffman/x2015_09_10_16_48_39_330_1128953.smt_in.smt2
[DEBUG] Benchmark UF/20170428-Barrett/cdt-cade2015/nada/afp/huffman/x2015_09_10_16_48_39_330_1128953.smt_in.smt2: solved=False, runtime=1200.00s, PAR-2=2400.00s
[DEBUG] Processing 866/2285: UF/20170428-Barrett/cdt-cade2015/nada/afp/coinductive_stream/x2015_09_10_17_24_41_356_1212326.smt_in.smt2
[DEBUG] Predicted solver: cvc5 for benchmark UF/20170428-Barrett/cdt-cade2015/nada/afp/coinductive_stream/x2015_09_10_17_24_41_356_1212326.smt_in.smt2
[DEBUG] Benchmark UF/20170428-Barrett/cdt-cade2015/nada/afp/coinductive_stream/x2015_09_10_17_24_41_356_1212326.smt_in.smt2: solved=False, runtime=1200.00s, PAR-2=2400.00s
[DEBUG] Processing 867/2285: UF/sledgehammer/FFT/uf.873095.smt2
[DEBUG] Predicted solver: iProver for benchmark UF/sledgehammer/FFT/uf.873095.smt2
[DEBUG] Benchmark UF/sledgehammer/FFT/uf.873095.smt2: solved=True, runtime=1.38s, PAR-2=1.38s
[DEBUG] Processing 868/2285: UF/sledgehammer/Fundamental_Theorem_Algebra/uf.640727.smt2
[DEBUG] Predicted solver: iProver for benchmark UF/sledgehammer/Fundamental_Theorem_Algebra/uf.640727.smt2
[DEBUG] Benchmark UF/sledgehammer/Fundamental_Theorem_Algebra/uf.640727.smt2: solved=False, runtime=1200.00s, PAR-2=2400.00s
[DEBUG] Processing 869/2285: UF/sledgehammer/Arrow_Order/uf.793473.smt2
[DEBUG] Predicted solver: cvc5 for benchmark UF/sledgehammer/Arrow_Order/uf.793473.smt2
[DEBUG] Benchmark UF/sledgehammer/Arrow_Order/uf.793473.smt2: solved=False, runtime=1200.00s, PAR-2=2400.00s
[DEBUG] Processing 870/2285: UF/sledgehammer/Fundamental_Theorem_Algebra/uf.580702.smt2
[DEBUG] Predicted solver: iProver for benchmark UF/sledgehammer/Fundamental_Theorem_Algebra/uf.580702.smt2
[DEBUG] Benchmark UF/sledgehammer/Fundamental_Theorem_Algebra/uf.580702.smt2: solved=False, runtime=1200.00s, PAR-2=2400.00s
[DEBUG] Processing 871/2285: UF/20170428-Barrett/cdt-cade2015/nada/distro/rbt_impl/x2015_09_10_16_52_50_552_1246266.smt_in.smt2
[DEBUG] Predicted solver: Yices2 for benchmark UF/20170428-Barrett/cdt-cade2015/nada/distro/rbt_impl/x2015_09_10_16_52_50_552_1246266.smt_in.smt2
[DEBUG] Benchmark UF/20170428-Barrett/cdt-cade2015/nada/distro/rbt_impl/x2015_09_10_16_52_50_552_1246266.smt_in.smt2: solved=False, runtime=1200.00s, PAR-2=2400.00s
[DEBUG] Processing 872/2285: UF/20170428-Barrett/cdt-cade2015/nada/afp/coinductive_stream/x2015_09_10_17_22_50_449_1111409.smt_in.smt2
[DEBUG] Predicted solver: cvc5 for benchmark UF/20170428-Barrett/cdt-cade2015/nada/afp/coinductive_stream/x2015_09_10_17_22_50_449_1111409.smt_in.smt2
[DEBUG] Benchmark UF/20170428-Barrett/cdt-cade2015/nada/afp/coinductive_stream/x2015_09_10_17_22_50_449_1111409.smt_in.smt2: solved=False, runtime=1200.00s, PAR-2=2400.00s
[DEBUG] Processing 873/2285: UF/sledgehammer/StrongNorm/uf.627890.smt2
[DEBUG] Predicted solver: iProver for benchmark UF/sledgehammer/StrongNorm/uf.627890.smt2
[DEBUG] Benchmark UF/sledgehammer/StrongNorm/uf.627890.smt2: solved=False, runtime=1200.00s, PAR-2=2400.00s
[DEBUG] Processing 874/2285: UF/sledgehammer/QEpres/uf.717408.smt2
[DEBUG] Predicted solver: iProver for benchmark UF/sledgehammer/QEpres/uf.717408.smt2
[DEBUG] Benchmark UF/sledgehammer/QEpres/uf.717408.smt2: solved=True, runtime=0.86s, PAR-2=0.86s
[DEBUG] Processing 875/2285: UF/20170428-Barrett/cdt-cade2015/nada/afp/coinductive_stream/x2015_09_10_17_25_34_854_1257572.smt_in.smt2
[DEBUG] Predicted solver: cvc5 for benchmark UF/20170428-Barrett/cdt-cade2015/nada/afp/coinductive_stream/x2015_09_10_17_25_34_854_1257572.smt_in.smt2
[DEBUG] Benchmark UF/20170428-Barrett/cdt-cade2015/nada/afp/coinductive_stream/x2015_09_10_17_25_34_854_1257572.smt_in.smt2: solved=True, runtime=2.27s, PAR-2=2.27s
[DEBUG] Processing 876/2285: UF/sledgehammer/QEpres/uf.1132043.smt2
[DEBUG] Predicted solver: cvc5 for benchmark UF/sledgehammer/QEpres/uf.1132043.smt2
[DEBUG] Benchmark UF/sledgehammer/QEpres/uf.1132043.smt2: solved=False, runtime=1200.00s, PAR-2=2400.00s
[DEBUG] Processing 877/2285: UF/sledgehammer/Hoare/smtlib.1230232.smt2
[DEBUG] Predicted solver: iProver for benchmark UF/sledgehammer/Hoare/smtlib.1230232.smt2
[DEBUG] Benchmark UF/sledgehammer/Hoare/smtlib.1230232.smt2: solved=False, runtime=1200.00s, PAR-2=2400.00s
[DEBUG] Processing 878/2285: UF/sledgehammer/NS_Shared/uf.575493.smt2
[DEBUG] Predicted solver: iProver for benchmark UF/sledgehammer/NS_Shared/uf.575493.smt2
[DEBUG] Benchmark UF/sledgehammer/NS_Shared/uf.575493.smt2: solved=True, runtime=0.85s, PAR-2=0.85s
[DEBUG] Processing 879/2285: UF/20170428-Barrett/cdt-cade2015/nada/afp/coinductive_stream/x2015_09_10_17_24_58_440_1225388.smt_in.smt2
[DEBUG] Predicted solver: cvc5 for benchmark UF/20170428-Barrett/cdt-cade2015/nada/afp/coinductive_stream/x2015_09_10_17_24_58_440_1225388.smt_in.smt2
[DEBUG] Benchmark UF/20170428-Barrett/cdt-cade2015/nada/afp/coinductive_stream/x2015_09_10_17_24_58_440_1225388.smt_in.smt2: solved=False, runtime=1200.00s, PAR-2=2400.00s
[DEBUG] Processing 880/2285: UF/sledgehammer/NS_Shared/uf.582624.smt2
[DEBUG] Predicted solver: Yices2 for benchmark UF/sledgehammer/NS_Shared/uf.582624.smt2
[DEBUG] Benchmark UF/sledgehammer/NS_Shared/uf.582624.smt2: solved=False, runtime=1200.00s, PAR-2=2400.00s
[DEBUG] Processing 881/2285: UF/sledgehammer/NS_Shared/uf.721675.smt2
[DEBUG] Predicted solver: iProver for benchmark UF/sledgehammer/NS_Shared/uf.721675.smt2
[DEBUG] Benchmark UF/sledgehammer/NS_Shared/uf.721675.smt2: solved=False, runtime=1200.00s, PAR-2=2400.00s
[DEBUG] Processing 882/2285: UF/sledgehammer/Fundamental_Theorem_Algebra/uf.671618.smt2
[DEBUG] Predicted solver: cvc5 for benchmark UF/sledgehammer/Fundamental_Theorem_Algebra/uf.671618.smt2
[DEBUG] Benchmark UF/sledgehammer/Fundamental_Theorem_Algebra/uf.671618.smt2: solved=True, runtime=0.33s, PAR-2=0.33s
[DEBUG] Processing 883/2285: UF/20170428-Barrett/cdt-cade2015/nada/afp/coinductive_stream/x2015_09_10_17_22_38_836_1100809.smt_in.smt2
[DEBUG] Predicted solver: Yices2 for benchmark UF/20170428-Barrett/cdt-cade2015/nada/afp/coinductive_stream/x2015_09_10_17_22_38_836_1100809.smt_in.smt2
[DEBUG] Benchmark UF/20170428-Barrett/cdt-cade2015/nada/afp/coinductive_stream/x2015_09_10_17_22_38_836_1100809.smt_in.smt2: solved=False, runtime=1200.00s, PAR-2=2400.00s
[DEBUG] Processing 884/2285: UF/sledgehammer/Hoare/uf.965723.smt2
[DEBUG] Predicted solver: cvc5 for benchmark UF/sledgehammer/Hoare/uf.965723.smt2
[DEBUG] Benchmark UF/sledgehammer/Hoare/uf.965723.smt2: solved=True, runtime=0.49s, PAR-2=0.49s
[DEBUG] Processing 885/2285: UF/sledgehammer/NS_Shared/uf.832903.smt2
[DEBUG] Predicted solver: Yices2 for benchmark UF/sledgehammer/NS_Shared/uf.832903.smt2
[DEBUG] Benchmark UF/sledgehammer/NS_Shared/uf.832903.smt2: solved=False, runtime=1200.00s, PAR-2=2400.00s
[DEBUG] Processing 886/2285: UF/sledgehammer/Hoare/uf.726971.smt2
[DEBUG] Predicted solver: iProver for benchmark UF/sledgehammer/Hoare/uf.726971.smt2
[DEBUG] Benchmark UF/sledgehammer/Hoare/uf.726971.smt2: solved=False, runtime=1200.00s, PAR-2=2400.00s
[DEBUG] Processing 887/2285: UF/sledgehammer/Arrow_Order/smtlib.661331.smt2
[DEBUG] Predicted solver: cvc5 for benchmark UF/sledgehammer/Arrow_Order/smtlib.661331.smt2
[DEBUG] Benchmark UF/sledgehammer/Arrow_Order/smtlib.661331.smt2: solved=False, runtime=1200.00s, PAR-2=2400.00s
[DEBUG] Processing 888/2285: UF/20170428-Barrett/cdt-cade2015/nada/afp/coinductive_list/x2015_09_10_17_05_31_405_2075451.smt_in.smt2
[DEBUG] Predicted solver: Yices2 for benchmark UF/20170428-Barrett/cdt-cade2015/nada/afp/coinductive_list/x2015_09_10_17_05_31_405_2075451.smt_in.smt2
[DEBUG] Benchmark UF/20170428-Barrett/cdt-cade2015/nada/afp/coinductive_list/x2015_09_10_17_05_31_405_2075451.smt_in.smt2: solved=False, runtime=1200.00s, PAR-2=2400.00s
[DEBUG] Processing 889/2285: UF/20170428-Barrett/cdt-cade2015/nada/afp/llist2/x2015_09_10_16_50_58_640_1094128.smt_in.smt2
[DEBUG] Predicted solver: cvc5 for benchmark UF/20170428-Barrett/cdt-cade2015/nada/afp/llist2/x2015_09_10_16_50_58_640_1094128.smt_in.smt2
[DEBUG] Benchmark UF/20170428-Barrett/cdt-cade2015/nada/afp/llist2/x2015_09_10_16_50_58_640_1094128.smt_in.smt2: solved=False, runtime=1200.00s, PAR-2=2400.00s
[DEBUG] Processing 890/2285: UF/sledgehammer/Hoare/uf.1071326.smt2
[DEBUG] Predicted solver: iProver for benchmark UF/sledgehammer/Hoare/uf.1071326.smt2
[DEBUG] Benchmark UF/sledgehammer/Hoare/uf.1071326.smt2: solved=False, runtime=1200.00s, PAR-2=2400.00s
[DEBUG] Processing 891/2285: UF/20170428-Barrett/cdt-cade2015/nada/afp/coinductive_list/x2015_09_10_17_11_12_962_2534554.smt_in.smt2
[DEBUG] Predicted solver: cvc5 for benchmark UF/20170428-Barrett/cdt-cade2015/nada/afp/coinductive_list/x2015_09_10_17_11_12_962_2534554.smt_in.smt2
[DEBUG] Benchmark UF/20170428-Barrett/cdt-cade2015/nada/afp/coinductive_list/x2015_09_10_17_11_12_962_2534554.smt_in.smt2: solved=False, runtime=1200.00s, PAR-2=2400.00s
[DEBUG] Processing 892/2285: UF/20170428-Barrett/cdt-cade2015/nada/afp/coinductive_list/x2015_09_10_16_57_14_410_1489966.smt_in.smt2
[DEBUG] Predicted solver: cvc5 for benchmark UF/20170428-Barrett/cdt-cade2015/nada/afp/coinductive_list/x2015_09_10_16_57_14_410_1489966.smt_in.smt2
[DEBUG] Benchmark UF/20170428-Barrett/cdt-cade2015/nada/afp/coinductive_list/x2015_09_10_16_57_14_410_1489966.smt_in.smt2: solved=False, runtime=1200.00s, PAR-2=2400.00s
[DEBUG] Processing 893/2285: UF/sledgehammer/Hoare/uf.619175.smt2
[DEBUG] Predicted solver: iProver for benchmark UF/sledgehammer/Hoare/uf.619175.smt2
[DEBUG] Benchmark UF/sledgehammer/Hoare/uf.619175.smt2: solved=False, runtime=1200.00s, PAR-2=2400.00s
[DEBUG] Processing 894/2285: UF/20201221-induction-by-reflection-schoisswohl/reflectiveConjecture/excludedMiddle-1.smt2
[DEBUG] Predicted solver: cvc5 for benchmark UF/20201221-induction-by-reflection-schoisswohl/reflectiveConjecture/excludedMiddle-1.smt2
[DEBUG] Benchmark UF/20201221-induction-by-reflection-schoisswohl/reflectiveConjecture/excludedMiddle-1.smt2: solved=True, runtime=0.25s, PAR-2=0.25s
[DEBUG] Processing 895/2285: UF/sledgehammer/Fundamental_Theorem_Algebra/uf.632822.smt2
[DEBUG] Predicted solver: iProver for benchmark UF/sledgehammer/Fundamental_Theorem_Algebra/uf.632822.smt2
[DEBUG] Benchmark UF/sledgehammer/Fundamental_Theorem_Algebra/uf.632822.smt2: solved=False, runtime=1200.00s, PAR-2=2400.00s
[DEBUG] Processing 896/2285: UF/sledgehammer/FFT/uf.766307.smt2
[DEBUG] Predicted solver: iProver for benchmark UF/sledgehammer/FFT/uf.766307.smt2
[DEBUG] Benchmark UF/sledgehammer/FFT/uf.766307.smt2: solved=True, runtime=1.85s, PAR-2=1.85s
[DEBUG] Processing 897/2285: UF/20170428-Barrett/cdt-cade2015/nada/afp/coinductive_list/x2015_09_10_17_02_13_890_1811661.smt_in.smt2
[DEBUG] Predicted solver: cvc5 for benchmark UF/20170428-Barrett/cdt-cade2015/nada/afp/coinductive_list/x2015_09_10_17_02_13_890_1811661.smt_in.smt2
[DEBUG] Benchmark UF/20170428-Barrett/cdt-cade2015/nada/afp/coinductive_list/x2015_09_10_17_02_13_890_1811661.smt_in.smt2: solved=False, runtime=1200.00s, PAR-2=2400.00s
[DEBUG] Processing 898/2285: UF/sledgehammer/NS_Shared/uf.583901.smt2
[DEBUG] Predicted solver: iProver for benchmark UF/sledgehammer/NS_Shared/uf.583901.smt2
[DEBUG] Benchmark UF/sledgehammer/NS_Shared/uf.583901.smt2: solved=True, runtime=369.11s, PAR-2=369.11s
[DEBUG] Processing 899/2285: UF/sledgehammer/NS_Shared/uf.781306.smt2
[DEBUG] Predicted solver: Yices2 for benchmark UF/sledgehammer/NS_Shared/uf.781306.smt2
[DEBUG] Benchmark UF/sledgehammer/NS_Shared/uf.781306.smt2: solved=False, runtime=1200.00s, PAR-2=2400.00s
[DEBUG] Processing 900/2285: UF/sledgehammer/StrongNorm/uf.660782.smt2
[DEBUG] Predicted solver: cvc5 for benchmark UF/sledgehammer/StrongNorm/uf.660782.smt2
[DEBUG] Benchmark UF/sledgehammer/StrongNorm/uf.660782.smt2: solved=False, runtime=1200.00s, PAR-2=2400.00s
[DEBUG] Processing 901/2285: UF/sledgehammer/TwoSquares/uf.752244.smt2
[DEBUG] Predicted solver: iProver for benchmark UF/sledgehammer/TwoSquares/uf.752244.smt2
[DEBUG] Benchmark UF/sledgehammer/TwoSquares/uf.752244.smt2: solved=False, runtime=1200.00s, PAR-2=2400.00s
[DEBUG] Processing 902/2285: UF/sledgehammer/FFT/uf.904687.smt2
[DEBUG] Predicted solver: iProver for benchmark UF/sledgehammer/FFT/uf.904687.smt2
[DEBUG] Benchmark UF/sledgehammer/FFT/uf.904687.smt2: solved=True, runtime=1.88s, PAR-2=1.88s
[DEBUG] Processing 903/2285: UF/sledgehammer/TypeSafe/smtlib.1289695.smt2
[DEBUG] Predicted solver: Yices2 for benchmark UF/sledgehammer/TypeSafe/smtlib.1289695.smt2
[DEBUG] Benchmark UF/sledgehammer/TypeSafe/smtlib.1289695.smt2: solved=False, runtime=1200.00s, PAR-2=2400.00s
[DEBUG] Processing 904/2285: UF/sledgehammer/Fundamental_Theorem_Algebra/uf.627029.smt2
[DEBUG] Predicted solver: iProver for benchmark UF/sledgehammer/Fundamental_Theorem_Algebra/uf.627029.smt2
[DEBUG] Benchmark UF/sledgehammer/Fundamental_Theorem_Algebra/uf.627029.smt2: solved=True, runtime=1.84s, PAR-2=1.84s
[DEBUG] Processing 905/2285: UF/20170428-Barrett/cdt-cade2015/nada/distro/rbt_impl/x2015_09_10_16_54_17_213_1414367.smt_in.smt2
[DEBUG] Predicted solver: cvc5 for benchmark UF/20170428-Barrett/cdt-cade2015/nada/distro/rbt_impl/x2015_09_10_16_54_17_213_1414367.smt_in.smt2
[DEBUG] Benchmark UF/20170428-Barrett/cdt-cade2015/nada/distro/rbt_impl/x2015_09_10_16_54_17_213_1414367.smt_in.smt2: solved=False, runtime=1200.00s, PAR-2=2400.00s
[DEBUG] Processing 906/2285: UF/sledgehammer/QEpres/uf.962055.smt2
[DEBUG] Predicted solver: iProver for benchmark UF/sledgehammer/QEpres/uf.962055.smt2
[DEBUG] Benchmark UF/sledgehammer/QEpres/uf.962055.smt2: solved=False, runtime=1200.00s, PAR-2=2400.00s
[DEBUG] Processing 907/2285: UF/20170428-Barrett/cdt-cade2015/nada/afp/coinductive_list/x2015_09_10_17_03_15_514_1893239.smt_in.smt2
[DEBUG] Predicted solver: cvc5 for benchmark UF/20170428-Barrett/cdt-cade2015/nada/afp/coinductive_list/x2015_09_10_17_03_15_514_1893239.smt_in.smt2
[DEBUG] Benchmark UF/20170428-Barrett/cdt-cade2015/nada/afp/coinductive_list/x2015_09_10_17_03_15_514_1893239.smt_in.smt2: solved=False, runtime=1200.00s, PAR-2=2400.00s
[DEBUG] Processing 908/2285: UF/20170428-Barrett/cdt-cade2015/nada/afp/coinductive_list/x2015_09_10_17_17_08_438_2790196.smt_in.smt2
[DEBUG] Predicted solver: Yices2 for benchmark UF/20170428-Barrett/cdt-cade2015/nada/afp/coinductive_list/x2015_09_10_17_17_08_438_2790196.smt_in.smt2
[DEBUG] Benchmark UF/20170428-Barrett/cdt-cade2015/nada/afp/coinductive_list/x2015_09_10_17_17_08_438_2790196.smt_in.smt2: solved=False, runtime=1200.00s, PAR-2=2400.00s
[DEBUG] Processing 909/2285: UF/sledgehammer/TwoSquares/uf.757144.smt2
[DEBUG] Predicted solver: iProver for benchmark UF/sledgehammer/TwoSquares/uf.757144.smt2
[DEBUG] Benchmark UF/sledgehammer/TwoSquares/uf.757144.smt2: solved=True, runtime=1.39s, PAR-2=1.39s
[DEBUG] Processing 910/2285: UF/20170428-Barrett/cdt-cade2015/nada/afp/coinductive_list/x2015_09_10_17_12_01_194_2598848.smt_in.smt2
[DEBUG] Predicted solver: Yices2 for benchmark UF/20170428-Barrett/cdt-cade2015/nada/afp/coinductive_list/x2015_09_10_17_12_01_194_2598848.smt_in.smt2
[DEBUG] Benchmark UF/20170428-Barrett/cdt-cade2015/nada/afp/coinductive_list/x2015_09_10_17_12_01_194_2598848.smt_in.smt2: solved=True, runtime=0.22s, PAR-2=0.22s
[DEBUG] Processing 911/2285: UF/20170428-Barrett/cdt-cade2015/nada/afp/coinductive_list/x2015_09_10_17_18_07_680_2825644.smt_in.smt2
[DEBUG] Predicted solver: Yices2 for benchmark UF/20170428-Barrett/cdt-cade2015/nada/afp/coinductive_list/x2015_09_10_17_18_07_680_2825644.smt_in.smt2
[DEBUG] Benchmark UF/20170428-Barrett/cdt-cade2015/nada/afp/coinductive_list/x2015_09_10_17_18_07_680_2825644.smt_in.smt2: solved=False, runtime=1200.00s, PAR-2=2400.00s
[DEBUG] Processing 912/2285: UF/sledgehammer/Fundamental_Theorem_Algebra/uf.1443347.smt2
[DEBUG] Predicted solver: iProver for benchmark UF/sledgehammer/Fundamental_Theorem_Algebra/uf.1443347.smt2
[DEBUG] Benchmark UF/sledgehammer/Fundamental_Theorem_Algebra/uf.1443347.smt2: solved=False, runtime=1200.00s, PAR-2=2400.00s
[DEBUG] Processing 913/2285: UF/20170428-Barrett/cdt-cade2015/nada/afp/coinductive_stream/x2015_09_10_17_25_25_720_1248637.smt_in.smt2
[DEBUG] Predicted solver: cvc5 for benchmark UF/20170428-Barrett/cdt-cade2015/nada/afp/coinductive_stream/x2015_09_10_17_25_25_720_1248637.smt_in.smt2
[DEBUG] Benchmark UF/20170428-Barrett/cdt-cade2015/nada/afp/coinductive_stream/x2015_09_10_17_25_25_720_1248637.smt_in.smt2: solved=True, runtime=0.54s, PAR-2=0.54s
[DEBUG] Processing 914/2285: UF/sledgehammer/TwoSquares/uf.661376.smt2
[DEBUG] Predicted solver: iProver for benchmark UF/sledgehammer/TwoSquares/uf.661376.smt2
[DEBUG] Benchmark UF/sledgehammer/TwoSquares/uf.661376.smt2: solved=True, runtime=48.90s, PAR-2=48.90s
[DEBUG] Processing 915/2285: UF/sledgehammer/TwoSquares/uf.631396.smt2
[DEBUG] Predicted solver: iProver for benchmark UF/sledgehammer/TwoSquares/uf.631396.smt2
[DEBUG] Benchmark UF/sledgehammer/TwoSquares/uf.631396.smt2: solved=False, runtime=1200.00s, PAR-2=2400.00s
[DEBUG] Processing 916/2285: UF/20170428-Barrett/cdt-cade2015/nada/gandl/stern_brocot_tree/x2015_09_10_16_52_42_268_1128789.smt_in.smt2
[DEBUG] Predicted solver: cvc5 for benchmark UF/20170428-Barrett/cdt-cade2015/nada/gandl/stern_brocot_tree/x2015_09_10_16_52_42_268_1128789.smt_in.smt2
[DEBUG] Benchmark UF/20170428-Barrett/cdt-cade2015/nada/gandl/stern_brocot_tree/x2015_09_10_16_52_42_268_1128789.smt_in.smt2: solved=False, runtime=1200.00s, PAR-2=2400.00s
[DEBUG] Processing 917/2285: UF/20170428-Barrett/cdt-cade2015/nada/afp/coinductive_list/x2015_09_10_16_56_07_820_1436182.smt_in.smt2
[DEBUG] Predicted solver: cvc5 for benchmark UF/20170428-Barrett/cdt-cade2015/nada/afp/coinductive_list/x2015_09_10_16_56_07_820_1436182.smt_in.smt2
[DEBUG] Benchmark UF/20170428-Barrett/cdt-cade2015/nada/afp/coinductive_list/x2015_09_10_16_56_07_820_1436182.smt_in.smt2: solved=True, runtime=540.75s, PAR-2=540.75s
[DEBUG] Processing 918/2285: UF/sledgehammer/FFT/uf.803507.smt2
[DEBUG] Predicted solver: cvc5 for benchmark UF/sledgehammer/FFT/uf.803507.smt2
[DEBUG] Benchmark UF/sledgehammer/FFT/uf.803507.smt2: solved=False, runtime=1200.00s, PAR-2=2400.00s
[DEBUG] Processing 919/2285: UF/20170428-Barrett/cdt-cade2015/nada/afp/coinductive_list/x2015_09_10_17_05_09_233_2047000.smt_in.smt2
[DEBUG] Predicted solver: Yices2 for benchmark UF/20170428-Barrett/cdt-cade2015/nada/afp/coinductive_list/x2015_09_10_17_05_09_233_2047000.smt_in.smt2
[DEBUG] Benchmark UF/20170428-Barrett/cdt-cade2015/nada/afp/coinductive_list/x2015_09_10_17_05_09_233_2047000.smt_in.smt2: solved=False, runtime=1200.00s, PAR-2=2400.00s
[DEBUG] Processing 920/2285: UF/sledgehammer/Fundamental_Theorem_Algebra/smtlib.723818.smt2
[DEBUG] Predicted solver: iProver for benchmark UF/sledgehammer/Fundamental_Theorem_Algebra/smtlib.723818.smt2
[DEBUG] Benchmark UF/sledgehammer/Fundamental_Theorem_Algebra/smtlib.723818.smt2: solved=False, runtime=1200.00s, PAR-2=2400.00s
[DEBUG] Processing 921/2285: UF/sledgehammer/QEpres/uf.1075022.smt2
[DEBUG] Predicted solver: Yices2 for benchmark UF/sledgehammer/QEpres/uf.1075022.smt2
[DEBUG] Benchmark UF/sledgehammer/QEpres/uf.1075022.smt2: solved=False, runtime=1200.00s, PAR-2=2400.00s
[DEBUG] Processing 922/2285: UF/20170428-Barrett/cdt-cade2015/nada/gandl/cotree/x2015_09_10_16_50_15_215_1039689.smt_in.smt2
[DEBUG] Predicted solver: cvc5 for benchmark UF/20170428-Barrett/cdt-cade2015/nada/gandl/cotree/x2015_09_10_16_50_15_215_1039689.smt_in.smt2
[DEBUG] Benchmark UF/20170428-Barrett/cdt-cade2015/nada/gandl/cotree/x2015_09_10_16_50_15_215_1039689.smt_in.smt2: solved=False, runtime=1200.00s, PAR-2=2400.00s
[DEBUG] Processing 923/2285: UF/sledgehammer/Fundamental_Theorem_Algebra/uf.1301852.smt2
[DEBUG] Predicted solver: iProver for benchmark UF/sledgehammer/Fundamental_Theorem_Algebra/uf.1301852.smt2
[DEBUG] Benchmark UF/sledgehammer/Fundamental_Theorem_Algebra/uf.1301852.smt2: solved=False, runtime=1200.00s, PAR-2=2400.00s
[DEBUG] Processing 924/2285: UF/20170428-Barrett/cdt-cade2015/nada/afp/coinductive_list/x2015_09_10_17_20_27_625_2925274.smt_in.smt2
[DEBUG] Predicted solver: cvc5 for benchmark UF/20170428-Barrett/cdt-cade2015/nada/afp/coinductive_list/x2015_09_10_17_20_27_625_2925274.smt_in.smt2
[DEBUG] Benchmark UF/20170428-Barrett/cdt-cade2015/nada/afp/coinductive_list/x2015_09_10_17_20_27_625_2925274.smt_in.smt2: solved=True, runtime=0.97s, PAR-2=0.97s
[DEBUG] Processing 925/2285: UF/20170428-Barrett/cdt-cade2015/nada/afp/coinductive_stream/x2015_09_10_17_22_33_375_1096209.smt_in.smt2
[DEBUG] Predicted solver: cvc5 for benchmark UF/20170428-Barrett/cdt-cade2015/nada/afp/coinductive_stream/x2015_09_10_17_22_33_375_1096209.smt_in.smt2
[DEBUG] Benchmark UF/20170428-Barrett/cdt-cade2015/nada/afp/coinductive_stream/x2015_09_10_17_22_33_375_1096209.smt_in.smt2: solved=False, runtime=1200.00s, PAR-2=2400.00s
[DEBUG] Processing 926/2285: UF/sledgehammer/Fundamental_Theorem_Algebra/uf.1298359.smt2
[DEBUG] Predicted solver: iProver for benchmark UF/sledgehammer/Fundamental_Theorem_Algebra/uf.1298359.smt2
[DEBUG] Benchmark UF/sledgehammer/Fundamental_Theorem_Algebra/uf.1298359.smt2: solved=True, runtime=1.84s, PAR-2=1.84s
[DEBUG] Processing 927/2285: UF/20170428-Barrett/cdt-cade2015/nada/afp/coinductive_list/x2015_09_10_17_00_14_853_1661380.smt_in.smt2
[DEBUG] Predicted solver: iProver for benchmark UF/20170428-Barrett/cdt-cade2015/nada/afp/coinductive_list/x2015_09_10_17_00_14_853_1661380.smt_in.smt2
[DEBUG] Benchmark UF/20170428-Barrett/cdt-cade2015/nada/afp/coinductive_list/x2015_09_10_17_00_14_853_1661380.smt_in.smt2: solved=False, runtime=1200.00s, PAR-2=2400.00s
[DEBUG] Processing 928/2285: UF/sledgehammer/TypeSafe/smtlib.1059150.smt2
[DEBUG] Predicted solver: iProver for benchmark UF/sledgehammer/TypeSafe/smtlib.1059150.smt2
[DEBUG] Benchmark UF/sledgehammer/TypeSafe/smtlib.1059150.smt2: solved=False, runtime=1200.00s, PAR-2=2400.00s
[DEBUG] Processing 929/2285: UF/20170428-Barrett/cdt-cade2015/nada/distro/rbt_impl/x2015_09_10_16_52_34_173_1215603.smt_in.smt2
[DEBUG] Predicted solver: Yices2 for benchmark UF/20170428-Barrett/cdt-cade2015/nada/distro/rbt_impl/x2015_09_10_16_52_34_173_1215603.smt_in.smt2
[DEBUG] Benchmark UF/20170428-Barrett/cdt-cade2015/nada/distro/rbt_impl/x2015_09_10_16_52_34_173_1215603.smt_in.smt2: solved=False, runtime=1200.00s, PAR-2=2400.00s
[DEBUG] Processing 930/2285: UF/20170428-Barrett/cdt-cade2015/nada/afp/tllist/x2015_09_10_16_57_07_380_1125440.smt_in.smt2
[DEBUG] Predicted solver: cvc5 for benchmark UF/20170428-Barrett/cdt-cade2015/nada/afp/tllist/x2015_09_10_16_57_07_380_1125440.smt_in.smt2
[DEBUG] Benchmark UF/20170428-Barrett/cdt-cade2015/nada/afp/tllist/x2015_09_10_16_57_07_380_1125440.smt_in.smt2: solved=True, runtime=270.81s, PAR-2=270.81s
[DEBUG] Processing 931/2285: UF/sledgehammer/Hoare/uf.684053.smt2
[DEBUG] Predicted solver: iProver for benchmark UF/sledgehammer/Hoare/uf.684053.smt2
[DEBUG] Benchmark UF/sledgehammer/Hoare/uf.684053.smt2: solved=False, runtime=1200.00s, PAR-2=2400.00s
[DEBUG] Processing 932/2285: UF/sledgehammer/FFT/uf.742071.smt2
[DEBUG] Predicted solver: iProver for benchmark UF/sledgehammer/FFT/uf.742071.smt2
[DEBUG] Benchmark UF/sledgehammer/FFT/uf.742071.smt2: solved=False, runtime=1200.00s, PAR-2=2400.00s
[DEBUG] Processing 933/2285: UF/sledgehammer/FFT/uf.597972.smt2
[DEBUG] Predicted solver: iProver for benchmark UF/sledgehammer/FFT/uf.597972.smt2
[DEBUG] Benchmark UF/sledgehammer/FFT/uf.597972.smt2: solved=False, runtime=1200.00s, PAR-2=2400.00s
[DEBUG] Processing 934/2285: UF/20170428-Barrett/cdt-cade2015/nada/distro/stream_processor/x2015_09_10_16_46_01_323_1012133.smt_in.smt2
[DEBUG] Predicted solver: cvc5 for benchmark UF/20170428-Barrett/cdt-cade2015/nada/distro/stream_processor/x2015_09_10_16_46_01_323_1012133.smt_in.smt2
[DEBUG] Benchmark UF/20170428-Barrett/cdt-cade2015/nada/distro/stream_processor/x2015_09_10_16_46_01_323_1012133.smt_in.smt2: solved=False, runtime=1200.00s, PAR-2=2400.00s
[DEBUG] Processing 935/2285: UF/sledgehammer/FFT/uf.825481.smt2
[DEBUG] Predicted solver: cvc5 for benchmark UF/sledgehammer/FFT/uf.825481.smt2
[DEBUG] Benchmark UF/sledgehammer/FFT/uf.825481.smt2: solved=True, runtime=540.46s, PAR-2=540.46s
[DEBUG] Processing 936/2285: UF/sledgehammer/FFT/uf.914166.smt2
[DEBUG] Predicted solver: iProver for benchmark UF/sledgehammer/FFT/uf.914166.smt2
[DEBUG] Benchmark UF/sledgehammer/FFT/uf.914166.smt2: solved=False, runtime=1200.00s, PAR-2=2400.00s
[DEBUG] Processing 937/2285: UF/20170428-Barrett/cdt-cade2015/nada/distro/gram_lang/x2015_09_10_16_46_47_637_1020485.smt_in.smt2
[DEBUG] Predicted solver: cvc5 for benchmark UF/20170428-Barrett/cdt-cade2015/nada/distro/gram_lang/x2015_09_10_16_46_47_637_1020485.smt_in.smt2
[DEBUG] Benchmark UF/20170428-Barrett/cdt-cade2015/nada/distro/gram_lang/x2015_09_10_16_46_47_637_1020485.smt_in.smt2: solved=False, runtime=1200.00s, PAR-2=2400.00s
[DEBUG] Processing 938/2285: UF/20170428-Barrett/cdt-cade2015/nada/afp/huffman/x2015_09_10_16_48_02_262_1088015.smt_in.smt2
[DEBUG] Predicted solver: cvc5 for benchmark UF/20170428-Barrett/cdt-cade2015/nada/afp/huffman/x2015_09_10_16_48_02_262_1088015.smt_in.smt2
[DEBUG] Benchmark UF/20170428-Barrett/cdt-cade2015/nada/afp/huffman/x2015_09_10_16_48_02_262_1088015.smt_in.smt2: solved=False, runtime=1200.00s, PAR-2=2400.00s
[DEBUG] Processing 939/2285: UF/sledgehammer/Hoare/uf.1071655.smt2
[DEBUG] Predicted solver: iProver for benchmark UF/sledgehammer/Hoare/uf.1071655.smt2
[DEBUG] Benchmark UF/sledgehammer/Hoare/uf.1071655.smt2: solved=True, runtime=0.90s, PAR-2=0.90s
[DEBUG] Processing 940/2285: UF/sledgehammer/TwoSquares/uf.815651.smt2
[DEBUG] Predicted solver: iProver for benchmark UF/sledgehammer/TwoSquares/uf.815651.smt2
[DEBUG] Benchmark UF/sledgehammer/TwoSquares/uf.815651.smt2: solved=True, runtime=1.36s, PAR-2=1.36s
[DEBUG] Processing 941/2285: UF/sledgehammer/QEpres/uf.822228.smt2
[DEBUG] Predicted solver: cvc5 for benchmark UF/sledgehammer/QEpres/uf.822228.smt2
[DEBUG] Benchmark UF/sledgehammer/QEpres/uf.822228.smt2: solved=False, runtime=1200.00s, PAR-2=2400.00s
[DEBUG] Processing 942/2285: UF/20170428-Barrett/cdt-cade2015/nada/afp/coinductive_list/x2015_09_10_17_08_07_360_2293227.smt_in.smt2
[DEBUG] Predicted solver: cvc5 for benchmark UF/20170428-Barrett/cdt-cade2015/nada/afp/coinductive_list/x2015_09_10_17_08_07_360_2293227.smt_in.smt2
[DEBUG] Benchmark UF/20170428-Barrett/cdt-cade2015/nada/afp/coinductive_list/x2015_09_10_17_08_07_360_2293227.smt_in.smt2: solved=False, runtime=1200.00s, PAR-2=2400.00s
[DEBUG] Processing 943/2285: UF/20170428-Barrett/cdt-cade2015/nada/afp/coinductive_list/x2015_09_10_16_57_10_863_1486282.smt_in.smt2
[DEBUG] Predicted solver: cvc5 for benchmark UF/20170428-Barrett/cdt-cade2015/nada/afp/coinductive_list/x2015_09_10_16_57_10_863_1486282.smt_in.smt2
[DEBUG] Benchmark UF/20170428-Barrett/cdt-cade2015/nada/afp/coinductive_list/x2015_09_10_16_57_10_863_1486282.smt_in.smt2: solved=False, runtime=1200.00s, PAR-2=2400.00s
[DEBUG] Processing 944/2285: UF/20170428-Barrett/cdt-cade2015/nada/afp/coinductive_list/x2015_09_10_17_18_13_118_2829552.smt_in.smt2
[DEBUG] Predicted solver: Yices2 for benchmark UF/20170428-Barrett/cdt-cade2015/nada/afp/coinductive_list/x2015_09_10_17_18_13_118_2829552.smt_in.smt2
[DEBUG] Benchmark UF/20170428-Barrett/cdt-cade2015/nada/afp/coinductive_list/x2015_09_10_17_18_13_118_2829552.smt_in.smt2: solved=False, runtime=1200.00s, PAR-2=2400.00s
[DEBUG] Processing 945/2285: UF/20170428-Barrett/cdt-cade2015/nada/afp/coinductive_list/x2015_09_10_16_56_50_873_1470085.smt_in.smt2
[DEBUG] Predicted solver: iProver for benchmark UF/20170428-Barrett/cdt-cade2015/nada/afp/coinductive_list/x2015_09_10_16_56_50_873_1470085.smt_in.smt2
[DEBUG] Benchmark UF/20170428-Barrett/cdt-cade2015/nada/afp/coinductive_list/x2015_09_10_16_56_50_873_1470085.smt_in.smt2: solved=False, runtime=1200.00s, PAR-2=2400.00s
[DEBUG] Processing 946/2285: UF/sledgehammer/TypeSafe/uf.970410.smt2
[DEBUG] Predicted solver: cvc5 for benchmark UF/sledgehammer/TypeSafe/uf.970410.smt2
[DEBUG] Benchmark UF/sledgehammer/TypeSafe/uf.970410.smt2: solved=False, runtime=1200.00s, PAR-2=2400.00s
[DEBUG] Processing 947/2285: UF/20170428-Barrett/cdt-cade2015/nada/afp/sorted_list_operations/x2015_09_10_16_47_34_588_1060200.smt_in.smt2
[DEBUG] Predicted solver: cvc5 for benchmark UF/20170428-Barrett/cdt-cade2015/nada/afp/sorted_list_operations/x2015_09_10_16_47_34_588_1060200.smt_in.smt2
[DEBUG] Benchmark UF/20170428-Barrett/cdt-cade2015/nada/afp/sorted_list_operations/x2015_09_10_16_47_34_588_1060200.smt_in.smt2: solved=False, runtime=1200.00s, PAR-2=2400.00s
[DEBUG] Processing 948/2285: UF/sledgehammer/TypeSafe/smtlib.989687.smt2
[DEBUG] Predicted solver: cvc5 for benchmark UF/sledgehammer/TypeSafe/smtlib.989687.smt2
[DEBUG] Benchmark UF/sledgehammer/TypeSafe/smtlib.989687.smt2: solved=True, runtime=0.38s, PAR-2=0.38s
[DEBUG] Processing 949/2285: UF/sledgehammer/Fundamental_Theorem_Algebra/uf.1403329.smt2
[DEBUG] Predicted solver: iProver for benchmark UF/sledgehammer/Fundamental_Theorem_Algebra/uf.1403329.smt2
[DEBUG] Benchmark UF/sledgehammer/Fundamental_Theorem_Algebra/uf.1403329.smt2: solved=True, runtime=1.39s, PAR-2=1.39s
[DEBUG] Processing 950/2285: UF/20170428-Barrett/cdt-cade2015/nada/distro/rbt_impl/x2015_09_10_16_51_07_242_1082365.smt_in.smt2
[DEBUG] Predicted solver: Yices2 for benchmark UF/20170428-Barrett/cdt-cade2015/nada/distro/rbt_impl/x2015_09_10_16_51_07_242_1082365.smt_in.smt2
[DEBUG] Benchmark UF/20170428-Barrett/cdt-cade2015/nada/distro/rbt_impl/x2015_09_10_16_51_07_242_1082365.smt_in.smt2: solved=True, runtime=0.23s, PAR-2=0.23s
[DEBUG] Processing 951/2285: UF/grasshopper/uninstantiated/traverse1_loop_invariant_20_3.smt2
[DEBUG] Predicted solver: Yices2 for benchmark UF/grasshopper/uninstantiated/traverse1_loop_invariant_20_3.smt2
[DEBUG] Benchmark UF/grasshopper/uninstantiated/traverse1_loop_invariant_20_3.smt2: solved=True, runtime=0.33s, PAR-2=0.33s
[DEBUG] Processing 952/2285: UF/20190906-CLEARSY/0016/00771.smt2
[DEBUG] Predicted solver: Yices2 for benchmark UF/20190906-CLEARSY/0016/00771.smt2
[DEBUG] Benchmark UF/20190906-CLEARSY/0016/00771.smt2: solved=True, runtime=0.27s, PAR-2=0.27s
[DEBUG] Processing 953/2285: UF/sledgehammer/FFT/uf.592854.smt2
[DEBUG] Predicted solver: iProver for benchmark UF/sledgehammer/FFT/uf.592854.smt2
[DEBUG] Benchmark UF/sledgehammer/FFT/uf.592854.smt2: solved=False, runtime=1200.00s, PAR-2=2400.00s
[DEBUG] Processing 954/2285: UF/20170428-Barrett/cdt-cade2015/nada/distro/gram_lang/x2015_09_10_16_49_59_968_1227868.smt_in.smt2
[DEBUG] Predicted solver: cvc5 for benchmark UF/20170428-Barrett/cdt-cade2015/nada/distro/gram_lang/x2015_09_10_16_49_59_968_1227868.smt_in.smt2
[DEBUG] Benchmark UF/20170428-Barrett/cdt-cade2015/nada/distro/gram_lang/x2015_09_10_16_49_59_968_1227868.smt_in.smt2: solved=True, runtime=630.94s, PAR-2=630.94s
[DEBUG] Processing 955/2285: UF/sledgehammer/TypeSafe/uf.748938.smt2
[DEBUG] Predicted solver: Yices2 for benchmark UF/sledgehammer/TypeSafe/uf.748938.smt2
[DEBUG] Benchmark UF/sledgehammer/TypeSafe/uf.748938.smt2: solved=False, runtime=1200.00s, PAR-2=2400.00s
[DEBUG] Processing 956/2285: UF/20170428-Barrett/cdt-cade2015/nada/distro/gram_lang/x2015_09_10_16_50_36_368_1259758.smt_in.smt2
[DEBUG] Predicted solver: Yices2 for benchmark UF/20170428-Barrett/cdt-cade2015/nada/distro/gram_lang/x2015_09_10_16_50_36_368_1259758.smt_in.smt2
[DEBUG] Benchmark UF/20170428-Barrett/cdt-cade2015/nada/distro/gram_lang/x2015_09_10_16_50_36_368_1259758.smt_in.smt2: solved=True, runtime=0.23s, PAR-2=0.23s
[DEBUG] Processing 957/2285: UF/sledgehammer/FFT/uf.564278.smt2
[DEBUG] Predicted solver: iProver for benchmark UF/sledgehammer/FFT/uf.564278.smt2
[DEBUG] Benchmark UF/sledgehammer/FFT/uf.564278.smt2: solved=False, runtime=1200.00s, PAR-2=2400.00s
[DEBUG] Processing 958/2285: UF/20170428-Barrett/cdt-cade2015/nada/afp/coinductive_list/x2015_09_10_17_15_42_718_2746091.smt_in.smt2
[DEBUG] Predicted solver: cvc5 for benchmark UF/20170428-Barrett/cdt-cade2015/nada/afp/coinductive_list/x2015_09_10_17_15_42_718_2746091.smt_in.smt2
[DEBUG] Benchmark UF/20170428-Barrett/cdt-cade2015/nada/afp/coinductive_list/x2015_09_10_17_15_42_718_2746091.smt_in.smt2: solved=False, runtime=1200.00s, PAR-2=2400.00s
[DEBUG] Processing 959/2285: UF/sledgehammer/TypeSafe/smtlib.714509.smt2
[DEBUG] Predicted solver: cvc5 for benchmark UF/sledgehammer/TypeSafe/smtlib.714509.smt2
[DEBUG] Benchmark UF/sledgehammer/TypeSafe/smtlib.714509.smt2: solved=True, runtime=541.61s, PAR-2=541.61s
[DEBUG] Processing 960/2285: UF/sledgehammer/QEpres/uf.673135.smt2
[DEBUG] Predicted solver: cvc5 for benchmark UF/sledgehammer/QEpres/uf.673135.smt2
[DEBUG] Benchmark UF/sledgehammer/QEpres/uf.673135.smt2: solved=False, runtime=1200.00s, PAR-2=2400.00s
[DEBUG] Processing 961/2285: UF/20170428-Barrett/cdt-cade2015/nada/afp/coinductive_list/x2015_09_10_16_59_26_756_1612095.smt_in.smt2
[DEBUG] Predicted solver: cvc5 for benchmark UF/20170428-Barrett/cdt-cade2015/nada/afp/coinductive_list/x2015_09_10_16_59_26_756_1612095.smt_in.smt2
[DEBUG] Benchmark UF/20170428-Barrett/cdt-cade2015/nada/afp/coinductive_list/x2015_09_10_16_59_26_756_1612095.smt_in.smt2: solved=False, runtime=1200.00s, PAR-2=2400.00s
[DEBUG] Processing 962/2285: UF/20170428-Barrett/cdt-cade2015/nada/afp/huffman/x2015_09_10_16_51_27_783_1315810.smt_in.smt2
[DEBUG] Predicted solver: Yices2 for benchmark UF/20170428-Barrett/cdt-cade2015/nada/afp/huffman/x2015_09_10_16_51_27_783_1315810.smt_in.smt2
[DEBUG] Benchmark UF/20170428-Barrett/cdt-cade2015/nada/afp/huffman/x2015_09_10_16_51_27_783_1315810.smt_in.smt2: solved=False, runtime=1200.00s, PAR-2=2400.00s
[DEBUG] Processing 963/2285: UF/sledgehammer/FFT/uf.775540.smt2
[DEBUG] Predicted solver: iProver for benchmark UF/sledgehammer/FFT/uf.775540.smt2
[DEBUG] Benchmark UF/sledgehammer/FFT/uf.775540.smt2: solved=False, runtime=1200.00s, PAR-2=2400.00s
[DEBUG] Processing 964/2285: UF/sledgehammer/Fundamental_Theorem_Algebra/uf.1355191.smt2
[DEBUG] Predicted solver: iProver for benchmark UF/sledgehammer/Fundamental_Theorem_Algebra/uf.1355191.smt2
[DEBUG] Benchmark UF/sledgehammer/Fundamental_Theorem_Algebra/uf.1355191.smt2: solved=False, runtime=1200.00s, PAR-2=2400.00s
[DEBUG] Processing 965/2285: UF/20170428-Barrett/cdt-cade2015/nada/distro/rbt_impl/x2015_09_10_16_56_49_801_1728132.smt_in.smt2
[DEBUG] Predicted solver: Yices2 for benchmark UF/20170428-Barrett/cdt-cade2015/nada/distro/rbt_impl/x2015_09_10_16_56_49_801_1728132.smt_in.smt2
[DEBUG] Benchmark UF/20170428-Barrett/cdt-cade2015/nada/distro/rbt_impl/x2015_09_10_16_56_49_801_1728132.smt_in.smt2: solved=False, runtime=1200.00s, PAR-2=2400.00s
[DEBUG] Processing 966/2285: UF/sledgehammer/TypeSafe/uf.930739.smt2
[DEBUG] Predicted solver: cvc5 for benchmark UF/sledgehammer/TypeSafe/uf.930739.smt2
[DEBUG] Benchmark UF/sledgehammer/TypeSafe/uf.930739.smt2: solved=False, runtime=1200.00s, PAR-2=2400.00s
[DEBUG] Processing 967/2285: UF/20170428-Barrett/cdt-cade2015/nada/afp/coinductive_list/x2015_09_10_17_15_45_263_2747225.smt_in.smt2
[DEBUG] Predicted solver: cvc5 for benchmark UF/20170428-Barrett/cdt-cade2015/nada/afp/coinductive_list/x2015_09_10_17_15_45_263_2747225.smt_in.smt2
[DEBUG] Benchmark UF/20170428-Barrett/cdt-cade2015/nada/afp/coinductive_list/x2015_09_10_17_15_45_263_2747225.smt_in.smt2: solved=False, runtime=1200.00s, PAR-2=2400.00s
[DEBUG] Processing 968/2285: UF/20170428-Barrett/cdt-cade2015/nada/afp/llist2/x2015_09_10_16_55_54_740_1302690.smt_in.smt2
[DEBUG] Predicted solver: iProver for benchmark UF/20170428-Barrett/cdt-cade2015/nada/afp/llist2/x2015_09_10_16_55_54_740_1302690.smt_in.smt2
[DEBUG] Benchmark UF/20170428-Barrett/cdt-cade2015/nada/afp/llist2/x2015_09_10_16_55_54_740_1302690.smt_in.smt2: solved=False, runtime=1200.00s, PAR-2=2400.00s
[DEBUG] Processing 969/2285: UF/sledgehammer/Hoare/uf.897425.smt2
[DEBUG] Predicted solver: iProver for benchmark UF/sledgehammer/Hoare/uf.897425.smt2
[DEBUG] Benchmark UF/sledgehammer/Hoare/uf.897425.smt2: solved=False, runtime=1200.00s, PAR-2=2400.00s
[DEBUG] Processing 970/2285: UF/20170428-Barrett/cdt-cade2015/nada/afp/llist2/x2015_09_10_16_53_36_888_1212209.smt_in.smt2
[DEBUG] Predicted solver: Yices2 for benchmark UF/20170428-Barrett/cdt-cade2015/nada/afp/llist2/x2015_09_10_16_53_36_888_1212209.smt_in.smt2
[DEBUG] Benchmark UF/20170428-Barrett/cdt-cade2015/nada/afp/llist2/x2015_09_10_16_53_36_888_1212209.smt_in.smt2: solved=False, runtime=1200.00s, PAR-2=2400.00s
[DEBUG] Processing 971/2285: UF/sledgehammer/NS_Shared/uf.580209.smt2
[DEBUG] Predicted solver: Yices2 for benchmark UF/sledgehammer/NS_Shared/uf.580209.smt2
[DEBUG] Benchmark UF/sledgehammer/NS_Shared/uf.580209.smt2: solved=False, runtime=1200.00s, PAR-2=2400.00s
[DEBUG] Processing 972/2285: UF/20170428-Barrett/cdt-cade2015/nada/distro/rbt_impl/x2015_09_10_16_57_08_011_1745319.smt_in.smt2
[DEBUG] Predicted solver: iProver for benchmark UF/20170428-Barrett/cdt-cade2015/nada/distro/rbt_impl/x2015_09_10_16_57_08_011_1745319.smt_in.smt2
[DEBUG] Benchmark UF/20170428-Barrett/cdt-cade2015/nada/distro/rbt_impl/x2015_09_10_16_57_08_011_1745319.smt_in.smt2: solved=False, runtime=1200.00s, PAR-2=2400.00s
[DEBUG] Processing 973/2285: UF/sledgehammer/Arrow_Order/smtlib.576577.smt2
[DEBUG] Predicted solver: iProver for benchmark UF/sledgehammer/Arrow_Order/smtlib.576577.smt2
[DEBUG] Benchmark UF/sledgehammer/Arrow_Order/smtlib.576577.smt2: solved=True, runtime=0.88s, PAR-2=0.88s
[DEBUG] Processing 974/2285: UF/sledgehammer/TypeSafe/uf.788377.smt2
[DEBUG] Predicted solver: Yices2 for benchmark UF/sledgehammer/TypeSafe/uf.788377.smt2
[DEBUG] Benchmark UF/sledgehammer/TypeSafe/uf.788377.smt2: solved=False, runtime=1200.00s, PAR-2=2400.00s
[DEBUG] Processing 975/2285: UF/sledgehammer/QEpres/uf.901291.smt2
[DEBUG] Predicted solver: cvc5 for benchmark UF/sledgehammer/QEpres/uf.901291.smt2
[DEBUG] Benchmark UF/sledgehammer/QEpres/uf.901291.smt2: solved=False, runtime=1200.00s, PAR-2=2400.00s
[DEBUG] Processing 976/2285: UF/sledgehammer/FFT/uf.588197.smt2
[DEBUG] Predicted solver: iProver for benchmark UF/sledgehammer/FFT/uf.588197.smt2
[DEBUG] Benchmark UF/sledgehammer/FFT/uf.588197.smt2: solved=False, runtime=1200.00s, PAR-2=2400.00s
[DEBUG] Processing 977/2285: UF/20170428-Barrett/cdt-cade2015/nada/distro/rbt_impl/x2015_09_10_16_58_46_766_1848627.smt_in.smt2
[DEBUG] Predicted solver: cvc5 for benchmark UF/20170428-Barrett/cdt-cade2015/nada/distro/rbt_impl/x2015_09_10_16_58_46_766_1848627.smt_in.smt2
[DEBUG] Benchmark UF/20170428-Barrett/cdt-cade2015/nada/distro/rbt_impl/x2015_09_10_16_58_46_766_1848627.smt_in.smt2: solved=True, runtime=541.84s, PAR-2=541.84s
[DEBUG] Processing 978/2285: UF/sledgehammer/TypeSafe/smtlib.1314525.smt2
[DEBUG] Predicted solver: iProver for benchmark UF/sledgehammer/TypeSafe/smtlib.1314525.smt2
[DEBUG] Benchmark UF/sledgehammer/TypeSafe/smtlib.1314525.smt2: solved=False, runtime=1200.00s, PAR-2=2400.00s
[DEBUG] Processing 979/2285: UF/20170428-Barrett/cdt-cade2015/nada/afp/coinductive_list/x2015_09_10_17_04_41_264_2010740.smt_in.smt2
[DEBUG] Predicted solver: cvc5 for benchmark UF/20170428-Barrett/cdt-cade2015/nada/afp/coinductive_list/x2015_09_10_17_04_41_264_2010740.smt_in.smt2
[DEBUG] Benchmark UF/20170428-Barrett/cdt-cade2015/nada/afp/coinductive_list/x2015_09_10_17_04_41_264_2010740.smt_in.smt2: solved=False, runtime=1200.00s, PAR-2=2400.00s
[DEBUG] Processing 980/2285: UF/grasshopper/instantiated/copy_postcondition_of_copy_25_2.smt2
[DEBUG] Predicted solver: iProver for benchmark UF/grasshopper/instantiated/copy_postcondition_of_copy_25_2.smt2
[DEBUG] Benchmark UF/grasshopper/instantiated/copy_postcondition_of_copy_25_2.smt2: solved=True, runtime=0.84s, PAR-2=0.84s
[DEBUG] Processing 981/2285: UF/sledgehammer/Hoare/uf.870874.smt2
[DEBUG] Predicted solver: iProver for benchmark UF/sledgehammer/Hoare/uf.870874.smt2
[DEBUG] Benchmark UF/sledgehammer/Hoare/uf.870874.smt2: solved=True, runtime=0.83s, PAR-2=0.83s
[DEBUG] Processing 982/2285: UF/sledgehammer/Fundamental_Theorem_Algebra/uf.1057323.smt2
[DEBUG] Predicted solver: iProver for benchmark UF/sledgehammer/Fundamental_Theorem_Algebra/uf.1057323.smt2
[DEBUG] Benchmark UF/sledgehammer/Fundamental_Theorem_Algebra/uf.1057323.smt2: solved=True, runtime=1.84s, PAR-2=1.84s
[DEBUG] Processing 983/2285: UF/sledgehammer/FFT/uf.720883.smt2
[DEBUG] Predicted solver: iProver for benchmark UF/sledgehammer/FFT/uf.720883.smt2
[DEBUG] Benchmark UF/sledgehammer/FFT/uf.720883.smt2: solved=False, runtime=1200.00s, PAR-2=2400.00s
[DEBUG] Processing 984/2285: UF/20170428-Barrett/cdt-cade2015/nada/distro/stream/x2015_09_10_16_49_21_981_1161562.smt_in.smt2
[DEBUG] Predicted solver: cvc5 for benchmark UF/20170428-Barrett/cdt-cade2015/nada/distro/stream/x2015_09_10_16_49_21_981_1161562.smt_in.smt2
[DEBUG] Benchmark UF/20170428-Barrett/cdt-cade2015/nada/distro/stream/x2015_09_10_16_49_21_981_1161562.smt_in.smt2: solved=False, runtime=1200.00s, PAR-2=2400.00s
[DEBUG] Processing 985/2285: UF/sledgehammer/QEpres/uf.670574.smt2
[DEBUG] Predicted solver: cvc5 for benchmark UF/sledgehammer/QEpres/uf.670574.smt2
[DEBUG] Benchmark UF/sledgehammer/QEpres/uf.670574.smt2: solved=False, runtime=1200.00s, PAR-2=2400.00s
[DEBUG] Processing 986/2285: UF/sledgehammer/Hoare/uf.787767.smt2
[DEBUG] Predicted solver: cvc5 for benchmark UF/sledgehammer/Hoare/uf.787767.smt2
[DEBUG] Benchmark UF/sledgehammer/Hoare/uf.787767.smt2: solved=True, runtime=5.68s, PAR-2=5.68s
[DEBUG] Processing 987/2285: UF/sledgehammer/TypeSafe/smtlib.735236.smt2
[DEBUG] Predicted solver: cvc5 for benchmark UF/sledgehammer/TypeSafe/smtlib.735236.smt2
[DEBUG] Benchmark UF/sledgehammer/TypeSafe/smtlib.735236.smt2: solved=False, runtime=1200.00s, PAR-2=2400.00s
[DEBUG] Processing 988/2285: UF/20170428-Barrett/cdt-cade2015/nada/afp/coinductive_list/x2015_09_10_17_11_27_709_2552723.smt_in.smt2
[DEBUG] Predicted solver: cvc5 for benchmark UF/20170428-Barrett/cdt-cade2015/nada/afp/coinductive_list/x2015_09_10_17_11_27_709_2552723.smt_in.smt2
[DEBUG] Benchmark UF/20170428-Barrett/cdt-cade2015/nada/afp/coinductive_list/x2015_09_10_17_11_27_709_2552723.smt_in.smt2: solved=True, runtime=0.27s, PAR-2=0.27s
[DEBUG] Processing 989/2285: UF/sledgehammer/Fundamental_Theorem_Algebra/uf.1281914.smt2
[DEBUG] Predicted solver: cvc5 for benchmark UF/sledgehammer/Fundamental_Theorem_Algebra/uf.1281914.smt2
[DEBUG] Benchmark UF/sledgehammer/Fundamental_Theorem_Algebra/uf.1281914.smt2: solved=True, runtime=0.32s, PAR-2=0.32s
[DEBUG] Processing 990/2285: UF/sledgehammer/Fundamental_Theorem_Algebra/uf.1089059.smt2
[DEBUG] Predicted solver: cvc5 for benchmark UF/sledgehammer/Fundamental_Theorem_Algebra/uf.1089059.smt2
[DEBUG] Benchmark UF/sledgehammer/Fundamental_Theorem_Algebra/uf.1089059.smt2: solved=False, runtime=1200.00s, PAR-2=2400.00s
[DEBUG] Processing 991/2285: UF/sledgehammer/StrongNorm/uf.834723.smt2
[DEBUG] Predicted solver: iProver for benchmark UF/sledgehammer/StrongNorm/uf.834723.smt2
[DEBUG] Benchmark UF/sledgehammer/StrongNorm/uf.834723.smt2: solved=False, runtime=1200.00s, PAR-2=2400.00s
[DEBUG] Processing 992/2285: UF/20170428-Barrett/cdt-cade2015/nada/afp/coinductive_list/x2015_09_10_16_53_42_006_1304080.smt_in.smt2
[DEBUG] Predicted solver: Yices2 for benchmark UF/20170428-Barrett/cdt-cade2015/nada/afp/coinductive_list/x2015_09_10_16_53_42_006_1304080.smt_in.smt2
[DEBUG] Benchmark UF/20170428-Barrett/cdt-cade2015/nada/afp/coinductive_list/x2015_09_10_16_53_42_006_1304080.smt_in.smt2: solved=False, runtime=1200.00s, PAR-2=2400.00s
[DEBUG] Processing 993/2285: UF/sledgehammer/FFT/uf.870535.smt2
[DEBUG] Predicted solver: iProver for benchmark UF/sledgehammer/FFT/uf.870535.smt2
[DEBUG] Benchmark UF/sledgehammer/FFT/uf.870535.smt2: solved=False, runtime=1200.00s, PAR-2=2400.00s
[DEBUG] Processing 994/2285: UF/sledgehammer/Arrow_Order/uf.579848.smt2
[DEBUG] Predicted solver: cvc5 for benchmark UF/sledgehammer/Arrow_Order/uf.579848.smt2
[DEBUG] Benchmark UF/sledgehammer/Arrow_Order/uf.579848.smt2: solved=False, runtime=1200.00s, PAR-2=2400.00s
[DEBUG] Processing 995/2285: UF/sledgehammer/Hoare/uf.801226.smt2
[DEBUG] Predicted solver: iProver for benchmark UF/sledgehammer/Hoare/uf.801226.smt2
[DEBUG] Benchmark UF/sledgehammer/Hoare/uf.801226.smt2: solved=True, runtime=1.34s, PAR-2=1.34s
[DEBUG] Processing 996/2285: UF/20170428-Barrett/cdt-cade2015/nada/afp/koenigslemma/x2015_09_10_16_53_54_684_1149263.smt_in.smt2
[DEBUG] Predicted solver: Yices2 for benchmark UF/20170428-Barrett/cdt-cade2015/nada/afp/koenigslemma/x2015_09_10_16_53_54_684_1149263.smt_in.smt2
[DEBUG] Benchmark UF/20170428-Barrett/cdt-cade2015/nada/afp/koenigslemma/x2015_09_10_16_53_54_684_1149263.smt_in.smt2: solved=False, runtime=1200.00s, PAR-2=2400.00s
[DEBUG] Processing 997/2285: UF/sledgehammer/Fundamental_Theorem_Algebra/uf.898101.smt2
[DEBUG] Predicted solver: cvc5 for benchmark UF/sledgehammer/Fundamental_Theorem_Algebra/uf.898101.smt2
[DEBUG] Benchmark UF/sledgehammer/Fundamental_Theorem_Algebra/uf.898101.smt2: solved=True, runtime=30.32s, PAR-2=30.32s
[DEBUG] Processing 998/2285: UF/20170428-Barrett/cdt-cade2015/nada/distro/gram_lang/x2015_09_10_16_53_43_657_1438229.smt_in.smt2
[DEBUG] Predicted solver: cvc5 for benchmark UF/20170428-Barrett/cdt-cade2015/nada/distro/gram_lang/x2015_09_10_16_53_43_657_1438229.smt_in.smt2
[DEBUG] Benchmark UF/20170428-Barrett/cdt-cade2015/nada/distro/gram_lang/x2015_09_10_16_53_43_657_1438229.smt_in.smt2: solved=True, runtime=550.06s, PAR-2=550.06s
[DEBUG] Processing 999/2285: UF/sledgehammer/TypeSafe/smtlib.712839.smt2
[DEBUG] Predicted solver: cvc5 for benchmark UF/sledgehammer/TypeSafe/smtlib.712839.smt2
[DEBUG] Benchmark UF/sledgehammer/TypeSafe/smtlib.712839.smt2: solved=False, runtime=1200.00s, PAR-2=2400.00s
[DEBUG] Processing 1000/2285: UF/sledgehammer/Fundamental_Theorem_Algebra/uf.783176.smt2
[DEBUG] Predicted solver: iProver for benchmark UF/sledgehammer/Fundamental_Theorem_Algebra/uf.783176.smt2
[DEBUG] Benchmark UF/sledgehammer/Fundamental_Theorem_Algebra/uf.783176.smt2: solved=True, runtime=17.43s, PAR-2=17.43s
[DEBUG] Processing 1001/2285: UF/grasshopper/instantiated/dl_insert_loop_invariant_30_5.smt2
[DEBUG] Predicted solver: Yices2 for benchmark UF/grasshopper/instantiated/dl_insert_loop_invariant_30_5.smt2
[DEBUG] Benchmark UF/grasshopper/instantiated/dl_insert_loop_invariant_30_5.smt2: solved=True, runtime=0.65s, PAR-2=0.65s
[DEBUG] Processing 1002/2285: UF/sledgehammer/Hoare/uf.1045521.smt2
[DEBUG] Predicted solver: iProver for benchmark UF/sledgehammer/Hoare/uf.1045521.smt2
[DEBUG] Benchmark UF/sledgehammer/Hoare/uf.1045521.smt2: solved=False, runtime=1200.00s, PAR-2=2400.00s
[DEBUG] Processing 1003/2285: UF/sledgehammer/TypeSafe/smtlib.1262852.smt2
[DEBUG] Predicted solver: iProver for benchmark UF/sledgehammer/TypeSafe/smtlib.1262852.smt2
[DEBUG] Benchmark UF/sledgehammer/TypeSafe/smtlib.1262852.smt2: solved=False, runtime=1200.00s, PAR-2=2400.00s
[DEBUG] Processing 1004/2285: UF/20170428-Barrett/cdt-cade2015/nada/afp/coinductive_list/x2015_09_10_17_18_17_465_2831777.smt_in.smt2
[DEBUG] Predicted solver: Yices2 for benchmark UF/20170428-Barrett/cdt-cade2015/nada/afp/coinductive_list/x2015_09_10_17_18_17_465_2831777.smt_in.smt2
[DEBUG] Benchmark UF/20170428-Barrett/cdt-cade2015/nada/afp/coinductive_list/x2015_09_10_17_18_17_465_2831777.smt_in.smt2: solved=True, runtime=0.22s, PAR-2=0.22s
[DEBUG] Processing 1005/2285: UF/sledgehammer/Fundamental_Theorem_Algebra/smtlib.968857.smt2
[DEBUG] Predicted solver: iProver for benchmark UF/sledgehammer/Fundamental_Theorem_Algebra/smtlib.968857.smt2
[DEBUG] Benchmark UF/sledgehammer/Fundamental_Theorem_Algebra/smtlib.968857.smt2: solved=False, runtime=1200.00s, PAR-2=2400.00s
[DEBUG] Processing 1006/2285: UF/20170428-Barrett/cdt-cade2015/nada/afp/coinductive_list/x2015_09_10_16_55_45_042_1418433.smt_in.smt2
[DEBUG] Predicted solver: cvc5 for benchmark UF/20170428-Barrett/cdt-cade2015/nada/afp/coinductive_list/x2015_09_10_16_55_45_042_1418433.smt_in.smt2
[DEBUG] Benchmark UF/20170428-Barrett/cdt-cade2015/nada/afp/coinductive_list/x2015_09_10_16_55_45_042_1418433.smt_in.smt2: solved=True, runtime=30.30s, PAR-2=30.30s
[DEBUG] Processing 1007/2285: UF/sledgehammer/TwoSquares/uf.663922.smt2
[DEBUG] Predicted solver: iProver for benchmark UF/sledgehammer/TwoSquares/uf.663922.smt2
[DEBUG] Benchmark UF/sledgehammer/TwoSquares/uf.663922.smt2: solved=True, runtime=3.36s, PAR-2=3.36s
[DEBUG] Processing 1008/2285: UF/grasshopper/uninstantiated/find_precondition_of_find_19_11.smt2
[DEBUG] Predicted solver: Yices2 for benchmark UF/grasshopper/uninstantiated/find_precondition_of_find_19_11.smt2
[DEBUG] Benchmark UF/grasshopper/uninstantiated/find_precondition_of_find_19_11.smt2: solved=True, runtime=0.30s, PAR-2=0.30s
[DEBUG] Processing 1009/2285: UF/20170428-Barrett/cdt-cade2015/nada/distro/gram_lang/x2015_09_10_16_51_40_986_1317089.smt_in.smt2
[DEBUG] Predicted solver: Yices2 for benchmark UF/20170428-Barrett/cdt-cade2015/nada/distro/gram_lang/x2015_09_10_16_51_40_986_1317089.smt_in.smt2
[DEBUG] Benchmark UF/20170428-Barrett/cdt-cade2015/nada/distro/gram_lang/x2015_09_10_16_51_40_986_1317089.smt_in.smt2: solved=True, runtime=0.24s, PAR-2=0.24s
[DEBUG] Processing 1010/2285: UF/20190906-CLEARSY/0016/00574.smt2
[DEBUG] Predicted solver: iProver for benchmark UF/20190906-CLEARSY/0016/00574.smt2
[DEBUG] Benchmark UF/20190906-CLEARSY/0016/00574.smt2: solved=True, runtime=2.88s, PAR-2=2.88s
[DEBUG] Processing 1011/2285: UF/sledgehammer/Hoare/uf.1092935.smt2
[DEBUG] Predicted solver: cvc5 for benchmark UF/sledgehammer/Hoare/uf.1092935.smt2
[DEBUG] Benchmark UF/sledgehammer/Hoare/uf.1092935.smt2: solved=False, runtime=1200.00s, PAR-2=2400.00s
[DEBUG] Processing 1012/2285: UF/sledgehammer/Arrow_Order/uf.818149.smt2
[DEBUG] Predicted solver: cvc5 for benchmark UF/sledgehammer/Arrow_Order/uf.818149.smt2
[DEBUG] Benchmark UF/sledgehammer/Arrow_Order/uf.818149.smt2: solved=True, runtime=548.54s, PAR-2=548.54s
[DEBUG] Processing 1013/2285: UF/sledgehammer/Fundamental_Theorem_Algebra/uf.1421959.smt2
[DEBUG] Predicted solver: iProver for benchmark UF/sledgehammer/Fundamental_Theorem_Algebra/uf.1421959.smt2
[DEBUG] Benchmark UF/sledgehammer/Fundamental_Theorem_Algebra/uf.1421959.smt2: solved=False, runtime=1200.00s, PAR-2=2400.00s
[DEBUG] Processing 1014/2285: UF/sledgehammer/QEpres/uf.821413.smt2
[DEBUG] Predicted solver: cvc5 for benchmark UF/sledgehammer/QEpres/uf.821413.smt2
[DEBUG] Benchmark UF/sledgehammer/QEpres/uf.821413.smt2: solved=False, runtime=1200.00s, PAR-2=2400.00s
[DEBUG] Processing 1015/2285: UF/sledgehammer/Fundamental_Theorem_Algebra/uf.767018.smt2
[DEBUG] Predicted solver: cvc5 for benchmark UF/sledgehammer/Fundamental_Theorem_Algebra/uf.767018.smt2
[DEBUG] Benchmark UF/sledgehammer/Fundamental_Theorem_Algebra/uf.767018.smt2: solved=False, runtime=1200.00s, PAR-2=2400.00s
[DEBUG] Processing 1016/2285: UF/20170428-Barrett/cdt-cade2015/nada/distro/gram_lang/x2015_09_10_16_48_56_285_1162189.smt_in.smt2
[DEBUG] Predicted solver: Yices2 for benchmark UF/20170428-Barrett/cdt-cade2015/nada/distro/gram_lang/x2015_09_10_16_48_56_285_1162189.smt_in.smt2
[DEBUG] Benchmark UF/20170428-Barrett/cdt-cade2015/nada/distro/gram_lang/x2015_09_10_16_48_56_285_1162189.smt_in.smt2: solved=False, runtime=1200.00s, PAR-2=2400.00s
[DEBUG] Processing 1017/2285: UF/20170428-Barrett/cdt-cade2015/nada/afp/coinductive_stream/x2015_09_10_17_24_34_887_1208020.smt_in.smt2
[DEBUG] Predicted solver: cvc5 for benchmark UF/20170428-Barrett/cdt-cade2015/nada/afp/coinductive_stream/x2015_09_10_17_24_34_887_1208020.smt_in.smt2
[DEBUG] Benchmark UF/20170428-Barrett/cdt-cade2015/nada/afp/coinductive_stream/x2015_09_10_17_24_34_887_1208020.smt_in.smt2: solved=False, runtime=1200.00s, PAR-2=2400.00s
[DEBUG] Processing 1018/2285: UF/sledgehammer/FFT/uf.642828.smt2
[DEBUG] Predicted solver: cvc5 for benchmark UF/sledgehammer/FFT/uf.642828.smt2
[DEBUG] Benchmark UF/sledgehammer/FFT/uf.642828.smt2: solved=True, runtime=0.36s, PAR-2=0.36s
[DEBUG] Processing 1019/2285: UF/sledgehammer/Hoare/uf.891031.smt2
[DEBUG] Predicted solver: iProver for benchmark UF/sledgehammer/Hoare/uf.891031.smt2
[DEBUG] Benchmark UF/sledgehammer/Hoare/uf.891031.smt2: solved=True, runtime=0.84s, PAR-2=0.84s
[DEBUG] Processing 1020/2285: UF/sledgehammer/FFT/uf.857942.smt2
[DEBUG] Predicted solver: iProver for benchmark UF/sledgehammer/FFT/uf.857942.smt2
[DEBUG] Benchmark UF/sledgehammer/FFT/uf.857942.smt2: solved=False, runtime=1200.00s, PAR-2=2400.00s
[DEBUG] Processing 1021/2285: UF/sledgehammer/TwoSquares/uf.629136.smt2
[DEBUG] Predicted solver: iProver for benchmark UF/sledgehammer/TwoSquares/uf.629136.smt2
[DEBUG] Benchmark UF/sledgehammer/TwoSquares/uf.629136.smt2: solved=True, runtime=302.06s, PAR-2=302.06s
[DEBUG] Processing 1022/2285: UF/sledgehammer/NS_Shared/uf.591806.smt2
[DEBUG] Predicted solver: iProver for benchmark UF/sledgehammer/NS_Shared/uf.591806.smt2
[DEBUG] Benchmark UF/sledgehammer/NS_Shared/uf.591806.smt2: solved=False, runtime=1200.00s, PAR-2=2400.00s
[DEBUG] Processing 1023/2285: UF/20170428-Barrett/cdt-cade2015/nada/afp/coinductive_list/x2015_09_10_17_12_27_612_2630913.smt_in.smt2
[DEBUG] Predicted solver: cvc5 for benchmark UF/20170428-Barrett/cdt-cade2015/nada/afp/coinductive_list/x2015_09_10_17_12_27_612_2630913.smt_in.smt2
[DEBUG] Benchmark UF/20170428-Barrett/cdt-cade2015/nada/afp/coinductive_list/x2015_09_10_17_12_27_612_2630913.smt_in.smt2: solved=False, runtime=1200.00s, PAR-2=2400.00s
[DEBUG] Processing 1024/2285: UF/sledgehammer/TypeSafe/smtlib.1197299.smt2
[DEBUG] Predicted solver: Yices2 for benchmark UF/sledgehammer/TypeSafe/smtlib.1197299.smt2
[DEBUG] Benchmark UF/sledgehammer/TypeSafe/smtlib.1197299.smt2: solved=False, runtime=1200.00s, PAR-2=2400.00s
[DEBUG] Processing 1025/2285: UF/sledgehammer/FFT/uf.915721.smt2
[DEBUG] Predicted solver: iProver for benchmark UF/sledgehammer/FFT/uf.915721.smt2
[DEBUG] Benchmark UF/sledgehammer/FFT/uf.915721.smt2: solved=True, runtime=0.87s, PAR-2=0.87s
[DEBUG] Processing 1026/2285: UF/sledgehammer/Hoare/uf.727823.smt2
[DEBUG] Predicted solver: iProver for benchmark UF/sledgehammer/Hoare/uf.727823.smt2
[DEBUG] Benchmark UF/sledgehammer/Hoare/uf.727823.smt2: solved=False, runtime=1200.00s, PAR-2=2400.00s
[DEBUG] Processing 1027/2285: UF/sledgehammer/QEpres/uf.1093001.smt2
[DEBUG] Predicted solver: iProver for benchmark UF/sledgehammer/QEpres/uf.1093001.smt2
[DEBUG] Benchmark UF/sledgehammer/QEpres/uf.1093001.smt2: solved=True, runtime=0.84s, PAR-2=0.84s
[DEBUG] Processing 1028/2285: UF/sledgehammer/Fundamental_Theorem_Algebra/uf.666715.smt2
[DEBUG] Predicted solver: iProver for benchmark UF/sledgehammer/Fundamental_Theorem_Algebra/uf.666715.smt2
[DEBUG] Benchmark UF/sledgehammer/Fundamental_Theorem_Algebra/uf.666715.smt2: solved=False, runtime=1200.00s, PAR-2=2400.00s
[DEBUG] Processing 1029/2285: UF/sledgehammer/TypeSafe/uf.919775.smt2
[DEBUG] Predicted solver: iProver for benchmark UF/sledgehammer/TypeSafe/uf.919775.smt2
[DEBUG] Benchmark UF/sledgehammer/TypeSafe/uf.919775.smt2: solved=False, runtime=1200.00s, PAR-2=2400.00s
[DEBUG] Processing 1030/2285: UF/20170428-Barrett/cdt-cade2015/nada/afp/coinductive_list/x2015_09_10_17_10_07_059_2450499.smt_in.smt2
[DEBUG] Predicted solver: iProver for benchmark UF/20170428-Barrett/cdt-cade2015/nada/afp/coinductive_list/x2015_09_10_17_10_07_059_2450499.smt_in.smt2
[DEBUG] Benchmark UF/20170428-Barrett/cdt-cade2015/nada/afp/coinductive_list/x2015_09_10_17_10_07_059_2450499.smt_in.smt2: solved=False, runtime=1200.00s, PAR-2=2400.00s
[DEBUG] Processing 1031/2285: UF/20170428-Barrett/cdt-cade2015/nada/distro/rbt_impl/x2015_09_10_16_49_58_399_998594.smt_in.smt2
[DEBUG] Predicted solver: Yices2 for benchmark UF/20170428-Barrett/cdt-cade2015/nada/distro/rbt_impl/x2015_09_10_16_49_58_399_998594.smt_in.smt2
[DEBUG] Benchmark UF/20170428-Barrett/cdt-cade2015/nada/distro/rbt_impl/x2015_09_10_16_49_58_399_998594.smt_in.smt2: solved=False, runtime=1200.00s, PAR-2=2400.00s
[DEBUG] Processing 1032/2285: UF/20170428-Barrett/cdt-cade2015/nada/distro/process/x2015_09_10_16_46_29_792_1051661.smt_in.smt2
[DEBUG] Predicted solver: cvc5 for benchmark UF/20170428-Barrett/cdt-cade2015/nada/distro/process/x2015_09_10_16_46_29_792_1051661.smt_in.smt2
[DEBUG] Benchmark UF/20170428-Barrett/cdt-cade2015/nada/distro/process/x2015_09_10_16_46_29_792_1051661.smt_in.smt2: solved=False, runtime=1200.00s, PAR-2=2400.00s
[DEBUG] Processing 1033/2285: UF/sledgehammer/Fundamental_Theorem_Algebra/uf.963318.smt2
[DEBUG] Predicted solver: iProver for benchmark UF/sledgehammer/Fundamental_Theorem_Algebra/uf.963318.smt2
[DEBUG] Benchmark UF/sledgehammer/Fundamental_Theorem_Algebra/uf.963318.smt2: solved=False, runtime=1200.00s, PAR-2=2400.00s
[DEBUG] Processing 1034/2285: UF/sledgehammer/TwoSquares/uf.603183.smt2
[DEBUG] Predicted solver: iProver for benchmark UF/sledgehammer/TwoSquares/uf.603183.smt2
[DEBUG] Benchmark UF/sledgehammer/TwoSquares/uf.603183.smt2: solved=True, runtime=4.89s, PAR-2=4.89s
[DEBUG] Processing 1035/2285: UF/grasshopper/instantiated/dl_dispose_loop_invariant_23_3.smt2
[DEBUG] Predicted solver: Yices2 for benchmark UF/grasshopper/instantiated/dl_dispose_loop_invariant_23_3.smt2
[DEBUG] Benchmark UF/grasshopper/instantiated/dl_dispose_loop_invariant_23_3.smt2: solved=True, runtime=0.38s, PAR-2=0.38s
[DEBUG] Processing 1036/2285: UF/sledgehammer/Hoare/uf.793960.smt2
[DEBUG] Predicted solver: iProver for benchmark UF/sledgehammer/Hoare/uf.793960.smt2
[DEBUG] Benchmark UF/sledgehammer/Hoare/uf.793960.smt2: solved=False, runtime=1200.00s, PAR-2=2400.00s
[DEBUG] Processing 1037/2285: UF/20170428-Barrett/cdt-cade2015/nada/afp/coinductive_list/x2015_09_10_17_12_47_587_2651768.smt_in.smt2
[DEBUG] Predicted solver: Yices2 for benchmark UF/20170428-Barrett/cdt-cade2015/nada/afp/coinductive_list/x2015_09_10_17_12_47_587_2651768.smt_in.smt2
[DEBUG] Benchmark UF/20170428-Barrett/cdt-cade2015/nada/afp/coinductive_list/x2015_09_10_17_12_47_587_2651768.smt_in.smt2: solved=False, runtime=1200.00s, PAR-2=2400.00s
[DEBUG] Processing 1038/2285: UF/sledgehammer/Fundamental_Theorem_Algebra/uf.668532.smt2
[DEBUG] Predicted solver: cvc5 for benchmark UF/sledgehammer/Fundamental_Theorem_Algebra/uf.668532.smt2
[DEBUG] Benchmark UF/sledgehammer/Fundamental_Theorem_Algebra/uf.668532.smt2: solved=False, runtime=1200.00s, PAR-2=2400.00s
[DEBUG] Processing 1039/2285: UF/sledgehammer/FFT/uf.550735.smt2
[DEBUG] Predicted solver: Yices2 for benchmark UF/sledgehammer/FFT/uf.550735.smt2
[DEBUG] Benchmark UF/sledgehammer/FFT/uf.550735.smt2: solved=False, runtime=1200.00s, PAR-2=2400.00s
[DEBUG] Processing 1040/2285: UF/sledgehammer/Fundamental_Theorem_Algebra/uf.1210368.smt2
[DEBUG] Predicted solver: cvc5 for benchmark UF/sledgehammer/Fundamental_Theorem_Algebra/uf.1210368.smt2
[DEBUG] Benchmark UF/sledgehammer/Fundamental_Theorem_Algebra/uf.1210368.smt2: solved=True, runtime=0.27s, PAR-2=0.27s
[DEBUG] Processing 1041/2285: UF/sledgehammer/Hoare/uf.1155352.smt2
[DEBUG] Predicted solver: iProver for benchmark UF/sledgehammer/Hoare/uf.1155352.smt2
[DEBUG] Benchmark UF/sledgehammer/Hoare/uf.1155352.smt2: solved=True, runtime=0.90s, PAR-2=0.90s
[DEBUG] Processing 1042/2285: UF/sledgehammer/Arrow_Order/smtlib.635236.smt2
[DEBUG] Predicted solver: iProver for benchmark UF/sledgehammer/Arrow_Order/smtlib.635236.smt2
[DEBUG] Benchmark UF/sledgehammer/Arrow_Order/smtlib.635236.smt2: solved=True, runtime=3.90s, PAR-2=3.90s
[DEBUG] Processing 1043/2285: UF/20170428-Barrett/cdt-cade2015/nada/afp/coinductive_list/x2015_09_10_16_50_29_032_1133334.smt_in.smt2
[DEBUG] Predicted solver: Yices2 for benchmark UF/20170428-Barrett/cdt-cade2015/nada/afp/coinductive_list/x2015_09_10_16_50_29_032_1133334.smt_in.smt2
[DEBUG] Benchmark UF/20170428-Barrett/cdt-cade2015/nada/afp/coinductive_list/x2015_09_10_16_50_29_032_1133334.smt_in.smt2: solved=False, runtime=1200.00s, PAR-2=2400.00s
[DEBUG] Processing 1044/2285: UF/sledgehammer/NS_Shared/uf.783598.smt2
[DEBUG] Predicted solver: cvc5 for benchmark UF/sledgehammer/NS_Shared/uf.783598.smt2
[DEBUG] Benchmark UF/sledgehammer/NS_Shared/uf.783598.smt2: solved=False, runtime=1200.00s, PAR-2=2400.00s
[DEBUG] Processing 1045/2285: UF/20170428-Barrett/cdt-cade2015/nada/afp/coinductive_list/x2015_09_10_16_56_58_331_1476034.smt_in.smt2
[DEBUG] Predicted solver: Yices2 for benchmark UF/20170428-Barrett/cdt-cade2015/nada/afp/coinductive_list/x2015_09_10_16_56_58_331_1476034.smt_in.smt2
[DEBUG] Benchmark UF/20170428-Barrett/cdt-cade2015/nada/afp/coinductive_list/x2015_09_10_16_56_58_331_1476034.smt_in.smt2: solved=True, runtime=0.29s, PAR-2=0.29s
[DEBUG] Processing 1046/2285: UF/sledgehammer/TypeSafe/uf.729392.smt2
[DEBUG] Predicted solver: cvc5 for benchmark UF/sledgehammer/TypeSafe/uf.729392.smt2
[DEBUG] Benchmark UF/sledgehammer/TypeSafe/uf.729392.smt2: solved=False, runtime=1200.00s, PAR-2=2400.00s
[DEBUG] Processing 1047/2285: UF/sledgehammer/QEpres/uf.766888.smt2
[DEBUG] Predicted solver: cvc5 for benchmark UF/sledgehammer/QEpres/uf.766888.smt2
[DEBUG] Benchmark UF/sledgehammer/QEpres/uf.766888.smt2: solved=False, runtime=1200.00s, PAR-2=2400.00s
[DEBUG] Processing 1048/2285: UF/20170428-Barrett/cdt-cade2015/nada/afp/tllist/x2015_09_10_16_57_26_980_1146217.smt_in.smt2
[DEBUG] Predicted solver: cvc5 for benchmark UF/20170428-Barrett/cdt-cade2015/nada/afp/tllist/x2015_09_10_16_57_26_980_1146217.smt_in.smt2
[DEBUG] Benchmark UF/20170428-Barrett/cdt-cade2015/nada/afp/tllist/x2015_09_10_16_57_26_980_1146217.smt_in.smt2: solved=False, runtime=1200.00s, PAR-2=2400.00s
[DEBUG] Processing 1049/2285: UF/grasshopper/uninstantiated/concat_postcondition_of_concat_24_4.smt2
[DEBUG] Predicted solver: iProver for benchmark UF/grasshopper/uninstantiated/concat_postcondition_of_concat_24_4.smt2
[DEBUG] Benchmark UF/grasshopper/uninstantiated/concat_postcondition_of_concat_24_4.smt2: solved=True, runtime=0.84s, PAR-2=0.84s
[DEBUG] Processing 1050/2285: UF/20170428-Barrett/cdt-cade2015/nada/distro/rbt_impl/x2015_09_10_16_52_28_418_1206065.smt_in.smt2
[DEBUG] Predicted solver: Yices2 for benchmark UF/20170428-Barrett/cdt-cade2015/nada/distro/rbt_impl/x2015_09_10_16_52_28_418_1206065.smt_in.smt2
[DEBUG] Benchmark UF/20170428-Barrett/cdt-cade2015/nada/distro/rbt_impl/x2015_09_10_16_52_28_418_1206065.smt_in.smt2: solved=False, runtime=1200.00s, PAR-2=2400.00s
[DEBUG] Processing 1051/2285: UF/20170428-Barrett/cdt-cade2015/nada/afp/tllist/x2015_09_10_16_57_09_206_1127107.smt_in.smt2
[DEBUG] Predicted solver: cvc5 for benchmark UF/20170428-Barrett/cdt-cade2015/nada/afp/tllist/x2015_09_10_16_57_09_206_1127107.smt_in.smt2
[DEBUG] Benchmark UF/20170428-Barrett/cdt-cade2015/nada/afp/tllist/x2015_09_10_16_57_09_206_1127107.smt_in.smt2: solved=True, runtime=0.64s, PAR-2=0.64s
[DEBUG] Processing 1052/2285: UF/20170428-Barrett/cdt-cade2015/nada/afp/coinductive_list/x2015_09_10_17_09_48_820_2425441.smt_in.smt2
[DEBUG] Predicted solver: iProver for benchmark UF/20170428-Barrett/cdt-cade2015/nada/afp/coinductive_list/x2015_09_10_17_09_48_820_2425441.smt_in.smt2
[DEBUG] Benchmark UF/20170428-Barrett/cdt-cade2015/nada/afp/coinductive_list/x2015_09_10_17_09_48_820_2425441.smt_in.smt2: solved=False, runtime=1200.00s, PAR-2=2400.00s
[DEBUG] Processing 1053/2285: UF/sledgehammer/QEpres/uf.884309.smt2
[DEBUG] Predicted solver: iProver for benchmark UF/sledgehammer/QEpres/uf.884309.smt2
[DEBUG] Benchmark UF/sledgehammer/QEpres/uf.884309.smt2: solved=False, runtime=1200.00s, PAR-2=2400.00s
[DEBUG] Processing 1054/2285: UF/sledgehammer/TwoSquares/uf.742354.smt2
[DEBUG] Predicted solver: iProver for benchmark UF/sledgehammer/TwoSquares/uf.742354.smt2
[DEBUG] Benchmark UF/sledgehammer/TwoSquares/uf.742354.smt2: solved=False, runtime=1200.00s, PAR-2=2400.00s
[DEBUG] Processing 1055/2285: UF/20170428-Barrett/cdt-cade2015/nada/distro/rbt_impl/x2015_09_10_16_51_59_228_1160276.smt_in.smt2
[DEBUG] Predicted solver: Yices2 for benchmark UF/20170428-Barrett/cdt-cade2015/nada/distro/rbt_impl/x2015_09_10_16_51_59_228_1160276.smt_in.smt2
[DEBUG] Benchmark UF/20170428-Barrett/cdt-cade2015/nada/distro/rbt_impl/x2015_09_10_16_51_59_228_1160276.smt_in.smt2: solved=True, runtime=0.27s, PAR-2=0.27s
[DEBUG] Processing 1056/2285: UF/20190906-CLEARSY/0016/00777.smt2
[DEBUG] Predicted solver: iProver for benchmark UF/20190906-CLEARSY/0016/00777.smt2
[DEBUG] Benchmark UF/20190906-CLEARSY/0016/00777.smt2: solved=True, runtime=2.84s, PAR-2=2.84s
[DEBUG] Processing 1057/2285: UF/sledgehammer/QEpres/uf.622653.smt2
[DEBUG] Predicted solver: Yices2 for benchmark UF/sledgehammer/QEpres/uf.622653.smt2
[DEBUG] Benchmark UF/sledgehammer/QEpres/uf.622653.smt2: solved=False, runtime=1200.00s, PAR-2=2400.00s
[DEBUG] Processing 1058/2285: UF/20170428-Barrett/cdt-cade2015/nada/afp/hamming_stream/x2015_09_10_16_48_03_509_1089666.smt_in.smt2
[DEBUG] Predicted solver: Yices2 for benchmark UF/20170428-Barrett/cdt-cade2015/nada/afp/hamming_stream/x2015_09_10_16_48_03_509_1089666.smt_in.smt2
[DEBUG] Benchmark UF/20170428-Barrett/cdt-cade2015/nada/afp/hamming_stream/x2015_09_10_16_48_03_509_1089666.smt_in.smt2: solved=False, runtime=1200.00s, PAR-2=2400.00s
[DEBUG] Processing 1059/2285: UF/sledgehammer/TypeSafe/uf.752518.smt2
[DEBUG] Predicted solver: Yices2 for benchmark UF/sledgehammer/TypeSafe/uf.752518.smt2
[DEBUG] Benchmark UF/sledgehammer/TypeSafe/uf.752518.smt2: solved=False, runtime=1200.00s, PAR-2=2400.00s
[DEBUG] Processing 1060/2285: UF/20170428-Barrett/cdt-cade2015/nada/afp/coinductive_list/x2015_09_10_17_07_33_967_2246036.smt_in.smt2
[DEBUG] Predicted solver: Yices2 for benchmark UF/20170428-Barrett/cdt-cade2015/nada/afp/coinductive_list/x2015_09_10_17_07_33_967_2246036.smt_in.smt2
[DEBUG] Benchmark UF/20170428-Barrett/cdt-cade2015/nada/afp/coinductive_list/x2015_09_10_17_07_33_967_2246036.smt_in.smt2: solved=False, runtime=1200.00s, PAR-2=2400.00s
[DEBUG] Processing 1061/2285: UF/20170428-Barrett/cdt-cade2015/nada/distro/rbt_impl/x2015_09_10_16_52_51_747_1248914.smt_in.smt2
[DEBUG] Predicted solver: cvc5 for benchmark UF/20170428-Barrett/cdt-cade2015/nada/distro/rbt_impl/x2015_09_10_16_52_51_747_1248914.smt_in.smt2
[DEBUG] Benchmark UF/20170428-Barrett/cdt-cade2015/nada/distro/rbt_impl/x2015_09_10_16_52_51_747_1248914.smt_in.smt2: solved=False, runtime=1200.00s, PAR-2=2400.00s
[DEBUG] Processing 1062/2285: UF/sledgehammer/NS_Shared/smtlib.589172.smt2
[DEBUG] Predicted solver: iProver for benchmark UF/sledgehammer/NS_Shared/smtlib.589172.smt2
[DEBUG] Benchmark UF/sledgehammer/NS_Shared/smtlib.589172.smt2: solved=True, runtime=0.89s, PAR-2=0.89s
[DEBUG] Processing 1063/2285: UF/sledgehammer/TwoSquares/uf.667581.smt2
[DEBUG] Predicted solver: iProver for benchmark UF/sledgehammer/TwoSquares/uf.667581.smt2
[DEBUG] Benchmark UF/sledgehammer/TwoSquares/uf.667581.smt2: solved=False, runtime=1200.00s, PAR-2=2400.00s
[DEBUG] Processing 1064/2285: UF/sledgehammer/FFT/uf.885304.smt2
[DEBUG] Predicted solver: cvc5 for benchmark UF/sledgehammer/FFT/uf.885304.smt2
[DEBUG] Benchmark UF/sledgehammer/FFT/uf.885304.smt2: solved=False, runtime=1200.00s, PAR-2=2400.00s
[DEBUG] Processing 1065/2285: UF/sledgehammer/Fundamental_Theorem_Algebra/uf.935206.smt2
[DEBUG] Predicted solver: iProver for benchmark UF/sledgehammer/Fundamental_Theorem_Algebra/uf.935206.smt2
[DEBUG] Benchmark UF/sledgehammer/Fundamental_Theorem_Algebra/uf.935206.smt2: solved=False, runtime=1200.00s, PAR-2=2400.00s
[DEBUG] Processing 1066/2285: UF/sledgehammer/TypeSafe/smtlib.1145742.smt2
[DEBUG] Predicted solver: Yices2 for benchmark UF/sledgehammer/TypeSafe/smtlib.1145742.smt2
[DEBUG] Benchmark UF/sledgehammer/TypeSafe/smtlib.1145742.smt2: solved=False, runtime=1200.00s, PAR-2=2400.00s
[DEBUG] Processing 1067/2285: UF/20201221-induction-by-reflection-schoisswohl/reflectiveInductive/addNeutral-1.smt2
[DEBUG] Predicted solver: iProver for benchmark UF/20201221-induction-by-reflection-schoisswohl/reflectiveInductive/addNeutral-1.smt2
[DEBUG] Benchmark UF/20201221-induction-by-reflection-schoisswohl/reflectiveInductive/addNeutral-1.smt2: solved=False, runtime=1200.00s, PAR-2=2400.00s
[DEBUG] Processing 1068/2285: UF/20170428-Barrett/cdt-cade2015/nada/afp/coinductive_list/x2015_09_10_17_03_05_443_1878876.smt_in.smt2
[DEBUG] Predicted solver: cvc5 for benchmark UF/20170428-Barrett/cdt-cade2015/nada/afp/coinductive_list/x2015_09_10_17_03_05_443_1878876.smt_in.smt2
[DEBUG] Benchmark UF/20170428-Barrett/cdt-cade2015/nada/afp/coinductive_list/x2015_09_10_17_03_05_443_1878876.smt_in.smt2: solved=False, runtime=1200.00s, PAR-2=2400.00s
[DEBUG] Processing 1069/2285: UF/20170428-Barrett/cdt-cade2015/nada/afp/llist2/x2015_09_10_16_53_40_630_1214483.smt_in.smt2
[DEBUG] Predicted solver: Yices2 for benchmark UF/20170428-Barrett/cdt-cade2015/nada/afp/llist2/x2015_09_10_16_53_40_630_1214483.smt_in.smt2
[DEBUG] Benchmark UF/20170428-Barrett/cdt-cade2015/nada/afp/llist2/x2015_09_10_16_53_40_630_1214483.smt_in.smt2: solved=False, runtime=1200.00s, PAR-2=2400.00s
[DEBUG] Processing 1070/2285: UF/sledgehammer/TwoSquares/uf.663784.smt2
[DEBUG] Predicted solver: iProver for benchmark UF/sledgehammer/TwoSquares/uf.663784.smt2
[DEBUG] Benchmark UF/sledgehammer/TwoSquares/uf.663784.smt2: solved=True, runtime=142.04s, PAR-2=142.04s
[DEBUG] Processing 1071/2285: UF/sledgehammer/NS_Shared/smtlib.641200.smt2
[DEBUG] Predicted solver: iProver for benchmark UF/sledgehammer/NS_Shared/smtlib.641200.smt2
[DEBUG] Benchmark UF/sledgehammer/NS_Shared/smtlib.641200.smt2: solved=False, runtime=1200.00s, PAR-2=2400.00s
[DEBUG] Processing 1072/2285: UF/sledgehammer/Fundamental_Theorem_Algebra/uf.1331861.smt2
[DEBUG] Predicted solver: iProver for benchmark UF/sledgehammer/Fundamental_Theorem_Algebra/uf.1331861.smt2
[DEBUG] Benchmark UF/sledgehammer/Fundamental_Theorem_Algebra/uf.1331861.smt2: solved=True, runtime=0.89s, PAR-2=0.89s
[DEBUG] Processing 1073/2285: UF/20170428-Barrett/cdt-cade2015/nada/gandl/stern_brocot_tree/x2015_09_10_16_52_13_375_1100659.smt_in.smt2
[DEBUG] Predicted solver: Yices2 for benchmark UF/20170428-Barrett/cdt-cade2015/nada/gandl/stern_brocot_tree/x2015_09_10_16_52_13_375_1100659.smt_in.smt2
[DEBUG] Benchmark UF/20170428-Barrett/cdt-cade2015/nada/gandl/stern_brocot_tree/x2015_09_10_16_52_13_375_1100659.smt_in.smt2: solved=False, runtime=1200.00s, PAR-2=2400.00s
[DEBUG] Processing 1074/2285: UF/sledgehammer/StrongNorm/uf.811133.smt2
[DEBUG] Predicted solver: iProver for benchmark UF/sledgehammer/StrongNorm/uf.811133.smt2
[DEBUG] Benchmark UF/sledgehammer/StrongNorm/uf.811133.smt2: solved=False, runtime=1200.00s, PAR-2=2400.00s
[DEBUG] Processing 1075/2285: UF/sledgehammer/FFT/uf.609807.smt2
[DEBUG] Predicted solver: iProver for benchmark UF/sledgehammer/FFT/uf.609807.smt2
[DEBUG] Benchmark UF/sledgehammer/FFT/uf.609807.smt2: solved=False, runtime=1200.00s, PAR-2=2400.00s
[DEBUG] Processing 1076/2285: UF/sledgehammer/NS_Shared/uf.839729.smt2
[DEBUG] Predicted solver: Yices2 for benchmark UF/sledgehammer/NS_Shared/uf.839729.smt2
[DEBUG] Benchmark UF/sledgehammer/NS_Shared/uf.839729.smt2: solved=False, runtime=1200.00s, PAR-2=2400.00s
[DEBUG] Processing 1077/2285: UF/20170428-Barrett/cdt-cade2015/nada/afp/coinductive_list/x2015_09_10_17_11_46_191_2579414.smt_in.smt2
[DEBUG] Predicted solver: Yices2 for benchmark UF/20170428-Barrett/cdt-cade2015/nada/afp/coinductive_list/x2015_09_10_17_11_46_191_2579414.smt_in.smt2
[DEBUG] Benchmark UF/20170428-Barrett/cdt-cade2015/nada/afp/coinductive_list/x2015_09_10_17_11_46_191_2579414.smt_in.smt2: solved=False, runtime=1200.00s, PAR-2=2400.00s
[DEBUG] Processing 1078/2285: UF/sledgehammer/TypeSafe/uf.917436.smt2
[DEBUG] Predicted solver: Yices2 for benchmark UF/sledgehammer/TypeSafe/uf.917436.smt2
[DEBUG] Benchmark UF/sledgehammer/TypeSafe/uf.917436.smt2: solved=False, runtime=1200.00s, PAR-2=2400.00s
[DEBUG] Processing 1079/2285: UF/sledgehammer/Fundamental_Theorem_Algebra/uf.1190087.smt2
[DEBUG] Predicted solver: iProver for benchmark UF/sledgehammer/Fundamental_Theorem_Algebra/uf.1190087.smt2
[DEBUG] Benchmark UF/sledgehammer/Fundamental_Theorem_Algebra/uf.1190087.smt2: solved=True, runtime=8.35s, PAR-2=8.35s
[DEBUG] Processing 1080/2285: UF/sledgehammer/Fundamental_Theorem_Algebra/uf.722947.smt2
[DEBUG] Predicted solver: cvc5 for benchmark UF/sledgehammer/Fundamental_Theorem_Algebra/uf.722947.smt2
[DEBUG] Benchmark UF/sledgehammer/Fundamental_Theorem_Algebra/uf.722947.smt2: solved=True, runtime=0.48s, PAR-2=0.48s
[DEBUG] Processing 1081/2285: UF/20190906-CLEARSY/0009/00262.smt2
[DEBUG] Predicted solver: SMTInterpol for benchmark UF/20190906-CLEARSY/0009/00262.smt2
[DEBUG] Benchmark UF/20190906-CLEARSY/0009/00262.smt2: solved=True, runtime=0.43s, PAR-2=0.43s
[DEBUG] Processing 1082/2285: UF/sledgehammer/Fundamental_Theorem_Algebra/uf.1043922.smt2
[DEBUG] Predicted solver: iProver for benchmark UF/sledgehammer/Fundamental_Theorem_Algebra/uf.1043922.smt2
[DEBUG] Benchmark UF/sledgehammer/Fundamental_Theorem_Algebra/uf.1043922.smt2: solved=False, runtime=1200.00s, PAR-2=2400.00s
[DEBUG] Processing 1083/2285: UF/20170428-Barrett/cdt-cade2015/nada/distro/rbt_impl/x2015_09_10_16_55_13_153_1519141.smt_in.smt2
[DEBUG] Predicted solver: cvc5 for benchmark UF/20170428-Barrett/cdt-cade2015/nada/distro/rbt_impl/x2015_09_10_16_55_13_153_1519141.smt_in.smt2
[DEBUG] Benchmark UF/20170428-Barrett/cdt-cade2015/nada/distro/rbt_impl/x2015_09_10_16_55_13_153_1519141.smt_in.smt2: solved=False, runtime=1200.00s, PAR-2=2400.00s
[DEBUG] Processing 1084/2285: UF/sledgehammer/NS_Shared/uf.594136.smt2
[DEBUG] Predicted solver: Yices2 for benchmark UF/sledgehammer/NS_Shared/uf.594136.smt2
[DEBUG] Benchmark UF/sledgehammer/NS_Shared/uf.594136.smt2: solved=False, runtime=1200.00s, PAR-2=2400.00s
[DEBUG] Processing 1085/2285: UF/20170428-Barrett/cdt-cade2015/nada/afp/huffman/x2015_09_10_16_51_01_846_1286182.smt_in.smt2
[DEBUG] Predicted solver: cvc5 for benchmark UF/20170428-Barrett/cdt-cade2015/nada/afp/huffman/x2015_09_10_16_51_01_846_1286182.smt_in.smt2
[DEBUG] Benchmark UF/20170428-Barrett/cdt-cade2015/nada/afp/huffman/x2015_09_10_16_51_01_846_1286182.smt_in.smt2: solved=False, runtime=1200.00s, PAR-2=2400.00s
[DEBUG] Processing 1086/2285: UF/sledgehammer/TypeSafe/smtlib.733243.smt2
[DEBUG] Predicted solver: cvc5 for benchmark UF/sledgehammer/TypeSafe/smtlib.733243.smt2
[DEBUG] Benchmark UF/sledgehammer/TypeSafe/smtlib.733243.smt2: solved=False, runtime=1200.00s, PAR-2=2400.00s
[DEBUG] Processing 1087/2285: UF/sledgehammer/TypeSafe/smtlib.1330676.smt2
[DEBUG] Predicted solver: iProver for benchmark UF/sledgehammer/TypeSafe/smtlib.1330676.smt2
[DEBUG] Benchmark UF/sledgehammer/TypeSafe/smtlib.1330676.smt2: solved=False, runtime=1200.00s, PAR-2=2400.00s
[DEBUG] Processing 1088/2285: UF/sledgehammer/TwoSquares/uf.780730.smt2
[DEBUG] Predicted solver: iProver for benchmark UF/sledgehammer/TwoSquares/uf.780730.smt2
[DEBUG] Benchmark UF/sledgehammer/TwoSquares/uf.780730.smt2: solved=False, runtime=1200.00s, PAR-2=2400.00s
[DEBUG] Processing 1089/2285: UF/sledgehammer/StrongNorm/uf.608171.smt2
[DEBUG] Predicted solver: iProver for benchmark UF/sledgehammer/StrongNorm/uf.608171.smt2
[DEBUG] Benchmark UF/sledgehammer/StrongNorm/uf.608171.smt2: solved=False, runtime=1200.00s, PAR-2=2400.00s
[DEBUG] Processing 1090/2285: UF/sledgehammer/Fundamental_Theorem_Algebra/uf.748946.smt2
[DEBUG] Predicted solver: iProver for benchmark UF/sledgehammer/Fundamental_Theorem_Algebra/uf.748946.smt2
[DEBUG] Benchmark UF/sledgehammer/Fundamental_Theorem_Algebra/uf.748946.smt2: solved=False, runtime=1200.00s, PAR-2=2400.00s
[DEBUG] Processing 1091/2285: UF/20170428-Barrett/cdt-cade2015/nada/afp/coinductive_list/x2015_09_10_17_17_42_137_2808616.smt_in.smt2
[DEBUG] Predicted solver: Yices2 for benchmark UF/20170428-Barrett/cdt-cade2015/nada/afp/coinductive_list/x2015_09_10_17_17_42_137_2808616.smt_in.smt2
[DEBUG] Benchmark UF/20170428-Barrett/cdt-cade2015/nada/afp/coinductive_list/x2015_09_10_17_17_42_137_2808616.smt_in.smt2: solved=False, runtime=1200.00s, PAR-2=2400.00s
[DEBUG] Processing 1092/2285: UF/sledgehammer/Hoare/uf.775806.smt2
[DEBUG] Predicted solver: SMTInterpol for benchmark UF/sledgehammer/Hoare/uf.775806.smt2
[DEBUG] Benchmark UF/sledgehammer/Hoare/uf.775806.smt2: solved=False, runtime=1200.00s, PAR-2=2400.00s
[DEBUG] Processing 1093/2285: UF/sledgehammer/Fundamental_Theorem_Algebra/uf.1107247.smt2
[DEBUG] Predicted solver: iProver for benchmark UF/sledgehammer/Fundamental_Theorem_Algebra/uf.1107247.smt2
[DEBUG] Benchmark UF/sledgehammer/Fundamental_Theorem_Algebra/uf.1107247.smt2: solved=False, runtime=1200.00s, PAR-2=2400.00s
[DEBUG] Processing 1094/2285: UF/20170428-Barrett/cdt-cade2015/nada/afp/coinductive_list/x2015_09_10_17_12_16_543_2617987.smt_in.smt2
[DEBUG] Predicted solver: cvc5 for benchmark UF/20170428-Barrett/cdt-cade2015/nada/afp/coinductive_list/x2015_09_10_17_12_16_543_2617987.smt_in.smt2
[DEBUG] Benchmark UF/20170428-Barrett/cdt-cade2015/nada/afp/coinductive_list/x2015_09_10_17_12_16_543_2617987.smt_in.smt2: solved=False, runtime=1200.00s, PAR-2=2400.00s
[DEBUG] Processing 1095/2285: UF/sledgehammer/Fundamental_Theorem_Algebra/uf.1411374.smt2
[DEBUG] Predicted solver: iProver for benchmark UF/sledgehammer/Fundamental_Theorem_Algebra/uf.1411374.smt2
[DEBUG] Benchmark UF/sledgehammer/Fundamental_Theorem_Algebra/uf.1411374.smt2: solved=False, runtime=1200.00s, PAR-2=2400.00s
[DEBUG] Processing 1096/2285: UF/20170428-Barrett/cdt-cade2015/nada/afp/coinductive_list/x2015_09_10_17_16_55_472_2782258.smt_in.smt2
[DEBUG] Predicted solver: cvc5 for benchmark UF/20170428-Barrett/cdt-cade2015/nada/afp/coinductive_list/x2015_09_10_17_16_55_472_2782258.smt_in.smt2
[DEBUG] Benchmark UF/20170428-Barrett/cdt-cade2015/nada/afp/coinductive_list/x2015_09_10_17_16_55_472_2782258.smt_in.smt2: solved=False, runtime=1200.00s, PAR-2=2400.00s
[DEBUG] Processing 1097/2285: UF/sledgehammer/StrongNorm/uf.665888.smt2
[DEBUG] Predicted solver: iProver for benchmark UF/sledgehammer/StrongNorm/uf.665888.smt2
[DEBUG] Benchmark UF/sledgehammer/StrongNorm/uf.665888.smt2: solved=False, runtime=1200.00s, PAR-2=2400.00s
[DEBUG] Processing 1098/2285: UF/20170428-Barrett/cdt-cade2015/nada/afp/tllist/x2015_09_10_17_00_25_013_1348012.smt_in.smt2
[DEBUG] Predicted solver: cvc5 for benchmark UF/20170428-Barrett/cdt-cade2015/nada/afp/tllist/x2015_09_10_17_00_25_013_1348012.smt_in.smt2
[DEBUG] Benchmark UF/20170428-Barrett/cdt-cade2015/nada/afp/tllist/x2015_09_10_17_00_25_013_1348012.smt_in.smt2: solved=False, runtime=1200.00s, PAR-2=2400.00s
[DEBUG] Processing 1099/2285: UF/sledgehammer/TypeSafe/uf.947541.smt2
[DEBUG] Predicted solver: Yices2 for benchmark UF/sledgehammer/TypeSafe/uf.947541.smt2
[DEBUG] Benchmark UF/sledgehammer/TypeSafe/uf.947541.smt2: solved=True, runtime=0.25s, PAR-2=0.25s
[DEBUG] Processing 1100/2285: UF/20170428-Barrett/cdt-cade2015/nada/afp/coinductive_list/x2015_09_10_17_04_53_759_2026775.smt_in.smt2
[DEBUG] Predicted solver: Yices2 for benchmark UF/20170428-Barrett/cdt-cade2015/nada/afp/coinductive_list/x2015_09_10_17_04_53_759_2026775.smt_in.smt2
[DEBUG] Benchmark UF/20170428-Barrett/cdt-cade2015/nada/afp/coinductive_list/x2015_09_10_17_04_53_759_2026775.smt_in.smt2: solved=False, runtime=1200.00s, PAR-2=2400.00s
[DEBUG] Processing 1101/2285: UF/sledgehammer/Fundamental_Theorem_Algebra/uf.1123876.smt2
[DEBUG] Predicted solver: iProver for benchmark UF/sledgehammer/Fundamental_Theorem_Algebra/uf.1123876.smt2
[DEBUG] Benchmark UF/sledgehammer/Fundamental_Theorem_Algebra/uf.1123876.smt2: solved=True, runtime=3.42s, PAR-2=3.42s
[DEBUG] Processing 1102/2285: UF/sledgehammer/TypeSafe/smtlib.1255552.smt2
[DEBUG] Predicted solver: iProver for benchmark UF/sledgehammer/TypeSafe/smtlib.1255552.smt2
[DEBUG] Benchmark UF/sledgehammer/TypeSafe/smtlib.1255552.smt2: solved=False, runtime=1200.00s, PAR-2=2400.00s
[DEBUG] Processing 1103/2285: UF/sledgehammer/Hoare/smtlib.946488.smt2
[DEBUG] Predicted solver: iProver for benchmark UF/sledgehammer/Hoare/smtlib.946488.smt2
[DEBUG] Benchmark UF/sledgehammer/Hoare/smtlib.946488.smt2: solved=False, runtime=1200.00s, PAR-2=2400.00s
[DEBUG] Processing 1104/2285: UF/grasshopper/instantiated/rec_copy_postcondition_of_rec_copy_53_2.smt2
[DEBUG] Predicted solver: iProver for benchmark UF/grasshopper/instantiated/rec_copy_postcondition_of_rec_copy_53_2.smt2
[DEBUG] Benchmark UF/grasshopper/instantiated/rec_copy_postcondition_of_rec_copy_53_2.smt2: solved=True, runtime=0.91s, PAR-2=0.91s
[DEBUG] Processing 1105/2285: UF/20170428-Barrett/cdt-cade2015/nada/distro/stream_processor/x2015_09_10_16_45_48_081_989395.smt_in.smt2
[DEBUG] Predicted solver: cvc5 for benchmark UF/20170428-Barrett/cdt-cade2015/nada/distro/stream_processor/x2015_09_10_16_45_48_081_989395.smt_in.smt2
[DEBUG] Benchmark UF/20170428-Barrett/cdt-cade2015/nada/distro/stream_processor/x2015_09_10_16_45_48_081_989395.smt_in.smt2: solved=True, runtime=0.33s, PAR-2=0.33s
[DEBUG] Processing 1106/2285: UF/sledgehammer/TwoSquares/uf.703581.smt2
[DEBUG] Predicted solver: iProver for benchmark UF/sledgehammer/TwoSquares/uf.703581.smt2
[DEBUG] Benchmark UF/sledgehammer/TwoSquares/uf.703581.smt2: solved=False, runtime=1200.00s, PAR-2=2400.00s
[DEBUG] Processing 1107/2285: UF/sledgehammer/Fundamental_Theorem_Algebra/uf.729023.smt2
[DEBUG] Predicted solver: iProver for benchmark UF/sledgehammer/Fundamental_Theorem_Algebra/uf.729023.smt2
[DEBUG] Benchmark UF/sledgehammer/Fundamental_Theorem_Algebra/uf.729023.smt2: solved=False, runtime=1200.00s, PAR-2=2400.00s
[DEBUG] Processing 1108/2285: UF/sledgehammer/Fundamental_Theorem_Algebra/uf.907764.smt2
[DEBUG] Predicted solver: iProver for benchmark UF/sledgehammer/Fundamental_Theorem_Algebra/uf.907764.smt2
[DEBUG] Benchmark UF/sledgehammer/Fundamental_Theorem_Algebra/uf.907764.smt2: solved=False, runtime=1200.00s, PAR-2=2400.00s
[DEBUG] Processing 1109/2285: UF/20170428-Barrett/cdt-cade2015/nada/afp/bindag/x2015_09_10_16_53_55_382_1093531.smt_in.smt2
[DEBUG] Predicted solver: cvc5 for benchmark UF/20170428-Barrett/cdt-cade2015/nada/afp/bindag/x2015_09_10_16_53_55_382_1093531.smt_in.smt2
[DEBUG] Benchmark UF/20170428-Barrett/cdt-cade2015/nada/afp/bindag/x2015_09_10_16_53_55_382_1093531.smt_in.smt2: solved=False, runtime=1200.00s, PAR-2=2400.00s
[DEBUG] Processing 1110/2285: UF/20170428-Barrett/cdt-cade2015/nada/afp/huffman/x2015_09_10_16_49_40_912_1200560.smt_in.smt2
[DEBUG] Predicted solver: iProver for benchmark UF/20170428-Barrett/cdt-cade2015/nada/afp/huffman/x2015_09_10_16_49_40_912_1200560.smt_in.smt2
[DEBUG] Benchmark UF/20170428-Barrett/cdt-cade2015/nada/afp/huffman/x2015_09_10_16_49_40_912_1200560.smt_in.smt2: solved=True, runtime=1.38s, PAR-2=1.38s
[DEBUG] Processing 1111/2285: UF/sledgehammer/FFT/uf.779054.smt2
[DEBUG] Predicted solver: iProver for benchmark UF/sledgehammer/FFT/uf.779054.smt2
[DEBUG] Benchmark UF/sledgehammer/FFT/uf.779054.smt2: solved=False, runtime=1200.00s, PAR-2=2400.00s
[DEBUG] Processing 1112/2285: UF/sledgehammer/QEpres/uf.798279.smt2
[DEBUG] Predicted solver: Yices2 for benchmark UF/sledgehammer/QEpres/uf.798279.smt2
[DEBUG] Benchmark UF/sledgehammer/QEpres/uf.798279.smt2: solved=False, runtime=1200.00s, PAR-2=2400.00s
[DEBUG] Processing 1113/2285: UF/20170428-Barrett/cdt-cade2015/nada/afp/huffman/x2015_09_10_16_49_23_405_1180220.smt_in.smt2
[DEBUG] Predicted solver: Yices2 for benchmark UF/20170428-Barrett/cdt-cade2015/nada/afp/huffman/x2015_09_10_16_49_23_405_1180220.smt_in.smt2
[DEBUG] Benchmark UF/20170428-Barrett/cdt-cade2015/nada/afp/huffman/x2015_09_10_16_49_23_405_1180220.smt_in.smt2: solved=False, runtime=1200.00s, PAR-2=2400.00s
[DEBUG] Processing 1114/2285: UF/sledgehammer/Fundamental_Theorem_Algebra/uf.1217806.smt2
[DEBUG] Predicted solver: iProver for benchmark UF/sledgehammer/Fundamental_Theorem_Algebra/uf.1217806.smt2
[DEBUG] Benchmark UF/sledgehammer/Fundamental_Theorem_Algebra/uf.1217806.smt2: solved=False, runtime=1200.00s, PAR-2=2400.00s
[DEBUG] Processing 1115/2285: UF/sledgehammer/Fundamental_Theorem_Algebra/uf.1004872.smt2
[DEBUG] Predicted solver: Yices2 for benchmark UF/sledgehammer/Fundamental_Theorem_Algebra/uf.1004872.smt2
[DEBUG] Benchmark UF/sledgehammer/Fundamental_Theorem_Algebra/uf.1004872.smt2: solved=False, runtime=1200.00s, PAR-2=2400.00s
[DEBUG] Processing 1116/2285: UF/20170428-Barrett/cdt-cade2015/nada/afp/coinductive_list/x2015_09_10_17_06_17_798_2140188.smt_in.smt2
[DEBUG] Predicted solver: cvc5 for benchmark UF/20170428-Barrett/cdt-cade2015/nada/afp/coinductive_list/x2015_09_10_17_06_17_798_2140188.smt_in.smt2
[DEBUG] Benchmark UF/20170428-Barrett/cdt-cade2015/nada/afp/coinductive_list/x2015_09_10_17_06_17_798_2140188.smt_in.smt2: solved=True, runtime=565.38s, PAR-2=565.38s
[DEBUG] Processing 1117/2285: UF/sledgehammer/TypeSafe/uf.1136462.smt2
[DEBUG] Predicted solver: cvc5 for benchmark UF/sledgehammer/TypeSafe/uf.1136462.smt2
[DEBUG] Benchmark UF/sledgehammer/TypeSafe/uf.1136462.smt2: solved=False, runtime=1200.00s, PAR-2=2400.00s
[DEBUG] Processing 1118/2285: UF/sledgehammer/Fundamental_Theorem_Algebra/uf.835082.smt2
[DEBUG] Predicted solver: iProver for benchmark UF/sledgehammer/Fundamental_Theorem_Algebra/uf.835082.smt2
[DEBUG] Benchmark UF/sledgehammer/Fundamental_Theorem_Algebra/uf.835082.smt2: solved=False, runtime=1200.00s, PAR-2=2400.00s
[DEBUG] Processing 1119/2285: UF/20170428-Barrett/cdt-cade2015/nada/gandl/cotree/x2015_09_10_16_50_46_835_1079005.smt_in.smt2
[DEBUG] Predicted solver: cvc5 for benchmark UF/20170428-Barrett/cdt-cade2015/nada/gandl/cotree/x2015_09_10_16_50_46_835_1079005.smt_in.smt2
[DEBUG] Benchmark UF/20170428-Barrett/cdt-cade2015/nada/gandl/cotree/x2015_09_10_16_50_46_835_1079005.smt_in.smt2: solved=True, runtime=0.67s, PAR-2=0.67s
[DEBUG] Processing 1120/2285: UF/sledgehammer/Fundamental_Theorem_Algebra/uf.725085.smt2
[DEBUG] Predicted solver: iProver for benchmark UF/sledgehammer/Fundamental_Theorem_Algebra/uf.725085.smt2
[DEBUG] Benchmark UF/sledgehammer/Fundamental_Theorem_Algebra/uf.725085.smt2: solved=True, runtime=0.89s, PAR-2=0.89s
[DEBUG] Processing 1121/2285: UF/20170428-Barrett/cdt-cade2015/nada/afp/coinductive_list/x2015_09_10_17_19_29_515_2879365.smt_in.smt2
[DEBUG] Predicted solver: Yices2 for benchmark UF/20170428-Barrett/cdt-cade2015/nada/afp/coinductive_list/x2015_09_10_17_19_29_515_2879365.smt_in.smt2
[DEBUG] Benchmark UF/20170428-Barrett/cdt-cade2015/nada/afp/coinductive_list/x2015_09_10_17_19_29_515_2879365.smt_in.smt2: solved=True, runtime=0.24s, PAR-2=0.24s
[DEBUG] Processing 1122/2285: UF/20190906-CLEARSY/0023/00974.smt2
[DEBUG] Predicted solver: Yices2 for benchmark UF/20190906-CLEARSY/0023/00974.smt2
[DEBUG] Benchmark UF/20190906-CLEARSY/0023/00974.smt2: solved=True, runtime=0.22s, PAR-2=0.22s
[DEBUG] Processing 1123/2285: UF/sledgehammer/StrongNorm/uf.803333.smt2
[DEBUG] Predicted solver: iProver for benchmark UF/sledgehammer/StrongNorm/uf.803333.smt2
[DEBUG] Benchmark UF/sledgehammer/StrongNorm/uf.803333.smt2: solved=False, runtime=1200.00s, PAR-2=2400.00s
[DEBUG] Processing 1124/2285: UF/20170428-Barrett/cdt-cade2015/nada/distro/gram_lang/x2015_09_10_16_47_08_457_1044000.smt_in.smt2
[DEBUG] Predicted solver: cvc5 for benchmark UF/20170428-Barrett/cdt-cade2015/nada/distro/gram_lang/x2015_09_10_16_47_08_457_1044000.smt_in.smt2
[DEBUG] Benchmark UF/20170428-Barrett/cdt-cade2015/nada/distro/gram_lang/x2015_09_10_16_47_08_457_1044000.smt_in.smt2: solved=False, runtime=1200.00s, PAR-2=2400.00s
[DEBUG] Processing 1125/2285: UF/sledgehammer/Fundamental_Theorem_Algebra/uf.694757.smt2
[DEBUG] Predicted solver: iProver for benchmark UF/sledgehammer/Fundamental_Theorem_Algebra/uf.694757.smt2
[DEBUG] Benchmark UF/sledgehammer/Fundamental_Theorem_Algebra/uf.694757.smt2: solved=False, runtime=1200.00s, PAR-2=2400.00s
[DEBUG] Processing 1126/2285: UF/20170428-Barrett/cdt-cade2015/nada/afp/coinductive_list/x2015_09_10_16_56_13_740_1441286.smt_in.smt2
[DEBUG] Predicted solver: Yices2 for benchmark UF/20170428-Barrett/cdt-cade2015/nada/afp/coinductive_list/x2015_09_10_16_56_13_740_1441286.smt_in.smt2
[DEBUG] Benchmark UF/20170428-Barrett/cdt-cade2015/nada/afp/coinductive_list/x2015_09_10_16_56_13_740_1441286.smt_in.smt2: solved=False, runtime=1200.00s, PAR-2=2400.00s
[DEBUG] Processing 1127/2285: UF/grasshopper/uninstantiated/dl_reverse_loop_invariant_28_3.smt2
[DEBUG] Predicted solver: iProver for benchmark UF/grasshopper/uninstantiated/dl_reverse_loop_invariant_28_3.smt2
[DEBUG] Benchmark UF/grasshopper/uninstantiated/dl_reverse_loop_invariant_28_3.smt2: solved=True, runtime=0.89s, PAR-2=0.89s
[DEBUG] Processing 1128/2285: UF/sledgehammer/Fundamental_Theorem_Algebra/uf.627505.smt2
[DEBUG] Predicted solver: iProver for benchmark UF/sledgehammer/Fundamental_Theorem_Algebra/uf.627505.smt2
[DEBUG] Benchmark UF/sledgehammer/Fundamental_Theorem_Algebra/uf.627505.smt2: solved=True, runtime=1.87s, PAR-2=1.87s
[DEBUG] Processing 1129/2285: UF/20201221-induction-by-reflection-schoisswohl/reflectiveInductive/addNeutral.smt2
[DEBUG] Predicted solver: iProver for benchmark UF/20201221-induction-by-reflection-schoisswohl/reflectiveInductive/addNeutral.smt2
[DEBUG] Benchmark UF/20201221-induction-by-reflection-schoisswohl/reflectiveInductive/addNeutral.smt2: solved=False, runtime=1200.00s, PAR-2=2400.00s
[DEBUG] Processing 1130/2285: UF/20170428-Barrett/cdt-cade2015/nada/afp/llist2/x2015_09_10_16_53_29_960_1207699.smt_in.smt2
[DEBUG] Predicted solver: cvc5 for benchmark UF/20170428-Barrett/cdt-cade2015/nada/afp/llist2/x2015_09_10_16_53_29_960_1207699.smt_in.smt2
[DEBUG] Benchmark UF/20170428-Barrett/cdt-cade2015/nada/afp/llist2/x2015_09_10_16_53_29_960_1207699.smt_in.smt2: solved=False, runtime=1200.00s, PAR-2=2400.00s
[DEBUG] Processing 1131/2285: UF/sledgehammer/FFT/uf.613795.smt2
[DEBUG] Predicted solver: iProver for benchmark UF/sledgehammer/FFT/uf.613795.smt2
[DEBUG] Benchmark UF/sledgehammer/FFT/uf.613795.smt2: solved=False, runtime=1200.00s, PAR-2=2400.00s
[DEBUG] Processing 1132/2285: UF/20170428-Barrett/cdt-cade2015/nada/afp/coinductive_list/x2015_09_10_17_04_56_835_2030500.smt_in.smt2
[DEBUG] Predicted solver: cvc5 for benchmark UF/20170428-Barrett/cdt-cade2015/nada/afp/coinductive_list/x2015_09_10_17_04_56_835_2030500.smt_in.smt2
[DEBUG] Benchmark UF/20170428-Barrett/cdt-cade2015/nada/afp/coinductive_list/x2015_09_10_17_04_56_835_2030500.smt_in.smt2: solved=True, runtime=0.46s, PAR-2=0.46s
[DEBUG] Processing 1133/2285: UF/sledgehammer/NS_Shared/uf.798504.smt2
[DEBUG] Predicted solver: iProver for benchmark UF/sledgehammer/NS_Shared/uf.798504.smt2
[DEBUG] Benchmark UF/sledgehammer/NS_Shared/uf.798504.smt2: solved=False, runtime=1200.00s, PAR-2=2400.00s
[DEBUG] Processing 1134/2285: UF/sledgehammer/Hoare/smtlib.1171060.smt2
[DEBUG] Predicted solver: iProver for benchmark UF/sledgehammer/Hoare/smtlib.1171060.smt2
[DEBUG] Benchmark UF/sledgehammer/Hoare/smtlib.1171060.smt2: solved=True, runtime=0.89s, PAR-2=0.89s
[DEBUG] Processing 1135/2285: UF/sledgehammer/QEpres/uf.915571.smt2
[DEBUG] Predicted solver: Yices2 for benchmark UF/sledgehammer/QEpres/uf.915571.smt2
[DEBUG] Benchmark UF/sledgehammer/QEpres/uf.915571.smt2: solved=False, runtime=1200.00s, PAR-2=2400.00s
[DEBUG] Processing 1136/2285: UF/20170428-Barrett/cdt-cade2015/nada/afp/coinductive_list/x2015_09_10_17_13_54_802_2688888.smt_in.smt2
[DEBUG] Predicted solver: cvc5 for benchmark UF/20170428-Barrett/cdt-cade2015/nada/afp/coinductive_list/x2015_09_10_17_13_54_802_2688888.smt_in.smt2
[DEBUG] Benchmark UF/20170428-Barrett/cdt-cade2015/nada/afp/coinductive_list/x2015_09_10_17_13_54_802_2688888.smt_in.smt2: solved=False, runtime=1200.00s, PAR-2=2400.00s
[DEBUG] Processing 1137/2285: UF/sledgehammer/Hoare/uf.1113164.smt2
[DEBUG] Predicted solver: cvc5 for benchmark UF/sledgehammer/Hoare/uf.1113164.smt2
[DEBUG] Benchmark UF/sledgehammer/Hoare/uf.1113164.smt2: solved=True, runtime=0.47s, PAR-2=0.47s
[DEBUG] Processing 1138/2285: UF/20170428-Barrett/cdt-cade2015/nada/afp/tllist/x2015_09_10_17_01_04_549_1394952.smt_in.smt2
[DEBUG] Predicted solver: Yices2 for benchmark UF/20170428-Barrett/cdt-cade2015/nada/afp/tllist/x2015_09_10_17_01_04_549_1394952.smt_in.smt2
[DEBUG] Benchmark UF/20170428-Barrett/cdt-cade2015/nada/afp/tllist/x2015_09_10_17_01_04_549_1394952.smt_in.smt2: solved=False, runtime=1200.00s, PAR-2=2400.00s
[DEBUG] Processing 1139/2285: UF/20170428-Barrett/cdt-cade2015/nada/afp/huffman/x2015_09_10_16_49_12_538_1168476.smt_in.smt2
[DEBUG] Predicted solver: cvc5 for benchmark UF/20170428-Barrett/cdt-cade2015/nada/afp/huffman/x2015_09_10_16_49_12_538_1168476.smt_in.smt2
[DEBUG] Benchmark UF/20170428-Barrett/cdt-cade2015/nada/afp/huffman/x2015_09_10_16_49_12_538_1168476.smt_in.smt2: solved=False, runtime=1200.00s, PAR-2=2400.00s
[DEBUG] Processing 1140/2285: UF/sledgehammer/Fundamental_Theorem_Algebra/uf.684504.smt2
[DEBUG] Predicted solver: iProver for benchmark UF/sledgehammer/Fundamental_Theorem_Algebra/uf.684504.smt2
[DEBUG] Benchmark UF/sledgehammer/Fundamental_Theorem_Algebra/uf.684504.smt2: solved=False, runtime=1200.00s, PAR-2=2400.00s
[DEBUG] Processing 1141/2285: UF/20170428-Barrett/cdt-cade2015/nada/distro/rbt_impl/x2015_09_10_16_59_03_975_1872585.smt_in.smt2
[DEBUG] Predicted solver: cvc5 for benchmark UF/20170428-Barrett/cdt-cade2015/nada/distro/rbt_impl/x2015_09_10_16_59_03_975_1872585.smt_in.smt2
[DEBUG] Benchmark UF/20170428-Barrett/cdt-cade2015/nada/distro/rbt_impl/x2015_09_10_16_59_03_975_1872585.smt_in.smt2: solved=False, runtime=1200.00s, PAR-2=2400.00s
[DEBUG] Processing 1142/2285: UF/20170428-Barrett/cdt-cade2015/nada/afp/sorted_list_operations/x2015_09_10_16_48_17_134_1103487.smt_in.smt2
[DEBUG] Predicted solver: cvc5 for benchmark UF/20170428-Barrett/cdt-cade2015/nada/afp/sorted_list_operations/x2015_09_10_16_48_17_134_1103487.smt_in.smt2
[DEBUG] Benchmark UF/20170428-Barrett/cdt-cade2015/nada/afp/sorted_list_operations/x2015_09_10_16_48_17_134_1103487.smt_in.smt2: solved=False, runtime=1200.00s, PAR-2=2400.00s
[DEBUG] Processing 1143/2285: UF/sledgehammer/TwoSquares/uf.663883.smt2
[DEBUG] Predicted solver: iProver for benchmark UF/sledgehammer/TwoSquares/uf.663883.smt2
[DEBUG] Benchmark UF/sledgehammer/TwoSquares/uf.663883.smt2: solved=True, runtime=10.39s, PAR-2=10.39s
[DEBUG] Processing 1144/2285: UF/sledgehammer/FFT/uf.646065.smt2
[DEBUG] Predicted solver: iProver for benchmark UF/sledgehammer/FFT/uf.646065.smt2
[DEBUG] Benchmark UF/sledgehammer/FFT/uf.646065.smt2: solved=True, runtime=0.87s, PAR-2=0.87s
[DEBUG] Processing 1145/2285: UF/20170428-Barrett/cdt-cade2015/nada/distro/gram_lang/x2015_09_10_16_55_24_325_1534085.smt_in.smt2
[DEBUG] Predicted solver: Yices2 for benchmark UF/20170428-Barrett/cdt-cade2015/nada/distro/gram_lang/x2015_09_10_16_55_24_325_1534085.smt_in.smt2
[DEBUG] Benchmark UF/20170428-Barrett/cdt-cade2015/nada/distro/gram_lang/x2015_09_10_16_55_24_325_1534085.smt_in.smt2: solved=False, runtime=1200.00s, PAR-2=2400.00s
[DEBUG] Processing 1146/2285: UF/20170428-Barrett/cdt-cade2015/nada/afp/coinductive_list/x2015_09_10_16_59_41_378_1626083.smt_in.smt2
[DEBUG] Predicted solver: cvc5 for benchmark UF/20170428-Barrett/cdt-cade2015/nada/afp/coinductive_list/x2015_09_10_16_59_41_378_1626083.smt_in.smt2
[DEBUG] Benchmark UF/20170428-Barrett/cdt-cade2015/nada/afp/coinductive_list/x2015_09_10_16_59_41_378_1626083.smt_in.smt2: solved=False, runtime=1200.00s, PAR-2=2400.00s
[DEBUG] Processing 1147/2285: UF/20170428-Barrett/cdt-cade2015/nada/afp/huffman/x2015_09_10_16_46_23_352_984515.smt_in.smt2
[DEBUG] Predicted solver: cvc5 for benchmark UF/20170428-Barrett/cdt-cade2015/nada/afp/huffman/x2015_09_10_16_46_23_352_984515.smt_in.smt2
[DEBUG] Benchmark UF/20170428-Barrett/cdt-cade2015/nada/afp/huffman/x2015_09_10_16_46_23_352_984515.smt_in.smt2: solved=True, runtime=0.27s, PAR-2=0.27s
[DEBUG] Processing 1148/2285: UF/sledgehammer/Fundamental_Theorem_Algebra/uf.913704.smt2
[DEBUG] Predicted solver: iProver for benchmark UF/sledgehammer/Fundamental_Theorem_Algebra/uf.913704.smt2
[DEBUG] Benchmark UF/sledgehammer/Fundamental_Theorem_Algebra/uf.913704.smt2: solved=True, runtime=1.84s, PAR-2=1.84s
[DEBUG] Processing 1149/2285: UF/20201221-induction-by-reflection-schoisswohl/reflectiveInductive/distr-1.smt2
[DEBUG] Predicted solver: iProver for benchmark UF/20201221-induction-by-reflection-schoisswohl/reflectiveInductive/distr-1.smt2
[DEBUG] Benchmark UF/20201221-induction-by-reflection-schoisswohl/reflectiveInductive/distr-1.smt2: solved=False, runtime=1200.00s, PAR-2=2400.00s
[DEBUG] Processing 1150/2285: UF/sledgehammer/TypeSafe/uf.1447859.smt2
[DEBUG] Predicted solver: cvc5 for benchmark UF/sledgehammer/TypeSafe/uf.1447859.smt2
[DEBUG] Benchmark UF/sledgehammer/TypeSafe/uf.1447859.smt2: solved=True, runtime=0.84s, PAR-2=0.84s
[DEBUG] Processing 1151/2285: UF/sledgehammer/TypeSafe/smtlib.730432.smt2
[DEBUG] Predicted solver: cvc5 for benchmark UF/sledgehammer/TypeSafe/smtlib.730432.smt2
[DEBUG] Benchmark UF/sledgehammer/TypeSafe/smtlib.730432.smt2: solved=False, runtime=1200.00s, PAR-2=2400.00s
[DEBUG] Processing 1152/2285: UF/sledgehammer/Arrow_Order/uf.604497.smt2
[DEBUG] Predicted solver: cvc5 for benchmark UF/sledgehammer/Arrow_Order/uf.604497.smt2
[DEBUG] Benchmark UF/sledgehammer/Arrow_Order/uf.604497.smt2: solved=False, runtime=1200.00s, PAR-2=2400.00s
[DEBUG] Processing 1153/2285: UF/sledgehammer/TwoSquares/uf.595907.smt2
[DEBUG] Predicted solver: cvc5 for benchmark UF/sledgehammer/TwoSquares/uf.595907.smt2
[DEBUG] Benchmark UF/sledgehammer/TwoSquares/uf.595907.smt2: solved=False, runtime=1200.00s, PAR-2=2400.00s
[DEBUG] Processing 1154/2285: UF/sledgehammer/Fundamental_Theorem_Algebra/uf.1328709.smt2
[DEBUG] Predicted solver: iProver for benchmark UF/sledgehammer/Fundamental_Theorem_Algebra/uf.1328709.smt2
[DEBUG] Benchmark UF/sledgehammer/Fundamental_Theorem_Algebra/uf.1328709.smt2: solved=False, runtime=1200.00s, PAR-2=2400.00s
[DEBUG] Processing 1155/2285: UF/sledgehammer/Fundamental_Theorem_Algebra/uf.1107055.smt2
[DEBUG] Predicted solver: iProver for benchmark UF/sledgehammer/Fundamental_Theorem_Algebra/uf.1107055.smt2
[DEBUG] Benchmark UF/sledgehammer/Fundamental_Theorem_Algebra/uf.1107055.smt2: solved=False, runtime=1200.00s, PAR-2=2400.00s
[DEBUG] Processing 1156/2285: UF/20170428-Barrett/cdt-cade2015/nada/gandl/stern_brocot_tree/x2015_09_10_16_51_19_118_1052360.smt_in.smt2
[DEBUG] Predicted solver: Yices2 for benchmark UF/20170428-Barrett/cdt-cade2015/nada/gandl/stern_brocot_tree/x2015_09_10_16_51_19_118_1052360.smt_in.smt2
[DEBUG] Benchmark UF/20170428-Barrett/cdt-cade2015/nada/gandl/stern_brocot_tree/x2015_09_10_16_51_19_118_1052360.smt_in.smt2: solved=False, runtime=1200.00s, PAR-2=2400.00s
[DEBUG] Processing 1157/2285: UF/sledgehammer/TypeSafe/smtlib.982879.smt2
[DEBUG] Predicted solver: iProver for benchmark UF/sledgehammer/TypeSafe/smtlib.982879.smt2
[DEBUG] Benchmark UF/sledgehammer/TypeSafe/smtlib.982879.smt2: solved=False, runtime=1200.00s, PAR-2=2400.00s
[DEBUG] Processing 1158/2285: UF/20170428-Barrett/cdt-cade2015/nada/afp/huffman/x2015_09_10_16_50_08_084_1229586.smt_in.smt2
[DEBUG] Predicted solver: cvc5 for benchmark UF/20170428-Barrett/cdt-cade2015/nada/afp/huffman/x2015_09_10_16_50_08_084_1229586.smt_in.smt2
[DEBUG] Benchmark UF/20170428-Barrett/cdt-cade2015/nada/afp/huffman/x2015_09_10_16_50_08_084_1229586.smt_in.smt2: solved=False, runtime=1200.00s, PAR-2=2400.00s
[DEBUG] Processing 1159/2285: UF/20170428-Barrett/cdt-cade2015/nada/afp/coinductive_list/x2015_09_10_17_16_40_993_2774883.smt_in.smt2
[DEBUG] Predicted solver: Yices2 for benchmark UF/20170428-Barrett/cdt-cade2015/nada/afp/coinductive_list/x2015_09_10_17_16_40_993_2774883.smt_in.smt2
[DEBUG] Benchmark UF/20170428-Barrett/cdt-cade2015/nada/afp/coinductive_list/x2015_09_10_17_16_40_993_2774883.smt_in.smt2: solved=False, runtime=1200.00s, PAR-2=2400.00s
[DEBUG] Processing 1160/2285: UF/sledgehammer/Arrow_Order/smtlib.671324.smt2
[DEBUG] Predicted solver: iProver for benchmark UF/sledgehammer/Arrow_Order/smtlib.671324.smt2
[DEBUG] Benchmark UF/sledgehammer/Arrow_Order/smtlib.671324.smt2: solved=False, runtime=1200.00s, PAR-2=2400.00s
[DEBUG] Processing 1161/2285: UF/sledgehammer/FFT/uf.557456.smt2
[DEBUG] Predicted solver: iProver for benchmark UF/sledgehammer/FFT/uf.557456.smt2
[DEBUG] Benchmark UF/sledgehammer/FFT/uf.557456.smt2: solved=True, runtime=0.84s, PAR-2=0.84s
[DEBUG] Processing 1162/2285: UF/sledgehammer/Arrow_Order/uf.716715.smt2
[DEBUG] Predicted solver: Yices2 for benchmark UF/sledgehammer/Arrow_Order/uf.716715.smt2
[DEBUG] Benchmark UF/sledgehammer/Arrow_Order/uf.716715.smt2: solved=False, runtime=1200.00s, PAR-2=2400.00s
[DEBUG] Processing 1163/2285: UF/sledgehammer/StrongNorm/uf.762462.smt2
[DEBUG] Predicted solver: Yices2 for benchmark UF/sledgehammer/StrongNorm/uf.762462.smt2
[DEBUG] Benchmark UF/sledgehammer/StrongNorm/uf.762462.smt2: solved=False, runtime=1200.00s, PAR-2=2400.00s
[DEBUG] Processing 1164/2285: UF/sledgehammer/TwoSquares/uf.751588.smt2
[DEBUG] Predicted solver: iProver for benchmark UF/sledgehammer/TwoSquares/uf.751588.smt2
[DEBUG] Benchmark UF/sledgehammer/TwoSquares/uf.751588.smt2: solved=True, runtime=212.04s, PAR-2=212.04s
[DEBUG] Processing 1165/2285: UF/sledgehammer/Fundamental_Theorem_Algebra/uf.693739.smt2
[DEBUG] Predicted solver: cvc5 for benchmark UF/sledgehammer/Fundamental_Theorem_Algebra/uf.693739.smt2
[DEBUG] Benchmark UF/sledgehammer/Fundamental_Theorem_Algebra/uf.693739.smt2: solved=True, runtime=646.31s, PAR-2=646.31s
[DEBUG] Processing 1166/2285: UF/20170428-Barrett/cdt-cade2015/nada/afp/huffman/x2015_09_10_16_50_29_433_1253212.smt_in.smt2
[DEBUG] Predicted solver: Yices2 for benchmark UF/20170428-Barrett/cdt-cade2015/nada/afp/huffman/x2015_09_10_16_50_29_433_1253212.smt_in.smt2
[DEBUG] Benchmark UF/20170428-Barrett/cdt-cade2015/nada/afp/huffman/x2015_09_10_16_50_29_433_1253212.smt_in.smt2: solved=False, runtime=1200.00s, PAR-2=2400.00s
[DEBUG] Processing 1167/2285: UF/20170428-Barrett/cdt-cade2015/nada/afp/coinductive_list/x2015_09_10_16_50_30_610_1134847.smt_in.smt2
[DEBUG] Predicted solver: Yices2 for benchmark UF/20170428-Barrett/cdt-cade2015/nada/afp/coinductive_list/x2015_09_10_16_50_30_610_1134847.smt_in.smt2
[DEBUG] Benchmark UF/20170428-Barrett/cdt-cade2015/nada/afp/coinductive_list/x2015_09_10_16_50_30_610_1134847.smt_in.smt2: solved=False, runtime=1200.00s, PAR-2=2400.00s
[DEBUG] Processing 1168/2285: UF/sledgehammer/Fundamental_Theorem_Algebra/uf.731743.smt2
[DEBUG] Predicted solver: iProver for benchmark UF/sledgehammer/Fundamental_Theorem_Algebra/uf.731743.smt2
[DEBUG] Benchmark UF/sledgehammer/Fundamental_Theorem_Algebra/uf.731743.smt2: solved=False, runtime=1200.00s, PAR-2=2400.00s
[DEBUG] Processing 1169/2285: UF/sledgehammer/TwoSquares/uf.597222.smt2
[DEBUG] Predicted solver: Yices2 for benchmark UF/sledgehammer/TwoSquares/uf.597222.smt2
[DEBUG] Benchmark UF/sledgehammer/TwoSquares/uf.597222.smt2: solved=True, runtime=0.22s, PAR-2=0.22s
[DEBUG] Processing 1170/2285: UF/sledgehammer/Fundamental_Theorem_Algebra/smtlib.717110.smt2
[DEBUG] Predicted solver: iProver for benchmark UF/sledgehammer/Fundamental_Theorem_Algebra/smtlib.717110.smt2
[DEBUG] Benchmark UF/sledgehammer/Fundamental_Theorem_Algebra/smtlib.717110.smt2: solved=False, runtime=1200.00s, PAR-2=2400.00s
[DEBUG] Processing 1171/2285: UF/sledgehammer/Arrow_Order/uf.772083.smt2
[DEBUG] Predicted solver: iProver for benchmark UF/sledgehammer/Arrow_Order/uf.772083.smt2
[DEBUG] Benchmark UF/sledgehammer/Arrow_Order/uf.772083.smt2: solved=False, runtime=1200.00s, PAR-2=2400.00s
[DEBUG] Processing 1172/2285: UF/20170428-Barrett/cdt-cade2015/nada/afp/huffman/x2015_09_10_16_50_41_573_1266805.smt_in.smt2
[DEBUG] Predicted solver: cvc5 for benchmark UF/20170428-Barrett/cdt-cade2015/nada/afp/huffman/x2015_09_10_16_50_41_573_1266805.smt_in.smt2
[DEBUG] Benchmark UF/20170428-Barrett/cdt-cade2015/nada/afp/huffman/x2015_09_10_16_50_41_573_1266805.smt_in.smt2: solved=False, runtime=1200.00s, PAR-2=2400.00s
[DEBUG] Processing 1173/2285: UF/20170428-Barrett/cdt-cade2015/nada/afp/coinductive_list/x2015_09_10_17_09_17_721_2385730.smt_in.smt2
[DEBUG] Predicted solver: cvc5 for benchmark UF/20170428-Barrett/cdt-cade2015/nada/afp/coinductive_list/x2015_09_10_17_09_17_721_2385730.smt_in.smt2
[DEBUG] Benchmark UF/20170428-Barrett/cdt-cade2015/nada/afp/coinductive_list/x2015_09_10_17_09_17_721_2385730.smt_in.smt2: solved=False, runtime=1200.00s, PAR-2=2400.00s
[DEBUG] Processing 1174/2285: UF/sledgehammer/QEpres/uf.874003.smt2
[DEBUG] Predicted solver: iProver for benchmark UF/sledgehammer/QEpres/uf.874003.smt2
[DEBUG] Benchmark UF/sledgehammer/QEpres/uf.874003.smt2: solved=False, runtime=1200.00s, PAR-2=2400.00s
[DEBUG] Processing 1175/2285: UF/sledgehammer/Hoare/smtlib.954663.smt2
[DEBUG] Predicted solver: iProver for benchmark UF/sledgehammer/Hoare/smtlib.954663.smt2
[DEBUG] Benchmark UF/sledgehammer/Hoare/smtlib.954663.smt2: solved=True, runtime=2.91s, PAR-2=2.91s
[DEBUG] Processing 1176/2285: UF/sledgehammer/NS_Shared/smtlib.829230.smt2
[DEBUG] Predicted solver: iProver for benchmark UF/sledgehammer/NS_Shared/smtlib.829230.smt2
[DEBUG] Benchmark UF/sledgehammer/NS_Shared/smtlib.829230.smt2: solved=False, runtime=1200.00s, PAR-2=2400.00s
[DEBUG] Processing 1177/2285: UF/sledgehammer/TwoSquares/uf.657154.smt2
[DEBUG] Predicted solver: iProver for benchmark UF/sledgehammer/TwoSquares/uf.657154.smt2
[DEBUG] Benchmark UF/sledgehammer/TwoSquares/uf.657154.smt2: solved=True, runtime=1.89s, PAR-2=1.89s
[DEBUG] Processing 1178/2285: UF/sledgehammer/NS_Shared/uf.861242.smt2
[DEBUG] Predicted solver: Yices2 for benchmark UF/sledgehammer/NS_Shared/uf.861242.smt2
[DEBUG] Benchmark UF/sledgehammer/NS_Shared/uf.861242.smt2: solved=True, runtime=0.27s, PAR-2=0.27s
[DEBUG] Processing 1179/2285: UF/sledgehammer/FFT/uf.680999.smt2
[DEBUG] Predicted solver: iProver for benchmark UF/sledgehammer/FFT/uf.680999.smt2
[DEBUG] Benchmark UF/sledgehammer/FFT/uf.680999.smt2: solved=False, runtime=1200.00s, PAR-2=2400.00s
[DEBUG] Processing 1180/2285: UF/20170428-Barrett/cdt-cade2015/nada/afp/coinductive_list/x2015_09_10_17_11_18_552_2541779.smt_in.smt2
[DEBUG] Predicted solver: Yices2 for benchmark UF/20170428-Barrett/cdt-cade2015/nada/afp/coinductive_list/x2015_09_10_17_11_18_552_2541779.smt_in.smt2
[DEBUG] Benchmark UF/20170428-Barrett/cdt-cade2015/nada/afp/coinductive_list/x2015_09_10_17_11_18_552_2541779.smt_in.smt2: solved=False, runtime=1200.00s, PAR-2=2400.00s
[DEBUG] Processing 1181/2285: UF/sledgehammer/FFT/uf.581740.smt2
[DEBUG] Predicted solver: iProver for benchmark UF/sledgehammer/FFT/uf.581740.smt2
[DEBUG] Benchmark UF/sledgehammer/FFT/uf.581740.smt2: solved=False, runtime=1200.00s, PAR-2=2400.00s
[DEBUG] Processing 1182/2285: UF/sledgehammer/Fundamental_Theorem_Algebra/uf.1442043.smt2
[DEBUG] Predicted solver: cvc5 for benchmark UF/sledgehammer/Fundamental_Theorem_Algebra/uf.1442043.smt2
[DEBUG] Benchmark UF/sledgehammer/Fundamental_Theorem_Algebra/uf.1442043.smt2: solved=True, runtime=3.44s, PAR-2=3.44s
[DEBUG] Processing 1183/2285: UF/sledgehammer/FFT/uf.773841.smt2
[DEBUG] Predicted solver: iProver for benchmark UF/sledgehammer/FFT/uf.773841.smt2
[DEBUG] Benchmark UF/sledgehammer/FFT/uf.773841.smt2: solved=True, runtime=3.88s, PAR-2=3.88s
[DEBUG] Processing 1184/2285: UF/sledgehammer/Fundamental_Theorem_Algebra/uf.908739.smt2
[DEBUG] Predicted solver: iProver for benchmark UF/sledgehammer/Fundamental_Theorem_Algebra/uf.908739.smt2
[DEBUG] Benchmark UF/sledgehammer/Fundamental_Theorem_Algebra/uf.908739.smt2: solved=True, runtime=16.40s, PAR-2=16.40s
[DEBUG] Processing 1185/2285: UF/sledgehammer/Hoare/uf.863813.smt2
[DEBUG] Predicted solver: cvc5 for benchmark UF/sledgehammer/Hoare/uf.863813.smt2
[DEBUG] Benchmark UF/sledgehammer/Hoare/uf.863813.smt2: solved=False, runtime=1200.00s, PAR-2=2400.00s
[DEBUG] Processing 1186/2285: UF/sledgehammer/NS_Shared/uf.813420.smt2
[DEBUG] Predicted solver: iProver for benchmark UF/sledgehammer/NS_Shared/uf.813420.smt2
[DEBUG] Benchmark UF/sledgehammer/NS_Shared/uf.813420.smt2: solved=False, runtime=1200.00s, PAR-2=2400.00s
[DEBUG] Processing 1187/2285: UF/20170428-Barrett/cdt-cade2015/nada/afp/coinductive_list/x2015_09_10_17_03_12_518_1888854.smt_in.smt2
[DEBUG] Predicted solver: Yices2 for benchmark UF/20170428-Barrett/cdt-cade2015/nada/afp/coinductive_list/x2015_09_10_17_03_12_518_1888854.smt_in.smt2
[DEBUG] Benchmark UF/20170428-Barrett/cdt-cade2015/nada/afp/coinductive_list/x2015_09_10_17_03_12_518_1888854.smt_in.smt2: solved=False, runtime=1200.00s, PAR-2=2400.00s
[DEBUG] Processing 1188/2285: UF/20170428-Barrett/cdt-cade2015/nada/distro/gram_lang/x2015_09_10_16_55_18_982_1528385.smt_in.smt2
[DEBUG] Predicted solver: cvc5 for benchmark UF/20170428-Barrett/cdt-cade2015/nada/distro/gram_lang/x2015_09_10_16_55_18_982_1528385.smt_in.smt2
[DEBUG] Benchmark UF/20170428-Barrett/cdt-cade2015/nada/distro/gram_lang/x2015_09_10_16_55_18_982_1528385.smt_in.smt2: solved=True, runtime=540.88s, PAR-2=540.88s
[DEBUG] Processing 1189/2285: UF/20170428-Barrett/cdt-cade2015/nada/distro/rbt_impl/x2015_09_10_16_54_21_369_1423126.smt_in.smt2
[DEBUG] Predicted solver: cvc5 for benchmark UF/20170428-Barrett/cdt-cade2015/nada/distro/rbt_impl/x2015_09_10_16_54_21_369_1423126.smt_in.smt2
[DEBUG] Benchmark UF/20170428-Barrett/cdt-cade2015/nada/distro/rbt_impl/x2015_09_10_16_54_21_369_1423126.smt_in.smt2: solved=False, runtime=1200.00s, PAR-2=2400.00s
[DEBUG] Processing 1190/2285: UF/sledgehammer/StrongNorm/uf.574002.smt2
[DEBUG] Predicted solver: iProver for benchmark UF/sledgehammer/StrongNorm/uf.574002.smt2
[DEBUG] Benchmark UF/sledgehammer/StrongNorm/uf.574002.smt2: solved=True, runtime=0.83s, PAR-2=0.83s
[DEBUG] Processing 1191/2285: UF/sledgehammer/Arrow_Order/uf.696383.smt2
[DEBUG] Predicted solver: cvc5 for benchmark UF/sledgehammer/Arrow_Order/uf.696383.smt2
[DEBUG] Benchmark UF/sledgehammer/Arrow_Order/uf.696383.smt2: solved=True, runtime=0.31s, PAR-2=0.31s
[DEBUG] Processing 1192/2285: UF/sledgehammer/TypeSafe/smtlib.1282296.smt2
[DEBUG] Predicted solver: iProver for benchmark UF/sledgehammer/TypeSafe/smtlib.1282296.smt2
[DEBUG] Benchmark UF/sledgehammer/TypeSafe/smtlib.1282296.smt2: solved=False, runtime=1200.00s, PAR-2=2400.00s
[DEBUG] Processing 1193/2285: UF/sledgehammer/FFT/uf.767635.smt2
[DEBUG] Predicted solver: iProver for benchmark UF/sledgehammer/FFT/uf.767635.smt2
[DEBUG] Benchmark UF/sledgehammer/FFT/uf.767635.smt2: solved=False, runtime=1200.00s, PAR-2=2400.00s
[DEBUG] Processing 1194/2285: UF/sledgehammer/Fundamental_Theorem_Algebra/uf.781994.smt2
[DEBUG] Predicted solver: cvc5 for benchmark UF/sledgehammer/Fundamental_Theorem_Algebra/uf.781994.smt2
[DEBUG] Benchmark UF/sledgehammer/Fundamental_Theorem_Algebra/uf.781994.smt2: solved=True, runtime=1032.81s, PAR-2=1032.81s
[DEBUG] Processing 1195/2285: UF/20170428-Barrett/cdt-cade2015/nada/afp/coinductive_list/x2015_09_10_16_59_18_190_1604119.smt_in.smt2
[DEBUG] Predicted solver: cvc5 for benchmark UF/20170428-Barrett/cdt-cade2015/nada/afp/coinductive_list/x2015_09_10_16_59_18_190_1604119.smt_in.smt2
[DEBUG] Benchmark UF/20170428-Barrett/cdt-cade2015/nada/afp/coinductive_list/x2015_09_10_16_59_18_190_1604119.smt_in.smt2: solved=True, runtime=30.32s, PAR-2=30.32s
[DEBUG] Processing 1196/2285: UF/sledgehammer/Hoare/uf.1087428.smt2
[DEBUG] Predicted solver: iProver for benchmark UF/sledgehammer/Hoare/uf.1087428.smt2
[DEBUG] Benchmark UF/sledgehammer/Hoare/uf.1087428.smt2: solved=True, runtime=1.43s, PAR-2=1.43s
[DEBUG] Processing 1197/2285: UF/grasshopper/uninstantiated/insert_postcondition_of_insert_27_4.smt2
[DEBUG] Predicted solver: iProver for benchmark UF/grasshopper/uninstantiated/insert_postcondition_of_insert_27_4.smt2
[DEBUG] Benchmark UF/grasshopper/uninstantiated/insert_postcondition_of_insert_27_4.smt2: solved=True, runtime=0.88s, PAR-2=0.88s
[DEBUG] Processing 1198/2285: UF/sledgehammer/Fundamental_Theorem_Algebra/uf.683612.smt2
[DEBUG] Predicted solver: iProver for benchmark UF/sledgehammer/Fundamental_Theorem_Algebra/uf.683612.smt2
[DEBUG] Benchmark UF/sledgehammer/Fundamental_Theorem_Algebra/uf.683612.smt2: solved=False, runtime=1200.00s, PAR-2=2400.00s
[DEBUG] Processing 1199/2285: UF/grasshopper/instantiated/dl_remove_loop_invariant_35_5.smt2
[DEBUG] Predicted solver: Yices2 for benchmark UF/grasshopper/instantiated/dl_remove_loop_invariant_35_5.smt2
[DEBUG] Benchmark UF/grasshopper/instantiated/dl_remove_loop_invariant_35_5.smt2: solved=True, runtime=0.83s, PAR-2=0.83s
[DEBUG] Processing 1200/2285: UF/sledgehammer/Fundamental_Theorem_Algebra/uf.588288.smt2
[DEBUG] Predicted solver: iProver for benchmark UF/sledgehammer/Fundamental_Theorem_Algebra/uf.588288.smt2
[DEBUG] Benchmark UF/sledgehammer/Fundamental_Theorem_Algebra/uf.588288.smt2: solved=False, runtime=1200.00s, PAR-2=2400.00s
[DEBUG] Processing 1201/2285: UF/sledgehammer/NS_Shared/smtlib.595554.smt2
[DEBUG] Predicted solver: iProver for benchmark UF/sledgehammer/NS_Shared/smtlib.595554.smt2
[DEBUG] Benchmark UF/sledgehammer/NS_Shared/smtlib.595554.smt2: solved=False, runtime=1200.00s, PAR-2=2400.00s
[DEBUG] Processing 1202/2285: UF/sledgehammer/TypeSafe/uf.758991.smt2
[DEBUG] Predicted solver: cvc5 for benchmark UF/sledgehammer/TypeSafe/uf.758991.smt2
[DEBUG] Benchmark UF/sledgehammer/TypeSafe/uf.758991.smt2: solved=True, runtime=542.87s, PAR-2=542.87s
[DEBUG] Processing 1203/2285: UF/20170428-Barrett/cdt-cade2015/nada/afp/coinductive_list/x2015_09_10_17_03_41_217_1925781.smt_in.smt2
[DEBUG] Predicted solver: cvc5 for benchmark UF/20170428-Barrett/cdt-cade2015/nada/afp/coinductive_list/x2015_09_10_17_03_41_217_1925781.smt_in.smt2
[DEBUG] Benchmark UF/20170428-Barrett/cdt-cade2015/nada/afp/coinductive_list/x2015_09_10_17_03_41_217_1925781.smt_in.smt2: solved=False, runtime=1200.00s, PAR-2=2400.00s
[DEBUG] Processing 1204/2285: UF/sledgehammer/Fundamental_Theorem_Algebra/uf.558431.smt2
[DEBUG] Predicted solver: iProver for benchmark UF/sledgehammer/Fundamental_Theorem_Algebra/uf.558431.smt2
[DEBUG] Benchmark UF/sledgehammer/Fundamental_Theorem_Algebra/uf.558431.smt2: solved=False, runtime=1200.00s, PAR-2=2400.00s
[DEBUG] Processing 1205/2285: UF/20170428-Barrett/cdt-cade2015/nada/afp/coinductive_list/x2015_09_10_16_54_33_620_1354342.smt_in.smt2
[DEBUG] Predicted solver: Yices2 for benchmark UF/20170428-Barrett/cdt-cade2015/nada/afp/coinductive_list/x2015_09_10_16_54_33_620_1354342.smt_in.smt2
[DEBUG] Benchmark UF/20170428-Barrett/cdt-cade2015/nada/afp/coinductive_list/x2015_09_10_16_54_33_620_1354342.smt_in.smt2: solved=False, runtime=1200.00s, PAR-2=2400.00s
[DEBUG] Processing 1206/2285: UF/sledgehammer/Hoare/uf.566104.smt2
[DEBUG] Predicted solver: iProver for benchmark UF/sledgehammer/Hoare/uf.566104.smt2
[DEBUG] Benchmark UF/sledgehammer/Hoare/uf.566104.smt2: solved=True, runtime=0.88s, PAR-2=0.88s
[DEBUG] Processing 1207/2285: UF/sledgehammer/StrongNorm/uf.569235.smt2
[DEBUG] Predicted solver: iProver for benchmark UF/sledgehammer/StrongNorm/uf.569235.smt2
[DEBUG] Benchmark UF/sledgehammer/StrongNorm/uf.569235.smt2: solved=False, runtime=1200.00s, PAR-2=2400.00s
[DEBUG] Processing 1208/2285: UF/20170428-Barrett/cdt-cade2015/nada/gandl/cotree/x2015_09_10_16_50_25_510_1052801.smt_in.smt2
[DEBUG] Predicted solver: cvc5 for benchmark UF/20170428-Barrett/cdt-cade2015/nada/gandl/cotree/x2015_09_10_16_50_25_510_1052801.smt_in.smt2
[DEBUG] Benchmark UF/20170428-Barrett/cdt-cade2015/nada/gandl/cotree/x2015_09_10_16_50_25_510_1052801.smt_in.smt2: solved=False, runtime=1200.00s, PAR-2=2400.00s
[DEBUG] Processing 1209/2285: UF/sledgehammer/FFT/uf.892719.smt2
[DEBUG] Predicted solver: iProver for benchmark UF/sledgehammer/FFT/uf.892719.smt2
[DEBUG] Benchmark UF/sledgehammer/FFT/uf.892719.smt2: solved=True, runtime=0.91s, PAR-2=0.91s
[DEBUG] Processing 1210/2285: UF/sledgehammer/Hoare/uf.848693.smt2
[DEBUG] Predicted solver: iProver for benchmark UF/sledgehammer/Hoare/uf.848693.smt2
[DEBUG] Benchmark UF/sledgehammer/Hoare/uf.848693.smt2: solved=False, runtime=1200.00s, PAR-2=2400.00s
[DEBUG] Processing 1211/2285: UF/sledgehammer/Hoare/uf.905995.smt2
[DEBUG] Predicted solver: iProver for benchmark UF/sledgehammer/Hoare/uf.905995.smt2
[DEBUG] Benchmark UF/sledgehammer/Hoare/uf.905995.smt2: solved=True, runtime=0.94s, PAR-2=0.94s
[DEBUG] Processing 1212/2285: UF/20170428-Barrett/cdt-cade2015/nada/afp/huffman/x2015_09_10_16_48_45_994_1136898.smt_in.smt2
[DEBUG] Predicted solver: iProver for benchmark UF/20170428-Barrett/cdt-cade2015/nada/afp/huffman/x2015_09_10_16_48_45_994_1136898.smt_in.smt2
[DEBUG] Benchmark UF/20170428-Barrett/cdt-cade2015/nada/afp/huffman/x2015_09_10_16_48_45_994_1136898.smt_in.smt2: solved=False, runtime=1200.00s, PAR-2=2400.00s
[DEBUG] Processing 1213/2285: UF/sledgehammer/QEpres/uf.1063172.smt2
[DEBUG] Predicted solver: cvc5 for benchmark UF/sledgehammer/QEpres/uf.1063172.smt2
[DEBUG] Benchmark UF/sledgehammer/QEpres/uf.1063172.smt2: solved=False, runtime=1200.00s, PAR-2=2400.00s
[DEBUG] Processing 1214/2285: UF/sledgehammer/QEpres/uf.1099811.smt2
[DEBUG] Predicted solver: iProver for benchmark UF/sledgehammer/QEpres/uf.1099811.smt2
[DEBUG] Benchmark UF/sledgehammer/QEpres/uf.1099811.smt2: solved=False, runtime=1200.00s, PAR-2=2400.00s
[DEBUG] Processing 1215/2285: UF/20170428-Barrett/cdt-cade2015/nada/afp/coinductive_list/x2015_09_10_17_18_40_435_2845937.smt_in.smt2
[DEBUG] Predicted solver: Yices2 for benchmark UF/20170428-Barrett/cdt-cade2015/nada/afp/coinductive_list/x2015_09_10_17_18_40_435_2845937.smt_in.smt2
[DEBUG] Benchmark UF/20170428-Barrett/cdt-cade2015/nada/afp/coinductive_list/x2015_09_10_17_18_40_435_2845937.smt_in.smt2: solved=False, runtime=1200.00s, PAR-2=2400.00s
[DEBUG] Processing 1216/2285: UF/20170428-Barrett/cdt-cade2015/nada/afp/huffman/x2015_09_10_16_48_38_315_1127625.smt_in.smt2
[DEBUG] Predicted solver: cvc5 for benchmark UF/20170428-Barrett/cdt-cade2015/nada/afp/huffman/x2015_09_10_16_48_38_315_1127625.smt_in.smt2
[DEBUG] Benchmark UF/20170428-Barrett/cdt-cade2015/nada/afp/huffman/x2015_09_10_16_48_38_315_1127625.smt_in.smt2: solved=False, runtime=1200.00s, PAR-2=2400.00s
[DEBUG] Processing 1217/2285: UF/20170428-Barrett/cdt-cade2015/nada/afp/coinductive_list/x2015_09_10_17_06_58_566_2199621.smt_in.smt2
[DEBUG] Predicted solver: cvc5 for benchmark UF/20170428-Barrett/cdt-cade2015/nada/afp/coinductive_list/x2015_09_10_17_06_58_566_2199621.smt_in.smt2
[DEBUG] Benchmark UF/20170428-Barrett/cdt-cade2015/nada/afp/coinductive_list/x2015_09_10_17_06_58_566_2199621.smt_in.smt2: solved=False, runtime=1200.00s, PAR-2=2400.00s
[DEBUG] Processing 1218/2285: UF/sledgehammer/QEpres/uf.906262.smt2
[DEBUG] Predicted solver: iProver for benchmark UF/sledgehammer/QEpres/uf.906262.smt2
[DEBUG] Benchmark UF/sledgehammer/QEpres/uf.906262.smt2: solved=False, runtime=1200.00s, PAR-2=2400.00s
[DEBUG] Processing 1219/2285: UF/sledgehammer/FFT/uf.624916.smt2
[DEBUG] Predicted solver: iProver for benchmark UF/sledgehammer/FFT/uf.624916.smt2
[DEBUG] Benchmark UF/sledgehammer/FFT/uf.624916.smt2: solved=False, runtime=1200.00s, PAR-2=2400.00s
[DEBUG] Processing 1220/2285: UF/sledgehammer/StrongNorm/uf.599383.smt2
[DEBUG] Predicted solver: iProver for benchmark UF/sledgehammer/StrongNorm/uf.599383.smt2
[DEBUG] Benchmark UF/sledgehammer/StrongNorm/uf.599383.smt2: solved=False, runtime=1200.00s, PAR-2=2400.00s
[DEBUG] Processing 1221/2285: UF/20170428-Barrett/cdt-cade2015/nada/distro/gram_lang/x2015_09_10_16_47_28_719_1066267.smt_in.smt2
[DEBUG] Predicted solver: cvc5 for benchmark UF/20170428-Barrett/cdt-cade2015/nada/distro/gram_lang/x2015_09_10_16_47_28_719_1066267.smt_in.smt2
[DEBUG] Benchmark UF/20170428-Barrett/cdt-cade2015/nada/distro/gram_lang/x2015_09_10_16_47_28_719_1066267.smt_in.smt2: solved=False, runtime=1200.00s, PAR-2=2400.00s
[DEBUG] Processing 1222/2285: UF/sledgehammer/NS_Shared/uf.771123.smt2
[DEBUG] Predicted solver: Yices2 for benchmark UF/sledgehammer/NS_Shared/uf.771123.smt2
[DEBUG] Benchmark UF/sledgehammer/NS_Shared/uf.771123.smt2: solved=False, runtime=1200.00s, PAR-2=2400.00s
[DEBUG] Processing 1223/2285: UF/20170428-Barrett/cdt-cade2015/nada/afp/coinductive_list/x2015_09_10_17_00_45_663_1698368.smt_in.smt2
[DEBUG] Predicted solver: iProver for benchmark UF/20170428-Barrett/cdt-cade2015/nada/afp/coinductive_list/x2015_09_10_17_00_45_663_1698368.smt_in.smt2
[DEBUG] Benchmark UF/20170428-Barrett/cdt-cade2015/nada/afp/coinductive_list/x2015_09_10_17_00_45_663_1698368.smt_in.smt2: solved=True, runtime=2.36s, PAR-2=2.36s
[DEBUG] Processing 1224/2285: UF/sledgehammer/Hoare/uf.791978.smt2
[DEBUG] Predicted solver: cvc5 for benchmark UF/sledgehammer/Hoare/uf.791978.smt2
[DEBUG] Benchmark UF/sledgehammer/Hoare/uf.791978.smt2: solved=True, runtime=3.62s, PAR-2=3.62s
[DEBUG] Processing 1225/2285: UF/sledgehammer/TypeSafe/uf.1068513.smt2
[DEBUG] Predicted solver: cvc5 for benchmark UF/sledgehammer/TypeSafe/uf.1068513.smt2
[DEBUG] Benchmark UF/sledgehammer/TypeSafe/uf.1068513.smt2: solved=True, runtime=0.86s, PAR-2=0.86s
[DEBUG] Processing 1226/2285: UF/sledgehammer/QEpres/uf.783239.smt2
[DEBUG] Predicted solver: iProver for benchmark UF/sledgehammer/QEpres/uf.783239.smt2
[DEBUG] Benchmark UF/sledgehammer/QEpres/uf.783239.smt2: solved=True, runtime=26.44s, PAR-2=26.44s
[DEBUG] Processing 1227/2285: UF/20170428-Barrett/cdt-cade2015/nada/afp/huffman/x2015_09_10_16_48_32_920_1120982.smt_in.smt2
[DEBUG] Predicted solver: iProver for benchmark UF/20170428-Barrett/cdt-cade2015/nada/afp/huffman/x2015_09_10_16_48_32_920_1120982.smt_in.smt2
[DEBUG] Benchmark UF/20170428-Barrett/cdt-cade2015/nada/afp/huffman/x2015_09_10_16_48_32_920_1120982.smt_in.smt2: solved=False, runtime=1200.00s, PAR-2=2400.00s
[DEBUG] Processing 1228/2285: UF/20170428-Barrett/cdt-cade2015/nada/afp/coinductive_list/x2015_09_10_17_04_57_853_2031670.smt_in.smt2
[DEBUG] Predicted solver: cvc5 for benchmark UF/20170428-Barrett/cdt-cade2015/nada/afp/coinductive_list/x2015_09_10_17_04_57_853_2031670.smt_in.smt2
[DEBUG] Benchmark UF/20170428-Barrett/cdt-cade2015/nada/afp/coinductive_list/x2015_09_10_17_04_57_853_2031670.smt_in.smt2: solved=False, runtime=1200.00s, PAR-2=2400.00s
[DEBUG] Processing 1229/2285: UF/sledgehammer/Fundamental_Theorem_Algebra/uf.910148.smt2
[DEBUG] Predicted solver: iProver for benchmark UF/sledgehammer/Fundamental_Theorem_Algebra/uf.910148.smt2
[DEBUG] Benchmark UF/sledgehammer/Fundamental_Theorem_Algebra/uf.910148.smt2: solved=True, runtime=1.82s, PAR-2=1.82s
[DEBUG] Processing 1230/2285: UF/sledgehammer/TypeSafe/smtlib.1256624.smt2
[DEBUG] Predicted solver: iProver for benchmark UF/sledgehammer/TypeSafe/smtlib.1256624.smt2
[DEBUG] Benchmark UF/sledgehammer/TypeSafe/smtlib.1256624.smt2: solved=True, runtime=1.35s, PAR-2=1.35s
[DEBUG] Processing 1231/2285: UF/sledgehammer/QEpres/uf.916791.smt2
[DEBUG] Predicted solver: iProver for benchmark UF/sledgehammer/QEpres/uf.916791.smt2
[DEBUG] Benchmark UF/sledgehammer/QEpres/uf.916791.smt2: solved=False, runtime=1200.00s, PAR-2=2400.00s
[DEBUG] Processing 1232/2285: UF/sledgehammer/Hoare/uf.860712.smt2
[DEBUG] Predicted solver: iProver for benchmark UF/sledgehammer/Hoare/uf.860712.smt2
[DEBUG] Benchmark UF/sledgehammer/Hoare/uf.860712.smt2: solved=False, runtime=1200.00s, PAR-2=2400.00s
[DEBUG] Processing 1233/2285: UF/20170428-Barrett/cdt-cade2015/nada/afp/coinductive_list/x2015_09_10_17_18_27_122_2837764.smt_in.smt2
[DEBUG] Predicted solver: cvc5 for benchmark UF/20170428-Barrett/cdt-cade2015/nada/afp/coinductive_list/x2015_09_10_17_18_27_122_2837764.smt_in.smt2
[DEBUG] Benchmark UF/20170428-Barrett/cdt-cade2015/nada/afp/coinductive_list/x2015_09_10_17_18_27_122_2837764.smt_in.smt2: solved=False, runtime=1200.00s, PAR-2=2400.00s
[DEBUG] Processing 1234/2285: UF/20170428-Barrett/cdt-cade2015/nada/afp/koenigslemma/x2015_09_10_16_54_23_836_1166993.smt_in.smt2
[DEBUG] Predicted solver: Yices2 for benchmark UF/20170428-Barrett/cdt-cade2015/nada/afp/koenigslemma/x2015_09_10_16_54_23_836_1166993.smt_in.smt2
[DEBUG] Benchmark UF/20170428-Barrett/cdt-cade2015/nada/afp/koenigslemma/x2015_09_10_16_54_23_836_1166993.smt_in.smt2: solved=True, runtime=0.22s, PAR-2=0.22s
[DEBUG] Processing 1235/2285: UF/sledgehammer/NS_Shared/smtlib.608094.smt2
[DEBUG] Predicted solver: iProver for benchmark UF/sledgehammer/NS_Shared/smtlib.608094.smt2
[DEBUG] Benchmark UF/sledgehammer/NS_Shared/smtlib.608094.smt2: solved=False, runtime=1200.00s, PAR-2=2400.00s
[DEBUG] Processing 1236/2285: UF/sledgehammer/QEpres/uf.924249.smt2
[DEBUG] Predicted solver: Yices2 for benchmark UF/sledgehammer/QEpres/uf.924249.smt2
[DEBUG] Benchmark UF/sledgehammer/QEpres/uf.924249.smt2: solved=False, runtime=1200.00s, PAR-2=2400.00s
[DEBUG] Processing 1237/2285: UF/sledgehammer/FFT/uf.674801.smt2
[DEBUG] Predicted solver: iProver for benchmark UF/sledgehammer/FFT/uf.674801.smt2
[DEBUG] Benchmark UF/sledgehammer/FFT/uf.674801.smt2: solved=False, runtime=1200.00s, PAR-2=2400.00s
[DEBUG] Processing 1238/2285: UF/20170428-Barrett/cdt-cade2015/nada/afp/coinductive_list/x2015_09_10_17_09_35_636_2409019.smt_in.smt2
[DEBUG] Predicted solver: Yices2 for benchmark UF/20170428-Barrett/cdt-cade2015/nada/afp/coinductive_list/x2015_09_10_17_09_35_636_2409019.smt_in.smt2
[DEBUG] Benchmark UF/20170428-Barrett/cdt-cade2015/nada/afp/coinductive_list/x2015_09_10_17_09_35_636_2409019.smt_in.smt2: solved=True, runtime=0.35s, PAR-2=0.35s
[DEBUG] Processing 1239/2285: UF/20170428-Barrett/cdt-cade2015/nada/afp/huffman/x2015_09_10_16_51_03_170_1287405.smt_in.smt2
[DEBUG] Predicted solver: Yices2 for benchmark UF/20170428-Barrett/cdt-cade2015/nada/afp/huffman/x2015_09_10_16_51_03_170_1287405.smt_in.smt2
[DEBUG] Benchmark UF/20170428-Barrett/cdt-cade2015/nada/afp/huffman/x2015_09_10_16_51_03_170_1287405.smt_in.smt2: solved=True, runtime=0.22s, PAR-2=0.22s
[DEBUG] Processing 1240/2285: UF/sledgehammer/Fundamental_Theorem_Algebra/uf.1258905.smt2
[DEBUG] Predicted solver: iProver for benchmark UF/sledgehammer/Fundamental_Theorem_Algebra/uf.1258905.smt2
[DEBUG] Benchmark UF/sledgehammer/Fundamental_Theorem_Algebra/uf.1258905.smt2: solved=True, runtime=0.86s, PAR-2=0.86s
[DEBUG] Processing 1241/2285: UF/20170428-Barrett/cdt-cade2015/nada/afp/coinductive_stream/x2015_09_10_17_23_15_283_1135882.smt_in.smt2
[DEBUG] Predicted solver: cvc5 for benchmark UF/20170428-Barrett/cdt-cade2015/nada/afp/coinductive_stream/x2015_09_10_17_23_15_283_1135882.smt_in.smt2
[DEBUG] Benchmark UF/20170428-Barrett/cdt-cade2015/nada/afp/coinductive_stream/x2015_09_10_17_23_15_283_1135882.smt_in.smt2: solved=False, runtime=1200.00s, PAR-2=2400.00s
[DEBUG] Processing 1242/2285: UF/20170428-Barrett/cdt-cade2015/nada/gandl/stern_brocot_tree/x2015_09_10_16_52_11_743_1099261.smt_in.smt2
[DEBUG] Predicted solver: Yices2 for benchmark UF/20170428-Barrett/cdt-cade2015/nada/gandl/stern_brocot_tree/x2015_09_10_16_52_11_743_1099261.smt_in.smt2
[DEBUG] Benchmark UF/20170428-Barrett/cdt-cade2015/nada/gandl/stern_brocot_tree/x2015_09_10_16_52_11_743_1099261.smt_in.smt2: solved=False, runtime=1200.00s, PAR-2=2400.00s
[DEBUG] Processing 1243/2285: UF/sledgehammer/Arrow_Order/smtlib.605149.smt2
[DEBUG] Predicted solver: cvc5 for benchmark UF/sledgehammer/Arrow_Order/smtlib.605149.smt2
[DEBUG] Benchmark UF/sledgehammer/Arrow_Order/smtlib.605149.smt2: solved=False, runtime=1200.00s, PAR-2=2400.00s
[DEBUG] Processing 1244/2285: UF/20170428-Barrett/cdt-cade2015/nada/afp/coinductive_list/x2015_09_10_17_09_25_816_2396104.smt_in.smt2
[DEBUG] Predicted solver: cvc5 for benchmark UF/20170428-Barrett/cdt-cade2015/nada/afp/coinductive_list/x2015_09_10_17_09_25_816_2396104.smt_in.smt2
[DEBUG] Benchmark UF/20170428-Barrett/cdt-cade2015/nada/afp/coinductive_list/x2015_09_10_17_09_25_816_2396104.smt_in.smt2: solved=True, runtime=0.29s, PAR-2=0.29s
[DEBUG] Processing 1245/2285: UF/sledgehammer/TwoSquares/uf.804437.smt2
[DEBUG] Predicted solver: iProver for benchmark UF/sledgehammer/TwoSquares/uf.804437.smt2
[DEBUG] Benchmark UF/sledgehammer/TwoSquares/uf.804437.smt2: solved=True, runtime=58.43s, PAR-2=58.43s
[DEBUG] Processing 1246/2285: UF/sledgehammer/TypeSafe/uf.812728.smt2
[DEBUG] Predicted solver: cvc5 for benchmark UF/sledgehammer/TypeSafe/uf.812728.smt2
[DEBUG] Benchmark UF/sledgehammer/TypeSafe/uf.812728.smt2: solved=False, runtime=1200.00s, PAR-2=2400.00s
[DEBUG] Processing 1247/2285: UF/20170428-Barrett/cdt-cade2015/nada/afp/huffman/x2015_09_10_16_49_44_292_1204654.smt_in.smt2
[DEBUG] Predicted solver: cvc5 for benchmark UF/20170428-Barrett/cdt-cade2015/nada/afp/huffman/x2015_09_10_16_49_44_292_1204654.smt_in.smt2
[DEBUG] Benchmark UF/20170428-Barrett/cdt-cade2015/nada/afp/huffman/x2015_09_10_16_49_44_292_1204654.smt_in.smt2: solved=True, runtime=0.30s, PAR-2=0.30s
[DEBUG] Processing 1248/2285: UF/sledgehammer/Arrow_Order/smtlib.681835.smt2
[DEBUG] Predicted solver: cvc5 for benchmark UF/sledgehammer/Arrow_Order/smtlib.681835.smt2
[DEBUG] Benchmark UF/sledgehammer/Arrow_Order/smtlib.681835.smt2: solved=False, runtime=1200.00s, PAR-2=2400.00s
[DEBUG] Processing 1249/2285: UF/sledgehammer/FFT/uf.744654.smt2
[DEBUG] Predicted solver: iProver for benchmark UF/sledgehammer/FFT/uf.744654.smt2
[DEBUG] Benchmark UF/sledgehammer/FFT/uf.744654.smt2: solved=False, runtime=1200.00s, PAR-2=2400.00s
[DEBUG] Processing 1250/2285: UF/20170428-Barrett/cdt-cade2015/nada/distro/gram_lang/x2015_09_10_16_51_30_829_1307264.smt_in.smt2
[DEBUG] Predicted solver: Yices2 for benchmark UF/20170428-Barrett/cdt-cade2015/nada/distro/gram_lang/x2015_09_10_16_51_30_829_1307264.smt_in.smt2
[DEBUG] Benchmark UF/20170428-Barrett/cdt-cade2015/nada/distro/gram_lang/x2015_09_10_16_51_30_829_1307264.smt_in.smt2: solved=False, runtime=1200.00s, PAR-2=2400.00s
[DEBUG] Processing 1251/2285: UF/sledgehammer/QEpres/uf.675376.smt2
[DEBUG] Predicted solver: cvc5 for benchmark UF/sledgehammer/QEpres/uf.675376.smt2
[DEBUG] Benchmark UF/sledgehammer/QEpres/uf.675376.smt2: solved=False, runtime=1200.00s, PAR-2=2400.00s
[DEBUG] Processing 1252/2285: UF/20170428-Barrett/cdt-cade2015/nada/afp/coinductive_list/x2015_09_10_17_07_25_073_2235233.smt_in.smt2
[DEBUG] Predicted solver: cvc5 for benchmark UF/20170428-Barrett/cdt-cade2015/nada/afp/coinductive_list/x2015_09_10_17_07_25_073_2235233.smt_in.smt2
[DEBUG] Benchmark UF/20170428-Barrett/cdt-cade2015/nada/afp/coinductive_list/x2015_09_10_17_07_25_073_2235233.smt_in.smt2: solved=True, runtime=3.38s, PAR-2=3.38s
[DEBUG] Processing 1253/2285: UF/sledgehammer/Fundamental_Theorem_Algebra/uf.637913.smt2
[DEBUG] Predicted solver: iProver for benchmark UF/sledgehammer/Fundamental_Theorem_Algebra/uf.637913.smt2
[DEBUG] Benchmark UF/sledgehammer/Fundamental_Theorem_Algebra/uf.637913.smt2: solved=False, runtime=1200.00s, PAR-2=2400.00s
[DEBUG] Processing 1254/2285: UF/sledgehammer/QEpres/uf.954373.smt2
[DEBUG] Predicted solver: cvc5 for benchmark UF/sledgehammer/QEpres/uf.954373.smt2
[DEBUG] Benchmark UF/sledgehammer/QEpres/uf.954373.smt2: solved=True, runtime=0.52s, PAR-2=0.52s
[DEBUG] Processing 1255/2285: UF/sledgehammer/NS_Shared/uf.874657.smt2
[DEBUG] Predicted solver: cvc5 for benchmark UF/sledgehammer/NS_Shared/uf.874657.smt2
[DEBUG] Benchmark UF/sledgehammer/NS_Shared/uf.874657.smt2: solved=False, runtime=1200.00s, PAR-2=2400.00s
[DEBUG] Processing 1256/2285: UF/20170428-Barrett/cdt-cade2015/nada/afp/coinductive_list/x2015_09_10_16_56_55_355_1473654.smt_in.smt2
[DEBUG] Predicted solver: cvc5 for benchmark UF/20170428-Barrett/cdt-cade2015/nada/afp/coinductive_list/x2015_09_10_16_56_55_355_1473654.smt_in.smt2
[DEBUG] Benchmark UF/20170428-Barrett/cdt-cade2015/nada/afp/coinductive_list/x2015_09_10_16_56_55_355_1473654.smt_in.smt2: solved=False, runtime=1200.00s, PAR-2=2400.00s
[DEBUG] Processing 1257/2285: UF/sledgehammer/Fundamental_Theorem_Algebra/uf.1220106.smt2
[DEBUG] Predicted solver: iProver for benchmark UF/sledgehammer/Fundamental_Theorem_Algebra/uf.1220106.smt2
[DEBUG] Benchmark UF/sledgehammer/Fundamental_Theorem_Algebra/uf.1220106.smt2: solved=False, runtime=1200.00s, PAR-2=2400.00s
[DEBUG] Processing 1258/2285: UF/sledgehammer/QEpres/uf.706680.smt2
[DEBUG] Predicted solver: iProver for benchmark UF/sledgehammer/QEpres/uf.706680.smt2
[DEBUG] Benchmark UF/sledgehammer/QEpres/uf.706680.smt2: solved=True, runtime=0.83s, PAR-2=0.83s
[DEBUG] Processing 1259/2285: UF/20170428-Barrett/cdt-cade2015/nada/distro/stream/x2015_09_10_16_48_52_240_1126440.smt_in.smt2
[DEBUG] Predicted solver: cvc5 for benchmark UF/20170428-Barrett/cdt-cade2015/nada/distro/stream/x2015_09_10_16_48_52_240_1126440.smt_in.smt2
[DEBUG] Benchmark UF/20170428-Barrett/cdt-cade2015/nada/distro/stream/x2015_09_10_16_48_52_240_1126440.smt_in.smt2: solved=True, runtime=0.32s, PAR-2=0.32s
[DEBUG] Processing 1260/2285: UF/sledgehammer/QEpres/uf.880696.smt2
[DEBUG] Predicted solver: cvc5 for benchmark UF/sledgehammer/QEpres/uf.880696.smt2
[DEBUG] Benchmark UF/sledgehammer/QEpres/uf.880696.smt2: solved=False, runtime=1200.00s, PAR-2=2400.00s
[DEBUG] Processing 1261/2285: UF/20170428-Barrett/cdt-cade2015/nada/gandl/bird_tree/x2015_09_10_16_54_37_804_1017588.smt_in.smt2
[DEBUG] Predicted solver: cvc5 for benchmark UF/20170428-Barrett/cdt-cade2015/nada/gandl/bird_tree/x2015_09_10_16_54_37_804_1017588.smt_in.smt2
[DEBUG] Benchmark UF/20170428-Barrett/cdt-cade2015/nada/gandl/bird_tree/x2015_09_10_16_54_37_804_1017588.smt_in.smt2: solved=True, runtime=0.30s, PAR-2=0.30s
[DEBUG] Processing 1262/2285: UF/sledgehammer/Fundamental_Theorem_Algebra/uf.1240972.smt2
[DEBUG] Predicted solver: Yices2 for benchmark UF/sledgehammer/Fundamental_Theorem_Algebra/uf.1240972.smt2
[DEBUG] Benchmark UF/sledgehammer/Fundamental_Theorem_Algebra/uf.1240972.smt2: solved=False, runtime=1200.00s, PAR-2=2400.00s
[DEBUG] Processing 1263/2285: UF/sledgehammer/QEpres/uf.1123092.smt2
[DEBUG] Predicted solver: iProver for benchmark UF/sledgehammer/QEpres/uf.1123092.smt2
[DEBUG] Benchmark UF/sledgehammer/QEpres/uf.1123092.smt2: solved=True, runtime=0.88s, PAR-2=0.88s
[DEBUG] Processing 1264/2285: UF/sledgehammer/NS_Shared/uf.610045.smt2
[DEBUG] Predicted solver: cvc5 for benchmark UF/sledgehammer/NS_Shared/uf.610045.smt2
[DEBUG] Benchmark UF/sledgehammer/NS_Shared/uf.610045.smt2: solved=False, runtime=1200.00s, PAR-2=2400.00s
[DEBUG] Processing 1265/2285: UF/sledgehammer/StrongNorm/uf.807433.smt2
[DEBUG] Predicted solver: iProver for benchmark UF/sledgehammer/StrongNorm/uf.807433.smt2
[DEBUG] Benchmark UF/sledgehammer/StrongNorm/uf.807433.smt2: solved=False, runtime=1200.00s, PAR-2=2400.00s
[DEBUG] Processing 1266/2285: UF/20170428-Barrett/cdt-cade2015/nada/afp/coinductive_list/x2015_09_10_17_02_04_177_1798189.smt_in.smt2
[DEBUG] Predicted solver: Yices2 for benchmark UF/20170428-Barrett/cdt-cade2015/nada/afp/coinductive_list/x2015_09_10_17_02_04_177_1798189.smt_in.smt2
[DEBUG] Benchmark UF/20170428-Barrett/cdt-cade2015/nada/afp/coinductive_list/x2015_09_10_17_02_04_177_1798189.smt_in.smt2: solved=False, runtime=1200.00s, PAR-2=2400.00s
[DEBUG] Processing 1267/2285: UF/sledgehammer/FFT/uf.729110.smt2
[DEBUG] Predicted solver: iProver for benchmark UF/sledgehammer/FFT/uf.729110.smt2
[DEBUG] Benchmark UF/sledgehammer/FFT/uf.729110.smt2: solved=False, runtime=1200.00s, PAR-2=2400.00s
[DEBUG] Processing 1268/2285: UF/sledgehammer/Hoare/uf.581788.smt2
[DEBUG] Predicted solver: iProver for benchmark UF/sledgehammer/Hoare/uf.581788.smt2
[DEBUG] Benchmark UF/sledgehammer/Hoare/uf.581788.smt2: solved=False, runtime=1200.00s, PAR-2=2400.00s
[DEBUG] Processing 1269/2285: UF/20170428-Barrett/cdt-cade2015/nada/afp/tllist/x2015_09_10_16_56_41_551_1098429.smt_in.smt2
[DEBUG] Predicted solver: Yices2 for benchmark UF/20170428-Barrett/cdt-cade2015/nada/afp/tllist/x2015_09_10_16_56_41_551_1098429.smt_in.smt2
[DEBUG] Benchmark UF/20170428-Barrett/cdt-cade2015/nada/afp/tllist/x2015_09_10_16_56_41_551_1098429.smt_in.smt2: solved=False, runtime=1200.00s, PAR-2=2400.00s
[DEBUG] Processing 1270/2285: UF/sledgehammer/Hoare/uf.678686.smt2
[DEBUG] Predicted solver: iProver for benchmark UF/sledgehammer/Hoare/uf.678686.smt2
[DEBUG] Benchmark UF/sledgehammer/Hoare/uf.678686.smt2: solved=False, runtime=1200.00s, PAR-2=2400.00s
[DEBUG] Processing 1271/2285: UF/sledgehammer/Hoare/uf.1148354.smt2
[DEBUG] Predicted solver: iProver for benchmark UF/sledgehammer/Hoare/uf.1148354.smt2
[DEBUG] Benchmark UF/sledgehammer/Hoare/uf.1148354.smt2: solved=True, runtime=1.88s, PAR-2=1.88s
[DEBUG] Processing 1272/2285: UF/sledgehammer/TwoSquares/uf.776191.smt2
[DEBUG] Predicted solver: iProver for benchmark UF/sledgehammer/TwoSquares/uf.776191.smt2
[DEBUG] Benchmark UF/sledgehammer/TwoSquares/uf.776191.smt2: solved=True, runtime=21.95s, PAR-2=21.95s
[DEBUG] Processing 1273/2285: UF/sledgehammer/QEpres/uf.981672.smt2
[DEBUG] Predicted solver: cvc5 for benchmark UF/sledgehammer/QEpres/uf.981672.smt2
[DEBUG] Benchmark UF/sledgehammer/QEpres/uf.981672.smt2: solved=False, runtime=1200.00s, PAR-2=2400.00s
[DEBUG] Processing 1274/2285: UF/sledgehammer/Hoare/uf.722185.smt2
[DEBUG] Predicted solver: iProver for benchmark UF/sledgehammer/Hoare/uf.722185.smt2
[DEBUG] Benchmark UF/sledgehammer/Hoare/uf.722185.smt2: solved=False, runtime=1200.00s, PAR-2=2400.00s
[DEBUG] Processing 1275/2285: UF/sledgehammer/TwoSquares/uf.693505.smt2
[DEBUG] Predicted solver: iProver for benchmark UF/sledgehammer/TwoSquares/uf.693505.smt2
[DEBUG] Benchmark UF/sledgehammer/TwoSquares/uf.693505.smt2: solved=False, runtime=1200.00s, PAR-2=2400.00s
[DEBUG] Processing 1276/2285: UF/sledgehammer/Fundamental_Theorem_Algebra/uf.1197665.smt2
[DEBUG] Predicted solver: cvc5 for benchmark UF/sledgehammer/Fundamental_Theorem_Algebra/uf.1197665.smt2
[DEBUG] Benchmark UF/sledgehammer/Fundamental_Theorem_Algebra/uf.1197665.smt2: solved=True, runtime=0.44s, PAR-2=0.44s
[DEBUG] Processing 1277/2285: UF/sledgehammer/TwoSquares/uf.699979.smt2
[DEBUG] Predicted solver: iProver for benchmark UF/sledgehammer/TwoSquares/uf.699979.smt2
[DEBUG] Benchmark UF/sledgehammer/TwoSquares/uf.699979.smt2: solved=False, runtime=1200.00s, PAR-2=2400.00s
[DEBUG] Processing 1278/2285: UF/sledgehammer/Hoare/smtlib.998435.smt2
[DEBUG] Predicted solver: cvc5 for benchmark UF/sledgehammer/Hoare/smtlib.998435.smt2
[DEBUG] Benchmark UF/sledgehammer/Hoare/smtlib.998435.smt2: solved=True, runtime=0.41s, PAR-2=0.41s
[DEBUG] Processing 1279/2285: UF/sledgehammer/TypeSafe/uf.879561.smt2
[DEBUG] Predicted solver: Yices2 for benchmark UF/sledgehammer/TypeSafe/uf.879561.smt2
[DEBUG] Benchmark UF/sledgehammer/TypeSafe/uf.879561.smt2: solved=False, runtime=1200.00s, PAR-2=2400.00s
[DEBUG] Processing 1280/2285: UF/sledgehammer/QEpres/uf.709340.smt2
[DEBUG] Predicted solver: iProver for benchmark UF/sledgehammer/QEpres/uf.709340.smt2
[DEBUG] Benchmark UF/sledgehammer/QEpres/uf.709340.smt2: solved=False, runtime=1200.00s, PAR-2=2400.00s
[DEBUG] Processing 1281/2285: UF/sledgehammer/Fundamental_Theorem_Algebra/uf.1413202.smt2
[DEBUG] Predicted solver: cvc5 for benchmark UF/sledgehammer/Fundamental_Theorem_Algebra/uf.1413202.smt2
[DEBUG] Benchmark UF/sledgehammer/Fundamental_Theorem_Algebra/uf.1413202.smt2: solved=True, runtime=0.25s, PAR-2=0.25s
[DEBUG] Processing 1282/2285: UF/sledgehammer/QEpres/uf.955014.smt2
[DEBUG] Predicted solver: iProver for benchmark UF/sledgehammer/QEpres/uf.955014.smt2
[DEBUG] Benchmark UF/sledgehammer/QEpres/uf.955014.smt2: solved=False, runtime=1200.00s, PAR-2=2400.00s
[DEBUG] Processing 1283/2285: UF/20170428-Barrett/cdt-cade2015/nada/distro/stream/x2015_09_10_16_48_26_908_1095935.smt_in.smt2
[DEBUG] Predicted solver: cvc5 for benchmark UF/20170428-Barrett/cdt-cade2015/nada/distro/stream/x2015_09_10_16_48_26_908_1095935.smt_in.smt2
[DEBUG] Benchmark UF/20170428-Barrett/cdt-cade2015/nada/distro/stream/x2015_09_10_16_48_26_908_1095935.smt_in.smt2: solved=False, runtime=1200.00s, PAR-2=2400.00s
[DEBUG] Processing 1284/2285: UF/sledgehammer/TypeSafe/uf.764150.smt2
[DEBUG] Predicted solver: cvc5 for benchmark UF/sledgehammer/TypeSafe/uf.764150.smt2
[DEBUG] Benchmark UF/sledgehammer/TypeSafe/uf.764150.smt2: solved=False, runtime=1200.00s, PAR-2=2400.00s
[DEBUG] Processing 1285/2285: UF/20170428-Barrett/cdt-cade2015/nada/gandl/cotree/x2015_09_10_16_50_51_123_1085536.smt_in.smt2
[DEBUG] Predicted solver: Yices2 for benchmark UF/20170428-Barrett/cdt-cade2015/nada/gandl/cotree/x2015_09_10_16_50_51_123_1085536.smt_in.smt2
[DEBUG] Benchmark UF/20170428-Barrett/cdt-cade2015/nada/gandl/cotree/x2015_09_10_16_50_51_123_1085536.smt_in.smt2: solved=False, runtime=1200.00s, PAR-2=2400.00s
[DEBUG] Processing 1286/2285: UF/sledgehammer/TwoSquares/uf.600443.smt2
[DEBUG] Predicted solver: iProver for benchmark UF/sledgehammer/TwoSquares/uf.600443.smt2
[DEBUG] Benchmark UF/sledgehammer/TwoSquares/uf.600443.smt2: solved=True, runtime=0.83s, PAR-2=0.83s
[DEBUG] Processing 1287/2285: UF/20170428-Barrett/cdt-cade2015/nada/distro/gram_lang/x2015_09_10_16_46_50_266_1023133.smt_in.smt2
[DEBUG] Predicted solver: cvc5 for benchmark UF/20170428-Barrett/cdt-cade2015/nada/distro/gram_lang/x2015_09_10_16_46_50_266_1023133.smt_in.smt2
[DEBUG] Benchmark UF/20170428-Barrett/cdt-cade2015/nada/distro/gram_lang/x2015_09_10_16_46_50_266_1023133.smt_in.smt2: solved=False, runtime=1200.00s, PAR-2=2400.00s
[DEBUG] Processing 1288/2285: UF/grasshopper/uninstantiated/reverse_postcondition_of_reverse_26_1.smt2
[DEBUG] Predicted solver: iProver for benchmark UF/grasshopper/uninstantiated/reverse_postcondition_of_reverse_26_1.smt2
[DEBUG] Benchmark UF/grasshopper/uninstantiated/reverse_postcondition_of_reverse_26_1.smt2: solved=True, runtime=1.34s, PAR-2=1.34s
[DEBUG] Processing 1289/2285: UF/sledgehammer/Fundamental_Theorem_Algebra/uf.1309902.smt2
[DEBUG] Predicted solver: iProver for benchmark UF/sledgehammer/Fundamental_Theorem_Algebra/uf.1309902.smt2
[DEBUG] Benchmark UF/sledgehammer/Fundamental_Theorem_Algebra/uf.1309902.smt2: solved=True, runtime=0.84s, PAR-2=0.84s
[DEBUG] Processing 1290/2285: UF/sledgehammer/QEpres/uf.641543.smt2
[DEBUG] Predicted solver: Yices2 for benchmark UF/sledgehammer/QEpres/uf.641543.smt2
[DEBUG] Benchmark UF/sledgehammer/QEpres/uf.641543.smt2: solved=True, runtime=0.37s, PAR-2=0.37s
[DEBUG] Processing 1291/2285: UF/20170428-Barrett/cdt-cade2015/nada/afp/coinductive_list/x2015_09_10_17_08_17_482_2306913.smt_in.smt2
[DEBUG] Predicted solver: Yices2 for benchmark UF/20170428-Barrett/cdt-cade2015/nada/afp/coinductive_list/x2015_09_10_17_08_17_482_2306913.smt_in.smt2
[DEBUG] Benchmark UF/20170428-Barrett/cdt-cade2015/nada/afp/coinductive_list/x2015_09_10_17_08_17_482_2306913.smt_in.smt2: solved=False, runtime=1200.00s, PAR-2=2400.00s
[DEBUG] Processing 1292/2285: UF/sledgehammer/TypeSafe/smtlib.1345527.smt2
[DEBUG] Predicted solver: Yices2 for benchmark UF/sledgehammer/TypeSafe/smtlib.1345527.smt2
[DEBUG] Benchmark UF/sledgehammer/TypeSafe/smtlib.1345527.smt2: solved=False, runtime=1200.00s, PAR-2=2400.00s
[DEBUG] Processing 1293/2285: UF/20170428-Barrett/cdt-cade2015/nada/distro/koenig/x2015_09_10_16_44_53_250_988949.smt_in.smt2
[DEBUG] Predicted solver: cvc5 for benchmark UF/20170428-Barrett/cdt-cade2015/nada/distro/koenig/x2015_09_10_16_44_53_250_988949.smt_in.smt2
[DEBUG] Benchmark UF/20170428-Barrett/cdt-cade2015/nada/distro/koenig/x2015_09_10_16_44_53_250_988949.smt_in.smt2: solved=False, runtime=1200.00s, PAR-2=2400.00s
[DEBUG] Processing 1294/2285: UF/sledgehammer/Arrow_Order/uf.555531.smt2
[DEBUG] Predicted solver: iProver for benchmark UF/sledgehammer/Arrow_Order/uf.555531.smt2
[DEBUG] Benchmark UF/sledgehammer/Arrow_Order/uf.555531.smt2: solved=True, runtime=1.39s, PAR-2=1.39s
[DEBUG] Processing 1295/2285: UF/sledgehammer/Fundamental_Theorem_Algebra/uf.991412.smt2
[DEBUG] Predicted solver: iProver for benchmark UF/sledgehammer/Fundamental_Theorem_Algebra/uf.991412.smt2
[DEBUG] Benchmark UF/sledgehammer/Fundamental_Theorem_Algebra/uf.991412.smt2: solved=False, runtime=1200.00s, PAR-2=2400.00s
[DEBUG] Processing 1296/2285: UF/sledgehammer/Fundamental_Theorem_Algebra/uf.1043011.smt2
[DEBUG] Predicted solver: iProver for benchmark UF/sledgehammer/Fundamental_Theorem_Algebra/uf.1043011.smt2
[DEBUG] Benchmark UF/sledgehammer/Fundamental_Theorem_Algebra/uf.1043011.smt2: solved=False, runtime=1200.00s, PAR-2=2400.00s
[DEBUG] Processing 1297/2285: UF/sledgehammer/Hoare/uf.1190230.smt2
[DEBUG] Predicted solver: iProver for benchmark UF/sledgehammer/Hoare/uf.1190230.smt2
[DEBUG] Benchmark UF/sledgehammer/Hoare/uf.1190230.smt2: solved=False, runtime=1200.00s, PAR-2=2400.00s
[DEBUG] Processing 1298/2285: UF/sledgehammer/TypeSafe/smtlib.624769.smt2
[DEBUG] Predicted solver: Yices2 for benchmark UF/sledgehammer/TypeSafe/smtlib.624769.smt2
[DEBUG] Benchmark UF/sledgehammer/TypeSafe/smtlib.624769.smt2: solved=False, runtime=1200.00s, PAR-2=2400.00s
[DEBUG] Processing 1299/2285: UF/sledgehammer/StrongNorm/uf.577244.smt2
[DEBUG] Predicted solver: iProver for benchmark UF/sledgehammer/StrongNorm/uf.577244.smt2
[DEBUG] Benchmark UF/sledgehammer/StrongNorm/uf.577244.smt2: solved=False, runtime=1200.00s, PAR-2=2400.00s
[DEBUG] Processing 1300/2285: UF/sledgehammer/Fundamental_Theorem_Algebra/uf.1358235.smt2
[DEBUG] Predicted solver: cvc5 for benchmark UF/sledgehammer/Fundamental_Theorem_Algebra/uf.1358235.smt2
[DEBUG] Benchmark UF/sledgehammer/Fundamental_Theorem_Algebra/uf.1358235.smt2: solved=False, runtime=1200.00s, PAR-2=2400.00s
[DEBUG] Processing 1301/2285: UF/20170428-Barrett/cdt-cade2015/nada/afp/coinductive_list/x2015_09_10_17_00_00_341_1644758.smt_in.smt2
[DEBUG] Predicted solver: cvc5 for benchmark UF/20170428-Barrett/cdt-cade2015/nada/afp/coinductive_list/x2015_09_10_17_00_00_341_1644758.smt_in.smt2
[DEBUG] Benchmark UF/20170428-Barrett/cdt-cade2015/nada/afp/coinductive_list/x2015_09_10_17_00_00_341_1644758.smt_in.smt2: solved=False, runtime=1200.00s, PAR-2=2400.00s
[DEBUG] Processing 1302/2285: UF/20170428-Barrett/cdt-cade2015/nada/afp/coinductive_list/x2015_09_10_16_48_44_262_1041883.smt_in.smt2
[DEBUG] Predicted solver: Yices2 for benchmark UF/20170428-Barrett/cdt-cade2015/nada/afp/coinductive_list/x2015_09_10_16_48_44_262_1041883.smt_in.smt2
[DEBUG] Benchmark UF/20170428-Barrett/cdt-cade2015/nada/afp/coinductive_list/x2015_09_10_16_48_44_262_1041883.smt_in.smt2: solved=False, runtime=1200.00s, PAR-2=2400.00s
[DEBUG] Processing 1303/2285: UF/sledgehammer/Hoare/uf.1027956.smt2
[DEBUG] Predicted solver: Yices2 for benchmark UF/sledgehammer/Hoare/uf.1027956.smt2
[DEBUG] Benchmark UF/sledgehammer/Hoare/uf.1027956.smt2: solved=False, runtime=1200.00s, PAR-2=2400.00s
[DEBUG] Processing 1304/2285: UF/sledgehammer/TypeSafe/smtlib.650656.smt2
[DEBUG] Predicted solver: Yices2 for benchmark UF/sledgehammer/TypeSafe/smtlib.650656.smt2
[DEBUG] Benchmark UF/sledgehammer/TypeSafe/smtlib.650656.smt2: solved=False, runtime=1200.00s, PAR-2=2400.00s
[DEBUG] Processing 1305/2285: UF/sledgehammer/Fundamental_Theorem_Algebra/uf.960273.smt2
[DEBUG] Predicted solver: iProver for benchmark UF/sledgehammer/Fundamental_Theorem_Algebra/uf.960273.smt2
[DEBUG] Benchmark UF/sledgehammer/Fundamental_Theorem_Algebra/uf.960273.smt2: solved=False, runtime=1200.00s, PAR-2=2400.00s
[DEBUG] Processing 1306/2285: UF/sledgehammer/Fundamental_Theorem_Algebra/uf.1329539.smt2
[DEBUG] Predicted solver: iProver for benchmark UF/sledgehammer/Fundamental_Theorem_Algebra/uf.1329539.smt2
[DEBUG] Benchmark UF/sledgehammer/Fundamental_Theorem_Algebra/uf.1329539.smt2: solved=False, runtime=1200.00s, PAR-2=2400.00s
[DEBUG] Processing 1307/2285: UF/sledgehammer/TwoSquares/uf.715927.smt2
[DEBUG] Predicted solver: iProver for benchmark UF/sledgehammer/TwoSquares/uf.715927.smt2
[DEBUG] Benchmark UF/sledgehammer/TwoSquares/uf.715927.smt2: solved=True, runtime=0.84s, PAR-2=0.84s
[DEBUG] Processing 1308/2285: UF/sledgehammer/Fundamental_Theorem_Algebra/uf.1001270.smt2
[DEBUG] Predicted solver: iProver for benchmark UF/sledgehammer/Fundamental_Theorem_Algebra/uf.1001270.smt2
[DEBUG] Benchmark UF/sledgehammer/Fundamental_Theorem_Algebra/uf.1001270.smt2: solved=True, runtime=0.84s, PAR-2=0.84s
[DEBUG] Processing 1309/2285: UF/20170428-Barrett/cdt-cade2015/nada/afp/coinductive_list/x2015_09_10_17_10_29_368_2478995.smt_in.smt2
[DEBUG] Predicted solver: Yices2 for benchmark UF/20170428-Barrett/cdt-cade2015/nada/afp/coinductive_list/x2015_09_10_17_10_29_368_2478995.smt_in.smt2
[DEBUG] Benchmark UF/20170428-Barrett/cdt-cade2015/nada/afp/coinductive_list/x2015_09_10_17_10_29_368_2478995.smt_in.smt2: solved=False, runtime=1200.00s, PAR-2=2400.00s
[DEBUG] Processing 1310/2285: UF/sledgehammer/FFT/uf.688952.smt2
[DEBUG] Predicted solver: iProver for benchmark UF/sledgehammer/FFT/uf.688952.smt2
[DEBUG] Benchmark UF/sledgehammer/FFT/uf.688952.smt2: solved=False, runtime=1200.00s, PAR-2=2400.00s
[DEBUG] Processing 1311/2285: UF/20170428-Barrett/cdt-cade2015/nada/afp/coinductive_list/x2015_09_10_17_04_11_969_1969817.smt_in.smt2
[DEBUG] Predicted solver: cvc5 for benchmark UF/20170428-Barrett/cdt-cade2015/nada/afp/coinductive_list/x2015_09_10_17_04_11_969_1969817.smt_in.smt2
[DEBUG] Benchmark UF/20170428-Barrett/cdt-cade2015/nada/afp/coinductive_list/x2015_09_10_17_04_11_969_1969817.smt_in.smt2: solved=False, runtime=1200.00s, PAR-2=2400.00s
[DEBUG] Processing 1312/2285: UF/sledgehammer/Fundamental_Theorem_Algebra/uf.1112397.smt2
[DEBUG] Predicted solver: iProver for benchmark UF/sledgehammer/Fundamental_Theorem_Algebra/uf.1112397.smt2
[DEBUG] Benchmark UF/sledgehammer/Fundamental_Theorem_Algebra/uf.1112397.smt2: solved=False, runtime=1200.00s, PAR-2=2400.00s
[DEBUG] Processing 1313/2285: UF/20170428-Barrett/cdt-cade2015/nada/distro/stream/x2015_09_10_16_48_32_591_1102516.smt_in.smt2
[DEBUG] Predicted solver: cvc5 for benchmark UF/20170428-Barrett/cdt-cade2015/nada/distro/stream/x2015_09_10_16_48_32_591_1102516.smt_in.smt2
[DEBUG] Benchmark UF/20170428-Barrett/cdt-cade2015/nada/distro/stream/x2015_09_10_16_48_32_591_1102516.smt_in.smt2: solved=False, runtime=1200.00s, PAR-2=2400.00s
[DEBUG] Processing 1314/2285: UF/sledgehammer/QEpres/uf.652034.smt2
[DEBUG] Predicted solver: iProver for benchmark UF/sledgehammer/QEpres/uf.652034.smt2
[DEBUG] Benchmark UF/sledgehammer/QEpres/uf.652034.smt2: solved=False, runtime=1200.00s, PAR-2=2400.00s
[DEBUG] Processing 1315/2285: UF/sledgehammer/NS_Shared/smtlib.698705.smt2
[DEBUG] Predicted solver: iProver for benchmark UF/sledgehammer/NS_Shared/smtlib.698705.smt2
[DEBUG] Benchmark UF/sledgehammer/NS_Shared/smtlib.698705.smt2: solved=False, runtime=1200.00s, PAR-2=2400.00s
[DEBUG] Processing 1316/2285: UF/20170428-Barrett/cdt-cade2015/nada/distro/stream/x2015_09_10_16_48_38_512_1110262.smt_in.smt2
[DEBUG] Predicted solver: Yices2 for benchmark UF/20170428-Barrett/cdt-cade2015/nada/distro/stream/x2015_09_10_16_48_38_512_1110262.smt_in.smt2
[DEBUG] Benchmark UF/20170428-Barrett/cdt-cade2015/nada/distro/stream/x2015_09_10_16_48_38_512_1110262.smt_in.smt2: solved=False, runtime=1200.00s, PAR-2=2400.00s
[DEBUG] Processing 1317/2285: UF/20170428-Barrett/cdt-cade2015/nada/afp/coinductive_list/x2015_09_10_17_06_22_189_2146704.smt_in.smt2
[DEBUG] Predicted solver: cvc5 for benchmark UF/20170428-Barrett/cdt-cade2015/nada/afp/coinductive_list/x2015_09_10_17_06_22_189_2146704.smt_in.smt2
[DEBUG] Benchmark UF/20170428-Barrett/cdt-cade2015/nada/afp/coinductive_list/x2015_09_10_17_06_22_189_2146704.smt_in.smt2: solved=True, runtime=1.14s, PAR-2=1.14s
[DEBUG] Processing 1318/2285: UF/20170428-Barrett/cdt-cade2015/nada/afp/coinductive_list/x2015_09_10_17_11_24_732_2549122.smt_in.smt2
[DEBUG] Predicted solver: cvc5 for benchmark UF/20170428-Barrett/cdt-cade2015/nada/afp/coinductive_list/x2015_09_10_17_11_24_732_2549122.smt_in.smt2
[DEBUG] Benchmark UF/20170428-Barrett/cdt-cade2015/nada/afp/coinductive_list/x2015_09_10_17_11_24_732_2549122.smt_in.smt2: solved=False, runtime=1200.00s, PAR-2=2400.00s
[DEBUG] Processing 1319/2285: UF/sledgehammer/Fundamental_Theorem_Algebra/uf.977180.smt2
[DEBUG] Predicted solver: iProver for benchmark UF/sledgehammer/Fundamental_Theorem_Algebra/uf.977180.smt2
[DEBUG] Benchmark UF/sledgehammer/Fundamental_Theorem_Algebra/uf.977180.smt2: solved=False, runtime=1200.00s, PAR-2=2400.00s
[DEBUG] Processing 1320/2285: UF/20170428-Barrett/cdt-cade2015/nada/afp/coinductive_stream/x2015_09_10_17_23_49_410_1168332.smt_in.smt2
[DEBUG] Predicted solver: cvc5 for benchmark UF/20170428-Barrett/cdt-cade2015/nada/afp/coinductive_stream/x2015_09_10_17_23_49_410_1168332.smt_in.smt2
[DEBUG] Benchmark UF/20170428-Barrett/cdt-cade2015/nada/afp/coinductive_stream/x2015_09_10_17_23_49_410_1168332.smt_in.smt2: solved=False, runtime=1200.00s, PAR-2=2400.00s
[DEBUG] Processing 1321/2285: UF/20170428-Barrett/cdt-cade2015/nada/afp/hamming_stream/x2015_09_10_16_50_05_967_1169316.smt_in.smt2
[DEBUG] Predicted solver: cvc5 for benchmark UF/20170428-Barrett/cdt-cade2015/nada/afp/hamming_stream/x2015_09_10_16_50_05_967_1169316.smt_in.smt2
[DEBUG] Benchmark UF/20170428-Barrett/cdt-cade2015/nada/afp/hamming_stream/x2015_09_10_16_50_05_967_1169316.smt_in.smt2: solved=False, runtime=1200.00s, PAR-2=2400.00s
[DEBUG] Processing 1322/2285: UF/20170428-Barrett/cdt-cade2015/nada/afp/coinductive_list/x2015_09_10_17_10_02_872_2444676.smt_in.smt2
[DEBUG] Predicted solver: cvc5 for benchmark UF/20170428-Barrett/cdt-cade2015/nada/afp/coinductive_list/x2015_09_10_17_10_02_872_2444676.smt_in.smt2
[DEBUG] Benchmark UF/20170428-Barrett/cdt-cade2015/nada/afp/coinductive_list/x2015_09_10_17_10_02_872_2444676.smt_in.smt2: solved=False, runtime=1200.00s, PAR-2=2400.00s
[DEBUG] Processing 1323/2285: UF/20170428-Barrett/cdt-cade2015/nada/afp/huffman/x2015_09_10_16_49_30_501_1188113.smt_in.smt2
[DEBUG] Predicted solver: cvc5 for benchmark UF/20170428-Barrett/cdt-cade2015/nada/afp/huffman/x2015_09_10_16_49_30_501_1188113.smt_in.smt2
[DEBUG] Benchmark UF/20170428-Barrett/cdt-cade2015/nada/afp/huffman/x2015_09_10_16_49_30_501_1188113.smt_in.smt2: solved=True, runtime=0.24s, PAR-2=0.24s
[DEBUG] Processing 1324/2285: UF/sledgehammer/QEpres/uf.721202.smt2
[DEBUG] Predicted solver: iProver for benchmark UF/sledgehammer/QEpres/uf.721202.smt2
[DEBUG] Benchmark UF/sledgehammer/QEpres/uf.721202.smt2: solved=False, runtime=1200.00s, PAR-2=2400.00s
[DEBUG] Processing 1325/2285: UF/20170428-Barrett/cdt-cade2015/nada/afp/coinductive_list/x2015_09_10_17_01_58_422_1790674.smt_in.smt2
[DEBUG] Predicted solver: cvc5 for benchmark UF/20170428-Barrett/cdt-cade2015/nada/afp/coinductive_list/x2015_09_10_17_01_58_422_1790674.smt_in.smt2
[DEBUG] Benchmark UF/20170428-Barrett/cdt-cade2015/nada/afp/coinductive_list/x2015_09_10_17_01_58_422_1790674.smt_in.smt2: solved=True, runtime=0.28s, PAR-2=0.28s
[DEBUG] Processing 1326/2285: UF/20170428-Barrett/cdt-cade2015/nada/afp/coinductive_list/x2015_09_10_16_55_23_729_1400068.smt_in.smt2
[DEBUG] Predicted solver: Yices2 for benchmark UF/20170428-Barrett/cdt-cade2015/nada/afp/coinductive_list/x2015_09_10_16_55_23_729_1400068.smt_in.smt2
[DEBUG] Benchmark UF/20170428-Barrett/cdt-cade2015/nada/afp/coinductive_list/x2015_09_10_16_55_23_729_1400068.smt_in.smt2: solved=False, runtime=1200.00s, PAR-2=2400.00s
[DEBUG] Processing 1327/2285: UF/sledgehammer/Fundamental_Theorem_Algebra/uf.783082.smt2
[DEBUG] Predicted solver: iProver for benchmark UF/sledgehammer/Fundamental_Theorem_Algebra/uf.783082.smt2
[DEBUG] Benchmark UF/sledgehammer/Fundamental_Theorem_Algebra/uf.783082.smt2: solved=False, runtime=1200.00s, PAR-2=2400.00s
[DEBUG] Processing 1328/2285: UF/20170428-Barrett/cdt-cade2015/nada/afp/coinductive_list/x2015_09_10_17_02_12_063_1809237.smt_in.smt2
[DEBUG] Predicted solver: Yices2 for benchmark UF/20170428-Barrett/cdt-cade2015/nada/afp/coinductive_list/x2015_09_10_17_02_12_063_1809237.smt_in.smt2
[DEBUG] Benchmark UF/20170428-Barrett/cdt-cade2015/nada/afp/coinductive_list/x2015_09_10_17_02_12_063_1809237.smt_in.smt2: solved=False, runtime=1200.00s, PAR-2=2400.00s
[DEBUG] Processing 1329/2285: UF/sledgehammer/TwoSquares/uf.750424.smt2
[DEBUG] Predicted solver: iProver for benchmark UF/sledgehammer/TwoSquares/uf.750424.smt2
[DEBUG] Benchmark UF/sledgehammer/TwoSquares/uf.750424.smt2: solved=False, runtime=1200.00s, PAR-2=2400.00s
[DEBUG] Processing 1330/2285: UF/20170428-Barrett/cdt-cade2015/nada/afp/koenigslemma/x2015_09_10_16_54_44_404_1179486.smt_in.smt2
[DEBUG] Predicted solver: Yices2 for benchmark UF/20170428-Barrett/cdt-cade2015/nada/afp/koenigslemma/x2015_09_10_16_54_44_404_1179486.smt_in.smt2
[DEBUG] Benchmark UF/20170428-Barrett/cdt-cade2015/nada/afp/koenigslemma/x2015_09_10_16_54_44_404_1179486.smt_in.smt2: solved=False, runtime=1200.00s, PAR-2=2400.00s
[DEBUG] Processing 1331/2285: UF/20170428-Barrett/cdt-cade2015/nada/distro/rbt_impl/x2015_09_10_16_59_38_724_1930001.smt_in.smt2
[DEBUG] Predicted solver: Yices2 for benchmark UF/20170428-Barrett/cdt-cade2015/nada/distro/rbt_impl/x2015_09_10_16_59_38_724_1930001.smt_in.smt2
[DEBUG] Benchmark UF/20170428-Barrett/cdt-cade2015/nada/distro/rbt_impl/x2015_09_10_16_59_38_724_1930001.smt_in.smt2: solved=False, runtime=1200.00s, PAR-2=2400.00s
[DEBUG] Processing 1332/2285: UF/sledgehammer/FFT/uf.858678.smt2
[DEBUG] Predicted solver: iProver for benchmark UF/sledgehammer/FFT/uf.858678.smt2
[DEBUG] Benchmark UF/sledgehammer/FFT/uf.858678.smt2: solved=False, runtime=1200.00s, PAR-2=2400.00s
[DEBUG] Processing 1333/2285: UF/sledgehammer/FFT/uf.715809.smt2
[DEBUG] Predicted solver: iProver for benchmark UF/sledgehammer/FFT/uf.715809.smt2
[DEBUG] Benchmark UF/sledgehammer/FFT/uf.715809.smt2: solved=False, runtime=1200.00s, PAR-2=2400.00s
[DEBUG] Processing 1334/2285: UF/sledgehammer/Fundamental_Theorem_Algebra/uf.1007589.smt2
[DEBUG] Predicted solver: cvc5 for benchmark UF/sledgehammer/Fundamental_Theorem_Algebra/uf.1007589.smt2
[DEBUG] Benchmark UF/sledgehammer/Fundamental_Theorem_Algebra/uf.1007589.smt2: solved=True, runtime=0.27s, PAR-2=0.27s
[DEBUG] Processing 1335/2285: UF/20170428-Barrett/cdt-cade2015/nada/afp/huffman/x2015_09_10_16_50_09_323_1231078.smt_in.smt2
[DEBUG] Predicted solver: Yices2 for benchmark UF/20170428-Barrett/cdt-cade2015/nada/afp/huffman/x2015_09_10_16_50_09_323_1231078.smt_in.smt2
[DEBUG] Benchmark UF/20170428-Barrett/cdt-cade2015/nada/afp/huffman/x2015_09_10_16_50_09_323_1231078.smt_in.smt2: solved=False, runtime=1200.00s, PAR-2=2400.00s
[DEBUG] Processing 1336/2285: UF/sledgehammer/QEpres/uf.1153665.smt2
[DEBUG] Predicted solver: iProver for benchmark UF/sledgehammer/QEpres/uf.1153665.smt2
[DEBUG] Benchmark UF/sledgehammer/QEpres/uf.1153665.smt2: solved=False, runtime=1200.00s, PAR-2=2400.00s
[DEBUG] Processing 1337/2285: UF/sledgehammer/QEpres/uf.1122894.smt2
[DEBUG] Predicted solver: iProver for benchmark UF/sledgehammer/QEpres/uf.1122894.smt2
[DEBUG] Benchmark UF/sledgehammer/QEpres/uf.1122894.smt2: solved=False, runtime=1200.00s, PAR-2=2400.00s
[DEBUG] Processing 1338/2285: UF/sledgehammer/QEpres/uf.904526.smt2
[DEBUG] Predicted solver: cvc5 for benchmark UF/sledgehammer/QEpres/uf.904526.smt2
[DEBUG] Benchmark UF/sledgehammer/QEpres/uf.904526.smt2: solved=False, runtime=1200.00s, PAR-2=2400.00s
[DEBUG] Processing 1339/2285: UF/sledgehammer/Fundamental_Theorem_Algebra/uf.639817.smt2
[DEBUG] Predicted solver: cvc5 for benchmark UF/sledgehammer/Fundamental_Theorem_Algebra/uf.639817.smt2
[DEBUG] Benchmark UF/sledgehammer/Fundamental_Theorem_Algebra/uf.639817.smt2: solved=False, runtime=1200.00s, PAR-2=2400.00s
[DEBUG] Processing 1340/2285: UF/sledgehammer/Arrow_Order/uf.837757.smt2
[DEBUG] Predicted solver: iProver for benchmark UF/sledgehammer/Arrow_Order/uf.837757.smt2
[DEBUG] Benchmark UF/sledgehammer/Arrow_Order/uf.837757.smt2: solved=False, runtime=1200.00s, PAR-2=2400.00s
[DEBUG] Processing 1341/2285: UF/20170428-Barrett/cdt-cade2015/nada/afp/coinductive_list/x2015_09_10_16_59_01_454_1589177.smt_in.smt2
[DEBUG] Predicted solver: cvc5 for benchmark UF/20170428-Barrett/cdt-cade2015/nada/afp/coinductive_list/x2015_09_10_16_59_01_454_1589177.smt_in.smt2
[DEBUG] Benchmark UF/20170428-Barrett/cdt-cade2015/nada/afp/coinductive_list/x2015_09_10_16_59_01_454_1589177.smt_in.smt2: solved=False, runtime=1200.00s, PAR-2=2400.00s
[DEBUG] Processing 1342/2285: UF/20170428-Barrett/cdt-cade2015/nada/gandl/stern_brocot_tree/x2015_09_10_16_52_29_108_1116504.smt_in.smt2
[DEBUG] Predicted solver: Yices2 for benchmark UF/20170428-Barrett/cdt-cade2015/nada/gandl/stern_brocot_tree/x2015_09_10_16_52_29_108_1116504.smt_in.smt2
[DEBUG] Benchmark UF/20170428-Barrett/cdt-cade2015/nada/gandl/stern_brocot_tree/x2015_09_10_16_52_29_108_1116504.smt_in.smt2: solved=True, runtime=0.25s, PAR-2=0.25s
[DEBUG] Processing 1343/2285: UF/sledgehammer/QEpres/uf.577693.smt2
[DEBUG] Predicted solver: iProver for benchmark UF/sledgehammer/QEpres/uf.577693.smt2
[DEBUG] Benchmark UF/sledgehammer/QEpres/uf.577693.smt2: solved=False, runtime=1200.00s, PAR-2=2400.00s
[DEBUG] Processing 1344/2285: UF/20170428-Barrett/cdt-cade2015/nada/distro/stream/x2015_09_10_16_49_09_883_1148060.smt_in.smt2
[DEBUG] Predicted solver: Yices2 for benchmark UF/20170428-Barrett/cdt-cade2015/nada/distro/stream/x2015_09_10_16_49_09_883_1148060.smt_in.smt2
[DEBUG] Benchmark UF/20170428-Barrett/cdt-cade2015/nada/distro/stream/x2015_09_10_16_49_09_883_1148060.smt_in.smt2: solved=False, runtime=1200.00s, PAR-2=2400.00s
[DEBUG] Processing 1345/2285: UF/sledgehammer/FFT/uf.829040.smt2
[DEBUG] Predicted solver: iProver for benchmark UF/sledgehammer/FFT/uf.829040.smt2
[DEBUG] Benchmark UF/sledgehammer/FFT/uf.829040.smt2: solved=False, runtime=1200.00s, PAR-2=2400.00s
[DEBUG] Processing 1346/2285: UF/sledgehammer/NS_Shared/smtlib.603650.smt2
[DEBUG] Predicted solver: iProver for benchmark UF/sledgehammer/NS_Shared/smtlib.603650.smt2
[DEBUG] Benchmark UF/sledgehammer/NS_Shared/smtlib.603650.smt2: solved=False, runtime=1200.00s, PAR-2=2400.00s
[DEBUG] Processing 1347/2285: UF/sledgehammer/FFT/uf.580329.smt2
[DEBUG] Predicted solver: iProver for benchmark UF/sledgehammer/FFT/uf.580329.smt2
[DEBUG] Benchmark UF/sledgehammer/FFT/uf.580329.smt2: solved=False, runtime=1200.00s, PAR-2=2400.00s
[DEBUG] Processing 1348/2285: UF/sledgehammer/FFT/uf.854357.smt2
[DEBUG] Predicted solver: iProver for benchmark UF/sledgehammer/FFT/uf.854357.smt2
[DEBUG] Benchmark UF/sledgehammer/FFT/uf.854357.smt2: solved=False, runtime=1200.00s, PAR-2=2400.00s
[DEBUG] Processing 1349/2285: UF/20170428-Barrett/cdt-cade2015/nada/afp/coinductive_list/x2015_09_10_17_15_32_637_2740178.smt_in.smt2
[DEBUG] Predicted solver: cvc5 for benchmark UF/20170428-Barrett/cdt-cade2015/nada/afp/coinductive_list/x2015_09_10_17_15_32_637_2740178.smt_in.smt2
[DEBUG] Benchmark UF/20170428-Barrett/cdt-cade2015/nada/afp/coinductive_list/x2015_09_10_17_15_32_637_2740178.smt_in.smt2: solved=False, runtime=1200.00s, PAR-2=2400.00s
[DEBUG] Processing 1350/2285: UF/sledgehammer/FFT/uf.781289.smt2
[DEBUG] Predicted solver: iProver for benchmark UF/sledgehammer/FFT/uf.781289.smt2
[DEBUG] Benchmark UF/sledgehammer/FFT/uf.781289.smt2: solved=False, runtime=1200.00s, PAR-2=2400.00s
[DEBUG] Processing 1351/2285: UF/sledgehammer/FFT/uf.747217.smt2
[DEBUG] Predicted solver: iProver for benchmark UF/sledgehammer/FFT/uf.747217.smt2
[DEBUG] Benchmark UF/sledgehammer/FFT/uf.747217.smt2: solved=False, runtime=1200.00s, PAR-2=2400.00s
[DEBUG] Processing 1352/2285: UF/sledgehammer/NS_Shared/smtlib.812502.smt2
[DEBUG] Predicted solver: iProver for benchmark UF/sledgehammer/NS_Shared/smtlib.812502.smt2
[DEBUG] Benchmark UF/sledgehammer/NS_Shared/smtlib.812502.smt2: solved=False, runtime=1200.00s, PAR-2=2400.00s
[DEBUG] Processing 1353/2285: UF/20170428-Barrett/cdt-cade2015/nada/distro/gram_lang/x2015_09_10_16_47_23_935_1061037.smt_in.smt2
[DEBUG] Predicted solver: cvc5 for benchmark UF/20170428-Barrett/cdt-cade2015/nada/distro/gram_lang/x2015_09_10_16_47_23_935_1061037.smt_in.smt2
[DEBUG] Benchmark UF/20170428-Barrett/cdt-cade2015/nada/distro/gram_lang/x2015_09_10_16_47_23_935_1061037.smt_in.smt2: solved=True, runtime=0.27s, PAR-2=0.27s
[DEBUG] Processing 1354/2285: UF/20170428-Barrett/cdt-cade2015/nada/afp/coinductive_list/x2015_09_10_16_51_58_310_1211379.smt_in.smt2
[DEBUG] Predicted solver: Yices2 for benchmark UF/20170428-Barrett/cdt-cade2015/nada/afp/coinductive_list/x2015_09_10_16_51_58_310_1211379.smt_in.smt2
[DEBUG] Benchmark UF/20170428-Barrett/cdt-cade2015/nada/afp/coinductive_list/x2015_09_10_16_51_58_310_1211379.smt_in.smt2: solved=False, runtime=1200.00s, PAR-2=2400.00s
[DEBUG] Processing 1355/2285: UF/sledgehammer/TypeSafe/smtlib.1359248.smt2
[DEBUG] Predicted solver: Yices2 for benchmark UF/sledgehammer/TypeSafe/smtlib.1359248.smt2
[DEBUG] Benchmark UF/sledgehammer/TypeSafe/smtlib.1359248.smt2: solved=False, runtime=1200.00s, PAR-2=2400.00s
[DEBUG] Processing 1356/2285: UF/sledgehammer/TypeSafe/smtlib.734366.smt2
[DEBUG] Predicted solver: cvc5 for benchmark UF/sledgehammer/TypeSafe/smtlib.734366.smt2
[DEBUG] Benchmark UF/sledgehammer/TypeSafe/smtlib.734366.smt2: solved=False, runtime=1200.00s, PAR-2=2400.00s
[DEBUG] Processing 1357/2285: UF/sledgehammer/Fundamental_Theorem_Algebra/uf.610621.smt2
[DEBUG] Predicted solver: iProver for benchmark UF/sledgehammer/Fundamental_Theorem_Algebra/uf.610621.smt2
[DEBUG] Benchmark UF/sledgehammer/Fundamental_Theorem_Algebra/uf.610621.smt2: solved=False, runtime=1200.00s, PAR-2=2400.00s
[DEBUG] Processing 1358/2285: UF/20170428-Barrett/cdt-cade2015/nada/distro/gram_lang/x2015_09_10_16_52_19_075_1359187.smt_in.smt2
[DEBUG] Predicted solver: cvc5 for benchmark UF/20170428-Barrett/cdt-cade2015/nada/distro/gram_lang/x2015_09_10_16_52_19_075_1359187.smt_in.smt2
[DEBUG] Benchmark UF/20170428-Barrett/cdt-cade2015/nada/distro/gram_lang/x2015_09_10_16_52_19_075_1359187.smt_in.smt2: solved=False, runtime=1200.00s, PAR-2=2400.00s
[DEBUG] Processing 1359/2285: UF/20170428-Barrett/cdt-cade2015/nada/distro/gram_lang/x2015_09_10_16_55_26_910_1536872.smt_in.smt2
[DEBUG] Predicted solver: Yices2 for benchmark UF/20170428-Barrett/cdt-cade2015/nada/distro/gram_lang/x2015_09_10_16_55_26_910_1536872.smt_in.smt2
[DEBUG] Benchmark UF/20170428-Barrett/cdt-cade2015/nada/distro/gram_lang/x2015_09_10_16_55_26_910_1536872.smt_in.smt2: solved=False, runtime=1200.00s, PAR-2=2400.00s
[DEBUG] Processing 1360/2285: UF/sledgehammer/Arrow_Order/smtlib.681993.smt2
[DEBUG] Predicted solver: iProver for benchmark UF/sledgehammer/Arrow_Order/smtlib.681993.smt2
[DEBUG] Benchmark UF/sledgehammer/Arrow_Order/smtlib.681993.smt2: solved=False, runtime=1200.00s, PAR-2=2400.00s
[DEBUG] Processing 1361/2285: UF/sledgehammer/NS_Shared/smtlib.618248.smt2
[DEBUG] Predicted solver: iProver for benchmark UF/sledgehammer/NS_Shared/smtlib.618248.smt2
[DEBUG] Benchmark UF/sledgehammer/NS_Shared/smtlib.618248.smt2: solved=False, runtime=1200.00s, PAR-2=2400.00s
[DEBUG] Processing 1362/2285: UF/20170428-Barrett/cdt-cade2015/nada/gandl/stern_brocot_tree/x2015_09_10_16_53_42_109_1180689.smt_in.smt2
[DEBUG] Predicted solver: cvc5 for benchmark UF/20170428-Barrett/cdt-cade2015/nada/gandl/stern_brocot_tree/x2015_09_10_16_53_42_109_1180689.smt_in.smt2
[DEBUG] Benchmark UF/20170428-Barrett/cdt-cade2015/nada/gandl/stern_brocot_tree/x2015_09_10_16_53_42_109_1180689.smt_in.smt2: solved=False, runtime=1200.00s, PAR-2=2400.00s
[DEBUG] Processing 1363/2285: UF/sledgehammer/Fundamental_Theorem_Algebra/uf.1361089.smt2
[DEBUG] Predicted solver: cvc5 for benchmark UF/sledgehammer/Fundamental_Theorem_Algebra/uf.1361089.smt2
[DEBUG] Benchmark UF/sledgehammer/Fundamental_Theorem_Algebra/uf.1361089.smt2: solved=False, runtime=1200.00s, PAR-2=2400.00s
[DEBUG] Processing 1364/2285: UF/sledgehammer/Hoare/uf.771096.smt2
[DEBUG] Predicted solver: cvc5 for benchmark UF/sledgehammer/Hoare/uf.771096.smt2
[DEBUG] Benchmark UF/sledgehammer/Hoare/uf.771096.smt2: solved=False, runtime=1200.00s, PAR-2=2400.00s
[DEBUG] Processing 1365/2285: UF/20170428-Barrett/cdt-cade2015/nada/distro/gram_lang/x2015_09_10_16_51_01_834_1281702.smt_in.smt2
[DEBUG] Predicted solver: Yices2 for benchmark UF/20170428-Barrett/cdt-cade2015/nada/distro/gram_lang/x2015_09_10_16_51_01_834_1281702.smt_in.smt2
[DEBUG] Benchmark UF/20170428-Barrett/cdt-cade2015/nada/distro/gram_lang/x2015_09_10_16_51_01_834_1281702.smt_in.smt2: solved=False, runtime=1200.00s, PAR-2=2400.00s
[DEBUG] Processing 1366/2285: UF/20170428-Barrett/cdt-cade2015/nada/afp/coinductive_list/x2015_09_10_16_52_49_766_1255952.smt_in.smt2
[DEBUG] Predicted solver: cvc5 for benchmark UF/20170428-Barrett/cdt-cade2015/nada/afp/coinductive_list/x2015_09_10_16_52_49_766_1255952.smt_in.smt2
[DEBUG] Benchmark UF/20170428-Barrett/cdt-cade2015/nada/afp/coinductive_list/x2015_09_10_16_52_49_766_1255952.smt_in.smt2: solved=True, runtime=0.32s, PAR-2=0.32s
[DEBUG] Processing 1367/2285: UF/20170428-Barrett/cdt-cade2015/nada/afp/coinductive_list/x2015_09_10_17_01_42_696_1769018.smt_in.smt2
[DEBUG] Predicted solver: cvc5 for benchmark UF/20170428-Barrett/cdt-cade2015/nada/afp/coinductive_list/x2015_09_10_17_01_42_696_1769018.smt_in.smt2
[DEBUG] Benchmark UF/20170428-Barrett/cdt-cade2015/nada/afp/coinductive_list/x2015_09_10_17_01_42_696_1769018.smt_in.smt2: solved=True, runtime=554.00s, PAR-2=554.00s
[DEBUG] Processing 1368/2285: UF/sledgehammer/TypeSafe/smtlib.881227.smt2
[DEBUG] Predicted solver: iProver for benchmark UF/sledgehammer/TypeSafe/smtlib.881227.smt2
[DEBUG] Benchmark UF/sledgehammer/TypeSafe/smtlib.881227.smt2: solved=False, runtime=1200.00s, PAR-2=2400.00s
[DEBUG] Processing 1369/2285: UF/sledgehammer/Fundamental_Theorem_Algebra/uf.738689.smt2
[DEBUG] Predicted solver: cvc5 for benchmark UF/sledgehammer/Fundamental_Theorem_Algebra/uf.738689.smt2
[DEBUG] Benchmark UF/sledgehammer/Fundamental_Theorem_Algebra/uf.738689.smt2: solved=False, runtime=1200.00s, PAR-2=2400.00s
[DEBUG] Processing 1370/2285: UF/20170428-Barrett/cdt-cade2015/nada/afp/coinductive_stream/x2015_09_10_17_25_13_688_1237932.smt_in.smt2
[DEBUG] Predicted solver: Yices2 for benchmark UF/20170428-Barrett/cdt-cade2015/nada/afp/coinductive_stream/x2015_09_10_17_25_13_688_1237932.smt_in.smt2
[DEBUG] Benchmark UF/20170428-Barrett/cdt-cade2015/nada/afp/coinductive_stream/x2015_09_10_17_25_13_688_1237932.smt_in.smt2: solved=False, runtime=1200.00s, PAR-2=2400.00s
[DEBUG] Processing 1371/2285: UF/sledgehammer/NS_Shared/uf.631338.smt2
[DEBUG] Predicted solver: iProver for benchmark UF/sledgehammer/NS_Shared/uf.631338.smt2
[DEBUG] Benchmark UF/sledgehammer/NS_Shared/uf.631338.smt2: solved=False, runtime=1200.00s, PAR-2=2400.00s
[DEBUG] Processing 1372/2285: UF/sledgehammer/QEpres/uf.870205.smt2
[DEBUG] Predicted solver: cvc5 for benchmark UF/sledgehammer/QEpres/uf.870205.smt2
[DEBUG] Benchmark UF/sledgehammer/QEpres/uf.870205.smt2: solved=False, runtime=1200.00s, PAR-2=2400.00s
[DEBUG] Processing 1373/2285: UF/20170428-Barrett/cdt-cade2015/nada/distro/rbt_impl/x2015_09_10_17_00_02_527_1958677.smt_in.smt2
[DEBUG] Predicted solver: cvc5 for benchmark UF/20170428-Barrett/cdt-cade2015/nada/distro/rbt_impl/x2015_09_10_17_00_02_527_1958677.smt_in.smt2
[DEBUG] Benchmark UF/20170428-Barrett/cdt-cade2015/nada/distro/rbt_impl/x2015_09_10_17_00_02_527_1958677.smt_in.smt2: solved=True, runtime=541.04s, PAR-2=541.04s
[DEBUG] Processing 1374/2285: UF/20170428-Barrett/cdt-cade2015/nada/distro/gram_lang/x2015_09_10_16_47_13_251_1049207.smt_in.smt2
[DEBUG] Predicted solver: cvc5 for benchmark UF/20170428-Barrett/cdt-cade2015/nada/distro/gram_lang/x2015_09_10_16_47_13_251_1049207.smt_in.smt2
[DEBUG] Benchmark UF/20170428-Barrett/cdt-cade2015/nada/distro/gram_lang/x2015_09_10_16_47_13_251_1049207.smt_in.smt2: solved=False, runtime=1200.00s, PAR-2=2400.00s
[DEBUG] Processing 1375/2285: UF/20170428-Barrett/cdt-cade2015/nada/distro/gram_lang/x2015_09_10_16_53_34_313_1430050.smt_in.smt2
[DEBUG] Predicted solver: cvc5 for benchmark UF/20170428-Barrett/cdt-cade2015/nada/distro/gram_lang/x2015_09_10_16_53_34_313_1430050.smt_in.smt2
[DEBUG] Benchmark UF/20170428-Barrett/cdt-cade2015/nada/distro/gram_lang/x2015_09_10_16_53_34_313_1430050.smt_in.smt2: solved=False, runtime=1200.00s, PAR-2=2400.00s
[DEBUG] Processing 1376/2285: UF/20170428-Barrett/cdt-cade2015/nada/afp/coinductive_list/x2015_09_10_17_08_18_609_2308344.smt_in.smt2
[DEBUG] Predicted solver: cvc5 for benchmark UF/20170428-Barrett/cdt-cade2015/nada/afp/coinductive_list/x2015_09_10_17_08_18_609_2308344.smt_in.smt2
[DEBUG] Benchmark UF/20170428-Barrett/cdt-cade2015/nada/afp/coinductive_list/x2015_09_10_17_08_18_609_2308344.smt_in.smt2: solved=True, runtime=0.37s, PAR-2=0.37s
[DEBUG] Processing 1377/2285: UF/sledgehammer/StrongNorm/uf.786686.smt2
[DEBUG] Predicted solver: iProver for benchmark UF/sledgehammer/StrongNorm/uf.786686.smt2
[DEBUG] Benchmark UF/sledgehammer/StrongNorm/uf.786686.smt2: solved=True, runtime=0.88s, PAR-2=0.88s
[DEBUG] Processing 1378/2285: UF/sledgehammer/FFT/uf.719448.smt2
[DEBUG] Predicted solver: iProver for benchmark UF/sledgehammer/FFT/uf.719448.smt2
[DEBUG] Benchmark UF/sledgehammer/FFT/uf.719448.smt2: solved=False, runtime=1200.00s, PAR-2=2400.00s
[DEBUG] Processing 1379/2285: UF/sledgehammer/NS_Shared/uf.569125.smt2
[DEBUG] Predicted solver: cvc5 for benchmark UF/sledgehammer/NS_Shared/uf.569125.smt2
[DEBUG] Benchmark UF/sledgehammer/NS_Shared/uf.569125.smt2: solved=False, runtime=1200.00s, PAR-2=2400.00s
[DEBUG] Processing 1380/2285: UF/20170428-Barrett/cdt-cade2015/nada/distro/rbt_impl/x2015_09_10_16_51_04_823_1079164.smt_in.smt2
[DEBUG] Predicted solver: Yices2 for benchmark UF/20170428-Barrett/cdt-cade2015/nada/distro/rbt_impl/x2015_09_10_16_51_04_823_1079164.smt_in.smt2
[DEBUG] Benchmark UF/20170428-Barrett/cdt-cade2015/nada/distro/rbt_impl/x2015_09_10_16_51_04_823_1079164.smt_in.smt2: solved=False, runtime=1200.00s, PAR-2=2400.00s
[DEBUG] Processing 1381/2285: UF/sledgehammer/TwoSquares/uf.722861.smt2
[DEBUG] Predicted solver: iProver for benchmark UF/sledgehammer/TwoSquares/uf.722861.smt2
[DEBUG] Benchmark UF/sledgehammer/TwoSquares/uf.722861.smt2: solved=True, runtime=1.91s, PAR-2=1.91s
[DEBUG] Processing 1382/2285: UF/sledgehammer/Hoare/smtlib.1199350.smt2
[DEBUG] Predicted solver: iProver for benchmark UF/sledgehammer/Hoare/smtlib.1199350.smt2
[DEBUG] Benchmark UF/sledgehammer/Hoare/smtlib.1199350.smt2: solved=True, runtime=54.48s, PAR-2=54.48s
[DEBUG] Processing 1383/2285: UF/sledgehammer/FFT/uf.804735.smt2
[DEBUG] Predicted solver: iProver for benchmark UF/sledgehammer/FFT/uf.804735.smt2
[DEBUG] Benchmark UF/sledgehammer/FFT/uf.804735.smt2: solved=False, runtime=1200.00s, PAR-2=2400.00s
[DEBUG] Processing 1384/2285: UF/20170428-Barrett/cdt-cade2015/nada/afp/coinductive_list/x2015_09_10_16_56_40_758_1462120.smt_in.smt2
[DEBUG] Predicted solver: cvc5 for benchmark UF/20170428-Barrett/cdt-cade2015/nada/afp/coinductive_list/x2015_09_10_16_56_40_758_1462120.smt_in.smt2
[DEBUG] Benchmark UF/20170428-Barrett/cdt-cade2015/nada/afp/coinductive_list/x2015_09_10_16_56_40_758_1462120.smt_in.smt2: solved=False, runtime=1200.00s, PAR-2=2400.00s
[DEBUG] Processing 1385/2285: UF/sledgehammer/NS_Shared/uf.791750.smt2
[DEBUG] Predicted solver: iProver for benchmark UF/sledgehammer/NS_Shared/uf.791750.smt2
[DEBUG] Benchmark UF/sledgehammer/NS_Shared/uf.791750.smt2: solved=False, runtime=1200.00s, PAR-2=2400.00s
[DEBUG] Processing 1386/2285: UF/sledgehammer/TypeSafe/smtlib.983328.smt2
[DEBUG] Predicted solver: iProver for benchmark UF/sledgehammer/TypeSafe/smtlib.983328.smt2
[DEBUG] Benchmark UF/sledgehammer/TypeSafe/smtlib.983328.smt2: solved=False, runtime=1200.00s, PAR-2=2400.00s
[DEBUG] Processing 1387/2285: UF/sledgehammer/QEpres/uf.980807.smt2
[DEBUG] Predicted solver: cvc5 for benchmark UF/sledgehammer/QEpres/uf.980807.smt2
[DEBUG] Benchmark UF/sledgehammer/QEpres/uf.980807.smt2: solved=False, runtime=1200.00s, PAR-2=2400.00s
[DEBUG] Processing 1388/2285: UF/sledgehammer/QEpres/uf.971087.smt2
[DEBUG] Predicted solver: iProver for benchmark UF/sledgehammer/QEpres/uf.971087.smt2
[DEBUG] Benchmark UF/sledgehammer/QEpres/uf.971087.smt2: solved=False, runtime=1200.00s, PAR-2=2400.00s
[DEBUG] Processing 1389/2285: UF/sledgehammer/NS_Shared/smtlib.592411.smt2
[DEBUG] Predicted solver: iProver for benchmark UF/sledgehammer/NS_Shared/smtlib.592411.smt2
[DEBUG] Benchmark UF/sledgehammer/NS_Shared/smtlib.592411.smt2: solved=True, runtime=0.83s, PAR-2=0.83s
[DEBUG] Processing 1390/2285: UF/20170428-Barrett/cdt-cade2015/nada/afp/coinductive_list/x2015_09_10_17_18_03_458_2823076.smt_in.smt2
[DEBUG] Predicted solver: Yices2 for benchmark UF/20170428-Barrett/cdt-cade2015/nada/afp/coinductive_list/x2015_09_10_17_18_03_458_2823076.smt_in.smt2
[DEBUG] Benchmark UF/20170428-Barrett/cdt-cade2015/nada/afp/coinductive_list/x2015_09_10_17_18_03_458_2823076.smt_in.smt2: solved=False, runtime=1200.00s, PAR-2=2400.00s
[DEBUG] Processing 1391/2285: UF/sledgehammer/Hoare/uf.690289.smt2
[DEBUG] Predicted solver: iProver for benchmark UF/sledgehammer/Hoare/uf.690289.smt2
[DEBUG] Benchmark UF/sledgehammer/Hoare/uf.690289.smt2: solved=True, runtime=1.84s, PAR-2=1.84s
[DEBUG] Processing 1392/2285: UF/20170428-Barrett/cdt-cade2015/nada/afp/huffman/x2015_09_10_16_49_20_059_1176334.smt_in.smt2
[DEBUG] Predicted solver: cvc5 for benchmark UF/20170428-Barrett/cdt-cade2015/nada/afp/huffman/x2015_09_10_16_49_20_059_1176334.smt_in.smt2
[DEBUG] Benchmark UF/20170428-Barrett/cdt-cade2015/nada/afp/huffman/x2015_09_10_16_49_20_059_1176334.smt_in.smt2: solved=False, runtime=1200.00s, PAR-2=2400.00s
[DEBUG] Processing 1393/2285: UF/sledgehammer/Hoare/uf.1106207.smt2
[DEBUG] Predicted solver: cvc5 for benchmark UF/sledgehammer/Hoare/uf.1106207.smt2
[DEBUG] Benchmark UF/sledgehammer/Hoare/uf.1106207.smt2: solved=False, runtime=1200.00s, PAR-2=2400.00s
[DEBUG] Processing 1394/2285: UF/sledgehammer/StrongNorm/uf.740532.smt2
[DEBUG] Predicted solver: Yices2 for benchmark UF/sledgehammer/StrongNorm/uf.740532.smt2
[DEBUG] Benchmark UF/sledgehammer/StrongNorm/uf.740532.smt2: solved=True, runtime=0.23s, PAR-2=0.23s
[DEBUG] Processing 1395/2285: UF/20170428-Barrett/cdt-cade2015/nada/distro/rbt_impl/x2015_09_10_16_52_49_235_1243609.smt_in.smt2
[DEBUG] Predicted solver: Yices2 for benchmark UF/20170428-Barrett/cdt-cade2015/nada/distro/rbt_impl/x2015_09_10_16_52_49_235_1243609.smt_in.smt2
[DEBUG] Benchmark UF/20170428-Barrett/cdt-cade2015/nada/distro/rbt_impl/x2015_09_10_16_52_49_235_1243609.smt_in.smt2: solved=False, runtime=1200.00s, PAR-2=2400.00s
[DEBUG] Processing 1396/2285: UF/20170428-Barrett/cdt-cade2015/nada/afp/coinductive_list/x2015_09_10_17_07_55_336_2276229.smt_in.smt2
[DEBUG] Predicted solver: cvc5 for benchmark UF/20170428-Barrett/cdt-cade2015/nada/afp/coinductive_list/x2015_09_10_17_07_55_336_2276229.smt_in.smt2
[DEBUG] Benchmark UF/20170428-Barrett/cdt-cade2015/nada/afp/coinductive_list/x2015_09_10_17_07_55_336_2276229.smt_in.smt2: solved=False, runtime=1200.00s, PAR-2=2400.00s
[DEBUG] Processing 1397/2285: UF/20170428-Barrett/cdt-cade2015/nada/afp/huffman/x2015_09_10_16_47_38_060_1063810.smt_in.smt2
[DEBUG] Predicted solver: Yices2 for benchmark UF/20170428-Barrett/cdt-cade2015/nada/afp/huffman/x2015_09_10_16_47_38_060_1063810.smt_in.smt2
[DEBUG] Benchmark UF/20170428-Barrett/cdt-cade2015/nada/afp/huffman/x2015_09_10_16_47_38_060_1063810.smt_in.smt2: solved=False, runtime=1200.00s, PAR-2=2400.00s
[DEBUG] Processing 1398/2285: UF/sledgehammer/FFT/uf.602551.smt2
[DEBUG] Predicted solver: cvc5 for benchmark UF/sledgehammer/FFT/uf.602551.smt2
[DEBUG] Benchmark UF/sledgehammer/FFT/uf.602551.smt2: solved=False, runtime=1200.00s, PAR-2=2400.00s
[DEBUG] Processing 1399/2285: UF/sledgehammer/FFT/uf.877627.smt2
[DEBUG] Predicted solver: iProver for benchmark UF/sledgehammer/FFT/uf.877627.smt2
[DEBUG] Benchmark UF/sledgehammer/FFT/uf.877627.smt2: solved=False, runtime=1200.00s, PAR-2=2400.00s
[DEBUG] Processing 1400/2285: UF/sledgehammer/TypeSafe/smtlib.718018.smt2
[DEBUG] Predicted solver: Yices2 for benchmark UF/sledgehammer/TypeSafe/smtlib.718018.smt2
[DEBUG] Benchmark UF/sledgehammer/TypeSafe/smtlib.718018.smt2: solved=False, runtime=1200.00s, PAR-2=2400.00s
[DEBUG] Processing 1401/2285: UF/20170428-Barrett/cdt-cade2015/nada/afp/huffman/x2015_09_10_16_51_58_625_1346142.smt_in.smt2
[DEBUG] Predicted solver: Yices2 for benchmark UF/20170428-Barrett/cdt-cade2015/nada/afp/huffman/x2015_09_10_16_51_58_625_1346142.smt_in.smt2
[DEBUG] Benchmark UF/20170428-Barrett/cdt-cade2015/nada/afp/huffman/x2015_09_10_16_51_58_625_1346142.smt_in.smt2: solved=False, runtime=1200.00s, PAR-2=2400.00s
[DEBUG] Processing 1402/2285: UF/sledgehammer/Arrow_Order/uf.679235.smt2
[DEBUG] Predicted solver: cvc5 for benchmark UF/sledgehammer/Arrow_Order/uf.679235.smt2
[DEBUG] Benchmark UF/sledgehammer/Arrow_Order/uf.679235.smt2: solved=True, runtime=481.15s, PAR-2=481.15s
[DEBUG] Processing 1403/2285: UF/sledgehammer/QEpres/uf.658047.smt2
[DEBUG] Predicted solver: iProver for benchmark UF/sledgehammer/QEpres/uf.658047.smt2
[DEBUG] Benchmark UF/sledgehammer/QEpres/uf.658047.smt2: solved=True, runtime=1.41s, PAR-2=1.41s
[DEBUG] Processing 1404/2285: UF/sledgehammer/Hoare/uf.1116227.smt2
[DEBUG] Predicted solver: cvc5 for benchmark UF/sledgehammer/Hoare/uf.1116227.smt2
[DEBUG] Benchmark UF/sledgehammer/Hoare/uf.1116227.smt2: solved=True, runtime=0.47s, PAR-2=0.47s
[DEBUG] Processing 1405/2285: UF/20170428-Barrett/cdt-cade2015/nada/afp/abstract_completeness/x2015_09_10_17_00_36_764_1105158.smt_in.smt2
[DEBUG] Predicted solver: Yices2 for benchmark UF/20170428-Barrett/cdt-cade2015/nada/afp/abstract_completeness/x2015_09_10_17_00_36_764_1105158.smt_in.smt2
[DEBUG] Benchmark UF/20170428-Barrett/cdt-cade2015/nada/afp/abstract_completeness/x2015_09_10_17_00_36_764_1105158.smt_in.smt2: solved=False, runtime=1200.00s, PAR-2=2400.00s
[DEBUG] Processing 1406/2285: UF/sledgehammer/FFT/uf.559323.smt2
[DEBUG] Predicted solver: cvc5 for benchmark UF/sledgehammer/FFT/uf.559323.smt2
[DEBUG] Benchmark UF/sledgehammer/FFT/uf.559323.smt2: solved=True, runtime=0.32s, PAR-2=0.32s
[DEBUG] Processing 1407/2285: UF/20170428-Barrett/cdt-cade2015/nada/afp/huffman/x2015_09_10_16_50_45_440_1270801.smt_in.smt2
[DEBUG] Predicted solver: cvc5 for benchmark UF/20170428-Barrett/cdt-cade2015/nada/afp/huffman/x2015_09_10_16_50_45_440_1270801.smt_in.smt2
[DEBUG] Benchmark UF/20170428-Barrett/cdt-cade2015/nada/afp/huffman/x2015_09_10_16_50_45_440_1270801.smt_in.smt2: solved=False, runtime=1200.00s, PAR-2=2400.00s
[DEBUG] Processing 1408/2285: UF/sledgehammer/Fundamental_Theorem_Algebra/uf.1420927.smt2
[DEBUG] Predicted solver: iProver for benchmark UF/sledgehammer/Fundamental_Theorem_Algebra/uf.1420927.smt2
[DEBUG] Benchmark UF/sledgehammer/Fundamental_Theorem_Algebra/uf.1420927.smt2: solved=False, runtime=1200.00s, PAR-2=2400.00s
[DEBUG] Processing 1409/2285: UF/20170428-Barrett/cdt-cade2015/nada/afp/coinductive_list/x2015_09_10_17_00_23_157_1670461.smt_in.smt2
[DEBUG] Predicted solver: Yices2 for benchmark UF/20170428-Barrett/cdt-cade2015/nada/afp/coinductive_list/x2015_09_10_17_00_23_157_1670461.smt_in.smt2
[DEBUG] Benchmark UF/20170428-Barrett/cdt-cade2015/nada/afp/coinductive_list/x2015_09_10_17_00_23_157_1670461.smt_in.smt2: solved=False, runtime=1200.00s, PAR-2=2400.00s
[DEBUG] Processing 1410/2285: UF/sledgehammer/TwoSquares/uf.621022.smt2
[DEBUG] Predicted solver: iProver for benchmark UF/sledgehammer/TwoSquares/uf.621022.smt2
[DEBUG] Benchmark UF/sledgehammer/TwoSquares/uf.621022.smt2: solved=False, runtime=1200.00s, PAR-2=2400.00s
[DEBUG] Processing 1411/2285: UF/sledgehammer/FFT/uf.707472.smt2
[DEBUG] Predicted solver: iProver for benchmark UF/sledgehammer/FFT/uf.707472.smt2
[DEBUG] Benchmark UF/sledgehammer/FFT/uf.707472.smt2: solved=False, runtime=1200.00s, PAR-2=2400.00s
[DEBUG] Processing 1412/2285: UF/20170428-Barrett/cdt-cade2015/nada/afp/sorted_list_operations/x2015_09_10_16_48_28_283_1115867.smt_in.smt2
[DEBUG] Predicted solver: Yices2 for benchmark UF/20170428-Barrett/cdt-cade2015/nada/afp/sorted_list_operations/x2015_09_10_16_48_28_283_1115867.smt_in.smt2
[DEBUG] Benchmark UF/20170428-Barrett/cdt-cade2015/nada/afp/sorted_list_operations/x2015_09_10_16_48_28_283_1115867.smt_in.smt2: solved=True, runtime=0.23s, PAR-2=0.23s
[DEBUG] Processing 1413/2285: UF/sledgehammer/TypeSafe/smtlib.1218506.smt2
[DEBUG] Predicted solver: iProver for benchmark UF/sledgehammer/TypeSafe/smtlib.1218506.smt2
[DEBUG] Benchmark UF/sledgehammer/TypeSafe/smtlib.1218506.smt2: solved=False, runtime=1200.00s, PAR-2=2400.00s
[DEBUG] Processing 1414/2285: UF/20190906-CLEARSY/0003/00020.smt2
[DEBUG] Predicted solver: Yices2 for benchmark UF/20190906-CLEARSY/0003/00020.smt2
[DEBUG] Benchmark UF/20190906-CLEARSY/0003/00020.smt2: solved=True, runtime=0.33s, PAR-2=0.33s
[DEBUG] Processing 1415/2285: UF/grasshopper/uninstantiated/find_check_heap_access_20_4.smt2
[DEBUG] Predicted solver: Yices2 for benchmark UF/grasshopper/uninstantiated/find_check_heap_access_20_4.smt2
[DEBUG] Benchmark UF/grasshopper/uninstantiated/find_check_heap_access_20_4.smt2: solved=True, runtime=1.14s, PAR-2=1.14s
[DEBUG] Processing 1416/2285: UF/20170428-Barrett/cdt-cade2015/nada/afp/coinductive_list/x2015_09_10_17_00_51_125_1704771.smt_in.smt2
[DEBUG] Predicted solver: cvc5 for benchmark UF/20170428-Barrett/cdt-cade2015/nada/afp/coinductive_list/x2015_09_10_17_00_51_125_1704771.smt_in.smt2
[DEBUG] Benchmark UF/20170428-Barrett/cdt-cade2015/nada/afp/coinductive_list/x2015_09_10_17_00_51_125_1704771.smt_in.smt2: solved=False, runtime=1200.00s, PAR-2=2400.00s
[DEBUG] Processing 1417/2285: UF/sledgehammer/Fundamental_Theorem_Algebra/uf.1411212.smt2
[DEBUG] Predicted solver: iProver for benchmark UF/sledgehammer/Fundamental_Theorem_Algebra/uf.1411212.smt2
[DEBUG] Benchmark UF/sledgehammer/Fundamental_Theorem_Algebra/uf.1411212.smt2: solved=False, runtime=1200.00s, PAR-2=2400.00s
[DEBUG] Processing 1418/2285: UF/sledgehammer/Hoare/uf.1073784.smt2
[DEBUG] Predicted solver: cvc5 for benchmark UF/sledgehammer/Hoare/uf.1073784.smt2
[DEBUG] Benchmark UF/sledgehammer/Hoare/uf.1073784.smt2: solved=False, runtime=1200.00s, PAR-2=2400.00s
[DEBUG] Processing 1419/2285: UF/sledgehammer/TypeSafe/smtlib.1275657.smt2
[DEBUG] Predicted solver: iProver for benchmark UF/sledgehammer/TypeSafe/smtlib.1275657.smt2
[DEBUG] Benchmark UF/sledgehammer/TypeSafe/smtlib.1275657.smt2: solved=False, runtime=1200.00s, PAR-2=2400.00s
[DEBUG] Processing 1420/2285: UF/sledgehammer/TwoSquares/uf.688901.smt2
[DEBUG] Predicted solver: iProver for benchmark UF/sledgehammer/TwoSquares/uf.688901.smt2
[DEBUG] Benchmark UF/sledgehammer/TwoSquares/uf.688901.smt2: solved=False, runtime=1200.00s, PAR-2=2400.00s
[DEBUG] Processing 1421/2285: UF/sledgehammer/TypeSafe/uf.709495.smt2
[DEBUG] Predicted solver: cvc5 for benchmark UF/sledgehammer/TypeSafe/uf.709495.smt2
[DEBUG] Benchmark UF/sledgehammer/TypeSafe/uf.709495.smt2: solved=False, runtime=1200.00s, PAR-2=2400.00s
[DEBUG] Processing 1422/2285: UF/sledgehammer/TypeSafe/uf.1164362.smt2
[DEBUG] Predicted solver: iProver for benchmark UF/sledgehammer/TypeSafe/uf.1164362.smt2
[DEBUG] Benchmark UF/sledgehammer/TypeSafe/uf.1164362.smt2: solved=False, runtime=1200.00s, PAR-2=2400.00s
[DEBUG] Processing 1423/2285: UF/sledgehammer/StrongNorm/uf.826990.smt2
[DEBUG] Predicted solver: cvc5 for benchmark UF/sledgehammer/StrongNorm/uf.826990.smt2
[DEBUG] Benchmark UF/sledgehammer/StrongNorm/uf.826990.smt2: solved=True, runtime=0.29s, PAR-2=0.29s
[DEBUG] Processing 1424/2285: UF/20170428-Barrett/cdt-cade2015/nada/afp/coinductive_list/x2015_09_10_16_58_43_132_1572498.smt_in.smt2
[DEBUG] Predicted solver: cvc5 for benchmark UF/20170428-Barrett/cdt-cade2015/nada/afp/coinductive_list/x2015_09_10_16_58_43_132_1572498.smt_in.smt2
[DEBUG] Benchmark UF/20170428-Barrett/cdt-cade2015/nada/afp/coinductive_list/x2015_09_10_16_58_43_132_1572498.smt_in.smt2: solved=False, runtime=1200.00s, PAR-2=2400.00s
[DEBUG] Processing 1425/2285: UF/sledgehammer/StrongNorm/uf.581747.smt2
[DEBUG] Predicted solver: iProver for benchmark UF/sledgehammer/StrongNorm/uf.581747.smt2
[DEBUG] Benchmark UF/sledgehammer/StrongNorm/uf.581747.smt2: solved=False, runtime=1200.00s, PAR-2=2400.00s
[DEBUG] Processing 1426/2285: UF/sledgehammer/QEpres/uf.876091.smt2
[DEBUG] Predicted solver: Yices2 for benchmark UF/sledgehammer/QEpres/uf.876091.smt2
[DEBUG] Benchmark UF/sledgehammer/QEpres/uf.876091.smt2: solved=False, runtime=1200.00s, PAR-2=2400.00s
[DEBUG] Processing 1427/2285: UF/20201221-induction-by-reflection-schoisswohl/reflectiveInductive/zeroMin.smt2
[DEBUG] Predicted solver: iProver for benchmark UF/20201221-induction-by-reflection-schoisswohl/reflectiveInductive/zeroMin.smt2
[DEBUG] Benchmark UF/20201221-induction-by-reflection-schoisswohl/reflectiveInductive/zeroMin.smt2: solved=True, runtime=5.45s, PAR-2=5.45s
[DEBUG] Processing 1428/2285: UF/sledgehammer/TwoSquares/uf.655988.smt2
[DEBUG] Predicted solver: iProver for benchmark UF/sledgehammer/TwoSquares/uf.655988.smt2
[DEBUG] Benchmark UF/sledgehammer/TwoSquares/uf.655988.smt2: solved=True, runtime=7.85s, PAR-2=7.85s
[DEBUG] Processing 1429/2285: UF/20170428-Barrett/cdt-cade2015/nada/afp/coinductive_list/x2015_09_10_16_50_38_040_1140952.smt_in.smt2
[DEBUG] Predicted solver: Yices2 for benchmark UF/20170428-Barrett/cdt-cade2015/nada/afp/coinductive_list/x2015_09_10_16_50_38_040_1140952.smt_in.smt2
[DEBUG] Benchmark UF/20170428-Barrett/cdt-cade2015/nada/afp/coinductive_list/x2015_09_10_16_50_38_040_1140952.smt_in.smt2: solved=True, runtime=1.12s, PAR-2=1.12s
[DEBUG] Processing 1430/2285: UF/sledgehammer/QEpres/uf.676177.smt2
[DEBUG] Predicted solver: cvc5 for benchmark UF/sledgehammer/QEpres/uf.676177.smt2
[DEBUG] Benchmark UF/sledgehammer/QEpres/uf.676177.smt2: solved=False, runtime=1200.00s, PAR-2=2400.00s
[DEBUG] Processing 1431/2285: UF/20170428-Barrett/cdt-cade2015/nada/distro/gram_lang/x2015_09_10_16_48_34_473_1135517.smt_in.smt2
[DEBUG] Predicted solver: Yices2 for benchmark UF/20170428-Barrett/cdt-cade2015/nada/distro/gram_lang/x2015_09_10_16_48_34_473_1135517.smt_in.smt2
[DEBUG] Benchmark UF/20170428-Barrett/cdt-cade2015/nada/distro/gram_lang/x2015_09_10_16_48_34_473_1135517.smt_in.smt2: solved=True, runtime=2.48s, PAR-2=2.48s
[DEBUG] Processing 1432/2285: UF/sledgehammer/FFT/uf.917657.smt2
[DEBUG] Predicted solver: iProver for benchmark UF/sledgehammer/FFT/uf.917657.smt2
[DEBUG] Benchmark UF/sledgehammer/FFT/uf.917657.smt2: solved=False, runtime=1200.00s, PAR-2=2400.00s
[DEBUG] Processing 1433/2285: UF/sledgehammer/QEpres/uf.1082153.smt2
[DEBUG] Predicted solver: iProver for benchmark UF/sledgehammer/QEpres/uf.1082153.smt2
[DEBUG] Benchmark UF/sledgehammer/QEpres/uf.1082153.smt2: solved=False, runtime=1200.00s, PAR-2=2400.00s
[DEBUG] Processing 1434/2285: UF/sledgehammer/Fundamental_Theorem_Algebra/uf.991564.smt2
[DEBUG] Predicted solver: iProver for benchmark UF/sledgehammer/Fundamental_Theorem_Algebra/uf.991564.smt2
[DEBUG] Benchmark UF/sledgehammer/Fundamental_Theorem_Algebra/uf.991564.smt2: solved=True, runtime=3.37s, PAR-2=3.37s
[DEBUG] Processing 1435/2285: UF/sledgehammer/Hoare/uf.1118955.smt2
[DEBUG] Predicted solver: cvc5 for benchmark UF/sledgehammer/Hoare/uf.1118955.smt2
[DEBUG] Benchmark UF/sledgehammer/Hoare/uf.1118955.smt2: solved=True, runtime=0.37s, PAR-2=0.37s
[DEBUG] Processing 1436/2285: UF/sledgehammer/QEpres/uf.598602.smt2
[DEBUG] Predicted solver: iProver for benchmark UF/sledgehammer/QEpres/uf.598602.smt2
[DEBUG] Benchmark UF/sledgehammer/QEpres/uf.598602.smt2: solved=False, runtime=1200.00s, PAR-2=2400.00s
[DEBUG] Processing 1437/2285: UF/sledgehammer/StrongNorm/uf.680521.smt2
[DEBUG] Predicted solver: Yices2 for benchmark UF/sledgehammer/StrongNorm/uf.680521.smt2
[DEBUG] Benchmark UF/sledgehammer/StrongNorm/uf.680521.smt2: solved=True, runtime=0.41s, PAR-2=0.41s
[DEBUG] Processing 1438/2285: UF/sledgehammer/FFT/uf.904748.smt2
[DEBUG] Predicted solver: iProver for benchmark UF/sledgehammer/FFT/uf.904748.smt2
[DEBUG] Benchmark UF/sledgehammer/FFT/uf.904748.smt2: solved=True, runtime=0.84s, PAR-2=0.84s
[DEBUG] Processing 1439/2285: UF/sledgehammer/StrongNorm/uf.694392.smt2
[DEBUG] Predicted solver: iProver for benchmark UF/sledgehammer/StrongNorm/uf.694392.smt2
[DEBUG] Benchmark UF/sledgehammer/StrongNorm/uf.694392.smt2: solved=False, runtime=1200.00s, PAR-2=2400.00s
[DEBUG] Processing 1440/2285: UF/sledgehammer/QEpres/uf.967575.smt2
[DEBUG] Predicted solver: iProver for benchmark UF/sledgehammer/QEpres/uf.967575.smt2
[DEBUG] Benchmark UF/sledgehammer/QEpres/uf.967575.smt2: solved=False, runtime=1200.00s, PAR-2=2400.00s
[DEBUG] Processing 1441/2285: UF/sledgehammer/TwoSquares/uf.641283.smt2
[DEBUG] Predicted solver: iProver for benchmark UF/sledgehammer/TwoSquares/uf.641283.smt2
[DEBUG] Benchmark UF/sledgehammer/TwoSquares/uf.641283.smt2: solved=True, runtime=0.86s, PAR-2=0.86s
[DEBUG] Processing 1442/2285: UF/20170428-Barrett/cdt-cade2015/nada/afp/huffman/x2015_09_10_16_51_13_246_1298333.smt_in.smt2
[DEBUG] Predicted solver: Yices2 for benchmark UF/20170428-Barrett/cdt-cade2015/nada/afp/huffman/x2015_09_10_16_51_13_246_1298333.smt_in.smt2
[DEBUG] Benchmark UF/20170428-Barrett/cdt-cade2015/nada/afp/huffman/x2015_09_10_16_51_13_246_1298333.smt_in.smt2: solved=False, runtime=1200.00s, PAR-2=2400.00s
[DEBUG] Processing 1443/2285: UF/20170428-Barrett/cdt-cade2015/nada/afp/coinductive_list/x2015_09_10_17_10_32_638_2482840.smt_in.smt2
[DEBUG] Predicted solver: cvc5 for benchmark UF/20170428-Barrett/cdt-cade2015/nada/afp/coinductive_list/x2015_09_10_17_10_32_638_2482840.smt_in.smt2
[DEBUG] Benchmark UF/20170428-Barrett/cdt-cade2015/nada/afp/coinductive_list/x2015_09_10_17_10_32_638_2482840.smt_in.smt2: solved=False, runtime=1200.00s, PAR-2=2400.00s
[DEBUG] Processing 1444/2285: UF/sledgehammer/FFT/uf.887860.smt2
[DEBUG] Predicted solver: iProver for benchmark UF/sledgehammer/FFT/uf.887860.smt2
[DEBUG] Benchmark UF/sledgehammer/FFT/uf.887860.smt2: solved=False, runtime=1200.00s, PAR-2=2400.00s
[DEBUG] Processing 1445/2285: UF/20170428-Barrett/cdt-cade2015/nada/afp/sorted_list_operations/x2015_09_10_16_48_11_685_1097766.smt_in.smt2
[DEBUG] Predicted solver: Yices2 for benchmark UF/20170428-Barrett/cdt-cade2015/nada/afp/sorted_list_operations/x2015_09_10_16_48_11_685_1097766.smt_in.smt2
[DEBUG] Benchmark UF/20170428-Barrett/cdt-cade2015/nada/afp/sorted_list_operations/x2015_09_10_16_48_11_685_1097766.smt_in.smt2: solved=True, runtime=15.48s, PAR-2=15.48s
[DEBUG] Processing 1446/2285: UF/20170428-Barrett/cdt-cade2015/nada/afp/coinductive_list/x2015_09_10_16_59_29_119_1614510.smt_in.smt2
[DEBUG] Predicted solver: iProver for benchmark UF/20170428-Barrett/cdt-cade2015/nada/afp/coinductive_list/x2015_09_10_16_59_29_119_1614510.smt_in.smt2
[DEBUG] Benchmark UF/20170428-Barrett/cdt-cade2015/nada/afp/coinductive_list/x2015_09_10_16_59_29_119_1614510.smt_in.smt2: solved=False, runtime=1200.00s, PAR-2=2400.00s
[DEBUG] Processing 1447/2285: UF/20170428-Barrett/cdt-cade2015/nada/afp/huffman/x2015_09_10_16_48_14_076_1100461.smt_in.smt2
[DEBUG] Predicted solver: iProver for benchmark UF/20170428-Barrett/cdt-cade2015/nada/afp/huffman/x2015_09_10_16_48_14_076_1100461.smt_in.smt2
[DEBUG] Benchmark UF/20170428-Barrett/cdt-cade2015/nada/afp/huffman/x2015_09_10_16_48_14_076_1100461.smt_in.smt2: solved=False, runtime=1200.00s, PAR-2=2400.00s
[DEBUG] Processing 1448/2285: UF/sledgehammer/Fundamental_Theorem_Algebra/uf.1023140.smt2
[DEBUG] Predicted solver: iProver for benchmark UF/sledgehammer/Fundamental_Theorem_Algebra/uf.1023140.smt2
[DEBUG] Benchmark UF/sledgehammer/Fundamental_Theorem_Algebra/uf.1023140.smt2: solved=False, runtime=1200.00s, PAR-2=2400.00s
[DEBUG] Processing 1449/2285: UF/20170428-Barrett/cdt-cade2015/nada/afp/coinductive_list/x2015_09_10_17_01_28_061_1749222.smt_in.smt2
[DEBUG] Predicted solver: Yices2 for benchmark UF/20170428-Barrett/cdt-cade2015/nada/afp/coinductive_list/x2015_09_10_17_01_28_061_1749222.smt_in.smt2
[DEBUG] Benchmark UF/20170428-Barrett/cdt-cade2015/nada/afp/coinductive_list/x2015_09_10_17_01_28_061_1749222.smt_in.smt2: solved=False, runtime=1200.00s, PAR-2=2400.00s
[DEBUG] Processing 1450/2285: UF/sledgehammer/Hoare/uf.1075378.smt2
[DEBUG] Predicted solver: iProver for benchmark UF/sledgehammer/Hoare/uf.1075378.smt2
[DEBUG] Benchmark UF/sledgehammer/Hoare/uf.1075378.smt2: solved=False, runtime=1200.00s, PAR-2=2400.00s
[DEBUG] Processing 1451/2285: UF/sledgehammer/TwoSquares/uf.752062.smt2
[DEBUG] Predicted solver: iProver for benchmark UF/sledgehammer/TwoSquares/uf.752062.smt2
[DEBUG] Benchmark UF/sledgehammer/TwoSquares/uf.752062.smt2: solved=False, runtime=1200.00s, PAR-2=2400.00s
[DEBUG] Processing 1452/2285: UF/sledgehammer/Arrow_Order/uf.554755.smt2
[DEBUG] Predicted solver: Yices2 for benchmark UF/sledgehammer/Arrow_Order/uf.554755.smt2
[DEBUG] Benchmark UF/sledgehammer/Arrow_Order/uf.554755.smt2: solved=True, runtime=122.64s, PAR-2=122.64s
[DEBUG] Processing 1453/2285: UF/sledgehammer/Hoare/uf.1091904.smt2
[DEBUG] Predicted solver: cvc5 for benchmark UF/sledgehammer/Hoare/uf.1091904.smt2
[DEBUG] Benchmark UF/sledgehammer/Hoare/uf.1091904.smt2: solved=False, runtime=1200.00s, PAR-2=2400.00s
[DEBUG] Processing 1454/2285: UF/sledgehammer/NS_Shared/uf.566647.smt2
[DEBUG] Predicted solver: iProver for benchmark UF/sledgehammer/NS_Shared/uf.566647.smt2
[DEBUG] Benchmark UF/sledgehammer/NS_Shared/uf.566647.smt2: solved=False, runtime=1200.00s, PAR-2=2400.00s
[DEBUG] Processing 1455/2285: UF/20170428-Barrett/cdt-cade2015/nada/afp/coinductive_list/x2015_09_10_16_59_00_183_1587972.smt_in.smt2
[DEBUG] Predicted solver: iProver for benchmark UF/20170428-Barrett/cdt-cade2015/nada/afp/coinductive_list/x2015_09_10_16_59_00_183_1587972.smt_in.smt2
[DEBUG] Benchmark UF/20170428-Barrett/cdt-cade2015/nada/afp/coinductive_list/x2015_09_10_16_59_00_183_1587972.smt_in.smt2: solved=False, runtime=1200.00s, PAR-2=2400.00s
[DEBUG] Processing 1456/2285: UF/sledgehammer/Fundamental_Theorem_Algebra/uf.558133.smt2
[DEBUG] Predicted solver: iProver for benchmark UF/sledgehammer/Fundamental_Theorem_Algebra/uf.558133.smt2
[DEBUG] Benchmark UF/sledgehammer/Fundamental_Theorem_Algebra/uf.558133.smt2: solved=False, runtime=1200.00s, PAR-2=2400.00s
[DEBUG] Processing 1457/2285: UF/sledgehammer/TypeSafe/uf.1369619.smt2
[DEBUG] Predicted solver: Yices2 for benchmark UF/sledgehammer/TypeSafe/uf.1369619.smt2
[DEBUG] Benchmark UF/sledgehammer/TypeSafe/uf.1369619.smt2: solved=False, runtime=1200.00s, PAR-2=2400.00s
[DEBUG] Processing 1458/2285: UF/sledgehammer/Hoare/smtlib.1198510.smt2
[DEBUG] Predicted solver: iProver for benchmark UF/sledgehammer/Hoare/smtlib.1198510.smt2
[DEBUG] Benchmark UF/sledgehammer/Hoare/smtlib.1198510.smt2: solved=True, runtime=50.93s, PAR-2=50.93s
[DEBUG] Processing 1459/2285: UF/20170428-Barrett/cdt-cade2015/nada/afp/llist2/x2015_09_10_16_55_09_200_1267078.smt_in.smt2
[DEBUG] Predicted solver: cvc5 for benchmark UF/20170428-Barrett/cdt-cade2015/nada/afp/llist2/x2015_09_10_16_55_09_200_1267078.smt_in.smt2
[DEBUG] Benchmark UF/20170428-Barrett/cdt-cade2015/nada/afp/llist2/x2015_09_10_16_55_09_200_1267078.smt_in.smt2: solved=True, runtime=0.30s, PAR-2=0.30s
[DEBUG] Processing 1460/2285: UF/sledgehammer/StrongNorm/uf.731611.smt2
[DEBUG] Predicted solver: cvc5 for benchmark UF/sledgehammer/StrongNorm/uf.731611.smt2
[DEBUG] Benchmark UF/sledgehammer/StrongNorm/uf.731611.smt2: solved=False, runtime=1200.00s, PAR-2=2400.00s
[DEBUG] Processing 1461/2285: UF/sledgehammer/Hoare/uf.699292.smt2
[DEBUG] Predicted solver: iProver for benchmark UF/sledgehammer/Hoare/uf.699292.smt2
[DEBUG] Benchmark UF/sledgehammer/Hoare/uf.699292.smt2: solved=False, runtime=1200.00s, PAR-2=2400.00s
[DEBUG] Processing 1462/2285: UF/20170428-Barrett/cdt-cade2015/nada/distro/stream/x2015_09_10_16_49_04_586_1140768.smt_in.smt2
[DEBUG] Predicted solver: cvc5 for benchmark UF/20170428-Barrett/cdt-cade2015/nada/distro/stream/x2015_09_10_16_49_04_586_1140768.smt_in.smt2
[DEBUG] Benchmark UF/20170428-Barrett/cdt-cade2015/nada/distro/stream/x2015_09_10_16_49_04_586_1140768.smt_in.smt2: solved=False, runtime=1200.00s, PAR-2=2400.00s
[DEBUG] Processing 1463/2285: UF/sledgehammer/Fundamental_Theorem_Algebra/smtlib.1497100.smt2
[DEBUG] Predicted solver: iProver for benchmark UF/sledgehammer/Fundamental_Theorem_Algebra/smtlib.1497100.smt2
[DEBUG] Benchmark UF/sledgehammer/Fundamental_Theorem_Algebra/smtlib.1497100.smt2: solved=False, runtime=1200.00s, PAR-2=2400.00s
[DEBUG] Processing 1464/2285: UF/20170428-Barrett/cdt-cade2015/nada/distro/rbt_impl/x2015_09_10_16_57_05_666_1743239.smt_in.smt2
[DEBUG] Predicted solver: Yices2 for benchmark UF/20170428-Barrett/cdt-cade2015/nada/distro/rbt_impl/x2015_09_10_16_57_05_666_1743239.smt_in.smt2
[DEBUG] Benchmark UF/20170428-Barrett/cdt-cade2015/nada/distro/rbt_impl/x2015_09_10_16_57_05_666_1743239.smt_in.smt2: solved=False, runtime=1200.00s, PAR-2=2400.00s
[DEBUG] Processing 1465/2285: UF/sledgehammer/TypeSafe/uf.748408.smt2
[DEBUG] Predicted solver: cvc5 for benchmark UF/sledgehammer/TypeSafe/uf.748408.smt2
[DEBUG] Benchmark UF/sledgehammer/TypeSafe/uf.748408.smt2: solved=False, runtime=1200.00s, PAR-2=2400.00s
[DEBUG] Processing 1466/2285: UF/sledgehammer/NS_Shared/uf.577518.smt2
[DEBUG] Predicted solver: Yices2 for benchmark UF/sledgehammer/NS_Shared/uf.577518.smt2
[DEBUG] Benchmark UF/sledgehammer/NS_Shared/uf.577518.smt2: solved=False, runtime=1200.00s, PAR-2=2400.00s
[DEBUG] Processing 1467/2285: UF/sledgehammer/Hoare/uf.574997.smt2
[DEBUG] Predicted solver: iProver for benchmark UF/sledgehammer/Hoare/uf.574997.smt2
[DEBUG] Benchmark UF/sledgehammer/Hoare/uf.574997.smt2: solved=True, runtime=0.87s, PAR-2=0.87s
[DEBUG] Processing 1468/2285: UF/sledgehammer/FFT/uf.788882.smt2
[DEBUG] Predicted solver: iProver for benchmark UF/sledgehammer/FFT/uf.788882.smt2
[DEBUG] Benchmark UF/sledgehammer/FFT/uf.788882.smt2: solved=False, runtime=1200.00s, PAR-2=2400.00s
[DEBUG] Processing 1469/2285: UF/20170428-Barrett/cdt-cade2015/nada/afp/coinductive_list/x2015_09_10_17_18_01_561_2821918.smt_in.smt2
[DEBUG] Predicted solver: Yices2 for benchmark UF/20170428-Barrett/cdt-cade2015/nada/afp/coinductive_list/x2015_09_10_17_18_01_561_2821918.smt_in.smt2
[DEBUG] Benchmark UF/20170428-Barrett/cdt-cade2015/nada/afp/coinductive_list/x2015_09_10_17_18_01_561_2821918.smt_in.smt2: solved=False, runtime=1200.00s, PAR-2=2400.00s
[DEBUG] Processing 1470/2285: UF/20170428-Barrett/cdt-cade2015/nada/distro/process/x2015_09_10_16_46_03_934_1010164.smt_in.smt2
[DEBUG] Predicted solver: cvc5 for benchmark UF/20170428-Barrett/cdt-cade2015/nada/distro/process/x2015_09_10_16_46_03_934_1010164.smt_in.smt2
[DEBUG] Benchmark UF/20170428-Barrett/cdt-cade2015/nada/distro/process/x2015_09_10_16_46_03_934_1010164.smt_in.smt2: solved=False, runtime=1200.00s, PAR-2=2400.00s
[DEBUG] Processing 1471/2285: UF/sledgehammer/TwoSquares/uf.655707.smt2
[DEBUG] Predicted solver: iProver for benchmark UF/sledgehammer/TwoSquares/uf.655707.smt2
[DEBUG] Benchmark UF/sledgehammer/TwoSquares/uf.655707.smt2: solved=False, runtime=1200.00s, PAR-2=2400.00s
[DEBUG] Processing 1472/2285: UF/sledgehammer/Fundamental_Theorem_Algebra/uf.815756.smt2
[DEBUG] Predicted solver: iProver for benchmark UF/sledgehammer/Fundamental_Theorem_Algebra/uf.815756.smt2
[DEBUG] Benchmark UF/sledgehammer/Fundamental_Theorem_Algebra/uf.815756.smt2: solved=True, runtime=0.83s, PAR-2=0.83s
[DEBUG] Processing 1473/2285: UF/20170428-Barrett/cdt-cade2015/nada/afp/coinductive_stream/x2015_09_10_17_24_33_264_1206894.smt_in.smt2
[DEBUG] Predicted solver: cvc5 for benchmark UF/20170428-Barrett/cdt-cade2015/nada/afp/coinductive_stream/x2015_09_10_17_24_33_264_1206894.smt_in.smt2
[DEBUG] Benchmark UF/20170428-Barrett/cdt-cade2015/nada/afp/coinductive_stream/x2015_09_10_17_24_33_264_1206894.smt_in.smt2: solved=False, runtime=1200.00s, PAR-2=2400.00s
[DEBUG] Processing 1474/2285: UF/sledgehammer/Hoare/smtlib.1171042.smt2
[DEBUG] Predicted solver: iProver for benchmark UF/sledgehammer/Hoare/smtlib.1171042.smt2
[DEBUG] Benchmark UF/sledgehammer/Hoare/smtlib.1171042.smt2: solved=True, runtime=0.90s, PAR-2=0.90s
[DEBUG] Processing 1475/2285: UF/20170428-Barrett/cdt-cade2015/nada/distro/rbt_impl/x2015_09_10_16_53_07_463_1276695.smt_in.smt2
[DEBUG] Predicted solver: Yices2 for benchmark UF/20170428-Barrett/cdt-cade2015/nada/distro/rbt_impl/x2015_09_10_16_53_07_463_1276695.smt_in.smt2
[DEBUG] Benchmark UF/20170428-Barrett/cdt-cade2015/nada/distro/rbt_impl/x2015_09_10_16_53_07_463_1276695.smt_in.smt2: solved=False, runtime=1200.00s, PAR-2=2400.00s
[DEBUG] Processing 1476/2285: UF/20170428-Barrett/cdt-cade2015/nada/afp/coinductive_list/x2015_09_10_17_03_00_126_1871722.smt_in.smt2
[DEBUG] Predicted solver: cvc5 for benchmark UF/20170428-Barrett/cdt-cade2015/nada/afp/coinductive_list/x2015_09_10_17_03_00_126_1871722.smt_in.smt2
[DEBUG] Benchmark UF/20170428-Barrett/cdt-cade2015/nada/afp/coinductive_list/x2015_09_10_17_03_00_126_1871722.smt_in.smt2: solved=False, runtime=1200.00s, PAR-2=2400.00s
[DEBUG] Processing 1477/2285: UF/20201221-induction-by-reflection-schoisswohl/reflectiveConjecture/currying-1.smt2
[DEBUG] Predicted solver: cvc5 for benchmark UF/20201221-induction-by-reflection-schoisswohl/reflectiveConjecture/currying-1.smt2
[DEBUG] Benchmark UF/20201221-induction-by-reflection-schoisswohl/reflectiveConjecture/currying-1.smt2: solved=True, runtime=0.27s, PAR-2=0.27s
[DEBUG] Processing 1478/2285: UF/sledgehammer/QEpres/uf.734915.smt2
[DEBUG] Predicted solver: iProver for benchmark UF/sledgehammer/QEpres/uf.734915.smt2
[DEBUG] Benchmark UF/sledgehammer/QEpres/uf.734915.smt2: solved=False, runtime=1200.00s, PAR-2=2400.00s
[DEBUG] Processing 1479/2285: UF/sledgehammer/Fundamental_Theorem_Algebra/uf.629797.smt2
[DEBUG] Predicted solver: cvc5 for benchmark UF/sledgehammer/Fundamental_Theorem_Algebra/uf.629797.smt2
[DEBUG] Benchmark UF/sledgehammer/Fundamental_Theorem_Algebra/uf.629797.smt2: solved=True, runtime=0.33s, PAR-2=0.33s
[DEBUG] Processing 1480/2285: UF/sledgehammer/QEpres/uf.615969.smt2
[DEBUG] Predicted solver: iProver for benchmark UF/sledgehammer/QEpres/uf.615969.smt2
[DEBUG] Benchmark UF/sledgehammer/QEpres/uf.615969.smt2: solved=True, runtime=397.14s, PAR-2=397.14s
[DEBUG] Processing 1481/2285: UF/20170428-Barrett/cdt-cade2015/nada/afp/coinductive_list/x2015_09_10_16_56_53_794_1472451.smt_in.smt2
[DEBUG] Predicted solver: cvc5 for benchmark UF/20170428-Barrett/cdt-cade2015/nada/afp/coinductive_list/x2015_09_10_16_56_53_794_1472451.smt_in.smt2
[DEBUG] Benchmark UF/20170428-Barrett/cdt-cade2015/nada/afp/coinductive_list/x2015_09_10_16_56_53_794_1472451.smt_in.smt2: solved=True, runtime=540.66s, PAR-2=540.66s
[DEBUG] Processing 1482/2285: UF/20170428-Barrett/cdt-cade2015/nada/afp/coinductive_list/x2015_09_10_17_10_35_879_2486994.smt_in.smt2
[DEBUG] Predicted solver: Yices2 for benchmark UF/20170428-Barrett/cdt-cade2015/nada/afp/coinductive_list/x2015_09_10_17_10_35_879_2486994.smt_in.smt2
[DEBUG] Benchmark UF/20170428-Barrett/cdt-cade2015/nada/afp/coinductive_list/x2015_09_10_17_10_35_879_2486994.smt_in.smt2: solved=True, runtime=0.28s, PAR-2=0.28s
[DEBUG] Processing 1483/2285: UF/20170428-Barrett/cdt-cade2015/nada/distro/stream/x2015_09_10_16_49_07_683_1145236.smt_in.smt2
[DEBUG] Predicted solver: Yices2 for benchmark UF/20170428-Barrett/cdt-cade2015/nada/distro/stream/x2015_09_10_16_49_07_683_1145236.smt_in.smt2
[DEBUG] Benchmark UF/20170428-Barrett/cdt-cade2015/nada/distro/stream/x2015_09_10_16_49_07_683_1145236.smt_in.smt2: solved=False, runtime=1200.00s, PAR-2=2400.00s
[DEBUG] Processing 1484/2285: UF/sledgehammer/Arrow_Order/uf.830954.smt2
[DEBUG] Predicted solver: cvc5 for benchmark UF/sledgehammer/Arrow_Order/uf.830954.smt2
[DEBUG] Benchmark UF/sledgehammer/Arrow_Order/uf.830954.smt2: solved=True, runtime=0.35s, PAR-2=0.35s
[DEBUG] Processing 1485/2285: UF/20170428-Barrett/cdt-cade2015/nada/afp/coinductive_list/x2015_09_10_16_59_08_306_1594995.smt_in.smt2
[DEBUG] Predicted solver: cvc5 for benchmark UF/20170428-Barrett/cdt-cade2015/nada/afp/coinductive_list/x2015_09_10_16_59_08_306_1594995.smt_in.smt2
[DEBUG] Benchmark UF/20170428-Barrett/cdt-cade2015/nada/afp/coinductive_list/x2015_09_10_16_59_08_306_1594995.smt_in.smt2: solved=True, runtime=541.49s, PAR-2=541.49s
[DEBUG] Processing 1486/2285: UF/wintersteiger/fmsd13/fixpoint/small-bug1-fixpoint-1.smt2
[DEBUG] Predicted solver: Yices2 for benchmark UF/wintersteiger/fmsd13/fixpoint/small-bug1-fixpoint-1.smt2
[DEBUG] Benchmark UF/wintersteiger/fmsd13/fixpoint/small-bug1-fixpoint-1.smt2: solved=True, runtime=0.21s, PAR-2=0.21s
[DEBUG] Processing 1487/2285: UF/20170428-Barrett/cdt-cade2015/nada/afp/coinductive_list/x2015_09_10_17_10_22_682_2470726.smt_in.smt2
[DEBUG] Predicted solver: Yices2 for benchmark UF/20170428-Barrett/cdt-cade2015/nada/afp/coinductive_list/x2015_09_10_17_10_22_682_2470726.smt_in.smt2
[DEBUG] Benchmark UF/20170428-Barrett/cdt-cade2015/nada/afp/coinductive_list/x2015_09_10_17_10_22_682_2470726.smt_in.smt2: solved=False, runtime=1200.00s, PAR-2=2400.00s
[DEBUG] Processing 1488/2285: UF/sledgehammer/Fundamental_Theorem_Algebra/uf.711399.smt2
[DEBUG] Predicted solver: iProver for benchmark UF/sledgehammer/Fundamental_Theorem_Algebra/uf.711399.smt2
[DEBUG] Benchmark UF/sledgehammer/Fundamental_Theorem_Algebra/uf.711399.smt2: solved=True, runtime=541.17s, PAR-2=541.17s
[DEBUG] Processing 1489/2285: UF/20170428-Barrett/cdt-cade2015/nada/distro/gram_lang/x2015_09_10_16_46_36_825_1008341.smt_in.smt2
[DEBUG] Predicted solver: Yices2 for benchmark UF/20170428-Barrett/cdt-cade2015/nada/distro/gram_lang/x2015_09_10_16_46_36_825_1008341.smt_in.smt2
[DEBUG] Benchmark UF/20170428-Barrett/cdt-cade2015/nada/distro/gram_lang/x2015_09_10_16_46_36_825_1008341.smt_in.smt2: solved=False, runtime=1200.00s, PAR-2=2400.00s
[DEBUG] Processing 1490/2285: UF/sledgehammer/Fundamental_Theorem_Algebra/uf.1414475.smt2
[DEBUG] Predicted solver: iProver for benchmark UF/sledgehammer/Fundamental_Theorem_Algebra/uf.1414475.smt2
[DEBUG] Benchmark UF/sledgehammer/Fundamental_Theorem_Algebra/uf.1414475.smt2: solved=True, runtime=0.83s, PAR-2=0.83s
[DEBUG] Processing 1491/2285: UF/20170428-Barrett/cdt-cade2015/nada/afp/huffman/x2015_09_10_16_51_53_457_1340938.smt_in.smt2
[DEBUG] Predicted solver: Yices2 for benchmark UF/20170428-Barrett/cdt-cade2015/nada/afp/huffman/x2015_09_10_16_51_53_457_1340938.smt_in.smt2
[DEBUG] Benchmark UF/20170428-Barrett/cdt-cade2015/nada/afp/huffman/x2015_09_10_16_51_53_457_1340938.smt_in.smt2: solved=False, runtime=1200.00s, PAR-2=2400.00s
[DEBUG] Processing 1492/2285: UF/sledgehammer/StrongNorm/uf.588301.smt2
[DEBUG] Predicted solver: iProver for benchmark UF/sledgehammer/StrongNorm/uf.588301.smt2
[DEBUG] Benchmark UF/sledgehammer/StrongNorm/uf.588301.smt2: solved=False, runtime=1200.00s, PAR-2=2400.00s
[DEBUG] Processing 1493/2285: UF/sledgehammer/Arrow_Order/uf.786124.smt2
[DEBUG] Predicted solver: Yices2 for benchmark UF/sledgehammer/Arrow_Order/uf.786124.smt2
[DEBUG] Benchmark UF/sledgehammer/Arrow_Order/uf.786124.smt2: solved=True, runtime=0.31s, PAR-2=0.31s
[DEBUG] Processing 1494/2285: UF/20170428-Barrett/cdt-cade2015/nada/distro/rbt_impl/x2015_09_10_16_52_03_445_1165936.smt_in.smt2
[DEBUG] Predicted solver: Yices2 for benchmark UF/20170428-Barrett/cdt-cade2015/nada/distro/rbt_impl/x2015_09_10_16_52_03_445_1165936.smt_in.smt2
[DEBUG] Benchmark UF/20170428-Barrett/cdt-cade2015/nada/distro/rbt_impl/x2015_09_10_16_52_03_445_1165936.smt_in.smt2: solved=True, runtime=0.74s, PAR-2=0.74s
[DEBUG] Processing 1495/2285: UF/20170428-Barrett/cdt-cade2015/nada/distro/stream/x2015_09_10_16_48_31_553_1101137.smt_in.smt2
[DEBUG] Predicted solver: cvc5 for benchmark UF/20170428-Barrett/cdt-cade2015/nada/distro/stream/x2015_09_10_16_48_31_553_1101137.smt_in.smt2
[DEBUG] Benchmark UF/20170428-Barrett/cdt-cade2015/nada/distro/stream/x2015_09_10_16_48_31_553_1101137.smt_in.smt2: solved=False, runtime=1200.00s, PAR-2=2400.00s
[DEBUG] Processing 1496/2285: UF/20170428-Barrett/cdt-cade2015/nada/gandl/bird_tree/x2015_09_10_16_54_36_387_1015919.smt_in.smt2
[DEBUG] Predicted solver: cvc5 for benchmark UF/20170428-Barrett/cdt-cade2015/nada/gandl/bird_tree/x2015_09_10_16_54_36_387_1015919.smt_in.smt2
[DEBUG] Benchmark UF/20170428-Barrett/cdt-cade2015/nada/gandl/bird_tree/x2015_09_10_16_54_36_387_1015919.smt_in.smt2: solved=False, runtime=1200.00s, PAR-2=2400.00s
[DEBUG] Processing 1497/2285: UF/sledgehammer/Fundamental_Theorem_Algebra/uf.647371.smt2
[DEBUG] Predicted solver: cvc5 for benchmark UF/sledgehammer/Fundamental_Theorem_Algebra/uf.647371.smt2
[DEBUG] Benchmark UF/sledgehammer/Fundamental_Theorem_Algebra/uf.647371.smt2: solved=False, runtime=1200.00s, PAR-2=2400.00s
[DEBUG] Processing 1498/2285: UF/sledgehammer/NS_Shared/uf.798211.smt2
[DEBUG] Predicted solver: iProver for benchmark UF/sledgehammer/NS_Shared/uf.798211.smt2
[DEBUG] Benchmark UF/sledgehammer/NS_Shared/uf.798211.smt2: solved=False, runtime=1200.00s, PAR-2=2400.00s
[DEBUG] Processing 1499/2285: UF/sledgehammer/FFT/uf.841739.smt2
[DEBUG] Predicted solver: iProver for benchmark UF/sledgehammer/FFT/uf.841739.smt2
[DEBUG] Benchmark UF/sledgehammer/FFT/uf.841739.smt2: solved=False, runtime=1200.00s, PAR-2=2400.00s
[DEBUG] Processing 1500/2285: UF/sledgehammer/Hoare/uf.850362.smt2
[DEBUG] Predicted solver: iProver for benchmark UF/sledgehammer/Hoare/uf.850362.smt2
[DEBUG] Benchmark UF/sledgehammer/Hoare/uf.850362.smt2: solved=False, runtime=1200.00s, PAR-2=2400.00s
[DEBUG] Processing 1501/2285: UF/wintersteiger/fmsd13/fixpoint/small-bug1-fixpoint-3.smt2
[DEBUG] Predicted solver: Yices2 for benchmark UF/wintersteiger/fmsd13/fixpoint/small-bug1-fixpoint-3.smt2
[DEBUG] Benchmark UF/wintersteiger/fmsd13/fixpoint/small-bug1-fixpoint-3.smt2: solved=True, runtime=0.21s, PAR-2=0.21s
[DEBUG] Processing 1502/2285: UF/20170428-Barrett/cdt-cade2015/nada/afp/coinductive_list/x2015_09_10_16_57_31_030_1508489.smt_in.smt2
[DEBUG] Predicted solver: cvc5 for benchmark UF/20170428-Barrett/cdt-cade2015/nada/afp/coinductive_list/x2015_09_10_16_57_31_030_1508489.smt_in.smt2
[DEBUG] Benchmark UF/20170428-Barrett/cdt-cade2015/nada/afp/coinductive_list/x2015_09_10_16_57_31_030_1508489.smt_in.smt2: solved=True, runtime=90.39s, PAR-2=90.39s
[DEBUG] Processing 1503/2285: UF/sledgehammer/Arrow_Order/uf.843193.smt2
[DEBUG] Predicted solver: iProver for benchmark UF/sledgehammer/Arrow_Order/uf.843193.smt2
[DEBUG] Benchmark UF/sledgehammer/Arrow_Order/uf.843193.smt2: solved=False, runtime=1200.00s, PAR-2=2400.00s
[DEBUG] Processing 1504/2285: UF/sledgehammer/FFT/uf.643487.smt2
[DEBUG] Predicted solver: iProver for benchmark UF/sledgehammer/FFT/uf.643487.smt2
[DEBUG] Benchmark UF/sledgehammer/FFT/uf.643487.smt2: solved=True, runtime=129.96s, PAR-2=129.96s
[DEBUG] Processing 1505/2285: UF/sledgehammer/Hoare/uf.1108769.smt2
[DEBUG] Predicted solver: cvc5 for benchmark UF/sledgehammer/Hoare/uf.1108769.smt2
[DEBUG] Benchmark UF/sledgehammer/Hoare/uf.1108769.smt2: solved=True, runtime=0.37s, PAR-2=0.37s
[DEBUG] Processing 1506/2285: UF/20170428-Barrett/cdt-cade2015/nada/afp/coinductive_list/x2015_09_10_17_16_15_318_2761376.smt_in.smt2
[DEBUG] Predicted solver: Yices2 for benchmark UF/20170428-Barrett/cdt-cade2015/nada/afp/coinductive_list/x2015_09_10_17_16_15_318_2761376.smt_in.smt2
[DEBUG] Benchmark UF/20170428-Barrett/cdt-cade2015/nada/afp/coinductive_list/x2015_09_10_17_16_15_318_2761376.smt_in.smt2: solved=False, runtime=1200.00s, PAR-2=2400.00s
[DEBUG] Processing 1507/2285: UF/sledgehammer/TwoSquares/uf.661364.smt2
[DEBUG] Predicted solver: iProver for benchmark UF/sledgehammer/TwoSquares/uf.661364.smt2
[DEBUG] Benchmark UF/sledgehammer/TwoSquares/uf.661364.smt2: solved=True, runtime=0.90s, PAR-2=0.90s
[DEBUG] Processing 1508/2285: UF/sledgehammer/FFT/uf.636327.smt2
[DEBUG] Predicted solver: iProver for benchmark UF/sledgehammer/FFT/uf.636327.smt2
[DEBUG] Benchmark UF/sledgehammer/FFT/uf.636327.smt2: solved=False, runtime=1200.00s, PAR-2=2400.00s
[DEBUG] Processing 1509/2285: UF/sledgehammer/TypeSafe/uf.1192738.smt2
[DEBUG] Predicted solver: iProver for benchmark UF/sledgehammer/TypeSafe/uf.1192738.smt2
[DEBUG] Benchmark UF/sledgehammer/TypeSafe/uf.1192738.smt2: solved=True, runtime=79.96s, PAR-2=79.96s
[DEBUG] Processing 1510/2285: UF/sledgehammer/Hoare/uf.615090.smt2
[DEBUG] Predicted solver: cvc5 for benchmark UF/sledgehammer/Hoare/uf.615090.smt2
[DEBUG] Benchmark UF/sledgehammer/Hoare/uf.615090.smt2: solved=True, runtime=0.34s, PAR-2=0.34s
[DEBUG] Processing 1511/2285: UF/grasshopper/instantiated/dl_copy_postcondition_of_dl_copy_37_1.smt2
[DEBUG] Predicted solver: cvc5 for benchmark UF/grasshopper/instantiated/dl_copy_postcondition_of_dl_copy_37_1.smt2
[DEBUG] Benchmark UF/grasshopper/instantiated/dl_copy_postcondition_of_dl_copy_37_1.smt2: solved=True, runtime=0.33s, PAR-2=0.33s
[DEBUG] Processing 1512/2285: UF/20170428-Barrett/cdt-cade2015/nada/afp/coinductive_list/x2015_09_10_17_03_08_413_1883335.smt_in.smt2
[DEBUG] Predicted solver: Yices2 for benchmark UF/20170428-Barrett/cdt-cade2015/nada/afp/coinductive_list/x2015_09_10_17_03_08_413_1883335.smt_in.smt2
[DEBUG] Benchmark UF/20170428-Barrett/cdt-cade2015/nada/afp/coinductive_list/x2015_09_10_17_03_08_413_1883335.smt_in.smt2: solved=False, runtime=1200.00s, PAR-2=2400.00s
[DEBUG] Processing 1513/2285: UF/sledgehammer/Fundamental_Theorem_Algebra/uf.1305911.smt2
[DEBUG] Predicted solver: iProver for benchmark UF/sledgehammer/Fundamental_Theorem_Algebra/uf.1305911.smt2
[DEBUG] Benchmark UF/sledgehammer/Fundamental_Theorem_Algebra/uf.1305911.smt2: solved=False, runtime=1200.00s, PAR-2=2400.00s
[DEBUG] Processing 1514/2285: UF/sledgehammer/TypeSafe/uf.727879.smt2
[DEBUG] Predicted solver: cvc5 for benchmark UF/sledgehammer/TypeSafe/uf.727879.smt2
[DEBUG] Benchmark UF/sledgehammer/TypeSafe/uf.727879.smt2: solved=False, runtime=1200.00s, PAR-2=2400.00s
[DEBUG] Processing 1515/2285: UF/sledgehammer/TwoSquares/uf.592016.smt2
[DEBUG] Predicted solver: iProver for benchmark UF/sledgehammer/TwoSquares/uf.592016.smt2
[DEBUG] Benchmark UF/sledgehammer/TwoSquares/uf.592016.smt2: solved=True, runtime=0.83s, PAR-2=0.83s
[DEBUG] Processing 1516/2285: UF/sledgehammer/StrongNorm/uf.803523.smt2
[DEBUG] Predicted solver: iProver for benchmark UF/sledgehammer/StrongNorm/uf.803523.smt2
[DEBUG] Benchmark UF/sledgehammer/StrongNorm/uf.803523.smt2: solved=False, runtime=1200.00s, PAR-2=2400.00s
[DEBUG] Processing 1517/2285: UF/sledgehammer/NS_Shared/smtlib.835033.smt2
[DEBUG] Predicted solver: iProver for benchmark UF/sledgehammer/NS_Shared/smtlib.835033.smt2
[DEBUG] Benchmark UF/sledgehammer/NS_Shared/smtlib.835033.smt2: solved=True, runtime=218.06s, PAR-2=218.06s
[DEBUG] Processing 1518/2285: UF/20170428-Barrett/cdt-cade2015/nada/afp/coinductive_list/x2015_09_10_17_04_50_635_2022913.smt_in.smt2
[DEBUG] Predicted solver: cvc5 for benchmark UF/20170428-Barrett/cdt-cade2015/nada/afp/coinductive_list/x2015_09_10_17_04_50_635_2022913.smt_in.smt2
[DEBUG] Benchmark UF/20170428-Barrett/cdt-cade2015/nada/afp/coinductive_list/x2015_09_10_17_04_50_635_2022913.smt_in.smt2: solved=False, runtime=1200.00s, PAR-2=2400.00s
[DEBUG] Processing 1519/2285: UF/sledgehammer/NS_Shared/smtlib.603925.smt2
[DEBUG] Predicted solver: iProver for benchmark UF/sledgehammer/NS_Shared/smtlib.603925.smt2
[DEBUG] Benchmark UF/sledgehammer/NS_Shared/smtlib.603925.smt2: solved=False, runtime=1200.00s, PAR-2=2400.00s
[DEBUG] Processing 1520/2285: UF/sledgehammer/NS_Shared/smtlib.891082.smt2
[DEBUG] Predicted solver: iProver for benchmark UF/sledgehammer/NS_Shared/smtlib.891082.smt2
[DEBUG] Benchmark UF/sledgehammer/NS_Shared/smtlib.891082.smt2: solved=False, runtime=1200.00s, PAR-2=2400.00s
[DEBUG] Processing 1521/2285: UF/sledgehammer/QEpres/uf.975343.smt2
[DEBUG] Predicted solver: Yices2 for benchmark UF/sledgehammer/QEpres/uf.975343.smt2
[DEBUG] Benchmark UF/sledgehammer/QEpres/uf.975343.smt2: solved=False, runtime=1200.00s, PAR-2=2400.00s
[DEBUG] Processing 1522/2285: UF/20170428-Barrett/cdt-cade2015/nada/afp/coinductive_stream/x2015_09_10_17_22_48_740_1110032.smt_in.smt2
[DEBUG] Predicted solver: cvc5 for benchmark UF/20170428-Barrett/cdt-cade2015/nada/afp/coinductive_stream/x2015_09_10_17_22_48_740_1110032.smt_in.smt2
[DEBUG] Benchmark UF/20170428-Barrett/cdt-cade2015/nada/afp/coinductive_stream/x2015_09_10_17_22_48_740_1110032.smt_in.smt2: solved=False, runtime=1200.00s, PAR-2=2400.00s
[DEBUG] Processing 1523/2285: UF/sledgehammer/Fundamental_Theorem_Algebra/uf.808186.smt2
[DEBUG] Predicted solver: iProver for benchmark UF/sledgehammer/Fundamental_Theorem_Algebra/uf.808186.smt2
[DEBUG] Benchmark UF/sledgehammer/Fundamental_Theorem_Algebra/uf.808186.smt2: solved=True, runtime=0.85s, PAR-2=0.85s
[DEBUG] Processing 1524/2285: UF/sledgehammer/TypeSafe/uf.906410.smt2
[DEBUG] Predicted solver: iProver for benchmark UF/sledgehammer/TypeSafe/uf.906410.smt2
[DEBUG] Benchmark UF/sledgehammer/TypeSafe/uf.906410.smt2: solved=False, runtime=1200.00s, PAR-2=2400.00s
[DEBUG] Processing 1525/2285: UF/sledgehammer/FFT/uf.572233.smt2
[DEBUG] Predicted solver: cvc5 for benchmark UF/sledgehammer/FFT/uf.572233.smt2
[DEBUG] Benchmark UF/sledgehammer/FFT/uf.572233.smt2: solved=True, runtime=0.40s, PAR-2=0.40s
[DEBUG] Processing 1526/2285: UF/sledgehammer/NS_Shared/smtlib.617637.smt2
[DEBUG] Predicted solver: iProver for benchmark UF/sledgehammer/NS_Shared/smtlib.617637.smt2
[DEBUG] Benchmark UF/sledgehammer/NS_Shared/smtlib.617637.smt2: solved=False, runtime=1200.00s, PAR-2=2400.00s
[DEBUG] Processing 1527/2285: UF/sledgehammer/Hoare/uf.775346.smt2
[DEBUG] Predicted solver: cvc5 for benchmark UF/sledgehammer/Hoare/uf.775346.smt2
[DEBUG] Benchmark UF/sledgehammer/Hoare/uf.775346.smt2: solved=True, runtime=0.43s, PAR-2=0.43s
[DEBUG] Processing 1528/2285: UF/sledgehammer/Hoare/uf.763696.smt2
[DEBUG] Predicted solver: cvc5 for benchmark UF/sledgehammer/Hoare/uf.763696.smt2
[DEBUG] Benchmark UF/sledgehammer/Hoare/uf.763696.smt2: solved=False, runtime=1200.00s, PAR-2=2400.00s
[DEBUG] Processing 1529/2285: UF/20170428-Barrett/cdt-cade2015/nada/distro/gram_lang/x2015_09_10_16_54_15_106_1464600.smt_in.smt2
[DEBUG] Predicted solver: cvc5 for benchmark UF/20170428-Barrett/cdt-cade2015/nada/distro/gram_lang/x2015_09_10_16_54_15_106_1464600.smt_in.smt2
[DEBUG] Benchmark UF/20170428-Barrett/cdt-cade2015/nada/distro/gram_lang/x2015_09_10_16_54_15_106_1464600.smt_in.smt2: solved=True, runtime=0.35s, PAR-2=0.35s
[DEBUG] Processing 1530/2285: UF/sledgehammer/Fundamental_Theorem_Algebra/uf.1439764.smt2
[DEBUG] Predicted solver: iProver for benchmark UF/sledgehammer/Fundamental_Theorem_Algebra/uf.1439764.smt2
[DEBUG] Benchmark UF/sledgehammer/Fundamental_Theorem_Algebra/uf.1439764.smt2: solved=False, runtime=1200.00s, PAR-2=2400.00s
[DEBUG] Processing 1531/2285: UF/sledgehammer/QEpres/uf.1063608.smt2
[DEBUG] Predicted solver: iProver for benchmark UF/sledgehammer/QEpres/uf.1063608.smt2
[DEBUG] Benchmark UF/sledgehammer/QEpres/uf.1063608.smt2: solved=False, runtime=1200.00s, PAR-2=2400.00s
[DEBUG] Processing 1532/2285: UF/20170428-Barrett/cdt-cade2015/nada/afp/coinductive_list/x2015_09_10_16_50_34_165_1137873.smt_in.smt2
[DEBUG] Predicted solver: Yices2 for benchmark UF/20170428-Barrett/cdt-cade2015/nada/afp/coinductive_list/x2015_09_10_16_50_34_165_1137873.smt_in.smt2
[DEBUG] Benchmark UF/20170428-Barrett/cdt-cade2015/nada/afp/coinductive_list/x2015_09_10_16_50_34_165_1137873.smt_in.smt2: solved=False, runtime=1200.00s, PAR-2=2400.00s
[DEBUG] Processing 1533/2285: UF/sledgehammer/TwoSquares/uf.640720.smt2
[DEBUG] Predicted solver: cvc5 for benchmark UF/sledgehammer/TwoSquares/uf.640720.smt2
[DEBUG] Benchmark UF/sledgehammer/TwoSquares/uf.640720.smt2: solved=True, runtime=0.84s, PAR-2=0.84s
[DEBUG] Processing 1534/2285: UF/sledgehammer/NS_Shared/uf.784701.smt2
[DEBUG] Predicted solver: iProver for benchmark UF/sledgehammer/NS_Shared/uf.784701.smt2
[DEBUG] Benchmark UF/sledgehammer/NS_Shared/uf.784701.smt2: solved=False, runtime=1200.00s, PAR-2=2400.00s
[DEBUG] Processing 1535/2285: UF/sledgehammer/TwoSquares/uf.589631.smt2
[DEBUG] Predicted solver: iProver for benchmark UF/sledgehammer/TwoSquares/uf.589631.smt2
[DEBUG] Benchmark UF/sledgehammer/TwoSquares/uf.589631.smt2: solved=False, runtime=1200.00s, PAR-2=2400.00s
[DEBUG] Processing 1536/2285: UF/20170428-Barrett/cdt-cade2015/nada/afp/abstract_completeness/x2015_09_10_17_00_26_649_1094305.smt_in.smt2
[DEBUG] Predicted solver: cvc5 for benchmark UF/20170428-Barrett/cdt-cade2015/nada/afp/abstract_completeness/x2015_09_10_17_00_26_649_1094305.smt_in.smt2
[DEBUG] Benchmark UF/20170428-Barrett/cdt-cade2015/nada/afp/abstract_completeness/x2015_09_10_17_00_26_649_1094305.smt_in.smt2: solved=True, runtime=541.14s, PAR-2=541.14s
[DEBUG] Processing 1537/2285: UF/sledgehammer/Fundamental_Theorem_Algebra/uf.928051.smt2
[DEBUG] Predicted solver: Yices2 for benchmark UF/sledgehammer/Fundamental_Theorem_Algebra/uf.928051.smt2
[DEBUG] Benchmark UF/sledgehammer/Fundamental_Theorem_Algebra/uf.928051.smt2: solved=False, runtime=1200.00s, PAR-2=2400.00s
[DEBUG] Processing 1538/2285: UF/20170428-Barrett/cdt-cade2015/nada/afp/coinductive_list/x2015_09_10_17_20_08_750_2910785.smt_in.smt2
[DEBUG] Predicted solver: Yices2 for benchmark UF/20170428-Barrett/cdt-cade2015/nada/afp/coinductive_list/x2015_09_10_17_20_08_750_2910785.smt_in.smt2
[DEBUG] Benchmark UF/20170428-Barrett/cdt-cade2015/nada/afp/coinductive_list/x2015_09_10_17_20_08_750_2910785.smt_in.smt2: solved=False, runtime=1200.00s, PAR-2=2400.00s
[DEBUG] Processing 1539/2285: UF/sledgehammer/Hoare/uf.985710.smt2
[DEBUG] Predicted solver: cvc5 for benchmark UF/sledgehammer/Hoare/uf.985710.smt2
[DEBUG] Benchmark UF/sledgehammer/Hoare/uf.985710.smt2: solved=False, runtime=1200.00s, PAR-2=2400.00s
[DEBUG] Processing 1540/2285: UF/20170428-Barrett/cdt-cade2015/nada/afp/coinductive_list/x2015_09_10_17_05_59_203_2114628.smt_in.smt2
[DEBUG] Predicted solver: Yices2 for benchmark UF/20170428-Barrett/cdt-cade2015/nada/afp/coinductive_list/x2015_09_10_17_05_59_203_2114628.smt_in.smt2
[DEBUG] Benchmark UF/20170428-Barrett/cdt-cade2015/nada/afp/coinductive_list/x2015_09_10_17_05_59_203_2114628.smt_in.smt2: solved=False, runtime=1200.00s, PAR-2=2400.00s
[DEBUG] Processing 1541/2285: UF/20170428-Barrett/cdt-cade2015/nada/afp/koenigslemma/x2015_09_10_16_53_17_179_1125560.smt_in.smt2
[DEBUG] Predicted solver: cvc5 for benchmark UF/20170428-Barrett/cdt-cade2015/nada/afp/koenigslemma/x2015_09_10_16_53_17_179_1125560.smt_in.smt2
[DEBUG] Benchmark UF/20170428-Barrett/cdt-cade2015/nada/afp/koenigslemma/x2015_09_10_16_53_17_179_1125560.smt_in.smt2: solved=False, runtime=1200.00s, PAR-2=2400.00s
[DEBUG] Processing 1542/2285: UF/sledgehammer/TypeSafe/uf.1090749.smt2
[DEBUG] Predicted solver: Yices2 for benchmark UF/sledgehammer/TypeSafe/uf.1090749.smt2
[DEBUG] Benchmark UF/sledgehammer/TypeSafe/uf.1090749.smt2: solved=False, runtime=1200.00s, PAR-2=2400.00s
[DEBUG] Processing 1543/2285: UF/sledgehammer/NS_Shared/smtlib.857476.smt2
[DEBUG] Predicted solver: iProver for benchmark UF/sledgehammer/NS_Shared/smtlib.857476.smt2
[DEBUG] Benchmark UF/sledgehammer/NS_Shared/smtlib.857476.smt2: solved=False, runtime=1200.00s, PAR-2=2400.00s
[DEBUG] Processing 1544/2285: UF/sledgehammer/FFT/uf.570035.smt2
[DEBUG] Predicted solver: iProver for benchmark UF/sledgehammer/FFT/uf.570035.smt2
[DEBUG] Benchmark UF/sledgehammer/FFT/uf.570035.smt2: solved=False, runtime=1200.00s, PAR-2=2400.00s
[DEBUG] Processing 1545/2285: UF/sledgehammer/Hoare/uf.690390.smt2
[DEBUG] Predicted solver: iProver for benchmark UF/sledgehammer/Hoare/uf.690390.smt2
[DEBUG] Benchmark UF/sledgehammer/Hoare/uf.690390.smt2: solved=True, runtime=0.84s, PAR-2=0.84s
[DEBUG] Processing 1546/2285: UF/sledgehammer/TypeSafe/smtlib.1434920.smt2
[DEBUG] Predicted solver: cvc5 for benchmark UF/sledgehammer/TypeSafe/smtlib.1434920.smt2
[DEBUG] Benchmark UF/sledgehammer/TypeSafe/smtlib.1434920.smt2: solved=True, runtime=0.47s, PAR-2=0.47s
[DEBUG] Processing 1547/2285: UF/20170428-Barrett/cdt-cade2015/nada/afp/coinductive_list/x2015_09_10_17_15_52_798_2750129.smt_in.smt2
[DEBUG] Predicted solver: cvc5 for benchmark UF/20170428-Barrett/cdt-cade2015/nada/afp/coinductive_list/x2015_09_10_17_15_52_798_2750129.smt_in.smt2
[DEBUG] Benchmark UF/20170428-Barrett/cdt-cade2015/nada/afp/coinductive_list/x2015_09_10_17_15_52_798_2750129.smt_in.smt2: solved=False, runtime=1200.00s, PAR-2=2400.00s
[DEBUG] Processing 1548/2285: UF/sledgehammer/Fundamental_Theorem_Algebra/uf.615837.smt2
[DEBUG] Predicted solver: cvc5 for benchmark UF/sledgehammer/Fundamental_Theorem_Algebra/uf.615837.smt2
[DEBUG] Benchmark UF/sledgehammer/Fundamental_Theorem_Algebra/uf.615837.smt2: solved=True, runtime=0.28s, PAR-2=0.28s
[DEBUG] Processing 1549/2285: UF/20170428-Barrett/cdt-cade2015/nada/afp/coinductive_stream/x2015_09_10_17_24_44_326_1214655.smt_in.smt2
[DEBUG] Predicted solver: cvc5 for benchmark UF/20170428-Barrett/cdt-cade2015/nada/afp/coinductive_stream/x2015_09_10_17_24_44_326_1214655.smt_in.smt2
[DEBUG] Benchmark UF/20170428-Barrett/cdt-cade2015/nada/afp/coinductive_stream/x2015_09_10_17_24_44_326_1214655.smt_in.smt2: solved=True, runtime=0.62s, PAR-2=0.62s
[DEBUG] Processing 1550/2285: UF/sledgehammer/FFT/uf.671813.smt2
[DEBUG] Predicted solver: iProver for benchmark UF/sledgehammer/FFT/uf.671813.smt2
[DEBUG] Benchmark UF/sledgehammer/FFT/uf.671813.smt2: solved=False, runtime=1200.00s, PAR-2=2400.00s
[DEBUG] Processing 1551/2285: UF/sledgehammer/Fundamental_Theorem_Algebra/uf.1338248.smt2
[DEBUG] Predicted solver: iProver for benchmark UF/sledgehammer/Fundamental_Theorem_Algebra/uf.1338248.smt2
[DEBUG] Benchmark UF/sledgehammer/Fundamental_Theorem_Algebra/uf.1338248.smt2: solved=False, runtime=1200.00s, PAR-2=2400.00s
[DEBUG] Processing 1552/2285: UF/20170428-Barrett/cdt-cade2015/nada/gandl/stern_brocot_tree/x2015_09_10_16_52_51_907_1137091.smt_in.smt2
[DEBUG] Predicted solver: iProver for benchmark UF/20170428-Barrett/cdt-cade2015/nada/gandl/stern_brocot_tree/x2015_09_10_16_52_51_907_1137091.smt_in.smt2
[DEBUG] Benchmark UF/20170428-Barrett/cdt-cade2015/nada/gandl/stern_brocot_tree/x2015_09_10_16_52_51_907_1137091.smt_in.smt2: solved=False, runtime=1200.00s, PAR-2=2400.00s
[DEBUG] Processing 1553/2285: UF/sledgehammer/TwoSquares/uf.738828.smt2
[DEBUG] Predicted solver: iProver for benchmark UF/sledgehammer/TwoSquares/uf.738828.smt2
[DEBUG] Benchmark UF/sledgehammer/TwoSquares/uf.738828.smt2: solved=True, runtime=3.88s, PAR-2=3.88s
[DEBUG] Processing 1554/2285: UF/sledgehammer/TypeSafe/smtlib.1348248.smt2
[DEBUG] Predicted solver: iProver for benchmark UF/sledgehammer/TypeSafe/smtlib.1348248.smt2
[DEBUG] Benchmark UF/sledgehammer/TypeSafe/smtlib.1348248.smt2: solved=False, runtime=1200.00s, PAR-2=2400.00s
[DEBUG] Processing 1555/2285: UF/sledgehammer/FFT/uf.593969.smt2
[DEBUG] Predicted solver: iProver for benchmark UF/sledgehammer/FFT/uf.593969.smt2
[DEBUG] Benchmark UF/sledgehammer/FFT/uf.593969.smt2: solved=True, runtime=0.89s, PAR-2=0.89s
[DEBUG] Processing 1556/2285: UF/sledgehammer/NS_Shared/uf.698418.smt2
[DEBUG] Predicted solver: iProver for benchmark UF/sledgehammer/NS_Shared/uf.698418.smt2
[DEBUG] Benchmark UF/sledgehammer/NS_Shared/uf.698418.smt2: solved=False, runtime=1200.00s, PAR-2=2400.00s
[DEBUG] Processing 1557/2285: UF/20170428-Barrett/cdt-cade2015/nada/afp/coinductive_list/x2015_09_10_16_53_40_566_1302633.smt_in.smt2
[DEBUG] Predicted solver: cvc5 for benchmark UF/20170428-Barrett/cdt-cade2015/nada/afp/coinductive_list/x2015_09_10_16_53_40_566_1302633.smt_in.smt2
[DEBUG] Benchmark UF/20170428-Barrett/cdt-cade2015/nada/afp/coinductive_list/x2015_09_10_16_53_40_566_1302633.smt_in.smt2: solved=False, runtime=1200.00s, PAR-2=2400.00s
[DEBUG] Processing 1558/2285: UF/sledgehammer/FFT/uf.648663.smt2
[DEBUG] Predicted solver: iProver for benchmark UF/sledgehammer/FFT/uf.648663.smt2
[DEBUG] Benchmark UF/sledgehammer/FFT/uf.648663.smt2: solved=False, runtime=1200.00s, PAR-2=2400.00s
[DEBUG] Processing 1559/2285: UF/sledgehammer/TwoSquares/uf.692952.smt2
[DEBUG] Predicted solver: iProver for benchmark UF/sledgehammer/TwoSquares/uf.692952.smt2
[DEBUG] Benchmark UF/sledgehammer/TwoSquares/uf.692952.smt2: solved=False, runtime=1200.00s, PAR-2=2400.00s
[DEBUG] Processing 1560/2285: UF/20170428-Barrett/cdt-cade2015/nada/afp/huffman/x2015_09_10_16_46_17_382_976045.smt_in.smt2
[DEBUG] Predicted solver: Yices2 for benchmark UF/20170428-Barrett/cdt-cade2015/nada/afp/huffman/x2015_09_10_16_46_17_382_976045.smt_in.smt2
[DEBUG] Benchmark UF/20170428-Barrett/cdt-cade2015/nada/afp/huffman/x2015_09_10_16_46_17_382_976045.smt_in.smt2: solved=False, runtime=1200.00s, PAR-2=2400.00s
[DEBUG] Processing 1561/2285: UF/20170428-Barrett/cdt-cade2015/nada/afp/coinductive_list/x2015_09_10_16_50_48_249_1149851.smt_in.smt2
[DEBUG] Predicted solver: cvc5 for benchmark UF/20170428-Barrett/cdt-cade2015/nada/afp/coinductive_list/x2015_09_10_16_50_48_249_1149851.smt_in.smt2
[DEBUG] Benchmark UF/20170428-Barrett/cdt-cade2015/nada/afp/coinductive_list/x2015_09_10_16_50_48_249_1149851.smt_in.smt2: solved=True, runtime=0.31s, PAR-2=0.31s
[DEBUG] Processing 1562/2285: UF/sledgehammer/QEpres/uf.734480.smt2
[DEBUG] Predicted solver: iProver for benchmark UF/sledgehammer/QEpres/uf.734480.smt2
[DEBUG] Benchmark UF/sledgehammer/QEpres/uf.734480.smt2: solved=False, runtime=1200.00s, PAR-2=2400.00s
[DEBUG] Processing 1563/2285: UF/20170428-Barrett/cdt-cade2015/nada/gandl/bird_tree/x2015_09_10_16_54_41_515_1022759.smt_in.smt2
[DEBUG] Predicted solver: cvc5 for benchmark UF/20170428-Barrett/cdt-cade2015/nada/gandl/bird_tree/x2015_09_10_16_54_41_515_1022759.smt_in.smt2
[DEBUG] Benchmark UF/20170428-Barrett/cdt-cade2015/nada/gandl/bird_tree/x2015_09_10_16_54_41_515_1022759.smt_in.smt2: solved=False, runtime=1200.00s, PAR-2=2400.00s
[DEBUG] Processing 1564/2285: UF/20170428-Barrett/cdt-cade2015/nada/afp/coinductive_list/x2015_09_10_17_03_01_249_1873353.smt_in.smt2
[DEBUG] Predicted solver: cvc5 for benchmark UF/20170428-Barrett/cdt-cade2015/nada/afp/coinductive_list/x2015_09_10_17_03_01_249_1873353.smt_in.smt2
[DEBUG] Benchmark UF/20170428-Barrett/cdt-cade2015/nada/afp/coinductive_list/x2015_09_10_17_03_01_249_1873353.smt_in.smt2: solved=False, runtime=1200.00s, PAR-2=2400.00s
[DEBUG] Processing 1565/2285: UF/20170428-Barrett/cdt-cade2015/nada/afp/coinductive_list/x2015_09_10_17_18_56_849_2855724.smt_in.smt2
[DEBUG] Predicted solver: Yices2 for benchmark UF/20170428-Barrett/cdt-cade2015/nada/afp/coinductive_list/x2015_09_10_17_18_56_849_2855724.smt_in.smt2
[DEBUG] Benchmark UF/20170428-Barrett/cdt-cade2015/nada/afp/coinductive_list/x2015_09_10_17_18_56_849_2855724.smt_in.smt2: solved=False, runtime=1200.00s, PAR-2=2400.00s
[DEBUG] Processing 1566/2285: UF/20170428-Barrett/cdt-cade2015/nada/distro/koenig/x2015_09_10_16_45_04_081_1008991.smt_in.smt2
[DEBUG] Predicted solver: iProver for benchmark UF/20170428-Barrett/cdt-cade2015/nada/distro/koenig/x2015_09_10_16_45_04_081_1008991.smt_in.smt2
[DEBUG] Benchmark UF/20170428-Barrett/cdt-cade2015/nada/distro/koenig/x2015_09_10_16_45_04_081_1008991.smt_in.smt2: solved=False, runtime=1200.00s, PAR-2=2400.00s
[DEBUG] Processing 1567/2285: UF/sledgehammer/QEpres/uf.577187.smt2
[DEBUG] Predicted solver: iProver for benchmark UF/sledgehammer/QEpres/uf.577187.smt2
[DEBUG] Benchmark UF/sledgehammer/QEpres/uf.577187.smt2: solved=False, runtime=1200.00s, PAR-2=2400.00s
[DEBUG] Processing 1568/2285: UF/20170428-Barrett/cdt-cade2015/nada/afp/tllist/x2015_09_10_16_59_17_069_1264040.smt_in.smt2
[DEBUG] Predicted solver: cvc5 for benchmark UF/20170428-Barrett/cdt-cade2015/nada/afp/tllist/x2015_09_10_16_59_17_069_1264040.smt_in.smt2
[DEBUG] Benchmark UF/20170428-Barrett/cdt-cade2015/nada/afp/tllist/x2015_09_10_16_59_17_069_1264040.smt_in.smt2: solved=True, runtime=541.05s, PAR-2=541.05s
[DEBUG] Processing 1569/2285: UF/sledgehammer/StrongNorm/uf.813324.smt2
[DEBUG] Predicted solver: Yices2 for benchmark UF/sledgehammer/StrongNorm/uf.813324.smt2
[DEBUG] Benchmark UF/sledgehammer/StrongNorm/uf.813324.smt2: solved=False, runtime=1200.00s, PAR-2=2400.00s
[DEBUG] Processing 1570/2285: UF/sledgehammer/Hoare/uf.685068.smt2
[DEBUG] Predicted solver: iProver for benchmark UF/sledgehammer/Hoare/uf.685068.smt2
[DEBUG] Benchmark UF/sledgehammer/Hoare/uf.685068.smt2: solved=False, runtime=1200.00s, PAR-2=2400.00s
[DEBUG] Processing 1571/2285: UF/20170428-Barrett/cdt-cade2015/nada/distro/rbt_impl/x2015_09_10_16_56_26_416_1673394.smt_in.smt2
[DEBUG] Predicted solver: Yices2 for benchmark UF/20170428-Barrett/cdt-cade2015/nada/distro/rbt_impl/x2015_09_10_16_56_26_416_1673394.smt_in.smt2
[DEBUG] Benchmark UF/20170428-Barrett/cdt-cade2015/nada/distro/rbt_impl/x2015_09_10_16_56_26_416_1673394.smt_in.smt2: solved=False, runtime=1200.00s, PAR-2=2400.00s
[DEBUG] Processing 1572/2285: UF/20170428-Barrett/cdt-cade2015/nada/afp/coinductive_list/x2015_09_10_17_11_23_791_2547852.smt_in.smt2
[DEBUG] Predicted solver: cvc5 for benchmark UF/20170428-Barrett/cdt-cade2015/nada/afp/coinductive_list/x2015_09_10_17_11_23_791_2547852.smt_in.smt2
[DEBUG] Benchmark UF/20170428-Barrett/cdt-cade2015/nada/afp/coinductive_list/x2015_09_10_17_11_23_791_2547852.smt_in.smt2: solved=False, runtime=1200.00s, PAR-2=2400.00s
[DEBUG] Processing 1573/2285: UF/sledgehammer/QEpres/uf.787822.smt2
[DEBUG] Predicted solver: iProver for benchmark UF/sledgehammer/QEpres/uf.787822.smt2
[DEBUG] Benchmark UF/sledgehammer/QEpres/uf.787822.smt2: solved=True, runtime=1.37s, PAR-2=1.37s
[DEBUG] Processing 1574/2285: UF/sledgehammer/QEpres/uf.592134.smt2
[DEBUG] Predicted solver: iProver for benchmark UF/sledgehammer/QEpres/uf.592134.smt2
[DEBUG] Benchmark UF/sledgehammer/QEpres/uf.592134.smt2: solved=False, runtime=1200.00s, PAR-2=2400.00s
[DEBUG] Processing 1575/2285: UF/sledgehammer/Fundamental_Theorem_Algebra/smtlib.1247489.smt2
[DEBUG] Predicted solver: iProver for benchmark UF/sledgehammer/Fundamental_Theorem_Algebra/smtlib.1247489.smt2
[DEBUG] Benchmark UF/sledgehammer/Fundamental_Theorem_Algebra/smtlib.1247489.smt2: solved=False, runtime=1200.00s, PAR-2=2400.00s
[DEBUG] Processing 1576/2285: UF/sledgehammer/Arrow_Order/uf.793778.smt2
[DEBUG] Predicted solver: cvc5 for benchmark UF/sledgehammer/Arrow_Order/uf.793778.smt2
[DEBUG] Benchmark UF/sledgehammer/Arrow_Order/uf.793778.smt2: solved=True, runtime=550.75s, PAR-2=550.75s
[DEBUG] Processing 1577/2285: UF/sledgehammer/TypeSafe/smtlib.1274654.smt2
[DEBUG] Predicted solver: iProver for benchmark UF/sledgehammer/TypeSafe/smtlib.1274654.smt2
[DEBUG] Benchmark UF/sledgehammer/TypeSafe/smtlib.1274654.smt2: solved=False, runtime=1200.00s, PAR-2=2400.00s
[DEBUG] Processing 1578/2285: UF/20170428-Barrett/cdt-cade2015/nada/afp/coinductive_list/x2015_09_10_16_51_18_298_1177314.smt_in.smt2
[DEBUG] Predicted solver: Yices2 for benchmark UF/20170428-Barrett/cdt-cade2015/nada/afp/coinductive_list/x2015_09_10_16_51_18_298_1177314.smt_in.smt2
[DEBUG] Benchmark UF/20170428-Barrett/cdt-cade2015/nada/afp/coinductive_list/x2015_09_10_16_51_18_298_1177314.smt_in.smt2: solved=False, runtime=1200.00s, PAR-2=2400.00s
[DEBUG] Processing 1579/2285: UF/20170428-Barrett/cdt-cade2015/nada/afp/splay_tree_analysis/x2015_09_10_16_57_58_490_1153963.smt_in.smt2
[DEBUG] Predicted solver: cvc5 for benchmark UF/20170428-Barrett/cdt-cade2015/nada/afp/splay_tree_analysis/x2015_09_10_16_57_58_490_1153963.smt_in.smt2
[DEBUG] Benchmark UF/20170428-Barrett/cdt-cade2015/nada/afp/splay_tree_analysis/x2015_09_10_16_57_58_490_1153963.smt_in.smt2: solved=True, runtime=30.36s, PAR-2=30.36s
[DEBUG] Processing 1580/2285: UF/20170428-Barrett/cdt-cade2015/nada/afp/coinductive_list/x2015_09_10_17_07_35_002_2247287.smt_in.smt2
[DEBUG] Predicted solver: Yices2 for benchmark UF/20170428-Barrett/cdt-cade2015/nada/afp/coinductive_list/x2015_09_10_17_07_35_002_2247287.smt_in.smt2
[DEBUG] Benchmark UF/20170428-Barrett/cdt-cade2015/nada/afp/coinductive_list/x2015_09_10_17_07_35_002_2247287.smt_in.smt2: solved=False, runtime=1200.00s, PAR-2=2400.00s
[DEBUG] Processing 1581/2285: UF/sledgehammer/TypeSafe/uf.702789.smt2
[DEBUG] Predicted solver: cvc5 for benchmark UF/sledgehammer/TypeSafe/uf.702789.smt2
[DEBUG] Benchmark UF/sledgehammer/TypeSafe/uf.702789.smt2: solved=False, runtime=1200.00s, PAR-2=2400.00s
[DEBUG] Processing 1582/2285: UF/sledgehammer/NS_Shared/smtlib.772711.smt2
[DEBUG] Predicted solver: iProver for benchmark UF/sledgehammer/NS_Shared/smtlib.772711.smt2
[DEBUG] Benchmark UF/sledgehammer/NS_Shared/smtlib.772711.smt2: solved=False, runtime=1200.00s, PAR-2=2400.00s
[DEBUG] Processing 1583/2285: UF/sledgehammer/TypeSafe/uf.897555.smt2
[DEBUG] Predicted solver: Yices2 for benchmark UF/sledgehammer/TypeSafe/uf.897555.smt2
[DEBUG] Benchmark UF/sledgehammer/TypeSafe/uf.897555.smt2: solved=False, runtime=1200.00s, PAR-2=2400.00s
[DEBUG] Processing 1584/2285: UF/20170428-Barrett/cdt-cade2015/nada/afp/huffman/x2015_09_10_16_49_08_612_1164629.smt_in.smt2
[DEBUG] Predicted solver: cvc5 for benchmark UF/20170428-Barrett/cdt-cade2015/nada/afp/huffman/x2015_09_10_16_49_08_612_1164629.smt_in.smt2
[DEBUG] Benchmark UF/20170428-Barrett/cdt-cade2015/nada/afp/huffman/x2015_09_10_16_49_08_612_1164629.smt_in.smt2: solved=False, runtime=1200.00s, PAR-2=2400.00s
[DEBUG] Processing 1585/2285: UF/sledgehammer/TypeSafe/uf.794285.smt2
[DEBUG] Predicted solver: cvc5 for benchmark UF/sledgehammer/TypeSafe/uf.794285.smt2
[DEBUG] Benchmark UF/sledgehammer/TypeSafe/uf.794285.smt2: solved=False, runtime=1200.00s, PAR-2=2400.00s
[DEBUG] Processing 1586/2285: UF/sledgehammer/Fundamental_Theorem_Algebra/uf.790950.smt2
[DEBUG] Predicted solver: cvc5 for benchmark UF/sledgehammer/Fundamental_Theorem_Algebra/uf.790950.smt2
[DEBUG] Benchmark UF/sledgehammer/Fundamental_Theorem_Algebra/uf.790950.smt2: solved=False, runtime=1200.00s, PAR-2=2400.00s
[DEBUG] Processing 1587/2285: UF/20170428-Barrett/cdt-cade2015/nada/distro/rbt_impl/x2015_09_10_16_50_31_561_1040763.smt_in.smt2
[DEBUG] Predicted solver: Yices2 for benchmark UF/20170428-Barrett/cdt-cade2015/nada/distro/rbt_impl/x2015_09_10_16_50_31_561_1040763.smt_in.smt2
[DEBUG] Benchmark UF/20170428-Barrett/cdt-cade2015/nada/distro/rbt_impl/x2015_09_10_16_50_31_561_1040763.smt_in.smt2: solved=False, runtime=1200.00s, PAR-2=2400.00s
[DEBUG] Processing 1588/2285: UF/sledgehammer/FFT/uf.869107.smt2
[DEBUG] Predicted solver: iProver for benchmark UF/sledgehammer/FFT/uf.869107.smt2
[DEBUG] Benchmark UF/sledgehammer/FFT/uf.869107.smt2: solved=False, runtime=1200.00s, PAR-2=2400.00s
[DEBUG] Processing 1589/2285: UF/sledgehammer/Fundamental_Theorem_Algebra/uf.1333196.smt2
[DEBUG] Predicted solver: iProver for benchmark UF/sledgehammer/Fundamental_Theorem_Algebra/uf.1333196.smt2
[DEBUG] Benchmark UF/sledgehammer/Fundamental_Theorem_Algebra/uf.1333196.smt2: solved=False, runtime=1200.00s, PAR-2=2400.00s
[DEBUG] Processing 1590/2285: UF/20170428-Barrett/cdt-cade2015/nada/afp/huffman/x2015_09_10_16_48_40_600_1130261.smt_in.smt2
[DEBUG] Predicted solver: iProver for benchmark UF/20170428-Barrett/cdt-cade2015/nada/afp/huffman/x2015_09_10_16_48_40_600_1130261.smt_in.smt2
[DEBUG] Benchmark UF/20170428-Barrett/cdt-cade2015/nada/afp/huffman/x2015_09_10_16_48_40_600_1130261.smt_in.smt2: solved=False, runtime=1200.00s, PAR-2=2400.00s
[DEBUG] Processing 1591/2285: UF/20170428-Barrett/cdt-cade2015/nada/distro/gram_lang/x2015_09_10_16_54_59_280_1506747.smt_in.smt2
[DEBUG] Predicted solver: Yices2 for benchmark UF/20170428-Barrett/cdt-cade2015/nada/distro/gram_lang/x2015_09_10_16_54_59_280_1506747.smt_in.smt2
[DEBUG] Benchmark UF/20170428-Barrett/cdt-cade2015/nada/distro/gram_lang/x2015_09_10_16_54_59_280_1506747.smt_in.smt2: solved=False, runtime=1200.00s, PAR-2=2400.00s
[DEBUG] Processing 1592/2285: UF/sledgehammer/FFT/uf.674484.smt2
[DEBUG] Predicted solver: iProver for benchmark UF/sledgehammer/FFT/uf.674484.smt2
[DEBUG] Benchmark UF/sledgehammer/FFT/uf.674484.smt2: solved=False, runtime=1200.00s, PAR-2=2400.00s
[DEBUG] Processing 1593/2285: UF/sledgehammer/Fundamental_Theorem_Algebra/smtlib.716997.smt2
[DEBUG] Predicted solver: iProver for benchmark UF/sledgehammer/Fundamental_Theorem_Algebra/smtlib.716997.smt2
[DEBUG] Benchmark UF/sledgehammer/Fundamental_Theorem_Algebra/smtlib.716997.smt2: solved=False, runtime=1200.00s, PAR-2=2400.00s
[DEBUG] Processing 1594/2285: UF/sledgehammer/Hoare/uf.822446.smt2
[DEBUG] Predicted solver: iProver for benchmark UF/sledgehammer/Hoare/uf.822446.smt2
[DEBUG] Benchmark UF/sledgehammer/Hoare/uf.822446.smt2: solved=False, runtime=1200.00s, PAR-2=2400.00s
[DEBUG] Processing 1595/2285: UF/sledgehammer/Fundamental_Theorem_Algebra/uf.1306846.smt2
[DEBUG] Predicted solver: iProver for benchmark UF/sledgehammer/Fundamental_Theorem_Algebra/uf.1306846.smt2
[DEBUG] Benchmark UF/sledgehammer/Fundamental_Theorem_Algebra/uf.1306846.smt2: solved=True, runtime=1.37s, PAR-2=1.37s
[DEBUG] Processing 1596/2285: UF/sledgehammer/TypeSafe/smtlib.1262603.smt2
[DEBUG] Predicted solver: iProver for benchmark UF/sledgehammer/TypeSafe/smtlib.1262603.smt2
[DEBUG] Benchmark UF/sledgehammer/TypeSafe/smtlib.1262603.smt2: solved=False, runtime=1200.00s, PAR-2=2400.00s
[DEBUG] Processing 1597/2285: UF/20190906-CLEARSY/0016/00769.smt2
[DEBUG] Predicted solver: Yices2 for benchmark UF/20190906-CLEARSY/0016/00769.smt2
[DEBUG] Benchmark UF/20190906-CLEARSY/0016/00769.smt2: solved=True, runtime=0.22s, PAR-2=0.22s
[DEBUG] Processing 1598/2285: UF/20170428-Barrett/cdt-cade2015/nada/gandl/cotree/x2015_09_10_16_50_45_438_1077294.smt_in.smt2
[DEBUG] Predicted solver: cvc5 for benchmark UF/20170428-Barrett/cdt-cade2015/nada/gandl/cotree/x2015_09_10_16_50_45_438_1077294.smt_in.smt2
[DEBUG] Benchmark UF/20170428-Barrett/cdt-cade2015/nada/gandl/cotree/x2015_09_10_16_50_45_438_1077294.smt_in.smt2: solved=False, runtime=1200.00s, PAR-2=2400.00s
[DEBUG] Processing 1599/2285: UF/20170428-Barrett/cdt-cade2015/nada/distro/rbt_impl/x2015_09_10_17_00_04_506_1961807.smt_in.smt2
[DEBUG] Predicted solver: Yices2 for benchmark UF/20170428-Barrett/cdt-cade2015/nada/distro/rbt_impl/x2015_09_10_17_00_04_506_1961807.smt_in.smt2
[DEBUG] Benchmark UF/20170428-Barrett/cdt-cade2015/nada/distro/rbt_impl/x2015_09_10_17_00_04_506_1961807.smt_in.smt2: solved=False, runtime=1200.00s, PAR-2=2400.00s
[DEBUG] Processing 1600/2285: UF/sledgehammer/Fundamental_Theorem_Algebra/uf.809759.smt2
[DEBUG] Predicted solver: Yices2 for benchmark UF/sledgehammer/Fundamental_Theorem_Algebra/uf.809759.smt2
[DEBUG] Benchmark UF/sledgehammer/Fundamental_Theorem_Algebra/uf.809759.smt2: solved=True, runtime=0.51s, PAR-2=0.51s
[DEBUG] Processing 1601/2285: UF/sledgehammer/TwoSquares/uf.630528.smt2
[DEBUG] Predicted solver: cvc5 for benchmark UF/sledgehammer/TwoSquares/uf.630528.smt2
[DEBUG] Benchmark UF/sledgehammer/TwoSquares/uf.630528.smt2: solved=False, runtime=1200.00s, PAR-2=2400.00s
[DEBUG] Processing 1602/2285: UF/sledgehammer/QEpres/uf.1087581.smt2
[DEBUG] Predicted solver: iProver for benchmark UF/sledgehammer/QEpres/uf.1087581.smt2
[DEBUG] Benchmark UF/sledgehammer/QEpres/uf.1087581.smt2: solved=True, runtime=0.84s, PAR-2=0.84s
[DEBUG] Processing 1603/2285: UF/sledgehammer/FFT/uf.631170.smt2
[DEBUG] Predicted solver: iProver for benchmark UF/sledgehammer/FFT/uf.631170.smt2
[DEBUG] Benchmark UF/sledgehammer/FFT/uf.631170.smt2: solved=False, runtime=1200.00s, PAR-2=2400.00s
[DEBUG] Processing 1604/2285: UF/20170428-Barrett/cdt-cade2015/nada/afp/hamming_stream/x2015_09_10_16_47_36_763_1068638.smt_in.smt2
[DEBUG] Predicted solver: Yices2 for benchmark UF/20170428-Barrett/cdt-cade2015/nada/afp/hamming_stream/x2015_09_10_16_47_36_763_1068638.smt_in.smt2
[DEBUG] Benchmark UF/20170428-Barrett/cdt-cade2015/nada/afp/hamming_stream/x2015_09_10_16_47_36_763_1068638.smt_in.smt2: solved=False, runtime=1200.00s, PAR-2=2400.00s
[DEBUG] Processing 1605/2285: UF/20170428-Barrett/cdt-cade2015/nada/afp/coinductive_list/x2015_09_10_17_06_35_103_2166796.smt_in.smt2
[DEBUG] Predicted solver: Yices2 for benchmark UF/20170428-Barrett/cdt-cade2015/nada/afp/coinductive_list/x2015_09_10_17_06_35_103_2166796.smt_in.smt2
[DEBUG] Benchmark UF/20170428-Barrett/cdt-cade2015/nada/afp/coinductive_list/x2015_09_10_17_06_35_103_2166796.smt_in.smt2: solved=True, runtime=0.22s, PAR-2=0.22s
[DEBUG] Processing 1606/2285: UF/sledgehammer/QEpres/uf.1116800.smt2
[DEBUG] Predicted solver: cvc5 for benchmark UF/sledgehammer/QEpres/uf.1116800.smt2
[DEBUG] Benchmark UF/sledgehammer/QEpres/uf.1116800.smt2: solved=False, runtime=1200.00s, PAR-2=2400.00s
[DEBUG] Processing 1607/2285: UF/sledgehammer/Arrow_Order/uf.810032.smt2
[DEBUG] Predicted solver: cvc5 for benchmark UF/sledgehammer/Arrow_Order/uf.810032.smt2
[DEBUG] Benchmark UF/sledgehammer/Arrow_Order/uf.810032.smt2: solved=True, runtime=146.45s, PAR-2=146.45s
[DEBUG] Processing 1608/2285: UF/sledgehammer/Arrow_Order/uf.558950.smt2
[DEBUG] Predicted solver: iProver for benchmark UF/sledgehammer/Arrow_Order/uf.558950.smt2
[DEBUG] Benchmark UF/sledgehammer/Arrow_Order/uf.558950.smt2: solved=True, runtime=0.86s, PAR-2=0.86s
[DEBUG] Processing 1609/2285: UF/sledgehammer/FFT/uf.719083.smt2
[DEBUG] Predicted solver: iProver for benchmark UF/sledgehammer/FFT/uf.719083.smt2
[DEBUG] Benchmark UF/sledgehammer/FFT/uf.719083.smt2: solved=False, runtime=1200.00s, PAR-2=2400.00s
[DEBUG] Processing 1610/2285: UF/sledgehammer/Hoare/uf.1055865.smt2
[DEBUG] Predicted solver: cvc5 for benchmark UF/sledgehammer/Hoare/uf.1055865.smt2
[DEBUG] Benchmark UF/sledgehammer/Hoare/uf.1055865.smt2: solved=False, runtime=1200.00s, PAR-2=2400.00s
[DEBUG] Processing 1611/2285: UF/20170428-Barrett/cdt-cade2015/nada/afp/coinductive_stream/x2015_09_10_17_22_27_599_1091446.smt_in.smt2
[DEBUG] Predicted solver: cvc5 for benchmark UF/20170428-Barrett/cdt-cade2015/nada/afp/coinductive_stream/x2015_09_10_17_22_27_599_1091446.smt_in.smt2
[DEBUG] Benchmark UF/20170428-Barrett/cdt-cade2015/nada/afp/coinductive_stream/x2015_09_10_17_22_27_599_1091446.smt_in.smt2: solved=True, runtime=391.08s, PAR-2=391.08s
[DEBUG] Processing 1612/2285: UF/20170428-Barrett/cdt-cade2015/nada/gandl/cotree/x2015_09_10_16_50_38_757_1068919.smt_in.smt2
[DEBUG] Predicted solver: cvc5 for benchmark UF/20170428-Barrett/cdt-cade2015/nada/gandl/cotree/x2015_09_10_16_50_38_757_1068919.smt_in.smt2
[DEBUG] Benchmark UF/20170428-Barrett/cdt-cade2015/nada/gandl/cotree/x2015_09_10_16_50_38_757_1068919.smt_in.smt2: solved=True, runtime=0.47s, PAR-2=0.47s
[DEBUG] Processing 1613/2285: UF/sledgehammer/TypeSafe/uf.968744.smt2
[DEBUG] Predicted solver: cvc5 for benchmark UF/sledgehammer/TypeSafe/uf.968744.smt2
[DEBUG] Benchmark UF/sledgehammer/TypeSafe/uf.968744.smt2: solved=True, runtime=106.46s, PAR-2=106.46s
[DEBUG] Processing 1614/2285: UF/sledgehammer/FFT/uf.706467.smt2
[DEBUG] Predicted solver: cvc5 for benchmark UF/sledgehammer/FFT/uf.706467.smt2
[DEBUG] Benchmark UF/sledgehammer/FFT/uf.706467.smt2: solved=False, runtime=1200.00s, PAR-2=2400.00s
[DEBUG] Processing 1615/2285: UF/20170428-Barrett/cdt-cade2015/nada/afp/huffman/x2015_09_10_16_50_35_287_1259792.smt_in.smt2
[DEBUG] Predicted solver: cvc5 for benchmark UF/20170428-Barrett/cdt-cade2015/nada/afp/huffman/x2015_09_10_16_50_35_287_1259792.smt_in.smt2
[DEBUG] Benchmark UF/20170428-Barrett/cdt-cade2015/nada/afp/huffman/x2015_09_10_16_50_35_287_1259792.smt_in.smt2: solved=True, runtime=0.64s, PAR-2=0.64s
[DEBUG] Processing 1616/2285: UF/sledgehammer/Fundamental_Theorem_Algebra/uf.1386495.smt2
[DEBUG] Predicted solver: cvc5 for benchmark UF/sledgehammer/Fundamental_Theorem_Algebra/uf.1386495.smt2
[DEBUG] Benchmark UF/sledgehammer/Fundamental_Theorem_Algebra/uf.1386495.smt2: solved=True, runtime=0.27s, PAR-2=0.27s
[DEBUG] Processing 1617/2285: UF/sledgehammer/Fundamental_Theorem_Algebra/uf.1218082.smt2
[DEBUG] Predicted solver: iProver for benchmark UF/sledgehammer/Fundamental_Theorem_Algebra/uf.1218082.smt2
[DEBUG] Benchmark UF/sledgehammer/Fundamental_Theorem_Algebra/uf.1218082.smt2: solved=True, runtime=239.53s, PAR-2=239.53s
[DEBUG] Processing 1618/2285: UF/sledgehammer/QEpres/uf.1009443.smt2
[DEBUG] Predicted solver: iProver for benchmark UF/sledgehammer/QEpres/uf.1009443.smt2
[DEBUG] Benchmark UF/sledgehammer/QEpres/uf.1009443.smt2: solved=False, runtime=1200.00s, PAR-2=2400.00s
[DEBUG] Processing 1619/2285: UF/sledgehammer/Fundamental_Theorem_Algebra/uf.727280.smt2
[DEBUG] Predicted solver: iProver for benchmark UF/sledgehammer/Fundamental_Theorem_Algebra/uf.727280.smt2
[DEBUG] Benchmark UF/sledgehammer/Fundamental_Theorem_Algebra/uf.727280.smt2: solved=False, runtime=1200.00s, PAR-2=2400.00s
[DEBUG] Processing 1620/2285: UF/sledgehammer/Fundamental_Theorem_Algebra/uf.969228.smt2
[DEBUG] Predicted solver: iProver for benchmark UF/sledgehammer/Fundamental_Theorem_Algebra/uf.969228.smt2
[DEBUG] Benchmark UF/sledgehammer/Fundamental_Theorem_Algebra/uf.969228.smt2: solved=True, runtime=1.41s, PAR-2=1.41s
[DEBUG] Processing 1621/2285: UF/sledgehammer/NS_Shared/uf.599001.smt2
[DEBUG] Predicted solver: cvc5 for benchmark UF/sledgehammer/NS_Shared/uf.599001.smt2
[DEBUG] Benchmark UF/sledgehammer/NS_Shared/uf.599001.smt2: solved=False, runtime=1200.00s, PAR-2=2400.00s
[DEBUG] Processing 1622/2285: UF/sledgehammer/QEpres/uf.787169.smt2
[DEBUG] Predicted solver: Yices2 for benchmark UF/sledgehammer/QEpres/uf.787169.smt2
[DEBUG] Benchmark UF/sledgehammer/QEpres/uf.787169.smt2: solved=False, runtime=1200.00s, PAR-2=2400.00s
[DEBUG] Processing 1623/2285: UF/sledgehammer/NS_Shared/smtlib.883352.smt2
[DEBUG] Predicted solver: iProver for benchmark UF/sledgehammer/NS_Shared/smtlib.883352.smt2
[DEBUG] Benchmark UF/sledgehammer/NS_Shared/smtlib.883352.smt2: solved=False, runtime=1200.00s, PAR-2=2400.00s
[DEBUG] Processing 1624/2285: UF/sledgehammer/QEpres/uf.799398.smt2
[DEBUG] Predicted solver: iProver for benchmark UF/sledgehammer/QEpres/uf.799398.smt2
[DEBUG] Benchmark UF/sledgehammer/QEpres/uf.799398.smt2: solved=False, runtime=1200.00s, PAR-2=2400.00s
[DEBUG] Processing 1625/2285: UF/sledgehammer/TwoSquares/uf.812258.smt2
[DEBUG] Predicted solver: iProver for benchmark UF/sledgehammer/TwoSquares/uf.812258.smt2
[DEBUG] Benchmark UF/sledgehammer/TwoSquares/uf.812258.smt2: solved=True, runtime=1.37s, PAR-2=1.37s
[DEBUG] Processing 1626/2285: UF/sledgehammer/FFT/uf.653570.smt2
[DEBUG] Predicted solver: cvc5 for benchmark UF/sledgehammer/FFT/uf.653570.smt2
[DEBUG] Benchmark UF/sledgehammer/FFT/uf.653570.smt2: solved=False, runtime=1200.00s, PAR-2=2400.00s
[DEBUG] Processing 1627/2285: UF/20170428-Barrett/cdt-cade2015/nada/distro/rbt_impl/x2015_09_10_16_51_42_659_1137578.smt_in.smt2
[DEBUG] Predicted solver: Yices2 for benchmark UF/20170428-Barrett/cdt-cade2015/nada/distro/rbt_impl/x2015_09_10_16_51_42_659_1137578.smt_in.smt2
[DEBUG] Benchmark UF/20170428-Barrett/cdt-cade2015/nada/distro/rbt_impl/x2015_09_10_16_51_42_659_1137578.smt_in.smt2: solved=True, runtime=6.12s, PAR-2=6.12s
[DEBUG] Processing 1628/2285: UF/20201221-induction-by-reflection-schoisswohl/reflectiveInductive/addMonoton-0.smt2
[DEBUG] Predicted solver: iProver for benchmark UF/20201221-induction-by-reflection-schoisswohl/reflectiveInductive/addMonoton-0.smt2
[DEBUG] Benchmark UF/20201221-induction-by-reflection-schoisswohl/reflectiveInductive/addMonoton-0.smt2: solved=False, runtime=1200.00s, PAR-2=2400.00s
[DEBUG] Processing 1629/2285: UF/sledgehammer/Fundamental_Theorem_Algebra/uf.842941.smt2
[DEBUG] Predicted solver: Yices2 for benchmark UF/sledgehammer/Fundamental_Theorem_Algebra/uf.842941.smt2
[DEBUG] Benchmark UF/sledgehammer/Fundamental_Theorem_Algebra/uf.842941.smt2: solved=False, runtime=1200.00s, PAR-2=2400.00s
[DEBUG] Processing 1630/2285: UF/20170428-Barrett/cdt-cade2015/nada/afp/coinductive_list/x2015_09_10_16_59_25_563_1611000.smt_in.smt2
[DEBUG] Predicted solver: cvc5 for benchmark UF/20170428-Barrett/cdt-cade2015/nada/afp/coinductive_list/x2015_09_10_16_59_25_563_1611000.smt_in.smt2
[DEBUG] Benchmark UF/20170428-Barrett/cdt-cade2015/nada/afp/coinductive_list/x2015_09_10_16_59_25_563_1611000.smt_in.smt2: solved=True, runtime=1.39s, PAR-2=1.39s
[DEBUG] Processing 1631/2285: UF/sledgehammer/TypeSafe/smtlib.1374907.smt2
[DEBUG] Predicted solver: cvc5 for benchmark UF/sledgehammer/TypeSafe/smtlib.1374907.smt2
[DEBUG] Benchmark UF/sledgehammer/TypeSafe/smtlib.1374907.smt2: solved=False, runtime=1200.00s, PAR-2=2400.00s
[DEBUG] Processing 1632/2285: UF/sledgehammer/Fundamental_Theorem_Algebra/uf.731041.smt2
[DEBUG] Predicted solver: iProver for benchmark UF/sledgehammer/Fundamental_Theorem_Algebra/uf.731041.smt2
[DEBUG] Benchmark UF/sledgehammer/Fundamental_Theorem_Algebra/uf.731041.smt2: solved=True, runtime=180.56s, PAR-2=180.56s
[DEBUG] Processing 1633/2285: UF/sledgehammer/Fundamental_Theorem_Algebra/uf.917482.smt2
[DEBUG] Predicted solver: cvc5 for benchmark UF/sledgehammer/Fundamental_Theorem_Algebra/uf.917482.smt2
[DEBUG] Benchmark UF/sledgehammer/Fundamental_Theorem_Algebra/uf.917482.smt2: solved=True, runtime=0.29s, PAR-2=0.29s
[DEBUG] Processing 1634/2285: UF/sledgehammer/QEpres/uf.976881.smt2
[DEBUG] Predicted solver: iProver for benchmark UF/sledgehammer/QEpres/uf.976881.smt2
[DEBUG] Benchmark UF/sledgehammer/QEpres/uf.976881.smt2: solved=False, runtime=1200.00s, PAR-2=2400.00s
[DEBUG] Processing 1635/2285: UF/20170428-Barrett/cdt-cade2015/nada/afp/coinductive_stream/x2015_09_10_17_23_43_048_1162912.smt_in.smt2
[DEBUG] Predicted solver: cvc5 for benchmark UF/20170428-Barrett/cdt-cade2015/nada/afp/coinductive_stream/x2015_09_10_17_23_43_048_1162912.smt_in.smt2
[DEBUG] Benchmark UF/20170428-Barrett/cdt-cade2015/nada/afp/coinductive_stream/x2015_09_10_17_23_43_048_1162912.smt_in.smt2: solved=False, runtime=1200.00s, PAR-2=2400.00s
[DEBUG] Processing 1636/2285: UF/sledgehammer/FFT/uf.676443.smt2
[DEBUG] Predicted solver: cvc5 for benchmark UF/sledgehammer/FFT/uf.676443.smt2
[DEBUG] Benchmark UF/sledgehammer/FFT/uf.676443.smt2: solved=False, runtime=1200.00s, PAR-2=2400.00s
[DEBUG] Processing 1637/2285: UF/sledgehammer/Fundamental_Theorem_Algebra/uf.962621.smt2
[DEBUG] Predicted solver: iProver for benchmark UF/sledgehammer/Fundamental_Theorem_Algebra/uf.962621.smt2
[DEBUG] Benchmark UF/sledgehammer/Fundamental_Theorem_Algebra/uf.962621.smt2: solved=False, runtime=1200.00s, PAR-2=2400.00s
[DEBUG] Processing 1638/2285: UF/20170428-Barrett/cdt-cade2015/nada/distro/gram_lang/x2015_09_10_16_53_54_292_1447222.smt_in.smt2
[DEBUG] Predicted solver: Yices2 for benchmark UF/20170428-Barrett/cdt-cade2015/nada/distro/gram_lang/x2015_09_10_16_53_54_292_1447222.smt_in.smt2
[DEBUG] Benchmark UF/20170428-Barrett/cdt-cade2015/nada/distro/gram_lang/x2015_09_10_16_53_54_292_1447222.smt_in.smt2: solved=True, runtime=0.45s, PAR-2=0.45s
[DEBUG] Processing 1639/2285: UF/sledgehammer/TypeSafe/uf.793278.smt2
[DEBUG] Predicted solver: Yices2 for benchmark UF/sledgehammer/TypeSafe/uf.793278.smt2
[DEBUG] Benchmark UF/sledgehammer/TypeSafe/uf.793278.smt2: solved=False, runtime=1200.00s, PAR-2=2400.00s
[DEBUG] Processing 1640/2285: UF/sledgehammer/TwoSquares/uf.686937.smt2
[DEBUG] Predicted solver: iProver for benchmark UF/sledgehammer/TwoSquares/uf.686937.smt2
[DEBUG] Benchmark UF/sledgehammer/TwoSquares/uf.686937.smt2: solved=True, runtime=0.89s, PAR-2=0.89s
[DEBUG] Processing 1641/2285: UF/sledgehammer/FFT/uf.844974.smt2
[DEBUG] Predicted solver: iProver for benchmark UF/sledgehammer/FFT/uf.844974.smt2
[DEBUG] Benchmark UF/sledgehammer/FFT/uf.844974.smt2: solved=False, runtime=1200.00s, PAR-2=2400.00s
[DEBUG] Processing 1642/2285: UF/20170428-Barrett/cdt-cade2015/nada/afp/hamming_stream/x2015_09_10_16_47_59_273_1086494.smt_in.smt2
[DEBUG] Predicted solver: cvc5 for benchmark UF/20170428-Barrett/cdt-cade2015/nada/afp/hamming_stream/x2015_09_10_16_47_59_273_1086494.smt_in.smt2
[DEBUG] Benchmark UF/20170428-Barrett/cdt-cade2015/nada/afp/hamming_stream/x2015_09_10_16_47_59_273_1086494.smt_in.smt2: solved=False, runtime=1200.00s, PAR-2=2400.00s
[DEBUG] Processing 1643/2285: UF/sledgehammer/Hoare/uf.710176.smt2
[DEBUG] Predicted solver: cvc5 for benchmark UF/sledgehammer/Hoare/uf.710176.smt2
[DEBUG] Benchmark UF/sledgehammer/Hoare/uf.710176.smt2: solved=True, runtime=0.38s, PAR-2=0.38s
[DEBUG] Processing 1644/2285: UF/sledgehammer/QEpres/uf.1152359.smt2
[DEBUG] Predicted solver: Yices2 for benchmark UF/sledgehammer/QEpres/uf.1152359.smt2
[DEBUG] Benchmark UF/sledgehammer/QEpres/uf.1152359.smt2: solved=False, runtime=1200.00s, PAR-2=2400.00s
[DEBUG] Processing 1645/2285: UF/20170428-Barrett/cdt-cade2015/nada/distro/gram_lang/x2015_09_10_16_55_16_560_1525673.smt_in.smt2
[DEBUG] Predicted solver: Yices2 for benchmark UF/20170428-Barrett/cdt-cade2015/nada/distro/gram_lang/x2015_09_10_16_55_16_560_1525673.smt_in.smt2
[DEBUG] Benchmark UF/20170428-Barrett/cdt-cade2015/nada/distro/gram_lang/x2015_09_10_16_55_16_560_1525673.smt_in.smt2: solved=False, runtime=1200.00s, PAR-2=2400.00s
[DEBUG] Processing 1646/2285: UF/20170428-Barrett/cdt-cade2015/nada/distro/rbt_impl/x2015_09_10_16_49_57_120_997152.smt_in.smt2
[DEBUG] Predicted solver: iProver for benchmark UF/20170428-Barrett/cdt-cade2015/nada/distro/rbt_impl/x2015_09_10_16_49_57_120_997152.smt_in.smt2
[DEBUG] Benchmark UF/20170428-Barrett/cdt-cade2015/nada/distro/rbt_impl/x2015_09_10_16_49_57_120_997152.smt_in.smt2: solved=False, runtime=1200.00s, PAR-2=2400.00s
[DEBUG] Processing 1647/2285: UF/sledgehammer/Arrow_Order/uf.848427.smt2
[DEBUG] Predicted solver: cvc5 for benchmark UF/sledgehammer/Arrow_Order/uf.848427.smt2
[DEBUG] Benchmark UF/sledgehammer/Arrow_Order/uf.848427.smt2: solved=False, runtime=1200.00s, PAR-2=2400.00s
[DEBUG] Processing 1648/2285: UF/sledgehammer/Arrow_Order/uf.788479.smt2
[DEBUG] Predicted solver: cvc5 for benchmark UF/sledgehammer/Arrow_Order/uf.788479.smt2
[DEBUG] Benchmark UF/sledgehammer/Arrow_Order/uf.788479.smt2: solved=False, runtime=1200.00s, PAR-2=2400.00s
[DEBUG] Processing 1649/2285: UF/sledgehammer/Arrow_Order/smtlib.623106.smt2
[DEBUG] Predicted solver: cvc5 for benchmark UF/sledgehammer/Arrow_Order/smtlib.623106.smt2
[DEBUG] Benchmark UF/sledgehammer/Arrow_Order/smtlib.623106.smt2: solved=False, runtime=1200.00s, PAR-2=2400.00s
[DEBUG] Processing 1650/2285: UF/20170428-Barrett/cdt-cade2015/nada/afp/coinductive_list/x2015_09_10_17_18_52_428_2853527.smt_in.smt2
[DEBUG] Predicted solver: cvc5 for benchmark UF/20170428-Barrett/cdt-cade2015/nada/afp/coinductive_list/x2015_09_10_17_18_52_428_2853527.smt_in.smt2
[DEBUG] Benchmark UF/20170428-Barrett/cdt-cade2015/nada/afp/coinductive_list/x2015_09_10_17_18_52_428_2853527.smt_in.smt2: solved=False, runtime=1200.00s, PAR-2=2400.00s
[DEBUG] Processing 1651/2285: UF/sledgehammer/Fundamental_Theorem_Algebra/uf.1421601.smt2
[DEBUG] Predicted solver: iProver for benchmark UF/sledgehammer/Fundamental_Theorem_Algebra/uf.1421601.smt2
[DEBUG] Benchmark UF/sledgehammer/Fundamental_Theorem_Algebra/uf.1421601.smt2: solved=False, runtime=1200.00s, PAR-2=2400.00s
[DEBUG] Processing 1652/2285: UF/sledgehammer/Hoare/uf.814641.smt2
[DEBUG] Predicted solver: iProver for benchmark UF/sledgehammer/Hoare/uf.814641.smt2
[DEBUG] Benchmark UF/sledgehammer/Hoare/uf.814641.smt2: solved=True, runtime=2.88s, PAR-2=2.88s
[DEBUG] Processing 1653/2285: UF/sledgehammer/TypeSafe/uf.758388.smt2
[DEBUG] Predicted solver: cvc5 for benchmark UF/sledgehammer/TypeSafe/uf.758388.smt2
[DEBUG] Benchmark UF/sledgehammer/TypeSafe/uf.758388.smt2: solved=False, runtime=1200.00s, PAR-2=2400.00s
[DEBUG] Processing 1654/2285: UF/20170428-Barrett/cdt-cade2015/nada/distro/rbt_impl/x2015_09_10_17_00_03_461_1960344.smt_in.smt2
[DEBUG] Predicted solver: cvc5 for benchmark UF/20170428-Barrett/cdt-cade2015/nada/distro/rbt_impl/x2015_09_10_17_00_03_461_1960344.smt_in.smt2
[DEBUG] Benchmark UF/20170428-Barrett/cdt-cade2015/nada/distro/rbt_impl/x2015_09_10_17_00_03_461_1960344.smt_in.smt2: solved=False, runtime=1200.00s, PAR-2=2400.00s
[DEBUG] Processing 1655/2285: UF/20170428-Barrett/cdt-cade2015/nada/distro/stream/x2015_09_10_16_47_30_867_1036798.smt_in.smt2
[DEBUG] Predicted solver: cvc5 for benchmark UF/20170428-Barrett/cdt-cade2015/nada/distro/stream/x2015_09_10_16_47_30_867_1036798.smt_in.smt2
[DEBUG] Benchmark UF/20170428-Barrett/cdt-cade2015/nada/distro/stream/x2015_09_10_16_47_30_867_1036798.smt_in.smt2: solved=False, runtime=1200.00s, PAR-2=2400.00s
[DEBUG] Processing 1656/2285: UF/20170428-Barrett/cdt-cade2015/nada/afp/abstract_completeness/x2015_09_10_17_01_00_441_1132634.smt_in.smt2
[DEBUG] Predicted solver: cvc5 for benchmark UF/20170428-Barrett/cdt-cade2015/nada/afp/abstract_completeness/x2015_09_10_17_01_00_441_1132634.smt_in.smt2
[DEBUG] Benchmark UF/20170428-Barrett/cdt-cade2015/nada/afp/abstract_completeness/x2015_09_10_17_01_00_441_1132634.smt_in.smt2: solved=True, runtime=0.40s, PAR-2=0.40s
[DEBUG] Processing 1657/2285: UF/sledgehammer/NS_Shared/smtlib.611354.smt2
[DEBUG] Predicted solver: iProver for benchmark UF/sledgehammer/NS_Shared/smtlib.611354.smt2
[DEBUG] Benchmark UF/sledgehammer/NS_Shared/smtlib.611354.smt2: solved=False, runtime=1200.00s, PAR-2=2400.00s
[DEBUG] Processing 1658/2285: UF/sledgehammer/Arrow_Order/uf.714038.smt2
[DEBUG] Predicted solver: Yices2 for benchmark UF/sledgehammer/Arrow_Order/uf.714038.smt2
[DEBUG] Benchmark UF/sledgehammer/Arrow_Order/uf.714038.smt2: solved=False, runtime=1200.00s, PAR-2=2400.00s
[DEBUG] Processing 1659/2285: UF/20170428-Barrett/cdt-cade2015/nada/distro/rbt_impl/x2015_09_10_16_51_33_488_1124777.smt_in.smt2
[DEBUG] Predicted solver: Yices2 for benchmark UF/20170428-Barrett/cdt-cade2015/nada/distro/rbt_impl/x2015_09_10_16_51_33_488_1124777.smt_in.smt2
[DEBUG] Benchmark UF/20170428-Barrett/cdt-cade2015/nada/distro/rbt_impl/x2015_09_10_16_51_33_488_1124777.smt_in.smt2: solved=False, runtime=1200.00s, PAR-2=2400.00s
[DEBUG] Processing 1660/2285: UF/sledgehammer/Hoare/uf.904235.smt2
[DEBUG] Predicted solver: iProver for benchmark UF/sledgehammer/Hoare/uf.904235.smt2
[DEBUG] Benchmark UF/sledgehammer/Hoare/uf.904235.smt2: solved=True, runtime=74.45s, PAR-2=74.45s
[DEBUG] Processing 1661/2285: UF/sledgehammer/Hoare/uf.725439.smt2
[DEBUG] Predicted solver: iProver for benchmark UF/sledgehammer/Hoare/uf.725439.smt2
[DEBUG] Benchmark UF/sledgehammer/Hoare/uf.725439.smt2: solved=False, runtime=1200.00s, PAR-2=2400.00s
[DEBUG] Processing 1662/2285: UF/20201221-induction-by-reflection-schoisswohl/reflectiveConjecture/contraposition-1.smt2
[DEBUG] Predicted solver: cvc5 for benchmark UF/20201221-induction-by-reflection-schoisswohl/reflectiveConjecture/contraposition-1.smt2
[DEBUG] Benchmark UF/20201221-induction-by-reflection-schoisswohl/reflectiveConjecture/contraposition-1.smt2: solved=True, runtime=0.24s, PAR-2=0.24s
[DEBUG] Processing 1663/2285: UF/20170428-Barrett/cdt-cade2015/nada/afp/hamming_stream/x2015_09_10_16_49_08_984_1138184.smt_in.smt2
[DEBUG] Predicted solver: iProver for benchmark UF/20170428-Barrett/cdt-cade2015/nada/afp/hamming_stream/x2015_09_10_16_49_08_984_1138184.smt_in.smt2
[DEBUG] Benchmark UF/20170428-Barrett/cdt-cade2015/nada/afp/hamming_stream/x2015_09_10_16_49_08_984_1138184.smt_in.smt2: solved=False, runtime=1200.00s, PAR-2=2400.00s
[DEBUG] Processing 1664/2285: UF/sledgehammer/StrongNorm/uf.758566.smt2
[DEBUG] Predicted solver: iProver for benchmark UF/sledgehammer/StrongNorm/uf.758566.smt2
[DEBUG] Benchmark UF/sledgehammer/StrongNorm/uf.758566.smt2: solved=False, runtime=1200.00s, PAR-2=2400.00s
[DEBUG] Processing 1665/2285: UF/20170428-Barrett/cdt-cade2015/nada/distro/gram_lang/x2015_09_10_16_53_45_327_1439539.smt_in.smt2
[DEBUG] Predicted solver: cvc5 for benchmark UF/20170428-Barrett/cdt-cade2015/nada/distro/gram_lang/x2015_09_10_16_53_45_327_1439539.smt_in.smt2
[DEBUG] Benchmark UF/20170428-Barrett/cdt-cade2015/nada/distro/gram_lang/x2015_09_10_16_53_45_327_1439539.smt_in.smt2: solved=False, runtime=1200.00s, PAR-2=2400.00s
[DEBUG] Processing 1666/2285: UF/sledgehammer/QEpres/uf.850857.smt2
[DEBUG] Predicted solver: Yices2 for benchmark UF/sledgehammer/QEpres/uf.850857.smt2
[DEBUG] Benchmark UF/sledgehammer/QEpres/uf.850857.smt2: solved=False, runtime=1200.00s, PAR-2=2400.00s
[DEBUG] Processing 1667/2285: UF/20170428-Barrett/cdt-cade2015/nada/distro/gram_lang/x2015_09_10_16_52_12_709_1352457.smt_in.smt2
[DEBUG] Predicted solver: Yices2 for benchmark UF/20170428-Barrett/cdt-cade2015/nada/distro/gram_lang/x2015_09_10_16_52_12_709_1352457.smt_in.smt2
[DEBUG] Benchmark UF/20170428-Barrett/cdt-cade2015/nada/distro/gram_lang/x2015_09_10_16_52_12_709_1352457.smt_in.smt2: solved=True, runtime=0.24s, PAR-2=0.24s
[DEBUG] Processing 1668/2285: UF/20170428-Barrett/cdt-cade2015/nada/gandl/cotree/x2015_09_10_16_50_32_377_1061137.smt_in.smt2
[DEBUG] Predicted solver: Yices2 for benchmark UF/20170428-Barrett/cdt-cade2015/nada/gandl/cotree/x2015_09_10_16_50_32_377_1061137.smt_in.smt2
[DEBUG] Benchmark UF/20170428-Barrett/cdt-cade2015/nada/gandl/cotree/x2015_09_10_16_50_32_377_1061137.smt_in.smt2: solved=False, runtime=1200.00s, PAR-2=2400.00s
[DEBUG] Processing 1669/2285: UF/20170428-Barrett/cdt-cade2015/nada/distro/gram_lang/x2015_09_10_16_46_31_593_1002807.smt_in.smt2
[DEBUG] Predicted solver: Yices2 for benchmark UF/20170428-Barrett/cdt-cade2015/nada/distro/gram_lang/x2015_09_10_16_46_31_593_1002807.smt_in.smt2
[DEBUG] Benchmark UF/20170428-Barrett/cdt-cade2015/nada/distro/gram_lang/x2015_09_10_16_46_31_593_1002807.smt_in.smt2: solved=False, runtime=1200.00s, PAR-2=2400.00s
[DEBUG] Processing 1670/2285: UF/sledgehammer/StrongNorm/uf.725915.smt2
[DEBUG] Predicted solver: Yices2 for benchmark UF/sledgehammer/StrongNorm/uf.725915.smt2
[DEBUG] Benchmark UF/sledgehammer/StrongNorm/uf.725915.smt2: solved=False, runtime=1200.00s, PAR-2=2400.00s
[DEBUG] Processing 1671/2285: UF/20170428-Barrett/cdt-cade2015/nada/afp/abstract_completeness/x2015_09_10_17_00_31_493_1099778.smt_in.smt2
[DEBUG] Predicted solver: cvc5 for benchmark UF/20170428-Barrett/cdt-cade2015/nada/afp/abstract_completeness/x2015_09_10_17_00_31_493_1099778.smt_in.smt2
[DEBUG] Benchmark UF/20170428-Barrett/cdt-cade2015/nada/afp/abstract_completeness/x2015_09_10_17_00_31_493_1099778.smt_in.smt2: solved=True, runtime=0.32s, PAR-2=0.32s
[DEBUG] Processing 1672/2285: UF/sledgehammer/QEpres/uf.757404.smt2
[DEBUG] Predicted solver: cvc5 for benchmark UF/sledgehammer/QEpres/uf.757404.smt2
[DEBUG] Benchmark UF/sledgehammer/QEpres/uf.757404.smt2: solved=True, runtime=593.91s, PAR-2=593.91s
[DEBUG] Processing 1673/2285: UF/sledgehammer/Fundamental_Theorem_Algebra/uf.566938.smt2
[DEBUG] Predicted solver: iProver for benchmark UF/sledgehammer/Fundamental_Theorem_Algebra/uf.566938.smt2
[DEBUG] Benchmark UF/sledgehammer/Fundamental_Theorem_Algebra/uf.566938.smt2: solved=False, runtime=1200.00s, PAR-2=2400.00s
[DEBUG] Processing 1674/2285: UF/sledgehammer/Hoare/uf.780666.smt2
[DEBUG] Predicted solver: iProver for benchmark UF/sledgehammer/Hoare/uf.780666.smt2
[DEBUG] Benchmark UF/sledgehammer/Hoare/uf.780666.smt2: solved=False, runtime=1200.00s, PAR-2=2400.00s
[DEBUG] Processing 1675/2285: UF/20170428-Barrett/cdt-cade2015/nada/distro/gram_lang/x2015_09_10_16_49_12_928_1182680.smt_in.smt2
[DEBUG] Predicted solver: Yices2 for benchmark UF/20170428-Barrett/cdt-cade2015/nada/distro/gram_lang/x2015_09_10_16_49_12_928_1182680.smt_in.smt2
[DEBUG] Benchmark UF/20170428-Barrett/cdt-cade2015/nada/distro/gram_lang/x2015_09_10_16_49_12_928_1182680.smt_in.smt2: solved=False, runtime=1200.00s, PAR-2=2400.00s
[DEBUG] Processing 1676/2285: UF/20190906-CLEARSY/0016/00649.smt2
[DEBUG] Predicted solver: Yices2 for benchmark UF/20190906-CLEARSY/0016/00649.smt2
[DEBUG] Benchmark UF/20190906-CLEARSY/0016/00649.smt2: solved=True, runtime=0.25s, PAR-2=0.25s
[DEBUG] Processing 1677/2285: UF/sledgehammer/Fundamental_Theorem_Algebra/uf.1330951.smt2
[DEBUG] Predicted solver: iProver for benchmark UF/sledgehammer/Fundamental_Theorem_Algebra/uf.1330951.smt2
[DEBUG] Benchmark UF/sledgehammer/Fundamental_Theorem_Algebra/uf.1330951.smt2: solved=False, runtime=1200.00s, PAR-2=2400.00s
[DEBUG] Processing 1678/2285: UF/misc/set9.smt2
[DEBUG] Predicted solver: iProver for benchmark UF/misc/set9.smt2
[DEBUG] Benchmark UF/misc/set9.smt2: solved=True, runtime=0.85s, PAR-2=0.85s
[DEBUG] Processing 1679/2285: UF/sledgehammer/TwoSquares/uf.612429.smt2
[DEBUG] Predicted solver: iProver for benchmark UF/sledgehammer/TwoSquares/uf.612429.smt2
[DEBUG] Benchmark UF/sledgehammer/TwoSquares/uf.612429.smt2: solved=False, runtime=1200.00s, PAR-2=2400.00s
[DEBUG] Processing 1680/2285: UF/sledgehammer/TypeSafe/uf.953935.smt2
[DEBUG] Predicted solver: iProver for benchmark UF/sledgehammer/TypeSafe/uf.953935.smt2
[DEBUG] Benchmark UF/sledgehammer/TypeSafe/uf.953935.smt2: solved=False, runtime=1200.00s, PAR-2=2400.00s
[DEBUG] Processing 1681/2285: UF/sledgehammer/Arrow_Order/smtlib.657312.smt2
[DEBUG] Predicted solver: cvc5 for benchmark UF/sledgehammer/Arrow_Order/smtlib.657312.smt2
[DEBUG] Benchmark UF/sledgehammer/Arrow_Order/smtlib.657312.smt2: solved=True, runtime=37.01s, PAR-2=37.01s
[DEBUG] Processing 1682/2285: UF/20190906-CLEARSY/0001/00111.smt2
[DEBUG] Predicted solver: cvc5 for benchmark UF/20190906-CLEARSY/0001/00111.smt2
[DEBUG] Benchmark UF/20190906-CLEARSY/0001/00111.smt2: solved=True, runtime=598.73s, PAR-2=598.73s
[DEBUG] Processing 1683/2285: UF/20170428-Barrett/cdt-cade2015/nada/distro/rbt_impl/x2015_09_10_16_56_27_474_1675117.smt_in.smt2
[DEBUG] Predicted solver: cvc5 for benchmark UF/20170428-Barrett/cdt-cade2015/nada/distro/rbt_impl/x2015_09_10_16_56_27_474_1675117.smt_in.smt2
[DEBUG] Benchmark UF/20170428-Barrett/cdt-cade2015/nada/distro/rbt_impl/x2015_09_10_16_56_27_474_1675117.smt_in.smt2: solved=True, runtime=120.73s, PAR-2=120.73s
[DEBUG] Processing 1684/2285: UF/sledgehammer/Fundamental_Theorem_Algebra/uf.966472.smt2
[DEBUG] Predicted solver: iProver for benchmark UF/sledgehammer/Fundamental_Theorem_Algebra/uf.966472.smt2
[DEBUG] Benchmark UF/sledgehammer/Fundamental_Theorem_Algebra/uf.966472.smt2: solved=False, runtime=1200.00s, PAR-2=2400.00s
[DEBUG] Processing 1685/2285: UF/sledgehammer/TypeSafe/uf.753917.smt2
[DEBUG] Predicted solver: cvc5 for benchmark UF/sledgehammer/TypeSafe/uf.753917.smt2
[DEBUG] Benchmark UF/sledgehammer/TypeSafe/uf.753917.smt2: solved=False, runtime=1200.00s, PAR-2=2400.00s
[DEBUG] Processing 1686/2285: UF/sledgehammer/TwoSquares/uf.633407.smt2
[DEBUG] Predicted solver: cvc5 for benchmark UF/sledgehammer/TwoSquares/uf.633407.smt2
[DEBUG] Benchmark UF/sledgehammer/TwoSquares/uf.633407.smt2: solved=False, runtime=1200.00s, PAR-2=2400.00s
[DEBUG] Processing 1687/2285: UF/20170428-Barrett/cdt-cade2015/nada/distro/parallel/x2015_09_10_16_56_45_135_1011428.smt_in.smt2
[DEBUG] Predicted solver: Yices2 for benchmark UF/20170428-Barrett/cdt-cade2015/nada/distro/parallel/x2015_09_10_16_56_45_135_1011428.smt_in.smt2
[DEBUG] Benchmark UF/20170428-Barrett/cdt-cade2015/nada/distro/parallel/x2015_09_10_16_56_45_135_1011428.smt_in.smt2: solved=False, runtime=1200.00s, PAR-2=2400.00s
[DEBUG] Processing 1688/2285: UF/sledgehammer/Fundamental_Theorem_Algebra/uf.1303561.smt2
[DEBUG] Predicted solver: iProver for benchmark UF/sledgehammer/Fundamental_Theorem_Algebra/uf.1303561.smt2
[DEBUG] Benchmark UF/sledgehammer/Fundamental_Theorem_Algebra/uf.1303561.smt2: solved=False, runtime=1200.00s, PAR-2=2400.00s
[DEBUG] Processing 1689/2285: UF/sledgehammer/Hoare/uf.783555.smt2
[DEBUG] Predicted solver: cvc5 for benchmark UF/sledgehammer/Hoare/uf.783555.smt2
[DEBUG] Benchmark UF/sledgehammer/Hoare/uf.783555.smt2: solved=True, runtime=7.97s, PAR-2=7.97s
[DEBUG] Processing 1690/2285: UF/sledgehammer/FFT/uf.679392.smt2
[DEBUG] Predicted solver: iProver for benchmark UF/sledgehammer/FFT/uf.679392.smt2
[DEBUG] Benchmark UF/sledgehammer/FFT/uf.679392.smt2: solved=False, runtime=1200.00s, PAR-2=2400.00s
[DEBUG] Processing 1691/2285: UF/20170428-Barrett/cdt-cade2015/nada/gandl/bird_tree/x2015_09_10_16_54_56_445_1039420.smt_in.smt2
[DEBUG] Predicted solver: cvc5 for benchmark UF/20170428-Barrett/cdt-cade2015/nada/gandl/bird_tree/x2015_09_10_16_54_56_445_1039420.smt_in.smt2
[DEBUG] Benchmark UF/20170428-Barrett/cdt-cade2015/nada/gandl/bird_tree/x2015_09_10_16_54_56_445_1039420.smt_in.smt2: solved=False, runtime=1200.00s, PAR-2=2400.00s
[DEBUG] Processing 1692/2285: UF/20170428-Barrett/cdt-cade2015/nada/afp/coinductive_list/x2015_09_10_17_04_48_441_2020466.smt_in.smt2
[DEBUG] Predicted solver: cvc5 for benchmark UF/20170428-Barrett/cdt-cade2015/nada/afp/coinductive_list/x2015_09_10_17_04_48_441_2020466.smt_in.smt2
[DEBUG] Benchmark UF/20170428-Barrett/cdt-cade2015/nada/afp/coinductive_list/x2015_09_10_17_04_48_441_2020466.smt_in.smt2: solved=False, runtime=1200.00s, PAR-2=2400.00s
[DEBUG] Processing 1693/2285: UF/sledgehammer/TypeSafe/uf.1003498.smt2
[DEBUG] Predicted solver: Yices2 for benchmark UF/sledgehammer/TypeSafe/uf.1003498.smt2
[DEBUG] Benchmark UF/sledgehammer/TypeSafe/uf.1003498.smt2: solved=False, runtime=1200.00s, PAR-2=2400.00s
[DEBUG] Processing 1694/2285: UF/20170428-Barrett/cdt-cade2015/nada/distro/rbt_impl/x2015_09_10_16_57_02_399_1739759.smt_in.smt2
[DEBUG] Predicted solver: cvc5 for benchmark UF/20170428-Barrett/cdt-cade2015/nada/distro/rbt_impl/x2015_09_10_16_57_02_399_1739759.smt_in.smt2
[DEBUG] Benchmark UF/20170428-Barrett/cdt-cade2015/nada/distro/rbt_impl/x2015_09_10_16_57_02_399_1739759.smt_in.smt2: solved=False, runtime=1200.00s, PAR-2=2400.00s
[DEBUG] Processing 1695/2285: UF/20170428-Barrett/cdt-cade2015/nada/afp/tllist/x2015_09_10_17_00_20_307_1342546.smt_in.smt2
[DEBUG] Predicted solver: Yices2 for benchmark UF/20170428-Barrett/cdt-cade2015/nada/afp/tllist/x2015_09_10_17_00_20_307_1342546.smt_in.smt2
[DEBUG] Benchmark UF/20170428-Barrett/cdt-cade2015/nada/afp/tllist/x2015_09_10_17_00_20_307_1342546.smt_in.smt2: solved=False, runtime=1200.00s, PAR-2=2400.00s
[DEBUG] Processing 1696/2285: UF/20170428-Barrett/cdt-cade2015/nada/distro/rbt_impl/x2015_09_10_16_51_01_077_1074455.smt_in.smt2
[DEBUG] Predicted solver: Yices2 for benchmark UF/20170428-Barrett/cdt-cade2015/nada/distro/rbt_impl/x2015_09_10_16_51_01_077_1074455.smt_in.smt2
[DEBUG] Benchmark UF/20170428-Barrett/cdt-cade2015/nada/distro/rbt_impl/x2015_09_10_16_51_01_077_1074455.smt_in.smt2: solved=False, runtime=1200.00s, PAR-2=2400.00s
[DEBUG] Processing 1697/2285: UF/20170428-Barrett/cdt-cade2015/nada/gandl/stern_brocot_tree/x2015_09_10_16_51_17_913_1051015.smt_in.smt2
[DEBUG] Predicted solver: Yices2 for benchmark UF/20170428-Barrett/cdt-cade2015/nada/gandl/stern_brocot_tree/x2015_09_10_16_51_17_913_1051015.smt_in.smt2
[DEBUG] Benchmark UF/20170428-Barrett/cdt-cade2015/nada/gandl/stern_brocot_tree/x2015_09_10_16_51_17_913_1051015.smt_in.smt2: solved=False, runtime=1200.00s, PAR-2=2400.00s
[DEBUG] Processing 1698/2285: UF/20170428-Barrett/cdt-cade2015/nada/afp/coinductive_list/x2015_09_10_17_06_45_689_2180424.smt_in.smt2
[DEBUG] Predicted solver: Yices2 for benchmark UF/20170428-Barrett/cdt-cade2015/nada/afp/coinductive_list/x2015_09_10_17_06_45_689_2180424.smt_in.smt2
[DEBUG] Benchmark UF/20170428-Barrett/cdt-cade2015/nada/afp/coinductive_list/x2015_09_10_17_06_45_689_2180424.smt_in.smt2: solved=False, runtime=1200.00s, PAR-2=2400.00s
[DEBUG] Processing 1699/2285: UF/20170428-Barrett/cdt-cade2015/nada/distro/gram_lang/x2015_09_10_16_55_21_695_1531241.smt_in.smt2
[DEBUG] Predicted solver: cvc5 for benchmark UF/20170428-Barrett/cdt-cade2015/nada/distro/gram_lang/x2015_09_10_16_55_21_695_1531241.smt_in.smt2
[DEBUG] Benchmark UF/20170428-Barrett/cdt-cade2015/nada/distro/gram_lang/x2015_09_10_16_55_21_695_1531241.smt_in.smt2: solved=False, runtime=1200.00s, PAR-2=2400.00s
[DEBUG] Processing 1700/2285: UF/20170428-Barrett/cdt-cade2015/nada/afp/coinductive_list/x2015_09_10_17_00_55_254_1709896.smt_in.smt2
[DEBUG] Predicted solver: Yices2 for benchmark UF/20170428-Barrett/cdt-cade2015/nada/afp/coinductive_list/x2015_09_10_17_00_55_254_1709896.smt_in.smt2
[DEBUG] Benchmark UF/20170428-Barrett/cdt-cade2015/nada/afp/coinductive_list/x2015_09_10_17_00_55_254_1709896.smt_in.smt2: solved=False, runtime=1200.00s, PAR-2=2400.00s
[DEBUG] Processing 1701/2285: UF/sledgehammer/FFT/uf.835477.smt2
[DEBUG] Predicted solver: iProver for benchmark UF/sledgehammer/FFT/uf.835477.smt2
[DEBUG] Benchmark UF/sledgehammer/FFT/uf.835477.smt2: solved=False, runtime=1200.00s, PAR-2=2400.00s
[DEBUG] Processing 1702/2285: UF/sledgehammer/StrongNorm/uf.727547.smt2
[DEBUG] Predicted solver: iProver for benchmark UF/sledgehammer/StrongNorm/uf.727547.smt2
[DEBUG] Benchmark UF/sledgehammer/StrongNorm/uf.727547.smt2: solved=True, runtime=0.83s, PAR-2=0.83s
[DEBUG] Processing 1703/2285: UF/20170428-Barrett/cdt-cade2015/nada/afp/coinductive_list/x2015_09_10_16_59_24_335_1609750.smt_in.smt2
[DEBUG] Predicted solver: cvc5 for benchmark UF/20170428-Barrett/cdt-cade2015/nada/afp/coinductive_list/x2015_09_10_16_59_24_335_1609750.smt_in.smt2
[DEBUG] Benchmark UF/20170428-Barrett/cdt-cade2015/nada/afp/coinductive_list/x2015_09_10_16_59_24_335_1609750.smt_in.smt2: solved=True, runtime=0.31s, PAR-2=0.31s
[DEBUG] Processing 1704/2285: UF/20170428-Barrett/cdt-cade2015/nada/afp/coinductive_list/x2015_09_10_17_02_45_227_1852044.smt_in.smt2
[DEBUG] Predicted solver: cvc5 for benchmark UF/20170428-Barrett/cdt-cade2015/nada/afp/coinductive_list/x2015_09_10_17_02_45_227_1852044.smt_in.smt2
[DEBUG] Benchmark UF/20170428-Barrett/cdt-cade2015/nada/afp/coinductive_list/x2015_09_10_17_02_45_227_1852044.smt_in.smt2: solved=False, runtime=1200.00s, PAR-2=2400.00s
[DEBUG] Processing 1705/2285: UF/sledgehammer/Fundamental_Theorem_Algebra/uf.805296.smt2
[DEBUG] Predicted solver: iProver for benchmark UF/sledgehammer/Fundamental_Theorem_Algebra/uf.805296.smt2
[DEBUG] Benchmark UF/sledgehammer/Fundamental_Theorem_Algebra/uf.805296.smt2: solved=True, runtime=0.85s, PAR-2=0.85s
[DEBUG] Processing 1706/2285: UF/20170428-Barrett/cdt-cade2015/nada/afp/coinductive_list/x2015_09_10_17_16_33_756_2771052.smt_in.smt2
[DEBUG] Predicted solver: cvc5 for benchmark UF/20170428-Barrett/cdt-cade2015/nada/afp/coinductive_list/x2015_09_10_17_16_33_756_2771052.smt_in.smt2
[DEBUG] Benchmark UF/20170428-Barrett/cdt-cade2015/nada/afp/coinductive_list/x2015_09_10_17_16_33_756_2771052.smt_in.smt2: solved=True, runtime=0.47s, PAR-2=0.47s
[DEBUG] Processing 1707/2285: UF/sledgehammer/FFT/uf.786539.smt2
[DEBUG] Predicted solver: iProver for benchmark UF/sledgehammer/FFT/uf.786539.smt2
[DEBUG] Benchmark UF/sledgehammer/FFT/uf.786539.smt2: solved=False, runtime=1200.00s, PAR-2=2400.00s
[DEBUG] Processing 1708/2285: UF/sledgehammer/TypeSafe/uf.900384.smt2
[DEBUG] Predicted solver: iProver for benchmark UF/sledgehammer/TypeSafe/uf.900384.smt2
[DEBUG] Benchmark UF/sledgehammer/TypeSafe/uf.900384.smt2: solved=False, runtime=1200.00s, PAR-2=2400.00s
[DEBUG] Processing 1709/2285: UF/sledgehammer/QEpres/uf.879757.smt2
[DEBUG] Predicted solver: cvc5 for benchmark UF/sledgehammer/QEpres/uf.879757.smt2
[DEBUG] Benchmark UF/sledgehammer/QEpres/uf.879757.smt2: solved=False, runtime=1200.00s, PAR-2=2400.00s
[DEBUG] Processing 1710/2285: UF/20170428-Barrett/cdt-cade2015/nada/gandl/stern_brocot_tree/x2015_09_10_16_51_51_040_1076427.smt_in.smt2
[DEBUG] Predicted solver: cvc5 for benchmark UF/20170428-Barrett/cdt-cade2015/nada/gandl/stern_brocot_tree/x2015_09_10_16_51_51_040_1076427.smt_in.smt2
[DEBUG] Benchmark UF/20170428-Barrett/cdt-cade2015/nada/gandl/stern_brocot_tree/x2015_09_10_16_51_51_040_1076427.smt_in.smt2: solved=False, runtime=1200.00s, PAR-2=2400.00s
[DEBUG] Processing 1711/2285: UF/sledgehammer/NS_Shared/uf.570833.smt2
[DEBUG] Predicted solver: iProver for benchmark UF/sledgehammer/NS_Shared/uf.570833.smt2
[DEBUG] Benchmark UF/sledgehammer/NS_Shared/uf.570833.smt2: solved=False, runtime=1200.00s, PAR-2=2400.00s
[DEBUG] Processing 1712/2285: UF/20170428-Barrett/cdt-cade2015/nada/distro/rbt_impl/x2015_09_10_16_59_33_904_1922037.smt_in.smt2
[DEBUG] Predicted solver: cvc5 for benchmark UF/20170428-Barrett/cdt-cade2015/nada/distro/rbt_impl/x2015_09_10_16_59_33_904_1922037.smt_in.smt2
[DEBUG] Benchmark UF/20170428-Barrett/cdt-cade2015/nada/distro/rbt_impl/x2015_09_10_16_59_33_904_1922037.smt_in.smt2: solved=False, runtime=1200.00s, PAR-2=2400.00s
[DEBUG] Processing 1713/2285: UF/sledgehammer/Fundamental_Theorem_Algebra/uf.633046.smt2
[DEBUG] Predicted solver: iProver for benchmark UF/sledgehammer/Fundamental_Theorem_Algebra/uf.633046.smt2
[DEBUG] Benchmark UF/sledgehammer/Fundamental_Theorem_Algebra/uf.633046.smt2: solved=False, runtime=1200.00s, PAR-2=2400.00s
[DEBUG] Processing 1714/2285: UF/20170428-Barrett/cdt-cade2015/nada/afp/coinductive_list/x2015_09_10_17_12_25_432_2628683.smt_in.smt2
[DEBUG] Predicted solver: cvc5 for benchmark UF/20170428-Barrett/cdt-cade2015/nada/afp/coinductive_list/x2015_09_10_17_12_25_432_2628683.smt_in.smt2
[DEBUG] Benchmark UF/20170428-Barrett/cdt-cade2015/nada/afp/coinductive_list/x2015_09_10_17_12_25_432_2628683.smt_in.smt2: solved=True, runtime=0.41s, PAR-2=0.41s
[DEBUG] Processing 1715/2285: UF/20170428-Barrett/cdt-cade2015/nada/afp/coinductive_list/x2015_09_10_17_10_44_659_2497660.smt_in.smt2
[DEBUG] Predicted solver: Yices2 for benchmark UF/20170428-Barrett/cdt-cade2015/nada/afp/coinductive_list/x2015_09_10_17_10_44_659_2497660.smt_in.smt2
[DEBUG] Benchmark UF/20170428-Barrett/cdt-cade2015/nada/afp/coinductive_list/x2015_09_10_17_10_44_659_2497660.smt_in.smt2: solved=False, runtime=1200.00s, PAR-2=2400.00s
[DEBUG] Processing 1716/2285: UF/sledgehammer/TypeSafe/uf.780360.smt2
[DEBUG] Predicted solver: Yices2 for benchmark UF/sledgehammer/TypeSafe/uf.780360.smt2
[DEBUG] Benchmark UF/sledgehammer/TypeSafe/uf.780360.smt2: solved=False, runtime=1200.00s, PAR-2=2400.00s
[DEBUG] Processing 1717/2285: UF/sledgehammer/QEpres/uf.982274.smt2
[DEBUG] Predicted solver: iProver for benchmark UF/sledgehammer/QEpres/uf.982274.smt2
[DEBUG] Benchmark UF/sledgehammer/QEpres/uf.982274.smt2: solved=True, runtime=0.87s, PAR-2=0.87s
[DEBUG] Processing 1718/2285: UF/sledgehammer/NS_Shared/smtlib.658812.smt2
[DEBUG] Predicted solver: iProver for benchmark UF/sledgehammer/NS_Shared/smtlib.658812.smt2
[DEBUG] Benchmark UF/sledgehammer/NS_Shared/smtlib.658812.smt2: solved=False, runtime=1200.00s, PAR-2=2400.00s
[DEBUG] Processing 1719/2285: UF/20170428-Barrett/cdt-cade2015/nada/distro/gram_lang/x2015_09_10_16_52_28_740_1368389.smt_in.smt2
[DEBUG] Predicted solver: cvc5 for benchmark UF/20170428-Barrett/cdt-cade2015/nada/distro/gram_lang/x2015_09_10_16_52_28_740_1368389.smt_in.smt2
[DEBUG] Benchmark UF/20170428-Barrett/cdt-cade2015/nada/distro/gram_lang/x2015_09_10_16_52_28_740_1368389.smt_in.smt2: solved=False, runtime=1200.00s, PAR-2=2400.00s
[DEBUG] Processing 1720/2285: UF/sledgehammer/Fundamental_Theorem_Algebra/uf.1040728.smt2
[DEBUG] Predicted solver: iProver for benchmark UF/sledgehammer/Fundamental_Theorem_Algebra/uf.1040728.smt2
[DEBUG] Benchmark UF/sledgehammer/Fundamental_Theorem_Algebra/uf.1040728.smt2: solved=False, runtime=1200.00s, PAR-2=2400.00s
[DEBUG] Processing 1721/2285: UF/20170428-Barrett/cdt-cade2015/nada/distro/rbt_impl/x2015_09_10_16_58_51_174_1854278.smt_in.smt2
[DEBUG] Predicted solver: Yices2 for benchmark UF/20170428-Barrett/cdt-cade2015/nada/distro/rbt_impl/x2015_09_10_16_58_51_174_1854278.smt_in.smt2
[DEBUG] Benchmark UF/20170428-Barrett/cdt-cade2015/nada/distro/rbt_impl/x2015_09_10_16_58_51_174_1854278.smt_in.smt2: solved=False, runtime=1200.00s, PAR-2=2400.00s
[DEBUG] Processing 1722/2285: UF/sledgehammer/QEpres/uf.752980.smt2
[DEBUG] Predicted solver: cvc5 for benchmark UF/sledgehammer/QEpres/uf.752980.smt2
[DEBUG] Benchmark UF/sledgehammer/QEpres/uf.752980.smt2: solved=False, runtime=1200.00s, PAR-2=2400.00s
[DEBUG] Processing 1723/2285: UF/20170428-Barrett/cdt-cade2015/nada/gandl/cotree/x2015_09_10_16_50_57_950_1094186.smt_in.smt2
[DEBUG] Predicted solver: cvc5 for benchmark UF/20170428-Barrett/cdt-cade2015/nada/gandl/cotree/x2015_09_10_16_50_57_950_1094186.smt_in.smt2
[DEBUG] Benchmark UF/20170428-Barrett/cdt-cade2015/nada/gandl/cotree/x2015_09_10_16_50_57_950_1094186.smt_in.smt2: solved=False, runtime=1200.00s, PAR-2=2400.00s
[DEBUG] Processing 1724/2285: UF/sledgehammer/NS_Shared/smtlib.732816.smt2
[DEBUG] Predicted solver: iProver for benchmark UF/sledgehammer/NS_Shared/smtlib.732816.smt2
[DEBUG] Benchmark UF/sledgehammer/NS_Shared/smtlib.732816.smt2: solved=False, runtime=1200.00s, PAR-2=2400.00s
[DEBUG] Processing 1725/2285: UF/20190906-CLEARSY/0023/00302.smt2
[DEBUG] Predicted solver: iProver for benchmark UF/20190906-CLEARSY/0023/00302.smt2
[DEBUG] Benchmark UF/20190906-CLEARSY/0023/00302.smt2: solved=True, runtime=4.38s, PAR-2=4.38s
[DEBUG] Processing 1726/2285: UF/sledgehammer/Fundamental_Theorem_Algebra/uf.687986.smt2
[DEBUG] Predicted solver: iProver for benchmark UF/sledgehammer/Fundamental_Theorem_Algebra/uf.687986.smt2
[DEBUG] Benchmark UF/sledgehammer/Fundamental_Theorem_Algebra/uf.687986.smt2: solved=True, runtime=0.85s, PAR-2=0.85s
[DEBUG] Processing 1727/2285: UF/20170428-Barrett/cdt-cade2015/nada/afp/abstract_completeness/x2015_09_10_17_00_59_244_1131248.smt_in.smt2
[DEBUG] Predicted solver: Yices2 for benchmark UF/20170428-Barrett/cdt-cade2015/nada/afp/abstract_completeness/x2015_09_10_17_00_59_244_1131248.smt_in.smt2
[DEBUG] Benchmark UF/20170428-Barrett/cdt-cade2015/nada/afp/abstract_completeness/x2015_09_10_17_00_59_244_1131248.smt_in.smt2: solved=False, runtime=1200.00s, PAR-2=2400.00s
[DEBUG] Processing 1728/2285: UF/sledgehammer/Fundamental_Theorem_Algebra/uf.1100041.smt2
[DEBUG] Predicted solver: cvc5 for benchmark UF/sledgehammer/Fundamental_Theorem_Algebra/uf.1100041.smt2
[DEBUG] Benchmark UF/sledgehammer/Fundamental_Theorem_Algebra/uf.1100041.smt2: solved=False, runtime=1200.00s, PAR-2=2400.00s
[DEBUG] Processing 1729/2285: UF/grasshopper/instantiated/rec_dispose_postcondition_of_rec_dispose_17_19.smt2
[DEBUG] Predicted solver: cvc5 for benchmark UF/grasshopper/instantiated/rec_dispose_postcondition_of_rec_dispose_17_19.smt2
[DEBUG] Benchmark UF/grasshopper/instantiated/rec_dispose_postcondition_of_rec_dispose_17_19.smt2: solved=True, runtime=0.31s, PAR-2=0.31s
[DEBUG] Processing 1730/2285: UF/20170428-Barrett/cdt-cade2015/nada/afp/coinductive_list/x2015_09_10_17_06_15_663_2137044.smt_in.smt2
[DEBUG] Predicted solver: cvc5 for benchmark UF/20170428-Barrett/cdt-cade2015/nada/afp/coinductive_list/x2015_09_10_17_06_15_663_2137044.smt_in.smt2
[DEBUG] Benchmark UF/20170428-Barrett/cdt-cade2015/nada/afp/coinductive_list/x2015_09_10_17_06_15_663_2137044.smt_in.smt2: solved=False, runtime=1200.00s, PAR-2=2400.00s
[DEBUG] Processing 1731/2285: UF/sledgehammer/QEpres/uf.822801.smt2
[DEBUG] Predicted solver: iProver for benchmark UF/sledgehammer/QEpres/uf.822801.smt2
[DEBUG] Benchmark UF/sledgehammer/QEpres/uf.822801.smt2: solved=False, runtime=1200.00s, PAR-2=2400.00s
[DEBUG] Processing 1732/2285: UF/20170428-Barrett/cdt-cade2015/nada/afp/coinductive_stream/x2015_09_10_17_22_37_160_1099325.smt_in.smt2
[DEBUG] Predicted solver: cvc5 for benchmark UF/20170428-Barrett/cdt-cade2015/nada/afp/coinductive_stream/x2015_09_10_17_22_37_160_1099325.smt_in.smt2
[DEBUG] Benchmark UF/20170428-Barrett/cdt-cade2015/nada/afp/coinductive_stream/x2015_09_10_17_22_37_160_1099325.smt_in.smt2: solved=False, runtime=1200.00s, PAR-2=2400.00s
[DEBUG] Processing 1733/2285: UF/20170428-Barrett/cdt-cade2015/nada/gandl/cotree/x2015_09_10_16_50_54_020_1089156.smt_in.smt2
[DEBUG] Predicted solver: cvc5 for benchmark UF/20170428-Barrett/cdt-cade2015/nada/gandl/cotree/x2015_09_10_16_50_54_020_1089156.smt_in.smt2
[DEBUG] Benchmark UF/20170428-Barrett/cdt-cade2015/nada/gandl/cotree/x2015_09_10_16_50_54_020_1089156.smt_in.smt2: solved=False, runtime=1200.00s, PAR-2=2400.00s
[DEBUG] Processing 1734/2285: UF/sledgehammer/QEpres/uf.1153860.smt2
[DEBUG] Predicted solver: iProver for benchmark UF/sledgehammer/QEpres/uf.1153860.smt2
[DEBUG] Benchmark UF/sledgehammer/QEpres/uf.1153860.smt2: solved=False, runtime=1200.00s, PAR-2=2400.00s
[DEBUG] Processing 1735/2285: UF/grasshopper/uninstantiated/rec_insert_postcondition_of_rec_insert_25_6.smt2
[DEBUG] Predicted solver: iProver for benchmark UF/grasshopper/uninstantiated/rec_insert_postcondition_of_rec_insert_25_6.smt2
[DEBUG] Benchmark UF/grasshopper/uninstantiated/rec_insert_postcondition_of_rec_insert_25_6.smt2: solved=True, runtime=0.84s, PAR-2=0.84s
[DEBUG] Processing 1736/2285: UF/sledgehammer/QEpres/uf.877562.smt2
[DEBUG] Predicted solver: iProver for benchmark UF/sledgehammer/QEpres/uf.877562.smt2
[DEBUG] Benchmark UF/sledgehammer/QEpres/uf.877562.smt2: solved=False, runtime=1200.00s, PAR-2=2400.00s
[DEBUG] Processing 1737/2285: UF/20170428-Barrett/cdt-cade2015/nada/distro/gram_lang/x2015_09_10_16_47_03_815_1038437.smt_in.smt2
[DEBUG] Predicted solver: cvc5 for benchmark UF/20170428-Barrett/cdt-cade2015/nada/distro/gram_lang/x2015_09_10_16_47_03_815_1038437.smt_in.smt2
[DEBUG] Benchmark UF/20170428-Barrett/cdt-cade2015/nada/distro/gram_lang/x2015_09_10_16_47_03_815_1038437.smt_in.smt2: solved=False, runtime=1200.00s, PAR-2=2400.00s
[DEBUG] Processing 1738/2285: UF/sledgehammer/TwoSquares/uf.688127.smt2
[DEBUG] Predicted solver: iProver for benchmark UF/sledgehammer/TwoSquares/uf.688127.smt2
[DEBUG] Benchmark UF/sledgehammer/TwoSquares/uf.688127.smt2: solved=False, runtime=1200.00s, PAR-2=2400.00s
[DEBUG] Processing 1739/2285: UF/20170428-Barrett/cdt-cade2015/nada/afp/coinductive_list/x2015_09_10_16_55_57_150_1428229.smt_in.smt2
[DEBUG] Predicted solver: Yices2 for benchmark UF/20170428-Barrett/cdt-cade2015/nada/afp/coinductive_list/x2015_09_10_16_55_57_150_1428229.smt_in.smt2
[DEBUG] Benchmark UF/20170428-Barrett/cdt-cade2015/nada/afp/coinductive_list/x2015_09_10_16_55_57_150_1428229.smt_in.smt2: solved=False, runtime=1200.00s, PAR-2=2400.00s
[DEBUG] Processing 1740/2285: UF/sledgehammer/Fundamental_Theorem_Algebra/uf.837627.smt2
[DEBUG] Predicted solver: iProver for benchmark UF/sledgehammer/Fundamental_Theorem_Algebra/uf.837627.smt2
[DEBUG] Benchmark UF/sledgehammer/Fundamental_Theorem_Algebra/uf.837627.smt2: solved=True, runtime=1.36s, PAR-2=1.36s
[DEBUG] Processing 1741/2285: UF/sledgehammer/Fundamental_Theorem_Algebra/uf.908647.smt2
[DEBUG] Predicted solver: iProver for benchmark UF/sledgehammer/Fundamental_Theorem_Algebra/uf.908647.smt2
[DEBUG] Benchmark UF/sledgehammer/Fundamental_Theorem_Algebra/uf.908647.smt2: solved=False, runtime=1200.00s, PAR-2=2400.00s
[DEBUG] Processing 1742/2285: UF/20170428-Barrett/cdt-cade2015/nada/afp/tllist/x2015_09_10_16_59_14_364_1260856.smt_in.smt2
[DEBUG] Predicted solver: Yices2 for benchmark UF/20170428-Barrett/cdt-cade2015/nada/afp/tllist/x2015_09_10_16_59_14_364_1260856.smt_in.smt2
[DEBUG] Benchmark UF/20170428-Barrett/cdt-cade2015/nada/afp/tllist/x2015_09_10_16_59_14_364_1260856.smt_in.smt2: solved=False, runtime=1200.00s, PAR-2=2400.00s
[DEBUG] Processing 1743/2285: UF/sledgehammer/TwoSquares/uf.775859.smt2
[DEBUG] Predicted solver: iProver for benchmark UF/sledgehammer/TwoSquares/uf.775859.smt2
[DEBUG] Benchmark UF/sledgehammer/TwoSquares/uf.775859.smt2: solved=False, runtime=1200.00s, PAR-2=2400.00s
[DEBUG] Processing 1744/2285: UF/sledgehammer/Arrow_Order/uf.734845.smt2
[DEBUG] Predicted solver: cvc5 for benchmark UF/sledgehammer/Arrow_Order/uf.734845.smt2
[DEBUG] Benchmark UF/sledgehammer/Arrow_Order/uf.734845.smt2: solved=True, runtime=0.47s, PAR-2=0.47s
[DEBUG] Processing 1745/2285: UF/20170428-Barrett/cdt-cade2015/nada/distro/stream/x2015_09_10_16_46_52_587_993366.smt_in.smt2
[DEBUG] Predicted solver: Yices2 for benchmark UF/20170428-Barrett/cdt-cade2015/nada/distro/stream/x2015_09_10_16_46_52_587_993366.smt_in.smt2
[DEBUG] Benchmark UF/20170428-Barrett/cdt-cade2015/nada/distro/stream/x2015_09_10_16_46_52_587_993366.smt_in.smt2: solved=False, runtime=1200.00s, PAR-2=2400.00s
[DEBUG] Processing 1746/2285: UF/20170428-Barrett/cdt-cade2015/nada/distro/rbt_impl/x2015_09_10_16_54_41_984_1451140.smt_in.smt2
[DEBUG] Predicted solver: cvc5 for benchmark UF/20170428-Barrett/cdt-cade2015/nada/distro/rbt_impl/x2015_09_10_16_54_41_984_1451140.smt_in.smt2
[DEBUG] Benchmark UF/20170428-Barrett/cdt-cade2015/nada/distro/rbt_impl/x2015_09_10_16_54_41_984_1451140.smt_in.smt2: solved=False, runtime=1200.00s, PAR-2=2400.00s
[DEBUG] Processing 1747/2285: UF/sledgehammer/FFT/uf.835270.smt2
[DEBUG] Predicted solver: iProver for benchmark UF/sledgehammer/FFT/uf.835270.smt2
[DEBUG] Benchmark UF/sledgehammer/FFT/uf.835270.smt2: solved=False, runtime=1200.00s, PAR-2=2400.00s
[DEBUG] Processing 1748/2285: UF/sledgehammer/Arrow_Order/uf.764935.smt2
[DEBUG] Predicted solver: Yices2 for benchmark UF/sledgehammer/Arrow_Order/uf.764935.smt2
[DEBUG] Benchmark UF/sledgehammer/Arrow_Order/uf.764935.smt2: solved=True, runtime=226.35s, PAR-2=226.35s
[DEBUG] Processing 1749/2285: UF/sledgehammer/Hoare/uf.1067340.smt2
[DEBUG] Predicted solver: iProver for benchmark UF/sledgehammer/Hoare/uf.1067340.smt2
[DEBUG] Benchmark UF/sledgehammer/Hoare/uf.1067340.smt2: solved=False, runtime=1200.00s, PAR-2=2400.00s
[DEBUG] Processing 1750/2285: UF/sledgehammer/StrongNorm/uf.823014.smt2
[DEBUG] Predicted solver: cvc5 for benchmark UF/sledgehammer/StrongNorm/uf.823014.smt2
[DEBUG] Benchmark UF/sledgehammer/StrongNorm/uf.823014.smt2: solved=True, runtime=0.37s, PAR-2=0.37s
[DEBUG] Processing 1751/2285: UF/20170428-Barrett/cdt-cade2015/nada/afp/sorted_list_operations/x2015_09_10_16_47_30_525_1056461.smt_in.smt2
[DEBUG] Predicted solver: cvc5 for benchmark UF/20170428-Barrett/cdt-cade2015/nada/afp/sorted_list_operations/x2015_09_10_16_47_30_525_1056461.smt_in.smt2
[DEBUG] Benchmark UF/20170428-Barrett/cdt-cade2015/nada/afp/sorted_list_operations/x2015_09_10_16_47_30_525_1056461.smt_in.smt2: solved=False, runtime=1200.00s, PAR-2=2400.00s
[DEBUG] Processing 1752/2285: UF/20170428-Barrett/cdt-cade2015/nada/distro/stream/x2015_09_10_16_46_47_051_985602.smt_in.smt2
[DEBUG] Predicted solver: cvc5 for benchmark UF/20170428-Barrett/cdt-cade2015/nada/distro/stream/x2015_09_10_16_46_47_051_985602.smt_in.smt2
[DEBUG] Benchmark UF/20170428-Barrett/cdt-cade2015/nada/distro/stream/x2015_09_10_16_46_47_051_985602.smt_in.smt2: solved=False, runtime=1200.00s, PAR-2=2400.00s
[DEBUG] Processing 1753/2285: UF/sledgehammer/TwoSquares/uf.688824.smt2
[DEBUG] Predicted solver: iProver for benchmark UF/sledgehammer/TwoSquares/uf.688824.smt2
[DEBUG] Benchmark UF/sledgehammer/TwoSquares/uf.688824.smt2: solved=False, runtime=1200.00s, PAR-2=2400.00s
[DEBUG] Processing 1754/2285: UF/20170428-Barrett/cdt-cade2015/nada/distro/gram_lang/x2015_09_10_16_55_15_493_1524355.smt_in.smt2
[DEBUG] Predicted solver: Yices2 for benchmark UF/20170428-Barrett/cdt-cade2015/nada/distro/gram_lang/x2015_09_10_16_55_15_493_1524355.smt_in.smt2
[DEBUG] Benchmark UF/20170428-Barrett/cdt-cade2015/nada/distro/gram_lang/x2015_09_10_16_55_15_493_1524355.smt_in.smt2: solved=False, runtime=1200.00s, PAR-2=2400.00s
[DEBUG] Processing 1755/2285: UF/20170428-Barrett/cdt-cade2015/nada/afp/huffman/x2015_09_10_16_46_18_382_977541.smt_in.smt2
[DEBUG] Predicted solver: Yices2 for benchmark UF/20170428-Barrett/cdt-cade2015/nada/afp/huffman/x2015_09_10_16_46_18_382_977541.smt_in.smt2
[DEBUG] Benchmark UF/20170428-Barrett/cdt-cade2015/nada/afp/huffman/x2015_09_10_16_46_18_382_977541.smt_in.smt2: solved=False, runtime=1200.00s, PAR-2=2400.00s
[DEBUG] Processing 1756/2285: UF/sledgehammer/TypeSafe/smtlib.1261936.smt2
[DEBUG] Predicted solver: iProver for benchmark UF/sledgehammer/TypeSafe/smtlib.1261936.smt2
[DEBUG] Benchmark UF/sledgehammer/TypeSafe/smtlib.1261936.smt2: solved=False, runtime=1200.00s, PAR-2=2400.00s
[DEBUG] Processing 1757/2285: UF/20170428-Barrett/cdt-cade2015/nada/gandl/stern_brocot_tree/x2015_09_10_16_53_45_009_1183314.smt_in.smt2
[DEBUG] Predicted solver: cvc5 for benchmark UF/20170428-Barrett/cdt-cade2015/nada/gandl/stern_brocot_tree/x2015_09_10_16_53_45_009_1183314.smt_in.smt2
[DEBUG] Benchmark UF/20170428-Barrett/cdt-cade2015/nada/gandl/stern_brocot_tree/x2015_09_10_16_53_45_009_1183314.smt_in.smt2: solved=False, runtime=1200.00s, PAR-2=2400.00s
[DEBUG] Processing 1758/2285: UF/20170428-Barrett/cdt-cade2015/nada/distro/rbt_impl/x2015_09_10_16_57_30_300_1767458.smt_in.smt2
[DEBUG] Predicted solver: iProver for benchmark UF/20170428-Barrett/cdt-cade2015/nada/distro/rbt_impl/x2015_09_10_16_57_30_300_1767458.smt_in.smt2
[DEBUG] Benchmark UF/20170428-Barrett/cdt-cade2015/nada/distro/rbt_impl/x2015_09_10_16_57_30_300_1767458.smt_in.smt2: solved=False, runtime=1200.00s, PAR-2=2400.00s
[DEBUG] Processing 1759/2285: UF/sledgehammer/TwoSquares/uf.639132.smt2
[DEBUG] Predicted solver: iProver for benchmark UF/sledgehammer/TwoSquares/uf.639132.smt2
[DEBUG] Benchmark UF/sledgehammer/TwoSquares/uf.639132.smt2: solved=True, runtime=2.41s, PAR-2=2.41s
[DEBUG] Processing 1760/2285: UF/20170428-Barrett/cdt-cade2015/nada/afp/coinductive_list/x2015_09_10_16_58_06_505_1540327.smt_in.smt2
[DEBUG] Predicted solver: cvc5 for benchmark UF/20170428-Barrett/cdt-cade2015/nada/afp/coinductive_list/x2015_09_10_16_58_06_505_1540327.smt_in.smt2
[DEBUG] Benchmark UF/20170428-Barrett/cdt-cade2015/nada/afp/coinductive_list/x2015_09_10_16_58_06_505_1540327.smt_in.smt2: solved=False, runtime=1200.00s, PAR-2=2400.00s
[DEBUG] Processing 1761/2285: UF/20190906-CLEARSY/0016/00980.smt2
[DEBUG] Predicted solver: SMTInterpol for benchmark UF/20190906-CLEARSY/0016/00980.smt2
[DEBUG] Benchmark UF/20190906-CLEARSY/0016/00980.smt2: solved=True, runtime=0.65s, PAR-2=0.65s
[DEBUG] Processing 1762/2285: UF/sledgehammer/Fundamental_Theorem_Algebra/uf.819830.smt2
[DEBUG] Predicted solver: Yices2 for benchmark UF/sledgehammer/Fundamental_Theorem_Algebra/uf.819830.smt2
[DEBUG] Benchmark UF/sledgehammer/Fundamental_Theorem_Algebra/uf.819830.smt2: solved=True, runtime=258.33s, PAR-2=258.33s
[DEBUG] Processing 1763/2285: UF/sledgehammer/QEpres/uf.944364.smt2
[DEBUG] Predicted solver: Yices2 for benchmark UF/sledgehammer/QEpres/uf.944364.smt2
[DEBUG] Benchmark UF/sledgehammer/QEpres/uf.944364.smt2: solved=True, runtime=0.40s, PAR-2=0.40s
[DEBUG] Processing 1764/2285: UF/sledgehammer/Arrow_Order/uf.730871.smt2
[DEBUG] Predicted solver: Yices2 for benchmark UF/sledgehammer/Arrow_Order/uf.730871.smt2
[DEBUG] Benchmark UF/sledgehammer/Arrow_Order/uf.730871.smt2: solved=True, runtime=0.24s, PAR-2=0.24s
[DEBUG] Processing 1765/2285: UF/sledgehammer/TypeSafe/smtlib.1034053.smt2
[DEBUG] Predicted solver: cvc5 for benchmark UF/sledgehammer/TypeSafe/smtlib.1034053.smt2
[DEBUG] Benchmark UF/sledgehammer/TypeSafe/smtlib.1034053.smt2: solved=False, runtime=1200.00s, PAR-2=2400.00s
[DEBUG] Processing 1766/2285: UF/sledgehammer/StrongNorm/uf.573662.smt2
[DEBUG] Predicted solver: iProver for benchmark UF/sledgehammer/StrongNorm/uf.573662.smt2
[DEBUG] Benchmark UF/sledgehammer/StrongNorm/uf.573662.smt2: solved=False, runtime=1200.00s, PAR-2=2400.00s
[DEBUG] Processing 1767/2285: UF/sledgehammer/Arrow_Order/uf.851581.smt2
[DEBUG] Predicted solver: cvc5 for benchmark UF/sledgehammer/Arrow_Order/uf.851581.smt2
[DEBUG] Benchmark UF/sledgehammer/Arrow_Order/uf.851581.smt2: solved=True, runtime=5.68s, PAR-2=5.68s
[DEBUG] Processing 1768/2285: UF/sledgehammer/FFT/uf.795856.smt2
[DEBUG] Predicted solver: iProver for benchmark UF/sledgehammer/FFT/uf.795856.smt2
[DEBUG] Benchmark UF/sledgehammer/FFT/uf.795856.smt2: solved=False, runtime=1200.00s, PAR-2=2400.00s
[DEBUG] Processing 1769/2285: UF/20170428-Barrett/cdt-cade2015/nada/afp/coinductive_list/x2015_09_10_17_17_40_223_2807219.smt_in.smt2
[DEBUG] Predicted solver: cvc5 for benchmark UF/20170428-Barrett/cdt-cade2015/nada/afp/coinductive_list/x2015_09_10_17_17_40_223_2807219.smt_in.smt2
[DEBUG] Benchmark UF/20170428-Barrett/cdt-cade2015/nada/afp/coinductive_list/x2015_09_10_17_17_40_223_2807219.smt_in.smt2: solved=True, runtime=480.97s, PAR-2=480.97s
[DEBUG] Processing 1770/2285: UF/20170428-Barrett/cdt-cade2015/nada/afp/coinductive_list/x2015_09_10_16_57_54_637_1528482.smt_in.smt2
[DEBUG] Predicted solver: Yices2 for benchmark UF/20170428-Barrett/cdt-cade2015/nada/afp/coinductive_list/x2015_09_10_16_57_54_637_1528482.smt_in.smt2
[DEBUG] Benchmark UF/20170428-Barrett/cdt-cade2015/nada/afp/coinductive_list/x2015_09_10_16_57_54_637_1528482.smt_in.smt2: solved=False, runtime=1200.00s, PAR-2=2400.00s
[DEBUG] Processing 1771/2285: UF/sledgehammer/Arrow_Order/smtlib.663277.smt2
[DEBUG] Predicted solver: cvc5 for benchmark UF/sledgehammer/Arrow_Order/smtlib.663277.smt2
[DEBUG] Benchmark UF/sledgehammer/Arrow_Order/smtlib.663277.smt2: solved=True, runtime=0.59s, PAR-2=0.59s
[DEBUG] Processing 1772/2285: UF/sledgehammer/Fundamental_Theorem_Algebra/uf.675232.smt2
[DEBUG] Predicted solver: Yices2 for benchmark UF/sledgehammer/Fundamental_Theorem_Algebra/uf.675232.smt2
[DEBUG] Benchmark UF/sledgehammer/Fundamental_Theorem_Algebra/uf.675232.smt2: solved=True, runtime=0.23s, PAR-2=0.23s
[DEBUG] Processing 1773/2285: UF/sledgehammer/Fundamental_Theorem_Algebra/uf.1058601.smt2
[DEBUG] Predicted solver: iProver for benchmark UF/sledgehammer/Fundamental_Theorem_Algebra/uf.1058601.smt2
[DEBUG] Benchmark UF/sledgehammer/Fundamental_Theorem_Algebra/uf.1058601.smt2: solved=False, runtime=1200.00s, PAR-2=2400.00s
[DEBUG] Processing 1774/2285: UF/20170428-Barrett/cdt-cade2015/nada/gandl/bird_tree/x2015_09_10_16_55_02_399_1044942.smt_in.smt2
[DEBUG] Predicted solver: cvc5 for benchmark UF/20170428-Barrett/cdt-cade2015/nada/gandl/bird_tree/x2015_09_10_16_55_02_399_1044942.smt_in.smt2
[DEBUG] Benchmark UF/20170428-Barrett/cdt-cade2015/nada/gandl/bird_tree/x2015_09_10_16_55_02_399_1044942.smt_in.smt2: solved=False, runtime=1200.00s, PAR-2=2400.00s
[DEBUG] Processing 1775/2285: UF/sledgehammer/Arrow_Order/uf.789846.smt2
[DEBUG] Predicted solver: iProver for benchmark UF/sledgehammer/Arrow_Order/uf.789846.smt2
[DEBUG] Benchmark UF/sledgehammer/Arrow_Order/uf.789846.smt2: solved=True, runtime=176.48s, PAR-2=176.48s
[DEBUG] Processing 1776/2285: UF/20170428-Barrett/cdt-cade2015/nada/afp/sorted_list_operations/x2015_09_10_16_47_35_860_1061626.smt_in.smt2
[DEBUG] Predicted solver: cvc5 for benchmark UF/20170428-Barrett/cdt-cade2015/nada/afp/sorted_list_operations/x2015_09_10_16_47_35_860_1061626.smt_in.smt2
[DEBUG] Benchmark UF/20170428-Barrett/cdt-cade2015/nada/afp/sorted_list_operations/x2015_09_10_16_47_35_860_1061626.smt_in.smt2: solved=True, runtime=466.12s, PAR-2=466.12s
[DEBUG] Processing 1777/2285: UF/sledgehammer/Fundamental_Theorem_Algebra/uf.724988.smt2
[DEBUG] Predicted solver: iProver for benchmark UF/sledgehammer/Fundamental_Theorem_Algebra/uf.724988.smt2
[DEBUG] Benchmark UF/sledgehammer/Fundamental_Theorem_Algebra/uf.724988.smt2: solved=False, runtime=1200.00s, PAR-2=2400.00s
[DEBUG] Processing 1778/2285: UF/20170428-Barrett/cdt-cade2015/nada/distro/parallel/x2015_09_10_16_57_14_271_1048482.smt_in.smt2
[DEBUG] Predicted solver: cvc5 for benchmark UF/20170428-Barrett/cdt-cade2015/nada/distro/parallel/x2015_09_10_16_57_14_271_1048482.smt_in.smt2
[DEBUG] Benchmark UF/20170428-Barrett/cdt-cade2015/nada/distro/parallel/x2015_09_10_16_57_14_271_1048482.smt_in.smt2: solved=True, runtime=0.28s, PAR-2=0.28s
[DEBUG] Processing 1779/2285: UF/sledgehammer/TypeSafe/smtlib.1489587.smt2
[DEBUG] Predicted solver: Yices2 for benchmark UF/sledgehammer/TypeSafe/smtlib.1489587.smt2
[DEBUG] Benchmark UF/sledgehammer/TypeSafe/smtlib.1489587.smt2: solved=False, runtime=1200.00s, PAR-2=2400.00s
[DEBUG] Processing 1780/2285: UF/20190906-CLEARSY/0016/00264.smt2
[DEBUG] Predicted solver: Yices2 for benchmark UF/20190906-CLEARSY/0016/00264.smt2
[DEBUG] Benchmark UF/20190906-CLEARSY/0016/00264.smt2: solved=True, runtime=0.36s, PAR-2=0.36s
[DEBUG] Processing 1781/2285: UF/sledgehammer/NS_Shared/smtlib.654534.smt2
[DEBUG] Predicted solver: iProver for benchmark UF/sledgehammer/NS_Shared/smtlib.654534.smt2
[DEBUG] Benchmark UF/sledgehammer/NS_Shared/smtlib.654534.smt2: solved=False, runtime=1200.00s, PAR-2=2400.00s
[DEBUG] Processing 1782/2285: UF/20170428-Barrett/cdt-cade2015/nada/afp/coinductive_list/x2015_09_10_17_00_46_751_1699862.smt_in.smt2
[DEBUG] Predicted solver: iProver for benchmark UF/20170428-Barrett/cdt-cade2015/nada/afp/coinductive_list/x2015_09_10_17_00_46_751_1699862.smt_in.smt2
[DEBUG] Benchmark UF/20170428-Barrett/cdt-cade2015/nada/afp/coinductive_list/x2015_09_10_17_00_46_751_1699862.smt_in.smt2: solved=False, runtime=1200.00s, PAR-2=2400.00s
[DEBUG] Processing 1783/2285: UF/20170428-Barrett/cdt-cade2015/nada/afp/coinductive_list/x2015_09_10_16_53_32_659_1294866.smt_in.smt2
[DEBUG] Predicted solver: cvc5 for benchmark UF/20170428-Barrett/cdt-cade2015/nada/afp/coinductive_list/x2015_09_10_16_53_32_659_1294866.smt_in.smt2
[DEBUG] Benchmark UF/20170428-Barrett/cdt-cade2015/nada/afp/coinductive_list/x2015_09_10_16_53_32_659_1294866.smt_in.smt2: solved=True, runtime=193.49s, PAR-2=193.49s
[DEBUG] Processing 1784/2285: UF/sledgehammer/NS_Shared/smtlib.791692.smt2
[DEBUG] Predicted solver: iProver for benchmark UF/sledgehammer/NS_Shared/smtlib.791692.smt2
[DEBUG] Benchmark UF/sledgehammer/NS_Shared/smtlib.791692.smt2: solved=True, runtime=0.89s, PAR-2=0.89s
[DEBUG] Processing 1785/2285: UF/sledgehammer/TypeSafe/smtlib.1503811.smt2
[DEBUG] Predicted solver: cvc5 for benchmark UF/sledgehammer/TypeSafe/smtlib.1503811.smt2
[DEBUG] Benchmark UF/sledgehammer/TypeSafe/smtlib.1503811.smt2: solved=False, runtime=1200.00s, PAR-2=2400.00s
[DEBUG] Processing 1786/2285: UF/sledgehammer/TypeSafe/uf.1164692.smt2
[DEBUG] Predicted solver: iProver for benchmark UF/sledgehammer/TypeSafe/uf.1164692.smt2
[DEBUG] Benchmark UF/sledgehammer/TypeSafe/uf.1164692.smt2: solved=True, runtime=336.60s, PAR-2=336.60s
[DEBUG] Processing 1787/2285: UF/20170428-Barrett/cdt-cade2015/nada/distro/stream/x2015_09_10_16_48_44_790_1118401.smt_in.smt2
[DEBUG] Predicted solver: Yices2 for benchmark UF/20170428-Barrett/cdt-cade2015/nada/distro/stream/x2015_09_10_16_48_44_790_1118401.smt_in.smt2
[DEBUG] Benchmark UF/20170428-Barrett/cdt-cade2015/nada/distro/stream/x2015_09_10_16_48_44_790_1118401.smt_in.smt2: solved=False, runtime=1200.00s, PAR-2=2400.00s
[DEBUG] Processing 1788/2285: UF/sledgehammer/FFT/uf.760434.smt2
[DEBUG] Predicted solver: iProver for benchmark UF/sledgehammer/FFT/uf.760434.smt2
[DEBUG] Benchmark UF/sledgehammer/FFT/uf.760434.smt2: solved=False, runtime=1200.00s, PAR-2=2400.00s
[DEBUG] Processing 1789/2285: UF/20170428-Barrett/cdt-cade2015/nada/afp/coinductive_list/x2015_09_10_16_54_55_523_1373943.smt_in.smt2
[DEBUG] Predicted solver: Yices2 for benchmark UF/20170428-Barrett/cdt-cade2015/nada/afp/coinductive_list/x2015_09_10_16_54_55_523_1373943.smt_in.smt2
[DEBUG] Benchmark UF/20170428-Barrett/cdt-cade2015/nada/afp/coinductive_list/x2015_09_10_16_54_55_523_1373943.smt_in.smt2: solved=False, runtime=1200.00s, PAR-2=2400.00s
[DEBUG] Processing 1790/2285: UF/sledgehammer/Arrow_Order/uf.827584.smt2
[DEBUG] Predicted solver: iProver for benchmark UF/sledgehammer/Arrow_Order/uf.827584.smt2
[DEBUG] Benchmark UF/sledgehammer/Arrow_Order/uf.827584.smt2: solved=False, runtime=1200.00s, PAR-2=2400.00s
[DEBUG] Processing 1791/2285: UF/20170428-Barrett/cdt-cade2015/nada/afp/coinductive_list/x2015_09_10_17_02_55_698_1865622.smt_in.smt2
[DEBUG] Predicted solver: cvc5 for benchmark UF/20170428-Barrett/cdt-cade2015/nada/afp/coinductive_list/x2015_09_10_17_02_55_698_1865622.smt_in.smt2
[DEBUG] Benchmark UF/20170428-Barrett/cdt-cade2015/nada/afp/coinductive_list/x2015_09_10_17_02_55_698_1865622.smt_in.smt2: solved=True, runtime=541.49s, PAR-2=541.49s
[DEBUG] Processing 1792/2285: UF/sledgehammer/TypeSafe/uf.906720.smt2
[DEBUG] Predicted solver: iProver for benchmark UF/sledgehammer/TypeSafe/uf.906720.smt2
[DEBUG] Benchmark UF/sledgehammer/TypeSafe/uf.906720.smt2: solved=True, runtime=1.87s, PAR-2=1.87s
[DEBUG] Processing 1793/2285: UF/20170428-Barrett/cdt-cade2015/nada/distro/rbt_impl/x2015_09_10_16_56_47_314_1722943.smt_in.smt2
[DEBUG] Predicted solver: Yices2 for benchmark UF/20170428-Barrett/cdt-cade2015/nada/distro/rbt_impl/x2015_09_10_16_56_47_314_1722943.smt_in.smt2
[DEBUG] Benchmark UF/20170428-Barrett/cdt-cade2015/nada/distro/rbt_impl/x2015_09_10_16_56_47_314_1722943.smt_in.smt2: solved=False, runtime=1200.00s, PAR-2=2400.00s
[DEBUG] Processing 1794/2285: UF/sledgehammer/QEpres/uf.618766.smt2
[DEBUG] Predicted solver: iProver for benchmark UF/sledgehammer/QEpres/uf.618766.smt2
[DEBUG] Benchmark UF/sledgehammer/QEpres/uf.618766.smt2: solved=False, runtime=1200.00s, PAR-2=2400.00s
[DEBUG] Processing 1795/2285: UF/sledgehammer/Fundamental_Theorem_Algebra/uf.1392067.smt2
[DEBUG] Predicted solver: cvc5 for benchmark UF/sledgehammer/Fundamental_Theorem_Algebra/uf.1392067.smt2
[DEBUG] Benchmark UF/sledgehammer/Fundamental_Theorem_Algebra/uf.1392067.smt2: solved=False, runtime=1200.00s, PAR-2=2400.00s
[DEBUG] Processing 1796/2285: UF/grasshopper/instantiated/rec_insert_postcondition_of_rec_insert_19_6.smt2
[DEBUG] Predicted solver: cvc5 for benchmark UF/grasshopper/instantiated/rec_insert_postcondition_of_rec_insert_19_6.smt2
[DEBUG] Benchmark UF/grasshopper/instantiated/rec_insert_postcondition_of_rec_insert_19_6.smt2: solved=True, runtime=0.30s, PAR-2=0.30s
[DEBUG] Processing 1797/2285: UF/sledgehammer/QEpres/uf.753569.smt2
[DEBUG] Predicted solver: iProver for benchmark UF/sledgehammer/QEpres/uf.753569.smt2
[DEBUG] Benchmark UF/sledgehammer/QEpres/uf.753569.smt2: solved=False, runtime=1200.00s, PAR-2=2400.00s
[DEBUG] Processing 1798/2285: UF/sledgehammer/QEpres/uf.1036326.smt2
[DEBUG] Predicted solver: Yices2 for benchmark UF/sledgehammer/QEpres/uf.1036326.smt2
[DEBUG] Benchmark UF/sledgehammer/QEpres/uf.1036326.smt2: solved=True, runtime=2.30s, PAR-2=2.30s
[DEBUG] Processing 1799/2285: UF/sledgehammer/TypeSafe/smtlib.770760.smt2
[DEBUG] Predicted solver: iProver for benchmark UF/sledgehammer/TypeSafe/smtlib.770760.smt2
[DEBUG] Benchmark UF/sledgehammer/TypeSafe/smtlib.770760.smt2: solved=True, runtime=2.89s, PAR-2=2.89s
[DEBUG] Processing 1800/2285: UF/sledgehammer/Hoare/uf.982158.smt2
[DEBUG] Predicted solver: cvc5 for benchmark UF/sledgehammer/Hoare/uf.982158.smt2
[DEBUG] Benchmark UF/sledgehammer/Hoare/uf.982158.smt2: solved=False, runtime=1200.00s, PAR-2=2400.00s
[DEBUG] Processing 1801/2285: UF/sledgehammer/TwoSquares/uf.602601.smt2
[DEBUG] Predicted solver: iProver for benchmark UF/sledgehammer/TwoSquares/uf.602601.smt2
[DEBUG] Benchmark UF/sledgehammer/TwoSquares/uf.602601.smt2: solved=True, runtime=23.41s, PAR-2=23.41s
[DEBUG] Processing 1802/2285: UF/sledgehammer/Hoare/smtlib.1122709.smt2
[DEBUG] Predicted solver: iProver for benchmark UF/sledgehammer/Hoare/smtlib.1122709.smt2
[DEBUG] Benchmark UF/sledgehammer/Hoare/smtlib.1122709.smt2: solved=True, runtime=14.87s, PAR-2=14.87s
[DEBUG] Processing 1803/2285: UF/sledgehammer/Hoare/uf.953427.smt2
[DEBUG] Predicted solver: cvc5 for benchmark UF/sledgehammer/Hoare/uf.953427.smt2
[DEBUG] Benchmark UF/sledgehammer/Hoare/uf.953427.smt2: solved=False, runtime=1200.00s, PAR-2=2400.00s
[DEBUG] Processing 1804/2285: UF/sledgehammer/Hoare/uf.721612.smt2
[DEBUG] Predicted solver: iProver for benchmark UF/sledgehammer/Hoare/uf.721612.smt2
[DEBUG] Benchmark UF/sledgehammer/Hoare/uf.721612.smt2: solved=False, runtime=1200.00s, PAR-2=2400.00s
[DEBUG] Processing 1805/2285: UF/sledgehammer/Hoare/uf.926283.smt2
[DEBUG] Predicted solver: iProver for benchmark UF/sledgehammer/Hoare/uf.926283.smt2
[DEBUG] Benchmark UF/sledgehammer/Hoare/uf.926283.smt2: solved=False, runtime=1200.00s, PAR-2=2400.00s
[DEBUG] Processing 1806/2285: UF/sledgehammer/StrongNorm/uf.631424.smt2
[DEBUG] Predicted solver: iProver for benchmark UF/sledgehammer/StrongNorm/uf.631424.smt2
[DEBUG] Benchmark UF/sledgehammer/StrongNorm/uf.631424.smt2: solved=False, runtime=1200.00s, PAR-2=2400.00s
[DEBUG] Processing 1807/2285: UF/sledgehammer/Hoare/uf.573650.smt2
[DEBUG] Predicted solver: iProver for benchmark UF/sledgehammer/Hoare/uf.573650.smt2
[DEBUG] Benchmark UF/sledgehammer/Hoare/uf.573650.smt2: solved=False, runtime=1200.00s, PAR-2=2400.00s
[DEBUG] Processing 1808/2285: UF/sledgehammer/TypeSafe/smtlib.768864.smt2
[DEBUG] Predicted solver: Yices2 for benchmark UF/sledgehammer/TypeSafe/smtlib.768864.smt2
[DEBUG] Benchmark UF/sledgehammer/TypeSafe/smtlib.768864.smt2: solved=False, runtime=1200.00s, PAR-2=2400.00s
[DEBUG] Processing 1809/2285: UF/20170428-Barrett/cdt-cade2015/nada/distro/gram_lang/x2015_09_10_16_50_54_658_1274901.smt_in.smt2
[DEBUG] Predicted solver: cvc5 for benchmark UF/20170428-Barrett/cdt-cade2015/nada/distro/gram_lang/x2015_09_10_16_50_54_658_1274901.smt_in.smt2
[DEBUG] Benchmark UF/20170428-Barrett/cdt-cade2015/nada/distro/gram_lang/x2015_09_10_16_50_54_658_1274901.smt_in.smt2: solved=True, runtime=178.93s, PAR-2=178.93s
[DEBUG] Processing 1810/2285: UF/sledgehammer/QEpres/uf.916288.smt2
[DEBUG] Predicted solver: Yices2 for benchmark UF/sledgehammer/QEpres/uf.916288.smt2
[DEBUG] Benchmark UF/sledgehammer/QEpres/uf.916288.smt2: solved=False, runtime=1200.00s, PAR-2=2400.00s
[DEBUG] Processing 1811/2285: UF/20170428-Barrett/cdt-cade2015/nada/distro/rbt_impl/x2015_09_10_16_52_16_446_1184031.smt_in.smt2
[DEBUG] Predicted solver: cvc5 for benchmark UF/20170428-Barrett/cdt-cade2015/nada/distro/rbt_impl/x2015_09_10_16_52_16_446_1184031.smt_in.smt2
[DEBUG] Benchmark UF/20170428-Barrett/cdt-cade2015/nada/distro/rbt_impl/x2015_09_10_16_52_16_446_1184031.smt_in.smt2: solved=True, runtime=392.02s, PAR-2=392.02s
[DEBUG] Processing 1812/2285: UF/sledgehammer/Arrow_Order/uf.821436.smt2
[DEBUG] Predicted solver: Yices2 for benchmark UF/sledgehammer/Arrow_Order/uf.821436.smt2
[DEBUG] Benchmark UF/sledgehammer/Arrow_Order/uf.821436.smt2: solved=True, runtime=0.37s, PAR-2=0.37s
[DEBUG] Processing 1813/2285: UF/sledgehammer/Fundamental_Theorem_Algebra/uf.657674.smt2
[DEBUG] Predicted solver: cvc5 for benchmark UF/sledgehammer/Fundamental_Theorem_Algebra/uf.657674.smt2
[DEBUG] Benchmark UF/sledgehammer/Fundamental_Theorem_Algebra/uf.657674.smt2: solved=False, runtime=1200.00s, PAR-2=2400.00s
[DEBUG] Processing 1814/2285: UF/20170428-Barrett/cdt-cade2015/nada/distro/gram_lang/x2015_09_10_16_55_13_495_1521727.smt_in.smt2
[DEBUG] Predicted solver: Yices2 for benchmark UF/20170428-Barrett/cdt-cade2015/nada/distro/gram_lang/x2015_09_10_16_55_13_495_1521727.smt_in.smt2
[DEBUG] Benchmark UF/20170428-Barrett/cdt-cade2015/nada/distro/gram_lang/x2015_09_10_16_55_13_495_1521727.smt_in.smt2: solved=False, runtime=1200.00s, PAR-2=2400.00s
[DEBUG] Processing 1815/2285: UF/20170428-Barrett/cdt-cade2015/nada/afp/abstract_completeness/x2015_09_10_17_01_12_107_1147417.smt_in.smt2
[DEBUG] Predicted solver: cvc5 for benchmark UF/20170428-Barrett/cdt-cade2015/nada/afp/abstract_completeness/x2015_09_10_17_01_12_107_1147417.smt_in.smt2
[DEBUG] Benchmark UF/20170428-Barrett/cdt-cade2015/nada/afp/abstract_completeness/x2015_09_10_17_01_12_107_1147417.smt_in.smt2: solved=True, runtime=0.32s, PAR-2=0.32s
[DEBUG] Processing 1816/2285: UF/sledgehammer/TypeSafe/smtlib.684321.smt2
[DEBUG] Predicted solver: iProver for benchmark UF/sledgehammer/TypeSafe/smtlib.684321.smt2
[DEBUG] Benchmark UF/sledgehammer/TypeSafe/smtlib.684321.smt2: solved=True, runtime=28.43s, PAR-2=28.43s
[DEBUG] Processing 1817/2285: UF/20190906-CLEARSY/0016/00238.smt2
[DEBUG] Predicted solver: Yices2 for benchmark UF/20190906-CLEARSY/0016/00238.smt2
[DEBUG] Benchmark UF/20190906-CLEARSY/0016/00238.smt2: solved=True, runtime=0.26s, PAR-2=0.26s
[DEBUG] Processing 1818/2285: UF/sledgehammer/Fundamental_Theorem_Algebra/uf.727624.smt2
[DEBUG] Predicted solver: iProver for benchmark UF/sledgehammer/Fundamental_Theorem_Algebra/uf.727624.smt2
[DEBUG] Benchmark UF/sledgehammer/Fundamental_Theorem_Algebra/uf.727624.smt2: solved=True, runtime=1.37s, PAR-2=1.37s
[DEBUG] Processing 1819/2285: UF/20170428-Barrett/cdt-cade2015/nada/distro/stream/x2015_09_10_16_48_41_494_1114422.smt_in.smt2
[DEBUG] Predicted solver: Yices2 for benchmark UF/20170428-Barrett/cdt-cade2015/nada/distro/stream/x2015_09_10_16_48_41_494_1114422.smt_in.smt2
[DEBUG] Benchmark UF/20170428-Barrett/cdt-cade2015/nada/distro/stream/x2015_09_10_16_48_41_494_1114422.smt_in.smt2: solved=False, runtime=1200.00s, PAR-2=2400.00s
[DEBUG] Processing 1820/2285: UF/20170428-Barrett/cdt-cade2015/nada/distro/gram_lang/x2015_09_10_16_50_48_732_1269336.smt_in.smt2
[DEBUG] Predicted solver: Yices2 for benchmark UF/20170428-Barrett/cdt-cade2015/nada/distro/gram_lang/x2015_09_10_16_50_48_732_1269336.smt_in.smt2
[DEBUG] Benchmark UF/20170428-Barrett/cdt-cade2015/nada/distro/gram_lang/x2015_09_10_16_50_48_732_1269336.smt_in.smt2: solved=False, runtime=1200.00s, PAR-2=2400.00s
[DEBUG] Processing 1821/2285: UF/sledgehammer/QEpres/uf.684542.smt2
[DEBUG] Predicted solver: iProver for benchmark UF/sledgehammer/QEpres/uf.684542.smt2
[DEBUG] Benchmark UF/sledgehammer/QEpres/uf.684542.smt2: solved=False, runtime=1200.00s, PAR-2=2400.00s
[DEBUG] Processing 1822/2285: UF/sledgehammer/Fundamental_Theorem_Algebra/uf.901381.smt2
[DEBUG] Predicted solver: iProver for benchmark UF/sledgehammer/Fundamental_Theorem_Algebra/uf.901381.smt2
[DEBUG] Benchmark UF/sledgehammer/Fundamental_Theorem_Algebra/uf.901381.smt2: solved=True, runtime=11.91s, PAR-2=11.91s
[DEBUG] Processing 1823/2285: UF/20170428-Barrett/cdt-cade2015/nada/distro/parallel/x2015_09_10_16_57_11_846_1045678.smt_in.smt2
[DEBUG] Predicted solver: Yices2 for benchmark UF/20170428-Barrett/cdt-cade2015/nada/distro/parallel/x2015_09_10_16_57_11_846_1045678.smt_in.smt2
[DEBUG] Benchmark UF/20170428-Barrett/cdt-cade2015/nada/distro/parallel/x2015_09_10_16_57_11_846_1045678.smt_in.smt2: solved=False, runtime=1200.00s, PAR-2=2400.00s
[DEBUG] Processing 1824/2285: UF/grasshopper/instantiated/insert_loop_invariant_24_5.smt2
[DEBUG] Predicted solver: Yices2 for benchmark UF/grasshopper/instantiated/insert_loop_invariant_24_5.smt2
[DEBUG] Benchmark UF/grasshopper/instantiated/insert_loop_invariant_24_5.smt2: solved=True, runtime=0.24s, PAR-2=0.24s
[DEBUG] Processing 1825/2285: UF/sledgehammer/FFT/uf.616782.smt2
[DEBUG] Predicted solver: cvc5 for benchmark UF/sledgehammer/FFT/uf.616782.smt2
[DEBUG] Benchmark UF/sledgehammer/FFT/uf.616782.smt2: solved=False, runtime=1200.00s, PAR-2=2400.00s
[DEBUG] Processing 1826/2285: UF/sledgehammer/Fundamental_Theorem_Algebra/uf.1229422.smt2
[DEBUG] Predicted solver: iProver for benchmark UF/sledgehammer/Fundamental_Theorem_Algebra/uf.1229422.smt2
[DEBUG] Benchmark UF/sledgehammer/Fundamental_Theorem_Algebra/uf.1229422.smt2: solved=True, runtime=1.38s, PAR-2=1.38s
[DEBUG] Processing 1827/2285: UF/sledgehammer/Fundamental_Theorem_Algebra/uf.876304.smt2
[DEBUG] Predicted solver: iProver for benchmark UF/sledgehammer/Fundamental_Theorem_Algebra/uf.876304.smt2
[DEBUG] Benchmark UF/sledgehammer/Fundamental_Theorem_Algebra/uf.876304.smt2: solved=False, runtime=1200.00s, PAR-2=2400.00s
[DEBUG] Processing 1828/2285: UF/sledgehammer/TypeSafe/uf.841033.smt2
[DEBUG] Predicted solver: Yices2 for benchmark UF/sledgehammer/TypeSafe/uf.841033.smt2
[DEBUG] Benchmark UF/sledgehammer/TypeSafe/uf.841033.smt2: solved=False, runtime=1200.00s, PAR-2=2400.00s
[DEBUG] Processing 1829/2285: UF/sledgehammer/Arrow_Order/smtlib.663965.smt2
[DEBUG] Predicted solver: Yices2 for benchmark UF/sledgehammer/Arrow_Order/smtlib.663965.smt2
[DEBUG] Benchmark UF/sledgehammer/Arrow_Order/smtlib.663965.smt2: solved=True, runtime=0.31s, PAR-2=0.31s
[DEBUG] Processing 1830/2285: UF/20170428-Barrett/cdt-cade2015/nada/afp/abstract_completeness/x2015_09_10_17_00_55_661_1127053.smt_in.smt2
[DEBUG] Predicted solver: cvc5 for benchmark UF/20170428-Barrett/cdt-cade2015/nada/afp/abstract_completeness/x2015_09_10_17_00_55_661_1127053.smt_in.smt2
[DEBUG] Benchmark UF/20170428-Barrett/cdt-cade2015/nada/afp/abstract_completeness/x2015_09_10_17_00_55_661_1127053.smt_in.smt2: solved=False, runtime=1200.00s, PAR-2=2400.00s
[DEBUG] Processing 1831/2285: UF/20170428-Barrett/cdt-cade2015/nada/afp/sorted_list_operations/x2015_09_10_16_47_41_101_1067273.smt_in.smt2
[DEBUG] Predicted solver: cvc5 for benchmark UF/20170428-Barrett/cdt-cade2015/nada/afp/sorted_list_operations/x2015_09_10_16_47_41_101_1067273.smt_in.smt2
[DEBUG] Benchmark UF/20170428-Barrett/cdt-cade2015/nada/afp/sorted_list_operations/x2015_09_10_16_47_41_101_1067273.smt_in.smt2: solved=True, runtime=0.30s, PAR-2=0.30s
[DEBUG] Processing 1832/2285: UF/sledgehammer/QEpres/smtlib.1255501.smt2
[DEBUG] Predicted solver: iProver for benchmark UF/sledgehammer/QEpres/smtlib.1255501.smt2
[DEBUG] Benchmark UF/sledgehammer/QEpres/smtlib.1255501.smt2: solved=True, runtime=0.92s, PAR-2=0.92s
[DEBUG] Processing 1833/2285: UF/sledgehammer/NS_Shared/uf.731015.smt2
[DEBUG] Predicted solver: Yices2 for benchmark UF/sledgehammer/NS_Shared/uf.731015.smt2
[DEBUG] Benchmark UF/sledgehammer/NS_Shared/uf.731015.smt2: solved=False, runtime=1200.00s, PAR-2=2400.00s
[DEBUG] Processing 1834/2285: UF/sledgehammer/Hoare/uf.938878.smt2
[DEBUG] Predicted solver: iProver for benchmark UF/sledgehammer/Hoare/uf.938878.smt2
[DEBUG] Benchmark UF/sledgehammer/Hoare/uf.938878.smt2: solved=False, runtime=1200.00s, PAR-2=2400.00s
[DEBUG] Processing 1835/2285: UF/sledgehammer/Arrow_Order/uf.767278.smt2
[DEBUG] Predicted solver: Yices2 for benchmark UF/sledgehammer/Arrow_Order/uf.767278.smt2
[DEBUG] Benchmark UF/sledgehammer/Arrow_Order/uf.767278.smt2: solved=True, runtime=112.92s, PAR-2=112.92s
[DEBUG] Processing 1836/2285: UF/20170428-Barrett/cdt-cade2015/nada/afp/tllist/x2015_09_10_16_57_15_725_1133432.smt_in.smt2
[DEBUG] Predicted solver: cvc5 for benchmark UF/20170428-Barrett/cdt-cade2015/nada/afp/tllist/x2015_09_10_16_57_15_725_1133432.smt_in.smt2
[DEBUG] Benchmark UF/20170428-Barrett/cdt-cade2015/nada/afp/tllist/x2015_09_10_16_57_15_725_1133432.smt_in.smt2: solved=True, runtime=541.16s, PAR-2=541.16s
[DEBUG] Processing 1837/2285: UF/sledgehammer/TwoSquares/uf.633143.smt2
[DEBUG] Predicted solver: cvc5 for benchmark UF/sledgehammer/TwoSquares/uf.633143.smt2
[DEBUG] Benchmark UF/sledgehammer/TwoSquares/uf.633143.smt2: solved=False, runtime=1200.00s, PAR-2=2400.00s
[DEBUG] Processing 1838/2285: UF/20170428-Barrett/cdt-cade2015/nada/afp/coinductive_list/x2015_09_10_16_58_13_916_1547606.smt_in.smt2
[DEBUG] Predicted solver: cvc5 for benchmark UF/20170428-Barrett/cdt-cade2015/nada/afp/coinductive_list/x2015_09_10_16_58_13_916_1547606.smt_in.smt2
[DEBUG] Benchmark UF/20170428-Barrett/cdt-cade2015/nada/afp/coinductive_list/x2015_09_10_16_58_13_916_1547606.smt_in.smt2: solved=False, runtime=1200.00s, PAR-2=2400.00s
[DEBUG] Processing 1839/2285: UF/sledgehammer/Fundamental_Theorem_Algebra/uf.979899.smt2
[DEBUG] Predicted solver: iProver for benchmark UF/sledgehammer/Fundamental_Theorem_Algebra/uf.979899.smt2
[DEBUG] Benchmark UF/sledgehammer/Fundamental_Theorem_Algebra/uf.979899.smt2: solved=False, runtime=1200.00s, PAR-2=2400.00s
[DEBUG] Processing 1840/2285: UF/20170428-Barrett/cdt-cade2015/nada/afp/coinductive_list/x2015_09_10_16_54_42_875_1362942.smt_in.smt2
[DEBUG] Predicted solver: Yices2 for benchmark UF/20170428-Barrett/cdt-cade2015/nada/afp/coinductive_list/x2015_09_10_16_54_42_875_1362942.smt_in.smt2
[DEBUG] Benchmark UF/20170428-Barrett/cdt-cade2015/nada/afp/coinductive_list/x2015_09_10_16_54_42_875_1362942.smt_in.smt2: solved=False, runtime=1200.00s, PAR-2=2400.00s
[DEBUG] Processing 1841/2285: UF/sledgehammer/Arrow_Order/uf.847589.smt2
[DEBUG] Predicted solver: Yices2 for benchmark UF/sledgehammer/Arrow_Order/uf.847589.smt2
[DEBUG] Benchmark UF/sledgehammer/Arrow_Order/uf.847589.smt2: solved=False, runtime=1200.00s, PAR-2=2400.00s
[DEBUG] Processing 1842/2285: UF/sledgehammer/Hoare/uf.984827.smt2
[DEBUG] Predicted solver: cvc5 for benchmark UF/sledgehammer/Hoare/uf.984827.smt2
[DEBUG] Benchmark UF/sledgehammer/Hoare/uf.984827.smt2: solved=True, runtime=1.69s, PAR-2=1.69s
[DEBUG] Processing 1843/2285: UF/sledgehammer/Fundamental_Theorem_Algebra/uf.734973.smt2
[DEBUG] Predicted solver: iProver for benchmark UF/sledgehammer/Fundamental_Theorem_Algebra/uf.734973.smt2
[DEBUG] Benchmark UF/sledgehammer/Fundamental_Theorem_Algebra/uf.734973.smt2: solved=True, runtime=1.83s, PAR-2=1.83s
[DEBUG] Processing 1844/2285: UF/sledgehammer/TypeSafe/smtlib.1189027.smt2
[DEBUG] Predicted solver: cvc5 for benchmark UF/sledgehammer/TypeSafe/smtlib.1189027.smt2
[DEBUG] Benchmark UF/sledgehammer/TypeSafe/smtlib.1189027.smt2: solved=True, runtime=30.49s, PAR-2=30.49s
[DEBUG] Processing 1845/2285: UF/20170428-Barrett/cdt-cade2015/nada/afp/huffman/x2015_09_10_16_46_53_159_1015830.smt_in.smt2
[DEBUG] Predicted solver: cvc5 for benchmark UF/20170428-Barrett/cdt-cade2015/nada/afp/huffman/x2015_09_10_16_46_53_159_1015830.smt_in.smt2
[DEBUG] Benchmark UF/20170428-Barrett/cdt-cade2015/nada/afp/huffman/x2015_09_10_16_46_53_159_1015830.smt_in.smt2: solved=False, runtime=1200.00s, PAR-2=2400.00s
[DEBUG] Processing 1846/2285: UF/20170428-Barrett/cdt-cade2015/nada/distro/gram_lang/x2015_09_10_16_48_11_379_1111316.smt_in.smt2
[DEBUG] Predicted solver: Yices2 for benchmark UF/20170428-Barrett/cdt-cade2015/nada/distro/gram_lang/x2015_09_10_16_48_11_379_1111316.smt_in.smt2
[DEBUG] Benchmark UF/20170428-Barrett/cdt-cade2015/nada/distro/gram_lang/x2015_09_10_16_48_11_379_1111316.smt_in.smt2: solved=False, runtime=1200.00s, PAR-2=2400.00s
[DEBUG] Processing 1847/2285: UF/20170428-Barrett/cdt-cade2015/nada/distro/gram_lang/x2015_09_10_16_49_23_356_1193594.smt_in.smt2
[DEBUG] Predicted solver: cvc5 for benchmark UF/20170428-Barrett/cdt-cade2015/nada/distro/gram_lang/x2015_09_10_16_49_23_356_1193594.smt_in.smt2
[DEBUG] Benchmark UF/20170428-Barrett/cdt-cade2015/nada/distro/gram_lang/x2015_09_10_16_49_23_356_1193594.smt_in.smt2: solved=True, runtime=542.64s, PAR-2=542.64s
[DEBUG] Processing 1848/2285: UF/20170428-Barrett/cdt-cade2015/nada/distro/gram_lang/x2015_09_10_16_52_31_124_1370932.smt_in.smt2
[DEBUG] Predicted solver: iProver for benchmark UF/20170428-Barrett/cdt-cade2015/nada/distro/gram_lang/x2015_09_10_16_52_31_124_1370932.smt_in.smt2
[DEBUG] Benchmark UF/20170428-Barrett/cdt-cade2015/nada/distro/gram_lang/x2015_09_10_16_52_31_124_1370932.smt_in.smt2: solved=False, runtime=1200.00s, PAR-2=2400.00s
[DEBUG] Processing 1849/2285: UF/sledgehammer/FFT/uf.618004.smt2
[DEBUG] Predicted solver: iProver for benchmark UF/sledgehammer/FFT/uf.618004.smt2
[DEBUG] Benchmark UF/sledgehammer/FFT/uf.618004.smt2: solved=True, runtime=0.83s, PAR-2=0.83s
[DEBUG] Processing 1850/2285: UF/sledgehammer/TwoSquares/uf.649496.smt2
[DEBUG] Predicted solver: iProver for benchmark UF/sledgehammer/TwoSquares/uf.649496.smt2
[DEBUG] Benchmark UF/sledgehammer/TwoSquares/uf.649496.smt2: solved=False, runtime=1200.00s, PAR-2=2400.00s
[DEBUG] Processing 1851/2285: UF/sledgehammer/FFT/uf.876833.smt2
[DEBUG] Predicted solver: iProver for benchmark UF/sledgehammer/FFT/uf.876833.smt2
[DEBUG] Benchmark UF/sledgehammer/FFT/uf.876833.smt2: solved=False, runtime=1200.00s, PAR-2=2400.00s
[DEBUG] Processing 1852/2285: UF/sledgehammer/TypeSafe/smtlib.596716.smt2
[DEBUG] Predicted solver: Yices2 for benchmark UF/sledgehammer/TypeSafe/smtlib.596716.smt2
[DEBUG] Benchmark UF/sledgehammer/TypeSafe/smtlib.596716.smt2: solved=False, runtime=1200.00s, PAR-2=2400.00s
[DEBUG] Processing 1853/2285: UF/sledgehammer/Hoare/uf.1194854.smt2
[DEBUG] Predicted solver: iProver for benchmark UF/sledgehammer/Hoare/uf.1194854.smt2
[DEBUG] Benchmark UF/sledgehammer/Hoare/uf.1194854.smt2: solved=False, runtime=1200.00s, PAR-2=2400.00s
[DEBUG] Processing 1854/2285: UF/sledgehammer/Fundamental_Theorem_Algebra/uf.1104162.smt2
[DEBUG] Predicted solver: iProver for benchmark UF/sledgehammer/Fundamental_Theorem_Algebra/uf.1104162.smt2
[DEBUG] Benchmark UF/sledgehammer/Fundamental_Theorem_Algebra/uf.1104162.smt2: solved=False, runtime=1200.00s, PAR-2=2400.00s
[DEBUG] Processing 1855/2285: UF/sledgehammer/Fundamental_Theorem_Algebra/uf.1123504.smt2
[DEBUG] Predicted solver: iProver for benchmark UF/sledgehammer/Fundamental_Theorem_Algebra/uf.1123504.smt2
[DEBUG] Benchmark UF/sledgehammer/Fundamental_Theorem_Algebra/uf.1123504.smt2: solved=True, runtime=3.41s, PAR-2=3.41s
[DEBUG] Processing 1856/2285: UF/sledgehammer/Fundamental_Theorem_Algebra/uf.1395095.smt2
[DEBUG] Predicted solver: cvc5 for benchmark UF/sledgehammer/Fundamental_Theorem_Algebra/uf.1395095.smt2
[DEBUG] Benchmark UF/sledgehammer/Fundamental_Theorem_Algebra/uf.1395095.smt2: solved=False, runtime=1200.00s, PAR-2=2400.00s
[DEBUG] Processing 1857/2285: UF/20170428-Barrett/cdt-cade2015/nada/distro/gram_lang/x2015_09_10_16_55_29_608_1539534.smt_in.smt2
[DEBUG] Predicted solver: Yices2 for benchmark UF/20170428-Barrett/cdt-cade2015/nada/distro/gram_lang/x2015_09_10_16_55_29_608_1539534.smt_in.smt2
[DEBUG] Benchmark UF/20170428-Barrett/cdt-cade2015/nada/distro/gram_lang/x2015_09_10_16_55_29_608_1539534.smt_in.smt2: solved=False, runtime=1200.00s, PAR-2=2400.00s
[DEBUG] Processing 1858/2285: UF/sledgehammer/Hoare/uf.833267.smt2
[DEBUG] Predicted solver: iProver for benchmark UF/sledgehammer/Hoare/uf.833267.smt2
[DEBUG] Benchmark UF/sledgehammer/Hoare/uf.833267.smt2: solved=True, runtime=82.46s, PAR-2=82.46s
[DEBUG] Processing 1859/2285: UF/sledgehammer/TypeSafe/smtlib.1034934.smt2
[DEBUG] Predicted solver: iProver for benchmark UF/sledgehammer/TypeSafe/smtlib.1034934.smt2
[DEBUG] Benchmark UF/sledgehammer/TypeSafe/smtlib.1034934.smt2: solved=False, runtime=1200.00s, PAR-2=2400.00s
[DEBUG] Processing 1860/2285: UF/sledgehammer/Hoare/uf.1172694.smt2
[DEBUG] Predicted solver: iProver for benchmark UF/sledgehammer/Hoare/uf.1172694.smt2
[DEBUG] Benchmark UF/sledgehammer/Hoare/uf.1172694.smt2: solved=False, runtime=1200.00s, PAR-2=2400.00s
[DEBUG] Processing 1861/2285: UF/sledgehammer/NS_Shared/uf.570239.smt2
[DEBUG] Predicted solver: iProver for benchmark UF/sledgehammer/NS_Shared/uf.570239.smt2
[DEBUG] Benchmark UF/sledgehammer/NS_Shared/uf.570239.smt2: solved=False, runtime=1200.00s, PAR-2=2400.00s
[DEBUG] Processing 1862/2285: UF/sledgehammer/QEpres/uf.728078.smt2
[DEBUG] Predicted solver: iProver for benchmark UF/sledgehammer/QEpres/uf.728078.smt2
[DEBUG] Benchmark UF/sledgehammer/QEpres/uf.728078.smt2: solved=False, runtime=1200.00s, PAR-2=2400.00s
[DEBUG] Processing 1863/2285: UF/sledgehammer/Fundamental_Theorem_Algebra/uf.704452.smt2
[DEBUG] Predicted solver: iProver for benchmark UF/sledgehammer/Fundamental_Theorem_Algebra/uf.704452.smt2
[DEBUG] Benchmark UF/sledgehammer/Fundamental_Theorem_Algebra/uf.704452.smt2: solved=False, runtime=1200.00s, PAR-2=2400.00s
[DEBUG] Processing 1864/2285: UF/20170428-Barrett/cdt-cade2015/nada/afp/coinductive_list/x2015_09_10_17_16_08_286_2757371.smt_in.smt2
[DEBUG] Predicted solver: cvc5 for benchmark UF/20170428-Barrett/cdt-cade2015/nada/afp/coinductive_list/x2015_09_10_17_16_08_286_2757371.smt_in.smt2
[DEBUG] Benchmark UF/20170428-Barrett/cdt-cade2015/nada/afp/coinductive_list/x2015_09_10_17_16_08_286_2757371.smt_in.smt2: solved=False, runtime=1200.00s, PAR-2=2400.00s
[DEBUG] Processing 1865/2285: UF/sledgehammer/Fundamental_Theorem_Algebra/uf.1325058.smt2
[DEBUG] Predicted solver: iProver for benchmark UF/sledgehammer/Fundamental_Theorem_Algebra/uf.1325058.smt2
[DEBUG] Benchmark UF/sledgehammer/Fundamental_Theorem_Algebra/uf.1325058.smt2: solved=False, runtime=1200.00s, PAR-2=2400.00s
[DEBUG] Processing 1866/2285: UF/sledgehammer/Hoare/z3.721436.smt2
[DEBUG] Predicted solver: iProver for benchmark UF/sledgehammer/Hoare/z3.721436.smt2
[DEBUG] Benchmark UF/sledgehammer/Hoare/z3.721436.smt2: solved=True, runtime=0.85s, PAR-2=0.85s
[DEBUG] Processing 1867/2285: UF/20170428-Barrett/cdt-cade2015/nada/afp/coinductive_stream/x2015_09_10_17_24_59_768_1226306.smt_in.smt2
[DEBUG] Predicted solver: iProver for benchmark UF/20170428-Barrett/cdt-cade2015/nada/afp/coinductive_stream/x2015_09_10_17_24_59_768_1226306.smt_in.smt2
[DEBUG] Benchmark UF/20170428-Barrett/cdt-cade2015/nada/afp/coinductive_stream/x2015_09_10_17_24_59_768_1226306.smt_in.smt2: solved=False, runtime=1200.00s, PAR-2=2400.00s
[DEBUG] Processing 1868/2285: UF/20170428-Barrett/cdt-cade2015/nada/distro/rbt_impl/x2015_09_10_16_52_12_178_1177983.smt_in.smt2
[DEBUG] Predicted solver: Yices2 for benchmark UF/20170428-Barrett/cdt-cade2015/nada/distro/rbt_impl/x2015_09_10_16_52_12_178_1177983.smt_in.smt2
[DEBUG] Benchmark UF/20170428-Barrett/cdt-cade2015/nada/distro/rbt_impl/x2015_09_10_16_52_12_178_1177983.smt_in.smt2: solved=False, runtime=1200.00s, PAR-2=2400.00s
[DEBUG] Processing 1869/2285: UF/sledgehammer/TwoSquares/uf.805093.smt2
[DEBUG] Predicted solver: iProver for benchmark UF/sledgehammer/TwoSquares/uf.805093.smt2
[DEBUG] Benchmark UF/sledgehammer/TwoSquares/uf.805093.smt2: solved=False, runtime=1200.00s, PAR-2=2400.00s
[DEBUG] Processing 1870/2285: UF/sledgehammer/QEpres/uf.1143916.smt2
[DEBUG] Predicted solver: Yices2 for benchmark UF/sledgehammer/QEpres/uf.1143916.smt2
[DEBUG] Benchmark UF/sledgehammer/QEpres/uf.1143916.smt2: solved=True, runtime=0.25s, PAR-2=0.25s
[DEBUG] Processing 1871/2285: UF/20170428-Barrett/cdt-cade2015/nada/afp/coinductive_list/x2015_09_10_17_09_14_493_2381989.smt_in.smt2
[DEBUG] Predicted solver: cvc5 for benchmark UF/20170428-Barrett/cdt-cade2015/nada/afp/coinductive_list/x2015_09_10_17_09_14_493_2381989.smt_in.smt2
[DEBUG] Benchmark UF/20170428-Barrett/cdt-cade2015/nada/afp/coinductive_list/x2015_09_10_17_09_14_493_2381989.smt_in.smt2: solved=True, runtime=1.04s, PAR-2=1.04s
[DEBUG] Processing 1872/2285: UF/sledgehammer/Fundamental_Theorem_Algebra/uf.851104.smt2
[DEBUG] Predicted solver: iProver for benchmark UF/sledgehammer/Fundamental_Theorem_Algebra/uf.851104.smt2
[DEBUG] Benchmark UF/sledgehammer/Fundamental_Theorem_Algebra/uf.851104.smt2: solved=False, runtime=1200.00s, PAR-2=2400.00s
[DEBUG] Processing 1873/2285: UF/sledgehammer/TypeSafe/smtlib.1483692.smt2
[DEBUG] Predicted solver: cvc5 for benchmark UF/sledgehammer/TypeSafe/smtlib.1483692.smt2
[DEBUG] Benchmark UF/sledgehammer/TypeSafe/smtlib.1483692.smt2: solved=False, runtime=1200.00s, PAR-2=2400.00s
[DEBUG] Processing 1874/2285: UF/20170428-Barrett/cdt-cade2015/nada/afp/hamming_stream/x2015_09_10_16_47_48_004_1077575.smt_in.smt2
[DEBUG] Predicted solver: cvc5 for benchmark UF/20170428-Barrett/cdt-cade2015/nada/afp/hamming_stream/x2015_09_10_16_47_48_004_1077575.smt_in.smt2
[DEBUG] Benchmark UF/20170428-Barrett/cdt-cade2015/nada/afp/hamming_stream/x2015_09_10_16_47_48_004_1077575.smt_in.smt2: solved=True, runtime=0.30s, PAR-2=0.30s
[DEBUG] Processing 1875/2285: UF/sledgehammer/Arrow_Order/uf.594788.smt2
[DEBUG] Predicted solver: Yices2 for benchmark UF/sledgehammer/Arrow_Order/uf.594788.smt2
[DEBUG] Benchmark UF/sledgehammer/Arrow_Order/uf.594788.smt2: solved=False, runtime=1200.00s, PAR-2=2400.00s
[DEBUG] Processing 1876/2285: UF/sledgehammer/Hoare/uf.620112.smt2
[DEBUG] Predicted solver: iProver for benchmark UF/sledgehammer/Hoare/uf.620112.smt2
[DEBUG] Benchmark UF/sledgehammer/Hoare/uf.620112.smt2: solved=True, runtime=1.36s, PAR-2=1.36s
[DEBUG] Processing 1877/2285: UF/20170428-Barrett/cdt-cade2015/nada/afp/coinductive_list/x2015_09_10_17_04_37_420_2005212.smt_in.smt2
[DEBUG] Predicted solver: Yices2 for benchmark UF/20170428-Barrett/cdt-cade2015/nada/afp/coinductive_list/x2015_09_10_17_04_37_420_2005212.smt_in.smt2
[DEBUG] Benchmark UF/20170428-Barrett/cdt-cade2015/nada/afp/coinductive_list/x2015_09_10_17_04_37_420_2005212.smt_in.smt2: solved=False, runtime=1200.00s, PAR-2=2400.00s
[DEBUG] Processing 1878/2285: UF/20170428-Barrett/cdt-cade2015/nada/distro/stream/x2015_09_10_16_47_40_461_1046425.smt_in.smt2
[DEBUG] Predicted solver: cvc5 for benchmark UF/20170428-Barrett/cdt-cade2015/nada/distro/stream/x2015_09_10_16_47_40_461_1046425.smt_in.smt2
[DEBUG] Benchmark UF/20170428-Barrett/cdt-cade2015/nada/distro/stream/x2015_09_10_16_47_40_461_1046425.smt_in.smt2: solved=False, runtime=1200.00s, PAR-2=2400.00s
[DEBUG] Processing 1879/2285: UF/20170428-Barrett/cdt-cade2015/nada/afp/coinductive_list/x2015_09_10_17_00_18_238_1665350.smt_in.smt2
[DEBUG] Predicted solver: Yices2 for benchmark UF/20170428-Barrett/cdt-cade2015/nada/afp/coinductive_list/x2015_09_10_17_00_18_238_1665350.smt_in.smt2
[DEBUG] Benchmark UF/20170428-Barrett/cdt-cade2015/nada/afp/coinductive_list/x2015_09_10_17_00_18_238_1665350.smt_in.smt2: solved=False, runtime=1200.00s, PAR-2=2400.00s
[DEBUG] Processing 1880/2285: UF/sledgehammer/StrongNorm/uf.720345.smt2
[DEBUG] Predicted solver: iProver for benchmark UF/sledgehammer/StrongNorm/uf.720345.smt2
[DEBUG] Benchmark UF/sledgehammer/StrongNorm/uf.720345.smt2: solved=False, runtime=1200.00s, PAR-2=2400.00s
[DEBUG] Processing 1881/2285: UF/sledgehammer/TypeSafe/uf.1161864.smt2
[DEBUG] Predicted solver: Yices2 for benchmark UF/sledgehammer/TypeSafe/uf.1161864.smt2
[DEBUG] Benchmark UF/sledgehammer/TypeSafe/uf.1161864.smt2: solved=False, runtime=1200.00s, PAR-2=2400.00s
[DEBUG] Processing 1882/2285: UF/20170428-Barrett/cdt-cade2015/nada/afp/coinductive_list/x2015_09_10_17_12_02_371_2600182.smt_in.smt2
[DEBUG] Predicted solver: cvc5 for benchmark UF/20170428-Barrett/cdt-cade2015/nada/afp/coinductive_list/x2015_09_10_17_12_02_371_2600182.smt_in.smt2
[DEBUG] Benchmark UF/20170428-Barrett/cdt-cade2015/nada/afp/coinductive_list/x2015_09_10_17_12_02_371_2600182.smt_in.smt2: solved=False, runtime=1200.00s, PAR-2=2400.00s
[DEBUG] Processing 1883/2285: UF/sledgehammer/QEpres/uf.942260.smt2
[DEBUG] Predicted solver: iProver for benchmark UF/sledgehammer/QEpres/uf.942260.smt2
[DEBUG] Benchmark UF/sledgehammer/QEpres/uf.942260.smt2: solved=False, runtime=1200.00s, PAR-2=2400.00s
[DEBUG] Processing 1884/2285: UF/sledgehammer/QEpres/uf.705066.smt2
[DEBUG] Predicted solver: cvc5 for benchmark UF/sledgehammer/QEpres/uf.705066.smt2
[DEBUG] Benchmark UF/sledgehammer/QEpres/uf.705066.smt2: solved=False, runtime=1200.00s, PAR-2=2400.00s
[DEBUG] Processing 1885/2285: UF/sledgehammer/TypeSafe/uf.714544.smt2
[DEBUG] Predicted solver: cvc5 for benchmark UF/sledgehammer/TypeSafe/uf.714544.smt2
[DEBUG] Benchmark UF/sledgehammer/TypeSafe/uf.714544.smt2: solved=True, runtime=541.74s, PAR-2=541.74s
[DEBUG] Processing 1886/2285: UF/sledgehammer/StrongNorm/uf.699909.smt2
[DEBUG] Predicted solver: Yices2 for benchmark UF/sledgehammer/StrongNorm/uf.699909.smt2
[DEBUG] Benchmark UF/sledgehammer/StrongNorm/uf.699909.smt2: solved=False, runtime=1200.00s, PAR-2=2400.00s
[DEBUG] Processing 1887/2285: UF/20170428-Barrett/cdt-cade2015/nada/afp/abstract_completeness/x2015_09_10_16_59_59_584_1066179.smt_in.smt2
[DEBUG] Predicted solver: cvc5 for benchmark UF/20170428-Barrett/cdt-cade2015/nada/afp/abstract_completeness/x2015_09_10_16_59_59_584_1066179.smt_in.smt2
[DEBUG] Benchmark UF/20170428-Barrett/cdt-cade2015/nada/afp/abstract_completeness/x2015_09_10_16_59_59_584_1066179.smt_in.smt2: solved=True, runtime=0.32s, PAR-2=0.32s
[DEBUG] Processing 1888/2285: UF/sledgehammer/QEpres/uf.782008.smt2
[DEBUG] Predicted solver: Yices2 for benchmark UF/sledgehammer/QEpres/uf.782008.smt2
[DEBUG] Benchmark UF/sledgehammer/QEpres/uf.782008.smt2: solved=False, runtime=1200.00s, PAR-2=2400.00s
[DEBUG] Processing 1889/2285: UF/sledgehammer/TwoSquares/uf.744807.smt2
[DEBUG] Predicted solver: iProver for benchmark UF/sledgehammer/TwoSquares/uf.744807.smt2
[DEBUG] Benchmark UF/sledgehammer/TwoSquares/uf.744807.smt2: solved=False, runtime=1200.00s, PAR-2=2400.00s
[DEBUG] Processing 1890/2285: UF/sledgehammer/Fundamental_Theorem_Algebra/uf.941278.smt2
[DEBUG] Predicted solver: cvc5 for benchmark UF/sledgehammer/Fundamental_Theorem_Algebra/uf.941278.smt2
[DEBUG] Benchmark UF/sledgehammer/Fundamental_Theorem_Algebra/uf.941278.smt2: solved=False, runtime=1200.00s, PAR-2=2400.00s
[DEBUG] Processing 1891/2285: UF/20170428-Barrett/cdt-cade2015/nada/gandl/stern_brocot_tree/x2015_09_10_16_52_19_984_1106035.smt_in.smt2
[DEBUG] Predicted solver: cvc5 for benchmark UF/20170428-Barrett/cdt-cade2015/nada/gandl/stern_brocot_tree/x2015_09_10_16_52_19_984_1106035.smt_in.smt2
[DEBUG] Benchmark UF/20170428-Barrett/cdt-cade2015/nada/gandl/stern_brocot_tree/x2015_09_10_16_52_19_984_1106035.smt_in.smt2: solved=False, runtime=1200.00s, PAR-2=2400.00s
[DEBUG] Processing 1892/2285: UF/20170428-Barrett/cdt-cade2015/nada/afp/huffman/x2015_09_10_16_50_31_780_1255844.smt_in.smt2
[DEBUG] Predicted solver: Yices2 for benchmark UF/20170428-Barrett/cdt-cade2015/nada/afp/huffman/x2015_09_10_16_50_31_780_1255844.smt_in.smt2
[DEBUG] Benchmark UF/20170428-Barrett/cdt-cade2015/nada/afp/huffman/x2015_09_10_16_50_31_780_1255844.smt_in.smt2: solved=False, runtime=1200.00s, PAR-2=2400.00s
[DEBUG] Processing 1893/2285: UF/20170428-Barrett/cdt-cade2015/nada/afp/coinductive_list/x2015_09_10_17_12_18_919_2620619.smt_in.smt2
[DEBUG] Predicted solver: cvc5 for benchmark UF/20170428-Barrett/cdt-cade2015/nada/afp/coinductive_list/x2015_09_10_17_12_18_919_2620619.smt_in.smt2
[DEBUG] Benchmark UF/20170428-Barrett/cdt-cade2015/nada/afp/coinductive_list/x2015_09_10_17_12_18_919_2620619.smt_in.smt2: solved=False, runtime=1200.00s, PAR-2=2400.00s
[DEBUG] Processing 1894/2285: UF/20170428-Barrett/cdt-cade2015/nada/distro/gram_lang/x2015_09_10_16_49_33_901_1204329.smt_in.smt2
[DEBUG] Predicted solver: Yices2 for benchmark UF/20170428-Barrett/cdt-cade2015/nada/distro/gram_lang/x2015_09_10_16_49_33_901_1204329.smt_in.smt2
[DEBUG] Benchmark UF/20170428-Barrett/cdt-cade2015/nada/distro/gram_lang/x2015_09_10_16_49_33_901_1204329.smt_in.smt2: solved=True, runtime=0.22s, PAR-2=0.22s
[DEBUG] Processing 1895/2285: UF/sledgehammer/Fundamental_Theorem_Algebra/uf.1309766.smt2
[DEBUG] Predicted solver: cvc5 for benchmark UF/sledgehammer/Fundamental_Theorem_Algebra/uf.1309766.smt2
[DEBUG] Benchmark UF/sledgehammer/Fundamental_Theorem_Algebra/uf.1309766.smt2: solved=True, runtime=0.42s, PAR-2=0.42s
[DEBUG] Processing 1896/2285: UF/20170428-Barrett/cdt-cade2015/nada/distro/stream_processor/x2015_09_10_16_46_02_272_1013913.smt_in.smt2
[DEBUG] Predicted solver: cvc5 for benchmark UF/20170428-Barrett/cdt-cade2015/nada/distro/stream_processor/x2015_09_10_16_46_02_272_1013913.smt_in.smt2
[DEBUG] Benchmark UF/20170428-Barrett/cdt-cade2015/nada/distro/stream_processor/x2015_09_10_16_46_02_272_1013913.smt_in.smt2: solved=False, runtime=1200.00s, PAR-2=2400.00s
[DEBUG] Processing 1897/2285: UF/sledgehammer/FFT/uf.827742.smt2
[DEBUG] Predicted solver: iProver for benchmark UF/sledgehammer/FFT/uf.827742.smt2
[DEBUG] Benchmark UF/sledgehammer/FFT/uf.827742.smt2: solved=False, runtime=1200.00s, PAR-2=2400.00s
[DEBUG] Processing 1898/2285: UF/sledgehammer/Fundamental_Theorem_Algebra/uf.1040912.smt2
[DEBUG] Predicted solver: iProver for benchmark UF/sledgehammer/Fundamental_Theorem_Algebra/uf.1040912.smt2
[DEBUG] Benchmark UF/sledgehammer/Fundamental_Theorem_Algebra/uf.1040912.smt2: solved=False, runtime=1200.00s, PAR-2=2400.00s
[DEBUG] Processing 1899/2285: UF/sledgehammer/Fundamental_Theorem_Algebra/uf.1335441.smt2
[DEBUG] Predicted solver: iProver for benchmark UF/sledgehammer/Fundamental_Theorem_Algebra/uf.1335441.smt2
[DEBUG] Benchmark UF/sledgehammer/Fundamental_Theorem_Algebra/uf.1335441.smt2: solved=False, runtime=1200.00s, PAR-2=2400.00s
[DEBUG] Processing 1900/2285: UF/20170428-Barrett/cdt-cade2015/nada/distro/parallel/x2015_09_10_16_56_46_335_1012860.smt_in.smt2
[DEBUG] Predicted solver: Yices2 for benchmark UF/20170428-Barrett/cdt-cade2015/nada/distro/parallel/x2015_09_10_16_56_46_335_1012860.smt_in.smt2
[DEBUG] Benchmark UF/20170428-Barrett/cdt-cade2015/nada/distro/parallel/x2015_09_10_16_56_46_335_1012860.smt_in.smt2: solved=False, runtime=1200.00s, PAR-2=2400.00s
[DEBUG] Processing 1901/2285: UF/20170428-Barrett/cdt-cade2015/nada/afp/hamming_stream/x2015_09_10_16_47_33_273_1065797.smt_in.smt2
[DEBUG] Predicted solver: Yices2 for benchmark UF/20170428-Barrett/cdt-cade2015/nada/afp/hamming_stream/x2015_09_10_16_47_33_273_1065797.smt_in.smt2
[DEBUG] Benchmark UF/20170428-Barrett/cdt-cade2015/nada/afp/hamming_stream/x2015_09_10_16_47_33_273_1065797.smt_in.smt2: solved=True, runtime=0.22s, PAR-2=0.22s
[DEBUG] Processing 1902/2285: UF/20170428-Barrett/cdt-cade2015/nada/afp/abstract_completeness/x2015_09_10_16_59_33_621_1039748.smt_in.smt2
[DEBUG] Predicted solver: cvc5 for benchmark UF/20170428-Barrett/cdt-cade2015/nada/afp/abstract_completeness/x2015_09_10_16_59_33_621_1039748.smt_in.smt2
[DEBUG] Benchmark UF/20170428-Barrett/cdt-cade2015/nada/afp/abstract_completeness/x2015_09_10_16_59_33_621_1039748.smt_in.smt2: solved=False, runtime=1200.00s, PAR-2=2400.00s
[DEBUG] Processing 1903/2285: UF/20170428-Barrett/cdt-cade2015/nada/afp/tllist/x2015_09_10_16_58_19_457_1199392.smt_in.smt2
[DEBUG] Predicted solver: Yices2 for benchmark UF/20170428-Barrett/cdt-cade2015/nada/afp/tllist/x2015_09_10_16_58_19_457_1199392.smt_in.smt2
[DEBUG] Benchmark UF/20170428-Barrett/cdt-cade2015/nada/afp/tllist/x2015_09_10_16_58_19_457_1199392.smt_in.smt2: solved=False, runtime=1200.00s, PAR-2=2400.00s
[DEBUG] Processing 1904/2285: UF/sledgehammer/QEpres/uf.580729.smt2
[DEBUG] Predicted solver: iProver for benchmark UF/sledgehammer/QEpres/uf.580729.smt2
[DEBUG] Benchmark UF/sledgehammer/QEpres/uf.580729.smt2: solved=True, runtime=1.87s, PAR-2=1.87s
[DEBUG] Processing 1905/2285: UF/sledgehammer/Fundamental_Theorem_Algebra/uf.1456391.smt2
[DEBUG] Predicted solver: Yices2 for benchmark UF/sledgehammer/Fundamental_Theorem_Algebra/uf.1456391.smt2
[DEBUG] Benchmark UF/sledgehammer/Fundamental_Theorem_Algebra/uf.1456391.smt2: solved=False, runtime=1200.00s, PAR-2=2400.00s
[DEBUG] Processing 1906/2285: UF/20170428-Barrett/cdt-cade2015/nada/distro/parallel/x2015_09_10_16_56_35_383_1000552.smt_in.smt2
[DEBUG] Predicted solver: iProver for benchmark UF/20170428-Barrett/cdt-cade2015/nada/distro/parallel/x2015_09_10_16_56_35_383_1000552.smt_in.smt2
[DEBUG] Benchmark UF/20170428-Barrett/cdt-cade2015/nada/distro/parallel/x2015_09_10_16_56_35_383_1000552.smt_in.smt2: solved=True, runtime=1.87s, PAR-2=1.87s
[DEBUG] Processing 1907/2285: UF/sledgehammer/NS_Shared/uf.882818.smt2
[DEBUG] Predicted solver: cvc5 for benchmark UF/sledgehammer/NS_Shared/uf.882818.smt2
[DEBUG] Benchmark UF/sledgehammer/NS_Shared/uf.882818.smt2: solved=False, runtime=1200.00s, PAR-2=2400.00s
[DEBUG] Processing 1908/2285: UF/sledgehammer/Fundamental_Theorem_Algebra/uf.1290963.smt2
[DEBUG] Predicted solver: iProver for benchmark UF/sledgehammer/Fundamental_Theorem_Algebra/uf.1290963.smt2
[DEBUG] Benchmark UF/sledgehammer/Fundamental_Theorem_Algebra/uf.1290963.smt2: solved=True, runtime=1.41s, PAR-2=1.41s
[DEBUG] Processing 1909/2285: UF/sledgehammer/TwoSquares/uf.818657.smt2
[DEBUG] Predicted solver: iProver for benchmark UF/sledgehammer/TwoSquares/uf.818657.smt2
[DEBUG] Benchmark UF/sledgehammer/TwoSquares/uf.818657.smt2: solved=False, runtime=1200.00s, PAR-2=2400.00s
[DEBUG] Processing 1910/2285: UF/sledgehammer/Fundamental_Theorem_Algebra/uf.1207628.smt2
[DEBUG] Predicted solver: cvc5 for benchmark UF/sledgehammer/Fundamental_Theorem_Algebra/uf.1207628.smt2
[DEBUG] Benchmark UF/sledgehammer/Fundamental_Theorem_Algebra/uf.1207628.smt2: solved=False, runtime=1200.00s, PAR-2=2400.00s
[DEBUG] Processing 1911/2285: UF/sledgehammer/NS_Shared/smtlib.778815.smt2
[DEBUG] Predicted solver: iProver for benchmark UF/sledgehammer/NS_Shared/smtlib.778815.smt2
[DEBUG] Benchmark UF/sledgehammer/NS_Shared/smtlib.778815.smt2: solved=False, runtime=1200.00s, PAR-2=2400.00s
[DEBUG] Processing 1912/2285: UF/sledgehammer/Hoare/uf.648032.smt2
[DEBUG] Predicted solver: cvc5 for benchmark UF/sledgehammer/Hoare/uf.648032.smt2
[DEBUG] Benchmark UF/sledgehammer/Hoare/uf.648032.smt2: solved=True, runtime=0.40s, PAR-2=0.40s
[DEBUG] Processing 1913/2285: UF/sledgehammer/FFT/uf.807914.smt2
[DEBUG] Predicted solver: iProver for benchmark UF/sledgehammer/FFT/uf.807914.smt2
[DEBUG] Benchmark UF/sledgehammer/FFT/uf.807914.smt2: solved=False, runtime=1200.00s, PAR-2=2400.00s
[DEBUG] Processing 1914/2285: UF/20170428-Barrett/cdt-cade2015/nada/distro/rbt_impl/x2015_09_10_16_52_14_098_1180651.smt_in.smt2
[DEBUG] Predicted solver: cvc5 for benchmark UF/20170428-Barrett/cdt-cade2015/nada/distro/rbt_impl/x2015_09_10_16_52_14_098_1180651.smt_in.smt2
[DEBUG] Benchmark UF/20170428-Barrett/cdt-cade2015/nada/distro/rbt_impl/x2015_09_10_16_52_14_098_1180651.smt_in.smt2: solved=False, runtime=1200.00s, PAR-2=2400.00s
[DEBUG] Processing 1915/2285: UF/sledgehammer/QEpres/uf.802064.smt2
[DEBUG] Predicted solver: Yices2 for benchmark UF/sledgehammer/QEpres/uf.802064.smt2
[DEBUG] Benchmark UF/sledgehammer/QEpres/uf.802064.smt2: solved=False, runtime=1200.00s, PAR-2=2400.00s
[DEBUG] Processing 1916/2285: UF/sledgehammer/Fundamental_Theorem_Algebra/uf.720734.smt2
[DEBUG] Predicted solver: iProver for benchmark UF/sledgehammer/Fundamental_Theorem_Algebra/uf.720734.smt2
[DEBUG] Benchmark UF/sledgehammer/Fundamental_Theorem_Algebra/uf.720734.smt2: solved=False, runtime=1200.00s, PAR-2=2400.00s
[DEBUG] Processing 1917/2285: UF/sledgehammer/Fundamental_Theorem_Algebra/uf.1451238.smt2
[DEBUG] Predicted solver: cvc5 for benchmark UF/sledgehammer/Fundamental_Theorem_Algebra/uf.1451238.smt2
[DEBUG] Benchmark UF/sledgehammer/Fundamental_Theorem_Algebra/uf.1451238.smt2: solved=True, runtime=0.39s, PAR-2=0.39s
[DEBUG] Processing 1918/2285: UF/sledgehammer/FFT/uf.794316.smt2
[DEBUG] Predicted solver: iProver for benchmark UF/sledgehammer/FFT/uf.794316.smt2
[DEBUG] Benchmark UF/sledgehammer/FFT/uf.794316.smt2: solved=False, runtime=1200.00s, PAR-2=2400.00s
[DEBUG] Processing 1919/2285: UF/grasshopper/instantiated/union_postcondition_of_union_42_1.smt2
[DEBUG] Predicted solver: cvc5 for benchmark UF/grasshopper/instantiated/union_postcondition_of_union_42_1.smt2
[DEBUG] Benchmark UF/grasshopper/instantiated/union_postcondition_of_union_42_1.smt2: solved=True, runtime=108.38s, PAR-2=108.38s
[DEBUG] Processing 1920/2285: UF/sledgehammer/Fundamental_Theorem_Algebra/uf.1336351.smt2
[DEBUG] Predicted solver: iProver for benchmark UF/sledgehammer/Fundamental_Theorem_Algebra/uf.1336351.smt2
[DEBUG] Benchmark UF/sledgehammer/Fundamental_Theorem_Algebra/uf.1336351.smt2: solved=True, runtime=0.89s, PAR-2=0.89s
[DEBUG] Processing 1921/2285: UF/20170428-Barrett/cdt-cade2015/nada/distro/gram_lang/x2015_09_10_16_47_34_876_1072686.smt_in.smt2
[DEBUG] Predicted solver: Yices2 for benchmark UF/20170428-Barrett/cdt-cade2015/nada/distro/gram_lang/x2015_09_10_16_47_34_876_1072686.smt_in.smt2
[DEBUG] Benchmark UF/20170428-Barrett/cdt-cade2015/nada/distro/gram_lang/x2015_09_10_16_47_34_876_1072686.smt_in.smt2: solved=False, runtime=1200.00s, PAR-2=2400.00s
[DEBUG] Processing 1922/2285: UF/sledgehammer/TwoSquares/uf.815613.smt2
[DEBUG] Predicted solver: iProver for benchmark UF/sledgehammer/TwoSquares/uf.815613.smt2
[DEBUG] Benchmark UF/sledgehammer/TwoSquares/uf.815613.smt2: solved=False, runtime=1200.00s, PAR-2=2400.00s
[DEBUG] Processing 1923/2285: UF/sledgehammer/Hoare/uf.954879.smt2
[DEBUG] Predicted solver: iProver for benchmark UF/sledgehammer/Hoare/uf.954879.smt2
[DEBUG] Benchmark UF/sledgehammer/Hoare/uf.954879.smt2: solved=False, runtime=1200.00s, PAR-2=2400.00s
[DEBUG] Processing 1924/2285: UF/sledgehammer/FFT/uf.735091.smt2
[DEBUG] Predicted solver: iProver for benchmark UF/sledgehammer/FFT/uf.735091.smt2
[DEBUG] Benchmark UF/sledgehammer/FFT/uf.735091.smt2: solved=True, runtime=0.83s, PAR-2=0.83s
[DEBUG] Processing 1925/2285: UF/sledgehammer/NS_Shared/smtlib.895212.smt2
[DEBUG] Predicted solver: iProver for benchmark UF/sledgehammer/NS_Shared/smtlib.895212.smt2
[DEBUG] Benchmark UF/sledgehammer/NS_Shared/smtlib.895212.smt2: solved=False, runtime=1200.00s, PAR-2=2400.00s
[DEBUG] Processing 1926/2285: UF/sledgehammer/NS_Shared/uf.805623.smt2
[DEBUG] Predicted solver: iProver for benchmark UF/sledgehammer/NS_Shared/uf.805623.smt2
[DEBUG] Benchmark UF/sledgehammer/NS_Shared/uf.805623.smt2: solved=False, runtime=1200.00s, PAR-2=2400.00s
[DEBUG] Processing 1927/2285: UF/20170428-Barrett/cdt-cade2015/nada/distro/stream/x2015_09_10_16_47_32_009_1038075.smt_in.smt2
[DEBUG] Predicted solver: Yices2 for benchmark UF/20170428-Barrett/cdt-cade2015/nada/distro/stream/x2015_09_10_16_47_32_009_1038075.smt_in.smt2
[DEBUG] Benchmark UF/20170428-Barrett/cdt-cade2015/nada/distro/stream/x2015_09_10_16_47_32_009_1038075.smt_in.smt2: solved=False, runtime=1200.00s, PAR-2=2400.00s
[DEBUG] Processing 1928/2285: UF/20170428-Barrett/cdt-cade2015/nada/afp/coinductive_list/x2015_09_10_17_13_57_839_2689902.smt_in.smt2
[DEBUG] Predicted solver: cvc5 for benchmark UF/20170428-Barrett/cdt-cade2015/nada/afp/coinductive_list/x2015_09_10_17_13_57_839_2689902.smt_in.smt2
[DEBUG] Benchmark UF/20170428-Barrett/cdt-cade2015/nada/afp/coinductive_list/x2015_09_10_17_13_57_839_2689902.smt_in.smt2: solved=True, runtime=0.41s, PAR-2=0.41s
[DEBUG] Processing 1929/2285: UF/20170428-Barrett/cdt-cade2015/nada/afp/coinductive_list/x2015_09_10_16_54_58_519_1376829.smt_in.smt2
[DEBUG] Predicted solver: Yices2 for benchmark UF/20170428-Barrett/cdt-cade2015/nada/afp/coinductive_list/x2015_09_10_16_54_58_519_1376829.smt_in.smt2
[DEBUG] Benchmark UF/20170428-Barrett/cdt-cade2015/nada/afp/coinductive_list/x2015_09_10_16_54_58_519_1376829.smt_in.smt2: solved=False, runtime=1200.00s, PAR-2=2400.00s
[DEBUG] Processing 1930/2285: UF/sledgehammer/TwoSquares/uf.603470.smt2
[DEBUG] Predicted solver: iProver for benchmark UF/sledgehammer/TwoSquares/uf.603470.smt2
[DEBUG] Benchmark UF/sledgehammer/TwoSquares/uf.603470.smt2: solved=False, runtime=1200.00s, PAR-2=2400.00s
[DEBUG] Processing 1931/2285: UF/20170428-Barrett/cdt-cade2015/nada/afp/huffman/x2015_09_10_16_51_49_520_1338854.smt_in.smt2
[DEBUG] Predicted solver: Yices2 for benchmark UF/20170428-Barrett/cdt-cade2015/nada/afp/huffman/x2015_09_10_16_51_49_520_1338854.smt_in.smt2
[DEBUG] Benchmark UF/20170428-Barrett/cdt-cade2015/nada/afp/huffman/x2015_09_10_16_51_49_520_1338854.smt_in.smt2: solved=False, runtime=1200.00s, PAR-2=2400.00s
[DEBUG] Processing 1932/2285: UF/20170428-Barrett/cdt-cade2015/nada/afp/splay_tree_analysis/x2015_09_10_16_58_11_604_1167875.smt_in.smt2
[DEBUG] Predicted solver: cvc5 for benchmark UF/20170428-Barrett/cdt-cade2015/nada/afp/splay_tree_analysis/x2015_09_10_16_58_11_604_1167875.smt_in.smt2
[DEBUG] Benchmark UF/20170428-Barrett/cdt-cade2015/nada/afp/splay_tree_analysis/x2015_09_10_16_58_11_604_1167875.smt_in.smt2: solved=True, runtime=9.32s, PAR-2=9.32s
[DEBUG] Processing 1933/2285: UF/sledgehammer/Fundamental_Theorem_Algebra/uf.579514.smt2
[DEBUG] Predicted solver: iProver for benchmark UF/sledgehammer/Fundamental_Theorem_Algebra/uf.579514.smt2
[DEBUG] Benchmark UF/sledgehammer/Fundamental_Theorem_Algebra/uf.579514.smt2: solved=False, runtime=1200.00s, PAR-2=2400.00s
[DEBUG] Processing 1934/2285: UF/20170428-Barrett/cdt-cade2015/nada/afp/coinductive_list/x2015_09_10_17_00_19_711_1666582.smt_in.smt2
[DEBUG] Predicted solver: cvc5 for benchmark UF/20170428-Barrett/cdt-cade2015/nada/afp/coinductive_list/x2015_09_10_17_00_19_711_1666582.smt_in.smt2
[DEBUG] Benchmark UF/20170428-Barrett/cdt-cade2015/nada/afp/coinductive_list/x2015_09_10_17_00_19_711_1666582.smt_in.smt2: solved=True, runtime=0.31s, PAR-2=0.31s
[DEBUG] Processing 1935/2285: UF/20170428-Barrett/cdt-cade2015/nada/afp/hamming_stream/x2015_09_10_16_50_11_844_1172008.smt_in.smt2
[DEBUG] Predicted solver: cvc5 for benchmark UF/20170428-Barrett/cdt-cade2015/nada/afp/hamming_stream/x2015_09_10_16_50_11_844_1172008.smt_in.smt2
[DEBUG] Benchmark UF/20170428-Barrett/cdt-cade2015/nada/afp/hamming_stream/x2015_09_10_16_50_11_844_1172008.smt_in.smt2: solved=False, runtime=1200.00s, PAR-2=2400.00s
[DEBUG] Processing 1936/2285: UF/20170428-Barrett/cdt-cade2015/nada/afp/coinductive_list/x2015_09_10_17_10_38_243_2489632.smt_in.smt2
[DEBUG] Predicted solver: Yices2 for benchmark UF/20170428-Barrett/cdt-cade2015/nada/afp/coinductive_list/x2015_09_10_17_10_38_243_2489632.smt_in.smt2
[DEBUG] Benchmark UF/20170428-Barrett/cdt-cade2015/nada/afp/coinductive_list/x2015_09_10_17_10_38_243_2489632.smt_in.smt2: solved=False, runtime=1200.00s, PAR-2=2400.00s
[DEBUG] Processing 1937/2285: UF/20201221-induction-by-reflection-schoisswohl/reflectiveInductive/addAssoc.smt2
[DEBUG] Predicted solver: iProver for benchmark UF/20201221-induction-by-reflection-schoisswohl/reflectiveInductive/addAssoc.smt2
[DEBUG] Benchmark UF/20201221-induction-by-reflection-schoisswohl/reflectiveInductive/addAssoc.smt2: solved=False, runtime=1200.00s, PAR-2=2400.00s
[DEBUG] Processing 1938/2285: UF/sledgehammer/FFT/uf.731987.smt2
[DEBUG] Predicted solver: iProver for benchmark UF/sledgehammer/FFT/uf.731987.smt2
[DEBUG] Benchmark UF/sledgehammer/FFT/uf.731987.smt2: solved=False, runtime=1200.00s, PAR-2=2400.00s
[DEBUG] Processing 1939/2285: UF/sledgehammer/FFT/uf.801854.smt2
[DEBUG] Predicted solver: iProver for benchmark UF/sledgehammer/FFT/uf.801854.smt2
[DEBUG] Benchmark UF/sledgehammer/FFT/uf.801854.smt2: solved=True, runtime=1.38s, PAR-2=1.38s
[DEBUG] Processing 1940/2285: UF/sledgehammer/FFT/uf.671439.smt2
[DEBUG] Predicted solver: iProver for benchmark UF/sledgehammer/FFT/uf.671439.smt2
[DEBUG] Benchmark UF/sledgehammer/FFT/uf.671439.smt2: solved=True, runtime=646.30s, PAR-2=646.30s
[DEBUG] Processing 1941/2285: UF/sledgehammer/Fundamental_Theorem_Algebra/uf.704733.smt2
[DEBUG] Predicted solver: iProver for benchmark UF/sledgehammer/Fundamental_Theorem_Algebra/uf.704733.smt2
[DEBUG] Benchmark UF/sledgehammer/Fundamental_Theorem_Algebra/uf.704733.smt2: solved=True, runtime=306.61s, PAR-2=306.61s
[DEBUG] Processing 1942/2285: UF/sledgehammer/TypeSafe/uf.865460.smt2
[DEBUG] Predicted solver: Yices2 for benchmark UF/sledgehammer/TypeSafe/uf.865460.smt2
[DEBUG] Benchmark UF/sledgehammer/TypeSafe/uf.865460.smt2: solved=False, runtime=1200.00s, PAR-2=2400.00s
[DEBUG] Processing 1943/2285: UF/20170428-Barrett/cdt-cade2015/nada/afp/huffman/x2015_09_10_16_50_58_676_1284981.smt_in.smt2
[DEBUG] Predicted solver: Yices2 for benchmark UF/20170428-Barrett/cdt-cade2015/nada/afp/huffman/x2015_09_10_16_50_58_676_1284981.smt_in.smt2
[DEBUG] Benchmark UF/20170428-Barrett/cdt-cade2015/nada/afp/huffman/x2015_09_10_16_50_58_676_1284981.smt_in.smt2: solved=False, runtime=1200.00s, PAR-2=2400.00s
[DEBUG] Processing 1944/2285: UF/20170428-Barrett/cdt-cade2015/nada/distro/rbt_impl/x2015_09_10_16_53_52_735_1364650.smt_in.smt2
[DEBUG] Predicted solver: cvc5 for benchmark UF/20170428-Barrett/cdt-cade2015/nada/distro/rbt_impl/x2015_09_10_16_53_52_735_1364650.smt_in.smt2
[DEBUG] Benchmark UF/20170428-Barrett/cdt-cade2015/nada/distro/rbt_impl/x2015_09_10_16_53_52_735_1364650.smt_in.smt2: solved=True, runtime=0.36s, PAR-2=0.36s
[DEBUG] Processing 1945/2285: UF/sledgehammer/StrongNorm/uf.719662.smt2
[DEBUG] Predicted solver: cvc5 for benchmark UF/sledgehammer/StrongNorm/uf.719662.smt2
[DEBUG] Benchmark UF/sledgehammer/StrongNorm/uf.719662.smt2: solved=False, runtime=1200.00s, PAR-2=2400.00s
[DEBUG] Processing 1946/2285: UF/20170428-Barrett/cdt-cade2015/nada/afp/coinductive_list/x2015_09_10_16_57_47_544_1522663.smt_in.smt2
[DEBUG] Predicted solver: Yices2 for benchmark UF/20170428-Barrett/cdt-cade2015/nada/afp/coinductive_list/x2015_09_10_16_57_47_544_1522663.smt_in.smt2
[DEBUG] Benchmark UF/20170428-Barrett/cdt-cade2015/nada/afp/coinductive_list/x2015_09_10_16_57_47_544_1522663.smt_in.smt2: solved=False, runtime=1200.00s, PAR-2=2400.00s
[DEBUG] Processing 1947/2285: UF/sledgehammer/QEpres/uf.1034362.smt2
[DEBUG] Predicted solver: iProver for benchmark UF/sledgehammer/QEpres/uf.1034362.smt2
[DEBUG] Benchmark UF/sledgehammer/QEpres/uf.1034362.smt2: solved=False, runtime=1200.00s, PAR-2=2400.00s
[DEBUG] Processing 1948/2285: UF/20170428-Barrett/cdt-cade2015/nada/afp/coinductive_list/x2015_09_10_17_05_14_566_2054225.smt_in.smt2
[DEBUG] Predicted solver: cvc5 for benchmark UF/20170428-Barrett/cdt-cade2015/nada/afp/coinductive_list/x2015_09_10_17_05_14_566_2054225.smt_in.smt2
[DEBUG] Benchmark UF/20170428-Barrett/cdt-cade2015/nada/afp/coinductive_list/x2015_09_10_17_05_14_566_2054225.smt_in.smt2: solved=False, runtime=1200.00s, PAR-2=2400.00s
[DEBUG] Processing 1949/2285: UF/20170428-Barrett/cdt-cade2015/nada/distro/rbt_impl/x2015_09_10_16_50_12_033_1016442.smt_in.smt2
[DEBUG] Predicted solver: Yices2 for benchmark UF/20170428-Barrett/cdt-cade2015/nada/distro/rbt_impl/x2015_09_10_16_50_12_033_1016442.smt_in.smt2
[DEBUG] Benchmark UF/20170428-Barrett/cdt-cade2015/nada/distro/rbt_impl/x2015_09_10_16_50_12_033_1016442.smt_in.smt2: solved=False, runtime=1200.00s, PAR-2=2400.00s
[DEBUG] Processing 1950/2285: UF/20170428-Barrett/cdt-cade2015/nada/distro/stream/x2015_09_10_16_48_21_588_1089161.smt_in.smt2
[DEBUG] Predicted solver: cvc5 for benchmark UF/20170428-Barrett/cdt-cade2015/nada/distro/stream/x2015_09_10_16_48_21_588_1089161.smt_in.smt2
[DEBUG] Benchmark UF/20170428-Barrett/cdt-cade2015/nada/distro/stream/x2015_09_10_16_48_21_588_1089161.smt_in.smt2: solved=False, runtime=1200.00s, PAR-2=2400.00s
[DEBUG] Processing 1951/2285: UF/sledgehammer/TypeSafe/smtlib.1275404.smt2
[DEBUG] Predicted solver: iProver for benchmark UF/sledgehammer/TypeSafe/smtlib.1275404.smt2
[DEBUG] Benchmark UF/sledgehammer/TypeSafe/smtlib.1275404.smt2: solved=False, runtime=1200.00s, PAR-2=2400.00s
[DEBUG] Processing 1952/2285: UF/20170428-Barrett/cdt-cade2015/nada/distro/stream/x2015_09_10_16_48_40_448_1113085.smt_in.smt2
[DEBUG] Predicted solver: Yices2 for benchmark UF/20170428-Barrett/cdt-cade2015/nada/distro/stream/x2015_09_10_16_48_40_448_1113085.smt_in.smt2
[DEBUG] Benchmark UF/20170428-Barrett/cdt-cade2015/nada/distro/stream/x2015_09_10_16_48_40_448_1113085.smt_in.smt2: solved=False, runtime=1200.00s, PAR-2=2400.00s
[DEBUG] Processing 1953/2285: UF/20170428-Barrett/cdt-cade2015/nada/afp/huffman/x2015_09_10_16_51_45_728_1335096.smt_in.smt2
[DEBUG] Predicted solver: Yices2 for benchmark UF/20170428-Barrett/cdt-cade2015/nada/afp/huffman/x2015_09_10_16_51_45_728_1335096.smt_in.smt2
[DEBUG] Benchmark UF/20170428-Barrett/cdt-cade2015/nada/afp/huffman/x2015_09_10_16_51_45_728_1335096.smt_in.smt2: solved=False, runtime=1200.00s, PAR-2=2400.00s
[DEBUG] Processing 1954/2285: UF/20170428-Barrett/cdt-cade2015/nada/distro/gram_lang/x2015_09_10_16_54_17_037_1466089.smt_in.smt2
[DEBUG] Predicted solver: cvc5 for benchmark UF/20170428-Barrett/cdt-cade2015/nada/distro/gram_lang/x2015_09_10_16_54_17_037_1466089.smt_in.smt2
[DEBUG] Benchmark UF/20170428-Barrett/cdt-cade2015/nada/distro/gram_lang/x2015_09_10_16_54_17_037_1466089.smt_in.smt2: solved=True, runtime=0.32s, PAR-2=0.32s
[DEBUG] Processing 1955/2285: UF/20170428-Barrett/cdt-cade2015/nada/afp/coinductive_list/x2015_09_10_16_59_12_406_1598464.smt_in.smt2
[DEBUG] Predicted solver: cvc5 for benchmark UF/20170428-Barrett/cdt-cade2015/nada/afp/coinductive_list/x2015_09_10_16_59_12_406_1598464.smt_in.smt2
[DEBUG] Benchmark UF/20170428-Barrett/cdt-cade2015/nada/afp/coinductive_list/x2015_09_10_16_59_12_406_1598464.smt_in.smt2: solved=False, runtime=1200.00s, PAR-2=2400.00s
[DEBUG] Processing 1956/2285: UF/20170428-Barrett/cdt-cade2015/nada/afp/sorted_list_operations/x2015_09_10_16_48_25_477_1112809.smt_in.smt2
[DEBUG] Predicted solver: cvc5 for benchmark UF/20170428-Barrett/cdt-cade2015/nada/afp/sorted_list_operations/x2015_09_10_16_48_25_477_1112809.smt_in.smt2
[DEBUG] Benchmark UF/20170428-Barrett/cdt-cade2015/nada/afp/sorted_list_operations/x2015_09_10_16_48_25_477_1112809.smt_in.smt2: solved=False, runtime=1200.00s, PAR-2=2400.00s
[DEBUG] Processing 1957/2285: UF/sledgehammer/Fundamental_Theorem_Algebra/uf.1040307.smt2
[DEBUG] Predicted solver: iProver for benchmark UF/sledgehammer/Fundamental_Theorem_Algebra/uf.1040307.smt2
[DEBUG] Benchmark UF/sledgehammer/Fundamental_Theorem_Algebra/uf.1040307.smt2: solved=False, runtime=1200.00s, PAR-2=2400.00s
[DEBUG] Processing 1958/2285: UF/20170428-Barrett/cdt-cade2015/nada/afp/abstract_completeness/x2015_09_10_16_59_47_178_1054231.smt_in.smt2
[DEBUG] Predicted solver: cvc5 for benchmark UF/20170428-Barrett/cdt-cade2015/nada/afp/abstract_completeness/x2015_09_10_16_59_47_178_1054231.smt_in.smt2
[DEBUG] Benchmark UF/20170428-Barrett/cdt-cade2015/nada/afp/abstract_completeness/x2015_09_10_16_59_47_178_1054231.smt_in.smt2: solved=True, runtime=30.41s, PAR-2=30.41s
[DEBUG] Processing 1959/2285: UF/sledgehammer/Fundamental_Theorem_Algebra/uf.641183.smt2
[DEBUG] Predicted solver: iProver for benchmark UF/sledgehammer/Fundamental_Theorem_Algebra/uf.641183.smt2
[DEBUG] Benchmark UF/sledgehammer/Fundamental_Theorem_Algebra/uf.641183.smt2: solved=False, runtime=1200.00s, PAR-2=2400.00s
[DEBUG] Processing 1960/2285: UF/20170428-Barrett/cdt-cade2015/nada/afp/coinductive_list/x2015_09_10_16_51_22_715_1181542.smt_in.smt2
[DEBUG] Predicted solver: Yices2 for benchmark UF/20170428-Barrett/cdt-cade2015/nada/afp/coinductive_list/x2015_09_10_16_51_22_715_1181542.smt_in.smt2
[DEBUG] Benchmark UF/20170428-Barrett/cdt-cade2015/nada/afp/coinductive_list/x2015_09_10_16_51_22_715_1181542.smt_in.smt2: solved=False, runtime=1200.00s, PAR-2=2400.00s
[DEBUG] Processing 1961/2285: UF/20170428-Barrett/cdt-cade2015/nada/afp/huffman/x2015_09_10_16_46_24_342_985888.smt_in.smt2
[DEBUG] Predicted solver: cvc5 for benchmark UF/20170428-Barrett/cdt-cade2015/nada/afp/huffman/x2015_09_10_16_46_24_342_985888.smt_in.smt2
[DEBUG] Benchmark UF/20170428-Barrett/cdt-cade2015/nada/afp/huffman/x2015_09_10_16_46_24_342_985888.smt_in.smt2: solved=False, runtime=1200.00s, PAR-2=2400.00s
[DEBUG] Processing 1962/2285: UF/sledgehammer/Fundamental_Theorem_Algebra/uf.1464795.smt2
[DEBUG] Predicted solver: cvc5 for benchmark UF/sledgehammer/Fundamental_Theorem_Algebra/uf.1464795.smt2
[DEBUG] Benchmark UF/sledgehammer/Fundamental_Theorem_Algebra/uf.1464795.smt2: solved=True, runtime=0.26s, PAR-2=0.26s
[DEBUG] Processing 1963/2285: UF/sledgehammer/FFT/uf.638714.smt2
[DEBUG] Predicted solver: iProver for benchmark UF/sledgehammer/FFT/uf.638714.smt2
[DEBUG] Benchmark UF/sledgehammer/FFT/uf.638714.smt2: solved=True, runtime=48.41s, PAR-2=48.41s
[DEBUG] Processing 1964/2285: UF/sledgehammer/FFT/uf.794528.smt2
[DEBUG] Predicted solver: iProver for benchmark UF/sledgehammer/FFT/uf.794528.smt2
[DEBUG] Benchmark UF/sledgehammer/FFT/uf.794528.smt2: solved=True, runtime=1.37s, PAR-2=1.37s
[DEBUG] Processing 1965/2285: UF/20170428-Barrett/cdt-cade2015/nada/afp/huffman/x2015_09_10_16_49_21_353_1177623.smt_in.smt2
[DEBUG] Predicted solver: cvc5 for benchmark UF/20170428-Barrett/cdt-cade2015/nada/afp/huffman/x2015_09_10_16_49_21_353_1177623.smt_in.smt2
[DEBUG] Benchmark UF/20170428-Barrett/cdt-cade2015/nada/afp/huffman/x2015_09_10_16_49_21_353_1177623.smt_in.smt2: solved=True, runtime=0.27s, PAR-2=0.27s
[DEBUG] Processing 1966/2285: UF/20170428-Barrett/cdt-cade2015/nada/afp/llist2/x2015_09_10_16_56_07_138_1310258.smt_in.smt2
[DEBUG] Predicted solver: Yices2 for benchmark UF/20170428-Barrett/cdt-cade2015/nada/afp/llist2/x2015_09_10_16_56_07_138_1310258.smt_in.smt2
[DEBUG] Benchmark UF/20170428-Barrett/cdt-cade2015/nada/afp/llist2/x2015_09_10_16_56_07_138_1310258.smt_in.smt2: solved=False, runtime=1200.00s, PAR-2=2400.00s
[DEBUG] Processing 1967/2285: UF/sledgehammer/TwoSquares/uf.721509.smt2
[DEBUG] Predicted solver: cvc5 for benchmark UF/sledgehammer/TwoSquares/uf.721509.smt2
[DEBUG] Benchmark UF/sledgehammer/TwoSquares/uf.721509.smt2: solved=True, runtime=0.32s, PAR-2=0.32s
[DEBUG] Processing 1968/2285: UF/sledgehammer/Arrow_Order/uf.636833.smt2
[DEBUG] Predicted solver: Yices2 for benchmark UF/sledgehammer/Arrow_Order/uf.636833.smt2
[DEBUG] Benchmark UF/sledgehammer/Arrow_Order/uf.636833.smt2: solved=False, runtime=1200.00s, PAR-2=2400.00s
[DEBUG] Processing 1969/2285: UF/sledgehammer/StrongNorm/uf.568762.smt2
[DEBUG] Predicted solver: iProver for benchmark UF/sledgehammer/StrongNorm/uf.568762.smt2
[DEBUG] Benchmark UF/sledgehammer/StrongNorm/uf.568762.smt2: solved=False, runtime=1200.00s, PAR-2=2400.00s
[DEBUG] Processing 1970/2285: UF/sledgehammer/QEpres/uf.893328.smt2
[DEBUG] Predicted solver: cvc5 for benchmark UF/sledgehammer/QEpres/uf.893328.smt2
[DEBUG] Benchmark UF/sledgehammer/QEpres/uf.893328.smt2: solved=False, runtime=1200.00s, PAR-2=2400.00s
[DEBUG] Processing 1971/2285: UF/sledgehammer/Fundamental_Theorem_Algebra/uf.574645.smt2
[DEBUG] Predicted solver: iProver for benchmark UF/sledgehammer/Fundamental_Theorem_Algebra/uf.574645.smt2
[DEBUG] Benchmark UF/sledgehammer/Fundamental_Theorem_Algebra/uf.574645.smt2: solved=False, runtime=1200.00s, PAR-2=2400.00s
[DEBUG] Processing 1972/2285: UF/20170428-Barrett/cdt-cade2015/nada/distro/rbt_impl/x2015_09_10_16_56_45_052_1719495.smt_in.smt2
[DEBUG] Predicted solver: iProver for benchmark UF/20170428-Barrett/cdt-cade2015/nada/distro/rbt_impl/x2015_09_10_16_56_45_052_1719495.smt_in.smt2
[DEBUG] Benchmark UF/20170428-Barrett/cdt-cade2015/nada/distro/rbt_impl/x2015_09_10_16_56_45_052_1719495.smt_in.smt2: solved=False, runtime=1200.00s, PAR-2=2400.00s
[DEBUG] Processing 1973/2285: UF/20170428-Barrett/cdt-cade2015/nada/afp/coinductive_stream/x2015_09_10_17_25_33_589_1256369.smt_in.smt2
[DEBUG] Predicted solver: cvc5 for benchmark UF/20170428-Barrett/cdt-cade2015/nada/afp/coinductive_stream/x2015_09_10_17_25_33_589_1256369.smt_in.smt2
[DEBUG] Benchmark UF/20170428-Barrett/cdt-cade2015/nada/afp/coinductive_stream/x2015_09_10_17_25_33_589_1256369.smt_in.smt2: solved=True, runtime=0.52s, PAR-2=0.52s
[DEBUG] Processing 1974/2285: UF/sledgehammer/NS_Shared/smtlib.653980.smt2
[DEBUG] Predicted solver: iProver for benchmark UF/sledgehammer/NS_Shared/smtlib.653980.smt2
[DEBUG] Benchmark UF/sledgehammer/NS_Shared/smtlib.653980.smt2: solved=False, runtime=1200.00s, PAR-2=2400.00s
[DEBUG] Processing 1975/2285: UF/grasshopper/instantiated/rec_reverse_acc_precondition_of_rec_reverse_acc_19_11.smt2
[DEBUG] Predicted solver: iProver for benchmark UF/grasshopper/instantiated/rec_reverse_acc_precondition_of_rec_reverse_acc_19_11.smt2
[DEBUG] Benchmark UF/grasshopper/instantiated/rec_reverse_acc_precondition_of_rec_reverse_acc_19_11.smt2: solved=True, runtime=1.40s, PAR-2=1.40s
[DEBUG] Processing 1976/2285: UF/sledgehammer/NS_Shared/smtlib.620031.smt2
[DEBUG] Predicted solver: Yices2 for benchmark UF/sledgehammer/NS_Shared/smtlib.620031.smt2
[DEBUG] Benchmark UF/sledgehammer/NS_Shared/smtlib.620031.smt2: solved=False, runtime=1200.00s, PAR-2=2400.00s
[DEBUG] Processing 1977/2285: UF/20170428-Barrett/cdt-cade2015/nada/distro/rbt_impl/x2015_09_10_16_58_52_202_1855782.smt_in.smt2
[DEBUG] Predicted solver: Yices2 for benchmark UF/20170428-Barrett/cdt-cade2015/nada/distro/rbt_impl/x2015_09_10_16_58_52_202_1855782.smt_in.smt2
[DEBUG] Benchmark UF/20170428-Barrett/cdt-cade2015/nada/distro/rbt_impl/x2015_09_10_16_58_52_202_1855782.smt_in.smt2: solved=False, runtime=1200.00s, PAR-2=2400.00s
[DEBUG] Processing 1978/2285: UF/20170428-Barrett/cdt-cade2015/nada/afp/abstract_completeness/x2015_09_10_17_00_00_926_1067930.smt_in.smt2
[DEBUG] Predicted solver: cvc5 for benchmark UF/20170428-Barrett/cdt-cade2015/nada/afp/abstract_completeness/x2015_09_10_17_00_00_926_1067930.smt_in.smt2
[DEBUG] Benchmark UF/20170428-Barrett/cdt-cade2015/nada/afp/abstract_completeness/x2015_09_10_17_00_00_926_1067930.smt_in.smt2: solved=True, runtime=549.44s, PAR-2=549.44s
[DEBUG] Processing 1979/2285: UF/20170428-Barrett/cdt-cade2015/nada/afp/coinductive_list/x2015_09_10_16_59_44_858_1629617.smt_in.smt2
[DEBUG] Predicted solver: cvc5 for benchmark UF/20170428-Barrett/cdt-cade2015/nada/afp/coinductive_list/x2015_09_10_16_59_44_858_1629617.smt_in.smt2
[DEBUG] Benchmark UF/20170428-Barrett/cdt-cade2015/nada/afp/coinductive_list/x2015_09_10_16_59_44_858_1629617.smt_in.smt2: solved=False, runtime=1200.00s, PAR-2=2400.00s
[DEBUG] Processing 1980/2285: UF/20170428-Barrett/cdt-cade2015/nada/distro/stream/x2015_09_10_16_47_59_819_1065637.smt_in.smt2
[DEBUG] Predicted solver: cvc5 for benchmark UF/20170428-Barrett/cdt-cade2015/nada/distro/stream/x2015_09_10_16_47_59_819_1065637.smt_in.smt2
[DEBUG] Benchmark UF/20170428-Barrett/cdt-cade2015/nada/distro/stream/x2015_09_10_16_47_59_819_1065637.smt_in.smt2: solved=True, runtime=0.33s, PAR-2=0.33s
[DEBUG] Processing 1981/2285: UF/20170428-Barrett/cdt-cade2015/nada/afp/sorted_list_operations/x2015_09_10_16_48_30_880_1118378.smt_in.smt2
[DEBUG] Predicted solver: cvc5 for benchmark UF/20170428-Barrett/cdt-cade2015/nada/afp/sorted_list_operations/x2015_09_10_16_48_30_880_1118378.smt_in.smt2
[DEBUG] Benchmark UF/20170428-Barrett/cdt-cade2015/nada/afp/sorted_list_operations/x2015_09_10_16_48_30_880_1118378.smt_in.smt2: solved=True, runtime=0.28s, PAR-2=0.28s
[DEBUG] Processing 1982/2285: UF/20170428-Barrett/cdt-cade2015/nada/afp/coinductive_list/x2015_09_10_16_50_51_476_1152754.smt_in.smt2
[DEBUG] Predicted solver: Yices2 for benchmark UF/20170428-Barrett/cdt-cade2015/nada/afp/coinductive_list/x2015_09_10_16_50_51_476_1152754.smt_in.smt2
[DEBUG] Benchmark UF/20170428-Barrett/cdt-cade2015/nada/afp/coinductive_list/x2015_09_10_16_50_51_476_1152754.smt_in.smt2: solved=True, runtime=0.24s, PAR-2=0.24s
[DEBUG] Processing 1983/2285: UF/sledgehammer/TypeSafe/uf.799398.smt2
[DEBUG] Predicted solver: iProver for benchmark UF/sledgehammer/TypeSafe/uf.799398.smt2
[DEBUG] Benchmark UF/sledgehammer/TypeSafe/uf.799398.smt2: solved=False, runtime=1200.00s, PAR-2=2400.00s
[DEBUG] Processing 1984/2285: UF/20170428-Barrett/cdt-cade2015/nada/afp/coinductive_list/x2015_09_10_16_52_14_452_1224847.smt_in.smt2
[DEBUG] Predicted solver: Yices2 for benchmark UF/20170428-Barrett/cdt-cade2015/nada/afp/coinductive_list/x2015_09_10_16_52_14_452_1224847.smt_in.smt2
[DEBUG] Benchmark UF/20170428-Barrett/cdt-cade2015/nada/afp/coinductive_list/x2015_09_10_16_52_14_452_1224847.smt_in.smt2: solved=False, runtime=1200.00s, PAR-2=2400.00s
[DEBUG] Processing 1985/2285: UF/20170428-Barrett/cdt-cade2015/nada/distro/rbt_impl/x2015_09_10_16_56_01_664_1620710.smt_in.smt2
[DEBUG] Predicted solver: iProver for benchmark UF/20170428-Barrett/cdt-cade2015/nada/distro/rbt_impl/x2015_09_10_16_56_01_664_1620710.smt_in.smt2
[DEBUG] Benchmark UF/20170428-Barrett/cdt-cade2015/nada/distro/rbt_impl/x2015_09_10_16_56_01_664_1620710.smt_in.smt2: solved=False, runtime=1200.00s, PAR-2=2400.00s
[DEBUG] Processing 1986/2285: UF/sledgehammer/TypeSafe/uf.939289.smt2
[DEBUG] Predicted solver: iProver for benchmark UF/sledgehammer/TypeSafe/uf.939289.smt2
[DEBUG] Benchmark UF/sledgehammer/TypeSafe/uf.939289.smt2: solved=False, runtime=1200.00s, PAR-2=2400.00s
[DEBUG] Processing 1987/2285: UF/sledgehammer/TypeSafe/smtlib.1361818.smt2
[DEBUG] Predicted solver: cvc5 for benchmark UF/sledgehammer/TypeSafe/smtlib.1361818.smt2
[DEBUG] Benchmark UF/sledgehammer/TypeSafe/smtlib.1361818.smt2: solved=False, runtime=1200.00s, PAR-2=2400.00s
[DEBUG] Processing 1988/2285: UF/sledgehammer/TwoSquares/uf.651519.smt2
[DEBUG] Predicted solver: iProver for benchmark UF/sledgehammer/TwoSquares/uf.651519.smt2
[DEBUG] Benchmark UF/sledgehammer/TwoSquares/uf.651519.smt2: solved=False, runtime=1200.00s, PAR-2=2400.00s
[DEBUG] Processing 1989/2285: UF/20170428-Barrett/cdt-cade2015/nada/afp/coinductive_list/x2015_09_10_17_14_11_100_2695278.smt_in.smt2
[DEBUG] Predicted solver: cvc5 for benchmark UF/20170428-Barrett/cdt-cade2015/nada/afp/coinductive_list/x2015_09_10_17_14_11_100_2695278.smt_in.smt2
[DEBUG] Benchmark UF/20170428-Barrett/cdt-cade2015/nada/afp/coinductive_list/x2015_09_10_17_14_11_100_2695278.smt_in.smt2: solved=True, runtime=0.32s, PAR-2=0.32s
[DEBUG] Processing 1990/2285: UF/sledgehammer/FFT/uf.736402.smt2
[DEBUG] Predicted solver: cvc5 for benchmark UF/sledgehammer/FFT/uf.736402.smt2
[DEBUG] Benchmark UF/sledgehammer/FFT/uf.736402.smt2: solved=False, runtime=1200.00s, PAR-2=2400.00s
[DEBUG] Processing 1991/2285: UF/20170428-Barrett/cdt-cade2015/nada/distro/gram_lang/x2015_09_10_16_50_24_407_1248995.smt_in.smt2
[DEBUG] Predicted solver: Yices2 for benchmark UF/20170428-Barrett/cdt-cade2015/nada/distro/gram_lang/x2015_09_10_16_50_24_407_1248995.smt_in.smt2
[DEBUG] Benchmark UF/20170428-Barrett/cdt-cade2015/nada/distro/gram_lang/x2015_09_10_16_50_24_407_1248995.smt_in.smt2: solved=False, runtime=1200.00s, PAR-2=2400.00s
[DEBUG] Processing 1992/2285: UF/sledgehammer/Hoare/uf.800999.smt2
[DEBUG] Predicted solver: iProver for benchmark UF/sledgehammer/Hoare/uf.800999.smt2
[DEBUG] Benchmark UF/sledgehammer/Hoare/uf.800999.smt2: solved=True, runtime=302.02s, PAR-2=302.02s
[DEBUG] Processing 1993/2285: UF/sledgehammer/Fundamental_Theorem_Algebra/uf.960124.smt2
[DEBUG] Predicted solver: iProver for benchmark UF/sledgehammer/Fundamental_Theorem_Algebra/uf.960124.smt2
[DEBUG] Benchmark UF/sledgehammer/Fundamental_Theorem_Algebra/uf.960124.smt2: solved=False, runtime=1200.00s, PAR-2=2400.00s
[DEBUG] Processing 1994/2285: UF/20170428-Barrett/cdt-cade2015/nada/afp/llist2/x2015_09_10_16_55_44_058_1293777.smt_in.smt2
[DEBUG] Predicted solver: Yices2 for benchmark UF/20170428-Barrett/cdt-cade2015/nada/afp/llist2/x2015_09_10_16_55_44_058_1293777.smt_in.smt2
[DEBUG] Benchmark UF/20170428-Barrett/cdt-cade2015/nada/afp/llist2/x2015_09_10_16_55_44_058_1293777.smt_in.smt2: solved=True, runtime=0.23s, PAR-2=0.23s
[DEBUG] Processing 1995/2285: UF/sledgehammer/Fundamental_Theorem_Algebra/uf.997892.smt2
[DEBUG] Predicted solver: iProver for benchmark UF/sledgehammer/Fundamental_Theorem_Algebra/uf.997892.smt2
[DEBUG] Benchmark UF/sledgehammer/Fundamental_Theorem_Algebra/uf.997892.smt2: solved=True, runtime=230.99s, PAR-2=230.99s
[DEBUG] Processing 1996/2285: UF/sledgehammer/FFT/uf.765709.smt2
[DEBUG] Predicted solver: iProver for benchmark UF/sledgehammer/FFT/uf.765709.smt2
[DEBUG] Benchmark UF/sledgehammer/FFT/uf.765709.smt2: solved=False, runtime=1200.00s, PAR-2=2400.00s
[DEBUG] Processing 1997/2285: UF/20170428-Barrett/cdt-cade2015/nada/afp/coinductive_stream/x2015_09_10_17_22_31_669_1094619.smt_in.smt2
[DEBUG] Predicted solver: cvc5 for benchmark UF/20170428-Barrett/cdt-cade2015/nada/afp/coinductive_stream/x2015_09_10_17_22_31_669_1094619.smt_in.smt2
[DEBUG] Benchmark UF/20170428-Barrett/cdt-cade2015/nada/afp/coinductive_stream/x2015_09_10_17_22_31_669_1094619.smt_in.smt2: solved=False, runtime=1200.00s, PAR-2=2400.00s
[DEBUG] Processing 1998/2285: UF/sledgehammer/FFT/uf.815638.smt2
[DEBUG] Predicted solver: iProver for benchmark UF/sledgehammer/FFT/uf.815638.smt2
[DEBUG] Benchmark UF/sledgehammer/FFT/uf.815638.smt2: solved=False, runtime=1200.00s, PAR-2=2400.00s
[DEBUG] Processing 1999/2285: UF/20170428-Barrett/cdt-cade2015/nada/distro/gram_lang/x2015_09_10_16_53_24_819_1422372.smt_in.smt2
[DEBUG] Predicted solver: Yices2 for benchmark UF/20170428-Barrett/cdt-cade2015/nada/distro/gram_lang/x2015_09_10_16_53_24_819_1422372.smt_in.smt2
[DEBUG] Benchmark UF/20170428-Barrett/cdt-cade2015/nada/distro/gram_lang/x2015_09_10_16_53_24_819_1422372.smt_in.smt2: solved=False, runtime=1200.00s, PAR-2=2400.00s
[DEBUG] Processing 2000/2285: UF/20170428-Barrett/cdt-cade2015/nada/afp/coinductive_list/x2015_09_10_16_51_30_148_1188795.smt_in.smt2
[DEBUG] Predicted solver: Yices2 for benchmark UF/20170428-Barrett/cdt-cade2015/nada/afp/coinductive_list/x2015_09_10_16_51_30_148_1188795.smt_in.smt2
[DEBUG] Benchmark UF/20170428-Barrett/cdt-cade2015/nada/afp/coinductive_list/x2015_09_10_16_51_30_148_1188795.smt_in.smt2: solved=True, runtime=0.30s, PAR-2=0.30s
[DEBUG] Processing 2001/2285: UF/20170428-Barrett/cdt-cade2015/nada/distro/stream_processor/x2015_09_10_16_46_03_192_1015705.smt_in.smt2
[DEBUG] Predicted solver: cvc5 for benchmark UF/20170428-Barrett/cdt-cade2015/nada/distro/stream_processor/x2015_09_10_16_46_03_192_1015705.smt_in.smt2
[DEBUG] Benchmark UF/20170428-Barrett/cdt-cade2015/nada/distro/stream_processor/x2015_09_10_16_46_03_192_1015705.smt_in.smt2: solved=False, runtime=1200.00s, PAR-2=2400.00s
[DEBUG] Processing 2002/2285: UF/sledgehammer/Arrow_Order/smtlib.703012.smt2
[DEBUG] Predicted solver: cvc5 for benchmark UF/sledgehammer/Arrow_Order/smtlib.703012.smt2
[DEBUG] Benchmark UF/sledgehammer/Arrow_Order/smtlib.703012.smt2: solved=True, runtime=0.44s, PAR-2=0.44s
[DEBUG] Processing 2003/2285: UF/sledgehammer/Hoare/uf.989972.smt2
[DEBUG] Predicted solver: cvc5 for benchmark UF/sledgehammer/Hoare/uf.989972.smt2
[DEBUG] Benchmark UF/sledgehammer/Hoare/uf.989972.smt2: solved=False, runtime=1200.00s, PAR-2=2400.00s
[DEBUG] Processing 2004/2285: UF/sledgehammer/QEpres/uf.994019.smt2
[DEBUG] Predicted solver: cvc5 for benchmark UF/sledgehammer/QEpres/uf.994019.smt2
[DEBUG] Benchmark UF/sledgehammer/QEpres/uf.994019.smt2: solved=False, runtime=1200.00s, PAR-2=2400.00s
[DEBUG] Processing 2005/2285: UF/sledgehammer/FFT/uf.655993.smt2
[DEBUG] Predicted solver: iProver for benchmark UF/sledgehammer/FFT/uf.655993.smt2
[DEBUG] Benchmark UF/sledgehammer/FFT/uf.655993.smt2: solved=False, runtime=1200.00s, PAR-2=2400.00s
[DEBUG] Processing 2006/2285: UF/sledgehammer/Fundamental_Theorem_Algebra/uf.1000905.smt2
[DEBUG] Predicted solver: iProver for benchmark UF/sledgehammer/Fundamental_Theorem_Algebra/uf.1000905.smt2
[DEBUG] Benchmark UF/sledgehammer/Fundamental_Theorem_Algebra/uf.1000905.smt2: solved=True, runtime=0.86s, PAR-2=0.86s
[DEBUG] Processing 2007/2285: UF/sledgehammer/Fundamental_Theorem_Algebra/uf.602901.smt2
[DEBUG] Predicted solver: iProver for benchmark UF/sledgehammer/Fundamental_Theorem_Algebra/uf.602901.smt2
[DEBUG] Benchmark UF/sledgehammer/Fundamental_Theorem_Algebra/uf.602901.smt2: solved=True, runtime=0.86s, PAR-2=0.86s
[DEBUG] Processing 2008/2285: UF/sledgehammer/TypeSafe/smtlib.770501.smt2
[DEBUG] Predicted solver: iProver for benchmark UF/sledgehammer/TypeSafe/smtlib.770501.smt2
[DEBUG] Benchmark UF/sledgehammer/TypeSafe/smtlib.770501.smt2: solved=False, runtime=1200.00s, PAR-2=2400.00s
[DEBUG] Processing 2009/2285: UF/sledgehammer/NS_Shared/smtlib.856677.smt2
[DEBUG] Predicted solver: iProver for benchmark UF/sledgehammer/NS_Shared/smtlib.856677.smt2
[DEBUG] Benchmark UF/sledgehammer/NS_Shared/smtlib.856677.smt2: solved=False, runtime=1200.00s, PAR-2=2400.00s
[DEBUG] Processing 2010/2285: UF/20170428-Barrett/cdt-cade2015/nada/distro/gram_lang/x2015_09_10_16_49_03_424_1170927.smt_in.smt2
[DEBUG] Predicted solver: Yices2 for benchmark UF/20170428-Barrett/cdt-cade2015/nada/distro/gram_lang/x2015_09_10_16_49_03_424_1170927.smt_in.smt2
[DEBUG] Benchmark UF/20170428-Barrett/cdt-cade2015/nada/distro/gram_lang/x2015_09_10_16_49_03_424_1170927.smt_in.smt2: solved=False, runtime=1200.00s, PAR-2=2400.00s
[DEBUG] Processing 2011/2285: UF/20170428-Barrett/cdt-cade2015/nada/distro/stream/x2015_09_10_16_48_16_909_1084419.smt_in.smt2
[DEBUG] Predicted solver: cvc5 for benchmark UF/20170428-Barrett/cdt-cade2015/nada/distro/stream/x2015_09_10_16_48_16_909_1084419.smt_in.smt2
[DEBUG] Benchmark UF/20170428-Barrett/cdt-cade2015/nada/distro/stream/x2015_09_10_16_48_16_909_1084419.smt_in.smt2: solved=False, runtime=1200.00s, PAR-2=2400.00s
[DEBUG] Processing 2012/2285: UF/20170428-Barrett/cdt-cade2015/nada/afp/abstract_completeness/x2015_09_10_17_00_32_932_1101238.smt_in.smt2
[DEBUG] Predicted solver: cvc5 for benchmark UF/20170428-Barrett/cdt-cade2015/nada/afp/abstract_completeness/x2015_09_10_17_00_32_932_1101238.smt_in.smt2
[DEBUG] Benchmark UF/20170428-Barrett/cdt-cade2015/nada/afp/abstract_completeness/x2015_09_10_17_00_32_932_1101238.smt_in.smt2: solved=False, runtime=1200.00s, PAR-2=2400.00s
[DEBUG] Processing 2013/2285: UF/sledgehammer/Hoare/uf.1101036.smt2
[DEBUG] Predicted solver: iProver for benchmark UF/sledgehammer/Hoare/uf.1101036.smt2
[DEBUG] Benchmark UF/sledgehammer/Hoare/uf.1101036.smt2: solved=False, runtime=1200.00s, PAR-2=2400.00s
[DEBUG] Processing 2014/2285: UF/sledgehammer/QEpres/uf.874182.smt2
[DEBUG] Predicted solver: iProver for benchmark UF/sledgehammer/QEpres/uf.874182.smt2
[DEBUG] Benchmark UF/sledgehammer/QEpres/uf.874182.smt2: solved=True, runtime=1.34s, PAR-2=1.34s
[DEBUG] Processing 2015/2285: UF/20170428-Barrett/cdt-cade2015/nada/afp/coinductive_list/x2015_09_10_16_57_16_180_1492086.smt_in.smt2
[DEBUG] Predicted solver: cvc5 for benchmark UF/20170428-Barrett/cdt-cade2015/nada/afp/coinductive_list/x2015_09_10_16_57_16_180_1492086.smt_in.smt2
[DEBUG] Benchmark UF/20170428-Barrett/cdt-cade2015/nada/afp/coinductive_list/x2015_09_10_16_57_16_180_1492086.smt_in.smt2: solved=False, runtime=1200.00s, PAR-2=2400.00s
[DEBUG] Processing 2016/2285: UF/sledgehammer/TwoSquares/uf.825486.smt2
[DEBUG] Predicted solver: iProver for benchmark UF/sledgehammer/TwoSquares/uf.825486.smt2
[DEBUG] Benchmark UF/sledgehammer/TwoSquares/uf.825486.smt2: solved=False, runtime=1200.00s, PAR-2=2400.00s
[DEBUG] Processing 2017/2285: UF/sledgehammer/QEpres/uf.971284.smt2
[DEBUG] Predicted solver: iProver for benchmark UF/sledgehammer/QEpres/uf.971284.smt2
[DEBUG] Benchmark UF/sledgehammer/QEpres/uf.971284.smt2: solved=False, runtime=1200.00s, PAR-2=2400.00s
[DEBUG] Processing 2018/2285: UF/sledgehammer/TwoSquares/uf.605677.smt2
[DEBUG] Predicted solver: iProver for benchmark UF/sledgehammer/TwoSquares/uf.605677.smt2
[DEBUG] Benchmark UF/sledgehammer/TwoSquares/uf.605677.smt2: solved=True, runtime=1.35s, PAR-2=1.35s
[DEBUG] Processing 2019/2285: UF/20170428-Barrett/cdt-cade2015/nada/afp/huffman/x2015_09_10_16_51_06_602_1291091.smt_in.smt2
[DEBUG] Predicted solver: Yices2 for benchmark UF/20170428-Barrett/cdt-cade2015/nada/afp/huffman/x2015_09_10_16_51_06_602_1291091.smt_in.smt2
[DEBUG] Benchmark UF/20170428-Barrett/cdt-cade2015/nada/afp/huffman/x2015_09_10_16_51_06_602_1291091.smt_in.smt2: solved=True, runtime=0.22s, PAR-2=0.22s
[DEBUG] Processing 2020/2285: UF/sledgehammer/QEpres/uf.731652.smt2
[DEBUG] Predicted solver: iProver for benchmark UF/sledgehammer/QEpres/uf.731652.smt2
[DEBUG] Benchmark UF/sledgehammer/QEpres/uf.731652.smt2: solved=False, runtime=1200.00s, PAR-2=2400.00s
[DEBUG] Processing 2021/2285: UF/sledgehammer/Fundamental_Theorem_Algebra/uf.734512.smt2
[DEBUG] Predicted solver: iProver for benchmark UF/sledgehammer/Fundamental_Theorem_Algebra/uf.734512.smt2
[DEBUG] Benchmark UF/sledgehammer/Fundamental_Theorem_Algebra/uf.734512.smt2: solved=True, runtime=1.90s, PAR-2=1.90s
[DEBUG] Processing 2022/2285: UF/sledgehammer/Fundamental_Theorem_Algebra/uf.653010.smt2
[DEBUG] Predicted solver: cvc5 for benchmark UF/sledgehammer/Fundamental_Theorem_Algebra/uf.653010.smt2
[DEBUG] Benchmark UF/sledgehammer/Fundamental_Theorem_Algebra/uf.653010.smt2: solved=False, runtime=1200.00s, PAR-2=2400.00s
[DEBUG] Processing 2023/2285: UF/sledgehammer/TwoSquares/uf.734058.smt2
[DEBUG] Predicted solver: iProver for benchmark UF/sledgehammer/TwoSquares/uf.734058.smt2
[DEBUG] Benchmark UF/sledgehammer/TwoSquares/uf.734058.smt2: solved=True, runtime=3.86s, PAR-2=3.86s
[DEBUG] Processing 2024/2285: UF/sledgehammer/TwoSquares/uf.726568.smt2
[DEBUG] Predicted solver: iProver for benchmark UF/sledgehammer/TwoSquares/uf.726568.smt2
[DEBUG] Benchmark UF/sledgehammer/TwoSquares/uf.726568.smt2: solved=False, runtime=1200.00s, PAR-2=2400.00s
[DEBUG] Processing 2025/2285: UF/sledgehammer/Fundamental_Theorem_Algebra/uf.574197.smt2
[DEBUG] Predicted solver: iProver for benchmark UF/sledgehammer/Fundamental_Theorem_Algebra/uf.574197.smt2
[DEBUG] Benchmark UF/sledgehammer/Fundamental_Theorem_Algebra/uf.574197.smt2: solved=False, runtime=1200.00s, PAR-2=2400.00s
[DEBUG] Processing 2026/2285: UF/20170428-Barrett/cdt-cade2015/nada/afp/splay_tree_analysis/x2015_09_10_16_58_57_677_1209725.smt_in.smt2
[DEBUG] Predicted solver: cvc5 for benchmark UF/20170428-Barrett/cdt-cade2015/nada/afp/splay_tree_analysis/x2015_09_10_16_58_57_677_1209725.smt_in.smt2
[DEBUG] Benchmark UF/20170428-Barrett/cdt-cade2015/nada/afp/splay_tree_analysis/x2015_09_10_16_58_57_677_1209725.smt_in.smt2: solved=False, runtime=1200.00s, PAR-2=2400.00s
[DEBUG] Processing 2027/2285: UF/sledgehammer/Fundamental_Theorem_Algebra/uf.1140203.smt2
[DEBUG] Predicted solver: iProver for benchmark UF/sledgehammer/Fundamental_Theorem_Algebra/uf.1140203.smt2
[DEBUG] Benchmark UF/sledgehammer/Fundamental_Theorem_Algebra/uf.1140203.smt2: solved=True, runtime=404.59s, PAR-2=404.59s
[DEBUG] Processing 2028/2285: UF/20170428-Barrett/cdt-cade2015/nada/afp/huffman/x2015_09_10_16_48_35_072_1123634.smt_in.smt2
[DEBUG] Predicted solver: iProver for benchmark UF/20170428-Barrett/cdt-cade2015/nada/afp/huffman/x2015_09_10_16_48_35_072_1123634.smt_in.smt2
[DEBUG] Benchmark UF/20170428-Barrett/cdt-cade2015/nada/afp/huffman/x2015_09_10_16_48_35_072_1123634.smt_in.smt2: solved=False, runtime=1200.00s, PAR-2=2400.00s
[DEBUG] Processing 2029/2285: UF/sledgehammer/Fundamental_Theorem_Algebra/smtlib.710152.smt2
[DEBUG] Predicted solver: iProver for benchmark UF/sledgehammer/Fundamental_Theorem_Algebra/smtlib.710152.smt2
[DEBUG] Benchmark UF/sledgehammer/Fundamental_Theorem_Algebra/smtlib.710152.smt2: solved=False, runtime=1200.00s, PAR-2=2400.00s
[DEBUG] Processing 2030/2285: UF/sledgehammer/QEpres/uf.795905.smt2
[DEBUG] Predicted solver: cvc5 for benchmark UF/sledgehammer/QEpres/uf.795905.smt2
[DEBUG] Benchmark UF/sledgehammer/QEpres/uf.795905.smt2: solved=False, runtime=1200.00s, PAR-2=2400.00s
[DEBUG] Processing 2031/2285: UF/sledgehammer/Fundamental_Theorem_Algebra/uf.901792.smt2
[DEBUG] Predicted solver: iProver for benchmark UF/sledgehammer/Fundamental_Theorem_Algebra/uf.901792.smt2
[DEBUG] Benchmark UF/sledgehammer/Fundamental_Theorem_Algebra/uf.901792.smt2: solved=True, runtime=1.86s, PAR-2=1.86s
[DEBUG] Processing 2032/2285: UF/20170428-Barrett/cdt-cade2015/nada/distro/rbt_impl/x2015_09_10_16_52_17_705_1186295.smt_in.smt2
[DEBUG] Predicted solver: Yices2 for benchmark UF/20170428-Barrett/cdt-cade2015/nada/distro/rbt_impl/x2015_09_10_16_52_17_705_1186295.smt_in.smt2
[DEBUG] Benchmark UF/20170428-Barrett/cdt-cade2015/nada/distro/rbt_impl/x2015_09_10_16_52_17_705_1186295.smt_in.smt2: solved=False, runtime=1200.00s, PAR-2=2400.00s
[DEBUG] Processing 2033/2285: UF/sledgehammer/TypeSafe/smtlib.670591.smt2
[DEBUG] Predicted solver: iProver for benchmark UF/sledgehammer/TypeSafe/smtlib.670591.smt2
[DEBUG] Benchmark UF/sledgehammer/TypeSafe/smtlib.670591.smt2: solved=True, runtime=46.42s, PAR-2=46.42s
[DEBUG] Processing 2034/2285: UF/sledgehammer/Fundamental_Theorem_Algebra/uf.717674.smt2
[DEBUG] Predicted solver: iProver for benchmark UF/sledgehammer/Fundamental_Theorem_Algebra/uf.717674.smt2
[DEBUG] Benchmark UF/sledgehammer/Fundamental_Theorem_Algebra/uf.717674.smt2: solved=True, runtime=2.37s, PAR-2=2.37s
[DEBUG] Processing 2035/2285: UF/sledgehammer/Fundamental_Theorem_Algebra/uf.802039.smt2
[DEBUG] Predicted solver: cvc5 for benchmark UF/sledgehammer/Fundamental_Theorem_Algebra/uf.802039.smt2
[DEBUG] Benchmark UF/sledgehammer/Fundamental_Theorem_Algebra/uf.802039.smt2: solved=False, runtime=1200.00s, PAR-2=2400.00s
[DEBUG] Processing 2036/2285: UF/sledgehammer/Hoare/smtlib.1063074.smt2
[DEBUG] Predicted solver: iProver for benchmark UF/sledgehammer/Hoare/smtlib.1063074.smt2
[DEBUG] Benchmark UF/sledgehammer/Hoare/smtlib.1063074.smt2: solved=True, runtime=301.54s, PAR-2=301.54s
[DEBUG] Processing 2037/2285: UF/sledgehammer/Hoare/uf.982844.smt2
[DEBUG] Predicted solver: cvc5 for benchmark UF/sledgehammer/Hoare/uf.982844.smt2
[DEBUG] Benchmark UF/sledgehammer/Hoare/uf.982844.smt2: solved=False, runtime=1200.00s, PAR-2=2400.00s
[DEBUG] Processing 2038/2285: UF/sledgehammer/TypeSafe/uf.1405414.smt2
[DEBUG] Predicted solver: Yices2 for benchmark UF/sledgehammer/TypeSafe/uf.1405414.smt2
[DEBUG] Benchmark UF/sledgehammer/TypeSafe/uf.1405414.smt2: solved=False, runtime=1200.00s, PAR-2=2400.00s
[DEBUG] Processing 2039/2285: UF/sledgehammer/NS_Shared/smtlib.631475.smt2
[DEBUG] Predicted solver: iProver for benchmark UF/sledgehammer/NS_Shared/smtlib.631475.smt2
[DEBUG] Benchmark UF/sledgehammer/NS_Shared/smtlib.631475.smt2: solved=True, runtime=0.86s, PAR-2=0.86s
[DEBUG] Processing 2040/2285: UF/sledgehammer/Arrow_Order/uf.607387.smt2
[DEBUG] Predicted solver: cvc5 for benchmark UF/sledgehammer/Arrow_Order/uf.607387.smt2
[DEBUG] Benchmark UF/sledgehammer/Arrow_Order/uf.607387.smt2: solved=True, runtime=0.32s, PAR-2=0.32s
[DEBUG] Processing 2041/2285: UF/sledgehammer/QEpres/uf.791410.smt2
[DEBUG] Predicted solver: iProver for benchmark UF/sledgehammer/QEpres/uf.791410.smt2
[DEBUG] Benchmark UF/sledgehammer/QEpres/uf.791410.smt2: solved=True, runtime=0.83s, PAR-2=0.83s
[DEBUG] Processing 2042/2285: UF/20170428-Barrett/cdt-cade2015/nada/afp/lmirror/x2015_09_10_16_48_16_092_1096733.smt_in.smt2
[DEBUG] Predicted solver: iProver for benchmark UF/20170428-Barrett/cdt-cade2015/nada/afp/lmirror/x2015_09_10_16_48_16_092_1096733.smt_in.smt2
[DEBUG] Benchmark UF/20170428-Barrett/cdt-cade2015/nada/afp/lmirror/x2015_09_10_16_48_16_092_1096733.smt_in.smt2: solved=False, runtime=1200.00s, PAR-2=2400.00s
[DEBUG] Processing 2043/2285: UF/sledgehammer/NS_Shared/smtlib.650496.smt2
[DEBUG] Predicted solver: iProver for benchmark UF/sledgehammer/NS_Shared/smtlib.650496.smt2
[DEBUG] Benchmark UF/sledgehammer/NS_Shared/smtlib.650496.smt2: solved=True, runtime=15.95s, PAR-2=15.95s
[DEBUG] Processing 2044/2285: UF/20170428-Barrett/cdt-cade2015/nada/gandl/bird_tree/x2015_09_10_16_54_47_187_1030133.smt_in.smt2
[DEBUG] Predicted solver: cvc5 for benchmark UF/20170428-Barrett/cdt-cade2015/nada/gandl/bird_tree/x2015_09_10_16_54_47_187_1030133.smt_in.smt2
[DEBUG] Benchmark UF/20170428-Barrett/cdt-cade2015/nada/gandl/bird_tree/x2015_09_10_16_54_47_187_1030133.smt_in.smt2: solved=True, runtime=0.43s, PAR-2=0.43s
[DEBUG] Processing 2045/2285: UF/20170428-Barrett/cdt-cade2015/nada/afp/coinductive_list/x2015_09_10_17_00_09_428_1654705.smt_in.smt2
[DEBUG] Predicted solver: iProver for benchmark UF/20170428-Barrett/cdt-cade2015/nada/afp/coinductive_list/x2015_09_10_17_00_09_428_1654705.smt_in.smt2
[DEBUG] Benchmark UF/20170428-Barrett/cdt-cade2015/nada/afp/coinductive_list/x2015_09_10_17_00_09_428_1654705.smt_in.smt2: solved=False, runtime=1200.00s, PAR-2=2400.00s
[DEBUG] Processing 2046/2285: UF/sledgehammer/QEpres/uf.839816.smt2
[DEBUG] Predicted solver: iProver for benchmark UF/sledgehammer/QEpres/uf.839816.smt2
[DEBUG] Benchmark UF/sledgehammer/QEpres/uf.839816.smt2: solved=True, runtime=7.85s, PAR-2=7.85s
[DEBUG] Processing 2047/2285: UF/20201221-induction-by-reflection-schoisswohl/reflectiveConjecture/excludedMiddle-0.smt2
[DEBUG] Predicted solver: cvc5 for benchmark UF/20201221-induction-by-reflection-schoisswohl/reflectiveConjecture/excludedMiddle-0.smt2
[DEBUG] Benchmark UF/20201221-induction-by-reflection-schoisswohl/reflectiveConjecture/excludedMiddle-0.smt2: solved=True, runtime=0.22s, PAR-2=0.22s
[DEBUG] Processing 2048/2285: UF/sledgehammer/Arrow_Order/uf.811322.smt2
[DEBUG] Predicted solver: cvc5 for benchmark UF/sledgehammer/Arrow_Order/uf.811322.smt2
[DEBUG] Benchmark UF/sledgehammer/Arrow_Order/uf.811322.smt2: solved=True, runtime=560.54s, PAR-2=560.54s
[DEBUG] Processing 2049/2285: UF/sledgehammer/Fundamental_Theorem_Algebra/smtlib.701781.smt2
[DEBUG] Predicted solver: iProver for benchmark UF/sledgehammer/Fundamental_Theorem_Algebra/smtlib.701781.smt2
[DEBUG] Benchmark UF/sledgehammer/Fundamental_Theorem_Algebra/smtlib.701781.smt2: solved=False, runtime=1200.00s, PAR-2=2400.00s
[DEBUG] Processing 2050/2285: UF/sledgehammer/Arrow_Order/uf.561879.smt2
[DEBUG] Predicted solver: cvc5 for benchmark UF/sledgehammer/Arrow_Order/uf.561879.smt2
[DEBUG] Benchmark UF/sledgehammer/Arrow_Order/uf.561879.smt2: solved=False, runtime=1200.00s, PAR-2=2400.00s
[DEBUG] Processing 2051/2285: UF/sledgehammer/Fundamental_Theorem_Algebra/uf.899205.smt2
[DEBUG] Predicted solver: iProver for benchmark UF/sledgehammer/Fundamental_Theorem_Algebra/uf.899205.smt2
[DEBUG] Benchmark UF/sledgehammer/Fundamental_Theorem_Algebra/uf.899205.smt2: solved=True, runtime=0.93s, PAR-2=0.93s
[DEBUG] Processing 2052/2285: UF/sledgehammer/Fundamental_Theorem_Algebra/uf.1154266.smt2
[DEBUG] Predicted solver: cvc5 for benchmark UF/sledgehammer/Fundamental_Theorem_Algebra/uf.1154266.smt2
[DEBUG] Benchmark UF/sledgehammer/Fundamental_Theorem_Algebra/uf.1154266.smt2: solved=True, runtime=0.30s, PAR-2=0.30s
[DEBUG] Processing 2053/2285: UF/sledgehammer/FFT/uf.863986.smt2
[DEBUG] Predicted solver: iProver for benchmark UF/sledgehammer/FFT/uf.863986.smt2
[DEBUG] Benchmark UF/sledgehammer/FFT/uf.863986.smt2: solved=False, runtime=1200.00s, PAR-2=2400.00s
[DEBUG] Processing 2054/2285: UF/sledgehammer/FFT/uf.902122.smt2
[DEBUG] Predicted solver: iProver for benchmark UF/sledgehammer/FFT/uf.902122.smt2
[DEBUG] Benchmark UF/sledgehammer/FFT/uf.902122.smt2: solved=True, runtime=0.94s, PAR-2=0.94s
[DEBUG] Processing 2055/2285: UF/sledgehammer/NS_Shared/smtlib.743612.smt2
[DEBUG] Predicted solver: iProver for benchmark UF/sledgehammer/NS_Shared/smtlib.743612.smt2
[DEBUG] Benchmark UF/sledgehammer/NS_Shared/smtlib.743612.smt2: solved=False, runtime=1200.00s, PAR-2=2400.00s
[DEBUG] Processing 2056/2285: UF/20170428-Barrett/cdt-cade2015/nada/afp/tllist/x2015_09_10_16_57_42_212_1161461.smt_in.smt2
[DEBUG] Predicted solver: cvc5 for benchmark UF/20170428-Barrett/cdt-cade2015/nada/afp/tllist/x2015_09_10_16_57_42_212_1161461.smt_in.smt2
[DEBUG] Benchmark UF/20170428-Barrett/cdt-cade2015/nada/afp/tllist/x2015_09_10_16_57_42_212_1161461.smt_in.smt2: solved=False, runtime=1200.00s, PAR-2=2400.00s
[DEBUG] Processing 2057/2285: UF/20170428-Barrett/cdt-cade2015/nada/afp/coinductive_list/x2015_09_10_17_17_57_886_2819256.smt_in.smt2
[DEBUG] Predicted solver: iProver for benchmark UF/20170428-Barrett/cdt-cade2015/nada/afp/coinductive_list/x2015_09_10_17_17_57_886_2819256.smt_in.smt2
[DEBUG] Benchmark UF/20170428-Barrett/cdt-cade2015/nada/afp/coinductive_list/x2015_09_10_17_17_57_886_2819256.smt_in.smt2: solved=True, runtime=32.39s, PAR-2=32.39s
[DEBUG] Processing 2058/2285: UF/sledgehammer/Hoare/smtlib.1177430.smt2
[DEBUG] Predicted solver: iProver for benchmark UF/sledgehammer/Hoare/smtlib.1177430.smt2
[DEBUG] Benchmark UF/sledgehammer/Hoare/smtlib.1177430.smt2: solved=True, runtime=5.86s, PAR-2=5.86s
[DEBUG] Processing 2059/2285: UF/sledgehammer/FFT/uf.717045.smt2
[DEBUG] Predicted solver: iProver for benchmark UF/sledgehammer/FFT/uf.717045.smt2
[DEBUG] Benchmark UF/sledgehammer/FFT/uf.717045.smt2: solved=True, runtime=1.40s, PAR-2=1.40s
[DEBUG] Processing 2060/2285: UF/20170428-Barrett/cdt-cade2015/nada/afp/koenigslemma/x2015_09_10_16_53_24_328_1130197.smt_in.smt2
[DEBUG] Predicted solver: cvc5 for benchmark UF/20170428-Barrett/cdt-cade2015/nada/afp/koenigslemma/x2015_09_10_16_53_24_328_1130197.smt_in.smt2
[DEBUG] Benchmark UF/20170428-Barrett/cdt-cade2015/nada/afp/koenigslemma/x2015_09_10_16_53_24_328_1130197.smt_in.smt2: solved=True, runtime=0.25s, PAR-2=0.25s
[DEBUG] Processing 2061/2285: UF/20201221-induction-by-reflection-schoisswohl/reflectiveInductive/revSelfInvers.smt2
[DEBUG] Predicted solver: iProver for benchmark UF/20201221-induction-by-reflection-schoisswohl/reflectiveInductive/revSelfInvers.smt2
[DEBUG] Benchmark UF/20201221-induction-by-reflection-schoisswohl/reflectiveInductive/revSelfInvers.smt2: solved=False, runtime=1200.00s, PAR-2=2400.00s
[DEBUG] Processing 2062/2285: UF/sledgehammer/FFT/uf.754405.smt2
[DEBUG] Predicted solver: cvc5 for benchmark UF/sledgehammer/FFT/uf.754405.smt2
[DEBUG] Benchmark UF/sledgehammer/FFT/uf.754405.smt2: solved=True, runtime=0.58s, PAR-2=0.58s
[DEBUG] Processing 2063/2285: UF/20170428-Barrett/cdt-cade2015/nada/gandl/stern_brocot_tree/x2015_09_10_16_52_10_503_1097587.smt_in.smt2
[DEBUG] Predicted solver: cvc5 for benchmark UF/20170428-Barrett/cdt-cade2015/nada/gandl/stern_brocot_tree/x2015_09_10_16_52_10_503_1097587.smt_in.smt2
[DEBUG] Benchmark UF/20170428-Barrett/cdt-cade2015/nada/gandl/stern_brocot_tree/x2015_09_10_16_52_10_503_1097587.smt_in.smt2: solved=False, runtime=1200.00s, PAR-2=2400.00s
[DEBUG] Processing 2064/2285: UF/sledgehammer/TypeSafe/smtlib.642817.smt2
[DEBUG] Predicted solver: iProver for benchmark UF/sledgehammer/TypeSafe/smtlib.642817.smt2
[DEBUG] Benchmark UF/sledgehammer/TypeSafe/smtlib.642817.smt2: solved=False, runtime=1200.00s, PAR-2=2400.00s
[DEBUG] Processing 2065/2285: UF/20170428-Barrett/cdt-cade2015/nada/afp/tllist/x2015_09_10_17_00_21_400_1343872.smt_in.smt2
[DEBUG] Predicted solver: Yices2 for benchmark UF/20170428-Barrett/cdt-cade2015/nada/afp/tllist/x2015_09_10_17_00_21_400_1343872.smt_in.smt2
[DEBUG] Benchmark UF/20170428-Barrett/cdt-cade2015/nada/afp/tllist/x2015_09_10_17_00_21_400_1343872.smt_in.smt2: solved=False, runtime=1200.00s, PAR-2=2400.00s
[DEBUG] Processing 2066/2285: UF/sledgehammer/TwoSquares/uf.792865.smt2
[DEBUG] Predicted solver: iProver for benchmark UF/sledgehammer/TwoSquares/uf.792865.smt2
[DEBUG] Benchmark UF/sledgehammer/TwoSquares/uf.792865.smt2: solved=True, runtime=0.84s, PAR-2=0.84s
[DEBUG] Processing 2067/2285: UF/sledgehammer/Fundamental_Theorem_Algebra/uf.1221629.smt2
[DEBUG] Predicted solver: iProver for benchmark UF/sledgehammer/Fundamental_Theorem_Algebra/uf.1221629.smt2
[DEBUG] Benchmark UF/sledgehammer/Fundamental_Theorem_Algebra/uf.1221629.smt2: solved=False, runtime=1200.00s, PAR-2=2400.00s
[DEBUG] Processing 2068/2285: UF/20170428-Barrett/cdt-cade2015/nada/afp/huffman/x2015_09_10_16_51_11_093_1295855.smt_in.smt2
[DEBUG] Predicted solver: cvc5 for benchmark UF/20170428-Barrett/cdt-cade2015/nada/afp/huffman/x2015_09_10_16_51_11_093_1295855.smt_in.smt2
[DEBUG] Benchmark UF/20170428-Barrett/cdt-cade2015/nada/afp/huffman/x2015_09_10_16_51_11_093_1295855.smt_in.smt2: solved=False, runtime=1200.00s, PAR-2=2400.00s
[DEBUG] Processing 2069/2285: UF/sledgehammer/NS_Shared/smtlib.805253.smt2
[DEBUG] Predicted solver: iProver for benchmark UF/sledgehammer/NS_Shared/smtlib.805253.smt2
[DEBUG] Benchmark UF/sledgehammer/NS_Shared/smtlib.805253.smt2: solved=False, runtime=1200.00s, PAR-2=2400.00s
[DEBUG] Processing 2070/2285: UF/sledgehammer/TypeSafe/uf.817666.smt2
[DEBUG] Predicted solver: Yices2 for benchmark UF/sledgehammer/TypeSafe/uf.817666.smt2
[DEBUG] Benchmark UF/sledgehammer/TypeSafe/uf.817666.smt2: solved=False, runtime=1200.00s, PAR-2=2400.00s
[DEBUG] Processing 2071/2285: UF/sledgehammer/QEpres/uf.588241.smt2
[DEBUG] Predicted solver: iProver for benchmark UF/sledgehammer/QEpres/uf.588241.smt2
[DEBUG] Benchmark UF/sledgehammer/QEpres/uf.588241.smt2: solved=True, runtime=10.44s, PAR-2=10.44s
[DEBUG] Processing 2072/2285: UF/20170428-Barrett/cdt-cade2015/nada/afp/llist2/x2015_09_10_16_55_58_506_1304588.smt_in.smt2
[DEBUG] Predicted solver: iProver for benchmark UF/20170428-Barrett/cdt-cade2015/nada/afp/llist2/x2015_09_10_16_55_58_506_1304588.smt_in.smt2
[DEBUG] Benchmark UF/20170428-Barrett/cdt-cade2015/nada/afp/llist2/x2015_09_10_16_55_58_506_1304588.smt_in.smt2: solved=False, runtime=1200.00s, PAR-2=2400.00s
[DEBUG] Processing 2073/2285: UF/20170428-Barrett/cdt-cade2015/nada/distro/gram_lang/x2015_09_10_16_55_00_597_1508088.smt_in.smt2
[DEBUG] Predicted solver: Yices2 for benchmark UF/20170428-Barrett/cdt-cade2015/nada/distro/gram_lang/x2015_09_10_16_55_00_597_1508088.smt_in.smt2
[DEBUG] Benchmark UF/20170428-Barrett/cdt-cade2015/nada/distro/gram_lang/x2015_09_10_16_55_00_597_1508088.smt_in.smt2: solved=False, runtime=1200.00s, PAR-2=2400.00s
[DEBUG] Processing 2074/2285: UF/grasshopper/uninstantiated/remove_postcondition_of_remove_33_4.smt2
[DEBUG] Predicted solver: iProver for benchmark UF/grasshopper/uninstantiated/remove_postcondition_of_remove_33_4.smt2
[DEBUG] Benchmark UF/grasshopper/uninstantiated/remove_postcondition_of_remove_33_4.smt2: solved=True, runtime=0.84s, PAR-2=0.84s
[DEBUG] Processing 2075/2285: UF/sledgehammer/Fundamental_Theorem_Algebra/uf.590503.smt2
[DEBUG] Predicted solver: cvc5 for benchmark UF/sledgehammer/Fundamental_Theorem_Algebra/uf.590503.smt2
[DEBUG] Benchmark UF/sledgehammer/Fundamental_Theorem_Algebra/uf.590503.smt2: solved=True, runtime=6.01s, PAR-2=6.01s
[DEBUG] Processing 2076/2285: UF/sledgehammer/NS_Shared/uf.747939.smt2
[DEBUG] Predicted solver: iProver for benchmark UF/sledgehammer/NS_Shared/uf.747939.smt2
[DEBUG] Benchmark UF/sledgehammer/NS_Shared/uf.747939.smt2: solved=False, runtime=1200.00s, PAR-2=2400.00s
[DEBUG] Processing 2077/2285: UF/20170428-Barrett/cdt-cade2015/nada/afp/coinductive_list/x2015_09_10_17_05_30_264_2074172.smt_in.smt2
[DEBUG] Predicted solver: Yices2 for benchmark UF/20170428-Barrett/cdt-cade2015/nada/afp/coinductive_list/x2015_09_10_17_05_30_264_2074172.smt_in.smt2
[DEBUG] Benchmark UF/20170428-Barrett/cdt-cade2015/nada/afp/coinductive_list/x2015_09_10_17_05_30_264_2074172.smt_in.smt2: solved=False, runtime=1200.00s, PAR-2=2400.00s
[DEBUG] Processing 2078/2285: UF/sledgehammer/FFT/uf.700371.smt2
[DEBUG] Predicted solver: iProver for benchmark UF/sledgehammer/FFT/uf.700371.smt2
[DEBUG] Benchmark UF/sledgehammer/FFT/uf.700371.smt2: solved=False, runtime=1200.00s, PAR-2=2400.00s
[DEBUG] Processing 2079/2285: UF/sledgehammer/FFT/uf.583068.smt2
[DEBUG] Predicted solver: iProver for benchmark UF/sledgehammer/FFT/uf.583068.smt2
[DEBUG] Benchmark UF/sledgehammer/FFT/uf.583068.smt2: solved=False, runtime=1200.00s, PAR-2=2400.00s
[DEBUG] Processing 2080/2285: UF/20170428-Barrett/cdt-cade2015/nada/afp/abstract_completeness/x2015_09_10_17_01_03_980_1137237.smt_in.smt2
[DEBUG] Predicted solver: cvc5 for benchmark UF/20170428-Barrett/cdt-cade2015/nada/afp/abstract_completeness/x2015_09_10_17_01_03_980_1137237.smt_in.smt2
[DEBUG] Benchmark UF/20170428-Barrett/cdt-cade2015/nada/afp/abstract_completeness/x2015_09_10_17_01_03_980_1137237.smt_in.smt2: solved=False, runtime=1200.00s, PAR-2=2400.00s
[DEBUG] Processing 2081/2285: UF/20170428-Barrett/cdt-cade2015/nada/distro/process/x2015_09_10_16_46_20_082_1036466.smt_in.smt2
[DEBUG] Predicted solver: cvc5 for benchmark UF/20170428-Barrett/cdt-cade2015/nada/distro/process/x2015_09_10_16_46_20_082_1036466.smt_in.smt2
[DEBUG] Benchmark UF/20170428-Barrett/cdt-cade2015/nada/distro/process/x2015_09_10_16_46_20_082_1036466.smt_in.smt2: solved=True, runtime=0.31s, PAR-2=0.31s
[DEBUG] Processing 2082/2285: UF/20170428-Barrett/cdt-cade2015/nada/distro/rbt_impl/x2015_09_10_16_59_37_221_1926745.smt_in.smt2
[DEBUG] Predicted solver: cvc5 for benchmark UF/20170428-Barrett/cdt-cade2015/nada/distro/rbt_impl/x2015_09_10_16_59_37_221_1926745.smt_in.smt2
[DEBUG] Benchmark UF/20170428-Barrett/cdt-cade2015/nada/distro/rbt_impl/x2015_09_10_16_59_37_221_1926745.smt_in.smt2: solved=False, runtime=1200.00s, PAR-2=2400.00s
[DEBUG] Processing 2083/2285: UF/sledgehammer/FFT/uf.791391.smt2
[DEBUG] Predicted solver: iProver for benchmark UF/sledgehammer/FFT/uf.791391.smt2
[DEBUG] Benchmark UF/sledgehammer/FFT/uf.791391.smt2: solved=False, runtime=1200.00s, PAR-2=2400.00s
[DEBUG] Processing 2084/2285: UF/sledgehammer/Fundamental_Theorem_Algebra/uf.922317.smt2
[DEBUG] Predicted solver: iProver for benchmark UF/sledgehammer/Fundamental_Theorem_Algebra/uf.922317.smt2
[DEBUG] Benchmark UF/sledgehammer/Fundamental_Theorem_Algebra/uf.922317.smt2: solved=True, runtime=18.90s, PAR-2=18.90s
[DEBUG] Processing 2085/2285: UF/20170428-Barrett/cdt-cade2015/nada/distro/rbt_impl/x2015_09_10_16_57_04_579_1741806.smt_in.smt2
[DEBUG] Predicted solver: cvc5 for benchmark UF/20170428-Barrett/cdt-cade2015/nada/distro/rbt_impl/x2015_09_10_16_57_04_579_1741806.smt_in.smt2
[DEBUG] Benchmark UF/20170428-Barrett/cdt-cade2015/nada/distro/rbt_impl/x2015_09_10_16_57_04_579_1741806.smt_in.smt2: solved=False, runtime=1200.00s, PAR-2=2400.00s
[DEBUG] Processing 2086/2285: UF/20170428-Barrett/cdt-cade2015/nada/afp/huffman/x2015_09_10_16_50_25_866_1249226.smt_in.smt2
[DEBUG] Predicted solver: cvc5 for benchmark UF/20170428-Barrett/cdt-cade2015/nada/afp/huffman/x2015_09_10_16_50_25_866_1249226.smt_in.smt2
[DEBUG] Benchmark UF/20170428-Barrett/cdt-cade2015/nada/afp/huffman/x2015_09_10_16_50_25_866_1249226.smt_in.smt2: solved=True, runtime=0.42s, PAR-2=0.42s
[DEBUG] Processing 2087/2285: UF/20170428-Barrett/cdt-cade2015/nada/afp/coinductive_stream/x2015_09_10_17_24_06_393_1183277.smt_in.smt2
[DEBUG] Predicted solver: cvc5 for benchmark UF/20170428-Barrett/cdt-cade2015/nada/afp/coinductive_stream/x2015_09_10_17_24_06_393_1183277.smt_in.smt2
[DEBUG] Benchmark UF/20170428-Barrett/cdt-cade2015/nada/afp/coinductive_stream/x2015_09_10_17_24_06_393_1183277.smt_in.smt2: solved=True, runtime=649.69s, PAR-2=649.69s
[DEBUG] Processing 2088/2285: UF/20170428-Barrett/cdt-cade2015/nada/afp/coinductive_list/x2015_09_10_17_06_01_144_2117218.smt_in.smt2
[DEBUG] Predicted solver: Yices2 for benchmark UF/20170428-Barrett/cdt-cade2015/nada/afp/coinductive_list/x2015_09_10_17_06_01_144_2117218.smt_in.smt2
[DEBUG] Benchmark UF/20170428-Barrett/cdt-cade2015/nada/afp/coinductive_list/x2015_09_10_17_06_01_144_2117218.smt_in.smt2: solved=False, runtime=1200.00s, PAR-2=2400.00s
[DEBUG] Processing 2089/2285: UF/20170428-Barrett/cdt-cade2015/nada/distro/process/x2015_09_10_16_46_01_257_1003958.smt_in.smt2
[DEBUG] Predicted solver: cvc5 for benchmark UF/20170428-Barrett/cdt-cade2015/nada/distro/process/x2015_09_10_16_46_01_257_1003958.smt_in.smt2
[DEBUG] Benchmark UF/20170428-Barrett/cdt-cade2015/nada/distro/process/x2015_09_10_16_46_01_257_1003958.smt_in.smt2: solved=False, runtime=1200.00s, PAR-2=2400.00s
[DEBUG] Processing 2090/2285: UF/20170428-Barrett/cdt-cade2015/nada/afp/huffman/x2015_09_10_16_49_43_143_1203228.smt_in.smt2
[DEBUG] Predicted solver: cvc5 for benchmark UF/20170428-Barrett/cdt-cade2015/nada/afp/huffman/x2015_09_10_16_49_43_143_1203228.smt_in.smt2
[DEBUG] Benchmark UF/20170428-Barrett/cdt-cade2015/nada/afp/huffman/x2015_09_10_16_49_43_143_1203228.smt_in.smt2: solved=True, runtime=0.45s, PAR-2=0.45s
[DEBUG] Processing 2091/2285: UF/sledgehammer/FFT/uf.620243.smt2
[DEBUG] Predicted solver: iProver for benchmark UF/sledgehammer/FFT/uf.620243.smt2
[DEBUG] Benchmark UF/sledgehammer/FFT/uf.620243.smt2: solved=False, runtime=1200.00s, PAR-2=2400.00s
[DEBUG] Processing 2092/2285: UF/sledgehammer/QEpres/uf.948933.smt2
[DEBUG] Predicted solver: iProver for benchmark UF/sledgehammer/QEpres/uf.948933.smt2
[DEBUG] Benchmark UF/sledgehammer/QEpres/uf.948933.smt2: solved=False, runtime=1200.00s, PAR-2=2400.00s
[DEBUG] Processing 2093/2285: UF/20170428-Barrett/cdt-cade2015/nada/afp/lmirror/x2015_09_10_16_48_30_033_1107355.smt_in.smt2
[DEBUG] Predicted solver: cvc5 for benchmark UF/20170428-Barrett/cdt-cade2015/nada/afp/lmirror/x2015_09_10_16_48_30_033_1107355.smt_in.smt2
[DEBUG] Benchmark UF/20170428-Barrett/cdt-cade2015/nada/afp/lmirror/x2015_09_10_16_48_30_033_1107355.smt_in.smt2: solved=False, runtime=1200.00s, PAR-2=2400.00s
[DEBUG] Processing 2094/2285: UF/20170428-Barrett/cdt-cade2015/nada/afp/coinductive_list/x2015_09_10_16_58_35_584_1566643.smt_in.smt2
[DEBUG] Predicted solver: cvc5 for benchmark UF/20170428-Barrett/cdt-cade2015/nada/afp/coinductive_list/x2015_09_10_16_58_35_584_1566643.smt_in.smt2
[DEBUG] Benchmark UF/20170428-Barrett/cdt-cade2015/nada/afp/coinductive_list/x2015_09_10_16_58_35_584_1566643.smt_in.smt2: solved=False, runtime=1200.00s, PAR-2=2400.00s
[DEBUG] Processing 2095/2285: UF/sledgehammer/QEpres/uf.735140.smt2
[DEBUG] Predicted solver: iProver for benchmark UF/sledgehammer/QEpres/uf.735140.smt2
[DEBUG] Benchmark UF/sledgehammer/QEpres/uf.735140.smt2: solved=True, runtime=1.38s, PAR-2=1.38s
[DEBUG] Processing 2096/2285: UF/20170428-Barrett/cdt-cade2015/nada/afp/coinductive_list/x2015_09_10_17_16_57_662_2783690.smt_in.smt2
[DEBUG] Predicted solver: cvc5 for benchmark UF/20170428-Barrett/cdt-cade2015/nada/afp/coinductive_list/x2015_09_10_17_16_57_662_2783690.smt_in.smt2
[DEBUG] Benchmark UF/20170428-Barrett/cdt-cade2015/nada/afp/coinductive_list/x2015_09_10_17_16_57_662_2783690.smt_in.smt2: solved=True, runtime=152.06s, PAR-2=152.06s
[DEBUG] Processing 2097/2285: UF/20170428-Barrett/cdt-cade2015/nada/afp/coinductive_list/x2015_09_10_17_12_13_235_2613566.smt_in.smt2
[DEBUG] Predicted solver: cvc5 for benchmark UF/20170428-Barrett/cdt-cade2015/nada/afp/coinductive_list/x2015_09_10_17_12_13_235_2613566.smt_in.smt2
[DEBUG] Benchmark UF/20170428-Barrett/cdt-cade2015/nada/afp/coinductive_list/x2015_09_10_17_12_13_235_2613566.smt_in.smt2: solved=True, runtime=0.39s, PAR-2=0.39s
[DEBUG] Processing 2098/2285: UF/sledgehammer/TwoSquares/uf.641605.smt2
[DEBUG] Predicted solver: iProver for benchmark UF/sledgehammer/TwoSquares/uf.641605.smt2
[DEBUG] Benchmark UF/sledgehammer/TwoSquares/uf.641605.smt2: solved=False, runtime=1200.00s, PAR-2=2400.00s
[DEBUG] Processing 2099/2285: UF/sledgehammer/FFT/uf.732363.smt2
[DEBUG] Predicted solver: iProver for benchmark UF/sledgehammer/FFT/uf.732363.smt2
[DEBUG] Benchmark UF/sledgehammer/FFT/uf.732363.smt2: solved=False, runtime=1200.00s, PAR-2=2400.00s
[DEBUG] Processing 2100/2285: UF/sledgehammer/TwoSquares/uf.774154.smt2
[DEBUG] Predicted solver: iProver for benchmark UF/sledgehammer/TwoSquares/uf.774154.smt2
[DEBUG] Benchmark UF/sledgehammer/TwoSquares/uf.774154.smt2: solved=False, runtime=1200.00s, PAR-2=2400.00s
[DEBUG] Processing 2101/2285: UF/sledgehammer/Hoare/uf.1183995.smt2
[DEBUG] Predicted solver: iProver for benchmark UF/sledgehammer/Hoare/uf.1183995.smt2
[DEBUG] Benchmark UF/sledgehammer/Hoare/uf.1183995.smt2: solved=True, runtime=1.84s, PAR-2=1.84s
[DEBUG] Processing 2102/2285: UF/sledgehammer/QEpres/uf.613489.smt2
[DEBUG] Predicted solver: iProver for benchmark UF/sledgehammer/QEpres/uf.613489.smt2
[DEBUG] Benchmark UF/sledgehammer/QEpres/uf.613489.smt2: solved=False, runtime=1200.00s, PAR-2=2400.00s
[DEBUG] Processing 2103/2285: UF/20170428-Barrett/cdt-cade2015/nada/afp/huffman/x2015_09_10_16_47_01_275_1024212.smt_in.smt2
[DEBUG] Predicted solver: iProver for benchmark UF/20170428-Barrett/cdt-cade2015/nada/afp/huffman/x2015_09_10_16_47_01_275_1024212.smt_in.smt2
[DEBUG] Benchmark UF/20170428-Barrett/cdt-cade2015/nada/afp/huffman/x2015_09_10_16_47_01_275_1024212.smt_in.smt2: solved=True, runtime=1.89s, PAR-2=1.89s
[DEBUG] Processing 2104/2285: UF/20170428-Barrett/cdt-cade2015/nada/afp/coinductive_list/x2015_09_10_17_06_59_557_2201199.smt_in.smt2
[DEBUG] Predicted solver: Yices2 for benchmark UF/20170428-Barrett/cdt-cade2015/nada/afp/coinductive_list/x2015_09_10_17_06_59_557_2201199.smt_in.smt2
[DEBUG] Benchmark UF/20170428-Barrett/cdt-cade2015/nada/afp/coinductive_list/x2015_09_10_17_06_59_557_2201199.smt_in.smt2: solved=False, runtime=1200.00s, PAR-2=2400.00s
[DEBUG] Processing 2105/2285: UF/sledgehammer/Arrow_Order/uf.592548.smt2
[DEBUG] Predicted solver: cvc5 for benchmark UF/sledgehammer/Arrow_Order/uf.592548.smt2
[DEBUG] Benchmark UF/sledgehammer/Arrow_Order/uf.592548.smt2: solved=False, runtime=1200.00s, PAR-2=2400.00s
[DEBUG] Processing 2106/2285: UF/sledgehammer/QEpres/uf.591862.smt2
[DEBUG] Predicted solver: iProver for benchmark UF/sledgehammer/QEpres/uf.591862.smt2
[DEBUG] Benchmark UF/sledgehammer/QEpres/uf.591862.smt2: solved=False, runtime=1200.00s, PAR-2=2400.00s
[DEBUG] Processing 2107/2285: UF/20170428-Barrett/cdt-cade2015/nada/afp/coinductive_list/x2015_09_10_17_06_06_616_2124803.smt_in.smt2
[DEBUG] Predicted solver: Yices2 for benchmark UF/20170428-Barrett/cdt-cade2015/nada/afp/coinductive_list/x2015_09_10_17_06_06_616_2124803.smt_in.smt2
[DEBUG] Benchmark UF/20170428-Barrett/cdt-cade2015/nada/afp/coinductive_list/x2015_09_10_17_06_06_616_2124803.smt_in.smt2: solved=True, runtime=2.09s, PAR-2=2.09s
[DEBUG] Processing 2108/2285: UF/sledgehammer/FFT/uf.627826.smt2
[DEBUG] Predicted solver: iProver for benchmark UF/sledgehammer/FFT/uf.627826.smt2
[DEBUG] Benchmark UF/sledgehammer/FFT/uf.627826.smt2: solved=False, runtime=1200.00s, PAR-2=2400.00s
[DEBUG] Processing 2109/2285: UF/sledgehammer/QEpres/uf.662110.smt2
[DEBUG] Predicted solver: iProver for benchmark UF/sledgehammer/QEpres/uf.662110.smt2
[DEBUG] Benchmark UF/sledgehammer/QEpres/uf.662110.smt2: solved=False, runtime=1200.00s, PAR-2=2400.00s
[DEBUG] Processing 2110/2285: UF/sledgehammer/Hoare/uf.1038135.smt2
[DEBUG] Predicted solver: iProver for benchmark UF/sledgehammer/Hoare/uf.1038135.smt2
[DEBUG] Benchmark UF/sledgehammer/Hoare/uf.1038135.smt2: solved=False, runtime=1200.00s, PAR-2=2400.00s
[DEBUG] Processing 2111/2285: UF/20170428-Barrett/cdt-cade2015/nada/distro/gram_lang/x2015_09_10_16_55_01_993_1509434.smt_in.smt2
[DEBUG] Predicted solver: Yices2 for benchmark UF/20170428-Barrett/cdt-cade2015/nada/distro/gram_lang/x2015_09_10_16_55_01_993_1509434.smt_in.smt2
[DEBUG] Benchmark UF/20170428-Barrett/cdt-cade2015/nada/distro/gram_lang/x2015_09_10_16_55_01_993_1509434.smt_in.smt2: solved=False, runtime=1200.00s, PAR-2=2400.00s
[DEBUG] Processing 2112/2285: UF/sledgehammer/QEpres/uf.1073062.smt2
[DEBUG] Predicted solver: iProver for benchmark UF/sledgehammer/QEpres/uf.1073062.smt2
[DEBUG] Benchmark UF/sledgehammer/QEpres/uf.1073062.smt2: solved=False, runtime=1200.00s, PAR-2=2400.00s
[DEBUG] Processing 2113/2285: UF/sledgehammer/Arrow_Order/uf.775178.smt2
[DEBUG] Predicted solver: iProver for benchmark UF/sledgehammer/Arrow_Order/uf.775178.smt2
[DEBUG] Benchmark UF/sledgehammer/Arrow_Order/uf.775178.smt2: solved=True, runtime=0.84s, PAR-2=0.84s
[DEBUG] Processing 2114/2285: UF/sledgehammer/Fundamental_Theorem_Algebra/uf.1297328.smt2
[DEBUG] Predicted solver: cvc5 for benchmark UF/sledgehammer/Fundamental_Theorem_Algebra/uf.1297328.smt2
[DEBUG] Benchmark UF/sledgehammer/Fundamental_Theorem_Algebra/uf.1297328.smt2: solved=False, runtime=1200.00s, PAR-2=2400.00s
[DEBUG] Processing 2115/2285: UF/sledgehammer/Fundamental_Theorem_Algebra/uf.1297999.smt2
[DEBUG] Predicted solver: iProver for benchmark UF/sledgehammer/Fundamental_Theorem_Algebra/uf.1297999.smt2
[DEBUG] Benchmark UF/sledgehammer/Fundamental_Theorem_Algebra/uf.1297999.smt2: solved=False, runtime=1200.00s, PAR-2=2400.00s
[DEBUG] Processing 2116/2285: UF/20170428-Barrett/cdt-cade2015/nada/afp/huffman/x2015_09_10_16_50_03_416_1225264.smt_in.smt2
[DEBUG] Predicted solver: cvc5 for benchmark UF/20170428-Barrett/cdt-cade2015/nada/afp/huffman/x2015_09_10_16_50_03_416_1225264.smt_in.smt2
[DEBUG] Benchmark UF/20170428-Barrett/cdt-cade2015/nada/afp/huffman/x2015_09_10_16_50_03_416_1225264.smt_in.smt2: solved=False, runtime=1200.00s, PAR-2=2400.00s
[DEBUG] Processing 2117/2285: UF/sledgehammer/Hoare/uf.636885.smt2
[DEBUG] Predicted solver: cvc5 for benchmark UF/sledgehammer/Hoare/uf.636885.smt2
[DEBUG] Benchmark UF/sledgehammer/Hoare/uf.636885.smt2: solved=True, runtime=0.34s, PAR-2=0.34s
[DEBUG] Processing 2118/2285: UF/sledgehammer/Arrow_Order/uf.566535.smt2
[DEBUG] Predicted solver: Yices2 for benchmark UF/sledgehammer/Arrow_Order/uf.566535.smt2
[DEBUG] Benchmark UF/sledgehammer/Arrow_Order/uf.566535.smt2: solved=False, runtime=1200.00s, PAR-2=2400.00s
[DEBUG] Processing 2119/2285: UF/sledgehammer/FFT/uf.678680.smt2
[DEBUG] Predicted solver: iProver for benchmark UF/sledgehammer/FFT/uf.678680.smt2
[DEBUG] Benchmark UF/sledgehammer/FFT/uf.678680.smt2: solved=False, runtime=1200.00s, PAR-2=2400.00s
[DEBUG] Processing 2120/2285: UF/20190906-CLEARSY/0016/00977.smt2
[DEBUG] Predicted solver: SMTInterpol for benchmark UF/20190906-CLEARSY/0016/00977.smt2
[DEBUG] Benchmark UF/20190906-CLEARSY/0016/00977.smt2: solved=True, runtime=0.65s, PAR-2=0.65s
[DEBUG] Processing 2121/2285: UF/sledgehammer/TwoSquares/uf.621210.smt2
[DEBUG] Predicted solver: iProver for benchmark UF/sledgehammer/TwoSquares/uf.621210.smt2
[DEBUG] Benchmark UF/sledgehammer/TwoSquares/uf.621210.smt2: solved=False, runtime=1200.00s, PAR-2=2400.00s
[DEBUG] Processing 2122/2285: UF/sledgehammer/QEpres/uf.1062274.smt2
[DEBUG] Predicted solver: Yices2 for benchmark UF/sledgehammer/QEpres/uf.1062274.smt2
[DEBUG] Benchmark UF/sledgehammer/QEpres/uf.1062274.smt2: solved=False, runtime=1200.00s, PAR-2=2400.00s
[DEBUG] Processing 2123/2285: UF/sledgehammer/TwoSquares/uf.715617.smt2
[DEBUG] Predicted solver: iProver for benchmark UF/sledgehammer/TwoSquares/uf.715617.smt2
[DEBUG] Benchmark UF/sledgehammer/TwoSquares/uf.715617.smt2: solved=False, runtime=1200.00s, PAR-2=2400.00s
[DEBUG] Processing 2124/2285: UF/sledgehammer/FFT/uf.654112.smt2
[DEBUG] Predicted solver: iProver for benchmark UF/sledgehammer/FFT/uf.654112.smt2
[DEBUG] Benchmark UF/sledgehammer/FFT/uf.654112.smt2: solved=False, runtime=1200.00s, PAR-2=2400.00s
[DEBUG] Processing 2125/2285: UF/sledgehammer/Fundamental_Theorem_Algebra/uf.1359781.smt2
[DEBUG] Predicted solver: cvc5 for benchmark UF/sledgehammer/Fundamental_Theorem_Algebra/uf.1359781.smt2
[DEBUG] Benchmark UF/sledgehammer/Fundamental_Theorem_Algebra/uf.1359781.smt2: solved=False, runtime=1200.00s, PAR-2=2400.00s
[DEBUG] Processing 2126/2285: UF/sledgehammer/FFT/uf.811171.smt2
[DEBUG] Predicted solver: iProver for benchmark UF/sledgehammer/FFT/uf.811171.smt2
[DEBUG] Benchmark UF/sledgehammer/FFT/uf.811171.smt2: solved=False, runtime=1200.00s, PAR-2=2400.00s
[DEBUG] Processing 2127/2285: UF/20170428-Barrett/cdt-cade2015/nada/distro/rbt_impl/x2015_09_10_16_51_30_657_1120717.smt_in.smt2
[DEBUG] Predicted solver: iProver for benchmark UF/20170428-Barrett/cdt-cade2015/nada/distro/rbt_impl/x2015_09_10_16_51_30_657_1120717.smt_in.smt2
[DEBUG] Benchmark UF/20170428-Barrett/cdt-cade2015/nada/distro/rbt_impl/x2015_09_10_16_51_30_657_1120717.smt_in.smt2: solved=False, runtime=1200.00s, PAR-2=2400.00s
[DEBUG] Processing 2128/2285: UF/sledgehammer/NS_Shared/smtlib.628141.smt2
[DEBUG] Predicted solver: iProver for benchmark UF/sledgehammer/NS_Shared/smtlib.628141.smt2
[DEBUG] Benchmark UF/sledgehammer/NS_Shared/smtlib.628141.smt2: solved=True, runtime=0.88s, PAR-2=0.88s
[DEBUG] Processing 2129/2285: UF/sledgehammer/QEpres/uf.731433.smt2
[DEBUG] Predicted solver: cvc5 for benchmark UF/sledgehammer/QEpres/uf.731433.smt2
[DEBUG] Benchmark UF/sledgehammer/QEpres/uf.731433.smt2: solved=False, runtime=1200.00s, PAR-2=2400.00s
[DEBUG] Processing 2130/2285: UF/sledgehammer/FFT/uf.557340.smt2
[DEBUG] Predicted solver: iProver for benchmark UF/sledgehammer/FFT/uf.557340.smt2
[DEBUG] Benchmark UF/sledgehammer/FFT/uf.557340.smt2: solved=False, runtime=1200.00s, PAR-2=2400.00s
[DEBUG] Processing 2131/2285: UF/sledgehammer/Fundamental_Theorem_Algebra/uf.658398.smt2
[DEBUG] Predicted solver: iProver for benchmark UF/sledgehammer/Fundamental_Theorem_Algebra/uf.658398.smt2
[DEBUG] Benchmark UF/sledgehammer/Fundamental_Theorem_Algebra/uf.658398.smt2: solved=False, runtime=1200.00s, PAR-2=2400.00s
[DEBUG] Processing 2132/2285: UF/20170428-Barrett/cdt-cade2015/nada/afp/tllist/x2015_09_10_16_58_04_182_1183954.smt_in.smt2
[DEBUG] Predicted solver: cvc5 for benchmark UF/20170428-Barrett/cdt-cade2015/nada/afp/tllist/x2015_09_10_16_58_04_182_1183954.smt_in.smt2
[DEBUG] Benchmark UF/20170428-Barrett/cdt-cade2015/nada/afp/tllist/x2015_09_10_16_58_04_182_1183954.smt_in.smt2: solved=True, runtime=0.43s, PAR-2=0.43s
[DEBUG] Processing 2133/2285: UF/sledgehammer/Fundamental_Theorem_Algebra/uf.1071564.smt2
[DEBUG] Predicted solver: iProver for benchmark UF/sledgehammer/Fundamental_Theorem_Algebra/uf.1071564.smt2
[DEBUG] Benchmark UF/sledgehammer/Fundamental_Theorem_Algebra/uf.1071564.smt2: solved=False, runtime=1200.00s, PAR-2=2400.00s
[DEBUG] Processing 2134/2285: UF/20170428-Barrett/cdt-cade2015/nada/afp/koenigslemma/x2015_09_10_16_51_52_445_1059832.smt_in.smt2
[DEBUG] Predicted solver: Yices2 for benchmark UF/20170428-Barrett/cdt-cade2015/nada/afp/koenigslemma/x2015_09_10_16_51_52_445_1059832.smt_in.smt2
[DEBUG] Benchmark UF/20170428-Barrett/cdt-cade2015/nada/afp/koenigslemma/x2015_09_10_16_51_52_445_1059832.smt_in.smt2: solved=False, runtime=1200.00s, PAR-2=2400.00s
[DEBUG] Processing 2135/2285: UF/sledgehammer/FFT/uf.718424.smt2
[DEBUG] Predicted solver: iProver for benchmark UF/sledgehammer/FFT/uf.718424.smt2
[DEBUG] Benchmark UF/sledgehammer/FFT/uf.718424.smt2: solved=False, runtime=1200.00s, PAR-2=2400.00s
[DEBUG] Processing 2136/2285: UF/sledgehammer/QEpres/uf.892387.smt2
[DEBUG] Predicted solver: cvc5 for benchmark UF/sledgehammer/QEpres/uf.892387.smt2
[DEBUG] Benchmark UF/sledgehammer/QEpres/uf.892387.smt2: solved=False, runtime=1200.00s, PAR-2=2400.00s
[DEBUG] Processing 2137/2285: UF/sledgehammer/QEpres/uf.830775.smt2
[DEBUG] Predicted solver: iProver for benchmark UF/sledgehammer/QEpres/uf.830775.smt2
[DEBUG] Benchmark UF/sledgehammer/QEpres/uf.830775.smt2: solved=True, runtime=0.84s, PAR-2=0.84s
[DEBUG] Processing 2138/2285: UF/sledgehammer/QEpres/uf.933726.smt2
[DEBUG] Predicted solver: iProver for benchmark UF/sledgehammer/QEpres/uf.933726.smt2
[DEBUG] Benchmark UF/sledgehammer/QEpres/uf.933726.smt2: solved=True, runtime=21.94s, PAR-2=21.94s
[DEBUG] Processing 2139/2285: UF/20170428-Barrett/cdt-cade2015/nada/afp/coinductive_list/x2015_09_10_17_16_20_494_2763737.smt_in.smt2
[DEBUG] Predicted solver: iProver for benchmark UF/20170428-Barrett/cdt-cade2015/nada/afp/coinductive_list/x2015_09_10_17_16_20_494_2763737.smt_in.smt2
[DEBUG] Benchmark UF/20170428-Barrett/cdt-cade2015/nada/afp/coinductive_list/x2015_09_10_17_16_20_494_2763737.smt_in.smt2: solved=False, runtime=1200.00s, PAR-2=2400.00s
[DEBUG] Processing 2140/2285: UF/sledgehammer/Fundamental_Theorem_Algebra/uf.1168385.smt2
[DEBUG] Predicted solver: iProver for benchmark UF/sledgehammer/Fundamental_Theorem_Algebra/uf.1168385.smt2
[DEBUG] Benchmark UF/sledgehammer/Fundamental_Theorem_Algebra/uf.1168385.smt2: solved=True, runtime=0.85s, PAR-2=0.85s
[DEBUG] Processing 2141/2285: UF/sledgehammer/TwoSquares/uf.713518.smt2
[DEBUG] Predicted solver: iProver for benchmark UF/sledgehammer/TwoSquares/uf.713518.smt2
[DEBUG] Benchmark UF/sledgehammer/TwoSquares/uf.713518.smt2: solved=False, runtime=1200.00s, PAR-2=2400.00s
[DEBUG] Processing 2142/2285: UF/20170428-Barrett/cdt-cade2015/nada/distro/rbt_impl/x2015_09_10_16_50_19_711_1027114.smt_in.smt2
[DEBUG] Predicted solver: Yices2 for benchmark UF/20170428-Barrett/cdt-cade2015/nada/distro/rbt_impl/x2015_09_10_16_50_19_711_1027114.smt_in.smt2
[DEBUG] Benchmark UF/20170428-Barrett/cdt-cade2015/nada/distro/rbt_impl/x2015_09_10_16_50_19_711_1027114.smt_in.smt2: solved=False, runtime=1200.00s, PAR-2=2400.00s
[DEBUG] Processing 2143/2285: UF/sledgehammer/Fundamental_Theorem_Algebra/uf.710528.smt2
[DEBUG] Predicted solver: cvc5 for benchmark UF/sledgehammer/Fundamental_Theorem_Algebra/uf.710528.smt2
[DEBUG] Benchmark UF/sledgehammer/Fundamental_Theorem_Algebra/uf.710528.smt2: solved=False, runtime=1200.00s, PAR-2=2400.00s
[DEBUG] Processing 2144/2285: UF/sledgehammer/QEpres/uf.660270.smt2
[DEBUG] Predicted solver: Yices2 for benchmark UF/sledgehammer/QEpres/uf.660270.smt2
[DEBUG] Benchmark UF/sledgehammer/QEpres/uf.660270.smt2: solved=False, runtime=1200.00s, PAR-2=2400.00s
[DEBUG] Processing 2145/2285: UF/sledgehammer/Fundamental_Theorem_Algebra/uf.965822.smt2
[DEBUG] Predicted solver: cvc5 for benchmark UF/sledgehammer/Fundamental_Theorem_Algebra/uf.965822.smt2
[DEBUG] Benchmark UF/sledgehammer/Fundamental_Theorem_Algebra/uf.965822.smt2: solved=False, runtime=1200.00s, PAR-2=2400.00s
[DEBUG] Processing 2146/2285: UF/sledgehammer/TwoSquares/uf.680734.smt2
[DEBUG] Predicted solver: iProver for benchmark UF/sledgehammer/TwoSquares/uf.680734.smt2
[DEBUG] Benchmark UF/sledgehammer/TwoSquares/uf.680734.smt2: solved=False, runtime=1200.00s, PAR-2=2400.00s
[DEBUG] Processing 2147/2285: UF/20170428-Barrett/cdt-cade2015/nada/afp/coinductive_list/x2015_09_10_17_07_17_183_2225111.smt_in.smt2
[DEBUG] Predicted solver: cvc5 for benchmark UF/20170428-Barrett/cdt-cade2015/nada/afp/coinductive_list/x2015_09_10_17_07_17_183_2225111.smt_in.smt2
[DEBUG] Benchmark UF/20170428-Barrett/cdt-cade2015/nada/afp/coinductive_list/x2015_09_10_17_07_17_183_2225111.smt_in.smt2: solved=True, runtime=0.32s, PAR-2=0.32s
[DEBUG] Processing 2148/2285: UF/sledgehammer/FFT/uf.692345.smt2
[DEBUG] Predicted solver: iProver for benchmark UF/sledgehammer/FFT/uf.692345.smt2
[DEBUG] Benchmark UF/sledgehammer/FFT/uf.692345.smt2: solved=False, runtime=1200.00s, PAR-2=2400.00s
[DEBUG] Processing 2149/2285: UF/sledgehammer/FFT/uf.696887.smt2
[DEBUG] Predicted solver: iProver for benchmark UF/sledgehammer/FFT/uf.696887.smt2
[DEBUG] Benchmark UF/sledgehammer/FFT/uf.696887.smt2: solved=False, runtime=1200.00s, PAR-2=2400.00s
[DEBUG] Processing 2150/2285: UF/sledgehammer/QEpres/uf.953447.smt2
[DEBUG] Predicted solver: Yices2 for benchmark UF/sledgehammer/QEpres/uf.953447.smt2
[DEBUG] Benchmark UF/sledgehammer/QEpres/uf.953447.smt2: solved=False, runtime=1200.00s, PAR-2=2400.00s
[DEBUG] Processing 2151/2285: UF/sledgehammer/Fundamental_Theorem_Algebra/uf.942939.smt2
[DEBUG] Predicted solver: iProver for benchmark UF/sledgehammer/Fundamental_Theorem_Algebra/uf.942939.smt2
[DEBUG] Benchmark UF/sledgehammer/Fundamental_Theorem_Algebra/uf.942939.smt2: solved=True, runtime=9.41s, PAR-2=9.41s
[DEBUG] Processing 2152/2285: UF/sledgehammer/Hoare/smtlib.940235.smt2
[DEBUG] Predicted solver: iProver for benchmark UF/sledgehammer/Hoare/smtlib.940235.smt2
[DEBUG] Benchmark UF/sledgehammer/Hoare/smtlib.940235.smt2: solved=False, runtime=1200.00s, PAR-2=2400.00s
[DEBUG] Processing 2153/2285: UF/sledgehammer/Fundamental_Theorem_Algebra/uf.694462.smt2
[DEBUG] Predicted solver: iProver for benchmark UF/sledgehammer/Fundamental_Theorem_Algebra/uf.694462.smt2
[DEBUG] Benchmark UF/sledgehammer/Fundamental_Theorem_Algebra/uf.694462.smt2: solved=True, runtime=34.96s, PAR-2=34.96s
[DEBUG] Processing 2154/2285: UF/sledgehammer/FFT/uf.875455.smt2
[DEBUG] Predicted solver: iProver for benchmark UF/sledgehammer/FFT/uf.875455.smt2
[DEBUG] Benchmark UF/sledgehammer/FFT/uf.875455.smt2: solved=False, runtime=1200.00s, PAR-2=2400.00s
[DEBUG] Processing 2155/2285: UF/sledgehammer/Fundamental_Theorem_Algebra/uf.636557.smt2
[DEBUG] Predicted solver: iProver for benchmark UF/sledgehammer/Fundamental_Theorem_Algebra/uf.636557.smt2
[DEBUG] Benchmark UF/sledgehammer/Fundamental_Theorem_Algebra/uf.636557.smt2: solved=False, runtime=1200.00s, PAR-2=2400.00s
[DEBUG] Processing 2156/2285: UF/sledgehammer/TypeSafe/smtlib.1485007.smt2
[DEBUG] Predicted solver: iProver for benchmark UF/sledgehammer/TypeSafe/smtlib.1485007.smt2
[DEBUG] Benchmark UF/sledgehammer/TypeSafe/smtlib.1485007.smt2: solved=True, runtime=240.49s, PAR-2=240.49s
[DEBUG] Processing 2157/2285: UF/sledgehammer/Fundamental_Theorem_Algebra/smtlib.705159.smt2
[DEBUG] Predicted solver: iProver for benchmark UF/sledgehammer/Fundamental_Theorem_Algebra/smtlib.705159.smt2
[DEBUG] Benchmark UF/sledgehammer/Fundamental_Theorem_Algebra/smtlib.705159.smt2: solved=False, runtime=1200.00s, PAR-2=2400.00s
[DEBUG] Processing 2158/2285: UF/sledgehammer/TypeSafe/smtlib.1461376.smt2
[DEBUG] Predicted solver: Yices2 for benchmark UF/sledgehammer/TypeSafe/smtlib.1461376.smt2
[DEBUG] Benchmark UF/sledgehammer/TypeSafe/smtlib.1461376.smt2: solved=True, runtime=0.24s, PAR-2=0.24s
[DEBUG] Processing 2159/2285: UF/sledgehammer/Fundamental_Theorem_Algebra/uf.610218.smt2
[DEBUG] Predicted solver: cvc5 for benchmark UF/sledgehammer/Fundamental_Theorem_Algebra/uf.610218.smt2
[DEBUG] Benchmark UF/sledgehammer/Fundamental_Theorem_Algebra/uf.610218.smt2: solved=True, runtime=1.55s, PAR-2=1.55s
[DEBUG] Processing 2160/2285: UF/sledgehammer/Arrow_Order/uf.588295.smt2
[DEBUG] Predicted solver: cvc5 for benchmark UF/sledgehammer/Arrow_Order/uf.588295.smt2
[DEBUG] Benchmark UF/sledgehammer/Arrow_Order/uf.588295.smt2: solved=False, runtime=1200.00s, PAR-2=2400.00s
[DEBUG] Processing 2161/2285: UF/20170428-Barrett/cdt-cade2015/nada/afp/coinductive_list/x2015_09_10_17_03_11_470_1887543.smt_in.smt2
[DEBUG] Predicted solver: Yices2 for benchmark UF/20170428-Barrett/cdt-cade2015/nada/afp/coinductive_list/x2015_09_10_17_03_11_470_1887543.smt_in.smt2
[DEBUG] Benchmark UF/20170428-Barrett/cdt-cade2015/nada/afp/coinductive_list/x2015_09_10_17_03_11_470_1887543.smt_in.smt2: solved=False, runtime=1200.00s, PAR-2=2400.00s
[DEBUG] Processing 2162/2285: UF/sledgehammer/TwoSquares/uf.596948.smt2
[DEBUG] Predicted solver: Yices2 for benchmark UF/sledgehammer/TwoSquares/uf.596948.smt2
[DEBUG] Benchmark UF/sledgehammer/TwoSquares/uf.596948.smt2: solved=True, runtime=0.25s, PAR-2=0.25s
[DEBUG] Processing 2163/2285: UF/sledgehammer/TypeSafe/smtlib.723662.smt2
[DEBUG] Predicted solver: cvc5 for benchmark UF/sledgehammer/TypeSafe/smtlib.723662.smt2
[DEBUG] Benchmark UF/sledgehammer/TypeSafe/smtlib.723662.smt2: solved=True, runtime=0.38s, PAR-2=0.38s
[DEBUG] Processing 2164/2285: UF/20170428-Barrett/cdt-cade2015/nada/distro/parallel/x2015_09_10_16_56_52_064_1020318.smt_in.smt2
[DEBUG] Predicted solver: Yices2 for benchmark UF/20170428-Barrett/cdt-cade2015/nada/distro/parallel/x2015_09_10_16_56_52_064_1020318.smt_in.smt2
[DEBUG] Benchmark UF/20170428-Barrett/cdt-cade2015/nada/distro/parallel/x2015_09_10_16_56_52_064_1020318.smt_in.smt2: solved=False, runtime=1200.00s, PAR-2=2400.00s
[DEBUG] Processing 2165/2285: UF/sledgehammer/Hoare/smtlib.1122949.smt2
[DEBUG] Predicted solver: iProver for benchmark UF/sledgehammer/Hoare/smtlib.1122949.smt2
[DEBUG] Benchmark UF/sledgehammer/Hoare/smtlib.1122949.smt2: solved=True, runtime=0.91s, PAR-2=0.91s
[DEBUG] Processing 2166/2285: UF/20170428-Barrett/cdt-cade2015/nada/distro/gram_lang/x2015_09_10_16_55_08_783_1516406.smt_in.smt2
[DEBUG] Predicted solver: Yices2 for benchmark UF/20170428-Barrett/cdt-cade2015/nada/distro/gram_lang/x2015_09_10_16_55_08_783_1516406.smt_in.smt2
[DEBUG] Benchmark UF/20170428-Barrett/cdt-cade2015/nada/distro/gram_lang/x2015_09_10_16_55_08_783_1516406.smt_in.smt2: solved=False, runtime=1200.00s, PAR-2=2400.00s
[DEBUG] Processing 2167/2285: UF/sledgehammer/NS_Shared/uf.732238.smt2
[DEBUG] Predicted solver: iProver for benchmark UF/sledgehammer/NS_Shared/uf.732238.smt2
[DEBUG] Benchmark UF/sledgehammer/NS_Shared/uf.732238.smt2: solved=False, runtime=1200.00s, PAR-2=2400.00s
[DEBUG] Processing 2168/2285: UF/sledgehammer/Arrow_Order/uf.843092.smt2
[DEBUG] Predicted solver: iProver for benchmark UF/sledgehammer/Arrow_Order/uf.843092.smt2
[DEBUG] Benchmark UF/sledgehammer/Arrow_Order/uf.843092.smt2: solved=False, runtime=1200.00s, PAR-2=2400.00s
[DEBUG] Processing 2169/2285: UF/sledgehammer/StrongNorm/uf.771974.smt2
[DEBUG] Predicted solver: iProver for benchmark UF/sledgehammer/StrongNorm/uf.771974.smt2
[DEBUG] Benchmark UF/sledgehammer/StrongNorm/uf.771974.smt2: solved=True, runtime=2.38s, PAR-2=2.38s
[DEBUG] Processing 2170/2285: UF/sledgehammer/StrongNorm/uf.811320.smt2
[DEBUG] Predicted solver: iProver for benchmark UF/sledgehammer/StrongNorm/uf.811320.smt2
[DEBUG] Benchmark UF/sledgehammer/StrongNorm/uf.811320.smt2: solved=False, runtime=1200.00s, PAR-2=2400.00s
[DEBUG] Processing 2171/2285: UF/sledgehammer/TwoSquares/uf.810457.smt2
[DEBUG] Predicted solver: SMTInterpol for benchmark UF/sledgehammer/TwoSquares/uf.810457.smt2
[DEBUG] Benchmark UF/sledgehammer/TwoSquares/uf.810457.smt2: solved=True, runtime=2.35s, PAR-2=2.35s
[DEBUG] Processing 2172/2285: UF/sledgehammer/Hoare/uf.688334.smt2
[DEBUG] Predicted solver: iProver for benchmark UF/sledgehammer/Hoare/uf.688334.smt2
[DEBUG] Benchmark UF/sledgehammer/Hoare/uf.688334.smt2: solved=False, runtime=1200.00s, PAR-2=2400.00s
[DEBUG] Processing 2173/2285: UF/sledgehammer/TwoSquares/uf.730245.smt2
[DEBUG] Predicted solver: iProver for benchmark UF/sledgehammer/TwoSquares/uf.730245.smt2
[DEBUG] Benchmark UF/sledgehammer/TwoSquares/uf.730245.smt2: solved=False, runtime=1200.00s, PAR-2=2400.00s
[DEBUG] Processing 2174/2285: UF/sledgehammer/Fundamental_Theorem_Algebra/uf.1377600.smt2
[DEBUG] Predicted solver: Yices2 for benchmark UF/sledgehammer/Fundamental_Theorem_Algebra/uf.1377600.smt2
[DEBUG] Benchmark UF/sledgehammer/Fundamental_Theorem_Algebra/uf.1377600.smt2: solved=True, runtime=4.26s, PAR-2=4.26s
[DEBUG] Processing 2175/2285: UF/sledgehammer/Arrow_Order/smtlib.659525.smt2
[DEBUG] Predicted solver: cvc5 for benchmark UF/sledgehammer/Arrow_Order/smtlib.659525.smt2
[DEBUG] Benchmark UF/sledgehammer/Arrow_Order/smtlib.659525.smt2: solved=False, runtime=1200.00s, PAR-2=2400.00s
[DEBUG] Processing 2176/2285: UF/sledgehammer/Arrow_Order/uf.701743.smt2
[DEBUG] Predicted solver: Yices2 for benchmark UF/sledgehammer/Arrow_Order/uf.701743.smt2
[DEBUG] Benchmark UF/sledgehammer/Arrow_Order/uf.701743.smt2: solved=False, runtime=1200.00s, PAR-2=2400.00s
[DEBUG] Processing 2177/2285: UF/sledgehammer/Fundamental_Theorem_Algebra/uf.1176478.smt2
[DEBUG] Predicted solver: Yices2 for benchmark UF/sledgehammer/Fundamental_Theorem_Algebra/uf.1176478.smt2
[DEBUG] Benchmark UF/sledgehammer/Fundamental_Theorem_Algebra/uf.1176478.smt2: solved=True, runtime=35.16s, PAR-2=35.16s
[DEBUG] Processing 2178/2285: UF/20170428-Barrett/cdt-cade2015/nada/distro/gram_lang/x2015_09_10_16_55_50_156_1563733.smt_in.smt2
[DEBUG] Predicted solver: Yices2 for benchmark UF/20170428-Barrett/cdt-cade2015/nada/distro/gram_lang/x2015_09_10_16_55_50_156_1563733.smt_in.smt2
[DEBUG] Benchmark UF/20170428-Barrett/cdt-cade2015/nada/distro/gram_lang/x2015_09_10_16_55_50_156_1563733.smt_in.smt2: solved=False, runtime=1200.00s, PAR-2=2400.00s
[DEBUG] Processing 2179/2285: UF/sledgehammer/Fundamental_Theorem_Algebra/uf.1215962.smt2
[DEBUG] Predicted solver: iProver for benchmark UF/sledgehammer/Fundamental_Theorem_Algebra/uf.1215962.smt2
[DEBUG] Benchmark UF/sledgehammer/Fundamental_Theorem_Algebra/uf.1215962.smt2: solved=False, runtime=1200.00s, PAR-2=2400.00s
[DEBUG] Processing 2180/2285: UF/20170428-Barrett/cdt-cade2015/nada/distro/gram_lang/x2015_09_10_16_48_00_192_1099574.smt_in.smt2
[DEBUG] Predicted solver: Yices2 for benchmark UF/20170428-Barrett/cdt-cade2015/nada/distro/gram_lang/x2015_09_10_16_48_00_192_1099574.smt_in.smt2
[DEBUG] Benchmark UF/20170428-Barrett/cdt-cade2015/nada/distro/gram_lang/x2015_09_10_16_48_00_192_1099574.smt_in.smt2: solved=True, runtime=0.33s, PAR-2=0.33s
[DEBUG] Processing 2181/2285: UF/20201221-induction-by-reflection-schoisswohl/reflectiveInductive/mulCommut.smt2
[DEBUG] Predicted solver: iProver for benchmark UF/20201221-induction-by-reflection-schoisswohl/reflectiveInductive/mulCommut.smt2
[DEBUG] Benchmark UF/20201221-induction-by-reflection-schoisswohl/reflectiveInductive/mulCommut.smt2: solved=False, runtime=1200.00s, PAR-2=2400.00s
[DEBUG] Processing 2182/2285: UF/sledgehammer/FFT/uf.822470.smt2
[DEBUG] Predicted solver: iProver for benchmark UF/sledgehammer/FFT/uf.822470.smt2
[DEBUG] Benchmark UF/sledgehammer/FFT/uf.822470.smt2: solved=True, runtime=0.88s, PAR-2=0.88s
[DEBUG] Processing 2183/2285: UF/sledgehammer/Fundamental_Theorem_Algebra/uf.1096915.smt2
[DEBUG] Predicted solver: cvc5 for benchmark UF/sledgehammer/Fundamental_Theorem_Algebra/uf.1096915.smt2
[DEBUG] Benchmark UF/sledgehammer/Fundamental_Theorem_Algebra/uf.1096915.smt2: solved=False, runtime=1200.00s, PAR-2=2400.00s
[DEBUG] Processing 2184/2285: UF/sledgehammer/FFT/uf.747639.smt2
[DEBUG] Predicted solver: iProver for benchmark UF/sledgehammer/FFT/uf.747639.smt2
[DEBUG] Benchmark UF/sledgehammer/FFT/uf.747639.smt2: solved=False, runtime=1200.00s, PAR-2=2400.00s
[DEBUG] Processing 2185/2285: UF/sledgehammer/Hoare/uf.989773.smt2
[DEBUG] Predicted solver: cvc5 for benchmark UF/sledgehammer/Hoare/uf.989773.smt2
[DEBUG] Benchmark UF/sledgehammer/Hoare/uf.989773.smt2: solved=False, runtime=1200.00s, PAR-2=2400.00s
[DEBUG] Processing 2186/2285: UF/sledgehammer/StrongNorm/uf.757943.smt2
[DEBUG] Predicted solver: cvc5 for benchmark UF/sledgehammer/StrongNorm/uf.757943.smt2
[DEBUG] Benchmark UF/sledgehammer/StrongNorm/uf.757943.smt2: solved=False, runtime=1200.00s, PAR-2=2400.00s
[DEBUG] Processing 2187/2285: UF/sledgehammer/Fundamental_Theorem_Algebra/uf.762413.smt2
[DEBUG] Predicted solver: iProver for benchmark UF/sledgehammer/Fundamental_Theorem_Algebra/uf.762413.smt2
[DEBUG] Benchmark UF/sledgehammer/Fundamental_Theorem_Algebra/uf.762413.smt2: solved=True, runtime=1.41s, PAR-2=1.41s
[DEBUG] Processing 2188/2285: UF/20170428-Barrett/cdt-cade2015/nada/distro/gram_lang/x2015_09_10_16_52_15_309_1355206.smt_in.smt2
[DEBUG] Predicted solver: Yices2 for benchmark UF/20170428-Barrett/cdt-cade2015/nada/distro/gram_lang/x2015_09_10_16_52_15_309_1355206.smt_in.smt2
[DEBUG] Benchmark UF/20170428-Barrett/cdt-cade2015/nada/distro/gram_lang/x2015_09_10_16_52_15_309_1355206.smt_in.smt2: solved=True, runtime=77.45s, PAR-2=77.45s
[DEBUG] Processing 2189/2285: UF/20170428-Barrett/cdt-cade2015/nada/distro/parallel/x2015_09_10_16_56_41_403_1007017.smt_in.smt2
[DEBUG] Predicted solver: Yices2 for benchmark UF/20170428-Barrett/cdt-cade2015/nada/distro/parallel/x2015_09_10_16_56_41_403_1007017.smt_in.smt2
[DEBUG] Benchmark UF/20170428-Barrett/cdt-cade2015/nada/distro/parallel/x2015_09_10_16_56_41_403_1007017.smt_in.smt2: solved=False, runtime=1200.00s, PAR-2=2400.00s
[DEBUG] Processing 2190/2285: UF/sledgehammer/FFT/uf.787040.smt2
[DEBUG] Predicted solver: iProver for benchmark UF/sledgehammer/FFT/uf.787040.smt2
[DEBUG] Benchmark UF/sledgehammer/FFT/uf.787040.smt2: solved=True, runtime=3.87s, PAR-2=3.87s
[DEBUG] Processing 2191/2285: UF/sledgehammer/Arrow_Order/uf.655306.smt2
[DEBUG] Predicted solver: iProver for benchmark UF/sledgehammer/Arrow_Order/uf.655306.smt2
[DEBUG] Benchmark UF/sledgehammer/Arrow_Order/uf.655306.smt2: solved=True, runtime=2.35s, PAR-2=2.35s
[DEBUG] Processing 2192/2285: UF/sledgehammer/TypeSafe/uf.1316465.smt2
[DEBUG] Predicted solver: Yices2 for benchmark UF/sledgehammer/TypeSafe/uf.1316465.smt2
[DEBUG] Benchmark UF/sledgehammer/TypeSafe/uf.1316465.smt2: solved=False, runtime=1200.00s, PAR-2=2400.00s
[DEBUG] Processing 2193/2285: UF/sledgehammer/Hoare/uf.575042.smt2
[DEBUG] Predicted solver: iProver for benchmark UF/sledgehammer/Hoare/uf.575042.smt2
[DEBUG] Benchmark UF/sledgehammer/Hoare/uf.575042.smt2: solved=True, runtime=0.87s, PAR-2=0.87s
[DEBUG] Processing 2194/2285: UF/sledgehammer/NS_Shared/smtlib.891626.smt2
[DEBUG] Predicted solver: iProver for benchmark UF/sledgehammer/NS_Shared/smtlib.891626.smt2
[DEBUG] Benchmark UF/sledgehammer/NS_Shared/smtlib.891626.smt2: solved=False, runtime=1200.00s, PAR-2=2400.00s
[DEBUG] Processing 2195/2285: UF/sledgehammer/FFT/uf.612658.smt2
[DEBUG] Predicted solver: cvc5 for benchmark UF/sledgehammer/FFT/uf.612658.smt2
[DEBUG] Benchmark UF/sledgehammer/FFT/uf.612658.smt2: solved=True, runtime=0.98s, PAR-2=0.98s
[DEBUG] Processing 2196/2285: UF/sledgehammer/Fundamental_Theorem_Algebra/uf.1331781.smt2
[DEBUG] Predicted solver: iProver for benchmark UF/sledgehammer/Fundamental_Theorem_Algebra/uf.1331781.smt2
[DEBUG] Benchmark UF/sledgehammer/Fundamental_Theorem_Algebra/uf.1331781.smt2: solved=False, runtime=1200.00s, PAR-2=2400.00s
[DEBUG] Processing 2197/2285: UF/20170428-Barrett/cdt-cade2015/nada/distro/rbt_impl/x2015_09_10_16_53_09_887_1280052.smt_in.smt2
[DEBUG] Predicted solver: iProver for benchmark UF/20170428-Barrett/cdt-cade2015/nada/distro/rbt_impl/x2015_09_10_16_53_09_887_1280052.smt_in.smt2
[DEBUG] Benchmark UF/20170428-Barrett/cdt-cade2015/nada/distro/rbt_impl/x2015_09_10_16_53_09_887_1280052.smt_in.smt2: solved=False, runtime=1200.00s, PAR-2=2400.00s
[DEBUG] Processing 2198/2285: UF/sledgehammer/StrongNorm/uf.627594.smt2
[DEBUG] Predicted solver: iProver for benchmark UF/sledgehammer/StrongNorm/uf.627594.smt2
[DEBUG] Benchmark UF/sledgehammer/StrongNorm/uf.627594.smt2: solved=False, runtime=1200.00s, PAR-2=2400.00s
[DEBUG] Processing 2199/2285: UF/20170428-Barrett/cdt-cade2015/nada/afp/huffman/x2015_09_10_16_50_36_547_1261146.smt_in.smt2
[DEBUG] Predicted solver: cvc5 for benchmark UF/20170428-Barrett/cdt-cade2015/nada/afp/huffman/x2015_09_10_16_50_36_547_1261146.smt_in.smt2
[DEBUG] Benchmark UF/20170428-Barrett/cdt-cade2015/nada/afp/huffman/x2015_09_10_16_50_36_547_1261146.smt_in.smt2: solved=True, runtime=0.30s, PAR-2=0.30s
[DEBUG] Processing 2200/2285: UF/20170428-Barrett/cdt-cade2015/nada/afp/coinductive_list/x2015_09_10_16_56_19_913_1446067.smt_in.smt2
[DEBUG] Predicted solver: Yices2 for benchmark UF/20170428-Barrett/cdt-cade2015/nada/afp/coinductive_list/x2015_09_10_16_56_19_913_1446067.smt_in.smt2
[DEBUG] Benchmark UF/20170428-Barrett/cdt-cade2015/nada/afp/coinductive_list/x2015_09_10_16_56_19_913_1446067.smt_in.smt2: solved=True, runtime=0.22s, PAR-2=0.22s
[DEBUG] Processing 2201/2285: UF/20170428-Barrett/cdt-cade2015/nada/distro/process/x2015_09_10_16_46_02_139_1005854.smt_in.smt2
[DEBUG] Predicted solver: cvc5 for benchmark UF/20170428-Barrett/cdt-cade2015/nada/distro/process/x2015_09_10_16_46_02_139_1005854.smt_in.smt2
[DEBUG] Benchmark UF/20170428-Barrett/cdt-cade2015/nada/distro/process/x2015_09_10_16_46_02_139_1005854.smt_in.smt2: solved=True, runtime=1.74s, PAR-2=1.74s
[DEBUG] Processing 2202/2285: UF/sledgehammer/TypeSafe/smtlib.643748.smt2
[DEBUG] Predicted solver: iProver for benchmark UF/sledgehammer/TypeSafe/smtlib.643748.smt2
[DEBUG] Benchmark UF/sledgehammer/TypeSafe/smtlib.643748.smt2: solved=False, runtime=1200.00s, PAR-2=2400.00s
[DEBUG] Processing 2203/2285: UF/sledgehammer/TypeSafe/uf.744284.smt2
[DEBUG] Predicted solver: Yices2 for benchmark UF/sledgehammer/TypeSafe/uf.744284.smt2
[DEBUG] Benchmark UF/sledgehammer/TypeSafe/uf.744284.smt2: solved=False, runtime=1200.00s, PAR-2=2400.00s
[DEBUG] Processing 2204/2285: UF/sledgehammer/Fundamental_Theorem_Algebra/uf.1098022.smt2
[DEBUG] Predicted solver: iProver for benchmark UF/sledgehammer/Fundamental_Theorem_Algebra/uf.1098022.smt2
[DEBUG] Benchmark UF/sledgehammer/Fundamental_Theorem_Algebra/uf.1098022.smt2: solved=False, runtime=1200.00s, PAR-2=2400.00s
[DEBUG] Processing 2205/2285: UF/sledgehammer/Arrow_Order/uf.827218.smt2
[DEBUG] Predicted solver: iProver for benchmark UF/sledgehammer/Arrow_Order/uf.827218.smt2
[DEBUG] Benchmark UF/sledgehammer/Arrow_Order/uf.827218.smt2: solved=False, runtime=1200.00s, PAR-2=2400.00s
[DEBUG] Processing 2206/2285: UF/sledgehammer/Fundamental_Theorem_Algebra/uf.998408.smt2
[DEBUG] Predicted solver: iProver for benchmark UF/sledgehammer/Fundamental_Theorem_Algebra/uf.998408.smt2
[DEBUG] Benchmark UF/sledgehammer/Fundamental_Theorem_Algebra/uf.998408.smt2: solved=False, runtime=1200.00s, PAR-2=2400.00s
[DEBUG] Processing 2207/2285: UF/sledgehammer/Fundamental_Theorem_Algebra/uf.1111599.smt2
[DEBUG] Predicted solver: cvc5 for benchmark UF/sledgehammer/Fundamental_Theorem_Algebra/uf.1111599.smt2
[DEBUG] Benchmark UF/sledgehammer/Fundamental_Theorem_Algebra/uf.1111599.smt2: solved=False, runtime=1200.00s, PAR-2=2400.00s
[DEBUG] Processing 2208/2285: UF/20170428-Barrett/cdt-cade2015/nada/afp/coinductive_list/x2015_09_10_17_19_50_153_2896731.smt_in.smt2
[DEBUG] Predicted solver: cvc5 for benchmark UF/20170428-Barrett/cdt-cade2015/nada/afp/coinductive_list/x2015_09_10_17_19_50_153_2896731.smt_in.smt2
[DEBUG] Benchmark UF/20170428-Barrett/cdt-cade2015/nada/afp/coinductive_list/x2015_09_10_17_19_50_153_2896731.smt_in.smt2: solved=False, runtime=1200.00s, PAR-2=2400.00s
[DEBUG] Processing 2209/2285: UF/20170428-Barrett/cdt-cade2015/nada/afp/coinductive_list/x2015_09_10_17_16_22_709_2765087.smt_in.smt2
[DEBUG] Predicted solver: cvc5 for benchmark UF/20170428-Barrett/cdt-cade2015/nada/afp/coinductive_list/x2015_09_10_17_16_22_709_2765087.smt_in.smt2
[DEBUG] Benchmark UF/20170428-Barrett/cdt-cade2015/nada/afp/coinductive_list/x2015_09_10_17_16_22_709_2765087.smt_in.smt2: solved=False, runtime=1200.00s, PAR-2=2400.00s
[DEBUG] Processing 2210/2285: UF/sledgehammer/Arrow_Order/uf.560933.smt2
[DEBUG] Predicted solver: cvc5 for benchmark UF/sledgehammer/Arrow_Order/uf.560933.smt2
[DEBUG] Benchmark UF/sledgehammer/Arrow_Order/uf.560933.smt2: solved=False, runtime=1200.00s, PAR-2=2400.00s
[DEBUG] Processing 2211/2285: UF/sledgehammer/Fundamental_Theorem_Algebra/uf.878138.smt2
[DEBUG] Predicted solver: cvc5 for benchmark UF/sledgehammer/Fundamental_Theorem_Algebra/uf.878138.smt2
[DEBUG] Benchmark UF/sledgehammer/Fundamental_Theorem_Algebra/uf.878138.smt2: solved=True, runtime=31.16s, PAR-2=31.16s
[DEBUG] Processing 2212/2285: UF/20170428-Barrett/cdt-cade2015/nada/afp/sorted_list_operations/x2015_09_10_16_47_24_187_1049616.smt_in.smt2
[DEBUG] Predicted solver: cvc5 for benchmark UF/20170428-Barrett/cdt-cade2015/nada/afp/sorted_list_operations/x2015_09_10_16_47_24_187_1049616.smt_in.smt2
[DEBUG] Benchmark UF/20170428-Barrett/cdt-cade2015/nada/afp/sorted_list_operations/x2015_09_10_16_47_24_187_1049616.smt_in.smt2: solved=False, runtime=1200.00s, PAR-2=2400.00s
[DEBUG] Processing 2213/2285: UF/sledgehammer/NS_Shared/uf.804685.smt2
[DEBUG] Predicted solver: cvc5 for benchmark UF/sledgehammer/NS_Shared/uf.804685.smt2
[DEBUG] Benchmark UF/sledgehammer/NS_Shared/uf.804685.smt2: solved=False, runtime=1200.00s, PAR-2=2400.00s
[DEBUG] Processing 2214/2285: UF/sledgehammer/StrongNorm/uf.562545.smt2
[DEBUG] Predicted solver: iProver for benchmark UF/sledgehammer/StrongNorm/uf.562545.smt2
[DEBUG] Benchmark UF/sledgehammer/StrongNorm/uf.562545.smt2: solved=False, runtime=1200.00s, PAR-2=2400.00s
[DEBUG] Processing 2215/2285: UF/20170428-Barrett/cdt-cade2015/nada/afp/huffman/x2015_09_10_16_51_32_969_1321523.smt_in.smt2
[DEBUG] Predicted solver: Yices2 for benchmark UF/20170428-Barrett/cdt-cade2015/nada/afp/huffman/x2015_09_10_16_51_32_969_1321523.smt_in.smt2
[DEBUG] Benchmark UF/20170428-Barrett/cdt-cade2015/nada/afp/huffman/x2015_09_10_16_51_32_969_1321523.smt_in.smt2: solved=False, runtime=1200.00s, PAR-2=2400.00s
[DEBUG] Processing 2216/2285: UF/sledgehammer/Fundamental_Theorem_Algebra/uf.1208885.smt2
[DEBUG] Predicted solver: iProver for benchmark UF/sledgehammer/Fundamental_Theorem_Algebra/uf.1208885.smt2
[DEBUG] Benchmark UF/sledgehammer/Fundamental_Theorem_Algebra/uf.1208885.smt2: solved=True, runtime=46.92s, PAR-2=46.92s
[DEBUG] Processing 2217/2285: UF/sledgehammer/Fundamental_Theorem_Algebra/uf.747807.smt2
[DEBUG] Predicted solver: cvc5 for benchmark UF/sledgehammer/Fundamental_Theorem_Algebra/uf.747807.smt2
[DEBUG] Benchmark UF/sledgehammer/Fundamental_Theorem_Algebra/uf.747807.smt2: solved=False, runtime=1200.00s, PAR-2=2400.00s
[DEBUG] Processing 2218/2285: UF/sledgehammer/Hoare/uf.1194322.smt2
[DEBUG] Predicted solver: iProver for benchmark UF/sledgehammer/Hoare/uf.1194322.smt2
[DEBUG] Benchmark UF/sledgehammer/Hoare/uf.1194322.smt2: solved=False, runtime=1200.00s, PAR-2=2400.00s
[DEBUG] Processing 2219/2285: UF/20170428-Barrett/cdt-cade2015/nada/afp/tllist/x2015_09_10_16_59_25_014_1274521.smt_in.smt2
[DEBUG] Predicted solver: Yices2 for benchmark UF/20170428-Barrett/cdt-cade2015/nada/afp/tllist/x2015_09_10_16_59_25_014_1274521.smt_in.smt2
[DEBUG] Benchmark UF/20170428-Barrett/cdt-cade2015/nada/afp/tllist/x2015_09_10_16_59_25_014_1274521.smt_in.smt2: solved=False, runtime=1200.00s, PAR-2=2400.00s
[DEBUG] Processing 2220/2285: UF/sledgehammer/QEpres/uf.1067152.smt2
[DEBUG] Predicted solver: iProver for benchmark UF/sledgehammer/QEpres/uf.1067152.smt2
[DEBUG] Benchmark UF/sledgehammer/QEpres/uf.1067152.smt2: solved=False, runtime=1200.00s, PAR-2=2400.00s
[DEBUG] Processing 2221/2285: UF/sledgehammer/Hoare/uf.717661.smt2
[DEBUG] Predicted solver: iProver for benchmark UF/sledgehammer/Hoare/uf.717661.smt2
[DEBUG] Benchmark UF/sledgehammer/Hoare/uf.717661.smt2: solved=False, runtime=1200.00s, PAR-2=2400.00s
[DEBUG] Processing 2222/2285: UF/sledgehammer/StrongNorm/uf.577788.smt2
[DEBUG] Predicted solver: iProver for benchmark UF/sledgehammer/StrongNorm/uf.577788.smt2
[DEBUG] Benchmark UF/sledgehammer/StrongNorm/uf.577788.smt2: solved=False, runtime=1200.00s, PAR-2=2400.00s
[DEBUG] Processing 2223/2285: UF/20170428-Barrett/cdt-cade2015/nada/afp/sorted_list_operations/x2015_09_10_16_48_02_634_1088060.smt_in.smt2
[DEBUG] Predicted solver: Yices2 for benchmark UF/20170428-Barrett/cdt-cade2015/nada/afp/sorted_list_operations/x2015_09_10_16_48_02_634_1088060.smt_in.smt2
[DEBUG] Benchmark UF/20170428-Barrett/cdt-cade2015/nada/afp/sorted_list_operations/x2015_09_10_16_48_02_634_1088060.smt_in.smt2: solved=False, runtime=1200.00s, PAR-2=2400.00s
[DEBUG] Processing 2224/2285: UF/20170428-Barrett/cdt-cade2015/nada/distro/gram_lang/x2015_09_10_16_54_05_648_1456120.smt_in.smt2
[DEBUG] Predicted solver: cvc5 for benchmark UF/20170428-Barrett/cdt-cade2015/nada/distro/gram_lang/x2015_09_10_16_54_05_648_1456120.smt_in.smt2
[DEBUG] Benchmark UF/20170428-Barrett/cdt-cade2015/nada/distro/gram_lang/x2015_09_10_16_54_05_648_1456120.smt_in.smt2: solved=True, runtime=0.43s, PAR-2=0.43s
[DEBUG] Processing 2225/2285: UF/sledgehammer/FFT/uf.882365.smt2
[DEBUG] Predicted solver: iProver for benchmark UF/sledgehammer/FFT/uf.882365.smt2
[DEBUG] Benchmark UF/sledgehammer/FFT/uf.882365.smt2: solved=False, runtime=1200.00s, PAR-2=2400.00s
[DEBUG] Processing 2226/2285: UF/sledgehammer/QEpres/uf.1067380.smt2
[DEBUG] Predicted solver: iProver for benchmark UF/sledgehammer/QEpres/uf.1067380.smt2
[DEBUG] Benchmark UF/sledgehammer/QEpres/uf.1067380.smt2: solved=False, runtime=1200.00s, PAR-2=2400.00s
[DEBUG] Processing 2227/2285: UF/sledgehammer/TypeSafe/uf.899319.smt2
[DEBUG] Predicted solver: iProver for benchmark UF/sledgehammer/TypeSafe/uf.899319.smt2
[DEBUG] Benchmark UF/sledgehammer/TypeSafe/uf.899319.smt2: solved=False, runtime=1200.00s, PAR-2=2400.00s
[DEBUG] Processing 2228/2285: UF/sledgehammer/NS_Shared/smtlib.699037.smt2
[DEBUG] Predicted solver: iProver for benchmark UF/sledgehammer/NS_Shared/smtlib.699037.smt2
[DEBUG] Benchmark UF/sledgehammer/NS_Shared/smtlib.699037.smt2: solved=False, runtime=1200.00s, PAR-2=2400.00s
[DEBUG] Processing 2229/2285: UF/20170428-Barrett/cdt-cade2015/nada/afp/coinductive_list/x2015_09_10_17_02_25_050_1825682.smt_in.smt2
[DEBUG] Predicted solver: Yices2 for benchmark UF/20170428-Barrett/cdt-cade2015/nada/afp/coinductive_list/x2015_09_10_17_02_25_050_1825682.smt_in.smt2
[DEBUG] Benchmark UF/20170428-Barrett/cdt-cade2015/nada/afp/coinductive_list/x2015_09_10_17_02_25_050_1825682.smt_in.smt2: solved=True, runtime=0.30s, PAR-2=0.30s
[DEBUG] Processing 2230/2285: UF/sledgehammer/NS_Shared/uf.573318.smt2
[DEBUG] Predicted solver: cvc5 for benchmark UF/sledgehammer/NS_Shared/uf.573318.smt2
[DEBUG] Benchmark UF/sledgehammer/NS_Shared/uf.573318.smt2: solved=False, runtime=1200.00s, PAR-2=2400.00s
[DEBUG] Processing 2231/2285: UF/sledgehammer/Fundamental_Theorem_Algebra/uf.1156429.smt2
[DEBUG] Predicted solver: iProver for benchmark UF/sledgehammer/Fundamental_Theorem_Algebra/uf.1156429.smt2
[DEBUG] Benchmark UF/sledgehammer/Fundamental_Theorem_Algebra/uf.1156429.smt2: solved=True, runtime=11.39s, PAR-2=11.39s
[DEBUG] Processing 2232/2285: UF/sledgehammer/Hoare/uf.1179741.smt2
[DEBUG] Predicted solver: iProver for benchmark UF/sledgehammer/Hoare/uf.1179741.smt2
[DEBUG] Benchmark UF/sledgehammer/Hoare/uf.1179741.smt2: solved=False, runtime=1200.00s, PAR-2=2400.00s
[DEBUG] Processing 2233/2285: UF/sledgehammer/NS_Shared/uf.620072.smt2
[DEBUG] Predicted solver: Yices2 for benchmark UF/sledgehammer/NS_Shared/uf.620072.smt2
[DEBUG] Benchmark UF/sledgehammer/NS_Shared/uf.620072.smt2: solved=False, runtime=1200.00s, PAR-2=2400.00s
[DEBUG] Processing 2234/2285: UF/20170428-Barrett/cdt-cade2015/nada/gandl/cotree/x2015_09_10_16_49_33_834_984124.smt_in.smt2
[DEBUG] Predicted solver: cvc5 for benchmark UF/20170428-Barrett/cdt-cade2015/nada/gandl/cotree/x2015_09_10_16_49_33_834_984124.smt_in.smt2
[DEBUG] Benchmark UF/20170428-Barrett/cdt-cade2015/nada/gandl/cotree/x2015_09_10_16_49_33_834_984124.smt_in.smt2: solved=False, runtime=1200.00s, PAR-2=2400.00s
[DEBUG] Processing 2235/2285: UF/sledgehammer/Fundamental_Theorem_Algebra/uf.692141.smt2
[DEBUG] Predicted solver: SMTInterpol for benchmark UF/sledgehammer/Fundamental_Theorem_Algebra/uf.692141.smt2
[DEBUG] Benchmark UF/sledgehammer/Fundamental_Theorem_Algebra/uf.692141.smt2: solved=True, runtime=5.85s, PAR-2=5.85s
[DEBUG] Processing 2236/2285: UF/20170428-Barrett/cdt-cade2015/nada/distro/rbt_impl/x2015_09_10_16_59_35_445_1924767.smt_in.smt2
[DEBUG] Predicted solver: cvc5 for benchmark UF/20170428-Barrett/cdt-cade2015/nada/distro/rbt_impl/x2015_09_10_16_59_35_445_1924767.smt_in.smt2
[DEBUG] Benchmark UF/20170428-Barrett/cdt-cade2015/nada/distro/rbt_impl/x2015_09_10_16_59_35_445_1924767.smt_in.smt2: solved=True, runtime=32.01s, PAR-2=32.01s
[DEBUG] Processing 2237/2285: UF/20170428-Barrett/cdt-cade2015/nada/distro/gram_lang/x2015_09_10_16_55_11_170_1519123.smt_in.smt2
[DEBUG] Predicted solver: cvc5 for benchmark UF/20170428-Barrett/cdt-cade2015/nada/distro/gram_lang/x2015_09_10_16_55_11_170_1519123.smt_in.smt2
[DEBUG] Benchmark UF/20170428-Barrett/cdt-cade2015/nada/distro/gram_lang/x2015_09_10_16_55_11_170_1519123.smt_in.smt2: solved=True, runtime=146.28s, PAR-2=146.28s
[DEBUG] Processing 2238/2285: UF/sledgehammer/Hoare/uf.780041.smt2
[DEBUG] Predicted solver: iProver for benchmark UF/sledgehammer/Hoare/uf.780041.smt2
[DEBUG] Benchmark UF/sledgehammer/Hoare/uf.780041.smt2: solved=False, runtime=1200.00s, PAR-2=2400.00s
[DEBUG] Processing 2239/2285: UF/sledgehammer/Hoare/uf.778982.smt2
[DEBUG] Predicted solver: cvc5 for benchmark UF/sledgehammer/Hoare/uf.778982.smt2
[DEBUG] Benchmark UF/sledgehammer/Hoare/uf.778982.smt2: solved=True, runtime=12.82s, PAR-2=12.82s
[DEBUG] Processing 2240/2285: UF/20170428-Barrett/cdt-cade2015/nada/distro/gram_lang/x2015_09_10_16_46_45_255_1017693.smt_in.smt2
[DEBUG] Predicted solver: Yices2 for benchmark UF/20170428-Barrett/cdt-cade2015/nada/distro/gram_lang/x2015_09_10_16_46_45_255_1017693.smt_in.smt2
[DEBUG] Benchmark UF/20170428-Barrett/cdt-cade2015/nada/distro/gram_lang/x2015_09_10_16_46_45_255_1017693.smt_in.smt2: solved=True, runtime=89.81s, PAR-2=89.81s
[DEBUG] Processing 2241/2285: UF/sledgehammer/Fundamental_Theorem_Algebra/uf.1051816.smt2
[DEBUG] Predicted solver: iProver for benchmark UF/sledgehammer/Fundamental_Theorem_Algebra/uf.1051816.smt2
[DEBUG] Benchmark UF/sledgehammer/Fundamental_Theorem_Algebra/uf.1051816.smt2: solved=False, runtime=1200.00s, PAR-2=2400.00s
[DEBUG] Processing 2242/2285: UF/sledgehammer/QEpres/uf.584356.smt2
[DEBUG] Predicted solver: iProver for benchmark UF/sledgehammer/QEpres/uf.584356.smt2
[DEBUG] Benchmark UF/sledgehammer/QEpres/uf.584356.smt2: solved=False, runtime=1200.00s, PAR-2=2400.00s
[DEBUG] Processing 2243/2285: UF/sledgehammer/Hoare/smtlib.664329.smt2
[DEBUG] Predicted solver: Yices2 for benchmark UF/sledgehammer/Hoare/smtlib.664329.smt2
[DEBUG] Benchmark UF/sledgehammer/Hoare/smtlib.664329.smt2: solved=True, runtime=0.21s, PAR-2=0.21s
[DEBUG] Processing 2244/2285: UF/20170428-Barrett/cdt-cade2015/nada/distro/rbt_impl/x2015_09_10_16_59_40_645_1933434.smt_in.smt2
[DEBUG] Predicted solver: Yices2 for benchmark UF/20170428-Barrett/cdt-cade2015/nada/distro/rbt_impl/x2015_09_10_16_59_40_645_1933434.smt_in.smt2
[DEBUG] Benchmark UF/20170428-Barrett/cdt-cade2015/nada/distro/rbt_impl/x2015_09_10_16_59_40_645_1933434.smt_in.smt2: solved=False, runtime=1200.00s, PAR-2=2400.00s
[DEBUG] Processing 2245/2285: UF/sledgehammer/Fundamental_Theorem_Algebra/uf.1049866.smt2
[DEBUG] Predicted solver: iProver for benchmark UF/sledgehammer/Fundamental_Theorem_Algebra/uf.1049866.smt2
[DEBUG] Benchmark UF/sledgehammer/Fundamental_Theorem_Algebra/uf.1049866.smt2: solved=True, runtime=1.37s, PAR-2=1.37s
[DEBUG] Processing 2246/2285: UF/sledgehammer/Arrow_Order/uf.690998.smt2
[DEBUG] Predicted solver: cvc5 for benchmark UF/sledgehammer/Arrow_Order/uf.690998.smt2
[DEBUG] Benchmark UF/sledgehammer/Arrow_Order/uf.690998.smt2: solved=True, runtime=2.54s, PAR-2=2.54s
[DEBUG] Processing 2247/2285: UF/sledgehammer/Fundamental_Theorem_Algebra/uf.597996.smt2
[DEBUG] Predicted solver: cvc5 for benchmark UF/sledgehammer/Fundamental_Theorem_Algebra/uf.597996.smt2
[DEBUG] Benchmark UF/sledgehammer/Fundamental_Theorem_Algebra/uf.597996.smt2: solved=False, runtime=1200.00s, PAR-2=2400.00s
[DEBUG] Processing 2248/2285: UF/sledgehammer/TypeSafe/uf.1420940.smt2
[DEBUG] Predicted solver: iProver for benchmark UF/sledgehammer/TypeSafe/uf.1420940.smt2
[DEBUG] Benchmark UF/sledgehammer/TypeSafe/uf.1420940.smt2: solved=False, runtime=1200.00s, PAR-2=2400.00s
[DEBUG] Processing 2249/2285: UF/sledgehammer/TypeSafe/smtlib.665501.smt2
[DEBUG] Predicted solver: iProver for benchmark UF/sledgehammer/TypeSafe/smtlib.665501.smt2
[DEBUG] Benchmark UF/sledgehammer/TypeSafe/smtlib.665501.smt2: solved=False, runtime=1200.00s, PAR-2=2400.00s
[DEBUG] Processing 2250/2285: UF/20170428-Barrett/cdt-cade2015/nada/distro/rbt_impl/x2015_09_10_16_58_36_615_1834043.smt_in.smt2
[DEBUG] Predicted solver: Yices2 for benchmark UF/20170428-Barrett/cdt-cade2015/nada/distro/rbt_impl/x2015_09_10_16_58_36_615_1834043.smt_in.smt2
[DEBUG] Benchmark UF/20170428-Barrett/cdt-cade2015/nada/distro/rbt_impl/x2015_09_10_16_58_36_615_1834043.smt_in.smt2: solved=False, runtime=1200.00s, PAR-2=2400.00s
[DEBUG] Processing 2251/2285: UF/20170428-Barrett/cdt-cade2015/nada/afp/coinductive_list/x2015_09_10_17_09_26_760_2397370.smt_in.smt2
[DEBUG] Predicted solver: cvc5 for benchmark UF/20170428-Barrett/cdt-cade2015/nada/afp/coinductive_list/x2015_09_10_17_09_26_760_2397370.smt_in.smt2
[DEBUG] Benchmark UF/20170428-Barrett/cdt-cade2015/nada/afp/coinductive_list/x2015_09_10_17_09_26_760_2397370.smt_in.smt2: solved=False, runtime=1200.00s, PAR-2=2400.00s
[DEBUG] Processing 2252/2285: UF/20170428-Barrett/cdt-cade2015/nada/afp/coinductive_list/x2015_09_10_17_17_37_894_2805936.smt_in.smt2
[DEBUG] Predicted solver: Yices2 for benchmark UF/20170428-Barrett/cdt-cade2015/nada/afp/coinductive_list/x2015_09_10_17_17_37_894_2805936.smt_in.smt2
[DEBUG] Benchmark UF/20170428-Barrett/cdt-cade2015/nada/afp/coinductive_list/x2015_09_10_17_17_37_894_2805936.smt_in.smt2: solved=False, runtime=1200.00s, PAR-2=2400.00s
[DEBUG] Processing 2253/2285: UF/sledgehammer/QEpres/uf.595100.smt2
[DEBUG] Predicted solver: cvc5 for benchmark UF/sledgehammer/QEpres/uf.595100.smt2
[DEBUG] Benchmark UF/sledgehammer/QEpres/uf.595100.smt2: solved=False, runtime=1200.00s, PAR-2=2400.00s
[DEBUG] Processing 2254/2285: UF/sledgehammer/TypeSafe/uf.774818.smt2
[DEBUG] Predicted solver: cvc5 for benchmark UF/sledgehammer/TypeSafe/uf.774818.smt2
[DEBUG] Benchmark UF/sledgehammer/TypeSafe/uf.774818.smt2: solved=False, runtime=1200.00s, PAR-2=2400.00s
[DEBUG] Processing 2255/2285: UF/sledgehammer/Hoare/uf.961365.smt2
[DEBUG] Predicted solver: cvc5 for benchmark UF/sledgehammer/Hoare/uf.961365.smt2
[DEBUG] Benchmark UF/sledgehammer/Hoare/uf.961365.smt2: solved=False, runtime=1200.00s, PAR-2=2400.00s
[DEBUG] Processing 2256/2285: UF/20170428-Barrett/cdt-cade2015/nada/gandl/bird_tree/x2015_09_10_16_54_57_967_1041087.smt_in.smt2
[DEBUG] Predicted solver: cvc5 for benchmark UF/20170428-Barrett/cdt-cade2015/nada/gandl/bird_tree/x2015_09_10_16_54_57_967_1041087.smt_in.smt2
[DEBUG] Benchmark UF/20170428-Barrett/cdt-cade2015/nada/gandl/bird_tree/x2015_09_10_16_54_57_967_1041087.smt_in.smt2: solved=False, runtime=1200.00s, PAR-2=2400.00s
[DEBUG] Processing 2257/2285: UF/sledgehammer/Hoare/uf.1045994.smt2
[DEBUG] Predicted solver: iProver for benchmark UF/sledgehammer/Hoare/uf.1045994.smt2
[DEBUG] Benchmark UF/sledgehammer/Hoare/uf.1045994.smt2: solved=False, runtime=1200.00s, PAR-2=2400.00s
[DEBUG] Processing 2258/2285: UF/20170428-Barrett/cdt-cade2015/nada/afp/koenigslemma/x2015_09_10_16_53_15_067_1124217.smt_in.smt2
[DEBUG] Predicted solver: cvc5 for benchmark UF/20170428-Barrett/cdt-cade2015/nada/afp/koenigslemma/x2015_09_10_16_53_15_067_1124217.smt_in.smt2
[DEBUG] Benchmark UF/20170428-Barrett/cdt-cade2015/nada/afp/koenigslemma/x2015_09_10_16_53_15_067_1124217.smt_in.smt2: solved=True, runtime=30.66s, PAR-2=30.66s
[DEBUG] Processing 2259/2285: UF/sledgehammer/FFT/uf.630833.smt2
[DEBUG] Predicted solver: iProver for benchmark UF/sledgehammer/FFT/uf.630833.smt2
[DEBUG] Benchmark UF/sledgehammer/FFT/uf.630833.smt2: solved=False, runtime=1200.00s, PAR-2=2400.00s
[DEBUG] Processing 2260/2285: UF/20190906-CLEARSY/0023/00907.smt2
[DEBUG] Predicted solver: Yices2 for benchmark UF/20190906-CLEARSY/0023/00907.smt2
[DEBUG] Benchmark UF/20190906-CLEARSY/0023/00907.smt2: solved=True, runtime=0.22s, PAR-2=0.22s
[DEBUG] Processing 2261/2285: UF/sledgehammer/TypeSafe/smtlib.1296512.smt2
[DEBUG] Predicted solver: cvc5 for benchmark UF/sledgehammer/TypeSafe/smtlib.1296512.smt2
[DEBUG] Benchmark UF/sledgehammer/TypeSafe/smtlib.1296512.smt2: solved=False, runtime=1200.00s, PAR-2=2400.00s
[DEBUG] Processing 2262/2285: UF/sledgehammer/FFT/uf.848008.smt2
[DEBUG] Predicted solver: iProver for benchmark UF/sledgehammer/FFT/uf.848008.smt2
[DEBUG] Benchmark UF/sledgehammer/FFT/uf.848008.smt2: solved=False, runtime=1200.00s, PAR-2=2400.00s
[DEBUG] Processing 2263/2285: UF/sledgehammer/Fundamental_Theorem_Algebra/uf.646778.smt2
[DEBUG] Predicted solver: iProver for benchmark UF/sledgehammer/Fundamental_Theorem_Algebra/uf.646778.smt2
[DEBUG] Benchmark UF/sledgehammer/Fundamental_Theorem_Algebra/uf.646778.smt2: solved=False, runtime=1200.00s, PAR-2=2400.00s
[DEBUG] Processing 2264/2285: UF/sledgehammer/QEpres/uf.949139.smt2
[DEBUG] Predicted solver: iProver for benchmark UF/sledgehammer/QEpres/uf.949139.smt2
[DEBUG] Benchmark UF/sledgehammer/QEpres/uf.949139.smt2: solved=False, runtime=1200.00s, PAR-2=2400.00s
[DEBUG] Processing 2265/2285: UF/20170428-Barrett/cdt-cade2015/nada/afp/coinductive_list/x2015_09_10_17_06_13_204_2133943.smt_in.smt2
[DEBUG] Predicted solver: cvc5 for benchmark UF/20170428-Barrett/cdt-cade2015/nada/afp/coinductive_list/x2015_09_10_17_06_13_204_2133943.smt_in.smt2
[DEBUG] Benchmark UF/20170428-Barrett/cdt-cade2015/nada/afp/coinductive_list/x2015_09_10_17_06_13_204_2133943.smt_in.smt2: solved=True, runtime=349.58s, PAR-2=349.58s
[DEBUG] Processing 2266/2285: UF/sledgehammer/TypeSafe/smtlib.1297155.smt2
[DEBUG] Predicted solver: iProver for benchmark UF/sledgehammer/TypeSafe/smtlib.1297155.smt2
[DEBUG] Benchmark UF/sledgehammer/TypeSafe/smtlib.1297155.smt2: solved=False, runtime=1200.00s, PAR-2=2400.00s
[DEBUG] Processing 2267/2285: UF/sledgehammer/FFT/uf.799236.smt2
[DEBUG] Predicted solver: iProver for benchmark UF/sledgehammer/FFT/uf.799236.smt2
[DEBUG] Benchmark UF/sledgehammer/FFT/uf.799236.smt2: solved=False, runtime=1200.00s, PAR-2=2400.00s
[DEBUG] Processing 2268/2285: UF/sledgehammer/TwoSquares/uf.700304.smt2
[DEBUG] Predicted solver: iProver for benchmark UF/sledgehammer/TwoSquares/uf.700304.smt2
[DEBUG] Benchmark UF/sledgehammer/TwoSquares/uf.700304.smt2: solved=True, runtime=2.39s, PAR-2=2.39s
[DEBUG] Processing 2269/2285: UF/20170428-Barrett/cdt-cade2015/nada/afp/coinductive_stream/x2015_09_10_17_24_50_756_1219360.smt_in.smt2
[DEBUG] Predicted solver: Yices2 for benchmark UF/20170428-Barrett/cdt-cade2015/nada/afp/coinductive_stream/x2015_09_10_17_24_50_756_1219360.smt_in.smt2
[DEBUG] Benchmark UF/20170428-Barrett/cdt-cade2015/nada/afp/coinductive_stream/x2015_09_10_17_24_50_756_1219360.smt_in.smt2: solved=True, runtime=0.57s, PAR-2=0.57s
[DEBUG] Processing 2270/2285: UF/20170428-Barrett/cdt-cade2015/nada/distro/rbt_impl/x2015_09_10_16_53_00_524_1264939.smt_in.smt2
[DEBUG] Predicted solver: Yices2 for benchmark UF/20170428-Barrett/cdt-cade2015/nada/distro/rbt_impl/x2015_09_10_16_53_00_524_1264939.smt_in.smt2
[DEBUG] Benchmark UF/20170428-Barrett/cdt-cade2015/nada/distro/rbt_impl/x2015_09_10_16_53_00_524_1264939.smt_in.smt2: solved=False, runtime=1200.00s, PAR-2=2400.00s
[DEBUG] Processing 2271/2285: UF/20170428-Barrett/cdt-cade2015/nada/afp/coinductive_list/x2015_09_10_17_17_33_237_2803533.smt_in.smt2
[DEBUG] Predicted solver: Yices2 for benchmark UF/20170428-Barrett/cdt-cade2015/nada/afp/coinductive_list/x2015_09_10_17_17_33_237_2803533.smt_in.smt2
[DEBUG] Benchmark UF/20170428-Barrett/cdt-cade2015/nada/afp/coinductive_list/x2015_09_10_17_17_33_237_2803533.smt_in.smt2: solved=False, runtime=1200.00s, PAR-2=2400.00s
[DEBUG] Processing 2272/2285: UF/sledgehammer/Fundamental_Theorem_Algebra/uf.939351.smt2
[DEBUG] Predicted solver: iProver for benchmark UF/sledgehammer/Fundamental_Theorem_Algebra/uf.939351.smt2
[DEBUG] Benchmark UF/sledgehammer/Fundamental_Theorem_Algebra/uf.939351.smt2: solved=True, runtime=16.88s, PAR-2=16.88s
[DEBUG] Processing 2273/2285: UF/sledgehammer/StrongNorm/uf.661674.smt2
[DEBUG] Predicted solver: iProver for benchmark UF/sledgehammer/StrongNorm/uf.661674.smt2
[DEBUG] Benchmark UF/sledgehammer/StrongNorm/uf.661674.smt2: solved=False, runtime=1200.00s, PAR-2=2400.00s
[DEBUG] Processing 2274/2285: UF/20170428-Barrett/cdt-cade2015/nada/afp/coinductive_list/x2015_09_10_17_19_00_978_2858141.smt_in.smt2
[DEBUG] Predicted solver: Yices2 for benchmark UF/20170428-Barrett/cdt-cade2015/nada/afp/coinductive_list/x2015_09_10_17_19_00_978_2858141.smt_in.smt2
[DEBUG] Benchmark UF/20170428-Barrett/cdt-cade2015/nada/afp/coinductive_list/x2015_09_10_17_19_00_978_2858141.smt_in.smt2: solved=False, runtime=1200.00s, PAR-2=2400.00s
[DEBUG] Processing 2275/2285: UF/sledgehammer/TypeSafe/uf.806179.smt2
[DEBUG] Predicted solver: cvc5 for benchmark UF/sledgehammer/TypeSafe/uf.806179.smt2
[DEBUG] Benchmark UF/sledgehammer/TypeSafe/uf.806179.smt2: solved=False, runtime=1200.00s, PAR-2=2400.00s
[DEBUG] Processing 2276/2285: UF/sledgehammer/NS_Shared/uf.606192.smt2
[DEBUG] Predicted solver: Yices2 for benchmark UF/sledgehammer/NS_Shared/uf.606192.smt2
[DEBUG] Benchmark UF/sledgehammer/NS_Shared/uf.606192.smt2: solved=False, runtime=1200.00s, PAR-2=2400.00s
[DEBUG] Processing 2277/2285: UF/20170428-Barrett/cdt-cade2015/nada/afp/tllist/x2015_09_10_17_00_51_729_1379850.smt_in.smt2
[DEBUG] Predicted solver: Yices2 for benchmark UF/20170428-Barrett/cdt-cade2015/nada/afp/tllist/x2015_09_10_17_00_51_729_1379850.smt_in.smt2
[DEBUG] Benchmark UF/20170428-Barrett/cdt-cade2015/nada/afp/tllist/x2015_09_10_17_00_51_729_1379850.smt_in.smt2: solved=False, runtime=1200.00s, PAR-2=2400.00s
[DEBUG] Processing 2278/2285: UF/20170428-Barrett/cdt-cade2015/nada/distro/koenig/x2015_09_10_16_44_57_238_996899.smt_in.smt2
[DEBUG] Predicted solver: cvc5 for benchmark UF/20170428-Barrett/cdt-cade2015/nada/distro/koenig/x2015_09_10_16_44_57_238_996899.smt_in.smt2
[DEBUG] Benchmark UF/20170428-Barrett/cdt-cade2015/nada/distro/koenig/x2015_09_10_16_44_57_238_996899.smt_in.smt2: solved=False, runtime=1200.00s, PAR-2=2400.00s
[DEBUG] Processing 2279/2285: UF/sledgehammer/FFT/uf.560255.smt2
[DEBUG] Predicted solver: iProver for benchmark UF/sledgehammer/FFT/uf.560255.smt2
[DEBUG] Benchmark UF/sledgehammer/FFT/uf.560255.smt2: solved=False, runtime=1200.00s, PAR-2=2400.00s
[DEBUG] Processing 2280/2285: UF/sledgehammer/QEpres/uf.1086107.smt2
[DEBUG] Predicted solver: cvc5 for benchmark UF/sledgehammer/QEpres/uf.1086107.smt2
[DEBUG] Benchmark UF/sledgehammer/QEpres/uf.1086107.smt2: solved=False, runtime=1200.00s, PAR-2=2400.00s
[DEBUG] Processing 2281/2285: UF/sledgehammer/StrongNorm/uf.709169.smt2
[DEBUG] Predicted solver: cvc5 for benchmark UF/sledgehammer/StrongNorm/uf.709169.smt2
[DEBUG] Benchmark UF/sledgehammer/StrongNorm/uf.709169.smt2: solved=False, runtime=1200.00s, PAR-2=2400.00s
[DEBUG] Processing 2282/2285: UF/sledgehammer/TypeSafe/uf.963717.smt2
[DEBUG] Predicted solver: cvc5 for benchmark UF/sledgehammer/TypeSafe/uf.963717.smt2
[DEBUG] Benchmark UF/sledgehammer/TypeSafe/uf.963717.smt2: solved=False, runtime=1200.00s, PAR-2=2400.00s
[DEBUG] Processing 2283/2285: UF/20170428-Barrett/cdt-cade2015/nada/distro/gram_lang/x2015_09_10_16_48_35_571_1136709.smt_in.smt2
[DEBUG] Predicted solver: cvc5 for benchmark UF/20170428-Barrett/cdt-cade2015/nada/distro/gram_lang/x2015_09_10_16_48_35_571_1136709.smt_in.smt2
[DEBUG] Benchmark UF/20170428-Barrett/cdt-cade2015/nada/distro/gram_lang/x2015_09_10_16_48_35_571_1136709.smt_in.smt2: solved=False, runtime=1200.00s, PAR-2=2400.00s
[DEBUG] Processing 2284/2285: UF/20170428-Barrett/cdt-cade2015/nada/distro/stream/x2015_09_10_16_46_48_087_987073.smt_in.smt2
[DEBUG] Predicted solver: cvc5 for benchmark UF/20170428-Barrett/cdt-cade2015/nada/distro/stream/x2015_09_10_16_46_48_087_987073.smt_in.smt2
[DEBUG] Benchmark UF/20170428-Barrett/cdt-cade2015/nada/distro/stream/x2015_09_10_16_46_48_087_987073.smt_in.smt2: solved=False, runtime=1200.00s, PAR-2=2400.00s
[DEBUG] Processing 2285/2285: UF/sledgehammer/Fundamental_Theorem_Algebra/uf.1162688.smt2
[DEBUG] Predicted solver: iProver for benchmark UF/sledgehammer/Fundamental_Theorem_Algebra/uf.1162688.smt2
[DEBUG] Benchmark UF/sledgehammer/Fundamental_Theorem_Algebra/uf.1162688.smt2: solved=False, runtime=1200.00s, PAR-2=2400.00s
[DEBUG] Results written to CSV: /home/jchen688/projects/def-vganesh/jchen688/github/z3alpha/JHC/AlgoSelect/DescriptionAgent/results/uf_csv_based/train/run_20251216_002701_497567/results.csv
[DEBUG] Solved 714/2285 benchmarks (31.25%)
[DEBUG] PAR-2 Score: 3816610.34s total, 1670.29s average

================================================================================
EXECUTION TIME SUMMARY
================================================================================
Model training time:        1543.00 seconds ( 25.72 minutes)
Prediction time:            1511.12 seconds ( 25.19 minutes)
  - Avg per benchmark:         0.66 seconds
--------------------------------------------------------------------------------
Total execution time:       3054.12 seconds ( 50.90 minutes)
================================================================================

================================================================================
PAR-2 PERFORMANCE SUMMARY
================================================================================
Benchmarks solved:              714 / 2285 ( 31.25%)
Benchmarks unsolved:           1571 / 2285 ( 68.75%)
--------------------------------------------------------------------------------
Total PAR-2 score:       3816610.34 seconds
Average PAR-2 score:        1670.29 seconds
Timeout value:              1200.00 seconds
PAR-2 penalty factor:             2x timeout
================================================================================

[DEBUG] CSV results saved to: /home/jchen688/projects/def-vganesh/jchen688/github/z3alpha/JHC/AlgoSelect/DescriptionAgent/results/uf_csv_based/train/run_20251216_002701_497567/results.csv
[DEBUG] Configuration saved to: /home/jchen688/projects/def-vganesh/jchen688/github/z3alpha/JHC/AlgoSelect/DescriptionAgent/results/uf_csv_based/train/run_20251216_002701_497567/config.json
End time: Tue 16 Dec 2025 01:18:01 AM EST
