Job ID: 53708990
Node: nc30334
Start time: Mon 15 Dec 2025 10:03:24 PM EST
[DEBUG] Loading test results from /home/jchen688/projects/def-vganesh/jchen688/github/z3alpha/JHC/AlgoSelect/DescriptionAgent/data/QF_IDL/qf_idl_train_long.csv
[DEBUG] Loaded results for 966 unique benchmarks
[DEBUG] Found 966 unique benchmark paths in CSV
[DEBUG] Found 966 benchmark files from CSV
[DEBUG] Selected 966 benchmarks for processing

================================================================================
FEATURE CONFIGURATION
================================================================================
Using original MachSMT feature space (full grammatical construct list)
Description features: DISABLED (prevents BERT model loading)
Feature extraction timeout: 60 seconds
Parallel cores: 16
Feature dimensions will be printed after processing first benchmark
================================================================================

[DEBUG] Training MachSMT model...
[DEBUG] Changed working directory to: /home/jchen688/scratch/non-incremental

Initializing description feature model ('bert-base-uncased')...
Using device: cpu
✅ Model loaded successfully. Embedding dimension: 768
Parsing Input File |████████████████████████████████████████| 4830/4830 [100%] in 0.1s (66825.14/s) 
Processing Benchmark Files |████████████████████████████████████████| 966/966 [100%] in 11:23.4 (1.41/s) 
[DEBUG] Changed back to: /lustre06/project/6001884/jchen688/github/z3alpha
[DEBUG] Model trained in 1328.42 seconds
[DEBUG] Configuration saved to: /home/jchen688/projects/def-vganesh/jchen688/github/z3alpha/JHC/AlgoSelect/DescriptionAgent/data/results/qf_idl_csv_based/train/run_20251215_220935_456963/config.json

[DEBUG] Starting predictions on test benchmarks...
[DEBUG] Processing 1/966: QF_IDL/queens_bench/n_queen/queen85-1.smt2

================================================================================
FEATURE SPACE DIMENSIONS
================================================================================
Total feature dimensions: 189
================================================================================

[DEBUG] Predicted solver: Yices2 for benchmark QF_IDL/queens_bench/n_queen/queen85-1.smt2
[DEBUG] Benchmark QF_IDL/queens_bench/n_queen/queen85-1.smt2: solved=True, runtime=0.42s, PAR-2=0.42s
[DEBUG] Processing 2/966: QF_IDL/schedulingIDL/tai_15x15_9_mkspan900.smt2
[DEBUG] Predicted solver: Yices2 for benchmark QF_IDL/schedulingIDL/tai_15x15_9_mkspan900.smt2
[DEBUG] Benchmark QF_IDL/schedulingIDL/tai_15x15_9_mkspan900.smt2: solved=True, runtime=0.74s, PAR-2=0.74s
[DEBUG] Processing 3/966: QF_IDL/asp/GraphColouring/graph-colouring-nodes=150-density=0.1-instance=2.smt2
[DEBUG] Predicted solver: Z3alpha for benchmark QF_IDL/asp/GraphColouring/graph-colouring-nodes=150-density=0.1-instance=2.smt2
[DEBUG] Benchmark QF_IDL/asp/GraphColouring/graph-colouring-nodes=150-density=0.1-instance=2.smt2: solved=False, runtime=1200.00s, PAR-2=2400.00s
[DEBUG] Processing 4/966: QF_IDL/Averest/buble_sort/BubbleSort_safe_bgmc006.smt2
[DEBUG] Predicted solver: Z3alpha for benchmark QF_IDL/Averest/buble_sort/BubbleSort_safe_bgmc006.smt2
[DEBUG] Benchmark QF_IDL/Averest/buble_sort/BubbleSort_safe_bgmc006.smt2: solved=True, runtime=0.35s, PAR-2=0.35s
[DEBUG] Processing 5/966: QF_IDL/20210312-Bouvier/vlsat3_c48.smt2
[DEBUG] Predicted solver: OpenSMT for benchmark QF_IDL/20210312-Bouvier/vlsat3_c48.smt2
[DEBUG] Benchmark QF_IDL/20210312-Bouvier/vlsat3_c48.smt2: solved=False, runtime=1200.00s, PAR-2=2400.00s
[DEBUG] Processing 6/966: QF_IDL/asp/GraphColouring/graph-colouring-nodes=130-density=0.1-instance=3.smt2
[DEBUG] Predicted solver: Z3alpha for benchmark QF_IDL/asp/GraphColouring/graph-colouring-nodes=130-density=0.1-instance=3.smt2
[DEBUG] Benchmark QF_IDL/asp/GraphColouring/graph-colouring-nodes=130-density=0.1-instance=3.smt2: solved=False, runtime=1200.00s, PAR-2=2400.00s
[DEBUG] Processing 7/966: QF_IDL/planning/plan-46.cvc.smt2
[DEBUG] Predicted solver: Z3alpha for benchmark QF_IDL/planning/plan-46.cvc.smt2
[DEBUG] Benchmark QF_IDL/planning/plan-46.cvc.smt2: solved=True, runtime=1.10s, PAR-2=1.10s
[DEBUG] Processing 8/966: QF_IDL/Averest/sorting_network/SortingNetwork8_live_blmc006.smt2
[DEBUG] Predicted solver: OpenSMT for benchmark QF_IDL/Averest/sorting_network/SortingNetwork8_live_blmc006.smt2
[DEBUG] Benchmark QF_IDL/Averest/sorting_network/SortingNetwork8_live_blmc006.smt2: solved=True, runtime=0.32s, PAR-2=0.32s
[DEBUG] Processing 9/966: QF_IDL/schedulingIDL/j6_per0_0_mkspan1051.smt2
[DEBUG] Predicted solver: Z3alpha for benchmark QF_IDL/schedulingIDL/j6_per0_0_mkspan1051.smt2
[DEBUG] Benchmark QF_IDL/schedulingIDL/j6_per0_0_mkspan1051.smt2: solved=True, runtime=6.31s, PAR-2=6.31s
[DEBUG] Processing 10/966: QF_IDL/queens_bench/n_queen/queen81-1.smt2
[DEBUG] Predicted solver: Yices2 for benchmark QF_IDL/queens_bench/n_queen/queen81-1.smt2
[DEBUG] Benchmark QF_IDL/queens_bench/n_queen/queen81-1.smt2: solved=True, runtime=0.49s, PAR-2=0.49s
[DEBUG] Processing 11/966: QF_IDL/Averest/sorting_network/SortingNetwork8_live_blmc005.smt2
[DEBUG] Predicted solver: OpenSMT for benchmark QF_IDL/Averest/sorting_network/SortingNetwork8_live_blmc005.smt2
[DEBUG] Benchmark QF_IDL/Averest/sorting_network/SortingNetwork8_live_blmc005.smt2: solved=True, runtime=0.34s, PAR-2=0.34s
[DEBUG] Processing 12/966: QF_IDL/schedulingIDL/j8_per0_2_mkspan1052.smt2
[DEBUG] Predicted solver: Yices2 for benchmark QF_IDL/schedulingIDL/j8_per0_2_mkspan1052.smt2
[DEBUG] Benchmark QF_IDL/schedulingIDL/j8_per0_2_mkspan1052.smt2: solved=True, runtime=2.43s, PAR-2=2.43s
[DEBUG] Processing 13/966: QF_IDL/mathsat/fischer/FISCHER13-10-ninc.smt2
[DEBUG] Predicted solver: Yices2 for benchmark QF_IDL/mathsat/fischer/FISCHER13-10-ninc.smt2
[DEBUG] Benchmark QF_IDL/mathsat/fischer/FISCHER13-10-ninc.smt2: solved=True, runtime=6.71s, PAR-2=6.71s
[DEBUG] Processing 14/966: QF_IDL/parity/01.800.graph.smt2
[DEBUG] Predicted solver: Yices2 for benchmark QF_IDL/parity/01.800.graph.smt2
[DEBUG] Benchmark QF_IDL/parity/01.800.graph.smt2: solved=True, runtime=2.49s, PAR-2=2.49s
[DEBUG] Processing 15/966: QF_IDL/asp/HamiltonianPath/gryzzles.48.lp.smt2
[DEBUG] Predicted solver: Yices2 for benchmark QF_IDL/asp/HamiltonianPath/gryzzles.48.lp.smt2
[DEBUG] Benchmark QF_IDL/asp/HamiltonianPath/gryzzles.48.lp.smt2: solved=True, runtime=1.06s, PAR-2=1.06s
[DEBUG] Processing 16/966: QF_IDL/asp/Labyrinth/laby_19_19_16.lp.smt2
[DEBUG] Predicted solver: Yices2 for benchmark QF_IDL/asp/Labyrinth/laby_19_19_16.lp.smt2
[DEBUG] Benchmark QF_IDL/asp/Labyrinth/laby_19_19_16.lp.smt2: solved=True, runtime=1078.59s, PAR-2=1078.59s
[DEBUG] Processing 17/966: QF_IDL/parity/21.700.graph.smt2
[DEBUG] Predicted solver: Yices2 for benchmark QF_IDL/parity/21.700.graph.smt2
[DEBUG] Benchmark QF_IDL/parity/21.700.graph.smt2: solved=True, runtime=29.73s, PAR-2=29.73s
[DEBUG] Processing 18/966: QF_IDL/asp/ChannelRouting/channrlRoute.in6.smt2
[DEBUG] Predicted solver: Z3alpha for benchmark QF_IDL/asp/ChannelRouting/channrlRoute.in6.smt2
[DEBUG] Benchmark QF_IDL/asp/ChannelRouting/channrlRoute.in6.smt2: solved=False, runtime=1200.00s, PAR-2=2400.00s
[DEBUG] Processing 19/966: QF_IDL/DTP/DTP_k2_n35_c245_s8.smt2
[DEBUG] Predicted solver: cvc5 for benchmark QF_IDL/DTP/DTP_k2_n35_c245_s8.smt2
[DEBUG] Benchmark QF_IDL/DTP/DTP_k2_n35_c245_s8.smt2: solved=True, runtime=1.94s, PAR-2=1.94s
[DEBUG] Processing 20/966: QF_IDL/job_shop/jobshop26-2-13-13-2-4-12.smt2
[DEBUG] Predicted solver: Z3alpha for benchmark QF_IDL/job_shop/jobshop26-2-13-13-2-4-12.smt2
[DEBUG] Benchmark QF_IDL/job_shop/jobshop26-2-13-13-2-4-12.smt2: solved=True, runtime=0.37s, PAR-2=0.37s
[DEBUG] Processing 21/966: QF_IDL/20210312-Bouvier/vlsat3_i48.smt2
[DEBUG] Predicted solver: SMTInterpol for benchmark QF_IDL/20210312-Bouvier/vlsat3_i48.smt2
[DEBUG] Benchmark QF_IDL/20210312-Bouvier/vlsat3_i48.smt2: solved=False, runtime=1200.00s, PAR-2=2400.00s
[DEBUG] Processing 22/966: QF_IDL/parity/31.800.graph.smt2
[DEBUG] Predicted solver: Yices2 for benchmark QF_IDL/parity/31.800.graph.smt2
[DEBUG] Benchmark QF_IDL/parity/31.800.graph.smt2: solved=True, runtime=1.68s, PAR-2=1.68s
[DEBUG] Processing 23/966: QF_IDL/asp/BlockedNQueens/156.48.1960.36.1721246615.dat.smt2
[DEBUG] Predicted solver: Yices2 for benchmark QF_IDL/asp/BlockedNQueens/156.48.1960.36.1721246615.dat.smt2
[DEBUG] Benchmark QF_IDL/asp/BlockedNQueens/156.48.1960.36.1721246615.dat.smt2: solved=True, runtime=81.68s, PAR-2=81.68s
[DEBUG] Processing 24/966: QF_IDL/Averest/sorting_network/SortingNetwork8_live_bgmc006.smt2
[DEBUG] Predicted solver: Z3alpha for benchmark QF_IDL/Averest/sorting_network/SortingNetwork8_live_bgmc006.smt2
[DEBUG] Benchmark QF_IDL/Averest/sorting_network/SortingNetwork8_live_bgmc006.smt2: solved=True, runtime=0.31s, PAR-2=0.31s
[DEBUG] Processing 25/966: QF_IDL/asp/Labyrinth/laby_21_21_01.lp.smt2
[DEBUG] Predicted solver: Yices2 for benchmark QF_IDL/asp/Labyrinth/laby_21_21_01.lp.smt2
[DEBUG] Benchmark QF_IDL/asp/Labyrinth/laby_21_21_01.lp.smt2: solved=False, runtime=1200.00s, PAR-2=2400.00s
[DEBUG] Processing 26/966: QF_IDL/parity/14.200.graph.smt2
[DEBUG] Predicted solver: Yices2 for benchmark QF_IDL/parity/14.200.graph.smt2
[DEBUG] Benchmark QF_IDL/parity/14.200.graph.smt2: solved=True, runtime=0.26s, PAR-2=0.26s
[DEBUG] Processing 27/966: QF_IDL/Averest/sorting_network/SortingNetwork4_safe_blmc002.smt2
[DEBUG] Predicted solver: Z3alpha for benchmark QF_IDL/Averest/sorting_network/SortingNetwork4_safe_blmc002.smt2
[DEBUG] Benchmark QF_IDL/Averest/sorting_network/SortingNetwork4_safe_blmc002.smt2: solved=True, runtime=0.30s, PAR-2=0.30s
[DEBUG] Processing 28/966: QF_IDL/asp/Solitaire/solitaire-asymmetric-time=27.smt2
[DEBUG] Predicted solver: Yices2 for benchmark QF_IDL/asp/Solitaire/solitaire-asymmetric-time=27.smt2
[DEBUG] Benchmark QF_IDL/asp/Solitaire/solitaire-asymmetric-time=27.smt2: solved=True, runtime=2.81s, PAR-2=2.81s
[DEBUG] Processing 29/966: QF_IDL/parity/13.100.graph.smt2
[DEBUG] Predicted solver: Yices2 for benchmark QF_IDL/parity/13.100.graph.smt2
[DEBUG] Benchmark QF_IDL/parity/13.100.graph.smt2: solved=True, runtime=0.25s, PAR-2=0.25s
[DEBUG] Processing 30/966: QF_IDL/parity/25.500.graph.smt2
[DEBUG] Predicted solver: Yices2 for benchmark QF_IDL/parity/25.500.graph.smt2
[DEBUG] Benchmark QF_IDL/parity/25.500.graph.smt2: solved=True, runtime=0.69s, PAR-2=0.69s
[DEBUG] Processing 31/966: QF_IDL/queens_bench/toroidal_bench/toroidal_queen62-1.smt2
[DEBUG] Predicted solver: Yices2 for benchmark QF_IDL/queens_bench/toroidal_bench/toroidal_queen62-1.smt2
[DEBUG] Benchmark QF_IDL/queens_bench/toroidal_bench/toroidal_queen62-1.smt2: solved=False, runtime=1200.00s, PAR-2=2400.00s
[DEBUG] Processing 32/966: QF_IDL/parity/16.700.graph.smt2
[DEBUG] Predicted solver: Yices2 for benchmark QF_IDL/parity/16.700.graph.smt2
[DEBUG] Benchmark QF_IDL/parity/16.700.graph.smt2: solved=True, runtime=0.85s, PAR-2=0.85s
[DEBUG] Processing 33/966: QF_IDL/mathsat/fischer/FISCHER11-2-ninc.smt2
[DEBUG] Predicted solver: Yices2 for benchmark QF_IDL/mathsat/fischer/FISCHER11-2-ninc.smt2
[DEBUG] Benchmark QF_IDL/mathsat/fischer/FISCHER11-2-ninc.smt2: solved=True, runtime=0.27s, PAR-2=0.27s
[DEBUG] Processing 34/966: QF_IDL/asp/HamiltonianPath/gryzzles.6.lp.smt2
[DEBUG] Predicted solver: Z3alpha for benchmark QF_IDL/asp/HamiltonianPath/gryzzles.6.lp.smt2
[DEBUG] Benchmark QF_IDL/asp/HamiltonianPath/gryzzles.6.lp.smt2: solved=True, runtime=0.64s, PAR-2=0.64s
[DEBUG] Processing 35/966: QF_IDL/schedulingIDL/j7_per10_1_mkspan1000.smt2
[DEBUG] Predicted solver: Yices2 for benchmark QF_IDL/schedulingIDL/j7_per10_1_mkspan1000.smt2
[DEBUG] Benchmark QF_IDL/schedulingIDL/j7_per10_1_mkspan1000.smt2: solved=True, runtime=0.36s, PAR-2=0.36s
[DEBUG] Processing 36/966: QF_IDL/20210312-Bouvier/vlsat3_c54.smt2
[DEBUG] Predicted solver: SMTInterpol for benchmark QF_IDL/20210312-Bouvier/vlsat3_c54.smt2
[DEBUG] Benchmark QF_IDL/20210312-Bouvier/vlsat3_c54.smt2: solved=False, runtime=1200.00s, PAR-2=2400.00s
[DEBUG] Processing 37/966: QF_IDL/asp/BlockedNQueens/156.48.1960.36.1721325949.dat.smt2
[DEBUG] Predicted solver: Z3alpha for benchmark QF_IDL/asp/BlockedNQueens/156.48.1960.36.1721325949.dat.smt2
[DEBUG] Benchmark QF_IDL/asp/BlockedNQueens/156.48.1960.36.1721325949.dat.smt2: solved=True, runtime=7.99s, PAR-2=7.99s
[DEBUG] Processing 38/966: QF_IDL/parity/10.300.graph.smt2
[DEBUG] Predicted solver: Yices2 for benchmark QF_IDL/parity/10.300.graph.smt2
[DEBUG] Benchmark QF_IDL/parity/10.300.graph.smt2: solved=True, runtime=0.40s, PAR-2=0.40s
[DEBUG] Processing 39/966: QF_IDL/20220214-jobshop-BohanLi/jobshop26-2-13-13-4-4-16.smt2
[DEBUG] Predicted solver: Z3alpha for benchmark QF_IDL/20220214-jobshop-BohanLi/jobshop26-2-13-13-4-4-16.smt2
[DEBUG] Benchmark QF_IDL/20220214-jobshop-BohanLi/jobshop26-2-13-13-4-4-16.smt2: solved=True, runtime=3.83s, PAR-2=3.83s
[DEBUG] Processing 40/966: QF_IDL/parity/21.100.graph.smt2
[DEBUG] Predicted solver: Yices2 for benchmark QF_IDL/parity/21.100.graph.smt2
[DEBUG] Benchmark QF_IDL/parity/21.100.graph.smt2: solved=True, runtime=0.22s, PAR-2=0.22s
[DEBUG] Processing 41/966: QF_IDL/parity/19.400.graph.smt2
[DEBUG] Predicted solver: Yices2 for benchmark QF_IDL/parity/19.400.graph.smt2
[DEBUG] Benchmark QF_IDL/parity/19.400.graph.smt2: solved=True, runtime=0.46s, PAR-2=0.46s
[DEBUG] Processing 42/966: QF_IDL/parity/23.400.graph.smt2
[DEBUG] Predicted solver: Yices2 for benchmark QF_IDL/parity/23.400.graph.smt2
[DEBUG] Benchmark QF_IDL/parity/23.400.graph.smt2: solved=True, runtime=0.47s, PAR-2=0.47s
[DEBUG] Processing 43/966: QF_IDL/20210312-Bouvier/vlsat3_c81.smt2
[DEBUG] Predicted solver: SMTInterpol for benchmark QF_IDL/20210312-Bouvier/vlsat3_c81.smt2
[DEBUG] Benchmark QF_IDL/20210312-Bouvier/vlsat3_c81.smt2: solved=False, runtime=1200.00s, PAR-2=2400.00s
[DEBUG] Processing 44/966: QF_IDL/parity/26.800.graph.smt2
[DEBUG] Predicted solver: Yices2 for benchmark QF_IDL/parity/26.800.graph.smt2
[DEBUG] Benchmark QF_IDL/parity/26.800.graph.smt2: solved=True, runtime=1.04s, PAR-2=1.04s
[DEBUG] Processing 45/966: QF_IDL/mathsat/fischer/FISCHER12-12-ninc.smt2
[DEBUG] Predicted solver: Yices2 for benchmark QF_IDL/mathsat/fischer/FISCHER12-12-ninc.smt2
[DEBUG] Benchmark QF_IDL/mathsat/fischer/FISCHER12-12-ninc.smt2: solved=True, runtime=277.85s, PAR-2=277.85s
[DEBUG] Processing 46/966: QF_IDL/Averest/binary_search/BinarySearch_live_bgmc000.smt2
[DEBUG] Predicted solver: Yices2 for benchmark QF_IDL/Averest/binary_search/BinarySearch_live_bgmc000.smt2
[DEBUG] Benchmark QF_IDL/Averest/binary_search/BinarySearch_live_bgmc000.smt2: solved=True, runtime=0.21s, PAR-2=0.21s
[DEBUG] Processing 47/966: QF_IDL/parity/18.200.graph.smt2
[DEBUG] Predicted solver: Yices2 for benchmark QF_IDL/parity/18.200.graph.smt2
[DEBUG] Benchmark QF_IDL/parity/18.200.graph.smt2: solved=True, runtime=0.26s, PAR-2=0.26s
[DEBUG] Processing 48/966: QF_IDL/asp/TravellingSalesperson/rand_70_300_1155482584_9.lp.smt2
[DEBUG] Predicted solver: Z3alpha for benchmark QF_IDL/asp/TravellingSalesperson/rand_70_300_1155482584_9.lp.smt2
[DEBUG] Benchmark QF_IDL/asp/TravellingSalesperson/rand_70_300_1155482584_9.lp.smt2: solved=True, runtime=23.21s, PAR-2=23.21s
[DEBUG] Processing 49/966: QF_IDL/asp/Labyrinth/laby_21_21_07.lp.smt2
[DEBUG] Predicted solver: Yices2 for benchmark QF_IDL/asp/Labyrinth/laby_21_21_07.lp.smt2
[DEBUG] Benchmark QF_IDL/asp/Labyrinth/laby_21_21_07.lp.smt2: solved=False, runtime=1200.00s, PAR-2=2400.00s
[DEBUG] Processing 50/966: QF_IDL/asp/HamiltonianPath/gryzzles.26.lp.smt2
[DEBUG] Predicted solver: Yices2 for benchmark QF_IDL/asp/HamiltonianPath/gryzzles.26.lp.smt2
[DEBUG] Benchmark QF_IDL/asp/HamiltonianPath/gryzzles.26.lp.smt2: solved=True, runtime=0.75s, PAR-2=0.75s
[DEBUG] Processing 51/966: QF_IDL/20210312-Bouvier/vlsat3_i26.smt2
[DEBUG] Predicted solver: SMTInterpol for benchmark QF_IDL/20210312-Bouvier/vlsat3_i26.smt2
[DEBUG] Benchmark QF_IDL/20210312-Bouvier/vlsat3_i26.smt2: solved=False, runtime=1200.00s, PAR-2=2400.00s
[DEBUG] Processing 52/966: QF_IDL/schedulingIDL/j8_per10_2_mkspan1011.smt2
[DEBUG] Predicted solver: Yices2 for benchmark QF_IDL/schedulingIDL/j8_per10_2_mkspan1011.smt2
[DEBUG] Benchmark QF_IDL/schedulingIDL/j8_per10_2_mkspan1011.smt2: solved=True, runtime=0.40s, PAR-2=0.40s
[DEBUG] Processing 53/966: QF_IDL/mathsat/fischer/FISCHER13-11-ninc.smt2
[DEBUG] Predicted solver: Yices2 for benchmark QF_IDL/mathsat/fischer/FISCHER13-11-ninc.smt2
[DEBUG] Benchmark QF_IDL/mathsat/fischer/FISCHER13-11-ninc.smt2: solved=True, runtime=26.78s, PAR-2=26.78s
[DEBUG] Processing 54/966: QF_IDL/asp/EdgeMatching/edge-matching-width=9-height=9-colours=9.smt2
[DEBUG] Predicted solver: Yices2 for benchmark QF_IDL/asp/EdgeMatching/edge-matching-width=9-height=9-colours=9.smt2
[DEBUG] Benchmark QF_IDL/asp/EdgeMatching/edge-matching-width=9-height=9-colours=9.smt2: solved=True, runtime=15.60s, PAR-2=15.60s
[DEBUG] Processing 55/966: QF_IDL/mathsat/fischer/FISCHER12-4-ninc.smt2
[DEBUG] Predicted solver: Z3alpha for benchmark QF_IDL/mathsat/fischer/FISCHER12-4-ninc.smt2
[DEBUG] Benchmark QF_IDL/mathsat/fischer/FISCHER12-4-ninc.smt2: solved=True, runtime=0.35s, PAR-2=0.35s
[DEBUG] Processing 56/966: QF_IDL/RTCL/b13_tf_10/ckt_PROP3_tf_10.smt2
[DEBUG] Predicted solver: Yices2 for benchmark QF_IDL/RTCL/b13_tf_10/ckt_PROP3_tf_10.smt2
[DEBUG] Benchmark QF_IDL/RTCL/b13_tf_10/ckt_PROP3_tf_10.smt2: solved=True, runtime=0.22s, PAR-2=0.22s
[DEBUG] Processing 57/966: QF_IDL/job_shop/jobshop20-2-10-10-2-4-9.smt2
[DEBUG] Predicted solver: Yices2 for benchmark QF_IDL/job_shop/jobshop20-2-10-10-2-4-9.smt2
[DEBUG] Benchmark QF_IDL/job_shop/jobshop20-2-10-10-2-4-9.smt2: solved=False, runtime=1200.00s, PAR-2=2400.00s
[DEBUG] Processing 58/966: QF_IDL/asp/EdgeMatching/edge-matching-width=10-height=10-colours=13.smt2
[DEBUG] Predicted solver: Yices2 for benchmark QF_IDL/asp/EdgeMatching/edge-matching-width=10-height=10-colours=13.smt2
[DEBUG] Benchmark QF_IDL/asp/EdgeMatching/edge-matching-width=10-height=10-colours=13.smt2: solved=True, runtime=35.06s, PAR-2=35.06s
[DEBUG] Processing 59/966: QF_IDL/queens_bench/super_queen/super_queen94-1.smt2
[DEBUG] Predicted solver: Yices2 for benchmark QF_IDL/queens_bench/super_queen/super_queen94-1.smt2
[DEBUG] Benchmark QF_IDL/queens_bench/super_queen/super_queen94-1.smt2: solved=True, runtime=0.75s, PAR-2=0.75s
[DEBUG] Processing 60/966: QF_IDL/queens_bench/n_queen/queen61-1.smt2
[DEBUG] Predicted solver: Yices2 for benchmark QF_IDL/queens_bench/n_queen/queen61-1.smt2
[DEBUG] Benchmark QF_IDL/queens_bench/n_queen/queen61-1.smt2: solved=True, runtime=0.32s, PAR-2=0.32s
[DEBUG] Processing 61/966: QF_IDL/schedulingIDL/tai_20x20_6_mkspan1209.smt2
[DEBUG] Predicted solver: Yices2 for benchmark QF_IDL/schedulingIDL/tai_20x20_6_mkspan1209.smt2
[DEBUG] Benchmark QF_IDL/schedulingIDL/tai_20x20_6_mkspan1209.smt2: solved=True, runtime=2.13s, PAR-2=2.13s
[DEBUG] Processing 62/966: QF_IDL/parity/17.300.graph.smt2
[DEBUG] Predicted solver: Yices2 for benchmark QF_IDL/parity/17.300.graph.smt2
[DEBUG] Benchmark QF_IDL/parity/17.300.graph.smt2: solved=True, runtime=0.37s, PAR-2=0.37s
[DEBUG] Processing 63/966: QF_IDL/queens_bench/n_queen/queen51-1.smt2
[DEBUG] Predicted solver: Yices2 for benchmark QF_IDL/queens_bench/n_queen/queen51-1.smt2
[DEBUG] Benchmark QF_IDL/queens_bench/n_queen/queen51-1.smt2: solved=True, runtime=0.28s, PAR-2=0.28s
[DEBUG] Processing 64/966: QF_IDL/qlock/qlock-4-10-32.base.cvc.smt2
[DEBUG] Predicted solver: Z3alpha for benchmark QF_IDL/qlock/qlock-4-10-32.base.cvc.smt2
[DEBUG] Benchmark QF_IDL/qlock/qlock-4-10-32.base.cvc.smt2: solved=True, runtime=299.52s, PAR-2=299.52s
[DEBUG] Processing 65/966: QF_IDL/asp/Labyrinth/laby_21_21_18.lp.smt2
[DEBUG] Predicted solver: Yices2 for benchmark QF_IDL/asp/Labyrinth/laby_21_21_18.lp.smt2
[DEBUG] Benchmark QF_IDL/asp/Labyrinth/laby_21_21_18.lp.smt2: solved=False, runtime=1200.00s, PAR-2=2400.00s
[DEBUG] Processing 66/966: QF_IDL/20220214-jobshop-BohanLi/jobshop46-4-23-23-2-4-24.smt2
[DEBUG] Predicted solver: Yices2 for benchmark QF_IDL/20220214-jobshop-BohanLi/jobshop46-4-23-23-2-4-24.smt2
[DEBUG] Benchmark QF_IDL/20220214-jobshop-BohanLi/jobshop46-4-23-23-2-4-24.smt2: solved=False, runtime=1200.00s, PAR-2=2400.00s
[DEBUG] Processing 67/966: QF_IDL/asp/Labyrinth/laby_18_18_13.lp.smt2
[DEBUG] Predicted solver: Yices2 for benchmark QF_IDL/asp/Labyrinth/laby_18_18_13.lp.smt2
[DEBUG] Benchmark QF_IDL/asp/Labyrinth/laby_18_18_13.lp.smt2: solved=False, runtime=1200.00s, PAR-2=2400.00s
[DEBUG] Processing 68/966: QF_IDL/asp/Fastfood/a7.3.0.tweaked.3.asp.smt2
[DEBUG] Predicted solver: Yices2 for benchmark QF_IDL/asp/Fastfood/a7.3.0.tweaked.3.asp.smt2
[DEBUG] Benchmark QF_IDL/asp/Fastfood/a7.3.0.tweaked.3.asp.smt2: solved=True, runtime=0.82s, PAR-2=0.82s
[DEBUG] Processing 69/966: QF_IDL/queens_bench/super_queen/super_queen45-1.smt2
[DEBUG] Predicted solver: Yices2 for benchmark QF_IDL/queens_bench/super_queen/super_queen45-1.smt2
[DEBUG] Benchmark QF_IDL/queens_bench/super_queen/super_queen45-1.smt2: solved=True, runtime=0.28s, PAR-2=0.28s
[DEBUG] Processing 70/966: QF_IDL/planning/plan-42.cvc.smt2
[DEBUG] Predicted solver: cvc5 for benchmark QF_IDL/planning/plan-42.cvc.smt2
[DEBUG] Benchmark QF_IDL/planning/plan-42.cvc.smt2: solved=True, runtime=1.16s, PAR-2=1.16s
[DEBUG] Processing 71/966: QF_IDL/parity/22.300.graph.smt2
[DEBUG] Predicted solver: Yices2 for benchmark QF_IDL/parity/22.300.graph.smt2
[DEBUG] Benchmark QF_IDL/parity/22.300.graph.smt2: solved=True, runtime=0.36s, PAR-2=0.36s
[DEBUG] Processing 72/966: QF_IDL/Averest/binary_search/BinarySearch_live_blmc002.smt2
[DEBUG] Predicted solver: Z3alpha for benchmark QF_IDL/Averest/binary_search/BinarySearch_live_blmc002.smt2
[DEBUG] Benchmark QF_IDL/Averest/binary_search/BinarySearch_live_blmc002.smt2: solved=True, runtime=0.27s, PAR-2=0.27s
[DEBUG] Processing 73/966: QF_IDL/20210312-Bouvier/vlsat3_i51.smt2
[DEBUG] Predicted solver: SMTInterpol for benchmark QF_IDL/20210312-Bouvier/vlsat3_i51.smt2
[DEBUG] Benchmark QF_IDL/20210312-Bouvier/vlsat3_i51.smt2: solved=True, runtime=345.79s, PAR-2=345.79s
[DEBUG] Processing 74/966: QF_IDL/asp/TravellingSalesperson/rand_70_300_1155482584_11.lp.smt2
[DEBUG] Predicted solver: Z3alpha for benchmark QF_IDL/asp/TravellingSalesperson/rand_70_300_1155482584_11.lp.smt2
[DEBUG] Benchmark QF_IDL/asp/TravellingSalesperson/rand_70_300_1155482584_11.lp.smt2: solved=True, runtime=20.19s, PAR-2=20.19s
[DEBUG] Processing 75/966: QF_IDL/queens_bench/toroidal_bench/toroidal_queen25-1.smt2
[DEBUG] Predicted solver: Z3alpha for benchmark QF_IDL/queens_bench/toroidal_bench/toroidal_queen25-1.smt2
[DEBUG] Benchmark QF_IDL/queens_bench/toroidal_bench/toroidal_queen25-1.smt2: solved=True, runtime=0.46s, PAR-2=0.46s
[DEBUG] Processing 76/966: QF_IDL/Averest/sorting_network/SortingNetwork8_live_bgmc007.smt2
[DEBUG] Predicted solver: Z3alpha for benchmark QF_IDL/Averest/sorting_network/SortingNetwork8_live_bgmc007.smt2
[DEBUG] Benchmark QF_IDL/Averest/sorting_network/SortingNetwork8_live_bgmc007.smt2: solved=True, runtime=0.34s, PAR-2=0.34s
[DEBUG] Processing 77/966: QF_IDL/job_shop/jobshop18-2-9-9-2-4-12.smt2
[DEBUG] Predicted solver: Yices2 for benchmark QF_IDL/job_shop/jobshop18-2-9-9-2-4-12.smt2
[DEBUG] Benchmark QF_IDL/job_shop/jobshop18-2-9-9-2-4-12.smt2: solved=True, runtime=0.23s, PAR-2=0.23s
[DEBUG] Processing 78/966: QF_IDL/20220214-jobshop-BohanLi/jobshop30-4-15-15-2-4-24.smt2
[DEBUG] Predicted solver: Yices2 for benchmark QF_IDL/20220214-jobshop-BohanLi/jobshop30-4-15-15-2-4-24.smt2
[DEBUG] Benchmark QF_IDL/20220214-jobshop-BohanLi/jobshop30-4-15-15-2-4-24.smt2: solved=False, runtime=1200.00s, PAR-2=2400.00s
[DEBUG] Processing 79/966: QF_IDL/parity/02.700.graph.smt2
[DEBUG] Predicted solver: Yices2 for benchmark QF_IDL/parity/02.700.graph.smt2
[DEBUG] Benchmark QF_IDL/parity/02.700.graph.smt2: solved=True, runtime=1.72s, PAR-2=1.72s
[DEBUG] Processing 80/966: QF_IDL/asp/GeneralizedSlitherlink/trisquares.41.asp.smt2
[DEBUG] Predicted solver: Yices2 for benchmark QF_IDL/asp/GeneralizedSlitherlink/trisquares.41.asp.smt2
[DEBUG] Benchmark QF_IDL/asp/GeneralizedSlitherlink/trisquares.41.asp.smt2: solved=True, runtime=0.70s, PAR-2=0.70s
[DEBUG] Processing 81/966: QF_IDL/schedulingIDL/tai_20x20_10_mkspan1281.smt2
[DEBUG] Predicted solver: Yices2 for benchmark QF_IDL/schedulingIDL/tai_20x20_10_mkspan1281.smt2
[DEBUG] Benchmark QF_IDL/schedulingIDL/tai_20x20_10_mkspan1281.smt2: solved=True, runtime=1.44s, PAR-2=1.44s
[DEBUG] Processing 82/966: QF_IDL/Averest/buble_sort/BubbleSort_safe_blmc013.smt2
[DEBUG] Predicted solver: Z3alpha for benchmark QF_IDL/Averest/buble_sort/BubbleSort_safe_blmc013.smt2
[DEBUG] Benchmark QF_IDL/Averest/buble_sort/BubbleSort_safe_blmc013.smt2: solved=True, runtime=0.62s, PAR-2=0.62s
[DEBUG] Processing 83/966: QF_IDL/Averest/selection_sort/SelectionSort_safe_blmc011.smt2
[DEBUG] Predicted solver: cvc5 for benchmark QF_IDL/Averest/selection_sort/SelectionSort_safe_blmc011.smt2
[DEBUG] Benchmark QF_IDL/Averest/selection_sort/SelectionSort_safe_blmc011.smt2: solved=True, runtime=1.59s, PAR-2=1.59s
[DEBUG] Processing 84/966: QF_IDL/qlock/qlock-4-10-18.induction.cvc.smt2
[DEBUG] Predicted solver: Z3alpha for benchmark QF_IDL/qlock/qlock-4-10-18.induction.cvc.smt2
[DEBUG] Benchmark QF_IDL/qlock/qlock-4-10-18.induction.cvc.smt2: solved=True, runtime=0.41s, PAR-2=0.41s
[DEBUG] Processing 85/966: QF_IDL/schedulingIDL/tai_20x20_7_mkspan1298.smt2
[DEBUG] Predicted solver: Yices2 for benchmark QF_IDL/schedulingIDL/tai_20x20_7_mkspan1298.smt2
[DEBUG] Benchmark QF_IDL/schedulingIDL/tai_20x20_7_mkspan1298.smt2: solved=True, runtime=2.76s, PAR-2=2.76s
[DEBUG] Processing 86/966: QF_IDL/schedulingIDL/j7_per0_1_mkspan1054.smt2
[DEBUG] Predicted solver: Yices2 for benchmark QF_IDL/schedulingIDL/j7_per0_1_mkspan1054.smt2
[DEBUG] Benchmark QF_IDL/schedulingIDL/j7_per0_1_mkspan1054.smt2: solved=True, runtime=3.03s, PAR-2=3.03s
[DEBUG] Processing 87/966: QF_IDL/diamonds/diamonds.14.3.i.a.u.smt2
[DEBUG] Predicted solver: OpenSMT for benchmark QF_IDL/diamonds/diamonds.14.3.i.a.u.smt2
[DEBUG] Benchmark QF_IDL/diamonds/diamonds.14.3.i.a.u.smt2: solved=True, runtime=0.34s, PAR-2=0.34s
[DEBUG] Processing 88/966: QF_IDL/Averest/insertion_sort/InsertionSort_safe_bgmc002.smt2
[DEBUG] Predicted solver: Yices2 for benchmark QF_IDL/Averest/insertion_sort/InsertionSort_safe_bgmc002.smt2
[DEBUG] Benchmark QF_IDL/Averest/insertion_sort/InsertionSort_safe_bgmc002.smt2: solved=True, runtime=0.21s, PAR-2=0.21s
[DEBUG] Processing 89/966: QF_IDL/queens_bench/n_queen/queen25-1.smt2
[DEBUG] Predicted solver: Z3alpha for benchmark QF_IDL/queens_bench/n_queen/queen25-1.smt2
[DEBUG] Benchmark QF_IDL/queens_bench/n_queen/queen25-1.smt2: solved=True, runtime=0.33s, PAR-2=0.33s
[DEBUG] Processing 90/966: QF_IDL/20210312-Bouvier/vlsat3_c23.smt2
[DEBUG] Predicted solver: SMTInterpol for benchmark QF_IDL/20210312-Bouvier/vlsat3_c23.smt2
[DEBUG] Benchmark QF_IDL/20210312-Bouvier/vlsat3_c23.smt2: solved=False, runtime=1200.00s, PAR-2=2400.00s
[DEBUG] Processing 91/966: QF_IDL/qlock/qlock-4-10-23.base.cvc.smt2
[DEBUG] Predicted solver: Z3alpha for benchmark QF_IDL/qlock/qlock-4-10-23.base.cvc.smt2
[DEBUG] Benchmark QF_IDL/qlock/qlock-4-10-23.base.cvc.smt2: solved=True, runtime=65.12s, PAR-2=65.12s
[DEBUG] Processing 92/966: QF_IDL/schedulingIDL/j8_per10_2_mkspan1010.smt2
[DEBUG] Predicted solver: Yices2 for benchmark QF_IDL/schedulingIDL/j8_per10_2_mkspan1010.smt2
[DEBUG] Benchmark QF_IDL/schedulingIDL/j8_per10_2_mkspan1010.smt2: solved=True, runtime=4.28s, PAR-2=4.28s
[DEBUG] Processing 93/966: QF_IDL/cellar/CELAR7_SUB1.smt2
[DEBUG] Predicted solver: cvc5 for benchmark QF_IDL/cellar/CELAR7_SUB1.smt2
[DEBUG] Benchmark QF_IDL/cellar/CELAR7_SUB1.smt2: solved=True, runtime=0.33s, PAR-2=0.33s
[DEBUG] Processing 94/966: QF_IDL/schedulingIDL/j8_per20_2_mkspan1004.smt2
[DEBUG] Predicted solver: Yices2 for benchmark QF_IDL/schedulingIDL/j8_per20_2_mkspan1004.smt2
[DEBUG] Benchmark QF_IDL/schedulingIDL/j8_per20_2_mkspan1004.smt2: solved=True, runtime=0.24s, PAR-2=0.24s
[DEBUG] Processing 95/966: QF_IDL/asp/WireRouting/wire.15.x.15.b.11.25.a.45_sat.data.smt2
[DEBUG] Predicted solver: OpenSMT for benchmark QF_IDL/asp/WireRouting/wire.15.x.15.b.11.25.a.45_sat.data.smt2
[DEBUG] Benchmark QF_IDL/asp/WireRouting/wire.15.x.15.b.11.25.a.45_sat.data.smt2: solved=False, runtime=1200.00s, PAR-2=2400.00s
[DEBUG] Processing 96/966: QF_IDL/schedulingIDL/tai_15x15_2_mkspan948.smt2
[DEBUG] Predicted solver: Yices2 for benchmark QF_IDL/schedulingIDL/tai_15x15_2_mkspan948.smt2
[DEBUG] Benchmark QF_IDL/schedulingIDL/tai_15x15_2_mkspan948.smt2: solved=True, runtime=0.44s, PAR-2=0.44s
[DEBUG] Processing 97/966: QF_IDL/queens_bench/toroidal_bench/toroidal_queen80-1.smt2
[DEBUG] Predicted solver: Z3alpha for benchmark QF_IDL/queens_bench/toroidal_bench/toroidal_queen80-1.smt2
[DEBUG] Benchmark QF_IDL/queens_bench/toroidal_bench/toroidal_queen80-1.smt2: solved=False, runtime=1200.00s, PAR-2=2400.00s
[DEBUG] Processing 98/966: QF_IDL/fuzzy-matrix/Waldmann_r6.srs_slice-4_constraint-151140.smt2
[DEBUG] Predicted solver: Yices2 for benchmark QF_IDL/fuzzy-matrix/Waldmann_r6.srs_slice-4_constraint-151140.smt2
[DEBUG] Benchmark QF_IDL/fuzzy-matrix/Waldmann_r6.srs_slice-4_constraint-151140.smt2: solved=True, runtime=581.49s, PAR-2=581.49s
[DEBUG] Processing 99/966: QF_IDL/asp/GeneralizedSlitherlink/trisquares.40.asp.smt2
[DEBUG] Predicted solver: Yices2 for benchmark QF_IDL/asp/GeneralizedSlitherlink/trisquares.40.asp.smt2
[DEBUG] Benchmark QF_IDL/asp/GeneralizedSlitherlink/trisquares.40.asp.smt2: solved=True, runtime=0.67s, PAR-2=0.67s
[DEBUG] Processing 100/966: QF_IDL/parity/14.100.graph.smt2
[DEBUG] Predicted solver: Yices2 for benchmark QF_IDL/parity/14.100.graph.smt2
[DEBUG] Benchmark QF_IDL/parity/14.100.graph.smt2: solved=True, runtime=0.22s, PAR-2=0.22s
[DEBUG] Processing 101/966: QF_IDL/qlock/qlock-4-10-33.induction.cvc.smt2
[DEBUG] Predicted solver: Yices2 for benchmark QF_IDL/qlock/qlock-4-10-33.induction.cvc.smt2
[DEBUG] Benchmark QF_IDL/qlock/qlock-4-10-33.induction.cvc.smt2: solved=True, runtime=0.85s, PAR-2=0.85s
[DEBUG] Processing 102/966: QF_IDL/schedulingIDL/j6_per0_0_mkspan1056.smt2
[DEBUG] Predicted solver: Z3alpha for benchmark QF_IDL/schedulingIDL/j6_per0_0_mkspan1056.smt2
[DEBUG] Benchmark QF_IDL/schedulingIDL/j6_per0_0_mkspan1056.smt2: solved=True, runtime=1.94s, PAR-2=1.94s
[DEBUG] Processing 103/966: QF_IDL/asp/GeneralizedSlitherlink/altair1.37.asp.smt2
[DEBUG] Predicted solver: Yices2 for benchmark QF_IDL/asp/GeneralizedSlitherlink/altair1.37.asp.smt2
[DEBUG] Benchmark QF_IDL/asp/GeneralizedSlitherlink/altair1.37.asp.smt2: solved=True, runtime=1.53s, PAR-2=1.53s
[DEBUG] Processing 104/966: QF_IDL/asp/Sudoku/sudoku.in4.smt2
[DEBUG] Predicted solver: Yices2 for benchmark QF_IDL/asp/Sudoku/sudoku.in4.smt2
[DEBUG] Benchmark QF_IDL/asp/Sudoku/sudoku.in4.smt2: solved=True, runtime=73.94s, PAR-2=73.94s
[DEBUG] Processing 105/966: QF_IDL/schedulingIDL/tai_10x10_1_mkspan639.smt2
[DEBUG] Predicted solver: Yices2 for benchmark QF_IDL/schedulingIDL/tai_10x10_1_mkspan639.smt2
[DEBUG] Benchmark QF_IDL/schedulingIDL/tai_10x10_1_mkspan639.smt2: solved=True, runtime=0.25s, PAR-2=0.25s
[DEBUG] Processing 106/966: QF_IDL/planning/plan-7.cvc.smt2
[DEBUG] Predicted solver: Z3alpha for benchmark QF_IDL/planning/plan-7.cvc.smt2
[DEBUG] Benchmark QF_IDL/planning/plan-7.cvc.smt2: solved=True, runtime=0.30s, PAR-2=0.30s
[DEBUG] Processing 107/966: QF_IDL/20210312-Bouvier/vlsat3_i92.smt2
[DEBUG] Predicted solver: SMTInterpol for benchmark QF_IDL/20210312-Bouvier/vlsat3_i92.smt2
[DEBUG] Benchmark QF_IDL/20210312-Bouvier/vlsat3_i92.smt2: solved=False, runtime=1200.00s, PAR-2=2400.00s
[DEBUG] Processing 108/966: QF_IDL/20210312-Bouvier/vlsat3_i23.smt2
[DEBUG] Predicted solver: SMTInterpol for benchmark QF_IDL/20210312-Bouvier/vlsat3_i23.smt2
[DEBUG] Benchmark QF_IDL/20210312-Bouvier/vlsat3_i23.smt2: solved=True, runtime=9.25s, PAR-2=9.25s
[DEBUG] Processing 109/966: QF_IDL/asp/HierarchicalClustering/xy.14.x.14.r.3.886831626.391915.data_k=2_l=6_sat.gph.smt2
[DEBUG] Predicted solver: Yices2 for benchmark QF_IDL/asp/HierarchicalClustering/xy.14.x.14.r.3.886831626.391915.data_k=2_l=6_sat.gph.smt2
[DEBUG] Benchmark QF_IDL/asp/HierarchicalClustering/xy.14.x.14.r.3.886831626.391915.data_k=2_l=6_sat.gph.smt2: solved=True, runtime=22.75s, PAR-2=22.75s
[DEBUG] Processing 110/966: QF_IDL/schedulingIDL/tai_10x10_7_mkspan620.smt2
[DEBUG] Predicted solver: Yices2 for benchmark QF_IDL/schedulingIDL/tai_10x10_7_mkspan620.smt2
[DEBUG] Benchmark QF_IDL/schedulingIDL/tai_10x10_7_mkspan620.smt2: solved=True, runtime=0.29s, PAR-2=0.29s
[DEBUG] Processing 111/966: QF_IDL/queens_bench/super_queen/super_queen100-1.smt2
[DEBUG] Predicted solver: Yices2 for benchmark QF_IDL/queens_bench/super_queen/super_queen100-1.smt2
[DEBUG] Benchmark QF_IDL/queens_bench/super_queen/super_queen100-1.smt2: solved=True, runtime=0.85s, PAR-2=0.85s
[DEBUG] Processing 112/966: QF_IDL/Averest/insertion_sort/InsertionSort_live_blmc004.smt2
[DEBUG] Predicted solver: OpenSMT for benchmark QF_IDL/Averest/insertion_sort/InsertionSort_live_blmc004.smt2
[DEBUG] Benchmark QF_IDL/Averest/insertion_sort/InsertionSort_live_blmc004.smt2: solved=True, runtime=0.43s, PAR-2=0.43s
[DEBUG] Processing 113/966: QF_IDL/mathsat/fischer/FISCHER9-8-ninc.smt2
[DEBUG] Predicted solver: Yices2 for benchmark QF_IDL/mathsat/fischer/FISCHER9-8-ninc.smt2
[DEBUG] Benchmark QF_IDL/mathsat/fischer/FISCHER9-8-ninc.smt2: solved=True, runtime=0.96s, PAR-2=0.96s
[DEBUG] Processing 114/966: QF_IDL/schedulingIDL/j7_per0_2_mkspan1039.smt2
[DEBUG] Predicted solver: Yices2 for benchmark QF_IDL/schedulingIDL/j7_per0_2_mkspan1039.smt2
[DEBUG] Benchmark QF_IDL/schedulingIDL/j7_per0_2_mkspan1039.smt2: solved=True, runtime=0.93s, PAR-2=0.93s
[DEBUG] Processing 115/966: QF_IDL/schedulingIDL/tai_10x10_1_mkspan645.smt2
[DEBUG] Predicted solver: Yices2 for benchmark QF_IDL/schedulingIDL/tai_10x10_1_mkspan645.smt2
[DEBUG] Benchmark QF_IDL/schedulingIDL/tai_10x10_1_mkspan645.smt2: solved=True, runtime=0.33s, PAR-2=0.33s
[DEBUG] Processing 116/966: QF_IDL/asp/Sokoban/duthen-990602.49.steps.13.asp.smt2
[DEBUG] Predicted solver: Yices2 for benchmark QF_IDL/asp/Sokoban/duthen-990602.49.steps.13.asp.smt2
[DEBUG] Benchmark QF_IDL/asp/Sokoban/duthen-990602.49.steps.13.asp.smt2: solved=True, runtime=1.28s, PAR-2=1.28s
[DEBUG] Processing 117/966: QF_IDL/sal/lpsat/lpsat-goal-14.smt2
[DEBUG] Predicted solver: Z3alpha for benchmark QF_IDL/sal/lpsat/lpsat-goal-14.smt2
[DEBUG] Benchmark QF_IDL/sal/lpsat/lpsat-goal-14.smt2: solved=True, runtime=0.55s, PAR-2=0.55s
[DEBUG] Processing 118/966: QF_IDL/asp/MazeGeneration/maze-generation-width=10-height=10-density=0.01-run=3.smt2
[DEBUG] Predicted solver: OpenSMT for benchmark QF_IDL/asp/MazeGeneration/maze-generation-width=10-height=10-density=0.01-run=3.smt2
[DEBUG] Benchmark QF_IDL/asp/MazeGeneration/maze-generation-width=10-height=10-density=0.01-run=3.smt2: solved=True, runtime=0.30s, PAR-2=0.30s
[DEBUG] Processing 119/966: QF_IDL/parity/10.600.graph.smt2
[DEBUG] Predicted solver: Yices2 for benchmark QF_IDL/parity/10.600.graph.smt2
[DEBUG] Benchmark QF_IDL/parity/10.600.graph.smt2: solved=True, runtime=1.02s, PAR-2=1.02s
[DEBUG] Processing 120/966: QF_IDL/schedulingIDL/tai_20x20_6_mkspan1225.smt2
[DEBUG] Predicted solver: Yices2 for benchmark QF_IDL/schedulingIDL/tai_20x20_6_mkspan1225.smt2
[DEBUG] Benchmark QF_IDL/schedulingIDL/tai_20x20_6_mkspan1225.smt2: solved=True, runtime=2.06s, PAR-2=2.06s
[DEBUG] Processing 121/966: QF_IDL/20210312-Bouvier/vlsat3_i63.smt2
[DEBUG] Predicted solver: SMTInterpol for benchmark QF_IDL/20210312-Bouvier/vlsat3_i63.smt2
[DEBUG] Benchmark QF_IDL/20210312-Bouvier/vlsat3_i63.smt2: solved=True, runtime=648.73s, PAR-2=648.73s
[DEBUG] Processing 122/966: QF_IDL/sal/lpsat/lpsat-goal-3.smt2
[DEBUG] Predicted solver: Yices2 for benchmark QF_IDL/sal/lpsat/lpsat-goal-3.smt2
[DEBUG] Benchmark QF_IDL/sal/lpsat/lpsat-goal-3.smt2: solved=True, runtime=0.21s, PAR-2=0.21s
[DEBUG] Processing 123/966: QF_IDL/parity/31.600.graph.smt2
[DEBUG] Predicted solver: Yices2 for benchmark QF_IDL/parity/31.600.graph.smt2
[DEBUG] Benchmark QF_IDL/parity/31.600.graph.smt2: solved=True, runtime=3.08s, PAR-2=3.08s
[DEBUG] Processing 124/966: QF_IDL/schedulingIDL/tai_15x15_4_mkspan941.smt2
[DEBUG] Predicted solver: Yices2 for benchmark QF_IDL/schedulingIDL/tai_15x15_4_mkspan941.smt2
[DEBUG] Benchmark QF_IDL/schedulingIDL/tai_15x15_4_mkspan941.smt2: solved=True, runtime=0.49s, PAR-2=0.49s
[DEBUG] Processing 125/966: QF_IDL/queens_bench/super_queen/super_queen30-1.smt2
[DEBUG] Predicted solver: Z3alpha for benchmark QF_IDL/queens_bench/super_queen/super_queen30-1.smt2
[DEBUG] Benchmark QF_IDL/queens_bench/super_queen/super_queen30-1.smt2: solved=True, runtime=0.36s, PAR-2=0.36s
[DEBUG] Processing 126/966: QF_IDL/schedulingIDL/j7_per10_2_mkspan1011.smt2
[DEBUG] Predicted solver: Yices2 for benchmark QF_IDL/schedulingIDL/j7_per10_2_mkspan1011.smt2
[DEBUG] Benchmark QF_IDL/schedulingIDL/j7_per10_2_mkspan1011.smt2: solved=True, runtime=38.36s, PAR-2=38.36s
[DEBUG] Processing 127/966: QF_IDL/job_shop/jobshop26-2-13-13-4-4-12.smt2
[DEBUG] Predicted solver: Z3alpha for benchmark QF_IDL/job_shop/jobshop26-2-13-13-4-4-12.smt2
[DEBUG] Benchmark QF_IDL/job_shop/jobshop26-2-13-13-4-4-12.smt2: solved=True, runtime=0.69s, PAR-2=0.69s
[DEBUG] Processing 128/966: QF_IDL/DTP/DTP_k2_n35_c175_s13.smt2
[DEBUG] Predicted solver: Yices2 for benchmark QF_IDL/DTP/DTP_k2_n35_c175_s13.smt2
[DEBUG] Benchmark QF_IDL/DTP/DTP_k2_n35_c175_s13.smt2: solved=True, runtime=0.21s, PAR-2=0.21s
[DEBUG] Processing 129/966: QF_IDL/Averest/selection_sort/SelectionSort_safe_bgmc008.smt2
[DEBUG] Predicted solver: Yices2 for benchmark QF_IDL/Averest/selection_sort/SelectionSort_safe_bgmc008.smt2
[DEBUG] Benchmark QF_IDL/Averest/selection_sort/SelectionSort_safe_bgmc008.smt2: solved=True, runtime=0.23s, PAR-2=0.23s
[DEBUG] Processing 130/966: QF_IDL/schedulingIDL/tai_10x10_5_mkspan641.smt2
[DEBUG] Predicted solver: Yices2 for benchmark QF_IDL/schedulingIDL/tai_10x10_5_mkspan641.smt2
[DEBUG] Benchmark QF_IDL/schedulingIDL/tai_10x10_5_mkspan641.smt2: solved=True, runtime=0.32s, PAR-2=0.32s
[DEBUG] Processing 131/966: QF_IDL/schedulingIDL/tai_20x20_5_mkspan1257.smt2
[DEBUG] Predicted solver: Yices2 for benchmark QF_IDL/schedulingIDL/tai_20x20_5_mkspan1257.smt2
[DEBUG] Benchmark QF_IDL/schedulingIDL/tai_20x20_5_mkspan1257.smt2: solved=True, runtime=2.03s, PAR-2=2.03s
[DEBUG] Processing 132/966: QF_IDL/schedulingIDL/tai_20x20_3_mkspan1266.smt2
[DEBUG] Predicted solver: Yices2 for benchmark QF_IDL/schedulingIDL/tai_20x20_3_mkspan1266.smt2
[DEBUG] Benchmark QF_IDL/schedulingIDL/tai_20x20_3_mkspan1266.smt2: solved=True, runtime=2.14s, PAR-2=2.14s
[DEBUG] Processing 133/966: QF_IDL/asp/Solitaire/solitaire-edge-time=27.smt2
[DEBUG] Predicted solver: Yices2 for benchmark QF_IDL/asp/Solitaire/solitaire-edge-time=27.smt2
[DEBUG] Benchmark QF_IDL/asp/Solitaire/solitaire-edge-time=27.smt2: solved=True, runtime=2.20s, PAR-2=2.20s
[DEBUG] Processing 134/966: QF_IDL/diamonds/diamonds.12.2.i.a.u.smt2
[DEBUG] Predicted solver: Yices2 for benchmark QF_IDL/diamonds/diamonds.12.2.i.a.u.smt2
[DEBUG] Benchmark QF_IDL/diamonds/diamonds.12.2.i.a.u.smt2: solved=True, runtime=0.84s, PAR-2=0.84s
[DEBUG] Processing 135/966: QF_IDL/asp/Solitaire/solitaire-asymmetric-time=32.smt2
[DEBUG] Predicted solver: Yices2 for benchmark QF_IDL/asp/Solitaire/solitaire-asymmetric-time=32.smt2
[DEBUG] Benchmark QF_IDL/asp/Solitaire/solitaire-asymmetric-time=32.smt2: solved=False, runtime=1200.00s, PAR-2=2400.00s
[DEBUG] Processing 136/966: QF_IDL/mathsat/fischer/FISCHER8-4-ninc.smt2
[DEBUG] Predicted solver: Yices2 for benchmark QF_IDL/mathsat/fischer/FISCHER8-4-ninc.smt2
[DEBUG] Benchmark QF_IDL/mathsat/fischer/FISCHER8-4-ninc.smt2: solved=True, runtime=0.22s, PAR-2=0.22s
[DEBUG] Processing 137/966: QF_IDL/RTCL/b13_tf_20/ckt_PROP8_tf_20.smt2
[DEBUG] Predicted solver: Yices2 for benchmark QF_IDL/RTCL/b13_tf_20/ckt_PROP8_tf_20.smt2
[DEBUG] Benchmark QF_IDL/RTCL/b13_tf_20/ckt_PROP8_tf_20.smt2: solved=True, runtime=0.22s, PAR-2=0.22s
[DEBUG] Processing 138/966: QF_IDL/mathsat/fischer/FISCHER12-8-ninc.smt2
[DEBUG] Predicted solver: Yices2 for benchmark QF_IDL/mathsat/fischer/FISCHER12-8-ninc.smt2
[DEBUG] Benchmark QF_IDL/mathsat/fischer/FISCHER12-8-ninc.smt2: solved=True, runtime=1.16s, PAR-2=1.16s
[DEBUG] Processing 139/966: QF_IDL/20210312-Bouvier/vlsat3_c38.smt2
[DEBUG] Predicted solver: SMTInterpol for benchmark QF_IDL/20210312-Bouvier/vlsat3_c38.smt2
[DEBUG] Benchmark QF_IDL/20210312-Bouvier/vlsat3_c38.smt2: solved=False, runtime=1200.00s, PAR-2=2400.00s
[DEBUG] Processing 140/966: QF_IDL/schedulingIDL/j8_per20_0_mkspan1008.smt2
[DEBUG] Predicted solver: Yices2 for benchmark QF_IDL/schedulingIDL/j8_per20_0_mkspan1008.smt2
[DEBUG] Benchmark QF_IDL/schedulingIDL/j8_per20_0_mkspan1008.smt2: solved=True, runtime=0.25s, PAR-2=0.25s
[DEBUG] Processing 141/966: QF_IDL/Averest/selection_sort/SelectionSort_live_bgmc004.smt2
[DEBUG] Predicted solver: Yices2 for benchmark QF_IDL/Averest/selection_sort/SelectionSort_live_bgmc004.smt2
[DEBUG] Benchmark QF_IDL/Averest/selection_sort/SelectionSort_live_bgmc004.smt2: solved=True, runtime=0.23s, PAR-2=0.23s
[DEBUG] Processing 142/966: QF_IDL/parity/16.200.graph.smt2
[DEBUG] Predicted solver: Yices2 for benchmark QF_IDL/parity/16.200.graph.smt2
[DEBUG] Benchmark QF_IDL/parity/16.200.graph.smt2: solved=True, runtime=0.27s, PAR-2=0.27s
[DEBUG] Processing 143/966: QF_IDL/20220214-RVpredict-BohanLi/RVpredict_6.smt2
[DEBUG] Predicted solver: Yices2 for benchmark QF_IDL/20220214-RVpredict-BohanLi/RVpredict_6.smt2
[DEBUG] Benchmark QF_IDL/20220214-RVpredict-BohanLi/RVpredict_6.smt2: solved=True, runtime=10.35s, PAR-2=10.35s
[DEBUG] Processing 144/966: QF_IDL/20220214-RVpredict-BohanLi/RVpredict_4.smt2
[DEBUG] Predicted solver: Yices2 for benchmark QF_IDL/20220214-RVpredict-BohanLi/RVpredict_4.smt2
[DEBUG] Benchmark QF_IDL/20220214-RVpredict-BohanLi/RVpredict_4.smt2: solved=True, runtime=2.91s, PAR-2=2.91s
[DEBUG] Processing 145/966: QF_IDL/asp/TravellingSalesperson/tsp_rand_70_300_1155482584_11.lp.smt2
[DEBUG] Predicted solver: Z3alpha for benchmark QF_IDL/asp/TravellingSalesperson/tsp_rand_70_300_1155482584_11.lp.smt2
[DEBUG] Benchmark QF_IDL/asp/TravellingSalesperson/tsp_rand_70_300_1155482584_11.lp.smt2: solved=True, runtime=29.54s, PAR-2=29.54s
[DEBUG] Processing 146/966: QF_IDL/20210312-Bouvier/vlsat3_c65.smt2
[DEBUG] Predicted solver: OpenSMT for benchmark QF_IDL/20210312-Bouvier/vlsat3_c65.smt2
[DEBUG] Benchmark QF_IDL/20210312-Bouvier/vlsat3_c65.smt2: solved=False, runtime=1200.00s, PAR-2=2400.00s
[DEBUG] Processing 147/966: QF_IDL/qlock/qlock-4-10-20.base.cvc.smt2
[DEBUG] Predicted solver: Yices2 for benchmark QF_IDL/qlock/qlock-4-10-20.base.cvc.smt2
[DEBUG] Benchmark QF_IDL/qlock/qlock-4-10-20.base.cvc.smt2: solved=True, runtime=68.02s, PAR-2=68.02s
[DEBUG] Processing 148/966: QF_IDL/asp/GeneralizedSlitherlink/trisquares.11.asp.smt2
[DEBUG] Predicted solver: Yices2 for benchmark QF_IDL/asp/GeneralizedSlitherlink/trisquares.11.asp.smt2
[DEBUG] Benchmark QF_IDL/asp/GeneralizedSlitherlink/trisquares.11.asp.smt2: solved=True, runtime=0.65s, PAR-2=0.65s
[DEBUG] Processing 149/966: QF_IDL/queens_bench/n_queen/queen57-1.smt2
[DEBUG] Predicted solver: Yices2 for benchmark QF_IDL/queens_bench/n_queen/queen57-1.smt2
[DEBUG] Benchmark QF_IDL/queens_bench/n_queen/queen57-1.smt2: solved=True, runtime=0.30s, PAR-2=0.30s
[DEBUG] Processing 150/966: QF_IDL/asp/HamiltonianPath/gryzzles.46.lp.smt2
[DEBUG] Predicted solver: Yices2 for benchmark QF_IDL/asp/HamiltonianPath/gryzzles.46.lp.smt2
[DEBUG] Benchmark QF_IDL/asp/HamiltonianPath/gryzzles.46.lp.smt2: solved=True, runtime=0.89s, PAR-2=0.89s
[DEBUG] Processing 151/966: QF_IDL/asp/GraphColouring/graph-colouring-nodes=150-density=0.1-instance=10.smt2
[DEBUG] Predicted solver: Z3alpha for benchmark QF_IDL/asp/GraphColouring/graph-colouring-nodes=150-density=0.1-instance=10.smt2
[DEBUG] Benchmark QF_IDL/asp/GraphColouring/graph-colouring-nodes=150-density=0.1-instance=10.smt2: solved=False, runtime=1200.00s, PAR-2=2400.00s
[DEBUG] Processing 152/966: QF_IDL/queens_bench/toroidal_bench/toroidal_queen13-1.smt2
[DEBUG] Predicted solver: OpenSMT for benchmark QF_IDL/queens_bench/toroidal_bench/toroidal_queen13-1.smt2
[DEBUG] Benchmark QF_IDL/queens_bench/toroidal_bench/toroidal_queen13-1.smt2: solved=True, runtime=0.37s, PAR-2=0.37s
[DEBUG] Processing 153/966: QF_IDL/queens_bench/n_queen/queen67-1.smt2
[DEBUG] Predicted solver: Yices2 for benchmark QF_IDL/queens_bench/n_queen/queen67-1.smt2
[DEBUG] Benchmark QF_IDL/queens_bench/n_queen/queen67-1.smt2: solved=True, runtime=0.34s, PAR-2=0.34s
[DEBUG] Processing 154/966: QF_IDL/asp/15Puzzle/15-puzzle.init4.smt2
[DEBUG] Predicted solver: Z3alpha for benchmark QF_IDL/asp/15Puzzle/15-puzzle.init4.smt2
[DEBUG] Benchmark QF_IDL/asp/15Puzzle/15-puzzle.init4.smt2: solved=True, runtime=35.83s, PAR-2=35.83s
[DEBUG] Processing 155/966: QF_IDL/asp/GraphColouring/graph-colouring-nodes=130-density=0.1-instance=4.smt2
[DEBUG] Predicted solver: Z3alpha for benchmark QF_IDL/asp/GraphColouring/graph-colouring-nodes=130-density=0.1-instance=4.smt2
[DEBUG] Benchmark QF_IDL/asp/GraphColouring/graph-colouring-nodes=130-density=0.1-instance=4.smt2: solved=False, runtime=1200.00s, PAR-2=2400.00s
[DEBUG] Processing 156/966: QF_IDL/20220214-RVpredict-BohanLi/RVpredict_8.smt2
[DEBUG] Predicted solver: Yices2 for benchmark QF_IDL/20220214-RVpredict-BohanLi/RVpredict_8.smt2
[DEBUG] Benchmark QF_IDL/20220214-RVpredict-BohanLi/RVpredict_8.smt2: solved=True, runtime=16.04s, PAR-2=16.04s
[DEBUG] Processing 157/966: QF_IDL/DTP/DTP_k2_n35_c175_s20.smt2
[DEBUG] Predicted solver: Yices2 for benchmark QF_IDL/DTP/DTP_k2_n35_c175_s20.smt2
[DEBUG] Benchmark QF_IDL/DTP/DTP_k2_n35_c175_s20.smt2: solved=True, runtime=0.25s, PAR-2=0.25s
[DEBUG] Processing 158/966: QF_IDL/qlock/qlock-4-10-27.induction.cvc.smt2
[DEBUG] Predicted solver: Z3alpha for benchmark QF_IDL/qlock/qlock-4-10-27.induction.cvc.smt2
[DEBUG] Benchmark QF_IDL/qlock/qlock-4-10-27.induction.cvc.smt2: solved=True, runtime=0.80s, PAR-2=0.80s
[DEBUG] Processing 159/966: QF_IDL/queens_bench/n_queen/queen41-1.smt2
[DEBUG] Predicted solver: Yices2 for benchmark QF_IDL/queens_bench/n_queen/queen41-1.smt2
[DEBUG] Benchmark QF_IDL/queens_bench/n_queen/queen41-1.smt2: solved=True, runtime=0.23s, PAR-2=0.23s
[DEBUG] Processing 160/966: QF_IDL/schedulingIDL/j8_per0_1_mkspan1053.smt2
[DEBUG] Predicted solver: Yices2 for benchmark QF_IDL/schedulingIDL/j8_per0_1_mkspan1053.smt2
[DEBUG] Benchmark QF_IDL/schedulingIDL/j8_per0_1_mkspan1053.smt2: solved=True, runtime=14.53s, PAR-2=14.53s
[DEBUG] Processing 161/966: QF_IDL/Averest/selection_sort/SelectionSort_safe_bgmc007.smt2
[DEBUG] Predicted solver: Z3alpha for benchmark QF_IDL/Averest/selection_sort/SelectionSort_safe_bgmc007.smt2
[DEBUG] Benchmark QF_IDL/Averest/selection_sort/SelectionSort_safe_bgmc007.smt2: solved=True, runtime=0.31s, PAR-2=0.31s
[DEBUG] Processing 162/966: QF_IDL/Averest/partition/Partition_live_bgmc000.smt2
[DEBUG] Predicted solver: Yices2 for benchmark QF_IDL/Averest/partition/Partition_live_bgmc000.smt2
[DEBUG] Benchmark QF_IDL/Averest/partition/Partition_live_bgmc000.smt2: solved=True, runtime=0.24s, PAR-2=0.24s
[DEBUG] Processing 163/966: QF_IDL/sep/misc/ring2-100.smt2
[DEBUG] Predicted solver: Z3alpha for benchmark QF_IDL/sep/misc/ring2-100.smt2
[DEBUG] Benchmark QF_IDL/sep/misc/ring2-100.smt2: solved=True, runtime=0.29s, PAR-2=0.29s
[DEBUG] Processing 164/966: QF_IDL/job_shop/jobshop50-2-25-25-4-4-11.smt2
[DEBUG] Predicted solver: Yices2 for benchmark QF_IDL/job_shop/jobshop50-2-25-25-4-4-11.smt2
[DEBUG] Benchmark QF_IDL/job_shop/jobshop50-2-25-25-4-4-11.smt2: solved=False, runtime=1200.00s, PAR-2=2400.00s
[DEBUG] Processing 165/966: QF_IDL/DTP/DTP_k2_n35_c175_s16.smt2
[DEBUG] Predicted solver: Yices2 for benchmark QF_IDL/DTP/DTP_k2_n35_c175_s16.smt2
[DEBUG] Benchmark QF_IDL/DTP/DTP_k2_n35_c175_s16.smt2: solved=True, runtime=0.22s, PAR-2=0.22s
[DEBUG] Processing 166/966: QF_IDL/DTP/DTP_k2_n35_c175_s10.smt2
[DEBUG] Predicted solver: Yices2 for benchmark QF_IDL/DTP/DTP_k2_n35_c175_s10.smt2
[DEBUG] Benchmark QF_IDL/DTP/DTP_k2_n35_c175_s10.smt2: solved=True, runtime=0.21s, PAR-2=0.21s
[DEBUG] Processing 167/966: QF_IDL/queens_bench/super_queen/super_queen33-1.smt2
[DEBUG] Predicted solver: Z3alpha for benchmark QF_IDL/queens_bench/super_queen/super_queen33-1.smt2
[DEBUG] Benchmark QF_IDL/queens_bench/super_queen/super_queen33-1.smt2: solved=True, runtime=0.38s, PAR-2=0.38s
[DEBUG] Processing 168/966: QF_IDL/20210312-Bouvier/vlsat3_c92.smt2
[DEBUG] Predicted solver: OpenSMT for benchmark QF_IDL/20210312-Bouvier/vlsat3_c92.smt2
[DEBUG] Benchmark QF_IDL/20210312-Bouvier/vlsat3_c92.smt2: solved=False, runtime=1200.00s, PAR-2=2400.00s
[DEBUG] Processing 169/966: QF_IDL/20210312-Bouvier/vlsat3_c46.smt2
[DEBUG] Predicted solver: Z3alpha for benchmark QF_IDL/20210312-Bouvier/vlsat3_c46.smt2
[DEBUG] Benchmark QF_IDL/20210312-Bouvier/vlsat3_c46.smt2: solved=False, runtime=1200.00s, PAR-2=2400.00s
[DEBUG] Processing 170/966: QF_IDL/diamonds/diamonds.10.5.i.a.u.smt2
[DEBUG] Predicted solver: OpenSMT for benchmark QF_IDL/diamonds/diamonds.10.5.i.a.u.smt2
[DEBUG] Benchmark QF_IDL/diamonds/diamonds.10.5.i.a.u.smt2: solved=True, runtime=0.22s, PAR-2=0.22s
[DEBUG] Processing 171/966: QF_IDL/queens_bench/n_queen/queen93-1.smt2
[DEBUG] Predicted solver: Yices2 for benchmark QF_IDL/queens_bench/n_queen/queen93-1.smt2
[DEBUG] Benchmark QF_IDL/queens_bench/n_queen/queen93-1.smt2: solved=True, runtime=0.54s, PAR-2=0.54s
[DEBUG] Processing 172/966: QF_IDL/planning/plan-43.cvc.smt2
[DEBUG] Predicted solver: cvc5 for benchmark QF_IDL/planning/plan-43.cvc.smt2
[DEBUG] Benchmark QF_IDL/planning/plan-43.cvc.smt2: solved=True, runtime=1.52s, PAR-2=1.52s
[DEBUG] Processing 173/966: QF_IDL/schedulingIDL/tai_10x10_1_mkspan638.smt2
[DEBUG] Predicted solver: Yices2 for benchmark QF_IDL/schedulingIDL/tai_10x10_1_mkspan638.smt2
[DEBUG] Benchmark QF_IDL/schedulingIDL/tai_10x10_1_mkspan638.smt2: solved=True, runtime=0.27s, PAR-2=0.27s
[DEBUG] Processing 174/966: QF_IDL/20210312-Bouvier/vlsat3_i62.smt2
[DEBUG] Predicted solver: SMTInterpol for benchmark QF_IDL/20210312-Bouvier/vlsat3_i62.smt2
[DEBUG] Benchmark QF_IDL/20210312-Bouvier/vlsat3_i62.smt2: solved=False, runtime=1200.00s, PAR-2=2400.00s
[DEBUG] Processing 175/966: QF_IDL/sal/lpsat/lpsat-goal-18.smt2
[DEBUG] Predicted solver: Z3alpha for benchmark QF_IDL/sal/lpsat/lpsat-goal-18.smt2
[DEBUG] Benchmark QF_IDL/sal/lpsat/lpsat-goal-18.smt2: solved=True, runtime=1.28s, PAR-2=1.28s
[DEBUG] Processing 176/966: QF_IDL/queens_bench/toroidal_bench/toroidal_queen12-1.smt2
[DEBUG] Predicted solver: Z3alpha for benchmark QF_IDL/queens_bench/toroidal_bench/toroidal_queen12-1.smt2
[DEBUG] Benchmark QF_IDL/queens_bench/toroidal_bench/toroidal_queen12-1.smt2: solved=True, runtime=0.32s, PAR-2=0.32s
[DEBUG] Processing 177/966: QF_IDL/parity/18.400.graph.smt2
[DEBUG] Predicted solver: Yices2 for benchmark QF_IDL/parity/18.400.graph.smt2
[DEBUG] Benchmark QF_IDL/parity/18.400.graph.smt2: solved=True, runtime=0.45s, PAR-2=0.45s
[DEBUG] Processing 178/966: QF_IDL/queens_bench/n_queen/queen72-1.smt2
[DEBUG] Predicted solver: Yices2 for benchmark QF_IDL/queens_bench/n_queen/queen72-1.smt2
[DEBUG] Benchmark QF_IDL/queens_bench/n_queen/queen72-1.smt2: solved=True, runtime=0.33s, PAR-2=0.33s
[DEBUG] Processing 179/966: QF_IDL/qlock/qlock-4-10-21.induction.cvc.smt2
[DEBUG] Predicted solver: Yices2 for benchmark QF_IDL/qlock/qlock-4-10-21.induction.cvc.smt2
[DEBUG] Benchmark QF_IDL/qlock/qlock-4-10-21.induction.cvc.smt2: solved=True, runtime=0.37s, PAR-2=0.37s
[DEBUG] Processing 180/966: QF_IDL/asp/Fastfood/a7.3.0.tweaked.5.asp.smt2
[DEBUG] Predicted solver: Yices2 for benchmark QF_IDL/asp/Fastfood/a7.3.0.tweaked.5.asp.smt2
[DEBUG] Benchmark QF_IDL/asp/Fastfood/a7.3.0.tweaked.5.asp.smt2: solved=True, runtime=1.09s, PAR-2=1.09s
[DEBUG] Processing 181/966: QF_IDL/schedulingIDL/j8_per10_0_mkspan1016.smt2
[DEBUG] Predicted solver: Yices2 for benchmark QF_IDL/schedulingIDL/j8_per10_0_mkspan1016.smt2
[DEBUG] Benchmark QF_IDL/schedulingIDL/j8_per10_0_mkspan1016.smt2: solved=True, runtime=53.11s, PAR-2=53.11s
[DEBUG] Processing 182/966: QF_IDL/planning/plan-39.cvc.smt2
[DEBUG] Predicted solver: cvc5 for benchmark QF_IDL/planning/plan-39.cvc.smt2
[DEBUG] Benchmark QF_IDL/planning/plan-39.cvc.smt2: solved=True, runtime=1.15s, PAR-2=1.15s
[DEBUG] Processing 183/966: QF_IDL/parity/02.800.graph.smt2
[DEBUG] Predicted solver: Yices2 for benchmark QF_IDL/parity/02.800.graph.smt2
[DEBUG] Benchmark QF_IDL/parity/02.800.graph.smt2: solved=True, runtime=1.56s, PAR-2=1.56s
[DEBUG] Processing 184/966: QF_IDL/parity/22.400.graph.smt2
[DEBUG] Predicted solver: Yices2 for benchmark QF_IDL/parity/22.400.graph.smt2
[DEBUG] Benchmark QF_IDL/parity/22.400.graph.smt2: solved=True, runtime=0.51s, PAR-2=0.51s
[DEBUG] Processing 185/966: QF_IDL/queens_bench/n_queen/queen18-1.smt2
[DEBUG] Predicted solver: Z3alpha for benchmark QF_IDL/queens_bench/n_queen/queen18-1.smt2
[DEBUG] Benchmark QF_IDL/queens_bench/n_queen/queen18-1.smt2: solved=True, runtime=0.27s, PAR-2=0.27s
[DEBUG] Processing 186/966: QF_IDL/schedulingIDL/j8_per0_2_mkspan1054.smt2
[DEBUG] Predicted solver: Yices2 for benchmark QF_IDL/schedulingIDL/j8_per0_2_mkspan1054.smt2
[DEBUG] Benchmark QF_IDL/schedulingIDL/j8_per0_2_mkspan1054.smt2: solved=True, runtime=0.73s, PAR-2=0.73s
[DEBUG] Processing 187/966: QF_IDL/diamonds/diamonds.18.2.i.a.u.smt2
[DEBUG] Predicted solver: OpenSMT for benchmark QF_IDL/diamonds/diamonds.18.2.i.a.u.smt2
[DEBUG] Benchmark QF_IDL/diamonds/diamonds.18.2.i.a.u.smt2: solved=True, runtime=3.33s, PAR-2=3.33s
[DEBUG] Processing 188/966: QF_IDL/DTP/DTP_k2_n35_c210_s18.smt2
[DEBUG] Predicted solver: Yices2 for benchmark QF_IDL/DTP/DTP_k2_n35_c210_s18.smt2
[DEBUG] Benchmark QF_IDL/DTP/DTP_k2_n35_c210_s18.smt2: solved=True, runtime=0.22s, PAR-2=0.22s
[DEBUG] Processing 189/966: QF_IDL/sal/bakery/inf-bakery-mutex-16.smt2
[DEBUG] Predicted solver: Z3alpha for benchmark QF_IDL/sal/bakery/inf-bakery-mutex-16.smt2
[DEBUG] Benchmark QF_IDL/sal/bakery/inf-bakery-mutex-16.smt2: solved=True, runtime=0.30s, PAR-2=0.30s
[DEBUG] Processing 190/966: QF_IDL/20220214-jobshop-BohanLi/jobshop24-2-12-12-4-4-16.smt2
[DEBUG] Predicted solver: Z3alpha for benchmark QF_IDL/20220214-jobshop-BohanLi/jobshop24-2-12-12-4-4-16.smt2
[DEBUG] Benchmark QF_IDL/20220214-jobshop-BohanLi/jobshop24-2-12-12-4-4-16.smt2: solved=True, runtime=1.10s, PAR-2=1.10s
[DEBUG] Processing 191/966: QF_IDL/job_shop/jobshop56-2-28-28-4-4-12.smt2
[DEBUG] Predicted solver: Yices2 for benchmark QF_IDL/job_shop/jobshop56-2-28-28-4-4-12.smt2
[DEBUG] Benchmark QF_IDL/job_shop/jobshop56-2-28-28-4-4-12.smt2: solved=True, runtime=2.54s, PAR-2=2.54s
[DEBUG] Processing 192/966: QF_IDL/parity/09.600.graph.smt2
[DEBUG] Predicted solver: Yices2 for benchmark QF_IDL/parity/09.600.graph.smt2
[DEBUG] Benchmark QF_IDL/parity/09.600.graph.smt2: solved=True, runtime=1.48s, PAR-2=1.48s
[DEBUG] Processing 193/966: QF_IDL/mathsat/fischer/FISCHER14-5-ninc.smt2
[DEBUG] Predicted solver: Yices2 for benchmark QF_IDL/mathsat/fischer/FISCHER14-5-ninc.smt2
[DEBUG] Benchmark QF_IDL/mathsat/fischer/FISCHER14-5-ninc.smt2: solved=True, runtime=0.23s, PAR-2=0.23s
[DEBUG] Processing 194/966: QF_IDL/schedulingIDL/tai_20x20_6_mkspan1205.smt2
[DEBUG] Predicted solver: Yices2 for benchmark QF_IDL/schedulingIDL/tai_20x20_6_mkspan1205.smt2
[DEBUG] Benchmark QF_IDL/schedulingIDL/tai_20x20_6_mkspan1205.smt2: solved=True, runtime=2.79s, PAR-2=2.79s
[DEBUG] Processing 195/966: QF_IDL/mathsat/fischer/FISCHER7-8-ninc.smt2
[DEBUG] Predicted solver: Z3alpha for benchmark QF_IDL/mathsat/fischer/FISCHER7-8-ninc.smt2
[DEBUG] Benchmark QF_IDL/mathsat/fischer/FISCHER7-8-ninc.smt2: solved=True, runtime=0.34s, PAR-2=0.34s
[DEBUG] Processing 196/966: QF_IDL/20210312-Bouvier/vlsat3_i73.smt2
[DEBUG] Predicted solver: SMTInterpol for benchmark QF_IDL/20210312-Bouvier/vlsat3_i73.smt2
[DEBUG] Benchmark QF_IDL/20210312-Bouvier/vlsat3_i73.smt2: solved=True, runtime=224.44s, PAR-2=224.44s
[DEBUG] Processing 197/966: QF_IDL/planning/plan-38.cvc.smt2
[DEBUG] Predicted solver: cvc5 for benchmark QF_IDL/planning/plan-38.cvc.smt2
[DEBUG] Benchmark QF_IDL/planning/plan-38.cvc.smt2: solved=True, runtime=1.03s, PAR-2=1.03s
[DEBUG] Processing 198/966: QF_IDL/queens_bench/super_queen/super_queen65-1.smt2
[DEBUG] Predicted solver: Yices2 for benchmark QF_IDL/queens_bench/super_queen/super_queen65-1.smt2
[DEBUG] Benchmark QF_IDL/queens_bench/super_queen/super_queen65-1.smt2: solved=True, runtime=0.51s, PAR-2=0.51s
[DEBUG] Processing 199/966: QF_IDL/asp/WeightBoundedDominatingSet/rand_150_600_1159731678_14.lp.smt2
[DEBUG] Predicted solver: Z3alpha for benchmark QF_IDL/asp/WeightBoundedDominatingSet/rand_150_600_1159731678_14.lp.smt2
[DEBUG] Benchmark QF_IDL/asp/WeightBoundedDominatingSet/rand_150_600_1159731678_14.lp.smt2: solved=True, runtime=3.12s, PAR-2=3.12s
[DEBUG] Processing 200/966: QF_IDL/parity/05.200.graph.smt2
[DEBUG] Predicted solver: Yices2 for benchmark QF_IDL/parity/05.200.graph.smt2
[DEBUG] Benchmark QF_IDL/parity/05.200.graph.smt2: solved=True, runtime=0.28s, PAR-2=0.28s
[DEBUG] Processing 201/966: QF_IDL/sep/hardware/OOO_neg.3steps.smt2
[DEBUG] Predicted solver: Yices2 for benchmark QF_IDL/sep/hardware/OOO_neg.3steps.smt2
[DEBUG] Benchmark QF_IDL/sep/hardware/OOO_neg.3steps.smt2: solved=True, runtime=0.21s, PAR-2=0.21s
[DEBUG] Processing 202/966: QF_IDL/20210312-Bouvier/vlsat3_i34.smt2
[DEBUG] Predicted solver: SMTInterpol for benchmark QF_IDL/20210312-Bouvier/vlsat3_i34.smt2
[DEBUG] Benchmark QF_IDL/20210312-Bouvier/vlsat3_i34.smt2: solved=True, runtime=913.88s, PAR-2=913.88s
[DEBUG] Processing 203/966: QF_IDL/schedulingIDL/tai_20x20_2_mkspan1405.smt2
[DEBUG] Predicted solver: Yices2 for benchmark QF_IDL/schedulingIDL/tai_20x20_2_mkspan1405.smt2
[DEBUG] Benchmark QF_IDL/schedulingIDL/tai_20x20_2_mkspan1405.smt2: solved=True, runtime=2.05s, PAR-2=2.05s
[DEBUG] Processing 204/966: QF_IDL/DTP/DTP_k2_n35_c210_s6.smt2
[DEBUG] Predicted solver: Yices2 for benchmark QF_IDL/DTP/DTP_k2_n35_c210_s6.smt2
[DEBUG] Benchmark QF_IDL/DTP/DTP_k2_n35_c210_s6.smt2: solved=True, runtime=0.26s, PAR-2=0.26s
[DEBUG] Processing 205/966: QF_IDL/parity/14.700.graph.smt2
[DEBUG] Predicted solver: Yices2 for benchmark QF_IDL/parity/14.700.graph.smt2
[DEBUG] Benchmark QF_IDL/parity/14.700.graph.smt2: solved=True, runtime=3.43s, PAR-2=3.43s
[DEBUG] Processing 206/966: QF_IDL/Averest/linear_search/LinearSearch_live_bgmc000.smt2
[DEBUG] Predicted solver: Yices2 for benchmark QF_IDL/Averest/linear_search/LinearSearch_live_bgmc000.smt2
[DEBUG] Benchmark QF_IDL/Averest/linear_search/LinearSearch_live_bgmc000.smt2: solved=True, runtime=0.21s, PAR-2=0.21s
[DEBUG] Processing 207/966: QF_IDL/asp/WeightBoundedDominatingSet/rand_150_600_1159731678_17.lp.smt2
[DEBUG] Predicted solver: Z3alpha for benchmark QF_IDL/asp/WeightBoundedDominatingSet/rand_150_600_1159731678_17.lp.smt2
[DEBUG] Benchmark QF_IDL/asp/WeightBoundedDominatingSet/rand_150_600_1159731678_17.lp.smt2: solved=True, runtime=915.32s, PAR-2=915.32s
[DEBUG] Processing 208/966: QF_IDL/Averest/min_max/MinMax_safe_blmc000.smt2
[DEBUG] Predicted solver: Yices2 for benchmark QF_IDL/Averest/min_max/MinMax_safe_blmc000.smt2
[DEBUG] Benchmark QF_IDL/Averest/min_max/MinMax_safe_blmc000.smt2: solved=True, runtime=0.24s, PAR-2=0.24s
[DEBUG] Processing 209/966: QF_IDL/20210312-Bouvier/vlsat3_c71.smt2
[DEBUG] Predicted solver: SMTInterpol for benchmark QF_IDL/20210312-Bouvier/vlsat3_c71.smt2
[DEBUG] Benchmark QF_IDL/20210312-Bouvier/vlsat3_c71.smt2: solved=False, runtime=1200.00s, PAR-2=2400.00s
[DEBUG] Processing 210/966: QF_IDL/mathsat/post_office/PO4-4-PO4.smt2
[DEBUG] Predicted solver: Yices2 for benchmark QF_IDL/mathsat/post_office/PO4-4-PO4.smt2
[DEBUG] Benchmark QF_IDL/mathsat/post_office/PO4-4-PO4.smt2: solved=True, runtime=0.23s, PAR-2=0.23s
[DEBUG] Processing 211/966: QF_IDL/asp/GraphPartitioning/rand_25_200_1235404333_0_k=5_v=5_e=4_unsat.gph.smt2
[DEBUG] Predicted solver: Yices2 for benchmark QF_IDL/asp/GraphPartitioning/rand_25_200_1235404333_0_k=5_v=5_e=4_unsat.gph.smt2
[DEBUG] Benchmark QF_IDL/asp/GraphPartitioning/rand_25_200_1235404333_0_k=5_v=5_e=4_unsat.gph.smt2: solved=True, runtime=42.36s, PAR-2=42.36s
[DEBUG] Processing 212/966: QF_IDL/asp/Fastfood/a9.8.11.asp.smt2
[DEBUG] Predicted solver: Z3alpha for benchmark QF_IDL/asp/Fastfood/a9.8.11.asp.smt2
[DEBUG] Benchmark QF_IDL/asp/Fastfood/a9.8.11.asp.smt2: solved=True, runtime=0.94s, PAR-2=0.94s
[DEBUG] Processing 213/966: QF_IDL/schedulingIDL/j7_per10_0_mkspan1018.smt2
[DEBUG] Predicted solver: Yices2 for benchmark QF_IDL/schedulingIDL/j7_per10_0_mkspan1018.smt2
[DEBUG] Benchmark QF_IDL/schedulingIDL/j7_per10_0_mkspan1018.smt2: solved=True, runtime=0.37s, PAR-2=0.37s
[DEBUG] Processing 214/966: QF_IDL/asp/Solitaire/solitaire-asymmetric-time=28.smt2
[DEBUG] Predicted solver: Yices2 for benchmark QF_IDL/asp/Solitaire/solitaire-asymmetric-time=28.smt2
[DEBUG] Benchmark QF_IDL/asp/Solitaire/solitaire-asymmetric-time=28.smt2: solved=True, runtime=4.71s, PAR-2=4.71s
[DEBUG] Processing 215/966: QF_IDL/asp/HierarchicalClustering/xy.12.x.12.r.3.274440616.806497.data_k=4_l=3_unsat.gph.smt2
[DEBUG] Predicted solver: Yices2 for benchmark QF_IDL/asp/HierarchicalClustering/xy.12.x.12.r.3.274440616.806497.data_k=4_l=3_unsat.gph.smt2
[DEBUG] Benchmark QF_IDL/asp/HierarchicalClustering/xy.12.x.12.r.3.274440616.806497.data_k=4_l=3_unsat.gph.smt2: solved=True, runtime=0.30s, PAR-2=0.30s
[DEBUG] Processing 216/966: QF_IDL/queens_bench/n_queen/queen34-1.smt2
[DEBUG] Predicted solver: Z3alpha for benchmark QF_IDL/queens_bench/n_queen/queen34-1.smt2
[DEBUG] Benchmark QF_IDL/queens_bench/n_queen/queen34-1.smt2: solved=True, runtime=0.41s, PAR-2=0.41s
[DEBUG] Processing 217/966: QF_IDL/asp/ConnectedDominatingSet/rand_70_250_1235844252_0_k=10_unsat.gph.smt2
[DEBUG] Predicted solver: Z3alpha for benchmark QF_IDL/asp/ConnectedDominatingSet/rand_70_250_1235844252_0_k=10_unsat.gph.smt2
[DEBUG] Benchmark QF_IDL/asp/ConnectedDominatingSet/rand_70_250_1235844252_0_k=10_unsat.gph.smt2: solved=True, runtime=242.03s, PAR-2=242.03s
[DEBUG] Processing 218/966: QF_IDL/parity/01.700.graph.smt2
[DEBUG] Predicted solver: Yices2 for benchmark QF_IDL/parity/01.700.graph.smt2
[DEBUG] Benchmark QF_IDL/parity/01.700.graph.smt2: solved=True, runtime=1.36s, PAR-2=1.36s
[DEBUG] Processing 219/966: QF_IDL/20220214-jobshop-BohanLi/jobshop6-2-3-3-4-4-16.smt2
[DEBUG] Predicted solver: Yices2 for benchmark QF_IDL/20220214-jobshop-BohanLi/jobshop6-2-3-3-4-4-16.smt2
[DEBUG] Benchmark QF_IDL/20220214-jobshop-BohanLi/jobshop6-2-3-3-4-4-16.smt2: solved=True, runtime=0.22s, PAR-2=0.22s
[DEBUG] Processing 220/966: QF_IDL/asp/Fastfood/a7.3.3.asp.smt2
[DEBUG] Predicted solver: Yices2 for benchmark QF_IDL/asp/Fastfood/a7.3.3.asp.smt2
[DEBUG] Benchmark QF_IDL/asp/Fastfood/a7.3.3.asp.smt2: solved=True, runtime=23.84s, PAR-2=23.84s
[DEBUG] Processing 221/966: QF_IDL/20210312-Bouvier/vlsat3_c24.smt2
[DEBUG] Predicted solver: OpenSMT for benchmark QF_IDL/20210312-Bouvier/vlsat3_c24.smt2
[DEBUG] Benchmark QF_IDL/20210312-Bouvier/vlsat3_c24.smt2: solved=False, runtime=1200.00s, PAR-2=2400.00s
[DEBUG] Processing 222/966: QF_IDL/mathsat/post_office/PO2-5-PO2.smt2
[DEBUG] Predicted solver: Yices2 for benchmark QF_IDL/mathsat/post_office/PO2-5-PO2.smt2
[DEBUG] Benchmark QF_IDL/mathsat/post_office/PO2-5-PO2.smt2: solved=True, runtime=0.22s, PAR-2=0.22s
[DEBUG] Processing 223/966: QF_IDL/asp/MazeGeneration/maze-generation-width=12-height=12-density=0.01-run=5.smt2
[DEBUG] Predicted solver: Yices2 for benchmark QF_IDL/asp/MazeGeneration/maze-generation-width=12-height=12-density=0.01-run=5.smt2
[DEBUG] Benchmark QF_IDL/asp/MazeGeneration/maze-generation-width=12-height=12-density=0.01-run=5.smt2: solved=True, runtime=0.30s, PAR-2=0.30s
[DEBUG] Processing 224/966: QF_IDL/queens_bench/n_queen/queen60-1.smt2
[DEBUG] Predicted solver: Yices2 for benchmark QF_IDL/queens_bench/n_queen/queen60-1.smt2
[DEBUG] Benchmark QF_IDL/queens_bench/n_queen/queen60-1.smt2: solved=True, runtime=0.38s, PAR-2=0.38s
[DEBUG] Processing 225/966: QF_IDL/schedulingIDL/tai_20x20_8_mkspan1214.smt2
[DEBUG] Predicted solver: Yices2 for benchmark QF_IDL/schedulingIDL/tai_20x20_8_mkspan1214.smt2
[DEBUG] Benchmark QF_IDL/schedulingIDL/tai_20x20_8_mkspan1214.smt2: solved=True, runtime=1.74s, PAR-2=1.74s
[DEBUG] Processing 226/966: QF_IDL/schedulingIDL/j8_per10_0_mkspan1024.smt2
[DEBUG] Predicted solver: Yices2 for benchmark QF_IDL/schedulingIDL/j8_per10_0_mkspan1024.smt2
[DEBUG] Benchmark QF_IDL/schedulingIDL/j8_per10_0_mkspan1024.smt2: solved=True, runtime=1.69s, PAR-2=1.69s
[DEBUG] Processing 227/966: QF_IDL/asp/Labyrinth/laby_19_19_14.lp.smt2
[DEBUG] Predicted solver: Yices2 for benchmark QF_IDL/asp/Labyrinth/laby_19_19_14.lp.smt2
[DEBUG] Benchmark QF_IDL/asp/Labyrinth/laby_19_19_14.lp.smt2: solved=True, runtime=721.98s, PAR-2=721.98s
[DEBUG] Processing 228/966: QF_IDL/20210312-Bouvier/vlsat3_c66.smt2
[DEBUG] Predicted solver: SMTInterpol for benchmark QF_IDL/20210312-Bouvier/vlsat3_c66.smt2
[DEBUG] Benchmark QF_IDL/20210312-Bouvier/vlsat3_c66.smt2: solved=False, runtime=1200.00s, PAR-2=2400.00s
[DEBUG] Processing 229/966: QF_IDL/sal/bakery/inf-bakery-invalid-8.smt2
[DEBUG] Predicted solver: Yices2 for benchmark QF_IDL/sal/bakery/inf-bakery-invalid-8.smt2
[DEBUG] Benchmark QF_IDL/sal/bakery/inf-bakery-invalid-8.smt2: solved=True, runtime=0.21s, PAR-2=0.21s
[DEBUG] Processing 230/966: QF_IDL/Averest/buble_sort/BubbleSort_live_bgmc010.smt2
[DEBUG] Predicted solver: Yices2 for benchmark QF_IDL/Averest/buble_sort/BubbleSort_live_bgmc010.smt2
[DEBUG] Benchmark QF_IDL/Averest/buble_sort/BubbleSort_live_bgmc010.smt2: solved=True, runtime=0.22s, PAR-2=0.22s
[DEBUG] Processing 231/966: QF_IDL/queens_bench/super_queen/super_queen35-1.smt2
[DEBUG] Predicted solver: Yices2 for benchmark QF_IDL/queens_bench/super_queen/super_queen35-1.smt2
[DEBUG] Benchmark QF_IDL/queens_bench/super_queen/super_queen35-1.smt2: solved=True, runtime=0.31s, PAR-2=0.31s
[DEBUG] Processing 232/966: QF_IDL/20220214-jobshop-BohanLi/jobshop8-4-4-4-4-4-32.smt2
[DEBUG] Predicted solver: Yices2 for benchmark QF_IDL/20220214-jobshop-BohanLi/jobshop8-4-4-4-4-4-32.smt2
[DEBUG] Benchmark QF_IDL/20220214-jobshop-BohanLi/jobshop8-4-4-4-4-4-32.smt2: solved=True, runtime=0.31s, PAR-2=0.31s
[DEBUG] Processing 233/966: QF_IDL/asp/KnightTour/knightTour.in08.smt2
[DEBUG] Predicted solver: Yices2 for benchmark QF_IDL/asp/KnightTour/knightTour.in08.smt2
[DEBUG] Benchmark QF_IDL/asp/KnightTour/knightTour.in08.smt2: solved=False, runtime=1200.00s, PAR-2=2400.00s
[DEBUG] Processing 234/966: QF_IDL/20210312-Bouvier/vlsat3_c06.smt2
[DEBUG] Predicted solver: cvc5 for benchmark QF_IDL/20210312-Bouvier/vlsat3_c06.smt2
[DEBUG] Benchmark QF_IDL/20210312-Bouvier/vlsat3_c06.smt2: solved=True, runtime=26.00s, PAR-2=26.00s
[DEBUG] Processing 235/966: QF_IDL/mathsat/fischer/FISCHER14-8-ninc.smt2
[DEBUG] Predicted solver: Yices2 for benchmark QF_IDL/mathsat/fischer/FISCHER14-8-ninc.smt2
[DEBUG] Benchmark QF_IDL/mathsat/fischer/FISCHER14-8-ninc.smt2: solved=True, runtime=0.94s, PAR-2=0.94s
[DEBUG] Processing 236/966: QF_IDL/queens_bench/super_queen/super_queen67-1.smt2
[DEBUG] Predicted solver: Yices2 for benchmark QF_IDL/queens_bench/super_queen/super_queen67-1.smt2
[DEBUG] Benchmark QF_IDL/queens_bench/super_queen/super_queen67-1.smt2: solved=True, runtime=0.55s, PAR-2=0.55s
[DEBUG] Processing 237/966: QF_IDL/20210312-Bouvier/vlsat3_i22.smt2
[DEBUG] Predicted solver: SMTInterpol for benchmark QF_IDL/20210312-Bouvier/vlsat3_i22.smt2
[DEBUG] Benchmark QF_IDL/20210312-Bouvier/vlsat3_i22.smt2: solved=True, runtime=14.66s, PAR-2=14.66s
[DEBUG] Processing 238/966: QF_IDL/mathsat/fischer/FISCHER10-7-ninc.smt2
[DEBUG] Predicted solver: Yices2 for benchmark QF_IDL/mathsat/fischer/FISCHER10-7-ninc.smt2
[DEBUG] Benchmark QF_IDL/mathsat/fischer/FISCHER10-7-ninc.smt2: solved=True, runtime=0.38s, PAR-2=0.38s
[DEBUG] Processing 239/966: QF_IDL/Averest/buble_sort/BubbleSort_safe_blmc008.smt2
[DEBUG] Predicted solver: OpenSMT for benchmark QF_IDL/Averest/buble_sort/BubbleSort_safe_blmc008.smt2
[DEBUG] Benchmark QF_IDL/Averest/buble_sort/BubbleSort_safe_blmc008.smt2: solved=True, runtime=0.43s, PAR-2=0.43s
[DEBUG] Processing 240/966: QF_IDL/asp/GraphColouring/graph-colouring-nodes=145-density=0.1-instance=10.smt2
[DEBUG] Predicted solver: Z3alpha for benchmark QF_IDL/asp/GraphColouring/graph-colouring-nodes=145-density=0.1-instance=10.smt2
[DEBUG] Benchmark QF_IDL/asp/GraphColouring/graph-colouring-nodes=145-density=0.1-instance=10.smt2: solved=True, runtime=1068.54s, PAR-2=1068.54s
[DEBUG] Processing 241/966: QF_IDL/parity/18.700.graph.smt2
[DEBUG] Predicted solver: Yices2 for benchmark QF_IDL/parity/18.700.graph.smt2
[DEBUG] Benchmark QF_IDL/parity/18.700.graph.smt2: solved=True, runtime=1.68s, PAR-2=1.68s
[DEBUG] Processing 242/966: QF_IDL/planning/plan-33.cvc.smt2
[DEBUG] Predicted solver: Z3alpha for benchmark QF_IDL/planning/plan-33.cvc.smt2
[DEBUG] Benchmark QF_IDL/planning/plan-33.cvc.smt2: solved=True, runtime=0.55s, PAR-2=0.55s
[DEBUG] Processing 243/966: QF_IDL/parity/07.700.graph.smt2
[DEBUG] Predicted solver: Yices2 for benchmark QF_IDL/parity/07.700.graph.smt2
[DEBUG] Benchmark QF_IDL/parity/07.700.graph.smt2: solved=True, runtime=1.23s, PAR-2=1.23s
[DEBUG] Processing 244/966: QF_IDL/asp/WeightBoundedDominatingSet/rand_100_400_1159666138_6.lp.smt2
[DEBUG] Predicted solver: Z3alpha for benchmark QF_IDL/asp/WeightBoundedDominatingSet/rand_100_400_1159666138_6.lp.smt2
[DEBUG] Benchmark QF_IDL/asp/WeightBoundedDominatingSet/rand_100_400_1159666138_6.lp.smt2: solved=True, runtime=8.94s, PAR-2=8.94s
[DEBUG] Processing 245/966: QF_IDL/Averest/parallel_search/ParallelSearch_safe_blmc000.smt2
[DEBUG] Predicted solver: Yices2 for benchmark QF_IDL/Averest/parallel_search/ParallelSearch_safe_blmc000.smt2
[DEBUG] Benchmark QF_IDL/Averest/parallel_search/ParallelSearch_safe_blmc000.smt2: solved=True, runtime=0.21s, PAR-2=0.21s
[DEBUG] Processing 246/966: QF_IDL/mathsat/post_office/PO4-6-PO4.smt2
[DEBUG] Predicted solver: Yices2 for benchmark QF_IDL/mathsat/post_office/PO4-6-PO4.smt2
[DEBUG] Benchmark QF_IDL/mathsat/post_office/PO4-6-PO4.smt2: solved=True, runtime=0.24s, PAR-2=0.24s
[DEBUG] Processing 247/966: QF_IDL/asp/BlockedNQueens/156.48.1960.36.1721310593.dat.smt2
[DEBUG] Predicted solver: Yices2 for benchmark QF_IDL/asp/BlockedNQueens/156.48.1960.36.1721310593.dat.smt2
[DEBUG] Benchmark QF_IDL/asp/BlockedNQueens/156.48.1960.36.1721310593.dat.smt2: solved=True, runtime=27.47s, PAR-2=27.47s
[DEBUG] Processing 248/966: QF_IDL/asp/Solitaire/solitaire-center-time=32.smt2
[DEBUG] Predicted solver: Yices2 for benchmark QF_IDL/asp/Solitaire/solitaire-center-time=32.smt2
[DEBUG] Benchmark QF_IDL/asp/Solitaire/solitaire-center-time=32.smt2: solved=False, runtime=1200.00s, PAR-2=2400.00s
[DEBUG] Processing 249/966: QF_IDL/20210312-Bouvier/vlsat3_c74.smt2
[DEBUG] Predicted solver: SMTInterpol for benchmark QF_IDL/20210312-Bouvier/vlsat3_c74.smt2
[DEBUG] Benchmark QF_IDL/20210312-Bouvier/vlsat3_c74.smt2: solved=False, runtime=1200.00s, PAR-2=2400.00s
[DEBUG] Processing 250/966: QF_IDL/mathsat/fischer/FISCHER13-9-ninc.smt2
[DEBUG] Predicted solver: Yices2 for benchmark QF_IDL/mathsat/fischer/FISCHER13-9-ninc.smt2
[DEBUG] Benchmark QF_IDL/mathsat/fischer/FISCHER13-9-ninc.smt2: solved=True, runtime=3.37s, PAR-2=3.37s
[DEBUG] Processing 251/966: QF_IDL/schedulingIDL/j8_per0_1_mkspan1048.smt2
[DEBUG] Predicted solver: Yices2 for benchmark QF_IDL/schedulingIDL/j8_per0_1_mkspan1048.smt2
[DEBUG] Benchmark QF_IDL/schedulingIDL/j8_per0_1_mkspan1048.smt2: solved=True, runtime=19.43s, PAR-2=19.43s
[DEBUG] Processing 252/966: QF_IDL/parity/01.400.graph.smt2
[DEBUG] Predicted solver: Yices2 for benchmark QF_IDL/parity/01.400.graph.smt2
[DEBUG] Benchmark QF_IDL/parity/01.400.graph.smt2: solved=True, runtime=0.47s, PAR-2=0.47s
[DEBUG] Processing 253/966: QF_IDL/schedulingIDL/tai_20x20_7_mkspan1296.smt2
[DEBUG] Predicted solver: Yices2 for benchmark QF_IDL/schedulingIDL/tai_20x20_7_mkspan1296.smt2
[DEBUG] Benchmark QF_IDL/schedulingIDL/tai_20x20_7_mkspan1296.smt2: solved=True, runtime=3.22s, PAR-2=3.22s
[DEBUG] Processing 254/966: QF_IDL/sal/lpsat/lpsat-goal-11.smt2
[DEBUG] Predicted solver: Yices2 for benchmark QF_IDL/sal/lpsat/lpsat-goal-11.smt2
[DEBUG] Benchmark QF_IDL/sal/lpsat/lpsat-goal-11.smt2: solved=True, runtime=0.28s, PAR-2=0.28s
[DEBUG] Processing 255/966: QF_IDL/job_shop/jobshop34-2-17-17-2-4-9.smt2
[DEBUG] Predicted solver: Yices2 for benchmark QF_IDL/job_shop/jobshop34-2-17-17-2-4-9.smt2
[DEBUG] Benchmark QF_IDL/job_shop/jobshop34-2-17-17-2-4-9.smt2: solved=False, runtime=1200.00s, PAR-2=2400.00s
[DEBUG] Processing 256/966: QF_IDL/schedulingIDL/j8_per10_1_mkspan1009.smt2
[DEBUG] Predicted solver: Yices2 for benchmark QF_IDL/schedulingIDL/j8_per10_1_mkspan1009.smt2
[DEBUG] Benchmark QF_IDL/schedulingIDL/j8_per10_1_mkspan1009.smt2: solved=True, runtime=0.80s, PAR-2=0.80s
[DEBUG] Processing 257/966: QF_IDL/asp/WireRouting/wire.15.x.15.b.2.a.25_sat.data.smt2
[DEBUG] Predicted solver: Yices2 for benchmark QF_IDL/asp/WireRouting/wire.15.x.15.b.2.a.25_sat.data.smt2
[DEBUG] Benchmark QF_IDL/asp/WireRouting/wire.15.x.15.b.2.a.25_sat.data.smt2: solved=False, runtime=1200.00s, PAR-2=2400.00s
[DEBUG] Processing 258/966: QF_IDL/schedulingIDL/tai_20x20_6_mkspan1375.smt2
[DEBUG] Predicted solver: Yices2 for benchmark QF_IDL/schedulingIDL/tai_20x20_6_mkspan1375.smt2
[DEBUG] Benchmark QF_IDL/schedulingIDL/tai_20x20_6_mkspan1375.smt2: solved=True, runtime=1.52s, PAR-2=1.52s
[DEBUG] Processing 259/966: QF_IDL/20210312-Bouvier/vlsat3_c01.smt2
[DEBUG] Predicted solver: cvc5 for benchmark QF_IDL/20210312-Bouvier/vlsat3_c01.smt2
[DEBUG] Benchmark QF_IDL/20210312-Bouvier/vlsat3_c01.smt2: solved=True, runtime=5.71s, PAR-2=5.71s
[DEBUG] Processing 260/966: QF_IDL/Averest/buble_sort/BubbleSort_safe_bgmc009.smt2
[DEBUG] Predicted solver: Yices2 for benchmark QF_IDL/Averest/buble_sort/BubbleSort_safe_bgmc009.smt2
[DEBUG] Benchmark QF_IDL/Averest/buble_sort/BubbleSort_safe_bgmc009.smt2: solved=True, runtime=0.22s, PAR-2=0.22s
[DEBUG] Processing 261/966: QF_IDL/asp/SchurNumbers/20.2.schur.lp.smt2
[DEBUG] Predicted solver: Yices2 for benchmark QF_IDL/asp/SchurNumbers/20.2.schur.lp.smt2
[DEBUG] Benchmark QF_IDL/asp/SchurNumbers/20.2.schur.lp.smt2: solved=True, runtime=1.79s, PAR-2=1.79s
[DEBUG] Processing 262/966: QF_IDL/schedulingIDL/j8_per10_0_mkspan1017.smt2
[DEBUG] Predicted solver: Yices2 for benchmark QF_IDL/schedulingIDL/j8_per10_0_mkspan1017.smt2
[DEBUG] Benchmark QF_IDL/schedulingIDL/j8_per10_0_mkspan1017.smt2: solved=True, runtime=0.42s, PAR-2=0.42s
[DEBUG] Processing 263/966: QF_IDL/asp/Sokoban/duthen-990602.52.steps.15.asp.smt2
[DEBUG] Predicted solver: Yices2 for benchmark QF_IDL/asp/Sokoban/duthen-990602.52.steps.15.asp.smt2
[DEBUG] Benchmark QF_IDL/asp/Sokoban/duthen-990602.52.steps.15.asp.smt2: solved=True, runtime=0.72s, PAR-2=0.72s
[DEBUG] Processing 264/966: QF_IDL/parity/23.500.graph.smt2
[DEBUG] Predicted solver: Yices2 for benchmark QF_IDL/parity/23.500.graph.smt2
[DEBUG] Benchmark QF_IDL/parity/23.500.graph.smt2: solved=True, runtime=0.56s, PAR-2=0.56s
[DEBUG] Processing 265/966: QF_IDL/parity/17.600.graph.smt2
[DEBUG] Predicted solver: Yices2 for benchmark QF_IDL/parity/17.600.graph.smt2
[DEBUG] Benchmark QF_IDL/parity/17.600.graph.smt2: solved=True, runtime=0.85s, PAR-2=0.85s
[DEBUG] Processing 266/966: QF_IDL/20210312-Bouvier/vlsat3_i57.smt2
[DEBUG] Predicted solver: SMTInterpol for benchmark QF_IDL/20210312-Bouvier/vlsat3_i57.smt2
[DEBUG] Benchmark QF_IDL/20210312-Bouvier/vlsat3_i57.smt2: solved=False, runtime=1200.00s, PAR-2=2400.00s
[DEBUG] Processing 267/966: QF_IDL/queens_bench/super_queen/super_queen50-1.smt2
[DEBUG] Predicted solver: Yices2 for benchmark QF_IDL/queens_bench/super_queen/super_queen50-1.smt2
[DEBUG] Benchmark QF_IDL/queens_bench/super_queen/super_queen50-1.smt2: solved=True, runtime=0.34s, PAR-2=0.34s
[DEBUG] Processing 268/966: QF_IDL/asp/GeneralizedSlitherlink/penrose.34.asp.smt2
[DEBUG] Predicted solver: Yices2 for benchmark QF_IDL/asp/GeneralizedSlitherlink/penrose.34.asp.smt2
[DEBUG] Benchmark QF_IDL/asp/GeneralizedSlitherlink/penrose.34.asp.smt2: solved=True, runtime=0.39s, PAR-2=0.39s
[DEBUG] Processing 269/966: QF_IDL/asp/DisjunctiveScheduling/disjunctiveScheduling.in9.smt2
[DEBUG] Predicted solver: Yices2 for benchmark QF_IDL/asp/DisjunctiveScheduling/disjunctiveScheduling.in9.smt2
[DEBUG] Benchmark QF_IDL/asp/DisjunctiveScheduling/disjunctiveScheduling.in9.smt2: solved=True, runtime=16.50s, PAR-2=16.50s
[DEBUG] Processing 270/966: QF_IDL/schedulingIDL/j8_per0_1_mkspan1054.smt2
[DEBUG] Predicted solver: Yices2 for benchmark QF_IDL/schedulingIDL/j8_per0_1_mkspan1054.smt2
[DEBUG] Benchmark QF_IDL/schedulingIDL/j8_per0_1_mkspan1054.smt2: solved=True, runtime=14.89s, PAR-2=14.89s
[DEBUG] Processing 271/966: QF_IDL/schedulingIDL/j8_per20_2_mkspan1000.smt2
[DEBUG] Predicted solver: Yices2 for benchmark QF_IDL/schedulingIDL/j8_per20_2_mkspan1000.smt2
[DEBUG] Benchmark QF_IDL/schedulingIDL/j8_per20_2_mkspan1000.smt2: solved=True, runtime=0.25s, PAR-2=0.25s
[DEBUG] Processing 272/966: QF_IDL/DTP/DTP_k2_n35_c245_s4.smt2
[DEBUG] Predicted solver: Z3alpha for benchmark QF_IDL/DTP/DTP_k2_n35_c245_s4.smt2
[DEBUG] Benchmark QF_IDL/DTP/DTP_k2_n35_c245_s4.smt2: solved=True, runtime=0.30s, PAR-2=0.30s
[DEBUG] Processing 273/966: QF_IDL/job_shop/jobshop48-2-24-24-4-4-12.smt2
[DEBUG] Predicted solver: Yices2 for benchmark QF_IDL/job_shop/jobshop48-2-24-24-4-4-12.smt2
[DEBUG] Benchmark QF_IDL/job_shop/jobshop48-2-24-24-4-4-12.smt2: solved=True, runtime=13.82s, PAR-2=13.82s
[DEBUG] Processing 274/966: QF_IDL/asp/Sudoku/sudoku.in6.smt2
[DEBUG] Predicted solver: Yices2 for benchmark QF_IDL/asp/Sudoku/sudoku.in6.smt2
[DEBUG] Benchmark QF_IDL/asp/Sudoku/sudoku.in6.smt2: solved=True, runtime=0.22s, PAR-2=0.22s
[DEBUG] Processing 275/966: QF_IDL/queens_bench/super_queen/super_queen83-1.smt2
[DEBUG] Predicted solver: Yices2 for benchmark QF_IDL/queens_bench/super_queen/super_queen83-1.smt2
[DEBUG] Benchmark QF_IDL/queens_bench/super_queen/super_queen83-1.smt2: solved=True, runtime=0.45s, PAR-2=0.45s
[DEBUG] Processing 276/966: QF_IDL/qlock/qlock-4-10-36.induction.cvc.smt2
[DEBUG] Predicted solver: Yices2 for benchmark QF_IDL/qlock/qlock-4-10-36.induction.cvc.smt2
[DEBUG] Benchmark QF_IDL/qlock/qlock-4-10-36.induction.cvc.smt2: solved=True, runtime=0.70s, PAR-2=0.70s
[DEBUG] Processing 277/966: QF_IDL/20220214-jobshop-BohanLi/jobshop42-4-21-21-4-4-32.smt2
[DEBUG] Predicted solver: Yices2 for benchmark QF_IDL/20220214-jobshop-BohanLi/jobshop42-4-21-21-4-4-32.smt2
[DEBUG] Benchmark QF_IDL/20220214-jobshop-BohanLi/jobshop42-4-21-21-4-4-32.smt2: solved=False, runtime=1200.00s, PAR-2=2400.00s
[DEBUG] Processing 278/966: QF_IDL/DTP/DTP_k2_n35_c245_s11.smt2
[DEBUG] Predicted solver: Z3alpha for benchmark QF_IDL/DTP/DTP_k2_n35_c245_s11.smt2
[DEBUG] Benchmark QF_IDL/DTP/DTP_k2_n35_c245_s11.smt2: solved=True, runtime=0.29s, PAR-2=0.29s
[DEBUG] Processing 279/966: QF_IDL/Averest/buble_sort/BubbleSort_safe_bgmc003.smt2
[DEBUG] Predicted solver: Yices2 for benchmark QF_IDL/Averest/buble_sort/BubbleSort_safe_bgmc003.smt2
[DEBUG] Benchmark QF_IDL/Averest/buble_sort/BubbleSort_safe_bgmc003.smt2: solved=True, runtime=0.22s, PAR-2=0.22s
[DEBUG] Processing 280/966: QF_IDL/RTCL/b13_tf_10/ckt_PROP8_tf_10.smt2
[DEBUG] Predicted solver: Yices2 for benchmark QF_IDL/RTCL/b13_tf_10/ckt_PROP8_tf_10.smt2
[DEBUG] Benchmark QF_IDL/RTCL/b13_tf_10/ckt_PROP8_tf_10.smt2: solved=True, runtime=0.21s, PAR-2=0.21s
[DEBUG] Processing 281/966: QF_IDL/schedulingIDL/tai_20x20_3_mkspan1276.smt2
[DEBUG] Predicted solver: Yices2 for benchmark QF_IDL/schedulingIDL/tai_20x20_3_mkspan1276.smt2
[DEBUG] Benchmark QF_IDL/schedulingIDL/tai_20x20_3_mkspan1276.smt2: solved=True, runtime=1.76s, PAR-2=1.76s
[DEBUG] Processing 282/966: QF_IDL/queens_bench/toroidal_bench/toroidal_queen38-1.smt2
[DEBUG] Predicted solver: Yices2 for benchmark QF_IDL/queens_bench/toroidal_bench/toroidal_queen38-1.smt2
[DEBUG] Benchmark QF_IDL/queens_bench/toroidal_bench/toroidal_queen38-1.smt2: solved=False, runtime=1200.00s, PAR-2=2400.00s
[DEBUG] Processing 283/966: QF_IDL/diamonds/diamonds.17.10.i.a.u.smt2
[DEBUG] Predicted solver: OpenSMT for benchmark QF_IDL/diamonds/diamonds.17.10.i.a.u.smt2
[DEBUG] Benchmark QF_IDL/diamonds/diamonds.17.10.i.a.u.smt2: solved=True, runtime=3.85s, PAR-2=3.85s
[DEBUG] Processing 284/966: QF_IDL/schedulingIDL/j7_per0_1_mkspan1055.smt2
[DEBUG] Predicted solver: Yices2 for benchmark QF_IDL/schedulingIDL/j7_per0_1_mkspan1055.smt2
[DEBUG] Benchmark QF_IDL/schedulingIDL/j7_per0_1_mkspan1055.smt2: solved=True, runtime=0.31s, PAR-2=0.31s
[DEBUG] Processing 285/966: QF_IDL/asp/GraphColouring/graph-colouring-nodes=125-density=0.1-instance=9.smt2
[DEBUG] Predicted solver: Z3alpha for benchmark QF_IDL/asp/GraphColouring/graph-colouring-nodes=125-density=0.1-instance=9.smt2
[DEBUG] Benchmark QF_IDL/asp/GraphColouring/graph-colouring-nodes=125-density=0.1-instance=9.smt2: solved=True, runtime=0.52s, PAR-2=0.52s
[DEBUG] Processing 286/966: QF_IDL/asp/HamiltonianPath/gryzzles.23.lp.smt2
[DEBUG] Predicted solver: Yices2 for benchmark QF_IDL/asp/HamiltonianPath/gryzzles.23.lp.smt2
[DEBUG] Benchmark QF_IDL/asp/HamiltonianPath/gryzzles.23.lp.smt2: solved=True, runtime=0.79s, PAR-2=0.79s
[DEBUG] Processing 287/966: QF_IDL/qlock/qlock-4-10-12.induction.cvc.smt2
[DEBUG] Predicted solver: Z3alpha for benchmark QF_IDL/qlock/qlock-4-10-12.induction.cvc.smt2
[DEBUG] Benchmark QF_IDL/qlock/qlock-4-10-12.induction.cvc.smt2: solved=True, runtime=0.36s, PAR-2=0.36s
[DEBUG] Processing 288/966: QF_IDL/bcnscheduling/bcnscheduling105.smt2
[DEBUG] Predicted solver: Yices2 for benchmark QF_IDL/bcnscheduling/bcnscheduling105.smt2
[DEBUG] Benchmark QF_IDL/bcnscheduling/bcnscheduling105.smt2: solved=True, runtime=13.85s, PAR-2=13.85s
[DEBUG] Processing 289/966: QF_IDL/schedulingIDL/tai_20x20_1_mkspan1525.smt2
[DEBUG] Predicted solver: Yices2 for benchmark QF_IDL/schedulingIDL/tai_20x20_1_mkspan1525.smt2
[DEBUG] Benchmark QF_IDL/schedulingIDL/tai_20x20_1_mkspan1525.smt2: solved=True, runtime=1.22s, PAR-2=1.22s
[DEBUG] Processing 290/966: QF_IDL/20210312-Bouvier/vlsat3_c85.smt2
[DEBUG] Predicted solver: SMTInterpol for benchmark QF_IDL/20210312-Bouvier/vlsat3_c85.smt2
[DEBUG] Benchmark QF_IDL/20210312-Bouvier/vlsat3_c85.smt2: solved=True, runtime=349.15s, PAR-2=349.15s
[DEBUG] Processing 291/966: QF_IDL/20210312-Bouvier/vlsat3_i75.smt2
[DEBUG] Predicted solver: SMTInterpol for benchmark QF_IDL/20210312-Bouvier/vlsat3_i75.smt2
[DEBUG] Benchmark QF_IDL/20210312-Bouvier/vlsat3_i75.smt2: solved=True, runtime=702.38s, PAR-2=702.38s
[DEBUG] Processing 292/966: QF_IDL/20210312-Bouvier/vlsat3_c13.smt2
[DEBUG] Predicted solver: SMTInterpol for benchmark QF_IDL/20210312-Bouvier/vlsat3_c13.smt2
[DEBUG] Benchmark QF_IDL/20210312-Bouvier/vlsat3_c13.smt2: solved=False, runtime=1200.00s, PAR-2=2400.00s
[DEBUG] Processing 293/966: QF_IDL/queens_bench/toroidal_bench/toroidal_queen78-1.smt2
[DEBUG] Predicted solver: Yices2 for benchmark QF_IDL/queens_bench/toroidal_bench/toroidal_queen78-1.smt2
[DEBUG] Benchmark QF_IDL/queens_bench/toroidal_bench/toroidal_queen78-1.smt2: solved=False, runtime=1200.00s, PAR-2=2400.00s
[DEBUG] Processing 294/966: QF_IDL/asp/HamiltonianPath/gryzzles.2.lp.smt2
[DEBUG] Predicted solver: Z3alpha for benchmark QF_IDL/asp/HamiltonianPath/gryzzles.2.lp.smt2
[DEBUG] Benchmark QF_IDL/asp/HamiltonianPath/gryzzles.2.lp.smt2: solved=True, runtime=0.72s, PAR-2=0.72s
[DEBUG] Processing 295/966: QF_IDL/schedulingIDL/j8_per10_1_mkspan1036.smt2
[DEBUG] Predicted solver: Yices2 for benchmark QF_IDL/schedulingIDL/j8_per10_1_mkspan1036.smt2
[DEBUG] Benchmark QF_IDL/schedulingIDL/j8_per10_1_mkspan1036.smt2: solved=True, runtime=0.26s, PAR-2=0.26s
[DEBUG] Processing 296/966: QF_IDL/asp/GeneralizedSlitherlink/penrose.50.asp.smt2
[DEBUG] Predicted solver: Yices2 for benchmark QF_IDL/asp/GeneralizedSlitherlink/penrose.50.asp.smt2
[DEBUG] Benchmark QF_IDL/asp/GeneralizedSlitherlink/penrose.50.asp.smt2: solved=True, runtime=0.47s, PAR-2=0.47s
[DEBUG] Processing 297/966: QF_IDL/mathsat/fischer/FISCHER14-3-ninc.smt2
[DEBUG] Predicted solver: Z3alpha for benchmark QF_IDL/mathsat/fischer/FISCHER14-3-ninc.smt2
[DEBUG] Benchmark QF_IDL/mathsat/fischer/FISCHER14-3-ninc.smt2: solved=True, runtime=0.31s, PAR-2=0.31s
[DEBUG] Processing 298/966: QF_IDL/Averest/sorting_network/SortingNetwork8_safe_blmc006.smt2
[DEBUG] Predicted solver: OpenSMT for benchmark QF_IDL/Averest/sorting_network/SortingNetwork8_safe_blmc006.smt2
[DEBUG] Benchmark QF_IDL/Averest/sorting_network/SortingNetwork8_safe_blmc006.smt2: solved=True, runtime=0.36s, PAR-2=0.36s
[DEBUG] Processing 299/966: QF_IDL/asp/Sokoban/duthen-990602.63.steps.14.asp.smt2
[DEBUG] Predicted solver: Yices2 for benchmark QF_IDL/asp/Sokoban/duthen-990602.63.steps.14.asp.smt2
[DEBUG] Benchmark QF_IDL/asp/Sokoban/duthen-990602.63.steps.14.asp.smt2: solved=True, runtime=2.39s, PAR-2=2.39s
[DEBUG] Processing 300/966: QF_IDL/schedulingIDL/tai_15x15_7_mkspan898.smt2
[DEBUG] Predicted solver: Yices2 for benchmark QF_IDL/schedulingIDL/tai_15x15_7_mkspan898.smt2
[DEBUG] Benchmark QF_IDL/schedulingIDL/tai_15x15_7_mkspan898.smt2: solved=True, runtime=0.50s, PAR-2=0.50s
[DEBUG] Processing 301/966: QF_IDL/asp/MazeGeneration/maze-generation-width=19-height=19-density=0.01-run=1.smt2
[DEBUG] Predicted solver: Yices2 for benchmark QF_IDL/asp/MazeGeneration/maze-generation-width=19-height=19-density=0.01-run=1.smt2
[DEBUG] Benchmark QF_IDL/asp/MazeGeneration/maze-generation-width=19-height=19-density=0.01-run=1.smt2: solved=True, runtime=789.72s, PAR-2=789.72s
[DEBUG] Processing 302/966: QF_IDL/qlock/qlock-4-10-26.base.cvc.smt2
[DEBUG] Predicted solver: Z3alpha for benchmark QF_IDL/qlock/qlock-4-10-26.base.cvc.smt2
[DEBUG] Benchmark QF_IDL/qlock/qlock-4-10-26.base.cvc.smt2: solved=True, runtime=130.34s, PAR-2=130.34s
[DEBUG] Processing 303/966: QF_IDL/mathsat/fischer/FISCHER3-3-ninc.smt2
[DEBUG] Predicted solver: Yices2 for benchmark QF_IDL/mathsat/fischer/FISCHER3-3-ninc.smt2
[DEBUG] Benchmark QF_IDL/mathsat/fischer/FISCHER3-3-ninc.smt2: solved=True, runtime=0.21s, PAR-2=0.21s
[DEBUG] Processing 304/966: QF_IDL/asp/MazeGeneration/maze-generation-width=17-height=17-density=0.01-run=1.smt2
[DEBUG] Predicted solver: Z3alpha for benchmark QF_IDL/asp/MazeGeneration/maze-generation-width=17-height=17-density=0.01-run=1.smt2
[DEBUG] Benchmark QF_IDL/asp/MazeGeneration/maze-generation-width=17-height=17-density=0.01-run=1.smt2: solved=True, runtime=0.40s, PAR-2=0.40s
[DEBUG] Processing 305/966: QF_IDL/20220214-jobshop-BohanLi/jobshop60-4-30-30-2-4-24.smt2
[DEBUG] Predicted solver: Yices2 for benchmark QF_IDL/20220214-jobshop-BohanLi/jobshop60-4-30-30-2-4-24.smt2
[DEBUG] Benchmark QF_IDL/20220214-jobshop-BohanLi/jobshop60-4-30-30-2-4-24.smt2: solved=False, runtime=1200.00s, PAR-2=2400.00s
[DEBUG] Processing 306/966: QF_IDL/Averest/insertion_sort/InsertionSort_live_blmc005.smt2
[DEBUG] Predicted solver: OpenSMT for benchmark QF_IDL/Averest/insertion_sort/InsertionSort_live_blmc005.smt2
[DEBUG] Benchmark QF_IDL/Averest/insertion_sort/InsertionSort_live_blmc005.smt2: solved=True, runtime=0.64s, PAR-2=0.64s
[DEBUG] Processing 307/966: QF_IDL/queens_bench/n_queen/queen15-1.smt2
[DEBUG] Predicted solver: Z3alpha for benchmark QF_IDL/queens_bench/n_queen/queen15-1.smt2
[DEBUG] Benchmark QF_IDL/queens_bench/n_queen/queen15-1.smt2: solved=True, runtime=0.27s, PAR-2=0.27s
[DEBUG] Processing 308/966: QF_IDL/schedulingIDL/tai_20x20_5_mkspan1588.smt2
[DEBUG] Predicted solver: Yices2 for benchmark QF_IDL/schedulingIDL/tai_20x20_5_mkspan1588.smt2
[DEBUG] Benchmark QF_IDL/schedulingIDL/tai_20x20_5_mkspan1588.smt2: solved=True, runtime=1.25s, PAR-2=1.25s
[DEBUG] Processing 309/966: QF_IDL/qlock/qlock-4-10-29.base.cvc.smt2
[DEBUG] Predicted solver: Z3alpha for benchmark QF_IDL/qlock/qlock-4-10-29.base.cvc.smt2
[DEBUG] Benchmark QF_IDL/qlock/qlock-4-10-29.base.cvc.smt2: solved=True, runtime=198.52s, PAR-2=198.52s
[DEBUG] Processing 310/966: QF_IDL/Averest/sorting_network/SortingNetwork4_safe_blmc004.smt2
[DEBUG] Predicted solver: Z3alpha for benchmark QF_IDL/Averest/sorting_network/SortingNetwork4_safe_blmc004.smt2
[DEBUG] Benchmark QF_IDL/Averest/sorting_network/SortingNetwork4_safe_blmc004.smt2: solved=True, runtime=0.35s, PAR-2=0.35s
[DEBUG] Processing 311/966: QF_IDL/20220214-jobshop-BohanLi/jobshop48-2-24-24-2-4-12.smt2
[DEBUG] Predicted solver: Yices2 for benchmark QF_IDL/20220214-jobshop-BohanLi/jobshop48-2-24-24-2-4-12.smt2
[DEBUG] Benchmark QF_IDL/20220214-jobshop-BohanLi/jobshop48-2-24-24-2-4-12.smt2: solved=False, runtime=1200.00s, PAR-2=2400.00s
[DEBUG] Processing 312/966: QF_IDL/asp/ConnectedDominatingSet/rand_150_500_1235354638_0_k=15_unsat.gph.smt2
[DEBUG] Predicted solver: Yices2 for benchmark QF_IDL/asp/ConnectedDominatingSet/rand_150_500_1235354638_0_k=15_unsat.gph.smt2
[DEBUG] Benchmark QF_IDL/asp/ConnectedDominatingSet/rand_150_500_1235354638_0_k=15_unsat.gph.smt2: solved=True, runtime=1131.94s, PAR-2=1131.94s
[DEBUG] Processing 313/966: QF_IDL/mathsat/fischer/FISCHER7-2-ninc.smt2
[DEBUG] Predicted solver: Yices2 for benchmark QF_IDL/mathsat/fischer/FISCHER7-2-ninc.smt2
[DEBUG] Benchmark QF_IDL/mathsat/fischer/FISCHER7-2-ninc.smt2: solved=True, runtime=0.21s, PAR-2=0.21s
[DEBUG] Processing 314/966: QF_IDL/Averest/buble_sort/BubbleSort_safe_blmc003.smt2
[DEBUG] Predicted solver: Z3alpha for benchmark QF_IDL/Averest/buble_sort/BubbleSort_safe_blmc003.smt2
[DEBUG] Benchmark QF_IDL/Averest/buble_sort/BubbleSort_safe_blmc003.smt2: solved=True, runtime=0.58s, PAR-2=0.58s
[DEBUG] Processing 315/966: QF_IDL/parity/08.300.graph.smt2
[DEBUG] Predicted solver: Yices2 for benchmark QF_IDL/parity/08.300.graph.smt2
[DEBUG] Benchmark QF_IDL/parity/08.300.graph.smt2: solved=True, runtime=0.38s, PAR-2=0.38s
[DEBUG] Processing 316/966: QF_IDL/mathsat/post_office/PO2-3-PO2.smt2
[DEBUG] Predicted solver: Yices2 for benchmark QF_IDL/mathsat/post_office/PO2-3-PO2.smt2
[DEBUG] Benchmark QF_IDL/mathsat/post_office/PO2-3-PO2.smt2: solved=True, runtime=0.21s, PAR-2=0.21s
[DEBUG] Processing 317/966: QF_IDL/schedulingIDL/tai_20x20_3_mkspan1335.smt2
[DEBUG] Predicted solver: Yices2 for benchmark QF_IDL/schedulingIDL/tai_20x20_3_mkspan1335.smt2
[DEBUG] Benchmark QF_IDL/schedulingIDL/tai_20x20_3_mkspan1335.smt2: solved=True, runtime=1.87s, PAR-2=1.87s
[DEBUG] Processing 318/966: QF_IDL/qlock/qlock-4-10-33.base.cvc.smt2
[DEBUG] Predicted solver: Z3alpha for benchmark QF_IDL/qlock/qlock-4-10-33.base.cvc.smt2
[DEBUG] Benchmark QF_IDL/qlock/qlock-4-10-33.base.cvc.smt2: solved=True, runtime=320.40s, PAR-2=320.40s
[DEBUG] Processing 319/966: QF_IDL/planning/plan-23.cvc.smt2
[DEBUG] Predicted solver: Z3alpha for benchmark QF_IDL/planning/plan-23.cvc.smt2
[DEBUG] Benchmark QF_IDL/planning/plan-23.cvc.smt2: solved=True, runtime=0.44s, PAR-2=0.44s
[DEBUG] Processing 320/966: QF_IDL/asp/Solitaire/solitaire-asymmetric-time=26.smt2
[DEBUG] Predicted solver: Yices2 for benchmark QF_IDL/asp/Solitaire/solitaire-asymmetric-time=26.smt2
[DEBUG] Benchmark QF_IDL/asp/Solitaire/solitaire-asymmetric-time=26.smt2: solved=True, runtime=3.65s, PAR-2=3.65s
[DEBUG] Processing 321/966: QF_IDL/queens_bench/toroidal_bench/toroidal_queen93-1.smt2
[DEBUG] Predicted solver: Yices2 for benchmark QF_IDL/queens_bench/toroidal_bench/toroidal_queen93-1.smt2
[DEBUG] Benchmark QF_IDL/queens_bench/toroidal_bench/toroidal_queen93-1.smt2: solved=False, runtime=1200.00s, PAR-2=2400.00s
[DEBUG] Processing 322/966: QF_IDL/asp/GraphColouring/graph-colouring-nodes=125-density=0.1-instance=5.smt2
[DEBUG] Predicted solver: Z3alpha for benchmark QF_IDL/asp/GraphColouring/graph-colouring-nodes=125-density=0.1-instance=5.smt2
[DEBUG] Benchmark QF_IDL/asp/GraphColouring/graph-colouring-nodes=125-density=0.1-instance=5.smt2: solved=True, runtime=26.43s, PAR-2=26.43s
[DEBUG] Processing 323/966: QF_IDL/queens_bench/super_queen/super_queen52-1.smt2
[DEBUG] Predicted solver: Yices2 for benchmark QF_IDL/queens_bench/super_queen/super_queen52-1.smt2
[DEBUG] Benchmark QF_IDL/queens_bench/super_queen/super_queen52-1.smt2: solved=True, runtime=0.37s, PAR-2=0.37s
[DEBUG] Processing 324/966: QF_IDL/schedulingIDL/j7_per10_2_mkspan1013.smt2
[DEBUG] Predicted solver: Yices2 for benchmark QF_IDL/schedulingIDL/j7_per10_2_mkspan1013.smt2
[DEBUG] Benchmark QF_IDL/schedulingIDL/j7_per10_2_mkspan1013.smt2: solved=True, runtime=0.82s, PAR-2=0.82s
[DEBUG] Processing 325/966: QF_IDL/asp/SchurNumbers/20.3.schur.lp.smt2
[DEBUG] Predicted solver: Yices2 for benchmark QF_IDL/asp/SchurNumbers/20.3.schur.lp.smt2
[DEBUG] Benchmark QF_IDL/asp/SchurNumbers/20.3.schur.lp.smt2: solved=True, runtime=1.38s, PAR-2=1.38s
[DEBUG] Processing 326/966: QF_IDL/mathsat/fischer/FISCHER14-12-ninc.smt2
[DEBUG] Predicted solver: Yices2 for benchmark QF_IDL/mathsat/fischer/FISCHER14-12-ninc.smt2
[DEBUG] Benchmark QF_IDL/mathsat/fischer/FISCHER14-12-ninc.smt2: solved=True, runtime=131.21s, PAR-2=131.21s
[DEBUG] Processing 327/966: QF_IDL/mathsat/fischer/FISCHER6-6-ninc.smt2
[DEBUG] Predicted solver: Yices2 for benchmark QF_IDL/mathsat/fischer/FISCHER6-6-ninc.smt2
[DEBUG] Benchmark QF_IDL/mathsat/fischer/FISCHER6-6-ninc.smt2: solved=True, runtime=0.26s, PAR-2=0.26s
[DEBUG] Processing 328/966: QF_IDL/Averest/linear_search/LinearSearch_live_bgmc002.smt2
[DEBUG] Predicted solver: Yices2 for benchmark QF_IDL/Averest/linear_search/LinearSearch_live_bgmc002.smt2
[DEBUG] Benchmark QF_IDL/Averest/linear_search/LinearSearch_live_bgmc002.smt2: solved=True, runtime=0.21s, PAR-2=0.21s
[DEBUG] Processing 329/966: QF_IDL/qlock/qlock-4-10-6.induction.cvc.smt2
[DEBUG] Predicted solver: Z3alpha for benchmark QF_IDL/qlock/qlock-4-10-6.induction.cvc.smt2
[DEBUG] Benchmark QF_IDL/qlock/qlock-4-10-6.induction.cvc.smt2: solved=True, runtime=0.33s, PAR-2=0.33s
[DEBUG] Processing 330/966: QF_IDL/20210312-Bouvier/vlsat3_c09.smt2
[DEBUG] Predicted solver: cvc5 for benchmark QF_IDL/20210312-Bouvier/vlsat3_c09.smt2
[DEBUG] Benchmark QF_IDL/20210312-Bouvier/vlsat3_c09.smt2: solved=True, runtime=32.19s, PAR-2=32.19s
[DEBUG] Processing 331/966: QF_IDL/asp/15Puzzle/15-puzzle.init13.smt2
[DEBUG] Predicted solver: Z3alpha for benchmark QF_IDL/asp/15Puzzle/15-puzzle.init13.smt2
[DEBUG] Benchmark QF_IDL/asp/15Puzzle/15-puzzle.init13.smt2: solved=True, runtime=22.07s, PAR-2=22.07s
[DEBUG] Processing 332/966: QF_IDL/Averest/insertion_sort/InsertionSort_safe_bgmc004.smt2
[DEBUG] Predicted solver: Yices2 for benchmark QF_IDL/Averest/insertion_sort/InsertionSort_safe_bgmc004.smt2
[DEBUG] Benchmark QF_IDL/Averest/insertion_sort/InsertionSort_safe_bgmc004.smt2: solved=True, runtime=0.22s, PAR-2=0.22s
[DEBUG] Processing 333/966: QF_IDL/schedulingIDL/tai_10x10_7_mkspan616.smt2
[DEBUG] Predicted solver: Yices2 for benchmark QF_IDL/schedulingIDL/tai_10x10_7_mkspan616.smt2
[DEBUG] Benchmark QF_IDL/schedulingIDL/tai_10x10_7_mkspan616.smt2: solved=True, runtime=0.29s, PAR-2=0.29s
[DEBUG] Processing 334/966: QF_IDL/queens_bench/super_queen/super_queen93-1.smt2
[DEBUG] Predicted solver: Yices2 for benchmark QF_IDL/queens_bench/super_queen/super_queen93-1.smt2
[DEBUG] Benchmark QF_IDL/queens_bench/super_queen/super_queen93-1.smt2: solved=True, runtime=1.62s, PAR-2=1.62s
[DEBUG] Processing 335/966: QF_IDL/asp/WeightBoundedDominatingSet/rand_100_400_1159666138_3.lp.smt2
[DEBUG] Predicted solver: Z3alpha for benchmark QF_IDL/asp/WeightBoundedDominatingSet/rand_100_400_1159666138_3.lp.smt2
[DEBUG] Benchmark QF_IDL/asp/WeightBoundedDominatingSet/rand_100_400_1159666138_3.lp.smt2: solved=True, runtime=41.96s, PAR-2=41.96s
[DEBUG] Processing 336/966: QF_IDL/schedulingIDL/tai_20x20_2_mkspan1246.smt2
[DEBUG] Predicted solver: Yices2 for benchmark QF_IDL/schedulingIDL/tai_20x20_2_mkspan1246.smt2
[DEBUG] Benchmark QF_IDL/schedulingIDL/tai_20x20_2_mkspan1246.smt2: solved=True, runtime=2.84s, PAR-2=2.84s
[DEBUG] Processing 337/966: QF_IDL/asp/TravellingSalesperson/rand_80_340_1159656267_18.lp.smt2
[DEBUG] Predicted solver: Yices2 for benchmark QF_IDL/asp/TravellingSalesperson/rand_80_340_1159656267_18.lp.smt2
[DEBUG] Benchmark QF_IDL/asp/TravellingSalesperson/rand_80_340_1159656267_18.lp.smt2: solved=True, runtime=11.72s, PAR-2=11.72s
[DEBUG] Processing 338/966: QF_IDL/20220214-jobshop-BohanLi/jobshop58-4-29-29-4-4-32.smt2
[DEBUG] Predicted solver: Yices2 for benchmark QF_IDL/20220214-jobshop-BohanLi/jobshop58-4-29-29-4-4-32.smt2
[DEBUG] Benchmark QF_IDL/20220214-jobshop-BohanLi/jobshop58-4-29-29-4-4-32.smt2: solved=False, runtime=1200.00s, PAR-2=2400.00s
[DEBUG] Processing 339/966: QF_IDL/parity/21.200.graph.smt2
[DEBUG] Predicted solver: Yices2 for benchmark QF_IDL/parity/21.200.graph.smt2
[DEBUG] Benchmark QF_IDL/parity/21.200.graph.smt2: solved=True, runtime=0.27s, PAR-2=0.27s
[DEBUG] Processing 340/966: QF_IDL/parity/15.200.graph.smt2
[DEBUG] Predicted solver: Yices2 for benchmark QF_IDL/parity/15.200.graph.smt2
[DEBUG] Benchmark QF_IDL/parity/15.200.graph.smt2: solved=True, runtime=0.29s, PAR-2=0.29s
[DEBUG] Processing 341/966: QF_IDL/mathsat/fischer/FISCHER6-2-ninc.smt2
[DEBUG] Predicted solver: Yices2 for benchmark QF_IDL/mathsat/fischer/FISCHER6-2-ninc.smt2
[DEBUG] Benchmark QF_IDL/mathsat/fischer/FISCHER6-2-ninc.smt2: solved=True, runtime=0.21s, PAR-2=0.21s
[DEBUG] Processing 342/966: QF_IDL/Averest/sorting_network/SortingNetwork8_live_bgmc002.smt2
[DEBUG] Predicted solver: Yices2 for benchmark QF_IDL/Averest/sorting_network/SortingNetwork8_live_bgmc002.smt2
[DEBUG] Benchmark QF_IDL/Averest/sorting_network/SortingNetwork8_live_bgmc002.smt2: solved=True, runtime=0.21s, PAR-2=0.21s
[DEBUG] Processing 343/966: QF_IDL/20210312-Bouvier/vlsat3_c02.smt2
[DEBUG] Predicted solver: Z3alpha for benchmark QF_IDL/20210312-Bouvier/vlsat3_c02.smt2
[DEBUG] Benchmark QF_IDL/20210312-Bouvier/vlsat3_c02.smt2: solved=True, runtime=2.50s, PAR-2=2.50s
[DEBUG] Processing 344/966: QF_IDL/schedulingIDL/tai_20x20_8_mkspan1191.smt2
[DEBUG] Predicted solver: Yices2 for benchmark QF_IDL/schedulingIDL/tai_20x20_8_mkspan1191.smt2
[DEBUG] Benchmark QF_IDL/schedulingIDL/tai_20x20_8_mkspan1191.smt2: solved=True, runtime=3.26s, PAR-2=3.26s
[DEBUG] Processing 345/966: QF_IDL/asp/15Puzzle/15-puzzle.init7.smt2
[DEBUG] Predicted solver: Z3alpha for benchmark QF_IDL/asp/15Puzzle/15-puzzle.init7.smt2
[DEBUG] Benchmark QF_IDL/asp/15Puzzle/15-puzzle.init7.smt2: solved=True, runtime=29.40s, PAR-2=29.40s
[DEBUG] Processing 346/966: QF_IDL/20220214-jobshop-BohanLi/jobshop58-2-29-29-4-4-16.smt2
[DEBUG] Predicted solver: Yices2 for benchmark QF_IDL/20220214-jobshop-BohanLi/jobshop58-2-29-29-4-4-16.smt2
[DEBUG] Benchmark QF_IDL/20220214-jobshop-BohanLi/jobshop58-2-29-29-4-4-16.smt2: solved=True, runtime=119.09s, PAR-2=119.09s
[DEBUG] Processing 347/966: QF_IDL/RTCL/b13_tf_25/ckt_PROP5_tf_25.smt2
[DEBUG] Predicted solver: Yices2 for benchmark QF_IDL/RTCL/b13_tf_25/ckt_PROP5_tf_25.smt2
[DEBUG] Benchmark QF_IDL/RTCL/b13_tf_25/ckt_PROP5_tf_25.smt2: solved=True, runtime=0.23s, PAR-2=0.23s
[DEBUG] Processing 348/966: QF_IDL/sal/lpsat/lpsat-goal-6.smt2
[DEBUG] Predicted solver: Yices2 for benchmark QF_IDL/sal/lpsat/lpsat-goal-6.smt2
[DEBUG] Benchmark QF_IDL/sal/lpsat/lpsat-goal-6.smt2: solved=True, runtime=0.23s, PAR-2=0.23s
[DEBUG] Processing 349/966: QF_IDL/asp/BlockedNQueens/156.48.1960.36.1721262093.dat.smt2
[DEBUG] Predicted solver: Z3alpha for benchmark QF_IDL/asp/BlockedNQueens/156.48.1960.36.1721262093.dat.smt2
[DEBUG] Benchmark QF_IDL/asp/BlockedNQueens/156.48.1960.36.1721262093.dat.smt2: solved=True, runtime=52.67s, PAR-2=52.67s
[DEBUG] Processing 350/966: QF_IDL/mathsat/fischer/FISCHER14-13-ninc.smt2
[DEBUG] Predicted solver: Yices2 for benchmark QF_IDL/mathsat/fischer/FISCHER14-13-ninc.smt2
[DEBUG] Benchmark QF_IDL/mathsat/fischer/FISCHER14-13-ninc.smt2: solved=False, runtime=1200.00s, PAR-2=2400.00s
[DEBUG] Processing 351/966: QF_IDL/20210312-Bouvier/vlsat3_c58.smt2
[DEBUG] Predicted solver: SMTInterpol for benchmark QF_IDL/20210312-Bouvier/vlsat3_c58.smt2
[DEBUG] Benchmark QF_IDL/20210312-Bouvier/vlsat3_c58.smt2: solved=False, runtime=1200.00s, PAR-2=2400.00s
[DEBUG] Processing 352/966: QF_IDL/20210312-Bouvier/vlsat3_c14.smt2
[DEBUG] Predicted solver: SMTInterpol for benchmark QF_IDL/20210312-Bouvier/vlsat3_c14.smt2
[DEBUG] Benchmark QF_IDL/20210312-Bouvier/vlsat3_c14.smt2: solved=False, runtime=1200.00s, PAR-2=2400.00s
[DEBUG] Processing 353/966: QF_IDL/20210312-Bouvier/vlsat3_i79.smt2
[DEBUG] Predicted solver: SMTInterpol for benchmark QF_IDL/20210312-Bouvier/vlsat3_i79.smt2
[DEBUG] Benchmark QF_IDL/20210312-Bouvier/vlsat3_i79.smt2: solved=True, runtime=485.60s, PAR-2=485.60s
[DEBUG] Processing 354/966: QF_IDL/Averest/binary_search/BinarySearch_safe_bgmc001.smt2
[DEBUG] Predicted solver: Yices2 for benchmark QF_IDL/Averest/binary_search/BinarySearch_safe_bgmc001.smt2
[DEBUG] Benchmark QF_IDL/Averest/binary_search/BinarySearch_safe_bgmc001.smt2: solved=True, runtime=0.21s, PAR-2=0.21s
[DEBUG] Processing 355/966: QF_IDL/asp/KnightTour/knightTour.in07.smt2
[DEBUG] Predicted solver: Yices2 for benchmark QF_IDL/asp/KnightTour/knightTour.in07.smt2
[DEBUG] Benchmark QF_IDL/asp/KnightTour/knightTour.in07.smt2: solved=False, runtime=1200.00s, PAR-2=2400.00s
[DEBUG] Processing 356/966: QF_IDL/job_shop/jobshop30-2-15-15-4-4-12.smt2
[DEBUG] Predicted solver: Z3alpha for benchmark QF_IDL/job_shop/jobshop30-2-15-15-4-4-12.smt2
[DEBUG] Benchmark QF_IDL/job_shop/jobshop30-2-15-15-4-4-12.smt2: solved=True, runtime=0.61s, PAR-2=0.61s
[DEBUG] Processing 357/966: QF_IDL/Averest/sorting_network/SortingNetwork8_safe_blmc004.smt2
[DEBUG] Predicted solver: cvc5 for benchmark QF_IDL/Averest/sorting_network/SortingNetwork8_safe_blmc004.smt2
[DEBUG] Benchmark QF_IDL/Averest/sorting_network/SortingNetwork8_safe_blmc004.smt2: solved=True, runtime=0.44s, PAR-2=0.44s
[DEBUG] Processing 358/966: QF_IDL/RTCL/b02_tf_20/ckt_PROP0_tf_20.smt2
[DEBUG] Predicted solver: Yices2 for benchmark QF_IDL/RTCL/b02_tf_20/ckt_PROP0_tf_20.smt2
[DEBUG] Benchmark QF_IDL/RTCL/b02_tf_20/ckt_PROP0_tf_20.smt2: solved=True, runtime=0.21s, PAR-2=0.21s
[DEBUG] Processing 359/966: QF_IDL/20210312-Bouvier/vlsat3_i09.smt2
[DEBUG] Predicted solver: SMTInterpol for benchmark QF_IDL/20210312-Bouvier/vlsat3_i09.smt2
[DEBUG] Benchmark QF_IDL/20210312-Bouvier/vlsat3_i09.smt2: solved=True, runtime=4.31s, PAR-2=4.31s
[DEBUG] Processing 360/966: QF_IDL/queens_bench/n_queen/queen13-1.smt2
[DEBUG] Predicted solver: Yices2 for benchmark QF_IDL/queens_bench/n_queen/queen13-1.smt2
[DEBUG] Benchmark QF_IDL/queens_bench/n_queen/queen13-1.smt2: solved=True, runtime=0.21s, PAR-2=0.21s
[DEBUG] Processing 361/966: QF_IDL/schedulingIDL/j8_per20_0_mkspan1002.smt2
[DEBUG] Predicted solver: Yices2 for benchmark QF_IDL/schedulingIDL/j8_per20_0_mkspan1002.smt2
[DEBUG] Benchmark QF_IDL/schedulingIDL/j8_per20_0_mkspan1002.smt2: solved=True, runtime=0.36s, PAR-2=0.36s
[DEBUG] Processing 362/966: QF_IDL/asp/Sudoku/sudoku.in3.smt2
[DEBUG] Predicted solver: Yices2 for benchmark QF_IDL/asp/Sudoku/sudoku.in3.smt2
[DEBUG] Benchmark QF_IDL/asp/Sudoku/sudoku.in3.smt2: solved=True, runtime=0.22s, PAR-2=0.22s
[DEBUG] Processing 363/966: QF_IDL/20210312-Bouvier/vlsat3_i74.smt2
[DEBUG] Predicted solver: SMTInterpol for benchmark QF_IDL/20210312-Bouvier/vlsat3_i74.smt2
[DEBUG] Benchmark QF_IDL/20210312-Bouvier/vlsat3_i74.smt2: solved=True, runtime=327.49s, PAR-2=327.49s
[DEBUG] Processing 364/966: QF_IDL/20210312-Bouvier/vlsat3_c55.smt2
[DEBUG] Predicted solver: SMTInterpol for benchmark QF_IDL/20210312-Bouvier/vlsat3_c55.smt2
[DEBUG] Benchmark QF_IDL/20210312-Bouvier/vlsat3_c55.smt2: solved=False, runtime=1200.00s, PAR-2=2400.00s
[DEBUG] Processing 365/966: QF_IDL/asp/Labyrinth/laby_20_20_04.lp.smt2
[DEBUG] Predicted solver: Yices2 for benchmark QF_IDL/asp/Labyrinth/laby_20_20_04.lp.smt2
[DEBUG] Benchmark QF_IDL/asp/Labyrinth/laby_20_20_04.lp.smt2: solved=False, runtime=1200.00s, PAR-2=2400.00s
[DEBUG] Processing 366/966: QF_IDL/qlock/qlock-4-10-29.induction.cvc.smt2
[DEBUG] Predicted solver: Z3alpha for benchmark QF_IDL/qlock/qlock-4-10-29.induction.cvc.smt2
[DEBUG] Benchmark QF_IDL/qlock/qlock-4-10-29.induction.cvc.smt2: solved=True, runtime=0.73s, PAR-2=0.73s
[DEBUG] Processing 367/966: QF_IDL/parity/25.400.graph.smt2
[DEBUG] Predicted solver: Yices2 for benchmark QF_IDL/parity/25.400.graph.smt2
[DEBUG] Benchmark QF_IDL/parity/25.400.graph.smt2: solved=True, runtime=0.48s, PAR-2=0.48s
[DEBUG] Processing 368/966: QF_IDL/Averest/selection_sort/SelectionSort_safe_bgmc003.smt2
[DEBUG] Predicted solver: Yices2 for benchmark QF_IDL/Averest/selection_sort/SelectionSort_safe_bgmc003.smt2
[DEBUG] Benchmark QF_IDL/Averest/selection_sort/SelectionSort_safe_bgmc003.smt2: solved=True, runtime=0.21s, PAR-2=0.21s
[DEBUG] Processing 369/966: QF_IDL/20210312-Bouvier/vlsat3_c29.smt2
[DEBUG] Predicted solver: Z3alpha for benchmark QF_IDL/20210312-Bouvier/vlsat3_c29.smt2
[DEBUG] Benchmark QF_IDL/20210312-Bouvier/vlsat3_c29.smt2: solved=False, runtime=1200.00s, PAR-2=2400.00s
[DEBUG] Processing 370/966: QF_IDL/asp/Solitaire/solitaire-asymmetric-time=25.smt2
[DEBUG] Predicted solver: Yices2 for benchmark QF_IDL/asp/Solitaire/solitaire-asymmetric-time=25.smt2
[DEBUG] Benchmark QF_IDL/asp/Solitaire/solitaire-asymmetric-time=25.smt2: solved=True, runtime=1.26s, PAR-2=1.26s
[DEBUG] Processing 371/966: QF_IDL/mathsat/fischer/FISCHER13-12-ninc.smt2
[DEBUG] Predicted solver: Yices2 for benchmark QF_IDL/mathsat/fischer/FISCHER13-12-ninc.smt2
[DEBUG] Benchmark QF_IDL/mathsat/fischer/FISCHER13-12-ninc.smt2: solved=True, runtime=220.44s, PAR-2=220.44s
[DEBUG] Processing 372/966: QF_IDL/job_shop/jobshop48-2-24-24-4-4-11.smt2
[DEBUG] Predicted solver: Yices2 for benchmark QF_IDL/job_shop/jobshop48-2-24-24-4-4-11.smt2
[DEBUG] Benchmark QF_IDL/job_shop/jobshop48-2-24-24-4-4-11.smt2: solved=False, runtime=1200.00s, PAR-2=2400.00s
[DEBUG] Processing 373/966: QF_IDL/queens_bench/toroidal_bench/toroidal_queen92-1.smt2
[DEBUG] Predicted solver: Yices2 for benchmark QF_IDL/queens_bench/toroidal_bench/toroidal_queen92-1.smt2
[DEBUG] Benchmark QF_IDL/queens_bench/toroidal_bench/toroidal_queen92-1.smt2: solved=False, runtime=1200.00s, PAR-2=2400.00s
[DEBUG] Processing 374/966: QF_IDL/asp/GraphColouring/graph-colouring-nodes=140-density=0.1-instance=9.smt2
[DEBUG] Predicted solver: Z3alpha for benchmark QF_IDL/asp/GraphColouring/graph-colouring-nodes=140-density=0.1-instance=9.smt2
[DEBUG] Benchmark QF_IDL/asp/GraphColouring/graph-colouring-nodes=140-density=0.1-instance=9.smt2: solved=False, runtime=1200.00s, PAR-2=2400.00s
[DEBUG] Processing 375/966: QF_IDL/Averest/sorting_network/SortingNetwork8_live_blmc003.smt2
[DEBUG] Predicted solver: Z3alpha for benchmark QF_IDL/Averest/sorting_network/SortingNetwork8_live_blmc003.smt2
[DEBUG] Benchmark QF_IDL/Averest/sorting_network/SortingNetwork8_live_blmc003.smt2: solved=True, runtime=0.30s, PAR-2=0.30s
[DEBUG] Processing 376/966: QF_IDL/schedulingIDL/tai_15x15_4_mkspan1176.smt2
[DEBUG] Predicted solver: Yices2 for benchmark QF_IDL/schedulingIDL/tai_15x15_4_mkspan1176.smt2
[DEBUG] Benchmark QF_IDL/schedulingIDL/tai_15x15_4_mkspan1176.smt2: solved=True, runtime=0.48s, PAR-2=0.48s
[DEBUG] Processing 377/966: QF_IDL/job_shop/jobshop22-2-11-11-2-4-9.smt2
[DEBUG] Predicted solver: Z3alpha for benchmark QF_IDL/job_shop/jobshop22-2-11-11-2-4-9.smt2
[DEBUG] Benchmark QF_IDL/job_shop/jobshop22-2-11-11-2-4-9.smt2: solved=False, runtime=1200.00s, PAR-2=2400.00s
[DEBUG] Processing 378/966: QF_IDL/schedulingIDL/j7_per10_0_mkspan1012.smt2
[DEBUG] Predicted solver: Yices2 for benchmark QF_IDL/schedulingIDL/j7_per10_0_mkspan1012.smt2
[DEBUG] Benchmark QF_IDL/schedulingIDL/j7_per10_0_mkspan1012.smt2: solved=True, runtime=2.95s, PAR-2=2.95s
[DEBUG] Processing 379/966: QF_IDL/Averest/selection_sort/SelectionSort_live_blmc005.smt2
[DEBUG] Predicted solver: cvc5 for benchmark QF_IDL/Averest/selection_sort/SelectionSort_live_blmc005.smt2
[DEBUG] Benchmark QF_IDL/Averest/selection_sort/SelectionSort_live_blmc005.smt2: solved=True, runtime=0.64s, PAR-2=0.64s
[DEBUG] Processing 380/966: QF_IDL/job_shop/jobshop14-2-7-7-4-4-11.smt2
[DEBUG] Predicted solver: Z3alpha for benchmark QF_IDL/job_shop/jobshop14-2-7-7-4-4-11.smt2
[DEBUG] Benchmark QF_IDL/job_shop/jobshop14-2-7-7-4-4-11.smt2: solved=True, runtime=1.26s, PAR-2=1.26s
[DEBUG] Processing 381/966: QF_IDL/schedulingIDL/tai_15x15_10_mkspan902.smt2
[DEBUG] Predicted solver: Yices2 for benchmark QF_IDL/schedulingIDL/tai_15x15_10_mkspan902.smt2
[DEBUG] Benchmark QF_IDL/schedulingIDL/tai_15x15_10_mkspan902.smt2: solved=True, runtime=0.75s, PAR-2=0.75s
[DEBUG] Processing 382/966: QF_IDL/asp/SchurNumbers/15.13.schur.lp.smt2
[DEBUG] Predicted solver: Z3alpha for benchmark QF_IDL/asp/SchurNumbers/15.13.schur.lp.smt2
[DEBUG] Benchmark QF_IDL/asp/SchurNumbers/15.13.schur.lp.smt2: solved=True, runtime=13.64s, PAR-2=13.64s
[DEBUG] Processing 383/966: QF_IDL/qlock/qlock-4-10-27.base.cvc.smt2
[DEBUG] Predicted solver: Z3alpha for benchmark QF_IDL/qlock/qlock-4-10-27.base.cvc.smt2
[DEBUG] Benchmark QF_IDL/qlock/qlock-4-10-27.base.cvc.smt2: solved=True, runtime=125.35s, PAR-2=125.35s
[DEBUG] Processing 384/966: QF_IDL/mathsat/post_office/PO3-5-PO3.smt2
[DEBUG] Predicted solver: Yices2 for benchmark QF_IDL/mathsat/post_office/PO3-5-PO3.smt2
[DEBUG] Benchmark QF_IDL/mathsat/post_office/PO3-5-PO3.smt2: solved=True, runtime=0.23s, PAR-2=0.23s
[DEBUG] Processing 385/966: QF_IDL/20220214-jobshop-BohanLi/jobshop22-2-11-11-2-4-12.smt2
[DEBUG] Predicted solver: Z3alpha for benchmark QF_IDL/20220214-jobshop-BohanLi/jobshop22-2-11-11-2-4-12.smt2
[DEBUG] Benchmark QF_IDL/20220214-jobshop-BohanLi/jobshop22-2-11-11-2-4-12.smt2: solved=True, runtime=2.63s, PAR-2=2.63s
[DEBUG] Processing 386/966: QF_IDL/queens_bench/n_queen/queen62-1.smt2
[DEBUG] Predicted solver: Yices2 for benchmark QF_IDL/queens_bench/n_queen/queen62-1.smt2
[DEBUG] Benchmark QF_IDL/queens_bench/n_queen/queen62-1.smt2: solved=True, runtime=0.27s, PAR-2=0.27s
[DEBUG] Processing 387/966: QF_IDL/parity/31.400.graph.smt2
[DEBUG] Predicted solver: Yices2 for benchmark QF_IDL/parity/31.400.graph.smt2
[DEBUG] Benchmark QF_IDL/parity/31.400.graph.smt2: solved=True, runtime=0.36s, PAR-2=0.36s
[DEBUG] Processing 388/966: QF_IDL/queens_bench/n_queen/queen84-1.smt2
[DEBUG] Predicted solver: Yices2 for benchmark QF_IDL/queens_bench/n_queen/queen84-1.smt2
[DEBUG] Benchmark QF_IDL/queens_bench/n_queen/queen84-1.smt2: solved=True, runtime=0.44s, PAR-2=0.44s
[DEBUG] Processing 389/966: QF_IDL/asp/ConnectedDominatingSet/rand_50_250_1235842610_0_k=6_unsat.gph.smt2
[DEBUG] Predicted solver: Yices2 for benchmark QF_IDL/asp/ConnectedDominatingSet/rand_50_250_1235842610_0_k=6_unsat.gph.smt2
[DEBUG] Benchmark QF_IDL/asp/ConnectedDominatingSet/rand_50_250_1235842610_0_k=6_unsat.gph.smt2: solved=True, runtime=5.35s, PAR-2=5.35s
[DEBUG] Processing 390/966: QF_IDL/20220214-jobshop-BohanLi/jobshop40-2-20-20-4-4-16.smt2
[DEBUG] Predicted solver: Yices2 for benchmark QF_IDL/20220214-jobshop-BohanLi/jobshop40-2-20-20-4-4-16.smt2
[DEBUG] Benchmark QF_IDL/20220214-jobshop-BohanLi/jobshop40-2-20-20-4-4-16.smt2: solved=True, runtime=10.79s, PAR-2=10.79s
[DEBUG] Processing 391/966: QF_IDL/DTP/DTP_k2_n35_c245_s16.smt2
[DEBUG] Predicted solver: Z3alpha for benchmark QF_IDL/DTP/DTP_k2_n35_c245_s16.smt2
[DEBUG] Benchmark QF_IDL/DTP/DTP_k2_n35_c245_s16.smt2: solved=True, runtime=0.33s, PAR-2=0.33s
[DEBUG] Processing 392/966: QF_IDL/20220214-RVpredict-BohanLi/RVpredict_2.smt2
[DEBUG] Predicted solver: Yices2 for benchmark QF_IDL/20220214-RVpredict-BohanLi/RVpredict_2.smt2
[DEBUG] Benchmark QF_IDL/20220214-RVpredict-BohanLi/RVpredict_2.smt2: solved=True, runtime=6.42s, PAR-2=6.42s
[DEBUG] Processing 393/966: QF_IDL/parity/26.700.graph.smt2
[DEBUG] Predicted solver: Yices2 for benchmark QF_IDL/parity/26.700.graph.smt2
[DEBUG] Benchmark QF_IDL/parity/26.700.graph.smt2: solved=True, runtime=1.60s, PAR-2=1.60s
[DEBUG] Processing 394/966: QF_IDL/diamonds/diamonds.14.2.i.a.u.smt2
[DEBUG] Predicted solver: Yices2 for benchmark QF_IDL/diamonds/diamonds.14.2.i.a.u.smt2
[DEBUG] Benchmark QF_IDL/diamonds/diamonds.14.2.i.a.u.smt2: solved=True, runtime=7.05s, PAR-2=7.05s
[DEBUG] Processing 395/966: QF_IDL/asp/KnightTour/knightTour.in01.smt2
[DEBUG] Predicted solver: Z3alpha for benchmark QF_IDL/asp/KnightTour/knightTour.in01.smt2
[DEBUG] Benchmark QF_IDL/asp/KnightTour/knightTour.in01.smt2: solved=True, runtime=1.28s, PAR-2=1.28s
[DEBUG] Processing 396/966: QF_IDL/queens_bench/toroidal_bench/toroidal_queen47-1.smt2
[DEBUG] Predicted solver: Yices2 for benchmark QF_IDL/queens_bench/toroidal_bench/toroidal_queen47-1.smt2
[DEBUG] Benchmark QF_IDL/queens_bench/toroidal_bench/toroidal_queen47-1.smt2: solved=False, runtime=1200.00s, PAR-2=2400.00s
[DEBUG] Processing 397/966: QF_IDL/asp/WeightBoundedDominatingSet/rand_150_600_1159731678_7.lp.smt2
[DEBUG] Predicted solver: Z3alpha for benchmark QF_IDL/asp/WeightBoundedDominatingSet/rand_150_600_1159731678_7.lp.smt2
[DEBUG] Benchmark QF_IDL/asp/WeightBoundedDominatingSet/rand_150_600_1159731678_7.lp.smt2: solved=False, runtime=1200.00s, PAR-2=2400.00s
[DEBUG] Processing 398/966: QF_IDL/schedulingIDL/tai_20x20_3_mkspan1259.smt2
[DEBUG] Predicted solver: Yices2 for benchmark QF_IDL/schedulingIDL/tai_20x20_3_mkspan1259.smt2
[DEBUG] Benchmark QF_IDL/schedulingIDL/tai_20x20_3_mkspan1259.smt2: solved=True, runtime=2.81s, PAR-2=2.81s
[DEBUG] Processing 399/966: QF_IDL/20220214-jobshop-BohanLi/jobshop30-4-15-15-4-4-32.smt2
[DEBUG] Predicted solver: Yices2 for benchmark QF_IDL/20220214-jobshop-BohanLi/jobshop30-4-15-15-4-4-32.smt2
[DEBUG] Benchmark QF_IDL/20220214-jobshop-BohanLi/jobshop30-4-15-15-4-4-32.smt2: solved=False, runtime=1200.00s, PAR-2=2400.00s
[DEBUG] Processing 400/966: QF_IDL/schedulingIDL/tai_15x15_2_mkspan921.smt2
[DEBUG] Predicted solver: Yices2 for benchmark QF_IDL/schedulingIDL/tai_15x15_2_mkspan921.smt2
[DEBUG] Benchmark QF_IDL/schedulingIDL/tai_15x15_2_mkspan921.smt2: solved=True, runtime=0.97s, PAR-2=0.97s
[DEBUG] Processing 401/966: QF_IDL/Averest/selection_sort/SelectionSort_live_bgmc006.smt2
[DEBUG] Predicted solver: Z3alpha for benchmark QF_IDL/Averest/selection_sort/SelectionSort_live_bgmc006.smt2
[DEBUG] Benchmark QF_IDL/Averest/selection_sort/SelectionSort_live_bgmc006.smt2: solved=True, runtime=0.30s, PAR-2=0.30s
[DEBUG] Processing 402/966: QF_IDL/asp/Labyrinth/laby_22_22_08.lp.smt2
[DEBUG] Predicted solver: Yices2 for benchmark QF_IDL/asp/Labyrinth/laby_22_22_08.lp.smt2
[DEBUG] Benchmark QF_IDL/asp/Labyrinth/laby_22_22_08.lp.smt2: solved=True, runtime=423.44s, PAR-2=423.44s
[DEBUG] Processing 403/966: QF_IDL/mathsat/post_office/PO4-9-PO4.smt2
[DEBUG] Predicted solver: Yices2 for benchmark QF_IDL/mathsat/post_office/PO4-9-PO4.smt2
[DEBUG] Benchmark QF_IDL/mathsat/post_office/PO4-9-PO4.smt2: solved=True, runtime=0.27s, PAR-2=0.27s
[DEBUG] Processing 404/966: QF_IDL/qlock/qlock-4-10-20.induction.cvc.smt2
[DEBUG] Predicted solver: Yices2 for benchmark QF_IDL/qlock/qlock-4-10-20.induction.cvc.smt2
[DEBUG] Benchmark QF_IDL/qlock/qlock-4-10-20.induction.cvc.smt2: solved=True, runtime=0.34s, PAR-2=0.34s
[DEBUG] Processing 405/966: QF_IDL/schedulingIDL/j7_per10_2_mkspan1027.smt2
[DEBUG] Predicted solver: Yices2 for benchmark QF_IDL/schedulingIDL/j7_per10_2_mkspan1027.smt2
[DEBUG] Benchmark QF_IDL/schedulingIDL/j7_per10_2_mkspan1027.smt2: solved=True, runtime=0.29s, PAR-2=0.29s
[DEBUG] Processing 406/966: QF_IDL/job_shop/jobshop42-2-21-21-4-4-11.smt2
[DEBUG] Predicted solver: Yices2 for benchmark QF_IDL/job_shop/jobshop42-2-21-21-4-4-11.smt2
[DEBUG] Benchmark QF_IDL/job_shop/jobshop42-2-21-21-4-4-11.smt2: solved=False, runtime=1200.00s, PAR-2=2400.00s
[DEBUG] Processing 407/966: QF_IDL/job_shop/jobshop58-2-29-29-2-4-12.smt2
[DEBUG] Predicted solver: Yices2 for benchmark QF_IDL/job_shop/jobshop58-2-29-29-2-4-12.smt2
[DEBUG] Benchmark QF_IDL/job_shop/jobshop58-2-29-29-2-4-12.smt2: solved=True, runtime=0.81s, PAR-2=0.81s
[DEBUG] Processing 408/966: QF_IDL/asp/GraphColouring/graph-colouring-nodes=130-density=0.1-instance=2.smt2
[DEBUG] Predicted solver: Z3alpha for benchmark QF_IDL/asp/GraphColouring/graph-colouring-nodes=130-density=0.1-instance=2.smt2
[DEBUG] Benchmark QF_IDL/asp/GraphColouring/graph-colouring-nodes=130-density=0.1-instance=2.smt2: solved=True, runtime=0.62s, PAR-2=0.62s
[DEBUG] Processing 409/966: QF_IDL/schedulingIDL/tai_20x20_4_mkspan1253.smt2
[DEBUG] Predicted solver: Yices2 for benchmark QF_IDL/schedulingIDL/tai_20x20_4_mkspan1253.smt2
[DEBUG] Benchmark QF_IDL/schedulingIDL/tai_20x20_4_mkspan1253.smt2: solved=True, runtime=3.92s, PAR-2=3.92s
[DEBUG] Processing 410/966: QF_IDL/parity/09.200.graph.smt2
[DEBUG] Predicted solver: Yices2 for benchmark QF_IDL/parity/09.200.graph.smt2
[DEBUG] Benchmark QF_IDL/parity/09.200.graph.smt2: solved=True, runtime=0.26s, PAR-2=0.26s
[DEBUG] Processing 411/966: QF_IDL/asp/SchurNumbers/15.20.schur.lp.smt2
[DEBUG] Predicted solver: Z3alpha for benchmark QF_IDL/asp/SchurNumbers/15.20.schur.lp.smt2
[DEBUG] Benchmark QF_IDL/asp/SchurNumbers/15.20.schur.lp.smt2: solved=True, runtime=1.31s, PAR-2=1.31s
[DEBUG] Processing 412/966: QF_IDL/queens_bench/toroidal_bench/toroidal_queen46-1.smt2
[DEBUG] Predicted solver: Yices2 for benchmark QF_IDL/queens_bench/toroidal_bench/toroidal_queen46-1.smt2
[DEBUG] Benchmark QF_IDL/queens_bench/toroidal_bench/toroidal_queen46-1.smt2: solved=False, runtime=1200.00s, PAR-2=2400.00s
[DEBUG] Processing 413/966: QF_IDL/queens_bench/toroidal_bench/toroidal_queen10-1.smt2
[DEBUG] Predicted solver: Yices2 for benchmark QF_IDL/queens_bench/toroidal_bench/toroidal_queen10-1.smt2
[DEBUG] Benchmark QF_IDL/queens_bench/toroidal_bench/toroidal_queen10-1.smt2: solved=True, runtime=0.26s, PAR-2=0.26s
[DEBUG] Processing 414/966: QF_IDL/schedulingIDL/tai_15x15_5_mkspan1174.smt2
[DEBUG] Predicted solver: Yices2 for benchmark QF_IDL/schedulingIDL/tai_15x15_5_mkspan1174.smt2
[DEBUG] Benchmark QF_IDL/schedulingIDL/tai_15x15_5_mkspan1174.smt2: solved=True, runtime=0.38s, PAR-2=0.38s
[DEBUG] Processing 415/966: QF_IDL/Averest/partition/Partition_safe_blmc002.smt2
[DEBUG] Predicted solver: Z3alpha for benchmark QF_IDL/Averest/partition/Partition_safe_blmc002.smt2
[DEBUG] Benchmark QF_IDL/Averest/partition/Partition_safe_blmc002.smt2: solved=True, runtime=0.33s, PAR-2=0.33s
[DEBUG] Processing 416/966: QF_IDL/asp/TravellingSalesperson/rand_70_300_1155482584_4.lp.smt2
[DEBUG] Predicted solver: Z3alpha for benchmark QF_IDL/asp/TravellingSalesperson/rand_70_300_1155482584_4.lp.smt2
[DEBUG] Benchmark QF_IDL/asp/TravellingSalesperson/rand_70_300_1155482584_4.lp.smt2: solved=True, runtime=39.67s, PAR-2=39.67s
[DEBUG] Processing 417/966: QF_IDL/asp/ConnectedDominatingSet/rand_50_250_1235336870_0_k=8_sat.gph.smt2
[DEBUG] Predicted solver: Yices2 for benchmark QF_IDL/asp/ConnectedDominatingSet/rand_50_250_1235336870_0_k=8_sat.gph.smt2
[DEBUG] Benchmark QF_IDL/asp/ConnectedDominatingSet/rand_50_250_1235336870_0_k=8_sat.gph.smt2: solved=True, runtime=1.34s, PAR-2=1.34s
[DEBUG] Processing 418/966: QF_IDL/job_shop/jobshop30-2-15-15-2-4-12.smt2
[DEBUG] Predicted solver: Z3alpha for benchmark QF_IDL/job_shop/jobshop30-2-15-15-2-4-12.smt2
[DEBUG] Benchmark QF_IDL/job_shop/jobshop30-2-15-15-2-4-12.smt2: solved=True, runtime=0.45s, PAR-2=0.45s
[DEBUG] Processing 419/966: QF_IDL/schedulingIDL/tai_20x20_6_mkspan1204.smt2
[DEBUG] Predicted solver: Yices2 for benchmark QF_IDL/schedulingIDL/tai_20x20_6_mkspan1204.smt2
[DEBUG] Benchmark QF_IDL/schedulingIDL/tai_20x20_6_mkspan1204.smt2: solved=True, runtime=3.03s, PAR-2=3.03s
[DEBUG] Processing 420/966: QF_IDL/20210312-Bouvier/vlsat3_i85.smt2
[DEBUG] Predicted solver: SMTInterpol for benchmark QF_IDL/20210312-Bouvier/vlsat3_i85.smt2
[DEBUG] Benchmark QF_IDL/20210312-Bouvier/vlsat3_i85.smt2: solved=True, runtime=6.28s, PAR-2=6.28s
[DEBUG] Processing 421/966: QF_IDL/asp/Fastfood/a3.3.2.asp.smt2
[DEBUG] Predicted solver: Yices2 for benchmark QF_IDL/asp/Fastfood/a3.3.2.asp.smt2
[DEBUG] Benchmark QF_IDL/asp/Fastfood/a3.3.2.asp.smt2: solved=True, runtime=9.34s, PAR-2=9.34s
[DEBUG] Processing 422/966: QF_IDL/parity/05.400.graph.smt2
[DEBUG] Predicted solver: Yices2 for benchmark QF_IDL/parity/05.400.graph.smt2
[DEBUG] Benchmark QF_IDL/parity/05.400.graph.smt2: solved=True, runtime=0.45s, PAR-2=0.45s
[DEBUG] Processing 423/966: QF_IDL/20210312-Bouvier/vlsat3_i96.smt2
[DEBUG] Predicted solver: SMTInterpol for benchmark QF_IDL/20210312-Bouvier/vlsat3_i96.smt2
[DEBUG] Benchmark QF_IDL/20210312-Bouvier/vlsat3_i96.smt2: solved=True, runtime=18.63s, PAR-2=18.63s
[DEBUG] Processing 424/966: QF_IDL/20220214-jobshop-BohanLi/jobshop20-2-10-10-2-4-12.smt2
[DEBUG] Predicted solver: Z3alpha for benchmark QF_IDL/20220214-jobshop-BohanLi/jobshop20-2-10-10-2-4-12.smt2
[DEBUG] Benchmark QF_IDL/20220214-jobshop-BohanLi/jobshop20-2-10-10-2-4-12.smt2: solved=True, runtime=18.09s, PAR-2=18.09s
[DEBUG] Processing 425/966: QF_IDL/asp/WeightBoundedDominatingSet/rand_150_600_1159731678_15.lp.smt2
[DEBUG] Predicted solver: Z3alpha for benchmark QF_IDL/asp/WeightBoundedDominatingSet/rand_150_600_1159731678_15.lp.smt2
[DEBUG] Benchmark QF_IDL/asp/WeightBoundedDominatingSet/rand_150_600_1159731678_15.lp.smt2: solved=True, runtime=306.22s, PAR-2=306.22s
[DEBUG] Processing 426/966: QF_IDL/Averest/sorting_network/SortingNetwork4_live_blmc002.smt2
[DEBUG] Predicted solver: Z3alpha for benchmark QF_IDL/Averest/sorting_network/SortingNetwork4_live_blmc002.smt2
[DEBUG] Benchmark QF_IDL/Averest/sorting_network/SortingNetwork4_live_blmc002.smt2: solved=True, runtime=0.27s, PAR-2=0.27s
[DEBUG] Processing 427/966: QF_IDL/schedulingIDL/tai_20x20_10_mkspan1246.smt2
[DEBUG] Predicted solver: Yices2 for benchmark QF_IDL/schedulingIDL/tai_20x20_10_mkspan1246.smt2
[DEBUG] Benchmark QF_IDL/schedulingIDL/tai_20x20_10_mkspan1246.smt2: solved=True, runtime=2.08s, PAR-2=2.08s
[DEBUG] Processing 428/966: QF_IDL/queens_bench/super_queen/super_queen22-1.smt2
[DEBUG] Predicted solver: Z3alpha for benchmark QF_IDL/queens_bench/super_queen/super_queen22-1.smt2
[DEBUG] Benchmark QF_IDL/queens_bench/super_queen/super_queen22-1.smt2: solved=True, runtime=0.28s, PAR-2=0.28s
[DEBUG] Processing 429/966: QF_IDL/Averest/insertion_sort/InsertionSort_live_blmc009.smt2
[DEBUG] Predicted solver: Yices2 for benchmark QF_IDL/Averest/insertion_sort/InsertionSort_live_blmc009.smt2
[DEBUG] Benchmark QF_IDL/Averest/insertion_sort/InsertionSort_live_blmc009.smt2: solved=True, runtime=0.35s, PAR-2=0.35s
[DEBUG] Processing 430/966: QF_IDL/queens_bench/super_queen/super_queen80-1.smt2
[DEBUG] Predicted solver: Yices2 for benchmark QF_IDL/queens_bench/super_queen/super_queen80-1.smt2
[DEBUG] Benchmark QF_IDL/queens_bench/super_queen/super_queen80-1.smt2: solved=True, runtime=0.53s, PAR-2=0.53s
[DEBUG] Processing 431/966: QF_IDL/Averest/insertion_sort/InsertionSort_live_bgmc005.smt2
[DEBUG] Predicted solver: Z3alpha for benchmark QF_IDL/Averest/insertion_sort/InsertionSort_live_bgmc005.smt2
[DEBUG] Benchmark QF_IDL/Averest/insertion_sort/InsertionSort_live_bgmc005.smt2: solved=True, runtime=0.33s, PAR-2=0.33s
[DEBUG] Processing 432/966: QF_IDL/mathsat/fischer/FISCHER9-10-ninc.smt2
[DEBUG] Predicted solver: Yices2 for benchmark QF_IDL/mathsat/fischer/FISCHER9-10-ninc.smt2
[DEBUG] Benchmark QF_IDL/mathsat/fischer/FISCHER9-10-ninc.smt2: solved=True, runtime=0.23s, PAR-2=0.23s
[DEBUG] Processing 433/966: QF_IDL/qlock/qlock-4-10-7.base.cvc.smt2
[DEBUG] Predicted solver: Z3alpha for benchmark QF_IDL/qlock/qlock-4-10-7.base.cvc.smt2
[DEBUG] Benchmark QF_IDL/qlock/qlock-4-10-7.base.cvc.smt2: solved=True, runtime=0.40s, PAR-2=0.40s
[DEBUG] Processing 434/966: QF_IDL/parity/17.800.graph.smt2
[DEBUG] Predicted solver: Yices2 for benchmark QF_IDL/parity/17.800.graph.smt2
[DEBUG] Benchmark QF_IDL/parity/17.800.graph.smt2: solved=True, runtime=1.79s, PAR-2=1.79s
[DEBUG] Processing 435/966: QF_IDL/schedulingIDL/tai_20x20_4_mkspan1289.smt2
[DEBUG] Predicted solver: Yices2 for benchmark QF_IDL/schedulingIDL/tai_20x20_4_mkspan1289.smt2
[DEBUG] Benchmark QF_IDL/schedulingIDL/tai_20x20_4_mkspan1289.smt2: solved=True, runtime=1.70s, PAR-2=1.70s
[DEBUG] Processing 436/966: QF_IDL/Averest/selection_sort/SelectionSort_live_blmc004.smt2
[DEBUG] Predicted solver: cvc5 for benchmark QF_IDL/Averest/selection_sort/SelectionSort_live_blmc004.smt2
[DEBUG] Benchmark QF_IDL/Averest/selection_sort/SelectionSort_live_blmc004.smt2: solved=True, runtime=0.47s, PAR-2=0.47s
[DEBUG] Processing 437/966: QF_IDL/queens_bench/n_queen/queen44-1.smt2
[DEBUG] Predicted solver: Z3alpha for benchmark QF_IDL/queens_bench/n_queen/queen44-1.smt2
[DEBUG] Benchmark QF_IDL/queens_bench/n_queen/queen44-1.smt2: solved=True, runtime=0.47s, PAR-2=0.47s
[DEBUG] Processing 438/966: QF_IDL/asp/TravellingSalesperson/rand_70_300_1155482584_5.lp.smt2
[DEBUG] Predicted solver: Z3alpha for benchmark QF_IDL/asp/TravellingSalesperson/rand_70_300_1155482584_5.lp.smt2
[DEBUG] Benchmark QF_IDL/asp/TravellingSalesperson/rand_70_300_1155482584_5.lp.smt2: solved=True, runtime=28.47s, PAR-2=28.47s
[DEBUG] Processing 439/966: QF_IDL/Averest/sorting_network/SortingNetwork8_live_blmc002.smt2
[DEBUG] Predicted solver: Z3alpha for benchmark QF_IDL/Averest/sorting_network/SortingNetwork8_live_blmc002.smt2
[DEBUG] Benchmark QF_IDL/Averest/sorting_network/SortingNetwork8_live_blmc002.smt2: solved=True, runtime=0.31s, PAR-2=0.31s
[DEBUG] Processing 440/966: QF_IDL/20210312-Bouvier/vlsat3_c12.smt2
[DEBUG] Predicted solver: OpenSMT for benchmark QF_IDL/20210312-Bouvier/vlsat3_c12.smt2
[DEBUG] Benchmark QF_IDL/20210312-Bouvier/vlsat3_c12.smt2: solved=False, runtime=1200.00s, PAR-2=2400.00s
[DEBUG] Processing 441/966: QF_IDL/asp/Sokoban/duthen-990602.73.steps.9.asp.smt2
[DEBUG] Predicted solver: Yices2 for benchmark QF_IDL/asp/Sokoban/duthen-990602.73.steps.9.asp.smt2
[DEBUG] Benchmark QF_IDL/asp/Sokoban/duthen-990602.73.steps.9.asp.smt2: solved=True, runtime=0.47s, PAR-2=0.47s
[DEBUG] Processing 442/966: QF_IDL/queens_bench/n_queen/queen28-1.smt2
[DEBUG] Predicted solver: Z3alpha for benchmark QF_IDL/queens_bench/n_queen/queen28-1.smt2
[DEBUG] Benchmark QF_IDL/queens_bench/n_queen/queen28-1.smt2: solved=True, runtime=0.38s, PAR-2=0.38s
[DEBUG] Processing 443/966: QF_IDL/asp/GraphColouring/graph-colouring-nodes=130-density=0.1-instance=5.smt2
[DEBUG] Predicted solver: Z3alpha for benchmark QF_IDL/asp/GraphColouring/graph-colouring-nodes=130-density=0.1-instance=5.smt2
[DEBUG] Benchmark QF_IDL/asp/GraphColouring/graph-colouring-nodes=130-density=0.1-instance=5.smt2: solved=False, runtime=1200.00s, PAR-2=2400.00s
[DEBUG] Processing 444/966: QF_IDL/asp/GeneralizedSlitherlink/altair1.42.asp.smt2
[DEBUG] Predicted solver: Z3alpha for benchmark QF_IDL/asp/GeneralizedSlitherlink/altair1.42.asp.smt2
[DEBUG] Benchmark QF_IDL/asp/GeneralizedSlitherlink/altair1.42.asp.smt2: solved=True, runtime=8.37s, PAR-2=8.37s
[DEBUG] Processing 445/966: QF_IDL/asp/HamiltonianPath/gryzzles.41.lp.smt2
[DEBUG] Predicted solver: Yices2 for benchmark QF_IDL/asp/HamiltonianPath/gryzzles.41.lp.smt2
[DEBUG] Benchmark QF_IDL/asp/HamiltonianPath/gryzzles.41.lp.smt2: solved=True, runtime=0.61s, PAR-2=0.61s
[DEBUG] Processing 446/966: QF_IDL/20210312-Bouvier/vlsat3_c84.smt2
[DEBUG] Predicted solver: SMTInterpol for benchmark QF_IDL/20210312-Bouvier/vlsat3_c84.smt2
[DEBUG] Benchmark QF_IDL/20210312-Bouvier/vlsat3_c84.smt2: solved=False, runtime=1200.00s, PAR-2=2400.00s
[DEBUG] Processing 447/966: QF_IDL/queens_bench/toroidal_bench/toroidal_queen56-1.smt2
[DEBUG] Predicted solver: Yices2 for benchmark QF_IDL/queens_bench/toroidal_bench/toroidal_queen56-1.smt2
[DEBUG] Benchmark QF_IDL/queens_bench/toroidal_bench/toroidal_queen56-1.smt2: solved=False, runtime=1200.00s, PAR-2=2400.00s
[DEBUG] Processing 448/966: QF_IDL/20210312-Bouvier/vlsat3_c28.smt2
[DEBUG] Predicted solver: SMTInterpol for benchmark QF_IDL/20210312-Bouvier/vlsat3_c28.smt2
[DEBUG] Benchmark QF_IDL/20210312-Bouvier/vlsat3_c28.smt2: solved=False, runtime=1200.00s, PAR-2=2400.00s
[DEBUG] Processing 449/966: QF_IDL/cellar/scen08.smt2
[DEBUG] Predicted solver: Z3alpha for benchmark QF_IDL/cellar/scen08.smt2
[DEBUG] Benchmark QF_IDL/cellar/scen08.smt2: solved=True, runtime=1.75s, PAR-2=1.75s
[DEBUG] Processing 450/966: QF_IDL/schedulingIDL/tai_20x20_1_mkspan1160.smt2
[DEBUG] Predicted solver: Yices2 for benchmark QF_IDL/schedulingIDL/tai_20x20_1_mkspan1160.smt2
[DEBUG] Benchmark QF_IDL/schedulingIDL/tai_20x20_1_mkspan1160.smt2: solved=True, runtime=3.43s, PAR-2=3.43s
[DEBUG] Processing 451/966: QF_IDL/asp/ConnectedDominatingSet/rand_80_500_1235848939_0_k=6_unsat.gph.smt2
[DEBUG] Predicted solver: Yices2 for benchmark QF_IDL/asp/ConnectedDominatingSet/rand_80_500_1235848939_0_k=6_unsat.gph.smt2
[DEBUG] Benchmark QF_IDL/asp/ConnectedDominatingSet/rand_80_500_1235848939_0_k=6_unsat.gph.smt2: solved=True, runtime=116.49s, PAR-2=116.49s
[DEBUG] Processing 452/966: QF_IDL/20220214-jobshop-BohanLi/jobshop38-4-19-19-2-4-24.smt2
[DEBUG] Predicted solver: Yices2 for benchmark QF_IDL/20220214-jobshop-BohanLi/jobshop38-4-19-19-2-4-24.smt2
[DEBUG] Benchmark QF_IDL/20220214-jobshop-BohanLi/jobshop38-4-19-19-2-4-24.smt2: solved=False, runtime=1200.00s, PAR-2=2400.00s
[DEBUG] Processing 453/966: QF_IDL/schedulingIDL/tai_20x20_10_mkspan1242.smt2
[DEBUG] Predicted solver: Yices2 for benchmark QF_IDL/schedulingIDL/tai_20x20_10_mkspan1242.smt2
[DEBUG] Benchmark QF_IDL/schedulingIDL/tai_20x20_10_mkspan1242.smt2: solved=True, runtime=1.58s, PAR-2=1.58s
[DEBUG] Processing 454/966: QF_IDL/qlock/qlock-4-10-6.base.cvc.smt2
[DEBUG] Predicted solver: Z3alpha for benchmark QF_IDL/qlock/qlock-4-10-6.base.cvc.smt2
[DEBUG] Benchmark QF_IDL/qlock/qlock-4-10-6.base.cvc.smt2: solved=True, runtime=0.33s, PAR-2=0.33s
[DEBUG] Processing 455/966: QF_IDL/asp/Hanoi/mgs_towers-hanoi.32_7.smt2
[DEBUG] Predicted solver: Yices2 for benchmark QF_IDL/asp/Hanoi/mgs_towers-hanoi.32_7.smt2
[DEBUG] Benchmark QF_IDL/asp/Hanoi/mgs_towers-hanoi.32_7.smt2: solved=True, runtime=1.29s, PAR-2=1.29s
[DEBUG] Processing 456/966: QF_IDL/queens_bench/toroidal_bench/toroidal_queen63-1.smt2
[DEBUG] Predicted solver: Yices2 for benchmark QF_IDL/queens_bench/toroidal_bench/toroidal_queen63-1.smt2
[DEBUG] Benchmark QF_IDL/queens_bench/toroidal_bench/toroidal_queen63-1.smt2: solved=False, runtime=1200.00s, PAR-2=2400.00s
[DEBUG] Processing 457/966: QF_IDL/20210312-Bouvier/vlsat3_i97.smt2
[DEBUG] Predicted solver: SMTInterpol for benchmark QF_IDL/20210312-Bouvier/vlsat3_i97.smt2
[DEBUG] Benchmark QF_IDL/20210312-Bouvier/vlsat3_i97.smt2: solved=True, runtime=26.08s, PAR-2=26.08s
[DEBUG] Processing 458/966: QF_IDL/queens_bench/super_queen/super_queen11-1.smt2
[DEBUG] Predicted solver: Yices2 for benchmark QF_IDL/queens_bench/super_queen/super_queen11-1.smt2
[DEBUG] Benchmark QF_IDL/queens_bench/super_queen/super_queen11-1.smt2: solved=True, runtime=0.21s, PAR-2=0.21s
[DEBUG] Processing 459/966: QF_IDL/Averest/min_max/MinMax_safe_bgmc003.smt2
[DEBUG] Predicted solver: Yices2 for benchmark QF_IDL/Averest/min_max/MinMax_safe_bgmc003.smt2
[DEBUG] Benchmark QF_IDL/Averest/min_max/MinMax_safe_bgmc003.smt2: solved=True, runtime=0.25s, PAR-2=0.25s
[DEBUG] Processing 460/966: QF_IDL/DTP/DTP_k2_n35_c175_s3.smt2
[DEBUG] Predicted solver: Yices2 for benchmark QF_IDL/DTP/DTP_k2_n35_c175_s3.smt2
[DEBUG] Benchmark QF_IDL/DTP/DTP_k2_n35_c175_s3.smt2: solved=True, runtime=0.27s, PAR-2=0.27s
[DEBUG] Processing 461/966: QF_IDL/schedulingIDL/tai_15x15_8_mkspan908.smt2
[DEBUG] Predicted solver: Yices2 for benchmark QF_IDL/schedulingIDL/tai_15x15_8_mkspan908.smt2
[DEBUG] Benchmark QF_IDL/schedulingIDL/tai_15x15_8_mkspan908.smt2: solved=True, runtime=0.54s, PAR-2=0.54s
[DEBUG] Processing 462/966: QF_IDL/schedulingIDL/tai_15x15_10_mkspan906.smt2
[DEBUG] Predicted solver: Yices2 for benchmark QF_IDL/schedulingIDL/tai_15x15_10_mkspan906.smt2
[DEBUG] Benchmark QF_IDL/schedulingIDL/tai_15x15_10_mkspan906.smt2: solved=True, runtime=0.76s, PAR-2=0.76s
[DEBUG] Processing 463/966: QF_IDL/schedulingIDL/j8_per20_2_mkspan1009.smt2
[DEBUG] Predicted solver: Yices2 for benchmark QF_IDL/schedulingIDL/j8_per20_2_mkspan1009.smt2
[DEBUG] Benchmark QF_IDL/schedulingIDL/j8_per20_2_mkspan1009.smt2: solved=True, runtime=0.23s, PAR-2=0.23s
[DEBUG] Processing 464/966: QF_IDL/parity/21.800.graph.smt2
[DEBUG] Predicted solver: Yices2 for benchmark QF_IDL/parity/21.800.graph.smt2
[DEBUG] Benchmark QF_IDL/parity/21.800.graph.smt2: solved=True, runtime=1.75s, PAR-2=1.75s
[DEBUG] Processing 465/966: QF_IDL/diamonds/diamonds.15.5.i.a.u.smt2
[DEBUG] Predicted solver: OpenSMT for benchmark QF_IDL/diamonds/diamonds.15.5.i.a.u.smt2
[DEBUG] Benchmark QF_IDL/diamonds/diamonds.15.5.i.a.u.smt2: solved=True, runtime=0.65s, PAR-2=0.65s
[DEBUG] Processing 466/966: QF_IDL/queens_bench/toroidal_bench/toroidal_queen11-1.smt2
[DEBUG] Predicted solver: Yices2 for benchmark QF_IDL/queens_bench/toroidal_bench/toroidal_queen11-1.smt2
[DEBUG] Benchmark QF_IDL/queens_bench/toroidal_bench/toroidal_queen11-1.smt2: solved=True, runtime=0.21s, PAR-2=0.21s
[DEBUG] Processing 467/966: QF_IDL/schedulingIDL/tai_15x15_2_mkspan919.smt2
[DEBUG] Predicted solver: Yices2 for benchmark QF_IDL/schedulingIDL/tai_15x15_2_mkspan919.smt2
[DEBUG] Benchmark QF_IDL/schedulingIDL/tai_15x15_2_mkspan919.smt2: solved=True, runtime=0.89s, PAR-2=0.89s
[DEBUG] Processing 468/966: QF_IDL/qlock/qlock-4-10-22.base.cvc.smt2
[DEBUG] Predicted solver: Yices2 for benchmark QF_IDL/qlock/qlock-4-10-22.base.cvc.smt2
[DEBUG] Benchmark QF_IDL/qlock/qlock-4-10-22.base.cvc.smt2: solved=True, runtime=178.21s, PAR-2=178.21s
[DEBUG] Processing 469/966: QF_IDL/mathsat/fischer/FISCHER4-5-ninc.smt2
[DEBUG] Predicted solver: Yices2 for benchmark QF_IDL/mathsat/fischer/FISCHER4-5-ninc.smt2
[DEBUG] Benchmark QF_IDL/mathsat/fischer/FISCHER4-5-ninc.smt2: solved=True, runtime=0.24s, PAR-2=0.24s
[DEBUG] Processing 470/966: QF_IDL/parity/12.800.graph.smt2
[DEBUG] Predicted solver: Yices2 for benchmark QF_IDL/parity/12.800.graph.smt2
[DEBUG] Benchmark QF_IDL/parity/12.800.graph.smt2: solved=True, runtime=1.67s, PAR-2=1.67s
[DEBUG] Processing 471/966: QF_IDL/asp/BlockedNQueens/156.48.1960.36.1721259656.dat.smt2
[DEBUG] Predicted solver: Yices2 for benchmark QF_IDL/asp/BlockedNQueens/156.48.1960.36.1721259656.dat.smt2
[DEBUG] Benchmark QF_IDL/asp/BlockedNQueens/156.48.1960.36.1721259656.dat.smt2: solved=True, runtime=4.47s, PAR-2=4.47s
[DEBUG] Processing 472/966: QF_IDL/diamonds/diamonds.18.5.i.a.u.smt2
[DEBUG] Predicted solver: OpenSMT for benchmark QF_IDL/diamonds/diamonds.18.5.i.a.u.smt2
[DEBUG] Benchmark QF_IDL/diamonds/diamonds.18.5.i.a.u.smt2: solved=True, runtime=4.34s, PAR-2=4.34s
[DEBUG] Processing 473/966: QF_IDL/parity/11.600.graph.smt2
[DEBUG] Predicted solver: Yices2 for benchmark QF_IDL/parity/11.600.graph.smt2
[DEBUG] Benchmark QF_IDL/parity/11.600.graph.smt2: solved=True, runtime=0.96s, PAR-2=0.96s
[DEBUG] Processing 474/966: QF_IDL/schedulingIDL/j6_per0_0_mkspan1068.smt2
[DEBUG] Predicted solver: Z3alpha for benchmark QF_IDL/schedulingIDL/j6_per0_0_mkspan1068.smt2
[DEBUG] Benchmark QF_IDL/schedulingIDL/j6_per0_0_mkspan1068.smt2: solved=True, runtime=0.77s, PAR-2=0.77s
[DEBUG] Processing 475/966: QF_IDL/sal/bakery/inf-bakery-mutex-13.smt2
[DEBUG] Predicted solver: Z3alpha for benchmark QF_IDL/sal/bakery/inf-bakery-mutex-13.smt2
[DEBUG] Benchmark QF_IDL/sal/bakery/inf-bakery-mutex-13.smt2: solved=True, runtime=0.30s, PAR-2=0.30s
[DEBUG] Processing 476/966: QF_IDL/schedulingIDL/tai_15x15_5_mkspan946.smt2
[DEBUG] Predicted solver: Yices2 for benchmark QF_IDL/schedulingIDL/tai_15x15_5_mkspan946.smt2
[DEBUG] Benchmark QF_IDL/schedulingIDL/tai_15x15_5_mkspan946.smt2: solved=True, runtime=0.87s, PAR-2=0.87s
[DEBUG] Processing 477/966: QF_IDL/queens_bench/n_queen/queen78-1.smt2
[DEBUG] Predicted solver: Yices2 for benchmark QF_IDL/queens_bench/n_queen/queen78-1.smt2
[DEBUG] Benchmark QF_IDL/queens_bench/n_queen/queen78-1.smt2: solved=True, runtime=0.50s, PAR-2=0.50s
[DEBUG] Processing 478/966: QF_IDL/asp/BlockedNQueens/156.48.1960.36.1721277539.dat.smt2
[DEBUG] Predicted solver: Yices2 for benchmark QF_IDL/asp/BlockedNQueens/156.48.1960.36.1721277539.dat.smt2
[DEBUG] Benchmark QF_IDL/asp/BlockedNQueens/156.48.1960.36.1721277539.dat.smt2: solved=True, runtime=29.16s, PAR-2=29.16s
[DEBUG] Processing 479/966: QF_IDL/parity/19.500.graph.smt2
[DEBUG] Predicted solver: Yices2 for benchmark QF_IDL/parity/19.500.graph.smt2
[DEBUG] Benchmark QF_IDL/parity/19.500.graph.smt2: solved=True, runtime=0.72s, PAR-2=0.72s
[DEBUG] Processing 480/966: QF_IDL/20220214-jobshop-BohanLi/jobshop4-2-2-2-2-4-12.smt2
[DEBUG] Predicted solver: Yices2 for benchmark QF_IDL/20220214-jobshop-BohanLi/jobshop4-2-2-2-2-4-12.smt2
[DEBUG] Benchmark QF_IDL/20220214-jobshop-BohanLi/jobshop4-2-2-2-2-4-12.smt2: solved=True, runtime=0.21s, PAR-2=0.21s
[DEBUG] Processing 481/966: QF_IDL/asp/Sokoban/duthen-990602.77.steps.9.asp.smt2
[DEBUG] Predicted solver: Yices2 for benchmark QF_IDL/asp/Sokoban/duthen-990602.77.steps.9.asp.smt2
[DEBUG] Benchmark QF_IDL/asp/Sokoban/duthen-990602.77.steps.9.asp.smt2: solved=True, runtime=0.31s, PAR-2=0.31s
[DEBUG] Processing 482/966: QF_IDL/mathsat/fischer/FISCHER13-13-ninc.smt2
[DEBUG] Predicted solver: Yices2 for benchmark QF_IDL/mathsat/fischer/FISCHER13-13-ninc.smt2
[DEBUG] Benchmark QF_IDL/mathsat/fischer/FISCHER13-13-ninc.smt2: solved=False, runtime=1200.00s, PAR-2=2400.00s
[DEBUG] Processing 483/966: QF_IDL/parity/18.800.graph.smt2
[DEBUG] Predicted solver: Yices2 for benchmark QF_IDL/parity/18.800.graph.smt2
[DEBUG] Benchmark QF_IDL/parity/18.800.graph.smt2: solved=True, runtime=1.28s, PAR-2=1.28s
[DEBUG] Processing 484/966: QF_IDL/qlock/qlock-4-10-9.induction.cvc.smt2
[DEBUG] Predicted solver: Z3alpha for benchmark QF_IDL/qlock/qlock-4-10-9.induction.cvc.smt2
[DEBUG] Benchmark QF_IDL/qlock/qlock-4-10-9.induction.cvc.smt2: solved=True, runtime=0.34s, PAR-2=0.34s
[DEBUG] Processing 485/966: QF_IDL/20210312-Bouvier/vlsat3_i50.smt2
[DEBUG] Predicted solver: SMTInterpol for benchmark QF_IDL/20210312-Bouvier/vlsat3_i50.smt2
[DEBUG] Benchmark QF_IDL/20210312-Bouvier/vlsat3_i50.smt2: solved=True, runtime=267.65s, PAR-2=267.65s
[DEBUG] Processing 486/966: QF_IDL/asp/HamiltonianPath/gryzzles.33.lp.smt2
[DEBUG] Predicted solver: Z3alpha for benchmark QF_IDL/asp/HamiltonianPath/gryzzles.33.lp.smt2
[DEBUG] Benchmark QF_IDL/asp/HamiltonianPath/gryzzles.33.lp.smt2: solved=True, runtime=0.64s, PAR-2=0.64s
[DEBUG] Processing 487/966: QF_IDL/Averest/partition/Partition_safe_blmc004.smt2
[DEBUG] Predicted solver: Yices2 for benchmark QF_IDL/Averest/partition/Partition_safe_blmc004.smt2
[DEBUG] Benchmark QF_IDL/Averest/partition/Partition_safe_blmc004.smt2: solved=True, runtime=0.22s, PAR-2=0.22s
[DEBUG] Processing 488/966: QF_IDL/asp/BlockedNQueens/156.48.1960.36.1721347806.dat.smt2
[DEBUG] Predicted solver: Yices2 for benchmark QF_IDL/asp/BlockedNQueens/156.48.1960.36.1721347806.dat.smt2
[DEBUG] Benchmark QF_IDL/asp/BlockedNQueens/156.48.1960.36.1721347806.dat.smt2: solved=True, runtime=22.45s, PAR-2=22.45s
[DEBUG] Processing 489/966: QF_IDL/schedulingIDL/tai_15x15_1_mkspan962.smt2
[DEBUG] Predicted solver: Yices2 for benchmark QF_IDL/schedulingIDL/tai_15x15_1_mkspan962.smt2
[DEBUG] Benchmark QF_IDL/schedulingIDL/tai_15x15_1_mkspan962.smt2: solved=True, runtime=0.51s, PAR-2=0.51s
[DEBUG] Processing 490/966: QF_IDL/diamonds/diamonds.12.3.i.a.u.smt2
[DEBUG] Predicted solver: Yices2 for benchmark QF_IDL/diamonds/diamonds.12.3.i.a.u.smt2
[DEBUG] Benchmark QF_IDL/diamonds/diamonds.12.3.i.a.u.smt2: solved=True, runtime=0.27s, PAR-2=0.27s
[DEBUG] Processing 491/966: QF_IDL/queens_bench/super_queen/super_queen40-1.smt2
[DEBUG] Predicted solver: Yices2 for benchmark QF_IDL/queens_bench/super_queen/super_queen40-1.smt2
[DEBUG] Benchmark QF_IDL/queens_bench/super_queen/super_queen40-1.smt2: solved=True, runtime=0.30s, PAR-2=0.30s
[DEBUG] Processing 492/966: QF_IDL/asp/MazeGeneration/maze-generation-width=15-height=15-density=0.01-run=1.smt2
[DEBUG] Predicted solver: Z3alpha for benchmark QF_IDL/asp/MazeGeneration/maze-generation-width=15-height=15-density=0.01-run=1.smt2
[DEBUG] Benchmark QF_IDL/asp/MazeGeneration/maze-generation-width=15-height=15-density=0.01-run=1.smt2: solved=True, runtime=0.38s, PAR-2=0.38s
[DEBUG] Processing 493/966: QF_IDL/asp/GeneralizedSlitherlink/trisquares.59.asp.smt2
[DEBUG] Predicted solver: Yices2 for benchmark QF_IDL/asp/GeneralizedSlitherlink/trisquares.59.asp.smt2
[DEBUG] Benchmark QF_IDL/asp/GeneralizedSlitherlink/trisquares.59.asp.smt2: solved=True, runtime=0.67s, PAR-2=0.67s
[DEBUG] Processing 494/966: QF_IDL/queens_bench/toroidal_bench/toroidal_queen74-1.smt2
[DEBUG] Predicted solver: Yices2 for benchmark QF_IDL/queens_bench/toroidal_bench/toroidal_queen74-1.smt2
[DEBUG] Benchmark QF_IDL/queens_bench/toroidal_bench/toroidal_queen74-1.smt2: solved=False, runtime=1200.00s, PAR-2=2400.00s
[DEBUG] Processing 495/966: QF_IDL/mathsat/fischer/FISCHER12-10-ninc.smt2
[DEBUG] Predicted solver: Yices2 for benchmark QF_IDL/mathsat/fischer/FISCHER12-10-ninc.smt2
[DEBUG] Benchmark QF_IDL/mathsat/fischer/FISCHER12-10-ninc.smt2: solved=True, runtime=12.84s, PAR-2=12.84s
[DEBUG] Processing 496/966: QF_IDL/parity/14.400.graph.smt2
[DEBUG] Predicted solver: Yices2 for benchmark QF_IDL/parity/14.400.graph.smt2
[DEBUG] Benchmark QF_IDL/parity/14.400.graph.smt2: solved=True, runtime=0.51s, PAR-2=0.51s
[DEBUG] Processing 497/966: QF_IDL/asp/WireRouting/wire.10.x.10.b.5.a.25_sat.data.smt2
[DEBUG] Predicted solver: Yices2 for benchmark QF_IDL/asp/WireRouting/wire.10.x.10.b.5.a.25_sat.data.smt2
[DEBUG] Benchmark QF_IDL/asp/WireRouting/wire.10.x.10.b.5.a.25_sat.data.smt2: solved=True, runtime=5.46s, PAR-2=5.46s
[DEBUG] Processing 498/966: QF_IDL/parity/19.100.graph.smt2
[DEBUG] Predicted solver: Yices2 for benchmark QF_IDL/parity/19.100.graph.smt2
[DEBUG] Benchmark QF_IDL/parity/19.100.graph.smt2: solved=True, runtime=0.26s, PAR-2=0.26s
[DEBUG] Processing 499/966: QF_IDL/20210312-Bouvier/vlsat3_i27.smt2
[DEBUG] Predicted solver: SMTInterpol for benchmark QF_IDL/20210312-Bouvier/vlsat3_i27.smt2
[DEBUG] Benchmark QF_IDL/20210312-Bouvier/vlsat3_i27.smt2: solved=False, runtime=1200.00s, PAR-2=2400.00s
[DEBUG] Processing 500/966: QF_IDL/queens_bench/n_queen/queen73-1.smt2
[DEBUG] Predicted solver: Yices2 for benchmark QF_IDL/queens_bench/n_queen/queen73-1.smt2
[DEBUG] Benchmark QF_IDL/queens_bench/n_queen/queen73-1.smt2: solved=True, runtime=0.34s, PAR-2=0.34s
[DEBUG] Processing 501/966: QF_IDL/schedulingIDL/j7_per20_2_mkspan1003.smt2
[DEBUG] Predicted solver: Yices2 for benchmark QF_IDL/schedulingIDL/j7_per20_2_mkspan1003.smt2
[DEBUG] Benchmark QF_IDL/schedulingIDL/j7_per20_2_mkspan1003.smt2: solved=True, runtime=0.25s, PAR-2=0.25s
[DEBUG] Processing 502/966: QF_IDL/20210312-Bouvier/vlsat3_c99.smt2
[DEBUG] Predicted solver: SMTInterpol for benchmark QF_IDL/20210312-Bouvier/vlsat3_c99.smt2
[DEBUG] Benchmark QF_IDL/20210312-Bouvier/vlsat3_c99.smt2: solved=False, runtime=1200.00s, PAR-2=2400.00s
[DEBUG] Processing 503/966: QF_IDL/Averest/sorting_network/SortingNetwork8_safe_blmc002.smt2
[DEBUG] Predicted solver: Z3alpha for benchmark QF_IDL/Averest/sorting_network/SortingNetwork8_safe_blmc002.smt2
[DEBUG] Benchmark QF_IDL/Averest/sorting_network/SortingNetwork8_safe_blmc002.smt2: solved=True, runtime=0.46s, PAR-2=0.46s
[DEBUG] Processing 504/966: QF_IDL/parity/04.700.graph.smt2
[DEBUG] Predicted solver: Yices2 for benchmark QF_IDL/parity/04.700.graph.smt2
[DEBUG] Benchmark QF_IDL/parity/04.700.graph.smt2: solved=True, runtime=1.33s, PAR-2=1.33s
[DEBUG] Processing 505/966: QF_IDL/job_shop/jobshop54-2-27-27-4-4-11.smt2
[DEBUG] Predicted solver: Z3alpha for benchmark QF_IDL/job_shop/jobshop54-2-27-27-4-4-11.smt2
[DEBUG] Benchmark QF_IDL/job_shop/jobshop54-2-27-27-4-4-11.smt2: solved=False, runtime=1200.00s, PAR-2=2400.00s
[DEBUG] Processing 506/966: QF_IDL/queens_bench/n_queen/queen24-1.smt2
[DEBUG] Predicted solver: Z3alpha for benchmark QF_IDL/queens_bench/n_queen/queen24-1.smt2
[DEBUG] Benchmark QF_IDL/queens_bench/n_queen/queen24-1.smt2: solved=True, runtime=0.27s, PAR-2=0.27s
[DEBUG] Processing 507/966: QF_IDL/asp/GraphPartitioning/rand_21_150_1235870252_0_k=6_v=5_e=25_sat.gph.smt2
[DEBUG] Predicted solver: Yices2 for benchmark QF_IDL/asp/GraphPartitioning/rand_21_150_1235870252_0_k=6_v=5_e=25_sat.gph.smt2
[DEBUG] Benchmark QF_IDL/asp/GraphPartitioning/rand_21_150_1235870252_0_k=6_v=5_e=25_sat.gph.smt2: solved=True, runtime=0.52s, PAR-2=0.52s
[DEBUG] Processing 508/966: QF_IDL/mathsat/fischer/FISCHER12-5-ninc.smt2
[DEBUG] Predicted solver: Yices2 for benchmark QF_IDL/mathsat/fischer/FISCHER12-5-ninc.smt2
[DEBUG] Benchmark QF_IDL/mathsat/fischer/FISCHER12-5-ninc.smt2: solved=True, runtime=0.23s, PAR-2=0.23s
[DEBUG] Processing 509/966: QF_IDL/asp/GraphColouring/graph-colouring-nodes=130-density=0.1-instance=10.smt2
[DEBUG] Predicted solver: Z3alpha for benchmark QF_IDL/asp/GraphColouring/graph-colouring-nodes=130-density=0.1-instance=10.smt2
[DEBUG] Benchmark QF_IDL/asp/GraphColouring/graph-colouring-nodes=130-density=0.1-instance=10.smt2: solved=True, runtime=471.25s, PAR-2=471.25s
[DEBUG] Processing 510/966: QF_IDL/queens_bench/toroidal_bench/toroidal_queen90-1.smt2
[DEBUG] Predicted solver: Yices2 for benchmark QF_IDL/queens_bench/toroidal_bench/toroidal_queen90-1.smt2
[DEBUG] Benchmark QF_IDL/queens_bench/toroidal_bench/toroidal_queen90-1.smt2: solved=False, runtime=1200.00s, PAR-2=2400.00s
[DEBUG] Processing 511/966: QF_IDL/job_shop/jobshop16-2-8-8-4-4-11.smt2
[DEBUG] Predicted solver: OpenSMT for benchmark QF_IDL/job_shop/jobshop16-2-8-8-4-4-11.smt2
[DEBUG] Benchmark QF_IDL/job_shop/jobshop16-2-8-8-4-4-11.smt2: solved=True, runtime=44.00s, PAR-2=44.00s
[DEBUG] Processing 512/966: QF_IDL/20220214-jobshop-BohanLi/jobshop12-2-6-6-2-4-12.smt2
[DEBUG] Predicted solver: Yices2 for benchmark QF_IDL/20220214-jobshop-BohanLi/jobshop12-2-6-6-2-4-12.smt2
[DEBUG] Benchmark QF_IDL/20220214-jobshop-BohanLi/jobshop12-2-6-6-2-4-12.smt2: solved=True, runtime=0.27s, PAR-2=0.27s
[DEBUG] Processing 513/966: QF_IDL/asp/SchurNumbers/15.8.schur.lp.smt2
[DEBUG] Predicted solver: Z3alpha for benchmark QF_IDL/asp/SchurNumbers/15.8.schur.lp.smt2
[DEBUG] Benchmark QF_IDL/asp/SchurNumbers/15.8.schur.lp.smt2: solved=True, runtime=44.46s, PAR-2=44.46s
[DEBUG] Processing 514/966: QF_IDL/queens_bench/toroidal_bench/toroidal_queen88-1.smt2
[DEBUG] Predicted solver: Yices2 for benchmark QF_IDL/queens_bench/toroidal_bench/toroidal_queen88-1.smt2
[DEBUG] Benchmark QF_IDL/queens_bench/toroidal_bench/toroidal_queen88-1.smt2: solved=False, runtime=1200.00s, PAR-2=2400.00s
[DEBUG] Processing 515/966: QF_IDL/asp/WireRouting/wire.13.x.13.b.7.a.15_sat.data.smt2
[DEBUG] Predicted solver: Z3alpha for benchmark QF_IDL/asp/WireRouting/wire.13.x.13.b.7.a.15_sat.data.smt2
[DEBUG] Benchmark QF_IDL/asp/WireRouting/wire.13.x.13.b.7.a.15_sat.data.smt2: solved=True, runtime=875.74s, PAR-2=875.74s
[DEBUG] Processing 516/966: QF_IDL/asp/SchurNumbers/15.6.schur.lp.smt2
[DEBUG] Predicted solver: Z3alpha for benchmark QF_IDL/asp/SchurNumbers/15.6.schur.lp.smt2
[DEBUG] Benchmark QF_IDL/asp/SchurNumbers/15.6.schur.lp.smt2: solved=True, runtime=38.75s, PAR-2=38.75s
[DEBUG] Processing 517/966: QF_IDL/schedulingIDL/j7_per10_2_mkspan1055.smt2
[DEBUG] Predicted solver: Yices2 for benchmark QF_IDL/schedulingIDL/j7_per10_2_mkspan1055.smt2
[DEBUG] Benchmark QF_IDL/schedulingIDL/j7_per10_2_mkspan1055.smt2: solved=True, runtime=0.24s, PAR-2=0.24s
[DEBUG] Processing 518/966: QF_IDL/parity/16.100.graph.smt2
[DEBUG] Predicted solver: Yices2 for benchmark QF_IDL/parity/16.100.graph.smt2
[DEBUG] Benchmark QF_IDL/parity/16.100.graph.smt2: solved=True, runtime=0.23s, PAR-2=0.23s
[DEBUG] Processing 519/966: QF_IDL/queens_bench/super_queen/super_queen14-1.smt2
[DEBUG] Predicted solver: OpenSMT for benchmark QF_IDL/queens_bench/super_queen/super_queen14-1.smt2
[DEBUG] Benchmark QF_IDL/queens_bench/super_queen/super_queen14-1.smt2: solved=True, runtime=0.39s, PAR-2=0.39s
[DEBUG] Processing 520/966: QF_IDL/parity/31.300.graph.smt2
[DEBUG] Predicted solver: Yices2 for benchmark QF_IDL/parity/31.300.graph.smt2
[DEBUG] Benchmark QF_IDL/parity/31.300.graph.smt2: solved=True, runtime=0.35s, PAR-2=0.35s
[DEBUG] Processing 521/966: QF_IDL/queens_bench/super_queen/super_queen72-1.smt2
[DEBUG] Predicted solver: Yices2 for benchmark QF_IDL/queens_bench/super_queen/super_queen72-1.smt2
[DEBUG] Benchmark QF_IDL/queens_bench/super_queen/super_queen72-1.smt2: solved=True, runtime=0.45s, PAR-2=0.45s
[DEBUG] Processing 522/966: QF_IDL/schedulingIDL/tai_15x15_7_mkspan891.smt2
[DEBUG] Predicted solver: Yices2 for benchmark QF_IDL/schedulingIDL/tai_15x15_7_mkspan891.smt2
[DEBUG] Benchmark QF_IDL/schedulingIDL/tai_15x15_7_mkspan891.smt2: solved=True, runtime=0.53s, PAR-2=0.53s
[DEBUG] Processing 523/966: QF_IDL/queens_bench/toroidal_bench/toroidal_queen59-1.smt2
[DEBUG] Predicted solver: Yices2 for benchmark QF_IDL/queens_bench/toroidal_bench/toroidal_queen59-1.smt2
[DEBUG] Benchmark QF_IDL/queens_bench/toroidal_bench/toroidal_queen59-1.smt2: solved=False, runtime=1200.00s, PAR-2=2400.00s
[DEBUG] Processing 524/966: QF_IDL/queens_bench/n_queen/queen17-1.smt2
[DEBUG] Predicted solver: Z3alpha for benchmark QF_IDL/queens_bench/n_queen/queen17-1.smt2
[DEBUG] Benchmark QF_IDL/queens_bench/n_queen/queen17-1.smt2: solved=True, runtime=0.30s, PAR-2=0.30s
[DEBUG] Processing 525/966: QF_IDL/planning/plan-29.cvc.smt2
[DEBUG] Predicted solver: Z3alpha for benchmark QF_IDL/planning/plan-29.cvc.smt2
[DEBUG] Benchmark QF_IDL/planning/plan-29.cvc.smt2: solved=True, runtime=0.49s, PAR-2=0.49s
[DEBUG] Processing 526/966: QF_IDL/queens_bench/toroidal_bench/toroidal_queen95-1.smt2
[DEBUG] Predicted solver: Yices2 for benchmark QF_IDL/queens_bench/toroidal_bench/toroidal_queen95-1.smt2
[DEBUG] Benchmark QF_IDL/queens_bench/toroidal_bench/toroidal_queen95-1.smt2: solved=False, runtime=1200.00s, PAR-2=2400.00s
[DEBUG] Processing 527/966: QF_IDL/schedulingIDL/j7_per10_2_mkspan1006.smt2
[DEBUG] Predicted solver: Yices2 for benchmark QF_IDL/schedulingIDL/j7_per10_2_mkspan1006.smt2
[DEBUG] Benchmark QF_IDL/schedulingIDL/j7_per10_2_mkspan1006.smt2: solved=True, runtime=85.16s, PAR-2=85.16s
[DEBUG] Processing 528/966: QF_IDL/mathsat/fischer/FISCHER11-10-ninc.smt2
[DEBUG] Predicted solver: Z3alpha for benchmark QF_IDL/mathsat/fischer/FISCHER11-10-ninc.smt2
[DEBUG] Benchmark QF_IDL/mathsat/fischer/FISCHER11-10-ninc.smt2: solved=True, runtime=10.09s, PAR-2=10.09s
[DEBUG] Processing 529/966: QF_IDL/parity/30.200.graph.smt2
[DEBUG] Predicted solver: Yices2 for benchmark QF_IDL/parity/30.200.graph.smt2
[DEBUG] Benchmark QF_IDL/parity/30.200.graph.smt2: solved=True, runtime=0.26s, PAR-2=0.26s
[DEBUG] Processing 530/966: QF_IDL/Averest/binary_search/BinarySearch_safe_blmc002.smt2
[DEBUG] Predicted solver: Z3alpha for benchmark QF_IDL/Averest/binary_search/BinarySearch_safe_blmc002.smt2
[DEBUG] Benchmark QF_IDL/Averest/binary_search/BinarySearch_safe_blmc002.smt2: solved=True, runtime=0.29s, PAR-2=0.29s
[DEBUG] Processing 531/966: QF_IDL/queens_bench/super_queen/super_queen19-1.smt2
[DEBUG] Predicted solver: Z3alpha for benchmark QF_IDL/queens_bench/super_queen/super_queen19-1.smt2
[DEBUG] Benchmark QF_IDL/queens_bench/super_queen/super_queen19-1.smt2: solved=True, runtime=0.28s, PAR-2=0.28s
[DEBUG] Processing 532/966: QF_IDL/20210312-Bouvier/vlsat3_i07.smt2
[DEBUG] Predicted solver: Z3alpha for benchmark QF_IDL/20210312-Bouvier/vlsat3_i07.smt2
[DEBUG] Benchmark QF_IDL/20210312-Bouvier/vlsat3_i07.smt2: solved=True, runtime=1.49s, PAR-2=1.49s
[DEBUG] Processing 533/966: QF_IDL/Averest/buble_sort/BubbleSort_live_blmc009.smt2
[DEBUG] Predicted solver: cvc5 for benchmark QF_IDL/Averest/buble_sort/BubbleSort_live_blmc009.smt2
[DEBUG] Benchmark QF_IDL/Averest/buble_sort/BubbleSort_live_blmc009.smt2: solved=True, runtime=1.64s, PAR-2=1.64s
[DEBUG] Processing 534/966: QF_IDL/20220214-jobshop-BohanLi/jobshop12-4-6-6-4-4-32.smt2
[DEBUG] Predicted solver: Z3alpha for benchmark QF_IDL/20220214-jobshop-BohanLi/jobshop12-4-6-6-4-4-32.smt2
[DEBUG] Benchmark QF_IDL/20220214-jobshop-BohanLi/jobshop12-4-6-6-4-4-32.smt2: solved=True, runtime=31.23s, PAR-2=31.23s
[DEBUG] Processing 535/966: QF_IDL/schedulingIDL/j8_per0_2_mkspan1051.smt2
[DEBUG] Predicted solver: Yices2 for benchmark QF_IDL/schedulingIDL/j8_per0_2_mkspan1051.smt2
[DEBUG] Benchmark QF_IDL/schedulingIDL/j8_per0_2_mkspan1051.smt2: solved=True, runtime=10.47s, PAR-2=10.47s
[DEBUG] Processing 536/966: QF_IDL/parity/05.500.graph.smt2
[DEBUG] Predicted solver: Yices2 for benchmark QF_IDL/parity/05.500.graph.smt2
[DEBUG] Benchmark QF_IDL/parity/05.500.graph.smt2: solved=True, runtime=0.94s, PAR-2=0.94s
[DEBUG] Processing 537/966: QF_IDL/Averest/selection_sort/SelectionSort_live_blmc009.smt2
[DEBUG] Predicted solver: cvc5 for benchmark QF_IDL/Averest/selection_sort/SelectionSort_live_blmc009.smt2
[DEBUG] Benchmark QF_IDL/Averest/selection_sort/SelectionSort_live_blmc009.smt2: solved=True, runtime=0.80s, PAR-2=0.80s
[DEBUG] Processing 538/966: QF_IDL/20220214-jobshop-BohanLi/jobshop10-4-5-5-4-4-32.smt2
[DEBUG] Predicted solver: Z3alpha for benchmark QF_IDL/20220214-jobshop-BohanLi/jobshop10-4-5-5-4-4-32.smt2
[DEBUG] Benchmark QF_IDL/20220214-jobshop-BohanLi/jobshop10-4-5-5-4-4-32.smt2: solved=True, runtime=4.33s, PAR-2=4.33s
[DEBUG] Processing 539/966: QF_IDL/parity/24.600.graph.smt2
[DEBUG] Predicted solver: Yices2 for benchmark QF_IDL/parity/24.600.graph.smt2
[DEBUG] Benchmark QF_IDL/parity/24.600.graph.smt2: solved=True, runtime=0.89s, PAR-2=0.89s
[DEBUG] Processing 540/966: QF_IDL/20210312-Bouvier/vlsat3_i33.smt2
[DEBUG] Predicted solver: SMTInterpol for benchmark QF_IDL/20210312-Bouvier/vlsat3_i33.smt2
[DEBUG] Benchmark QF_IDL/20210312-Bouvier/vlsat3_i33.smt2: solved=False, runtime=1200.00s, PAR-2=2400.00s
[DEBUG] Processing 541/966: QF_IDL/asp/GraphPartitioning/rand_15_75_1235849326_0_k=3_v=7_e=20_unsat.gph.smt2
[DEBUG] Predicted solver: Yices2 for benchmark QF_IDL/asp/GraphPartitioning/rand_15_75_1235849326_0_k=3_v=7_e=20_unsat.gph.smt2
[DEBUG] Benchmark QF_IDL/asp/GraphPartitioning/rand_15_75_1235849326_0_k=3_v=7_e=20_unsat.gph.smt2: solved=True, runtime=20.25s, PAR-2=20.25s
[DEBUG] Processing 542/966: QF_IDL/DTP/DTP_k2_n35_c210_s10.smt2
[DEBUG] Predicted solver: Yices2 for benchmark QF_IDL/DTP/DTP_k2_n35_c210_s10.smt2
[DEBUG] Benchmark QF_IDL/DTP/DTP_k2_n35_c210_s10.smt2: solved=True, runtime=0.28s, PAR-2=0.28s
[DEBUG] Processing 543/966: QF_IDL/asp/ConnectedDominatingSet/rand_80_500_1235848939_0_k=9_sat.gph.smt2
[DEBUG] Predicted solver: Yices2 for benchmark QF_IDL/asp/ConnectedDominatingSet/rand_80_500_1235848939_0_k=9_sat.gph.smt2
[DEBUG] Benchmark QF_IDL/asp/ConnectedDominatingSet/rand_80_500_1235848939_0_k=9_sat.gph.smt2: solved=True, runtime=262.61s, PAR-2=262.61s
[DEBUG] Processing 544/966: QF_IDL/asp/TravellingSalesperson/tsp_rand_70_300_1155482584_5.lp.smt2
[DEBUG] Predicted solver: Z3alpha for benchmark QF_IDL/asp/TravellingSalesperson/tsp_rand_70_300_1155482584_5.lp.smt2
[DEBUG] Benchmark QF_IDL/asp/TravellingSalesperson/tsp_rand_70_300_1155482584_5.lp.smt2: solved=True, runtime=22.98s, PAR-2=22.98s
[DEBUG] Processing 545/966: QF_IDL/20210312-Bouvier/vlsat3_c60.smt2
[DEBUG] Predicted solver: OpenSMT for benchmark QF_IDL/20210312-Bouvier/vlsat3_c60.smt2
[DEBUG] Benchmark QF_IDL/20210312-Bouvier/vlsat3_c60.smt2: solved=False, runtime=1200.00s, PAR-2=2400.00s
[DEBUG] Processing 546/966: QF_IDL/parity/20.600.graph.smt2
[DEBUG] Predicted solver: Yices2 for benchmark QF_IDL/parity/20.600.graph.smt2
[DEBUG] Benchmark QF_IDL/parity/20.600.graph.smt2: solved=True, runtime=1.06s, PAR-2=1.06s
[DEBUG] Processing 547/966: QF_IDL/parity/13.400.graph.smt2
[DEBUG] Predicted solver: Yices2 for benchmark QF_IDL/parity/13.400.graph.smt2
[DEBUG] Benchmark QF_IDL/parity/13.400.graph.smt2: solved=True, runtime=0.49s, PAR-2=0.49s
[DEBUG] Processing 548/966: QF_IDL/asp/ChannelRouting/channelRoute.in8.smt2
[DEBUG] Predicted solver: Z3alpha for benchmark QF_IDL/asp/ChannelRouting/channelRoute.in8.smt2
[DEBUG] Benchmark QF_IDL/asp/ChannelRouting/channelRoute.in8.smt2: solved=False, runtime=1200.00s, PAR-2=2400.00s
[DEBUG] Processing 549/966: QF_IDL/Averest/insertion_sort/InsertionSort_live_bgmc011.smt2
[DEBUG] Predicted solver: cvc5 for benchmark QF_IDL/Averest/insertion_sort/InsertionSort_live_bgmc011.smt2
[DEBUG] Benchmark QF_IDL/Averest/insertion_sort/InsertionSort_live_bgmc011.smt2: solved=True, runtime=0.74s, PAR-2=0.74s
[DEBUG] Processing 550/966: QF_IDL/mathsat/post_office/PO2-4-PO2.smt2
[DEBUG] Predicted solver: Yices2 for benchmark QF_IDL/mathsat/post_office/PO2-4-PO2.smt2
[DEBUG] Benchmark QF_IDL/mathsat/post_office/PO2-4-PO2.smt2: solved=True, runtime=0.23s, PAR-2=0.23s
[DEBUG] Processing 551/966: QF_IDL/asp/MazeGeneration/maze-generation-width=15-height=15-density=0.01-run=5.smt2
[DEBUG] Predicted solver: Z3alpha for benchmark QF_IDL/asp/MazeGeneration/maze-generation-width=15-height=15-density=0.01-run=5.smt2
[DEBUG] Benchmark QF_IDL/asp/MazeGeneration/maze-generation-width=15-height=15-density=0.01-run=5.smt2: solved=True, runtime=0.37s, PAR-2=0.37s
[DEBUG] Processing 552/966: QF_IDL/20220214-jobshop-BohanLi/jobshop46-2-23-23-4-4-16.smt2
[DEBUG] Predicted solver: Yices2 for benchmark QF_IDL/20220214-jobshop-BohanLi/jobshop46-2-23-23-4-4-16.smt2
[DEBUG] Benchmark QF_IDL/20220214-jobshop-BohanLi/jobshop46-2-23-23-4-4-16.smt2: solved=True, runtime=172.26s, PAR-2=172.26s
[DEBUG] Processing 553/966: QF_IDL/asp/WeightBoundedDominatingSet/rand_200_800_1159728969_6.lp.smt2
[DEBUG] Predicted solver: Z3alpha for benchmark QF_IDL/asp/WeightBoundedDominatingSet/rand_200_800_1159728969_6.lp.smt2
[DEBUG] Benchmark QF_IDL/asp/WeightBoundedDominatingSet/rand_200_800_1159728969_6.lp.smt2: solved=True, runtime=129.74s, PAR-2=129.74s
[DEBUG] Processing 554/966: QF_IDL/asp/Sudoku/sudoku.in7.smt2
[DEBUG] Predicted solver: Yices2 for benchmark QF_IDL/asp/Sudoku/sudoku.in7.smt2
[DEBUG] Benchmark QF_IDL/asp/Sudoku/sudoku.in7.smt2: solved=True, runtime=105.89s, PAR-2=105.89s
[DEBUG] Processing 555/966: QF_IDL/diamonds/diamonds.11.3.i.a.u.smt2
[DEBUG] Predicted solver: Yices2 for benchmark QF_IDL/diamonds/diamonds.11.3.i.a.u.smt2
[DEBUG] Benchmark QF_IDL/diamonds/diamonds.11.3.i.a.u.smt2: solved=True, runtime=0.22s, PAR-2=0.22s
[DEBUG] Processing 556/966: QF_IDL/parity/01.600.graph.smt2
[DEBUG] Predicted solver: Yices2 for benchmark QF_IDL/parity/01.600.graph.smt2
[DEBUG] Benchmark QF_IDL/parity/01.600.graph.smt2: solved=True, runtime=1.31s, PAR-2=1.31s
[DEBUG] Processing 557/966: QF_IDL/schedulingIDL/tai_20x20_10_mkspan1251.smt2
[DEBUG] Predicted solver: Yices2 for benchmark QF_IDL/schedulingIDL/tai_20x20_10_mkspan1251.smt2
[DEBUG] Benchmark QF_IDL/schedulingIDL/tai_20x20_10_mkspan1251.smt2: solved=True, runtime=1.23s, PAR-2=1.23s
[DEBUG] Processing 558/966: QF_IDL/schedulingIDL/j7_per10_1_mkspan1004.smt2
[DEBUG] Predicted solver: Yices2 for benchmark QF_IDL/schedulingIDL/j7_per10_1_mkspan1004.smt2
[DEBUG] Benchmark QF_IDL/schedulingIDL/j7_per10_1_mkspan1004.smt2: solved=True, runtime=0.47s, PAR-2=0.47s
[DEBUG] Processing 559/966: QF_IDL/parity/29.700.graph.smt2
[DEBUG] Predicted solver: Yices2 for benchmark QF_IDL/parity/29.700.graph.smt2
[DEBUG] Benchmark QF_IDL/parity/29.700.graph.smt2: solved=True, runtime=1.35s, PAR-2=1.35s
[DEBUG] Processing 560/966: QF_IDL/schedulingIDL/tai_10x10_10_mkspan596.smt2
[DEBUG] Predicted solver: Yices2 for benchmark QF_IDL/schedulingIDL/tai_10x10_10_mkspan596.smt2
[DEBUG] Benchmark QF_IDL/schedulingIDL/tai_10x10_10_mkspan596.smt2: solved=True, runtime=0.29s, PAR-2=0.29s
[DEBUG] Processing 561/966: QF_IDL/mathsat/fischer/FISCHER11-7-ninc.smt2
[DEBUG] Predicted solver: Yices2 for benchmark QF_IDL/mathsat/fischer/FISCHER11-7-ninc.smt2
[DEBUG] Benchmark QF_IDL/mathsat/fischer/FISCHER11-7-ninc.smt2: solved=True, runtime=0.40s, PAR-2=0.40s
[DEBUG] Processing 562/966: QF_IDL/queens_bench/super_queen/super_queen92-1.smt2
[DEBUG] Predicted solver: Yices2 for benchmark QF_IDL/queens_bench/super_queen/super_queen92-1.smt2
[DEBUG] Benchmark QF_IDL/queens_bench/super_queen/super_queen92-1.smt2: solved=True, runtime=6.53s, PAR-2=6.53s
[DEBUG] Processing 563/966: QF_IDL/asp/EdgeMatching/edge-matching-width=7-height=7-colours=12.smt2
[DEBUG] Predicted solver: Yices2 for benchmark QF_IDL/asp/EdgeMatching/edge-matching-width=7-height=7-colours=12.smt2
[DEBUG] Benchmark QF_IDL/asp/EdgeMatching/edge-matching-width=7-height=7-colours=12.smt2: solved=True, runtime=5.40s, PAR-2=5.40s
[DEBUG] Processing 564/966: QF_IDL/queens_bench/toroidal_bench/toroidal_queen37-1.smt2
[DEBUG] Predicted solver: Yices2 for benchmark QF_IDL/queens_bench/toroidal_bench/toroidal_queen37-1.smt2
[DEBUG] Benchmark QF_IDL/queens_bench/toroidal_bench/toroidal_queen37-1.smt2: solved=True, runtime=205.43s, PAR-2=205.43s
[DEBUG] Processing 565/966: QF_IDL/queens_bench/toroidal_bench/toroidal_queen61-1.smt2
[DEBUG] Predicted solver: Yices2 for benchmark QF_IDL/queens_bench/toroidal_bench/toroidal_queen61-1.smt2
[DEBUG] Benchmark QF_IDL/queens_bench/toroidal_bench/toroidal_queen61-1.smt2: solved=False, runtime=1200.00s, PAR-2=2400.00s
[DEBUG] Processing 566/966: QF_IDL/20220214-jobshop-BohanLi/jobshop18-2-9-9-4-4-16.smt2
[DEBUG] Predicted solver: Yices2 for benchmark QF_IDL/20220214-jobshop-BohanLi/jobshop18-2-9-9-4-4-16.smt2
[DEBUG] Benchmark QF_IDL/20220214-jobshop-BohanLi/jobshop18-2-9-9-4-4-16.smt2: solved=True, runtime=0.34s, PAR-2=0.34s
[DEBUG] Processing 567/966: QF_IDL/mathsat/fischer/FISCHER7-5-ninc.smt2
[DEBUG] Predicted solver: Yices2 for benchmark QF_IDL/mathsat/fischer/FISCHER7-5-ninc.smt2
[DEBUG] Benchmark QF_IDL/mathsat/fischer/FISCHER7-5-ninc.smt2: solved=True, runtime=0.23s, PAR-2=0.23s
[DEBUG] Processing 568/966: QF_IDL/schedulingIDL/j8_per0_1_mkspan1038.smt2
[DEBUG] Predicted solver: Yices2 for benchmark QF_IDL/schedulingIDL/j8_per0_1_mkspan1038.smt2
[DEBUG] Benchmark QF_IDL/schedulingIDL/j8_per0_1_mkspan1038.smt2: solved=False, runtime=1200.00s, PAR-2=2400.00s
[DEBUG] Processing 569/966: QF_IDL/asp/EdgeMatching/edge-matching-width=8-height=8-colours=11.smt2
[DEBUG] Predicted solver: Yices2 for benchmark QF_IDL/asp/EdgeMatching/edge-matching-width=8-height=8-colours=11.smt2
[DEBUG] Benchmark QF_IDL/asp/EdgeMatching/edge-matching-width=8-height=8-colours=11.smt2: solved=True, runtime=13.46s, PAR-2=13.46s
[DEBUG] Processing 570/966: QF_IDL/fuzzy-matrix/secret05_aprove3.srs_slice-7_constraint-468811.smt2
[DEBUG] Predicted solver: Yices2 for benchmark QF_IDL/fuzzy-matrix/secret05_aprove3.srs_slice-7_constraint-468811.smt2
[DEBUG] Benchmark QF_IDL/fuzzy-matrix/secret05_aprove3.srs_slice-7_constraint-468811.smt2: solved=False, runtime=1200.00s, PAR-2=2400.00s
[DEBUG] Processing 571/966: QF_IDL/parity/20.500.graph.smt2
[DEBUG] Predicted solver: Yices2 for benchmark QF_IDL/parity/20.500.graph.smt2
[DEBUG] Benchmark QF_IDL/parity/20.500.graph.smt2: solved=True, runtime=0.63s, PAR-2=0.63s
[DEBUG] Processing 572/966: QF_IDL/Averest/sorting_network/SortingNetwork4_live_bgmc000.smt2
[DEBUG] Predicted solver: Yices2 for benchmark QF_IDL/Averest/sorting_network/SortingNetwork4_live_bgmc000.smt2
[DEBUG] Benchmark QF_IDL/Averest/sorting_network/SortingNetwork4_live_bgmc000.smt2: solved=True, runtime=0.21s, PAR-2=0.21s
[DEBUG] Processing 573/966: QF_IDL/job_shop/jobshop16-2-8-8-2-4-9.smt2
[DEBUG] Predicted solver: OpenSMT for benchmark QF_IDL/job_shop/jobshop16-2-8-8-2-4-9.smt2
[DEBUG] Benchmark QF_IDL/job_shop/jobshop16-2-8-8-2-4-9.smt2: solved=True, runtime=4.45s, PAR-2=4.45s
[DEBUG] Processing 574/966: QF_IDL/DTP/DTP_k2_n35_c210_s1.smt2
[DEBUG] Predicted solver: Yices2 for benchmark QF_IDL/DTP/DTP_k2_n35_c210_s1.smt2
[DEBUG] Benchmark QF_IDL/DTP/DTP_k2_n35_c210_s1.smt2: solved=True, runtime=0.23s, PAR-2=0.23s
[DEBUG] Processing 575/966: QF_IDL/queens_bench/super_queen/super_queen57-1.smt2
[DEBUG] Predicted solver: Yices2 for benchmark QF_IDL/queens_bench/super_queen/super_queen57-1.smt2
[DEBUG] Benchmark QF_IDL/queens_bench/super_queen/super_queen57-1.smt2: solved=True, runtime=0.41s, PAR-2=0.41s
[DEBUG] Processing 576/966: QF_IDL/queens_bench/super_queen/super_queen56-1.smt2
[DEBUG] Predicted solver: Yices2 for benchmark QF_IDL/queens_bench/super_queen/super_queen56-1.smt2
[DEBUG] Benchmark QF_IDL/queens_bench/super_queen/super_queen56-1.smt2: solved=True, runtime=0.45s, PAR-2=0.45s
[DEBUG] Processing 577/966: QF_IDL/schedulingIDL/tai_15x15_5_mkspan1003.smt2
[DEBUG] Predicted solver: Yices2 for benchmark QF_IDL/schedulingIDL/tai_15x15_5_mkspan1003.smt2
[DEBUG] Benchmark QF_IDL/schedulingIDL/tai_15x15_5_mkspan1003.smt2: solved=True, runtime=0.51s, PAR-2=0.51s
[DEBUG] Processing 578/966: QF_IDL/schedulingIDL/j8_per0_2_mkspan1027.smt2
[DEBUG] Predicted solver: Yices2 for benchmark QF_IDL/schedulingIDL/j8_per0_2_mkspan1027.smt2
[DEBUG] Benchmark QF_IDL/schedulingIDL/j8_per0_2_mkspan1027.smt2: solved=True, runtime=1.42s, PAR-2=1.42s
[DEBUG] Processing 579/966: QF_IDL/job_shop/jobshop56-2-28-28-2-4-9.smt2
[DEBUG] Predicted solver: Yices2 for benchmark QF_IDL/job_shop/jobshop56-2-28-28-2-4-9.smt2
[DEBUG] Benchmark QF_IDL/job_shop/jobshop56-2-28-28-2-4-9.smt2: solved=True, runtime=4.25s, PAR-2=4.25s
[DEBUG] Processing 580/966: QF_IDL/asp/Labyrinth/laby_19_19_19.lp.smt2
[DEBUG] Predicted solver: Yices2 for benchmark QF_IDL/asp/Labyrinth/laby_19_19_19.lp.smt2
[DEBUG] Benchmark QF_IDL/asp/Labyrinth/laby_19_19_19.lp.smt2: solved=True, runtime=285.13s, PAR-2=285.13s
[DEBUG] Processing 581/966: QF_IDL/parity/09.700.graph.smt2
[DEBUG] Predicted solver: Yices2 for benchmark QF_IDL/parity/09.700.graph.smt2
[DEBUG] Benchmark QF_IDL/parity/09.700.graph.smt2: solved=True, runtime=1.50s, PAR-2=1.50s
[DEBUG] Processing 582/966: QF_IDL/schedulingIDL/tai_20x20_7_mkspan1600.smt2
[DEBUG] Predicted solver: Yices2 for benchmark QF_IDL/schedulingIDL/tai_20x20_7_mkspan1600.smt2
[DEBUG] Benchmark QF_IDL/schedulingIDL/tai_20x20_7_mkspan1600.smt2: solved=True, runtime=1.31s, PAR-2=1.31s
[DEBUG] Processing 583/966: QF_IDL/parity/24.100.graph.smt2
[DEBUG] Predicted solver: Yices2 for benchmark QF_IDL/parity/24.100.graph.smt2
[DEBUG] Benchmark QF_IDL/parity/24.100.graph.smt2: solved=True, runtime=0.23s, PAR-2=0.23s
[DEBUG] Processing 584/966: QF_IDL/schedulingIDL/tai_15x15_1_mkspan937.smt2
[DEBUG] Predicted solver: Yices2 for benchmark QF_IDL/schedulingIDL/tai_15x15_1_mkspan937.smt2
[DEBUG] Benchmark QF_IDL/schedulingIDL/tai_15x15_1_mkspan937.smt2: solved=True, runtime=1.61s, PAR-2=1.61s
[DEBUG] Processing 585/966: QF_IDL/planning/plan-10.cvc.smt2
[DEBUG] Predicted solver: Z3alpha for benchmark QF_IDL/planning/plan-10.cvc.smt2
[DEBUG] Benchmark QF_IDL/planning/plan-10.cvc.smt2: solved=True, runtime=0.30s, PAR-2=0.30s
[DEBUG] Processing 586/966: QF_IDL/Averest/insertion_sort/InsertionSort_live_blmc000.smt2
[DEBUG] Predicted solver: Yices2 for benchmark QF_IDL/Averest/insertion_sort/InsertionSort_live_blmc000.smt2
[DEBUG] Benchmark QF_IDL/Averest/insertion_sort/InsertionSort_live_blmc000.smt2: solved=True, runtime=0.24s, PAR-2=0.24s
[DEBUG] Processing 587/966: QF_IDL/queens_bench/super_queen/super_queen88-1.smt2
[DEBUG] Predicted solver: Yices2 for benchmark QF_IDL/queens_bench/super_queen/super_queen88-1.smt2
[DEBUG] Benchmark QF_IDL/queens_bench/super_queen/super_queen88-1.smt2: solved=True, runtime=0.58s, PAR-2=0.58s
[DEBUG] Processing 588/966: QF_IDL/queens_bench/super_queen/super_queen75-1.smt2
[DEBUG] Predicted solver: Yices2 for benchmark QF_IDL/queens_bench/super_queen/super_queen75-1.smt2
[DEBUG] Benchmark QF_IDL/queens_bench/super_queen/super_queen75-1.smt2: solved=True, runtime=0.40s, PAR-2=0.40s
[DEBUG] Processing 589/966: QF_IDL/parity/20.700.graph.smt2
[DEBUG] Predicted solver: Yices2 for benchmark QF_IDL/parity/20.700.graph.smt2
[DEBUG] Benchmark QF_IDL/parity/20.700.graph.smt2: solved=True, runtime=1.38s, PAR-2=1.38s
[DEBUG] Processing 590/966: QF_IDL/job_shop/jobshop58-2-29-29-2-4-9.smt2
[DEBUG] Predicted solver: Yices2 for benchmark QF_IDL/job_shop/jobshop58-2-29-29-2-4-9.smt2
[DEBUG] Benchmark QF_IDL/job_shop/jobshop58-2-29-29-2-4-9.smt2: solved=False, runtime=1200.00s, PAR-2=2400.00s
[DEBUG] Processing 591/966: QF_IDL/job_shop/jobshop34-2-17-17-4-4-12.smt2
[DEBUG] Predicted solver: Yices2 for benchmark QF_IDL/job_shop/jobshop34-2-17-17-4-4-12.smt2
[DEBUG] Benchmark QF_IDL/job_shop/jobshop34-2-17-17-4-4-12.smt2: solved=True, runtime=2.74s, PAR-2=2.74s
[DEBUG] Processing 592/966: QF_IDL/asp/Sudoku/sudoku.in8.smt2
[DEBUG] Predicted solver: Yices2 for benchmark QF_IDL/asp/Sudoku/sudoku.in8.smt2
[DEBUG] Benchmark QF_IDL/asp/Sudoku/sudoku.in8.smt2: solved=True, runtime=73.99s, PAR-2=73.99s
[DEBUG] Processing 593/966: QF_IDL/fuzzy-matrix/Marche_turing_copy.srs_slice-7_constraint-442642.smt2
[DEBUG] Predicted solver: Yices2 for benchmark QF_IDL/fuzzy-matrix/Marche_turing_copy.srs_slice-7_constraint-442642.smt2
[DEBUG] Benchmark QF_IDL/fuzzy-matrix/Marche_turing_copy.srs_slice-7_constraint-442642.smt2: solved=False, runtime=1200.00s, PAR-2=2400.00s
[DEBUG] Processing 594/966: QF_IDL/fuzzy-matrix/Marche_turing_copy.srs_slice-6_constraint-467782.smt2
[DEBUG] Predicted solver: Yices2 for benchmark QF_IDL/fuzzy-matrix/Marche_turing_copy.srs_slice-6_constraint-467782.smt2
[DEBUG] Benchmark QF_IDL/fuzzy-matrix/Marche_turing_copy.srs_slice-6_constraint-467782.smt2: solved=False, runtime=1200.00s, PAR-2=2400.00s
[DEBUG] Processing 595/966: QF_IDL/20210312-Bouvier/vlsat3_c11.smt2
[DEBUG] Predicted solver: SMTInterpol for benchmark QF_IDL/20210312-Bouvier/vlsat3_c11.smt2
[DEBUG] Benchmark QF_IDL/20210312-Bouvier/vlsat3_c11.smt2: solved=True, runtime=58.03s, PAR-2=58.03s
[DEBUG] Processing 596/966: QF_IDL/asp/TravellingSalesperson/rand_80_340_1159656267_16.lp.smt2
[DEBUG] Predicted solver: Yices2 for benchmark QF_IDL/asp/TravellingSalesperson/rand_80_340_1159656267_16.lp.smt2
[DEBUG] Benchmark QF_IDL/asp/TravellingSalesperson/rand_80_340_1159656267_16.lp.smt2: solved=True, runtime=168.07s, PAR-2=168.07s
[DEBUG] Processing 597/966: QF_IDL/asp/ConnectedDominatingSet/rand_65_500_1235857888_0_k=5_unsat.gph.smt2
[DEBUG] Predicted solver: Z3alpha for benchmark QF_IDL/asp/ConnectedDominatingSet/rand_65_500_1235857888_0_k=5_unsat.gph.smt2
[DEBUG] Benchmark QF_IDL/asp/ConnectedDominatingSet/rand_65_500_1235857888_0_k=5_unsat.gph.smt2: solved=True, runtime=36.29s, PAR-2=36.29s
[DEBUG] Processing 598/966: QF_IDL/asp/GeneralizedSlitherlink/trisquares.43.asp.smt2
[DEBUG] Predicted solver: Yices2 for benchmark QF_IDL/asp/GeneralizedSlitherlink/trisquares.43.asp.smt2
[DEBUG] Benchmark QF_IDL/asp/GeneralizedSlitherlink/trisquares.43.asp.smt2: solved=True, runtime=0.65s, PAR-2=0.65s
[DEBUG] Processing 599/966: QF_IDL/queens_bench/super_queen/super_queen15-1.smt2
[DEBUG] Predicted solver: Z3alpha for benchmark QF_IDL/queens_bench/super_queen/super_queen15-1.smt2
[DEBUG] Benchmark QF_IDL/queens_bench/super_queen/super_queen15-1.smt2: solved=True, runtime=0.32s, PAR-2=0.32s
[DEBUG] Processing 600/966: QF_IDL/parity/07.800.graph.smt2
[DEBUG] Predicted solver: Yices2 for benchmark QF_IDL/parity/07.800.graph.smt2
[DEBUG] Benchmark QF_IDL/parity/07.800.graph.smt2: solved=True, runtime=1.64s, PAR-2=1.64s
[DEBUG] Processing 601/966: QF_IDL/20210312-Bouvier/vlsat3_c15.smt2
[DEBUG] Predicted solver: Z3alpha for benchmark QF_IDL/20210312-Bouvier/vlsat3_c15.smt2
[DEBUG] Benchmark QF_IDL/20210312-Bouvier/vlsat3_c15.smt2: solved=True, runtime=132.64s, PAR-2=132.64s
[DEBUG] Processing 602/966: QF_IDL/queens_bench/toroidal_bench/toroidal_queen83-1.smt2
[DEBUG] Predicted solver: Yices2 for benchmark QF_IDL/queens_bench/toroidal_bench/toroidal_queen83-1.smt2
[DEBUG] Benchmark QF_IDL/queens_bench/toroidal_bench/toroidal_queen83-1.smt2: solved=False, runtime=1200.00s, PAR-2=2400.00s
[DEBUG] Processing 603/966: QF_IDL/parity/08.100.graph.smt2
[DEBUG] Predicted solver: Yices2 for benchmark QF_IDL/parity/08.100.graph.smt2
[DEBUG] Benchmark QF_IDL/parity/08.100.graph.smt2: solved=True, runtime=0.22s, PAR-2=0.22s
[DEBUG] Processing 604/966: QF_IDL/20220214-RVpredict-BohanLi/RVpredict_11.smt2
[DEBUG] Predicted solver: Yices2 for benchmark QF_IDL/20220214-RVpredict-BohanLi/RVpredict_11.smt2
[DEBUG] Benchmark QF_IDL/20220214-RVpredict-BohanLi/RVpredict_11.smt2: solved=True, runtime=0.24s, PAR-2=0.24s
[DEBUG] Processing 605/966: QF_IDL/asp/GraphPartitioning/rand_21_150_1235870252_0_k=3_v=10_e=20_unsat.gph.smt2
[DEBUG] Predicted solver: Yices2 for benchmark QF_IDL/asp/GraphPartitioning/rand_21_150_1235870252_0_k=3_v=10_e=20_unsat.gph.smt2
[DEBUG] Benchmark QF_IDL/asp/GraphPartitioning/rand_21_150_1235870252_0_k=3_v=10_e=20_unsat.gph.smt2: solved=True, runtime=21.26s, PAR-2=21.26s
[DEBUG] Processing 606/966: QF_IDL/20210312-Bouvier/vlsat3_i01.smt2
[DEBUG] Predicted solver: Z3alpha for benchmark QF_IDL/20210312-Bouvier/vlsat3_i01.smt2
[DEBUG] Benchmark QF_IDL/20210312-Bouvier/vlsat3_i01.smt2: solved=True, runtime=5.27s, PAR-2=5.27s
[DEBUG] Processing 607/966: QF_IDL/asp/EdgeMatching/edge-matching-width=10-height=10-colours=8.smt2
[DEBUG] Predicted solver: Yices2 for benchmark QF_IDL/asp/EdgeMatching/edge-matching-width=10-height=10-colours=8.smt2
[DEBUG] Benchmark QF_IDL/asp/EdgeMatching/edge-matching-width=10-height=10-colours=8.smt2: solved=True, runtime=71.36s, PAR-2=71.36s
[DEBUG] Processing 608/966: QF_IDL/asp/EdgeMatching/edge-matching-width=7-height=7-colours=14.smt2
[DEBUG] Predicted solver: Yices2 for benchmark QF_IDL/asp/EdgeMatching/edge-matching-width=7-height=7-colours=14.smt2
[DEBUG] Benchmark QF_IDL/asp/EdgeMatching/edge-matching-width=7-height=7-colours=14.smt2: solved=True, runtime=4.52s, PAR-2=4.52s
[DEBUG] Processing 609/966: QF_IDL/RTCL/b13_tf_30/ckt_PROP2_tf_30.smt2
[DEBUG] Predicted solver: Yices2 for benchmark QF_IDL/RTCL/b13_tf_30/ckt_PROP2_tf_30.smt2
[DEBUG] Benchmark QF_IDL/RTCL/b13_tf_30/ckt_PROP2_tf_30.smt2: solved=True, runtime=0.22s, PAR-2=0.22s
[DEBUG] Processing 610/966: QF_IDL/queens_bench/toroidal_bench/toroidal_queen49-1.smt2
[DEBUG] Predicted solver: Yices2 for benchmark QF_IDL/queens_bench/toroidal_bench/toroidal_queen49-1.smt2
[DEBUG] Benchmark QF_IDL/queens_bench/toroidal_bench/toroidal_queen49-1.smt2: solved=False, runtime=1200.00s, PAR-2=2400.00s
[DEBUG] Processing 611/966: QF_IDL/20210312-Bouvier/vlsat3_i98.smt2
[DEBUG] Predicted solver: SMTInterpol for benchmark QF_IDL/20210312-Bouvier/vlsat3_i98.smt2
[DEBUG] Benchmark QF_IDL/20210312-Bouvier/vlsat3_i98.smt2: solved=True, runtime=110.42s, PAR-2=110.42s
[DEBUG] Processing 612/966: QF_IDL/asp/GraphColouring/graph-colouring-nodes=140-density=0.1-instance=7.smt2
[DEBUG] Predicted solver: Z3alpha for benchmark QF_IDL/asp/GraphColouring/graph-colouring-nodes=140-density=0.1-instance=7.smt2
[DEBUG] Benchmark QF_IDL/asp/GraphColouring/graph-colouring-nodes=140-density=0.1-instance=7.smt2: solved=False, runtime=1200.00s, PAR-2=2400.00s
[DEBUG] Processing 613/966: QF_IDL/queens_bench/toroidal_bench/toroidal_queen65-1.smt2
[DEBUG] Predicted solver: Yices2 for benchmark QF_IDL/queens_bench/toroidal_bench/toroidal_queen65-1.smt2
[DEBUG] Benchmark QF_IDL/queens_bench/toroidal_bench/toroidal_queen65-1.smt2: solved=False, runtime=1200.00s, PAR-2=2400.00s
[DEBUG] Processing 614/966: QF_IDL/20210312-Bouvier/vlsat3_i82.smt2
[DEBUG] Predicted solver: SMTInterpol for benchmark QF_IDL/20210312-Bouvier/vlsat3_i82.smt2
[DEBUG] Benchmark QF_IDL/20210312-Bouvier/vlsat3_i82.smt2: solved=True, runtime=902.79s, PAR-2=902.79s
[DEBUG] Processing 615/966: QF_IDL/parity/13.200.graph.smt2
[DEBUG] Predicted solver: Yices2 for benchmark QF_IDL/parity/13.200.graph.smt2
[DEBUG] Benchmark QF_IDL/parity/13.200.graph.smt2: solved=True, runtime=0.27s, PAR-2=0.27s
[DEBUG] Processing 616/966: QF_IDL/schedulingIDL/tai_20x20_5_mkspan1297.smt2
[DEBUG] Predicted solver: Yices2 for benchmark QF_IDL/schedulingIDL/tai_20x20_5_mkspan1297.smt2
[DEBUG] Benchmark QF_IDL/schedulingIDL/tai_20x20_5_mkspan1297.smt2: solved=True, runtime=1.47s, PAR-2=1.47s
[DEBUG] Processing 617/966: QF_IDL/mathsat/fischer/FISCHER8-7-ninc.smt2
[DEBUG] Predicted solver: Z3alpha for benchmark QF_IDL/mathsat/fischer/FISCHER8-7-ninc.smt2
[DEBUG] Benchmark QF_IDL/mathsat/fischer/FISCHER8-7-ninc.smt2: solved=True, runtime=0.43s, PAR-2=0.43s
[DEBUG] Processing 618/966: QF_IDL/parity/22.500.graph.smt2
[DEBUG] Predicted solver: Yices2 for benchmark QF_IDL/parity/22.500.graph.smt2
[DEBUG] Benchmark QF_IDL/parity/22.500.graph.smt2: solved=True, runtime=0.65s, PAR-2=0.65s
[DEBUG] Processing 619/966: QF_IDL/queens_bench/toroidal_bench/toroidal_queen43-1.smt2
[DEBUG] Predicted solver: Yices2 for benchmark QF_IDL/queens_bench/toroidal_bench/toroidal_queen43-1.smt2
[DEBUG] Benchmark QF_IDL/queens_bench/toroidal_bench/toroidal_queen43-1.smt2: solved=True, runtime=112.64s, PAR-2=112.64s
[DEBUG] Processing 620/966: QF_IDL/asp/TravellingSalesperson/tsp_rand_70_300_1155482584_7.lp.smt2
[DEBUG] Predicted solver: Z3alpha for benchmark QF_IDL/asp/TravellingSalesperson/tsp_rand_70_300_1155482584_7.lp.smt2
[DEBUG] Benchmark QF_IDL/asp/TravellingSalesperson/tsp_rand_70_300_1155482584_7.lp.smt2: solved=True, runtime=49.68s, PAR-2=49.68s
[DEBUG] Processing 621/966: QF_IDL/asp/15Puzzle/15-puzzle.init15.smt2
[DEBUG] Predicted solver: Z3alpha for benchmark QF_IDL/asp/15Puzzle/15-puzzle.init15.smt2
[DEBUG] Benchmark QF_IDL/asp/15Puzzle/15-puzzle.init15.smt2: solved=True, runtime=9.55s, PAR-2=9.55s
[DEBUG] Processing 622/966: QF_IDL/queens_bench/super_queen/super_queen61-1.smt2
[DEBUG] Predicted solver: Yices2 for benchmark QF_IDL/queens_bench/super_queen/super_queen61-1.smt2
[DEBUG] Benchmark QF_IDL/queens_bench/super_queen/super_queen61-1.smt2: solved=True, runtime=0.38s, PAR-2=0.38s
[DEBUG] Processing 623/966: QF_IDL/qlock/qlock-4-10-18.base.cvc.smt2
[DEBUG] Predicted solver: Z3alpha for benchmark QF_IDL/qlock/qlock-4-10-18.base.cvc.smt2
[DEBUG] Benchmark QF_IDL/qlock/qlock-4-10-18.base.cvc.smt2: solved=True, runtime=8.36s, PAR-2=8.36s
[DEBUG] Processing 624/966: QF_IDL/parity/07.300.graph.smt2
[DEBUG] Predicted solver: Yices2 for benchmark QF_IDL/parity/07.300.graph.smt2
[DEBUG] Benchmark QF_IDL/parity/07.300.graph.smt2: solved=True, runtime=0.32s, PAR-2=0.32s
[DEBUG] Processing 625/966: QF_IDL/mathsat/post_office/PO4-10-PO4.smt2
[DEBUG] Predicted solver: Yices2 for benchmark QF_IDL/mathsat/post_office/PO4-10-PO4.smt2
[DEBUG] Benchmark QF_IDL/mathsat/post_office/PO4-10-PO4.smt2: solved=True, runtime=0.28s, PAR-2=0.28s
[DEBUG] Processing 626/966: QF_IDL/asp/HierarchicalClustering/xy.10.x.10.r.3.1268203948.99614.data_k=4_l=7_sat.gph.smt2
[DEBUG] Predicted solver: Yices2 for benchmark QF_IDL/asp/HierarchicalClustering/xy.10.x.10.r.3.1268203948.99614.data_k=4_l=7_sat.gph.smt2
[DEBUG] Benchmark QF_IDL/asp/HierarchicalClustering/xy.10.x.10.r.3.1268203948.99614.data_k=4_l=7_sat.gph.smt2: solved=True, runtime=2.29s, PAR-2=2.29s
[DEBUG] Processing 627/966: QF_IDL/20210312-Bouvier/vlsat3_i30.smt2
[DEBUG] Predicted solver: SMTInterpol for benchmark QF_IDL/20210312-Bouvier/vlsat3_i30.smt2
[DEBUG] Benchmark QF_IDL/20210312-Bouvier/vlsat3_i30.smt2: solved=True, runtime=84.92s, PAR-2=84.92s
[DEBUG] Processing 628/966: QF_IDL/RTCL/b13_tf_15/ckt_PROP3_tf_15.smt2
[DEBUG] Predicted solver: Yices2 for benchmark QF_IDL/RTCL/b13_tf_15/ckt_PROP3_tf_15.smt2
[DEBUG] Benchmark QF_IDL/RTCL/b13_tf_15/ckt_PROP3_tf_15.smt2: solved=True, runtime=0.21s, PAR-2=0.21s
[DEBUG] Processing 629/966: QF_IDL/job_shop/jobshop40-2-20-20-4-4-11.smt2
[DEBUG] Predicted solver: Yices2 for benchmark QF_IDL/job_shop/jobshop40-2-20-20-4-4-11.smt2
[DEBUG] Benchmark QF_IDL/job_shop/jobshop40-2-20-20-4-4-11.smt2: solved=False, runtime=1200.00s, PAR-2=2400.00s
[DEBUG] Processing 630/966: QF_IDL/asp/WeightBoundedDominatingSet/rand_100_400_1159666138_5.lp.smt2
[DEBUG] Predicted solver: Z3alpha for benchmark QF_IDL/asp/WeightBoundedDominatingSet/rand_100_400_1159666138_5.lp.smt2
[DEBUG] Benchmark QF_IDL/asp/WeightBoundedDominatingSet/rand_100_400_1159666138_5.lp.smt2: solved=True, runtime=2.33s, PAR-2=2.33s
[DEBUG] Processing 631/966: QF_IDL/20210312-Bouvier/vlsat3_c69.smt2
[DEBUG] Predicted solver: SMTInterpol for benchmark QF_IDL/20210312-Bouvier/vlsat3_c69.smt2
[DEBUG] Benchmark QF_IDL/20210312-Bouvier/vlsat3_c69.smt2: solved=False, runtime=1200.00s, PAR-2=2400.00s
[DEBUG] Processing 632/966: QF_IDL/schedulingIDL/tai_20x20_10_mkspan1401.smt2
[DEBUG] Predicted solver: Yices2 for benchmark QF_IDL/schedulingIDL/tai_20x20_10_mkspan1401.smt2
[DEBUG] Benchmark QF_IDL/schedulingIDL/tai_20x20_10_mkspan1401.smt2: solved=True, runtime=1.38s, PAR-2=1.38s
[DEBUG] Processing 633/966: QF_IDL/queens_bench/super_queen/super_queen47-1.smt2
[DEBUG] Predicted solver: Yices2 for benchmark QF_IDL/queens_bench/super_queen/super_queen47-1.smt2
[DEBUG] Benchmark QF_IDL/queens_bench/super_queen/super_queen47-1.smt2: solved=True, runtime=0.25s, PAR-2=0.25s
[DEBUG] Processing 634/966: QF_IDL/20210312-Bouvier/vlsat3_c27.smt2
[DEBUG] Predicted solver: SMTInterpol for benchmark QF_IDL/20210312-Bouvier/vlsat3_c27.smt2
[DEBUG] Benchmark QF_IDL/20210312-Bouvier/vlsat3_c27.smt2: solved=True, runtime=10.08s, PAR-2=10.08s
[DEBUG] Processing 635/966: QF_IDL/20220214-jobshop-BohanLi/jobshop6-2-3-3-2-4-12.smt2
[DEBUG] Predicted solver: Yices2 for benchmark QF_IDL/20220214-jobshop-BohanLi/jobshop6-2-3-3-2-4-12.smt2
[DEBUG] Benchmark QF_IDL/20220214-jobshop-BohanLi/jobshop6-2-3-3-2-4-12.smt2: solved=True, runtime=0.21s, PAR-2=0.21s
[DEBUG] Processing 636/966: QF_IDL/asp/GeneralizedSlitherlink/penrose.35.asp.smt2
[DEBUG] Predicted solver: Yices2 for benchmark QF_IDL/asp/GeneralizedSlitherlink/penrose.35.asp.smt2
[DEBUG] Benchmark QF_IDL/asp/GeneralizedSlitherlink/penrose.35.asp.smt2: solved=True, runtime=0.36s, PAR-2=0.36s
[DEBUG] Processing 637/966: QF_IDL/asp/Solitaire/solitaire-center-time=25.smt2
[DEBUG] Predicted solver: Yices2 for benchmark QF_IDL/asp/Solitaire/solitaire-center-time=25.smt2
[DEBUG] Benchmark QF_IDL/asp/Solitaire/solitaire-center-time=25.smt2: solved=True, runtime=1.46s, PAR-2=1.46s
[DEBUG] Processing 638/966: QF_IDL/20210312-Bouvier/vlsat3_c76.smt2
[DEBUG] Predicted solver: SMTInterpol for benchmark QF_IDL/20210312-Bouvier/vlsat3_c76.smt2
[DEBUG] Benchmark QF_IDL/20210312-Bouvier/vlsat3_c76.smt2: solved=False, runtime=1200.00s, PAR-2=2400.00s
[DEBUG] Processing 639/966: QF_IDL/parity/04.400.graph.smt2
[DEBUG] Predicted solver: Yices2 for benchmark QF_IDL/parity/04.400.graph.smt2
[DEBUG] Benchmark QF_IDL/parity/04.400.graph.smt2: solved=True, runtime=0.37s, PAR-2=0.37s
[DEBUG] Processing 640/966: QF_IDL/queens_bench/super_queen/super_queen87-1.smt2
[DEBUG] Predicted solver: Yices2 for benchmark QF_IDL/queens_bench/super_queen/super_queen87-1.smt2
[DEBUG] Benchmark QF_IDL/queens_bench/super_queen/super_queen87-1.smt2: solved=True, runtime=0.60s, PAR-2=0.60s
[DEBUG] Processing 641/966: QF_IDL/asp/BlockedNQueens/156.48.1960.36.1721319768.dat.smt2
[DEBUG] Predicted solver: Yices2 for benchmark QF_IDL/asp/BlockedNQueens/156.48.1960.36.1721319768.dat.smt2
[DEBUG] Benchmark QF_IDL/asp/BlockedNQueens/156.48.1960.36.1721319768.dat.smt2: solved=True, runtime=26.03s, PAR-2=26.03s
[DEBUG] Processing 642/966: QF_IDL/asp/MazeGeneration/maze-generation-width=15-height=15-density=0.01-run=3.smt2
[DEBUG] Predicted solver: Z3alpha for benchmark QF_IDL/asp/MazeGeneration/maze-generation-width=15-height=15-density=0.01-run=3.smt2
[DEBUG] Benchmark QF_IDL/asp/MazeGeneration/maze-generation-width=15-height=15-density=0.01-run=3.smt2: solved=True, runtime=1.67s, PAR-2=1.67s
[DEBUG] Processing 643/966: QF_IDL/job_shop/jobshop36-2-18-18-2-4-12.smt2
[DEBUG] Predicted solver: Yices2 for benchmark QF_IDL/job_shop/jobshop36-2-18-18-2-4-12.smt2
[DEBUG] Benchmark QF_IDL/job_shop/jobshop36-2-18-18-2-4-12.smt2: solved=True, runtime=0.32s, PAR-2=0.32s
[DEBUG] Processing 644/966: QF_IDL/20210312-Bouvier/vlsat3_i90.smt2
[DEBUG] Predicted solver: SMTInterpol for benchmark QF_IDL/20210312-Bouvier/vlsat3_i90.smt2
[DEBUG] Benchmark QF_IDL/20210312-Bouvier/vlsat3_i90.smt2: solved=False, runtime=1200.00s, PAR-2=2400.00s
[DEBUG] Processing 645/966: QF_IDL/20220214-jobshop-BohanLi/jobshop32-2-16-16-4-4-16.smt2
[DEBUG] Predicted solver: Z3alpha for benchmark QF_IDL/20220214-jobshop-BohanLi/jobshop32-2-16-16-4-4-16.smt2
[DEBUG] Benchmark QF_IDL/20220214-jobshop-BohanLi/jobshop32-2-16-16-4-4-16.smt2: solved=True, runtime=10.23s, PAR-2=10.23s
[DEBUG] Processing 646/966: QF_IDL/Averest/insertion_sort/InsertionSort_safe_blmc006.smt2
[DEBUG] Predicted solver: OpenSMT for benchmark QF_IDL/Averest/insertion_sort/InsertionSort_safe_blmc006.smt2
[DEBUG] Benchmark QF_IDL/Averest/insertion_sort/InsertionSort_safe_blmc006.smt2: solved=True, runtime=0.46s, PAR-2=0.46s
[DEBUG] Processing 647/966: QF_IDL/parity/11.400.graph.smt2
[DEBUG] Predicted solver: Yices2 for benchmark QF_IDL/parity/11.400.graph.smt2
[DEBUG] Benchmark QF_IDL/parity/11.400.graph.smt2: solved=True, runtime=0.61s, PAR-2=0.61s
[DEBUG] Processing 648/966: QF_IDL/queens_bench/toroidal_bench/toroidal_queen23-1.smt2
[DEBUG] Predicted solver: Z3alpha for benchmark QF_IDL/queens_bench/toroidal_bench/toroidal_queen23-1.smt2
[DEBUG] Benchmark QF_IDL/queens_bench/toroidal_bench/toroidal_queen23-1.smt2: solved=True, runtime=0.31s, PAR-2=0.31s
[DEBUG] Processing 649/966: QF_IDL/mathsat/fischer/FISCHER8-1-ninc.smt2
[DEBUG] Predicted solver: Yices2 for benchmark QF_IDL/mathsat/fischer/FISCHER8-1-ninc.smt2
[DEBUG] Benchmark QF_IDL/mathsat/fischer/FISCHER8-1-ninc.smt2: solved=True, runtime=0.21s, PAR-2=0.21s
[DEBUG] Processing 650/966: QF_IDL/20210312-Bouvier/vlsat3_c98.smt2
[DEBUG] Predicted solver: OpenSMT for benchmark QF_IDL/20210312-Bouvier/vlsat3_c98.smt2
[DEBUG] Benchmark QF_IDL/20210312-Bouvier/vlsat3_c98.smt2: solved=False, runtime=1200.00s, PAR-2=2400.00s
[DEBUG] Processing 651/966: QF_IDL/queens_bench/toroidal_bench/toroidal_queen89-1.smt2
[DEBUG] Predicted solver: Yices2 for benchmark QF_IDL/queens_bench/toroidal_bench/toroidal_queen89-1.smt2
[DEBUG] Benchmark QF_IDL/queens_bench/toroidal_bench/toroidal_queen89-1.smt2: solved=False, runtime=1200.00s, PAR-2=2400.00s
[DEBUG] Processing 652/966: QF_IDL/DTP/DTP_k2_n35_c175_s2.smt2
[DEBUG] Predicted solver: Yices2 for benchmark QF_IDL/DTP/DTP_k2_n35_c175_s2.smt2
[DEBUG] Benchmark QF_IDL/DTP/DTP_k2_n35_c175_s2.smt2: solved=True, runtime=0.22s, PAR-2=0.22s
[DEBUG] Processing 653/966: QF_IDL/Averest/buble_sort/BubbleSort_safe_blmc012.smt2
[DEBUG] Predicted solver: Z3alpha for benchmark QF_IDL/Averest/buble_sort/BubbleSort_safe_blmc012.smt2
[DEBUG] Benchmark QF_IDL/Averest/buble_sort/BubbleSort_safe_blmc012.smt2: solved=True, runtime=0.55s, PAR-2=0.55s
[DEBUG] Processing 654/966: QF_IDL/Averest/selection_sort/SelectionSort_live_blmc003.smt2
[DEBUG] Predicted solver: Yices2 for benchmark QF_IDL/Averest/selection_sort/SelectionSort_live_blmc003.smt2
[DEBUG] Benchmark QF_IDL/Averest/selection_sort/SelectionSort_live_blmc003.smt2: solved=True, runtime=0.22s, PAR-2=0.22s
[DEBUG] Processing 655/966: QF_IDL/Averest/buble_sort/BubbleSort_safe_bgmc010.smt2
[DEBUG] Predicted solver: Yices2 for benchmark QF_IDL/Averest/buble_sort/BubbleSort_safe_bgmc010.smt2
[DEBUG] Benchmark QF_IDL/Averest/buble_sort/BubbleSort_safe_bgmc010.smt2: solved=True, runtime=0.22s, PAR-2=0.22s
[DEBUG] Processing 656/966: QF_IDL/schedulingIDL/tai_20x20_8_mkspan1174.smt2
[DEBUG] Predicted solver: Yices2 for benchmark QF_IDL/schedulingIDL/tai_20x20_8_mkspan1174.smt2
[DEBUG] Benchmark QF_IDL/schedulingIDL/tai_20x20_8_mkspan1174.smt2: solved=True, runtime=2.22s, PAR-2=2.22s
[DEBUG] Processing 657/966: QF_IDL/parity/23.300.graph.smt2
[DEBUG] Predicted solver: Yices2 for benchmark QF_IDL/parity/23.300.graph.smt2
[DEBUG] Benchmark QF_IDL/parity/23.300.graph.smt2: solved=True, runtime=0.34s, PAR-2=0.34s
[DEBUG] Processing 658/966: QF_IDL/parity/29.600.graph.smt2
[DEBUG] Predicted solver: Yices2 for benchmark QF_IDL/parity/29.600.graph.smt2
[DEBUG] Benchmark QF_IDL/parity/29.600.graph.smt2: solved=True, runtime=1.32s, PAR-2=1.32s
[DEBUG] Processing 659/966: QF_IDL/job_shop/jobshop34-2-17-17-4-4-11.smt2
[DEBUG] Predicted solver: Yices2 for benchmark QF_IDL/job_shop/jobshop34-2-17-17-4-4-11.smt2
[DEBUG] Benchmark QF_IDL/job_shop/jobshop34-2-17-17-4-4-11.smt2: solved=False, runtime=1200.00s, PAR-2=2400.00s
[DEBUG] Processing 660/966: QF_IDL/asp/GraphColouring/graph-colouring-nodes=145-density=0.1-instance=8.smt2
[DEBUG] Predicted solver: Z3alpha for benchmark QF_IDL/asp/GraphColouring/graph-colouring-nodes=145-density=0.1-instance=8.smt2
[DEBUG] Benchmark QF_IDL/asp/GraphColouring/graph-colouring-nodes=145-density=0.1-instance=8.smt2: solved=True, runtime=563.11s, PAR-2=563.11s
[DEBUG] Processing 661/966: QF_IDL/20220214-jobshop-BohanLi/jobshop54-2-27-27-4-4-16.smt2
[DEBUG] Predicted solver: Yices2 for benchmark QF_IDL/20220214-jobshop-BohanLi/jobshop54-2-27-27-4-4-16.smt2
[DEBUG] Benchmark QF_IDL/20220214-jobshop-BohanLi/jobshop54-2-27-27-4-4-16.smt2: solved=True, runtime=85.88s, PAR-2=85.88s
[DEBUG] Processing 662/966: QF_IDL/job_shop/jobshop36-2-18-18-4-4-12.smt2
[DEBUG] Predicted solver: Yices2 for benchmark QF_IDL/job_shop/jobshop36-2-18-18-4-4-12.smt2
[DEBUG] Benchmark QF_IDL/job_shop/jobshop36-2-18-18-4-4-12.smt2: solved=True, runtime=0.46s, PAR-2=0.46s
[DEBUG] Processing 663/966: QF_IDL/job_shop/jobshop18-2-9-9-2-4-9.smt2
[DEBUG] Predicted solver: Yices2 for benchmark QF_IDL/job_shop/jobshop18-2-9-9-2-4-9.smt2
[DEBUG] Benchmark QF_IDL/job_shop/jobshop18-2-9-9-2-4-9.smt2: solved=True, runtime=1.39s, PAR-2=1.39s
[DEBUG] Processing 664/966: QF_IDL/20210312-Bouvier/vlsat3_i12.smt2
[DEBUG] Predicted solver: Z3alpha for benchmark QF_IDL/20210312-Bouvier/vlsat3_i12.smt2
[DEBUG] Benchmark QF_IDL/20210312-Bouvier/vlsat3_i12.smt2: solved=True, runtime=2.32s, PAR-2=2.32s
[DEBUG] Processing 665/966: QF_IDL/asp/GraphColouring/graph-colouring-nodes=130-density=0.1-instance=7.smt2
[DEBUG] Predicted solver: Z3alpha for benchmark QF_IDL/asp/GraphColouring/graph-colouring-nodes=130-density=0.1-instance=7.smt2
[DEBUG] Benchmark QF_IDL/asp/GraphColouring/graph-colouring-nodes=130-density=0.1-instance=7.smt2: solved=False, runtime=1200.00s, PAR-2=2400.00s
[DEBUG] Processing 666/966: QF_IDL/queens_bench/super_queen/super_queen59-1.smt2
[DEBUG] Predicted solver: Yices2 for benchmark QF_IDL/queens_bench/super_queen/super_queen59-1.smt2
[DEBUG] Benchmark QF_IDL/queens_bench/super_queen/super_queen59-1.smt2: solved=True, runtime=0.36s, PAR-2=0.36s
[DEBUG] Processing 667/966: QF_IDL/asp/WeightBoundedDominatingSet/rand_150_600_1159731678_6.lp.smt2
[DEBUG] Predicted solver: Z3alpha for benchmark QF_IDL/asp/WeightBoundedDominatingSet/rand_150_600_1159731678_6.lp.smt2
[DEBUG] Benchmark QF_IDL/asp/WeightBoundedDominatingSet/rand_150_600_1159731678_6.lp.smt2: solved=True, runtime=50.53s, PAR-2=50.53s
[DEBUG] Processing 668/966: QF_IDL/Averest/buble_sort/BubbleSort_safe_bgmc002.smt2
[DEBUG] Predicted solver: Yices2 for benchmark QF_IDL/Averest/buble_sort/BubbleSort_safe_bgmc002.smt2
[DEBUG] Benchmark QF_IDL/Averest/buble_sort/BubbleSort_safe_bgmc002.smt2: solved=True, runtime=0.21s, PAR-2=0.21s
[DEBUG] Processing 669/966: QF_IDL/schedulingIDL/tai_20x20_1_mkspan1201.smt2
[DEBUG] Predicted solver: Yices2 for benchmark QF_IDL/schedulingIDL/tai_20x20_1_mkspan1201.smt2
[DEBUG] Benchmark QF_IDL/schedulingIDL/tai_20x20_1_mkspan1201.smt2: solved=True, runtime=1.74s, PAR-2=1.74s
[DEBUG] Processing 670/966: QF_IDL/asp/EdgeMatching/edge-matching-width=10-height=10-colours=11.smt2
[DEBUG] Predicted solver: Yices2 for benchmark QF_IDL/asp/EdgeMatching/edge-matching-width=10-height=10-colours=11.smt2
[DEBUG] Benchmark QF_IDL/asp/EdgeMatching/edge-matching-width=10-height=10-colours=11.smt2: solved=True, runtime=41.92s, PAR-2=41.92s
[DEBUG] Processing 671/966: QF_IDL/mathsat/fischer/FISCHER9-3-ninc.smt2
[DEBUG] Predicted solver: Yices2 for benchmark QF_IDL/mathsat/fischer/FISCHER9-3-ninc.smt2
[DEBUG] Benchmark QF_IDL/mathsat/fischer/FISCHER9-3-ninc.smt2: solved=True, runtime=0.21s, PAR-2=0.21s
[DEBUG] Processing 672/966: QF_IDL/qlock/qlock-4-10-38.base.cvc.smt2
[DEBUG] Predicted solver: Z3alpha for benchmark QF_IDL/qlock/qlock-4-10-38.base.cvc.smt2
[DEBUG] Benchmark QF_IDL/qlock/qlock-4-10-38.base.cvc.smt2: solved=True, runtime=901.93s, PAR-2=901.93s
[DEBUG] Processing 673/966: QF_IDL/asp/GeneralizedSlitherlink/penrose.12.asp.smt2
[DEBUG] Predicted solver: Z3alpha for benchmark QF_IDL/asp/GeneralizedSlitherlink/penrose.12.asp.smt2
[DEBUG] Benchmark QF_IDL/asp/GeneralizedSlitherlink/penrose.12.asp.smt2: solved=True, runtime=1.22s, PAR-2=1.22s
[DEBUG] Processing 674/966: QF_IDL/Averest/binary_search/BinarySearch_live_bgmc003.smt2
[DEBUG] Predicted solver: Yices2 for benchmark QF_IDL/Averest/binary_search/BinarySearch_live_bgmc003.smt2
[DEBUG] Benchmark QF_IDL/Averest/binary_search/BinarySearch_live_bgmc003.smt2: solved=True, runtime=0.21s, PAR-2=0.21s
[DEBUG] Processing 675/966: QF_IDL/Averest/buble_sort/BubbleSort_live_blmc007.smt2
[DEBUG] Predicted solver: Z3alpha for benchmark QF_IDL/Averest/buble_sort/BubbleSort_live_blmc007.smt2
[DEBUG] Benchmark QF_IDL/Averest/buble_sort/BubbleSort_live_blmc007.smt2: solved=True, runtime=0.47s, PAR-2=0.47s
[DEBUG] Processing 676/966: QF_IDL/parity/30.800.graph.smt2
[DEBUG] Predicted solver: Yices2 for benchmark QF_IDL/parity/30.800.graph.smt2
[DEBUG] Benchmark QF_IDL/parity/30.800.graph.smt2: solved=True, runtime=1.58s, PAR-2=1.58s
[DEBUG] Processing 677/966: QF_IDL/asp/GeneralizedSlitherlink/penrose.48.asp.smt2
[DEBUG] Predicted solver: Yices2 for benchmark QF_IDL/asp/GeneralizedSlitherlink/penrose.48.asp.smt2
[DEBUG] Benchmark QF_IDL/asp/GeneralizedSlitherlink/penrose.48.asp.smt2: solved=True, runtime=0.38s, PAR-2=0.38s
[DEBUG] Processing 678/966: QF_IDL/Averest/parallel_search/ParallelSearch_live_bgmc000.smt2
[DEBUG] Predicted solver: Yices2 for benchmark QF_IDL/Averest/parallel_search/ParallelSearch_live_bgmc000.smt2
[DEBUG] Benchmark QF_IDL/Averest/parallel_search/ParallelSearch_live_bgmc000.smt2: solved=True, runtime=0.21s, PAR-2=0.21s
[DEBUG] Processing 679/966: QF_IDL/diamonds/diamonds.18.10.i.a.u.smt2
[DEBUG] Predicted solver: OpenSMT for benchmark QF_IDL/diamonds/diamonds.18.10.i.a.u.smt2
[DEBUG] Benchmark QF_IDL/diamonds/diamonds.18.10.i.a.u.smt2: solved=True, runtime=6.94s, PAR-2=6.94s
[DEBUG] Processing 680/966: QF_IDL/asp/Sokoban/duthen-990602.75.steps.10.asp.smt2
[DEBUG] Predicted solver: Yices2 for benchmark QF_IDL/asp/Sokoban/duthen-990602.75.steps.10.asp.smt2
[DEBUG] Benchmark QF_IDL/asp/Sokoban/duthen-990602.75.steps.10.asp.smt2: solved=True, runtime=0.88s, PAR-2=0.88s
[DEBUG] Processing 681/966: QF_IDL/Averest/partition/Partition_live_blmc000.smt2
[DEBUG] Predicted solver: Yices2 for benchmark QF_IDL/Averest/partition/Partition_live_blmc000.smt2
[DEBUG] Benchmark QF_IDL/Averest/partition/Partition_live_blmc000.smt2: solved=True, runtime=0.21s, PAR-2=0.21s
[DEBUG] Processing 682/966: QF_IDL/job_shop/jobshop30-2-15-15-4-4-11.smt2
[DEBUG] Predicted solver: Z3alpha for benchmark QF_IDL/job_shop/jobshop30-2-15-15-4-4-11.smt2
[DEBUG] Benchmark QF_IDL/job_shop/jobshop30-2-15-15-4-4-11.smt2: solved=False, runtime=1200.00s, PAR-2=2400.00s
[DEBUG] Processing 683/966: QF_IDL/20210312-Bouvier/vlsat3_i31.smt2
[DEBUG] Predicted solver: SMTInterpol for benchmark QF_IDL/20210312-Bouvier/vlsat3_i31.smt2
[DEBUG] Benchmark QF_IDL/20210312-Bouvier/vlsat3_i31.smt2: solved=False, runtime=1200.00s, PAR-2=2400.00s
[DEBUG] Processing 684/966: QF_IDL/schedulingIDL/j8_per10_0_mkspan1015.smt2
[DEBUG] Predicted solver: Yices2 for benchmark QF_IDL/schedulingIDL/j8_per10_0_mkspan1015.smt2
[DEBUG] Benchmark QF_IDL/schedulingIDL/j8_per10_0_mkspan1015.smt2: solved=True, runtime=34.07s, PAR-2=34.07s
[DEBUG] Processing 685/966: QF_IDL/parity/15.800.graph.smt2
[DEBUG] Predicted solver: Yices2 for benchmark QF_IDL/parity/15.800.graph.smt2
[DEBUG] Benchmark QF_IDL/parity/15.800.graph.smt2: solved=True, runtime=1.36s, PAR-2=1.36s
[DEBUG] Processing 686/966: QF_IDL/asp/EdgeMatching/edge-matching-width=9-height=9-colours=6.smt2
[DEBUG] Predicted solver: Yices2 for benchmark QF_IDL/asp/EdgeMatching/edge-matching-width=9-height=9-colours=6.smt2
[DEBUG] Benchmark QF_IDL/asp/EdgeMatching/edge-matching-width=9-height=9-colours=6.smt2: solved=True, runtime=17.07s, PAR-2=17.07s
[DEBUG] Processing 687/966: QF_IDL/asp/Solitaire/solitaire-center-time=27.smt2
[DEBUG] Predicted solver: Yices2 for benchmark QF_IDL/asp/Solitaire/solitaire-center-time=27.smt2
[DEBUG] Benchmark QF_IDL/asp/Solitaire/solitaire-center-time=27.smt2: solved=True, runtime=2.52s, PAR-2=2.52s
[DEBUG] Processing 688/966: QF_IDL/asp/Sokoban/dimitri_yorick.55.steps.9.asp.smt2
[DEBUG] Predicted solver: Yices2 for benchmark QF_IDL/asp/Sokoban/dimitri_yorick.55.steps.9.asp.smt2
[DEBUG] Benchmark QF_IDL/asp/Sokoban/dimitri_yorick.55.steps.9.asp.smt2: solved=True, runtime=1.09s, PAR-2=1.09s
[DEBUG] Processing 689/966: QF_IDL/queens_bench/n_queen/queen90-1.smt2
[DEBUG] Predicted solver: Yices2 for benchmark QF_IDL/queens_bench/n_queen/queen90-1.smt2
[DEBUG] Benchmark QF_IDL/queens_bench/n_queen/queen90-1.smt2: solved=True, runtime=0.50s, PAR-2=0.50s
[DEBUG] Processing 690/966: QF_IDL/bcnscheduling/bcnscheduling143.smt2
[DEBUG] Predicted solver: Z3alpha for benchmark QF_IDL/bcnscheduling/bcnscheduling143.smt2
[DEBUG] Benchmark QF_IDL/bcnscheduling/bcnscheduling143.smt2: solved=True, runtime=0.73s, PAR-2=0.73s
[DEBUG] Processing 691/966: QF_IDL/asp/HamiltonianPath/gryzzles.15.lp.smt2
[DEBUG] Predicted solver: Yices2 for benchmark QF_IDL/asp/HamiltonianPath/gryzzles.15.lp.smt2
[DEBUG] Benchmark QF_IDL/asp/HamiltonianPath/gryzzles.15.lp.smt2: solved=True, runtime=1.21s, PAR-2=1.21s
[DEBUG] Processing 692/966: QF_IDL/parity/26.200.graph.smt2
[DEBUG] Predicted solver: Yices2 for benchmark QF_IDL/parity/26.200.graph.smt2
[DEBUG] Benchmark QF_IDL/parity/26.200.graph.smt2: solved=True, runtime=0.26s, PAR-2=0.26s
[DEBUG] Processing 693/966: QF_IDL/planning/plan-30.cvc.smt2
[DEBUG] Predicted solver: Z3alpha for benchmark QF_IDL/planning/plan-30.cvc.smt2
[DEBUG] Benchmark QF_IDL/planning/plan-30.cvc.smt2: solved=True, runtime=0.50s, PAR-2=0.50s
[DEBUG] Processing 694/966: QF_IDL/qlock/qlock-4-10-11.induction.cvc.smt2
[DEBUG] Predicted solver: Z3alpha for benchmark QF_IDL/qlock/qlock-4-10-11.induction.cvc.smt2
[DEBUG] Benchmark QF_IDL/qlock/qlock-4-10-11.induction.cvc.smt2: solved=True, runtime=0.34s, PAR-2=0.34s
[DEBUG] Processing 695/966: QF_IDL/mathsat/fischer/FISCHER8-6-ninc.smt2
[DEBUG] Predicted solver: Z3alpha for benchmark QF_IDL/mathsat/fischer/FISCHER8-6-ninc.smt2
[DEBUG] Benchmark QF_IDL/mathsat/fischer/FISCHER8-6-ninc.smt2: solved=True, runtime=0.34s, PAR-2=0.34s
[DEBUG] Processing 696/966: QF_IDL/20220214-jobshop-BohanLi/jobshop26-2-13-13-2-4-12.smt2
[DEBUG] Predicted solver: Z3alpha for benchmark QF_IDL/20220214-jobshop-BohanLi/jobshop26-2-13-13-2-4-12.smt2
[DEBUG] Benchmark QF_IDL/20220214-jobshop-BohanLi/jobshop26-2-13-13-2-4-12.smt2: solved=False, runtime=1200.00s, PAR-2=2400.00s
[DEBUG] Processing 697/966: QF_IDL/RTCL/b01_tf_15/ckt_PROP0_tf_15.smt2
[DEBUG] Predicted solver: Yices2 for benchmark QF_IDL/RTCL/b01_tf_15/ckt_PROP0_tf_15.smt2
[DEBUG] Benchmark QF_IDL/RTCL/b01_tf_15/ckt_PROP0_tf_15.smt2: solved=True, runtime=0.21s, PAR-2=0.21s
[DEBUG] Processing 698/966: QF_IDL/queens_bench/super_queen/super_queen77-1.smt2
[DEBUG] Predicted solver: Yices2 for benchmark QF_IDL/queens_bench/super_queen/super_queen77-1.smt2
[DEBUG] Benchmark QF_IDL/queens_bench/super_queen/super_queen77-1.smt2: solved=True, runtime=0.40s, PAR-2=0.40s
[DEBUG] Processing 699/966: QF_IDL/20220214-jobshop-BohanLi/jobshop58-4-29-29-2-4-24.smt2
[DEBUG] Predicted solver: Yices2 for benchmark QF_IDL/20220214-jobshop-BohanLi/jobshop58-4-29-29-2-4-24.smt2
[DEBUG] Benchmark QF_IDL/20220214-jobshop-BohanLi/jobshop58-4-29-29-2-4-24.smt2: solved=False, runtime=1200.00s, PAR-2=2400.00s
[DEBUG] Processing 700/966: QF_IDL/asp/TravellingSalesperson/rand_70_300_1155482584_7.lp.smt2
[DEBUG] Predicted solver: Z3alpha for benchmark QF_IDL/asp/TravellingSalesperson/rand_70_300_1155482584_7.lp.smt2
[DEBUG] Benchmark QF_IDL/asp/TravellingSalesperson/rand_70_300_1155482584_7.lp.smt2: solved=True, runtime=42.84s, PAR-2=42.84s
[DEBUG] Processing 701/966: QF_IDL/asp/WireRouting/wire.10.x.10.b.5.a.35_sat.data.smt2
[DEBUG] Predicted solver: Yices2 for benchmark QF_IDL/asp/WireRouting/wire.10.x.10.b.5.a.35_sat.data.smt2
[DEBUG] Benchmark QF_IDL/asp/WireRouting/wire.10.x.10.b.5.a.35_sat.data.smt2: solved=True, runtime=4.78s, PAR-2=4.78s
[DEBUG] Processing 702/966: QF_IDL/parity/29.500.graph.smt2
[DEBUG] Predicted solver: Yices2 for benchmark QF_IDL/parity/29.500.graph.smt2
[DEBUG] Benchmark QF_IDL/parity/29.500.graph.smt2: solved=True, runtime=0.67s, PAR-2=0.67s
[DEBUG] Processing 703/966: QF_IDL/20210312-Bouvier/vlsat3_i45.smt2
[DEBUG] Predicted solver: SMTInterpol for benchmark QF_IDL/20210312-Bouvier/vlsat3_i45.smt2
[DEBUG] Benchmark QF_IDL/20210312-Bouvier/vlsat3_i45.smt2: solved=False, runtime=1200.00s, PAR-2=2400.00s
[DEBUG] Processing 704/966: QF_IDL/schedulingIDL/tai_15x15_2_mkspan933.smt2
[DEBUG] Predicted solver: Yices2 for benchmark QF_IDL/schedulingIDL/tai_15x15_2_mkspan933.smt2
[DEBUG] Benchmark QF_IDL/schedulingIDL/tai_15x15_2_mkspan933.smt2: solved=True, runtime=0.49s, PAR-2=0.49s
[DEBUG] Processing 705/966: QF_IDL/parity/19.300.graph.smt2
[DEBUG] Predicted solver: Yices2 for benchmark QF_IDL/parity/19.300.graph.smt2
[DEBUG] Benchmark QF_IDL/parity/19.300.graph.smt2: solved=True, runtime=0.33s, PAR-2=0.33s
[DEBUG] Processing 706/966: QF_IDL/DTP/DTP_k2_n35_c175_s19.smt2
[DEBUG] Predicted solver: Yices2 for benchmark QF_IDL/DTP/DTP_k2_n35_c175_s19.smt2
[DEBUG] Benchmark QF_IDL/DTP/DTP_k2_n35_c175_s19.smt2: solved=True, runtime=0.21s, PAR-2=0.21s
[DEBUG] Processing 707/966: QF_IDL/asp/SchurNumbers/20.10.schur.lp.smt2
[DEBUG] Predicted solver: Yices2 for benchmark QF_IDL/asp/SchurNumbers/20.10.schur.lp.smt2
[DEBUG] Benchmark QF_IDL/asp/SchurNumbers/20.10.schur.lp.smt2: solved=True, runtime=0.30s, PAR-2=0.30s
[DEBUG] Processing 708/966: QF_IDL/DTP/DTP_k2_n35_c210_s19.smt2
[DEBUG] Predicted solver: Yices2 for benchmark QF_IDL/DTP/DTP_k2_n35_c210_s19.smt2
[DEBUG] Benchmark QF_IDL/DTP/DTP_k2_n35_c210_s19.smt2: solved=True, runtime=0.22s, PAR-2=0.22s
[DEBUG] Processing 709/966: QF_IDL/DTP/DTP_k2_n35_c210_s16.smt2
[DEBUG] Predicted solver: Yices2 for benchmark QF_IDL/DTP/DTP_k2_n35_c210_s16.smt2
[DEBUG] Benchmark QF_IDL/DTP/DTP_k2_n35_c210_s16.smt2: solved=True, runtime=0.22s, PAR-2=0.22s
[DEBUG] Processing 710/966: QF_IDL/Averest/insertion_sort/InsertionSort_live_bgmc000.smt2
[DEBUG] Predicted solver: Yices2 for benchmark QF_IDL/Averest/insertion_sort/InsertionSort_live_bgmc000.smt2
[DEBUG] Benchmark QF_IDL/Averest/insertion_sort/InsertionSort_live_bgmc000.smt2: solved=True, runtime=0.21s, PAR-2=0.21s
[DEBUG] Processing 711/966: QF_IDL/queens_bench/toroidal_bench/toroidal_queen68-1.smt2
[DEBUG] Predicted solver: Yices2 for benchmark QF_IDL/queens_bench/toroidal_bench/toroidal_queen68-1.smt2
[DEBUG] Benchmark QF_IDL/queens_bench/toroidal_bench/toroidal_queen68-1.smt2: solved=False, runtime=1200.00s, PAR-2=2400.00s
[DEBUG] Processing 712/966: QF_IDL/mathsat/fischer/FISCHER11-8-ninc.smt2
[DEBUG] Predicted solver: Yices2 for benchmark QF_IDL/mathsat/fischer/FISCHER11-8-ninc.smt2
[DEBUG] Benchmark QF_IDL/mathsat/fischer/FISCHER11-8-ninc.smt2: solved=True, runtime=1.07s, PAR-2=1.07s
[DEBUG] Processing 713/966: QF_IDL/queens_bench/n_queen/queen77-1.smt2
[DEBUG] Predicted solver: Yices2 for benchmark QF_IDL/queens_bench/n_queen/queen77-1.smt2
[DEBUG] Benchmark QF_IDL/queens_bench/n_queen/queen77-1.smt2: solved=True, runtime=0.41s, PAR-2=0.41s
[DEBUG] Processing 714/966: QF_IDL/asp/SchurNumbers/20.5.schur.lp.smt2
[DEBUG] Predicted solver: Yices2 for benchmark QF_IDL/asp/SchurNumbers/20.5.schur.lp.smt2
[DEBUG] Benchmark QF_IDL/asp/SchurNumbers/20.5.schur.lp.smt2: solved=True, runtime=0.65s, PAR-2=0.65s
[DEBUG] Processing 715/966: QF_IDL/queens_bench/toroidal_bench/toroidal_queen53-1.smt2
[DEBUG] Predicted solver: Yices2 for benchmark QF_IDL/queens_bench/toroidal_bench/toroidal_queen53-1.smt2
[DEBUG] Benchmark QF_IDL/queens_bench/toroidal_bench/toroidal_queen53-1.smt2: solved=False, runtime=1200.00s, PAR-2=2400.00s
[DEBUG] Processing 716/966: QF_IDL/20220214-jobshop-BohanLi/jobshop44-4-22-22-2-4-24.smt2
[DEBUG] Predicted solver: Yices2 for benchmark QF_IDL/20220214-jobshop-BohanLi/jobshop44-4-22-22-2-4-24.smt2
[DEBUG] Benchmark QF_IDL/20220214-jobshop-BohanLi/jobshop44-4-22-22-2-4-24.smt2: solved=False, runtime=1200.00s, PAR-2=2400.00s
[DEBUG] Processing 717/966: QF_IDL/qlock/qlock-4-10-37.induction.cvc.smt2
[DEBUG] Predicted solver: Yices2 for benchmark QF_IDL/qlock/qlock-4-10-37.induction.cvc.smt2
[DEBUG] Benchmark QF_IDL/qlock/qlock-4-10-37.induction.cvc.smt2: solved=True, runtime=0.99s, PAR-2=0.99s
[DEBUG] Processing 718/966: QF_IDL/Averest/insertion_sort/InsertionSort_live_bgmc008.smt2
[DEBUG] Predicted solver: Yices2 for benchmark QF_IDL/Averest/insertion_sort/InsertionSort_live_bgmc008.smt2
[DEBUG] Benchmark QF_IDL/Averest/insertion_sort/InsertionSort_live_bgmc008.smt2: solved=True, runtime=0.22s, PAR-2=0.22s
[DEBUG] Processing 719/966: QF_IDL/queens_bench/toroidal_bench/toroidal_queen69-1.smt2
[DEBUG] Predicted solver: Yices2 for benchmark QF_IDL/queens_bench/toroidal_bench/toroidal_queen69-1.smt2
[DEBUG] Benchmark QF_IDL/queens_bench/toroidal_bench/toroidal_queen69-1.smt2: solved=False, runtime=1200.00s, PAR-2=2400.00s
[DEBUG] Processing 720/966: QF_IDL/qlock/qlock-4-10-25.base.cvc.smt2
[DEBUG] Predicted solver: Z3alpha for benchmark QF_IDL/qlock/qlock-4-10-25.base.cvc.smt2
[DEBUG] Benchmark QF_IDL/qlock/qlock-4-10-25.base.cvc.smt2: solved=True, runtime=103.02s, PAR-2=103.02s
[DEBUG] Processing 721/966: QF_IDL/job_shop/jobshop20-2-10-10-4-4-12.smt2
[DEBUG] Predicted solver: Yices2 for benchmark QF_IDL/job_shop/jobshop20-2-10-10-4-4-12.smt2
[DEBUG] Benchmark QF_IDL/job_shop/jobshop20-2-10-10-4-4-12.smt2: solved=True, runtime=0.26s, PAR-2=0.26s
[DEBUG] Processing 722/966: QF_IDL/asp/GraphPartitioning/rand_20_100_1235402004_0_k=6_v=4_e=4_sat.gph.smt2
[DEBUG] Predicted solver: Yices2 for benchmark QF_IDL/asp/GraphPartitioning/rand_20_100_1235402004_0_k=6_v=4_e=4_sat.gph.smt2
[DEBUG] Benchmark QF_IDL/asp/GraphPartitioning/rand_20_100_1235402004_0_k=6_v=4_e=4_sat.gph.smt2: solved=True, runtime=74.41s, PAR-2=74.41s
[DEBUG] Processing 723/966: QF_IDL/asp/Labyrinth/laby_18_18_14.lp.smt2
[DEBUG] Predicted solver: Yices2 for benchmark QF_IDL/asp/Labyrinth/laby_18_18_14.lp.smt2
[DEBUG] Benchmark QF_IDL/asp/Labyrinth/laby_18_18_14.lp.smt2: solved=True, runtime=16.22s, PAR-2=16.22s
[DEBUG] Processing 724/966: QF_IDL/asp/Fastfood/a7.3.5.tweaked.5.asp.smt2
[DEBUG] Predicted solver: Yices2 for benchmark QF_IDL/asp/Fastfood/a7.3.5.tweaked.5.asp.smt2
[DEBUG] Benchmark QF_IDL/asp/Fastfood/a7.3.5.tweaked.5.asp.smt2: solved=True, runtime=1.39s, PAR-2=1.39s
[DEBUG] Processing 725/966: QF_IDL/Averest/selection_sort/SelectionSort_safe_bgmc009.smt2
[DEBUG] Predicted solver: Yices2 for benchmark QF_IDL/Averest/selection_sort/SelectionSort_safe_bgmc009.smt2
[DEBUG] Benchmark QF_IDL/Averest/selection_sort/SelectionSort_safe_bgmc009.smt2: solved=True, runtime=0.24s, PAR-2=0.24s
[DEBUG] Processing 726/966: QF_IDL/parity/29.800.graph.smt2
[DEBUG] Predicted solver: Yices2 for benchmark QF_IDL/parity/29.800.graph.smt2
[DEBUG] Benchmark QF_IDL/parity/29.800.graph.smt2: solved=True, runtime=1.55s, PAR-2=1.55s
[DEBUG] Processing 727/966: QF_IDL/parity/27.700.graph.smt2
[DEBUG] Predicted solver: Yices2 for benchmark QF_IDL/parity/27.700.graph.smt2
[DEBUG] Benchmark QF_IDL/parity/27.700.graph.smt2: solved=True, runtime=1.06s, PAR-2=1.06s
[DEBUG] Processing 728/966: QF_IDL/asp/Labyrinth/laby_17_17_09.lp.smt2
[DEBUG] Predicted solver: Yices2 for benchmark QF_IDL/asp/Labyrinth/laby_17_17_09.lp.smt2
[DEBUG] Benchmark QF_IDL/asp/Labyrinth/laby_17_17_09.lp.smt2: solved=False, runtime=1200.00s, PAR-2=2400.00s
[DEBUG] Processing 729/966: QF_IDL/asp/WeightBoundedDominatingSet/rand_150_600_1159731678_11.lp.smt2
[DEBUG] Predicted solver: Z3alpha for benchmark QF_IDL/asp/WeightBoundedDominatingSet/rand_150_600_1159731678_11.lp.smt2
[DEBUG] Benchmark QF_IDL/asp/WeightBoundedDominatingSet/rand_150_600_1159731678_11.lp.smt2: solved=True, runtime=6.08s, PAR-2=6.08s
[DEBUG] Processing 730/966: QF_IDL/schedulingIDL/tai_15x15_7_mkspan892.smt2
[DEBUG] Predicted solver: Yices2 for benchmark QF_IDL/schedulingIDL/tai_15x15_7_mkspan892.smt2
[DEBUG] Benchmark QF_IDL/schedulingIDL/tai_15x15_7_mkspan892.smt2: solved=True, runtime=0.55s, PAR-2=0.55s
[DEBUG] Processing 731/966: QF_IDL/RTCL/b13_tf_15/ckt_PROP1_tf_15.smt2
[DEBUG] Predicted solver: Yices2 for benchmark QF_IDL/RTCL/b13_tf_15/ckt_PROP1_tf_15.smt2
[DEBUG] Benchmark QF_IDL/RTCL/b13_tf_15/ckt_PROP1_tf_15.smt2: solved=True, runtime=0.24s, PAR-2=0.24s
[DEBUG] Processing 732/966: QF_IDL/20220214-jobshop-BohanLi/jobshop52-4-26-26-2-4-24.smt2
[DEBUG] Predicted solver: Yices2 for benchmark QF_IDL/20220214-jobshop-BohanLi/jobshop52-4-26-26-2-4-24.smt2
[DEBUG] Benchmark QF_IDL/20220214-jobshop-BohanLi/jobshop52-4-26-26-2-4-24.smt2: solved=False, runtime=1200.00s, PAR-2=2400.00s
[DEBUG] Processing 733/966: QF_IDL/RTCL/b13_tf_15/ckt_PROP5_tf_15.smt2
[DEBUG] Predicted solver: Yices2 for benchmark QF_IDL/RTCL/b13_tf_15/ckt_PROP5_tf_15.smt2
[DEBUG] Benchmark QF_IDL/RTCL/b13_tf_15/ckt_PROP5_tf_15.smt2: solved=True, runtime=0.22s, PAR-2=0.22s
[DEBUG] Processing 734/966: QF_IDL/mathsat/fischer/FISCHER11-12-ninc.smt2
[DEBUG] Predicted solver: Yices2 for benchmark QF_IDL/mathsat/fischer/FISCHER11-12-ninc.smt2
[DEBUG] Benchmark QF_IDL/mathsat/fischer/FISCHER11-12-ninc.smt2: solved=True, runtime=10.14s, PAR-2=10.14s
[DEBUG] Processing 735/966: QF_IDL/asp/TravellingSalesperson/tsp_rand_70_300_1155482584_9.lp.smt2
[DEBUG] Predicted solver: Z3alpha for benchmark QF_IDL/asp/TravellingSalesperson/tsp_rand_70_300_1155482584_9.lp.smt2
[DEBUG] Benchmark QF_IDL/asp/TravellingSalesperson/tsp_rand_70_300_1155482584_9.lp.smt2: solved=True, runtime=35.63s, PAR-2=35.63s
[DEBUG] Processing 736/966: QF_IDL/Averest/insertion_sort/InsertionSort_live_blmc007.smt2
[DEBUG] Predicted solver: Z3alpha for benchmark QF_IDL/Averest/insertion_sort/InsertionSort_live_blmc007.smt2
[DEBUG] Benchmark QF_IDL/Averest/insertion_sort/InsertionSort_live_blmc007.smt2: solved=True, runtime=0.55s, PAR-2=0.55s
[DEBUG] Processing 737/966: QF_IDL/mathsat/fischer/FISCHER14-2-ninc.smt2
[DEBUG] Predicted solver: Yices2 for benchmark QF_IDL/mathsat/fischer/FISCHER14-2-ninc.smt2
[DEBUG] Benchmark QF_IDL/mathsat/fischer/FISCHER14-2-ninc.smt2: solved=True, runtime=0.24s, PAR-2=0.24s
[DEBUG] Processing 738/966: QF_IDL/parity/18.300.graph.smt2
[DEBUG] Predicted solver: Yices2 for benchmark QF_IDL/parity/18.300.graph.smt2
[DEBUG] Benchmark QF_IDL/parity/18.300.graph.smt2: solved=True, runtime=0.35s, PAR-2=0.35s
[DEBUG] Processing 739/966: QF_IDL/mathsat/fischer/FISCHER12-11-ninc.smt2
[DEBUG] Predicted solver: Yices2 for benchmark QF_IDL/mathsat/fischer/FISCHER12-11-ninc.smt2
[DEBUG] Benchmark QF_IDL/mathsat/fischer/FISCHER12-11-ninc.smt2: solved=True, runtime=31.48s, PAR-2=31.48s
[DEBUG] Processing 740/966: QF_IDL/parity/18.500.graph.smt2
[DEBUG] Predicted solver: Yices2 for benchmark QF_IDL/parity/18.500.graph.smt2
[DEBUG] Benchmark QF_IDL/parity/18.500.graph.smt2: solved=True, runtime=0.76s, PAR-2=0.76s
[DEBUG] Processing 741/966: QF_IDL/schedulingIDL/tai_20x20_5_mkspan1339.smt2
[DEBUG] Predicted solver: Yices2 for benchmark QF_IDL/schedulingIDL/tai_20x20_5_mkspan1339.smt2
[DEBUG] Benchmark QF_IDL/schedulingIDL/tai_20x20_5_mkspan1339.smt2: solved=True, runtime=1.75s, PAR-2=1.75s
[DEBUG] Processing 742/966: QF_IDL/asp/WireRouting/wire.13.x.13.b.5.a.30_sat.data.smt2
[DEBUG] Predicted solver: Z3alpha for benchmark QF_IDL/asp/WireRouting/wire.13.x.13.b.5.a.30_sat.data.smt2
[DEBUG] Benchmark QF_IDL/asp/WireRouting/wire.13.x.13.b.5.a.30_sat.data.smt2: solved=True, runtime=173.05s, PAR-2=173.05s
[DEBUG] Processing 743/966: QF_IDL/mathsat/fischer/FISCHER13-4-ninc.smt2
[DEBUG] Predicted solver: Z3alpha for benchmark QF_IDL/mathsat/fischer/FISCHER13-4-ninc.smt2
[DEBUG] Benchmark QF_IDL/mathsat/fischer/FISCHER13-4-ninc.smt2: solved=True, runtime=0.35s, PAR-2=0.35s
[DEBUG] Processing 744/966: QF_IDL/parity/06.100.graph.smt2
[DEBUG] Predicted solver: Yices2 for benchmark QF_IDL/parity/06.100.graph.smt2
[DEBUG] Benchmark QF_IDL/parity/06.100.graph.smt2: solved=True, runtime=0.22s, PAR-2=0.22s
[DEBUG] Processing 745/966: QF_IDL/sal/lpsat/lpsat-goal-12.smt2
[DEBUG] Predicted solver: Yices2 for benchmark QF_IDL/sal/lpsat/lpsat-goal-12.smt2
[DEBUG] Benchmark QF_IDL/sal/lpsat/lpsat-goal-12.smt2: solved=True, runtime=0.30s, PAR-2=0.30s
[DEBUG] Processing 746/966: QF_IDL/20220214-jobshop-BohanLi/jobshop56-2-28-28-4-4-16.smt2
[DEBUG] Predicted solver: Yices2 for benchmark QF_IDL/20220214-jobshop-BohanLi/jobshop56-2-28-28-4-4-16.smt2
[DEBUG] Benchmark QF_IDL/20220214-jobshop-BohanLi/jobshop56-2-28-28-4-4-16.smt2: solved=False, runtime=1200.00s, PAR-2=2400.00s
[DEBUG] Processing 747/966: QF_IDL/job_shop/jobshop50-2-25-25-4-4-12.smt2
[DEBUG] Predicted solver: Yices2 for benchmark QF_IDL/job_shop/jobshop50-2-25-25-4-4-12.smt2
[DEBUG] Benchmark QF_IDL/job_shop/jobshop50-2-25-25-4-4-12.smt2: solved=True, runtime=1.15s, PAR-2=1.15s
[DEBUG] Processing 748/966: QF_IDL/queens_bench/n_queen/queen66-1.smt2
[DEBUG] Predicted solver: Yices2 for benchmark QF_IDL/queens_bench/n_queen/queen66-1.smt2
[DEBUG] Benchmark QF_IDL/queens_bench/n_queen/queen66-1.smt2: solved=True, runtime=0.42s, PAR-2=0.42s
[DEBUG] Processing 749/966: QF_IDL/queens_bench/n_queen/queen27-1.smt2
[DEBUG] Predicted solver: Z3alpha for benchmark QF_IDL/queens_bench/n_queen/queen27-1.smt2
[DEBUG] Benchmark QF_IDL/queens_bench/n_queen/queen27-1.smt2: solved=True, runtime=0.32s, PAR-2=0.32s
[DEBUG] Processing 750/966: QF_IDL/20220214-jobshop-BohanLi/jobshop40-4-20-20-4-4-32.smt2
[DEBUG] Predicted solver: Yices2 for benchmark QF_IDL/20220214-jobshop-BohanLi/jobshop40-4-20-20-4-4-32.smt2
[DEBUG] Benchmark QF_IDL/20220214-jobshop-BohanLi/jobshop40-4-20-20-4-4-32.smt2: solved=False, runtime=1200.00s, PAR-2=2400.00s
[DEBUG] Processing 751/966: QF_IDL/asp/SchurNumbers/15.19.schur.lp.smt2
[DEBUG] Predicted solver: Z3alpha for benchmark QF_IDL/asp/SchurNumbers/15.19.schur.lp.smt2
[DEBUG] Benchmark QF_IDL/asp/SchurNumbers/15.19.schur.lp.smt2: solved=True, runtime=53.66s, PAR-2=53.66s
[DEBUG] Processing 752/966: QF_IDL/Averest/partition/Partition_safe_blmc003.smt2
[DEBUG] Predicted solver: Yices2 for benchmark QF_IDL/Averest/partition/Partition_safe_blmc003.smt2
[DEBUG] Benchmark QF_IDL/Averest/partition/Partition_safe_blmc003.smt2: solved=True, runtime=0.27s, PAR-2=0.27s
[DEBUG] Processing 753/966: QF_IDL/asp/Labyrinth/laby_21_21_05.lp.smt2
[DEBUG] Predicted solver: Yices2 for benchmark QF_IDL/asp/Labyrinth/laby_21_21_05.lp.smt2
[DEBUG] Benchmark QF_IDL/asp/Labyrinth/laby_21_21_05.lp.smt2: solved=True, runtime=43.72s, PAR-2=43.72s
[DEBUG] Processing 754/966: QF_IDL/20210312-Bouvier/vlsat3_i77.smt2
[DEBUG] Predicted solver: SMTInterpol for benchmark QF_IDL/20210312-Bouvier/vlsat3_i77.smt2
[DEBUG] Benchmark QF_IDL/20210312-Bouvier/vlsat3_i77.smt2: solved=False, runtime=1200.00s, PAR-2=2400.00s
[DEBUG] Processing 755/966: QF_IDL/queens_bench/n_queen/queen68-1.smt2
[DEBUG] Predicted solver: Yices2 for benchmark QF_IDL/queens_bench/n_queen/queen68-1.smt2
[DEBUG] Benchmark QF_IDL/queens_bench/n_queen/queen68-1.smt2: solved=True, runtime=0.42s, PAR-2=0.42s
[DEBUG] Processing 756/966: QF_IDL/20210312-Bouvier/vlsat3_c91.smt2
[DEBUG] Predicted solver: SMTInterpol for benchmark QF_IDL/20210312-Bouvier/vlsat3_c91.smt2
[DEBUG] Benchmark QF_IDL/20210312-Bouvier/vlsat3_c91.smt2: solved=True, runtime=284.38s, PAR-2=284.38s
[DEBUG] Processing 757/966: QF_IDL/Averest/selection_sort/SelectionSort_live_bgmc010.smt2
[DEBUG] Predicted solver: Yices2 for benchmark QF_IDL/Averest/selection_sort/SelectionSort_live_bgmc010.smt2
[DEBUG] Benchmark QF_IDL/Averest/selection_sort/SelectionSort_live_bgmc010.smt2: solved=True, runtime=0.24s, PAR-2=0.24s
[DEBUG] Processing 758/966: QF_IDL/schedulingIDL/tai_15x15_10_mkspan904.smt2
[DEBUG] Predicted solver: Yices2 for benchmark QF_IDL/schedulingIDL/tai_15x15_10_mkspan904.smt2
[DEBUG] Benchmark QF_IDL/schedulingIDL/tai_15x15_10_mkspan904.smt2: solved=True, runtime=0.53s, PAR-2=0.53s
[DEBUG] Processing 759/966: QF_IDL/asp/Labyrinth/laby_22_22_19.lp.smt2
[DEBUG] Predicted solver: Yices2 for benchmark QF_IDL/asp/Labyrinth/laby_22_22_19.lp.smt2
[DEBUG] Benchmark QF_IDL/asp/Labyrinth/laby_22_22_19.lp.smt2: solved=True, runtime=476.59s, PAR-2=476.59s
[DEBUG] Processing 760/966: QF_IDL/fuzzy-matrix/relative_zr10.srs_slice-5_constraint-295501.smt2
[DEBUG] Predicted solver: Yices2 for benchmark QF_IDL/fuzzy-matrix/relative_zr10.srs_slice-5_constraint-295501.smt2
[DEBUG] Benchmark QF_IDL/fuzzy-matrix/relative_zr10.srs_slice-5_constraint-295501.smt2: solved=False, runtime=1200.00s, PAR-2=2400.00s
[DEBUG] Processing 761/966: QF_IDL/qlock/qlock-4-10-24.base.cvc.smt2
[DEBUG] Predicted solver: Z3alpha for benchmark QF_IDL/qlock/qlock-4-10-24.base.cvc.smt2
[DEBUG] Benchmark QF_IDL/qlock/qlock-4-10-24.base.cvc.smt2: solved=True, runtime=83.15s, PAR-2=83.15s
[DEBUG] Processing 762/966: QF_IDL/queens_bench/super_queen/super_queen46-1.smt2
[DEBUG] Predicted solver: Yices2 for benchmark QF_IDL/queens_bench/super_queen/super_queen46-1.smt2
[DEBUG] Benchmark QF_IDL/queens_bench/super_queen/super_queen46-1.smt2: solved=True, runtime=0.41s, PAR-2=0.41s
[DEBUG] Processing 763/966: QF_IDL/job_shop/jobshop52-2-26-26-2-4-12.smt2
[DEBUG] Predicted solver: Yices2 for benchmark QF_IDL/job_shop/jobshop52-2-26-26-2-4-12.smt2
[DEBUG] Benchmark QF_IDL/job_shop/jobshop52-2-26-26-2-4-12.smt2: solved=True, runtime=0.55s, PAR-2=0.55s
[DEBUG] Processing 764/966: QF_IDL/20210312-Bouvier/vlsat3_c77.smt2
[DEBUG] Predicted solver: SMTInterpol for benchmark QF_IDL/20210312-Bouvier/vlsat3_c77.smt2
[DEBUG] Benchmark QF_IDL/20210312-Bouvier/vlsat3_c77.smt2: solved=True, runtime=366.02s, PAR-2=366.02s
[DEBUG] Processing 765/966: QF_IDL/20210312-Bouvier/vlsat3_c72.smt2
[DEBUG] Predicted solver: SMTInterpol for benchmark QF_IDL/20210312-Bouvier/vlsat3_c72.smt2
[DEBUG] Benchmark QF_IDL/20210312-Bouvier/vlsat3_c72.smt2: solved=False, runtime=1200.00s, PAR-2=2400.00s
[DEBUG] Processing 766/966: QF_IDL/job_shop/jobshop46-2-23-23-4-4-11.smt2
[DEBUG] Predicted solver: Yices2 for benchmark QF_IDL/job_shop/jobshop46-2-23-23-4-4-11.smt2
[DEBUG] Benchmark QF_IDL/job_shop/jobshop46-2-23-23-4-4-11.smt2: solved=False, runtime=1200.00s, PAR-2=2400.00s
[DEBUG] Processing 767/966: QF_IDL/job_shop/jobshop48-2-24-24-2-4-12.smt2
[DEBUG] Predicted solver: Yices2 for benchmark QF_IDL/job_shop/jobshop48-2-24-24-2-4-12.smt2
[DEBUG] Benchmark QF_IDL/job_shop/jobshop48-2-24-24-2-4-12.smt2: solved=True, runtime=0.49s, PAR-2=0.49s
[DEBUG] Processing 768/966: QF_IDL/parity/19.600.graph.smt2
[DEBUG] Predicted solver: Yices2 for benchmark QF_IDL/parity/19.600.graph.smt2
[DEBUG] Benchmark QF_IDL/parity/19.600.graph.smt2: solved=True, runtime=0.82s, PAR-2=0.82s
[DEBUG] Processing 769/966: QF_IDL/queens_bench/super_queen/super_queen62-1.smt2
[DEBUG] Predicted solver: Yices2 for benchmark QF_IDL/queens_bench/super_queen/super_queen62-1.smt2
[DEBUG] Benchmark QF_IDL/queens_bench/super_queen/super_queen62-1.smt2: solved=True, runtime=0.68s, PAR-2=0.68s
[DEBUG] Processing 770/966: QF_IDL/schedulingIDL/tai_15x15_7_mkspan894.smt2
[DEBUG] Predicted solver: Yices2 for benchmark QF_IDL/schedulingIDL/tai_15x15_7_mkspan894.smt2
[DEBUG] Benchmark QF_IDL/schedulingIDL/tai_15x15_7_mkspan894.smt2: solved=True, runtime=0.54s, PAR-2=0.54s
[DEBUG] Processing 771/966: QF_IDL/parity/27.600.graph.smt2
[DEBUG] Predicted solver: Yices2 for benchmark QF_IDL/parity/27.600.graph.smt2
[DEBUG] Benchmark QF_IDL/parity/27.600.graph.smt2: solved=True, runtime=61.24s, PAR-2=61.24s
[DEBUG] Processing 772/966: QF_IDL/asp/HamiltonianPath/gryzzles.44.lp.smt2
[DEBUG] Predicted solver: Yices2 for benchmark QF_IDL/asp/HamiltonianPath/gryzzles.44.lp.smt2
[DEBUG] Benchmark QF_IDL/asp/HamiltonianPath/gryzzles.44.lp.smt2: solved=True, runtime=0.51s, PAR-2=0.51s
[DEBUG] Processing 773/966: QF_IDL/parity/29.100.graph.smt2
[DEBUG] Predicted solver: Yices2 for benchmark QF_IDL/parity/29.100.graph.smt2
[DEBUG] Benchmark QF_IDL/parity/29.100.graph.smt2: solved=True, runtime=0.25s, PAR-2=0.25s
[DEBUG] Processing 774/966: QF_IDL/parity/06.200.graph.smt2
[DEBUG] Predicted solver: Yices2 for benchmark QF_IDL/parity/06.200.graph.smt2
[DEBUG] Benchmark QF_IDL/parity/06.200.graph.smt2: solved=True, runtime=0.26s, PAR-2=0.26s
[DEBUG] Processing 775/966: QF_IDL/mathsat/fischer/FISCHER14-15-ninc.smt2
[DEBUG] Predicted solver: Yices2 for benchmark QF_IDL/mathsat/fischer/FISCHER14-15-ninc.smt2
[DEBUG] Benchmark QF_IDL/mathsat/fischer/FISCHER14-15-ninc.smt2: solved=True, runtime=0.24s, PAR-2=0.24s
[DEBUG] Processing 776/966: QF_IDL/asp/HamiltonianPath/gryzzles.22.lp.smt2
[DEBUG] Predicted solver: Yices2 for benchmark QF_IDL/asp/HamiltonianPath/gryzzles.22.lp.smt2
[DEBUG] Benchmark QF_IDL/asp/HamiltonianPath/gryzzles.22.lp.smt2: solved=True, runtime=0.64s, PAR-2=0.64s
[DEBUG] Processing 777/966: QF_IDL/schedulingIDL/j7_per0_0_mkspan1053.smt2
[DEBUG] Predicted solver: Yices2 for benchmark QF_IDL/schedulingIDL/j7_per0_0_mkspan1053.smt2
[DEBUG] Benchmark QF_IDL/schedulingIDL/j7_per0_0_mkspan1053.smt2: solved=True, runtime=252.89s, PAR-2=252.89s
[DEBUG] Processing 778/966: QF_IDL/asp/BlockedNQueens/156.48.1960.36.1721297189.dat.smt2
[DEBUG] Predicted solver: Yices2 for benchmark QF_IDL/asp/BlockedNQueens/156.48.1960.36.1721297189.dat.smt2
[DEBUG] Benchmark QF_IDL/asp/BlockedNQueens/156.48.1960.36.1721297189.dat.smt2: solved=True, runtime=9.45s, PAR-2=9.45s
[DEBUG] Processing 779/966: QF_IDL/queens_bench/super_queen/super_queen73-1.smt2
[DEBUG] Predicted solver: Yices2 for benchmark QF_IDL/queens_bench/super_queen/super_queen73-1.smt2
[DEBUG] Benchmark QF_IDL/queens_bench/super_queen/super_queen73-1.smt2: solved=True, runtime=0.41s, PAR-2=0.41s
[DEBUG] Processing 780/966: QF_IDL/asp/DisjunctiveScheduling/disjunctiveScheduling.in7.smt2
[DEBUG] Predicted solver: Yices2 for benchmark QF_IDL/asp/DisjunctiveScheduling/disjunctiveScheduling.in7.smt2
[DEBUG] Benchmark QF_IDL/asp/DisjunctiveScheduling/disjunctiveScheduling.in7.smt2: solved=True, runtime=22.04s, PAR-2=22.04s
[DEBUG] Processing 781/966: QF_IDL/DTP/DTP_k2_n35_c210_s12.smt2
[DEBUG] Predicted solver: Yices2 for benchmark QF_IDL/DTP/DTP_k2_n35_c210_s12.smt2
[DEBUG] Benchmark QF_IDL/DTP/DTP_k2_n35_c210_s12.smt2: solved=True, runtime=0.27s, PAR-2=0.27s
[DEBUG] Processing 782/966: QF_IDL/asp/SchurNumbers/20.11.schur.lp.smt2
[DEBUG] Predicted solver: Yices2 for benchmark QF_IDL/asp/SchurNumbers/20.11.schur.lp.smt2
[DEBUG] Benchmark QF_IDL/asp/SchurNumbers/20.11.schur.lp.smt2: solved=True, runtime=15.89s, PAR-2=15.89s
[DEBUG] Processing 783/966: QF_IDL/asp/Fastfood/a7.3.4.tweaked.5.asp.smt2
[DEBUG] Predicted solver: Yices2 for benchmark QF_IDL/asp/Fastfood/a7.3.4.tweaked.5.asp.smt2
[DEBUG] Benchmark QF_IDL/asp/Fastfood/a7.3.4.tweaked.5.asp.smt2: solved=True, runtime=0.43s, PAR-2=0.43s
[DEBUG] Processing 784/966: QF_IDL/sal/bakery/inf-bakery-mutex-17.smt2
[DEBUG] Predicted solver: Z3alpha for benchmark QF_IDL/sal/bakery/inf-bakery-mutex-17.smt2
[DEBUG] Benchmark QF_IDL/sal/bakery/inf-bakery-mutex-17.smt2: solved=True, runtime=0.31s, PAR-2=0.31s
[DEBUG] Processing 785/966: QF_IDL/asp/Solitaire/solitaire-asymmetric-time=31.smt2
[DEBUG] Predicted solver: Yices2 for benchmark QF_IDL/asp/Solitaire/solitaire-asymmetric-time=31.smt2
[DEBUG] Benchmark QF_IDL/asp/Solitaire/solitaire-asymmetric-time=31.smt2: solved=False, runtime=1200.00s, PAR-2=2400.00s
[DEBUG] Processing 786/966: QF_IDL/asp/GeneralizedSlitherlink/altair1.20.asp.smt2
[DEBUG] Predicted solver: Yices2 for benchmark QF_IDL/asp/GeneralizedSlitherlink/altair1.20.asp.smt2
[DEBUG] Benchmark QF_IDL/asp/GeneralizedSlitherlink/altair1.20.asp.smt2: solved=True, runtime=0.78s, PAR-2=0.78s
[DEBUG] Processing 787/966: QF_IDL/schedulingIDL/tai_15x15_8_mkspan900.smt2
[DEBUG] Predicted solver: Yices2 for benchmark QF_IDL/schedulingIDL/tai_15x15_8_mkspan900.smt2
[DEBUG] Benchmark QF_IDL/schedulingIDL/tai_15x15_8_mkspan900.smt2: solved=True, runtime=0.55s, PAR-2=0.55s
[DEBUG] Processing 788/966: QF_IDL/planning/plan-47.cvc.smt2
[DEBUG] Predicted solver: Z3alpha for benchmark QF_IDL/planning/plan-47.cvc.smt2
[DEBUG] Benchmark QF_IDL/planning/plan-47.cvc.smt2: solved=True, runtime=0.98s, PAR-2=0.98s
[DEBUG] Processing 789/966: QF_IDL/parity/26.600.graph.smt2
[DEBUG] Predicted solver: Yices2 for benchmark QF_IDL/parity/26.600.graph.smt2
[DEBUG] Benchmark QF_IDL/parity/26.600.graph.smt2: solved=True, runtime=1.44s, PAR-2=1.44s
[DEBUG] Processing 790/966: QF_IDL/asp/GeneralizedSlitherlink/trisquares.19.asp.smt2
[DEBUG] Predicted solver: Yices2 for benchmark QF_IDL/asp/GeneralizedSlitherlink/trisquares.19.asp.smt2
[DEBUG] Benchmark QF_IDL/asp/GeneralizedSlitherlink/trisquares.19.asp.smt2: solved=True, runtime=0.63s, PAR-2=0.63s
[DEBUG] Processing 791/966: QF_IDL/asp/WireRouting/wire.17.x.17.b.10.a.25_unsat.data.smt2
[DEBUG] Predicted solver: Yices2 for benchmark QF_IDL/asp/WireRouting/wire.17.x.17.b.10.a.25_unsat.data.smt2
[DEBUG] Benchmark QF_IDL/asp/WireRouting/wire.17.x.17.b.10.a.25_unsat.data.smt2: solved=False, runtime=1200.00s, PAR-2=2400.00s
[DEBUG] Processing 792/966: QF_IDL/parity/02.300.graph.smt2
[DEBUG] Predicted solver: Yices2 for benchmark QF_IDL/parity/02.300.graph.smt2
[DEBUG] Benchmark QF_IDL/parity/02.300.graph.smt2: solved=True, runtime=0.38s, PAR-2=0.38s
[DEBUG] Processing 793/966: QF_IDL/diamonds/diamonds.11.2.i.a.u.smt2
[DEBUG] Predicted solver: Yices2 for benchmark QF_IDL/diamonds/diamonds.11.2.i.a.u.smt2
[DEBUG] Benchmark QF_IDL/diamonds/diamonds.11.2.i.a.u.smt2: solved=True, runtime=0.34s, PAR-2=0.34s
[DEBUG] Processing 794/966: QF_IDL/schedulingIDL/j8_per10_1_mkspan1003.smt2
[DEBUG] Predicted solver: Yices2 for benchmark QF_IDL/schedulingIDL/j8_per10_1_mkspan1003.smt2
[DEBUG] Benchmark QF_IDL/schedulingIDL/j8_per10_1_mkspan1003.smt2: solved=True, runtime=65.90s, PAR-2=65.90s
[DEBUG] Processing 795/966: QF_IDL/mathsat/fischer/FISCHER11-9-ninc.smt2
[DEBUG] Predicted solver: Yices2 for benchmark QF_IDL/mathsat/fischer/FISCHER11-9-ninc.smt2
[DEBUG] Benchmark QF_IDL/mathsat/fischer/FISCHER11-9-ninc.smt2: solved=True, runtime=2.74s, PAR-2=2.74s
[DEBUG] Processing 796/966: QF_IDL/20210312-Bouvier/vlsat3_c40.smt2
[DEBUG] Predicted solver: Z3alpha for benchmark QF_IDL/20210312-Bouvier/vlsat3_c40.smt2
[DEBUG] Benchmark QF_IDL/20210312-Bouvier/vlsat3_c40.smt2: solved=False, runtime=1200.00s, PAR-2=2400.00s
[DEBUG] Processing 797/966: QF_IDL/20210312-Bouvier/vlsat3_i41.smt2
[DEBUG] Predicted solver: SMTInterpol for benchmark QF_IDL/20210312-Bouvier/vlsat3_i41.smt2
[DEBUG] Benchmark QF_IDL/20210312-Bouvier/vlsat3_i41.smt2: solved=True, runtime=245.11s, PAR-2=245.11s
[DEBUG] Processing 798/966: QF_IDL/queens_bench/toroidal_bench/toroidal_queen57-1.smt2
[DEBUG] Predicted solver: Yices2 for benchmark QF_IDL/queens_bench/toroidal_bench/toroidal_queen57-1.smt2
[DEBUG] Benchmark QF_IDL/queens_bench/toroidal_bench/toroidal_queen57-1.smt2: solved=False, runtime=1200.00s, PAR-2=2400.00s
[DEBUG] Processing 799/966: QF_IDL/20210312-Bouvier/vlsat3_c39.smt2
[DEBUG] Predicted solver: SMTInterpol for benchmark QF_IDL/20210312-Bouvier/vlsat3_c39.smt2
[DEBUG] Benchmark QF_IDL/20210312-Bouvier/vlsat3_c39.smt2: solved=False, runtime=1200.00s, PAR-2=2400.00s
[DEBUG] Processing 800/966: QF_IDL/sal/lpsat/lpsat-goal-20.smt2
[DEBUG] Predicted solver: Z3alpha for benchmark QF_IDL/sal/lpsat/lpsat-goal-20.smt2
[DEBUG] Benchmark QF_IDL/sal/lpsat/lpsat-goal-20.smt2: solved=True, runtime=0.85s, PAR-2=0.85s
[DEBUG] Processing 801/966: QF_IDL/job_shop/jobshop42-2-21-21-2-4-12.smt2
[DEBUG] Predicted solver: Yices2 for benchmark QF_IDL/job_shop/jobshop42-2-21-21-2-4-12.smt2
[DEBUG] Benchmark QF_IDL/job_shop/jobshop42-2-21-21-2-4-12.smt2: solved=True, runtime=0.37s, PAR-2=0.37s
[DEBUG] Processing 802/966: QF_IDL/20210312-Bouvier/vlsat3_c03.smt2
[DEBUG] Predicted solver: SMTInterpol for benchmark QF_IDL/20210312-Bouvier/vlsat3_c03.smt2
[DEBUG] Benchmark QF_IDL/20210312-Bouvier/vlsat3_c03.smt2: solved=True, runtime=7.25s, PAR-2=7.25s
[DEBUG] Processing 803/966: QF_IDL/parity/27.100.graph.smt2
[DEBUG] Predicted solver: Yices2 for benchmark QF_IDL/parity/27.100.graph.smt2
[DEBUG] Benchmark QF_IDL/parity/27.100.graph.smt2: solved=True, runtime=0.22s, PAR-2=0.22s
[DEBUG] Processing 804/966: QF_IDL/Averest/binary_search/BinarySearch_safe_blmc001.smt2
[DEBUG] Predicted solver: Yices2 for benchmark QF_IDL/Averest/binary_search/BinarySearch_safe_blmc001.smt2
[DEBUG] Benchmark QF_IDL/Averest/binary_search/BinarySearch_safe_blmc001.smt2: solved=True, runtime=0.21s, PAR-2=0.21s
[DEBUG] Processing 805/966: QF_IDL/job_shop/jobshop18-2-9-9-4-4-12.smt2
[DEBUG] Predicted solver: Yices2 for benchmark QF_IDL/job_shop/jobshop18-2-9-9-4-4-12.smt2
[DEBUG] Benchmark QF_IDL/job_shop/jobshop18-2-9-9-4-4-12.smt2: solved=True, runtime=0.25s, PAR-2=0.25s
[DEBUG] Processing 806/966: QF_IDL/queens_bench/super_queen/super_queen97-1.smt2
[DEBUG] Predicted solver: Yices2 for benchmark QF_IDL/queens_bench/super_queen/super_queen97-1.smt2
[DEBUG] Benchmark QF_IDL/queens_bench/super_queen/super_queen97-1.smt2: solved=True, runtime=0.71s, PAR-2=0.71s
[DEBUG] Processing 807/966: QF_IDL/asp/ChannelRouting/channelRoute.in1.smt2
[DEBUG] Predicted solver: OpenSMT for benchmark QF_IDL/asp/ChannelRouting/channelRoute.in1.smt2
[DEBUG] Benchmark QF_IDL/asp/ChannelRouting/channelRoute.in1.smt2: solved=True, runtime=0.24s, PAR-2=0.24s
[DEBUG] Processing 808/966: QF_IDL/Averest/selection_sort/SelectionSort_safe_blmc003.smt2
[DEBUG] Predicted solver: Yices2 for benchmark QF_IDL/Averest/selection_sort/SelectionSort_safe_blmc003.smt2
[DEBUG] Benchmark QF_IDL/Averest/selection_sort/SelectionSort_safe_blmc003.smt2: solved=True, runtime=0.23s, PAR-2=0.23s
[DEBUG] Processing 809/966: QF_IDL/bcnscheduling/bcnscheduling120.smt2
[DEBUG] Predicted solver: Yices2 for benchmark QF_IDL/bcnscheduling/bcnscheduling120.smt2
[DEBUG] Benchmark QF_IDL/bcnscheduling/bcnscheduling120.smt2: solved=False, runtime=1200.00s, PAR-2=2400.00s
[DEBUG] Processing 810/966: QF_IDL/queens_bench/n_queen/queen14-1.smt2
[DEBUG] Predicted solver: Yices2 for benchmark QF_IDL/queens_bench/n_queen/queen14-1.smt2
[DEBUG] Benchmark QF_IDL/queens_bench/n_queen/queen14-1.smt2: solved=True, runtime=0.21s, PAR-2=0.21s
[DEBUG] Processing 811/966: QF_IDL/Averest/sorting_network/SortingNetwork4_live_bgmc003.smt2
[DEBUG] Predicted solver: Yices2 for benchmark QF_IDL/Averest/sorting_network/SortingNetwork4_live_bgmc003.smt2
[DEBUG] Benchmark QF_IDL/Averest/sorting_network/SortingNetwork4_live_bgmc003.smt2: solved=True, runtime=0.21s, PAR-2=0.21s
[DEBUG] Processing 812/966: QF_IDL/parity/14.800.graph.smt2
[DEBUG] Predicted solver: Yices2 for benchmark QF_IDL/parity/14.800.graph.smt2
[DEBUG] Benchmark QF_IDL/parity/14.800.graph.smt2: solved=True, runtime=1.12s, PAR-2=1.12s
[DEBUG] Processing 813/966: QF_IDL/queens_bench/n_queen/queen42-1.smt2
[DEBUG] Predicted solver: Yices2 for benchmark QF_IDL/queens_bench/n_queen/queen42-1.smt2
[DEBUG] Benchmark QF_IDL/queens_bench/n_queen/queen42-1.smt2: solved=True, runtime=0.31s, PAR-2=0.31s
[DEBUG] Processing 814/966: QF_IDL/queens_bench/toroidal_bench/toroidal_queen18-1.smt2
[DEBUG] Predicted solver: Z3alpha for benchmark QF_IDL/queens_bench/toroidal_bench/toroidal_queen18-1.smt2
[DEBUG] Benchmark QF_IDL/queens_bench/toroidal_bench/toroidal_queen18-1.smt2: solved=True, runtime=803.04s, PAR-2=803.04s
[DEBUG] Processing 815/966: QF_IDL/job_shop/jobshop40-2-20-20-2-4-12.smt2
[DEBUG] Predicted solver: Yices2 for benchmark QF_IDL/job_shop/jobshop40-2-20-20-2-4-12.smt2
[DEBUG] Benchmark QF_IDL/job_shop/jobshop40-2-20-20-2-4-12.smt2: solved=True, runtime=0.44s, PAR-2=0.44s
[DEBUG] Processing 816/966: QF_IDL/20210312-Bouvier/vlsat3_c21.smt2
[DEBUG] Predicted solver: SMTInterpol for benchmark QF_IDL/20210312-Bouvier/vlsat3_c21.smt2
[DEBUG] Benchmark QF_IDL/20210312-Bouvier/vlsat3_c21.smt2: solved=False, runtime=1200.00s, PAR-2=2400.00s
[DEBUG] Processing 817/966: QF_IDL/planning/plan-22.cvc.smt2
[DEBUG] Predicted solver: Z3alpha for benchmark QF_IDL/planning/plan-22.cvc.smt2
[DEBUG] Benchmark QF_IDL/planning/plan-22.cvc.smt2: solved=True, runtime=0.39s, PAR-2=0.39s
[DEBUG] Processing 818/966: QF_IDL/schedulingIDL/j6_per0_0_mkspan1055.smt2
[DEBUG] Predicted solver: Z3alpha for benchmark QF_IDL/schedulingIDL/j6_per0_0_mkspan1055.smt2
[DEBUG] Benchmark QF_IDL/schedulingIDL/j6_per0_0_mkspan1055.smt2: solved=True, runtime=6.90s, PAR-2=6.90s
[DEBUG] Processing 819/966: QF_IDL/parity/23.600.graph.smt2
[DEBUG] Predicted solver: Yices2 for benchmark QF_IDL/parity/23.600.graph.smt2
[DEBUG] Benchmark QF_IDL/parity/23.600.graph.smt2: solved=True, runtime=0.89s, PAR-2=0.89s
[DEBUG] Processing 820/966: QF_IDL/mathsat/fischer/FISCHER9-6-ninc.smt2
[DEBUG] Predicted solver: Z3alpha for benchmark QF_IDL/mathsat/fischer/FISCHER9-6-ninc.smt2
[DEBUG] Benchmark QF_IDL/mathsat/fischer/FISCHER9-6-ninc.smt2: solved=True, runtime=0.35s, PAR-2=0.35s
[DEBUG] Processing 821/966: QF_IDL/qlock/qlock-4-10-31.base.cvc.smt2
[DEBUG] Predicted solver: Z3alpha for benchmark QF_IDL/qlock/qlock-4-10-31.base.cvc.smt2
[DEBUG] Benchmark QF_IDL/qlock/qlock-4-10-31.base.cvc.smt2: solved=True, runtime=205.32s, PAR-2=205.32s
[DEBUG] Processing 822/966: QF_IDL/asp/KnightTour/knightTour.in10.smt2
[DEBUG] Predicted solver: Yices2 for benchmark QF_IDL/asp/KnightTour/knightTour.in10.smt2
[DEBUG] Benchmark QF_IDL/asp/KnightTour/knightTour.in10.smt2: solved=False, runtime=1200.00s, PAR-2=2400.00s
[DEBUG] Processing 823/966: QF_IDL/parity/22.100.graph.smt2
[DEBUG] Predicted solver: Yices2 for benchmark QF_IDL/parity/22.100.graph.smt2
[DEBUG] Benchmark QF_IDL/parity/22.100.graph.smt2: solved=True, runtime=0.23s, PAR-2=0.23s
[DEBUG] Processing 824/966: QF_IDL/parity/28.400.graph.smt2
[DEBUG] Predicted solver: Yices2 for benchmark QF_IDL/parity/28.400.graph.smt2
[DEBUG] Benchmark QF_IDL/parity/28.400.graph.smt2: solved=True, runtime=0.52s, PAR-2=0.52s
[DEBUG] Processing 825/966: QF_IDL/diamonds/diamonds.16.3.i.a.u.smt2
[DEBUG] Predicted solver: OpenSMT for benchmark QF_IDL/diamonds/diamonds.16.3.i.a.u.smt2
[DEBUG] Benchmark QF_IDL/diamonds/diamonds.16.3.i.a.u.smt2: solved=True, runtime=0.96s, PAR-2=0.96s
[DEBUG] Processing 826/966: QF_IDL/job_shop/jobshop12-2-6-6-4-4-12.smt2
[DEBUG] Predicted solver: Yices2 for benchmark QF_IDL/job_shop/jobshop12-2-6-6-4-4-12.smt2
[DEBUG] Benchmark QF_IDL/job_shop/jobshop12-2-6-6-4-4-12.smt2: solved=True, runtime=0.23s, PAR-2=0.23s
[DEBUG] Processing 827/966: QF_IDL/asp/WeightBoundedDominatingSet/rand_200_800_1159728969_11.lp.smt2
[DEBUG] Predicted solver: Z3alpha for benchmark QF_IDL/asp/WeightBoundedDominatingSet/rand_200_800_1159728969_11.lp.smt2
[DEBUG] Benchmark QF_IDL/asp/WeightBoundedDominatingSet/rand_200_800_1159728969_11.lp.smt2: solved=False, runtime=1200.00s, PAR-2=2400.00s
[DEBUG] Processing 828/966: QF_IDL/asp/Sokoban/duthen-990602.57.steps.12.asp.smt2
[DEBUG] Predicted solver: Yices2 for benchmark QF_IDL/asp/Sokoban/duthen-990602.57.steps.12.asp.smt2
[DEBUG] Benchmark QF_IDL/asp/Sokoban/duthen-990602.57.steps.12.asp.smt2: solved=True, runtime=0.60s, PAR-2=0.60s
[DEBUG] Processing 829/966: QF_IDL/schedulingIDL/j8_per20_2_mkspan1001.smt2
[DEBUG] Predicted solver: Yices2 for benchmark QF_IDL/schedulingIDL/j8_per20_2_mkspan1001.smt2
[DEBUG] Benchmark QF_IDL/schedulingIDL/j8_per20_2_mkspan1001.smt2: solved=True, runtime=0.25s, PAR-2=0.25s
[DEBUG] Processing 830/966: QF_IDL/queens_bench/n_queen/queen98-1.smt2
[DEBUG] Predicted solver: Yices2 for benchmark QF_IDL/queens_bench/n_queen/queen98-1.smt2
[DEBUG] Benchmark QF_IDL/queens_bench/n_queen/queen98-1.smt2: solved=True, runtime=0.70s, PAR-2=0.70s
[DEBUG] Processing 831/966: QF_IDL/job_shop/jobshop44-2-22-22-2-4-9.smt2
[DEBUG] Predicted solver: Yices2 for benchmark QF_IDL/job_shop/jobshop44-2-22-22-2-4-9.smt2
[DEBUG] Benchmark QF_IDL/job_shop/jobshop44-2-22-22-2-4-9.smt2: solved=False, runtime=1200.00s, PAR-2=2400.00s
[DEBUG] Processing 832/966: QF_IDL/queens_bench/super_queen/super_queen20-1.smt2
[DEBUG] Predicted solver: Z3alpha for benchmark QF_IDL/queens_bench/super_queen/super_queen20-1.smt2
[DEBUG] Benchmark QF_IDL/queens_bench/super_queen/super_queen20-1.smt2: solved=True, runtime=0.32s, PAR-2=0.32s
[DEBUG] Processing 833/966: QF_IDL/Averest/selection_sort/SelectionSort_live_bgmc005.smt2
[DEBUG] Predicted solver: Z3alpha for benchmark QF_IDL/Averest/selection_sort/SelectionSort_live_bgmc005.smt2
[DEBUG] Benchmark QF_IDL/Averest/selection_sort/SelectionSort_live_bgmc005.smt2: solved=True, runtime=0.31s, PAR-2=0.31s
[DEBUG] Processing 834/966: QF_IDL/schedulingIDL/tai_15x15_8_mkspan894.smt2
[DEBUG] Predicted solver: Yices2 for benchmark QF_IDL/schedulingIDL/tai_15x15_8_mkspan894.smt2
[DEBUG] Benchmark QF_IDL/schedulingIDL/tai_15x15_8_mkspan894.smt2: solved=True, runtime=0.61s, PAR-2=0.61s
[DEBUG] Processing 835/966: QF_IDL/job_shop/jobshop6-2-3-3-2-4-9.smt2
[DEBUG] Predicted solver: Yices2 for benchmark QF_IDL/job_shop/jobshop6-2-3-3-2-4-9.smt2
[DEBUG] Benchmark QF_IDL/job_shop/jobshop6-2-3-3-2-4-9.smt2: solved=True, runtime=0.21s, PAR-2=0.21s
[DEBUG] Processing 836/966: QF_IDL/fuzzy-matrix/Zantema_z053.srs_slice-8_constraint-227740.smt2
[DEBUG] Predicted solver: Yices2 for benchmark QF_IDL/fuzzy-matrix/Zantema_z053.srs_slice-8_constraint-227740.smt2
[DEBUG] Benchmark QF_IDL/fuzzy-matrix/Zantema_z053.srs_slice-8_constraint-227740.smt2: solved=True, runtime=642.74s, PAR-2=642.74s
[DEBUG] Processing 837/966: QF_IDL/20210312-Bouvier/vlsat3_i14.smt2
[DEBUG] Predicted solver: SMTInterpol for benchmark QF_IDL/20210312-Bouvier/vlsat3_i14.smt2
[DEBUG] Benchmark QF_IDL/20210312-Bouvier/vlsat3_i14.smt2: solved=False, runtime=1200.00s, PAR-2=2400.00s
[DEBUG] Processing 838/966: QF_IDL/Averest/insertion_sort/InsertionSort_safe_blmc003.smt2
[DEBUG] Predicted solver: Yices2 for benchmark QF_IDL/Averest/insertion_sort/InsertionSort_safe_blmc003.smt2
[DEBUG] Benchmark QF_IDL/Averest/insertion_sort/InsertionSort_safe_blmc003.smt2: solved=True, runtime=0.26s, PAR-2=0.26s
[DEBUG] Processing 839/966: QF_IDL/diamonds/diamonds.15.10.i.a.u.smt2
[DEBUG] Predicted solver: OpenSMT for benchmark QF_IDL/diamonds/diamonds.15.10.i.a.u.smt2
[DEBUG] Benchmark QF_IDL/diamonds/diamonds.15.10.i.a.u.smt2: solved=True, runtime=1.05s, PAR-2=1.05s
[DEBUG] Processing 840/966: QF_IDL/queens_bench/toroidal_bench/toroidal_queen31-1.smt2
[DEBUG] Predicted solver: Yices2 for benchmark QF_IDL/queens_bench/toroidal_bench/toroidal_queen31-1.smt2
[DEBUG] Benchmark QF_IDL/queens_bench/toroidal_bench/toroidal_queen31-1.smt2: solved=True, runtime=4.30s, PAR-2=4.30s
[DEBUG] Processing 841/966: QF_IDL/bcnscheduling/bcnscheduling110.smt2
[DEBUG] Predicted solver: Yices2 for benchmark QF_IDL/bcnscheduling/bcnscheduling110.smt2
[DEBUG] Benchmark QF_IDL/bcnscheduling/bcnscheduling110.smt2: solved=True, runtime=160.50s, PAR-2=160.50s
[DEBUG] Processing 842/966: QF_IDL/schedulingIDL/gp10_05_mkspan1070.smt2
[DEBUG] Predicted solver: Yices2 for benchmark QF_IDL/schedulingIDL/gp10_05_mkspan1070.smt2
[DEBUG] Benchmark QF_IDL/schedulingIDL/gp10_05_mkspan1070.smt2: solved=True, runtime=0.85s, PAR-2=0.85s
[DEBUG] Processing 843/966: QF_IDL/diamonds/diamonds.10.2.i.a.u.smt2
[DEBUG] Predicted solver: Yices2 for benchmark QF_IDL/diamonds/diamonds.10.2.i.a.u.smt2
[DEBUG] Benchmark QF_IDL/diamonds/diamonds.10.2.i.a.u.smt2: solved=True, runtime=0.26s, PAR-2=0.26s
[DEBUG] Processing 844/966: QF_IDL/asp/Hanoi/mgs_towers-hanoi.120_7.smt2
[DEBUG] Predicted solver: OpenSMT for benchmark QF_IDL/asp/Hanoi/mgs_towers-hanoi.120_7.smt2
[DEBUG] Benchmark QF_IDL/asp/Hanoi/mgs_towers-hanoi.120_7.smt2: solved=False, runtime=1200.00s, PAR-2=2400.00s
[DEBUG] Processing 845/966: QF_IDL/mathsat/fischer/FISCHER13-5-ninc.smt2
[DEBUG] Predicted solver: Yices2 for benchmark QF_IDL/mathsat/fischer/FISCHER13-5-ninc.smt2
[DEBUG] Benchmark QF_IDL/mathsat/fischer/FISCHER13-5-ninc.smt2: solved=True, runtime=0.23s, PAR-2=0.23s
[DEBUG] Processing 846/966: QF_IDL/qlock/qlock-4-10-34.base.cvc.smt2
[DEBUG] Predicted solver: Z3alpha for benchmark QF_IDL/qlock/qlock-4-10-34.base.cvc.smt2
[DEBUG] Benchmark QF_IDL/qlock/qlock-4-10-34.base.cvc.smt2: solved=True, runtime=374.05s, PAR-2=374.05s
[DEBUG] Processing 847/966: QF_IDL/parity/04.200.graph.smt2
[DEBUG] Predicted solver: Yices2 for benchmark QF_IDL/parity/04.200.graph.smt2
[DEBUG] Benchmark QF_IDL/parity/04.200.graph.smt2: solved=True, runtime=0.27s, PAR-2=0.27s
[DEBUG] Processing 848/966: QF_IDL/mathsat/fischer/FISCHER14-9-ninc.smt2
[DEBUG] Predicted solver: Yices2 for benchmark QF_IDL/mathsat/fischer/FISCHER14-9-ninc.smt2
[DEBUG] Benchmark QF_IDL/mathsat/fischer/FISCHER14-9-ninc.smt2: solved=True, runtime=2.63s, PAR-2=2.63s
[DEBUG] Processing 849/966: QF_IDL/Averest/insertion_sort/InsertionSort_safe_blmc001.smt2
[DEBUG] Predicted solver: Yices2 for benchmark QF_IDL/Averest/insertion_sort/InsertionSort_safe_blmc001.smt2
[DEBUG] Benchmark QF_IDL/Averest/insertion_sort/InsertionSort_safe_blmc001.smt2: solved=True, runtime=0.22s, PAR-2=0.22s
[DEBUG] Processing 850/966: QF_IDL/20210312-Bouvier/vlsat3_c36.smt2
[DEBUG] Predicted solver: SMTInterpol for benchmark QF_IDL/20210312-Bouvier/vlsat3_c36.smt2
[DEBUG] Benchmark QF_IDL/20210312-Bouvier/vlsat3_c36.smt2: solved=False, runtime=1200.00s, PAR-2=2400.00s
[DEBUG] Processing 851/966: QF_IDL/20220214-jobshop-BohanLi/jobshop2-4-1-1-2-4-24.smt2
[DEBUG] Predicted solver: Yices2 for benchmark QF_IDL/20220214-jobshop-BohanLi/jobshop2-4-1-1-2-4-24.smt2
[DEBUG] Benchmark QF_IDL/20220214-jobshop-BohanLi/jobshop2-4-1-1-2-4-24.smt2: solved=True, runtime=0.23s, PAR-2=0.23s
[DEBUG] Processing 852/966: QF_IDL/20210312-Bouvier/vlsat3_i18.smt2
[DEBUG] Predicted solver: SMTInterpol for benchmark QF_IDL/20210312-Bouvier/vlsat3_i18.smt2
[DEBUG] Benchmark QF_IDL/20210312-Bouvier/vlsat3_i18.smt2: solved=False, runtime=1200.00s, PAR-2=2400.00s
[DEBUG] Processing 853/966: QF_IDL/asp/Solitaire/solitaire-edge-time=24.smt2
[DEBUG] Predicted solver: Yices2 for benchmark QF_IDL/asp/Solitaire/solitaire-edge-time=24.smt2
[DEBUG] Benchmark QF_IDL/asp/Solitaire/solitaire-edge-time=24.smt2: solved=True, runtime=0.78s, PAR-2=0.78s
[DEBUG] Processing 854/966: QF_IDL/parity/03.600.graph.smt2
[DEBUG] Predicted solver: Yices2 for benchmark QF_IDL/parity/03.600.graph.smt2
[DEBUG] Benchmark QF_IDL/parity/03.600.graph.smt2: solved=True, runtime=1.15s, PAR-2=1.15s
[DEBUG] Processing 855/966: QF_IDL/Averest/fast_max/FastMax_safe_blmc000.smt2
[DEBUG] Predicted solver: Yices2 for benchmark QF_IDL/Averest/fast_max/FastMax_safe_blmc000.smt2
[DEBUG] Benchmark QF_IDL/Averest/fast_max/FastMax_safe_blmc000.smt2: solved=True, runtime=0.24s, PAR-2=0.24s
[DEBUG] Processing 856/966: QF_IDL/queens_bench/n_queen/queen75-1.smt2
[DEBUG] Predicted solver: Yices2 for benchmark QF_IDL/queens_bench/n_queen/queen75-1.smt2
[DEBUG] Benchmark QF_IDL/queens_bench/n_queen/queen75-1.smt2: solved=True, runtime=0.33s, PAR-2=0.33s
[DEBUG] Processing 857/966: QF_IDL/schedulingIDL/j8_per20_0_mkspan1001.smt2
[DEBUG] Predicted solver: Yices2 for benchmark QF_IDL/schedulingIDL/j8_per20_0_mkspan1001.smt2
[DEBUG] Benchmark QF_IDL/schedulingIDL/j8_per20_0_mkspan1001.smt2: solved=True, runtime=0.44s, PAR-2=0.44s
[DEBUG] Processing 858/966: QF_IDL/sal/bakery/inf-bakery-mutex-8.smt2
[DEBUG] Predicted solver: Yices2 for benchmark QF_IDL/sal/bakery/inf-bakery-mutex-8.smt2
[DEBUG] Benchmark QF_IDL/sal/bakery/inf-bakery-mutex-8.smt2: solved=True, runtime=0.24s, PAR-2=0.24s
[DEBUG] Processing 859/966: QF_IDL/schedulingIDL/tai_20x20_2_mkspan1323.smt2
[DEBUG] Predicted solver: Yices2 for benchmark QF_IDL/schedulingIDL/tai_20x20_2_mkspan1323.smt2
[DEBUG] Benchmark QF_IDL/schedulingIDL/tai_20x20_2_mkspan1323.smt2: solved=True, runtime=1.64s, PAR-2=1.64s
[DEBUG] Processing 860/966: QF_IDL/schedulingIDL/tai_20x20_7_mkspan1332.smt2
[DEBUG] Predicted solver: Yices2 for benchmark QF_IDL/schedulingIDL/tai_20x20_7_mkspan1332.smt2
[DEBUG] Benchmark QF_IDL/schedulingIDL/tai_20x20_7_mkspan1332.smt2: solved=True, runtime=2.49s, PAR-2=2.49s
[DEBUG] Processing 861/966: QF_IDL/parity/15.600.graph.smt2
[DEBUG] Predicted solver: Yices2 for benchmark QF_IDL/parity/15.600.graph.smt2
[DEBUG] Benchmark QF_IDL/parity/15.600.graph.smt2: solved=True, runtime=1.05s, PAR-2=1.05s
[DEBUG] Processing 862/966: QF_IDL/job_shop/jobshop24-2-12-12-4-4-11.smt2
[DEBUG] Predicted solver: Z3alpha for benchmark QF_IDL/job_shop/jobshop24-2-12-12-4-4-11.smt2
[DEBUG] Benchmark QF_IDL/job_shop/jobshop24-2-12-12-4-4-11.smt2: solved=False, runtime=1200.00s, PAR-2=2400.00s
[DEBUG] Processing 863/966: QF_IDL/20210312-Bouvier/vlsat3_c50.smt2
[DEBUG] Predicted solver: SMTInterpol for benchmark QF_IDL/20210312-Bouvier/vlsat3_c50.smt2
[DEBUG] Benchmark QF_IDL/20210312-Bouvier/vlsat3_c50.smt2: solved=False, runtime=1200.00s, PAR-2=2400.00s
[DEBUG] Processing 864/966: QF_IDL/schedulingIDL/j8_per10_1_mkspan1002.smt2
[DEBUG] Predicted solver: Yices2 for benchmark QF_IDL/schedulingIDL/j8_per10_1_mkspan1002.smt2
[DEBUG] Benchmark QF_IDL/schedulingIDL/j8_per10_1_mkspan1002.smt2: solved=True, runtime=1.72s, PAR-2=1.72s
[DEBUG] Processing 865/966: QF_IDL/queens_bench/toroidal_bench/toroidal_queen15-1.smt2
[DEBUG] Predicted solver: Z3alpha for benchmark QF_IDL/queens_bench/toroidal_bench/toroidal_queen15-1.smt2
[DEBUG] Benchmark QF_IDL/queens_bench/toroidal_bench/toroidal_queen15-1.smt2: solved=True, runtime=4.33s, PAR-2=4.33s
[DEBUG] Processing 866/966: QF_IDL/asp/BlockedNQueens/156.48.1960.36.1721329185.dat.smt2
[DEBUG] Predicted solver: Z3alpha for benchmark QF_IDL/asp/BlockedNQueens/156.48.1960.36.1721329185.dat.smt2
[DEBUG] Benchmark QF_IDL/asp/BlockedNQueens/156.48.1960.36.1721329185.dat.smt2: solved=True, runtime=27.22s, PAR-2=27.22s
[DEBUG] Processing 867/966: QF_IDL/Averest/partition/Partition_live_bgmc002.smt2
[DEBUG] Predicted solver: Yices2 for benchmark QF_IDL/Averest/partition/Partition_live_bgmc002.smt2
[DEBUG] Benchmark QF_IDL/Averest/partition/Partition_live_bgmc002.smt2: solved=True, runtime=0.21s, PAR-2=0.21s
[DEBUG] Processing 868/966: QF_IDL/asp/BlockedNQueens/156.48.1960.36.1721303981.dat.smt2
[DEBUG] Predicted solver: Yices2 for benchmark QF_IDL/asp/BlockedNQueens/156.48.1960.36.1721303981.dat.smt2
[DEBUG] Benchmark QF_IDL/asp/BlockedNQueens/156.48.1960.36.1721303981.dat.smt2: solved=True, runtime=40.08s, PAR-2=40.08s
[DEBUG] Processing 869/966: QF_IDL/Averest/selection_sort/SelectionSort_safe_blmc006.smt2
[DEBUG] Predicted solver: cvc5 for benchmark QF_IDL/Averest/selection_sort/SelectionSort_safe_blmc006.smt2
[DEBUG] Benchmark QF_IDL/Averest/selection_sort/SelectionSort_safe_blmc006.smt2: solved=True, runtime=0.55s, PAR-2=0.55s
[DEBUG] Processing 870/966: QF_IDL/sal/lpsat/lpsat-goal-9.smt2
[DEBUG] Predicted solver: Yices2 for benchmark QF_IDL/sal/lpsat/lpsat-goal-9.smt2
[DEBUG] Benchmark QF_IDL/sal/lpsat/lpsat-goal-9.smt2: solved=True, runtime=0.23s, PAR-2=0.23s
[DEBUG] Processing 871/966: QF_IDL/mathsat/fischer/FISCHER5-5-ninc.smt2
[DEBUG] Predicted solver: Yices2 for benchmark QF_IDL/mathsat/fischer/FISCHER5-5-ninc.smt2
[DEBUG] Benchmark QF_IDL/mathsat/fischer/FISCHER5-5-ninc.smt2: solved=True, runtime=0.24s, PAR-2=0.24s
[DEBUG] Processing 872/966: QF_IDL/Averest/sorting_network/SortingNetwork4_live_blmc003.smt2
[DEBUG] Predicted solver: Z3alpha for benchmark QF_IDL/Averest/sorting_network/SortingNetwork4_live_blmc003.smt2
[DEBUG] Benchmark QF_IDL/Averest/sorting_network/SortingNetwork4_live_blmc003.smt2: solved=True, runtime=0.27s, PAR-2=0.27s
[DEBUG] Processing 873/966: QF_IDL/schedulingIDL/j7_per0_2_mkspan1059.smt2
[DEBUG] Predicted solver: Yices2 for benchmark QF_IDL/schedulingIDL/j7_per0_2_mkspan1059.smt2
[DEBUG] Benchmark QF_IDL/schedulingIDL/j7_per0_2_mkspan1059.smt2: solved=True, runtime=0.54s, PAR-2=0.54s
[DEBUG] Processing 874/966: QF_IDL/mathsat/fischer/FISCHER11-4-ninc.smt2
[DEBUG] Predicted solver: Z3alpha for benchmark QF_IDL/mathsat/fischer/FISCHER11-4-ninc.smt2
[DEBUG] Benchmark QF_IDL/mathsat/fischer/FISCHER11-4-ninc.smt2: solved=True, runtime=0.33s, PAR-2=0.33s
[DEBUG] Processing 875/966: QF_IDL/sal/lpsat/lpsat-goal-8.smt2
[DEBUG] Predicted solver: Yices2 for benchmark QF_IDL/sal/lpsat/lpsat-goal-8.smt2
[DEBUG] Benchmark QF_IDL/sal/lpsat/lpsat-goal-8.smt2: solved=True, runtime=0.25s, PAR-2=0.25s
[DEBUG] Processing 876/966: QF_IDL/queens_bench/n_queen/queen70-1.smt2
[DEBUG] Predicted solver: Yices2 for benchmark QF_IDL/queens_bench/n_queen/queen70-1.smt2
[DEBUG] Benchmark QF_IDL/queens_bench/n_queen/queen70-1.smt2: solved=True, runtime=0.82s, PAR-2=0.82s
[DEBUG] Processing 877/966: QF_IDL/schedulingIDL/j7_per20_2_mkspan1004.smt2
[DEBUG] Predicted solver: Yices2 for benchmark QF_IDL/schedulingIDL/j7_per20_2_mkspan1004.smt2
[DEBUG] Benchmark QF_IDL/schedulingIDL/j7_per20_2_mkspan1004.smt2: solved=True, runtime=0.32s, PAR-2=0.32s
[DEBUG] Processing 878/966: QF_IDL/parity/02.100.graph.smt2
[DEBUG] Predicted solver: Yices2 for benchmark QF_IDL/parity/02.100.graph.smt2
[DEBUG] Benchmark QF_IDL/parity/02.100.graph.smt2: solved=True, runtime=0.22s, PAR-2=0.22s
[DEBUG] Processing 879/966: QF_IDL/schedulingIDL/tai_15x15_5_mkspan949.smt2
[DEBUG] Predicted solver: Yices2 for benchmark QF_IDL/schedulingIDL/tai_15x15_5_mkspan949.smt2
[DEBUG] Benchmark QF_IDL/schedulingIDL/tai_15x15_5_mkspan949.smt2: solved=True, runtime=0.59s, PAR-2=0.59s
[DEBUG] Processing 880/966: QF_IDL/asp/WeightBoundedDominatingSet/rand_150_600_1159731678_3.lp.smt2
[DEBUG] Predicted solver: Z3alpha for benchmark QF_IDL/asp/WeightBoundedDominatingSet/rand_150_600_1159731678_3.lp.smt2
[DEBUG] Benchmark QF_IDL/asp/WeightBoundedDominatingSet/rand_150_600_1159731678_3.lp.smt2: solved=True, runtime=21.68s, PAR-2=21.68s
[DEBUG] Processing 881/966: QF_IDL/schedulingIDL/tai_20x20_10_mkspan1562.smt2
[DEBUG] Predicted solver: Yices2 for benchmark QF_IDL/schedulingIDL/tai_20x20_10_mkspan1562.smt2
[DEBUG] Benchmark QF_IDL/schedulingIDL/tai_20x20_10_mkspan1562.smt2: solved=True, runtime=1.46s, PAR-2=1.46s
[DEBUG] Processing 882/966: QF_IDL/20210312-Bouvier/vlsat3_c32.smt2
[DEBUG] Predicted solver: cvc5 for benchmark QF_IDL/20210312-Bouvier/vlsat3_c32.smt2
[DEBUG] Benchmark QF_IDL/20210312-Bouvier/vlsat3_c32.smt2: solved=True, runtime=248.06s, PAR-2=248.06s
[DEBUG] Processing 883/966: QF_IDL/Averest/selection_sort/SelectionSort_safe_bgmc002.smt2
[DEBUG] Predicted solver: Yices2 for benchmark QF_IDL/Averest/selection_sort/SelectionSort_safe_bgmc002.smt2
[DEBUG] Benchmark QF_IDL/Averest/selection_sort/SelectionSort_safe_bgmc002.smt2: solved=True, runtime=0.25s, PAR-2=0.25s
[DEBUG] Processing 884/966: QF_IDL/schedulingIDL/tai_20x20_6_mkspan1547.smt2
[DEBUG] Predicted solver: Yices2 for benchmark QF_IDL/schedulingIDL/tai_20x20_6_mkspan1547.smt2
[DEBUG] Benchmark QF_IDL/schedulingIDL/tai_20x20_6_mkspan1547.smt2: solved=True, runtime=1.40s, PAR-2=1.40s
[DEBUG] Processing 885/966: QF_IDL/parity/13.500.graph.smt2
[DEBUG] Predicted solver: Yices2 for benchmark QF_IDL/parity/13.500.graph.smt2
[DEBUG] Benchmark QF_IDL/parity/13.500.graph.smt2: solved=True, runtime=0.66s, PAR-2=0.66s
[DEBUG] Processing 886/966: QF_IDL/job_shop/jobshop32-2-16-16-2-4-9.smt2
[DEBUG] Predicted solver: Z3alpha for benchmark QF_IDL/job_shop/jobshop32-2-16-16-2-4-9.smt2
[DEBUG] Benchmark QF_IDL/job_shop/jobshop32-2-16-16-2-4-9.smt2: solved=True, runtime=0.74s, PAR-2=0.74s
[DEBUG] Processing 887/966: QF_IDL/parity/19.800.graph.smt2
[DEBUG] Predicted solver: Yices2 for benchmark QF_IDL/parity/19.800.graph.smt2
[DEBUG] Benchmark QF_IDL/parity/19.800.graph.smt2: solved=True, runtime=2.28s, PAR-2=2.28s
[DEBUG] Processing 888/966: QF_IDL/queens_bench/super_queen/super_queen60-1.smt2
[DEBUG] Predicted solver: Yices2 for benchmark QF_IDL/queens_bench/super_queen/super_queen60-1.smt2
[DEBUG] Benchmark QF_IDL/queens_bench/super_queen/super_queen60-1.smt2: solved=True, runtime=0.32s, PAR-2=0.32s
[DEBUG] Processing 889/966: QF_IDL/mathsat/fischer/FISCHER14-1-ninc.smt2
[DEBUG] Predicted solver: Yices2 for benchmark QF_IDL/mathsat/fischer/FISCHER14-1-ninc.smt2
[DEBUG] Benchmark QF_IDL/mathsat/fischer/FISCHER14-1-ninc.smt2: solved=True, runtime=0.21s, PAR-2=0.21s
[DEBUG] Processing 890/966: QF_IDL/schedulingIDL/tai_15x15_10_mkspan903.smt2
[DEBUG] Predicted solver: Yices2 for benchmark QF_IDL/schedulingIDL/tai_15x15_10_mkspan903.smt2
[DEBUG] Benchmark QF_IDL/schedulingIDL/tai_15x15_10_mkspan903.smt2: solved=True, runtime=0.65s, PAR-2=0.65s
[DEBUG] Processing 891/966: QF_IDL/queens_bench/super_queen/super_queen26-1.smt2
[DEBUG] Predicted solver: Z3alpha for benchmark QF_IDL/queens_bench/super_queen/super_queen26-1.smt2
[DEBUG] Benchmark QF_IDL/queens_bench/super_queen/super_queen26-1.smt2: solved=True, runtime=0.28s, PAR-2=0.28s
[DEBUG] Processing 892/966: QF_IDL/schedulingIDL/tai_10x10_5_mkspan640.smt2
[DEBUG] Predicted solver: Yices2 for benchmark QF_IDL/schedulingIDL/tai_10x10_5_mkspan640.smt2
[DEBUG] Benchmark QF_IDL/schedulingIDL/tai_10x10_5_mkspan640.smt2: solved=True, runtime=0.33s, PAR-2=0.33s
[DEBUG] Processing 893/966: QF_IDL/asp/ChannelRouting/channelRoute.in9.smt2
[DEBUG] Predicted solver: Yices2 for benchmark QF_IDL/asp/ChannelRouting/channelRoute.in9.smt2
[DEBUG] Benchmark QF_IDL/asp/ChannelRouting/channelRoute.in9.smt2: solved=True, runtime=0.44s, PAR-2=0.44s
[DEBUG] Processing 894/966: QF_IDL/asp/Hanoi/mgs_towers-hanoi.73_7.smt2
[DEBUG] Predicted solver: Yices2 for benchmark QF_IDL/asp/Hanoi/mgs_towers-hanoi.73_7.smt2
[DEBUG] Benchmark QF_IDL/asp/Hanoi/mgs_towers-hanoi.73_7.smt2: solved=True, runtime=20.80s, PAR-2=20.80s
[DEBUG] Processing 895/966: QF_IDL/asp/EdgeMatching/edge-matching-width=8-height=8-colours=12.smt2
[DEBUG] Predicted solver: Yices2 for benchmark QF_IDL/asp/EdgeMatching/edge-matching-width=8-height=8-colours=12.smt2
[DEBUG] Benchmark QF_IDL/asp/EdgeMatching/edge-matching-width=8-height=8-colours=12.smt2: solved=True, runtime=8.38s, PAR-2=8.38s
[DEBUG] Processing 896/966: QF_IDL/schedulingIDL/j8_per0_1_mkspan1077.smt2
[DEBUG] Predicted solver: Yices2 for benchmark QF_IDL/schedulingIDL/j8_per0_1_mkspan1077.smt2
[DEBUG] Benchmark QF_IDL/schedulingIDL/j8_per0_1_mkspan1077.smt2: solved=True, runtime=0.29s, PAR-2=0.29s
[DEBUG] Processing 897/966: QF_IDL/schedulingIDL/tai_15x15_10_mkspan910.smt2
[DEBUG] Predicted solver: Yices2 for benchmark QF_IDL/schedulingIDL/tai_15x15_10_mkspan910.smt2
[DEBUG] Benchmark QF_IDL/schedulingIDL/tai_15x15_10_mkspan910.smt2: solved=True, runtime=0.50s, PAR-2=0.50s
[DEBUG] Processing 898/966: QF_IDL/schedulingIDL/tai_15x15_8_mkspan893.smt2
[DEBUG] Predicted solver: Yices2 for benchmark QF_IDL/schedulingIDL/tai_15x15_8_mkspan893.smt2
[DEBUG] Benchmark QF_IDL/schedulingIDL/tai_15x15_8_mkspan893.smt2: solved=True, runtime=0.65s, PAR-2=0.65s
[DEBUG] Processing 899/966: QF_IDL/parity/09.400.graph.smt2
[DEBUG] Predicted solver: Yices2 for benchmark QF_IDL/parity/09.400.graph.smt2
[DEBUG] Benchmark QF_IDL/parity/09.400.graph.smt2: solved=True, runtime=0.54s, PAR-2=0.54s
[DEBUG] Processing 900/966: QF_IDL/asp/Sokoban/duthen-990602.67.steps.10.asp.smt2
[DEBUG] Predicted solver: Yices2 for benchmark QF_IDL/asp/Sokoban/duthen-990602.67.steps.10.asp.smt2
[DEBUG] Benchmark QF_IDL/asp/Sokoban/duthen-990602.67.steps.10.asp.smt2: solved=True, runtime=1.12s, PAR-2=1.12s
[DEBUG] Processing 901/966: QF_IDL/DTP/DTP_k2_n35_c245_s3.smt2
[DEBUG] Predicted solver: Z3alpha for benchmark QF_IDL/DTP/DTP_k2_n35_c245_s3.smt2
[DEBUG] Benchmark QF_IDL/DTP/DTP_k2_n35_c245_s3.smt2: solved=True, runtime=0.30s, PAR-2=0.30s
[DEBUG] Processing 902/966: QF_IDL/asp/GeneralizedSlitherlink/trisquares.35.asp.smt2
[DEBUG] Predicted solver: Yices2 for benchmark QF_IDL/asp/GeneralizedSlitherlink/trisquares.35.asp.smt2
[DEBUG] Benchmark QF_IDL/asp/GeneralizedSlitherlink/trisquares.35.asp.smt2: solved=True, runtime=0.55s, PAR-2=0.55s
[DEBUG] Processing 903/966: QF_IDL/parity/24.400.graph.smt2
[DEBUG] Predicted solver: Yices2 for benchmark QF_IDL/parity/24.400.graph.smt2
[DEBUG] Benchmark QF_IDL/parity/24.400.graph.smt2: solved=True, runtime=0.52s, PAR-2=0.52s
[DEBUG] Processing 904/966: QF_IDL/Averest/sorting_network/SortingNetwork8_safe_blmc010.smt2
[DEBUG] Predicted solver: OpenSMT for benchmark QF_IDL/Averest/sorting_network/SortingNetwork8_safe_blmc010.smt2
[DEBUG] Benchmark QF_IDL/Averest/sorting_network/SortingNetwork8_safe_blmc010.smt2: solved=True, runtime=0.83s, PAR-2=0.83s
[DEBUG] Processing 905/966: QF_IDL/queens_bench/n_queen/queen38-1.smt2
[DEBUG] Predicted solver: Yices2 for benchmark QF_IDL/queens_bench/n_queen/queen38-1.smt2
[DEBUG] Benchmark QF_IDL/queens_bench/n_queen/queen38-1.smt2: solved=True, runtime=0.34s, PAR-2=0.34s
[DEBUG] Processing 906/966: QF_IDL/schedulingIDL/j7_per20_2_mkspan1002.smt2
[DEBUG] Predicted solver: Yices2 for benchmark QF_IDL/schedulingIDL/j7_per20_2_mkspan1002.smt2
[DEBUG] Benchmark QF_IDL/schedulingIDL/j7_per20_2_mkspan1002.smt2: solved=True, runtime=1.33s, PAR-2=1.33s
[DEBUG] Processing 907/966: QF_IDL/Averest/buble_sort/BubbleSort_safe_bgmc008.smt2
[DEBUG] Predicted solver: Yices2 for benchmark QF_IDL/Averest/buble_sort/BubbleSort_safe_bgmc008.smt2
[DEBUG] Benchmark QF_IDL/Averest/buble_sort/BubbleSort_safe_bgmc008.smt2: solved=True, runtime=0.26s, PAR-2=0.26s
[DEBUG] Processing 908/966: QF_IDL/schedulingIDL/j7_per20_2_mkspan1009.smt2
[DEBUG] Predicted solver: Yices2 for benchmark QF_IDL/schedulingIDL/j7_per20_2_mkspan1009.smt2
[DEBUG] Benchmark QF_IDL/schedulingIDL/j7_per20_2_mkspan1009.smt2: solved=True, runtime=0.26s, PAR-2=0.26s
[DEBUG] Processing 909/966: QF_IDL/queens_bench/super_queen/super_queen55-1.smt2
[DEBUG] Predicted solver: Yices2 for benchmark QF_IDL/queens_bench/super_queen/super_queen55-1.smt2
[DEBUG] Benchmark QF_IDL/queens_bench/super_queen/super_queen55-1.smt2: solved=True, runtime=0.31s, PAR-2=0.31s
[DEBUG] Processing 910/966: QF_IDL/asp/MazeGeneration/maze-generation-width=18-height=18-density=0.01-run=3.smt2
[DEBUG] Predicted solver: Yices2 for benchmark QF_IDL/asp/MazeGeneration/maze-generation-width=18-height=18-density=0.01-run=3.smt2
[DEBUG] Benchmark QF_IDL/asp/MazeGeneration/maze-generation-width=18-height=18-density=0.01-run=3.smt2: solved=True, runtime=896.03s, PAR-2=896.03s
[DEBUG] Processing 911/966: QF_IDL/asp/Sokoban/dimitri_yorick.57.steps.7.asp.smt2
[DEBUG] Predicted solver: Yices2 for benchmark QF_IDL/asp/Sokoban/dimitri_yorick.57.steps.7.asp.smt2
[DEBUG] Benchmark QF_IDL/asp/Sokoban/dimitri_yorick.57.steps.7.asp.smt2: solved=True, runtime=0.46s, PAR-2=0.46s
[DEBUG] Processing 912/966: QF_IDL/Averest/parallel_search/ParallelSearch_live_bgmc002.smt2
[DEBUG] Predicted solver: Yices2 for benchmark QF_IDL/Averest/parallel_search/ParallelSearch_live_bgmc002.smt2
[DEBUG] Benchmark QF_IDL/Averest/parallel_search/ParallelSearch_live_bgmc002.smt2: solved=True, runtime=0.24s, PAR-2=0.24s
[DEBUG] Processing 913/966: QF_IDL/mathsat/post_office/PO3-9-PO3.smt2
[DEBUG] Predicted solver: Yices2 for benchmark QF_IDL/mathsat/post_office/PO3-9-PO3.smt2
[DEBUG] Benchmark QF_IDL/mathsat/post_office/PO3-9-PO3.smt2: solved=True, runtime=0.23s, PAR-2=0.23s
[DEBUG] Processing 914/966: QF_IDL/RTCL/b02_tf_15/ckt_PROP0_tf_15.smt2
[DEBUG] Predicted solver: Yices2 for benchmark QF_IDL/RTCL/b02_tf_15/ckt_PROP0_tf_15.smt2
[DEBUG] Benchmark QF_IDL/RTCL/b02_tf_15/ckt_PROP0_tf_15.smt2: solved=True, runtime=0.21s, PAR-2=0.21s
[DEBUG] Processing 915/966: QF_IDL/mathsat/fischer/FISCHER12-1-ninc.smt2
[DEBUG] Predicted solver: Yices2 for benchmark QF_IDL/mathsat/fischer/FISCHER12-1-ninc.smt2
[DEBUG] Benchmark QF_IDL/mathsat/fischer/FISCHER12-1-ninc.smt2: solved=True, runtime=0.24s, PAR-2=0.24s
[DEBUG] Processing 916/966: QF_IDL/Averest/linear_search/LinearSearch_live_blmc004.smt2
[DEBUG] Predicted solver: Z3alpha for benchmark QF_IDL/Averest/linear_search/LinearSearch_live_blmc004.smt2
[DEBUG] Benchmark QF_IDL/Averest/linear_search/LinearSearch_live_blmc004.smt2: solved=True, runtime=0.28s, PAR-2=0.28s
[DEBUG] Processing 917/966: QF_IDL/asp/15Puzzle/15-puzzle.init10.smt2
[DEBUG] Predicted solver: Z3alpha for benchmark QF_IDL/asp/15Puzzle/15-puzzle.init10.smt2
[DEBUG] Benchmark QF_IDL/asp/15Puzzle/15-puzzle.init10.smt2: solved=True, runtime=52.76s, PAR-2=52.76s
[DEBUG] Processing 918/966: QF_IDL/schedulingIDL/tai_10x10_7_mkspan633.smt2
[DEBUG] Predicted solver: Yices2 for benchmark QF_IDL/schedulingIDL/tai_10x10_7_mkspan633.smt2
[DEBUG] Benchmark QF_IDL/schedulingIDL/tai_10x10_7_mkspan633.smt2: solved=True, runtime=0.25s, PAR-2=0.25s
[DEBUG] Processing 919/966: QF_IDL/20220214-jobshop-BohanLi/jobshop54-4-27-27-4-4-32.smt2
[DEBUG] Predicted solver: Yices2 for benchmark QF_IDL/20220214-jobshop-BohanLi/jobshop54-4-27-27-4-4-32.smt2
[DEBUG] Benchmark QF_IDL/20220214-jobshop-BohanLi/jobshop54-4-27-27-4-4-32.smt2: solved=False, runtime=1200.00s, PAR-2=2400.00s
[DEBUG] Processing 920/966: QF_IDL/20220214-jobshop-BohanLi/jobshop16-4-8-8-2-4-24.smt2
[DEBUG] Predicted solver: Z3alpha for benchmark QF_IDL/20220214-jobshop-BohanLi/jobshop16-4-8-8-2-4-24.smt2
[DEBUG] Benchmark QF_IDL/20220214-jobshop-BohanLi/jobshop16-4-8-8-2-4-24.smt2: solved=False, runtime=1200.00s, PAR-2=2400.00s
[DEBUG] Processing 921/966: QF_IDL/parity/04.500.graph.smt2
[DEBUG] Predicted solver: Yices2 for benchmark QF_IDL/parity/04.500.graph.smt2
[DEBUG] Benchmark QF_IDL/parity/04.500.graph.smt2: solved=True, runtime=0.67s, PAR-2=0.67s
[DEBUG] Processing 922/966: QF_IDL/schedulingIDL/tai_10x10_5_mkspan642.smt2
[DEBUG] Predicted solver: Yices2 for benchmark QF_IDL/schedulingIDL/tai_10x10_5_mkspan642.smt2
[DEBUG] Benchmark QF_IDL/schedulingIDL/tai_10x10_5_mkspan642.smt2: solved=True, runtime=0.29s, PAR-2=0.29s
[DEBUG] Processing 923/966: QF_IDL/20220214-jobshop-BohanLi/jobshop44-4-22-22-4-4-32.smt2
[DEBUG] Predicted solver: Yices2 for benchmark QF_IDL/20220214-jobshop-BohanLi/jobshop44-4-22-22-4-4-32.smt2
[DEBUG] Benchmark QF_IDL/20220214-jobshop-BohanLi/jobshop44-4-22-22-4-4-32.smt2: solved=False, runtime=1200.00s, PAR-2=2400.00s
[DEBUG] Processing 924/966: QF_IDL/planning/plan-21.cvc.smt2
[DEBUG] Predicted solver: Z3alpha for benchmark QF_IDL/planning/plan-21.cvc.smt2
[DEBUG] Benchmark QF_IDL/planning/plan-21.cvc.smt2: solved=True, runtime=0.36s, PAR-2=0.36s
[DEBUG] Processing 925/966: QF_IDL/bcnscheduling/bcnscheduling145.smt2
[DEBUG] Predicted solver: Z3alpha for benchmark QF_IDL/bcnscheduling/bcnscheduling145.smt2
[DEBUG] Benchmark QF_IDL/bcnscheduling/bcnscheduling145.smt2: solved=True, runtime=2.93s, PAR-2=2.93s
[DEBUG] Processing 926/966: QF_IDL/asp/MazeGeneration/maze-generation-width=16-height=16-density=0.01-run=5.smt2
[DEBUG] Predicted solver: Z3alpha for benchmark QF_IDL/asp/MazeGeneration/maze-generation-width=16-height=16-density=0.01-run=5.smt2
[DEBUG] Benchmark QF_IDL/asp/MazeGeneration/maze-generation-width=16-height=16-density=0.01-run=5.smt2: solved=True, runtime=2.11s, PAR-2=2.11s
[DEBUG] Processing 927/966: QF_IDL/parity/25.200.graph.smt2
[DEBUG] Predicted solver: Yices2 for benchmark QF_IDL/parity/25.200.graph.smt2
[DEBUG] Benchmark QF_IDL/parity/25.200.graph.smt2: solved=True, runtime=0.32s, PAR-2=0.32s
[DEBUG] Processing 928/966: QF_IDL/20210312-Bouvier/vlsat3_c33.smt2
[DEBUG] Predicted solver: SMTInterpol for benchmark QF_IDL/20210312-Bouvier/vlsat3_c33.smt2
[DEBUG] Benchmark QF_IDL/20210312-Bouvier/vlsat3_c33.smt2: solved=False, runtime=1200.00s, PAR-2=2400.00s
[DEBUG] Processing 929/966: QF_IDL/job_shop/jobshop24-2-12-12-2-4-9.smt2
[DEBUG] Predicted solver: Z3alpha for benchmark QF_IDL/job_shop/jobshop24-2-12-12-2-4-9.smt2
[DEBUG] Benchmark QF_IDL/job_shop/jobshop24-2-12-12-2-4-9.smt2: solved=False, runtime=1200.00s, PAR-2=2400.00s
[DEBUG] Processing 930/966: QF_IDL/asp/WeightBoundedDominatingSet/rand_100_400_1159666138_7.lp.smt2
[DEBUG] Predicted solver: Z3alpha for benchmark QF_IDL/asp/WeightBoundedDominatingSet/rand_100_400_1159666138_7.lp.smt2
[DEBUG] Benchmark QF_IDL/asp/WeightBoundedDominatingSet/rand_100_400_1159666138_7.lp.smt2: solved=True, runtime=5.29s, PAR-2=5.29s
[DEBUG] Processing 931/966: QF_IDL/schedulingIDL/j7_per0_0_mkspan1051.smt2
[DEBUG] Predicted solver: Yices2 for benchmark QF_IDL/schedulingIDL/j7_per0_0_mkspan1051.smt2
[DEBUG] Benchmark QF_IDL/schedulingIDL/j7_per0_0_mkspan1051.smt2: solved=True, runtime=15.23s, PAR-2=15.23s
[DEBUG] Processing 932/966: QF_IDL/DTP/DTP_k2_n35_c245_s19.smt2
[DEBUG] Predicted solver: cvc5 for benchmark QF_IDL/DTP/DTP_k2_n35_c245_s19.smt2
[DEBUG] Benchmark QF_IDL/DTP/DTP_k2_n35_c245_s19.smt2: solved=True, runtime=0.57s, PAR-2=0.57s
[DEBUG] Processing 933/966: QF_IDL/20220214-jobshop-BohanLi/jobshop26-4-13-13-4-4-32.smt2
[DEBUG] Predicted solver: Yices2 for benchmark QF_IDL/20220214-jobshop-BohanLi/jobshop26-4-13-13-4-4-32.smt2
[DEBUG] Benchmark QF_IDL/20220214-jobshop-BohanLi/jobshop26-4-13-13-4-4-32.smt2: solved=False, runtime=1200.00s, PAR-2=2400.00s
[DEBUG] Processing 934/966: QF_IDL/schedulingIDL/tai_10x10_7_mkspan624.smt2
[DEBUG] Predicted solver: Yices2 for benchmark QF_IDL/schedulingIDL/tai_10x10_7_mkspan624.smt2
[DEBUG] Benchmark QF_IDL/schedulingIDL/tai_10x10_7_mkspan624.smt2: solved=True, runtime=0.26s, PAR-2=0.26s
[DEBUG] Processing 935/966: QF_IDL/RTCL/b13_tf_9_PROP14/ckt_PROP14_tf_9.smt2
[DEBUG] Predicted solver: Yices2 for benchmark QF_IDL/RTCL/b13_tf_9_PROP14/ckt_PROP14_tf_9.smt2
[DEBUG] Benchmark QF_IDL/RTCL/b13_tf_9_PROP14/ckt_PROP14_tf_9.smt2: solved=True, runtime=0.21s, PAR-2=0.21s
[DEBUG] Processing 936/966: QF_IDL/queens_bench/super_queen/super_queen98-1.smt2
[DEBUG] Predicted solver: Yices2 for benchmark QF_IDL/queens_bench/super_queen/super_queen98-1.smt2
[DEBUG] Benchmark QF_IDL/queens_bench/super_queen/super_queen98-1.smt2: solved=True, runtime=0.97s, PAR-2=0.97s
[DEBUG] Processing 937/966: QF_IDL/mathsat/post_office/PO3-4-PO3.smt2
[DEBUG] Predicted solver: Yices2 for benchmark QF_IDL/mathsat/post_office/PO3-4-PO3.smt2
[DEBUG] Benchmark QF_IDL/mathsat/post_office/PO3-4-PO3.smt2: solved=True, runtime=0.22s, PAR-2=0.22s
[DEBUG] Processing 938/966: QF_IDL/Averest/insertion_sort/InsertionSort_safe_bgmc003.smt2
[DEBUG] Predicted solver: Yices2 for benchmark QF_IDL/Averest/insertion_sort/InsertionSort_safe_bgmc003.smt2
[DEBUG] Benchmark QF_IDL/Averest/insertion_sort/InsertionSort_safe_bgmc003.smt2: solved=True, runtime=0.21s, PAR-2=0.21s
[DEBUG] Processing 939/966: QF_IDL/fuzzy-matrix/Zantema_z064.srs_slice-6_constraint-209485.smt2
[DEBUG] Predicted solver: Yices2 for benchmark QF_IDL/fuzzy-matrix/Zantema_z064.srs_slice-6_constraint-209485.smt2
[DEBUG] Benchmark QF_IDL/fuzzy-matrix/Zantema_z064.srs_slice-6_constraint-209485.smt2: solved=False, runtime=1200.00s, PAR-2=2400.00s
[DEBUG] Processing 940/966: QF_IDL/parity/09.500.graph.smt2
[DEBUG] Predicted solver: Yices2 for benchmark QF_IDL/parity/09.500.graph.smt2
[DEBUG] Benchmark QF_IDL/parity/09.500.graph.smt2: solved=True, runtime=1.15s, PAR-2=1.15s
[DEBUG] Processing 941/966: QF_IDL/qlock/qlock-4-10-22.induction.cvc.smt2
[DEBUG] Predicted solver: Yices2 for benchmark QF_IDL/qlock/qlock-4-10-22.induction.cvc.smt2
[DEBUG] Benchmark QF_IDL/qlock/qlock-4-10-22.induction.cvc.smt2: solved=True, runtime=0.28s, PAR-2=0.28s
[DEBUG] Processing 942/966: QF_IDL/asp/SchurNumbers/15.16.schur.lp.smt2
[DEBUG] Predicted solver: Z3alpha for benchmark QF_IDL/asp/SchurNumbers/15.16.schur.lp.smt2
[DEBUG] Benchmark QF_IDL/asp/SchurNumbers/15.16.schur.lp.smt2: solved=True, runtime=147.71s, PAR-2=147.71s
[DEBUG] Processing 943/966: QF_IDL/asp/Sokoban/duthen-990602.45.steps.12.asp.smt2
[DEBUG] Predicted solver: Yices2 for benchmark QF_IDL/asp/Sokoban/duthen-990602.45.steps.12.asp.smt2
[DEBUG] Benchmark QF_IDL/asp/Sokoban/duthen-990602.45.steps.12.asp.smt2: solved=True, runtime=0.89s, PAR-2=0.89s
[DEBUG] Processing 944/966: QF_IDL/asp/Hanoi/mgs_towers-hanoi.77_7.smt2
[DEBUG] Predicted solver: Yices2 for benchmark QF_IDL/asp/Hanoi/mgs_towers-hanoi.77_7.smt2
[DEBUG] Benchmark QF_IDL/asp/Hanoi/mgs_towers-hanoi.77_7.smt2: solved=True, runtime=21.54s, PAR-2=21.54s
[DEBUG] Processing 945/966: QF_IDL/parity/28.500.graph.smt2
[DEBUG] Predicted solver: Yices2 for benchmark QF_IDL/parity/28.500.graph.smt2
[DEBUG] Benchmark QF_IDL/parity/28.500.graph.smt2: solved=True, runtime=0.70s, PAR-2=0.70s
[DEBUG] Processing 946/966: QF_IDL/Averest/selection_sort/SelectionSort_live_bgmc000.smt2
[DEBUG] Predicted solver: Yices2 for benchmark QF_IDL/Averest/selection_sort/SelectionSort_live_bgmc000.smt2
[DEBUG] Benchmark QF_IDL/Averest/selection_sort/SelectionSort_live_bgmc000.smt2: solved=True, runtime=0.21s, PAR-2=0.21s
[DEBUG] Processing 947/966: QF_IDL/parity/06.500.graph.smt2
[DEBUG] Predicted solver: Yices2 for benchmark QF_IDL/parity/06.500.graph.smt2
[DEBUG] Benchmark QF_IDL/parity/06.500.graph.smt2: solved=True, runtime=0.95s, PAR-2=0.95s
[DEBUG] Processing 948/966: QF_IDL/mathsat/fischer/FISCHER9-2-ninc.smt2
[DEBUG] Predicted solver: Yices2 for benchmark QF_IDL/mathsat/fischer/FISCHER9-2-ninc.smt2
[DEBUG] Benchmark QF_IDL/mathsat/fischer/FISCHER9-2-ninc.smt2: solved=True, runtime=0.22s, PAR-2=0.22s
[DEBUG] Processing 949/966: QF_IDL/schedulingIDL/tai_20x20_8_mkspan1171.smt2
[DEBUG] Predicted solver: Yices2 for benchmark QF_IDL/schedulingIDL/tai_20x20_8_mkspan1171.smt2
[DEBUG] Benchmark QF_IDL/schedulingIDL/tai_20x20_8_mkspan1171.smt2: solved=True, runtime=3.13s, PAR-2=3.13s
[DEBUG] Processing 950/966: QF_IDL/schedulingIDL/gp10_03_mkspan1082.smt2
[DEBUG] Predicted solver: Yices2 for benchmark QF_IDL/schedulingIDL/gp10_03_mkspan1082.smt2
[DEBUG] Benchmark QF_IDL/schedulingIDL/gp10_03_mkspan1082.smt2: solved=True, runtime=0.29s, PAR-2=0.29s
[DEBUG] Processing 951/966: QF_IDL/schedulingIDL/j8_per0_1_mkspan1056.smt2
[DEBUG] Predicted solver: Yices2 for benchmark QF_IDL/schedulingIDL/j8_per0_1_mkspan1056.smt2
[DEBUG] Benchmark QF_IDL/schedulingIDL/j8_per0_1_mkspan1056.smt2: solved=True, runtime=0.92s, PAR-2=0.92s
[DEBUG] Processing 952/966: QF_IDL/qlock/qlock-4-10-11.base.cvc.smt2
[DEBUG] Predicted solver: Z3alpha for benchmark QF_IDL/qlock/qlock-4-10-11.base.cvc.smt2
[DEBUG] Benchmark QF_IDL/qlock/qlock-4-10-11.base.cvc.smt2: solved=True, runtime=0.73s, PAR-2=0.73s
[DEBUG] Processing 953/966: QF_IDL/asp/Sudoku/sudoku.in5.smt2
[DEBUG] Predicted solver: Yices2 for benchmark QF_IDL/asp/Sudoku/sudoku.in5.smt2
[DEBUG] Benchmark QF_IDL/asp/Sudoku/sudoku.in5.smt2: solved=True, runtime=74.96s, PAR-2=74.96s
[DEBUG] Processing 954/966: QF_IDL/20220214-jobshop-BohanLi/jobshop32-4-16-16-2-4-24.smt2
[DEBUG] Predicted solver: Yices2 for benchmark QF_IDL/20220214-jobshop-BohanLi/jobshop32-4-16-16-2-4-24.smt2
[DEBUG] Benchmark QF_IDL/20220214-jobshop-BohanLi/jobshop32-4-16-16-2-4-24.smt2: solved=False, runtime=1200.00s, PAR-2=2400.00s
[DEBUG] Processing 955/966: QF_IDL/Averest/sorting_network/SortingNetwork8_safe_blmc000.smt2
[DEBUG] Predicted solver: Z3alpha for benchmark QF_IDL/Averest/sorting_network/SortingNetwork8_safe_blmc000.smt2
[DEBUG] Benchmark QF_IDL/Averest/sorting_network/SortingNetwork8_safe_blmc000.smt2: solved=True, runtime=0.27s, PAR-2=0.27s
[DEBUG] Processing 956/966: QF_IDL/asp/SchurNumbers/20.20.schur.lp.smt2
[DEBUG] Predicted solver: Yices2 for benchmark QF_IDL/asp/SchurNumbers/20.20.schur.lp.smt2
[DEBUG] Benchmark QF_IDL/asp/SchurNumbers/20.20.schur.lp.smt2: solved=True, runtime=0.34s, PAR-2=0.34s
[DEBUG] Processing 957/966: QF_IDL/mathsat/fischer/FISCHER12-6-ninc.smt2
[DEBUG] Predicted solver: Yices2 for benchmark QF_IDL/mathsat/fischer/FISCHER12-6-ninc.smt2
[DEBUG] Benchmark QF_IDL/mathsat/fischer/FISCHER12-6-ninc.smt2: solved=True, runtime=0.25s, PAR-2=0.25s
[DEBUG] Processing 958/966: QF_IDL/queens_bench/toroidal_bench/toroidal_queen98-1.smt2
[DEBUG] Predicted solver: Yices2 for benchmark QF_IDL/queens_bench/toroidal_bench/toroidal_queen98-1.smt2
[DEBUG] Benchmark QF_IDL/queens_bench/toroidal_bench/toroidal_queen98-1.smt2: solved=False, runtime=1200.00s, PAR-2=2400.00s
[DEBUG] Processing 959/966: QF_IDL/sal/bakery/inf-bakery-invalid-7.smt2
[DEBUG] Predicted solver: Yices2 for benchmark QF_IDL/sal/bakery/inf-bakery-invalid-7.smt2
[DEBUG] Benchmark QF_IDL/sal/bakery/inf-bakery-invalid-7.smt2: solved=True, runtime=0.22s, PAR-2=0.22s
[DEBUG] Processing 960/966: QF_IDL/asp/EdgeMatching/edge-matching-width=9-height=9-colours=10.smt2
[DEBUG] Predicted solver: Yices2 for benchmark QF_IDL/asp/EdgeMatching/edge-matching-width=9-height=9-colours=10.smt2
[DEBUG] Benchmark QF_IDL/asp/EdgeMatching/edge-matching-width=9-height=9-colours=10.smt2: solved=True, runtime=19.45s, PAR-2=19.45s
[DEBUG] Processing 961/966: QF_IDL/queens_bench/toroidal_bench/toroidal_queen91-1.smt2
[DEBUG] Predicted solver: Yices2 for benchmark QF_IDL/queens_bench/toroidal_bench/toroidal_queen91-1.smt2
[DEBUG] Benchmark QF_IDL/queens_bench/toroidal_bench/toroidal_queen91-1.smt2: solved=False, runtime=1200.00s, PAR-2=2400.00s
[DEBUG] Processing 962/966: QF_IDL/mathsat/fischer/FISCHER7-7-ninc.smt2
[DEBUG] Predicted solver: Z3alpha for benchmark QF_IDL/mathsat/fischer/FISCHER7-7-ninc.smt2
[DEBUG] Benchmark QF_IDL/mathsat/fischer/FISCHER7-7-ninc.smt2: solved=True, runtime=0.44s, PAR-2=0.44s
[DEBUG] Processing 963/966: QF_IDL/asp/Solitaire/solitaire-center-time=26.smt2
[DEBUG] Predicted solver: Yices2 for benchmark QF_IDL/asp/Solitaire/solitaire-center-time=26.smt2
[DEBUG] Benchmark QF_IDL/asp/Solitaire/solitaire-center-time=26.smt2: solved=True, runtime=0.96s, PAR-2=0.96s
[DEBUG] Processing 964/966: QF_IDL/DTP/DTP_k2_n35_c245_s13.smt2
[DEBUG] Predicted solver: Z3alpha for benchmark QF_IDL/DTP/DTP_k2_n35_c245_s13.smt2
[DEBUG] Benchmark QF_IDL/DTP/DTP_k2_n35_c245_s13.smt2: solved=True, runtime=0.37s, PAR-2=0.37s
[DEBUG] Processing 965/966: QF_IDL/20220214-jobshop-BohanLi/jobshop28-2-14-14-2-4-12.smt2
[DEBUG] Predicted solver: Z3alpha for benchmark QF_IDL/20220214-jobshop-BohanLi/jobshop28-2-14-14-2-4-12.smt2
[DEBUG] Benchmark QF_IDL/20220214-jobshop-BohanLi/jobshop28-2-14-14-2-4-12.smt2: solved=False, runtime=1200.00s, PAR-2=2400.00s
[DEBUG] Processing 966/966: QF_IDL/queens_bench/super_queen/super_queen48-1.smt2
[DEBUG] Predicted solver: Yices2 for benchmark QF_IDL/queens_bench/super_queen/super_queen48-1.smt2
[DEBUG] Benchmark QF_IDL/queens_bench/super_queen/super_queen48-1.smt2: solved=True, runtime=0.49s, PAR-2=0.49s
[DEBUG] Results written to CSV: /home/jchen688/projects/def-vganesh/jchen688/github/z3alpha/JHC/AlgoSelect/DescriptionAgent/data/results/qf_idl_csv_based/train/run_20251215_220935_456963/results.csv
[DEBUG] Solved 823/966 benchmarks (85.20%)
[DEBUG] PAR-2 Score: 371462.79s total, 384.54s average

================================================================================
EXECUTION TIME SUMMARY
================================================================================
Model training time:        1328.42 seconds ( 22.14 minutes)
Prediction time:            2324.21 seconds ( 38.74 minutes)
  - Avg per benchmark:         2.41 seconds
--------------------------------------------------------------------------------
Total execution time:       3652.63 seconds ( 60.88 minutes)
================================================================================

================================================================================
PAR-2 PERFORMANCE SUMMARY
================================================================================
Benchmarks solved:              823 / 966 ( 85.20%)
Benchmarks unsolved:            143 / 966 ( 14.80%)
--------------------------------------------------------------------------------
Total PAR-2 score:        371462.79 seconds
Average PAR-2 score:         384.54 seconds
Timeout value:              1200.00 seconds
PAR-2 penalty factor:             2x timeout
================================================================================

[DEBUG] CSV results saved to: /home/jchen688/projects/def-vganesh/jchen688/github/z3alpha/JHC/AlgoSelect/DescriptionAgent/data/results/qf_idl_csv_based/train/run_20251215_220935_456963/results.csv
[DEBUG] Configuration saved to: /home/jchen688/projects/def-vganesh/jchen688/github/z3alpha/JHC/AlgoSelect/DescriptionAgent/data/results/qf_idl_csv_based/train/run_20251215_220935_456963/config.json
End time: Mon 15 Dec 2025 11:10:32 PM EST
