Benchmark,Predicted_Solver,Solved,Runtime,PAR2_Score
UF/20170428-Barrett/cdt-cade2015/nada/afp/tllist/x2015_09_10_17_00_14_156_1336973.smt_in.smt2,iProver,False,1200,2400
UF/sledgehammer/StrongNorm/uf.693725.smt2,cvc5,False,1200,2400
UF/sledgehammer/StrongNorm/uf.635243.smt2,iProver,False,1200,2400
UF/20170428-Barrett/cdt-cade2015/nada/distro/gram_lang/x2015_09_10_16_50_34_867_1258456.smt_in.smt2,Yices2,False,1200,2400
UF/sledgehammer/NS_Shared/smtlib.649676.smt2,iProver,False,1200,2400
UF/sledgehammer/FFT/uf.613272.smt2,iProver,False,1200,2400
UF/20170428-Barrett/cdt-cade2015/nada/distro/rbt_impl/x2015_09_10_16_49_41_465_976477.smt_in.smt2,cvc5,True,30.338197432924062,30.338197432924062
UF/sledgehammer/Hoare/uf.1063423.smt2,iProver,False,1200,2400
UF/sledgehammer/Fundamental_Theorem_Algebra/uf.1260380.smt2,cvc5,False,1200,2400
UF/sledgehammer/NS_Shared/uf.715377.smt2,Yices2,False,1200,2400
UF/sledgehammer/FFT/uf.746558.smt2,iProver,False,1200,2400
UF/sledgehammer/StrongNorm/uf.669813.smt2,iProver,False,1200,2400
UF/sledgehammer/StrongNorm/uf.673643.smt2,iProver,False,1200,2400
UF/20170428-Barrett/cdt-cade2015/nada/afp/sorted_list_operations/x2015_09_10_16_47_25_380_1050913.smt_in.smt2,cvc5,False,1200,2400
UF/sledgehammer/FFT/uf.882543.smt2,iProver,True,1.3817121840002073,1.3817121840002073
UF/sledgehammer/Fundamental_Theorem_Algebra/uf.665353.smt2,iProver,False,1200,2400
UF/sledgehammer/TypeSafe/smtlib.1305552.smt2,Yices2,False,1200,2400
UF/sledgehammer/Arrow_Order/uf.792027.smt2,Yices2,False,1200,2400
UF/20170428-Barrett/cdt-cade2015/nada/afp/coinductive_stream/x2015_09_10_17_22_59_283_1120271.smt_in.smt2,cvc5,False,1200,2400
UF/20170428-Barrett/cdt-cade2015/nada/distro/rbt_impl/x2015_09_10_16_51_12_254_1089084.smt_in.smt2,iProver,True,308.61052843799916,308.61052843799916
UF/20201221-induction-by-reflection-schoisswohl/reflectiveInductive/addCommutId.smt2,iProver,False,1200,2400
UF/sledgehammer/Fundamental_Theorem_Algebra/uf.580248.smt2,iProver,False,1200,2400
UF/grasshopper/uninstantiated/rec_filter_precondition_of_rec_filter_18_10.smt2,cvc5,True,0.22781873308122158,0.22781873308122158
UF/sledgehammer/QEpres/uf.1121540.smt2,cvc5,False,1200,2400
UF/sledgehammer/TwoSquares/uf.709857.smt2,iProver,False,1200,2400
UF/sledgehammer/TypeSafe/smtlib.1381702.smt2,iProver,False,1200,2400
UF/sledgehammer/StrongNorm/smtlib.647535.smt2,iProver,False,1200,2400
UF/sledgehammer/TypeSafe/uf.833179.smt2,cvc5,False,1200,2400
UF/sledgehammer/Hoare/uf.1075670.smt2,iProver,True,0.8677242749981815,0.8677242749981815
UF/20170428-Barrett/cdt-cade2015/nada/distro/rbt_impl/x2015_09_10_16_59_32_871_1920351.smt_in.smt2,cvc5,False,1200,2400
UF/20170428-Barrett/cdt-cade2015/nada/afp/abstract_completeness/x2015_09_10_17_00_54_519_1125631.smt_in.smt2,cvc5,True,0.3712598930578679,0.3712598930578679
UF/sledgehammer/QEpres/uf.669105.smt2,cvc5,False,1200,2400
UF/sledgehammer/FFT/uf.815405.smt2,iProver,False,1200,2400
UF/20170428-Barrett/cdt-cade2015/nada/afp/coinductive_list/x2015_09_10_17_12_38_287_2642351.smt_in.smt2,Yices2,False,1200,2400
UF/20170428-Barrett/cdt-cade2015/nada/distro/rbt_impl/x2015_09_10_16_54_47_428_1460395.smt_in.smt2,iProver,False,1200,2400
UF/sledgehammer/Arrow_Order/uf.838235.smt2,iProver,False,1200,2400
UF/sledgehammer/TypeSafe/smtlib.1323194.smt2,iProver,False,1200,2400
UF/sledgehammer/Fundamental_Theorem_Algebra/uf.632410.smt2,iProver,False,1200,2400
UF/20170428-Barrett/cdt-cade2015/nada/afp/tllist/x2015_09_10_16_58_44_668_1227122.smt_in.smt2,Yices2,False,1200,2400
UF/sledgehammer/QEpres/uf.1087386.smt2,iProver,False,1200,2400
UF/20170428-Barrett/cdt-cade2015/nada/afp/huffman/x2015_09_10_16_49_16_954_1173729.smt_in.smt2,cvc5,False,1200,2400
UF/20170428-Barrett/cdt-cade2015/nada/afp/coinductive_list/x2015_09_10_17_07_59_177_2281818.smt_in.smt2,iProver,True,61.953736601000855,61.953736601000855
UF/sledgehammer/TypeSafe/smtlib.1218210.smt2,cvc5,False,1200,2400
UF/20170428-Barrett/cdt-cade2015/nada/distro/process/x2015_09_10_16_46_24_262_1043633.smt_in.smt2,cvc5,False,1200,2400
UF/20170428-Barrett/cdt-cade2015/nada/afp/huffman/x2015_09_10_16_48_36_344_1124960.smt_in.smt2,iProver,False,1200,2400
UF/20170428-Barrett/cdt-cade2015/nada/afp/coinductive_list/x2015_09_10_17_05_43_296_2092486.smt_in.smt2,cvc5,False,1200,2400
UF/20170428-Barrett/cdt-cade2015/nada/afp/coinductive_list/x2015_09_10_17_00_36_155_1686533.smt_in.smt2,cvc5,False,1200,2400
UF/20170428-Barrett/cdt-cade2015/nada/afp/coinductive_list/x2015_09_10_17_09_05_203_2369998.smt_in.smt2,cvc5,False,1200,2400
UF/sledgehammer/Hoare/uf.997074.smt2,cvc5,True,0.5146920480765402,0.5146920480765402
UF/sledgehammer/StrongNorm/uf.732029.smt2,iProver,False,1200,2400
UF/sledgehammer/TwoSquares/uf.707188.smt2,iProver,False,1200,2400
UF/sledgehammer/Hoare/uf.715453.smt2,cvc5,False,1200,2400
UF/20170428-Barrett/cdt-cade2015/nada/afp/coinductive_list/x2015_09_10_17_11_29_804_2555176.smt_in.smt2,Yices2,False,1200,2400
UF/20170428-Barrett/cdt-cade2015/nada/distro/rbt_impl/x2015_09_10_16_59_28_618_1911071.smt_in.smt2,cvc5,False,1200,2400
UF/sledgehammer/NS_Shared/smtlib.791501.smt2,iProver,True,3.382545530999778,3.382545530999778
UF/sledgehammer/StrongNorm/uf.790816.smt2,cvc5,True,0.2842299749609083,0.2842299749609083
UF/sledgehammer/StrongNorm/uf.581242.smt2,cvc5,False,1200,2400
UF/sledgehammer/FFT/uf.826132.smt2,iProver,True,0.9514418430007936,0.9514418430007936
UF/sledgehammer/Arrow_Order/uf.674949.smt2,cvc5,True,0.42846431699581444,0.42846431699581444
UF/20170428-Barrett/cdt-cade2015/nada/afp/tllist/x2015_09_10_17_00_26_190_1349370.smt_in.smt2,cvc5,True,0.30645701894536614,0.30645701894536614
UF/sledgehammer/QEpres/uf.791248.smt2,cvc5,False,1200,2400
UF/sledgehammer/FFT/uf.763540.smt2,iProver,False,1200,2400
UF/20170428-Barrett/cdt-cade2015/nada/afp/huffman/x2015_09_10_16_46_58_732_1021788.smt_in.smt2,iProver,False,1200,2400
UF/sledgehammer/Arrow_Order/uf.625947.smt2,cvc5,False,1200,2400
UF/20170428-Barrett/cdt-cade2015/nada/afp/huffman/x2015_09_10_16_50_30_559_1254530.smt_in.smt2,Yices2,True,0.25355504900653614,0.25355504900653614
UF/sledgehammer/StrongNorm/uf.723796.smt2,iProver,False,1200,2400
UF/sledgehammer/TypeSafe/uf.1333426.smt2,iProver,False,1200,2400
UF/sledgehammer/StrongNorm/uf.828954.smt2,cvc5,False,1200,2400
UF/20170428-Barrett/cdt-cade2015/nada/distro/gram_lang/x2015_09_10_16_47_14_511_1050438.smt_in.smt2,Yices2,False,1200,2400
UF/sledgehammer/Hoare/uf.905772.smt2,iProver,False,1200,2400
UF/20170428-Barrett/cdt-cade2015/nada/afp/huffman/x2015_09_10_16_49_47_015_1207389.smt_in.smt2,cvc5,True,0.2831756379455328,0.2831756379455328
UF/sledgehammer/QEpres/uf.692344.smt2,cvc5,True,828.7942509618588,828.7942509618588
UF/20170428-Barrett/cdt-cade2015/nada/afp/llist2/x2015_09_10_16_54_52_807_1256875.smt_in.smt2,cvc5,False,1200,2400
UF/sledgehammer/FFT/uf.800740.smt2,iProver,False,1200,2400
UF/20170428-Barrett/cdt-cade2015/nada/distro/rbt_impl/x2015_09_10_16_59_11_590_1883244.smt_in.smt2,Yices2,False,1200,2400
UF/sledgehammer/Fundamental_Theorem_Algebra/uf.1309914.smt2,iProver,True,0.8928970889992343,0.8928970889992343
UF/sledgehammer/QEpres/uf.976682.smt2,iProver,False,1200,2400
UF/sledgehammer/NS_Shared/smtlib.871313.smt2,iProver,False,1200,2400
UF/sledgehammer/Hoare/uf.1105286.smt2,cvc5,False,1200,2400
UF/sledgehammer/NS_Shared/smtlib.766362.smt2,iProver,False,1200,2400
UF/20170428-Barrett/cdt-cade2015/nada/afp/coinductive_list/x2015_09_10_17_03_02_210_1874731.smt_in.smt2,cvc5,False,1200,2400
UF/sledgehammer/QEpres/uf.1050663.smt2,iProver,True,1.3468338689999655,1.3468338689999655
UF/20170428-Barrett/cdt-cade2015/nada/afp/sorted_list_operations/x2015_09_10_16_48_29_594_1117113.smt_in.smt2,Yices2,False,1200,2400
UF/20170428-Barrett/cdt-cade2015/nada/afp/coinductive_list/x2015_09_10_17_03_21_587_1901497.smt_in.smt2,cvc5,False,1200,2400
UF/20170428-Barrett/cdt-cade2015/nada/afp/coinductive_list/x2015_09_10_17_00_50_137_1703386.smt_in.smt2,iProver,False,1200,2400
UF/sledgehammer/Arrow_Order/uf.804900.smt2,cvc5,True,541.1400602660142,541.1400602660142
UF/sledgehammer/QEpres/uf.884456.smt2,iProver,False,1200,2400
UF/20170428-Barrett/cdt-cade2015/nada/afp/coinductive_stream/x2015_09_10_17_25_01_009_1227491.smt_in.smt2,Yices2,False,1200,2400
UF/sledgehammer/FFT/uf.568337.smt2,cvc5,True,0.7843078209552914,0.7843078209552914
UF/20170428-Barrett/cdt-cade2015/nada/gandl/cotree/x2015_09_10_16_50_59_650_1095782.smt_in.smt2,cvc5,False,1200,2400
UF/sledgehammer/Arrow_Order/uf.648668.smt2,Yices2,False,1200,2400
UF/sledgehammer/Fundamental_Theorem_Algebra/uf.952589.smt2,Yices2,True,0.33268259299802594,0.33268259299802594
UF/sledgehammer/QEpres/uf.832491.smt2,cvc5,True,0.5794708540197462,0.5794708540197462
UF/20170428-Barrett/cdt-cade2015/nada/afp/coinductive_list/x2015_09_10_16_56_46_663_1466431.smt_in.smt2,cvc5,True,0.34725079615600407,0.34725079615600407
UF/sledgehammer/Hoare/uf.1101275.smt2,iProver,False,1200,2400
UF/20170428-Barrett/cdt-cade2015/nada/afp/coinductive_list/x2015_09_10_17_07_04_399_2207674.smt_in.smt2,Yices2,False,1200,2400
UF/sledgehammer/Hoare/uf.731226.smt2,iProver,False,1200,2400
UF/sledgehammer/Fundamental_Theorem_Algebra/uf.663505.smt2,cvc5,False,1200,2400
UF/sledgehammer/FFT/uf.628585.smt2,iProver,False,1200,2400
UF/sledgehammer/QEpres/uf.932105.smt2,Yices2,False,1200,2400
UF/sledgehammer/QEpres/uf.1096516.smt2,iProver,False,1200,2400
UF/20170428-Barrett/cdt-cade2015/nada/afp/abstract_completeness/x2015_09_10_16_59_53_049_1060516.smt_in.smt2,Yices2,False,1200,2400
UF/20170428-Barrett/cdt-cade2015/nada/distro/rbt_impl/x2015_09_10_16_53_33_398_1325885.smt_in.smt2,Yices2,False,1200,2400
UF/20190906-CLEARSY/0015/00098.smt2,Yices2,True,0.2765015900004073,0.2765015900004073
UF/sledgehammer/Hoare/uf.1028869.smt2,iProver,False,1200,2400
UF/grasshopper/uninstantiated/copy_postcondition_of_copy_25_2.smt2,iProver,True,180.52408791199923,180.52408791199923
UF/sledgehammer/TypeSafe/smtlib.1476770.smt2,cvc5,False,1200,2400
UF/sledgehammer/Fundamental_Theorem_Algebra/uf.1106692.smt2,iProver,False,1200,2400
UF/20170428-Barrett/cdt-cade2015/nada/distro/rbt_impl/x2015_09_10_16_51_10_892_1087099.smt_in.smt2,Yices2,False,1200,2400
UF/20170428-Barrett/cdt-cade2015/nada/gandl/stern_brocot_tree/x2015_09_10_16_53_22_304_1162950.smt_in.smt2,cvc5,False,1200,2400
UF/20170428-Barrett/cdt-cade2015/nada/afp/splay_tree_analysis/x2015_09_10_16_56_26_954_1077626.smt_in.smt2,Yices2,True,293.4242826949994,293.4242826949994
UF/20170428-Barrett/cdt-cade2015/nada/afp/tllist/x2015_09_10_16_59_29_206_1279860.smt_in.smt2,Yices2,False,1200,2400
UF/sledgehammer/FFT/uf.792025.smt2,iProver,True,1.3467710910008464,1.3467710910008464
UF/sledgehammer/Arrow_Order/smtlib.722137.smt2,cvc5,False,1200,2400
UF/sledgehammer/Arrow_Order/uf.646503.smt2,cvc5,True,0.38002730207517743,0.38002730207517743
UF/sledgehammer/TwoSquares/uf.818150.smt2,iProver,True,25.419548918001965,25.419548918001965
UF/20170428-Barrett/cdt-cade2015/nada/afp/coinductive_list/x2015_09_10_16_57_22_327_1498984.smt_in.smt2,cvc5,True,546.9185148149263,546.9185148149263
UF/sledgehammer/StrongNorm/uf.781428.smt2,iProver,False,1200,2400
UF/sledgehammer/TwoSquares/uf.703271.smt2,iProver,False,1200,2400
UF/sledgehammer/TypeSafe/smtlib.1273038.smt2,Yices2,False,1200,2400
UF/20170428-Barrett/cdt-cade2015/nada/distro/stream/x2015_09_10_16_48_22_724_1090614.smt_in.smt2,Yices2,False,1200,2400
UF/sledgehammer/FFT/uf.562918.smt2,Yices2,False,1200,2400
UF/20170428-Barrett/cdt-cade2015/nada/gandl/bird_tree/x2015_09_10_16_55_00_922_1043783.smt_in.smt2,iProver,False,1200,2400
UF/sledgehammer/FFT/uf.799412.smt2,iProver,True,11.386808154999017,11.386808154999017
UF/sledgehammer/TwoSquares/uf.596537.smt2,cvc5,False,1200,2400
UF/sledgehammer/TypeSafe/smtlib.1454628.smt2,Yices2,False,1200,2400
UF/sledgehammer/FFT/uf.770195.smt2,iProver,False,1200,2400
UF/sledgehammer/FFT/uf.759770.smt2,iProver,False,1200,2400
UF/sledgehammer/FFT/uf.879655.smt2,iProver,False,1200,2400
UF/sledgehammer/FFT/uf.658762.smt2,iProver,False,1200,2400
UF/sledgehammer/Hoare/uf.815609.smt2,iProver,True,2.8897838220000267,2.8897838220000267
UF/sledgehammer/TwoSquares/uf.750138.smt2,iProver,False,1200,2400
UF/sledgehammer/Hoare/uf.1000634.smt2,cvc5,True,0.3804138139821589,0.3804138139821589
UF/20170428-Barrett/cdt-cade2015/nada/gandl/stern_brocot_tree/x2015_09_10_16_52_43_811_1130425.smt_in.smt2,cvc5,True,0.33128006593324244,0.33128006593324244
UF/sledgehammer/QEpres/uf.1117522.smt2,iProver,False,1200,2400
UF/sledgehammer/TypeSafe/smtlib.1425919.smt2,iProver,True,3.8544144940005935,3.8544144940005935
UF/sledgehammer/Fundamental_Theorem_Algebra/uf.685203.smt2,SMTInterpol,False,1200,2400
UF/20170428-Barrett/cdt-cade2015/nada/afp/huffman/x2015_09_10_16_51_54_847_1342145.smt_in.smt2,iProver,False,1200,2400
UF/sledgehammer/NS_Shared/uf.766026.smt2,iProver,False,1200,2400
UF/20170428-Barrett/cdt-cade2015/nada/afp/coinductive_list/x2015_09_10_17_04_45_586_2016460.smt_in.smt2,cvc5,False,1200,2400
UF/sledgehammer/Hoare/uf.861424.smt2,iProver,False,1200,2400
UF/sledgehammer/Hoare/uf.954699.smt2,iProver,False,1200,2400
UF/sledgehammer/NS_Shared/smtlib.717319.smt2,iProver,False,1200,2400
UF/sledgehammer/Hoare/uf.679529.smt2,iProver,True,0.8584542390017305,0.8584542390017305
UF/sledgehammer/FFT/uf.624821.smt2,iProver,False,1200,2400
UF/sledgehammer/QEpres/uf.847076.smt2,Yices2,True,0.2501384520001011,0.2501384520001011
UF/sledgehammer/Hoare/uf.875671.smt2,iProver,True,1.348653490000288,1.348653490000288
UF/sledgehammer/TypeSafe/smtlib.1418887.smt2,iProver,False,1200,2400
UF/sledgehammer/Hoare/smtlib.1237999.smt2,iProver,True,0.8369888959987293,0.8369888959987293
UF/sledgehammer/NS_Shared/uf.871419.smt2,iProver,False,1200,2400
UF/20170428-Barrett/cdt-cade2015/nada/afp/bindag/x2015_09_10_16_52_55_862_1022770.smt_in.smt2,cvc5,False,1200,2400
UF/sledgehammer/Fundamental_Theorem_Algebra/smtlib.710275.smt2,iProver,False,1200,2400
UF/sledgehammer/QEpres/uf.948498.smt2,cvc5,True,0.557240494992584,0.557240494992584
UF/20170428-Barrett/cdt-cade2015/nada/distro/rbt_impl/x2015_09_10_16_53_23_271_1307780.smt_in.smt2,Yices2,False,1200,2400
UF/20170428-Barrett/cdt-cade2015/nada/afp/huffman/x2015_09_10_16_48_29_540_1117078.smt_in.smt2,cvc5,False,1200,2400
UF/sledgehammer/Hoare/uf.728215.smt2,iProver,False,1200,2400
UF/sledgehammer/QEpres/uf.661809.smt2,iProver,False,1200,2400
UF/sledgehammer/QEpres/uf.724321.smt2,Yices2,False,1200,2400
UF/sledgehammer/QEpres/uf.1099368.smt2,cvc5,False,1200,2400
UF/sledgehammer/QEpres/uf.741029.smt2,iProver,True,2.3731760480004596,2.3731760480004596
UF/20170428-Barrett/cdt-cade2015/nada/afp/huffman/x2015_09_10_16_51_50_869_1339870.smt_in.smt2,Yices2,False,1200,2400
UF/sledgehammer/Fundamental_Theorem_Algebra/uf.1184362.smt2,iProver,False,1200,2400
UF/grasshopper/uninstantiated/rec_insert_postcondition_of_rec_insert_19_6.smt2,Yices2,True,0.21578833500097971,0.21578833500097971
UF/sledgehammer/NS_Shared/uf.870063.smt2,Yices2,False,1200,2400
UF/20170428-Barrett/cdt-cade2015/nada/distro/gram_lang/x2015_09_10_16_49_10_691_1179770.smt_in.smt2,cvc5,False,1200,2400
UF/20170428-Barrett/cdt-cade2015/nada/distro/rbt_impl/x2015_09_10_16_53_21_970_1306100.smt_in.smt2,Yices2,False,1200,2400
UF/sledgehammer/Fundamental_Theorem_Algebra/uf.1162614.smt2,cvc5,False,1200,2400
UF/20170428-Barrett/cdt-cade2015/nada/afp/coinductive_list/x2015_09_10_17_04_46_537_2017783.smt_in.smt2,Yices2,False,1200,2400
UF/sledgehammer/Fundamental_Theorem_Algebra/uf.1065126.smt2,cvc5,True,0.25025830417871475,0.25025830417871475
UF/20170428-Barrett/cdt-cade2015/nada/distro/gram_lang/x2015_09_10_16_55_03_243_1510717.smt_in.smt2,Yices2,False,1200,2400
UF/20170428-Barrett/cdt-cade2015/nada/afp/abstract_completeness/x2015_09_10_16_59_35_292_1041244.smt_in.smt2,Yices2,False,1200,2400
UF/20170428-Barrett/cdt-cade2015/nada/afp/coinductive_list/x2015_09_10_17_19_58_210_2902941.smt_in.smt2,cvc5,True,0.3252923730760813,0.3252923730760813
UF/20170428-Barrett/cdt-cade2015/nada/afp/tllist/x2015_09_10_17_00_58_384_1387951.smt_in.smt2,cvc5,False,1200,2400
UF/sledgehammer/FFT/uf.885980.smt2,iProver,False,1200,2400
UF/sledgehammer/Fundamental_Theorem_Algebra/uf.557615.smt2,cvc5,False,1200,2400
UF/sledgehammer/Fundamental_Theorem_Algebra/uf.562089.smt2,Yices2,False,1200,2400
UF/sledgehammer/QEpres/uf.698613.smt2,Yices2,False,1200,2400
UF/sledgehammer/NS_Shared/uf.594955.smt2,iProver,False,1200,2400
UF/sledgehammer/NS_Shared/uf.778348.smt2,iProver,False,1200,2400
UF/20170428-Barrett/cdt-cade2015/nada/distro/stream/x2015_09_10_16_47_27_390_1033374.smt_in.smt2,cvc5,False,1200,2400
UF/sledgehammer/QEpres/uf.802712.smt2,iProver,True,0.8416613310000685,0.8416613310000685
UF/20170428-Barrett/cdt-cade2015/nada/afp/coinductive_list/x2015_09_10_16_56_02_577_1431438.smt_in.smt2,cvc5,False,1200,2400
UF/sledgehammer/QEpres/uf.902064.smt2,iProver,False,1200,2400
UF/sledgehammer/QEpres/uf.799026.smt2,Yices2,False,1200,2400
UF/20170428-Barrett/cdt-cade2015/nada/afp/coinductive_list/x2015_09_10_17_12_22_235_2624751.smt_in.smt2,cvc5,True,0.46827029902487993,0.46827029902487993
UF/sledgehammer/Arrow_Order/uf.810908.smt2,Yices2,False,1200,2400
UF/grasshopper/instantiated/remove_postcondition_of_remove_33_4.smt2,Yices2,True,0.22853091500292066,0.22853091500292066
UF/sledgehammer/Fundamental_Theorem_Algebra/uf.641373.smt2,iProver,False,1200,2400
UF/20170428-Barrett/cdt-cade2015/nada/afp/bindag/x2015_09_10_16_52_47_085_1013734.smt_in.smt2,cvc5,False,1200,2400
UF/sledgehammer/Fundamental_Theorem_Algebra/uf.622124.smt2,cvc5,True,0.35521119204349816,0.35521119204349816
UF/20170428-Barrett/cdt-cade2015/nada/afp/coinductive_stream/x2015_09_10_17_25_15_014_1239247.smt_in.smt2,cvc5,True,0.3265114559326321,0.3265114559326321
UF/sledgehammer/FFT/uf.886470.smt2,iProver,False,1200,2400
UF/sledgehammer/Fundamental_Theorem_Algebra/uf.624285.smt2,iProver,True,0.887546398997074,0.887546398997074
UF/20170428-Barrett/cdt-cade2015/nada/afp/tllist/x2015_09_10_17_00_27_445_1350796.smt_in.smt2,cvc5,False,1200,2400
UF/sledgehammer/TypeSafe/smtlib.776553.smt2,iProver,False,1200,2400
UF/sledgehammer/Fundamental_Theorem_Algebra/uf.678379.smt2,iProver,False,1200,2400
UF/sledgehammer/NS_Shared/uf.758187.smt2,Yices2,False,1200,2400
UF/sledgehammer/FFT/uf.860394.smt2,Yices2,True,0.23721586499596015,0.23721586499596015
UF/sledgehammer/Hoare/smtlib.1221382.smt2,iProver,False,1200,2400
UF/20170428-Barrett/cdt-cade2015/nada/afp/coinductive_list/x2015_09_10_17_01_46_784_1775261.smt_in.smt2,cvc5,True,2.386153951054439,2.386153951054439
UF/sledgehammer/QEpres/uf.579338.smt2,iProver,False,1200,2400
UF/20170428-Barrett/cdt-cade2015/nada/afp/coinductive_list/x2015_09_10_17_00_08_360_1653506.smt_in.smt2,iProver,True,1.4046603679998952,1.4046603679998952
UF/sledgehammer/Fundamental_Theorem_Algebra/uf.718080.smt2,Yices2,True,1.0616689919988858,1.0616689919988858
UF/sledgehammer/QEpres/uf.969752.smt2,Yices2,False,1200,2400
UF/sledgehammer/Hoare/uf.698530.smt2,iProver,False,1200,2400
UF/sledgehammer/QEpres/uf.783379.smt2,iProver,True,20.95694369100056,20.95694369100056
UF/20170428-Barrett/cdt-cade2015/nada/afp/coinductive_list/x2015_09_10_16_57_07_437_1483766.smt_in.smt2,cvc5,True,0.2967072681058198,0.2967072681058198
UF/sledgehammer/Fundamental_Theorem_Algebra/uf.1389162.smt2,iProver,False,1200,2400
UF/sledgehammer/QEpres/uf.967803.smt2,iProver,False,1200,2400
UF/sledgehammer/TypeSafe/smtlib.608053.smt2,Yices2,True,0.23176449700258672,0.23176449700258672
UF/sledgehammer/Hoare/uf.1093691.smt2,iProver,False,1200,2400
UF/sledgehammer/StrongNorm/uf.766409.smt2,Yices2,False,1200,2400
UF/sledgehammer/Fundamental_Theorem_Algebra/uf.690654.smt2,iProver,True,0.8392540450004162,0.8392540450004162
UF/20170428-Barrett/cdt-cade2015/nada/afp/coinductive_list/x2015_09_10_17_05_02_976_2038607.smt_in.smt2,Yices2,True,0.26020715099730296,0.26020715099730296
UF/sledgehammer/Hoare/uf.1138890.smt2,iProver,False,1200,2400
UF/sledgehammer/QEpres/uf.615900.smt2,iProver,False,1200,2400
UF/sledgehammer/TypeSafe/smtlib.1280964.smt2,cvc5,False,1200,2400
UF/sledgehammer/TypeSafe/uf.932634.smt2,iProver,False,1200,2400
UF/sledgehammer/FFT/uf.584641.smt2,iProver,False,1200,2400
UF/20170428-Barrett/cdt-cade2015/nada/gandl/bird_tree/x2015_09_10_16_54_51_845_1034703.smt_in.smt2,cvc5,False,1200,2400
UF/sledgehammer/FFT/uf.725889.smt2,iProver,False,1200,2400
UF/grasshopper/uninstantiated/rec_copy_loop_postcondition_of_rec_copy_loop_45_4.smt2,iProver,True,0.8704059190004045,0.8704059190004045
UF/20190906-CLEARSY/0016/00401.smt2,Yices2,True,0.22282017699762946,0.22282017699762946
UF/sledgehammer/Hoare/uf.1099488.smt2,cvc5,False,1200,2400
UF/sledgehammer/Hoare/uf.901817.smt2,iProver,False,1200,2400
UF/sledgehammer/Fundamental_Theorem_Algebra/uf.1354820.smt2,iProver,False,1200,2400
UF/sledgehammer/Hoare/uf.732758.smt2,iProver,False,1200,2400
UF/sledgehammer/StrongNorm/uf.842421.smt2,iProver,False,1200,2400
UF/sledgehammer/Hoare/uf.644962.smt2,iProver,True,47.50013198700253,47.50013198700253
UF/sledgehammer/Fundamental_Theorem_Algebra/uf.1089800.smt2,iProver,False,1200,2400
UF/20170428-Barrett/cdt-cade2015/nada/afp/coinductive_list/x2015_09_10_17_01_20_168_1738950.smt_in.smt2,iProver,True,8.87925616999928,8.87925616999928
UF/sledgehammer/Hoare/uf.717436.smt2,iProver,False,1200,2400
UF/sledgehammer/StrongNorm/uf.569517.smt2,iProver,False,1200,2400
UF/sledgehammer/Fundamental_Theorem_Algebra/uf.755374.smt2,cvc5,False,1200,2400
UF/sledgehammer/TypeSafe/uf.810954.smt2,Yices2,False,1200,2400
UF/sledgehammer/TypeSafe/smtlib.1473993.smt2,Yices2,False,1200,2400
UF/20170428-Barrett/cdt-cade2015/nada/afp/coinductive_list/x2015_09_10_16_57_38_855_1515156.smt_in.smt2,Yices2,False,1200,2400
UF/sledgehammer/Fundamental_Theorem_Algebra/uf.911050.smt2,iProver,True,0.8365611669996724,0.8365611669996724
UF/sledgehammer/Hoare/uf.793031.smt2,iProver,False,1200,2400
UF/sledgehammer/Hoare/uf.785231.smt2,iProver,False,1200,2400
UF/sledgehammer/TypeSafe/uf.1191566.smt2,cvc5,True,30.47493211296387,30.47493211296387
UF/sledgehammer/QEpres/uf.1032671.smt2,Yices2,False,1200,2400
UF/sledgehammer/FFT/uf.697087.smt2,iProver,False,1200,2400
UF/sledgehammer/QEpres/uf.987057.smt2,cvc5,False,1200,2400
UF/sledgehammer/NS_Shared/smtlib.658225.smt2,iProver,False,1200,2400
UF/20170428-Barrett/cdt-cade2015/nada/afp/huffman/x2015_09_10_16_47_42_704_1068785.smt_in.smt2,Yices2,False,1200,2400
UF/20170428-Barrett/cdt-cade2015/nada/afp/abstract_completeness/x2015_09_10_17_00_47_618_1117611.smt_in.smt2,Yices2,True,0.22410447700167424,0.22410447700167424
UF/20170428-Barrett/cdt-cade2015/nada/distro/rbt_impl/x2015_09_10_16_56_41_037_1708789.smt_in.smt2,iProver,False,1200,2400
UF/sledgehammer/FFT/uf.833972.smt2,iProver,False,1200,2400
UF/20170428-Barrett/cdt-cade2015/nada/afp/huffman/x2015_09_10_16_47_14_868_1038986.smt_in.smt2,Yices2,False,1200,2400
UF/sledgehammer/Fundamental_Theorem_Algebra/smtlib.1496937.smt2,iProver,False,1200,2400
UF/sledgehammer/TypeSafe/smtlib.889324.smt2,iProver,False,1200,2400
UF/20170428-Barrett/cdt-cade2015/nada/distro/rbt_impl/x2015_09_10_16_50_17_193_1023944.smt_in.smt2,Yices2,False,1200,2400
UF/20170428-Barrett/cdt-cade2015/nada/afp/huffman/x2015_09_10_16_48_49_250_1140858.smt_in.smt2,iProver,False,1200,2400
UF/sledgehammer/Fundamental_Theorem_Algebra/uf.1015144.smt2,Yices2,False,1200,2400
UF/sledgehammer/NS_Shared/uf.816387.smt2,Yices2,False,1200,2400
UF/20170428-Barrett/cdt-cade2015/nada/distro/rbt_impl/x2015_09_10_16_57_41_792_1778585.smt_in.smt2,iProver,True,400.6344136609987,400.6344136609987
UF/sledgehammer/QEpres/uf.817383.smt2,iProver,True,0.8314315879997594,0.8314315879997594
UF/sledgehammer/QEpres/uf.1092395.smt2,cvc5,False,1200,2400
UF/sledgehammer/FFT/uf.737481.smt2,iProver,False,1200,2400
UF/sledgehammer/Arrow_Order/uf.689055.smt2,iProver,False,1200,2400
UF/20170428-Barrett/cdt-cade2015/nada/afp/coinductive_list/x2015_09_10_17_04_09_011_1965752.smt_in.smt2,cvc5,False,1200,2400
UF/sledgehammer/Hoare/uf.716641.smt2,iProver,False,1200,2400
UF/sledgehammer/Arrow_Order/uf.834899.smt2,iProver,False,1200,2400
UF/grasshopper/uninstantiated/rec_reverse_loop_precondition_of_rec_reverse_loop_21_11.smt2,iProver,True,0.8278006100008497,0.8278006100008497
UF/sledgehammer/Hoare/uf.757627.smt2,iProver,True,1.8712230479995924,1.8712230479995924
UF/20170428-Barrett/cdt-cade2015/nada/afp/coinductive_list/x2015_09_10_17_02_15_745_1814300.smt_in.smt2,iProver,False,1200,2400
UF/sledgehammer/FFT/uf.651725.smt2,iProver,False,1200,2400
UF/sledgehammer/Fundamental_Theorem_Algebra/uf.1019445.smt2,cvc5,False,1200,2400
UF/grasshopper/uninstantiated/dl_insert_postcondition_of_dl_insert_39_4.smt2,Yices2,True,8.422139344002062,8.422139344002062
UF/20170428-Barrett/cdt-cade2015/nada/distro/gram_lang/x2015_09_10_16_51_18_065_1295649.smt_in.smt2,cvc5,True,0.3170507720205933,0.3170507720205933
UF/sledgehammer/TypeSafe/smtlib.1504231.smt2,iProver,True,120.52465711499826,120.52465711499826
UF/20170428-Barrett/cdt-cade2015/nada/afp/hamming_stream/x2015_09_10_16_49_12_185_1139894.smt_in.smt2,Yices2,False,1200,2400
UF/sledgehammer/QEpres/uf.895803.smt2,cvc5,False,1200,2400
UF/20170428-Barrett/cdt-cade2015/nada/afp/coinductive_list/x2015_09_10_17_06_25_868_2152353.smt_in.smt2,cvc5,True,0.31992159504443407,0.31992159504443407
UF/20170428-Barrett/cdt-cade2015/nada/afp/coinductive_list/x2015_09_10_17_13_26_571_2678554.smt_in.smt2,Yices2,False,1200,2400
UF/sledgehammer/Fundamental_Theorem_Algebra/uf.1374124.smt2,iProver,False,1200,2400
UF/20170428-Barrett/cdt-cade2015/nada/afp/llist2/x2015_09_10_16_56_00_147_1305622.smt_in.smt2,iProver,False,1200,2400
UF/sledgehammer/Fundamental_Theorem_Algebra/uf.1201724.smt2,iProver,False,1200,2400
UF/sledgehammer/NS_Shared/smtlib.743950.smt2,iProver,False,1200,2400
UF/20170428-Barrett/cdt-cade2015/nada/afp/coinductive_list/x2015_09_10_17_12_59_691_2664227.smt_in.smt2,Yices2,False,1200,2400
UF/sledgehammer/Fundamental_Theorem_Algebra/uf.1108805.smt2,cvc5,False,1200,2400
UF/sledgehammer/TypeSafe/uf.708851.smt2,cvc5,False,1200,2400
UF/20170428-Barrett/cdt-cade2015/nada/afp/bindag/x2015_09_10_16_54_02_380_1100754.smt_in.smt2,cvc5,True,2.0679275481961668,2.0679275481961668
UF/sledgehammer/StrongNorm/uf.744393.smt2,Yices2,False,1200,2400
UF/sledgehammer/Fundamental_Theorem_Algebra/smtlib.705308.smt2,iProver,False,1200,2400
UF/20170428-Barrett/cdt-cade2015/nada/afp/tllist/x2015_09_10_16_58_22_060_1202586.smt_in.smt2,cvc5,False,1200,2400
UF/sledgehammer/QEpres/uf.764252.smt2,cvc5,False,1200,2400
UF/sledgehammer/Arrow_Order/uf.644073.smt2,Yices2,True,0.59973978799826,0.59973978799826
UF/sledgehammer/FFT/uf.638574.smt2,iProver,True,43.43072717800169,43.43072717800169
UF/sledgehammer/QEpres/uf.807913.smt2,iProver,True,2.9132775950001815,2.9132775950001815
UF/sledgehammer/FFT/uf.596386.smt2,iProver,False,1200,2400
UF/sledgehammer/NS_Shared/smtlib.588963.smt2,iProver,True,9.908367489999364,9.908367489999364
UF/sledgehammer/Hoare/uf.1180858.smt2,iProver,True,14.41315240899712,14.41315240899712
UF/20170428-Barrett/cdt-cade2015/nada/afp/coinductive_list/x2015_09_10_17_06_54_013_2192779.smt_in.smt2,Yices2,True,0.22248823800327955,0.22248823800327955
UF/sledgehammer/FFT/uf.745076.smt2,iProver,False,1200,2400
UF/sledgehammer/QEpres/uf.726682.smt2,Yices2,False,1200,2400
UF/sledgehammer/FFT/uf.750248.smt2,iProver,False,1200,2400
UF/sledgehammer/TypeSafe/smtlib.982102.smt2,cvc5,False,1200,2400
UF/20170428-Barrett/cdt-cade2015/nada/distro/rbt_impl/x2015_09_10_16_50_15_887_1022342.smt_in.smt2,Yices2,False,1200,2400
UF/sledgehammer/NS_Shared/smtlib.703115.smt2,iProver,False,1200,2400
UF/20170428-Barrett/cdt-cade2015/nada/afp/sorted_list_operations/x2015_09_10_16_47_45_306_1071226.smt_in.smt2,Yices2,False,1200,2400
UF/20170428-Barrett/cdt-cade2015/nada/afp/coinductive_list/x2015_09_10_16_53_08_582_1272609.smt_in.smt2,Yices2,False,1200,2400
UF/sledgehammer/NS_Shared/uf.755652.smt2,Yices2,True,0.41643010900588706,0.41643010900588706
UF/20170428-Barrett/cdt-cade2015/nada/distro/gram_lang/x2015_09_10_16_50_13_449_1239443.smt_in.smt2,cvc5,True,0.46159153897315264,0.46159153897315264
UF/20170428-Barrett/cdt-cade2015/nada/distro/gram_lang/x2015_09_10_16_48_18_918_1119029.smt_in.smt2,cvc5,True,637.7963117219042,637.7963117219042
UF/sledgehammer/FFT/uf.822512.smt2,iProver,True,105.44125205800083,105.44125205800083
UF/sledgehammer/NS_Shared/smtlib.654800.smt2,iProver,True,4.861401779999142,4.861401779999142
UF/sledgehammer/StrongNorm/uf.587789.smt2,iProver,False,1200,2400
UF/20170428-Barrett/cdt-cade2015/nada/afp/coinductive_list/x2015_09_10_17_08_34_877_2328204.smt_in.smt2,cvc5,False,1200,2400
UF/20170428-Barrett/cdt-cade2015/nada/distro/gram_lang/x2015_09_10_16_53_12_872_1411820.smt_in.smt2,cvc5,False,1200,2400
UF/sledgehammer/TwoSquares/uf.663570.smt2,iProver,False,1200,2400
UF/sledgehammer/NS_Shared/uf.692831.smt2,Yices2,False,1200,2400
UF/sledgehammer/Fundamental_Theorem_Algebra/uf.1293371.smt2,iProver,False,1200,2400
UF/sledgehammer/Fundamental_Theorem_Algebra/uf.1058458.smt2,iProver,False,1200,2400
UF/sledgehammer/TypeSafe/smtlib.867810.smt2,iProver,True,43.967928541998845,43.967928541998845
UF/sledgehammer/StrongNorm/uf.806902.smt2,iProver,False,1200,2400
UF/sledgehammer/Hoare/uf.1185611.smt2,iProver,True,0.9837156140001753,0.9837156140001753
UF/sledgehammer/TypeSafe/uf.1024320.smt2,Yices2,False,1200,2400
UF/sledgehammer/TwoSquares/uf.791451.smt2,cvc5,False,1200,2400
UF/sledgehammer/NS_Shared/uf.801743.smt2,iProver,False,1200,2400
UF/20170428-Barrett/cdt-cade2015/nada/afp/coinductive_list/x2015_09_10_17_19_07_519_2861551.smt_in.smt2,Yices2,False,1200,2400
UF/20170428-Barrett/cdt-cade2015/nada/afp/coinductive_list/x2015_09_10_16_59_13_567_1599577.smt_in.smt2,cvc5,True,152.80172965698875,152.80172965698875
UF/sledgehammer/Fundamental_Theorem_Algebra/uf.588805.smt2,iProver,False,1200,2400
UF/sledgehammer/Hoare/uf.850619.smt2,iProver,False,1200,2400
UF/sledgehammer/Fundamental_Theorem_Algebra/uf.1226930.smt2,Yices2,True,2.627002466993872,2.627002466993872
UF/20170428-Barrett/cdt-cade2015/nada/afp/coinductive_list/x2015_09_10_17_08_51_814_2351953.smt_in.smt2,Yices2,True,55.23326666399953,55.23326666399953
UF/sledgehammer/QEpres/uf.850070.smt2,Yices2,False,1200,2400
UF/20170428-Barrett/cdt-cade2015/nada/distro/gram_lang/x2015_09_10_16_53_00_915_1400456.smt_in.smt2,cvc5,True,0.6295024298597127,0.6295024298597127
UF/20170428-Barrett/cdt-cade2015/nada/afp/coinductive_list/x2015_09_10_17_07_10_321_2215643.smt_in.smt2,cvc5,False,1200,2400
UF/sledgehammer/TwoSquares/uf.700212.smt2,iProver,False,1200,2400
UF/sledgehammer/Fundamental_Theorem_Algebra/uf.1220351.smt2,iProver,False,1200,2400
UF/sledgehammer/FFT/uf.847616.smt2,iProver,False,1200,2400
UF/sledgehammer/Arrow_Order/smtlib.709337.smt2,cvc5,False,1200,2400
UF/sledgehammer/StrongNorm/uf.664267.smt2,iProver,False,1200,2400
UF/sledgehammer/QEpres/uf.721680.smt2,iProver,False,1200,2400
UF/sledgehammer/QEpres/uf.855035.smt2,iProver,True,121.98495635099971,121.98495635099971
UF/20170428-Barrett/cdt-cade2015/nada/afp/coinductive_stream/x2015_09_10_17_25_12_417_1236695.smt_in.smt2,Yices2,False,1200,2400
UF/sledgehammer/Arrow_Order/smtlib.622573.smt2,cvc5,False,1200,2400
UF/20170428-Barrett/cdt-cade2015/nada/afp/abstract_completeness/x2015_09_10_17_00_18_465_1086439.smt_in.smt2,cvc5,True,542.3372607580386,542.3372607580386
UF/sledgehammer/Fundamental_Theorem_Algebra/uf.637421.smt2,iProver,False,1200,2400
UF/sledgehammer/TypeSafe/smtlib.655487.smt2,Yices2,False,1200,2400
UF/20170428-Barrett/cdt-cade2015/nada/afp/coinductive_list/x2015_09_10_16_59_37_840_1622763.smt_in.smt2,iProver,False,1200,2400
UF/sledgehammer/Fundamental_Theorem_Algebra/uf.1005815.smt2,iProver,False,1200,2400
UF/sledgehammer/Hoare/uf.1158401.smt2,iProver,False,1200,2400
UF/20170428-Barrett/cdt-cade2015/nada/distro/stream/x2015_09_10_16_48_06_607_1074262.smt_in.smt2,iProver,True,3.8574704470011056,3.8574704470011056
UF/20170428-Barrett/cdt-cade2015/nada/afp/tllist/x2015_09_10_16_56_59_867_1117886.smt_in.smt2,Yices2,False,1200,2400
UF/20170428-Barrett/cdt-cade2015/nada/distro/gram_lang/x2015_09_10_16_52_52_672_1392637.smt_in.smt2,Yices2,False,1200,2400
UF/sledgehammer/TypeSafe/smtlib.694208.smt2,iProver,True,2.387681488000453,2.387681488000453
UF/sledgehammer/NS_Shared/uf.772205.smt2,iProver,False,1200,2400
UF/sledgehammer/Hoare/uf.795622.smt2,iProver,True,10.42227443900265,10.42227443900265
UF/sledgehammer/QEpres/uf.580267.smt2,iProver,True,1.8227543770008197,1.8227543770008197
UF/20170428-Barrett/cdt-cade2015/nada/afp/koenigslemma/x2015_09_10_16_54_25_871_1168153.smt_in.smt2,Yices2,False,1200,2400
UF/sledgehammer/TypeSafe/smtlib.1058125.smt2,iProver,False,1200,2400
UF/sledgehammer/StrongNorm/uf.815405.smt2,Yices2,False,1200,2400
UF/20190906-CLEARSY/0009/00082.smt2,Yices2,True,0.2115572999973665,0.2115572999973665
UF/20190906-CLEARSY/0012/00103.smt2,SMTInterpol,True,2.3577373269945383,2.3577373269945383
UF/sledgehammer/TypeSafe/uf.749178.smt2,iProver,True,2.8525608489981096,2.8525608489981096
UF/sledgehammer/Hoare/smtlib.928655.smt2,iProver,True,0.8722158950004086,0.8722158950004086
UF/20170428-Barrett/cdt-cade2015/nada/afp/coinductive_list/x2015_09_10_17_01_30_885_1753035.smt_in.smt2,cvc5,False,1200,2400
UF/sledgehammer/Fundamental_Theorem_Algebra/uf.1165463.smt2,cvc5,True,0.38610425987280905,0.38610425987280905
UF/20170428-Barrett/cdt-cade2015/nada/afp/hamming_stream/x2015_09_10_16_49_10_574_1139083.smt_in.smt2,Yices2,False,1200,2400
UF/sledgehammer/Arrow_Order/uf.693804.smt2,cvc5,True,128.4726473558694,128.4726473558694
UF/sledgehammer/TypeSafe/uf.1054231.smt2,iProver,False,1200,2400
UF/sledgehammer/Hoare/uf.1020858.smt2,iProver,True,2.8778569450005307,2.8778569450005307
UF/20170428-Barrett/cdt-cade2015/nada/afp/coinductive_list/x2015_09_10_17_03_54_879_1945626.smt_in.smt2,cvc5,True,480.7432507481426,480.7432507481426
UF/20170428-Barrett/cdt-cade2015/nada/distro/rbt_impl/x2015_09_10_16_58_45_490_1846132.smt_in.smt2,cvc5,False,1200,2400
UF/20170428-Barrett/cdt-cade2015/nada/afp/coinductive_stream/x2015_09_10_17_23_54_435_1172788.smt_in.smt2,cvc5,True,0.5547543689608574,0.5547543689608574
UF/sledgehammer/Arrow_Order/uf.771312.smt2,Yices2,False,1200,2400
UF/grasshopper/uninstantiated/rec_reverse_acc_postcondition_of_rec_reverse_acc_19_4.smt2,iProver,True,0.908822590001364,0.908822590001364
UF/20170428-Barrett/cdt-cade2015/nada/afp/coinductive_list/x2015_09_10_17_15_55_380_2751086.smt_in.smt2,cvc5,False,1200,2400
UF/sledgehammer/QEpres/uf.728331.smt2,iProver,True,121.47115606999796,121.47115606999796
UF/sledgehammer/Hoare/smtlib.1199247.smt2,iProver,True,0.9067286389999936,0.9067286389999936
UF/sledgehammer/FFT/uf.776763.smt2,iProver,True,1.4133362259999558,1.4133362259999558
UF/sledgehammer/Fundamental_Theorem_Algebra/uf.1079201.smt2,cvc5,True,0.34270508703775704,0.34270508703775704
UF/sledgehammer/NS_Shared/smtlib.879558.smt2,iProver,False,1200,2400
UF/sledgehammer/Fundamental_Theorem_Algebra/uf.1336003.smt2,iProver,False,1200,2400
UF/sledgehammer/FFT/uf.687771.smt2,cvc5,False,1200,2400
UF/20170428-Barrett/cdt-cade2015/nada/distro/rbt_impl/x2015_09_10_16_50_51_721_1063468.smt_in.smt2,Yices2,False,1200,2400
UF/sledgehammer/FFT/uf.771270.smt2,iProver,False,1200,2400
UF/sledgehammer/Arrow_Order/uf.818526.smt2,Yices2,False,1200,2400
UF/sledgehammer/FFT/uf.740221.smt2,iProver,False,1200,2400
UF/sledgehammer/Arrow_Order/uf.789390.smt2,iProver,False,1200,2400
UF/sledgehammer/NS_Shared/uf.597779.smt2,Yices2,False,1200,2400
UF/sledgehammer/Hoare/uf.760436.smt2,iProver,True,0.8307295470003737,0.8307295470003737
UF/20201221-induction-by-reflection-schoisswohl/reflectiveConjecture/eqRefl.smt2,cvc5,True,0.2238325800281018,0.2238325800281018
UF/sledgehammer/Hoare/uf.968765.smt2,cvc5,True,0.5167110550682992,0.5167110550682992
UF/sledgehammer/FFT/uf.881226.smt2,cvc5,False,1200,2400
UF/20170428-Barrett/cdt-cade2015/nada/afp/coinductive_list/x2015_09_10_17_01_22_386_1741263.smt_in.smt2,cvc5,False,1200,2400
UF/20170428-Barrett/cdt-cade2015/nada/distro/rbt_impl/x2015_09_10_16_53_24_652_1309470.smt_in.smt2,cvc5,False,1200,2400
UF/20170428-Barrett/cdt-cade2015/nada/afp/coinductive_list/x2015_09_10_17_12_24_337_2627584.smt_in.smt2,Yices2,False,1200,2400
UF/sledgehammer/FFT/uf.692166.smt2,iProver,False,1200,2400
UF/sledgehammer/QEpres/uf.594167.smt2,Yices2,False,1200,2400
UF/sledgehammer/FFT/uf.825921.smt2,iProver,True,0.840368856999703,0.840368856999703
UF/grasshopper/uninstantiated/rec_remove_check_heap_access_25_4.smt2,Yices2,True,5.132590743000037,5.132590743000037
UF/sledgehammer/Fundamental_Theorem_Algebra/uf.1072355.smt2,iProver,False,1200,2400
UF/sledgehammer/Fundamental_Theorem_Algebra/uf.1274404.smt2,iProver,True,15.907551593001699,15.907551593001699
UF/sledgehammer/QEpres/uf.733606.smt2,iProver,False,1200,2400
UF/20170428-Barrett/cdt-cade2015/nada/afp/coinductive_list/x2015_09_10_17_15_29_619_2738663.smt_in.smt2,cvc5,False,1200,2400
UF/20190906-CLEARSY/0015/00370.smt2,SMTInterpol,True,0.6112763400305994,0.6112763400305994
UF/20170428-Barrett/cdt-cade2015/nada/distro/rbt_impl/x2015_09_10_16_59_12_776_1884727.smt_in.smt2,Yices2,False,1200,2400
UF/20170428-Barrett/cdt-cade2015/nada/distro/gram_lang/x2015_09_10_16_54_52_250_1500077.smt_in.smt2,Yices2,True,0.6955891210018308,0.6955891210018308
UF/sledgehammer/Hoare/smtlib.653846.smt2,SMTInterpol,True,0.4030178589746356,0.4030178589746356
UF/20170428-Barrett/cdt-cade2015/nada/distro/rbt_impl/x2015_09_10_16_54_37_389_1441935.smt_in.smt2,iProver,False,1200,2400
UF/20170428-Barrett/cdt-cade2015/nada/distro/stream/x2015_09_10_16_47_00_115_1003238.smt_in.smt2,Yices2,False,1200,2400
UF/sledgehammer/NS_Shared/smtlib.828874.smt2,iProver,False,1200,2400
UF/sledgehammer/FFT/uf.724010.smt2,iProver,False,1200,2400
UF/sledgehammer/TwoSquares/uf.744659.smt2,iProver,False,1200,2400
UF/sledgehammer/NS_Shared/uf.836509.smt2,iProver,True,442.58950580000055,442.58950580000055
UF/sledgehammer/QEpres/uf.806610.smt2,cvc5,False,1200,2400
UF/sledgehammer/Hoare/uf.1034455.smt2,iProver,False,1200,2400
UF/sledgehammer/TwoSquares/uf.774255.smt2,iProver,True,58.42161119500088,58.42161119500088
UF/sledgehammer/Arrow_Order/uf.710452.smt2,Yices2,False,1200,2400
UF/sledgehammer/Arrow_Order/uf.649769.smt2,iProver,True,3.436928954000905,3.436928954000905
UF/sledgehammer/Fundamental_Theorem_Algebra/uf.1053094.smt2,iProver,False,1200,2400
UF/sledgehammer/QEpres/uf.933436.smt2,iProver,True,25.92929978400025,25.92929978400025
UF/sledgehammer/StrongNorm/uf.785940.smt2,cvc5,False,1200,2400
UF/sledgehammer/QEpres/uf.1086975.smt2,cvc5,False,1200,2400
UF/sledgehammer/QEpres/uf.1063804.smt2,iProver,False,1200,2400
UF/sledgehammer/Fundamental_Theorem_Algebra/uf.1301204.smt2,Yices2,False,1200,2400
UF/sledgehammer/Fundamental_Theorem_Algebra/uf.1139931.smt2,iProver,False,1200,2400
UF/20170428-Barrett/cdt-cade2015/nada/distro/gram_lang/x2015_09_10_16_55_25_532_1535399.smt_in.smt2,cvc5,False,1200,2400
UF/20170428-Barrett/cdt-cade2015/nada/gandl/cotree/x2015_09_10_16_50_55_374_1090958.smt_in.smt2,cvc5,False,1200,2400
UF/sledgehammer/Arrow_Order/smtlib.613095.smt2,cvc5,False,1200,2400
UF/sledgehammer/Fundamental_Theorem_Algebra/uf.586556.smt2,iProver,False,1200,2400
UF/20170428-Barrett/cdt-cade2015/nada/gandl/stern_brocot_tree/x2015_09_10_16_52_18_764_1105013.smt_in.smt2,iProver,False,1200,2400
UF/20170428-Barrett/cdt-cade2015/nada/afp/coinductive_list/x2015_09_10_17_12_23_278_2626155.smt_in.smt2,cvc5,False,1200,2400
UF/wintersteiger/fmsd13/fixpoint/small-bug1-fixpoint-8.smt2,Yices2,True,38.74637467900175,38.74637467900175
UF/sledgehammer/QEpres/uf.1044771.smt2,Yices2,True,0.24148221000359626,0.24148221000359626
UF/20170428-Barrett/cdt-cade2015/nada/distro/gram_lang/x2015_09_10_16_47_55_019_1094454.smt_in.smt2,Yices2,False,1200,2400
UF/20170428-Barrett/cdt-cade2015/nada/distro/rbt_impl/x2015_09_10_16_55_55_586_1608808.smt_in.smt2,Yices2,True,0.7515344729981734,0.7515344729981734
UF/sledgehammer/Arrow_Order/uf.804548.smt2,cvc5,False,1200,2400
UF/sledgehammer/Fundamental_Theorem_Algebra/uf.1388546.smt2,Yices2,False,1200,2400
UF/sledgehammer/NS_Shared/smtlib.816719.smt2,iProver,False,1200,2400
UF/sledgehammer/TwoSquares/uf.792185.smt2,iProver,False,1200,2400
UF/sledgehammer/Fundamental_Theorem_Algebra/uf.764871.smt2,iProver,False,1200,2400
UF/sledgehammer/Fundamental_Theorem_Algebra/uf.1356930.smt2,cvc5,False,1200,2400
UF/20170428-Barrett/cdt-cade2015/nada/afp/bindag/x2015_09_10_16_52_48_141_1014960.smt_in.smt2,cvc5,True,0.25804500794038177,0.25804500794038177
UF/20170428-Barrett/cdt-cade2015/nada/afp/coinductive_list/x2015_09_10_16_57_20_844_1497138.smt_in.smt2,cvc5,True,540.8201404619031,540.8201404619031
UF/sledgehammer/TypeSafe/uf.704447.smt2,cvc5,False,1200,2400
UF/20170428-Barrett/cdt-cade2015/nada/distro/gram_lang/x2015_09_10_16_47_33_532_1071416.smt_in.smt2,cvc5,False,1200,2400
UF/20170428-Barrett/cdt-cade2015/nada/distro/gram_lang/x2015_09_10_16_48_29_875_1130152.smt_in.smt2,cvc5,True,0.28931320714764297,0.28931320714764297
UF/20170428-Barrett/cdt-cade2015/nada/afp/coinductive_list/x2015_09_10_17_00_03_869_1648413.smt_in.smt2,iProver,False,1200,2400
UF/20170428-Barrett/cdt-cade2015/nada/afp/coinductive_list/x2015_09_10_16_55_36_039_1410538.smt_in.smt2,Yices2,False,1200,2400
UF/sledgehammer/TypeSafe/uf.1434973.smt2,Yices2,False,1200,2400
UF/sledgehammer/Hoare/uf.828081.smt2,iProver,True,28.476162989998556,28.476162989998556
UF/20170428-Barrett/cdt-cade2015/nada/afp/huffman/x2015_09_10_16_51_21_619_1308340.smt_in.smt2,Yices2,False,1200,2400
UF/sledgehammer/Arrow_Order/uf.669282.smt2,cvc5,True,0.35644571180455387,0.35644571180455387
UF/sledgehammer/Fundamental_Theorem_Algebra/uf.1146193.smt2,cvc5,True,0.27231073495931923,0.27231073495931923
UF/20170428-Barrett/cdt-cade2015/nada/afp/coinductive_list/x2015_09_10_16_55_14_618_1391696.smt_in.smt2,Yices2,True,0.2664560530029121,0.2664560530029121
UF/sledgehammer/Fundamental_Theorem_Algebra/uf.791773.smt2,iProver,True,302.55345447500076,302.55345447500076
UF/sledgehammer/FFT/uf.684275.smt2,iProver,False,1200,2400
UF/sledgehammer/TypeSafe/uf.604760.smt2,Yices2,True,0.23056648000056157,0.23056648000056157
UF/sledgehammer/FFT/uf.879864.smt2,iProver,False,1200,2400
UF/20170428-Barrett/cdt-cade2015/nada/afp/coinductive_list/x2015_09_10_16_53_56_827_1318713.smt_in.smt2,cvc5,True,562.7351506899577,562.7351506899577
UF/sledgehammer/Hoare/uf.608247.smt2,iProver,False,1200,2400
UF/20170428-Barrett/cdt-cade2015/nada/afp/coinductive_list/x2015_09_10_17_13_08_073_2669733.smt_in.smt2,cvc5,True,1.0114163639955223,1.0114163639955223
UF/20170428-Barrett/cdt-cade2015/nada/afp/coinductive_list/x2015_09_10_17_08_58_628_2361775.smt_in.smt2,Yices2,False,1200,2400
UF/sledgehammer/NS_Shared/smtlib.627920.smt2,iProver,True,3.8933426099993085,3.8933426099993085
UF/sledgehammer/Arrow_Order/uf.848767.smt2,iProver,False,1200,2400
UF/sledgehammer/Fundamental_Theorem_Algebra/uf.1324231.smt2,cvc5,False,1200,2400
UF/sledgehammer/FFT/uf.828620.smt2,iProver,False,1200,2400
UF/20170428-Barrett/cdt-cade2015/nada/afp/huffman/x2015_09_10_16_51_15_513_1301327.smt_in.smt2,Yices2,False,1200,2400
UF/20170428-Barrett/cdt-cade2015/nada/afp/llist2/x2015_09_10_16_53_42_429_1215607.smt_in.smt2,Yices2,False,1200,2400
UF/sledgehammer/QEpres/uf.976243.smt2,cvc5,False,1200,2400
UF/sledgehammer/TwoSquares/uf.629281.smt2,iProver,True,0.8416100760005065,0.8416100760005065
UF/20170428-Barrett/cdt-cade2015/nada/afp/coinductive_list/x2015_09_10_17_04_04_193_1959422.smt_in.smt2,iProver,True,2.348384361001081,2.348384361001081
UF/sledgehammer/Fundamental_Theorem_Algebra/uf.566739.smt2,iProver,False,1200,2400
UF/sledgehammer/Fundamental_Theorem_Algebra/uf.1313680.smt2,iProver,True,7.424725556998965,7.424725556998965
UF/sledgehammer/Fundamental_Theorem_Algebra/uf.961790.smt2,cvc5,False,1200,2400
UF/sledgehammer/Fundamental_Theorem_Algebra/uf.717023.smt2,cvc5,True,31.97226499998942,31.97226499998942
UF/sledgehammer/NS_Shared/uf.630864.smt2,iProver,False,1200,2400
UF/sledgehammer/QEpres/uf.819158.smt2,cvc5,True,0.34599932190030813,0.34599932190030813
UF/sledgehammer/Arrow_Order/uf.798976.smt2,Yices2,False,1200,2400
UF/20170428-Barrett/cdt-cade2015/nada/gandl/stern_brocot_tree/x2015_09_10_16_51_55_400_1080619.smt_in.smt2,cvc5,True,0.26959958695806563,0.26959958695806563
UF/sledgehammer/QEpres/uf.1060122.smt2,iProver,False,1200,2400
UF/20170428-Barrett/cdt-cade2015/nada/afp/coinductive_list/x2015_09_10_17_07_56_271_2277775.smt_in.smt2,iProver,False,1200,2400
UF/20170428-Barrett/cdt-cade2015/nada/distro/rbt_impl/x2015_09_10_16_56_11_393_1641391.smt_in.smt2,Yices2,False,1200,2400
UF/sledgehammer/QEpres/uf.777759.smt2,cvc5,False,1200,2400
UF/sledgehammer/FFT/uf.655557.smt2,iProver,False,1200,2400
UF/sledgehammer/Arrow_Order/uf.557783.smt2,Yices2,True,0.25121295300050406,0.25121295300050406
UF/sledgehammer/Fundamental_Theorem_Algebra/uf.1100792.smt2,iProver,False,1200,2400
UF/sledgehammer/NS_Shared/uf.653045.smt2,Yices2,False,1200,2400
UF/sledgehammer/Fundamental_Theorem_Algebra/uf.828004.smt2,cvc5,True,0.2910908099729568,0.2910908099729568
UF/sledgehammer/Fundamental_Theorem_Algebra/uf.711480.smt2,Yices2,False,1200,2400
UF/sledgehammer/TypeSafe/uf.712904.smt2,cvc5,False,1200,2400
UF/sledgehammer/Hoare/uf.559890.smt2,iProver,False,1200,2400
UF/sledgehammer/Hoare/uf.986404.smt2,cvc5,False,1200,2400
UF/sledgehammer/QEpres/uf.1049699.smt2,cvc5,True,0.3208524629008025,0.3208524629008025
UF/sledgehammer/Fundamental_Theorem_Algebra/uf.563103.smt2,iProver,True,0.8402196850001928,0.8402196850001928
UF/20170428-Barrett/cdt-cade2015/nada/afp/koenigslemma/x2015_09_10_16_53_22_499_1129181.smt_in.smt2,cvc5,True,0.3421079709660262,0.3421079709660262
UF/20170428-Barrett/cdt-cade2015/nada/distro/rbt_impl/x2015_09_10_16_51_32_130_1123033.smt_in.smt2,Yices2,False,1200,2400
UF/sledgehammer/Fundamental_Theorem_Algebra/uf.663676.smt2,iProver,False,1200,2400
UF/sledgehammer/Hoare/uf.1181627.smt2,iProver,False,1200,2400
UF/20170428-Barrett/cdt-cade2015/nada/gandl/stern_brocot_tree/x2015_09_10_16_51_06_648_1042230.smt_in.smt2,Yices2,False,1200,2400
UF/sledgehammer/QEpres/uf.796492.smt2,iProver,False,1200,2400
UF/sledgehammer/Fundamental_Theorem_Algebra/uf.1298282.smt2,iProver,False,1200,2400
UF/sledgehammer/Fundamental_Theorem_Algebra/uf.1357704.smt2,iProver,True,168.53528287600057,168.53528287600057
UF/20170428-Barrett/cdt-cade2015/nada/afp/coinductive_list/x2015_09_10_16_53_10_237_1274224.smt_in.smt2,cvc5,False,1200,2400
UF/20170428-Barrett/cdt-cade2015/nada/afp/coinductive_list/x2015_09_10_17_09_13_445_2380690.smt_in.smt2,iProver,False,1200,2400
UF/20170428-Barrett/cdt-cade2015/nada/distro/rbt_impl/x2015_09_10_16_52_46_503_1238250.smt_in.smt2,Yices2,False,1200,2400
UF/sledgehammer/TypeSafe/uf.978420.smt2,iProver,False,1200,2400
UF/20170428-Barrett/cdt-cade2015/nada/afp/splay_tree_analysis/x2015_09_10_16_58_56_468_1208059.smt_in.smt2,Yices2,False,1200,2400
UF/sledgehammer/TypeSafe/smtlib.1056495.smt2,cvc5,False,1200,2400
UF/sledgehammer/Fundamental_Theorem_Algebra/uf.644376.smt2,cvc5,False,1200,2400
UF/sledgehammer/Arrow_Order/uf.668316.smt2,cvc5,True,0.40194856585003436,0.40194856585003436
UF/20170428-Barrett/cdt-cade2015/nada/distro/koenig/x2015_09_10_16_45_01_616_1004396.smt_in.smt2,cvc5,True,0.2741510320920497,0.2741510320920497
UF/sledgehammer/Hoare/uf.780982.smt2,iProver,False,1200,2400
UF/20170428-Barrett/cdt-cade2015/nada/afp/coinductive_list/x2015_09_10_16_57_58_745_1532390.smt_in.smt2,cvc5,False,1200,2400
UF/sledgehammer/TypeSafe/smtlib.1281812.smt2,iProver,False,1200,2400
UF/20170428-Barrett/cdt-cade2015/nada/afp/sorted_list_operations/x2015_09_10_16_48_05_403_1090809.smt_in.smt2,Yices2,False,1200,2400
UF/20170428-Barrett/cdt-cade2015/nada/afp/llist2/x2015_09_10_16_55_40_923_1291238.smt_in.smt2,cvc5,True,8.886477592168376,8.886477592168376
UF/sledgehammer/TwoSquares/uf.705474.smt2,iProver,True,2.872817864998069,2.872817864998069
UF/sledgehammer/TypeSafe/uf.1401434.smt2,Yices2,False,1200,2400
UF/20170428-Barrett/cdt-cade2015/nada/distro/stream/x2015_09_10_16_46_45_961_984148.smt_in.smt2,Yices2,True,0.26615822999883676,0.26615822999883676
UF/sledgehammer/Hoare/uf.743018.smt2,iProver,False,1200,2400
UF/sledgehammer/QEpres/uf.993137.smt2,Yices2,False,1200,2400
UF/sledgehammer/TwoSquares/uf.754283.smt2,iProver,True,1.8595009319979,1.8595009319979
UF/20170428-Barrett/cdt-cade2015/nada/distro/gram_lang/x2015_09_10_16_46_38_017_1009817.smt_in.smt2,Yices2,True,0.4533358250009769,0.4533358250009769
UF/20170428-Barrett/cdt-cade2015/nada/distro/rbt_impl/x2015_09_10_16_59_42_467_1937954.smt_in.smt2,Yices2,False,1200,2400
UF/sledgehammer/QEpres/uf.687480.smt2,cvc5,False,1200,2400
UF/sledgehammer/FFT/uf.552859.smt2,iProver,True,14.938164584000333,14.938164584000333
UF/20170428-Barrett/cdt-cade2015/nada/afp/coinductive_list/x2015_09_10_17_02_08_521_1803896.smt_in.smt2,cvc5,False,1200,2400
UF/sledgehammer/FFT/uf.874531.smt2,iProver,False,1200,2400
UF/20170428-Barrett/cdt-cade2015/nada/afp/tllist/x2015_09_10_17_00_30_295_1354324.smt_in.smt2,cvc5,True,839.9289783700369,839.9289783700369
UF/20170428-Barrett/cdt-cade2015/nada/afp/llist2/x2015_09_10_16_53_31_697_1208858.smt_in.smt2,cvc5,False,1200,2400
UF/sledgehammer/NS_Shared/uf.566065.smt2,iProver,False,1200,2400
UF/sledgehammer/TwoSquares/uf.754018.smt2,iProver,False,1200,2400
UF/sledgehammer/TypeSafe/uf.768093.smt2,Yices2,False,1200,2400
UF/sledgehammer/FFT/uf.714366.smt2,iProver,True,0.8617644290006865,0.8617644290006865
UF/sledgehammer/FFT/uf.830857.smt2,iProver,False,1200,2400
UF/20170428-Barrett/cdt-cade2015/nada/distro/stream/x2015_09_10_16_46_56_985_999207.smt_in.smt2,cvc5,False,1200,2400
UF/20170428-Barrett/cdt-cade2015/nada/afp/splay_tree_analysis/x2015_09_10_16_56_58_793_1101312.smt_in.smt2,Yices2,False,1200,2400
UF/20170428-Barrett/cdt-cade2015/nada/afp/coinductive_list/x2015_09_10_17_01_37_492_1762297.smt_in.smt2,Yices2,False,1200,2400
UF/20170428-Barrett/cdt-cade2015/nada/distro/stream/x2015_09_10_16_48_45_911_1119593.smt_in.smt2,cvc5,False,1200,2400
UF/20170428-Barrett/cdt-cade2015/nada/distro/gram_lang/x2015_09_10_16_51_25_466_1302708.smt_in.smt2,cvc5,False,1200,2400
UF/sledgehammer/Fundamental_Theorem_Algebra/uf.834987.smt2,iProver,False,1200,2400
UF/sledgehammer/TwoSquares/uf.636002.smt2,iProver,False,1200,2400
UF/sledgehammer/TwoSquares/uf.620639.smt2,iProver,False,1200,2400
UF/20170428-Barrett/cdt-cade2015/nada/distro/parallel/x2015_09_10_16_57_02_469_1033623.smt_in.smt2,cvc5,False,1200,2400
UF/sledgehammer/QEpres/uf.947572.smt2,Yices2,False,1200,2400
UF/sledgehammer/TypeSafe/uf.900052.smt2,iProver,False,1200,2400
UF/sledgehammer/QEpres/uf.1060330.smt2,iProver,False,1200,2400
UF/sledgehammer/QEpres/uf.889661.smt2,iProver,True,1.3827371500010486,1.3827371500010486
UF/sledgehammer/Arrow_Order/uf.834540.smt2,cvc5,False,1200,2400
UF/sledgehammer/FFT/uf.585821.smt2,iProver,False,1200,2400
UF/20170428-Barrett/cdt-cade2015/nada/afp/coinductive_list/x2015_09_10_16_56_00_260_1430662.smt_in.smt2,cvc5,False,1200,2400
UF/sledgehammer/TypeSafe/uf.783531.smt2,Yices2,False,1200,2400
UF/sledgehammer/Arrow_Order/uf.835063.smt2,iProver,False,1200,2400
UF/sledgehammer/Fundamental_Theorem_Algebra/uf.610796.smt2,iProver,True,115.95834452499912,115.95834452499912
UF/sledgehammer/NS_Shared/uf.764949.smt2,Yices2,False,1200,2400
UF/sledgehammer/FFT/uf.763162.smt2,iProver,False,1200,2400
UF/sledgehammer/FFT/uf.909033.smt2,iProver,False,1200,2400
UF/sledgehammer/Fundamental_Theorem_Algebra/smtlib.768421.smt2,iProver,True,0.8462653839997074,0.8462653839997074
UF/sledgehammer/Hoare/smtlib.946298.smt2,iProver,False,1200,2400
UF/sledgehammer/Fundamental_Theorem_Algebra/uf.1172735.smt2,iProver,False,1200,2400
UF/20170428-Barrett/cdt-cade2015/nada/afp/huffman/x2015_09_10_16_49_50_363_1211648.smt_in.smt2,cvc5,True,0.3261882250662893,0.3261882250662893
UF/20170428-Barrett/cdt-cade2015/nada/afp/coinductive_list/x2015_09_10_17_01_04_594_1721675.smt_in.smt2,cvc5,False,1200,2400
UF/20170428-Barrett/cdt-cade2015/nada/gandl/cotree/x2015_09_10_16_50_42_643_1073921.smt_in.smt2,cvc5,False,1200,2400
UF/sledgehammer/Fundamental_Theorem_Algebra/uf.991083.smt2,cvc5,True,0.6032570630777627,0.6032570630777627
UF/20170428-Barrett/cdt-cade2015/nada/distro/gram_lang/x2015_09_10_16_50_50_236_1270748.smt_in.smt2,Yices2,False,1200,2400
UF/20170428-Barrett/cdt-cade2015/nada/afp/huffman/x2015_09_10_16_48_31_633_1119674.smt_in.smt2,iProver,False,1200,2400
UF/sledgehammer/TypeSafe/uf.618683.smt2,cvc5,False,1200,2400
UF/sledgehammer/TwoSquares/uf.686072.smt2,iProver,False,1200,2400
UF/20170428-Barrett/cdt-cade2015/nada/afp/abstract_completeness/x2015_09_10_16_59_55_599_1062687.smt_in.smt2,Yices2,False,1200,2400
UF/sledgehammer/Fundamental_Theorem_Algebra/uf.676844.smt2,iProver,False,1200,2400
UF/sledgehammer/FFT/uf.875121.smt2,iProver,False,1200,2400
UF/sledgehammer/QEpres/uf.1076362.smt2,iProver,False,1200,2400
UF/sledgehammer/FFT/uf.841513.smt2,iProver,False,1200,2400
UF/sledgehammer/Fundamental_Theorem_Algebra/uf.865274.smt2,iProver,False,1200,2400
UF/sledgehammer/TwoSquares/uf.593473.smt2,cvc5,False,1200,2400
UF/20170428-Barrett/cdt-cade2015/nada/afp/tllist/x2015_09_10_16_59_11_365_1257713.smt_in.smt2,cvc5,True,629.3942303049844,629.3942303049844
UF/20170428-Barrett/cdt-cade2015/nada/afp/abstract_completeness/x2015_09_10_17_00_29_028_1097017.smt_in.smt2,cvc5,True,571.3030971931294,571.3030971931294
UF/sledgehammer/Hoare/uf.561591.smt2,iProver,False,1200,2400
UF/20170428-Barrett/cdt-cade2015/nada/afp/huffman/x2015_09_10_16_47_45_106_1071337.smt_in.smt2,Yices2,False,1200,2400
UF/sledgehammer/TypeSafe/uf.1397579.smt2,cvc5,False,1200,2400
UF/20170428-Barrett/cdt-cade2015/nada/afp/coinductive_list/x2015_09_10_17_02_34_752_1838901.smt_in.smt2,cvc5,True,0.31612701900303364,0.31612701900303364
UF/sledgehammer/Fundamental_Theorem_Algebra/uf.666184.smt2,iProver,False,1200,2400
UF/20170428-Barrett/cdt-cade2015/nada/afp/coinductive_list/x2015_09_10_17_00_24_219_1671686.smt_in.smt2,Yices2,True,0.8625463920034235,0.8625463920034235
UF/20170428-Barrett/cdt-cade2015/nada/afp/llist2/x2015_09_10_16_53_35_154_1211089.smt_in.smt2,cvc5,False,1200,2400
UF/sledgehammer/NS_Shared/uf.697207.smt2,cvc5,False,1200,2400
UF/20170428-Barrett/cdt-cade2015/nada/afp/coinductive_list/x2015_09_10_17_02_57_988_1868959.smt_in.smt2,Yices2,False,1200,2400
UF/sledgehammer/NS_Shared/uf.742193.smt2,Yices2,False,1200,2400
UF/sledgehammer/Fundamental_Theorem_Algebra/uf.646020.smt2,cvc5,False,1200,2400
UF/sledgehammer/QEpres/uf.765012.smt2,iProver,True,0.8982063610019395,0.8982063610019395
UF/sledgehammer/TypeSafe/smtlib.1501034.smt2,Yices2,False,1200,2400
UF/sledgehammer/Fundamental_Theorem_Algebra/uf.843793.smt2,iProver,False,1200,2400
UF/sledgehammer/TypeSafe/smtlib.1165906.smt2,Yices2,True,0.24970146800478688,0.24970146800478688
UF/sledgehammer/Fundamental_Theorem_Algebra/uf.688460.smt2,SMTInterpol,True,15.720135217008647,15.720135217008647
UF/20190906-CLEARSY/0016/01051.smt2,Yices2,True,0.21456632899935357,0.21456632899935357
UF/20170428-Barrett/cdt-cade2015/nada/afp/coinductive_stream/x2015_09_10_17_22_29_937_1093043.smt_in.smt2,cvc5,True,0.774981910130009,0.774981910130009
UF/20170428-Barrett/cdt-cade2015/nada/afp/coinductive_list/x2015_09_10_17_20_02_499_2906170.smt_in.smt2,cvc5,True,0.3371141920797527,0.3371141920797527
UF/20190906-CLEARSY/0016/00778.smt2,Yices2,True,0.28215775200078497,0.28215775200078497
UF/sledgehammer/Hoare/uf.584821.smt2,iProver,False,1200,2400
UF/20170428-Barrett/cdt-cade2015/nada/afp/huffman/x2015_09_10_16_48_09_280_1095622.smt_in.smt2,iProver,False,1200,2400
UF/sledgehammer/Hoare/smtlib.1072485.smt2,iProver,False,1200,2400
UF/sledgehammer/QEpres/uf.724648.smt2,iProver,False,1200,2400
UF/sledgehammer/Hoare/uf.767896.smt2,iProver,False,1200,2400
UF/20170428-Barrett/cdt-cade2015/nada/distro/rbt_impl/x2015_09_10_16_56_20_921_1661453.smt_in.smt2,Yices2,False,1200,2400
UF/sledgehammer/Hoare/uf.1063686.smt2,iProver,True,0.8811363950007944,0.8811363950007944
UF/sledgehammer/Fundamental_Theorem_Algebra/uf.1190453.smt2,iProver,True,1.8792307459989388,1.8792307459989388
UF/20170428-Barrett/cdt-cade2015/nada/afp/coinductive_list/x2015_09_10_16_57_28_040_1505426.smt_in.smt2,cvc5,False,1200,2400
UF/20170428-Barrett/cdt-cade2015/nada/distro/rbt_impl/x2015_09_10_16_55_17_007_1527773.smt_in.smt2,Yices2,False,1200,2400
UF/sledgehammer/Fundamental_Theorem_Algebra/uf.717973.smt2,SMTInterpol,True,20.587182287010364,20.587182287010364
UF/20170428-Barrett/cdt-cade2015/nada/afp/coinductive_list/x2015_09_10_17_07_07_344_2212007.smt_in.smt2,cvc5,False,1200,2400
UF/20170428-Barrett/cdt-cade2015/nada/afp/coinductive_list/x2015_09_10_17_05_33_705_2078118.smt_in.smt2,Yices2,False,1200,2400
UF/sledgehammer/NS_Shared/smtlib.886952.smt2,iProver,False,1200,2400
UF/20170428-Barrett/cdt-cade2015/nada/afp/coinductive_list/x2015_09_10_17_09_02_023_2365793.smt_in.smt2,Yices2,False,1200,2400
UF/sledgehammer/TwoSquares/uf.667814.smt2,iProver,False,1200,2400
UF/sledgehammer/StrongNorm/uf.779858.smt2,cvc5,False,1200,2400
UF/sledgehammer/FFT/uf.731267.smt2,iProver,False,1200,2400
UF/sledgehammer/StrongNorm/uf.623833.smt2,iProver,False,1200,2400
UF/sledgehammer/QEpres/uf.1111078.smt2,cvc5,False,1200,2400
UF/20170428-Barrett/cdt-cade2015/nada/distro/rbt_impl/x2015_09_10_16_59_14_756_1887575.smt_in.smt2,cvc5,False,1200,2400
UF/20170428-Barrett/cdt-cade2015/nada/distro/gram_lang/x2015_09_10_16_52_51_234_1391295.smt_in.smt2,Yices2,False,1200,2400
UF/sledgehammer/Fundamental_Theorem_Algebra/uf.785610.smt2,iProver,False,1200,2400
UF/misc/set20.smt2,iProver,True,1.3861410159988736,1.3861410159988736
UF/20170428-Barrett/cdt-cade2015/nada/afp/coinductive_list/x2015_09_10_17_04_40_247_2009063.smt_in.smt2,cvc5,False,1200,2400
UF/sledgehammer/Hoare/uf.1189699.smt2,iProver,False,1200,2400
UF/20170428-Barrett/cdt-cade2015/nada/distro/parallel/x2015_09_10_16_56_34_054_999113.smt_in.smt2,cvc5,False,1200,2400
UF/sledgehammer/QEpres/uf.705934.smt2,iProver,False,1200,2400
UF/sledgehammer/Fundamental_Theorem_Algebra/uf.830680.smt2,Yices2,True,454.18496638200304,454.18496638200304
UF/sledgehammer/TwoSquares/uf.625043.smt2,iProver,False,1200,2400
UF/sledgehammer/QEpres/uf.954808.smt2,iProver,False,1200,2400
UF/sledgehammer/TwoSquares/uf.589320.smt2,iProver,False,1200,2400
UF/sledgehammer/FFT/uf.652299.smt2,iProver,False,1200,2400
UF/20170428-Barrett/cdt-cade2015/nada/distro/gram_lang/x2015_09_10_16_54_30_976_1479219.smt_in.smt2,Yices2,True,0.25078283999755513,0.25078283999755513
UF/20170428-Barrett/cdt-cade2015/nada/distro/rbt_impl/x2015_09_10_16_59_08_219_1879525.smt_in.smt2,Yices2,False,1200,2400
UF/wintersteiger/fmsd13/fixpoint/small-bug1-fixpoint-2.smt2,Yices2,True,0.2102778970001964,0.2102778970001964
UF/sledgehammer/Fundamental_Theorem_Algebra/uf.1403147.smt2,iProver,True,0.8362160960023175,0.8362160960023175
UF/sledgehammer/Fundamental_Theorem_Algebra/uf.758126.smt2,cvc5,False,1200,2400
UF/sledgehammer/StrongNorm/uf.722272.smt2,Yices2,False,1200,2400
UF/sledgehammer/QEpres/uf.987659.smt2,iProver,True,0.9393793599992932,0.9393793599992932
UF/sledgehammer/Arrow_Order/uf.737304.smt2,Yices2,True,0.2253370990001713,0.2253370990001713
UF/20170428-Barrett/cdt-cade2015/nada/afp/abstract_completeness/x2015_09_10_16_59_58_347_1064821.smt_in.smt2,Yices2,False,1200,2400
UF/20170428-Barrett/cdt-cade2015/nada/afp/coinductive_list/x2015_09_10_17_00_05_030_1649639.smt_in.smt2,iProver,False,1200,2400
UF/sledgehammer/TypeSafe/uf.683492.smt2,Yices2,False,1200,2400
UF/20170428-Barrett/cdt-cade2015/nada/distro/gram_lang/x2015_09_10_16_52_20_306_1360460.smt_in.smt2,Yices2,False,1200,2400
UF/20170428-Barrett/cdt-cade2015/nada/distro/gram_lang/x2015_09_10_16_48_22_777_1123034.smt_in.smt2,cvc5,False,1200,2400
UF/20170428-Barrett/cdt-cade2015/nada/gandl/cotree/x2015_09_10_16_50_49_847_1083807.smt_in.smt2,Yices2,False,1200,2400
UF/20170428-Barrett/cdt-cade2015/nada/afp/huffman/x2015_09_10_16_50_20_520_1243116.smt_in.smt2,cvc5,False,1200,2400
UF/20170428-Barrett/cdt-cade2015/nada/afp/coinductive_list/x2015_09_10_17_12_08_917_2608191.smt_in.smt2,cvc5,False,1200,2400
UF/sledgehammer/Hoare/uf.628776.smt2,cvc5,True,10.14868739200756,10.14868739200756
UF/20170428-Barrett/cdt-cade2015/nada/distro/rbt_impl/x2015_09_10_16_56_43_977_1717277.smt_in.smt2,cvc5,False,1200,2400
UF/20170428-Barrett/cdt-cade2015/nada/gandl/stern_brocot_tree/x2015_09_10_16_51_07_904_1043217.smt_in.smt2,cvc5,True,0.3157491509336978,0.3157491509336978
UF/20170428-Barrett/cdt-cade2015/nada/afp/abstract_completeness/x2015_09_10_16_59_49_554_1056868.smt_in.smt2,cvc5,False,1200,2400
UF/sledgehammer/StrongNorm/uf.609537.smt2,iProver,False,1200,2400
UF/sledgehammer/Fundamental_Theorem_Algebra/uf.758943.smt2,iProver,False,1200,2400
UF/sledgehammer/NS_Shared/uf.809502.smt2,iProver,False,1200,2400
UF/sledgehammer/FFT/uf.590937.smt2,iProver,True,193.50425100199936,193.50425100199936
UF/sledgehammer/Fundamental_Theorem_Algebra/uf.1198393.smt2,iProver,True,204.50810505199843,204.50810505199843
UF/sledgehammer/FFT/uf.561024.smt2,iProver,False,1200,2400
UF/20170428-Barrett/cdt-cade2015/nada/afp/huffman/x2015_09_10_16_48_47_188_1138206.smt_in.smt2,iProver,False,1200,2400
UF/sledgehammer/FFT/uf.888672.smt2,iProver,False,1200,2400
UF/20170428-Barrett/cdt-cade2015/nada/afp/coinductive_list/x2015_09_10_17_11_59_809_2597576.smt_in.smt2,Yices2,True,9.260726430999057,9.260726430999057
UF/20190906-CLEARSY/0018/00034.smt2,Yices2,True,0.21457072300108848,0.21457072300108848
UF/sledgehammer/Hoare/uf.1029313.smt2,iProver,False,1200,2400
UF/sledgehammer/TypeSafe/smtlib.719588.smt2,cvc5,False,1200,2400
UF/sledgehammer/FFT/uf.763749.smt2,iProver,True,1.8274555669995607,1.8274555669995607
UF/20170428-Barrett/cdt-cade2015/nada/distro/stream/x2015_09_10_16_49_15_141_1153946.smt_in.smt2,cvc5,False,1200,2400
UF/sledgehammer/FFT/uf.603201.smt2,iProver,False,1200,2400
UF/sledgehammer/Arrow_Order/smtlib.613881.smt2,iProver,False,1200,2400
UF/sledgehammer/FFT/uf.747854.smt2,iProver,True,1.3984168919996591,1.3984168919996591
UF/sledgehammer/StrongNorm/uf.668232.smt2,Yices2,False,1200,2400
UF/sledgehammer/TypeSafe/uf.778823.smt2,Yices2,False,1200,2400
UF/sledgehammer/FFT/uf.603455.smt2,iProver,False,1200,2400
UF/sledgehammer/NS_Shared/smtlib.911357.smt2,iProver,False,1200,2400
UF/sledgehammer/TwoSquares/uf.665907.smt2,iProver,False,1200,2400
UF/20170428-Barrett/cdt-cade2015/nada/afp/coinductive_stream/x2015_09_10_17_24_28_940_1202691.smt_in.smt2,cvc5,False,1200,2400
UF/sledgehammer/Arrow_Order/uf.732844.smt2,Yices2,True,0.23545560400089016,0.23545560400089016
UF/sledgehammer/Hoare/smtlib.1116572.smt2,iProver,True,2.388295239001309,2.388295239001309
UF/sledgehammer/TypeSafe/uf.996401.smt2,Yices2,True,0.2406167209992418,0.2406167209992418
UF/sledgehammer/Hoare/uf.634377.smt2,iProver,True,52.437892146001104,52.437892146001104
UF/sledgehammer/Fundamental_Theorem_Algebra/uf.1438950.smt2,cvc5,True,4.640575576107949,4.640575576107949
UF/sledgehammer/FFT/uf.829247.smt2,iProver,True,8.42117465299998,8.42117465299998
UF/20170428-Barrett/cdt-cade2015/nada/distro/gram_lang/x2015_09_10_16_48_37_874_1139227.smt_in.smt2,cvc5,True,0.3502029438968748,0.3502029438968748
UF/sledgehammer/QEpres/uf.1101998.smt2,Yices2,False,1200,2400
UF/sledgehammer/TwoSquares/uf.612172.smt2,iProver,False,1200,2400
UF/sledgehammer/TwoSquares/uf.753499.smt2,iProver,False,1200,2400
UF/20170428-Barrett/cdt-cade2015/nada/distro/process/x2015_09_10_16_46_31_107_1053871.smt_in.smt2,Yices2,False,1200,2400
UF/sledgehammer/Hoare/uf.887983.smt2,iProver,True,0.850974805000078,0.850974805000078
UF/20170428-Barrett/cdt-cade2015/nada/afp/coinductive_list/x2015_09_10_16_52_36_825_1244797.smt_in.smt2,cvc5,False,1200,2400
UF/sledgehammer/Fundamental_Theorem_Algebra/uf.1273113.smt2,Yices2,False,1200,2400
UF/20170428-Barrett/cdt-cade2015/nada/afp/coinductive_list/x2015_09_10_17_02_33_609_1837431.smt_in.smt2,cvc5,False,1200,2400
UF/sledgehammer/Hoare/uf.1013778.smt2,cvc5,True,0.36722757504321635,0.36722757504321635
UF/20170428-Barrett/cdt-cade2015/nada/distro/gram_lang/x2015_09_10_16_54_57_922_1505421.smt_in.smt2,Yices2,False,1200,2400
UF/sledgehammer/StrongNorm/uf.817528.smt2,Yices2,False,1200,2400
UF/sledgehammer/FFT/uf.755388.smt2,iProver,False,1200,2400
UF/20170428-Barrett/cdt-cade2015/nada/distro/stream/x2015_09_10_16_48_37_541_1108827.smt_in.smt2,Yices2,True,1.0281198960001348,1.0281198960001348
UF/sledgehammer/Arrow_Order/uf.741565.smt2,cvc5,False,1200,2400
UF/sledgehammer/Hoare/uf.673457.smt2,iProver,True,1067.9222495249996,1067.9222495249996
UF/sledgehammer/NS_Shared/uf.571136.smt2,iProver,False,1200,2400
UF/sledgehammer/StrongNorm/uf.566001.smt2,iProver,False,1200,2400
UF/sledgehammer/NS_Shared/smtlib.875467.smt2,iProver,False,1200,2400
UF/20170428-Barrett/cdt-cade2015/nada/afp/coinductive_list/x2015_09_10_17_08_01_970_2285816.smt_in.smt2,Yices2,False,1200,2400
UF/20170428-Barrett/cdt-cade2015/nada/distro/gram_lang/x2015_09_10_16_49_27_765_1198026.smt_in.smt2,Yices2,False,1200,2400
UF/sledgehammer/Fundamental_Theorem_Algebra/uf.1183270.smt2,cvc5,True,0.3524321559816599,0.3524321559816599
UF/sledgehammer/FFT/uf.751835.smt2,cvc5,True,1.1751401990186423,1.1751401990186423
UF/sledgehammer/FFT/uf.762495.smt2,iProver,False,1200,2400
UF/sledgehammer/Hoare/uf.651953.smt2,cvc5,True,0.3437060930300504,0.3437060930300504
UF/sledgehammer/FFT/uf.649232.smt2,iProver,False,1200,2400
UF/20170428-Barrett/cdt-cade2015/nada/distro/rbt_impl/x2015_09_10_16_59_55_994_1952730.smt_in.smt2,Yices2,False,1200,2400
UF/sledgehammer/Fundamental_Theorem_Algebra/smtlib.716650.smt2,cvc5,True,541.9450068639126,541.9450068639126
UF/20170428-Barrett/cdt-cade2015/nada/afp/coinductive_list/x2015_09_10_17_10_25_809_2474828.smt_in.smt2,cvc5,False,1200,2400
UF/grasshopper/uninstantiated/dl_filter_loop_invariant_40_3.smt2,Yices2,True,63.32472208699619,63.32472208699619
UF/sledgehammer/QEpres/uf.812834.smt2,Yices2,False,1200,2400
UF/sledgehammer/NS_Shared/smtlib.716984.smt2,iProver,False,1200,2400
UF/sledgehammer/Fundamental_Theorem_Algebra/uf.1325129.smt2,iProver,True,0.9029334400001972,0.9029334400001972
UF/20170428-Barrett/cdt-cade2015/nada/distro/stream/x2015_09_10_16_48_55_461_1130607.smt_in.smt2,Yices2,False,1200,2400
UF/20170428-Barrett/cdt-cade2015/nada/afp/coinductive_stream/x2015_09_10_17_22_11_824_1076413.smt_in.smt2,cvc5,True,0.35360339283943176,0.35360339283943176
UF/sledgehammer/FFT/uf.711720.smt2,iProver,False,1200,2400
UF/20170428-Barrett/cdt-cade2015/nada/distro/gram_lang/x2015_09_10_16_46_46_462_1019088.smt_in.smt2,cvc5,True,0.3131266818381846,0.3131266818381846
UF/sledgehammer/Fundamental_Theorem_Algebra/uf.805406.smt2,iProver,True,5.407069705997856,5.407069705997856
UF/sledgehammer/Fundamental_Theorem_Algebra/smtlib.1020149.smt2,iProver,False,1200,2400
UF/sledgehammer/TypeSafe/smtlib.1496217.smt2,Yices2,True,0.2533125350018963,0.2533125350018963
UF/20170428-Barrett/cdt-cade2015/nada/afp/coinductive_stream/x2015_09_10_17_24_09_404_1186086.smt_in.smt2,Yices2,False,1200,2400
UF/sledgehammer/TwoSquares/uf.746796.smt2,iProver,False,1200,2400
UF/20201221-induction-by-reflection-schoisswohl/reflectiveInductive/appendMonoton.smt2,iProver,False,1200,2400
UF/20170428-Barrett/cdt-cade2015/nada/distro/stream/x2015_09_10_16_47_25_148_1031053.smt_in.smt2,iProver,False,1200,2400
UF/20170428-Barrett/cdt-cade2015/nada/afp/coinductive_list/x2015_09_10_17_14_57_132_2720500.smt_in.smt2,Yices2,False,1200,2400
UF/20170428-Barrett/cdt-cade2015/nada/distro/rbt_impl/x2015_09_10_16_59_02_895_1871234.smt_in.smt2,cvc5,True,0.7965240159537643,0.7965240159537643
UF/20170428-Barrett/cdt-cade2015/nada/distro/gram_lang/x2015_09_10_16_49_58_321_1226378.smt_in.smt2,Yices2,False,1200,2400
UF/sledgehammer/Hoare/uf.1135670.smt2,cvc5,True,0.4289426920004189,0.4289426920004189
UF/20170428-Barrett/cdt-cade2015/nada/afp/tllist/x2015_09_10_16_57_50_915_1169708.smt_in.smt2,cvc5,False,1200,2400
UF/20170428-Barrett/cdt-cade2015/nada/distro/stream_processor/x2015_09_10_16_45_56_187_1002480.smt_in.smt2,cvc5,False,1200,2400
UF/sledgehammer/Fundamental_Theorem_Algebra/uf.903234.smt2,cvc5,True,0.2595729138702154,0.2595729138702154
UF/20170428-Barrett/cdt-cade2015/nada/afp/coinductive_list/x2015_09_10_16_58_32_674_1564116.smt_in.smt2,cvc5,True,391.6127018069383,391.6127018069383
UF/sledgehammer/FFT/uf.738983.smt2,cvc5,False,1200,2400
UF/sledgehammer/Hoare/uf.699041.smt2,iProver,False,1200,2400
UF/20170428-Barrett/cdt-cade2015/nada/distro/rbt_impl/x2015_09_10_16_59_52_448_1944235.smt_in.smt2,cvc5,True,541.0031668380834,541.0031668380834
UF/sledgehammer/FFT/uf.772683.smt2,iProver,False,1200,2400
UF/sledgehammer/Arrow_Order/uf.851907.smt2,iProver,False,1200,2400
UF/20170428-Barrett/cdt-cade2015/nada/distro/gram_lang/x2015_09_10_16_55_59_932_1575523.smt_in.smt2,Yices2,False,1200,2400
UF/20170428-Barrett/cdt-cade2015/nada/afp/abstract_completeness/x2015_09_10_17_00_11_120_1078490.smt_in.smt2,cvc5,False,1200,2400
UF/sledgehammer/Arrow_Order/uf.751785.smt2,cvc5,True,20.440511380089447,20.440511380089447
UF/sledgehammer/Fundamental_Theorem_Algebra/uf.669381.smt2,iProver,False,1200,2400
UF/sledgehammer/StrongNorm/uf.567801.smt2,Yices2,False,1200,2400
UF/sledgehammer/TwoSquares/uf.733975.smt2,iProver,False,1200,2400
UF/sledgehammer/QEpres/uf.686523.smt2,cvc5,False,1200,2400
UF/sledgehammer/FFT/uf.582540.smt2,iProver,False,1200,2400
UF/20170428-Barrett/cdt-cade2015/nada/afp/coinductive_stream/x2015_09_10_17_22_13_447_1077932.smt_in.smt2,cvc5,False,1200,2400
UF/20170428-Barrett/cdt-cade2015/nada/afp/coinductive_list/x2015_09_10_17_05_32_637_2076751.smt_in.smt2,Yices2,False,1200,2400
UF/20170428-Barrett/cdt-cade2015/nada/afp/huffman/x2015_09_10_16_49_57_278_1218963.smt_in.smt2,iProver,False,1200,2400
UF/20170428-Barrett/cdt-cade2015/nada/afp/coinductive_list/x2015_09_10_17_00_40_413_1691852.smt_in.smt2,cvc5,True,0.31437148805707693,0.31437148805707693
UF/sledgehammer/Arrow_Order/uf.850780.smt2,cvc5,True,19.7761928148102,19.7761928148102
UF/grasshopper/uninstantiated/insert_loop_invariant_24_5.smt2,Yices2,True,0.45448752099764533,0.45448752099764533
UF/sledgehammer/FFT/uf.694777.smt2,iProver,False,1200,2400
UF/sledgehammer/StrongNorm/uf.576139.smt2,iProver,False,1200,2400
UF/sledgehammer/Hoare/uf.1044599.smt2,Yices2,False,1200,2400
UF/sledgehammer/QEpres/uf.854397.smt2,iProver,False,1200,2400
UF/sledgehammer/Hoare/uf.1106623.smt2,iProver,False,1200,2400
UF/sledgehammer/Hoare/uf.742625.smt2,iProver,False,1200,2400
UF/sledgehammer/Hoare/uf.1185881.smt2,iProver,True,0.8422309749985288,0.8422309749985288
UF/sledgehammer/Fundamental_Theorem_Algebra/uf.1242158.smt2,cvc5,False,1200,2400
UF/sledgehammer/Fundamental_Theorem_Algebra/uf.1142819.smt2,iProver,False,1200,2400
UF/sledgehammer/TypeSafe/uf.718073.smt2,Yices2,False,1200,2400
UF/20170428-Barrett/cdt-cade2015/nada/distro/stream_processor/x2015_09_10_16_45_52_312_996048.smt_in.smt2,cvc5,False,1200,2400
UF/sledgehammer/QEpres/uf.721948.smt2,iProver,True,0.8355161990002671,0.8355161990002671
UF/20170428-Barrett/cdt-cade2015/nada/afp/abstract_completeness/x2015_09_10_16_59_39_090_1045351.smt_in.smt2,Yices2,True,1.5700697580032283,1.5700697580032283
UF/sledgehammer/FFT/uf.854829.smt2,iProver,False,1200,2400
UF/20170428-Barrett/cdt-cade2015/nada/afp/coinductive_list/x2015_09_10_16_58_24_443_1557346.smt_in.smt2,cvc5,False,1200,2400
UF/20170428-Barrett/cdt-cade2015/nada/distro/stream/x2015_09_10_16_49_12_091_1150986.smt_in.smt2,cvc5,False,1200,2400
UF/sledgehammer/Hoare/uf.885352.smt2,iProver,True,0.893411091001326,0.893411091001326
UF/sledgehammer/Arrow_Order/uf.598789.smt2,Yices2,False,1200,2400
UF/sledgehammer/NS_Shared/uf.908433.smt2,Yices2,False,1200,2400
UF/20170428-Barrett/cdt-cade2015/nada/afp/coinductive_list/x2015_09_10_16_57_12_637_1487879.smt_in.smt2,cvc5,False,1200,2400
UF/20170428-Barrett/cdt-cade2015/nada/afp/lmirror/x2015_09_10_16_47_39_061_1070709.smt_in.smt2,Yices2,False,1200,2400
UF/20201221-induction-by-reflection-schoisswohl/reflectiveConjecture/currying-0.smt2,cvc5,True,0.23585325106978416,0.23585325106978416
UF/20170428-Barrett/cdt-cade2015/nada/distro/rbt_impl/x2015_09_10_16_52_45_097_1235586.smt_in.smt2,Yices2,False,1200,2400
UF/20170428-Barrett/cdt-cade2015/nada/distro/stream/x2015_09_10_16_47_22_719_1028972.smt_in.smt2,Yices2,False,1200,2400
UF/sledgehammer/Fundamental_Theorem_Algebra/uf.580568.smt2,iProver,False,1200,2400
UF/sledgehammer/StrongNorm/uf.726932.smt2,cvc5,False,1200,2400
UF/20170428-Barrett/cdt-cade2015/nada/distro/gram_lang/x2015_09_10_16_51_13_804_1292964.smt_in.smt2,cvc5,True,0.3547900759149343,0.3547900759149343
UF/20170428-Barrett/cdt-cade2015/nada/distro/gram_lang/x2015_09_10_16_46_30_200_1001391.smt_in.smt2,Yices2,True,0.23338549000618514,0.23338549000618514
UF/sledgehammer/TypeSafe/smtlib.760148.smt2,iProver,True,1.3597343859983084,1.3597343859983084
UF/sledgehammer/TypeSafe/uf.1416124.smt2,cvc5,True,0.5918882638216019,0.5918882638216019
UF/sledgehammer/Arrow_Order/uf.699223.smt2,Yices2,False,1200,2400
UF/grasshopper/uninstantiated/rec_reverse_loop_postcondition_of_rec_reverse_loop_21_4.smt2,iProver,True,0.9080986919998395,0.9080986919998395
UF/sledgehammer/Hoare/uf.917818.smt2,cvc5,True,0.9789227780420333,0.9789227780420333
UF/sledgehammer/Fundamental_Theorem_Algebra/smtlib.704762.smt2,iProver,False,1200,2400
UF/sledgehammer/TwoSquares/uf.707280.smt2,iProver,False,1200,2400
UF/sledgehammer/FFT/uf.916961.smt2,Yices2,False,1200,2400
UF/sledgehammer/FFT/uf.913826.smt2,iProver,False,1200,2400
UF/20170428-Barrett/cdt-cade2015/nada/afp/coinductive_list/x2015_09_10_16_54_18_479_1339277.smt_in.smt2,cvc5,False,1200,2400
UF/sledgehammer/Hoare/uf.939629.smt2,iProver,True,2.8793135339983564,2.8793135339983564
UF/sledgehammer/TwoSquares/uf.662956.smt2,cvc5,True,1143.5800543029327,1143.5800543029327
UF/sledgehammer/FFT/uf.807734.smt2,iProver,False,1200,2400
UF/sledgehammer/Fundamental_Theorem_Algebra/smtlib.898502.smt2,iProver,True,1.327170593000119,1.327170593000119
UF/sledgehammer/TwoSquares/uf.605094.smt2,cvc5,True,0.34726979909464717,0.34726979909464717
UF/sledgehammer/TwoSquares/uf.688612.smt2,iProver,False,1200,2400
UF/sledgehammer/QEpres/uf.688308.smt2,iProver,False,1200,2400
UF/sledgehammer/QEpres/uf.925412.smt2,cvc5,False,1200,2400
UF/sledgehammer/TypeSafe/uf.785086.smt2,Yices2,False,1200,2400
UF/sledgehammer/FFT/uf.910906.smt2,iProver,False,1200,2400
UF/grasshopper/instantiated/rec_copy_loop_precondition_of_rec_copy_loop_45_11.smt2,iProver,True,1.3629533579987765,1.3629533579987765
UF/sledgehammer/Fundamental_Theorem_Algebra/uf.586861.smt2,iProver,False,1200,2400
UF/20201221-induction-by-reflection-schoisswohl/reflectiveInductive/revAppend-0.smt2,iProver,False,1200,2400
UF/20170428-Barrett/cdt-cade2015/nada/distro/koenig/x2015_09_10_16_45_00_719_1002999.smt_in.smt2,cvc5,False,1200,2400
UF/sledgehammer/Fundamental_Theorem_Algebra/uf.1116010.smt2,iProver,False,1200,2400
UF/20170428-Barrett/cdt-cade2015/nada/afp/huffman/x2015_09_10_16_47_46_284_1072637.smt_in.smt2,Yices2,False,1200,2400
UF/20170428-Barrett/cdt-cade2015/nada/afp/hamming_stream/x2015_09_10_16_49_26_853_1148221.smt_in.smt2,cvc5,False,1200,2400
UF/sledgehammer/StrongNorm/uf.672075.smt2,Yices2,False,1200,2400
UF/20170428-Barrett/cdt-cade2015/nada/afp/coinductive_list/x2015_09_10_17_12_33_044_2637625.smt_in.smt2,Yices2,False,1200,2400
UF/20170428-Barrett/cdt-cade2015/nada/afp/bindag/x2015_09_10_16_54_11_195_1110796.smt_in.smt2,cvc5,False,1200,2400
UF/sledgehammer/FFT/uf.895104.smt2,iProver,False,1200,2400
UF/grasshopper/instantiated/dl_copy_loop_invariant_36_3.smt2,cvc5,True,148.7855889040511,148.7855889040511
UF/20170428-Barrett/cdt-cade2015/nada/afp/huffman/x2015_09_10_16_49_36_551_1195387.smt_in.smt2,iProver,False,1200,2400
UF/20170428-Barrett/cdt-cade2015/nada/afp/coinductive_list/x2015_09_10_17_01_21_331_1740010.smt_in.smt2,Yices2,False,1200,2400
UF/sledgehammer/QEpres/uf.873624.smt2,cvc5,False,1200,2400
UF/sledgehammer/FFT/uf.709529.smt2,iProver,False,1200,2400
UF/sledgehammer/Fundamental_Theorem_Algebra/uf.658761.smt2,iProver,False,1200,2400
UF/sledgehammer/Fundamental_Theorem_Algebra/uf.756355.smt2,iProver,False,1200,2400
UF/sledgehammer/TypeSafe/smtlib.889617.smt2,iProver,False,1200,2400
UF/sledgehammer/TwoSquares/uf.603598.smt2,iProver,False,1200,2400
UF/sledgehammer/Hoare/uf.784610.smt2,iProver,False,1200,2400
UF/sledgehammer/Fundamental_Theorem_Algebra/uf.844175.smt2,iProver,False,1200,2400
UF/sledgehammer/TypeSafe/smtlib.734931.smt2,cvc5,False,1200,2400
UF/sledgehammer/Hoare/uf.992005.smt2,cvc5,True,0.48935832898132503,0.48935832898132503
UF/sledgehammer/QEpres/uf.897127.smt2,iProver,False,1200,2400
UF/sledgehammer/TypeSafe/uf.807139.smt2,cvc5,False,1200,2400
UF/20170428-Barrett/cdt-cade2015/nada/afp/tllist/x2015_09_10_16_57_31_736_1151380.smt_in.smt2,cvc5,True,541.6336470439564,541.6336470439564
UF/20170428-Barrett/cdt-cade2015/nada/afp/coinductive_list/x2015_09_10_17_00_53_198_1707260.smt_in.smt2,Yices2,False,1200,2400
UF/20170428-Barrett/cdt-cade2015/nada/afp/coinductive_list/x2015_09_10_17_14_03_296_2691941.smt_in.smt2,Yices2,False,1200,2400
UF/sledgehammer/TypeSafe/smtlib.1180361.smt2,cvc5,True,0.47479334101080894,0.47479334101080894
UF/20170428-Barrett/cdt-cade2015/nada/afp/coinductive_list/x2015_09_10_17_06_40_793_2174439.smt_in.smt2,cvc5,False,1200,2400
UF/sledgehammer/Hoare/uf.689349.smt2,iProver,False,1200,2400
UF/20170428-Barrett/cdt-cade2015/nada/gandl/stern_brocot_tree/x2015_09_10_16_52_40_707_1126982.smt_in.smt2,cvc5,False,1200,2400
UF/sledgehammer/TwoSquares/uf.705374.smt2,iProver,True,141.46211245099948,141.46211245099948
UF/20170428-Barrett/cdt-cade2015/nada/afp/coinductive_list/x2015_09_10_17_12_30_781_2634553.smt_in.smt2,Yices2,False,1200,2400
UF/20170428-Barrett/cdt-cade2015/nada/afp/tllist/x2015_09_10_16_57_49_119_1167966.smt_in.smt2,cvc5,False,1200,2400
UF/20170428-Barrett/cdt-cade2015/nada/afp/coinductive_list/x2015_09_10_16_51_02_970_1162877.smt_in.smt2,Yices2,False,1200,2400
UF/sledgehammer/NS_Shared/uf.806086.smt2,iProver,False,1200,2400
UF/20170428-Barrett/cdt-cade2015/nada/afp/splay_tree_analysis/x2015_09_10_16_56_25_496_1075993.smt_in.smt2,Yices2,False,1200,2400
UF/sledgehammer/Hoare/uf.1001519.smt2,cvc5,True,0.4511424961965531,0.4511424961965531
UF/sledgehammer/Hoare/uf.1067668.smt2,iProver,True,0.8842253990005702,0.8842253990005702
UF/20170428-Barrett/cdt-cade2015/nada/afp/huffman/x2015_09_10_16_50_21_855_1244636.smt_in.smt2,Yices2,True,0.2242676659989229,0.2242676659989229
UF/20170428-Barrett/cdt-cade2015/nada/distro/gram_lang/x2015_09_10_16_52_13_918_1353773.smt_in.smt2,Yices2,False,1200,2400
UF/sledgehammer/TypeSafe/smtlib.766094.smt2,iProver,False,1200,2400
UF/sledgehammer/Fundamental_Theorem_Algebra/uf.774133.smt2,iProver,False,1200,2400
UF/sledgehammer/QEpres/uf.620554.smt2,iProver,False,1200,2400
UF/20170428-Barrett/cdt-cade2015/nada/afp/coinductive_list/x2015_09_10_16_58_04_937_1538496.smt_in.smt2,cvc5,True,545.5436515628826,545.5436515628826
UF/20170428-Barrett/cdt-cade2015/nada/afp/huffman/x2015_09_10_16_48_16_553_1102889.smt_in.smt2,iProver,False,1200,2400
UF/sledgehammer/Arrow_Order/uf.762450.smt2,cvc5,True,34.04374645394273,34.04374645394273
UF/20170428-Barrett/cdt-cade2015/nada/distro/parallel/x2015_09_10_16_56_53_209_1021881.smt_in.smt2,Yices2,False,1200,2400
UF/sledgehammer/FFT/uf.631060.smt2,iProver,False,1200,2400
UF/sledgehammer/TwoSquares/uf.648732.smt2,iProver,False,1200,2400
UF/sledgehammer/TypeSafe/smtlib.1380822.smt2,cvc5,False,1200,2400
UF/20170428-Barrett/cdt-cade2015/nada/distro/stream/x2015_09_10_16_48_46_982_1120899.smt_in.smt2,Yices2,True,0.2268580829986604,0.2268580829986604
UF/grasshopper/instantiated/rec_reverse_loop_precondition_of_rec_reverse_loop_21_11.smt2,iProver,True,1.335401169000761,1.335401169000761
UF/20170428-Barrett/cdt-cade2015/nada/distro/stream_processor/x2015_09_10_16_45_54_120_999406.smt_in.smt2,Yices2,False,1200,2400
UF/grasshopper/uninstantiated/dl_insert_loop_invariant_30_5.smt2,iProver,False,1200,2400
UF/20170428-Barrett/cdt-cade2015/nada/afp/abstract_completeness/x2015_09_10_17_00_48_745_1118986.smt_in.smt2,cvc5,True,0.4538888679817319,0.4538888679817319
UF/sledgehammer/FFT/uf.778667.smt2,iProver,False,1200,2400
UF/20170428-Barrett/cdt-cade2015/nada/afp/abstract_completeness/x2015_09_10_17_01_15_513_1151953.smt_in.smt2,Yices2,False,1200,2400
UF/sledgehammer/Fundamental_Theorem_Algebra/uf.959073.smt2,iProver,False,1200,2400
UF/sledgehammer/StrongNorm/uf.854181.smt2,cvc5,True,0.28229249198921025,0.28229249198921025
UF/20170428-Barrett/cdt-cade2015/nada/distro/gram_lang/x2015_09_10_16_55_39_729_1550336.smt_in.smt2,cvc5,True,337.46348828915507,337.46348828915507
UF/20201221-induction-by-reflection-schoisswohl/reflectiveInductive/leqTrans.smt2,iProver,False,1200,2400
UF/20170428-Barrett/cdt-cade2015/nada/distro/gram_lang/x2015_09_10_16_51_27_125_1304212.smt_in.smt2,cvc5,True,689.9641341478564,689.9641341478564
UF/sledgehammer/FFT/uf.901248.smt2,iProver,False,1200,2400
UF/20170428-Barrett/cdt-cade2015/nada/distro/gram_lang/x2015_09_10_16_46_35_498_1006967.smt_in.smt2,Yices2,False,1200,2400
UF/sledgehammer/FFT/uf.755564.smt2,iProver,True,0.8476215980008419,0.8476215980008419
UF/sledgehammer/TwoSquares/uf.773939.smt2,iProver,False,1200,2400
UF/sledgehammer/NS_Shared/smtlib.828269.smt2,iProver,False,1200,2400
UF/20170428-Barrett/cdt-cade2015/nada/afp/huffman/x2015_09_10_16_48_39_330_1128953.smt_in.smt2,iProver,False,1200,2400
UF/20170428-Barrett/cdt-cade2015/nada/afp/coinductive_stream/x2015_09_10_17_24_41_356_1212326.smt_in.smt2,cvc5,False,1200,2400
UF/sledgehammer/FFT/uf.873095.smt2,iProver,True,1.3766379590015276,1.3766379590015276
UF/sledgehammer/Fundamental_Theorem_Algebra/uf.640727.smt2,iProver,False,1200,2400
UF/sledgehammer/Arrow_Order/uf.793473.smt2,cvc5,False,1200,2400
UF/sledgehammer/Fundamental_Theorem_Algebra/uf.580702.smt2,iProver,False,1200,2400
UF/20170428-Barrett/cdt-cade2015/nada/distro/rbt_impl/x2015_09_10_16_52_50_552_1246266.smt_in.smt2,Yices2,False,1200,2400
UF/20170428-Barrett/cdt-cade2015/nada/afp/coinductive_stream/x2015_09_10_17_22_50_449_1111409.smt_in.smt2,cvc5,False,1200,2400
UF/sledgehammer/StrongNorm/uf.627890.smt2,iProver,False,1200,2400
UF/sledgehammer/QEpres/uf.717408.smt2,iProver,True,0.8649353690016142,0.8649353690016142
UF/20170428-Barrett/cdt-cade2015/nada/afp/coinductive_stream/x2015_09_10_17_25_34_854_1257572.smt_in.smt2,cvc5,True,2.2700954989995807,2.2700954989995807
UF/sledgehammer/QEpres/uf.1132043.smt2,cvc5,False,1200,2400
UF/sledgehammer/Hoare/smtlib.1230232.smt2,iProver,False,1200,2400
UF/sledgehammer/NS_Shared/uf.575493.smt2,iProver,True,0.8501642549999815,0.8501642549999815
UF/20170428-Barrett/cdt-cade2015/nada/afp/coinductive_stream/x2015_09_10_17_24_58_440_1225388.smt_in.smt2,cvc5,False,1200,2400
UF/sledgehammer/NS_Shared/uf.582624.smt2,Yices2,False,1200,2400
UF/sledgehammer/NS_Shared/uf.721675.smt2,iProver,False,1200,2400
UF/sledgehammer/Fundamental_Theorem_Algebra/uf.671618.smt2,cvc5,True,0.33074743300676346,0.33074743300676346
UF/20170428-Barrett/cdt-cade2015/nada/afp/coinductive_stream/x2015_09_10_17_22_38_836_1100809.smt_in.smt2,Yices2,False,1200,2400
UF/sledgehammer/Hoare/uf.965723.smt2,cvc5,True,0.4873726398218423,0.4873726398218423
UF/sledgehammer/NS_Shared/uf.832903.smt2,Yices2,False,1200,2400
UF/sledgehammer/Hoare/uf.726971.smt2,iProver,False,1200,2400
UF/sledgehammer/Arrow_Order/smtlib.661331.smt2,cvc5,False,1200,2400
UF/20170428-Barrett/cdt-cade2015/nada/afp/coinductive_list/x2015_09_10_17_05_31_405_2075451.smt_in.smt2,Yices2,False,1200,2400
UF/20170428-Barrett/cdt-cade2015/nada/afp/llist2/x2015_09_10_16_50_58_640_1094128.smt_in.smt2,cvc5,False,1200,2400
UF/sledgehammer/Hoare/uf.1071326.smt2,iProver,False,1200,2400
UF/20170428-Barrett/cdt-cade2015/nada/afp/coinductive_list/x2015_09_10_17_11_12_962_2534554.smt_in.smt2,cvc5,False,1200,2400
UF/20170428-Barrett/cdt-cade2015/nada/afp/coinductive_list/x2015_09_10_16_57_14_410_1489966.smt_in.smt2,cvc5,False,1200,2400
UF/sledgehammer/Hoare/uf.619175.smt2,iProver,False,1200,2400
UF/20201221-induction-by-reflection-schoisswohl/reflectiveConjecture/excludedMiddle-1.smt2,cvc5,True,0.2507907650433481,0.2507907650433481
UF/sledgehammer/Fundamental_Theorem_Algebra/uf.632822.smt2,iProver,False,1200,2400
UF/sledgehammer/FFT/uf.766307.smt2,iProver,True,1.845590559001721,1.845590559001721
UF/20170428-Barrett/cdt-cade2015/nada/afp/coinductive_list/x2015_09_10_17_02_13_890_1811661.smt_in.smt2,cvc5,False,1200,2400
UF/sledgehammer/NS_Shared/uf.583901.smt2,iProver,True,369.11496645399893,369.11496645399893
UF/sledgehammer/NS_Shared/uf.781306.smt2,Yices2,False,1200,2400
UF/sledgehammer/StrongNorm/uf.660782.smt2,cvc5,False,1200,2400
UF/sledgehammer/TwoSquares/uf.752244.smt2,iProver,False,1200,2400
UF/sledgehammer/FFT/uf.904687.smt2,iProver,True,1.880942859002971,1.880942859002971
UF/sledgehammer/TypeSafe/smtlib.1289695.smt2,Yices2,False,1200,2400
UF/sledgehammer/Fundamental_Theorem_Algebra/uf.627029.smt2,iProver,True,1.840773280000576,1.840773280000576
UF/20170428-Barrett/cdt-cade2015/nada/distro/rbt_impl/x2015_09_10_16_54_17_213_1414367.smt_in.smt2,cvc5,False,1200,2400
UF/sledgehammer/QEpres/uf.962055.smt2,iProver,False,1200,2400
UF/20170428-Barrett/cdt-cade2015/nada/afp/coinductive_list/x2015_09_10_17_03_15_514_1893239.smt_in.smt2,cvc5,False,1200,2400
UF/20170428-Barrett/cdt-cade2015/nada/afp/coinductive_list/x2015_09_10_17_17_08_438_2790196.smt_in.smt2,Yices2,False,1200,2400
UF/sledgehammer/TwoSquares/uf.757144.smt2,iProver,True,1.386148093999509,1.386148093999509
UF/20170428-Barrett/cdt-cade2015/nada/afp/coinductive_list/x2015_09_10_17_12_01_194_2598848.smt_in.smt2,Yices2,True,0.22275915500358678,0.22275915500358678
UF/20170428-Barrett/cdt-cade2015/nada/afp/coinductive_list/x2015_09_10_17_18_07_680_2825644.smt_in.smt2,Yices2,False,1200,2400
UF/sledgehammer/Fundamental_Theorem_Algebra/uf.1443347.smt2,iProver,False,1200,2400
UF/20170428-Barrett/cdt-cade2015/nada/afp/coinductive_stream/x2015_09_10_17_25_25_720_1248637.smt_in.smt2,cvc5,True,0.5378762928303331,0.5378762928303331
UF/sledgehammer/TwoSquares/uf.661376.smt2,iProver,True,48.89539072499974,48.89539072499974
UF/sledgehammer/TwoSquares/uf.631396.smt2,iProver,False,1200,2400
UF/20170428-Barrett/cdt-cade2015/nada/gandl/stern_brocot_tree/x2015_09_10_16_52_42_268_1128789.smt_in.smt2,cvc5,False,1200,2400
UF/20170428-Barrett/cdt-cade2015/nada/afp/coinductive_list/x2015_09_10_16_56_07_820_1436182.smt_in.smt2,cvc5,True,540.7495976979844,540.7495976979844
UF/sledgehammer/FFT/uf.803507.smt2,cvc5,False,1200,2400
UF/20170428-Barrett/cdt-cade2015/nada/afp/coinductive_list/x2015_09_10_17_05_09_233_2047000.smt_in.smt2,Yices2,False,1200,2400
UF/sledgehammer/Fundamental_Theorem_Algebra/smtlib.723818.smt2,iProver,False,1200,2400
UF/sledgehammer/QEpres/uf.1075022.smt2,Yices2,False,1200,2400
UF/20170428-Barrett/cdt-cade2015/nada/gandl/cotree/x2015_09_10_16_50_15_215_1039689.smt_in.smt2,cvc5,False,1200,2400
UF/sledgehammer/Fundamental_Theorem_Algebra/uf.1301852.smt2,iProver,False,1200,2400
UF/20170428-Barrett/cdt-cade2015/nada/afp/coinductive_list/x2015_09_10_17_20_27_625_2925274.smt_in.smt2,cvc5,True,0.9744763120543212,0.9744763120543212
UF/20170428-Barrett/cdt-cade2015/nada/afp/coinductive_stream/x2015_09_10_17_22_33_375_1096209.smt_in.smt2,cvc5,False,1200,2400
UF/sledgehammer/Fundamental_Theorem_Algebra/uf.1298359.smt2,iProver,True,1.8433455729991692,1.8433455729991692
UF/20170428-Barrett/cdt-cade2015/nada/afp/coinductive_list/x2015_09_10_17_00_14_853_1661380.smt_in.smt2,iProver,False,1200,2400
UF/sledgehammer/TypeSafe/smtlib.1059150.smt2,iProver,False,1200,2400
UF/20170428-Barrett/cdt-cade2015/nada/distro/rbt_impl/x2015_09_10_16_52_34_173_1215603.smt_in.smt2,Yices2,False,1200,2400
UF/20170428-Barrett/cdt-cade2015/nada/afp/tllist/x2015_09_10_16_57_07_380_1125440.smt_in.smt2,cvc5,True,270.8058197731152,270.8058197731152
UF/sledgehammer/Hoare/uf.684053.smt2,iProver,False,1200,2400
UF/sledgehammer/FFT/uf.742071.smt2,iProver,False,1200,2400
UF/sledgehammer/FFT/uf.597972.smt2,iProver,False,1200,2400
UF/20170428-Barrett/cdt-cade2015/nada/distro/stream_processor/x2015_09_10_16_46_01_323_1012133.smt_in.smt2,cvc5,False,1200,2400
UF/sledgehammer/FFT/uf.825481.smt2,cvc5,True,540.4584229798056,540.4584229798056
UF/sledgehammer/FFT/uf.914166.smt2,iProver,False,1200,2400
UF/20170428-Barrett/cdt-cade2015/nada/distro/gram_lang/x2015_09_10_16_46_47_637_1020485.smt_in.smt2,cvc5,False,1200,2400
UF/20170428-Barrett/cdt-cade2015/nada/afp/huffman/x2015_09_10_16_48_02_262_1088015.smt_in.smt2,cvc5,False,1200,2400
UF/sledgehammer/Hoare/uf.1071655.smt2,iProver,True,0.903966849000426,0.903966849000426
UF/sledgehammer/TwoSquares/uf.815651.smt2,iProver,True,1.3596147400021437,1.3596147400021437
UF/sledgehammer/QEpres/uf.822228.smt2,cvc5,False,1200,2400
UF/20170428-Barrett/cdt-cade2015/nada/afp/coinductive_list/x2015_09_10_17_08_07_360_2293227.smt_in.smt2,cvc5,False,1200,2400
UF/20170428-Barrett/cdt-cade2015/nada/afp/coinductive_list/x2015_09_10_16_57_10_863_1486282.smt_in.smt2,cvc5,False,1200,2400
UF/20170428-Barrett/cdt-cade2015/nada/afp/coinductive_list/x2015_09_10_17_18_13_118_2829552.smt_in.smt2,Yices2,False,1200,2400
UF/20170428-Barrett/cdt-cade2015/nada/afp/coinductive_list/x2015_09_10_16_56_50_873_1470085.smt_in.smt2,iProver,False,1200,2400
UF/sledgehammer/TypeSafe/uf.970410.smt2,cvc5,False,1200,2400
UF/20170428-Barrett/cdt-cade2015/nada/afp/sorted_list_operations/x2015_09_10_16_47_34_588_1060200.smt_in.smt2,cvc5,False,1200,2400
UF/sledgehammer/TypeSafe/smtlib.989687.smt2,cvc5,True,0.38321479386650026,0.38321479386650026
UF/sledgehammer/Fundamental_Theorem_Algebra/uf.1403329.smt2,iProver,True,1.3910944179988292,1.3910944179988292
UF/20170428-Barrett/cdt-cade2015/nada/distro/rbt_impl/x2015_09_10_16_51_07_242_1082365.smt_in.smt2,Yices2,True,0.22608512499937206,0.22608512499937206
UF/grasshopper/uninstantiated/traverse1_loop_invariant_20_3.smt2,Yices2,True,0.3252640840000822,0.3252640840000822
UF/20190906-CLEARSY/0016/00771.smt2,Yices2,True,0.27268031999847153,0.27268031999847153
UF/sledgehammer/FFT/uf.592854.smt2,iProver,False,1200,2400
UF/20170428-Barrett/cdt-cade2015/nada/distro/gram_lang/x2015_09_10_16_49_59_968_1227868.smt_in.smt2,cvc5,True,630.9404851610307,630.9404851610307
UF/sledgehammer/TypeSafe/uf.748938.smt2,Yices2,False,1200,2400
UF/20170428-Barrett/cdt-cade2015/nada/distro/gram_lang/x2015_09_10_16_50_36_368_1259758.smt_in.smt2,Yices2,True,0.2329755920000025,0.2329755920000025
UF/sledgehammer/FFT/uf.564278.smt2,iProver,False,1200,2400
UF/20170428-Barrett/cdt-cade2015/nada/afp/coinductive_list/x2015_09_10_17_15_42_718_2746091.smt_in.smt2,cvc5,False,1200,2400
UF/sledgehammer/TypeSafe/smtlib.714509.smt2,cvc5,True,541.608660464175,541.608660464175
UF/sledgehammer/QEpres/uf.673135.smt2,cvc5,False,1200,2400
UF/20170428-Barrett/cdt-cade2015/nada/afp/coinductive_list/x2015_09_10_16_59_26_756_1612095.smt_in.smt2,cvc5,False,1200,2400
UF/20170428-Barrett/cdt-cade2015/nada/afp/huffman/x2015_09_10_16_51_27_783_1315810.smt_in.smt2,Yices2,False,1200,2400
UF/sledgehammer/FFT/uf.775540.smt2,iProver,False,1200,2400
UF/sledgehammer/Fundamental_Theorem_Algebra/uf.1355191.smt2,iProver,False,1200,2400
UF/20170428-Barrett/cdt-cade2015/nada/distro/rbt_impl/x2015_09_10_16_56_49_801_1728132.smt_in.smt2,Yices2,False,1200,2400
UF/sledgehammer/TypeSafe/uf.930739.smt2,cvc5,False,1200,2400
UF/20170428-Barrett/cdt-cade2015/nada/afp/coinductive_list/x2015_09_10_17_15_45_263_2747225.smt_in.smt2,cvc5,False,1200,2400
UF/20170428-Barrett/cdt-cade2015/nada/afp/llist2/x2015_09_10_16_55_54_740_1302690.smt_in.smt2,iProver,False,1200,2400
UF/sledgehammer/Hoare/uf.897425.smt2,iProver,False,1200,2400
UF/20170428-Barrett/cdt-cade2015/nada/afp/llist2/x2015_09_10_16_53_36_888_1212209.smt_in.smt2,Yices2,False,1200,2400
UF/sledgehammer/NS_Shared/uf.580209.smt2,Yices2,False,1200,2400
UF/20170428-Barrett/cdt-cade2015/nada/distro/rbt_impl/x2015_09_10_16_57_08_011_1745319.smt_in.smt2,iProver,False,1200,2400
UF/sledgehammer/Arrow_Order/smtlib.576577.smt2,iProver,True,0.8821177030004037,0.8821177030004037
UF/sledgehammer/TypeSafe/uf.788377.smt2,Yices2,False,1200,2400
UF/sledgehammer/QEpres/uf.901291.smt2,cvc5,False,1200,2400
UF/sledgehammer/FFT/uf.588197.smt2,iProver,False,1200,2400
UF/20170428-Barrett/cdt-cade2015/nada/distro/rbt_impl/x2015_09_10_16_58_46_766_1848627.smt_in.smt2,cvc5,True,541.8428661520593,541.8428661520593
UF/sledgehammer/TypeSafe/smtlib.1314525.smt2,iProver,False,1200,2400
UF/20170428-Barrett/cdt-cade2015/nada/afp/coinductive_list/x2015_09_10_17_04_41_264_2010740.smt_in.smt2,cvc5,False,1200,2400
UF/grasshopper/instantiated/copy_postcondition_of_copy_25_2.smt2,iProver,True,0.8370039179972082,0.8370039179972082
UF/sledgehammer/Hoare/uf.870874.smt2,iProver,True,0.833709214000919,0.833709214000919
UF/sledgehammer/Fundamental_Theorem_Algebra/uf.1057323.smt2,iProver,True,1.8392892499996378,1.8392892499996378
UF/sledgehammer/FFT/uf.720883.smt2,iProver,False,1200,2400
UF/20170428-Barrett/cdt-cade2015/nada/distro/stream/x2015_09_10_16_49_21_981_1161562.smt_in.smt2,cvc5,False,1200,2400
UF/sledgehammer/QEpres/uf.670574.smt2,cvc5,False,1200,2400
UF/sledgehammer/Hoare/uf.787767.smt2,cvc5,True,5.684931343887001,5.684931343887001
UF/sledgehammer/TypeSafe/smtlib.735236.smt2,cvc5,False,1200,2400
UF/20170428-Barrett/cdt-cade2015/nada/afp/coinductive_list/x2015_09_10_17_11_27_709_2552723.smt_in.smt2,cvc5,True,0.2730318938847631,0.2730318938847631
UF/sledgehammer/Fundamental_Theorem_Algebra/uf.1281914.smt2,cvc5,True,0.3214001888409257,0.3214001888409257
UF/sledgehammer/Fundamental_Theorem_Algebra/uf.1089059.smt2,cvc5,False,1200,2400
UF/sledgehammer/StrongNorm/uf.834723.smt2,iProver,False,1200,2400
UF/20170428-Barrett/cdt-cade2015/nada/afp/coinductive_list/x2015_09_10_16_53_42_006_1304080.smt_in.smt2,Yices2,False,1200,2400
UF/sledgehammer/FFT/uf.870535.smt2,iProver,False,1200,2400
UF/sledgehammer/Arrow_Order/uf.579848.smt2,cvc5,False,1200,2400
UF/sledgehammer/Hoare/uf.801226.smt2,iProver,True,1.341054914999404,1.341054914999404
UF/20170428-Barrett/cdt-cade2015/nada/afp/koenigslemma/x2015_09_10_16_53_54_684_1149263.smt_in.smt2,Yices2,False,1200,2400
UF/sledgehammer/Fundamental_Theorem_Algebra/uf.898101.smt2,cvc5,True,30.319386702030897,30.319386702030897
UF/20170428-Barrett/cdt-cade2015/nada/distro/gram_lang/x2015_09_10_16_53_43_657_1438229.smt_in.smt2,cvc5,True,550.0595235109795,550.0595235109795
UF/sledgehammer/TypeSafe/smtlib.712839.smt2,cvc5,False,1200,2400
UF/sledgehammer/Fundamental_Theorem_Algebra/uf.783176.smt2,iProver,True,17.431491491002816,17.431491491002816
UF/grasshopper/instantiated/dl_insert_loop_invariant_30_5.smt2,Yices2,True,0.6473707540026226,0.6473707540026226
UF/sledgehammer/Hoare/uf.1045521.smt2,iProver,False,1200,2400
UF/sledgehammer/TypeSafe/smtlib.1262852.smt2,iProver,False,1200,2400
UF/20170428-Barrett/cdt-cade2015/nada/afp/coinductive_list/x2015_09_10_17_18_17_465_2831777.smt_in.smt2,Yices2,True,0.222057921000669,0.222057921000669
UF/sledgehammer/Fundamental_Theorem_Algebra/smtlib.968857.smt2,iProver,False,1200,2400
UF/20170428-Barrett/cdt-cade2015/nada/afp/coinductive_list/x2015_09_10_16_55_45_042_1418433.smt_in.smt2,cvc5,True,30.3028323429171,30.3028323429171
UF/sledgehammer/TwoSquares/uf.663922.smt2,iProver,True,3.3604592960000446,3.3604592960000446
UF/grasshopper/uninstantiated/find_precondition_of_find_19_11.smt2,Yices2,True,0.3026743929985969,0.3026743929985969
UF/20170428-Barrett/cdt-cade2015/nada/distro/gram_lang/x2015_09_10_16_51_40_986_1317089.smt_in.smt2,Yices2,True,0.2411452719970839,0.2411452719970839
UF/20190906-CLEARSY/0016/00574.smt2,iProver,True,2.8821571420012333,2.8821571420012333
UF/sledgehammer/Hoare/uf.1092935.smt2,cvc5,False,1200,2400
UF/sledgehammer/Arrow_Order/uf.818149.smt2,cvc5,True,548.5414440629538,548.5414440629538
UF/sledgehammer/Fundamental_Theorem_Algebra/uf.1421959.smt2,iProver,False,1200,2400
UF/sledgehammer/QEpres/uf.821413.smt2,cvc5,False,1200,2400
UF/sledgehammer/Fundamental_Theorem_Algebra/uf.767018.smt2,cvc5,False,1200,2400
UF/20170428-Barrett/cdt-cade2015/nada/distro/gram_lang/x2015_09_10_16_48_56_285_1162189.smt_in.smt2,Yices2,False,1200,2400
UF/20170428-Barrett/cdt-cade2015/nada/afp/coinductive_stream/x2015_09_10_17_24_34_887_1208020.smt_in.smt2,cvc5,False,1200,2400
UF/sledgehammer/FFT/uf.642828.smt2,cvc5,True,0.35556251811794937,0.35556251811794937
UF/sledgehammer/Hoare/uf.891031.smt2,iProver,True,0.8391187039997021,0.8391187039997021
UF/sledgehammer/FFT/uf.857942.smt2,iProver,False,1200,2400
UF/sledgehammer/TwoSquares/uf.629136.smt2,iProver,True,302.05936546400153,302.05936546400153
UF/sledgehammer/NS_Shared/uf.591806.smt2,iProver,False,1200,2400
UF/20170428-Barrett/cdt-cade2015/nada/afp/coinductive_list/x2015_09_10_17_12_27_612_2630913.smt_in.smt2,cvc5,False,1200,2400
UF/sledgehammer/TypeSafe/smtlib.1197299.smt2,Yices2,False,1200,2400
UF/sledgehammer/FFT/uf.915721.smt2,iProver,True,0.86718173600093,0.86718173600093
UF/sledgehammer/Hoare/uf.727823.smt2,iProver,False,1200,2400
UF/sledgehammer/QEpres/uf.1093001.smt2,iProver,True,0.8449941370017768,0.8449941370017768
UF/sledgehammer/Fundamental_Theorem_Algebra/uf.666715.smt2,iProver,False,1200,2400
UF/sledgehammer/TypeSafe/uf.919775.smt2,iProver,False,1200,2400
UF/20170428-Barrett/cdt-cade2015/nada/afp/coinductive_list/x2015_09_10_17_10_07_059_2450499.smt_in.smt2,iProver,False,1200,2400
UF/20170428-Barrett/cdt-cade2015/nada/distro/rbt_impl/x2015_09_10_16_49_58_399_998594.smt_in.smt2,Yices2,False,1200,2400
UF/20170428-Barrett/cdt-cade2015/nada/distro/process/x2015_09_10_16_46_29_792_1051661.smt_in.smt2,cvc5,False,1200,2400
UF/sledgehammer/Fundamental_Theorem_Algebra/uf.963318.smt2,iProver,False,1200,2400
UF/sledgehammer/TwoSquares/uf.603183.smt2,iProver,True,4.890006116002041,4.890006116002041
UF/grasshopper/instantiated/dl_dispose_loop_invariant_23_3.smt2,Yices2,True,0.38341319199753343,0.38341319199753343
UF/sledgehammer/Hoare/uf.793960.smt2,iProver,False,1200,2400
UF/20170428-Barrett/cdt-cade2015/nada/afp/coinductive_list/x2015_09_10_17_12_47_587_2651768.smt_in.smt2,Yices2,False,1200,2400
UF/sledgehammer/Fundamental_Theorem_Algebra/uf.668532.smt2,cvc5,False,1200,2400
UF/sledgehammer/FFT/uf.550735.smt2,Yices2,False,1200,2400
UF/sledgehammer/Fundamental_Theorem_Algebra/uf.1210368.smt2,cvc5,True,0.271699609933421,0.271699609933421
UF/sledgehammer/Hoare/uf.1155352.smt2,iProver,True,0.8958488879979996,0.8958488879979996
UF/sledgehammer/Arrow_Order/smtlib.635236.smt2,iProver,True,3.902508258997841,3.902508258997841
UF/20170428-Barrett/cdt-cade2015/nada/afp/coinductive_list/x2015_09_10_16_50_29_032_1133334.smt_in.smt2,Yices2,False,1200,2400
UF/sledgehammer/NS_Shared/uf.783598.smt2,cvc5,False,1200,2400
UF/20170428-Barrett/cdt-cade2015/nada/afp/coinductive_list/x2015_09_10_16_56_58_331_1476034.smt_in.smt2,Yices2,True,0.2877071730035823,0.2877071730035823
UF/sledgehammer/TypeSafe/uf.729392.smt2,cvc5,False,1200,2400
UF/sledgehammer/QEpres/uf.766888.smt2,cvc5,False,1200,2400
UF/20170428-Barrett/cdt-cade2015/nada/afp/tllist/x2015_09_10_16_57_26_980_1146217.smt_in.smt2,cvc5,False,1200,2400
UF/grasshopper/uninstantiated/concat_postcondition_of_concat_24_4.smt2,iProver,True,0.8438748580010724,0.8438748580010724
UF/20170428-Barrett/cdt-cade2015/nada/distro/rbt_impl/x2015_09_10_16_52_28_418_1206065.smt_in.smt2,Yices2,False,1200,2400
UF/20170428-Barrett/cdt-cade2015/nada/afp/tllist/x2015_09_10_16_57_09_206_1127107.smt_in.smt2,cvc5,True,0.6406582528725266,0.6406582528725266
UF/20170428-Barrett/cdt-cade2015/nada/afp/coinductive_list/x2015_09_10_17_09_48_820_2425441.smt_in.smt2,iProver,False,1200,2400
UF/sledgehammer/QEpres/uf.884309.smt2,iProver,False,1200,2400
UF/sledgehammer/TwoSquares/uf.742354.smt2,iProver,False,1200,2400
UF/20170428-Barrett/cdt-cade2015/nada/distro/rbt_impl/x2015_09_10_16_51_59_228_1160276.smt_in.smt2,Yices2,True,0.270240094003384,0.270240094003384
UF/20190906-CLEARSY/0016/00777.smt2,iProver,True,2.84330672500073,2.84330672500073
UF/sledgehammer/QEpres/uf.622653.smt2,Yices2,False,1200,2400
UF/20170428-Barrett/cdt-cade2015/nada/afp/hamming_stream/x2015_09_10_16_48_03_509_1089666.smt_in.smt2,Yices2,False,1200,2400
UF/sledgehammer/TypeSafe/uf.752518.smt2,Yices2,False,1200,2400
UF/20170428-Barrett/cdt-cade2015/nada/afp/coinductive_list/x2015_09_10_17_07_33_967_2246036.smt_in.smt2,Yices2,False,1200,2400
UF/20170428-Barrett/cdt-cade2015/nada/distro/rbt_impl/x2015_09_10_16_52_51_747_1248914.smt_in.smt2,cvc5,False,1200,2400
UF/sledgehammer/NS_Shared/smtlib.589172.smt2,iProver,True,0.8932192280008167,0.8932192280008167
UF/sledgehammer/TwoSquares/uf.667581.smt2,iProver,False,1200,2400
UF/sledgehammer/FFT/uf.885304.smt2,cvc5,False,1200,2400
UF/sledgehammer/Fundamental_Theorem_Algebra/uf.935206.smt2,iProver,False,1200,2400
UF/sledgehammer/TypeSafe/smtlib.1145742.smt2,Yices2,False,1200,2400
UF/20201221-induction-by-reflection-schoisswohl/reflectiveInductive/addNeutral-1.smt2,iProver,False,1200,2400
UF/20170428-Barrett/cdt-cade2015/nada/afp/coinductive_list/x2015_09_10_17_03_05_443_1878876.smt_in.smt2,cvc5,False,1200,2400
UF/20170428-Barrett/cdt-cade2015/nada/afp/llist2/x2015_09_10_16_53_40_630_1214483.smt_in.smt2,Yices2,False,1200,2400
UF/sledgehammer/TwoSquares/uf.663784.smt2,iProver,True,142.0380200790023,142.0380200790023
UF/sledgehammer/NS_Shared/smtlib.641200.smt2,iProver,False,1200,2400
UF/sledgehammer/Fundamental_Theorem_Algebra/uf.1331861.smt2,iProver,True,0.8923899509973126,0.8923899509973126
UF/20170428-Barrett/cdt-cade2015/nada/gandl/stern_brocot_tree/x2015_09_10_16_52_13_375_1100659.smt_in.smt2,Yices2,False,1200,2400
UF/sledgehammer/StrongNorm/uf.811133.smt2,iProver,False,1200,2400
UF/sledgehammer/FFT/uf.609807.smt2,iProver,False,1200,2400
UF/sledgehammer/NS_Shared/uf.839729.smt2,Yices2,False,1200,2400
UF/20170428-Barrett/cdt-cade2015/nada/afp/coinductive_list/x2015_09_10_17_11_46_191_2579414.smt_in.smt2,Yices2,False,1200,2400
UF/sledgehammer/TypeSafe/uf.917436.smt2,Yices2,False,1200,2400
UF/sledgehammer/Fundamental_Theorem_Algebra/uf.1190087.smt2,iProver,True,8.35044532899883,8.35044532899883
UF/sledgehammer/Fundamental_Theorem_Algebra/uf.722947.smt2,cvc5,True,0.4836887549608946,0.4836887549608946
UF/20190906-CLEARSY/0009/00262.smt2,SMTInterpol,True,0.4296357739949599,0.4296357739949599
UF/sledgehammer/Fundamental_Theorem_Algebra/uf.1043922.smt2,iProver,False,1200,2400
UF/20170428-Barrett/cdt-cade2015/nada/distro/rbt_impl/x2015_09_10_16_55_13_153_1519141.smt_in.smt2,cvc5,False,1200,2400
UF/sledgehammer/NS_Shared/uf.594136.smt2,Yices2,False,1200,2400
UF/20170428-Barrett/cdt-cade2015/nada/afp/huffman/x2015_09_10_16_51_01_846_1286182.smt_in.smt2,cvc5,False,1200,2400
UF/sledgehammer/TypeSafe/smtlib.733243.smt2,cvc5,False,1200,2400
UF/sledgehammer/TypeSafe/smtlib.1330676.smt2,iProver,False,1200,2400
UF/sledgehammer/TwoSquares/uf.780730.smt2,iProver,False,1200,2400
UF/sledgehammer/StrongNorm/uf.608171.smt2,iProver,False,1200,2400
UF/sledgehammer/Fundamental_Theorem_Algebra/uf.748946.smt2,iProver,False,1200,2400
UF/20170428-Barrett/cdt-cade2015/nada/afp/coinductive_list/x2015_09_10_17_17_42_137_2808616.smt_in.smt2,Yices2,False,1200,2400
UF/sledgehammer/Hoare/uf.775806.smt2,SMTInterpol,False,1200,2400
UF/sledgehammer/Fundamental_Theorem_Algebra/uf.1107247.smt2,iProver,False,1200,2400
UF/20170428-Barrett/cdt-cade2015/nada/afp/coinductive_list/x2015_09_10_17_12_16_543_2617987.smt_in.smt2,cvc5,False,1200,2400
UF/sledgehammer/Fundamental_Theorem_Algebra/uf.1411374.smt2,iProver,False,1200,2400
UF/20170428-Barrett/cdt-cade2015/nada/afp/coinductive_list/x2015_09_10_17_16_55_472_2782258.smt_in.smt2,cvc5,False,1200,2400
UF/sledgehammer/StrongNorm/uf.665888.smt2,iProver,False,1200,2400
UF/20170428-Barrett/cdt-cade2015/nada/afp/tllist/x2015_09_10_17_00_25_013_1348012.smt_in.smt2,cvc5,False,1200,2400
UF/sledgehammer/TypeSafe/uf.947541.smt2,Yices2,True,0.2457167499960633,0.2457167499960633
UF/20170428-Barrett/cdt-cade2015/nada/afp/coinductive_list/x2015_09_10_17_04_53_759_2026775.smt_in.smt2,Yices2,False,1200,2400
UF/sledgehammer/Fundamental_Theorem_Algebra/uf.1123876.smt2,iProver,True,3.4237604859990824,3.4237604859990824
UF/sledgehammer/TypeSafe/smtlib.1255552.smt2,iProver,False,1200,2400
UF/sledgehammer/Hoare/smtlib.946488.smt2,iProver,False,1200,2400
UF/grasshopper/instantiated/rec_copy_postcondition_of_rec_copy_53_2.smt2,iProver,True,0.9083948769985,0.9083948769985
UF/20170428-Barrett/cdt-cade2015/nada/distro/stream_processor/x2015_09_10_16_45_48_081_989395.smt_in.smt2,cvc5,True,0.32818514900282025,0.32818514900282025
UF/sledgehammer/TwoSquares/uf.703581.smt2,iProver,False,1200,2400
UF/sledgehammer/Fundamental_Theorem_Algebra/uf.729023.smt2,iProver,False,1200,2400
UF/sledgehammer/Fundamental_Theorem_Algebra/uf.907764.smt2,iProver,False,1200,2400
UF/20170428-Barrett/cdt-cade2015/nada/afp/bindag/x2015_09_10_16_53_55_382_1093531.smt_in.smt2,cvc5,False,1200,2400
UF/20170428-Barrett/cdt-cade2015/nada/afp/huffman/x2015_09_10_16_49_40_912_1200560.smt_in.smt2,iProver,True,1.3781730479986436,1.3781730479986436
UF/sledgehammer/FFT/uf.779054.smt2,iProver,False,1200,2400
UF/sledgehammer/QEpres/uf.798279.smt2,Yices2,False,1200,2400
UF/20170428-Barrett/cdt-cade2015/nada/afp/huffman/x2015_09_10_16_49_23_405_1180220.smt_in.smt2,Yices2,False,1200,2400
UF/sledgehammer/Fundamental_Theorem_Algebra/uf.1217806.smt2,iProver,False,1200,2400
UF/sledgehammer/Fundamental_Theorem_Algebra/uf.1004872.smt2,Yices2,False,1200,2400
UF/20170428-Barrett/cdt-cade2015/nada/afp/coinductive_list/x2015_09_10_17_06_17_798_2140188.smt_in.smt2,cvc5,True,565.3776502830442,565.3776502830442
UF/sledgehammer/TypeSafe/uf.1136462.smt2,cvc5,False,1200,2400
UF/sledgehammer/Fundamental_Theorem_Algebra/uf.835082.smt2,iProver,False,1200,2400
UF/20170428-Barrett/cdt-cade2015/nada/gandl/cotree/x2015_09_10_16_50_46_835_1079005.smt_in.smt2,cvc5,True,0.6655839439481497,0.6655839439481497
UF/sledgehammer/Fundamental_Theorem_Algebra/uf.725085.smt2,iProver,True,0.886297774999548,0.886297774999548
UF/20170428-Barrett/cdt-cade2015/nada/afp/coinductive_list/x2015_09_10_17_19_29_515_2879365.smt_in.smt2,Yices2,True,0.23850341800425667,0.23850341800425667
UF/20190906-CLEARSY/0023/00974.smt2,Yices2,True,0.22298963999492116,0.22298963999492116
UF/sledgehammer/StrongNorm/uf.803333.smt2,iProver,False,1200,2400
UF/20170428-Barrett/cdt-cade2015/nada/distro/gram_lang/x2015_09_10_16_47_08_457_1044000.smt_in.smt2,cvc5,False,1200,2400
UF/sledgehammer/Fundamental_Theorem_Algebra/uf.694757.smt2,iProver,False,1200,2400
UF/20170428-Barrett/cdt-cade2015/nada/afp/coinductive_list/x2015_09_10_16_56_13_740_1441286.smt_in.smt2,Yices2,False,1200,2400
UF/grasshopper/uninstantiated/dl_reverse_loop_invariant_28_3.smt2,iProver,True,0.887656959999731,0.887656959999731
UF/sledgehammer/Fundamental_Theorem_Algebra/uf.627505.smt2,iProver,True,1.8692496080002456,1.8692496080002456
UF/20201221-induction-by-reflection-schoisswohl/reflectiveInductive/addNeutral.smt2,iProver,False,1200,2400
UF/20170428-Barrett/cdt-cade2015/nada/afp/llist2/x2015_09_10_16_53_29_960_1207699.smt_in.smt2,cvc5,False,1200,2400
UF/sledgehammer/FFT/uf.613795.smt2,iProver,False,1200,2400
UF/20170428-Barrett/cdt-cade2015/nada/afp/coinductive_list/x2015_09_10_17_04_56_835_2030500.smt_in.smt2,cvc5,True,0.45932618994265795,0.45932618994265795
UF/sledgehammer/NS_Shared/uf.798504.smt2,iProver,False,1200,2400
UF/sledgehammer/Hoare/smtlib.1171060.smt2,iProver,True,0.8944091919984203,0.8944091919984203
UF/sledgehammer/QEpres/uf.915571.smt2,Yices2,False,1200,2400
UF/20170428-Barrett/cdt-cade2015/nada/afp/coinductive_list/x2015_09_10_17_13_54_802_2688888.smt_in.smt2,cvc5,False,1200,2400
UF/sledgehammer/Hoare/uf.1113164.smt2,cvc5,True,0.4728522638324648,0.4728522638324648
UF/20170428-Barrett/cdt-cade2015/nada/afp/tllist/x2015_09_10_17_01_04_549_1394952.smt_in.smt2,Yices2,False,1200,2400
UF/20170428-Barrett/cdt-cade2015/nada/afp/huffman/x2015_09_10_16_49_12_538_1168476.smt_in.smt2,cvc5,False,1200,2400
UF/sledgehammer/Fundamental_Theorem_Algebra/uf.684504.smt2,iProver,False,1200,2400
UF/20170428-Barrett/cdt-cade2015/nada/distro/rbt_impl/x2015_09_10_16_59_03_975_1872585.smt_in.smt2,cvc5,False,1200,2400
UF/20170428-Barrett/cdt-cade2015/nada/afp/sorted_list_operations/x2015_09_10_16_48_17_134_1103487.smt_in.smt2,cvc5,False,1200,2400
UF/sledgehammer/TwoSquares/uf.663883.smt2,iProver,True,10.38694369100267,10.38694369100267
UF/sledgehammer/FFT/uf.646065.smt2,iProver,True,0.8654200130004028,0.8654200130004028
UF/20170428-Barrett/cdt-cade2015/nada/distro/gram_lang/x2015_09_10_16_55_24_325_1534085.smt_in.smt2,Yices2,False,1200,2400
UF/20170428-Barrett/cdt-cade2015/nada/afp/coinductive_list/x2015_09_10_16_59_41_378_1626083.smt_in.smt2,cvc5,False,1200,2400
UF/20170428-Barrett/cdt-cade2015/nada/afp/huffman/x2015_09_10_16_46_23_352_984515.smt_in.smt2,cvc5,True,0.26987089798785746,0.26987089798785746
UF/sledgehammer/Fundamental_Theorem_Algebra/uf.913704.smt2,iProver,True,1.8444739460028359,1.8444739460028359
UF/20201221-induction-by-reflection-schoisswohl/reflectiveInductive/distr-1.smt2,iProver,False,1200,2400
UF/sledgehammer/TypeSafe/uf.1447859.smt2,cvc5,True,0.8389433559495956,0.8389433559495956
UF/sledgehammer/TypeSafe/smtlib.730432.smt2,cvc5,False,1200,2400
UF/sledgehammer/Arrow_Order/uf.604497.smt2,cvc5,False,1200,2400
UF/sledgehammer/TwoSquares/uf.595907.smt2,cvc5,False,1200,2400
UF/sledgehammer/Fundamental_Theorem_Algebra/uf.1328709.smt2,iProver,False,1200,2400
UF/sledgehammer/Fundamental_Theorem_Algebra/uf.1107055.smt2,iProver,False,1200,2400
UF/20170428-Barrett/cdt-cade2015/nada/gandl/stern_brocot_tree/x2015_09_10_16_51_19_118_1052360.smt_in.smt2,Yices2,False,1200,2400
UF/sledgehammer/TypeSafe/smtlib.982879.smt2,iProver,False,1200,2400
UF/20170428-Barrett/cdt-cade2015/nada/afp/huffman/x2015_09_10_16_50_08_084_1229586.smt_in.smt2,cvc5,False,1200,2400
UF/20170428-Barrett/cdt-cade2015/nada/afp/coinductive_list/x2015_09_10_17_16_40_993_2774883.smt_in.smt2,Yices2,False,1200,2400
UF/sledgehammer/Arrow_Order/smtlib.671324.smt2,iProver,False,1200,2400
UF/sledgehammer/FFT/uf.557456.smt2,iProver,True,0.8442420550018142,0.8442420550018142
UF/sledgehammer/Arrow_Order/uf.716715.smt2,Yices2,False,1200,2400
UF/sledgehammer/StrongNorm/uf.762462.smt2,Yices2,False,1200,2400
UF/sledgehammer/TwoSquares/uf.751588.smt2,iProver,True,212.0413263520004,212.0413263520004
UF/sledgehammer/Fundamental_Theorem_Algebra/uf.693739.smt2,cvc5,True,646.3069195470307,646.3069195470307
UF/20170428-Barrett/cdt-cade2015/nada/afp/huffman/x2015_09_10_16_50_29_433_1253212.smt_in.smt2,Yices2,False,1200,2400
UF/20170428-Barrett/cdt-cade2015/nada/afp/coinductive_list/x2015_09_10_16_50_30_610_1134847.smt_in.smt2,Yices2,False,1200,2400
UF/sledgehammer/Fundamental_Theorem_Algebra/uf.731743.smt2,iProver,False,1200,2400
UF/sledgehammer/TwoSquares/uf.597222.smt2,Yices2,True,0.22027024300041376,0.22027024300041376
UF/sledgehammer/Fundamental_Theorem_Algebra/smtlib.717110.smt2,iProver,False,1200,2400
UF/sledgehammer/Arrow_Order/uf.772083.smt2,iProver,False,1200,2400
UF/20170428-Barrett/cdt-cade2015/nada/afp/huffman/x2015_09_10_16_50_41_573_1266805.smt_in.smt2,cvc5,False,1200,2400
UF/20170428-Barrett/cdt-cade2015/nada/afp/coinductive_list/x2015_09_10_17_09_17_721_2385730.smt_in.smt2,cvc5,False,1200,2400
UF/sledgehammer/QEpres/uf.874003.smt2,iProver,False,1200,2400
UF/sledgehammer/Hoare/smtlib.954663.smt2,iProver,True,2.9079643529985333,2.9079643529985333
UF/sledgehammer/NS_Shared/smtlib.829230.smt2,iProver,False,1200,2400
UF/sledgehammer/TwoSquares/uf.657154.smt2,iProver,True,1.891540091999559,1.891540091999559
UF/sledgehammer/NS_Shared/uf.861242.smt2,Yices2,True,0.26888112899905536,0.26888112899905536
UF/sledgehammer/FFT/uf.680999.smt2,iProver,False,1200,2400
UF/20170428-Barrett/cdt-cade2015/nada/afp/coinductive_list/x2015_09_10_17_11_18_552_2541779.smt_in.smt2,Yices2,False,1200,2400
UF/sledgehammer/FFT/uf.581740.smt2,iProver,False,1200,2400
UF/sledgehammer/Fundamental_Theorem_Algebra/uf.1442043.smt2,cvc5,True,3.4403257539961487,3.4403257539961487
UF/sledgehammer/FFT/uf.773841.smt2,iProver,True,3.8755748580006184,3.8755748580006184
UF/sledgehammer/Fundamental_Theorem_Algebra/uf.908739.smt2,iProver,True,16.40413173699926,16.40413173699926
UF/sledgehammer/Hoare/uf.863813.smt2,cvc5,False,1200,2400
UF/sledgehammer/NS_Shared/uf.813420.smt2,iProver,False,1200,2400
UF/20170428-Barrett/cdt-cade2015/nada/afp/coinductive_list/x2015_09_10_17_03_12_518_1888854.smt_in.smt2,Yices2,False,1200,2400
UF/20170428-Barrett/cdt-cade2015/nada/distro/gram_lang/x2015_09_10_16_55_18_982_1528385.smt_in.smt2,cvc5,True,540.8817417118698,540.8817417118698
UF/20170428-Barrett/cdt-cade2015/nada/distro/rbt_impl/x2015_09_10_16_54_21_369_1423126.smt_in.smt2,cvc5,False,1200,2400
UF/sledgehammer/StrongNorm/uf.574002.smt2,iProver,True,0.8255861460002052,0.8255861460002052
UF/sledgehammer/Arrow_Order/uf.696383.smt2,cvc5,True,0.312301121186465,0.312301121186465
UF/sledgehammer/TypeSafe/smtlib.1282296.smt2,iProver,False,1200,2400
UF/sledgehammer/FFT/uf.767635.smt2,iProver,False,1200,2400
UF/sledgehammer/Fundamental_Theorem_Algebra/uf.781994.smt2,cvc5,True,1032.8081420969684,1032.8081420969684
UF/20170428-Barrett/cdt-cade2015/nada/afp/coinductive_list/x2015_09_10_16_59_18_190_1604119.smt_in.smt2,cvc5,True,30.32076575793326,30.32076575793326
UF/sledgehammer/Hoare/uf.1087428.smt2,iProver,True,1.4290915339988715,1.4290915339988715
UF/grasshopper/uninstantiated/insert_postcondition_of_insert_27_4.smt2,iProver,True,0.8823604919998616,0.8823604919998616
UF/sledgehammer/Fundamental_Theorem_Algebra/uf.683612.smt2,iProver,False,1200,2400
UF/grasshopper/instantiated/dl_remove_loop_invariant_35_5.smt2,Yices2,True,0.834364378999453,0.834364378999453
UF/sledgehammer/Fundamental_Theorem_Algebra/uf.588288.smt2,iProver,False,1200,2400
UF/sledgehammer/NS_Shared/smtlib.595554.smt2,iProver,False,1200,2400
UF/sledgehammer/TypeSafe/uf.758991.smt2,cvc5,True,542.8722482370213,542.8722482370213
UF/20170428-Barrett/cdt-cade2015/nada/afp/coinductive_list/x2015_09_10_17_03_41_217_1925781.smt_in.smt2,cvc5,False,1200,2400
UF/sledgehammer/Fundamental_Theorem_Algebra/uf.558431.smt2,iProver,False,1200,2400
UF/20170428-Barrett/cdt-cade2015/nada/afp/coinductive_list/x2015_09_10_16_54_33_620_1354342.smt_in.smt2,Yices2,False,1200,2400
UF/sledgehammer/Hoare/uf.566104.smt2,iProver,True,0.8821888900019985,0.8821888900019985
UF/sledgehammer/StrongNorm/uf.569235.smt2,iProver,False,1200,2400
UF/20170428-Barrett/cdt-cade2015/nada/gandl/cotree/x2015_09_10_16_50_25_510_1052801.smt_in.smt2,cvc5,False,1200,2400
UF/sledgehammer/FFT/uf.892719.smt2,iProver,True,0.9119985630022711,0.9119985630022711
UF/sledgehammer/Hoare/uf.848693.smt2,iProver,False,1200,2400
UF/sledgehammer/Hoare/uf.905995.smt2,iProver,True,0.9409182149993285,0.9409182149993285
UF/20170428-Barrett/cdt-cade2015/nada/afp/huffman/x2015_09_10_16_48_45_994_1136898.smt_in.smt2,iProver,False,1200,2400
UF/sledgehammer/QEpres/uf.1063172.smt2,cvc5,False,1200,2400
UF/sledgehammer/QEpres/uf.1099811.smt2,iProver,False,1200,2400
UF/20170428-Barrett/cdt-cade2015/nada/afp/coinductive_list/x2015_09_10_17_18_40_435_2845937.smt_in.smt2,Yices2,False,1200,2400
UF/20170428-Barrett/cdt-cade2015/nada/afp/huffman/x2015_09_10_16_48_38_315_1127625.smt_in.smt2,cvc5,False,1200,2400
UF/20170428-Barrett/cdt-cade2015/nada/afp/coinductive_list/x2015_09_10_17_06_58_566_2199621.smt_in.smt2,cvc5,False,1200,2400
UF/sledgehammer/QEpres/uf.906262.smt2,iProver,False,1200,2400
UF/sledgehammer/FFT/uf.624916.smt2,iProver,False,1200,2400
UF/sledgehammer/StrongNorm/uf.599383.smt2,iProver,False,1200,2400
UF/20170428-Barrett/cdt-cade2015/nada/distro/gram_lang/x2015_09_10_16_47_28_719_1066267.smt_in.smt2,cvc5,False,1200,2400
UF/sledgehammer/NS_Shared/uf.771123.smt2,Yices2,False,1200,2400
UF/20170428-Barrett/cdt-cade2015/nada/afp/coinductive_list/x2015_09_10_17_00_45_663_1698368.smt_in.smt2,iProver,True,2.3637894639996375,2.3637894639996375
UF/sledgehammer/Hoare/uf.791978.smt2,cvc5,True,3.617803643923253,3.617803643923253
UF/sledgehammer/TypeSafe/uf.1068513.smt2,cvc5,True,0.8594679317902774,0.8594679317902774
UF/sledgehammer/QEpres/uf.783239.smt2,iProver,True,26.43534934100171,26.43534934100171
UF/20170428-Barrett/cdt-cade2015/nada/afp/huffman/x2015_09_10_16_48_32_920_1120982.smt_in.smt2,iProver,False,1200,2400
UF/20170428-Barrett/cdt-cade2015/nada/afp/coinductive_list/x2015_09_10_17_04_57_853_2031670.smt_in.smt2,cvc5,False,1200,2400
UF/sledgehammer/Fundamental_Theorem_Algebra/uf.910148.smt2,iProver,True,1.8243920349996188,1.8243920349996188
UF/sledgehammer/TypeSafe/smtlib.1256624.smt2,iProver,True,1.3501928490004502,1.3501928490004502
UF/sledgehammer/QEpres/uf.916791.smt2,iProver,False,1200,2400
UF/sledgehammer/Hoare/uf.860712.smt2,iProver,False,1200,2400
UF/20170428-Barrett/cdt-cade2015/nada/afp/coinductive_list/x2015_09_10_17_18_27_122_2837764.smt_in.smt2,cvc5,False,1200,2400
UF/20170428-Barrett/cdt-cade2015/nada/afp/koenigslemma/x2015_09_10_16_54_23_836_1166993.smt_in.smt2,Yices2,True,0.2235887080023531,0.2235887080023531
UF/sledgehammer/NS_Shared/smtlib.608094.smt2,iProver,False,1200,2400
UF/sledgehammer/QEpres/uf.924249.smt2,Yices2,False,1200,2400
UF/sledgehammer/FFT/uf.674801.smt2,iProver,False,1200,2400
UF/20170428-Barrett/cdt-cade2015/nada/afp/coinductive_list/x2015_09_10_17_09_35_636_2409019.smt_in.smt2,Yices2,True,0.35181593200104544,0.35181593200104544
UF/20170428-Barrett/cdt-cade2015/nada/afp/huffman/x2015_09_10_16_51_03_170_1287405.smt_in.smt2,Yices2,True,0.2199350449955091,0.2199350449955091
UF/sledgehammer/Fundamental_Theorem_Algebra/uf.1258905.smt2,iProver,True,0.8597950319999654,0.8597950319999654
UF/20170428-Barrett/cdt-cade2015/nada/afp/coinductive_stream/x2015_09_10_17_23_15_283_1135882.smt_in.smt2,cvc5,False,1200,2400
UF/20170428-Barrett/cdt-cade2015/nada/gandl/stern_brocot_tree/x2015_09_10_16_52_11_743_1099261.smt_in.smt2,Yices2,False,1200,2400
UF/sledgehammer/Arrow_Order/smtlib.605149.smt2,cvc5,False,1200,2400
UF/20170428-Barrett/cdt-cade2015/nada/afp/coinductive_list/x2015_09_10_17_09_25_816_2396104.smt_in.smt2,cvc5,True,0.29008267004974186,0.29008267004974186
UF/sledgehammer/TwoSquares/uf.804437.smt2,iProver,True,58.430001045999234,58.430001045999234
UF/sledgehammer/TypeSafe/uf.812728.smt2,cvc5,False,1200,2400
UF/20170428-Barrett/cdt-cade2015/nada/afp/huffman/x2015_09_10_16_49_44_292_1204654.smt_in.smt2,cvc5,True,0.29888832895085216,0.29888832895085216
UF/sledgehammer/Arrow_Order/smtlib.681835.smt2,cvc5,False,1200,2400
UF/sledgehammer/FFT/uf.744654.smt2,iProver,False,1200,2400
UF/20170428-Barrett/cdt-cade2015/nada/distro/gram_lang/x2015_09_10_16_51_30_829_1307264.smt_in.smt2,Yices2,False,1200,2400
UF/sledgehammer/QEpres/uf.675376.smt2,cvc5,False,1200,2400
UF/20170428-Barrett/cdt-cade2015/nada/afp/coinductive_list/x2015_09_10_17_07_25_073_2235233.smt_in.smt2,cvc5,True,3.3808485891204327,3.3808485891204327
UF/sledgehammer/Fundamental_Theorem_Algebra/uf.637913.smt2,iProver,False,1200,2400
UF/sledgehammer/QEpres/uf.954373.smt2,cvc5,True,0.5204980110283941,0.5204980110283941
UF/sledgehammer/NS_Shared/uf.874657.smt2,cvc5,False,1200,2400
UF/20170428-Barrett/cdt-cade2015/nada/afp/coinductive_list/x2015_09_10_16_56_55_355_1473654.smt_in.smt2,cvc5,False,1200,2400
UF/sledgehammer/Fundamental_Theorem_Algebra/uf.1220106.smt2,iProver,False,1200,2400
UF/sledgehammer/QEpres/uf.706680.smt2,iProver,True,0.8330155050025496,0.8330155050025496
UF/20170428-Barrett/cdt-cade2015/nada/distro/stream/x2015_09_10_16_48_52_240_1126440.smt_in.smt2,cvc5,True,0.31647357484325767,0.31647357484325767
UF/sledgehammer/QEpres/uf.880696.smt2,cvc5,False,1200,2400
UF/20170428-Barrett/cdt-cade2015/nada/gandl/bird_tree/x2015_09_10_16_54_37_804_1017588.smt_in.smt2,cvc5,True,0.3005377377849072,0.3005377377849072
UF/sledgehammer/Fundamental_Theorem_Algebra/uf.1240972.smt2,Yices2,False,1200,2400
UF/sledgehammer/QEpres/uf.1123092.smt2,iProver,True,0.8832385299974703,0.8832385299974703
UF/sledgehammer/NS_Shared/uf.610045.smt2,cvc5,False,1200,2400
UF/sledgehammer/StrongNorm/uf.807433.smt2,iProver,False,1200,2400
UF/20170428-Barrett/cdt-cade2015/nada/afp/coinductive_list/x2015_09_10_17_02_04_177_1798189.smt_in.smt2,Yices2,False,1200,2400
UF/sledgehammer/FFT/uf.729110.smt2,iProver,False,1200,2400
UF/sledgehammer/Hoare/uf.581788.smt2,iProver,False,1200,2400
UF/20170428-Barrett/cdt-cade2015/nada/afp/tllist/x2015_09_10_16_56_41_551_1098429.smt_in.smt2,Yices2,False,1200,2400
UF/sledgehammer/Hoare/uf.678686.smt2,iProver,False,1200,2400
UF/sledgehammer/Hoare/uf.1148354.smt2,iProver,True,1.882867960999647,1.882867960999647
UF/sledgehammer/TwoSquares/uf.776191.smt2,iProver,True,21.95232507699984,21.95232507699984
UF/sledgehammer/QEpres/uf.981672.smt2,cvc5,False,1200,2400
UF/sledgehammer/Hoare/uf.722185.smt2,iProver,False,1200,2400
UF/sledgehammer/TwoSquares/uf.693505.smt2,iProver,False,1200,2400
UF/sledgehammer/Fundamental_Theorem_Algebra/uf.1197665.smt2,cvc5,True,0.4388990809675306,0.4388990809675306
UF/sledgehammer/TwoSquares/uf.699979.smt2,iProver,False,1200,2400
UF/sledgehammer/Hoare/smtlib.998435.smt2,cvc5,True,0.41193489893339574,0.41193489893339574
UF/sledgehammer/TypeSafe/uf.879561.smt2,Yices2,False,1200,2400
UF/sledgehammer/QEpres/uf.709340.smt2,iProver,False,1200,2400
UF/sledgehammer/Fundamental_Theorem_Algebra/uf.1413202.smt2,cvc5,True,0.2531017269939184,0.2531017269939184
UF/sledgehammer/QEpres/uf.955014.smt2,iProver,False,1200,2400
UF/20170428-Barrett/cdt-cade2015/nada/distro/stream/x2015_09_10_16_48_26_908_1095935.smt_in.smt2,cvc5,False,1200,2400
UF/sledgehammer/TypeSafe/uf.764150.smt2,cvc5,False,1200,2400
UF/20170428-Barrett/cdt-cade2015/nada/gandl/cotree/x2015_09_10_16_50_51_123_1085536.smt_in.smt2,Yices2,False,1200,2400
UF/sledgehammer/TwoSquares/uf.600443.smt2,iProver,True,0.8266610509999737,0.8266610509999737
UF/20170428-Barrett/cdt-cade2015/nada/distro/gram_lang/x2015_09_10_16_46_50_266_1023133.smt_in.smt2,cvc5,False,1200,2400
UF/grasshopper/uninstantiated/reverse_postcondition_of_reverse_26_1.smt2,iProver,True,1.3428287050010113,1.3428287050010113
UF/sledgehammer/Fundamental_Theorem_Algebra/uf.1309902.smt2,iProver,True,0.8389481170015642,0.8389481170015642
UF/sledgehammer/QEpres/uf.641543.smt2,Yices2,True,0.37185947200123337,0.37185947200123337
UF/20170428-Barrett/cdt-cade2015/nada/afp/coinductive_list/x2015_09_10_17_08_17_482_2306913.smt_in.smt2,Yices2,False,1200,2400
UF/sledgehammer/TypeSafe/smtlib.1345527.smt2,Yices2,False,1200,2400
UF/20170428-Barrett/cdt-cade2015/nada/distro/koenig/x2015_09_10_16_44_53_250_988949.smt_in.smt2,cvc5,False,1200,2400
UF/sledgehammer/Arrow_Order/uf.555531.smt2,iProver,True,1.3948859500014805,1.3948859500014805
UF/sledgehammer/Fundamental_Theorem_Algebra/uf.991412.smt2,iProver,False,1200,2400
UF/sledgehammer/Fundamental_Theorem_Algebra/uf.1043011.smt2,iProver,False,1200,2400
UF/sledgehammer/Hoare/uf.1190230.smt2,iProver,False,1200,2400
UF/sledgehammer/TypeSafe/smtlib.624769.smt2,Yices2,False,1200,2400
UF/sledgehammer/StrongNorm/uf.577244.smt2,iProver,False,1200,2400
UF/sledgehammer/Fundamental_Theorem_Algebra/uf.1358235.smt2,cvc5,False,1200,2400
UF/20170428-Barrett/cdt-cade2015/nada/afp/coinductive_list/x2015_09_10_17_00_00_341_1644758.smt_in.smt2,cvc5,False,1200,2400
UF/20170428-Barrett/cdt-cade2015/nada/afp/coinductive_list/x2015_09_10_16_48_44_262_1041883.smt_in.smt2,Yices2,False,1200,2400
UF/sledgehammer/Hoare/uf.1027956.smt2,Yices2,False,1200,2400
UF/sledgehammer/TypeSafe/smtlib.650656.smt2,Yices2,False,1200,2400
UF/sledgehammer/Fundamental_Theorem_Algebra/uf.960273.smt2,iProver,False,1200,2400
UF/sledgehammer/Fundamental_Theorem_Algebra/uf.1329539.smt2,iProver,False,1200,2400
UF/sledgehammer/TwoSquares/uf.715927.smt2,iProver,True,0.8362520499995298,0.8362520499995298
UF/sledgehammer/Fundamental_Theorem_Algebra/uf.1001270.smt2,iProver,True,0.8438855439999315,0.8438855439999315
UF/20170428-Barrett/cdt-cade2015/nada/afp/coinductive_list/x2015_09_10_17_10_29_368_2478995.smt_in.smt2,Yices2,False,1200,2400
UF/sledgehammer/FFT/uf.688952.smt2,iProver,False,1200,2400
UF/20170428-Barrett/cdt-cade2015/nada/afp/coinductive_list/x2015_09_10_17_04_11_969_1969817.smt_in.smt2,cvc5,False,1200,2400
UF/sledgehammer/Fundamental_Theorem_Algebra/uf.1112397.smt2,iProver,False,1200,2400
UF/20170428-Barrett/cdt-cade2015/nada/distro/stream/x2015_09_10_16_48_32_591_1102516.smt_in.smt2,cvc5,False,1200,2400
UF/sledgehammer/QEpres/uf.652034.smt2,iProver,False,1200,2400
UF/sledgehammer/NS_Shared/smtlib.698705.smt2,iProver,False,1200,2400
UF/20170428-Barrett/cdt-cade2015/nada/distro/stream/x2015_09_10_16_48_38_512_1110262.smt_in.smt2,Yices2,False,1200,2400
UF/20170428-Barrett/cdt-cade2015/nada/afp/coinductive_list/x2015_09_10_17_06_22_189_2146704.smt_in.smt2,cvc5,True,1.1403397610411048,1.1403397610411048
UF/20170428-Barrett/cdt-cade2015/nada/afp/coinductive_list/x2015_09_10_17_11_24_732_2549122.smt_in.smt2,cvc5,False,1200,2400
UF/sledgehammer/Fundamental_Theorem_Algebra/uf.977180.smt2,iProver,False,1200,2400
UF/20170428-Barrett/cdt-cade2015/nada/afp/coinductive_stream/x2015_09_10_17_23_49_410_1168332.smt_in.smt2,cvc5,False,1200,2400
UF/20170428-Barrett/cdt-cade2015/nada/afp/hamming_stream/x2015_09_10_16_50_05_967_1169316.smt_in.smt2,cvc5,False,1200,2400
UF/20170428-Barrett/cdt-cade2015/nada/afp/coinductive_list/x2015_09_10_17_10_02_872_2444676.smt_in.smt2,cvc5,False,1200,2400
UF/20170428-Barrett/cdt-cade2015/nada/afp/huffman/x2015_09_10_16_49_30_501_1188113.smt_in.smt2,cvc5,True,0.24432312999852002,0.24432312999852002
UF/sledgehammer/QEpres/uf.721202.smt2,iProver,False,1200,2400
UF/20170428-Barrett/cdt-cade2015/nada/afp/coinductive_list/x2015_09_10_17_01_58_422_1790674.smt_in.smt2,cvc5,True,0.2784326928667724,0.2784326928667724
UF/20170428-Barrett/cdt-cade2015/nada/afp/coinductive_list/x2015_09_10_16_55_23_729_1400068.smt_in.smt2,Yices2,False,1200,2400
UF/sledgehammer/Fundamental_Theorem_Algebra/uf.783082.smt2,iProver,False,1200,2400
UF/20170428-Barrett/cdt-cade2015/nada/afp/coinductive_list/x2015_09_10_17_02_12_063_1809237.smt_in.smt2,Yices2,False,1200,2400
UF/sledgehammer/TwoSquares/uf.750424.smt2,iProver,False,1200,2400
UF/20170428-Barrett/cdt-cade2015/nada/afp/koenigslemma/x2015_09_10_16_54_44_404_1179486.smt_in.smt2,Yices2,False,1200,2400
UF/20170428-Barrett/cdt-cade2015/nada/distro/rbt_impl/x2015_09_10_16_59_38_724_1930001.smt_in.smt2,Yices2,False,1200,2400
UF/sledgehammer/FFT/uf.858678.smt2,iProver,False,1200,2400
UF/sledgehammer/FFT/uf.715809.smt2,iProver,False,1200,2400
UF/sledgehammer/Fundamental_Theorem_Algebra/uf.1007589.smt2,cvc5,True,0.2684275428764522,0.2684275428764522
UF/20170428-Barrett/cdt-cade2015/nada/afp/huffman/x2015_09_10_16_50_09_323_1231078.smt_in.smt2,Yices2,False,1200,2400
UF/sledgehammer/QEpres/uf.1153665.smt2,iProver,False,1200,2400
UF/sledgehammer/QEpres/uf.1122894.smt2,iProver,False,1200,2400
UF/sledgehammer/QEpres/uf.904526.smt2,cvc5,False,1200,2400
UF/sledgehammer/Fundamental_Theorem_Algebra/uf.639817.smt2,cvc5,False,1200,2400
UF/sledgehammer/Arrow_Order/uf.837757.smt2,iProver,False,1200,2400
UF/20170428-Barrett/cdt-cade2015/nada/afp/coinductive_list/x2015_09_10_16_59_01_454_1589177.smt_in.smt2,cvc5,False,1200,2400
UF/20170428-Barrett/cdt-cade2015/nada/gandl/stern_brocot_tree/x2015_09_10_16_52_29_108_1116504.smt_in.smt2,Yices2,True,0.25315407699963544,0.25315407699963544
UF/sledgehammer/QEpres/uf.577693.smt2,iProver,False,1200,2400
UF/20170428-Barrett/cdt-cade2015/nada/distro/stream/x2015_09_10_16_49_09_883_1148060.smt_in.smt2,Yices2,False,1200,2400
UF/sledgehammer/FFT/uf.829040.smt2,iProver,False,1200,2400
UF/sledgehammer/NS_Shared/smtlib.603650.smt2,iProver,False,1200,2400
UF/sledgehammer/FFT/uf.580329.smt2,iProver,False,1200,2400
UF/sledgehammer/FFT/uf.854357.smt2,iProver,False,1200,2400
UF/20170428-Barrett/cdt-cade2015/nada/afp/coinductive_list/x2015_09_10_17_15_32_637_2740178.smt_in.smt2,cvc5,False,1200,2400
UF/sledgehammer/FFT/uf.781289.smt2,iProver,False,1200,2400
UF/sledgehammer/FFT/uf.747217.smt2,iProver,False,1200,2400
UF/sledgehammer/NS_Shared/smtlib.812502.smt2,iProver,False,1200,2400
UF/20170428-Barrett/cdt-cade2015/nada/distro/gram_lang/x2015_09_10_16_47_23_935_1061037.smt_in.smt2,cvc5,True,0.26792899309657514,0.26792899309657514
UF/20170428-Barrett/cdt-cade2015/nada/afp/coinductive_list/x2015_09_10_16_51_58_310_1211379.smt_in.smt2,Yices2,False,1200,2400
UF/sledgehammer/TypeSafe/smtlib.1359248.smt2,Yices2,False,1200,2400
UF/sledgehammer/TypeSafe/smtlib.734366.smt2,cvc5,False,1200,2400
UF/sledgehammer/Fundamental_Theorem_Algebra/uf.610621.smt2,iProver,False,1200,2400
UF/20170428-Barrett/cdt-cade2015/nada/distro/gram_lang/x2015_09_10_16_52_19_075_1359187.smt_in.smt2,cvc5,False,1200,2400
UF/20170428-Barrett/cdt-cade2015/nada/distro/gram_lang/x2015_09_10_16_55_26_910_1536872.smt_in.smt2,Yices2,False,1200,2400
UF/sledgehammer/Arrow_Order/smtlib.681993.smt2,iProver,False,1200,2400
UF/sledgehammer/NS_Shared/smtlib.618248.smt2,iProver,False,1200,2400
UF/20170428-Barrett/cdt-cade2015/nada/gandl/stern_brocot_tree/x2015_09_10_16_53_42_109_1180689.smt_in.smt2,cvc5,False,1200,2400
UF/sledgehammer/Fundamental_Theorem_Algebra/uf.1361089.smt2,cvc5,False,1200,2400
UF/sledgehammer/Hoare/uf.771096.smt2,cvc5,False,1200,2400
UF/20170428-Barrett/cdt-cade2015/nada/distro/gram_lang/x2015_09_10_16_51_01_834_1281702.smt_in.smt2,Yices2,False,1200,2400
UF/20170428-Barrett/cdt-cade2015/nada/afp/coinductive_list/x2015_09_10_16_52_49_766_1255952.smt_in.smt2,cvc5,True,0.32275589695200324,0.32275589695200324
UF/20170428-Barrett/cdt-cade2015/nada/afp/coinductive_list/x2015_09_10_17_01_42_696_1769018.smt_in.smt2,cvc5,True,553.9986299499869,553.9986299499869
UF/sledgehammer/TypeSafe/smtlib.881227.smt2,iProver,False,1200,2400
UF/sledgehammer/Fundamental_Theorem_Algebra/uf.738689.smt2,cvc5,False,1200,2400
UF/20170428-Barrett/cdt-cade2015/nada/afp/coinductive_stream/x2015_09_10_17_25_13_688_1237932.smt_in.smt2,Yices2,False,1200,2400
UF/sledgehammer/NS_Shared/uf.631338.smt2,iProver,False,1200,2400
UF/sledgehammer/QEpres/uf.870205.smt2,cvc5,False,1200,2400
UF/20170428-Barrett/cdt-cade2015/nada/distro/rbt_impl/x2015_09_10_17_00_02_527_1958677.smt_in.smt2,cvc5,True,541.042649748968,541.042649748968
UF/20170428-Barrett/cdt-cade2015/nada/distro/gram_lang/x2015_09_10_16_47_13_251_1049207.smt_in.smt2,cvc5,False,1200,2400
UF/20170428-Barrett/cdt-cade2015/nada/distro/gram_lang/x2015_09_10_16_53_34_313_1430050.smt_in.smt2,cvc5,False,1200,2400
UF/20170428-Barrett/cdt-cade2015/nada/afp/coinductive_list/x2015_09_10_17_08_18_609_2308344.smt_in.smt2,cvc5,True,0.3715354867745191,0.3715354867745191
UF/sledgehammer/StrongNorm/uf.786686.smt2,iProver,True,0.8750782259994594,0.8750782259994594
UF/sledgehammer/FFT/uf.719448.smt2,iProver,False,1200,2400
UF/sledgehammer/NS_Shared/uf.569125.smt2,cvc5,False,1200,2400
UF/20170428-Barrett/cdt-cade2015/nada/distro/rbt_impl/x2015_09_10_16_51_04_823_1079164.smt_in.smt2,Yices2,False,1200,2400
UF/sledgehammer/TwoSquares/uf.722861.smt2,iProver,True,1.9057536390009773,1.9057536390009773
UF/sledgehammer/Hoare/smtlib.1199350.smt2,iProver,True,54.47814882699822,54.47814882699822
UF/sledgehammer/FFT/uf.804735.smt2,iProver,False,1200,2400
UF/20170428-Barrett/cdt-cade2015/nada/afp/coinductive_list/x2015_09_10_16_56_40_758_1462120.smt_in.smt2,cvc5,False,1200,2400
UF/sledgehammer/NS_Shared/uf.791750.smt2,iProver,False,1200,2400
UF/sledgehammer/TypeSafe/smtlib.983328.smt2,iProver,False,1200,2400
UF/sledgehammer/QEpres/uf.980807.smt2,cvc5,False,1200,2400
UF/sledgehammer/QEpres/uf.971087.smt2,iProver,False,1200,2400
UF/sledgehammer/NS_Shared/smtlib.592411.smt2,iProver,True,0.8338590359999216,0.8338590359999216
UF/20170428-Barrett/cdt-cade2015/nada/afp/coinductive_list/x2015_09_10_17_18_03_458_2823076.smt_in.smt2,Yices2,False,1200,2400
UF/sledgehammer/Hoare/uf.690289.smt2,iProver,True,1.8365957999994862,1.8365957999994862
UF/20170428-Barrett/cdt-cade2015/nada/afp/huffman/x2015_09_10_16_49_20_059_1176334.smt_in.smt2,cvc5,False,1200,2400
UF/sledgehammer/Hoare/uf.1106207.smt2,cvc5,False,1200,2400
UF/sledgehammer/StrongNorm/uf.740532.smt2,Yices2,True,0.2304863999961526,0.2304863999961526
UF/20170428-Barrett/cdt-cade2015/nada/distro/rbt_impl/x2015_09_10_16_52_49_235_1243609.smt_in.smt2,Yices2,False,1200,2400
UF/20170428-Barrett/cdt-cade2015/nada/afp/coinductive_list/x2015_09_10_17_07_55_336_2276229.smt_in.smt2,cvc5,False,1200,2400
UF/20170428-Barrett/cdt-cade2015/nada/afp/huffman/x2015_09_10_16_47_38_060_1063810.smt_in.smt2,Yices2,False,1200,2400
UF/sledgehammer/FFT/uf.602551.smt2,cvc5,False,1200,2400
UF/sledgehammer/FFT/uf.877627.smt2,iProver,False,1200,2400
UF/sledgehammer/TypeSafe/smtlib.718018.smt2,Yices2,False,1200,2400
UF/20170428-Barrett/cdt-cade2015/nada/afp/huffman/x2015_09_10_16_51_58_625_1346142.smt_in.smt2,Yices2,False,1200,2400
UF/sledgehammer/Arrow_Order/uf.679235.smt2,cvc5,True,481.14924806309864,481.14924806309864
UF/sledgehammer/QEpres/uf.658047.smt2,iProver,True,1.4074245979991247,1.4074245979991247
UF/sledgehammer/Hoare/uf.1116227.smt2,cvc5,True,0.4658078867942095,0.4658078867942095
UF/20170428-Barrett/cdt-cade2015/nada/afp/abstract_completeness/x2015_09_10_17_00_36_764_1105158.smt_in.smt2,Yices2,False,1200,2400
UF/sledgehammer/FFT/uf.559323.smt2,cvc5,True,0.3157574008218944,0.3157574008218944
UF/20170428-Barrett/cdt-cade2015/nada/afp/huffman/x2015_09_10_16_50_45_440_1270801.smt_in.smt2,cvc5,False,1200,2400
UF/sledgehammer/Fundamental_Theorem_Algebra/uf.1420927.smt2,iProver,False,1200,2400
UF/20170428-Barrett/cdt-cade2015/nada/afp/coinductive_list/x2015_09_10_17_00_23_157_1670461.smt_in.smt2,Yices2,False,1200,2400
UF/sledgehammer/TwoSquares/uf.621022.smt2,iProver,False,1200,2400
UF/sledgehammer/FFT/uf.707472.smt2,iProver,False,1200,2400
UF/20170428-Barrett/cdt-cade2015/nada/afp/sorted_list_operations/x2015_09_10_16_48_28_283_1115867.smt_in.smt2,Yices2,True,0.23026069199841004,0.23026069199841004
UF/sledgehammer/TypeSafe/smtlib.1218506.smt2,iProver,False,1200,2400
UF/20190906-CLEARSY/0003/00020.smt2,Yices2,True,0.3260783570003696,0.3260783570003696
UF/grasshopper/uninstantiated/find_check_heap_access_20_4.smt2,Yices2,True,1.144233601000451,1.144233601000451
UF/20170428-Barrett/cdt-cade2015/nada/afp/coinductive_list/x2015_09_10_17_00_51_125_1704771.smt_in.smt2,cvc5,False,1200,2400
UF/sledgehammer/Fundamental_Theorem_Algebra/uf.1411212.smt2,iProver,False,1200,2400
UF/sledgehammer/Hoare/uf.1073784.smt2,cvc5,False,1200,2400
UF/sledgehammer/TypeSafe/smtlib.1275657.smt2,iProver,False,1200,2400
UF/sledgehammer/TwoSquares/uf.688901.smt2,iProver,False,1200,2400
UF/sledgehammer/TypeSafe/uf.709495.smt2,cvc5,False,1200,2400
UF/sledgehammer/TypeSafe/uf.1164362.smt2,iProver,False,1200,2400
UF/sledgehammer/StrongNorm/uf.826990.smt2,cvc5,True,0.2903714890126139,0.2903714890126139
UF/20170428-Barrett/cdt-cade2015/nada/afp/coinductive_list/x2015_09_10_16_58_43_132_1572498.smt_in.smt2,cvc5,False,1200,2400
UF/sledgehammer/StrongNorm/uf.581747.smt2,iProver,False,1200,2400
UF/sledgehammer/QEpres/uf.876091.smt2,Yices2,False,1200,2400
UF/20201221-induction-by-reflection-schoisswohl/reflectiveInductive/zeroMin.smt2,iProver,True,5.450014155001554,5.450014155001554
UF/sledgehammer/TwoSquares/uf.655988.smt2,iProver,True,7.846833137000431,7.846833137000431
UF/20170428-Barrett/cdt-cade2015/nada/afp/coinductive_list/x2015_09_10_16_50_38_040_1140952.smt_in.smt2,Yices2,True,1.1215033999978914,1.1215033999978914
UF/sledgehammer/QEpres/uf.676177.smt2,cvc5,False,1200,2400
UF/20170428-Barrett/cdt-cade2015/nada/distro/gram_lang/x2015_09_10_16_48_34_473_1135517.smt_in.smt2,Yices2,True,2.4776129399979254,2.4776129399979254
UF/sledgehammer/FFT/uf.917657.smt2,iProver,False,1200,2400
UF/sledgehammer/QEpres/uf.1082153.smt2,iProver,False,1200,2400
UF/sledgehammer/Fundamental_Theorem_Algebra/uf.991564.smt2,iProver,True,3.3704753019992495,3.3704753019992495
UF/sledgehammer/Hoare/uf.1118955.smt2,cvc5,True,0.3714324270840734,0.3714324270840734
UF/sledgehammer/QEpres/uf.598602.smt2,iProver,False,1200,2400
UF/sledgehammer/StrongNorm/uf.680521.smt2,Yices2,True,0.4068977490023826,0.4068977490023826
UF/sledgehammer/FFT/uf.904748.smt2,iProver,True,0.8391083709993836,0.8391083709993836
UF/sledgehammer/StrongNorm/uf.694392.smt2,iProver,False,1200,2400
UF/sledgehammer/QEpres/uf.967575.smt2,iProver,False,1200,2400
UF/sledgehammer/TwoSquares/uf.641283.smt2,iProver,True,0.8638360580007429,0.8638360580007429
UF/20170428-Barrett/cdt-cade2015/nada/afp/huffman/x2015_09_10_16_51_13_246_1298333.smt_in.smt2,Yices2,False,1200,2400
UF/20170428-Barrett/cdt-cade2015/nada/afp/coinductive_list/x2015_09_10_17_10_32_638_2482840.smt_in.smt2,cvc5,False,1200,2400
UF/sledgehammer/FFT/uf.887860.smt2,iProver,False,1200,2400
UF/20170428-Barrett/cdt-cade2015/nada/afp/sorted_list_operations/x2015_09_10_16_48_11_685_1097766.smt_in.smt2,Yices2,True,15.480648019998625,15.480648019998625
UF/20170428-Barrett/cdt-cade2015/nada/afp/coinductive_list/x2015_09_10_16_59_29_119_1614510.smt_in.smt2,iProver,False,1200,2400
UF/20170428-Barrett/cdt-cade2015/nada/afp/huffman/x2015_09_10_16_48_14_076_1100461.smt_in.smt2,iProver,False,1200,2400
UF/sledgehammer/Fundamental_Theorem_Algebra/uf.1023140.smt2,iProver,False,1200,2400
UF/20170428-Barrett/cdt-cade2015/nada/afp/coinductive_list/x2015_09_10_17_01_28_061_1749222.smt_in.smt2,Yices2,False,1200,2400
UF/sledgehammer/Hoare/uf.1075378.smt2,iProver,False,1200,2400
UF/sledgehammer/TwoSquares/uf.752062.smt2,iProver,False,1200,2400
UF/sledgehammer/Arrow_Order/uf.554755.smt2,Yices2,True,122.6407156919995,122.6407156919995
UF/sledgehammer/Hoare/uf.1091904.smt2,cvc5,False,1200,2400
UF/sledgehammer/NS_Shared/uf.566647.smt2,iProver,False,1200,2400
UF/20170428-Barrett/cdt-cade2015/nada/afp/coinductive_list/x2015_09_10_16_59_00_183_1587972.smt_in.smt2,iProver,False,1200,2400
UF/sledgehammer/Fundamental_Theorem_Algebra/uf.558133.smt2,iProver,False,1200,2400
UF/sledgehammer/TypeSafe/uf.1369619.smt2,Yices2,False,1200,2400
UF/sledgehammer/Hoare/smtlib.1198510.smt2,iProver,True,50.933704652001325,50.933704652001325
UF/20170428-Barrett/cdt-cade2015/nada/afp/llist2/x2015_09_10_16_55_09_200_1267078.smt_in.smt2,cvc5,True,0.3045592389535159,0.3045592389535159
UF/sledgehammer/StrongNorm/uf.731611.smt2,cvc5,False,1200,2400
UF/sledgehammer/Hoare/uf.699292.smt2,iProver,False,1200,2400
UF/20170428-Barrett/cdt-cade2015/nada/distro/stream/x2015_09_10_16_49_04_586_1140768.smt_in.smt2,cvc5,False,1200,2400
UF/sledgehammer/Fundamental_Theorem_Algebra/smtlib.1497100.smt2,iProver,False,1200,2400
UF/20170428-Barrett/cdt-cade2015/nada/distro/rbt_impl/x2015_09_10_16_57_05_666_1743239.smt_in.smt2,Yices2,False,1200,2400
UF/sledgehammer/TypeSafe/uf.748408.smt2,cvc5,False,1200,2400
UF/sledgehammer/NS_Shared/uf.577518.smt2,Yices2,False,1200,2400
UF/sledgehammer/Hoare/uf.574997.smt2,iProver,True,0.8672450169997319,0.8672450169997319
UF/sledgehammer/FFT/uf.788882.smt2,iProver,False,1200,2400
UF/20170428-Barrett/cdt-cade2015/nada/afp/coinductive_list/x2015_09_10_17_18_01_561_2821918.smt_in.smt2,Yices2,False,1200,2400
UF/20170428-Barrett/cdt-cade2015/nada/distro/process/x2015_09_10_16_46_03_934_1010164.smt_in.smt2,cvc5,False,1200,2400
UF/sledgehammer/TwoSquares/uf.655707.smt2,iProver,False,1200,2400
UF/sledgehammer/Fundamental_Theorem_Algebra/uf.815756.smt2,iProver,True,0.8284202940012619,0.8284202940012619
UF/20170428-Barrett/cdt-cade2015/nada/afp/coinductive_stream/x2015_09_10_17_24_33_264_1206894.smt_in.smt2,cvc5,False,1200,2400
UF/sledgehammer/Hoare/smtlib.1171042.smt2,iProver,True,0.8996334630010097,0.8996334630010097
UF/20170428-Barrett/cdt-cade2015/nada/distro/rbt_impl/x2015_09_10_16_53_07_463_1276695.smt_in.smt2,Yices2,False,1200,2400
UF/20170428-Barrett/cdt-cade2015/nada/afp/coinductive_list/x2015_09_10_17_03_00_126_1871722.smt_in.smt2,cvc5,False,1200,2400
UF/20201221-induction-by-reflection-schoisswohl/reflectiveConjecture/currying-1.smt2,cvc5,True,0.2687201020307839,0.2687201020307839
UF/sledgehammer/QEpres/uf.734915.smt2,iProver,False,1200,2400
UF/sledgehammer/Fundamental_Theorem_Algebra/uf.629797.smt2,cvc5,True,0.33000073581933975,0.33000073581933975
UF/sledgehammer/QEpres/uf.615969.smt2,iProver,True,397.14054244100043,397.14054244100043
UF/20170428-Barrett/cdt-cade2015/nada/afp/coinductive_list/x2015_09_10_16_56_53_794_1472451.smt_in.smt2,cvc5,True,540.6574443371501,540.6574443371501
UF/20170428-Barrett/cdt-cade2015/nada/afp/coinductive_list/x2015_09_10_17_10_35_879_2486994.smt_in.smt2,Yices2,True,0.2775971539958846,0.2775971539958846
UF/20170428-Barrett/cdt-cade2015/nada/distro/stream/x2015_09_10_16_49_07_683_1145236.smt_in.smt2,Yices2,False,1200,2400
UF/sledgehammer/Arrow_Order/uf.830954.smt2,cvc5,True,0.3463182528503239,0.3463182528503239
UF/20170428-Barrett/cdt-cade2015/nada/afp/coinductive_list/x2015_09_10_16_59_08_306_1594995.smt_in.smt2,cvc5,True,541.4897980419919,541.4897980419919
UF/wintersteiger/fmsd13/fixpoint/small-bug1-fixpoint-1.smt2,Yices2,True,0.21105188499495853,0.21105188499495853
UF/20170428-Barrett/cdt-cade2015/nada/afp/coinductive_list/x2015_09_10_17_10_22_682_2470726.smt_in.smt2,Yices2,False,1200,2400
UF/sledgehammer/Fundamental_Theorem_Algebra/uf.711399.smt2,iProver,True,541.1743244830013,541.1743244830013
UF/20170428-Barrett/cdt-cade2015/nada/distro/gram_lang/x2015_09_10_16_46_36_825_1008341.smt_in.smt2,Yices2,False,1200,2400
UF/sledgehammer/Fundamental_Theorem_Algebra/uf.1414475.smt2,iProver,True,0.8299246409987973,0.8299246409987973
UF/20170428-Barrett/cdt-cade2015/nada/afp/huffman/x2015_09_10_16_51_53_457_1340938.smt_in.smt2,Yices2,False,1200,2400
UF/sledgehammer/StrongNorm/uf.588301.smt2,iProver,False,1200,2400
UF/sledgehammer/Arrow_Order/uf.786124.smt2,Yices2,True,0.31340864499725285,0.31340864499725285
UF/20170428-Barrett/cdt-cade2015/nada/distro/rbt_impl/x2015_09_10_16_52_03_445_1165936.smt_in.smt2,Yices2,True,0.7416739919935935,0.7416739919935935
UF/20170428-Barrett/cdt-cade2015/nada/distro/stream/x2015_09_10_16_48_31_553_1101137.smt_in.smt2,cvc5,False,1200,2400
UF/20170428-Barrett/cdt-cade2015/nada/gandl/bird_tree/x2015_09_10_16_54_36_387_1015919.smt_in.smt2,cvc5,False,1200,2400
UF/sledgehammer/Fundamental_Theorem_Algebra/uf.647371.smt2,cvc5,False,1200,2400
UF/sledgehammer/NS_Shared/uf.798211.smt2,iProver,False,1200,2400
UF/sledgehammer/FFT/uf.841739.smt2,iProver,False,1200,2400
UF/sledgehammer/Hoare/uf.850362.smt2,iProver,False,1200,2400
UF/wintersteiger/fmsd13/fixpoint/small-bug1-fixpoint-3.smt2,Yices2,True,0.21342806800385006,0.21342806800385006
UF/20170428-Barrett/cdt-cade2015/nada/afp/coinductive_list/x2015_09_10_16_57_31_030_1508489.smt_in.smt2,cvc5,True,90.39138193707913,90.39138193707913
UF/sledgehammer/Arrow_Order/uf.843193.smt2,iProver,False,1200,2400
UF/sledgehammer/FFT/uf.643487.smt2,iProver,True,129.95777118800106,129.95777118800106
UF/sledgehammer/Hoare/uf.1108769.smt2,cvc5,True,0.3712629990186542,0.3712629990186542
UF/20170428-Barrett/cdt-cade2015/nada/afp/coinductive_list/x2015_09_10_17_16_15_318_2761376.smt_in.smt2,Yices2,False,1200,2400
UF/sledgehammer/TwoSquares/uf.661364.smt2,iProver,True,0.8968553300001076,0.8968553300001076
UF/sledgehammer/FFT/uf.636327.smt2,iProver,False,1200,2400
UF/sledgehammer/TypeSafe/uf.1192738.smt2,iProver,True,79.9574831860009,79.9574831860009
UF/sledgehammer/Hoare/uf.615090.smt2,cvc5,True,0.34178959485143423,0.34178959485143423
UF/grasshopper/instantiated/dl_copy_postcondition_of_dl_copy_37_1.smt2,cvc5,True,0.3296030289493501,0.3296030289493501
UF/20170428-Barrett/cdt-cade2015/nada/afp/coinductive_list/x2015_09_10_17_03_08_413_1883335.smt_in.smt2,Yices2,False,1200,2400
UF/sledgehammer/Fundamental_Theorem_Algebra/uf.1305911.smt2,iProver,False,1200,2400
UF/sledgehammer/TypeSafe/uf.727879.smt2,cvc5,False,1200,2400
UF/sledgehammer/TwoSquares/uf.592016.smt2,iProver,True,0.828845027999705,0.828845027999705
UF/sledgehammer/StrongNorm/uf.803523.smt2,iProver,False,1200,2400
UF/sledgehammer/NS_Shared/smtlib.835033.smt2,iProver,True,218.05777892699916,218.05777892699916
UF/20170428-Barrett/cdt-cade2015/nada/afp/coinductive_list/x2015_09_10_17_04_50_635_2022913.smt_in.smt2,cvc5,False,1200,2400
UF/sledgehammer/NS_Shared/smtlib.603925.smt2,iProver,False,1200,2400
UF/sledgehammer/NS_Shared/smtlib.891082.smt2,iProver,False,1200,2400
UF/sledgehammer/QEpres/uf.975343.smt2,Yices2,False,1200,2400
UF/20170428-Barrett/cdt-cade2015/nada/afp/coinductive_stream/x2015_09_10_17_22_48_740_1110032.smt_in.smt2,cvc5,False,1200,2400
UF/sledgehammer/Fundamental_Theorem_Algebra/uf.808186.smt2,iProver,True,0.8519980180026323,0.8519980180026323
UF/sledgehammer/TypeSafe/uf.906410.smt2,iProver,False,1200,2400
UF/sledgehammer/FFT/uf.572233.smt2,cvc5,True,0.4003644990734756,0.4003644990734756
UF/sledgehammer/NS_Shared/smtlib.617637.smt2,iProver,False,1200,2400
UF/sledgehammer/Hoare/uf.775346.smt2,cvc5,True,0.43004304892383516,0.43004304892383516
UF/sledgehammer/Hoare/uf.763696.smt2,cvc5,False,1200,2400
UF/20170428-Barrett/cdt-cade2015/nada/distro/gram_lang/x2015_09_10_16_54_15_106_1464600.smt_in.smt2,cvc5,True,0.3514235329348594,0.3514235329348594
UF/sledgehammer/Fundamental_Theorem_Algebra/uf.1439764.smt2,iProver,False,1200,2400
UF/sledgehammer/QEpres/uf.1063608.smt2,iProver,False,1200,2400
UF/20170428-Barrett/cdt-cade2015/nada/afp/coinductive_list/x2015_09_10_16_50_34_165_1137873.smt_in.smt2,Yices2,False,1200,2400
UF/sledgehammer/TwoSquares/uf.640720.smt2,cvc5,True,0.8435687858145684,0.8435687858145684
UF/sledgehammer/NS_Shared/uf.784701.smt2,iProver,False,1200,2400
UF/sledgehammer/TwoSquares/uf.589631.smt2,iProver,False,1200,2400
UF/20170428-Barrett/cdt-cade2015/nada/afp/abstract_completeness/x2015_09_10_17_00_26_649_1094305.smt_in.smt2,cvc5,True,541.1358097319026,541.1358097319026
UF/sledgehammer/Fundamental_Theorem_Algebra/uf.928051.smt2,Yices2,False,1200,2400
UF/20170428-Barrett/cdt-cade2015/nada/afp/coinductive_list/x2015_09_10_17_20_08_750_2910785.smt_in.smt2,Yices2,False,1200,2400
UF/sledgehammer/Hoare/uf.985710.smt2,cvc5,False,1200,2400
UF/20170428-Barrett/cdt-cade2015/nada/afp/coinductive_list/x2015_09_10_17_05_59_203_2114628.smt_in.smt2,Yices2,False,1200,2400
UF/20170428-Barrett/cdt-cade2015/nada/afp/koenigslemma/x2015_09_10_16_53_17_179_1125560.smt_in.smt2,cvc5,False,1200,2400
UF/sledgehammer/TypeSafe/uf.1090749.smt2,Yices2,False,1200,2400
UF/sledgehammer/NS_Shared/smtlib.857476.smt2,iProver,False,1200,2400
UF/sledgehammer/FFT/uf.570035.smt2,iProver,False,1200,2400
UF/sledgehammer/Hoare/uf.690390.smt2,iProver,True,0.843285602000833,0.843285602000833
UF/sledgehammer/TypeSafe/smtlib.1434920.smt2,cvc5,True,0.46786955604329705,0.46786955604329705
UF/20170428-Barrett/cdt-cade2015/nada/afp/coinductive_list/x2015_09_10_17_15_52_798_2750129.smt_in.smt2,cvc5,False,1200,2400
UF/sledgehammer/Fundamental_Theorem_Algebra/uf.615837.smt2,cvc5,True,0.2825533670838922,0.2825533670838922
UF/20170428-Barrett/cdt-cade2015/nada/afp/coinductive_stream/x2015_09_10_17_24_44_326_1214655.smt_in.smt2,cvc5,True,0.617399926064536,0.617399926064536
UF/sledgehammer/FFT/uf.671813.smt2,iProver,False,1200,2400
UF/sledgehammer/Fundamental_Theorem_Algebra/uf.1338248.smt2,iProver,False,1200,2400
UF/20170428-Barrett/cdt-cade2015/nada/gandl/stern_brocot_tree/x2015_09_10_16_52_51_907_1137091.smt_in.smt2,iProver,False,1200,2400
UF/sledgehammer/TwoSquares/uf.738828.smt2,iProver,True,3.8835909749996063,3.8835909749996063
UF/sledgehammer/TypeSafe/smtlib.1348248.smt2,iProver,False,1200,2400
UF/sledgehammer/FFT/uf.593969.smt2,iProver,True,0.8916670819999126,0.8916670819999126
UF/sledgehammer/NS_Shared/uf.698418.smt2,iProver,False,1200,2400
UF/20170428-Barrett/cdt-cade2015/nada/afp/coinductive_list/x2015_09_10_16_53_40_566_1302633.smt_in.smt2,cvc5,False,1200,2400
UF/sledgehammer/FFT/uf.648663.smt2,iProver,False,1200,2400
UF/sledgehammer/TwoSquares/uf.692952.smt2,iProver,False,1200,2400
UF/20170428-Barrett/cdt-cade2015/nada/afp/huffman/x2015_09_10_16_46_17_382_976045.smt_in.smt2,Yices2,False,1200,2400
UF/20170428-Barrett/cdt-cade2015/nada/afp/coinductive_list/x2015_09_10_16_50_48_249_1149851.smt_in.smt2,cvc5,True,0.31283401511609554,0.31283401511609554
UF/sledgehammer/QEpres/uf.734480.smt2,iProver,False,1200,2400
UF/20170428-Barrett/cdt-cade2015/nada/gandl/bird_tree/x2015_09_10_16_54_41_515_1022759.smt_in.smt2,cvc5,False,1200,2400
UF/20170428-Barrett/cdt-cade2015/nada/afp/coinductive_list/x2015_09_10_17_03_01_249_1873353.smt_in.smt2,cvc5,False,1200,2400
UF/20170428-Barrett/cdt-cade2015/nada/afp/coinductive_list/x2015_09_10_17_18_56_849_2855724.smt_in.smt2,Yices2,False,1200,2400
UF/20170428-Barrett/cdt-cade2015/nada/distro/koenig/x2015_09_10_16_45_04_081_1008991.smt_in.smt2,iProver,False,1200,2400
UF/sledgehammer/QEpres/uf.577187.smt2,iProver,False,1200,2400
UF/20170428-Barrett/cdt-cade2015/nada/afp/tllist/x2015_09_10_16_59_17_069_1264040.smt_in.smt2,cvc5,True,541.0498040879611,541.0498040879611
UF/sledgehammer/StrongNorm/uf.813324.smt2,Yices2,False,1200,2400
UF/sledgehammer/Hoare/uf.685068.smt2,iProver,False,1200,2400
UF/20170428-Barrett/cdt-cade2015/nada/distro/rbt_impl/x2015_09_10_16_56_26_416_1673394.smt_in.smt2,Yices2,False,1200,2400
UF/20170428-Barrett/cdt-cade2015/nada/afp/coinductive_list/x2015_09_10_17_11_23_791_2547852.smt_in.smt2,cvc5,False,1200,2400
UF/sledgehammer/QEpres/uf.787822.smt2,iProver,True,1.3710611739988963,1.3710611739988963
UF/sledgehammer/QEpres/uf.592134.smt2,iProver,False,1200,2400
UF/sledgehammer/Fundamental_Theorem_Algebra/smtlib.1247489.smt2,iProver,False,1200,2400
UF/sledgehammer/Arrow_Order/uf.793778.smt2,cvc5,True,550.7477131600026,550.7477131600026
UF/sledgehammer/TypeSafe/smtlib.1274654.smt2,iProver,False,1200,2400
UF/20170428-Barrett/cdt-cade2015/nada/afp/coinductive_list/x2015_09_10_16_51_18_298_1177314.smt_in.smt2,Yices2,False,1200,2400
UF/20170428-Barrett/cdt-cade2015/nada/afp/splay_tree_analysis/x2015_09_10_16_57_58_490_1153963.smt_in.smt2,cvc5,True,30.357717813923955,30.357717813923955
UF/20170428-Barrett/cdt-cade2015/nada/afp/coinductive_list/x2015_09_10_17_07_35_002_2247287.smt_in.smt2,Yices2,False,1200,2400
UF/sledgehammer/TypeSafe/uf.702789.smt2,cvc5,False,1200,2400
UF/sledgehammer/NS_Shared/smtlib.772711.smt2,iProver,False,1200,2400
UF/sledgehammer/TypeSafe/uf.897555.smt2,Yices2,False,1200,2400
UF/20170428-Barrett/cdt-cade2015/nada/afp/huffman/x2015_09_10_16_49_08_612_1164629.smt_in.smt2,cvc5,False,1200,2400
UF/sledgehammer/TypeSafe/uf.794285.smt2,cvc5,False,1200,2400
UF/sledgehammer/Fundamental_Theorem_Algebra/uf.790950.smt2,cvc5,False,1200,2400
UF/20170428-Barrett/cdt-cade2015/nada/distro/rbt_impl/x2015_09_10_16_50_31_561_1040763.smt_in.smt2,Yices2,False,1200,2400
UF/sledgehammer/FFT/uf.869107.smt2,iProver,False,1200,2400
UF/sledgehammer/Fundamental_Theorem_Algebra/uf.1333196.smt2,iProver,False,1200,2400
UF/20170428-Barrett/cdt-cade2015/nada/afp/huffman/x2015_09_10_16_48_40_600_1130261.smt_in.smt2,iProver,False,1200,2400
UF/20170428-Barrett/cdt-cade2015/nada/distro/gram_lang/x2015_09_10_16_54_59_280_1506747.smt_in.smt2,Yices2,False,1200,2400
UF/sledgehammer/FFT/uf.674484.smt2,iProver,False,1200,2400
UF/sledgehammer/Fundamental_Theorem_Algebra/smtlib.716997.smt2,iProver,False,1200,2400
UF/sledgehammer/Hoare/uf.822446.smt2,iProver,False,1200,2400
UF/sledgehammer/Fundamental_Theorem_Algebra/uf.1306846.smt2,iProver,True,1.3681985669973074,1.3681985669973074
UF/sledgehammer/TypeSafe/smtlib.1262603.smt2,iProver,False,1200,2400
UF/20190906-CLEARSY/0016/00769.smt2,Yices2,True,0.21602641999925254,0.21602641999925254
UF/20170428-Barrett/cdt-cade2015/nada/gandl/cotree/x2015_09_10_16_50_45_438_1077294.smt_in.smt2,cvc5,False,1200,2400
UF/20170428-Barrett/cdt-cade2015/nada/distro/rbt_impl/x2015_09_10_17_00_04_506_1961807.smt_in.smt2,Yices2,False,1200,2400
UF/sledgehammer/Fundamental_Theorem_Algebra/uf.809759.smt2,Yices2,True,0.5066111519990955,0.5066111519990955
UF/sledgehammer/TwoSquares/uf.630528.smt2,cvc5,False,1200,2400
UF/sledgehammer/QEpres/uf.1087581.smt2,iProver,True,0.8411676899995655,0.8411676899995655
UF/sledgehammer/FFT/uf.631170.smt2,iProver,False,1200,2400
UF/20170428-Barrett/cdt-cade2015/nada/afp/hamming_stream/x2015_09_10_16_47_36_763_1068638.smt_in.smt2,Yices2,False,1200,2400
UF/20170428-Barrett/cdt-cade2015/nada/afp/coinductive_list/x2015_09_10_17_06_35_103_2166796.smt_in.smt2,Yices2,True,0.2203812640000251,0.2203812640000251
UF/sledgehammer/QEpres/uf.1116800.smt2,cvc5,False,1200,2400
UF/sledgehammer/Arrow_Order/uf.810032.smt2,cvc5,True,146.4498968939297,146.4498968939297
UF/sledgehammer/Arrow_Order/uf.558950.smt2,iProver,True,0.861640510000143,0.861640510000143
UF/sledgehammer/FFT/uf.719083.smt2,iProver,False,1200,2400
UF/sledgehammer/Hoare/uf.1055865.smt2,cvc5,False,1200,2400
UF/20170428-Barrett/cdt-cade2015/nada/afp/coinductive_stream/x2015_09_10_17_22_27_599_1091446.smt_in.smt2,cvc5,True,391.0826554829255,391.0826554829255
UF/20170428-Barrett/cdt-cade2015/nada/gandl/cotree/x2015_09_10_16_50_38_757_1068919.smt_in.smt2,cvc5,True,0.46744243102148175,0.46744243102148175
UF/sledgehammer/TypeSafe/uf.968744.smt2,cvc5,True,106.4569975710474,106.4569975710474
UF/sledgehammer/FFT/uf.706467.smt2,cvc5,False,1200,2400
UF/20170428-Barrett/cdt-cade2015/nada/afp/huffman/x2015_09_10_16_50_35_287_1259792.smt_in.smt2,cvc5,True,0.6362841029185802,0.6362841029185802
UF/sledgehammer/Fundamental_Theorem_Algebra/uf.1386495.smt2,cvc5,True,0.26852013100869954,0.26852013100869954
UF/sledgehammer/Fundamental_Theorem_Algebra/uf.1218082.smt2,iProver,True,239.52716974400028,239.52716974400028
UF/sledgehammer/QEpres/uf.1009443.smt2,iProver,False,1200,2400
UF/sledgehammer/Fundamental_Theorem_Algebra/uf.727280.smt2,iProver,False,1200,2400
UF/sledgehammer/Fundamental_Theorem_Algebra/uf.969228.smt2,iProver,True,1.4140647140011424,1.4140647140011424
UF/sledgehammer/NS_Shared/uf.599001.smt2,cvc5,False,1200,2400
UF/sledgehammer/QEpres/uf.787169.smt2,Yices2,False,1200,2400
UF/sledgehammer/NS_Shared/smtlib.883352.smt2,iProver,False,1200,2400
UF/sledgehammer/QEpres/uf.799398.smt2,iProver,False,1200,2400
UF/sledgehammer/TwoSquares/uf.812258.smt2,iProver,True,1.3682658199995785,1.3682658199995785
UF/sledgehammer/FFT/uf.653570.smt2,cvc5,False,1200,2400
UF/20170428-Barrett/cdt-cade2015/nada/distro/rbt_impl/x2015_09_10_16_51_42_659_1137578.smt_in.smt2,Yices2,True,6.121560236002551,6.121560236002551
UF/20201221-induction-by-reflection-schoisswohl/reflectiveInductive/addMonoton-0.smt2,iProver,False,1200,2400
UF/sledgehammer/Fundamental_Theorem_Algebra/uf.842941.smt2,Yices2,False,1200,2400
UF/20170428-Barrett/cdt-cade2015/nada/afp/coinductive_list/x2015_09_10_16_59_25_563_1611000.smt_in.smt2,cvc5,True,1.38775679981336,1.38775679981336
UF/sledgehammer/TypeSafe/smtlib.1374907.smt2,cvc5,False,1200,2400
UF/sledgehammer/Fundamental_Theorem_Algebra/uf.731041.smt2,iProver,True,180.56437935699978,180.56437935699978
UF/sledgehammer/Fundamental_Theorem_Algebra/uf.917482.smt2,cvc5,True,0.29444185411557555,0.29444185411557555
UF/sledgehammer/QEpres/uf.976881.smt2,iProver,False,1200,2400
UF/20170428-Barrett/cdt-cade2015/nada/afp/coinductive_stream/x2015_09_10_17_23_43_048_1162912.smt_in.smt2,cvc5,False,1200,2400
UF/sledgehammer/FFT/uf.676443.smt2,cvc5,False,1200,2400
UF/sledgehammer/Fundamental_Theorem_Algebra/uf.962621.smt2,iProver,False,1200,2400
UF/20170428-Barrett/cdt-cade2015/nada/distro/gram_lang/x2015_09_10_16_53_54_292_1447222.smt_in.smt2,Yices2,True,0.45163649700407404,0.45163649700407404
UF/sledgehammer/TypeSafe/uf.793278.smt2,Yices2,False,1200,2400
UF/sledgehammer/TwoSquares/uf.686937.smt2,iProver,True,0.8904961630014441,0.8904961630014441
UF/sledgehammer/FFT/uf.844974.smt2,iProver,False,1200,2400
UF/20170428-Barrett/cdt-cade2015/nada/afp/hamming_stream/x2015_09_10_16_47_59_273_1086494.smt_in.smt2,cvc5,False,1200,2400
UF/sledgehammer/Hoare/uf.710176.smt2,cvc5,True,0.376520907972008,0.376520907972008
UF/sledgehammer/QEpres/uf.1152359.smt2,Yices2,False,1200,2400
UF/20170428-Barrett/cdt-cade2015/nada/distro/gram_lang/x2015_09_10_16_55_16_560_1525673.smt_in.smt2,Yices2,False,1200,2400
UF/20170428-Barrett/cdt-cade2015/nada/distro/rbt_impl/x2015_09_10_16_49_57_120_997152.smt_in.smt2,iProver,False,1200,2400
UF/sledgehammer/Arrow_Order/uf.848427.smt2,cvc5,False,1200,2400
UF/sledgehammer/Arrow_Order/uf.788479.smt2,cvc5,False,1200,2400
UF/sledgehammer/Arrow_Order/smtlib.623106.smt2,cvc5,False,1200,2400
UF/20170428-Barrett/cdt-cade2015/nada/afp/coinductive_list/x2015_09_10_17_18_52_428_2853527.smt_in.smt2,cvc5,False,1200,2400
UF/sledgehammer/Fundamental_Theorem_Algebra/uf.1421601.smt2,iProver,False,1200,2400
UF/sledgehammer/Hoare/uf.814641.smt2,iProver,True,2.8805174799999804,2.8805174799999804
UF/sledgehammer/TypeSafe/uf.758388.smt2,cvc5,False,1200,2400
UF/20170428-Barrett/cdt-cade2015/nada/distro/rbt_impl/x2015_09_10_17_00_03_461_1960344.smt_in.smt2,cvc5,False,1200,2400
UF/20170428-Barrett/cdt-cade2015/nada/distro/stream/x2015_09_10_16_47_30_867_1036798.smt_in.smt2,cvc5,False,1200,2400
UF/20170428-Barrett/cdt-cade2015/nada/afp/abstract_completeness/x2015_09_10_17_01_00_441_1132634.smt_in.smt2,cvc5,True,0.39535009395331144,0.39535009395331144
UF/sledgehammer/NS_Shared/smtlib.611354.smt2,iProver,False,1200,2400
UF/sledgehammer/Arrow_Order/uf.714038.smt2,Yices2,False,1200,2400
UF/20170428-Barrett/cdt-cade2015/nada/distro/rbt_impl/x2015_09_10_16_51_33_488_1124777.smt_in.smt2,Yices2,False,1200,2400
UF/sledgehammer/Hoare/uf.904235.smt2,iProver,True,74.44579533900105,74.44579533900105
UF/sledgehammer/Hoare/uf.725439.smt2,iProver,False,1200,2400
UF/20201221-induction-by-reflection-schoisswohl/reflectiveConjecture/contraposition-1.smt2,cvc5,True,0.23609951604157686,0.23609951604157686
UF/20170428-Barrett/cdt-cade2015/nada/afp/hamming_stream/x2015_09_10_16_49_08_984_1138184.smt_in.smt2,iProver,False,1200,2400
UF/sledgehammer/StrongNorm/uf.758566.smt2,iProver,False,1200,2400
UF/20170428-Barrett/cdt-cade2015/nada/distro/gram_lang/x2015_09_10_16_53_45_327_1439539.smt_in.smt2,cvc5,False,1200,2400
UF/sledgehammer/QEpres/uf.850857.smt2,Yices2,False,1200,2400
UF/20170428-Barrett/cdt-cade2015/nada/distro/gram_lang/x2015_09_10_16_52_12_709_1352457.smt_in.smt2,Yices2,True,0.23635207699771854,0.23635207699771854
UF/20170428-Barrett/cdt-cade2015/nada/gandl/cotree/x2015_09_10_16_50_32_377_1061137.smt_in.smt2,Yices2,False,1200,2400
UF/20170428-Barrett/cdt-cade2015/nada/distro/gram_lang/x2015_09_10_16_46_31_593_1002807.smt_in.smt2,Yices2,False,1200,2400
UF/sledgehammer/StrongNorm/uf.725915.smt2,Yices2,False,1200,2400
UF/20170428-Barrett/cdt-cade2015/nada/afp/abstract_completeness/x2015_09_10_17_00_31_493_1099778.smt_in.smt2,cvc5,True,0.32015286618843675,0.32015286618843675
UF/sledgehammer/QEpres/uf.757404.smt2,cvc5,True,593.9097216730006,593.9097216730006
UF/sledgehammer/Fundamental_Theorem_Algebra/uf.566938.smt2,iProver,False,1200,2400
UF/sledgehammer/Hoare/uf.780666.smt2,iProver,False,1200,2400
UF/20170428-Barrett/cdt-cade2015/nada/distro/gram_lang/x2015_09_10_16_49_12_928_1182680.smt_in.smt2,Yices2,False,1200,2400
UF/20190906-CLEARSY/0016/00649.smt2,Yices2,True,0.2536877579987049,0.2536877579987049
UF/sledgehammer/Fundamental_Theorem_Algebra/uf.1330951.smt2,iProver,False,1200,2400
UF/misc/set9.smt2,iProver,True,0.849347684001259,0.849347684001259
UF/sledgehammer/TwoSquares/uf.612429.smt2,iProver,False,1200,2400
UF/sledgehammer/TypeSafe/uf.953935.smt2,iProver,False,1200,2400
UF/sledgehammer/Arrow_Order/smtlib.657312.smt2,cvc5,True,37.0094998141285,37.0094998141285
UF/20190906-CLEARSY/0001/00111.smt2,cvc5,True,598.7278063979466,598.7278063979466
UF/20170428-Barrett/cdt-cade2015/nada/distro/rbt_impl/x2015_09_10_16_56_27_474_1675117.smt_in.smt2,cvc5,True,120.72937872284092,120.72937872284092
UF/sledgehammer/Fundamental_Theorem_Algebra/uf.966472.smt2,iProver,False,1200,2400
UF/sledgehammer/TypeSafe/uf.753917.smt2,cvc5,False,1200,2400
UF/sledgehammer/TwoSquares/uf.633407.smt2,cvc5,False,1200,2400
UF/20170428-Barrett/cdt-cade2015/nada/distro/parallel/x2015_09_10_16_56_45_135_1011428.smt_in.smt2,Yices2,False,1200,2400
UF/sledgehammer/Fundamental_Theorem_Algebra/uf.1303561.smt2,iProver,False,1200,2400
UF/sledgehammer/Hoare/uf.783555.smt2,cvc5,True,7.970453263958916,7.970453263958916
UF/sledgehammer/FFT/uf.679392.smt2,iProver,False,1200,2400
UF/20170428-Barrett/cdt-cade2015/nada/gandl/bird_tree/x2015_09_10_16_54_56_445_1039420.smt_in.smt2,cvc5,False,1200,2400
UF/20170428-Barrett/cdt-cade2015/nada/afp/coinductive_list/x2015_09_10_17_04_48_441_2020466.smt_in.smt2,cvc5,False,1200,2400
UF/sledgehammer/TypeSafe/uf.1003498.smt2,Yices2,False,1200,2400
UF/20170428-Barrett/cdt-cade2015/nada/distro/rbt_impl/x2015_09_10_16_57_02_399_1739759.smt_in.smt2,cvc5,False,1200,2400
UF/20170428-Barrett/cdt-cade2015/nada/afp/tllist/x2015_09_10_17_00_20_307_1342546.smt_in.smt2,Yices2,False,1200,2400
UF/20170428-Barrett/cdt-cade2015/nada/distro/rbt_impl/x2015_09_10_16_51_01_077_1074455.smt_in.smt2,Yices2,False,1200,2400
UF/20170428-Barrett/cdt-cade2015/nada/gandl/stern_brocot_tree/x2015_09_10_16_51_17_913_1051015.smt_in.smt2,Yices2,False,1200,2400
UF/20170428-Barrett/cdt-cade2015/nada/afp/coinductive_list/x2015_09_10_17_06_45_689_2180424.smt_in.smt2,Yices2,False,1200,2400
UF/20170428-Barrett/cdt-cade2015/nada/distro/gram_lang/x2015_09_10_16_55_21_695_1531241.smt_in.smt2,cvc5,False,1200,2400
UF/20170428-Barrett/cdt-cade2015/nada/afp/coinductive_list/x2015_09_10_17_00_55_254_1709896.smt_in.smt2,Yices2,False,1200,2400
UF/sledgehammer/FFT/uf.835477.smt2,iProver,False,1200,2400
UF/sledgehammer/StrongNorm/uf.727547.smt2,iProver,True,0.8275414840009034,0.8275414840009034
UF/20170428-Barrett/cdt-cade2015/nada/afp/coinductive_list/x2015_09_10_16_59_24_335_1609750.smt_in.smt2,cvc5,True,0.3084378489293158,0.3084378489293158
UF/20170428-Barrett/cdt-cade2015/nada/afp/coinductive_list/x2015_09_10_17_02_45_227_1852044.smt_in.smt2,cvc5,False,1200,2400
UF/sledgehammer/Fundamental_Theorem_Algebra/uf.805296.smt2,iProver,True,0.8524568020002334,0.8524568020002334
UF/20170428-Barrett/cdt-cade2015/nada/afp/coinductive_list/x2015_09_10_17_16_33_756_2771052.smt_in.smt2,cvc5,True,0.4747387559618801,0.4747387559618801
UF/sledgehammer/FFT/uf.786539.smt2,iProver,False,1200,2400
UF/sledgehammer/TypeSafe/uf.900384.smt2,iProver,False,1200,2400
UF/sledgehammer/QEpres/uf.879757.smt2,cvc5,False,1200,2400
UF/20170428-Barrett/cdt-cade2015/nada/gandl/stern_brocot_tree/x2015_09_10_16_51_51_040_1076427.smt_in.smt2,cvc5,False,1200,2400
UF/sledgehammer/NS_Shared/uf.570833.smt2,iProver,False,1200,2400
UF/20170428-Barrett/cdt-cade2015/nada/distro/rbt_impl/x2015_09_10_16_59_33_904_1922037.smt_in.smt2,cvc5,False,1200,2400
UF/sledgehammer/Fundamental_Theorem_Algebra/uf.633046.smt2,iProver,False,1200,2400
UF/20170428-Barrett/cdt-cade2015/nada/afp/coinductive_list/x2015_09_10_17_12_25_432_2628683.smt_in.smt2,cvc5,True,0.40668972791172564,0.40668972791172564
UF/20170428-Barrett/cdt-cade2015/nada/afp/coinductive_list/x2015_09_10_17_10_44_659_2497660.smt_in.smt2,Yices2,False,1200,2400
UF/sledgehammer/TypeSafe/uf.780360.smt2,Yices2,False,1200,2400
UF/sledgehammer/QEpres/uf.982274.smt2,iProver,True,0.8686737040006847,0.8686737040006847
UF/sledgehammer/NS_Shared/smtlib.658812.smt2,iProver,False,1200,2400
UF/20170428-Barrett/cdt-cade2015/nada/distro/gram_lang/x2015_09_10_16_52_28_740_1368389.smt_in.smt2,cvc5,False,1200,2400
UF/sledgehammer/Fundamental_Theorem_Algebra/uf.1040728.smt2,iProver,False,1200,2400
UF/20170428-Barrett/cdt-cade2015/nada/distro/rbt_impl/x2015_09_10_16_58_51_174_1854278.smt_in.smt2,Yices2,False,1200,2400
UF/sledgehammer/QEpres/uf.752980.smt2,cvc5,False,1200,2400
UF/20170428-Barrett/cdt-cade2015/nada/gandl/cotree/x2015_09_10_16_50_57_950_1094186.smt_in.smt2,cvc5,False,1200,2400
UF/sledgehammer/NS_Shared/smtlib.732816.smt2,iProver,False,1200,2400
UF/20190906-CLEARSY/0023/00302.smt2,iProver,True,4.381056163001631,4.381056163001631
UF/sledgehammer/Fundamental_Theorem_Algebra/uf.687986.smt2,iProver,True,0.8455232929991325,0.8455232929991325
UF/20170428-Barrett/cdt-cade2015/nada/afp/abstract_completeness/x2015_09_10_17_00_59_244_1131248.smt_in.smt2,Yices2,False,1200,2400
UF/sledgehammer/Fundamental_Theorem_Algebra/uf.1100041.smt2,cvc5,False,1200,2400
UF/grasshopper/instantiated/rec_dispose_postcondition_of_rec_dispose_17_19.smt2,cvc5,True,0.30737630114890635,0.30737630114890635
UF/20170428-Barrett/cdt-cade2015/nada/afp/coinductive_list/x2015_09_10_17_06_15_663_2137044.smt_in.smt2,cvc5,False,1200,2400
UF/sledgehammer/QEpres/uf.822801.smt2,iProver,False,1200,2400
UF/20170428-Barrett/cdt-cade2015/nada/afp/coinductive_stream/x2015_09_10_17_22_37_160_1099325.smt_in.smt2,cvc5,False,1200,2400
UF/20170428-Barrett/cdt-cade2015/nada/gandl/cotree/x2015_09_10_16_50_54_020_1089156.smt_in.smt2,cvc5,False,1200,2400
UF/sledgehammer/QEpres/uf.1153860.smt2,iProver,False,1200,2400
UF/grasshopper/uninstantiated/rec_insert_postcondition_of_rec_insert_25_6.smt2,iProver,True,0.844227884997963,0.844227884997963
UF/sledgehammer/QEpres/uf.877562.smt2,iProver,False,1200,2400
UF/20170428-Barrett/cdt-cade2015/nada/distro/gram_lang/x2015_09_10_16_47_03_815_1038437.smt_in.smt2,cvc5,False,1200,2400
UF/sledgehammer/TwoSquares/uf.688127.smt2,iProver,False,1200,2400
UF/20170428-Barrett/cdt-cade2015/nada/afp/coinductive_list/x2015_09_10_16_55_57_150_1428229.smt_in.smt2,Yices2,False,1200,2400
UF/sledgehammer/Fundamental_Theorem_Algebra/uf.837627.smt2,iProver,True,1.3559272260026773,1.3559272260026773
UF/sledgehammer/Fundamental_Theorem_Algebra/uf.908647.smt2,iProver,False,1200,2400
UF/20170428-Barrett/cdt-cade2015/nada/afp/tllist/x2015_09_10_16_59_14_364_1260856.smt_in.smt2,Yices2,False,1200,2400
UF/sledgehammer/TwoSquares/uf.775859.smt2,iProver,False,1200,2400
UF/sledgehammer/Arrow_Order/uf.734845.smt2,cvc5,True,0.467500485945493,0.467500485945493
UF/20170428-Barrett/cdt-cade2015/nada/distro/stream/x2015_09_10_16_46_52_587_993366.smt_in.smt2,Yices2,False,1200,2400
UF/20170428-Barrett/cdt-cade2015/nada/distro/rbt_impl/x2015_09_10_16_54_41_984_1451140.smt_in.smt2,cvc5,False,1200,2400
UF/sledgehammer/FFT/uf.835270.smt2,iProver,False,1200,2400
UF/sledgehammer/Arrow_Order/uf.764935.smt2,Yices2,True,226.34675835899543,226.34675835899543
UF/sledgehammer/Hoare/uf.1067340.smt2,iProver,False,1200,2400
UF/sledgehammer/StrongNorm/uf.823014.smt2,cvc5,True,0.3721112369094044,0.3721112369094044
UF/20170428-Barrett/cdt-cade2015/nada/afp/sorted_list_operations/x2015_09_10_16_47_30_525_1056461.smt_in.smt2,cvc5,False,1200,2400
UF/20170428-Barrett/cdt-cade2015/nada/distro/stream/x2015_09_10_16_46_47_051_985602.smt_in.smt2,cvc5,False,1200,2400
UF/sledgehammer/TwoSquares/uf.688824.smt2,iProver,False,1200,2400
UF/20170428-Barrett/cdt-cade2015/nada/distro/gram_lang/x2015_09_10_16_55_15_493_1524355.smt_in.smt2,Yices2,False,1200,2400
UF/20170428-Barrett/cdt-cade2015/nada/afp/huffman/x2015_09_10_16_46_18_382_977541.smt_in.smt2,Yices2,False,1200,2400
UF/sledgehammer/TypeSafe/smtlib.1261936.smt2,iProver,False,1200,2400
UF/20170428-Barrett/cdt-cade2015/nada/gandl/stern_brocot_tree/x2015_09_10_16_53_45_009_1183314.smt_in.smt2,cvc5,False,1200,2400
UF/20170428-Barrett/cdt-cade2015/nada/distro/rbt_impl/x2015_09_10_16_57_30_300_1767458.smt_in.smt2,iProver,False,1200,2400
UF/sledgehammer/TwoSquares/uf.639132.smt2,iProver,True,2.4090641809998488,2.4090641809998488
UF/20170428-Barrett/cdt-cade2015/nada/afp/coinductive_list/x2015_09_10_16_58_06_505_1540327.smt_in.smt2,cvc5,False,1200,2400
UF/20190906-CLEARSY/0016/00980.smt2,SMTInterpol,True,0.6472798489849083,0.6472798489849083
UF/sledgehammer/Fundamental_Theorem_Algebra/uf.819830.smt2,Yices2,True,258.3264156610021,258.3264156610021
UF/sledgehammer/QEpres/uf.944364.smt2,Yices2,True,0.4024758480009041,0.4024758480009041
UF/sledgehammer/Arrow_Order/uf.730871.smt2,Yices2,True,0.23642783999821404,0.23642783999821404
UF/sledgehammer/TypeSafe/smtlib.1034053.smt2,cvc5,False,1200,2400
UF/sledgehammer/StrongNorm/uf.573662.smt2,iProver,False,1200,2400
UF/sledgehammer/Arrow_Order/uf.851581.smt2,cvc5,True,5.680509135127068,5.680509135127068
UF/sledgehammer/FFT/uf.795856.smt2,iProver,False,1200,2400
UF/20170428-Barrett/cdt-cade2015/nada/afp/coinductive_list/x2015_09_10_17_17_40_223_2807219.smt_in.smt2,cvc5,True,480.97062420798466,480.97062420798466
UF/20170428-Barrett/cdt-cade2015/nada/afp/coinductive_list/x2015_09_10_16_57_54_637_1528482.smt_in.smt2,Yices2,False,1200,2400
UF/sledgehammer/Arrow_Order/smtlib.663277.smt2,cvc5,True,0.5865858129691333,0.5865858129691333
UF/sledgehammer/Fundamental_Theorem_Algebra/uf.675232.smt2,Yices2,True,0.22606626999913715,0.22606626999913715
UF/sledgehammer/Fundamental_Theorem_Algebra/uf.1058601.smt2,iProver,False,1200,2400
UF/20170428-Barrett/cdt-cade2015/nada/gandl/bird_tree/x2015_09_10_16_55_02_399_1044942.smt_in.smt2,cvc5,False,1200,2400
UF/sledgehammer/Arrow_Order/uf.789846.smt2,iProver,True,176.4826653270011,176.4826653270011
UF/20170428-Barrett/cdt-cade2015/nada/afp/sorted_list_operations/x2015_09_10_16_47_35_860_1061626.smt_in.smt2,cvc5,True,466.11808432405815,466.11808432405815
UF/sledgehammer/Fundamental_Theorem_Algebra/uf.724988.smt2,iProver,False,1200,2400
UF/20170428-Barrett/cdt-cade2015/nada/distro/parallel/x2015_09_10_16_57_14_271_1048482.smt_in.smt2,cvc5,True,0.27579987584613264,0.27579987584613264
UF/sledgehammer/TypeSafe/smtlib.1489587.smt2,Yices2,False,1200,2400
UF/20190906-CLEARSY/0016/00264.smt2,Yices2,True,0.3636012490023859,0.3636012490023859
UF/sledgehammer/NS_Shared/smtlib.654534.smt2,iProver,False,1200,2400
UF/20170428-Barrett/cdt-cade2015/nada/afp/coinductive_list/x2015_09_10_17_00_46_751_1699862.smt_in.smt2,iProver,False,1200,2400
UF/20170428-Barrett/cdt-cade2015/nada/afp/coinductive_list/x2015_09_10_16_53_32_659_1294866.smt_in.smt2,cvc5,True,193.49218604899943,193.49218604899943
UF/sledgehammer/NS_Shared/smtlib.791692.smt2,iProver,True,0.889539612999215,0.889539612999215
UF/sledgehammer/TypeSafe/smtlib.1503811.smt2,cvc5,False,1200,2400
UF/sledgehammer/TypeSafe/uf.1164692.smt2,iProver,True,336.60466658400037,336.60466658400037
UF/20170428-Barrett/cdt-cade2015/nada/distro/stream/x2015_09_10_16_48_44_790_1118401.smt_in.smt2,Yices2,False,1200,2400
UF/sledgehammer/FFT/uf.760434.smt2,iProver,False,1200,2400
UF/20170428-Barrett/cdt-cade2015/nada/afp/coinductive_list/x2015_09_10_16_54_55_523_1373943.smt_in.smt2,Yices2,False,1200,2400
UF/sledgehammer/Arrow_Order/uf.827584.smt2,iProver,False,1200,2400
UF/20170428-Barrett/cdt-cade2015/nada/afp/coinductive_list/x2015_09_10_17_02_55_698_1865622.smt_in.smt2,cvc5,True,541.4870031729806,541.4870031729806
UF/sledgehammer/TypeSafe/uf.906720.smt2,iProver,True,1.865767773000698,1.865767773000698
UF/20170428-Barrett/cdt-cade2015/nada/distro/rbt_impl/x2015_09_10_16_56_47_314_1722943.smt_in.smt2,Yices2,False,1200,2400
UF/sledgehammer/QEpres/uf.618766.smt2,iProver,False,1200,2400
UF/sledgehammer/Fundamental_Theorem_Algebra/uf.1392067.smt2,cvc5,False,1200,2400
UF/grasshopper/instantiated/rec_insert_postcondition_of_rec_insert_19_6.smt2,cvc5,True,0.30239863716997206,0.30239863716997206
UF/sledgehammer/QEpres/uf.753569.smt2,iProver,False,1200,2400
UF/sledgehammer/QEpres/uf.1036326.smt2,Yices2,True,2.301083412996377,2.301083412996377
UF/sledgehammer/TypeSafe/smtlib.770760.smt2,iProver,True,2.8862731480003276,2.8862731480003276
UF/sledgehammer/Hoare/uf.982158.smt2,cvc5,False,1200,2400
UF/sledgehammer/TwoSquares/uf.602601.smt2,iProver,True,23.40970324400041,23.40970324400041
UF/sledgehammer/Hoare/smtlib.1122709.smt2,iProver,True,14.872477029999573,14.872477029999573
UF/sledgehammer/Hoare/uf.953427.smt2,cvc5,False,1200,2400
UF/sledgehammer/Hoare/uf.721612.smt2,iProver,False,1200,2400
UF/sledgehammer/Hoare/uf.926283.smt2,iProver,False,1200,2400
UF/sledgehammer/StrongNorm/uf.631424.smt2,iProver,False,1200,2400
UF/sledgehammer/Hoare/uf.573650.smt2,iProver,False,1200,2400
UF/sledgehammer/TypeSafe/smtlib.768864.smt2,Yices2,False,1200,2400
UF/20170428-Barrett/cdt-cade2015/nada/distro/gram_lang/x2015_09_10_16_50_54_658_1274901.smt_in.smt2,cvc5,True,178.93206941499375,178.93206941499375
UF/sledgehammer/QEpres/uf.916288.smt2,Yices2,False,1200,2400
UF/20170428-Barrett/cdt-cade2015/nada/distro/rbt_impl/x2015_09_10_16_52_16_446_1184031.smt_in.smt2,cvc5,True,392.02369456505403,392.02369456505403
UF/sledgehammer/Arrow_Order/uf.821436.smt2,Yices2,True,0.3658130660041934,0.3658130660041934
UF/sledgehammer/Fundamental_Theorem_Algebra/uf.657674.smt2,cvc5,False,1200,2400
UF/20170428-Barrett/cdt-cade2015/nada/distro/gram_lang/x2015_09_10_16_55_13_495_1521727.smt_in.smt2,Yices2,False,1200,2400
UF/20170428-Barrett/cdt-cade2015/nada/afp/abstract_completeness/x2015_09_10_17_01_12_107_1147417.smt_in.smt2,cvc5,True,0.3199501840863377,0.3199501840863377
UF/sledgehammer/TypeSafe/smtlib.684321.smt2,iProver,True,28.4334574170025,28.4334574170025
UF/20190906-CLEARSY/0016/00238.smt2,Yices2,True,0.2632871649984736,0.2632871649984736
UF/sledgehammer/Fundamental_Theorem_Algebra/uf.727624.smt2,iProver,True,1.3743538809994789,1.3743538809994789
UF/20170428-Barrett/cdt-cade2015/nada/distro/stream/x2015_09_10_16_48_41_494_1114422.smt_in.smt2,Yices2,False,1200,2400
UF/20170428-Barrett/cdt-cade2015/nada/distro/gram_lang/x2015_09_10_16_50_48_732_1269336.smt_in.smt2,Yices2,False,1200,2400
UF/sledgehammer/QEpres/uf.684542.smt2,iProver,False,1200,2400
UF/sledgehammer/Fundamental_Theorem_Algebra/uf.901381.smt2,iProver,True,11.905301407998195,11.905301407998195
UF/20170428-Barrett/cdt-cade2015/nada/distro/parallel/x2015_09_10_16_57_11_846_1045678.smt_in.smt2,Yices2,False,1200,2400
UF/grasshopper/instantiated/insert_loop_invariant_24_5.smt2,Yices2,True,0.2396200469956966,0.2396200469956966
UF/sledgehammer/FFT/uf.616782.smt2,cvc5,False,1200,2400
UF/sledgehammer/Fundamental_Theorem_Algebra/uf.1229422.smt2,iProver,True,1.3842157599974598,1.3842157599974598
UF/sledgehammer/Fundamental_Theorem_Algebra/uf.876304.smt2,iProver,False,1200,2400
UF/sledgehammer/TypeSafe/uf.841033.smt2,Yices2,False,1200,2400
UF/sledgehammer/Arrow_Order/smtlib.663965.smt2,Yices2,True,0.3141668980024406,0.3141668980024406
UF/20170428-Barrett/cdt-cade2015/nada/afp/abstract_completeness/x2015_09_10_17_00_55_661_1127053.smt_in.smt2,cvc5,False,1200,2400
UF/20170428-Barrett/cdt-cade2015/nada/afp/sorted_list_operations/x2015_09_10_16_47_41_101_1067273.smt_in.smt2,cvc5,True,0.29918770398944616,0.29918770398944616
UF/sledgehammer/QEpres/smtlib.1255501.smt2,iProver,True,0.9230897330016887,0.9230897330016887
UF/sledgehammer/NS_Shared/uf.731015.smt2,Yices2,False,1200,2400
UF/sledgehammer/Hoare/uf.938878.smt2,iProver,False,1200,2400
UF/sledgehammer/Arrow_Order/uf.767278.smt2,Yices2,True,112.91734254900075,112.91734254900075
UF/20170428-Barrett/cdt-cade2015/nada/afp/tllist/x2015_09_10_16_57_15_725_1133432.smt_in.smt2,cvc5,True,541.1625808889512,541.1625808889512
UF/sledgehammer/TwoSquares/uf.633143.smt2,cvc5,False,1200,2400
UF/20170428-Barrett/cdt-cade2015/nada/afp/coinductive_list/x2015_09_10_16_58_13_916_1547606.smt_in.smt2,cvc5,False,1200,2400
UF/sledgehammer/Fundamental_Theorem_Algebra/uf.979899.smt2,iProver,False,1200,2400
UF/20170428-Barrett/cdt-cade2015/nada/afp/coinductive_list/x2015_09_10_16_54_42_875_1362942.smt_in.smt2,Yices2,False,1200,2400
UF/sledgehammer/Arrow_Order/uf.847589.smt2,Yices2,False,1200,2400
UF/sledgehammer/Hoare/uf.984827.smt2,cvc5,True,1.6944483120460063,1.6944483120460063
UF/sledgehammer/Fundamental_Theorem_Algebra/uf.734973.smt2,iProver,True,1.8282955799986667,1.8282955799986667
UF/sledgehammer/TypeSafe/smtlib.1189027.smt2,cvc5,True,30.491828385042027,30.491828385042027
UF/20170428-Barrett/cdt-cade2015/nada/afp/huffman/x2015_09_10_16_46_53_159_1015830.smt_in.smt2,cvc5,False,1200,2400
UF/20170428-Barrett/cdt-cade2015/nada/distro/gram_lang/x2015_09_10_16_48_11_379_1111316.smt_in.smt2,Yices2,False,1200,2400
UF/20170428-Barrett/cdt-cade2015/nada/distro/gram_lang/x2015_09_10_16_49_23_356_1193594.smt_in.smt2,cvc5,True,542.6424940130673,542.6424940130673
UF/20170428-Barrett/cdt-cade2015/nada/distro/gram_lang/x2015_09_10_16_52_31_124_1370932.smt_in.smt2,iProver,False,1200,2400
UF/sledgehammer/FFT/uf.618004.smt2,iProver,True,0.8326605519996519,0.8326605519996519
UF/sledgehammer/TwoSquares/uf.649496.smt2,iProver,False,1200,2400
UF/sledgehammer/FFT/uf.876833.smt2,iProver,False,1200,2400
UF/sledgehammer/TypeSafe/smtlib.596716.smt2,Yices2,False,1200,2400
UF/sledgehammer/Hoare/uf.1194854.smt2,iProver,False,1200,2400
UF/sledgehammer/Fundamental_Theorem_Algebra/uf.1104162.smt2,iProver,False,1200,2400
UF/sledgehammer/Fundamental_Theorem_Algebra/uf.1123504.smt2,iProver,True,3.412348096999267,3.412348096999267
UF/sledgehammer/Fundamental_Theorem_Algebra/uf.1395095.smt2,cvc5,False,1200,2400
UF/20170428-Barrett/cdt-cade2015/nada/distro/gram_lang/x2015_09_10_16_55_29_608_1539534.smt_in.smt2,Yices2,False,1200,2400
UF/sledgehammer/Hoare/uf.833267.smt2,iProver,True,82.45600676699905,82.45600676699905
UF/sledgehammer/TypeSafe/smtlib.1034934.smt2,iProver,False,1200,2400
UF/sledgehammer/Hoare/uf.1172694.smt2,iProver,False,1200,2400
UF/sledgehammer/NS_Shared/uf.570239.smt2,iProver,False,1200,2400
UF/sledgehammer/QEpres/uf.728078.smt2,iProver,False,1200,2400
UF/sledgehammer/Fundamental_Theorem_Algebra/uf.704452.smt2,iProver,False,1200,2400
UF/20170428-Barrett/cdt-cade2015/nada/afp/coinductive_list/x2015_09_10_17_16_08_286_2757371.smt_in.smt2,cvc5,False,1200,2400
UF/sledgehammer/Fundamental_Theorem_Algebra/uf.1325058.smt2,iProver,False,1200,2400
UF/sledgehammer/Hoare/z3.721436.smt2,iProver,True,0.8549414480003179,0.8549414480003179
UF/20170428-Barrett/cdt-cade2015/nada/afp/coinductive_stream/x2015_09_10_17_24_59_768_1226306.smt_in.smt2,iProver,False,1200,2400
UF/20170428-Barrett/cdt-cade2015/nada/distro/rbt_impl/x2015_09_10_16_52_12_178_1177983.smt_in.smt2,Yices2,False,1200,2400
UF/sledgehammer/TwoSquares/uf.805093.smt2,iProver,False,1200,2400
UF/sledgehammer/QEpres/uf.1143916.smt2,Yices2,True,0.2549224500035052,0.2549224500035052
UF/20170428-Barrett/cdt-cade2015/nada/afp/coinductive_list/x2015_09_10_17_09_14_493_2381989.smt_in.smt2,cvc5,True,1.0431189939845353,1.0431189939845353
UF/sledgehammer/Fundamental_Theorem_Algebra/uf.851104.smt2,iProver,False,1200,2400
UF/sledgehammer/TypeSafe/smtlib.1483692.smt2,cvc5,False,1200,2400
UF/20170428-Barrett/cdt-cade2015/nada/afp/hamming_stream/x2015_09_10_16_47_48_004_1077575.smt_in.smt2,cvc5,True,0.3016669771168381,0.3016669771168381
UF/sledgehammer/Arrow_Order/uf.594788.smt2,Yices2,False,1200,2400
UF/sledgehammer/Hoare/uf.620112.smt2,iProver,True,1.358387431002484,1.358387431002484
UF/20170428-Barrett/cdt-cade2015/nada/afp/coinductive_list/x2015_09_10_17_04_37_420_2005212.smt_in.smt2,Yices2,False,1200,2400
UF/20170428-Barrett/cdt-cade2015/nada/distro/stream/x2015_09_10_16_47_40_461_1046425.smt_in.smt2,cvc5,False,1200,2400
UF/20170428-Barrett/cdt-cade2015/nada/afp/coinductive_list/x2015_09_10_17_00_18_238_1665350.smt_in.smt2,Yices2,False,1200,2400
UF/sledgehammer/StrongNorm/uf.720345.smt2,iProver,False,1200,2400
UF/sledgehammer/TypeSafe/uf.1161864.smt2,Yices2,False,1200,2400
UF/20170428-Barrett/cdt-cade2015/nada/afp/coinductive_list/x2015_09_10_17_12_02_371_2600182.smt_in.smt2,cvc5,False,1200,2400
UF/sledgehammer/QEpres/uf.942260.smt2,iProver,False,1200,2400
UF/sledgehammer/QEpres/uf.705066.smt2,cvc5,False,1200,2400
UF/sledgehammer/TypeSafe/uf.714544.smt2,cvc5,True,541.7351786599029,541.7351786599029
UF/sledgehammer/StrongNorm/uf.699909.smt2,Yices2,False,1200,2400
UF/20170428-Barrett/cdt-cade2015/nada/afp/abstract_completeness/x2015_09_10_16_59_59_584_1066179.smt_in.smt2,cvc5,True,0.3215763948392123,0.3215763948392123
UF/sledgehammer/QEpres/uf.782008.smt2,Yices2,False,1200,2400
UF/sledgehammer/TwoSquares/uf.744807.smt2,iProver,False,1200,2400
UF/sledgehammer/Fundamental_Theorem_Algebra/uf.941278.smt2,cvc5,False,1200,2400
UF/20170428-Barrett/cdt-cade2015/nada/gandl/stern_brocot_tree/x2015_09_10_16_52_19_984_1106035.smt_in.smt2,cvc5,False,1200,2400
UF/20170428-Barrett/cdt-cade2015/nada/afp/huffman/x2015_09_10_16_50_31_780_1255844.smt_in.smt2,Yices2,False,1200,2400
UF/20170428-Barrett/cdt-cade2015/nada/afp/coinductive_list/x2015_09_10_17_12_18_919_2620619.smt_in.smt2,cvc5,False,1200,2400
UF/20170428-Barrett/cdt-cade2015/nada/distro/gram_lang/x2015_09_10_16_49_33_901_1204329.smt_in.smt2,Yices2,True,0.22279613299906487,0.22279613299906487
UF/sledgehammer/Fundamental_Theorem_Algebra/uf.1309766.smt2,cvc5,True,0.416347648948431,0.416347648948431
UF/20170428-Barrett/cdt-cade2015/nada/distro/stream_processor/x2015_09_10_16_46_02_272_1013913.smt_in.smt2,cvc5,False,1200,2400
UF/sledgehammer/FFT/uf.827742.smt2,iProver,False,1200,2400
UF/sledgehammer/Fundamental_Theorem_Algebra/uf.1040912.smt2,iProver,False,1200,2400
UF/sledgehammer/Fundamental_Theorem_Algebra/uf.1335441.smt2,iProver,False,1200,2400
UF/20170428-Barrett/cdt-cade2015/nada/distro/parallel/x2015_09_10_16_56_46_335_1012860.smt_in.smt2,Yices2,False,1200,2400
UF/20170428-Barrett/cdt-cade2015/nada/afp/hamming_stream/x2015_09_10_16_47_33_273_1065797.smt_in.smt2,Yices2,True,0.2220204030018067,0.2220204030018067
UF/20170428-Barrett/cdt-cade2015/nada/afp/abstract_completeness/x2015_09_10_16_59_33_621_1039748.smt_in.smt2,cvc5,False,1200,2400
UF/20170428-Barrett/cdt-cade2015/nada/afp/tllist/x2015_09_10_16_58_19_457_1199392.smt_in.smt2,Yices2,False,1200,2400
UF/sledgehammer/QEpres/uf.580729.smt2,iProver,True,1.8664113550003094,1.8664113550003094
UF/sledgehammer/Fundamental_Theorem_Algebra/uf.1456391.smt2,Yices2,False,1200,2400
UF/20170428-Barrett/cdt-cade2015/nada/distro/parallel/x2015_09_10_16_56_35_383_1000552.smt_in.smt2,iProver,True,1.869077176999781,1.869077176999781
UF/sledgehammer/NS_Shared/uf.882818.smt2,cvc5,False,1200,2400
UF/sledgehammer/Fundamental_Theorem_Algebra/uf.1290963.smt2,iProver,True,1.4133633950004878,1.4133633950004878
UF/sledgehammer/TwoSquares/uf.818657.smt2,iProver,False,1200,2400
UF/sledgehammer/Fundamental_Theorem_Algebra/uf.1207628.smt2,cvc5,False,1200,2400
UF/sledgehammer/NS_Shared/smtlib.778815.smt2,iProver,False,1200,2400
UF/sledgehammer/Hoare/uf.648032.smt2,cvc5,True,0.40099883498623967,0.40099883498623967
UF/sledgehammer/FFT/uf.807914.smt2,iProver,False,1200,2400
UF/20170428-Barrett/cdt-cade2015/nada/distro/rbt_impl/x2015_09_10_16_52_14_098_1180651.smt_in.smt2,cvc5,False,1200,2400
UF/sledgehammer/QEpres/uf.802064.smt2,Yices2,False,1200,2400
UF/sledgehammer/Fundamental_Theorem_Algebra/uf.720734.smt2,iProver,False,1200,2400
UF/sledgehammer/Fundamental_Theorem_Algebra/uf.1451238.smt2,cvc5,True,0.38818467501550913,0.38818467501550913
UF/sledgehammer/FFT/uf.794316.smt2,iProver,False,1200,2400
UF/grasshopper/instantiated/union_postcondition_of_union_42_1.smt2,cvc5,True,108.37936902488582,108.37936902488582
UF/sledgehammer/Fundamental_Theorem_Algebra/uf.1336351.smt2,iProver,True,0.8853226610008278,0.8853226610008278
UF/20170428-Barrett/cdt-cade2015/nada/distro/gram_lang/x2015_09_10_16_47_34_876_1072686.smt_in.smt2,Yices2,False,1200,2400
UF/sledgehammer/TwoSquares/uf.815613.smt2,iProver,False,1200,2400
UF/sledgehammer/Hoare/uf.954879.smt2,iProver,False,1200,2400
UF/sledgehammer/FFT/uf.735091.smt2,iProver,True,0.8267920119997143,0.8267920119997143
UF/sledgehammer/NS_Shared/smtlib.895212.smt2,iProver,False,1200,2400
UF/sledgehammer/NS_Shared/uf.805623.smt2,iProver,False,1200,2400
UF/20170428-Barrett/cdt-cade2015/nada/distro/stream/x2015_09_10_16_47_32_009_1038075.smt_in.smt2,Yices2,False,1200,2400
UF/20170428-Barrett/cdt-cade2015/nada/afp/coinductive_list/x2015_09_10_17_13_57_839_2689902.smt_in.smt2,cvc5,True,0.4055359719786793,0.4055359719786793
UF/20170428-Barrett/cdt-cade2015/nada/afp/coinductive_list/x2015_09_10_16_54_58_519_1376829.smt_in.smt2,Yices2,False,1200,2400
UF/sledgehammer/TwoSquares/uf.603470.smt2,iProver,False,1200,2400
UF/20170428-Barrett/cdt-cade2015/nada/afp/huffman/x2015_09_10_16_51_49_520_1338854.smt_in.smt2,Yices2,False,1200,2400
UF/20170428-Barrett/cdt-cade2015/nada/afp/splay_tree_analysis/x2015_09_10_16_58_11_604_1167875.smt_in.smt2,cvc5,True,9.315459585981444,9.315459585981444
UF/sledgehammer/Fundamental_Theorem_Algebra/uf.579514.smt2,iProver,False,1200,2400
UF/20170428-Barrett/cdt-cade2015/nada/afp/coinductive_list/x2015_09_10_17_00_19_711_1666582.smt_in.smt2,cvc5,True,0.3091237850021571,0.3091237850021571
UF/20170428-Barrett/cdt-cade2015/nada/afp/hamming_stream/x2015_09_10_16_50_11_844_1172008.smt_in.smt2,cvc5,False,1200,2400
UF/20170428-Barrett/cdt-cade2015/nada/afp/coinductive_list/x2015_09_10_17_10_38_243_2489632.smt_in.smt2,Yices2,False,1200,2400
UF/20201221-induction-by-reflection-schoisswohl/reflectiveInductive/addAssoc.smt2,iProver,False,1200,2400
UF/sledgehammer/FFT/uf.731987.smt2,iProver,False,1200,2400
UF/sledgehammer/FFT/uf.801854.smt2,iProver,True,1.3765431119973073,1.3765431119973073
UF/sledgehammer/FFT/uf.671439.smt2,iProver,True,646.3026440379981,646.3026440379981
UF/sledgehammer/Fundamental_Theorem_Algebra/uf.704733.smt2,iProver,True,306.6128820739996,306.6128820739996
UF/sledgehammer/TypeSafe/uf.865460.smt2,Yices2,False,1200,2400
UF/20170428-Barrett/cdt-cade2015/nada/afp/huffman/x2015_09_10_16_50_58_676_1284981.smt_in.smt2,Yices2,False,1200,2400
UF/20170428-Barrett/cdt-cade2015/nada/distro/rbt_impl/x2015_09_10_16_53_52_735_1364650.smt_in.smt2,cvc5,True,0.362009524833411,0.362009524833411
UF/sledgehammer/StrongNorm/uf.719662.smt2,cvc5,False,1200,2400
UF/20170428-Barrett/cdt-cade2015/nada/afp/coinductive_list/x2015_09_10_16_57_47_544_1522663.smt_in.smt2,Yices2,False,1200,2400
UF/sledgehammer/QEpres/uf.1034362.smt2,iProver,False,1200,2400
UF/20170428-Barrett/cdt-cade2015/nada/afp/coinductive_list/x2015_09_10_17_05_14_566_2054225.smt_in.smt2,cvc5,False,1200,2400
UF/20170428-Barrett/cdt-cade2015/nada/distro/rbt_impl/x2015_09_10_16_50_12_033_1016442.smt_in.smt2,Yices2,False,1200,2400
UF/20170428-Barrett/cdt-cade2015/nada/distro/stream/x2015_09_10_16_48_21_588_1089161.smt_in.smt2,cvc5,False,1200,2400
UF/sledgehammer/TypeSafe/smtlib.1275404.smt2,iProver,False,1200,2400
UF/20170428-Barrett/cdt-cade2015/nada/distro/stream/x2015_09_10_16_48_40_448_1113085.smt_in.smt2,Yices2,False,1200,2400
UF/20170428-Barrett/cdt-cade2015/nada/afp/huffman/x2015_09_10_16_51_45_728_1335096.smt_in.smt2,Yices2,False,1200,2400
UF/20170428-Barrett/cdt-cade2015/nada/distro/gram_lang/x2015_09_10_16_54_17_037_1466089.smt_in.smt2,cvc5,True,0.32345397188328207,0.32345397188328207
UF/20170428-Barrett/cdt-cade2015/nada/afp/coinductive_list/x2015_09_10_16_59_12_406_1598464.smt_in.smt2,cvc5,False,1200,2400
UF/20170428-Barrett/cdt-cade2015/nada/afp/sorted_list_operations/x2015_09_10_16_48_25_477_1112809.smt_in.smt2,cvc5,False,1200,2400
UF/sledgehammer/Fundamental_Theorem_Algebra/uf.1040307.smt2,iProver,False,1200,2400
UF/20170428-Barrett/cdt-cade2015/nada/afp/abstract_completeness/x2015_09_10_16_59_47_178_1054231.smt_in.smt2,cvc5,True,30.40610482590273,30.40610482590273
UF/sledgehammer/Fundamental_Theorem_Algebra/uf.641183.smt2,iProver,False,1200,2400
UF/20170428-Barrett/cdt-cade2015/nada/afp/coinductive_list/x2015_09_10_16_51_22_715_1181542.smt_in.smt2,Yices2,False,1200,2400
UF/20170428-Barrett/cdt-cade2015/nada/afp/huffman/x2015_09_10_16_46_24_342_985888.smt_in.smt2,cvc5,False,1200,2400
UF/sledgehammer/Fundamental_Theorem_Algebra/uf.1464795.smt2,cvc5,True,0.25974056380800903,0.25974056380800903
UF/sledgehammer/FFT/uf.638714.smt2,iProver,True,48.40542593700047,48.40542593700047
UF/sledgehammer/FFT/uf.794528.smt2,iProver,True,1.3713924170006067,1.3713924170006067
UF/20170428-Barrett/cdt-cade2015/nada/afp/huffman/x2015_09_10_16_49_21_353_1177623.smt_in.smt2,cvc5,True,0.267660154029727,0.267660154029727
UF/20170428-Barrett/cdt-cade2015/nada/afp/llist2/x2015_09_10_16_56_07_138_1310258.smt_in.smt2,Yices2,False,1200,2400
UF/sledgehammer/TwoSquares/uf.721509.smt2,cvc5,True,0.3184001559857279,0.3184001559857279
UF/sledgehammer/Arrow_Order/uf.636833.smt2,Yices2,False,1200,2400
UF/sledgehammer/StrongNorm/uf.568762.smt2,iProver,False,1200,2400
UF/sledgehammer/QEpres/uf.893328.smt2,cvc5,False,1200,2400
UF/sledgehammer/Fundamental_Theorem_Algebra/uf.574645.smt2,iProver,False,1200,2400
UF/20170428-Barrett/cdt-cade2015/nada/distro/rbt_impl/x2015_09_10_16_56_45_052_1719495.smt_in.smt2,iProver,False,1200,2400
UF/20170428-Barrett/cdt-cade2015/nada/afp/coinductive_stream/x2015_09_10_17_25_33_589_1256369.smt_in.smt2,cvc5,True,0.5230985980015248,0.5230985980015248
UF/sledgehammer/NS_Shared/smtlib.653980.smt2,iProver,False,1200,2400
UF/grasshopper/instantiated/rec_reverse_acc_precondition_of_rec_reverse_acc_19_11.smt2,iProver,True,1.4017879009988974,1.4017879009988974
UF/sledgehammer/NS_Shared/smtlib.620031.smt2,Yices2,False,1200,2400
UF/20170428-Barrett/cdt-cade2015/nada/distro/rbt_impl/x2015_09_10_16_58_52_202_1855782.smt_in.smt2,Yices2,False,1200,2400
UF/20170428-Barrett/cdt-cade2015/nada/afp/abstract_completeness/x2015_09_10_17_00_00_926_1067930.smt_in.smt2,cvc5,True,549.4380229981616,549.4380229981616
UF/20170428-Barrett/cdt-cade2015/nada/afp/coinductive_list/x2015_09_10_16_59_44_858_1629617.smt_in.smt2,cvc5,False,1200,2400
UF/20170428-Barrett/cdt-cade2015/nada/distro/stream/x2015_09_10_16_47_59_819_1065637.smt_in.smt2,cvc5,True,0.3314363989047706,0.3314363989047706
UF/20170428-Barrett/cdt-cade2015/nada/afp/sorted_list_operations/x2015_09_10_16_48_30_880_1118378.smt_in.smt2,cvc5,True,0.28063451522029936,0.28063451522029936
UF/20170428-Barrett/cdt-cade2015/nada/afp/coinductive_list/x2015_09_10_16_50_51_476_1152754.smt_in.smt2,Yices2,True,0.24141323399817338,0.24141323399817338
UF/sledgehammer/TypeSafe/uf.799398.smt2,iProver,False,1200,2400
UF/20170428-Barrett/cdt-cade2015/nada/afp/coinductive_list/x2015_09_10_16_52_14_452_1224847.smt_in.smt2,Yices2,False,1200,2400
UF/20170428-Barrett/cdt-cade2015/nada/distro/rbt_impl/x2015_09_10_16_56_01_664_1620710.smt_in.smt2,iProver,False,1200,2400
UF/sledgehammer/TypeSafe/uf.939289.smt2,iProver,False,1200,2400
UF/sledgehammer/TypeSafe/smtlib.1361818.smt2,cvc5,False,1200,2400
UF/sledgehammer/TwoSquares/uf.651519.smt2,iProver,False,1200,2400
UF/20170428-Barrett/cdt-cade2015/nada/afp/coinductive_list/x2015_09_10_17_14_11_100_2695278.smt_in.smt2,cvc5,True,0.3205541369970888,0.3205541369970888
UF/sledgehammer/FFT/uf.736402.smt2,cvc5,False,1200,2400
UF/20170428-Barrett/cdt-cade2015/nada/distro/gram_lang/x2015_09_10_16_50_24_407_1248995.smt_in.smt2,Yices2,False,1200,2400
UF/sledgehammer/Hoare/uf.800999.smt2,iProver,True,302.0236394190015,302.0236394190015
UF/sledgehammer/Fundamental_Theorem_Algebra/uf.960124.smt2,iProver,False,1200,2400
UF/20170428-Barrett/cdt-cade2015/nada/afp/llist2/x2015_09_10_16_55_44_058_1293777.smt_in.smt2,Yices2,True,0.22980899700633017,0.22980899700633017
UF/sledgehammer/Fundamental_Theorem_Algebra/uf.997892.smt2,iProver,True,230.9922130899995,230.9922130899995
UF/sledgehammer/FFT/uf.765709.smt2,iProver,False,1200,2400
UF/20170428-Barrett/cdt-cade2015/nada/afp/coinductive_stream/x2015_09_10_17_22_31_669_1094619.smt_in.smt2,cvc5,False,1200,2400
UF/sledgehammer/FFT/uf.815638.smt2,iProver,False,1200,2400
UF/20170428-Barrett/cdt-cade2015/nada/distro/gram_lang/x2015_09_10_16_53_24_819_1422372.smt_in.smt2,Yices2,False,1200,2400
UF/20170428-Barrett/cdt-cade2015/nada/afp/coinductive_list/x2015_09_10_16_51_30_148_1188795.smt_in.smt2,Yices2,True,0.30356841800676193,0.30356841800676193
UF/20170428-Barrett/cdt-cade2015/nada/distro/stream_processor/x2015_09_10_16_46_03_192_1015705.smt_in.smt2,cvc5,False,1200,2400
UF/sledgehammer/Arrow_Order/smtlib.703012.smt2,cvc5,True,0.43802869599312544,0.43802869599312544
UF/sledgehammer/Hoare/uf.989972.smt2,cvc5,False,1200,2400
UF/sledgehammer/QEpres/uf.994019.smt2,cvc5,False,1200,2400
UF/sledgehammer/FFT/uf.655993.smt2,iProver,False,1200,2400
UF/sledgehammer/Fundamental_Theorem_Algebra/uf.1000905.smt2,iProver,True,0.8624919140002021,0.8624919140002021
UF/sledgehammer/Fundamental_Theorem_Algebra/uf.602901.smt2,iProver,True,0.8591723249992356,0.8591723249992356
UF/sledgehammer/TypeSafe/smtlib.770501.smt2,iProver,False,1200,2400
UF/sledgehammer/NS_Shared/smtlib.856677.smt2,iProver,False,1200,2400
UF/20170428-Barrett/cdt-cade2015/nada/distro/gram_lang/x2015_09_10_16_49_03_424_1170927.smt_in.smt2,Yices2,False,1200,2400
UF/20170428-Barrett/cdt-cade2015/nada/distro/stream/x2015_09_10_16_48_16_909_1084419.smt_in.smt2,cvc5,False,1200,2400
UF/20170428-Barrett/cdt-cade2015/nada/afp/abstract_completeness/x2015_09_10_17_00_32_932_1101238.smt_in.smt2,cvc5,False,1200,2400
UF/sledgehammer/Hoare/uf.1101036.smt2,iProver,False,1200,2400
UF/sledgehammer/QEpres/uf.874182.smt2,iProver,True,1.3446977749990765,1.3446977749990765
UF/20170428-Barrett/cdt-cade2015/nada/afp/coinductive_list/x2015_09_10_16_57_16_180_1492086.smt_in.smt2,cvc5,False,1200,2400
UF/sledgehammer/TwoSquares/uf.825486.smt2,iProver,False,1200,2400
UF/sledgehammer/QEpres/uf.971284.smt2,iProver,False,1200,2400
UF/sledgehammer/TwoSquares/uf.605677.smt2,iProver,True,1.3468114040006185,1.3468114040006185
UF/20170428-Barrett/cdt-cade2015/nada/afp/huffman/x2015_09_10_16_51_06_602_1291091.smt_in.smt2,Yices2,True,0.2240223920016433,0.2240223920016433
UF/sledgehammer/QEpres/uf.731652.smt2,iProver,False,1200,2400
UF/sledgehammer/Fundamental_Theorem_Algebra/uf.734512.smt2,iProver,True,1.8957987860012508,1.8957987860012508
UF/sledgehammer/Fundamental_Theorem_Algebra/uf.653010.smt2,cvc5,False,1200,2400
UF/sledgehammer/TwoSquares/uf.734058.smt2,iProver,True,3.85923325299882,3.85923325299882
UF/sledgehammer/TwoSquares/uf.726568.smt2,iProver,False,1200,2400
UF/sledgehammer/Fundamental_Theorem_Algebra/uf.574197.smt2,iProver,False,1200,2400
UF/20170428-Barrett/cdt-cade2015/nada/afp/splay_tree_analysis/x2015_09_10_16_58_57_677_1209725.smt_in.smt2,cvc5,False,1200,2400
UF/sledgehammer/Fundamental_Theorem_Algebra/uf.1140203.smt2,iProver,True,404.58566862800035,404.58566862800035
UF/20170428-Barrett/cdt-cade2015/nada/afp/huffman/x2015_09_10_16_48_35_072_1123634.smt_in.smt2,iProver,False,1200,2400
UF/sledgehammer/Fundamental_Theorem_Algebra/smtlib.710152.smt2,iProver,False,1200,2400
UF/sledgehammer/QEpres/uf.795905.smt2,cvc5,False,1200,2400
UF/sledgehammer/Fundamental_Theorem_Algebra/uf.901792.smt2,iProver,True,1.8613436670020747,1.8613436670020747
UF/20170428-Barrett/cdt-cade2015/nada/distro/rbt_impl/x2015_09_10_16_52_17_705_1186295.smt_in.smt2,Yices2,False,1200,2400
UF/sledgehammer/TypeSafe/smtlib.670591.smt2,iProver,True,46.41690474799907,46.41690474799907
UF/sledgehammer/Fundamental_Theorem_Algebra/uf.717674.smt2,iProver,True,2.3690345180002623,2.3690345180002623
UF/sledgehammer/Fundamental_Theorem_Algebra/uf.802039.smt2,cvc5,False,1200,2400
UF/sledgehammer/Hoare/smtlib.1063074.smt2,iProver,True,301.5445140419997,301.5445140419997
UF/sledgehammer/Hoare/uf.982844.smt2,cvc5,False,1200,2400
UF/sledgehammer/TypeSafe/uf.1405414.smt2,Yices2,False,1200,2400
UF/sledgehammer/NS_Shared/smtlib.631475.smt2,iProver,True,0.8576760269988881,0.8576760269988881
UF/sledgehammer/Arrow_Order/uf.607387.smt2,cvc5,True,0.3158605268690735,0.3158605268690735
UF/sledgehammer/QEpres/uf.791410.smt2,iProver,True,0.827622925000469,0.827622925000469
UF/20170428-Barrett/cdt-cade2015/nada/afp/lmirror/x2015_09_10_16_48_16_092_1096733.smt_in.smt2,iProver,False,1200,2400
UF/sledgehammer/NS_Shared/smtlib.650496.smt2,iProver,True,15.949427301002288,15.949427301002288
UF/20170428-Barrett/cdt-cade2015/nada/gandl/bird_tree/x2015_09_10_16_54_47_187_1030133.smt_in.smt2,cvc5,True,0.4315106838475913,0.4315106838475913
UF/20170428-Barrett/cdt-cade2015/nada/afp/coinductive_list/x2015_09_10_17_00_09_428_1654705.smt_in.smt2,iProver,False,1200,2400
UF/sledgehammer/QEpres/uf.839816.smt2,iProver,True,7.851709315000335,7.851709315000335
UF/20201221-induction-by-reflection-schoisswohl/reflectiveConjecture/excludedMiddle-0.smt2,cvc5,True,0.22255368414334953,0.22255368414334953
UF/sledgehammer/Arrow_Order/uf.811322.smt2,cvc5,True,560.5409739930183,560.5409739930183
UF/sledgehammer/Fundamental_Theorem_Algebra/smtlib.701781.smt2,iProver,False,1200,2400
UF/sledgehammer/Arrow_Order/uf.561879.smt2,cvc5,False,1200,2400
UF/sledgehammer/Fundamental_Theorem_Algebra/uf.899205.smt2,iProver,True,0.9302278440009104,0.9302278440009104
UF/sledgehammer/Fundamental_Theorem_Algebra/uf.1154266.smt2,cvc5,True,0.300902629038319,0.300902629038319
UF/sledgehammer/FFT/uf.863986.smt2,iProver,False,1200,2400
UF/sledgehammer/FFT/uf.902122.smt2,iProver,True,0.9419502410019049,0.9419502410019049
UF/sledgehammer/NS_Shared/smtlib.743612.smt2,iProver,False,1200,2400
UF/20170428-Barrett/cdt-cade2015/nada/afp/tllist/x2015_09_10_16_57_42_212_1161461.smt_in.smt2,cvc5,False,1200,2400
UF/20170428-Barrett/cdt-cade2015/nada/afp/coinductive_list/x2015_09_10_17_17_57_886_2819256.smt_in.smt2,iProver,True,32.39169424600004,32.39169424600004
UF/sledgehammer/Hoare/smtlib.1177430.smt2,iProver,True,5.863476967002498,5.863476967002498
UF/sledgehammer/FFT/uf.717045.smt2,iProver,True,1.401504698998906,1.401504698998906
UF/20170428-Barrett/cdt-cade2015/nada/afp/koenigslemma/x2015_09_10_16_53_24_328_1130197.smt_in.smt2,cvc5,True,0.2510982588864863,0.2510982588864863
UF/20201221-induction-by-reflection-schoisswohl/reflectiveInductive/revSelfInvers.smt2,iProver,False,1200,2400
UF/sledgehammer/FFT/uf.754405.smt2,cvc5,True,0.5754847228527069,0.5754847228527069
UF/20170428-Barrett/cdt-cade2015/nada/gandl/stern_brocot_tree/x2015_09_10_16_52_10_503_1097587.smt_in.smt2,cvc5,False,1200,2400
UF/sledgehammer/TypeSafe/smtlib.642817.smt2,iProver,False,1200,2400
UF/20170428-Barrett/cdt-cade2015/nada/afp/tllist/x2015_09_10_17_00_21_400_1343872.smt_in.smt2,Yices2,False,1200,2400
UF/sledgehammer/TwoSquares/uf.792865.smt2,iProver,True,0.8384902630004945,0.8384902630004945
UF/sledgehammer/Fundamental_Theorem_Algebra/uf.1221629.smt2,iProver,False,1200,2400
UF/20170428-Barrett/cdt-cade2015/nada/afp/huffman/x2015_09_10_16_51_11_093_1295855.smt_in.smt2,cvc5,False,1200,2400
UF/sledgehammer/NS_Shared/smtlib.805253.smt2,iProver,False,1200,2400
UF/sledgehammer/TypeSafe/uf.817666.smt2,Yices2,False,1200,2400
UF/sledgehammer/QEpres/uf.588241.smt2,iProver,True,10.43525144799787,10.43525144799787
UF/20170428-Barrett/cdt-cade2015/nada/afp/llist2/x2015_09_10_16_55_58_506_1304588.smt_in.smt2,iProver,False,1200,2400
UF/20170428-Barrett/cdt-cade2015/nada/distro/gram_lang/x2015_09_10_16_55_00_597_1508088.smt_in.smt2,Yices2,False,1200,2400
UF/grasshopper/uninstantiated/remove_postcondition_of_remove_33_4.smt2,iProver,True,0.837478869001643,0.837478869001643
UF/sledgehammer/Fundamental_Theorem_Algebra/uf.590503.smt2,cvc5,True,6.009866909123957,6.009866909123957
UF/sledgehammer/NS_Shared/uf.747939.smt2,iProver,False,1200,2400
UF/20170428-Barrett/cdt-cade2015/nada/afp/coinductive_list/x2015_09_10_17_05_30_264_2074172.smt_in.smt2,Yices2,False,1200,2400
UF/sledgehammer/FFT/uf.700371.smt2,iProver,False,1200,2400
UF/sledgehammer/FFT/uf.583068.smt2,iProver,False,1200,2400
UF/20170428-Barrett/cdt-cade2015/nada/afp/abstract_completeness/x2015_09_10_17_01_03_980_1137237.smt_in.smt2,cvc5,False,1200,2400
UF/20170428-Barrett/cdt-cade2015/nada/distro/process/x2015_09_10_16_46_20_082_1036466.smt_in.smt2,cvc5,True,0.3074255441315472,0.3074255441315472
UF/20170428-Barrett/cdt-cade2015/nada/distro/rbt_impl/x2015_09_10_16_59_37_221_1926745.smt_in.smt2,cvc5,False,1200,2400
UF/sledgehammer/FFT/uf.791391.smt2,iProver,False,1200,2400
UF/sledgehammer/Fundamental_Theorem_Algebra/uf.922317.smt2,iProver,True,18.89531406899914,18.89531406899914
UF/20170428-Barrett/cdt-cade2015/nada/distro/rbt_impl/x2015_09_10_16_57_04_579_1741806.smt_in.smt2,cvc5,False,1200,2400
UF/20170428-Barrett/cdt-cade2015/nada/afp/huffman/x2015_09_10_16_50_25_866_1249226.smt_in.smt2,cvc5,True,0.42218719702214,0.42218719702214
UF/20170428-Barrett/cdt-cade2015/nada/afp/coinductive_stream/x2015_09_10_17_24_06_393_1183277.smt_in.smt2,cvc5,True,649.6852116500959,649.6852116500959
UF/20170428-Barrett/cdt-cade2015/nada/afp/coinductive_list/x2015_09_10_17_06_01_144_2117218.smt_in.smt2,Yices2,False,1200,2400
UF/20170428-Barrett/cdt-cade2015/nada/distro/process/x2015_09_10_16_46_01_257_1003958.smt_in.smt2,cvc5,False,1200,2400
UF/20170428-Barrett/cdt-cade2015/nada/afp/huffman/x2015_09_10_16_49_43_143_1203228.smt_in.smt2,cvc5,True,0.45012551406398416,0.45012551406398416
UF/sledgehammer/FFT/uf.620243.smt2,iProver,False,1200,2400
UF/sledgehammer/QEpres/uf.948933.smt2,iProver,False,1200,2400
UF/20170428-Barrett/cdt-cade2015/nada/afp/lmirror/x2015_09_10_16_48_30_033_1107355.smt_in.smt2,cvc5,False,1200,2400
UF/20170428-Barrett/cdt-cade2015/nada/afp/coinductive_list/x2015_09_10_16_58_35_584_1566643.smt_in.smt2,cvc5,False,1200,2400
UF/sledgehammer/QEpres/uf.735140.smt2,iProver,True,1.3770858659991063,1.3770858659991063
UF/20170428-Barrett/cdt-cade2015/nada/afp/coinductive_list/x2015_09_10_17_16_57_662_2783690.smt_in.smt2,cvc5,True,152.06343442993239,152.06343442993239
UF/20170428-Barrett/cdt-cade2015/nada/afp/coinductive_list/x2015_09_10_17_12_13_235_2613566.smt_in.smt2,cvc5,True,0.38740446884185076,0.38740446884185076
UF/sledgehammer/TwoSquares/uf.641605.smt2,iProver,False,1200,2400
UF/sledgehammer/FFT/uf.732363.smt2,iProver,False,1200,2400
UF/sledgehammer/TwoSquares/uf.774154.smt2,iProver,False,1200,2400
UF/sledgehammer/Hoare/uf.1183995.smt2,iProver,True,1.8397514959997352,1.8397514959997352
UF/sledgehammer/QEpres/uf.613489.smt2,iProver,False,1200,2400
UF/20170428-Barrett/cdt-cade2015/nada/afp/huffman/x2015_09_10_16_47_01_275_1024212.smt_in.smt2,iProver,True,1.89423259799878,1.89423259799878
UF/20170428-Barrett/cdt-cade2015/nada/afp/coinductive_list/x2015_09_10_17_06_59_557_2201199.smt_in.smt2,Yices2,False,1200,2400
UF/sledgehammer/Arrow_Order/uf.592548.smt2,cvc5,False,1200,2400
UF/sledgehammer/QEpres/uf.591862.smt2,iProver,False,1200,2400
UF/20170428-Barrett/cdt-cade2015/nada/afp/coinductive_list/x2015_09_10_17_06_06_616_2124803.smt_in.smt2,Yices2,True,2.0860051790004945,2.0860051790004945
UF/sledgehammer/FFT/uf.627826.smt2,iProver,False,1200,2400
UF/sledgehammer/QEpres/uf.662110.smt2,iProver,False,1200,2400
UF/sledgehammer/Hoare/uf.1038135.smt2,iProver,False,1200,2400
UF/20170428-Barrett/cdt-cade2015/nada/distro/gram_lang/x2015_09_10_16_55_01_993_1509434.smt_in.smt2,Yices2,False,1200,2400
UF/sledgehammer/QEpres/uf.1073062.smt2,iProver,False,1200,2400
UF/sledgehammer/Arrow_Order/uf.775178.smt2,iProver,True,0.8381897520011989,0.8381897520011989
UF/sledgehammer/Fundamental_Theorem_Algebra/uf.1297328.smt2,cvc5,False,1200,2400
UF/sledgehammer/Fundamental_Theorem_Algebra/uf.1297999.smt2,iProver,False,1200,2400
UF/20170428-Barrett/cdt-cade2015/nada/afp/huffman/x2015_09_10_16_50_03_416_1225264.smt_in.smt2,cvc5,False,1200,2400
UF/sledgehammer/Hoare/uf.636885.smt2,cvc5,True,0.3375181402079761,0.3375181402079761
UF/sledgehammer/Arrow_Order/uf.566535.smt2,Yices2,False,1200,2400
UF/sledgehammer/FFT/uf.678680.smt2,iProver,False,1200,2400
UF/20190906-CLEARSY/0016/00977.smt2,SMTInterpol,True,0.6452102410257794,0.6452102410257794
UF/sledgehammer/TwoSquares/uf.621210.smt2,iProver,False,1200,2400
UF/sledgehammer/QEpres/uf.1062274.smt2,Yices2,False,1200,2400
UF/sledgehammer/TwoSquares/uf.715617.smt2,iProver,False,1200,2400
UF/sledgehammer/FFT/uf.654112.smt2,iProver,False,1200,2400
UF/sledgehammer/Fundamental_Theorem_Algebra/uf.1359781.smt2,cvc5,False,1200,2400
UF/sledgehammer/FFT/uf.811171.smt2,iProver,False,1200,2400
UF/20170428-Barrett/cdt-cade2015/nada/distro/rbt_impl/x2015_09_10_16_51_30_657_1120717.smt_in.smt2,iProver,False,1200,2400
UF/sledgehammer/NS_Shared/smtlib.628141.smt2,iProver,True,0.8828913670004113,0.8828913670004113
UF/sledgehammer/QEpres/uf.731433.smt2,cvc5,False,1200,2400
UF/sledgehammer/FFT/uf.557340.smt2,iProver,False,1200,2400
UF/sledgehammer/Fundamental_Theorem_Algebra/uf.658398.smt2,iProver,False,1200,2400
UF/20170428-Barrett/cdt-cade2015/nada/afp/tllist/x2015_09_10_16_58_04_182_1183954.smt_in.smt2,cvc5,True,0.43117636907845736,0.43117636907845736
UF/sledgehammer/Fundamental_Theorem_Algebra/uf.1071564.smt2,iProver,False,1200,2400
UF/20170428-Barrett/cdt-cade2015/nada/afp/koenigslemma/x2015_09_10_16_51_52_445_1059832.smt_in.smt2,Yices2,False,1200,2400
UF/sledgehammer/FFT/uf.718424.smt2,iProver,False,1200,2400
UF/sledgehammer/QEpres/uf.892387.smt2,cvc5,False,1200,2400
UF/sledgehammer/QEpres/uf.830775.smt2,iProver,True,0.8414095570005884,0.8414095570005884
UF/sledgehammer/QEpres/uf.933726.smt2,iProver,True,21.94244668200008,21.94244668200008
UF/20170428-Barrett/cdt-cade2015/nada/afp/coinductive_list/x2015_09_10_17_16_20_494_2763737.smt_in.smt2,iProver,False,1200,2400
UF/sledgehammer/Fundamental_Theorem_Algebra/uf.1168385.smt2,iProver,True,0.853617351000139,0.853617351000139
UF/sledgehammer/TwoSquares/uf.713518.smt2,iProver,False,1200,2400
UF/20170428-Barrett/cdt-cade2015/nada/distro/rbt_impl/x2015_09_10_16_50_19_711_1027114.smt_in.smt2,Yices2,False,1200,2400
UF/sledgehammer/Fundamental_Theorem_Algebra/uf.710528.smt2,cvc5,False,1200,2400
UF/sledgehammer/QEpres/uf.660270.smt2,Yices2,False,1200,2400
UF/sledgehammer/Fundamental_Theorem_Algebra/uf.965822.smt2,cvc5,False,1200,2400
UF/sledgehammer/TwoSquares/uf.680734.smt2,iProver,False,1200,2400
UF/20170428-Barrett/cdt-cade2015/nada/afp/coinductive_list/x2015_09_10_17_07_17_183_2225111.smt_in.smt2,cvc5,True,0.3162512320559472,0.3162512320559472
UF/sledgehammer/FFT/uf.692345.smt2,iProver,False,1200,2400
UF/sledgehammer/FFT/uf.696887.smt2,iProver,False,1200,2400
UF/sledgehammer/QEpres/uf.953447.smt2,Yices2,False,1200,2400
UF/sledgehammer/Fundamental_Theorem_Algebra/uf.942939.smt2,iProver,True,9.411368177999975,9.411368177999975
UF/sledgehammer/Hoare/smtlib.940235.smt2,iProver,False,1200,2400
UF/sledgehammer/Fundamental_Theorem_Algebra/uf.694462.smt2,iProver,True,34.96310486799848,34.96310486799848
UF/sledgehammer/FFT/uf.875455.smt2,iProver,False,1200,2400
UF/sledgehammer/Fundamental_Theorem_Algebra/uf.636557.smt2,iProver,False,1200,2400
UF/sledgehammer/TypeSafe/smtlib.1485007.smt2,iProver,True,240.48725695699977,240.48725695699977
UF/sledgehammer/Fundamental_Theorem_Algebra/smtlib.705159.smt2,iProver,False,1200,2400
UF/sledgehammer/TypeSafe/smtlib.1461376.smt2,Yices2,True,0.2401424159979797,0.2401424159979797
UF/sledgehammer/Fundamental_Theorem_Algebra/uf.610218.smt2,cvc5,True,1.5549583109095693,1.5549583109095693
UF/sledgehammer/Arrow_Order/uf.588295.smt2,cvc5,False,1200,2400
UF/20170428-Barrett/cdt-cade2015/nada/afp/coinductive_list/x2015_09_10_17_03_11_470_1887543.smt_in.smt2,Yices2,False,1200,2400
UF/sledgehammer/TwoSquares/uf.596948.smt2,Yices2,True,0.2512262859963812,0.2512262859963812
UF/sledgehammer/TypeSafe/smtlib.723662.smt2,cvc5,True,0.3833234969060868,0.3833234969060868
UF/20170428-Barrett/cdt-cade2015/nada/distro/parallel/x2015_09_10_16_56_52_064_1020318.smt_in.smt2,Yices2,False,1200,2400
UF/sledgehammer/Hoare/smtlib.1122949.smt2,iProver,True,0.9079076519992668,0.9079076519992668
UF/20170428-Barrett/cdt-cade2015/nada/distro/gram_lang/x2015_09_10_16_55_08_783_1516406.smt_in.smt2,Yices2,False,1200,2400
UF/sledgehammer/NS_Shared/uf.732238.smt2,iProver,False,1200,2400
UF/sledgehammer/Arrow_Order/uf.843092.smt2,iProver,False,1200,2400
UF/sledgehammer/StrongNorm/uf.771974.smt2,iProver,True,2.3822779469992383,2.3822779469992383
UF/sledgehammer/StrongNorm/uf.811320.smt2,iProver,False,1200,2400
UF/sledgehammer/TwoSquares/uf.810457.smt2,SMTInterpol,True,2.351648091978859,2.351648091978859
UF/sledgehammer/Hoare/uf.688334.smt2,iProver,False,1200,2400
UF/sledgehammer/TwoSquares/uf.730245.smt2,iProver,False,1200,2400
UF/sledgehammer/Fundamental_Theorem_Algebra/uf.1377600.smt2,Yices2,True,4.261924452999665,4.261924452999665
UF/sledgehammer/Arrow_Order/smtlib.659525.smt2,cvc5,False,1200,2400
UF/sledgehammer/Arrow_Order/uf.701743.smt2,Yices2,False,1200,2400
UF/sledgehammer/Fundamental_Theorem_Algebra/uf.1176478.smt2,Yices2,True,35.15968215199973,35.15968215199973
UF/20170428-Barrett/cdt-cade2015/nada/distro/gram_lang/x2015_09_10_16_55_50_156_1563733.smt_in.smt2,Yices2,False,1200,2400
UF/sledgehammer/Fundamental_Theorem_Algebra/uf.1215962.smt2,iProver,False,1200,2400
UF/20170428-Barrett/cdt-cade2015/nada/distro/gram_lang/x2015_09_10_16_48_00_192_1099574.smt_in.smt2,Yices2,True,0.3312666019992321,0.3312666019992321
UF/20201221-induction-by-reflection-schoisswohl/reflectiveInductive/mulCommut.smt2,iProver,False,1200,2400
UF/sledgehammer/FFT/uf.822470.smt2,iProver,True,0.8784767919987644,0.8784767919987644
UF/sledgehammer/Fundamental_Theorem_Algebra/uf.1096915.smt2,cvc5,False,1200,2400
UF/sledgehammer/FFT/uf.747639.smt2,iProver,False,1200,2400
UF/sledgehammer/Hoare/uf.989773.smt2,cvc5,False,1200,2400
UF/sledgehammer/StrongNorm/uf.757943.smt2,cvc5,False,1200,2400
UF/sledgehammer/Fundamental_Theorem_Algebra/uf.762413.smt2,iProver,True,1.4057633940010419,1.4057633940010419
UF/20170428-Barrett/cdt-cade2015/nada/distro/gram_lang/x2015_09_10_16_52_15_309_1355206.smt_in.smt2,Yices2,True,77.44955242799915,77.44955242799915
UF/20170428-Barrett/cdt-cade2015/nada/distro/parallel/x2015_09_10_16_56_41_403_1007017.smt_in.smt2,Yices2,False,1200,2400
UF/sledgehammer/FFT/uf.787040.smt2,iProver,True,3.8749935630003165,3.8749935630003165
UF/sledgehammer/Arrow_Order/uf.655306.smt2,iProver,True,2.3483666430001904,2.3483666430001904
UF/sledgehammer/TypeSafe/uf.1316465.smt2,Yices2,False,1200,2400
UF/sledgehammer/Hoare/uf.575042.smt2,iProver,True,0.874182853000093,0.874182853000093
UF/sledgehammer/NS_Shared/smtlib.891626.smt2,iProver,False,1200,2400
UF/sledgehammer/FFT/uf.612658.smt2,cvc5,True,0.9803639650344849,0.9803639650344849
UF/sledgehammer/Fundamental_Theorem_Algebra/uf.1331781.smt2,iProver,False,1200,2400
UF/20170428-Barrett/cdt-cade2015/nada/distro/rbt_impl/x2015_09_10_16_53_09_887_1280052.smt_in.smt2,iProver,False,1200,2400
UF/sledgehammer/StrongNorm/uf.627594.smt2,iProver,False,1200,2400
UF/20170428-Barrett/cdt-cade2015/nada/afp/huffman/x2015_09_10_16_50_36_547_1261146.smt_in.smt2,cvc5,True,0.29520962690003216,0.29520962690003216
UF/20170428-Barrett/cdt-cade2015/nada/afp/coinductive_list/x2015_09_10_16_56_19_913_1446067.smt_in.smt2,Yices2,True,0.2240903359997901,0.2240903359997901
UF/20170428-Barrett/cdt-cade2015/nada/distro/process/x2015_09_10_16_46_02_139_1005854.smt_in.smt2,cvc5,True,1.735459138872102,1.735459138872102
UF/sledgehammer/TypeSafe/smtlib.643748.smt2,iProver,False,1200,2400
UF/sledgehammer/TypeSafe/uf.744284.smt2,Yices2,False,1200,2400
UF/sledgehammer/Fundamental_Theorem_Algebra/uf.1098022.smt2,iProver,False,1200,2400
UF/sledgehammer/Arrow_Order/uf.827218.smt2,iProver,False,1200,2400
UF/sledgehammer/Fundamental_Theorem_Algebra/uf.998408.smt2,iProver,False,1200,2400
UF/sledgehammer/Fundamental_Theorem_Algebra/uf.1111599.smt2,cvc5,False,1200,2400
UF/20170428-Barrett/cdt-cade2015/nada/afp/coinductive_list/x2015_09_10_17_19_50_153_2896731.smt_in.smt2,cvc5,False,1200,2400
UF/20170428-Barrett/cdt-cade2015/nada/afp/coinductive_list/x2015_09_10_17_16_22_709_2765087.smt_in.smt2,cvc5,False,1200,2400
UF/sledgehammer/Arrow_Order/uf.560933.smt2,cvc5,False,1200,2400
UF/sledgehammer/Fundamental_Theorem_Algebra/uf.878138.smt2,cvc5,True,31.164541859878227,31.164541859878227
UF/20170428-Barrett/cdt-cade2015/nada/afp/sorted_list_operations/x2015_09_10_16_47_24_187_1049616.smt_in.smt2,cvc5,False,1200,2400
UF/sledgehammer/NS_Shared/uf.804685.smt2,cvc5,False,1200,2400
UF/sledgehammer/StrongNorm/uf.562545.smt2,iProver,False,1200,2400
UF/20170428-Barrett/cdt-cade2015/nada/afp/huffman/x2015_09_10_16_51_32_969_1321523.smt_in.smt2,Yices2,False,1200,2400
UF/sledgehammer/Fundamental_Theorem_Algebra/uf.1208885.smt2,iProver,True,46.91501899600007,46.91501899600007
UF/sledgehammer/Fundamental_Theorem_Algebra/uf.747807.smt2,cvc5,False,1200,2400
UF/sledgehammer/Hoare/uf.1194322.smt2,iProver,False,1200,2400
UF/20170428-Barrett/cdt-cade2015/nada/afp/tllist/x2015_09_10_16_59_25_014_1274521.smt_in.smt2,Yices2,False,1200,2400
UF/sledgehammer/QEpres/uf.1067152.smt2,iProver,False,1200,2400
UF/sledgehammer/Hoare/uf.717661.smt2,iProver,False,1200,2400
UF/sledgehammer/StrongNorm/uf.577788.smt2,iProver,False,1200,2400
UF/20170428-Barrett/cdt-cade2015/nada/afp/sorted_list_operations/x2015_09_10_16_48_02_634_1088060.smt_in.smt2,Yices2,False,1200,2400
UF/20170428-Barrett/cdt-cade2015/nada/distro/gram_lang/x2015_09_10_16_54_05_648_1456120.smt_in.smt2,cvc5,True,0.43193311616778374,0.43193311616778374
UF/sledgehammer/FFT/uf.882365.smt2,iProver,False,1200,2400
UF/sledgehammer/QEpres/uf.1067380.smt2,iProver,False,1200,2400
UF/sledgehammer/TypeSafe/uf.899319.smt2,iProver,False,1200,2400
UF/sledgehammer/NS_Shared/smtlib.699037.smt2,iProver,False,1200,2400
UF/20170428-Barrett/cdt-cade2015/nada/afp/coinductive_list/x2015_09_10_17_02_25_050_1825682.smt_in.smt2,Yices2,True,0.30248976499569835,0.30248976499569835
UF/sledgehammer/NS_Shared/uf.573318.smt2,cvc5,False,1200,2400
UF/sledgehammer/Fundamental_Theorem_Algebra/uf.1156429.smt2,iProver,True,11.388476096000886,11.388476096000886
UF/sledgehammer/Hoare/uf.1179741.smt2,iProver,False,1200,2400
UF/sledgehammer/NS_Shared/uf.620072.smt2,Yices2,False,1200,2400
UF/20170428-Barrett/cdt-cade2015/nada/gandl/cotree/x2015_09_10_16_49_33_834_984124.smt_in.smt2,cvc5,False,1200,2400
UF/sledgehammer/Fundamental_Theorem_Algebra/uf.692141.smt2,SMTInterpol,True,5.854075728973839,5.854075728973839
UF/20170428-Barrett/cdt-cade2015/nada/distro/rbt_impl/x2015_09_10_16_59_35_445_1924767.smt_in.smt2,cvc5,True,32.00891799805686,32.00891799805686
UF/20170428-Barrett/cdt-cade2015/nada/distro/gram_lang/x2015_09_10_16_55_11_170_1519123.smt_in.smt2,cvc5,True,146.28371293796226,146.28371293796226
UF/sledgehammer/Hoare/uf.780041.smt2,iProver,False,1200,2400
UF/sledgehammer/Hoare/uf.778982.smt2,cvc5,True,12.819845774909481,12.819845774909481
UF/20170428-Barrett/cdt-cade2015/nada/distro/gram_lang/x2015_09_10_16_46_45_255_1017693.smt_in.smt2,Yices2,True,89.81120153899974,89.81120153899974
UF/sledgehammer/Fundamental_Theorem_Algebra/uf.1051816.smt2,iProver,False,1200,2400
UF/sledgehammer/QEpres/uf.584356.smt2,iProver,False,1200,2400
UF/sledgehammer/Hoare/smtlib.664329.smt2,Yices2,True,0.21144158500101184,0.21144158500101184
UF/20170428-Barrett/cdt-cade2015/nada/distro/rbt_impl/x2015_09_10_16_59_40_645_1933434.smt_in.smt2,Yices2,False,1200,2400
UF/sledgehammer/Fundamental_Theorem_Algebra/uf.1049866.smt2,iProver,True,1.3694620889982616,1.3694620889982616
UF/sledgehammer/Arrow_Order/uf.690998.smt2,cvc5,True,2.542750557884574,2.542750557884574
UF/sledgehammer/Fundamental_Theorem_Algebra/uf.597996.smt2,cvc5,False,1200,2400
UF/sledgehammer/TypeSafe/uf.1420940.smt2,iProver,False,1200,2400
UF/sledgehammer/TypeSafe/smtlib.665501.smt2,iProver,False,1200,2400
UF/20170428-Barrett/cdt-cade2015/nada/distro/rbt_impl/x2015_09_10_16_58_36_615_1834043.smt_in.smt2,Yices2,False,1200,2400
UF/20170428-Barrett/cdt-cade2015/nada/afp/coinductive_list/x2015_09_10_17_09_26_760_2397370.smt_in.smt2,cvc5,False,1200,2400
UF/20170428-Barrett/cdt-cade2015/nada/afp/coinductive_list/x2015_09_10_17_17_37_894_2805936.smt_in.smt2,Yices2,False,1200,2400
UF/sledgehammer/QEpres/uf.595100.smt2,cvc5,False,1200,2400
UF/sledgehammer/TypeSafe/uf.774818.smt2,cvc5,False,1200,2400
UF/sledgehammer/Hoare/uf.961365.smt2,cvc5,False,1200,2400
UF/20170428-Barrett/cdt-cade2015/nada/gandl/bird_tree/x2015_09_10_16_54_57_967_1041087.smt_in.smt2,cvc5,False,1200,2400
UF/sledgehammer/Hoare/uf.1045994.smt2,iProver,False,1200,2400
UF/20170428-Barrett/cdt-cade2015/nada/afp/koenigslemma/x2015_09_10_16_53_15_067_1124217.smt_in.smt2,cvc5,True,30.662300526862964,30.662300526862964
UF/sledgehammer/FFT/uf.630833.smt2,iProver,False,1200,2400
UF/20190906-CLEARSY/0023/00907.smt2,Yices2,True,0.21569899000314763,0.21569899000314763
UF/sledgehammer/TypeSafe/smtlib.1296512.smt2,cvc5,False,1200,2400
UF/sledgehammer/FFT/uf.848008.smt2,iProver,False,1200,2400
UF/sledgehammer/Fundamental_Theorem_Algebra/uf.646778.smt2,iProver,False,1200,2400
UF/sledgehammer/QEpres/uf.949139.smt2,iProver,False,1200,2400
UF/20170428-Barrett/cdt-cade2015/nada/afp/coinductive_list/x2015_09_10_17_06_13_204_2133943.smt_in.smt2,cvc5,True,349.5804489038419,349.5804489038419
UF/sledgehammer/TypeSafe/smtlib.1297155.smt2,iProver,False,1200,2400
UF/sledgehammer/FFT/uf.799236.smt2,iProver,False,1200,2400
UF/sledgehammer/TwoSquares/uf.700304.smt2,iProver,True,2.3905812360026175,2.3905812360026175
UF/20170428-Barrett/cdt-cade2015/nada/afp/coinductive_stream/x2015_09_10_17_24_50_756_1219360.smt_in.smt2,Yices2,True,0.5691380229982315,0.5691380229982315
UF/20170428-Barrett/cdt-cade2015/nada/distro/rbt_impl/x2015_09_10_16_53_00_524_1264939.smt_in.smt2,Yices2,False,1200,2400
UF/20170428-Barrett/cdt-cade2015/nada/afp/coinductive_list/x2015_09_10_17_17_33_237_2803533.smt_in.smt2,Yices2,False,1200,2400
UF/sledgehammer/Fundamental_Theorem_Algebra/uf.939351.smt2,iProver,True,16.880438816000606,16.880438816000606
UF/sledgehammer/StrongNorm/uf.661674.smt2,iProver,False,1200,2400
UF/20170428-Barrett/cdt-cade2015/nada/afp/coinductive_list/x2015_09_10_17_19_00_978_2858141.smt_in.smt2,Yices2,False,1200,2400
UF/sledgehammer/TypeSafe/uf.806179.smt2,cvc5,False,1200,2400
UF/sledgehammer/NS_Shared/uf.606192.smt2,Yices2,False,1200,2400
UF/20170428-Barrett/cdt-cade2015/nada/afp/tllist/x2015_09_10_17_00_51_729_1379850.smt_in.smt2,Yices2,False,1200,2400
UF/20170428-Barrett/cdt-cade2015/nada/distro/koenig/x2015_09_10_16_44_57_238_996899.smt_in.smt2,cvc5,False,1200,2400
UF/sledgehammer/FFT/uf.560255.smt2,iProver,False,1200,2400
UF/sledgehammer/QEpres/uf.1086107.smt2,cvc5,False,1200,2400
UF/sledgehammer/StrongNorm/uf.709169.smt2,cvc5,False,1200,2400
UF/sledgehammer/TypeSafe/uf.963717.smt2,cvc5,False,1200,2400
UF/20170428-Barrett/cdt-cade2015/nada/distro/gram_lang/x2015_09_10_16_48_35_571_1136709.smt_in.smt2,cvc5,False,1200,2400
UF/20170428-Barrett/cdt-cade2015/nada/distro/stream/x2015_09_10_16_46_48_087_987073.smt_in.smt2,cvc5,False,1200,2400
UF/sledgehammer/Fundamental_Theorem_Algebra/uf.1162688.smt2,iProver,False,1200,2400
