Benchmark,Predicted_Solver,Solved,Runtime,PAR2_Score
ALIA/20230321-UltimateAutomizerSvcomp2023/tree_stack.i_23.smt2,SMTInterpol,True,2.3367688729777,2.3367688729777
ALIA/20230321-UltimateAutomizerSvcomp2023/sll2n_append_unequal.i_11.smt2,SMTInterpol,True,0.47316088498337194,0.47316088498337194
ALIA/20230321-UltimateAutomizerSvcomp2023/dll2c_update_all_reverse.i_163.smt2,SMTInterpol,True,0.7309696419979446,0.7309696419979446
ALIA/20230321-UltimateAutomizerSvcomp2023/sll_circular_traversal-1.i_31.smt2,iProver,False,1200,2400
ALIA/20230321-UltimateAutomizerSvcomp2023/packet_filter.i_1.smt2,cvc5,False,1200,2400
ALIA/20230321-UltimateAutomizerSvcomp2023/dll_circular_traversal-2.i_45.smt2,SMTInterpol,True,286.2815435800003,286.2815435800003
ALIA/20230321-UltimateAutomizerSvcomp2023/tree_parent_ptr.i_3.smt2,SMTInterpol,True,0.47937310294946656,0.47937310294946656
ALIA/20230321-UltimateAutomizerSvcomp2023/list_and_tree_cnstr-2.i_53.smt2,SMTInterpol,True,0.8311862330301665,0.8311862330301665
ALIA/20230321-UltimateAutomizerSvcomp2023/sll2c_prepend_unequal.i_41.smt2,SMTInterpol,False,1200,2400
ALIA/20230321-UltimateAutomizerSvcomp2023/dll_circular_traversal-2.i_13.smt2,SMTInterpol,True,0.7002027399721555,0.7002027399721555
ALIA/20230321-UltimateAutomizerSvcomp2023/sll2n_update_all_reverse.i_12.smt2,SMTInterpol,True,0.7110580729786307,0.7110580729786307
ALIA/20230321-UltimateAutomizerSvcomp2023/list-1.i_84.smt2,SMTInterpol,True,1.120938916981686,1.120938916981686
ALIA/20230321-UltimateAutomizerSvcomp2023/splice-2.i_49.smt2,SMTInterpol,False,1200,2400
ALIA/20230321-UltimateAutomizerSvcomp2023/list-ext_1.i_61.smt2,SMTInterpol,True,0.8850015630014241,0.8850015630014241
ALIA/20230321-UltimateAutomizerSvcomp2023/dll2c_remove_all.i_20.smt2,cvc5,False,1200,2400
ALIA/20230321-UltimateAutomizerSvcomp2023/sll2c_prepend_unequal.i_59.smt2,SMTInterpol,False,1200,2400
ALIA/20230321-UltimateAutomizerSvcomp2023/dll2n_insert_unequal.i_38.smt2,SMTInterpol,False,1200,2400
ALIA/20230321-UltimateAutomizerSvcomp2023/simple_search_value-1.i_61.smt2,SMTInterpol,True,303.0745986319962,303.0745986319962
ALIA/20230321-UltimateAutomizerSvcomp2023/sll2c_insert_unequal.i_85.smt2,SMTInterpol,True,162.05596658797003,162.05596658797003
ALIA/20230321-UltimateAutomizerSvcomp2023/dll2c_insert_equal.i_80.smt2,SMTInterpol,False,1200,2400
ALIA/20230321-UltimateAutomizerSvcomp2023/length_test03-1.i_209.smt2,SMTInterpol,True,73.49279091099743,73.49279091099743
ALIA/20230321-UltimateAutomizerSvcomp2023/dll2c_insert_equal.i_17.smt2,SMTInterpol,False,1200,2400
ALIA/20230321-UltimateAutomizerSvcomp2023/dll2c_insert_equal.i_27.smt2,SMTInterpol,False,1200,2400
ALIA/20230321-UltimateAutomizerSvcomp2023/sll2c_insert_unequal.i_83.smt2,cvc5,False,1200,2400
ALIA/20230321-UltimateAutomizerSvcomp2023/dll2n_append_unequal.i_17.smt2,SMTInterpol,True,0.42830695398151875,0.42830695398151875
ALIA/20230321-UltimateAutomizerSvcomp2023/test_mutex_double_unlock.i_35.smt2,cvc5,False,1200,2400
ALIA/20230321-UltimateAutomizerSvcomp2023/dll2c_update_all_reverse.i_152.smt2,SMTInterpol,True,0.7464975190232508,0.7464975190232508
ALIA/20230321-UltimateAutomizerSvcomp2023/sll2c_prepend_unequal.i_69.smt2,SMTInterpol,False,1200,2400
ALIA/20230321-UltimateAutomizerSvcomp2023/sll2n_insert_unequal.i_81.smt2,SMTInterpol,True,0.42035569401923567,0.42035569401923567
ALIA/20230321-UltimateAutomizerSvcomp2023/min_max.i_9.smt2,SMTInterpol,True,0.5285809360211715,0.5285809360211715
ALIA/20230321-UltimateAutomizerSvcomp2023/test_add-2.i_14.smt2,cvc5,True,0.271342322928831,0.271342322928831
ALIA/20230321-UltimateAutomizerSvcomp2023/list_and_tree_cnstr-1.i_63.smt2,SMTInterpol,True,6.736011181026697,6.736011181026697
ALIA/20230321-UltimateAutomizerSvcomp2023/sll-sorted-2.i_19.smt2,SMTInterpol,True,0.44844010699307546,0.44844010699307546
ALIA/20230321-UltimateAutomizerSvcomp2023/test_add-2.i_77.smt2,cvc5,True,0.24187010317109525,0.24187010317109525
ALIA/20230321-UltimateAutomizerSvcomp2023/sll_to_dll_rev-2.i_126.smt2,cvc5,True,0.227817835053429,0.227817835053429
ALIA/20230321-UltimateAutomizerSvcomp2023/dll2c_update_all_reverse.i_37.smt2,SMTInterpol,True,0.6464200729969889,0.6464200729969889
ALIA/20230321-UltimateAutomizerSvcomp2023/sll_circular_traversal-1.i_29.smt2,iProver,True,2.3819781499914825,2.3819781499914825
ALIA/20230321-UltimateAutomizerSvcomp2023/ex3_forlist.i_178.smt2,SMTInterpol,True,0.4885232200031169,0.4885232200031169
ALIA/20230321-UltimateAutomizerSvcomp2023/dll2c_insert_unequal.i_41.smt2,SMTInterpol,False,1200,2400
ALIA/20230321-UltimateAutomizerSvcomp2023/ex3_forlist.i_76.smt2,SMTInterpol,True,0.5728277870221063,0.5728277870221063
ALIA/20230321-UltimateAutomizerSvcomp2023/dll2c_insert_equal.i_68.smt2,SMTInterpol,False,1200,2400
ALIA/20230321-UltimateAutomizerSvcomp2023/bubble_sort_linux-1.i_50.smt2,SMTInterpol,True,9.777641376014799,9.777641376014799
ALIA/20230321-UltimateAutomizerSvcomp2023/bubble_sort_linux-1.i_66.smt2,cvc5,True,284.0797218030784,284.0797218030784
ALIA/20230321-UltimateAutomizerSvcomp2023/skiplist_3lvl.i_92.smt2,SMTInterpol,True,0.663404710998293,0.663404710998293
ALIA/20230321-UltimateAutomizerSvcomp2023/shared_mem1.i_33.smt2,SMTInterpol,True,0.6424350250163116,0.6424350250163116
ALIA/20230321-UltimateAutomizerSvcomp2023/sll2c_prepend_unequal.i_35.smt2,cvc5,False,1200,2400
ALIA/20230321-UltimateAutomizerSvcomp2023/splice-2.i_128.smt2,SMTInterpol,False,1200,2400
ALIA/20230321-UltimateAutomizerSvcomp2023/simple_built_from_end.i_75.smt2,SMTInterpol,True,0.5706488870200701,0.5706488870200701
ALIA/20230321-UltimateAutomizerSvcomp2023/sll-sorted-1.i_7.smt2,SMTInterpol,True,0.4058185939793475,0.4058185939793475
ALIA/20230321-UltimateAutomizerSvcomp2023/dll2c_update_all_reverse.i_168.smt2,SMTInterpol,True,0.7445824110182002,0.7445824110182002
ALIA/20230321-UltimateAutomizerSvcomp2023/sll2c_prepend_unequal.i_80.smt2,SMTInterpol,True,740.5088052380015,740.5088052380015
ALIA/20230321-UltimateAutomizerSvcomp2023/sll_circular_traversal-1.i_20.smt2,iProver,True,1.4070450640283525,1.4070450640283525
ALIA/20230321-UltimateAutomizerSvcomp2023/splice-2.i_95.smt2,SMTInterpol,True,7.720966635970399,7.720966635970399
ALIA/20230321-UltimateAutomizerSvcomp2023/sll2n_insert_unequal.i_38.smt2,SMTInterpol,True,202.04831831803313,202.04831831803313
ALIA/20230321-UltimateAutomizerSvcomp2023/dll-reverse.i_54.smt2,SMTInterpol,True,0.43709503100035363,0.43709503100035363
ALIA/20230321-UltimateAutomizerSvcomp2023/sll2c_remove_all.i_10.smt2,cvc5,True,0.6395011490676552,0.6395011490676552
ALIA/20230321-UltimateAutomizerSvcomp2023/simple_built_from_end.i_62.smt2,SMTInterpol,True,0.6185444860020652,0.6185444860020652
ALIA/20230321-UltimateAutomizerSvcomp2023/dll2n_prepend_unequal.i_33.smt2,SMTInterpol,True,467.31308745598653,467.31308745598653
ALIA/20230321-UltimateAutomizerSvcomp2023/tree_cnstr.i_0.smt2,SMTInterpol,True,0.4551699639996514,0.4551699639996514
ALIA/20230321-UltimateAutomizerSvcomp2023/sll_to_dll_rev-2.i_108.smt2,cvc5,True,0.2607229929417372,0.2607229929417372
ALIA/20230321-UltimateAutomizerSvcomp2023/list_and_tree_cnstr-1.i_60.smt2,SMTInterpol,True,11.82640627300134,11.82640627300134
ALIA/20230321-UltimateAutomizerSvcomp2023/dll2n_insert_unequal.i_3.smt2,SMTInterpol,False,1200,2400
ALIA/20230321-UltimateAutomizerSvcomp2023/sll2c_prepend_equal.i_30.smt2,SMTInterpol,False,1200,2400
ALIA/20230321-UltimateAutomizerSvcomp2023/ex3_forlist.i_31.smt2,SMTInterpol,True,0.4842364330543205,0.4842364330543205
ALIA/20230321-UltimateAutomizerSvcomp2023/running_example.i_11.smt2,SMTInterpol,True,0.5925905409967527,0.5925905409967527
ALIA/20230321-UltimateAutomizerSvcomp2023/list_search-2.i_21.smt2,SMTInterpol,True,0.4491826650337316,0.4491826650337316
ALIA/20230321-UltimateAutomizerSvcomp2023/simple-2.i_38.smt2,SMTInterpol,True,0.45182287599891424,0.45182287599891424
ALIA/20230321-UltimateAutomizerSvcomp2023/dll2n_remove_all_reverse.i_12.smt2,SMTInterpol,False,1200,2400
ALIA/20230321-UltimateAutomizerSvcomp2023/sll2c_prepend_equal.i_9.smt2,SMTInterpol,True,0.4250587970018387,0.4250587970018387
ALIA/20230321-UltimateAutomizerSvcomp2023/split_list_test05-2.i_8.smt2,SMTInterpol,True,0.42631781002273783,0.42631781002273783
ALIA/20230321-UltimateAutomizerSvcomp2023/dll-queue-1.i_19.smt2,SMTInterpol,True,0.4659622799954377,0.4659622799954377
ALIA/20230321-UltimateAutomizerSvcomp2023/sll2c_prepend_equal.i_26.smt2,SMTInterpol,False,1200,2400
ALIA/20230321-UltimateAutomizerSvcomp2023/list-ext_1.i_56.smt2,SMTInterpol,False,1200,2400
ALIA/20230321-UltimateAutomizerSvcomp2023/length_test03-1.i_68.smt2,cvc5,False,1200,2400
ALIA/20230321-UltimateAutomizerSvcomp2023/dll2c_insert_equal.i_55.smt2,SMTInterpol,False,1200,2400
ALIA/20230321-UltimateAutomizerSvcomp2023/list_and_tree_cnstr-1.i_37.smt2,SMTInterpol,True,0.619727712997701,0.619727712997701
ALIA/20230321-UltimateAutomizerSvcomp2023/sll2c_insert_unequal.i_2.smt2,SMTInterpol,True,0.4199343009968288,0.4199343009968288
ALIA/20230321-UltimateAutomizerSvcomp2023/skiplist_3lvl.i_37.smt2,SMTInterpol,False,1200,2400
ALIA/20230321-UltimateAutomizerSvcomp2023/shared_mem1.i_60.smt2,SMTInterpol,True,0.6253088579978794,0.6253088579978794
ALIA/20230321-UltimateAutomizerSvcomp2023/skiplist_3lvl.i_47.smt2,SMTInterpol,True,0.8353194490191527,0.8353194490191527
ALIA/20230321-UltimateAutomizerSvcomp2023/list_and_tree_cnstr-1.i_36.smt2,SMTInterpol,True,20.647653519001324,20.647653519001324
ALIA/20230321-UltimateAutomizerSvcomp2023/list-ext_flag_1.i_68.smt2,SMTInterpol,True,0.5748306780005805,0.5748306780005805
ALIA/20230321-UltimateAutomizerSvcomp2023/dll2n_prepend_unequal.i_36.smt2,SMTInterpol,False,1200,2400
ALIA/20230321-UltimateAutomizerSvcomp2023/bubble_sort_linux-1.i_26.smt2,SMTInterpol,True,0.6836749259964563,0.6836749259964563
ALIA/20230321-UltimateAutomizerSvcomp2023/simple_built_from_end.i_2.smt2,SMTInterpol,True,0.43082023598253727,0.43082023598253727
ALIA/20230321-UltimateAutomizerSvcomp2023/dll-rb-cnstr_1-2.i_9.smt2,SMTInterpol,False,1200,2400
ALIA/20230321-UltimateAutomizerSvcomp2023/sll_of_sll_nondet_append-2.i_0.smt2,cvc5,False,1200,2400
ALIA/20230321-UltimateAutomizerSvcomp2023/dll2n_append_unequal.i_53.smt2,SMTInterpol,True,499.8451046120026,499.8451046120026
ALIA/20230321-UltimateAutomizerSvcomp2023/sll-buckets-2.i_15.smt2,SMTInterpol,True,0.499017838970758,0.499017838970758
ALIA/20230321-UltimateAutomizerSvcomp2023/shared_mem1.i_11.smt2,SMTInterpol,True,0.4888783000060357,0.4888783000060357
ALIA/20230321-UltimateAutomizerSvcomp2023/ex3_forlist.i_74.smt2,SMTInterpol,True,0.8595261900336482,0.8595261900336482
ALIA/20230321-UltimateAutomizerSvcomp2023/list-1.i_86.smt2,SMTInterpol,True,1.2694628710160032,1.2694628710160032
ALIA/20230321-UltimateAutomizerSvcomp2023/dll2n_append_equal.i_50.smt2,SMTInterpol,True,0.43664080899907276,0.43664080899907276
ALIA/20230321-UltimateAutomizerSvcomp2023/test_add-2.i_83.smt2,cvc5,True,0.301851772936061,0.301851772936061
ALIA/20230321-UltimateAutomizerSvcomp2023/sll_circular_traversal-2.i_2.smt2,iProver,False,1200,2400
ALIA/20230321-UltimateAutomizerSvcomp2023/dll2c_update_all_reverse.i_15.smt2,SMTInterpol,True,0.5667547630146146,0.5667547630146146
ALIA/20230321-UltimateAutomizerSvcomp2023/ex3_forlist.i_20.smt2,SMTInterpol,True,0.5585033260285854,0.5585033260285854
ALIA/20230321-UltimateAutomizerSvcomp2023/list_search-2.i_29.smt2,SMTInterpol,True,0.47387136198813096,0.47387136198813096
ALIA/20230321-UltimateAutomizerSvcomp2023/dll2n_append_unequal.i_12.smt2,SMTInterpol,True,0.4457006820011884,0.4457006820011884
ALIA/20230321-UltimateAutomizerSvcomp2023/ex3_forlist.i_175.smt2,SMTInterpol,True,0.5277124809799716,0.5277124809799716
ALIA/20230321-UltimateAutomizerSvcomp2023/length_test03-1.i_20.smt2,SMTInterpol,True,0.42298584000673145,0.42298584000673145
ALIA/20230321-UltimateAutomizerSvcomp2023/sll_to_dll_rev-1.i_35.smt2,cvc5,True,0.2248013790231198,0.2248013790231198
ALIA/20230321-UltimateAutomizerSvcomp2023/ex3_forlist.i_93.smt2,SMTInterpol,True,0.5058642079820856,0.5058642079820856
ALIA/20230321-UltimateAutomizerSvcomp2023/length_test03-1.i_208.smt2,SMTInterpol,True,1.149015327973757,1.149015327973757
ALIA/20230321-UltimateAutomizerSvcomp2023/dll2c_insert_equal.i_15.smt2,SMTInterpol,False,1200,2400
ALIA/20230321-UltimateAutomizerSvcomp2023/sll_circular_traversal-1.i_61.smt2,SMTInterpol,False,1200,2400
ALIA/20230321-UltimateAutomizerSvcomp2023/length_test03-1.i_43.smt2,SMTInterpol,True,97.16614345903508,97.16614345903508
ALIA/20230321-UltimateAutomizerSvcomp2023/sll2c_prepend_unequal.i_20.smt2,SMTInterpol,False,1200,2400
ALIA/20230321-UltimateAutomizerSvcomp2023/sll2c_insert_equal.i_31.smt2,SMTInterpol,True,6.478991361975204,6.478991361975204
ALIA/20230321-UltimateAutomizerSvcomp2023/test_mutex_double_unlock.i_30.smt2,cvc5,True,0.29058726597577333,0.29058726597577333
ALIA/20230321-UltimateAutomizerSvcomp2023/dll_circular_traversal-2.i_163.smt2,SMTInterpol,True,630.049657311989,630.049657311989
ALIA/20230321-UltimateAutomizerSvcomp2023/dll2c_update_all_reverse.i_218.smt2,SMTInterpol,True,0.6230203810264356,0.6230203810264356
ALIA/20230321-UltimateAutomizerSvcomp2023/dll2c_update_all_reverse.i_130.smt2,SMTInterpol,True,0.7341018139850348,0.7341018139850348
ALIA/20230321-UltimateAutomizerSvcomp2023/list_and_tree_cnstr-2.i_49.smt2,SMTInterpol,True,0.7445848720381036,0.7445848720381036
ALIA/20230321-UltimateAutomizerSvcomp2023/sll_to_dll_rev-1.i_34.smt2,cvc5,True,0.22100431099534035,0.22100431099534035
ALIA/20230321-UltimateAutomizerSvcomp2023/sll2c_prepend_unequal.i_65.smt2,SMTInterpol,False,1200,2400
ALIA/20230321-UltimateAutomizerSvcomp2023/dll_circular_traversal-2.i_159.smt2,SMTInterpol,True,570.8717494510347,570.8717494510347
ALIA/20230321-UltimateAutomizerSvcomp2023/test_add-2.i_106.smt2,cvc5,True,31.343206540914252,31.343206540914252
ALIA/20230321-UltimateAutomizerSvcomp2023/dll_of_dll-1.i_54.smt2,SMTInterpol,True,0.47817969002062455,0.47817969002062455
ALIA/20230321-UltimateAutomizerSvcomp2023/length_test03-1.i_127.smt2,SMTInterpol,True,0.6283037289977074,0.6283037289977074
ALIA/20230321-UltimateAutomizerSvcomp2023/test_mutex_unlock_at_exit.i_23.smt2,SMTInterpol,True,25.911172216990963,25.911172216990963
ALIA/20230321-UltimateAutomizerSvcomp2023/list-ext_flag.i_82.smt2,cvc5,False,1200,2400
ALIA/20230321-UltimateAutomizerSvcomp2023/sll-buckets-2.i_17.smt2,SMTInterpol,True,0.5046028459910303,0.5046028459910303
ALIA/20230321-UltimateAutomizerSvcomp2023/dll_of_dll-1.i_11.smt2,SMTInterpol,True,0.48321080702589825,0.48321080702589825
ALIA/20230321-UltimateAutomizerSvcomp2023/simple_and_skiplist_2lvl-2.i_32.smt2,SMTInterpol,True,0.49766107299365103,0.49766107299365103
ALIA/20230321-UltimateAutomizerSvcomp2023/sll2c_prepend_unequal.i_74.smt2,SMTInterpol,False,1200,2400
ALIA/20230321-UltimateAutomizerSvcomp2023/simple_search_value-1.i_70.smt2,SMTInterpol,True,31.435986015945673,31.435986015945673
ALIA/20230321-UltimateAutomizerSvcomp2023/shared_mem1.i_53.smt2,SMTInterpol,False,1200,2400
ALIA/20230321-UltimateAutomizerSvcomp2023/dll_circular_traversal-2.i_15.smt2,iProver,True,0.9057316640391946,0.9057316640391946
ALIA/20230321-UltimateAutomizerSvcomp2023/prefixsum_rec.c_33.smt2,SMTInterpol,True,0.45012603502254933,0.45012603502254933
ALIA/20230321-UltimateAutomizerSvcomp2023/sll2n_update_all.i_30.smt2,SMTInterpol,True,0.4718193670269102,0.4718193670269102
ALIA/20230321-UltimateAutomizerSvcomp2023/sll2n_append_unequal.i_26.smt2,SMTInterpol,True,0.43746501102577895,0.43746501102577895
ALIA/20230321-UltimateAutomizerSvcomp2023/sll-optional-1.i_8.smt2,SMTInterpol,False,1200,2400
ALIA/20230321-UltimateAutomizerSvcomp2023/tree_stack.i_1.smt2,SMTInterpol,True,0.4306418559863232,0.4306418559863232
ALIA/20230321-UltimateAutomizerSvcomp2023/sll-sorted-2.i_28.smt2,SMTInterpol,True,4.0651293529663235,4.0651293529663235
ALIA/20230321-UltimateAutomizerSvcomp2023/test_mutex_double_unlock.i_36.smt2,cvc5,False,1200,2400
ALIA/20230321-UltimateAutomizerSvcomp2023/bubble_sort_linux-2.i_7.smt2,SMTInterpol,True,1.671437703014817,1.671437703014817
ALIA/20230321-UltimateAutomizerSvcomp2023/length_test03-1.i_113.smt2,SMTInterpol,True,1.189169657009188,1.189169657009188
ALIA/20230321-UltimateAutomizerSvcomp2023/dll2c_update_all_reverse.i_208.smt2,SMTInterpol,True,0.6259705959819257,0.6259705959819257
ALIA/20230321-UltimateAutomizerSvcomp2023/dll2c_insert_unequal.i_36.smt2,SMTInterpol,False,1200,2400
ALIA/20230321-UltimateAutomizerSvcomp2023/sll2c_insert_equal.i_66.smt2,SMTInterpol,True,0.4167101869825274,0.4167101869825274
ALIA/20230321-UltimateAutomizerSvcomp2023/dll2c_insert_unequal.i_5.smt2,SMTInterpol,True,0.4545691669918597,0.4545691669918597
ALIA/20230321-UltimateAutomizerSvcomp2023/simple_built_from_end.i_65.smt2,SMTInterpol,True,0.6170085390331224,0.6170085390331224
ALIA/20230321-UltimateAutomizerSvcomp2023/list_and_tree_cnstr-1.i_47.smt2,SMTInterpol,True,596.6945043730084,596.6945043730084
ALIA/20230321-UltimateAutomizerSvcomp2023/bubble_sort_linux-1.i_21.smt2,SMTInterpol,True,1.237573563004844,1.237573563004844
ALIA/20230321-UltimateAutomizerSvcomp2023/splice-2.i_93.smt2,SMTInterpol,True,0.9326854170067236,0.9326854170067236
ALIA/20230321-UltimateAutomizerSvcomp2023/dll_circular_traversal-2.i_10.smt2,SMTInterpol,True,0.4620975690195337,0.4620975690195337
ALIA/20230321-UltimateAutomizerSvcomp2023/dll2n_remove_all.i_2.smt2,SMTInterpol,True,2.036591895041056,2.036591895041056
ALIA/20230321-UltimateAutomizerSvcomp2023/tree_parent_ptr.i_0.smt2,SMTInterpol,True,0.4185879089636728,0.4185879089636728
ALIA/20230321-UltimateAutomizerSvcomp2023/length_test03-1.i_100.smt2,SMTInterpol,True,194.88631971098948,194.88631971098948
ALIA/20230321-UltimateAutomizerSvcomp2023/sll2c_insert_equal.i_64.smt2,SMTInterpol,True,274.1670283469721,274.1670283469721
ALIA/20230321-UltimateAutomizerSvcomp2023/bubble_sort_linux-2.i_17.smt2,cvc5,True,0.40638386993668973,0.40638386993668973
ALIA/20230321-UltimateAutomizerSvcomp2023/dll_of_dll-1.i_30.smt2,SMTInterpol,True,0.5229206130024977,0.5229206130024977
ALIA/20230321-UltimateAutomizerSvcomp2023/test_add-2.i_52.smt2,cvc5,True,0.31971429311670363,0.31971429311670363
ALIA/20230321-UltimateAutomizerSvcomp2023/length_test03-1.i_75.smt2,iProver,True,646.8938638160471,646.8938638160471
ALIA/20230321-UltimateAutomizerSvcomp2023/simple_and_skiplist_2lvl-2.i_33.smt2,SMTInterpol,True,0.4900636319653131,0.4900636319653131
ALIA/20230321-UltimateAutomizerSvcomp2023/bubble_sort_linux-2.i_4.smt2,SMTInterpol,True,0.49973386502824724,0.49973386502824724
ALIA/20230321-UltimateAutomizerSvcomp2023/length_test03-1.i_72.smt2,cvc5,False,1200,2400
ALIA/20230321-UltimateAutomizerSvcomp2023/list_and_tree_cnstr-2.i_67.smt2,SMTInterpol,True,4.101958920015022,4.101958920015022
ALIA/20230321-UltimateAutomizerSvcomp2023/sll_circular_traversal-1.i_66.smt2,SMTInterpol,False,1200,2400
ALIA/20230321-UltimateAutomizerSvcomp2023/sll2n_append_unequal.i_27.smt2,SMTInterpol,False,1200,2400
ALIA/20230321-UltimateAutomizerSvcomp2023/test_mutex_double_unlock.i_4.smt2,cvc5,True,0.22186858905479312,0.22186858905479312
ALIA/20230321-UltimateAutomizerSvcomp2023/ex3_forlist.i_171.smt2,SMTInterpol,True,0.47026878799078986,0.47026878799078986
ALIA/20230321-UltimateAutomizerSvcomp2023/dll2c_update_all_reverse.i_188.smt2,SMTInterpol,True,0.6319013930042274,0.6319013930042274
ALIA/20230321-UltimateAutomizerSvcomp2023/list_flag-2.i_31.smt2,SMTInterpol,True,0.40976167004555464,0.40976167004555464
ALIA/20230321-UltimateAutomizerSvcomp2023/sll-optional-1.i_3.smt2,SMTInterpol,True,2.1116122970124707,2.1116122970124707
ALIA/20230321-UltimateAutomizerSvcomp2023/list_search-1.i_3.smt2,SMTInterpol,True,0.43099880998488516,0.43099880998488516
ALIA/20230321-UltimateAutomizerSvcomp2023/test-0234-1.i_26.smt2,SMTInterpol,True,0.4650213309796527,0.4650213309796527
ALIA/20230321-UltimateAutomizerSvcomp2023/bubble_sort_linux-2.i_93.smt2,cvc5,False,1200,2400
ALIA/20230321-UltimateAutomizerSvcomp2023/ex3_forlist.i_52.smt2,SMTInterpol,True,0.5977496500127017,0.5977496500127017
ALIA/20230321-UltimateAutomizerSvcomp2023/dll-token-1.i_8.smt2,SMTInterpol,True,668.865306614025,668.865306614025
ALIA/20230321-UltimateAutomizerSvcomp2023/length_test03-1.i_115.smt2,SMTInterpol,True,0.8517112350018579,0.8517112350018579
ALIA/20230321-UltimateAutomizerSvcomp2023/sll2c_insert_equal.i_37.smt2,SMTInterpol,True,6.625229200988542,6.625229200988542
ALIA/20230321-UltimateAutomizerSvcomp2023/list_and_tree_cnstr-1.i_52.smt2,SMTInterpol,True,0.7760802249540575,0.7760802249540575
ALIA/20230321-UltimateAutomizerSvcomp2023/dll_circular_traversal-2.i_24.smt2,SMTInterpol,True,409.6140295820078,409.6140295820078
ALIA/20230321-UltimateAutomizerSvcomp2023/list-ext_flag.i_57.smt2,SMTInterpol,True,0.5573675020132214,0.5573675020132214
ALIA/20230321-UltimateAutomizerSvcomp2023/dll_circular_traversal-2.i_90.smt2,SMTInterpol,False,1200,2400
ALIA/20230321-UltimateAutomizerSvcomp2023/list_and_tree_cnstr-1.i_38.smt2,SMTInterpol,True,1.5034423290053383,1.5034423290053383
ALIA/20230321-UltimateAutomizerSvcomp2023/list_and_tree_cnstr-1.i_24.smt2,SMTInterpol,True,27.384072891029064,27.384072891029064
ALIA/20230321-UltimateAutomizerSvcomp2023/sll2c_prepend_unequal.i_66.smt2,SMTInterpol,False,1200,2400
ALIA/20230321-UltimateAutomizerSvcomp2023/sll2c_prepend_unequal.i_97.smt2,SMTInterpol,False,1200,2400
ALIA/20230321-UltimateAutomizerSvcomp2023/ex3_forlist.i_26.smt2,SMTInterpol,True,0.5330065509770066,0.5330065509770066
ALIA/20230321-UltimateAutomizerSvcomp2023/list_and_tree_cnstr-1.i_54.smt2,SMTInterpol,True,0.7873067560140043,0.7873067560140043
ALIA/20230321-UltimateAutomizerSvcomp2023/dll2c_insert_equal.i_49.smt2,SMTInterpol,False,1200,2400
ALIA/20230321-UltimateAutomizerSvcomp2023/list_search-1.i_16.smt2,SMTInterpol,True,0.46963384200353175,0.46963384200353175
ALIA/20230321-UltimateAutomizerSvcomp2023/dll2c_prepend_equal.i_11.smt2,SMTInterpol,True,0.4485471600200981,0.4485471600200981
ALIA/20230321-UltimateAutomizerSvcomp2023/test_add-2.i_100.smt2,cvc5,True,0.22575153899379075,0.22575153899379075
ALIA/20230321-UltimateAutomizerSvcomp2023/length_test03-1.i_95.smt2,cvc5,False,1200,2400
ALIA/20230321-UltimateAutomizerSvcomp2023/sll2n_update_all_reverse.i_24.smt2,SMTInterpol,True,0.9124230310553685,0.9124230310553685
ALIA/20230321-UltimateAutomizerSvcomp2023/dll2c_insert_equal.i_65.smt2,SMTInterpol,False,1200,2400
ALIA/20230321-UltimateAutomizerSvcomp2023/dll2n_prepend_unequal.i_64.smt2,SMTInterpol,False,1200,2400
ALIA/20230321-UltimateAutomizerSvcomp2023/dll2c_append_unequal.i_5.smt2,SMTInterpol,True,0.4511293040122837,0.4511293040122837
ALIA/20230321-UltimateAutomizerSvcomp2023/dll2c_update_all.i_20.smt2,SMTInterpol,True,0.4690885019954294,0.4690885019954294
ALIA/20230321-UltimateAutomizerSvcomp2023/shared_mem1.i_21.smt2,SMTInterpol,False,1200,2400
ALIA/20230321-UltimateAutomizerSvcomp2023/dll-token-1.i_12.smt2,iProver,True,0.8489046969916672,0.8489046969916672
ALIA/20230321-UltimateAutomizerSvcomp2023/sll2c_insert_unequal.i_59.smt2,SMTInterpol,False,1200,2400
ALIA/20230321-UltimateAutomizerSvcomp2023/length_test03-1.i_124.smt2,SMTInterpol,True,0.41112436703406274,0.41112436703406274
ALIA/20230321-UltimateAutomizerSvcomp2023/sll_to_dll_rev-2.i_105.smt2,cvc5,True,0.22598479804582894,0.22598479804582894
ALIA/20230321-UltimateAutomizerSvcomp2023/dll_circular_traversal-2.i_12.smt2,SMTInterpol,True,0.48338906798744574,0.48338906798744574
ALIA/20230321-UltimateAutomizerSvcomp2023/sll_circular_traversal-1.i_5.smt2,SMTInterpol,False,1200,2400
ALIA/20230321-UltimateAutomizerSvcomp2023/list-ext_flag.i_119.smt2,SMTInterpol,True,1.128750651027076,1.128750651027076
ALIA/20230321-UltimateAutomizerSvcomp2023/bubble_sort_linux-1.i_62.smt2,cvc5,False,1200,2400
ALIA/20230321-UltimateAutomizerSvcomp2023/sll2n_prepend_equal.i_55.smt2,SMTInterpol,True,0.6283340399968438,0.6283340399968438
ALIA/20230321-UltimateAutomizerSvcomp2023/sll2n_update_all_reverse.i_76.smt2,SMTInterpol,True,0.5285349490004592,0.5285349490004592
ALIA/20230321-UltimateAutomizerSvcomp2023/bubble_sort_linux-2.i_97.smt2,cvc5,True,0.36212256317958236,0.36212256317958236
ALIA/20230321-UltimateAutomizerSvcomp2023/bubble_sort_linux-1.i_47.smt2,SMTInterpol,True,5.71304522594437,5.71304522594437
ALIA/20230321-UltimateAutomizerSvcomp2023/vogal-2.i_0.smt2,SMTInterpol,True,0.4245509770116769,0.4245509770116769
ALIA/20230321-UltimateAutomizerSvcomp2023/dll2n_remove_all.i_3.smt2,SMTInterpol,True,1.3199831009842455,1.3199831009842455
ALIA/20230321-UltimateAutomizerSvcomp2023/dll2c_remove_all.i_4.smt2,SMTInterpol,False,1200,2400
ALIA/20230321-UltimateAutomizerSvcomp2023/dll2n_update_all.i_2.smt2,SMTInterpol,True,0.49367131100734696,0.49367131100734696
ALIA/20230321-UltimateAutomizerSvcomp2023/list_and_tree_cnstr-1.i_62.smt2,SMTInterpol,True,1.5708837099955417,1.5708837099955417
ALIA/20230321-UltimateAutomizerSvcomp2023/skiplist_3lvl.i_46.smt2,SMTInterpol,True,0.8418395630433224,0.8418395630433224
ALIA/20230321-UltimateAutomizerSvcomp2023/length_test03-1.i_106.smt2,cvc5,False,1200,2400
ALIA/20230321-UltimateAutomizerSvcomp2023/dll2c_update_all_reverse.i_141.smt2,SMTInterpol,True,0.743718457990326,0.743718457990326
ALIA/20230321-UltimateAutomizerSvcomp2023/shared_mem1.i_15.smt2,SMTInterpol,True,0.7076069109607488,0.7076069109607488
ALIA/20230321-UltimateAutomizerSvcomp2023/bubble_sort_linux-1.i_38.smt2,SMTInterpol,True,2.8005300749791786,2.8005300749791786
ALIA/20230321-UltimateAutomizerSvcomp2023/bubble_sort_linux-1.i_4.smt2,SMTInterpol,True,0.5538923519779928,0.5538923519779928
ALIA/20230321-UltimateAutomizerSvcomp2023/shared_mem1.i_44.smt2,SMTInterpol,True,0.7571675110011711,0.7571675110011711
ALIA/20230321-UltimateAutomizerSvcomp2023/sll2n_update_all.i_5.smt2,SMTInterpol,True,0.501934603031259,0.501934603031259
ALIA/20230321-UltimateAutomizerSvcomp2023/list-ext_1.i_49.smt2,SMTInterpol,True,0.4822277729981579,0.4822277729981579
ALIA/20230321-UltimateAutomizerSvcomp2023/length_test03-1.i_157.smt2,cvc5,False,1200,2400
ALIA/20230321-UltimateAutomizerSvcomp2023/bubble_sort_linux-1.i_56.smt2,SMTInterpol,True,2.718260153022129,2.718260153022129
ALIA/20230321-UltimateAutomizerSvcomp2023/dll-queue-1.i_5.smt2,SMTInterpol,True,0.4603488919674419,0.4603488919674419
ALIA/20230321-UltimateAutomizerSvcomp2023/ex3_forlist.i_206.smt2,SMTInterpol,True,0.47266818198841065,0.47266818198841065
ALIA/20230321-UltimateAutomizerSvcomp2023/list_and_tree_cnstr-1.i_21.smt2,SMTInterpol,True,1.0921214180416428,1.0921214180416428
ALIA/20230321-UltimateAutomizerSvcomp2023/list_and_tree_cnstr-1.i_45.smt2,SMTInterpol,True,1.0991525360150263,1.0991525360150263
ALIA/20230321-UltimateAutomizerSvcomp2023/dll2c_insert_equal.i_83.smt2,SMTInterpol,False,1200,2400
ALIA/20230321-UltimateAutomizerSvcomp2023/splice-2.i_66.smt2,SMTInterpol,False,1200,2400
ALIA/20230321-UltimateAutomizerSvcomp2023/sll2c_prepend_equal.i_39.smt2,SMTInterpol,False,1200,2400
ALIA/20230321-UltimateAutomizerSvcomp2023/dll2c_insert_equal.i_87.smt2,SMTInterpol,False,1200,2400
ALIA/20230321-UltimateAutomizerSvcomp2023/sll2c_prepend_unequal.i_75.smt2,cvc5,False,1200,2400
ALIA/20230321-UltimateAutomizerSvcomp2023/test_add-2.i_80.smt2,cvc5,True,0.5128024918958545,0.5128024918958545
ALIA/20230321-UltimateAutomizerSvcomp2023/sll_to_dll_rev-2.i_36.smt2,cvc5,True,0.22246770514175296,0.22246770514175296
ALIA/20230321-UltimateAutomizerSvcomp2023/sll2n_insert_unequal.i_47.smt2,SMTInterpol,True,83.57605594699271,83.57605594699271
ALIA/20230321-UltimateAutomizerSvcomp2023/sll2n_update_all_reverse.i_16.smt2,SMTInterpol,True,0.6239170350017957,0.6239170350017957
ALIA/20230321-UltimateAutomizerSvcomp2023/skiplist_3lvl.i_77.smt2,SMTInterpol,True,0.917074981960468,0.917074981960468
ALIA/20230321-UltimateAutomizerSvcomp2023/sll_to_dll_rev-2.i_110.smt2,cvc5,True,0.4343454798217863,0.4343454798217863
ALIA/20230321-UltimateAutomizerSvcomp2023/dll2n_insert_unequal.i_33.smt2,SMTInterpol,False,1200,2400
ALIA/20230321-UltimateAutomizerSvcomp2023/skiplist_3lvl.i_102.smt2,SMTInterpol,True,1.7225779299624264,1.7225779299624264
ALIA/20230321-UltimateAutomizerSvcomp2023/test_add-2.i_46.smt2,cvc5,True,0.259025570936501,0.259025570936501
ALIA/20230321-UltimateAutomizerSvcomp2023/splice-2.i_126.smt2,SMTInterpol,False,1200,2400
ALIA/20230321-UltimateAutomizerSvcomp2023/dll_circular_traversal-2.i_158.smt2,cvc5,True,63.894229487050325,63.894229487050325
ALIA/20230321-UltimateAutomizerSvcomp2023/process_queue.i_11.smt2,SMTInterpol,False,1200,2400
ALIA/20230321-UltimateAutomizerSvcomp2023/length_test03-2.i_133.smt2,SMTInterpol,True,0.42372284800512716,0.42372284800512716
ALIA/20230321-UltimateAutomizerSvcomp2023/dancing.i_9.smt2,SMTInterpol,True,0.48645888397004455,0.48645888397004455
ALIA/20230321-UltimateAutomizerSvcomp2023/sll_to_dll_rev-1.i_71.smt2,cvc5,True,2.332242043921724,2.332242043921724
ALIA/20230321-UltimateAutomizerSvcomp2023/sll_to_dll_rev-1.i_84.smt2,cvc5,True,0.31776011595502496,0.31776011595502496
ALIA/20230321-UltimateAutomizerSvcomp2023/tree_of_cslls.i_8.smt2,SMTInterpol,True,0.5161237319698557,0.5161237319698557
ALIA/20230321-UltimateAutomizerSvcomp2023/sll2c_insert_equal.i_61.smt2,SMTInterpol,True,105.54895535996184,105.54895535996184
ALIA/20230321-UltimateAutomizerSvcomp2023/dll2c_update_all.i_12.smt2,SMTInterpol,True,0.4530826149857603,0.4530826149857603
ALIA/20230321-UltimateAutomizerSvcomp2023/shared_mem1.i_65.smt2,cvc5,True,0.2445285280700773,0.2445285280700773
ALIA/20230321-UltimateAutomizerSvcomp2023/shared_mem1.i_4.smt2,SMTInterpol,True,0.5107231580186635,0.5107231580186635
ALIA/20230321-UltimateAutomizerSvcomp2023/length_test03-1.i_109.smt2,cvc5,True,369.4960930508096,369.4960930508096
ALIA/20230321-UltimateAutomizerSvcomp2023/dll_circular_traversal-2.i_143.smt2,SMTInterpol,False,1200,2400
ALIA/20230321-UltimateAutomizerSvcomp2023/dll2n_insert_unequal.i_14.smt2,SMTInterpol,False,1200,2400
ALIA/20230321-UltimateAutomizerSvcomp2023/dll2n_append_equal.i_32.smt2,SMTInterpol,True,0.421577638015151,0.421577638015151
ALIA/20230321-UltimateAutomizerSvcomp2023/test_mutex_unlock_at_exit.i_17.smt2,SMTInterpol,True,0.4127371530048549,0.4127371530048549
ALIA/20230321-UltimateAutomizerSvcomp2023/dll-rb-cnstr_1-2.i_7.smt2,SMTInterpol,False,1200,2400
ALIA/20230321-UltimateAutomizerSvcomp2023/sll2c_prepend_equal.i_13.smt2,SMTInterpol,False,1200,2400
ALIA/20230321-UltimateAutomizerSvcomp2023/tree_max.c_2.smt2,SMTInterpol,True,0.4513755029765889,0.4513755029765889
ALIA/20230321-UltimateAutomizerSvcomp2023/simple_built_from_end.i_32.smt2,SMTInterpol,True,0.5483001269749366,0.5483001269749366
ALIA/20230321-UltimateAutomizerSvcomp2023/dll2n_remove_all.i_12.smt2,SMTInterpol,False,1200,2400
ALIA/20230321-UltimateAutomizerSvcomp2023/bubble_sort_linux-1.i_20.smt2,SMTInterpol,True,1.1633327460149303,1.1633327460149303
ALIA/20230321-UltimateAutomizerSvcomp2023/bubble_sort_linux-1.i_42.smt2,SMTInterpol,True,1.6984380229841918,1.6984380229841918
ALIA/20230321-UltimateAutomizerSvcomp2023/dll-01-2.i_11.smt2,cvc5,True,271.7203339219559,271.7203339219559
ALIA/20230321-UltimateAutomizerSvcomp2023/list-ext_flag.i_107.smt2,SMTInterpol,True,1.9486243769642897,1.9486243769642897
ALIA/20230321-UltimateAutomizerSvcomp2023/splice-2.i_35.smt2,SMTInterpol,True,0.4430499479640275,0.4430499479640275
ALIA/20230321-UltimateAutomizerSvcomp2023/tree_stack.i_4.smt2,cvc5,True,66.60559862409718,66.60559862409718
ALIA/20230321-UltimateAutomizerSvcomp2023/tree_cnstr.i_12.smt2,SMTInterpol,True,2.442137708014343,2.442137708014343
ALIA/20230321-UltimateAutomizerSvcomp2023/length_test03-1.i_98.smt2,cvc5,False,1200,2400
ALIA/20230321-UltimateAutomizerSvcomp2023/sll2n_append_unequal.i_21.smt2,SMTInterpol,True,0.42748810100601986,0.42748810100601986
ALIA/20230321-UltimateAutomizerSvcomp2023/dll2c_insert_equal.i_71.smt2,SMTInterpol,False,1200,2400
ALIA/20230321-UltimateAutomizerSvcomp2023/list_and_tree_cnstr-2.i_58.smt2,SMTInterpol,True,0.7502906420268118,0.7502906420268118
ALIA/20230321-UltimateAutomizerSvcomp2023/splice-2.i_55.smt2,SMTInterpol,False,1200,2400
ALIA/20230321-UltimateAutomizerSvcomp2023/list-2.i_32.smt2,SMTInterpol,True,0.7585229859687388,0.7585229859687388
ALIA/20230321-UltimateAutomizerSvcomp2023/sll-sorted-2.i_79.smt2,cvc5,True,0.4512439260724932,0.4512439260724932
ALIA/20230321-UltimateAutomizerSvcomp2023/sll2c_insert_equal.i_12.smt2,SMTInterpol,True,43.62681786704343,43.62681786704343
ALIA/20230321-UltimateAutomizerSvcomp2023/running_example.i_0.smt2,SMTInterpol,True,0.9689330119872466,0.9689330119872466
ALIA/20230321-UltimateAutomizerSvcomp2023/sll2c_insert_unequal.i_1.smt2,SMTInterpol,True,0.4336100309737958,0.4336100309737958
ALIA/20230321-UltimateAutomizerSvcomp2023/ex3_forlist.i_176.smt2,SMTInterpol,True,0.4913067659945227,0.4913067659945227
ALIA/20230321-UltimateAutomizerSvcomp2023/list_search-2.i_0.smt2,SMTInterpol,True,0.4518438520026393,0.4518438520026393
ALIA/20230321-UltimateAutomizerSvcomp2023/dll_circular_traversal-2.i_31.smt2,cvc5,False,1200,2400
ALIA/20230321-UltimateAutomizerSvcomp2023/sll2n_update_all_reverse.i_4.smt2,SMTInterpol,True,0.5716299299965613,0.5716299299965613
ALIA/20230321-UltimateAutomizerSvcomp2023/sll2c_insert_unequal.i_15.smt2,SMTInterpol,False,1200,2400
ALIA/20230321-UltimateAutomizerSvcomp2023/dll2c_remove_all.i_9.smt2,SMTInterpol,False,1200,2400
ALIA/20230321-UltimateAutomizerSvcomp2023/dll2c_insert_equal.i_102.smt2,SMTInterpol,True,0.4522800780250691,0.4522800780250691
ALIA/20230321-UltimateAutomizerSvcomp2023/shared_mem1.i_75.smt2,cvc5,True,0.24376371293328702,0.24376371293328702
ALIA/20230321-UltimateAutomizerSvcomp2023/length_test03-1.i_26.smt2,SMTInterpol,True,0.5225844249944203,0.5225844249944203
ALIA/20230321-UltimateAutomizerSvcomp2023/list_flag-2.i_14.smt2,SMTInterpol,True,0.4268564590020105,0.4268564590020105
ALIA/20230321-UltimateAutomizerSvcomp2023/sll_to_dll_rev-2.i_102.smt2,SMTInterpol,True,0.516454653989058,0.516454653989058
ALIA/20230321-UltimateAutomizerSvcomp2023/dll2c_insert_equal.i_93.smt2,SMTInterpol,False,1200,2400
ALIA/20230321-UltimateAutomizerSvcomp2023/dll2c_insert_equal.i_77.smt2,SMTInterpol,False,1200,2400
ALIA/20230321-UltimateAutomizerSvcomp2023/simple_built_from_end.i_73.smt2,SMTInterpol,True,0.6528189919772558,0.6528189919772558
ALIA/20230321-UltimateAutomizerSvcomp2023/sll2n_update_all_reverse.i_3.smt2,SMTInterpol,True,0.6085397530114278,0.6085397530114278
ALIA/20230321-UltimateAutomizerSvcomp2023/sll2c_prepend_unequal.i_100.smt2,SMTInterpol,True,608.8849552019965,608.8849552019965
ALIA/20230321-UltimateAutomizerSvcomp2023/dll2n_prepend_unequal.i_57.smt2,SMTInterpol,False,1200,2400
ALIA/20230321-UltimateAutomizerSvcomp2023/dll2c_update_all_reverse.i_27.smt2,SMTInterpol,True,0.6105096319806762,0.6105096319806762
ALIA/20230321-UltimateAutomizerSvcomp2023/dll-optional-1.i_0.smt2,iProver,False,1200,2400
ALIA/20230321-UltimateAutomizerSvcomp2023/list_and_tree_cnstr-2.i_65.smt2,SMTInterpol,True,0.7043500079889782,0.7043500079889782
ALIA/20230321-UltimateAutomizerSvcomp2023/dll-optional-1.i_16.smt2,SMTInterpol,True,539.5323008649866,539.5323008649866
ALIA/20230321-UltimateAutomizerSvcomp2023/ex3_forlist.i_69.smt2,SMTInterpol,True,0.593816370004788,0.593816370004788
ALIA/20230321-UltimateAutomizerSvcomp2023/bubble_sort_linux-1.i_16.smt2,SMTInterpol,True,0.4464111269917339,0.4464111269917339
ALIA/20230321-UltimateAutomizerSvcomp2023/ex3_forlist.i_200.smt2,SMTInterpol,True,0.46179807995213196,0.46179807995213196
ALIA/20230321-UltimateAutomizerSvcomp2023/sll2n_insert_unequal.i_31.smt2,SMTInterpol,True,200.97746253298828,200.97746253298828
ALIA/20230321-UltimateAutomizerSvcomp2023/bubble_sort_linux-2.i_0.smt2,cvc5,True,0.5484156610909849,0.5484156610909849
ALIA/20230321-UltimateAutomizerSvcomp2023/list-ext_flag.i_4.smt2,SMTInterpol,True,0.5609510409994982,0.5609510409994982
ALIA/piVC/piVC_d9dcdb.smt2,SMTInterpol,True,1.1064248890033923,1.1064248890033923
ALIA/20230321-UltimateAutomizerSvcomp2023/splice-2.i_64.smt2,SMTInterpol,False,1200,2400
ALIA/20230321-UltimateAutomizerSvcomp2023/ex3_forlist.i_68.smt2,SMTInterpol,True,0.6146861169836484,0.6146861169836484
ALIA/20230321-UltimateAutomizerSvcomp2023/max05-2.i_3.smt2,SMTInterpol,False,1200,2400
ALIA/20230321-UltimateAutomizerSvcomp2023/dll2c_insert_unequal.i_6.smt2,SMTInterpol,False,1200,2400
ALIA/20230321-UltimateAutomizerSvcomp2023/ex3_forlist.i_62.smt2,SMTInterpol,True,0.5705603079986759,0.5705603079986759
ALIA/20230321-UltimateAutomizerSvcomp2023/dll2n_append_unequal.i_30.smt2,SMTInterpol,False,1200,2400
ALIA/20230321-UltimateAutomizerSvcomp2023/list-ext_flag.i_112.smt2,SMTInterpol,True,1.3037139799562283,1.3037139799562283
ALIA/20230321-UltimateAutomizerSvcomp2023/sll-sorted-2.i_46.smt2,SMTInterpol,True,0.5289760649902746,0.5289760649902746
ALIA/20230321-UltimateAutomizerSvcomp2023/sll2n_prepend_equal.i_31.smt2,SMTInterpol,True,0.40674298600060865,0.40674298600060865
ALIA/20230321-UltimateAutomizerSvcomp2023/dll2n_append_equal.i_20.smt2,cvc5,False,1200,2400
ALIA/20230321-UltimateAutomizerSvcomp2023/sll_to_dll_rev-2.i_106.smt2,SMTInterpol,True,0.5890136079979129,0.5890136079979129
ALIA/20230321-UltimateAutomizerSvcomp2023/dll2n_insert_unequal.i_23.smt2,SMTInterpol,False,1200,2400
ALIA/20230321-UltimateAutomizerSvcomp2023/list-ext_flag.i_100.smt2,SMTInterpol,False,1200,2400
ALIA/20230321-UltimateAutomizerSvcomp2023/dll2c_update_all_reverse.i_221.smt2,SMTInterpol,True,0.6534936929820105,0.6534936929820105
ALIA/20230321-UltimateAutomizerSvcomp2023/skiplist_3lvl.i_100.smt2,SMTInterpol,True,0.9639897849992849,0.9639897849992849
ALIA/20230321-UltimateAutomizerSvcomp2023/tree_stack.i_0.smt2,SMTInterpol,True,0.421392896969337,0.421392896969337
ALIA/20230321-UltimateAutomizerSvcomp2023/dll2c_insert_equal.i_26.smt2,SMTInterpol,False,1200,2400
ALIA/20230321-UltimateAutomizerSvcomp2023/dll2c_update_all_reverse.i_195.smt2,SMTInterpol,True,0.6251664530136622,0.6251664530136622
ALIA/20230321-UltimateAutomizerSvcomp2023/list-2.i_33.smt2,SMTInterpol,True,1.4431157080107369,1.4431157080107369
ALIA/20230321-UltimateAutomizerSvcomp2023/length_test03-1.i_12.smt2,SMTInterpol,True,0.481127489998471,0.481127489998471
ALIA/20230321-UltimateAutomizerSvcomp2023/list-1.i_79.smt2,SMTInterpol,True,58.1292186260107,58.1292186260107
ALIA/20230321-UltimateAutomizerSvcomp2023/split_list_test05-2.i_10.smt2,SMTInterpol,True,0.44634607498301193,0.44634607498301193
ALIA/20230321-UltimateAutomizerSvcomp2023/simple_built_from_end.i_47.smt2,SMTInterpol,True,0.49558731296565384,0.49558731296565384
ALIA/20230321-UltimateAutomizerSvcomp2023/list_and_tree_cnstr-1.i_81.smt2,SMTInterpol,True,0.5745868199737743,0.5745868199737743
ALIA/20230321-UltimateAutomizerSvcomp2023/ex3_forlist.i_51.smt2,SMTInterpol,True,0.5673650960088708,0.5673650960088708
ALIA/20230321-UltimateAutomizerSvcomp2023/sll2n_append_equal.i_24.smt2,SMTInterpol,True,0.5124502439866774,0.5124502439866774
ALIA/20230321-UltimateAutomizerSvcomp2023/dll2n_prepend_unequal.i_22.smt2,SMTInterpol,True,763.3975470099831,763.3975470099831
ALIA/20230321-UltimateAutomizerSvcomp2023/sll2n_prepend_equal.i_43.smt2,SMTInterpol,True,0.4226889619603753,0.4226889619603753
ALIA/20230321-UltimateAutomizerSvcomp2023/simple_and_skiplist_2lvl-2.i_57.smt2,SMTInterpol,True,5.789805454958696,5.789805454958696
ALIA/20230321-UltimateAutomizerSvcomp2023/simple_search_value-1.i_74.smt2,iProver,False,1200,2400
ALIA/20230321-UltimateAutomizerSvcomp2023/shared_mem1.i_94.smt2,SMTInterpol,True,0.6621296929661185,0.6621296929661185
ALIA/20230321-UltimateAutomizerSvcomp2023/ex3_forlist.i_65.smt2,SMTInterpol,True,0.9045093950117007,0.9045093950117007
ALIA/20230321-UltimateAutomizerSvcomp2023/sll2n_insert_unequal.i_68.smt2,SMTInterpol,True,181.5951743790065,181.5951743790065
ALIA/20230321-UltimateAutomizerSvcomp2023/dll2c_update_all_reverse.i_8.smt2,SMTInterpol,True,0.5186862589907832,0.5186862589907832
ALIA/20230321-UltimateAutomizerSvcomp2023/tree_cnstr.i_43.smt2,SMTInterpol,True,0.5510569649632089,0.5510569649632089
ALIA/20230321-UltimateAutomizerSvcomp2023/sll2n_remove_all_reverse.i_1.smt2,SMTInterpol,False,1200,2400
ALIA/20230321-UltimateAutomizerSvcomp2023/shared_mem1.i_8.smt2,cvc5,True,0.2268526351545006,0.2268526351545006
ALIA/20230321-UltimateAutomizerSvcomp2023/ex3_forlist.i_73.smt2,SMTInterpol,True,0.5703846899559721,0.5703846899559721
ALIA/20230321-UltimateAutomizerSvcomp2023/sll_circular_traversal-1.i_18.smt2,iProver,True,1.3412509141489863,1.3412509141489863
ALIA/20230321-UltimateAutomizerSvcomp2023/skiplist_3lvl.i_49.smt2,SMTInterpol,True,0.8766826249775477,0.8766826249775477
ALIA/20230321-UltimateAutomizerSvcomp2023/list_and_tree_cnstr-2.i_46.smt2,SMTInterpol,True,0.6196410859702155,0.6196410859702155
ALIA/20230321-UltimateAutomizerSvcomp2023/list_search-2.i_13.smt2,SMTInterpol,True,0.4336662910063751,0.4336662910063751
ALIA/20230321-UltimateAutomizerSvcomp2023/sll2c_insert_equal.i_4.smt2,SMTInterpol,True,0.4252198929898441,0.4252198929898441
ALIA/20230321-UltimateAutomizerSvcomp2023/test_mutex_unlock_at_exit.i_22.smt2,SMTInterpol,True,25.61245783098275,25.61245783098275
ALIA/20230321-UltimateAutomizerSvcomp2023/ex3_forlist.i_155.smt2,SMTInterpol,True,0.4257470289594494,0.4257470289594494
ALIA/20230321-UltimateAutomizerSvcomp2023/list-ext_flag.i_88.smt2,SMTInterpol,False,1200,2400
ALIA/20230321-UltimateAutomizerSvcomp2023/test_mutex_double_unlock.i_31.smt2,cvc5,True,1.2490101112052798,1.2490101112052798
ALIA/20230321-UltimateAutomizerSvcomp2023/dll2c_update_all_reverse.i_32.smt2,SMTInterpol,True,0.6127666090033017,0.6127666090033017
ALIA/20230321-UltimateAutomizerSvcomp2023/list_flag-2.i_22.smt2,SMTInterpol,True,0.42426855699159205,0.42426855699159205
ALIA/20230321-UltimateAutomizerSvcomp2023/dll2n_insert_unequal.i_19.smt2,SMTInterpol,False,1200,2400
ALIA/20230321-UltimateAutomizerSvcomp2023/dll2n_insert_equal.i_0.smt2,SMTInterpol,True,0.5568983129924163,0.5568983129924163
ALIA/piVC/piVC_d91441.smt2,SMTInterpol,True,1.2337188469828106,1.2337188469828106
ALIA/20230321-UltimateAutomizerSvcomp2023/simple-2.i_36.smt2,SMTInterpol,True,0.46150084998225793,0.46150084998225793
ALIA/20230321-UltimateAutomizerSvcomp2023/shared_mem1.i_6.smt2,SMTInterpol,False,1200,2400
ALIA/20230321-UltimateAutomizerSvcomp2023/simple_search_value-1.i_64.smt2,SMTInterpol,True,662.3399265820044,662.3399265820044
ALIA/20230321-UltimateAutomizerSvcomp2023/length_test03-1.i_102.smt2,cvc5,False,1200,2400
ALIA/20230321-UltimateAutomizerSvcomp2023/sll_to_dll_rev-1.i_52.smt2,cvc5,True,0.5252589150331914,0.5252589150331914
ALIA/20230321-UltimateAutomizerSvcomp2023/ex3_forlist.i_203.smt2,SMTInterpol,True,0.49011915596202016,0.49011915596202016
ALIA/20230321-UltimateAutomizerSvcomp2023/bubble_sort_linux-1.i_2.smt2,cvc5,False,1200,2400
ALIA/20230321-UltimateAutomizerSvcomp2023/shared_mem1.i_47.smt2,SMTInterpol,True,0.6387520899879746,0.6387520899879746
ALIA/20230321-UltimateAutomizerSvcomp2023/list_search-2.i_37.smt2,SMTInterpol,True,0.44254141399869695,0.44254141399869695
ALIA/20230321-UltimateAutomizerSvcomp2023/list-ext_flag.i_68.smt2,SMTInterpol,False,1200,2400
ALIA/20230321-UltimateAutomizerSvcomp2023/sll2n_insert_unequal.i_4.smt2,SMTInterpol,True,6.0598100569914095,6.0598100569914095
ALIA/20230321-UltimateAutomizerSvcomp2023/ex3_forlist.i_38.smt2,SMTInterpol,True,0.5630671110120602,0.5630671110120602
ALIA/20230321-UltimateAutomizerSvcomp2023/list_and_tree_cnstr-1.i_4.smt2,SMTInterpol,True,0.4379088499699719,0.4379088499699719
ALIA/20230321-UltimateAutomizerSvcomp2023/dll2c_append_unequal.i_15.smt2,cvc5,True,0.4065334419719875,0.4065334419719875
ALIA/20230321-UltimateAutomizerSvcomp2023/dll2c_update_all_reverse.i_2.smt2,SMTInterpol,True,0.4958597660297528,0.4958597660297528
ALIA/20230321-UltimateAutomizerSvcomp2023/dll2n_insert_unequal.i_20.smt2,SMTInterpol,False,1200,2400
ALIA/20230321-UltimateAutomizerSvcomp2023/bubble_sort_linux-1.i_52.smt2,SMTInterpol,True,2.8373443429591134,2.8373443429591134
ALIA/20230321-UltimateAutomizerSvcomp2023/dll2n_insert_unequal.i_26.smt2,SMTInterpol,False,1200,2400
ALIA/20230321-UltimateAutomizerSvcomp2023/tree_of_cslls.i_16.smt2,SMTInterpol,True,0.5304332789964974,0.5304332789964974
ALIA/20230321-UltimateAutomizerSvcomp2023/test_add-2.i_40.smt2,cvc5,True,0.3717396028805524,0.3717396028805524
ALIA/20230321-UltimateAutomizerSvcomp2023/dll_circular_traversal-2.i_65.smt2,SMTInterpol,True,0.6598598400014453,0.6598598400014453
ALIA/20230321-UltimateAutomizerSvcomp2023/test_add-2.i_74.smt2,cvc5,True,0.30233338195830584,0.30233338195830584
ALIA/20230321-UltimateAutomizerSvcomp2023/length_test03-1.i_207.smt2,SMTInterpol,True,0.8732923449715599,0.8732923449715599
ALIA/20230321-UltimateAutomizerSvcomp2023/packet_filter.i_2.smt2,cvc5,False,1200,2400
ALIA/20230321-UltimateAutomizerSvcomp2023/dll2c_insert_equal.i_61.smt2,SMTInterpol,False,1200,2400
ALIA/20230321-UltimateAutomizerSvcomp2023/test_mutex_unlock_at_exit.i_13.smt2,SMTInterpol,True,0.43317776604089886,0.43317776604089886
ALIA/20230321-UltimateAutomizerSvcomp2023/dll-rb-cnstr_1-2.i_2.smt2,SMTInterpol,True,0.7009549859794788,0.7009549859794788
ALIA/20230321-UltimateAutomizerSvcomp2023/dll-rb-cnstr_1-2.i_6.smt2,SMTInterpol,False,1200,2400
ALIA/20230321-UltimateAutomizerSvcomp2023/sll_circular_traversal-1.i_43.smt2,SMTInterpol,False,1200,2400
ALIA/20230321-UltimateAutomizerSvcomp2023/dll_nullified-2.i_6.smt2,SMTInterpol,True,0.4467276250361465,0.4467276250361465
ALIA/20230321-UltimateAutomizerSvcomp2023/sll_to_dll_rev-1.i_87.smt2,cvc5,True,8.358569334959611,8.358569334959611
ALIA/20230321-UltimateAutomizerSvcomp2023/simple-2.i_45.smt2,SMTInterpol,True,0.4921602350077592,0.4921602350077592
ALIA/20230321-UltimateAutomizerSvcomp2023/test_mutex_double_unlock.i_3.smt2,cvc5,True,0.22090240009129047,0.22090240009129047
ALIA/20230321-UltimateAutomizerSvcomp2023/sll_to_dll_rev-2.i_33.smt2,cvc5,True,60.68947074492462,60.68947074492462
ALIA/20230321-UltimateAutomizerSvcomp2023/dll2n_prepend_unequal.i_14.smt2,iProver,True,36.48629166511819,36.48629166511819
ALIA/20230321-UltimateAutomizerSvcomp2023/list_and_tree_cnstr-1.i_59.smt2,SMTInterpol,True,4.479434622975532,4.479434622975532
ALIA/20230321-UltimateAutomizerSvcomp2023/shared_mem1.i_78.smt2,cvc5,True,0.2567598058376461,0.2567598058376461
ALIA/20230321-UltimateAutomizerSvcomp2023/dll2c_insert_equal.i_86.smt2,SMTInterpol,False,1200,2400
ALIA/20230321-UltimateAutomizerSvcomp2023/list_search-1.i_11.smt2,SMTInterpol,True,0.4965133690275252,0.4965133690275252
ALIA/20230321-UltimateAutomizerSvcomp2023/sll-sorted-2.i_36.smt2,SMTInterpol,False,1200,2400
ALIA/20230321-UltimateAutomizerSvcomp2023/length_test03-1.i_188.smt2,SMTInterpol,False,1200,2400
ALIA/20230321-UltimateAutomizerSvcomp2023/simple_built_from_end.i_23.smt2,cvc5,True,89.77444853005,89.77444853005
ALIA/20230321-UltimateAutomizerSvcomp2023/skiplist_3lvl.i_81.smt2,SMTInterpol,True,20.01151033100905,20.01151033100905
ALIA/20230321-UltimateAutomizerSvcomp2023/sll_to_dll_rev-2.i_69.smt2,cvc5,True,0.2683733571320772,0.2683733571320772
ALIA/20230321-UltimateAutomizerSvcomp2023/length_test03-1.i_194.smt2,SMTInterpol,True,74.55319922603667,74.55319922603667
ALIA/20230321-UltimateAutomizerSvcomp2023/length_test03-1.i_19.smt2,SMTInterpol,True,0.49947060900740325,0.49947060900740325
ALIA/20230321-UltimateAutomizerSvcomp2023/sll2n_update_all_reverse.i_23.smt2,SMTInterpol,True,0.547841142048128,0.547841142048128
ALIA/20230321-UltimateAutomizerSvcomp2023/ex3_forlist.i_146.smt2,SMTInterpol,True,0.481167480989825,0.481167480989825
ALIA/20230321-UltimateAutomizerSvcomp2023/sll2n_insert_unequal.i_60.smt2,cvc5,True,35.752923388034105,35.752923388034105
ALIA/20230321-UltimateAutomizerSvcomp2023/sll2c_insert_unequal.i_8.smt2,SMTInterpol,False,1200,2400
ALIA/20230321-UltimateAutomizerSvcomp2023/ex3_forlist.i_77.smt2,SMTInterpol,True,0.7242850320180878,0.7242850320180878
ALIA/20230321-UltimateAutomizerSvcomp2023/dll2n_append_unequal.i_66.smt2,SMTInterpol,True,0.4320119319600053,0.4320119319600053
ALIA/20230321-UltimateAutomizerSvcomp2023/sll_to_dll_rev-2.i_122.smt2,SMTInterpol,True,0.580924209963996,0.580924209963996
ALIA/20230321-UltimateAutomizerSvcomp2023/length_test03-1.i_156.smt2,cvc5,True,0.45154974097386,0.45154974097386
ALIA/20230321-UltimateAutomizerSvcomp2023/dll2c_insert_equal.i_75.smt2,SMTInterpol,False,1200,2400
ALIA/20230321-UltimateAutomizerSvcomp2023/splice-2.i_68.smt2,SMTInterpol,True,0.43848881399753736,0.43848881399753736
ALIA/20230321-UltimateAutomizerSvcomp2023/ex3_forlist.i_174.smt2,SMTInterpol,True,0.46699258004082367,0.46699258004082367
ALIA/20230321-UltimateAutomizerSvcomp2023/ex3_forlist.i_60.smt2,SMTInterpol,True,0.6807558910222724,0.6807558910222724
ALIA/20230321-UltimateAutomizerSvcomp2023/dll2n_append_equal.i_43.smt2,SMTInterpol,True,0.4226381499902345,0.4226381499902345
ALIA/20230321-UltimateAutomizerSvcomp2023/bubble_sort_linux-1.i_25.smt2,SMTInterpol,True,1.658231640001759,1.658231640001759
ALIA/20230321-UltimateAutomizerSvcomp2023/shared_mem1.i_63.smt2,cvc5,True,0.2763822569977492,0.2763822569977492
ALIA/20230321-UltimateAutomizerSvcomp2023/ex3_forlist.i_0.smt2,SMTInterpol,True,0.49053855997044593,0.49053855997044593
ALIA/20230321-UltimateAutomizerSvcomp2023/dll2n_append_equal.i_53.smt2,SMTInterpol,True,0.5515749669866636,0.5515749669866636
ALIA/20230321-UltimateAutomizerSvcomp2023/simple_search_value-1.i_29.smt2,SMTInterpol,False,1200,2400
ALIA/20230321-UltimateAutomizerSvcomp2023/sll2n_update_all_reverse.i_0.smt2,SMTInterpol,True,0.4913198149879463,0.4913198149879463
ALIA/20230321-UltimateAutomizerSvcomp2023/sll2c_insert_unequal.i_28.smt2,SMTInterpol,False,1200,2400
ALIA/20230321-UltimateAutomizerSvcomp2023/dll2c_update_all_reverse.i_165.smt2,SMTInterpol,True,0.7699345760047436,0.7699345760047436
ALIA/20230321-UltimateAutomizerSvcomp2023/dll2n_insert_unequal.i_24.smt2,SMTInterpol,False,1200,2400
ALIA/20230321-UltimateAutomizerSvcomp2023/list-ext_flag_1.i_44.smt2,SMTInterpol,True,0.5093951750313863,0.5093951750313863
ALIA/20230321-UltimateAutomizerSvcomp2023/skiplist_3lvl.i_73.smt2,SMTInterpol,True,2.7904000900452957,2.7904000900452957
ALIA/20230321-UltimateAutomizerSvcomp2023/sll_circular_traversal-1.i_28.smt2,iProver,True,2.4207984649110585,2.4207984649110585
ALIA/20230321-UltimateAutomizerSvcomp2023/sll_to_dll_rev-1.i_70.smt2,cvc5,True,2.401308337925002,2.401308337925002
ALIA/20230321-UltimateAutomizerSvcomp2023/splice-2.i_123.smt2,SMTInterpol,False,1200,2400
ALIA/20230321-UltimateAutomizerSvcomp2023/dll_circular_traversal-2.i_54.smt2,SMTInterpol,True,0.6660026049939916,0.6660026049939916
ALIA/20230321-UltimateAutomizerSvcomp2023/sll2n_insert_unequal.i_54.smt2,SMTInterpol,True,201.75738425500458,201.75738425500458
ALIA/20230321-UltimateAutomizerSvcomp2023/dll2c_insert_unequal.i_61.smt2,SMTInterpol,True,0.43271641997853294,0.43271641997853294
ALIA/20230321-UltimateAutomizerSvcomp2023/sll2n_insert_unequal.i_32.smt2,SMTInterpol,True,201.96880472596968,201.96880472596968
ALIA/20230321-UltimateAutomizerSvcomp2023/length_test03-1.i_107.smt2,cvc5,False,1200,2400
ALIA/20230321-UltimateAutomizerSvcomp2023/sll2c_remove_all.i_18.smt2,cvc5,True,1.8858280319254845,1.8858280319254845
ALIA/20230321-UltimateAutomizerSvcomp2023/sll_to_dll_rev-2.i_76.smt2,cvc5,True,0.25541419303044677,0.25541419303044677
ALIA/20230321-UltimateAutomizerSvcomp2023/dll2c_update_all.i_24.smt2,SMTInterpol,True,0.4778831590083428,0.4778831590083428
ALIA/20230321-UltimateAutomizerSvcomp2023/test_mutex_unlock_at_exit.i_1.smt2,SMTInterpol,False,1200,2400
ALIA/20230321-UltimateAutomizerSvcomp2023/test-0234-1.i_18.smt2,SMTInterpol,True,0.45117199898231775,0.45117199898231775
ALIA/20230321-UltimateAutomizerSvcomp2023/ex3_forlist.i_54.smt2,SMTInterpol,True,0.6122711389907636,0.6122711389907636
ALIA/20230321-UltimateAutomizerSvcomp2023/list-1.i_38.smt2,SMTInterpol,True,0.4474055180326104,0.4474055180326104
ALIA/20230321-UltimateAutomizerSvcomp2023/sll2n_insert_unequal.i_50.smt2,SMTInterpol,True,179.71914264699444,179.71914264699444
ALIA/20230321-UltimateAutomizerSvcomp2023/length_test03-1.i_51.smt2,cvc5,False,1200,2400
ALIA/20230321-UltimateAutomizerSvcomp2023/list-ext_flag.i_108.smt2,SMTInterpol,True,3.497676481027156,3.497676481027156
ALIA/20230321-UltimateAutomizerSvcomp2023/list_flag-2.i_15.smt2,SMTInterpol,True,0.4414602710166946,0.4414602710166946
ALIA/20230321-UltimateAutomizerSvcomp2023/dll2n_append_equal.i_12.smt2,cvc5,False,1200,2400
ALIA/20230321-UltimateAutomizerSvcomp2023/ex3_forlist.i_95.smt2,SMTInterpol,True,0.48808406002353877,0.48808406002353877
ALIA/20230321-UltimateAutomizerSvcomp2023/test-0234-1.i_1.smt2,SMTInterpol,True,0.44604538299608976,0.44604538299608976
ALIA/20230321-UltimateAutomizerSvcomp2023/ex3_forlist.i_21.smt2,SMTInterpol,True,0.47743173298658803,0.47743173298658803
ALIA/20230321-UltimateAutomizerSvcomp2023/simple_search_value-1.i_49.smt2,SMTInterpol,True,8.78146641002968,8.78146641002968
ALIA/20230321-UltimateAutomizerSvcomp2023/dll_nullified-2.i_20.smt2,SMTInterpol,True,0.4623190760030411,0.4623190760030411
ALIA/20230321-UltimateAutomizerSvcomp2023/list_and_tree_cnstr-1.i_57.smt2,SMTInterpol,True,0.607797970995307,0.607797970995307
ALIA/20230321-UltimateAutomizerSvcomp2023/simple_and_skiplist_2lvl-2.i_23.smt2,SMTInterpol,True,0.5145150850294158,0.5145150850294158
ALIA/20230321-UltimateAutomizerSvcomp2023/dll2c_update_all_reverse.i_213.smt2,SMTInterpol,True,0.6305483329924755,0.6305483329924755
ALIA/20230321-UltimateAutomizerSvcomp2023/tree-3.i_0.smt2,cvc5,True,0.21850249008275568,0.21850249008275568
ALIA/20230321-UltimateAutomizerSvcomp2023/dll2c_remove_all.i_1.smt2,SMTInterpol,False,1200,2400
ALIA/20230321-UltimateAutomizerSvcomp2023/simple_built_from_end.i_4.smt2,SMTInterpol,True,0.4465637829853222,0.4465637829853222
ALIA/20230321-UltimateAutomizerSvcomp2023/sll_to_dll_rev-2.i_103.smt2,SMTInterpol,True,0.5893698600120842,0.5893698600120842
ALIA/20230321-UltimateAutomizerSvcomp2023/list-1.i_66.smt2,SMTInterpol,False,1200,2400
ALIA/20230321-UltimateAutomizerSvcomp2023/length_test03-1.i_195.smt2,iProver,True,3.380224392050877,3.380224392050877
ALIA/20230321-UltimateAutomizerSvcomp2023/sll_to_dll_rev-2.i_23.smt2,SMTInterpol,True,0.467471232987009,0.467471232987009
ALIA/20230321-UltimateAutomizerSvcomp2023/dll2c_update_all_reverse.i_156.smt2,SMTInterpol,True,0.6888508360134438,0.6888508360134438
ALIA/20230321-UltimateAutomizerSvcomp2023/dll2c_insert_unequal.i_12.smt2,SMTInterpol,False,1200,2400
ALIA/20230321-UltimateAutomizerSvcomp2023/dll2n_prepend_unequal.i_34.smt2,SMTInterpol,False,1200,2400
ALIA/20230321-UltimateAutomizerSvcomp2023/sll_to_dll_rev-1.i_49.smt2,cvc5,True,0.22492582583799958,0.22492582583799958
ALIA/20230321-UltimateAutomizerSvcomp2023/simple_search_value-1.i_8.smt2,SMTInterpol,True,0.46201513602863997,0.46201513602863997
ALIA/20230321-UltimateAutomizerSvcomp2023/splice-2.i_60.smt2,SMTInterpol,False,1200,2400
ALIA/20230321-UltimateAutomizerSvcomp2023/sll2c_prepend_equal.i_4.smt2,SMTInterpol,True,0.4355653990060091,0.4355653990060091
ALIA/20230321-UltimateAutomizerSvcomp2023/ex3_forlist.i_17.smt2,SMTInterpol,True,0.5140960260177962,0.5140960260177962
ALIA/piVC/piVC_dab5a0.smt2,SMTInterpol,True,4.342570683977101,4.342570683977101
ALIA/20230321-UltimateAutomizerSvcomp2023/bubble_sort_linux-1.i_68.smt2,cvc5,True,48.692000651033595,48.692000651033595
ALIA/20230321-UltimateAutomizerSvcomp2023/dll2n_append_equal.i_14.smt2,cvc5,False,1200,2400
ALIA/20230321-UltimateAutomizerSvcomp2023/dll2n_remove_all.i_6.smt2,SMTInterpol,False,1200,2400
ALIA/20230321-UltimateAutomizerSvcomp2023/length_test03-1.i_136.smt2,iProver,True,2.8733326999936253,2.8733326999936253
ALIA/20230321-UltimateAutomizerSvcomp2023/dll2n_append_equal.i_45.smt2,SMTInterpol,True,5.514657986001112,5.514657986001112
ALIA/20230321-UltimateAutomizerSvcomp2023/ex3_forlist.i_133.smt2,SMTInterpol,True,0.46428169298451394,0.46428169298451394
ALIA/20230321-UltimateAutomizerSvcomp2023/dll2c_remove_all.i_21.smt2,SMTInterpol,False,1200,2400
ALIA/20230321-UltimateAutomizerSvcomp2023/sll2n_prepend_equal.i_10.smt2,cvc5,True,0.7894845309201628,0.7894845309201628
ALIA/20230321-UltimateAutomizerSvcomp2023/splice-2.i_107.smt2,SMTInterpol,True,11.106090303976089,11.106090303976089
ALIA/20230321-UltimateAutomizerSvcomp2023/shared_mem1.i_19.smt2,cvc5,True,0.23995359404943883,0.23995359404943883
ALIA/20230321-UltimateAutomizerSvcomp2023/simple_built_from_end.i_56.smt2,SMTInterpol,True,0.47409533499740064,0.47409533499740064
ALIA/20230321-UltimateAutomizerSvcomp2023/dancing.i_10.smt2,SMTInterpol,True,0.5158509229659103,0.5158509229659103
ALIA/20230321-UltimateAutomizerSvcomp2023/dll2c_update_all.i_9.smt2,SMTInterpol,True,0.45288836502004415,0.45288836502004415
ALIA/20230321-UltimateAutomizerSvcomp2023/dll_of_dll-1.i_21.smt2,SMTInterpol,True,0.4718775309738703,0.4718775309738703
ALIA/20230321-UltimateAutomizerSvcomp2023/dll2n_prepend_unequal.i_1.smt2,SMTInterpol,False,1200,2400
ALIA/20230321-UltimateAutomizerSvcomp2023/test_add-2.i_103.smt2,cvc5,True,0.2612520649563521,0.2612520649563521
ALIA/20230321-UltimateAutomizerSvcomp2023/list_search-2.i_14.smt2,SMTInterpol,True,0.45040817302651703,0.45040817302651703
ALIA/20230321-UltimateAutomizerSvcomp2023/dll_of_dll-2.i_8.smt2,SMTInterpol,True,0.448434465972241,0.448434465972241
ALIA/20230321-UltimateAutomizerSvcomp2023/sll_circular_traversal-1.i_77.smt2,SMTInterpol,True,0.5682277599698864,0.5682277599698864
ALIA/20230321-UltimateAutomizerSvcomp2023/shared_mem1.i_112.smt2,SMTInterpol,True,0.45533051202073693,0.45533051202073693
ALIA/20230321-UltimateAutomizerSvcomp2023/sll2n_prepend_equal.i_54.smt2,SMTInterpol,True,0.44905370799824595,0.44905370799824595
ALIA/20230321-UltimateAutomizerSvcomp2023/test_add-2.i_27.smt2,cvc5,True,0.24385416298173368,0.24385416298173368
ALIA/20230321-UltimateAutomizerSvcomp2023/sll_circular_traversal-1.i_13.smt2,iProver,False,1200,2400
ALIA/20230321-UltimateAutomizerSvcomp2023/simple-ext_1.i_7.smt2,SMTInterpol,True,0.5151499380008318,0.5151499380008318
ALIA/20230321-UltimateAutomizerSvcomp2023/shared_mem1.i_68.smt2,cvc5,True,0.23397434293292463,0.23397434293292463
ALIA/20230321-UltimateAutomizerSvcomp2023/shared_mem1.i_50.smt2,SMTInterpol,True,0.508172927016858,0.508172927016858
ALIA/20230321-UltimateAutomizerSvcomp2023/sll2n_update_all.i_55.smt2,SMTInterpol,True,0.45161914004711434,0.45161914004711434
ALIA/20230321-UltimateAutomizerSvcomp2023/dll2c_insert_equal.i_25.smt2,SMTInterpol,False,1200,2400
ALIA/20230321-UltimateAutomizerSvcomp2023/list-ext_flag.i_117.smt2,SMTInterpol,True,1.0350912769790739,1.0350912769790739
ALIA/20230321-UltimateAutomizerSvcomp2023/skiplist_3lvl.i_54.smt2,SMTInterpol,False,1200,2400
ALIA/20230321-UltimateAutomizerSvcomp2023/list-ext_1.i_48.smt2,SMTInterpol,True,0.8354681850178167,0.8354681850178167
ALIA/20230321-UltimateAutomizerSvcomp2023/prefixsum_rec.c_10.smt2,SMTInterpol,True,0.45946627197554335,0.45946627197554335
ALIA/20230321-UltimateAutomizerSvcomp2023/sll2n_update_all_reverse.i_55.smt2,SMTInterpol,True,0.5941825599875301,0.5941825599875301
ALIA/20230321-UltimateAutomizerSvcomp2023/list-ext_flag.i_103.smt2,SMTInterpol,True,200.08521469298285,200.08521469298285
ALIA/20230321-UltimateAutomizerSvcomp2023/dll_nullified-1.i_2.smt2,SMTInterpol,True,0.42554267501691356,0.42554267501691356
ALIA/20230321-UltimateAutomizerSvcomp2023/sll2c_prepend_unequal.i_39.smt2,SMTInterpol,False,1200,2400
ALIA/20230321-UltimateAutomizerSvcomp2023/sll2n_insert_unequal.i_10.smt2,SMTInterpol,False,1200,2400
ALIA/20230321-UltimateAutomizerSvcomp2023/sll2n_insert_unequal.i_40.smt2,SMTInterpol,True,85.42722310801037,85.42722310801037
ALIA/20230321-UltimateAutomizerSvcomp2023/list_search-1.i_9.smt2,SMTInterpol,True,0.4224188419757411,0.4224188419757411
ALIA/20230321-UltimateAutomizerSvcomp2023/dll2n_insert_unequal.i_16.smt2,SMTInterpol,False,1200,2400
ALIA/20230321-UltimateAutomizerSvcomp2023/bubble_sort_linux-1.i_9.smt2,SMTInterpol,True,0.4156720570172183,0.4156720570172183
ALIA/20230321-UltimateAutomizerSvcomp2023/dll_circular_traversal-2.i_121.smt2,SMTInterpol,False,1200,2400
ALIA/20230321-UltimateAutomizerSvcomp2023/list-ext_flag.i_13.smt2,SMTInterpol,True,0.5083255189820193,0.5083255189820193
ALIA/20230321-UltimateAutomizerSvcomp2023/bubble_sort_linux-2.i_27.smt2,cvc5,True,0.27765800594352186,0.27765800594352186
ALIA/20230321-UltimateAutomizerSvcomp2023/sll_to_dll_rev-2.i_115.smt2,cvc5,True,0.2244332970585674,0.2244332970585674
ALIA/20230321-UltimateAutomizerSvcomp2023/dll2c_update_all_reverse.i_40.smt2,SMTInterpol,True,0.5737172359949909,0.5737172359949909
ALIA/piVC/piVC_849b63.smt2,SMTInterpol,True,6.051809471042361,6.051809471042361
ALIA/20230321-UltimateAutomizerSvcomp2023/dll2c_prepend_equal.i_9.smt2,SMTInterpol,True,0.4927287569735199,0.4927287569735199
ALIA/20230321-UltimateAutomizerSvcomp2023/sll_circular_traversal-1.i_76.smt2,SMTInterpol,False,1200,2400
ALIA/20230321-UltimateAutomizerSvcomp2023/dll2c_update_all_reverse.i_29.smt2,SMTInterpol,True,0.5842782839899883,0.5842782839899883
ALIA/20230321-UltimateAutomizerSvcomp2023/length_test03-1.i_123.smt2,SMTInterpol,True,0.4367441260255873,0.4367441260255873
ALIA/20230321-UltimateAutomizerSvcomp2023/list-ext_flag.i_76.smt2,SMTInterpol,False,1200,2400
ALIA/20230321-UltimateAutomizerSvcomp2023/sll2c_prepend_unequal.i_42.smt2,SMTInterpol,False,1200,2400
ALIA/20230321-UltimateAutomizerSvcomp2023/dll2c_update_all_reverse.i_126.smt2,SMTInterpol,True,0.6527085459674709,0.6527085459674709
ALIA/20230321-UltimateAutomizerSvcomp2023/shared_mem1.i_31.smt2,SMTInterpol,True,0.6939235940226354,0.6939235940226354
ALIA/20230321-UltimateAutomizerSvcomp2023/dll2c_insert_unequal.i_10.smt2,SMTInterpol,False,1200,2400
ALIA/20230321-UltimateAutomizerSvcomp2023/dll2c_remove_all.i_5.smt2,SMTInterpol,False,1200,2400
ALIA/20230321-UltimateAutomizerSvcomp2023/sll_circular_traversal-1.i_64.smt2,SMTInterpol,False,1200,2400
ALIA/20230321-UltimateAutomizerSvcomp2023/length_test03-1.i_58.smt2,cvc5,False,1200,2400
ALIA/20230321-UltimateAutomizerSvcomp2023/ex3_forlist.i_85.smt2,SMTInterpol,True,0.5604211410391144,0.5604211410391144
ALIA/20230321-UltimateAutomizerSvcomp2023/sll2n_append_unequal.i_25.smt2,SMTInterpol,True,0.4245882880059071,0.4245882880059071
ALIA/20230321-UltimateAutomizerSvcomp2023/list_and_tree_cnstr-1.i_55.smt2,SMTInterpol,True,0.9537409680197015,0.9537409680197015
ALIA/20230321-UltimateAutomizerSvcomp2023/sll2n_append_equal.i_40.smt2,SMTInterpol,True,0.4946802820195444,0.4946802820195444
ALIA/20230321-UltimateAutomizerSvcomp2023/dll-queue-1.i_15.smt2,SMTInterpol,True,0.4543339099618606,0.4543339099618606
ALIA/20230321-UltimateAutomizerSvcomp2023/simple_and_skiplist_2lvl-2.i_39.smt2,SMTInterpol,True,0.47904556296998635,0.47904556296998635
ALIA/20230321-UltimateAutomizerSvcomp2023/sll2c_insert_unequal.i_27.smt2,SMTInterpol,False,1200,2400
ALIA/20230321-UltimateAutomizerSvcomp2023/test_mutex_double_unlock.i_27.smt2,cvc5,True,0.9659476650413126,0.9659476650413126
ALIA/20230321-UltimateAutomizerSvcomp2023/sll2c_insert_equal.i_72.smt2,SMTInterpol,True,0.39647281798534095,0.39647281798534095
ALIA/20230321-UltimateAutomizerSvcomp2023/shared_mem1.i_7.smt2,cvc5,True,0.2356132499407977,0.2356132499407977
ALIA/20230321-UltimateAutomizerSvcomp2023/prefixsum_rec.c_9.smt2,SMTInterpol,True,0.4682221339899115,0.4682221339899115
ALIA/20230321-UltimateAutomizerSvcomp2023/test_mutex_unlock_at_exit.i_12.smt2,SMTInterpol,False,1200,2400
ALIA/20230321-UltimateAutomizerSvcomp2023/splice-2.i_122.smt2,SMTInterpol,False,1200,2400
ALIA/20230321-UltimateAutomizerSvcomp2023/dll2n_append_unequal.i_14.smt2,SMTInterpol,True,0.45058872700610664,0.45058872700610664
ALIA/20230321-UltimateAutomizerSvcomp2023/ex3_forlist.i_14.smt2,SMTInterpol,True,0.454450998979155,0.454450998979155
ALIA/20230321-UltimateAutomizerSvcomp2023/length_test03-1.i_77.smt2,iProver,True,3.4226755460258573,3.4226755460258573
ALIA/20230321-UltimateAutomizerSvcomp2023/length_test03-1.i_175.smt2,SMTInterpol,True,2.785417170962319,2.785417170962319
ALIA/20230321-UltimateAutomizerSvcomp2023/ex3_forlist.i_139.smt2,SMTInterpol,True,0.4166160970344208,0.4166160970344208
ALIA/20230321-UltimateAutomizerSvcomp2023/sll2c_prepend_unequal.i_6.smt2,SMTInterpol,True,0.47431268700165674,0.47431268700165674
ALIA/20230321-UltimateAutomizerSvcomp2023/dll2c_remove_all.i_7.smt2,SMTInterpol,False,1200,2400
ALIA/20230321-UltimateAutomizerSvcomp2023/length_test03-1.i_164.smt2,cvc5,False,1200,2400
ALIA/20230321-UltimateAutomizerSvcomp2023/sll2c_prepend_unequal.i_86.smt2,SMTInterpol,False,1200,2400
ALIA/20230321-UltimateAutomizerSvcomp2023/splice-2.i_105.smt2,SMTInterpol,True,1.9777066170354374,1.9777066170354374
ALIA/20230321-UltimateAutomizerSvcomp2023/list-ext_flag_1.i_62.smt2,SMTInterpol,True,0.6068878719815984,0.6068878719815984
ALIA/20230321-UltimateAutomizerSvcomp2023/tree_of_cslls.i_9.smt2,SMTInterpol,True,0.5183424349525012,0.5183424349525012
ALIA/20230321-UltimateAutomizerSvcomp2023/dll2c_update_all_reverse.i_159.smt2,SMTInterpol,True,0.6662480079685338,0.6662480079685338
ALIA/20230321-UltimateAutomizerSvcomp2023/dll2n_append_equal.i_40.smt2,SMTInterpol,True,0.41868790303124115,0.41868790303124115
ALIA/20230321-UltimateAutomizerSvcomp2023/sll2c_prepend_unequal.i_54.smt2,SMTInterpol,False,1200,2400
ALIA/20230321-UltimateAutomizerSvcomp2023/test_mutex_double_unlock.i_40.smt2,cvc5,False,1200,2400
ALIA/20230321-UltimateAutomizerSvcomp2023/test_add-2.i_28.smt2,cvc5,True,0.3077767249196768,0.3077767249196768
ALIA/20230321-UltimateAutomizerSvcomp2023/sll-sorted-2.i_53.smt2,SMTInterpol,True,0.476145539956633,0.476145539956633
ALIA/20230321-UltimateAutomizerSvcomp2023/sll2n_insert_unequal.i_44.smt2,SMTInterpol,True,84.88486867799656,84.88486867799656
ALIA/20230321-UltimateAutomizerSvcomp2023/sll2c_prepend_unequal.i_48.smt2,SMTInterpol,False,1200,2400
ALIA/20230321-UltimateAutomizerSvcomp2023/sll2c_insert_unequal.i_48.smt2,SMTInterpol,True,0.4534063439932652,0.4534063439932652
ALIA/20230321-UltimateAutomizerSvcomp2023/shared_mem1.i_16.smt2,cvc5,True,0.23094043787568808,0.23094043787568808
ALIA/20230321-UltimateAutomizerSvcomp2023/sll2n_insert_unequal.i_37.smt2,SMTInterpol,False,1200,2400
ALIA/20230321-UltimateAutomizerSvcomp2023/test_add-2.i_94.smt2,cvc5,True,0.263513526879251,0.263513526879251
ALIA/20230321-UltimateAutomizerSvcomp2023/sll_to_dll_rev-2.i_120.smt2,cvc5,True,0.22600529505871236,0.22600529505871236
ALIA/20230321-UltimateAutomizerSvcomp2023/ex3_forlist.i_193.smt2,SMTInterpol,True,0.4512879019603133,0.4512879019603133
ALIA/20230321-UltimateAutomizerSvcomp2023/dll-reverse.i_32.smt2,SMTInterpol,True,0.4434000410255976,0.4434000410255976
ALIA/20230321-UltimateAutomizerSvcomp2023/skiplist_3lvl.i_97.smt2,SMTInterpol,False,1200,2400
ALIA/20230321-UltimateAutomizerSvcomp2023/tree_of_cslls.i_7.smt2,SMTInterpol,True,0.5474864650168456,0.5474864650168456
ALIA/20230321-UltimateAutomizerSvcomp2023/simple_and_skiplist_2lvl-2.i_51.smt2,SMTInterpol,False,1200,2400
ALIA/20230321-UltimateAutomizerSvcomp2023/list_and_tree_cnstr-1.i_58.smt2,SMTInterpol,True,7.0416011599591,7.0416011599591
ALIA/20230321-UltimateAutomizerSvcomp2023/length_test03-1.i_149.smt2,SMTInterpol,True,104.2454991589766,104.2454991589766
ALIA/20230321-UltimateAutomizerSvcomp2023/ex3_forlist.i_30.smt2,SMTInterpol,True,0.48762321297544986,0.48762321297544986
ALIA/20230321-UltimateAutomizerSvcomp2023/dll_circular_traversal-2.i_104.smt2,SMTInterpol,False,1200,2400
ALIA/20230321-UltimateAutomizerSvcomp2023/sll_to_dll_rev-2.i_85.smt2,cvc5,True,0.3259783999528736,0.3259783999528736
ALIA/20230321-UltimateAutomizerSvcomp2023/sll2c_insert_unequal.i_34.smt2,SMTInterpol,False,1200,2400
ALIA/20230321-UltimateAutomizerSvcomp2023/dll-rb-cnstr_1-1.i_3.smt2,SMTInterpol,True,4.898835316009354,4.898835316009354
ALIA/20230321-UltimateAutomizerSvcomp2023/dll2c_update_all_reverse.i_124.smt2,SMTInterpol,True,0.6539381010225043,0.6539381010225043
ALIA/20230321-UltimateAutomizerSvcomp2023/test_mutex_unlock_at_exit.i_27.smt2,SMTInterpol,True,0.5000940269674174,0.5000940269674174
ALIA/20230321-UltimateAutomizerSvcomp2023/sll2c_insert_unequal.i_44.smt2,SMTInterpol,True,0.46704832796240225,0.46704832796240225
ALIA/20230321-UltimateAutomizerSvcomp2023/sll2c_prepend_unequal.i_68.smt2,SMTInterpol,False,1200,2400
ALIA/20230321-UltimateAutomizerSvcomp2023/sll2n_insert_equal.i_4.smt2,SMTInterpol,True,0.4274349450133741,0.4274349450133741
ALIA/20230321-UltimateAutomizerSvcomp2023/dll2c_update_all_reverse.i_178.smt2,SMTInterpol,True,1.2353578809997998,1.2353578809997998
ALIA/20230321-UltimateAutomizerSvcomp2023/sll-sorted-2.i_23.smt2,SMTInterpol,True,0.6931942719966173,0.6931942719966173
ALIA/20230321-UltimateAutomizerSvcomp2023/dll-token-1.i_10.smt2,SMTInterpol,False,1200,2400
ALIA/20230321-UltimateAutomizerSvcomp2023/tree_of_cslls.i_46.smt2,SMTInterpol,True,0.47516433999408036,0.47516433999408036
ALIA/20230321-UltimateAutomizerSvcomp2023/sll_to_dll_rev-1.i_82.smt2,cvc5,True,0.3364595191087574,0.3364595191087574
ALIA/20230321-UltimateAutomizerSvcomp2023/dll2c_update_all_reverse.i_139.smt2,SMTInterpol,True,0.7372238870011643,0.7372238870011643
ALIA/20230321-UltimateAutomizerSvcomp2023/sll2c_insert_unequal.i_39.smt2,SMTInterpol,True,0.4337911640177481,0.4337911640177481
ALIA/20230321-UltimateAutomizerSvcomp2023/list_search-2.i_30.smt2,SMTInterpol,True,0.44151831994531676,0.44151831994531676
ALIA/20230321-UltimateAutomizerSvcomp2023/simple_built_from_end.i_78.smt2,SMTInterpol,False,1200,2400
ALIA/20230321-UltimateAutomizerSvcomp2023/list-ext_flag.i_43.smt2,SMTInterpol,True,0.48763373104156926,0.48763373104156926
ALIA/20230321-UltimateAutomizerSvcomp2023/sll_to_dll_rev-2.i_131.smt2,cvc5,False,1200,2400
ALIA/20230321-UltimateAutomizerSvcomp2023/dll2c_update_all_reverse.i_197.smt2,SMTInterpol,True,0.601504891004879,0.601504891004879
ALIA/20230321-UltimateAutomizerSvcomp2023/ex3_forlist.i_182.smt2,SMTInterpol,True,0.4792457159492187,0.4792457159492187
ALIA/20230321-UltimateAutomizerSvcomp2023/dll2c_append_unequal.i_25.smt2,SMTInterpol,False,1200,2400
ALIA/20230321-UltimateAutomizerSvcomp2023/list_search-1.i_2.smt2,SMTInterpol,True,0.42055324802640826,0.42055324802640826
ALIA/20230321-UltimateAutomizerSvcomp2023/sll-token-2.i_5.smt2,SMTInterpol,True,0.8329188050120138,0.8329188050120138
ALIA/20230321-UltimateAutomizerSvcomp2023/dll_circular_traversal-2.i_146.smt2,SMTInterpol,False,1200,2400
ALIA/20230321-UltimateAutomizerSvcomp2023/sll2c_prepend_equal.i_32.smt2,cvc5,False,1200,2400
ALIA/20230321-UltimateAutomizerSvcomp2023/sll2c_prepend_unequal.i_90.smt2,SMTInterpol,False,1200,2400
ALIA/20230321-UltimateAutomizerSvcomp2023/sll_to_dll_rev-2.i_1.smt2,SMTInterpol,True,1.320895020966418,1.320895020966418
ALIA/20230321-UltimateAutomizerSvcomp2023/sll_circular_traversal-1.i_68.smt2,SMTInterpol,False,1200,2400
ALIA/20230321-UltimateAutomizerSvcomp2023/list-1.i_65.smt2,SMTInterpol,False,1200,2400
ALIA/20230321-UltimateAutomizerSvcomp2023/simple-2.i_19.smt2,SMTInterpol,True,0.4728552020387724,0.4728552020387724
ALIA/20230321-UltimateAutomizerSvcomp2023/dll2c_insert_equal.i_9.smt2,SMTInterpol,False,1200,2400
ALIA/20230321-UltimateAutomizerSvcomp2023/tree_parent_ptr.i_1.smt2,SMTInterpol,True,0.45880930399289355,0.45880930399289355
ALIA/20230321-UltimateAutomizerSvcomp2023/dll2c_update_all_reverse.i_23.smt2,SMTInterpol,True,0.5753019329858944,0.5753019329858944
ALIA/20230321-UltimateAutomizerSvcomp2023/length_test03-1.i_62.smt2,iProver,True,29.002799676032737,29.002799676032737
ALIA/20230321-UltimateAutomizerSvcomp2023/ex3_forlist.i_47.smt2,SMTInterpol,True,0.5818539559841156,0.5818539559841156
ALIA/20230321-UltimateAutomizerSvcomp2023/list-ext_flag.i_94.smt2,SMTInterpol,False,1200,2400
ALIA/20230321-UltimateAutomizerSvcomp2023/sll2c_insert_unequal.i_26.smt2,SMTInterpol,False,1200,2400
ALIA/20230321-UltimateAutomizerSvcomp2023/shared_mem1.i_43.smt2,SMTInterpol,True,0.65924810199067,0.65924810199067
ALIA/20230321-UltimateAutomizerSvcomp2023/simple-2.i_54.smt2,SMTInterpol,True,2.5616932620177977,2.5616932620177977
ALIA/20230321-UltimateAutomizerSvcomp2023/list_and_tree_cnstr-1.i_30.smt2,SMTInterpol,True,0.7807563170208596,0.7807563170208596
ALIA/20230321-UltimateAutomizerSvcomp2023/tree_of_cslls.i_29.smt2,SMTInterpol,True,0.514293615007773,0.514293615007773
ALIA/20230321-UltimateAutomizerSvcomp2023/dll2c_insert_equal.i_91.smt2,SMTInterpol,False,1200,2400
ALIA/20230321-UltimateAutomizerSvcomp2023/dll-token-1.i_13.smt2,iProver,True,2.3811502060852945,2.3811502060852945
ALIA/20230321-UltimateAutomizerSvcomp2023/simple_and_skiplist_2lvl-2.i_54.smt2,SMTInterpol,True,0.4900043589877896,0.4900043589877896
ALIA/20230321-UltimateAutomizerSvcomp2023/sll-sorted-2.i_51.smt2,SMTInterpol,True,0.4650603960035369,0.4650603960035369
ALIA/20230321-UltimateAutomizerSvcomp2023/dll2c_update_all_reverse.i_82.smt2,cvc5,True,0.25465930299833417,0.25465930299833417
ALIA/20230321-UltimateAutomizerSvcomp2023/ex3_forlist.i_37.smt2,SMTInterpol,True,0.4719429579563439,0.4719429579563439
ALIA/20230321-UltimateAutomizerSvcomp2023/dll_circular_traversal-2.i_56.smt2,SMTInterpol,True,0.6706168240052648,0.6706168240052648
ALIA/20230321-UltimateAutomizerSvcomp2023/splice-2.i_52.smt2,SMTInterpol,False,1200,2400
ALIA/20230321-UltimateAutomizerSvcomp2023/shared_mem1.i_102.smt2,SMTInterpol,True,0.717999630025588,0.717999630025588
ALIA/20230321-UltimateAutomizerSvcomp2023/sll2c_prepend_equal.i_0.smt2,SMTInterpol,True,0.4676784930052236,0.4676784930052236
ALIA/20230321-UltimateAutomizerSvcomp2023/sll2n_update_all_reverse.i_58.smt2,SMTInterpol,True,0.5331308350432664,0.5331308350432664
ALIA/20230321-UltimateAutomizerSvcomp2023/dll-optional-1.i_8.smt2,SMTInterpol,True,695.8995599769987,695.8995599769987
ALIA/20230321-UltimateAutomizerSvcomp2023/simple_search_value-1.i_2.smt2,SMTInterpol,True,0.4307770059676841,0.4307770059676841
ALIA/20230321-UltimateAutomizerSvcomp2023/sll_to_dll_rev-1.i_51.smt2,cvc5,True,0.3951583041343838,0.3951583041343838
ALIA/20230321-UltimateAutomizerSvcomp2023/dll2c_insert_unequal.i_34.smt2,SMTInterpol,False,1200,2400
ALIA/20230321-UltimateAutomizerSvcomp2023/dll2c_remove_all.i_11.smt2,SMTInterpol,False,1200,2400
ALIA/20230321-UltimateAutomizerSvcomp2023/length_test03-1.i_53.smt2,iProver,True,2.8451351770199835,2.8451351770199835
ALIA/20230321-UltimateAutomizerSvcomp2023/sll2c_insert_equal.i_8.smt2,SMTInterpol,True,13.164535313029774,13.164535313029774
ALIA/20230321-UltimateAutomizerSvcomp2023/sll_circular_traversal-1.i_16.smt2,iProver,True,36.009649492800236,36.009649492800236
ALIA/20230321-UltimateAutomizerSvcomp2023/simple_built_from_end.i_17.smt2,cvc5,False,1200,2400
ALIA/20230321-UltimateAutomizerSvcomp2023/length_test03-1.i_66.smt2,cvc5,True,0.4070705969352275,0.4070705969352275
ALIA/20230321-UltimateAutomizerSvcomp2023/sll_to_dll_rev-1.i_53.smt2,cvc5,True,0.42886456195265055,0.42886456195265055
ALIA/20230321-UltimateAutomizerSvcomp2023/sll-buckets-2.i_12.smt2,SMTInterpol,True,0.43404041801113635,0.43404041801113635
ALIA/20230321-UltimateAutomizerSvcomp2023/test_add-2.i_75.smt2,cvc5,False,1200,2400
ALIA/20230321-UltimateAutomizerSvcomp2023/bubble_sort_linux-1.i_18.smt2,cvc5,True,2.390476284082979,2.390476284082979
ALIA/20230321-UltimateAutomizerSvcomp2023/list_search-1.i_19.smt2,SMTInterpol,True,0.392760465038009,0.392760465038009
ALIA/20230321-UltimateAutomizerSvcomp2023/length_test03-1.i_185.smt2,iProver,True,2.86479570181109,2.86479570181109
ALIA/20230321-UltimateAutomizerSvcomp2023/length_test03-1.i_202.smt2,SMTInterpol,False,1200,2400
ALIA/20230321-UltimateAutomizerSvcomp2023/dll2n_append_equal.i_25.smt2,SMTInterpol,False,1200,2400
ALIA/20230321-UltimateAutomizerSvcomp2023/test_add-2.i_2.smt2,cvc5,True,31.47935955086723,31.47935955086723
ALIA/20230321-UltimateAutomizerSvcomp2023/test_add-2.i_25.smt2,cvc5,True,0.2262331978417933,0.2262331978417933
ALIA/20230321-UltimateAutomizerSvcomp2023/sll2n_insert_unequal.i_11.smt2,SMTInterpol,False,1200,2400
ALIA/piVC/piVC_ffb7db.smt2,SMTInterpol,True,2.3598174590151757,2.3598174590151757
ALIA/20230321-UltimateAutomizerSvcomp2023/shared_mem1.i_76.smt2,cvc5,True,0.25092447199858725,0.25092447199858725
ALIA/20230321-UltimateAutomizerSvcomp2023/dll2n_prepend_unequal.i_63.smt2,SMTInterpol,True,131.63118181901518,131.63118181901518
ALIA/20230321-UltimateAutomizerSvcomp2023/test_add-2.i_110.smt2,cvc5,True,47.8919661459513,47.8919661459513
ALIA/20230321-UltimateAutomizerSvcomp2023/length_test03-1.i_112.smt2,SMTInterpol,True,121.16837108600885,121.16837108600885
ALIA/20230321-UltimateAutomizerSvcomp2023/sll_to_dll_rev-2.i_53.smt2,SMTInterpol,True,0.4405193589627743,0.4405193589627743
ALIA/20230321-UltimateAutomizerSvcomp2023/skiplist_3lvl.i_52.smt2,SMTInterpol,False,1200,2400
ALIA/20230321-UltimateAutomizerSvcomp2023/sll2n_insert_unequal.i_0.smt2,SMTInterpol,True,0.4239613609970547,0.4239613609970547
ALIA/20230321-UltimateAutomizerSvcomp2023/dll2n_append_equal.i_55.smt2,SMTInterpol,True,0.44980706402566284,0.44980706402566284
ALIA/20230321-UltimateAutomizerSvcomp2023/ex3_forlist.i_187.smt2,SMTInterpol,True,0.4959936710074544,0.4959936710074544
ALIA/20230321-UltimateAutomizerSvcomp2023/sll2c_prepend_unequal.i_62.smt2,SMTInterpol,False,1200,2400
ALIA/20230321-UltimateAutomizerSvcomp2023/dll2c_update_all_reverse.i_26.smt2,SMTInterpol,True,0.5778125269571319,0.5778125269571319
ALIA/20230321-UltimateAutomizerSvcomp2023/dll2n_update_all.i_7.smt2,SMTInterpol,True,0.5042787950369529,0.5042787950369529
ALIA/20230321-UltimateAutomizerSvcomp2023/simple_and_skiplist_2lvl-2.i_43.smt2,SMTInterpol,True,0.4786924250074662,0.4786924250074662
ALIA/20230321-UltimateAutomizerSvcomp2023/list_and_tree_cnstr-2.i_56.smt2,SMTInterpol,True,35.812731673009694,35.812731673009694
ALIA/20230321-UltimateAutomizerSvcomp2023/ex3_forlist.i_149.smt2,SMTInterpol,True,0.4375009119976312,0.4375009119976312
ALIA/20230321-UltimateAutomizerSvcomp2023/dll2n_insert_unequal.i_32.smt2,SMTInterpol,False,1200,2400
ALIA/20230321-UltimateAutomizerSvcomp2023/sll_to_dll_rev-2.i_47.smt2,SMTInterpol,True,0.4262975429883227,0.4262975429883227
ALIA/20230321-UltimateAutomizerSvcomp2023/dll_circular_traversal-2.i_161.smt2,SMTInterpol,True,764.0798151600175,764.0798151600175
ALIA/20230321-UltimateAutomizerSvcomp2023/list_search-1.i_20.smt2,SMTInterpol,True,0.4528329920140095,0.4528329920140095
ALIA/20230321-UltimateAutomizerSvcomp2023/simple_and_skiplist_2lvl-2.i_46.smt2,SMTInterpol,True,0.5091641150065698,0.5091641150065698
ALIA/20230321-UltimateAutomizerSvcomp2023/dll2c_insert_equal.i_97.smt2,cvc5,True,0.3926300178281963,0.3926300178281963
ALIA/20230321-UltimateAutomizerSvcomp2023/length_test03-1.i_79.smt2,iProver,True,647.8597166188993,647.8597166188993
ALIA/20230321-UltimateAutomizerSvcomp2023/test_mutex_unlock_at_exit.i_44.smt2,SMTInterpol,True,24.082252983993385,24.082252983993385
ALIA/20230321-UltimateAutomizerSvcomp2023/dll_circular_traversal-2.i_115.smt2,SMTInterpol,False,1200,2400
ALIA/20230321-UltimateAutomizerSvcomp2023/list_and_tree_cnstr-1.i_26.smt2,SMTInterpol,True,2.035147900984157,2.035147900984157
ALIA/20230321-UltimateAutomizerSvcomp2023/sll_to_dll_rev-1.i_79.smt2,cvc5,True,10.607673826860264,10.607673826860264
ALIA/20230321-UltimateAutomizerSvcomp2023/test_mutex_double_unlock.i_20.smt2,cvc5,True,0.333105392055586,0.333105392055586
ALIA/20230321-UltimateAutomizerSvcomp2023/test_add-2.i_42.smt2,cvc5,True,0.2637086899485439,0.2637086899485439
ALIA/20230321-UltimateAutomizerSvcomp2023/list_and_tree_cnstr-1.i_29.smt2,SMTInterpol,True,0.8032615499687381,0.8032615499687381
ALIA/20230321-UltimateAutomizerSvcomp2023/dll2n_prepend_unequal.i_15.smt2,iProver,True,5.923881161957979,5.923881161957979
ALIA/20230321-UltimateAutomizerSvcomp2023/dll2n_prepend_unequal.i_60.smt2,SMTInterpol,False,1200,2400
ALIA/20230321-UltimateAutomizerSvcomp2023/sll2c_insert_equal.i_11.smt2,SMTInterpol,False,1200,2400
ALIA/20230321-UltimateAutomizerSvcomp2023/skiplist_3lvl.i_82.smt2,SMTInterpol,False,1200,2400
ALIA/20230321-UltimateAutomizerSvcomp2023/alternating_list-1.i_21.smt2,SMTInterpol,True,0.45913689699955285,0.45913689699955285
ALIA/20230321-UltimateAutomizerSvcomp2023/list_search-2.i_16.smt2,SMTInterpol,True,0.44546405802248046,0.44546405802248046
ALIA/20230321-UltimateAutomizerSvcomp2023/shared_mem1.i_114.smt2,SMTInterpol,True,657.6252500219853,657.6252500219853
ALIA/20230321-UltimateAutomizerSvcomp2023/list_search-1.i_10.smt2,SMTInterpol,True,0.5129362500156276,0.5129362500156276
ALIA/20230321-UltimateAutomizerSvcomp2023/dll2n_append_equal.i_5.smt2,SMTInterpol,True,0.41787780699087307,0.41787780699087307
ALIA/20230321-UltimateAutomizerSvcomp2023/sll2c_insert_equal.i_71.smt2,SMTInterpol,True,0.4207075869780965,0.4207075869780965
ALIA/20230321-UltimateAutomizerSvcomp2023/test_mutex_double_unlock.i_25.smt2,cvc5,True,0.2432336478959769,0.2432336478959769
ALIA/20230321-UltimateAutomizerSvcomp2023/sll-buckets-2.i_13.smt2,SMTInterpol,True,0.4876357169705443,0.4876357169705443
ALIA/20230321-UltimateAutomizerSvcomp2023/dll2c_update_all_reverse.i_41.smt2,SMTInterpol,True,0.5947330290218815,0.5947330290218815
ALIA/20230321-UltimateAutomizerSvcomp2023/dll2n_append_equal.i_29.smt2,SMTInterpol,True,0.4387539299787022,0.4387539299787022
ALIA/20230321-UltimateAutomizerSvcomp2023/dll_circular_traversal-2.i_100.smt2,SMTInterpol,False,1200,2400
ALIA/20230321-UltimateAutomizerSvcomp2023/list-ext_flag_1.i_19.smt2,SMTInterpol,True,0.47574415104463696,0.47574415104463696
ALIA/20230321-UltimateAutomizerSvcomp2023/sll2n_append_unequal.i_23.smt2,SMTInterpol,True,0.4093215389875695,0.4093215389875695
ALIA/20230321-UltimateAutomizerSvcomp2023/test_mutex_double_unlock.i_11.smt2,cvc5,True,0.23166066105477512,0.23166066105477512
ALIA/20230321-UltimateAutomizerSvcomp2023/simple_and_skiplist_2lvl-2.i_14.smt2,SMTInterpol,True,0.45409577898681164,0.45409577898681164
ALIA/20230321-UltimateAutomizerSvcomp2023/dll-rb-cnstr_1-2.i_8.smt2,SMTInterpol,False,1200,2400
ALIA/20230321-UltimateAutomizerSvcomp2023/length_test03-1.i_174.smt2,cvc5,True,513.4067694710102,513.4067694710102
ALIA/20230321-UltimateAutomizerSvcomp2023/length_test03-1.i_87.smt2,cvc5,False,1200,2400
ALIA/20230321-UltimateAutomizerSvcomp2023/dll_nullified-2.i_19.smt2,SMTInterpol,True,0.49695908196736127,0.49695908196736127
ALIA/20230321-UltimateAutomizerSvcomp2023/dll_circular_traversal-2.i_76.smt2,SMTInterpol,True,0.7462154210079461,0.7462154210079461
ALIA/20230321-UltimateAutomizerSvcomp2023/packet_filter.i_0.smt2,cvc5,False,1200,2400
ALIA/20230321-UltimateAutomizerSvcomp2023/dll-token-1.i_5.smt2,SMTInterpol,False,1200,2400
ALIA/20230321-UltimateAutomizerSvcomp2023/sll2c_insert_equal.i_39.smt2,SMTInterpol,True,12.452424930001143,12.452424930001143
ALIA/20230321-UltimateAutomizerSvcomp2023/sll2c_insert_unequal.i_65.smt2,SMTInterpol,False,1200,2400
ALIA/20230321-UltimateAutomizerSvcomp2023/dll-queue-1.i_4.smt2,SMTInterpol,True,0.5262769060209394,0.5262769060209394
ALIA/20230321-UltimateAutomizerSvcomp2023/list_search-2.i_33.smt2,SMTInterpol,True,0.4383900130051188,0.4383900130051188
ALIA/20230321-UltimateAutomizerSvcomp2023/shared_mem1.i_85.smt2,SMTInterpol,True,0.622291260981001,0.622291260981001
ALIA/20230321-UltimateAutomizerSvcomp2023/list_and_tree_cnstr-2.i_7.smt2,SMTInterpol,True,0.5105719250277616,0.5105719250277616
ALIA/20230321-UltimateAutomizerSvcomp2023/ex3_forlist.i_81.smt2,SMTInterpol,True,0.54636932304129,0.54636932304129
ALIA/20230321-UltimateAutomizerSvcomp2023/length_test03-1.i_204.smt2,cvc5,True,589.4684600220062,589.4684600220062
ALIA/20230321-UltimateAutomizerSvcomp2023/sll2n_append_unequal.i_5.smt2,SMTInterpol,True,0.48115118296118453,0.48115118296118453
ALIA/20230321-UltimateAutomizerSvcomp2023/ex3_forlist.i_71.smt2,SMTInterpol,True,0.5957052609883249,0.5957052609883249
ALIA/20230321-UltimateAutomizerSvcomp2023/dll2c_update_all_reverse.i_204.smt2,SMTInterpol,True,0.638345453015063,0.638345453015063
ALIA/20230321-UltimateAutomizerSvcomp2023/sll2n_prepend_equal.i_57.smt2,SMTInterpol,True,0.43739852600265294,0.43739852600265294
ALIA/20230321-UltimateAutomizerSvcomp2023/test_add-2.i_76.smt2,cvc5,True,0.26203612401150167,0.26203612401150167
ALIA/20230321-UltimateAutomizerSvcomp2023/merge_sort-2.i_4.smt2,cvc5,False,1200,2400
ALIA/20230321-UltimateAutomizerSvcomp2023/ex3_forlist.i_169.smt2,SMTInterpol,True,0.48332111100899056,0.48332111100899056
ALIA/20230321-UltimateAutomizerSvcomp2023/ex3_forlist.i_204.smt2,SMTInterpol,True,0.49977760296314955,0.49977760296314955
ALIA/20230321-UltimateAutomizerSvcomp2023/dll2n_prepend_unequal.i_43.smt2,SMTInterpol,False,1200,2400
ALIA/20230321-UltimateAutomizerSvcomp2023/list_search-2.i_12.smt2,SMTInterpol,True,0.43223180901259184,0.43223180901259184
ALIA/20230321-UltimateAutomizerSvcomp2023/dll2c_update_all_reverse.i_133.smt2,SMTInterpol,True,0.7346564360195771,0.7346564360195771
ALIA/20230321-UltimateAutomizerSvcomp2023/dll2c_remove_all.i_12.smt2,SMTInterpol,False,1200,2400
ALIA/20230321-UltimateAutomizerSvcomp2023/list-ext_flag_1.i_57.smt2,SMTInterpol,True,0.5326045659603551,0.5326045659603551
ALIA/20230321-UltimateAutomizerSvcomp2023/list_search-2.i_35.smt2,SMTInterpol,True,0.45989673398435116,0.45989673398435116
ALIA/20230321-UltimateAutomizerSvcomp2023/dll2n_prepend_unequal.i_44.smt2,SMTInterpol,False,1200,2400
ALIA/20230321-UltimateAutomizerSvcomp2023/dll2c_update_all_reverse.i_144.smt2,SMTInterpol,True,0.7492981120012701,0.7492981120012701
ALIA/20230321-UltimateAutomizerSvcomp2023/prefixsum_rec.c_3.smt2,SMTInterpol,True,0.4388597320066765,0.4388597320066765
ALIA/20230321-UltimateAutomizerSvcomp2023/dll2n_prepend_unequal.i_39.smt2,SMTInterpol,False,1200,2400
ALIA/20230321-UltimateAutomizerSvcomp2023/list-ext_flag.i_84.smt2,SMTInterpol,False,1200,2400
ALIA/20230321-UltimateAutomizerSvcomp2023/dll-queue-1.i_20.smt2,SMTInterpol,True,4.95016356598353,4.95016356598353
ALIA/20230321-UltimateAutomizerSvcomp2023/simple_search_value-1.i_44.smt2,SMTInterpol,True,657.943281090993,657.943281090993
ALIA/20230321-UltimateAutomizerSvcomp2023/test_add-2.i_20.smt2,cvc5,True,0.25679655303247273,0.25679655303247273
ALIA/20230321-UltimateAutomizerSvcomp2023/test-0234-1.i_49.smt2,SMTInterpol,True,0.46872167801484466,0.46872167801484466
ALIA/20230321-UltimateAutomizerSvcomp2023/dll2c_insert_equal.i_79.smt2,SMTInterpol,False,1200,2400
ALIA/20230321-UltimateAutomizerSvcomp2023/dll2n_prepend_unequal.i_38.smt2,SMTInterpol,True,75.83667163999053,75.83667163999053
ALIA/20230321-UltimateAutomizerSvcomp2023/sll2n_update_all.i_19.smt2,SMTInterpol,True,0.4833843579981476,0.4833843579981476
ALIA/20230321-UltimateAutomizerSvcomp2023/dll-01-2.i_2.smt2,iProver,False,1200,2400
ALIA/20230321-UltimateAutomizerSvcomp2023/sll-sorted-2.i_75.smt2,cvc5,True,0.4257483188994229,0.4257483188994229
ALIA/20230321-UltimateAutomizerSvcomp2023/dll-optional-1.i_18.smt2,SMTInterpol,True,647.030942938989,647.030942938989
ALIA/20230321-UltimateAutomizerSvcomp2023/test_mutex_unlock_at_exit.i_28.smt2,SMTInterpol,False,1200,2400
ALIA/20230321-UltimateAutomizerSvcomp2023/shared_mem1.i_48.smt2,SMTInterpol,True,0.5128482460277155,0.5128482460277155
ALIA/20230321-UltimateAutomizerSvcomp2023/split_list_test05-2.i_2.smt2,SMTInterpol,True,0.4409624489489943,0.4409624489489943
ALIA/20230321-UltimateAutomizerSvcomp2023/dll2n_append_equal.i_17.smt2,cvc5,False,1200,2400
ALIA/20230321-UltimateAutomizerSvcomp2023/sll2n_insert_unequal.i_55.smt2,SMTInterpol,True,87.1095950009767,87.1095950009767
ALIA/20230321-UltimateAutomizerSvcomp2023/skiplist_3lvl.i_95.smt2,SMTInterpol,True,2.4489930440322496,2.4489930440322496
ALIA/20230321-UltimateAutomizerSvcomp2023/list-ext_flag.i_120.smt2,SMTInterpol,True,2.2780105359852314,2.2780105359852314
ALIA/20230321-UltimateAutomizerSvcomp2023/dll2n_prepend_unequal.i_2.smt2,SMTInterpol,False,1200,2400
ALIA/20230321-UltimateAutomizerSvcomp2023/prefixsum_rec.c_4.smt2,SMTInterpol,True,0.4266292990068905,0.4266292990068905
ALIA/20230321-UltimateAutomizerSvcomp2023/dll2c_insert_equal.i_82.smt2,SMTInterpol,False,1200,2400
ALIA/20230321-UltimateAutomizerSvcomp2023/dll2n_prepend_unequal.i_6.smt2,iProver,True,2.427777672186494,2.427777672186494
ALIA/20230321-UltimateAutomizerSvcomp2023/test_add-2.i_15.smt2,cvc5,True,0.312329757027328,0.312329757027328
ALIA/20230321-UltimateAutomizerSvcomp2023/sll2c_insert_unequal.i_75.smt2,SMTInterpol,False,1200,2400
ALIA/20230321-UltimateAutomizerSvcomp2023/ex3_forlist.i_173.smt2,SMTInterpol,True,0.46502015099395066,0.46502015099395066
ALIA/20230321-UltimateAutomizerSvcomp2023/skiplist_3lvl.i_80.smt2,SMTInterpol,True,6.008374834957067,6.008374834957067
ALIA/20230321-UltimateAutomizerSvcomp2023/dll2n_prepend_unequal.i_73.smt2,SMTInterpol,False,1200,2400
ALIA/20230321-UltimateAutomizerSvcomp2023/length_test03-1.i_125.smt2,SMTInterpol,True,0.5186309830169193,0.5186309830169193
ALIA/20230321-UltimateAutomizerSvcomp2023/dll2n_prepend_unequal.i_90.smt2,SMTInterpol,True,0.5637124700006098,0.5637124700006098
ALIA/20230321-UltimateAutomizerSvcomp2023/simple_built_from_end.i_48.smt2,SMTInterpol,False,1200,2400
ALIA/20230321-UltimateAutomizerSvcomp2023/dancing.i_5.smt2,SMTInterpol,True,0.5377343069994822,0.5377343069994822
ALIA/20230321-UltimateAutomizerSvcomp2023/sll2n_insert_unequal.i_36.smt2,SMTInterpol,False,1200,2400
ALIA/20230321-UltimateAutomizerSvcomp2023/test_mutex_unlock_at_exit.i_7.smt2,SMTInterpol,True,111.0699230019818,111.0699230019818
ALIA/20230321-UltimateAutomizerSvcomp2023/dll-token-1.i_3.smt2,SMTInterpol,True,0.7499616849818267,0.7499616849818267
ALIA/20230321-UltimateAutomizerSvcomp2023/simple_and_skiplist_2lvl-2.i_59.smt2,SMTInterpol,True,0.925159368023742,0.925159368023742
ALIA/20230321-UltimateAutomizerSvcomp2023/simple_built_from_end.i_46.smt2,cvc5,True,50.32672680797987,50.32672680797987
ALIA/20230321-UltimateAutomizerSvcomp2023/test-0237.i_13.smt2,SMTInterpol,True,0.4301026679459028,0.4301026679459028
ALIA/20230321-UltimateAutomizerSvcomp2023/dll2c_update_all_reverse.i_136.smt2,SMTInterpol,True,0.7507224789587781,0.7507224789587781
ALIA/20230321-UltimateAutomizerSvcomp2023/dll2n_append_unequal.i_20.smt2,SMTInterpol,True,6.8894824289600365,6.8894824289600365
ALIA/20230321-UltimateAutomizerSvcomp2023/process_queue.i_9.smt2,SMTInterpol,False,1200,2400
ALIA/20230321-UltimateAutomizerSvcomp2023/list_and_tree_cnstr-1.i_25.smt2,SMTInterpol,True,7.201722914993297,7.201722914993297
ALIA/20230321-UltimateAutomizerSvcomp2023/alternating_list-1.i_4.smt2,SMTInterpol,True,0.47582378902006894,0.47582378902006894
ALIA/20230321-UltimateAutomizerSvcomp2023/dll_circular_traversal-2.i_41.smt2,iProver,True,25.99073842004873,25.99073842004873
ALIA/20230321-UltimateAutomizerSvcomp2023/sll2c_insert_unequal.i_23.smt2,SMTInterpol,False,1200,2400
ALIA/20230321-UltimateAutomizerSvcomp2023/list-ext_flag_1.i_58.smt2,SMTInterpol,True,0.5186661119805649,0.5186661119805649
ALIA/20230321-UltimateAutomizerSvcomp2023/dll2n_append_unequal.i_48.smt2,SMTInterpol,True,7.690601535956375,7.690601535956375
ALIA/20230321-UltimateAutomizerSvcomp2023/length_test03-1.i_30.smt2,iProver,True,3.363897851901129,3.363897851901129
ALIA/20230321-UltimateAutomizerSvcomp2023/dll2n_append_equal.i_19.smt2,cvc5,False,1200,2400
ALIA/20230321-UltimateAutomizerSvcomp2023/ex3_forlist.i_87.smt2,SMTInterpol,True,0.487160295015201,0.487160295015201
ALIA/20230321-UltimateAutomizerSvcomp2023/dll2n_append_unequal.i_9.smt2,SMTInterpol,True,0.47701266198419034,0.47701266198419034
ALIA/20230321-UltimateAutomizerSvcomp2023/list-ext_flag.i_104.smt2,SMTInterpol,True,156.99189353600377,156.99189353600377
ALIA/20230321-UltimateAutomizerSvcomp2023/splice-2.i_59.smt2,SMTInterpol,False,1200,2400
ALIA/20230321-UltimateAutomizerSvcomp2023/dll2c_update_all_reverse.i_121.smt2,SMTInterpol,True,0.6206984230084345,0.6206984230084345
ALIA/20230321-UltimateAutomizerSvcomp2023/shared_mem1.i_22.smt2,cvc5,True,0.2276092441752553,0.2276092441752553
ALIA/20230321-UltimateAutomizerSvcomp2023/length_test03-1.i_70.smt2,SMTInterpol,True,2.663436377013568,2.663436377013568
ALIA/20230321-UltimateAutomizerSvcomp2023/simple_and_skiplist_2lvl-2.i_52.smt2,SMTInterpol,True,0.4577829680056311,0.4577829680056311
ALIA/20230321-UltimateAutomizerSvcomp2023/list_and_tree_cnstr-2.i_63.smt2,SMTInterpol,True,2.222160128003452,2.222160128003452
ALIA/20230321-UltimateAutomizerSvcomp2023/dll2n_prepend_unequal.i_11.smt2,iProver,True,36.48558010789566,36.48558010789566
ALIA/20230321-UltimateAutomizerSvcomp2023/list_and_tree_cnstr-1.i_13.smt2,SMTInterpol,True,2.40808595798444,2.40808595798444
ALIA/20230321-UltimateAutomizerSvcomp2023/simple_and_skiplist_2lvl-2.i_19.smt2,SMTInterpol,True,0.4466777889756486,0.4466777889756486
ALIA/20230321-UltimateAutomizerSvcomp2023/splice-2.i_124.smt2,SMTInterpol,False,1200,2400
ALIA/20230321-UltimateAutomizerSvcomp2023/shared_mem1.i_26.smt2,SMTInterpol,True,0.6536609309841879,0.6536609309841879
ALIA/20230321-UltimateAutomizerSvcomp2023/sll-sorted-2.i_63.smt2,SMTInterpol,True,0.5311229630024172,0.5311229630024172
ALIA/20230321-UltimateAutomizerSvcomp2023/dll-token-1.i_20.smt2,iProver,True,2.400028289994225,2.400028289994225
ALIA/20230321-UltimateAutomizerSvcomp2023/dll_circular_traversal-2.i_6.smt2,SMTInterpol,True,0.4522446689661592,0.4522446689661592
ALIA/20230321-UltimateAutomizerSvcomp2023/sll2c_prepend_unequal.i_91.smt2,SMTInterpol,False,1200,2400
ALIA/20230321-UltimateAutomizerSvcomp2023/sll-sorted-2.i_21.smt2,SMTInterpol,True,2.57562991901068,2.57562991901068
ALIA/20230321-UltimateAutomizerSvcomp2023/simple_built_from_end.i_60.smt2,SMTInterpol,True,0.6020380519912578,0.6020380519912578
ALIA/20230321-UltimateAutomizerSvcomp2023/test_mutex_double_unlock.i_34.smt2,cvc5,False,1200,2400
ALIA/20230321-UltimateAutomizerSvcomp2023/dll2c_insert_equal.i_64.smt2,SMTInterpol,True,872.3043136330089,872.3043136330089
ALIA/20230321-UltimateAutomizerSvcomp2023/ex3_forlist.i_140.smt2,SMTInterpol,True,0.4450425070244819,0.4450425070244819
ALIA/20230321-UltimateAutomizerSvcomp2023/length_test03-1.i_139.smt2,SMTInterpol,False,1200,2400
ALIA/20230321-UltimateAutomizerSvcomp2023/dll2c_update_all_reverse.i_164.smt2,SMTInterpol,True,0.6105189099907875,0.6105189099907875
ALIA/20230321-UltimateAutomizerSvcomp2023/sll2n_append_equal.i_3.smt2,SMTInterpol,True,0.4557034840108827,0.4557034840108827
ALIA/20230321-UltimateAutomizerSvcomp2023/length_test03-1.i_108.smt2,iProver,True,3.3640652608592063,3.3640652608592063
ALIA/20230321-UltimateAutomizerSvcomp2023/tree_parent_ptr.i_2.smt2,SMTInterpol,True,0.46121646801475435,0.46121646801475435
ALIA/20230321-UltimateAutomizerSvcomp2023/sll2c_insert_equal.i_0.smt2,SMTInterpol,True,0.42004855698905885,0.42004855698905885
ALIA/20230321-UltimateAutomizerSvcomp2023/list-ext_flag_1.i_9.smt2,SMTInterpol,True,0.6576485869591124,0.6576485869591124
ALIA/20230321-UltimateAutomizerSvcomp2023/skiplist_3lvl.i_98.smt2,SMTInterpol,False,1200,2400
ALIA/20230321-UltimateAutomizerSvcomp2023/sll2n_insert_equal.i_2.smt2,SMTInterpol,True,0.445289142022375,0.445289142022375
ALIA/20230321-UltimateAutomizerSvcomp2023/prefixsum_rec.c_20.smt2,SMTInterpol,True,0.4558794609620236,0.4558794609620236
ALIA/20230321-UltimateAutomizerSvcomp2023/dancing.i_2.smt2,SMTInterpol,True,0.5471085880417377,0.5471085880417377
ALIA/20230321-UltimateAutomizerSvcomp2023/sll2c_prepend_unequal.i_2.smt2,SMTInterpol,True,0.4637701699975878,0.4637701699975878
ALIA/20230321-UltimateAutomizerSvcomp2023/shared_mem1.i_96.smt2,SMTInterpol,True,0.5386292029870674,0.5386292029870674
ALIA/20230321-UltimateAutomizerSvcomp2023/sll2c_prepend_equal.i_36.smt2,SMTInterpol,False,1200,2400
ALIA/20230321-UltimateAutomizerSvcomp2023/tree_cnstr.i_7.smt2,SMTInterpol,True,0.4305942290229723,0.4305942290229723
ALIA/20230321-UltimateAutomizerSvcomp2023/dll2c_remove_all.i_15.smt2,SMTInterpol,False,1200,2400
ALIA/20230321-UltimateAutomizerSvcomp2023/simple_and_skiplist_2lvl-2.i_56.smt2,SMTInterpol,True,0.4653069010237232,0.4653069010237232
ALIA/20230321-UltimateAutomizerSvcomp2023/length_test03-1.i_8.smt2,SMTInterpol,True,0.4263505569542758,0.4263505569542758
ALIA/20230321-UltimateAutomizerSvcomp2023/length_test03-1.i_190.smt2,cvc5,False,1200,2400
ALIA/20230321-UltimateAutomizerSvcomp2023/dll2c_append_unequal.i_6.smt2,SMTInterpol,True,0.42532061302335933,0.42532061302335933
ALIA/20230321-UltimateAutomizerSvcomp2023/dll_circular_traversal-2.i_109.smt2,SMTInterpol,False,1200,2400
ALIA/20230321-UltimateAutomizerSvcomp2023/tree_cnstr.i_1.smt2,SMTInterpol,True,0.442498502030503,0.442498502030503
ALIA/20230321-UltimateAutomizerSvcomp2023/sll_to_dll_rev-2.i_82.smt2,cvc5,True,0.25558748305775225,0.25558748305775225
ALIA/20230321-UltimateAutomizerSvcomp2023/test_mutex_unlock_at_exit.i_38.smt2,SMTInterpol,False,1200,2400
ALIA/20230321-UltimateAutomizerSvcomp2023/list_search-2.i_5.smt2,SMTInterpol,True,0.4501823169994168,0.4501823169994168
ALIA/20230321-UltimateAutomizerSvcomp2023/test_mutex_unlock_at_exit.i_21.smt2,SMTInterpol,True,36.8051271319855,36.8051271319855
ALIA/20230321-UltimateAutomizerSvcomp2023/dll_circular_traversal-2.i_40.smt2,iProver,True,0.8516043690033257,0.8516043690033257
ALIA/20230321-UltimateAutomizerSvcomp2023/sll2n_update_all.i_51.smt2,SMTInterpol,True,0.43820932001108304,0.43820932001108304
ALIA/20230321-UltimateAutomizerSvcomp2023/shared_mem1.i_66.smt2,cvc5,True,0.2375262170098722,0.2375262170098722
ALIA/20230321-UltimateAutomizerSvcomp2023/ex3_forlist.i_24.smt2,SMTInterpol,True,0.4614242519601248,0.4614242519601248
ALIA/20230321-UltimateAutomizerSvcomp2023/simple_search_value-1.i_72.smt2,SMTInterpol,True,108.95229210797697,108.95229210797697
ALIA/20230321-UltimateAutomizerSvcomp2023/sll_to_dll_rev-2.i_136.smt2,SMTInterpol,True,0.4712109350366518,0.4712109350366518
ALIA/20230321-UltimateAutomizerSvcomp2023/ex3_forlist.i_10.smt2,SMTInterpol,True,0.4935309999855235,0.4935309999855235
ALIA/20230321-UltimateAutomizerSvcomp2023/dll_circular_traversal-2.i_129.smt2,SMTInterpol,False,1200,2400
ALIA/20230321-UltimateAutomizerSvcomp2023/sll2c_prepend_equal.i_23.smt2,SMTInterpol,False,1200,2400
ALIA/piVC/piVC_5cee0c.smt2,SMTInterpol,True,3.7932783989817835,3.7932783989817835
ALIA/20230321-UltimateAutomizerSvcomp2023/length_test03-1.i_15.smt2,SMTInterpol,False,1200,2400
ALIA/20230321-UltimateAutomizerSvcomp2023/simple_search_value-1.i_37.smt2,SMTInterpol,False,1200,2400
ALIA/20230321-UltimateAutomizerSvcomp2023/splice-2.i_125.smt2,SMTInterpol,False,1200,2400
ALIA/20230321-UltimateAutomizerSvcomp2023/skiplist_3lvl.i_64.smt2,SMTInterpol,True,0.8818808139767498,0.8818808139767498
ALIA/20230321-UltimateAutomizerSvcomp2023/sll2c_insert_equal.i_3.smt2,SMTInterpol,True,0.4632552399998531,0.4632552399998531
ALIA/20230321-UltimateAutomizerSvcomp2023/dll2c_update_all_reverse.i_145.smt2,SMTInterpol,True,0.7497362290159799,0.7497362290159799
ALIA/20230321-UltimateAutomizerSvcomp2023/length_test03-1.i_177.smt2,SMTInterpol,True,4.299803517002147,4.299803517002147
ALIA/20230321-UltimateAutomizerSvcomp2023/shared_mem1.i_95.smt2,SMTInterpol,True,0.5725195080158301,0.5725195080158301
ALIA/20230321-UltimateAutomizerSvcomp2023/test_add-2.i_95.smt2,cvc5,True,0.2483444430399686,0.2483444430399686
ALIA/20230321-UltimateAutomizerSvcomp2023/sll2n_insert_unequal.i_35.smt2,SMTInterpol,True,181.0340013700188,181.0340013700188
ALIA/20230321-UltimateAutomizerSvcomp2023/simple-2.i_24.smt2,SMTInterpol,True,0.46781245700549334,0.46781245700549334
ALIA/20230321-UltimateAutomizerSvcomp2023/test_mutex_double_unlock.i_21.smt2,cvc5,True,0.9139117910526693,0.9139117910526693
ALIA/20230321-UltimateAutomizerSvcomp2023/sll2c_prepend_equal.i_46.smt2,SMTInterpol,True,0.43708159402012825,0.43708159402012825
ALIA/20230321-UltimateAutomizerSvcomp2023/bubble_sort_linux-1.i_55.smt2,SMTInterpol,True,2.5788886519731022,2.5788886519731022
ALIA/20230321-UltimateAutomizerSvcomp2023/length_test03-1.i_186.smt2,SMTInterpol,True,115.85384064598475,115.85384064598475
ALIA/20230321-UltimateAutomizerSvcomp2023/sll2c_prepend_unequal.i_26.smt2,SMTInterpol,False,1200,2400
ALIA/20230321-UltimateAutomizerSvcomp2023/dll2c_insert_unequal.i_32.smt2,SMTInterpol,False,1200,2400
ALIA/20230321-UltimateAutomizerSvcomp2023/shared_mem1.i_89.smt2,SMTInterpol,True,0.6142141909804195,0.6142141909804195
ALIA/20230321-UltimateAutomizerSvcomp2023/dll-token-1.i_16.smt2,iProver,True,1123.214549486991,1123.214549486991
ALIA/20230321-UltimateAutomizerSvcomp2023/sll_circular_traversal-1.i_14.smt2,SMTInterpol,False,1200,2400
ALIA/20230321-UltimateAutomizerSvcomp2023/sll2n_append_equal.i_0.smt2,SMTInterpol,True,0.46202478103805333,0.46202478103805333
ALIA/20230321-UltimateAutomizerSvcomp2023/simple-ext_1.i_34.smt2,SMTInterpol,True,0.6308569459943101,0.6308569459943101
ALIA/20230321-UltimateAutomizerSvcomp2023/sll_to_dll_rev-2.i_124.smt2,cvc5,True,0.22416598512791097,0.22416598512791097
ALIA/20230321-UltimateAutomizerSvcomp2023/sll2n_append_equal.i_46.smt2,SMTInterpol,True,0.47580694395583123,0.47580694395583123
ALIA/20230321-UltimateAutomizerSvcomp2023/dll-reverse.i_39.smt2,cvc5,True,0.24310812703333795,0.24310812703333795
ALIA/20230321-UltimateAutomizerSvcomp2023/sll_circular_traversal-1.i_71.smt2,SMTInterpol,False,1200,2400
ALIA/20230321-UltimateAutomizerSvcomp2023/dll2c_update_all_reverse.i_128.smt2,SMTInterpol,True,0.6125946009997278,0.6125946009997278
ALIA/20230321-UltimateAutomizerSvcomp2023/sll2n_prepend_equal.i_44.smt2,SMTInterpol,True,0.4461277999798767,0.4461277999798767
ALIA/20230321-UltimateAutomizerSvcomp2023/sll2n_insert_unequal.i_21.smt2,SMTInterpol,True,5.965781781997066,5.965781781997066
ALIA/20230321-UltimateAutomizerSvcomp2023/dll2n_insert_unequal.i_13.smt2,SMTInterpol,False,1200,2400
ALIA/20230321-UltimateAutomizerSvcomp2023/dll2c_append_unequal.i_0.smt2,SMTInterpol,True,0.4286109989625402,0.4286109989625402
ALIA/20230321-UltimateAutomizerSvcomp2023/dll_circular_traversal-2.i_122.smt2,SMTInterpol,False,1200,2400
ALIA/20230321-UltimateAutomizerSvcomp2023/dll2c_remove_all.i_6.smt2,SMTInterpol,False,1200,2400
ALIA/20230321-UltimateAutomizerSvcomp2023/sll-sorted-2.i_64.smt2,SMTInterpol,True,0.524132015008945,0.524132015008945
ALIA/20230321-UltimateAutomizerSvcomp2023/dll_circular_traversal-2.i_79.smt2,SMTInterpol,True,0.6702863129903562,0.6702863129903562
ALIA/20230321-UltimateAutomizerSvcomp2023/sll_to_dll_rev-2.i_123.smt2,cvc5,True,0.22262701485306025,0.22262701485306025
ALIA/20230321-UltimateAutomizerSvcomp2023/dll2c_update_all_reverse.i_143.smt2,SMTInterpol,True,0.6236957960063592,0.6236957960063592
ALIA/20230321-UltimateAutomizerSvcomp2023/dll2c_update_all_reverse.i_90.smt2,cvc5,True,0.2703199270181358,0.2703199270181358
ALIA/20230321-UltimateAutomizerSvcomp2023/sll2c_insert_unequal.i_51.smt2,SMTInterpol,True,0.4625081210397184,0.4625081210397184
ALIA/20230321-UltimateAutomizerSvcomp2023/skiplist_3lvl.i_79.smt2,SMTInterpol,True,6.208049306995235,6.208049306995235
ALIA/20230321-UltimateAutomizerSvcomp2023/sll-sorted-2.i_22.smt2,SMTInterpol,False,1200,2400
ALIA/20230321-UltimateAutomizerSvcomp2023/dll-optional-1.i_15.smt2,SMTInterpol,False,1200,2400
ALIA/20230321-UltimateAutomizerSvcomp2023/list-ext_flag.i_66.smt2,SMTInterpol,False,1200,2400
ALIA/20230321-UltimateAutomizerSvcomp2023/ex3_forlist.i_183.smt2,SMTInterpol,True,0.5329477199702524,0.5329477199702524
ALIA/20230321-UltimateAutomizerSvcomp2023/dll_circular_traversal-2.i_33.smt2,cvc5,False,1200,2400
ALIA/20230321-UltimateAutomizerSvcomp2023/ex3_forlist.i_207.smt2,SMTInterpol,True,0.5120247229933739,0.5120247229933739
ALIA/20230321-UltimateAutomizerSvcomp2023/bubble_sort_linux-1.i_35.smt2,SMTInterpol,True,0.9445228480035439,0.9445228480035439
ALIA/20230321-UltimateAutomizerSvcomp2023/dll_circular_traversal-2.i_116.smt2,SMTInterpol,False,1200,2400
ALIA/20230321-UltimateAutomizerSvcomp2023/dll_circular_traversal-2.i_47.smt2,SMTInterpol,True,0.6683228239999153,0.6683228239999153
ALIA/20230321-UltimateAutomizerSvcomp2023/list_search-1.i_5.smt2,SMTInterpol,True,0.4414066569879651,0.4414066569879651
ALIA/20230321-UltimateAutomizerSvcomp2023/tree_of_cslls.i_23.smt2,SMTInterpol,True,0.5363302230252884,0.5363302230252884
ALIA/20230321-UltimateAutomizerSvcomp2023/dll2c_update_all_reverse.i_33.smt2,SMTInterpol,True,0.6976972380070947,0.6976972380070947
ALIA/20230321-UltimateAutomizerSvcomp2023/dll2c_insert_equal.i_73.smt2,SMTInterpol,False,1200,2400
ALIA/20230321-UltimateAutomizerSvcomp2023/list-ext_flag.i_70.smt2,SMTInterpol,False,1200,2400
ALIA/20230321-UltimateAutomizerSvcomp2023/sll2c_insert_unequal.i_50.smt2,SMTInterpol,True,0.4682680460391566,0.4682680460391566
ALIA/20230321-UltimateAutomizerSvcomp2023/shared_mem1.i_101.smt2,SMTInterpol,True,0.6360189489787444,0.6360189489787444
ALIA/20230321-UltimateAutomizerSvcomp2023/sll_circular_traversal-1.i_44.smt2,SMTInterpol,False,1200,2400
ALIA/20230321-UltimateAutomizerSvcomp2023/test_add-2.i_73.smt2,cvc5,True,0.30065738898701966,0.30065738898701966
ALIA/20230321-UltimateAutomizerSvcomp2023/list-ext_flag.i_111.smt2,SMTInterpol,True,25.719009000982624,25.719009000982624
ALIA/20230321-UltimateAutomizerSvcomp2023/dll2c_insert_equal.i_103.smt2,SMTInterpol,True,0.4471693729865365,0.4471693729865365
ALIA/20230321-UltimateAutomizerSvcomp2023/sll_to_dll_rev-1.i_86.smt2,cvc5,True,360.82768206694163,360.82768206694163
ALIA/20230321-UltimateAutomizerSvcomp2023/dll2c_update_all_reverse.i_194.smt2,SMTInterpol,True,0.6237005069851875,0.6237005069851875
ALIA/20230321-UltimateAutomizerSvcomp2023/ex3_forlist.i_58.smt2,SMTInterpol,True,0.6037626179750077,0.6037626179750077
ALIA/20230321-UltimateAutomizerSvcomp2023/simple-2.i_42.smt2,SMTInterpol,True,0.5047286710469052,0.5047286710469052
ALIA/20230321-UltimateAutomizerSvcomp2023/dll2c_insert_unequal.i_50.smt2,SMTInterpol,False,1200,2400
ALIA/20230321-UltimateAutomizerSvcomp2023/dll2n_append_equal.i_9.smt2,cvc5,False,1200,2400
ALIA/20230321-UltimateAutomizerSvcomp2023/test_add-2.i_31.smt2,cvc5,True,0.2563534858636558,0.2563534858636558
ALIA/20230321-UltimateAutomizerSvcomp2023/sll2n_update_all_reverse.i_72.smt2,SMTInterpol,True,0.6205935850157402,0.6205935850157402
ALIA/20230321-UltimateAutomizerSvcomp2023/list-ext_flag.i_37.smt2,SMTInterpol,True,0.46358174295164645,0.46358174295164645
ALIA/20230321-UltimateAutomizerSvcomp2023/dll2c_append_unequal.i_17.smt2,cvc5,True,0.4690479259006679,0.4690479259006679
ALIA/20230321-UltimateAutomizerSvcomp2023/dll2c_update_all_reverse.i_7.smt2,cvc5,True,0.22411463502794504,0.22411463502794504
ALIA/20230321-UltimateAutomizerSvcomp2023/list-ext_flag.i_16.smt2,SMTInterpol,True,0.5200349150109105,0.5200349150109105
ALIA/20230321-UltimateAutomizerSvcomp2023/sll2n_insert_unequal.i_46.smt2,SMTInterpol,True,203.30133219697746,203.30133219697746
ALIA/20230321-UltimateAutomizerSvcomp2023/dll_circular_traversal-2.i_101.smt2,SMTInterpol,False,1200,2400
ALIA/20230321-UltimateAutomizerSvcomp2023/merge_sort-2.i_3.smt2,cvc5,False,1200,2400
ALIA/20230321-UltimateAutomizerSvcomp2023/ex3_forlist.i_35.smt2,SMTInterpol,True,0.5476526819984429,0.5476526819984429
ALIA/20230321-UltimateAutomizerSvcomp2023/sll_to_dll_rev-2.i_87.smt2,SMTInterpol,True,0.4605802330188453,0.4605802330188453
ALIA/20230321-UltimateAutomizerSvcomp2023/list-ext_flag.i_25.smt2,SMTInterpol,True,0.6771467429935001,0.6771467429935001
ALIA/20230321-UltimateAutomizerSvcomp2023/sll2c_insert_unequal.i_14.smt2,SMTInterpol,False,1200,2400
ALIA/20230321-UltimateAutomizerSvcomp2023/shared_mem1.i_109.smt2,SMTInterpol,True,0.5727768689976074,0.5727768689976074
ALIA/20230321-UltimateAutomizerSvcomp2023/length_test03-1.i_32.smt2,iProver,False,1200,2400
ALIA/20230321-UltimateAutomizerSvcomp2023/dll2n_prepend_unequal.i_88.smt2,SMTInterpol,False,1200,2400
ALIA/20230321-UltimateAutomizerSvcomp2023/length_test03-1.i_18.smt2,SMTInterpol,True,0.8311679789912887,0.8311679789912887
ALIA/20230321-UltimateAutomizerSvcomp2023/splice-2.i_56.smt2,SMTInterpol,False,1200,2400
ALIA/20230321-UltimateAutomizerSvcomp2023/ex3_forlist.i_18.smt2,SMTInterpol,True,0.5006687919958495,0.5006687919958495
ALIA/20230321-UltimateAutomizerSvcomp2023/sll_to_dll_rev-2.i_80.smt2,SMTInterpol,True,0.5648361810017377,0.5648361810017377
ALIA/20230321-UltimateAutomizerSvcomp2023/dll2n_update_all.i_11.smt2,SMTInterpol,True,0.44873064098646864,0.44873064098646864
ALIA/20230321-UltimateAutomizerSvcomp2023/dll2n_append_unequal.i_6.smt2,SMTInterpol,True,0.44708190200617537,0.44708190200617537
ALIA/20230321-UltimateAutomizerSvcomp2023/shared_mem1.i_57.smt2,SMTInterpol,True,0.5695698990020901,0.5695698990020901
ALIA/20230321-UltimateAutomizerSvcomp2023/dll_of_dll-1.i_16.smt2,SMTInterpol,True,0.5000933060073294,0.5000933060073294
ALIA/20230321-UltimateAutomizerSvcomp2023/dll_circular_traversal-2.i_110.smt2,SMTInterpol,False,1200,2400
ALIA/20230321-UltimateAutomizerSvcomp2023/length_test03-1.i_91.smt2,cvc5,False,1200,2400
ALIA/20230321-UltimateAutomizerSvcomp2023/dll2n_prepend_unequal.i_91.smt2,SMTInterpol,True,0.62890831095865,0.62890831095865
ALIA/20230321-UltimateAutomizerSvcomp2023/shared_mem1.i_36.smt2,SMTInterpol,True,0.6574453680077568,0.6574453680077568
ALIA/20230321-UltimateAutomizerSvcomp2023/ex3_forlist.i_61.smt2,SMTInterpol,True,0.5679930170008447,0.5679930170008447
ALIA/20230321-UltimateAutomizerSvcomp2023/shared_mem1.i_12.smt2,SMTInterpol,True,0.5331414910033345,0.5331414910033345
ALIA/20230321-UltimateAutomizerSvcomp2023/sll2c_prepend_unequal.i_33.smt2,SMTInterpol,False,1200,2400
ALIA/20230321-UltimateAutomizerSvcomp2023/sll2c_prepend_equal.i_14.smt2,SMTInterpol,False,1200,2400
ALIA/20230321-UltimateAutomizerSvcomp2023/simple-ext_1.i_12.smt2,SMTInterpol,True,0.5722159740398638,0.5722159740398638
ALIA/20230321-UltimateAutomizerSvcomp2023/dll-optional-1.i_12.smt2,iProver,False,1200,2400
ALIA/20230321-UltimateAutomizerSvcomp2023/test_add-2.i_24.smt2,cvc5,True,0.24872429599054158,0.24872429599054158
ALIA/20230321-UltimateAutomizerSvcomp2023/bubble_sort_linux-2.i_5.smt2,SMTInterpol,True,0.46561506198486313,0.46561506198486313
ALIA/20230321-UltimateAutomizerSvcomp2023/simple-2.i_57.smt2,SMTInterpol,True,2.640604520973284,2.640604520973284
ALIA/20230321-UltimateAutomizerSvcomp2023/tree_cnstr.i_15.smt2,SMTInterpol,True,0.45406353496946394,0.45406353496946394
ALIA/20230321-UltimateAutomizerSvcomp2023/dll_circular_traversal-2.i_148.smt2,SMTInterpol,False,1200,2400
ALIA/20230321-UltimateAutomizerSvcomp2023/sll_circular_traversal-1.i_48.smt2,SMTInterpol,False,1200,2400
ALIA/20230321-UltimateAutomizerSvcomp2023/test_add-2.i_8.smt2,cvc5,True,0.2963036841247231,0.2963036841247231
ALIA/20230321-UltimateAutomizerSvcomp2023/sll_circular_traversal-1.i_49.smt2,SMTInterpol,False,1200,2400
ALIA/20230321-UltimateAutomizerSvcomp2023/simple_search_value-1.i_17.smt2,SMTInterpol,True,1.6460839119972661,1.6460839119972661
ALIA/20230321-UltimateAutomizerSvcomp2023/list-ext_flag.i_53.smt2,SMTInterpol,True,0.5361570899840444,0.5361570899840444
ALIA/20230321-UltimateAutomizerSvcomp2023/test_add-2.i_109.smt2,cvc5,True,8.909567715134472,8.909567715134472
ALIA/20230321-UltimateAutomizerSvcomp2023/dll2c_insert_equal.i_90.smt2,cvc5,False,1200,2400
ALIA/20230321-UltimateAutomizerSvcomp2023/sll2n_update_all.i_47.smt2,SMTInterpol,True,0.4787099929526448,0.4787099929526448
ALIA/20230321-UltimateAutomizerSvcomp2023/sll2c_insert_equal.i_62.smt2,cvc5,True,163.4245864939876,163.4245864939876
ALIA/20230321-UltimateAutomizerSvcomp2023/sll2c_prepend_unequal.i_78.smt2,SMTInterpol,True,559.97270079999,559.97270079999
ALIA/20230321-UltimateAutomizerSvcomp2023/tree_parent_ptr.i_4.smt2,cvc5,True,100.20374430599622,100.20374430599622
ALIA/20230321-UltimateAutomizerSvcomp2023/sll2c_prepend_unequal.i_58.smt2,SMTInterpol,False,1200,2400
ALIA/20230321-UltimateAutomizerSvcomp2023/splice-2.i_47.smt2,SMTInterpol,False,1200,2400
ALIA/20230321-UltimateAutomizerSvcomp2023/skiplist_3lvl.i_44.smt2,SMTInterpol,True,0.8638942450052127,0.8638942450052127
ALIA/20230321-UltimateAutomizerSvcomp2023/simple_built_from_end.i_15.smt2,SMTInterpol,True,0.7024049630272202,0.7024049630272202
ALIA/20230321-UltimateAutomizerSvcomp2023/sll_to_dll_rev-2.i_88.smt2,SMTInterpol,True,0.47379829100100324,0.47379829100100324
ALIA/20230321-UltimateAutomizerSvcomp2023/sll2n_update_all_reverse.i_8.smt2,SMTInterpol,True,0.5846453969716094,0.5846453969716094
ALIA/20230321-UltimateAutomizerSvcomp2023/dll2n_append_unequal.i_49.smt2,SMTInterpol,True,8.678953199996613,8.678953199996613
ALIA/20230321-UltimateAutomizerSvcomp2023/sll_to_dll_rev-2.i_97.smt2,SMTInterpol,True,0.5187989060068503,0.5187989060068503
ALIA/20230321-UltimateAutomizerSvcomp2023/list-ext_flag_1.i_67.smt2,SMTInterpol,True,0.4773241560324095,0.4773241560324095
ALIA/20230321-UltimateAutomizerSvcomp2023/dll2c_update_all_reverse.i_202.smt2,SMTInterpol,True,0.6219358540256508,0.6219358540256508
ALIA/20230321-UltimateAutomizerSvcomp2023/dll-token-1.i_18.smt2,iProver,True,2.9118764200247824,2.9118764200247824
ALIA/20230321-UltimateAutomizerSvcomp2023/sll2c_prepend_unequal.i_95.smt2,SMTInterpol,False,1200,2400
ALIA/20230321-UltimateAutomizerSvcomp2023/dll2c_update_all_reverse.i_203.smt2,SMTInterpol,True,0.6789789239992388,0.6789789239992388
ALIA/20230321-UltimateAutomizerSvcomp2023/sll2n_append_equal.i_38.smt2,SMTInterpol,True,0.4619708359823562,0.4619708359823562
ALIA/20230321-UltimateAutomizerSvcomp2023/sll2n_append_equal.i_31.smt2,SMTInterpol,True,0.4581974500324577,0.4581974500324577
ALIA/20230321-UltimateAutomizerSvcomp2023/sll2c_prepend_unequal.i_29.smt2,SMTInterpol,False,1200,2400
ALIA/20230321-UltimateAutomizerSvcomp2023/dll_of_dll-2.i_32.smt2,SMTInterpol,True,0.5244041289552115,0.5244041289552115
ALIA/20230321-UltimateAutomizerSvcomp2023/ex3_forlist.i_191.smt2,SMTInterpol,True,0.5362336770049296,0.5362336770049296
ALIA/20230321-UltimateAutomizerSvcomp2023/dll_circular_traversal-2.i_94.smt2,SMTInterpol,False,1200,2400
ALIA/20230321-UltimateAutomizerSvcomp2023/simple_built_from_end.i_70.smt2,SMTInterpol,True,0.7259388839593157,0.7259388839593157
ALIA/20230321-UltimateAutomizerSvcomp2023/tree_stack.i_3.smt2,SMTInterpol,True,0.4479869240312837,0.4479869240312837
ALIA/20230321-UltimateAutomizerSvcomp2023/sll-sorted-2.i_24.smt2,SMTInterpol,True,0.6504279709770344,0.6504279709770344
ALIA/20230321-UltimateAutomizerSvcomp2023/dll2c_remove_all.i_22.smt2,SMTInterpol,False,1200,2400
ALIA/20230321-UltimateAutomizerSvcomp2023/dll2n_append_unequal.i_39.smt2,SMTInterpol,True,6.758845622010995,6.758845622010995
ALIA/20230321-UltimateAutomizerSvcomp2023/dll2n_remove_all_reverse.i_5.smt2,SMTInterpol,True,0.4040805370314047,0.4040805370314047
ALIA/20230321-UltimateAutomizerSvcomp2023/dll2n_append_unequal.i_47.smt2,SMTInterpol,True,7.681904656987172,7.681904656987172
ALIA/20230321-UltimateAutomizerSvcomp2023/bubble_sort_linux-2.i_24.smt2,cvc5,True,0.2883530710823834,0.2883530710823834
ALIA/20230321-UltimateAutomizerSvcomp2023/dll2n_append_equal.i_18.smt2,SMTInterpol,False,1200,2400
ALIA/20230321-UltimateAutomizerSvcomp2023/length_test03-1.i_82.smt2,iProver,True,3.889672090066597,3.889672090066597
ALIA/20230321-UltimateAutomizerSvcomp2023/prefixsum_rec.c_8.smt2,SMTInterpol,True,0.45327182399341837,0.45327182399341837
ALIA/20230321-UltimateAutomizerSvcomp2023/sll_circular_traversal-1.i_69.smt2,SMTInterpol,False,1200,2400
ALIA/20230321-UltimateAutomizerSvcomp2023/list-1.i_75.smt2,SMTInterpol,True,25.229232857003808,25.229232857003808
ALIA/20230321-UltimateAutomizerSvcomp2023/dll_circular_traversal-2.i_1.smt2,SMTInterpol,True,0.4295665890094824,0.4295665890094824
ALIA/20230321-UltimateAutomizerSvcomp2023/sll2c_prepend_equal.i_37.smt2,SMTInterpol,False,1200,2400
ALIA/20230321-UltimateAutomizerSvcomp2023/dll-reverse.i_12.smt2,cvc5,True,0.22173657012172043,0.22173657012172043
ALIA/20230321-UltimateAutomizerSvcomp2023/dll2c_update_all_reverse.i_38.smt2,SMTInterpol,True,0.6541050359955989,0.6541050359955989
ALIA/20230321-UltimateAutomizerSvcomp2023/dll_circular_traversal-2.i_69.smt2,SMTInterpol,True,0.6694328670273535,0.6694328670273535
ALIA/20230321-UltimateAutomizerSvcomp2023/length_test03-1.i_39.smt2,SMTInterpol,True,0.559228582016658,0.559228582016658
ALIA/20230321-UltimateAutomizerSvcomp2023/list-ext_flag.i_22.smt2,SMTInterpol,True,0.630305957980454,0.630305957980454
ALIA/20230321-UltimateAutomizerSvcomp2023/dll_of_dll-1.i_50.smt2,SMTInterpol,True,0.46163108298787847,0.46163108298787847
ALIA/20230321-UltimateAutomizerSvcomp2023/dll2n_prepend_unequal.i_31.smt2,SMTInterpol,False,1200,2400
ALIA/20230321-UltimateAutomizerSvcomp2023/length_test03-1.i_129.smt2,SMTInterpol,True,0.5256460710079409,0.5256460710079409
ALIA/20230321-UltimateAutomizerSvcomp2023/sll2n_append_equal.i_37.smt2,SMTInterpol,True,0.48186672100564465,0.48186672100564465
ALIA/20230321-UltimateAutomizerSvcomp2023/length_test03-1.i_226.smt2,SMTInterpol,True,0.42542780097573996,0.42542780097573996
ALIA/20230321-UltimateAutomizerSvcomp2023/sll2c_prepend_unequal.i_16.smt2,SMTInterpol,True,0.43681960098911077,0.43681960098911077
ALIA/20230321-UltimateAutomizerSvcomp2023/sll-sorted-2.i_43.smt2,SMTInterpol,True,0.5182999889948405,0.5182999889948405
ALIA/20230321-UltimateAutomizerSvcomp2023/ex3_forlist.i_41.smt2,SMTInterpol,True,0.5358279009815305,0.5358279009815305
ALIA/20230321-UltimateAutomizerSvcomp2023/sll2n_prepend_equal.i_50.smt2,SMTInterpol,True,0.45679511898197234,0.45679511898197234
ALIA/20230321-UltimateAutomizerSvcomp2023/length_test03-1.i_140.smt2,SMTInterpol,True,0.5079934829846025,0.5079934829846025
ALIA/20230321-UltimateAutomizerSvcomp2023/test_add-2.i_29.smt2,cvc5,True,0.2621696831192821,0.2621696831192821
ALIA/20230321-UltimateAutomizerSvcomp2023/length_test03-1.i_199.smt2,cvc5,True,416.70603972300887,416.70603972300887
ALIA/20230321-UltimateAutomizerSvcomp2023/ex3_forlist.i_49.smt2,SMTInterpol,True,0.8961037889821455,0.8961037889821455
ALIA/20230321-UltimateAutomizerSvcomp2023/length_test03-1.i_1.smt2,SMTInterpol,False,1200,2400
ALIA/20230321-UltimateAutomizerSvcomp2023/ex3_forlist.i_132.smt2,SMTInterpol,True,0.4497794099734165,0.4497794099734165
ALIA/20230321-UltimateAutomizerSvcomp2023/sll_to_dll_rev-2.i_89.smt2,cvc5,True,0.25682594417594373,0.25682594417594373
ALIA/20230321-UltimateAutomizerSvcomp2023/bubble_sort_linux-2.i_29.smt2,cvc5,False,1200,2400
ALIA/20230321-UltimateAutomizerSvcomp2023/dll_circular_traversal-2.i_51.smt2,SMTInterpol,True,0.6552019690279849,0.6552019690279849
ALIA/20230321-UltimateAutomizerSvcomp2023/dll2n_prepend_unequal.i_85.smt2,SMTInterpol,False,1200,2400
ALIA/20230321-UltimateAutomizerSvcomp2023/sll_circular_traversal-1.i_55.smt2,SMTInterpol,False,1200,2400
ALIA/20230321-UltimateAutomizerSvcomp2023/list_search-2.i_1.smt2,SMTInterpol,True,0.4279209860251285,0.4279209860251285
ALIA/20230321-UltimateAutomizerSvcomp2023/tree_of_cslls.i_35.smt2,SMTInterpol,True,0.7081632009940222,0.7081632009940222
ALIA/20230321-UltimateAutomizerSvcomp2023/dll_circular_traversal-2.i_119.smt2,SMTInterpol,False,1200,2400
ALIA/20230321-UltimateAutomizerSvcomp2023/dll_circular_traversal-2.i_126.smt2,SMTInterpol,False,1200,2400
ALIA/20230321-UltimateAutomizerSvcomp2023/running_example.i_8.smt2,SMTInterpol,True,0.7351319310255349,0.7351319310255349
ALIA/20230321-UltimateAutomizerSvcomp2023/list_and_tree_cnstr-2.i_83.smt2,SMTInterpol,True,0.55141445400659,0.55141445400659
ALIA/20230321-UltimateAutomizerSvcomp2023/skiplist_3lvl.i_74.smt2,SMTInterpol,True,2.65153976297006,2.65153976297006
ALIA/20230321-UltimateAutomizerSvcomp2023/sll-sorted-2.i_96.smt2,SMTInterpol,True,0.6460934730130248,0.6460934730130248
ALIA/20230321-UltimateAutomizerSvcomp2023/skiplist_3lvl.i_106.smt2,SMTInterpol,True,0.9368296090397052,0.9368296090397052
ALIA/20230321-UltimateAutomizerSvcomp2023/dll2n_insert_unequal.i_17.smt2,SMTInterpol,False,1200,2400
ALIA/20230321-UltimateAutomizerSvcomp2023/dll_circular_traversal-2.i_167.smt2,SMTInterpol,True,539.2459289319813,539.2459289319813
ALIA/20230321-UltimateAutomizerSvcomp2023/dll_circular_traversal-2.i_37.smt2,iProver,True,0.8799959048628807,0.8799959048628807
ALIA/20230321-UltimateAutomizerSvcomp2023/sll2n_append_unequal.i_13.smt2,SMTInterpol,True,0.4797249080147594,0.4797249080147594
ALIA/20230321-UltimateAutomizerSvcomp2023/dll-queue-1.i_18.smt2,SMTInterpol,True,0.45564753795042634,0.45564753795042634
ALIA/20230321-UltimateAutomizerSvcomp2023/simple_built_from_end.i_26.smt2,SMTInterpol,True,0.4793330319807865,0.4793330319807865
ALIA/20230321-UltimateAutomizerSvcomp2023/length_test03-1.i_182.smt2,cvc5,False,1200,2400
ALIA/20230321-UltimateAutomizerSvcomp2023/list_and_tree_cnstr-1.i_7.smt2,SMTInterpol,True,0.4658702570013702,0.4658702570013702
ALIA/20230321-UltimateAutomizerSvcomp2023/test_mutex_double_unlock.i_19.smt2,cvc5,True,0.9094200171530247,0.9094200171530247
ALIA/20230321-UltimateAutomizerSvcomp2023/dll2c_update_all_reverse.i_54.smt2,SMTInterpol,True,0.49030694196699187,0.49030694196699187
ALIA/20230321-UltimateAutomizerSvcomp2023/sll2c_prepend_equal.i_18.smt2,SMTInterpol,False,1200,2400
ALIA/20230321-UltimateAutomizerSvcomp2023/dll_circular_traversal-2.i_152.smt2,SMTInterpol,False,1200,2400
ALIA/20230321-UltimateAutomizerSvcomp2023/sll_to_dll_rev-2.i_96.smt2,cvc5,True,0.22503591398708522,0.22503591398708522
ALIA/20230321-UltimateAutomizerSvcomp2023/sll_to_dll_rev-2.i_91.smt2,SMTInterpol,True,0.4721745160059072,0.4721745160059072
ALIA/20230321-UltimateAutomizerSvcomp2023/sll2n_update_all_reverse.i_13.smt2,SMTInterpol,True,0.6456715380190872,0.6456715380190872
ALIA/20230321-UltimateAutomizerSvcomp2023/dll2n_append_unequal.i_3.smt2,SMTInterpol,True,0.44928359100595117,0.44928359100595117
ALIA/20230321-UltimateAutomizerSvcomp2023/sll2n_update_all.i_20.smt2,SMTInterpol,True,0.5091510259662755,0.5091510259662755
ALIA/20230321-UltimateAutomizerSvcomp2023/list-ext_flag.i_67.smt2,cvc5,False,1200,2400
ALIA/20230321-UltimateAutomizerSvcomp2023/sll_to_dll_rev-2.i_81.smt2,cvc5,True,0.23134553409181535,0.23134553409181535
ALIA/20230321-UltimateAutomizerSvcomp2023/dll2c_update_all.i_32.smt2,SMTInterpol,True,0.42966526601230726,0.42966526601230726
ALIA/20230321-UltimateAutomizerSvcomp2023/test_add-2.i_39.smt2,cvc5,True,0.2625409150496125,0.2625409150496125
ALIA/20230321-UltimateAutomizerSvcomp2023/dll2c_prepend_equal.i_13.smt2,SMTInterpol,True,646.469665526005,646.469665526005
ALIA/20230321-UltimateAutomizerSvcomp2023/dll2n_remove_all.i_11.smt2,SMTInterpol,False,1200,2400
ALIA/20230321-UltimateAutomizerSvcomp2023/dll2n_update_all.i_8.smt2,SMTInterpol,True,0.4584939070045948,0.4584939070045948
ALIA/20230321-UltimateAutomizerSvcomp2023/tree_stack.i_2.smt2,SMTInterpol,True,0.4770536150317639,0.4770536150317639
ALIA/20230321-UltimateAutomizerSvcomp2023/bubble_sort_linux-2.i_9.smt2,SMTInterpol,True,0.4507195500191301,0.4507195500191301
ALIA/20230321-UltimateAutomizerSvcomp2023/dll2n_prepend_unequal.i_69.smt2,SMTInterpol,True,675.6759129030397,675.6759129030397
ALIA/20230321-UltimateAutomizerSvcomp2023/sll-sorted-2.i_71.smt2,SMTInterpol,True,2.4143822589539923,2.4143822589539923
ALIA/20230321-UltimateAutomizerSvcomp2023/bubble_sort_linux-1.i_41.smt2,SMTInterpol,True,9.708135115972254,9.708135115972254
ALIA/20230321-UltimateAutomizerSvcomp2023/dll_circular_traversal-2.i_32.smt2,cvc5,False,1200,2400
ALIA/20230321-UltimateAutomizerSvcomp2023/dll-token-1.i_9.smt2,SMTInterpol,False,1200,2400
ALIA/20230321-UltimateAutomizerSvcomp2023/packet_filter.i_3.smt2,cvc5,True,0.4062992548570037,0.4062992548570037
ALIA/20230321-UltimateAutomizerSvcomp2023/sll2c_prepend_unequal.i_4.smt2,SMTInterpol,True,0.4966947819921188,0.4966947819921188
ALIA/20230321-UltimateAutomizerSvcomp2023/test_mutex_unlock_at_exit.i_18.smt2,SMTInterpol,True,0.4389354959712364,0.4389354959712364
ALIA/20230321-UltimateAutomizerSvcomp2023/shared_mem1.i_71.smt2,SMTInterpol,True,0.5715082800015807,0.5715082800015807
ALIA/20230321-UltimateAutomizerSvcomp2023/dll2c_append_unequal.i_21.smt2,SMTInterpol,False,1200,2400
ALIA/20230321-UltimateAutomizerSvcomp2023/sll2n_prepend_equal.i_53.smt2,SMTInterpol,True,0.4578431939589791,0.4578431939589791
ALIA/20230321-UltimateAutomizerSvcomp2023/dll-reverse.i_50.smt2,SMTInterpol,True,0.4703281499678269,0.4703281499678269
ALIA/20230321-UltimateAutomizerSvcomp2023/dll_circular_traversal-2.i_157.smt2,SMTInterpol,True,641.1329034510418,641.1329034510418
ALIA/20230321-UltimateAutomizerSvcomp2023/dll2n_append_unequal.i_18.smt2,SMTInterpol,True,0.42562782001914456,0.42562782001914456
ALIA/20230321-UltimateAutomizerSvcomp2023/dll-queue-1.i_3.smt2,cvc5,True,0.547585902037099,0.547585902037099
ALIA/20230321-UltimateAutomizerSvcomp2023/simple_built_from_end.i_20.smt2,SMTInterpol,True,0.4624906360404566,0.4624906360404566
ALIA/20230321-UltimateAutomizerSvcomp2023/sll2c_prepend_equal.i_24.smt2,SMTInterpol,False,1200,2400
ALIA/20230321-UltimateAutomizerSvcomp2023/test_add-2.i_41.smt2,cvc5,True,0.3957776071038097,0.3957776071038097
ALIA/20230321-UltimateAutomizerSvcomp2023/sll_to_dll_rev-1.i_7.smt2,SMTInterpol,True,0.5050749729853123,0.5050749729853123
ALIA/20230321-UltimateAutomizerSvcomp2023/dll2c_update_all_reverse.i_220.smt2,SMTInterpol,True,0.6115301109966822,0.6115301109966822
ALIA/20230321-UltimateAutomizerSvcomp2023/sll-sorted-2.i_40.smt2,SMTInterpol,False,1200,2400
ALIA/20230321-UltimateAutomizerSvcomp2023/splice-2.i_74.smt2,SMTInterpol,True,0.670066858001519,0.670066858001519
ALIA/20230321-UltimateAutomizerSvcomp2023/dll2n_append_equal.i_56.smt2,SMTInterpol,True,0.42638997395988554,0.42638997395988554
ALIA/20230321-UltimateAutomizerSvcomp2023/dll2c_append_unequal.i_9.smt2,cvc5,False,1200,2400
ALIA/20230321-UltimateAutomizerSvcomp2023/dll2n_append_equal.i_26.smt2,SMTInterpol,False,1200,2400
ALIA/20230321-UltimateAutomizerSvcomp2023/dll2n_update_all.i_5.smt2,SMTInterpol,True,0.434576436993666,0.434576436993666
ALIA/20230321-UltimateAutomizerSvcomp2023/dll2n_append_unequal.i_73.smt2,SMTInterpol,True,0.42393980198539793,0.42393980198539793
ALIA/20230321-UltimateAutomizerSvcomp2023/sll-sorted-2.i_45.smt2,SMTInterpol,True,0.5041263140155934,0.5041263140155934
ALIA/20230321-UltimateAutomizerSvcomp2023/dll_circular_traversal-2.i_99.smt2,SMTInterpol,False,1200,2400
ALIA/20230321-UltimateAutomizerSvcomp2023/ex3_forlist.i_141.smt2,SMTInterpol,True,0.42518506897613406,0.42518506897613406
ALIA/20230321-UltimateAutomizerSvcomp2023/dll_of_dll-1.i_48.smt2,SMTInterpol,True,0.4738082090043463,0.4738082090043463
ALIA/20230321-UltimateAutomizerSvcomp2023/list-2.i_45.smt2,SMTInterpol,False,1200,2400
ALIA/20230321-UltimateAutomizerSvcomp2023/test-0234-1.i_11.smt2,SMTInterpol,True,0.4016679829801433,0.4016679829801433
ALIA/20230321-UltimateAutomizerSvcomp2023/dll2c_update_all_reverse.i_135.smt2,SMTInterpol,True,0.7510270249913447,0.7510270249913447
ALIA/20230321-UltimateAutomizerSvcomp2023/dll2c_update_all_reverse.i_215.smt2,SMTInterpol,True,0.7772543949540704,0.7772543949540704
ALIA/20230321-UltimateAutomizerSvcomp2023/sll2n_append_equal.i_18.smt2,SMTInterpol,True,0.47653020900906995,0.47653020900906995
ALIA/20230321-UltimateAutomizerSvcomp2023/sll2c_insert_equal.i_7.smt2,SMTInterpol,True,6.601982229040004,6.601982229040004
ALIA/20230321-UltimateAutomizerSvcomp2023/dll2c_insert_equal.i_62.smt2,SMTInterpol,False,1200,2400
ALIA/20230321-UltimateAutomizerSvcomp2023/test-0234-1.i_34.smt2,SMTInterpol,True,0.4443184550036676,0.4443184550036676
ALIA/20230321-UltimateAutomizerSvcomp2023/dll_circular_traversal-2.i_153.smt2,cvc5,True,67.35837742919102,67.35837742919102
ALIA/20230321-UltimateAutomizerSvcomp2023/min_max.i_4.smt2,SMTInterpol,True,0.43062528199516237,0.43062528199516237
ALIA/20230321-UltimateAutomizerSvcomp2023/list_and_tree_cnstr-1.i_51.smt2,SMTInterpol,True,0.8834317619912326,0.8834317619912326
ALIA/20230321-UltimateAutomizerSvcomp2023/sll_to_dll_rev-1.i_88.smt2,cvc5,True,114.17863781703636,114.17863781703636
ALIA/20230321-UltimateAutomizerSvcomp2023/dll2c_update_all_reverse.i_67.smt2,cvc5,True,0.26005948008969426,0.26005948008969426
ALIA/20230321-UltimateAutomizerSvcomp2023/splice-2.i_69.smt2,SMTInterpol,True,0.4128147460287437,0.4128147460287437
ALIA/20230321-UltimateAutomizerSvcomp2023/list_search-2.i_3.smt2,SMTInterpol,True,0.4531927650095895,0.4531927650095895
ALIA/20230321-UltimateAutomizerSvcomp2023/ex3_forlist.i_98.smt2,SMTInterpol,True,0.4854066310217604,0.4854066310217604
ALIA/20230321-UltimateAutomizerSvcomp2023/sll2n_remove_all.i_9.smt2,SMTInterpol,True,0.5679699379834346,0.5679699379834346
ALIA/20230321-UltimateAutomizerSvcomp2023/ex3_forlist.i_197.smt2,SMTInterpol,True,0.47946442099055275,0.47946442099055275
ALIA/20230321-UltimateAutomizerSvcomp2023/sll2n_insert_unequal.i_51.smt2,SMTInterpol,True,178.16852617496625,178.16852617496625
ALIA/20230321-UltimateAutomizerSvcomp2023/list-ext_flag.i_71.smt2,SMTInterpol,False,1200,2400
ALIA/20230321-UltimateAutomizerSvcomp2023/list-ext_flag.i_118.smt2,SMTInterpol,True,1.0147026189952157,1.0147026189952157
ALIA/20230321-UltimateAutomizerSvcomp2023/dll2n_prepend_unequal.i_20.smt2,SMTInterpol,False,1200,2400
ALIA/20230321-UltimateAutomizerSvcomp2023/length_test03-1.i_131.smt2,SMTInterpol,True,0.4816812279750593,0.4816812279750593
ALIA/20230321-UltimateAutomizerSvcomp2023/list-1.i_73.smt2,SMTInterpol,False,1200,2400
ALIA/20230321-UltimateAutomizerSvcomp2023/sll2n_insert_unequal.i_30.smt2,SMTInterpol,True,198.8941590669565,198.8941590669565
ALIA/20230321-UltimateAutomizerSvcomp2023/dll-01-2.i_4.smt2,SMTInterpol,False,1200,2400
ALIA/20230321-UltimateAutomizerSvcomp2023/dll2c_insert_equal.i_67.smt2,SMTInterpol,False,1200,2400
ALIA/20230321-UltimateAutomizerSvcomp2023/length_test03-1.i_101.smt2,iProver,True,3.901631098939106,3.901631098939106
ALIA/20230321-UltimateAutomizerSvcomp2023/sll2n_prepend_equal.i_41.smt2,cvc5,True,0.7878524358384311,0.7878524358384311
ALIA/20230321-UltimateAutomizerSvcomp2023/bubble_sort_linux-1.i_8.smt2,SMTInterpol,True,0.4194736889912747,0.4194736889912747
ALIA/20230321-UltimateAutomizerSvcomp2023/list_search-1.i_14.smt2,SMTInterpol,True,0.4198901709751226,0.4198901709751226
ALIA/20230321-UltimateAutomizerSvcomp2023/dll2n_append_unequal.i_29.smt2,SMTInterpol,False,1200,2400
ALIA/20230321-UltimateAutomizerSvcomp2023/test-0234-1.i_25.smt2,SMTInterpol,True,0.46306088502751663,0.46306088502751663
ALIA/20230321-UltimateAutomizerSvcomp2023/test_mutex_double_unlock.i_22.smt2,cvc5,True,0.3181842928752303,0.3181842928752303
ALIA/20230321-UltimateAutomizerSvcomp2023/bubble_sort_linux-1.i_5.smt2,cvc5,False,1200,2400
ALIA/20230321-UltimateAutomizerSvcomp2023/sll2c_insert_equal.i_38.smt2,cvc5,False,1200,2400
ALIA/20230321-UltimateAutomizerSvcomp2023/ex3_forlist.i_188.smt2,SMTInterpol,True,0.4928191369981505,0.4928191369981505
ALIA/20230321-UltimateAutomizerSvcomp2023/sll2c_prepend_unequal.i_53.smt2,SMTInterpol,True,607.7552329340251,607.7552329340251
ALIA/20230321-UltimateAutomizerSvcomp2023/shared_mem1.i_54.smt2,SMTInterpol,True,435.3024886059575,435.3024886059575
ALIA/20230321-UltimateAutomizerSvcomp2023/dll2c_update_all_reverse.i_47.smt2,SMTInterpol,True,4.690483926038723,4.690483926038723
ALIA/20230321-UltimateAutomizerSvcomp2023/sll_circular_traversal-1.i_73.smt2,iProver,True,47.0218550239224,47.0218550239224
ALIA/20230321-UltimateAutomizerSvcomp2023/tree_stack.i_40.smt2,SMTInterpol,True,0.5464223789749667,0.5464223789749667
ALIA/20230321-UltimateAutomizerSvcomp2023/sll2n_update_all.i_56.smt2,SMTInterpol,True,0.46066125604556873,0.46066125604556873
ALIA/20230321-UltimateAutomizerSvcomp2023/ex3_forlist.i_202.smt2,SMTInterpol,True,0.5457978079793975,0.5457978079793975
ALIA/20230321-UltimateAutomizerSvcomp2023/sll_to_dll_rev-2.i_128.smt2,SMTInterpol,True,0.43188060802640393,0.43188060802640393
ALIA/20230321-UltimateAutomizerSvcomp2023/bubble_sort_linux-2.i_25.smt2,cvc5,True,0.2761636849027127,0.2761636849027127
ALIA/20230321-UltimateAutomizerSvcomp2023/test_add-2.i_11.smt2,cvc5,True,0.2792029830161482,0.2792029830161482
ALIA/20230321-UltimateAutomizerSvcomp2023/length_test03-1.i_96.smt2,cvc5,True,513.1195448399521,513.1195448399521
ALIA/20230321-UltimateAutomizerSvcomp2023/sll2c_prepend_unequal.i_22.smt2,SMTInterpol,False,1200,2400
ALIA/20230321-UltimateAutomizerSvcomp2023/list-ext_flag_1.i_7.smt2,SMTInterpol,True,0.5756950090290047,0.5756950090290047
ALIA/20230321-UltimateAutomizerSvcomp2023/sll2c_insert_equal.i_16.smt2,SMTInterpol,True,6.454056026996113,6.454056026996113
ALIA/20230321-UltimateAutomizerSvcomp2023/dll2c_insert_equal.i_24.smt2,SMTInterpol,False,1200,2400
ALIA/20230321-UltimateAutomizerSvcomp2023/test_mutex_double_unlock.i_42.smt2,cvc5,False,1200,2400
ALIA/20230321-UltimateAutomizerSvcomp2023/dll2c_insert_equal.i_11.smt2,SMTInterpol,False,1200,2400
ALIA/20230321-UltimateAutomizerSvcomp2023/sll_circular_traversal-1.i_37.smt2,iProver,False,1200,2400
ALIA/20230321-UltimateAutomizerSvcomp2023/dll2c_insert_unequal.i_14.smt2,SMTInterpol,False,1200,2400
ALIA/20230321-UltimateAutomizerSvcomp2023/test_add-2.i_54.smt2,cvc5,True,0.3702059220522642,0.3702059220522642
ALIA/20230321-UltimateAutomizerSvcomp2023/sll_to_dll_rev-2.i_34.smt2,SMTInterpol,False,1200,2400
ALIA/20230321-UltimateAutomizerSvcomp2023/dll_of_dll-2.i_23.smt2,SMTInterpol,True,0.4547689229948446,0.4547689229948446
ALIA/20230321-UltimateAutomizerSvcomp2023/ex3_forlist.i_45.smt2,SMTInterpol,True,0.587228245974984,0.587228245974984
ALIA/20230321-UltimateAutomizerSvcomp2023/tree_parent_ptr.i_5.smt2,cvc5,False,1200,2400
ALIA/20230321-UltimateAutomizerSvcomp2023/ex3_forlist.i_90.smt2,SMTInterpol,True,0.514186681015417,0.514186681015417
ALIA/20230321-UltimateAutomizerSvcomp2023/simple_search_value-1.i_65.smt2,SMTInterpol,True,562.5129176080227,562.5129176080227
ALIA/20230321-UltimateAutomizerSvcomp2023/sll2c_prepend_unequal.i_57.smt2,SMTInterpol,False,1200,2400
ALIA/20230321-UltimateAutomizerSvcomp2023/dll_circular_traversal-2.i_111.smt2,SMTInterpol,False,1200,2400
ALIA/20230321-UltimateAutomizerSvcomp2023/sll2n_append_unequal.i_22.smt2,SMTInterpol,True,0.42814917501527816,0.42814917501527816
ALIA/20230321-UltimateAutomizerSvcomp2023/test_add-2.i_105.smt2,cvc5,True,18.665291755925864,18.665291755925864
ALIA/20230321-UltimateAutomizerSvcomp2023/simple_and_skiplist_2lvl-2.i_48.smt2,SMTInterpol,True,0.4866595409694128,0.4866595409694128
ALIA/20230321-UltimateAutomizerSvcomp2023/splice-2.i_57.smt2,SMTInterpol,False,1200,2400
ALIA/20230321-UltimateAutomizerSvcomp2023/sll2n_update_all.i_22.smt2,SMTInterpol,True,0.4669320359826088,0.4669320359826088
ALIA/20230321-UltimateAutomizerSvcomp2023/sll2c_insert_unequal.i_55.smt2,SMTInterpol,True,0.43475783796748146,0.43475783796748146
ALIA/20230321-UltimateAutomizerSvcomp2023/sll2c_insert_unequal.i_0.smt2,SMTInterpol,True,0.4552429729956202,0.4552429729956202
ALIA/20230321-UltimateAutomizerSvcomp2023/dll2c_prepend_equal.i_12.smt2,SMTInterpol,True,0.43323421699460596,0.43323421699460596
ALIA/20230321-UltimateAutomizerSvcomp2023/sll2n_insert_unequal.i_61.smt2,SMTInterpol,True,0.45411991100991145,0.45411991100991145
ALIA/20230321-UltimateAutomizerSvcomp2023/sll2c_insert_equal.i_44.smt2,SMTInterpol,True,13.262419579958078,13.262419579958078
ALIA/20230321-UltimateAutomizerSvcomp2023/dll_circular_traversal-2.i_142.smt2,SMTInterpol,False,1200,2400
ALIA/20230321-UltimateAutomizerSvcomp2023/skiplist_3lvl.i_96.smt2,SMTInterpol,False,1200,2400
ALIA/20230321-UltimateAutomizerSvcomp2023/dll-token-1.i_15.smt2,iProver,True,1125.2321922450792,1125.2321922450792
ALIA/20230321-UltimateAutomizerSvcomp2023/length_test03-1.i_45.smt2,iProver,True,3.403719685971737,3.403719685971737
ALIA/20230321-UltimateAutomizerSvcomp2023/list_flag-2.i_16.smt2,SMTInterpol,True,0.46452936000423506,0.46452936000423506
ALIA/20230321-UltimateAutomizerSvcomp2023/sll2c_insert_unequal.i_82.smt2,SMTInterpol,False,1200,2400
ALIA/20230321-UltimateAutomizerSvcomp2023/simple_and_skiplist_2lvl-2.i_41.smt2,SMTInterpol,True,0.5080209099687636,0.5080209099687636
ALIA/20230321-UltimateAutomizerSvcomp2023/dll_circular_traversal-2.i_80.smt2,SMTInterpol,True,0.6570324270287529,0.6570324270287529
ALIA/20230321-UltimateAutomizerSvcomp2023/sll2c_prepend_unequal.i_47.smt2,SMTInterpol,False,1200,2400
ALIA/20230321-UltimateAutomizerSvcomp2023/tree_of_cslls.i_45.smt2,SMTInterpol,True,0.5324903420405462,0.5324903420405462
ALIA/20230321-UltimateAutomizerSvcomp2023/dll_circular_traversal-2.i_128.smt2,SMTInterpol,False,1200,2400
ALIA/20230321-UltimateAutomizerSvcomp2023/tree_max.c_1.smt2,SMTInterpol,True,0.43915681494399905,0.43915681494399905
ALIA/20230321-UltimateAutomizerSvcomp2023/merge_sort-2.i_0.smt2,cvc5,False,1200,2400
ALIA/20230321-UltimateAutomizerSvcomp2023/length_test03-1.i_216.smt2,SMTInterpol,True,84.0709754319978,84.0709754319978
ALIA/20230321-UltimateAutomizerSvcomp2023/dll2c_prepend_equal.i_4.smt2,cvc5,True,0.39591056597419083,0.39591056597419083
ALIA/20230321-UltimateAutomizerSvcomp2023/dll2c_prepend_unequal.i_6.smt2,SMTInterpol,True,0.46160773403244093,0.46160773403244093
ALIA/20230321-UltimateAutomizerSvcomp2023/sll_circular_traversal-1.i_56.smt2,SMTInterpol,False,1200,2400
ALIA/20230321-UltimateAutomizerSvcomp2023/dll2c_update_all_reverse.i_84.smt2,cvc5,True,0.26653346698731184,0.26653346698731184
ALIA/20230321-UltimateAutomizerSvcomp2023/list_and_tree_cnstr-2.i_23.smt2,SMTInterpol,True,0.4536373779992573,0.4536373779992573
ALIA/20230321-UltimateAutomizerSvcomp2023/sll_circular_traversal-2.i_0.smt2,SMTInterpol,False,1200,2400
ALIA/20230321-UltimateAutomizerSvcomp2023/sll_circular_traversal-1.i_57.smt2,SMTInterpol,False,1200,2400
ALIA/20230321-UltimateAutomizerSvcomp2023/length_test03-1.i_84.smt2,iProver,True,3.378471637144685,3.378471637144685
ALIA/20230321-UltimateAutomizerSvcomp2023/tree_of_cslls.i_31.smt2,SMTInterpol,True,0.4915695060044527,0.4915695060044527
ALIA/20230321-UltimateAutomizerSvcomp2023/dll-token-1.i_24.smt2,SMTInterpol,True,0.5690002699848264,0.5690002699848264
ALIA/20230321-UltimateAutomizerSvcomp2023/dll2n_append_unequal.i_0.smt2,SMTInterpol,True,0.4449676880030893,0.4449676880030893
ALIA/20230321-UltimateAutomizerSvcomp2023/skiplist_3lvl.i_105.smt2,SMTInterpol,True,1.0505910289939493,1.0505910289939493
ALIA/20230321-UltimateAutomizerSvcomp2023/ex3_forlist.i_165.smt2,SMTInterpol,True,0.509392661973834,0.509392661973834
ALIA/20230321-UltimateAutomizerSvcomp2023/shared_mem1.i_91.smt2,SMTInterpol,True,0.5989971899543889,0.5989971899543889
ALIA/20230321-UltimateAutomizerSvcomp2023/dll_circular_traversal-2.i_113.smt2,SMTInterpol,False,1200,2400
ALIA/20230321-UltimateAutomizerSvcomp2023/length_test03-1.i_152.smt2,iProver,True,2.9083563261665404,2.9083563261665404
ALIA/20230321-UltimateAutomizerSvcomp2023/list-ext_flag.i_3.smt2,SMTInterpol,True,0.5322928410023451,0.5322928410023451
ALIA/20230321-UltimateAutomizerSvcomp2023/dll2c_insert_equal.i_57.smt2,SMTInterpol,False,1200,2400
ALIA/20230321-UltimateAutomizerSvcomp2023/shared_mem1.i_90.smt2,SMTInterpol,True,0.6316004589898512,0.6316004589898512
ALIA/20230321-UltimateAutomizerSvcomp2023/length_test03-1.i_4.smt2,SMTInterpol,False,1200,2400
ALIA/20230321-UltimateAutomizerSvcomp2023/sll-sorted-2.i_16.smt2,SMTInterpol,True,0.4255416369996965,0.4255416369996965
ALIA/20230321-UltimateAutomizerSvcomp2023/ex3_forlist.i_16.smt2,SMTInterpol,True,0.4808949420112185,0.4808949420112185
ALIA/20230321-UltimateAutomizerSvcomp2023/test_add-2.i_85.smt2,cvc5,True,0.26707928092218935,0.26707928092218935
ALIA/20230321-UltimateAutomizerSvcomp2023/ex3_forlist.i_55.smt2,SMTInterpol,True,0.5760765689774416,0.5760765689774416
ALIA/20230321-UltimateAutomizerSvcomp2023/list-1.i_42.smt2,SMTInterpol,True,0.48782440897775814,0.48782440897775814
ALIA/20230321-UltimateAutomizerSvcomp2023/simple_built_from_end.i_29.smt2,SMTInterpol,True,0.48670550901442766,0.48670550901442766
ALIA/20230321-UltimateAutomizerSvcomp2023/shared_mem1.i_29.smt2,SMTInterpol,True,0.6491952819633298,0.6491952819633298
ALIA/20230321-UltimateAutomizerSvcomp2023/sll2c_prepend_unequal.i_50.smt2,SMTInterpol,False,1200,2400
ALIA/20230321-UltimateAutomizerSvcomp2023/dll-reverse.i_42.smt2,SMTInterpol,True,0.44835939299082384,0.44835939299082384
ALIA/20230321-UltimateAutomizerSvcomp2023/list-ext_flag_1.i_52.smt2,SMTInterpol,True,0.5808719919878058,0.5808719919878058
ALIA/20230321-UltimateAutomizerSvcomp2023/dll_of_dll-1.i_40.smt2,SMTInterpol,True,0.5847942410036922,0.5847942410036922
ALIA/20230321-UltimateAutomizerSvcomp2023/sll_to_dll_rev-1.i_2.smt2,SMTInterpol,True,0.4199756230227649,0.4199756230227649
ALIA/20230321-UltimateAutomizerSvcomp2023/sll_to_dll_rev-2.i_41.smt2,cvc5,True,0.23345170682296157,0.23345170682296157
ALIA/20230321-UltimateAutomizerSvcomp2023/dll-rb-sentinel-1.i_1.smt2,SMTInterpol,True,0.6938930680043995,0.6938930680043995
ALIA/20230321-UltimateAutomizerSvcomp2023/sll2c_prepend_unequal.i_93.smt2,SMTInterpol,False,1200,2400
ALIA/20230321-UltimateAutomizerSvcomp2023/simple_and_skiplist_2lvl-2.i_63.smt2,SMTInterpol,True,4.594956013956107,4.594956013956107
ALIA/20230321-UltimateAutomizerSvcomp2023/dancing.i_7.smt2,SMTInterpol,True,0.5237649549962953,0.5237649549962953
ALIA/piVC/piVC_647bf6.smt2,SMTInterpol,True,1.2659987210063264,1.2659987210063264
ALIA/20230321-UltimateAutomizerSvcomp2023/dll2c_update_all.i_10.smt2,SMTInterpol,True,0.4716212509665638,0.4716212509665638
ALIA/20230321-UltimateAutomizerSvcomp2023/sum_array-2-2.i_3.smt2,SMTInterpol,True,0.4989138550008647,0.4989138550008647
ALIA/20230321-UltimateAutomizerSvcomp2023/ex3_forlist.i_177.smt2,SMTInterpol,True,0.5028988770209253,0.5028988770209253
ALIA/20230321-UltimateAutomizerSvcomp2023/skiplist_3lvl.i_70.smt2,SMTInterpol,True,0.8595952370087616,0.8595952370087616
ALIA/20230321-UltimateAutomizerSvcomp2023/sll_to_dll_rev-1.i_66.smt2,SMTInterpol,True,0.4311968230176717,0.4311968230176717
ALIA/20230321-UltimateAutomizerSvcomp2023/test_add-2.i_96.smt2,cvc5,True,0.2801815161947161,0.2801815161947161
ALIA/20230321-UltimateAutomizerSvcomp2023/dll_circular_traversal-2.i_92.smt2,SMTInterpol,False,1200,2400
ALIA/20230321-UltimateAutomizerSvcomp2023/sll-sorted-2.i_48.smt2,SMTInterpol,True,0.4724710170412436,0.4724710170412436
ALIA/20230321-UltimateAutomizerSvcomp2023/simple_built_from_end.i_44.smt2,SMTInterpol,True,0.5174026619642973,0.5174026619642973
ALIA/20230321-UltimateAutomizerSvcomp2023/ex3_forlist.i_201.smt2,SMTInterpol,True,0.48675588896730915,0.48675588896730915
ALIA/20230321-UltimateAutomizerSvcomp2023/sll2n_prepend_equal.i_35.smt2,SMTInterpol,False,1200,2400
ALIA/20230321-UltimateAutomizerSvcomp2023/test_add-2.i_19.smt2,cvc5,True,0.2480622490402311,0.2480622490402311
ALIA/20230321-UltimateAutomizerSvcomp2023/dll_circular_traversal-2.i_67.smt2,SMTInterpol,True,0.6783935299608856,0.6783935299608856
ALIA/20230321-UltimateAutomizerSvcomp2023/sll2c_insert_unequal.i_47.smt2,SMTInterpol,True,0.4612211500061676,0.4612211500061676
ALIA/20230321-UltimateAutomizerSvcomp2023/tree_of_cslls.i_38.smt2,cvc5,True,31.323907801881433,31.323907801881433
ALIA/20230321-UltimateAutomizerSvcomp2023/skiplist_3lvl.i_1.smt2,SMTInterpol,True,1.2029995570192114,1.2029995570192114
ALIA/20230321-UltimateAutomizerSvcomp2023/length_test03-1.i_65.smt2,iProver,True,2.409990489948541,2.409990489948541
ALIA/20230321-UltimateAutomizerSvcomp2023/bubble_sort_linux-1.i_24.smt2,SMTInterpol,True,1.6426367350504734,1.6426367350504734
ALIA/20230321-UltimateAutomizerSvcomp2023/ex3_forlist.i_43.smt2,SMTInterpol,True,0.49985056300647557,0.49985056300647557
