Job ID: 53710732
Node: nc30515
Start time: Mon 15 Dec 2025 10:48:53 PM EST
[DEBUG] Loading test results from /home/jchen688/projects/def-vganesh/jchen688/github/z3alpha/JHC/AlgoSelect/DescriptionAgent/data/BV/bv_train_long.csv
[DEBUG] Loaded results for 832 unique benchmarks
[DEBUG] Found 832 unique benchmark paths in CSV
[DEBUG] Found 832 benchmark files from CSV
[DEBUG] Selected 832 benchmarks for processing

================================================================================
FEATURE CONFIGURATION
================================================================================
Using original MachSMT feature space (full grammatical construct list)
Description features: DISABLED (prevents BERT model loading)
Feature extraction timeout: 60 seconds
Parallel cores: 16
Feature dimensions will be printed after processing first benchmark
================================================================================

[DEBUG] Training MachSMT model...
[DEBUG] Changed working directory to: /home/jchen688/scratch/non-incremental

Initializing description feature model ('bert-base-uncased')...
Using device: cpu
✅ Model loaded successfully. Embedding dimension: 768
Parsing Input File |████████████████████████████████████████| 4160/4160 [100%] in 5:01.1 (13.81/s) 
Processing Benchmark Files |████████████████████████████████████████| 832/832 [100%] in 6:02.5 (2.30/s) 
[DEBUG] Changed back to: /lustre06/project/6001884/jchen688/github/z3alpha
[DEBUG] Model trained in 1432.72 seconds
[DEBUG] Configuration saved to: /home/jchen688/projects/def-vganesh/jchen688/github/z3alpha/JHC/AlgoSelect/DescriptionAgent/data/results/bv_csv_based/train/run_20251215_230736_566029/config.json

[DEBUG] Starting predictions on test benchmarks...
[DEBUG] Processing 1/832: BV/2017-Preiner-keymaera/intersection-example-onelane.proof-node12517.smt2

================================================================================
FEATURE SPACE DIMENSIONS
================================================================================
Total feature dimensions: 189
================================================================================

[DEBUG] Predicted solver: YicesQS for benchmark BV/2017-Preiner-keymaera/intersection-example-onelane.proof-node12517.smt2
[DEBUG] Benchmark BV/2017-Preiner-keymaera/intersection-example-onelane.proof-node12517.smt2: solved=True, runtime=0.28s, PAR-2=0.28s
[DEBUG] Processing 2/832: BV/2017-Preiner-scholl-smt08/RNDPRE/RNDPRE_4_36.smt2
[DEBUG] Predicted solver: YicesQS for benchmark BV/2017-Preiner-scholl-smt08/RNDPRE/RNDPRE_4_36.smt2
[DEBUG] Benchmark BV/2017-Preiner-scholl-smt08/RNDPRE/RNDPRE_4_36.smt2: solved=True, runtime=733.00s, PAR-2=733.00s
[DEBUG] Processing 3/832: BV/2017-Preiner-keymaera/intersection-example-simple.proof-node268901.smt2
[DEBUG] Predicted solver: cvc5 for benchmark BV/2017-Preiner-keymaera/intersection-example-simple.proof-node268901.smt2
[DEBUG] Benchmark BV/2017-Preiner-keymaera/intersection-example-simple.proof-node268901.smt2: solved=True, runtime=0.22s, PAR-2=0.22s
[DEBUG] Processing 4/832: BV/2017-Preiner-scholl-smt08/model/model_6_51.smt2
[DEBUG] Predicted solver: YicesQS for benchmark BV/2017-Preiner-scholl-smt08/model/model_6_51.smt2
[DEBUG] Benchmark BV/2017-Preiner-scholl-smt08/model/model_6_51.smt2: solved=True, runtime=0.25s, PAR-2=0.25s
[DEBUG] Processing 5/832: BV/2018-Preiner-cav18/check_eq_bvurem1_64bit.smt2
[DEBUG] Predicted solver: SMTInterpol for benchmark BV/2018-Preiner-cav18/check_eq_bvurem1_64bit.smt2
[DEBUG] Benchmark BV/2018-Preiner-cav18/check_eq_bvurem1_64bit.smt2: solved=True, runtime=1.13s, PAR-2=1.13s
[DEBUG] Processing 6/832: BV/20210330-PEak/no-extern-loop_sat_subset/easy1.smt2
[DEBUG] Predicted solver: Z3alpha for benchmark BV/20210330-PEak/no-extern-loop_sat_subset/easy1.smt2
[DEBUG] Benchmark BV/20210330-PEak/no-extern-loop_sat_subset/easy1.smt2: solved=True, runtime=0.36s, PAR-2=0.36s
[DEBUG] Processing 7/832: BV/2017-Preiner-keymaera/ETCS-d-braking-node1346.smt2
[DEBUG] Predicted solver: SMTInterpol for benchmark BV/2017-Preiner-keymaera/ETCS-d-braking-node1346.smt2
[DEBUG] Benchmark BV/2017-Preiner-keymaera/ETCS-d-braking-node1346.smt2: solved=True, runtime=0.52s, PAR-2=0.52s
[DEBUG] Processing 8/832: BV/2017-Preiner-scholl-smt08/RNDPRE/RNDPRE_3_58.smt2
[DEBUG] Predicted solver: YicesQS for benchmark BV/2017-Preiner-scholl-smt08/RNDPRE/RNDPRE_3_58.smt2
[DEBUG] Benchmark BV/2017-Preiner-scholl-smt08/RNDPRE/RNDPRE_3_58.smt2: solved=True, runtime=1.51s, PAR-2=1.51s
[DEBUG] Processing 9/832: BV/2017-Preiner-UltimateAutomizer/Primes_true-unreach-call.c_2207.smt2
[DEBUG] Predicted solver: SMTInterpol for benchmark BV/2017-Preiner-UltimateAutomizer/Primes_true-unreach-call.c_2207.smt2
[DEBUG] Benchmark BV/2017-Preiner-UltimateAutomizer/Primes_true-unreach-call.c_2207.smt2: solved=True, runtime=0.45s, PAR-2=0.45s
[DEBUG] Processing 10/832: BV/20170501-Heizmann-UltimateAutomizer/gcd_2_true-unreach-call_true-no-overflow.i_921.smt2
[DEBUG] Predicted solver: SMTInterpol for benchmark BV/20170501-Heizmann-UltimateAutomizer/gcd_2_true-unreach-call_true-no-overflow.i_921.smt2
[DEBUG] Benchmark BV/20170501-Heizmann-UltimateAutomizer/gcd_2_true-unreach-call_true-no-overflow.i_921.smt2: solved=True, runtime=1.32s, PAR-2=1.32s
[DEBUG] Processing 11/832: BV/2017-Preiner-scholl-smt08/RND/RND_6_13.smt2
[DEBUG] Predicted solver: YicesQS for benchmark BV/2017-Preiner-scholl-smt08/RND/RND_6_13.smt2
[DEBUG] Benchmark BV/2017-Preiner-scholl-smt08/RND/RND_6_13.smt2: solved=False, runtime=1200.00s, PAR-2=2400.00s
[DEBUG] Processing 12/832: BV/2017-Preiner-keymaera/intersection-example-onelane.proof-node46589.smt2
[DEBUG] Predicted solver: YicesQS for benchmark BV/2017-Preiner-keymaera/intersection-example-onelane.proof-node46589.smt2
[DEBUG] Benchmark BV/2017-Preiner-keymaera/intersection-example-onelane.proof-node46589.smt2: solved=True, runtime=0.29s, PAR-2=0.29s
[DEBUG] Processing 13/832: BV/20190429-UltimateAutomizerSvcomp2019/sum02_false-unreach-call_true-no-overflow.c_5.smt2
[DEBUG] Predicted solver: SMTInterpol for benchmark BV/20190429-UltimateAutomizerSvcomp2019/sum02_false-unreach-call_true-no-overflow.c_5.smt2
[DEBUG] Benchmark BV/20190429-UltimateAutomizerSvcomp2019/sum02_false-unreach-call_true-no-overflow.c_5.smt2: solved=True, runtime=0.57s, PAR-2=0.57s
[DEBUG] Processing 14/832: BV/2017-Preiner-scholl-smt08/RND/RND_6_29.smt2
[DEBUG] Predicted solver: YicesQS for benchmark BV/2017-Preiner-scholl-smt08/RND/RND_6_29.smt2
[DEBUG] Benchmark BV/2017-Preiner-scholl-smt08/RND/RND_6_29.smt2: solved=False, runtime=1200.00s, PAR-2=2400.00s
[DEBUG] Processing 15/832: BV/20230321-UltimateAutomizerSvcomp2023/jain_6-1.c_2.smt2
[DEBUG] Predicted solver: SMTInterpol for benchmark BV/20230321-UltimateAutomizerSvcomp2023/jain_6-1.c_2.smt2
[DEBUG] Benchmark BV/20230321-UltimateAutomizerSvcomp2023/jain_6-1.c_2.smt2: solved=True, runtime=0.46s, PAR-2=0.46s
[DEBUG] Processing 16/832: BV/20190429-UltimateAutomizerSvcomp2019/jain_2_true-unreach-call_true-no-overflow_false-termination.i_19.smt2
[DEBUG] Predicted solver: SMTInterpol for benchmark BV/20190429-UltimateAutomizerSvcomp2019/jain_2_true-unreach-call_true-no-overflow_false-termination.i_19.smt2
[DEBUG] Benchmark BV/20190429-UltimateAutomizerSvcomp2019/jain_2_true-unreach-call_true-no-overflow_false-termination.i_19.smt2: solved=True, runtime=0.52s, PAR-2=0.52s
[DEBUG] Processing 17/832: BV/2017-Preiner-psyco/027.smt2
[DEBUG] Predicted solver: YicesQS for benchmark BV/2017-Preiner-psyco/027.smt2
[DEBUG] Benchmark BV/2017-Preiner-psyco/027.smt2: solved=True, runtime=0.29s, PAR-2=0.29s
[DEBUG] Processing 18/832: BV/2017-Preiner-keymaera/intersection-example-onelane.proof-node54847.smt2
[DEBUG] Predicted solver: YicesQS for benchmark BV/2017-Preiner-keymaera/intersection-example-onelane.proof-node54847.smt2
[DEBUG] Benchmark BV/2017-Preiner-keymaera/intersection-example-onelane.proof-node54847.smt2: solved=True, runtime=0.24s, PAR-2=0.24s
[DEBUG] Processing 19/832: BV/2017-Preiner-keymaera/intersection-example-simple.proof-node294748.smt2
[DEBUG] Predicted solver: cvc5 for benchmark BV/2017-Preiner-keymaera/intersection-example-simple.proof-node294748.smt2
[DEBUG] Benchmark BV/2017-Preiner-keymaera/intersection-example-simple.proof-node294748.smt2: solved=True, runtime=0.22s, PAR-2=0.22s
[DEBUG] Processing 20/832: BV/20230321-UltimateAutomizerSvcomp2023/soft_float_4-2.c.cil.c_9.smt2
[DEBUG] Predicted solver: SMTInterpol for benchmark BV/20230321-UltimateAutomizerSvcomp2023/soft_float_4-2.c.cil.c_9.smt2
[DEBUG] Benchmark BV/20230321-UltimateAutomizerSvcomp2023/soft_float_4-2.c.cil.c_9.smt2: solved=True, runtime=0.77s, PAR-2=0.77s
[DEBUG] Processing 21/832: BV/2018-Preiner-cav18/check_bvsle_bvmul_64bit.smt2
[DEBUG] Predicted solver: SMTInterpol for benchmark BV/2018-Preiner-cav18/check_bvsle_bvmul_64bit.smt2
[DEBUG] Benchmark BV/2018-Preiner-cav18/check_bvsle_bvmul_64bit.smt2: solved=True, runtime=0.42s, PAR-2=0.42s
[DEBUG] Processing 22/832: BV/20170501-Heizmann-UltimateAutomizer/jain_4_true-unreach-call_true-no-overflow.i_266.smt2
[DEBUG] Predicted solver: SMTInterpol for benchmark BV/20170501-Heizmann-UltimateAutomizer/jain_4_true-unreach-call_true-no-overflow.i_266.smt2
[DEBUG] Benchmark BV/20170501-Heizmann-UltimateAutomizer/jain_4_true-unreach-call_true-no-overflow.i_266.smt2: solved=True, runtime=0.63s, PAR-2=0.63s
[DEBUG] Processing 23/832: BV/2017-Preiner-scholl-smt08/RND/RND_6_8.smt2
[DEBUG] Predicted solver: YicesQS for benchmark BV/2017-Preiner-scholl-smt08/RND/RND_6_8.smt2
[DEBUG] Benchmark BV/2017-Preiner-scholl-smt08/RND/RND_6_8.smt2: solved=True, runtime=1.38s, PAR-2=1.38s
[DEBUG] Processing 24/832: BV/20230321-UltimateAutomizerSvcomp2023/jain_2-2.c_3.smt2
[DEBUG] Predicted solver: SMTInterpol for benchmark BV/20230321-UltimateAutomizerSvcomp2023/jain_2-2.c_3.smt2
[DEBUG] Benchmark BV/20230321-UltimateAutomizerSvcomp2023/jain_2-2.c_3.smt2: solved=True, runtime=0.47s, PAR-2=0.47s
[DEBUG] Processing 25/832: BV/20230321-UltimateAutomizerSvcomp2023/soft_float_1-1.c.cil.c_3.smt2
[DEBUG] Predicted solver: SMTInterpol for benchmark BV/20230321-UltimateAutomizerSvcomp2023/soft_float_1-1.c.cil.c_3.smt2
[DEBUG] Benchmark BV/20230321-UltimateAutomizerSvcomp2023/soft_float_1-1.c.cil.c_3.smt2: solved=True, runtime=0.84s, PAR-2=0.84s
[DEBUG] Processing 26/832: BV/2020-Preiner-fmcad20/inv/check_ic_sext_3_4.smt2
[DEBUG] Predicted solver: Bitwuzla for benchmark BV/2020-Preiner-fmcad20/inv/check_ic_sext_3_4.smt2
[DEBUG] Benchmark BV/2020-Preiner-fmcad20/inv/check_ic_sext_3_4.smt2: solved=True, runtime=0.22s, PAR-2=0.22s
[DEBUG] Processing 27/832: BV/2017-Preiner-psyco/055.smt2
[DEBUG] Predicted solver: Z3alpha for benchmark BV/2017-Preiner-psyco/055.smt2
[DEBUG] Benchmark BV/2017-Preiner-psyco/055.smt2: solved=True, runtime=0.42s, PAR-2=0.42s
[DEBUG] Processing 28/832: BV/2017-Preiner-keymaera/intersection-example-simple.proof-node271799.smt2
[DEBUG] Predicted solver: cvc5 for benchmark BV/2017-Preiner-keymaera/intersection-example-simple.proof-node271799.smt2
[DEBUG] Benchmark BV/2017-Preiner-keymaera/intersection-example-simple.proof-node271799.smt2: solved=True, runtime=0.23s, PAR-2=0.23s
[DEBUG] Processing 29/832: BV/20230321-UltimateAutomizerSvcomp2023/jain_6-1.c_11.smt2
[DEBUG] Predicted solver: YicesQS for benchmark BV/20230321-UltimateAutomizerSvcomp2023/jain_6-1.c_11.smt2
[DEBUG] Benchmark BV/20230321-UltimateAutomizerSvcomp2023/jain_6-1.c_11.smt2: solved=True, runtime=0.23s, PAR-2=0.23s
[DEBUG] Processing 30/832: BV/2018-Preiner-cav18/check_bvsgt_bvlshr0_64bit.smt2
[DEBUG] Predicted solver: SMTInterpol for benchmark BV/2018-Preiner-cav18/check_bvsgt_bvlshr0_64bit.smt2
[DEBUG] Benchmark BV/2018-Preiner-cav18/check_bvsgt_bvlshr0_64bit.smt2: solved=True, runtime=1.30s, PAR-2=1.30s
[DEBUG] Processing 31/832: BV/20190429-UltimateAutomizerSvcomp2019/jain_2_true-unreach-call_true-no-overflow_false-termination.i_14.smt2
[DEBUG] Predicted solver: SMTInterpol for benchmark BV/20190429-UltimateAutomizerSvcomp2019/jain_2_true-unreach-call_true-no-overflow_false-termination.i_14.smt2
[DEBUG] Benchmark BV/20190429-UltimateAutomizerSvcomp2019/jain_2_true-unreach-call_true-no-overflow_false-termination.i_14.smt2: solved=True, runtime=0.51s, PAR-2=0.51s
[DEBUG] Processing 32/832: BV/2017-Preiner-scholl-smt08/RNDPRE/RNDPRE_3_44.smt2
[DEBUG] Predicted solver: YicesQS for benchmark BV/2017-Preiner-scholl-smt08/RNDPRE/RNDPRE_3_44.smt2
[DEBUG] Benchmark BV/2017-Preiner-scholl-smt08/RNDPRE/RNDPRE_3_44.smt2: solved=True, runtime=0.32s, PAR-2=0.32s
[DEBUG] Processing 33/832: BV/2017-Preiner-keymaera/intersection-example-simple.proof-node676430.smt2
[DEBUG] Predicted solver: cvc5 for benchmark BV/2017-Preiner-keymaera/intersection-example-simple.proof-node676430.smt2
[DEBUG] Benchmark BV/2017-Preiner-keymaera/intersection-example-simple.proof-node676430.smt2: solved=True, runtime=0.25s, PAR-2=0.25s
[DEBUG] Processing 34/832: BV/20170501-Heizmann-UltimateAutomizer/jain_2_true-unreach-call_true-no-overflow.i_469.smt2
[DEBUG] Predicted solver: SMTInterpol for benchmark BV/20170501-Heizmann-UltimateAutomizer/jain_2_true-unreach-call_true-no-overflow.i_469.smt2
[DEBUG] Benchmark BV/20170501-Heizmann-UltimateAutomizer/jain_2_true-unreach-call_true-no-overflow.i_469.smt2: solved=True, runtime=0.53s, PAR-2=0.53s
[DEBUG] Processing 35/832: BV/2017-Preiner-keymaera/binary_driver-2007-10-09-node11384.smt2
[DEBUG] Predicted solver: Z3alpha for benchmark BV/2017-Preiner-keymaera/binary_driver-2007-10-09-node11384.smt2
[DEBUG] Benchmark BV/2017-Preiner-keymaera/binary_driver-2007-10-09-node11384.smt2: solved=True, runtime=0.62s, PAR-2=0.62s
[DEBUG] Processing 36/832: BV/2017-Preiner-keymaera/intersection-example-simple.proof-node292487.smt2
[DEBUG] Predicted solver: cvc5 for benchmark BV/2017-Preiner-keymaera/intersection-example-simple.proof-node292487.smt2
[DEBUG] Benchmark BV/2017-Preiner-keymaera/intersection-example-simple.proof-node292487.smt2: solved=True, runtime=0.22s, PAR-2=0.22s
[DEBUG] Processing 37/832: BV/20170501-Heizmann-UltimateAutomizer/jain_7_true-unreach-call_true-no-overflow.i_250.smt2
[DEBUG] Predicted solver: YicesQS for benchmark BV/20170501-Heizmann-UltimateAutomizer/jain_7_true-unreach-call_true-no-overflow.i_250.smt2
[DEBUG] Benchmark BV/20170501-Heizmann-UltimateAutomizer/jain_7_true-unreach-call_true-no-overflow.i_250.smt2: solved=True, runtime=0.26s, PAR-2=0.26s
[DEBUG] Processing 38/832: BV/2017-Preiner-keymaera/FTRM-entry-tang-feasible-node1796.smt2
[DEBUG] Predicted solver: SMTInterpol for benchmark BV/2017-Preiner-keymaera/FTRM-entry-tang-feasible-node1796.smt2
[DEBUG] Benchmark BV/2017-Preiner-keymaera/FTRM-entry-tang-feasible-node1796.smt2: solved=True, runtime=0.55s, PAR-2=0.55s
[DEBUG] Processing 39/832: BV/2017-Preiner-scholl-smt08/model/model_6_31.smt2
[DEBUG] Predicted solver: YicesQS for benchmark BV/2017-Preiner-scholl-smt08/model/model_6_31.smt2
[DEBUG] Benchmark BV/2017-Preiner-scholl-smt08/model/model_6_31.smt2: solved=True, runtime=0.22s, PAR-2=0.22s
[DEBUG] Processing 40/832: BV/20190429-UltimateAutomizerSvcomp2019/jain_2_true-unreach-call_true-no-overflow_false-termination.i_11.smt2
[DEBUG] Predicted solver: SMTInterpol for benchmark BV/20190429-UltimateAutomizerSvcomp2019/jain_2_true-unreach-call_true-no-overflow_false-termination.i_11.smt2
[DEBUG] Benchmark BV/20190429-UltimateAutomizerSvcomp2019/jain_2_true-unreach-call_true-no-overflow_false-termination.i_11.smt2: solved=True, runtime=0.52s, PAR-2=0.52s
[DEBUG] Processing 41/832: BV/2017-Preiner-keymaera/intersection-example-simple.proof-node551337.smt2
[DEBUG] Predicted solver: cvc5 for benchmark BV/2017-Preiner-keymaera/intersection-example-simple.proof-node551337.smt2
[DEBUG] Benchmark BV/2017-Preiner-keymaera/intersection-example-simple.proof-node551337.smt2: solved=True, runtime=0.22s, PAR-2=0.22s
[DEBUG] Processing 42/832: BV/20170501-Heizmann-UltimateAutomizer/gcd_3_true-unreach-call_true-no-overflow.i_1105.smt2
[DEBUG] Predicted solver: SMTInterpol for benchmark BV/20170501-Heizmann-UltimateAutomizer/gcd_3_true-unreach-call_true-no-overflow.i_1105.smt2
[DEBUG] Benchmark BV/20170501-Heizmann-UltimateAutomizer/gcd_3_true-unreach-call_true-no-overflow.i_1105.smt2: solved=True, runtime=1.81s, PAR-2=1.81s
[DEBUG] Processing 43/832: BV/2018-Preiner-cav18/check_bvuge_bvconcat0_2_64bit.smt2
[DEBUG] Predicted solver: SMTInterpol for benchmark BV/2018-Preiner-cav18/check_bvuge_bvconcat0_2_64bit.smt2
[DEBUG] Benchmark BV/2018-Preiner-cav18/check_bvuge_bvconcat0_2_64bit.smt2: solved=True, runtime=0.47s, PAR-2=0.47s
[DEBUG] Processing 44/832: BV/2017-Preiner-psyco/099.smt2
[DEBUG] Predicted solver: Z3alpha for benchmark BV/2017-Preiner-psyco/099.smt2
[DEBUG] Benchmark BV/2017-Preiner-psyco/099.smt2: solved=True, runtime=0.55s, PAR-2=0.55s
[DEBUG] Processing 45/832: BV/2018-Preiner-cav18/check_bvsgt_bvshl0_64bit.smt2
[DEBUG] Predicted solver: SMTInterpol for benchmark BV/2018-Preiner-cav18/check_bvsgt_bvshl0_64bit.smt2
[DEBUG] Benchmark BV/2018-Preiner-cav18/check_bvsgt_bvshl0_64bit.smt2: solved=True, runtime=0.63s, PAR-2=0.63s
[DEBUG] Processing 46/832: BV/20190429-UltimateAutomizerSvcomp2019/jain_6_true-unreach-call_true-no-overflow_false-termination.i_6.smt2
[DEBUG] Predicted solver: SMTInterpol for benchmark BV/20190429-UltimateAutomizerSvcomp2019/jain_6_true-unreach-call_true-no-overflow_false-termination.i_6.smt2
[DEBUG] Benchmark BV/20190429-UltimateAutomizerSvcomp2019/jain_6_true-unreach-call_true-no-overflow_false-termination.i_6.smt2: solved=True, runtime=0.52s, PAR-2=0.52s
[DEBUG] Processing 47/832: BV/2017-Preiner-keymaera/intersection-example-simple.proof-node247731.smt2
[DEBUG] Predicted solver: cvc5 for benchmark BV/2017-Preiner-keymaera/intersection-example-simple.proof-node247731.smt2
[DEBUG] Benchmark BV/2017-Preiner-keymaera/intersection-example-simple.proof-node247731.smt2: solved=True, runtime=0.24s, PAR-2=0.24s
[DEBUG] Processing 48/832: BV/2017-Preiner-keymaera/intersection-example-onelane.proof-node1479.smt2
[DEBUG] Predicted solver: Z3alpha for benchmark BV/2017-Preiner-keymaera/intersection-example-onelane.proof-node1479.smt2
[DEBUG] Benchmark BV/2017-Preiner-keymaera/intersection-example-onelane.proof-node1479.smt2: solved=True, runtime=0.31s, PAR-2=0.31s
[DEBUG] Processing 49/832: BV/2018-Preiner-cav18/check_bvsle_bvmul_32bit.smt2
[DEBUG] Predicted solver: SMTInterpol for benchmark BV/2018-Preiner-cav18/check_bvsle_bvmul_32bit.smt2
[DEBUG] Benchmark BV/2018-Preiner-cav18/check_bvsle_bvmul_32bit.smt2: solved=True, runtime=0.42s, PAR-2=0.42s
[DEBUG] Processing 50/832: BV/2020-Preiner-fmcad20/cons/check_cc_bvsge_x_s_32.smt2
[DEBUG] Predicted solver: YicesQS for benchmark BV/2020-Preiner-fmcad20/cons/check_cc_bvsge_x_s_32.smt2
[DEBUG] Benchmark BV/2020-Preiner-fmcad20/cons/check_cc_bvsge_x_s_32.smt2: solved=True, runtime=0.29s, PAR-2=0.29s
[DEBUG] Processing 51/832: BV/2017-Preiner-scholl-smt08/model/model_5_5.smt2
[DEBUG] Predicted solver: SMTInterpol for benchmark BV/2017-Preiner-scholl-smt08/model/model_5_5.smt2
[DEBUG] Benchmark BV/2017-Preiner-scholl-smt08/model/model_5_5.smt2: solved=True, runtime=0.62s, PAR-2=0.62s
[DEBUG] Processing 52/832: BV/2017-Preiner-psyco/137.smt2
[DEBUG] Predicted solver: Z3alpha for benchmark BV/2017-Preiner-psyco/137.smt2
[DEBUG] Benchmark BV/2017-Preiner-psyco/137.smt2: solved=True, runtime=0.34s, PAR-2=0.34s
[DEBUG] Processing 53/832: BV/wintersteiger/fmsd13/fixpoint/usb-phy-fixpoint-4.smt2
[DEBUG] Predicted solver: cvc5 for benchmark BV/wintersteiger/fmsd13/fixpoint/usb-phy-fixpoint-4.smt2
[DEBUG] Benchmark BV/wintersteiger/fmsd13/fixpoint/usb-phy-fixpoint-4.smt2: solved=True, runtime=1.44s, PAR-2=1.44s
[DEBUG] Processing 54/832: BV/2017-Preiner-keymaera/intersection-example-simple.proof-node605258.smt2
[DEBUG] Predicted solver: cvc5 for benchmark BV/2017-Preiner-keymaera/intersection-example-simple.proof-node605258.smt2
[DEBUG] Benchmark BV/2017-Preiner-keymaera/intersection-example-simple.proof-node605258.smt2: solved=True, runtime=0.23s, PAR-2=0.23s
[DEBUG] Processing 55/832: BV/20170501-Heizmann-UltimateAutomizer/jain_2_true-unreach-call_true-no-overflow.i_230.smt2
[DEBUG] Predicted solver: SMTInterpol for benchmark BV/20170501-Heizmann-UltimateAutomizer/jain_2_true-unreach-call_true-no-overflow.i_230.smt2
[DEBUG] Benchmark BV/20170501-Heizmann-UltimateAutomizer/jain_2_true-unreach-call_true-no-overflow.i_230.smt2: solved=True, runtime=0.52s, PAR-2=0.52s
[DEBUG] Processing 56/832: BV/2020-Preiner-fmcad20/cons/check_cc_bvsge_s_x_32.smt2
[DEBUG] Predicted solver: YicesQS for benchmark BV/2020-Preiner-fmcad20/cons/check_cc_bvsge_s_x_32.smt2
[DEBUG] Benchmark BV/2020-Preiner-fmcad20/cons/check_cc_bvsge_s_x_32.smt2: solved=True, runtime=0.26s, PAR-2=0.26s
[DEBUG] Processing 57/832: BV/2017-Preiner-keymaera/ETCS-essentials-node4106.smt2
[DEBUG] Predicted solver: YicesQS for benchmark BV/2017-Preiner-keymaera/ETCS-essentials-node4106.smt2
[DEBUG] Benchmark BV/2017-Preiner-keymaera/ETCS-essentials-node4106.smt2: solved=True, runtime=0.30s, PAR-2=0.30s
[DEBUG] Processing 58/832: BV/2017-Preiner-scholl-smt08/model/model_6_26.smt2
[DEBUG] Predicted solver: YicesQS for benchmark BV/2017-Preiner-scholl-smt08/model/model_6_26.smt2
[DEBUG] Benchmark BV/2017-Preiner-scholl-smt08/model/model_6_26.smt2: solved=True, runtime=0.22s, PAR-2=0.22s
[DEBUG] Processing 59/832: BV/wintersteiger/fmsd13/fixpoint/small-equiv-fixpoint-6.smt2
[DEBUG] Predicted solver: cvc5 for benchmark BV/wintersteiger/fmsd13/fixpoint/small-equiv-fixpoint-6.smt2
[DEBUG] Benchmark BV/wintersteiger/fmsd13/fixpoint/small-equiv-fixpoint-6.smt2: solved=True, runtime=0.23s, PAR-2=0.23s
[DEBUG] Processing 60/832: BV/wintersteiger/fmsd13/ranking/network_ndis_rtlnwifi_extsta_st_aplst.c.smt2
[DEBUG] Predicted solver: SMTInterpol for benchmark BV/wintersteiger/fmsd13/ranking/network_ndis_rtlnwifi_extsta_st_aplst.c.smt2
[DEBUG] Benchmark BV/wintersteiger/fmsd13/ranking/network_ndis_rtlnwifi_extsta_st_aplst.c.smt2: solved=True, runtime=0.49s, PAR-2=0.49s
[DEBUG] Processing 61/832: BV/2017-Preiner-keymaera/intersection-example-simple.proof-node387850.smt2
[DEBUG] Predicted solver: cvc5 for benchmark BV/2017-Preiner-keymaera/intersection-example-simple.proof-node387850.smt2
[DEBUG] Benchmark BV/2017-Preiner-keymaera/intersection-example-simple.proof-node387850.smt2: solved=True, runtime=0.24s, PAR-2=0.24s
[DEBUG] Processing 62/832: BV/2017-Preiner-keymaera/intersection-example-simple.proof-node294860.smt2
[DEBUG] Predicted solver: cvc5 for benchmark BV/2017-Preiner-keymaera/intersection-example-simple.proof-node294860.smt2
[DEBUG] Benchmark BV/2017-Preiner-keymaera/intersection-example-simple.proof-node294860.smt2: solved=True, runtime=0.24s, PAR-2=0.24s
[DEBUG] Processing 63/832: BV/2017-Preiner-keymaera/intersection-example-simple.proof-node723526.smt2
[DEBUG] Predicted solver: cvc5 for benchmark BV/2017-Preiner-keymaera/intersection-example-simple.proof-node723526.smt2
[DEBUG] Benchmark BV/2017-Preiner-keymaera/intersection-example-simple.proof-node723526.smt2: solved=True, runtime=0.22s, PAR-2=0.22s
[DEBUG] Processing 64/832: BV/2017-Preiner-keymaera/intersection-example-simple.proof-node488227.smt2
[DEBUG] Predicted solver: cvc5 for benchmark BV/2017-Preiner-keymaera/intersection-example-simple.proof-node488227.smt2
[DEBUG] Benchmark BV/2017-Preiner-keymaera/intersection-example-simple.proof-node488227.smt2: solved=True, runtime=0.22s, PAR-2=0.22s
[DEBUG] Processing 65/832: BV/2017-Preiner-keymaera/intersection-example-simple.proof-node534722.smt2
[DEBUG] Predicted solver: cvc5 for benchmark BV/2017-Preiner-keymaera/intersection-example-simple.proof-node534722.smt2
[DEBUG] Benchmark BV/2017-Preiner-keymaera/intersection-example-simple.proof-node534722.smt2: solved=True, runtime=0.24s, PAR-2=0.24s
[DEBUG] Processing 66/832: BV/2020-Preiner-fmcad20/cons/check_cc_udiv_x_s_64.smt2
[DEBUG] Predicted solver: cvc5 for benchmark BV/2020-Preiner-fmcad20/cons/check_cc_udiv_x_s_64.smt2
[DEBUG] Benchmark BV/2020-Preiner-fmcad20/cons/check_cc_udiv_x_s_64.smt2: solved=False, runtime=1200.00s, PAR-2=2400.00s
[DEBUG] Processing 67/832: BV/20190429-UltimateAutomizerSvcomp2019/jain_6_true-unreach-call_true-no-overflow_false-termination.i_1.smt2
[DEBUG] Predicted solver: SMTInterpol for benchmark BV/20190429-UltimateAutomizerSvcomp2019/jain_6_true-unreach-call_true-no-overflow_false-termination.i_1.smt2
[DEBUG] Benchmark BV/20190429-UltimateAutomizerSvcomp2019/jain_6_true-unreach-call_true-no-overflow_false-termination.i_1.smt2: solved=True, runtime=0.50s, PAR-2=0.50s
[DEBUG] Processing 68/832: BV/2017-Preiner-keymaera/intersection-example-simple.proof-node459232.smt2
[DEBUG] Predicted solver: cvc5 for benchmark BV/2017-Preiner-keymaera/intersection-example-simple.proof-node459232.smt2
[DEBUG] Benchmark BV/2017-Preiner-keymaera/intersection-example-simple.proof-node459232.smt2: solved=True, runtime=0.24s, PAR-2=0.24s
[DEBUG] Processing 69/832: BV/2017-Preiner-psyco/095.smt2
[DEBUG] Predicted solver: Z3alpha for benchmark BV/2017-Preiner-psyco/095.smt2
[DEBUG] Benchmark BV/2017-Preiner-psyco/095.smt2: solved=True, runtime=0.39s, PAR-2=0.39s
[DEBUG] Processing 70/832: BV/2017-Preiner-keymaera/intersection-example-simple.proof-node550261.smt2
[DEBUG] Predicted solver: cvc5 for benchmark BV/2017-Preiner-keymaera/intersection-example-simple.proof-node550261.smt2
[DEBUG] Benchmark BV/2017-Preiner-keymaera/intersection-example-simple.proof-node550261.smt2: solved=True, runtime=0.22s, PAR-2=0.22s
[DEBUG] Processing 71/832: BV/2017-Preiner-keymaera/intersection-example-simple.proof-node532347.smt2
[DEBUG] Predicted solver: cvc5 for benchmark BV/2017-Preiner-keymaera/intersection-example-simple.proof-node532347.smt2
[DEBUG] Benchmark BV/2017-Preiner-keymaera/intersection-example-simple.proof-node532347.smt2: solved=True, runtime=0.22s, PAR-2=0.22s
[DEBUG] Processing 72/832: BV/2018-Preiner-cav18/check_bvugt_bvurem1_32bit.smt2
[DEBUG] Predicted solver: SMTInterpol for benchmark BV/2018-Preiner-cav18/check_bvugt_bvurem1_32bit.smt2
[DEBUG] Benchmark BV/2018-Preiner-cav18/check_bvugt_bvurem1_32bit.smt2: solved=True, runtime=0.51s, PAR-2=0.51s
[DEBUG] Processing 73/832: BV/2017-Preiner-scholl-smt08/RNDPRE/RNDPRE_3_33.smt2
[DEBUG] Predicted solver: YicesQS for benchmark BV/2017-Preiner-scholl-smt08/RNDPRE/RNDPRE_3_33.smt2
[DEBUG] Benchmark BV/2017-Preiner-scholl-smt08/RNDPRE/RNDPRE_3_33.smt2: solved=True, runtime=0.26s, PAR-2=0.26s
[DEBUG] Processing 74/832: BV/2020-Preiner-fmcad20/cons/check_cc_bvult_x_s_64.smt2
[DEBUG] Predicted solver: Z3alpha for benchmark BV/2020-Preiner-fmcad20/cons/check_cc_bvult_x_s_64.smt2
[DEBUG] Benchmark BV/2020-Preiner-fmcad20/cons/check_cc_bvult_x_s_64.smt2: solved=True, runtime=0.58s, PAR-2=0.58s
[DEBUG] Processing 75/832: BV/2017-Preiner-keymaera/binary_driver-2007-10-09-node8746.smt2
[DEBUG] Predicted solver: YicesQS for benchmark BV/2017-Preiner-keymaera/binary_driver-2007-10-09-node8746.smt2
[DEBUG] Benchmark BV/2017-Preiner-keymaera/binary_driver-2007-10-09-node8746.smt2: solved=True, runtime=0.29s, PAR-2=0.29s
[DEBUG] Processing 76/832: BV/2017-Preiner-scholl-smt08/RND/RND_3_4.smt2
[DEBUG] Predicted solver: SMTInterpol for benchmark BV/2017-Preiner-scholl-smt08/RND/RND_3_4.smt2
[DEBUG] Benchmark BV/2017-Preiner-scholl-smt08/RND/RND_3_4.smt2: solved=True, runtime=3.01s, PAR-2=3.01s
[DEBUG] Processing 77/832: BV/2017-Preiner-keymaera/intersection-example-simple.proof-node292166.smt2
[DEBUG] Predicted solver: cvc5 for benchmark BV/2017-Preiner-keymaera/intersection-example-simple.proof-node292166.smt2
[DEBUG] Benchmark BV/2017-Preiner-keymaera/intersection-example-simple.proof-node292166.smt2: solved=True, runtime=0.25s, PAR-2=0.25s
[DEBUG] Processing 78/832: BV/2018-Preiner-cav18/check_bvsle_bvlshr0_32bit.smt2
[DEBUG] Predicted solver: SMTInterpol for benchmark BV/2018-Preiner-cav18/check_bvsle_bvlshr0_32bit.smt2
[DEBUG] Benchmark BV/2018-Preiner-cav18/check_bvsle_bvlshr0_32bit.smt2: solved=True, runtime=0.64s, PAR-2=0.64s
[DEBUG] Processing 79/832: BV/20230321-UltimateAutomizerSvcomp2023/soft_float_1-1.c.cil.c_10.smt2
[DEBUG] Predicted solver: SMTInterpol for benchmark BV/20230321-UltimateAutomizerSvcomp2023/soft_float_1-1.c.cil.c_10.smt2
[DEBUG] Benchmark BV/20230321-UltimateAutomizerSvcomp2023/soft_float_1-1.c.cil.c_10.smt2: solved=True, runtime=0.93s, PAR-2=0.93s
[DEBUG] Processing 80/832: BV/2020-Preiner-fmcad20/inv/check_ic_bvuge_s_x_64.smt2
[DEBUG] Predicted solver: Z3alpha for benchmark BV/2020-Preiner-fmcad20/inv/check_ic_bvuge_s_x_64.smt2
[DEBUG] Benchmark BV/2020-Preiner-fmcad20/inv/check_ic_bvuge_s_x_64.smt2: solved=True, runtime=0.97s, PAR-2=0.97s
[DEBUG] Processing 81/832: BV/2017-Preiner-scholl-smt08/RNDPRE/RNDPRE_3_60.smt2
[DEBUG] Predicted solver: YicesQS for benchmark BV/2017-Preiner-scholl-smt08/RNDPRE/RNDPRE_3_60.smt2
[DEBUG] Benchmark BV/2017-Preiner-scholl-smt08/RNDPRE/RNDPRE_3_60.smt2: solved=True, runtime=0.69s, PAR-2=0.69s
[DEBUG] Processing 82/832: BV/2017-Preiner-keymaera/intersection-example-simple.proof-node291616.smt2
[DEBUG] Predicted solver: cvc5 for benchmark BV/2017-Preiner-keymaera/intersection-example-simple.proof-node291616.smt2
[DEBUG] Benchmark BV/2017-Preiner-keymaera/intersection-example-simple.proof-node291616.smt2: solved=True, runtime=0.22s, PAR-2=0.22s
[DEBUG] Processing 83/832: BV/20230321-UltimateAutomizerSvcomp2023/jain_6-1.c_1.smt2
[DEBUG] Predicted solver: SMTInterpol for benchmark BV/20230321-UltimateAutomizerSvcomp2023/jain_6-1.c_1.smt2
[DEBUG] Benchmark BV/20230321-UltimateAutomizerSvcomp2023/jain_6-1.c_1.smt2: solved=True, runtime=0.49s, PAR-2=0.49s
[DEBUG] Processing 84/832: BV/2018-Preiner-cav18/check_bvsge_bvurem1_32bit.smt2
[DEBUG] Predicted solver: SMTInterpol for benchmark BV/2018-Preiner-cav18/check_bvsge_bvurem1_32bit.smt2
[DEBUG] Benchmark BV/2018-Preiner-cav18/check_bvsge_bvurem1_32bit.smt2: solved=True, runtime=0.53s, PAR-2=0.53s
[DEBUG] Processing 85/832: BV/20170501-Heizmann-UltimateAutomizer/jain_1_true-unreach-call_true-no-overflow.i_435.smt2
[DEBUG] Predicted solver: SMTInterpol for benchmark BV/20170501-Heizmann-UltimateAutomizer/jain_1_true-unreach-call_true-no-overflow.i_435.smt2
[DEBUG] Benchmark BV/20170501-Heizmann-UltimateAutomizer/jain_1_true-unreach-call_true-no-overflow.i_435.smt2: solved=True, runtime=0.54s, PAR-2=0.54s
[DEBUG] Processing 86/832: BV/2018-Preiner-cav18/check_bvule_bvashr1_64bit.smt2
[DEBUG] Predicted solver: SMTInterpol for benchmark BV/2018-Preiner-cav18/check_bvule_bvashr1_64bit.smt2
[DEBUG] Benchmark BV/2018-Preiner-cav18/check_bvule_bvashr1_64bit.smt2: solved=True, runtime=4.84s, PAR-2=4.84s
[DEBUG] Processing 87/832: BV/2018-Preiner-cav18/check_bvslt_bvurem1_64bit.smt2
[DEBUG] Predicted solver: SMTInterpol for benchmark BV/2018-Preiner-cav18/check_bvslt_bvurem1_64bit.smt2
[DEBUG] Benchmark BV/2018-Preiner-cav18/check_bvslt_bvurem1_64bit.smt2: solved=True, runtime=0.57s, PAR-2=0.57s
[DEBUG] Processing 88/832: BV/2018-Preiner-cav18/check_bvsgt_bvlshr0_4bit.smt2
[DEBUG] Predicted solver: SMTInterpol for benchmark BV/2018-Preiner-cav18/check_bvsgt_bvlshr0_4bit.smt2
[DEBUG] Benchmark BV/2018-Preiner-cav18/check_bvsgt_bvlshr0_4bit.smt2: solved=True, runtime=0.63s, PAR-2=0.63s
[DEBUG] Processing 89/832: BV/20190429-UltimateAutomizerSvcomp2019/float_req_bl_0730b_true-unreach-call.c_31.smt2
[DEBUG] Predicted solver: SMTInterpol for benchmark BV/20190429-UltimateAutomizerSvcomp2019/float_req_bl_0730b_true-unreach-call.c_31.smt2
[DEBUG] Benchmark BV/20190429-UltimateAutomizerSvcomp2019/float_req_bl_0730b_true-unreach-call.c_31.smt2: solved=True, runtime=0.45s, PAR-2=0.45s
[DEBUG] Processing 90/832: BV/2018-Preiner-cav18/check_bvsge_bvashr0_64bit.smt2
[DEBUG] Predicted solver: SMTInterpol for benchmark BV/2018-Preiner-cav18/check_bvsge_bvashr0_64bit.smt2
[DEBUG] Benchmark BV/2018-Preiner-cav18/check_bvsge_bvashr0_64bit.smt2: solved=True, runtime=1.08s, PAR-2=1.08s
[DEBUG] Processing 91/832: BV/2017-Preiner-keymaera/intersection-example-simple.proof-node605043.smt2
[DEBUG] Predicted solver: cvc5 for benchmark BV/2017-Preiner-keymaera/intersection-example-simple.proof-node605043.smt2
[DEBUG] Benchmark BV/2017-Preiner-keymaera/intersection-example-simple.proof-node605043.smt2: solved=True, runtime=0.23s, PAR-2=0.23s
[DEBUG] Processing 92/832: BV/2017-Preiner-scholl-smt08/RND/RND_6_9.smt2
[DEBUG] Predicted solver: cvc5 for benchmark BV/2017-Preiner-scholl-smt08/RND/RND_6_9.smt2
[DEBUG] Benchmark BV/2017-Preiner-scholl-smt08/RND/RND_6_9.smt2: solved=True, runtime=160.60s, PAR-2=160.60s
[DEBUG] Processing 93/832: BV/2017-Preiner-keymaera/intersection-example-simple.proof-node347816.smt2
[DEBUG] Predicted solver: cvc5 for benchmark BV/2017-Preiner-keymaera/intersection-example-simple.proof-node347816.smt2
[DEBUG] Benchmark BV/2017-Preiner-keymaera/intersection-example-simple.proof-node347816.smt2: solved=True, runtime=0.23s, PAR-2=0.23s
[DEBUG] Processing 94/832: BV/20230321-UltimateAutomizerSvcomp2023/jain_6-1.c_7.smt2
[DEBUG] Predicted solver: YicesQS for benchmark BV/20230321-UltimateAutomizerSvcomp2023/jain_6-1.c_7.smt2
[DEBUG] Benchmark BV/20230321-UltimateAutomizerSvcomp2023/jain_6-1.c_7.smt2: solved=True, runtime=0.25s, PAR-2=0.25s
[DEBUG] Processing 95/832: BV/2017-Preiner-keymaera/intersection-example-simple.proof-node254826.smt2
[DEBUG] Predicted solver: cvc5 for benchmark BV/2017-Preiner-keymaera/intersection-example-simple.proof-node254826.smt2
[DEBUG] Benchmark BV/2017-Preiner-keymaera/intersection-example-simple.proof-node254826.smt2: solved=True, runtime=0.22s, PAR-2=0.22s
[DEBUG] Processing 96/832: BV/2017-Preiner-keymaera/intersection-example-onelane.proof-node19624.smt2
[DEBUG] Predicted solver: YicesQS for benchmark BV/2017-Preiner-keymaera/intersection-example-onelane.proof-node19624.smt2
[DEBUG] Benchmark BV/2017-Preiner-keymaera/intersection-example-onelane.proof-node19624.smt2: solved=True, runtime=0.34s, PAR-2=0.34s
[DEBUG] Processing 97/832: BV/2017-Preiner-keymaera/intersection-example-onelane.proof-node45116.smt2
[DEBUG] Predicted solver: YicesQS for benchmark BV/2017-Preiner-keymaera/intersection-example-onelane.proof-node45116.smt2
[DEBUG] Benchmark BV/2017-Preiner-keymaera/intersection-example-onelane.proof-node45116.smt2: solved=True, runtime=0.28s, PAR-2=0.28s
[DEBUG] Processing 98/832: BV/20170501-Heizmann-UltimateAutomizer/jain_4_true-unreach-call_true-no-overflow.i_435.smt2
[DEBUG] Predicted solver: SMTInterpol for benchmark BV/20170501-Heizmann-UltimateAutomizer/jain_4_true-unreach-call_true-no-overflow.i_435.smt2
[DEBUG] Benchmark BV/20170501-Heizmann-UltimateAutomizer/jain_4_true-unreach-call_true-no-overflow.i_435.smt2: solved=True, runtime=0.72s, PAR-2=0.72s
[DEBUG] Processing 99/832: BV/20210330-PEak/extern-loop_sat_subset/hard1.smt2
[DEBUG] Predicted solver: Z3alpha for benchmark BV/20210330-PEak/extern-loop_sat_subset/hard1.smt2
[DEBUG] Benchmark BV/20210330-PEak/extern-loop_sat_subset/hard1.smt2: solved=True, runtime=0.52s, PAR-2=0.52s
[DEBUG] Processing 100/832: BV/2017-Preiner-keymaera/intersection-example-simple.proof-node248047.smt2
[DEBUG] Predicted solver: cvc5 for benchmark BV/2017-Preiner-keymaera/intersection-example-simple.proof-node248047.smt2
[DEBUG] Benchmark BV/2017-Preiner-keymaera/intersection-example-simple.proof-node248047.smt2: solved=True, runtime=0.22s, PAR-2=0.22s
[DEBUG] Processing 101/832: BV/2017-Preiner-keymaera/intersection-example-simple.proof-node290002.smt2
[DEBUG] Predicted solver: cvc5 for benchmark BV/2017-Preiner-keymaera/intersection-example-simple.proof-node290002.smt2
[DEBUG] Benchmark BV/2017-Preiner-keymaera/intersection-example-simple.proof-node290002.smt2: solved=True, runtime=0.22s, PAR-2=0.22s
[DEBUG] Processing 102/832: BV/wintersteiger/fmsd13/fixpoint/small-equiv-fixpoint-4.smt2
[DEBUG] Predicted solver: cvc5 for benchmark BV/wintersteiger/fmsd13/fixpoint/small-equiv-fixpoint-4.smt2
[DEBUG] Benchmark BV/wintersteiger/fmsd13/fixpoint/small-equiv-fixpoint-4.smt2: solved=True, runtime=0.25s, PAR-2=0.25s
[DEBUG] Processing 103/832: BV/wintersteiger/fmsd13/fixpoint/itc-b13-fixpoint-6.smt2
[DEBUG] Predicted solver: Z3alpha for benchmark BV/wintersteiger/fmsd13/fixpoint/itc-b13-fixpoint-6.smt2
[DEBUG] Benchmark BV/wintersteiger/fmsd13/fixpoint/itc-b13-fixpoint-6.smt2: solved=True, runtime=0.35s, PAR-2=0.35s
[DEBUG] Processing 104/832: BV/2017-Preiner-keymaera/intersection-example-onelane.proof-node4261.smt2
[DEBUG] Predicted solver: YicesQS for benchmark BV/2017-Preiner-keymaera/intersection-example-onelane.proof-node4261.smt2
[DEBUG] Benchmark BV/2017-Preiner-keymaera/intersection-example-onelane.proof-node4261.smt2: solved=True, runtime=1.16s, PAR-2=1.16s
[DEBUG] Processing 105/832: BV/2017-Preiner-scholl-smt08/model/model_6_27.smt2
[DEBUG] Predicted solver: YicesQS for benchmark BV/2017-Preiner-scholl-smt08/model/model_6_27.smt2
[DEBUG] Benchmark BV/2017-Preiner-scholl-smt08/model/model_6_27.smt2: solved=True, runtime=0.22s, PAR-2=0.22s
[DEBUG] Processing 106/832: BV/wintersteiger/fmsd13/ranking/audio_fmsynth_miniport.cpp.smt2
[DEBUG] Predicted solver: SMTInterpol for benchmark BV/wintersteiger/fmsd13/ranking/audio_fmsynth_miniport.cpp.smt2
[DEBUG] Benchmark BV/wintersteiger/fmsd13/ranking/audio_fmsynth_miniport.cpp.smt2: solved=True, runtime=0.46s, PAR-2=0.46s
[DEBUG] Processing 107/832: BV/2017-Preiner-psyco/121.smt2
[DEBUG] Predicted solver: cvc5 for benchmark BV/2017-Preiner-psyco/121.smt2
[DEBUG] Benchmark BV/2017-Preiner-psyco/121.smt2: solved=True, runtime=0.29s, PAR-2=0.29s
[DEBUG] Processing 108/832: BV/2017-Preiner-keymaera/intersection-example-simple.proof-node190062.smt2
[DEBUG] Predicted solver: cvc5 for benchmark BV/2017-Preiner-keymaera/intersection-example-simple.proof-node190062.smt2
[DEBUG] Benchmark BV/2017-Preiner-keymaera/intersection-example-simple.proof-node190062.smt2: solved=True, runtime=0.25s, PAR-2=0.25s
[DEBUG] Processing 109/832: BV/20170501-Heizmann-UltimateAutomizer/jain_2_true-unreach-call_true-no-overflow.i_435.smt2
[DEBUG] Predicted solver: SMTInterpol for benchmark BV/20170501-Heizmann-UltimateAutomizer/jain_2_true-unreach-call_true-no-overflow.i_435.smt2
[DEBUG] Benchmark BV/20170501-Heizmann-UltimateAutomizer/jain_2_true-unreach-call_true-no-overflow.i_435.smt2: solved=True, runtime=0.51s, PAR-2=0.51s
[DEBUG] Processing 110/832: BV/2017-Preiner-keymaera/intersection-example-simple.proof-node672726.smt2
[DEBUG] Predicted solver: cvc5 for benchmark BV/2017-Preiner-keymaera/intersection-example-simple.proof-node672726.smt2
[DEBUG] Benchmark BV/2017-Preiner-keymaera/intersection-example-simple.proof-node672726.smt2: solved=True, runtime=0.23s, PAR-2=0.23s
[DEBUG] Processing 111/832: BV/wintersteiger/fmsd13/fixpoint/small-pipeline-fixpoint-8.smt2
[DEBUG] Predicted solver: cvc5 for benchmark BV/wintersteiger/fmsd13/fixpoint/small-pipeline-fixpoint-8.smt2
[DEBUG] Benchmark BV/wintersteiger/fmsd13/fixpoint/small-pipeline-fixpoint-8.smt2: solved=True, runtime=0.53s, PAR-2=0.53s
[DEBUG] Processing 112/832: BV/2017-Preiner-UltimateAutomizer/nested9_true-unreach-call.i_473.smt2
[DEBUG] Predicted solver: SMTInterpol for benchmark BV/2017-Preiner-UltimateAutomizer/nested9_true-unreach-call.i_473.smt2
[DEBUG] Benchmark BV/2017-Preiner-UltimateAutomizer/nested9_true-unreach-call.i_473.smt2: solved=True, runtime=0.48s, PAR-2=0.48s
[DEBUG] Processing 113/832: BV/2017-Preiner-keymaera/intersection-example-simple.proof-node476116.smt2
[DEBUG] Predicted solver: cvc5 for benchmark BV/2017-Preiner-keymaera/intersection-example-simple.proof-node476116.smt2
[DEBUG] Benchmark BV/2017-Preiner-keymaera/intersection-example-simple.proof-node476116.smt2: solved=True, runtime=0.22s, PAR-2=0.22s
[DEBUG] Processing 114/832: BV/2020-Preiner-fmcad20/inv/check_ic_distinct_x_s_64.smt2
[DEBUG] Predicted solver: Z3alpha for benchmark BV/2020-Preiner-fmcad20/inv/check_ic_distinct_x_s_64.smt2
[DEBUG] Benchmark BV/2020-Preiner-fmcad20/inv/check_ic_distinct_x_s_64.smt2: solved=True, runtime=1.05s, PAR-2=1.05s
[DEBUG] Processing 115/832: BV/2018-Preiner-cav18/check_bvslt_bvmul_32bit.smt2
[DEBUG] Predicted solver: SMTInterpol for benchmark BV/2018-Preiner-cav18/check_bvslt_bvmul_32bit.smt2
[DEBUG] Benchmark BV/2018-Preiner-cav18/check_bvslt_bvmul_32bit.smt2: solved=True, runtime=0.85s, PAR-2=0.85s
[DEBUG] Processing 116/832: BV/2020-Preiner-fmcad20/inv/check_ic_bvmul_x_s_64.smt2
[DEBUG] Predicted solver: YicesQS for benchmark BV/2020-Preiner-fmcad20/inv/check_ic_bvmul_x_s_64.smt2
[DEBUG] Benchmark BV/2020-Preiner-fmcad20/inv/check_ic_bvmul_x_s_64.smt2: solved=False, runtime=1200.00s, PAR-2=2400.00s
[DEBUG] Processing 117/832: BV/2018-Preiner-cav18/check_bvsle_bvlshr1_64bit.smt2
[DEBUG] Predicted solver: SMTInterpol for benchmark BV/2018-Preiner-cav18/check_bvsle_bvlshr1_64bit.smt2
[DEBUG] Benchmark BV/2018-Preiner-cav18/check_bvsle_bvlshr1_64bit.smt2: solved=True, runtime=1.52s, PAR-2=1.52s
[DEBUG] Processing 118/832: BV/20190429-UltimateAutomizerSvcomp2019/jain_6_true-unreach-call_true-no-overflow_false-termination.i_2.smt2
[DEBUG] Predicted solver: YicesQS for benchmark BV/20190429-UltimateAutomizerSvcomp2019/jain_6_true-unreach-call_true-no-overflow_false-termination.i_2.smt2
[DEBUG] Benchmark BV/20190429-UltimateAutomizerSvcomp2019/jain_6_true-unreach-call_true-no-overflow_false-termination.i_2.smt2: solved=True, runtime=0.29s, PAR-2=0.29s
[DEBUG] Processing 119/832: BV/2017-Preiner-scholl-smt08/model/model_5_49.smt2
[DEBUG] Predicted solver: Z3alpha for benchmark BV/2017-Preiner-scholl-smt08/model/model_5_49.smt2
[DEBUG] Benchmark BV/2017-Preiner-scholl-smt08/model/model_5_49.smt2: solved=True, runtime=0.30s, PAR-2=0.30s
[DEBUG] Processing 120/832: BV/2017-Preiner-scholl-smt08/model/model_6_44.smt2
[DEBUG] Predicted solver: YicesQS for benchmark BV/2017-Preiner-scholl-smt08/model/model_6_44.smt2
[DEBUG] Benchmark BV/2017-Preiner-scholl-smt08/model/model_6_44.smt2: solved=True, runtime=0.29s, PAR-2=0.29s
[DEBUG] Processing 121/832: BV/2020-Preiner-fmcad20/cons/check_cc_concat_s_x_4.smt2
[DEBUG] Predicted solver: SMTInterpol for benchmark BV/2020-Preiner-fmcad20/cons/check_cc_concat_s_x_4.smt2
[DEBUG] Benchmark BV/2020-Preiner-fmcad20/cons/check_cc_concat_s_x_4.smt2: solved=True, runtime=0.93s, PAR-2=0.93s
[DEBUG] Processing 122/832: BV/2017-Preiner-keymaera/intersection-example-simple.proof-node252371.smt2
[DEBUG] Predicted solver: cvc5 for benchmark BV/2017-Preiner-keymaera/intersection-example-simple.proof-node252371.smt2
[DEBUG] Benchmark BV/2017-Preiner-keymaera/intersection-example-simple.proof-node252371.smt2: solved=True, runtime=0.25s, PAR-2=0.25s
[DEBUG] Processing 123/832: BV/2017-Preiner-keymaera/intersection-example-simple.proof-node368427.smt2
[DEBUG] Predicted solver: cvc5 for benchmark BV/2017-Preiner-keymaera/intersection-example-simple.proof-node368427.smt2
[DEBUG] Benchmark BV/2017-Preiner-keymaera/intersection-example-simple.proof-node368427.smt2: solved=True, runtime=0.22s, PAR-2=0.22s
[DEBUG] Processing 124/832: BV/20230321-UltimateAutomizerSvcomp2023/btor2c-eagerMod.bakery.1.prop1-func-interl.c_2.smt2
[DEBUG] Predicted solver: Bitwuzla for benchmark BV/20230321-UltimateAutomizerSvcomp2023/btor2c-eagerMod.bakery.1.prop1-func-interl.c_2.smt2
[DEBUG] Benchmark BV/20230321-UltimateAutomizerSvcomp2023/btor2c-eagerMod.bakery.1.prop1-func-interl.c_2.smt2: solved=True, runtime=0.30s, PAR-2=0.30s
[DEBUG] Processing 125/832: BV/2018-Preiner-cav18/check_ne_bvurem1_32bit.smt2
[DEBUG] Predicted solver: SMTInterpol for benchmark BV/2018-Preiner-cav18/check_ne_bvurem1_32bit.smt2
[DEBUG] Benchmark BV/2018-Preiner-cav18/check_ne_bvurem1_32bit.smt2: solved=True, runtime=0.58s, PAR-2=0.58s
[DEBUG] Processing 126/832: BV/2018-Preiner-cav18/check_bvsle_bvashr0_32bit.smt2
[DEBUG] Predicted solver: SMTInterpol for benchmark BV/2018-Preiner-cav18/check_bvsle_bvashr0_32bit.smt2
[DEBUG] Benchmark BV/2018-Preiner-cav18/check_bvsle_bvashr0_32bit.smt2: solved=True, runtime=0.87s, PAR-2=0.87s
[DEBUG] Processing 127/832: BV/20170501-Heizmann-UltimateAutomizer/sum02_true-unreach-call_true-no-overflow.i_415.smt2
[DEBUG] Predicted solver: Bitwuzla for benchmark BV/20170501-Heizmann-UltimateAutomizer/sum02_true-unreach-call_true-no-overflow.i_415.smt2
[DEBUG] Benchmark BV/20170501-Heizmann-UltimateAutomizer/sum02_true-unreach-call_true-no-overflow.i_415.smt2: solved=True, runtime=0.27s, PAR-2=0.27s
[DEBUG] Processing 128/832: BV/2017-Preiner-psyco/058.smt2
[DEBUG] Predicted solver: Z3alpha for benchmark BV/2017-Preiner-psyco/058.smt2
[DEBUG] Benchmark BV/2017-Preiner-psyco/058.smt2: solved=True, runtime=0.67s, PAR-2=0.67s
[DEBUG] Processing 129/832: BV/2017-Preiner-keymaera/intersection-example-simple.proof-node287256.smt2
[DEBUG] Predicted solver: cvc5 for benchmark BV/2017-Preiner-keymaera/intersection-example-simple.proof-node287256.smt2
[DEBUG] Benchmark BV/2017-Preiner-keymaera/intersection-example-simple.proof-node287256.smt2: solved=True, runtime=0.26s, PAR-2=0.26s
[DEBUG] Processing 130/832: BV/20170501-Heizmann-UltimateAutomizer/jain_7_true-unreach-call_true-no-overflow.i_259.smt2
[DEBUG] Predicted solver: SMTInterpol for benchmark BV/20170501-Heizmann-UltimateAutomizer/jain_7_true-unreach-call_true-no-overflow.i_259.smt2
[DEBUG] Benchmark BV/20170501-Heizmann-UltimateAutomizer/jain_7_true-unreach-call_true-no-overflow.i_259.smt2: solved=True, runtime=0.56s, PAR-2=0.56s
[DEBUG] Processing 131/832: BV/2017-Preiner-scholl-smt08/RND/RND_6_15.smt2
[DEBUG] Predicted solver: YicesQS for benchmark BV/2017-Preiner-scholl-smt08/RND/RND_6_15.smt2
[DEBUG] Benchmark BV/2017-Preiner-scholl-smt08/RND/RND_6_15.smt2: solved=False, runtime=1200.00s, PAR-2=2400.00s
[DEBUG] Processing 132/832: BV/2017-Preiner-scholl-smt08/RNDPRE/RNDPRE_3_9.smt2
[DEBUG] Predicted solver: Bitwuzla for benchmark BV/2017-Preiner-scholl-smt08/RNDPRE/RNDPRE_3_9.smt2
[DEBUG] Benchmark BV/2017-Preiner-scholl-smt08/RNDPRE/RNDPRE_3_9.smt2: solved=True, runtime=0.45s, PAR-2=0.45s
[DEBUG] Processing 133/832: BV/20210330-PEak/no-extern-loop_unsat_subset/easy.smt2
[DEBUG] Predicted solver: Z3alpha for benchmark BV/20210330-PEak/no-extern-loop_unsat_subset/easy.smt2
[DEBUG] Benchmark BV/20210330-PEak/no-extern-loop_unsat_subset/easy.smt2: solved=True, runtime=0.67s, PAR-2=0.67s
[DEBUG] Processing 134/832: BV/2020-Preiner-fmcad20/inv/check_ic_bvashr_x_s_4.smt2
[DEBUG] Predicted solver: SMTInterpol for benchmark BV/2020-Preiner-fmcad20/inv/check_ic_bvashr_x_s_4.smt2
[DEBUG] Benchmark BV/2020-Preiner-fmcad20/inv/check_ic_bvashr_x_s_4.smt2: solved=True, runtime=2.21s, PAR-2=2.21s
[DEBUG] Processing 135/832: BV/2017-Preiner-keymaera/intersection-example-simple.proof-node550504.smt2
[DEBUG] Predicted solver: cvc5 for benchmark BV/2017-Preiner-keymaera/intersection-example-simple.proof-node550504.smt2
[DEBUG] Benchmark BV/2017-Preiner-keymaera/intersection-example-simple.proof-node550504.smt2: solved=True, runtime=0.25s, PAR-2=0.25s
[DEBUG] Processing 136/832: BV/2017-Preiner-keymaera/intersection-example-simple.proof-node532235.smt2
[DEBUG] Predicted solver: cvc5 for benchmark BV/2017-Preiner-keymaera/intersection-example-simple.proof-node532235.smt2
[DEBUG] Benchmark BV/2017-Preiner-keymaera/intersection-example-simple.proof-node532235.smt2: solved=True, runtime=0.24s, PAR-2=0.24s
[DEBUG] Processing 137/832: BV/2017-Preiner-scholl-smt08/RNDPRE/RNDPRE_4_27.smt2
[DEBUG] Predicted solver: YicesQS for benchmark BV/2017-Preiner-scholl-smt08/RNDPRE/RNDPRE_4_27.smt2
[DEBUG] Benchmark BV/2017-Preiner-scholl-smt08/RNDPRE/RNDPRE_4_27.smt2: solved=True, runtime=0.32s, PAR-2=0.32s
[DEBUG] Processing 138/832: BV/2017-Preiner-scholl-smt08/model/model_6_24.smt2
[DEBUG] Predicted solver: YicesQS for benchmark BV/2017-Preiner-scholl-smt08/model/model_6_24.smt2
[DEBUG] Benchmark BV/2017-Preiner-scholl-smt08/model/model_6_24.smt2: solved=True, runtime=0.28s, PAR-2=0.28s
[DEBUG] Processing 139/832: BV/2017-Preiner-scholl-smt08/RNDPRE/RNDPRE_4_52.smt2
[DEBUG] Predicted solver: YicesQS for benchmark BV/2017-Preiner-scholl-smt08/RNDPRE/RNDPRE_4_52.smt2
[DEBUG] Benchmark BV/2017-Preiner-scholl-smt08/RNDPRE/RNDPRE_4_52.smt2: solved=True, runtime=700.60s, PAR-2=700.60s
[DEBUG] Processing 140/832: BV/20230321-UltimateAutomizerSvcomp2023/heapsort.i_2.smt2
[DEBUG] Predicted solver: SMTInterpol for benchmark BV/20230321-UltimateAutomizerSvcomp2023/heapsort.i_2.smt2
[DEBUG] Benchmark BV/20230321-UltimateAutomizerSvcomp2023/heapsort.i_2.smt2: solved=True, runtime=0.66s, PAR-2=0.66s
[DEBUG] Processing 141/832: BV/2017-Preiner-scholl-smt08/RND/RND_6_19.smt2
[DEBUG] Predicted solver: YicesQS for benchmark BV/2017-Preiner-scholl-smt08/RND/RND_6_19.smt2
[DEBUG] Benchmark BV/2017-Preiner-scholl-smt08/RND/RND_6_19.smt2: solved=True, runtime=7.57s, PAR-2=7.57s
[DEBUG] Processing 142/832: BV/2017-Preiner-keymaera/dccs-example-simple-node3457.smt2
[DEBUG] Predicted solver: Z3alpha for benchmark BV/2017-Preiner-keymaera/dccs-example-simple-node3457.smt2
[DEBUG] Benchmark BV/2017-Preiner-keymaera/dccs-example-simple-node3457.smt2: solved=True, runtime=1.33s, PAR-2=1.33s
[DEBUG] Processing 143/832: BV/20210330-PEak/no-extern-loop_sat_subset/medium0.smt2
[DEBUG] Predicted solver: Z3alpha for benchmark BV/20210330-PEak/no-extern-loop_sat_subset/medium0.smt2
[DEBUG] Benchmark BV/20210330-PEak/no-extern-loop_sat_subset/medium0.smt2: solved=True, runtime=0.50s, PAR-2=0.50s
[DEBUG] Processing 144/832: BV/2017-Preiner-keymaera/intersection-example-simple.proof-node368193.smt2
[DEBUG] Predicted solver: cvc5 for benchmark BV/2017-Preiner-keymaera/intersection-example-simple.proof-node368193.smt2
[DEBUG] Benchmark BV/2017-Preiner-keymaera/intersection-example-simple.proof-node368193.smt2: solved=True, runtime=0.22s, PAR-2=0.22s
[DEBUG] Processing 145/832: BV/2017-Preiner-scholl-smt08/model/model_5_8.smt2
[DEBUG] Predicted solver: SMTInterpol for benchmark BV/2017-Preiner-scholl-smt08/model/model_5_8.smt2
[DEBUG] Benchmark BV/2017-Preiner-scholl-smt08/model/model_5_8.smt2: solved=True, runtime=0.66s, PAR-2=0.66s
[DEBUG] Processing 146/832: BV/2018-Preiner-cav18/check_ne_bvudiv0_64bit.smt2
[DEBUG] Predicted solver: SMTInterpol for benchmark BV/2018-Preiner-cav18/check_ne_bvudiv0_64bit.smt2
[DEBUG] Benchmark BV/2018-Preiner-cav18/check_ne_bvudiv0_64bit.smt2: solved=True, runtime=0.49s, PAR-2=0.49s
[DEBUG] Processing 147/832: BV/2017-Preiner-keymaera/intersection-example-simple.proof-node93152.smt2
[DEBUG] Predicted solver: cvc5 for benchmark BV/2017-Preiner-keymaera/intersection-example-simple.proof-node93152.smt2
[DEBUG] Benchmark BV/2017-Preiner-keymaera/intersection-example-simple.proof-node93152.smt2: solved=True, runtime=0.22s, PAR-2=0.22s
[DEBUG] Processing 148/832: BV/2018-Preiner-cav18/check_bvsgt_bvconcat1_62_4bit.smt2
[DEBUG] Predicted solver: YicesQS for benchmark BV/2018-Preiner-cav18/check_bvsgt_bvconcat1_62_4bit.smt2
[DEBUG] Benchmark BV/2018-Preiner-cav18/check_bvsgt_bvconcat1_62_4bit.smt2: solved=True, runtime=0.24s, PAR-2=0.24s
[DEBUG] Processing 149/832: BV/2017-Preiner-keymaera/intersection-example-simple.proof-node151296.smt2
[DEBUG] Predicted solver: cvc5 for benchmark BV/2017-Preiner-keymaera/intersection-example-simple.proof-node151296.smt2
[DEBUG] Benchmark BV/2017-Preiner-keymaera/intersection-example-simple.proof-node151296.smt2: solved=True, runtime=0.24s, PAR-2=0.24s
[DEBUG] Processing 150/832: BV/2018-Preiner-cav18/check_bvslt_bvadd_32bit.smt2
[DEBUG] Predicted solver: YicesQS for benchmark BV/2018-Preiner-cav18/check_bvslt_bvadd_32bit.smt2
[DEBUG] Benchmark BV/2018-Preiner-cav18/check_bvslt_bvadd_32bit.smt2: solved=True, runtime=0.22s, PAR-2=0.22s
[DEBUG] Processing 151/832: BV/2018-Preiner-cav18/check_bvslt_bvudiv1_64bit.smt2
[DEBUG] Predicted solver: SMTInterpol for benchmark BV/2018-Preiner-cav18/check_bvslt_bvudiv1_64bit.smt2
[DEBUG] Benchmark BV/2018-Preiner-cav18/check_bvslt_bvudiv1_64bit.smt2: solved=True, runtime=0.52s, PAR-2=0.52s
[DEBUG] Processing 152/832: BV/20170501-Heizmann-UltimateAutomizer/jain_4_true-unreach-call_true-no-overflow.i_433.smt2
[DEBUG] Predicted solver: SMTInterpol for benchmark BV/20170501-Heizmann-UltimateAutomizer/jain_4_true-unreach-call_true-no-overflow.i_433.smt2
[DEBUG] Benchmark BV/20170501-Heizmann-UltimateAutomizer/jain_4_true-unreach-call_true-no-overflow.i_433.smt2: solved=True, runtime=0.70s, PAR-2=0.70s
[DEBUG] Processing 153/832: BV/2017-Preiner-keymaera/intersection-example-simple.proof-node252840.smt2
[DEBUG] Predicted solver: cvc5 for benchmark BV/2017-Preiner-keymaera/intersection-example-simple.proof-node252840.smt2
[DEBUG] Benchmark BV/2017-Preiner-keymaera/intersection-example-simple.proof-node252840.smt2: solved=True, runtime=0.23s, PAR-2=0.23s
[DEBUG] Processing 154/832: BV/2017-Preiner-keymaera/vsli-alert.proof-node2442.smt2
[DEBUG] Predicted solver: YicesQS for benchmark BV/2017-Preiner-keymaera/vsli-alert.proof-node2442.smt2
[DEBUG] Benchmark BV/2017-Preiner-keymaera/vsli-alert.proof-node2442.smt2: solved=True, runtime=0.34s, PAR-2=0.34s
[DEBUG] Processing 155/832: BV/2017-Preiner-psyco/035.smt2
[DEBUG] Predicted solver: YicesQS for benchmark BV/2017-Preiner-psyco/035.smt2
[DEBUG] Benchmark BV/2017-Preiner-psyco/035.smt2: solved=True, runtime=0.40s, PAR-2=0.40s
[DEBUG] Processing 156/832: BV/2017-Preiner-UltimateAutomizer/nested9_true-unreach-call.i_1770.smt2
[DEBUG] Predicted solver: SMTInterpol for benchmark BV/2017-Preiner-UltimateAutomizer/nested9_true-unreach-call.i_1770.smt2
[DEBUG] Benchmark BV/2017-Preiner-UltimateAutomizer/nested9_true-unreach-call.i_1770.smt2: solved=True, runtime=0.50s, PAR-2=0.50s
[DEBUG] Processing 157/832: BV/2017-Preiner-scholl-smt08/RND/RND_3_1.smt2
[DEBUG] Predicted solver: YicesQS for benchmark BV/2017-Preiner-scholl-smt08/RND/RND_3_1.smt2
[DEBUG] Benchmark BV/2017-Preiner-scholl-smt08/RND/RND_3_1.smt2: solved=False, runtime=1200.00s, PAR-2=2400.00s
[DEBUG] Processing 158/832: BV/2017-Preiner-keymaera/intersection-example-simple.proof-node559749.smt2
[DEBUG] Predicted solver: cvc5 for benchmark BV/2017-Preiner-keymaera/intersection-example-simple.proof-node559749.smt2
[DEBUG] Benchmark BV/2017-Preiner-keymaera/intersection-example-simple.proof-node559749.smt2: solved=True, runtime=0.22s, PAR-2=0.22s
[DEBUG] Processing 159/832: BV/2018-Preiner-cav18/check_bvsge_bvmul_64bit.smt2
[DEBUG] Predicted solver: SMTInterpol for benchmark BV/2018-Preiner-cav18/check_bvsge_bvmul_64bit.smt2
[DEBUG] Benchmark BV/2018-Preiner-cav18/check_bvsge_bvmul_64bit.smt2: solved=True, runtime=0.75s, PAR-2=0.75s
[DEBUG] Processing 160/832: BV/2017-Preiner-scholl-smt08/RNDPRE/RNDPRE_3_53.smt2
[DEBUG] Predicted solver: YicesQS for benchmark BV/2017-Preiner-scholl-smt08/RNDPRE/RNDPRE_3_53.smt2
[DEBUG] Benchmark BV/2017-Preiner-scholl-smt08/RNDPRE/RNDPRE_3_53.smt2: solved=True, runtime=0.46s, PAR-2=0.46s
[DEBUG] Processing 161/832: BV/2017-Preiner-keymaera/bouncing-ball-simple-node5920.smt2
[DEBUG] Predicted solver: SMTInterpol for benchmark BV/2017-Preiner-keymaera/bouncing-ball-simple-node5920.smt2
[DEBUG] Benchmark BV/2017-Preiner-keymaera/bouncing-ball-simple-node5920.smt2: solved=True, runtime=0.64s, PAR-2=0.64s
[DEBUG] Processing 162/832: BV/20230321-UltimateAutomizerSvcomp2023/soft_float_4-1.c.cil.c_8.smt2
[DEBUG] Predicted solver: SMTInterpol for benchmark BV/20230321-UltimateAutomizerSvcomp2023/soft_float_4-1.c.cil.c_8.smt2
[DEBUG] Benchmark BV/20230321-UltimateAutomizerSvcomp2023/soft_float_4-1.c.cil.c_8.smt2: solved=True, runtime=0.89s, PAR-2=0.89s
[DEBUG] Processing 163/832: BV/20170501-Heizmann-UltimateAutomizer/jain_6_true-unreach-call_true-no-overflow.i_460.smt2
[DEBUG] Predicted solver: SMTInterpol for benchmark BV/20170501-Heizmann-UltimateAutomizer/jain_6_true-unreach-call_true-no-overflow.i_460.smt2
[DEBUG] Benchmark BV/20170501-Heizmann-UltimateAutomizer/jain_6_true-unreach-call_true-no-overflow.i_460.smt2: solved=True, runtime=0.70s, PAR-2=0.70s
[DEBUG] Processing 164/832: BV/2017-Preiner-keymaera/intersection-example-simple.proof-node369000.smt2
[DEBUG] Predicted solver: cvc5 for benchmark BV/2017-Preiner-keymaera/intersection-example-simple.proof-node369000.smt2
[DEBUG] Benchmark BV/2017-Preiner-keymaera/intersection-example-simple.proof-node369000.smt2: solved=True, runtime=0.23s, PAR-2=0.23s
[DEBUG] Processing 165/832: BV/2017-Preiner-scholl-smt08/model/model_6_3.smt2
[DEBUG] Predicted solver: Z3alpha for benchmark BV/2017-Preiner-scholl-smt08/model/model_6_3.smt2
[DEBUG] Benchmark BV/2017-Preiner-scholl-smt08/model/model_6_3.smt2: solved=True, runtime=0.27s, PAR-2=0.27s
[DEBUG] Processing 166/832: BV/20210330-PEak/no-extern-loop_sat_subset/medium1.smt2
[DEBUG] Predicted solver: Z3alpha for benchmark BV/20210330-PEak/no-extern-loop_sat_subset/medium1.smt2
[DEBUG] Benchmark BV/20210330-PEak/no-extern-loop_sat_subset/medium1.smt2: solved=True, runtime=0.50s, PAR-2=0.50s
[DEBUG] Processing 167/832: BV/2020-Preiner-fmcad20/cons/check_cc_bvslt_x_s_32.smt2
[DEBUG] Predicted solver: Z3alpha for benchmark BV/2020-Preiner-fmcad20/cons/check_cc_bvslt_x_s_32.smt2
[DEBUG] Benchmark BV/2020-Preiner-fmcad20/cons/check_cc_bvslt_x_s_32.smt2: solved=True, runtime=0.43s, PAR-2=0.43s
[DEBUG] Processing 168/832: BV/2020-Preiner-fmcad20/cons/check_cc_concat_s_x_32.smt2
[DEBUG] Predicted solver: Bitwuzla for benchmark BV/2020-Preiner-fmcad20/cons/check_cc_concat_s_x_32.smt2
[DEBUG] Benchmark BV/2020-Preiner-fmcad20/cons/check_cc_concat_s_x_32.smt2: solved=True, runtime=0.22s, PAR-2=0.22s
[DEBUG] Processing 169/832: BV/2017-Preiner-psyco/046.smt2
[DEBUG] Predicted solver: YicesQS for benchmark BV/2017-Preiner-psyco/046.smt2
[DEBUG] Benchmark BV/2017-Preiner-psyco/046.smt2: solved=True, runtime=0.81s, PAR-2=0.81s
[DEBUG] Processing 170/832: BV/20210330-PEak/extern-loop_sat_subset/hard0.smt2
[DEBUG] Predicted solver: Z3alpha for benchmark BV/20210330-PEak/extern-loop_sat_subset/hard0.smt2
[DEBUG] Benchmark BV/20210330-PEak/extern-loop_sat_subset/hard0.smt2: solved=True, runtime=0.49s, PAR-2=0.49s
[DEBUG] Processing 171/832: BV/2018-Preiner-cav18/check_bvslt_bvshl1_32bit.smt2
[DEBUG] Predicted solver: SMTInterpol for benchmark BV/2018-Preiner-cav18/check_bvslt_bvshl1_32bit.smt2
[DEBUG] Benchmark BV/2018-Preiner-cav18/check_bvslt_bvshl1_32bit.smt2: solved=True, runtime=1.17s, PAR-2=1.17s
[DEBUG] Processing 172/832: BV/2017-Preiner-psyco/064.smt2
[DEBUG] Predicted solver: cvc5 for benchmark BV/2017-Preiner-psyco/064.smt2
[DEBUG] Benchmark BV/2017-Preiner-psyco/064.smt2: solved=True, runtime=0.37s, PAR-2=0.37s
[DEBUG] Processing 173/832: BV/2017-Preiner-UltimateAutomizer/nested9_true-unreach-call.i_1070.smt2
[DEBUG] Predicted solver: SMTInterpol for benchmark BV/2017-Preiner-UltimateAutomizer/nested9_true-unreach-call.i_1070.smt2
[DEBUG] Benchmark BV/2017-Preiner-UltimateAutomizer/nested9_true-unreach-call.i_1070.smt2: solved=True, runtime=0.44s, PAR-2=0.44s
[DEBUG] Processing 174/832: BV/2017-Preiner-keymaera/vsl.proof-node2761.smt2
[DEBUG] Predicted solver: YicesQS for benchmark BV/2017-Preiner-keymaera/vsl.proof-node2761.smt2
[DEBUG] Benchmark BV/2017-Preiner-keymaera/vsl.proof-node2761.smt2: solved=True, runtime=6.50s, PAR-2=6.50s
[DEBUG] Processing 175/832: BV/2017-Preiner-scholl-smt08/model/model_5_17.smt2
[DEBUG] Predicted solver: YicesQS for benchmark BV/2017-Preiner-scholl-smt08/model/model_5_17.smt2
[DEBUG] Benchmark BV/2017-Preiner-scholl-smt08/model/model_5_17.smt2: solved=True, runtime=0.26s, PAR-2=0.26s
[DEBUG] Processing 176/832: BV/2020-Preiner-fmcad20/inv/check_ic_bvurem_s_x_4.smt2
[DEBUG] Predicted solver: SMTInterpol for benchmark BV/2020-Preiner-fmcad20/inv/check_ic_bvurem_s_x_4.smt2
[DEBUG] Benchmark BV/2020-Preiner-fmcad20/inv/check_ic_bvurem_s_x_4.smt2: solved=True, runtime=1.79s, PAR-2=1.79s
[DEBUG] Processing 177/832: BV/2020-Preiner-fmcad20/cons/check_cc_distinct_x_s_64.smt2
[DEBUG] Predicted solver: Z3alpha for benchmark BV/2020-Preiner-fmcad20/cons/check_cc_distinct_x_s_64.smt2
[DEBUG] Benchmark BV/2020-Preiner-fmcad20/cons/check_cc_distinct_x_s_64.smt2: solved=True, runtime=0.32s, PAR-2=0.32s
[DEBUG] Processing 178/832: BV/2017-Preiner-scholl-smt08/model/model_6_38.smt2
[DEBUG] Predicted solver: YicesQS for benchmark BV/2017-Preiner-scholl-smt08/model/model_6_38.smt2
[DEBUG] Benchmark BV/2017-Preiner-scholl-smt08/model/model_6_38.smt2: solved=True, runtime=0.23s, PAR-2=0.23s
[DEBUG] Processing 179/832: BV/20190429-UltimateAutomizerSvcomp2019/soft_float_4_true-unreach-call_true-no-overflow_true-termination.c.cil.c_8.smt2
[DEBUG] Predicted solver: SMTInterpol for benchmark BV/20190429-UltimateAutomizerSvcomp2019/soft_float_4_true-unreach-call_true-no-overflow_true-termination.c.cil.c_8.smt2
[DEBUG] Benchmark BV/20190429-UltimateAutomizerSvcomp2019/soft_float_4_true-unreach-call_true-no-overflow_true-termination.c.cil.c_8.smt2: solved=True, runtime=0.83s, PAR-2=0.83s
[DEBUG] Processing 180/832: BV/2017-Preiner-keymaera/intersection-example-simple.proof-node264195.smt2
[DEBUG] Predicted solver: cvc5 for benchmark BV/2017-Preiner-keymaera/intersection-example-simple.proof-node264195.smt2
[DEBUG] Benchmark BV/2017-Preiner-keymaera/intersection-example-simple.proof-node264195.smt2: solved=True, runtime=0.22s, PAR-2=0.22s
[DEBUG] Processing 181/832: BV/2017-Preiner-keymaera/intersection-example-simple.proof-node268443.smt2
[DEBUG] Predicted solver: cvc5 for benchmark BV/2017-Preiner-keymaera/intersection-example-simple.proof-node268443.smt2
[DEBUG] Benchmark BV/2017-Preiner-keymaera/intersection-example-simple.proof-node268443.smt2: solved=True, runtime=0.25s, PAR-2=0.25s
[DEBUG] Processing 182/832: BV/2017-Preiner-keymaera/intersection-example-onelane.proof-node19598.smt2
[DEBUG] Predicted solver: YicesQS for benchmark BV/2017-Preiner-keymaera/intersection-example-onelane.proof-node19598.smt2
[DEBUG] Benchmark BV/2017-Preiner-keymaera/intersection-example-onelane.proof-node19598.smt2: solved=True, runtime=0.69s, PAR-2=0.69s
[DEBUG] Processing 183/832: BV/2017-Preiner-keymaera/intersection-example-onelane.proof-node17304.smt2
[DEBUG] Predicted solver: YicesQS for benchmark BV/2017-Preiner-keymaera/intersection-example-onelane.proof-node17304.smt2
[DEBUG] Benchmark BV/2017-Preiner-keymaera/intersection-example-onelane.proof-node17304.smt2: solved=True, runtime=0.24s, PAR-2=0.24s
[DEBUG] Processing 184/832: BV/wintersteiger/fmsd13/fixpoint/small-pipeline-fixpoint-6.smt2
[DEBUG] Predicted solver: cvc5 for benchmark BV/wintersteiger/fmsd13/fixpoint/small-pipeline-fixpoint-6.smt2
[DEBUG] Benchmark BV/wintersteiger/fmsd13/fixpoint/small-pipeline-fixpoint-6.smt2: solved=True, runtime=0.41s, PAR-2=0.41s
[DEBUG] Processing 185/832: BV/2017-Preiner-keymaera/intersection-example-simple.proof-node732272.smt2
[DEBUG] Predicted solver: cvc5 for benchmark BV/2017-Preiner-keymaera/intersection-example-simple.proof-node732272.smt2
[DEBUG] Benchmark BV/2017-Preiner-keymaera/intersection-example-simple.proof-node732272.smt2: solved=True, runtime=0.22s, PAR-2=0.22s
[DEBUG] Processing 186/832: BV/2018-Preiner-cav18/check_bvugt_bvmul_64bit.smt2
[DEBUG] Predicted solver: SMTInterpol for benchmark BV/2018-Preiner-cav18/check_bvugt_bvmul_64bit.smt2
[DEBUG] Benchmark BV/2018-Preiner-cav18/check_bvugt_bvmul_64bit.smt2: solved=True, runtime=2.42s, PAR-2=2.42s
[DEBUG] Processing 187/832: BV/2017-Preiner-keymaera/intersection-example-simple.proof-node291962.smt2
[DEBUG] Predicted solver: cvc5 for benchmark BV/2017-Preiner-keymaera/intersection-example-simple.proof-node291962.smt2
[DEBUG] Benchmark BV/2017-Preiner-keymaera/intersection-example-simple.proof-node291962.smt2: solved=True, runtime=0.22s, PAR-2=0.22s
[DEBUG] Processing 188/832: BV/2017-Preiner-scholl-smt08/RNDPRE/RNDPRE_3_54.smt2
[DEBUG] Predicted solver: YicesQS for benchmark BV/2017-Preiner-scholl-smt08/RNDPRE/RNDPRE_3_54.smt2
[DEBUG] Benchmark BV/2017-Preiner-scholl-smt08/RNDPRE/RNDPRE_3_54.smt2: solved=True, runtime=0.44s, PAR-2=0.44s
[DEBUG] Processing 189/832: BV/20170501-Heizmann-UltimateAutomizer/MultCommutative_true-unreach-call_true-no-overflow_true-termination.c_3235.smt2
[DEBUG] Predicted solver: SMTInterpol for benchmark BV/20170501-Heizmann-UltimateAutomizer/MultCommutative_true-unreach-call_true-no-overflow_true-termination.c_3235.smt2
[DEBUG] Benchmark BV/20170501-Heizmann-UltimateAutomizer/MultCommutative_true-unreach-call_true-no-overflow_true-termination.c_3235.smt2: solved=True, runtime=0.50s, PAR-2=0.50s
[DEBUG] Processing 190/832: BV/20170501-Heizmann-UltimateAutomizer/jain_2_true-unreach-call_true-no-overflow.i_341.smt2
[DEBUG] Predicted solver: SMTInterpol for benchmark BV/20170501-Heizmann-UltimateAutomizer/jain_2_true-unreach-call_true-no-overflow.i_341.smt2
[DEBUG] Benchmark BV/20170501-Heizmann-UltimateAutomizer/jain_2_true-unreach-call_true-no-overflow.i_341.smt2: solved=True, runtime=0.48s, PAR-2=0.48s
[DEBUG] Processing 191/832: BV/20170501-Heizmann-UltimateAutomizer/jain_7_true-unreach-call_true-no-overflow.i_240.smt2
[DEBUG] Predicted solver: SMTInterpol for benchmark BV/20170501-Heizmann-UltimateAutomizer/jain_7_true-unreach-call_true-no-overflow.i_240.smt2
[DEBUG] Benchmark BV/20170501-Heizmann-UltimateAutomizer/jain_7_true-unreach-call_true-no-overflow.i_240.smt2: solved=True, runtime=0.56s, PAR-2=0.56s
[DEBUG] Processing 192/832: BV/wintersteiger/fmsd13/ranking/mmedia_gsm610_gsm6103.c.smt2
[DEBUG] Predicted solver: SMTInterpol for benchmark BV/wintersteiger/fmsd13/ranking/mmedia_gsm610_gsm6103.c.smt2
[DEBUG] Benchmark BV/wintersteiger/fmsd13/ranking/mmedia_gsm610_gsm6103.c.smt2: solved=True, runtime=0.48s, PAR-2=0.48s
[DEBUG] Processing 193/832: BV/2017-Preiner-scholl-smt08/RNDPRE/RNDPRE_4_53.smt2
[DEBUG] Predicted solver: YicesQS for benchmark BV/2017-Preiner-scholl-smt08/RNDPRE/RNDPRE_4_53.smt2
[DEBUG] Benchmark BV/2017-Preiner-scholl-smt08/RNDPRE/RNDPRE_4_53.smt2: solved=True, runtime=736.51s, PAR-2=736.51s
[DEBUG] Processing 194/832: BV/wintersteiger/fmsd13/ranking/input_mouser_detect.c.smt2
[DEBUG] Predicted solver: SMTInterpol for benchmark BV/wintersteiger/fmsd13/ranking/input_mouser_detect.c.smt2
[DEBUG] Benchmark BV/wintersteiger/fmsd13/ranking/input_mouser_detect.c.smt2: solved=True, runtime=0.50s, PAR-2=0.50s
[DEBUG] Processing 195/832: BV/2017-Preiner-keymaera/intersection-example-simple.proof-node347607.smt2
[DEBUG] Predicted solver: cvc5 for benchmark BV/2017-Preiner-keymaera/intersection-example-simple.proof-node347607.smt2
[DEBUG] Benchmark BV/2017-Preiner-keymaera/intersection-example-simple.proof-node347607.smt2: solved=True, runtime=0.22s, PAR-2=0.22s
[DEBUG] Processing 196/832: BV/2017-Preiner-keymaera/intersection-example-simple.proof-node682405.smt2
[DEBUG] Predicted solver: cvc5 for benchmark BV/2017-Preiner-keymaera/intersection-example-simple.proof-node682405.smt2
[DEBUG] Benchmark BV/2017-Preiner-keymaera/intersection-example-simple.proof-node682405.smt2: solved=True, runtime=0.23s, PAR-2=0.23s
[DEBUG] Processing 197/832: BV/20170501-Heizmann-UltimateAutomizer/jain_2_true-unreach-call_true-no-overflow.i_433.smt2
[DEBUG] Predicted solver: SMTInterpol for benchmark BV/20170501-Heizmann-UltimateAutomizer/jain_2_true-unreach-call_true-no-overflow.i_433.smt2
[DEBUG] Benchmark BV/20170501-Heizmann-UltimateAutomizer/jain_2_true-unreach-call_true-no-overflow.i_433.smt2: solved=True, runtime=0.56s, PAR-2=0.56s
[DEBUG] Processing 198/832: BV/2017-Preiner-psyco/081.smt2
[DEBUG] Predicted solver: YicesQS for benchmark BV/2017-Preiner-psyco/081.smt2
[DEBUG] Benchmark BV/2017-Preiner-psyco/081.smt2: solved=True, runtime=0.48s, PAR-2=0.48s
[DEBUG] Processing 199/832: BV/2017-Preiner-keymaera/dccs-example-node3897.smt2
[DEBUG] Predicted solver: Z3alpha for benchmark BV/2017-Preiner-keymaera/dccs-example-node3897.smt2
[DEBUG] Benchmark BV/2017-Preiner-keymaera/dccs-example-node3897.smt2: solved=True, runtime=0.46s, PAR-2=0.46s
[DEBUG] Processing 200/832: BV/2017-Preiner-scholl-smt08/model/model_6_53.smt2
[DEBUG] Predicted solver: YicesQS for benchmark BV/2017-Preiner-scholl-smt08/model/model_6_53.smt2
[DEBUG] Benchmark BV/2017-Preiner-scholl-smt08/model/model_6_53.smt2: solved=True, runtime=0.28s, PAR-2=0.28s
[DEBUG] Processing 201/832: BV/2017-Preiner-scholl-smt08/model/model_6_17.smt2
[DEBUG] Predicted solver: YicesQS for benchmark BV/2017-Preiner-scholl-smt08/model/model_6_17.smt2
[DEBUG] Benchmark BV/2017-Preiner-scholl-smt08/model/model_6_17.smt2: solved=True, runtime=0.22s, PAR-2=0.22s
[DEBUG] Processing 202/832: BV/20210330-PEak/extern-loop_unsat_subset/medium.smt2
[DEBUG] Predicted solver: Z3alpha for benchmark BV/20210330-PEak/extern-loop_unsat_subset/medium.smt2
[DEBUG] Benchmark BV/20210330-PEak/extern-loop_unsat_subset/medium.smt2: solved=True, runtime=0.50s, PAR-2=0.50s
[DEBUG] Processing 203/832: BV/wintersteiger/fmsd13/ranking/1394diag_isochapi.c.smt2
[DEBUG] Predicted solver: SMTInterpol for benchmark BV/wintersteiger/fmsd13/ranking/1394diag_isochapi.c.smt2
[DEBUG] Benchmark BV/wintersteiger/fmsd13/ranking/1394diag_isochapi.c.smt2: solved=True, runtime=0.50s, PAR-2=0.50s
[DEBUG] Processing 204/832: BV/2017-Preiner-keymaera/binary_driver-2007-10-09-node12552.smt2
[DEBUG] Predicted solver: YicesQS for benchmark BV/2017-Preiner-keymaera/binary_driver-2007-10-09-node12552.smt2
[DEBUG] Benchmark BV/2017-Preiner-keymaera/binary_driver-2007-10-09-node12552.smt2: solved=True, runtime=0.28s, PAR-2=0.28s
[DEBUG] Processing 205/832: BV/2018-Preiner-cav18/check_bvuge_bvlshr1_64bit.smt2
[DEBUG] Predicted solver: SMTInterpol for benchmark BV/2018-Preiner-cav18/check_bvuge_bvlshr1_64bit.smt2
[DEBUG] Benchmark BV/2018-Preiner-cav18/check_bvuge_bvlshr1_64bit.smt2: solved=True, runtime=1.18s, PAR-2=1.18s
[DEBUG] Processing 206/832: BV/20190429-UltimateAutomizerSvcomp2019/jain_7_true-unreach-call_true-no-overflow_false-termination.i_8.smt2
[DEBUG] Predicted solver: SMTInterpol for benchmark BV/20190429-UltimateAutomizerSvcomp2019/jain_7_true-unreach-call_true-no-overflow_false-termination.i_8.smt2
[DEBUG] Benchmark BV/20190429-UltimateAutomizerSvcomp2019/jain_7_true-unreach-call_true-no-overflow_false-termination.i_8.smt2: solved=True, runtime=0.52s, PAR-2=0.52s
[DEBUG] Processing 207/832: BV/2017-Preiner-keymaera/intersection-example-simple.proof-node171462.smt2
[DEBUG] Predicted solver: cvc5 for benchmark BV/2017-Preiner-keymaera/intersection-example-simple.proof-node171462.smt2
[DEBUG] Benchmark BV/2017-Preiner-keymaera/intersection-example-simple.proof-node171462.smt2: solved=True, runtime=0.24s, PAR-2=0.24s
[DEBUG] Processing 208/832: BV/2017-Preiner-scholl-smt08/RNDPRE/RNDPRE_3_52.smt2
[DEBUG] Predicted solver: YicesQS for benchmark BV/2017-Preiner-scholl-smt08/RNDPRE/RNDPRE_3_52.smt2
[DEBUG] Benchmark BV/2017-Preiner-scholl-smt08/RNDPRE/RNDPRE_3_52.smt2: solved=True, runtime=700.94s, PAR-2=700.94s
[DEBUG] Processing 209/832: BV/2018-Preiner-cav18/check_bvsgt_bvand_64bit.smt2
[DEBUG] Predicted solver: SMTInterpol for benchmark BV/2018-Preiner-cav18/check_bvsgt_bvand_64bit.smt2
[DEBUG] Benchmark BV/2018-Preiner-cav18/check_bvsgt_bvand_64bit.smt2: solved=True, runtime=2.61s, PAR-2=2.61s
[DEBUG] Processing 210/832: BV/2017-Preiner-keymaera/intersection-example-simple.proof-node287144.smt2
[DEBUG] Predicted solver: cvc5 for benchmark BV/2017-Preiner-keymaera/intersection-example-simple.proof-node287144.smt2
[DEBUG] Benchmark BV/2017-Preiner-keymaera/intersection-example-simple.proof-node287144.smt2: solved=True, runtime=0.25s, PAR-2=0.25s
[DEBUG] Processing 211/832: BV/2017-Preiner-keymaera/intersection-example-simple.proof-node548277.smt2
[DEBUG] Predicted solver: cvc5 for benchmark BV/2017-Preiner-keymaera/intersection-example-simple.proof-node548277.smt2
[DEBUG] Benchmark BV/2017-Preiner-keymaera/intersection-example-simple.proof-node548277.smt2: solved=True, runtime=0.22s, PAR-2=0.22s
[DEBUG] Processing 212/832: BV/2017-Preiner-psyco/033.smt2
[DEBUG] Predicted solver: YicesQS for benchmark BV/2017-Preiner-psyco/033.smt2
[DEBUG] Benchmark BV/2017-Preiner-psyco/033.smt2: solved=True, runtime=0.56s, PAR-2=0.56s
[DEBUG] Processing 213/832: BV/2017-Preiner-scholl-smt08/RNDPRE/RNDPRE_4_62.smt2
[DEBUG] Predicted solver: YicesQS for benchmark BV/2017-Preiner-scholl-smt08/RNDPRE/RNDPRE_4_62.smt2
[DEBUG] Benchmark BV/2017-Preiner-scholl-smt08/RNDPRE/RNDPRE_4_62.smt2: solved=True, runtime=412.66s, PAR-2=412.66s
[DEBUG] Processing 214/832: BV/20170501-Heizmann-UltimateAutomizer/jain_7_true-unreach-call_true-no-overflow.i_61.smt2
[DEBUG] Predicted solver: SMTInterpol for benchmark BV/20170501-Heizmann-UltimateAutomizer/jain_7_true-unreach-call_true-no-overflow.i_61.smt2
[DEBUG] Benchmark BV/20170501-Heizmann-UltimateAutomizer/jain_7_true-unreach-call_true-no-overflow.i_61.smt2: solved=True, runtime=0.52s, PAR-2=0.52s
[DEBUG] Processing 215/832: BV/2017-Preiner-keymaera/intersection-example-simple.proof-node345732.smt2
[DEBUG] Predicted solver: cvc5 for benchmark BV/2017-Preiner-keymaera/intersection-example-simple.proof-node345732.smt2
[DEBUG] Benchmark BV/2017-Preiner-keymaera/intersection-example-simple.proof-node345732.smt2: solved=True, runtime=0.22s, PAR-2=0.22s
[DEBUG] Processing 216/832: BV/2017-Preiner-scholl-smt08/RNDPRE/RNDPRE_4_2.smt2
[DEBUG] Predicted solver: YicesQS for benchmark BV/2017-Preiner-scholl-smt08/RNDPRE/RNDPRE_4_2.smt2
[DEBUG] Benchmark BV/2017-Preiner-scholl-smt08/RNDPRE/RNDPRE_4_2.smt2: solved=False, runtime=1200.00s, PAR-2=2400.00s
[DEBUG] Processing 217/832: BV/20230321-UltimateAutomizerSvcomp2023/heapsort.i_3.smt2
[DEBUG] Predicted solver: SMTInterpol for benchmark BV/20230321-UltimateAutomizerSvcomp2023/heapsort.i_3.smt2
[DEBUG] Benchmark BV/20230321-UltimateAutomizerSvcomp2023/heapsort.i_3.smt2: solved=True, runtime=0.67s, PAR-2=0.67s
[DEBUG] Processing 218/832: BV/2017-Preiner-scholl-smt08/RNDPRE/RNDPRE_3_2.smt2
[DEBUG] Predicted solver: Bitwuzla for benchmark BV/2017-Preiner-scholl-smt08/RNDPRE/RNDPRE_3_2.smt2
[DEBUG] Benchmark BV/2017-Preiner-scholl-smt08/RNDPRE/RNDPRE_3_2.smt2: solved=True, runtime=0.88s, PAR-2=0.88s
[DEBUG] Processing 219/832: BV/2017-Preiner-keymaera/intersection-example-simple.proof-node369871.smt2
[DEBUG] Predicted solver: cvc5 for benchmark BV/2017-Preiner-keymaera/intersection-example-simple.proof-node369871.smt2
[DEBUG] Benchmark BV/2017-Preiner-keymaera/intersection-example-simple.proof-node369871.smt2: solved=True, runtime=0.23s, PAR-2=0.23s
[DEBUG] Processing 220/832: BV/20170501-Heizmann-UltimateAutomizer/verisec_sendmail__tTflag_arr_one_loop_false-unreach-call.i_1353.smt2
[DEBUG] Predicted solver: cvc5 for benchmark BV/20170501-Heizmann-UltimateAutomizer/verisec_sendmail__tTflag_arr_one_loop_false-unreach-call.i_1353.smt2
[DEBUG] Benchmark BV/20170501-Heizmann-UltimateAutomizer/verisec_sendmail__tTflag_arr_one_loop_false-unreach-call.i_1353.smt2: solved=True, runtime=0.54s, PAR-2=0.54s
[DEBUG] Processing 221/832: BV/2018-Preiner-cav18/check_bvslt_bvshl1_64bit.smt2
[DEBUG] Predicted solver: SMTInterpol for benchmark BV/2018-Preiner-cav18/check_bvslt_bvshl1_64bit.smt2
[DEBUG] Benchmark BV/2018-Preiner-cav18/check_bvslt_bvshl1_64bit.smt2: solved=True, runtime=1.59s, PAR-2=1.59s
[DEBUG] Processing 222/832: BV/2017-Preiner-keymaera/intersection-example-simple.proof-node559861.smt2
[DEBUG] Predicted solver: cvc5 for benchmark BV/2017-Preiner-keymaera/intersection-example-simple.proof-node559861.smt2
[DEBUG] Benchmark BV/2017-Preiner-keymaera/intersection-example-simple.proof-node559861.smt2: solved=True, runtime=0.22s, PAR-2=0.22s
[DEBUG] Processing 223/832: BV/2018-Preiner-cav18/check_bvslt_bvadd_64bit.smt2
[DEBUG] Predicted solver: YicesQS for benchmark BV/2018-Preiner-cav18/check_bvslt_bvadd_64bit.smt2
[DEBUG] Benchmark BV/2018-Preiner-cav18/check_bvslt_bvadd_64bit.smt2: solved=True, runtime=0.22s, PAR-2=0.22s
[DEBUG] Processing 224/832: BV/2017-Preiner-psyco/101.smt2
[DEBUG] Predicted solver: Z3alpha for benchmark BV/2017-Preiner-psyco/101.smt2
[DEBUG] Benchmark BV/2017-Preiner-psyco/101.smt2: solved=True, runtime=0.45s, PAR-2=0.45s
[DEBUG] Processing 225/832: BV/2018-Preiner-cav18/check_bvsgt_bvmul_64bit.smt2
[DEBUG] Predicted solver: SMTInterpol for benchmark BV/2018-Preiner-cav18/check_bvsgt_bvmul_64bit.smt2
[DEBUG] Benchmark BV/2018-Preiner-cav18/check_bvsgt_bvmul_64bit.smt2: solved=True, runtime=34.75s, PAR-2=34.75s
[DEBUG] Processing 226/832: BV/2017-Preiner-keymaera/safety-lemma-node10952.smt2
[DEBUG] Predicted solver: YicesQS for benchmark BV/2017-Preiner-keymaera/safety-lemma-node10952.smt2
[DEBUG] Benchmark BV/2017-Preiner-keymaera/safety-lemma-node10952.smt2: solved=True, runtime=0.35s, PAR-2=0.35s
[DEBUG] Processing 227/832: BV/20170501-Heizmann-UltimateAutomizer/jain_1_true-unreach-call_true-no-overflow.i_409.smt2
[DEBUG] Predicted solver: SMTInterpol for benchmark BV/20170501-Heizmann-UltimateAutomizer/jain_1_true-unreach-call_true-no-overflow.i_409.smt2
[DEBUG] Benchmark BV/20170501-Heizmann-UltimateAutomizer/jain_1_true-unreach-call_true-no-overflow.i_409.smt2: solved=True, runtime=0.47s, PAR-2=0.47s
[DEBUG] Processing 228/832: BV/2017-Preiner-keymaera/intersection-example-simple.proof-node490015.smt2
[DEBUG] Predicted solver: cvc5 for benchmark BV/2017-Preiner-keymaera/intersection-example-simple.proof-node490015.smt2
[DEBUG] Benchmark BV/2017-Preiner-keymaera/intersection-example-simple.proof-node490015.smt2: solved=True, runtime=0.23s, PAR-2=0.23s
[DEBUG] Processing 229/832: BV/20210330-PEak/no-extern-loop_sat_subset/hard1.smt2
[DEBUG] Predicted solver: Z3alpha for benchmark BV/20210330-PEak/no-extern-loop_sat_subset/hard1.smt2
[DEBUG] Benchmark BV/20210330-PEak/no-extern-loop_sat_subset/hard1.smt2: solved=True, runtime=0.56s, PAR-2=0.56s
[DEBUG] Processing 230/832: BV/wintersteiger/fmsd13/fixpoint/small-equiv-fixpoint-7.smt2
[DEBUG] Predicted solver: cvc5 for benchmark BV/wintersteiger/fmsd13/fixpoint/small-equiv-fixpoint-7.smt2
[DEBUG] Benchmark BV/wintersteiger/fmsd13/fixpoint/small-equiv-fixpoint-7.smt2: solved=True, runtime=0.23s, PAR-2=0.23s
[DEBUG] Processing 231/832: BV/20230321-UltimateAutomizerSvcomp2023/jain_7-1.c_9.smt2
[DEBUG] Predicted solver: SMTInterpol for benchmark BV/20230321-UltimateAutomizerSvcomp2023/jain_7-1.c_9.smt2
[DEBUG] Benchmark BV/20230321-UltimateAutomizerSvcomp2023/jain_7-1.c_9.smt2: solved=True, runtime=0.54s, PAR-2=0.54s
[DEBUG] Processing 232/832: BV/2017-Preiner-keymaera/intersection-example-simple.proof-node152733.smt2
[DEBUG] Predicted solver: cvc5 for benchmark BV/2017-Preiner-keymaera/intersection-example-simple.proof-node152733.smt2
[DEBUG] Benchmark BV/2017-Preiner-keymaera/intersection-example-simple.proof-node152733.smt2: solved=True, runtime=0.22s, PAR-2=0.22s
[DEBUG] Processing 233/832: BV/2017-Preiner-psyco/052.smt2
[DEBUG] Predicted solver: Z3alpha for benchmark BV/2017-Preiner-psyco/052.smt2
[DEBUG] Benchmark BV/2017-Preiner-psyco/052.smt2: solved=True, runtime=0.42s, PAR-2=0.42s
[DEBUG] Processing 234/832: BV/2017-Preiner-keymaera/to_left-node1505.smt2
[DEBUG] Predicted solver: SMTInterpol for benchmark BV/2017-Preiner-keymaera/to_left-node1505.smt2
[DEBUG] Benchmark BV/2017-Preiner-keymaera/to_left-node1505.smt2: solved=True, runtime=0.51s, PAR-2=0.51s
[DEBUG] Processing 235/832: BV/2017-Preiner-keymaera/intersection-example-simple.proof-node172570.smt2
[DEBUG] Predicted solver: cvc5 for benchmark BV/2017-Preiner-keymaera/intersection-example-simple.proof-node172570.smt2
[DEBUG] Benchmark BV/2017-Preiner-keymaera/intersection-example-simple.proof-node172570.smt2: solved=True, runtime=0.24s, PAR-2=0.24s
[DEBUG] Processing 236/832: BV/2018-Preiner-cav18/check_bvsle_bvlshr1_32bit.smt2
[DEBUG] Predicted solver: SMTInterpol for benchmark BV/2018-Preiner-cav18/check_bvsle_bvlshr1_32bit.smt2
[DEBUG] Benchmark BV/2018-Preiner-cav18/check_bvsle_bvlshr1_32bit.smt2: solved=True, runtime=1.14s, PAR-2=1.14s
[DEBUG] Processing 237/832: BV/2017-Preiner-keymaera/intersection-example-simple.proof-node391376.smt2
[DEBUG] Predicted solver: cvc5 for benchmark BV/2017-Preiner-keymaera/intersection-example-simple.proof-node391376.smt2
[DEBUG] Benchmark BV/2017-Preiner-keymaera/intersection-example-simple.proof-node391376.smt2: solved=True, runtime=0.23s, PAR-2=0.23s
[DEBUG] Processing 238/832: BV/2017-Preiner-scholl-smt08/RNDPRE/RNDPRE_3_50.smt2
[DEBUG] Predicted solver: YicesQS for benchmark BV/2017-Preiner-scholl-smt08/RNDPRE/RNDPRE_3_50.smt2
[DEBUG] Benchmark BV/2017-Preiner-scholl-smt08/RNDPRE/RNDPRE_3_50.smt2: solved=True, runtime=0.35s, PAR-2=0.35s
[DEBUG] Processing 239/832: BV/2017-Preiner-keymaera/intersection-example-simple.proof-node347928.smt2
[DEBUG] Predicted solver: cvc5 for benchmark BV/2017-Preiner-keymaera/intersection-example-simple.proof-node347928.smt2
[DEBUG] Benchmark BV/2017-Preiner-keymaera/intersection-example-simple.proof-node347928.smt2: solved=True, runtime=0.22s, PAR-2=0.22s
[DEBUG] Processing 240/832: BV/2017-Preiner-keymaera/intersection-example-simple.proof-node622752.smt2
[DEBUG] Predicted solver: cvc5 for benchmark BV/2017-Preiner-keymaera/intersection-example-simple.proof-node622752.smt2
[DEBUG] Benchmark BV/2017-Preiner-keymaera/intersection-example-simple.proof-node622752.smt2: solved=True, runtime=0.23s, PAR-2=0.23s
[DEBUG] Processing 241/832: BV/2017-Preiner-keymaera/train_goal4-node5686.smt2
[DEBUG] Predicted solver: YicesQS for benchmark BV/2017-Preiner-keymaera/train_goal4-node5686.smt2
[DEBUG] Benchmark BV/2017-Preiner-keymaera/train_goal4-node5686.smt2: solved=True, runtime=0.28s, PAR-2=0.28s
[DEBUG] Processing 242/832: BV/2020-Preiner-fmcad20/cons/check_cc_bvslt_s_x_32.smt2
[DEBUG] Predicted solver: Z3alpha for benchmark BV/2020-Preiner-fmcad20/cons/check_cc_bvslt_s_x_32.smt2
[DEBUG] Benchmark BV/2020-Preiner-fmcad20/cons/check_cc_bvslt_s_x_32.smt2: solved=True, runtime=0.32s, PAR-2=0.32s
[DEBUG] Processing 243/832: BV/2017-Preiner-scholl-smt08/RNDPRE/RNDPRE_3_26.smt2
[DEBUG] Predicted solver: YicesQS for benchmark BV/2017-Preiner-scholl-smt08/RNDPRE/RNDPRE_3_26.smt2
[DEBUG] Benchmark BV/2017-Preiner-scholl-smt08/RNDPRE/RNDPRE_3_26.smt2: solved=True, runtime=0.23s, PAR-2=0.23s
[DEBUG] Processing 244/832: BV/wintersteiger/fmsd13/ranking/kmdf_usbsamp_sys_queue.c.smt2
[DEBUG] Predicted solver: SMTInterpol for benchmark BV/wintersteiger/fmsd13/ranking/kmdf_usbsamp_sys_queue.c.smt2
[DEBUG] Benchmark BV/wintersteiger/fmsd13/ranking/kmdf_usbsamp_sys_queue.c.smt2: solved=True, runtime=0.55s, PAR-2=0.55s
[DEBUG] Processing 245/832: BV/20170501-Heizmann-UltimateAutomizer/jain_7_true-unreach-call_true-no-overflow.i_383.smt2
[DEBUG] Predicted solver: SMTInterpol for benchmark BV/20170501-Heizmann-UltimateAutomizer/jain_7_true-unreach-call_true-no-overflow.i_383.smt2
[DEBUG] Benchmark BV/20170501-Heizmann-UltimateAutomizer/jain_7_true-unreach-call_true-no-overflow.i_383.smt2: solved=True, runtime=0.50s, PAR-2=0.50s
[DEBUG] Processing 246/832: BV/20190429-UltimateAutomizerSvcomp2019/jain_7_true-unreach-call_true-no-overflow_false-termination.i_10.smt2
[DEBUG] Predicted solver: SMTInterpol for benchmark BV/20190429-UltimateAutomizerSvcomp2019/jain_7_true-unreach-call_true-no-overflow_false-termination.i_10.smt2
[DEBUG] Benchmark BV/20190429-UltimateAutomizerSvcomp2019/jain_7_true-unreach-call_true-no-overflow_false-termination.i_10.smt2: solved=True, runtime=0.56s, PAR-2=0.56s
[DEBUG] Processing 247/832: BV/2017-Preiner-psyco/148.smt2
[DEBUG] Predicted solver: Z3alpha for benchmark BV/2017-Preiner-psyco/148.smt2
[DEBUG] Benchmark BV/2017-Preiner-psyco/148.smt2: solved=True, runtime=0.30s, PAR-2=0.30s
[DEBUG] Processing 248/832: BV/2017-Preiner-keymaera/intersection-example-simple.proof-node250172.smt2
[DEBUG] Predicted solver: cvc5 for benchmark BV/2017-Preiner-keymaera/intersection-example-simple.proof-node250172.smt2
[DEBUG] Benchmark BV/2017-Preiner-keymaera/intersection-example-simple.proof-node250172.smt2: solved=True, runtime=0.22s, PAR-2=0.22s
[DEBUG] Processing 249/832: BV/2017-Preiner-keymaera/intersection-example-simple.proof-node385461.smt2
[DEBUG] Predicted solver: cvc5 for benchmark BV/2017-Preiner-keymaera/intersection-example-simple.proof-node385461.smt2
[DEBUG] Benchmark BV/2017-Preiner-keymaera/intersection-example-simple.proof-node385461.smt2: solved=True, runtime=0.24s, PAR-2=0.24s
[DEBUG] Processing 250/832: BV/2017-Preiner-keymaera/intersection-example-onelane.proof-node48396.smt2
[DEBUG] Predicted solver: Z3alpha for benchmark BV/2017-Preiner-keymaera/intersection-example-onelane.proof-node48396.smt2
[DEBUG] Benchmark BV/2017-Preiner-keymaera/intersection-example-onelane.proof-node48396.smt2: solved=True, runtime=0.41s, PAR-2=0.41s
[DEBUG] Processing 251/832: BV/2017-Preiner-keymaera/dccs-example-simple-node3458.smt2
[DEBUG] Predicted solver: Z3alpha for benchmark BV/2017-Preiner-keymaera/dccs-example-simple-node3458.smt2
[DEBUG] Benchmark BV/2017-Preiner-keymaera/dccs-example-simple-node3458.smt2: solved=True, runtime=0.91s, PAR-2=0.91s
[DEBUG] Processing 252/832: BV/20230321-UltimateAutomizerSvcomp2023/jain_4-1.c_7.smt2
[DEBUG] Predicted solver: YicesQS for benchmark BV/20230321-UltimateAutomizerSvcomp2023/jain_4-1.c_7.smt2
[DEBUG] Benchmark BV/20230321-UltimateAutomizerSvcomp2023/jain_4-1.c_7.smt2: solved=True, runtime=0.24s, PAR-2=0.24s
[DEBUG] Processing 253/832: BV/2018-Preiner-cav18/check_bvsge_bvmul_32bit.smt2
[DEBUG] Predicted solver: SMTInterpol for benchmark BV/2018-Preiner-cav18/check_bvsge_bvmul_32bit.smt2
[DEBUG] Benchmark BV/2018-Preiner-cav18/check_bvsge_bvmul_32bit.smt2: solved=True, runtime=0.60s, PAR-2=0.60s
[DEBUG] Processing 254/832: BV/2017-Preiner-psyco/048.smt2
[DEBUG] Predicted solver: YicesQS for benchmark BV/2017-Preiner-psyco/048.smt2
[DEBUG] Benchmark BV/2017-Preiner-psyco/048.smt2: solved=True, runtime=0.34s, PAR-2=0.34s
[DEBUG] Processing 255/832: BV/2020-Preiner-fmcad20/inv/check_ic_bvurem_s_x_32.smt2
[DEBUG] Predicted solver: Z3alpha for benchmark BV/2020-Preiner-fmcad20/inv/check_ic_bvurem_s_x_32.smt2
[DEBUG] Benchmark BV/2020-Preiner-fmcad20/inv/check_ic_bvurem_s_x_32.smt2: solved=False, runtime=1200.00s, PAR-2=2400.00s
[DEBUG] Processing 256/832: BV/2017-Preiner-psyco/160.smt2
[DEBUG] Predicted solver: YicesQS for benchmark BV/2017-Preiner-psyco/160.smt2
[DEBUG] Benchmark BV/2017-Preiner-psyco/160.smt2: solved=True, runtime=0.28s, PAR-2=0.28s
[DEBUG] Processing 257/832: BV/2017-Preiner-keymaera/intersection-example-simple.proof-node154163.smt2
[DEBUG] Predicted solver: cvc5 for benchmark BV/2017-Preiner-keymaera/intersection-example-simple.proof-node154163.smt2
[DEBUG] Benchmark BV/2017-Preiner-keymaera/intersection-example-simple.proof-node154163.smt2: solved=True, runtime=0.22s, PAR-2=0.22s
[DEBUG] Processing 258/832: BV/2017-Preiner-scholl-smt08/RND/RND_4_12.smt2
[DEBUG] Predicted solver: YicesQS for benchmark BV/2017-Preiner-scholl-smt08/RND/RND_4_12.smt2
[DEBUG] Benchmark BV/2017-Preiner-scholl-smt08/RND/RND_4_12.smt2: solved=True, runtime=0.34s, PAR-2=0.34s
[DEBUG] Processing 259/832: BV/2017-Preiner-keymaera/intersection-example-simple.proof-node345278.smt2
[DEBUG] Predicted solver: cvc5 for benchmark BV/2017-Preiner-keymaera/intersection-example-simple.proof-node345278.smt2
[DEBUG] Benchmark BV/2017-Preiner-keymaera/intersection-example-simple.proof-node345278.smt2: solved=True, runtime=0.23s, PAR-2=0.23s
[DEBUG] Processing 260/832: BV/2018-Preiner-cav18/check_bvugt_bvudiv0_64bit.smt2
[DEBUG] Predicted solver: SMTInterpol for benchmark BV/2018-Preiner-cav18/check_bvugt_bvudiv0_64bit.smt2
[DEBUG] Benchmark BV/2018-Preiner-cav18/check_bvugt_bvudiv0_64bit.smt2: solved=True, runtime=0.46s, PAR-2=0.46s
[DEBUG] Processing 261/832: BV/20190429-UltimateAutomizerSvcomp2019/jain_2_true-unreach-call_true-no-overflow_false-termination.i_12.smt2
[DEBUG] Predicted solver: SMTInterpol for benchmark BV/20190429-UltimateAutomizerSvcomp2019/jain_2_true-unreach-call_true-no-overflow_false-termination.i_12.smt2
[DEBUG] Benchmark BV/20190429-UltimateAutomizerSvcomp2019/jain_2_true-unreach-call_true-no-overflow_false-termination.i_12.smt2: solved=True, runtime=0.54s, PAR-2=0.54s
[DEBUG] Processing 262/832: BV/2017-Preiner-keymaera/intersection-example-simple.proof-node392183.smt2
[DEBUG] Predicted solver: cvc5 for benchmark BV/2017-Preiner-keymaera/intersection-example-simple.proof-node392183.smt2
[DEBUG] Benchmark BV/2017-Preiner-keymaera/intersection-example-simple.proof-node392183.smt2: solved=True, runtime=0.24s, PAR-2=0.24s
[DEBUG] Processing 263/832: BV/2017-Preiner-keymaera/intersection-example-simple.proof-node632840.smt2
[DEBUG] Predicted solver: cvc5 for benchmark BV/2017-Preiner-keymaera/intersection-example-simple.proof-node632840.smt2
[DEBUG] Benchmark BV/2017-Preiner-keymaera/intersection-example-simple.proof-node632840.smt2: solved=True, runtime=0.26s, PAR-2=0.26s
[DEBUG] Processing 264/832: BV/20190429-UltimateAutomizerSvcomp2019/jain_2_true-unreach-call_true-no-overflow_false-termination.i_1.smt2
[DEBUG] Predicted solver: SMTInterpol for benchmark BV/20190429-UltimateAutomizerSvcomp2019/jain_2_true-unreach-call_true-no-overflow_false-termination.i_1.smt2
[DEBUG] Benchmark BV/20190429-UltimateAutomizerSvcomp2019/jain_2_true-unreach-call_true-no-overflow_false-termination.i_1.smt2: solved=True, runtime=0.50s, PAR-2=0.50s
[DEBUG] Processing 265/832: BV/2017-Preiner-keymaera/intersection-example-simple.proof-node631164.smt2
[DEBUG] Predicted solver: cvc5 for benchmark BV/2017-Preiner-keymaera/intersection-example-simple.proof-node631164.smt2
[DEBUG] Benchmark BV/2017-Preiner-keymaera/intersection-example-simple.proof-node631164.smt2: solved=True, runtime=0.22s, PAR-2=0.22s
[DEBUG] Processing 266/832: BV/2017-Preiner-psyco/122.smt2
[DEBUG] Predicted solver: cvc5 for benchmark BV/2017-Preiner-psyco/122.smt2
[DEBUG] Benchmark BV/2017-Preiner-psyco/122.smt2: solved=True, runtime=0.28s, PAR-2=0.28s
[DEBUG] Processing 267/832: BV/2017-Preiner-keymaera/intersection-example-simple.proof-node561079.smt2
[DEBUG] Predicted solver: cvc5 for benchmark BV/2017-Preiner-keymaera/intersection-example-simple.proof-node561079.smt2
[DEBUG] Benchmark BV/2017-Preiner-keymaera/intersection-example-simple.proof-node561079.smt2: solved=True, runtime=0.25s, PAR-2=0.25s
[DEBUG] Processing 268/832: BV/2018-Preiner-cav18/check_bvugt_bvashr0_4bit.smt2
[DEBUG] Predicted solver: SMTInterpol for benchmark BV/2018-Preiner-cav18/check_bvugt_bvashr0_4bit.smt2
[DEBUG] Benchmark BV/2018-Preiner-cav18/check_bvugt_bvashr0_4bit.smt2: solved=True, runtime=0.72s, PAR-2=0.72s
[DEBUG] Processing 269/832: BV/2017-Preiner-keymaera/intersection-example-simple.proof-node251490.smt2
[DEBUG] Predicted solver: cvc5 for benchmark BV/2017-Preiner-keymaera/intersection-example-simple.proof-node251490.smt2
[DEBUG] Benchmark BV/2017-Preiner-keymaera/intersection-example-simple.proof-node251490.smt2: solved=True, runtime=0.25s, PAR-2=0.25s
[DEBUG] Processing 270/832: BV/2017-Preiner-keymaera/intersection-example-simple.proof-node345482.smt2
[DEBUG] Predicted solver: cvc5 for benchmark BV/2017-Preiner-keymaera/intersection-example-simple.proof-node345482.smt2
[DEBUG] Benchmark BV/2017-Preiner-keymaera/intersection-example-simple.proof-node345482.smt2: solved=True, runtime=0.22s, PAR-2=0.22s
[DEBUG] Processing 271/832: BV/2017-Preiner-keymaera/intersection-example-simple.proof-node170139.smt2
[DEBUG] Predicted solver: cvc5 for benchmark BV/2017-Preiner-keymaera/intersection-example-simple.proof-node170139.smt2
[DEBUG] Benchmark BV/2017-Preiner-keymaera/intersection-example-simple.proof-node170139.smt2: solved=True, runtime=0.22s, PAR-2=0.22s
[DEBUG] Processing 272/832: BV/wintersteiger/fmsd13/fixpoint/ethernet-fixpoint-4.smt2
[DEBUG] Predicted solver: cvc5 for benchmark BV/wintersteiger/fmsd13/fixpoint/ethernet-fixpoint-4.smt2
[DEBUG] Benchmark BV/wintersteiger/fmsd13/fixpoint/ethernet-fixpoint-4.smt2: solved=True, runtime=5.00s, PAR-2=5.00s
[DEBUG] Processing 273/832: BV/2017-Preiner-scholl-smt08/RND/RND_3_18.smt2
[DEBUG] Predicted solver: YicesQS for benchmark BV/2017-Preiner-scholl-smt08/RND/RND_3_18.smt2
[DEBUG] Benchmark BV/2017-Preiner-scholl-smt08/RND/RND_3_18.smt2: solved=True, runtime=0.29s, PAR-2=0.29s
[DEBUG] Processing 274/832: BV/2018-Preiner-cav18/check_bvult_bvashr0_32bit.smt2
[DEBUG] Predicted solver: YicesQS for benchmark BV/2018-Preiner-cav18/check_bvult_bvashr0_32bit.smt2
[DEBUG] Benchmark BV/2018-Preiner-cav18/check_bvult_bvashr0_32bit.smt2: solved=True, runtime=0.27s, PAR-2=0.27s
[DEBUG] Processing 275/832: BV/2020-Preiner-fmcad20/inv/check_ic_bvsge_s_x_32.smt2
[DEBUG] Predicted solver: Z3alpha for benchmark BV/2020-Preiner-fmcad20/inv/check_ic_bvsge_s_x_32.smt2
[DEBUG] Benchmark BV/2020-Preiner-fmcad20/inv/check_ic_bvsge_s_x_32.smt2: solved=True, runtime=0.73s, PAR-2=0.73s
[DEBUG] Processing 276/832: BV/20230321-UltimateAutomizerSvcomp2023/jain_6-1.c_8.smt2
[DEBUG] Predicted solver: SMTInterpol for benchmark BV/20230321-UltimateAutomizerSvcomp2023/jain_6-1.c_8.smt2
[DEBUG] Benchmark BV/20230321-UltimateAutomizerSvcomp2023/jain_6-1.c_8.smt2: solved=True, runtime=0.52s, PAR-2=0.52s
[DEBUG] Processing 277/832: BV/20190429-UltimateAutomizerSvcomp2019/jain_7_true-unreach-call_true-no-overflow_false-termination.i_7.smt2
[DEBUG] Predicted solver: SMTInterpol for benchmark BV/20190429-UltimateAutomizerSvcomp2019/jain_7_true-unreach-call_true-no-overflow_false-termination.i_7.smt2
[DEBUG] Benchmark BV/20190429-UltimateAutomizerSvcomp2019/jain_7_true-unreach-call_true-no-overflow_false-termination.i_7.smt2: solved=True, runtime=0.57s, PAR-2=0.57s
[DEBUG] Processing 278/832: BV/2017-Preiner-keymaera/intersection-example-simple.proof-node388939.smt2
[DEBUG] Predicted solver: cvc5 for benchmark BV/2017-Preiner-keymaera/intersection-example-simple.proof-node388939.smt2
[DEBUG] Benchmark BV/2017-Preiner-keymaera/intersection-example-simple.proof-node388939.smt2: solved=True, runtime=0.24s, PAR-2=0.24s
[DEBUG] Processing 279/832: BV/2017-Preiner-keymaera/intersection-example-onelane.proof-node31555.smt2
[DEBUG] Predicted solver: YicesQS for benchmark BV/2017-Preiner-keymaera/intersection-example-onelane.proof-node31555.smt2
[DEBUG] Benchmark BV/2017-Preiner-keymaera/intersection-example-onelane.proof-node31555.smt2: solved=True, runtime=0.28s, PAR-2=0.28s
[DEBUG] Processing 280/832: BV/2017-Preiner-keymaera/intersection-example-simple.proof-node601561.smt2
[DEBUG] Predicted solver: cvc5 for benchmark BV/2017-Preiner-keymaera/intersection-example-simple.proof-node601561.smt2
[DEBUG] Benchmark BV/2017-Preiner-keymaera/intersection-example-simple.proof-node601561.smt2: solved=True, runtime=0.22s, PAR-2=0.22s
[DEBUG] Processing 281/832: BV/2017-Preiner-keymaera/intersection-example-onelane.proof-node37018.smt2
[DEBUG] Predicted solver: Z3alpha for benchmark BV/2017-Preiner-keymaera/intersection-example-onelane.proof-node37018.smt2
[DEBUG] Benchmark BV/2017-Preiner-keymaera/intersection-example-onelane.proof-node37018.smt2: solved=True, runtime=0.40s, PAR-2=0.40s
[DEBUG] Processing 282/832: BV/20170501-Heizmann-UltimateAutomizer/jain_7_true-unreach-call_true-no-overflow.i_431.smt2
[DEBUG] Predicted solver: SMTInterpol for benchmark BV/20170501-Heizmann-UltimateAutomizer/jain_7_true-unreach-call_true-no-overflow.i_431.smt2
[DEBUG] Benchmark BV/20170501-Heizmann-UltimateAutomizer/jain_7_true-unreach-call_true-no-overflow.i_431.smt2: solved=True, runtime=0.53s, PAR-2=0.53s
[DEBUG] Processing 283/832: BV/2018-Preiner-cav18/check_bvslt_bvashr0_64bit.smt2
[DEBUG] Predicted solver: SMTInterpol for benchmark BV/2018-Preiner-cav18/check_bvslt_bvashr0_64bit.smt2
[DEBUG] Benchmark BV/2018-Preiner-cav18/check_bvslt_bvashr0_64bit.smt2: solved=True, runtime=1.16s, PAR-2=1.16s
[DEBUG] Processing 284/832: BV/2017-Preiner-scholl-smt08/RND/RND_3_10.smt2
[DEBUG] Predicted solver: cvc5 for benchmark BV/2017-Preiner-scholl-smt08/RND/RND_3_10.smt2
[DEBUG] Benchmark BV/2017-Preiner-scholl-smt08/RND/RND_3_10.smt2: solved=True, runtime=0.78s, PAR-2=0.78s
[DEBUG] Processing 285/832: BV/2017-Preiner-scholl-smt08/model/model_5_62.smt2
[DEBUG] Predicted solver: Z3alpha for benchmark BV/2017-Preiner-scholl-smt08/model/model_5_62.smt2
[DEBUG] Benchmark BV/2017-Preiner-scholl-smt08/model/model_5_62.smt2: solved=True, runtime=0.28s, PAR-2=0.28s
[DEBUG] Processing 286/832: BV/2017-Preiner-keymaera/intersection-example-simple.proof-node272436.smt2
[DEBUG] Predicted solver: cvc5 for benchmark BV/2017-Preiner-keymaera/intersection-example-simple.proof-node272436.smt2
[DEBUG] Benchmark BV/2017-Preiner-keymaera/intersection-example-simple.proof-node272436.smt2: solved=True, runtime=0.23s, PAR-2=0.23s
[DEBUG] Processing 287/832: BV/2020-Preiner-fmcad20/cons/check_cc_bvuge_s_x_32.smt2
[DEBUG] Predicted solver: YicesQS for benchmark BV/2020-Preiner-fmcad20/cons/check_cc_bvuge_s_x_32.smt2
[DEBUG] Benchmark BV/2020-Preiner-fmcad20/cons/check_cc_bvuge_s_x_32.smt2: solved=True, runtime=0.22s, PAR-2=0.22s
[DEBUG] Processing 288/832: BV/2017-Preiner-keymaera/intersection-example-simple.proof-node384936.smt2
[DEBUG] Predicted solver: cvc5 for benchmark BV/2017-Preiner-keymaera/intersection-example-simple.proof-node384936.smt2
[DEBUG] Benchmark BV/2017-Preiner-keymaera/intersection-example-simple.proof-node384936.smt2: solved=True, runtime=0.25s, PAR-2=0.25s
[DEBUG] Processing 289/832: BV/2017-Preiner-keymaera/intersection-example-simple.proof-node197946.smt2
[DEBUG] Predicted solver: cvc5 for benchmark BV/2017-Preiner-keymaera/intersection-example-simple.proof-node197946.smt2
[DEBUG] Benchmark BV/2017-Preiner-keymaera/intersection-example-simple.proof-node197946.smt2: solved=True, runtime=0.22s, PAR-2=0.22s
[DEBUG] Processing 290/832: BV/20230321-UltimateAutomizerSvcomp2023/jain_7-1.c_0.smt2
[DEBUG] Predicted solver: SMTInterpol for benchmark BV/20230321-UltimateAutomizerSvcomp2023/jain_7-1.c_0.smt2
[DEBUG] Benchmark BV/20230321-UltimateAutomizerSvcomp2023/jain_7-1.c_0.smt2: solved=True, runtime=0.49s, PAR-2=0.49s
[DEBUG] Processing 291/832: BV/20230321-UltimateAutomizerSvcomp2023/soft_float_1-1.c.cil.c_6.smt2
[DEBUG] Predicted solver: SMTInterpol for benchmark BV/20230321-UltimateAutomizerSvcomp2023/soft_float_1-1.c.cil.c_6.smt2
[DEBUG] Benchmark BV/20230321-UltimateAutomizerSvcomp2023/soft_float_1-1.c.cil.c_6.smt2: solved=True, runtime=0.90s, PAR-2=0.90s
[DEBUG] Processing 292/832: BV/20230321-UltimateAutomizerSvcomp2023/soft_float_4-1.c.cil.c_1.smt2
[DEBUG] Predicted solver: SMTInterpol for benchmark BV/20230321-UltimateAutomizerSvcomp2023/soft_float_4-1.c.cil.c_1.smt2
[DEBUG] Benchmark BV/20230321-UltimateAutomizerSvcomp2023/soft_float_4-1.c.cil.c_1.smt2: solved=True, runtime=0.47s, PAR-2=0.47s
[DEBUG] Processing 293/832: BV/2017-Preiner-psyco/076.smt2
[DEBUG] Predicted solver: YicesQS for benchmark BV/2017-Preiner-psyco/076.smt2
[DEBUG] Benchmark BV/2017-Preiner-psyco/076.smt2: solved=True, runtime=0.27s, PAR-2=0.27s
[DEBUG] Processing 294/832: BV/20170501-Heizmann-UltimateAutomizer/jain_6_true-unreach-call_true-no-overflow.i_340.smt2
[DEBUG] Predicted solver: SMTInterpol for benchmark BV/20170501-Heizmann-UltimateAutomizer/jain_6_true-unreach-call_true-no-overflow.i_340.smt2
[DEBUG] Benchmark BV/20170501-Heizmann-UltimateAutomizer/jain_6_true-unreach-call_true-no-overflow.i_340.smt2: solved=True, runtime=0.51s, PAR-2=0.51s
[DEBUG] Processing 295/832: BV/wintersteiger/fmsd13/ranking/audio_ddksynth_csynth2.cpp.smt2
[DEBUG] Predicted solver: SMTInterpol for benchmark BV/wintersteiger/fmsd13/ranking/audio_ddksynth_csynth2.cpp.smt2
[DEBUG] Benchmark BV/wintersteiger/fmsd13/ranking/audio_ddksynth_csynth2.cpp.smt2: solved=True, runtime=0.51s, PAR-2=0.51s
[DEBUG] Processing 296/832: BV/20170501-Heizmann-UltimateAutomizer/verisec_sendmail__tTflag_arr_one_loop_false-unreach-call.i_2400.smt2
[DEBUG] Predicted solver: cvc5 for benchmark BV/20170501-Heizmann-UltimateAutomizer/verisec_sendmail__tTflag_arr_one_loop_false-unreach-call.i_2400.smt2
[DEBUG] Benchmark BV/20170501-Heizmann-UltimateAutomizer/verisec_sendmail__tTflag_arr_one_loop_false-unreach-call.i_2400.smt2: solved=True, runtime=0.88s, PAR-2=0.88s
[DEBUG] Processing 297/832: BV/2017-Preiner-scholl-smt08/model/model_6_52.smt2
[DEBUG] Predicted solver: YicesQS for benchmark BV/2017-Preiner-scholl-smt08/model/model_6_52.smt2
[DEBUG] Benchmark BV/2017-Preiner-scholl-smt08/model/model_6_52.smt2: solved=True, runtime=0.25s, PAR-2=0.25s
[DEBUG] Processing 298/832: BV/2018-Preiner-cav18/check_bvult_bvudiv0_64bit.smt2
[DEBUG] Predicted solver: SMTInterpol for benchmark BV/2018-Preiner-cav18/check_bvult_bvudiv0_64bit.smt2
[DEBUG] Benchmark BV/2018-Preiner-cav18/check_bvult_bvudiv0_64bit.smt2: solved=True, runtime=0.45s, PAR-2=0.45s
[DEBUG] Processing 299/832: BV/2020-Preiner-fmcad20/inv/check_ic_bvxor_x_s_32.smt2
[DEBUG] Predicted solver: Z3alpha for benchmark BV/2020-Preiner-fmcad20/inv/check_ic_bvxor_x_s_32.smt2
[DEBUG] Benchmark BV/2020-Preiner-fmcad20/inv/check_ic_bvxor_x_s_32.smt2: solved=True, runtime=0.32s, PAR-2=0.32s
[DEBUG] Processing 300/832: BV/2017-Preiner-psyco/074.smt2
[DEBUG] Predicted solver: YicesQS for benchmark BV/2017-Preiner-psyco/074.smt2
[DEBUG] Benchmark BV/2017-Preiner-psyco/074.smt2: solved=True, runtime=0.48s, PAR-2=0.48s
[DEBUG] Processing 301/832: BV/2017-Preiner-scholl-smt08/RND/RND_3_12.smt2
[DEBUG] Predicted solver: YicesQS for benchmark BV/2017-Preiner-scholl-smt08/RND/RND_3_12.smt2
[DEBUG] Benchmark BV/2017-Preiner-scholl-smt08/RND/RND_3_12.smt2: solved=True, runtime=0.27s, PAR-2=0.27s
[DEBUG] Processing 302/832: BV/2018-Preiner-cav18/check_bvslt_bvurem0_4bit.smt2
[DEBUG] Predicted solver: SMTInterpol for benchmark BV/2018-Preiner-cav18/check_bvslt_bvurem0_4bit.smt2
[DEBUG] Benchmark BV/2018-Preiner-cav18/check_bvslt_bvurem0_4bit.smt2: solved=True, runtime=0.50s, PAR-2=0.50s
[DEBUG] Processing 303/832: BV/2017-Preiner-scholl-smt08/RNDPRE/RNDPRE_4_40.smt2
[DEBUG] Predicted solver: YicesQS for benchmark BV/2017-Preiner-scholl-smt08/RNDPRE/RNDPRE_4_40.smt2
[DEBUG] Benchmark BV/2017-Preiner-scholl-smt08/RNDPRE/RNDPRE_4_40.smt2: solved=False, runtime=1200.00s, PAR-2=2400.00s
[DEBUG] Processing 304/832: BV/2017-Preiner-scholl-smt08/RND/RND_6_2.smt2
[DEBUG] Predicted solver: YicesQS for benchmark BV/2017-Preiner-scholl-smt08/RND/RND_6_2.smt2
[DEBUG] Benchmark BV/2017-Preiner-scholl-smt08/RND/RND_6_2.smt2: solved=False, runtime=1200.00s, PAR-2=2400.00s
[DEBUG] Processing 305/832: BV/llvm13-smtlib/08.smt2
[DEBUG] Predicted solver: SMTInterpol for benchmark BV/llvm13-smtlib/08.smt2
[DEBUG] Benchmark BV/llvm13-smtlib/08.smt2: solved=True, runtime=1.21s, PAR-2=1.21s
[DEBUG] Processing 306/832: BV/2017-Preiner-keymaera/vsl.proof-node1377.smt2
[DEBUG] Predicted solver: YicesQS for benchmark BV/2017-Preiner-keymaera/vsl.proof-node1377.smt2
[DEBUG] Benchmark BV/2017-Preiner-keymaera/vsl.proof-node1377.smt2: solved=True, runtime=6.99s, PAR-2=6.99s
[DEBUG] Processing 307/832: BV/2017-Preiner-scholl-smt08/model/model_6_12.smt2
[DEBUG] Predicted solver: Bitwuzla for benchmark BV/2017-Preiner-scholl-smt08/model/model_6_12.smt2
[DEBUG] Benchmark BV/2017-Preiner-scholl-smt08/model/model_6_12.smt2: solved=True, runtime=0.23s, PAR-2=0.23s
[DEBUG] Processing 308/832: BV/20170501-Heizmann-UltimateAutomizer/jain_6_true-unreach-call_true-no-overflow.i_58.smt2
[DEBUG] Predicted solver: YicesQS for benchmark BV/20170501-Heizmann-UltimateAutomizer/jain_6_true-unreach-call_true-no-overflow.i_58.smt2
[DEBUG] Benchmark BV/20170501-Heizmann-UltimateAutomizer/jain_6_true-unreach-call_true-no-overflow.i_58.smt2: solved=True, runtime=0.30s, PAR-2=0.30s
[DEBUG] Processing 309/832: BV/2018-Preiner-cav18/check_bvugt_bvudiv1_32bit.smt2
[DEBUG] Predicted solver: SMTInterpol for benchmark BV/2018-Preiner-cav18/check_bvugt_bvudiv1_32bit.smt2
[DEBUG] Benchmark BV/2018-Preiner-cav18/check_bvugt_bvudiv1_32bit.smt2: solved=True, runtime=0.48s, PAR-2=0.48s
[DEBUG] Processing 310/832: BV/2017-Preiner-keymaera/intersection-example-onelane.proof-node18278.smt2
[DEBUG] Predicted solver: YicesQS for benchmark BV/2017-Preiner-keymaera/intersection-example-onelane.proof-node18278.smt2
[DEBUG] Benchmark BV/2017-Preiner-keymaera/intersection-example-onelane.proof-node18278.smt2: solved=True, runtime=0.27s, PAR-2=0.27s
[DEBUG] Processing 311/832: BV/wintersteiger/fmsd13/fixpoint/AR-fixpoint-3.smt2
[DEBUG] Predicted solver: SMTInterpol for benchmark BV/wintersteiger/fmsd13/fixpoint/AR-fixpoint-3.smt2
[DEBUG] Benchmark BV/wintersteiger/fmsd13/fixpoint/AR-fixpoint-3.smt2: solved=True, runtime=1.37s, PAR-2=1.37s
[DEBUG] Processing 312/832: BV/2017-Preiner-scholl-smt08/RND/RND_4_4.smt2
[DEBUG] Predicted solver: YicesQS for benchmark BV/2017-Preiner-scholl-smt08/RND/RND_4_4.smt2
[DEBUG] Benchmark BV/2017-Preiner-scholl-smt08/RND/RND_4_4.smt2: solved=True, runtime=0.29s, PAR-2=0.29s
[DEBUG] Processing 313/832: BV/2017-Preiner-keymaera/intersection-example-simple.proof-node476004.smt2
[DEBUG] Predicted solver: cvc5 for benchmark BV/2017-Preiner-keymaera/intersection-example-simple.proof-node476004.smt2
[DEBUG] Benchmark BV/2017-Preiner-keymaera/intersection-example-simple.proof-node476004.smt2: solved=True, runtime=0.22s, PAR-2=0.22s
[DEBUG] Processing 314/832: BV/wintersteiger/fmsd13/ranking/input_mouser_cseries.c.smt2
[DEBUG] Predicted solver: SMTInterpol for benchmark BV/wintersteiger/fmsd13/ranking/input_mouser_cseries.c.smt2
[DEBUG] Benchmark BV/wintersteiger/fmsd13/ranking/input_mouser_cseries.c.smt2: solved=True, runtime=0.47s, PAR-2=0.47s
[DEBUG] Processing 315/832: BV/2017-Preiner-keymaera/intersection-example-simple.proof-node254500.smt2
[DEBUG] Predicted solver: cvc5 for benchmark BV/2017-Preiner-keymaera/intersection-example-simple.proof-node254500.smt2
[DEBUG] Benchmark BV/2017-Preiner-keymaera/intersection-example-simple.proof-node254500.smt2: solved=True, runtime=0.23s, PAR-2=0.23s
[DEBUG] Processing 316/832: BV/2020-Preiner-fmcad20/inv/check_ic_bvshl_s_x_32.smt2
[DEBUG] Predicted solver: Z3alpha for benchmark BV/2020-Preiner-fmcad20/inv/check_ic_bvshl_s_x_32.smt2
[DEBUG] Benchmark BV/2020-Preiner-fmcad20/inv/check_ic_bvshl_s_x_32.smt2: solved=True, runtime=3.28s, PAR-2=3.28s
[DEBUG] Processing 317/832: BV/2017-Preiner-psyco/006.smt2
[DEBUG] Predicted solver: YicesQS for benchmark BV/2017-Preiner-psyco/006.smt2
[DEBUG] Benchmark BV/2017-Preiner-psyco/006.smt2: solved=True, runtime=0.42s, PAR-2=0.42s
[DEBUG] Processing 318/832: BV/20190429-UltimateAutomizerSvcomp2019/soft_float_4_true-unreach-call_true-no-overflow_true-termination.c.cil.c_5.smt2
[DEBUG] Predicted solver: SMTInterpol for benchmark BV/20190429-UltimateAutomizerSvcomp2019/soft_float_4_true-unreach-call_true-no-overflow_true-termination.c.cil.c_5.smt2
[DEBUG] Benchmark BV/20190429-UltimateAutomizerSvcomp2019/soft_float_4_true-unreach-call_true-no-overflow_true-termination.c.cil.c_5.smt2: solved=True, runtime=1.04s, PAR-2=1.04s
[DEBUG] Processing 319/832: BV/2017-Preiner-UltimateAutomizer/Primes_true-unreach-call.c_187.smt2
[DEBUG] Predicted solver: SMTInterpol for benchmark BV/2017-Preiner-UltimateAutomizer/Primes_true-unreach-call.c_187.smt2
[DEBUG] Benchmark BV/2017-Preiner-UltimateAutomizer/Primes_true-unreach-call.c_187.smt2: solved=True, runtime=0.45s, PAR-2=0.45s
[DEBUG] Processing 320/832: BV/2017-Preiner-tptp/NUM917=1.smt2
[DEBUG] Predicted solver: SMTInterpol for benchmark BV/2017-Preiner-tptp/NUM917=1.smt2
[DEBUG] Benchmark BV/2017-Preiner-tptp/NUM917=1.smt2: solved=True, runtime=0.40s, PAR-2=0.40s
[DEBUG] Processing 321/832: BV/2017-Preiner-keymaera/intersection-example-simple.proof-node548485.smt2
[DEBUG] Predicted solver: cvc5 for benchmark BV/2017-Preiner-keymaera/intersection-example-simple.proof-node548485.smt2
[DEBUG] Benchmark BV/2017-Preiner-keymaera/intersection-example-simple.proof-node548485.smt2: solved=True, runtime=0.22s, PAR-2=0.22s
[DEBUG] Processing 322/832: BV/2017-Preiner-scholl-smt08/RND/RND_6_6.smt2
[DEBUG] Predicted solver: cvc5 for benchmark BV/2017-Preiner-scholl-smt08/RND/RND_6_6.smt2
[DEBUG] Benchmark BV/2017-Preiner-scholl-smt08/RND/RND_6_6.smt2: solved=True, runtime=3.77s, PAR-2=3.77s
[DEBUG] Processing 323/832: BV/2020-Preiner-fmcad20/inv/check_ic_sext_2_4.smt2
[DEBUG] Predicted solver: Bitwuzla for benchmark BV/2020-Preiner-fmcad20/inv/check_ic_sext_2_4.smt2
[DEBUG] Benchmark BV/2020-Preiner-fmcad20/inv/check_ic_sext_2_4.smt2: solved=True, runtime=0.22s, PAR-2=0.22s
[DEBUG] Processing 324/832: BV/2017-Preiner-psyco/070.smt2
[DEBUG] Predicted solver: cvc5 for benchmark BV/2017-Preiner-psyco/070.smt2
[DEBUG] Benchmark BV/2017-Preiner-psyco/070.smt2: solved=True, runtime=0.39s, PAR-2=0.39s
[DEBUG] Processing 325/832: BV/20230321-UltimateAutomizerSvcomp2023/sum.i_0.smt2
[DEBUG] Predicted solver: SMTInterpol for benchmark BV/20230321-UltimateAutomizerSvcomp2023/sum.i_0.smt2
[DEBUG] Benchmark BV/20230321-UltimateAutomizerSvcomp2023/sum.i_0.smt2: solved=True, runtime=0.44s, PAR-2=0.44s
[DEBUG] Processing 326/832: BV/2017-Preiner-scholl-smt08/RND/RND_6_36.smt2
[DEBUG] Predicted solver: Z3alpha for benchmark BV/2017-Preiner-scholl-smt08/RND/RND_6_36.smt2
[DEBUG] Benchmark BV/2017-Preiner-scholl-smt08/RND/RND_6_36.smt2: solved=True, runtime=85.02s, PAR-2=85.02s
[DEBUG] Processing 327/832: BV/wintersteiger/fmsd13/ranking/filesys_filter_namelookup.c.smt2
[DEBUG] Predicted solver: SMTInterpol for benchmark BV/wintersteiger/fmsd13/ranking/filesys_filter_namelookup.c.smt2
[DEBUG] Benchmark BV/wintersteiger/fmsd13/ranking/filesys_filter_namelookup.c.smt2: solved=True, runtime=0.49s, PAR-2=0.49s
[DEBUG] Processing 328/832: BV/20170501-Heizmann-UltimateAutomizer/jain_1_true-unreach-call_true-no-overflow.i_214.smt2
[DEBUG] Predicted solver: SMTInterpol for benchmark BV/20170501-Heizmann-UltimateAutomizer/jain_1_true-unreach-call_true-no-overflow.i_214.smt2
[DEBUG] Benchmark BV/20170501-Heizmann-UltimateAutomizer/jain_1_true-unreach-call_true-no-overflow.i_214.smt2: solved=True, runtime=0.43s, PAR-2=0.43s
[DEBUG] Processing 329/832: BV/2017-Preiner-keymaera/intersection-example-simple.proof-node709258.smt2
[DEBUG] Predicted solver: cvc5 for benchmark BV/2017-Preiner-keymaera/intersection-example-simple.proof-node709258.smt2
[DEBUG] Benchmark BV/2017-Preiner-keymaera/intersection-example-simple.proof-node709258.smt2: solved=True, runtime=0.25s, PAR-2=0.25s
[DEBUG] Processing 330/832: BV/2017-Preiner-scholl-smt08/RNDPRE/RNDPRE_4_32.smt2
[DEBUG] Predicted solver: YicesQS for benchmark BV/2017-Preiner-scholl-smt08/RNDPRE/RNDPRE_4_32.smt2
[DEBUG] Benchmark BV/2017-Preiner-scholl-smt08/RNDPRE/RNDPRE_4_32.smt2: solved=True, runtime=0.38s, PAR-2=0.38s
[DEBUG] Processing 331/832: BV/2017-Preiner-scholl-smt08/model/model_6_11.smt2
[DEBUG] Predicted solver: Bitwuzla for benchmark BV/2017-Preiner-scholl-smt08/model/model_6_11.smt2
[DEBUG] Benchmark BV/2017-Preiner-scholl-smt08/model/model_6_11.smt2: solved=True, runtime=0.23s, PAR-2=0.23s
[DEBUG] Processing 332/832: BV/2017-Preiner-keymaera/intersection-example-onelane.proof-node11162.smt2
[DEBUG] Predicted solver: Z3alpha for benchmark BV/2017-Preiner-keymaera/intersection-example-onelane.proof-node11162.smt2
[DEBUG] Benchmark BV/2017-Preiner-keymaera/intersection-example-onelane.proof-node11162.smt2: solved=True, runtime=1.24s, PAR-2=1.24s
[DEBUG] Processing 333/832: BV/2017-Preiner-keymaera/intersection-example-simple.proof-node388424.smt2
[DEBUG] Predicted solver: cvc5 for benchmark BV/2017-Preiner-keymaera/intersection-example-simple.proof-node388424.smt2
[DEBUG] Benchmark BV/2017-Preiner-keymaera/intersection-example-simple.proof-node388424.smt2: solved=True, runtime=0.25s, PAR-2=0.25s
[DEBUG] Processing 334/832: BV/2017-Preiner-keymaera/intersection-example-simple.proof-node252045.smt2
[DEBUG] Predicted solver: cvc5 for benchmark BV/2017-Preiner-keymaera/intersection-example-simple.proof-node252045.smt2
[DEBUG] Benchmark BV/2017-Preiner-keymaera/intersection-example-simple.proof-node252045.smt2: solved=True, runtime=0.22s, PAR-2=0.22s
[DEBUG] Processing 335/832: BV/2017-Preiner-scholl-smt08/model/model_6_4.smt2
[DEBUG] Predicted solver: Z3alpha for benchmark BV/2017-Preiner-scholl-smt08/model/model_6_4.smt2
[DEBUG] Benchmark BV/2017-Preiner-scholl-smt08/model/model_6_4.smt2: solved=True, runtime=0.29s, PAR-2=0.29s
[DEBUG] Processing 336/832: BV/2017-Preiner-scholl-smt08/RND/RND_3_20.smt2
[DEBUG] Predicted solver: Bitwuzla for benchmark BV/2017-Preiner-scholl-smt08/RND/RND_3_20.smt2
[DEBUG] Benchmark BV/2017-Preiner-scholl-smt08/RND/RND_3_20.smt2: solved=True, runtime=0.45s, PAR-2=0.45s
[DEBUG] Processing 337/832: BV/2017-Preiner-scholl-smt08/model/model_6_5.smt2
[DEBUG] Predicted solver: Z3alpha for benchmark BV/2017-Preiner-scholl-smt08/model/model_6_5.smt2
[DEBUG] Benchmark BV/2017-Preiner-scholl-smt08/model/model_6_5.smt2: solved=True, runtime=0.30s, PAR-2=0.30s
[DEBUG] Processing 338/832: BV/2017-Preiner-keymaera/intersection-example-simple.proof-node361987.smt2
[DEBUG] Predicted solver: cvc5 for benchmark BV/2017-Preiner-keymaera/intersection-example-simple.proof-node361987.smt2
[DEBUG] Benchmark BV/2017-Preiner-keymaera/intersection-example-simple.proof-node361987.smt2: solved=True, runtime=0.22s, PAR-2=0.22s
[DEBUG] Processing 339/832: BV/20230321-UltimateAutomizerSvcomp2023/jain_4-1.c_11.smt2
[DEBUG] Predicted solver: YicesQS for benchmark BV/20230321-UltimateAutomizerSvcomp2023/jain_4-1.c_11.smt2
[DEBUG] Benchmark BV/20230321-UltimateAutomizerSvcomp2023/jain_4-1.c_11.smt2: solved=True, runtime=0.26s, PAR-2=0.26s
[DEBUG] Processing 340/832: BV/20210330-PEak/no-extern-loop_unsat_subset/medium.smt2
[DEBUG] Predicted solver: Z3alpha for benchmark BV/20210330-PEak/no-extern-loop_unsat_subset/medium.smt2
[DEBUG] Benchmark BV/20210330-PEak/no-extern-loop_unsat_subset/medium.smt2: solved=True, runtime=0.55s, PAR-2=0.55s
[DEBUG] Processing 341/832: BV/2017-Preiner-keymaera/intersection-example-simple.proof-node251841.smt2
[DEBUG] Predicted solver: cvc5 for benchmark BV/2017-Preiner-keymaera/intersection-example-simple.proof-node251841.smt2
[DEBUG] Benchmark BV/2017-Preiner-keymaera/intersection-example-simple.proof-node251841.smt2: solved=True, runtime=0.23s, PAR-2=0.23s
[DEBUG] Processing 342/832: BV/2020-Preiner-fmcad20/cons/check_cc_udiv_x_s_32.smt2
[DEBUG] Predicted solver: cvc5 for benchmark BV/2020-Preiner-fmcad20/cons/check_cc_udiv_x_s_32.smt2
[DEBUG] Benchmark BV/2020-Preiner-fmcad20/cons/check_cc_udiv_x_s_32.smt2: solved=False, runtime=1200.00s, PAR-2=2400.00s
[DEBUG] Processing 343/832: BV/2017-Preiner-psyco/077.smt2
[DEBUG] Predicted solver: YicesQS for benchmark BV/2017-Preiner-psyco/077.smt2
[DEBUG] Benchmark BV/2017-Preiner-psyco/077.smt2: solved=True, runtime=0.26s, PAR-2=0.26s
[DEBUG] Processing 344/832: BV/2017-Preiner-scholl-smt08/RNDPRE/RNDPRE_4_50.smt2
[DEBUG] Predicted solver: YicesQS for benchmark BV/2017-Preiner-scholl-smt08/RNDPRE/RNDPRE_4_50.smt2
[DEBUG] Benchmark BV/2017-Preiner-scholl-smt08/RNDPRE/RNDPRE_4_50.smt2: solved=False, runtime=1200.00s, PAR-2=2400.00s
[DEBUG] Processing 345/832: BV/20230321-UltimateAutomizerSvcomp2023/soft_float_4-2.c.cil.c_4.smt2
[DEBUG] Predicted solver: SMTInterpol for benchmark BV/20230321-UltimateAutomizerSvcomp2023/soft_float_4-2.c.cil.c_4.smt2
[DEBUG] Benchmark BV/20230321-UltimateAutomizerSvcomp2023/soft_float_4-2.c.cil.c_4.smt2: solved=True, runtime=0.84s, PAR-2=0.84s
[DEBUG] Processing 346/832: BV/2017-Preiner-keymaera/intersection-example-simple.proof-node369234.smt2
[DEBUG] Predicted solver: cvc5 for benchmark BV/2017-Preiner-keymaera/intersection-example-simple.proof-node369234.smt2
[DEBUG] Benchmark BV/2017-Preiner-keymaera/intersection-example-simple.proof-node369234.smt2: solved=True, runtime=0.23s, PAR-2=0.23s
[DEBUG] Processing 347/832: BV/2020-Preiner-fmcad20/inv/check_ic_concat_s_x_64.smt2
[DEBUG] Predicted solver: Z3alpha for benchmark BV/2020-Preiner-fmcad20/inv/check_ic_concat_s_x_64.smt2
[DEBUG] Benchmark BV/2020-Preiner-fmcad20/inv/check_ic_concat_s_x_64.smt2: solved=True, runtime=0.31s, PAR-2=0.31s
[DEBUG] Processing 348/832: BV/2017-Preiner-keymaera/intersection-example-simple.proof-node287705.smt2
[DEBUG] Predicted solver: cvc5 for benchmark BV/2017-Preiner-keymaera/intersection-example-simple.proof-node287705.smt2
[DEBUG] Benchmark BV/2017-Preiner-keymaera/intersection-example-simple.proof-node287705.smt2: solved=True, runtime=0.22s, PAR-2=0.22s
[DEBUG] Processing 349/832: BV/2017-Preiner-keymaera/intersection-example-simple.proof-node603232.smt2
[DEBUG] Predicted solver: cvc5 for benchmark BV/2017-Preiner-keymaera/intersection-example-simple.proof-node603232.smt2
[DEBUG] Benchmark BV/2017-Preiner-keymaera/intersection-example-simple.proof-node603232.smt2: solved=True, runtime=0.22s, PAR-2=0.22s
[DEBUG] Processing 350/832: BV/2017-Preiner-scholl-smt08/RNDPRE/RNDPRE_4_33.smt2
[DEBUG] Predicted solver: YicesQS for benchmark BV/2017-Preiner-scholl-smt08/RNDPRE/RNDPRE_4_33.smt2
[DEBUG] Benchmark BV/2017-Preiner-scholl-smt08/RNDPRE/RNDPRE_4_33.smt2: solved=True, runtime=15.14s, PAR-2=15.14s
[DEBUG] Processing 351/832: BV/2017-Preiner-scholl-smt08/RNDPRE/RNDPRE_4_54.smt2
[DEBUG] Predicted solver: YicesQS for benchmark BV/2017-Preiner-scholl-smt08/RNDPRE/RNDPRE_4_54.smt2
[DEBUG] Benchmark BV/2017-Preiner-scholl-smt08/RNDPRE/RNDPRE_4_54.smt2: solved=True, runtime=2.14s, PAR-2=2.14s
[DEBUG] Processing 352/832: BV/2017-Preiner-keymaera/intersection-example-onelane.proof-node53911.smt2
[DEBUG] Predicted solver: YicesQS for benchmark BV/2017-Preiner-keymaera/intersection-example-onelane.proof-node53911.smt2
[DEBUG] Benchmark BV/2017-Preiner-keymaera/intersection-example-onelane.proof-node53911.smt2: solved=True, runtime=0.27s, PAR-2=0.27s
[DEBUG] Processing 353/832: BV/wintersteiger/fmsd13/fixpoint/small-equiv-fixpoint-10.smt2
[DEBUG] Predicted solver: cvc5 for benchmark BV/wintersteiger/fmsd13/fixpoint/small-equiv-fixpoint-10.smt2
[DEBUG] Benchmark BV/wintersteiger/fmsd13/fixpoint/small-equiv-fixpoint-10.smt2: solved=True, runtime=0.23s, PAR-2=0.23s
[DEBUG] Processing 354/832: BV/2017-Preiner-scholl-smt08/RNDPRE/RNDPRE_3_17.smt2
[DEBUG] Predicted solver: Bitwuzla for benchmark BV/2017-Preiner-scholl-smt08/RNDPRE/RNDPRE_3_17.smt2
[DEBUG] Benchmark BV/2017-Preiner-scholl-smt08/RNDPRE/RNDPRE_3_17.smt2: solved=True, runtime=0.48s, PAR-2=0.48s
[DEBUG] Processing 355/832: BV/2017-Preiner-keymaera/intersection-example-simple.proof-node150970.smt2
[DEBUG] Predicted solver: cvc5 for benchmark BV/2017-Preiner-keymaera/intersection-example-simple.proof-node150970.smt2
[DEBUG] Benchmark BV/2017-Preiner-keymaera/intersection-example-simple.proof-node150970.smt2: solved=True, runtime=0.22s, PAR-2=0.22s
[DEBUG] Processing 356/832: BV/2017-Preiner-scholl-smt08/RND/RND_6_33.smt2
[DEBUG] Predicted solver: YicesQS for benchmark BV/2017-Preiner-scholl-smt08/RND/RND_6_33.smt2
[DEBUG] Benchmark BV/2017-Preiner-scholl-smt08/RND/RND_6_33.smt2: solved=True, runtime=5.97s, PAR-2=5.97s
[DEBUG] Processing 357/832: BV/2018-Preiner-cav18/check_bvsgt_bvlshr1_32bit.smt2
[DEBUG] Predicted solver: SMTInterpol for benchmark BV/2018-Preiner-cav18/check_bvsgt_bvlshr1_32bit.smt2
[DEBUG] Benchmark BV/2018-Preiner-cav18/check_bvsgt_bvlshr1_32bit.smt2: solved=True, runtime=1.44s, PAR-2=1.44s
[DEBUG] Processing 358/832: BV/2018-Preiner-cav18/check_eq_bvudiv0_64bit.smt2
[DEBUG] Predicted solver: SMTInterpol for benchmark BV/2018-Preiner-cav18/check_eq_bvudiv0_64bit.smt2
[DEBUG] Benchmark BV/2018-Preiner-cav18/check_eq_bvudiv0_64bit.smt2: solved=True, runtime=0.45s, PAR-2=0.45s
[DEBUG] Processing 359/832: BV/20210330-PEak/extern-loop_sat_subset/medium0.smt2
[DEBUG] Predicted solver: Z3alpha for benchmark BV/20210330-PEak/extern-loop_sat_subset/medium0.smt2
[DEBUG] Benchmark BV/20210330-PEak/extern-loop_sat_subset/medium0.smt2: solved=True, runtime=0.63s, PAR-2=0.63s
[DEBUG] Processing 360/832: BV/2017-Preiner-keymaera/dccs-example-simple-node6246.smt2
[DEBUG] Predicted solver: YicesQS for benchmark BV/2017-Preiner-keymaera/dccs-example-simple-node6246.smt2
[DEBUG] Benchmark BV/2017-Preiner-keymaera/dccs-example-simple-node6246.smt2: solved=True, runtime=0.28s, PAR-2=0.28s
[DEBUG] Processing 361/832: BV/2017-Preiner-keymaera/intersection-example-simple.proof-node288026.smt2
[DEBUG] Predicted solver: cvc5 for benchmark BV/2017-Preiner-keymaera/intersection-example-simple.proof-node288026.smt2
[DEBUG] Benchmark BV/2017-Preiner-keymaera/intersection-example-simple.proof-node288026.smt2: solved=True, runtime=0.25s, PAR-2=0.25s
[DEBUG] Processing 362/832: BV/2017-Preiner-keymaera/intersection-example-simple.proof-node476763.smt2
[DEBUG] Predicted solver: cvc5 for benchmark BV/2017-Preiner-keymaera/intersection-example-simple.proof-node476763.smt2
[DEBUG] Benchmark BV/2017-Preiner-keymaera/intersection-example-simple.proof-node476763.smt2: solved=True, runtime=0.23s, PAR-2=0.23s
[DEBUG] Processing 363/832: BV/2017-Preiner-keymaera/bouncing-ball-simple-node5963.smt2
[DEBUG] Predicted solver: SMTInterpol for benchmark BV/2017-Preiner-keymaera/bouncing-ball-simple-node5963.smt2
[DEBUG] Benchmark BV/2017-Preiner-keymaera/bouncing-ball-simple-node5963.smt2: solved=True, runtime=0.57s, PAR-2=0.57s
[DEBUG] Processing 364/832: BV/2017-Preiner-keymaera/intersection-example-onelane.proof-node39751.smt2
[DEBUG] Predicted solver: YicesQS for benchmark BV/2017-Preiner-keymaera/intersection-example-onelane.proof-node39751.smt2
[DEBUG] Benchmark BV/2017-Preiner-keymaera/intersection-example-onelane.proof-node39751.smt2: solved=True, runtime=0.29s, PAR-2=0.29s
[DEBUG] Processing 365/832: BV/2017-Preiner-scholl-smt08/model/model_6_67.smt2
[DEBUG] Predicted solver: Z3alpha for benchmark BV/2017-Preiner-scholl-smt08/model/model_6_67.smt2
[DEBUG] Benchmark BV/2017-Preiner-scholl-smt08/model/model_6_67.smt2: solved=True, runtime=0.30s, PAR-2=0.30s
[DEBUG] Processing 366/832: BV/2017-Preiner-scholl-smt08/model/model_6_8.smt2
[DEBUG] Predicted solver: Z3alpha for benchmark BV/2017-Preiner-scholl-smt08/model/model_6_8.smt2
[DEBUG] Benchmark BV/2017-Preiner-scholl-smt08/model/model_6_8.smt2: solved=True, runtime=0.27s, PAR-2=0.27s
[DEBUG] Processing 367/832: BV/2017-Preiner-keymaera/intersection-example-onelane.proof-node6814.smt2
[DEBUG] Predicted solver: Z3alpha for benchmark BV/2017-Preiner-keymaera/intersection-example-onelane.proof-node6814.smt2
[DEBUG] Benchmark BV/2017-Preiner-keymaera/intersection-example-onelane.proof-node6814.smt2: solved=True, runtime=0.29s, PAR-2=0.29s
[DEBUG] Processing 368/832: BV/2018-Preiner-cav18/check_bvult_bvadd_64bit.smt2
[DEBUG] Predicted solver: YicesQS for benchmark BV/2018-Preiner-cav18/check_bvult_bvadd_64bit.smt2
[DEBUG] Benchmark BV/2018-Preiner-cav18/check_bvult_bvadd_64bit.smt2: solved=True, runtime=0.22s, PAR-2=0.22s
[DEBUG] Processing 369/832: BV/2017-Preiner-keymaera/intersection-example-simple.proof-node190475.smt2
[DEBUG] Predicted solver: cvc5 for benchmark BV/2017-Preiner-keymaera/intersection-example-simple.proof-node190475.smt2
[DEBUG] Benchmark BV/2017-Preiner-keymaera/intersection-example-simple.proof-node190475.smt2: solved=True, runtime=0.22s, PAR-2=0.22s
[DEBUG] Processing 370/832: BV/2020-Preiner-fmcad20/cons/check_cc_bvuge_x_s_4.smt2
[DEBUG] Predicted solver: SMTInterpol for benchmark BV/2020-Preiner-fmcad20/cons/check_cc_bvuge_x_s_4.smt2
[DEBUG] Benchmark BV/2020-Preiner-fmcad20/cons/check_cc_bvuge_x_s_4.smt2: solved=True, runtime=0.83s, PAR-2=0.83s
[DEBUG] Processing 371/832: BV/2017-Preiner-keymaera/intersection-example-simple.proof-node264965.smt2
[DEBUG] Predicted solver: cvc5 for benchmark BV/2017-Preiner-keymaera/intersection-example-simple.proof-node264965.smt2
[DEBUG] Benchmark BV/2017-Preiner-keymaera/intersection-example-simple.proof-node264965.smt2: solved=True, runtime=0.25s, PAR-2=0.25s
[DEBUG] Processing 372/832: BV/2017-Preiner-keymaera/intersection-example-simple.proof-node560442.smt2
[DEBUG] Predicted solver: cvc5 for benchmark BV/2017-Preiner-keymaera/intersection-example-simple.proof-node560442.smt2
[DEBUG] Benchmark BV/2017-Preiner-keymaera/intersection-example-simple.proof-node560442.smt2: solved=True, runtime=0.22s, PAR-2=0.22s
[DEBUG] Processing 373/832: BV/2017-Preiner-keymaera/intersection-example-simple.proof-node151408.smt2
[DEBUG] Predicted solver: cvc5 for benchmark BV/2017-Preiner-keymaera/intersection-example-simple.proof-node151408.smt2
[DEBUG] Benchmark BV/2017-Preiner-keymaera/intersection-example-simple.proof-node151408.smt2: solved=True, runtime=0.25s, PAR-2=0.25s
[DEBUG] Processing 374/832: BV/2017-Preiner-keymaera/intersection-example-onelane.proof-node5338.smt2
[DEBUG] Predicted solver: YicesQS for benchmark BV/2017-Preiner-keymaera/intersection-example-onelane.proof-node5338.smt2
[DEBUG] Benchmark BV/2017-Preiner-keymaera/intersection-example-onelane.proof-node5338.smt2: solved=True, runtime=0.25s, PAR-2=0.25s
[DEBUG] Processing 375/832: BV/20190429-UltimateAutomizerSvcomp2019/soft_float_4_true-unreach-call_true-no-overflow_true-termination.c.cil.c_2.smt2
[DEBUG] Predicted solver: SMTInterpol for benchmark BV/20190429-UltimateAutomizerSvcomp2019/soft_float_4_true-unreach-call_true-no-overflow_true-termination.c.cil.c_2.smt2
[DEBUG] Benchmark BV/20190429-UltimateAutomizerSvcomp2019/soft_float_4_true-unreach-call_true-no-overflow_true-termination.c.cil.c_2.smt2: solved=True, runtime=0.92s, PAR-2=0.92s
[DEBUG] Processing 376/832: BV/2018-Preiner-cav18/check_bvugt_bvshl1_64bit.smt2
[DEBUG] Predicted solver: Z3alpha for benchmark BV/2018-Preiner-cav18/check_bvugt_bvshl1_64bit.smt2
[DEBUG] Benchmark BV/2018-Preiner-cav18/check_bvugt_bvshl1_64bit.smt2: solved=True, runtime=3.09s, PAR-2=3.09s
[DEBUG] Processing 377/832: BV/2017-Preiner-keymaera/intersection-example-simple.proof-node363688.smt2
[DEBUG] Predicted solver: cvc5 for benchmark BV/2017-Preiner-keymaera/intersection-example-simple.proof-node363688.smt2
[DEBUG] Benchmark BV/2017-Preiner-keymaera/intersection-example-simple.proof-node363688.smt2: solved=True, runtime=0.25s, PAR-2=0.25s
[DEBUG] Processing 378/832: BV/20230321-UltimateAutomizerSvcomp2023/jain_6-1.c_6.smt2
[DEBUG] Predicted solver: YicesQS for benchmark BV/20230321-UltimateAutomizerSvcomp2023/jain_6-1.c_6.smt2
[DEBUG] Benchmark BV/20230321-UltimateAutomizerSvcomp2023/jain_6-1.c_6.smt2: solved=True, runtime=0.24s, PAR-2=0.24s
[DEBUG] Processing 379/832: BV/20170501-Heizmann-UltimateAutomizer/jain_6_true-unreach-call_true-no-overflow.i_459.smt2
[DEBUG] Predicted solver: SMTInterpol for benchmark BV/20170501-Heizmann-UltimateAutomizer/jain_6_true-unreach-call_true-no-overflow.i_459.smt2
[DEBUG] Benchmark BV/20170501-Heizmann-UltimateAutomizer/jain_6_true-unreach-call_true-no-overflow.i_459.smt2: solved=True, runtime=0.82s, PAR-2=0.82s
[DEBUG] Processing 380/832: BV/wintersteiger/fmsd13/fixpoint/AR-fixpoint-9.smt2
[DEBUG] Predicted solver: cvc5 for benchmark BV/wintersteiger/fmsd13/fixpoint/AR-fixpoint-9.smt2
[DEBUG] Benchmark BV/wintersteiger/fmsd13/fixpoint/AR-fixpoint-9.smt2: solved=True, runtime=0.23s, PAR-2=0.23s
[DEBUG] Processing 381/832: BV/20170501-Heizmann-UltimateAutomizer/jain_4_true-unreach-call_true-no-overflow.i_225.smt2
[DEBUG] Predicted solver: SMTInterpol for benchmark BV/20170501-Heizmann-UltimateAutomizer/jain_4_true-unreach-call_true-no-overflow.i_225.smt2
[DEBUG] Benchmark BV/20170501-Heizmann-UltimateAutomizer/jain_4_true-unreach-call_true-no-overflow.i_225.smt2: solved=True, runtime=0.66s, PAR-2=0.66s
[DEBUG] Processing 382/832: BV/2017-Preiner-keymaera/intersection-example-simple.proof-node704546.smt2
[DEBUG] Predicted solver: cvc5 for benchmark BV/2017-Preiner-keymaera/intersection-example-simple.proof-node704546.smt2
[DEBUG] Benchmark BV/2017-Preiner-keymaera/intersection-example-simple.proof-node704546.smt2: solved=True, runtime=0.22s, PAR-2=0.22s
[DEBUG] Processing 383/832: BV/20210330-PEak/no-extern-loop_sat_subset/medium2.smt2
[DEBUG] Predicted solver: Z3alpha for benchmark BV/20210330-PEak/no-extern-loop_sat_subset/medium2.smt2
[DEBUG] Benchmark BV/20210330-PEak/no-extern-loop_sat_subset/medium2.smt2: solved=True, runtime=0.49s, PAR-2=0.49s
[DEBUG] Processing 384/832: BV/wintersteiger/fmsd13/ranking/mmedia_gsm610_gsm610.c.smt2
[DEBUG] Predicted solver: SMTInterpol for benchmark BV/wintersteiger/fmsd13/ranking/mmedia_gsm610_gsm610.c.smt2
[DEBUG] Benchmark BV/wintersteiger/fmsd13/ranking/mmedia_gsm610_gsm610.c.smt2: solved=True, runtime=0.47s, PAR-2=0.47s
[DEBUG] Processing 385/832: BV/2017-Preiner-scholl-smt08/RND/RND_4_22.smt2
[DEBUG] Predicted solver: YicesQS for benchmark BV/2017-Preiner-scholl-smt08/RND/RND_4_22.smt2
[DEBUG] Benchmark BV/2017-Preiner-scholl-smt08/RND/RND_4_22.smt2: solved=True, runtime=18.97s, PAR-2=18.97s
[DEBUG] Processing 386/832: BV/2017-Preiner-keymaera/intersection-example-simple.proof-node386295.smt2
[DEBUG] Predicted solver: cvc5 for benchmark BV/2017-Preiner-keymaera/intersection-example-simple.proof-node386295.smt2
[DEBUG] Benchmark BV/2017-Preiner-keymaera/intersection-example-simple.proof-node386295.smt2: solved=True, runtime=0.23s, PAR-2=0.23s
[DEBUG] Processing 387/832: BV/2017-Preiner-keymaera/intersection-example-simple.proof-node529901.smt2
[DEBUG] Predicted solver: cvc5 for benchmark BV/2017-Preiner-keymaera/intersection-example-simple.proof-node529901.smt2
[DEBUG] Benchmark BV/2017-Preiner-keymaera/intersection-example-simple.proof-node529901.smt2: solved=True, runtime=0.22s, PAR-2=0.22s
[DEBUG] Processing 388/832: BV/2017-Preiner-scholl-smt08/model/model_5_9.smt2
[DEBUG] Predicted solver: SMTInterpol for benchmark BV/2017-Preiner-scholl-smt08/model/model_5_9.smt2
[DEBUG] Benchmark BV/2017-Preiner-scholl-smt08/model/model_5_9.smt2: solved=True, runtime=0.64s, PAR-2=0.64s
[DEBUG] Processing 389/832: BV/2017-Preiner-scholl-smt08/RNDPRE/RNDPRE_4_31.smt2
[DEBUG] Predicted solver: YicesQS for benchmark BV/2017-Preiner-scholl-smt08/RNDPRE/RNDPRE_4_31.smt2
[DEBUG] Benchmark BV/2017-Preiner-scholl-smt08/RNDPRE/RNDPRE_4_31.smt2: solved=False, runtime=1200.00s, PAR-2=2400.00s
[DEBUG] Processing 390/832: BV/20190429-UltimateAutomizerSvcomp2019/sum02_false-unreach-call_true-no-overflow.c_1.smt2
[DEBUG] Predicted solver: SMTInterpol for benchmark BV/20190429-UltimateAutomizerSvcomp2019/sum02_false-unreach-call_true-no-overflow.c_1.smt2
[DEBUG] Benchmark BV/20190429-UltimateAutomizerSvcomp2019/sum02_false-unreach-call_true-no-overflow.c_1.smt2: solved=True, runtime=0.56s, PAR-2=0.56s
[DEBUG] Processing 391/832: BV/wintersteiger/fmsd13/ranking/audio_sysfx_swap.cpp.smt2
[DEBUG] Predicted solver: SMTInterpol for benchmark BV/wintersteiger/fmsd13/ranking/audio_sysfx_swap.cpp.smt2
[DEBUG] Benchmark BV/wintersteiger/fmsd13/ranking/audio_sysfx_swap.cpp.smt2: solved=True, runtime=0.48s, PAR-2=0.48s
[DEBUG] Processing 392/832: BV/2018-Preiner-cav18/check_bvuge_bvconcat0_64_64bit.smt2
[DEBUG] Predicted solver: SMTInterpol for benchmark BV/2018-Preiner-cav18/check_bvuge_bvconcat0_64_64bit.smt2
[DEBUG] Benchmark BV/2018-Preiner-cav18/check_bvuge_bvconcat0_64_64bit.smt2: solved=True, runtime=0.48s, PAR-2=0.48s
[DEBUG] Processing 393/832: BV/2017-Preiner-keymaera/intersection-example-simple.proof-node559637.smt2
[DEBUG] Predicted solver: cvc5 for benchmark BV/2017-Preiner-keymaera/intersection-example-simple.proof-node559637.smt2
[DEBUG] Benchmark BV/2017-Preiner-keymaera/intersection-example-simple.proof-node559637.smt2: solved=True, runtime=0.22s, PAR-2=0.22s
[DEBUG] Processing 394/832: BV/2017-Preiner-keymaera/intersection-example-simple.proof-node264307.smt2
[DEBUG] Predicted solver: cvc5 for benchmark BV/2017-Preiner-keymaera/intersection-example-simple.proof-node264307.smt2
[DEBUG] Benchmark BV/2017-Preiner-keymaera/intersection-example-simple.proof-node264307.smt2: solved=True, runtime=0.27s, PAR-2=0.27s
[DEBUG] Processing 395/832: BV/2017-Preiner-scholl-smt08/model/model_5_35.smt2
[DEBUG] Predicted solver: YicesQS for benchmark BV/2017-Preiner-scholl-smt08/model/model_5_35.smt2
[DEBUG] Benchmark BV/2017-Preiner-scholl-smt08/model/model_5_35.smt2: solved=True, runtime=0.53s, PAR-2=0.53s
[DEBUG] Processing 396/832: BV/2020-Preiner-fmcad20/inv/check_ic_concat_s_x_32.smt2
[DEBUG] Predicted solver: Z3alpha for benchmark BV/2020-Preiner-fmcad20/inv/check_ic_concat_s_x_32.smt2
[DEBUG] Benchmark BV/2020-Preiner-fmcad20/inv/check_ic_concat_s_x_32.smt2: solved=True, runtime=0.27s, PAR-2=0.27s
[DEBUG] Processing 397/832: BV/20230321-UltimateAutomizerSvcomp2023/btor2c-eagerMod.bakery.1.prop1-func-interl.c_4.smt2
[DEBUG] Predicted solver: Bitwuzla for benchmark BV/20230321-UltimateAutomizerSvcomp2023/btor2c-eagerMod.bakery.1.prop1-func-interl.c_4.smt2
[DEBUG] Benchmark BV/20230321-UltimateAutomizerSvcomp2023/btor2c-eagerMod.bakery.1.prop1-func-interl.c_4.smt2: solved=True, runtime=0.26s, PAR-2=0.26s
[DEBUG] Processing 398/832: BV/wintersteiger/fmsd13/ranking/network_ndis_rtlnwifi_hw_hw_ccmp.c.smt2
[DEBUG] Predicted solver: SMTInterpol for benchmark BV/wintersteiger/fmsd13/ranking/network_ndis_rtlnwifi_hw_hw_ccmp.c.smt2
[DEBUG] Benchmark BV/wintersteiger/fmsd13/ranking/network_ndis_rtlnwifi_hw_hw_ccmp.c.smt2: solved=True, runtime=0.48s, PAR-2=0.48s
[DEBUG] Processing 399/832: BV/2017-Preiner-keymaera/intersection-example-simple.proof-node368539.smt2
[DEBUG] Predicted solver: cvc5 for benchmark BV/2017-Preiner-keymaera/intersection-example-simple.proof-node368539.smt2
[DEBUG] Benchmark BV/2017-Preiner-keymaera/intersection-example-simple.proof-node368539.smt2: solved=True, runtime=0.23s, PAR-2=0.23s
[DEBUG] Processing 400/832: BV/20230321-UltimateAutomizerSvcomp2023/linear-inequality-inv-a.c_6.smt2
[DEBUG] Predicted solver: SMTInterpol for benchmark BV/20230321-UltimateAutomizerSvcomp2023/linear-inequality-inv-a.c_6.smt2
[DEBUG] Benchmark BV/20230321-UltimateAutomizerSvcomp2023/linear-inequality-inv-a.c_6.smt2: solved=True, runtime=0.52s, PAR-2=0.52s
[DEBUG] Processing 401/832: BV/2018-Preiner-cav18/check_bvuge_bvconcat0_34_32bit.smt2
[DEBUG] Predicted solver: SMTInterpol for benchmark BV/2018-Preiner-cav18/check_bvuge_bvconcat0_34_32bit.smt2
[DEBUG] Benchmark BV/2018-Preiner-cav18/check_bvuge_bvconcat0_34_32bit.smt2: solved=True, runtime=0.45s, PAR-2=0.45s
[DEBUG] Processing 402/832: BV/wintersteiger/fmsd13/ranking/audio_ac97_common.cpp.smt2
[DEBUG] Predicted solver: SMTInterpol for benchmark BV/wintersteiger/fmsd13/ranking/audio_ac97_common.cpp.smt2
[DEBUG] Benchmark BV/wintersteiger/fmsd13/ranking/audio_ac97_common.cpp.smt2: solved=True, runtime=0.53s, PAR-2=0.53s
[DEBUG] Processing 403/832: BV/2017-Preiner-keymaera/intersection-example-onelane.proof-node54859.smt2
[DEBUG] Predicted solver: YicesQS for benchmark BV/2017-Preiner-keymaera/intersection-example-onelane.proof-node54859.smt2
[DEBUG] Benchmark BV/2017-Preiner-keymaera/intersection-example-onelane.proof-node54859.smt2: solved=True, runtime=0.26s, PAR-2=0.26s
[DEBUG] Processing 404/832: BV/2017-Preiner-scholl-smt08/RNDPRE/RNDPRE_4_41.smt2
[DEBUG] Predicted solver: YicesQS for benchmark BV/2017-Preiner-scholl-smt08/RNDPRE/RNDPRE_4_41.smt2
[DEBUG] Benchmark BV/2017-Preiner-scholl-smt08/RNDPRE/RNDPRE_4_41.smt2: solved=False, runtime=1200.00s, PAR-2=2400.00s
[DEBUG] Processing 405/832: BV/2018-Preiner-cav18/check_bvugt_bvlshr1_64bit.smt2
[DEBUG] Predicted solver: SMTInterpol for benchmark BV/2018-Preiner-cav18/check_bvugt_bvlshr1_64bit.smt2
[DEBUG] Benchmark BV/2018-Preiner-cav18/check_bvugt_bvlshr1_64bit.smt2: solved=True, runtime=0.95s, PAR-2=0.95s
[DEBUG] Processing 406/832: BV/2017-Preiner-scholl-smt08/RND/RND_3_30.smt2
[DEBUG] Predicted solver: YicesQS for benchmark BV/2017-Preiner-scholl-smt08/RND/RND_3_30.smt2
[DEBUG] Benchmark BV/2017-Preiner-scholl-smt08/RND/RND_3_30.smt2: solved=False, runtime=1200.00s, PAR-2=2400.00s
[DEBUG] Processing 407/832: BV/2018-Preiner-cav18/check_bvuge_bvurem0_32bit.smt2
[DEBUG] Predicted solver: SMTInterpol for benchmark BV/2018-Preiner-cav18/check_bvuge_bvurem0_32bit.smt2
[DEBUG] Benchmark BV/2018-Preiner-cav18/check_bvuge_bvurem0_32bit.smt2: solved=True, runtime=0.52s, PAR-2=0.52s
[DEBUG] Processing 408/832: BV/2017-Preiner-keymaera/intersection-example-simple.proof-node365878.smt2
[DEBUG] Predicted solver: cvc5 for benchmark BV/2017-Preiner-keymaera/intersection-example-simple.proof-node365878.smt2
[DEBUG] Benchmark BV/2017-Preiner-keymaera/intersection-example-simple.proof-node365878.smt2: solved=True, runtime=0.24s, PAR-2=0.24s
[DEBUG] Processing 409/832: BV/20190429-UltimateAutomizerSvcomp2019/jain_6_true-unreach-call_true-no-overflow_false-termination.i_16.smt2
[DEBUG] Predicted solver: SMTInterpol for benchmark BV/20190429-UltimateAutomizerSvcomp2019/jain_6_true-unreach-call_true-no-overflow_false-termination.i_16.smt2
[DEBUG] Benchmark BV/20190429-UltimateAutomizerSvcomp2019/jain_6_true-unreach-call_true-no-overflow_false-termination.i_16.smt2: solved=True, runtime=0.47s, PAR-2=0.47s
[DEBUG] Processing 410/832: BV/20170501-Heizmann-UltimateAutomizer/jain_7_true-unreach-call_true-no-overflow.i_475.smt2
[DEBUG] Predicted solver: SMTInterpol for benchmark BV/20170501-Heizmann-UltimateAutomizer/jain_7_true-unreach-call_true-no-overflow.i_475.smt2
[DEBUG] Benchmark BV/20170501-Heizmann-UltimateAutomizer/jain_7_true-unreach-call_true-no-overflow.i_475.smt2: solved=True, runtime=0.55s, PAR-2=0.55s
[DEBUG] Processing 411/832: BV/2017-Preiner-scholl-smt08/model/model_5_10.smt2
[DEBUG] Predicted solver: SMTInterpol for benchmark BV/2017-Preiner-scholl-smt08/model/model_5_10.smt2
[DEBUG] Benchmark BV/2017-Preiner-scholl-smt08/model/model_5_10.smt2: solved=True, runtime=0.69s, PAR-2=0.69s
[DEBUG] Processing 412/832: BV/2020-Preiner-fmcad20/cons/check_cc_bvlshr_s_x_4.smt2
[DEBUG] Predicted solver: SMTInterpol for benchmark BV/2020-Preiner-fmcad20/cons/check_cc_bvlshr_s_x_4.smt2
[DEBUG] Benchmark BV/2020-Preiner-fmcad20/cons/check_cc_bvlshr_s_x_4.smt2: solved=True, runtime=2.95s, PAR-2=2.95s
[DEBUG] Processing 413/832: BV/2018-Preiner-cav18/check_bvsge_bvudiv0_32bit.smt2
[DEBUG] Predicted solver: SMTInterpol for benchmark BV/2018-Preiner-cav18/check_bvsge_bvudiv0_32bit.smt2
[DEBUG] Benchmark BV/2018-Preiner-cav18/check_bvsge_bvudiv0_32bit.smt2: solved=True, runtime=0.57s, PAR-2=0.57s
[DEBUG] Processing 414/832: BV/2017-Preiner-scholl-smt08/RND/RND_6_21.smt2
[DEBUG] Predicted solver: Z3alpha for benchmark BV/2017-Preiner-scholl-smt08/RND/RND_6_21.smt2
[DEBUG] Benchmark BV/2017-Preiner-scholl-smt08/RND/RND_6_21.smt2: solved=True, runtime=1.14s, PAR-2=1.14s
[DEBUG] Processing 415/832: BV/2017-Preiner-keymaera/intersection-example-simple.proof-node174997.smt2
[DEBUG] Predicted solver: cvc5 for benchmark BV/2017-Preiner-keymaera/intersection-example-simple.proof-node174997.smt2
[DEBUG] Benchmark BV/2017-Preiner-keymaera/intersection-example-simple.proof-node174997.smt2: solved=True, runtime=0.22s, PAR-2=0.22s
[DEBUG] Processing 416/832: BV/2017-Preiner-keymaera/intersection-example-simple.proof-node551039.smt2
[DEBUG] Predicted solver: cvc5 for benchmark BV/2017-Preiner-keymaera/intersection-example-simple.proof-node551039.smt2
[DEBUG] Benchmark BV/2017-Preiner-keymaera/intersection-example-simple.proof-node551039.smt2: solved=True, runtime=0.22s, PAR-2=0.22s
[DEBUG] Processing 417/832: BV/2017-Preiner-keymaera/dccs-example-node6709-new.smt2
[DEBUG] Predicted solver: YicesQS for benchmark BV/2017-Preiner-keymaera/dccs-example-node6709-new.smt2
[DEBUG] Benchmark BV/2017-Preiner-keymaera/dccs-example-node6709-new.smt2: solved=True, runtime=0.31s, PAR-2=0.31s
[DEBUG] Processing 418/832: BV/2020-Preiner-fmcad20/inv/check_ic_bvurem_x_s_64.smt2
[DEBUG] Predicted solver: Z3alpha for benchmark BV/2020-Preiner-fmcad20/inv/check_ic_bvurem_x_s_64.smt2
[DEBUG] Benchmark BV/2020-Preiner-fmcad20/inv/check_ic_bvurem_x_s_64.smt2: solved=False, runtime=1200.00s, PAR-2=2400.00s
[DEBUG] Processing 419/832: BV/2020-Preiner-fmcad20/cons/check_cc_bvshl_x_s_32.smt2
[DEBUG] Predicted solver: Z3alpha for benchmark BV/2020-Preiner-fmcad20/cons/check_cc_bvshl_x_s_32.smt2
[DEBUG] Benchmark BV/2020-Preiner-fmcad20/cons/check_cc_bvshl_x_s_32.smt2: solved=False, runtime=1200.00s, PAR-2=2400.00s
[DEBUG] Processing 420/832: BV/wintersteiger/fmsd13/ranking/hid_hclient_ecdisp.c.smt2
[DEBUG] Predicted solver: SMTInterpol for benchmark BV/wintersteiger/fmsd13/ranking/hid_hclient_ecdisp.c.smt2
[DEBUG] Benchmark BV/wintersteiger/fmsd13/ranking/hid_hclient_ecdisp.c.smt2: solved=True, runtime=0.49s, PAR-2=0.49s
[DEBUG] Processing 421/832: BV/2017-Preiner-keymaera/intersection-example-simple.proof-node694990.smt2
[DEBUG] Predicted solver: cvc5 for benchmark BV/2017-Preiner-keymaera/intersection-example-simple.proof-node694990.smt2
[DEBUG] Benchmark BV/2017-Preiner-keymaera/intersection-example-simple.proof-node694990.smt2: solved=True, runtime=0.24s, PAR-2=0.24s
[DEBUG] Processing 422/832: BV/2017-Preiner-keymaera/intersection-example-simple.proof-node392708.smt2
[DEBUG] Predicted solver: cvc5 for benchmark BV/2017-Preiner-keymaera/intersection-example-simple.proof-node392708.smt2
[DEBUG] Benchmark BV/2017-Preiner-keymaera/intersection-example-simple.proof-node392708.smt2: solved=True, runtime=0.22s, PAR-2=0.22s
[DEBUG] Processing 423/832: BV/20170501-Heizmann-UltimateAutomizer/jain_7_true-unreach-call_true-no-overflow.i_382.smt2
[DEBUG] Predicted solver: SMTInterpol for benchmark BV/20170501-Heizmann-UltimateAutomizer/jain_7_true-unreach-call_true-no-overflow.i_382.smt2
[DEBUG] Benchmark BV/20170501-Heizmann-UltimateAutomizer/jain_7_true-unreach-call_true-no-overflow.i_382.smt2: solved=True, runtime=0.54s, PAR-2=0.54s
[DEBUG] Processing 424/832: BV/2017-Preiner-keymaera/intersection-example-simple.proof-node369759.smt2
[DEBUG] Predicted solver: cvc5 for benchmark BV/2017-Preiner-keymaera/intersection-example-simple.proof-node369759.smt2
[DEBUG] Benchmark BV/2017-Preiner-keymaera/intersection-example-simple.proof-node369759.smt2: solved=True, runtime=0.23s, PAR-2=0.23s
[DEBUG] Processing 425/832: BV/2020-Preiner-fmcad20/inv/check_ic_bvuge_x_s_64.smt2
[DEBUG] Predicted solver: Z3alpha for benchmark BV/2020-Preiner-fmcad20/inv/check_ic_bvuge_x_s_64.smt2
[DEBUG] Benchmark BV/2020-Preiner-fmcad20/inv/check_ic_bvuge_x_s_64.smt2: solved=True, runtime=1.01s, PAR-2=1.01s
[DEBUG] Processing 426/832: BV/2017-Preiner-keymaera/intersection-example-simple.proof-node57081.smt2
[DEBUG] Predicted solver: cvc5 for benchmark BV/2017-Preiner-keymaera/intersection-example-simple.proof-node57081.smt2
[DEBUG] Benchmark BV/2017-Preiner-keymaera/intersection-example-simple.proof-node57081.smt2: solved=True, runtime=0.22s, PAR-2=0.22s
[DEBUG] Processing 427/832: BV/2017-Preiner-scholl-smt08/RNDPRE/RNDPRE_4_30.smt2
[DEBUG] Predicted solver: YicesQS for benchmark BV/2017-Preiner-scholl-smt08/RNDPRE/RNDPRE_4_30.smt2
[DEBUG] Benchmark BV/2017-Preiner-scholl-smt08/RNDPRE/RNDPRE_4_30.smt2: solved=True, runtime=2.56s, PAR-2=2.56s
[DEBUG] Processing 428/832: BV/2017-Preiner-scholl-smt08/RNDPRE/RNDPRE_4_59.smt2
[DEBUG] Predicted solver: YicesQS for benchmark BV/2017-Preiner-scholl-smt08/RNDPRE/RNDPRE_4_59.smt2
[DEBUG] Benchmark BV/2017-Preiner-scholl-smt08/RNDPRE/RNDPRE_4_59.smt2: solved=True, runtime=114.22s, PAR-2=114.22s
[DEBUG] Processing 429/832: BV/2017-Preiner-scholl-smt08/model/model_6_21.smt2
[DEBUG] Predicted solver: YicesQS for benchmark BV/2017-Preiner-scholl-smt08/model/model_6_21.smt2
[DEBUG] Benchmark BV/2017-Preiner-scholl-smt08/model/model_6_21.smt2: solved=True, runtime=0.24s, PAR-2=0.24s
[DEBUG] Processing 430/832: BV/2020-Preiner-fmcad20/inv/check_ic_bvmul_x_s_4.smt2
[DEBUG] Predicted solver: SMTInterpol for benchmark BV/2020-Preiner-fmcad20/inv/check_ic_bvmul_x_s_4.smt2
[DEBUG] Benchmark BV/2020-Preiner-fmcad20/inv/check_ic_bvmul_x_s_4.smt2: solved=True, runtime=2.35s, PAR-2=2.35s
[DEBUG] Processing 431/832: BV/20230321-UltimateAutomizerSvcomp2023/soft_float_4-2.c.cil.c_10.smt2
[DEBUG] Predicted solver: SMTInterpol for benchmark BV/20230321-UltimateAutomizerSvcomp2023/soft_float_4-2.c.cil.c_10.smt2
[DEBUG] Benchmark BV/20230321-UltimateAutomizerSvcomp2023/soft_float_4-2.c.cil.c_10.smt2: solved=True, runtime=0.88s, PAR-2=0.88s
[DEBUG] Processing 432/832: BV/2020-Preiner-fmcad20/inv/check_ic_bvslt_x_s_64.smt2
[DEBUG] Predicted solver: Z3alpha for benchmark BV/2020-Preiner-fmcad20/inv/check_ic_bvslt_x_s_64.smt2
[DEBUG] Benchmark BV/2020-Preiner-fmcad20/inv/check_ic_bvslt_x_s_64.smt2: solved=True, runtime=1.22s, PAR-2=1.22s
[DEBUG] Processing 433/832: BV/2017-Preiner-psyco/094.smt2
[DEBUG] Predicted solver: Z3alpha for benchmark BV/2017-Preiner-psyco/094.smt2
[DEBUG] Benchmark BV/2017-Preiner-psyco/094.smt2: solved=True, runtime=0.35s, PAR-2=0.35s
[DEBUG] Processing 434/832: BV/2017-Preiner-scholl-smt08/RNDPRE/RNDPRE_4_12.smt2
[DEBUG] Predicted solver: YicesQS for benchmark BV/2017-Preiner-scholl-smt08/RNDPRE/RNDPRE_4_12.smt2
[DEBUG] Benchmark BV/2017-Preiner-scholl-smt08/RNDPRE/RNDPRE_4_12.smt2: solved=False, runtime=1200.00s, PAR-2=2400.00s
[DEBUG] Processing 435/832: BV/2018-Preiner-cav18/check_bvsgt_bvconcat1_64_64bit.smt2
[DEBUG] Predicted solver: YicesQS for benchmark BV/2018-Preiner-cav18/check_bvsgt_bvconcat1_64_64bit.smt2
[DEBUG] Benchmark BV/2018-Preiner-cav18/check_bvsgt_bvconcat1_64_64bit.smt2: solved=True, runtime=0.32s, PAR-2=0.32s
[DEBUG] Processing 436/832: BV/2017-Preiner-keymaera/binary_driver-2007-10-09-node8745.smt2
[DEBUG] Predicted solver: YicesQS for benchmark BV/2017-Preiner-keymaera/binary_driver-2007-10-09-node8745.smt2
[DEBUG] Benchmark BV/2017-Preiner-keymaera/binary_driver-2007-10-09-node8745.smt2: solved=True, runtime=0.35s, PAR-2=0.35s
[DEBUG] Processing 437/832: BV/2017-Preiner-psyco/133.smt2
[DEBUG] Predicted solver: cvc5 for benchmark BV/2017-Preiner-psyco/133.smt2
[DEBUG] Benchmark BV/2017-Preiner-psyco/133.smt2: solved=True, runtime=0.36s, PAR-2=0.36s
[DEBUG] Processing 438/832: BV/2017-Preiner-scholl-smt08/RNDPRE/RNDPRE_3_20.smt2
[DEBUG] Predicted solver: Bitwuzla for benchmark BV/2017-Preiner-scholl-smt08/RNDPRE/RNDPRE_3_20.smt2
[DEBUG] Benchmark BV/2017-Preiner-scholl-smt08/RNDPRE/RNDPRE_3_20.smt2: solved=True, runtime=0.52s, PAR-2=0.52s
[DEBUG] Processing 439/832: BV/2020-Preiner-fmcad20/cons/check_cc_bvshl_x_s_64.smt2
[DEBUG] Predicted solver: Z3alpha for benchmark BV/2020-Preiner-fmcad20/cons/check_cc_bvshl_x_s_64.smt2
[DEBUG] Benchmark BV/2020-Preiner-fmcad20/cons/check_cc_bvshl_x_s_64.smt2: solved=True, runtime=385.66s, PAR-2=385.66s
[DEBUG] Processing 440/832: BV/2017-Preiner-keymaera/intersection-example-onelane.proof-node24127.smt2
[DEBUG] Predicted solver: YicesQS for benchmark BV/2017-Preiner-keymaera/intersection-example-onelane.proof-node24127.smt2
[DEBUG] Benchmark BV/2017-Preiner-keymaera/intersection-example-onelane.proof-node24127.smt2: solved=True, runtime=0.24s, PAR-2=0.24s
[DEBUG] Processing 441/832: BV/2017-Preiner-keymaera/intersection-example-onelane.proof-node5607.smt2
[DEBUG] Predicted solver: YicesQS for benchmark BV/2017-Preiner-keymaera/intersection-example-onelane.proof-node5607.smt2
[DEBUG] Benchmark BV/2017-Preiner-keymaera/intersection-example-onelane.proof-node5607.smt2: solved=True, runtime=0.28s, PAR-2=0.28s
[DEBUG] Processing 442/832: BV/2017-Preiner-keymaera/intersection-example-simple.proof-node287914.smt2
[DEBUG] Predicted solver: cvc5 for benchmark BV/2017-Preiner-keymaera/intersection-example-simple.proof-node287914.smt2
[DEBUG] Benchmark BV/2017-Preiner-keymaera/intersection-example-simple.proof-node287914.smt2: solved=True, runtime=0.22s, PAR-2=0.22s
[DEBUG] Processing 443/832: BV/20230321-UltimateAutomizerSvcomp2023/btor2c-lazyMod.fischer.1.prop1-back-serstep.c_2.smt2
[DEBUG] Predicted solver: cvc5 for benchmark BV/20230321-UltimateAutomizerSvcomp2023/btor2c-lazyMod.fischer.1.prop1-back-serstep.c_2.smt2
[DEBUG] Benchmark BV/20230321-UltimateAutomizerSvcomp2023/btor2c-lazyMod.fischer.1.prop1-back-serstep.c_2.smt2: solved=True, runtime=0.27s, PAR-2=0.27s
[DEBUG] Processing 444/832: BV/2017-Preiner-psyco/190.smt2
[DEBUG] Predicted solver: YicesQS for benchmark BV/2017-Preiner-psyco/190.smt2
[DEBUG] Benchmark BV/2017-Preiner-psyco/190.smt2: solved=True, runtime=0.37s, PAR-2=0.37s
[DEBUG] Processing 445/832: BV/2020-Preiner-fmcad20/inv/check_ic_bvshl_s_x_64.smt2
[DEBUG] Predicted solver: Z3alpha for benchmark BV/2020-Preiner-fmcad20/inv/check_ic_bvshl_s_x_64.smt2
[DEBUG] Benchmark BV/2020-Preiner-fmcad20/inv/check_ic_bvshl_s_x_64.smt2: solved=True, runtime=445.56s, PAR-2=445.56s
[DEBUG] Processing 446/832: BV/2018-Preiner-cav18/check_bvsge_bvurem0_32bit.smt2
[DEBUG] Predicted solver: SMTInterpol for benchmark BV/2018-Preiner-cav18/check_bvsge_bvurem0_32bit.smt2
[DEBUG] Benchmark BV/2018-Preiner-cav18/check_bvsge_bvurem0_32bit.smt2: solved=True, runtime=0.49s, PAR-2=0.49s
[DEBUG] Processing 447/832: BV/2018-Preiner-cav18/check_bvugt_bvudiv1_64bit.smt2
[DEBUG] Predicted solver: SMTInterpol for benchmark BV/2018-Preiner-cav18/check_bvugt_bvudiv1_64bit.smt2
[DEBUG] Benchmark BV/2018-Preiner-cav18/check_bvugt_bvudiv1_64bit.smt2: solved=True, runtime=0.54s, PAR-2=0.54s
[DEBUG] Processing 448/832: BV/2017-Preiner-keymaera/intersection-example-simple.proof-node253609.smt2
[DEBUG] Predicted solver: cvc5 for benchmark BV/2017-Preiner-keymaera/intersection-example-simple.proof-node253609.smt2
[DEBUG] Benchmark BV/2017-Preiner-keymaera/intersection-example-simple.proof-node253609.smt2: solved=True, runtime=0.25s, PAR-2=0.25s
[DEBUG] Processing 449/832: BV/2020-Preiner-fmcad20/cons/check_cc_bvlshr_s_x_32.smt2
[DEBUG] Predicted solver: Z3alpha for benchmark BV/2020-Preiner-fmcad20/cons/check_cc_bvlshr_s_x_32.smt2
[DEBUG] Benchmark BV/2020-Preiner-fmcad20/cons/check_cc_bvlshr_s_x_32.smt2: solved=True, runtime=6.28s, PAR-2=6.28s
[DEBUG] Processing 450/832: BV/2017-Preiner-keymaera/intersection-example-simple.proof-node74776.smt2
[DEBUG] Predicted solver: cvc5 for benchmark BV/2017-Preiner-keymaera/intersection-example-simple.proof-node74776.smt2
[DEBUG] Benchmark BV/2017-Preiner-keymaera/intersection-example-simple.proof-node74776.smt2: solved=True, runtime=0.22s, PAR-2=0.22s
[DEBUG] Processing 451/832: BV/2018-Preiner-cav18/check_eq_bvadd_32bit.smt2
[DEBUG] Predicted solver: SMTInterpol for benchmark BV/2018-Preiner-cav18/check_eq_bvadd_32bit.smt2
[DEBUG] Benchmark BV/2018-Preiner-cav18/check_eq_bvadd_32bit.smt2: solved=True, runtime=0.44s, PAR-2=0.44s
[DEBUG] Processing 452/832: BV/2017-Preiner-keymaera/intersection-example-simple.proof-node488451.smt2
[DEBUG] Predicted solver: cvc5 for benchmark BV/2017-Preiner-keymaera/intersection-example-simple.proof-node488451.smt2
[DEBUG] Benchmark BV/2017-Preiner-keymaera/intersection-example-simple.proof-node488451.smt2: solved=True, runtime=0.22s, PAR-2=0.22s
[DEBUG] Processing 453/832: BV/2017-Preiner-scholl-smt08/RND/RND_6_27.smt2
[DEBUG] Predicted solver: YicesQS for benchmark BV/2017-Preiner-scholl-smt08/RND/RND_6_27.smt2
[DEBUG] Benchmark BV/2017-Preiner-scholl-smt08/RND/RND_6_27.smt2: solved=True, runtime=0.48s, PAR-2=0.48s
[DEBUG] Processing 454/832: BV/2017-Preiner-keymaera/bouncing-ball-simple-node5980.smt2
[DEBUG] Predicted solver: SMTInterpol for benchmark BV/2017-Preiner-keymaera/bouncing-ball-simple-node5980.smt2
[DEBUG] Benchmark BV/2017-Preiner-keymaera/bouncing-ball-simple-node5980.smt2: solved=True, runtime=0.55s, PAR-2=0.55s
[DEBUG] Processing 455/832: BV/2017-Preiner-scholl-smt08/RND/RND_4_3.smt2
[DEBUG] Predicted solver: Z3alpha for benchmark BV/2017-Preiner-scholl-smt08/RND/RND_4_3.smt2
[DEBUG] Benchmark BV/2017-Preiner-scholl-smt08/RND/RND_4_3.smt2: solved=True, runtime=0.27s, PAR-2=0.27s
[DEBUG] Processing 456/832: BV/2017-Preiner-psyco/034.smt2
[DEBUG] Predicted solver: YicesQS for benchmark BV/2017-Preiner-psyco/034.smt2
[DEBUG] Benchmark BV/2017-Preiner-psyco/034.smt2: solved=True, runtime=0.56s, PAR-2=0.56s
[DEBUG] Processing 457/832: BV/2018-Preiner-cav18/check_bvsgt_bvurem0_32bit.smt2
[DEBUG] Predicted solver: SMTInterpol for benchmark BV/2018-Preiner-cav18/check_bvsgt_bvurem0_32bit.smt2
[DEBUG] Benchmark BV/2018-Preiner-cav18/check_bvsgt_bvurem0_32bit.smt2: solved=True, runtime=0.53s, PAR-2=0.53s
[DEBUG] Processing 458/832: BV/2018-Preiner-cav18/check_bvsgt_bvand_32bit.smt2
[DEBUG] Predicted solver: SMTInterpol for benchmark BV/2018-Preiner-cav18/check_bvsgt_bvand_32bit.smt2
[DEBUG] Benchmark BV/2018-Preiner-cav18/check_bvsgt_bvand_32bit.smt2: solved=True, runtime=1.27s, PAR-2=1.27s
[DEBUG] Processing 459/832: BV/2017-Preiner-keymaera/intersection-example-simple.proof-node189374.smt2
[DEBUG] Predicted solver: cvc5 for benchmark BV/2017-Preiner-keymaera/intersection-example-simple.proof-node189374.smt2
[DEBUG] Benchmark BV/2017-Preiner-keymaera/intersection-example-simple.proof-node189374.smt2: solved=True, runtime=0.23s, PAR-2=0.23s
[DEBUG] Processing 460/832: BV/2017-Preiner-keymaera/intersection-example-simple.proof-node195048.smt2
[DEBUG] Predicted solver: cvc5 for benchmark BV/2017-Preiner-keymaera/intersection-example-simple.proof-node195048.smt2
[DEBUG] Benchmark BV/2017-Preiner-keymaera/intersection-example-simple.proof-node195048.smt2: solved=True, runtime=0.23s, PAR-2=0.23s
[DEBUG] Processing 461/832: BV/2020-Preiner-fmcad20/inv/check_ic_bvsge_x_s_64.smt2
[DEBUG] Predicted solver: Z3alpha for benchmark BV/2020-Preiner-fmcad20/inv/check_ic_bvsge_x_s_64.smt2
[DEBUG] Benchmark BV/2020-Preiner-fmcad20/inv/check_ic_bvsge_x_s_64.smt2: solved=True, runtime=2.18s, PAR-2=2.18s
[DEBUG] Processing 462/832: BV/2017-Preiner-keymaera/intersection-example-simple.proof-node631276.smt2
[DEBUG] Predicted solver: cvc5 for benchmark BV/2017-Preiner-keymaera/intersection-example-simple.proof-node631276.smt2
[DEBUG] Benchmark BV/2017-Preiner-keymaera/intersection-example-simple.proof-node631276.smt2: solved=True, runtime=0.25s, PAR-2=0.25s
[DEBUG] Processing 463/832: BV/2017-Preiner-scholl-smt08/model/model_6_15.smt2
[DEBUG] Predicted solver: Z3alpha for benchmark BV/2017-Preiner-scholl-smt08/model/model_6_15.smt2
[DEBUG] Benchmark BV/2017-Preiner-scholl-smt08/model/model_6_15.smt2: solved=True, runtime=0.30s, PAR-2=0.30s
[DEBUG] Processing 464/832: BV/2017-Preiner-keymaera/intersection-example-simple.proof-node190266.smt2
[DEBUG] Predicted solver: cvc5 for benchmark BV/2017-Preiner-keymaera/intersection-example-simple.proof-node190266.smt2
[DEBUG] Benchmark BV/2017-Preiner-keymaera/intersection-example-simple.proof-node190266.smt2: solved=True, runtime=0.25s, PAR-2=0.25s
[DEBUG] Processing 465/832: BV/2017-Preiner-scholl-smt08/RNDPRE/RNDPRE_4_16.smt2
[DEBUG] Predicted solver: YicesQS for benchmark BV/2017-Preiner-scholl-smt08/RNDPRE/RNDPRE_4_16.smt2
[DEBUG] Benchmark BV/2017-Preiner-scholl-smt08/RNDPRE/RNDPRE_4_16.smt2: solved=True, runtime=702.57s, PAR-2=702.57s
[DEBUG] Processing 466/832: BV/2018-Preiner-cav18/check_bvugt_bvconcat1_64_64bit.smt2
[DEBUG] Predicted solver: YicesQS for benchmark BV/2018-Preiner-cav18/check_bvugt_bvconcat1_64_64bit.smt2
[DEBUG] Benchmark BV/2018-Preiner-cav18/check_bvugt_bvconcat1_64_64bit.smt2: solved=True, runtime=0.34s, PAR-2=0.34s
[DEBUG] Processing 467/832: BV/2017-Preiner-keymaera/intersection-example-onelane.proof-node43393.smt2
[DEBUG] Predicted solver: YicesQS for benchmark BV/2017-Preiner-keymaera/intersection-example-onelane.proof-node43393.smt2
[DEBUG] Benchmark BV/2017-Preiner-keymaera/intersection-example-onelane.proof-node43393.smt2: solved=True, runtime=0.25s, PAR-2=0.25s
[DEBUG] Processing 468/832: BV/20170501-Heizmann-UltimateAutomizer/jain_2_true-unreach-call_true-no-overflow.i_464.smt2
[DEBUG] Predicted solver: SMTInterpol for benchmark BV/20170501-Heizmann-UltimateAutomizer/jain_2_true-unreach-call_true-no-overflow.i_464.smt2
[DEBUG] Benchmark BV/20170501-Heizmann-UltimateAutomizer/jain_2_true-unreach-call_true-no-overflow.i_464.smt2: solved=True, runtime=0.70s, PAR-2=0.70s
[DEBUG] Processing 469/832: BV/2017-Preiner-keymaera/intersection-example-simple.proof-node717892.smt2
[DEBUG] Predicted solver: cvc5 for benchmark BV/2017-Preiner-keymaera/intersection-example-simple.proof-node717892.smt2
[DEBUG] Benchmark BV/2017-Preiner-keymaera/intersection-example-simple.proof-node717892.smt2: solved=True, runtime=0.25s, PAR-2=0.25s
[DEBUG] Processing 470/832: BV/2017-Preiner-keymaera/intersection-example-simple.proof-node490353.smt2
[DEBUG] Predicted solver: cvc5 for benchmark BV/2017-Preiner-keymaera/intersection-example-simple.proof-node490353.smt2
[DEBUG] Benchmark BV/2017-Preiner-keymaera/intersection-example-simple.proof-node490353.smt2: solved=True, runtime=0.22s, PAR-2=0.22s
[DEBUG] Processing 471/832: BV/2017-Preiner-keymaera/ETCS-essentials-live2.proof-node640.smt2
[DEBUG] Predicted solver: SMTInterpol for benchmark BV/2017-Preiner-keymaera/ETCS-essentials-live2.proof-node640.smt2
[DEBUG] Benchmark BV/2017-Preiner-keymaera/ETCS-essentials-live2.proof-node640.smt2: solved=True, runtime=0.43s, PAR-2=0.43s
[DEBUG] Processing 472/832: BV/20230321-UltimateAutomizerSvcomp2023/jain_2-2.c_9.smt2
[DEBUG] Predicted solver: SMTInterpol for benchmark BV/20230321-UltimateAutomizerSvcomp2023/jain_2-2.c_9.smt2
[DEBUG] Benchmark BV/20230321-UltimateAutomizerSvcomp2023/jain_2-2.c_9.smt2: solved=True, runtime=0.46s, PAR-2=0.46s
[DEBUG] Processing 473/832: BV/2017-Preiner-keymaera/intersection-example-simple.proof-node603757.smt2
[DEBUG] Predicted solver: cvc5 for benchmark BV/2017-Preiner-keymaera/intersection-example-simple.proof-node603757.smt2
[DEBUG] Benchmark BV/2017-Preiner-keymaera/intersection-example-simple.proof-node603757.smt2: solved=True, runtime=0.22s, PAR-2=0.22s
[DEBUG] Processing 474/832: BV/2018-Preiner-cav18/check_bvugt_bvmul_32bit.smt2
[DEBUG] Predicted solver: SMTInterpol for benchmark BV/2018-Preiner-cav18/check_bvugt_bvmul_32bit.smt2
[DEBUG] Benchmark BV/2018-Preiner-cav18/check_bvugt_bvmul_32bit.smt2: solved=True, runtime=0.96s, PAR-2=0.96s
[DEBUG] Processing 475/832: BV/2017-Preiner-scholl-smt08/RNDPRE/RNDPRE_3_39.smt2
[DEBUG] Predicted solver: YicesQS for benchmark BV/2017-Preiner-scholl-smt08/RNDPRE/RNDPRE_3_39.smt2
[DEBUG] Benchmark BV/2017-Preiner-scholl-smt08/RNDPRE/RNDPRE_3_39.smt2: solved=True, runtime=0.47s, PAR-2=0.47s
[DEBUG] Processing 476/832: BV/2017-Preiner-keymaera/intersection-example-simple.proof-node194065.smt2
[DEBUG] Predicted solver: cvc5 for benchmark BV/2017-Preiner-keymaera/intersection-example-simple.proof-node194065.smt2
[DEBUG] Benchmark BV/2017-Preiner-keymaera/intersection-example-simple.proof-node194065.smt2: solved=True, runtime=0.25s, PAR-2=0.25s
[DEBUG] Processing 477/832: BV/2017-Preiner-keymaera/intersection-example-simple.proof-node174885.smt2
[DEBUG] Predicted solver: cvc5 for benchmark BV/2017-Preiner-keymaera/intersection-example-simple.proof-node174885.smt2
[DEBUG] Benchmark BV/2017-Preiner-keymaera/intersection-example-simple.proof-node174885.smt2: solved=True, runtime=0.25s, PAR-2=0.25s
[DEBUG] Processing 478/832: BV/2018-Preiner-cav18/check_bvsgt_bvconcat1_34_32bit.smt2
[DEBUG] Predicted solver: YicesQS for benchmark BV/2018-Preiner-cav18/check_bvsgt_bvconcat1_34_32bit.smt2
[DEBUG] Benchmark BV/2018-Preiner-cav18/check_bvsgt_bvconcat1_34_32bit.smt2: solved=True, runtime=0.30s, PAR-2=0.30s
[DEBUG] Processing 479/832: BV/2017-Preiner-keymaera/intersection-example-simple.proof-node479619.smt2
[DEBUG] Predicted solver: cvc5 for benchmark BV/2017-Preiner-keymaera/intersection-example-simple.proof-node479619.smt2
[DEBUG] Benchmark BV/2017-Preiner-keymaera/intersection-example-simple.proof-node479619.smt2: solved=True, runtime=0.22s, PAR-2=0.22s
[DEBUG] Processing 480/832: BV/2017-Preiner-scholl-smt08/RND/RND_3_28.smt2
[DEBUG] Predicted solver: YicesQS for benchmark BV/2017-Preiner-scholl-smt08/RND/RND_3_28.smt2
[DEBUG] Benchmark BV/2017-Preiner-scholl-smt08/RND/RND_3_28.smt2: solved=False, runtime=1200.00s, PAR-2=2400.00s
[DEBUG] Processing 481/832: BV/2017-Preiner-keymaera/intersection-example-simple.proof-node269426.smt2
[DEBUG] Predicted solver: cvc5 for benchmark BV/2017-Preiner-keymaera/intersection-example-simple.proof-node269426.smt2
[DEBUG] Benchmark BV/2017-Preiner-keymaera/intersection-example-simple.proof-node269426.smt2: solved=True, runtime=0.22s, PAR-2=0.22s
[DEBUG] Processing 482/832: BV/2017-Preiner-scholl-smt08/RND/RND_6_40.smt2
[DEBUG] Predicted solver: Z3alpha for benchmark BV/2017-Preiner-scholl-smt08/RND/RND_6_40.smt2
[DEBUG] Benchmark BV/2017-Preiner-scholl-smt08/RND/RND_6_40.smt2: solved=True, runtime=390.25s, PAR-2=390.25s
[DEBUG] Processing 483/832: BV/2020-Preiner-fmcad20/inv/check_ic_bvult_s_x_4.smt2
[DEBUG] Predicted solver: SMTInterpol for benchmark BV/2020-Preiner-fmcad20/inv/check_ic_bvult_s_x_4.smt2
[DEBUG] Benchmark BV/2020-Preiner-fmcad20/inv/check_ic_bvult_s_x_4.smt2: solved=True, runtime=0.72s, PAR-2=0.72s
[DEBUG] Processing 484/832: BV/2017-Preiner-keymaera/vsli-alert.proof-node2416.smt2
[DEBUG] Predicted solver: YicesQS for benchmark BV/2017-Preiner-keymaera/vsli-alert.proof-node2416.smt2
[DEBUG] Benchmark BV/2017-Preiner-keymaera/vsli-alert.proof-node2416.smt2: solved=True, runtime=0.34s, PAR-2=0.34s
[DEBUG] Processing 485/832: BV/20190429-UltimateAutomizerSvcomp2019/jain_6_true-unreach-call_true-no-overflow_false-termination.i_5.smt2
[DEBUG] Predicted solver: SMTInterpol for benchmark BV/20190429-UltimateAutomizerSvcomp2019/jain_6_true-unreach-call_true-no-overflow_false-termination.i_5.smt2
[DEBUG] Benchmark BV/20190429-UltimateAutomizerSvcomp2019/jain_6_true-unreach-call_true-no-overflow_false-termination.i_5.smt2: solved=True, runtime=0.55s, PAR-2=0.55s
[DEBUG] Processing 486/832: BV/2018-Preiner-cav18/check_bvsgt_bvlshr1_64bit.smt2
[DEBUG] Predicted solver: SMTInterpol for benchmark BV/2018-Preiner-cav18/check_bvsgt_bvlshr1_64bit.smt2
[DEBUG] Benchmark BV/2018-Preiner-cav18/check_bvsgt_bvlshr1_64bit.smt2: solved=True, runtime=2.12s, PAR-2=2.12s
[DEBUG] Processing 487/832: BV/2017-Preiner-keymaera/intersection-example-simple.proof-node267053.smt2
[DEBUG] Predicted solver: cvc5 for benchmark BV/2017-Preiner-keymaera/intersection-example-simple.proof-node267053.smt2
[DEBUG] Benchmark BV/2017-Preiner-keymaera/intersection-example-simple.proof-node267053.smt2: solved=True, runtime=0.22s, PAR-2=0.22s
[DEBUG] Processing 488/832: BV/2017-Preiner-psyco/174.smt2
[DEBUG] Predicted solver: cvc5 for benchmark BV/2017-Preiner-psyco/174.smt2
[DEBUG] Benchmark BV/2017-Preiner-psyco/174.smt2: solved=True, runtime=0.72s, PAR-2=0.72s
[DEBUG] Processing 489/832: BV/2017-Preiner-keymaera/intersection-example-simple.proof-node531822.smt2
[DEBUG] Predicted solver: cvc5 for benchmark BV/2017-Preiner-keymaera/intersection-example-simple.proof-node531822.smt2
[DEBUG] Benchmark BV/2017-Preiner-keymaera/intersection-example-simple.proof-node531822.smt2: solved=True, runtime=0.23s, PAR-2=0.23s
[DEBUG] Processing 490/832: BV/2020-Preiner-fmcad20/inv/check_ic_bvshl_s_x_4.smt2
[DEBUG] Predicted solver: SMTInterpol for benchmark BV/2020-Preiner-fmcad20/inv/check_ic_bvshl_s_x_4.smt2
[DEBUG] Benchmark BV/2020-Preiner-fmcad20/inv/check_ic_bvshl_s_x_4.smt2: solved=True, runtime=1.73s, PAR-2=1.73s
[DEBUG] Processing 491/832: BV/20210330-PEak/extern-loop_unsat_subset/easy.smt2
[DEBUG] Predicted solver: Z3alpha for benchmark BV/20210330-PEak/extern-loop_unsat_subset/easy.smt2
[DEBUG] Benchmark BV/20210330-PEak/extern-loop_unsat_subset/easy.smt2: solved=True, runtime=1.43s, PAR-2=1.43s
[DEBUG] Processing 492/832: BV/2017-Preiner-psyco/060.smt2
[DEBUG] Predicted solver: Z3alpha for benchmark BV/2017-Preiner-psyco/060.smt2
[DEBUG] Benchmark BV/2017-Preiner-psyco/060.smt2: solved=True, runtime=0.35s, PAR-2=0.35s
[DEBUG] Processing 493/832: BV/20230321-UltimateAutomizerSvcomp2023/soft_float_4-2.c.cil.c_7.smt2
[DEBUG] Predicted solver: SMTInterpol for benchmark BV/20230321-UltimateAutomizerSvcomp2023/soft_float_4-2.c.cil.c_7.smt2
[DEBUG] Benchmark BV/20230321-UltimateAutomizerSvcomp2023/soft_float_4-2.c.cil.c_7.smt2: solved=True, runtime=0.82s, PAR-2=0.82s
[DEBUG] Processing 494/832: BV/2017-Preiner-psyco/015.smt2
[DEBUG] Predicted solver: cvc5 for benchmark BV/2017-Preiner-psyco/015.smt2
[DEBUG] Benchmark BV/2017-Preiner-psyco/015.smt2: solved=True, runtime=0.47s, PAR-2=0.47s
[DEBUG] Processing 495/832: BV/2017-Preiner-scholl-smt08/RND/RND_4_2.smt2
[DEBUG] Predicted solver: YicesQS for benchmark BV/2017-Preiner-scholl-smt08/RND/RND_4_2.smt2
[DEBUG] Benchmark BV/2017-Preiner-scholl-smt08/RND/RND_4_2.smt2: solved=False, runtime=1200.00s, PAR-2=2400.00s
[DEBUG] Processing 496/832: BV/20230321-UltimateAutomizerSvcomp2023/Primes.c_3.smt2
[DEBUG] Predicted solver: SMTInterpol for benchmark BV/20230321-UltimateAutomizerSvcomp2023/Primes.c_3.smt2
[DEBUG] Benchmark BV/20230321-UltimateAutomizerSvcomp2023/Primes.c_3.smt2: solved=True, runtime=0.40s, PAR-2=0.40s
[DEBUG] Processing 497/832: BV/2017-Preiner-scholl-smt08/RNDPRE/RNDPRE_3_30.smt2
[DEBUG] Predicted solver: YicesQS for benchmark BV/2017-Preiner-scholl-smt08/RNDPRE/RNDPRE_3_30.smt2
[DEBUG] Benchmark BV/2017-Preiner-scholl-smt08/RNDPRE/RNDPRE_3_30.smt2: solved=True, runtime=0.24s, PAR-2=0.24s
[DEBUG] Processing 498/832: BV/2017-Preiner-keymaera/binary_driver-2007-10-09-node14896.smt2
[DEBUG] Predicted solver: Z3alpha for benchmark BV/2017-Preiner-keymaera/binary_driver-2007-10-09-node14896.smt2
[DEBUG] Benchmark BV/2017-Preiner-keymaera/binary_driver-2007-10-09-node14896.smt2: solved=True, runtime=0.50s, PAR-2=0.50s
[DEBUG] Processing 499/832: BV/20230321-UltimateAutomizerSvcomp2023/soft_float_4-2a.c.cil.c_8.smt2
[DEBUG] Predicted solver: SMTInterpol for benchmark BV/20230321-UltimateAutomizerSvcomp2023/soft_float_4-2a.c.cil.c_8.smt2
[DEBUG] Benchmark BV/20230321-UltimateAutomizerSvcomp2023/soft_float_4-2a.c.cil.c_8.smt2: solved=True, runtime=0.77s, PAR-2=0.77s
[DEBUG] Processing 500/832: BV/2017-Preiner-keymaera/intersection-example-simple.proof-node192976.smt2
[DEBUG] Predicted solver: cvc5 for benchmark BV/2017-Preiner-keymaera/intersection-example-simple.proof-node192976.smt2
[DEBUG] Benchmark BV/2017-Preiner-keymaera/intersection-example-simple.proof-node192976.smt2: solved=True, runtime=0.26s, PAR-2=0.26s
[DEBUG] Processing 501/832: BV/2017-Preiner-keymaera/intersection-example-simple.proof-node193438.smt2
[DEBUG] Predicted solver: cvc5 for benchmark BV/2017-Preiner-keymaera/intersection-example-simple.proof-node193438.smt2
[DEBUG] Benchmark BV/2017-Preiner-keymaera/intersection-example-simple.proof-node193438.smt2: solved=True, runtime=0.23s, PAR-2=0.23s
[DEBUG] Processing 502/832: BV/2017-Preiner-scholl-smt08/RNDPRE/RNDPRE_3_34.smt2
[DEBUG] Predicted solver: YicesQS for benchmark BV/2017-Preiner-scholl-smt08/RNDPRE/RNDPRE_3_34.smt2
[DEBUG] Benchmark BV/2017-Preiner-scholl-smt08/RNDPRE/RNDPRE_3_34.smt2: solved=True, runtime=0.37s, PAR-2=0.37s
[DEBUG] Processing 503/832: BV/2017-Preiner-scholl-smt08/RND/RND_3_23.smt2
[DEBUG] Predicted solver: YicesQS for benchmark BV/2017-Preiner-scholl-smt08/RND/RND_3_23.smt2
[DEBUG] Benchmark BV/2017-Preiner-scholl-smt08/RND/RND_3_23.smt2: solved=True, runtime=0.41s, PAR-2=0.41s
[DEBUG] Processing 504/832: BV/2018-Preiner-cav18/check_bvsge_bvudiv0_64bit.smt2
[DEBUG] Predicted solver: SMTInterpol for benchmark BV/2018-Preiner-cav18/check_bvsge_bvudiv0_64bit.smt2
[DEBUG] Benchmark BV/2018-Preiner-cav18/check_bvsge_bvudiv0_64bit.smt2: solved=True, runtime=0.52s, PAR-2=0.52s
[DEBUG] Processing 505/832: BV/2020-Preiner-fmcad20/inv/check_ic_bvadd_x_s_32.smt2
[DEBUG] Predicted solver: Z3alpha for benchmark BV/2020-Preiner-fmcad20/inv/check_ic_bvadd_x_s_32.smt2
[DEBUG] Benchmark BV/2020-Preiner-fmcad20/inv/check_ic_bvadd_x_s_32.smt2: solved=True, runtime=0.44s, PAR-2=0.44s
[DEBUG] Processing 506/832: BV/2017-Preiner-scholl-smt08/RNDPRE/RNDPRE_3_10.smt2
[DEBUG] Predicted solver: Bitwuzla for benchmark BV/2017-Preiner-scholl-smt08/RNDPRE/RNDPRE_3_10.smt2
[DEBUG] Benchmark BV/2017-Preiner-scholl-smt08/RNDPRE/RNDPRE_3_10.smt2: solved=True, runtime=0.49s, PAR-2=0.49s
[DEBUG] Processing 507/832: BV/2017-Preiner-keymaera/intersection-example-simple.proof-node175109.smt2
[DEBUG] Predicted solver: cvc5 for benchmark BV/2017-Preiner-keymaera/intersection-example-simple.proof-node175109.smt2
[DEBUG] Benchmark BV/2017-Preiner-keymaera/intersection-example-simple.proof-node175109.smt2: solved=True, runtime=0.22s, PAR-2=0.22s
[DEBUG] Processing 508/832: BV/2020-Preiner-fmcad20/cons/check_cc_bvslt_x_s_4.smt2
[DEBUG] Predicted solver: SMTInterpol for benchmark BV/2020-Preiner-fmcad20/cons/check_cc_bvslt_x_s_4.smt2
[DEBUG] Benchmark BV/2020-Preiner-fmcad20/cons/check_cc_bvslt_x_s_4.smt2: solved=True, runtime=0.80s, PAR-2=0.80s
[DEBUG] Processing 509/832: BV/2017-Preiner-keymaera/intersection-example-simple.proof-node601673.smt2
[DEBUG] Predicted solver: cvc5 for benchmark BV/2017-Preiner-keymaera/intersection-example-simple.proof-node601673.smt2
[DEBUG] Benchmark BV/2017-Preiner-keymaera/intersection-example-simple.proof-node601673.smt2: solved=True, runtime=0.25s, PAR-2=0.25s
[DEBUG] Processing 510/832: BV/2017-Preiner-psyco/041.smt2
[DEBUG] Predicted solver: YicesQS for benchmark BV/2017-Preiner-psyco/041.smt2
[DEBUG] Benchmark BV/2017-Preiner-psyco/041.smt2: solved=True, runtime=0.81s, PAR-2=0.81s
[DEBUG] Processing 511/832: BV/2017-Preiner-keymaera/intersection-example-simple.proof-node254296.smt2
[DEBUG] Predicted solver: cvc5 for benchmark BV/2017-Preiner-keymaera/intersection-example-simple.proof-node254296.smt2
[DEBUG] Benchmark BV/2017-Preiner-keymaera/intersection-example-simple.proof-node254296.smt2: solved=True, runtime=0.23s, PAR-2=0.23s
[DEBUG] Processing 512/832: BV/20230321-UltimateAutomizerSvcomp2023/soft_float_4-2a.c.cil.c_9.smt2
[DEBUG] Predicted solver: SMTInterpol for benchmark BV/20230321-UltimateAutomizerSvcomp2023/soft_float_4-2a.c.cil.c_9.smt2
[DEBUG] Benchmark BV/20230321-UltimateAutomizerSvcomp2023/soft_float_4-2a.c.cil.c_9.smt2: solved=True, runtime=0.91s, PAR-2=0.91s
[DEBUG] Processing 513/832: BV/2018-Preiner-cav18/check_bvult_bvurem1_64bit.smt2
[DEBUG] Predicted solver: YicesQS for benchmark BV/2018-Preiner-cav18/check_bvult_bvurem1_64bit.smt2
[DEBUG] Benchmark BV/2018-Preiner-cav18/check_bvult_bvurem1_64bit.smt2: solved=True, runtime=0.30s, PAR-2=0.30s
[DEBUG] Processing 514/832: BV/2018-Preiner-cav18/check_ne_bvurem0_64bit.smt2
[DEBUG] Predicted solver: SMTInterpol for benchmark BV/2018-Preiner-cav18/check_ne_bvurem0_64bit.smt2
[DEBUG] Benchmark BV/2018-Preiner-cav18/check_ne_bvurem0_64bit.smt2: solved=True, runtime=0.51s, PAR-2=0.51s
[DEBUG] Processing 515/832: BV/2017-Preiner-keymaera/intersection-example-simple.proof-node291850.smt2
[DEBUG] Predicted solver: cvc5 for benchmark BV/2017-Preiner-keymaera/intersection-example-simple.proof-node291850.smt2
[DEBUG] Benchmark BV/2017-Preiner-keymaera/intersection-example-simple.proof-node291850.smt2: solved=True, runtime=0.24s, PAR-2=0.24s
[DEBUG] Processing 516/832: BV/2017-Preiner-keymaera/intersection-example-onelane.proof-node11136.smt2
[DEBUG] Predicted solver: Z3alpha for benchmark BV/2017-Preiner-keymaera/intersection-example-onelane.proof-node11136.smt2
[DEBUG] Benchmark BV/2017-Preiner-keymaera/intersection-example-onelane.proof-node11136.smt2: solved=True, runtime=0.33s, PAR-2=0.33s
[DEBUG] Processing 517/832: BV/2017-Preiner-scholl-smt08/RND/RND_3_9.smt2
[DEBUG] Predicted solver: YicesQS for benchmark BV/2017-Preiner-scholl-smt08/RND/RND_3_9.smt2
[DEBUG] Benchmark BV/2017-Preiner-scholl-smt08/RND/RND_3_9.smt2: solved=True, runtime=0.24s, PAR-2=0.24s
[DEBUG] Processing 518/832: BV/2017-Preiner-keymaera/intersection-example-simple.proof-node606769.smt2
[DEBUG] Predicted solver: cvc5 for benchmark BV/2017-Preiner-keymaera/intersection-example-simple.proof-node606769.smt2
[DEBUG] Benchmark BV/2017-Preiner-keymaera/intersection-example-simple.proof-node606769.smt2: solved=True, runtime=0.22s, PAR-2=0.22s
[DEBUG] Processing 519/832: BV/2017-Preiner-keymaera/intersection-example-simple.proof-node195519.smt2
[DEBUG] Predicted solver: cvc5 for benchmark BV/2017-Preiner-keymaera/intersection-example-simple.proof-node195519.smt2
[DEBUG] Benchmark BV/2017-Preiner-keymaera/intersection-example-simple.proof-node195519.smt2: solved=True, runtime=0.23s, PAR-2=0.23s
[DEBUG] Processing 520/832: BV/20230321-UltimateAutomizerSvcomp2023/jain_7-2.c_1.smt2
[DEBUG] Predicted solver: SMTInterpol for benchmark BV/20230321-UltimateAutomizerSvcomp2023/jain_7-2.c_1.smt2
[DEBUG] Benchmark BV/20230321-UltimateAutomizerSvcomp2023/jain_7-2.c_1.smt2: solved=True, runtime=0.49s, PAR-2=0.49s
[DEBUG] Processing 521/832: BV/wintersteiger/fmsd13/fixpoint/small-pipeline-fixpoint-9.smt2
[DEBUG] Predicted solver: cvc5 for benchmark BV/wintersteiger/fmsd13/fixpoint/small-pipeline-fixpoint-9.smt2
[DEBUG] Benchmark BV/wintersteiger/fmsd13/fixpoint/small-pipeline-fixpoint-9.smt2: solved=True, runtime=0.92s, PAR-2=0.92s
[DEBUG] Processing 522/832: BV/2017-Preiner-psyco/167.smt2
[DEBUG] Predicted solver: cvc5 for benchmark BV/2017-Preiner-psyco/167.smt2
[DEBUG] Benchmark BV/2017-Preiner-psyco/167.smt2: solved=True, runtime=0.44s, PAR-2=0.44s
[DEBUG] Processing 523/832: BV/20230321-UltimateAutomizerSvcomp2023/linear-inequality-inv-a.c_0.smt2
[DEBUG] Predicted solver: SMTInterpol for benchmark BV/20230321-UltimateAutomizerSvcomp2023/linear-inequality-inv-a.c_0.smt2
[DEBUG] Benchmark BV/20230321-UltimateAutomizerSvcomp2023/linear-inequality-inv-a.c_0.smt2: solved=True, runtime=0.45s, PAR-2=0.45s
[DEBUG] Processing 524/832: BV/20230321-UltimateAutomizerSvcomp2023/soft_float_4-1.c.cil.c_9.smt2
[DEBUG] Predicted solver: SMTInterpol for benchmark BV/20230321-UltimateAutomizerSvcomp2023/soft_float_4-1.c.cil.c_9.smt2
[DEBUG] Benchmark BV/20230321-UltimateAutomizerSvcomp2023/soft_float_4-1.c.cil.c_9.smt2: solved=True, runtime=0.99s, PAR-2=0.99s
[DEBUG] Processing 525/832: BV/2020-Preiner-fmcad20/inv/check_ic_distinct_x_s_4.smt2
[DEBUG] Predicted solver: SMTInterpol for benchmark BV/2020-Preiner-fmcad20/inv/check_ic_distinct_x_s_4.smt2
[DEBUG] Benchmark BV/2020-Preiner-fmcad20/inv/check_ic_distinct_x_s_4.smt2: solved=True, runtime=0.89s, PAR-2=0.89s
[DEBUG] Processing 526/832: BV/20190429-UltimateAutomizerSvcomp2019/jain_7_true-unreach-call_true-no-overflow_false-termination.i_9.smt2
[DEBUG] Predicted solver: SMTInterpol for benchmark BV/20190429-UltimateAutomizerSvcomp2019/jain_7_true-unreach-call_true-no-overflow_false-termination.i_9.smt2
[DEBUG] Benchmark BV/20190429-UltimateAutomizerSvcomp2019/jain_7_true-unreach-call_true-no-overflow_false-termination.i_9.smt2: solved=True, runtime=0.56s, PAR-2=0.56s
[DEBUG] Processing 527/832: BV/2017-Preiner-keymaera/intersection-example-simple.proof-node688713.smt2
[DEBUG] Predicted solver: cvc5 for benchmark BV/2017-Preiner-keymaera/intersection-example-simple.proof-node688713.smt2
[DEBUG] Benchmark BV/2017-Preiner-keymaera/intersection-example-simple.proof-node688713.smt2: solved=True, runtime=0.24s, PAR-2=0.24s
[DEBUG] Processing 528/832: BV/2020-Preiner-fmcad20/cons/check_cc_bvadd_x_s_64.smt2
[DEBUG] Predicted solver: Z3alpha for benchmark BV/2020-Preiner-fmcad20/cons/check_cc_bvadd_x_s_64.smt2
[DEBUG] Benchmark BV/2020-Preiner-fmcad20/cons/check_cc_bvadd_x_s_64.smt2: solved=True, runtime=386.27s, PAR-2=386.27s
[DEBUG] Processing 529/832: BV/20230321-UltimateAutomizerSvcomp2023/jain_4-1.c_5.smt2
[DEBUG] Predicted solver: SMTInterpol for benchmark BV/20230321-UltimateAutomizerSvcomp2023/jain_4-1.c_5.smt2
[DEBUG] Benchmark BV/20230321-UltimateAutomizerSvcomp2023/jain_4-1.c_5.smt2: solved=True, runtime=0.47s, PAR-2=0.47s
[DEBUG] Processing 530/832: BV/2017-Preiner-keymaera/intersection-example-simple.proof-node365475.smt2
[DEBUG] Predicted solver: cvc5 for benchmark BV/2017-Preiner-keymaera/intersection-example-simple.proof-node365475.smt2
[DEBUG] Benchmark BV/2017-Preiner-keymaera/intersection-example-simple.proof-node365475.smt2: solved=True, runtime=0.22s, PAR-2=0.22s
[DEBUG] Processing 531/832: BV/20170501-Heizmann-UltimateAutomizer/jain_7_true-unreach-call_true-no-overflow.i_70.smt2
[DEBUG] Predicted solver: YicesQS for benchmark BV/20170501-Heizmann-UltimateAutomizer/jain_7_true-unreach-call_true-no-overflow.i_70.smt2
[DEBUG] Benchmark BV/20170501-Heizmann-UltimateAutomizer/jain_7_true-unreach-call_true-no-overflow.i_70.smt2: solved=True, runtime=0.25s, PAR-2=0.25s
[DEBUG] Processing 532/832: BV/2017-Preiner-scholl-smt08/RNDPRE/RNDPRE_4_9.smt2
[DEBUG] Predicted solver: YicesQS for benchmark BV/2017-Preiner-scholl-smt08/RNDPRE/RNDPRE_4_9.smt2
[DEBUG] Benchmark BV/2017-Preiner-scholl-smt08/RNDPRE/RNDPRE_4_9.smt2: solved=True, runtime=700.78s, PAR-2=700.78s
[DEBUG] Processing 533/832: BV/2017-Preiner-keymaera/intersection-example-simple.proof-node361630.smt2
[DEBUG] Predicted solver: cvc5 for benchmark BV/2017-Preiner-keymaera/intersection-example-simple.proof-node361630.smt2
[DEBUG] Benchmark BV/2017-Preiner-keymaera/intersection-example-simple.proof-node361630.smt2: solved=True, runtime=0.22s, PAR-2=0.22s
[DEBUG] Processing 534/832: BV/2017-Preiner-keymaera/intersection-example-simple.proof-node270758.smt2
[DEBUG] Predicted solver: cvc5 for benchmark BV/2017-Preiner-keymaera/intersection-example-simple.proof-node270758.smt2
[DEBUG] Benchmark BV/2017-Preiner-keymaera/intersection-example-simple.proof-node270758.smt2: solved=True, runtime=0.23s, PAR-2=0.23s
[DEBUG] Processing 535/832: BV/20170501-Heizmann-UltimateAutomizer/jain_4_true-unreach-call_true-no-overflow.i_462.smt2
[DEBUG] Predicted solver: SMTInterpol for benchmark BV/20170501-Heizmann-UltimateAutomizer/jain_4_true-unreach-call_true-no-overflow.i_462.smt2
[DEBUG] Benchmark BV/20170501-Heizmann-UltimateAutomizer/jain_4_true-unreach-call_true-no-overflow.i_462.smt2: solved=True, runtime=0.69s, PAR-2=0.69s
[DEBUG] Processing 536/832: BV/2020-Preiner-fmcad20/inv/check_ic_concat_x_s_64.smt2
[DEBUG] Predicted solver: Z3alpha for benchmark BV/2020-Preiner-fmcad20/inv/check_ic_concat_x_s_64.smt2
[DEBUG] Benchmark BV/2020-Preiner-fmcad20/inv/check_ic_concat_x_s_64.smt2: solved=True, runtime=0.30s, PAR-2=0.30s
[DEBUG] Processing 537/832: BV/20230321-UltimateAutomizerSvcomp2023/btor2c-eagerMod.bakery.1.prop1-func-interl.c_10.smt2
[DEBUG] Predicted solver: Bitwuzla for benchmark BV/20230321-UltimateAutomizerSvcomp2023/btor2c-eagerMod.bakery.1.prop1-func-interl.c_10.smt2
[DEBUG] Benchmark BV/20230321-UltimateAutomizerSvcomp2023/btor2c-eagerMod.bakery.1.prop1-func-interl.c_10.smt2: solved=True, runtime=0.25s, PAR-2=0.25s
[DEBUG] Processing 538/832: BV/2017-Preiner-keymaera/intersection-example-simple.proof-node194936.smt2
[DEBUG] Predicted solver: cvc5 for benchmark BV/2017-Preiner-keymaera/intersection-example-simple.proof-node194936.smt2
[DEBUG] Benchmark BV/2017-Preiner-keymaera/intersection-example-simple.proof-node194936.smt2: solved=True, runtime=0.23s, PAR-2=0.23s
[DEBUG] Processing 539/832: BV/20190429-UltimateAutomizerSvcomp2019/jain_6_true-unreach-call_true-no-overflow_false-termination.i_4.smt2
[DEBUG] Predicted solver: SMTInterpol for benchmark BV/20190429-UltimateAutomizerSvcomp2019/jain_6_true-unreach-call_true-no-overflow_false-termination.i_4.smt2
[DEBUG] Benchmark BV/20190429-UltimateAutomizerSvcomp2019/jain_6_true-unreach-call_true-no-overflow_false-termination.i_4.smt2: solved=True, runtime=0.49s, PAR-2=0.49s
[DEBUG] Processing 540/832: BV/2017-Preiner-keymaera/intersection-example-simple.proof-node169818.smt2
[DEBUG] Predicted solver: cvc5 for benchmark BV/2017-Preiner-keymaera/intersection-example-simple.proof-node169818.smt2
[DEBUG] Benchmark BV/2017-Preiner-keymaera/intersection-example-simple.proof-node169818.smt2: solved=True, runtime=0.25s, PAR-2=0.25s
[DEBUG] Processing 541/832: BV/2018-Preiner-cav18/check_bvult_bvadd_32bit.smt2
[DEBUG] Predicted solver: YicesQS for benchmark BV/2018-Preiner-cav18/check_bvult_bvadd_32bit.smt2
[DEBUG] Benchmark BV/2018-Preiner-cav18/check_bvult_bvadd_32bit.smt2: solved=True, runtime=0.25s, PAR-2=0.25s
[DEBUG] Processing 542/832: BV/2017-Preiner-keymaera/intersection-example-simple.proof-node561875.smt2
[DEBUG] Predicted solver: cvc5 for benchmark BV/2017-Preiner-keymaera/intersection-example-simple.proof-node561875.smt2
[DEBUG] Benchmark BV/2017-Preiner-keymaera/intersection-example-simple.proof-node561875.smt2: solved=True, runtime=0.23s, PAR-2=0.23s
[DEBUG] Processing 543/832: BV/2017-Preiner-scholl-smt08/RNDPRE/RNDPRE_4_66.smt2
[DEBUG] Predicted solver: YicesQS for benchmark BV/2017-Preiner-scholl-smt08/RNDPRE/RNDPRE_4_66.smt2
[DEBUG] Benchmark BV/2017-Preiner-scholl-smt08/RNDPRE/RNDPRE_4_66.smt2: solved=False, runtime=1200.00s, PAR-2=2400.00s
[DEBUG] Processing 544/832: BV/20230321-UltimateAutomizerSvcomp2023/sum.i_1.smt2
[DEBUG] Predicted solver: SMTInterpol for benchmark BV/20230321-UltimateAutomizerSvcomp2023/sum.i_1.smt2
[DEBUG] Benchmark BV/20230321-UltimateAutomizerSvcomp2023/sum.i_1.smt2: solved=True, runtime=0.43s, PAR-2=0.43s
[DEBUG] Processing 545/832: BV/20190429-UltimateAutomizerSvcomp2019/jain_2_true-unreach-call_true-no-overflow_false-termination.i_15.smt2
[DEBUG] Predicted solver: SMTInterpol for benchmark BV/20190429-UltimateAutomizerSvcomp2019/jain_2_true-unreach-call_true-no-overflow_false-termination.i_15.smt2
[DEBUG] Benchmark BV/20190429-UltimateAutomizerSvcomp2019/jain_2_true-unreach-call_true-no-overflow_false-termination.i_15.smt2: solved=True, runtime=0.59s, PAR-2=0.59s
[DEBUG] Processing 546/832: BV/20230321-UltimateAutomizerSvcomp2023/jain_4-1.c_1.smt2
[DEBUG] Predicted solver: SMTInterpol for benchmark BV/20230321-UltimateAutomizerSvcomp2023/jain_4-1.c_1.smt2
[DEBUG] Benchmark BV/20230321-UltimateAutomizerSvcomp2023/jain_4-1.c_1.smt2: solved=True, runtime=0.48s, PAR-2=0.48s
[DEBUG] Processing 547/832: BV/2017-Preiner-scholl-smt08/model/model_6_56.smt2
[DEBUG] Predicted solver: YicesQS for benchmark BV/2017-Preiner-scholl-smt08/model/model_6_56.smt2
[DEBUG] Benchmark BV/2017-Preiner-scholl-smt08/model/model_6_56.smt2: solved=True, runtime=0.25s, PAR-2=0.25s
[DEBUG] Processing 548/832: BV/2018-Preiner-cav18/check_bvsge_bvashr0_4bit.smt2
[DEBUG] Predicted solver: SMTInterpol for benchmark BV/2018-Preiner-cav18/check_bvsge_bvashr0_4bit.smt2
[DEBUG] Benchmark BV/2018-Preiner-cav18/check_bvsge_bvashr0_4bit.smt2: solved=True, runtime=0.67s, PAR-2=0.67s
[DEBUG] Processing 549/832: BV/2017-Preiner-scholl-smt08/RND/RND_4_20.smt2
[DEBUG] Predicted solver: YicesQS for benchmark BV/2017-Preiner-scholl-smt08/RND/RND_4_20.smt2
[DEBUG] Benchmark BV/2017-Preiner-scholl-smt08/RND/RND_4_20.smt2: solved=True, runtime=0.59s, PAR-2=0.59s
[DEBUG] Processing 550/832: BV/wintersteiger/fmsd13/fixpoint/ethernet-fixpoint-3.smt2
[DEBUG] Predicted solver: cvc5 for benchmark BV/wintersteiger/fmsd13/fixpoint/ethernet-fixpoint-3.smt2
[DEBUG] Benchmark BV/wintersteiger/fmsd13/fixpoint/ethernet-fixpoint-3.smt2: solved=True, runtime=2.46s, PAR-2=2.46s
[DEBUG] Processing 551/832: BV/2020-Preiner-fmcad20/inv/check_ic_sext_4_32.smt2
[DEBUG] Predicted solver: Z3alpha for benchmark BV/2020-Preiner-fmcad20/inv/check_ic_sext_4_32.smt2
[DEBUG] Benchmark BV/2020-Preiner-fmcad20/inv/check_ic_sext_4_32.smt2: solved=True, runtime=0.34s, PAR-2=0.34s
[DEBUG] Processing 552/832: BV/2017-Preiner-psyco/182.smt2
[DEBUG] Predicted solver: Z3alpha for benchmark BV/2017-Preiner-psyco/182.smt2
[DEBUG] Benchmark BV/2017-Preiner-psyco/182.smt2: solved=True, runtime=6.32s, PAR-2=6.32s
[DEBUG] Processing 553/832: BV/20190429-UltimateAutomizerSvcomp2019/soft_float_4_true-unreach-call_true-no-overflow_true-termination.c.cil.c_0.smt2
[DEBUG] Predicted solver: SMTInterpol for benchmark BV/20190429-UltimateAutomizerSvcomp2019/soft_float_4_true-unreach-call_true-no-overflow_true-termination.c.cil.c_0.smt2
[DEBUG] Benchmark BV/20190429-UltimateAutomizerSvcomp2019/soft_float_4_true-unreach-call_true-no-overflow_true-termination.c.cil.c_0.smt2: solved=True, runtime=0.94s, PAR-2=0.94s
[DEBUG] Processing 554/832: BV/20230321-UltimateAutomizerSvcomp2023/soft_float_4-2a.c.cil.c_10.smt2
[DEBUG] Predicted solver: SMTInterpol for benchmark BV/20230321-UltimateAutomizerSvcomp2023/soft_float_4-2a.c.cil.c_10.smt2
[DEBUG] Benchmark BV/20230321-UltimateAutomizerSvcomp2023/soft_float_4-2a.c.cil.c_10.smt2: solved=True, runtime=1.05s, PAR-2=1.05s
[DEBUG] Processing 555/832: BV/2017-Preiner-keymaera/intersection-example-onelane.proof-node16159.smt2
[DEBUG] Predicted solver: Z3alpha for benchmark BV/2017-Preiner-keymaera/intersection-example-onelane.proof-node16159.smt2
[DEBUG] Benchmark BV/2017-Preiner-keymaera/intersection-example-onelane.proof-node16159.smt2: solved=True, runtime=1.68s, PAR-2=1.68s
[DEBUG] Processing 556/832: BV/20210301-Alive2/oggenc/283_oggenc.smt2
[DEBUG] Predicted solver: Bitwuzla for benchmark BV/20210301-Alive2/oggenc/283_oggenc.smt2
[DEBUG] Benchmark BV/20210301-Alive2/oggenc/283_oggenc.smt2: solved=False, runtime=1200.00s, PAR-2=2400.00s
[DEBUG] Processing 557/832: BV/20170501-Heizmann-UltimateAutomizer/jain_6_true-unreach-call_true-no-overflow.i_433.smt2
[DEBUG] Predicted solver: SMTInterpol for benchmark BV/20170501-Heizmann-UltimateAutomizer/jain_6_true-unreach-call_true-no-overflow.i_433.smt2
[DEBUG] Benchmark BV/20170501-Heizmann-UltimateAutomizer/jain_6_true-unreach-call_true-no-overflow.i_433.smt2: solved=True, runtime=0.61s, PAR-2=0.61s
[DEBUG] Processing 558/832: BV/20170501-Heizmann-UltimateAutomizer/jain_7_true-unreach-call_true-no-overflow.i_253.smt2
[DEBUG] Predicted solver: YicesQS for benchmark BV/20170501-Heizmann-UltimateAutomizer/jain_7_true-unreach-call_true-no-overflow.i_253.smt2
[DEBUG] Benchmark BV/20170501-Heizmann-UltimateAutomizer/jain_7_true-unreach-call_true-no-overflow.i_253.smt2: solved=True, runtime=0.34s, PAR-2=0.34s
[DEBUG] Processing 559/832: BV/20230321-UltimateAutomizerSvcomp2023/psyco_abp_1-2.c_2.smt2
[DEBUG] Predicted solver: SMTInterpol for benchmark BV/20230321-UltimateAutomizerSvcomp2023/psyco_abp_1-2.c_2.smt2
[DEBUG] Benchmark BV/20230321-UltimateAutomizerSvcomp2023/psyco_abp_1-2.c_2.smt2: solved=True, runtime=0.40s, PAR-2=0.40s
[DEBUG] Processing 560/832: BV/2017-Preiner-scholl-smt08/model/model_5_38.smt2
[DEBUG] Predicted solver: YicesQS for benchmark BV/2017-Preiner-scholl-smt08/model/model_5_38.smt2
[DEBUG] Benchmark BV/2017-Preiner-scholl-smt08/model/model_5_38.smt2: solved=True, runtime=0.55s, PAR-2=0.55s
[DEBUG] Processing 561/832: BV/2018-Preiner-cav18/check_eq_bvlshr0_64bit.smt2
[DEBUG] Predicted solver: SMTInterpol for benchmark BV/2018-Preiner-cav18/check_eq_bvlshr0_64bit.smt2
[DEBUG] Benchmark BV/2018-Preiner-cav18/check_eq_bvlshr0_64bit.smt2: solved=True, runtime=0.88s, PAR-2=0.88s
[DEBUG] Processing 562/832: BV/2018-Preiner-cav18/check_bvsgt_bvurem1_32bit.smt2
[DEBUG] Predicted solver: SMTInterpol for benchmark BV/2018-Preiner-cav18/check_bvsgt_bvurem1_32bit.smt2
[DEBUG] Benchmark BV/2018-Preiner-cav18/check_bvsgt_bvurem1_32bit.smt2: solved=True, runtime=0.56s, PAR-2=0.56s
[DEBUG] Processing 563/832: BV/2017-Preiner-keymaera/intersection-example-simple.proof-node392932.smt2
[DEBUG] Predicted solver: cvc5 for benchmark BV/2017-Preiner-keymaera/intersection-example-simple.proof-node392932.smt2
[DEBUG] Benchmark BV/2017-Preiner-keymaera/intersection-example-simple.proof-node392932.smt2: solved=True, runtime=0.24s, PAR-2=0.24s
[DEBUG] Processing 564/832: BV/2017-Preiner-keymaera/intersection-example-simple.proof-node197625.smt2
[DEBUG] Predicted solver: cvc5 for benchmark BV/2017-Preiner-keymaera/intersection-example-simple.proof-node197625.smt2
[DEBUG] Benchmark BV/2017-Preiner-keymaera/intersection-example-simple.proof-node197625.smt2: solved=True, runtime=0.22s, PAR-2=0.22s
[DEBUG] Processing 565/832: BV/20170501-Heizmann-UltimateAutomizer/jain_4_true-unreach-call_true-no-overflow.i_436.smt2
[DEBUG] Predicted solver: SMTInterpol for benchmark BV/20170501-Heizmann-UltimateAutomizer/jain_4_true-unreach-call_true-no-overflow.i_436.smt2
[DEBUG] Benchmark BV/20170501-Heizmann-UltimateAutomizer/jain_4_true-unreach-call_true-no-overflow.i_436.smt2: solved=True, runtime=0.60s, PAR-2=0.60s
[DEBUG] Processing 566/832: BV/2018-Preiner-cav18/check_bvuge_bvshl1_64bit.smt2
[DEBUG] Predicted solver: Z3alpha for benchmark BV/2018-Preiner-cav18/check_bvuge_bvshl1_64bit.smt2
[DEBUG] Benchmark BV/2018-Preiner-cav18/check_bvuge_bvshl1_64bit.smt2: solved=True, runtime=2.56s, PAR-2=2.56s
[DEBUG] Processing 567/832: BV/2017-Preiner-scholl-smt08/RNDPRE/RNDPRE_4_57.smt2
[DEBUG] Predicted solver: YicesQS for benchmark BV/2017-Preiner-scholl-smt08/RNDPRE/RNDPRE_4_57.smt2
[DEBUG] Benchmark BV/2017-Preiner-scholl-smt08/RNDPRE/RNDPRE_4_57.smt2: solved=True, runtime=711.96s, PAR-2=711.96s
[DEBUG] Processing 568/832: BV/2017-Preiner-scholl-smt08/model/model_5_1.smt2
[DEBUG] Predicted solver: SMTInterpol for benchmark BV/2017-Preiner-scholl-smt08/model/model_5_1.smt2
[DEBUG] Benchmark BV/2017-Preiner-scholl-smt08/model/model_5_1.smt2: solved=True, runtime=0.51s, PAR-2=0.51s
[DEBUG] Processing 569/832: BV/2017-Preiner-keymaera/intersection-example-onelane.proof-node20269.smt2
[DEBUG] Predicted solver: Z3alpha for benchmark BV/2017-Preiner-keymaera/intersection-example-onelane.proof-node20269.smt2
[DEBUG] Benchmark BV/2017-Preiner-keymaera/intersection-example-onelane.proof-node20269.smt2: solved=True, runtime=0.36s, PAR-2=0.36s
[DEBUG] Processing 570/832: BV/20170501-Heizmann-UltimateAutomizer/sum02_false-unreach-call_true-no-overflow.c_415.smt2
[DEBUG] Predicted solver: SMTInterpol for benchmark BV/20170501-Heizmann-UltimateAutomizer/sum02_false-unreach-call_true-no-overflow.c_415.smt2
[DEBUG] Benchmark BV/20170501-Heizmann-UltimateAutomizer/sum02_false-unreach-call_true-no-overflow.c_415.smt2: solved=True, runtime=0.50s, PAR-2=0.50s
[DEBUG] Processing 571/832: BV/wintersteiger/fmsd13/fixpoint/AR-fixpoint-10.smt2
[DEBUG] Predicted solver: cvc5 for benchmark BV/wintersteiger/fmsd13/fixpoint/AR-fixpoint-10.smt2
[DEBUG] Benchmark BV/wintersteiger/fmsd13/fixpoint/AR-fixpoint-10.smt2: solved=True, runtime=0.25s, PAR-2=0.25s
[DEBUG] Processing 572/832: BV/2017-Preiner-keymaera/intersection-example-simple.proof-node673088.smt2
[DEBUG] Predicted solver: cvc5 for benchmark BV/2017-Preiner-keymaera/intersection-example-simple.proof-node673088.smt2
[DEBUG] Benchmark BV/2017-Preiner-keymaera/intersection-example-simple.proof-node673088.smt2: solved=True, runtime=0.22s, PAR-2=0.22s
[DEBUG] Processing 573/832: BV/2017-Preiner-keymaera/intersection-example-simple.proof-node192767.smt2
[DEBUG] Predicted solver: cvc5 for benchmark BV/2017-Preiner-keymaera/intersection-example-simple.proof-node192767.smt2
[DEBUG] Benchmark BV/2017-Preiner-keymaera/intersection-example-simple.proof-node192767.smt2: solved=True, runtime=0.25s, PAR-2=0.25s
[DEBUG] Processing 574/832: BV/2017-Preiner-keymaera/intersection-example-simple.proof-node290415.smt2
[DEBUG] Predicted solver: cvc5 for benchmark BV/2017-Preiner-keymaera/intersection-example-simple.proof-node290415.smt2
[DEBUG] Benchmark BV/2017-Preiner-keymaera/intersection-example-simple.proof-node290415.smt2: solved=True, runtime=0.24s, PAR-2=0.24s
[DEBUG] Processing 575/832: BV/2017-Preiner-scholl-smt08/RNDPRE/RNDPRE_3_21.smt2
[DEBUG] Predicted solver: YicesQS for benchmark BV/2017-Preiner-scholl-smt08/RNDPRE/RNDPRE_3_21.smt2
[DEBUG] Benchmark BV/2017-Preiner-scholl-smt08/RNDPRE/RNDPRE_3_21.smt2: solved=True, runtime=0.56s, PAR-2=0.56s
[DEBUG] Processing 576/832: BV/2020-Preiner-fmcad20/inv/check_ic_bvlshr_s_x_4.smt2
[DEBUG] Predicted solver: SMTInterpol for benchmark BV/2020-Preiner-fmcad20/inv/check_ic_bvlshr_s_x_4.smt2
[DEBUG] Benchmark BV/2020-Preiner-fmcad20/inv/check_ic_bvlshr_s_x_4.smt2: solved=True, runtime=2.82s, PAR-2=2.82s
[DEBUG] Processing 577/832: BV/2018-Preiner-cav18/check_bvsgt_bvurem1_64bit.smt2
[DEBUG] Predicted solver: SMTInterpol for benchmark BV/2018-Preiner-cav18/check_bvsgt_bvurem1_64bit.smt2
[DEBUG] Benchmark BV/2018-Preiner-cav18/check_bvsgt_bvurem1_64bit.smt2: solved=True, runtime=0.56s, PAR-2=0.56s
[DEBUG] Processing 578/832: BV/2017-Preiner-keymaera/intersection-example-simple.proof-node737898.smt2
[DEBUG] Predicted solver: cvc5 for benchmark BV/2017-Preiner-keymaera/intersection-example-simple.proof-node737898.smt2
[DEBUG] Benchmark BV/2017-Preiner-keymaera/intersection-example-simple.proof-node737898.smt2: solved=True, runtime=0.25s, PAR-2=0.25s
[DEBUG] Processing 579/832: BV/2017-Preiner-keymaera/intersection-example-simple.proof-node674647.smt2
[DEBUG] Predicted solver: cvc5 for benchmark BV/2017-Preiner-keymaera/intersection-example-simple.proof-node674647.smt2
[DEBUG] Benchmark BV/2017-Preiner-keymaera/intersection-example-simple.proof-node674647.smt2: solved=True, runtime=0.22s, PAR-2=0.22s
[DEBUG] Processing 580/832: BV/llvm13-smtlib/07.smt2
[DEBUG] Predicted solver: SMTInterpol for benchmark BV/llvm13-smtlib/07.smt2
[DEBUG] Benchmark BV/llvm13-smtlib/07.smt2: solved=True, runtime=1.31s, PAR-2=1.31s
[DEBUG] Processing 581/832: BV/2020-Preiner-fmcad20/cons/check_cc_bvult_x_s_32.smt2
[DEBUG] Predicted solver: Z3alpha for benchmark BV/2020-Preiner-fmcad20/cons/check_cc_bvult_x_s_32.smt2
[DEBUG] Benchmark BV/2020-Preiner-fmcad20/cons/check_cc_bvult_x_s_32.smt2: solved=True, runtime=0.58s, PAR-2=0.58s
[DEBUG] Processing 582/832: BV/2017-Preiner-scholl-smt08/RNDPRE/RNDPRE_3_56.smt2
[DEBUG] Predicted solver: YicesQS for benchmark BV/2017-Preiner-scholl-smt08/RNDPRE/RNDPRE_3_56.smt2
[DEBUG] Benchmark BV/2017-Preiner-scholl-smt08/RNDPRE/RNDPRE_3_56.smt2: solved=True, runtime=294.86s, PAR-2=294.86s
[DEBUG] Processing 583/832: BV/2017-Preiner-UltimateAutomizer/Primes_true-unreach-call.c_678.smt2
[DEBUG] Predicted solver: SMTInterpol for benchmark BV/2017-Preiner-UltimateAutomizer/Primes_true-unreach-call.c_678.smt2
[DEBUG] Benchmark BV/2017-Preiner-UltimateAutomizer/Primes_true-unreach-call.c_678.smt2: solved=True, runtime=0.50s, PAR-2=0.50s
[DEBUG] Processing 584/832: BV/2017-Preiner-keymaera/intersection-example-simple.proof-node631052.smt2
[DEBUG] Predicted solver: cvc5 for benchmark BV/2017-Preiner-keymaera/intersection-example-simple.proof-node631052.smt2
[DEBUG] Benchmark BV/2017-Preiner-keymaera/intersection-example-simple.proof-node631052.smt2: solved=True, runtime=0.22s, PAR-2=0.22s
[DEBUG] Processing 585/832: BV/2017-Preiner-keymaera/intersection-example-simple.proof-node476753.smt2
[DEBUG] Predicted solver: cvc5 for benchmark BV/2017-Preiner-keymaera/intersection-example-simple.proof-node476753.smt2
[DEBUG] Benchmark BV/2017-Preiner-keymaera/intersection-example-simple.proof-node476753.smt2: solved=True, runtime=0.25s, PAR-2=0.25s
[DEBUG] Processing 586/832: BV/2017-Preiner-keymaera/intersection-example-simple.proof-node534610.smt2
[DEBUG] Predicted solver: cvc5 for benchmark BV/2017-Preiner-keymaera/intersection-example-simple.proof-node534610.smt2
[DEBUG] Benchmark BV/2017-Preiner-keymaera/intersection-example-simple.proof-node534610.smt2: solved=True, runtime=0.24s, PAR-2=0.24s
[DEBUG] Processing 587/832: BV/2017-Preiner-keymaera/binary_driver-2007-10-09-node10279.smt2
[DEBUG] Predicted solver: YicesQS for benchmark BV/2017-Preiner-keymaera/binary_driver-2007-10-09-node10279.smt2
[DEBUG] Benchmark BV/2017-Preiner-keymaera/binary_driver-2007-10-09-node10279.smt2: solved=True, runtime=0.36s, PAR-2=0.36s
[DEBUG] Processing 588/832: BV/2017-Preiner-keymaera/intersection-example-simple.proof-node602111.smt2
[DEBUG] Predicted solver: cvc5 for benchmark BV/2017-Preiner-keymaera/intersection-example-simple.proof-node602111.smt2
[DEBUG] Benchmark BV/2017-Preiner-keymaera/intersection-example-simple.proof-node602111.smt2: solved=True, runtime=0.22s, PAR-2=0.22s
[DEBUG] Processing 589/832: BV/2020-Preiner-fmcad20/cons/check_cc_udiv_s_x_32.smt2
[DEBUG] Predicted solver: Z3alpha for benchmark BV/2020-Preiner-fmcad20/cons/check_cc_udiv_s_x_32.smt2
[DEBUG] Benchmark BV/2020-Preiner-fmcad20/cons/check_cc_udiv_s_x_32.smt2: solved=False, runtime=1200.00s, PAR-2=2400.00s
[DEBUG] Processing 590/832: BV/2017-Preiner-keymaera/intersection-example-simple.proof-node391142.smt2
[DEBUG] Predicted solver: cvc5 for benchmark BV/2017-Preiner-keymaera/intersection-example-simple.proof-node391142.smt2
[DEBUG] Benchmark BV/2017-Preiner-keymaera/intersection-example-simple.proof-node391142.smt2: solved=True, runtime=0.23s, PAR-2=0.23s
[DEBUG] Processing 591/832: BV/wintersteiger/fmsd13/fixpoint/itc-b13-fixpoint-8.smt2
[DEBUG] Predicted solver: Z3alpha for benchmark BV/wintersteiger/fmsd13/fixpoint/itc-b13-fixpoint-8.smt2
[DEBUG] Benchmark BV/wintersteiger/fmsd13/fixpoint/itc-b13-fixpoint-8.smt2: solved=True, runtime=0.42s, PAR-2=0.42s
[DEBUG] Processing 592/832: BV/2017-Preiner-scholl-smt08/RNDPRE/RNDPRE_3_37.smt2
[DEBUG] Predicted solver: YicesQS for benchmark BV/2017-Preiner-scholl-smt08/RNDPRE/RNDPRE_3_37.smt2
[DEBUG] Benchmark BV/2017-Preiner-scholl-smt08/RNDPRE/RNDPRE_3_37.smt2: solved=True, runtime=0.24s, PAR-2=0.24s
[DEBUG] Processing 593/832: BV/2017-Preiner-keymaera/intersection-example-simple.proof-node52492.smt2
[DEBUG] Predicted solver: cvc5 for benchmark BV/2017-Preiner-keymaera/intersection-example-simple.proof-node52492.smt2
[DEBUG] Benchmark BV/2017-Preiner-keymaera/intersection-example-simple.proof-node52492.smt2: solved=True, runtime=0.22s, PAR-2=0.22s
[DEBUG] Processing 594/832: BV/2017-Preiner-scholl-smt08/RNDPRE/RNDPRE_3_4.smt2
[DEBUG] Predicted solver: Bitwuzla for benchmark BV/2017-Preiner-scholl-smt08/RNDPRE/RNDPRE_3_4.smt2
[DEBUG] Benchmark BV/2017-Preiner-scholl-smt08/RNDPRE/RNDPRE_3_4.smt2: solved=True, runtime=0.41s, PAR-2=0.41s
[DEBUG] Processing 595/832: BV/2018-Preiner-cav18/check_bvsle_bvurem1_32bit.smt2
[DEBUG] Predicted solver: SMTInterpol for benchmark BV/2018-Preiner-cav18/check_bvsle_bvurem1_32bit.smt2
[DEBUG] Benchmark BV/2018-Preiner-cav18/check_bvsle_bvurem1_32bit.smt2: solved=True, runtime=0.58s, PAR-2=0.58s
[DEBUG] Processing 596/832: BV/2017-Preiner-scholl-smt08/model/model_5_42.smt2
[DEBUG] Predicted solver: YicesQS for benchmark BV/2017-Preiner-scholl-smt08/model/model_5_42.smt2
[DEBUG] Benchmark BV/2017-Preiner-scholl-smt08/model/model_5_42.smt2: solved=True, runtime=0.37s, PAR-2=0.37s
[DEBUG] Processing 597/832: BV/2017-Preiner-scholl-smt08/RND/RND_4_11.smt2
[DEBUG] Predicted solver: cvc5 for benchmark BV/2017-Preiner-scholl-smt08/RND/RND_4_11.smt2
[DEBUG] Benchmark BV/2017-Preiner-scholl-smt08/RND/RND_4_11.smt2: solved=True, runtime=160.39s, PAR-2=160.39s
[DEBUG] Processing 598/832: BV/20170501-Heizmann-UltimateAutomizer/jain_2_true-unreach-call_true-no-overflow.i_228.smt2
[DEBUG] Predicted solver: SMTInterpol for benchmark BV/20170501-Heizmann-UltimateAutomizer/jain_2_true-unreach-call_true-no-overflow.i_228.smt2
[DEBUG] Benchmark BV/20170501-Heizmann-UltimateAutomizer/jain_2_true-unreach-call_true-no-overflow.i_228.smt2: solved=True, runtime=0.56s, PAR-2=0.56s
[DEBUG] Processing 599/832: BV/2017-Preiner-keymaera/intersection-example-simple.proof-node346170.smt2
[DEBUG] Predicted solver: cvc5 for benchmark BV/2017-Preiner-keymaera/intersection-example-simple.proof-node346170.smt2
[DEBUG] Benchmark BV/2017-Preiner-keymaera/intersection-example-simple.proof-node346170.smt2: solved=True, runtime=0.23s, PAR-2=0.23s
[DEBUG] Processing 600/832: BV/2017-Preiner-keymaera/intersection-example-simple.proof-node535359.smt2
[DEBUG] Predicted solver: cvc5 for benchmark BV/2017-Preiner-keymaera/intersection-example-simple.proof-node535359.smt2
[DEBUG] Benchmark BV/2017-Preiner-keymaera/intersection-example-simple.proof-node535359.smt2: solved=True, runtime=0.22s, PAR-2=0.22s
[DEBUG] Processing 601/832: BV/2020-Preiner-fmcad20/inv/check_ic_sext_4_4.smt2
[DEBUG] Predicted solver: Bitwuzla for benchmark BV/2020-Preiner-fmcad20/inv/check_ic_sext_4_4.smt2
[DEBUG] Benchmark BV/2020-Preiner-fmcad20/inv/check_ic_sext_4_4.smt2: solved=True, runtime=0.25s, PAR-2=0.25s
[DEBUG] Processing 602/832: BV/20230321-UltimateAutomizerSvcomp2023/btor2c-eagerMod.vis_arrays_vsa16a_p6.c_5.smt2
[DEBUG] Predicted solver: Bitwuzla for benchmark BV/20230321-UltimateAutomizerSvcomp2023/btor2c-eagerMod.vis_arrays_vsa16a_p6.c_5.smt2
[DEBUG] Benchmark BV/20230321-UltimateAutomizerSvcomp2023/btor2c-eagerMod.vis_arrays_vsa16a_p6.c_5.smt2: solved=True, runtime=0.29s, PAR-2=0.29s
[DEBUG] Processing 603/832: BV/2017-Preiner-psyco/172.smt2
[DEBUG] Predicted solver: cvc5 for benchmark BV/2017-Preiner-psyco/172.smt2
[DEBUG] Benchmark BV/2017-Preiner-psyco/172.smt2: solved=True, runtime=0.77s, PAR-2=0.77s
[DEBUG] Processing 604/832: BV/20190429-UltimateAutomizerSvcomp2019/jain_6_true-unreach-call_true-no-overflow_false-termination.i_18.smt2
[DEBUG] Predicted solver: SMTInterpol for benchmark BV/20190429-UltimateAutomizerSvcomp2019/jain_6_true-unreach-call_true-no-overflow_false-termination.i_18.smt2
[DEBUG] Benchmark BV/20190429-UltimateAutomizerSvcomp2019/jain_6_true-unreach-call_true-no-overflow_false-termination.i_18.smt2: solved=True, runtime=0.50s, PAR-2=0.50s
[DEBUG] Processing 605/832: BV/2017-Preiner-keymaera/ETCS-essentials-node3023.smt2
[DEBUG] Predicted solver: YicesQS for benchmark BV/2017-Preiner-keymaera/ETCS-essentials-node3023.smt2
[DEBUG] Benchmark BV/2017-Preiner-keymaera/ETCS-essentials-node3023.smt2: solved=True, runtime=0.29s, PAR-2=0.29s
[DEBUG] Processing 606/832: BV/20230321-UltimateAutomizerSvcomp2023/soft_float_1-1.c.cil.c_2.smt2
[DEBUG] Predicted solver: SMTInterpol for benchmark BV/20230321-UltimateAutomizerSvcomp2023/soft_float_1-1.c.cil.c_2.smt2
[DEBUG] Benchmark BV/20230321-UltimateAutomizerSvcomp2023/soft_float_1-1.c.cil.c_2.smt2: solved=True, runtime=0.91s, PAR-2=0.91s
[DEBUG] Processing 607/832: BV/20170501-Heizmann-UltimateAutomizer/jain_6_true-unreach-call_true-no-overflow.i_431.smt2
[DEBUG] Predicted solver: SMTInterpol for benchmark BV/20170501-Heizmann-UltimateAutomizer/jain_6_true-unreach-call_true-no-overflow.i_431.smt2
[DEBUG] Benchmark BV/20170501-Heizmann-UltimateAutomizer/jain_6_true-unreach-call_true-no-overflow.i_431.smt2: solved=True, runtime=0.54s, PAR-2=0.54s
[DEBUG] Processing 608/832: BV/2017-Preiner-keymaera/intersection-example-simple.proof-node290206.smt2
[DEBUG] Predicted solver: cvc5 for benchmark BV/2017-Preiner-keymaera/intersection-example-simple.proof-node290206.smt2
[DEBUG] Benchmark BV/2017-Preiner-keymaera/intersection-example-simple.proof-node290206.smt2: solved=True, runtime=0.22s, PAR-2=0.22s
[DEBUG] Processing 609/832: BV/2017-Preiner-keymaera/intersection-example-simple.proof-node349694.smt2
[DEBUG] Predicted solver: cvc5 for benchmark BV/2017-Preiner-keymaera/intersection-example-simple.proof-node349694.smt2
[DEBUG] Benchmark BV/2017-Preiner-keymaera/intersection-example-simple.proof-node349694.smt2: solved=True, runtime=0.22s, PAR-2=0.22s
[DEBUG] Processing 610/832: BV/2017-Preiner-keymaera/intersection-example-simple.proof-node488018.smt2
[DEBUG] Predicted solver: cvc5 for benchmark BV/2017-Preiner-keymaera/intersection-example-simple.proof-node488018.smt2
[DEBUG] Benchmark BV/2017-Preiner-keymaera/intersection-example-simple.proof-node488018.smt2: solved=True, runtime=0.24s, PAR-2=0.24s
[DEBUG] Processing 611/832: BV/20230321-UltimateAutomizerSvcomp2023/jain_6-1.c_5.smt2
[DEBUG] Predicted solver: SMTInterpol for benchmark BV/20230321-UltimateAutomizerSvcomp2023/jain_6-1.c_5.smt2
[DEBUG] Benchmark BV/20230321-UltimateAutomizerSvcomp2023/jain_6-1.c_5.smt2: solved=True, runtime=0.50s, PAR-2=0.50s
[DEBUG] Processing 612/832: BV/20230321-UltimateAutomizerSvcomp2023/soft_float_1-2.c.cil.c_6.smt2
[DEBUG] Predicted solver: SMTInterpol for benchmark BV/20230321-UltimateAutomizerSvcomp2023/soft_float_1-2.c.cil.c_6.smt2
[DEBUG] Benchmark BV/20230321-UltimateAutomizerSvcomp2023/soft_float_1-2.c.cil.c_6.smt2: solved=True, runtime=0.81s, PAR-2=0.81s
[DEBUG] Processing 613/832: BV/2017-Preiner-keymaera/safety-lemma-node14050.smt2
[DEBUG] Predicted solver: YicesQS for benchmark BV/2017-Preiner-keymaera/safety-lemma-node14050.smt2
[DEBUG] Benchmark BV/2017-Preiner-keymaera/safety-lemma-node14050.smt2: solved=True, runtime=0.29s, PAR-2=0.29s
[DEBUG] Processing 614/832: BV/2017-Preiner-keymaera/intersection-example-simple.proof-node348040.smt2
[DEBUG] Predicted solver: cvc5 for benchmark BV/2017-Preiner-keymaera/intersection-example-simple.proof-node348040.smt2
[DEBUG] Benchmark BV/2017-Preiner-keymaera/intersection-example-simple.proof-node348040.smt2: solved=True, runtime=0.22s, PAR-2=0.22s
[DEBUG] Processing 615/832: BV/2020-Preiner-fmcad20/cons/check_cc_urem_x_s_4.smt2
[DEBUG] Predicted solver: SMTInterpol for benchmark BV/2020-Preiner-fmcad20/cons/check_cc_urem_x_s_4.smt2
[DEBUG] Benchmark BV/2020-Preiner-fmcad20/cons/check_cc_urem_x_s_4.smt2: solved=True, runtime=1.32s, PAR-2=1.32s
[DEBUG] Processing 616/832: BV/2017-Preiner-keymaera/intersection-example-simple.proof-node531710.smt2
[DEBUG] Predicted solver: cvc5 for benchmark BV/2017-Preiner-keymaera/intersection-example-simple.proof-node531710.smt2
[DEBUG] Benchmark BV/2017-Preiner-keymaera/intersection-example-simple.proof-node531710.smt2: solved=True, runtime=0.24s, PAR-2=0.24s
[DEBUG] Processing 617/832: BV/20190429-UltimateAutomizerSvcomp2019/jain_7_true-unreach-call_true-no-overflow_false-termination.i_6.smt2
[DEBUG] Predicted solver: SMTInterpol for benchmark BV/20190429-UltimateAutomizerSvcomp2019/jain_7_true-unreach-call_true-no-overflow_false-termination.i_6.smt2
[DEBUG] Benchmark BV/20190429-UltimateAutomizerSvcomp2019/jain_7_true-unreach-call_true-no-overflow_false-termination.i_6.smt2: solved=True, runtime=0.53s, PAR-2=0.53s
[DEBUG] Processing 618/832: BV/20210301-Alive2-partial-undef/sqlite3/773_sqlite3.smt2
[DEBUG] Predicted solver: Z3alpha for benchmark BV/20210301-Alive2-partial-undef/sqlite3/773_sqlite3.smt2
[DEBUG] Benchmark BV/20210301-Alive2-partial-undef/sqlite3/773_sqlite3.smt2: solved=True, runtime=5.94s, PAR-2=5.94s
[DEBUG] Processing 619/832: BV/2017-Preiner-keymaera/intersection-example-simple.proof-node733082.smt2
[DEBUG] Predicted solver: cvc5 for benchmark BV/2017-Preiner-keymaera/intersection-example-simple.proof-node733082.smt2
[DEBUG] Benchmark BV/2017-Preiner-keymaera/intersection-example-simple.proof-node733082.smt2: solved=True, runtime=0.22s, PAR-2=0.22s
[DEBUG] Processing 620/832: BV/2017-Preiner-keymaera/dccs-example-node3896.smt2
[DEBUG] Predicted solver: Z3alpha for benchmark BV/2017-Preiner-keymaera/dccs-example-node3896.smt2
[DEBUG] Benchmark BV/2017-Preiner-keymaera/dccs-example-node3896.smt2: solved=True, runtime=0.48s, PAR-2=0.48s
[DEBUG] Processing 621/832: BV/2017-Preiner-keymaera/intersection-example-simple.proof-node551029.smt2
[DEBUG] Predicted solver: cvc5 for benchmark BV/2017-Preiner-keymaera/intersection-example-simple.proof-node551029.smt2
[DEBUG] Benchmark BV/2017-Preiner-keymaera/intersection-example-simple.proof-node551029.smt2: solved=True, runtime=0.22s, PAR-2=0.22s
[DEBUG] Processing 622/832: BV/2017-Preiner-scholl-smt08/model/model_6_58.smt2
[DEBUG] Predicted solver: YicesQS for benchmark BV/2017-Preiner-scholl-smt08/model/model_6_58.smt2
[DEBUG] Benchmark BV/2017-Preiner-scholl-smt08/model/model_6_58.smt2: solved=True, runtime=0.28s, PAR-2=0.28s
[DEBUG] Processing 623/832: BV/20170501-Heizmann-UltimateAutomizer/MultCommutative_true-unreach-call_true-no-overflow_true-termination.c_2674.smt2
[DEBUG] Predicted solver: SMTInterpol for benchmark BV/20170501-Heizmann-UltimateAutomizer/MultCommutative_true-unreach-call_true-no-overflow_true-termination.c_2674.smt2
[DEBUG] Benchmark BV/20170501-Heizmann-UltimateAutomizer/MultCommutative_true-unreach-call_true-no-overflow_true-termination.c_2674.smt2: solved=True, runtime=0.45s, PAR-2=0.45s
[DEBUG] Processing 624/832: BV/20170501-Heizmann-UltimateAutomizer/MultCommutative_true-unreach-call_true-no-overflow_true-termination.c_3226.smt2
[DEBUG] Predicted solver: SMTInterpol for benchmark BV/20170501-Heizmann-UltimateAutomizer/MultCommutative_true-unreach-call_true-no-overflow_true-termination.c_3226.smt2
[DEBUG] Benchmark BV/20170501-Heizmann-UltimateAutomizer/MultCommutative_true-unreach-call_true-no-overflow_true-termination.c_3226.smt2: solved=True, runtime=0.53s, PAR-2=0.53s
[DEBUG] Processing 625/832: BV/2017-Preiner-psyco/125.smt2
[DEBUG] Predicted solver: cvc5 for benchmark BV/2017-Preiner-psyco/125.smt2
[DEBUG] Benchmark BV/2017-Preiner-psyco/125.smt2: solved=True, runtime=0.33s, PAR-2=0.33s
[DEBUG] Processing 626/832: BV/2018-Preiner-cav18/check_bvugt_bvashr1_64bit.smt2
[DEBUG] Predicted solver: SMTInterpol for benchmark BV/2018-Preiner-cav18/check_bvugt_bvashr1_64bit.smt2
[DEBUG] Benchmark BV/2018-Preiner-cav18/check_bvugt_bvashr1_64bit.smt2: solved=True, runtime=1.37s, PAR-2=1.37s
[DEBUG] Processing 627/832: BV/20190429-UltimateAutomizerSvcomp2019/float_req_bl_0730b_true-unreach-call.c_38.smt2
[DEBUG] Predicted solver: SMTInterpol for benchmark BV/20190429-UltimateAutomizerSvcomp2019/float_req_bl_0730b_true-unreach-call.c_38.smt2
[DEBUG] Benchmark BV/20190429-UltimateAutomizerSvcomp2019/float_req_bl_0730b_true-unreach-call.c_38.smt2: solved=True, runtime=0.44s, PAR-2=0.44s
[DEBUG] Processing 628/832: BV/wintersteiger/fmsd13/fixpoint/AR-fixpoint-4.smt2
[DEBUG] Predicted solver: SMTInterpol for benchmark BV/wintersteiger/fmsd13/fixpoint/AR-fixpoint-4.smt2
[DEBUG] Benchmark BV/wintersteiger/fmsd13/fixpoint/AR-fixpoint-4.smt2: solved=True, runtime=4.86s, PAR-2=4.86s
[DEBUG] Processing 629/832: BV/2017-Preiner-psyco/126.smt2
[DEBUG] Predicted solver: cvc5 for benchmark BV/2017-Preiner-psyco/126.smt2
[DEBUG] Benchmark BV/2017-Preiner-psyco/126.smt2: solved=True, runtime=0.39s, PAR-2=0.39s
[DEBUG] Processing 630/832: BV/2017-Preiner-keymaera/intersection-example-onelane.proof-node53901.smt2
[DEBUG] Predicted solver: YicesQS for benchmark BV/2017-Preiner-keymaera/intersection-example-onelane.proof-node53901.smt2
[DEBUG] Benchmark BV/2017-Preiner-keymaera/intersection-example-onelane.proof-node53901.smt2: solved=True, runtime=0.35s, PAR-2=0.35s
[DEBUG] Processing 631/832: BV/wintersteiger/fmsd13/fixpoint/cache-coherence-2-fixpoint-6.smt2
[DEBUG] Predicted solver: cvc5 for benchmark BV/wintersteiger/fmsd13/fixpoint/cache-coherence-2-fixpoint-6.smt2
[DEBUG] Benchmark BV/wintersteiger/fmsd13/fixpoint/cache-coherence-2-fixpoint-6.smt2: solved=True, runtime=4.91s, PAR-2=4.91s
[DEBUG] Processing 632/832: BV/2017-Preiner-keymaera/intersection-example-simple.proof-node389601.smt2
[DEBUG] Predicted solver: cvc5 for benchmark BV/2017-Preiner-keymaera/intersection-example-simple.proof-node389601.smt2
[DEBUG] Benchmark BV/2017-Preiner-keymaera/intersection-example-simple.proof-node389601.smt2: solved=True, runtime=0.22s, PAR-2=0.22s
[DEBUG] Processing 633/832: BV/2018-Preiner-cav18/check_bvugt_bvashr0_64bit.smt2
[DEBUG] Predicted solver: SMTInterpol for benchmark BV/2018-Preiner-cav18/check_bvugt_bvashr0_64bit.smt2
[DEBUG] Benchmark BV/2018-Preiner-cav18/check_bvugt_bvashr0_64bit.smt2: solved=True, runtime=1.05s, PAR-2=1.05s
[DEBUG] Processing 634/832: BV/2018-Preiner-cav18/check_bvsge_bvudiv1_64bit.smt2
[DEBUG] Predicted solver: SMTInterpol for benchmark BV/2018-Preiner-cav18/check_bvsge_bvudiv1_64bit.smt2
[DEBUG] Benchmark BV/2018-Preiner-cav18/check_bvsge_bvudiv1_64bit.smt2: solved=True, runtime=0.55s, PAR-2=0.55s
[DEBUG] Processing 635/832: BV/2017-Preiner-scholl-smt08/RNDPRE/RNDPRE_4_55.smt2
[DEBUG] Predicted solver: YicesQS for benchmark BV/2017-Preiner-scholl-smt08/RNDPRE/RNDPRE_4_55.smt2
[DEBUG] Benchmark BV/2017-Preiner-scholl-smt08/RNDPRE/RNDPRE_4_55.smt2: solved=True, runtime=0.71s, PAR-2=0.71s
[DEBUG] Processing 636/832: BV/2017-Preiner-keymaera/intersection-example-simple.proof-node349276.smt2
[DEBUG] Predicted solver: cvc5 for benchmark BV/2017-Preiner-keymaera/intersection-example-simple.proof-node349276.smt2
[DEBUG] Benchmark BV/2017-Preiner-keymaera/intersection-example-simple.proof-node349276.smt2: solved=True, runtime=0.22s, PAR-2=0.22s
[DEBUG] Processing 637/832: BV/2017-Preiner-scholl-smt08/RNDPRE/RNDPRE_3_59.smt2
[DEBUG] Predicted solver: YicesQS for benchmark BV/2017-Preiner-scholl-smt08/RNDPRE/RNDPRE_3_59.smt2
[DEBUG] Benchmark BV/2017-Preiner-scholl-smt08/RNDPRE/RNDPRE_3_59.smt2: solved=True, runtime=0.55s, PAR-2=0.55s
[DEBUG] Processing 638/832: BV/2017-Preiner-psyco/123.smt2
[DEBUG] Predicted solver: cvc5 for benchmark BV/2017-Preiner-psyco/123.smt2
[DEBUG] Benchmark BV/2017-Preiner-psyco/123.smt2: solved=True, runtime=0.28s, PAR-2=0.28s
[DEBUG] Processing 639/832: BV/2017-Preiner-keymaera/intersection-example-simple.proof-node391949.smt2
[DEBUG] Predicted solver: cvc5 for benchmark BV/2017-Preiner-keymaera/intersection-example-simple.proof-node391949.smt2
[DEBUG] Benchmark BV/2017-Preiner-keymaera/intersection-example-simple.proof-node391949.smt2: solved=True, runtime=0.22s, PAR-2=0.22s
[DEBUG] Processing 640/832: BV/2017-Preiner-scholl-smt08/RNDPRE/RNDPRE_4_68.smt2
[DEBUG] Predicted solver: YicesQS for benchmark BV/2017-Preiner-scholl-smt08/RNDPRE/RNDPRE_4_68.smt2
[DEBUG] Benchmark BV/2017-Preiner-scholl-smt08/RNDPRE/RNDPRE_4_68.smt2: solved=True, runtime=0.59s, PAR-2=0.59s
[DEBUG] Processing 641/832: BV/20170501-Heizmann-UltimateAutomizer/jain_2_true-unreach-call_true-no-overflow.i_223.smt2
[DEBUG] Predicted solver: SMTInterpol for benchmark BV/20170501-Heizmann-UltimateAutomizer/jain_2_true-unreach-call_true-no-overflow.i_223.smt2
[DEBUG] Benchmark BV/20170501-Heizmann-UltimateAutomizer/jain_2_true-unreach-call_true-no-overflow.i_223.smt2: solved=True, runtime=0.59s, PAR-2=0.59s
[DEBUG] Processing 642/832: BV/2018-Preiner-cav18/check_bvslt_bvurem0_64bit.smt2
[DEBUG] Predicted solver: SMTInterpol for benchmark BV/2018-Preiner-cav18/check_bvslt_bvurem0_64bit.smt2
[DEBUG] Benchmark BV/2018-Preiner-cav18/check_bvslt_bvurem0_64bit.smt2: solved=True, runtime=0.72s, PAR-2=0.72s
[DEBUG] Processing 643/832: BV/2017-Preiner-keymaera/intersection-example-simple.proof-node348711.smt2
[DEBUG] Predicted solver: cvc5 for benchmark BV/2017-Preiner-keymaera/intersection-example-simple.proof-node348711.smt2
[DEBUG] Benchmark BV/2017-Preiner-keymaera/intersection-example-simple.proof-node348711.smt2: solved=True, runtime=0.22s, PAR-2=0.22s
[DEBUG] Processing 644/832: BV/2017-Preiner-keymaera/intersection-example-simple.proof-node267466.smt2
[DEBUG] Predicted solver: cvc5 for benchmark BV/2017-Preiner-keymaera/intersection-example-simple.proof-node267466.smt2
[DEBUG] Benchmark BV/2017-Preiner-keymaera/intersection-example-simple.proof-node267466.smt2: solved=True, runtime=0.23s, PAR-2=0.23s
[DEBUG] Processing 645/832: BV/wintersteiger/fmsd13/ranking/kmdf_osrusbfx2_exe_testapp.c.smt2
[DEBUG] Predicted solver: SMTInterpol for benchmark BV/wintersteiger/fmsd13/ranking/kmdf_osrusbfx2_exe_testapp.c.smt2
[DEBUG] Benchmark BV/wintersteiger/fmsd13/ranking/kmdf_osrusbfx2_exe_testapp.c.smt2: solved=True, runtime=0.49s, PAR-2=0.49s
[DEBUG] Processing 646/832: BV/2017-Preiner-keymaera/intersection-example-onelane.proof-node45106.smt2
[DEBUG] Predicted solver: YicesQS for benchmark BV/2017-Preiner-keymaera/intersection-example-onelane.proof-node45106.smt2
[DEBUG] Benchmark BV/2017-Preiner-keymaera/intersection-example-onelane.proof-node45106.smt2: solved=True, runtime=0.55s, PAR-2=0.55s
[DEBUG] Processing 647/832: BV/2017-Preiner-keymaera/intersection-example-onelane.proof-node12481.smt2
[DEBUG] Predicted solver: YicesQS for benchmark BV/2017-Preiner-keymaera/intersection-example-onelane.proof-node12481.smt2
[DEBUG] Benchmark BV/2017-Preiner-keymaera/intersection-example-onelane.proof-node12481.smt2: solved=True, runtime=0.29s, PAR-2=0.29s
[DEBUG] Processing 648/832: BV/20190429-UltimateAutomizerSvcomp2019/jain_7_true-unreach-call_true-no-overflow_false-termination.i_19.smt2
[DEBUG] Predicted solver: SMTInterpol for benchmark BV/20190429-UltimateAutomizerSvcomp2019/jain_7_true-unreach-call_true-no-overflow_false-termination.i_19.smt2
[DEBUG] Benchmark BV/20190429-UltimateAutomizerSvcomp2019/jain_7_true-unreach-call_true-no-overflow_false-termination.i_19.smt2: solved=True, runtime=0.57s, PAR-2=0.57s
[DEBUG] Processing 649/832: BV/20230321-UltimateAutomizerSvcomp2023/jain_6-1.c_9.smt2
[DEBUG] Predicted solver: SMTInterpol for benchmark BV/20230321-UltimateAutomizerSvcomp2023/jain_6-1.c_9.smt2
[DEBUG] Benchmark BV/20230321-UltimateAutomizerSvcomp2023/jain_6-1.c_9.smt2: solved=True, runtime=0.49s, PAR-2=0.49s
[DEBUG] Processing 650/832: BV/2017-Preiner-keymaera/intersection-example-simple.proof-node270992.smt2
[DEBUG] Predicted solver: cvc5 for benchmark BV/2017-Preiner-keymaera/intersection-example-simple.proof-node270992.smt2
[DEBUG] Benchmark BV/2017-Preiner-keymaera/intersection-example-simple.proof-node270992.smt2: solved=True, runtime=0.22s, PAR-2=0.22s
[DEBUG] Processing 651/832: BV/2017-Preiner-scholl-smt08/model/model_6_47.smt2
[DEBUG] Predicted solver: YicesQS for benchmark BV/2017-Preiner-scholl-smt08/model/model_6_47.smt2
[DEBUG] Benchmark BV/2017-Preiner-scholl-smt08/model/model_6_47.smt2: solved=True, runtime=0.22s, PAR-2=0.22s
[DEBUG] Processing 652/832: BV/20190429-UltimateAutomizerSvcomp2019/jain_6_true-unreach-call_true-no-overflow_false-termination.i_10.smt2
[DEBUG] Predicted solver: SMTInterpol for benchmark BV/20190429-UltimateAutomizerSvcomp2019/jain_6_true-unreach-call_true-no-overflow_false-termination.i_10.smt2
[DEBUG] Benchmark BV/20190429-UltimateAutomizerSvcomp2019/jain_6_true-unreach-call_true-no-overflow_false-termination.i_10.smt2: solved=True, runtime=0.56s, PAR-2=0.56s
[DEBUG] Processing 653/832: BV/2017-Preiner-scholl-smt08/RNDPRE/RNDPRE_3_48.smt2
[DEBUG] Predicted solver: YicesQS for benchmark BV/2017-Preiner-scholl-smt08/RNDPRE/RNDPRE_3_48.smt2
[DEBUG] Benchmark BV/2017-Preiner-scholl-smt08/RNDPRE/RNDPRE_3_48.smt2: solved=True, runtime=0.33s, PAR-2=0.33s
[DEBUG] Processing 654/832: BV/20210301-Alive2/oggenc/386_oggenc.smt2
[DEBUG] Predicted solver: Bitwuzla for benchmark BV/20210301-Alive2/oggenc/386_oggenc.smt2
[DEBUG] Benchmark BV/20210301-Alive2/oggenc/386_oggenc.smt2: solved=False, runtime=1200.00s, PAR-2=2400.00s
[DEBUG] Processing 655/832: BV/2017-Preiner-keymaera/intersection-example-simple.proof-node532026.smt2
[DEBUG] Predicted solver: cvc5 for benchmark BV/2017-Preiner-keymaera/intersection-example-simple.proof-node532026.smt2
[DEBUG] Benchmark BV/2017-Preiner-keymaera/intersection-example-simple.proof-node532026.smt2: solved=True, runtime=0.22s, PAR-2=0.22s
[DEBUG] Processing 656/832: BV/2017-Preiner-keymaera/intersection-example-simple.proof-node603436.smt2
[DEBUG] Predicted solver: cvc5 for benchmark BV/2017-Preiner-keymaera/intersection-example-simple.proof-node603436.smt2
[DEBUG] Benchmark BV/2017-Preiner-keymaera/intersection-example-simple.proof-node603436.smt2: solved=True, runtime=0.24s, PAR-2=0.24s
[DEBUG] Processing 657/832: BV/2017-Preiner-scholl-smt08/model/model_6_2.smt2
[DEBUG] Predicted solver: Z3alpha for benchmark BV/2017-Preiner-scholl-smt08/model/model_6_2.smt2
[DEBUG] Benchmark BV/2017-Preiner-scholl-smt08/model/model_6_2.smt2: solved=True, runtime=0.28s, PAR-2=0.28s
[DEBUG] Processing 658/832: BV/2017-Preiner-keymaera/binary_driver-2007-10-09-node13791.smt2
[DEBUG] Predicted solver: YicesQS for benchmark BV/2017-Preiner-keymaera/binary_driver-2007-10-09-node13791.smt2
[DEBUG] Benchmark BV/2017-Preiner-keymaera/binary_driver-2007-10-09-node13791.smt2: solved=True, runtime=0.31s, PAR-2=0.31s
[DEBUG] Processing 659/832: BV/2018-Preiner-cav18/check_ne_bvudiv1_64bit.smt2
[DEBUG] Predicted solver: YicesQS for benchmark BV/2018-Preiner-cav18/check_ne_bvudiv1_64bit.smt2
[DEBUG] Benchmark BV/2018-Preiner-cav18/check_ne_bvudiv1_64bit.smt2: solved=True, runtime=0.33s, PAR-2=0.33s
[DEBUG] Processing 660/832: BV/2017-Preiner-keymaera/intersection-example-simple.proof-node172682.smt2
[DEBUG] Predicted solver: cvc5 for benchmark BV/2017-Preiner-keymaera/intersection-example-simple.proof-node172682.smt2
[DEBUG] Benchmark BV/2017-Preiner-keymaera/intersection-example-simple.proof-node172682.smt2: solved=True, runtime=0.22s, PAR-2=0.22s
[DEBUG] Processing 661/832: BV/2017-Preiner-keymaera/intersection-example-simple.proof-node480617.smt2
[DEBUG] Predicted solver: cvc5 for benchmark BV/2017-Preiner-keymaera/intersection-example-simple.proof-node480617.smt2
[DEBUG] Benchmark BV/2017-Preiner-keymaera/intersection-example-simple.proof-node480617.smt2: solved=True, runtime=0.22s, PAR-2=0.22s
[DEBUG] Processing 662/832: BV/wintersteiger/fmsd13/fixpoint/itc-b13-fixpoint-9.smt2
[DEBUG] Predicted solver: Z3alpha for benchmark BV/wintersteiger/fmsd13/fixpoint/itc-b13-fixpoint-9.smt2
[DEBUG] Benchmark BV/wintersteiger/fmsd13/fixpoint/itc-b13-fixpoint-9.smt2: solved=True, runtime=0.47s, PAR-2=0.47s
[DEBUG] Processing 663/832: BV/20230321-UltimateAutomizerSvcomp2023/btor2c-lazyMod.protocols.1.prop1-func-interl.c_0.smt2
[DEBUG] Predicted solver: cvc5 for benchmark BV/20230321-UltimateAutomizerSvcomp2023/btor2c-lazyMod.protocols.1.prop1-func-interl.c_0.smt2
[DEBUG] Benchmark BV/20230321-UltimateAutomizerSvcomp2023/btor2c-lazyMod.protocols.1.prop1-func-interl.c_0.smt2: solved=True, runtime=0.43s, PAR-2=0.43s
[DEBUG] Processing 664/832: BV/2017-Preiner-scholl-smt08/model/model_5_7.smt2
[DEBUG] Predicted solver: SMTInterpol for benchmark BV/2017-Preiner-scholl-smt08/model/model_5_7.smt2
[DEBUG] Benchmark BV/2017-Preiner-scholl-smt08/model/model_5_7.smt2: solved=True, runtime=0.63s, PAR-2=0.63s
[DEBUG] Processing 665/832: BV/2020-Preiner-fmcad20/inv/check_ic_bvsge_x_s_4.smt2
[DEBUG] Predicted solver: SMTInterpol for benchmark BV/2020-Preiner-fmcad20/inv/check_ic_bvsge_x_s_4.smt2
[DEBUG] Benchmark BV/2020-Preiner-fmcad20/inv/check_ic_bvsge_x_s_4.smt2: solved=True, runtime=0.98s, PAR-2=0.98s
[DEBUG] Processing 666/832: BV/20210301-Alive2-partial-undef/ph7/659_ph7.smt2
[DEBUG] Predicted solver: YicesQS for benchmark BV/20210301-Alive2-partial-undef/ph7/659_ph7.smt2
[DEBUG] Benchmark BV/20210301-Alive2-partial-undef/ph7/659_ph7.smt2: solved=True, runtime=3.02s, PAR-2=3.02s
[DEBUG] Processing 667/832: BV/2017-Preiner-keymaera/intersection-example-simple.proof-node619055.smt2
[DEBUG] Predicted solver: cvc5 for benchmark BV/2017-Preiner-keymaera/intersection-example-simple.proof-node619055.smt2
[DEBUG] Benchmark BV/2017-Preiner-keymaera/intersection-example-simple.proof-node619055.smt2: solved=True, runtime=0.22s, PAR-2=0.22s
[DEBUG] Processing 668/832: BV/2017-Preiner-scholl-smt08/model/model_5_25.smt2
[DEBUG] Predicted solver: YicesQS for benchmark BV/2017-Preiner-scholl-smt08/model/model_5_25.smt2
[DEBUG] Benchmark BV/2017-Preiner-scholl-smt08/model/model_5_25.smt2: solved=True, runtime=0.23s, PAR-2=0.23s
[DEBUG] Processing 669/832: BV/20190429-UltimateAutomizerSvcomp2019/pals_lcr-var-start-time.6_true-unreach-call.ufo.UNBOUNDED.pals.c_1.smt2
[DEBUG] Predicted solver: Z3alpha for benchmark BV/20190429-UltimateAutomizerSvcomp2019/pals_lcr-var-start-time.6_true-unreach-call.ufo.UNBOUNDED.pals.c_1.smt2
[DEBUG] Benchmark BV/20190429-UltimateAutomizerSvcomp2019/pals_lcr-var-start-time.6_true-unreach-call.ufo.UNBOUNDED.pals.c_1.smt2: solved=True, runtime=0.29s, PAR-2=0.29s
[DEBUG] Processing 670/832: BV/20170501-Heizmann-UltimateAutomizer/jain_4_true-unreach-call_true-no-overflow.i_230.smt2
[DEBUG] Predicted solver: SMTInterpol for benchmark BV/20170501-Heizmann-UltimateAutomizer/jain_4_true-unreach-call_true-no-overflow.i_230.smt2
[DEBUG] Benchmark BV/20170501-Heizmann-UltimateAutomizer/jain_4_true-unreach-call_true-no-overflow.i_230.smt2: solved=True, runtime=0.61s, PAR-2=0.61s
[DEBUG] Processing 671/832: BV/2017-Preiner-scholl-smt08/RNDPRE/RNDPRE_4_37.smt2
[DEBUG] Predicted solver: YicesQS for benchmark BV/2017-Preiner-scholl-smt08/RNDPRE/RNDPRE_4_37.smt2
[DEBUG] Benchmark BV/2017-Preiner-scholl-smt08/RNDPRE/RNDPRE_4_37.smt2: solved=True, runtime=0.27s, PAR-2=0.27s
[DEBUG] Processing 672/832: BV/2017-Preiner-keymaera/intersection-example-simple.proof-node174126.smt2
[DEBUG] Predicted solver: cvc5 for benchmark BV/2017-Preiner-keymaera/intersection-example-simple.proof-node174126.smt2
[DEBUG] Benchmark BV/2017-Preiner-keymaera/intersection-example-simple.proof-node174126.smt2: solved=True, runtime=0.23s, PAR-2=0.23s
[DEBUG] Processing 673/832: BV/2017-Preiner-scholl-smt08/RNDPRE/RNDPRE_3_46.smt2
[DEBUG] Predicted solver: YicesQS for benchmark BV/2017-Preiner-scholl-smt08/RNDPRE/RNDPRE_3_46.smt2
[DEBUG] Benchmark BV/2017-Preiner-scholl-smt08/RNDPRE/RNDPRE_3_46.smt2: solved=True, runtime=707.33s, PAR-2=707.33s
[DEBUG] Processing 674/832: BV/2017-Preiner-keymaera/intersection-example-simple.proof-node272548.smt2
[DEBUG] Predicted solver: cvc5 for benchmark BV/2017-Preiner-keymaera/intersection-example-simple.proof-node272548.smt2
[DEBUG] Benchmark BV/2017-Preiner-keymaera/intersection-example-simple.proof-node272548.smt2: solved=True, runtime=0.25s, PAR-2=0.25s
[DEBUG] Processing 675/832: BV/2017-Preiner-keymaera/binary_driver-2007-10-09-node10280.smt2
[DEBUG] Predicted solver: YicesQS for benchmark BV/2017-Preiner-keymaera/binary_driver-2007-10-09-node10280.smt2
[DEBUG] Benchmark BV/2017-Preiner-keymaera/binary_driver-2007-10-09-node10280.smt2: solved=True, runtime=0.28s, PAR-2=0.28s
[DEBUG] Processing 676/832: BV/2017-Preiner-keymaera/intersection-example-onelane.proof-node25171.smt2
[DEBUG] Predicted solver: Z3alpha for benchmark BV/2017-Preiner-keymaera/intersection-example-onelane.proof-node25171.smt2
[DEBUG] Benchmark BV/2017-Preiner-keymaera/intersection-example-onelane.proof-node25171.smt2: solved=True, runtime=0.35s, PAR-2=0.35s
[DEBUG] Processing 677/832: BV/2017-Preiner-scholl-smt08/model/model_6_28.smt2
[DEBUG] Predicted solver: YicesQS for benchmark BV/2017-Preiner-scholl-smt08/model/model_6_28.smt2
[DEBUG] Benchmark BV/2017-Preiner-scholl-smt08/model/model_6_28.smt2: solved=True, runtime=0.22s, PAR-2=0.22s
[DEBUG] Processing 678/832: BV/2017-Preiner-keymaera/intersection-example-simple.proof-node478879.smt2
[DEBUG] Predicted solver: cvc5 for benchmark BV/2017-Preiner-keymaera/intersection-example-simple.proof-node478879.smt2
[DEBUG] Benchmark BV/2017-Preiner-keymaera/intersection-example-simple.proof-node478879.smt2: solved=True, runtime=0.23s, PAR-2=0.23s
[DEBUG] Processing 679/832: BV/2018-Preiner-cav18/check_eq_bvmul_32bit.smt2
[DEBUG] Predicted solver: SMTInterpol for benchmark BV/2018-Preiner-cav18/check_eq_bvmul_32bit.smt2
[DEBUG] Benchmark BV/2018-Preiner-cav18/check_eq_bvmul_32bit.smt2: solved=True, runtime=0.75s, PAR-2=0.75s
[DEBUG] Processing 680/832: BV/2017-Preiner-psyco/078.smt2
[DEBUG] Predicted solver: YicesQS for benchmark BV/2017-Preiner-psyco/078.smt2
[DEBUG] Benchmark BV/2017-Preiner-psyco/078.smt2: solved=True, runtime=0.48s, PAR-2=0.48s
[DEBUG] Processing 681/832: BV/20230321-UltimateAutomizerSvcomp2023/jain_2-2.c_10.smt2
[DEBUG] Predicted solver: YicesQS for benchmark BV/20230321-UltimateAutomizerSvcomp2023/jain_2-2.c_10.smt2
[DEBUG] Benchmark BV/20230321-UltimateAutomizerSvcomp2023/jain_2-2.c_10.smt2: solved=True, runtime=0.29s, PAR-2=0.29s
[DEBUG] Processing 682/832: BV/2017-Preiner-keymaera/intersection-example-simple.proof-node704363.smt2
[DEBUG] Predicted solver: cvc5 for benchmark BV/2017-Preiner-keymaera/intersection-example-simple.proof-node704363.smt2
[DEBUG] Benchmark BV/2017-Preiner-keymaera/intersection-example-simple.proof-node704363.smt2: solved=True, runtime=0.23s, PAR-2=0.23s
[DEBUG] Processing 683/832: BV/2017-Preiner-keymaera/intersection-example-simple.proof-node369346.smt2
[DEBUG] Predicted solver: cvc5 for benchmark BV/2017-Preiner-keymaera/intersection-example-simple.proof-node369346.smt2
[DEBUG] Benchmark BV/2017-Preiner-keymaera/intersection-example-simple.proof-node369346.smt2: solved=True, runtime=0.22s, PAR-2=0.22s
[DEBUG] Processing 684/832: BV/2018-Preiner-cav18/check_bvslt_bvlshr0_64bit.smt2
[DEBUG] Predicted solver: SMTInterpol for benchmark BV/2018-Preiner-cav18/check_bvslt_bvlshr0_64bit.smt2
[DEBUG] Benchmark BV/2018-Preiner-cav18/check_bvslt_bvlshr0_64bit.smt2: solved=True, runtime=0.67s, PAR-2=0.67s
[DEBUG] Processing 685/832: BV/2020-Preiner-fmcad20/inv/check_ic_x_s_4.smt2
[DEBUG] Predicted solver: SMTInterpol for benchmark BV/2020-Preiner-fmcad20/inv/check_ic_x_s_4.smt2
[DEBUG] Benchmark BV/2020-Preiner-fmcad20/inv/check_ic_x_s_4.smt2: solved=True, runtime=5.71s, PAR-2=5.71s
[DEBUG] Processing 686/832: BV/2018-Preiner-cav18/check_eq_bvneg_32bit.smt2
[DEBUG] Predicted solver: SMTInterpol for benchmark BV/2018-Preiner-cav18/check_eq_bvneg_32bit.smt2
[DEBUG] Benchmark BV/2018-Preiner-cav18/check_eq_bvneg_32bit.smt2: solved=True, runtime=0.43s, PAR-2=0.43s
[DEBUG] Processing 687/832: BV/2018-Preiner-cav18/check_eq_bvshl0_64bit.smt2
[DEBUG] Predicted solver: SMTInterpol for benchmark BV/2018-Preiner-cav18/check_eq_bvshl0_64bit.smt2
[DEBUG] Benchmark BV/2018-Preiner-cav18/check_eq_bvshl0_64bit.smt2: solved=True, runtime=0.58s, PAR-2=0.58s
[DEBUG] Processing 688/832: BV/2020-Preiner-fmcad20/cons/check_cc_bvshl_s_x_4.smt2
[DEBUG] Predicted solver: SMTInterpol for benchmark BV/2020-Preiner-fmcad20/cons/check_cc_bvshl_s_x_4.smt2
[DEBUG] Benchmark BV/2020-Preiner-fmcad20/cons/check_cc_bvshl_s_x_4.smt2: solved=True, runtime=1.75s, PAR-2=1.75s
[DEBUG] Processing 689/832: BV/2017-Preiner-keymaera/intersection-example-simple.proof-node709146.smt2
[DEBUG] Predicted solver: cvc5 for benchmark BV/2017-Preiner-keymaera/intersection-example-simple.proof-node709146.smt2
[DEBUG] Benchmark BV/2017-Preiner-keymaera/intersection-example-simple.proof-node709146.smt2: solved=True, runtime=0.22s, PAR-2=0.22s
[DEBUG] Processing 690/832: BV/2017-Preiner-keymaera/bouncing-ball-simple-node5586.smt2
[DEBUG] Predicted solver: SMTInterpol for benchmark BV/2017-Preiner-keymaera/bouncing-ball-simple-node5586.smt2
[DEBUG] Benchmark BV/2017-Preiner-keymaera/bouncing-ball-simple-node5586.smt2: solved=True, runtime=0.56s, PAR-2=0.56s
[DEBUG] Processing 691/832: BV/2018-Preiner-cav18/check_eq_bvshl0_32bit.smt2
[DEBUG] Predicted solver: SMTInterpol for benchmark BV/2018-Preiner-cav18/check_eq_bvshl0_32bit.smt2
[DEBUG] Benchmark BV/2018-Preiner-cav18/check_eq_bvshl0_32bit.smt2: solved=True, runtime=0.57s, PAR-2=0.57s
[DEBUG] Processing 692/832: BV/2017-Preiner-keymaera/intersection-example-simple.proof-node167638.smt2
[DEBUG] Predicted solver: cvc5 for benchmark BV/2017-Preiner-keymaera/intersection-example-simple.proof-node167638.smt2
[DEBUG] Benchmark BV/2017-Preiner-keymaera/intersection-example-simple.proof-node167638.smt2: solved=True, runtime=0.24s, PAR-2=0.24s
[DEBUG] Processing 693/832: BV/2017-Preiner-keymaera/intersection-example-simple.proof-node673414.smt2
[DEBUG] Predicted solver: cvc5 for benchmark BV/2017-Preiner-keymaera/intersection-example-simple.proof-node673414.smt2
[DEBUG] Benchmark BV/2017-Preiner-keymaera/intersection-example-simple.proof-node673414.smt2: solved=True, runtime=0.22s, PAR-2=0.22s
[DEBUG] Processing 694/832: BV/2017-Preiner-keymaera/intersection-example-simple.proof-node384248.smt2
[DEBUG] Predicted solver: cvc5 for benchmark BV/2017-Preiner-keymaera/intersection-example-simple.proof-node384248.smt2
[DEBUG] Benchmark BV/2017-Preiner-keymaera/intersection-example-simple.proof-node384248.smt2: solved=True, runtime=0.22s, PAR-2=0.22s
[DEBUG] Processing 695/832: BV/2017-Preiner-psyco/073.smt2
[DEBUG] Predicted solver: YicesQS for benchmark BV/2017-Preiner-psyco/073.smt2
[DEBUG] Benchmark BV/2017-Preiner-psyco/073.smt2: solved=True, runtime=0.36s, PAR-2=0.36s
[DEBUG] Processing 696/832: BV/2020-Preiner-fmcad20/inv/check_ic_bvshl_x_s_32.smt2
[DEBUG] Predicted solver: Z3alpha for benchmark BV/2020-Preiner-fmcad20/inv/check_ic_bvshl_x_s_32.smt2
[DEBUG] Benchmark BV/2020-Preiner-fmcad20/inv/check_ic_bvshl_x_s_32.smt2: solved=True, runtime=403.57s, PAR-2=403.57s
[DEBUG] Processing 697/832: BV/2017-Preiner-keymaera/intersection-example-simple.proof-node350275.smt2
[DEBUG] Predicted solver: cvc5 for benchmark BV/2017-Preiner-keymaera/intersection-example-simple.proof-node350275.smt2
[DEBUG] Benchmark BV/2017-Preiner-keymaera/intersection-example-simple.proof-node350275.smt2: solved=True, runtime=0.22s, PAR-2=0.22s
[DEBUG] Processing 698/832: BV/2017-Preiner-keymaera/intersection-example-simple.proof-node174360.smt2
[DEBUG] Predicted solver: cvc5 for benchmark BV/2017-Preiner-keymaera/intersection-example-simple.proof-node174360.smt2
[DEBUG] Benchmark BV/2017-Preiner-keymaera/intersection-example-simple.proof-node174360.smt2: solved=True, runtime=0.22s, PAR-2=0.22s
[DEBUG] Processing 699/832: BV/20190429-UltimateAutomizerSvcomp2019/jain_7_true-unreach-call_true-no-overflow_false-termination.i_18.smt2
[DEBUG] Predicted solver: SMTInterpol for benchmark BV/20190429-UltimateAutomizerSvcomp2019/jain_7_true-unreach-call_true-no-overflow_false-termination.i_18.smt2
[DEBUG] Benchmark BV/20190429-UltimateAutomizerSvcomp2019/jain_7_true-unreach-call_true-no-overflow_false-termination.i_18.smt2: solved=True, runtime=0.56s, PAR-2=0.56s
[DEBUG] Processing 700/832: BV/2017-Preiner-keymaera/intersection-example-onelane.proof-node37008.smt2
[DEBUG] Predicted solver: Z3alpha for benchmark BV/2017-Preiner-keymaera/intersection-example-onelane.proof-node37008.smt2
[DEBUG] Benchmark BV/2017-Preiner-keymaera/intersection-example-onelane.proof-node37008.smt2: solved=True, runtime=0.39s, PAR-2=0.39s
[DEBUG] Processing 701/832: BV/20210330-PEak/no-extern-loop_unsat_subset/hard.smt2
[DEBUG] Predicted solver: Z3alpha for benchmark BV/20210330-PEak/no-extern-loop_unsat_subset/hard.smt2
[DEBUG] Benchmark BV/20210330-PEak/no-extern-loop_unsat_subset/hard.smt2: solved=True, runtime=0.54s, PAR-2=0.54s
[DEBUG] Processing 702/832: BV/20210301-Alive2/oggenc/363_oggenc.smt2
[DEBUG] Predicted solver: Bitwuzla for benchmark BV/20210301-Alive2/oggenc/363_oggenc.smt2
[DEBUG] Benchmark BV/20210301-Alive2/oggenc/363_oggenc.smt2: solved=False, runtime=1200.00s, PAR-2=2400.00s
[DEBUG] Processing 703/832: BV/2018-Preiner-cav18/check_bvsle_bvudiv1_64bit.smt2
[DEBUG] Predicted solver: SMTInterpol for benchmark BV/2018-Preiner-cav18/check_bvsle_bvudiv1_64bit.smt2
[DEBUG] Benchmark BV/2018-Preiner-cav18/check_bvsle_bvudiv1_64bit.smt2: solved=True, runtime=0.49s, PAR-2=0.49s
[DEBUG] Processing 704/832: BV/2017-Preiner-keymaera/intersection-example-simple.proof-node99986.smt2
[DEBUG] Predicted solver: cvc5 for benchmark BV/2017-Preiner-keymaera/intersection-example-simple.proof-node99986.smt2
[DEBUG] Benchmark BV/2017-Preiner-keymaera/intersection-example-simple.proof-node99986.smt2: solved=True, runtime=0.25s, PAR-2=0.25s
[DEBUG] Processing 705/832: BV/wintersteiger/fmsd13/ranking/AVStream_hwsim.cpp.smt2
[DEBUG] Predicted solver: SMTInterpol for benchmark BV/wintersteiger/fmsd13/ranking/AVStream_hwsim.cpp.smt2
[DEBUG] Benchmark BV/wintersteiger/fmsd13/ranking/AVStream_hwsim.cpp.smt2: solved=True, runtime=0.65s, PAR-2=0.65s
[DEBUG] Processing 706/832: BV/2017-Preiner-psyco/185.smt2
[DEBUG] Predicted solver: YicesQS for benchmark BV/2017-Preiner-psyco/185.smt2
[DEBUG] Benchmark BV/2017-Preiner-psyco/185.smt2: solved=True, runtime=0.32s, PAR-2=0.32s
[DEBUG] Processing 707/832: BV/20230321-UltimateAutomizerSvcomp2023/jain_7-1.c_5.smt2
[DEBUG] Predicted solver: YicesQS for benchmark BV/20230321-UltimateAutomizerSvcomp2023/jain_7-1.c_5.smt2
[DEBUG] Benchmark BV/20230321-UltimateAutomizerSvcomp2023/jain_7-1.c_5.smt2: solved=True, runtime=0.23s, PAR-2=0.23s
[DEBUG] Processing 708/832: BV/2017-Preiner-keymaera/intersection-example-simple.proof-node561763.smt2
[DEBUG] Predicted solver: cvc5 for benchmark BV/2017-Preiner-keymaera/intersection-example-simple.proof-node561763.smt2
[DEBUG] Benchmark BV/2017-Preiner-keymaera/intersection-example-simple.proof-node561763.smt2: solved=True, runtime=0.22s, PAR-2=0.22s
[DEBUG] Processing 709/832: BV/2018-Preiner-cav18/check_bvugt_bvudiv0_32bit.smt2
[DEBUG] Predicted solver: SMTInterpol for benchmark BV/2018-Preiner-cav18/check_bvugt_bvudiv0_32bit.smt2
[DEBUG] Benchmark BV/2018-Preiner-cav18/check_bvugt_bvudiv0_32bit.smt2: solved=True, runtime=0.51s, PAR-2=0.51s
[DEBUG] Processing 710/832: BV/20230321-UltimateAutomizerSvcomp2023/jain_7-1.c_2.smt2
[DEBUG] Predicted solver: SMTInterpol for benchmark BV/20230321-UltimateAutomizerSvcomp2023/jain_7-1.c_2.smt2
[DEBUG] Benchmark BV/20230321-UltimateAutomizerSvcomp2023/jain_7-1.c_2.smt2: solved=True, runtime=0.55s, PAR-2=0.55s
[DEBUG] Processing 711/832: BV/2017-Preiner-keymaera/intersection-example-simple.proof-node475811.smt2
[DEBUG] Predicted solver: cvc5 for benchmark BV/2017-Preiner-keymaera/intersection-example-simple.proof-node475811.smt2
[DEBUG] Benchmark BV/2017-Preiner-keymaera/intersection-example-simple.proof-node475811.smt2: solved=True, runtime=0.24s, PAR-2=0.24s
[DEBUG] Processing 712/832: BV/2017-Preiner-scholl-smt08/RND/RND_4_14.smt2
[DEBUG] Predicted solver: YicesQS for benchmark BV/2017-Preiner-scholl-smt08/RND/RND_4_14.smt2
[DEBUG] Benchmark BV/2017-Preiner-scholl-smt08/RND/RND_4_14.smt2: solved=True, runtime=0.41s, PAR-2=0.41s
[DEBUG] Processing 713/832: BV/2017-Preiner-keymaera/intersection-example-simple.proof-node672522.smt2
[DEBUG] Predicted solver: cvc5 for benchmark BV/2017-Preiner-keymaera/intersection-example-simple.proof-node672522.smt2
[DEBUG] Benchmark BV/2017-Preiner-keymaera/intersection-example-simple.proof-node672522.smt2: solved=True, runtime=0.22s, PAR-2=0.22s
[DEBUG] Processing 714/832: BV/2017-Preiner-keymaera/intersection-example-simple.proof-node289727.smt2
[DEBUG] Predicted solver: cvc5 for benchmark BV/2017-Preiner-keymaera/intersection-example-simple.proof-node289727.smt2
[DEBUG] Benchmark BV/2017-Preiner-keymaera/intersection-example-simple.proof-node289727.smt2: solved=True, runtime=0.22s, PAR-2=0.22s
[DEBUG] Processing 715/832: BV/20170501-Heizmann-UltimateAutomizer/jain_2_true-unreach-call_true-no-overflow.i_342.smt2
[DEBUG] Predicted solver: SMTInterpol for benchmark BV/20170501-Heizmann-UltimateAutomizer/jain_2_true-unreach-call_true-no-overflow.i_342.smt2
[DEBUG] Benchmark BV/20170501-Heizmann-UltimateAutomizer/jain_2_true-unreach-call_true-no-overflow.i_342.smt2: solved=True, runtime=0.48s, PAR-2=0.48s
[DEBUG] Processing 716/832: BV/20190429-UltimateAutomizerSvcomp2019/jain_2_true-unreach-call_true-no-overflow_false-termination.i_2.smt2
[DEBUG] Predicted solver: SMTInterpol for benchmark BV/20190429-UltimateAutomizerSvcomp2019/jain_2_true-unreach-call_true-no-overflow_false-termination.i_2.smt2
[DEBUG] Benchmark BV/20190429-UltimateAutomizerSvcomp2019/jain_2_true-unreach-call_true-no-overflow_false-termination.i_2.smt2: solved=True, runtime=0.49s, PAR-2=0.49s
[DEBUG] Processing 717/832: BV/2017-Preiner-keymaera/intersection-example-simple.proof-node672976.smt2
[DEBUG] Predicted solver: cvc5 for benchmark BV/2017-Preiner-keymaera/intersection-example-simple.proof-node672976.smt2
[DEBUG] Benchmark BV/2017-Preiner-keymaera/intersection-example-simple.proof-node672976.smt2: solved=True, runtime=0.23s, PAR-2=0.23s
[DEBUG] Processing 718/832: BV/2017-Preiner-scholl-smt08/RNDPRE/RNDPRE_3_35.smt2
[DEBUG] Predicted solver: YicesQS for benchmark BV/2017-Preiner-scholl-smt08/RNDPRE/RNDPRE_3_35.smt2
[DEBUG] Benchmark BV/2017-Preiner-scholl-smt08/RNDPRE/RNDPRE_3_35.smt2: solved=True, runtime=0.27s, PAR-2=0.27s
[DEBUG] Processing 719/832: BV/20230321-UltimateAutomizerSvcomp2023/btor2c-eagerMod.bakery.1.prop1-func-interl.c_11.smt2
[DEBUG] Predicted solver: Bitwuzla for benchmark BV/20230321-UltimateAutomizerSvcomp2023/btor2c-eagerMod.bakery.1.prop1-func-interl.c_11.smt2
[DEBUG] Benchmark BV/20230321-UltimateAutomizerSvcomp2023/btor2c-eagerMod.bakery.1.prop1-func-interl.c_11.smt2: solved=True, runtime=0.25s, PAR-2=0.25s
[DEBUG] Processing 720/832: BV/2017-Preiner-psyco/150.smt2
[DEBUG] Predicted solver: Z3alpha for benchmark BV/2017-Preiner-psyco/150.smt2
[DEBUG] Benchmark BV/2017-Preiner-psyco/150.smt2: solved=True, runtime=0.28s, PAR-2=0.28s
[DEBUG] Processing 721/832: BV/2017-Preiner-keymaera/intersection-example-simple.proof-node269013.smt2
[DEBUG] Predicted solver: cvc5 for benchmark BV/2017-Preiner-keymaera/intersection-example-simple.proof-node269013.smt2
[DEBUG] Benchmark BV/2017-Preiner-keymaera/intersection-example-simple.proof-node269013.smt2: solved=True, runtime=0.23s, PAR-2=0.23s
[DEBUG] Processing 722/832: BV/2017-Preiner-keymaera/dccs-example-simple-node3459.smt2
[DEBUG] Predicted solver: Z3alpha for benchmark BV/2017-Preiner-keymaera/dccs-example-simple-node3459.smt2
[DEBUG] Benchmark BV/2017-Preiner-keymaera/dccs-example-simple-node3459.smt2: solved=True, runtime=0.31s, PAR-2=0.31s
[DEBUG] Processing 723/832: BV/2020-Preiner-fmcad20/cons/check_cc_concat_x_s_32.smt2
[DEBUG] Predicted solver: Bitwuzla for benchmark BV/2020-Preiner-fmcad20/cons/check_cc_concat_x_s_32.smt2
[DEBUG] Benchmark BV/2020-Preiner-fmcad20/cons/check_cc_concat_x_s_32.smt2: solved=True, runtime=0.22s, PAR-2=0.22s
[DEBUG] Processing 724/832: BV/2017-Preiner-psyco/040.smt2
[DEBUG] Predicted solver: YicesQS for benchmark BV/2017-Preiner-psyco/040.smt2
[DEBUG] Benchmark BV/2017-Preiner-psyco/040.smt2: solved=True, runtime=0.79s, PAR-2=0.79s
[DEBUG] Processing 725/832: BV/2017-Preiner-keymaera/rbc-controllability-characterisation-node3299.smt2
[DEBUG] Predicted solver: SMTInterpol for benchmark BV/2017-Preiner-keymaera/rbc-controllability-characterisation-node3299.smt2
[DEBUG] Benchmark BV/2017-Preiner-keymaera/rbc-controllability-characterisation-node3299.smt2: solved=True, runtime=0.47s, PAR-2=0.47s
[DEBUG] Processing 726/832: BV/2020-Preiner-fmcad20/cons/check_cc_bvand_x_s_32.smt2
[DEBUG] Predicted solver: Z3alpha for benchmark BV/2020-Preiner-fmcad20/cons/check_cc_bvand_x_s_32.smt2
[DEBUG] Benchmark BV/2020-Preiner-fmcad20/cons/check_cc_bvand_x_s_32.smt2: solved=True, runtime=384.96s, PAR-2=384.96s
[DEBUG] Processing 727/832: BV/20210330-PEak/extern-loop_sat_subset/medium2.smt2
[DEBUG] Predicted solver: Z3alpha for benchmark BV/20210330-PEak/extern-loop_sat_subset/medium2.smt2
[DEBUG] Benchmark BV/20210330-PEak/extern-loop_sat_subset/medium2.smt2: solved=True, runtime=0.50s, PAR-2=0.50s
[DEBUG] Processing 728/832: BV/2017-Preiner-keymaera/intersection-example-simple.proof-node271104.smt2
[DEBUG] Predicted solver: cvc5 for benchmark BV/2017-Preiner-keymaera/intersection-example-simple.proof-node271104.smt2
[DEBUG] Benchmark BV/2017-Preiner-keymaera/intersection-example-simple.proof-node271104.smt2: solved=True, runtime=0.25s, PAR-2=0.25s
[DEBUG] Processing 729/832: BV/2017-Preiner-scholl-smt08/RNDPRE/RNDPRE_3_16.smt2
[DEBUG] Predicted solver: YicesQS for benchmark BV/2017-Preiner-scholl-smt08/RNDPRE/RNDPRE_3_16.smt2
[DEBUG] Benchmark BV/2017-Preiner-scholl-smt08/RNDPRE/RNDPRE_3_16.smt2: solved=True, runtime=0.34s, PAR-2=0.34s
[DEBUG] Processing 730/832: BV/2017-Preiner-keymaera/intersection-example-simple.proof-node365013.smt2
[DEBUG] Predicted solver: cvc5 for benchmark BV/2017-Preiner-keymaera/intersection-example-simple.proof-node365013.smt2
[DEBUG] Benchmark BV/2017-Preiner-keymaera/intersection-example-simple.proof-node365013.smt2: solved=True, runtime=0.25s, PAR-2=0.25s
[DEBUG] Processing 731/832: BV/20210301-Alive2-partial-undef/ph7/626_ph7.smt2
[DEBUG] Predicted solver: Z3alpha for benchmark BV/20210301-Alive2-partial-undef/ph7/626_ph7.smt2
[DEBUG] Benchmark BV/20210301-Alive2-partial-undef/ph7/626_ph7.smt2: solved=True, runtime=12.53s, PAR-2=12.53s
[DEBUG] Processing 732/832: BV/2017-Preiner-keymaera/intersection-example-simple.proof-node269538.smt2
[DEBUG] Predicted solver: cvc5 for benchmark BV/2017-Preiner-keymaera/intersection-example-simple.proof-node269538.smt2
[DEBUG] Benchmark BV/2017-Preiner-keymaera/intersection-example-simple.proof-node269538.smt2: solved=True, runtime=0.22s, PAR-2=0.22s
[DEBUG] Processing 733/832: BV/2017-Preiner-keymaera/intersection-example-onelane.proof-node14168.smt2
[DEBUG] Predicted solver: Z3alpha for benchmark BV/2017-Preiner-keymaera/intersection-example-onelane.proof-node14168.smt2
[DEBUG] Benchmark BV/2017-Preiner-keymaera/intersection-example-onelane.proof-node14168.smt2: solved=True, runtime=0.32s, PAR-2=0.32s
[DEBUG] Processing 734/832: BV/2020-Preiner-fmcad20/cons/check_cc_bvuge_s_x_64.smt2
[DEBUG] Predicted solver: Z3alpha for benchmark BV/2020-Preiner-fmcad20/cons/check_cc_bvuge_s_x_64.smt2
[DEBUG] Benchmark BV/2020-Preiner-fmcad20/cons/check_cc_bvuge_s_x_64.smt2: solved=True, runtime=0.31s, PAR-2=0.31s
[DEBUG] Processing 735/832: BV/20170501-Heizmann-UltimateAutomizer/jain_2_true-unreach-call_true-no-overflow.i_436.smt2
[DEBUG] Predicted solver: SMTInterpol for benchmark BV/20170501-Heizmann-UltimateAutomizer/jain_2_true-unreach-call_true-no-overflow.i_436.smt2
[DEBUG] Benchmark BV/20170501-Heizmann-UltimateAutomizer/jain_2_true-unreach-call_true-no-overflow.i_436.smt2: solved=True, runtime=0.60s, PAR-2=0.60s
[DEBUG] Processing 736/832: BV/2017-Preiner-keymaera/intersection-example-simple.proof-node191763.smt2
[DEBUG] Predicted solver: cvc5 for benchmark BV/2017-Preiner-keymaera/intersection-example-simple.proof-node191763.smt2
[DEBUG] Benchmark BV/2017-Preiner-keymaera/intersection-example-simple.proof-node191763.smt2: solved=True, runtime=0.22s, PAR-2=0.22s
[DEBUG] Processing 737/832: BV/20190429-UltimateAutomizerSvcomp2019/jain_7_true-unreach-call_true-no-overflow_false-termination.i_21.smt2
[DEBUG] Predicted solver: SMTInterpol for benchmark BV/20190429-UltimateAutomizerSvcomp2019/jain_7_true-unreach-call_true-no-overflow_false-termination.i_21.smt2
[DEBUG] Benchmark BV/20190429-UltimateAutomizerSvcomp2019/jain_7_true-unreach-call_true-no-overflow_false-termination.i_21.smt2: solved=True, runtime=0.52s, PAR-2=0.52s
[DEBUG] Processing 738/832: BV/2017-Preiner-keymaera/intersection-example-simple.proof-node392295.smt2
[DEBUG] Predicted solver: cvc5 for benchmark BV/2017-Preiner-keymaera/intersection-example-simple.proof-node392295.smt2
[DEBUG] Benchmark BV/2017-Preiner-keymaera/intersection-example-simple.proof-node392295.smt2: solved=True, runtime=0.24s, PAR-2=0.24s
[DEBUG] Processing 739/832: BV/20190429-UltimateAutomizerSvcomp2019/gcd_3_true-unreach-call_true-no-overflow.i_0.smt2
[DEBUG] Predicted solver: SMTInterpol for benchmark BV/20190429-UltimateAutomizerSvcomp2019/gcd_3_true-unreach-call_true-no-overflow.i_0.smt2
[DEBUG] Benchmark BV/20190429-UltimateAutomizerSvcomp2019/gcd_3_true-unreach-call_true-no-overflow.i_0.smt2: solved=True, runtime=2.73s, PAR-2=2.73s
[DEBUG] Processing 740/832: BV/2020-Preiner-fmcad20/cons/check_cc_bvuge_x_s_32.smt2
[DEBUG] Predicted solver: YicesQS for benchmark BV/2020-Preiner-fmcad20/cons/check_cc_bvuge_x_s_32.smt2
[DEBUG] Benchmark BV/2020-Preiner-fmcad20/cons/check_cc_bvuge_x_s_32.smt2: solved=True, runtime=0.22s, PAR-2=0.22s
[DEBUG] Processing 741/832: BV/2017-Preiner-scholl-smt08/RND/RND_6_28.smt2
[DEBUG] Predicted solver: cvc5 for benchmark BV/2017-Preiner-scholl-smt08/RND/RND_6_28.smt2
[DEBUG] Benchmark BV/2017-Preiner-scholl-smt08/RND/RND_6_28.smt2: solved=False, runtime=1200.00s, PAR-2=2400.00s
[DEBUG] Processing 742/832: BV/2017-Preiner-scholl-smt08/RNDPRE/RNDPRE_4_4.smt2
[DEBUG] Predicted solver: YicesQS for benchmark BV/2017-Preiner-scholl-smt08/RNDPRE/RNDPRE_4_4.smt2
[DEBUG] Benchmark BV/2017-Preiner-scholl-smt08/RNDPRE/RNDPRE_4_4.smt2: solved=False, runtime=1200.00s, PAR-2=2400.00s
[DEBUG] Processing 743/832: BV/20170501-Heizmann-UltimateAutomizer/jain_7_true-unreach-call_true-no-overflow.i_306.smt2
[DEBUG] Predicted solver: SMTInterpol for benchmark BV/20170501-Heizmann-UltimateAutomizer/jain_7_true-unreach-call_true-no-overflow.i_306.smt2
[DEBUG] Benchmark BV/20170501-Heizmann-UltimateAutomizer/jain_7_true-unreach-call_true-no-overflow.i_306.smt2: solved=True, runtime=0.54s, PAR-2=0.54s
[DEBUG] Processing 744/832: BV/wintersteiger/fmsd13/ranking/kernel_uagp35_gart.c.smt2
[DEBUG] Predicted solver: SMTInterpol for benchmark BV/wintersteiger/fmsd13/ranking/kernel_uagp35_gart.c.smt2
[DEBUG] Benchmark BV/wintersteiger/fmsd13/ranking/kernel_uagp35_gart.c.smt2: solved=True, runtime=0.52s, PAR-2=0.52s
[DEBUG] Processing 745/832: BV/2020-Preiner-fmcad20/inv/check_ic_concat_x_s_4.smt2
[DEBUG] Predicted solver: SMTInterpol for benchmark BV/2020-Preiner-fmcad20/inv/check_ic_concat_x_s_4.smt2
[DEBUG] Benchmark BV/2020-Preiner-fmcad20/inv/check_ic_concat_x_s_4.smt2: solved=True, runtime=1.05s, PAR-2=1.05s
[DEBUG] Processing 746/832: BV/2017-Preiner-keymaera/intersection-example-simple.proof-node155401.smt2
[DEBUG] Predicted solver: cvc5 for benchmark BV/2017-Preiner-keymaera/intersection-example-simple.proof-node155401.smt2
[DEBUG] Benchmark BV/2017-Preiner-keymaera/intersection-example-simple.proof-node155401.smt2: solved=True, runtime=0.22s, PAR-2=0.22s
[DEBUG] Processing 747/832: BV/2017-Preiner-keymaera/bouncing-ball-simple-node5964.smt2
[DEBUG] Predicted solver: SMTInterpol for benchmark BV/2017-Preiner-keymaera/bouncing-ball-simple-node5964.smt2
[DEBUG] Benchmark BV/2017-Preiner-keymaera/bouncing-ball-simple-node5964.smt2: solved=True, runtime=0.58s, PAR-2=0.58s
[DEBUG] Processing 748/832: BV/2017-Preiner-scholl-smt08/RND/RND_6_23.smt2
[DEBUG] Predicted solver: YicesQS for benchmark BV/2017-Preiner-scholl-smt08/RND/RND_6_23.smt2
[DEBUG] Benchmark BV/2017-Preiner-scholl-smt08/RND/RND_6_23.smt2: solved=True, runtime=0.65s, PAR-2=0.65s
[DEBUG] Processing 749/832: BV/2020-Preiner-fmcad20/inv/check_ic_bvult_s_x_32.smt2
[DEBUG] Predicted solver: Z3alpha for benchmark BV/2020-Preiner-fmcad20/inv/check_ic_bvult_s_x_32.smt2
[DEBUG] Benchmark BV/2020-Preiner-fmcad20/inv/check_ic_bvult_s_x_32.smt2: solved=True, runtime=0.47s, PAR-2=0.47s
[DEBUG] Processing 750/832: BV/wintersteiger/fmsd13/ranking/general_pcidrv_sys_hw_eeprom.c.smt2
[DEBUG] Predicted solver: SMTInterpol for benchmark BV/wintersteiger/fmsd13/ranking/general_pcidrv_sys_hw_eeprom.c.smt2
[DEBUG] Benchmark BV/wintersteiger/fmsd13/ranking/general_pcidrv_sys_hw_eeprom.c.smt2: solved=True, runtime=0.62s, PAR-2=0.62s
[DEBUG] Processing 751/832: BV/2020-Preiner-fmcad20/inv/check_ic_bvsge_s_x_64.smt2
[DEBUG] Predicted solver: Z3alpha for benchmark BV/2020-Preiner-fmcad20/inv/check_ic_bvsge_s_x_64.smt2
[DEBUG] Benchmark BV/2020-Preiner-fmcad20/inv/check_ic_bvsge_s_x_64.smt2: solved=True, runtime=3.50s, PAR-2=3.50s
[DEBUG] Processing 752/832: BV/2017-Preiner-scholl-smt08/RNDPRE/RNDPRE_3_6.smt2
[DEBUG] Predicted solver: Bitwuzla for benchmark BV/2017-Preiner-scholl-smt08/RNDPRE/RNDPRE_3_6.smt2
[DEBUG] Benchmark BV/2017-Preiner-scholl-smt08/RNDPRE/RNDPRE_3_6.smt2: solved=True, runtime=6.80s, PAR-2=6.80s
[DEBUG] Processing 753/832: BV/2017-Preiner-psyco/083.smt2
[DEBUG] Predicted solver: YicesQS for benchmark BV/2017-Preiner-psyco/083.smt2
[DEBUG] Benchmark BV/2017-Preiner-psyco/083.smt2: solved=True, runtime=0.37s, PAR-2=0.37s
[DEBUG] Processing 754/832: BV/2017-Preiner-keymaera/intersection-example-simple.proof-node345166.smt2
[DEBUG] Predicted solver: cvc5 for benchmark BV/2017-Preiner-keymaera/intersection-example-simple.proof-node345166.smt2
[DEBUG] Benchmark BV/2017-Preiner-keymaera/intersection-example-simple.proof-node345166.smt2: solved=True, runtime=0.22s, PAR-2=0.22s
[DEBUG] Processing 755/832: BV/2017-Preiner-keymaera/intersection-example-simple.proof-node384691.smt2
[DEBUG] Predicted solver: cvc5 for benchmark BV/2017-Preiner-keymaera/intersection-example-simple.proof-node384691.smt2
[DEBUG] Benchmark BV/2017-Preiner-keymaera/intersection-example-simple.proof-node384691.smt2: solved=True, runtime=0.22s, PAR-2=0.22s
[DEBUG] Processing 756/832: BV/2017-Preiner-keymaera/vsli.proof-node2282.smt2
[DEBUG] Predicted solver: Bitwuzla for benchmark BV/2017-Preiner-keymaera/vsli.proof-node2282.smt2
[DEBUG] Benchmark BV/2017-Preiner-keymaera/vsli.proof-node2282.smt2: solved=True, runtime=5.45s, PAR-2=5.45s
[DEBUG] Processing 757/832: BV/2017-Preiner-keymaera/intersection-example-onelane.proof-node32497.smt2
[DEBUG] Predicted solver: Z3alpha for benchmark BV/2017-Preiner-keymaera/intersection-example-onelane.proof-node32497.smt2
[DEBUG] Benchmark BV/2017-Preiner-keymaera/intersection-example-onelane.proof-node32497.smt2: solved=True, runtime=0.37s, PAR-2=0.37s
[DEBUG] Processing 758/832: BV/2017-Preiner-UltimateAutomizer/nested9_true-unreach-call.i_670.smt2
[DEBUG] Predicted solver: SMTInterpol for benchmark BV/2017-Preiner-UltimateAutomizer/nested9_true-unreach-call.i_670.smt2
[DEBUG] Benchmark BV/2017-Preiner-UltimateAutomizer/nested9_true-unreach-call.i_670.smt2: solved=True, runtime=0.45s, PAR-2=0.45s
[DEBUG] Processing 759/832: BV/2017-Preiner-scholl-smt08/model/model_6_22.smt2
[DEBUG] Predicted solver: YicesQS for benchmark BV/2017-Preiner-scholl-smt08/model/model_6_22.smt2
[DEBUG] Benchmark BV/2017-Preiner-scholl-smt08/model/model_6_22.smt2: solved=True, runtime=0.25s, PAR-2=0.25s
[DEBUG] Processing 760/832: BV/2017-Preiner-keymaera/intersection-example-simple.proof-node156170.smt2
[DEBUG] Predicted solver: cvc5 for benchmark BV/2017-Preiner-keymaera/intersection-example-simple.proof-node156170.smt2
[DEBUG] Benchmark BV/2017-Preiner-keymaera/intersection-example-simple.proof-node156170.smt2: solved=True, runtime=0.22s, PAR-2=0.22s
[DEBUG] Processing 761/832: BV/2017-Preiner-scholl-smt08/RNDPRE/RNDPRE_3_12.smt2
[DEBUG] Predicted solver: YicesQS for benchmark BV/2017-Preiner-scholl-smt08/RNDPRE/RNDPRE_3_12.smt2
[DEBUG] Benchmark BV/2017-Preiner-scholl-smt08/RNDPRE/RNDPRE_3_12.smt2: solved=True, runtime=1.27s, PAR-2=1.27s
[DEBUG] Processing 762/832: BV/2017-Preiner-keymaera/intersection-example-simple.proof-node620306.smt2
[DEBUG] Predicted solver: cvc5 for benchmark BV/2017-Preiner-keymaera/intersection-example-simple.proof-node620306.smt2
[DEBUG] Benchmark BV/2017-Preiner-keymaera/intersection-example-simple.proof-node620306.smt2: solved=True, runtime=0.22s, PAR-2=0.22s
[DEBUG] Processing 763/832: BV/2017-Preiner-keymaera/intersection-example-simple.proof-node489032.smt2
[DEBUG] Predicted solver: cvc5 for benchmark BV/2017-Preiner-keymaera/intersection-example-simple.proof-node489032.smt2
[DEBUG] Benchmark BV/2017-Preiner-keymaera/intersection-example-simple.proof-node489032.smt2: solved=True, runtime=0.23s, PAR-2=0.23s
[DEBUG] Processing 764/832: BV/2017-Preiner-keymaera/intersection-example-simple.proof-node559428.smt2
[DEBUG] Predicted solver: cvc5 for benchmark BV/2017-Preiner-keymaera/intersection-example-simple.proof-node559428.smt2
[DEBUG] Benchmark BV/2017-Preiner-keymaera/intersection-example-simple.proof-node559428.smt2: solved=True, runtime=0.25s, PAR-2=0.25s
[DEBUG] Processing 765/832: BV/2017-Preiner-psyco/117.smt2
[DEBUG] Predicted solver: cvc5 for benchmark BV/2017-Preiner-psyco/117.smt2
[DEBUG] Benchmark BV/2017-Preiner-psyco/117.smt2: solved=True, runtime=0.49s, PAR-2=0.49s
[DEBUG] Processing 766/832: BV/20190429-UltimateAutomizerSvcomp2019/jain_6_true-unreach-call_true-no-overflow_false-termination.i_12.smt2
[DEBUG] Predicted solver: SMTInterpol for benchmark BV/20190429-UltimateAutomizerSvcomp2019/jain_6_true-unreach-call_true-no-overflow_false-termination.i_12.smt2
[DEBUG] Benchmark BV/20190429-UltimateAutomizerSvcomp2019/jain_6_true-unreach-call_true-no-overflow_false-termination.i_12.smt2: solved=True, runtime=0.55s, PAR-2=0.55s
[DEBUG] Processing 767/832: BV/wintersteiger/fmsd13/ranking/network_ndis_rtlnwifi_extsta_st_misc.c.smt2
[DEBUG] Predicted solver: SMTInterpol for benchmark BV/wintersteiger/fmsd13/ranking/network_ndis_rtlnwifi_extsta_st_misc.c.smt2
[DEBUG] Benchmark BV/wintersteiger/fmsd13/ranking/network_ndis_rtlnwifi_extsta_st_misc.c.smt2: solved=True, runtime=0.59s, PAR-2=0.59s
[DEBUG] Processing 768/832: BV/2020-Preiner-fmcad20/cons/check_cc_bvand_x_s_4.smt2
[DEBUG] Predicted solver: SMTInterpol for benchmark BV/2020-Preiner-fmcad20/cons/check_cc_bvand_x_s_4.smt2
[DEBUG] Benchmark BV/2020-Preiner-fmcad20/cons/check_cc_bvand_x_s_4.smt2: solved=True, runtime=0.96s, PAR-2=0.96s
[DEBUG] Processing 769/832: BV/2018-Preiner-cav18/check_eq_bvudiv1_64bit.smt2
[DEBUG] Predicted solver: SMTInterpol for benchmark BV/2018-Preiner-cav18/check_eq_bvudiv1_64bit.smt2
[DEBUG] Benchmark BV/2018-Preiner-cav18/check_eq_bvudiv1_64bit.smt2: solved=True, runtime=0.54s, PAR-2=0.54s
[DEBUG] Processing 770/832: BV/llvm13-smtlib/01.smt2
[DEBUG] Predicted solver: SMTInterpol for benchmark BV/llvm13-smtlib/01.smt2
[DEBUG] Benchmark BV/llvm13-smtlib/01.smt2: solved=True, runtime=0.94s, PAR-2=0.94s
[DEBUG] Processing 771/832: BV/2017-Preiner-scholl-smt08/RND/RND_6_1.smt2
[DEBUG] Predicted solver: cvc5 for benchmark BV/2017-Preiner-scholl-smt08/RND/RND_6_1.smt2
[DEBUG] Benchmark BV/2017-Preiner-scholl-smt08/RND/RND_6_1.smt2: solved=False, runtime=1200.00s, PAR-2=2400.00s
[DEBUG] Processing 772/832: BV/2020-Preiner-fmcad20/inv/check_ic_sext_3_64.smt2
[DEBUG] Predicted solver: Z3alpha for benchmark BV/2020-Preiner-fmcad20/inv/check_ic_sext_3_64.smt2
[DEBUG] Benchmark BV/2020-Preiner-fmcad20/inv/check_ic_sext_3_64.smt2: solved=True, runtime=0.31s, PAR-2=0.31s
[DEBUG] Processing 773/832: BV/2017-Preiner-keymaera/intersection-example-onelane.proof-node48996.smt2
[DEBUG] Predicted solver: Z3alpha for benchmark BV/2017-Preiner-keymaera/intersection-example-onelane.proof-node48996.smt2
[DEBUG] Benchmark BV/2017-Preiner-keymaera/intersection-example-onelane.proof-node48996.smt2: solved=True, runtime=0.40s, PAR-2=0.40s
[DEBUG] Processing 774/832: BV/2017-Preiner-keymaera/intersection-example-onelane.proof-node51016.smt2
[DEBUG] Predicted solver: YicesQS for benchmark BV/2017-Preiner-keymaera/intersection-example-onelane.proof-node51016.smt2
[DEBUG] Benchmark BV/2017-Preiner-keymaera/intersection-example-onelane.proof-node51016.smt2: solved=True, runtime=0.31s, PAR-2=0.31s
[DEBUG] Processing 775/832: BV/2017-Preiner-psyco/056.smt2
[DEBUG] Predicted solver: Z3alpha for benchmark BV/2017-Preiner-psyco/056.smt2
[DEBUG] Benchmark BV/2017-Preiner-psyco/056.smt2: solved=True, runtime=0.42s, PAR-2=0.42s
[DEBUG] Processing 776/832: BV/2017-Preiner-keymaera/intersection-example-simple.proof-node172099.smt2
[DEBUG] Predicted solver: cvc5 for benchmark BV/2017-Preiner-keymaera/intersection-example-simple.proof-node172099.smt2
[DEBUG] Benchmark BV/2017-Preiner-keymaera/intersection-example-simple.proof-node172099.smt2: solved=True, runtime=0.25s, PAR-2=0.25s
[DEBUG] Processing 777/832: BV/2017-Preiner-scholl-smt08/RNDPRE/RNDPRE_3_5.smt2
[DEBUG] Predicted solver: Bitwuzla for benchmark BV/2017-Preiner-scholl-smt08/RNDPRE/RNDPRE_3_5.smt2
[DEBUG] Benchmark BV/2017-Preiner-scholl-smt08/RNDPRE/RNDPRE_3_5.smt2: solved=True, runtime=0.98s, PAR-2=0.98s
[DEBUG] Processing 778/832: BV/2017-Preiner-keymaera/intersection-example-simple.proof-node289202.smt2
[DEBUG] Predicted solver: cvc5 for benchmark BV/2017-Preiner-keymaera/intersection-example-simple.proof-node289202.smt2
[DEBUG] Benchmark BV/2017-Preiner-keymaera/intersection-example-simple.proof-node289202.smt2: solved=True, runtime=0.22s, PAR-2=0.22s
[DEBUG] Processing 779/832: BV/wintersteiger/fmsd13/ranking/kmdf_pcidrv_sys_hw_nic_init.c.smt2
[DEBUG] Predicted solver: SMTInterpol for benchmark BV/wintersteiger/fmsd13/ranking/kmdf_pcidrv_sys_hw_nic_init.c.smt2
[DEBUG] Benchmark BV/wintersteiger/fmsd13/ranking/kmdf_pcidrv_sys_hw_nic_init.c.smt2: solved=True, runtime=0.51s, PAR-2=0.51s
[DEBUG] Processing 780/832: BV/2017-Preiner-scholl-smt08/model/model_5_22.smt2
[DEBUG] Predicted solver: YicesQS for benchmark BV/2017-Preiner-scholl-smt08/model/model_5_22.smt2
[DEBUG] Benchmark BV/2017-Preiner-scholl-smt08/model/model_5_22.smt2: solved=True, runtime=0.22s, PAR-2=0.22s
[DEBUG] Processing 781/832: BV/2017-Preiner-keymaera/intersection-example-simple.proof-node166868.smt2
[DEBUG] Predicted solver: cvc5 for benchmark BV/2017-Preiner-keymaera/intersection-example-simple.proof-node166868.smt2
[DEBUG] Benchmark BV/2017-Preiner-keymaera/intersection-example-simple.proof-node166868.smt2: solved=True, runtime=0.25s, PAR-2=0.25s
[DEBUG] Processing 782/832: BV/2017-Preiner-keymaera/intersection-example-simple.proof-node197075.smt2
[DEBUG] Predicted solver: cvc5 for benchmark BV/2017-Preiner-keymaera/intersection-example-simple.proof-node197075.smt2
[DEBUG] Benchmark BV/2017-Preiner-keymaera/intersection-example-simple.proof-node197075.smt2: solved=True, runtime=0.22s, PAR-2=0.22s
[DEBUG] Processing 783/832: BV/2018-Preiner-cav18/check_bvsgt_bvurem1_4bit.smt2
[DEBUG] Predicted solver: SMTInterpol for benchmark BV/2018-Preiner-cav18/check_bvsgt_bvurem1_4bit.smt2
[DEBUG] Benchmark BV/2018-Preiner-cav18/check_bvsgt_bvurem1_4bit.smt2: solved=True, runtime=0.58s, PAR-2=0.58s
[DEBUG] Processing 784/832: BV/2017-Preiner-keymaera/intersection-example-onelane.proof-node54892.smt2
[DEBUG] Predicted solver: YicesQS for benchmark BV/2017-Preiner-keymaera/intersection-example-onelane.proof-node54892.smt2
[DEBUG] Benchmark BV/2017-Preiner-keymaera/intersection-example-onelane.proof-node54892.smt2: solved=True, runtime=0.25s, PAR-2=0.25s
[DEBUG] Processing 785/832: BV/2017-Preiner-psyco/008.smt2
[DEBUG] Predicted solver: YicesQS for benchmark BV/2017-Preiner-psyco/008.smt2
[DEBUG] Benchmark BV/2017-Preiner-psyco/008.smt2: solved=True, runtime=0.39s, PAR-2=0.39s
[DEBUG] Processing 786/832: BV/2020-Preiner-fmcad20/inv/check_ic_bvsge_x_s_32.smt2
[DEBUG] Predicted solver: Z3alpha for benchmark BV/2020-Preiner-fmcad20/inv/check_ic_bvsge_x_s_32.smt2
[DEBUG] Benchmark BV/2020-Preiner-fmcad20/inv/check_ic_bvsge_x_s_32.smt2: solved=True, runtime=0.71s, PAR-2=0.71s
[DEBUG] Processing 787/832: BV/2017-Preiner-scholl-smt08/model/model_6_40.smt2
[DEBUG] Predicted solver: YicesQS for benchmark BV/2017-Preiner-scholl-smt08/model/model_6_40.smt2
[DEBUG] Benchmark BV/2017-Preiner-scholl-smt08/model/model_6_40.smt2: solved=True, runtime=0.30s, PAR-2=0.30s
[DEBUG] Processing 788/832: BV/wintersteiger/fmsd13/fixpoint/cache-coherence-3-fixpoint-3.smt2
[DEBUG] Predicted solver: cvc5 for benchmark BV/wintersteiger/fmsd13/fixpoint/cache-coherence-3-fixpoint-3.smt2
[DEBUG] Benchmark BV/wintersteiger/fmsd13/fixpoint/cache-coherence-3-fixpoint-3.smt2: solved=True, runtime=1.46s, PAR-2=1.46s
[DEBUG] Processing 789/832: BV/2017-Preiner-scholl-smt08/RND/RND_6_14.smt2
[DEBUG] Predicted solver: YicesQS for benchmark BV/2017-Preiner-scholl-smt08/RND/RND_6_14.smt2
[DEBUG] Benchmark BV/2017-Preiner-scholl-smt08/RND/RND_6_14.smt2: solved=False, runtime=1200.00s, PAR-2=2400.00s
[DEBUG] Processing 790/832: BV/2017-Preiner-scholl-smt08/RND/RND_3_24.smt2
[DEBUG] Predicted solver: YicesQS for benchmark BV/2017-Preiner-scholl-smt08/RND/RND_3_24.smt2
[DEBUG] Benchmark BV/2017-Preiner-scholl-smt08/RND/RND_3_24.smt2: solved=False, runtime=1200.00s, PAR-2=2400.00s
[DEBUG] Processing 791/832: BV/2017-Preiner-keymaera/intersection-example-onelane.proof-node23307.smt2
[DEBUG] Predicted solver: Z3alpha for benchmark BV/2017-Preiner-keymaera/intersection-example-onelane.proof-node23307.smt2
[DEBUG] Benchmark BV/2017-Preiner-keymaera/intersection-example-onelane.proof-node23307.smt2: solved=True, runtime=0.36s, PAR-2=0.36s
[DEBUG] Processing 792/832: BV/2017-Preiner-keymaera/intersection-example-simple.proof-node548891.smt2
[DEBUG] Predicted solver: cvc5 for benchmark BV/2017-Preiner-keymaera/intersection-example-simple.proof-node548891.smt2
[DEBUG] Benchmark BV/2017-Preiner-keymaera/intersection-example-simple.proof-node548891.smt2: solved=True, runtime=0.25s, PAR-2=0.25s
[DEBUG] Processing 793/832: BV/2017-Preiner-scholl-smt08/model/model_5_39.smt2
[DEBUG] Predicted solver: YicesQS for benchmark BV/2017-Preiner-scholl-smt08/model/model_5_39.smt2
[DEBUG] Benchmark BV/2017-Preiner-scholl-smt08/model/model_5_39.smt2: solved=True, runtime=0.53s, PAR-2=0.53s
[DEBUG] Processing 794/832: BV/2017-Preiner-psyco/115.smt2
[DEBUG] Predicted solver: cvc5 for benchmark BV/2017-Preiner-psyco/115.smt2
[DEBUG] Benchmark BV/2017-Preiner-psyco/115.smt2: solved=True, runtime=0.73s, PAR-2=0.73s
[DEBUG] Processing 795/832: BV/20170501-Heizmann-UltimateAutomizer/jain_4_true-unreach-call_true-no-overflow.i_200.smt2
[DEBUG] Predicted solver: SMTInterpol for benchmark BV/20170501-Heizmann-UltimateAutomizer/jain_4_true-unreach-call_true-no-overflow.i_200.smt2
[DEBUG] Benchmark BV/20170501-Heizmann-UltimateAutomizer/jain_4_true-unreach-call_true-no-overflow.i_200.smt2: solved=True, runtime=0.54s, PAR-2=0.54s
[DEBUG] Processing 796/832: BV/20230321-UltimateAutomizerSvcomp2023/jain_4-1.c_2.smt2
[DEBUG] Predicted solver: SMTInterpol for benchmark BV/20230321-UltimateAutomizerSvcomp2023/jain_4-1.c_2.smt2
[DEBUG] Benchmark BV/20230321-UltimateAutomizerSvcomp2023/jain_4-1.c_2.smt2: solved=True, runtime=0.51s, PAR-2=0.51s
[DEBUG] Processing 797/832: BV/2017-Preiner-scholl-smt08/model/model_5_59.smt2
[DEBUG] Predicted solver: Z3alpha for benchmark BV/2017-Preiner-scholl-smt08/model/model_5_59.smt2
[DEBUG] Benchmark BV/2017-Preiner-scholl-smt08/model/model_5_59.smt2: solved=True, runtime=0.28s, PAR-2=0.28s
[DEBUG] Processing 798/832: BV/wintersteiger/fmsd13/ranking/filesys_fastfat_cachesup.c.smt2
[DEBUG] Predicted solver: SMTInterpol for benchmark BV/wintersteiger/fmsd13/ranking/filesys_fastfat_cachesup.c.smt2
[DEBUG] Benchmark BV/wintersteiger/fmsd13/ranking/filesys_fastfat_cachesup.c.smt2: solved=True, runtime=0.45s, PAR-2=0.45s
[DEBUG] Processing 799/832: BV/2017-Preiner-psyco/075.smt2
[DEBUG] Predicted solver: YicesQS for benchmark BV/2017-Preiner-psyco/075.smt2
[DEBUG] Benchmark BV/2017-Preiner-psyco/075.smt2: solved=True, runtime=0.26s, PAR-2=0.26s
[DEBUG] Processing 800/832: BV/2020-Preiner-fmcad20/inv/check_ic_bvlshr_x_s_32.smt2
[DEBUG] Predicted solver: Z3alpha for benchmark BV/2020-Preiner-fmcad20/inv/check_ic_bvlshr_x_s_32.smt2
[DEBUG] Benchmark BV/2020-Preiner-fmcad20/inv/check_ic_bvlshr_x_s_32.smt2: solved=True, runtime=384.92s, PAR-2=384.92s
[DEBUG] Processing 801/832: BV/2018-Preiner-cav18/check_bvsle_bvashr1_64bit.smt2
[DEBUG] Predicted solver: SMTInterpol for benchmark BV/2018-Preiner-cav18/check_bvsle_bvashr1_64bit.smt2
[DEBUG] Benchmark BV/2018-Preiner-cav18/check_bvsle_bvashr1_64bit.smt2: solved=True, runtime=4.51s, PAR-2=4.51s
[DEBUG] Processing 802/832: BV/20170501-Heizmann-UltimateAutomizer/jain_6_true-unreach-call_true-no-overflow.i_387.smt2
[DEBUG] Predicted solver: SMTInterpol for benchmark BV/20170501-Heizmann-UltimateAutomizer/jain_6_true-unreach-call_true-no-overflow.i_387.smt2
[DEBUG] Benchmark BV/20170501-Heizmann-UltimateAutomizer/jain_6_true-unreach-call_true-no-overflow.i_387.smt2: solved=True, runtime=0.51s, PAR-2=0.51s
[DEBUG] Processing 803/832: BV/2017-Preiner-scholl-smt08/RND/RND_4_23.smt2
[DEBUG] Predicted solver: YicesQS for benchmark BV/2017-Preiner-scholl-smt08/RND/RND_4_23.smt2
[DEBUG] Benchmark BV/2017-Preiner-scholl-smt08/RND/RND_4_23.smt2: solved=True, runtime=0.36s, PAR-2=0.36s
[DEBUG] Processing 804/832: BV/2017-Preiner-keymaera/intersection-example-onelane.proof-node47513.smt2
[DEBUG] Predicted solver: Z3alpha for benchmark BV/2017-Preiner-keymaera/intersection-example-onelane.proof-node47513.smt2
[DEBUG] Benchmark BV/2017-Preiner-keymaera/intersection-example-onelane.proof-node47513.smt2: solved=True, runtime=0.46s, PAR-2=0.46s
[DEBUG] Processing 805/832: BV/2017-Preiner-psyco/084.smt2
[DEBUG] Predicted solver: YicesQS for benchmark BV/2017-Preiner-psyco/084.smt2
[DEBUG] Benchmark BV/2017-Preiner-psyco/084.smt2: solved=True, runtime=0.71s, PAR-2=0.71s
[DEBUG] Processing 806/832: BV/2017-Preiner-keymaera/intersection-example-simple.proof-node267257.smt2
[DEBUG] Predicted solver: cvc5 for benchmark BV/2017-Preiner-keymaera/intersection-example-simple.proof-node267257.smt2
[DEBUG] Benchmark BV/2017-Preiner-keymaera/intersection-example-simple.proof-node267257.smt2: solved=True, runtime=0.27s, PAR-2=0.27s
[DEBUG] Processing 807/832: BV/2017-Preiner-keymaera/intersection-example-simple.proof-node193953.smt2
[DEBUG] Predicted solver: cvc5 for benchmark BV/2017-Preiner-keymaera/intersection-example-simple.proof-node193953.smt2
[DEBUG] Benchmark BV/2017-Preiner-keymaera/intersection-example-simple.proof-node193953.smt2: solved=True, runtime=0.25s, PAR-2=0.25s
[DEBUG] Processing 808/832: BV/20230321-UltimateAutomizerSvcomp2023/jain_6-1.c_4.smt2
[DEBUG] Predicted solver: SMTInterpol for benchmark BV/20230321-UltimateAutomizerSvcomp2023/jain_6-1.c_4.smt2
[DEBUG] Benchmark BV/20230321-UltimateAutomizerSvcomp2023/jain_6-1.c_4.smt2: solved=True, runtime=0.46s, PAR-2=0.46s
[DEBUG] Processing 809/832: BV/2020-Preiner-fmcad20/cons/check_cc_bvadd_x_s_4.smt2
[DEBUG] Predicted solver: SMTInterpol for benchmark BV/2020-Preiner-fmcad20/cons/check_cc_bvadd_x_s_4.smt2
[DEBUG] Benchmark BV/2020-Preiner-fmcad20/cons/check_cc_bvadd_x_s_4.smt2: solved=True, runtime=0.75s, PAR-2=0.75s
[DEBUG] Processing 810/832: BV/wintersteiger/fmsd13/ranking/audio_ddksynth_voice.cpp.smt2
[DEBUG] Predicted solver: SMTInterpol for benchmark BV/wintersteiger/fmsd13/ranking/audio_ddksynth_voice.cpp.smt2
[DEBUG] Benchmark BV/wintersteiger/fmsd13/ranking/audio_ddksynth_voice.cpp.smt2: solved=True, runtime=0.52s, PAR-2=0.52s
[DEBUG] Processing 811/832: BV/20190429-UltimateAutomizerSvcomp2019/soft_float_4_true-unreach-call_true-no-overflow_true-termination.c.cil.c_7.smt2
[DEBUG] Predicted solver: SMTInterpol for benchmark BV/20190429-UltimateAutomizerSvcomp2019/soft_float_4_true-unreach-call_true-no-overflow_true-termination.c.cil.c_7.smt2
[DEBUG] Benchmark BV/20190429-UltimateAutomizerSvcomp2019/soft_float_4_true-unreach-call_true-no-overflow_true-termination.c.cil.c_7.smt2: solved=True, runtime=0.81s, PAR-2=0.81s
[DEBUG] Processing 812/832: BV/20190429-UltimateAutomizerSvcomp2019/jain_7_true-unreach-call_true-no-overflow_false-termination.i_4.smt2
[DEBUG] Predicted solver: SMTInterpol for benchmark BV/20190429-UltimateAutomizerSvcomp2019/jain_7_true-unreach-call_true-no-overflow_false-termination.i_4.smt2
[DEBUG] Benchmark BV/20190429-UltimateAutomizerSvcomp2019/jain_7_true-unreach-call_true-no-overflow_false-termination.i_4.smt2: solved=True, runtime=0.51s, PAR-2=0.51s
[DEBUG] Processing 813/832: BV/2017-Preiner-keymaera/intersection-example-simple.proof-node369550.smt2
[DEBUG] Predicted solver: cvc5 for benchmark BV/2017-Preiner-keymaera/intersection-example-simple.proof-node369550.smt2
[DEBUG] Benchmark BV/2017-Preiner-keymaera/intersection-example-simple.proof-node369550.smt2: solved=True, runtime=0.28s, PAR-2=0.28s
[DEBUG] Processing 814/832: BV/2017-Preiner-keymaera/intersection-example-simple.proof-node265077.smt2
[DEBUG] Predicted solver: cvc5 for benchmark BV/2017-Preiner-keymaera/intersection-example-simple.proof-node265077.smt2
[DEBUG] Benchmark BV/2017-Preiner-keymaera/intersection-example-simple.proof-node265077.smt2: solved=True, runtime=0.22s, PAR-2=0.22s
[DEBUG] Processing 815/832: BV/2017-Preiner-keymaera/intersection-example-simple.proof-node389810.smt2
[DEBUG] Predicted solver: cvc5 for benchmark BV/2017-Preiner-keymaera/intersection-example-simple.proof-node389810.smt2
[DEBUG] Benchmark BV/2017-Preiner-keymaera/intersection-example-simple.proof-node389810.smt2: solved=True, runtime=0.22s, PAR-2=0.22s
[DEBUG] Processing 816/832: BV/2018-Preiner-cav18/check_ne_bvurem0_32bit.smt2
[DEBUG] Predicted solver: SMTInterpol for benchmark BV/2018-Preiner-cav18/check_ne_bvurem0_32bit.smt2
[DEBUG] Benchmark BV/2018-Preiner-cav18/check_ne_bvurem0_32bit.smt2: solved=True, runtime=0.50s, PAR-2=0.50s
[DEBUG] Processing 817/832: BV/wintersteiger/fmsd13/fixpoint/itc-b13-fixpoint-7.smt2
[DEBUG] Predicted solver: Z3alpha for benchmark BV/wintersteiger/fmsd13/fixpoint/itc-b13-fixpoint-7.smt2
[DEBUG] Benchmark BV/wintersteiger/fmsd13/fixpoint/itc-b13-fixpoint-7.smt2: solved=True, runtime=0.39s, PAR-2=0.39s
[DEBUG] Processing 818/832: BV/2017-Preiner-psyco/092.smt2
[DEBUG] Predicted solver: YicesQS for benchmark BV/2017-Preiner-psyco/092.smt2
[DEBUG] Benchmark BV/2017-Preiner-psyco/092.smt2: solved=True, runtime=0.49s, PAR-2=0.49s
[DEBUG] Processing 819/832: BV/2017-Preiner-keymaera/intersection-example-simple.proof-node152045.smt2
[DEBUG] Predicted solver: cvc5 for benchmark BV/2017-Preiner-keymaera/intersection-example-simple.proof-node152045.smt2
[DEBUG] Benchmark BV/2017-Preiner-keymaera/intersection-example-simple.proof-node152045.smt2: solved=True, runtime=0.26s, PAR-2=0.26s
[DEBUG] Processing 820/832: BV/wintersteiger/fmsd13/fixpoint/small-equiv-fixpoint-9.smt2
[DEBUG] Predicted solver: cvc5 for benchmark BV/wintersteiger/fmsd13/fixpoint/small-equiv-fixpoint-9.smt2
[DEBUG] Benchmark BV/wintersteiger/fmsd13/fixpoint/small-equiv-fixpoint-9.smt2: solved=True, runtime=0.25s, PAR-2=0.25s
[DEBUG] Processing 821/832: BV/2017-Preiner-scholl-smt08/model/model_6_76.smt2
[DEBUG] Predicted solver: Z3alpha for benchmark BV/2017-Preiner-scholl-smt08/model/model_6_76.smt2
[DEBUG] Benchmark BV/2017-Preiner-scholl-smt08/model/model_6_76.smt2: solved=True, runtime=0.28s, PAR-2=0.28s
[DEBUG] Processing 822/832: BV/wintersteiger/fmsd13/ranking/input_pnpi8042_moudep.c.smt2
[DEBUG] Predicted solver: SMTInterpol for benchmark BV/wintersteiger/fmsd13/ranking/input_pnpi8042_moudep.c.smt2
[DEBUG] Benchmark BV/wintersteiger/fmsd13/ranking/input_pnpi8042_moudep.c.smt2: solved=True, runtime=0.48s, PAR-2=0.48s
[DEBUG] Processing 823/832: BV/2020-Preiner-fmcad20/cons/check_cc_urem_x_s_32.smt2
[DEBUG] Predicted solver: Z3alpha for benchmark BV/2020-Preiner-fmcad20/cons/check_cc_urem_x_s_32.smt2
[DEBUG] Benchmark BV/2020-Preiner-fmcad20/cons/check_cc_urem_x_s_32.smt2: solved=True, runtime=12.31s, PAR-2=12.31s
[DEBUG] Processing 824/832: BV/wintersteiger/fmsd13/fixpoint/sdlx-fixpoint-10.smt2
[DEBUG] Predicted solver: Z3alpha for benchmark BV/wintersteiger/fmsd13/fixpoint/sdlx-fixpoint-10.smt2
[DEBUG] Benchmark BV/wintersteiger/fmsd13/fixpoint/sdlx-fixpoint-10.smt2: solved=False, runtime=1200.00s, PAR-2=2400.00s
[DEBUG] Processing 825/832: BV/2017-Preiner-psyco/154.smt2
[DEBUG] Predicted solver: YicesQS for benchmark BV/2017-Preiner-psyco/154.smt2
[DEBUG] Benchmark BV/2017-Preiner-psyco/154.smt2: solved=True, runtime=0.28s, PAR-2=0.28s
[DEBUG] Processing 826/832: BV/wintersteiger/fmsd13/fixpoint/small-equiv-fixpoint-5.smt2
[DEBUG] Predicted solver: cvc5 for benchmark BV/wintersteiger/fmsd13/fixpoint/small-equiv-fixpoint-5.smt2
[DEBUG] Benchmark BV/wintersteiger/fmsd13/fixpoint/small-equiv-fixpoint-5.smt2: solved=True, runtime=0.24s, PAR-2=0.24s
[DEBUG] Processing 827/832: BV/2017-Preiner-psyco/050.smt2
[DEBUG] Predicted solver: Z3alpha for benchmark BV/2017-Preiner-psyco/050.smt2
[DEBUG] Benchmark BV/2017-Preiner-psyco/050.smt2: solved=True, runtime=0.37s, PAR-2=0.37s
[DEBUG] Processing 828/832: BV/2018-Preiner-cav18/check_eq_bvneg_64bit.smt2
[DEBUG] Predicted solver: SMTInterpol for benchmark BV/2018-Preiner-cav18/check_eq_bvneg_64bit.smt2
[DEBUG] Benchmark BV/2018-Preiner-cav18/check_eq_bvneg_64bit.smt2: solved=True, runtime=0.40s, PAR-2=0.40s
[DEBUG] Processing 829/832: BV/2017-Preiner-scholl-smt08/model/model_6_60.smt2
[DEBUG] Predicted solver: YicesQS for benchmark BV/2017-Preiner-scholl-smt08/model/model_6_60.smt2
[DEBUG] Benchmark BV/2017-Preiner-scholl-smt08/model/model_6_60.smt2: solved=True, runtime=0.26s, PAR-2=0.26s
[DEBUG] Processing 830/832: BV/20190429-UltimateAutomizerSvcomp2019/jain_7_true-unreach-call_true-no-overflow_false-termination.i_13.smt2
[DEBUG] Predicted solver: SMTInterpol for benchmark BV/20190429-UltimateAutomizerSvcomp2019/jain_7_true-unreach-call_true-no-overflow_false-termination.i_13.smt2
[DEBUG] Benchmark BV/20190429-UltimateAutomizerSvcomp2019/jain_7_true-unreach-call_true-no-overflow_false-termination.i_13.smt2: solved=True, runtime=0.49s, PAR-2=0.49s
[DEBUG] Processing 831/832: BV/2017-Preiner-keymaera/intersection-example-simple.proof-node268667.smt2
[DEBUG] Predicted solver: cvc5 for benchmark BV/2017-Preiner-keymaera/intersection-example-simple.proof-node268667.smt2
[DEBUG] Benchmark BV/2017-Preiner-keymaera/intersection-example-simple.proof-node268667.smt2: solved=True, runtime=0.22s, PAR-2=0.22s
[DEBUG] Processing 832/832: BV/2017-Preiner-scholl-smt08/RND/RND_6_25.smt2
[DEBUG] Predicted solver: YicesQS for benchmark BV/2017-Preiner-scholl-smt08/RND/RND_6_25.smt2
[DEBUG] Benchmark BV/2017-Preiner-scholl-smt08/RND/RND_6_25.smt2: solved=False, runtime=1200.00s, PAR-2=2400.00s
[DEBUG] Results written to CSV: /home/jchen688/projects/def-vganesh/jchen688/github/z3alpha/JHC/AlgoSelect/DescriptionAgent/data/results/bv_csv_based/train/run_20251215_230736_566029/results.csv
[DEBUG] Solved 800/832 benchmarks (96.15%)
[DEBUG] PAR-2 Score: 87065.31s total, 104.65s average

================================================================================
EXECUTION TIME SUMMARY
================================================================================
Model training time:        1432.72 seconds ( 23.88 minutes)
Prediction time:             830.56 seconds ( 13.84 minutes)
  - Avg per benchmark:         1.00 seconds
--------------------------------------------------------------------------------
Total execution time:       2263.28 seconds ( 37.72 minutes)
================================================================================

================================================================================
PAR-2 PERFORMANCE SUMMARY
================================================================================
Benchmarks solved:              800 / 832 ( 96.15%)
Benchmarks unsolved:             32 / 832 (  3.85%)
--------------------------------------------------------------------------------
Total PAR-2 score:         87065.31 seconds
Average PAR-2 score:         104.65 seconds
Timeout value:              1200.00 seconds
PAR-2 penalty factor:             2x timeout
================================================================================

[DEBUG] CSV results saved to: /home/jchen688/projects/def-vganesh/jchen688/github/z3alpha/JHC/AlgoSelect/DescriptionAgent/data/results/bv_csv_based/train/run_20251215_230736_566029/results.csv
[DEBUG] Configuration saved to: /home/jchen688/projects/def-vganesh/jchen688/github/z3alpha/JHC/AlgoSelect/DescriptionAgent/data/results/bv_csv_based/train/run_20251215_230736_566029/config.json
End time: Mon 15 Dec 2025 11:45:40 PM EST
