Benchmark,Predicted_Solver,Solved,Runtime,PAR2_Score
UFNIA/2019-Preiner/combined/t3_rw1563.smt2,cvc5,True,0.43237121403217316,0.43237121403217316
UFNIA/2019-Zohar-alive/partial/partial_AddSub:1176_values_0.smt2,SMTInterpol,True,3.255641574971378,3.255641574971378
UFNIA/vcc-havoc/vccp-StackArray.c.5.Top.smt2,cvc5,True,0.36659662681631744,0.36659662681631744
UFNIA/sledgehammer/QEpres/z3.846032.smt2,cvc5,True,4.728637346997857,4.728637346997857
UFNIA/2019-Preiner/full/t3_rw973.smt2,cvc5,False,1200,2400
UFNIA/sledgehammer/QEpres/z3.789050.smt2,cvc5,False,1200,2400
UFNIA/2019-Preiner/qf/t3_rw62.smt2,SMTInterpol,True,0.4310978730209172,0.4310978730209172
UFNIA/2019-Zohar-ic/combined/int_check_bvsle_bvashr1_ltr_inv_g.smt2,cvc5,False,1200,2400
UFNIA/2019-Preiner/full/t3_rw1422.smt2,SMTInterpol,True,2.1076826950302348,2.1076826950302348
UFNIA/2019-Preiner/full/t3_rw947.smt2,cvc5,False,1200,2400
UFNIA/vcc-havoc/verisoft-baby.c.79.handle_illegal.smt2,iProver,True,5.370122998021543,5.370122998021543
UFNIA/2019-Zohar-ic/full/int_check_eq_bvlshr0_ltr_inv_g.smt2,cvc5,True,0.23007555794902146,0.23007555794902146
UFNIA/2019-Preiner/partial/t3_rw1326.smt2,SMTInterpol,True,6.444627046992537,6.444627046992537
UFNIA/2019-Preiner/full/t3_rw1322.smt2,SMTInterpol,False,1200,2400
UFNIA/2019-Preiner/full/t3_rw450.smt2,cvc5,False,1200,2400
UFNIA/spec_sharp/specsharp-BoundedStack.1.BoundedStack.Main_System.String.array.smt2,cvc5,True,8.24677716102451,8.24677716102451
UFNIA/lahiri-cav09-storm-queries/serial_write_example_2_2_4_0.smt2,cvc5,False,1200,2400
UFNIA/spec_sharp/textbook-Queue.dll.9.IntQueue.EnQueue_System.Int32.smt2,cvc5,True,3.4668166409246624,3.4668166409246624
UFNIA/2019-Preiner/qf/f2_rw213.smt2,SMTInterpol,True,0.47987760696560144,0.47987760696560144
UFNIA/2019-Zohar-alive/combined/combined_InstCombineShift497d_values_0.smt2,cvc5,False,1200,2400
UFNIA/2019-Preiner/partial/t3_rw557.smt2,SMTInterpol,True,5.653910693014041,5.653910693014041
UFNIA/2019-Preiner/qf/t3_rw1183.smt2,SMTInterpol,True,0.5071292280335911,0.5071292280335911
UFNIA/2019-Preiner/partial/f2_rw401.smt2,SMTInterpol,True,0.9238086509867571,0.9238086509867571
UFNIA/lahiri-cav09-storm-queries/daytona_example_2_3_8_1.smt2,cvc5,True,27.595278847962618,27.595278847962618
UFNIA/2019-Preiner/qf/t3_rw1345.smt2,SMTInterpol,True,0.4322809109580703,0.4322809109580703
UFNIA/2019-Preiner/qf/t3_rw957.smt2,SMTInterpol,True,0.44230925501324236,0.44230925501324236
UFNIA/2019-Preiner/qf/t3_rw1459.smt2,SMTInterpol,True,0.487336429010611,0.487336429010611
UFNIA/2019-Preiner/combined/t3_rw197.smt2,cvc5,False,1200,2400
UFNIA/2019-Preiner/full/f2_rw407.smt2,cvc5,True,0.24897190392948687,0.24897190392948687
UFNIA/lahiri-cav09-storm-queries/serial_write_example_3_2.smt2,cvc5,False,1200,2400
UFNIA/2019-Preiner/qf/t3_rw1477.smt2,SMTInterpol,True,0.5169992190203629,0.5169992190203629
UFNIA/sledgehammer/QEpres/z3.1204732.smt2,cvc5,False,1200,2400
UFNIA/2019-Zohar-alive/combined/combined_AndOrXor:2113_values_0.smt2,cvc5,False,1200,2400
UFNIA/2019-Preiner/full/t3_rw223.smt2,cvc5,False,1200,2400
UFNIA/2019-Preiner/qf/t3_rw949.smt2,SMTInterpol,True,0.47380587400402874,0.47380587400402874
UFNIA/2019-Preiner/full/t3_rw186.smt2,cvc5,False,1200,2400
UFNIA/2019-Zohar-ic/partial/int_check_bvsle_bvudiv1_ltr_no_inv.smt2,SMTInterpol,True,2.028082347009331,2.028082347009331
UFNIA/2019-Preiner/partial/f2_rw404.smt2,SMTInterpol,True,0.9326515879947692,0.9326515879947692
UFNIA/2019-Zohar-ic/full/int_check_bvsle_bvand_ltr_inv_g.smt2,cvc5,False,1200,2400
UFNIA/2019-Preiner/full/t3_rw1328.smt2,cvc5,False,1200,2400
UFNIA/2019-Preiner/qf/t3_rw1574.smt2,SMTInterpol,True,0.4628426900017075,0.4628426900017075
UFNIA/2019-Preiner/combined/f2_rw404.smt2,cvc5,True,0.27192921191453934,0.27192921191453934
UFNIA/2019-Preiner/qf/t3_rw751.smt2,SMTInterpol,True,0.4737314450321719,0.4737314450321719
UFNIA/2019-Zohar-alive/combined/combined_AndOrXor:2486_values_0.smt2,cvc5,False,1200,2400
UFNIA/2019-Preiner/partial/t3_rw699.smt2,SMTInterpol,True,2.9995717220008373,2.9995717220008373
UFNIA/2019-Preiner/qf/t3_rw955.smt2,SMTInterpol,True,0.4992760629975237,0.4992760629975237
UFNIA/2019-Preiner/full/t3_rw171.smt2,cvc5,False,1200,2400
UFNIA/2019-Preiner/qf/t3_rw1497.smt2,SMTInterpol,True,0.5271153189823963,0.5271153189823963
UFNIA/2019-Preiner/combined/t3_rw1553.smt2,cvc5,False,1200,2400
UFNIA/2019-Preiner/full/t3_rw848.smt2,cvc5,False,1200,2400
UFNIA/2019-Preiner/qf/t3_rw292.smt2,SMTInterpol,True,0.4832792380475439,0.4832792380475439
UFNIA/2019-Preiner/qf/t3_rw16.smt2,SMTInterpol,True,0.44674999499693513,0.44674999499693513
UFNIA/2019-Preiner/qf/t3_rw1351.smt2,SMTInterpol,True,0.448216766002588,0.448216766002588
UFNIA/sledgehammer/QEpres/z3.761876.smt2,cvc5,False,1200,2400
UFNIA/2019-Preiner/full/t3_rw429.smt2,cvc5,False,1200,2400
UFNIA/2019-Preiner/partial/t3_rw1144.smt2,SMTInterpol,True,3.143843740981538,3.143843740981538
UFNIA/2019-Preiner/qf/t3_rw510.smt2,SMTInterpol,True,0.46745905897114426,0.46745905897114426
UFNIA/vcc-havoc/verisoft-sim.c.2.3.untranslated_read_sim.smt2,iProver,True,6.406355949118733,6.406355949118733
UFNIA/2019-Zohar-ic/partial/int_check_bvult_bvashr0_ltr_no_inv.smt2,SMTInterpol,True,1.7732685850351118,1.7732685850351118
UFNIA/2019-Preiner/full/t3_rw208.smt2,cvc5,True,0.26080167503096163,0.26080167503096163
UFNIA/2019-Zohar-ic/partial/int_check_bvsle_bvurem1_rtl.smt2,SMTInterpol,True,1.8438119670026936,1.8438119670026936
UFNIA/2019-Preiner/qf/f2_rw141.smt2,SMTInterpol,True,0.46200257597956806,0.46200257597956806
UFNIA/2019-Preiner/qf/f2_rw405.smt2,SMTInterpol,True,0.49164995294995606,0.49164995294995606
UFNIA/2019-Zohar-ic/combined/int_check_eq_bvurem0_ltr_inv_g.smt2,cvc5,True,0.2868323680013418,0.2868323680013418
UFNIA/2019-Preiner/combined/t3_rw528.smt2,cvc5,True,0.3602776729967445,0.3602776729967445
UFNIA/2019-Preiner/qf/t3_rw1326.smt2,SMTInterpol,True,0.5195936569944024,0.5195936569944024
UFNIA/sledgehammer/TwoSquares/z3.728258.smt2,cvc5,False,1200,2400
UFNIA/2019-Zohar-ic/combined/int_check_bvult_bvshl1_ltr_no_inv.smt2,cvc5,True,12.586175724864006,12.586175724864006
UFNIA/2019-Preiner/combined/t3_rw5.smt2,cvc5,True,0.265902001876384,0.265902001876384
UFNIA/2019-Preiner/combined/t3_rw780.smt2,cvc5,True,0.23984735016711056,0.23984735016711056
UFNIA/2019-Preiner/qf/t3_rw1353.smt2,SMTInterpol,True,0.4802434680168517,0.4802434680168517
UFNIA/2019-Preiner/combined/f2_rw15.smt2,cvc5,True,0.23080090107396245,0.23080090107396245
UFNIA/2019-Preiner/qf/t3_rw131.smt2,SMTInterpol,True,0.4596269740140997,0.4596269740140997
UFNIA/2019-Preiner/combined/t3_rw1005.smt2,cvc5,True,0.5728003059048206,0.5728003059048206
UFNIA/sledgehammer/TwoSquares/z3.768361.smt2,cvc5,True,456.2818415570073,456.2818415570073
UFNIA/sledgehammer/Fundamental_Theorem_Algebra/z3.1112725.smt2,cvc5,False,1200,2400
UFNIA/spec_sharp/test14-DafnyAst.ssc.21.Microsoft.Dafny.SetType.Boogie.ContractConsistencyCheck.ToString.smt2,cvc5,True,3.7242222998756915,3.7242222998756915
UFNIA/2019-Preiner/full/f2_rw329.smt2,cvc5,True,0.22805390320718288,0.22805390320718288
UFNIA/2019-Preiner/partial/t3_rw779.smt2,SMTInterpol,True,0.9497175199794583,0.9497175199794583
UFNIA/2019-Zohar-ic/partial/int_check_ne_bvlshr0_ltr_inv_g.smt2,SMTInterpol,True,1.1963741519721225,1.1963741519721225
UFNIA/2019-Preiner/qf/f2_rw416.smt2,SMTInterpol,True,0.4730061779846437,0.4730061779846437
UFNIA/2019-Preiner/qf/f2_rw139.smt2,SMTInterpol,True,0.43707700696540996,0.43707700696540996
UFNIA/2019-Preiner/combined/f2_rw415.smt2,cvc5,True,0.23183660907670856,0.23183660907670856
UFNIA/2019-Preiner/combined/f2_rw58.smt2,cvc5,True,0.2679407619871199,0.2679407619871199
UFNIA/2019-Zohar-ic/combined/int_check_bvuge_bvurem1_ltr_no_inv.smt2,cvc5,True,0.26526675885543227,0.26526675885543227
UFNIA/2019-Zohar-ic/partial/int_check_bvugt_bvudiv1_ltr_inv_g.smt2,SMTInterpol,True,0.5164350270060822,0.5164350270060822
UFNIA/sledgehammer/Fundamental_Theorem_Algebra/z3.1077863.smt2,cvc5,False,1200,2400
UFNIA/sledgehammer/QEpres/z3.606536.smt2,SMTInterpol,False,1200,2400
UFNIA/2019-Preiner/qf/t3_rw1170.smt2,SMTInterpol,True,0.5010691110510379,0.5010691110510379
UFNIA/spec_sharp/test14-Microsoft.Boogie.FlowedValue.Type.33.Microsoft.Boogie.FlowedValue.Type.get_IsSingleton.smt2,cvc5,True,1.0556361358612776,1.0556361358612776
UFNIA/2019-Preiner/partial/t3_rw1243.smt2,SMTInterpol,True,5.113316492002923,5.113316492002923
UFNIA/2019-Zohar-ic/partial/int_check_bvsgt_bvlshr0_ltr_inv_g.smt2,SMTInterpol,True,0.48448278597788885,0.48448278597788885
UFNIA/2019-Preiner/partial/t3_rw1559.smt2,SMTInterpol,True,5.228986241971143,5.228986241971143
UFNIA/2019-Zohar-ic/partial/int_check_bvugt_bvurem1_rtl.smt2,SMTInterpol,True,1.069338918023277,1.069338918023277
UFNIA/2019-Zohar-alive/combined/combined_AndOrXor:940_values_0.smt2,cvc5,True,0.2345126059371978,0.2345126059371978
UFNIA/2019-Preiner/combined/t3_rw811.smt2,cvc5,True,1.9970792960375547,1.9970792960375547
UFNIA/spec_sharp/test14-DafnyAst.ssc.117.Microsoft.Dafny.BinaryExpr.OpcodeString_Microsoft.Dafny.BinaryExpr.Opcode.smt2,cvc5,True,4.400842115050182,4.400842115050182
UFNIA/2019-Preiner/full/t3_rw572.smt2,cvc5,False,1200,2400
UFNIA/2019-Preiner/combined/t3_rw506.smt2,cvc5,True,0.31888602185063064,0.31888602185063064
UFNIA/2019-Zohar-alive/combined/combined_Select:576a_values_0.smt2,cvc5,True,43.16439541289583,43.16439541289583
UFNIA/2019-Preiner/combined/t3_rw1475.smt2,cvc5,False,1200,2400
UFNIA/2019-Preiner/qf/t3_rw1166.smt2,SMTInterpol,True,0.5170148879988119,0.5170148879988119
UFNIA/2019-Preiner/full/t3_rw600.smt2,cvc5,True,0.2450286119710654,0.2450286119710654
UFNIA/2019-Preiner/qf/t3_rw1510.smt2,SMTInterpol,True,0.49898033402860165,0.49898033402860165
UFNIA/2019-Zohar-ic/partial/int_check_bvugt_bvand_ltr_inv_g.smt2,SMTInterpol,True,0.6730841309763491,0.6730841309763491
UFNIA/2019-Zohar-ic/qf/int_check_eq_bvlshr1_rtl.smt2,SMTInterpol,True,0.5922346679726616,0.5922346679726616
UFNIA/vcc-havoc/verisoft-sim.c.2.89.translated_write_sim.smt2,iProver,True,6.900626998860389,6.900626998860389
UFNIA/2019-Preiner/combined/t3_rw1557.smt2,cvc5,True,47.152918935986236,47.152918935986236
UFNIA/2019-Preiner/full/t3_rw977.smt2,cvc5,False,1200,2400
UFNIA/2019-Preiner/partial/t3_rw19.smt2,SMTInterpol,True,3.1572722590062767,3.1572722590062767
UFNIA/2019-Preiner/partial/f2_rw411.smt2,SMTInterpol,True,0.9866445059888065,0.9866445059888065
UFNIA/2019-Preiner/combined/t3_rw931.smt2,cvc5,True,0.29244411387480795,0.29244411387480795
UFNIA/2019-Preiner/qf/t3_rw761.smt2,SMTInterpol,True,0.46719342801952735,0.46719342801952735
UFNIA/2019-Preiner/full/t3_rw617.smt2,cvc5,False,1200,2400
UFNIA/2019-Preiner/full/t3_rw1266.smt2,SMTInterpol,False,1200,2400
UFNIA/sledgehammer/TwoSquares/z3.844562.smt2,cvc5,True,90.33507924713194,90.33507924713194
UFNIA/2019-Preiner/full/t3_rw116.smt2,cvc5,False,1200,2400
UFNIA/2019-Zohar-ic/partial/int_check_bvslt_bvudiv1_rtl.smt2,SMTInterpol,True,1.72830827801954,1.72830827801954
UFNIA/sledgehammer/FFT/z3.1002488.smt2,cvc5,False,1200,2400
UFNIA/2019-Preiner/qf/t3_rw1476.smt2,SMTInterpol,True,0.4863635929650627,0.4863635929650627
UFNIA/lahiri-cav09-storm-queries/usbsamp_example_2_1_6_0.smt2,cvc5,True,1027.5436354489066,1027.5436354489066
UFNIA/2019-Preiner/full/t3_rw1498.smt2,SMTInterpol,True,4.596154441009276,4.596154441009276
UFNIA/2019-Preiner/partial/t3_rw347.smt2,SMTInterpol,True,5.456266859022435,5.456266859022435
UFNIA/2019-Preiner/partial/t3_rw278.smt2,SMTInterpol,True,3.8094416520325467,3.8094416520325467
UFNIA/sledgehammer/Fundamental_Theorem_Algebra/z3.1076970.smt2,cvc5,False,1200,2400
UFNIA/sledgehammer/QEpres/z3.938838.smt2,cvc5,False,1200,2400
UFNIA/2019-Preiner/qf/t3_rw766.smt2,SMTInterpol,True,0.47176877601305023,0.47176877601305023
UFNIA/2019-Preiner/qf/t3_rw201.smt2,SMTInterpol,True,0.5123319730046205,0.5123319730046205
UFNIA/2019-Preiner/full/t3_rw374.smt2,cvc5,False,1200,2400
UFNIA/2019-Preiner/combined/f2_rw139.smt2,cvc5,True,0.3074931278824806,0.3074931278824806
UFNIA/2019-Preiner/combined/t3_rw1555.smt2,cvc5,False,1200,2400
UFNIA/2019-Preiner/qf/t3_rw1389.smt2,SMTInterpol,True,0.5258831170503981,0.5258831170503981
UFNIA/vcc-havoc/vccp-array1.c.4.setk2.smt2,cvc5,True,0.25587062002159655,0.25587062002159655
UFNIA/2019-Preiner/full/t3_rw672.smt2,SMTInterpol,False,1200,2400
UFNIA/2019-Preiner/full/f2_rw106.smt2,cvc5,False,1200,2400
UFNIA/2019-Preiner/partial/f2_rw154.smt2,SMTInterpol,True,1.6369589649984846,1.6369589649984846
UFNIA/2019-Preiner/partial/t3_rw183.smt2,SMTInterpol,True,3.757114313018974,3.757114313018974
UFNIA/sledgehammer/FFT/z3.997989.smt2,cvc5,False,1200,2400
UFNIA/2019-Preiner/full/t3_rw1324.smt2,cvc5,False,1200,2400
UFNIA/20190909-CLEARSY/0016/00649.smt2,cvc5,True,540.5249028389808,540.5249028389808
UFNIA/sledgehammer/Fundamental_Theorem_Algebra/z3.579173.smt2,cvc5,True,0.3520923750475049,0.3520923750475049
UFNIA/2019-Preiner/qf/t3_rw1449.smt2,SMTInterpol,True,0.4758898029685952,0.4758898029685952
UFNIA/lahiri-cav09-storm-queries/usbsamp_example_2_1_4_2.smt2,cvc5,True,1038.21191190416,1038.21191190416
UFNIA/2019-Zohar-ic/partial/int_check_eq_bvudiv1_rtl.smt2,SMTInterpol,True,1.2986531889764592,1.2986531889764592
UFNIA/2019-Preiner/qf/t3_rw75.smt2,SMTInterpol,True,0.4246130620012991,0.4246130620012991
UFNIA/2019-Preiner/full/t3_rw463.smt2,cvc5,False,1200,2400
UFNIA/lahiri-cav09-storm-queries/usbsamp_example_2_2_4_1.smt2,cvc5,True,1035.4674547500908,1035.4674547500908
UFNIA/2019-Zohar-ic/partial/int_check_bvule_bvnot_ltr_inv_g.smt2,SMTInterpol,True,0.44550018897280097,0.44550018897280097
UFNIA/lahiri-cav09-storm-queries/daytona_example_2_3_6_4.smt2,cvc5,True,741.6673871339299,741.6673871339299
UFNIA/2019-Zohar-ic/combined/int_check_eq_bvadd_ltr_inv_g.smt2,cvc5,True,0.30818950897082686,0.30818950897082686
UFNIA/2019-Zohar-ic/combined/int_check_bvult_bvudiv0_ltr_inv_g.smt2,cvc5,True,0.2289832690730691,0.2289832690730691
UFNIA/2019-Preiner/partial/f2_rw197.smt2,SMTInterpol,True,3.87554470699979,3.87554470699979
UFNIA/vcc-havoc/verisoft-baby.c.1.60.hv_dispatch.smt2,iProver,True,4.862045814981684,4.862045814981684
UFNIA/2019-Preiner/qf/t3_rw607.smt2,SMTInterpol,True,0.48377618001541123,0.48377618001541123
UFNIA/sledgehammer/FFT/z3.593908.smt2,cvc5,False,1200,2400
UFNIA/2019-Preiner/combined/t3_rw540.smt2,cvc5,True,0.42051591188646853,0.42051591188646853
UFNIA/2019-Preiner/partial/t3_rw796.smt2,SMTInterpol,True,2.2883993010036647,2.2883993010036647
UFNIA/sledgehammer/Fundamental_Theorem_Algebra/z3.774015.smt2,cvc5,True,0.3219735079910606,0.3219735079910606
UFNIA/2019-Preiner/combined/t3_rw105.smt2,cvc5,True,0.26694123400375247,0.26694123400375247
UFNIA/2019-Preiner/qf/t3_rw474.smt2,SMTInterpol,True,0.4483490100246854,0.4483490100246854
UFNIA/2019-Preiner/partial/t3_rw918.smt2,SMTInterpol,True,2.7230779019882903,2.7230779019882903
UFNIA/2019-Preiner/combined/t3_rw1201.smt2,cvc5,False,1200,2400
UFNIA/2019-Preiner/full/t3_rw294.smt2,cvc5,False,1200,2400
UFNIA/spec_sharp/test14-CommandLineOptions.ssc.4.Microsoft.Boogie.CommandLineOptions.CommandLineParseState.SpecSharp.CheckInvariant_System.Boolean.smt2,cvc5,True,3.9352054009214044,3.9352054009214044
UFNIA/sledgehammer/Hoare/z3.1070255.smt2,cvc5,False,1200,2400
UFNIA/sledgehammer/Fundamental_Theorem_Algebra/z3.1281431.smt2,cvc5,True,0.2741607229690999,0.2741607229690999
UFNIA/2019-Zohar-ic/full/int_check_bvule_bvmul_ltr_inv_g.smt2,cvc5,True,0.24637851095758379,0.24637851095758379
UFNIA/2019-Preiner/full/t3_rw139.smt2,cvc5,False,1200,2400
UFNIA/2019-Preiner/full/t3_rw178.smt2,cvc5,False,1200,2400
UFNIA/2019-Preiner/partial/t3_rw1382.smt2,SMTInterpol,True,4.138428459991701,4.138428459991701
UFNIA/2019-Preiner/combined/t3_rw840.smt2,cvc5,True,8.447557450039312,8.447557450039312
UFNIA/2019-Preiner/full/t3_rw838.smt2,cvc5,False,1200,2400
UFNIA/2019-Preiner/full/t3_rw1353.smt2,SMTInterpol,False,1200,2400
UFNIA/2019-Preiner/full/t3_rw1542.smt2,SMTInterpol,False,1200,2400
UFNIA/2019-Preiner/full/t3_rw519.smt2,cvc5,True,0.45289473002776504,0.45289473002776504
UFNIA/spec_sharp/test14-Microsoft.Boogie.FlowedValue.Type.9.Microsoft.Boogie.FlowedValue.Type.get_One.smt2,cvc5,True,1.943653082009405,1.943653082009405
UFNIA/2019-Zohar-ic/full/int_check_bvsge_bvneg_ltr_inv_g.smt2,cvc5,True,0.717141681117937,0.717141681117937
UFNIA/2019-Preiner/combined/t3_rw902.smt2,cvc5,True,0.6875258609652519,0.6875258609652519
UFNIA/2019-Preiner/qf/f2_rw169.smt2,SMTInterpol,True,0.43299726501572877,0.43299726501572877
UFNIA/2019-Preiner/partial/f2_rw181.smt2,SMTInterpol,True,2.988272276998032,2.988272276998032
UFNIA/2019-Preiner/qf/f2_rw98.smt2,SMTInterpol,True,0.4201742610312067,0.4201742610312067
UFNIA/2019-Preiner/qf/t3_rw105.smt2,SMTInterpol,True,0.4537419140106067,0.4537419140106067
UFNIA/2019-Preiner/combined/f2_rw268.smt2,cvc5,True,0.2604103027842939,0.2604103027842939
UFNIA/2019-Zohar-ic/combined/int_check_bvuge_bvashr1_rtl.smt2,cvc5,True,30.4697183331009,30.4697183331009
UFNIA/2019-Preiner/qf/t3_rw823.smt2,SMTInterpol,True,0.44690726400585845,0.44690726400585845
UFNIA/2019-Preiner/full/t3_rw473.smt2,SMTInterpol,False,1200,2400
UFNIA/2019-Preiner/partial/t3_rw121.smt2,SMTInterpol,True,2.5092030449886806,2.5092030449886806
UFNIA/2019-Preiner/qf/t3_rw1434.smt2,SMTInterpol,True,0.4745210020337254,0.4745210020337254
UFNIA/2019-Preiner/combined/f2_rw378.smt2,cvc5,True,31.04234749195166,31.04234749195166
UFNIA/2019-Zohar-ic/full/int_check_ne_bvurem1_ltr_no_inv.smt2,cvc5,True,0.26026154099963605,0.26026154099963605
UFNIA/2019-Zohar-alive/partial/partial_AndOrXor:2581_values_0.smt2,SMTInterpol,True,4.903050129010808,4.903050129010808
UFNIA/spec_sharp/test14-DafnyAst.ssc.69.Microsoft.Dafny.Method..ctor_Microsoft.Dafny.Token_notnull_System.String_notnull_System.Collections..smt2,cvc5,False,1200,2400
UFNIA/2019-Preiner/qf/f2_rw326.smt2,SMTInterpol,True,0.4812696530134417,0.4812696530134417
UFNIA/2019-Preiner/full/t3_rw1517.smt2,SMTInterpol,False,1200,2400
UFNIA/2019-Preiner/combined/f2_rw328.smt2,cvc5,True,0.2284378909971565,0.2284378909971565
UFNIA/2019-Preiner/combined/t3_rw843.smt2,cvc5,True,4.353355553001165,4.353355553001165
UFNIA/sledgehammer/Fundamental_Theorem_Algebra/z3.835602.smt2,cvc5,True,0.36607779702171683,0.36607779702171683
UFNIA/2019-Preiner/qf/t3_rw920.smt2,SMTInterpol,True,0.45272055303212255,0.45272055303212255
UFNIA/2019-Preiner/full/t3_rw765.smt2,SMTInterpol,False,1200,2400
UFNIA/2019-Preiner/full/t3_rw552.smt2,cvc5,False,1200,2400
UFNIA/2019-Preiner/full/t3_rw1571.smt2,SMTInterpol,True,2.373472049017437,2.373472049017437
UFNIA/sledgehammer/QEpres/z3.588081.smt2,cvc5,False,1200,2400
UFNIA/2019-Preiner/combined/t3_rw126.smt2,cvc5,True,0.34755669394508004,0.34755669394508004
UFNIA/lahiri-cav09-storm-queries/mqueue_example_cegar_2_3_9.smt2,cvc5,False,1200,2400
UFNIA/2019-Preiner/partial/t3_rw1507.smt2,SMTInterpol,True,2.709877618995961,2.709877618995961
UFNIA/2019-Zohar-alive/combined/combined_AndOrXor:1833_values_0.smt2,cvc5,True,0.8385851611383259,0.8385851611383259
UFNIA/2019-Zohar-alive/full/full_AndOrXor:1828_values_0.smt2,SMTInterpol,True,0.5439205830334686,0.5439205830334686
UFNIA/spec_sharp/test14-Microsoft.Boogie.FlowedValue.Type.35.Microsoft.Boogie.FlowedValue.Type.get_IsStruct.smt2,cvc5,True,0.9036162199918181,0.9036162199918181
UFNIA/2019-Zohar-ic/full/int_check_bvule_bvlshr1_rtl.smt2,SMTInterpol,True,0.4977809700067155,0.4977809700067155
UFNIA/2019-Zohar-alive/combined/combined_AndOrXor:942_values_0.smt2,cvc5,True,2.392524541122839,2.392524541122839
UFNIA/2019-Preiner/combined/t3_rw512.smt2,cvc5,True,0.47142564598470926,0.47142564598470926
UFNIA/2019-Preiner/combined/t3_rw430.smt2,cvc5,False,1200,2400
UFNIA/2019-Preiner/full/t3_rw1481.smt2,SMTInterpol,False,1200,2400
UFNIA/2019-Preiner/partial/t3_rw1233.smt2,SMTInterpol,True,2.079636460985057,2.079636460985057
UFNIA/2019-Preiner/combined/t3_rw344.smt2,cvc5,True,0.55715465801768,0.55715465801768
UFNIA/2019-Preiner/qf/t3_rw102.smt2,SMTInterpol,True,0.4318217750405893,0.4318217750405893
UFNIA/2019-Preiner/combined/f2_rw304.smt2,cvc5,True,2.2354207888711244,2.2354207888711244
UFNIA/2019-Zohar-ic/partial/int_check_bvugt_bvudiv1_rtl.smt2,SMTInterpol,True,0.9930765929748304,0.9930765929748304
UFNIA/2019-Preiner/qf/t3_rw1266.smt2,SMTInterpol,True,0.5084149420144968,0.5084149420144968
UFNIA/2019-Preiner/qf/f2_rw146.smt2,SMTInterpol,True,0.50309005897725,0.50309005897725
UFNIA/vcc-havoc/verisoft-sim.c.1.28.translated_read_sim.smt2,iProver,True,5.884365084115416,5.884365084115416
UFNIA/2019-Preiner/full/t3_rw1066.smt2,SMTInterpol,False,1200,2400
UFNIA/2019-Preiner/combined/t3_rw234.smt2,cvc5,True,2.830162593862042,2.830162593862042
UFNIA/2019-Preiner/partial/t3_rw762.smt2,SMTInterpol,True,19.386138324043714,19.386138324043714
UFNIA/2019-Preiner/qf/t3_rw1030.smt2,SMTInterpol,True,0.4949124150443822,0.4949124150443822
UFNIA/2019-Preiner/partial/t3_rw1381.smt2,SMTInterpol,True,4.780297715042252,4.780297715042252
UFNIA/2019-Preiner/qf/f2_rw15.smt2,SMTInterpol,True,0.4857602150295861,0.4857602150295861
UFNIA/2019-Preiner/qf/t3_rw87.smt2,SMTInterpol,True,0.45745528500992805,0.45745528500992805
UFNIA/2019-Preiner/combined/t3_rw189.smt2,cvc5,True,0.305355962831527,0.305355962831527
UFNIA/2019-Preiner/combined/f2_rw293.smt2,cvc5,True,0.25085494201630354,0.25085494201630354
UFNIA/2019-Preiner/full/t3_rw1074.smt2,SMTInterpol,True,870.3793234940385,870.3793234940385
UFNIA/2019-Preiner/combined/f2_rw339.smt2,cvc5,True,2.233834736980498,2.233834736980498
UFNIA/lahiri-cav09-storm-queries/usbsamp_bug_example_2_3_8_4.smt2,cvc5,True,1016.6321095807943,1016.6321095807943
UFNIA/2019-Preiner/combined/t3_rw161.smt2,cvc5,False,1200,2400
UFNIA/2019-Preiner/combined/t3_rw1223.smt2,cvc5,False,1200,2400
UFNIA/2019-Preiner/qf/t3_rw1300.smt2,SMTInterpol,True,0.4609280639560893,0.4609280639560893
UFNIA/lahiri-cav09-storm-queries/usbsamp_bug_example_5_1.smt2,cvc5,False,1200,2400
UFNIA/2019-Preiner/qf/t3_rw940.smt2,SMTInterpol,True,0.4828869220218621,0.4828869220218621
UFNIA/2019-Preiner/partial/f2_rw187.smt2,SMTInterpol,True,1.1160471130278893,1.1160471130278893
UFNIA/2019-Preiner/full/t3_rw1102.smt2,cvc5,False,1200,2400
UFNIA/2019-Zohar-ic/combined/int_check_bvslt_bvnot_ltr_inv_g.smt2,cvc5,True,0.57308394392021,0.57308394392021
UFNIA/2019-Preiner/combined/t3_rw751.smt2,cvc5,True,0.24079943797551095,0.24079943797551095
UFNIA/sledgehammer/FFT/z3.670599.smt2,cvc5,False,1200,2400
UFNIA/2019-Preiner/partial/t3_rw741.smt2,SMTInterpol,True,3.605429685965646,3.605429685965646
UFNIA/2019-Preiner/qf/t3_rw700.smt2,SMTInterpol,True,0.5217118930304423,0.5217118930304423
UFNIA/2019-Preiner/combined/t3_rw984.smt2,cvc5,False,1200,2400
UFNIA/2019-Preiner/full/t3_rw1295.smt2,SMTInterpol,False,1200,2400
UFNIA/2019-Preiner/qf/t3_rw1216.smt2,SMTInterpol,True,0.5740781940403394,0.5740781940403394
UFNIA/2019-Zohar-ic/qf/int_check_ne_bvadd_ltr_no_inv.smt2,SMTInterpol,True,0.4792649039882235,0.4792649039882235
UFNIA/lahiri-cav09-storm-queries/serial_write_example_2_2_8_1.smt2,cvc5,True,1109.3995256829076,1109.3995256829076
UFNIA/2019-Preiner/qf/f2_rw209.smt2,SMTInterpol,True,0.47288269305136055,0.47288269305136055
UFNIA/2019-Preiner/partial/t3_rw503.smt2,SMTInterpol,True,4.243307386001106,4.243307386001106
UFNIA/2019-Preiner/qf/t3_rw1157.smt2,SMTInterpol,True,0.48725679999915883,0.48725679999915883
UFNIA/2019-Preiner/full/t3_rw663.smt2,cvc5,False,1200,2400
UFNIA/2019-Preiner/partial/t3_rw496.smt2,SMTInterpol,True,4.676241412991658,4.676241412991658
UFNIA/2019-Zohar-ic/partial/int_check_bvuge_bvashr1_rtl.smt2,SMTInterpol,True,1.7432983930339105,1.7432983930339105
UFNIA/2019-Preiner/partial/t3_rw305.smt2,SMTInterpol,True,5.230863880948164,5.230863880948164
UFNIA/2019-Preiner/combined/t3_rw34.smt2,cvc5,False,1200,2400
UFNIA/2019-Preiner/qf/t3_rw546.smt2,SMTInterpol,True,0.5056232089991681,0.5056232089991681
UFNIA/2019-Preiner/combined/t3_rw372.smt2,cvc5,True,0.6179059429559857,0.6179059429559857
UFNIA/2019-Preiner/combined/f2_rw84.smt2,cvc5,True,0.2811167608015239,0.2811167608015239
UFNIA/2019-Preiner/combined/t3_rw1211.smt2,cvc5,False,1200,2400
UFNIA/2019-Preiner/full/f2_rw48.smt2,cvc5,False,1200,2400
UFNIA/2019-Preiner/combined/t3_rw856.smt2,cvc5,True,31.089353282004595,31.089353282004595
UFNIA/2019-Zohar-ic/partial/int_check_bvule_bvmul_ltr_no_inv.smt2,SMTInterpol,True,0.7545887639862485,0.7545887639862485
UFNIA/2019-Preiner/full/t3_rw1419.smt2,SMTInterpol,False,1200,2400
UFNIA/2019-Preiner/partial/t3_rw361.smt2,SMTInterpol,True,7.099318589025643,7.099318589025643
UFNIA/2019-Preiner/qf/f2_rw6.smt2,SMTInterpol,True,0.48218836303567514,0.48218836303567514
UFNIA/vcc-havoc/verisoft-baby.c.56.restore_guest.smt2,iProver,True,4.357000995194539,4.357000995194539
UFNIA/2019-Preiner/full/t3_rw648.smt2,SMTInterpol,True,10.982902948977426,10.982902948977426
UFNIA/sledgehammer/Fundamental_Theorem_Algebra/z3.1256610.smt2,cvc5,True,0.7952941469848156,0.7952941469848156
UFNIA/2019-Preiner/full/t3_rw611.smt2,SMTInterpol,True,0.647206683002878,0.647206683002878
UFNIA/2019-Zohar-ic/full/int_check_bvult_bvshl0_rtl.smt2,cvc5,True,0.2405866808257997,0.2405866808257997
UFNIA/2019-Zohar-ic/full/int_check_bvult_bvashr1_ltr_inv_g.smt2,cvc5,False,1200,2400
UFNIA/vcc-havoc/baby.2.56.handle_illegal.smt2,iProver,True,4.380768120987341,4.380768120987341
UFNIA/sledgehammer/TwoSquares/z3.893629.smt2,cvc5,True,540.4697340310086,540.4697340310086
UFNIA/2019-Preiner/partial/t3_rw1412.smt2,SMTInterpol,True,11.316288336995058,11.316288336995058
UFNIA/2019-Preiner/full/t3_rw247.smt2,cvc5,False,1200,2400
UFNIA/2019-Preiner/partial/t3_rw144.smt2,SMTInterpol,True,2.3333128839731216,2.3333128839731216
UFNIA/2019-Preiner/partial/t3_rw490.smt2,SMTInterpol,True,2.9853732869960368,2.9853732869960368
UFNIA/2019-Preiner/partial/t3_rw1390.smt2,SMTInterpol,True,3.9603568649617955,3.9603568649617955
UFNIA/2019-Preiner/combined/t3_rw1240.smt2,cvc5,True,0.27941837697289884,0.27941837697289884
UFNIA/lahiri-cav09-storm-queries/usbsamp_example_1_2.smt2,cvc5,True,1021.3528545380104,1021.3528545380104
UFNIA/2019-Preiner/qf/t3_rw1054.smt2,SMTInterpol,True,0.4950368560384959,0.4950368560384959
UFNIA/2019-Zohar-ic/partial/int_check_bvugt_bvashr1_ltr_inv_g.smt2,SMTInterpol,True,2.793930342013482,2.793930342013482
UFNIA/2019-Preiner/qf/t3_rw278.smt2,SMTInterpol,True,0.434639570012223,0.434639570012223
UFNIA/2019-Preiner/qf/t3_rw717.smt2,SMTInterpol,True,0.46443707804428414,0.46443707804428414
UFNIA/2019-Preiner/partial/t3_rw799.smt2,SMTInterpol,True,76.08812722202856,76.08812722202856
UFNIA/2019-Preiner/full/t3_rw823.smt2,cvc5,False,1200,2400
UFNIA/2019-Zohar-alive/full/full_AndOrXor:709_values_0.smt2,SMTInterpol,True,105.53332508500898,105.53332508500898
UFNIA/2019-Zohar-ic/partial/int_check_bvslt_bvurem1_rtl.smt2,SMTInterpol,True,2.0007039529737085,2.0007039529737085
UFNIA/2019-Zohar-ic/qf/int_check_bvult_bvurem1_ltr_no_inv.smt2,SMTInterpol,True,0.5008981440332718,0.5008981440332718
UFNIA/2019-Preiner/partial/t3_rw374.smt2,SMTInterpol,True,3.5720413500093855,3.5720413500093855
UFNIA/lahiri-cav09-storm-queries/usbsamp_example_2_3_4_4.smt2,cvc5,True,1014.8838110989891,1014.8838110989891
UFNIA/vcc-havoc/verisoft-baby.c.1.53.handle_reset.smt2,iProver,True,4.358078775927424,4.358078775927424
UFNIA/2019-Preiner/partial/t3_rw556.smt2,SMTInterpol,True,6.252154631947633,6.252154631947633
UFNIA/2019-Zohar-ic/full/int_check_bvsle_bvudiv1_ltr_no_inv.smt2,cvc5,True,0.27059938409365714,0.27059938409365714
UFNIA/2019-Preiner/partial/t3_rw814.smt2,SMTInterpol,True,3.41640714101959,3.41640714101959
UFNIA/2019-Preiner/full/t3_rw88.smt2,cvc5,True,0.2672488992102444,0.2672488992102444
UFNIA/2019-Zohar-ic/full/int_check_bvuge_bvnot_ltr_no_inv.smt2,SMTInterpol,True,0.4875840609893203,0.4875840609893203
UFNIA/2019-Zohar-alive/full/full_Select:747_values_0.smt2,SMTInterpol,False,1200,2400
UFNIA/2019-Preiner/combined/t3_rw1151.smt2,cvc5,True,1.4586876430548728,1.4586876430548728
UFNIA/2019-Preiner/full/t3_rw1548.smt2,SMTInterpol,False,1200,2400
UFNIA/2019-Preiner/full/t3_rw131.smt2,cvc5,False,1200,2400
UFNIA/2019-Preiner/partial/t3_rw859.smt2,SMTInterpol,True,3.737273071950767,3.737273071950767
UFNIA/2019-Preiner/combined/f2_rw227.smt2,cvc5,True,0.6223082339856774,0.6223082339856774
UFNIA/2019-Preiner/combined/f2_rw99.smt2,cvc5,True,0.48509142198599875,0.48509142198599875
UFNIA/2019-Preiner/full/t3_rw319.smt2,cvc5,True,0.2674962261226028,0.2674962261226028
UFNIA/2019-Preiner/qf/f2_rw267.smt2,SMTInterpol,True,0.44234408700140193,0.44234408700140193
UFNIA/2019-Preiner/full/t3_rw622.smt2,cvc5,False,1200,2400
UFNIA/sledgehammer/Fundamental_Theorem_Algebra/z3.1061233.smt2,cvc5,True,0.6999005668330938,0.6999005668330938
UFNIA/2019-Preiner/qf/t3_rw1506.smt2,SMTInterpol,True,0.48536487302044407,0.48536487302044407
UFNIA/2019-Preiner/qf/t3_rw89.smt2,SMTInterpol,True,0.4833282069885172,0.4833282069885172
UFNIA/2019-Preiner/partial/t3_rw10.smt2,SMTInterpol,True,3.093176992959343,3.093176992959343
UFNIA/vcc-havoc/baby.41.handle_movi2s.smt2,iProver,True,3.8713813789654523,3.8713813789654523
UFNIA/vcc-havoc/WindowsCard.c.38.MConditionalJump.smt2,iProver,True,5.887925403891131,5.887925403891131
UFNIA/2019-Preiner/qf/t3_rw879.smt2,SMTInterpol,True,0.5013302540173754,0.5013302540173754
UFNIA/2019-Preiner/qf/t3_rw49.smt2,SMTInterpol,True,0.4518764409585856,0.4518764409585856
UFNIA/2019-Preiner/combined/t3_rw237.smt2,cvc5,False,1200,2400
UFNIA/2019-Preiner/full/t3_rw98.smt2,cvc5,True,0.23003822681494057,0.23003822681494057
UFNIA/2019-Preiner/partial/t3_rw1387.smt2,SMTInterpol,True,4.218051151023246,4.218051151023246
UFNIA/2019-Preiner/combined/t3_rw791.smt2,cvc5,True,300.9924891979899,300.9924891979899
UFNIA/2019-Preiner/qf/t3_rw1142.smt2,SMTInterpol,True,0.5716098470147699,0.5716098470147699
UFNIA/sledgehammer/Fundamental_Theorem_Algebra/z3.1382313.smt2,cvc5,False,1200,2400
UFNIA/2019-Preiner/qf/t3_rw998.smt2,SMTInterpol,True,0.4345671269693412,0.4345671269693412
UFNIA/2019-Preiner/qf/t3_rw938.smt2,SMTInterpol,True,0.4828891769866459,0.4828891769866459
UFNIA/2019-Preiner/partial/t3_rw700.smt2,SMTInterpol,True,4.641687221999746,4.641687221999746
UFNIA/2019-Preiner/qf/t3_rw498.smt2,SMTInterpol,True,0.46430510497884825,0.46430510497884825
UFNIA/2019-Preiner/qf/t3_rw177.smt2,SMTInterpol,True,0.4784312630072236,0.4784312630072236
UFNIA/2019-Preiner/qf/t3_rw1074.smt2,SMTInterpol,True,0.4829302960424684,0.4829302960424684
UFNIA/2019-Zohar-ic/partial/int_check_bvsle_bvneg_ltr_no_inv.smt2,SMTInterpol,True,2.6705740279867314,2.6705740279867314
UFNIA/2019-Preiner/partial/t3_rw698.smt2,SMTInterpol,True,3.649429368029814,3.649429368029814
UFNIA/2019-Preiner/combined/t3_rw318.smt2,cvc5,True,0.274537384044379,0.274537384044379
UFNIA/2019-Preiner/full/t3_rw1453.smt2,cvc5,False,1200,2400
UFNIA/2019-Preiner/partial/t3_rw623.smt2,SMTInterpol,True,3.840196563047357,3.840196563047357
UFNIA/2019-Preiner/combined/t3_rw154.smt2,cvc5,False,1200,2400
UFNIA/spec_sharp/textbook-Queue.dll.14.Program.Main.smt2,cvc5,True,33.35011554299854,33.35011554299854
UFNIA/2019-Preiner/full/t3_rw796.smt2,SMTInterpol,True,2.908365829032846,2.908365829032846
UFNIA/2019-Preiner/full/t3_rw579.smt2,SMTInterpol,True,4.669303586997557,4.669303586997557
UFNIA/2019-Preiner/partial/t3_rw161.smt2,SMTInterpol,True,4.756262149952818,4.756262149952818
UFNIA/lahiri-cav09-storm-queries/usbsamp_example_2_3_8_3.smt2,cvc5,True,1013.2776514289435,1013.2776514289435
UFNIA/vcc-havoc/verisoft-sim.c.2.40.translated_read_sim.smt2,iProver,True,4.882731338962913,4.882731338962913
UFNIA/sledgehammer/Hoare/z3.1052323.smt2,cvc5,False,1200,2400
UFNIA/2019-Preiner/qf/t3_rw491.smt2,SMTInterpol,True,0.5167314559803344,0.5167314559803344
UFNIA/2019-Preiner/full/t3_rw951.smt2,cvc5,False,1200,2400
UFNIA/sledgehammer/FFT/z3.994587.smt2,cvc5,True,0.35459303692914546,0.35459303692914546
UFNIA/2019-Preiner/combined/t3_rw114.smt2,cvc5,True,0.4782104140613228,0.4782104140613228
UFNIA/2019-Preiner/partial/t3_rw886.smt2,SMTInterpol,True,2.305518087989185,2.305518087989185
UFNIA/2019-Preiner/full/t3_rw779.smt2,SMTInterpol,True,0.6335513590020128,0.6335513590020128
UFNIA/sledgehammer/QEpres/z3.1061017.smt2,cvc5,False,1200,2400
UFNIA/2019-Preiner/combined/t3_rw310.smt2,cvc5,False,1200,2400
UFNIA/2019-Zohar-alive/combined/combined_Select:420_values_0.smt2,cvc5,False,1200,2400
UFNIA/2019-Preiner/qf/f2_rw342.smt2,SMTInterpol,True,0.46589946397580206,0.46589946397580206
UFNIA/2019-Preiner/full/t3_rw227.smt2,SMTInterpol,True,19.43869069800712,19.43869069800712
UFNIA/2019-Preiner/qf/f2_rw193.smt2,SMTInterpol,True,0.4543661650386639,0.4543661650386639
UFNIA/2019-Preiner/combined/t3_rw919.smt2,cvc5,True,0.3637858449947089,0.3637858449947089
UFNIA/2019-Preiner/combined/t3_rw49.smt2,cvc5,True,30.587769941892475,30.587769941892475
UFNIA/2019-Zohar-ic/combined/int_check_bvsge_bvlshr0_ltr_no_inv.smt2,cvc5,True,573.087275181897,573.087275181897
UFNIA/2019-Preiner/qf/t3_rw974.smt2,SMTInterpol,True,0.44786618900252506,0.44786618900252506
UFNIA/2019-Preiner/partial/t3_rw1553.smt2,SMTInterpol,True,2.673613585997373,2.673613585997373
UFNIA/lahiri-cav09-storm-queries/usbsamp_example_2_2_4_3.smt2,cvc5,True,1064.9526097839698,1064.9526097839698
UFNIA/sledgehammer/TwoSquares/z3.794512.smt2,cvc5,False,1200,2400
UFNIA/2019-Preiner/combined/t3_rw865.smt2,cvc5,False,1200,2400
UFNIA/2019-Preiner/qf/t3_rw214.smt2,SMTInterpol,True,0.506780985975638,0.506780985975638
UFNIA/2019-Preiner/full/t3_rw591.smt2,SMTInterpol,False,1200,2400
UFNIA/2019-Preiner/partial/t3_rw923.smt2,SMTInterpol,True,3.3928553580190055,3.3928553580190055
UFNIA/2019-Preiner/full/f2_rw277.smt2,SMTInterpol,True,2.0495412839809433,2.0495412839809433
UFNIA/2019-Preiner/partial/f2_rw22.smt2,SMTInterpol,True,3.0340887930360623,3.0340887930360623
UFNIA/2019-Preiner/combined/f2_rw106.smt2,cvc5,True,0.6798998049926013,0.6798998049926013
UFNIA/2019-Preiner/combined/t3_rw513.smt2,cvc5,True,242.43452672590502,242.43452672590502
UFNIA/vcc-havoc/Queue.c.9.make_node.smt2,iProver,True,3.380081446142867,3.380081446142867
UFNIA/2019-Zohar-ic/qf/int_check_bvule_bvneg_ltr_no_inv.smt2,SMTInterpol,True,0.5089102780329995,0.5089102780329995
UFNIA/2019-Preiner/combined/t3_rw337.smt2,cvc5,False,1200,2400
UFNIA/2019-Preiner/combined/t3_rw1412.smt2,cvc5,False,1200,2400
UFNIA/2019-Preiner/full/f2_rw75.smt2,SMTInterpol,True,3.187912218971178,3.187912218971178
UFNIA/2019-Preiner/full/f2_rw154.smt2,cvc5,True,0.2285626691300422,0.2285626691300422
UFNIA/2019-Zohar-ic/combined/int_check_bvuge_bvlshr0_rtl.smt2,cvc5,True,7.373509659897536,7.373509659897536
UFNIA/2019-Preiner/partial/t3_rw1242.smt2,SMTInterpol,True,6.585723110008985,6.585723110008985
UFNIA/2019-Preiner/qf/t3_rw736.smt2,SMTInterpol,True,0.45715467201080173,0.45715467201080173
UFNIA/2019-Preiner/partial/t3_rw821.smt2,SMTInterpol,True,3.0849406119668856,3.0849406119668856
UFNIA/2019-Preiner/qf/t3_rw1101.smt2,SMTInterpol,True,0.49434358498547226,0.49434358498547226
UFNIA/2019-Preiner/full/t3_rw1344.smt2,SMTInterpol,False,1200,2400
UFNIA/2019-Zohar-ic/full/int_check_bvsge_bvashr0_rtl.smt2,cvc5,False,1200,2400
UFNIA/2019-Zohar-ic/partial/int_check_bvsgt_bvlshr0_rtl.smt2,SMTInterpol,True,2.55344381503528,2.55344381503528
UFNIA/2019-Preiner/full/t3_rw1258.smt2,SMTInterpol,True,2.449111202964559,2.449111202964559
UFNIA/2019-Preiner/partial/t3_rw298.smt2,SMTInterpol,True,3.679720639018342,3.679720639018342
UFNIA/2019-Preiner/combined/t3_rw728.smt2,cvc5,True,0.23075648210942745,0.23075648210942745
UFNIA/2019-Preiner/qf/t3_rw393.smt2,SMTInterpol,True,0.4517056599725038,0.4517056599725038
UFNIA/2019-Preiner/partial/t3_rw759.smt2,SMTInterpol,True,1.0085338039789349,1.0085338039789349
UFNIA/2019-Preiner/full/t3_rw758.smt2,SMTInterpol,True,0.6463591810315847,0.6463591810315847
UFNIA/2019-Zohar-ic/full/int_check_ne_bvurem0_rtl.smt2,cvc5,True,0.2275434210896492,0.2275434210896492
UFNIA/lahiri-cav09-storm-queries/mqueue_example_2_2_4_1.smt2,cvc5,True,417.8435368910432,417.8435368910432
UFNIA/2019-Preiner/combined/t3_rw462.smt2,cvc5,True,2.4470295880455524,2.4470295880455524
UFNIA/2019-Preiner/full/t3_rw1106.smt2,cvc5,False,1200,2400
UFNIA/2019-Preiner/partial/t3_rw1038.smt2,SMTInterpol,True,4.329073042026721,4.329073042026721
UFNIA/2019-Zohar-alive/partial/partial_AndOrXor:1828_values_0.smt2,SMTInterpol,True,0.6553242349764332,0.6553242349764332
UFNIA/2019-Preiner/combined/f2_rw418.smt2,cvc5,True,0.2262997911311686,0.2262997911311686
UFNIA/2019-Preiner/qf/f2_rw7.smt2,SMTInterpol,True,0.4792770410422236,0.4792770410422236
UFNIA/2019-Preiner/qf/f2_rw390.smt2,SMTInterpol,True,0.4931735570426099,0.4931735570426099
UFNIA/2019-Preiner/full/f2_rw348.smt2,cvc5,True,0.245030454127118,0.245030454127118
UFNIA/spec_sharp/textbook-CircularQueue.dll.10.CirQueue..ctor.smt2,cvc5,True,12.561161271994933,12.561161271994933
UFNIA/sledgehammer/TwoSquares/z3.713460.smt2,cvc5,False,1200,2400
UFNIA/2019-Zohar-ic/full/int_check_bvslt_bvadd_rtl.smt2,cvc5,True,0.47000097716227174,0.47000097716227174
UFNIA/2019-Preiner/partial/t3_rw1556.smt2,SMTInterpol,True,3.4437135390471667,3.4437135390471667
UFNIA/2019-Preiner/combined/f2_rw346.smt2,cvc5,True,0.7389771698508412,0.7389771698508412
UFNIA/2019-Preiner/qf/t3_rw1024.smt2,SMTInterpol,True,0.4826990200090222,0.4826990200090222
UFNIA/sledgehammer/Fundamental_Theorem_Algebra/z3.1380026.smt2,cvc5,False,1200,2400
UFNIA/2019-Preiner/full/t3_rw351.smt2,SMTInterpol,False,1200,2400
UFNIA/2019-Zohar-ic/full/int_check_bvsle_bvand_ltr_no_inv.smt2,cvc5,False,1200,2400
UFNIA/2019-Zohar-ic/partial/int_check_bvult_bvashr1_rtl.smt2,SMTInterpol,True,1.1019488960155286,1.1019488960155286
UFNIA/sledgehammer/QEpres/z3.867346.smt2,cvc5,False,1200,2400
UFNIA/2019-Preiner/partial/f2_rw149.smt2,SMTInterpol,True,3.533391549019143,3.533391549019143
UFNIA/2019-Preiner/combined/t3_rw95.smt2,cvc5,True,0.36728615686297417,0.36728615686297417
UFNIA/spec_sharp/test14-Microsoft.Boogie.FlowedValue.Type.43.Microsoft.Boogie.FlowedValue.Type.get_Pointee.smt2,cvc5,True,1.1909335430245847,1.1909335430245847
UFNIA/2019-Zohar-ic/combined/int_check_bvult_bvneg_ltr_no_inv.smt2,cvc5,True,0.7161755820270628,0.7161755820270628
UFNIA/2019-Zohar-ic/partial/int_check_bvult_bvlshr1_ltr_inv_g.smt2,SMTInterpol,True,0.8060655589797534,0.8060655589797534
UFNIA/vcc-havoc/verisoft-baby.c.1.47.handle_reset.smt2,iProver,True,3.8697375000920147,3.8697375000920147
UFNIA/2019-Preiner/qf/t3_rw882.smt2,SMTInterpol,True,0.4418463060283102,0.4418463060283102
UFNIA/sledgehammer/Fundamental_Theorem_Algebra/z3.946596.smt2,cvc5,False,1200,2400
UFNIA/2019-Preiner/combined/t3_rw405.smt2,cvc5,False,1200,2400
UFNIA/2019-Zohar-ic/partial/int_check_bvsle_bvand_ltr_inv_g.smt2,SMTInterpol,True,10.866081775981002,10.866081775981002
UFNIA/2019-Preiner/partial/t3_rw1033.smt2,SMTInterpol,True,2.5018776489887387,2.5018776489887387
UFNIA/2019-Zohar-ic/combined/int_check_ne_bvadd_ltr_inv_g.smt2,cvc5,False,1200,2400
UFNIA/2019-Zohar-alive/combined/combined_InstCombineShift497c_values_0.smt2,cvc5,False,1200,2400
UFNIA/2019-Preiner/partial/t3_rw671.smt2,SMTInterpol,True,6.411119496973697,6.411119496973697
UFNIA/vcc-havoc/fact.c.1.fact.smt2,iProver,True,3.3659620999824256,3.3659620999824256
UFNIA/2019-Preiner/full/t3_rw677.smt2,SMTInterpol,False,1200,2400
UFNIA/2019-Preiner/qf/t3_rw1181.smt2,SMTInterpol,True,0.4439083620090969,0.4439083620090969
UFNIA/2019-Preiner/qf/t3_rw1046.smt2,SMTInterpol,True,0.5314928919542581,0.5314928919542581
UFNIA/lahiri-cav09-storm-queries/serial_write_example_cegar_2_2_2.smt2,cvc5,False,1200,2400
UFNIA/2019-Preiner/partial/t3_rw1391.smt2,SMTInterpol,True,2.2025131739792414,2.2025131739792414
UFNIA/spec_sharp/textbook-MaxMinClass.dll.6.ArrayMaxMin.Min_System.Int32.array_notnull.smt2,cvc5,True,31.1359384090174,31.1359384090174
UFNIA/2019-Preiner/qf/t3_rw383.smt2,SMTInterpol,True,0.4637283749761991,0.4637283749761991
UFNIA/2019-Zohar-ic/full/int_check_eq_bvor_rtl.smt2,cvc5,False,1200,2400
UFNIA/sledgehammer/Fundamental_Theorem_Algebra/z3.661006.smt2,cvc5,False,1200,2400
UFNIA/2019-Preiner/combined/f2_rw82.smt2,cvc5,True,30.304901149123907,30.304901149123907
UFNIA/2019-Preiner/partial/t3_rw1069.smt2,SMTInterpol,True,6.898250180005562,6.898250180005562
UFNIA/2019-Preiner/combined/t3_rw507.smt2,cvc5,True,210.6874477660749,210.6874477660749
UFNIA/2019-Preiner/combined/t3_rw347.smt2,cvc5,True,0.6715130358934402,0.6715130358934402
UFNIA/2019-Preiner/qf/t3_rw1338.smt2,SMTInterpol,True,0.5209497300093062,0.5209497300093062
UFNIA/2019-Preiner/full/t3_rw1141.smt2,SMTInterpol,False,1200,2400
UFNIA/lahiri-cav09-storm-queries/mqueue_example_2_3_8_0.smt2,cvc5,True,417.48023555101827,417.48023555101827
UFNIA/2019-Preiner/partial/t3_rw621.smt2,SMTInterpol,True,5.184336719001294,5.184336719001294
UFNIA/2019-Preiner/qf/f2_rw289.smt2,SMTInterpol,True,0.4615759840235114,0.4615759840235114
UFNIA/sledgehammer/QEpres/z3.646827.smt2,cvc5,False,1200,2400
UFNIA/2019-Preiner/full/t3_rw453.smt2,cvc5,False,1200,2400
UFNIA/2019-Preiner/full/t3_rw548.smt2,cvc5,False,1200,2400
UFNIA/sledgehammer/TwoSquares/z3.867958.smt2,SMTInterpol,True,1.461376162013039,1.461376162013039
UFNIA/2019-Preiner/full/t3_rw122.smt2,cvc5,False,1200,2400
UFNIA/2019-Preiner/partial/t3_rw9.smt2,SMTInterpol,True,0.8845034069963731,0.8845034069963731
UFNIA/vcc-havoc/verisoft-baby.c.1.14.update_spt.smt2,iProver,True,5.873049236135557,5.873049236135557
UFNIA/2019-Preiner/combined/t3_rw1385.smt2,cvc5,False,1200,2400
UFNIA/2019-Zohar-ic/partial/int_check_bvsgt_bvand_ltr_inv_g.smt2,SMTInterpol,True,1.056835587020032,1.056835587020032
UFNIA/2019-Preiner/full/t3_rw1148.smt2,SMTInterpol,True,317.08361111499835,317.08361111499835
UFNIA/2019-Preiner/qf/t3_rw1082.smt2,SMTInterpol,True,0.49438749300315976,0.49438749300315976
UFNIA/2019-Preiner/partial/t3_rw1194.smt2,SMTInterpol,True,2.6250020029838197,2.6250020029838197
UFNIA/2019-Preiner/combined/f2_rw238.smt2,cvc5,True,0.381310380063951,0.381310380063951
UFNIA/2019-Preiner/combined/t3_rw113.smt2,cvc5,True,0.3049678939860314,0.3049678939860314
UFNIA/sledgehammer/QEpres/z3.599383.smt2,cvc5,False,1200,2400
UFNIA/2019-Preiner/partial/t3_rw284.smt2,SMTInterpol,True,4.389418376958929,4.389418376958929
UFNIA/2019-Zohar-ic/partial/int_check_bvsle_bvnot_ltr_no_inv.smt2,SMTInterpol,True,1.8227423770003952,1.8227423770003952
UFNIA/sledgehammer/Fundamental_Theorem_Algebra/z3.1257305.smt2,cvc5,False,1200,2400
UFNIA/2019-Preiner/full/t3_rw1289.smt2,SMTInterpol,False,1200,2400
UFNIA/lahiri-cav09-storm-queries/mqueue_example_2_1_8_1.smt2,cvc5,True,24.153870852896944,24.153870852896944
UFNIA/spec_sharp/textbook-Queue.dll.15.Program..ctor.smt2,cvc5,True,0.49938462884165347,0.49938462884165347
UFNIA/2019-Zohar-ic/qf/int_check_eq_bvadd_ltr_no_inv.smt2,SMTInterpol,True,0.4470334989600815,0.4470334989600815
UFNIA/2019-Preiner/full/f2_rw426.smt2,SMTInterpol,True,0.6334029039717279,0.6334029039717279
UFNIA/2019-Preiner/full/t3_rw1112.smt2,SMTInterpol,False,1200,2400
UFNIA/spec_sharp/specsharp-WindowsCard.39.RTE.MOpSWAP.smt2,cvc5,True,30.59303495194763,30.59303495194763
UFNIA/2019-Preiner/combined/t3_rw674.smt2,cvc5,False,1200,2400
UFNIA/2019-Preiner/partial/t3_rw891.smt2,SMTInterpol,True,2.422980925999582,2.422980925999582
UFNIA/2019-Preiner/partial/t3_rw528.smt2,SMTInterpol,True,19.389879987982567,19.389879987982567
UFNIA/sledgehammer/Fundamental_Theorem_Algebra/z3.1484448.smt2,cvc5,False,1200,2400
UFNIA/2019-Preiner/qf/t3_rw274.smt2,SMTInterpol,True,0.4434380140155554,0.4434380140155554
UFNIA/2019-Zohar-alive/combined/combined_AndOrXor:2264_values_0.smt2,cvc5,False,1200,2400
UFNIA/spec_sharp/specsharp-WindowsCard.28.RTE.OpNOP.smt2,cvc5,True,1.475064086029306,1.475064086029306
UFNIA/2019-Zohar-ic/partial/int_check_eq_bvand_rtl.smt2,SMTInterpol,True,11.526272682007402,11.526272682007402
UFNIA/2019-Preiner/partial/t3_rw206.smt2,SMTInterpol,True,3.338192153023556,3.338192153023556
UFNIA/2019-Preiner/partial/t3_rw1368.smt2,SMTInterpol,True,8.856812661979347,8.856812661979347
UFNIA/2019-Preiner/combined/t3_rw1362.smt2,cvc5,False,1200,2400
UFNIA/2019-Zohar-ic/partial/int_check_bvsge_bvmul_rtl.smt2,SMTInterpol,True,17.232304962992202,17.232304962992202
UFNIA/2019-Preiner/combined/t3_rw860.smt2,cvc5,True,6.696539062075317,6.696539062075317
UFNIA/2019-Preiner/qf/f2_rw248.smt2,SMTInterpol,True,0.45227359799901024,0.45227359799901024
UFNIA/2019-Preiner/qf/t3_rw319.smt2,SMTInterpol,True,0.46866631699958816,0.46866631699958816
UFNIA/2019-Preiner/full/t3_rw1410.smt2,cvc5,False,1200,2400
UFNIA/2019-Preiner/full/t3_rw1055.smt2,SMTInterpol,True,35.70826002000831,35.70826002000831
UFNIA/2019-Zohar-ic/full/int_check_bvugt_bvlshr1_ltr_no_inv.smt2,cvc5,True,1.9741002519149333,1.9741002519149333
UFNIA/2019-Preiner/combined/t3_rw1125.smt2,cvc5,True,246.66198452399112,246.66198452399112
UFNIA/sledgehammer/QEpres/z3.934853.smt2,cvc5,False,1200,2400
UFNIA/2019-Preiner/partial/t3_rw661.smt2,SMTInterpol,True,23.724261722993106,23.724261722993106
UFNIA/2019-Zohar-ic/combined/int_check_eq_bvlshr1_ltr_no_inv.smt2,cvc5,True,0.274619810981676,0.274619810981676
UFNIA/2019-Preiner/partial/t3_rw1261.smt2,SMTInterpol,True,2.4729433479951695,2.4729433479951695
UFNIA/2019-Preiner/partial/t3_rw191.smt2,SMTInterpol,True,3.2765520709799603,3.2765520709799603
UFNIA/sledgehammer/TwoSquares/z3.640694.smt2,cvc5,False,1200,2400
UFNIA/2019-Preiner/partial/t3_rw1310.smt2,SMTInterpol,True,7.349077051971108,7.349077051971108
UFNIA/spec_sharp/test14-Xml.ssc.18.Microsoft.Boogie.XmlFileScope..ctor_Microsoft.Boogie.XmlSink_System.String_notnull.smt2,cvc5,True,23.512391777941957,23.512391777941957
UFNIA/2019-Preiner/full/t3_rw1020.smt2,SMTInterpol,True,2.4382674219668843,2.4382674219668843
UFNIA/2019-Preiner/qf/t3_rw1572.smt2,SMTInterpol,True,0.5301419760216959,0.5301419760216959
UFNIA/2019-Zohar-ic/combined/int_check_bvslt_bvudiv0_rtl.smt2,cvc5,True,30.447382529033348,30.447382529033348
UFNIA/sledgehammer/TwoSquares/z3.855483.smt2,cvc5,True,0.30413207202218473,0.30413207202218473
UFNIA/2019-Preiner/qf/f2_rw413.smt2,SMTInterpol,True,0.4758269159938209,0.4758269159938209
UFNIA/2019-Preiner/combined/t3_rw1564.smt2,cvc5,False,1200,2400
UFNIA/2019-Preiner/partial/t3_rw411.smt2,SMTInterpol,True,3.7327425699913874,3.7327425699913874
UFNIA/2019-Zohar-alive/combined/combined_AndOrXor:961_values_0.smt2,cvc5,True,0.2562228417955339,0.2562228417955339
UFNIA/2019-Preiner/combined/f2_rw294.smt2,cvc5,True,0.48992527299560606,0.48992527299560606
UFNIA/2019-Preiner/partial/t3_rw774.smt2,SMTInterpol,True,2.679499312012922,2.679499312012922
UFNIA/sledgehammer/QEpres/z3.598522.smt2,cvc5,False,1200,2400
UFNIA/2019-Zohar-ic/full/int_check_bvsle_bvurem0_rtl.smt2,cvc5,False,1200,2400
UFNIA/sledgehammer/Fundamental_Theorem_Algebra/z3.1208698.smt2,cvc5,True,21.28515331679955,21.28515331679955
UFNIA/2019-Preiner/combined/t3_rw1106.smt2,cvc5,True,2.5882098970469087,2.5882098970469087
UFNIA/sledgehammer/FFT/z3.731136.smt2,cvc5,False,1200,2400
UFNIA/2019-Preiner/partial/t3_rw1380.smt2,SMTInterpol,True,3.87922708602855,3.87922708602855
UFNIA/spec_sharp/test14-Microsoft.Boogie.FlowedValue.Type.13.Microsoft.Boogie.FlowedValue.Type.Enum_System.Compiler.TypeNode_notnull.smt2,cvc5,True,1.6507384409196675,1.6507384409196675
UFNIA/2019-Zohar-ic/full/int_check_bvsge_bvneg_ltr_no_inv.smt2,SMTInterpol,False,1200,2400
UFNIA/2019-Preiner/partial/t3_rw127.smt2,SMTInterpol,True,4.275139989971649,4.275139989971649
UFNIA/2019-Preiner/combined/t3_rw1466.smt2,cvc5,False,1200,2400
UFNIA/2019-Zohar-ic/full/int_check_bvsge_bvnot_ltr_inv_g.smt2,cvc5,True,0.53998255985789,0.53998255985789
UFNIA/sledgehammer/FFT/z3.935422.smt2,cvc5,False,1200,2400
UFNIA/2019-Preiner/partial/t3_rw174.smt2,SMTInterpol,True,2.0767830400145613,2.0767830400145613
UFNIA/2019-Preiner/partial/t3_rw1001.smt2,SMTInterpol,True,4.30834959394997,4.30834959394997
UFNIA/2019-Preiner/partial/t3_rw717.smt2,SMTInterpol,True,4.800896617991384,4.800896617991384
UFNIA/2019-Preiner/full/t3_rw888.smt2,SMTInterpol,False,1200,2400
UFNIA/2019-Zohar-ic/qf/int_check_bvsge_bvudiv1_ltr_no_inv.smt2,SMTInterpol,True,0.6008613259764388,0.6008613259764388
UFNIA/lahiri-cav09-storm-queries/usbsamp_example_2_2_8_4.smt2,cvc5,True,1024.5042856938671,1024.5042856938671
UFNIA/2019-Preiner/full/t3_rw1318.smt2,cvc5,False,1200,2400
UFNIA/2019-Preiner/partial/f2_rw291.smt2,SMTInterpol,True,4.54149321699515,4.54149321699515
UFNIA/2019-Preiner/full/t3_rw1251.smt2,SMTInterpol,False,1200,2400
UFNIA/2019-Preiner/full/t3_rw1082.smt2,SMTInterpol,False,1200,2400
UFNIA/sledgehammer/TwoSquares/z3.688587.smt2,cvc5,True,35.06095619802363,35.06095619802363
UFNIA/lahiri-cav09-storm-queries/mqueue_example_2_3_8_2.smt2,cvc5,True,10.711597223067656,10.711597223067656
UFNIA/lahiri-cav09-storm-queries/mqueue_example_cegar_2_1_8.smt2,cvc5,False,1200,2400
UFNIA/sledgehammer/TwoSquares/z3.797071.smt2,cvc5,False,1200,2400
UFNIA/2019-Preiner/combined/t3_rw390.smt2,cvc5,False,1200,2400
UFNIA/2019-Preiner/combined/t3_rw1042.smt2,cvc5,False,1200,2400
UFNIA/2019-Preiner/qf/t3_rw669.smt2,SMTInterpol,True,0.464786789030768,0.464786789030768
UFNIA/2019-Preiner/qf/t3_rw1147.smt2,SMTInterpol,True,0.4490293220151216,0.4490293220151216
UFNIA/2019-Zohar-ic/full/int_check_bvslt_bvudiv1_ltr_no_inv.smt2,cvc5,True,0.3478706330060959,0.3478706330060959
UFNIA/2019-Preiner/qf/t3_rw995.smt2,SMTInterpol,True,0.4424652989837341,0.4424652989837341
UFNIA/2019-Preiner/combined/t3_rw421.smt2,cvc5,False,1200,2400
UFNIA/sledgehammer/TwoSquares/z3.816651.smt2,cvc5,True,0.2366841819602996,0.2366841819602996
UFNIA/2019-Preiner/partial/t3_rw613.smt2,SMTInterpol,True,2.7356678679934703,2.7356678679934703
UFNIA/2019-Preiner/combined/f2_rw234.smt2,cvc5,True,31.063479213044047,31.063479213044047
UFNIA/2019-Zohar-ic/full/int_check_bvule_bvadd_ltr_no_inv.smt2,SMTInterpol,True,0.562358639028389,0.562358639028389
UFNIA/spec_sharp/test14-Microsoft.Boogie.FlowedValue.Type.27.Microsoft.Boogie.FlowedValue.Type.get_IsEnum.smt2,cvc5,True,0.8559636238496751,0.8559636238496751
UFNIA/lahiri-cav09-storm-queries/serial_read_example_2_1_8_0.smt2,cvc5,True,1024.6915757700335,1024.6915757700335
UFNIA/sledgehammer/Fundamental_Theorem_Algebra/z3.744152.smt2,SMTInterpol,False,1200,2400
UFNIA/2019-Preiner/combined/f2_rw247.smt2,cvc5,True,0.31152520584873855,0.31152520584873855
UFNIA/2019-Preiner/partial/f2_rw339.smt2,SMTInterpol,True,1.0160711460048333,1.0160711460048333
UFNIA/2019-Zohar-alive/full/full_AndOrXor:2595_values_0.smt2,SMTInterpol,True,42.48894736095099,42.48894736095099
UFNIA/2019-Preiner/qf/t3_rw610.smt2,SMTInterpol,True,0.5112096730154008,0.5112096730154008
UFNIA/2019-Zohar-ic/combined/int_check_bvult_bvnot_rtl.smt2,cvc5,True,0.2275308750104159,0.2275308750104159
UFNIA/2019-Preiner/combined/f2_rw321.smt2,cvc5,True,0.36783607699908316,0.36783607699908316
UFNIA/2019-Preiner/qf/f2_rw380.smt2,SMTInterpol,True,0.5087435969617218,0.5087435969617218
UFNIA/2019-Zohar-ic/partial/int_check_bvslt_bvurem0_ltr_no_inv.smt2,SMTInterpol,False,1200,2400
UFNIA/lahiri-cav09-storm-queries/usbsamp_bug_example_2_3_4_0.smt2,cvc5,True,1016.6213094370905,1016.6213094370905
UFNIA/2019-Preiner/partial/t3_rw1241.smt2,SMTInterpol,True,4.162261946010403,4.162261946010403
UFNIA/2019-Preiner/partial/t3_rw1205.smt2,SMTInterpol,False,1200,2400
UFNIA/vcc-havoc/verisoft-sim.c.1.10.untranslated_read_sim.smt2,iProver,True,6.9491220358759165,6.9491220358759165
UFNIA/2019-Preiner/qf/t3_rw1244.smt2,SMTInterpol,True,0.48369407997233793,0.48369407997233793
UFNIA/2019-Zohar-ic/full/int_check_bvuge_bvshl1_ltr_no_inv.smt2,cvc5,False,1200,2400
UFNIA/2019-Preiner/combined/t3_rw1511.smt2,cvc5,False,1200,2400
UFNIA/2019-Preiner/partial/t3_rw266.smt2,SMTInterpol,True,3.0293102319701575,3.0293102319701575
UFNIA/2019-Preiner/partial/t3_rw489.smt2,SMTInterpol,True,3.714377311989665,3.714377311989665
UFNIA/2019-Preiner/partial/f2_rw32.smt2,SMTInterpol,True,0.9744079089723527,0.9744079089723527
UFNIA/2019-Preiner/qf/t3_rw1493.smt2,SMTInterpol,True,0.4743252859916538,0.4743252859916538
UFNIA/2019-Preiner/full/t3_rw569.smt2,SMTInterpol,True,3.1942945870105177,3.1942945870105177
UFNIA/2019-Zohar-ic/full/int_check_bvugt_bvlshr0_ltr_no_inv.smt2,cvc5,True,0.25795435602776706,0.25795435602776706
UFNIA/2019-Zohar-ic/full/int_check_ne_bvadd_rtl.smt2,cvc5,True,0.24548892793245614,0.24548892793245614
UFNIA/2019-Zohar-alive/full/full_AndOrXor:942_values_0.smt2,SMTInterpol,True,0.5724376930156723,0.5724376930156723
UFNIA/2019-Preiner/qf/t3_rw1187.smt2,SMTInterpol,True,0.47925032704370096,0.47925032704370096
UFNIA/2019-Preiner/combined/t3_rw1093.smt2,cvc5,True,5.8681503620464355,5.8681503620464355
UFNIA/2019-Preiner/combined/t3_rw432.smt2,cvc5,False,1200,2400
UFNIA/2019-Zohar-ic/combined/int_check_ne_bvneg_ltr_inv_g.smt2,cvc5,True,0.23562366515398026,0.23562366515398026
UFNIA/2019-Preiner/partial/t3_rw486.smt2,SMTInterpol,True,2.6616049900185317,2.6616049900185317
UFNIA/2019-Preiner/combined/t3_rw872.smt2,cvc5,True,0.23336061788722873,0.23336061788722873
UFNIA/2019-Preiner/partial/f2_rw109.smt2,SMTInterpol,True,1.351255598012358,1.351255598012358
UFNIA/2019-Preiner/full/t3_rw40.smt2,cvc5,False,1200,2400
UFNIA/2019-Preiner/full/t3_rw962.smt2,cvc5,False,1200,2400
UFNIA/2019-Preiner/qf/t3_rw1565.smt2,SMTInterpol,True,0.4960317959776148,0.4960317959776148
UFNIA/2019-Preiner/qf/f2_rw391.smt2,SMTInterpol,True,0.4556230030138977,0.4556230030138977
UFNIA/lahiri-cav09-storm-queries/mqueue_example_1_1.smt2,cvc5,True,4.4605530758854,4.4605530758854
UFNIA/2019-Preiner/qf/f2_rw22.smt2,SMTInterpol,True,0.4296687619644217,0.4296687619644217
UFNIA/vcc-havoc/havoc-bench_009.1.main.smt2,cvc5,True,0.2665926900226623,0.2665926900226623
UFNIA/2019-Zohar-alive/partial/partial_AndOrXor:2367_values_0.smt2,SMTInterpol,False,1200,2400
UFNIA/2019-Preiner/full/t3_rw7.smt2,cvc5,False,1200,2400
UFNIA/2019-Preiner/qf/t3_rw1460.smt2,SMTInterpol,True,0.5258651580079459,0.5258651580079459
UFNIA/2019-Preiner/full/t3_rw1113.smt2,SMTInterpol,False,1200,2400
UFNIA/2019-Preiner/combined/f2_rw46.smt2,cvc5,True,0.4642494390718639,0.4642494390718639
UFNIA/vcc-havoc/verisoft-sim.c.2.24.untranslated_write_sim.smt2,iProver,True,6.37758009810932,6.37758009810932
UFNIA/sledgehammer/TwoSquares/z3.656739.smt2,cvc5,True,0.6086382849607617,0.6086382849607617
UFNIA/2019-Preiner/full/f2_rw29.smt2,cvc5,True,0.23006425495259464,0.23006425495259464
UFNIA/sledgehammer/Fundamental_Theorem_Algebra/z3.1037284.smt2,cvc5,False,1200,2400
UFNIA/2019-Preiner/partial/t3_rw1148.smt2,SMTInterpol,True,2.9752652710303664,2.9752652710303664
UFNIA/2019-Preiner/partial/t3_rw40.smt2,SMTInterpol,True,1.0790717170457356,1.0790717170457356
UFNIA/2019-Preiner/combined/t3_rw1551.smt2,cvc5,False,1200,2400
UFNIA/sledgehammer/Fundamental_Theorem_Algebra/z3.645100.smt2,cvc5,False,1200,2400
UFNIA/2019-Preiner/partial/t3_rw1489.smt2,SMTInterpol,True,5.033149898052216,5.033149898052216
UFNIA/2019-Preiner/full/t3_rw1272.smt2,SMTInterpol,False,1200,2400
UFNIA/vcc-havoc/havoc-bench_quick_sort.2.quick_sort.smt2,cvc5,True,21.06447447091341,21.06447447091341
UFNIA/2019-Preiner/combined/t3_rw27.smt2,cvc5,True,0.3713329879101366,0.3713329879101366
UFNIA/2019-Preiner/full/t3_rw948.smt2,cvc5,False,1200,2400
UFNIA/2019-Preiner/partial/t3_rw519.smt2,SMTInterpol,True,2.8262517569819465,2.8262517569819465
UFNIA/sledgehammer/Fundamental_Theorem_Algebra/z3.560967.smt2,cvc5,True,52.36359446798451,52.36359446798451
UFNIA/2019-Zohar-ic/qf/int_check_eq_bvlshr0_ltr_no_inv.smt2,SMTInterpol,True,0.5744862059946172,0.5744862059946172
UFNIA/2019-Preiner/full/f2_rw347.smt2,cvc5,False,1200,2400
UFNIA/2019-Preiner/partial/t3_rw1523.smt2,SMTInterpol,True,3.567021562019363,3.567021562019363
UFNIA/2019-Preiner/qf/t3_rw1314.smt2,SMTInterpol,True,0.45277369901305065,0.45277369901305065
UFNIA/2019-Preiner/qf/t3_rw1457.smt2,SMTInterpol,True,0.43762792996130884,0.43762792996130884
UFNIA/2019-Preiner/full/f2_rw376.smt2,SMTInterpol,True,2.274025185033679,2.274025185033679
UFNIA/2019-Zohar-ic/full/int_check_bvsgt_bvshl1_ltr_no_inv.smt2,cvc5,False,1200,2400
UFNIA/2019-Preiner/qf/t3_rw624.smt2,SMTInterpol,True,0.49321895401226357,0.49321895401226357
UFNIA/2019-Preiner/combined/t3_rw590.smt2,cvc5,True,0.5656390690710396,0.5656390690710396
UFNIA/2019-Preiner/combined/t3_rw1239.smt2,cvc5,False,1200,2400
UFNIA/2019-Preiner/combined/t3_rw195.smt2,cvc5,False,1200,2400
UFNIA/2019-Zohar-ic/combined/int_check_bvsle_bvneg_ltr_no_inv.smt2,cvc5,True,31.190719553967938,31.190719553967938
UFNIA/2019-Preiner/full/t3_rw1283.smt2,SMTInterpol,True,2.0118045449489728,2.0118045449489728
UFNIA/sledgehammer/Fundamental_Theorem_Algebra/z3.1454919.smt2,cvc5,False,1200,2400
UFNIA/2019-Preiner/partial/f2_rw407.smt2,SMTInterpol,True,0.9525984229985625,0.9525984229985625
UFNIA/2019-Preiner/full/t3_rw479.smt2,cvc5,False,1200,2400
UFNIA/2019-Preiner/full/t3_rw1327.smt2,SMTInterpol,False,1200,2400
UFNIA/spec_sharp/test14-Microsoft.Boogie.FlowedValue.Type.44.Microsoft.Boogie.FlowedValue.Type.get_Parameter.smt2,cvc5,True,1.4361807741224766,1.4361807741224766
UFNIA/2019-Zohar-alive/full/full_AndOrXor:2247_values_0.smt2,SMTInterpol,True,71.19300382002257,71.19300382002257
UFNIA/2019-Preiner/full/t3_rw783.smt2,SMTInterpol,True,0.6291009269771166,0.6291009269771166
UFNIA/2019-Preiner/partial/f2_rw421.smt2,SMTInterpol,True,0.981269626005087,0.981269626005087
UFNIA/2019-Preiner/combined/t3_rw1123.smt2,cvc5,True,3.891167608788237,3.891167608788237
UFNIA/2019-Preiner/partial/t3_rw1340.smt2,SMTInterpol,True,79.63933539600112,79.63933539600112
UFNIA/2019-Preiner/full/f2_rw357.smt2,SMTInterpol,True,2.151020855002571,2.151020855002571
UFNIA/2019-Preiner/full/t3_rw240.smt2,SMTInterpol,False,1200,2400
UFNIA/2019-Preiner/qf/t3_rw1109.smt2,SMTInterpol,True,0.4780810759984888,0.4780810759984888
UFNIA/2019-Zohar-alive/combined/combined_muldivrem:876_values_0.smt2,cvc5,True,3.4533013668842614,3.4533013668842614
UFNIA/2019-Zohar-ic/partial/int_check_bvuge_bvurem0_ltr_no_inv.smt2,SMTInterpol,True,1.455809870036319,1.455809870036319
UFNIA/2019-Preiner/combined/t3_rw952.smt2,cvc5,True,0.3063288771081716,0.3063288771081716
UFNIA/2019-Preiner/qf/t3_rw1557.smt2,SMTInterpol,True,0.4743793560191989,0.4743793560191989
UFNIA/sledgehammer/Fundamental_Theorem_Algebra/z3.988196.smt2,cvc5,True,0.32332674600183964,0.32332674600183964
UFNIA/2019-Zohar-ic/partial/int_check_bvslt_bvudiv0_rtl.smt2,SMTInterpol,True,2.9442919549765065,2.9442919549765065
UFNIA/2019-Preiner/qf/t3_rw215.smt2,SMTInterpol,True,0.45477834198391065,0.45477834198391065
UFNIA/sledgehammer/QEpres/z3.926847.smt2,cvc5,False,1200,2400
UFNIA/2019-Preiner/combined/t3_rw18.smt2,cvc5,True,0.25002986402250826,0.25002986402250826
UFNIA/2019-Preiner/qf/f2_rw94.smt2,SMTInterpol,True,0.4411465839948505,0.4411465839948505
UFNIA/2019-Preiner/combined/t3_rw1487.smt2,cvc5,False,1200,2400
UFNIA/2019-Zohar-ic/partial/int_check_eq_bvor_rtl.smt2,SMTInterpol,False,1200,2400
UFNIA/spec_sharp/test14-Microsoft.Boogie.FlowedValue.Type.15.Microsoft.Boogie.FlowedValue.Type.get_Real.smt2,cvc5,True,1.7781534288078547,1.7781534288078547
UFNIA/2019-Zohar-ic/partial/int_check_bvsle_bvashr1_ltr_inv_g.smt2,SMTInterpol,True,2.594124369963538,2.594124369963538
UFNIA/2019-Preiner/full/t3_rw1371.smt2,SMTInterpol,False,1200,2400
UFNIA/2019-Preiner/full/t3_rw1297.smt2,cvc5,False,1200,2400
UFNIA/2019-Preiner/full/t3_rw675.smt2,SMTInterpol,True,698.094315187016,698.094315187016
UFNIA/2019-Preiner/full/t3_rw317.smt2,cvc5,False,1200,2400
UFNIA/2019-Preiner/combined/t3_rw167.smt2,cvc5,True,1.623038199963048,1.623038199963048
UFNIA/2019-Preiner/full/t3_rw60.smt2,cvc5,True,0.2679382290225476,0.2679382290225476
UFNIA/2019-Preiner/full/t3_rw1544.smt2,SMTInterpol,False,1200,2400
UFNIA/2019-Preiner/qf/t3_rw738.smt2,SMTInterpol,True,0.46327422600006685,0.46327422600006685
UFNIA/2019-Preiner/full/t3_rw643.smt2,cvc5,False,1200,2400
UFNIA/2019-Preiner/qf/t3_rw1422.smt2,SMTInterpol,True,0.4802279159775935,0.4802279159775935
UFNIA/2019-Zohar-alive/partial/partial_Select:433_values_0.smt2,SMTInterpol,True,8.105319158989005,8.105319158989005
UFNIA/2019-Zohar-ic/qf/int_check_ne_bvlshr1_ltr_no_inv.smt2,SMTInterpol,True,0.5528882619692013,0.5528882619692013
UFNIA/2019-Zohar-alive/partial/partial_AndOrXor:2263_values_0.smt2,SMTInterpol,True,3.94065738102654,3.94065738102654
UFNIA/2019-Preiner/qf/t3_rw1363.smt2,SMTInterpol,True,0.4763388989958912,0.4763388989958912
UFNIA/2019-Preiner/combined/f2_rw10.smt2,cvc5,True,0.25270313303917646,0.25270313303917646
UFNIA/sledgehammer/Fundamental_Theorem_Algebra/z3.1515616.smt2,cvc5,True,0.27266384894028306,0.27266384894028306
UFNIA/2019-Zohar-alive/full/full_AndOrXor:1899_values_0.smt2,SMTInterpol,True,0.6353967059985735,0.6353967059985735
UFNIA/2019-Preiner/partial/t3_rw1251.smt2,SMTInterpol,True,2.11011111701373,2.11011111701373
UFNIA/2019-Preiner/qf/t3_rw856.smt2,SMTInterpol,True,0.4682311970391311,0.4682311970391311
UFNIA/2019-Preiner/combined/t3_rw925.smt2,cvc5,True,2.3779311899561435,2.3779311899561435
UFNIA/2019-Zohar-alive/partial/partial_Select:641_values_0.smt2,SMTInterpol,True,0.6574998959549703,0.6574998959549703
UFNIA/2019-Preiner/full/t3_rw303.smt2,cvc5,False,1200,2400
UFNIA/2019-Zohar-alive/partial/partial_AndOrXor:144_values_0.smt2,SMTInterpol,True,16.018513013958,16.018513013958
UFNIA/2019-Preiner/combined/t3_rw53.smt2,cvc5,True,32.288264925125986,32.288264925125986
UFNIA/vcc-havoc/havoc-bench_200.1.main.smt2,cvc5,True,540.4577076178975,540.4577076178975
UFNIA/2019-Preiner/full/f2_rw209.smt2,cvc5,True,0.2255601359065622,0.2255601359065622
UFNIA/2019-Preiner/qf/t3_rw311.smt2,SMTInterpol,True,0.44657790201017633,0.44657790201017633
UFNIA/2019-Preiner/partial/t3_rw1280.smt2,SMTInterpol,True,2.2347188210114837,2.2347188210114837
UFNIA/2019-Zohar-ic/qf/int_check_bvult_bvmul_ltr_no_inv.smt2,SMTInterpol,True,0.44025566399795935,0.44025566399795935
UFNIA/2019-Preiner/qf/f2_rw191.smt2,SMTInterpol,True,0.47197544696973637,0.47197544696973637
UFNIA/2019-Preiner/combined/t3_rw239.smt2,cvc5,False,1200,2400
UFNIA/2019-Zohar-ic/full/int_check_bvugt_bvand_rtl.smt2,cvc5,False,1200,2400
UFNIA/20190909-CLEARSY/0023/00481.smt2,SMTInterpol,True,1.1412729590083472,1.1412729590083472
UFNIA/2019-Zohar-ic/combined/int_check_eq_bvudiv0_rtl.smt2,cvc5,True,1.115053015993908,1.115053015993908
UFNIA/2019-Preiner/partial/t3_rw1352.smt2,SMTInterpol,True,18.693125911988318,18.693125911988318
UFNIA/lahiri-cav09-storm-queries/serial_read_example_cegar_2_1_5.smt2,cvc5,False,1200,2400
UFNIA/lahiri-cav09-storm-queries/usbsamp_example_1_1.smt2,cvc5,True,1022.026516946964,1022.026516946964
UFNIA/2019-Zohar-ic/partial/int_check_bvsle_bvshl1_ltr_no_inv.smt2,SMTInterpol,True,2.5178699549869634,2.5178699549869634
UFNIA/2019-Preiner/combined/f2_rw262.smt2,cvc5,True,0.42631071992218494,0.42631071992218494
UFNIA/2019-Zohar-ic/partial/int_check_bvuge_bvand_ltr_no_inv.smt2,SMTInterpol,True,0.9849015820072964,0.9849015820072964
UFNIA/2019-Zohar-ic/combined/int_check_bvsge_bvadd_rtl.smt2,cvc5,True,0.25135719985701144,0.25135719985701144
UFNIA/2019-Preiner/full/t3_rw1006.smt2,cvc5,False,1200,2400
UFNIA/2019-Preiner/combined/t3_rw262.smt2,cvc5,False,1200,2400
UFNIA/2019-Preiner/combined/t3_rw675.smt2,cvc5,False,1200,2400
UFNIA/sledgehammer/QEpres/z3.599042.smt2,cvc5,False,1200,2400
UFNIA/sledgehammer/Fundamental_Theorem_Algebra/z3.1147699.smt2,cvc5,False,1200,2400
UFNIA/2019-Zohar-ic/partial/int_check_bvugt_bvnot_ltr_inv_g.smt2,SMTInterpol,True,0.5214993659756146,0.5214993659756146
UFNIA/sledgehammer/Fundamental_Theorem_Algebra/z3.770177.smt2,cvc5,True,358.75092897191644,358.75092897191644
UFNIA/vcc-havoc/vccp-ArrayList.c.7.main.smt2,cvc5,True,0.2676421271171421,0.2676421271171421
UFNIA/vcc-havoc/vccp-union1.c.4.foobar.smt2,cvc5,True,0.34908767812885344,0.34908767812885344
UFNIA/sledgehammer/TwoSquares/z3.893669.smt2,cvc5,True,540.4285079969559,540.4285079969559
UFNIA/2019-Preiner/combined/t3_rw1235.smt2,cvc5,False,1200,2400
UFNIA/2019-Preiner/partial/t3_rw1454.smt2,SMTInterpol,True,7.696436648024246,7.696436648024246
UFNIA/2019-Zohar-alive/partial/partial_AndOrXor:1683-1_values_68.smt2,SMTInterpol,True,0.6685782779823057,0.6685782779823057
UFNIA/spec_sharp/test14-Xml.ssc.2.Microsoft.Boogie.XmlSink.get_IsOpen.smt2,cvc5,True,2.65238825394772,2.65238825394772
UFNIA/2019-Preiner/partial/t3_rw1474.smt2,SMTInterpol,True,3.75522189802723,3.75522189802723
UFNIA/2019-Preiner/combined/t3_rw1325.smt2,cvc5,True,3.759636189090088,3.759636189090088
UFNIA/2019-Preiner/full/f2_rw343.smt2,cvc5,False,1200,2400
UFNIA/2019-Preiner/qf/t3_rw280.smt2,SMTInterpol,True,0.4839126639999449,0.4839126639999449
UFNIA/2019-Preiner/full/t3_rw563.smt2,cvc5,False,1200,2400
UFNIA/2019-Preiner/full/t3_rw1338.smt2,SMTInterpol,False,1200,2400
UFNIA/2019-Preiner/partial/f2_rw328.smt2,SMTInterpol,True,0.9048227799939923,0.9048227799939923
UFNIA/2019-Preiner/full/f2_rw371.smt2,cvc5,False,1200,2400
UFNIA/2019-Preiner/full/t3_rw636.smt2,SMTInterpol,False,1200,2400
UFNIA/sledgehammer/TwoSquares/z3.676440.smt2,cvc5,False,1200,2400
UFNIA/2019-Preiner/partial/f2_rw285.smt2,SMTInterpol,True,2.28039778303355,2.28039778303355
UFNIA/2019-Preiner/full/f2_rw335.smt2,cvc5,True,0.24008753686212003,0.24008753686212003
UFNIA/2019-Preiner/partial/f2_rw254.smt2,SMTInterpol,True,1.3639480019919574,1.3639480019919574
UFNIA/vcc-havoc/verisoft-sim.c.2.50.translated_read_sim.smt2,iProver,True,5.381382619030774,5.381382619030774
UFNIA/2019-Preiner/partial/t3_rw139.smt2,SMTInterpol,True,3.561940423969645,3.561940423969645
UFNIA/sledgehammer/Fundamental_Theorem_Algebra/z3.896218.smt2,cvc5,True,0.4260033559985459,0.4260033559985459
UFNIA/2019-Preiner/full/t3_rw693.smt2,SMTInterpol,False,1200,2400
UFNIA/2019-Preiner/qf/f2_rw322.smt2,SMTInterpol,True,0.4583469720091671,0.4583469720091671
UFNIA/2019-Preiner/full/t3_rw525.smt2,cvc5,False,1200,2400
UFNIA/2019-Zohar-ic/qf/int_check_ne_bvshl1_ltr_no_inv.smt2,SMTInterpol,True,0.4790657309931703,0.4790657309931703
UFNIA/2019-Preiner/combined/t3_rw1527.smt2,cvc5,True,274.4012522660196,274.4012522660196
UFNIA/2019-Preiner/qf/t3_rw1070.smt2,SMTInterpol,True,0.5264700370025821,0.5264700370025821
UFNIA/2019-Preiner/qf/t3_rw1474.smt2,SMTInterpol,True,0.5028769539785571,0.5028769539785571
UFNIA/2019-Preiner/partial/t3_rw1328.smt2,SMTInterpol,True,3.0739869760000147,3.0739869760000147
UFNIA/2019-Preiner/full/t3_rw357.smt2,SMTInterpol,True,3.2278547739988426,3.2278547739988426
UFNIA/2019-Preiner/full/t3_rw1351.smt2,SMTInterpol,True,2.5560840730322525,2.5560840730322525
UFNIA/2019-Preiner/qf/t3_rw1319.smt2,SMTInterpol,True,0.5382434560451657,0.5382434560451657
UFNIA/2019-Preiner/qf/f2_rw419.smt2,SMTInterpol,True,0.5013887049863115,0.5013887049863115
UFNIA/sledgehammer/Fundamental_Theorem_Algebra/z3.1487201.smt2,cvc5,False,1200,2400
UFNIA/2019-Preiner/full/f2_rw242.smt2,cvc5,False,1200,2400
UFNIA/2019-Zohar-ic/partial/int_check_bvslt_bvnot_ltr_no_inv.smt2,SMTInterpol,True,1.1350883409613743,1.1350883409613743
UFNIA/2019-Preiner/partial/t3_rw849.smt2,SMTInterpol,True,3.65106924099382,3.65106924099382
UFNIA/2019-Preiner/qf/f2_rw165.smt2,SMTInterpol,True,0.43606409698259085,0.43606409698259085
UFNIA/2019-Zohar-ic/full/int_check_bvuge_bvadd_rtl.smt2,SMTInterpol,True,0.5021526120253839,0.5021526120253839
UFNIA/2019-Preiner/full/f2_rw227.smt2,cvc5,True,0.29354107193648815,0.29354107193648815
UFNIA/spec_sharp/test14-DafnyAst.ssc.110.Microsoft.Dafny.FieldSelectExpr..ctor_Microsoft.Dafny.Token_notnull_Microsoft.Dafny.Expression_notnu.smt2,cvc5,True,21.263685025973246,21.263685025973246
UFNIA/2019-Zohar-ic/partial/int_check_bvsle_bvmul_ltr_no_inv.smt2,SMTInterpol,True,2.374352168000769,2.374352168000769
UFNIA/sledgehammer/Fundamental_Theorem_Algebra/z3.1478193.smt2,cvc5,True,0.28031326993368566,0.28031326993368566
UFNIA/2019-Preiner/full/f2_rw113.smt2,cvc5,False,1200,2400
UFNIA/vcc-havoc/verisoft-sim.c.1.17.untranslated_write_sim.smt2,iProver,True,5.925002092961222,5.925002092961222
UFNIA/vcc-havoc/verisoft-sim.c.1.27.translated_read_sim.smt2,iProver,True,5.374748073052615,5.374748073052615
UFNIA/2019-Preiner/full/f2_rw285.smt2,cvc5,False,1200,2400
UFNIA/2019-Preiner/combined/f2_rw354.smt2,cvc5,True,31.160991893848404,31.160991893848404
UFNIA/lahiri-cav09-storm-queries/serial_read_example_cegar_2_1_4.smt2,cvc5,False,1200,2400
UFNIA/2019-Preiner/full/t3_rw1363.smt2,cvc5,False,1200,2400
UFNIA/2019-Preiner/qf/t3_rw708.smt2,SMTInterpol,True,0.4662032750202343,0.4662032750202343
UFNIA/2019-Zohar-ic/full/int_check_bvsge_bvashr1_rtl.smt2,cvc5,False,1200,2400
UFNIA/2019-Preiner/qf/f2_rw206.smt2,SMTInterpol,True,0.4453249810030684,0.4453249810030684
UFNIA/2019-Preiner/partial/t3_rw321.smt2,SMTInterpol,True,3.8978802469791844,3.8978802469791844
UFNIA/2019-Zohar-alive/partial/partial_InstCombineShift582_values_0.smt2,SMTInterpol,True,4.793481759028509,4.793481759028509
UFNIA/2019-Preiner/qf/t3_rw441.smt2,SMTInterpol,True,0.4916192559758201,0.4916192559758201
UFNIA/2019-Preiner/combined/t3_rw1199.smt2,cvc5,False,1200,2400
UFNIA/2019-Preiner/partial/f2_rw269.smt2,SMTInterpol,True,3.047458929999266,3.047458929999266
UFNIA/spec_sharp/test14-CommandLineOptions.ssc.30.Microsoft.Boogie.CommandLineOptions.GetSourceDocument_System.Compiler.Method_notnull.smt2,cvc5,False,1200,2400
UFNIA/2019-Preiner/combined/t3_rw966.smt2,cvc5,True,0.9679916719906032,0.9679916719906032
UFNIA/2019-Zohar-ic/combined/int_check_bvule_bvashr0_rtl.smt2,cvc5,True,0.2331282349769026,0.2331282349769026
UFNIA/sledgehammer/QEpres/z3.998138.smt2,cvc5,False,1200,2400
UFNIA/2019-Preiner/full/t3_rw1546.smt2,cvc5,False,1200,2400
UFNIA/2019-Zohar-ic/partial/int_check_bvslt_bvadd_ltr_inv_g.smt2,SMTInterpol,True,1.949355688993819,1.949355688993819
UFNIA/2019-Preiner/partial/t3_rw697.smt2,SMTInterpol,True,3.098190305987373,3.098190305987373
UFNIA/2019-Zohar-ic/combined/int_check_bvule_bvnot_ltr_inv_g.smt2,cvc5,True,0.23488883208483458,0.23488883208483458
UFNIA/2019-Preiner/qf/t3_rw1083.smt2,SMTInterpol,True,0.5187055289861746,0.5187055289861746
UFNIA/2019-Preiner/combined/t3_rw1479.smt2,cvc5,False,1200,2400
UFNIA/2019-Preiner/qf/t3_rw1227.smt2,SMTInterpol,True,0.4491672180010937,0.4491672180010937
UFNIA/2019-Preiner/qf/t3_rw1088.smt2,SMTInterpol,True,0.5644165449775755,0.5644165449775755
UFNIA/2019-Preiner/full/f2_rw255.smt2,SMTInterpol,False,1200,2400
UFNIA/2019-Preiner/qf/t3_rw781.smt2,SMTInterpol,True,0.5109252769616432,0.5109252769616432
UFNIA/2019-Preiner/full/f2_rw288.smt2,cvc5,False,1200,2400
UFNIA/2019-Preiner/full/t3_rw10.smt2,cvc5,True,0.2355821740347892,0.2355821740347892
UFNIA/2019-Preiner/full/t3_rw1117.smt2,SMTInterpol,False,1200,2400
UFNIA/sledgehammer/Fundamental_Theorem_Algebra/z3.745408.smt2,cvc5,False,1200,2400
UFNIA/2019-Zohar-ic/partial/int_check_eq_bvurem0_rtl.smt2,SMTInterpol,True,1.475960700016003,1.475960700016003
UFNIA/2019-Preiner/full/t3_rw1243.smt2,SMTInterpol,False,1200,2400
UFNIA/2019-Zohar-ic/partial/int_check_bvsle_bvashr1_ltr_no_inv.smt2,SMTInterpol,True,3.8162127950345166,3.8162127950345166
UFNIA/2019-Preiner/partial/t3_rw270.smt2,SMTInterpol,True,3.0381319589796476,3.0381319589796476
UFNIA/2019-Preiner/full/t3_rw1037.smt2,SMTInterpol,True,2.3126196039956994,2.3126196039956994
UFNIA/2019-Preiner/full/t3_rw1376.smt2,SMTInterpol,False,1200,2400
UFNIA/2019-Preiner/full/t3_rw1304.smt2,SMTInterpol,True,2.157040574995335,2.157040574995335
UFNIA/2019-Preiner/partial/t3_rw473.smt2,SMTInterpol,True,2.224581749003846,2.224581749003846
UFNIA/sledgehammer/Fundamental_Theorem_Algebra/z3.1223581.smt2,cvc5,True,0.7919151878450066,0.7919151878450066
UFNIA/2019-Preiner/partial/t3_rw402.smt2,SMTInterpol,True,35.77499136998085,35.77499136998085
UFNIA/2019-Preiner/combined/t3_rw687.smt2,cvc5,True,0.2281291359104216,0.2281291359104216
UFNIA/2019-Preiner/qf/t3_rw1016.smt2,SMTInterpol,True,0.4548475469928235,0.4548475469928235
UFNIA/2019-Zohar-ic/full/int_check_ne_bvneg_ltr_inv_g.smt2,cvc5,True,0.2515118271112442,0.2515118271112442
UFNIA/lahiri-cav09-storm-queries/mqueue_example_2_1_8_3.smt2,cvc5,True,11.422462004004046,11.422462004004046
UFNIA/sledgehammer/Fundamental_Theorem_Algebra/z3.832061.smt2,cvc5,True,5.353677910985425,5.353677910985425
UFNIA/2019-Preiner/combined/t3_rw1062.smt2,cvc5,False,1200,2400
UFNIA/2019-Preiner/full/t3_rw651.smt2,SMTInterpol,False,1200,2400
UFNIA/2019-Preiner/qf/t3_rw1149.smt2,SMTInterpol,True,0.4375140540068969,0.4375140540068969
UFNIA/2019-Preiner/full/t3_rw570.smt2,cvc5,True,0.2793565830215812,0.2793565830215812
UFNIA/sledgehammer/TwoSquares/z3.671825.smt2,cvc5,False,1200,2400
UFNIA/2019-Preiner/partial/t3_rw1090.smt2,SMTInterpol,True,5.546120529004838,5.546120529004838
UFNIA/2019-Zohar-ic/full/int_check_eq_bvurem0_ltr_inv_g.smt2,cvc5,True,0.29263266804628074,0.29263266804628074
UFNIA/2019-Zohar-ic/combined/int_check_bvule_bvurem1_ltr_no_inv.smt2,cvc5,True,0.23685968085192144,0.23685968085192144
UFNIA/sledgehammer/FFT/z3.966182.smt2,cvc5,False,1200,2400
UFNIA/sledgehammer/Fundamental_Theorem_Algebra/z3.1073352.smt2,cvc5,False,1200,2400
UFNIA/2019-Preiner/partial/t3_rw1035.smt2,SMTInterpol,True,2.2280654200003482,2.2280654200003482
UFNIA/2019-Preiner/combined/f2_rw163.smt2,cvc5,True,0.2470213349442929,0.2470213349442929
UFNIA/vcc-havoc/havoc-bench_019.1.main.smt2,cvc5,True,0.4447328760288656,0.4447328760288656
UFNIA/2019-Zohar-ic/qf/int_check_bvult_bvashr0_ltr_no_inv.smt2,SMTInterpol,True,0.6676653589820489,0.6676653589820489
UFNIA/2019-Preiner/partial/t3_rw1197.smt2,SMTInterpol,True,4.363159107044339,4.363159107044339
UFNIA/2019-Preiner/qf/f2_rw197.smt2,SMTInterpol,True,0.4429543720325455,0.4429543720325455
UFNIA/lahiri-cav09-storm-queries/serial_read_example_2_1_2_0.smt2,cvc5,True,1106.1479264120571,1106.1479264120571
UFNIA/2019-Preiner/partial/f2_rw417.smt2,SMTInterpol,True,0.9034896309603937,0.9034896309603937
UFNIA/2019-Preiner/partial/t3_rw1395.smt2,SMTInterpol,True,7.217348130012397,7.217348130012397
UFNIA/lahiri-cav09-storm-queries/usbsamp_example_2_2_8_1.smt2,cvc5,True,1017.675762822153,1017.675762822153
UFNIA/2019-Zohar-alive/partial/partial_Select:728_values_0.smt2,SMTInterpol,True,0.7058705969830044,0.7058705969830044
UFNIA/2019-Preiner/qf/t3_rw1386.smt2,SMTInterpol,True,0.5182925319531932,0.5182925319531932
UFNIA/2019-Preiner/qf/f2_rw249.smt2,SMTInterpol,True,0.45682892500190064,0.45682892500190064
UFNIA/lahiri-cav09-storm-queries/usbsamp_example_2_3_6_0.smt2,cvc5,True,1020.1478233351372,1020.1478233351372
UFNIA/2019-Preiner/full/f2_rw366.smt2,cvc5,False,1200,2400
UFNIA/2019-Zohar-ic/partial/int_check_ne_bvashr0_ltr_no_inv.smt2,SMTInterpol,True,4.386378813011106,4.386378813011106
UFNIA/spec_sharp/textbook-CountNonNulls.dll.3.ArrayRefCount.CountNonNull.smt2,cvc5,True,30.556321134790778,30.556321134790778
UFNIA/2019-Zohar-ic/combined/int_check_bvsle_bvnot_rtl.smt2,cvc5,True,0.22420495213009417,0.22420495213009417
UFNIA/vcc-havoc/havoc-bench_sm_002.4.InitializeListBlink.smt2,cvc5,True,540.6687041439582,540.6687041439582
UFNIA/2019-Preiner/full/t3_rw104.smt2,cvc5,False,1200,2400
UFNIA/lahiri-cav09-storm-queries/usbsamp_bug_example_2_1_2_3.smt2,cvc5,False,1200,2400
UFNIA/sledgehammer/TwoSquares/z3.803601.smt2,cvc5,False,1200,2400
UFNIA/2019-Preiner/qf/f2_rw159.smt2,SMTInterpol,True,0.4394148209830746,0.4394148209830746
UFNIA/2019-Preiner/partial/t3_rw439.smt2,SMTInterpol,True,4.946217239019461,4.946217239019461
UFNIA/20190909-CLEARSY/0016/00980.smt2,SMTInterpol,True,0.668558057048358,0.668558057048358
UFNIA/2019-Preiner/combined/f2_rw237.smt2,cvc5,True,0.3073414429090917,0.3073414429090917
UFNIA/2019-Preiner/full/f2_rw178.smt2,cvc5,False,1200,2400
UFNIA/2019-Preiner/qf/t3_rw133.smt2,SMTInterpol,True,0.4907903950079344,0.4907903950079344
UFNIA/2019-Preiner/qf/t3_rw1176.smt2,SMTInterpol,True,0.5174946330371313,0.5174946330371313
UFNIA/2019-Preiner/combined/t3_rw754.smt2,cvc5,True,0.22816424490883946,0.22816424490883946
UFNIA/2019-Preiner/qf/f2_rw108.smt2,SMTInterpol,True,0.4999288570252247,0.4999288570252247
UFNIA/2019-Preiner/partial/f2_rw379.smt2,SMTInterpol,True,1.1871238439925946,1.1871238439925946
UFNIA/2019-Preiner/partial/t3_rw59.smt2,SMTInterpol,True,3.7609251820249483,3.7609251820249483
UFNIA/2019-Preiner/combined/t3_rw1293.smt2,cvc5,False,1200,2400
UFNIA/sledgehammer/Fundamental_Theorem_Algebra/z3.1142432.smt2,cvc5,False,1200,2400
UFNIA/sledgehammer/FFT/z3.671005.smt2,cvc5,False,1200,2400
UFNIA/2019-Preiner/combined/f2_rw252.smt2,cvc5,True,0.5391648870427161,0.5391648870427161
UFNIA/2019-Preiner/partial/t3_rw66.smt2,SMTInterpol,True,1.469075257948134,1.469075257948134
UFNIA/20190909-CLEARSY/0018/00074.smt2,cvc5,True,660.4976853621192,660.4976853621192
UFNIA/2019-Preiner/combined/t3_rw1401.smt2,cvc5,True,0.3268253889400512,0.3268253889400512
UFNIA/2019-Preiner/partial/t3_rw1014.smt2,SMTInterpol,True,8.969407947035506,8.969407947035506
UFNIA/2019-Preiner/full/t3_rw1483.smt2,SMTInterpol,True,2.4268756080418825,2.4268756080418825
UFNIA/2019-Zohar-ic/qf/int_check_bvslt_bvmul_ltr_no_inv.smt2,SMTInterpol,True,0.5111037730239332,0.5111037730239332
UFNIA/vcc-havoc/verisoft-baby.c.1.1.update_spt.smt2,iProver,True,4.873556959908456,4.873556959908456
UFNIA/2019-Preiner/qf/t3_rw1238.smt2,SMTInterpol,True,0.4535111940349452,0.4535111940349452
UFNIA/2019-Preiner/qf/f2_rw133.smt2,SMTInterpol,True,0.4650242069619708,0.4650242069619708
UFNIA/2019-Preiner/full/t3_rw974.smt2,cvc5,False,1200,2400
UFNIA/2019-Preiner/combined/t3_rw877.smt2,cvc5,True,0.23876874381676316,0.23876874381676316
UFNIA/2019-Preiner/combined/t3_rw504.smt2,cvc5,True,0.4787536629009992,0.4787536629009992
UFNIA/2019-Preiner/full/f2_rw186.smt2,cvc5,True,0.28168817004188895,0.28168817004188895
UFNIA/2019-Preiner/combined/t3_rw1482.smt2,cvc5,False,1200,2400
UFNIA/2019-Preiner/partial/t3_rw381.smt2,SMTInterpol,True,3.0418955750064924,3.0418955750064924
UFNIA/2019-Preiner/partial/t3_rw596.smt2,SMTInterpol,True,4.873483789036982,4.873483789036982
UFNIA/spec_sharp/test14-Xml.ssc.15.Microsoft.Boogie.XmlSink.WriteStartFile_System.String_notnull.smt2,cvc5,False,1200,2400
UFNIA/sledgehammer/QEpres/z3.864921.smt2,cvc5,False,1200,2400
UFNIA/2019-Preiner/qf/f2_rw425.smt2,SMTInterpol,True,0.47507410001708195,0.47507410001708195
UFNIA/2019-Zohar-ic/full/int_check_bvsgt_bvshl1_rtl.smt2,cvc5,False,1200,2400
UFNIA/2019-Preiner/qf/t3_rw944.smt2,SMTInterpol,True,0.5157765329931863,0.5157765329931863
UFNIA/2019-Preiner/full/t3_rw1052.smt2,SMTInterpol,True,35.1781913730083,35.1781913730083
UFNIA/2019-Zohar-ic/full/int_check_bvslt_bvashr1_ltr_no_inv.smt2,cvc5,False,1200,2400
UFNIA/2019-Preiner/full/t3_rw1522.smt2,SMTInterpol,False,1200,2400
UFNIA/2019-Preiner/combined/f2_rw401.smt2,cvc5,True,0.2263116140384227,0.2263116140384227
UFNIA/2019-Preiner/full/t3_rw406.smt2,cvc5,False,1200,2400
UFNIA/2019-Preiner/qf/t3_rw612.smt2,SMTInterpol,True,0.4586271669832058,0.4586271669832058
UFNIA/2019-Preiner/qf/f2_rw426.smt2,SMTInterpol,True,0.5070053879753686,0.5070053879753686
UFNIA/2019-Preiner/combined/t3_rw746.smt2,cvc5,False,1200,2400
UFNIA/vcc-havoc/WindowsCard.c.6.make_memory.smt2,iProver,True,5.388169389916584,5.388169389916584
UFNIA/2019-Preiner/combined/t3_rw498.smt2,cvc5,True,0.3849078621715307,0.3849078621715307
UFNIA/2019-Preiner/qf/t3_rw129.smt2,SMTInterpol,True,0.4230008309823461,0.4230008309823461
UFNIA/2019-Preiner/qf/t3_rw368.smt2,SMTInterpol,True,0.4371980290161446,0.4371980290161446
UFNIA/2019-Preiner/qf/t3_rw868.smt2,SMTInterpol,True,0.4910759990452789,0.4910759990452789
UFNIA/2019-Preiner/combined/t3_rw562.smt2,cvc5,False,1200,2400
UFNIA/2019-Preiner/qf/f2_rw214.smt2,SMTInterpol,True,0.43725125602213666,0.43725125602213666
UFNIA/2019-Preiner/combined/t3_rw600.smt2,cvc5,True,0.3076214010361582,0.3076214010361582
UFNIA/2019-Preiner/full/t3_rw1381.smt2,SMTInterpol,False,1200,2400
UFNIA/2019-Preiner/full/t3_rw1448.smt2,SMTInterpol,False,1200,2400
UFNIA/2019-Zohar-ic/combined/int_check_eq_bvshl0_ltr_inv_g.smt2,cvc5,True,0.2541071311570704,0.2541071311570704
UFNIA/2019-Zohar-ic/full/int_check_bvsge_bvashr1_ltr_inv_g.smt2,cvc5,False,1200,2400
UFNIA/sledgehammer/Fundamental_Theorem_Algebra/z3.756178.smt2,cvc5,False,1200,2400
UFNIA/2019-Preiner/qf/t3_rw759.smt2,SMTInterpol,True,0.4919858470093459,0.4919858470093459
UFNIA/sledgehammer/TwoSquares/z3.594144.smt2,cvc5,False,1200,2400
UFNIA/2019-Preiner/qf/t3_rw30.smt2,SMTInterpol,True,0.43423412600532174,0.43423412600532174
UFNIA/2019-Zohar-ic/full/int_check_bvsge_bvadd_ltr_no_inv.smt2,SMTInterpol,False,1200,2400
UFNIA/2019-Preiner/full/t3_rw399.smt2,cvc5,False,1200,2400
UFNIA/2019-Preiner/combined/t3_rw1051.smt2,cvc5,False,1200,2400
UFNIA/2019-Preiner/full/t3_rw1543.smt2,cvc5,False,1200,2400
UFNIA/2019-Preiner/qf/t3_rw890.smt2,SMTInterpol,True,0.4483808759832755,0.4483808759832755
UFNIA/2019-Preiner/qf/f2_rw222.smt2,SMTInterpol,True,0.48462291300529614,0.48462291300529614
UFNIA/2019-Preiner/full/t3_rw373.smt2,cvc5,False,1200,2400
UFNIA/2019-Preiner/partial/t3_rw978.smt2,SMTInterpol,True,4.0832488010055386,4.0832488010055386
UFNIA/sledgehammer/TwoSquares/z3.788218.smt2,cvc5,True,30.254322207067162,30.254322207067162
UFNIA/2019-Preiner/combined/t3_rw1183.smt2,cvc5,True,4.481942740036175,4.481942740036175
UFNIA/2019-Preiner/full/t3_rw1133.smt2,SMTInterpol,True,3.233185639954172,3.233185639954172
UFNIA/2019-Preiner/combined/f2_rw376.smt2,cvc5,True,0.2753886519931257,0.2753886519931257
UFNIA/2019-Preiner/full/t3_rw723.smt2,SMTInterpol,True,0.633893049962353,0.633893049962353
UFNIA/2019-Preiner/full/t3_rw1031.smt2,SMTInterpol,True,4.700103499984834,4.700103499984834
UFNIA/2019-Preiner/combined/f2_rw292.smt2,cvc5,True,0.24703629896976054,0.24703629896976054
UFNIA/2019-Preiner/full/t3_rw484.smt2,SMTInterpol,True,5.927804792008828,5.927804792008828
UFNIA/2019-Zohar-ic/partial/int_check_bvslt_bvashr1_ltr_inv_g.smt2,SMTInterpol,True,2.470461673976388,2.470461673976388
UFNIA/2019-Preiner/combined/t3_rw1322.smt2,cvc5,False,1200,2400
UFNIA/2019-Zohar-alive/full/full_AndOrXor:937_values_0.smt2,SMTInterpol,False,1200,2400
UFNIA/2019-Preiner/partial/t3_rw622.smt2,SMTInterpol,True,2.8833066929946654,2.8833066929946654
UFNIA/2019-Preiner/full/t3_rw3.smt2,cvc5,False,1200,2400
UFNIA/lahiri-cav09-storm-queries/serial_read_example_2_1_6_4.smt2,cvc5,True,1053.9150674440898,1053.9150674440898
UFNIA/2019-Preiner/full/t3_rw203.smt2,SMTInterpol,False,1200,2400
UFNIA/sledgehammer/QEpres/z3.1095693.smt2,cvc5,True,0.4412302258424461,0.4412302258424461
UFNIA/2019-Preiner/partial/t3_rw1379.smt2,SMTInterpol,True,4.76185898098629,4.76185898098629
UFNIA/2019-Zohar-ic/combined/int_check_bvslt_bvadd_ltr_no_inv.smt2,cvc5,True,452.00161131913774,452.00161131913774
UFNIA/2019-Zohar-ic/partial/int_check_bvult_bvurem0_rtl.smt2,SMTInterpol,True,0.5452985659940168,0.5452985659940168
UFNIA/2019-Preiner/partial/t3_rw1057.smt2,SMTInterpol,True,21.991369474038947,21.991369474038947
UFNIA/2019-Preiner/full/t3_rw154.smt2,cvc5,False,1200,2400
UFNIA/2019-Preiner/full/f2_rw63.smt2,SMTInterpol,False,1200,2400
UFNIA/2019-Zohar-ic/full/int_check_bvslt_bvudiv0_ltr_inv_g.smt2,cvc5,True,1.7631257590837777,1.7631257590837777
UFNIA/sledgehammer/QEpres/z3.814575.smt2,cvc5,False,1200,2400
UFNIA/2019-Preiner/partial/t3_rw112.smt2,SMTInterpol,True,4.076378097990528,4.076378097990528
UFNIA/sledgehammer/Fundamental_Theorem_Algebra/z3.1410762.smt2,cvc5,False,1200,2400
UFNIA/lahiri-cav09-storm-queries/serial_write_example_4_2.smt2,cvc5,False,1200,2400
UFNIA/2019-Zohar-ic/combined/int_check_ne_bvshl1_ltr_no_inv.smt2,cvc5,True,0.35916638490743935,0.35916638490743935
UFNIA/spec_sharp/test14-DafnyAst.ssc.87.Microsoft.Dafny.VarDecl.get_Type.smt2,cvc5,True,2.461548004997894,2.461548004997894
UFNIA/2019-Preiner/combined/t3_rw153.smt2,cvc5,True,3.969342695083469,3.969342695083469
UFNIA/2019-Preiner/combined/f2_rw8.smt2,cvc5,True,0.23900973401032388,0.23900973401032388
UFNIA/spec_sharp/test14-DafnyAst.ssc.1.Microsoft.Dafny.Program..ctor_System.String_notnull_System.Collections.Generic.List_1...optional...M.smt2,cvc5,True,25.810478953877464,25.810478953877464
UFNIA/2019-Preiner/partial/t3_rw1339.smt2,SMTInterpol,True,12.378137716994388,12.378137716994388
UFNIA/2019-Zohar-ic/partial/int_check_bvsgt_bvshl1_rtl.smt2,SMTInterpol,True,2.615738896012772,2.615738896012772
UFNIA/sledgehammer/Fundamental_Theorem_Algebra/z3.1325710.smt2,cvc5,False,1200,2400
UFNIA/2019-Preiner/partial/t3_rw312.smt2,SMTInterpol,True,15.5424692449742,15.5424692449742
UFNIA/2019-Preiner/full/t3_rw1207.smt2,SMTInterpol,True,2.4555258380132727,2.4555258380132727
UFNIA/2019-Preiner/combined/t3_rw723.smt2,cvc5,True,0.2311095620971173,0.2311095620971173
UFNIA/2019-Preiner/full/t3_rw1305.smt2,SMTInterpol,False,1200,2400
UFNIA/lahiri-cav09-storm-queries/usbsamp_bug_example_2_2_8_0.smt2,cvc5,True,1025.6828609290533,1025.6828609290533
UFNIA/lahiri-cav09-storm-queries/usbsamp_example_2_1_6_3.smt2,cvc5,True,1024.961104170885,1024.961104170885
UFNIA/2019-Preiner/qf/t3_rw720.smt2,SMTInterpol,True,0.46823224099352956,0.46823224099352956
UFNIA/2019-Preiner/combined/t3_rw527.smt2,cvc5,True,32.724523736862466,32.724523736862466
UFNIA/2019-Preiner/qf/t3_rw77.smt2,SMTInterpol,True,0.5047140039969236,0.5047140039969236
UFNIA/2019-Preiner/full/t3_rw1472.smt2,cvc5,False,1200,2400
UFNIA/sledgehammer/Fundamental_Theorem_Algebra/z3.1533148.smt2,cvc5,True,0.26353413704782724,0.26353413704782724
UFNIA/2019-Preiner/partial/t3_rw485.smt2,SMTInterpol,True,5.840406748000532,5.840406748000532
UFNIA/2019-Preiner/partial/t3_rw180.smt2,SMTInterpol,True,4.2847357200225815,4.2847357200225815
UFNIA/2019-Zohar-ic/full/int_check_bvsle_bvlshr1_ltr_inv_g.smt2,cvc5,False,1200,2400
UFNIA/sledgehammer/TwoSquares/z3.707205.smt2,cvc5,True,480.9032064159401,480.9032064159401
UFNIA/2019-Preiner/qf/t3_rw512.smt2,SMTInterpol,True,0.4477964759571478,0.4477964759571478
UFNIA/sledgehammer/Fundamental_Theorem_Algebra/z3.944804.smt2,cvc5,True,0.2798164130654186,0.2798164130654186
UFNIA/2019-Preiner/partial/t3_rw373.smt2,SMTInterpol,True,4.335576860001311,4.335576860001311
UFNIA/2019-Preiner/full/t3_rw1303.smt2,SMTInterpol,False,1200,2400
UFNIA/2019-Zohar-ic/partial/int_check_bvsge_bvand_rtl.smt2,SMTInterpol,True,49.99944859003881,49.99944859003881
UFNIA/sledgehammer/Fundamental_Theorem_Algebra/z3.1265396.smt2,cvc5,True,144.65666512097232,144.65666512097232
UFNIA/2019-Preiner/combined/t3_rw1040.smt2,cvc5,False,1200,2400
UFNIA/2019-Preiner/qf/t3_rw807.smt2,SMTInterpol,True,0.49572929000714794,0.49572929000714794
UFNIA/2019-Preiner/qf/t3_rw796.smt2,SMTInterpol,True,0.4680402780068107,0.4680402780068107
UFNIA/lahiri-cav09-storm-queries/mqueue_example_cegar_2_2_5.smt2,cvc5,False,1200,2400
UFNIA/2019-Preiner/full/t3_rw950.smt2,cvc5,True,0.2447915249504149,0.2447915249504149
UFNIA/2019-Preiner/qf/t3_rw296.smt2,SMTInterpol,True,0.4704875869792886,0.4704875869792886
UFNIA/2019-Zohar-ic/full/int_check_ne_bvudiv0_ltr_inv_g.smt2,cvc5,False,1200,2400
UFNIA/vcc-havoc/vccp-StackArray.c.7.main.smt2,cvc5,True,0.2984416359104216,0.2984416359104216
UFNIA/2019-Zohar-alive/combined/combined_Select:728_values_0.smt2,cvc5,True,0.23384643206372857,0.23384643206372857
UFNIA/2019-Zohar-ic/full/int_check_bvuge_bvurem0_ltr_no_inv.smt2,cvc5,True,0.4711032200139016,0.4711032200139016
UFNIA/2019-Preiner/partial/t3_rw510.smt2,SMTInterpol,True,6.755800496961456,6.755800496961456
UFNIA/sledgehammer/FFT/z3.601420.smt2,cvc5,True,0.2929693260230124,0.2929693260230124
UFNIA/sledgehammer/Fundamental_Theorem_Algebra/z3.602474.smt2,cvc5,False,1200,2400
UFNIA/2019-Preiner/combined/t3_rw333.smt2,cvc5,False,1200,2400
UFNIA/2019-Zohar-ic/partial/int_check_bvsle_bvadd_ltr_inv_g.smt2,SMTInterpol,True,2.935270404035691,2.935270404035691
UFNIA/sledgehammer/TwoSquares/z3.631106.smt2,cvc5,True,0.2626000309828669,0.2626000309828669
UFNIA/2019-Preiner/full/t3_rw1287.smt2,SMTInterpol,False,1200,2400
UFNIA/sledgehammer/Fundamental_Theorem_Algebra/z3.1220950.smt2,cvc5,False,1200,2400
UFNIA/2019-Preiner/qf/t3_rw1135.smt2,SMTInterpol,True,0.5014255719725043,0.5014255719725043
UFNIA/2019-Preiner/full/t3_rw881.smt2,cvc5,False,1200,2400
UFNIA/vcc-havoc/verisoft-baby.c.80.handle_illegal.smt2,iProver,True,5.366751775145531,5.366751775145531
UFNIA/2019-Zohar-ic/combined/int_check_bvugt_bvneg_ltr_inv_g.smt2,cvc5,True,0.25704634678550065,0.25704634678550065
UFNIA/2019-Zohar-ic/partial/int_check_ne_bvand_ltr_inv_g.smt2,SMTInterpol,True,5.134551343973726,5.134551343973726
UFNIA/2019-Preiner/full/t3_rw118.smt2,cvc5,False,1200,2400
UFNIA/2019-Preiner/full/f2_rw1.smt2,SMTInterpol,True,0.6143865340272896,0.6143865340272896
UFNIA/2019-Preiner/partial/t3_rw1371.smt2,SMTInterpol,True,7.400544530013576,7.400544530013576
UFNIA/2019-Preiner/partial/f2_rw295.smt2,SMTInterpol,True,4.036181880044751,4.036181880044751
UFNIA/2019-Preiner/partial/t3_rw950.smt2,SMTInterpol,True,3.053046189947054,3.053046189947054
UFNIA/2019-Zohar-alive/full/full_AndOrXor:523_values_0.smt2,SMTInterpol,False,1200,2400
UFNIA/2019-Preiner/full/t3_rw908.smt2,cvc5,False,1200,2400
UFNIA/sledgehammer/FFT/z3.813392.smt2,cvc5,False,1200,2400
UFNIA/vcc-havoc/verisoft-sim.c.2.100.translated_write_sim.smt2,iProver,True,6.887506066123024,6.887506066123024
UFNIA/sledgehammer/Fundamental_Theorem_Algebra/z3.1188455.smt2,cvc5,False,1200,2400
UFNIA/2019-Zohar-alive/combined/combined_AndOrXor:732-1_values_0.smt2,cvc5,False,1200,2400
UFNIA/sledgehammer/TwoSquares/z3.731511.smt2,cvc5,False,1200,2400
UFNIA/2019-Preiner/combined/t3_rw1295.smt2,cvc5,False,1200,2400
UFNIA/2019-Preiner/full/f2_rw195.smt2,cvc5,False,1200,2400
UFNIA/2019-Preiner/partial/f2_rw344.smt2,SMTInterpol,True,1.1751721890177578,1.1751721890177578
UFNIA/2019-Preiner/full/t3_rw598.smt2,SMTInterpol,False,1200,2400
UFNIA/2019-Preiner/full/f2_rw148.smt2,cvc5,False,1200,2400
UFNIA/sledgehammer/TwoSquares/z3.645266.smt2,cvc5,True,0.31968243117444217,0.31968243117444217
UFNIA/2019-Preiner/qf/t3_rw799.smt2,SMTInterpol,True,0.45846182701643556,0.45846182701643556
UFNIA/2019-Preiner/combined/t3_rw343.smt2,cvc5,True,210.86310588405468,210.86310588405468
UFNIA/vcc-havoc/CWindowsCard.c.44.ExecuteInstruction.smt2,iProver,True,6.427263939986005,6.427263939986005
UFNIA/2019-Preiner/full/t3_rw1016.smt2,cvc5,False,1200,2400
UFNIA/2019-Preiner/partial/t3_rw1468.smt2,SMTInterpol,True,3.1616705739870667,3.1616705739870667
UFNIA/2019-Preiner/combined/t3_rw1194.smt2,cvc5,False,1200,2400
UFNIA/2019-Preiner/full/t3_rw1223.smt2,cvc5,False,1200,2400
UFNIA/2019-Preiner/partial/f2_rw51.smt2,SMTInterpol,True,1.227332113950979,1.227332113950979
UFNIA/2019-Zohar-ic/full/int_check_bvsgt_bvmul_ltr_no_inv.smt2,cvc5,False,1200,2400
UFNIA/2019-Preiner/full/t3_rw120.smt2,cvc5,False,1200,2400
UFNIA/lahiri-cav09-storm-queries/usbsamp_example_2_2_6_1.smt2,cvc5,True,1029.1334546799771,1029.1334546799771
UFNIA/2019-Preiner/combined/t3_rw894.smt2,cvc5,False,1200,2400
UFNIA/2019-Preiner/full/t3_rw670.smt2,SMTInterpol,True,2.289184755005408,2.289184755005408
UFNIA/2019-Preiner/full/t3_rw1506.smt2,SMTInterpol,False,1200,2400
UFNIA/2019-Zohar-ic/partial/int_check_eq_bvurem0_ltr_inv_g.smt2,SMTInterpol,True,1.324464308039751,1.324464308039751
UFNIA/2019-Preiner/combined/f2_rw55.smt2,cvc5,True,0.2496785360854119,0.2496785360854119
UFNIA/spec_sharp/test14-DafnyAst.ssc.7.Microsoft.Dafny.Type..ctor.smt2,cvc5,True,3.686482720077038,3.686482720077038
UFNIA/2019-Preiner/partial/t3_rw31.smt2,SMTInterpol,True,4.6964774649823084,4.6964774649823084
UFNIA/2019-Preiner/combined/t3_rw591.smt2,cvc5,True,972.4143906729296,972.4143906729296
UFNIA/2019-Preiner/combined/t3_rw409.smt2,cvc5,True,4.168322940124199,4.168322940124199
UFNIA/2019-Preiner/partial/t3_rw1519.smt2,SMTInterpol,True,12.285809007007629,12.285809007007629
UFNIA/2019-Preiner/full/t3_rw1524.smt2,SMTInterpol,False,1200,2400
UFNIA/sledgehammer/QEpres/z3.583526.smt2,cvc5,False,1200,2400
UFNIA/2019-Preiner/full/t3_rw327.smt2,SMTInterpol,True,4.032377212017309,4.032377212017309
UFNIA/2019-Zohar-ic/combined/int_check_ne_bvudiv0_ltr_inv_g.smt2,cvc5,True,14.911683978047222,14.911683978047222
UFNIA/2019-Preiner/qf/t3_rw1403.smt2,SMTInterpol,True,0.5104431580402888,0.5104431580402888
UFNIA/2019-Zohar-ic/combined/int_check_ne_bvneg_rtl.smt2,cvc5,True,0.2523527678567916,0.2523527678567916
UFNIA/2019-Preiner/qf/f2_rw323.smt2,SMTInterpol,True,0.4553518299944699,0.4553518299944699
UFNIA/2019-Zohar-ic/combined/int_check_bvslt_bvadd_ltr_inv_r.smt2,cvc5,False,1200,2400
UFNIA/vcc-havoc/verisoft-baby.c.34.exec_instr.smt2,iProver,True,4.884317839983851,4.884317839983851
UFNIA/2019-Preiner/qf/f2_rw371.smt2,SMTInterpol,True,0.4553335409727879,0.4553335409727879
UFNIA/2019-Preiner/qf/f2_rw220.smt2,SMTInterpol,True,0.453637995000463,0.453637995000463
UFNIA/lahiri-cav09-storm-queries/mqueue_example_2_1_2_4.smt2,cvc5,True,448.12951673706993,448.12951673706993
UFNIA/2019-Preiner/qf/f2_rw362.smt2,SMTInterpol,True,0.525077335012611,0.525077335012611
UFNIA/sledgehammer/TwoSquares/z3.695833.smt2,cvc5,True,30.259542532032356,30.259542532032356
UFNIA/2019-Preiner/full/t3_rw1555.smt2,SMTInterpol,False,1200,2400
UFNIA/2019-Preiner/qf/t3_rw777.smt2,SMTInterpol,True,0.4703347079921514,0.4703347079921514
UFNIA/2019-Preiner/qf/f2_rw240.smt2,SMTInterpol,True,0.45843758597038686,0.45843758597038686
UFNIA/2019-Preiner/partial/t3_rw663.smt2,SMTInterpol,True,4.498293298005592,4.498293298005592
UFNIA/2019-Preiner/partial/t3_rw831.smt2,SMTInterpol,True,2.7447552990051918,2.7447552990051918
UFNIA/2019-Preiner/full/t3_rw813.smt2,cvc5,False,1200,2400
UFNIA/2019-Zohar-ic/qf/int_check_bvuge_bvadd_ltr_no_inv.smt2,SMTInterpol,True,0.4620054460247047,0.4620054460247047
UFNIA/2019-Preiner/combined/t3_rw932.smt2,cvc5,True,0.3028175509534776,0.3028175509534776
UFNIA/2019-Zohar-ic/full/int_check_bvugt_bvurem0_ltr_no_inv.smt2,cvc5,True,0.8571978819090873,0.8571978819090873
UFNIA/2019-Preiner/partial/f2_rw191.smt2,SMTInterpol,True,0.9627748469938524,0.9627748469938524
UFNIA/2019-Preiner/qf/t3_rw583.smt2,SMTInterpol,True,0.47657329199137166,0.47657329199137166
UFNIA/2019-Preiner/full/f2_rw130.smt2,cvc5,False,1200,2400
UFNIA/sledgehammer/QEpres/z3.616288.smt2,cvc5,True,218.93684212095104,218.93684212095104
UFNIA/2019-Preiner/qf/t3_rw567.smt2,SMTInterpol,True,0.49075013503897935,0.49075013503897935
UFNIA/2019-Preiner/qf/t3_rw31.smt2,SMTInterpol,True,0.4320164430537261,0.4320164430537261
UFNIA/2019-Zohar-alive/partial/partial_AndOrXor:757_values_0.smt2,SMTInterpol,True,32.16133904596791,32.16133904596791
UFNIA/2019-Preiner/combined/t3_rw129.smt2,cvc5,True,0.2767328361514956,0.2767328361514956
UFNIA/2019-Preiner/combined/t3_rw389.smt2,cvc5,False,1200,2400
UFNIA/vcc-havoc/verisoft-baby.c.1.37.handle_pf.smt2,iProver,True,5.369645688915625,5.369645688915625
UFNIA/2019-Preiner/qf/t3_rw1253.smt2,SMTInterpol,True,0.5203379570157267,0.5203379570157267
UFNIA/2019-Preiner/combined/t3_rw886.smt2,cvc5,False,1200,2400
UFNIA/2019-Preiner/qf/f2_rw140.smt2,SMTInterpol,True,0.43898215499939397,0.43898215499939397
UFNIA/2019-Preiner/partial/t3_rw1313.smt2,SMTInterpol,True,4.7101249630213715,4.7101249630213715
UFNIA/sledgehammer/Fundamental_Theorem_Algebra/z3.1349120.smt2,cvc5,False,1200,2400
UFNIA/sledgehammer/QEpres/z3.628319.smt2,cvc5,True,210.54723316594027,210.54723316594027
UFNIA/lahiri-cav09-storm-queries/mqueue_example_3_1.smt2,cvc5,False,1200,2400
UFNIA/2019-Preiner/full/t3_rw1296.smt2,SMTInterpol,False,1200,2400
UFNIA/2019-Preiner/qf/t3_rw843.smt2,SMTInterpol,True,0.5093428309774026,0.5093428309774026
UFNIA/2019-Preiner/full/t3_rw1312.smt2,cvc5,False,1200,2400
UFNIA/2019-Preiner/qf/t3_rw1254.smt2,SMTInterpol,True,0.4838993529556319,0.4838993529556319
UFNIA/2019-Preiner/full/t3_rw753.smt2,SMTInterpol,True,0.6132943060365506,0.6132943060365506
UFNIA/2019-Preiner/combined/t3_rw1288.smt2,cvc5,False,1200,2400
UFNIA/2019-Preiner/qf/t3_rw28.smt2,SMTInterpol,True,0.4772711980040185,0.4772711980040185
UFNIA/2019-Zohar-ic/combined/int_check_bvsge_bvand_ltr_no_inv.smt2,cvc5,True,9.537672112928703,9.537672112928703
UFNIA/vcc-havoc/baby.2.29.handle_illegal.smt2,iProver,True,5.91584881208837,5.91584881208837
UFNIA/2019-Preiner/full/f2_rw423.smt2,SMTInterpol,True,0.6269545119721442,0.6269545119721442
UFNIA/2019-Preiner/combined/t3_rw736.smt2,cvc5,False,1200,2400
UFNIA/sledgehammer/Fundamental_Theorem_Algebra/z3.678834.smt2,cvc5,True,0.4667902591172606,0.4667902591172606
UFNIA/sledgehammer/TwoSquares/z3.858970.smt2,cvc5,True,0.3585335500538349,0.3585335500538349
UFNIA/2019-Preiner/full/f2_rw394.smt2,SMTInterpol,True,0.6471636099740863,0.6471636099740863
UFNIA/2019-Preiner/qf/t3_rw20.smt2,SMTInterpol,True,0.4424240550142713,0.4424240550142713
UFNIA/2019-Preiner/partial/f2_rw258.smt2,SMTInterpol,True,0.9760126530309208,0.9760126530309208
UFNIA/2019-Preiner/partial/t3_rw410.smt2,SMTInterpol,True,5.830384880013298,5.830384880013298
UFNIA/2019-Preiner/full/t3_rw1293.smt2,SMTInterpol,False,1200,2400
UFNIA/2019-Preiner/full/t3_rw216.smt2,cvc5,False,1200,2400
UFNIA/2019-Preiner/combined/f2_rw111.smt2,cvc5,True,3.8053155820816755,3.8053155820816755
UFNIA/2019-Preiner/qf/t3_rw692.smt2,SMTInterpol,True,0.49094630900071934,0.49094630900071934
UFNIA/2019-Preiner/combined/t3_rw1251.smt2,cvc5,False,1200,2400
UFNIA/2019-Preiner/combined/t3_rw97.smt2,cvc5,True,0.7719914780464023,0.7719914780464023
UFNIA/2019-Zohar-ic/partial/int_check_bvuge_bvnot_rtl.smt2,SMTInterpol,True,0.4537037970148958,0.4537037970148958
UFNIA/sledgehammer/Fundamental_Theorem_Algebra/z3.1192056.smt2,cvc5,True,0.32975576003082097,0.32975576003082097
UFNIA/2019-Preiner/full/t3_rw306.smt2,cvc5,False,1200,2400
UFNIA/2019-Preiner/qf/f2_rw360.smt2,SMTInterpol,True,0.4395681850146502,0.4395681850146502
UFNIA/2019-Preiner/combined/f2_rw295.smt2,cvc5,True,0.620155047159642,0.620155047159642
UFNIA/2019-Preiner/qf/f2_rw389.smt2,SMTInterpol,True,0.49496939597884193,0.49496939597884193
UFNIA/2019-Preiner/partial/t3_rw695.smt2,SMTInterpol,True,10.567896185966674,10.567896185966674
UFNIA/2019-Preiner/partial/t3_rw362.smt2,SMTInterpol,True,31.999902523995843,31.999902523995843
UFNIA/2019-Preiner/full/t3_rw31.smt2,cvc5,False,1200,2400
UFNIA/2019-Preiner/partial/t3_rw142.smt2,SMTInterpol,True,7.568324694992043,7.568324694992043
UFNIA/2019-Preiner/partial/t3_rw543.smt2,SMTInterpol,True,3.649773718963843,3.649773718963843
UFNIA/2019-Preiner/qf/t3_rw1215.smt2,SMTInterpol,True,0.4580636559985578,0.4580636559985578
UFNIA/sledgehammer/Hoare/z3.645682.smt2,cvc5,True,3.8558984349947423,3.8558984349947423
UFNIA/2019-Preiner/qf/t3_rw496.smt2,SMTInterpol,True,0.47847836499568075,0.47847836499568075
UFNIA/2019-Preiner/partial/f2_rw375.smt2,SMTInterpol,True,2.0811118370038457,2.0811118370038457
UFNIA/2019-Preiner/combined/t3_rw57.smt2,cvc5,True,32.68072316306643,32.68072316306643
UFNIA/sledgehammer/QEpres/z3.929682.smt2,cvc5,False,1200,2400
UFNIA/2019-Preiner/combined/t3_rw669.smt2,cvc5,False,1200,2400
UFNIA/2019-Preiner/partial/t3_rw1389.smt2,SMTInterpol,True,3.7499867220176384,3.7499867220176384
UFNIA/2019-Zohar-ic/combined/int_check_bvsgt_bvand_rtl.smt2,cvc5,True,526.1443851401564,526.1443851401564
UFNIA/2019-Preiner/full/t3_rw140.smt2,cvc5,False,1200,2400
UFNIA/2019-Preiner/qf/t3_rw247.smt2,SMTInterpol,True,0.4926422069547698,0.4926422069547698
UFNIA/2019-Preiner/combined/t3_rw1420.smt2,cvc5,False,1200,2400
UFNIA/sledgehammer/QEpres/z3.966871.smt2,cvc5,True,50.37355406093411,50.37355406093411
UFNIA/sledgehammer/TwoSquares/z3.694942.smt2,cvc5,True,30.305168207967654,30.305168207967654
UFNIA/2019-Preiner/qf/t3_rw1544.smt2,SMTInterpol,True,0.4444883090327494,0.4444883090327494
UFNIA/2019-Preiner/partial/f2_rw329.smt2,SMTInterpol,True,0.9535543949459679,0.9535543949459679
UFNIA/sledgehammer/TwoSquares/z3.676769.smt2,cvc5,False,1200,2400
UFNIA/sledgehammer/QEpres/z3.1068815.smt2,cvc5,False,1200,2400
UFNIA/2019-Zohar-ic/partial/int_check_bvsge_bvshl1_rtl.smt2,SMTInterpol,True,2.8796449219807982,2.8796449219807982
UFNIA/sledgehammer/FFT/z3.927826.smt2,cvc5,False,1200,2400
UFNIA/2019-Preiner/combined/t3_rw328.smt2,cvc5,False,1200,2400
UFNIA/2019-Zohar-ic/full/int_check_bvult_bvashr1_rtl.smt2,cvc5,False,1200,2400
UFNIA/sledgehammer/FFT/z3.1017665.smt2,cvc5,True,120.87428421387449,120.87428421387449
UFNIA/2019-Preiner/full/t3_rw51.smt2,cvc5,False,1200,2400
UFNIA/2019-Preiner/full/t3_rw975.smt2,cvc5,False,1200,2400
UFNIA/2019-Preiner/qf/t3_rw1119.smt2,SMTInterpol,True,0.4900436899624765,0.4900436899624765
UFNIA/2019-Preiner/combined/t3_rw453.smt2,cvc5,True,31.493109405972064,31.493109405972064
UFNIA/sledgehammer/Fundamental_Theorem_Algebra/z3.1201517.smt2,cvc5,True,0.4563407259993255,0.4563407259993255
UFNIA/lahiri-cav09-storm-queries/serial_write_example_2_2_4_4.smt2,cvc5,False,1200,2400
UFNIA/2019-Preiner/combined/t3_rw485.smt2,cvc5,False,1200,2400
UFNIA/2019-Preiner/combined/t3_rw1096.smt2,cvc5,False,1200,2400
UFNIA/lahiri-cav09-storm-queries/usbsamp_bug_example_2_3_4_3.smt2,cvc5,True,1006.9145814508665,1006.9145814508665
UFNIA/2019-Zohar-ic/partial/int_check_bvsle_bvashr0_ltr_inv_g.smt2,SMTInterpol,True,3.9912439599866048,3.9912439599866048
UFNIA/2019-Preiner/qf/t3_rw647.smt2,SMTInterpol,True,0.5078539780224673,0.5078539780224673
UFNIA/2019-Preiner/full/t3_rw467.smt2,cvc5,False,1200,2400
UFNIA/vcc-havoc/verisoft-baby.c.2.9.handle_pf.smt2,iProver,True,3.864400618011132,3.864400618011132
UFNIA/2019-Preiner/qf/t3_rw887.smt2,SMTInterpol,True,0.49295176804298535,0.49295176804298535
UFNIA/2019-Preiner/partial/f2_rw259.smt2,SMTInterpol,True,1.0444122350309044,1.0444122350309044
UFNIA/2019-Preiner/full/t3_rw398.smt2,cvc5,False,1200,2400
UFNIA/2019-Preiner/full/t3_rw54.smt2,cvc5,False,1200,2400
UFNIA/2019-Preiner/partial/t3_rw54.smt2,SMTInterpol,True,2.7999992680270225,2.7999992680270225
UFNIA/2019-Preiner/partial/t3_rw1431.smt2,SMTInterpol,True,6.998113150999416,6.998113150999416
UFNIA/2019-Preiner/partial/f2_rw386.smt2,SMTInterpol,True,0.8861253650393337,0.8861253650393337
UFNIA/2019-Preiner/qf/t3_rw615.smt2,SMTInterpol,True,0.43055102200014517,0.43055102200014517
UFNIA/2019-Zohar-alive/combined/combined_InstCombineShift497a_values_0.smt2,cvc5,False,1200,2400
UFNIA/2019-Preiner/combined/t3_rw1089.smt2,cvc5,False,1200,2400
UFNIA/sledgehammer/Fundamental_Theorem_Algebra/z3.1155485.smt2,cvc5,False,1200,2400
UFNIA/2019-Zohar-ic/partial/int_check_eq_bvnot_ltr_inv_g.smt2,SMTInterpol,True,0.44339686998864636,0.44339686998864636
UFNIA/2019-Zohar-alive/combined/combined_AndOrXor:988_values_0.smt2,cvc5,True,0.2309010629542172,0.2309010629542172
UFNIA/2019-Preiner/full/f2_rw225.smt2,cvc5,True,0.3143210969865322,0.3143210969865322
UFNIA/lahiri-cav09-storm-queries/mqueue_example_cegar_2_2_1.smt2,cvc5,False,1200,2400
UFNIA/2019-Preiner/full/t3_rw762.smt2,SMTInterpol,False,1200,2400
UFNIA/2019-Preiner/partial/t3_rw948.smt2,SMTInterpol,True,4.28573389997473,4.28573389997473
UFNIA/2019-Zohar-ic/qf/int_check_bvuge_bvshl1_ltr_no_inv.smt2,SMTInterpol,True,0.5253702710033394,0.5253702710033394
UFNIA/2019-Preiner/partial/t3_rw132.smt2,SMTInterpol,True,3.2303774320171215,3.2303774320171215
UFNIA/2019-Preiner/partial/t3_rw725.smt2,SMTInterpol,True,0.890582280990202,0.890582280990202
UFNIA/2019-Preiner/qf/t3_rw389.smt2,SMTInterpol,True,0.437933357025031,0.437933357025031
UFNIA/2019-Preiner/partial/f2_rw141.smt2,SMTInterpol,True,1.0111431729746982,1.0111431729746982
UFNIA/2019-Preiner/combined/t3_rw1383.smt2,cvc5,False,1200,2400
UFNIA/lahiri-cav09-storm-queries/usbsamp_bug_example_2_1_8_3.smt2,cvc5,True,1029.359123643022,1029.359123643022
UFNIA/2019-Preiner/qf/f2_rw60.smt2,SMTInterpol,True,0.4644466799800284,0.4644466799800284
UFNIA/vcc-havoc/verisoft-sim.c.1.8.untranslated_read_sim.smt2,iProver,True,6.889190994901583,6.889190994901583
UFNIA/2019-Preiner/qf/t3_rw111.smt2,SMTInterpol,True,0.4372027780045755,0.4372027780045755
UFNIA/sledgehammer/QEpres/z3.911676.smt2,cvc5,False,1200,2400
UFNIA/spec_sharp/test14-DafnyAst.ssc.61.Microsoft.Dafny.NonglobalVariable..ctor_Microsoft.Dafny.Token_notnull_System.String_notnull_Microsof.smt2,cvc5,True,1153.8620746710803,1153.8620746710803
UFNIA/2019-Preiner/qf/t3_rw63.smt2,SMTInterpol,True,0.447289154981263,0.447289154981263
UFNIA/2019-Preiner/partial/t3_rw1341.smt2,SMTInterpol,True,25.294117751007434,25.294117751007434
UFNIA/2019-Preiner/qf/t3_rw1143.smt2,SMTInterpol,True,0.47818052902584895,0.47818052902584895
UFNIA/vcc-havoc/WindowsCard.c.40.MOpPUSH.smt2,iProver,True,6.878960512112826,6.878960512112826
UFNIA/2019-Preiner/qf/f2_rw147.smt2,SMTInterpol,True,0.5108478519832715,0.5108478519832715
UFNIA/2019-Preiner/qf/t3_rw425.smt2,SMTInterpol,True,0.47592954902211204,0.47592954902211204
UFNIA/2019-Preiner/qf/t3_rw1052.smt2,SMTInterpol,True,0.4945381670258939,0.4945381670258939
UFNIA/sledgehammer/QEpres/z3.831554.smt2,cvc5,False,1200,2400
UFNIA/2019-Preiner/qf/t3_rw1172.smt2,SMTInterpol,True,0.4501659930101596,0.4501659930101596
UFNIA/vcc-havoc/baby.55.reset_guest.smt2,iProver,True,5.368714394047856,5.368714394047856
UFNIA/2019-Preiner/full/t3_rw226.smt2,cvc5,False,1200,2400
UFNIA/2019-Preiner/full/t3_rw1140.smt2,SMTInterpol,False,1200,2400
UFNIA/sledgehammer/QEpres/z3.1132671.smt2,cvc5,False,1200,2400
UFNIA/2019-Preiner/qf/t3_rw1234.smt2,SMTInterpol,True,0.4615874359733425,0.4615874359733425
UFNIA/sledgehammer/FFT/z3.1000776.smt2,cvc5,False,1200,2400
UFNIA/2019-Preiner/qf/t3_rw1342.smt2,SMTInterpol,True,0.4572641769773327,0.4572641769773327
UFNIA/2019-Preiner/partial/t3_rw366.smt2,SMTInterpol,True,1.5316379130235873,1.5316379130235873
UFNIA/2019-Zohar-ic/full/int_check_bvugt_bvashr0_rtl.smt2,cvc5,True,0.22729348484426737,0.22729348484426737
UFNIA/2019-Preiner/qf/f2_rw348.smt2,SMTInterpol,True,0.46259528101654723,0.46259528101654723
UFNIA/2019-Preiner/full/f2_rw308.smt2,cvc5,True,0.2600905860308558,0.2600905860308558
UFNIA/2019-Preiner/full/t3_rw941.smt2,cvc5,False,1200,2400
UFNIA/2019-Preiner/partial/t3_rw86.smt2,SMTInterpol,True,2.145927481993567,2.145927481993567
UFNIA/spec_sharp/test14-Microsoft.Boogie.FlowedValue.Type.48.Microsoft.Boogie.FlowedValue.Type.Join_Microsoft.Boogie.FlowedValue.Type_notnull_Microsoft.Boogie.Fl.smt2,cvc5,True,538.6974942500237,538.6974942500237
UFNIA/2019-Preiner/partial/t3_rw150.smt2,SMTInterpol,True,4.112328421033453,4.112328421033453
UFNIA/lahiri-cav09-storm-queries/usbsamp_bug_example_2_2_4_3.smt2,cvc5,True,1048.4547542110085,1048.4547542110085
UFNIA/2019-Preiner/full/t3_rw1404.smt2,SMTInterpol,False,1200,2400
UFNIA/2019-Preiner/full/t3_rw1465.smt2,cvc5,False,1200,2400
UFNIA/2019-Zohar-ic/partial/int_check_bvuge_bvshl0_ltr_no_inv.smt2,SMTInterpol,True,0.875134015979711,0.875134015979711
UFNIA/2019-Preiner/partial/t3_rw1320.smt2,SMTInterpol,True,12.041807761997916,12.041807761997916
UFNIA/2019-Preiner/qf/f2_rw239.smt2,SMTInterpol,True,0.4976511559798382,0.4976511559798382
UFNIA/2019-Preiner/qf/t3_rw211.smt2,SMTInterpol,True,0.49783593602478504,0.49783593602478504
UFNIA/2019-Preiner/combined/t3_rw1499.smt2,cvc5,False,1200,2400
UFNIA/2019-Preiner/qf/t3_rw662.smt2,SMTInterpol,True,0.45941323100123554,0.45941323100123554
UFNIA/2019-Preiner/partial/t3_rw160.smt2,SMTInterpol,True,9.092083450988866,9.092083450988866
UFNIA/2019-Zohar-ic/full/int_check_bvult_bvneg_rtl.smt2,cvc5,True,0.2253620910923928,0.2253620910923928
UFNIA/2019-Preiner/partial/t3_rw471.smt2,SMTInterpol,True,3.677080900000874,3.677080900000874
UFNIA/2019-Zohar-alive/combined/combined_AndOrXor:887-1_values_0.smt2,cvc5,True,0.25206336192786694,0.25206336192786694
UFNIA/sledgehammer/Fundamental_Theorem_Algebra/z3.1324871.smt2,cvc5,False,1200,2400
UFNIA/2019-Preiner/combined/f2_rw108.smt2,cvc5,True,0.7344198231585324,0.7344198231585324
UFNIA/2019-Preiner/combined/t3_rw1458.smt2,cvc5,False,1200,2400
UFNIA/2019-Preiner/partial/t3_rw1041.smt2,SMTInterpol,True,6.027404345979448,6.027404345979448
UFNIA/sledgehammer/Fundamental_Theorem_Algebra/z3.1154170.smt2,cvc5,False,1200,2400
UFNIA/2019-Preiner/full/t3_rw74.smt2,cvc5,False,1200,2400
UFNIA/2019-Preiner/combined/t3_rw496.smt2,cvc5,True,0.38609141716733575,0.38609141716733575
UFNIA/vcc-havoc/CWindowsCard.c.48.ExecuteInstruction.smt2,iProver,True,6.421296437969431,6.421296437969431
UFNIA/2019-Preiner/partial/t3_rw285.smt2,SMTInterpol,True,9.795571313996334,9.795571313996334
UFNIA/2019-Preiner/partial/t3_rw1565.smt2,SMTInterpol,True,3.468432647001464,3.468432647001464
UFNIA/2019-Preiner/qf/t3_rw535.smt2,SMTInterpol,True,0.4720297760213725,0.4720297760213725
UFNIA/2019-Preiner/full/t3_rw1497.smt2,SMTInterpol,False,1200,2400
UFNIA/2019-Preiner/combined/t3_rw686.smt2,cvc5,True,0.24243527301587164,0.24243527301587164
UFNIA/2019-Zohar-ic/combined/int_check_ne_bvor_ltr_inv_g.smt2,cvc5,False,1200,2400
UFNIA/2019-Preiner/combined/t3_rw885.smt2,cvc5,False,1200,2400
UFNIA/2019-Zohar-ic/full/int_check_bvule_bvudiv0_ltr_inv_g.smt2,cvc5,False,1200,2400
UFNIA/spec_sharp/test14-Microsoft.Boogie.FlowedValue.Type.28.Microsoft.Boogie.FlowedValue.Type.Boogie.ContractConsistencyCheck.get_IsAddrOf.smt2,cvc5,True,0.8818933959119022,0.8818933959119022
UFNIA/2019-Preiner/partial/f2_rw21.smt2,SMTInterpol,True,3.277385368011892,3.277385368011892
UFNIA/2019-Preiner/full/t3_rw23.smt2,cvc5,False,1200,2400
UFNIA/2019-Zohar-ic/qf/int_check_bvule_bvshl0_ltr_no_inv.smt2,SMTInterpol,True,0.49370864499360323,0.49370864499360323
UFNIA/2019-Preiner/qf/t3_rw103.smt2,SMTInterpol,True,0.4555696669849567,0.4555696669849567
UFNIA/sledgehammer/QEpres/z3.740020.smt2,cvc5,False,1200,2400
UFNIA/sledgehammer/QEpres/z3.921752.smt2,cvc5,False,1200,2400
UFNIA/sledgehammer/TwoSquares/z3.855663.smt2,SMTInterpol,False,1200,2400
UFNIA/lahiri-cav09-storm-queries/mqueue_example_2_3_6_4.smt2,cvc5,True,46.58388851210475,46.58388851210475
UFNIA/2019-Preiner/combined/t3_rw1319.smt2,cvc5,False,1200,2400
UFNIA/2019-Preiner/qf/t3_rw1057.smt2,SMTInterpol,True,0.47668802295811474,0.47668802295811474
UFNIA/2019-Preiner/qf/t3_rw412.smt2,SMTInterpol,True,0.44918477797182277,0.44918477797182277
UFNIA/2019-Preiner/qf/t3_rw715.smt2,SMTInterpol,True,0.4809270759578794,0.4809270759578794
UFNIA/2019-Preiner/combined/f2_rw85.smt2,cvc5,True,0.2464136229828,0.2464136229828
UFNIA/2019-Preiner/full/t3_rw313.smt2,SMTInterpol,True,2.3597209099680185,2.3597209099680185
UFNIA/2019-Preiner/partial/t3_rw847.smt2,SMTInterpol,True,2.87518887699116,2.87518887699116
UFNIA/sledgehammer/Fundamental_Theorem_Algebra/z3.1381416.smt2,cvc5,False,1200,2400
UFNIA/2019-Preiner/full/f2_rw175.smt2,cvc5,True,361.8785249341745,361.8785249341745
UFNIA/2019-Preiner/qf/t3_rw601.smt2,SMTInterpol,True,0.4811697950353846,0.4811697950353846
UFNIA/2019-Zohar-ic/full/int_check_bvult_bvlshr1_rtl.smt2,cvc5,True,0.2445857881102711,0.2445857881102711
UFNIA/2019-Preiner/full/t3_rw347.smt2,cvc5,False,1200,2400
UFNIA/sledgehammer/FFT/z3.734455.smt2,cvc5,False,1200,2400
UFNIA/2019-Preiner/qf/t3_rw705.smt2,SMTInterpol,True,0.44736064097378403,0.44736064097378403
UFNIA/2019-Preiner/qf/t3_rw763.smt2,SMTInterpol,True,0.49434048001421615,0.49434048001421615
UFNIA/2019-Preiner/qf/t3_rw502.smt2,SMTInterpol,True,0.4481539779808372,0.4481539779808372
UFNIA/2019-Preiner/qf/t3_rw1020.smt2,SMTInterpol,True,0.4849372450262308,0.4849372450262308
UFNIA/2019-Preiner/partial/f2_rw167.smt2,SMTInterpol,True,1.1479779270011932,1.1479779270011932
UFNIA/2019-Preiner/partial/t3_rw1094.smt2,SMTInterpol,True,3.9317868610378355,3.9317868610378355
UFNIA/sledgehammer/Fundamental_Theorem_Algebra/z3.746257.smt2,SMTInterpol,False,1200,2400
UFNIA/2019-Preiner/combined/t3_rw470.smt2,cvc5,True,3.947404138976708,3.947404138976708
UFNIA/2019-Preiner/partial/f2_rw313.smt2,SMTInterpol,True,3.713735561002977,3.713735561002977
UFNIA/2019-Preiner/partial/f2_rw42.smt2,SMTInterpol,True,1.3360734669840895,1.3360734669840895
UFNIA/vcc-havoc/WindowsCard.c.21.OpLDA.smt2,iProver,True,5.393281599972397,5.393281599972397
UFNIA/2019-Preiner/combined/t3_rw1126.smt2,cvc5,True,31.197346380911767,31.197346380911767
UFNIA/2019-Preiner/combined/t3_rw979.smt2,cvc5,True,0.7159659650642425,0.7159659650642425
UFNIA/sledgehammer/Fundamental_Theorem_Algebra/z3.1121873.smt2,cvc5,True,0.40057121706195176,0.40057121706195176
UFNIA/2019-Preiner/combined/t3_rw709.smt2,cvc5,False,1200,2400
UFNIA/2019-Preiner/qf/t3_rw1193.smt2,SMTInterpol,True,0.43344543396960944,0.43344543396960944
UFNIA/2019-Preiner/combined/t3_rw598.smt2,cvc5,False,1200,2400
UFNIA/2019-Preiner/full/t3_rw1153.smt2,SMTInterpol,True,3.2967526379507035,3.2967526379507035
UFNIA/2019-Zohar-ic/partial/int_check_ne_bvurem1_ltr_inv_g.smt2,SMTInterpol,True,0.559938955004327,0.559938955004327
UFNIA/2019-Preiner/combined/f2_rw271.smt2,cvc5,True,0.2637522900477052,0.2637522900477052
UFNIA/2019-Preiner/partial/t3_rw123.smt2,SMTInterpol,True,3.035166221030522,3.035166221030522
UFNIA/2019-Preiner/partial/t3_rw128.smt2,SMTInterpol,True,1.0236555190058425,1.0236555190058425
UFNIA/2019-Preiner/qf/t3_rw802.smt2,SMTInterpol,True,0.4769461340038106,0.4769461340038106
UFNIA/2019-Preiner/full/t3_rw900.smt2,cvc5,False,1200,2400
UFNIA/2019-Zohar-ic/partial/int_check_bvuge_bvlshr1_ltr_no_inv.smt2,SMTInterpol,True,2.1042362679727376,2.1042362679727376
UFNIA/2019-Preiner/full/t3_rw844.smt2,cvc5,False,1200,2400
UFNIA/2019-Preiner/partial/t3_rw176.smt2,SMTInterpol,True,35.553783537994605,35.553783537994605
UFNIA/2019-Zohar-ic/combined/int_check_bvsgt_bvlshr0_ltr_inv_g.smt2,cvc5,True,0.2381977499462664,0.2381977499462664
UFNIA/2019-Preiner/combined/t3_rw1113.smt2,cvc5,True,3.88087246613577,3.88087246613577
UFNIA/2019-Preiner/full/t3_rw281.smt2,cvc5,False,1200,2400
UFNIA/2019-Preiner/full/f2_rw367.smt2,cvc5,False,1200,2400
UFNIA/2019-Zohar-ic/partial/int_check_ne_bvlshr1_ltr_no_inv.smt2,SMTInterpol,True,2.4174793739803135,2.4174793739803135
UFNIA/2019-Preiner/combined/t3_rw558.smt2,cvc5,True,0.6448351349681616,0.6448351349681616
UFNIA/2019-Preiner/partial/t3_rw578.smt2,SMTInterpol,True,12.623279115010519,12.623279115010519
UFNIA/2019-Preiner/qf/f2_rw280.smt2,SMTInterpol,True,0.4666175580350682,0.4666175580350682
UFNIA/2019-Preiner/combined/f2_rw420.smt2,cvc5,True,0.25173855503089726,0.25173855503089726
UFNIA/2019-Preiner/combined/t3_rw1103.smt2,cvc5,True,227.2801174710039,227.2801174710039
UFNIA/2019-Preiner/qf/f2_rw283.smt2,SMTInterpol,True,0.5021869919728488,0.5021869919728488
UFNIA/2019-Preiner/full/t3_rw708.smt2,SMTInterpol,False,1200,2400
UFNIA/2019-Preiner/full/f2_rw410.smt2,SMTInterpol,True,0.6454572700313292,0.6454572700313292
UFNIA/2019-Preiner/partial/t3_rw1076.smt2,SMTInterpol,True,4.157931991969235,4.157931991969235
UFNIA/2019-Preiner/qf/t3_rw1260.smt2,SMTInterpol,True,0.4819563560304232,0.4819563560304232
UFNIA/2019-Preiner/full/f2_rw297.smt2,SMTInterpol,True,2.356075822026469,2.356075822026469
UFNIA/2019-Preiner/partial/f2_rw134.smt2,SMTInterpol,True,3.37647682800889,3.37647682800889
UFNIA/sledgehammer/TwoSquares/z3.612162.smt2,cvc5,True,0.23652297887019813,0.23652297887019813
UFNIA/spec_sharp/test14-DafnyAst.ssc.67.Microsoft.Dafny.BoundVar..ctor_Microsoft.Dafny.Token_notnull_System.String_notnull_Microsoft.Dafny.T.smt2,cvc5,True,4.2756643139291555,4.2756643139291555
UFNIA/2019-Preiner/full/t3_rw1137.smt2,SMTInterpol,False,1200,2400
UFNIA/2019-Preiner/full/f2_rw44.smt2,cvc5,False,1200,2400
UFNIA/2019-Preiner/combined/t3_rw338.smt2,cvc5,True,0.5894075129181147,0.5894075129181147
UFNIA/2019-Preiner/combined/t3_rw985.smt2,cvc5,True,0.39242931897751987,0.39242931897751987
UFNIA/2019-Preiner/full/t3_rw862.smt2,cvc5,False,1200,2400
UFNIA/2019-Preiner/combined/f2_rw75.smt2,cvc5,True,0.32810292299836874,0.32810292299836874
UFNIA/2019-Preiner/full/t3_rw1364.smt2,SMTInterpol,False,1200,2400
UFNIA/2019-Zohar-ic/full/int_check_bvule_bvshl0_ltr_inv_g.smt2,cvc5,True,0.2522462939377874,0.2522462939377874
UFNIA/2019-Preiner/full/f2_rw384.smt2,cvc5,True,0.2495717080309987,0.2495717080309987
UFNIA/2019-Preiner/qf/t3_rw1271.smt2,SMTInterpol,True,0.42404377000639215,0.42404377000639215
UFNIA/vcc-havoc/vccp-queue.c.5.make_queue.smt2,cvc5,True,31.849753324175254,31.849753324175254
UFNIA/sledgehammer/FFT/z3.1006248.smt2,cvc5,False,1200,2400
UFNIA/2019-Zohar-ic/combined/int_check_bvsle_bvmul_ltr_no_inv.smt2,cvc5,False,1200,2400
UFNIA/2019-Preiner/full/t3_rw1276.smt2,SMTInterpol,True,7.844505201966967,7.844505201966967
UFNIA/2019-Preiner/qf/f2_rw64.smt2,SMTInterpol,True,0.4282041050028056,0.4282041050028056
UFNIA/2019-Preiner/partial/t3_rw678.smt2,SMTInterpol,True,5.151301139965653,5.151301139965653
UFNIA/2019-Preiner/combined/f2_rw275.smt2,cvc5,False,1200,2400
UFNIA/2019-Preiner/partial/t3_rw53.smt2,SMTInterpol,True,3.6129142669960856,3.6129142669960856
UFNIA/2019-Zohar-alive/full/full_Select:740_values_0.smt2,SMTInterpol,False,1200,2400
UFNIA/2019-Preiner/partial/f2_rw255.smt2,SMTInterpol,True,1.2568291389616206,1.2568291389616206
UFNIA/2019-Preiner/partial/t3_rw1220.smt2,SMTInterpol,True,12.16998111596331,12.16998111596331
UFNIA/2019-Preiner/partial/t3_rw1304.smt2,SMTInterpol,True,8.047000088030472,8.047000088030472
UFNIA/2019-Preiner/partial/t3_rw1127.smt2,SMTInterpol,True,4.34372968703974,4.34372968703974
UFNIA/sledgehammer/Fundamental_Theorem_Algebra/z3.986673.smt2,SMTInterpol,False,1200,2400
UFNIA/2019-Preiner/partial/t3_rw61.smt2,SMTInterpol,True,3.8177950349636376,3.8177950349636376
UFNIA/2019-Zohar-ic/full/int_check_bvult_bvashr0_ltr_inv_g.smt2,cvc5,False,1200,2400
UFNIA/spec_sharp/test14-Xml.ssc.8.Microsoft.Boogie.XmlSink.WriteError_System.String_notnull_Microsoft.Boogie.IToken_notnull_Microsoft..smt2,cvc5,False,1200,2400
UFNIA/2019-Zohar-alive/combined/combined_Select:510_values_0.smt2,cvc5,True,61.98004879592918,61.98004879592918
UFNIA/2019-Preiner/combined/t3_rw156.smt2,cvc5,False,1200,2400
UFNIA/lahiri-cav09-storm-queries/daytona_example_2_3_4_4.smt2,cvc5,True,29.81132951611653,29.81132951611653
UFNIA/2019-Zohar-ic/combined/int_check_bvule_bvshl1_ltr_no_inv.smt2,cvc5,True,1.903545046923682,1.903545046923682
UFNIA/2019-Preiner/combined/t3_rw1294.smt2,cvc5,False,1200,2400
UFNIA/2019-Preiner/full/t3_rw362.smt2,cvc5,True,0.3216245120856911,0.3216245120856911
UFNIA/2019-Preiner/qf/t3_rw740.smt2,SMTInterpol,True,0.4922497179941274,0.4922497179941274
UFNIA/2019-Preiner/qf/t3_rw1502.smt2,SMTInterpol,True,0.518948056967929,0.518948056967929
UFNIA/2019-Preiner/combined/t3_rw710.smt2,cvc5,False,1200,2400
UFNIA/2019-Preiner/combined/t3_rw770.smt2,cvc5,True,0.5453002289868891,0.5453002289868891
UFNIA/2019-Preiner/partial/t3_rw216.smt2,SMTInterpol,True,4.418795147037599,4.418795147037599
UFNIA/2019-Preiner/combined/t3_rw1495.smt2,cvc5,False,1200,2400
UFNIA/2019-Zohar-alive/full/full_AndOrXor:922_values_0.smt2,SMTInterpol,True,0.5424203689908609,0.5424203689908609
UFNIA/2019-Preiner/qf/t3_rw400.smt2,SMTInterpol,True,0.43331820401363075,0.43331820401363075
UFNIA/spec_sharp/test14-CommandLineOptions.ssc.16.Microsoft.Boogie.CommandLineOptions.Boogie.ContractConsistencyCheck.get_Version.smt2,cvc5,True,9.478822847828269,9.478822847828269
UFNIA/2019-Preiner/partial/t3_rw481.smt2,SMTInterpol,True,9.852974596025888,9.852974596025888
UFNIA/2019-Zohar-ic/qf/int_check_ne_bvnot_ltr_no_inv.smt2,SMTInterpol,True,0.4440351409721188,0.4440351409721188
UFNIA/sledgehammer/FFT/z3.813666.smt2,cvc5,False,1200,2400
UFNIA/2019-Preiner/full/t3_rw1127.smt2,SMTInterpol,False,1200,2400
UFNIA/2019-Preiner/combined/f2_rw201.smt2,cvc5,True,0.29078658600337803,0.29078658600337803
UFNIA/2019-Preiner/combined/f2_rw363.smt2,cvc5,True,0.4062320829834789,0.4062320829834789
UFNIA/2019-Zohar-ic/combined/int_check_bvsgt_bvshl1_rtl.smt2,cvc5,False,1200,2400
UFNIA/2019-Preiner/combined/t3_rw369.smt2,cvc5,True,1.095410554902628,1.095410554902628
UFNIA/2019-Zohar-ic/combined/int_check_bvsgt_bvurem0_ltr_inv_g.smt2,cvc5,True,30.530817069113255,30.530817069113255
UFNIA/2019-Preiner/full/t3_rw1300.smt2,cvc5,False,1200,2400
UFNIA/2019-Preiner/partial/t3_rw1492.smt2,SMTInterpol,True,2.7192458999925293,2.7192458999925293
UFNIA/2019-Preiner/partial/f2_rw110.smt2,SMTInterpol,True,1.1779980639694259,1.1779980639694259
UFNIA/2019-Preiner/full/t3_rw185.smt2,cvc5,False,1200,2400
UFNIA/2019-Preiner/combined/f2_rw103.smt2,cvc5,True,0.3354613829869777,0.3354613829869777
UFNIA/2019-Preiner/combined/t3_rw1122.smt2,cvc5,False,1200,2400
UFNIA/2019-Preiner/combined/t3_rw1148.smt2,cvc5,False,1200,2400
UFNIA/2019-Zohar-ic/combined/int_check_bvuge_bvlshr0_ltr_inv_g.smt2,cvc5,False,1200,2400
UFNIA/2019-Preiner/qf/t3_rw453.smt2,SMTInterpol,True,0.49643045297125354,0.49643045297125354
UFNIA/2019-Preiner/combined/t3_rw1414.smt2,cvc5,False,1200,2400
UFNIA/2019-Preiner/partial/t3_rw703.smt2,SMTInterpol,True,5.672700872994028,5.672700872994028
UFNIA/2019-Preiner/full/t3_rw372.smt2,cvc5,False,1200,2400
UFNIA/sledgehammer/Fundamental_Theorem_Algebra/z3.1311475.smt2,cvc5,False,1200,2400
UFNIA/spec_sharp/test14-DafnyAst.ssc.89.Microsoft.Dafny.VarDecl.get_IsMutable.smt2,cvc5,True,0.6509737730957568,0.6509737730957568
UFNIA/2019-Preiner/combined/t3_rw181.smt2,cvc5,True,1.7527247180696577,1.7527247180696577
UFNIA/2019-Zohar-ic/partial/int_check_bvsle_bvudiv0_ltr_inv_g.smt2,SMTInterpol,True,2.354201784997713,2.354201784997713
UFNIA/2019-Preiner/partial/t3_rw538.smt2,SMTInterpol,True,1.649923452991061,1.649923452991061
UFNIA/2019-Preiner/full/t3_rw555.smt2,cvc5,False,1200,2400
UFNIA/2019-Zohar-ic/combined/int_check_eq_bvneg_ltr_no_inv.smt2,cvc5,True,0.31505376496352255,0.31505376496352255
UFNIA/2019-Preiner/partial/f2_rw360.smt2,SMTInterpol,True,2.894540543027688,2.894540543027688
UFNIA/2019-Zohar-alive/partial/partial_AndOrXor:994_values_0.smt2,SMTInterpol,True,2.3651856729993597,2.3651856729993597
UFNIA/2019-Preiner/full/t3_rw613.smt2,cvc5,False,1200,2400
UFNIA/2019-Preiner/partial/t3_rw1245.smt2,SMTInterpol,True,7.081256201956421,7.081256201956421
UFNIA/2019-Zohar-alive/partial/partial_AndOrXor:2264_values_0.smt2,SMTInterpol,True,3.0836309400037862,3.0836309400037862
UFNIA/2019-Zohar-alive/combined/combined_AndOrXor:2607_values_0.smt2,cvc5,False,1200,2400
UFNIA/2019-Preiner/qf/t3_rw1350.smt2,SMTInterpol,True,0.44946388102835044,0.44946388102835044
UFNIA/2019-Preiner/qf/t3_rw272.smt2,SMTInterpol,True,0.44485709600849077,0.44485709600849077
UFNIA/2019-Preiner/partial/f2_rw91.smt2,SMTInterpol,True,0.9483038780163042,0.9483038780163042
UFNIA/vcc-havoc/verisoft-sim.c.1.29.translated_read_sim.smt2,iProver,True,4.890829372219741,4.890829372219741
UFNIA/2019-Zohar-ic/full/int_check_bvult_bvneg_ltr_no_inv.smt2,cvc5,True,0.6535114489961416,0.6535114489961416
UFNIA/2019-Preiner/partial/t3_rw137.smt2,SMTInterpol,True,35.04097153496696,35.04097153496696
UFNIA/2019-Preiner/partial/t3_rw1490.smt2,SMTInterpol,True,2.0163400569581427,2.0163400569581427
UFNIA/2019-Preiner/full/t3_rw268.smt2,cvc5,False,1200,2400
UFNIA/2019-Preiner/partial/f2_rw430.smt2,SMTInterpol,True,2.7242909420165233,2.7242909420165233
UFNIA/sledgehammer/Fundamental_Theorem_Algebra/z3.1201892.smt2,cvc5,True,0.31915755313821137,0.31915755313821137
UFNIA/2019-Zohar-alive/combined/combined_AndOrXor:270_values_0.smt2,cvc5,True,0.8578839600086212,0.8578839600086212
UFNIA/2019-Zohar-ic/qf/int_check_ne_bvmul_ltr_no_inv.smt2,SMTInterpol,True,0.47330617799889296,0.47330617799889296
UFNIA/sledgehammer/Fundamental_Theorem_Algebra/z3.1308426.smt2,cvc5,False,1200,2400
UFNIA/2019-Preiner/full/t3_rw314.smt2,cvc5,False,1200,2400
UFNIA/2019-Preiner/qf/t3_rw1433.smt2,SMTInterpol,True,0.49797574599506333,0.49797574599506333
UFNIA/2019-Preiner/combined/t3_rw127.smt2,cvc5,True,0.31170993810519576,0.31170993810519576
UFNIA/2019-Preiner/partial/t3_rw619.smt2,SMTInterpol,True,6.78072414197959,6.78072414197959
UFNIA/2019-Preiner/qf/t3_rw1327.smt2,SMTInterpol,True,0.5112417210475542,0.5112417210475542
UFNIA/2019-Preiner/full/t3_rw1118.smt2,SMTInterpol,False,1200,2400
UFNIA/2019-Zohar-alive/partial/partial_AndOrXor:2008_values_0.smt2,SMTInterpol,True,5.712773538019974,5.712773538019974
UFNIA/2019-Preiner/full/t3_rw1391.smt2,SMTInterpol,False,1200,2400
UFNIA/2019-Zohar-ic/partial/int_check_ne_bvshl1_ltr_no_inv.smt2,SMTInterpol,True,2.044872524042148,2.044872524042148
UFNIA/vcc-havoc/verisoft-sim.c.2.6.untranslated_read_sim.smt2,iProver,True,5.91897898982279,5.91897898982279
UFNIA/2019-Preiner/partial/t3_rw1329.smt2,SMTInterpol,True,2.789426688977983,2.789426688977983
UFNIA/sledgehammer/QEpres/z3.938039.smt2,cvc5,False,1200,2400
UFNIA/2019-Preiner/full/t3_rw1562.smt2,SMTInterpol,False,1200,2400
UFNIA/2019-Preiner/combined/t3_rw267.smt2,cvc5,True,0.7961899491492659,0.7961899491492659
UFNIA/2019-Preiner/full/t3_rw1241.smt2,cvc5,True,0.27762892097234726,0.27762892097234726
UFNIA/sledgehammer/FFT/z3.741909.smt2,cvc5,False,1200,2400
UFNIA/2019-Preiner/qf/t3_rw225.smt2,SMTInterpol,True,0.4347124299965799,0.4347124299965799
UFNIA/2019-Preiner/qf/t3_rw1525.smt2,SMTInterpol,True,0.47790954099036753,0.47790954099036753
UFNIA/2019-Preiner/combined/t3_rw1228.smt2,cvc5,False,1200,2400
UFNIA/2019-Zohar-ic/combined/int_check_ne_bvlshr1_ltr_no_inv.smt2,cvc5,True,0.809380266116932,0.809380266116932
UFNIA/spec_sharp/test14-CommandLineOptions.ssc.28.Microsoft.Boogie.CommandLineOptions.UserWantsToTranslateRoutine_System.Compiler.Method_notnull_Syste.smt2,cvc5,False,1200,2400
UFNIA/2019-Preiner/qf/t3_rw1297.smt2,SMTInterpol,True,0.4720636769779958,0.4720636769779958
UFNIA/2019-Preiner/full/f2_rw188.smt2,cvc5,True,0.24819730105809867,0.24819730105809867
UFNIA/2019-Preiner/combined/t3_rw764.smt2,cvc5,True,0.5282174430321902,0.5282174430321902
UFNIA/2019-Zohar-ic/full/int_check_bvugt_bvnot_ltr_no_inv.smt2,cvc5,True,0.2274740389548242,0.2274740389548242
UFNIA/2019-Zohar-alive/partial/partial_AndOrXor:827_values_0.smt2,SMTInterpol,True,1.174668689025566,1.174668689025566
UFNIA/2019-Preiner/qf/t3_rw1337.smt2,SMTInterpol,True,0.5464095660136081,0.5464095660136081
UFNIA/2019-Zohar-ic/full/int_check_bvsge_bvand_ltr_no_inv.smt2,cvc5,False,1200,2400
UFNIA/2019-Zohar-ic/combined/int_check_bvugt_bvurem0_rtl.smt2,cvc5,True,0.2904865890741348,0.2904865890741348
UFNIA/sledgehammer/Fundamental_Theorem_Algebra/z3.1311888.smt2,cvc5,True,542.2542392828036,542.2542392828036
UFNIA/lahiri-cav09-storm-queries/mqueue_example_cegar_2_3_6.smt2,cvc5,False,1200,2400
UFNIA/2019-Preiner/qf/f2_rw370.smt2,SMTInterpol,True,0.4520839090109803,0.4520839090109803
UFNIA/2019-Preiner/partial/f2_rw349.smt2,SMTInterpol,True,3.1733317309990525,3.1733317309990525
UFNIA/2019-Zohar-alive/combined/combined_AddSub:1164_values_0.smt2,cvc5,True,0.4389330539852381,0.4389330539852381
UFNIA/2019-Preiner/partial/t3_rw423.smt2,SMTInterpol,True,5.46448758803308,5.46448758803308
UFNIA/2019-Preiner/combined/t3_rw1165.smt2,cvc5,True,2.9253382629249245,2.9253382629249245
UFNIA/2019-Preiner/full/t3_rw472.smt2,SMTInterpol,False,1200,2400
UFNIA/2019-Preiner/combined/f2_rw182.smt2,cvc5,True,0.5186702371574938,0.5186702371574938
UFNIA/2019-Preiner/full/t3_rw66.smt2,cvc5,False,1200,2400
UFNIA/2019-Preiner/partial/t3_rw735.smt2,SMTInterpol,True,13.866055178979877,13.866055178979877
UFNIA/2019-Preiner/combined/t3_rw501.smt2,cvc5,True,0.409348068991676,0.409348068991676
UFNIA/2019-Preiner/combined/t3_rw1127.smt2,cvc5,True,215.10412395815365,215.10412395815365
UFNIA/2019-Preiner/combined/t3_rw1528.smt2,cvc5,True,22.55212563998066,22.55212563998066
UFNIA/2019-Preiner/full/t3_rw416.smt2,cvc5,False,1200,2400
UFNIA/2019-Zohar-ic/full/int_check_bvslt_bvudiv1_rtl.smt2,cvc5,True,0.786704848986119,0.786704848986119
UFNIA/2019-Zohar-ic/qf/int_check_bvslt_bvudiv1_ltr_no_inv.smt2,SMTInterpol,True,0.557002479035873,0.557002479035873
UFNIA/sledgehammer/TwoSquares/z3.887178.smt2,cvc5,True,30.25211235997267,30.25211235997267
UFNIA/2019-Preiner/qf/t3_rw188.smt2,SMTInterpol,True,0.46598152100341395,0.46598152100341395
UFNIA/2019-Zohar-ic/combined/int_check_eq_bvor_rtl.smt2,cvc5,False,1200,2400
UFNIA/2019-Preiner/qf/t3_rw653.smt2,SMTInterpol,True,0.48543555196374655,0.48543555196374655
UFNIA/2019-Preiner/combined/t3_rw1468.smt2,cvc5,True,21.692417764104903,21.692417764104903
UFNIA/2019-Preiner/qf/t3_rw1116.smt2,SMTInterpol,True,0.5795609970227815,0.5795609970227815
UFNIA/2019-Zohar-ic/partial/int_check_ne_bvshl1_ltr_inv_g.smt2,SMTInterpol,True,1.318496206018608,1.318496206018608
UFNIA/2019-Preiner/combined/t3_rw988.smt2,cvc5,True,0.6064698798581958,0.6064698798581958
UFNIA/2019-Preiner/combined/t3_rw688.smt2,cvc5,True,0.2291887649334967,0.2291887649334967
UFNIA/2019-Preiner/combined/t3_rw246.smt2,cvc5,True,2.2162883901037276,2.2162883901037276
UFNIA/2019-Preiner/partial/t3_rw721.smt2,SMTInterpol,True,9.097508922975976,9.097508922975976
UFNIA/2019-Zohar-alive/partial/partial_AndOrXor:2429_values_0.smt2,SMTInterpol,True,7.468000966007821,7.468000966007821
UFNIA/2019-Preiner/full/t3_rw1394.smt2,SMTInterpol,False,1200,2400
UFNIA/2019-Preiner/combined/f2_rw312.smt2,cvc5,True,0.2575344240758568,0.2575344240758568
UFNIA/sledgehammer/TwoSquares/z3.797946.smt2,cvc5,False,1200,2400
UFNIA/2019-Preiner/full/t3_rw869.smt2,SMTInterpol,True,0.682904536020942,0.682904536020942
UFNIA/2019-Zohar-ic/combined/int_check_bvule_bvnot_rtl.smt2,cvc5,True,0.22517391992732882,0.22517391992732882
UFNIA/2019-Preiner/qf/f2_rw252.smt2,SMTInterpol,True,0.5242108919774182,0.5242108919774182
UFNIA/2019-Preiner/combined/t3_rw1428.smt2,cvc5,False,1200,2400
UFNIA/2019-Zohar-ic/partial/int_check_bvsge_bvashr0_rtl.smt2,SMTInterpol,True,2.4252663049846888,2.4252663049846888
UFNIA/2019-Preiner/qf/t3_rw1489.smt2,SMTInterpol,True,0.48080129199661314,0.48080129199661314
UFNIA/2019-Preiner/combined/t3_rw976.smt2,cvc5,True,0.4899437699932605,0.4899437699932605
UFNIA/sledgehammer/TwoSquares/z3.795236.smt2,cvc5,False,1200,2400
UFNIA/2019-Zohar-alive/combined/combined_AndOrXor:2515_values_0.smt2,cvc5,False,1200,2400
UFNIA/spec_sharp/test14-CommandLineOptions.ssc.14.Microsoft.Boogie.CommandLineOptions.Boogie.ContractConsistencyCheck.get_ToolName.smt2,cvc5,True,8.947441379074007,8.947441379074007
UFNIA/2019-Preiner/partial/t3_rw243.smt2,SMTInterpol,True,3.2572444119723514,3.2572444119723514
UFNIA/2019-Preiner/full/t3_rw1317.smt2,cvc5,False,1200,2400
UFNIA/2019-Preiner/full/f2_rw62.smt2,cvc5,True,0.27614989993162453,0.27614989993162453
UFNIA/2019-Zohar-ic/combined/int_check_bvuge_bvand_ltr_no_inv.smt2,cvc5,True,30.257082177093253,30.257082177093253
UFNIA/2019-Preiner/partial/f2_rw394.smt2,SMTInterpol,True,0.9765604620333761,0.9765604620333761
UFNIA/2019-Preiner/full/t3_rw769.smt2,SMTInterpol,False,1200,2400
UFNIA/2019-Preiner/qf/t3_rw1372.smt2,SMTInterpol,True,0.4696587389917113,0.4696587389917113
UFNIA/2019-Zohar-ic/partial/int_check_bvsge_bvnot_rtl.smt2,SMTInterpol,True,0.5109250650275499,0.5109250650275499
UFNIA/2019-Preiner/qf/t3_rw878.smt2,SMTInterpol,True,0.4812498829996912,0.4812498829996912
UFNIA/2019-Preiner/full/t3_rw466.smt2,cvc5,False,1200,2400
UFNIA/sledgehammer/QEpres/z3.681752.smt2,cvc5,False,1200,2400
UFNIA/2019-Preiner/qf/t3_rw1527.smt2,SMTInterpol,True,0.502920120023191,0.502920120023191
UFNIA/2019-Preiner/partial/t3_rw830.smt2,SMTInterpol,True,3.3424183379975148,3.3424183379975148
UFNIA/2019-Preiner/partial/t3_rw1099.smt2,SMTInterpol,True,4.442370172997471,4.442370172997471
UFNIA/2019-Preiner/partial/f2_rw62.smt2,SMTInterpol,True,3.6732191289775074,3.6732191289775074
UFNIA/2019-Preiner/partial/f2_rw159.smt2,SMTInterpol,True,3.1614161399775185,3.1614161399775185
UFNIA/2019-Preiner/combined/t3_rw1309.smt2,cvc5,False,1200,2400
UFNIA/lahiri-cav09-storm-queries/mqueue_example_cegar_2_1_7.smt2,cvc5,False,1200,2400
UFNIA/2019-Preiner/partial/t3_rw1055.smt2,SMTInterpol,True,6.752775076951366,6.752775076951366
UFNIA/sledgehammer/Fundamental_Theorem_Algebra/z3.954972.smt2,SMTInterpol,False,1200,2400
UFNIA/2019-Preiner/partial/t3_rw1410.smt2,SMTInterpol,True,3.079664949036669,3.079664949036669
UFNIA/2019-Preiner/combined/t3_rw472.smt2,cvc5,False,1200,2400
UFNIA/2019-Preiner/combined/t3_rw1265.smt2,cvc5,False,1200,2400
UFNIA/2019-Preiner/full/t3_rw91.smt2,cvc5,True,0.8050361399073154,0.8050361399073154
UFNIA/2019-Preiner/combined/t3_rw332.smt2,cvc5,True,0.30792055604979396,0.30792055604979396
UFNIA/2019-Zohar-alive/full/full_AddSub:1539-2_values_0.smt2,SMTInterpol,True,0.49533172498922795,0.49533172498922795
UFNIA/2019-Preiner/combined/t3_rw1217.smt2,cvc5,False,1200,2400
UFNIA/2019-Preiner/partial/t3_rw331.smt2,SMTInterpol,True,4.172632293018978,4.172632293018978
UFNIA/2019-Preiner/combined/f2_rw424.smt2,cvc5,True,0.22745424299500883,0.22745424299500883
UFNIA/2019-Preiner/qf/f2_rw233.smt2,SMTInterpol,True,0.5153389539918862,0.5153389539918862
UFNIA/2019-Preiner/combined/f2_rw382.smt2,cvc5,True,0.23042018502019346,0.23042018502019346
UFNIA/2019-Preiner/full/t3_rw451.smt2,cvc5,False,1200,2400
UFNIA/sledgehammer/Fundamental_Theorem_Algebra/z3.643483.smt2,cvc5,False,1200,2400
UFNIA/2019-Preiner/partial/t3_rw456.smt2,SMTInterpol,True,3.818846345995553,3.818846345995553
UFNIA/sledgehammer/FFT/z3.1026417.smt2,cvc5,False,1200,2400
UFNIA/2019-Preiner/partial/t3_rw959.smt2,SMTInterpol,True,10.452756244980264,10.452756244980264
UFNIA/2019-Preiner/combined/t3_rw499.smt2,cvc5,True,0.3187421590555459,0.3187421590555459
UFNIA/sledgehammer/QEpres/z3.882247.smt2,cvc5,False,1200,2400
UFNIA/2019-Preiner/partial/t3_rw35.smt2,SMTInterpol,True,31.68154964700807,31.68154964700807
UFNIA/sledgehammer/Fundamental_Theorem_Algebra/z3.578534.smt2,cvc5,True,1.0258174720220268,1.0258174720220268
UFNIA/2019-Preiner/partial/t3_rw672.smt2,SMTInterpol,True,9.54056713503087,9.54056713503087
UFNIA/2019-Zohar-alive/partial/partial_AddSub:1599_values_0.smt2,SMTInterpol,True,2.2369352700188756,2.2369352700188756
UFNIA/2019-Preiner/partial/t3_rw269.smt2,SMTInterpol,True,3.9400852950057015,3.9400852950057015
UFNIA/2019-Preiner/combined/t3_rw14.smt2,cvc5,True,0.4816339439712465,0.4816339439712465
UFNIA/lahiri-cav09-storm-queries/mqueue_example_5_1.smt2,cvc5,False,1200,2400
UFNIA/2019-Preiner/partial/t3_rw1096.smt2,SMTInterpol,True,15.565088364994153,15.565088364994153
UFNIA/sledgehammer/QEpres/z3.1039880.smt2,cvc5,False,1200,2400
UFNIA/2019-Preiner/full/t3_rw1560.smt2,SMTInterpol,False,1200,2400
UFNIA/2019-Zohar-ic/partial/int_check_eq_bvudiv1_ltr_no_inv.smt2,SMTInterpol,True,1.3584327760036103,1.3584327760036103
UFNIA/2019-Preiner/full/t3_rw1341.smt2,SMTInterpol,False,1200,2400
UFNIA/2019-Preiner/partial/t3_rw1275.smt2,SMTInterpol,True,2.6409488710341975,2.6409488710341975
UFNIA/2019-Zohar-ic/combined/int_check_bvsge_bvnot_rtl.smt2,cvc5,True,0.23287409218028188,0.23287409218028188
UFNIA/2019-Preiner/full/t3_rw978.smt2,cvc5,False,1200,2400
UFNIA/2019-Preiner/combined/t3_rw1449.smt2,cvc5,False,1200,2400
UFNIA/2019-Preiner/full/t3_rw1173.smt2,cvc5,False,1200,2400
UFNIA/2019-Preiner/combined/t3_rw128.smt2,cvc5,True,0.4206663731019944,0.4206663731019944
UFNIA/2019-Zohar-alive/partial/partial_AndOrXor:937_values_0.smt2,SMTInterpol,True,2.49440746702021,2.49440746702021
UFNIA/2019-Preiner/combined/t3_rw1476.smt2,cvc5,False,1200,2400
UFNIA/2019-Preiner/qf/f2_rw186.smt2,SMTInterpol,True,0.48118505702586845,0.48118505702586845
UFNIA/2019-Zohar-ic/combined/int_check_eq_bvashr0_ltr_no_inv.smt2,cvc5,False,1200,2400
UFNIA/2019-Preiner/full/t3_rw798.smt2,SMTInterpol,True,864.4787989100441,864.4787989100441
UFNIA/2019-Preiner/partial/t3_rw588.smt2,SMTInterpol,True,4.722373773984145,4.722373773984145
UFNIA/vcc-havoc/havoc-bench_005.1.main.smt2,cvc5,True,0.27184070087969303,0.27184070087969303
UFNIA/2019-Preiner/partial/t3_rw497.smt2,SMTInterpol,True,4.154589349986054,4.154589349986054
UFNIA/2019-Zohar-ic/full/int_check_eq_bvnot_rtl.smt2,SMTInterpol,True,0.4532853929558769,0.4532853929558769
UFNIA/2019-Preiner/combined/t3_rw89.smt2,cvc5,True,0.4138847030699253,0.4138847030699253
UFNIA/spec_sharp/test14-Xml.ssc.14.Microsoft.Boogie.XmlSink.WriteContractParaAssignment_System.String_notnull_System.String.smt2,cvc5,False,1200,2400
UFNIA/2019-Preiner/partial/t3_rw186.smt2,SMTInterpol,True,15.760924517002422,15.760924517002422
UFNIA/2019-Zohar-ic/full/int_check_bvult_bvurem1_ltr_inv_g.smt2,cvc5,True,0.23039556411094964,0.23039556411094964
UFNIA/2019-Preiner/partial/t3_rw1322.smt2,SMTInterpol,True,3.0440273209824227,3.0440273209824227
UFNIA/2019-Preiner/combined/f2_rw175.smt2,cvc5,True,0.26466679899021983,0.26466679899021983
UFNIA/spec_sharp/textbook-CountQuantifier.dll.3.ArrayCount.Count.smt2,cvc5,True,0.9640827409457415,0.9640827409457415
UFNIA/2019-Preiner/full/t3_rw910.smt2,cvc5,False,1200,2400
UFNIA/2019-Zohar-ic/full/int_check_bvuge_bvor_rtl.smt2,SMTInterpol,True,0.4440939270425588,0.4440939270425588
UFNIA/2019-Zohar-ic/combined/int_check_bvult_bvudiv0_ltr_no_inv.smt2,cvc5,True,0.23492818512022495,0.23492818512022495
UFNIA/2019-Preiner/combined/t3_rw712.smt2,cvc5,False,1200,2400
UFNIA/2019-Zohar-alive/partial/partial_AndOrXor:716_values_0.smt2,SMTInterpol,True,9.413812848040834,9.413812848040834
UFNIA/2019-Preiner/full/t3_rw387.smt2,cvc5,False,1200,2400
UFNIA/2019-Preiner/qf/t3_rw1154.smt2,SMTInterpol,True,0.45714515598956496,0.45714515598956496
UFNIA/sledgehammer/Fundamental_Theorem_Algebra/z3.1431775.smt2,cvc5,False,1200,2400
UFNIA/2019-Preiner/qf/t3_rw1552.smt2,SMTInterpol,True,0.4908337959786877,0.4908337959786877
UFNIA/sledgehammer/FFT/z3.962491.smt2,cvc5,False,1200,2400
UFNIA/2019-Preiner/qf/t3_rw384.smt2,SMTInterpol,True,0.44737532699946314,0.44737532699946314
UFNIA/2019-Preiner/full/t3_rw1011.smt2,cvc5,False,1200,2400
UFNIA/2019-Preiner/qf/t3_rw661.smt2,SMTInterpol,True,0.48600012599490583,0.48600012599490583
UFNIA/2019-Preiner/qf/t3_rw154.smt2,SMTInterpol,True,0.5109583979938179,0.5109583979938179
UFNIA/sledgehammer/Fundamental_Theorem_Algebra/z3.1239694.smt2,cvc5,False,1200,2400
UFNIA/2019-Preiner/qf/f2_rw287.smt2,SMTInterpol,True,0.4479597440222278,0.4479597440222278
UFNIA/2019-Preiner/combined/t3_rw657.smt2,cvc5,False,1200,2400
UFNIA/2019-Preiner/full/t3_rw1415.smt2,cvc5,False,1200,2400
UFNIA/2019-Preiner/partial/t3_rw1575.smt2,SMTInterpol,True,9.369044173974544,9.369044173974544
UFNIA/2019-Preiner/full/t3_rw956.smt2,cvc5,False,1200,2400
UFNIA/2019-Zohar-ic/combined/int_check_bvsle_bvudiv1_rtl.smt2,cvc5,True,0.9670083608943969,0.9670083608943969
UFNIA/2019-Preiner/combined/t3_rw870.smt2,cvc5,True,0.23016437701880932,0.23016437701880932
UFNIA/2019-Preiner/partial/t3_rw749.smt2,SMTInterpol,True,0.9562175969476812,0.9562175969476812
UFNIA/vcc-havoc/vccp-queue.c.8.transfer.smt2,cvc5,True,37.44837642204948,37.44837642204948
UFNIA/2019-Preiner/combined/t3_rw909.smt2,cvc5,True,0.2952645509503782,0.2952645509503782
UFNIA/2019-Preiner/partial/t3_rw682.smt2,SMTInterpol,True,0.9473149859695695,0.9473149859695695
UFNIA/2019-Preiner/full/t3_rw199.smt2,SMTInterpol,False,1200,2400
UFNIA/2019-Zohar-ic/full/int_check_ne_bvashr0_rtl.smt2,cvc5,True,0.25392370112240314,0.25392370112240314
UFNIA/2019-Preiner/full/t3_rw568.smt2,SMTInterpol,True,14.356137555034366,14.356137555034366
UFNIA/sledgehammer/TwoSquares/z3.615666.smt2,cvc5,False,1200,2400
UFNIA/2019-Preiner/combined/t3_rw205.smt2,cvc5,True,1.869143137941137,1.869143137941137
UFNIA/vcc-havoc/CWindowsCard.c.5.inv.smt2,iProver,True,5.397084144875407,5.397084144875407
UFNIA/2019-Zohar-ic/full/int_check_eq_bvmul_rtl.smt2,cvc5,False,1200,2400
UFNIA/2019-Preiner/combined/f2_rw199.smt2,cvc5,True,0.25776883494108915,0.25776883494108915
UFNIA/2019-Preiner/qf/t3_rw205.smt2,SMTInterpol,True,0.4654310939949937,0.4654310939949937
UFNIA/2019-Preiner/combined/t3_rw1098.smt2,cvc5,False,1200,2400
UFNIA/2019-Preiner/partial/t3_rw1369.smt2,SMTInterpol,True,3.466595400997903,3.466595400997903
UFNIA/2019-Preiner/partial/t3_rw1292.smt2,SMTInterpol,True,6.03673886298202,6.03673886298202
UFNIA/vcc-havoc/verisoft-baby.c.60.handle_movi2s.smt2,iProver,True,5.86926116514951,5.86926116514951
UFNIA/2019-Preiner/combined/f2_rw49.smt2,cvc5,True,0.40386746102012694,0.40386746102012694
UFNIA/2019-Zohar-ic/combined/int_check_bvsle_bvor_ltr_no_inv.smt2,cvc5,True,2.7567018328700215,2.7567018328700215
UFNIA/2019-Preiner/qf/f2_rw196.smt2,SMTInterpol,True,0.454153086990118,0.454153086990118
UFNIA/2019-Zohar-ic/partial/int_check_bvsle_bvnot_rtl.smt2,SMTInterpol,True,0.46368261094903573,0.46368261094903573
UFNIA/2019-Preiner/qf/t3_rw735.smt2,SMTInterpol,True,0.4585321189952083,0.4585321189952083
UFNIA/sledgehammer/QEpres/z3.841389.smt2,cvc5,False,1200,2400
UFNIA/2019-Zohar-ic/partial/int_check_bvult_bvlshr1_rtl.smt2,SMTInterpol,True,0.5755948249716312,0.5755948249716312
UFNIA/spec_sharp/specsharp-WindowsCard.18.RTE.OpArith_System.Int32_System.Int32_System.Int32.smt2,cvc5,True,7.453733297996223,7.453733297996223
UFNIA/2019-Zohar-ic/combined/int_check_bvule_bvor_rtl.smt2,cvc5,True,0.24031044216826558,0.24031044216826558
UFNIA/2019-Zohar-ic/combined/int_check_eq_bvshl0_rtl.smt2,cvc5,False,1200,2400
UFNIA/2019-Zohar-ic/combined/int_check_bvult_bvadd_ltr_no_inv.smt2,cvc5,True,390.4389591931831,390.4389591931831
UFNIA/2019-Preiner/combined/t3_rw451.smt2,cvc5,True,2.9602726618759334,2.9602726618759334
UFNIA/2019-Zohar-ic/qf/int_check_bvuge_bvlshr0_ltr_no_inv.smt2,SMTInterpol,True,0.5576206899713725,0.5576206899713725
UFNIA/2019-Preiner/partial/t3_rw348.smt2,SMTInterpol,True,4.160414056037553,4.160414056037553
UFNIA/2019-Preiner/combined/t3_rw1242.smt2,cvc5,True,0.3807525730226189,0.3807525730226189
UFNIA/vcc-havoc/havoc-bench_006.1.main.smt2,cvc5,True,0.30887794005684555,0.30887794005684555
UFNIA/sledgehammer/QEpres/z3.845469.smt2,cvc5,False,1200,2400
UFNIA/2019-Preiner/partial/t3_rw1266.smt2,SMTInterpol,True,2.082958458981011,2.082958458981011
UFNIA/2019-Preiner/qf/f2_rw80.smt2,SMTInterpol,True,0.4270065249875188,0.4270065249875188
UFNIA/2019-Preiner/qf/t3_rw859.smt2,SMTInterpol,True,0.48156191600719467,0.48156191600719467
UFNIA/2019-Preiner/full/t3_rw697.smt2,cvc5,False,1200,2400
UFNIA/2019-Preiner/qf/t3_rw381.smt2,SMTInterpol,True,0.4410962399560958,0.4410962399560958
UFNIA/2019-Zohar-ic/partial/int_check_bvule_bvashr1_ltr_no_inv.smt2,SMTInterpol,True,4.242235981975682,4.242235981975682
UFNIA/vcc-havoc/verisoft-sim.c.2.52.translated_read_sim.smt2,iProver,True,4.925260920077562,4.925260920077562
UFNIA/2019-Preiner/full/t3_rw887.smt2,SMTInterpol,False,1200,2400
UFNIA/2019-Preiner/combined/t3_rw24.smt2,cvc5,False,1200,2400
UFNIA/2019-Preiner/partial/t3_rw1343.smt2,SMTInterpol,True,7.92861007101601,7.92861007101601
UFNIA/2019-Preiner/combined/t3_rw995.smt2,cvc5,True,0.42477354500442743,0.42477354500442743
UFNIA/sledgehammer/FFT/z3.887822.smt2,cvc5,True,0.39177018706686795,0.39177018706686795
UFNIA/2019-Preiner/combined/t3_rw1356.smt2,cvc5,False,1200,2400
UFNIA/2019-Preiner/partial/t3_rw634.smt2,SMTInterpol,True,3.6530129769816995,3.6530129769816995
UFNIA/vcc-havoc/vccp-queue.c.10.main1.smt2,cvc5,True,30.44559974782169,30.44559974782169
UFNIA/2019-Zohar-ic/qf/int_check_bvugt_bvudiv1_ltr_no_inv.smt2,SMTInterpol,True,0.5133059479994699,0.5133059479994699
UFNIA/2019-Preiner/combined/f2_rw191.smt2,cvc5,True,0.23375321505591273,0.23375321505591273
UFNIA/2019-Zohar-ic/combined/int_check_bvult_bvmul_rtl.smt2,cvc5,True,0.22756145801395178,0.22756145801395178
UFNIA/2019-Preiner/combined/t3_rw761.smt2,cvc5,False,1200,2400
UFNIA/2019-Zohar-ic/full/int_check_ne_bvashr0_ltr_inv_g.smt2,cvc5,False,1200,2400
UFNIA/2019-Zohar-alive/full/full_Select:637_values_0.smt2,SMTInterpol,True,0.5700986229931004,0.5700986229931004
UFNIA/lahiri-cav09-storm-queries/usbsamp_bug_example_2_2_4_1.smt2,cvc5,False,1200,2400
UFNIA/2019-Preiner/partial/f2_rw132.smt2,SMTInterpol,True,1.537253288028296,1.537253288028296
UFNIA/2019-Preiner/combined/t3_rw19.smt2,cvc5,True,0.25613806303590536,0.25613806303590536
UFNIA/2019-Preiner/qf/t3_rw324.smt2,SMTInterpol,True,0.5175373739912175,0.5175373739912175
UFNIA/2019-Preiner/full/t3_rw1500.smt2,SMTInterpol,False,1200,2400
UFNIA/2019-Preiner/combined/t3_rw651.smt2,cvc5,False,1200,2400
UFNIA/2019-Preiner/qf/f2_rw192.smt2,SMTInterpol,True,0.4979470950202085,0.4979470950202085
UFNIA/2019-Preiner/qf/t3_rw1182.smt2,SMTInterpol,True,0.4512919560074806,0.4512919560074806
UFNIA/sledgehammer/Fundamental_Theorem_Algebra/z3.1293245.smt2,cvc5,True,138.99754293286242,138.99754293286242
UFNIA/lahiri-cav09-storm-queries/usbsamp_bug_example_2_2_2_0.smt2,cvc5,False,1200,2400
UFNIA/2019-Preiner/combined/t3_rw923.smt2,cvc5,True,30.848746259929612,30.848746259929612
UFNIA/2019-Preiner/partial/f2_rw286.smt2,SMTInterpol,True,26.456466368981637,26.456466368981637
UFNIA/2019-Preiner/combined/t3_rw1215.smt2,cvc5,False,1200,2400
UFNIA/2019-Preiner/full/t3_rw285.smt2,cvc5,False,1200,2400
UFNIA/2019-Preiner/full/t3_rw487.smt2,SMTInterpol,False,1200,2400
UFNIA/2019-Preiner/partial/t3_rw855.smt2,SMTInterpol,True,6.056021736992989,6.056021736992989
UFNIA/2019-Preiner/combined/t3_rw1197.smt2,cvc5,False,1200,2400
UFNIA/2019-Zohar-ic/full/int_check_bvult_bvudiv1_rtl.smt2,cvc5,False,1200,2400
UFNIA/2019-Preiner/partial/t3_rw652.smt2,SMTInterpol,True,3.8944666640018113,3.8944666640018113
UFNIA/2019-Preiner/combined/t3_rw471.smt2,cvc5,True,426.13272966607474,426.13272966607474
UFNIA/2019-Preiner/partial/t3_rw912.smt2,SMTInterpol,True,1.8340315980021842,1.8340315980021842
UFNIA/2019-Preiner/full/t3_rw746.smt2,SMTInterpol,True,2.087386110040825,2.087386110040825
UFNIA/2019-Zohar-alive/partial/partial_AndOrXor:1870_values_0.smt2,SMTInterpol,True,0.7199255989980884,0.7199255989980884
UFNIA/2019-Preiner/combined/t3_rw393.smt2,cvc5,False,1200,2400
UFNIA/2019-Preiner/qf/t3_rw1500.smt2,SMTInterpol,True,0.5132860590238124,0.5132860590238124
UFNIA/2019-Zohar-alive/full/full_AndOrXor:151_values_0.smt2,SMTInterpol,False,1200,2400
UFNIA/2019-Preiner/full/t3_rw350.smt2,SMTInterpol,False,1200,2400
UFNIA/2019-Preiner/qf/t3_rw266.smt2,SMTInterpol,True,0.43770904798293486,0.43770904798293486
UFNIA/lahiri-cav09-storm-queries/usbsamp_example_2_1_4_1.smt2,cvc5,True,1032.9739760491066,1032.9739760491066
UFNIA/2019-Preiner/partial/t3_rw628.smt2,SMTInterpol,True,3.199859415006358,3.199859415006358
UFNIA/2019-Preiner/qf/f2_rw297.smt2,SMTInterpol,True,0.4507785519817844,0.4507785519817844
UFNIA/2019-Preiner/partial/t3_rw1571.smt2,SMTInterpol,True,2.2580034229904413,2.2580034229904413
UFNIA/2019-Preiner/combined/f2_rw263.smt2,cvc5,True,0.36095018684864044,0.36095018684864044
UFNIA/sledgehammer/TwoSquares/z3.733224.smt2,cvc5,True,0.31321442290209234,0.31321442290209234
UFNIA/2019-Preiner/full/t3_rw1414.smt2,cvc5,False,1200,2400
UFNIA/spec_sharp/textbook-Queue.dll.1.IntQueue.SpecSharp.CheckInvariant_System.Boolean.smt2,cvc5,True,0.32463831291534007,0.32463831291534007
UFNIA/2019-Preiner/qf/t3_rw1301.smt2,SMTInterpol,True,0.5050903270021081,0.5050903270021081
UFNIA/2019-Preiner/partial/t3_rw728.smt2,SMTInterpol,True,0.9485411120112985,0.9485411120112985
UFNIA/sledgehammer/FFT/z3.721706.smt2,cvc5,False,1200,2400
UFNIA/lahiri-cav09-storm-queries/serial_read_example_2_1_6_3.smt2,cvc5,True,1096.8008508977946,1096.8008508977946
UFNIA/sledgehammer/Fundamental_Theorem_Algebra/z3.1058819.smt2,cvc5,False,1200,2400
UFNIA/2019-Preiner/partial/t3_rw1373.smt2,SMTInterpol,True,2.324093780014664,2.324093780014664
UFNIA/sledgehammer/Fundamental_Theorem_Algebra/z3.1345996.smt2,cvc5,False,1200,2400
UFNIA/2019-Preiner/combined/t3_rw141.smt2,cvc5,False,1200,2400
UFNIA/sledgehammer/QEpres/z3.1155837.smt2,cvc5,False,1200,2400
UFNIA/2019-Preiner/full/t3_rw1090.smt2,SMTInterpol,False,1200,2400
UFNIA/sledgehammer/FFT/z3.653016.smt2,cvc5,False,1200,2400
UFNIA/2019-Preiner/combined/t3_rw478.smt2,cvc5,False,1200,2400
UFNIA/2019-Preiner/combined/t3_rw610.smt2,cvc5,True,0.24289063410833478,0.24289063410833478
UFNIA/2019-Zohar-ic/combined/int_check_bvult_bvlshr0_rtl.smt2,cvc5,True,0.2304370200727135,0.2304370200727135
UFNIA/lahiri-cav09-storm-queries/usbsamp_example_2_1_4_4.smt2,cvc5,True,1029.574843927985,1029.574843927985
UFNIA/2019-Preiner/full/t3_rw1040.smt2,SMTInterpol,True,2.3150771819637157,2.3150771819637157
UFNIA/2019-Preiner/partial/f2_rw260.smt2,SMTInterpol,True,0.9717505550361238,0.9717505550361238
UFNIA/2019-Preiner/combined/f2_rw414.smt2,cvc5,True,0.27517459099180996,0.27517459099180996
UFNIA/sledgehammer/Fundamental_Theorem_Algebra/z3.1369461.smt2,cvc5,False,1200,2400
UFNIA/spec_sharp/textbook-Fibonacci.dll.1.Fibonacci.Main.smt2,cvc5,True,1.5362916921731085,1.5362916921731085
UFNIA/lahiri-cav09-storm-queries/mqueue_example_2_1_2_1.smt2,cvc5,True,448.60718552791514,448.60718552791514
UFNIA/2019-Preiner/combined/t3_rw402.smt2,cvc5,False,1200,2400
UFNIA/2019-Preiner/partial/t3_rw947.smt2,SMTInterpol,True,2.9142700640368275,2.9142700640368275
UFNIA/2019-Preiner/full/t3_rw1094.smt2,SMTInterpol,False,1200,2400
UFNIA/2019-Preiner/full/t3_rw1071.smt2,SMTInterpol,True,2.4807062500040047,2.4807062500040047
UFNIA/vcc-havoc/WindowsCard.c.42.MOpPOP.smt2,iProver,True,6.879756103036925,6.879756103036925
UFNIA/2019-Preiner/full/t3_rw1165.smt2,SMTInterpol,False,1200,2400
UFNIA/2019-Preiner/qf/t3_rw1059.smt2,SMTInterpol,True,0.5014283010386862,0.5014283010386862
UFNIA/2019-Preiner/qf/t3_rw666.smt2,SMTInterpol,True,0.48200813797302544,0.48200813797302544
UFNIA/2019-Preiner/partial/t3_rw1317.smt2,SMTInterpol,True,2.9710752040264197,2.9710752040264197
UFNIA/2019-Zohar-alive/partial/partial_AddSub:1202_values_0.smt2,SMTInterpol,True,3.755681178008672,3.755681178008672
UFNIA/2019-Preiner/full/f2_rw260.smt2,cvc5,False,1200,2400
UFNIA/sledgehammer/Fundamental_Theorem_Algebra/z3.1132754.smt2,cvc5,False,1200,2400
UFNIA/2019-Preiner/partial/t3_rw603.smt2,SMTInterpol,True,3.9130820609861985,3.9130820609861985
UFNIA/2019-Preiner/combined/f2_rw52.smt2,cvc5,False,1200,2400
UFNIA/2019-Preiner/partial/t3_rw542.smt2,SMTInterpol,True,4.133934104000218,4.133934104000218
UFNIA/2019-Preiner/partial/t3_rw1463.smt2,SMTInterpol,True,2.1332167939981446,2.1332167939981446
UFNIA/2019-Preiner/combined/t3_rw718.smt2,cvc5,False,1200,2400
UFNIA/2019-Preiner/combined/t3_rw1462.smt2,cvc5,False,1200,2400
UFNIA/2019-Preiner/combined/t3_rw1210.smt2,cvc5,False,1200,2400
UFNIA/2019-Preiner/partial/t3_rw1342.smt2,SMTInterpol,True,2.4066659520030953,2.4066659520030953
UFNIA/2019-Preiner/full/t3_rw1550.smt2,SMTInterpol,False,1200,2400
UFNIA/2019-Zohar-ic/combined/int_check_bvuge_bvmul_rtl.smt2,cvc5,False,1200,2400
UFNIA/2019-Preiner/full/t3_rw1030.smt2,SMTInterpol,True,2.4032433380489238,2.4032433380489238
UFNIA/spec_sharp/test14-CommandLineOptions.ssc.3.Microsoft.Boogie.CommandLineOptions.AiFlags..ctor.smt2,cvc5,False,1200,2400
UFNIA/2019-Preiner/partial/f2_rw304.smt2,SMTInterpol,True,1.7309151759836823,1.7309151759836823
UFNIA/sledgehammer/QEpres/z3.1057957.smt2,cvc5,True,0.37634559092111886,0.37634559092111886
UFNIA/2019-Zohar-alive/full/full_AndOrXor:2123_values_0.smt2,SMTInterpol,True,133.02682067500427,133.02682067500427
UFNIA/2019-Preiner/full/f2_rw206.smt2,cvc5,False,1200,2400
UFNIA/2019-Preiner/partial/t3_rw1372.smt2,SMTInterpol,True,23.371307338005863,23.371307338005863
UFNIA/2019-Preiner/qf/t3_rw581.smt2,SMTInterpol,True,0.4953920990228653,0.4953920990228653
UFNIA/2019-Preiner/combined/t3_rw1114.smt2,cvc5,True,35.17025901400484,35.17025901400484
UFNIA/2019-Preiner/combined/t3_rw438.smt2,cvc5,True,30.376084516057745,30.376084516057745
UFNIA/2019-Preiner/full/t3_rw309.smt2,cvc5,True,0.2565101438667625,0.2565101438667625
UFNIA/2019-Preiner/qf/t3_rw783.smt2,SMTInterpol,True,0.4699695379822515,0.4699695379822515
UFNIA/20190909-CLEARSY/0023/00302.smt2,SMTInterpol,False,1200,2400
UFNIA/sledgehammer/TwoSquares/z3.766459.smt2,cvc5,False,1200,2400
UFNIA/2019-Zohar-ic/combined/int_check_bvule_bvlshr0_ltr_inv_g.smt2,cvc5,True,0.2716198000125587,0.2716198000125587
UFNIA/2019-Preiner/partial/t3_rw1500.smt2,SMTInterpol,True,2.860540889960248,2.860540889960248
UFNIA/2019-Preiner/full/t3_rw444.smt2,cvc5,False,1200,2400
UFNIA/2019-Preiner/qf/t3_rw1141.smt2,SMTInterpol,True,0.5386034330003895,0.5386034330003895
UFNIA/sledgehammer/Fundamental_Theorem_Algebra/z3.1152276.smt2,cvc5,False,1200,2400
UFNIA/2019-Preiner/partial/t3_rw564.smt2,SMTInterpol,True,3.969300960947294,3.969300960947294
UFNIA/2019-Preiner/qf/f2_rw106.smt2,SMTInterpol,True,0.48968595697078854,0.48968595697078854
UFNIA/2019-Preiner/full/t3_rw1191.smt2,cvc5,False,1200,2400
UFNIA/2019-Preiner/partial/f2_rw336.smt2,SMTInterpol,True,0.9022161420434713,0.9022161420434713
UFNIA/2019-Preiner/full/t3_rw476.smt2,cvc5,False,1200,2400
UFNIA/2019-Preiner/qf/t3_rw1039.smt2,SMTInterpol,True,0.4965270640095696,0.4965270640095696
UFNIA/2019-Preiner/full/t3_rw459.smt2,cvc5,False,1200,2400
UFNIA/spec_sharp/test14-DafnyAst.ssc.83.Microsoft.Dafny.AssignStmt..ctor_Microsoft.Dafny.Token_notnull_Microsoft.Dafny.Expression_notnull_Mi.smt2,cvc5,True,1183.7870352559257,1183.7870352559257
UFNIA/2019-Preiner/full/t3_rw1007.smt2,cvc5,False,1200,2400
UFNIA/2019-Preiner/qf/t3_rw1087.smt2,SMTInterpol,True,0.5057169760111719,0.5057169760111719
UFNIA/2019-Preiner/combined/t3_rw664.smt2,cvc5,False,1200,2400
UFNIA/2019-Preiner/full/f2_rw99.smt2,cvc5,False,1200,2400
UFNIA/lahiri-cav09-storm-queries/usbsamp_example_2_2_4_2.smt2,cvc5,True,1044.0920423211064,1044.0920423211064
UFNIA/2019-Preiner/partial/f2_rw194.smt2,SMTInterpol,True,16.284036285011098,16.284036285011098
UFNIA/2019-Zohar-ic/partial/int_check_bvuge_bvor_ltr_no_inv.smt2,SMTInterpol,True,1.0169214750058018,1.0169214750058018
UFNIA/2019-Preiner/full/t3_rw468.smt2,cvc5,False,1200,2400
UFNIA/2019-Zohar-ic/full/int_check_bvuge_bvshl0_rtl.smt2,cvc5,False,1200,2400
UFNIA/spec_sharp/test14-DafnyAst.ssc.78.Microsoft.Dafny.DeterminedAssignmentRhs..ctor.smt2,cvc5,True,3.5665215991903096,3.5665215991903096
UFNIA/2019-Zohar-ic/combined/int_check_bvsle_bvlshr0_ltr_inv_g.smt2,cvc5,True,0.2427732499781996,0.2427732499781996
UFNIA/vcc-havoc/baby.57.handle_reset.smt2,iProver,True,4.912288479041308,4.912288479041308
UFNIA/2019-Preiner/combined/t3_rw52.smt2,cvc5,True,0.617723535047844,0.617723535047844
UFNIA/2019-Preiner/combined/f2_rw218.smt2,cvc5,True,0.4598184800706804,0.4598184800706804
UFNIA/2019-Preiner/qf/t3_rw648.smt2,SMTInterpol,True,0.5332390510011464,0.5332390510011464
UFNIA/vcc-havoc/baby.50.save_guest.smt2,iProver,True,4.935963662108406,4.935963662108406
UFNIA/2019-Zohar-alive/full/full_Select:641_values_0.smt2,SMTInterpol,True,0.5390577059588395,0.5390577059588395
UFNIA/sledgehammer/Fundamental_Theorem_Algebra/z3.1199989.smt2,cvc5,True,0.3204580449964851,0.3204580449964851
UFNIA/2019-Preiner/full/t3_rw850.smt2,cvc5,False,1200,2400
UFNIA/2019-Preiner/qf/t3_rw1277.smt2,SMTInterpol,True,0.520763872016687,0.520763872016687
UFNIA/2019-Preiner/partial/t3_rw986.smt2,SMTInterpol,True,4.613660426985007,4.613660426985007
UFNIA/sledgehammer/TwoSquares/z3.595566.smt2,SMTInterpol,False,1200,2400
UFNIA/vcc-havoc/verisoft-baby.c.67.reset_guest.smt2,iProver,True,4.359172041993588,4.359172041993588
UFNIA/sledgehammer/Fundamental_Theorem_Algebra/z3.1492612.smt2,cvc5,True,0.3424196739215404,0.3424196739215404
UFNIA/sledgehammer/QEpres/z3.892122.smt2,cvc5,False,1200,2400
UFNIA/spec_sharp/test14-DafnyAst.ssc.48.Microsoft.Dafny.OperationTypeProxy..ctor_System.Boolean.smt2,cvc5,True,7.880581317003816,7.880581317003816
UFNIA/2019-Preiner/qf/f2_rw427.smt2,SMTInterpol,True,0.49140070797875524,0.49140070797875524
UFNIA/2019-Preiner/partial/t3_rw1045.smt2,SMTInterpol,True,3.6603602780378424,3.6603602780378424
UFNIA/2019-Preiner/combined/t3_rw1016.smt2,cvc5,False,1200,2400
UFNIA/2019-Zohar-ic/combined/int_check_bvsge_bvashr0_ltr_no_inv.smt2,cvc5,True,460.06556462100707,460.06556462100707
UFNIA/sledgehammer/TwoSquares/z3.788291.smt2,SMTInterpol,True,1.8925484779756516,1.8925484779756516
UFNIA/sledgehammer/Fundamental_Theorem_Algebra/z3.1250308.smt2,cvc5,False,1200,2400
UFNIA/sledgehammer/Fundamental_Theorem_Algebra/z3.1457338.smt2,cvc5,False,1200,2400
UFNIA/2019-Preiner/full/t3_rw960.smt2,cvc5,False,1200,2400
UFNIA/2019-Zohar-ic/partial/int_check_ne_bvshl1_rtl.smt2,SMTInterpol,True,1.2932173840235919,1.2932173840235919
UFNIA/2019-Zohar-ic/combined/int_check_bvuge_bvurem1_rtl.smt2,cvc5,True,30.361373508814722,30.361373508814722
UFNIA/2019-Preiner/partial/t3_rw235.smt2,SMTInterpol,True,3.223433331993874,3.223433331993874
UFNIA/2019-Preiner/combined/t3_rw928.smt2,cvc5,True,0.2764470870606601,0.2764470870606601
UFNIA/2019-Preiner/qf/t3_rw1232.smt2,SMTInterpol,True,0.4661416219896637,0.4661416219896637
UFNIA/sledgehammer/Fundamental_Theorem_Algebra/z3.1436360.smt2,cvc5,True,34.54966398677789,34.54966398677789
UFNIA/2019-Preiner/qf/t3_rw721.smt2,SMTInterpol,True,0.4495958019979298,0.4495958019979298
UFNIA/2019-Zohar-ic/partial/int_check_bvuge_bvashr1_ltr_no_inv.smt2,SMTInterpol,True,3.8980291170300916,3.8980291170300916
UFNIA/2019-Zohar-ic/combined/int_check_bvsgt_bvashr1_ltr_inv_g.smt2,cvc5,True,43.99585398193449,43.99585398193449
UFNIA/2019-Preiner/partial/t3_rw565.smt2,SMTInterpol,True,4.429531525995117,4.429531525995117
UFNIA/2019-Preiner/qf/t3_rw310.smt2,SMTInterpol,True,0.46596741199027747,0.46596741199027747
UFNIA/2019-Zohar-alive/partial/partial_AndOrXor:280_values_3.smt2,SMTInterpol,True,4.2408903609612025,4.2408903609612025
UFNIA/2019-Preiner/full/f2_rw202.smt2,cvc5,True,390.3399932910688,390.3399932910688
UFNIA/sledgehammer/QEpres/z3.731063.smt2,cvc5,False,1200,2400
UFNIA/2019-Zohar-ic/partial/int_check_bvule_bvand_ltr_no_inv.smt2,SMTInterpol,True,0.7742034120019525,0.7742034120019525
UFNIA/2019-Preiner/combined/t3_rw726.smt2,cvc5,True,0.24306636513210833,0.24306636513210833
UFNIA/2019-Preiner/combined/t3_rw104.smt2,cvc5,True,0.41803807695396245,0.41803807695396245
UFNIA/2019-Preiner/qf/t3_rw1145.smt2,SMTInterpol,True,0.44895171601092443,0.44895171601092443
UFNIA/2019-Preiner/partial/t3_rw245.smt2,SMTInterpol,True,3.0952809479786083,3.0952809479786083
UFNIA/2019-Preiner/combined/f2_rw153.smt2,cvc5,True,0.24341625720262527,0.24341625720262527
UFNIA/2019-Zohar-ic/full/int_check_bvuge_bvlshr1_ltr_inv_g.smt2,cvc5,True,0.2923448048532009,0.2923448048532009
UFNIA/2019-Preiner/partial/t3_rw1407.smt2,SMTInterpol,True,2.4374778229976073,2.4374778229976073
UFNIA/vcc-havoc/havoc-bench_sm_001.7.baz4.smt2,cvc5,True,0.43087445897981524,0.43087445897981524
UFNIA/2019-Preiner/combined/t3_rw1104.smt2,cvc5,True,30.9993280521594,30.9993280521594
UFNIA/2019-Zohar-ic/partial/int_check_ne_bvudiv0_ltr_no_inv.smt2,SMTInterpol,True,1.3297923840000294,1.3297923840000294
UFNIA/sledgehammer/Fundamental_Theorem_Algebra/z3.758639.smt2,cvc5,True,0.3350495998747647,0.3350495998747647
UFNIA/2019-Zohar-alive/full/full_AndOrXor:1900_values_0.smt2,SMTInterpol,True,0.5195521129644476,0.5195521129644476
UFNIA/2019-Zohar-alive/partial/partial_Select:719_values_0.smt2,SMTInterpol,True,0.7616563739720732,0.7616563739720732
UFNIA/2019-Preiner/partial/t3_rw681.smt2,SMTInterpol,True,0.8802425669855438,0.8802425669855438
UFNIA/2019-Preiner/qf/t3_rw650.smt2,SMTInterpol,True,0.46698458498576656,0.46698458498576656
UFNIA/2019-Preiner/qf/t3_rw801.smt2,SMTInterpol,True,0.5114919960033149,0.5114919960033149
UFNIA/2019-Preiner/partial/t3_rw537.smt2,SMTInterpol,True,2.873310159018729,2.873310159018729
UFNIA/2019-Preiner/partial/t3_rw106.smt2,SMTInterpol,True,3.051786322030239,3.051786322030239
UFNIA/2019-Preiner/full/t3_rw269.smt2,cvc5,False,1200,2400
UFNIA/2019-Preiner/full/f2_rw331.smt2,cvc5,True,0.22337659006007016,0.22337659006007016
UFNIA/2019-Preiner/combined/t3_rw757.smt2,cvc5,True,0.23363927099853754,0.23363927099853754
UFNIA/2019-Preiner/full/t3_rw1428.smt2,cvc5,False,1200,2400
UFNIA/2019-Preiner/qf/t3_rw1561.smt2,SMTInterpol,True,0.5075327500235289,0.5075327500235289
UFNIA/2019-Preiner/qf/t3_rw1133.smt2,SMTInterpol,True,0.5359455720172264,0.5359455720172264
UFNIA/2019-Preiner/partial/f2_rw294.smt2,SMTInterpol,True,4.515147419006098,4.515147419006098
UFNIA/2019-Preiner/full/f2_rw382.smt2,cvc5,True,0.22281733597628772,0.22281733597628772
UFNIA/2019-Preiner/partial/t3_rw1331.smt2,SMTInterpol,True,13.961210525012575,13.961210525012575
UFNIA/2019-Preiner/qf/t3_rw789.smt2,SMTInterpol,True,0.48527099599596113,0.48527099599596113
UFNIA/2019-Preiner/qf/t3_rw1035.smt2,SMTInterpol,True,0.48109008598839864,0.48109008598839864
UFNIA/2019-Preiner/combined/t3_rw368.smt2,cvc5,True,0.3764099481049925,0.3764099481049925
UFNIA/2019-Preiner/full/t3_rw543.smt2,cvc5,False,1200,2400
UFNIA/2019-Preiner/qf/t3_rw414.smt2,SMTInterpol,True,0.48524244397412986,0.48524244397412986
UFNIA/2019-Preiner/partial/t3_rw664.smt2,SMTInterpol,True,23.007687836012337,23.007687836012337
UFNIA/2019-Preiner/partial/f2_rw84.smt2,SMTInterpol,True,3.8642790490412153,3.8642790490412153
UFNIA/2019-Preiner/qf/f2_rw373.smt2,SMTInterpol,True,0.47741336200851947,0.47741336200851947
UFNIA/2019-Preiner/partial/t3_rw1414.smt2,SMTInterpol,True,3.186836045002565,3.186836045002565
UFNIA/sledgehammer/Fundamental_Theorem_Algebra/z3.807864.smt2,cvc5,True,1.8078385880216956,1.8078385880216956
UFNIA/2019-Preiner/qf/t3_rw958.smt2,SMTInterpol,True,0.4974751060362905,0.4974751060362905
UFNIA/2019-Preiner/combined/t3_rw1396.smt2,cvc5,False,1200,2400
UFNIA/2019-Preiner/partial/t3_rw251.smt2,SMTInterpol,True,3.4171576470253058,3.4171576470253058
UFNIA/2019-Preiner/full/f2_rw215.smt2,cvc5,False,1200,2400
UFNIA/2019-Preiner/combined/f2_rw78.smt2,cvc5,True,0.3900476659182459,0.3900476659182459
UFNIA/2019-Preiner/partial/t3_rw202.smt2,SMTInterpol,True,9.361366096010897,9.361366096010897
UFNIA/sledgehammer/TwoSquares/z3.721950.smt2,cvc5,False,1200,2400
UFNIA/2019-Zohar-ic/full/int_check_bvsle_bvor_ltr_inv_g.smt2,cvc5,False,1200,2400
UFNIA/2019-Preiner/qf/f2_rw231.smt2,SMTInterpol,True,0.4634156529791653,0.4634156529791653
UFNIA/2019-Zohar-ic/combined/int_check_bvuge_bvurem0_ltr_no_inv.smt2,cvc5,True,30.28731370996684,30.28731370996684
UFNIA/2019-Preiner/qf/t3_rw1305.smt2,SMTInterpol,True,0.46712159004528075,0.46712159004528075
UFNIA/2019-Preiner/qf/t3_rw13.smt2,SMTInterpol,True,0.4507185000111349,0.4507185000111349
UFNIA/sledgehammer/Fundamental_Theorem_Algebra/z3.648033.smt2,cvc5,False,1200,2400
UFNIA/2019-Preiner/full/t3_rw1263.smt2,SMTInterpol,True,2.5092212019953877,2.5092212019953877
UFNIA/2019-Preiner/full/t3_rw944.smt2,cvc5,False,1200,2400
UFNIA/2019-Preiner/partial/f2_rw53.smt2,SMTInterpol,True,2.6912503089988604,2.6912503089988604
UFNIA/vcc-havoc/vccp-union1.c.6.reint2.smt2,cvc5,True,392.185303210048,392.185303210048
UFNIA/vcc-havoc/baby.53.reset_guest.smt2,iProver,True,4.858812851831317,4.858812851831317
UFNIA/spec_sharp/textbook-SumEvenClassPure1.dll.4.ArraySum..ctor.smt2,cvc5,True,1.0913215270265937,1.0913215270265937
UFNIA/sledgehammer/Fundamental_Theorem_Algebra/z3.1362848.smt2,cvc5,True,0.38832468003965914,0.38832468003965914
UFNIA/2019-Zohar-ic/partial/int_check_bvult_bvlshr0_ltr_inv_g.smt2,SMTInterpol,True,0.8017213870189153,0.8017213870189153
UFNIA/2019-Preiner/qf/t3_rw34.smt2,SMTInterpol,True,0.4127657590433955,0.4127657590433955
UFNIA/2019-Preiner/qf/t3_rw416.smt2,SMTInterpol,True,0.43838354299077764,0.43838354299077764
UFNIA/2019-Preiner/qf/f2_rw107.smt2,SMTInterpol,True,0.4638360209646635,0.4638360209646635
UFNIA/2019-Preiner/qf/t3_rw1236.smt2,SMTInterpol,True,0.4704272889648564,0.4704272889648564
UFNIA/2019-Preiner/full/t3_rw1432.smt2,cvc5,False,1200,2400
UFNIA/sledgehammer/Fundamental_Theorem_Algebra/z3.778565.smt2,cvc5,False,1200,2400
UFNIA/2019-Preiner/partial/t3_rw1318.smt2,SMTInterpol,True,3.521485486009624,3.521485486009624
UFNIA/2019-Preiner/full/t3_rw840.smt2,cvc5,False,1200,2400
UFNIA/2019-Preiner/combined/t3_rw1389.smt2,cvc5,False,1200,2400
UFNIA/2019-Zohar-ic/full/int_check_bvuge_bvudiv1_ltr_inv_g.smt2,cvc5,True,0.2341342179570347,0.2341342179570347
UFNIA/sledgehammer/Fundamental_Theorem_Algebra/z3.1309077.smt2,cvc5,False,1200,2400
UFNIA/2019-Zohar-ic/qf/int_check_bvult_bvadd_ltr_no_inv.smt2,SMTInterpol,True,0.48456576297758147,0.48456576297758147
UFNIA/2019-Preiner/combined/t3_rw546.smt2,cvc5,True,0.4576256510335952,0.4576256510335952
UFNIA/2019-Preiner/combined/t3_rw1433.smt2,cvc5,False,1200,2400
UFNIA/2019-Preiner/full/t3_rw755.smt2,SMTInterpol,True,0.6486702519468963,0.6486702519468963
UFNIA/2019-Zohar-ic/full/int_check_bvsle_bvand_rtl.smt2,cvc5,False,1200,2400
UFNIA/2019-Preiner/qf/t3_rw337.smt2,SMTInterpol,True,0.4795763019938022,0.4795763019938022
UFNIA/2019-Preiner/combined/f2_rw351.smt2,cvc5,True,0.5904667321592569,0.5904667321592569
UFNIA/2019-Preiner/full/t3_rw1485.smt2,SMTInterpol,False,1200,2400
UFNIA/2019-Preiner/combined/t3_rw299.smt2,cvc5,False,1200,2400
UFNIA/2019-Preiner/partial/f2_rw414.smt2,SMTInterpol,True,0.9855084280134179,0.9855084280134179
UFNIA/2019-Preiner/qf/f2_rw23.smt2,SMTInterpol,True,0.46560652198968455,0.46560652198968455
UFNIA/2019-Preiner/partial/t3_rw409.smt2,SMTInterpol,False,1200,2400
UFNIA/2019-Preiner/full/t3_rw383.smt2,cvc5,False,1200,2400
UFNIA/lahiri-cav09-storm-queries/serial_read_example_2_1_4_2.smt2,cvc5,True,1118.6479735970497,1118.6479735970497
UFNIA/2019-Preiner/qf/t3_rw459.smt2,SMTInterpol,True,0.5135873399558477,0.5135873399558477
UFNIA/2019-Preiner/qf/t3_rw1047.smt2,SMTInterpol,True,0.492617201001849,0.492617201001849
UFNIA/sledgehammer/TwoSquares/z3.867996.smt2,cvc5,True,0.2974006801377982,0.2974006801377982
UFNIA/2019-Preiner/full/t3_rw866.smt2,SMTInterpol,False,1200,2400
UFNIA/2019-Zohar-ic/partial/int_check_bvugt_bvurem1_ltr_no_inv.smt2,SMTInterpol,True,0.8853093139478005,0.8853093139478005
UFNIA/2019-Preiner/qf/f2_rw4.smt2,SMTInterpol,True,0.43643745098961517,0.43643745098961517
UFNIA/sledgehammer/FFT/z3.742736.smt2,cvc5,False,1200,2400
UFNIA/2019-Preiner/combined/t3_rw1266.smt2,cvc5,False,1200,2400
UFNIA/sledgehammer/Fundamental_Theorem_Algebra/z3.1145677.smt2,cvc5,False,1200,2400
UFNIA/2019-Preiner/full/t3_rw448.smt2,cvc5,False,1200,2400
UFNIA/2019-Preiner/combined/t3_rw455.smt2,cvc5,True,262.3308650578838,262.3308650578838
UFNIA/2019-Preiner/combined/t3_rw922.smt2,cvc5,True,1.421029679942876,1.421029679942876
UFNIA/2019-Preiner/qf/t3_rw848.smt2,SMTInterpol,True,0.47186356101883575,0.47186356101883575
UFNIA/sledgehammer/Fundamental_Theorem_Algebra/z3.781588.smt2,cvc5,False,1200,2400
UFNIA/2019-Preiner/combined/t3_rw566.smt2,cvc5,False,1200,2400
UFNIA/2019-Preiner/combined/f2_rw423.smt2,cvc5,True,0.24940068600699306,0.24940068600699306
UFNIA/2019-Preiner/full/t3_rw11.smt2,cvc5,True,0.23862832691520452,0.23862832691520452
UFNIA/2019-Preiner/full/t3_rw688.smt2,SMTInterpol,True,0.6709625190123916,0.6709625190123916
UFNIA/sledgehammer/QEpres/z3.1088294.smt2,cvc5,False,1200,2400
UFNIA/2019-Preiner/qf/f2_rw10.smt2,SMTInterpol,True,0.46148701198399067,0.46148701198399067
UFNIA/sledgehammer/TwoSquares/z3.678618.smt2,cvc5,True,0.6107941600494087,0.6107941600494087
UFNIA/2019-Preiner/combined/f2_rw244.smt2,cvc5,True,0.545997983077541,0.545997983077541
UFNIA/2019-Preiner/full/f2_rw133.smt2,cvc5,True,0.24669279996305704,0.24669279996305704
UFNIA/sledgehammer/QEpres/z3.1205055.smt2,cvc5,False,1200,2400
UFNIA/2019-Zohar-ic/full/int_check_bvugt_bvmul_rtl.smt2,cvc5,False,1200,2400
UFNIA/2019-Zohar-ic/full/int_check_bvugt_bvashr0_ltr_inv_g.smt2,cvc5,False,1200,2400
UFNIA/2019-Preiner/partial/t3_rw493.smt2,SMTInterpol,True,3.702063000004273,3.702063000004273
UFNIA/2019-Zohar-ic/partial/int_check_bvsle_bvand_ltr_no_inv.smt2,SMTInterpol,True,2.2321639339788817,2.2321639339788817
UFNIA/2019-Preiner/combined/t3_rw452.smt2,cvc5,True,4.272676724009216,4.272676724009216
UFNIA/spec_sharp/test14-DafnyAst.ssc.3.Microsoft.Dafny.Attributes.Argument..ctor_System.String_notnull.smt2,cvc5,True,11.290504678152502,11.290504678152502
UFNIA/2019-Zohar-ic/combined/int_check_bvugt_bvlshr0_rtl.smt2,cvc5,False,1200,2400
UFNIA/2019-Preiner/full/t3_rw1315.smt2,SMTInterpol,True,3.9144828349817544,3.9144828349817544
UFNIA/vcc-havoc/verisoft-sim.c.2.67.translated_write_sim.smt2,iProver,True,7.918801423162222,7.918801423162222
UFNIA/2019-Preiner/combined/t3_rw1415.smt2,cvc5,False,1200,2400
UFNIA/2019-Zohar-alive/combined/combined_AndOrXor:1294_values_0.smt2,cvc5,False,1200,2400
UFNIA/2019-Preiner/partial/t3_rw1376.smt2,SMTInterpol,True,6.021639585029334,6.021639585029334
UFNIA/vcc-havoc/verisoft-vamp.c.25.exec_movi2s.smt2,iProver,True,3.3635846930556,3.3635846930556
UFNIA/2019-Zohar-ic/combined/int_check_bvugt_bvudiv1_ltr_no_inv.smt2,cvc5,True,0.23930474813096225,0.23930474813096225
UFNIA/lahiri-cav09-storm-queries/mqueue_example_2_1_8_2.smt2,cvc5,True,15.943913636961952,15.943913636961952
UFNIA/20190909-CLEARSY/0015/00093.smt2,cvc5,True,520.8038951929193,520.8038951929193
UFNIA/sledgehammer/FFT/z3.905160.smt2,cvc5,False,1200,2400
UFNIA/2019-Preiner/combined/t3_rw998.smt2,cvc5,True,0.4068905001040548,0.4068905001040548
UFNIA/2019-Zohar-ic/combined/int_check_bvult_bvashr1_ltr_no_inv.smt2,cvc5,True,30.95289823017083,30.95289823017083
UFNIA/2019-Preiner/partial/t3_rw892.smt2,SMTInterpol,True,2.474887462973129,2.474887462973129
UFNIA/2019-Preiner/combined/t3_rw1523.smt2,cvc5,False,1200,2400
UFNIA/2019-Zohar-ic/full/int_check_bvult_bvnot_ltr_no_inv.smt2,cvc5,True,0.2609434179030359,0.2609434179030359
UFNIA/2019-Preiner/combined/t3_rw238.smt2,cvc5,False,1200,2400
UFNIA/2019-Preiner/full/t3_rw234.smt2,cvc5,False,1200,2400
UFNIA/2019-Preiner/partial/f2_rw393.smt2,SMTInterpol,True,0.9632541689788923,0.9632541689788923
UFNIA/2019-Preiner/combined/f2_rw390.smt2,cvc5,True,0.2568998299539089,0.2568998299539089
UFNIA/2019-Preiner/combined/t3_rw1252.smt2,cvc5,True,0.4821054090280086,0.4821054090280086
UFNIA/sledgehammer/TwoSquares/z3.847700.smt2,cvc5,False,1200,2400
UFNIA/2019-Preiner/partial/t3_rw969.smt2,SMTInterpol,True,1.7647749170428142,1.7647749170428142
UFNIA/vcc-havoc/verisoft-sim.c.1.36.translated_write_sim.smt2,iProver,True,7.947351131821051,7.947351131821051
UFNIA/2019-Preiner/partial/t3_rw1025.smt2,SMTInterpol,True,53.67334079998545,53.67334079998545
UFNIA/2019-Preiner/full/t3_rw942.smt2,cvc5,False,1200,2400
UFNIA/2019-Preiner/full/t3_rw209.smt2,cvc5,False,1200,2400
UFNIA/2019-Preiner/qf/f2_rw87.smt2,SMTInterpol,True,0.47930934402393177,0.47930934402393177
UFNIA/2019-Preiner/qf/f2_rw183.smt2,SMTInterpol,True,0.4418787299655378,0.4418787299655378
UFNIA/spec_sharp/textbook-CountNonNulls.dll.2.ArrayRefCount..ctor_System.String.array_notnull.smt2,cvc5,True,30.58118794299662,30.58118794299662
UFNIA/2019-Preiner/qf/t3_rw1417.smt2,SMTInterpol,True,0.44301030901260674,0.44301030901260674
UFNIA/2019-Zohar-alive/combined/combined_AndOrXor:280_values_3.smt2,cvc5,True,31.353859876049682,31.353859876049682
UFNIA/2019-Zohar-ic/qf/int_check_bvslt_bvor_ltr_no_inv.smt2,SMTInterpol,True,0.5807341089821421,0.5807341089821421
UFNIA/2019-Preiner/partial/t3_rw533.smt2,SMTInterpol,True,4.130699833971448,4.130699833971448
UFNIA/2019-Preiner/combined/t3_rw23.smt2,cvc5,True,0.31890051416121423,0.31890051416121423
UFNIA/2019-Preiner/combined/f2_rw68.smt2,cvc5,True,0.32443960197269917,0.32443960197269917
UFNIA/sledgehammer/TwoSquares/z3.832142.smt2,cvc5,False,1200,2400
UFNIA/lahiri-cav09-storm-queries/daytona_example_2_3_4_1.smt2,cvc5,True,741.7492384128273,741.7492384128273
UFNIA/2019-Zohar-ic/partial/int_check_bvsgt_bvneg_rtl.smt2,SMTInterpol,True,1.9736701209913008,1.9736701209913008
UFNIA/vcc-havoc/baby.72.hv_dispatch.smt2,iProver,True,4.386207239935175,4.386207239935175
UFNIA/2019-Preiner/full/t3_rw507.smt2,cvc5,True,0.6010816069319844,0.6010816069319844
UFNIA/2019-Preiner/qf/t3_rw1379.smt2,SMTInterpol,True,0.5066255000419915,0.5066255000419915
UFNIA/2019-Preiner/full/f2_rw13.smt2,SMTInterpol,True,0.6047233819845133,0.6047233819845133
UFNIA/spec_sharp/test14-DafnyAst.ssc.29.Microsoft.Dafny.ClassType.DenotesClass_Microsoft.Dafny.Type_notnull.smt2,cvc5,True,3.161797860870138,3.161797860870138
UFNIA/2019-Preiner/full/t3_rw265.smt2,cvc5,False,1200,2400
UFNIA/sledgehammer/TwoSquares/z3.769288.smt2,SMTInterpol,False,1200,2400
UFNIA/2019-Preiner/partial/t3_rw1145.smt2,SMTInterpol,True,1.878469743009191,1.878469743009191
UFNIA/2019-Preiner/combined/t3_rw731.smt2,cvc5,False,1200,2400
UFNIA/2019-Preiner/partial/t3_rw1101.smt2,SMTInterpol,True,3.1357110110111535,3.1357110110111535
UFNIA/2019-Preiner/qf/t3_rw731.smt2,SMTInterpol,True,0.4605261129909195,0.4605261129909195
UFNIA/2019-Preiner/qf/f2_rw244.smt2,SMTInterpol,True,0.4453469929867424,0.4453469929867424
UFNIA/2019-Preiner/full/t3_rw792.smt2,SMTInterpol,True,10.291010807966813,10.291010807966813
UFNIA/vcc-havoc/havoc-bench_049.1.main.smt2,cvc5,True,0.33433258114382625,0.33433258114382625
UFNIA/2019-Preiner/combined/t3_rw852.smt2,cvc5,True,31.063458926044405,31.063458926044405
UFNIA/2019-Preiner/combined/t3_rw1170.smt2,cvc5,True,31.043748055119067,31.043748055119067
UFNIA/2019-Zohar-alive/full/full_Select:423_values_57.smt2,SMTInterpol,False,1200,2400
UFNIA/2019-Preiner/combined/t3_rw1143.smt2,cvc5,True,2.7280254380311817,2.7280254380311817
UFNIA/sledgehammer/FFT/z3.716119.smt2,cvc5,False,1200,2400
UFNIA/2019-Preiner/partial/t3_rw365.smt2,SMTInterpol,True,3.5118273599655367,3.5118273599655367
UFNIA/2019-Preiner/combined/t3_rw1530.smt2,cvc5,False,1200,2400
UFNIA/2019-Zohar-ic/partial/int_check_ne_bvnot_rtl.smt2,SMTInterpol,True,0.43913207500008866,0.43913207500008866
UFNIA/2019-Preiner/combined/t3_rw1060.smt2,cvc5,True,270.6527801589109,270.6527801589109
UFNIA/2019-Preiner/full/t3_rw172.smt2,cvc5,False,1200,2400
UFNIA/2019-Preiner/qf/t3_rw1121.smt2,SMTInterpol,True,0.4994643669924699,0.4994643669924699
UFNIA/2019-Preiner/full/t3_rw333.smt2,cvc5,False,1200,2400
UFNIA/sledgehammer/Fundamental_Theorem_Algebra/z3.1078548.smt2,cvc5,False,1200,2400
UFNIA/2019-Preiner/combined/t3_rw1503.smt2,cvc5,True,448.7957829849329,448.7957829849329
UFNIA/2019-Preiner/qf/t3_rw577.smt2,SMTInterpol,True,0.4696128689683974,0.4696128689683974
UFNIA/sledgehammer/Fundamental_Theorem_Algebra/z3.1145912.smt2,cvc5,False,1200,2400
UFNIA/2019-Preiner/partial/t3_rw252.smt2,SMTInterpol,True,3.930717009003274,3.930717009003274
UFNIA/2019-Preiner/combined/t3_rw1036.smt2,cvc5,False,1200,2400
UFNIA/2019-Preiner/combined/t3_rw1261.smt2,cvc5,False,1200,2400
UFNIA/2019-Preiner/full/t3_rw90.smt2,cvc5,True,0.23914561490528286,0.23914561490528286
UFNIA/2019-Preiner/combined/t3_rw854.smt2,cvc5,True,7.108094533905387,7.108094533905387
UFNIA/2019-Zohar-alive/full/full_AndOrXor:1885_values_0.smt2,SMTInterpol,True,0.5335480530047789,0.5335480530047789
UFNIA/2019-Zohar-ic/partial/int_check_bvsge_bvneg_ltr_inv_g.smt2,SMTInterpol,True,2.0478627780103125,2.0478627780103125
UFNIA/2019-Preiner/full/t3_rw288.smt2,cvc5,False,1200,2400
UFNIA/2019-Zohar-ic/full/int_check_bvugt_bvand_ltr_no_inv.smt2,cvc5,False,1200,2400
UFNIA/2019-Preiner/partial/t3_rw1043.smt2,SMTInterpol,True,10.612485721008852,10.612485721008852
UFNIA/lahiri-cav09-storm-queries/usbsamp_bug_example_2_1_6_3.smt2,cvc5,True,1109.4357716850936,1109.4357716850936
UFNIA/2019-Zohar-ic/full/int_check_ne_bvor_ltr_inv_g.smt2,cvc5,False,1200,2400
UFNIA/2019-Preiner/combined/t3_rw1454.smt2,cvc5,False,1200,2400
UFNIA/2019-Zohar-ic/full/int_check_bvuge_bvand_ltr_inv_g.smt2,cvc5,False,1200,2400
UFNIA/2019-Preiner/qf/t3_rw1531.smt2,SMTInterpol,True,0.5762126189656556,0.5762126189656556
UFNIA/2019-Preiner/partial/t3_rw451.smt2,SMTInterpol,True,4.412279987009242,4.412279987009242
UFNIA/sledgehammer/QEpres/z3.609427.smt2,SMTInterpol,False,1200,2400
UFNIA/lahiri-cav09-storm-queries/usbsamp_bug_example_2_3_8_3.smt2,cvc5,True,1015.656140621053,1015.656140621053
UFNIA/2019-Preiner/combined/f2_rw87.smt2,cvc5,True,0.2517776091117412,0.2517776091117412
UFNIA/2019-Zohar-ic/full/int_check_eq_bvneg_rtl.smt2,SMTInterpol,True,0.45025748800253496,0.45025748800253496
UFNIA/2019-Preiner/full/t3_rw857.smt2,cvc5,False,1200,2400
UFNIA/2019-Preiner/full/t3_rw858.smt2,cvc5,False,1200,2400
UFNIA/2019-Preiner/combined/f2_rw303.smt2,cvc5,True,30.920252029085532,30.920252029085532
UFNIA/2019-Preiner/qf/f2_rw403.smt2,SMTInterpol,True,0.46828549896599725,0.46828549896599725
UFNIA/2019-Preiner/partial/t3_rw1332.smt2,SMTInterpol,True,7.221829305985011,7.221829305985011
UFNIA/2019-Preiner/partial/f2_rw155.smt2,SMTInterpol,True,1.1494572659721598,1.1494572659721598
UFNIA/2019-Preiner/combined/t3_rw642.smt2,cvc5,True,0.4997945800423622,0.4997945800423622
UFNIA/2019-Preiner/qf/t3_rw174.smt2,SMTInterpol,True,0.48511512303957716,0.48511512303957716
UFNIA/vcc-havoc/vccp-array3.c.2.set0.smt2,cvc5,True,300.5486383019015,300.5486383019015
UFNIA/2019-Preiner/qf/t3_rw548.smt2,SMTInterpol,True,0.4573636539862491,0.4573636539862491
UFNIA/2019-Preiner/combined/t3_rw873.smt2,cvc5,False,1200,2400
UFNIA/sledgehammer/QEpres/z3.807140.smt2,cvc5,False,1200,2400
UFNIA/sledgehammer/TwoSquares/z3.764021.smt2,cvc5,False,1200,2400
UFNIA/sledgehammer/Fundamental_Theorem_Algebra/z3.1478998.smt2,cvc5,True,0.2710197188425809,0.2710197188425809
UFNIA/2019-Preiner/qf/f2_rw372.smt2,SMTInterpol,True,0.44653471099445596,0.44653471099445596
UFNIA/2019-Preiner/partial/t3_rw515.smt2,SMTInterpol,True,2.40499925595941,2.40499925595941
UFNIA/2019-Preiner/full/t3_rw650.smt2,SMTInterpol,True,2.0135466550127603,2.0135466550127603
UFNIA/2019-Preiner/combined/f2_rw6.smt2,cvc5,True,0.2602037279866636,0.2602037279866636
UFNIA/sledgehammer/FFT/z3.935167.smt2,cvc5,False,1200,2400
UFNIA/2019-Preiner/partial/f2_rw211.smt2,SMTInterpol,True,0.8507604500046,0.8507604500046
UFNIA/2019-Zohar-ic/full/int_check_bvsgt_bvadd_ltr_no_inv.smt2,cvc5,False,1200,2400
UFNIA/2019-Preiner/full/t3_rw1178.smt2,SMTInterpol,False,1200,2400
UFNIA/sledgehammer/Fundamental_Theorem_Algebra/z3.662250.smt2,cvc5,False,1200,2400
UFNIA/2019-Preiner/full/t3_rw876.smt2,SMTInterpol,True,0.6279135930235498,0.6279135930235498
UFNIA/2019-Preiner/combined/t3_rw897.smt2,cvc5,False,1200,2400
UFNIA/spec_sharp/test14-DafnyAst.ssc.99.Microsoft.Dafny.Expression..ctor_Microsoft.Dafny.Token_notnull.smt2,cvc5,True,6.9847767278552055,6.9847767278552055
UFNIA/2019-Zohar-ic/combined/int_check_bvslt_bvashr0_ltr_no_inv.smt2,cvc5,True,455.69243890908547,455.69243890908547
UFNIA/2019-Preiner/qf/t3_rw545.smt2,SMTInterpol,True,0.5068713700165972,0.5068713700165972
UFNIA/2019-Preiner/qf/t3_rw547.smt2,SMTInterpol,True,0.43695964402286336,0.43695964402286336
UFNIA/2019-Preiner/full/t3_rw191.smt2,cvc5,True,0.2890667049214244,0.2890667049214244
UFNIA/2019-Zohar-ic/full/int_check_bvugt_bvurem0_rtl.smt2,cvc5,True,0.26031862711533904,0.26031862711533904
UFNIA/2019-Preiner/qf/t3_rw780.smt2,SMTInterpol,True,0.5035099679953419,0.5035099679953419
UFNIA/2019-Preiner/partial/f2_rw244.smt2,SMTInterpol,True,0.9932552209938876,0.9932552209938876
UFNIA/2019-Zohar-ic/full/int_check_bvsgt_bvadd_rtl.smt2,cvc5,True,0.43400216312147677,0.43400216312147677
UFNIA/sledgehammer/TwoSquares/z3.731175.smt2,cvc5,False,1200,2400
UFNIA/2019-Zohar-ic/combined/int_check_bvsgt_bvshl0_ltr_no_inv.smt2,cvc5,False,1200,2400
UFNIA/2019-Preiner/full/t3_rw923.smt2,cvc5,False,1200,2400
UFNIA/2019-Preiner/full/t3_rw474.smt2,cvc5,False,1200,2400
UFNIA/2019-Preiner/qf/t3_rw1470.smt2,SMTInterpol,True,0.5157962589873932,0.5157962589873932
UFNIA/2019-Preiner/combined/t3_rw382.smt2,cvc5,False,1200,2400
UFNIA/2019-Zohar-ic/partial/int_check_bvsge_bvor_ltr_no_inv.smt2,SMTInterpol,True,3.5074248120072298,3.5074248120072298
UFNIA/2019-Preiner/full/t3_rw714.smt2,cvc5,False,1200,2400
UFNIA/2019-Zohar-ic/partial/int_check_bvugt_bvneg_rtl.smt2,SMTInterpol,True,0.565944625006523,0.565944625006523
UFNIA/2019-Zohar-alive/partial/partial_AndOrXor:2515_values_0.smt2,SMTInterpol,True,6.60118522803532,6.60118522803532
UFNIA/2019-Preiner/partial/t3_rw1240.smt2,SMTInterpol,True,3.904171007045079,3.904171007045079
UFNIA/2019-Zohar-ic/full/int_check_bvsle_bvnot_ltr_no_inv.smt2,SMTInterpol,False,1200,2400
UFNIA/2019-Zohar-ic/partial/int_check_ne_bvand_rtl.smt2,SMTInterpol,True,1.0288497030269355,1.0288497030269355
UFNIA/vcc-havoc/baby.73.hv_dispatch.smt2,iProver,True,5.376744020031765,5.376744020031765
UFNIA/2019-Preiner/partial/t3_rw718.smt2,SMTInterpol,True,3.0648182760342024,3.0648182760342024
UFNIA/2019-Zohar-ic/combined/int_check_eq_bvmul_ltr_no_inv.smt2,cvc5,False,1200,2400
UFNIA/sledgehammer/Fundamental_Theorem_Algebra/z3.1386722.smt2,cvc5,False,1200,2400
UFNIA/2019-Preiner/qf/t3_rw656.smt2,SMTInterpol,True,0.48686643299879506,0.48686643299879506
UFNIA/2019-Preiner/full/t3_rw1366.smt2,SMTInterpol,False,1200,2400
UFNIA/2019-Preiner/full/t3_rw609.smt2,SMTInterpol,True,0.6274614330031909,0.6274614330031909
UFNIA/2019-Preiner/partial/t3_rw605.smt2,SMTInterpol,True,3.0636543440050445,3.0636543440050445
UFNIA/2019-Preiner/partial/t3_rw1049.smt2,SMTInterpol,True,17.21990400896175,17.21990400896175
UFNIA/2019-Preiner/partial/t3_rw1437.smt2,SMTInterpol,True,2.3610161189571954,2.3610161189571954
UFNIA/2019-Preiner/qf/f2_rw81.smt2,SMTInterpol,True,0.4536932109622285,0.4536932109622285
UFNIA/2019-Preiner/qf/f2_rw54.smt2,SMTInterpol,True,0.4720395290059969,0.4720395290059969
UFNIA/spec_sharp/test14-Xml.ssc.9.Microsoft.Boogie.XmlSink.WriteError_System.String_notnull_System.Compiler.Node_notnull_Microsoft.Boo.smt2,cvc5,False,1200,2400
UFNIA/2019-Preiner/partial/t3_rw1199.smt2,SMTInterpol,True,7.815157081990037,7.815157081990037
UFNIA/2019-Zohar-ic/partial/int_check_eq_bvor_ltr_no_inv.smt2,SMTInterpol,True,0.6011631420115009,0.6011631420115009
UFNIA/2019-Preiner/qf/t3_rw659.smt2,SMTInterpol,True,0.48333404801087454,0.48333404801087454
UFNIA/2019-Preiner/combined/f2_rw161.smt2,cvc5,True,0.3888874868862331,0.3888874868862331
UFNIA/2019-Preiner/qf/f2_rw365.smt2,SMTInterpol,True,0.44038924999767914,0.44038924999767914
UFNIA/2019-Preiner/combined/f2_rw430.smt2,cvc5,True,0.24756107502616942,0.24756107502616942
UFNIA/2019-Preiner/partial/t3_rw1544.smt2,SMTInterpol,True,2.7469055139808916,2.7469055139808916
UFNIA/vcc-havoc/verisoft-baby.c.31.exec_shift.smt2,iProver,True,4.366802151082084,4.366802151082084
UFNIA/2019-Preiner/combined/f2_rw272.smt2,cvc5,False,1200,2400
UFNIA/sledgehammer/QEpres/z3.1216329.smt2,cvc5,False,1200,2400
UFNIA/2019-Zohar-ic/qf/int_check_bvuge_bvudiv1_ltr_no_inv.smt2,SMTInterpol,True,0.5182255390100181,0.5182255390100181
UFNIA/2019-Preiner/combined/t3_rw567.smt2,cvc5,False,1200,2400
UFNIA/sledgehammer/QEpres/z3.838935.smt2,cvc5,False,1200,2400
UFNIA/sledgehammer/QEpres/z3.608285.smt2,cvc5,False,1200,2400
UFNIA/2019-Preiner/partial/t3_rw658.smt2,SMTInterpol,True,2.937672322965227,2.937672322965227
UFNIA/2019-Preiner/qf/f2_rw189.smt2,SMTInterpol,True,0.46408037102082744,0.46408037102082744
UFNIA/2019-Preiner/full/t3_rw544.smt2,cvc5,False,1200,2400
UFNIA/2019-Preiner/full/t3_rw1144.smt2,SMTInterpol,False,1200,2400
UFNIA/2019-Preiner/partial/t3_rw452.smt2,SMTInterpol,True,2.3752697840100154,2.3752697840100154
UFNIA/2019-Preiner/full/f2_rw418.smt2,SMTInterpol,True,0.6371679520234466,0.6371679520234466
UFNIA/2019-Preiner/full/t3_rw1533.smt2,SMTInterpol,True,7.927236995019484,7.927236995019484
UFNIA/2019-Zohar-alive/partial/partial_AndOrXor:2416_values_0.smt2,SMTInterpol,True,4.000085501989815,4.000085501989815
UFNIA/2019-Preiner/full/t3_rw1330.smt2,cvc5,False,1200,2400
UFNIA/spec_sharp/test14-DafnyAst.ssc.71.Microsoft.Dafny.PredicateStmt..ctor_Microsoft.Dafny.Token_notnull_Microsoft.Dafny.Expression_notnull.smt2,cvc5,True,12.30641748686321,12.30641748686321
UFNIA/2019-Preiner/full/t3_rw709.smt2,cvc5,False,1200,2400
UFNIA/2019-Preiner/partial/t3_rw326.smt2,SMTInterpol,True,12.99625649995869,12.99625649995869
UFNIA/2019-Preiner/partial/t3_rw1171.smt2,SMTInterpol,True,2.8354124070028774,2.8354124070028774
UFNIA/2019-Preiner/qf/t3_rw1395.smt2,SMTInterpol,True,0.48336457600817084,0.48336457600817084
UFNIA/2019-Zohar-ic/partial/int_check_bvsgt_bvadd_ltr_inv_g.smt2,SMTInterpol,True,2.400434167997446,2.400434167997446
UFNIA/2019-Preiner/qf/t3_rw480.smt2,SMTInterpol,True,0.49579153896775097,0.49579153896775097
UFNIA/vcc-havoc/verisoft-sim.c.1.13.untranslated_write_sim.smt2,iProver,True,6.392695946851745,6.392695946851745
UFNIA/2019-Zohar-ic/partial/int_check_bvsgt_bvnot_rtl.smt2,SMTInterpol,True,1.451310814009048,1.451310814009048
UFNIA/2019-Preiner/qf/f2_rw8.smt2,SMTInterpol,True,0.4621971190208569,0.4621971190208569
UFNIA/2019-Preiner/qf/t3_rw166.smt2,SMTInterpol,True,0.4982410999946296,0.4982410999946296
UFNIA/2019-Preiner/combined/t3_rw698.smt2,cvc5,True,32.38641379401088,32.38641379401088
UFNIA/2019-Preiner/full/t3_rw705.smt2,SMTInterpol,False,1200,2400
UFNIA/2019-Zohar-ic/qf/int_check_bvsge_bvnot_ltr_no_inv.smt2,SMTInterpol,True,0.472945493995212,0.472945493995212
UFNIA/2019-Zohar-alive/combined/combined_Select:740_values_0.smt2,cvc5,True,30.821510942885652,30.821510942885652
UFNIA/lahiri-cav09-storm-queries/usbsamp_bug_example_2_3.smt2,cvc5,True,1011.9676161969546,1011.9676161969546
UFNIA/2019-Preiner/qf/t3_rw1000.smt2,SMTInterpol,True,0.44936224399134517,0.44936224399134517
UFNIA/2019-Zohar-alive/combined/combined_AndOrXor:1818_values_0.smt2,cvc5,True,0.23523180116899312,0.23523180116899312
UFNIA/2019-Preiner/qf/t3_rw428.smt2,SMTInterpol,True,0.46127015695674345,0.46127015695674345
UFNIA/2019-Preiner/full/t3_rw1033.smt2,SMTInterpol,True,2.3032290230039507,2.3032290230039507
UFNIA/2019-Preiner/combined/t3_rw912.smt2,cvc5,True,0.3475829600356519,0.3475829600356519
UFNIA/spec_sharp/textbook-BinarySearchTree.dll.4.Node.Delete_System.Int32.smt2,cvc5,True,30.642894810065627,30.642894810065627
UFNIA/sledgehammer/QEpres/z3.845879.smt2,cvc5,True,343.76400456391275,343.76400456391275
UFNIA/2019-Preiner/combined/t3_rw1006.smt2,cvc5,True,0.4708859580568969,0.4708859580568969
UFNIA/spec_sharp/test14-Microsoft.Boogie.FlowedValue.Type.7.Microsoft.Boogie.FlowedValue.Type.get_Bottom.smt2,cvc5,True,1.7185188180301338,1.7185188180301338
UFNIA/2019-Preiner/full/f2_rw244.smt2,cvc5,False,1200,2400
UFNIA/sledgehammer/TwoSquares/z3.846538.smt2,cvc5,True,4.538849344011396,4.538849344011396
UFNIA/2019-Preiner/partial/f2_rw387.smt2,SMTInterpol,True,1.4318313910043798,1.4318313910043798
UFNIA/2019-Preiner/combined/t3_rw1533.smt2,cvc5,False,1200,2400
UFNIA/2019-Preiner/partial/f2_rw58.smt2,SMTInterpol,True,2.5209845220088027,2.5209845220088027
UFNIA/2019-Preiner/partial/t3_rw1308.smt2,SMTInterpol,True,4.9175886459997855,4.9175886459997855
UFNIA/2019-Preiner/combined/t3_rw824.smt2,cvc5,True,518.9314638969954,518.9314638969954
UFNIA/vcc-havoc/havoc-bench_sm_001.3.baz.smt2,cvc5,True,0.3337026459630579,0.3337026459630579
UFNIA/2019-Preiner/partial/t3_rw1084.smt2,SMTInterpol,True,6.166943176009227,6.166943176009227
UFNIA/sledgehammer/QEpres/z3.1035552.smt2,cvc5,False,1200,2400
UFNIA/2019-Preiner/combined/t3_rw733.smt2,cvc5,False,1200,2400
UFNIA/2019-Preiner/partial/t3_rw261.smt2,SMTInterpol,True,3.3562019990058616,3.3562019990058616
UFNIA/2019-Preiner/full/t3_rw1195.smt2,SMTInterpol,False,1200,2400
UFNIA/2019-Preiner/combined/t3_rw259.smt2,cvc5,True,0.28138820896856487,0.28138820896856487
UFNIA/vcc-havoc/verisoft-sim.c.1.38.translated_write_sim.smt2,iProver,True,6.3735127709805965,6.3735127709805965
UFNIA/2019-Zohar-alive/combined/combined_AndOrXor:2297_values_0.smt2,cvc5,False,1200,2400
UFNIA/sledgehammer/Hoare/z3.929523.smt2,cvc5,False,1200,2400
UFNIA/2019-Preiner/partial/t3_rw159.smt2,SMTInterpol,True,31.59272056899499,31.59272056899499
UFNIA/2019-Preiner/combined/t3_rw1198.smt2,cvc5,False,1200,2400
UFNIA/spec_sharp/test14-Microsoft.Boogie.FlowedValue.Type.18.Microsoft.Boogie.FlowedValue.Type.get_Top.smt2,cvc5,True,1.828655798919499,1.828655798919499
UFNIA/2019-Preiner/full/f2_rw301.smt2,SMTInterpol,True,2.551288576971274,2.551288576971274
UFNIA/lahiri-cav09-storm-queries/daytona_example_cegar_2_3_3.smt2,cvc5,False,1200,2400
UFNIA/2019-Zohar-ic/full/int_check_bvslt_bvmul_rtl.smt2,cvc5,False,1200,2400
UFNIA/sledgehammer/Fundamental_Theorem_Algebra/z3.792711.smt2,cvc5,False,1200,2400
UFNIA/vcc-havoc/vccp-ArrayList.c.4.Update.smt2,cvc5,True,29.304055775050074,29.304055775050074
UFNIA/lahiri-cav09-storm-queries/usbsamp_bug_example_5_3.smt2,cvc5,True,1013.3003957888577,1013.3003957888577
UFNIA/2019-Zohar-ic/qf/int_check_bvugt_bvudiv0_ltr_no_inv.smt2,SMTInterpol,True,0.46950453700264916,0.46950453700264916
UFNIA/2019-Preiner/full/f2_rw27.smt2,cvc5,True,0.23840334615670145,0.23840334615670145
UFNIA/2019-Preiner/qf/t3_rw1361.smt2,SMTInterpol,True,0.47845631901873276,0.47845631901873276
UFNIA/sledgehammer/FFT/z3.643599.smt2,cvc5,False,1200,2400
UFNIA/2019-Preiner/full/f2_rw104.smt2,cvc5,False,1200,2400
UFNIA/2019-Preiner/qf/t3_rw220.smt2,SMTInterpol,True,0.4967443430214189,0.4967443430214189
UFNIA/2019-Zohar-alive/combined/combined_AndOrXor:1253_values_0.smt2,cvc5,False,1200,2400
UFNIA/2019-Preiner/combined/t3_rw636.smt2,cvc5,True,0.3305414249189198,0.3305414249189198
UFNIA/2019-Zohar-alive/full/full_AddSub:1040_values_0.smt2,SMTInterpol,False,1200,2400
UFNIA/2019-Zohar-ic/partial/int_check_bvsgt_bvurem0_ltr_no_inv.smt2,SMTInterpol,True,1.6249559119460173,1.6249559119460173
UFNIA/2019-Preiner/partial/t3_rw1206.smt2,SMTInterpol,True,22.8850017710065,22.8850017710065
UFNIA/vcc-havoc/verisoft-baby.c.2.15.handle_reset.smt2,iProver,True,3.869406590005383,3.869406590005383
UFNIA/sledgehammer/Fundamental_Theorem_Algebra/z3.1276645.smt2,cvc5,False,1200,2400
UFNIA/sledgehammer/Fundamental_Theorem_Algebra/z3.1315641.smt2,cvc5,False,1200,2400
UFNIA/2019-Preiner/qf/t3_rw110.smt2,SMTInterpol,True,0.430802749004215,0.430802749004215
UFNIA/2019-Zohar-alive/full/full_AndOrXor:2453_values_121.smt2,SMTInterpol,True,0.50743560801493,0.50743560801493
UFNIA/2019-Zohar-alive/combined/combined_AndOrXor:151_values_0.smt2,cvc5,False,1200,2400
UFNIA/2019-Preiner/full/f2_rw355.smt2,cvc5,False,1200,2400
UFNIA/spec_sharp/test14-DafnyAst.ssc.23.Microsoft.Dafny.SeqType..ctor_Microsoft.Dafny.Type_notnull.smt2,cvc5,True,4.361046094913036,4.361046094913036
UFNIA/2019-Preiner/combined/f2_rw63.smt2,cvc5,True,0.3792399149388075,0.3792399149388075
UFNIA/2019-Preiner/combined/t3_rw312.smt2,cvc5,False,1200,2400
UFNIA/sledgehammer/QEpres/z3.974759.smt2,cvc5,False,1200,2400
UFNIA/2019-Preiner/partial/t3_rw46.smt2,SMTInterpol,True,3.8852535110199824,3.8852535110199824
UFNIA/spec_sharp/test14-CommandLineOptions.ssc.32.Microsoft.Boogie.CommandLineOptions.ParseNamedArgumentList_System.String.smt2,cvc5,False,1200,2400
UFNIA/sledgehammer/TwoSquares/z3.625957.smt2,cvc5,False,1200,2400
UFNIA/2019-Preiner/combined/t3_rw431.smt2,cvc5,False,1200,2400
UFNIA/2019-Zohar-ic/full/int_check_bvsgt_bvnot_rtl.smt2,cvc5,True,0.875749897910282,0.875749897910282
UFNIA/2019-Preiner/combined/f2_rw113.smt2,cvc5,True,0.3289010371081531,0.3289010371081531
UFNIA/2019-Preiner/full/t3_rw695.smt2,SMTInterpol,False,1200,2400
UFNIA/sledgehammer/TwoSquares/z3.641163.smt2,cvc5,False,1200,2400
UFNIA/2019-Preiner/qf/t3_rw873.smt2,SMTInterpol,True,0.5201553539955057,0.5201553539955057
UFNIA/2019-Preiner/full/t3_rw646.smt2,SMTInterpol,True,9.118213318986818,9.118213318986818
UFNIA/sledgehammer/Fundamental_Theorem_Algebra/z3.1487376.smt2,cvc5,False,1200,2400
UFNIA/2019-Preiner/partial/t3_rw1150.smt2,SMTInterpol,True,3.529018497967627,3.529018497967627
UFNIA/2019-Preiner/partial/t3_rw434.smt2,SMTInterpol,True,6.253148465009872,6.253148465009872
UFNIA/2019-Preiner/partial/f2_rw355.smt2,SMTInterpol,True,1.2392022930434905,1.2392022930434905
UFNIA/lahiri-cav09-storm-queries/serial_read_example_2_1_4_0.smt2,cvc5,True,1175.6902243809309,1175.6902243809309
UFNIA/2019-Preiner/qf/t3_rw450.smt2,SMTInterpol,True,0.45401578198652714,0.45401578198652714
UFNIA/2019-Preiner/combined/t3_rw541.smt2,cvc5,True,210.5019315739628,210.5019315739628
UFNIA/2019-Zohar-ic/full/int_check_bvsgt_bvor_ltr_no_inv.smt2,cvc5,False,1200,2400
UFNIA/sledgehammer/QEpres/z3.605906.smt2,cvc5,False,1200,2400
UFNIA/2019-Preiner/full/t3_rw961.smt2,cvc5,False,1200,2400
UFNIA/2019-Preiner/partial/t3_rw1179.smt2,SMTInterpol,True,5.942737889999989,5.942737889999989
UFNIA/2019-Preiner/combined/t3_rw276.smt2,cvc5,False,1200,2400
UFNIA/2019-Preiner/qf/t3_rw429.smt2,SMTInterpol,True,0.4270741179934703,0.4270741179934703
UFNIA/sledgehammer/TwoSquares/z3.734302.smt2,cvc5,True,0.2609985109884292,0.2609985109884292
UFNIA/2019-Preiner/combined/t3_rw629.smt2,cvc5,True,5.556243326980621,5.556243326980621
UFNIA/2019-Preiner/partial/t3_rw1508.smt2,SMTInterpol,True,2.5849079319741577,2.5849079319741577
UFNIA/vcc-havoc/baby.2.51.handle_illegal.smt2,iProver,True,4.893795381067321,4.893795381067321
UFNIA/2019-Zohar-ic/full/int_check_eq_bvneg_ltr_no_inv.smt2,SMTInterpol,True,8.37036712502595,8.37036712502595
UFNIA/2019-Zohar-ic/partial/int_check_bvule_bvand_ltr_inv_g.smt2,SMTInterpol,True,1.1765863270265982,1.1765863270265982
UFNIA/2019-Zohar-ic/partial/int_check_bvugt_bvadd_ltr_no_inv.smt2,SMTInterpol,True,1.2273564949864522,1.2273564949864522
UFNIA/2019-Preiner/qf/t3_rw317.smt2,SMTInterpol,True,0.43554236099589616,0.43554236099589616
UFNIA/2019-Preiner/partial/f2_rw231.smt2,SMTInterpol,True,0.9242036720388569,0.9242036720388569
UFNIA/2019-Preiner/full/t3_rw685.smt2,SMTInterpol,True,0.628200332983397,0.628200332983397
UFNIA/2019-Zohar-ic/qf/int_check_bvugt_bvneg_ltr_no_inv.smt2,SMTInterpol,True,0.4839910680311732,0.4839910680311732
UFNIA/2019-Preiner/full/t3_rw401.smt2,cvc5,False,1200,2400
UFNIA/2019-Preiner/combined/t3_rw171.smt2,cvc5,True,0.8793738270178437,0.8793738270178437
UFNIA/2019-Preiner/qf/t3_rw597.smt2,SMTInterpol,True,0.5071255719522014,0.5071255719522014
UFNIA/2019-Preiner/partial/f2_rw124.smt2,SMTInterpol,True,0.9810701120295562,0.9810701120295562
UFNIA/2019-Preiner/partial/f2_rw171.smt2,SMTInterpol,True,1.0278703679796308,1.0278703679796308
UFNIA/2019-Zohar-alive/full/full_AndOrXor:2443_values_0.smt2,SMTInterpol,False,1200,2400
UFNIA/vcc-havoc/havoc-bench_sort.1.selection_sort.smt2,cvc5,True,30.302471711067483,30.302471711067483
UFNIA/2019-Preiner/qf/f2_rw211.smt2,SMTInterpol,True,0.4877534849802032,0.4877534849802032
UFNIA/2019-Preiner/partial/t3_rw196.smt2,SMTInterpol,True,4.0577064019744284,4.0577064019744284
UFNIA/2019-Preiner/partial/f2_rw402.smt2,SMTInterpol,True,0.8671959290513769,0.8671959290513769
UFNIA/sledgehammer/FFT/z3.722859.smt2,cvc5,False,1200,2400
UFNIA/2019-Zohar-ic/full/int_check_bvslt_bvashr1_ltr_inv_g.smt2,cvc5,False,1200,2400
UFNIA/2019-Zohar-alive/combined/combined_AndOrXor:135_values_0.smt2,cvc5,False,1200,2400
UFNIA/2019-Preiner/full/f2_rw279.smt2,cvc5,False,1200,2400
UFNIA/2019-Preiner/qf/t3_rw1465.smt2,SMTInterpol,True,0.4683259589946829,0.4683259589946829
UFNIA/2019-Zohar-alive/combined/combined_AndOrXor:1831_values_0.smt2,cvc5,True,0.24807719909586012,0.24807719909586012
UFNIA/2019-Preiner/full/t3_rw891.smt2,SMTInterpol,False,1200,2400
UFNIA/2019-Preiner/partial/f2_rw76.smt2,SMTInterpol,True,0.9104387079714797,0.9104387079714797
UFNIA/2019-Preiner/partial/t3_rw773.smt2,SMTInterpol,True,2.4013264779932797,2.4013264779932797
UFNIA/2019-Zohar-ic/combined/int_check_ne_bvor_rtl.smt2,cvc5,True,0.23855636385269463,0.23855636385269463
UFNIA/2019-Zohar-ic/full/int_check_bvsgt_bvurem0_ltr_inv_g.smt2,cvc5,True,11.524482957087457,11.524482957087457
UFNIA/2019-Preiner/combined/t3_rw804.smt2,cvc5,False,1200,2400
UFNIA/2019-Preiner/partial/t3_rw862.smt2,SMTInterpol,True,5.722284180985298,5.722284180985298
UFNIA/2019-Preiner/qf/t3_rw1340.smt2,SMTInterpol,True,0.4849084700108506,0.4849084700108506
UFNIA/2019-Preiner/combined/t3_rw1069.smt2,cvc5,True,0.3227869451511651,0.3227869451511651
UFNIA/2019-Zohar-alive/combined/combined_Select:576b_values_0.smt2,cvc5,True,32.09021868999116,32.09021868999116
UFNIA/2019-Preiner/partial/t3_rw1481.smt2,SMTInterpol,True,785.2949930760078,785.2949930760078
UFNIA/2019-Preiner/qf/t3_rw341.smt2,SMTInterpol,True,0.4464304260327481,0.4464304260327481
UFNIA/2019-Preiner/full/f2_rw78.smt2,SMTInterpol,False,1200,2400
UFNIA/2019-Preiner/combined/f2_rw305.smt2,cvc5,True,0.28495967318303883,0.28495967318303883
UFNIA/vcc-havoc/verisoft-vamp.c.30.exec_ls.smt2,iProver,True,3.362770280102268,3.362770280102268
UFNIA/2019-Preiner/combined/t3_rw1505.smt2,cvc5,False,1200,2400
UFNIA/2019-Preiner/combined/t3_rw96.smt2,cvc5,True,0.27316705300472677,0.27316705300472677
UFNIA/2019-Preiner/combined/t3_rw652.smt2,cvc5,True,0.615464239846915,0.615464239846915
UFNIA/sledgehammer/QEpres/z3.941839.smt2,cvc5,False,1200,2400
UFNIA/2019-Preiner/qf/t3_rw689.smt2,SMTInterpol,True,0.4722524639801122,0.4722524639801122
UFNIA/sledgehammer/TwoSquares/z3.892480.smt2,cvc5,False,1200,2400
UFNIA/2019-Preiner/partial/t3_rw1104.smt2,SMTInterpol,True,6.357245111023076,6.357245111023076
UFNIA/2019-Preiner/combined/f2_rw100.smt2,cvc5,True,2.4187833638861775,2.4187833638861775
UFNIA/2019-Preiner/qf/t3_rw1487.smt2,SMTInterpol,True,0.5265221709851176,0.5265221709851176
UFNIA/2019-Zohar-ic/combined/int_check_bvule_bvlshr0_rtl.smt2,cvc5,True,0.24356363993138075,0.24356363993138075
UFNIA/2019-Preiner/full/t3_rw1319.smt2,SMTInterpol,False,1200,2400
UFNIA/20190909-CLEARSY/0016/00777.smt2,cvc5,True,113.26143421395682,113.26143421395682
UFNIA/sledgehammer/Fundamental_Theorem_Algebra/z3.602967.smt2,cvc5,False,1200,2400
UFNIA/2019-Zohar-ic/partial/int_check_bvslt_bvor_ltr_inv_g.smt2,SMTInterpol,False,1200,2400
UFNIA/2019-Preiner/full/f2_rw257.smt2,cvc5,False,1200,2400
UFNIA/2019-Preiner/partial/t3_rw291.smt2,SMTInterpol,True,4.089406671002507,4.089406671002507
UFNIA/2019-Preiner/full/t3_rw462.smt2,cvc5,False,1200,2400
UFNIA/2019-Preiner/partial/f2_rw389.smt2,SMTInterpol,True,0.9350057220435701,0.9350057220435701
UFNIA/2019-Preiner/combined/t3_rw803.smt2,cvc5,False,1200,2400
UFNIA/2019-Zohar-alive/combined/combined_AddSub:1599_values_0.smt2,cvc5,True,31.65236182883382,31.65236182883382
UFNIA/2019-Preiner/qf/t3_rw1396.smt2,SMTInterpol,True,0.4597113100462593,0.4597113100462593
UFNIA/2019-Zohar-ic/qf/int_check_bvule_bvlshr0_ltr_no_inv.smt2,SMTInterpol,True,0.522794674965553,0.522794674965553
UFNIA/2019-Preiner/partial/t3_rw462.smt2,SMTInterpol,True,5.480515753035434,5.480515753035434
UFNIA/2019-Preiner/qf/t3_rw1256.smt2,SMTInterpol,True,0.5379624320194125,0.5379624320194125
UFNIA/2019-Preiner/combined/t3_rw87.smt2,cvc5,True,710.8154056621715,710.8154056621715
UFNIA/2019-Preiner/partial/t3_rw1283.smt2,SMTInterpol,True,2.204818725003861,2.204818725003861
UFNIA/lahiri-cav09-storm-queries/mqueue_example_cegar_2_1_10.smt2,cvc5,False,1200,2400
UFNIA/vcc-havoc/verisoft-memvirt.c.13.phys_2bl_write_sim_with_id.smt2,iProver,True,3.901555433869362,3.901555433869362
UFNIA/2019-Preiner/partial/t3_rw906.smt2,SMTInterpol,True,4.631438017007895,4.631438017007895
UFNIA/2019-Preiner/partial/t3_rw1483.smt2,SMTInterpol,True,1.907676114991773,1.907676114991773
UFNIA/spec_sharp/test14-Microsoft.Boogie.FlowedValue.Type.1.Microsoft.Boogie.FlowedValue.Type.SpecSharp.CheckInvariant_System.Boolean.smt2,cvc5,True,0.9115446319337934,0.9115446319337934
UFNIA/2019-Preiner/combined/t3_rw683.smt2,cvc5,True,0.2565591281745583,0.2565591281745583
UFNIA/2019-Zohar-ic/combined/int_check_bvult_bvudiv0_rtl.smt2,cvc5,True,0.2654288390185684,0.2654288390185684
UFNIA/2019-Preiner/qf/f2_rw57.smt2,SMTInterpol,True,0.4409033629926853,0.4409033629926853
UFNIA/2019-Preiner/qf/t3_rw1467.smt2,SMTInterpol,True,0.46384585701161996,0.46384585701161996
UFNIA/2019-Preiner/qf/t3_rw962.smt2,SMTInterpol,True,0.4495108480332419,0.4495108480332419
UFNIA/2019-Preiner/partial/t3_rw458.smt2,SMTInterpol,True,22.983923190971836,22.983923190971836
UFNIA/2019-Preiner/partial/t3_rw513.smt2,SMTInterpol,True,6.474551926017739,6.474551926017739
UFNIA/2019-Preiner/partial/t3_rw939.smt2,SMTInterpol,True,1.790900195017457,1.790900195017457
UFNIA/2019-Preiner/full/t3_rw353.smt2,SMTInterpol,True,4.479555349971633,4.479555349971633
UFNIA/2019-Preiner/full/t3_rw509.smt2,cvc5,True,0.7995563989970833,0.7995563989970833
UFNIA/2019-Preiner/partial/t3_rw722.smt2,SMTInterpol,True,0.8924131289822981,0.8924131289822981
UFNIA/2019-Preiner/partial/t3_rw811.smt2,SMTInterpol,True,12.060010650020558,12.060010650020558
UFNIA/2019-Zohar-ic/full/int_check_bvsgt_bvneg_rtl.smt2,cvc5,True,0.4263860040809959,0.4263860040809959
UFNIA/2019-Preiner/qf/t3_rw1186.smt2,SMTInterpol,True,0.45668270596070215,0.45668270596070215
UFNIA/2019-Zohar-ic/partial/int_check_eq_bvurem1_ltr_no_inv.smt2,SMTInterpol,True,9.043792631011456,9.043792631011456
UFNIA/vcc-havoc/verisoft-sim.c.2.46.translated_read_sim.smt2,iProver,True,5.39159288816154,5.39159288816154
UFNIA/2019-Preiner/partial/t3_rw97.smt2,SMTInterpol,True,3.7122213080292568,3.7122213080292568
UFNIA/2019-Zohar-ic/full/int_check_bvuge_bvashr1_rtl.smt2,cvc5,False,1200,2400
UFNIA/2019-Preiner/combined/t3_rw759.smt2,cvc5,True,0.25812124111689627,0.25812124111689627
UFNIA/sledgehammer/TwoSquares/z3.629668.smt2,cvc5,True,0.3644032839220017,0.3644032839220017
UFNIA/2019-Preiner/partial/t3_rw883.smt2,SMTInterpol,True,3.5603362200199626,3.5603362200199626
UFNIA/2019-Preiner/full/t3_rw868.smt2,SMTInterpol,True,0.6364812789834104,0.6364812789834104
UFNIA/2019-Preiner/qf/t3_rw1291.smt2,SMTInterpol,True,0.46890293300384656,0.46890293300384656
UFNIA/2019-Preiner/partial/t3_rw707.smt2,SMTInterpol,True,3.415726450039074,3.415726450039074
UFNIA/2019-Preiner/full/f2_rw333.smt2,cvc5,True,0.2479662059340626,0.2479662059340626
UFNIA/2019-Preiner/qf/t3_rw483.smt2,SMTInterpol,True,0.45164106698939577,0.45164106698939577
UFNIA/2019-Preiner/qf/f2_rw161.smt2,SMTInterpol,True,0.4926366519648582,0.4926366519648582
UFNIA/2019-Zohar-ic/combined/int_check_bvslt_bvudiv1_ltr_no_inv.smt2,cvc5,True,0.3928600379731506,0.3928600379731506
UFNIA/2019-Zohar-ic/full/int_check_bvslt_bvlshr0_ltr_no_inv.smt2,cvc5,False,1200,2400
UFNIA/2019-Preiner/full/t3_rw1128.smt2,cvc5,True,0.25905194296501577,0.25905194296501577
UFNIA/2019-Preiner/partial/t3_rw1286.smt2,SMTInterpol,True,2.303596405952703,2.303596405952703
UFNIA/2019-Zohar-alive/combined/combined_AddSub:1295_values_0.smt2,cvc5,False,1200,2400
UFNIA/2019-Preiner/partial/t3_rw887.smt2,SMTInterpol,True,2.1985978230368346,2.1985978230368346
UFNIA/vcc-havoc/verisoft-baby.c.30.exec_ls.smt2,iProver,True,4.894175738096237,4.894175738096237
UFNIA/2019-Zohar-ic/combined/int_check_ne_bvurem0_rtl.smt2,cvc5,True,0.2372869080863893,0.2372869080863893
UFNIA/sledgehammer/Fundamental_Theorem_Algebra/z3.1063836.smt2,cvc5,False,1200,2400
UFNIA/20190909-CLEARSY/0015/00098.smt2,cvc5,True,517.0277428638656,517.0277428638656
UFNIA/lahiri-cav09-storm-queries/usbsamp_example_cegar_2_1_1.smt2,cvc5,False,1200,2400
UFNIA/2019-Zohar-ic/full/int_check_bvsle_bvneg_rtl.smt2,SMTInterpol,True,0.4921084570232779,0.4921084570232779
UFNIA/2019-Zohar-ic/partial/int_check_bvule_bvneg_ltr_no_inv.smt2,SMTInterpol,True,1.2486176610109396,1.2486176610109396
UFNIA/2019-Zohar-alive/combined/combined_muldivrem:152_values_0.smt2,cvc5,True,30.370060476940125,30.370060476940125
UFNIA/spec_sharp/test14-DafnyAst.ssc.56.Microsoft.Dafny.MemberDecl.get_FullName.smt2,cvc5,True,20.604734078980982,20.604734078980982
UFNIA/20230314-Jaroslav-Bendik-Certora/52759_b3ecd2335fd16ec2eee2_9_UFNIA.smt2,cvc5,True,581.0490332120098,581.0490332120098
UFNIA/lahiri-cav09-storm-queries/mqueue_example_2_2_8_3.smt2,cvc5,True,9.420467216987163,9.420467216987163
UFNIA/2019-Preiner/partial/t3_rw1457.smt2,SMTInterpol,True,2.459859623981174,2.459859623981174
UFNIA/2019-Preiner/qf/t3_rw971.smt2,SMTInterpol,True,0.4515300670173019,0.4515300670173019
UFNIA/2019-Zohar-ic/full/int_check_ne_bvshl1_ltr_no_inv.smt2,cvc5,True,30.283654552185908,30.283654552185908
UFNIA/sledgehammer/FFT/z3.742461.smt2,cvc5,False,1200,2400
UFNIA/2019-Preiner/qf/t3_rw1031.smt2,SMTInterpol,True,0.4565452699898742,0.4565452699898742
UFNIA/2019-Preiner/combined/t3_rw883.smt2,cvc5,False,1200,2400
UFNIA/2019-Zohar-alive/full/full_muldivrem:152_values_0.smt2,SMTInterpol,False,1200,2400
UFNIA/sledgehammer/FFT/z3.592924.smt2,cvc5,False,1200,2400
UFNIA/2019-Preiner/full/t3_rw113.smt2,cvc5,False,1200,2400
UFNIA/2019-Zohar-ic/full/int_check_bvult_bvshl0_ltr_inv_g.smt2,cvc5,True,0.2532201979774982,0.2532201979774982
UFNIA/2019-Preiner/combined/t3_rw707.smt2,cvc5,True,0.518371616024524,0.518371616024524
UFNIA/sledgehammer/QEpres/z3.1171594.smt2,cvc5,False,1200,2400
UFNIA/2019-Preiner/full/t3_rw645.smt2,cvc5,False,1200,2400
UFNIA/sledgehammer/QEpres/z3.635092.smt2,cvc5,False,1200,2400
UFNIA/2019-Preiner/qf/t3_rw1514.smt2,SMTInterpol,True,0.514734867028892,0.514734867028892
UFNIA/2019-Preiner/partial/t3_rw646.smt2,SMTInterpol,True,4.388007715984713,4.388007715984713
UFNIA/2019-Preiner/partial/f2_rw227.smt2,SMTInterpol,True,3.2643816439667717,3.2643816439667717
UFNIA/2019-Zohar-ic/combined/int_check_bvsle_bvand_ltr_no_inv.smt2,cvc5,True,412.50211668293923,412.50211668293923
UFNIA/2019-Preiner/full/f2_rw7.smt2,cvc5,True,0.2281014348845929,0.2281014348845929
UFNIA/2019-Preiner/full/t3_rw932.smt2,cvc5,True,0.2558716549538076,0.2558716549538076
UFNIA/2019-Preiner/partial/f2_rw54.smt2,SMTInterpol,True,3.5098001239821315,3.5098001239821315
UFNIA/2019-Preiner/partial/t3_rw1156.smt2,SMTInterpol,True,6.155182218004484,6.155182218004484
UFNIA/2019-Preiner/full/t3_rw38.smt2,cvc5,False,1200,2400
UFNIA/2019-Preiner/full/t3_rw82.smt2,cvc5,False,1200,2400
UFNIA/2019-Preiner/combined/t3_rw461.smt2,cvc5,True,322.17107911687344,322.17107911687344
UFNIA/2019-Preiner/qf/t3_rw1049.smt2,SMTInterpol,True,0.4519769449834712,0.4519769449834712
UFNIA/2019-Preiner/combined/t3_rw1514.smt2,cvc5,False,1200,2400
UFNIA/2019-Preiner/partial/t3_rw984.smt2,SMTInterpol,True,3.631539875001181,3.631539875001181
UFNIA/2019-Preiner/full/t3_rw626.smt2,cvc5,False,1200,2400
UFNIA/2019-Preiner/qf/t3_rw364.smt2,SMTInterpol,True,0.44315689796349034,0.44315689796349034
UFNIA/2019-Preiner/qf/t3_rw371.smt2,SMTInterpol,True,0.468660272017587,0.468660272017587
UFNIA/2019-Zohar-ic/full/int_check_bvsgt_bvurem1_ltr_inv_g.smt2,cvc5,False,1200,2400
UFNIA/2019-Zohar-ic/combined/int_check_bvsge_bvashr1_rtl.smt2,cvc5,True,30.712697746930644,30.712697746930644
UFNIA/2019-Zohar-ic/partial/int_check_bvule_bvlshr1_ltr_no_inv.smt2,SMTInterpol,True,2.0089347989996895,2.0089347989996895
UFNIA/2019-Zohar-ic/partial/int_check_bvult_bvudiv0_ltr_no_inv.smt2,SMTInterpol,True,1.062825286993757,1.062825286993757
UFNIA/2019-Preiner/partial/t3_rw786.smt2,SMTInterpol,True,0.9962086249724962,0.9962086249724962
UFNIA/2019-Preiner/full/t3_rw1552.smt2,SMTInterpol,False,1200,2400
UFNIA/2019-Preiner/partial/f2_rw95.smt2,SMTInterpol,True,2.3972337000304833,2.3972337000304833
UFNIA/2019-Preiner/partial/t3_rw1411.smt2,SMTInterpol,True,5.33619587298017,5.33619587298017
UFNIA/2019-Preiner/partial/t3_rw1005.smt2,SMTInterpol,True,3.407575908000581,3.407575908000581
UFNIA/2019-Preiner/qf/t3_rw1037.smt2,SMTInterpol,True,0.4852023529820144,0.4852023529820144
UFNIA/2019-Preiner/full/t3_rw1114.smt2,SMTInterpol,False,1200,2400
UFNIA/2019-Zohar-ic/partial/int_check_bvsgt_bvshl0_ltr_inv_g.smt2,SMTInterpol,True,3.0293458870146424,3.0293458870146424
UFNIA/2019-Preiner/combined/t3_rw1448.smt2,cvc5,False,1200,2400
UFNIA/2019-Zohar-alive/combined/combined_Select:430_values_60.smt2,cvc5,False,1200,2400
UFNIA/2019-Preiner/combined/t3_rw1037.smt2,cvc5,False,1200,2400
UFNIA/2019-Preiner/combined/t3_rw1212.smt2,cvc5,True,0.3812667049933225,0.3812667049933225
UFNIA/2019-Preiner/partial/t3_rw288.smt2,SMTInterpol,True,3.8906664000242017,3.8906664000242017
UFNIA/2019-Preiner/full/t3_rw1390.smt2,SMTInterpol,False,1200,2400
UFNIA/sledgehammer/TwoSquares/z3.804435.smt2,cvc5,False,1200,2400
UFNIA/2019-Preiner/partial/t3_rw213.smt2,SMTInterpol,True,5.004855015024077,5.004855015024077
UFNIA/2019-Zohar-ic/full/int_check_bvslt_bvurem1_ltr_no_inv.smt2,cvc5,True,9.251134448917583,9.251134448917583
UFNIA/2019-Zohar-alive/combined/combined_Select:575a_values_0.smt2,cvc5,True,458.7044075629674,458.7044075629674
UFNIA/sledgehammer/TwoSquares/z3.654890.smt2,SMTInterpol,False,1200,2400
UFNIA/2019-Preiner/partial/t3_rw1258.smt2,SMTInterpol,True,4.322961517958902,4.322961517958902
UFNIA/2019-Preiner/partial/f2_rw8.smt2,SMTInterpol,True,0.9644061390426941,0.9644061390426941
UFNIA/2019-Preiner/partial/t3_rw1284.smt2,SMTInterpol,True,4.56317716097692,4.56317716097692
UFNIA/2019-Preiner/partial/t3_rw131.smt2,SMTInterpol,True,3.716180939984042,3.716180939984042
UFNIA/2019-Preiner/full/t3_rw1377.smt2,SMTInterpol,False,1200,2400
UFNIA/sledgehammer/QEpres/z3.623588.smt2,cvc5,False,1200,2400
UFNIA/2019-Preiner/full/t3_rw1045.smt2,SMTInterpol,False,1200,2400
UFNIA/2019-Preiner/partial/t3_rw751.smt2,SMTInterpol,True,1.0293247630470432,1.0293247630470432
UFNIA/2019-Preiner/qf/t3_rw261.smt2,SMTInterpol,True,0.47683532896917313,0.47683532896917313
UFNIA/2019-Zohar-alive/full/full_AddSub:1560_values_0.smt2,SMTInterpol,True,79.77185886196094,79.77185886196094
UFNIA/2019-Preiner/partial/t3_rw617.smt2,SMTInterpol,True,3.657987387967296,3.657987387967296
UFNIA/2019-Preiner/partial/t3_rw443.smt2,SMTInterpol,True,3.5451017859741114,3.5451017859741114
UFNIA/2019-Preiner/full/f2_rw158.smt2,cvc5,True,0.23281702492386103,0.23281702492386103
UFNIA/2019-Preiner/combined/t3_rw190.smt2,cvc5,True,0.33865046594291925,0.33865046594291925
UFNIA/2019-Preiner/full/f2_rw14.smt2,SMTInterpol,True,0.6069528050138615,0.6069528050138615
UFNIA/2019-Zohar-ic/combined/int_check_ne_bvor_ltr_no_inv.smt2,cvc5,True,0.2744583908934146,0.2744583908934146
UFNIA/2019-Preiner/full/t3_rw1100.smt2,SMTInterpol,False,1200,2400
UFNIA/sledgehammer/FFT/z3.1019144.smt2,cvc5,False,1200,2400
UFNIA/vcc-havoc/CWindowsCard.c.50.ExecuteInstruction.smt2,iProver,True,6.882191522978246,6.882191522978246
UFNIA/2019-Zohar-ic/combined/int_check_bvugt_bvashr0_ltr_inv_g.smt2,cvc5,True,7.447998235933483,7.447998235933483
UFNIA/2019-Preiner/full/t3_rw447.smt2,cvc5,False,1200,2400
UFNIA/2019-Zohar-alive/full/full_InstCombineShift497a_values_0.smt2,SMTInterpol,False,1200,2400
UFNIA/2019-Preiner/combined/f2_rw267.smt2,cvc5,True,0.2500303089618683,0.2500303089618683
UFNIA/2019-Preiner/partial/t3_rw838.smt2,SMTInterpol,True,4.146973397000693,4.146973397000693
UFNIA/2019-Preiner/combined/f2_rw144.smt2,cvc5,True,0.259168297983706,0.259168297983706
UFNIA/vcc-havoc/verisoft-sim.c.2.22.untranslated_write_sim.smt2,iProver,True,5.884008476044983,5.884008476044983
UFNIA/20190909-CLEARSY/0016/00238.smt2,cvc5,True,600.8625246898737,600.8625246898737
UFNIA/2019-Preiner/qf/t3_rw1162.smt2,SMTInterpol,True,0.5548391929914942,0.5548391929914942
UFNIA/2019-Preiner/partial/t3_rw313.smt2,SMTInterpol,True,8.400668856978882,8.400668856978882
UFNIA/2019-Zohar-ic/full/int_check_bvslt_bvnot_ltr_no_inv.smt2,cvc5,True,2.8865859860088676,2.8865859860088676
UFNIA/sledgehammer/TwoSquares/z3.615135.smt2,cvc5,True,0.34426473709754646,0.34426473709754646
UFNIA/2019-Preiner/qf/t3_rw1324.smt2,SMTInterpol,True,0.48174386203754693,0.48174386203754693
UFNIA/2019-Preiner/qf/f2_rw34.smt2,SMTInterpol,True,0.42458816699218005,0.42458816699218005
UFNIA/2019-Preiner/full/t3_rw1292.smt2,cvc5,False,1200,2400
UFNIA/2019-Preiner/partial/f2_rw238.smt2,SMTInterpol,True,2.980019835056737,2.980019835056737
UFNIA/2019-Preiner/partial/t3_rw1016.smt2,SMTInterpol,True,19.28040847199736,19.28040847199736
UFNIA/2019-Preiner/partial/t3_rw778.smt2,SMTInterpol,True,0.8568643309990875,0.8568643309990875
UFNIA/sledgehammer/FFT/z3.841177.smt2,cvc5,False,1200,2400
UFNIA/2019-Preiner/qf/t3_rw593.smt2,SMTInterpol,True,0.48791110096499324,0.48791110096499324
UFNIA/2019-Preiner/qf/t3_rw1005.smt2,SMTInterpol,True,0.4677344689844176,0.4677344689844176
UFNIA/2019-Preiner/partial/t3_rw585.smt2,SMTInterpol,True,14.999124589026906,14.999124589026906
UFNIA/vcc-havoc/vccp-StackArray.c.6.Pop.smt2,cvc5,True,0.27314203092828393,0.27314203092828393
UFNIA/2019-Preiner/qf/t3_rw32.smt2,SMTInterpol,True,0.4397384440526366,0.4397384440526366
UFNIA/sledgehammer/TwoSquares/z3.898539.smt2,cvc5,False,1200,2400
UFNIA/2019-Preiner/partial/t3_rw45.smt2,SMTInterpol,True,3.641481105994899,3.641481105994899
UFNIA/2019-Preiner/partial/t3_rw116.smt2,SMTInterpol,True,6.967056509980466,6.967056509980466
UFNIA/2019-Preiner/qf/t3_rw552.smt2,SMTInterpol,True,0.43584125995403156,0.43584125995403156
UFNIA/2019-Zohar-ic/combined/int_check_bvsle_bvashr0_rtl.smt2,cvc5,False,1200,2400
UFNIA/2019-Zohar-ic/full/int_check_eq_bvurem1_rtl.smt2,cvc5,False,1200,2400
UFNIA/sledgehammer/TwoSquares/z3.870615.smt2,SMTInterpol,False,1200,2400
UFNIA/2019-Preiner/partial/f2_rw225.smt2,SMTInterpol,True,4.457002345006913,4.457002345006913
UFNIA/2019-Preiner/full/t3_rw728.smt2,SMTInterpol,True,0.6044386870344169,0.6044386870344169
UFNIA/2019-Preiner/partial/t3_rw1350.smt2,SMTInterpol,True,69.89359621994663,69.89359621994663
UFNIA/2019-Preiner/full/t3_rw232.smt2,cvc5,False,1200,2400
UFNIA/sledgehammer/Fundamental_Theorem_Algebra/z3.672528.smt2,cvc5,False,1200,2400
UFNIA/2019-Preiner/combined/t3_rw7.smt2,cvc5,True,0.28060032706707716,0.28060032706707716
UFNIA/2019-Preiner/combined/t3_rw848.smt2,cvc5,True,2.196133431047201,2.196133431047201
UFNIA/2019-Preiner/combined/t3_rw783.smt2,cvc5,True,0.22791392006911337,0.22791392006911337
UFNIA/2019-Preiner/combined/t3_rw371.smt2,cvc5,True,1.6512221349403262,1.6512221349403262
UFNIA/2019-Preiner/qf/t3_rw108.smt2,SMTInterpol,True,0.40503276500385255,0.40503276500385255
UFNIA/2019-Preiner/full/t3_rw1407.smt2,SMTInterpol,False,1200,2400
UFNIA/2019-Preiner/partial/t3_rw602.smt2,SMTInterpol,True,2.825159916013945,2.825159916013945
UFNIA/2019-Zohar-alive/partial/partial_Select:1100_values_57.smt2,SMTInterpol,True,0.6501358060049824,0.6501358060049824
UFNIA/2019-Zohar-ic/combined/int_check_bvsge_bvlshr1_rtl.smt2,cvc5,True,30.698878353927284,30.698878353927284
UFNIA/2019-Zohar-ic/combined/int_check_bvsge_bvlshr0_ltr_inv_r.smt2,cvc5,False,1200,2400
UFNIA/2019-Preiner/qf/t3_rw613.smt2,SMTInterpol,True,0.4400682669947855,0.4400682669947855
UFNIA/2019-Preiner/full/t3_rw1048.smt2,SMTInterpol,True,2.3054142839973792,2.3054142839973792
UFNIA/2019-Preiner/full/t3_rw554.smt2,cvc5,False,1200,2400
UFNIA/vcc-havoc/verisoft-sim.c.1.26.translated_read_sim.smt2,iProver,True,4.91908669215627,4.91908669215627
UFNIA/2019-Preiner/combined/t3_rw414.smt2,cvc5,False,1200,2400
UFNIA/spec_sharp/textbook-SumClass.dll.4.ArraySum..ctor.smt2,cvc5,True,1.2493861210532486,1.2493861210532486
UFNIA/2019-Zohar-ic/partial/int_check_bvult_bvneg_rtl.smt2,SMTInterpol,True,0.5487775460351259,0.5487775460351259
UFNIA/2019-Preiner/partial/t3_rw1439.smt2,SMTInterpol,True,2.645298469986301,2.645298469986301
UFNIA/sledgehammer/Fundamental_Theorem_Algebra/z3.784961.smt2,cvc5,False,1200,2400
UFNIA/2019-Preiner/combined/t3_rw991.smt2,cvc5,True,0.4641598709858954,0.4641598709858954
UFNIA/vcc-havoc/CWindowsCard.c.45.ExecuteInstruction.smt2,iProver,True,7.412163770990446,7.412163770990446
UFNIA/2019-Preiner/partial/t3_rw316.smt2,SMTInterpol,True,5.257082308002282,5.257082308002282
UFNIA/2019-Preiner/qf/t3_rw165.smt2,SMTInterpol,True,0.48726832994725555,0.48726832994725555
UFNIA/2019-Preiner/combined/t3_rw146.smt2,cvc5,True,1.1156666679307818,1.1156666679307818
UFNIA/2019-Preiner/qf/t3_rw235.smt2,SMTInterpol,True,0.5081036429619417,0.5081036429619417
UFNIA/sledgehammer/TwoSquares/z3.679941.smt2,cvc5,False,1200,2400
UFNIA/2019-Preiner/full/f2_rw61.smt2,cvc5,False,1200,2400
UFNIA/2019-Preiner/combined/f2_rw80.smt2,cvc5,True,0.2559291780926287,0.2559291780926287
UFNIA/sledgehammer/Fundamental_Theorem_Algebra/z3.750872.smt2,cvc5,True,1.441751322010532,1.441751322010532
UFNIA/2019-Preiner/qf/t3_rw1469.smt2,SMTInterpol,True,0.5308960240217857,0.5308960240217857
UFNIA/lahiri-cav09-storm-queries/serial_write_example_2_2_4_1.smt2,cvc5,False,1200,2400
UFNIA/2019-Preiner/full/f2_rw49.smt2,SMTInterpol,False,1200,2400
UFNIA/2019-Preiner/partial/t3_rw199.smt2,SMTInterpol,True,7.490360115014482,7.490360115014482
UFNIA/sledgehammer/QEpres/z3.1157975.smt2,cvc5,False,1200,2400
UFNIA/2019-Preiner/qf/t3_rw1551.smt2,SMTInterpol,True,0.4719352960237302,0.4719352960237302
UFNIA/lahiri-cav09-storm-queries/usbsamp_example_2_3_4_0.smt2,cvc5,True,1016.0674217469059,1016.0674217469059
UFNIA/2019-Zohar-ic/combined/int_check_bvsgt_bvshl0_rtl.smt2,cvc5,False,1200,2400
UFNIA/lahiri-cav09-storm-queries/usbsamp_example_2_3_2_4.smt2,cvc5,True,1015.4321026389953,1015.4321026389953
UFNIA/2019-Zohar-ic/full/int_check_bvule_bvudiv1_ltr_inv_g.smt2,cvc5,False,1200,2400
UFNIA/2019-Zohar-ic/full/int_check_bvsle_bvshl1_rtl.smt2,cvc5,False,1200,2400
UFNIA/spec_sharp/test14-CommandLineOptions.ssc.6.Microsoft.Boogie.CommandLineOptions.CommandLineParseState.CheckBooleanFlag_System.String_notnull_Sys.smt2,cvc5,False,1200,2400
UFNIA/sledgehammer/Fundamental_Theorem_Algebra/z3.1444902.smt2,cvc5,True,0.2737290079239756,0.2737290079239756
UFNIA/2019-Preiner/combined/f2_rw320.smt2,cvc5,True,0.2676532950717956,0.2676532950717956
UFNIA/20190909-CLEARSY/0016/00574.smt2,SMTInterpol,True,1.6792262580129318,1.6792262580129318
UFNIA/sledgehammer/Fundamental_Theorem_Algebra/z3.575946.smt2,cvc5,False,1200,2400
UFNIA/2019-Preiner/partial/t3_rw355.smt2,SMTInterpol,True,7.117795134021435,7.117795134021435
UFNIA/sledgehammer/Fundamental_Theorem_Algebra/z3.1466470.smt2,cvc5,True,36.22197694191709,36.22197694191709
UFNIA/2019-Preiner/combined/t3_rw46.smt2,cvc5,True,0.7616626680828631,0.7616626680828631
UFNIA/sledgehammer/Fundamental_Theorem_Algebra/z3.986235.smt2,cvc5,False,1200,2400
UFNIA/2019-Preiner/qf/t3_rw750.smt2,SMTInterpol,True,0.4735084239509888,0.4735084239509888
UFNIA/2019-Preiner/partial/t3_rw1167.smt2,SMTInterpol,True,3.8764606100157835,3.8764606100157835
UFNIA/2019-Preiner/qf/f2_rw44.smt2,SMTInterpol,True,0.4425701879663393,0.4425701879663393
UFNIA/sledgehammer/Fundamental_Theorem_Algebra/z3.1133439.smt2,cvc5,False,1200,2400
UFNIA/2019-Preiner/full/t3_rw1496.smt2,SMTInterpol,True,2.272354603977874,2.272354603977874
UFNIA/2019-Preiner/qf/t3_rw989.smt2,SMTInterpol,True,0.44975791400065646,0.44975791400065646
UFNIA/2019-Preiner/qf/f2_rw254.smt2,SMTInterpol,True,0.44614764099242166,0.44614764099242166
UFNIA/2019-Preiner/full/t3_rw166.smt2,cvc5,False,1200,2400
UFNIA/sledgehammer/Fundamental_Theorem_Algebra/z3.745924.smt2,cvc5,False,1200,2400
UFNIA/2019-Preiner/full/t3_rw856.smt2,cvc5,False,1200,2400
UFNIA/2019-Zohar-ic/qf/int_check_bvult_bvneg_ltr_no_inv.smt2,SMTInterpol,True,0.4637968669994734,0.4637968669994734
UFNIA/2019-Preiner/combined/t3_rw1175.smt2,cvc5,True,0.5721900218632072,0.5721900218632072
UFNIA/2019-Preiner/qf/t3_rw433.smt2,SMTInterpol,True,0.4563794319983572,0.4563794319983572
UFNIA/2019-Preiner/combined/f2_rw311.smt2,cvc5,True,0.27954698307439685,0.27954698307439685
UFNIA/vcc-havoc/havoc-bench_sum.1.bar.smt2,cvc5,True,0.5026072119362652,0.5026072119362652
UFNIA/2019-Zohar-ic/full/int_check_bvsgt_bvor_rtl.smt2,cvc5,False,1200,2400
UFNIA/2019-Preiner/full/t3_rw83.smt2,cvc5,False,1200,2400
UFNIA/2019-Zohar-ic/partial/int_check_bvuge_bvshl0_rtl.smt2,SMTInterpol,True,1.5644175979541615,1.5644175979541615
UFNIA/2019-Preiner/full/t3_rw1499.smt2,SMTInterpol,False,1200,2400
UFNIA/2019-Preiner/qf/t3_rw1262.smt2,SMTInterpol,True,0.4926441910210997,0.4926441910210997
UFNIA/2019-Preiner/combined/t3_rw681.smt2,cvc5,True,0.23279301915317774,0.23279301915317774
UFNIA/2019-Preiner/combined/t3_rw1519.smt2,cvc5,False,1200,2400
UFNIA/2019-Preiner/partial/f2_rw224.smt2,SMTInterpol,True,4.48997600201983,4.48997600201983
UFNIA/2019-Preiner/full/t3_rw18.smt2,cvc5,True,0.2237554220482707,0.2237554220482707
UFNIA/2019-Zohar-ic/full/int_check_bvugt_bvudiv0_ltr_no_inv.smt2,cvc5,True,0.23148571094498038,0.23148571094498038
UFNIA/2019-Preiner/full/t3_rw1456.smt2,cvc5,False,1200,2400
UFNIA/2019-Preiner/combined/t3_rw1406.smt2,cvc5,True,0.28393875109031796,0.28393875109031796
UFNIA/2019-Preiner/qf/t3_rw981.smt2,SMTInterpol,True,0.4758378539700061,0.4758378539700061
UFNIA/2019-Preiner/qf/t3_rw1196.smt2,SMTInterpol,True,0.4894232720253058,0.4894232720253058
UFNIA/2019-Preiner/qf/t3_rw1555.smt2,SMTInterpol,True,0.477731577004306,0.477731577004306
UFNIA/2019-Preiner/full/t3_rw1123.smt2,cvc5,False,1200,2400
UFNIA/2019-Preiner/partial/t3_rw873.smt2,SMTInterpol,True,2.285002121992875,2.285002121992875
UFNIA/2019-Preiner/qf/t3_rw1233.smt2,SMTInterpol,True,0.49510362098226324,0.49510362098226324
UFNIA/2019-Preiner/qf/t3_rw1436.smt2,SMTInterpol,True,0.5253551149507985,0.5253551149507985
UFNIA/2019-Preiner/full/t3_rw915.smt2,cvc5,False,1200,2400
UFNIA/2019-Zohar-ic/full/int_check_ne_bvudiv1_rtl.smt2,cvc5,True,0.25150045403279364,0.25150045403279364
UFNIA/lahiri-cav09-storm-queries/usbsamp_example_2_2_4_4.smt2,cvc5,True,1037.8448479289655,1037.8448479289655
UFNIA/2019-Preiner/full/f2_rw138.smt2,cvc5,False,1200,2400
UFNIA/2019-Preiner/full/t3_rw1083.smt2,SMTInterpol,False,1200,2400
UFNIA/2019-Preiner/partial/t3_rw1434.smt2,SMTInterpol,True,4.205223869998008,4.205223869998008
UFNIA/2019-Preiner/combined/t3_rw465.smt2,cvc5,False,1200,2400
UFNIA/2019-Preiner/partial/t3_rw1400.smt2,SMTInterpol,True,4.764994845027104,4.764994845027104
UFNIA/2019-Preiner/full/t3_rw1438.smt2,SMTInterpol,False,1200,2400
UFNIA/2019-Preiner/qf/t3_rw150.smt2,SMTInterpol,True,0.47038981097284704,0.47038981097284704
UFNIA/2019-Preiner/full/t3_rw585.smt2,SMTInterpol,False,1200,2400
UFNIA/2019-Zohar-alive/partial/partial_AndOrXor:978_values_0.smt2,SMTInterpol,True,0.7319654560415074,0.7319654560415074
UFNIA/2019-Preiner/partial/t3_rw670.smt2,SMTInterpol,True,7.656049344979692,7.656049344979692
UFNIA/2019-Preiner/partial/t3_rw463.smt2,SMTInterpol,True,3.2158159980317578,3.2158159980317578
UFNIA/2019-Preiner/qf/t3_rw1064.smt2,SMTInterpol,True,0.46853641397319734,0.46853641397319734
UFNIA/2019-Preiner/full/t3_rw998.smt2,cvc5,False,1200,2400
UFNIA/lahiri-cav09-storm-queries/mqueue_example_2_2_4_0.smt2,cvc5,True,17.580147126922384,17.580147126922384
UFNIA/2019-Zohar-ic/full/int_check_bvsle_bvurem1_rtl.smt2,cvc5,True,0.3556348499841988,0.3556348499841988
UFNIA/2019-Preiner/partial/t3_rw157.smt2,SMTInterpol,True,475.68064216099447,475.68064216099447
UFNIA/2019-Preiner/combined/f2_rw127.smt2,cvc5,True,0.3291433500126004,0.3291433500126004
UFNIA/2019-Preiner/full/t3_rw1337.smt2,SMTInterpol,False,1200,2400
UFNIA/2019-Preiner/full/f2_rw21.smt2,cvc5,True,0.3329642848111689,0.3329642848111689
UFNIA/2019-Preiner/combined/f2_rw322.smt2,cvc5,True,0.38846214511431754,0.38846214511431754
UFNIA/2019-Preiner/full/t3_rw504.smt2,cvc5,False,1200,2400
UFNIA/2019-Preiner/partial/f2_rw337.smt2,SMTInterpol,True,0.9524205180350691,0.9524205180350691
UFNIA/sledgehammer/QEpres/z3.1163903.smt2,cvc5,False,1200,2400
UFNIA/sledgehammer/QEpres/z3.755418.smt2,cvc5,False,1200,2400
UFNIA/2019-Preiner/combined/t3_rw1157.smt2,cvc5,False,1200,2400
UFNIA/sledgehammer/Fundamental_Theorem_Algebra/z3.585786.smt2,cvc5,True,0.3338865770492703,0.3338865770492703
UFNIA/2019-Zohar-alive/full/full_AndOrXor:1288_values_0.smt2,SMTInterpol,False,1200,2400
UFNIA/2019-Preiner/qf/t3_rw1053.smt2,SMTInterpol,True,0.4945783319999464,0.4945783319999464
UFNIA/2019-Preiner/full/t3_rw1566.smt2,SMTInterpol,False,1200,2400
UFNIA/sledgehammer/FFT/z3.718071.smt2,cvc5,False,1200,2400
UFNIA/2019-Zohar-ic/partial/int_check_bvsge_bvurem0_ltr_inv_g.smt2,SMTInterpol,True,2.6367109669954516,2.6367109669954516
UFNIA/2019-Preiner/qf/t3_rw293.smt2,SMTInterpol,True,0.48106679297052324,0.48106679297052324
UFNIA/2019-Preiner/combined/t3_rw744.smt2,cvc5,False,1200,2400
UFNIA/2019-Preiner/partial/f2_rw297.smt2,SMTInterpol,True,1.0510776689625345,1.0510776689625345
UFNIA/spec_sharp/test14-DafnyAst.ssc.20.Microsoft.Dafny.SetType..ctor_Microsoft.Dafny.Type_notnull.smt2,cvc5,True,3.9682620530948043,3.9682620530948043
UFNIA/2019-Zohar-alive/full/full_Select:719_values_0.smt2,SMTInterpol,True,0.5923039420158602,0.5923039420158602
UFNIA/2019-Preiner/combined/t3_rw204.smt2,cvc5,True,30.732698794919997,30.732698794919997
UFNIA/2019-Preiner/partial/f2_rw106.smt2,SMTInterpol,True,1.0227506689843722,1.0227506689843722
UFNIA/2019-Preiner/partial/f2_rw17.smt2,SMTInterpol,True,0.7966609600116499,0.7966609600116499
UFNIA/2019-Preiner/full/t3_rw821.smt2,cvc5,False,1200,2400
UFNIA/2019-Preiner/combined/t3_rw133.smt2,cvc5,False,1200,2400
UFNIA/2019-Preiner/partial/f2_rw163.smt2,SMTInterpol,True,0.9820596050121821,0.9820596050121821
UFNIA/2019-Preiner/partial/t3_rw1236.smt2,SMTInterpol,True,3.2718889829702675,3.2718889829702675
UFNIA/2019-Preiner/full/t3_rw1050.smt2,SMTInterpol,True,7.1682968469685875,7.1682968469685875
UFNIA/2019-Preiner/combined/t3_rw284.smt2,cvc5,False,1200,2400
UFNIA/2019-Preiner/full/t3_rw1370.smt2,SMTInterpol,False,1200,2400
UFNIA/2019-Preiner/combined/t3_rw807.smt2,cvc5,True,30.92445296095684,30.92445296095684
UFNIA/2019-Preiner/full/t3_rw275.smt2,cvc5,False,1200,2400
UFNIA/2019-Preiner/full/t3_rw879.smt2,SMTInterpol,True,0.6326568530057557,0.6326568530057557
UFNIA/2019-Preiner/combined/f2_rw385.smt2,cvc5,True,0.22919353982433677,0.22919353982433677
UFNIA/2019-Preiner/full/f2_rw354.smt2,cvc5,False,1200,2400
UFNIA/2019-Preiner/qf/t3_rw1491.smt2,SMTInterpol,True,0.4491217620088719,0.4491217620088719
UFNIA/vcc-havoc/WindowsCard.c.39.MOpDUP.smt2,iProver,True,6.409699107054621,6.409699107054621
UFNIA/2019-Preiner/qf/t3_rw1110.smt2,SMTInterpol,True,0.5692118519800715,0.5692118519800715
UFNIA/2019-Preiner/qf/t3_rw277.smt2,SMTInterpol,True,0.5060363720403984,0.5060363720403984
UFNIA/2019-Preiner/qf/t3_rw318.smt2,SMTInterpol,True,0.4939111610292457,0.4939111610292457
UFNIA/2019-Preiner/combined/t3_rw1206.smt2,cvc5,False,1200,2400
UFNIA/2019-Zohar-alive/combined/combined_AndOrXor:1247_values_0.smt2,cvc5,False,1200,2400
UFNIA/2019-Preiner/qf/f2_rw113.smt2,SMTInterpol,True,0.4365834600175731,0.4365834600175731
UFNIA/2019-Preiner/partial/f2_rw36.smt2,SMTInterpol,True,3.624030075967312,3.624030075967312
UFNIA/sledgehammer/FFT/z3.900536.smt2,cvc5,False,1200,2400
UFNIA/2019-Zohar-alive/partial/partial_AndOrXor:1869_values_0.smt2,SMTInterpol,True,0.7149364379583858,0.7149364379583858
UFNIA/2019-Preiner/qf/f2_rw50.smt2,SMTInterpol,True,0.4548804439837113,0.4548804439837113
UFNIA/sledgehammer/FFT/z3.992563.smt2,cvc5,False,1200,2400
UFNIA/2019-Zohar-ic/qf/int_check_bvugt_bvshl1_ltr_no_inv.smt2,SMTInterpol,True,0.5086934349965304,0.5086934349965304
UFNIA/2019-Preiner/combined/f2_rw189.smt2,cvc5,True,0.22863512206822634,0.22863512206822634
UFNIA/sledgehammer/Fundamental_Theorem_Algebra/z3.616125.smt2,cvc5,True,1.8132772750686854,1.8132772750686854
UFNIA/sledgehammer/QEpres/z3.724112.smt2,cvc5,False,1200,2400
UFNIA/2019-Preiner/partial/t3_rw1228.smt2,SMTInterpol,True,3.484922793984879,3.484922793984879
UFNIA/2019-Preiner/qf/t3_rw1033.smt2,SMTInterpol,True,0.4808134729973972,0.4808134729973972
UFNIA/2019-Zohar-alive/combined/combined_muldivrem:290:292_values_0.smt2,cvc5,False,1200,2400
UFNIA/2019-Preiner/full/t3_rw1278.smt2,SMTInterpol,True,2.30447881098371,2.30447881098371
UFNIA/2019-Preiner/full/t3_rw465.smt2,cvc5,False,1200,2400
UFNIA/2019-Preiner/full/f2_rw220.smt2,cvc5,False,1200,2400
UFNIA/2019-Zohar-alive/full/full_AndOrXor:2515_values_0.smt2,SMTInterpol,False,1200,2400
UFNIA/2019-Preiner/partial/f2_rw78.smt2,SMTInterpol,True,1.1535469850059599,1.1535469850059599
UFNIA/2019-Preiner/partial/f2_rw423.smt2,SMTInterpol,True,0.9122766020009294,0.9122766020009294
UFNIA/2019-Preiner/partial/t3_rw134.smt2,SMTInterpol,True,3.4933053049608134,3.4933053049608134
UFNIA/2019-Preiner/partial/t3_rw1066.smt2,SMTInterpol,True,36.00983861403074,36.00983861403074
UFNIA/2019-Preiner/partial/t3_rw48.smt2,SMTInterpol,True,1.8011139589943923,1.8011139589943923
UFNIA/2019-Preiner/partial/t3_rw264.smt2,SMTInterpol,True,5.4071999689913355,5.4071999689913355
UFNIA/2019-Preiner/combined/t3_rw743.smt2,cvc5,False,1200,2400
UFNIA/2019-Zohar-alive/full/full_AndOrXor:516_values_0.smt2,SMTInterpol,True,20.258161136007402,20.258161136007402
UFNIA/2019-Zohar-alive/partial/partial_AndOrXor:2123_values_0.smt2,SMTInterpol,True,8.493840386974625,8.493840386974625
UFNIA/2019-Preiner/qf/f2_rw369.smt2,SMTInterpol,True,0.48065602098358795,0.48065602098358795
UFNIA/2019-Zohar-ic/combined/int_check_bvsle_bvshl1_rtl.smt2,cvc5,True,30.505711609963328,30.505711609963328
UFNIA/2019-Preiner/qf/t3_rw169.smt2,SMTInterpol,True,0.49158018501475453,0.49158018501475453
UFNIA/sledgehammer/Fundamental_Theorem_Algebra/z3.588742.smt2,cvc5,False,1200,2400
UFNIA/2019-Zohar-ic/qf/int_check_eq_bvshl1_rtl.smt2,SMTInterpol,True,0.5416809470043518,0.5416809470043518
UFNIA/2019-Preiner/partial/f2_rw384.smt2,SMTInterpol,True,1.0123107220279053,1.0123107220279053
UFNIA/lahiri-cav09-storm-queries/usbsamp_bug_example_2_3_8_1.smt2,cvc5,True,1010.3003539650235,1010.3003539650235
UFNIA/2019-Preiner/combined/t3_rw1115.smt2,cvc5,True,3.0473536991048604,3.0473536991048604
UFNIA/2019-Preiner/full/t3_rw700.smt2,cvc5,False,1200,2400
UFNIA/2019-Preiner/combined/t3_rw1202.smt2,cvc5,False,1200,2400
UFNIA/2019-Preiner/combined/t3_rw339.smt2,cvc5,True,0.6018763668835163,0.6018763668835163
UFNIA/2019-Zohar-ic/full/int_check_bvsle_bvor_rtl.smt2,cvc5,False,1200,2400
UFNIA/2019-Preiner/combined/t3_rw813.smt2,cvc5,True,3.2917448829393834,3.2917448829393834
UFNIA/2019-Preiner/full/f2_rw145.smt2,cvc5,True,0.23574274615384638,0.23574274615384638
UFNIA/2019-Preiner/partial/t3_rw445.smt2,SMTInterpol,True,3.8808004450402223,3.8808004450402223
UFNIA/2019-Preiner/qf/t3_rw942.smt2,SMTInterpol,True,0.4390369449974969,0.4390369449974969
UFNIA/2019-Zohar-ic/combined/int_check_bvule_bvashr1_ltr_inv_g.smt2,cvc5,False,1200,2400
UFNIA/2019-Preiner/qf/t3_rw137.smt2,SMTInterpol,True,0.4583609270048328,0.4583609270048328
UFNIA/sledgehammer/Fundamental_Theorem_Algebra/z3.809034.smt2,SMTInterpol,False,1200,2400
UFNIA/sledgehammer/TwoSquares/z3.741620.smt2,cvc5,False,1200,2400
UFNIA/2019-Preiner/partial/t3_rw743.smt2,SMTInterpol,True,5.131747947016265,5.131747947016265
UFNIA/2019-Zohar-ic/qf/int_check_bvsle_bvlshr0_ltr_no_inv.smt2,SMTInterpol,True,0.6154856340144761,0.6154856340144761
UFNIA/2019-Preiner/qf/t3_rw1086.smt2,SMTInterpol,True,0.46133987500797957,0.46133987500797957
UFNIA/2019-Preiner/combined/f2_rw264.smt2,cvc5,True,0.5771479858085513,0.5771479858085513
UFNIA/2019-Preiner/partial/f2_rw290.smt2,SMTInterpol,True,4.178712353052106,4.178712353052106
UFNIA/2019-Preiner/full/t3_rw1024.smt2,SMTInterpol,True,2.056907001999207,2.056907001999207
UFNIA/2019-Preiner/partial/f2_rw123.smt2,SMTInterpol,True,1.003632448031567,1.003632448031567
UFNIA/2019-Zohar-ic/qf/int_check_bvuge_bvashr0_ltr_no_inv.smt2,SMTInterpol,True,0.6706390609615482,0.6706390609615482
UFNIA/2019-Preiner/partial/t3_rw272.smt2,SMTInterpol,True,10.152198429044802,10.152198429044802
UFNIA/vcc-havoc/baby.1.7.handle_illegal.smt2,iProver,True,4.907842280110344,4.907842280110344
UFNIA/2019-Preiner/combined/f2_rw134.smt2,cvc5,True,0.29868312389589846,0.29868312389589846
UFNIA/2019-Preiner/qf/f2_rw276.smt2,SMTInterpol,True,0.45670093403896317,0.45670093403896317
UFNIA/2019-Preiner/qf/t3_rw924.smt2,SMTInterpol,True,0.44057339400751516,0.44057339400751516
UFNIA/2019-Zohar-ic/qf/int_check_bvsge_bvadd_ltr_no_inv.smt2,SMTInterpol,True,0.5257848089677282,0.5257848089677282
UFNIA/2019-Preiner/full/t3_rw886.smt2,SMTInterpol,True,2.240424435993191,2.240424435993191
UFNIA/2019-Zohar-alive/full/full_Select:420_values_0.smt2,SMTInterpol,False,1200,2400
UFNIA/2019-Preiner/full/t3_rw986.smt2,cvc5,False,1200,2400
UFNIA/2019-Preiner/qf/f2_rw336.smt2,SMTInterpol,True,0.46810982900206,0.46810982900206
UFNIA/2019-Preiner/partial/t3_rw1115.smt2,SMTInterpol,True,4.451880630978849,4.451880630978849
UFNIA/2019-Preiner/partial/t3_rw706.smt2,SMTInterpol,True,17.251495963020716,17.251495963020716
UFNIA/2019-Preiner/qf/f2_rw187.smt2,SMTInterpol,True,0.49211183696752414,0.49211183696752414
UFNIA/2019-Preiner/combined/t3_rw166.smt2,cvc5,True,2.090125784976408,2.090125784976408
UFNIA/2019-Preiner/partial/f2_rw166.smt2,SMTInterpol,True,1.1667025790084153,1.1667025790084153
UFNIA/2019-Preiner/qf/t3_rw262.smt2,SMTInterpol,True,0.4483445670339279,0.4483445670339279
UFNIA/2019-Preiner/full/t3_rw653.smt2,cvc5,False,1200,2400
UFNIA/2019-Preiner/partial/t3_rw498.smt2,SMTInterpol,True,20.120322616014164,20.120322616014164
UFNIA/2019-Preiner/partial/t3_rw901.smt2,SMTInterpol,True,4.172010654001497,4.172010654001497
UFNIA/2019-Preiner/partial/t3_rw1068.smt2,SMTInterpol,True,2.4579341530334204,2.4579341530334204
UFNIA/2019-Preiner/full/t3_rw810.smt2,cvc5,False,1200,2400
UFNIA/2019-Zohar-alive/partial/partial_AndOrXor:2063_values_0.smt2,SMTInterpol,True,26.2014463969972,26.2014463969972
UFNIA/2019-Preiner/combined/t3_rw1071.smt2,cvc5,False,1200,2400
UFNIA/2019-Preiner/full/t3_rw928.smt2,cvc5,True,0.26308195386081934,0.26308195386081934
UFNIA/sledgehammer/TwoSquares/z3.754134.smt2,cvc5,True,30.357928776880726,30.357928776880726
UFNIA/2019-Preiner/partial/t3_rw467.smt2,SMTInterpol,True,3.4521690429537557,3.4521690429537557
UFNIA/spec_sharp/textbook-MaxMinClass.dll.5.ArrayMaxMin.MaxEvenNoFilter.smt2,cvc5,True,1.3643085618969053,1.3643085618969053
UFNIA/2019-Preiner/qf/t3_rw697.smt2,SMTInterpol,True,0.5150932249962352,0.5150932249962352
UFNIA/2019-Preiner/full/f2_rw33.smt2,cvc5,True,0.3015576971229166,0.3015576971229166
UFNIA/2019-Preiner/combined/t3_rw1160.smt2,cvc5,True,30.98378956411034,30.98378956411034
UFNIA/2019-Preiner/full/f2_rw240.smt2,cvc5,True,0.3021358069963753,0.3021358069963753
UFNIA/2019-Preiner/full/t3_rw144.smt2,cvc5,False,1200,2400
UFNIA/2019-Zohar-ic/combined/int_check_ne_bvnot_rtl.smt2,cvc5,True,0.2541359649039805,0.2541359649039805
UFNIA/2019-Zohar-ic/combined/int_check_bvsle_bvlshr1_ltr_no_inv.smt2,cvc5,True,33.530759084038436,33.530759084038436
UFNIA/2019-Preiner/full/t3_rw1515.smt2,SMTInterpol,False,1200,2400
UFNIA/spec_sharp/test14-Xml.ssc.4.Microsoft.Boogie.XmlSink.Open.smt2,cvc5,False,1200,2400
UFNIA/2019-Preiner/qf/t3_rw48.smt2,SMTInterpol,True,0.48710195696912706,0.48710195696912706
UFNIA/2019-Preiner/qf/t3_rw517.smt2,SMTInterpol,True,0.4645768210175447,0.4645768210175447
UFNIA/vcc-havoc/WindowsCard.c.29.OpRET.smt2,iProver,True,5.3725848260801286,5.3725848260801286
UFNIA/vcc-havoc/verisoft-sim.c.2.54.translated_read_sim.smt2,iProver,True,4.906707192072645,4.906707192072645
UFNIA/2019-Zohar-ic/full/int_check_bvugt_bvshl1_rtl.smt2,cvc5,False,1200,2400
UFNIA/2019-Preiner/combined/t3_rw936.smt2,cvc5,True,0.2854740070179105,0.2854740070179105
UFNIA/2019-Zohar-ic/partial/int_check_eq_bvlshr1_rtl.smt2,SMTInterpol,True,2.2942331570084207,2.2942331570084207
UFNIA/2019-Preiner/qf/t3_rw394.smt2,SMTInterpol,True,0.39673305000178516,0.39673305000178516
UFNIA/2019-Zohar-ic/partial/int_check_bvugt_bvnot_rtl.smt2,SMTInterpol,True,0.5347562759998254,0.5347562759998254
UFNIA/2019-Preiner/full/t3_rw661.smt2,cvc5,False,1200,2400
UFNIA/2019-Preiner/qf/f2_rw367.smt2,SMTInterpol,True,0.49604654498398304,0.49604654498398304
UFNIA/2019-Preiner/partial/t3_rw447.smt2,SMTInterpol,True,3.4139212340232916,3.4139212340232916
UFNIA/2019-Preiner/full/t3_rw143.smt2,cvc5,False,1200,2400
UFNIA/2019-Preiner/full/t3_rw130.smt2,cvc5,True,0.34052290907129645,0.34052290907129645
UFNIA/2019-Preiner/qf/t3_rw471.smt2,SMTInterpol,True,0.4703526819939725,0.4703526819939725
UFNIA/2019-Preiner/qf/t3_rw1473.smt2,SMTInterpol,True,0.47272330499254167,0.47272330499254167
UFNIA/vcc-havoc/vccp-ArrayList.c.6.Add.smt2,cvc5,False,1200,2400
UFNIA/2019-Preiner/partial/t3_rw1215.smt2,SMTInterpol,True,17.634615347953513,17.634615347953513
UFNIA/2019-Preiner/qf/t3_rw1288.smt2,SMTInterpol,True,0.48290860903216526,0.48290860903216526
UFNIA/2019-Preiner/partial/t3_rw555.smt2,SMTInterpol,True,3.270109670003876,3.270109670003876
UFNIA/sledgehammer/Fundamental_Theorem_Algebra/z3.1475242.smt2,cvc5,True,0.34362849895842373,0.34362849895842373
UFNIA/2019-Preiner/combined/t3_rw790.smt2,cvc5,True,31.257792574120685,31.257792574120685
UFNIA/2019-Preiner/full/f2_rw264.smt2,cvc5,False,1200,2400
UFNIA/2019-Preiner/combined/t3_rw67.smt2,cvc5,True,0.270691413898021,0.270691413898021
UFNIA/2019-Preiner/qf/t3_rw1104.smt2,SMTInterpol,True,0.4818668400403112,0.4818668400403112
UFNIA/2019-Preiner/combined/t3_rw887.smt2,cvc5,False,1200,2400
UFNIA/vcc-havoc/havoc-bench_047.1.main.smt2,cvc5,True,0.38524879910983145,0.38524879910983145
UFNIA/2019-Preiner/partial/t3_rw819.smt2,SMTInterpol,True,4.900042766006663,4.900042766006663
UFNIA/sledgehammer/Fundamental_Theorem_Algebra/z3.1215388.smt2,cvc5,True,0.8268775788601488,0.8268775788601488
UFNIA/2019-Preiner/full/t3_rw1163.smt2,SMTInterpol,False,1200,2400
UFNIA/2019-Zohar-ic/partial/int_check_bvsle_bvudiv0_rtl.smt2,SMTInterpol,True,2.219625008990988,2.219625008990988
UFNIA/2019-Preiner/full/t3_rw255.smt2,cvc5,True,0.25826924690045416,0.25826924690045416
UFNIA/2019-Preiner/qf/t3_rw1352.smt2,SMTInterpol,True,0.4497373499907553,0.4497373499907553
UFNIA/2019-Preiner/partial/t3_rw757.smt2,SMTInterpol,True,0.9499540230026469,0.9499540230026469
UFNIA/2019-Zohar-ic/full/int_check_bvuge_bvashr0_ltr_inv_g.smt2,cvc5,False,1200,2400
UFNIA/2019-Zohar-alive/combined/combined_AndOrXor:937_values_0.smt2,cvc5,True,8.95850454014726,8.95850454014726
UFNIA/sledgehammer/Fundamental_Theorem_Algebra/z3.637098.smt2,cvc5,True,0.3956874208524823,0.3956874208524823
UFNIA/2019-Preiner/partial/t3_rw21.smt2,SMTInterpol,True,3.072374073031824,3.072374073031824
UFNIA/spec_sharp/test14-CommandLineOptions.ssc.31.Microsoft.Boogie.CommandLineOptions.GetSourceDocumentFromStatements_System.Compiler.StatementList.smt2,cvc5,False,1200,2400
UFNIA/2019-Preiner/full/f2_rw362.smt2,cvc5,True,0.4509371779859066,0.4509371779859066
UFNIA/2019-Zohar-alive/full/full_AddSub:1599_values_0.smt2,SMTInterpol,False,1200,2400
UFNIA/spec_sharp/test14-CommandLineOptions.ssc.17.Microsoft.Boogie.CommandLineOptions.get_Version.smt2,cvc5,True,9.341075221076608,9.341075221076608
UFNIA/2019-Preiner/combined/f2_rw290.smt2,cvc5,True,0.323425373993814,0.323425373993814
UFNIA/2019-Preiner/qf/f2_rw109.smt2,SMTInterpol,True,0.44411892001517117,0.44411892001517117
UFNIA/2019-Preiner/qf/f2_rw21.smt2,SMTInterpol,True,0.4730894119711593,0.4730894119711593
UFNIA/lahiri-cav09-storm-queries/usbsamp_example_2_2.smt2,cvc5,True,1042.1192184621468,1042.1192184621468
UFNIA/2019-Preiner/combined/f2_rw307.smt2,cvc5,True,6.540746501879767,6.540746501879767
UFNIA/2019-Preiner/full/t3_rw1573.smt2,SMTInterpol,False,1200,2400
UFNIA/2019-Preiner/qf/t3_rw651.smt2,SMTInterpol,True,0.555463881988544,0.555463881988544
UFNIA/2019-Preiner/qf/t3_rw563.smt2,SMTInterpol,True,0.5125152620021254,0.5125152620021254
UFNIA/2019-Preiner/partial/f2_rw335.smt2,SMTInterpol,True,0.9132246359949932,0.9132246359949932
UFNIA/2019-Preiner/combined/t3_rw1296.smt2,cvc5,False,1200,2400
UFNIA/2019-Zohar-ic/combined/int_check_bvult_bvudiv1_ltr_inv_g.smt2,cvc5,True,4.92242767312564,4.92242767312564
UFNIA/2019-Preiner/combined/t3_rw1073.smt2,cvc5,True,1.3812651759944856,1.3812651759944856
UFNIA/sledgehammer/TwoSquares/z3.661820.smt2,SMTInterpol,False,1200,2400
UFNIA/sledgehammer/QEpres/z3.788747.smt2,cvc5,False,1200,2400
UFNIA/sledgehammer/QEpres/z3.1211851.smt2,cvc5,True,0.6335556169506162,0.6335556169506162
UFNIA/sledgehammer/QEpres/z3.595580.smt2,SMTInterpol,False,1200,2400
UFNIA/sledgehammer/QEpres/z3.602329.smt2,cvc5,True,210.49850487499498,210.49850487499498
UFNIA/2019-Preiner/combined/t3_rw901.smt2,cvc5,True,2.4171691408846527,2.4171691408846527
UFNIA/2019-Preiner/full/t3_rw85.smt2,cvc5,False,1200,2400
UFNIA/2019-Preiner/full/t3_rw21.smt2,cvc5,True,0.23488690983504057,0.23488690983504057
UFNIA/2019-Preiner/qf/t3_rw1310.smt2,SMTInterpol,True,0.4340104979928583,0.4340104979928583
UFNIA/2019-Zohar-ic/partial/int_check_ne_bvudiv0_ltr_inv_g.smt2,SMTInterpol,True,1.340132776007522,1.340132776007522
UFNIA/2019-Zohar-ic/partial/int_check_eq_bvnot_ltr_no_inv.smt2,SMTInterpol,True,0.5391753620351665,0.5391753620351665
UFNIA/2019-Preiner/qf/t3_rw1553.smt2,SMTInterpol,True,0.476336833962705,0.476336833962705
UFNIA/sledgehammer/QEpres/z3.763737.smt2,cvc5,False,1200,2400
UFNIA/sledgehammer/TwoSquares/z3.785202.smt2,cvc5,False,1200,2400
UFNIA/2019-Preiner/full/t3_rw748.smt2,SMTInterpol,True,0.6411247630021535,0.6411247630021535
UFNIA/vcc-havoc/CWindowsCard.c.47.ExecuteInstruction.smt2,iProver,True,6.891635809093714,6.891635809093714
UFNIA/2019-Preiner/qf/t3_rw45.smt2,SMTInterpol,True,0.45153221499640495,0.45153221499640495
UFNIA/2019-Preiner/qf/f2_rw66.smt2,SMTInterpol,True,0.43022397498134524,0.43022397498134524
UFNIA/2019-Preiner/qf/t3_rw822.smt2,SMTInterpol,True,0.48262531898217276,0.48262531898217276
UFNIA/sledgehammer/Fundamental_Theorem_Algebra/z3.756577.smt2,cvc5,False,1200,2400
UFNIA/2019-Preiner/qf/t3_rw1325.smt2,SMTInterpol,True,0.47762428905116394,0.47762428905116394
UFNIA/sledgehammer/TwoSquares/z3.765741.smt2,cvc5,True,248.60542743001133,248.60542743001133
UFNIA/2019-Preiner/partial/t3_rw726.smt2,SMTInterpol,True,0.8359366930089891,0.8359366930089891
UFNIA/2019-Zohar-ic/combined/int_check_bvule_bvshl1_rtl.smt2,cvc5,True,0.2271814551204443,0.2271814551204443
UFNIA/2019-Preiner/qf/f2_rw294.smt2,SMTInterpol,True,0.5001851299894042,0.5001851299894042
UFNIA/2019-Preiner/partial/f2_rw400.smt2,SMTInterpol,True,0.9606233140220866,0.9606233140220866
UFNIA/20190909-CLEARSY/0016/00778.smt2,SMTInterpol,True,1.2494813819648698,1.2494813819648698
UFNIA/2019-Preiner/full/f2_rw4.smt2,cvc5,True,0.24232661118730903,0.24232661118730903
UFNIA/2019-Preiner/qf/t3_rw579.smt2,SMTInterpol,True,0.5150473960093223,0.5150473960093223
UFNIA/spec_sharp/test14-DafnyAst.ssc.28.Microsoft.Dafny.ClassType..ctor_Microsoft.Dafny.Token_notnull_System.String_notnull_Microsoft.Dafny..smt2,cvc5,False,1200,2400
UFNIA/2019-Preiner/partial/t3_rw1222.smt2,SMTInterpol,True,3.956369911960792,3.956369911960792
UFNIA/2019-Preiner/qf/t3_rw1416.smt2,SMTInterpol,True,0.45585779601242393,0.45585779601242393
UFNIA/2019-Preiner/combined/t3_rw184.smt2,cvc5,True,2.7833659891039133,2.7833659891039133
UFNIA/2019-Preiner/partial/f2_rw280.smt2,SMTInterpol,True,2.43752742302604,2.43752742302604
UFNIA/2019-Zohar-ic/partial/int_check_bvult_bvnot_ltr_no_inv.smt2,SMTInterpol,True,0.6310858300421387,0.6310858300421387
UFNIA/2019-Preiner/qf/f2_rw261.smt2,SMTInterpol,True,0.47586632997263223,0.47586632997263223
UFNIA/vcc-havoc/vccp-ParameterPassing.c.3.UpperLevel.smt2,cvc5,True,0.25563245988450944,0.25563245988450944
UFNIA/2019-Preiner/combined/t3_rw254.smt2,cvc5,False,1200,2400
UFNIA/lahiri-cav09-storm-queries/mqueue_example_2_2_2_4.smt2,cvc5,True,443.04781337012537,443.04781337012537
UFNIA/2019-Preiner/full/f2_rw23.smt2,cvc5,True,0.29299334017559886,0.29299334017559886
UFNIA/sledgehammer/Hoare/z3.1074059.smt2,cvc5,False,1200,2400
UFNIA/vcc-havoc/havoc-bench_subtype.2.P1.smt2,cvc5,True,0.2832418770994991,0.2832418770994991
UFNIA/2019-Zohar-ic/full/int_check_ne_bvlshr0_ltr_no_inv.smt2,cvc5,False,1200,2400
UFNIA/2019-Zohar-ic/qf/int_check_bvsle_bvneg_ltr_no_inv.smt2,SMTInterpol,True,0.5026213599485345,0.5026213599485345
UFNIA/2019-Preiner/qf/t3_rw1331.smt2,SMTInterpol,True,0.5051689349929802,0.5051689349929802
UFNIA/2019-Preiner/partial/t3_rw1125.smt2,SMTInterpol,True,6.564142727002036,6.564142727002036
UFNIA/2019-Zohar-ic/combined/int_check_bvslt_bvudiv0_ltr_no_inv.smt2,cvc5,True,27.585926277097315,27.585926277097315
UFNIA/sledgehammer/QEpres/z3.878360.smt2,SMTInterpol,True,2.688401370018255,2.688401370018255
UFNIA/2019-Preiner/partial/f2_rw428.smt2,SMTInterpol,True,0.8552148289745674,0.8552148289745674
UFNIA/2019-Zohar-ic/full/int_check_bvsgt_bvadd_ltr_inv_g.smt2,cvc5,True,1.0128294499590993,1.0128294499590993
UFNIA/sledgehammer/QEpres/z3.737006.smt2,SMTInterpol,True,4.853385410038754,4.853385410038754
UFNIA/sledgehammer/Fundamental_Theorem_Algebra/z3.1272542.smt2,cvc5,False,1200,2400
UFNIA/vcc-havoc/baby.2.9.handle_illegal.smt2,iProver,True,4.909519143868238,4.909519143868238
UFNIA/spec_sharp/test14-DafnyAst.ssc.76.Microsoft.Dafny.ReturnStmt..ctor_Microsoft.Dafny.Token_notnull.smt2,cvc5,True,3.753537171985954,3.753537171985954
UFNIA/2019-Preiner/full/t3_rw816.smt2,cvc5,False,1200,2400
UFNIA/2019-Preiner/qf/t3_rw602.smt2,SMTInterpol,True,0.45514375099446625,0.45514375099446625
UFNIA/2019-Preiner/partial/t3_rw360.smt2,SMTInterpol,True,4.836815745977219,4.836815745977219
UFNIA/vcc-havoc/vccp-queue.c.6.enqueue.smt2,cvc5,True,36.07843615906313,36.07843615906313
UFNIA/vcc-havoc/verisoft-baby.c.1.9.update_spt.smt2,iProver,True,5.357701250119135,5.357701250119135
UFNIA/2019-Preiner/combined/t3_rw1421.smt2,cvc5,False,1200,2400
UFNIA/2019-Preiner/partial/t3_rw304.smt2,SMTInterpol,True,5.608833973994479,5.608833973994479
UFNIA/2019-Preiner/full/t3_rw819.smt2,cvc5,False,1200,2400
UFNIA/sledgehammer/Hoare/z3.649599.smt2,cvc5,True,14.47265432891436,14.47265432891436
UFNIA/sledgehammer/QEpres/z3.910548.smt2,cvc5,False,1200,2400
UFNIA/2019-Zohar-ic/partial/int_check_bvslt_bvnot_rtl.smt2,SMTInterpol,True,1.9510796529939398,1.9510796529939398
UFNIA/2019-Preiner/full/t3_rw1075.smt2,SMTInterpol,True,3.2382579339900985,3.2382579339900985
UFNIA/2019-Preiner/full/f2_rw243.smt2,SMTInterpol,True,3.4191629299893975,3.4191629299893975
UFNIA/2019-Preiner/qf/f2_rw418.smt2,SMTInterpol,True,0.4716423019999638,0.4716423019999638
UFNIA/2019-Preiner/combined/f2_rw148.smt2,cvc5,True,0.30074949096888304,0.30074949096888304
UFNIA/2019-Preiner/combined/f2_rw205.smt2,cvc5,False,1200,2400
UFNIA/2019-Preiner/qf/t3_rw852.smt2,SMTInterpol,True,0.5053192949853837,0.5053192949853837
UFNIA/2019-Preiner/combined/t3_rw738.smt2,cvc5,False,1200,2400
UFNIA/2019-Preiner/combined/t3_rw1144.smt2,cvc5,True,1.114240433089435,1.114240433089435
UFNIA/2019-Preiner/full/f2_rw81.smt2,cvc5,True,0.29614322911947966,0.29614322911947966
UFNIA/2019-Zohar-ic/qf/int_check_bvsle_bvashr1_ltr_no_inv.smt2,SMTInterpol,True,0.7423117459984496,0.7423117459984496
UFNIA/2019-Preiner/combined/t3_rw1489.smt2,cvc5,False,1200,2400
UFNIA/2019-Preiner/qf/f2_rw301.smt2,SMTInterpol,True,0.4270988960051909,0.4270988960051909
UFNIA/2019-Preiner/combined/t3_rw1128.smt2,cvc5,True,0.29942882782779634,0.29942882782779634
UFNIA/2019-Preiner/qf/t3_rw19.smt2,SMTInterpol,True,0.43874991801567376,0.43874991801567376
UFNIA/vcc-havoc/verisoft-baby.c.19.do_memory_operation.smt2,iProver,True,5.362763058859855,5.362763058859855
UFNIA/vcc-havoc/vccp-array3.c.4.use2.smt2,cvc5,False,1200,2400
UFNIA/2019-Zohar-ic/partial/int_check_ne_bvadd_rtl.smt2,SMTInterpol,True,0.4396088840003358,0.4396088840003358
UFNIA/2019-Zohar-alive/combined/combined_Select:746_values_0.smt2,cvc5,True,30.61957223387435,30.61957223387435
UFNIA/2019-Zohar-ic/full/int_check_bvslt_bvnot_rtl.smt2,cvc5,True,0.4005573890171945,0.4005573890171945
UFNIA/2019-Preiner/full/t3_rw1206.smt2,SMTInterpol,False,1200,2400
UFNIA/2019-Preiner/qf/t3_rw702.smt2,SMTInterpol,True,0.5104321110411547,0.5104321110411547
UFNIA/2019-Preiner/combined/f2_rw62.smt2,cvc5,True,0.31704178685322404,0.31704178685322404
UFNIA/2019-Preiner/qf/f2_rw101.smt2,SMTInterpol,True,0.5016575130284764,0.5016575130284764
UFNIA/2019-Zohar-ic/full/int_check_bvsgt_bvurem0_rtl.smt2,cvc5,True,6.93851005891338,6.93851005891338
UFNIA/2019-Zohar-ic/full/int_check_bvult_bvashr0_ltr_no_inv.smt2,cvc5,True,514.9745178830344,514.9745178830344
UFNIA/2019-Preiner/partial/f2_rw345.smt2,SMTInterpol,True,1.0852072599809617,1.0852072599809617
UFNIA/2019-Zohar-ic/combined/int_check_bvsge_bvadd_ltr_inv_g.smt2,cvc5,True,30.970144370105118,30.970144370105118
UFNIA/2019-Preiner/qf/f2_rw256.smt2,SMTInterpol,True,0.48702452302677557,0.48702452302677557
UFNIA/2019-Preiner/partial/f2_rw245.smt2,SMTInterpol,True,1.1641067810123786,1.1641067810123786
UFNIA/2019-Preiner/combined/t3_rw660.smt2,cvc5,False,1200,2400
UFNIA/2019-Preiner/full/f2_rw97.smt2,cvc5,False,1200,2400
UFNIA/2019-Preiner/qf/t3_rw254.smt2,SMTInterpol,True,0.4875054170261137,0.4875054170261137
UFNIA/2019-Preiner/partial/t3_rw1477.smt2,SMTInterpol,True,14.351282542047556,14.351282542047556
UFNIA/2019-Preiner/qf/t3_rw361.smt2,SMTInterpol,True,0.5020967299933545,0.5020967299933545
UFNIA/2019-Preiner/partial/t3_rw868.smt2,SMTInterpol,True,0.845586891984567,0.845586891984567
UFNIA/2019-Preiner/combined/t3_rw395.smt2,cvc5,False,1200,2400
UFNIA/2019-Preiner/qf/t3_rw304.smt2,SMTInterpol,True,0.47243562096264213,0.47243562096264213
UFNIA/2019-Preiner/partial/t3_rw1397.smt2,SMTInterpol,True,2.5646942580351606,2.5646942580351606
UFNIA/sledgehammer/TwoSquares/z3.675548.smt2,cvc5,True,58.315841916017234,58.315841916017234
UFNIA/2019-Preiner/combined/t3_rw724.smt2,cvc5,True,0.24365855799987912,0.24365855799987912
UFNIA/2019-Zohar-ic/full/int_check_ne_bvashr1_ltr_inv_r.smt2,cvc5,False,1200,2400
UFNIA/spec_sharp/test14-DafnyAst.ssc.96.Microsoft.Dafny.WhileStmt..ctor_Microsoft.Dafny.Token_notnull_Microsoft.Dafny.Expression_System.Coll.smt2,cvc5,True,406.9369534519501,406.9369534519501
UFNIA/2019-Zohar-ic/combined/int_check_bvsge_bvand_ltr_inv_g.smt2,cvc5,False,1200,2400
UFNIA/2019-Preiner/qf/t3_rw1023.smt2,SMTInterpol,True,0.5127799580222927,0.5127799580222927
UFNIA/sledgehammer/Fundamental_Theorem_Algebra/z3.1263664.smt2,cvc5,False,1200,2400
UFNIA/2019-Preiner/full/t3_rw65.smt2,cvc5,True,0.2680502128787339,0.2680502128787339
UFNIA/2019-Preiner/qf/t3_rw682.smt2,SMTInterpol,True,0.48566202900838107,0.48566202900838107
UFNIA/sledgehammer/Fundamental_Theorem_Algebra/z3.1089692.smt2,cvc5,True,0.8428263030946255,0.8428263030946255
UFNIA/sledgehammer/TwoSquares/z3.806908.smt2,cvc5,False,1200,2400
UFNIA/20190909-CLEARSY/0018/00092.smt2,SMTInterpol,True,214.37236992496764,214.37236992496764
UFNIA/2019-Preiner/combined/t3_rw565.smt2,cvc5,False,1200,2400
UFNIA/2019-Preiner/full/t3_rw775.smt2,SMTInterpol,True,3.838228289037943,3.838228289037943
UFNIA/2019-Preiner/combined/t3_rw550.smt2,cvc5,True,0.2884205197915435,0.2884205197915435
UFNIA/2019-Preiner/partial/t3_rw352.smt2,SMTInterpol,True,3.242036442970857,3.242036442970857
UFNIA/2019-Preiner/full/t3_rw561.smt2,cvc5,False,1200,2400
UFNIA/2019-Preiner/partial/t3_rw1250.smt2,SMTInterpol,True,4.919722530990839,4.919722530990839
UFNIA/sledgehammer/QEpres/z3.587256.smt2,cvc5,False,1200,2400
UFNIA/2019-Preiner/full/t3_rw1035.smt2,SMTInterpol,True,2.4556963510112837,2.4556963510112837
UFNIA/2019-Preiner/combined/t3_rw1283.smt2,cvc5,False,1200,2400
UFNIA/2019-Preiner/combined/t3_rw695.smt2,cvc5,True,0.543056630063802,0.543056630063802
UFNIA/2019-Preiner/partial/t3_rw469.smt2,SMTInterpol,True,3.681403335009236,3.681403335009236
UFNIA/sledgehammer/FFT/z3.902222.smt2,cvc5,False,1200,2400
UFNIA/2019-Preiner/full/t3_rw43.smt2,cvc5,False,1200,2400
UFNIA/2019-Preiner/full/t3_rw412.smt2,cvc5,False,1200,2400
UFNIA/2019-Preiner/combined/t3_rw1001.smt2,cvc5,True,0.40543043497018516,0.40543043497018516
UFNIA/2019-Zohar-alive/partial/partial_AddSub:1604_values_0.smt2,SMTInterpol,True,5.377993627975229,5.377993627975229
UFNIA/2019-Preiner/partial/f2_rw242.smt2,SMTInterpol,True,0.9143801829777658,0.9143801829777658
UFNIA/2019-Preiner/partial/t3_rw1545.smt2,SMTInterpol,True,2.702830363996327,2.702830363996327
UFNIA/2019-Preiner/combined/t3_rw131.smt2,cvc5,False,1200,2400
UFNIA/2019-Zohar-alive/full/full_AndOrXor:135_values_0.smt2,SMTInterpol,False,1200,2400
UFNIA/2019-Preiner/partial/f2_rw249.smt2,SMTInterpol,True,1.2101524209720083,1.2101524209720083
UFNIA/2019-Preiner/full/t3_rw4.smt2,cvc5,False,1200,2400
UFNIA/2019-Preiner/qf/t3_rw109.smt2,SMTInterpol,True,0.4593094670563005,0.4593094670563005
UFNIA/2019-Preiner/full/f2_rw198.smt2,cvc5,False,1200,2400
UFNIA/lahiri-cav09-storm-queries/serial_write_example_cegar_2_2_4.smt2,cvc5,False,1200,2400
UFNIA/2019-Preiner/qf/t3_rw1022.smt2,SMTInterpol,True,0.5222980409744196,0.5222980409744196
UFNIA/2019-Preiner/combined/t3_rw1231.smt2,cvc5,False,1200,2400
UFNIA/2019-Preiner/qf/t3_rw685.smt2,SMTInterpol,True,0.4748927329783328,0.4748927329783328
UFNIA/2019-Preiner/combined/t3_rw1291.smt2,cvc5,False,1200,2400
UFNIA/2019-Preiner/qf/f2_rw24.smt2,SMTInterpol,True,0.4258092590025626,0.4258092590025626
UFNIA/spec_sharp/specsharp-WindowsCard.12.RTE.ReadQuad_Memory_notnull_System.Int32.smt2,cvc5,True,0.34286880400031805,0.34286880400031805
UFNIA/2019-Zohar-ic/full/int_check_bvsge_bvshl0_ltr_no_inv.smt2,cvc5,False,1200,2400
UFNIA/2019-Preiner/partial/t3_rw258.smt2,SMTInterpol,True,22.04460486501921,22.04460486501921
UFNIA/2019-Zohar-alive/partial/partial_AndOrXor:967_values_0.smt2,SMTInterpol,True,0.6454881199751981,0.6454881199751981
UFNIA/2019-Preiner/partial/t3_rw1452.smt2,SMTInterpol,True,2.681976902007591,2.681976902007591
UFNIA/2019-Preiner/qf/t3_rw271.smt2,SMTInterpol,True,0.49068192701088265,0.49068192701088265
UFNIA/2019-Preiner/partial/t3_rw108.smt2,SMTInterpol,True,1.9506201150361449,1.9506201150361449
UFNIA/2019-Preiner/combined/t3_rw927.smt2,cvc5,False,1200,2400
UFNIA/2019-Zohar-alive/combined/combined_AndOrXor:2417_values_0.smt2,cvc5,False,1200,2400
UFNIA/sledgehammer/QEpres/z3.826151.smt2,cvc5,False,1200,2400
UFNIA/2019-Zohar-alive/partial/partial_AddSub:1539-2_values_0.smt2,SMTInterpol,True,0.6210622169892304,0.6210622169892304
UFNIA/2019-Zohar-alive/combined/combined_AddSub:1624_values_0.smt2,cvc5,False,1200,2400
UFNIA/2019-Preiner/combined/t3_rw444.smt2,cvc5,True,254.87634910596535,254.87634910596535
UFNIA/2019-Zohar-ic/partial/int_check_bvsge_bvshl0_rtl.smt2,SMTInterpol,True,5.407025288965087,5.407025288965087
UFNIA/2019-Zohar-alive/combined/combined_AndOrXor:1740_values_0.smt2,cvc5,True,0.32960809697397053,0.32960809697397053
UFNIA/2019-Preiner/combined/t3_rw398.smt2,cvc5,False,1200,2400
UFNIA/spec_sharp/textbook-Queue.dll.8.IntQueue..ctor.smt2,cvc5,True,9.353048690827563,9.353048690827563
UFNIA/2019-Zohar-alive/partial/partial_AndOrXor:1831_values_0.smt2,SMTInterpol,True,0.6613447650452144,0.6613447650452144
UFNIA/2019-Preiner/partial/t3_rw1158.smt2,SMTInterpol,True,36.43160694197286,36.43160694197286
UFNIA/2019-Zohar-ic/partial/int_check_bvslt_bvlshr0_rtl.smt2,SMTInterpol,True,3.705450504028704,3.705450504028704
UFNIA/2019-Preiner/partial/f2_rw199.smt2,SMTInterpol,True,2.9929969939985313,2.9929969939985313
UFNIA/2019-Zohar-alive/combined/combined_AndOrXor:2008_values_0.smt2,cvc5,False,1200,2400
UFNIA/2019-Preiner/partial/t3_rw715.smt2,SMTInterpol,True,5.3914308290113695,5.3914308290113695
UFNIA/sledgehammer/TwoSquares/z3.881380.smt2,cvc5,True,0.40108711807988584,0.40108711807988584
UFNIA/2019-Preiner/combined/t3_rw1015.smt2,cvc5,False,1200,2400
UFNIA/2019-Preiner/qf/t3_rw46.smt2,SMTInterpol,True,0.514712949981913,0.514712949981913
UFNIA/2019-Preiner/partial/t3_rw740.smt2,SMTInterpol,True,12.720372204028536,12.720372204028536
UFNIA/2019-Preiner/partial/t3_rw758.smt2,SMTInterpol,True,0.8980479699675925,0.8980479699675925
UFNIA/2019-Zohar-alive/combined/combined_InstCombineShift497b_values_0.smt2,cvc5,False,1200,2400
UFNIA/2019-Preiner/combined/t3_rw179.smt2,cvc5,True,1.8071118630468845,1.8071118630468845
UFNIA/2019-Preiner/qf/t3_rw798.smt2,SMTInterpol,True,0.5021448510233313,0.5021448510233313
UFNIA/2019-Preiner/full/t3_rw608.smt2,SMTInterpol,True,0.6259750109747984,0.6259750109747984
UFNIA/2019-Preiner/qf/t3_rw245.smt2,SMTInterpol,True,0.4623338030069135,0.4623338030069135
UFNIA/2019-Preiner/qf/t3_rw1122.smt2,SMTInterpol,True,0.5433651749626733,0.5433651749626733
UFNIA/2019-Zohar-ic/combined/int_check_bvsle_bvshl0_ltr_inv_g.smt2,cvc5,False,1200,2400
UFNIA/2019-Preiner/full/t3_rw1246.smt2,SMTInterpol,False,1200,2400
UFNIA/2019-Preiner/combined/t3_rw391.smt2,cvc5,False,1200,2400
UFNIA/2019-Preiner/qf/t3_rw961.smt2,SMTInterpol,True,0.45068623102270067,0.45068623102270067
UFNIA/2019-Preiner/full/t3_rw1492.smt2,SMTInterpol,True,2.0923029590048827,2.0923029590048827
UFNIA/2019-Preiner/combined/t3_rw951.smt2,cvc5,True,0.4205011338926852,0.4205011338926852
UFNIA/2019-Preiner/partial/t3_rw5.smt2,SMTInterpol,True,3.1556057619745843,3.1556057619745843
UFNIA/2019-Preiner/qf/t3_rw1355.smt2,SMTInterpol,True,0.5024908949853852,0.5024908949853852
UFNIA/2019-Zohar-alive/full/full_AndOrXor:1007_values_0.smt2,SMTInterpol,True,0.597863020026125,0.597863020026125
UFNIA/vcc-havoc/verisoft-baby.c.2.22.hv_dispatch.smt2,iProver,True,5.890345537103713,5.890345537103713
UFNIA/2019-Preiner/combined/t3_rw1474.smt2,cvc5,False,1200,2400
UFNIA/lahiri-cav09-storm-queries/mqueue_example_2_3_4_2.smt2,cvc5,True,416.13151409011334,416.13151409011334
UFNIA/2019-Preiner/full/t3_rw807.smt2,cvc5,False,1200,2400
UFNIA/2019-Preiner/partial/t3_rw22.smt2,SMTInterpol,True,0.9208058900549076,0.9208058900549076
UFNIA/vcc-havoc/verisoft-baby.c.77.handle_illegal.smt2,iProver,True,5.386608019005507,5.386608019005507
UFNIA/lahiri-cav09-storm-queries/usbsamp_example_4_1.smt2,cvc5,False,1200,2400
UFNIA/2019-Preiner/full/t3_rw1387.smt2,cvc5,False,1200,2400
UFNIA/2019-Preiner/full/f2_rw108.smt2,cvc5,False,1200,2400
UFNIA/sledgehammer/Fundamental_Theorem_Algebra/z3.975749.smt2,cvc5,True,0.4091651909984648,0.4091651909984648
UFNIA/2019-Preiner/partial/f2_rw228.smt2,SMTInterpol,True,3.5837334689567797,3.5837334689567797
UFNIA/2019-Preiner/qf/t3_rw943.smt2,SMTInterpol,True,0.48204168904339895,0.48204168904339895
UFNIA/2019-Preiner/partial/t3_rw223.smt2,SMTInterpol,True,3.3855858339811675,3.3855858339811675
UFNIA/2019-Preiner/partial/t3_rw453.smt2,SMTInterpol,True,3.4403578850324266,3.4403578850324266
UFNIA/2019-Preiner/partial/f2_rw208.smt2,SMTInterpol,True,0.9230281959753484,0.9230281959753484
UFNIA/2019-Preiner/partial/t3_rw425.smt2,SMTInterpol,True,2.372991006996017,2.372991006996017
UFNIA/sledgehammer/TwoSquares/z3.727077.smt2,cvc5,False,1200,2400
UFNIA/2019-Preiner/combined/t3_rw1331.smt2,cvc5,False,1200,2400
UFNIA/2019-Preiner/qf/t3_rw813.smt2,SMTInterpol,True,0.4926089359796606,0.4926089359796606
UFNIA/2019-Preiner/partial/t3_rw1.smt2,SMTInterpol,True,3.544791527034249,3.544791527034249
UFNIA/2019-Zohar-alive/partial/partial_AndOrXor:819_values_0.smt2,SMTInterpol,True,6.322434892994352,6.322434892994352
UFNIA/2019-Preiner/partial/t3_rw1543.smt2,SMTInterpol,True,6.528177421016153,6.528177421016153
UFNIA/sledgehammer/QEpres/z3.1036716.smt2,cvc5,False,1200,2400
UFNIA/2019-Zohar-ic/combined/int_check_bvuge_bvneg_ltr_inv_g.smt2,cvc5,True,0.26293254317715764,0.26293254317715764
UFNIA/2019-Preiner/full/t3_rw1059.smt2,SMTInterpol,False,1200,2400
UFNIA/2019-Preiner/partial/t3_rw504.smt2,SMTInterpol,True,1.8160084210103378,1.8160084210103378
UFNIA/2019-Preiner/combined/f2_rw310.smt2,cvc5,True,0.3831897061318159,0.3831897061318159
UFNIA/2019-Preiner/combined/t3_rw54.smt2,cvc5,True,0.3946847659535706,0.3946847659535706
UFNIA/2019-Preiner/partial/t3_rw279.smt2,SMTInterpol,True,9.819238173018675,9.819238173018675
UFNIA/2019-Preiner/combined/f2_rw98.smt2,cvc5,True,0.5439291400834918,0.5439291400834918
UFNIA/lahiri-cav09-storm-queries/mqueue_example_2_3_2_2.smt2,cvc5,True,442.0193991889246,442.0193991889246
UFNIA/2019-Zohar-ic/partial/int_check_bvsgt_bvneg_ltr_no_inv.smt2,SMTInterpol,True,2.0872018270310946,2.0872018270310946
UFNIA/2019-Preiner/combined/t3_rw542.smt2,cvc5,True,0.5163468010723591,0.5163468010723591
UFNIA/2019-Preiner/partial/t3_rw1364.smt2,SMTInterpol,True,3.8701538569875993,3.8701538569875993
UFNIA/vcc-havoc/verisoft-baby.c.1.32.handle_pf.smt2,iProver,True,4.868526045931503,4.868526045931503
UFNIA/2019-Preiner/partial/t3_rw1422.smt2,SMTInterpol,True,2.40077680995455,2.40077680995455
UFNIA/spec_sharp/specsharp-WindowsCard.21.RTE.OpCLR_System.Int32.smt2,cvc5,True,8.21808118885383,8.21808118885383
UFNIA/sledgehammer/Fundamental_Theorem_Algebra/z3.1377601.smt2,cvc5,False,1200,2400
UFNIA/2019-Zohar-ic/partial/int_check_bvule_bvashr0_ltr_no_inv.smt2,SMTInterpol,True,3.019748898979742,3.019748898979742
UFNIA/sledgehammer/QEpres/z3.936984.smt2,cvc5,False,1200,2400
UFNIA/vcc-havoc/havoc-bench_023.2.main.smt2,cvc5,True,0.2764311640057713,0.2764311640057713
UFNIA/2019-Preiner/partial/t3_rw14.smt2,SMTInterpol,True,1.0083260599640198,1.0083260599640198
UFNIA/2019-Zohar-ic/full/int_check_bvsle_bvudiv0_rtl.smt2,cvc5,True,12.097247848985717,12.097247848985717
UFNIA/2019-Preiner/combined/t3_rw486.smt2,cvc5,False,1200,2400
UFNIA/vcc-havoc/baby.2.50.handle_illegal.smt2,iProver,True,3.390918425982818,3.390918425982818
UFNIA/sledgehammer/QEpres/z3.1030717.smt2,cvc5,False,1200,2400
UFNIA/2019-Preiner/partial/f2_rw75.smt2,SMTInterpol,True,0.9958626729785465,0.9958626729785465
UFNIA/2019-Preiner/qf/t3_rw106.smt2,SMTInterpol,True,0.46516583004267886,0.46516583004267886
UFNIA/2019-Preiner/combined/t3_rw399.smt2,cvc5,False,1200,2400
UFNIA/sledgehammer/Fundamental_Theorem_Algebra/z3.656886.smt2,cvc5,True,0.3948501420672983,0.3948501420672983
UFNIA/sledgehammer/QEpres/z3.723819.smt2,cvc5,False,1200,2400
UFNIA/2019-Preiner/qf/t3_rw643.smt2,SMTInterpol,True,0.46567442000377923,0.46567442000377923
UFNIA/sledgehammer/Fundamental_Theorem_Algebra/z3.644368.smt2,cvc5,False,1200,2400
UFNIA/2019-Preiner/qf/t3_rw1167.smt2,SMTInterpol,True,0.5263494129758328,0.5263494129758328
UFNIA/2019-Preiner/full/f2_rw365.smt2,SMTInterpol,True,6.424045206978917,6.424045206978917
UFNIA/2019-Zohar-ic/qf/int_check_ne_bvashr1_ltr_no_inv.smt2,SMTInterpol,True,0.621844316017814,0.621844316017814
UFNIA/2019-Preiner/full/t3_rw1431.smt2,cvc5,False,1200,2400
UFNIA/2019-Preiner/combined/t3_rw609.smt2,cvc5,True,0.22910505812615156,0.22910505812615156
UFNIA/2019-Preiner/full/t3_rw1421.smt2,cvc5,False,1200,2400
UFNIA/2019-Zohar-ic/full/int_check_bvsle_bvadd_ltr_inv_r.smt2,cvc5,False,1200,2400
UFNIA/2019-Preiner/combined/t3_rw1307.smt2,cvc5,False,1200,2400
UFNIA/sledgehammer/Fundamental_Theorem_Algebra/z3.1386104.smt2,cvc5,False,1200,2400
UFNIA/2019-Preiner/full/t3_rw1122.smt2,SMTInterpol,False,1200,2400
UFNIA/2019-Zohar-alive/partial/partial_AndOrXor:1818_values_0.smt2,SMTInterpol,True,0.6779016649816185,0.6779016649816185
UFNIA/2019-Preiner/combined/f2_rw287.smt2,cvc5,False,1200,2400
UFNIA/2019-Zohar-ic/combined/int_check_bvule_bvashr0_ltr_inv_g.smt2,cvc5,True,30.37241883086972,30.37241883086972
UFNIA/2019-Preiner/full/t3_rw1273.smt2,SMTInterpol,False,1200,2400
UFNIA/2019-Preiner/combined/t3_rw1244.smt2,cvc5,False,1200,2400
UFNIA/2019-Preiner/qf/f2_rw5.smt2,SMTInterpol,True,0.4674684819765389,0.4674684819765389
UFNIA/2019-Preiner/full/f2_rw401.smt2,cvc5,True,0.2229453888721764,0.2229453888721764
UFNIA/2019-Preiner/full/t3_rw434.smt2,SMTInterpol,False,1200,2400
UFNIA/vcc-havoc/verisoft-baby.c.1.49.handle_reset.smt2,iProver,True,4.355783910024911,4.355783910024911
UFNIA/vcc-havoc/WindowsCard.c.10.inv.smt2,iProver,True,10.393633217085153,10.393633217085153
UFNIA/2019-Zohar-alive/full/full_AndOrXor:1740_values_0.smt2,SMTInterpol,False,1200,2400
UFNIA/2019-Preiner/combined/t3_rw1260.smt2,cvc5,False,1200,2400
UFNIA/2019-Preiner/combined/t3_rw61.smt2,cvc5,True,0.8361233728937805,0.8361233728937805
UFNIA/spec_sharp/test14-Microsoft.Boogie.FlowedValue.Type.4.Microsoft.Boogie.FlowedValue.Type..ctor_Microsoft.Boogie.FlowedValue.Type.Tag_System.Compiler.TypeNo.smt2,cvc5,True,8.415333901066333,8.415333901066333
UFNIA/2019-Preiner/combined/f2_rw251.smt2,cvc5,True,0.28283612499944866,0.28283612499944866
UFNIA/20190909-CLEARSY/0023/00213.smt2,SMTInterpol,False,1200,2400
UFNIA/2019-Zohar-ic/combined/int_check_bvult_bvor_ltr_inv_g.smt2,cvc5,True,0.2514774960000068,0.2514774960000068
UFNIA/2019-Zohar-ic/full/int_check_bvsgt_bvnot_ltr_inv_g.smt2,cvc5,True,0.5927470338065177,0.5927470338065177
UFNIA/2019-Preiner/qf/t3_rw207.smt2,SMTInterpol,True,0.4754884499707259,0.4754884499707259
UFNIA/2019-Preiner/qf/t3_rw2.smt2,SMTInterpol,True,0.44934623001609,0.44934623001609
UFNIA/vcc-havoc/CWindowsCard.c.42.ExecuteInstruction.smt2,iProver,True,6.896101166959852,6.896101166959852
UFNIA/2019-Preiner/qf/t3_rw986.smt2,SMTInterpol,True,0.49221385398413986,0.49221385398413986
UFNIA/2019-Zohar-ic/combined/int_check_bvult_bvurem0_ltr_inv_g.smt2,cvc5,True,0.24151480686850846,0.24151480686850846
UFNIA/sledgehammer/Fundamental_Theorem_Algebra/z3.1407462.smt2,cvc5,False,1200,2400
UFNIA/2019-Zohar-ic/partial/int_check_eq_bvudiv0_ltr_no_inv.smt2,SMTInterpol,True,1.541417583997827,1.541417583997827
UFNIA/2019-Preiner/full/t3_rw254.smt2,cvc5,False,1200,2400
UFNIA/2019-Preiner/full/t3_rw19.smt2,cvc5,True,0.25107756489887834,0.25107756489887834
UFNIA/2019-Preiner/qf/t3_rw302.smt2,SMTInterpol,True,0.447146171994973,0.447146171994973
UFNIA/2019-Preiner/full/t3_rw979.smt2,cvc5,False,1200,2400
UFNIA/sledgehammer/QEpres/z3.828399.smt2,cvc5,False,1200,2400
UFNIA/2019-Preiner/qf/t3_rw519.smt2,SMTInterpol,True,0.4677232970134355,0.4677232970134355
UFNIA/2019-Preiner/qf/t3_rw945.smt2,SMTInterpol,True,0.4638488049968146,0.4638488049968146
UFNIA/2019-Preiner/combined/t3_rw1147.smt2,cvc5,True,0.8823193688876927,0.8823193688876927
UFNIA/2019-Preiner/qf/t3_rw543.smt2,SMTInterpol,True,0.48202724900329486,0.48202724900329486
UFNIA/2019-Zohar-ic/full/int_check_bvslt_bvor_rtl.smt2,cvc5,False,1200,2400
UFNIA/2019-Preiner/full/f2_rw364.smt2,cvc5,False,1200,2400
UFNIA/2019-Zohar-alive/partial/partial_AddSub:1624_values_0.smt2,SMTInterpol,False,1200,2400
UFNIA/2019-Preiner/partial/t3_rw1482.smt2,SMTInterpol,True,2.1466195700340904,2.1466195700340904
UFNIA/2019-Preiner/qf/t3_rw1132.smt2,SMTInterpol,True,0.4604910789639689,0.4604910789639689
UFNIA/2019-Preiner/combined/f2_rw372.smt2,cvc5,True,0.24317839182913303,0.24317839182913303
UFNIA/sledgehammer/Fundamental_Theorem_Algebra/z3.647594.smt2,cvc5,False,1200,2400
UFNIA/2019-Preiner/qf/t3_rw872.smt2,SMTInterpol,True,0.4584211189940106,0.4584211189940106
UFNIA/2019-Preiner/combined/t3_rw1378.smt2,cvc5,True,1.083952059969306,1.083952059969306
UFNIA/2019-Preiner/combined/t3_rw1312.smt2,cvc5,False,1200,2400
UFNIA/lahiri-cav09-storm-queries/usbsamp_example_2_2_2_3.smt2,cvc5,True,1028.9143939919304,1028.9143939919304
UFNIA/2019-Preiner/partial/t3_rw75.smt2,SMTInterpol,True,3.517115010996349,3.517115010996349
UFNIA/2019-Preiner/combined/t3_rw327.smt2,cvc5,False,1200,2400
UFNIA/2019-Preiner/partial/t3_rw1190.smt2,SMTInterpol,True,4.436022055044305,4.436022055044305
UFNIA/sledgehammer/QEpres/z3.1016870.smt2,cvc5,False,1200,2400
UFNIA/2019-Preiner/combined/t3_rw1516.smt2,cvc5,False,1200,2400
UFNIA/2019-Zohar-ic/full/int_check_bvugt_bvudiv1_ltr_inv_g.smt2,cvc5,True,0.2601202470250428,0.2601202470250428
UFNIA/2019-Preiner/partial/f2_rw111.smt2,SMTInterpol,True,1.3447320300037973,1.3447320300037973
UFNIA/2019-Preiner/qf/t3_rw683.smt2,SMTInterpol,True,0.4775992879876867,0.4775992879876867
UFNIA/2019-Preiner/full/t3_rw1314.smt2,SMTInterpol,True,2.207811610016506,2.207811610016506
UFNIA/2019-Preiner/combined/t3_rw896.smt2,cvc5,False,1200,2400
UFNIA/2019-Zohar-ic/combined/int_check_bvugt_bvashr1_ltr_inv_g.smt2,cvc5,False,1200,2400
UFNIA/2019-Preiner/combined/t3_rw797.smt2,cvc5,True,30.355121304048225,30.355121304048225
UFNIA/2019-Preiner/partial/t3_rw81.smt2,SMTInterpol,True,3.3085657409974374,3.3085657409974374
UFNIA/2019-Zohar-alive/full/full_AndOrXor:2008_values_0.smt2,SMTInterpol,True,36.284072045003995,36.284072045003995
UFNIA/2019-Zohar-ic/partial/int_check_eq_bvneg_ltr_inv_g.smt2,SMTInterpol,True,1.5085741170332767,1.5085741170332767
UFNIA/2019-Preiner/qf/f2_rw318.smt2,SMTInterpol,True,0.45600327104330063,0.45600327104330063
UFNIA/2019-Preiner/qf/f2_rw137.smt2,SMTInterpol,True,0.5204013499896973,0.5204013499896973
UFNIA/2019-Preiner/qf/t3_rw554.smt2,SMTInterpol,True,0.47267591004492715,0.47267591004492715
UFNIA/2019-Preiner/combined/t3_rw760.smt2,cvc5,True,33.51656454894692,33.51656454894692
UFNIA/2019-Preiner/combined/t3_rw419.smt2,cvc5,False,1200,2400
UFNIA/2019-Preiner/partial/t3_rw1348.smt2,SMTInterpol,True,18.058143301983364,18.058143301983364
UFNIA/2019-Preiner/qf/t3_rw571.smt2,SMTInterpol,True,0.48862463800469413,0.48862463800469413
UFNIA/2019-Preiner/partial/f2_rw161.smt2,SMTInterpol,True,3.3488426599651575,3.3488426599651575
UFNIA/sledgehammer/TwoSquares/z3.658095.smt2,cvc5,True,0.29728603502735496,0.29728603502735496
UFNIA/2019-Preiner/partial/f2_rw9.smt2,SMTInterpol,True,1.0003878870047629,1.0003878870047629
UFNIA/sledgehammer/Fundamental_Theorem_Algebra/z3.1157373.smt2,cvc5,False,1200,2400
UFNIA/2019-Preiner/combined/f2_rw177.smt2,cvc5,True,0.328787436010316,0.328787436010316
UFNIA/2019-Zohar-ic/partial/int_check_bvule_bvashr0_ltr_inv_g.smt2,SMTInterpol,True,1.9611901649623178,1.9611901649623178
UFNIA/2019-Preiner/partial/t3_rw1028.smt2,SMTInterpol,True,4.92424496501917,4.92424496501917
UFNIA/2019-Zohar-ic/combined/int_check_bvsle_bvlshr0_ltr_no_inv.smt2,cvc5,True,0.24163273605518043,0.24163273605518043
UFNIA/vcc-havoc/verisoft-memvirt.c.12.phys_2bl_write_sim.smt2,iProver,True,4.410589461913332,4.410589461913332
UFNIA/2019-Zohar-ic/full/int_check_bvule_bvor_ltr_inv_g.smt2,cvc5,False,1200,2400
UFNIA/2019-Preiner/qf/t3_rw850.smt2,SMTInterpol,True,0.4767899900325574,0.4767899900325574
UFNIA/2019-Preiner/combined/t3_rw1083.smt2,cvc5,False,1200,2400
UFNIA/2019-Preiner/partial/t3_rw1363.smt2,SMTInterpol,True,3.364896590996068,3.364896590996068
UFNIA/2019-Zohar-alive/full/full_AndOrXor:2663_values_65.smt2,SMTInterpol,True,0.5489853239851072,0.5489853239851072
UFNIA/2019-Preiner/full/t3_rw409.smt2,cvc5,False,1200,2400
UFNIA/sledgehammer/Fundamental_Theorem_Algebra/z3.1131890.smt2,cvc5,False,1200,2400
UFNIA/2019-Zohar-alive/full/full_AndOrXor:698_values_0.smt2,SMTInterpol,True,668.7799895550124,668.7799895550124
UFNIA/lahiri-cav09-storm-queries/mqueue_example_2_1_4_2.smt2,cvc5,True,28.04913780489005,28.04913780489005
UFNIA/2019-Preiner/full/f2_rw45.smt2,cvc5,False,1200,2400
UFNIA/2019-Preiner/combined/t3_rw99.smt2,cvc5,True,270.96341207809746,270.96341207809746
UFNIA/2019-Zohar-ic/full/int_check_eq_bvand_ltr_inv_g.smt2,cvc5,True,0.25008847401477396,0.25008847401477396
UFNIA/vcc-havoc/verisoft-baby.c.1.61.hv_dispatch.smt2,iProver,True,5.897996468003839,5.897996468003839
UFNIA/2019-Preiner/combined/t3_rw1547.smt2,cvc5,True,31.790091532981023,31.790091532981023
UFNIA/2019-Preiner/qf/t3_rw1008.smt2,SMTInterpol,True,0.44109761505387723,0.44109761505387723
UFNIA/2019-Preiner/qf/t3_rw803.smt2,SMTInterpol,True,0.469506714027375,0.469506714027375
UFNIA/2019-Preiner/qf/t3_rw800.smt2,SMTInterpol,True,0.4606053509633057,0.4606053509633057
UFNIA/2019-Preiner/qf/t3_rw303.smt2,SMTInterpol,True,0.4637660359730944,0.4637660359730944
UFNIA/2019-Preiner/combined/t3_rw603.smt2,cvc5,True,1.2909178219269961,1.2909178219269961
UFNIA/sledgehammer/FFT/z3.979162.smt2,cvc5,False,1200,2400
UFNIA/2019-Preiner/combined/t3_rw831.smt2,cvc5,True,6.457297916058451,6.457297916058451
UFNIA/2019-Preiner/full/t3_rw718.smt2,SMTInterpol,False,1200,2400
UFNIA/sledgehammer/QEpres/z3.737050.smt2,SMTInterpol,True,7.497856145026162,7.497856145026162
UFNIA/2019-Zohar-ic/combined/int_check_bvsgt_bvand_ltr_no_inv.smt2,cvc5,True,1.6668899881187826,1.6668899881187826
UFNIA/2019-Preiner/partial/t3_rw65.smt2,SMTInterpol,True,2.3515778659493662,2.3515778659493662
UFNIA/2019-Preiner/combined/t3_rw1535.smt2,cvc5,False,1200,2400
UFNIA/2019-Preiner/qf/t3_rw47.smt2,SMTInterpol,True,0.4933712719939649,0.4933712719939649
UFNIA/sledgehammer/Fundamental_Theorem_Algebra/z3.1185049.smt2,cvc5,False,1200,2400
UFNIA/2019-Preiner/partial/t3_rw626.smt2,SMTInterpol,True,5.582210180989932,5.582210180989932
UFNIA/2019-Zohar-ic/full/int_check_bvuge_bvneg_ltr_inv_g.smt2,cvc5,True,0.28737935796380043,0.28737935796380043
UFNIA/2019-Preiner/combined/f2_rw64.smt2,cvc5,True,0.2620645030401647,0.2620645030401647
UFNIA/lahiri-cav09-storm-queries/usbsamp_bug_example_2_2_6_3.smt2,cvc5,False,1200,2400
UFNIA/vcc-havoc/verisoft-sim.c.1.9.untranslated_read_sim.smt2,iProver,True,5.925166505854577,5.925166505854577
UFNIA/2019-Preiner/qf/t3_rw1094.smt2,SMTInterpol,True,0.5739788200007752,0.5739788200007752
UFNIA/2019-Preiner/qf/t3_rw541.smt2,SMTInterpol,True,0.4353747079730965,0.4353747079730965
UFNIA/2019-Preiner/combined/t3_rw74.smt2,cvc5,True,0.4258188051171601,0.4258188051171601
UFNIA/sledgehammer/Fundamental_Theorem_Algebra/z3.634159.smt2,cvc5,True,0.4224581599701196,0.4224581599701196
UFNIA/2019-Zohar-alive/combined/combined_AndOrXor:979_values_0.smt2,cvc5,True,0.24661500612273812,0.24661500612273812
UFNIA/2019-Preiner/combined/t3_rw592.smt2,cvc5,True,0.5375344927888364,0.5375344927888364
UFNIA/2019-Preiner/full/t3_rw1142.smt2,SMTInterpol,False,1200,2400
UFNIA/2019-Preiner/full/f2_rw416.smt2,cvc5,True,0.22321580816060305,0.22321580816060305
UFNIA/vcc-havoc/baby.32.exec_jisr.smt2,iProver,True,3.871773320948705,3.871773320948705
UFNIA/2019-Preiner/combined/t3_rw1263.smt2,cvc5,False,1200,2400
UFNIA/2019-Preiner/full/f2_rw194.smt2,cvc5,False,1200,2400
UFNIA/2019-Preiner/combined/t3_rw815.smt2,cvc5,True,302.11158088291995,302.11158088291995
UFNIA/2019-Preiner/full/t3_rw1076.smt2,SMTInterpol,False,1200,2400
UFNIA/2019-Preiner/qf/t3_rw956.smt2,SMTInterpol,True,0.4777501610224135,0.4777501610224135
UFNIA/lahiri-cav09-storm-queries/mqueue_example_2_2_8_1.smt2,cvc5,True,18.04807062400505,18.04807062400505
UFNIA/2019-Preiner/qf/t3_rw313.smt2,SMTInterpol,True,0.5120489739929326,0.5120489739929326
UFNIA/2019-Preiner/full/f2_rw214.smt2,cvc5,False,1200,2400
UFNIA/2019-Preiner/combined/f2_rw71.smt2,cvc5,True,0.4699138740543276,0.4699138740543276
UFNIA/2019-Preiner/partial/t3_rw417.smt2,SMTInterpol,True,3.4709009079961106,3.4709009079961106
UFNIA/2019-Preiner/combined/t3_rw440.smt2,cvc5,True,1.9687257988844067,1.9687257988844067
UFNIA/2019-Preiner/partial/t3_rw1295.smt2,SMTInterpol,True,28.139169292000588,28.139169292000588
UFNIA/vcc-havoc/vccp-queue.c.2.is_empty.smt2,cvc5,True,30.405884427018464,30.405884427018464
UFNIA/2019-Preiner/qf/f2_rw74.smt2,SMTInterpol,True,0.4775471910252236,0.4775471910252236
UFNIA/2019-Preiner/combined/t3_rw964.smt2,cvc5,True,0.38784252014011145,0.38784252014011145
UFNIA/vcc-havoc/CWindowsCard.c.29.MOpCALL.smt2,iProver,True,4.890040145954117,4.890040145954117
UFNIA/2019-Zohar-alive/full/full_AndOrXor:962_values_0.smt2,SMTInterpol,True,0.5565096950158477,0.5565096950158477
UFNIA/2019-Preiner/qf/t3_rw704.smt2,SMTInterpol,True,0.48488046100828797,0.48488046100828797
UFNIA/2019-Zohar-ic/full/int_check_bvslt_bvadd_ltr_inv_g.smt2,cvc5,True,4.646531358128414,4.646531358128414
UFNIA/2019-Zohar-ic/full/int_check_bvult_bvlshr1_ltr_inv_g.smt2,cvc5,False,1200,2400
UFNIA/2019-Preiner/full/t3_rw595.smt2,SMTInterpol,True,2.8963668170035817,2.8963668170035817
UFNIA/2019-Preiner/partial/f2_rw5.smt2,SMTInterpol,True,0.9561982169980183,0.9561982169980183
UFNIA/2019-Preiner/qf/f2_rw115.smt2,SMTInterpol,True,0.48771215201122686,0.48771215201122686
UFNIA/2019-Zohar-alive/combined/combined_AndOrXor:230_values_0.smt2,cvc5,False,1200,2400
UFNIA/2019-Preiner/qf/t3_rw628.smt2,SMTInterpol,True,0.4882908660219982,0.4882908660219982
UFNIA/spec_sharp/test14-DafnyAst.ssc.91.Microsoft.Dafny.VarDecl..ctor_Microsoft.Dafny.Token_notnull_System.String_notnull_Microsoft.Dafny.Ty.smt2,cvc5,True,1126.6601304861251,1126.6601304861251
UFNIA/2019-Preiner/qf/t3_rw1243.smt2,SMTInterpol,True,0.5047982549876906,0.5047982549876906
UFNIA/2019-Zohar-ic/partial/int_check_bvsle_bvor_ltr_inv_g.smt2,SMTInterpol,True,1.2045696109998971,1.2045696109998971
UFNIA/2019-Zohar-ic/partial/int_check_bvuge_bvudiv0_rtl.smt2,SMTInterpol,True,3.726344797993079,3.726344797993079
UFNIA/2019-Preiner/combined/f2_rw196.smt2,cvc5,False,1200,2400
UFNIA/2019-Preiner/full/t3_rw1064.smt2,SMTInterpol,True,2.008647996990476,2.008647996990476
UFNIA/2019-Preiner/qf/t3_rw723.smt2,SMTInterpol,True,0.4722090989816934,0.4722090989816934
UFNIA/vcc-havoc/verisoft-sim.c.2.30.untranslated_write_sim.smt2,iProver,True,5.91785572306253,5.91785572306253
UFNIA/2019-Preiner/full/t3_rw331.smt2,SMTInterpol,False,1200,2400
UFNIA/2019-Preiner/qf/t3_rw1411.smt2,SMTInterpol,True,0.5343481349991634,0.5343481349991634
UFNIA/2019-Preiner/qf/t3_rw1521.smt2,SMTInterpol,True,0.4988027769722976,0.4988027769722976
UFNIA/2019-Preiner/combined/t3_rw16.smt2,cvc5,True,0.26478382712230086,0.26478382712230086
UFNIA/2019-Preiner/combined/f2_rw369.smt2,cvc5,True,0.3382811760529876,0.3382811760529876
UFNIA/2019-Preiner/full/t3_rw1236.smt2,SMTInterpol,True,7.101806375023443,7.101806375023443
UFNIA/2019-Zohar-ic/full/int_check_bvuge_bvadd_ltr_inv_g.smt2,cvc5,True,0.24251448991708457,0.24251448991708457
UFNIA/2019-Preiner/full/t3_rw553.smt2,cvc5,False,1200,2400
UFNIA/2019-Preiner/full/t3_rw432.smt2,SMTInterpol,True,2.1829987019882537,2.1829987019882537
UFNIA/vcc-havoc/baby.2.48.handle_illegal.smt2,iProver,True,4.367077033035457,4.367077033035457
UFNIA/2019-Preiner/full/t3_rw524.smt2,cvc5,False,1200,2400
UFNIA/2019-Preiner/combined/f2_rw180.smt2,cvc5,True,0.2989743701182306,0.2989743701182306
UFNIA/2019-Preiner/full/t3_rw1268.smt2,SMTInterpol,True,2.130971632024739,2.130971632024739
UFNIA/2019-Zohar-ic/combined/int_check_bvsle_bvadd_ltr_no_inv.smt2,cvc5,True,16.160451614065096,16.160451614065096
UFNIA/sledgehammer/Fundamental_Theorem_Algebra/z3.1188742.smt2,cvc5,False,1200,2400
UFNIA/sledgehammer/FFT/z3.1011860.smt2,cvc5,False,1200,2400
UFNIA/lahiri-cav09-storm-queries/daytona_example_2_3_8_0.smt2,cvc5,True,741.7526782560162,741.7526782560162
UFNIA/2019-Preiner/qf/t3_rw979.smt2,SMTInterpol,True,0.437393480038736,0.437393480038736
UFNIA/2019-Preiner/qf/t3_rw283.smt2,SMTInterpol,True,0.4254949149908498,0.4254949149908498
UFNIA/sledgehammer/QEpres/z3.617697.smt2,cvc5,False,1200,2400
UFNIA/2019-Preiner/combined/f2_rw341.smt2,cvc5,True,0.9742469310294837,0.9742469310294837
UFNIA/2019-Preiner/combined/t3_rw282.smt2,cvc5,False,1200,2400
UFNIA/vcc-havoc/baby.2.11.handle_illegal.smt2,iProver,True,4.3711561150848866,4.3711561150848866
UFNIA/vcc-havoc/baby.2.15.handle_illegal.smt2,iProver,True,4.378098879940808,4.378098879940808
UFNIA/sledgehammer/QEpres/z3.719407.smt2,cvc5,True,53.49437315086834,53.49437315086834
UFNIA/vcc-havoc/verisoft-baby.c.1.5.update_spt.smt2,iProver,True,4.884010234847665,4.884010234847665
UFNIA/2019-Preiner/partial/t3_rw1135.smt2,SMTInterpol,True,4.843412663962226,4.843412663962226
UFNIA/2019-Preiner/partial/t3_rw1196.smt2,SMTInterpol,True,99.31407992599998,99.31407992599998
UFNIA/2019-Preiner/qf/t3_rw506.smt2,SMTInterpol,True,0.5004903459921479,0.5004903459921479
UFNIA/2019-Preiner/qf/t3_rw1148.smt2,SMTInterpol,True,0.48785208899062127,0.48785208899062127
UFNIA/2019-Zohar-ic/partial/int_check_bvugt_bvshl0_ltr_inv_g.smt2,SMTInterpol,True,0.5156157850287855,0.5156157850287855
UFNIA/2019-Preiner/partial/f2_rw217.smt2,SMTInterpol,True,1.07761581602972,1.07761581602972
UFNIA/2019-Preiner/combined/t3_rw947.smt2,cvc5,True,0.48729064990766346,0.48729064990766346
UFNIA/2019-Zohar-ic/full/int_check_bvsge_bvlshr0_rtl.smt2,cvc5,False,1200,2400
UFNIA/2019-Preiner/combined/t3_rw187.smt2,cvc5,False,1200,2400
UFNIA/2019-Preiner/full/t3_rw89.smt2,cvc5,True,0.4250772250816226,0.4250772250816226
UFNIA/2019-Preiner/partial/t3_rw825.smt2,SMTInterpol,True,3.953149212000426,3.953149212000426
UFNIA/2019-Preiner/qf/t3_rw626.smt2,SMTInterpol,True,0.5404523189645261,0.5404523189645261
UFNIA/2019-Preiner/partial/t3_rw219.smt2,SMTInterpol,True,8.267620249011088,8.267620249011088
UFNIA/lahiri-cav09-storm-queries/mqueue_example_cegar_2_2_2.smt2,cvc5,False,1200,2400
UFNIA/2019-Preiner/full/t3_rw1134.smt2,SMTInterpol,True,760.5489636329585,760.5489636329585
UFNIA/sledgehammer/QEpres/z3.1079718.smt2,cvc5,False,1200,2400
UFNIA/2019-Zohar-alive/combined/combined_AndOrXor:1288_values_0.smt2,cvc5,False,1200,2400
UFNIA/2019-Preiner/combined/f2_rw67.smt2,cvc5,True,0.3141073619481176,0.3141073619481176
UFNIA/2019-Preiner/combined/t3_rw1059.smt2,cvc5,False,1200,2400
UFNIA/2019-Preiner/qf/t3_rw451.smt2,SMTInterpol,True,0.4971961490227841,0.4971961490227841
UFNIA/2019-Preiner/qf/t3_rw1426.smt2,SMTInterpol,True,0.45825500501086935,0.45825500501086935
UFNIA/2019-Zohar-ic/full/int_check_bvult_bvmul_ltr_inv_g.smt2,cvc5,True,0.28879824886098504,0.28879824886098504
UFNIA/2019-Preiner/combined/t3_rw1539.smt2,cvc5,False,1200,2400
UFNIA/2019-Preiner/qf/t3_rw522.smt2,SMTInterpol,True,0.4697045859647915,0.4697045859647915
UFNIA/2019-Preiner/partial/t3_rw649.smt2,SMTInterpol,True,4.917093002994079,4.917093002994079
UFNIA/2019-Preiner/full/t3_rw1119.smt2,cvc5,False,1200,2400
UFNIA/2019-Preiner/full/t3_rw78.smt2,cvc5,True,0.23638302902691066,0.23638302902691066
UFNIA/2019-Zohar-ic/full/int_check_bvule_bvadd_rtl.smt2,SMTInterpol,True,0.44924319500569254,0.44924319500569254
UFNIA/vcc-havoc/verisoft-baby.c.61.handle_movi2s.smt2,iProver,True,4.897525148000568,4.897525148000568
UFNIA/2019-Zohar-ic/combined/int_check_bvule_bvudiv0_ltr_no_inv.smt2,cvc5,True,0.4888280211016536,0.4888280211016536
UFNIA/2019-Zohar-ic/partial/int_check_bvsgt_bvashr0_rtl.smt2,SMTInterpol,True,3.1317507780040614,3.1317507780040614
UFNIA/2019-Zohar-ic/combined/int_check_bvsge_bvashr1_ltr_inv_g.smt2,cvc5,False,1200,2400
UFNIA/2019-Preiner/full/t3_rw411.smt2,cvc5,False,1200,2400
UFNIA/2019-Zohar-alive/full/full_AndOrXor:1869_values_0.smt2,SMTInterpol,True,0.5908250399515964,0.5908250399515964
UFNIA/2019-Preiner/full/t3_rw980.smt2,cvc5,False,1200,2400
UFNIA/lahiri-cav09-storm-queries/mqueue_example_cegar_2_1_4.smt2,cvc5,False,1200,2400
UFNIA/2019-Preiner/qf/t3_rw181.smt2,SMTInterpol,True,0.4817471709684469,0.4817471709684469
UFNIA/2019-Zohar-alive/full/full_AndOrXor:273_values_7.smt2,SMTInterpol,False,1200,2400
UFNIA/lahiri-cav09-storm-queries/mqueue_example_3_3.smt2,cvc5,True,1107.6671398670878,1107.6671398670878
UFNIA/2019-Zohar-ic/partial/int_check_bvuge_bvlshr0_ltr_inv_g.smt2,SMTInterpol,True,2.4541692289640196,2.4541692289640196
UFNIA/2019-Preiner/qf/t3_rw530.smt2,SMTInterpol,True,0.44291353900916874,0.44291353900916874
UFNIA/lahiri-cav09-storm-queries/usbsamp_example_2_3_2_1.smt2,cvc5,True,1018.2134021159727,1018.2134021159727
UFNIA/2019-Zohar-ic/partial/int_check_bvule_bvudiv1_ltr_inv_g.smt2,SMTInterpol,True,2.4294025180279277,2.4294025180279277
UFNIA/2019-Preiner/partial/t3_rw274.smt2,SMTInterpol,True,8.909844323003199,8.909844323003199
UFNIA/sledgehammer/TwoSquares/z3.696209.smt2,cvc5,True,30.270719207823277,30.270719207823277
UFNIA/2019-Preiner/qf/f2_rw272.smt2,SMTInterpol,True,0.44018236600095406,0.44018236600095406
UFNIA/2019-Preiner/qf/f2_rw48.smt2,SMTInterpol,True,0.452045323967468,0.452045323967468
UFNIA/vcc-havoc/verisoft-sim.c.2.101.translated_write_sim.smt2,iProver,True,7.403230763040483,7.403230763040483
UFNIA/2019-Preiner/combined/t3_rw577.smt2,cvc5,False,1200,2400
UFNIA/2019-Zohar-alive/partial/partial_AndOrXor:2430_values_0.smt2,SMTInterpol,True,3.7233267599949613,3.7233267599949613
UFNIA/2019-Preiner/combined/t3_rw401.smt2,cvc5,False,1200,2400
UFNIA/2019-Preiner/combined/t3_rw475.smt2,cvc5,False,1200,2400
UFNIA/vcc-havoc/WindowsCard.c.50.Run.smt2,iProver,True,5.357637721113861,5.357637721113861
UFNIA/2019-Zohar-alive/partial/partial_AndOrXor:2297_values_0.smt2,SMTInterpol,True,5.210368474014103,5.210368474014103
UFNIA/2019-Zohar-alive/full/full_AndOrXor:2118_values_0.smt2,SMTInterpol,True,10.415080011996906,10.415080011996906
UFNIA/2019-Preiner/qf/f2_rw428.smt2,SMTInterpol,True,0.46312934602610767,0.46312934602610767
UFNIA/2019-Preiner/full/t3_rw1213.smt2,SMTInterpol,False,1200,2400
UFNIA/2019-Zohar-ic/partial/int_check_bvsgt_bvurem1_rtl.smt2,SMTInterpol,True,3.2413586279726587,3.2413586279726587
UFNIA/2019-Preiner/combined/t3_rw429.smt2,cvc5,False,1200,2400
UFNIA/2019-Preiner/partial/t3_rw618.smt2,SMTInterpol,True,2.8451450309948996,2.8451450309948996
UFNIA/2019-Preiner/combined/t3_rw1243.smt2,cvc5,True,0.40162339503876865,0.40162339503876865
UFNIA/2019-Preiner/combined/t3_rw358.smt2,cvc5,True,0.4541566609404981,0.4541566609404981
UFNIA/2019-Zohar-ic/qf/int_check_bvsge_bvand_ltr_no_inv.smt2,SMTInterpol,True,0.6364021490444429,0.6364021490444429
UFNIA/sledgehammer/FFT/z3.960252.smt2,cvc5,False,1200,2400
UFNIA/2019-Zohar-ic/partial/int_check_bvult_bvurem1_rtl.smt2,SMTInterpol,True,0.548807572980877,0.548807572980877
UFNIA/2019-Zohar-ic/full/int_check_eq_bvudiv0_rtl.smt2,cvc5,True,0.33759055216796696,0.33759055216796696
UFNIA/lahiri-cav09-storm-queries/mqueue_example_2_1_2_2.smt2,cvc5,True,449.2277999720536,449.2277999720536
UFNIA/2019-Preiner/partial/t3_rw248.smt2,SMTInterpol,True,3.345226110017393,3.345226110017393
UFNIA/2019-Preiner/combined/f2_rw154.smt2,cvc5,True,0.2442869758233428,0.2442869758233428
UFNIA/2019-Preiner/partial/t3_rw457.smt2,SMTInterpol,True,4.765211478981655,4.765211478981655
UFNIA/2019-Preiner/partial/f2_rw99.smt2,SMTInterpol,True,0.9593034239951521,0.9593034239951521
UFNIA/2019-Zohar-ic/combined/int_check_bvslt_bvshl0_rtl.smt2,cvc5,False,1200,2400
UFNIA/2019-Preiner/qf/t3_rw197.smt2,SMTInterpol,True,0.49922400095965713,0.49922400095965713
UFNIA/2019-Preiner/full/t3_rw6.smt2,cvc5,True,0.23601120780222118,0.23601120780222118
UFNIA/2019-Zohar-alive/full/full_AndOrXor:1827_values_0.smt2,SMTInterpol,True,0.5401324940030463,0.5401324940030463
UFNIA/sledgehammer/Fundamental_Theorem_Algebra/z3.671679.smt2,cvc5,True,2.2822394829709083,2.2822394829709083
UFNIA/sledgehammer/QEpres/z3.888075.smt2,cvc5,False,1200,2400
UFNIA/vcc-havoc/havoc-bench_046.1.bar.smt2,cvc5,True,0.2515727279242128,0.2515727279242128
UFNIA/2019-Preiner/partial/t3_rw1497.smt2,SMTInterpol,True,5.414499313978013,5.414499313978013
UFNIA/2019-Preiner/qf/t3_rw1418.smt2,SMTInterpol,True,0.5190024010371417,0.5190024010371417
UFNIA/2019-Preiner/partial/t3_rw899.smt2,SMTInterpol,True,3.6136485780007206,3.6136485780007206
UFNIA/2019-Preiner/full/t3_rw711.smt2,SMTInterpol,False,1200,2400
UFNIA/2019-Preiner/partial/t3_rw1438.smt2,SMTInterpol,True,2.626150445023086,2.626150445023086
UFNIA/2019-Preiner/qf/t3_rw948.smt2,SMTInterpol,True,0.49506257101893425,0.49506257101893425
UFNIA/2019-Zohar-alive/full/full_AndOrXor:1850_values_0.smt2,SMTInterpol,True,0.5422819249797612,0.5422819249797612
UFNIA/2019-Preiner/combined/t3_rw1570.smt2,cvc5,False,1200,2400
UFNIA/lahiri-cav09-storm-queries/daytona_example_2_3_2_0.smt2,cvc5,True,740.1180757849943,740.1180757849943
UFNIA/2019-Preiner/partial/f2_rw210.smt2,SMTInterpol,True,0.9700378240086138,0.9700378240086138
UFNIA/2019-Preiner/full/f2_rw397.smt2,SMTInterpol,True,0.6338837160146795,0.6338837160146795
UFNIA/2019-Preiner/combined/f2_rw279.smt2,cvc5,False,1200,2400
UFNIA/vcc-havoc/verisoft-baby.c.35.vamp_step.smt2,iProver,True,5.866616531973705,5.866616531973705
UFNIA/2019-Zohar-ic/partial/int_check_bvslt_bvashr1_ltr_no_inv.smt2,SMTInterpol,True,3.4468467560363933,3.4468467560363933
UFNIA/2019-Preiner/full/t3_rw968.smt2,cvc5,False,1200,2400
UFNIA/2019-Preiner/full/t3_rw339.smt2,cvc5,False,1200,2400
UFNIA/sledgehammer/Fundamental_Theorem_Algebra/z3.1002216.smt2,cvc5,True,0.37493772082962096,0.37493772082962096
UFNIA/2019-Preiner/partial/f2_rw114.smt2,SMTInterpol,True,1.0835010909941047,1.0835010909941047
UFNIA/vcc-havoc/vccp-array1.c.6.setk4.smt2,cvc5,True,4.515505708055571,4.515505708055571
UFNIA/2019-Preiner/qf/f2_rw59.smt2,SMTInterpol,True,0.5141176800243556,0.5141176800243556
UFNIA/2019-Preiner/combined/t3_rw812.smt2,cvc5,False,1200,2400
UFNIA/2019-Preiner/full/t3_rw907.smt2,cvc5,True,0.2837006519548595,0.2837006519548595
UFNIA/2019-Preiner/qf/t3_rw1017.smt2,SMTInterpol,True,0.4578906639944762,0.4578906639944762
UFNIA/2019-Preiner/combined/t3_rw690.smt2,cvc5,True,0.22963536391034722,0.22963536391034722
UFNIA/spec_sharp/specsharp-BoundedStack.7.BoundedStack.Top.smt2,cvc5,True,0.42893629404716194,0.42893629404716194
UFNIA/2019-Preiner/qf/f2_rw421.smt2,SMTInterpol,True,0.5211928809876554,0.5211928809876554
UFNIA/2019-Preiner/full/t3_rw514.smt2,cvc5,False,1200,2400
UFNIA/2019-Preiner/qf/t3_rw1485.smt2,SMTInterpol,True,0.46922918397467583,0.46922918397467583
UFNIA/2019-Preiner/qf/t3_rw1199.smt2,SMTInterpol,True,0.4642948539694771,0.4642948539694771
UFNIA/2019-Preiner/qf/f2_rw215.smt2,SMTInterpol,True,0.48093235498527065,0.48093235498527065
UFNIA/sledgehammer/Fundamental_Theorem_Algebra/z3.1484015.smt2,cvc5,True,0.6036971639841795,0.6036971639841795
UFNIA/2019-Preiner/partial/t3_rw971.smt2,SMTInterpol,True,1.723459177010227,1.723459177010227
UFNIA/2019-Preiner/combined/t3_rw1246.smt2,cvc5,False,1200,2400
UFNIA/2019-Zohar-ic/full/int_check_ne_bvneg_rtl.smt2,cvc5,True,0.2522616849746555,0.2522616849746555
UFNIA/2019-Preiner/partial/t3_rw1446.smt2,SMTInterpol,True,7.942855705041438,7.942855705041438
UFNIA/2019-Preiner/combined/f2_rw340.smt2,cvc5,True,2.77162992907688,2.77162992907688
UFNIA/2019-Preiner/full/f2_rw233.smt2,cvc5,True,0.4773634150624275,0.4773634150624275
UFNIA/2019-Preiner/full/t3_rw870.smt2,SMTInterpol,True,0.6607128680334426,0.6607128680334426
UFNIA/2019-Preiner/full/t3_rw1221.smt2,cvc5,False,1200,2400
UFNIA/2019-Zohar-alive/partial/partial_Select:747_values_0.smt2,SMTInterpol,True,8.715333100000862,8.715333100000862
UFNIA/sledgehammer/QEpres/z3.602774.smt2,cvc5,False,1200,2400
UFNIA/sledgehammer/TwoSquares/z3.897222.smt2,cvc5,False,1200,2400
UFNIA/2019-Preiner/partial/t3_rw884.smt2,SMTInterpol,True,10.617903987993486,10.617903987993486
UFNIA/sledgehammer/FFT/z3.1001796.smt2,cvc5,False,1200,2400
UFNIA/2019-Preiner/combined/t3_rw445.smt2,cvc5,True,5.278045451035723,5.278045451035723
UFNIA/2019-Preiner/combined/f2_rw233.smt2,cvc5,True,31.136878134915605,31.136878134915605
UFNIA/2019-Preiner/partial/f2_rw354.smt2,SMTInterpol,True,2.628329266968649,2.628329266968649
UFNIA/2019-Preiner/qf/f2_rw92.smt2,SMTInterpol,True,0.4870777069590986,0.4870777069590986
UFNIA/sledgehammer/TwoSquares/z3.782461.smt2,cvc5,False,1200,2400
UFNIA/2019-Preiner/combined/t3_rw782.smt2,cvc5,True,0.2295163159724325,0.2295163159724325
UFNIA/2019-Preiner/combined/t3_rw1336.smt2,cvc5,False,1200,2400
UFNIA/2019-Preiner/combined/t3_rw785.smt2,cvc5,True,0.2441554879769683,0.2441554879769683
UFNIA/2019-Preiner/partial/t3_rw376.smt2,SMTInterpol,True,3.7329299959819764,3.7329299959819764
UFNIA/2019-Preiner/qf/t3_rw1323.smt2,SMTInterpol,True,0.5360146799939685,0.5360146799939685
UFNIA/2019-Preiner/qf/f2_rw361.smt2,SMTInterpol,True,0.4572448030230589,0.4572448030230589
UFNIA/2019-Preiner/combined/t3_rw417.smt2,cvc5,False,1200,2400
UFNIA/2019-Zohar-ic/combined/int_check_bvsge_bvudiv0_rtl.smt2,cvc5,True,16.0679317668546,16.0679317668546
UFNIA/sledgehammer/QEpres/z3.822873.smt2,cvc5,False,1200,2400
UFNIA/2019-Preiner/qf/t3_rw733.smt2,SMTInterpol,True,0.45664209296228364,0.45664209296228364
UFNIA/2019-Preiner/partial/t3_rw927.smt2,SMTInterpol,True,3.3769306339672767,3.3769306339672767
UFNIA/2019-Zohar-ic/full/int_check_bvsgt_bvand_ltr_no_inv.smt2,cvc5,False,1200,2400
UFNIA/2019-Preiner/partial/t3_rw229.smt2,SMTInterpol,True,5.946288117964286,5.946288117964286
UFNIA/2019-Zohar-ic/qf/int_check_bvslt_bvneg_ltr_no_inv.smt2,SMTInterpol,True,0.5105499839992262,0.5105499839992262
UFNIA/spec_sharp/test14-Microsoft.Boogie.FlowedValue.Type.47.Microsoft.Boogie.FlowedValue.Type.ToString.smt2,cvc5,True,39.35447129490785,39.35447129490785
UFNIA/2019-Preiner/full/t3_rw1279.smt2,SMTInterpol,False,1200,2400
UFNIA/2019-Preiner/partial/t3_rw94.smt2,SMTInterpol,True,4.232436430000234,4.232436430000234
UFNIA/2019-Zohar-ic/combined/int_check_bvult_bvnot_ltr_inv_g.smt2,cvc5,True,0.27864669309929013,0.27864669309929013
UFNIA/sledgehammer/TwoSquares/z3.745466.smt2,cvc5,False,1200,2400
UFNIA/2019-Preiner/partial/t3_rw1024.smt2,SMTInterpol,True,2.2257198890438303,2.2257198890438303
UFNIA/2019-Zohar-alive/partial/partial_AndOrXor:2265_values_0.smt2,SMTInterpol,True,6.328429869026877,6.328429869026877
UFNIA/sledgehammer/QEpres/z3.914510.smt2,cvc5,False,1200,2400
UFNIA/2019-Zohar-ic/combined/int_check_bvule_bvadd_rtl.smt2,cvc5,True,0.2349925641901791,0.2349925641901791
UFNIA/2019-Preiner/qf/f2_rw173.smt2,SMTInterpol,True,0.4516020520241,0.4516020520241
UFNIA/2019-Preiner/partial/t3_rw105.smt2,SMTInterpol,True,3.2770119170309044,3.2770119170309044
UFNIA/2019-Preiner/qf/t3_rw1219.smt2,SMTInterpol,True,0.5241874050116166,0.5241874050116166
UFNIA/2019-Zohar-alive/partial/partial_AndOrXor:1012_values_0.smt2,SMTInterpol,True,4.58440969500225,4.58440969500225
UFNIA/2019-Preiner/combined/t3_rw748.smt2,cvc5,True,0.23427246185019612,0.23427246185019612
UFNIA/2019-Preiner/full/t3_rw1423.smt2,cvc5,False,1200,2400
UFNIA/2019-Preiner/qf/t3_rw917.smt2,SMTInterpol,True,0.4651819310383871,0.4651819310383871
UFNIA/spec_sharp/test14-CommandLineOptions.ssc.8.Microsoft.Boogie.CommandLineOptions.CommandLineParseState.GetNumericArgument_System.Int32.ptr.smt2,cvc5,False,1200,2400
UFNIA/2019-Preiner/combined/t3_rw643.smt2,cvc5,True,6.26746971718967,6.26746971718967
UFNIA/2019-Preiner/qf/t3_rw1425.smt2,SMTInterpol,True,0.45414330204948783,0.45414330204948783
UFNIA/2019-Preiner/combined/t3_rw659.smt2,cvc5,False,1200,2400
UFNIA/2019-Preiner/partial/t3_rw1378.smt2,SMTInterpol,True,7.709579264977947,7.709579264977947
UFNIA/2019-Preiner/partial/t3_rw1235.smt2,SMTInterpol,True,5.077183299988974,5.077183299988974
UFNIA/2019-Preiner/qf/t3_rw830.smt2,SMTInterpol,True,0.4961997140053427,0.4961997140053427
UFNIA/2019-Preiner/combined/t3_rw63.smt2,cvc5,True,271.0650819069706,271.0650819069706
UFNIA/sledgehammer/TwoSquares/z3.755099.smt2,SMTInterpol,False,1200,2400
UFNIA/2019-Preiner/qf/t3_rw658.smt2,SMTInterpol,True,0.4918319289572537,0.4918319289572537
UFNIA/2019-Preiner/qf/f2_rw292.smt2,SMTInterpol,True,0.44089704600628465,0.44089704600628465
UFNIA/2019-Preiner/full/t3_rw157.smt2,cvc5,False,1200,2400
UFNIA/2019-Preiner/full/t3_rw181.smt2,cvc5,False,1200,2400
UFNIA/2019-Zohar-ic/qf/int_check_bvslt_bvlshr0_ltr_no_inv.smt2,SMTInterpol,True,0.6222184869693592,0.6222184869693592
UFNIA/2019-Preiner/qf/t3_rw461.smt2,SMTInterpol,True,0.5024625550140627,0.5024625550140627
UFNIA/2019-Preiner/partial/t3_rw793.smt2,SMTInterpol,True,19.097559158981312,19.097559158981312
UFNIA/2019-Preiner/partial/t3_rw406.smt2,SMTInterpol,True,11.172436569002457,11.172436569002457
UFNIA/2019-Preiner/partial/t3_rw1423.smt2,SMTInterpol,True,4.119373593013734,4.119373593013734
UFNIA/lahiri-cav09-storm-queries/usbsamp_example_2_2_8_3.smt2,cvc5,True,1029.848607731983,1029.848607731983
UFNIA/2019-Preiner/partial/t3_rw39.smt2,SMTInterpol,True,5.711731710005552,5.711731710005552
UFNIA/2019-Preiner/full/t3_rw231.smt2,SMTInterpol,True,2.6995427689980716,2.6995427689980716
UFNIA/spec_sharp/textbook-MinimalSegmentSum.dll.2.C..ctor.smt2,cvc5,True,0.36905052280053496,0.36905052280053496
UFNIA/2019-Preiner/partial/f2_rw82.smt2,SMTInterpol,True,4.0668780950363725,4.0668780950363725
UFNIA/sledgehammer/Fundamental_Theorem_Algebra/z3.625454.smt2,cvc5,True,1.5558276230003685,1.5558276230003685
UFNIA/2019-Preiner/partial/f2_rw419.smt2,SMTInterpol,True,0.9423215379938483,0.9423215379938483
UFNIA/2019-Preiner/partial/t3_rw1154.smt2,SMTInterpol,True,4.943364699021913,4.943364699021913
UFNIA/2019-Preiner/combined/f2_rw209.smt2,cvc5,True,0.23485170910134912,0.23485170910134912
UFNIA/spec_sharp/textbook-MaxMinClass.dll.7.ArrayMaxMin..ctor.smt2,cvc5,True,0.9634290479589254,0.9634290479589254
UFNIA/2019-Preiner/qf/t3_rw892.smt2,SMTInterpol,True,0.5070962339523248,0.5070962339523248
UFNIA/sledgehammer/Fundamental_Theorem_Algebra/z3.1269048.smt2,cvc5,True,0.5916385669261217,0.5916385669261217
UFNIA/2019-Preiner/partial/t3_rw1557.smt2,SMTInterpol,True,3.4985102910432033,3.4985102910432033
UFNIA/sledgehammer/FFT/z3.771148.smt2,cvc5,False,1200,2400
UFNIA/2019-Preiner/full/f2_rw237.smt2,cvc5,True,0.27155656600371003,0.27155656600371003
UFNIA/2019-Preiner/combined/t3_rw1196.smt2,cvc5,False,1200,2400
UFNIA/sledgehammer/TwoSquares/z3.679867.smt2,cvc5,False,1200,2400
UFNIA/2019-Preiner/qf/f2_rw296.smt2,SMTInterpol,True,0.43398356798570603,0.43398356798570603
UFNIA/2019-Preiner/qf/t3_rw253.smt2,SMTInterpol,True,0.4699499980197288,0.4699499980197288
UFNIA/2019-Preiner/full/t3_rw1198.smt2,SMTInterpol,False,1200,2400
UFNIA/2019-Preiner/partial/f2_rw176.smt2,SMTInterpol,True,14.842459339997731,14.842459339997731
UFNIA/2019-Preiner/full/f2_rw272.smt2,cvc5,False,1200,2400
UFNIA/sledgehammer/Fundamental_Theorem_Algebra/z3.1439152.smt2,cvc5,True,0.31306436797603965,0.31306436797603965
UFNIA/2019-Preiner/partial/t3_rw685.smt2,SMTInterpol,True,0.8939091920037754,0.8939091920037754
UFNIA/2019-Preiner/combined/t3_rw853.smt2,cvc5,True,31.47313155909069,31.47313155909069
UFNIA/2019-Zohar-ic/full/int_check_eq_bvshl1_rtl.smt2,cvc5,False,1200,2400
UFNIA/2019-Preiner/partial/t3_rw1030.smt2,SMTInterpol,True,2.2595987830427475,2.2595987830427475
UFNIA/lahiri-cav09-storm-queries/usbsamp_example_2_2_8_2.smt2,cvc5,True,1026.51091949502,1026.51091949502
UFNIA/2019-Preiner/combined/f2_rw29.smt2,cvc5,True,0.27162137906998396,0.27162137906998396
UFNIA/2019-Preiner/combined/t3_rw1544.smt2,cvc5,False,1200,2400
UFNIA/sledgehammer/Fundamental_Theorem_Algebra/z3.1120973.smt2,cvc5,True,0.43780322815291584,0.43780322815291584
UFNIA/2019-Preiner/qf/t3_rw1265.smt2,SMTInterpol,True,0.48213235597359017,0.48213235597359017
UFNIA/2019-Preiner/partial/t3_rw1152.smt2,SMTInterpol,True,4.580279185029212,4.580279185029212
UFNIA/2019-Preiner/combined/t3_rw118.smt2,cvc5,True,0.35069987713359296,0.35069987713359296
UFNIA/2019-Preiner/full/t3_rw855.smt2,cvc5,False,1200,2400
UFNIA/2019-Preiner/partial/t3_rw1151.smt2,SMTInterpol,True,3.8842661330127157,3.8842661330127157
UFNIA/2019-Zohar-alive/full/full_AndOrXor:794_values_121.smt2,SMTInterpol,True,0.572410793043673,0.572410793043673
UFNIA/2019-Preiner/partial/t3_rw647.smt2,SMTInterpol,True,5.277288423036225,5.277288423036225
UFNIA/sledgehammer/QEpres/z3.1162699.smt2,cvc5,False,1200,2400
UFNIA/2019-Zohar-ic/partial/int_check_bvsle_bvlshr0_ltr_no_inv.smt2,SMTInterpol,True,3.112719878961798,3.112719878961798
UFNIA/2019-Zohar-ic/partial/int_check_bvsle_bvadd_ltr_inv_r.smt2,SMTInterpol,True,1.2988560030353256,1.2988560030353256
UFNIA/2019-Preiner/partial/t3_rw1319.smt2,SMTInterpol,True,13.884657704038545,13.884657704038545
UFNIA/2019-Preiner/partial/t3_rw1425.smt2,SMTInterpol,True,3.0778515560086817,3.0778515560086817
UFNIA/2019-Preiner/qf/t3_rw1382.smt2,SMTInterpol,True,0.48207196895964444,0.48207196895964444
UFNIA/2019-Preiner/qf/t3_rw212.smt2,SMTInterpol,True,0.47819730697665364,0.47819730697665364
UFNIA/spec_sharp/test14-DafnyAst.ssc.93.Microsoft.Dafny.BlockStmt..ctor_Microsoft.Dafny.Token_notnull_System.Collections.Generic.List_1...op.smt2,cvc5,True,8.877270160010085,8.877270160010085
UFNIA/2019-Preiner/combined/t3_rw1529.smt2,cvc5,False,1200,2400
UFNIA/2019-Zohar-ic/partial/int_check_ne_bvnot_ltr_inv_g.smt2,SMTInterpol,True,0.9881460510077886,0.9881460510077886
UFNIA/2019-Preiner/combined/t3_rw459.smt2,cvc5,True,36.42170793400146,36.42170793400146
UFNIA/2019-Preiner/combined/t3_rw1313.smt2,cvc5,False,1200,2400
UFNIA/2019-Preiner/full/t3_rw949.smt2,cvc5,True,0.2716553758364171,0.2716553758364171
UFNIA/2019-Preiner/combined/f2_rw158.smt2,cvc5,True,0.27113145403563976,0.27113145403563976
UFNIA/sledgehammer/Fundamental_Theorem_Algebra/z3.1382370.smt2,cvc5,False,1200,2400
UFNIA/sledgehammer/QEpres/z3.617302.smt2,cvc5,True,0.43466682685539126,0.43466682685539126
UFNIA/2019-Preiner/partial/t3_rw1189.smt2,SMTInterpol,True,4.692449743975885,4.692449743975885
UFNIA/2019-Preiner/full/t3_rw100.smt2,cvc5,True,0.24069204390980303,0.24069204390980303
UFNIA/2019-Preiner/combined/t3_rw1043.smt2,cvc5,False,1200,2400
UFNIA/2019-Zohar-ic/partial/int_check_bvule_bvshl1_rtl.smt2,SMTInterpol,True,0.4287137860083021,0.4287137860083021
UFNIA/2019-Preiner/full/f2_rw40.smt2,cvc5,False,1200,2400
UFNIA/sledgehammer/TwoSquares/z3.759273.smt2,cvc5,True,0.24616550677455962,0.24616550677455962
UFNIA/2019-Preiner/qf/t3_rw406.smt2,SMTInterpol,True,0.4707622539717704,0.4707622539717704
UFNIA/2019-Preiner/combined/f2_rw402.smt2,cvc5,True,0.22817679587751627,0.22817679587751627
UFNIA/2019-Preiner/full/t3_rw1554.smt2,SMTInterpol,False,1200,2400
UFNIA/2019-Preiner/qf/t3_rw1200.smt2,SMTInterpol,True,0.4848277189885266,0.4848277189885266
UFNIA/2019-Zohar-ic/full/int_check_bvsge_bvor_ltr_inv_g.smt2,cvc5,False,1200,2400
UFNIA/lahiri-cav09-storm-queries/usbsamp_bug_example_2_2_8_3.smt2,cvc5,True,1019.0845457657706,1019.0845457657706
UFNIA/2019-Preiner/full/t3_rw1457.smt2,SMTInterpol,True,2.4341370679903775,2.4341370679903775
UFNIA/spec_sharp/specsharp-WindowsCard.45.RTE.ExecuteInstruction.smt2,cvc5,True,33.390201138099656,33.390201138099656
UFNIA/spec_sharp/textbook-MaxMinClass.dll.4.ArrayMaxMin.MaxEven.smt2,cvc5,True,0.8257775830570608,0.8257775830570608
UFNIA/lahiri-cav09-storm-queries/usbsamp_bug_example_2_2_6_2.smt2,cvc5,True,1021.0751660319511,1021.0751660319511
UFNIA/sledgehammer/QEpres/z3.785070.smt2,cvc5,False,1200,2400
UFNIA/2019-Preiner/full/f2_rw413.smt2,cvc5,True,0.2269605512265116,0.2269605512265116
UFNIA/2019-Zohar-ic/full/int_check_eq_bvnot_ltr_no_inv.smt2,SMTInterpol,True,0.4725804739864543,0.4725804739864543
UFNIA/2019-Preiner/combined/t3_rw425.smt2,cvc5,False,1200,2400
UFNIA/2019-Preiner/combined/f2_rw394.smt2,cvc5,True,0.22904729912988842,0.22904729912988842
UFNIA/2019-Preiner/combined/t3_rw533.smt2,cvc5,True,0.4425987850409001,0.4425987850409001
UFNIA/2019-Preiner/partial/t3_rw1202.smt2,SMTInterpol,True,6.625988751009572,6.625988751009572
UFNIA/2019-Zohar-alive/partial/partial_Select:1105_values_57.smt2,SMTInterpol,True,0.6480357800028287,0.6480357800028287
UFNIA/2019-Preiner/qf/t3_rw1536.smt2,SMTInterpol,True,0.5293541180435568,0.5293541180435568
UFNIA/2019-Preiner/full/t3_rw983.smt2,cvc5,False,1200,2400
UFNIA/2019-Preiner/combined/t3_rw763.smt2,cvc5,False,1200,2400
UFNIA/2019-Preiner/partial/t3_rw1564.smt2,SMTInterpol,True,2.826267463969998,2.826267463969998
UFNIA/2019-Preiner/full/t3_rw1145.smt2,cvc5,False,1200,2400
UFNIA/spec_sharp/test14-DafnyAst.ssc.12.Microsoft.Dafny.BoolType..ctor.smt2,cvc5,True,3.9358526130672544,3.9358526130672544
UFNIA/2019-Preiner/full/t3_rw348.smt2,cvc5,False,1200,2400
UFNIA/2019-Preiner/partial/f2_rw367.smt2,SMTInterpol,True,3.9918689859914593,3.9918689859914593
UFNIA/2019-Preiner/full/t3_rw727.smt2,cvc5,False,1200,2400
UFNIA/2019-Preiner/qf/t3_rw973.smt2,SMTInterpol,True,0.47504282800946385,0.47504282800946385
UFNIA/2019-Preiner/combined/t3_rw40.smt2,cvc5,True,0.500412001973018,0.500412001973018
UFNIA/2019-Preiner/combined/t3_rw792.smt2,cvc5,False,1200,2400
UFNIA/2019-Zohar-alive/full/full_AndOrXor:1819_values_0.smt2,SMTInterpol,True,0.5338832649867982,0.5338832649867982
UFNIA/lahiri-cav09-storm-queries/mqueue_example_2_3_6_2.smt2,cvc5,True,9.672945441910997,9.672945441910997
UFNIA/2019-Preiner/full/t3_rw1434.smt2,cvc5,False,1200,2400
UFNIA/lahiri-cav09-storm-queries/mqueue_example_2_1_4_0.smt2,cvc5,True,442.7898288150318,442.7898288150318
UFNIA/lahiri-cav09-storm-queries/usbsamp_bug_example_2_2_2_3.smt2,cvc5,False,1200,2400
UFNIA/2019-Preiner/full/t3_rw274.smt2,cvc5,False,1200,2400
UFNIA/2019-Preiner/combined/t3_rw185.smt2,cvc5,True,0.8836906948126853,0.8836906948126853
UFNIA/2019-Preiner/full/t3_rw1139.smt2,SMTInterpol,False,1200,2400
UFNIA/2019-Preiner/qf/t3_rw806.smt2,SMTInterpol,True,0.4872950020362623,0.4872950020362623
UFNIA/2019-Preiner/full/t3_rw722.smt2,SMTInterpol,True,0.6352554540499114,0.6352554540499114
UFNIA/2019-Zohar-ic/combined/int_check_eq_bvand_ltr_no_inv.smt2,cvc5,True,0.2300139218568802,0.2300139218568802
UFNIA/2019-Preiner/partial/t3_rw1516.smt2,SMTInterpol,True,4.314493373036385,4.314493373036385
UFNIA/2019-Zohar-alive/partial/partial_Select:746_values_0.smt2,SMTInterpol,True,3.2080071889795363,3.2080071889795363
UFNIA/2019-Preiner/partial/t3_rw1393.smt2,SMTInterpol,True,4.7011282430030406,4.7011282430030406
UFNIA/lahiri-cav09-storm-queries/mqueue_example_2_1_4_1.smt2,cvc5,True,413.18157176906243,413.18157176906243
UFNIA/2019-Preiner/partial/f2_rw264.smt2,SMTInterpol,True,1.0517534639802761,1.0517534639802761
UFNIA/2019-Preiner/combined/t3_rw945.smt2,cvc5,True,0.5209914618171751,0.5209914618171751
UFNIA/2019-Preiner/qf/f2_rw39.smt2,SMTInterpol,True,0.4677946779993363,0.4677946779993363
UFNIA/2019-Preiner/full/t3_rw550.smt2,cvc5,False,1200,2400
UFNIA/2019-Preiner/qf/t3_rw1548.smt2,SMTInterpol,True,0.5324287060066126,0.5324287060066126
UFNIA/2019-Preiner/partial/t3_rw693.smt2,SMTInterpol,True,22.62153132201638,22.62153132201638
UFNIA/vcc-havoc/baby.77.main.smt2,iProver,True,4.929226653883234,4.929226653883234
UFNIA/spec_sharp/test14-DafnyAst.ssc.75.Microsoft.Dafny.BreakStmt..ctor_Microsoft.Dafny.Token_notnull_System.String.smt2,cvc5,True,9.761568360961974,9.761568360961974
UFNIA/sledgehammer/QEpres/z3.925716.smt2,cvc5,False,1200,2400
UFNIA/2019-Preiner/qf/t3_rw68.smt2,SMTInterpol,True,0.45674857299309224,0.45674857299309224
UFNIA/2019-Preiner/partial/t3_rw56.smt2,SMTInterpol,True,1.5266059120185673,1.5266059120185673
UFNIA/2019-Zohar-ic/full/int_check_ne_bvlshr0_ltr_inv_g.smt2,cvc5,False,1200,2400
UFNIA/2019-Preiner/qf/t3_rw969.smt2,SMTInterpol,True,0.4334646729985252,0.4334646729985252
UFNIA/2019-Preiner/partial/t3_rw349.smt2,SMTInterpol,True,3.1037866140250117,3.1037866140250117
UFNIA/2019-Preiner/partial/t3_rw1484.smt2,SMTInterpol,True,2.7863748769741505,2.7863748769741505
UFNIA/2019-Zohar-ic/combined/int_check_eq_bvlshr0_rtl.smt2,cvc5,True,26.589311338029802,26.589311338029802
UFNIA/2019-Zohar-ic/full/int_check_bvsge_bvlshr0_ltr_inv_r.smt2,cvc5,False,1200,2400
UFNIA/sledgehammer/FFT/z3.600376.smt2,cvc5,True,0.34584261290729046,0.34584261290729046
UFNIA/2019-Preiner/qf/t3_rw469.smt2,SMTInterpol,True,0.5461378959589638,0.5461378959589638
UFNIA/2019-Zohar-ic/full/int_check_bvule_bvurem1_rtl.smt2,SMTInterpol,True,0.4450338850147091,0.4450338850147091
UFNIA/2019-Preiner/combined/t3_rw819.smt2,cvc5,True,3.350719229085371,3.350719229085371
UFNIA/2019-Preiner/partial/t3_rw143.smt2,SMTInterpol,True,2.7367605970357545,2.7367605970357545
UFNIA/2019-Preiner/partial/f2_rw64.smt2,SMTInterpol,True,1.1763071000459604,1.1763071000459604
UFNIA/2019-Preiner/partial/f2_rw140.smt2,SMTInterpol,True,0.9794227569946088,0.9794227569946088
UFNIA/2019-Preiner/combined/t3_rw721.smt2,cvc5,False,1200,2400
UFNIA/vcc-havoc/verisoft-vamp.c.35.vamp_step.smt2,iProver,True,4.865703671006486,4.865703671006486
UFNIA/2019-Preiner/full/t3_rw1430.smt2,SMTInterpol,True,2.4002273719524965,2.4002273719524965
UFNIA/2019-Preiner/combined/t3_rw329.smt2,cvc5,False,1200,2400
UFNIA/2019-Preiner/partial/t3_rw606.smt2,SMTInterpol,True,0.9357654220075347,0.9357654220075347
UFNIA/2019-Preiner/partial/f2_rw412.smt2,SMTInterpol,True,0.9568306559813209,0.9568306559813209
UFNIA/2019-Preiner/combined/t3_rw257.smt2,cvc5,True,0.29054337507113814,0.29054337507113814
UFNIA/2019-Zohar-ic/partial/int_check_bvsge_bvshl0_ltr_inv_g.smt2,SMTInterpol,True,3.266296042012982,3.266296042012982
UFNIA/sledgehammer/QEpres/z3.1075408.smt2,cvc5,False,1200,2400
UFNIA/2019-Preiner/qf/t3_rw935.smt2,SMTInterpol,True,0.4342026250087656,0.4342026250087656
UFNIA/2019-Preiner/full/f2_rw328.smt2,cvc5,True,0.2503514760173857,0.2503514760173857
UFNIA/2019-Preiner/qf/f2_rw89.smt2,SMTInterpol,True,0.4796008749981411,0.4796008749981411
UFNIA/2019-Preiner/full/t3_rw766.smt2,SMTInterpol,True,9.917245742981322,9.917245742981322
UFNIA/2019-Preiner/full/t3_rw628.smt2,SMTInterpol,False,1200,2400
UFNIA/vcc-havoc/verisoft-memvirt.c.1.phys_mem_read.smt2,iProver,True,3.3537669100333005,3.3537669100333005
UFNIA/lahiri-cav09-storm-queries/mqueue_example_2_1_2_0.smt2,cvc5,True,736.9991808549967,736.9991808549967
UFNIA/spec_sharp/test14-CommandLineOptions.ssc.27.Microsoft.Boogie.CommandLineOptions.UserWantsToCheckRoutine_System.String_notnull.smt2,cvc5,True,22.098731867037714,22.098731867037714
UFNIA/2019-Zohar-ic/full/int_check_bvslt_bvashr0_rtl.smt2,cvc5,False,1200,2400
UFNIA/2019-Preiner/qf/f2_rw392.smt2,SMTInterpol,True,0.4764756729709916,0.4764756729709916
UFNIA/2019-Preiner/combined/t3_rw210.smt2,cvc5,True,0.3295844669919461,0.3295844669919461
UFNIA/2019-Zohar-ic/partial/int_check_bvuge_bvudiv1_ltr_no_inv.smt2,SMTInterpol,True,0.7121513760066591,0.7121513760066591
UFNIA/2019-Preiner/qf/t3_rw537.smt2,SMTInterpol,True,0.4400496759917587,0.4400496759917587
UFNIA/2019-Preiner/qf/t3_rw333.smt2,SMTInterpol,True,0.48602934600785375,0.48602934600785375
UFNIA/sledgehammer/TwoSquares/z3.782212.smt2,cvc5,False,1200,2400
UFNIA/2019-Preiner/full/f2_rw193.smt2,cvc5,True,0.4226175700314343,0.4226175700314343
UFNIA/vcc-havoc/baby.2.22.handle_illegal.smt2,iProver,True,4.3814437908586115,4.3814437908586115
UFNIA/2019-Preiner/full/t3_rw490.smt2,cvc5,True,0.23914895788766444,0.23914895788766444
UFNIA/2019-Preiner/combined/t3_rw576.smt2,cvc5,False,1200,2400
UFNIA/2019-Preiner/full/t3_rw124.smt2,cvc5,True,0.26434327592141926,0.26434327592141926
UFNIA/2019-Preiner/combined/t3_rw1121.smt2,cvc5,True,2.619614868192002,2.619614868192002
UFNIA/2019-Zohar-ic/combined/int_check_bvsle_bvurem1_ltr_inv_g.smt2,cvc5,True,2.0846234699711204,2.0846234699711204
UFNIA/2019-Zohar-ic/qf/int_check_bvsle_bvlshr1_ltr_no_inv.smt2,SMTInterpol,True,0.647277883021161,0.647277883021161
UFNIA/2019-Preiner/qf/f2_rw105.smt2,SMTInterpol,True,0.435497350001242,0.435497350001242
UFNIA/2019-Preiner/partial/f2_rw61.smt2,SMTInterpol,True,3.40947671799222,3.40947671799222
UFNIA/2019-Preiner/partial/t3_rw1530.smt2,SMTInterpol,True,10.845927677000873,10.845927677000873
UFNIA/2019-Preiner/partial/f2_rw403.smt2,SMTInterpol,True,0.9026480480097234,0.9026480480097234
UFNIA/2019-Preiner/combined/t3_rw614.smt2,cvc5,True,0.4793281320016831,0.4793281320016831
UFNIA/vcc-havoc/verisoft-sim.c.2.37.untranslated_write_sim.smt2,iProver,True,6.381428051041439,6.381428051041439
UFNIA/2019-Preiner/partial/t3_rw70.smt2,SMTInterpol,True,3.8737064910237677,3.8737064910237677
UFNIA/2019-Zohar-ic/full/int_check_bvsge_bvadd_ltr_inv_g.smt2,cvc5,True,5.078370753210038,5.078370753210038
UFNIA/spec_sharp/specsharp-WindowsCard.37.RTE.MOpDUP.smt2,cvc5,True,30.7556783168111,30.7556783168111
UFNIA/spec_sharp/textbook-BoundedLinearSearch.dll.1.C.Main.smt2,cvc5,True,30.969009330961853,30.969009330961853
UFNIA/2019-Zohar-ic/combined/int_check_bvsle_bvor_rtl.smt2,cvc5,True,464.90244129206985,464.90244129206985
UFNIA/2019-Preiner/combined/t3_rw775.smt2,cvc5,False,1200,2400
UFNIA/2019-Preiner/combined/t3_rw595.smt2,cvc5,False,1200,2400
UFNIA/2019-Zohar-ic/qf/int_check_bvsle_bvadd_ltr_no_inv.smt2,SMTInterpol,True,0.5188254559761845,0.5188254559761845
UFNIA/2019-Preiner/combined/t3_rw1513.smt2,cvc5,False,1200,2400
UFNIA/2019-Preiner/full/f2_rw126.smt2,cvc5,True,0.31313968100585043,0.31313968100585043
UFNIA/2019-Preiner/qf/f2_rw242.smt2,SMTInterpol,True,0.4242879619705491,0.4242879619705491
UFNIA/2019-Preiner/partial/f2_rw30.smt2,SMTInterpol,True,2.5464578429819085,2.5464578429819085
UFNIA/2019-Zohar-ic/partial/int_check_eq_bvand_ltr_no_inv.smt2,SMTInterpol,True,0.5995656080194749,0.5995656080194749
UFNIA/2019-Preiner/partial/f2_rw85.smt2,SMTInterpol,True,2.7390361529542133,2.7390361529542133
UFNIA/2019-Zohar-alive/full/full_AndOrXor:2658_values_0.smt2,SMTInterpol,False,1200,2400
UFNIA/2019-Preiner/combined/f2_rw183.smt2,cvc5,True,0.25951380911283195,0.25951380911283195
UFNIA/2019-Preiner/qf/f2_rw229.smt2,SMTInterpol,True,0.5046648479765281,0.5046648479765281
UFNIA/2019-Preiner/qf/t3_rw387.smt2,SMTInterpol,True,0.4763887209701352,0.4763887209701352
UFNIA/2019-Preiner/full/f2_rw258.smt2,cvc5,False,1200,2400
UFNIA/2019-Preiner/combined/t3_rw1341.smt2,cvc5,False,1200,2400
UFNIA/2019-Preiner/combined/t3_rw1285.smt2,cvc5,False,1200,2400
UFNIA/lahiri-cav09-storm-queries/usbsamp_example_2_2_8_0.smt2,cvc5,True,1029.387363096932,1029.387363096932
UFNIA/2019-Preiner/qf/t3_rw1524.smt2,SMTInterpol,True,0.48913639603415504,0.48913639603415504
UFNIA/2019-Zohar-alive/combined/combined_AndOrXor:2123_values_0.smt2,cvc5,False,1200,2400
UFNIA/2019-Preiner/qf/f2_rw204.smt2,SMTInterpol,True,0.4523253060178831,0.4523253060178831
UFNIA/2019-Preiner/full/t3_rw1274.smt2,SMTInterpol,False,1200,2400
UFNIA/2019-Preiner/combined/t3_rw1369.smt2,cvc5,False,1200,2400
UFNIA/lahiri-cav09-storm-queries/usbsamp_example_2_3_4_1.smt2,cvc5,True,1007.0405286280438,1007.0405286280438
UFNIA/2019-Zohar-ic/combined/int_check_bvule_bvshl0_ltr_inv_g.smt2,cvc5,True,0.24883784190751612,0.24883784190751612
UFNIA/2019-Preiner/combined/t3_rw793.smt2,cvc5,True,0.7556881990749389,0.7556881990749389
UFNIA/2019-Preiner/full/t3_rw842.smt2,cvc5,False,1200,2400
UFNIA/sledgehammer/TwoSquares/z3.791030.smt2,SMTInterpol,True,0.8881219319882803,0.8881219319882803
UFNIA/2019-Preiner/combined/t3_rw517.smt2,cvc5,True,391.2963723349385,391.2963723349385
UFNIA/2019-Zohar-alive/full/full_AndOrXor:1895_values_0.smt2,SMTInterpol,True,0.5719758850173093,0.5719758850173093
UFNIA/2019-Preiner/qf/t3_rw1224.smt2,SMTInterpol,True,0.5048061640118249,0.5048061640118249
UFNIA/2019-Preiner/full/t3_rw167.smt2,cvc5,False,1200,2400
UFNIA/2019-Zohar-alive/full/full_AndOrXor:1884_values_0.smt2,SMTInterpol,True,0.5341830980032682,0.5341830980032682
UFNIA/2019-Preiner/qf/t3_rw1259.smt2,SMTInterpol,True,0.4824455820489675,0.4824455820489675
UFNIA/2019-Zohar-ic/qf/int_check_bvslt_bvlshr1_ltr_no_inv.smt2,SMTInterpol,True,0.6302147039677948,0.6302147039677948
UFNIA/2019-Preiner/qf/t3_rw279.smt2,SMTInterpol,True,0.47610293701291084,0.47610293701291084
UFNIA/2019-Preiner/combined/t3_rw1353.smt2,cvc5,False,1200,2400
UFNIA/2019-Preiner/full/t3_rw531.smt2,cvc5,False,1200,2400
UFNIA/2019-Preiner/combined/t3_rw287.smt2,cvc5,False,1200,2400
UFNIA/2019-Zohar-ic/combined/int_check_bvule_bvneg_rtl.smt2,cvc5,True,0.24139907001517713,0.24139907001517713
UFNIA/2019-Preiner/full/t3_rw589.smt2,SMTInterpol,True,2.5714734030188993,2.5714734030188993
UFNIA/2019-Preiner/partial/t3_rw1506.smt2,SMTInterpol,True,2.4222877499996684,2.4222877499996684
UFNIA/2019-Preiner/partial/t3_rw772.smt2,SMTInterpol,True,5.539401414047461,5.539401414047461
UFNIA/2019-Zohar-alive/combined/combined_AndOrXor:144_values_0.smt2,cvc5,False,1200,2400
UFNIA/2019-Preiner/qf/t3_rw1027.smt2,SMTInterpol,True,0.47931358800269663,0.47931358800269663
UFNIA/2019-Zohar-ic/full/int_check_bvsle_bvudiv1_rtl.smt2,cvc5,True,0.38751780800521374,0.38751780800521374
UFNIA/2019-Preiner/partial/t3_rw736.smt2,SMTInterpol,True,2.540237733977847,2.540237733977847
UFNIA/2019-Preiner/full/t3_rw631.smt2,SMTInterpol,False,1200,2400
UFNIA/2019-Preiner/partial/t3_rw327.smt2,SMTInterpol,True,3.7848613220267,3.7848613220267
UFNIA/2019-Preiner/qf/t3_rw221.smt2,SMTInterpol,True,0.4808754089754075,0.4808754089754075
UFNIA/2019-Preiner/full/t3_rw734.smt2,SMTInterpol,True,10.365151609003078,10.365151609003078
UFNIA/2019-Preiner/full/t3_rw1406.smt2,cvc5,True,0.27531831292435527,0.27531831292435527
UFNIA/spec_sharp/test14-DafnyAst.ssc.102.Microsoft.Dafny.LiteralExpr..ctor_Microsoft.Dafny.Token_notnull_System.Int32.smt2,cvc5,True,10.619650830049068,10.619650830049068
UFNIA/2019-Preiner/combined/t3_rw893.smt2,cvc5,False,1200,2400
UFNIA/vcc-havoc/baby.48.handle_movi2s.smt2,iProver,True,5.4106243760325015,5.4106243760325015
UFNIA/2019-Preiner/full/t3_rw368.smt2,cvc5,False,1200,2400
UFNIA/2019-Preiner/qf/t3_rw851.smt2,SMTInterpol,True,0.5035667379852384,0.5035667379852384
UFNIA/2019-Preiner/qf/t3_rw477.smt2,SMTInterpol,True,0.4637396129546687,0.4637396129546687
UFNIA/2019-Preiner/combined/t3_rw619.smt2,cvc5,True,0.4508009050041437,0.4508009050041437
UFNIA/2019-Preiner/combined/t3_rw331.smt2,cvc5,False,1200,2400
UFNIA/sledgehammer/Fundamental_Theorem_Algebra/z3.662417.smt2,cvc5,False,1200,2400
UFNIA/2019-Preiner/partial/t3_rw724.smt2,SMTInterpol,True,0.961638025008142,0.961638025008142
UFNIA/spec_sharp/specsharp-WindowsCard.44.RTE.MOpEND.smt2,cvc5,True,2.6870938350912184,2.6870938350912184
UFNIA/2019-Preiner/combined/t3_rw1565.smt2,cvc5,False,1200,2400
UFNIA/2019-Preiner/full/f2_rw213.smt2,cvc5,True,0.2228259949479252,0.2228259949479252
UFNIA/2019-Zohar-ic/qf/int_check_bvugt_bvadd_ltr_no_inv.smt2,SMTInterpol,True,0.5054258820018731,0.5054258820018731
UFNIA/2019-Zohar-ic/partial/int_check_bvslt_bvand_ltr_inv_g.smt2,SMTInterpol,True,86.68782388098771,86.68782388098771
UFNIA/2019-Preiner/partial/t3_rw1239.smt2,SMTInterpol,True,2.1446753250202164,2.1446753250202164
UFNIA/sledgehammer/QEpres/z3.815027.smt2,cvc5,False,1200,2400
UFNIA/2019-Preiner/full/t3_rw513.smt2,cvc5,False,1200,2400
UFNIA/sledgehammer/Fundamental_Theorem_Algebra/z3.615338.smt2,cvc5,True,0.4337163590826094,0.4337163590826094
UFNIA/2019-Zohar-ic/qf/int_check_bvsgt_bvlshr0_ltr_no_inv.smt2,SMTInterpol,True,0.6256922369939275,0.6256922369939275
UFNIA/2019-Preiner/qf/t3_rw839.smt2,SMTInterpol,True,0.47536783100804314,0.47536783100804314
UFNIA/2019-Preiner/partial/t3_rw1172.smt2,SMTInterpol,True,3.625879764033016,3.625879764033016
UFNIA/sledgehammer/Fundamental_Theorem_Algebra/z3.1376701.smt2,cvc5,False,1200,2400
UFNIA/2019-Zohar-ic/full/int_check_bvsle_bvmul_rtl.smt2,cvc5,True,1.0570907341316342,1.0570907341316342
UFNIA/2019-Zohar-ic/full/int_check_bvslt_bvlshr0_rtl.smt2,cvc5,False,1200,2400
UFNIA/2019-Preiner/combined/t3_rw994.smt2,cvc5,True,0.33628417109139264,0.33628417109139264
UFNIA/2019-Preiner/combined/t3_rw108.smt2,cvc5,True,0.43906788202002645,0.43906788202002645
UFNIA/sledgehammer/Fundamental_Theorem_Algebra/z3.1085683.smt2,cvc5,True,1.0253729210235178,1.0253729210235178
UFNIA/vcc-havoc/verisoft-sim.c.11.spt_entry_ppx.smt2,iProver,True,5.880435808096081,5.880435808096081
UFNIA/2019-Preiner/qf/t3_rw1222.smt2,SMTInterpol,True,0.5010657209786586,0.5010657209786586
UFNIA/2019-Preiner/partial/t3_rw385.smt2,SMTInterpol,True,4.817879081994761,4.817879081994761
UFNIA/2019-Preiner/full/t3_rw489.smt2,cvc5,True,0.38683609617874026,0.38683609617874026
UFNIA/2019-Preiner/partial/t3_rw168.smt2,SMTInterpol,True,8.584267169993836,8.584267169993836
UFNIA/2019-Preiner/combined/t3_rw1460.smt2,cvc5,False,1200,2400
UFNIA/2019-Preiner/qf/t3_rw132.smt2,SMTInterpol,True,0.4853018099674955,0.4853018099674955
UFNIA/2019-Preiner/combined/t3_rw1154.smt2,cvc5,True,0.3887145328335464,0.3887145328335464
UFNIA/2019-Zohar-ic/full/int_check_bvsgt_bvand_ltr_inv_g.smt2,cvc5,False,1200,2400
UFNIA/sledgehammer/QEpres/z3.1067640.smt2,cvc5,False,1200,2400
UFNIA/2019-Preiner/qf/f2_rw61.smt2,SMTInterpol,True,0.4809187069768086,0.4809187069768086
UFNIA/2019-Zohar-ic/full/int_check_bvuge_bvnot_ltr_inv_g.smt2,SMTInterpol,True,0.47422003699466586,0.47422003699466586
UFNIA/2019-Zohar-ic/qf/int_check_bvuge_bvudiv0_ltr_no_inv.smt2,SMTInterpol,True,0.5298800700111315,0.5298800700111315
UFNIA/2019-Preiner/partial/t3_rw1428.smt2,SMTInterpol,True,4.620215584000107,4.620215584000107
UFNIA/2019-Preiner/qf/f2_rw182.smt2,SMTInterpol,True,0.4588654589606449,0.4588654589606449
UFNIA/2019-Preiner/full/t3_rw997.smt2,cvc5,False,1200,2400
UFNIA/20190906-CLEARSY/0000/00254.smt2,cvc5,True,0.27070256415754557,0.27070256415754557
UFNIA/2019-Preiner/qf/t3_rw1287.smt2,SMTInterpol,True,0.5074332479853183,0.5074332479853183
UFNIA/2019-Preiner/partial/f2_rw20.smt2,SMTInterpol,True,3.4504391739610583,3.4504391739610583
UFNIA/2019-Preiner/qf/f2_rw420.smt2,SMTInterpol,True,0.4856365050072782,0.4856365050072782
UFNIA/2019-Preiner/qf/f2_rw359.smt2,SMTInterpol,True,0.5007327129715122,0.5007327129715122
UFNIA/2019-Preiner/qf/t3_rw270.smt2,SMTInterpol,True,0.49359734501922503,0.49359734501922503
UFNIA/2019-Preiner/partial/t3_rw209.smt2,SMTInterpol,True,3.658391817996744,3.658391817996744
UFNIA/2019-Zohar-ic/qf/int_check_eq_bvlshr1_ltr_no_inv.smt2,SMTInterpol,True,0.6232298720278777,0.6232298720278777
UFNIA/2019-Preiner/full/t3_rw1131.smt2,SMTInterpol,False,1200,2400
UFNIA/2019-Preiner/combined/t3_rw1541.smt2,cvc5,True,3.6946059989277273,3.6946059989277273
UFNIA/2019-Preiner/combined/t3_rw863.smt2,cvc5,True,391.5315908570774,391.5315908570774
UFNIA/2019-Zohar-ic/partial/int_check_bvsle_bvshl0_ltr_no_inv.smt2,SMTInterpol,True,3.1865450519835576,3.1865450519835576
UFNIA/2019-Zohar-ic/full/int_check_bvult_bvlshr0_ltr_inv_g.smt2,cvc5,False,1200,2400
UFNIA/2019-Preiner/qf/t3_rw295.smt2,SMTInterpol,True,0.43204832496121526,0.43204832496121526
UFNIA/2019-Preiner/full/t3_rw667.smt2,cvc5,False,1200,2400
UFNIA/sledgehammer/TwoSquares/z3.804285.smt2,cvc5,False,1200,2400
UFNIA/sledgehammer/FFT/z3.587930.smt2,cvc5,False,1200,2400
UFNIA/2019-Preiner/combined/f2_rw240.smt2,cvc5,True,0.8888279430102557,0.8888279430102557
UFNIA/2019-Preiner/partial/t3_rw189.smt2,SMTInterpol,True,4.012818826013245,4.012818826013245
UFNIA/2019-Preiner/partial/t3_rw916.smt2,SMTInterpol,True,3.5550489079905674,3.5550489079905674
UFNIA/2019-Preiner/qf/f2_rw71.smt2,SMTInterpol,True,0.49980633199447766,0.49980633199447766
UFNIA/2019-Preiner/qf/f2_rw78.smt2,SMTInterpol,True,0.45421965699642897,0.45421965699642897
UFNIA/2019-Preiner/partial/f2_rw19.smt2,SMTInterpol,True,0.8128514810232446,0.8128514810232446
UFNIA/2019-Zohar-ic/combined/int_check_bvsge_bvor_ltr_inv_g.smt2,cvc5,False,1200,2400
UFNIA/2019-Preiner/combined/t3_rw1013.smt2,cvc5,False,1200,2400
UFNIA/2019-Zohar-ic/full/int_check_bvsge_bvashr0_ltr_inv_g.smt2,cvc5,True,3.3453123378567398,3.3453123378567398
UFNIA/sledgehammer/Fundamental_Theorem_Algebra/z3.1008407.smt2,cvc5,False,1200,2400
UFNIA/2019-Preiner/full/t3_rw1405.smt2,SMTInterpol,False,1200,2400
UFNIA/2019-Preiner/full/t3_rw1149.smt2,cvc5,False,1200,2400
UFNIA/2019-Preiner/partial/t3_rw1032.smt2,SMTInterpol,True,196.9449391150265,196.9449391150265
UFNIA/2019-Preiner/partial/t3_rw934.smt2,SMTInterpol,True,4.734500780003145,4.734500780003145
UFNIA/2019-Preiner/combined/f2_rw35.smt2,cvc5,True,0.8050335450097919,0.8050335450097919
UFNIA/lahiri-cav09-storm-queries/mqueue_example_2_1_4_3.smt2,cvc5,True,20.081851951079443,20.081851951079443
UFNIA/2019-Preiner/qf/t3_rw907.smt2,SMTInterpol,True,0.5116450980422087,0.5116450980422087
UFNIA/2019-Preiner/qf/t3_rw1204.smt2,SMTInterpol,True,0.5080101200146601,0.5080101200146601
UFNIA/2019-Preiner/partial/t3_rw1338.smt2,SMTInterpol,True,4.158734967990313,4.158734967990313
UFNIA/2019-Preiner/full/t3_rw745.smt2,SMTInterpol,False,1200,2400
UFNIA/spec_sharp/test14-DafnyAst.ssc.113.Microsoft.Dafny.FunctionCallExpr..ctor_Microsoft.Dafny.Token_notnull_System.String_notnull_Microsoft.smt2,cvc5,True,420.1143690778408,420.1143690778408
UFNIA/2019-Zohar-ic/partial/int_check_bvsle_bvurem0_ltr_inv_g.smt2,SMTInterpol,True,250.46131629199954,250.46131629199954
UFNIA/2019-Preiner/full/t3_rw1125.smt2,SMTInterpol,False,1200,2400
UFNIA/2019-Preiner/full/t3_rw58.smt2,cvc5,True,0.2548510681372136,0.2548510681372136
UFNIA/2019-Preiner/full/t3_rw1342.smt2,SMTInterpol,False,1200,2400
UFNIA/2019-Preiner/partial/t3_rw141.smt2,SMTInterpol,True,5.180334809992928,5.180334809992928
UFNIA/2019-Preiner/qf/t3_rw402.smt2,SMTInterpol,True,0.45743658504216,0.45743658504216
UFNIA/2019-Preiner/qf/f2_rw144.smt2,SMTInterpol,True,0.46531093498924747,0.46531093498924747
UFNIA/2019-Preiner/partial/t3_rw1149.smt2,SMTInterpol,True,2.7961069899611175,2.7961069899611175
UFNIA/2019-Zohar-ic/combined/int_check_bvslt_bvneg_ltr_no_inv.smt2,cvc5,True,391.03096444392577,391.03096444392577
UFNIA/2019-Preiner/partial/f2_rw33.smt2,SMTInterpol,True,2.8867762550362386,2.8867762550362386
UFNIA/2019-Preiner/combined/t3_rw637.smt2,cvc5,True,1.2468833269085735,1.2468833269085735
UFNIA/2019-Zohar-ic/full/int_check_ne_bvashr1_rtl.smt2,cvc5,False,1200,2400
UFNIA/2019-Preiner/combined/t3_rw1395.smt2,cvc5,False,1200,2400
UFNIA/2019-Zohar-ic/combined/int_check_ne_bvashr0_ltr_inv_g.smt2,cvc5,True,30.58742566104047,30.58742566104047
UFNIA/2019-Preiner/full/t3_rw152.smt2,cvc5,False,1200,2400
UFNIA/sledgehammer/TwoSquares/z3.886345.smt2,cvc5,True,30.325992027996108,30.325992027996108
UFNIA/2019-Zohar-ic/partial/int_check_bvsge_bvneg_ltr_no_inv.smt2,SMTInterpol,True,1.9584019489702769,1.9584019489702769
UFNIA/2019-Preiner/partial/t3_rw1214.smt2,SMTInterpol,True,9.51986925903475,9.51986925903475
UFNIA/2019-Preiner/partial/t3_rw881.smt2,SMTInterpol,True,3.102532105986029,3.102532105986029
UFNIA/2019-Zohar-ic/full/int_check_bvsle_bvnot_ltr_inv_g.smt2,cvc5,True,0.3871376980096102,0.3871376980096102
UFNIA/2019-Preiner/qf/t3_rw334.smt2,SMTInterpol,True,0.4318743220064789,0.4318743220064789
UFNIA/2019-Preiner/full/t3_rw224.smt2,cvc5,False,1200,2400
UFNIA/sledgehammer/TwoSquares/z3.779754.smt2,cvc5,False,1200,2400
UFNIA/2019-Preiner/partial/f2_rw162.smt2,SMTInterpol,True,4.509429787984118,4.509429787984118
UFNIA/vcc-havoc/verisoft-baby.c.83.handle_illegal.smt2,iProver,True,4.8760187078733,4.8760187078733
UFNIA/sledgehammer/TwoSquares/z3.763790.smt2,cvc5,False,1200,2400
UFNIA/sledgehammer/QEpres/z3.818754.smt2,cvc5,False,1200,2400
UFNIA/2019-Preiner/partial/t3_rw1009.smt2,SMTInterpol,True,4.953498381015379,4.953498381015379
UFNIA/2019-Preiner/qf/t3_rw1393.smt2,SMTInterpol,True,0.4682269309996627,0.4682269309996627
UFNIA/2019-Preiner/combined/t3_rw309.smt2,cvc5,True,0.32263000891543925,0.32263000891543925
UFNIA/2019-Zohar-ic/full/int_check_bvsle_bvshl1_ltr_no_inv.smt2,cvc5,False,1200,2400
UFNIA/2019-Preiner/full/t3_rw1357.smt2,cvc5,False,1200,2400
UFNIA/2019-Preiner/qf/t3_rw699.smt2,SMTInterpol,True,0.5017662720056251,0.5017662720056251
UFNIA/2019-Zohar-ic/full/int_check_bvuge_bvudiv0_rtl.smt2,cvc5,False,1200,2400
UFNIA/2019-Preiner/combined/t3_rw588.smt2,cvc5,True,68.05589843913913,68.05589843913913
UFNIA/2019-Zohar-ic/qf/int_check_bvugt_bvashr0_ltr_no_inv.smt2,SMTInterpol,True,0.6687459919485264,0.6687459919485264
UFNIA/sledgehammer/Fundamental_Theorem_Algebra/z3.1504934.smt2,cvc5,False,1200,2400
UFNIA/sledgehammer/QEpres/z3.1078543.smt2,cvc5,False,1200,2400
UFNIA/2019-Preiner/qf/t3_rw373.smt2,SMTInterpol,True,0.5118680959567428,0.5118680959567428
UFNIA/vcc-havoc/verisoft-baby.c.2.21.hv_dispatch.smt2,iProver,True,5.897172709926963,5.897172709926963
UFNIA/2019-Preiner/partial/t3_rw91.smt2,SMTInterpol,True,5.3374808330554515,5.3374808330554515
UFNIA/2019-Preiner/partial/t3_rw1089.smt2,SMTInterpol,True,2.6431187209673226,2.6431187209673226
UFNIA/2019-Preiner/partial/t3_rw384.smt2,SMTInterpol,True,6.466284146998078,6.466284146998078
UFNIA/2019-Zohar-alive/partial/partial_AndOrXor:1795_values_0.smt2,SMTInterpol,True,16.79854232398793,16.79854232398793
UFNIA/sledgehammer/TwoSquares/z3.821397.smt2,cvc5,True,0.23444688809104264,0.23444688809104264
UFNIA/2019-Preiner/partial/f2_rw331.smt2,SMTInterpol,True,0.9028870070469566,0.9028870070469566
UFNIA/2019-Preiner/full/f2_rw252.smt2,cvc5,False,1200,2400
UFNIA/sledgehammer/TwoSquares/z3.807159.smt2,cvc5,False,1200,2400
UFNIA/2019-Preiner/full/t3_rw603.smt2,cvc5,False,1200,2400
UFNIA/sledgehammer/QEpres/z3.1196067.smt2,cvc5,False,1200,2400
UFNIA/sledgehammer/QEpres/z3.834873.smt2,cvc5,False,1200,2400
UFNIA/2019-Preiner/partial/t3_rw1547.smt2,SMTInterpol,True,7.006836357992142,7.006836357992142
UFNIA/2019-Zohar-ic/combined/int_check_bvuge_bvadd_ltr_no_inv.smt2,cvc5,True,391.6079615531489,391.6079615531489
UFNIA/2019-Preiner/qf/t3_rw880.smt2,SMTInterpol,True,0.47478408500319347,0.47478408500319347
UFNIA/2019-Zohar-ic/partial/int_check_bvsle_bvlshr0_rtl.smt2,SMTInterpol,True,2.549401478958316,2.549401478958316
UFNIA/sledgehammer/TwoSquares/z3.795471.smt2,SMTInterpol,True,0.6964060330064967,0.6964060330064967
UFNIA/2019-Preiner/qf/t3_rw630.smt2,SMTInterpol,True,0.46001708903349936,0.46001708903349936
UFNIA/spec_sharp/textbook-CircularQueue.dll.9.CirQueue.get_Capacity.smt2,cvc5,True,0.4316431919578463,0.4316431919578463
UFNIA/sledgehammer/QEpres/z3.1023501.smt2,cvc5,False,1200,2400
UFNIA/2019-Preiner/partial/t3_rw479.smt2,SMTInterpol,True,3.6924899379955605,3.6924899379955605
UFNIA/sledgehammer/Fundamental_Theorem_Algebra/z3.1160836.smt2,cvc5,False,1200,2400
UFNIA/2019-Preiner/combined/f2_rw296.smt2,cvc5,True,0.24324128380976617,0.24324128380976617
UFNIA/2019-Preiner/full/t3_rw252.smt2,SMTInterpol,False,1200,2400
UFNIA/2019-Preiner/qf/t3_rw636.smt2,SMTInterpol,True,0.45552408701041713,0.45552408701041713
UFNIA/sledgehammer/QEpres/z3.856634.smt2,cvc5,False,1200,2400
UFNIA/2019-Preiner/full/t3_rw454.smt2,cvc5,False,1200,2400
UFNIA/2019-Preiner/combined/f2_rw155.smt2,cvc5,True,0.2471699749585241,0.2471699749585241
UFNIA/2019-Preiner/combined/t3_rw1286.smt2,cvc5,False,1200,2400
UFNIA/2019-Preiner/partial/f2_rw183.smt2,SMTInterpol,True,1.0465484869782813,1.0465484869782813
UFNIA/2019-Preiner/combined/t3_rw1.smt2,cvc5,True,0.26292490493506193,0.26292490493506193
UFNIA/2019-Preiner/qf/t3_rw332.smt2,SMTInterpol,True,0.4602547130198218,0.4602547130198218
UFNIA/2019-Preiner/partial/t3_rw944.smt2,SMTInterpol,True,6.641476091986988,6.641476091986988
UFNIA/2019-Preiner/qf/t3_rw440.smt2,SMTInterpol,True,0.5048105519963428,0.5048105519963428
UFNIA/2019-Preiner/combined/t3_rw31.smt2,cvc5,False,1200,2400
UFNIA/2019-Preiner/qf/t3_rw1152.smt2,SMTInterpol,True,0.48955929500516504,0.48955929500516504
UFNIA/2019-Preiner/qf/t3_rw1347.smt2,SMTInterpol,True,0.4717456090147607,0.4717456090147607
UFNIA/2019-Preiner/qf/f2_rw46.smt2,SMTInterpol,True,0.5279243550030515,0.5279243550030515
UFNIA/2019-Preiner/qf/t3_rw244.smt2,SMTInterpol,True,0.4589596910518594,0.4589596910518594
UFNIA/2019-Preiner/partial/t3_rw1325.smt2,SMTInterpol,True,3.606202218972612,3.606202218972612
UFNIA/2019-Preiner/full/t3_rw1081.smt2,SMTInterpol,False,1200,2400
UFNIA/2019-Zohar-alive/partial/partial_AndOrXor:530_values_0.smt2,SMTInterpol,True,8.451298140978906,8.451298140978906
UFNIA/2019-Preiner/qf/t3_rw367.smt2,SMTInterpol,True,0.5000512909609824,0.5000512909609824
UFNIA/2019-Preiner/partial/f2_rw16.smt2,SMTInterpol,True,0.8884879309916869,0.8884879309916869
UFNIA/lahiri-cav09-storm-queries/mqueue_example_2_3_4_4.smt2,cvc5,True,27.765255777863786,27.765255777863786
UFNIA/vcc-havoc/baby.2.16.handle_illegal.smt2,iProver,True,4.377650114940479,4.377650114940479
UFNIA/2019-Preiner/combined/f2_rw229.smt2,cvc5,True,0.7342661311849952,0.7342661311849952
UFNIA/2019-Preiner/full/t3_rw655.smt2,cvc5,False,1200,2400
UFNIA/2019-Zohar-ic/combined/int_check_bvuge_bvlshr1_rtl.smt2,cvc5,True,1.9194877648260444,1.9194877648260444
UFNIA/2019-Preiner/full/t3_rw1284.smt2,SMTInterpol,False,1200,2400
UFNIA/sledgehammer/Fundamental_Theorem_Algebra/z3.1226460.smt2,cvc5,True,0.2853154609911144,0.2853154609911144
UFNIA/2019-Preiner/full/t3_rw1138.smt2,SMTInterpol,False,1200,2400
UFNIA/2019-Preiner/full/t3_rw737.smt2,SMTInterpol,False,1200,2400
UFNIA/2019-Preiner/partial/f2_rw59.smt2,SMTInterpol,True,3.0499904030002654,3.0499904030002654
UFNIA/vcc-havoc/verisoft-memvirt.c.15.phys_manybl_write_sim.smt2,iProver,True,3.8735150520224124,3.8735150520224124
UFNIA/2019-Preiner/combined/t3_rw1003.smt2,cvc5,True,0.44514766708016396,0.44514766708016396
UFNIA/sledgehammer/Fundamental_Theorem_Algebra/z3.1239618.smt2,cvc5,False,1200,2400
UFNIA/2019-Preiner/combined/f2_rw360.smt2,cvc5,True,0.2792089630383998,0.2792089630383998
UFNIA/2019-Preiner/partial/t3_rw1538.smt2,SMTInterpol,True,5.656146173016168,5.656146173016168
UFNIA/2019-Preiner/qf/t3_rw1362.smt2,SMTInterpol,True,0.4961107859853655,0.4961107859853655
UFNIA/2019-Preiner/qf/t3_rw379.smt2,SMTInterpol,True,0.44961134996265173,0.44961134996265173
UFNIA/vcc-havoc/havoc-bench_024.2.main.smt2,cvc5,True,0.333404652075842,0.333404652075842
UFNIA/sledgehammer/Fundamental_Theorem_Algebra/z3.644833.smt2,cvc5,False,1200,2400
UFNIA/2019-Preiner/full/f2_rw187.smt2,cvc5,True,0.31211909581907094,0.31211909581907094
UFNIA/2019-Preiner/qf/t3_rw709.smt2,SMTInterpol,True,0.47223590296925977,0.47223590296925977
UFNIA/2019-Zohar-ic/full/int_check_bvule_bvshl1_ltr_no_inv.smt2,SMTInterpol,True,0.6297961680102162,0.6297961680102162
UFNIA/spec_sharp/test14-DafnyAst.ssc.34.Microsoft.Dafny.TypeProxy.ToString.smt2,cvc5,True,6.966331485891715,6.966331485891715
UFNIA/2019-Preiner/qf/t3_rw388.smt2,SMTInterpol,True,0.4516633610473946,0.4516633610473946
UFNIA/vcc-havoc/baby.70.hv_dispatch.smt2,iProver,True,5.382838677149266,5.382838677149266
UFNIA/2019-Zohar-alive/combined/combined_AddSub:1560_values_0.smt2,cvc5,False,1200,2400
UFNIA/2019-Preiner/combined/t3_rw316.smt2,cvc5,False,1200,2400
UFNIA/2019-Preiner/qf/t3_rw356.smt2,SMTInterpol,True,0.49358473997563124,0.49358473997563124
UFNIA/sledgehammer/QEpres/z3.763098.smt2,cvc5,False,1200,2400
UFNIA/2019-Zohar-alive/full/full_AndOrXor:961_values_0.smt2,SMTInterpol,True,0.5343031199881807,0.5343031199881807
UFNIA/2019-Preiner/full/t3_rw605.smt2,cvc5,False,1200,2400
UFNIA/2019-Zohar-ic/full/int_check_bvugt_bvnot_ltr_inv_g.smt2,cvc5,True,0.22639966802671552,0.22639966802671552
UFNIA/2019-Zohar-ic/partial/int_check_bvuge_bvnot_ltr_inv_g.smt2,SMTInterpol,True,0.45769968995591626,0.45769968995591626
UFNIA/sledgehammer/TwoSquares/z3.728184.smt2,cvc5,False,1200,2400
UFNIA/sledgehammer/Fundamental_Theorem_Algebra/z3.1508646.smt2,cvc5,False,1200,2400
UFNIA/2019-Zohar-ic/partial/int_check_bvule_bvmul_ltr_inv_g.smt2,SMTInterpol,True,0.7824081869912334,0.7824081869912334
UFNIA/2019-Preiner/full/f2_rw180.smt2,cvc5,False,1200,2400
UFNIA/2019-Zohar-ic/full/int_check_bvslt_bvudiv0_rtl.smt2,cvc5,True,0.8805607641115785,0.8805607641115785
UFNIA/2019-Preiner/qf/t3_rw263.smt2,SMTInterpol,True,0.44832271902123466,0.44832271902123466
UFNIA/lahiri-cav09-storm-queries/mqueue_example_cegar_2_2_3.smt2,cvc5,False,1200,2400
UFNIA/2019-Preiner/combined/t3_rw1009.smt2,cvc5,True,0.3911468400619924,0.3911468400619924
UFNIA/2019-Preiner/full/t3_rw637.smt2,SMTInterpol,True,9.865562385006342,9.865562385006342
UFNIA/lahiri-cav09-storm-queries/usbsamp_example_2_3_4_2.smt2,cvc5,True,1015.4900123020634,1015.4900123020634
UFNIA/2019-Preiner/qf/t3_rw534.smt2,SMTInterpol,True,0.46546552900690585,0.46546552900690585
UFNIA/2019-Zohar-alive/full/full_AndOrXor:1831_values_0.smt2,SMTInterpol,True,0.5317948269657791,0.5317948269657791
UFNIA/2019-Preiner/full/t3_rw996.smt2,cvc5,False,1200,2400
UFNIA/2019-Preiner/qf/f2_rw397.smt2,SMTInterpol,True,0.4768389720120467,0.4768389720120467
UFNIA/vcc-havoc/WindowsCard.c.32.OpESC.smt2,iProver,True,5.39136777096428,5.39136777096428
UFNIA/2019-Preiner/combined/f2_rw343.smt2,cvc5,True,0.3365572430193424,0.3365572430193424
UFNIA/2019-Preiner/full/t3_rw1388.smt2,SMTInterpol,False,1200,2400
UFNIA/2019-Preiner/combined/t3_rw1023.smt2,cvc5,False,1200,2400
UFNIA/sledgehammer/TwoSquares/z3.859844.smt2,SMTInterpol,False,1200,2400
UFNIA/2019-Preiner/combined/t3_rw1207.smt2,cvc5,False,1200,2400
UFNIA/2019-Preiner/full/t3_rw1130.smt2,cvc5,False,1200,2400
UFNIA/2019-Zohar-ic/full/int_check_bvult_bvand_ltr_no_inv.smt2,cvc5,False,1200,2400
UFNIA/2019-Preiner/combined/t3_rw236.smt2,cvc5,False,1200,2400
UFNIA/2019-Preiner/qf/t3_rw678.smt2,SMTInterpol,True,0.5172897480078973,0.5172897480078973
UFNIA/2019-Preiner/partial/f2_rw26.smt2,SMTInterpol,True,3.6296414609532803,3.6296414609532803
UFNIA/2019-Preiner/partial/t3_rw273.smt2,SMTInterpol,True,6.8636979819857515,6.8636979819857515
UFNIA/sledgehammer/Fundamental_Theorem_Algebra/z3.1085232.smt2,cvc5,True,0.5212289730552584,0.5212289730552584
UFNIA/2019-Preiner/qf/t3_rw1563.smt2,SMTInterpol,True,0.4929298019851558,0.4929298019851558
UFNIA/2019-Preiner/combined/t3_rw898.smt2,cvc5,True,0.2984205100219697,0.2984205100219697
UFNIA/2019-Preiner/partial/t3_rw1269.smt2,SMTInterpol,True,2.146413838956505,2.146413838956505
UFNIA/2019-Zohar-ic/full/int_check_bvult_bvudiv0_ltr_inv_g.smt2,cvc5,True,0.25223596999421716,0.25223596999421716
UFNIA/2019-Preiner/qf/t3_rw447.smt2,SMTInterpol,True,0.5152414229814894,0.5152414229814894
UFNIA/sledgehammer/QEpres/z3.940892.smt2,cvc5,False,1200,2400
UFNIA/2019-Preiner/full/t3_rw1551.smt2,SMTInterpol,False,1200,2400
UFNIA/2019-Preiner/combined/t3_rw447.smt2,cvc5,True,9.957508768886328,9.957508768886328
UFNIA/2019-Preiner/partial/t3_rw657.smt2,SMTInterpol,True,2.751519411976915,2.751519411976915
UFNIA/2019-Zohar-ic/full/int_check_bvult_bvnot_rtl.smt2,cvc5,True,0.253451389959082,0.253451389959082
UFNIA/2019-Zohar-ic/partial/int_check_bvule_bvlshr0_ltr_no_inv.smt2,SMTInterpol,True,2.0722894790233113,2.0722894790233113
UFNIA/spec_sharp/test14-DafnyAst.ssc.19.Microsoft.Dafny.CollectionType..ctor_Microsoft.Dafny.Type_notnull.smt2,cvc5,True,7.636381701100618,7.636381701100618
UFNIA/2019-Preiner/partial/t3_rw249.smt2,SMTInterpol,True,3.1974806470097974,3.1974806470097974
UFNIA/2019-Zohar-ic/partial/int_check_bvsle_bvadd_rtl.smt2,SMTInterpol,True,0.43831982801202685,0.43831982801202685
UFNIA/2019-Preiner/full/f2_rw52.smt2,cvc5,False,1200,2400
UFNIA/sledgehammer/TwoSquares/z3.821389.smt2,cvc5,False,1200,2400
UFNIA/2019-Preiner/qf/t3_rw1044.smt2,SMTInterpol,True,0.45189802296226844,0.45189802296226844
UFNIA/2019-Preiner/combined/t3_rw1136.smt2,cvc5,True,0.973977263784036,0.973977263784036
UFNIA/vcc-havoc/baby.1.8.handle_illegal.smt2,iProver,True,3.9348031759727746,3.9348031759727746
UFNIA/2019-Zohar-alive/partial/partial_AndOrXor:966_values_0.smt2,SMTInterpol,True,0.6791133510414511,0.6791133510414511
UFNIA/spec_sharp/test14-CommandLineOptions.ssc.19.Microsoft.Boogie.CommandLineOptions.SpecSharp.CheckInvariant_System.Boolean.smt2,cvc5,True,3.8082239551004022,3.8082239551004022
UFNIA/2019-Preiner/qf/t3_rw603.smt2,SMTInterpol,True,0.47480645298492163,0.47480645298492163
UFNIA/2019-Preiner/combined/t3_rw789.smt2,cvc5,False,1200,2400
UFNIA/2019-Zohar-ic/full/int_check_bvsge_bvudiv1_rtl.smt2,cvc5,True,7.946513425093144,7.946513425093144
UFNIA/2019-Preiner/qf/f2_rw429.smt2,SMTInterpol,True,0.47699616698082536,0.47699616698082536
UFNIA/2019-Preiner/full/t3_rw588.smt2,SMTInterpol,True,49.534845247049816,49.534845247049816
UFNIA/2019-Zohar-ic/combined/int_check_bvsle_bvshl0_rtl.smt2,cvc5,False,1200,2400
UFNIA/2019-Zohar-ic/partial/int_check_ne_bvashr0_rtl.smt2,SMTInterpol,True,0.47794946102658287,0.47794946102658287
UFNIA/2019-Preiner/partial/t3_rw34.smt2,SMTInterpol,True,27.77495175000513,27.77495175000513
UFNIA/vcc-havoc/vccp-array2.c.1.foo.smt2,cvc5,True,0.29309776704758406,0.29309776704758406
UFNIA/2019-Zohar-ic/combined/int_check_bvule_bvudiv0_rtl.smt2,cvc5,True,0.3356539879459888,0.3356539879459888
UFNIA/2019-Preiner/combined/t3_rw258.smt2,cvc5,True,0.34556444687768817,0.34556444687768817
UFNIA/2019-Zohar-alive/full/full_AddSub:1202_values_0.smt2,SMTInterpol,True,3.084207186999265,3.084207186999265
UFNIA/2019-Preiner/full/t3_rw243.smt2,cvc5,False,1200,2400
UFNIA/2019-Preiner/combined/t3_rw861.smt2,cvc5,True,2.4218999901786447,2.4218999901786447
UFNIA/2019-Preiner/full/f2_rw147.smt2,cvc5,True,0.41637551807798445,0.41637551807798445
UFNIA/vcc-havoc/verisoft-baby.c.26.exec_movs2i.smt2,iProver,True,4.421971648000181,4.421971648000181
UFNIA/2019-Preiner/qf/t3_rw1445.smt2,SMTInterpol,True,0.4869625320425257,0.4869625320425257
UFNIA/2019-Zohar-ic/full/int_check_bvsgt_bvlshr0_ltr_inv_r.smt2,cvc5,False,1200,2400
UFNIA/2019-Zohar-ic/full/int_check_bvslt_bvlshr1_ltr_no_inv.smt2,cvc5,False,1200,2400
UFNIA/2019-Zohar-alive/full/full_AndOrXor:2063_values_0.smt2,SMTInterpol,False,1200,2400
UFNIA/2019-Preiner/partial/f2_rw165.smt2,SMTInterpol,True,1.7100381280179136,1.7100381280179136
UFNIA/2019-Zohar-alive/combined/combined_AndOrXor:1007_values_0.smt2,cvc5,True,0.2407133129891008,0.2407133129891008
UFNIA/2019-Preiner/partial/t3_rw677.smt2,SMTInterpol,True,12.226984306995291,12.226984306995291
UFNIA/2019-Zohar-alive/partial/partial_AndOrXor:1864_values_0.smt2,SMTInterpol,True,3.752959491976071,3.752959491976071
UFNIA/2019-Preiner/combined/t3_rw881.smt2,cvc5,False,1200,2400
UFNIA/2019-Zohar-ic/full/int_check_bvugt_bvshl1_ltr_no_inv.smt2,cvc5,False,1200,2400
UFNIA/2019-Preiner/qf/t3_rw960.smt2,SMTInterpol,True,0.47011352598201483,0.47011352598201483
UFNIA/lahiri-cav09-storm-queries/mqueue_example_cegar_2_3_10.smt2,cvc5,True,450.4928281530738,450.4928281530738
UFNIA/2019-Zohar-ic/full/int_check_bvule_bvnot_ltr_no_inv.smt2,SMTInterpol,True,0.4972274649771862,0.4972274649771862
UFNIA/2019-Preiner/full/t3_rw407.smt2,cvc5,False,1200,2400
UFNIA/2019-Preiner/partial/t3_rw280.smt2,SMTInterpol,True,18.841227515018545,18.841227515018545
UFNIA/sledgehammer/TwoSquares/z3.887517.smt2,cvc5,True,30.234210880007595,30.234210880007595
UFNIA/2019-Zohar-ic/qf/int_check_bvsgt_bvlshr1_ltr_no_inv.smt2,SMTInterpol,True,0.6297391510452144,0.6297391510452144
UFNIA/2019-Preiner/partial/t3_rw922.smt2,SMTInterpol,True,2.4365089060156606,2.4365089060156606
UFNIA/2019-Preiner/partial/t3_rw88.smt2,SMTInterpol,True,3.3471686439588666,3.3471686439588666
UFNIA/2019-Preiner/full/t3_rw279.smt2,cvc5,False,1200,2400
UFNIA/2019-Preiner/combined/t3_rw1348.smt2,cvc5,False,1200,2400
UFNIA/vcc-havoc/verisoft-sim.c.2.25.untranslated_write_sim.smt2,iProver,True,5.409700402989984,5.409700402989984
UFNIA/2019-Zohar-ic/partial/int_check_bvsle_bvadd_ltr_no_inv.smt2,SMTInterpol,True,2.1285583170247264,2.1285583170247264
UFNIA/2019-Preiner/qf/t3_rw275.smt2,SMTInterpol,True,0.47652545402524993,0.47652545402524993
UFNIA/2019-Preiner/partial/t3_rw140.smt2,SMTInterpol,True,4.195869162969757,4.195869162969757
UFNIA/2019-Preiner/combined/t3_rw375.smt2,cvc5,True,4.831021715188399,4.831021715188399
UFNIA/2019-Zohar-ic/full/int_check_eq_bvshl0_ltr_inv_g.smt2,cvc5,True,0.2269246040377766,0.2269246040377766
UFNIA/2019-Preiner/combined/t3_rw32.smt2,cvc5,False,1200,2400
UFNIA/2019-Zohar-alive/partial/partial_AndOrXor:2587_values_0.smt2,SMTInterpol,True,3.2836435009958223,3.2836435009958223
UFNIA/2019-Preiner/qf/f2_rw13.smt2,SMTInterpol,True,0.4470246179844253,0.4470246179844253
UFNIA/2019-Preiner/combined/t3_rw102.smt2,cvc5,True,0.37485198210924864,0.37485198210924864
UFNIA/2019-Zohar-ic/partial/int_check_bvsge_bvudiv0_ltr_no_inv.smt2,SMTInterpol,True,1.6763249959913082,1.6763249959913082
UFNIA/2019-Preiner/qf/t3_rw616.smt2,SMTInterpol,True,0.43525790999410674,0.43525790999410674
UFNIA/2019-Zohar-ic/partial/int_check_ne_bvudiv0_rtl.smt2,SMTInterpol,True,0.6123010250157677,0.6123010250157677
UFNIA/2019-Preiner/full/f2_rw8.smt2,cvc5,True,0.22385608404874802,0.22385608404874802
UFNIA/2019-Preiner/partial/f2_rw365.smt2,SMTInterpol,True,2.331318517040927,2.331318517040927
UFNIA/2019-Preiner/combined/t3_rw481.smt2,cvc5,False,1200,2400
UFNIA/2019-Preiner/partial/t3_rw1432.smt2,SMTInterpol,True,4.438262580020819,4.438262580020819
UFNIA/2019-Preiner/combined/t3_rw722.smt2,cvc5,True,0.24533891608007252,0.24533891608007252
UFNIA/spec_sharp/test14-DafnyAst.ssc.54.Microsoft.Dafny.MemberDecl..ctor_Microsoft.Dafny.Token_notnull_System.String_notnull_Microsoft.Dafny.smt2,cvc5,True,3.864125548861921,3.864125548861921
UFNIA/lahiri-cav09-storm-queries/usbsamp_bug_example_2_2_6_4.smt2,cvc5,True,1031.2331232707947,1031.2331232707947
UFNIA/2019-Preiner/partial/f2_rw333.smt2,SMTInterpol,True,0.8724160360288806,0.8724160360288806
UFNIA/spec_sharp/textbook-Stack.dll.7.IntStack.Push_System.Int32.smt2,cvc5,True,7.661751745035872,7.661751745035872
UFNIA/vcc-havoc/havoc-bench_003.1.main.smt2,cvc5,True,0.2875576929654926,0.2875576929654926
UFNIA/2019-Preiner/combined/t3_rw742.smt2,cvc5,False,1200,2400
UFNIA/2019-Zohar-ic/combined/int_check_eq_bvand_rtl.smt2,cvc5,False,1200,2400
UFNIA/vcc-havoc/vccp-StackArray.c.1.CreateStack.smt2,cvc5,True,0.31273278780281544,0.31273278780281544
UFNIA/2019-Preiner/full/f2_rw289.smt2,cvc5,False,1200,2400
UFNIA/2019-Preiner/qf/t3_rw609.smt2,SMTInterpol,True,0.4759898969787173,0.4759898969787173
UFNIA/2019-Preiner/full/t3_rw1104.smt2,cvc5,False,1200,2400
UFNIA/2019-Preiner/qf/t3_rw1079.smt2,SMTInterpol,True,0.49404590495396405,0.49404590495396405
UFNIA/2019-Zohar-ic/full/int_check_bvule_bvlshr0_rtl.smt2,SMTInterpol,True,0.4933696360094473,0.4933696360094473
UFNIA/sledgehammer/Fundamental_Theorem_Algebra/z3.967841.smt2,cvc5,False,1200,2400
UFNIA/2019-Zohar-ic/full/int_check_bvule_bvudiv1_rtl.smt2,cvc5,False,1200,2400
UFNIA/sledgehammer/QEpres/z3.1167208.smt2,cvc5,False,1200,2400
UFNIA/sledgehammer/TwoSquares/z3.611901.smt2,cvc5,True,0.2891288448590785,0.2891288448590785
UFNIA/2019-Preiner/qf/t3_rw1068.smt2,SMTInterpol,True,0.49484646902419627,0.49484646902419627
UFNIA/2019-Preiner/partial/t3_rw734.smt2,SMTInterpol,True,14.60410623298958,14.60410623298958
UFNIA/2019-Preiner/qf/t3_rw403.smt2,SMTInterpol,True,0.481858364015352,0.481858364015352
UFNIA/vcc-havoc/verisoft-baby.c.1.34.handle_pf.smt2,iProver,True,4.886974507011473,4.886974507011473
UFNIA/2019-Preiner/full/f2_rw86.smt2,cvc5,True,0.22248314484022558,0.22248314484022558
UFNIA/2019-Preiner/partial/t3_rw1120.smt2,SMTInterpol,True,7.049409489962272,7.049409489962272
UFNIA/2019-Preiner/partial/t3_rw961.smt2,SMTInterpol,True,2.8814213119912893,2.8814213119912893
UFNIA/2019-Zohar-ic/partial/int_check_eq_bvshl0_ltr_no_inv.smt2,SMTInterpol,True,1.3168148529948667,1.3168148529948667
UFNIA/2019-Preiner/combined/t3_rw1368.smt2,cvc5,False,1200,2400
UFNIA/2019-Preiner/qf/t3_rw121.smt2,SMTInterpol,True,0.48744962899945676,0.48744962899945676
UFNIA/2019-Zohar-alive/partial/partial_AddSub:1043_values_0.smt2,SMTInterpol,True,5.441698432958219,5.441698432958219
UFNIA/2019-Preiner/full/f2_rw87.smt2,cvc5,True,0.23137432988733053,0.23137432988733053
UFNIA/2019-Preiner/full/f2_rw196.smt2,cvc5,False,1200,2400
UFNIA/2019-Preiner/partial/t3_rw368.smt2,SMTInterpol,True,1.6743169950204901,1.6743169950204901
UFNIA/2019-Preiner/qf/t3_rw41.smt2,SMTInterpol,True,0.4517116129864007,0.4517116129864007
UFNIA/2019-Zohar-ic/partial/int_check_bvult_bvor_ltr_inv_g.smt2,SMTInterpol,True,0.6566758240223862,0.6566758240223862
UFNIA/2019-Zohar-alive/combined/combined_AndOrXor:1704_values_0.smt2,cvc5,True,0.24209004105068743,0.24209004105068743
UFNIA/2019-Zohar-alive/partial/partial_AndOrXor:1280_values_0.smt2,SMTInterpol,True,7.4568212979938835,7.4568212979938835
UFNIA/2019-Zohar-alive/partial/partial_Select:704_values_0.smt2,SMTInterpol,True,4.44054954504827,4.44054954504827
UFNIA/2019-Preiner/qf/t3_rw113.smt2,SMTInterpol,True,0.5024506479967386,0.5024506479967386
UFNIA/2019-Preiner/qf/t3_rw870.smt2,SMTInterpol,True,0.4779058319982141,0.4779058319982141
UFNIA/2019-Preiner/combined/t3_rw756.smt2,cvc5,True,0.22976064612157643,0.22976064612157643
UFNIA/vcc-havoc/rect_fp.c.3.move.smt2,iProver,True,3.3848434060346335,3.3848434060346335
UFNIA/2019-Preiner/combined/f2_rw405.smt2,cvc5,True,0.2809852270875126,0.2809852270875126
UFNIA/spec_sharp/test14-Microsoft.Boogie.FlowedValue.Type.37.Microsoft.Boogie.FlowedValue.Type.get_IsTypeToken.smt2,cvc5,True,0.8621012850198895,0.8621012850198895
UFNIA/2019-Preiner/combined/t3_rw286.smt2,cvc5,False,1200,2400
UFNIA/2019-Preiner/full/t3_rw712.smt2,cvc5,False,1200,2400
UFNIA/2019-Zohar-alive/full/full_AndOrXor:2430_values_0.smt2,SMTInterpol,True,8.818053374998271,8.818053374998271
UFNIA/2019-Preiner/combined/t3_rw974.smt2,cvc5,True,0.43550424790009856,0.43550424790009856
UFNIA/2019-Preiner/qf/t3_rw1115.smt2,SMTInterpol,True,0.5418932180036791,0.5418932180036791
UFNIA/lahiri-cav09-storm-queries/serial_read_example_2_1_6_1.smt2,cvc5,False,1200,2400
UFNIA/2019-Preiner/full/t3_rw1352.smt2,SMTInterpol,False,1200,2400
UFNIA/2019-Preiner/qf/f2_rw298.smt2,SMTInterpol,True,0.5210140540148132,0.5210140540148132
UFNIA/2019-Preiner/combined/t3_rw386.smt2,cvc5,False,1200,2400
UFNIA/2019-Preiner/full/t3_rw334.smt2,cvc5,False,1200,2400
UFNIA/2019-Preiner/combined/t3_rw12.smt2,cvc5,True,0.23346341005526483,0.23346341005526483
UFNIA/2019-Zohar-alive/partial/partial_AndOrXor:979_values_0.smt2,SMTInterpol,True,0.7051009940332733,0.7051009940332733
UFNIA/2019-Zohar-alive/full/full_AndOrXor:966_values_0.smt2,SMTInterpol,True,0.5477269180119038,0.5477269180119038
UFNIA/2019-Preiner/combined/t3_rw910.smt2,cvc5,True,0.41442735004238784,0.41442735004238784
UFNIA/2019-Zohar-ic/full/int_check_bvsle_bvadd_ltr_no_inv.smt2,SMTInterpol,True,0.5481275980127975,0.5481275980127975
UFNIA/2019-Preiner/full/t3_rw822.smt2,cvc5,False,1200,2400
UFNIA/2019-Preiner/combined/t3_rw965.smt2,cvc5,True,0.6063929700758308,0.6063929700758308
UFNIA/2019-Preiner/full/t3_rw397.smt2,cvc5,False,1200,2400
UFNIA/2019-Preiner/full/t3_rw1540.smt2,SMTInterpol,True,2.0714681309764273,2.0714681309764273
UFNIA/sledgehammer/QEpres/z3.756365.smt2,cvc5,False,1200,2400
UFNIA/2019-Zohar-ic/combined/int_check_bvslt_bvlshr1_ltr_no_inv.smt2,cvc5,True,453.61718994099647,453.61718994099647
UFNIA/sledgehammer/Fundamental_Theorem_Algebra/z3.1425860.smt2,cvc5,True,31.474343446083367,31.474343446083367
UFNIA/2019-Preiner/full/t3_rw1240.smt2,cvc5,True,0.2517118318937719,0.2517118318937719
UFNIA/2019-Preiner/partial/f2_rw314.smt2,SMTInterpol,True,2.916825840016827,2.916825840016827
UFNIA/2019-Preiner/partial/t3_rw549.smt2,SMTInterpol,True,3.7631512669613585,3.7631512669613585
UFNIA/2019-Preiner/combined/t3_rw961.smt2,cvc5,True,210.52245250693522,210.52245250693522
UFNIA/lahiri-cav09-storm-queries/usbsamp_example_2_1_2_0.smt2,cvc5,True,1035.3397000180557,1035.3397000180557
UFNIA/2019-Zohar-alive/full/full_InstCombineShift497d_values_0.smt2,SMTInterpol,True,10.731323655985761,10.731323655985761
UFNIA/lahiri-cav09-storm-queries/usbsamp_bug_example_2_1_6_1.smt2,cvc5,True,1051.582313966006,1051.582313966006
UFNIA/2019-Preiner/full/t3_rw966.smt2,cvc5,False,1200,2400
UFNIA/lahiri-cav09-storm-queries/mqueue_example_cegar_2_2_6.smt2,cvc5,False,1200,2400
UFNIA/2019-Preiner/partial/t3_rw1216.smt2,SMTInterpol,True,3.9357205260312185,3.9357205260312185
UFNIA/2019-Preiner/partial/t3_rw748.smt2,SMTInterpol,True,0.9192124509718269,0.9192124509718269
UFNIA/2019-Preiner/qf/t3_rw418.smt2,SMTInterpol,True,0.4521172560052946,0.4521172560052946
UFNIA/sledgehammer/QEpres/z3.868603.smt2,cvc5,False,1200,2400
UFNIA/2019-Zohar-ic/partial/int_check_bvugt_bvshl1_ltr_no_inv.smt2,SMTInterpol,True,1.8098301690188237,1.8098301690188237
UFNIA/lahiri-cav09-storm-queries/serial_read_example_2_1_6_2.smt2,cvc5,True,1132.1804389399476,1132.1804389399476
UFNIA/sledgehammer/TwoSquares/z3.889363.smt2,cvc5,True,0.7505443920381367,0.7505443920381367
UFNIA/2019-Preiner/qf/t3_rw1365.smt2,SMTInterpol,True,0.466616672987584,0.466616672987584
UFNIA/2019-Preiner/partial/t3_rw351.smt2,SMTInterpol,True,5.037475333025213,5.037475333025213
UFNIA/2019-Preiner/qf/t3_rw747.smt2,SMTInterpol,True,0.524035016016569,0.524035016016569
UFNIA/2019-Preiner/combined/t3_rw467.smt2,cvc5,True,422.9035608798731,422.9035608798731
UFNIA/lahiri-cav09-storm-queries/mqueue_example_cegar_2_3_3.smt2,cvc5,False,1200,2400
UFNIA/2019-Preiner/combined/t3_rw557.smt2,cvc5,True,401.29635596391745,401.29635596391745
UFNIA/2019-Preiner/full/t3_rw1401.smt2,cvc5,True,0.2504457619506866,0.2504457619506866
UFNIA/2019-Preiner/partial/t3_rw302.smt2,SMTInterpol,True,10.638800587970763,10.638800587970763
UFNIA/2019-Preiner/full/t3_rw440.smt2,cvc5,False,1200,2400
UFNIA/2019-Preiner/full/t3_rw801.smt2,SMTInterpol,True,2.256891942000948,2.256891942000948
UFNIA/vcc-havoc/verisoft-baby.c.2.12.handle_pf.smt2,iProver,True,4.848317682975903,4.848317682975903
UFNIA/2019-Preiner/combined/t3_rw463.smt2,cvc5,True,677.8146655070595,677.8146655070595
UFNIA/vcc-havoc/vccp-ArrayList.c.1.CreateArrayList.smt2,cvc5,True,74.47414806415327,74.47414806415327
UFNIA/2019-Preiner/qf/t3_rw71.smt2,SMTInterpol,True,0.45184188097482547,0.45184188097482547
UFNIA/2019-Preiner/partial/t3_rw516.smt2,SMTInterpol,True,5.280905949010048,5.280905949010048
UFNIA/2019-Preiner/qf/t3_rw1263.smt2,SMTInterpol,True,0.48130826302804053,0.48130826302804053
UFNIA/2019-Preiner/partial/f2_rw69.smt2,SMTInterpol,True,1.2808238409925252,1.2808238409925252
UFNIA/2019-Preiner/partial/f2_rw237.smt2,SMTInterpol,True,3.7374565090285614,3.7374565090285614
UFNIA/2019-Preiner/partial/t3_rw1513.smt2,SMTInterpol,True,4.2511995359673165,4.2511995359673165
UFNIA/2019-Preiner/combined/t3_rw599.smt2,cvc5,False,1200,2400
UFNIA/2019-Preiner/partial/t3_rw708.smt2,SMTInterpol,True,4.940561584953684,4.940561584953684
UFNIA/2019-Preiner/qf/t3_rw72.smt2,SMTInterpol,True,0.4229634060175158,0.4229634060175158
UFNIA/2019-Preiner/partial/t3_rw156.smt2,SMTInterpol,True,201.71654621203197,201.71654621203197
UFNIA/2019-Preiner/qf/t3_rw1208.smt2,SMTInterpol,True,0.5132485539652407,0.5132485539652407
UFNIA/sledgehammer/TwoSquares/z3.806148.smt2,cvc5,False,1200,2400
UFNIA/sledgehammer/Hoare/z3.850818.smt2,cvc5,True,124.10520364600234,124.10520364600234
UFNIA/2019-Preiner/qf/t3_rw187.smt2,SMTInterpol,True,0.46028783003566787,0.46028783003566787
UFNIA/2019-Preiner/full/t3_rw964.smt2,cvc5,False,1200,2400
UFNIA/2019-Preiner/full/f2_rw292.smt2,cvc5,True,0.2557925619184971,0.2557925619184971
UFNIA/2019-Preiner/combined/t3_rw1520.smt2,cvc5,True,443.5833819450345,443.5833819450345
UFNIA/2019-Preiner/qf/t3_rw679.smt2,SMTInterpol,True,0.48110376502154395,0.48110376502154395
UFNIA/2019-Preiner/combined/f2_rw326.smt2,cvc5,True,30.510340329958126,30.510340329958126
UFNIA/2019-Preiner/partial/f2_rw65.smt2,SMTInterpol,True,1.5125716530019417,1.5125716530019417
UFNIA/2019-Preiner/partial/t3_rw581.smt2,SMTInterpol,True,5.023358516045846,5.023358516045846
UFNIA/2019-Preiner/combined/f2_rw416.smt2,cvc5,True,0.25124924699775875,0.25124924699775875
UFNIA/sledgehammer/Fundamental_Theorem_Algebra/z3.1383760.smt2,cvc5,False,1200,2400
UFNIA/2019-Preiner/full/f2_rw173.smt2,cvc5,True,361.14473063102923,361.14473063102923
UFNIA/2019-Preiner/combined/t3_rw352.smt2,cvc5,True,0.3043765851762146,0.3043765851762146
UFNIA/vcc-havoc/verisoft-sim.c.2.7.untranslated_read_sim.smt2,iProver,True,4.8841644511558115,4.8841644511558115
UFNIA/2019-Preiner/qf/t3_rw1099.smt2,SMTInterpol,True,0.49565908103249967,0.49565908103249967
UFNIA/2019-Preiner/combined/t3_rw1220.smt2,cvc5,False,1200,2400
UFNIA/spec_sharp/test14-DafnyAst.ssc.79.Microsoft.Dafny.ExprRhs..ctor_Microsoft.Dafny.Expression_notnull.smt2,cvc5,True,8.439867263892666,8.439867263892666
UFNIA/2019-Preiner/full/t3_rw1143.smt2,SMTInterpol,False,1200,2400
UFNIA/2019-Zohar-ic/partial/int_check_eq_bvlshr0_ltr_inv_g.smt2,SMTInterpol,True,0.5386384180164896,0.5386384180164896
UFNIA/lahiri-cav09-storm-queries/mqueue_example_2_2_4_4.smt2,cvc5,True,441.5301680818666,441.5301680818666
UFNIA/2019-Preiner/full/t3_rw1427.smt2,SMTInterpol,False,1200,2400
UFNIA/2019-Preiner/full/t3_rw873.smt2,SMTInterpol,False,1200,2400
UFNIA/sledgehammer/FFT/z3.771987.smt2,cvc5,False,1200,2400
UFNIA/2019-Zohar-ic/combined/int_check_bvule_bvneg_ltr_no_inv.smt2,cvc5,True,0.6747756258118898,0.6747756258118898
UFNIA/2019-Preiner/full/t3_rw860.smt2,cvc5,False,1200,2400
UFNIA/spec_sharp/test14-DafnyAst.ssc.68.Microsoft.Dafny.Function..ctor_Microsoft.Dafny.Token_notnull_System.String_notnull_System.Collection.smt2,cvc5,False,1200,2400
UFNIA/2019-Preiner/partial/t3_rw92.smt2,SMTInterpol,True,2.988713738974184,2.988713738974184
UFNIA/sledgehammer/TwoSquares/z3.730349.smt2,cvc5,False,1200,2400
UFNIA/2019-Preiner/combined/t3_rw1430.smt2,cvc5,False,1200,2400
UFNIA/2019-Preiner/partial/t3_rw666.smt2,SMTInterpol,True,4.93861258396646,4.93861258396646
UFNIA/sledgehammer/Fundamental_Theorem_Algebra/z3.601362.smt2,cvc5,True,0.5145584281999618,0.5145584281999618
UFNIA/2019-Preiner/partial/t3_rw523.smt2,SMTInterpol,True,3.9082880299538374,3.9082880299538374
UFNIA/2019-Zohar-ic/partial/int_check_bvuge_bvurem1_rtl.smt2,SMTInterpol,True,3.760612668003887,3.760612668003887
UFNIA/2019-Preiner/qf/t3_rw1067.smt2,SMTInterpol,True,0.5090189769980498,0.5090189769980498
UFNIA/2019-Preiner/qf/t3_rw435.smt2,SMTInterpol,True,0.5016822249745019,0.5016822249745019
UFNIA/2019-Preiner/partial/t3_rw815.smt2,SMTInterpol,True,4.406036212982144,4.406036212982144
UFNIA/2019-Preiner/combined/t3_rw121.smt2,cvc5,True,46.09424208197743,46.09424208197743
UFNIA/2019-Preiner/combined/t3_rw1281.smt2,cvc5,False,1200,2400
UFNIA/vcc-havoc/CWindowsCard.c.43.ExecuteInstruction.smt2,iProver,True,6.362420774996281,6.362420774996281
UFNIA/2019-Preiner/combined/t3_rw1099.smt2,cvc5,False,1200,2400
UFNIA/2019-Zohar-ic/partial/int_check_bvsgt_bvurem0_ltr_inv_g.smt2,SMTInterpol,True,3.0961254210560583,3.0961254210560583
UFNIA/2019-Preiner/combined/f2_rw207.smt2,cvc5,True,0.23009063489735126,0.23009063489735126
UFNIA/2019-Zohar-ic/full/int_check_bvuge_bvudiv1_rtl.smt2,SMTInterpol,True,0.4644019789993763,0.4644019789993763
UFNIA/lahiri-cav09-storm-queries/mqueue_example_2_3_2_4.smt2,cvc5,True,447.155268704053,447.155268704053
UFNIA/2019-Zohar-alive/combined/combined_AddSub:1176_values_0.smt2,cvc5,True,0.4337530380580574,0.4337530380580574
UFNIA/2019-Zohar-ic/qf/int_check_bvsgt_bvashr0_ltr_no_inv.smt2,SMTInterpol,True,0.7958988380269147,0.7958988380269147
UFNIA/2019-Preiner/qf/t3_rw257.smt2,SMTInterpol,True,0.46692873298889026,0.46692873298889026
UFNIA/2019-Preiner/full/t3_rw1176.smt2,SMTInterpol,False,1200,2400
UFNIA/2019-Preiner/qf/t3_rw809.smt2,SMTInterpol,True,0.4899382079602219,0.4899382079602219
UFNIA/2019-Preiner/combined/t3_rw1345.smt2,cvc5,False,1200,2400
UFNIA/2019-Preiner/partial/t3_rw1288.smt2,SMTInterpol,True,1.989050485950429,1.989050485950429
UFNIA/sledgehammer/FFT/z3.1015516.smt2,cvc5,True,0.36870367103256285,0.36870367103256285
UFNIA/2019-Preiner/qf/f2_rw408.smt2,SMTInterpol,True,0.4764114529825747,0.4764114529825747
UFNIA/spec_sharp/test14-DafnyAst.ssc.36.Microsoft.Dafny.InferredTypeProxy..ctor.smt2,cvc5,True,3.651748310076073,3.651748310076073
UFNIA/2019-Preiner/full/t3_rw811.smt2,cvc5,False,1200,2400
UFNIA/2019-Preiner/full/t3_rw241.smt2,SMTInterpol,True,4.029254007036798,4.029254007036798
UFNIA/2019-Preiner/qf/f2_rw120.smt2,SMTInterpol,True,0.44767867401242256,0.44767867401242256
UFNIA/sledgehammer/FFT/z3.934645.smt2,cvc5,False,1200,2400
UFNIA/2019-Zohar-ic/full/int_check_bvuge_bvmul_ltr_no_inv.smt2,cvc5,False,1200,2400
UFNIA/2019-Zohar-ic/combined/int_check_bvsgt_bvlshr1_ltr_no_inv.smt2,cvc5,True,31.20561246504076,31.20561246504076
UFNIA/2019-Preiner/qf/t3_rw98.smt2,SMTInterpol,True,0.44220711197704077,0.44220711197704077
UFNIA/2019-Preiner/full/t3_rw384.smt2,cvc5,False,1200,2400
UFNIA/2019-Preiner/combined/t3_rw273.smt2,cvc5,False,1200,2400
UFNIA/2019-Preiner/full/t3_rw724.smt2,SMTInterpol,True,0.6278868909575976,0.6278868909575976
UFNIA/2019-Preiner/partial/f2_rw380.smt2,SMTInterpol,True,1.0172800800064579,1.0172800800064579
UFNIA/2019-Preiner/combined/t3_rw460.smt2,cvc5,True,5.261735089123249,5.261735089123249
UFNIA/2019-Preiner/partial/f2_rw3.smt2,SMTInterpol,True,0.9523510980070569,0.9523510980070569
UFNIA/2019-Preiner/combined/t3_rw1453.smt2,cvc5,False,1200,2400
UFNIA/2019-Preiner/combined/t3_rw120.smt2,cvc5,True,0.2856951409485191,0.2856951409485191
UFNIA/2019-Preiner/qf/t3_rw157.smt2,SMTInterpol,True,0.4890413079992868,0.4890413079992868
UFNIA/2019-Preiner/full/f2_rw42.smt2,cvc5,False,1200,2400
UFNIA/2019-Preiner/partial/f2_rw409.smt2,SMTInterpol,True,2.4496251629898325,2.4496251629898325
UFNIA/2019-Preiner/full/t3_rw395.smt2,cvc5,False,1200,2400
UFNIA/2019-Preiner/qf/t3_rw840.smt2,SMTInterpol,True,0.491550435021054,0.491550435021054
UFNIA/2019-Preiner/qf/t3_rw146.smt2,SMTInterpol,True,0.5148443270009011,0.5148443270009011
UFNIA/sledgehammer/FFT/z3.883936.smt2,cvc5,True,12.990356235997751,12.990356235997751
UFNIA/2019-Preiner/qf/f2_rw149.smt2,SMTInterpol,True,0.43960269598755985,0.43960269598755985
UFNIA/2019-Preiner/combined/t3_rw1085.smt2,cvc5,True,7.0586512559093535,7.0586512559093535
UFNIA/2019-Zohar-ic/partial/int_check_ne_bvurem0_ltr_inv_g.smt2,SMTInterpol,True,1.175042006012518,1.175042006012518
UFNIA/2019-Zohar-alive/combined/combined_AndOrXor:922_values_0.smt2,cvc5,True,0.23773939721286297,0.23773939721286297
UFNIA/2019-Zohar-ic/qf/int_check_bvsle_bvshl0_ltr_no_inv.smt2,SMTInterpol,True,0.5608412359724753,0.5608412359724753
UFNIA/2019-Preiner/partial/f2_rw236.smt2,SMTInterpol,True,3.470283508009743,3.470283508009743
UFNIA/2019-Preiner/full/f2_rw275.smt2,cvc5,False,1200,2400
UFNIA/2019-Preiner/combined/t3_rw361.smt2,cvc5,True,1.0285657229833305,1.0285657229833305
UFNIA/2019-Preiner/combined/t3_rw849.smt2,cvc5,True,2.671035216888413,2.671035216888413
UFNIA/2019-Zohar-ic/full/int_check_bvuge_bvashr0_rtl.smt2,SMTInterpol,True,0.48757658601971343,0.48757658601971343
UFNIA/2019-Preiner/combined/t3_rw732.smt2,cvc5,False,1200,2400
UFNIA/2019-Preiner/partial/t3_rw1072.smt2,SMTInterpol,True,2.141491442976985,2.141491442976985
UFNIA/2019-Preiner/combined/t3_rw500.smt2,cvc5,True,0.38476635492406785,0.38476635492406785
UFNIA/sledgehammer/Fundamental_Theorem_Algebra/z3.1081831.smt2,cvc5,False,1200,2400
UFNIA/2019-Zohar-ic/partial/int_check_bvult_bvurem0_ltr_inv_g.smt2,SMTInterpol,True,1.3073729000170715,1.3073729000170715
UFNIA/vcc-havoc/verisoft-sim.c.2.15.untranslated_read_sim.smt2,iProver,True,5.906728731933981,5.906728731933981
UFNIA/2019-Preiner/combined/t3_rw682.smt2,cvc5,True,0.2284681189339608,0.2284681189339608
UFNIA/2019-Zohar-ic/partial/int_check_bvsgt_bvudiv1_rtl.smt2,SMTInterpol,True,1.9149873139685951,1.9149873139685951
UFNIA/2019-Preiner/qf/t3_rw891.smt2,SMTInterpol,True,0.48870363901369274,0.48870363901369274
UFNIA/sledgehammer/Hoare/z3.925316.smt2,cvc5,False,1200,2400
UFNIA/2019-Zohar-ic/combined/int_check_bvult_bvnot_ltr_no_inv.smt2,cvc5,True,0.22880665282718837,0.22880665282718837
UFNIA/2019-Preiner/combined/t3_rw380.smt2,cvc5,True,0.9729321419727057,0.9729321419727057
UFNIA/2019-Preiner/full/t3_rw1435.smt2,SMTInterpol,False,1200,2400
UFNIA/2019-Preiner/partial/t3_rw571.smt2,SMTInterpol,True,4.250792499980889,4.250792499980889
UFNIA/2019-Preiner/full/f2_rw53.smt2,cvc5,True,0.2357574780471623,0.2357574780471623
UFNIA/2019-Preiner/partial/t3_rw200.smt2,SMTInterpol,True,4.349552922998555,4.349552922998555
UFNIA/2019-Preiner/qf/t3_rw1398.smt2,SMTInterpol,True,0.4875063140061684,0.4875063140061684
UFNIA/2019-Preiner/full/t3_rw32.smt2,cvc5,False,1200,2400
UFNIA/2019-Zohar-ic/partial/int_check_bvslt_bvmul_ltr_no_inv.smt2,SMTInterpol,True,32.23584739799844,32.23584739799844
UFNIA/2019-Preiner/partial/t3_rw907.smt2,SMTInterpol,True,4.678527054958977,4.678527054958977
UFNIA/2019-Preiner/partial/t3_rw100.smt2,SMTInterpol,True,3.543453046004288,3.543453046004288
UFNIA/2019-Preiner/combined/t3_rw719.smt2,cvc5,True,0.2527078290004283,0.2527078290004283
UFNIA/2019-Preiner/combined/f2_rw367.smt2,cvc5,True,33.91932496102527,33.91932496102527
UFNIA/2019-Preiner/partial/t3_rw25.smt2,SMTInterpol,True,4.042992243019398,4.042992243019398
UFNIA/2019-Preiner/qf/t3_rw315.smt2,SMTInterpol,True,0.4398621200234629,0.4398621200234629
UFNIA/2019-Preiner/partial/f2_rw415.smt2,SMTInterpol,True,0.9699045019806363,0.9699045019806363
UFNIA/2019-Preiner/partial/t3_rw322.smt2,SMTInterpol,True,4.181625144032296,4.181625144032296
UFNIA/2019-Preiner/partial/f2_rw97.smt2,SMTInterpol,True,1.078777442977298,1.078777442977298
UFNIA/2019-Preiner/full/t3_rw925.smt2,cvc5,False,1200,2400
UFNIA/2019-Zohar-ic/partial/int_check_bvsle_bvshl0_rtl.smt2,SMTInterpol,True,2.49756641802378,2.49756641802378
UFNIA/sledgehammer/QEpres/z3.718358.smt2,cvc5,False,1200,2400
UFNIA/2019-Preiner/combined/f2_rw95.smt2,cvc5,True,0.9979203578550369,0.9979203578550369
UFNIA/2019-Preiner/partial/f2_rw279.smt2,SMTInterpol,True,14.45797735999804,14.45797735999804
UFNIA/2019-Preiner/partial/t3_rw632.smt2,SMTInterpol,True,3.63699725799961,3.63699725799961
UFNIA/2019-Preiner/full/t3_rw911.smt2,cvc5,False,1200,2400
UFNIA/2019-Preiner/qf/t3_rw1560.smt2,SMTInterpol,True,0.5386976670124568,0.5386976670124568
UFNIA/sledgehammer/Fundamental_Theorem_Algebra/z3.1379690.smt2,cvc5,False,1200,2400
UFNIA/2019-Zohar-ic/partial/int_check_bvule_bvashr1_rtl.smt2,SMTInterpol,True,1.2133489300031215,1.2133489300031215
UFNIA/2019-Preiner/qf/t3_rw1202.smt2,SMTInterpol,True,0.5007349970401265,0.5007349970401265
UFNIA/sledgehammer/Fundamental_Theorem_Algebra/z3.805856.smt2,cvc5,True,432.5890596678946,432.5890596678946
UFNIA/2019-Zohar-ic/full/int_check_bvsgt_bvor_ltr_inv_g.smt2,cvc5,False,1200,2400
UFNIA/2019-Zohar-alive/combined/combined_AndOrXor:2052_values_0.smt2,cvc5,False,1200,2400
UFNIA/2019-Preiner/full/t3_rw926.smt2,cvc5,False,1200,2400
UFNIA/2019-Preiner/full/t3_rw1147.smt2,cvc5,False,1200,2400
UFNIA/2019-Preiner/combined/t3_rw857.smt2,cvc5,True,4.580416738055646,4.580416738055646
UFNIA/vcc-havoc/verisoft-sim.c.1.22.translated_read_sim.smt2,iProver,True,5.382710539037362,5.382710539037362
UFNIA/2019-Preiner/qf/t3_rw184.smt2,SMTInterpol,True,0.5077219830127433,0.5077219830127433
UFNIA/2019-Preiner/qf/f2_rw36.smt2,SMTInterpol,True,0.46572811796795577,0.46572811796795577
UFNIA/2019-Zohar-ic/full/int_check_bvslt_bvshl0_rtl.smt2,cvc5,False,1200,2400
UFNIA/2019-Preiner/qf/f2_rw399.smt2,SMTInterpol,True,0.4848583089769818,0.4848583089769818
UFNIA/2019-Preiner/partial/t3_rw1113.smt2,SMTInterpol,True,2.8728690579882823,2.8728690579882823
UFNIA/2019-Preiner/qf/t3_rw23.smt2,SMTInterpol,True,0.4289282319950871,0.4289282319950871
UFNIA/vcc-havoc/havoc-bench_example1.12.ProcessYlist.smt2,cvc5,True,541.2294031949714,541.2294031949714
UFNIA/2019-Zohar-ic/partial/int_check_eq_bvadd_ltr_no_inv.smt2,SMTInterpol,True,1.7782919430173934,1.7782919430173934
UFNIA/2019-Preiner/partial/t3_rw929.smt2,SMTInterpol,True,4.5903925599996,4.5903925599996
UFNIA/2019-Preiner/partial/t3_rw146.smt2,SMTInterpol,True,4.610242165043019,4.610242165043019
UFNIA/2019-Preiner/qf/f2_rw164.smt2,SMTInterpol,True,0.4347538750153035,0.4347538750153035
UFNIA/2019-Zohar-ic/full/int_check_bvult_bvurem0_ltr_inv_g.smt2,cvc5,True,0.24060411285609007,0.24060411285609007
UFNIA/sledgehammer/Fundamental_Theorem_Algebra/z3.1224819.smt2,cvc5,True,0.36641874606721103,0.36641874606721103
UFNIA/2019-Preiner/partial/f2_rw357.smt2,SMTInterpol,True,1.041675059008412,1.041675059008412
UFNIA/2019-Preiner/combined/t3_rw915.smt2,cvc5,True,210.8092159179505,210.8092159179505
UFNIA/2019-Preiner/full/t3_rw580.smt2,SMTInterpol,False,1200,2400
UFNIA/2019-Preiner/partial/t3_rw1351.smt2,SMTInterpol,False,1200,2400
UFNIA/2019-Preiner/partial/t3_rw1022.smt2,SMTInterpol,True,6.505019310978241,6.505019310978241
UFNIA/2019-Preiner/full/f2_rw167.smt2,cvc5,True,0.2751093148253858,0.2751093148253858
UFNIA/2019-Zohar-ic/combined/int_check_bvuge_bvlshr1_ltr_no_inv.smt2,cvc5,True,1.0880032670684159,1.0880032670684159
UFNIA/2019-Preiner/combined/f2_rw166.smt2,cvc5,True,0.34316933806985617,0.34316933806985617
UFNIA/2019-Zohar-ic/partial/int_check_bvsgt_bvadd_ltr_inv_r.smt2,SMTInterpol,True,1.302705101959873,1.302705101959873
UFNIA/2019-Zohar-ic/full/int_check_ne_bvand_ltr_inv_g.smt2,cvc5,False,1200,2400
UFNIA/2019-Preiner/combined/t3_rw1074.smt2,cvc5,True,1.0470300810411572,1.0470300810411572
UFNIA/2019-Preiner/full/t3_rw341.smt2,cvc5,False,1200,2400
UFNIA/2019-Zohar-ic/combined/int_check_bvule_bvnot_ltr_no_inv.smt2,cvc5,True,0.2283483080100268,0.2283483080100268
UFNIA/lahiri-cav09-storm-queries/usbsamp_example_2_2_6_4.smt2,cvc5,True,1026.491596607957,1026.491596607957
UFNIA/2019-Preiner/qf/t3_rw240.smt2,SMTInterpol,True,0.44017077301396057,0.44017077301396057
UFNIA/2019-Zohar-ic/full/int_check_bvsle_bvlshr0_ltr_no_inv.smt2,cvc5,True,0.23003919306211174,0.23003919306211174
UFNIA/2019-Preiner/partial/t3_rw1464.smt2,SMTInterpol,True,2.890287676011212,2.890287676011212
UFNIA/2019-Preiner/full/t3_rw1224.smt2,cvc5,False,1200,2400
UFNIA/2019-Zohar-ic/combined/int_check_bvslt_bvneg_rtl.smt2,cvc5,True,0.8292137021198869,0.8292137021198869
UFNIA/2019-Preiner/qf/t3_rw566.smt2,SMTInterpol,True,0.48827501002233475,0.48827501002233475
UFNIA/sledgehammer/Fundamental_Theorem_Algebra/z3.904067.smt2,cvc5,False,1200,2400
UFNIA/2019-Zohar-alive/full/full_AndOrXor:1795_values_0.smt2,SMTInterpol,True,1.8710447639459744,1.8710447639459744
UFNIA/20190906-CLEARSY/0000/00255.smt2,cvc5,True,0.27297861222177744,0.27297861222177744
UFNIA/2019-Preiner/combined/t3_rw1413.smt2,cvc5,False,1200,2400
UFNIA/spec_sharp/test14-Microsoft.Boogie.FlowedValue.Type.46.Microsoft.Boogie.FlowedValue.Type.Boogie.ContractConsistencyCheck.ToString.smt2,cvc5,True,1.794462262885645,1.794462262885645
UFNIA/2019-Preiner/qf/t3_rw350.smt2,SMTInterpol,True,0.522505419969093,0.522505419969093
UFNIA/2019-Preiner/qf/f2_rw357.smt2,SMTInterpol,True,0.45172804000321776,0.45172804000321776
UFNIA/2019-Preiner/qf/f2_rw126.smt2,SMTInterpol,True,0.47943649999797344,0.47943649999797344
UFNIA/2019-Preiner/full/t3_rw782.smt2,SMTInterpol,True,0.6542573510087095,0.6542573510087095
UFNIA/sledgehammer/Fundamental_Theorem_Algebra/z3.576822.smt2,SMTInterpol,False,1200,2400
UFNIA/2019-Preiner/combined/t3_rw1367.smt2,cvc5,False,1200,2400
UFNIA/2019-Preiner/full/t3_rw250.smt2,cvc5,False,1200,2400
UFNIA/2019-Preiner/qf/t3_rw1380.smt2,SMTInterpol,True,0.5012048070202582,0.5012048070202582
UFNIA/2019-Zohar-alive/partial/partial_AndOrXor:1294_values_0.smt2,SMTInterpol,True,8.225222214008681,8.225222214008681
UFNIA/2019-Preiner/combined/t3_rw1373.smt2,cvc5,False,1200,2400
UFNIA/2019-Zohar-ic/partial/int_check_bvule_bvor_ltr_no_inv.smt2,SMTInterpol,True,0.9669207810075022,0.9669207810075022
UFNIA/2019-Preiner/qf/t3_rw984.smt2,SMTInterpol,True,0.4462609550100751,0.4462609550100751
UFNIA/2019-Preiner/partial/t3_rw1138.smt2,SMTInterpol,True,3.9346914250054397,3.9346914250054397
UFNIA/2019-Zohar-ic/full/int_check_bvugt_bvor_ltr_inv_g.smt2,cvc5,False,1200,2400
UFNIA/2019-Preiner/full/t3_rw1217.smt2,cvc5,False,1200,2400
UFNIA/2019-Preiner/qf/t3_rw1468.smt2,SMTInterpol,True,0.4913710000109859,0.4913710000109859
UFNIA/lahiri-cav09-storm-queries/mqueue_example_2_2_6_0.smt2,cvc5,True,437.3659544060938,437.3659544060938
UFNIA/2019-Preiner/qf/t3_rw1427.smt2,SMTInterpol,True,0.5219684449839406,0.5219684449839406
UFNIA/2019-Preiner/combined/f2_rw278.smt2,cvc5,False,1200,2400
UFNIA/2019-Preiner/qf/f2_rw259.smt2,SMTInterpol,True,0.433120483008679,0.433120483008679
UFNIA/2019-Preiner/qf/t3_rw1526.smt2,SMTInterpol,True,0.5025656689540483,0.5025656689540483
UFNIA/2019-Preiner/full/t3_rw540.smt2,cvc5,False,1200,2400
UFNIA/sledgehammer/QEpres/z3.930797.smt2,cvc5,False,1200,2400
UFNIA/2019-Preiner/combined/t3_rw159.smt2,cvc5,False,1200,2400
UFNIA/2019-Preiner/partial/t3_rw1357.smt2,SMTInterpol,True,3.036953884991817,3.036953884991817
UFNIA/vcc-havoc/WindowsCard.c.23.OpCLR.smt2,iProver,True,5.893537190975621,5.893537190975621
UFNIA/2019-Preiner/combined/t3_rw1301.smt2,cvc5,False,1200,2400
UFNIA/2019-Preiner/partial/f2_rw43.smt2,SMTInterpol,True,1.3304588940227404,1.3304588940227404
UFNIA/2019-Zohar-ic/partial/int_check_bvule_bvurem0_rtl.smt2,SMTInterpol,True,0.508708278008271,0.508708278008271
UFNIA/sledgehammer/Fundamental_Theorem_Algebra/z3.659047.smt2,cvc5,True,0.3638589170295745,0.3638589170295745
UFNIA/2019-Zohar-ic/partial/int_check_bvsgt_bvlshr0_ltr_no_inv.smt2,SMTInterpol,True,4.1448186070192605,4.1448186070192605
UFNIA/2019-Preiner/qf/t3_rw1212.smt2,SMTInterpol,True,0.506845052994322,0.506845052994322
UFNIA/2019-Preiner/qf/t3_rw14.smt2,SMTInterpol,True,0.4523564340197481,0.4523564340197481
UFNIA/2019-Zohar-ic/full/int_check_eq_bvadd_ltr_no_inv.smt2,SMTInterpol,True,8.622310061007738,8.622310061007738
UFNIA/2019-Preiner/combined/t3_rw678.smt2,cvc5,True,395.338346746983,395.338346746983
UFNIA/spec_sharp/textbook-Queue.dll.10.IntQueue.DeQueue.smt2,cvc5,True,2.607450955081731,2.607450955081731
UFNIA/2019-Preiner/combined/t3_rw556.smt2,cvc5,True,0.668904892867431,0.668904892867431
UFNIA/2019-Preiner/qf/f2_rw308.smt2,SMTInterpol,True,0.46191272797295824,0.46191272797295824
UFNIA/2019-Preiner/combined/t3_rw340.smt2,cvc5,True,0.4952900600619614,0.4952900600619614
UFNIA/2019-Zohar-ic/combined/int_check_bvuge_bvor_ltr_no_inv.smt2,cvc5,True,0.28279438405297697,0.28279438405297697
UFNIA/2019-Preiner/combined/t3_rw1480.smt2,cvc5,False,1200,2400
UFNIA/vcc-havoc/baby.31.exec_alu.smt2,iProver,True,6.389075201004744,6.389075201004744
UFNIA/2019-Zohar-alive/full/full_AndOrXor:2160_values_0.smt2,SMTInterpol,False,1200,2400
UFNIA/2019-Preiner/qf/t3_rw1077.smt2,SMTInterpol,True,0.5501026649726555,0.5501026649726555
UFNIA/2019-Preiner/combined/f2_rw261.smt2,cvc5,True,0.5305730840191245,0.5305730840191245
UFNIA/2019-Preiner/full/t3_rw1218.smt2,cvc5,False,1200,2400
UFNIA/2019-Preiner/full/t3_rw912.smt2,cvc5,False,1200,2400
UFNIA/2019-Zohar-ic/partial/int_check_bvuge_bvadd_ltr_no_inv.smt2,SMTInterpol,True,1.420269497029949,1.420269497029949
UFNIA/2019-Preiner/qf/t3_rw835.smt2,SMTInterpol,True,0.4634249649825506,0.4634249649825506
UFNIA/sledgehammer/TwoSquares/z3.592364.smt2,cvc5,True,0.3137530710082501,0.3137530710082501
UFNIA/sledgehammer/FFT/z3.948188.smt2,SMTInterpol,False,1200,2400
UFNIA/lahiri-cav09-storm-queries/usbsamp_example_cegar_2_2_4.smt2,cvc5,False,1200,2400
UFNIA/2019-Zohar-alive/full/full_Select:575a_values_0.smt2,SMTInterpol,True,41.26957277394831,41.26957277394831
UFNIA/2019-Preiner/combined/t3_rw1253.smt2,cvc5,True,0.3590441229753196,0.3590441229753196
UFNIA/2019-Preiner/partial/f2_rw192.smt2,SMTInterpol,True,4.476041588000953,4.476041588000953
UFNIA/2019-Preiner/partial/t3_rw882.smt2,SMTInterpol,True,3.2011489890282974,3.2011489890282974
UFNIA/2019-Preiner/qf/t3_rw1107.smt2,SMTInterpol,True,0.5173744250205345,0.5173744250205345
UFNIA/2019-Preiner/combined/t3_rw569.smt2,cvc5,False,1200,2400
UFNIA/2019-Preiner/qf/f2_rw383.smt2,SMTInterpol,True,0.4601076159742661,0.4601076159742661
UFNIA/sledgehammer/QEpres/z3.1133884.smt2,cvc5,False,1200,2400
UFNIA/2019-Preiner/partial/f2_rw283.smt2,SMTInterpol,True,19.108885258960072,19.108885258960072
UFNIA/sledgehammer/QEpres/z3.1164837.smt2,cvc5,False,1200,2400
UFNIA/2019-Preiner/combined/f2_rw66.smt2,cvc5,True,0.24735008808784187,0.24735008808784187
UFNIA/2019-Preiner/qf/t3_rw926.smt2,SMTInterpol,True,0.4573403469985351,0.4573403469985351
UFNIA/2019-Preiner/combined/t3_rw1481.smt2,cvc5,False,1200,2400
UFNIA/2019-Preiner/combined/t3_rw76.smt2,cvc5,True,0.3193591849412769,0.3193591849412769
UFNIA/sledgehammer/Fundamental_Theorem_Algebra/z3.1387001.smt2,cvc5,False,1200,2400
UFNIA/2019-Preiner/partial/t3_rw491.smt2,SMTInterpol,True,4.310300951998215,4.310300951998215
UFNIA/2019-Preiner/full/t3_rw623.smt2,cvc5,False,1200,2400
UFNIA/sledgehammer/QEpres/z3.865519.smt2,cvc5,False,1200,2400
UFNIA/2019-Preiner/partial/t3_rw908.smt2,SMTInterpol,True,20.040392327995505,20.040392327995505
UFNIA/2019-Preiner/full/t3_rw242.smt2,cvc5,False,1200,2400
UFNIA/2019-Preiner/qf/t3_rw686.smt2,SMTInterpol,True,0.4764726249850355,0.4764726249850355
UFNIA/2019-Preiner/partial/f2_rw79.smt2,SMTInterpol,True,3.434269047982525,3.434269047982525
UFNIA/2019-Preiner/combined/t3_rw1470.smt2,cvc5,True,281.9853899180889,281.9853899180889
UFNIA/2019-Zohar-ic/combined/int_check_bvugt_bvashr0_rtl.smt2,cvc5,True,0.2962458760011941,0.2962458760011941
UFNIA/spec_sharp/specsharp-WindowsCard.34.RTE.MOpCALL_System.Int32.smt2,cvc5,True,5.1119389468804,5.1119389468804
UFNIA/2019-Preiner/qf/t3_rw963.smt2,SMTInterpol,True,0.43810042599216104,0.43810042599216104
UFNIA/sledgehammer/QEpres/z3.647563.smt2,SMTInterpol,False,1200,2400
UFNIA/2019-Preiner/qf/t3_rw828.smt2,SMTInterpol,True,0.5083199910004623,0.5083199910004623
UFNIA/2019-Preiner/qf/t3_rw784.smt2,SMTInterpol,True,0.47847626300062984,0.47847626300062984
UFNIA/vcc-havoc/vccp-array2.c.2.bar.smt2,cvc5,True,0.3433353239670396,0.3433353239670396
UFNIA/2019-Preiner/combined/t3_rw963.smt2,cvc5,True,0.9518523009028286,0.9518523009028286
UFNIA/spec_sharp/specsharp-WindowsCard.13.RTE.WriteQuad_Memory_notnull_System.Int32_System.Int32.smt2,cvc5,True,1.8285332040395588,1.8285332040395588
UFNIA/2019-Preiner/qf/f2_rw125.smt2,SMTInterpol,True,0.4485245840041898,0.4485245840041898
UFNIA/2019-Preiner/full/f2_rw119.smt2,cvc5,True,0.22970391693525016,0.22970391693525016
UFNIA/2019-Zohar-alive/combined/combined_AndOrXor:1844_values_0.smt2,cvc5,True,0.24750571884214878,0.24750571884214878
UFNIA/2019-Preiner/full/t3_rw1111.smt2,SMTInterpol,False,1200,2400
UFNIA/2019-Preiner/combined/t3_rw47.smt2,cvc5,True,12.134740789886564,12.134740789886564
UFNIA/2019-Preiner/combined/t3_rw1525.smt2,cvc5,False,1200,2400
UFNIA/sledgehammer/QEpres/z3.815203.smt2,cvc5,False,1200,2400
UFNIA/2019-Zohar-ic/qf/int_check_bvsge_bvlshr1_ltr_no_inv.smt2,SMTInterpol,True,0.6451112520298921,0.6451112520298921
UFNIA/2019-Preiner/partial/t3_rw711.smt2,SMTInterpol,True,4.016486642009113,4.016486642009113
UFNIA/2019-Preiner/full/t3_rw1063.smt2,SMTInterpol,True,10.676974780973978,10.676974780973978
UFNIA/2019-Preiner/combined/t3_rw208.smt2,cvc5,True,0.295639764983207,0.295639764983207
UFNIA/lahiri-cav09-storm-queries/mqueue_example_2_3_6_3.smt2,cvc5,True,13.620413206983358,13.620413206983358
UFNIA/lahiri-cav09-storm-queries/mqueue_example_2_3_2_3.smt2,cvc5,True,29.63080030819401,29.63080030819401
UFNIA/2019-Preiner/full/t3_rw33.smt2,cvc5,False,1200,2400
UFNIA/2019-Preiner/combined/f2_rw259.smt2,cvc5,True,0.4364743228070438,0.4364743228070438
UFNIA/2019-Preiner/full/t3_rw694.smt2,SMTInterpol,False,1200,2400
UFNIA/2019-Preiner/qf/t3_rw385.smt2,SMTInterpol,True,0.4907309799455106,0.4907309799455106
UFNIA/2019-Preiner/full/t3_rw1014.smt2,SMTInterpol,True,9.809426922991406,9.809426922991406
UFNIA/2019-Preiner/qf/f2_rw177.smt2,SMTInterpol,True,0.5244760829955339,0.5244760829955339
UFNIA/2019-Preiner/qf/t3_rw773.smt2,SMTInterpol,True,0.4985150620341301,0.4985150620341301
UFNIA/2019-Preiner/combined/f2_rw86.smt2,cvc5,True,0.22579647786915302,0.22579647786915302
UFNIA/2019-Preiner/full/f2_rw26.smt2,cvc5,True,0.2933109679725021,0.2933109679725021
UFNIA/2019-Preiner/combined/t3_rw139.smt2,cvc5,False,1200,2400
UFNIA/2019-Preiner/partial/t3_rw148.smt2,SMTInterpol,True,2.396965931984596,2.396965931984596
UFNIA/2019-Zohar-ic/combined/int_check_eq_bvlshr1_rtl.smt2,cvc5,True,4.378673563012853,4.378673563012853
UFNIA/2019-Preiner/combined/t3_rw818.smt2,cvc5,True,1.3262483889702708,1.3262483889702708
UFNIA/2019-Preiner/qf/t3_rw816.smt2,SMTInterpol,True,0.5438238719943911,0.5438238719943911
UFNIA/2019-Zohar-ic/qf/int_check_bvsle_bvnot_ltr_no_inv.smt2,SMTInterpol,True,0.5163903539651074,0.5163903539651074
UFNIA/2019-Preiner/combined/f2_rw370.smt2,cvc5,True,0.5994171220809221,0.5994171220809221
UFNIA/2019-Preiner/qf/t3_rw797.smt2,SMTInterpol,True,0.46694140398176387,0.46694140398176387
UFNIA/2019-Zohar-ic/partial/int_check_bvslt_bvudiv0_ltr_no_inv.smt2,SMTInterpol,True,2.3690623069996946,2.3690623069996946
UFNIA/sledgehammer/TwoSquares/z3.812299.smt2,cvc5,True,0.4277095701545477,0.4277095701545477
UFNIA/2019-Zohar-ic/partial/int_check_bvsgt_bvshl0_rtl.smt2,SMTInterpol,True,2.43959756399272,2.43959756399272
UFNIA/2019-Preiner/full/f2_rw391.smt2,SMTInterpol,True,0.623276602011174,0.623276602011174
UFNIA/2019-Preiner/full/t3_rw804.smt2,SMTInterpol,False,1200,2400
UFNIA/sledgehammer/FFT/z3.1021405.smt2,cvc5,False,1200,2400
UFNIA/2019-Preiner/full/f2_rw412.smt2,cvc5,True,0.22371258004568517,0.22371258004568517
UFNIA/2019-Preiner/combined/t3_rw1492.smt2,cvc5,False,1200,2400
UFNIA/2019-Preiner/qf/t3_rw1334.smt2,SMTInterpol,True,0.5208487460040487,0.5208487460040487
UFNIA/2019-Preiner/combined/t3_rw837.smt2,cvc5,True,30.734043393982574,30.734043393982574
UFNIA/2019-Preiner/full/t3_rw567.smt2,SMTInterpol,False,1200,2400
UFNIA/sledgehammer/Fundamental_Theorem_Algebra/z3.1427831.smt2,cvc5,True,0.759957519127056,0.759957519127056
UFNIA/2019-Preiner/partial/t3_rw171.smt2,SMTInterpol,True,3.502113448048476,3.502113448048476
UFNIA/2019-Zohar-ic/combined/int_check_bvule_bvneg_ltr_inv_g.smt2,cvc5,True,0.26944799395278096,0.26944799395278096
UFNIA/sledgehammer/FFT/z3.977295.smt2,cvc5,False,1200,2400
UFNIA/2019-Zohar-ic/full/int_check_bvugt_bvnot_rtl.smt2,cvc5,True,0.23062181496061385,0.23062181496061385
UFNIA/2019-Preiner/qf/t3_rw1296.smt2,SMTInterpol,True,0.5019401109893806,0.5019401109893806
UFNIA/2019-Preiner/qf/t3_rw592.smt2,SMTInterpol,True,0.4341918869758956,0.4341918869758956
UFNIA/2019-Preiner/full/f2_rw403.smt2,cvc5,True,0.25344623904675245,0.25344623904675245
UFNIA/2019-Preiner/qf/t3_rw1144.smt2,SMTInterpol,True,0.4929571889806539,0.4929571889806539
UFNIA/2019-Preiner/full/t3_rw773.smt2,SMTInterpol,True,2.364708897017408,2.364708897017408
UFNIA/sledgehammer/FFT/z3.735075.smt2,cvc5,False,1200,2400
UFNIA/2019-Preiner/combined/t3_rw564.smt2,cvc5,False,1200,2400
UFNIA/2019-Preiner/full/t3_rw535.smt2,cvc5,False,1200,2400
UFNIA/2019-Preiner/full/t3_rw371.smt2,cvc5,False,1200,2400
UFNIA/2019-Preiner/full/t3_rw69.smt2,cvc5,True,0.24397721886634827,0.24397721886634827
UFNIA/lahiri-cav09-storm-queries/usbsamp_bug_example_2_3_6_0.smt2,cvc5,True,1017.5061399040278,1017.5061399040278
UFNIA/2019-Preiner/qf/t3_rw294.smt2,SMTInterpol,True,0.4948261170065962,0.4948261170065962
UFNIA/2019-Preiner/partial/t3_rw1062.smt2,SMTInterpol,True,2.462942963989917,2.462942963989917
UFNIA/sledgehammer/Fundamental_Theorem_Algebra/z3.1346946.smt2,cvc5,False,1200,2400
UFNIA/sledgehammer/QEpres/z3.1037646.smt2,cvc5,False,1200,2400
UFNIA/2019-Preiner/qf/t3_rw729.smt2,SMTInterpol,True,0.4564535560202785,0.4564535560202785
UFNIA/sledgehammer/TwoSquares/z3.654744.smt2,cvc5,False,1200,2400
UFNIA/2019-Preiner/qf/t3_rw937.smt2,SMTInterpol,True,0.47308833699207753,0.47308833699207753
UFNIA/2019-Zohar-ic/full/int_check_bvult_bvand_rtl.smt2,cvc5,False,1200,2400
UFNIA/2019-Preiner/combined/t3_rw479.smt2,cvc5,False,1200,2400
UFNIA/2019-Zohar-ic/full/int_check_ne_bvor_rtl.smt2,cvc5,False,1200,2400
UFNIA/2019-Preiner/partial/t3_rw1426.smt2,SMTInterpol,True,4.4801512800040655,4.4801512800040655
UFNIA/2019-Preiner/partial/t3_rw404.smt2,SMTInterpol,True,26.779105929017533,26.779105929017533
UFNIA/vcc-havoc/verisoft-sim.c.1.24.translated_read_sim.smt2,iProver,True,4.8643282311968505,4.8643282311968505
UFNIA/2019-Preiner/combined/t3_rw1230.smt2,cvc5,False,1200,2400
UFNIA/2019-Preiner/combined/t3_rw536.smt2,cvc5,True,0.337875786004588,0.337875786004588
UFNIA/sledgehammer/TwoSquares/z3.882229.smt2,SMTInterpol,False,1200,2400
UFNIA/2019-Zohar-ic/full/int_check_bvsgt_bvurem0_ltr_no_inv.smt2,cvc5,True,452.02733970992267,452.02733970992267
UFNIA/2019-Preiner/full/t3_rw1166.smt2,SMTInterpol,False,1200,2400
UFNIA/2019-Preiner/full/t3_rw106.smt2,cvc5,False,1200,2400
UFNIA/2019-Preiner/partial/t3_rw23.smt2,SMTInterpol,True,2.9164358329726383,2.9164358329726383
UFNIA/sledgehammer/QEpres/z3.634275.smt2,cvc5,False,1200,2400
UFNIA/2019-Preiner/full/t3_rw812.smt2,cvc5,False,1200,2400
UFNIA/2019-Preiner/full/f2_rw336.smt2,cvc5,True,0.22730537201277912,0.22730537201277912
UFNIA/2019-Zohar-ic/qf/int_check_bvsge_bvlshr0_ltr_no_inv.smt2,SMTInterpol,True,0.5316111110150814,0.5316111110150814
UFNIA/20190909-CLEARSY/0018/00091.smt2,SMTInterpol,True,0.7841242119902745,0.7841242119902745
UFNIA/2019-Preiner/full/t3_rw349.smt2,cvc5,False,1200,2400
UFNIA/2019-Preiner/qf/t3_rw331.smt2,SMTInterpol,True,0.4700608209823258,0.4700608209823258
UFNIA/2019-Preiner/partial/t3_rw1430.smt2,SMTInterpol,True,2.4955147970467806,2.4955147970467806
UFNIA/2019-Preiner/combined/t3_rw1120.smt2,cvc5,False,1200,2400
UFNIA/2019-Preiner/combined/f2_rw345.smt2,cvc5,True,0.7774264770559967,0.7774264770559967
UFNIA/2019-Preiner/combined/t3_rw1142.smt2,cvc5,True,1.4269213541410863,1.4269213541410863
UFNIA/2019-Preiner/combined/t3_rw1394.smt2,cvc5,False,1200,2400
UFNIA/sledgehammer/Fundamental_Theorem_Algebra/z3.1530006.smt2,cvc5,True,0.2597360168583691,0.2597360168583691
UFNIA/2019-Preiner/full/t3_rw1277.smt2,SMTInterpol,False,1200,2400
UFNIA/2019-Preiner/full/t3_rw299.smt2,SMTInterpol,False,1200,2400
UFNIA/2019-Preiner/combined/t3_rw1382.smt2,cvc5,False,1200,2400
UFNIA/vcc-havoc/havoc-bench_007.1.main.smt2,cvc5,True,0.3194174349773675,0.3194174349773675
UFNIA/2019-Preiner/combined/t3_rw1067.smt2,cvc5,False,1200,2400
UFNIA/2019-Preiner/qf/t3_rw827.smt2,SMTInterpol,True,0.4861560820136219,0.4861560820136219
UFNIA/2019-Zohar-ic/partial/int_check_bvsge_bvashr1_ltr_inv_g.smt2,SMTInterpol,True,2.6668561790138483,2.6668561790138483
UFNIA/sledgehammer/Fundamental_Theorem_Algebra/z3.755369.smt2,cvc5,False,1200,2400
UFNIA/20190909-CLEARSY/0016/01032.smt2,cvc5,True,523.1758624168579,523.1758624168579
UFNIA/2019-Preiner/full/f2_rw303.smt2,cvc5,False,1200,2400
UFNIA/2019-Zohar-alive/full/full_AndOrXor:931_values_0.smt2,SMTInterpol,True,154.56499060802162,154.56499060802162
UFNIA/2019-Preiner/qf/f2_rw184.smt2,SMTInterpol,True,0.4248240719898604,0.4248240719898604
UFNIA/2019-Zohar-ic/full/int_check_bvult_bvudiv1_ltr_inv_g.smt2,cvc5,False,1200,2400
UFNIA/vcc-havoc/havoc-bench_example1.1.CreateXlistElement.smt2,cvc5,True,540.9819865610916,540.9819865610916
UFNIA/2019-Preiner/full/t3_rw105.smt2,cvc5,True,0.24276357190683484,0.24276357190683484
UFNIA/2019-Preiner/combined/t3_rw727.smt2,cvc5,False,1200,2400
UFNIA/sledgehammer/Hoare/z3.700673.smt2,cvc5,False,1200,2400
UFNIA/2019-Preiner/qf/t3_rw527.smt2,SMTInterpol,True,0.4949546200223267,0.4949546200223267
UFNIA/2019-Zohar-ic/combined/int_check_eq_bvneg_ltr_inv_g.smt2,cvc5,True,0.2703806378412992,0.2703806378412992
UFNIA/2019-Preiner/combined/t3_rw100.smt2,cvc5,True,0.2581049951259047,0.2581049951259047
UFNIA/2019-Zohar-ic/combined/int_check_ne_bvudiv1_rtl.smt2,cvc5,True,0.2547367000952363,0.2547367000952363
UFNIA/2019-Preiner/combined/t3_rw407.smt2,cvc5,True,2.2884590120520443,2.2884590120520443
UFNIA/2019-Preiner/partial/t3_rw777.smt2,SMTInterpol,True,0.95521846099291,0.95521846099291
UFNIA/2019-Preiner/combined/f2_rw206.smt2,cvc5,False,1200,2400
UFNIA/sledgehammer/QEpres/z3.864108.smt2,cvc5,False,1200,2400
UFNIA/2019-Preiner/combined/f2_rw31.smt2,cvc5,True,0.3444857490248978,0.3444857490248978
UFNIA/2019-Preiner/combined/t3_rw1467.smt2,cvc5,False,1200,2400
UFNIA/2019-Preiner/full/t3_rw526.smt2,cvc5,False,1200,2400
UFNIA/2019-Preiner/full/t3_rw386.smt2,cvc5,False,1200,2400
UFNIA/2019-Preiner/combined/t3_rw685.smt2,cvc5,True,0.2321664800401777,0.2321664800401777
UFNIA/2019-Preiner/partial/t3_rw1079.smt2,SMTInterpol,True,56.70887789496919,56.70887789496919
UFNIA/2019-Preiner/full/t3_rw53.smt2,cvc5,False,1200,2400
UFNIA/sledgehammer/QEpres/z3.1190370.smt2,cvc5,False,1200,2400
UFNIA/spec_sharp/test14-DafnyAst.ssc.120.Microsoft.Dafny.Triggers..ctor_System.Collections.Generic.List_1...optional...Microsoft.Contracts.No.smt2,cvc5,True,21.806432512123138,21.806432512123138
UFNIA/2019-Preiner/full/f2_rw103.smt2,cvc5,False,1200,2400
UFNIA/2019-Preiner/combined/t3_rw1442.smt2,cvc5,False,1200,2400
UFNIA/spec_sharp/test14-DafnyAst.ssc.81.Microsoft.Dafny.HavocRhs..ctor.smt2,cvc5,True,3.5879129089880735,3.5879129089880735
UFNIA/2019-Zohar-ic/partial/int_check_bvule_bvudiv0_rtl.smt2,SMTInterpol,True,50.26002865796909,50.26002865796909
UFNIA/sledgehammer/Fundamental_Theorem_Algebra/z3.1014973.smt2,cvc5,True,270.77203391399235,270.77203391399235
UFNIA/vcc-havoc/havoc-bench_sm_001.6.baz3.smt2,cvc5,True,0.30994665692560375,0.30994665692560375
UFNIA/2019-Preiner/qf/t3_rw674.smt2,SMTInterpol,True,0.5040282949921675,0.5040282949921675
UFNIA/2019-Zohar-alive/partial/partial_Select:576a_values_0.smt2,SMTInterpol,True,5.5778248099959455,5.5778248099959455
UFNIA/2019-Preiner/partial/t3_rw1257.smt2,SMTInterpol,True,3.5008119019912556,3.5008119019912556
UFNIA/2019-Preiner/qf/t3_rw916.smt2,SMTInterpol,True,0.49197067302884534,0.49197067302884534
UFNIA/2019-Zohar-alive/partial/partial_AndOrXor:537_values_0.smt2,SMTInterpol,True,3.9477625240106136,3.9477625240106136
UFNIA/sledgehammer/Fundamental_Theorem_Algebra/z3.1309306.smt2,cvc5,False,1200,2400
UFNIA/2019-Preiner/qf/t3_rw1177.smt2,SMTInterpol,True,0.485503152012825,0.485503152012825
UFNIA/2019-Preiner/partial/t3_rw428.smt2,SMTInterpol,True,9.353483163984492,9.353483163984492
UFNIA/2019-Preiner/full/f2_rw50.smt2,cvc5,False,1200,2400
UFNIA/2019-Preiner/full/t3_rw875.smt2,SMTInterpol,True,0.6361534090247005,0.6361534090247005
UFNIA/sledgehammer/Hoare/z3.1081649.smt2,cvc5,False,1200,2400
UFNIA/2019-Preiner/partial/t3_rw889.smt2,SMTInterpol,True,21.39454162598122,21.39454162598122
UFNIA/2019-Preiner/partial/t3_rw1522.smt2,SMTInterpol,True,2.7830651820404455,2.7830651820404455
UFNIA/2019-Preiner/combined/t3_rw207.smt2,cvc5,False,1200,2400
UFNIA/2019-Preiner/full/f2_rw129.smt2,cvc5,False,1200,2400
UFNIA/2019-Zohar-ic/partial/int_check_ne_bvneg_ltr_inv_g.smt2,SMTInterpol,True,1.0327302549849264,1.0327302549849264
UFNIA/2019-Preiner/full/t3_rw851.smt2,cvc5,False,1200,2400
UFNIA/2019-Preiner/qf/f2_rw45.smt2,SMTInterpol,True,0.48572066001361236,0.48572066001361236
UFNIA/2019-Preiner/full/t3_rw215.smt2,cvc5,True,0.24382117413915694,0.24382117413915694
UFNIA/2019-Preiner/partial/t3_rw584.smt2,SMTInterpol,True,4.6072705870028585,4.6072705870028585
UFNIA/2019-Zohar-ic/combined/int_check_bvugt_bvurem0_ltr_no_inv.smt2,cvc5,True,0.3095332249067724,0.3095332249067724
UFNIA/2019-Preiner/combined/t3_rw476.smt2,cvc5,False,1200,2400
UFNIA/2019-Preiner/full/t3_rw15.smt2,cvc5,False,1200,2400
UFNIA/2019-Preiner/partial/f2_rw310.smt2,SMTInterpol,True,3.7784565170295537,3.7784565170295537
UFNIA/2019-Preiner/qf/t3_rw1011.smt2,SMTInterpol,True,0.4523783839540556,0.4523783839540556
UFNIA/sledgehammer/Fundamental_Theorem_Algebra/z3.1098759.smt2,cvc5,False,1200,2400
UFNIA/2019-Preiner/combined/t3_rw975.smt2,cvc5,True,0.729433307191357,0.729433307191357
UFNIA/2019-Preiner/combined/f2_rw357.smt2,cvc5,True,0.31553328107111156,0.31553328107111156
UFNIA/2019-Zohar-ic/combined/int_check_ne_bvadd_ltr_inv_r.smt2,cvc5,False,1200,2400
UFNIA/2019-Preiner/full/t3_rw768.smt2,SMTInterpol,True,13.187214653007686,13.187214653007686
UFNIA/2019-Preiner/partial/t3_rw1421.smt2,SMTInterpol,True,95.74758767796448,95.74758767796448
UFNIA/2019-Preiner/combined/t3_rw1315.smt2,cvc5,True,275.39552304614335,275.39552304614335
UFNIA/2019-Preiner/full/t3_rw153.smt2,cvc5,False,1200,2400
UFNIA/sledgehammer/Fundamental_Theorem_Algebra/z3.796545.smt2,cvc5,False,1200,2400
UFNIA/lahiri-cav09-storm-queries/serial_write_example_2_2_8_2.smt2,cvc5,True,1064.4294465919957,1064.4294465919957
UFNIA/2019-Zohar-ic/full/int_check_bvugt_bvadd_ltr_no_inv.smt2,cvc5,True,390.36141916317865,390.36141916317865
UFNIA/2019-Preiner/partial/f2_rw41.smt2,SMTInterpol,True,1.1988590249675326,1.1988590249675326
UFNIA/sledgehammer/TwoSquares/z3.667017.smt2,SMTInterpol,False,1200,2400
UFNIA/2019-Preiner/full/t3_rw1372.smt2,SMTInterpol,True,1.9263421639916487,1.9263421639916487
UFNIA/2019-Preiner/full/t3_rw1329.smt2,SMTInterpol,False,1200,2400
UFNIA/2019-Zohar-ic/combined/int_check_bvsle_bvurem0_rtl.smt2,cvc5,True,1.8949321969412267,1.8949321969412267
UFNIA/sledgehammer/Fundamental_Theorem_Algebra/z3.1010477.smt2,cvc5,True,0.43106742785312235,0.43106742785312235
UFNIA/2019-Zohar-ic/combined/int_check_bvule_bvurem1_rtl.smt2,cvc5,True,0.2219639050308615,0.2219639050308615
UFNIA/2019-Preiner/qf/t3_rw354.smt2,SMTInterpol,True,0.47669807000784203,0.47669807000784203
UFNIA/2019-Preiner/partial/t3_rw187.smt2,SMTInterpol,True,14.24372696498176,14.24372696498176
UFNIA/2019-Preiner/qf/t3_rw479.smt2,SMTInterpol,True,0.4462048190180212,0.4462048190180212
UFNIA/2019-Preiner/qf/t3_rw1130.smt2,SMTInterpol,True,0.44693883997388184,0.44693883997388184
UFNIA/2019-Preiner/qf/t3_rw1448.smt2,SMTInterpol,True,0.5007569230074296,0.5007569230074296
UFNIA/2019-Preiner/full/t3_rw575.smt2,cvc5,True,0.2591295181773603,0.2591295181773603
UFNIA/2019-Preiner/partial/t3_rw888.smt2,SMTInterpol,True,12.434033669007476,12.434033669007476
UFNIA/2019-Zohar-ic/combined/int_check_bvsle_bvudiv0_ltr_inv_g.smt2,cvc5,True,1.457453612005338,1.457453612005338
UFNIA/2019-Zohar-ic/partial/int_check_bvsgt_bvand_rtl.smt2,SMTInterpol,True,7.773279920045752,7.773279920045752
UFNIA/2019-Preiner/combined/f2_rw397.smt2,cvc5,True,0.22773721301928163,0.22773721301928163
UFNIA/2019-Preiner/full/t3_rw461.smt2,cvc5,False,1200,2400
UFNIA/sledgehammer/Fundamental_Theorem_Algebra/z3.902039.smt2,cvc5,False,1200,2400
UFNIA/2019-Zohar-alive/full/full_AndOrXor:1280_values_0.smt2,SMTInterpol,False,1200,2400
UFNIA/2019-Preiner/qf/t3_rw386.smt2,SMTInterpol,True,0.43589292297838256,0.43589292297838256
UFNIA/sledgehammer/Fundamental_Theorem_Algebra/z3.795698.smt2,cvc5,False,1200,2400
UFNIA/2019-Preiner/full/t3_rw264.smt2,cvc5,False,1200,2400
UFNIA/2019-Zohar-ic/qf/int_check_eq_bvudiv0_ltr_no_inv.smt2,SMTInterpol,True,0.5043368860497139,0.5043368860497139
UFNIA/2019-Zohar-alive/combined/combined_AddSub:1165_values_0.smt2,cvc5,True,0.5976922840345651,0.5976922840345651
UFNIA/2019-Preiner/combined/t3_rw871.smt2,cvc5,False,1200,2400
UFNIA/vcc-havoc/CWindowsCard.c.18.OpINC.smt2,iProver,True,4.8992858421988785,4.8992858421988785
UFNIA/sledgehammer/QEpres/z3.933461.smt2,cvc5,False,1200,2400
UFNIA/2019-Preiner/full/t3_rw1487.smt2,SMTInterpol,False,1200,2400
UFNIA/2019-Preiner/partial/f2_rw180.smt2,SMTInterpol,True,2.4762815589783713,2.4762815589783713
UFNIA/2019-Preiner/full/f2_rw344.smt2,cvc5,False,1200,2400
UFNIA/2019-Preiner/partial/t3_rw579.smt2,SMTInterpol,True,3.4760207069921307,3.4760207069921307
UFNIA/2019-Preiner/combined/t3_rw165.smt2,cvc5,True,1.3235743090044707,1.3235743090044707
UFNIA/sledgehammer/QEpres/z3.906409.smt2,cvc5,False,1200,2400
UFNIA/2019-Preiner/full/t3_rw1537.smt2,SMTInterpol,False,1200,2400
UFNIA/2019-Preiner/partial/t3_rw57.smt2,SMTInterpol,True,3.995633908023592,3.995633908023592
UFNIA/2019-Zohar-ic/partial/int_check_bvuge_bvurem1_ltr_inv_g.smt2,SMTInterpol,True,3.7915000679786317,3.7915000679786317
UFNIA/2019-Preiner/partial/t3_rw903.smt2,SMTInterpol,True,3.5960807079682127,3.5960807079682127
UFNIA/2019-Zohar-ic/full/int_check_bvuge_bvor_ltr_inv_g.smt2,cvc5,False,1200,2400
UFNIA/sledgehammer/TwoSquares/z3.610405.smt2,cvc5,True,2.3316222419962287,2.3316222419962287
UFNIA/2019-Preiner/full/t3_rw536.smt2,cvc5,False,1200,2400
UFNIA/2019-Zohar-alive/full/full_AndOrXor:1820_values_0.smt2,SMTInterpol,True,0.6199020569911227,0.6199020569911227
UFNIA/2019-Zohar-ic/partial/int_check_bvugt_bvand_rtl.smt2,SMTInterpol,True,1.2729436910012737,1.2729436910012737
UFNIA/2019-Preiner/qf/t3_rw119.smt2,SMTInterpol,True,0.48094510700320825,0.48094510700320825
UFNIA/2019-Preiner/qf/t3_rw622.smt2,SMTInterpol,True,0.46205893100705,0.46205893100705
UFNIA/2019-Zohar-ic/combined/int_check_bvule_bvashr1_ltr_no_inv.smt2,cvc5,True,30.650013644015417,30.650013644015417
UFNIA/2019-Preiner/full/t3_rw1169.smt2,SMTInterpol,False,1200,2400
UFNIA/2019-Preiner/partial/t3_rw767.smt2,SMTInterpol,True,2.4456547840381972,2.4456547840381972
UFNIA/vcc-havoc/verisoft-sim.c.2.78.translated_write_sim.smt2,iProver,True,5.9129164319019765,5.9129164319019765
UFNIA/2019-Zohar-alive/partial/partial_InstCombineShift497c_values_0.smt2,SMTInterpol,True,41.97430239402456,41.97430239402456
UFNIA/2019-Preiner/full/f2_rw58.smt2,cvc5,False,1200,2400
UFNIA/vcc-havoc/verisoft-sim.c.2.18.untranslated_read_sim.smt2,iProver,True,5.414435846963897,5.414435846963897
UFNIA/2019-Preiner/partial/t3_rw1402.smt2,SMTInterpol,True,19.509006206004415,19.509006206004415
UFNIA/2019-Preiner/qf/t3_rw171.smt2,SMTInterpol,True,0.4804904059856199,0.4804904059856199
UFNIA/2019-Preiner/combined/t3_rw1084.smt2,cvc5,True,31.636868281988427,31.636868281988427
UFNIA/2019-Zohar-alive/combined/combined_AndOrXor:827_values_0.smt2,cvc5,True,0.24267022986896336,0.24267022986896336
UFNIA/2019-Preiner/combined/f2_rw347.smt2,cvc5,True,0.7921455961186439,0.7921455961186439
UFNIA/2019-Zohar-ic/full/int_check_bvule_bvurem0_ltr_no_inv.smt2,SMTInterpol,False,1200,2400
UFNIA/2019-Preiner/full/t3_rw1433.smt2,SMTInterpol,True,2.3581525560002774,2.3581525560002774
UFNIA/sledgehammer/TwoSquares/z3.759513.smt2,SMTInterpol,True,0.7527574049890973,0.7527574049890973
UFNIA/2019-Preiner/partial/t3_rw880.smt2,SMTInterpol,True,3.1728107270319015,3.1728107270319015
UFNIA/2019-Preiner/full/f2_rw94.smt2,cvc5,False,1200,2400
UFNIA/2019-Preiner/partial/t3_rw861.smt2,SMTInterpol,True,4.2204349099774845,4.2204349099774845
UFNIA/2019-Preiner/full/f2_rw207.smt2,cvc5,True,0.23310789000242949,0.23310789000242949
UFNIA/2019-Preiner/qf/t3_rw1481.smt2,SMTInterpol,True,0.5262506050057709,0.5262506050057709
UFNIA/sledgehammer/FFT/z3.589647.smt2,cvc5,False,1200,2400
UFNIA/sledgehammer/FFT/z3.931371.smt2,cvc5,False,1200,2400
UFNIA/2019-Zohar-ic/full/int_check_bvugt_bvneg_ltr_no_inv.smt2,cvc5,True,2.6873061819933355,2.6873061819933355
UFNIA/2019-Zohar-ic/full/int_check_bvsgt_bvashr1_ltr_inv_g.smt2,cvc5,False,1200,2400
UFNIA/sledgehammer/TwoSquares/z3.815840.smt2,cvc5,True,0.504119586898014,0.504119586898014
UFNIA/2019-Zohar-ic/combined/int_check_bvslt_bvashr1_rtl.smt2,cvc5,True,30.80325207207352,30.80325207207352
UFNIA/vcc-havoc/baby.37.pptea.smt2,iProver,True,4.347890706034377,4.347890706034377
UFNIA/2019-Preiner/partial/f2_rw1.smt2,SMTInterpol,True,0.885391422023531,0.885391422023531
UFNIA/2019-Preiner/full/t3_rw742.smt2,SMTInterpol,True,2.958236720995046,2.958236720995046
UFNIA/2019-Preiner/combined/t3_rw1162.smt2,cvc5,True,30.73950675386004,30.73950675386004
UFNIA/2019-Zohar-ic/full/int_check_bvule_bvshl0_ltr_no_inv.smt2,SMTInterpol,True,0.5426743910065852,0.5426743910065852
UFNIA/lahiri-cav09-storm-queries/usbsamp_bug_example_3_3.smt2,cvc5,True,1017.0853397669271,1017.0853397669271
UFNIA/2019-Preiner/qf/t3_rw521.smt2,SMTInterpol,True,0.5171814549830742,0.5171814549830742
UFNIA/spec_sharp/test14-DafnyAst.ssc.41.Microsoft.Dafny.ObjectTypeProxy..ctor.smt2,cvc5,True,4.136223244015127,4.136223244015127
UFNIA/2019-Preiner/partial/t3_rw1458.smt2,SMTInterpol,True,2.1833011099952273,2.1833011099952273
UFNIA/2019-Preiner/full/t3_rw1326.smt2,cvc5,False,1200,2400
UFNIA/2019-Preiner/combined/t3_rw279.smt2,cvc5,False,1200,2400
UFNIA/spec_sharp/specsharp-WindowsCard.23.RTE.OpINC_System.Int32.smt2,cvc5,True,22.17116535990499,22.17116535990499
UFNIA/2019-Preiner/full/t3_rw433.smt2,cvc5,False,1200,2400
UFNIA/2019-Preiner/combined/t3_rw640.smt2,cvc5,True,0.6762416230048984,0.6762416230048984
UFNIA/vcc-havoc/verisoft-sim.c.2.61.translated_write_sim.smt2,iProver,True,6.389869912993163,6.389869912993163
UFNIA/sledgehammer/Fundamental_Theorem_Algebra/z3.1426270.smt2,cvc5,False,1200,2400
UFNIA/2019-Preiner/full/t3_rw239.smt2,cvc5,False,1200,2400
UFNIA/vcc-havoc/verisoft-sim.c.2.65.translated_write_sim.smt2,iProver,True,5.889781697886065,5.889781697886065
UFNIA/sledgehammer/FFT/z3.890529.smt2,cvc5,False,1200,2400
UFNIA/vcc-havoc/havoc-bench_023.1.foo.smt2,cvc5,True,0.2759955038782209,0.2759955038782209
UFNIA/2019-Preiner/combined/t3_rw1209.smt2,cvc5,False,1200,2400
UFNIA/2019-Zohar-ic/qf/int_check_bvslt_bvudiv0_ltr_no_inv.smt2,SMTInterpol,True,0.5916468030191027,0.5916468030191027
UFNIA/2019-Preiner/combined/t3_rw914.smt2,cvc5,True,0.35490253707394004,0.35490253707394004
UFNIA/lahiri-cav09-storm-queries/usbsamp_bug_example_2_2_4_0.smt2,cvc5,True,1049.8522231611423,1049.8522231611423
UFNIA/2019-Preiner/full/t3_rw8.smt2,cvc5,True,0.2676299239974469,0.2676299239974469
UFNIA/sledgehammer/QEpres/z3.747926.smt2,cvc5,False,1200,2400
UFNIA/2019-Preiner/partial/t3_rw430.smt2,SMTInterpol,True,5.516290983010549,5.516290983010549
UFNIA/sledgehammer/QEpres/z3.736031.smt2,cvc5,True,0.45220848405733705,0.45220848405733705
UFNIA/sledgehammer/Fundamental_Theorem_Algebra/z3.878452.smt2,cvc5,True,0.30939881200902164,0.30939881200902164
UFNIA/2019-Preiner/combined/f2_rw400.smt2,cvc5,True,0.2523628221824765,0.2523628221824765
UFNIA/2019-Preiner/full/t3_rw312.smt2,cvc5,False,1200,2400
UFNIA/vcc-havoc/verisoft-sim.c.1.7.untranslated_read_sim.smt2,iProver,True,4.911260926863179,4.911260926863179
UFNIA/2019-Preiner/qf/t3_rw533.smt2,SMTInterpol,True,0.49572789401281625,0.49572789401281625
UFNIA/2019-Preiner/partial/t3_rw32.smt2,SMTInterpol,True,3.9835517919855192,3.9835517919855192
UFNIA/2019-Preiner/qf/t3_rw578.smt2,SMTInterpol,True,0.4666217169724405,0.4666217169724405
UFNIA/sledgehammer/Fundamental_Theorem_Algebra/z3.616513.smt2,cvc5,False,1200,2400
UFNIA/2019-Preiner/combined/f2_rw232.smt2,cvc5,True,0.2284456470515579,0.2284456470515579
UFNIA/2019-Preiner/qf/t3_rw366.smt2,SMTInterpol,True,0.45660778001183644,0.45660778001183644
UFNIA/sledgehammer/Fundamental_Theorem_Algebra/z3.1264277.smt2,cvc5,False,1200,2400
UFNIA/2019-Preiner/partial/t3_rw208.smt2,SMTInterpol,True,3.9219024420017377,3.9219024420017377
UFNIA/2019-Preiner/full/t3_rw1469.smt2,SMTInterpol,False,1200,2400
UFNIA/2019-Preiner/partial/t3_rw225.smt2,SMTInterpol,True,2.955575285013765,2.955575285013765
UFNIA/2019-Preiner/full/t3_rw123.smt2,cvc5,False,1200,2400
UFNIA/spec_sharp/test14-Xml.ssc.11.Microsoft.Boogie.XmlSink.WriteTokenAttributes_System.Compiler.Node_notnull.smt2,cvc5,False,1200,2400
UFNIA/2019-Preiner/partial/t3_rw960.smt2,SMTInterpol,True,3.9178081459831446,3.9178081459831446
UFNIA/2019-Zohar-alive/full/full_Select:728_values_0.smt2,SMTInterpol,True,0.6028082020347938,0.6028082020347938
UFNIA/2019-Preiner/combined/t3_rw552.smt2,cvc5,True,0.3040818788576871,0.3040818788576871
UFNIA/2019-Preiner/qf/t3_rw769.smt2,SMTInterpol,True,0.4912146760034375,0.4912146760034375
UFNIA/sledgehammer/QEpres/z3.620834.smt2,cvc5,False,1200,2400
UFNIA/2019-Preiner/combined/t3_rw653.smt2,cvc5,False,1200,2400
UFNIA/vcc-havoc/baby.68.hv_dispatch.smt2,iProver,True,5.391778843011707,5.391778843011707
UFNIA/2019-Preiner/full/t3_rw248.smt2,cvc5,False,1200,2400
UFNIA/2019-Preiner/partial/t3_rw102.smt2,SMTInterpol,True,1.417283512011636,1.417283512011636
UFNIA/2019-Preiner/qf/t3_rw204.smt2,SMTInterpol,True,0.511802360008005,0.511802360008005
UFNIA/2019-Preiner/qf/t3_rw1513.smt2,SMTInterpol,True,0.49658114602789283,0.49658114602789283
UFNIA/2019-Preiner/qf/t3_rw1185.smt2,SMTInterpol,True,0.4356545000337064,0.4356545000337064
UFNIA/2019-Preiner/qf/t3_rw218.smt2,SMTInterpol,True,0.42904922197340056,0.42904922197340056
UFNIA/2019-Preiner/partial/t3_rw1311.smt2,SMTInterpol,True,12.302026847959496,12.302026847959496
UFNIA/2019-Preiner/combined/f2_rw358.smt2,cvc5,True,3.097374025033787,3.097374025033787
UFNIA/2019-Preiner/combined/t3_rw1234.smt2,cvc5,False,1200,2400
UFNIA/2019-Preiner/combined/t3_rw1124.smt2,cvc5,True,215.5325817228295,215.5325817228295
UFNIA/2019-Zohar-ic/combined/int_check_bvugt_bvudiv0_ltr_inv_g.smt2,cvc5,True,0.2872738749720156,0.2872738749720156
UFNIA/2019-Preiner/combined/t3_rw466.smt2,cvc5,True,46.958739310037345,46.958739310037345
UFNIA/2019-Preiner/full/t3_rw111.smt2,cvc5,False,1200,2400
UFNIA/2019-Preiner/full/t3_rw720.smt2,SMTInterpol,True,0.6417816120083444,0.6417816120083444
UFNIA/2019-Preiner/partial/f2_rw222.smt2,SMTInterpol,True,3.351934884034563,3.351934884034563
UFNIA/vcc-havoc/verisoft-baby.c.1.38.handle_pf.smt2,iProver,True,5.912082026945427,5.912082026945427
UFNIA/2019-Zohar-ic/full/int_check_ne_bvor_ltr_no_inv.smt2,cvc5,False,1200,2400
UFNIA/2019-Preiner/qf/f2_rw72.smt2,SMTInterpol,True,0.4505897359922528,0.4505897359922528
UFNIA/2019-Preiner/full/t3_rw999.smt2,cvc5,False,1200,2400
UFNIA/lahiri-cav09-storm-queries/usbsamp_example_2_1_8_1.smt2,cvc5,True,1024.6353350020945,1024.6353350020945
UFNIA/2019-Preiner/full/t3_rw343.smt2,cvc5,False,1200,2400
UFNIA/2019-Preiner/full/f2_rw146.smt2,cvc5,True,0.3691438261885196,0.3691438261885196
UFNIA/2019-Preiner/qf/t3_rw4.smt2,SMTInterpol,True,0.4468795839929953,0.4468795839929953
UFNIA/2019-Preiner/full/t3_rw1382.smt2,cvc5,False,1200,2400
UFNIA/2019-Zohar-ic/full/int_check_ne_bvand_rtl.smt2,cvc5,False,1200,2400
UFNIA/2019-Zohar-ic/partial/int_check_bvule_bvnot_rtl.smt2,SMTInterpol,True,0.4717064760043286,0.4717064760043286
UFNIA/2019-Preiner/partial/f2_rw353.smt2,SMTInterpol,True,1.124592361971736,1.124592361971736
UFNIA/2019-Preiner/partial/t3_rw577.smt2,SMTInterpol,True,4.895201068022288,4.895201068022288
UFNIA/2019-Zohar-ic/full/int_check_bvule_bvashr1_ltr_no_inv.smt2,cvc5,False,1200,2400
UFNIA/2019-Preiner/combined/f2_rw221.smt2,cvc5,True,0.8524240672122687,0.8524240672122687
UFNIA/2019-Preiner/combined/t3_rw125.smt2,cvc5,True,0.28601566702127457,0.28601566702127457
UFNIA/2019-Preiner/partial/t3_rw1061.smt2,SMTInterpol,True,2.4475274510332383,2.4475274510332383
UFNIA/2019-Preiner/qf/f2_rw302.smt2,SMTInterpol,True,0.5401337549556047,0.5401337549556047
UFNIA/vcc-havoc/verisoft-sim.c.1.32.translated_write_sim.smt2,iProver,True,5.426048922818154,5.426048922818154
UFNIA/2019-Preiner/combined/t3_rw1167.smt2,cvc5,True,1.896610704017803,1.896610704017803
UFNIA/2019-Preiner/partial/t3_rw49.smt2,SMTInterpol,True,4.306500508973841,4.306500508973841
UFNIA/2019-Preiner/partial/t3_rw1110.smt2,SMTInterpol,True,4.5968835019739345,4.5968835019739345
UFNIA/vcc-havoc/havoc-bench_dlist_insert_head.10.dlist_insert.smt2,cvc5,True,540.6271667790134,540.6271667790134
UFNIA/2019-Preiner/partial/t3_rw1198.smt2,SMTInterpol,True,4.370404348010197,4.370404348010197
UFNIA/sledgehammer/Fundamental_Theorem_Algebra/z3.1290768.smt2,cvc5,True,0.5179060269147158,0.5179060269147158
UFNIA/2019-Zohar-ic/qf/int_check_ne_bvurem1_ltr_no_inv.smt2,SMTInterpol,True,0.5061137839802541,0.5061137839802541
UFNIA/2019-Preiner/qf/t3_rw1139.smt2,SMTInterpol,True,0.47110083303414285,0.47110083303414285
UFNIA/2019-Preiner/partial/f2_rw268.smt2,SMTInterpol,True,3.6407801259774715,3.6407801259774715
UFNIA/2019-Preiner/combined/t3_rw1376.smt2,cvc5,True,31.72408610698767,31.72408610698767
UFNIA/vcc-havoc/havoc-bench_dlist.10.dlist_remove.smt2,cvc5,True,540.5396065330133,540.5396065330133
UFNIA/2019-Preiner/partial/t3_rw536.smt2,SMTInterpol,True,3.4408763019600883,3.4408763019600883
UFNIA/2019-Zohar-ic/partial/int_check_bvslt_bvmul_rtl.smt2,SMTInterpol,True,18.491623968991917,18.491623968991917
UFNIA/2019-Preiner/partial/t3_rw1469.smt2,SMTInterpol,True,4.242385565012228,4.242385565012228
UFNIA/sledgehammer/QEpres/z3.736774.smt2,SMTInterpol,True,3.2096045599901117,3.2096045599901117
UFNIA/2019-Zohar-ic/combined/int_check_bvuge_bvurem1_ltr_inv_g.smt2,cvc5,True,0.2369168980512768,0.2369168980512768
UFNIA/2019-Preiner/full/t3_rw1201.smt2,cvc5,False,1200,2400
UFNIA/2019-Zohar-ic/partial/int_check_bvsge_bvashr0_ltr_no_inv.smt2,SMTInterpol,True,3.372901686001569,3.372901686001569
UFNIA/2019-Preiner/partial/t3_rw96.smt2,SMTInterpol,True,3.8416396899847314,3.8416396899847314
UFNIA/lahiri-cav09-storm-queries/mqueue_example_2_3_6_1.smt2,cvc5,True,20.73368784110062,20.73368784110062
UFNIA/2019-Preiner/full/t3_rw922.smt2,cvc5,False,1200,2400
UFNIA/2019-Zohar-ic/full/int_check_bvslt_bvurem0_ltr_no_inv.smt2,cvc5,False,1200,2400
UFNIA/2019-Preiner/combined/t3_rw671.smt2,cvc5,False,1200,2400
UFNIA/2019-Preiner/qf/t3_rw124.smt2,SMTInterpol,True,0.48512923502130434,0.48512923502130434
UFNIA/2019-Zohar-alive/combined/combined_Select:741_values_0.smt2,cvc5,True,30.936528916005045,30.936528916005045
UFNIA/spec_sharp/test14-DafnyAst.ssc.92.Microsoft.Dafny.CallStmt..ctor_Microsoft.Dafny.Token_notnull_System.Collections.Generic.List_1...opt.smt2,cvc5,True,1174.3104177589994,1174.3104177589994
UFNIA/2019-Preiner/qf/t3_rw1250.smt2,SMTInterpol,True,0.4901307530235499,0.4901307530235499
UFNIA/sledgehammer/FFT/z3.1005564.smt2,cvc5,False,1200,2400
UFNIA/2019-Preiner/qf/t3_rw466.smt2,SMTInterpol,True,0.49704159796237946,0.49704159796237946
UFNIA/sledgehammer/Fundamental_Theorem_Algebra/z3.743149.smt2,cvc5,False,1200,2400
UFNIA/spec_sharp/textbook-CircularQueue.dll.11.CirQueue.EnQueue_System.Int32.smt2,cvc5,True,9.867529270937666,9.867529270937666
UFNIA/vcc-havoc/havoc-bench_sm_001.9.foo.smt2,cvc5,True,1.8203085199929774,1.8203085199929774
UFNIA/2019-Zohar-alive/full/full_AndOrXor:2367_values_0.smt2,SMTInterpol,False,1200,2400
UFNIA/2019-Preiner/full/t3_rw492.smt2,cvc5,True,0.24103502207435668,0.24103502207435668
UFNIA/2019-Preiner/full/f2_rw102.smt2,cvc5,False,1200,2400
UFNIA/2019-Preiner/partial/f2_rw223.smt2,SMTInterpol,True,2.927425487956498,2.927425487956498
UFNIA/2019-Zohar-ic/partial/int_check_eq_bvashr1_ltr_no_inv.smt2,SMTInterpol,True,4.66293636901537,4.66293636901537
UFNIA/2019-Preiner/partial/t3_rw412.smt2,SMTInterpol,True,16.11031947802985,16.11031947802985
UFNIA/spec_sharp/textbook-SumClass.dll.2.ArraySum.SumEven.smt2,cvc5,True,5.197619344107807,5.197619344107807
UFNIA/2019-Preiner/qf/t3_rw359.smt2,SMTInterpol,True,0.46176305296830833,0.46176305296830833
UFNIA/2019-Zohar-ic/combined/int_check_bvugt_bvnot_ltr_no_inv.smt2,cvc5,True,0.23239819495938718,0.23239819495938718
UFNIA/2019-Preiner/partial/t3_rw345.smt2,SMTInterpol,True,3.292435679992195,3.292435679992195
UFNIA/2019-Preiner/full/t3_rw284.smt2,cvc5,False,1200,2400
UFNIA/2019-Preiner/full/t3_rw1379.smt2,cvc5,False,1200,2400
UFNIA/2019-Preiner/qf/f2_rw316.smt2,SMTInterpol,True,0.43550409603631124,0.43550409603631124
UFNIA/2019-Preiner/qf/t3_rw312.smt2,SMTInterpol,True,0.42104593495605513,0.42104593495605513
UFNIA/2019-Preiner/full/t3_rw1196.smt2,SMTInterpol,False,1200,2400
UFNIA/2019-Preiner/full/f2_rw83.smt2,cvc5,True,0.24606070783920586,0.24606070783920586
UFNIA/2019-Preiner/full/f2_rw248.smt2,cvc5,False,1200,2400
UFNIA/2019-Zohar-alive/combined/combined_AndOrXor:698_values_0.smt2,cvc5,False,1200,2400
UFNIA/2019-Preiner/full/t3_rw741.smt2,SMTInterpol,False,1200,2400
UFNIA/2019-Zohar-ic/qf/int_check_bvugt_bvshl1_rtl.smt2,SMTInterpol,True,0.4746920639881864,0.4746920639881864
UFNIA/2019-Preiner/partial/t3_rw1570.smt2,SMTInterpol,True,4.340169770002831,4.340169770002831
UFNIA/2019-Preiner/combined/t3_rw56.smt2,cvc5,True,0.747761890059337,0.747761890059337
UFNIA/2019-Preiner/partial/t3_rw1498.smt2,SMTInterpol,True,4.920632280991413,4.920632280991413
UFNIA/2019-Preiner/qf/t3_rw391.smt2,SMTInterpol,True,0.4767865620087832,0.4767865620087832
UFNIA/2019-Preiner/qf/t3_rw1554.smt2,SMTInterpol,True,0.48385299800429493,0.48385299800429493
UFNIA/2019-Preiner/partial/t3_rw1354.smt2,SMTInterpol,True,14.926735313958488,14.926735313958488
UFNIA/2019-Preiner/partial/t3_rw629.smt2,SMTInterpol,True,4.302036061009858,4.302036061009858
UFNIA/2019-Zohar-ic/combined/int_check_bvsle_bvadd_ltr_inv_g.smt2,cvc5,True,3.2074692009482533,3.2074692009482533
UFNIA/2019-Preiner/combined/t3_rw1375.smt2,cvc5,False,1200,2400
UFNIA/2019-Preiner/combined/t3_rw672.smt2,cvc5,False,1200,2400
UFNIA/2019-Preiner/partial/t3_rw438.smt2,SMTInterpol,True,4.1823128670221195,4.1823128670221195
UFNIA/2019-Preiner/full/f2_rw200.smt2,cvc5,True,0.33613075711764395,0.33613075711764395
UFNIA/2019-Preiner/full/t3_rw260.smt2,cvc5,True,0.24757879390381277,0.24757879390381277
UFNIA/2019-Preiner/partial/f2_rw94.smt2,SMTInterpol,True,2.9744774710270576,2.9744774710270576
UFNIA/2019-Preiner/qf/f2_rw62.smt2,SMTInterpol,True,0.4761170619749464,0.4761170619749464
UFNIA/2019-Preiner/qf/t3_rw975.smt2,SMTInterpol,True,0.4761397049878724,0.4761397049878724
UFNIA/sledgehammer/Fundamental_Theorem_Algebra/z3.1203697.smt2,cvc5,True,0.258920680033043,0.258920680033043
UFNIA/2019-Preiner/combined/t3_rw416.smt2,cvc5,False,1200,2400
UFNIA/sledgehammer/TwoSquares/z3.591556.smt2,cvc5,True,0.35296730697155,0.35296730697155
UFNIA/2019-Preiner/combined/f2_rw365.smt2,cvc5,True,0.2899253908544779,0.2899253908544779
UFNIA/2019-Preiner/partial/t3_rw687.smt2,SMTInterpol,True,1.0164442039676942,1.0164442039676942
UFNIA/spec_sharp/specsharp-WindowsCard.40.RTE.MOpPOP_System.Int32.smt2,cvc5,True,30.88940506405197,30.88940506405197
UFNIA/20190909-CLEARSY/0015/00370.smt2,SMTInterpol,True,0.574928546033334,0.574928546033334
UFNIA/2019-Preiner/qf/t3_rw1242.smt2,SMTInterpol,True,0.5244847830035724,0.5244847830035724
UFNIA/lahiri-cav09-storm-queries/usbsamp_bug_example_2_3_8_0.smt2,cvc5,True,1015.8082063940819,1015.8082063940819
UFNIA/2019-Preiner/qf/t3_rw570.smt2,SMTInterpol,True,0.4941195260034874,0.4941195260034874
UFNIA/2019-Preiner/full/t3_rw1336.smt2,SMTInterpol,False,1200,2400
UFNIA/2019-Zohar-ic/combined/int_check_bvule_bvmul_ltr_inv_g.smt2,cvc5,True,0.24423462594859302,0.24423462594859302
UFNIA/2019-Preiner/combined/t3_rw828.smt2,cvc5,True,32.796755213988945,32.796755213988945
UFNIA/2019-Preiner/full/t3_rw1110.smt2,SMTInterpol,False,1200,2400
UFNIA/2019-Preiner/qf/t3_rw407.smt2,SMTInterpol,True,0.46893875498790294,0.46893875498790294
UFNIA/2019-Zohar-ic/full/int_check_bvult_bvshl0_ltr_no_inv.smt2,cvc5,True,0.39972704998217523,0.39972704998217523
UFNIA/2019-Preiner/partial/f2_rw137.smt2,SMTInterpol,True,4.178110820008442,4.178110820008442
UFNIA/2019-Preiner/qf/t3_rw1146.smt2,SMTInterpol,True,0.48339399602264166,0.48339399602264166
UFNIA/2019-Preiner/qf/t3_rw446.smt2,SMTInterpol,True,0.47598636703332886,0.47598636703332886
UFNIA/2019-Zohar-ic/qf/int_check_bvslt_bvnot_ltr_no_inv.smt2,SMTInterpol,True,0.516845734033268,0.516845734033268
UFNIA/2019-Preiner/full/t3_rw1115.smt2,SMTInterpol,True,25.720564174989704,25.720564174989704
UFNIA/2019-Zohar-alive/combined/combined_AndOrXor:757_values_0.smt2,cvc5,False,1200,2400
UFNIA/2019-Preiner/full/t3_rw1564.smt2,SMTInterpol,False,1200,2400
UFNIA/2019-Preiner/qf/f2_rw58.smt2,SMTInterpol,True,0.4641395399812609,0.4641395399812609
UFNIA/2019-Preiner/partial/t3_rw260.smt2,SMTInterpol,True,4.274187495990191,4.274187495990191
UFNIA/2019-Preiner/full/f2_rw118.smt2,cvc5,True,0.232474704971537,0.232474704971537
UFNIA/2019-Preiner/qf/f2_rw29.smt2,SMTInterpol,True,0.4282718600006774,0.4282718600006774
UFNIA/2019-Preiner/full/t3_rw1413.smt2,cvc5,False,1200,2400
UFNIA/sledgehammer/Fundamental_Theorem_Algebra/z3.844134.smt2,cvc5,True,4.65959595493041,4.65959595493041
UFNIA/2019-Zohar-ic/full/int_check_bvsge_bvashr0_ltr_no_inv.smt2,cvc5,True,6.081182011868805,6.081182011868805
UFNIA/2019-Preiner/combined/t3_rw176.smt2,cvc5,True,30.96832661004737,30.96832661004737
UFNIA/2019-Zohar-ic/full/int_check_bvult_bvudiv1_ltr_no_inv.smt2,cvc5,False,1200,2400
UFNIA/2019-Preiner/combined/t3_rw1558.smt2,cvc5,True,33.164293030044064,33.164293030044064
UFNIA/2019-Preiner/full/t3_rw1397.smt2,SMTInterpol,False,1200,2400
UFNIA/2019-Zohar-ic/full/int_check_bvuge_bvlshr0_ltr_no_inv.smt2,cvc5,False,1200,2400
UFNIA/2019-Preiner/partial/t3_rw99.smt2,SMTInterpol,True,3.250031545991078,3.250031545991078
UFNIA/2019-Zohar-ic/full/int_check_bvuge_bvashr0_ltr_no_inv.smt2,SMTInterpol,True,0.7577613210305572,0.7577613210305572
UFNIA/2019-Preiner/qf/t3_rw884.smt2,SMTInterpol,True,0.4407820060150698,0.4407820060150698
UFNIA/2019-Preiner/partial/t3_rw1327.smt2,SMTInterpol,True,4.303177957015578,4.303177957015578
UFNIA/2019-Zohar-ic/combined/int_check_ne_bvlshr0_ltr_no_inv.smt2,cvc5,True,1.5824629270937294,1.5824629270937294
UFNIA/2019-Zohar-ic/combined/int_check_bvsgt_bvurem1_ltr_no_inv.smt2,cvc5,False,1200,2400
UFNIA/2019-Preiner/partial/f2_rw31.smt2,SMTInterpol,True,3.76117247302318,3.76117247302318
UFNIA/2019-Preiner/qf/t3_rw513.smt2,SMTInterpol,True,0.4545774500002153,0.4545774500002153
UFNIA/sledgehammer/Fundamental_Theorem_Algebra/z3.622031.smt2,cvc5,True,0.32237830804660916,0.32237830804660916
UFNIA/2019-Preiner/partial/f2_rw299.smt2,SMTInterpol,True,1.10054193995893,1.10054193995893
UFNIA/2019-Preiner/combined/t3_rw285.smt2,cvc5,False,1200,2400
UFNIA/2019-Preiner/combined/t3_rw435.smt2,cvc5,False,1200,2400
UFNIA/2019-Preiner/partial/t3_rw1532.smt2,SMTInterpol,True,2.22463167499518,2.22463167499518
UFNIA/2019-Preiner/full/f2_rw380.smt2,cvc5,True,0.3062217668630183,0.3062217668630183
UFNIA/2019-Zohar-ic/full/int_check_ne_bvmul_rtl.smt2,cvc5,True,0.27835224382579327,0.27835224382579327
UFNIA/2019-Preiner/partial/f2_rw261.smt2,SMTInterpol,True,1.087167049990967,1.087167049990967
UFNIA/2019-Preiner/combined/f2_rw308.smt2,cvc5,True,0.2556815920397639,0.2556815920397639
UFNIA/2019-Preiner/qf/t3_rw64.smt2,SMTInterpol,True,0.45325647899881005,0.45325647899881005
UFNIA/2019-Preiner/full/t3_rw919.smt2,cvc5,False,1200,2400
UFNIA/vcc-havoc/verisoft-baby.c.1.3.update_spt.smt2,iProver,True,5.3955434169620275,5.3955434169620275
UFNIA/2019-Preiner/partial/t3_rw1416.smt2,SMTInterpol,True,2.1316487719886936,2.1316487719886936
UFNIA/2019-Preiner/combined/t3_rw829.smt2,cvc5,True,4.249064658069983,4.249064658069983
UFNIA/2019-Preiner/qf/t3_rw83.smt2,SMTInterpol,True,0.4477829019888304,0.4477829019888304
UFNIA/2019-Zohar-ic/full/int_check_ne_bvashr0_ltr_no_inv.smt2,cvc5,True,13.973620461998507,13.973620461998507
UFNIA/2019-Zohar-ic/partial/int_check_ne_bvneg_rtl.smt2,SMTInterpol,True,0.4589302589884028,0.4589302589884028
UFNIA/2019-Preiner/full/t3_rw1095.smt2,SMTInterpol,False,1200,2400
UFNIA/2019-Preiner/combined/t3_rw689.smt2,cvc5,True,0.25487573887221515,0.25487573887221515
UFNIA/2019-Zohar-alive/combined/combined_AndOrXor:2595_values_0.smt2,cvc5,False,1200,2400
UFNIA/2019-Preiner/qf/t3_rw1421.smt2,SMTInterpol,True,0.4927085730014369,0.4927085730014369
UFNIA/2019-Preiner/qf/t3_rw1311.smt2,SMTInterpol,True,0.4665260540205054,0.4665260540205054
UFNIA/2019-Preiner/qf/t3_rw1562.smt2,SMTInterpol,True,0.49931812298018485,0.49931812298018485
UFNIA/2019-Zohar-alive/partial/partial_AndOrXor:1833_values_0.smt2,SMTInterpol,True,0.7126163609791547,0.7126163609791547
UFNIA/2019-Preiner/combined/f2_rw53.smt2,cvc5,True,0.24852906493470073,0.24852906493470073
UFNIA/2019-Preiner/partial/t3_rw954.smt2,SMTInterpol,True,3.321259798016399,3.321259798016399
UFNIA/2019-Preiner/combined/t3_rw1168.smt2,cvc5,True,31.300013622967526,31.300013622967526
UFNIA/2019-Preiner/qf/t3_rw1420.smt2,SMTInterpol,True,0.4889100069995038,0.4889100069995038
UFNIA/2019-Preiner/qf/t3_rw232.smt2,SMTInterpol,True,0.44576897902879864,0.44576897902879864
UFNIA/2019-Zohar-ic/partial/int_check_ne_bvshl0_rtl.smt2,SMTInterpol,True,1.2506127689848654,1.2506127689848654
UFNIA/2019-Preiner/qf/t3_rw320.smt2,SMTInterpol,True,0.4391264140140265,0.4391264140140265
UFNIA/2019-Preiner/qf/t3_rw939.smt2,SMTInterpol,True,0.46154771599685773,0.46154771599685773
UFNIA/2019-Preiner/combined/t3_rw1282.smt2,cvc5,False,1200,2400
UFNIA/2019-Preiner/combined/t3_rw1284.smt2,cvc5,False,1200,2400
UFNIA/2019-Preiner/combined/t3_rw1213.smt2,cvc5,False,1200,2400
UFNIA/2019-Preiner/combined/t3_rw424.smt2,cvc5,False,1200,2400
UFNIA/2019-Preiner/qf/t3_rw432.smt2,SMTInterpol,True,0.4260299410088919,0.4260299410088919
UFNIA/2019-Preiner/qf/t3_rw227.smt2,SMTInterpol,True,0.5486941310227849,0.5486941310227849
UFNIA/2019-Preiner/qf/t3_rw906.smt2,SMTInterpol,True,0.45149188599316403,0.45149188599316403
UFNIA/sledgehammer/TwoSquares/z3.809849.smt2,cvc5,False,1200,2400
UFNIA/2019-Preiner/qf/t3_rw285.smt2,SMTInterpol,True,0.44399657304165885,0.44399657304165885
UFNIA/2019-Zohar-alive/combined/combined_AndOrXor:1820_values_0.smt2,cvc5,True,0.8071198901161551,0.8071198901161551
UFNIA/vcc-havoc/havoc-bench_038.2.copy.smt2,cvc5,True,0.4648318071849644,0.4648318071849644
UFNIA/2019-Zohar-ic/partial/int_check_bvult_bvudiv0_rtl.smt2,SMTInterpol,True,1.1016360559733585,1.1016360559733585
UFNIA/2019-Preiner/qf/t3_rw382.smt2,SMTInterpol,True,0.4661674089729786,0.4661674089729786
UFNIA/2019-Preiner/full/t3_rw539.smt2,cvc5,False,1200,2400
UFNIA/2019-Preiner/combined/f2_rw97.smt2,cvc5,True,1.0082622228655964,1.0082622228655964
UFNIA/2019-Preiner/full/t3_rw788.smt2,SMTInterpol,True,0.6225369989988394,0.6225369989988394
UFNIA/2019-Preiner/combined/t3_rw290.smt2,cvc5,False,1200,2400
UFNIA/2019-Preiner/partial/f2_rw168.smt2,SMTInterpol,True,0.992204173002392,0.992204173002392
UFNIA/2019-Preiner/qf/t3_rw1559.smt2,SMTInterpol,True,0.5126017300062813,0.5126017300062813
UFNIA/2019-Zohar-alive/combined/combined_Select:747_values_0.smt2,cvc5,True,30.999130523065105,30.999130523065105
UFNIA/2019-Zohar-ic/combined/int_check_bvugt_bvlshr1_ltr_no_inv.smt2,cvc5,True,1.2638597760815173,1.2638597760815173
UFNIA/2019-Zohar-ic/qf/int_check_bvsgt_bvshl1_ltr_no_inv.smt2,SMTInterpol,True,0.5463425000198185,0.5463425000198185
UFNIA/2019-Preiner/combined/t3_rw39.smt2,cvc5,False,1200,2400
UFNIA/2019-Preiner/qf/f2_rw366.smt2,SMTInterpol,True,0.5423492940026335,0.5423492940026335
UFNIA/sledgehammer/QEpres/z3.819594.smt2,cvc5,False,1200,2400
UFNIA/2019-Zohar-ic/combined/int_check_bvuge_bvnot_ltr_no_inv.smt2,cvc5,True,0.2283437978476286,0.2283437978476286
UFNIA/2019-Preiner/full/t3_rw1417.smt2,cvc5,False,1200,2400
UFNIA/2019-Preiner/combined/t3_rw1334.smt2,cvc5,False,1200,2400
UFNIA/sledgehammer/Fundamental_Theorem_Algebra/z3.796924.smt2,cvc5,False,1200,2400
UFNIA/2019-Preiner/qf/f2_rw327.smt2,SMTInterpol,True,0.47371771599864587,0.47371771599864587
UFNIA/2019-Preiner/partial/t3_rw639.smt2,SMTInterpol,True,4.0277704350301065,4.0277704350301065
UFNIA/2019-Preiner/qf/t3_rw73.smt2,SMTInterpol,True,0.46705419901991263,0.46705419901991263
UFNIA/2019-Preiner/full/f2_rw93.smt2,cvc5,False,1200,2400
UFNIA/spec_sharp/test14-UnexpectedProverOutputException.1.Microsoft.Boogie.UnexpectedProverOutputException..ctor_System.String.smt2,cvc5,True,0.6825635398272425,0.6825635398272425
UFNIA/vcc-havoc/verisoft-sim.c.1.34.translated_write_sim.smt2,iProver,True,5.869840882951394,5.869840882951394
UFNIA/2019-Preiner/combined/t3_rw134.smt2,cvc5,True,0.2976596758235246,0.2976596758235246
UFNIA/2019-Preiner/combined/t3_rw233.smt2,cvc5,False,1200,2400
UFNIA/2019-Preiner/combined/t3_rw1305.smt2,cvc5,False,1200,2400
UFNIA/2019-Preiner/partial/t3_rw138.smt2,SMTInterpol,True,3.0608372609713115,3.0608372609713115
UFNIA/2019-Preiner/combined/t3_rw1459.smt2,cvc5,False,1200,2400
UFNIA/2019-Zohar-ic/partial/int_check_bvuge_bvashr0_ltr_no_inv.smt2,SMTInterpol,True,2.5716136999544688,2.5716136999544688
UFNIA/2019-Preiner/combined/t3_rw586.smt2,cvc5,True,0.5035458521451801,0.5035458521451801
UFNIA/sledgehammer/FFT/z3.1018677.smt2,cvc5,False,1200,2400
UFNIA/sledgehammer/QEpres/z3.1003502.smt2,cvc5,False,1200,2400
UFNIA/2019-Preiner/qf/f2_rw430.smt2,SMTInterpol,True,0.4413439220516011,0.4413439220516011
UFNIA/2019-Preiner/full/t3_rw943.smt2,cvc5,True,361.2980431520846,361.2980431520846
UFNIA/2019-Zohar-alive/partial/partial_Select:423_values_57.smt2,SMTInterpol,True,9.502391210000496,9.502391210000496
UFNIA/lahiri-cav09-storm-queries/serial_read_example_2_1_2_2.smt2,cvc5,False,1200,2400
UFNIA/2019-Preiner/partial/t3_rw441.smt2,SMTInterpol,True,3.621801912027877,3.621801912027877
UFNIA/2019-Preiner/partial/t3_rw675.smt2,SMTInterpol,True,6.60238425800344,6.60238425800344
UFNIA/2019-Preiner/partial/t3_rw20.smt2,SMTInterpol,True,2.6226243210257962,2.6226243210257962
UFNIA/spec_sharp/test14-DafnyAst.ssc.42.Microsoft.Dafny.ObjectsTypeProxy.Boogie.ContractConsistencyCheck.get_OrderID.smt2,cvc5,True,0.6035940798465163,0.6035940798465163
UFNIA/2019-Preiner/partial/f2_rw248.smt2,SMTInterpol,True,1.0529046559822746,1.0529046559822746
UFNIA/2019-Preiner/qf/t3_rw1095.smt2,SMTInterpol,True,0.5215815720148385,0.5215815720148385
UFNIA/2019-Preiner/partial/t3_rw271.smt2,SMTInterpol,True,16.78296971099917,16.78296971099917
UFNIA/sledgehammer/Fundamental_Theorem_Algebra/z3.800351.smt2,cvc5,True,0.43150768987834454,0.43150768987834454
UFNIA/sledgehammer/Fundamental_Theorem_Algebra/z3.1365880.smt2,cvc5,True,0.4025042080320418,0.4025042080320418
UFNIA/2019-Preiner/partial/t3_rw1264.smt2,SMTInterpol,True,4.627012287033722,4.627012287033722
UFNIA/sledgehammer/Fundamental_Theorem_Algebra/z3.1233397.smt2,cvc5,True,0.475902427919209,0.475902427919209
UFNIA/2019-Preiner/combined/t3_rw1486.smt2,cvc5,False,1200,2400
UFNIA/2019-Zohar-ic/full/int_check_bvslt_bvshl0_ltr_no_inv.smt2,cvc5,False,1200,2400
UFNIA/sledgehammer/Fundamental_Theorem_Algebra/z3.628361.smt2,cvc5,True,0.4375974989961833,0.4375974989961833
UFNIA/2019-Preiner/partial/t3_rw866.smt2,SMTInterpol,True,8.947642540035304,8.947642540035304
UFNIA/sledgehammer/QEpres/z3.884345.smt2,cvc5,False,1200,2400
UFNIA/2019-Zohar-ic/partial/int_check_bvsgt_bvshl1_ltr_no_inv.smt2,SMTInterpol,True,2.4893052050028928,2.4893052050028928
UFNIA/2019-Preiner/combined/f2_rw361.smt2,cvc5,True,0.26281719491817057,0.26281719491817057
UFNIA/2019-Preiner/partial/t3_rw936.smt2,SMTInterpol,True,2.993643602996599,2.993643602996599
UFNIA/2019-Zohar-ic/full/int_check_bvule_bvlshr0_ltr_no_inv.smt2,SMTInterpol,True,0.5564570529968478,0.5564570529968478
UFNIA/2019-Preiner/partial/t3_rw897.smt2,SMTInterpol,True,5.706778771011159,5.706778771011159
UFNIA/2019-Zohar-ic/partial/int_check_bvuge_bvneg_ltr_no_inv.smt2,SMTInterpol,True,1.7984348559984937,1.7984348559984937
UFNIA/vcc-havoc/Queue.c.3.enqueue.smt2,iProver,True,3.3748882990330458,3.3748882990330458
UFNIA/sledgehammer/Fundamental_Theorem_Algebra/z3.1299743.smt2,cvc5,True,89.01218912401237,89.01218912401237
UFNIA/2019-Zohar-ic/combined/int_check_ne_bvashr1_ltr_inv_g.smt2,cvc5,True,31.253557570045814,31.253557570045814
UFNIA/2019-Zohar-ic/partial/int_check_bvsgt_bvnot_ltr_no_inv.smt2,SMTInterpol,True,1.5913527309894562,1.5913527309894562
UFNIA/2019-Preiner/full/t3_rw834.smt2,cvc5,False,1200,2400
UFNIA/2019-Preiner/qf/t3_rw162.smt2,SMTInterpol,True,0.47491683601401746,0.47491683601401746
UFNIA/2019-Zohar-ic/partial/int_check_bvult_bvlshr0_ltr_no_inv.smt2,SMTInterpol,True,2.0318774899933487,2.0318774899933487
UFNIA/2019-Preiner/partial/f2_rw186.smt2,SMTInterpol,True,1.066556755977217,1.066556755977217
UFNIA/2019-Preiner/combined/t3_rw1289.smt2,cvc5,False,1200,2400
UFNIA/2019-Preiner/combined/t3_rw230.smt2,cvc5,False,1200,2400
UFNIA/2019-Preiner/combined/f2_rw242.smt2,cvc5,True,0.3997616700362414,0.3997616700362414
UFNIA/sledgehammer/TwoSquares/z3.812698.smt2,SMTInterpol,False,1200,2400
UFNIA/2019-Zohar-ic/combined/int_check_bvslt_bvudiv1_rtl.smt2,cvc5,True,6.081216876162216,6.081216876162216
UFNIA/sledgehammer/Fundamental_Theorem_Algebra/z3.1447759.smt2,cvc5,True,0.26441456004977226,0.26441456004977226
UFNIA/2019-Preiner/qf/t3_rw90.smt2,SMTInterpol,True,0.45466625300468877,0.45466625300468877
UFNIA/2019-Preiner/combined/t3_rw579.smt2,cvc5,False,1200,2400
UFNIA/2019-Preiner/qf/t3_rw701.smt2,SMTInterpol,True,0.49722009495599195,0.49722009495599195
UFNIA/2019-Preiner/combined/f2_rw159.smt2,cvc5,True,0.24992051091976464,0.24992051091976464
UFNIA/2019-Preiner/full/t3_rw470.smt2,cvc5,False,1200,2400
UFNIA/2019-Zohar-ic/full/int_check_bvuge_bvurem1_ltr_no_inv.smt2,cvc5,False,1200,2400
UFNIA/vcc-havoc/havoc-bench_021.1.main.smt2,cvc5,True,0.31300403783097863,0.31300403783097863
UFNIA/2019-Preiner/partial/t3_rw1282.smt2,SMTInterpol,True,3.9124277050141245,3.9124277050141245
UFNIA/2019-Preiner/full/f2_rw162.smt2,cvc5,True,0.3573359530419111,0.3573359530419111
UFNIA/2019-Preiner/qf/t3_rw309.smt2,SMTInterpol,True,0.45984689600300044,0.45984689600300044
UFNIA/2019-Preiner/combined/f2_rw132.smt2,cvc5,True,0.3681569250766188,0.3681569250766188
UFNIA/2019-Preiner/full/t3_rw360.smt2,SMTInterpol,False,1200,2400
UFNIA/2019-Preiner/qf/t3_rw1330.smt2,SMTInterpol,True,0.4818603529711254,0.4818603529711254
UFNIA/2019-Preiner/partial/t3_rw1480.smt2,SMTInterpol,True,2.5273085570079274,2.5273085570079274
UFNIA/2019-Preiner/full/t3_rw335.smt2,cvc5,False,1200,2400
UFNIA/20190909-CLEARSY/0016/00385.smt2,cvc5,True,520.462547307834,520.462547307834
UFNIA/2019-Zohar-alive/combined/combined_AddSub:1202_values_0.smt2,cvc5,False,1200,2400
UFNIA/vcc-havoc/verisoft-baby.c.1.45.handle_reset.smt2,iProver,True,5.860742341959849,5.860742341959849
UFNIA/2019-Preiner/partial/t3_rw719.smt2,SMTInterpol,True,0.9415518899913877,0.9415518899913877
UFNIA/2019-Preiner/combined/t3_rw1366.smt2,cvc5,False,1200,2400
UFNIA/lahiri-cav09-storm-queries/mqueue_example_2_3_8_4.smt2,cvc5,True,10.382460181135684,10.382460181135684
UFNIA/2019-Preiner/full/t3_rw1067.smt2,SMTInterpol,True,2.269017572980374,2.269017572980374
UFNIA/2019-Preiner/qf/t3_rw1537.smt2,SMTInterpol,True,0.4730856210226193,0.4730856210226193
UFNIA/sledgehammer/Fundamental_Theorem_Algebra/z3.1430409.smt2,cvc5,False,1200,2400
UFNIA/2019-Preiner/qf/t3_rw1106.smt2,SMTInterpol,True,0.4914246140397154,0.4914246140397154
UFNIA/2019-Preiner/qf/t3_rw1558.smt2,SMTInterpol,True,0.5040494599961676,0.5040494599961676
UFNIA/sledgehammer/Fundamental_Theorem_Algebra/z3.1384657.smt2,cvc5,False,1200,2400
UFNIA/2019-Zohar-ic/partial/int_check_bvsge_bvudiv0_rtl.smt2,SMTInterpol,True,2.3160171259660274,2.3160171259660274
UFNIA/sledgehammer/QEpres/z3.1030089.smt2,cvc5,False,1200,2400
UFNIA/2019-Preiner/combined/t3_rw341.smt2,cvc5,True,0.7220769010018557,0.7220769010018557
UFNIA/2019-Preiner/full/t3_rw664.smt2,cvc5,False,1200,2400
UFNIA/2019-Zohar-ic/combined/int_check_bvuge_bvshl0_rtl.smt2,cvc5,False,1200,2400
UFNIA/2019-Preiner/qf/f2_rw385.smt2,SMTInterpol,True,0.4734017979935743,0.4734017979935743
UFNIA/lahiri-cav09-storm-queries/daytona_example_2_3_4_0.smt2,cvc5,True,27.74278893182054,27.74278893182054
UFNIA/2019-Preiner/qf/t3_rw143.smt2,SMTInterpol,True,0.449573029007297,0.449573029007297
UFNIA/2019-Preiner/partial/t3_rw1486.smt2,SMTInterpol,True,8.832527586026117,8.832527586026117
UFNIA/2019-Preiner/partial/t3_rw852.smt2,SMTInterpol,True,3.828018593019806,3.828018593019806
UFNIA/2019-Zohar-ic/combined/int_check_bvslt_bvmul_rtl.smt2,cvc5,False,1200,2400
UFNIA/2019-Zohar-ic/combined/int_check_bvsge_bvashr0_ltr_inv_g.smt2,cvc5,True,30.45681393495761,30.45681393495761
UFNIA/2019-Preiner/partial/t3_rw1539.smt2,SMTInterpol,True,2.1483651820453815,2.1483651820453815
UFNIA/2019-Preiner/combined/t3_rw670.smt2,cvc5,False,1200,2400
UFNIA/2019-Preiner/partial/t3_rw563.smt2,SMTInterpol,True,5.22051879594801,5.22051879594801
UFNIA/2019-Preiner/combined/t3_rw700.smt2,cvc5,True,32.387123013846576,32.387123013846576
UFNIA/2019-Preiner/combined/t3_rw211.smt2,cvc5,True,0.3500311600510031,0.3500311600510031
UFNIA/lahiri-cav09-storm-queries/daytona_example_cegar_2_3_2.smt2,cvc5,False,1200,2400
UFNIA/2019-Zohar-ic/qf/int_check_bvsle_bvashr0_ltr_no_inv.smt2,SMTInterpol,True,0.7425050149904564,0.7425050149904564
UFNIA/2019-Preiner/qf/f2_rw269.smt2,SMTInterpol,True,0.4566209599724971,0.4566209599724971
UFNIA/2019-Preiner/qf/t3_rw1014.smt2,SMTInterpol,True,0.46954850701149553,0.46954850701149553
UFNIA/2019-Preiner/qf/t3_rw153.smt2,SMTInterpol,True,0.4689227059716359,0.4689227059716359
UFNIA/2019-Preiner/qf/t3_rw888.smt2,SMTInterpol,True,0.4533470330061391,0.4533470330061391
UFNIA/2019-Preiner/qf/t3_rw1532.smt2,SMTInterpol,True,0.4882662699674256,0.4882662699674256
UFNIA/2019-Preiner/full/t3_rw1384.smt2,SMTInterpol,False,1200,2400
UFNIA/2019-Preiner/full/t3_rw1060.smt2,SMTInterpol,True,65.21801955602132,65.21801955602132
UFNIA/2019-Preiner/qf/t3_rw1268.smt2,SMTInterpol,True,0.4934170249616727,0.4934170249616727
UFNIA/2019-Preiner/partial/t3_rw573.smt2,SMTInterpol,True,4.094104814983439,4.094104814983439
UFNIA/sledgehammer/TwoSquares/z3.769073.smt2,cvc5,False,1200,2400
UFNIA/2019-Preiner/partial/t3_rw95.smt2,SMTInterpol,True,3.6450649009784684,3.6450649009784684
UFNIA/2019-Preiner/combined/t3_rw1452.smt2,cvc5,False,1200,2400
UFNIA/2019-Zohar-ic/full/int_check_bvslt_bvashr0_ltr_inv_g.smt2,cvc5,True,0.24080314789898694,0.24080314789898694
UFNIA/2019-Zohar-ic/combined/int_check_bvugt_bvmul_rtl.smt2,cvc5,False,1200,2400
UFNIA/sledgehammer/FFT/z3.978881.smt2,cvc5,False,1200,2400
UFNIA/2019-Zohar-ic/full/int_check_eq_bvshl1_ltr_no_inv.smt2,cvc5,False,1200,2400
UFNIA/2019-Preiner/full/t3_rw726.smt2,SMTInterpol,True,0.6518888580030762,0.6518888580030762
UFNIA/2019-Zohar-ic/combined/int_check_bvule_bvor_ltr_inv_g.smt2,cvc5,True,0.2419887848664075,0.2419887848664075
UFNIA/2019-Preiner/qf/f2_rw417.smt2,SMTInterpol,True,0.47521386604057625,0.47521386604057625
UFNIA/2019-Preiner/combined/t3_rw972.smt2,cvc5,True,1.3608377110213041,1.3608377110213041
UFNIA/sledgehammer/Fundamental_Theorem_Algebra/z3.666186.smt2,cvc5,True,0.6472773221321404,0.6472773221321404
UFNIA/sledgehammer/TwoSquares/z3.739917.smt2,cvc5,False,1200,2400
UFNIA/sledgehammer/FFT/z3.963922.smt2,cvc5,False,1200,2400
UFNIA/sledgehammer/FFT/z3.1025921.smt2,cvc5,False,1200,2400
UFNIA/2019-Preiner/partial/t3_rw1108.smt2,SMTInterpol,True,7.142921546008438,7.142921546008438
UFNIA/2019-Preiner/full/f2_rw327.smt2,cvc5,True,0.2249281711410731,0.2249281711410731
UFNIA/2019-Zohar-ic/full/int_check_bvult_bvurem0_ltr_no_inv.smt2,cvc5,True,0.2763849359471351,0.2763849359471351
UFNIA/2019-Preiner/partial/t3_rw307.smt2,SMTInterpol,True,7.193440015951637,7.193440015951637
UFNIA/2019-Zohar-ic/full/int_check_ne_bvudiv0_rtl.smt2,cvc5,True,0.22293380019254982,0.22293380019254982
UFNIA/2019-Preiner/combined/t3_rw1158.smt2,cvc5,True,0.7624125180300325,0.7624125180300325
UFNIA/2019-Preiner/combined/f2_rw224.smt2,cvc5,True,30.636304588988423,30.636304588988423
UFNIA/sledgehammer/Fundamental_Theorem_Algebra/z3.1277262.smt2,cvc5,False,1200,2400
UFNIA/2019-Preiner/qf/t3_rw55.smt2,SMTInterpol,True,0.48592182697029784,0.48592182697029784
UFNIA/sledgehammer/QEpres/z3.945730.smt2,cvc5,False,1200,2400
UFNIA/sledgehammer/QEpres/z3.832377.smt2,cvc5,False,1200,2400
UFNIA/2019-Preiner/full/t3_rw601.smt2,cvc5,False,1200,2400
UFNIA/sledgehammer/TwoSquares/z3.847233.smt2,cvc5,True,0.598958901129663,0.598958901129663
UFNIA/2019-Preiner/combined/t3_rw269.smt2,cvc5,True,0.5540260621346533,0.5540260621346533
UFNIA/2019-Preiner/combined/t3_rw1018.smt2,cvc5,False,1200,2400
UFNIA/2019-Preiner/partial/f2_rw74.smt2,SMTInterpol,True,3.8978559529641643,3.8978559529641643
UFNIA/2019-Preiner/partial/t3_rw1121.smt2,SMTInterpol,True,4.10477317601908,4.10477317601908
UFNIA/2019-Preiner/full/t3_rw485.smt2,SMTInterpol,False,1200,2400
UFNIA/2019-Preiner/full/t3_rw1038.smt2,SMTInterpol,False,1200,2400
UFNIA/sledgehammer/Fundamental_Theorem_Algebra/z3.770320.smt2,cvc5,False,1200,2400
UFNIA/2019-Preiner/qf/t3_rw155.smt2,SMTInterpol,True,0.48499645199626684,0.48499645199626684
UFNIA/vcc-havoc/verisoft-baby.c.1.57.hv_dispatch.smt2,iProver,True,9.4809177829884,9.4809177829884
UFNIA/2019-Preiner/qf/t3_rw883.smt2,SMTInterpol,True,0.44966325000859797,0.44966325000859797
UFNIA/2019-Preiner/partial/t3_rw296.smt2,SMTInterpol,True,3.738065814017318,3.738065814017318
UFNIA/vcc-havoc/verisoft-sim.c.2.32.untranslated_write_sim.smt2,iProver,True,5.397047701058909,5.397047701058909
UFNIA/lahiri-cav09-storm-queries/mqueue_example_5_3.smt2,cvc5,False,1200,2400
UFNIA/2019-Zohar-alive/partial/partial_AndOrXor:2243_values_0.smt2,SMTInterpol,True,16.321235630020965,16.321235630020965
UFNIA/2019-Preiner/full/t3_rw814.smt2,cvc5,False,1200,2400
UFNIA/2019-Preiner/partial/f2_rw342.smt2,SMTInterpol,True,1.061093811003957,1.061093811003957
UFNIA/sledgehammer/TwoSquares/z3.890506.smt2,cvc5,True,0.27876140200532973,0.27876140200532973
UFNIA/2019-Zohar-alive/combined/combined_AndOrXor:1979_values_0.smt2,cvc5,False,1200,2400
UFNIA/vcc-havoc/rect_ptr.c.3.move.smt2,iProver,True,3.896225346950814,3.896225346950814
UFNIA/2019-Zohar-ic/partial/int_check_bvuge_bvlshr1_ltr_inv_g.smt2,SMTInterpol,True,1.215669628989417,1.215669628989417
UFNIA/2019-Preiner/full/t3_rw565.smt2,cvc5,False,1200,2400
UFNIA/2019-Preiner/qf/t3_rw1360.smt2,SMTInterpol,True,0.4604247900424525,0.4604247900424525
UFNIA/2019-Preiner/combined/f2_rw28.smt2,cvc5,True,0.2742981507908553,0.2742981507908553
UFNIA/spec_sharp/test14-DafnyAst.ssc.40.Microsoft.Dafny.ObjectTypeProxy.get_OrderID.smt2,cvc5,True,0.27416626387275755,0.27416626387275755
UFNIA/2019-Preiner/qf/f2_rw123.smt2,SMTInterpol,True,0.44904759200289845,0.44904759200289845
UFNIA/2019-Preiner/qf/t3_rw1225.smt2,SMTInterpol,True,0.519231834972743,0.519231834972743
UFNIA/2019-Preiner/partial/t3_rw858.smt2,SMTInterpol,True,3.531681887980085,3.531681887980085
UFNIA/2019-Preiner/combined/t3_rw934.smt2,cvc5,True,0.3146400230471045,0.3146400230471045
UFNIA/2019-Preiner/qf/f2_rw255.smt2,SMTInterpol,True,0.46361179201630875,0.46361179201630875
UFNIA/2019-Preiner/combined/t3_rw1561.smt2,cvc5,False,1200,2400
UFNIA/2019-Preiner/partial/f2_rw28.smt2,SMTInterpol,True,3.4093219399801455,3.4093219399801455
UFNIA/2019-Preiner/partial/t3_rw253.smt2,SMTInterpol,True,2.908320538001135,2.908320538001135
UFNIA/2019-Preiner/qf/f2_rw277.smt2,SMTInterpol,True,0.466658310033381,0.466658310033381
UFNIA/2019-Preiner/combined/t3_rw639.smt2,cvc5,True,4.500354742165655,4.500354742165655
UFNIA/2019-Preiner/combined/t3_rw1359.smt2,cvc5,False,1200,2400
UFNIA/2019-Preiner/full/t3_rw1402.smt2,SMTInterpol,True,2.6757142320275307,2.6757142320275307
UFNIA/2019-Preiner/full/t3_rw541.smt2,cvc5,False,1200,2400
UFNIA/spec_sharp/test14-Microsoft.Boogie.FlowedValue.Type.50.Microsoft.Boogie.FlowedValue.Type.System.Object.Object.ToString.smt2,cvc5,True,5.636550854891539,5.636550854891539
UFNIA/2019-Preiner/full/t3_rw1042.smt2,SMTInterpol,False,1200,2400
UFNIA/2019-Preiner/qf/t3_rw793.smt2,SMTInterpol,True,0.45513555401703343,0.45513555401703343
UFNIA/2019-Preiner/partial/t3_rw704.smt2,SMTInterpol,True,4.127038938982878,4.127038938982878
UFNIA/2019-Preiner/qf/f2_rw324.smt2,SMTInterpol,True,0.43993663002038375,0.43993663002038375
UFNIA/2019-Preiner/combined/t3_rw767.smt2,cvc5,False,1200,2400
UFNIA/2019-Preiner/partial/t3_rw111.smt2,SMTInterpol,True,3.0875432129832916,3.0875432129832916
UFNIA/2019-Zohar-ic/combined/int_check_bvsge_bvor_ltr_no_inv.smt2,cvc5,True,461.46613762900233,461.46613762900233
UFNIA/2019-Zohar-alive/full/full_AndOrXor:1833_values_0.smt2,SMTInterpol,True,0.6087958990246989,0.6087958990246989
UFNIA/2019-Preiner/combined/f2_rw396.smt2,cvc5,True,0.23165575391612947,0.23165575391612947
UFNIA/sledgehammer/TwoSquares/z3.736097.smt2,cvc5,True,95.9362297358457,95.9362297358457
UFNIA/2019-Preiner/qf/t3_rw876.smt2,SMTInterpol,True,0.48088006500620395,0.48088006500620395
UFNIA/2019-Preiner/full/f2_rw378.smt2,cvc5,False,1200,2400
UFNIA/sledgehammer/TwoSquares/z3.787230.smt2,cvc5,True,30.26281417394057,30.26281417394057
UFNIA/sledgehammer/TwoSquares/z3.844240.smt2,cvc5,True,0.6345428279601038,0.6345428279601038
UFNIA/2019-Preiner/combined/t3_rw584.smt2,cvc5,True,0.50754235801287,0.50754235801287
UFNIA/sledgehammer/Fundamental_Theorem_Algebra/z3.1073984.smt2,cvc5,False,1200,2400
UFNIA/sledgehammer/Fundamental_Theorem_Algebra/z3.751471.smt2,cvc5,False,1200,2400
UFNIA/2019-Preiner/qf/t3_rw594.smt2,SMTInterpol,True,0.49436179199256003,0.49436179199256003
UFNIA/2019-Preiner/qf/t3_rw525.smt2,SMTInterpol,True,0.48661153396824375,0.48661153396824375
UFNIA/2019-Preiner/qf/t3_rw604.smt2,SMTInterpol,True,0.44985442102188244,0.44985442102188244
UFNIA/spec_sharp/test14-DafnyAst.ssc.51.Microsoft.Dafny.Declaration..ctor_Microsoft.Dafny.Token_notnull_System.String_notnull_Microsoft.Dafn.smt2,cvc5,True,1155.403893174138,1155.403893174138
UFNIA/2019-Preiner/partial/t3_rw391.smt2,SMTInterpol,True,7.7221592090209015,7.7221592090209015
UFNIA/sledgehammer/QEpres/z3.907525.smt2,cvc5,False,1200,2400
UFNIA/vcc-havoc/verisoft-baby.c.81.handle_illegal.smt2,iProver,True,5.388388692867011,5.388388692867011
UFNIA/2019-Preiner/full/t3_rw460.smt2,cvc5,False,1200,2400
UFNIA/2019-Preiner/full/t3_rw1346.smt2,SMTInterpol,False,1200,2400
UFNIA/2019-Zohar-ic/partial/int_check_bvugt_bvlshr1_ltr_inv_g.smt2,SMTInterpol,True,1.3527703440049663,1.3527703440049663
UFNIA/2019-Preiner/full/t3_rw182.smt2,cvc5,False,1200,2400
UFNIA/spec_sharp/specsharp-WindowsCard.20.RTE.OpLDAC_System.Int32.smt2,cvc5,True,17.601628977106884,17.601628977106884
UFNIA/2019-Preiner/partial/f2_rw378.smt2,SMTInterpol,True,1.1753945680102333,1.1753945680102333
UFNIA/2019-Preiner/combined/t3_rw260.smt2,cvc5,True,0.2701306010130793,0.2701306010130793
UFNIA/2019-Preiner/full/t3_rw1205.smt2,SMTInterpol,False,1200,2400
UFNIA/2019-Preiner/full/t3_rw577.smt2,SMTInterpol,False,1200,2400
UFNIA/2019-Zohar-ic/combined/int_check_bvsle_bvurem1_ltr_inv_r.smt2,cvc5,True,1.4042705709580332,1.4042705709580332
UFNIA/2019-Preiner/partial/f2_rw253.smt2,SMTInterpol,True,1.2830475669470616,1.2830475669470616
UFNIA/2019-Zohar-alive/full/full_AndOrXor:757_values_0.smt2,SMTInterpol,True,6.28368855494773,6.28368855494773
UFNIA/2019-Preiner/qf/t3_rw478.smt2,SMTInterpol,True,0.45191816601436585,0.45191816601436585
UFNIA/2019-Preiner/combined/t3_rw1041.smt2,cvc5,True,0.4551710160449147,0.4551710160449147
UFNIA/2019-Preiner/full/t3_rw770.smt2,SMTInterpol,True,21.38812620996032,21.38812620996032
UFNIA/2019-Preiner/qf/t3_rw508.smt2,SMTInterpol,True,0.46955133095616475,0.46955133095616475
UFNIA/2019-Preiner/partial/t3_rw1467.smt2,SMTInterpol,True,6.7716527610318735,6.7716527610318735
UFNIA/2019-Preiner/full/t3_rw435.smt2,SMTInterpol,False,1200,2400
UFNIA/2019-Preiner/full/t3_rw1561.smt2,SMTInterpol,False,1200,2400
UFNIA/2019-Preiner/full/f2_rw294.smt2,cvc5,True,0.36447492497973144,0.36447492497973144
UFNIA/2019-Preiner/combined/f2_rw192.smt2,cvc5,True,31.06006129202433,31.06006129202433
UFNIA/2019-Preiner/full/t3_rw1182.smt2,cvc5,False,1200,2400
UFNIA/2019-Preiner/qf/t3_rw1454.smt2,SMTInterpol,True,0.4573520849808119,0.4573520849808119
UFNIA/2019-Preiner/partial/f2_rw262.smt2,SMTInterpol,True,1.0123782780137844,1.0123782780137844
UFNIA/2019-Preiner/full/t3_rw789.smt2,SMTInterpol,False,1200,2400
UFNIA/2019-Preiner/combined/f2_rw33.smt2,cvc5,True,0.9939903889317065,0.9939903889317065
UFNIA/2019-Zohar-alive/partial/partial_AndOrXor:794_values_121.smt2,SMTInterpol,True,0.6932664539781399,0.6932664539781399
UFNIA/2019-Preiner/full/f2_rw20.smt2,cvc5,True,0.306448956951499,0.306448956951499
UFNIA/2019-Preiner/partial/f2_rw320.smt2,SMTInterpol,True,2.548124938039109,2.548124938039109
UFNIA/lahiri-cav09-storm-queries/mqueue_example_3_2.smt2,cvc5,False,1200,2400
UFNIA/2019-Preiner/full/t3_rw556.smt2,cvc5,False,1200,2400
UFNIA/2019-Preiner/partial/t3_rw80.smt2,SMTInterpol,True,15.19379646499874,15.19379646499874
UFNIA/2019-Preiner/partial/t3_rw1118.smt2,SMTInterpol,True,4.751666646974627,4.751666646974627
UFNIA/sledgehammer/TwoSquares/z3.592073.smt2,cvc5,True,0.3107901499606669,0.3107901499606669
UFNIA/2019-Zohar-ic/partial/int_check_bvsge_bvurem0_rtl.smt2,SMTInterpol,True,2.110465125995688,2.110465125995688
UFNIA/2019-Preiner/partial/t3_rw314.smt2,SMTInterpol,True,15.129109775007237,15.129109775007237
UFNIA/20190909-CLEARSY/0023/00216.smt2,cvc5,True,511.53709921985865,511.53709921985865
UFNIA/2019-Preiner/qf/t3_rw1461.smt2,SMTInterpol,True,0.43501670099794865,0.43501670099794865
UFNIA/2019-Preiner/full/t3_rw365.smt2,cvc5,False,1200,2400
UFNIA/2019-Preiner/full/f2_rw135.smt2,cvc5,True,0.2361762970685959,0.2361762970685959
UFNIA/2019-Preiner/partial/t3_rw1440.smt2,SMTInterpol,True,6.0525708759669214,6.0525708759669214
UFNIA/sledgehammer/Fundamental_Theorem_Algebra/z3.1260931.smt2,cvc5,True,0.2998039531521499,0.2998039531521499
UFNIA/2019-Preiner/combined/f2_rw301.smt2,cvc5,True,0.28139662090688944,0.28139662090688944
UFNIA/2019-Preiner/qf/t3_rw1328.smt2,SMTInterpol,True,0.4912547859712504,0.4912547859712504
UFNIA/2019-Preiner/combined/t3_rw1100.smt2,cvc5,False,1200,2400
UFNIA/2019-Preiner/partial/f2_rw277.smt2,SMTInterpol,True,3.1740686210105196,3.1740686210105196
UFNIA/sledgehammer/QEpres/z3.753265.smt2,cvc5,False,1200,2400
UFNIA/2019-Preiner/full/t3_rw725.smt2,SMTInterpol,True,0.6366254480089992,0.6366254480089992
UFNIA/2019-Preiner/combined/t3_rw924.smt2,cvc5,True,0.6301884369459003,0.6301884369459003
UFNIA/2019-Zohar-ic/full/int_check_bvugt_bvadd_rtl.smt2,cvc5,True,0.22981328191235662,0.22981328191235662
UFNIA/2019-Zohar-ic/combined/int_check_bvult_bvurem1_rtl.smt2,cvc5,True,0.23527452000416815,0.23527452000416815
UFNIA/2019-Preiner/partial/t3_rw552.smt2,SMTInterpol,True,3.174822620989289,3.174822620989289
UFNIA/2019-Preiner/full/t3_rw158.smt2,cvc5,False,1200,2400
UFNIA/2019-Zohar-ic/partial/int_check_bvsle_bvor_rtl.smt2,SMTInterpol,True,4.1156013529980555,4.1156013529980555
UFNIA/2019-Preiner/qf/f2_rw132.smt2,SMTInterpol,True,0.4549554490367882,0.4549554490367882
UFNIA/2019-Preiner/combined/t3_rw1298.smt2,cvc5,False,1200,2400
UFNIA/lahiri-cav09-storm-queries/daytona_example_cegar_2_3_4.smt2,cvc5,True,742.5576380570419,742.5576380570419
UFNIA/vcc-havoc/verisoft-sim.c.1.4.untranslated_read_sim.smt2,iProver,True,5.882847269997001,5.882847269997001
UFNIA/sledgehammer/QEpres/z3.1197283.smt2,cvc5,False,1200,2400
UFNIA/sledgehammer/QEpres/z3.811119.smt2,cvc5,True,0.358937504934147,0.358937504934147
UFNIA/2019-Zohar-ic/full/int_check_bvsge_bvlshr1_ltr_no_inv.smt2,cvc5,True,30.414477923186496,30.414477923186496
UFNIA/sledgehammer/Fundamental_Theorem_Algebra/z3.855293.smt2,cvc5,True,0.2376786470413208,0.2376786470413208
UFNIA/2019-Preiner/partial/t3_rw1265.smt2,SMTInterpol,True,2.4414355760090984,2.4414355760090984
UFNIA/2019-Preiner/qf/t3_rw509.smt2,SMTInterpol,True,0.5300201450008899,0.5300201450008899
UFNIA/sledgehammer/Fundamental_Theorem_Algebra/z3.626248.smt2,cvc5,False,1200,2400
UFNIA/2019-Preiner/partial/t3_rw1471.smt2,SMTInterpol,True,5.083629370958079,5.083629370958079
UFNIA/2019-Preiner/combined/f2_rw281.smt2,cvc5,True,1.5331301600672305,1.5331301600672305
UFNIA/2019-Preiner/combined/t3_rw820.smt2,cvc5,True,423.4269403931685,423.4269403931685
UFNIA/2019-Preiner/full/t3_rw332.smt2,cvc5,True,0.24574535503052175,0.24574535503052175
UFNIA/2019-Preiner/combined/t3_rw734.smt2,cvc5,False,1200,2400
UFNIA/2019-Preiner/qf/t3_rw456.smt2,SMTInterpol,True,0.48734401096589863,0.48734401096589863
UFNIA/lahiri-cav09-storm-queries/serial_read_example_2_1_2_4.smt2,cvc5,True,1051.0774376899935,1051.0774376899935
UFNIA/2019-Preiner/qf/t3_rw269.smt2,SMTInterpol,True,0.4533592149964534,0.4533592149964534
UFNIA/2019-Zohar-ic/full/int_check_bvsgt_bvneg_ltr_inv_g.smt2,cvc5,True,0.7640838520601392,0.7640838520601392
UFNIA/2019-Preiner/combined/t3_rw662.smt2,cvc5,False,1200,2400
UFNIA/2019-Preiner/qf/t3_rw550.smt2,SMTInterpol,True,0.43360600096639246,0.43360600096639246
UFNIA/sledgehammer/QEpres/z3.934418.smt2,cvc5,False,1200,2400
UFNIA/2019-Preiner/partial/t3_rw593.smt2,SMTInterpol,True,12.053854576020967,12.053854576020967
UFNIA/2019-Zohar-ic/partial/int_check_bvuge_bvor_ltr_inv_g.smt2,SMTInterpol,True,1.3353352879639715,1.3353352879639715
UFNIA/2019-Preiner/qf/t3_rw1214.smt2,SMTInterpol,True,0.4605393869569525,0.4605393869569525
UFNIA/2019-Preiner/combined/t3_rw1357.smt2,cvc5,False,1200,2400
UFNIA/2019-Preiner/partial/t3_rw802.smt2,SMTInterpol,True,2.1485430260072462,2.1485430260072462
UFNIA/2019-Zohar-ic/combined/int_check_bvugt_bvurem1_ltr_no_inv.smt2,cvc5,True,0.23521629604510963,0.23521629604510963
UFNIA/sledgehammer/Fundamental_Theorem_Algebra/z3.1224376.smt2,cvc5,True,0.6400508950464427,0.6400508950464427
UFNIA/2019-Preiner/qf/t3_rw1257.smt2,SMTInterpol,True,0.45489933696808293,0.45489933696808293
UFNIA/2019-Preiner/qf/f2_rw271.smt2,SMTInterpol,True,0.5037105560186319,0.5037105560186319
UFNIA/2019-Preiner/qf/f2_rw354.smt2,SMTInterpol,True,0.5035136890364811,0.5035136890364811
UFNIA/lahiri-cav09-storm-queries/mqueue_example_2_1_8_0.smt2,cvc5,True,12.679167395923287,12.679167395923287
UFNIA/2019-Zohar-ic/partial/int_check_bvult_bvashr0_rtl.smt2,SMTInterpol,True,0.6337879299535416,0.6337879299535416
UFNIA/2019-Zohar-alive/combined/combined_AndOrXor:2647_values_0.smt2,cvc5,False,1200,2400
UFNIA/2019-Preiner/full/t3_rw592.smt2,SMTInterpol,False,1200,2400
UFNIA/2019-Preiner/combined/f2_rw37.smt2,cvc5,True,0.3966560768894851,0.3966560768894851
UFNIA/2019-Preiner/partial/t3_rw232.smt2,SMTInterpol,False,1200,2400
UFNIA/2019-Preiner/full/t3_rw438.smt2,cvc5,False,1200,2400
UFNIA/2019-Preiner/full/t3_rw292.smt2,cvc5,False,1200,2400
UFNIA/2019-Preiner/partial/t3_rw1173.smt2,SMTInterpol,True,7.397782239015214,7.397782239015214
UFNIA/2019-Preiner/full/t3_rw428.smt2,cvc5,False,1200,2400
UFNIA/2019-Preiner/partial/t3_rw1321.smt2,SMTInterpol,True,30.20082662795903,30.20082662795903
UFNIA/2019-Preiner/qf/t3_rw342.smt2,SMTInterpol,True,0.4462711450178176,0.4462711450178176
UFNIA/spec_sharp/specsharp-WindowsCard.32.RTE.MOpArith_System.Int32.smt2,cvc5,True,30.702512129209936,30.702512129209936
UFNIA/2019-Preiner/combined/f2_rw344.smt2,cvc5,True,0.9999484170693904,0.9999484170693904
UFNIA/2019-Preiner/combined/t3_rw876.smt2,cvc5,True,0.23325477098114789,0.23325477098114789
UFNIA/2019-Zohar-alive/partial/partial_AndOrXor:1900_values_0.smt2,SMTInterpol,True,0.6640829439857043,0.6640829439857043
UFNIA/2019-Preiner/qf/t3_rw620.smt2,SMTInterpol,True,0.4480693869991228,0.4480693869991228
UFNIA/2019-Preiner/full/t3_rw1068.smt2,SMTInterpol,True,2.422123309050221,2.422123309050221
UFNIA/2019-Zohar-alive/combined/combined_AndOrXor:298_values_0.smt2,cvc5,True,31.766634973930195,31.766634973930195
UFNIA/2019-Preiner/combined/t3_rw534.smt2,cvc5,True,0.7309050899930298,0.7309050899930298
UFNIA/2019-Preiner/qf/t3_rw485.smt2,SMTInterpol,True,0.4694785480387509,0.4694785480387509
UFNIA/sledgehammer/QEpres/z3.965705.smt2,cvc5,False,1200,2400
UFNIA/sledgehammer/TwoSquares/z3.705960.smt2,cvc5,True,6.739797515794635,6.739797515794635
UFNIA/2019-Zohar-ic/full/int_check_bvsge_bvshl0_rtl.smt2,cvc5,False,1200,2400
UFNIA/2019-Preiner/qf/t3_rw298.smt2,SMTInterpol,True,0.49524760904023424,0.49524760904023424
UFNIA/lahiri-cav09-storm-queries/usbsamp_bug_example_2_1_8_1.smt2,cvc5,True,1021.7186867101118,1021.7186867101118
UFNIA/2019-Preiner/full/t3_rw103.smt2,cvc5,True,0.24869917007163167,0.24869917007163167
UFNIA/2019-Preiner/qf/t3_rw365.smt2,SMTInterpol,True,0.44862784701399505,0.44862784701399505
UFNIA/2019-Preiner/full/t3_rw96.smt2,cvc5,True,0.23142954101786017,0.23142954101786017
UFNIA/2019-Preiner/qf/t3_rw92.smt2,SMTInterpol,True,0.4371440300019458,0.4371440300019458
UFNIA/2019-Preiner/qf/t3_rw306.smt2,SMTInterpol,True,0.4435666000354104,0.4435666000354104
UFNIA/2019-Zohar-alive/combined/combined_Select:727_values_0.smt2,cvc5,True,1.6303122790995985,1.6303122790995985
UFNIA/2019-Preiner/full/t3_rw1523.smt2,SMTInterpol,True,4.392113628971856,4.392113628971856
UFNIA/2019-Preiner/qf/t3_rw230.smt2,SMTInterpol,True,0.45147093798732385,0.45147093798732385
UFNIA/2019-Preiner/full/t3_rw1532.smt2,SMTInterpol,True,2.1402803230448626,2.1402803230448626
UFNIA/2019-Preiner/combined/t3_rw2.smt2,cvc5,True,0.4275018139742315,0.4275018139742315
UFNIA/sledgehammer/TwoSquares/z3.660360.smt2,cvc5,False,1200,2400
UFNIA/2019-Zohar-ic/partial/int_check_bvult_bvadd_ltr_no_inv.smt2,SMTInterpol,True,1.7773434149567038,1.7773434149567038
UFNIA/2019-Preiner/combined/t3_rw1164.smt2,cvc5,True,5.22093344386667,5.22093344386667
UFNIA/2019-Zohar-alive/partial/partial_AndOrXor:1827_values_0.smt2,SMTInterpol,True,0.6643939770292491,0.6643939770292491
UFNIA/sledgehammer/QEpres/z3.1222023.smt2,cvc5,False,1200,2400
UFNIA/2019-Preiner/combined/t3_rw1548.smt2,cvc5,False,1200,2400
UFNIA/sledgehammer/QEpres/z3.606351.smt2,cvc5,False,1200,2400
UFNIA/sledgehammer/QEpres/z3.614439.smt2,SMTInterpol,False,1200,2400
UFNIA/2019-Zohar-alive/full/full_Select:727_values_0.smt2,SMTInterpol,True,0.68712607602356,0.68712607602356
UFNIA/sledgehammer/Fundamental_Theorem_Algebra/z3.1507209.smt2,cvc5,True,3.907441730145365,3.907441730145365
UFNIA/sledgehammer/TwoSquares/z3.737232.smt2,SMTInterpol,False,1200,2400
UFNIA/2019-Preiner/partial/t3_rw221.smt2,SMTInterpol,True,6.234918639995158,6.234918639995158
UFNIA/2019-Preiner/qf/t3_rw1392.smt2,SMTInterpol,True,0.4650621190085076,0.4650621190085076
UFNIA/2019-Preiner/full/t3_rw532.smt2,cvc5,False,1200,2400
UFNIA/2019-Preiner/combined/f2_rw387.smt2,cvc5,True,0.7007157341577113,0.7007157341577113
UFNIA/2019-Preiner/partial/t3_rw583.smt2,SMTInterpol,True,4.532761641021352,4.532761641021352
UFNIA/2019-Preiner/full/t3_rw1503.smt2,SMTInterpol,False,1200,2400
UFNIA/vcc-havoc/verisoft-memvirt.c.6.phys_rot1_write_sim.smt2,iProver,True,3.3611337228212506,3.3611337228212506
UFNIA/2019-Preiner/partial/t3_rw1224.smt2,SMTInterpol,True,39.418610560009256,39.418610560009256
UFNIA/spec_sharp/test14-DafnyAst.ssc.14.Microsoft.Dafny.IntType.ToString.smt2,cvc5,True,4.171400883933529,4.171400883933529
UFNIA/2019-Preiner/qf/t3_rw767.smt2,SMTInterpol,True,0.4527160309953615,0.4527160309953615
UFNIA/sledgehammer/QEpres/z3.594887.smt2,cvc5,False,1200,2400
UFNIA/2019-Preiner/partial/t3_rw951.smt2,SMTInterpol,True,4.276757330982946,4.276757330982946
UFNIA/2019-Preiner/partial/t3_rw230.smt2,SMTInterpol,True,15.832937506958842,15.832937506958842
UFNIA/sledgehammer/Fundamental_Theorem_Algebra/z3.806168.smt2,cvc5,False,1200,2400
UFNIA/sledgehammer/Fundamental_Theorem_Algebra/z3.790567.smt2,cvc5,False,1200,2400
UFNIA/sledgehammer/Fundamental_Theorem_Algebra/z3.1065229.smt2,cvc5,False,1200,2400
UFNIA/2019-Preiner/combined/t3_rw410.smt2,cvc5,True,2.5036282821092755,2.5036282821092755
UFNIA/2019-Preiner/combined/t3_rw441.smt2,cvc5,False,1200,2400
UFNIA/2019-Preiner/combined/f2_rw131.smt2,cvc5,True,0.37040577293373644,0.37040577293373644
UFNIA/2019-Zohar-alive/full/full_AndOrXor:1012_values_0.smt2,SMTInterpol,False,1200,2400
UFNIA/2019-Preiner/qf/f2_rw171.smt2,SMTInterpol,True,0.45993200899101794,0.45993200899101794
UFNIA/sledgehammer/Fundamental_Theorem_Algebra/z3.634614.smt2,cvc5,True,0.34939490305259824,0.34939490305259824
UFNIA/2019-Preiner/combined/t3_rw193.smt2,cvc5,False,1200,2400
UFNIA/2019-Zohar-ic/full/int_check_bvule_bvmul_rtl.smt2,SMTInterpol,True,0.4723672560066916,0.4723672560066916
UFNIA/2019-Zohar-ic/partial/int_check_bvslt_bvashr1_rtl.smt2,SMTInterpol,True,2.233139234012924,2.233139234012924
UFNIA/2019-Preiner/qf/t3_rw633.smt2,SMTInterpol,True,0.46442226704675704,0.46442226704675704
UFNIA/2019-Preiner/qf/t3_rw322.smt2,SMTInterpol,True,0.45335298602003604,0.45335298602003604
UFNIA/2019-Preiner/qf/t3_rw370.smt2,SMTInterpol,True,0.4867702400078997,0.4867702400078997
UFNIA/2019-Preiner/full/t3_rw1245.smt2,SMTInterpol,True,5.7198748490191065,5.7198748490191065
UFNIA/2019-Preiner/partial/t3_rw505.smt2,SMTInterpol,True,4.36957362096291,4.36957362096291
UFNIA/sledgehammer/QEpres/z3.1175996.smt2,cvc5,True,0.539710670011118,0.539710670011118
UFNIA/2019-Preiner/combined/t3_rw42.smt2,cvc5,True,0.5874601509422064,0.5874601509422064
UFNIA/2019-Zohar-alive/partial/partial_AndOrXor:1832_values_0.smt2,SMTInterpol,True,0.6368114490178414,0.6368114490178414
UFNIA/2019-Preiner/partial/t3_rw970.smt2,SMTInterpol,True,3.5147664499818347,3.5147664499818347
UFNIA/2019-Preiner/partial/t3_rw1065.smt2,SMTInterpol,True,6.052951039979234,6.052951039979234
UFNIA/2019-Zohar-ic/combined/int_check_ne_bvand_rtl.smt2,cvc5,True,0.23177132499404252,0.23177132499404252
UFNIA/2019-Preiner/partial/t3_rw805.smt2,SMTInterpol,True,5.848271435010247,5.848271435010247
UFNIA/2019-Preiner/combined/t3_rw1095.smt2,cvc5,False,1200,2400
UFNIA/2019-Preiner/partial/t3_rw379.smt2,SMTInterpol,True,7.057537971995771,7.057537971995771
UFNIA/2019-Preiner/partial/t3_rw909.smt2,SMTInterpol,True,2.9522467349888757,2.9522467349888757
UFNIA/2019-Preiner/full/t3_rw659.smt2,SMTInterpol,True,21.812098128022626,21.812098128022626
UFNIA/2019-Preiner/qf/t3_rw413.smt2,SMTInterpol,True,0.46791162295266986,0.46791162295266986
UFNIA/2019-Preiner/combined/t3_rw112.smt2,cvc5,True,0.28974709403701127,0.28974709403701127
UFNIA/2019-Preiner/qf/f2_rw104.smt2,SMTInterpol,True,0.4709602229995653,0.4709602229995653
UFNIA/spec_sharp/specsharp-BoundedStack.3.BoundedStack..ctor_System.Int32.smt2,cvc5,True,30.741543889045715,30.741543889045715
UFNIA/2019-Preiner/full/t3_rw286.smt2,cvc5,False,1200,2400
UFNIA/2019-Preiner/full/t3_rw376.smt2,cvc5,False,1200,2400
UFNIA/sledgehammer/FFT/z3.1013623.smt2,cvc5,False,1200,2400
UFNIA/2019-Zohar-ic/qf/int_check_ne_bvashr0_ltr_no_inv.smt2,SMTInterpol,True,0.6616884819814004,0.6616884819814004
UFNIA/2019-Zohar-ic/combined/int_check_bvsge_bvor_rtl.smt2,cvc5,False,1200,2400
UFNIA/sledgehammer/QEpres/z3.820242.smt2,cvc5,False,1200,2400
UFNIA/2019-Preiner/full/f2_rw399.smt2,cvc5,True,0.24887517001479864,0.24887517001479864
UFNIA/2019-Preiner/partial/f2_rw312.smt2,SMTInterpol,True,3.3199828000506386,3.3199828000506386
UFNIA/spec_sharp/specsharp-WindowsCard.25.RTE.OpConditionalJump_System.Int32_System.Int32.smt2,cvc5,True,3.644359981874004,3.644359981874004
UFNIA/2019-Preiner/combined/t3_rw929.smt2,cvc5,True,0.322248563868925,0.322248563868925
UFNIA/2019-Zohar-ic/qf/int_check_bvuge_bvneg_ltr_no_inv.smt2,SMTInterpol,True,0.5159586619702168,0.5159586619702168
UFNIA/2019-Preiner/qf/f2_rw194.smt2,SMTInterpol,True,0.4762733649695292,0.4762733649695292
UFNIA/2019-Preiner/full/t3_rw1208.smt2,SMTInterpol,True,2.194906531018205,2.194906531018205
UFNIA/2019-Preiner/partial/f2_rw182.smt2,SMTInterpol,True,2.4817066180403344,2.4817066180403344
UFNIA/2019-Preiner/combined/t3_rw323.smt2,cvc5,True,0.3365305990446359,0.3365305990446359
UFNIA/2019-Preiner/combined/t3_rw1066.smt2,cvc5,False,1200,2400
UFNIA/2019-Preiner/qf/t3_rw12.smt2,SMTInterpol,True,0.5097295509767719,0.5097295509767719
UFNIA/sledgehammer/QEpres/z3.1157041.smt2,cvc5,False,1200,2400
UFNIA/2019-Preiner/full/t3_rw995.smt2,cvc5,False,1200,2400
UFNIA/2019-Preiner/partial/t3_rw335.smt2,SMTInterpol,True,3.8291036899900064,3.8291036899900064
UFNIA/sledgehammer/TwoSquares/z3.707301.smt2,cvc5,True,480.4282053168863,480.4282053168863
UFNIA/sledgehammer/QEpres/z3.613968.smt2,cvc5,False,1200,2400
UFNIA/2019-Preiner/combined/t3_rw1450.smt2,cvc5,True,438.46147507382557,438.46147507382557
UFNIA/sledgehammer/QEpres/z3.584055.smt2,cvc5,False,1200,2400
UFNIA/2019-Preiner/combined/t3_rw1273.smt2,cvc5,False,1200,2400
UFNIA/2019-Preiner/combined/t3_rw917.smt2,cvc5,True,0.31160755292512476,0.31160755292512476
UFNIA/sledgehammer/FFT/z3.854390.smt2,cvc5,False,1200,2400
UFNIA/2019-Zohar-ic/qf/int_check_bvsgt_bvshl0_ltr_no_inv.smt2,SMTInterpol,True,0.5324197399895638,0.5324197399895638
UFNIA/2019-Preiner/qf/t3_rw88.smt2,SMTInterpol,True,0.47886037500575185,0.47886037500575185
UFNIA/sledgehammer/Fundamental_Theorem_Algebra/z3.586163.smt2,SMTInterpol,False,1200,2400
UFNIA/2019-Preiner/full/t3_rw885.smt2,cvc5,False,1200,2400
UFNIA/2019-Zohar-ic/partial/int_check_ne_bvashr1_ltr_inv_g.smt2,SMTInterpol,True,4.080115794960875,4.080115794960875
UFNIA/2019-Zohar-ic/combined/int_check_ne_bvnot_ltr_inv_g.smt2,cvc5,True,0.22889945097267628,0.22889945097267628
UFNIA/2019-Zohar-ic/combined/int_check_bvsle_bvashr0_ltr_no_inv.smt2,cvc5,True,531.4772665519267,531.4772665519267
UFNIA/2019-Zohar-ic/combined/int_check_bvult_bvashr1_rtl.smt2,cvc5,True,30.739345659967512,30.739345659967512
UFNIA/2019-Preiner/full/t3_rw1154.smt2,cvc5,False,1200,2400
UFNIA/2019-Preiner/qf/t3_rw237.smt2,SMTInterpol,True,0.5017225469928235,0.5017225469928235
UFNIA/2019-Preiner/full/t3_rw1086.smt2,SMTInterpol,True,2.370631145022344,2.370631145022344
UFNIA/2019-Preiner/full/t3_rw1437.smt2,SMTInterpol,True,2.3509582690312527,2.3509582690312527
UFNIA/2019-Preiner/full/f2_rw223.smt2,cvc5,True,0.33380205603316426,0.33380205603316426
UFNIA/2019-Zohar-ic/full/int_check_bvugt_bvor_rtl.smt2,cvc5,False,1200,2400
UFNIA/2019-Preiner/combined/f2_rw51.smt2,cvc5,True,0.5097460739780217,0.5097460739780217
UFNIA/lahiri-cav09-storm-queries/serial_read_example_2_1_8_3.smt2,cvc5,True,1022.4565632119775,1022.4565632119775
