Job ID: 53414562
Node: nc10443
Start time: Thu 11 Dec 2025 06:16:37 PM EST
[DEBUG] Loading test results from /home/jchen688/projects/def-vganesh/jchen688/github/z3alpha/JHC/AlgoSelect/DescriptionAgent/data/QF_LIA/train/qflia_train_long.csv
[DEBUG] Loaded results for 896 unique benchmarks
[DEBUG] Found 896 unique benchmark paths in CSV
[DEBUG] Found 896 benchmark files from CSV
[DEBUG] Selected 896 benchmarks for processing

================================================================================
FEATURE CONFIGURATION
================================================================================
Using original MachSMT feature space (full grammatical construct list)
Description features: DISABLED (prevents BERT model loading)
Feature extraction timeout: 60 seconds
Parallel cores: 16
Feature dimensions will be printed after processing first benchmark
================================================================================

[DEBUG] Training MachSMT model...
[DEBUG] Changed working directory to: /home/jchen688/scratch/non-incremental

Initializing description feature model ('bert-base-uncased')...
Using device: cpu
✅ Model loaded successfully. Embedding dimension: 768
Parsing Input File |████████████████████████████████████████| 4480/4480 [100%] in 2.6s (1702.74/s) 
Processing Benchmark Files |████████████████████████████████████████| 896/896 [100%] in 7:25.0 (2.01/s) 
[DEBUG] Changed back to: /lustre06/project/6001884/jchen688/github/z3alpha
[DEBUG] Model trained in 1092.88 seconds
[DEBUG] Configuration saved to: /home/jchen688/projects/def-vganesh/jchen688/github/z3alpha/JHC/AlgoSelect/DescriptionAgent/data/results/qf_lia_csv_based/run_20251211_181903_345681/config.json

[DEBUG] Starting predictions on test benchmarks...
[DEBUG] Processing 1/896: QF_LIA/nec-smt/large/getoption_user/prp-2-46.smt2

================================================================================
FEATURE SPACE DIMENSIONS
================================================================================
Total feature dimensions: 189
================================================================================

[DEBUG] Predicted solver: Yices2 for benchmark QF_LIA/nec-smt/large/getoption_user/prp-2-46.smt2
[DEBUG] Benchmark QF_LIA/nec-smt/large/getoption_user/prp-2-46.smt2: solved=True, runtime=1.72s, PAR-2=1.72s
[DEBUG] Processing 2/896: QF_LIA/nec-smt/large/getoption_group/prp-11-46.smt2
[DEBUG] Predicted solver: Yices2 for benchmark QF_LIA/nec-smt/large/getoption_group/prp-11-46.smt2
[DEBUG] Benchmark QF_LIA/nec-smt/large/getoption_group/prp-11-46.smt2: solved=True, runtime=0.36s, PAR-2=0.36s
[DEBUG] Processing 3/896: QF_LIA/rings_preprocessed/ring_2exp12_8vars_2ite_unsat.smt2
[DEBUG] Predicted solver: cvc5 for benchmark QF_LIA/rings_preprocessed/ring_2exp12_8vars_2ite_unsat.smt2
[DEBUG] Benchmark QF_LIA/rings_preprocessed/ring_2exp12_8vars_2ite_unsat.smt2: solved=True, runtime=0.25s, PAR-2=0.25s
[DEBUG] Processing 4/896: QF_LIA/20180326-Bromberger/more_slacked/CAV_2009_benchmarks/coef-size/smt/size-10/c10_problem__006.smt2.slack.smt2
[DEBUG] Predicted solver: Z3alpha for benchmark QF_LIA/20180326-Bromberger/more_slacked/CAV_2009_benchmarks/coef-size/smt/size-10/c10_problem__006.smt2.slack.smt2
[DEBUG] Benchmark QF_LIA/20180326-Bromberger/more_slacked/CAV_2009_benchmarks/coef-size/smt/size-10/c10_problem__006.smt2.slack.smt2: solved=True, runtime=0.27s, PAR-2=0.27s
[DEBUG] Processing 5/896: QF_LIA/20220307-SMPT/SharedMemory-PT-000200/RF-00.smt2
[DEBUG] Predicted solver: OpenSMT for benchmark QF_LIA/20220307-SMPT/SharedMemory-PT-000200/RF-00.smt2
[DEBUG] Benchmark QF_LIA/20220307-SMPT/SharedMemory-PT-000200/RF-00.smt2: solved=True, runtime=4.84s, PAR-2=4.84s
[DEBUG] Processing 6/896: QF_LIA/20210219-Dartagnan/ReachSafety-Loops/sum_array-1-O0.smt2
[DEBUG] Predicted solver: Z3alpha for benchmark QF_LIA/20210219-Dartagnan/ReachSafety-Loops/sum_array-1-O0.smt2
[DEBUG] Benchmark QF_LIA/20210219-Dartagnan/ReachSafety-Loops/sum_array-1-O0.smt2: solved=True, runtime=0.48s, PAR-2=0.48s
[DEBUG] Processing 7/896: QF_LIA/rings_preprocessed/ring_2exp8_6vars_1ite_unsat.smt2
[DEBUG] Predicted solver: cvc5 for benchmark QF_LIA/rings_preprocessed/ring_2exp8_6vars_1ite_unsat.smt2
[DEBUG] Benchmark QF_LIA/rings_preprocessed/ring_2exp8_6vars_1ite_unsat.smt2: solved=True, runtime=0.24s, PAR-2=0.24s
[DEBUG] Processing 8/896: QF_LIA/slacks/40-34.slack.smt2
[DEBUG] Predicted solver: Yices2 for benchmark QF_LIA/slacks/40-34.slack.smt2
[DEBUG] Benchmark QF_LIA/slacks/40-34.slack.smt2: solved=False, runtime=1200.00s, PAR-2=2400.00s
[DEBUG] Processing 9/896: QF_LIA/rings_preprocessed/ring_2exp12_8vars_5ite_unsat.smt2
[DEBUG] Predicted solver: cvc5 for benchmark QF_LIA/rings_preprocessed/ring_2exp12_8vars_5ite_unsat.smt2
[DEBUG] Benchmark QF_LIA/rings_preprocessed/ring_2exp12_8vars_5ite_unsat.smt2: solved=True, runtime=0.25s, PAR-2=0.25s
[DEBUG] Processing 10/896: QF_LIA/slacks/35-6.slack.smt2
[DEBUG] Predicted solver: Z3alpha for benchmark QF_LIA/slacks/35-6.slack.smt2
[DEBUG] Benchmark QF_LIA/slacks/35-6.slack.smt2: solved=True, runtime=0.31s, PAR-2=0.31s
[DEBUG] Processing 11/896: QF_LIA/nec-smt/large/getoption_user/prp-37-46.smt2
[DEBUG] Predicted solver: Yices2 for benchmark QF_LIA/nec-smt/large/getoption_user/prp-37-46.smt2
[DEBUG] Benchmark QF_LIA/nec-smt/large/getoption_user/prp-37-46.smt2: solved=True, runtime=0.24s, PAR-2=0.24s
[DEBUG] Processing 12/896: QF_LIA/nec-smt/large/getoption_user/prp-6-46.smt2
[DEBUG] Predicted solver: Yices2 for benchmark QF_LIA/nec-smt/large/getoption_user/prp-6-46.smt2
[DEBUG] Benchmark QF_LIA/nec-smt/large/getoption_user/prp-6-46.smt2: solved=True, runtime=1.41s, PAR-2=1.41s
[DEBUG] Processing 13/896: QF_LIA/nec-smt/large/getoption_group/prp-39-50.smt2
[DEBUG] Predicted solver: Yices2 for benchmark QF_LIA/nec-smt/large/getoption_group/prp-39-50.smt2
[DEBUG] Benchmark QF_LIA/nec-smt/large/getoption_group/prp-39-50.smt2: solved=True, runtime=0.60s, PAR-2=0.60s
[DEBUG] Processing 14/896: QF_LIA/nec-smt/large/getoption_group/prp-23-49.smt2
[DEBUG] Predicted solver: Yices2 for benchmark QF_LIA/nec-smt/large/getoption_group/prp-23-49.smt2
[DEBUG] Benchmark QF_LIA/nec-smt/large/getoption_group/prp-23-49.smt2: solved=True, runtime=0.49s, PAR-2=0.49s
[DEBUG] Processing 15/896: QF_LIA/nec-smt/large/checkpass_pwd/prp-54-45.smt2
[DEBUG] Predicted solver: Yices2 for benchmark QF_LIA/nec-smt/large/checkpass_pwd/prp-54-45.smt2
[DEBUG] Benchmark QF_LIA/nec-smt/large/checkpass_pwd/prp-54-45.smt2: solved=True, runtime=0.53s, PAR-2=0.53s
[DEBUG] Processing 16/896: QF_LIA/nec-smt/large/checkpass_pwd/prp-43-45.smt2
[DEBUG] Predicted solver: Yices2 for benchmark QF_LIA/nec-smt/large/checkpass_pwd/prp-43-45.smt2
[DEBUG] Benchmark QF_LIA/nec-smt/large/checkpass_pwd/prp-43-45.smt2: solved=True, runtime=1.83s, PAR-2=1.83s
[DEBUG] Processing 17/896: QF_LIA/20180326-Bromberger/unbd-sage/unbd025v30c/unbd-sage21.smt2
[DEBUG] Predicted solver: Z3alpha for benchmark QF_LIA/20180326-Bromberger/unbd-sage/unbd025v30c/unbd-sage21.smt2
[DEBUG] Benchmark QF_LIA/20180326-Bromberger/unbd-sage/unbd025v30c/unbd-sage21.smt2: solved=True, runtime=274.36s, PAR-2=274.36s
[DEBUG] Processing 18/896: QF_LIA/20180326-Bromberger/unbd-sage/unbd025v30c/unbd-sage8.smt2
[DEBUG] Predicted solver: Z3alpha for benchmark QF_LIA/20180326-Bromberger/unbd-sage/unbd025v30c/unbd-sage8.smt2
[DEBUG] Benchmark QF_LIA/20180326-Bromberger/unbd-sage/unbd025v30c/unbd-sage8.smt2: solved=True, runtime=0.50s, PAR-2=0.50s
[DEBUG] Processing 19/896: QF_LIA/slacks/45-18.slack.smt2
[DEBUG] Predicted solver: cvc5 for benchmark QF_LIA/slacks/45-18.slack.smt2
[DEBUG] Benchmark QF_LIA/slacks/45-18.slack.smt2: solved=True, runtime=0.43s, PAR-2=0.43s
[DEBUG] Processing 20/896: QF_LIA/nec-smt/large/getoption/prp-3-196.smt2
[DEBUG] Predicted solver: Yices2 for benchmark QF_LIA/nec-smt/large/getoption/prp-3-196.smt2
[DEBUG] Benchmark QF_LIA/nec-smt/large/getoption/prp-3-196.smt2: solved=True, runtime=1.47s, PAR-2=1.47s
[DEBUG] Processing 21/896: QF_LIA/convert/convert-jpg2gif-query-1425.smt2
[DEBUG] Predicted solver: OpenSMT for benchmark QF_LIA/convert/convert-jpg2gif-query-1425.smt2
[DEBUG] Benchmark QF_LIA/convert/convert-jpg2gif-query-1425.smt2: solved=True, runtime=0.67s, PAR-2=0.67s
[DEBUG] Processing 22/896: QF_LIA/slacks/45-32.slack.smt2
[DEBUG] Predicted solver: cvc5 for benchmark QF_LIA/slacks/45-32.slack.smt2
[DEBUG] Benchmark QF_LIA/slacks/45-32.slack.smt2: solved=False, runtime=1200.00s, PAR-2=2400.00s
[DEBUG] Processing 23/896: QF_LIA/20180326-Bromberger/unbd-sage/unbd050v55c/unbd-sage8.smt2
[DEBUG] Predicted solver: Z3alpha for benchmark QF_LIA/20180326-Bromberger/unbd-sage/unbd050v55c/unbd-sage8.smt2
[DEBUG] Benchmark QF_LIA/20180326-Bromberger/unbd-sage/unbd050v55c/unbd-sage8.smt2: solved=True, runtime=8.40s, PAR-2=8.40s
[DEBUG] Processing 24/896: QF_LIA/rings/ring_2exp14_9vars_8ite_unsat.smt2
[DEBUG] Predicted solver: Yices2 for benchmark QF_LIA/rings/ring_2exp14_9vars_8ite_unsat.smt2
[DEBUG] Benchmark QF_LIA/rings/ring_2exp14_9vars_8ite_unsat.smt2: solved=True, runtime=0.21s, PAR-2=0.21s
[DEBUG] Processing 25/896: QF_LIA/pb2010/normalized-j605_1-unsat.smt2
[DEBUG] Predicted solver: Yices2 for benchmark QF_LIA/pb2010/normalized-j605_1-unsat.smt2
[DEBUG] Benchmark QF_LIA/pb2010/normalized-j605_1-unsat.smt2: solved=False, runtime=1200.00s, PAR-2=2400.00s
[DEBUG] Processing 26/896: QF_LIA/20180326-Bromberger/more_slacked/cut_lemmas/15-vars/cut_lemma_03_010.smt2.slack.smt2
[DEBUG] Predicted solver: Z3alpha for benchmark QF_LIA/20180326-Bromberger/more_slacked/cut_lemmas/15-vars/cut_lemma_03_010.smt2.slack.smt2
[DEBUG] Benchmark QF_LIA/20180326-Bromberger/more_slacked/cut_lemmas/15-vars/cut_lemma_03_010.smt2.slack.smt2: solved=True, runtime=0.81s, PAR-2=0.81s
[DEBUG] Processing 27/896: QF_LIA/nec-smt/large/getoption_group/prp-12-46.smt2
[DEBUG] Predicted solver: Yices2 for benchmark QF_LIA/nec-smt/large/getoption_group/prp-12-46.smt2
[DEBUG] Benchmark QF_LIA/nec-smt/large/getoption_group/prp-12-46.smt2: solved=True, runtime=0.39s, PAR-2=0.39s
[DEBUG] Processing 28/896: QF_LIA/20231117-c_inference/80_80_27_7_sat.smt2
[DEBUG] Predicted solver: OpenSMT for benchmark QF_LIA/20231117-c_inference/80_80_27_7_sat.smt2
[DEBUG] Benchmark QF_LIA/20231117-c_inference/80_80_27_7_sat.smt2: solved=False, runtime=1200.00s, PAR-2=2400.00s
[DEBUG] Processing 29/896: QF_LIA/20180326-Bromberger/more_slacked/CAV_2009_benchmarks/smt/40-vars/v40_problem_2__034.smt2.slack.smt2
[DEBUG] Predicted solver: Z3alpha for benchmark QF_LIA/20180326-Bromberger/more_slacked/CAV_2009_benchmarks/smt/40-vars/v40_problem_2__034.smt2.slack.smt2
[DEBUG] Benchmark QF_LIA/20180326-Bromberger/more_slacked/CAV_2009_benchmarks/smt/40-vars/v40_problem_2__034.smt2.slack.smt2: solved=True, runtime=5.25s, PAR-2=5.25s
[DEBUG] Processing 30/896: QF_LIA/nec-smt/large/checkpass_pwd/prp-51-45.smt2
[DEBUG] Predicted solver: Yices2 for benchmark QF_LIA/nec-smt/large/checkpass_pwd/prp-51-45.smt2
[DEBUG] Benchmark QF_LIA/nec-smt/large/checkpass_pwd/prp-51-45.smt2: solved=True, runtime=2.33s, PAR-2=2.33s
[DEBUG] Processing 31/896: QF_LIA/tropical-matrix/constraint-3956027.smt2
[DEBUG] Predicted solver: Yices2 for benchmark QF_LIA/tropical-matrix/constraint-3956027.smt2
[DEBUG] Benchmark QF_LIA/tropical-matrix/constraint-3956027.smt2: solved=False, runtime=1200.00s, PAR-2=2400.00s
[DEBUG] Processing 32/896: QF_LIA/nec-smt/large/getoption_group/prp-62-50.smt2
[DEBUG] Predicted solver: Yices2 for benchmark QF_LIA/nec-smt/large/getoption_group/prp-62-50.smt2
[DEBUG] Benchmark QF_LIA/nec-smt/large/getoption_group/prp-62-50.smt2: solved=True, runtime=0.49s, PAR-2=0.49s
[DEBUG] Processing 33/896: QF_LIA/rings/ring_2exp12_8vars_5ite_unsat.smt2
[DEBUG] Predicted solver: Yices2 for benchmark QF_LIA/rings/ring_2exp12_8vars_5ite_unsat.smt2
[DEBUG] Benchmark QF_LIA/rings/ring_2exp12_8vars_5ite_unsat.smt2: solved=True, runtime=0.21s, PAR-2=0.21s
[DEBUG] Processing 34/896: QF_LIA/nec-smt/large/getoption_group/prp-2-48.smt2
[DEBUG] Predicted solver: Yices2 for benchmark QF_LIA/nec-smt/large/getoption_group/prp-2-48.smt2
[DEBUG] Benchmark QF_LIA/nec-smt/large/getoption_group/prp-2-48.smt2: solved=True, runtime=0.47s, PAR-2=0.47s
[DEBUG] Processing 35/896: QF_LIA/arctic-matrix/constraint-267105.smt2
[DEBUG] Predicted solver: OpenSMT for benchmark QF_LIA/arctic-matrix/constraint-267105.smt2
[DEBUG] Benchmark QF_LIA/arctic-matrix/constraint-267105.smt2: solved=True, runtime=60.34s, PAR-2=60.34s
[DEBUG] Processing 36/896: QF_LIA/pb2010/normalized-j1201_5-sat.smt2
[DEBUG] Predicted solver: Yices2 for benchmark QF_LIA/pb2010/normalized-j1201_5-sat.smt2
[DEBUG] Benchmark QF_LIA/pb2010/normalized-j1201_5-sat.smt2: solved=False, runtime=1200.00s, PAR-2=2400.00s
[DEBUG] Processing 37/896: QF_LIA/rings/ring_2exp14_9vars_6ite_unsat.smt2
[DEBUG] Predicted solver: Yices2 for benchmark QF_LIA/rings/ring_2exp14_9vars_6ite_unsat.smt2
[DEBUG] Benchmark QF_LIA/rings/ring_2exp14_9vars_6ite_unsat.smt2: solved=True, runtime=0.21s, PAR-2=0.21s
[DEBUG] Processing 38/896: QF_LIA/nec-smt/large/getoption_user/prp-29-50.smt2
[DEBUG] Predicted solver: Yices2 for benchmark QF_LIA/nec-smt/large/getoption_user/prp-29-50.smt2
[DEBUG] Benchmark QF_LIA/nec-smt/large/getoption_user/prp-29-50.smt2: solved=True, runtime=1.74s, PAR-2=1.74s
[DEBUG] Processing 39/896: QF_LIA/nec-smt/large/getoption_group/prp-13-48.smt2
[DEBUG] Predicted solver: Yices2 for benchmark QF_LIA/nec-smt/large/getoption_group/prp-13-48.smt2
[DEBUG] Benchmark QF_LIA/nec-smt/large/getoption_group/prp-13-48.smt2: solved=True, runtime=0.55s, PAR-2=0.55s
[DEBUG] Processing 40/896: QF_LIA/nec-smt/large/getoption_user/prp-22-48.smt2
[DEBUG] Predicted solver: Yices2 for benchmark QF_LIA/nec-smt/large/getoption_user/prp-22-48.smt2
[DEBUG] Benchmark QF_LIA/nec-smt/large/getoption_user/prp-22-48.smt2: solved=True, runtime=2.98s, PAR-2=2.98s
[DEBUG] Processing 41/896: QF_LIA/convert/convert-jpg2gif-query-1415.smt2
[DEBUG] Predicted solver: OpenSMT for benchmark QF_LIA/convert/convert-jpg2gif-query-1415.smt2
[DEBUG] Benchmark QF_LIA/convert/convert-jpg2gif-query-1415.smt2: solved=True, runtime=0.51s, PAR-2=0.51s
[DEBUG] Processing 42/896: QF_LIA/convert/convert-jpg2gif-query-1535.smt2
[DEBUG] Predicted solver: Z3alpha for benchmark QF_LIA/convert/convert-jpg2gif-query-1535.smt2
[DEBUG] Benchmark QF_LIA/convert/convert-jpg2gif-query-1535.smt2: solved=True, runtime=0.91s, PAR-2=0.91s
[DEBUG] Processing 43/896: QF_LIA/convert/convert-jpg2gif-query-1565.smt2
[DEBUG] Predicted solver: Z3alpha for benchmark QF_LIA/convert/convert-jpg2gif-query-1565.smt2
[DEBUG] Benchmark QF_LIA/convert/convert-jpg2gif-query-1565.smt2: solved=True, runtime=1.06s, PAR-2=1.06s
[DEBUG] Processing 44/896: QF_LIA/tightrhombus/tightrhombus-273-245-10.smt2
[DEBUG] Predicted solver: Z3alpha for benchmark QF_LIA/tightrhombus/tightrhombus-273-245-10.smt2
[DEBUG] Benchmark QF_LIA/tightrhombus/tightrhombus-273-245-10.smt2: solved=True, runtime=0.35s, PAR-2=0.35s
[DEBUG] Processing 45/896: QF_LIA/nec-smt/large/checkpass_pwd/prp-41-41.smt2
[DEBUG] Predicted solver: Yices2 for benchmark QF_LIA/nec-smt/large/checkpass_pwd/prp-41-41.smt2
[DEBUG] Benchmark QF_LIA/nec-smt/large/checkpass_pwd/prp-41-41.smt2: solved=True, runtime=1.51s, PAR-2=1.51s
[DEBUG] Processing 46/896: QF_LIA/CAV_2009_benchmarks/smt/30-vars/problem__014.smt2
[DEBUG] Predicted solver: Z3alpha for benchmark QF_LIA/CAV_2009_benchmarks/smt/30-vars/problem__014.smt2
[DEBUG] Benchmark QF_LIA/CAV_2009_benchmarks/smt/30-vars/problem__014.smt2: solved=True, runtime=0.30s, PAR-2=0.30s
[DEBUG] Processing 47/896: QF_LIA/convert/convert-jpg2gif-query-1497.smt2
[DEBUG] Predicted solver: Z3alpha for benchmark QF_LIA/convert/convert-jpg2gif-query-1497.smt2
[DEBUG] Benchmark QF_LIA/convert/convert-jpg2gif-query-1497.smt2: solved=True, runtime=390.60s, PAR-2=390.60s
[DEBUG] Processing 48/896: QF_LIA/pb2010/normalized-j6018_3-sat.smt2
[DEBUG] Predicted solver: Yices2 for benchmark QF_LIA/pb2010/normalized-j6018_3-sat.smt2
[DEBUG] Benchmark QF_LIA/pb2010/normalized-j6018_3-sat.smt2: solved=True, runtime=2.35s, PAR-2=2.35s
[DEBUG] Processing 49/896: QF_LIA/nec-smt/large/getoption_user/prp-28-49.smt2
[DEBUG] Predicted solver: Yices2 for benchmark QF_LIA/nec-smt/large/getoption_user/prp-28-49.smt2
[DEBUG] Benchmark QF_LIA/nec-smt/large/getoption_user/prp-28-49.smt2: solved=True, runtime=10.40s, PAR-2=10.40s
[DEBUG] Processing 50/896: QF_LIA/20210219-Dartagnan/ConcurrencySafety-Main/stack_longer-2-O0.smt2
[DEBUG] Predicted solver: Z3alpha for benchmark QF_LIA/20210219-Dartagnan/ConcurrencySafety-Main/stack_longer-2-O0.smt2
[DEBUG] Benchmark QF_LIA/20210219-Dartagnan/ConcurrencySafety-Main/stack_longer-2-O0.smt2: solved=True, runtime=1.06s, PAR-2=1.06s
[DEBUG] Processing 51/896: QF_LIA/pb2010/normalized-j12045_10-sat.smt2
[DEBUG] Predicted solver: Yices2 for benchmark QF_LIA/pb2010/normalized-j12045_10-sat.smt2
[DEBUG] Benchmark QF_LIA/pb2010/normalized-j12045_10-sat.smt2: solved=True, runtime=30.07s, PAR-2=30.07s
[DEBUG] Processing 52/896: QF_LIA/20220307-SMPT/RwMutex-PT-r0010w2000/RF-08.smt2
[DEBUG] Predicted solver: Yices2 for benchmark QF_LIA/20220307-SMPT/RwMutex-PT-r0010w2000/RF-08.smt2
[DEBUG] Benchmark QF_LIA/20220307-SMPT/RwMutex-PT-r0010w2000/RF-08.smt2: solved=True, runtime=3.25s, PAR-2=3.25s
[DEBUG] Processing 53/896: QF_LIA/20180326-Bromberger/more_slacked/CAV_2009_benchmarks/smt/40-vars/v40_problem_2__031.smt2.slack.smt2
[DEBUG] Predicted solver: Z3alpha for benchmark QF_LIA/20180326-Bromberger/more_slacked/CAV_2009_benchmarks/smt/40-vars/v40_problem_2__031.smt2.slack.smt2
[DEBUG] Benchmark QF_LIA/20180326-Bromberger/more_slacked/CAV_2009_benchmarks/smt/40-vars/v40_problem_2__031.smt2.slack.smt2: solved=True, runtime=1.28s, PAR-2=1.28s
[DEBUG] Processing 54/896: QF_LIA/nec-smt/large/getoption_group/prp-63-48.smt2
[DEBUG] Predicted solver: Yices2 for benchmark QF_LIA/nec-smt/large/getoption_group/prp-63-48.smt2
[DEBUG] Benchmark QF_LIA/nec-smt/large/getoption_group/prp-63-48.smt2: solved=True, runtime=0.23s, PAR-2=0.23s
[DEBUG] Processing 55/896: QF_LIA/tropical-matrix/constraint-737829.smt2
[DEBUG] Predicted solver: OpenSMT for benchmark QF_LIA/tropical-matrix/constraint-737829.smt2
[DEBUG] Benchmark QF_LIA/tropical-matrix/constraint-737829.smt2: solved=True, runtime=780.69s, PAR-2=780.69s
[DEBUG] Processing 56/896: QF_LIA/tropical-matrix/constraint-1908553.smt2
[DEBUG] Predicted solver: Yices2 for benchmark QF_LIA/tropical-matrix/constraint-1908553.smt2
[DEBUG] Benchmark QF_LIA/tropical-matrix/constraint-1908553.smt2: solved=True, runtime=131.44s, PAR-2=131.44s
[DEBUG] Processing 57/896: QF_LIA/nec-smt/large/getoption_group/prp-38-46.smt2
[DEBUG] Predicted solver: Yices2 for benchmark QF_LIA/nec-smt/large/getoption_group/prp-38-46.smt2
[DEBUG] Benchmark QF_LIA/nec-smt/large/getoption_group/prp-38-46.smt2: solved=True, runtime=0.48s, PAR-2=0.48s
[DEBUG] Processing 58/896: QF_LIA/nec-smt/large/getoption_group/prp-47-46.smt2
[DEBUG] Predicted solver: Yices2 for benchmark QF_LIA/nec-smt/large/getoption_group/prp-47-46.smt2
[DEBUG] Benchmark QF_LIA/nec-smt/large/getoption_group/prp-47-46.smt2: solved=True, runtime=0.38s, PAR-2=0.38s
[DEBUG] Processing 59/896: QF_LIA/tropical-matrix/constraint-2783581.smt2
[DEBUG] Predicted solver: Yices2 for benchmark QF_LIA/tropical-matrix/constraint-2783581.smt2
[DEBUG] Benchmark QF_LIA/tropical-matrix/constraint-2783581.smt2: solved=True, runtime=263.41s, PAR-2=263.41s
[DEBUG] Processing 60/896: QF_LIA/dillig/45-33.smt2
[DEBUG] Predicted solver: cvc5 for benchmark QF_LIA/dillig/45-33.smt2
[DEBUG] Benchmark QF_LIA/dillig/45-33.smt2: solved=True, runtime=0.33s, PAR-2=0.33s
[DEBUG] Processing 61/896: QF_LIA/tropical-matrix/constraint-278378.smt2
[DEBUG] Predicted solver: OpenSMT for benchmark QF_LIA/tropical-matrix/constraint-278378.smt2
[DEBUG] Benchmark QF_LIA/tropical-matrix/constraint-278378.smt2: solved=True, runtime=45.84s, PAR-2=45.84s
[DEBUG] Processing 62/896: QF_LIA/20180326-Bromberger/unbd-sage/unbd025v30c/unbd-sage1.smt2
[DEBUG] Predicted solver: Z3alpha for benchmark QF_LIA/20180326-Bromberger/unbd-sage/unbd025v30c/unbd-sage1.smt2
[DEBUG] Benchmark QF_LIA/20180326-Bromberger/unbd-sage/unbd025v30c/unbd-sage1.smt2: solved=True, runtime=193.04s, PAR-2=193.04s
[DEBUG] Processing 63/896: QF_LIA/nec-smt/large/getoption_group/prp-19-50.smt2
[DEBUG] Predicted solver: Yices2 for benchmark QF_LIA/nec-smt/large/getoption_group/prp-19-50.smt2
[DEBUG] Benchmark QF_LIA/nec-smt/large/getoption_group/prp-19-50.smt2: solved=True, runtime=0.51s, PAR-2=0.51s
[DEBUG] Processing 64/896: QF_LIA/convert/convert-jpg2gif-query-1379.smt2
[DEBUG] Predicted solver: OpenSMT for benchmark QF_LIA/convert/convert-jpg2gif-query-1379.smt2
[DEBUG] Benchmark QF_LIA/convert/convert-jpg2gif-query-1379.smt2: solved=True, runtime=0.39s, PAR-2=0.39s
[DEBUG] Processing 65/896: QF_LIA/rings_preprocessed/ring_2exp14_6vars_1ite_unsat.smt2
[DEBUG] Predicted solver: cvc5 for benchmark QF_LIA/rings_preprocessed/ring_2exp14_6vars_1ite_unsat.smt2
[DEBUG] Benchmark QF_LIA/rings_preprocessed/ring_2exp14_6vars_1ite_unsat.smt2: solved=True, runtime=0.24s, PAR-2=0.24s
[DEBUG] Processing 66/896: QF_LIA/CAV_2009_benchmarks/smt/30-vars/problem_2__016.smt2
[DEBUG] Predicted solver: cvc5 for benchmark QF_LIA/CAV_2009_benchmarks/smt/30-vars/problem_2__016.smt2
[DEBUG] Benchmark QF_LIA/CAV_2009_benchmarks/smt/30-vars/problem_2__016.smt2: solved=True, runtime=0.26s, PAR-2=0.26s
[DEBUG] Processing 67/896: QF_LIA/nec-smt/large/getoption_group/prp-24-46.smt2
[DEBUG] Predicted solver: Yices2 for benchmark QF_LIA/nec-smt/large/getoption_group/prp-24-46.smt2
[DEBUG] Benchmark QF_LIA/nec-smt/large/getoption_group/prp-24-46.smt2: solved=True, runtime=0.38s, PAR-2=0.38s
[DEBUG] Processing 68/896: QF_LIA/tropical-matrix/constraint-556171.smt2
[DEBUG] Predicted solver: Yices2 for benchmark QF_LIA/tropical-matrix/constraint-556171.smt2
[DEBUG] Benchmark QF_LIA/tropical-matrix/constraint-556171.smt2: solved=True, runtime=1040.45s, PAR-2=1040.45s
[DEBUG] Processing 69/896: QF_LIA/tropical-matrix/constraint-687179.smt2
[DEBUG] Predicted solver: OpenSMT for benchmark QF_LIA/tropical-matrix/constraint-687179.smt2
[DEBUG] Benchmark QF_LIA/tropical-matrix/constraint-687179.smt2: solved=True, runtime=25.96s, PAR-2=25.96s
[DEBUG] Processing 70/896: QF_LIA/slacks/45-27.slack.smt2
[DEBUG] Predicted solver: cvc5 for benchmark QF_LIA/slacks/45-27.slack.smt2
[DEBUG] Benchmark QF_LIA/slacks/45-27.slack.smt2: solved=True, runtime=4.51s, PAR-2=4.51s
[DEBUG] Processing 71/896: QF_LIA/rings/ring_2exp14_9vars_4ite_unsat.smt2
[DEBUG] Predicted solver: Yices2 for benchmark QF_LIA/rings/ring_2exp14_9vars_4ite_unsat.smt2
[DEBUG] Benchmark QF_LIA/rings/ring_2exp14_9vars_4ite_unsat.smt2: solved=True, runtime=0.24s, PAR-2=0.24s
[DEBUG] Processing 72/896: QF_LIA/nec-smt/large/getoption_group/prp-75-48.smt2
[DEBUG] Predicted solver: Yices2 for benchmark QF_LIA/nec-smt/large/getoption_group/prp-75-48.smt2
[DEBUG] Benchmark QF_LIA/nec-smt/large/getoption_group/prp-75-48.smt2: solved=True, runtime=0.41s, PAR-2=0.41s
[DEBUG] Processing 73/896: QF_LIA/nec-smt/large/getoption_user/prp-11-49.smt2
[DEBUG] Predicted solver: Yices2 for benchmark QF_LIA/nec-smt/large/getoption_user/prp-11-49.smt2
[DEBUG] Benchmark QF_LIA/nec-smt/large/getoption_user/prp-11-49.smt2: solved=True, runtime=27.87s, PAR-2=27.87s
[DEBUG] Processing 74/896: QF_LIA/dillig/30-31.smt2
[DEBUG] Predicted solver: cvc5 for benchmark QF_LIA/dillig/30-31.smt2
[DEBUG] Benchmark QF_LIA/dillig/30-31.smt2: solved=True, runtime=0.28s, PAR-2=0.28s
[DEBUG] Processing 75/896: QF_LIA/tropical-matrix/constraint-1345233.smt2
[DEBUG] Predicted solver: Yices2 for benchmark QF_LIA/tropical-matrix/constraint-1345233.smt2
[DEBUG] Benchmark QF_LIA/tropical-matrix/constraint-1345233.smt2: solved=True, runtime=1053.49s, PAR-2=1053.49s
[DEBUG] Processing 76/896: QF_LIA/nec-smt/large/getoption_group/prp-62-47.smt2
[DEBUG] Predicted solver: Yices2 for benchmark QF_LIA/nec-smt/large/getoption_group/prp-62-47.smt2
[DEBUG] Benchmark QF_LIA/nec-smt/large/getoption_group/prp-62-47.smt2: solved=True, runtime=0.25s, PAR-2=0.25s
[DEBUG] Processing 77/896: QF_LIA/2019-ezsmt/travellingSalesperson/SCC/tsp_rand_70_300_1155482584_7.lp.smt2
[DEBUG] Predicted solver: Yices2 for benchmark QF_LIA/2019-ezsmt/travellingSalesperson/SCC/tsp_rand_70_300_1155482584_7.lp.smt2
[DEBUG] Benchmark QF_LIA/2019-ezsmt/travellingSalesperson/SCC/tsp_rand_70_300_1155482584_7.lp.smt2: solved=True, runtime=21.00s, PAR-2=21.00s
[DEBUG] Processing 78/896: QF_LIA/nec-smt/large/getoption_user/prp-29-49.smt2
[DEBUG] Predicted solver: Yices2 for benchmark QF_LIA/nec-smt/large/getoption_user/prp-29-49.smt2
[DEBUG] Benchmark QF_LIA/nec-smt/large/getoption_user/prp-29-49.smt2: solved=True, runtime=1.48s, PAR-2=1.48s
[DEBUG] Processing 79/896: QF_LIA/arctic-matrix/constraint-1648145.smt2
[DEBUG] Predicted solver: Yices2 for benchmark QF_LIA/arctic-matrix/constraint-1648145.smt2
[DEBUG] Benchmark QF_LIA/arctic-matrix/constraint-1648145.smt2: solved=True, runtime=60.70s, PAR-2=60.70s
[DEBUG] Processing 80/896: QF_LIA/nec-smt/large/getoption_group/prp-10-49.smt2
[DEBUG] Predicted solver: Yices2 for benchmark QF_LIA/nec-smt/large/getoption_group/prp-10-49.smt2
[DEBUG] Benchmark QF_LIA/nec-smt/large/getoption_group/prp-10-49.smt2: solved=True, runtime=0.53s, PAR-2=0.53s
[DEBUG] Processing 81/896: QF_LIA/dillig/45-32.smt2
[DEBUG] Predicted solver: Z3alpha for benchmark QF_LIA/dillig/45-32.smt2
[DEBUG] Benchmark QF_LIA/dillig/45-32.smt2: solved=True, runtime=0.81s, PAR-2=0.81s
[DEBUG] Processing 82/896: QF_LIA/nec-smt/large/getoption_user/prp-1-46.smt2
[DEBUG] Predicted solver: Yices2 for benchmark QF_LIA/nec-smt/large/getoption_user/prp-1-46.smt2
[DEBUG] Benchmark QF_LIA/nec-smt/large/getoption_user/prp-1-46.smt2: solved=True, runtime=0.69s, PAR-2=0.69s
[DEBUG] Processing 83/896: QF_LIA/convert/convert-jpg2gif-query-1486.smt2
[DEBUG] Predicted solver: Z3alpha for benchmark QF_LIA/convert/convert-jpg2gif-query-1486.smt2
[DEBUG] Benchmark QF_LIA/convert/convert-jpg2gif-query-1486.smt2: solved=True, runtime=0.46s, PAR-2=0.46s
[DEBUG] Processing 84/896: QF_LIA/rings/ring_2exp8_8vars_7ite_unsat.smt2
[DEBUG] Predicted solver: Yices2 for benchmark QF_LIA/rings/ring_2exp8_8vars_7ite_unsat.smt2
[DEBUG] Benchmark QF_LIA/rings/ring_2exp8_8vars_7ite_unsat.smt2: solved=True, runtime=0.24s, PAR-2=0.24s
[DEBUG] Processing 85/896: QF_LIA/nec-smt/large/getoption_user/prp-43-49.smt2
[DEBUG] Predicted solver: Yices2 for benchmark QF_LIA/nec-smt/large/getoption_user/prp-43-49.smt2
[DEBUG] Benchmark QF_LIA/nec-smt/large/getoption_user/prp-43-49.smt2: solved=True, runtime=4.35s, PAR-2=4.35s
[DEBUG] Processing 86/896: QF_LIA/mathsat/FISCHER11-15-fair.smt2
[DEBUG] Predicted solver: OpenSMT for benchmark QF_LIA/mathsat/FISCHER11-15-fair.smt2
[DEBUG] Benchmark QF_LIA/mathsat/FISCHER11-15-fair.smt2: solved=True, runtime=39.34s, PAR-2=39.34s
[DEBUG] Processing 87/896: QF_LIA/tropical-matrix/constraint-2061672.smt2
[DEBUG] Predicted solver: Yices2 for benchmark QF_LIA/tropical-matrix/constraint-2061672.smt2
[DEBUG] Benchmark QF_LIA/tropical-matrix/constraint-2061672.smt2: solved=True, runtime=211.22s, PAR-2=211.22s
[DEBUG] Processing 88/896: QF_LIA/20180326-Bromberger/more_slacked/CAV_2009_benchmarks/smt/45-vars/v45_problem_2__024.smt2.slack.smt2
[DEBUG] Predicted solver: Z3alpha for benchmark QF_LIA/20180326-Bromberger/more_slacked/CAV_2009_benchmarks/smt/45-vars/v45_problem_2__024.smt2.slack.smt2
[DEBUG] Benchmark QF_LIA/20180326-Bromberger/more_slacked/CAV_2009_benchmarks/smt/45-vars/v45_problem_2__024.smt2.slack.smt2: solved=True, runtime=0.46s, PAR-2=0.46s
[DEBUG] Processing 89/896: QF_LIA/dillig/35-18.smt2
[DEBUG] Predicted solver: cvc5 for benchmark QF_LIA/dillig/35-18.smt2
[DEBUG] Benchmark QF_LIA/dillig/35-18.smt2: solved=True, runtime=0.28s, PAR-2=0.28s
[DEBUG] Processing 90/896: QF_LIA/convert/convert-jpg2gif-query-1464.smt2
[DEBUG] Predicted solver: Z3alpha for benchmark QF_LIA/convert/convert-jpg2gif-query-1464.smt2
[DEBUG] Benchmark QF_LIA/convert/convert-jpg2gif-query-1464.smt2: solved=True, runtime=0.55s, PAR-2=0.55s
[DEBUG] Processing 91/896: QF_LIA/rings_preprocessed/ring_2exp10_9vars_6ite_unsat.smt2
[DEBUG] Predicted solver: cvc5 for benchmark QF_LIA/rings_preprocessed/ring_2exp10_9vars_6ite_unsat.smt2
[DEBUG] Benchmark QF_LIA/rings_preprocessed/ring_2exp10_9vars_6ite_unsat.smt2: solved=True, runtime=0.29s, PAR-2=0.29s
[DEBUG] Processing 92/896: QF_LIA/CAV_2009_benchmarks/smt/35-vars/problem_2__024.smt2
[DEBUG] Predicted solver: cvc5 for benchmark QF_LIA/CAV_2009_benchmarks/smt/35-vars/problem_2__024.smt2
[DEBUG] Benchmark QF_LIA/CAV_2009_benchmarks/smt/35-vars/problem_2__024.smt2: solved=True, runtime=0.32s, PAR-2=0.32s
[DEBUG] Processing 93/896: QF_LIA/20220307-SMPT/SharedMemory-PT-000200/RC-10.smt2
[DEBUG] Predicted solver: Yices2 for benchmark QF_LIA/20220307-SMPT/SharedMemory-PT-000200/RC-10.smt2
[DEBUG] Benchmark QF_LIA/20220307-SMPT/SharedMemory-PT-000200/RC-10.smt2: solved=True, runtime=569.79s, PAR-2=569.79s
[DEBUG] Processing 94/896: QF_LIA/CAV_2009_benchmarks/coef-size/smt/size-60/problem__006.smt2
[DEBUG] Predicted solver: cvc5 for benchmark QF_LIA/CAV_2009_benchmarks/coef-size/smt/size-60/problem__006.smt2
[DEBUG] Benchmark QF_LIA/CAV_2009_benchmarks/coef-size/smt/size-60/problem__006.smt2: solved=True, runtime=0.24s, PAR-2=0.24s
[DEBUG] Processing 95/896: QF_LIA/rings_preprocessed/ring_2exp12_6vars_5ite_unsat.smt2
[DEBUG] Predicted solver: cvc5 for benchmark QF_LIA/rings_preprocessed/ring_2exp12_6vars_5ite_unsat.smt2
[DEBUG] Benchmark QF_LIA/rings_preprocessed/ring_2exp12_6vars_5ite_unsat.smt2: solved=True, runtime=0.24s, PAR-2=0.24s
[DEBUG] Processing 96/896: QF_LIA/nec-smt/large/getoption_group/prp-21-47.smt2
[DEBUG] Predicted solver: Yices2 for benchmark QF_LIA/nec-smt/large/getoption_group/prp-21-47.smt2
[DEBUG] Benchmark QF_LIA/nec-smt/large/getoption_group/prp-21-47.smt2: solved=True, runtime=0.43s, PAR-2=0.43s
[DEBUG] Processing 97/896: QF_LIA/20180326-Bromberger/more_slacked/CAV_2009_benchmarks/smt/25-vars/v25_problem__033.smt2.slack.smt2
[DEBUG] Predicted solver: Z3alpha for benchmark QF_LIA/20180326-Bromberger/more_slacked/CAV_2009_benchmarks/smt/25-vars/v25_problem__033.smt2.slack.smt2
[DEBUG] Benchmark QF_LIA/20180326-Bromberger/more_slacked/CAV_2009_benchmarks/smt/25-vars/v25_problem__033.smt2.slack.smt2: solved=True, runtime=0.91s, PAR-2=0.91s
[DEBUG] Processing 98/896: QF_LIA/nec-smt/large/getoption_group/prp-56-50.smt2
[DEBUG] Predicted solver: Yices2 for benchmark QF_LIA/nec-smt/large/getoption_group/prp-56-50.smt2
[DEBUG] Benchmark QF_LIA/nec-smt/large/getoption_group/prp-56-50.smt2: solved=True, runtime=0.55s, PAR-2=0.55s
[DEBUG] Processing 99/896: QF_LIA/rings_preprocessed/ring_2exp16_6vars_4ite_unsat.smt2
[DEBUG] Predicted solver: cvc5 for benchmark QF_LIA/rings_preprocessed/ring_2exp16_6vars_4ite_unsat.smt2
[DEBUG] Benchmark QF_LIA/rings_preprocessed/ring_2exp16_6vars_4ite_unsat.smt2: solved=True, runtime=0.24s, PAR-2=0.24s
[DEBUG] Processing 100/896: QF_LIA/convert/convert-jpg2gif-query-1505.smt2
[DEBUG] Predicted solver: Z3alpha for benchmark QF_LIA/convert/convert-jpg2gif-query-1505.smt2
[DEBUG] Benchmark QF_LIA/convert/convert-jpg2gif-query-1505.smt2: solved=True, runtime=0.45s, PAR-2=0.45s
[DEBUG] Processing 101/896: QF_LIA/rings_preprocessed/ring_2exp10_8vars_7ite_unsat.smt2
[DEBUG] Predicted solver: cvc5 for benchmark QF_LIA/rings_preprocessed/ring_2exp10_8vars_7ite_unsat.smt2
[DEBUG] Benchmark QF_LIA/rings_preprocessed/ring_2exp10_8vars_7ite_unsat.smt2: solved=True, runtime=0.28s, PAR-2=0.28s
[DEBUG] Processing 102/896: QF_LIA/nec-smt/large/getoption_directories/prp-7-48.smt2
[DEBUG] Predicted solver: Yices2 for benchmark QF_LIA/nec-smt/large/getoption_directories/prp-7-48.smt2
[DEBUG] Benchmark QF_LIA/nec-smt/large/getoption_directories/prp-7-48.smt2: solved=True, runtime=1.93s, PAR-2=1.93s
[DEBUG] Processing 103/896: QF_LIA/rings_preprocessed/ring_2exp6_7vars_3ite_unsat.smt2
[DEBUG] Predicted solver: cvc5 for benchmark QF_LIA/rings_preprocessed/ring_2exp6_7vars_3ite_unsat.smt2
[DEBUG] Benchmark QF_LIA/rings_preprocessed/ring_2exp6_7vars_3ite_unsat.smt2: solved=True, runtime=0.25s, PAR-2=0.25s
[DEBUG] Processing 104/896: QF_LIA/rings/ring_2exp8_8vars_6ite_unsat.smt2
[DEBUG] Predicted solver: Yices2 for benchmark QF_LIA/rings/ring_2exp8_8vars_6ite_unsat.smt2
[DEBUG] Benchmark QF_LIA/rings/ring_2exp8_8vars_6ite_unsat.smt2: solved=True, runtime=0.25s, PAR-2=0.25s
[DEBUG] Processing 105/896: QF_LIA/nec-smt/large/getoption_group/prp-20-50.smt2
[DEBUG] Predicted solver: Yices2 for benchmark QF_LIA/nec-smt/large/getoption_group/prp-20-50.smt2
[DEBUG] Benchmark QF_LIA/nec-smt/large/getoption_group/prp-20-50.smt2: solved=True, runtime=0.75s, PAR-2=0.75s
[DEBUG] Processing 106/896: QF_LIA/20180326-Bromberger/more_slacked/cut_lemmas/20-vars/cut_lemma_03_001.smt2.slack.smt2
[DEBUG] Predicted solver: Z3alpha for benchmark QF_LIA/20180326-Bromberger/more_slacked/cut_lemmas/20-vars/cut_lemma_03_001.smt2.slack.smt2
[DEBUG] Benchmark QF_LIA/20180326-Bromberger/more_slacked/cut_lemmas/20-vars/cut_lemma_03_001.smt2.slack.smt2: solved=True, runtime=3.49s, PAR-2=3.49s
[DEBUG] Processing 107/896: QF_LIA/20220307-SMPT/SharedMemory-PT-000100/RC-08.smt2
[DEBUG] Predicted solver: Yices2 for benchmark QF_LIA/20220307-SMPT/SharedMemory-PT-000100/RC-08.smt2
[DEBUG] Benchmark QF_LIA/20220307-SMPT/SharedMemory-PT-000100/RC-08.smt2: solved=True, runtime=42.22s, PAR-2=42.22s
[DEBUG] Processing 108/896: QF_LIA/nec-smt/large/checkpass_pwd/prp-36-38.smt2
[DEBUG] Predicted solver: Yices2 for benchmark QF_LIA/nec-smt/large/checkpass_pwd/prp-36-38.smt2
[DEBUG] Benchmark QF_LIA/nec-smt/large/checkpass_pwd/prp-36-38.smt2: solved=True, runtime=1.50s, PAR-2=1.50s
[DEBUG] Processing 109/896: QF_LIA/arctic-matrix/constraint-1472027.smt2
[DEBUG] Predicted solver: Yices2 for benchmark QF_LIA/arctic-matrix/constraint-1472027.smt2
[DEBUG] Benchmark QF_LIA/arctic-matrix/constraint-1472027.smt2: solved=True, runtime=107.52s, PAR-2=107.52s
[DEBUG] Processing 110/896: QF_LIA/rings_preprocessed/ring_2exp6_6vars_4ite_unsat.smt2
[DEBUG] Predicted solver: cvc5 for benchmark QF_LIA/rings_preprocessed/ring_2exp6_6vars_4ite_unsat.smt2
[DEBUG] Benchmark QF_LIA/rings_preprocessed/ring_2exp6_6vars_4ite_unsat.smt2: solved=True, runtime=0.25s, PAR-2=0.25s
[DEBUG] Processing 111/896: QF_LIA/convert/convert-jpg2gif-query-1404.smt2
[DEBUG] Predicted solver: OpenSMT for benchmark QF_LIA/convert/convert-jpg2gif-query-1404.smt2
[DEBUG] Benchmark QF_LIA/convert/convert-jpg2gif-query-1404.smt2: solved=True, runtime=0.45s, PAR-2=0.45s
[DEBUG] Processing 112/896: QF_LIA/rings_preprocessed/ring_2exp12_9vars_2ite_unsat.smt2
[DEBUG] Predicted solver: cvc5 for benchmark QF_LIA/rings_preprocessed/ring_2exp12_9vars_2ite_unsat.smt2
[DEBUG] Benchmark QF_LIA/rings_preprocessed/ring_2exp12_9vars_2ite_unsat.smt2: solved=True, runtime=0.25s, PAR-2=0.25s
[DEBUG] Processing 113/896: QF_LIA/nec-smt/large/getoption_group/prp-46-46.smt2
[DEBUG] Predicted solver: Yices2 for benchmark QF_LIA/nec-smt/large/getoption_group/prp-46-46.smt2
[DEBUG] Benchmark QF_LIA/nec-smt/large/getoption_group/prp-46-46.smt2: solved=True, runtime=0.37s, PAR-2=0.37s
[DEBUG] Processing 114/896: QF_LIA/rings_preprocessed/ring_2exp16_9vars_5ite_unsat.smt2
[DEBUG] Predicted solver: cvc5 for benchmark QF_LIA/rings_preprocessed/ring_2exp16_9vars_5ite_unsat.smt2
[DEBUG] Benchmark QF_LIA/rings_preprocessed/ring_2exp16_9vars_5ite_unsat.smt2: solved=True, runtime=0.27s, PAR-2=0.27s
[DEBUG] Processing 115/896: QF_LIA/convert/convert-jpg2gif-query-1484.smt2
[DEBUG] Predicted solver: Z3alpha for benchmark QF_LIA/convert/convert-jpg2gif-query-1484.smt2
[DEBUG] Benchmark QF_LIA/convert/convert-jpg2gif-query-1484.smt2: solved=True, runtime=0.41s, PAR-2=0.41s
[DEBUG] Processing 116/896: QF_LIA/20220307-SMPT/RwMutex-PT-r0010w2000/RC-04.smt2
[DEBUG] Predicted solver: Yices2 for benchmark QF_LIA/20220307-SMPT/RwMutex-PT-r0010w2000/RC-04.smt2
[DEBUG] Benchmark QF_LIA/20220307-SMPT/RwMutex-PT-r0010w2000/RC-04.smt2: solved=True, runtime=5.47s, PAR-2=5.47s
[DEBUG] Processing 117/896: QF_LIA/rings/ring_2exp14_7vars_6ite_unsat.smt2
[DEBUG] Predicted solver: Yices2 for benchmark QF_LIA/rings/ring_2exp14_7vars_6ite_unsat.smt2
[DEBUG] Benchmark QF_LIA/rings/ring_2exp14_7vars_6ite_unsat.smt2: solved=True, runtime=0.21s, PAR-2=0.21s
[DEBUG] Processing 118/896: QF_LIA/nec-smt/large/getoption_group/prp-12-49.smt2
[DEBUG] Predicted solver: Yices2 for benchmark QF_LIA/nec-smt/large/getoption_group/prp-12-49.smt2
[DEBUG] Benchmark QF_LIA/nec-smt/large/getoption_group/prp-12-49.smt2: solved=True, runtime=0.54s, PAR-2=0.54s
[DEBUG] Processing 119/896: QF_LIA/nec-smt/large/getoption_user/prp-12-48.smt2
[DEBUG] Predicted solver: Yices2 for benchmark QF_LIA/nec-smt/large/getoption_user/prp-12-48.smt2
[DEBUG] Benchmark QF_LIA/nec-smt/large/getoption_user/prp-12-48.smt2: solved=True, runtime=1.02s, PAR-2=1.02s
[DEBUG] Processing 120/896: QF_LIA/nec-smt/large/checkpass_pwd/prp-33-41.smt2
[DEBUG] Predicted solver: Yices2 for benchmark QF_LIA/nec-smt/large/checkpass_pwd/prp-33-41.smt2
[DEBUG] Benchmark QF_LIA/nec-smt/large/checkpass_pwd/prp-33-41.smt2: solved=True, runtime=1.04s, PAR-2=1.04s
[DEBUG] Processing 121/896: QF_LIA/nec-smt/large/checkpass_pwd/prp-39-42.smt2
[DEBUG] Predicted solver: Yices2 for benchmark QF_LIA/nec-smt/large/checkpass_pwd/prp-39-42.smt2
[DEBUG] Benchmark QF_LIA/nec-smt/large/checkpass_pwd/prp-39-42.smt2: solved=True, runtime=2.61s, PAR-2=2.61s
[DEBUG] Processing 122/896: QF_LIA/convert/convert-jpg2gif-query-1477.smt2
[DEBUG] Predicted solver: Z3alpha for benchmark QF_LIA/convert/convert-jpg2gif-query-1477.smt2
[DEBUG] Benchmark QF_LIA/convert/convert-jpg2gif-query-1477.smt2: solved=True, runtime=0.56s, PAR-2=0.56s
[DEBUG] Processing 123/896: QF_LIA/20210219-Dartagnan/ConcurrencySafety-Main/fk2012-O0.smt2
[DEBUG] Predicted solver: Yices2 for benchmark QF_LIA/20210219-Dartagnan/ConcurrencySafety-Main/fk2012-O0.smt2
[DEBUG] Benchmark QF_LIA/20210219-Dartagnan/ConcurrencySafety-Main/fk2012-O0.smt2: solved=True, runtime=3.83s, PAR-2=3.83s
[DEBUG] Processing 124/896: QF_LIA/nec-smt/large/getoption_group/prp-32-50.smt2
[DEBUG] Predicted solver: Yices2 for benchmark QF_LIA/nec-smt/large/getoption_group/prp-32-50.smt2
[DEBUG] Benchmark QF_LIA/nec-smt/large/getoption_group/prp-32-50.smt2: solved=True, runtime=0.77s, PAR-2=0.77s
[DEBUG] Processing 125/896: QF_LIA/CAV_2009_benchmarks/smt/30-vars/problem__027.smt2
[DEBUG] Predicted solver: cvc5 for benchmark QF_LIA/CAV_2009_benchmarks/smt/30-vars/problem__027.smt2
[DEBUG] Benchmark QF_LIA/CAV_2009_benchmarks/smt/30-vars/problem__027.smt2: solved=True, runtime=0.28s, PAR-2=0.28s
[DEBUG] Processing 126/896: QF_LIA/nec-smt/large/getoption_user/prp-39-46.smt2
[DEBUG] Predicted solver: Yices2 for benchmark QF_LIA/nec-smt/large/getoption_user/prp-39-46.smt2
[DEBUG] Benchmark QF_LIA/nec-smt/large/getoption_user/prp-39-46.smt2: solved=True, runtime=1.78s, PAR-2=1.78s
[DEBUG] Processing 127/896: QF_LIA/nec-smt/large/getoption_user/prp-47-47.smt2
[DEBUG] Predicted solver: Yices2 for benchmark QF_LIA/nec-smt/large/getoption_user/prp-47-47.smt2
[DEBUG] Benchmark QF_LIA/nec-smt/large/getoption_user/prp-47-47.smt2: solved=True, runtime=1.52s, PAR-2=1.52s
[DEBUG] Processing 128/896: QF_LIA/convert/convert-jpg2gif-query-1429.smt2
[DEBUG] Predicted solver: OpenSMT for benchmark QF_LIA/convert/convert-jpg2gif-query-1429.smt2
[DEBUG] Benchmark QF_LIA/convert/convert-jpg2gif-query-1429.smt2: solved=True, runtime=0.50s, PAR-2=0.50s
[DEBUG] Processing 129/896: QF_LIA/nec-smt/large/getoption_user/prp-43-47.smt2
[DEBUG] Predicted solver: Yices2 for benchmark QF_LIA/nec-smt/large/getoption_user/prp-43-47.smt2
[DEBUG] Benchmark QF_LIA/nec-smt/large/getoption_user/prp-43-47.smt2: solved=True, runtime=1.42s, PAR-2=1.42s
[DEBUG] Processing 130/896: QF_LIA/nec-smt/large/getoption_group/prp-18-46.smt2
[DEBUG] Predicted solver: Yices2 for benchmark QF_LIA/nec-smt/large/getoption_group/prp-18-46.smt2
[DEBUG] Benchmark QF_LIA/nec-smt/large/getoption_group/prp-18-46.smt2: solved=True, runtime=0.44s, PAR-2=0.44s
[DEBUG] Processing 131/896: QF_LIA/nec-smt/large/getoption_directories/prp-3-112.smt2
[DEBUG] Predicted solver: Yices2 for benchmark QF_LIA/nec-smt/large/getoption_directories/prp-3-112.smt2
[DEBUG] Benchmark QF_LIA/nec-smt/large/getoption_directories/prp-3-112.smt2: solved=True, runtime=1194.59s, PAR-2=1194.59s
[DEBUG] Processing 132/896: QF_LIA/arctic-matrix/constraint-1389427.smt2
[DEBUG] Predicted solver: Yices2 for benchmark QF_LIA/arctic-matrix/constraint-1389427.smt2
[DEBUG] Benchmark QF_LIA/arctic-matrix/constraint-1389427.smt2: solved=True, runtime=136.71s, PAR-2=136.71s
[DEBUG] Processing 133/896: QF_LIA/2019-ezsmt/Labyrinth/SCC/0165-labyrinth-13-0.smt2
[DEBUG] Predicted solver: Yices2 for benchmark QF_LIA/2019-ezsmt/Labyrinth/SCC/0165-labyrinth-13-0.smt2
[DEBUG] Benchmark QF_LIA/2019-ezsmt/Labyrinth/SCC/0165-labyrinth-13-0.smt2: solved=True, runtime=9.94s, PAR-2=9.94s
[DEBUG] Processing 134/896: QF_LIA/arctic-matrix/constraint-943653.smt2
[DEBUG] Predicted solver: Yices2 for benchmark QF_LIA/arctic-matrix/constraint-943653.smt2
[DEBUG] Benchmark QF_LIA/arctic-matrix/constraint-943653.smt2: solved=False, runtime=1200.00s, PAR-2=2400.00s
[DEBUG] Processing 135/896: QF_LIA/nec-smt/large/getoption_group/prp-51-48.smt2
[DEBUG] Predicted solver: Yices2 for benchmark QF_LIA/nec-smt/large/getoption_group/prp-51-48.smt2
[DEBUG] Benchmark QF_LIA/nec-smt/large/getoption_group/prp-51-48.smt2: solved=True, runtime=0.51s, PAR-2=0.51s
[DEBUG] Processing 136/896: QF_LIA/rings_preprocessed/ring_2exp16_8vars_2ite_unsat.smt2
[DEBUG] Predicted solver: cvc5 for benchmark QF_LIA/rings_preprocessed/ring_2exp16_8vars_2ite_unsat.smt2
[DEBUG] Benchmark QF_LIA/rings_preprocessed/ring_2exp16_8vars_2ite_unsat.smt2: solved=True, runtime=0.25s, PAR-2=0.25s
[DEBUG] Processing 137/896: QF_LIA/nec-smt/large/getoption_group/prp-60-48.smt2
[DEBUG] Predicted solver: Yices2 for benchmark QF_LIA/nec-smt/large/getoption_group/prp-60-48.smt2
[DEBUG] Benchmark QF_LIA/nec-smt/large/getoption_group/prp-60-48.smt2: solved=True, runtime=0.40s, PAR-2=0.40s
[DEBUG] Processing 138/896: QF_LIA/nec-smt/large/getoption_group/prp-51-50.smt2
[DEBUG] Predicted solver: Yices2 for benchmark QF_LIA/nec-smt/large/getoption_group/prp-51-50.smt2
[DEBUG] Benchmark QF_LIA/nec-smt/large/getoption_group/prp-51-50.smt2: solved=True, runtime=0.68s, PAR-2=0.68s
[DEBUG] Processing 139/896: QF_LIA/20180326-Bromberger/more_slacked/CAV_2009_benchmarks/coef-size/smt/size-40/c40_problem__003.smt2.slack.smt2
[DEBUG] Predicted solver: Z3alpha for benchmark QF_LIA/20180326-Bromberger/more_slacked/CAV_2009_benchmarks/coef-size/smt/size-40/c40_problem__003.smt2.slack.smt2
[DEBUG] Benchmark QF_LIA/20180326-Bromberger/more_slacked/CAV_2009_benchmarks/coef-size/smt/size-40/c40_problem__003.smt2.slack.smt2: solved=True, runtime=0.28s, PAR-2=0.28s
[DEBUG] Processing 140/896: QF_LIA/nec-smt/large/getoption_user/prp-36-47.smt2
[DEBUG] Predicted solver: Yices2 for benchmark QF_LIA/nec-smt/large/getoption_user/prp-36-47.smt2
[DEBUG] Benchmark QF_LIA/nec-smt/large/getoption_user/prp-36-47.smt2: solved=True, runtime=1.83s, PAR-2=1.83s
[DEBUG] Processing 141/896: QF_LIA/20231117-c_inference/90_90_47_16_sat.smt2
[DEBUG] Predicted solver: OpenSMT for benchmark QF_LIA/20231117-c_inference/90_90_47_16_sat.smt2
[DEBUG] Benchmark QF_LIA/20231117-c_inference/90_90_47_16_sat.smt2: solved=False, runtime=1200.00s, PAR-2=2400.00s
[DEBUG] Processing 142/896: QF_LIA/arctic-matrix/constraint-1360077.smt2
[DEBUG] Predicted solver: Yices2 for benchmark QF_LIA/arctic-matrix/constraint-1360077.smt2
[DEBUG] Benchmark QF_LIA/arctic-matrix/constraint-1360077.smt2: solved=True, runtime=7.91s, PAR-2=7.91s
[DEBUG] Processing 143/896: QF_LIA/convert/convert-jpg2gif-query-1524.smt2
[DEBUG] Predicted solver: Z3alpha for benchmark QF_LIA/convert/convert-jpg2gif-query-1524.smt2
[DEBUG] Benchmark QF_LIA/convert/convert-jpg2gif-query-1524.smt2: solved=True, runtime=0.71s, PAR-2=0.71s
[DEBUG] Processing 144/896: QF_LIA/nec-smt/large/getoption_group/prp-14-50.smt2
[DEBUG] Predicted solver: Yices2 for benchmark QF_LIA/nec-smt/large/getoption_group/prp-14-50.smt2
[DEBUG] Benchmark QF_LIA/nec-smt/large/getoption_group/prp-14-50.smt2: solved=True, runtime=0.55s, PAR-2=0.55s
[DEBUG] Processing 145/896: QF_LIA/nec-smt/large/getoption_group/prp-43-48.smt2
[DEBUG] Predicted solver: Yices2 for benchmark QF_LIA/nec-smt/large/getoption_group/prp-43-48.smt2
[DEBUG] Benchmark QF_LIA/nec-smt/large/getoption_group/prp-43-48.smt2: solved=True, runtime=0.69s, PAR-2=0.69s
[DEBUG] Processing 146/896: QF_LIA/nec-smt/large/getoption_group/prp-27-49.smt2
[DEBUG] Predicted solver: Yices2 for benchmark QF_LIA/nec-smt/large/getoption_group/prp-27-49.smt2
[DEBUG] Benchmark QF_LIA/nec-smt/large/getoption_group/prp-27-49.smt2: solved=True, runtime=0.59s, PAR-2=0.59s
[DEBUG] Processing 147/896: QF_LIA/rings/ring_2exp12_9vars_8ite_unsat.smt2
[DEBUG] Predicted solver: Yices2 for benchmark QF_LIA/rings/ring_2exp12_9vars_8ite_unsat.smt2
[DEBUG] Benchmark QF_LIA/rings/ring_2exp12_9vars_8ite_unsat.smt2: solved=True, runtime=0.21s, PAR-2=0.21s
[DEBUG] Processing 148/896: QF_LIA/nec-smt/large/getoption_group/prp-66-48.smt2
[DEBUG] Predicted solver: Yices2 for benchmark QF_LIA/nec-smt/large/getoption_group/prp-66-48.smt2
[DEBUG] Benchmark QF_LIA/nec-smt/large/getoption_group/prp-66-48.smt2: solved=True, runtime=0.22s, PAR-2=0.22s
[DEBUG] Processing 149/896: QF_LIA/nec-smt/large/checkpass_pwd/prp-44-49.smt2
[DEBUG] Predicted solver: Yices2 for benchmark QF_LIA/nec-smt/large/checkpass_pwd/prp-44-49.smt2
[DEBUG] Benchmark QF_LIA/nec-smt/large/checkpass_pwd/prp-44-49.smt2: solved=True, runtime=11.40s, PAR-2=11.40s
[DEBUG] Processing 150/896: QF_LIA/slacks/45-30.slack.smt2
[DEBUG] Predicted solver: cvc5 for benchmark QF_LIA/slacks/45-30.slack.smt2
[DEBUG] Benchmark QF_LIA/slacks/45-30.slack.smt2: solved=True, runtime=0.49s, PAR-2=0.49s
[DEBUG] Processing 151/896: QF_LIA/nec-smt/large/getoption_directories/prp-13-50.smt2
[DEBUG] Predicted solver: Yices2 for benchmark QF_LIA/nec-smt/large/getoption_directories/prp-13-50.smt2
[DEBUG] Benchmark QF_LIA/nec-smt/large/getoption_directories/prp-13-50.smt2: solved=True, runtime=2.99s, PAR-2=2.99s
[DEBUG] Processing 152/896: QF_LIA/nec-smt/large/getoption_directories/prp-13-47.smt2
[DEBUG] Predicted solver: Yices2 for benchmark QF_LIA/nec-smt/large/getoption_directories/prp-13-47.smt2
[DEBUG] Benchmark QF_LIA/nec-smt/large/getoption_directories/prp-13-47.smt2: solved=True, runtime=1.74s, PAR-2=1.74s
[DEBUG] Processing 153/896: QF_LIA/tropical-matrix/constraint-368069.smt2
[DEBUG] Predicted solver: Yices2 for benchmark QF_LIA/tropical-matrix/constraint-368069.smt2
[DEBUG] Benchmark QF_LIA/tropical-matrix/constraint-368069.smt2: solved=False, runtime=1200.00s, PAR-2=2400.00s
[DEBUG] Processing 154/896: QF_LIA/nec-smt/large/getoption_user/prp-27-49.smt2
[DEBUG] Predicted solver: Yices2 for benchmark QF_LIA/nec-smt/large/getoption_user/prp-27-49.smt2
[DEBUG] Benchmark QF_LIA/nec-smt/large/getoption_user/prp-27-49.smt2: solved=True, runtime=1.61s, PAR-2=1.61s
[DEBUG] Processing 155/896: QF_LIA/dillig/35-35.smt2
[DEBUG] Predicted solver: cvc5 for benchmark QF_LIA/dillig/35-35.smt2
[DEBUG] Benchmark QF_LIA/dillig/35-35.smt2: solved=True, runtime=0.50s, PAR-2=0.50s
[DEBUG] Processing 156/896: QF_LIA/pb2010/normalized-j6035_10-sat.smt2
[DEBUG] Predicted solver: Yices2 for benchmark QF_LIA/pb2010/normalized-j6035_10-sat.smt2
[DEBUG] Benchmark QF_LIA/pb2010/normalized-j6035_10-sat.smt2: solved=True, runtime=1.71s, PAR-2=1.71s
[DEBUG] Processing 157/896: QF_LIA/nec-smt/large/getoption_group/prp-58-50.smt2
[DEBUG] Predicted solver: Yices2 for benchmark QF_LIA/nec-smt/large/getoption_group/prp-58-50.smt2
[DEBUG] Benchmark QF_LIA/nec-smt/large/getoption_group/prp-58-50.smt2: solved=True, runtime=0.66s, PAR-2=0.66s
[DEBUG] Processing 158/896: QF_LIA/nec-smt/large/getoption_directories/prp-6-47.smt2
[DEBUG] Predicted solver: Yices2 for benchmark QF_LIA/nec-smt/large/getoption_directories/prp-6-47.smt2
[DEBUG] Benchmark QF_LIA/nec-smt/large/getoption_directories/prp-6-47.smt2: solved=True, runtime=1.51s, PAR-2=1.51s
[DEBUG] Processing 159/896: QF_LIA/20180326-Bromberger/more_slacked/cut_lemmas/15-vars/cut_lemma_02_003.smt2.slack.smt2
[DEBUG] Predicted solver: Z3alpha for benchmark QF_LIA/20180326-Bromberger/more_slacked/cut_lemmas/15-vars/cut_lemma_02_003.smt2.slack.smt2
[DEBUG] Benchmark QF_LIA/20180326-Bromberger/more_slacked/cut_lemmas/15-vars/cut_lemma_02_003.smt2.slack.smt2: solved=True, runtime=0.29s, PAR-2=0.29s
[DEBUG] Processing 160/896: QF_LIA/convert/convert-jpg2gif-query-1483.smt2
[DEBUG] Predicted solver: Z3alpha for benchmark QF_LIA/convert/convert-jpg2gif-query-1483.smt2
[DEBUG] Benchmark QF_LIA/convert/convert-jpg2gif-query-1483.smt2: solved=True, runtime=0.92s, PAR-2=0.92s
[DEBUG] Processing 161/896: QF_LIA/20220307-SMPT/SharedMemory-PT-000200/RC-09.smt2
[DEBUG] Predicted solver: Yices2 for benchmark QF_LIA/20220307-SMPT/SharedMemory-PT-000200/RC-09.smt2
[DEBUG] Benchmark QF_LIA/20220307-SMPT/SharedMemory-PT-000200/RC-09.smt2: solved=True, runtime=897.69s, PAR-2=897.69s
[DEBUG] Processing 162/896: QF_LIA/slacks/35-33.slack.smt2
[DEBUG] Predicted solver: Z3alpha for benchmark QF_LIA/slacks/35-33.slack.smt2
[DEBUG] Benchmark QF_LIA/slacks/35-33.slack.smt2: solved=True, runtime=0.92s, PAR-2=0.92s
[DEBUG] Processing 163/896: QF_LIA/20180326-Bromberger/more_slacked/CAV_2009_benchmarks/smt/40-vars/v40_problem__014.smt2.slack.smt2
[DEBUG] Predicted solver: Z3alpha for benchmark QF_LIA/20180326-Bromberger/more_slacked/CAV_2009_benchmarks/smt/40-vars/v40_problem__014.smt2.slack.smt2
[DEBUG] Benchmark QF_LIA/20180326-Bromberger/more_slacked/CAV_2009_benchmarks/smt/40-vars/v40_problem__014.smt2.slack.smt2: solved=True, runtime=0.31s, PAR-2=0.31s
[DEBUG] Processing 164/896: QF_LIA/arctic-matrix/constraint-1545063.smt2
[DEBUG] Predicted solver: Yices2 for benchmark QF_LIA/arctic-matrix/constraint-1545063.smt2
[DEBUG] Benchmark QF_LIA/arctic-matrix/constraint-1545063.smt2: solved=True, runtime=764.67s, PAR-2=764.67s
[DEBUG] Processing 165/896: QF_LIA/CAV_2009_benchmarks/smt/45-vars/problem__026.smt2
[DEBUG] Predicted solver: cvc5 for benchmark QF_LIA/CAV_2009_benchmarks/smt/45-vars/problem__026.smt2
[DEBUG] Benchmark QF_LIA/CAV_2009_benchmarks/smt/45-vars/problem__026.smt2: solved=True, runtime=0.58s, PAR-2=0.58s
[DEBUG] Processing 166/896: QF_LIA/nec-smt/large/getoption_group/prp-57-50.smt2
[DEBUG] Predicted solver: Yices2 for benchmark QF_LIA/nec-smt/large/getoption_group/prp-57-50.smt2
[DEBUG] Benchmark QF_LIA/nec-smt/large/getoption_group/prp-57-50.smt2: solved=True, runtime=0.59s, PAR-2=0.59s
[DEBUG] Processing 167/896: QF_LIA/nec-smt/large/getoption_group/prp-46-49.smt2
[DEBUG] Predicted solver: Yices2 for benchmark QF_LIA/nec-smt/large/getoption_group/prp-46-49.smt2
[DEBUG] Benchmark QF_LIA/nec-smt/large/getoption_group/prp-46-49.smt2: solved=True, runtime=0.53s, PAR-2=0.53s
[DEBUG] Processing 168/896: QF_LIA/CAV_2009_benchmarks/smt/45-vars/problem_2__027.smt2
[DEBUG] Predicted solver: cvc5 for benchmark QF_LIA/CAV_2009_benchmarks/smt/45-vars/problem_2__027.smt2
[DEBUG] Benchmark QF_LIA/CAV_2009_benchmarks/smt/45-vars/problem_2__027.smt2: solved=True, runtime=0.52s, PAR-2=0.52s
[DEBUG] Processing 169/896: QF_LIA/nec-smt/large/getoption_group/prp-55-48.smt2
[DEBUG] Predicted solver: Yices2 for benchmark QF_LIA/nec-smt/large/getoption_group/prp-55-48.smt2
[DEBUG] Benchmark QF_LIA/nec-smt/large/getoption_group/prp-55-48.smt2: solved=True, runtime=0.43s, PAR-2=0.43s
[DEBUG] Processing 170/896: QF_LIA/tropical-matrix/constraint-244431.smt2
[DEBUG] Predicted solver: OpenSMT for benchmark QF_LIA/tropical-matrix/constraint-244431.smt2
[DEBUG] Benchmark QF_LIA/tropical-matrix/constraint-244431.smt2: solved=True, runtime=197.50s, PAR-2=197.50s
[DEBUG] Processing 171/896: QF_LIA/rings_preprocessed/ring_2exp10_7vars_2ite_unsat.smt2
[DEBUG] Predicted solver: cvc5 for benchmark QF_LIA/rings_preprocessed/ring_2exp10_7vars_2ite_unsat.smt2
[DEBUG] Benchmark QF_LIA/rings_preprocessed/ring_2exp10_7vars_2ite_unsat.smt2: solved=True, runtime=0.24s, PAR-2=0.24s
[DEBUG] Processing 172/896: QF_LIA/convert/convert-jpg2gif-query-1457.smt2
[DEBUG] Predicted solver: OpenSMT for benchmark QF_LIA/convert/convert-jpg2gif-query-1457.smt2
[DEBUG] Benchmark QF_LIA/convert/convert-jpg2gif-query-1457.smt2: solved=True, runtime=0.48s, PAR-2=0.48s
[DEBUG] Processing 173/896: QF_LIA/20220307-SMPT/SharedMemory-PT-000100/RF-05.smt2
[DEBUG] Predicted solver: Yices2 for benchmark QF_LIA/20220307-SMPT/SharedMemory-PT-000100/RF-05.smt2
[DEBUG] Benchmark QF_LIA/20220307-SMPT/SharedMemory-PT-000100/RF-05.smt2: solved=True, runtime=34.00s, PAR-2=34.00s
[DEBUG] Processing 174/896: QF_LIA/20231117-c_inference/100_100_36_15_sat.smt2
[DEBUG] Predicted solver: OpenSMT for benchmark QF_LIA/20231117-c_inference/100_100_36_15_sat.smt2
[DEBUG] Benchmark QF_LIA/20231117-c_inference/100_100_36_15_sat.smt2: solved=False, runtime=1200.00s, PAR-2=2400.00s
[DEBUG] Processing 175/896: QF_LIA/slacks/40-28.slack.smt2
[DEBUG] Predicted solver: cvc5 for benchmark QF_LIA/slacks/40-28.slack.smt2
[DEBUG] Benchmark QF_LIA/slacks/40-28.slack.smt2: solved=False, runtime=1200.00s, PAR-2=2400.00s
[DEBUG] Processing 176/896: QF_LIA/nec-smt/large/getoption_user/prp-5-47.smt2
[DEBUG] Predicted solver: Yices2 for benchmark QF_LIA/nec-smt/large/getoption_user/prp-5-47.smt2
[DEBUG] Benchmark QF_LIA/nec-smt/large/getoption_user/prp-5-47.smt2: solved=True, runtime=1.11s, PAR-2=1.11s
[DEBUG] Processing 177/896: QF_LIA/20180326-Bromberger/more_slacked/cut_lemmas/20-vars/cut_lemma_03_007.smt2.slack.smt2
[DEBUG] Predicted solver: Z3alpha for benchmark QF_LIA/20180326-Bromberger/more_slacked/cut_lemmas/20-vars/cut_lemma_03_007.smt2.slack.smt2
[DEBUG] Benchmark QF_LIA/20180326-Bromberger/more_slacked/cut_lemmas/20-vars/cut_lemma_03_007.smt2.slack.smt2: solved=True, runtime=7.71s, PAR-2=7.71s
[DEBUG] Processing 178/896: QF_LIA/nec-smt/large/getoption_group/prp-1-47.smt2
[DEBUG] Predicted solver: Yices2 for benchmark QF_LIA/nec-smt/large/getoption_group/prp-1-47.smt2
[DEBUG] Benchmark QF_LIA/nec-smt/large/getoption_group/prp-1-47.smt2: solved=True, runtime=0.42s, PAR-2=0.42s
[DEBUG] Processing 179/896: QF_LIA/nec-smt/large/getoption_user/prp-34-48.smt2
[DEBUG] Predicted solver: Yices2 for benchmark QF_LIA/nec-smt/large/getoption_user/prp-34-48.smt2
[DEBUG] Benchmark QF_LIA/nec-smt/large/getoption_user/prp-34-48.smt2: solved=True, runtime=1.50s, PAR-2=1.50s
[DEBUG] Processing 180/896: QF_LIA/20231117-c_inference/80_80_52_5_sat.smt2
[DEBUG] Predicted solver: OpenSMT for benchmark QF_LIA/20231117-c_inference/80_80_52_5_sat.smt2
[DEBUG] Benchmark QF_LIA/20231117-c_inference/80_80_52_5_sat.smt2: solved=False, runtime=1200.00s, PAR-2=2400.00s
[DEBUG] Processing 181/896: QF_LIA/20180326-Bromberger/more_slacked/CAV_2009_benchmarks/smt/25-vars/v25_problem__028.smt2.slack.smt2
[DEBUG] Predicted solver: Z3alpha for benchmark QF_LIA/20180326-Bromberger/more_slacked/CAV_2009_benchmarks/smt/25-vars/v25_problem__028.smt2.slack.smt2
[DEBUG] Benchmark QF_LIA/20180326-Bromberger/more_slacked/CAV_2009_benchmarks/smt/25-vars/v25_problem__028.smt2.slack.smt2: solved=True, runtime=24.03s, PAR-2=24.03s
[DEBUG] Processing 182/896: QF_LIA/CAV_2009_benchmarks/coef-size/smt/size-90/problem__002.smt2
[DEBUG] Predicted solver: cvc5 for benchmark QF_LIA/CAV_2009_benchmarks/coef-size/smt/size-90/problem__002.smt2
[DEBUG] Benchmark QF_LIA/CAV_2009_benchmarks/coef-size/smt/size-90/problem__002.smt2: solved=True, runtime=0.23s, PAR-2=0.23s
[DEBUG] Processing 183/896: QF_LIA/nec-smt/large/getoption_group/prp-61-47.smt2
[DEBUG] Predicted solver: Yices2 for benchmark QF_LIA/nec-smt/large/getoption_group/prp-61-47.smt2
[DEBUG] Benchmark QF_LIA/nec-smt/large/getoption_group/prp-61-47.smt2: solved=True, runtime=0.40s, PAR-2=0.40s
[DEBUG] Processing 184/896: QF_LIA/nec-smt/large/getoption_group/prp-36-48.smt2
[DEBUG] Predicted solver: Yices2 for benchmark QF_LIA/nec-smt/large/getoption_group/prp-36-48.smt2
[DEBUG] Benchmark QF_LIA/nec-smt/large/getoption_group/prp-36-48.smt2: solved=True, runtime=0.50s, PAR-2=0.50s
[DEBUG] Processing 185/896: QF_LIA/nec-smt/large/getoption_group/prp-5-48.smt2
[DEBUG] Predicted solver: Yices2 for benchmark QF_LIA/nec-smt/large/getoption_group/prp-5-48.smt2
[DEBUG] Benchmark QF_LIA/nec-smt/large/getoption_group/prp-5-48.smt2: solved=True, runtime=0.43s, PAR-2=0.43s
[DEBUG] Processing 186/896: QF_LIA/convert/convert-jpg2gif-query-1435.smt2
[DEBUG] Predicted solver: OpenSMT for benchmark QF_LIA/convert/convert-jpg2gif-query-1435.smt2
[DEBUG] Benchmark QF_LIA/convert/convert-jpg2gif-query-1435.smt2: solved=True, runtime=0.59s, PAR-2=0.59s
[DEBUG] Processing 187/896: QF_LIA/CAV_2009_benchmarks/coef-size/smt/size-50/problem__003.smt2
[DEBUG] Predicted solver: cvc5 for benchmark QF_LIA/CAV_2009_benchmarks/coef-size/smt/size-50/problem__003.smt2
[DEBUG] Benchmark QF_LIA/CAV_2009_benchmarks/coef-size/smt/size-50/problem__003.smt2: solved=True, runtime=0.26s, PAR-2=0.26s
[DEBUG] Processing 188/896: QF_LIA/nec-smt/large/getoption_group/prp-67-49.smt2
[DEBUG] Predicted solver: Yices2 for benchmark QF_LIA/nec-smt/large/getoption_group/prp-67-49.smt2
[DEBUG] Benchmark QF_LIA/nec-smt/large/getoption_group/prp-67-49.smt2: solved=True, runtime=0.46s, PAR-2=0.46s
[DEBUG] Processing 189/896: QF_LIA/2019-cmodelsdiff/wireRouting/wire.12.x.12.b.5.a.15_unsat.data.smt2
[DEBUG] Predicted solver: Yices2 for benchmark QF_LIA/2019-cmodelsdiff/wireRouting/wire.12.x.12.b.5.a.15_unsat.data.smt2
[DEBUG] Benchmark QF_LIA/2019-cmodelsdiff/wireRouting/wire.12.x.12.b.5.a.15_unsat.data.smt2: solved=False, runtime=1200.00s, PAR-2=2400.00s
[DEBUG] Processing 190/896: QF_LIA/miplib2003/air05.sat.smt2
[DEBUG] Predicted solver: Yices2 for benchmark QF_LIA/miplib2003/air05.sat.smt2
[DEBUG] Benchmark QF_LIA/miplib2003/air05.sat.smt2: solved=False, runtime=1200.00s, PAR-2=2400.00s
[DEBUG] Processing 191/896: QF_LIA/rings/ring_2exp4_9vars_6ite_unsat.smt2
[DEBUG] Predicted solver: Yices2 for benchmark QF_LIA/rings/ring_2exp4_9vars_6ite_unsat.smt2
[DEBUG] Benchmark QF_LIA/rings/ring_2exp4_9vars_6ite_unsat.smt2: solved=True, runtime=0.21s, PAR-2=0.21s
[DEBUG] Processing 192/896: QF_LIA/convert/convert-jpg2gif-query-1593.smt2
[DEBUG] Predicted solver: Z3alpha for benchmark QF_LIA/convert/convert-jpg2gif-query-1593.smt2
[DEBUG] Benchmark QF_LIA/convert/convert-jpg2gif-query-1593.smt2: solved=True, runtime=0.52s, PAR-2=0.52s
[DEBUG] Processing 193/896: QF_LIA/slacks/40-29.slack.smt2
[DEBUG] Predicted solver: cvc5 for benchmark QF_LIA/slacks/40-29.slack.smt2
[DEBUG] Benchmark QF_LIA/slacks/40-29.slack.smt2: solved=True, runtime=1.11s, PAR-2=1.11s
[DEBUG] Processing 194/896: QF_LIA/rings_preprocessed/ring_2exp6_7vars_4ite_unsat.smt2
[DEBUG] Predicted solver: cvc5 for benchmark QF_LIA/rings_preprocessed/ring_2exp6_7vars_4ite_unsat.smt2
[DEBUG] Benchmark QF_LIA/rings_preprocessed/ring_2exp6_7vars_4ite_unsat.smt2: solved=True, runtime=0.24s, PAR-2=0.24s
[DEBUG] Processing 195/896: QF_LIA/nec-smt/large/getoption_group/prp-61-48.smt2
[DEBUG] Predicted solver: Yices2 for benchmark QF_LIA/nec-smt/large/getoption_group/prp-61-48.smt2
[DEBUG] Benchmark QF_LIA/nec-smt/large/getoption_group/prp-61-48.smt2: solved=True, runtime=0.42s, PAR-2=0.42s
[DEBUG] Processing 196/896: QF_LIA/nec-smt/large/getoption_group/prp-41-47.smt2
[DEBUG] Predicted solver: Yices2 for benchmark QF_LIA/nec-smt/large/getoption_group/prp-41-47.smt2
[DEBUG] Benchmark QF_LIA/nec-smt/large/getoption_group/prp-41-47.smt2: solved=True, runtime=0.42s, PAR-2=0.42s
[DEBUG] Processing 197/896: QF_LIA/nec-smt/large/getoption_directories/prp-8-46.smt2
[DEBUG] Predicted solver: Yices2 for benchmark QF_LIA/nec-smt/large/getoption_directories/prp-8-46.smt2
[DEBUG] Benchmark QF_LIA/nec-smt/large/getoption_directories/prp-8-46.smt2: solved=True, runtime=0.99s, PAR-2=0.99s
[DEBUG] Processing 198/896: QF_LIA/nec-smt/large/getoption_user/prp-1-49.smt2
[DEBUG] Predicted solver: Yices2 for benchmark QF_LIA/nec-smt/large/getoption_user/prp-1-49.smt2
[DEBUG] Benchmark QF_LIA/nec-smt/large/getoption_user/prp-1-49.smt2: solved=True, runtime=0.80s, PAR-2=0.80s
[DEBUG] Processing 199/896: QF_LIA/nec-smt/large/getoption_group/prp-72-49.smt2
[DEBUG] Predicted solver: Yices2 for benchmark QF_LIA/nec-smt/large/getoption_group/prp-72-49.smt2
[DEBUG] Benchmark QF_LIA/nec-smt/large/getoption_group/prp-72-49.smt2: solved=True, runtime=0.23s, PAR-2=0.23s
[DEBUG] Processing 200/896: QF_LIA/nec-smt/large/getoption/prp-3-198.smt2
[DEBUG] Predicted solver: Yices2 for benchmark QF_LIA/nec-smt/large/getoption/prp-3-198.smt2
[DEBUG] Benchmark QF_LIA/nec-smt/large/getoption/prp-3-198.smt2: solved=True, runtime=1.64s, PAR-2=1.64s
[DEBUG] Processing 201/896: QF_LIA/convert/convert-jpg2gif-query-1461.smt2
[DEBUG] Predicted solver: OpenSMT for benchmark QF_LIA/convert/convert-jpg2gif-query-1461.smt2
[DEBUG] Benchmark QF_LIA/convert/convert-jpg2gif-query-1461.smt2: solved=True, runtime=0.54s, PAR-2=0.54s
[DEBUG] Processing 202/896: QF_LIA/nec-smt/large/getoption_user/prp-4-46.smt2
[DEBUG] Predicted solver: Yices2 for benchmark QF_LIA/nec-smt/large/getoption_user/prp-4-46.smt2
[DEBUG] Benchmark QF_LIA/nec-smt/large/getoption_user/prp-4-46.smt2: solved=True, runtime=1.02s, PAR-2=1.02s
[DEBUG] Processing 203/896: QF_LIA/nec-smt/large/getoption_group/prp-75-50.smt2
[DEBUG] Predicted solver: Yices2 for benchmark QF_LIA/nec-smt/large/getoption_group/prp-75-50.smt2
[DEBUG] Benchmark QF_LIA/nec-smt/large/getoption_group/prp-75-50.smt2: solved=True, runtime=0.52s, PAR-2=0.52s
[DEBUG] Processing 204/896: QF_LIA/pb2010/normalized-j3037_5-sat.smt2
[DEBUG] Predicted solver: Yices2 for benchmark QF_LIA/pb2010/normalized-j3037_5-sat.smt2
[DEBUG] Benchmark QF_LIA/pb2010/normalized-j3037_5-sat.smt2: solved=True, runtime=179.53s, PAR-2=179.53s
[DEBUG] Processing 205/896: QF_LIA/20180326-Bromberger/more_slacked/CAV_2009_benchmarks/coef-size/smt/size-30/c30_problem__005.smt2.slack.smt2
[DEBUG] Predicted solver: Z3alpha for benchmark QF_LIA/20180326-Bromberger/more_slacked/CAV_2009_benchmarks/coef-size/smt/size-30/c30_problem__005.smt2.slack.smt2
[DEBUG] Benchmark QF_LIA/20180326-Bromberger/more_slacked/CAV_2009_benchmarks/coef-size/smt/size-30/c30_problem__005.smt2.slack.smt2: solved=True, runtime=0.32s, PAR-2=0.32s
[DEBUG] Processing 206/896: QF_LIA/nec-smt/large/checkpass_pwd/prp-37-48.smt2
[DEBUG] Predicted solver: Yices2 for benchmark QF_LIA/nec-smt/large/checkpass_pwd/prp-37-48.smt2
[DEBUG] Benchmark QF_LIA/nec-smt/large/checkpass_pwd/prp-37-48.smt2: solved=True, runtime=2.40s, PAR-2=2.40s
[DEBUG] Processing 207/896: QF_LIA/convert/convert-jpg2gif-query-1419.smt2
[DEBUG] Predicted solver: OpenSMT for benchmark QF_LIA/convert/convert-jpg2gif-query-1419.smt2
[DEBUG] Benchmark QF_LIA/convert/convert-jpg2gif-query-1419.smt2: solved=True, runtime=0.44s, PAR-2=0.44s
[DEBUG] Processing 208/896: QF_LIA/slacks/35-29.slack.smt2
[DEBUG] Predicted solver: Z3alpha for benchmark QF_LIA/slacks/35-29.slack.smt2
[DEBUG] Benchmark QF_LIA/slacks/35-29.slack.smt2: solved=True, runtime=0.99s, PAR-2=0.99s
[DEBUG] Processing 209/896: QF_LIA/convert/convert-jpg2gif-query-1443.smt2
[DEBUG] Predicted solver: OpenSMT for benchmark QF_LIA/convert/convert-jpg2gif-query-1443.smt2
[DEBUG] Benchmark QF_LIA/convert/convert-jpg2gif-query-1443.smt2: solved=True, runtime=2.27s, PAR-2=2.27s
[DEBUG] Processing 210/896: QF_LIA/rings_preprocessed/ring_2exp12_6vars_4ite_unsat.smt2
[DEBUG] Predicted solver: cvc5 for benchmark QF_LIA/rings_preprocessed/ring_2exp12_6vars_4ite_unsat.smt2
[DEBUG] Benchmark QF_LIA/rings_preprocessed/ring_2exp12_6vars_4ite_unsat.smt2: solved=True, runtime=0.24s, PAR-2=0.24s
[DEBUG] Processing 211/896: QF_LIA/convert/convert-jpg2gif-query-1199.smt2
[DEBUG] Predicted solver: OpenSMT for benchmark QF_LIA/convert/convert-jpg2gif-query-1199.smt2
[DEBUG] Benchmark QF_LIA/convert/convert-jpg2gif-query-1199.smt2: solved=True, runtime=0.47s, PAR-2=0.47s
[DEBUG] Processing 212/896: QF_LIA/nec-smt/large/checkpass_pwd/prp-43-40.smt2
[DEBUG] Predicted solver: Yices2 for benchmark QF_LIA/nec-smt/large/checkpass_pwd/prp-43-40.smt2
[DEBUG] Benchmark QF_LIA/nec-smt/large/checkpass_pwd/prp-43-40.smt2: solved=True, runtime=0.69s, PAR-2=0.69s
[DEBUG] Processing 213/896: QF_LIA/nec-smt/large/checkpass_pwd/prp-48-44.smt2
[DEBUG] Predicted solver: Yices2 for benchmark QF_LIA/nec-smt/large/checkpass_pwd/prp-48-44.smt2
[DEBUG] Benchmark QF_LIA/nec-smt/large/checkpass_pwd/prp-48-44.smt2: solved=True, runtime=3.11s, PAR-2=3.11s
[DEBUG] Processing 214/896: QF_LIA/nec-smt/large/getoption_group/prp-65-50.smt2
[DEBUG] Predicted solver: Yices2 for benchmark QF_LIA/nec-smt/large/getoption_group/prp-65-50.smt2
[DEBUG] Benchmark QF_LIA/nec-smt/large/getoption_group/prp-65-50.smt2: solved=True, runtime=0.50s, PAR-2=0.50s
[DEBUG] Processing 215/896: QF_LIA/convert/convert-jpg2gif-query-1463.smt2
[DEBUG] Predicted solver: Z3alpha for benchmark QF_LIA/convert/convert-jpg2gif-query-1463.smt2
[DEBUG] Benchmark QF_LIA/convert/convert-jpg2gif-query-1463.smt2: solved=True, runtime=0.38s, PAR-2=0.38s
[DEBUG] Processing 216/896: QF_LIA/nec-smt/large/getoption_directories/prp-9-50.smt2
[DEBUG] Predicted solver: Yices2 for benchmark QF_LIA/nec-smt/large/getoption_directories/prp-9-50.smt2
[DEBUG] Benchmark QF_LIA/nec-smt/large/getoption_directories/prp-9-50.smt2: solved=True, runtime=3.06s, PAR-2=3.06s
[DEBUG] Processing 217/896: QF_LIA/20230321-UltimateAutomizerSvcomp2023/jain_5-2.c_1.smt2
[DEBUG] Predicted solver: SMTInterpol for benchmark QF_LIA/20230321-UltimateAutomizerSvcomp2023/jain_5-2.c_1.smt2
[DEBUG] Benchmark QF_LIA/20230321-UltimateAutomizerSvcomp2023/jain_5-2.c_1.smt2: solved=True, runtime=0.37s, PAR-2=0.37s
[DEBUG] Processing 218/896: QF_LIA/nec-smt/large/getoption_group/prp-68-49.smt2
[DEBUG] Predicted solver: Yices2 for benchmark QF_LIA/nec-smt/large/getoption_group/prp-68-49.smt2
[DEBUG] Benchmark QF_LIA/nec-smt/large/getoption_group/prp-68-49.smt2: solved=True, runtime=0.42s, PAR-2=0.42s
[DEBUG] Processing 219/896: QF_LIA/20180326-Bromberger/more_slacked/CAV_2009_benchmarks/smt/25-vars/v25_problem__035.smt2.slack.smt2
[DEBUG] Predicted solver: Z3alpha for benchmark QF_LIA/20180326-Bromberger/more_slacked/CAV_2009_benchmarks/smt/25-vars/v25_problem__035.smt2.slack.smt2
[DEBUG] Benchmark QF_LIA/20180326-Bromberger/more_slacked/CAV_2009_benchmarks/smt/25-vars/v25_problem__035.smt2.slack.smt2: solved=True, runtime=385.32s, PAR-2=385.32s
[DEBUG] Processing 220/896: QF_LIA/rings/ring_2exp14_8vars_5ite_unsat.smt2
[DEBUG] Predicted solver: Yices2 for benchmark QF_LIA/rings/ring_2exp14_8vars_5ite_unsat.smt2
[DEBUG] Benchmark QF_LIA/rings/ring_2exp14_8vars_5ite_unsat.smt2: solved=True, runtime=0.24s, PAR-2=0.24s
[DEBUG] Processing 221/896: QF_LIA/nec-smt/large/checkpass_pwd/prp-44-44.smt2
[DEBUG] Predicted solver: Yices2 for benchmark QF_LIA/nec-smt/large/checkpass_pwd/prp-44-44.smt2
[DEBUG] Benchmark QF_LIA/nec-smt/large/checkpass_pwd/prp-44-44.smt2: solved=True, runtime=4.39s, PAR-2=4.39s
[DEBUG] Processing 222/896: QF_LIA/nec-smt/large/getoption_group/prp-39-49.smt2
[DEBUG] Predicted solver: Yices2 for benchmark QF_LIA/nec-smt/large/getoption_group/prp-39-49.smt2
[DEBUG] Benchmark QF_LIA/nec-smt/large/getoption_group/prp-39-49.smt2: solved=True, runtime=0.61s, PAR-2=0.61s
[DEBUG] Processing 223/896: QF_LIA/nec-smt/large/getoption_user/prp-51-50.smt2
[DEBUG] Predicted solver: Yices2 for benchmark QF_LIA/nec-smt/large/getoption_user/prp-51-50.smt2
[DEBUG] Benchmark QF_LIA/nec-smt/large/getoption_user/prp-51-50.smt2: solved=True, runtime=2.88s, PAR-2=2.88s
[DEBUG] Processing 224/896: QF_LIA/nec-smt/large/getoption_user/prp-20-50.smt2
[DEBUG] Predicted solver: Yices2 for benchmark QF_LIA/nec-smt/large/getoption_user/prp-20-50.smt2
[DEBUG] Benchmark QF_LIA/nec-smt/large/getoption_user/prp-20-50.smt2: solved=True, runtime=4.47s, PAR-2=4.47s
[DEBUG] Processing 225/896: QF_LIA/convert/convert-jpg2gif-query-1436.smt2
[DEBUG] Predicted solver: OpenSMT for benchmark QF_LIA/convert/convert-jpg2gif-query-1436.smt2
[DEBUG] Benchmark QF_LIA/convert/convert-jpg2gif-query-1436.smt2: solved=True, runtime=0.50s, PAR-2=0.50s
[DEBUG] Processing 226/896: QF_LIA/20231117-c_inference/80_80_27_17_sat.smt2
[DEBUG] Predicted solver: OpenSMT for benchmark QF_LIA/20231117-c_inference/80_80_27_17_sat.smt2
[DEBUG] Benchmark QF_LIA/20231117-c_inference/80_80_27_17_sat.smt2: solved=False, runtime=1200.00s, PAR-2=2400.00s
[DEBUG] Processing 227/896: QF_LIA/rings_preprocessed/ring_2exp14_9vars_2ite_unsat.smt2
[DEBUG] Predicted solver: cvc5 for benchmark QF_LIA/rings_preprocessed/ring_2exp14_9vars_2ite_unsat.smt2
[DEBUG] Benchmark QF_LIA/rings_preprocessed/ring_2exp14_9vars_2ite_unsat.smt2: solved=True, runtime=0.28s, PAR-2=0.28s
[DEBUG] Processing 228/896: QF_LIA/rings_preprocessed/ring_2exp10_8vars_5ite_unsat.smt2
[DEBUG] Predicted solver: cvc5 for benchmark QF_LIA/rings_preprocessed/ring_2exp10_8vars_5ite_unsat.smt2
[DEBUG] Benchmark QF_LIA/rings_preprocessed/ring_2exp10_8vars_5ite_unsat.smt2: solved=True, runtime=0.25s, PAR-2=0.25s
[DEBUG] Processing 229/896: QF_LIA/nec-smt/large/getoption_group/prp-19-49.smt2
[DEBUG] Predicted solver: Yices2 for benchmark QF_LIA/nec-smt/large/getoption_group/prp-19-49.smt2
[DEBUG] Benchmark QF_LIA/nec-smt/large/getoption_group/prp-19-49.smt2: solved=True, runtime=0.50s, PAR-2=0.50s
[DEBUG] Processing 230/896: QF_LIA/CAV_2009_benchmarks/coef-size/smt/size-80/problem__002.smt2
[DEBUG] Predicted solver: cvc5 for benchmark QF_LIA/CAV_2009_benchmarks/coef-size/smt/size-80/problem__002.smt2
[DEBUG] Benchmark QF_LIA/CAV_2009_benchmarks/coef-size/smt/size-80/problem__002.smt2: solved=True, runtime=0.23s, PAR-2=0.23s
[DEBUG] Processing 231/896: QF_LIA/20180326-Bromberger/more_slacked/CAV_2009_benchmarks/smt/40-vars/v40_problem__011.smt2.slack.smt2
[DEBUG] Predicted solver: Z3alpha for benchmark QF_LIA/20180326-Bromberger/more_slacked/CAV_2009_benchmarks/smt/40-vars/v40_problem__011.smt2.slack.smt2
[DEBUG] Benchmark QF_LIA/20180326-Bromberger/more_slacked/CAV_2009_benchmarks/smt/40-vars/v40_problem__011.smt2.slack.smt2: solved=True, runtime=0.30s, PAR-2=0.30s
[DEBUG] Processing 232/896: QF_LIA/nec-smt/med/getoption_group/prp-26-41.smt2
[DEBUG] Predicted solver: Yices2 for benchmark QF_LIA/nec-smt/med/getoption_group/prp-26-41.smt2
[DEBUG] Benchmark QF_LIA/nec-smt/med/getoption_group/prp-26-41.smt2: solved=True, runtime=0.30s, PAR-2=0.30s
[DEBUG] Processing 233/896: QF_LIA/nec-smt/large/checkpass_pwd/prp-54-49.smt2
[DEBUG] Predicted solver: Yices2 for benchmark QF_LIA/nec-smt/large/checkpass_pwd/prp-54-49.smt2
[DEBUG] Benchmark QF_LIA/nec-smt/large/checkpass_pwd/prp-54-49.smt2: solved=True, runtime=7.35s, PAR-2=7.35s
[DEBUG] Processing 234/896: QF_LIA/rings_preprocessed/ring_2exp14_8vars_4ite_unsat.smt2
[DEBUG] Predicted solver: cvc5 for benchmark QF_LIA/rings_preprocessed/ring_2exp14_8vars_4ite_unsat.smt2
[DEBUG] Benchmark QF_LIA/rings_preprocessed/ring_2exp14_8vars_4ite_unsat.smt2: solved=True, runtime=0.25s, PAR-2=0.25s
[DEBUG] Processing 235/896: QF_LIA/nec-smt/large/getoption_group/prp-5-47.smt2
[DEBUG] Predicted solver: Yices2 for benchmark QF_LIA/nec-smt/large/getoption_group/prp-5-47.smt2
[DEBUG] Benchmark QF_LIA/nec-smt/large/getoption_group/prp-5-47.smt2: solved=True, runtime=0.49s, PAR-2=0.49s
[DEBUG] Processing 236/896: QF_LIA/nec-smt/large/getoption_directories/prp-11-46.smt2
[DEBUG] Predicted solver: Yices2 for benchmark QF_LIA/nec-smt/large/getoption_directories/prp-11-46.smt2
[DEBUG] Benchmark QF_LIA/nec-smt/large/getoption_directories/prp-11-46.smt2: solved=True, runtime=1.53s, PAR-2=1.53s
[DEBUG] Processing 237/896: QF_LIA/slacks/40-18.slack.smt2
[DEBUG] Predicted solver: Z3alpha for benchmark QF_LIA/slacks/40-18.slack.smt2
[DEBUG] Benchmark QF_LIA/slacks/40-18.slack.smt2: solved=True, runtime=0.30s, PAR-2=0.30s
[DEBUG] Processing 238/896: QF_LIA/rings/ring_2exp16_9vars_8ite_unsat.smt2
[DEBUG] Predicted solver: Yices2 for benchmark QF_LIA/rings/ring_2exp16_9vars_8ite_unsat.smt2
[DEBUG] Benchmark QF_LIA/rings/ring_2exp16_9vars_8ite_unsat.smt2: solved=True, runtime=0.25s, PAR-2=0.25s
[DEBUG] Processing 239/896: QF_LIA/rings_preprocessed/ring_2exp6_9vars_5ite_unsat.smt2
[DEBUG] Predicted solver: cvc5 for benchmark QF_LIA/rings_preprocessed/ring_2exp6_9vars_5ite_unsat.smt2
[DEBUG] Benchmark QF_LIA/rings_preprocessed/ring_2exp6_9vars_5ite_unsat.smt2: solved=True, runtime=0.29s, PAR-2=0.29s
[DEBUG] Processing 240/896: QF_LIA/20180326-Bromberger/more_slacked/cut_lemmas/20-vars/cut_lemma_02_015.smt2.slack.smt2
[DEBUG] Predicted solver: Z3alpha for benchmark QF_LIA/20180326-Bromberger/more_slacked/cut_lemmas/20-vars/cut_lemma_02_015.smt2.slack.smt2
[DEBUG] Benchmark QF_LIA/20180326-Bromberger/more_slacked/cut_lemmas/20-vars/cut_lemma_02_015.smt2.slack.smt2: solved=True, runtime=0.31s, PAR-2=0.31s
[DEBUG] Processing 241/896: QF_LIA/rings/ring_2exp6_9vars_7ite_unsat.smt2
[DEBUG] Predicted solver: Yices2 for benchmark QF_LIA/rings/ring_2exp6_9vars_7ite_unsat.smt2
[DEBUG] Benchmark QF_LIA/rings/ring_2exp6_9vars_7ite_unsat.smt2: solved=True, runtime=0.21s, PAR-2=0.21s
[DEBUG] Processing 242/896: QF_LIA/nec-smt/large/getoption_directories/prp-0-111.smt2
[DEBUG] Predicted solver: Yices2 for benchmark QF_LIA/nec-smt/large/getoption_directories/prp-0-111.smt2
[DEBUG] Benchmark QF_LIA/nec-smt/large/getoption_directories/prp-0-111.smt2: solved=True, runtime=17.09s, PAR-2=17.09s
[DEBUG] Processing 243/896: QF_LIA/nec-smt/large/getoption_group/prp-60-47.smt2
[DEBUG] Predicted solver: Yices2 for benchmark QF_LIA/nec-smt/large/getoption_group/prp-60-47.smt2
[DEBUG] Benchmark QF_LIA/nec-smt/large/getoption_group/prp-60-47.smt2: solved=True, runtime=0.23s, PAR-2=0.23s
[DEBUG] Processing 244/896: QF_LIA/20220307-SMPT/RwMutex-PT-r0010w2000/RC-11.smt2
[DEBUG] Predicted solver: Yices2 for benchmark QF_LIA/20220307-SMPT/RwMutex-PT-r0010w2000/RC-11.smt2
[DEBUG] Benchmark QF_LIA/20220307-SMPT/RwMutex-PT-r0010w2000/RC-11.smt2: solved=True, runtime=0.34s, PAR-2=0.34s
[DEBUG] Processing 245/896: QF_LIA/20180326-Bromberger/unbd-sage/unbd025v30c/unbd-sage16.smt2
[DEBUG] Predicted solver: Z3alpha for benchmark QF_LIA/20180326-Bromberger/unbd-sage/unbd025v30c/unbd-sage16.smt2
[DEBUG] Benchmark QF_LIA/20180326-Bromberger/unbd-sage/unbd025v30c/unbd-sage16.smt2: solved=True, runtime=236.21s, PAR-2=236.21s
[DEBUG] Processing 246/896: QF_LIA/20180326-Bromberger/more_slacked/CAV_2009_benchmarks/smt/35-vars/v35_problem_2__023.smt2.slack.smt2
[DEBUG] Predicted solver: Z3alpha for benchmark QF_LIA/20180326-Bromberger/more_slacked/CAV_2009_benchmarks/smt/35-vars/v35_problem_2__023.smt2.slack.smt2
[DEBUG] Benchmark QF_LIA/20180326-Bromberger/more_slacked/CAV_2009_benchmarks/smt/35-vars/v35_problem_2__023.smt2.slack.smt2: solved=True, runtime=0.59s, PAR-2=0.59s
[DEBUG] Processing 247/896: QF_LIA/nec-smt/large/getoption_group/prp-4-47.smt2
[DEBUG] Predicted solver: Yices2 for benchmark QF_LIA/nec-smt/large/getoption_group/prp-4-47.smt2
[DEBUG] Benchmark QF_LIA/nec-smt/large/getoption_group/prp-4-47.smt2: solved=True, runtime=0.47s, PAR-2=0.47s
[DEBUG] Processing 248/896: QF_LIA/nec-smt/large/getoption_directories/prp-9-48.smt2
[DEBUG] Predicted solver: Yices2 for benchmark QF_LIA/nec-smt/large/getoption_directories/prp-9-48.smt2
[DEBUG] Benchmark QF_LIA/nec-smt/large/getoption_directories/prp-9-48.smt2: solved=True, runtime=0.71s, PAR-2=0.71s
[DEBUG] Processing 249/896: QF_LIA/nec-smt/large/getoption_group/prp-39-47.smt2
[DEBUG] Predicted solver: Yices2 for benchmark QF_LIA/nec-smt/large/getoption_group/prp-39-47.smt2
[DEBUG] Benchmark QF_LIA/nec-smt/large/getoption_group/prp-39-47.smt2: solved=True, runtime=0.43s, PAR-2=0.43s
[DEBUG] Processing 250/896: QF_LIA/nec-smt/large/getoption_user/prp-39-48.smt2
[DEBUG] Predicted solver: Yices2 for benchmark QF_LIA/nec-smt/large/getoption_user/prp-39-48.smt2
[DEBUG] Benchmark QF_LIA/nec-smt/large/getoption_user/prp-39-48.smt2: solved=True, runtime=2.10s, PAR-2=2.10s
[DEBUG] Processing 251/896: QF_LIA/20180326-Bromberger/more_slacked/CAV_2009_benchmarks/smt/30-vars/v30_problem__035.smt2.slack.smt2
[DEBUG] Predicted solver: Z3alpha for benchmark QF_LIA/20180326-Bromberger/more_slacked/CAV_2009_benchmarks/smt/30-vars/v30_problem__035.smt2.slack.smt2
[DEBUG] Benchmark QF_LIA/20180326-Bromberger/more_slacked/CAV_2009_benchmarks/smt/30-vars/v30_problem__035.smt2.slack.smt2: solved=True, runtime=1.44s, PAR-2=1.44s
[DEBUG] Processing 252/896: QF_LIA/nec-smt/large/getoption_group/prp-23-46.smt2
[DEBUG] Predicted solver: Yices2 for benchmark QF_LIA/nec-smt/large/getoption_group/prp-23-46.smt2
[DEBUG] Benchmark QF_LIA/nec-smt/large/getoption_group/prp-23-46.smt2: solved=True, runtime=0.41s, PAR-2=0.41s
[DEBUG] Processing 253/896: QF_LIA/CAV_2009_benchmarks/smt/35-vars/problem_2__012.smt2
[DEBUG] Predicted solver: cvc5 for benchmark QF_LIA/CAV_2009_benchmarks/smt/35-vars/problem_2__012.smt2
[DEBUG] Benchmark QF_LIA/CAV_2009_benchmarks/smt/35-vars/problem_2__012.smt2: solved=True, runtime=0.24s, PAR-2=0.24s
[DEBUG] Processing 254/896: QF_LIA/nec-smt/large/getoption_user/prp-42-47.smt2
[DEBUG] Predicted solver: Yices2 for benchmark QF_LIA/nec-smt/large/getoption_user/prp-42-47.smt2
[DEBUG] Benchmark QF_LIA/nec-smt/large/getoption_user/prp-42-47.smt2: solved=True, runtime=0.23s, PAR-2=0.23s
[DEBUG] Processing 255/896: QF_LIA/nec-smt/large/getoption_group/prp-52-46.smt2
[DEBUG] Predicted solver: Yices2 for benchmark QF_LIA/nec-smt/large/getoption_group/prp-52-46.smt2
[DEBUG] Benchmark QF_LIA/nec-smt/large/getoption_group/prp-52-46.smt2: solved=True, runtime=0.36s, PAR-2=0.36s
[DEBUG] Processing 256/896: QF_LIA/convert/convert-jpg2gif-query-1455.smt2
[DEBUG] Predicted solver: OpenSMT for benchmark QF_LIA/convert/convert-jpg2gif-query-1455.smt2
[DEBUG] Benchmark QF_LIA/convert/convert-jpg2gif-query-1455.smt2: solved=True, runtime=0.70s, PAR-2=0.70s
[DEBUG] Processing 257/896: QF_LIA/nec-smt/large/checkpass_pwd/prp-45-45.smt2
[DEBUG] Predicted solver: Yices2 for benchmark QF_LIA/nec-smt/large/checkpass_pwd/prp-45-45.smt2
[DEBUG] Benchmark QF_LIA/nec-smt/large/checkpass_pwd/prp-45-45.smt2: solved=True, runtime=1.47s, PAR-2=1.47s
[DEBUG] Processing 258/896: QF_LIA/tropical-matrix/constraint-247831.smt2
[DEBUG] Predicted solver: Yices2 for benchmark QF_LIA/tropical-matrix/constraint-247831.smt2
[DEBUG] Benchmark QF_LIA/tropical-matrix/constraint-247831.smt2: solved=True, runtime=620.47s, PAR-2=620.47s
[DEBUG] Processing 259/896: QF_LIA/convert/convert-jpg2gif-query-1454.smt2
[DEBUG] Predicted solver: OpenSMT for benchmark QF_LIA/convert/convert-jpg2gif-query-1454.smt2
[DEBUG] Benchmark QF_LIA/convert/convert-jpg2gif-query-1454.smt2: solved=True, runtime=0.78s, PAR-2=0.78s
[DEBUG] Processing 260/896: QF_LIA/nec-smt/large/getoption_group/prp-6-50.smt2
[DEBUG] Predicted solver: Yices2 for benchmark QF_LIA/nec-smt/large/getoption_group/prp-6-50.smt2
[DEBUG] Benchmark QF_LIA/nec-smt/large/getoption_group/prp-6-50.smt2: solved=True, runtime=0.57s, PAR-2=0.57s
[DEBUG] Processing 261/896: QF_LIA/20220307-SMPT/RwMutex-PT-r0010w2000/RF-00.smt2
[DEBUG] Predicted solver: Yices2 for benchmark QF_LIA/20220307-SMPT/RwMutex-PT-r0010w2000/RF-00.smt2
[DEBUG] Benchmark QF_LIA/20220307-SMPT/RwMutex-PT-r0010w2000/RF-00.smt2: solved=True, runtime=4.42s, PAR-2=4.42s
[DEBUG] Processing 262/896: QF_LIA/20180326-Bromberger/more_slacked/CAV_2009_benchmarks/smt/25-vars/v25_problem__022.smt2.slack.smt2
[DEBUG] Predicted solver: Z3alpha for benchmark QF_LIA/20180326-Bromberger/more_slacked/CAV_2009_benchmarks/smt/25-vars/v25_problem__022.smt2.slack.smt2
[DEBUG] Benchmark QF_LIA/20180326-Bromberger/more_slacked/CAV_2009_benchmarks/smt/25-vars/v25_problem__022.smt2.slack.smt2: solved=True, runtime=2.16s, PAR-2=2.16s
[DEBUG] Processing 263/896: QF_LIA/20231117-c_inference/100_100_20_12_sat.smt2
[DEBUG] Predicted solver: OpenSMT for benchmark QF_LIA/20231117-c_inference/100_100_20_12_sat.smt2
[DEBUG] Benchmark QF_LIA/20231117-c_inference/100_100_20_12_sat.smt2: solved=False, runtime=1200.00s, PAR-2=2400.00s
[DEBUG] Processing 264/896: QF_LIA/nec-smt/large/getoption_user/prp-48-46.smt2
[DEBUG] Predicted solver: Yices2 for benchmark QF_LIA/nec-smt/large/getoption_user/prp-48-46.smt2
[DEBUG] Benchmark QF_LIA/nec-smt/large/getoption_user/prp-48-46.smt2: solved=True, runtime=0.55s, PAR-2=0.55s
[DEBUG] Processing 265/896: QF_LIA/convert/convert-jpg2gif-query-1570.smt2
[DEBUG] Predicted solver: Z3alpha for benchmark QF_LIA/convert/convert-jpg2gif-query-1570.smt2
[DEBUG] Benchmark QF_LIA/convert/convert-jpg2gif-query-1570.smt2: solved=True, runtime=0.55s, PAR-2=0.55s
[DEBUG] Processing 266/896: QF_LIA/nec-smt/large/checkpass_pwd/prp-42-38.smt2
[DEBUG] Predicted solver: Yices2 for benchmark QF_LIA/nec-smt/large/checkpass_pwd/prp-42-38.smt2
[DEBUG] Benchmark QF_LIA/nec-smt/large/checkpass_pwd/prp-42-38.smt2: solved=True, runtime=0.35s, PAR-2=0.35s
[DEBUG] Processing 267/896: QF_LIA/slacks/25-27.slack.smt2
[DEBUG] Predicted solver: cvc5 for benchmark QF_LIA/slacks/25-27.slack.smt2
[DEBUG] Benchmark QF_LIA/slacks/25-27.slack.smt2: solved=True, runtime=0.85s, PAR-2=0.85s
[DEBUG] Processing 268/896: QF_LIA/convert/convert-jpg2gif-query-1619.smt2
[DEBUG] Predicted solver: Z3alpha for benchmark QF_LIA/convert/convert-jpg2gif-query-1619.smt2
[DEBUG] Benchmark QF_LIA/convert/convert-jpg2gif-query-1619.smt2: solved=True, runtime=386.25s, PAR-2=386.25s
[DEBUG] Processing 269/896: QF_LIA/CAV_2009_benchmarks/coef-size/smt/size-100/problem__003.smt2
[DEBUG] Predicted solver: cvc5 for benchmark QF_LIA/CAV_2009_benchmarks/coef-size/smt/size-100/problem__003.smt2
[DEBUG] Benchmark QF_LIA/CAV_2009_benchmarks/coef-size/smt/size-100/problem__003.smt2: solved=True, runtime=0.24s, PAR-2=0.24s
[DEBUG] Processing 270/896: QF_LIA/20220307-SMPT/RwMutex-PT-r0010w2000/RC-03.smt2
[DEBUG] Predicted solver: Yices2 for benchmark QF_LIA/20220307-SMPT/RwMutex-PT-r0010w2000/RC-03.smt2
[DEBUG] Benchmark QF_LIA/20220307-SMPT/RwMutex-PT-r0010w2000/RC-03.smt2: solved=True, runtime=0.35s, PAR-2=0.35s
[DEBUG] Processing 271/896: QF_LIA/nec-smt/large/getoption_group/prp-40-49.smt2
[DEBUG] Predicted solver: Yices2 for benchmark QF_LIA/nec-smt/large/getoption_group/prp-40-49.smt2
[DEBUG] Benchmark QF_LIA/nec-smt/large/getoption_group/prp-40-49.smt2: solved=True, runtime=0.52s, PAR-2=0.52s
[DEBUG] Processing 272/896: QF_LIA/nec-smt/large/getoption_group/prp-52-47.smt2
[DEBUG] Predicted solver: Yices2 for benchmark QF_LIA/nec-smt/large/getoption_group/prp-52-47.smt2
[DEBUG] Benchmark QF_LIA/nec-smt/large/getoption_group/prp-52-47.smt2: solved=True, runtime=0.44s, PAR-2=0.44s
[DEBUG] Processing 273/896: QF_LIA/rings_preprocessed/ring_2exp6_9vars_8ite_unsat.smt2
[DEBUG] Predicted solver: cvc5 for benchmark QF_LIA/rings_preprocessed/ring_2exp6_9vars_8ite_unsat.smt2
[DEBUG] Benchmark QF_LIA/rings_preprocessed/ring_2exp6_9vars_8ite_unsat.smt2: solved=True, runtime=0.31s, PAR-2=0.31s
[DEBUG] Processing 274/896: QF_LIA/convert/convert-jpg2gif-query-1498.smt2
[DEBUG] Predicted solver: Z3alpha for benchmark QF_LIA/convert/convert-jpg2gif-query-1498.smt2
[DEBUG] Benchmark QF_LIA/convert/convert-jpg2gif-query-1498.smt2: solved=True, runtime=0.99s, PAR-2=0.99s
[DEBUG] Processing 275/896: QF_LIA/20180326-Bromberger/more_slacked/CAV_2009_benchmarks/smt/40-vars/v40_problem__020.smt2.slack.smt2
[DEBUG] Predicted solver: Z3alpha for benchmark QF_LIA/20180326-Bromberger/more_slacked/CAV_2009_benchmarks/smt/40-vars/v40_problem__020.smt2.slack.smt2
[DEBUG] Benchmark QF_LIA/20180326-Bromberger/more_slacked/CAV_2009_benchmarks/smt/40-vars/v40_problem__020.smt2.slack.smt2: solved=True, runtime=0.41s, PAR-2=0.41s
[DEBUG] Processing 276/896: QF_LIA/20180326-Bromberger/more_slacked/CAV_2009_benchmarks/smt/35-vars/v35_problem_2__014.smt2.slack.smt2
[DEBUG] Predicted solver: Z3alpha for benchmark QF_LIA/20180326-Bromberger/more_slacked/CAV_2009_benchmarks/smt/35-vars/v35_problem_2__014.smt2.slack.smt2
[DEBUG] Benchmark QF_LIA/20180326-Bromberger/more_slacked/CAV_2009_benchmarks/smt/35-vars/v35_problem_2__014.smt2.slack.smt2: solved=True, runtime=0.27s, PAR-2=0.27s
[DEBUG] Processing 277/896: QF_LIA/20180326-Bromberger/more_slacked/CAV_2009_benchmarks/smt/35-vars/v35_problem__025.smt2.slack.smt2
[DEBUG] Predicted solver: Z3alpha for benchmark QF_LIA/20180326-Bromberger/more_slacked/CAV_2009_benchmarks/smt/35-vars/v35_problem__025.smt2.slack.smt2
[DEBUG] Benchmark QF_LIA/20180326-Bromberger/more_slacked/CAV_2009_benchmarks/smt/35-vars/v35_problem__025.smt2.slack.smt2: solved=True, runtime=0.51s, PAR-2=0.51s
[DEBUG] Processing 278/896: QF_LIA/tropical-matrix/constraint-658040.smt2
[DEBUG] Predicted solver: Yices2 for benchmark QF_LIA/tropical-matrix/constraint-658040.smt2
[DEBUG] Benchmark QF_LIA/tropical-matrix/constraint-658040.smt2: solved=True, runtime=310.60s, PAR-2=310.60s
[DEBUG] Processing 279/896: QF_LIA/nec-smt/large/getoption_group/prp-55-46.smt2
[DEBUG] Predicted solver: Yices2 for benchmark QF_LIA/nec-smt/large/getoption_group/prp-55-46.smt2
[DEBUG] Benchmark QF_LIA/nec-smt/large/getoption_group/prp-55-46.smt2: solved=True, runtime=0.40s, PAR-2=0.40s
[DEBUG] Processing 280/896: QF_LIA/nec-smt/large/getoption_user/prp-35-48.smt2
[DEBUG] Predicted solver: Yices2 for benchmark QF_LIA/nec-smt/large/getoption_user/prp-35-48.smt2
[DEBUG] Benchmark QF_LIA/nec-smt/large/getoption_user/prp-35-48.smt2: solved=True, runtime=1.96s, PAR-2=1.96s
[DEBUG] Processing 281/896: QF_LIA/nec-smt/large/checkpass_pwd/prp-52-48.smt2
[DEBUG] Predicted solver: Yices2 for benchmark QF_LIA/nec-smt/large/checkpass_pwd/prp-52-48.smt2
[DEBUG] Benchmark QF_LIA/nec-smt/large/checkpass_pwd/prp-52-48.smt2: solved=True, runtime=3.71s, PAR-2=3.71s
[DEBUG] Processing 282/896: QF_LIA/nec-smt/large/getoption_group/prp-24-50.smt2
[DEBUG] Predicted solver: Yices2 for benchmark QF_LIA/nec-smt/large/getoption_group/prp-24-50.smt2
[DEBUG] Benchmark QF_LIA/nec-smt/large/getoption_group/prp-24-50.smt2: solved=True, runtime=0.57s, PAR-2=0.57s
[DEBUG] Processing 283/896: QF_LIA/20180326-Bromberger/more_slacked/cut_lemmas/20-vars/cut_lemma_01_011.smt2.slack.smt2
[DEBUG] Predicted solver: Z3alpha for benchmark QF_LIA/20180326-Bromberger/more_slacked/cut_lemmas/20-vars/cut_lemma_01_011.smt2.slack.smt2
[DEBUG] Benchmark QF_LIA/20180326-Bromberger/more_slacked/cut_lemmas/20-vars/cut_lemma_01_011.smt2.slack.smt2: solved=True, runtime=0.30s, PAR-2=0.30s
[DEBUG] Processing 284/896: QF_LIA/nec-smt/large/getoption_user/prp-42-48.smt2
[DEBUG] Predicted solver: Yices2 for benchmark QF_LIA/nec-smt/large/getoption_user/prp-42-48.smt2
[DEBUG] Benchmark QF_LIA/nec-smt/large/getoption_user/prp-42-48.smt2: solved=True, runtime=0.23s, PAR-2=0.23s
[DEBUG] Processing 285/896: QF_LIA/nec-smt/large/getoption_group/prp-17-47.smt2
[DEBUG] Predicted solver: Yices2 for benchmark QF_LIA/nec-smt/large/getoption_group/prp-17-47.smt2
[DEBUG] Benchmark QF_LIA/nec-smt/large/getoption_group/prp-17-47.smt2: solved=True, runtime=0.43s, PAR-2=0.43s
[DEBUG] Processing 286/896: QF_LIA/20180326-Bromberger/more_slacked/cut_lemmas/20-vars/cut_lemma_01_007.smt2.slack.smt2
[DEBUG] Predicted solver: Z3alpha for benchmark QF_LIA/20180326-Bromberger/more_slacked/cut_lemmas/20-vars/cut_lemma_01_007.smt2.slack.smt2
[DEBUG] Benchmark QF_LIA/20180326-Bromberger/more_slacked/cut_lemmas/20-vars/cut_lemma_01_007.smt2.slack.smt2: solved=True, runtime=0.30s, PAR-2=0.30s
[DEBUG] Processing 287/896: QF_LIA/nec-smt/large/checkpass_pwd/prp-21-40.smt2
[DEBUG] Predicted solver: Yices2 for benchmark QF_LIA/nec-smt/large/checkpass_pwd/prp-21-40.smt2
[DEBUG] Benchmark QF_LIA/nec-smt/large/checkpass_pwd/prp-21-40.smt2: solved=True, runtime=1.31s, PAR-2=1.31s
[DEBUG] Processing 288/896: QF_LIA/rings/ring_2exp10_9vars_7ite_unsat.smt2
[DEBUG] Predicted solver: Yices2 for benchmark QF_LIA/rings/ring_2exp10_9vars_7ite_unsat.smt2
[DEBUG] Benchmark QF_LIA/rings/ring_2exp10_9vars_7ite_unsat.smt2: solved=True, runtime=0.23s, PAR-2=0.23s
[DEBUG] Processing 289/896: QF_LIA/nec-smt/large/checkpass_pwd/prp-41-43.smt2
[DEBUG] Predicted solver: Yices2 for benchmark QF_LIA/nec-smt/large/checkpass_pwd/prp-41-43.smt2
[DEBUG] Benchmark QF_LIA/nec-smt/large/checkpass_pwd/prp-41-43.smt2: solved=True, runtime=3.70s, PAR-2=3.70s
[DEBUG] Processing 290/896: QF_LIA/nec-smt/large/getoption_user/prp-26-48.smt2
[DEBUG] Predicted solver: Yices2 for benchmark QF_LIA/nec-smt/large/getoption_user/prp-26-48.smt2
[DEBUG] Benchmark QF_LIA/nec-smt/large/getoption_user/prp-26-48.smt2: solved=True, runtime=1.74s, PAR-2=1.74s
[DEBUG] Processing 291/896: QF_LIA/nec-smt/large/getoption_group/prp-81-49.smt2
[DEBUG] Predicted solver: Yices2 for benchmark QF_LIA/nec-smt/large/getoption_group/prp-81-49.smt2
[DEBUG] Benchmark QF_LIA/nec-smt/large/getoption_group/prp-81-49.smt2: solved=True, runtime=0.45s, PAR-2=0.45s
[DEBUG] Processing 292/896: QF_LIA/nec-smt/large/getoption_group/prp-2-46.smt2
[DEBUG] Predicted solver: Yices2 for benchmark QF_LIA/nec-smt/large/getoption_group/prp-2-46.smt2
[DEBUG] Benchmark QF_LIA/nec-smt/large/getoption_group/prp-2-46.smt2: solved=True, runtime=0.45s, PAR-2=0.45s
[DEBUG] Processing 293/896: QF_LIA/nec-smt/large/getoption_user/prp-9-48.smt2
[DEBUG] Predicted solver: Yices2 for benchmark QF_LIA/nec-smt/large/getoption_user/prp-9-48.smt2
[DEBUG] Benchmark QF_LIA/nec-smt/large/getoption_user/prp-9-48.smt2: solved=True, runtime=2.21s, PAR-2=2.21s
[DEBUG] Processing 294/896: QF_LIA/20180326-Bromberger/more_slacked/CAV_2009_benchmarks/smt/40-vars/v40_problem_2__013.smt2.slack.smt2
[DEBUG] Predicted solver: Z3alpha for benchmark QF_LIA/20180326-Bromberger/more_slacked/CAV_2009_benchmarks/smt/40-vars/v40_problem_2__013.smt2.slack.smt2
[DEBUG] Benchmark QF_LIA/20180326-Bromberger/more_slacked/CAV_2009_benchmarks/smt/40-vars/v40_problem_2__013.smt2.slack.smt2: solved=True, runtime=0.34s, PAR-2=0.34s
[DEBUG] Processing 295/896: QF_LIA/2019-cmodelsdiff/labyrinth/0125-labyrinth-23-0.smt2
[DEBUG] Predicted solver: Yices2 for benchmark QF_LIA/2019-cmodelsdiff/labyrinth/0125-labyrinth-23-0.smt2
[DEBUG] Benchmark QF_LIA/2019-cmodelsdiff/labyrinth/0125-labyrinth-23-0.smt2: solved=False, runtime=1200.00s, PAR-2=2400.00s
[DEBUG] Processing 296/896: QF_LIA/nec-smt/large/getoption_group/prp-54-50.smt2
[DEBUG] Predicted solver: Yices2 for benchmark QF_LIA/nec-smt/large/getoption_group/prp-54-50.smt2
[DEBUG] Benchmark QF_LIA/nec-smt/large/getoption_group/prp-54-50.smt2: solved=True, runtime=0.64s, PAR-2=0.64s
[DEBUG] Processing 297/896: QF_LIA/convert/convert-jpg2gif-query-1551.smt2
[DEBUG] Predicted solver: Z3alpha for benchmark QF_LIA/convert/convert-jpg2gif-query-1551.smt2
[DEBUG] Benchmark QF_LIA/convert/convert-jpg2gif-query-1551.smt2: solved=True, runtime=384.90s, PAR-2=384.90s
[DEBUG] Processing 298/896: QF_LIA/convert/convert-jpg2gif-query-1188.smt2
[DEBUG] Predicted solver: OpenSMT for benchmark QF_LIA/convert/convert-jpg2gif-query-1188.smt2
[DEBUG] Benchmark QF_LIA/convert/convert-jpg2gif-query-1188.smt2: solved=True, runtime=0.32s, PAR-2=0.32s
[DEBUG] Processing 299/896: QF_LIA/dillig/35-24.smt2
[DEBUG] Predicted solver: cvc5 for benchmark QF_LIA/dillig/35-24.smt2
[DEBUG] Benchmark QF_LIA/dillig/35-24.smt2: solved=True, runtime=0.28s, PAR-2=0.28s
[DEBUG] Processing 300/896: QF_LIA/rings_preprocessed/ring_2exp12_8vars_4ite_unsat.smt2
[DEBUG] Predicted solver: cvc5 for benchmark QF_LIA/rings_preprocessed/ring_2exp12_8vars_4ite_unsat.smt2
[DEBUG] Benchmark QF_LIA/rings_preprocessed/ring_2exp12_8vars_4ite_unsat.smt2: solved=True, runtime=0.25s, PAR-2=0.25s
[DEBUG] Processing 301/896: QF_LIA/20180326-Bromberger/more_slacked/CAV_2009_benchmarks/smt/25-vars/v25_problem__026.smt2.slack.smt2
[DEBUG] Predicted solver: Z3alpha for benchmark QF_LIA/20180326-Bromberger/more_slacked/CAV_2009_benchmarks/smt/25-vars/v25_problem__026.smt2.slack.smt2
[DEBUG] Benchmark QF_LIA/20180326-Bromberger/more_slacked/CAV_2009_benchmarks/smt/25-vars/v25_problem__026.smt2.slack.smt2: solved=True, runtime=0.43s, PAR-2=0.43s
[DEBUG] Processing 302/896: QF_LIA/convert/convert-jpg2gif-query-1541.smt2
[DEBUG] Predicted solver: Z3alpha for benchmark QF_LIA/convert/convert-jpg2gif-query-1541.smt2
[DEBUG] Benchmark QF_LIA/convert/convert-jpg2gif-query-1541.smt2: solved=True, runtime=386.19s, PAR-2=386.19s
[DEBUG] Processing 303/896: QF_LIA/20220307-SMPT/SharedMemory-PT-000200/RC-08.smt2
[DEBUG] Predicted solver: Yices2 for benchmark QF_LIA/20220307-SMPT/SharedMemory-PT-000200/RC-08.smt2
[DEBUG] Benchmark QF_LIA/20220307-SMPT/SharedMemory-PT-000200/RC-08.smt2: solved=True, runtime=912.55s, PAR-2=912.55s
[DEBUG] Processing 304/896: QF_LIA/20180326-Bromberger/more_slacked/CAV_2009_benchmarks/smt/45-vars/v45_problem_2__031.smt2.slack.smt2
[DEBUG] Predicted solver: Z3alpha for benchmark QF_LIA/20180326-Bromberger/more_slacked/CAV_2009_benchmarks/smt/45-vars/v45_problem_2__031.smt2.slack.smt2
[DEBUG] Benchmark QF_LIA/20180326-Bromberger/more_slacked/CAV_2009_benchmarks/smt/45-vars/v45_problem_2__031.smt2.slack.smt2: solved=True, runtime=1.34s, PAR-2=1.34s
[DEBUG] Processing 305/896: QF_LIA/nec-smt/large/getoption_group/prp-43-46.smt2
[DEBUG] Predicted solver: Yices2 for benchmark QF_LIA/nec-smt/large/getoption_group/prp-43-46.smt2
[DEBUG] Benchmark QF_LIA/nec-smt/large/getoption_group/prp-43-46.smt2: solved=True, runtime=0.42s, PAR-2=0.42s
[DEBUG] Processing 306/896: QF_LIA/convert/convert-jpg2gif-query-1548.smt2
[DEBUG] Predicted solver: Z3alpha for benchmark QF_LIA/convert/convert-jpg2gif-query-1548.smt2
[DEBUG] Benchmark QF_LIA/convert/convert-jpg2gif-query-1548.smt2: solved=True, runtime=0.69s, PAR-2=0.69s
[DEBUG] Processing 307/896: QF_LIA/tightrhombus/tightrhombus-273-245-8.smt2
[DEBUG] Predicted solver: Z3alpha for benchmark QF_LIA/tightrhombus/tightrhombus-273-245-8.smt2
[DEBUG] Benchmark QF_LIA/tightrhombus/tightrhombus-273-245-8.smt2: solved=True, runtime=0.32s, PAR-2=0.32s
[DEBUG] Processing 308/896: QF_LIA/slacks/45-31.slack.smt2
[DEBUG] Predicted solver: cvc5 for benchmark QF_LIA/slacks/45-31.slack.smt2
[DEBUG] Benchmark QF_LIA/slacks/45-31.slack.smt2: solved=True, runtime=1.64s, PAR-2=1.64s
[DEBUG] Processing 309/896: QF_LIA/nec-smt/large/getoption_group/prp-9-50.smt2
[DEBUG] Predicted solver: Yices2 for benchmark QF_LIA/nec-smt/large/getoption_group/prp-9-50.smt2
[DEBUG] Benchmark QF_LIA/nec-smt/large/getoption_group/prp-9-50.smt2: solved=True, runtime=0.77s, PAR-2=0.77s
[DEBUG] Processing 310/896: QF_LIA/nec-smt/large/getoption_group/prp-8-48.smt2
[DEBUG] Predicted solver: Yices2 for benchmark QF_LIA/nec-smt/large/getoption_group/prp-8-48.smt2
[DEBUG] Benchmark QF_LIA/nec-smt/large/getoption_group/prp-8-48.smt2: solved=True, runtime=0.47s, PAR-2=0.47s
[DEBUG] Processing 311/896: QF_LIA/nec-smt/large/getoption_user/prp-27-50.smt2
[DEBUG] Predicted solver: Yices2 for benchmark QF_LIA/nec-smt/large/getoption_user/prp-27-50.smt2
[DEBUG] Benchmark QF_LIA/nec-smt/large/getoption_user/prp-27-50.smt2: solved=True, runtime=0.99s, PAR-2=0.99s
[DEBUG] Processing 312/896: QF_LIA/nec-smt/large/getoption_group/prp-67-50.smt2
[DEBUG] Predicted solver: Yices2 for benchmark QF_LIA/nec-smt/large/getoption_group/prp-67-50.smt2
[DEBUG] Benchmark QF_LIA/nec-smt/large/getoption_group/prp-67-50.smt2: solved=True, runtime=0.51s, PAR-2=0.51s
[DEBUG] Processing 313/896: QF_LIA/nec-smt/large/getoption_group/prp-5-46.smt2
[DEBUG] Predicted solver: Yices2 for benchmark QF_LIA/nec-smt/large/getoption_group/prp-5-46.smt2
[DEBUG] Benchmark QF_LIA/nec-smt/large/getoption_group/prp-5-46.smt2: solved=True, runtime=0.46s, PAR-2=0.46s
[DEBUG] Processing 314/896: QF_LIA/20180326-Bromberger/more_slacked/CAV_2009_benchmarks/smt/45-vars/v45_problem__017.smt2.slack.smt2
[DEBUG] Predicted solver: Z3alpha for benchmark QF_LIA/20180326-Bromberger/more_slacked/CAV_2009_benchmarks/smt/45-vars/v45_problem__017.smt2.slack.smt2
[DEBUG] Benchmark QF_LIA/20180326-Bromberger/more_slacked/CAV_2009_benchmarks/smt/45-vars/v45_problem__017.smt2.slack.smt2: solved=True, runtime=0.38s, PAR-2=0.38s
[DEBUG] Processing 315/896: QF_LIA/tightrhombus/tightrhombus-283-245-5.smt2
[DEBUG] Predicted solver: Z3alpha for benchmark QF_LIA/tightrhombus/tightrhombus-283-245-5.smt2
[DEBUG] Benchmark QF_LIA/tightrhombus/tightrhombus-283-245-5.smt2: solved=True, runtime=0.59s, PAR-2=0.59s
[DEBUG] Processing 316/896: QF_LIA/20220307-SMPT/SharedMemory-PT-000200/RC-11.smt2
[DEBUG] Predicted solver: Yices2 for benchmark QF_LIA/20220307-SMPT/SharedMemory-PT-000200/RC-11.smt2
[DEBUG] Benchmark QF_LIA/20220307-SMPT/SharedMemory-PT-000200/RC-11.smt2: solved=True, runtime=1051.54s, PAR-2=1051.54s
[DEBUG] Processing 317/896: QF_LIA/nec-smt/large/getoption_user/prp-47-48.smt2
[DEBUG] Predicted solver: Yices2 for benchmark QF_LIA/nec-smt/large/getoption_user/prp-47-48.smt2
[DEBUG] Benchmark QF_LIA/nec-smt/large/getoption_user/prp-47-48.smt2: solved=True, runtime=1.03s, PAR-2=1.03s
[DEBUG] Processing 318/896: QF_LIA/CAV_2009_benchmarks/smt/35-vars/problem__027.smt2
[DEBUG] Predicted solver: cvc5 for benchmark QF_LIA/CAV_2009_benchmarks/smt/35-vars/problem__027.smt2
[DEBUG] Benchmark QF_LIA/CAV_2009_benchmarks/smt/35-vars/problem__027.smt2: solved=True, runtime=0.31s, PAR-2=0.31s
[DEBUG] Processing 319/896: QF_LIA/20180326-Bromberger/unbd-sage/unbd050v55c/unbd-sage4.smt2
[DEBUG] Predicted solver: Z3alpha for benchmark QF_LIA/20180326-Bromberger/unbd-sage/unbd050v55c/unbd-sage4.smt2
[DEBUG] Benchmark QF_LIA/20180326-Bromberger/unbd-sage/unbd050v55c/unbd-sage4.smt2: solved=True, runtime=3.99s, PAR-2=3.99s
[DEBUG] Processing 320/896: QF_LIA/nec-smt/large/getoption_user/prp-17-48.smt2
[DEBUG] Predicted solver: Yices2 for benchmark QF_LIA/nec-smt/large/getoption_user/prp-17-48.smt2
[DEBUG] Benchmark QF_LIA/nec-smt/large/getoption_user/prp-17-48.smt2: solved=True, runtime=1.09s, PAR-2=1.09s
[DEBUG] Processing 321/896: QF_LIA/convert/convert-jpg2gif-query-1596.smt2
[DEBUG] Predicted solver: Z3alpha for benchmark QF_LIA/convert/convert-jpg2gif-query-1596.smt2
[DEBUG] Benchmark QF_LIA/convert/convert-jpg2gif-query-1596.smt2: solved=True, runtime=0.78s, PAR-2=0.78s
[DEBUG] Processing 322/896: QF_LIA/20180326-Bromberger/more_slacked/cut_lemmas/15-vars/cut_lemma_01_001.smt2.slack.smt2
[DEBUG] Predicted solver: Z3alpha for benchmark QF_LIA/20180326-Bromberger/more_slacked/cut_lemmas/15-vars/cut_lemma_01_001.smt2.slack.smt2
[DEBUG] Benchmark QF_LIA/20180326-Bromberger/more_slacked/cut_lemmas/15-vars/cut_lemma_01_001.smt2.slack.smt2: solved=True, runtime=1.51s, PAR-2=1.51s
[DEBUG] Processing 323/896: QF_LIA/nec-smt/large/getoption_user/prp-26-47.smt2
[DEBUG] Predicted solver: Yices2 for benchmark QF_LIA/nec-smt/large/getoption_user/prp-26-47.smt2
[DEBUG] Benchmark QF_LIA/nec-smt/large/getoption_user/prp-26-47.smt2: solved=True, runtime=1.67s, PAR-2=1.67s
[DEBUG] Processing 324/896: QF_LIA/convert/convert-jpg2gif-query-1472.smt2
[DEBUG] Predicted solver: Z3alpha for benchmark QF_LIA/convert/convert-jpg2gif-query-1472.smt2
[DEBUG] Benchmark QF_LIA/convert/convert-jpg2gif-query-1472.smt2: solved=True, runtime=1.60s, PAR-2=1.60s
[DEBUG] Processing 325/896: QF_LIA/20180326-Bromberger/more_slacked/CAV_2009_benchmarks/coef-size/smt/size-90/c90_problem__006.smt2.slack.smt2
[DEBUG] Predicted solver: Z3alpha for benchmark QF_LIA/20180326-Bromberger/more_slacked/CAV_2009_benchmarks/coef-size/smt/size-90/c90_problem__006.smt2.slack.smt2
[DEBUG] Benchmark QF_LIA/20180326-Bromberger/more_slacked/CAV_2009_benchmarks/coef-size/smt/size-90/c90_problem__006.smt2.slack.smt2: solved=True, runtime=0.32s, PAR-2=0.32s
[DEBUG] Processing 326/896: QF_LIA/rings_preprocessed/ring_2exp10_7vars_1ite_unsat.smt2
[DEBUG] Predicted solver: cvc5 for benchmark QF_LIA/rings_preprocessed/ring_2exp10_7vars_1ite_unsat.smt2
[DEBUG] Benchmark QF_LIA/rings_preprocessed/ring_2exp10_7vars_1ite_unsat.smt2: solved=True, runtime=0.28s, PAR-2=0.28s
[DEBUG] Processing 327/896: QF_LIA/convert/convert-jpg2gif-query-1516.smt2
[DEBUG] Predicted solver: Z3alpha for benchmark QF_LIA/convert/convert-jpg2gif-query-1516.smt2
[DEBUG] Benchmark QF_LIA/convert/convert-jpg2gif-query-1516.smt2: solved=True, runtime=3.89s, PAR-2=3.89s
[DEBUG] Processing 328/896: QF_LIA/20180326-Bromberger/more_slacked/CAV_2009_benchmarks/smt/40-vars/v40_problem__024.smt2.slack.smt2
[DEBUG] Predicted solver: Z3alpha for benchmark QF_LIA/20180326-Bromberger/more_slacked/CAV_2009_benchmarks/smt/40-vars/v40_problem__024.smt2.slack.smt2
[DEBUG] Benchmark QF_LIA/20180326-Bromberger/more_slacked/CAV_2009_benchmarks/smt/40-vars/v40_problem__024.smt2.slack.smt2: solved=True, runtime=0.81s, PAR-2=0.81s
[DEBUG] Processing 329/896: QF_LIA/20210219-Dartagnan/ConcurrencySafety-Main/qrcu-1-O0.smt2
[DEBUG] Predicted solver: Yices2 for benchmark QF_LIA/20210219-Dartagnan/ConcurrencySafety-Main/qrcu-1-O0.smt2
[DEBUG] Benchmark QF_LIA/20210219-Dartagnan/ConcurrencySafety-Main/qrcu-1-O0.smt2: solved=True, runtime=5.95s, PAR-2=5.95s
[DEBUG] Processing 330/896: QF_LIA/pb2010/normalized-j6040_1-sat.smt2
[DEBUG] Predicted solver: Yices2 for benchmark QF_LIA/pb2010/normalized-j6040_1-sat.smt2
[DEBUG] Benchmark QF_LIA/pb2010/normalized-j6040_1-sat.smt2: solved=True, runtime=1.79s, PAR-2=1.79s
[DEBUG] Processing 331/896: QF_LIA/rings/ring_2exp10_9vars_5ite_unsat.smt2
[DEBUG] Predicted solver: Yices2 for benchmark QF_LIA/rings/ring_2exp10_9vars_5ite_unsat.smt2
[DEBUG] Benchmark QF_LIA/rings/ring_2exp10_9vars_5ite_unsat.smt2: solved=True, runtime=0.21s, PAR-2=0.21s
[DEBUG] Processing 332/896: QF_LIA/20180326-Bromberger/more_slacked/CAV_2009_benchmarks/smt/35-vars/v35_problem_2__033.smt2.slack.smt2
[DEBUG] Predicted solver: Z3alpha for benchmark QF_LIA/20180326-Bromberger/more_slacked/CAV_2009_benchmarks/smt/35-vars/v35_problem_2__033.smt2.slack.smt2
[DEBUG] Benchmark QF_LIA/20180326-Bromberger/more_slacked/CAV_2009_benchmarks/smt/35-vars/v35_problem_2__033.smt2.slack.smt2: solved=True, runtime=0.92s, PAR-2=0.92s
[DEBUG] Processing 333/896: QF_LIA/arctic-matrix/constraint-1185949.smt2
[DEBUG] Predicted solver: Yices2 for benchmark QF_LIA/arctic-matrix/constraint-1185949.smt2
[DEBUG] Benchmark QF_LIA/arctic-matrix/constraint-1185949.smt2: solved=True, runtime=1.56s, PAR-2=1.56s
[DEBUG] Processing 334/896: QF_LIA/20180326-Bromberger/more_slacked/CAV_2009_benchmarks/smt/40-vars/v40_problem_2__035.smt2.slack.smt2
[DEBUG] Predicted solver: Z3alpha for benchmark QF_LIA/20180326-Bromberger/more_slacked/CAV_2009_benchmarks/smt/40-vars/v40_problem_2__035.smt2.slack.smt2
[DEBUG] Benchmark QF_LIA/20180326-Bromberger/more_slacked/CAV_2009_benchmarks/smt/40-vars/v40_problem_2__035.smt2.slack.smt2: solved=True, runtime=2.28s, PAR-2=2.28s
[DEBUG] Processing 335/896: QF_LIA/20220307-SMPT/RwMutex-PT-r0010w2000/RF-01.smt2
[DEBUG] Predicted solver: Yices2 for benchmark QF_LIA/20220307-SMPT/RwMutex-PT-r0010w2000/RF-01.smt2
[DEBUG] Benchmark QF_LIA/20220307-SMPT/RwMutex-PT-r0010w2000/RF-01.smt2: solved=True, runtime=2.72s, PAR-2=2.72s
[DEBUG] Processing 336/896: QF_LIA/rings_preprocessed/ring_2exp16_8vars_6ite_unsat.smt2
[DEBUG] Predicted solver: cvc5 for benchmark QF_LIA/rings_preprocessed/ring_2exp16_8vars_6ite_unsat.smt2
[DEBUG] Benchmark QF_LIA/rings_preprocessed/ring_2exp16_8vars_6ite_unsat.smt2: solved=True, runtime=0.26s, PAR-2=0.26s
[DEBUG] Processing 337/896: QF_LIA/20180326-Bromberger/more_slacked/CAV_2009_benchmarks/smt/40-vars/v40_problem_2__025.smt2.slack.smt2
[DEBUG] Predicted solver: Z3alpha for benchmark QF_LIA/20180326-Bromberger/more_slacked/CAV_2009_benchmarks/smt/40-vars/v40_problem_2__025.smt2.slack.smt2
[DEBUG] Benchmark QF_LIA/20180326-Bromberger/more_slacked/CAV_2009_benchmarks/smt/40-vars/v40_problem_2__025.smt2.slack.smt2: solved=True, runtime=1.11s, PAR-2=1.11s
[DEBUG] Processing 338/896: QF_LIA/nec-smt/large/getoption_directories/prp-1-112.smt2
[DEBUG] Predicted solver: Yices2 for benchmark QF_LIA/nec-smt/large/getoption_directories/prp-1-112.smt2
[DEBUG] Benchmark QF_LIA/nec-smt/large/getoption_directories/prp-1-112.smt2: solved=True, runtime=32.71s, PAR-2=32.71s
[DEBUG] Processing 339/896: QF_LIA/nec-smt/large/getoption_directories/prp-5-47.smt2
[DEBUG] Predicted solver: Yices2 for benchmark QF_LIA/nec-smt/large/getoption_directories/prp-5-47.smt2
[DEBUG] Benchmark QF_LIA/nec-smt/large/getoption_directories/prp-5-47.smt2: solved=True, runtime=1.47s, PAR-2=1.47s
[DEBUG] Processing 340/896: QF_LIA/nec-smt/large/getoption_user/prp-6-50.smt2
[DEBUG] Predicted solver: Yices2 for benchmark QF_LIA/nec-smt/large/getoption_user/prp-6-50.smt2
[DEBUG] Benchmark QF_LIA/nec-smt/large/getoption_user/prp-6-50.smt2: solved=True, runtime=1.80s, PAR-2=1.80s
[DEBUG] Processing 341/896: QF_LIA/nec-smt/large/getoption_group/prp-61-46.smt2
[DEBUG] Predicted solver: Yices2 for benchmark QF_LIA/nec-smt/large/getoption_group/prp-61-46.smt2
[DEBUG] Benchmark QF_LIA/nec-smt/large/getoption_group/prp-61-46.smt2: solved=True, runtime=0.35s, PAR-2=0.35s
[DEBUG] Processing 342/896: QF_LIA/tightrhombus/tightrhombus-273-245-5.smt2
[DEBUG] Predicted solver: Z3alpha for benchmark QF_LIA/tightrhombus/tightrhombus-273-245-5.smt2
[DEBUG] Benchmark QF_LIA/tightrhombus/tightrhombus-273-245-5.smt2: solved=True, runtime=0.30s, PAR-2=0.30s
[DEBUG] Processing 343/896: QF_LIA/nec-smt/large/getoption_group/prp-31-47.smt2
[DEBUG] Predicted solver: Yices2 for benchmark QF_LIA/nec-smt/large/getoption_group/prp-31-47.smt2
[DEBUG] Benchmark QF_LIA/nec-smt/large/getoption_group/prp-31-47.smt2: solved=True, runtime=0.47s, PAR-2=0.47s
[DEBUG] Processing 344/896: QF_LIA/pb2010/normalized-j12022_9-sat.smt2
[DEBUG] Predicted solver: Yices2 for benchmark QF_LIA/pb2010/normalized-j12022_9-sat.smt2
[DEBUG] Benchmark QF_LIA/pb2010/normalized-j12022_9-sat.smt2: solved=False, runtime=1200.00s, PAR-2=2400.00s
[DEBUG] Processing 345/896: QF_LIA/nec-smt/large/getoption_user/prp-8-49.smt2
[DEBUG] Predicted solver: Yices2 for benchmark QF_LIA/nec-smt/large/getoption_user/prp-8-49.smt2
[DEBUG] Benchmark QF_LIA/nec-smt/large/getoption_user/prp-8-49.smt2: solved=True, runtime=1.62s, PAR-2=1.62s
[DEBUG] Processing 346/896: QF_LIA/convert/convert-jpg2gif-query-1407.smt2
[DEBUG] Predicted solver: OpenSMT for benchmark QF_LIA/convert/convert-jpg2gif-query-1407.smt2
[DEBUG] Benchmark QF_LIA/convert/convert-jpg2gif-query-1407.smt2: solved=True, runtime=0.43s, PAR-2=0.43s
[DEBUG] Processing 347/896: QF_LIA/nec-smt/large/checkpass_pwd/prp-49-44.smt2
[DEBUG] Predicted solver: Yices2 for benchmark QF_LIA/nec-smt/large/checkpass_pwd/prp-49-44.smt2
[DEBUG] Benchmark QF_LIA/nec-smt/large/checkpass_pwd/prp-49-44.smt2: solved=True, runtime=3.07s, PAR-2=3.07s
[DEBUG] Processing 348/896: QF_LIA/nec-smt/large/getoption_group/prp-39-48.smt2
[DEBUG] Predicted solver: Yices2 for benchmark QF_LIA/nec-smt/large/getoption_group/prp-39-48.smt2
[DEBUG] Benchmark QF_LIA/nec-smt/large/getoption_group/prp-39-48.smt2: solved=True, runtime=0.54s, PAR-2=0.54s
[DEBUG] Processing 349/896: QF_LIA/nec-smt/large/checkpass_pwd/prp-52-45.smt2
[DEBUG] Predicted solver: Yices2 for benchmark QF_LIA/nec-smt/large/checkpass_pwd/prp-52-45.smt2
[DEBUG] Benchmark QF_LIA/nec-smt/large/checkpass_pwd/prp-52-45.smt2: solved=True, runtime=0.84s, PAR-2=0.84s
[DEBUG] Processing 350/896: QF_LIA/nec-smt/large/getoption_user/prp-13-49.smt2
[DEBUG] Predicted solver: Yices2 for benchmark QF_LIA/nec-smt/large/getoption_user/prp-13-49.smt2
[DEBUG] Benchmark QF_LIA/nec-smt/large/getoption_user/prp-13-49.smt2: solved=True, runtime=1.44s, PAR-2=1.44s
[DEBUG] Processing 351/896: QF_LIA/rings/ring_2exp10_8vars_7ite_unsat.smt2
[DEBUG] Predicted solver: Yices2 for benchmark QF_LIA/rings/ring_2exp10_8vars_7ite_unsat.smt2
[DEBUG] Benchmark QF_LIA/rings/ring_2exp10_8vars_7ite_unsat.smt2: solved=True, runtime=0.21s, PAR-2=0.21s
[DEBUG] Processing 352/896: QF_LIA/rings_preprocessed/ring_2exp16_9vars_4ite_unsat.smt2
[DEBUG] Predicted solver: cvc5 for benchmark QF_LIA/rings_preprocessed/ring_2exp16_9vars_4ite_unsat.smt2
[DEBUG] Benchmark QF_LIA/rings_preprocessed/ring_2exp16_9vars_4ite_unsat.smt2: solved=True, runtime=0.25s, PAR-2=0.25s
[DEBUG] Processing 353/896: QF_LIA/20180326-Bromberger/unbd-sage/unbd050v55c/unbd-sage3.smt2
[DEBUG] Predicted solver: Z3alpha for benchmark QF_LIA/20180326-Bromberger/unbd-sage/unbd050v55c/unbd-sage3.smt2
[DEBUG] Benchmark QF_LIA/20180326-Bromberger/unbd-sage/unbd050v55c/unbd-sage3.smt2: solved=True, runtime=2.96s, PAR-2=2.96s
[DEBUG] Processing 354/896: QF_LIA/nec-smt/large/getoption_group/prp-6-47.smt2
[DEBUG] Predicted solver: Yices2 for benchmark QF_LIA/nec-smt/large/getoption_group/prp-6-47.smt2
[DEBUG] Benchmark QF_LIA/nec-smt/large/getoption_group/prp-6-47.smt2: solved=True, runtime=0.47s, PAR-2=0.47s
[DEBUG] Processing 355/896: QF_LIA/nec-smt/large/getoption_directories/prp-4-110.smt2
[DEBUG] Predicted solver: Yices2 for benchmark QF_LIA/nec-smt/large/getoption_directories/prp-4-110.smt2
[DEBUG] Benchmark QF_LIA/nec-smt/large/getoption_directories/prp-4-110.smt2: solved=True, runtime=9.77s, PAR-2=9.77s
[DEBUG] Processing 356/896: QF_LIA/20180326-Bromberger/unbd-sage/unbd050v55c/unbd-sage5.smt2
[DEBUG] Predicted solver: Yices2 for benchmark QF_LIA/20180326-Bromberger/unbd-sage/unbd050v55c/unbd-sage5.smt2
[DEBUG] Benchmark QF_LIA/20180326-Bromberger/unbd-sage/unbd050v55c/unbd-sage5.smt2: solved=False, runtime=1200.00s, PAR-2=2400.00s
[DEBUG] Processing 357/896: QF_LIA/nec-smt/large/getoption_group/prp-61-50.smt2
[DEBUG] Predicted solver: Yices2 for benchmark QF_LIA/nec-smt/large/getoption_group/prp-61-50.smt2
[DEBUG] Benchmark QF_LIA/nec-smt/large/getoption_group/prp-61-50.smt2: solved=True, runtime=0.53s, PAR-2=0.53s
[DEBUG] Processing 358/896: QF_LIA/20180326-Bromberger/unbd-sage/unbd050v55c/unbd-sage23.smt2
[DEBUG] Predicted solver: Yices2 for benchmark QF_LIA/20180326-Bromberger/unbd-sage/unbd050v55c/unbd-sage23.smt2
[DEBUG] Benchmark QF_LIA/20180326-Bromberger/unbd-sage/unbd050v55c/unbd-sage23.smt2: solved=False, runtime=1200.00s, PAR-2=2400.00s
[DEBUG] Processing 359/896: QF_LIA/nec-smt/large/getoption_group/prp-49-49.smt2
[DEBUG] Predicted solver: Yices2 for benchmark QF_LIA/nec-smt/large/getoption_group/prp-49-49.smt2
[DEBUG] Benchmark QF_LIA/nec-smt/large/getoption_group/prp-49-49.smt2: solved=True, runtime=0.66s, PAR-2=0.66s
[DEBUG] Processing 360/896: QF_LIA/fft/Sz128_2823.smt2
[DEBUG] Predicted solver: Yices2 for benchmark QF_LIA/fft/Sz128_2823.smt2
[DEBUG] Benchmark QF_LIA/fft/Sz128_2823.smt2: solved=True, runtime=17.41s, PAR-2=17.41s
[DEBUG] Processing 361/896: QF_LIA/20180326-Bromberger/more_slacked/CAV_2009_benchmarks/smt/45-vars/v45_problem_2__017.smt2.slack.smt2
[DEBUG] Predicted solver: Z3alpha for benchmark QF_LIA/20180326-Bromberger/more_slacked/CAV_2009_benchmarks/smt/45-vars/v45_problem_2__017.smt2.slack.smt2
[DEBUG] Benchmark QF_LIA/20180326-Bromberger/more_slacked/CAV_2009_benchmarks/smt/45-vars/v45_problem_2__017.smt2.slack.smt2: solved=True, runtime=0.54s, PAR-2=0.54s
[DEBUG] Processing 362/896: QF_LIA/20180326-Bromberger/more_slacked/CAV_2009_benchmarks/smt/30-vars/v30_problem_2__027.smt2.slack.smt2
[DEBUG] Predicted solver: Z3alpha for benchmark QF_LIA/20180326-Bromberger/more_slacked/CAV_2009_benchmarks/smt/30-vars/v30_problem_2__027.smt2.slack.smt2
[DEBUG] Benchmark QF_LIA/20180326-Bromberger/more_slacked/CAV_2009_benchmarks/smt/30-vars/v30_problem_2__027.smt2.slack.smt2: solved=True, runtime=0.60s, PAR-2=0.60s
[DEBUG] Processing 363/896: QF_LIA/nec-smt/large/getoption_group/prp-48-50.smt2
[DEBUG] Predicted solver: Yices2 for benchmark QF_LIA/nec-smt/large/getoption_group/prp-48-50.smt2
[DEBUG] Benchmark QF_LIA/nec-smt/large/getoption_group/prp-48-50.smt2: solved=True, runtime=0.96s, PAR-2=0.96s
[DEBUG] Processing 364/896: QF_LIA/nec-smt/large/getoption_group/prp-15-49.smt2
[DEBUG] Predicted solver: Yices2 for benchmark QF_LIA/nec-smt/large/getoption_group/prp-15-49.smt2
[DEBUG] Benchmark QF_LIA/nec-smt/large/getoption_group/prp-15-49.smt2: solved=True, runtime=0.67s, PAR-2=0.67s
[DEBUG] Processing 365/896: QF_LIA/tropical-matrix/constraint-517804.smt2
[DEBUG] Predicted solver: Yices2 for benchmark QF_LIA/tropical-matrix/constraint-517804.smt2
[DEBUG] Benchmark QF_LIA/tropical-matrix/constraint-517804.smt2: solved=True, runtime=32.39s, PAR-2=32.39s
[DEBUG] Processing 366/896: QF_LIA/nec-smt/large/getoption_user/prp-18-47.smt2
[DEBUG] Predicted solver: Yices2 for benchmark QF_LIA/nec-smt/large/getoption_user/prp-18-47.smt2
[DEBUG] Benchmark QF_LIA/nec-smt/large/getoption_user/prp-18-47.smt2: solved=True, runtime=0.98s, PAR-2=0.98s
[DEBUG] Processing 367/896: QF_LIA/CAV_2009_benchmarks/smt/30-vars/problem__022.smt2
[DEBUG] Predicted solver: cvc5 for benchmark QF_LIA/CAV_2009_benchmarks/smt/30-vars/problem__022.smt2
[DEBUG] Benchmark QF_LIA/CAV_2009_benchmarks/smt/30-vars/problem__022.smt2: solved=True, runtime=0.35s, PAR-2=0.35s
[DEBUG] Processing 368/896: QF_LIA/20220307-SMPT/RwMutex-PT-r0010w2000/RC-02.smt2
[DEBUG] Predicted solver: Yices2 for benchmark QF_LIA/20220307-SMPT/RwMutex-PT-r0010w2000/RC-02.smt2
[DEBUG] Benchmark QF_LIA/20220307-SMPT/RwMutex-PT-r0010w2000/RC-02.smt2: solved=True, runtime=2.00s, PAR-2=2.00s
[DEBUG] Processing 369/896: QF_LIA/nec-smt/large/getoption_group/prp-35-50.smt2
[DEBUG] Predicted solver: Yices2 for benchmark QF_LIA/nec-smt/large/getoption_group/prp-35-50.smt2
[DEBUG] Benchmark QF_LIA/nec-smt/large/getoption_group/prp-35-50.smt2: solved=True, runtime=0.55s, PAR-2=0.55s
[DEBUG] Processing 370/896: QF_LIA/20180326-Bromberger/more_slacked/CAV_2009_benchmarks/smt/45-vars/v45_problem__030.smt2.slack.smt2
[DEBUG] Predicted solver: Z3alpha for benchmark QF_LIA/20180326-Bromberger/more_slacked/CAV_2009_benchmarks/smt/45-vars/v45_problem__030.smt2.slack.smt2
[DEBUG] Benchmark QF_LIA/20180326-Bromberger/more_slacked/CAV_2009_benchmarks/smt/45-vars/v45_problem__030.smt2.slack.smt2: solved=True, runtime=0.79s, PAR-2=0.79s
[DEBUG] Processing 371/896: QF_LIA/rings_preprocessed/ring_2exp14_7vars_3ite_unsat.smt2
[DEBUG] Predicted solver: cvc5 for benchmark QF_LIA/rings_preprocessed/ring_2exp14_7vars_3ite_unsat.smt2
[DEBUG] Benchmark QF_LIA/rings_preprocessed/ring_2exp14_7vars_3ite_unsat.smt2: solved=True, runtime=0.26s, PAR-2=0.26s
[DEBUG] Processing 372/896: QF_LIA/nec-smt/large/checkpass_pwd/prp-29-41.smt2
[DEBUG] Predicted solver: Yices2 for benchmark QF_LIA/nec-smt/large/checkpass_pwd/prp-29-41.smt2
[DEBUG] Benchmark QF_LIA/nec-smt/large/checkpass_pwd/prp-29-41.smt2: solved=True, runtime=1.85s, PAR-2=1.85s
[DEBUG] Processing 373/896: QF_LIA/rings_preprocessed/ring_2exp12_7vars_4ite_unsat.smt2
[DEBUG] Predicted solver: cvc5 for benchmark QF_LIA/rings_preprocessed/ring_2exp12_7vars_4ite_unsat.smt2
[DEBUG] Benchmark QF_LIA/rings_preprocessed/ring_2exp12_7vars_4ite_unsat.smt2: solved=True, runtime=0.27s, PAR-2=0.27s
[DEBUG] Processing 374/896: QF_LIA/nec-smt/large/getoption_group/prp-11-49.smt2
[DEBUG] Predicted solver: Yices2 for benchmark QF_LIA/nec-smt/large/getoption_group/prp-11-49.smt2
[DEBUG] Benchmark QF_LIA/nec-smt/large/getoption_group/prp-11-49.smt2: solved=True, runtime=0.57s, PAR-2=0.57s
[DEBUG] Processing 375/896: QF_LIA/nec-smt/large/getoption_user/prp-25-46.smt2
[DEBUG] Predicted solver: Yices2 for benchmark QF_LIA/nec-smt/large/getoption_user/prp-25-46.smt2
[DEBUG] Benchmark QF_LIA/nec-smt/large/getoption_user/prp-25-46.smt2: solved=True, runtime=1.10s, PAR-2=1.10s
[DEBUG] Processing 376/896: QF_LIA/20180326-Bromberger/more_slacked/CAV_2009_benchmarks/smt/45-vars/v45_problem_2__029.smt2.slack.smt2
[DEBUG] Predicted solver: Z3alpha for benchmark QF_LIA/20180326-Bromberger/more_slacked/CAV_2009_benchmarks/smt/45-vars/v45_problem_2__029.smt2.slack.smt2
[DEBUG] Benchmark QF_LIA/20180326-Bromberger/more_slacked/CAV_2009_benchmarks/smt/45-vars/v45_problem_2__029.smt2.slack.smt2: solved=True, runtime=0.91s, PAR-2=0.91s
[DEBUG] Processing 377/896: QF_LIA/CAV_2009_benchmarks/coef-size/smt/size-30/problem__005.smt2
[DEBUG] Predicted solver: cvc5 for benchmark QF_LIA/CAV_2009_benchmarks/coef-size/smt/size-30/problem__005.smt2
[DEBUG] Benchmark QF_LIA/CAV_2009_benchmarks/coef-size/smt/size-30/problem__005.smt2: solved=True, runtime=0.24s, PAR-2=0.24s
[DEBUG] Processing 378/896: QF_LIA/nec-smt/large/checkpass_pwd/prp-51-44.smt2
[DEBUG] Predicted solver: Yices2 for benchmark QF_LIA/nec-smt/large/checkpass_pwd/prp-51-44.smt2
[DEBUG] Benchmark QF_LIA/nec-smt/large/checkpass_pwd/prp-51-44.smt2: solved=True, runtime=0.92s, PAR-2=0.92s
[DEBUG] Processing 379/896: QF_LIA/nec-smt/large/getoption_group/prp-17-46.smt2
[DEBUG] Predicted solver: Yices2 for benchmark QF_LIA/nec-smt/large/getoption_group/prp-17-46.smt2
[DEBUG] Benchmark QF_LIA/nec-smt/large/getoption_group/prp-17-46.smt2: solved=True, runtime=0.38s, PAR-2=0.38s
[DEBUG] Processing 380/896: QF_LIA/CAV_2009_benchmarks/smt/35-vars/problem_2__011.smt2
[DEBUG] Predicted solver: cvc5 for benchmark QF_LIA/CAV_2009_benchmarks/smt/35-vars/problem_2__011.smt2
[DEBUG] Benchmark QF_LIA/CAV_2009_benchmarks/smt/35-vars/problem_2__011.smt2: solved=True, runtime=0.26s, PAR-2=0.26s
[DEBUG] Processing 381/896: QF_LIA/convert/convert-jpg2gif-query-1616.smt2
[DEBUG] Predicted solver: Z3alpha for benchmark QF_LIA/convert/convert-jpg2gif-query-1616.smt2
[DEBUG] Benchmark QF_LIA/convert/convert-jpg2gif-query-1616.smt2: solved=True, runtime=1.30s, PAR-2=1.30s
[DEBUG] Processing 382/896: QF_LIA/nec-smt/large/getoption_user/prp-0-46.smt2
[DEBUG] Predicted solver: Yices2 for benchmark QF_LIA/nec-smt/large/getoption_user/prp-0-46.smt2
[DEBUG] Benchmark QF_LIA/nec-smt/large/getoption_user/prp-0-46.smt2: solved=True, runtime=0.89s, PAR-2=0.89s
[DEBUG] Processing 383/896: QF_LIA/rings/ring_2exp12_8vars_7ite_unsat.smt2
[DEBUG] Predicted solver: Yices2 for benchmark QF_LIA/rings/ring_2exp12_8vars_7ite_unsat.smt2
[DEBUG] Benchmark QF_LIA/rings/ring_2exp12_8vars_7ite_unsat.smt2: solved=True, runtime=0.25s, PAR-2=0.25s
[DEBUG] Processing 384/896: QF_LIA/tropical-matrix/constraint-1361831.smt2
[DEBUG] Predicted solver: Yices2 for benchmark QF_LIA/tropical-matrix/constraint-1361831.smt2
[DEBUG] Benchmark QF_LIA/tropical-matrix/constraint-1361831.smt2: solved=True, runtime=11.06s, PAR-2=11.06s
[DEBUG] Processing 385/896: QF_LIA/nec-smt/large/checkpass_pwd/prp-33-44.smt2
[DEBUG] Predicted solver: Yices2 for benchmark QF_LIA/nec-smt/large/checkpass_pwd/prp-33-44.smt2
[DEBUG] Benchmark QF_LIA/nec-smt/large/checkpass_pwd/prp-33-44.smt2: solved=True, runtime=2.93s, PAR-2=2.93s
[DEBUG] Processing 386/896: QF_LIA/CAV_2009_benchmarks/coef-size/smt/size-40/problem__004.smt2
[DEBUG] Predicted solver: cvc5 for benchmark QF_LIA/CAV_2009_benchmarks/coef-size/smt/size-40/problem__004.smt2
[DEBUG] Benchmark QF_LIA/CAV_2009_benchmarks/coef-size/smt/size-40/problem__004.smt2: solved=True, runtime=0.23s, PAR-2=0.23s
[DEBUG] Processing 387/896: QF_LIA/20180326-Bromberger/more_slacked/CAV_2009_benchmarks/smt/25-vars/v25_problem__021.smt2.slack.smt2
[DEBUG] Predicted solver: Z3alpha for benchmark QF_LIA/20180326-Bromberger/more_slacked/CAV_2009_benchmarks/smt/25-vars/v25_problem__021.smt2.slack.smt2
[DEBUG] Benchmark QF_LIA/20180326-Bromberger/more_slacked/CAV_2009_benchmarks/smt/25-vars/v25_problem__021.smt2.slack.smt2: solved=True, runtime=0.45s, PAR-2=0.45s
[DEBUG] Processing 388/896: QF_LIA/nec-smt/large/getoption_user/prp-22-46.smt2
[DEBUG] Predicted solver: Yices2 for benchmark QF_LIA/nec-smt/large/getoption_user/prp-22-46.smt2
[DEBUG] Benchmark QF_LIA/nec-smt/large/getoption_user/prp-22-46.smt2: solved=True, runtime=2.34s, PAR-2=2.34s
[DEBUG] Processing 389/896: QF_LIA/rings_preprocessed/ring_2exp14_9vars_8ite_unsat.smt2
[DEBUG] Predicted solver: cvc5 for benchmark QF_LIA/rings_preprocessed/ring_2exp14_9vars_8ite_unsat.smt2
[DEBUG] Benchmark QF_LIA/rings_preprocessed/ring_2exp14_9vars_8ite_unsat.smt2: solved=True, runtime=0.27s, PAR-2=0.27s
[DEBUG] Processing 390/896: QF_LIA/nec-smt/large/getoption_user/prp-38-46.smt2
[DEBUG] Predicted solver: Yices2 for benchmark QF_LIA/nec-smt/large/getoption_user/prp-38-46.smt2
[DEBUG] Benchmark QF_LIA/nec-smt/large/getoption_user/prp-38-46.smt2: solved=True, runtime=1.29s, PAR-2=1.29s
[DEBUG] Processing 391/896: QF_LIA/nec-smt/large/getoption_user/prp-34-50.smt2
[DEBUG] Predicted solver: Yices2 for benchmark QF_LIA/nec-smt/large/getoption_user/prp-34-50.smt2
[DEBUG] Benchmark QF_LIA/nec-smt/large/getoption_user/prp-34-50.smt2: solved=True, runtime=2.25s, PAR-2=2.25s
[DEBUG] Processing 392/896: QF_LIA/CAV_2009_benchmarks/coef-size/smt/size-100/problem__002.smt2
[DEBUG] Predicted solver: cvc5 for benchmark QF_LIA/CAV_2009_benchmarks/coef-size/smt/size-100/problem__002.smt2
[DEBUG] Benchmark QF_LIA/CAV_2009_benchmarks/coef-size/smt/size-100/problem__002.smt2: solved=True, runtime=0.27s, PAR-2=0.27s
[DEBUG] Processing 393/896: QF_LIA/CAV_2009_benchmarks/smt/35-vars/problem_2__033.smt2
[DEBUG] Predicted solver: cvc5 for benchmark QF_LIA/CAV_2009_benchmarks/smt/35-vars/problem_2__033.smt2
[DEBUG] Benchmark QF_LIA/CAV_2009_benchmarks/smt/35-vars/problem_2__033.smt2: solved=True, runtime=0.35s, PAR-2=0.35s
[DEBUG] Processing 394/896: QF_LIA/nec-smt/large/getoption_group/prp-25-50.smt2
[DEBUG] Predicted solver: Yices2 for benchmark QF_LIA/nec-smt/large/getoption_group/prp-25-50.smt2
[DEBUG] Benchmark QF_LIA/nec-smt/large/getoption_group/prp-25-50.smt2: solved=True, runtime=0.76s, PAR-2=0.76s
[DEBUG] Processing 395/896: QF_LIA/20180326-Bromberger/more_slacked/CAV_2009_benchmarks/smt/35-vars/v35_problem_2__026.smt2.slack.smt2
[DEBUG] Predicted solver: Z3alpha for benchmark QF_LIA/20180326-Bromberger/more_slacked/CAV_2009_benchmarks/smt/35-vars/v35_problem_2__026.smt2.slack.smt2
[DEBUG] Benchmark QF_LIA/20180326-Bromberger/more_slacked/CAV_2009_benchmarks/smt/35-vars/v35_problem_2__026.smt2.slack.smt2: solved=True, runtime=1.90s, PAR-2=1.90s
[DEBUG] Processing 396/896: QF_LIA/nec-smt/large/checkpass_pwd/prp-38-38.smt2
[DEBUG] Predicted solver: Yices2 for benchmark QF_LIA/nec-smt/large/checkpass_pwd/prp-38-38.smt2
[DEBUG] Benchmark QF_LIA/nec-smt/large/checkpass_pwd/prp-38-38.smt2: solved=True, runtime=1.08s, PAR-2=1.08s
[DEBUG] Processing 397/896: QF_LIA/20180326-Bromberger/more_slacked/CAV_2009_benchmarks/smt/35-vars/v35_problem__017.smt2.slack.smt2
[DEBUG] Predicted solver: Z3alpha for benchmark QF_LIA/20180326-Bromberger/more_slacked/CAV_2009_benchmarks/smt/35-vars/v35_problem__017.smt2.slack.smt2
[DEBUG] Benchmark QF_LIA/20180326-Bromberger/more_slacked/CAV_2009_benchmarks/smt/35-vars/v35_problem__017.smt2.slack.smt2: solved=True, runtime=25.25s, PAR-2=25.25s
[DEBUG] Processing 398/896: QF_LIA/rings_preprocessed/ring_2exp16_6vars_3ite_unsat.smt2
[DEBUG] Predicted solver: cvc5 for benchmark QF_LIA/rings_preprocessed/ring_2exp16_6vars_3ite_unsat.smt2
[DEBUG] Benchmark QF_LIA/rings_preprocessed/ring_2exp16_6vars_3ite_unsat.smt2: solved=True, runtime=0.24s, PAR-2=0.24s
[DEBUG] Processing 399/896: QF_LIA/nec-smt/large/getoption_user/prp-42-49.smt2
[DEBUG] Predicted solver: Yices2 for benchmark QF_LIA/nec-smt/large/getoption_user/prp-42-49.smt2
[DEBUG] Benchmark QF_LIA/nec-smt/large/getoption_user/prp-42-49.smt2: solved=True, runtime=0.71s, PAR-2=0.71s
[DEBUG] Processing 400/896: QF_LIA/20180326-Bromberger/more_slacked/CAV_2009_benchmarks/smt/30-vars/v30_problem_2__022.smt2.slack.smt2
[DEBUG] Predicted solver: Z3alpha for benchmark QF_LIA/20180326-Bromberger/more_slacked/CAV_2009_benchmarks/smt/30-vars/v30_problem_2__022.smt2.slack.smt2
[DEBUG] Benchmark QF_LIA/20180326-Bromberger/more_slacked/CAV_2009_benchmarks/smt/30-vars/v30_problem_2__022.smt2.slack.smt2: solved=True, runtime=64.15s, PAR-2=64.15s
[DEBUG] Processing 401/896: QF_LIA/nec-smt/large/getoption_group/prp-12-47.smt2
[DEBUG] Predicted solver: Yices2 for benchmark QF_LIA/nec-smt/large/getoption_group/prp-12-47.smt2
[DEBUG] Benchmark QF_LIA/nec-smt/large/getoption_group/prp-12-47.smt2: solved=True, runtime=0.46s, PAR-2=0.46s
[DEBUG] Processing 402/896: QF_LIA/20180326-Bromberger/more_slacked/cut_lemmas/20-vars/cut_lemma_01_004.smt2.slack.smt2
[DEBUG] Predicted solver: Z3alpha for benchmark QF_LIA/20180326-Bromberger/more_slacked/cut_lemmas/20-vars/cut_lemma_01_004.smt2.slack.smt2
[DEBUG] Benchmark QF_LIA/20180326-Bromberger/more_slacked/cut_lemmas/20-vars/cut_lemma_01_004.smt2.slack.smt2: solved=True, runtime=0.30s, PAR-2=0.30s
[DEBUG] Processing 403/896: QF_LIA/nec-smt/large/user_is_in_group/prp-4-48.smt2
[DEBUG] Predicted solver: Yices2 for benchmark QF_LIA/nec-smt/large/user_is_in_group/prp-4-48.smt2
[DEBUG] Benchmark QF_LIA/nec-smt/large/user_is_in_group/prp-4-48.smt2: solved=True, runtime=1.82s, PAR-2=1.82s
[DEBUG] Processing 404/896: QF_LIA/nec-smt/large/getoption_group/prp-0-50.smt2
[DEBUG] Predicted solver: Yices2 for benchmark QF_LIA/nec-smt/large/getoption_group/prp-0-50.smt2
[DEBUG] Benchmark QF_LIA/nec-smt/large/getoption_group/prp-0-50.smt2: solved=True, runtime=0.47s, PAR-2=0.47s
[DEBUG] Processing 405/896: QF_LIA/slacks/35-35.slack.smt2
[DEBUG] Predicted solver: Z3alpha for benchmark QF_LIA/slacks/35-35.slack.smt2
[DEBUG] Benchmark QF_LIA/slacks/35-35.slack.smt2: solved=True, runtime=896.18s, PAR-2=896.18s
[DEBUG] Processing 406/896: QF_LIA/nec-smt/large/checkpass_pwd/prp-45-42.smt2
[DEBUG] Predicted solver: Yices2 for benchmark QF_LIA/nec-smt/large/checkpass_pwd/prp-45-42.smt2
[DEBUG] Benchmark QF_LIA/nec-smt/large/checkpass_pwd/prp-45-42.smt2: solved=True, runtime=1.39s, PAR-2=1.39s
[DEBUG] Processing 407/896: QF_LIA/20180326-Bromberger/more_slacked/cut_lemmas/20-vars/cut_lemma_01_014.smt2.slack.smt2
[DEBUG] Predicted solver: Z3alpha for benchmark QF_LIA/20180326-Bromberger/more_slacked/cut_lemmas/20-vars/cut_lemma_01_014.smt2.slack.smt2
[DEBUG] Benchmark QF_LIA/20180326-Bromberger/more_slacked/cut_lemmas/20-vars/cut_lemma_01_014.smt2.slack.smt2: solved=True, runtime=0.28s, PAR-2=0.28s
[DEBUG] Processing 408/896: QF_LIA/nec-smt/large/getoption/prp-3-199.smt2
[DEBUG] Predicted solver: Yices2 for benchmark QF_LIA/nec-smt/large/getoption/prp-3-199.smt2
[DEBUG] Benchmark QF_LIA/nec-smt/large/getoption/prp-3-199.smt2: solved=True, runtime=1.38s, PAR-2=1.38s
[DEBUG] Processing 409/896: QF_LIA/20231117-c_inference/100_100_78_15_sat.smt2
[DEBUG] Predicted solver: OpenSMT for benchmark QF_LIA/20231117-c_inference/100_100_78_15_sat.smt2
[DEBUG] Benchmark QF_LIA/20231117-c_inference/100_100_78_15_sat.smt2: solved=False, runtime=1200.00s, PAR-2=2400.00s
[DEBUG] Processing 410/896: QF_LIA/pb2010/normalized-j3029_6-sat.smt2
[DEBUG] Predicted solver: Yices2 for benchmark QF_LIA/pb2010/normalized-j3029_6-sat.smt2
[DEBUG] Benchmark QF_LIA/pb2010/normalized-j3029_6-sat.smt2: solved=False, runtime=1200.00s, PAR-2=2400.00s
[DEBUG] Processing 411/896: QF_LIA/nec-smt/large/getoption_group/prp-24-47.smt2
[DEBUG] Predicted solver: Yices2 for benchmark QF_LIA/nec-smt/large/getoption_group/prp-24-47.smt2
[DEBUG] Benchmark QF_LIA/nec-smt/large/getoption_group/prp-24-47.smt2: solved=True, runtime=0.41s, PAR-2=0.41s
[DEBUG] Processing 412/896: QF_LIA/nec-smt/large/getoption_group/prp-68-50.smt2
[DEBUG] Predicted solver: Yices2 for benchmark QF_LIA/nec-smt/large/getoption_group/prp-68-50.smt2
[DEBUG] Benchmark QF_LIA/nec-smt/large/getoption_group/prp-68-50.smt2: solved=True, runtime=0.48s, PAR-2=0.48s
[DEBUG] Processing 413/896: QF_LIA/nec-smt/large/getoption_group/prp-20-49.smt2
[DEBUG] Predicted solver: Yices2 for benchmark QF_LIA/nec-smt/large/getoption_group/prp-20-49.smt2
[DEBUG] Benchmark QF_LIA/nec-smt/large/getoption_group/prp-20-49.smt2: solved=True, runtime=0.64s, PAR-2=0.64s
[DEBUG] Processing 414/896: QF_LIA/nec-smt/large/getoption_directories/prp-6-46.smt2
[DEBUG] Predicted solver: Yices2 for benchmark QF_LIA/nec-smt/large/getoption_directories/prp-6-46.smt2
[DEBUG] Benchmark QF_LIA/nec-smt/large/getoption_directories/prp-6-46.smt2: solved=True, runtime=1.29s, PAR-2=1.29s
[DEBUG] Processing 415/896: QF_LIA/rings_preprocessed/ring_2exp10_9vars_3ite_unsat.smt2
[DEBUG] Predicted solver: cvc5 for benchmark QF_LIA/rings_preprocessed/ring_2exp10_9vars_3ite_unsat.smt2
[DEBUG] Benchmark QF_LIA/rings_preprocessed/ring_2exp10_9vars_3ite_unsat.smt2: solved=True, runtime=0.30s, PAR-2=0.30s
[DEBUG] Processing 416/896: QF_LIA/rings_preprocessed/ring_2exp16_6vars_2ite_unsat.smt2
[DEBUG] Predicted solver: cvc5 for benchmark QF_LIA/rings_preprocessed/ring_2exp16_6vars_2ite_unsat.smt2
[DEBUG] Benchmark QF_LIA/rings_preprocessed/ring_2exp16_6vars_2ite_unsat.smt2: solved=True, runtime=0.24s, PAR-2=0.24s
[DEBUG] Processing 417/896: QF_LIA/20220307-SMPT/SharedMemory-PT-000100/RF-03.smt2
[DEBUG] Predicted solver: OpenSMT for benchmark QF_LIA/20220307-SMPT/SharedMemory-PT-000100/RF-03.smt2
[DEBUG] Benchmark QF_LIA/20220307-SMPT/SharedMemory-PT-000100/RF-03.smt2: solved=True, runtime=19.54s, PAR-2=19.54s
[DEBUG] Processing 418/896: QF_LIA/nec-smt/large/getoption_group/prp-60-50.smt2
[DEBUG] Predicted solver: Yices2 for benchmark QF_LIA/nec-smt/large/getoption_group/prp-60-50.smt2
[DEBUG] Benchmark QF_LIA/nec-smt/large/getoption_group/prp-60-50.smt2: solved=True, runtime=0.50s, PAR-2=0.50s
[DEBUG] Processing 419/896: QF_LIA/20180326-Bromberger/more_slacked/CAV_2009_benchmarks/smt/45-vars/v45_problem_2__012.smt2.slack.smt2
[DEBUG] Predicted solver: Z3alpha for benchmark QF_LIA/20180326-Bromberger/more_slacked/CAV_2009_benchmarks/smt/45-vars/v45_problem_2__012.smt2.slack.smt2
[DEBUG] Benchmark QF_LIA/20180326-Bromberger/more_slacked/CAV_2009_benchmarks/smt/45-vars/v45_problem_2__012.smt2.slack.smt2: solved=True, runtime=0.30s, PAR-2=0.30s
[DEBUG] Processing 420/896: QF_LIA/20180326-Bromberger/more_slacked/CAV_2009_benchmarks/smt/35-vars/v35_problem__022.smt2.slack.smt2
[DEBUG] Predicted solver: Z3alpha for benchmark QF_LIA/20180326-Bromberger/more_slacked/CAV_2009_benchmarks/smt/35-vars/v35_problem__022.smt2.slack.smt2
[DEBUG] Benchmark QF_LIA/20180326-Bromberger/more_slacked/CAV_2009_benchmarks/smt/35-vars/v35_problem__022.smt2.slack.smt2: solved=True, runtime=0.50s, PAR-2=0.50s
[DEBUG] Processing 421/896: QF_LIA/2019-cmodelsdiff/wireRouting/wire.12.x.12.b.5.a.20_unsat.data.smt2
[DEBUG] Predicted solver: Yices2 for benchmark QF_LIA/2019-cmodelsdiff/wireRouting/wire.12.x.12.b.5.a.20_unsat.data.smt2
[DEBUG] Benchmark QF_LIA/2019-cmodelsdiff/wireRouting/wire.12.x.12.b.5.a.20_unsat.data.smt2: solved=True, runtime=218.47s, PAR-2=218.47s
[DEBUG] Processing 422/896: QF_LIA/20231117-c_inference/60_60_90_13_sat.smt2
[DEBUG] Predicted solver: OpenSMT for benchmark QF_LIA/20231117-c_inference/60_60_90_13_sat.smt2
[DEBUG] Benchmark QF_LIA/20231117-c_inference/60_60_90_13_sat.smt2: solved=False, runtime=1200.00s, PAR-2=2400.00s
[DEBUG] Processing 423/896: QF_LIA/20231117-c_inference/100_100_20_16_sat.smt2
[DEBUG] Predicted solver: OpenSMT for benchmark QF_LIA/20231117-c_inference/100_100_20_16_sat.smt2
[DEBUG] Benchmark QF_LIA/20231117-c_inference/100_100_20_16_sat.smt2: solved=False, runtime=1200.00s, PAR-2=2400.00s
[DEBUG] Processing 424/896: QF_LIA/nec-smt/large/getoption_directories/prp-7-47.smt2
[DEBUG] Predicted solver: Yices2 for benchmark QF_LIA/nec-smt/large/getoption_directories/prp-7-47.smt2
[DEBUG] Benchmark QF_LIA/nec-smt/large/getoption_directories/prp-7-47.smt2: solved=True, runtime=2.29s, PAR-2=2.29s
[DEBUG] Processing 425/896: QF_LIA/CAV_2009_benchmarks/smt/30-vars/problem_2__033.smt2
[DEBUG] Predicted solver: cvc5 for benchmark QF_LIA/CAV_2009_benchmarks/smt/30-vars/problem_2__033.smt2
[DEBUG] Benchmark QF_LIA/CAV_2009_benchmarks/smt/30-vars/problem_2__033.smt2: solved=True, runtime=0.33s, PAR-2=0.33s
[DEBUG] Processing 426/896: QF_LIA/convert/convert-jpg2gif-query-1418.smt2
[DEBUG] Predicted solver: OpenSMT for benchmark QF_LIA/convert/convert-jpg2gif-query-1418.smt2
[DEBUG] Benchmark QF_LIA/convert/convert-jpg2gif-query-1418.smt2: solved=True, runtime=0.50s, PAR-2=0.50s
[DEBUG] Processing 427/896: QF_LIA/nec-smt/large/getoption_group/prp-29-48.smt2
[DEBUG] Predicted solver: Yices2 for benchmark QF_LIA/nec-smt/large/getoption_group/prp-29-48.smt2
[DEBUG] Benchmark QF_LIA/nec-smt/large/getoption_group/prp-29-48.smt2: solved=True, runtime=0.49s, PAR-2=0.49s
[DEBUG] Processing 428/896: QF_LIA/nec-smt/large/checkpass_pwd/prp-34-39.smt2
[DEBUG] Predicted solver: Yices2 for benchmark QF_LIA/nec-smt/large/checkpass_pwd/prp-34-39.smt2
[DEBUG] Benchmark QF_LIA/nec-smt/large/checkpass_pwd/prp-34-39.smt2: solved=True, runtime=0.94s, PAR-2=0.94s
[DEBUG] Processing 429/896: QF_LIA/20180326-Bromberger/more_slacked/cut_lemmas/20-vars/cut_lemma_01_001.smt2.slack.smt2
[DEBUG] Predicted solver: Z3alpha for benchmark QF_LIA/20180326-Bromberger/more_slacked/cut_lemmas/20-vars/cut_lemma_01_001.smt2.slack.smt2
[DEBUG] Benchmark QF_LIA/20180326-Bromberger/more_slacked/cut_lemmas/20-vars/cut_lemma_01_001.smt2.slack.smt2: solved=True, runtime=0.29s, PAR-2=0.29s
[DEBUG] Processing 430/896: QF_LIA/20180326-Bromberger/more_slacked/CAV_2009_benchmarks/smt/35-vars/v35_problem_2__017.smt2.slack.smt2
[DEBUG] Predicted solver: Z3alpha for benchmark QF_LIA/20180326-Bromberger/more_slacked/CAV_2009_benchmarks/smt/35-vars/v35_problem_2__017.smt2.slack.smt2
[DEBUG] Benchmark QF_LIA/20180326-Bromberger/more_slacked/CAV_2009_benchmarks/smt/35-vars/v35_problem_2__017.smt2.slack.smt2: solved=True, runtime=0.63s, PAR-2=0.63s
[DEBUG] Processing 431/896: QF_LIA/pb2010/normalized-j9010_8-sat.smt2
[DEBUG] Predicted solver: Yices2 for benchmark QF_LIA/pb2010/normalized-j9010_8-sat.smt2
[DEBUG] Benchmark QF_LIA/pb2010/normalized-j9010_8-sat.smt2: solved=False, runtime=1200.00s, PAR-2=2400.00s
[DEBUG] Processing 432/896: QF_LIA/nec-smt/large/getoption_user/prp-3-47.smt2
[DEBUG] Predicted solver: Yices2 for benchmark QF_LIA/nec-smt/large/getoption_user/prp-3-47.smt2
[DEBUG] Benchmark QF_LIA/nec-smt/large/getoption_user/prp-3-47.smt2: solved=True, runtime=0.91s, PAR-2=0.91s
[DEBUG] Processing 433/896: QF_LIA/pb2010/normalized-j605_7-sat.smt2
[DEBUG] Predicted solver: Yices2 for benchmark QF_LIA/pb2010/normalized-j605_7-sat.smt2
[DEBUG] Benchmark QF_LIA/pb2010/normalized-j605_7-sat.smt2: solved=False, runtime=1200.00s, PAR-2=2400.00s
[DEBUG] Processing 434/896: QF_LIA/nec-smt/large/getoption_group/prp-37-50.smt2
[DEBUG] Predicted solver: Yices2 for benchmark QF_LIA/nec-smt/large/getoption_group/prp-37-50.smt2
[DEBUG] Benchmark QF_LIA/nec-smt/large/getoption_group/prp-37-50.smt2: solved=True, runtime=0.66s, PAR-2=0.66s
[DEBUG] Processing 435/896: QF_LIA/nec-smt/large/getoption_user/prp-32-48.smt2
[DEBUG] Predicted solver: Yices2 for benchmark QF_LIA/nec-smt/large/getoption_user/prp-32-48.smt2
[DEBUG] Benchmark QF_LIA/nec-smt/large/getoption_user/prp-32-48.smt2: solved=True, runtime=1.44s, PAR-2=1.44s
[DEBUG] Processing 436/896: QF_LIA/20180326-Bromberger/more_slacked/cut_lemmas/20-vars/cut_lemma_01_005.smt2.slack.smt2
[DEBUG] Predicted solver: Z3alpha for benchmark QF_LIA/20180326-Bromberger/more_slacked/cut_lemmas/20-vars/cut_lemma_01_005.smt2.slack.smt2
[DEBUG] Benchmark QF_LIA/20180326-Bromberger/more_slacked/cut_lemmas/20-vars/cut_lemma_01_005.smt2.slack.smt2: solved=True, runtime=0.34s, PAR-2=0.34s
[DEBUG] Processing 437/896: QF_LIA/20180326-Bromberger/more_slacked/cut_lemmas/20-vars/cut_lemma_02_008.smt2.slack.smt2
[DEBUG] Predicted solver: Z3alpha for benchmark QF_LIA/20180326-Bromberger/more_slacked/cut_lemmas/20-vars/cut_lemma_02_008.smt2.slack.smt2
[DEBUG] Benchmark QF_LIA/20180326-Bromberger/more_slacked/cut_lemmas/20-vars/cut_lemma_02_008.smt2.slack.smt2: solved=True, runtime=0.32s, PAR-2=0.32s
[DEBUG] Processing 438/896: QF_LIA/2019-cmodelsdiff/labyrinth/0150-labyrinth-16-0.smt2
[DEBUG] Predicted solver: Yices2 for benchmark QF_LIA/2019-cmodelsdiff/labyrinth/0150-labyrinth-16-0.smt2
[DEBUG] Benchmark QF_LIA/2019-cmodelsdiff/labyrinth/0150-labyrinth-16-0.smt2: solved=True, runtime=684.27s, PAR-2=684.27s
[DEBUG] Processing 439/896: QF_LIA/nec-smt/large/getoption_group/prp-54-46.smt2
[DEBUG] Predicted solver: Yices2 for benchmark QF_LIA/nec-smt/large/getoption_group/prp-54-46.smt2
[DEBUG] Benchmark QF_LIA/nec-smt/large/getoption_group/prp-54-46.smt2: solved=True, runtime=0.35s, PAR-2=0.35s
[DEBUG] Processing 440/896: QF_LIA/convert/convert-jpg2gif-query-1180.smt2
[DEBUG] Predicted solver: OpenSMT for benchmark QF_LIA/convert/convert-jpg2gif-query-1180.smt2
[DEBUG] Benchmark QF_LIA/convert/convert-jpg2gif-query-1180.smt2: solved=True, runtime=0.60s, PAR-2=0.60s
[DEBUG] Processing 441/896: QF_LIA/nec-smt/large/checkpass_pwd/prp-39-43.smt2
[DEBUG] Predicted solver: Yices2 for benchmark QF_LIA/nec-smt/large/checkpass_pwd/prp-39-43.smt2
[DEBUG] Benchmark QF_LIA/nec-smt/large/checkpass_pwd/prp-39-43.smt2: solved=True, runtime=3.62s, PAR-2=3.62s
[DEBUG] Processing 442/896: QF_LIA/nec-smt/large/getoption_group/prp-30-48.smt2
[DEBUG] Predicted solver: Yices2 for benchmark QF_LIA/nec-smt/large/getoption_group/prp-30-48.smt2
[DEBUG] Benchmark QF_LIA/nec-smt/large/getoption_group/prp-30-48.smt2: solved=True, runtime=0.47s, PAR-2=0.47s
[DEBUG] Processing 443/896: QF_LIA/slacks/45-13.slack.smt2
[DEBUG] Predicted solver: Z3alpha for benchmark QF_LIA/slacks/45-13.slack.smt2
[DEBUG] Benchmark QF_LIA/slacks/45-13.slack.smt2: solved=True, runtime=0.30s, PAR-2=0.30s
[DEBUG] Processing 444/896: QF_LIA/nec-smt/large/getoption_group/prp-30-47.smt2
[DEBUG] Predicted solver: Yices2 for benchmark QF_LIA/nec-smt/large/getoption_group/prp-30-47.smt2
[DEBUG] Benchmark QF_LIA/nec-smt/large/getoption_group/prp-30-47.smt2: solved=True, runtime=0.43s, PAR-2=0.43s
[DEBUG] Processing 445/896: QF_LIA/pb2010/normalized-j9035_5-sat.smt2
[DEBUG] Predicted solver: Yices2 for benchmark QF_LIA/pb2010/normalized-j9035_5-sat.smt2
[DEBUG] Benchmark QF_LIA/pb2010/normalized-j9035_5-sat.smt2: solved=True, runtime=1.79s, PAR-2=1.79s
[DEBUG] Processing 446/896: QF_LIA/nec-smt/large/checkpass_pwd/prp-29-42.smt2
[DEBUG] Predicted solver: Yices2 for benchmark QF_LIA/nec-smt/large/checkpass_pwd/prp-29-42.smt2
[DEBUG] Benchmark QF_LIA/nec-smt/large/checkpass_pwd/prp-29-42.smt2: solved=True, runtime=2.65s, PAR-2=2.65s
[DEBUG] Processing 447/896: QF_LIA/nec-smt/large/checkpass_pwd/prp-41-39.smt2
[DEBUG] Predicted solver: Yices2 for benchmark QF_LIA/nec-smt/large/checkpass_pwd/prp-41-39.smt2
[DEBUG] Benchmark QF_LIA/nec-smt/large/checkpass_pwd/prp-41-39.smt2: solved=True, runtime=0.45s, PAR-2=0.45s
[DEBUG] Processing 448/896: QF_LIA/20231117-c_inference/90_90_87_12_unsat.smt2
[DEBUG] Predicted solver: OpenSMT for benchmark QF_LIA/20231117-c_inference/90_90_87_12_unsat.smt2
[DEBUG] Benchmark QF_LIA/20231117-c_inference/90_90_87_12_unsat.smt2: solved=False, runtime=1200.00s, PAR-2=2400.00s
[DEBUG] Processing 449/896: QF_LIA/nec-smt/large/getoption_user/prp-36-49.smt2
[DEBUG] Predicted solver: Yices2 for benchmark QF_LIA/nec-smt/large/getoption_user/prp-36-49.smt2
[DEBUG] Benchmark QF_LIA/nec-smt/large/getoption_user/prp-36-49.smt2: solved=True, runtime=4.57s, PAR-2=4.57s
[DEBUG] Processing 450/896: QF_LIA/20180326-Bromberger/more_slacked/cut_lemmas/20-vars/cut_lemma_03_012.smt2.slack.smt2
[DEBUG] Predicted solver: Z3alpha for benchmark QF_LIA/20180326-Bromberger/more_slacked/cut_lemmas/20-vars/cut_lemma_03_012.smt2.slack.smt2
[DEBUG] Benchmark QF_LIA/20180326-Bromberger/more_slacked/cut_lemmas/20-vars/cut_lemma_03_012.smt2.slack.smt2: solved=True, runtime=0.30s, PAR-2=0.30s
[DEBUG] Processing 451/896: QF_LIA/rings_preprocessed/ring_2exp10_8vars_4ite_unsat.smt2
[DEBUG] Predicted solver: cvc5 for benchmark QF_LIA/rings_preprocessed/ring_2exp10_8vars_4ite_unsat.smt2
[DEBUG] Benchmark QF_LIA/rings_preprocessed/ring_2exp10_8vars_4ite_unsat.smt2: solved=True, runtime=0.25s, PAR-2=0.25s
[DEBUG] Processing 452/896: QF_LIA/slacks/30-33.slack.smt2
[DEBUG] Predicted solver: Z3alpha for benchmark QF_LIA/slacks/30-33.slack.smt2
[DEBUG] Benchmark QF_LIA/slacks/30-33.slack.smt2: solved=True, runtime=170.93s, PAR-2=170.93s
[DEBUG] Processing 453/896: QF_LIA/nec-smt/large/checkpass_pwd/prp-42-45.smt2
[DEBUG] Predicted solver: Yices2 for benchmark QF_LIA/nec-smt/large/checkpass_pwd/prp-42-45.smt2
[DEBUG] Benchmark QF_LIA/nec-smt/large/checkpass_pwd/prp-42-45.smt2: solved=True, runtime=6.10s, PAR-2=6.10s
[DEBUG] Processing 454/896: QF_LIA/dillig/45-26.smt2
[DEBUG] Predicted solver: cvc5 for benchmark QF_LIA/dillig/45-26.smt2
[DEBUG] Benchmark QF_LIA/dillig/45-26.smt2: solved=True, runtime=3.36s, PAR-2=3.36s
[DEBUG] Processing 455/896: QF_LIA/nec-smt/large/getoption_user/prp-38-49.smt2
[DEBUG] Predicted solver: Yices2 for benchmark QF_LIA/nec-smt/large/getoption_user/prp-38-49.smt2
[DEBUG] Benchmark QF_LIA/nec-smt/large/getoption_user/prp-38-49.smt2: solved=True, runtime=1.66s, PAR-2=1.66s
[DEBUG] Processing 456/896: QF_LIA/CAV_2009_benchmarks/smt/45-vars/problem__025.smt2
[DEBUG] Predicted solver: cvc5 for benchmark QF_LIA/CAV_2009_benchmarks/smt/45-vars/problem__025.smt2
[DEBUG] Benchmark QF_LIA/CAV_2009_benchmarks/smt/45-vars/problem__025.smt2: solved=True, runtime=0.26s, PAR-2=0.26s
[DEBUG] Processing 457/896: QF_LIA/20210219-Dartagnan/ConcurrencySafety-Main/fib_bench_longer-1-O0.smt2
[DEBUG] Predicted solver: OpenSMT for benchmark QF_LIA/20210219-Dartagnan/ConcurrencySafety-Main/fib_bench_longer-1-O0.smt2
[DEBUG] Benchmark QF_LIA/20210219-Dartagnan/ConcurrencySafety-Main/fib_bench_longer-1-O0.smt2: solved=True, runtime=1.70s, PAR-2=1.70s
[DEBUG] Processing 458/896: QF_LIA/nec-smt/large/getoption_directories/prp-10-50.smt2
[DEBUG] Predicted solver: Yices2 for benchmark QF_LIA/nec-smt/large/getoption_directories/prp-10-50.smt2
[DEBUG] Benchmark QF_LIA/nec-smt/large/getoption_directories/prp-10-50.smt2: solved=True, runtime=1.83s, PAR-2=1.83s
[DEBUG] Processing 459/896: QF_LIA/slacks/30-23.slack.smt2
[DEBUG] Predicted solver: Z3alpha for benchmark QF_LIA/slacks/30-23.slack.smt2
[DEBUG] Benchmark QF_LIA/slacks/30-23.slack.smt2: solved=True, runtime=100.55s, PAR-2=100.55s
[DEBUG] Processing 460/896: QF_LIA/nec-smt/large/getoption_user/prp-48-49.smt2
[DEBUG] Predicted solver: Yices2 for benchmark QF_LIA/nec-smt/large/getoption_user/prp-48-49.smt2
[DEBUG] Benchmark QF_LIA/nec-smt/large/getoption_user/prp-48-49.smt2: solved=True, runtime=0.78s, PAR-2=0.78s
[DEBUG] Processing 461/896: QF_LIA/cut_lemmas/20-vars/cut_lemma_02_001.smt2
[DEBUG] Predicted solver: OpenSMT for benchmark QF_LIA/cut_lemmas/20-vars/cut_lemma_02_001.smt2
[DEBUG] Benchmark QF_LIA/cut_lemmas/20-vars/cut_lemma_02_001.smt2: solved=True, runtime=5.72s, PAR-2=5.72s
[DEBUG] Processing 462/896: QF_LIA/RWS/Example_12.txt.smt2
[DEBUG] Predicted solver: Yices2 for benchmark QF_LIA/RWS/Example_12.txt.smt2
[DEBUG] Benchmark QF_LIA/RWS/Example_12.txt.smt2: solved=True, runtime=5.68s, PAR-2=5.68s
[DEBUG] Processing 463/896: QF_LIA/nec-smt/large/getoption_group/prp-10-47.smt2
[DEBUG] Predicted solver: Yices2 for benchmark QF_LIA/nec-smt/large/getoption_group/prp-10-47.smt2
[DEBUG] Benchmark QF_LIA/nec-smt/large/getoption_group/prp-10-47.smt2: solved=True, runtime=0.48s, PAR-2=0.48s
[DEBUG] Processing 464/896: QF_LIA/20180326-Bromberger/more_slacked/cut_lemmas/15-vars/cut_lemma_03_003.smt2.slack.smt2
[DEBUG] Predicted solver: Z3alpha for benchmark QF_LIA/20180326-Bromberger/more_slacked/cut_lemmas/15-vars/cut_lemma_03_003.smt2.slack.smt2
[DEBUG] Benchmark QF_LIA/20180326-Bromberger/more_slacked/cut_lemmas/15-vars/cut_lemma_03_003.smt2.slack.smt2: solved=True, runtime=0.58s, PAR-2=0.58s
[DEBUG] Processing 465/896: QF_LIA/nec-smt/large/getoption_directories/prp-4-111.smt2
[DEBUG] Predicted solver: Yices2 for benchmark QF_LIA/nec-smt/large/getoption_directories/prp-4-111.smt2
[DEBUG] Benchmark QF_LIA/nec-smt/large/getoption_directories/prp-4-111.smt2: solved=True, runtime=28.48s, PAR-2=28.48s
[DEBUG] Processing 466/896: QF_LIA/nec-smt/large/getoption_group/prp-46-48.smt2
[DEBUG] Predicted solver: Yices2 for benchmark QF_LIA/nec-smt/large/getoption_group/prp-46-48.smt2
[DEBUG] Benchmark QF_LIA/nec-smt/large/getoption_group/prp-46-48.smt2: solved=True, runtime=0.42s, PAR-2=0.42s
[DEBUG] Processing 467/896: QF_LIA/nec-smt/large/getoption_user/prp-3-46.smt2
[DEBUG] Predicted solver: Yices2 for benchmark QF_LIA/nec-smt/large/getoption_user/prp-3-46.smt2
[DEBUG] Benchmark QF_LIA/nec-smt/large/getoption_user/prp-3-46.smt2: solved=True, runtime=0.65s, PAR-2=0.65s
[DEBUG] Processing 468/896: QF_LIA/20180326-Bromberger/more_slacked/cut_lemmas/20-vars/cut_lemma_03_013.smt2.slack.smt2
[DEBUG] Predicted solver: Z3alpha for benchmark QF_LIA/20180326-Bromberger/more_slacked/cut_lemmas/20-vars/cut_lemma_03_013.smt2.slack.smt2
[DEBUG] Benchmark QF_LIA/20180326-Bromberger/more_slacked/cut_lemmas/20-vars/cut_lemma_03_013.smt2.slack.smt2: solved=True, runtime=1.92s, PAR-2=1.92s
[DEBUG] Processing 469/896: QF_LIA/tropical-matrix/constraint-4033959.smt2
[DEBUG] Predicted solver: Yices2 for benchmark QF_LIA/tropical-matrix/constraint-4033959.smt2
[DEBUG] Benchmark QF_LIA/tropical-matrix/constraint-4033959.smt2: solved=True, runtime=183.02s, PAR-2=183.02s
[DEBUG] Processing 470/896: QF_LIA/nec-smt/large/getoption_group/prp-25-49.smt2
[DEBUG] Predicted solver: Yices2 for benchmark QF_LIA/nec-smt/large/getoption_group/prp-25-49.smt2
[DEBUG] Benchmark QF_LIA/nec-smt/large/getoption_group/prp-25-49.smt2: solved=True, runtime=0.55s, PAR-2=0.55s
[DEBUG] Processing 471/896: QF_LIA/rings/ring_2exp6_8vars_7ite_unsat.smt2
[DEBUG] Predicted solver: Yices2 for benchmark QF_LIA/rings/ring_2exp6_8vars_7ite_unsat.smt2
[DEBUG] Benchmark QF_LIA/rings/ring_2exp6_8vars_7ite_unsat.smt2: solved=True, runtime=0.22s, PAR-2=0.22s
[DEBUG] Processing 472/896: QF_LIA/nec-smt/large/checkpass_pwd/prp-48-43.smt2
[DEBUG] Predicted solver: Yices2 for benchmark QF_LIA/nec-smt/large/checkpass_pwd/prp-48-43.smt2
[DEBUG] Benchmark QF_LIA/nec-smt/large/checkpass_pwd/prp-48-43.smt2: solved=True, runtime=3.02s, PAR-2=3.02s
[DEBUG] Processing 473/896: QF_LIA/20180326-Bromberger/more_slacked/CAV_2009_benchmarks/smt/40-vars/v40_problem_2__023.smt2.slack.smt2
[DEBUG] Predicted solver: Z3alpha for benchmark QF_LIA/20180326-Bromberger/more_slacked/CAV_2009_benchmarks/smt/40-vars/v40_problem_2__023.smt2.slack.smt2
[DEBUG] Benchmark QF_LIA/20180326-Bromberger/more_slacked/CAV_2009_benchmarks/smt/40-vars/v40_problem_2__023.smt2.slack.smt2: solved=True, runtime=0.47s, PAR-2=0.47s
[DEBUG] Processing 474/896: QF_LIA/20180326-Bromberger/more_slacked/CAV_2009_benchmarks/smt/30-vars/v30_problem_2__023.smt2.slack.smt2
[DEBUG] Predicted solver: Z3alpha for benchmark QF_LIA/20180326-Bromberger/more_slacked/CAV_2009_benchmarks/smt/30-vars/v30_problem_2__023.smt2.slack.smt2
[DEBUG] Benchmark QF_LIA/20180326-Bromberger/more_slacked/CAV_2009_benchmarks/smt/30-vars/v30_problem_2__023.smt2.slack.smt2: solved=True, runtime=48.46s, PAR-2=48.46s
[DEBUG] Processing 475/896: QF_LIA/20180326-Bromberger/more_slacked/CAV_2009_benchmarks/smt/40-vars/v40_problem_2__012.smt2.slack.smt2
[DEBUG] Predicted solver: Z3alpha for benchmark QF_LIA/20180326-Bromberger/more_slacked/CAV_2009_benchmarks/smt/40-vars/v40_problem_2__012.smt2.slack.smt2
[DEBUG] Benchmark QF_LIA/20180326-Bromberger/more_slacked/CAV_2009_benchmarks/smt/40-vars/v40_problem_2__012.smt2.slack.smt2: solved=True, runtime=0.30s, PAR-2=0.30s
[DEBUG] Processing 476/896: QF_LIA/nec-smt/large/getoption_user/prp-51-48.smt2
[DEBUG] Predicted solver: Yices2 for benchmark QF_LIA/nec-smt/large/getoption_user/prp-51-48.smt2
[DEBUG] Benchmark QF_LIA/nec-smt/large/getoption_user/prp-51-48.smt2: solved=True, runtime=3.76s, PAR-2=3.76s
[DEBUG] Processing 477/896: QF_LIA/convert/convert-jpg2gif-query-1347.smt2
[DEBUG] Predicted solver: OpenSMT for benchmark QF_LIA/convert/convert-jpg2gif-query-1347.smt2
[DEBUG] Benchmark QF_LIA/convert/convert-jpg2gif-query-1347.smt2: solved=True, runtime=0.41s, PAR-2=0.41s
[DEBUG] Processing 478/896: QF_LIA/nec-smt/large/getoption_user/prp-31-48.smt2
[DEBUG] Predicted solver: Yices2 for benchmark QF_LIA/nec-smt/large/getoption_user/prp-31-48.smt2
[DEBUG] Benchmark QF_LIA/nec-smt/large/getoption_user/prp-31-48.smt2: solved=True, runtime=1.67s, PAR-2=1.67s
[DEBUG] Processing 479/896: QF_LIA/20180326-Bromberger/unbd-sage/unbd025v30c/unbd-sage11.smt2
[DEBUG] Predicted solver: Z3alpha for benchmark QF_LIA/20180326-Bromberger/unbd-sage/unbd025v30c/unbd-sage11.smt2
[DEBUG] Benchmark QF_LIA/20180326-Bromberger/unbd-sage/unbd025v30c/unbd-sage11.smt2: solved=True, runtime=61.94s, PAR-2=61.94s
[DEBUG] Processing 480/896: QF_LIA/RWS/Example_4.txt.smt2
[DEBUG] Predicted solver: Yices2 for benchmark QF_LIA/RWS/Example_4.txt.smt2
[DEBUG] Benchmark QF_LIA/RWS/Example_4.txt.smt2: solved=True, runtime=0.32s, PAR-2=0.32s
[DEBUG] Processing 481/896: QF_LIA/pb2010/normalized-j9012_5-sat.smt2
[DEBUG] Predicted solver: Yices2 for benchmark QF_LIA/pb2010/normalized-j9012_5-sat.smt2
[DEBUG] Benchmark QF_LIA/pb2010/normalized-j9012_5-sat.smt2: solved=True, runtime=1.11s, PAR-2=1.11s
[DEBUG] Processing 482/896: QF_LIA/nec-smt/large/getoption_group/prp-10-48.smt2
[DEBUG] Predicted solver: Yices2 for benchmark QF_LIA/nec-smt/large/getoption_group/prp-10-48.smt2
[DEBUG] Benchmark QF_LIA/nec-smt/large/getoption_group/prp-10-48.smt2: solved=True, runtime=0.73s, PAR-2=0.73s
[DEBUG] Processing 483/896: QF_LIA/nec-smt/large/getoption_group/prp-41-50.smt2
[DEBUG] Predicted solver: Yices2 for benchmark QF_LIA/nec-smt/large/getoption_group/prp-41-50.smt2
[DEBUG] Benchmark QF_LIA/nec-smt/large/getoption_group/prp-41-50.smt2: solved=True, runtime=0.73s, PAR-2=0.73s
[DEBUG] Processing 484/896: QF_LIA/CAV_2009_benchmarks/coef-size/smt/size-30/problem__003.smt2
[DEBUG] Predicted solver: cvc5 for benchmark QF_LIA/CAV_2009_benchmarks/coef-size/smt/size-30/problem__003.smt2
[DEBUG] Benchmark QF_LIA/CAV_2009_benchmarks/coef-size/smt/size-30/problem__003.smt2: solved=True, runtime=0.26s, PAR-2=0.26s
[DEBUG] Processing 485/896: QF_LIA/convert/convert-jpg2gif-query-1558.smt2
[DEBUG] Predicted solver: Z3alpha for benchmark QF_LIA/convert/convert-jpg2gif-query-1558.smt2
[DEBUG] Benchmark QF_LIA/convert/convert-jpg2gif-query-1558.smt2: solved=True, runtime=1.95s, PAR-2=1.95s
[DEBUG] Processing 486/896: QF_LIA/20180326-Bromberger/more_slacked/CAV_2009_benchmarks/coef-size/smt/size-70/c70_problem__006.smt2.slack.smt2
[DEBUG] Predicted solver: Z3alpha for benchmark QF_LIA/20180326-Bromberger/more_slacked/CAV_2009_benchmarks/coef-size/smt/size-70/c70_problem__006.smt2.slack.smt2
[DEBUG] Benchmark QF_LIA/20180326-Bromberger/more_slacked/CAV_2009_benchmarks/coef-size/smt/size-70/c70_problem__006.smt2.slack.smt2: solved=True, runtime=3.73s, PAR-2=3.73s
[DEBUG] Processing 487/896: QF_LIA/nec-smt/large/getoption_directories/prp-9-49.smt2
[DEBUG] Predicted solver: Yices2 for benchmark QF_LIA/nec-smt/large/getoption_directories/prp-9-49.smt2
[DEBUG] Benchmark QF_LIA/nec-smt/large/getoption_directories/prp-9-49.smt2: solved=True, runtime=0.79s, PAR-2=0.79s
[DEBUG] Processing 488/896: QF_LIA/nec-smt/large/checkpass_pwd/prp-46-41.smt2
[DEBUG] Predicted solver: Yices2 for benchmark QF_LIA/nec-smt/large/checkpass_pwd/prp-46-41.smt2
[DEBUG] Benchmark QF_LIA/nec-smt/large/checkpass_pwd/prp-46-41.smt2: solved=True, runtime=0.75s, PAR-2=0.75s
[DEBUG] Processing 489/896: QF_LIA/nec-smt/large/getoption_group/prp-28-42.smt2
[DEBUG] Predicted solver: Yices2 for benchmark QF_LIA/nec-smt/large/getoption_group/prp-28-42.smt2
[DEBUG] Benchmark QF_LIA/nec-smt/large/getoption_group/prp-28-42.smt2: solved=True, runtime=0.29s, PAR-2=0.29s
[DEBUG] Processing 490/896: QF_LIA/nec-smt/large/getoption_user/prp-27-47.smt2
[DEBUG] Predicted solver: Yices2 for benchmark QF_LIA/nec-smt/large/getoption_user/prp-27-47.smt2
[DEBUG] Benchmark QF_LIA/nec-smt/large/getoption_user/prp-27-47.smt2: solved=True, runtime=1.07s, PAR-2=1.07s
[DEBUG] Processing 491/896: QF_LIA/convert/convert-jpg2gif-query-1604.smt2
[DEBUG] Predicted solver: Z3alpha for benchmark QF_LIA/convert/convert-jpg2gif-query-1604.smt2
[DEBUG] Benchmark QF_LIA/convert/convert-jpg2gif-query-1604.smt2: solved=True, runtime=0.56s, PAR-2=0.56s
[DEBUG] Processing 492/896: QF_LIA/CAV_2009_benchmarks/smt/45-vars/problem_2__035.smt2
[DEBUG] Predicted solver: cvc5 for benchmark QF_LIA/CAV_2009_benchmarks/smt/45-vars/problem_2__035.smt2
[DEBUG] Benchmark QF_LIA/CAV_2009_benchmarks/smt/45-vars/problem_2__035.smt2: solved=True, runtime=0.38s, PAR-2=0.38s
[DEBUG] Processing 493/896: QF_LIA/slacks/35-25.slack.smt2
[DEBUG] Predicted solver: Z3alpha for benchmark QF_LIA/slacks/35-25.slack.smt2
[DEBUG] Benchmark QF_LIA/slacks/35-25.slack.smt2: solved=True, runtime=0.77s, PAR-2=0.77s
[DEBUG] Processing 494/896: QF_LIA/20231117-c_inference/60_60_90_17_sat.smt2
[DEBUG] Predicted solver: OpenSMT for benchmark QF_LIA/20231117-c_inference/60_60_90_17_sat.smt2
[DEBUG] Benchmark QF_LIA/20231117-c_inference/60_60_90_17_sat.smt2: solved=False, runtime=1200.00s, PAR-2=2400.00s
[DEBUG] Processing 495/896: QF_LIA/rings_preprocessed/ring_2exp12_7vars_6ite_unsat.smt2
[DEBUG] Predicted solver: cvc5 for benchmark QF_LIA/rings_preprocessed/ring_2exp12_7vars_6ite_unsat.smt2
[DEBUG] Benchmark QF_LIA/rings_preprocessed/ring_2exp12_7vars_6ite_unsat.smt2: solved=True, runtime=0.26s, PAR-2=0.26s
[DEBUG] Processing 496/896: QF_LIA/20231117-c_inference/70_70_68_13_sat.smt2
[DEBUG] Predicted solver: OpenSMT for benchmark QF_LIA/20231117-c_inference/70_70_68_13_sat.smt2
[DEBUG] Benchmark QF_LIA/20231117-c_inference/70_70_68_13_sat.smt2: solved=False, runtime=1200.00s, PAR-2=2400.00s
[DEBUG] Processing 497/896: QF_LIA/20220307-SMPT/RwMutex-PT-r0010w2000/RC-01.smt2
[DEBUG] Predicted solver: Yices2 for benchmark QF_LIA/20220307-SMPT/RwMutex-PT-r0010w2000/RC-01.smt2
[DEBUG] Benchmark QF_LIA/20220307-SMPT/RwMutex-PT-r0010w2000/RC-01.smt2: solved=True, runtime=0.34s, PAR-2=0.34s
[DEBUG] Processing 498/896: QF_LIA/20180326-Bromberger/unbd-sage/unbd050v55c/unbd-sage12.smt2
[DEBUG] Predicted solver: Yices2 for benchmark QF_LIA/20180326-Bromberger/unbd-sage/unbd050v55c/unbd-sage12.smt2
[DEBUG] Benchmark QF_LIA/20180326-Bromberger/unbd-sage/unbd050v55c/unbd-sage12.smt2: solved=False, runtime=1200.00s, PAR-2=2400.00s
[DEBUG] Processing 499/896: QF_LIA/20180326-Bromberger/more_slacked/CAV_2009_benchmarks/smt/30-vars/v30_problem__034.smt2.slack.smt2
[DEBUG] Predicted solver: Z3alpha for benchmark QF_LIA/20180326-Bromberger/more_slacked/CAV_2009_benchmarks/smt/30-vars/v30_problem__034.smt2.slack.smt2
[DEBUG] Benchmark QF_LIA/20180326-Bromberger/more_slacked/CAV_2009_benchmarks/smt/30-vars/v30_problem__034.smt2.slack.smt2: solved=True, runtime=1.16s, PAR-2=1.16s
[DEBUG] Processing 500/896: QF_LIA/20180326-Bromberger/more_slacked/CAV_2009_benchmarks/smt/45-vars/v45_problem__032.smt2.slack.smt2
[DEBUG] Predicted solver: Z3alpha for benchmark QF_LIA/20180326-Bromberger/more_slacked/CAV_2009_benchmarks/smt/45-vars/v45_problem__032.smt2.slack.smt2
[DEBUG] Benchmark QF_LIA/20180326-Bromberger/more_slacked/CAV_2009_benchmarks/smt/45-vars/v45_problem__032.smt2.slack.smt2: solved=True, runtime=1.46s, PAR-2=1.46s
[DEBUG] Processing 501/896: QF_LIA/nec-smt/large/getoption_user/prp-40-49.smt2
[DEBUG] Predicted solver: Yices2 for benchmark QF_LIA/nec-smt/large/getoption_user/prp-40-49.smt2
[DEBUG] Benchmark QF_LIA/nec-smt/large/getoption_user/prp-40-49.smt2: solved=True, runtime=1.50s, PAR-2=1.50s
[DEBUG] Processing 502/896: QF_LIA/20180326-Bromberger/more_slacked/CAV_2009_benchmarks/smt/30-vars/v30_problem__023.smt2.slack.smt2
[DEBUG] Predicted solver: Z3alpha for benchmark QF_LIA/20180326-Bromberger/more_slacked/CAV_2009_benchmarks/smt/30-vars/v30_problem__023.smt2.slack.smt2
[DEBUG] Benchmark QF_LIA/20180326-Bromberger/more_slacked/CAV_2009_benchmarks/smt/30-vars/v30_problem__023.smt2.slack.smt2: solved=True, runtime=9.07s, PAR-2=9.07s
[DEBUG] Processing 503/896: QF_LIA/slacks/45-8.slack.smt2
[DEBUG] Predicted solver: Z3alpha for benchmark QF_LIA/slacks/45-8.slack.smt2
[DEBUG] Benchmark QF_LIA/slacks/45-8.slack.smt2: solved=True, runtime=0.33s, PAR-2=0.33s
[DEBUG] Processing 504/896: QF_LIA/nec-smt/large/getoption_user/prp-16-48.smt2
[DEBUG] Predicted solver: Yices2 for benchmark QF_LIA/nec-smt/large/getoption_user/prp-16-48.smt2
[DEBUG] Benchmark QF_LIA/nec-smt/large/getoption_user/prp-16-48.smt2: solved=True, runtime=1.20s, PAR-2=1.20s
[DEBUG] Processing 505/896: QF_LIA/arctic-matrix/constraint-487307.smt2
[DEBUG] Predicted solver: OpenSMT for benchmark QF_LIA/arctic-matrix/constraint-487307.smt2
[DEBUG] Benchmark QF_LIA/arctic-matrix/constraint-487307.smt2: solved=True, runtime=1.65s, PAR-2=1.65s
[DEBUG] Processing 506/896: QF_LIA/nec-smt/large/checkpass_pwd/prp-38-43.smt2
[DEBUG] Predicted solver: Yices2 for benchmark QF_LIA/nec-smt/large/checkpass_pwd/prp-38-43.smt2
[DEBUG] Benchmark QF_LIA/nec-smt/large/checkpass_pwd/prp-38-43.smt2: solved=True, runtime=2.34s, PAR-2=2.34s
[DEBUG] Processing 507/896: QF_LIA/nec-smt/large/getoption_user/prp-13-47.smt2
[DEBUG] Predicted solver: Yices2 for benchmark QF_LIA/nec-smt/large/getoption_user/prp-13-47.smt2
[DEBUG] Benchmark QF_LIA/nec-smt/large/getoption_user/prp-13-47.smt2: solved=True, runtime=1.23s, PAR-2=1.23s
[DEBUG] Processing 508/896: QF_LIA/rings_preprocessed/ring_2exp12_8vars_3ite_unsat.smt2
[DEBUG] Predicted solver: cvc5 for benchmark QF_LIA/rings_preprocessed/ring_2exp12_8vars_3ite_unsat.smt2
[DEBUG] Benchmark QF_LIA/rings_preprocessed/ring_2exp12_8vars_3ite_unsat.smt2: solved=True, runtime=0.25s, PAR-2=0.25s
[DEBUG] Processing 509/896: QF_LIA/nec-smt/large/getoption_user/prp-44-46.smt2
[DEBUG] Predicted solver: Yices2 for benchmark QF_LIA/nec-smt/large/getoption_user/prp-44-46.smt2
[DEBUG] Benchmark QF_LIA/nec-smt/large/getoption_user/prp-44-46.smt2: solved=True, runtime=1.10s, PAR-2=1.10s
[DEBUG] Processing 510/896: QF_LIA/dillig/35-20.smt2
[DEBUG] Predicted solver: cvc5 for benchmark QF_LIA/dillig/35-20.smt2
[DEBUG] Benchmark QF_LIA/dillig/35-20.smt2: solved=True, runtime=0.25s, PAR-2=0.25s
[DEBUG] Processing 511/896: QF_LIA/convert/convert-jpg2gif-query-1402.smt2
[DEBUG] Predicted solver: OpenSMT for benchmark QF_LIA/convert/convert-jpg2gif-query-1402.smt2
[DEBUG] Benchmark QF_LIA/convert/convert-jpg2gif-query-1402.smt2: solved=True, runtime=0.54s, PAR-2=0.54s
[DEBUG] Processing 512/896: QF_LIA/nec-smt/large/checkpass/prp-5-50.smt2
[DEBUG] Predicted solver: Yices2 for benchmark QF_LIA/nec-smt/large/checkpass/prp-5-50.smt2
[DEBUG] Benchmark QF_LIA/nec-smt/large/checkpass/prp-5-50.smt2: solved=True, runtime=0.54s, PAR-2=0.54s
[DEBUG] Processing 513/896: QF_LIA/nec-smt/large/getoption_group/prp-16-46.smt2
[DEBUG] Predicted solver: Yices2 for benchmark QF_LIA/nec-smt/large/getoption_group/prp-16-46.smt2
[DEBUG] Benchmark QF_LIA/nec-smt/large/getoption_group/prp-16-46.smt2: solved=True, runtime=0.48s, PAR-2=0.48s
[DEBUG] Processing 514/896: QF_LIA/dillig/45-16.smt2
[DEBUG] Predicted solver: cvc5 for benchmark QF_LIA/dillig/45-16.smt2
[DEBUG] Benchmark QF_LIA/dillig/45-16.smt2: solved=True, runtime=0.30s, PAR-2=0.30s
[DEBUG] Processing 515/896: QF_LIA/rings_preprocessed/ring_2exp16_8vars_7ite_unsat.smt2
[DEBUG] Predicted solver: cvc5 for benchmark QF_LIA/rings_preprocessed/ring_2exp16_8vars_7ite_unsat.smt2
[DEBUG] Benchmark QF_LIA/rings_preprocessed/ring_2exp16_8vars_7ite_unsat.smt2: solved=True, runtime=0.25s, PAR-2=0.25s
[DEBUG] Processing 516/896: QF_LIA/nec-smt/large/getoption_group/prp-58-46.smt2
[DEBUG] Predicted solver: Yices2 for benchmark QF_LIA/nec-smt/large/getoption_group/prp-58-46.smt2
[DEBUG] Benchmark QF_LIA/nec-smt/large/getoption_group/prp-58-46.smt2: solved=True, runtime=0.35s, PAR-2=0.35s
[DEBUG] Processing 517/896: QF_LIA/nec-smt/large/getoption/prp-2-199.smt2
[DEBUG] Predicted solver: Yices2 for benchmark QF_LIA/nec-smt/large/getoption/prp-2-199.smt2
[DEBUG] Benchmark QF_LIA/nec-smt/large/getoption/prp-2-199.smt2: solved=True, runtime=3.29s, PAR-2=3.29s
[DEBUG] Processing 518/896: QF_LIA/20180326-Bromberger/more_slacked/CAV_2009_benchmarks/smt/45-vars/v45_problem__013.smt2.slack.smt2
[DEBUG] Predicted solver: Z3alpha for benchmark QF_LIA/20180326-Bromberger/more_slacked/CAV_2009_benchmarks/smt/45-vars/v45_problem__013.smt2.slack.smt2
[DEBUG] Benchmark QF_LIA/20180326-Bromberger/more_slacked/CAV_2009_benchmarks/smt/45-vars/v45_problem__013.smt2.slack.smt2: solved=True, runtime=0.29s, PAR-2=0.29s
[DEBUG] Processing 519/896: QF_LIA/rings/ring_2exp14_8vars_6ite_unsat.smt2
[DEBUG] Predicted solver: Yices2 for benchmark QF_LIA/rings/ring_2exp14_8vars_6ite_unsat.smt2
[DEBUG] Benchmark QF_LIA/rings/ring_2exp14_8vars_6ite_unsat.smt2: solved=True, runtime=0.21s, PAR-2=0.21s
[DEBUG] Processing 520/896: QF_LIA/nec-smt/large/getoption_group/prp-67-48.smt2
[DEBUG] Predicted solver: Yices2 for benchmark QF_LIA/nec-smt/large/getoption_group/prp-67-48.smt2
[DEBUG] Benchmark QF_LIA/nec-smt/large/getoption_group/prp-67-48.smt2: solved=True, runtime=0.40s, PAR-2=0.40s
[DEBUG] Processing 521/896: QF_LIA/convert/convert-jpg2gif-query-1387.smt2
[DEBUG] Predicted solver: OpenSMT for benchmark QF_LIA/convert/convert-jpg2gif-query-1387.smt2
[DEBUG] Benchmark QF_LIA/convert/convert-jpg2gif-query-1387.smt2: solved=True, runtime=0.42s, PAR-2=0.42s
[DEBUG] Processing 522/896: QF_LIA/dillig/45-22.smt2
[DEBUG] Predicted solver: Z3alpha for benchmark QF_LIA/dillig/45-22.smt2
[DEBUG] Benchmark QF_LIA/dillig/45-22.smt2: solved=True, runtime=0.65s, PAR-2=0.65s
[DEBUG] Processing 523/896: QF_LIA/convert/convert-jpg2gif-query-1430.smt2
[DEBUG] Predicted solver: OpenSMT for benchmark QF_LIA/convert/convert-jpg2gif-query-1430.smt2
[DEBUG] Benchmark QF_LIA/convert/convert-jpg2gif-query-1430.smt2: solved=True, runtime=0.47s, PAR-2=0.47s
[DEBUG] Processing 524/896: QF_LIA/convert/convert-jpg2gif-query-1595.smt2
[DEBUG] Predicted solver: Z3alpha for benchmark QF_LIA/convert/convert-jpg2gif-query-1595.smt2
[DEBUG] Benchmark QF_LIA/convert/convert-jpg2gif-query-1595.smt2: solved=True, runtime=0.49s, PAR-2=0.49s
[DEBUG] Processing 525/896: QF_LIA/nec-smt/large/getoption_group/prp-59-48.smt2
[DEBUG] Predicted solver: Yices2 for benchmark QF_LIA/nec-smt/large/getoption_group/prp-59-48.smt2
[DEBUG] Benchmark QF_LIA/nec-smt/large/getoption_group/prp-59-48.smt2: solved=True, runtime=0.42s, PAR-2=0.42s
[DEBUG] Processing 526/896: QF_LIA/slacks/40-21.slack.smt2
[DEBUG] Predicted solver: Z3alpha for benchmark QF_LIA/slacks/40-21.slack.smt2
[DEBUG] Benchmark QF_LIA/slacks/40-21.slack.smt2: solved=True, runtime=0.53s, PAR-2=0.53s
[DEBUG] Processing 527/896: QF_LIA/convert/convert-jpg2gif-query-1456.smt2
[DEBUG] Predicted solver: OpenSMT for benchmark QF_LIA/convert/convert-jpg2gif-query-1456.smt2
[DEBUG] Benchmark QF_LIA/convert/convert-jpg2gif-query-1456.smt2: solved=True, runtime=1.12s, PAR-2=1.12s
[DEBUG] Processing 528/896: QF_LIA/20180326-Bromberger/more_slacked/CAV_2009_benchmarks/smt/40-vars/v40_problem_2__030.smt2.slack.smt2
[DEBUG] Predicted solver: Z3alpha for benchmark QF_LIA/20180326-Bromberger/more_slacked/CAV_2009_benchmarks/smt/40-vars/v40_problem_2__030.smt2.slack.smt2
[DEBUG] Benchmark QF_LIA/20180326-Bromberger/more_slacked/CAV_2009_benchmarks/smt/40-vars/v40_problem_2__030.smt2.slack.smt2: solved=True, runtime=203.10s, PAR-2=203.10s
[DEBUG] Processing 529/896: QF_LIA/20180326-Bromberger/unbd-sage/unbd025v30c/unbd-sage22.smt2
[DEBUG] Predicted solver: Z3alpha for benchmark QF_LIA/20180326-Bromberger/unbd-sage/unbd025v30c/unbd-sage22.smt2
[DEBUG] Benchmark QF_LIA/20180326-Bromberger/unbd-sage/unbd025v30c/unbd-sage22.smt2: solved=True, runtime=369.64s, PAR-2=369.64s
[DEBUG] Processing 530/896: QF_LIA/20180326-Bromberger/more_slacked/CAV_2009_benchmarks/coef-size/smt/size-80/c80_problem__005.smt2.slack.smt2
[DEBUG] Predicted solver: Z3alpha for benchmark QF_LIA/20180326-Bromberger/more_slacked/CAV_2009_benchmarks/coef-size/smt/size-80/c80_problem__005.smt2.slack.smt2
[DEBUG] Benchmark QF_LIA/20180326-Bromberger/more_slacked/CAV_2009_benchmarks/coef-size/smt/size-80/c80_problem__005.smt2.slack.smt2: solved=True, runtime=0.31s, PAR-2=0.31s
[DEBUG] Processing 531/896: QF_LIA/nec-smt/large/getoption_directories/prp-9-47.smt2
[DEBUG] Predicted solver: Yices2 for benchmark QF_LIA/nec-smt/large/getoption_directories/prp-9-47.smt2
[DEBUG] Benchmark QF_LIA/nec-smt/large/getoption_directories/prp-9-47.smt2: solved=True, runtime=1.48s, PAR-2=1.48s
[DEBUG] Processing 532/896: QF_LIA/20180326-Bromberger/more_slacked/CAV_2009_benchmarks/smt/45-vars/v45_problem_2__030.smt2.slack.smt2
[DEBUG] Predicted solver: Z3alpha for benchmark QF_LIA/20180326-Bromberger/more_slacked/CAV_2009_benchmarks/smt/45-vars/v45_problem_2__030.smt2.slack.smt2
[DEBUG] Benchmark QF_LIA/20180326-Bromberger/more_slacked/CAV_2009_benchmarks/smt/45-vars/v45_problem_2__030.smt2.slack.smt2: solved=True, runtime=1.55s, PAR-2=1.55s
[DEBUG] Processing 533/896: QF_LIA/convert/convert-jpg2gif-query-1503.smt2
[DEBUG] Predicted solver: Z3alpha for benchmark QF_LIA/convert/convert-jpg2gif-query-1503.smt2
[DEBUG] Benchmark QF_LIA/convert/convert-jpg2gif-query-1503.smt2: solved=True, runtime=384.81s, PAR-2=384.81s
[DEBUG] Processing 534/896: QF_LIA/tropical-matrix/constraint-1072007.smt2
[DEBUG] Predicted solver: Yices2 for benchmark QF_LIA/tropical-matrix/constraint-1072007.smt2
[DEBUG] Benchmark QF_LIA/tropical-matrix/constraint-1072007.smt2: solved=True, runtime=427.37s, PAR-2=427.37s
[DEBUG] Processing 535/896: QF_LIA/CAV_2009_benchmarks/smt/30-vars/problem_2__031.smt2
[DEBUG] Predicted solver: cvc5 for benchmark QF_LIA/CAV_2009_benchmarks/smt/30-vars/problem_2__031.smt2
[DEBUG] Benchmark QF_LIA/CAV_2009_benchmarks/smt/30-vars/problem_2__031.smt2: solved=True, runtime=0.72s, PAR-2=0.72s
[DEBUG] Processing 536/896: QF_LIA/nec-smt/large/getoption_user/prp-14-50.smt2
[DEBUG] Predicted solver: Yices2 for benchmark QF_LIA/nec-smt/large/getoption_user/prp-14-50.smt2
[DEBUG] Benchmark QF_LIA/nec-smt/large/getoption_user/prp-14-50.smt2: solved=True, runtime=1.06s, PAR-2=1.06s
[DEBUG] Processing 537/896: QF_LIA/nec-smt/large/getoption_group/prp-5-49.smt2
[DEBUG] Predicted solver: Yices2 for benchmark QF_LIA/nec-smt/large/getoption_group/prp-5-49.smt2
[DEBUG] Benchmark QF_LIA/nec-smt/large/getoption_group/prp-5-49.smt2: solved=True, runtime=0.52s, PAR-2=0.52s
[DEBUG] Processing 538/896: QF_LIA/convert/convert-jpg2gif-query-1568.smt2
[DEBUG] Predicted solver: Z3alpha for benchmark QF_LIA/convert/convert-jpg2gif-query-1568.smt2
[DEBUG] Benchmark QF_LIA/convert/convert-jpg2gif-query-1568.smt2: solved=True, runtime=0.97s, PAR-2=0.97s
[DEBUG] Processing 539/896: QF_LIA/rings_preprocessed/ring_2exp14_9vars_4ite_unsat.smt2
[DEBUG] Predicted solver: cvc5 for benchmark QF_LIA/rings_preprocessed/ring_2exp14_9vars_4ite_unsat.smt2
[DEBUG] Benchmark QF_LIA/rings_preprocessed/ring_2exp14_9vars_4ite_unsat.smt2: solved=True, runtime=0.26s, PAR-2=0.26s
[DEBUG] Processing 540/896: QF_LIA/convert/convert-jpg2gif-query-1553.smt2
[DEBUG] Predicted solver: Z3alpha for benchmark QF_LIA/convert/convert-jpg2gif-query-1553.smt2
[DEBUG] Benchmark QF_LIA/convert/convert-jpg2gif-query-1553.smt2: solved=True, runtime=1.06s, PAR-2=1.06s
[DEBUG] Processing 541/896: QF_LIA/20231117-c_inference/90_90_47_1_sat.smt2
[DEBUG] Predicted solver: OpenSMT for benchmark QF_LIA/20231117-c_inference/90_90_47_1_sat.smt2
[DEBUG] Benchmark QF_LIA/20231117-c_inference/90_90_47_1_sat.smt2: solved=False, runtime=1200.00s, PAR-2=2400.00s
[DEBUG] Processing 542/896: QF_LIA/20220307-SMPT/SharedMemory-PT-000100/RC-06.smt2
[DEBUG] Predicted solver: Yices2 for benchmark QF_LIA/20220307-SMPT/SharedMemory-PT-000100/RC-06.smt2
[DEBUG] Benchmark QF_LIA/20220307-SMPT/SharedMemory-PT-000100/RC-06.smt2: solved=True, runtime=20.38s, PAR-2=20.38s
[DEBUG] Processing 543/896: QF_LIA/miplib2003/sp97ar.sat.smt2
[DEBUG] Predicted solver: Yices2 for benchmark QF_LIA/miplib2003/sp97ar.sat.smt2
[DEBUG] Benchmark QF_LIA/miplib2003/sp97ar.sat.smt2: solved=True, runtime=1.32s, PAR-2=1.32s
[DEBUG] Processing 544/896: QF_LIA/rings_preprocessed/ring_2exp16_6vars_1ite_unsat.smt2
[DEBUG] Predicted solver: cvc5 for benchmark QF_LIA/rings_preprocessed/ring_2exp16_6vars_1ite_unsat.smt2
[DEBUG] Benchmark QF_LIA/rings_preprocessed/ring_2exp16_6vars_1ite_unsat.smt2: solved=True, runtime=0.25s, PAR-2=0.25s
[DEBUG] Processing 545/896: QF_LIA/rings_preprocessed/ring_2exp8_6vars_3ite_unsat.smt2
[DEBUG] Predicted solver: cvc5 for benchmark QF_LIA/rings_preprocessed/ring_2exp8_6vars_3ite_unsat.smt2
[DEBUG] Benchmark QF_LIA/rings_preprocessed/ring_2exp8_6vars_3ite_unsat.smt2: solved=True, runtime=0.26s, PAR-2=0.26s
[DEBUG] Processing 546/896: QF_LIA/arctic-matrix/constraint-906218.smt2
[DEBUG] Predicted solver: OpenSMT for benchmark QF_LIA/arctic-matrix/constraint-906218.smt2
[DEBUG] Benchmark QF_LIA/arctic-matrix/constraint-906218.smt2: solved=True, runtime=21.05s, PAR-2=21.05s
[DEBUG] Processing 547/896: QF_LIA/dillig/45-27.smt2
[DEBUG] Predicted solver: cvc5 for benchmark QF_LIA/dillig/45-27.smt2
[DEBUG] Benchmark QF_LIA/dillig/45-27.smt2: solved=True, runtime=0.31s, PAR-2=0.31s
[DEBUG] Processing 548/896: QF_LIA/nec-smt/large/getoption_user/prp-5-48.smt2
[DEBUG] Predicted solver: Yices2 for benchmark QF_LIA/nec-smt/large/getoption_user/prp-5-48.smt2
[DEBUG] Benchmark QF_LIA/nec-smt/large/getoption_user/prp-5-48.smt2: solved=True, runtime=0.88s, PAR-2=0.88s
[DEBUG] Processing 549/896: QF_LIA/nec-smt/large/getoption_group/prp-21-50.smt2
[DEBUG] Predicted solver: Yices2 for benchmark QF_LIA/nec-smt/large/getoption_group/prp-21-50.smt2
[DEBUG] Benchmark QF_LIA/nec-smt/large/getoption_group/prp-21-50.smt2: solved=True, runtime=0.65s, PAR-2=0.65s
[DEBUG] Processing 550/896: QF_LIA/dillig/45-28.smt2
[DEBUG] Predicted solver: Z3alpha for benchmark QF_LIA/dillig/45-28.smt2
[DEBUG] Benchmark QF_LIA/dillig/45-28.smt2: solved=True, runtime=0.40s, PAR-2=0.40s
[DEBUG] Processing 551/896: QF_LIA/20180326-Bromberger/more_slacked/cut_lemmas/15-vars/cut_lemma_03_014.smt2.slack.smt2
[DEBUG] Predicted solver: Z3alpha for benchmark QF_LIA/20180326-Bromberger/more_slacked/cut_lemmas/15-vars/cut_lemma_03_014.smt2.slack.smt2
[DEBUG] Benchmark QF_LIA/20180326-Bromberger/more_slacked/cut_lemmas/15-vars/cut_lemma_03_014.smt2.slack.smt2: solved=True, runtime=0.53s, PAR-2=0.53s
[DEBUG] Processing 552/896: QF_LIA/20220307-SMPT/RwMutex-PT-r0010w2000/RF-02.smt2
[DEBUG] Predicted solver: Yices2 for benchmark QF_LIA/20220307-SMPT/RwMutex-PT-r0010w2000/RF-02.smt2
[DEBUG] Benchmark QF_LIA/20220307-SMPT/RwMutex-PT-r0010w2000/RF-02.smt2: solved=True, runtime=5.12s, PAR-2=5.12s
[DEBUG] Processing 553/896: QF_LIA/nec-smt/large/checkpass_pwd/prp-38-41.smt2
[DEBUG] Predicted solver: Yices2 for benchmark QF_LIA/nec-smt/large/checkpass_pwd/prp-38-41.smt2
[DEBUG] Benchmark QF_LIA/nec-smt/large/checkpass_pwd/prp-38-41.smt2: solved=True, runtime=1.21s, PAR-2=1.21s
[DEBUG] Processing 554/896: QF_LIA/slacks/40-16.slack.smt2
[DEBUG] Predicted solver: Z3alpha for benchmark QF_LIA/slacks/40-16.slack.smt2
[DEBUG] Benchmark QF_LIA/slacks/40-16.slack.smt2: solved=True, runtime=0.28s, PAR-2=0.28s
[DEBUG] Processing 555/896: QF_LIA/nec-smt/large/getoption_group/prp-2-49.smt2
[DEBUG] Predicted solver: Yices2 for benchmark QF_LIA/nec-smt/large/getoption_group/prp-2-49.smt2
[DEBUG] Benchmark QF_LIA/nec-smt/large/getoption_group/prp-2-49.smt2: solved=True, runtime=0.69s, PAR-2=0.69s
[DEBUG] Processing 556/896: QF_LIA/rings_preprocessed/ring_2exp12_9vars_1ite_unsat.smt2
[DEBUG] Predicted solver: cvc5 for benchmark QF_LIA/rings_preprocessed/ring_2exp12_9vars_1ite_unsat.smt2
[DEBUG] Benchmark QF_LIA/rings_preprocessed/ring_2exp12_9vars_1ite_unsat.smt2: solved=True, runtime=0.27s, PAR-2=0.27s
[DEBUG] Processing 557/896: QF_LIA/20180326-Bromberger/unbd-sage/unbd010v15c/unbd-sage19.smt2
[DEBUG] Predicted solver: Z3alpha for benchmark QF_LIA/20180326-Bromberger/unbd-sage/unbd010v15c/unbd-sage19.smt2
[DEBUG] Benchmark QF_LIA/20180326-Bromberger/unbd-sage/unbd010v15c/unbd-sage19.smt2: solved=True, runtime=0.44s, PAR-2=0.44s
[DEBUG] Processing 558/896: QF_LIA/2019-cmodelsdiff/stillLive/0022-still_live-27-1.smt2
[DEBUG] Predicted solver: Yices2 for benchmark QF_LIA/2019-cmodelsdiff/stillLive/0022-still_live-27-1.smt2
[DEBUG] Benchmark QF_LIA/2019-cmodelsdiff/stillLive/0022-still_live-27-1.smt2: solved=True, runtime=2.29s, PAR-2=2.29s
[DEBUG] Processing 559/896: QF_LIA/nec-smt/large/getoption_group/prp-18-48.smt2
[DEBUG] Predicted solver: Yices2 for benchmark QF_LIA/nec-smt/large/getoption_group/prp-18-48.smt2
[DEBUG] Benchmark QF_LIA/nec-smt/large/getoption_group/prp-18-48.smt2: solved=True, runtime=0.44s, PAR-2=0.44s
[DEBUG] Processing 560/896: QF_LIA/convert/convert-jpg2gif-query-1591.smt2
[DEBUG] Predicted solver: Z3alpha for benchmark QF_LIA/convert/convert-jpg2gif-query-1591.smt2
[DEBUG] Benchmark QF_LIA/convert/convert-jpg2gif-query-1591.smt2: solved=True, runtime=0.54s, PAR-2=0.54s
[DEBUG] Processing 561/896: QF_LIA/slacks/45-16.slack.smt2
[DEBUG] Predicted solver: cvc5 for benchmark QF_LIA/slacks/45-16.slack.smt2
[DEBUG] Benchmark QF_LIA/slacks/45-16.slack.smt2: solved=True, runtime=0.49s, PAR-2=0.49s
[DEBUG] Processing 562/896: QF_LIA/20220307-SMPT/SharedMemory-PT-000100/RF-00.smt2
[DEBUG] Predicted solver: Yices2 for benchmark QF_LIA/20220307-SMPT/SharedMemory-PT-000100/RF-00.smt2
[DEBUG] Benchmark QF_LIA/20220307-SMPT/SharedMemory-PT-000100/RF-00.smt2: solved=True, runtime=42.72s, PAR-2=42.72s
[DEBUG] Processing 563/896: QF_LIA/nec-smt/large/getoption_directories/prp-3-113.smt2
[DEBUG] Predicted solver: Yices2 for benchmark QF_LIA/nec-smt/large/getoption_directories/prp-3-113.smt2
[DEBUG] Benchmark QF_LIA/nec-smt/large/getoption_directories/prp-3-113.smt2: solved=True, runtime=924.66s, PAR-2=924.66s
[DEBUG] Processing 564/896: QF_LIA/nec-smt/large/getoption_group/prp-46-47.smt2
[DEBUG] Predicted solver: Yices2 for benchmark QF_LIA/nec-smt/large/getoption_group/prp-46-47.smt2
[DEBUG] Benchmark QF_LIA/nec-smt/large/getoption_group/prp-46-47.smt2: solved=True, runtime=0.43s, PAR-2=0.43s
[DEBUG] Processing 565/896: QF_LIA/dillig/35-30.smt2
[DEBUG] Predicted solver: cvc5 for benchmark QF_LIA/dillig/35-30.smt2
[DEBUG] Benchmark QF_LIA/dillig/35-30.smt2: solved=True, runtime=0.34s, PAR-2=0.34s
[DEBUG] Processing 566/896: QF_LIA/nec-smt/large/getoption_user/prp-17-49.smt2
[DEBUG] Predicted solver: Yices2 for benchmark QF_LIA/nec-smt/large/getoption_user/prp-17-49.smt2
[DEBUG] Benchmark QF_LIA/nec-smt/large/getoption_user/prp-17-49.smt2: solved=True, runtime=1.96s, PAR-2=1.96s
[DEBUG] Processing 567/896: QF_LIA/CAV_2009_benchmarks/coef-size/smt/size-80/problem__003.smt2
[DEBUG] Predicted solver: cvc5 for benchmark QF_LIA/CAV_2009_benchmarks/coef-size/smt/size-80/problem__003.smt2
[DEBUG] Benchmark QF_LIA/CAV_2009_benchmarks/coef-size/smt/size-80/problem__003.smt2: solved=True, runtime=0.26s, PAR-2=0.26s
[DEBUG] Processing 568/896: QF_LIA/convert/convert-jpg2gif-query-1581.smt2
[DEBUG] Predicted solver: Z3alpha for benchmark QF_LIA/convert/convert-jpg2gif-query-1581.smt2
[DEBUG] Benchmark QF_LIA/convert/convert-jpg2gif-query-1581.smt2: solved=True, runtime=0.79s, PAR-2=0.79s
[DEBUG] Processing 569/896: QF_LIA/arctic-matrix/constraint-689472.smt2
[DEBUG] Predicted solver: OpenSMT for benchmark QF_LIA/arctic-matrix/constraint-689472.smt2
[DEBUG] Benchmark QF_LIA/arctic-matrix/constraint-689472.smt2: solved=True, runtime=5.76s, PAR-2=5.76s
[DEBUG] Processing 570/896: QF_LIA/nec-smt/large/checkpass_pwd/prp-50-42.smt2
[DEBUG] Predicted solver: Yices2 for benchmark QF_LIA/nec-smt/large/checkpass_pwd/prp-50-42.smt2
[DEBUG] Benchmark QF_LIA/nec-smt/large/checkpass_pwd/prp-50-42.smt2: solved=True, runtime=0.42s, PAR-2=0.42s
[DEBUG] Processing 571/896: QF_LIA/nec-smt/large/getoption_user/prp-2-48.smt2
[DEBUG] Predicted solver: Yices2 for benchmark QF_LIA/nec-smt/large/getoption_user/prp-2-48.smt2
[DEBUG] Benchmark QF_LIA/nec-smt/large/getoption_user/prp-2-48.smt2: solved=True, runtime=2.15s, PAR-2=2.15s
[DEBUG] Processing 572/896: QF_LIA/pb2010/normalized-j12010_10-sat.smt2
[DEBUG] Predicted solver: Yices2 for benchmark QF_LIA/pb2010/normalized-j12010_10-sat.smt2
[DEBUG] Benchmark QF_LIA/pb2010/normalized-j12010_10-sat.smt2: solved=True, runtime=439.84s, PAR-2=439.84s
[DEBUG] Processing 573/896: QF_LIA/tropical-matrix/constraint-861420.smt2
[DEBUG] Predicted solver: Yices2 for benchmark QF_LIA/tropical-matrix/constraint-861420.smt2
[DEBUG] Benchmark QF_LIA/tropical-matrix/constraint-861420.smt2: solved=False, runtime=1200.00s, PAR-2=2400.00s
[DEBUG] Processing 574/896: QF_LIA/20220307-SMPT/RwMutex-PT-r0010w2000/RC-06.smt2
[DEBUG] Predicted solver: Yices2 for benchmark QF_LIA/20220307-SMPT/RwMutex-PT-r0010w2000/RC-06.smt2
[DEBUG] Benchmark QF_LIA/20220307-SMPT/RwMutex-PT-r0010w2000/RC-06.smt2: solved=True, runtime=1.89s, PAR-2=1.89s
[DEBUG] Processing 575/896: QF_LIA/rings_preprocessed/ring_2exp14_9vars_7ite_unsat.smt2
[DEBUG] Predicted solver: cvc5 for benchmark QF_LIA/rings_preprocessed/ring_2exp14_9vars_7ite_unsat.smt2
[DEBUG] Benchmark QF_LIA/rings_preprocessed/ring_2exp14_9vars_7ite_unsat.smt2: solved=True, runtime=0.26s, PAR-2=0.26s
[DEBUG] Processing 576/896: QF_LIA/20180326-Bromberger/unbd-sage/unbd075v83c/unbd-sage13.smt2
[DEBUG] Predicted solver: Z3alpha for benchmark QF_LIA/20180326-Bromberger/unbd-sage/unbd075v83c/unbd-sage13.smt2
[DEBUG] Benchmark QF_LIA/20180326-Bromberger/unbd-sage/unbd075v83c/unbd-sage13.smt2: solved=False, runtime=1200.00s, PAR-2=2400.00s
[DEBUG] Processing 577/896: QF_LIA/nec-smt/large/getoption_user/prp-23-46.smt2
[DEBUG] Predicted solver: Yices2 for benchmark QF_LIA/nec-smt/large/getoption_user/prp-23-46.smt2
[DEBUG] Benchmark QF_LIA/nec-smt/large/getoption_user/prp-23-46.smt2: solved=True, runtime=1.12s, PAR-2=1.12s
[DEBUG] Processing 578/896: QF_LIA/nec-smt/large/getoption_group/prp-30-49.smt2
[DEBUG] Predicted solver: Yices2 for benchmark QF_LIA/nec-smt/large/getoption_group/prp-30-49.smt2
[DEBUG] Benchmark QF_LIA/nec-smt/large/getoption_group/prp-30-49.smt2: solved=True, runtime=0.49s, PAR-2=0.49s
[DEBUG] Processing 579/896: QF_LIA/convert/convert-jpg2gif-query-1552.smt2
[DEBUG] Predicted solver: Z3alpha for benchmark QF_LIA/convert/convert-jpg2gif-query-1552.smt2
[DEBUG] Benchmark QF_LIA/convert/convert-jpg2gif-query-1552.smt2: solved=True, runtime=2.03s, PAR-2=2.03s
[DEBUG] Processing 580/896: QF_LIA/nec-smt/large/getoption_group/prp-76-50.smt2
[DEBUG] Predicted solver: Yices2 for benchmark QF_LIA/nec-smt/large/getoption_group/prp-76-50.smt2
[DEBUG] Benchmark QF_LIA/nec-smt/large/getoption_group/prp-76-50.smt2: solved=True, runtime=0.47s, PAR-2=0.47s
[DEBUG] Processing 581/896: QF_LIA/rings_preprocessed/ring_2exp6_6vars_3ite_unsat.smt2
[DEBUG] Predicted solver: cvc5 for benchmark QF_LIA/rings_preprocessed/ring_2exp6_6vars_3ite_unsat.smt2
[DEBUG] Benchmark QF_LIA/rings_preprocessed/ring_2exp6_6vars_3ite_unsat.smt2: solved=True, runtime=0.25s, PAR-2=0.25s
[DEBUG] Processing 582/896: QF_LIA/nec-smt/large/getoption_user/prp-7-48.smt2
[DEBUG] Predicted solver: Yices2 for benchmark QF_LIA/nec-smt/large/getoption_user/prp-7-48.smt2
[DEBUG] Benchmark QF_LIA/nec-smt/large/getoption_user/prp-7-48.smt2: solved=True, runtime=0.90s, PAR-2=0.90s
[DEBUG] Processing 583/896: QF_LIA/pb2010/normalized-j3027_8-sat.smt2
[DEBUG] Predicted solver: Yices2 for benchmark QF_LIA/pb2010/normalized-j3027_8-sat.smt2
[DEBUG] Benchmark QF_LIA/pb2010/normalized-j3027_8-sat.smt2: solved=True, runtime=1.67s, PAR-2=1.67s
[DEBUG] Processing 584/896: QF_LIA/20180326-Bromberger/more_slacked/CAV_2009_benchmarks/smt/35-vars/v35_problem__034.smt2.slack.smt2
[DEBUG] Predicted solver: Z3alpha for benchmark QF_LIA/20180326-Bromberger/more_slacked/CAV_2009_benchmarks/smt/35-vars/v35_problem__034.smt2.slack.smt2
[DEBUG] Benchmark QF_LIA/20180326-Bromberger/more_slacked/CAV_2009_benchmarks/smt/35-vars/v35_problem__034.smt2.slack.smt2: solved=True, runtime=9.32s, PAR-2=9.32s
[DEBUG] Processing 585/896: QF_LIA/nec-smt/large/getoption_user/prp-24-46.smt2
[DEBUG] Predicted solver: Yices2 for benchmark QF_LIA/nec-smt/large/getoption_user/prp-24-46.smt2
[DEBUG] Benchmark QF_LIA/nec-smt/large/getoption_user/prp-24-46.smt2: solved=True, runtime=0.87s, PAR-2=0.87s
[DEBUG] Processing 586/896: QF_LIA/convert/convert-jpg2gif-query-1571.smt2
[DEBUG] Predicted solver: Z3alpha for benchmark QF_LIA/convert/convert-jpg2gif-query-1571.smt2
[DEBUG] Benchmark QF_LIA/convert/convert-jpg2gif-query-1571.smt2: solved=True, runtime=0.66s, PAR-2=0.66s
[DEBUG] Processing 587/896: QF_LIA/nec-smt/large/getoption_user/prp-32-46.smt2
[DEBUG] Predicted solver: Yices2 for benchmark QF_LIA/nec-smt/large/getoption_user/prp-32-46.smt2
[DEBUG] Benchmark QF_LIA/nec-smt/large/getoption_user/prp-32-46.smt2: solved=True, runtime=1.58s, PAR-2=1.58s
[DEBUG] Processing 588/896: QF_LIA/nec-smt/large/getoption_user/prp-16-46.smt2
[DEBUG] Predicted solver: Yices2 for benchmark QF_LIA/nec-smt/large/getoption_user/prp-16-46.smt2
[DEBUG] Benchmark QF_LIA/nec-smt/large/getoption_user/prp-16-46.smt2: solved=True, runtime=0.98s, PAR-2=0.98s
[DEBUG] Processing 589/896: QF_LIA/nec-smt/large/getoption_group/prp-8-49.smt2
[DEBUG] Predicted solver: Yices2 for benchmark QF_LIA/nec-smt/large/getoption_group/prp-8-49.smt2
[DEBUG] Benchmark QF_LIA/nec-smt/large/getoption_group/prp-8-49.smt2: solved=True, runtime=0.53s, PAR-2=0.53s
[DEBUG] Processing 590/896: QF_LIA/convert/convert-jpg2gif-query-1440.smt2
[DEBUG] Predicted solver: OpenSMT for benchmark QF_LIA/convert/convert-jpg2gif-query-1440.smt2
[DEBUG] Benchmark QF_LIA/convert/convert-jpg2gif-query-1440.smt2: solved=True, runtime=0.54s, PAR-2=0.54s
[DEBUG] Processing 591/896: QF_LIA/convert/convert-jpg2gif-query-1592.smt2
[DEBUG] Predicted solver: Z3alpha for benchmark QF_LIA/convert/convert-jpg2gif-query-1592.smt2
[DEBUG] Benchmark QF_LIA/convert/convert-jpg2gif-query-1592.smt2: solved=True, runtime=1.59s, PAR-2=1.59s
[DEBUG] Processing 592/896: QF_LIA/nec-smt/large/getoption_user/prp-26-46.smt2
[DEBUG] Predicted solver: Yices2 for benchmark QF_LIA/nec-smt/large/getoption_user/prp-26-46.smt2
[DEBUG] Benchmark QF_LIA/nec-smt/large/getoption_user/prp-26-46.smt2: solved=True, runtime=1.24s, PAR-2=1.24s
[DEBUG] Processing 593/896: QF_LIA/20180326-Bromberger/more_slacked/CAV_2009_benchmarks/smt/45-vars/v45_problem_2__028.smt2.slack.smt2
[DEBUG] Predicted solver: Z3alpha for benchmark QF_LIA/20180326-Bromberger/more_slacked/CAV_2009_benchmarks/smt/45-vars/v45_problem_2__028.smt2.slack.smt2
[DEBUG] Benchmark QF_LIA/20180326-Bromberger/more_slacked/CAV_2009_benchmarks/smt/45-vars/v45_problem_2__028.smt2.slack.smt2: solved=True, runtime=0.65s, PAR-2=0.65s
[DEBUG] Processing 594/896: QF_LIA/slacks/40-8.slack.smt2
[DEBUG] Predicted solver: Z3alpha for benchmark QF_LIA/slacks/40-8.slack.smt2
[DEBUG] Benchmark QF_LIA/slacks/40-8.slack.smt2: solved=True, runtime=0.28s, PAR-2=0.28s
[DEBUG] Processing 595/896: QF_LIA/20180326-Bromberger/more_slacked/CAV_2009_benchmarks/smt/35-vars/v35_problem_2__032.smt2.slack.smt2
[DEBUG] Predicted solver: Z3alpha for benchmark QF_LIA/20180326-Bromberger/more_slacked/CAV_2009_benchmarks/smt/35-vars/v35_problem_2__032.smt2.slack.smt2
[DEBUG] Benchmark QF_LIA/20180326-Bromberger/more_slacked/CAV_2009_benchmarks/smt/35-vars/v35_problem_2__032.smt2.slack.smt2: solved=True, runtime=2.90s, PAR-2=2.90s
[DEBUG] Processing 596/896: QF_LIA/20180326-Bromberger/more_slacked/CAV_2009_benchmarks/smt/40-vars/v40_problem__033.smt2.slack.smt2
[DEBUG] Predicted solver: Z3alpha for benchmark QF_LIA/20180326-Bromberger/more_slacked/CAV_2009_benchmarks/smt/40-vars/v40_problem__033.smt2.slack.smt2
[DEBUG] Benchmark QF_LIA/20180326-Bromberger/more_slacked/CAV_2009_benchmarks/smt/40-vars/v40_problem__033.smt2.slack.smt2: solved=True, runtime=145.00s, PAR-2=145.00s
[DEBUG] Processing 597/896: QF_LIA/20231117-c_inference/60_60_8_2_sat.smt2
[DEBUG] Predicted solver: OpenSMT for benchmark QF_LIA/20231117-c_inference/60_60_8_2_sat.smt2
[DEBUG] Benchmark QF_LIA/20231117-c_inference/60_60_8_2_sat.smt2: solved=False, runtime=1200.00s, PAR-2=2400.00s
[DEBUG] Processing 598/896: QF_LIA/convert/convert-jpg2gif-query-1512.smt2
[DEBUG] Predicted solver: Z3alpha for benchmark QF_LIA/convert/convert-jpg2gif-query-1512.smt2
[DEBUG] Benchmark QF_LIA/convert/convert-jpg2gif-query-1512.smt2: solved=True, runtime=0.99s, PAR-2=0.99s
[DEBUG] Processing 599/896: QF_LIA/nec-smt/large/getoption_user/prp-30-49.smt2
[DEBUG] Predicted solver: Yices2 for benchmark QF_LIA/nec-smt/large/getoption_user/prp-30-49.smt2
[DEBUG] Benchmark QF_LIA/nec-smt/large/getoption_user/prp-30-49.smt2: solved=True, runtime=7.92s, PAR-2=7.92s
[DEBUG] Processing 600/896: QF_LIA/20220307-SMPT/SharedMemory-PT-000100/RC-01.smt2
[DEBUG] Predicted solver: Yices2 for benchmark QF_LIA/20220307-SMPT/SharedMemory-PT-000100/RC-01.smt2
[DEBUG] Benchmark QF_LIA/20220307-SMPT/SharedMemory-PT-000100/RC-01.smt2: solved=True, runtime=36.35s, PAR-2=36.35s
[DEBUG] Processing 601/896: QF_LIA/nec-smt/large/getoption_user/prp-10-48.smt2
[DEBUG] Predicted solver: Yices2 for benchmark QF_LIA/nec-smt/large/getoption_user/prp-10-48.smt2
[DEBUG] Benchmark QF_LIA/nec-smt/large/getoption_user/prp-10-48.smt2: solved=True, runtime=24.34s, PAR-2=24.34s
[DEBUG] Processing 602/896: QF_LIA/convert/convert-jpg2gif-query-1502.smt2
[DEBUG] Predicted solver: Z3alpha for benchmark QF_LIA/convert/convert-jpg2gif-query-1502.smt2
[DEBUG] Benchmark QF_LIA/convert/convert-jpg2gif-query-1502.smt2: solved=True, runtime=0.53s, PAR-2=0.53s
[DEBUG] Processing 603/896: QF_LIA/rings_preprocessed/ring_2exp12_9vars_8ite_unsat.smt2
[DEBUG] Predicted solver: cvc5 for benchmark QF_LIA/rings_preprocessed/ring_2exp12_9vars_8ite_unsat.smt2
[DEBUG] Benchmark QF_LIA/rings_preprocessed/ring_2exp12_9vars_8ite_unsat.smt2: solved=True, runtime=0.30s, PAR-2=0.30s
[DEBUG] Processing 604/896: QF_LIA/20180326-Bromberger/more_slacked/CAV_2009_benchmarks/smt/45-vars/v45_problem__011.smt2.slack.smt2
[DEBUG] Predicted solver: Z3alpha for benchmark QF_LIA/20180326-Bromberger/more_slacked/CAV_2009_benchmarks/smt/45-vars/v45_problem__011.smt2.slack.smt2
[DEBUG] Benchmark QF_LIA/20180326-Bromberger/more_slacked/CAV_2009_benchmarks/smt/45-vars/v45_problem__011.smt2.slack.smt2: solved=True, runtime=0.31s, PAR-2=0.31s
[DEBUG] Processing 605/896: QF_LIA/nec-smt/large/getoption_user/prp-44-48.smt2
[DEBUG] Predicted solver: Yices2 for benchmark QF_LIA/nec-smt/large/getoption_user/prp-44-48.smt2
[DEBUG] Benchmark QF_LIA/nec-smt/large/getoption_user/prp-44-48.smt2: solved=True, runtime=1.76s, PAR-2=1.76s
[DEBUG] Processing 606/896: QF_LIA/nec-smt/large/getoption_user/prp-42-46.smt2
[DEBUG] Predicted solver: Yices2 for benchmark QF_LIA/nec-smt/large/getoption_user/prp-42-46.smt2
[DEBUG] Benchmark QF_LIA/nec-smt/large/getoption_user/prp-42-46.smt2: solved=True, runtime=0.26s, PAR-2=0.26s
[DEBUG] Processing 607/896: QF_LIA/20231117-c_inference/60_60_90_20_sat.smt2
[DEBUG] Predicted solver: OpenSMT for benchmark QF_LIA/20231117-c_inference/60_60_90_20_sat.smt2
[DEBUG] Benchmark QF_LIA/20231117-c_inference/60_60_90_20_sat.smt2: solved=False, runtime=1200.00s, PAR-2=2400.00s
[DEBUG] Processing 608/896: QF_LIA/nec-smt/large/checkpass_pwd/prp-34-44.smt2
[DEBUG] Predicted solver: Yices2 for benchmark QF_LIA/nec-smt/large/checkpass_pwd/prp-34-44.smt2
[DEBUG] Benchmark QF_LIA/nec-smt/large/checkpass_pwd/prp-34-44.smt2: solved=True, runtime=2.77s, PAR-2=2.77s
[DEBUG] Processing 609/896: QF_LIA/20231117-c_inference/60_60_46_1_sat.smt2
[DEBUG] Predicted solver: OpenSMT for benchmark QF_LIA/20231117-c_inference/60_60_46_1_sat.smt2
[DEBUG] Benchmark QF_LIA/20231117-c_inference/60_60_46_1_sat.smt2: solved=False, runtime=1200.00s, PAR-2=2400.00s
[DEBUG] Processing 610/896: QF_LIA/rings_preprocessed/ring_2exp10_7vars_6ite_unsat.smt2
[DEBUG] Predicted solver: cvc5 for benchmark QF_LIA/rings_preprocessed/ring_2exp10_7vars_6ite_unsat.smt2
[DEBUG] Benchmark QF_LIA/rings_preprocessed/ring_2exp10_7vars_6ite_unsat.smt2: solved=True, runtime=0.26s, PAR-2=0.26s
[DEBUG] Processing 611/896: QF_LIA/20231117-c_inference/70_70_6_4_sat.smt2
[DEBUG] Predicted solver: OpenSMT for benchmark QF_LIA/20231117-c_inference/70_70_6_4_sat.smt2
[DEBUG] Benchmark QF_LIA/20231117-c_inference/70_70_6_4_sat.smt2: solved=False, runtime=1200.00s, PAR-2=2400.00s
[DEBUG] Processing 612/896: QF_LIA/20180326-Bromberger/unbd-sage/unbd050v55c/unbd-sage24.smt2
[DEBUG] Predicted solver: Yices2 for benchmark QF_LIA/20180326-Bromberger/unbd-sage/unbd050v55c/unbd-sage24.smt2
[DEBUG] Benchmark QF_LIA/20180326-Bromberger/unbd-sage/unbd050v55c/unbd-sage24.smt2: solved=False, runtime=1200.00s, PAR-2=2400.00s
[DEBUG] Processing 613/896: QF_LIA/CAV_2009_benchmarks/coef-size/smt/size-90/problem__006.smt2
[DEBUG] Predicted solver: cvc5 for benchmark QF_LIA/CAV_2009_benchmarks/coef-size/smt/size-90/problem__006.smt2
[DEBUG] Benchmark QF_LIA/CAV_2009_benchmarks/coef-size/smt/size-90/problem__006.smt2: solved=True, runtime=0.23s, PAR-2=0.23s
[DEBUG] Processing 614/896: QF_LIA/20180326-Bromberger/more_slacked/cut_lemmas/20-vars/cut_lemma_01_010.smt2.slack.smt2
[DEBUG] Predicted solver: Z3alpha for benchmark QF_LIA/20180326-Bromberger/more_slacked/cut_lemmas/20-vars/cut_lemma_01_010.smt2.slack.smt2
[DEBUG] Benchmark QF_LIA/20180326-Bromberger/more_slacked/cut_lemmas/20-vars/cut_lemma_01_010.smt2.slack.smt2: solved=True, runtime=0.47s, PAR-2=0.47s
[DEBUG] Processing 615/896: QF_LIA/nec-smt/large/getoption_group/prp-56-48.smt2
[DEBUG] Predicted solver: Yices2 for benchmark QF_LIA/nec-smt/large/getoption_group/prp-56-48.smt2
[DEBUG] Benchmark QF_LIA/nec-smt/large/getoption_group/prp-56-48.smt2: solved=True, runtime=0.40s, PAR-2=0.40s
[DEBUG] Processing 616/896: QF_LIA/pb2010/normalized-j9043_2-sat.smt2
[DEBUG] Predicted solver: Yices2 for benchmark QF_LIA/pb2010/normalized-j9043_2-sat.smt2
[DEBUG] Benchmark QF_LIA/pb2010/normalized-j9043_2-sat.smt2: solved=True, runtime=119.66s, PAR-2=119.66s
[DEBUG] Processing 617/896: QF_LIA/20180326-Bromberger/more_slacked/CAV_2009_benchmarks/smt/40-vars/v40_problem__026.smt2.slack.smt2
[DEBUG] Predicted solver: Z3alpha for benchmark QF_LIA/20180326-Bromberger/more_slacked/CAV_2009_benchmarks/smt/40-vars/v40_problem__026.smt2.slack.smt2
[DEBUG] Benchmark QF_LIA/20180326-Bromberger/more_slacked/CAV_2009_benchmarks/smt/40-vars/v40_problem__026.smt2.slack.smt2: solved=True, runtime=1.86s, PAR-2=1.86s
[DEBUG] Processing 618/896: QF_LIA/rings_preprocessed/ring_2exp16_9vars_1ite_unsat.smt2
[DEBUG] Predicted solver: cvc5 for benchmark QF_LIA/rings_preprocessed/ring_2exp16_9vars_1ite_unsat.smt2
[DEBUG] Benchmark QF_LIA/rings_preprocessed/ring_2exp16_9vars_1ite_unsat.smt2: solved=True, runtime=0.25s, PAR-2=0.25s
[DEBUG] Processing 619/896: QF_LIA/nec-smt/large/checkpass_pwd/prp-47-49.smt2
[DEBUG] Predicted solver: Yices2 for benchmark QF_LIA/nec-smt/large/checkpass_pwd/prp-47-49.smt2
[DEBUG] Benchmark QF_LIA/nec-smt/large/checkpass_pwd/prp-47-49.smt2: solved=True, runtime=10.28s, PAR-2=10.28s
[DEBUG] Processing 620/896: QF_LIA/arctic-matrix/constraint-1765766.smt2
[DEBUG] Predicted solver: Yices2 for benchmark QF_LIA/arctic-matrix/constraint-1765766.smt2
[DEBUG] Benchmark QF_LIA/arctic-matrix/constraint-1765766.smt2: solved=True, runtime=57.93s, PAR-2=57.93s
[DEBUG] Processing 621/896: QF_LIA/20180326-Bromberger/more_slacked/CAV_2009_benchmarks/smt/30-vars/v30_problem_2__020.smt2.slack.smt2
[DEBUG] Predicted solver: Z3alpha for benchmark QF_LIA/20180326-Bromberger/more_slacked/CAV_2009_benchmarks/smt/30-vars/v30_problem_2__020.smt2.slack.smt2
[DEBUG] Benchmark QF_LIA/20180326-Bromberger/more_slacked/CAV_2009_benchmarks/smt/30-vars/v30_problem_2__020.smt2.slack.smt2: solved=True, runtime=11.07s, PAR-2=11.07s
[DEBUG] Processing 622/896: QF_LIA/arctic-matrix/constraint-1008025.smt2
[DEBUG] Predicted solver: OpenSMT for benchmark QF_LIA/arctic-matrix/constraint-1008025.smt2
[DEBUG] Benchmark QF_LIA/arctic-matrix/constraint-1008025.smt2: solved=True, runtime=5.10s, PAR-2=5.10s
[DEBUG] Processing 623/896: QF_LIA/slacks/30-26.slack.smt2
[DEBUG] Predicted solver: Z3alpha for benchmark QF_LIA/slacks/30-26.slack.smt2
[DEBUG] Benchmark QF_LIA/slacks/30-26.slack.smt2: solved=True, runtime=2.75s, PAR-2=2.75s
[DEBUG] Processing 624/896: QF_LIA/tropical-matrix/constraint-2085483.smt2
[DEBUG] Predicted solver: Yices2 for benchmark QF_LIA/tropical-matrix/constraint-2085483.smt2
[DEBUG] Benchmark QF_LIA/tropical-matrix/constraint-2085483.smt2: solved=True, runtime=5.61s, PAR-2=5.61s
[DEBUG] Processing 625/896: QF_LIA/convert/convert-jpg2gif-query-1181.smt2
[DEBUG] Predicted solver: OpenSMT for benchmark QF_LIA/convert/convert-jpg2gif-query-1181.smt2
[DEBUG] Benchmark QF_LIA/convert/convert-jpg2gif-query-1181.smt2: solved=True, runtime=0.46s, PAR-2=0.46s
[DEBUG] Processing 626/896: QF_LIA/convert/convert-jpg2gif-query-1573.smt2
[DEBUG] Predicted solver: Z3alpha for benchmark QF_LIA/convert/convert-jpg2gif-query-1573.smt2
[DEBUG] Benchmark QF_LIA/convert/convert-jpg2gif-query-1573.smt2: solved=True, runtime=0.88s, PAR-2=0.88s
[DEBUG] Processing 627/896: QF_LIA/nec-smt/large/getoption_directories/prp-11-47.smt2
[DEBUG] Predicted solver: Yices2 for benchmark QF_LIA/nec-smt/large/getoption_directories/prp-11-47.smt2
[DEBUG] Benchmark QF_LIA/nec-smt/large/getoption_directories/prp-11-47.smt2: solved=True, runtime=1.63s, PAR-2=1.63s
[DEBUG] Processing 628/896: QF_LIA/20220307-SMPT/RwMutex-PT-r0010w2000/RF-10.smt2
[DEBUG] Predicted solver: Yices2 for benchmark QF_LIA/20220307-SMPT/RwMutex-PT-r0010w2000/RF-10.smt2
[DEBUG] Benchmark QF_LIA/20220307-SMPT/RwMutex-PT-r0010w2000/RF-10.smt2: solved=True, runtime=3.39s, PAR-2=3.39s
[DEBUG] Processing 629/896: QF_LIA/convert/convert-jpg2gif-query-1525.smt2
[DEBUG] Predicted solver: Z3alpha for benchmark QF_LIA/convert/convert-jpg2gif-query-1525.smt2
[DEBUG] Benchmark QF_LIA/convert/convert-jpg2gif-query-1525.smt2: solved=True, runtime=385.55s, PAR-2=385.55s
[DEBUG] Processing 630/896: QF_LIA/rings_preprocessed/ring_2exp14_7vars_4ite_unsat.smt2
[DEBUG] Predicted solver: cvc5 for benchmark QF_LIA/rings_preprocessed/ring_2exp14_7vars_4ite_unsat.smt2
[DEBUG] Benchmark QF_LIA/rings_preprocessed/ring_2exp14_7vars_4ite_unsat.smt2: solved=True, runtime=0.24s, PAR-2=0.24s
[DEBUG] Processing 631/896: QF_LIA/20220307-SMPT/RwMutex-PT-r0010w2000/RC-00.smt2
[DEBUG] Predicted solver: Yices2 for benchmark QF_LIA/20220307-SMPT/RwMutex-PT-r0010w2000/RC-00.smt2
[DEBUG] Benchmark QF_LIA/20220307-SMPT/RwMutex-PT-r0010w2000/RC-00.smt2: solved=True, runtime=2.05s, PAR-2=2.05s
[DEBUG] Processing 632/896: QF_LIA/nec-smt/large/getoption_user/prp-8-47.smt2
[DEBUG] Predicted solver: Yices2 for benchmark QF_LIA/nec-smt/large/getoption_user/prp-8-47.smt2
[DEBUG] Benchmark QF_LIA/nec-smt/large/getoption_user/prp-8-47.smt2: solved=True, runtime=1.38s, PAR-2=1.38s
[DEBUG] Processing 633/896: QF_LIA/rings_preprocessed/ring_2exp6_8vars_5ite_unsat.smt2
[DEBUG] Predicted solver: cvc5 for benchmark QF_LIA/rings_preprocessed/ring_2exp6_8vars_5ite_unsat.smt2
[DEBUG] Benchmark QF_LIA/rings_preprocessed/ring_2exp6_8vars_5ite_unsat.smt2: solved=True, runtime=0.26s, PAR-2=0.26s
[DEBUG] Processing 634/896: QF_LIA/20180326-Bromberger/more_slacked/cut_lemmas/15-vars/cut_lemma_01_005.smt2.slack.smt2
[DEBUG] Predicted solver: Z3alpha for benchmark QF_LIA/20180326-Bromberger/more_slacked/cut_lemmas/15-vars/cut_lemma_01_005.smt2.slack.smt2
[DEBUG] Benchmark QF_LIA/20180326-Bromberger/more_slacked/cut_lemmas/15-vars/cut_lemma_01_005.smt2.slack.smt2: solved=True, runtime=0.33s, PAR-2=0.33s
[DEBUG] Processing 635/896: QF_LIA/nec-smt/large/getoption_group/prp-51-49.smt2
[DEBUG] Predicted solver: Yices2 for benchmark QF_LIA/nec-smt/large/getoption_group/prp-51-49.smt2
[DEBUG] Benchmark QF_LIA/nec-smt/large/getoption_group/prp-51-49.smt2: solved=True, runtime=0.61s, PAR-2=0.61s
[DEBUG] Processing 636/896: QF_LIA/CAV_2009_benchmarks/smt/40-vars/problem__025.smt2
[DEBUG] Predicted solver: cvc5 for benchmark QF_LIA/CAV_2009_benchmarks/smt/40-vars/problem__025.smt2
[DEBUG] Benchmark QF_LIA/CAV_2009_benchmarks/smt/40-vars/problem__025.smt2: solved=True, runtime=0.29s, PAR-2=0.29s
[DEBUG] Processing 637/896: QF_LIA/nec-smt/large/getoption_group/prp-64-47.smt2
[DEBUG] Predicted solver: Yices2 for benchmark QF_LIA/nec-smt/large/getoption_group/prp-64-47.smt2
[DEBUG] Benchmark QF_LIA/nec-smt/large/getoption_group/prp-64-47.smt2: solved=True, runtime=0.41s, PAR-2=0.41s
[DEBUG] Processing 638/896: QF_LIA/RWS/Example_10.txt.smt2
[DEBUG] Predicted solver: OpenSMT for benchmark QF_LIA/RWS/Example_10.txt.smt2
[DEBUG] Benchmark QF_LIA/RWS/Example_10.txt.smt2: solved=False, runtime=1200.00s, PAR-2=2400.00s
[DEBUG] Processing 639/896: QF_LIA/20220307-SMPT/RwMutex-PT-r0010w2000/RC-10.smt2
[DEBUG] Predicted solver: Yices2 for benchmark QF_LIA/20220307-SMPT/RwMutex-PT-r0010w2000/RC-10.smt2
[DEBUG] Benchmark QF_LIA/20220307-SMPT/RwMutex-PT-r0010w2000/RC-10.smt2: solved=True, runtime=0.38s, PAR-2=0.38s
[DEBUG] Processing 640/896: QF_LIA/pb2010/normalized-j6048_4-sat.smt2
[DEBUG] Predicted solver: Yices2 for benchmark QF_LIA/pb2010/normalized-j6048_4-sat.smt2
[DEBUG] Benchmark QF_LIA/pb2010/normalized-j6048_4-sat.smt2: solved=True, runtime=4.20s, PAR-2=4.20s
[DEBUG] Processing 641/896: QF_LIA/nec-smt/large/getoption_group/prp-34-48.smt2
[DEBUG] Predicted solver: Yices2 for benchmark QF_LIA/nec-smt/large/getoption_group/prp-34-48.smt2
[DEBUG] Benchmark QF_LIA/nec-smt/large/getoption_group/prp-34-48.smt2: solved=True, runtime=0.43s, PAR-2=0.43s
[DEBUG] Processing 642/896: QF_LIA/20180326-Bromberger/more_slacked/cut_lemmas/15-vars/cut_lemma_02_006.smt2.slack.smt2
[DEBUG] Predicted solver: Z3alpha for benchmark QF_LIA/20180326-Bromberger/more_slacked/cut_lemmas/15-vars/cut_lemma_02_006.smt2.slack.smt2
[DEBUG] Benchmark QF_LIA/20180326-Bromberger/more_slacked/cut_lemmas/15-vars/cut_lemma_02_006.smt2.slack.smt2: solved=True, runtime=0.30s, PAR-2=0.30s
[DEBUG] Processing 643/896: QF_LIA/slacks/30-16.slack.smt2
[DEBUG] Predicted solver: Z3alpha for benchmark QF_LIA/slacks/30-16.slack.smt2
[DEBUG] Benchmark QF_LIA/slacks/30-16.slack.smt2: solved=True, runtime=0.55s, PAR-2=0.55s
[DEBUG] Processing 644/896: QF_LIA/rings_preprocessed/ring_2exp8_8vars_5ite_unsat.smt2
[DEBUG] Predicted solver: cvc5 for benchmark QF_LIA/rings_preprocessed/ring_2exp8_8vars_5ite_unsat.smt2
[DEBUG] Benchmark QF_LIA/rings_preprocessed/ring_2exp8_8vars_5ite_unsat.smt2: solved=True, runtime=0.29s, PAR-2=0.29s
[DEBUG] Processing 645/896: QF_LIA/CAV_2009_benchmarks/smt/30-vars/problem_2__023.smt2
[DEBUG] Predicted solver: cvc5 for benchmark QF_LIA/CAV_2009_benchmarks/smt/30-vars/problem_2__023.smt2
[DEBUG] Benchmark QF_LIA/CAV_2009_benchmarks/smt/30-vars/problem_2__023.smt2: solved=True, runtime=0.32s, PAR-2=0.32s
[DEBUG] Processing 646/896: QF_LIA/nec-smt/large/getoption/prp-3-200.smt2
[DEBUG] Predicted solver: Yices2 for benchmark QF_LIA/nec-smt/large/getoption/prp-3-200.smt2
[DEBUG] Benchmark QF_LIA/nec-smt/large/getoption/prp-3-200.smt2: solved=True, runtime=1.43s, PAR-2=1.43s
[DEBUG] Processing 647/896: QF_LIA/tropical-matrix/constraint-2186643.smt2
[DEBUG] Predicted solver: Yices2 for benchmark QF_LIA/tropical-matrix/constraint-2186643.smt2
[DEBUG] Benchmark QF_LIA/tropical-matrix/constraint-2186643.smt2: solved=True, runtime=202.71s, PAR-2=202.71s
[DEBUG] Processing 648/896: QF_LIA/slacks/25-23.slack.smt2
[DEBUG] Predicted solver: Z3alpha for benchmark QF_LIA/slacks/25-23.slack.smt2
[DEBUG] Benchmark QF_LIA/slacks/25-23.slack.smt2: solved=True, runtime=0.66s, PAR-2=0.66s
[DEBUG] Processing 649/896: QF_LIA/arctic-matrix/constraint-1576874.smt2
[DEBUG] Predicted solver: Yices2 for benchmark QF_LIA/arctic-matrix/constraint-1576874.smt2
[DEBUG] Benchmark QF_LIA/arctic-matrix/constraint-1576874.smt2: solved=False, runtime=1200.00s, PAR-2=2400.00s
[DEBUG] Processing 650/896: QF_LIA/convert/convert-jpg2gif-query-1602.smt2
[DEBUG] Predicted solver: Z3alpha for benchmark QF_LIA/convert/convert-jpg2gif-query-1602.smt2
[DEBUG] Benchmark QF_LIA/convert/convert-jpg2gif-query-1602.smt2: solved=True, runtime=0.68s, PAR-2=0.68s
[DEBUG] Processing 651/896: QF_LIA/bofill-scheduling/SMT_random_LIA/ex22300_2600_100.smt2
[DEBUG] Predicted solver: OpenSMT for benchmark QF_LIA/bofill-scheduling/SMT_random_LIA/ex22300_2600_100.smt2
[DEBUG] Benchmark QF_LIA/bofill-scheduling/SMT_random_LIA/ex22300_2600_100.smt2: solved=True, runtime=0.27s, PAR-2=0.27s
[DEBUG] Processing 652/896: QF_LIA/2019-cmodelsdiff/labyrinth/0100-labyrinth-17-0.smt2
[DEBUG] Predicted solver: Yices2 for benchmark QF_LIA/2019-cmodelsdiff/labyrinth/0100-labyrinth-17-0.smt2
[DEBUG] Benchmark QF_LIA/2019-cmodelsdiff/labyrinth/0100-labyrinth-17-0.smt2: solved=True, runtime=208.06s, PAR-2=208.06s
[DEBUG] Processing 653/896: QF_LIA/nec-smt/large/getoption_user/prp-9-50.smt2
[DEBUG] Predicted solver: Yices2 for benchmark QF_LIA/nec-smt/large/getoption_user/prp-9-50.smt2
[DEBUG] Benchmark QF_LIA/nec-smt/large/getoption_user/prp-9-50.smt2: solved=True, runtime=2.55s, PAR-2=2.55s
[DEBUG] Processing 654/896: QF_LIA/nec-smt/large/getoption_group/prp-23-50.smt2
[DEBUG] Predicted solver: Yices2 for benchmark QF_LIA/nec-smt/large/getoption_group/prp-23-50.smt2
[DEBUG] Benchmark QF_LIA/nec-smt/large/getoption_group/prp-23-50.smt2: solved=True, runtime=0.61s, PAR-2=0.61s
[DEBUG] Processing 655/896: QF_LIA/CIRC/simplebitadder/SIMPLEBITADDER_COMPOSE_10.msat.smt2
[DEBUG] Predicted solver: Z3alpha for benchmark QF_LIA/CIRC/simplebitadder/SIMPLEBITADDER_COMPOSE_10.msat.smt2
[DEBUG] Benchmark QF_LIA/CIRC/simplebitadder/SIMPLEBITADDER_COMPOSE_10.msat.smt2: solved=True, runtime=94.14s, PAR-2=94.14s
[DEBUG] Processing 656/896: QF_LIA/20180326-Bromberger/more_slacked/CAV_2009_benchmarks/smt/45-vars/v45_problem__023.smt2.slack.smt2
[DEBUG] Predicted solver: Z3alpha for benchmark QF_LIA/20180326-Bromberger/more_slacked/CAV_2009_benchmarks/smt/45-vars/v45_problem__023.smt2.slack.smt2
[DEBUG] Benchmark QF_LIA/20180326-Bromberger/more_slacked/CAV_2009_benchmarks/smt/45-vars/v45_problem__023.smt2.slack.smt2: solved=True, runtime=384.42s, PAR-2=384.42s
[DEBUG] Processing 657/896: QF_LIA/convert/convert-jpg2gif-query-1406.smt2
[DEBUG] Predicted solver: OpenSMT for benchmark QF_LIA/convert/convert-jpg2gif-query-1406.smt2
[DEBUG] Benchmark QF_LIA/convert/convert-jpg2gif-query-1406.smt2: solved=True, runtime=0.44s, PAR-2=0.44s
[DEBUG] Processing 658/896: QF_LIA/nec-smt/large/getoption_user/prp-36-46.smt2
[DEBUG] Predicted solver: Yices2 for benchmark QF_LIA/nec-smt/large/getoption_user/prp-36-46.smt2
[DEBUG] Benchmark QF_LIA/nec-smt/large/getoption_user/prp-36-46.smt2: solved=True, runtime=1.52s, PAR-2=1.52s
[DEBUG] Processing 659/896: QF_LIA/nec-smt/large/getoption_directories/prp-1-110.smt2
[DEBUG] Predicted solver: Yices2 for benchmark QF_LIA/nec-smt/large/getoption_directories/prp-1-110.smt2
[DEBUG] Benchmark QF_LIA/nec-smt/large/getoption_directories/prp-1-110.smt2: solved=True, runtime=1.61s, PAR-2=1.61s
[DEBUG] Processing 660/896: QF_LIA/nec-smt/large/getoption_user/prp-12-49.smt2
[DEBUG] Predicted solver: Yices2 for benchmark QF_LIA/nec-smt/large/getoption_user/prp-12-49.smt2
[DEBUG] Benchmark QF_LIA/nec-smt/large/getoption_user/prp-12-49.smt2: solved=True, runtime=1.03s, PAR-2=1.03s
[DEBUG] Processing 661/896: QF_LIA/20180326-Bromberger/more_slacked/CAV_2009_benchmarks/smt/30-vars/v30_problem_2__028.smt2.slack.smt2
[DEBUG] Predicted solver: Z3alpha for benchmark QF_LIA/20180326-Bromberger/more_slacked/CAV_2009_benchmarks/smt/30-vars/v30_problem_2__028.smt2.slack.smt2
[DEBUG] Benchmark QF_LIA/20180326-Bromberger/more_slacked/CAV_2009_benchmarks/smt/30-vars/v30_problem_2__028.smt2.slack.smt2: solved=True, runtime=26.18s, PAR-2=26.18s
[DEBUG] Processing 662/896: QF_LIA/rings/ring_2exp8_7vars_6ite_unsat.smt2
[DEBUG] Predicted solver: Yices2 for benchmark QF_LIA/rings/ring_2exp8_7vars_6ite_unsat.smt2
[DEBUG] Benchmark QF_LIA/rings/ring_2exp8_7vars_6ite_unsat.smt2: solved=True, runtime=0.21s, PAR-2=0.21s
[DEBUG] Processing 663/896: QF_LIA/20180326-Bromberger/more_slacked/CAV_2009_benchmarks/smt/45-vars/v45_problem_2__034.smt2.slack.smt2
[DEBUG] Predicted solver: Z3alpha for benchmark QF_LIA/20180326-Bromberger/more_slacked/CAV_2009_benchmarks/smt/45-vars/v45_problem_2__034.smt2.slack.smt2
[DEBUG] Benchmark QF_LIA/20180326-Bromberger/more_slacked/CAV_2009_benchmarks/smt/45-vars/v45_problem_2__034.smt2.slack.smt2: solved=True, runtime=1.15s, PAR-2=1.15s
[DEBUG] Processing 664/896: QF_LIA/convert/convert-jpg2gif-query-1563.smt2
[DEBUG] Predicted solver: Z3alpha for benchmark QF_LIA/convert/convert-jpg2gif-query-1563.smt2
[DEBUG] Benchmark QF_LIA/convert/convert-jpg2gif-query-1563.smt2: solved=True, runtime=6.54s, PAR-2=6.54s
[DEBUG] Processing 665/896: QF_LIA/nec-smt/large/getoption_group/prp-29-42.smt2
[DEBUG] Predicted solver: Yices2 for benchmark QF_LIA/nec-smt/large/getoption_group/prp-29-42.smt2
[DEBUG] Benchmark QF_LIA/nec-smt/large/getoption_group/prp-29-42.smt2: solved=True, runtime=0.29s, PAR-2=0.29s
[DEBUG] Processing 666/896: QF_LIA/20230321-UltimateAutomizerSvcomp2023/jain_5-2.c_7.smt2
[DEBUG] Predicted solver: SMTInterpol for benchmark QF_LIA/20230321-UltimateAutomizerSvcomp2023/jain_5-2.c_7.smt2
[DEBUG] Benchmark QF_LIA/20230321-UltimateAutomizerSvcomp2023/jain_5-2.c_7.smt2: solved=True, runtime=0.40s, PAR-2=0.40s
[DEBUG] Processing 667/896: QF_LIA/20180326-Bromberger/more_slacked/cut_lemmas/15-vars/cut_lemma_03_012.smt2.slack.smt2
[DEBUG] Predicted solver: Z3alpha for benchmark QF_LIA/20180326-Bromberger/more_slacked/cut_lemmas/15-vars/cut_lemma_03_012.smt2.slack.smt2
[DEBUG] Benchmark QF_LIA/20180326-Bromberger/more_slacked/cut_lemmas/15-vars/cut_lemma_03_012.smt2.slack.smt2: solved=True, runtime=0.39s, PAR-2=0.39s
[DEBUG] Processing 668/896: QF_LIA/nec-smt/large/getoption_user/prp-6-49.smt2
[DEBUG] Predicted solver: Yices2 for benchmark QF_LIA/nec-smt/large/getoption_user/prp-6-49.smt2
[DEBUG] Benchmark QF_LIA/nec-smt/large/getoption_user/prp-6-49.smt2: solved=True, runtime=3.48s, PAR-2=3.48s
[DEBUG] Processing 669/896: QF_LIA/rings_preprocessed/ring_2exp8_7vars_6ite_unsat.smt2
[DEBUG] Predicted solver: cvc5 for benchmark QF_LIA/rings_preprocessed/ring_2exp8_7vars_6ite_unsat.smt2
[DEBUG] Benchmark QF_LIA/rings_preprocessed/ring_2exp8_7vars_6ite_unsat.smt2: solved=True, runtime=0.30s, PAR-2=0.30s
[DEBUG] Processing 670/896: QF_LIA/nec-smt/large/getoption_group/prp-36-49.smt2
[DEBUG] Predicted solver: Yices2 for benchmark QF_LIA/nec-smt/large/getoption_group/prp-36-49.smt2
[DEBUG] Benchmark QF_LIA/nec-smt/large/getoption_group/prp-36-49.smt2: solved=True, runtime=0.46s, PAR-2=0.46s
[DEBUG] Processing 671/896: QF_LIA/nec-smt/large/checkpass_pwd/prp-50-45.smt2
[DEBUG] Predicted solver: Yices2 for benchmark QF_LIA/nec-smt/large/checkpass_pwd/prp-50-45.smt2
[DEBUG] Benchmark QF_LIA/nec-smt/large/checkpass_pwd/prp-50-45.smt2: solved=True, runtime=4.61s, PAR-2=4.61s
[DEBUG] Processing 672/896: QF_LIA/rings_preprocessed/ring_2exp10_6vars_5ite_unsat.smt2
[DEBUG] Predicted solver: cvc5 for benchmark QF_LIA/rings_preprocessed/ring_2exp10_6vars_5ite_unsat.smt2
[DEBUG] Benchmark QF_LIA/rings_preprocessed/ring_2exp10_6vars_5ite_unsat.smt2: solved=True, runtime=0.27s, PAR-2=0.27s
[DEBUG] Processing 673/896: QF_LIA/nec-smt/large/getoption_user/prp-22-49.smt2
[DEBUG] Predicted solver: Yices2 for benchmark QF_LIA/nec-smt/large/getoption_user/prp-22-49.smt2
[DEBUG] Benchmark QF_LIA/nec-smt/large/getoption_user/prp-22-49.smt2: solved=True, runtime=5.05s, PAR-2=5.05s
[DEBUG] Processing 674/896: QF_LIA/rings_preprocessed/ring_2exp12_8vars_7ite_unsat.smt2
[DEBUG] Predicted solver: cvc5 for benchmark QF_LIA/rings_preprocessed/ring_2exp12_8vars_7ite_unsat.smt2
[DEBUG] Benchmark QF_LIA/rings_preprocessed/ring_2exp12_8vars_7ite_unsat.smt2: solved=True, runtime=0.26s, PAR-2=0.26s
[DEBUG] Processing 675/896: QF_LIA/rings_preprocessed/ring_2exp12_6vars_2ite_unsat.smt2
[DEBUG] Predicted solver: cvc5 for benchmark QF_LIA/rings_preprocessed/ring_2exp12_6vars_2ite_unsat.smt2
[DEBUG] Benchmark QF_LIA/rings_preprocessed/ring_2exp12_6vars_2ite_unsat.smt2: solved=True, runtime=0.24s, PAR-2=0.24s
[DEBUG] Processing 676/896: QF_LIA/nec-smt/large/getoption_group/prp-50-48.smt2
[DEBUG] Predicted solver: Yices2 for benchmark QF_LIA/nec-smt/large/getoption_group/prp-50-48.smt2
[DEBUG] Benchmark QF_LIA/nec-smt/large/getoption_group/prp-50-48.smt2: solved=True, runtime=0.58s, PAR-2=0.58s
[DEBUG] Processing 677/896: QF_LIA/nec-smt/large/checkpass_pwd/prp-43-43.smt2
[DEBUG] Predicted solver: Yices2 for benchmark QF_LIA/nec-smt/large/checkpass_pwd/prp-43-43.smt2
[DEBUG] Benchmark QF_LIA/nec-smt/large/checkpass_pwd/prp-43-43.smt2: solved=True, runtime=1.46s, PAR-2=1.46s
[DEBUG] Processing 678/896: QF_LIA/nec-smt/large/checkpass_pwd/prp-39-45.smt2
[DEBUG] Predicted solver: Yices2 for benchmark QF_LIA/nec-smt/large/checkpass_pwd/prp-39-45.smt2
[DEBUG] Benchmark QF_LIA/nec-smt/large/checkpass_pwd/prp-39-45.smt2: solved=True, runtime=2.92s, PAR-2=2.92s
[DEBUG] Processing 679/896: QF_LIA/nec-smt/large/getoption_group/prp-50-49.smt2
[DEBUG] Predicted solver: Yices2 for benchmark QF_LIA/nec-smt/large/getoption_group/prp-50-49.smt2
[DEBUG] Benchmark QF_LIA/nec-smt/large/getoption_group/prp-50-49.smt2: solved=True, runtime=0.65s, PAR-2=0.65s
[DEBUG] Processing 680/896: QF_LIA/nec-smt/large/getoption_user/prp-1-50.smt2
[DEBUG] Predicted solver: Yices2 for benchmark QF_LIA/nec-smt/large/getoption_user/prp-1-50.smt2
[DEBUG] Benchmark QF_LIA/nec-smt/large/getoption_user/prp-1-50.smt2: solved=True, runtime=1.10s, PAR-2=1.10s
[DEBUG] Processing 681/896: QF_LIA/20180326-Bromberger/unbd-sage/unbd025v30c/unbd-sage17.smt2
[DEBUG] Predicted solver: Z3alpha for benchmark QF_LIA/20180326-Bromberger/unbd-sage/unbd025v30c/unbd-sage17.smt2
[DEBUG] Benchmark QF_LIA/20180326-Bromberger/unbd-sage/unbd025v30c/unbd-sage17.smt2: solved=True, runtime=390.52s, PAR-2=390.52s
[DEBUG] Processing 682/896: QF_LIA/nec-smt/large/checkpass_pwd/prp-57-48.smt2
[DEBUG] Predicted solver: Yices2 for benchmark QF_LIA/nec-smt/large/checkpass_pwd/prp-57-48.smt2
[DEBUG] Benchmark QF_LIA/nec-smt/large/checkpass_pwd/prp-57-48.smt2: solved=True, runtime=1.08s, PAR-2=1.08s
[DEBUG] Processing 683/896: QF_LIA/nec-smt/large/getoption_group/prp-47-47.smt2
[DEBUG] Predicted solver: Yices2 for benchmark QF_LIA/nec-smt/large/getoption_group/prp-47-47.smt2
[DEBUG] Benchmark QF_LIA/nec-smt/large/getoption_group/prp-47-47.smt2: solved=True, runtime=0.42s, PAR-2=0.42s
[DEBUG] Processing 684/896: QF_LIA/nec-smt/large/getoption_group/prp-32-47.smt2
[DEBUG] Predicted solver: Yices2 for benchmark QF_LIA/nec-smt/large/getoption_group/prp-32-47.smt2
[DEBUG] Benchmark QF_LIA/nec-smt/large/getoption_group/prp-32-47.smt2: solved=True, runtime=0.44s, PAR-2=0.44s
[DEBUG] Processing 685/896: QF_LIA/pb2010/normalized-j3031_7-sat.smt2
[DEBUG] Predicted solver: Yices2 for benchmark QF_LIA/pb2010/normalized-j3031_7-sat.smt2
[DEBUG] Benchmark QF_LIA/pb2010/normalized-j3031_7-sat.smt2: solved=True, runtime=2.80s, PAR-2=2.80s
[DEBUG] Processing 686/896: QF_LIA/nec-smt/large/checkpass_pwd/prp-36-41.smt2
[DEBUG] Predicted solver: Yices2 for benchmark QF_LIA/nec-smt/large/checkpass_pwd/prp-36-41.smt2
[DEBUG] Benchmark QF_LIA/nec-smt/large/checkpass_pwd/prp-36-41.smt2: solved=True, runtime=2.59s, PAR-2=2.59s
[DEBUG] Processing 687/896: QF_LIA/nec-smt/large/getoption_directories/prp-12-48.smt2
[DEBUG] Predicted solver: Yices2 for benchmark QF_LIA/nec-smt/large/getoption_directories/prp-12-48.smt2
[DEBUG] Benchmark QF_LIA/nec-smt/large/getoption_directories/prp-12-48.smt2: solved=True, runtime=2.11s, PAR-2=2.11s
[DEBUG] Processing 688/896: QF_LIA/nec-smt/large/getoption_group/prp-21-46.smt2
[DEBUG] Predicted solver: Yices2 for benchmark QF_LIA/nec-smt/large/getoption_group/prp-21-46.smt2
[DEBUG] Benchmark QF_LIA/nec-smt/large/getoption_group/prp-21-46.smt2: solved=True, runtime=0.50s, PAR-2=0.50s
[DEBUG] Processing 689/896: QF_LIA/20180326-Bromberger/more_slacked/cut_lemmas/15-vars/cut_lemma_01_014.smt2.slack.smt2
[DEBUG] Predicted solver: Z3alpha for benchmark QF_LIA/20180326-Bromberger/more_slacked/cut_lemmas/15-vars/cut_lemma_01_014.smt2.slack.smt2
[DEBUG] Benchmark QF_LIA/20180326-Bromberger/more_slacked/cut_lemmas/15-vars/cut_lemma_01_014.smt2.slack.smt2: solved=True, runtime=0.91s, PAR-2=0.91s
[DEBUG] Processing 690/896: QF_LIA/tropical-matrix/constraint-3427750.smt2
[DEBUG] Predicted solver: Yices2 for benchmark QF_LIA/tropical-matrix/constraint-3427750.smt2
[DEBUG] Benchmark QF_LIA/tropical-matrix/constraint-3427750.smt2: solved=True, runtime=2.47s, PAR-2=2.47s
[DEBUG] Processing 691/896: QF_LIA/nec-smt/large/getoption_group/prp-57-46.smt2
[DEBUG] Predicted solver: Yices2 for benchmark QF_LIA/nec-smt/large/getoption_group/prp-57-46.smt2
[DEBUG] Benchmark QF_LIA/nec-smt/large/getoption_group/prp-57-46.smt2: solved=True, runtime=0.37s, PAR-2=0.37s
[DEBUG] Processing 692/896: QF_LIA/pb2010/normalized-j3029_8-unsat.smt2
[DEBUG] Predicted solver: Yices2 for benchmark QF_LIA/pb2010/normalized-j3029_8-unsat.smt2
[DEBUG] Benchmark QF_LIA/pb2010/normalized-j3029_8-unsat.smt2: solved=False, runtime=1200.00s, PAR-2=2400.00s
[DEBUG] Processing 693/896: QF_LIA/slacks/40-33.slack.smt2
[DEBUG] Predicted solver: Yices2 for benchmark QF_LIA/slacks/40-33.slack.smt2
[DEBUG] Benchmark QF_LIA/slacks/40-33.slack.smt2: solved=False, runtime=1200.00s, PAR-2=2400.00s
[DEBUG] Processing 694/896: QF_LIA/slacks/45-20.slack.smt2
[DEBUG] Predicted solver: cvc5 for benchmark QF_LIA/slacks/45-20.slack.smt2
[DEBUG] Benchmark QF_LIA/slacks/45-20.slack.smt2: solved=True, runtime=0.45s, PAR-2=0.45s
[DEBUG] Processing 695/896: QF_LIA/slacks/40-13.slack.smt2
[DEBUG] Predicted solver: Z3alpha for benchmark QF_LIA/slacks/40-13.slack.smt2
[DEBUG] Benchmark QF_LIA/slacks/40-13.slack.smt2: solved=True, runtime=0.31s, PAR-2=0.31s
[DEBUG] Processing 696/896: QF_LIA/nec-smt/large/getoption_group/prp-18-50.smt2
[DEBUG] Predicted solver: Yices2 for benchmark QF_LIA/nec-smt/large/getoption_group/prp-18-50.smt2
[DEBUG] Benchmark QF_LIA/nec-smt/large/getoption_group/prp-18-50.smt2: solved=True, runtime=0.66s, PAR-2=0.66s
[DEBUG] Processing 697/896: QF_LIA/20180326-Bromberger/more_slacked/cut_lemmas/20-vars/cut_lemma_01_016.smt2.slack.smt2
[DEBUG] Predicted solver: Z3alpha for benchmark QF_LIA/20180326-Bromberger/more_slacked/cut_lemmas/20-vars/cut_lemma_01_016.smt2.slack.smt2
[DEBUG] Benchmark QF_LIA/20180326-Bromberger/more_slacked/cut_lemmas/20-vars/cut_lemma_01_016.smt2.slack.smt2: solved=True, runtime=0.28s, PAR-2=0.28s
[DEBUG] Processing 698/896: QF_LIA/rings/ring_2exp16_7vars_6ite_unsat.smt2
[DEBUG] Predicted solver: Yices2 for benchmark QF_LIA/rings/ring_2exp16_7vars_6ite_unsat.smt2
[DEBUG] Benchmark QF_LIA/rings/ring_2exp16_7vars_6ite_unsat.smt2: solved=True, runtime=0.21s, PAR-2=0.21s
[DEBUG] Processing 699/896: QF_LIA/nec-smt/large/checkpass_pwd/prp-28-41.smt2
[DEBUG] Predicted solver: Yices2 for benchmark QF_LIA/nec-smt/large/checkpass_pwd/prp-28-41.smt2
[DEBUG] Benchmark QF_LIA/nec-smt/large/checkpass_pwd/prp-28-41.smt2: solved=True, runtime=1.81s, PAR-2=1.81s
[DEBUG] Processing 700/896: QF_LIA/convert/convert-jpg2gif-query-1473.smt2
[DEBUG] Predicted solver: Z3alpha for benchmark QF_LIA/convert/convert-jpg2gif-query-1473.smt2
[DEBUG] Benchmark QF_LIA/convert/convert-jpg2gif-query-1473.smt2: solved=True, runtime=0.54s, PAR-2=0.54s
[DEBUG] Processing 701/896: QF_LIA/20180326-Bromberger/more_slacked/CAV_2009_benchmarks/smt/45-vars/v45_problem_2__032.smt2.slack.smt2
[DEBUG] Predicted solver: Z3alpha for benchmark QF_LIA/20180326-Bromberger/more_slacked/CAV_2009_benchmarks/smt/45-vars/v45_problem_2__032.smt2.slack.smt2
[DEBUG] Benchmark QF_LIA/20180326-Bromberger/more_slacked/CAV_2009_benchmarks/smt/45-vars/v45_problem_2__032.smt2.slack.smt2: solved=True, runtime=1.09s, PAR-2=1.09s
[DEBUG] Processing 702/896: QF_LIA/nec-smt/large/checkpass_pwd/prp-48-41.smt2
[DEBUG] Predicted solver: Yices2 for benchmark QF_LIA/nec-smt/large/checkpass_pwd/prp-48-41.smt2
[DEBUG] Benchmark QF_LIA/nec-smt/large/checkpass_pwd/prp-48-41.smt2: solved=True, runtime=0.70s, PAR-2=0.70s
[DEBUG] Processing 703/896: QF_LIA/nec-smt/large/getoption_group/prp-50-47.smt2
[DEBUG] Predicted solver: Yices2 for benchmark QF_LIA/nec-smt/large/getoption_group/prp-50-47.smt2
[DEBUG] Benchmark QF_LIA/nec-smt/large/getoption_group/prp-50-47.smt2: solved=True, runtime=0.42s, PAR-2=0.42s
[DEBUG] Processing 704/896: QF_LIA/20220307-SMPT/SharedMemory-PT-000100/RC-09.smt2
[DEBUG] Predicted solver: Yices2 for benchmark QF_LIA/20220307-SMPT/SharedMemory-PT-000100/RC-09.smt2
[DEBUG] Benchmark QF_LIA/20220307-SMPT/SharedMemory-PT-000100/RC-09.smt2: solved=True, runtime=45.04s, PAR-2=45.04s
[DEBUG] Processing 705/896: QF_LIA/nec-smt/large/getoption_group/prp-78-50.smt2
[DEBUG] Predicted solver: Yices2 for benchmark QF_LIA/nec-smt/large/getoption_group/prp-78-50.smt2
[DEBUG] Benchmark QF_LIA/nec-smt/large/getoption_group/prp-78-50.smt2: solved=True, runtime=0.23s, PAR-2=0.23s
[DEBUG] Processing 706/896: QF_LIA/slacks/45-25.slack.smt2
[DEBUG] Predicted solver: cvc5 for benchmark QF_LIA/slacks/45-25.slack.smt2
[DEBUG] Benchmark QF_LIA/slacks/45-25.slack.smt2: solved=True, runtime=0.39s, PAR-2=0.39s
[DEBUG] Processing 707/896: QF_LIA/nec-smt/large/getoption_user/prp-26-49.smt2
[DEBUG] Predicted solver: Yices2 for benchmark QF_LIA/nec-smt/large/getoption_user/prp-26-49.smt2
[DEBUG] Benchmark QF_LIA/nec-smt/large/getoption_user/prp-26-49.smt2: solved=True, runtime=1.17s, PAR-2=1.17s
[DEBUG] Processing 708/896: QF_LIA/convert/convert-jpg2gif-query-1423.smt2
[DEBUG] Predicted solver: OpenSMT for benchmark QF_LIA/convert/convert-jpg2gif-query-1423.smt2
[DEBUG] Benchmark QF_LIA/convert/convert-jpg2gif-query-1423.smt2: solved=True, runtime=0.47s, PAR-2=0.47s
[DEBUG] Processing 709/896: QF_LIA/nec-smt/large/checkpass_pwd/prp-36-44.smt2
[DEBUG] Predicted solver: Yices2 for benchmark QF_LIA/nec-smt/large/checkpass_pwd/prp-36-44.smt2
[DEBUG] Benchmark QF_LIA/nec-smt/large/checkpass_pwd/prp-36-44.smt2: solved=True, runtime=2.76s, PAR-2=2.76s
[DEBUG] Processing 710/896: QF_LIA/nec-smt/large/getoption_group/prp-44-46.smt2
[DEBUG] Predicted solver: Yices2 for benchmark QF_LIA/nec-smt/large/getoption_group/prp-44-46.smt2
[DEBUG] Benchmark QF_LIA/nec-smt/large/getoption_group/prp-44-46.smt2: solved=True, runtime=0.46s, PAR-2=0.46s
[DEBUG] Processing 711/896: QF_LIA/nec-smt/large/getoption_group/prp-21-49.smt2
[DEBUG] Predicted solver: Yices2 for benchmark QF_LIA/nec-smt/large/getoption_group/prp-21-49.smt2
[DEBUG] Benchmark QF_LIA/nec-smt/large/getoption_group/prp-21-49.smt2: solved=True, runtime=0.65s, PAR-2=0.65s
[DEBUG] Processing 712/896: QF_LIA/convert/convert-jpg2gif-query-1578.smt2
[DEBUG] Predicted solver: Z3alpha for benchmark QF_LIA/convert/convert-jpg2gif-query-1578.smt2
[DEBUG] Benchmark QF_LIA/convert/convert-jpg2gif-query-1578.smt2: solved=True, runtime=0.85s, PAR-2=0.85s
[DEBUG] Processing 713/896: QF_LIA/nec-smt/large/getoption_group/prp-28-43.smt2
[DEBUG] Predicted solver: Yices2 for benchmark QF_LIA/nec-smt/large/getoption_group/prp-28-43.smt2
[DEBUG] Benchmark QF_LIA/nec-smt/large/getoption_group/prp-28-43.smt2: solved=True, runtime=0.31s, PAR-2=0.31s
[DEBUG] Processing 714/896: QF_LIA/slacks/25-25.slack.smt2
[DEBUG] Predicted solver: Z3alpha for benchmark QF_LIA/slacks/25-25.slack.smt2
[DEBUG] Benchmark QF_LIA/slacks/25-25.slack.smt2: solved=True, runtime=0.39s, PAR-2=0.39s
[DEBUG] Processing 715/896: QF_LIA/CAV_2009_benchmarks/smt/30-vars/problem_2__018.smt2
[DEBUG] Predicted solver: cvc5 for benchmark QF_LIA/CAV_2009_benchmarks/smt/30-vars/problem_2__018.smt2
[DEBUG] Benchmark QF_LIA/CAV_2009_benchmarks/smt/30-vars/problem_2__018.smt2: solved=True, runtime=0.28s, PAR-2=0.28s
[DEBUG] Processing 716/896: QF_LIA/nec-smt/large/getoption_user/prp-23-50.smt2
[DEBUG] Predicted solver: Yices2 for benchmark QF_LIA/nec-smt/large/getoption_user/prp-23-50.smt2
[DEBUG] Benchmark QF_LIA/nec-smt/large/getoption_user/prp-23-50.smt2: solved=True, runtime=1.99s, PAR-2=1.99s
[DEBUG] Processing 717/896: QF_LIA/nec-smt/large/getoption_group/prp-67-47.smt2
[DEBUG] Predicted solver: Yices2 for benchmark QF_LIA/nec-smt/large/getoption_group/prp-67-47.smt2
[DEBUG] Benchmark QF_LIA/nec-smt/large/getoption_group/prp-67-47.smt2: solved=True, runtime=0.37s, PAR-2=0.37s
[DEBUG] Processing 718/896: QF_LIA/dillig/40-34.smt2
[DEBUG] Predicted solver: cvc5 for benchmark QF_LIA/dillig/40-34.smt2
[DEBUG] Benchmark QF_LIA/dillig/40-34.smt2: solved=True, runtime=0.32s, PAR-2=0.32s
[DEBUG] Processing 719/896: QF_LIA/20180326-Bromberger/more_slacked/CAV_2009_benchmarks/smt/30-vars/v30_problem_2__021.smt2.slack.smt2
[DEBUG] Predicted solver: Z3alpha for benchmark QF_LIA/20180326-Bromberger/more_slacked/CAV_2009_benchmarks/smt/30-vars/v30_problem_2__021.smt2.slack.smt2
[DEBUG] Benchmark QF_LIA/20180326-Bromberger/more_slacked/CAV_2009_benchmarks/smt/30-vars/v30_problem_2__021.smt2.slack.smt2: solved=True, runtime=0.28s, PAR-2=0.28s
[DEBUG] Processing 720/896: QF_LIA/convert/convert-jpg2gif-query-1544.smt2
[DEBUG] Predicted solver: Z3alpha for benchmark QF_LIA/convert/convert-jpg2gif-query-1544.smt2
[DEBUG] Benchmark QF_LIA/convert/convert-jpg2gif-query-1544.smt2: solved=True, runtime=0.63s, PAR-2=0.63s
[DEBUG] Processing 721/896: QF_LIA/pb2010/normalized-j3046_4-unsat.smt2
[DEBUG] Predicted solver: Yices2 for benchmark QF_LIA/pb2010/normalized-j3046_4-unsat.smt2
[DEBUG] Benchmark QF_LIA/pb2010/normalized-j3046_4-unsat.smt2: solved=False, runtime=1200.00s, PAR-2=2400.00s
[DEBUG] Processing 722/896: QF_LIA/nec-smt/large/getoption_user/prp-50-46.smt2
[DEBUG] Predicted solver: Yices2 for benchmark QF_LIA/nec-smt/large/getoption_user/prp-50-46.smt2
[DEBUG] Benchmark QF_LIA/nec-smt/large/getoption_user/prp-50-46.smt2: solved=True, runtime=0.86s, PAR-2=0.86s
[DEBUG] Processing 723/896: QF_LIA/rings_preprocessed/ring_2exp10_9vars_4ite_unsat.smt2
[DEBUG] Predicted solver: cvc5 for benchmark QF_LIA/rings_preprocessed/ring_2exp10_9vars_4ite_unsat.smt2
[DEBUG] Benchmark QF_LIA/rings_preprocessed/ring_2exp10_9vars_4ite_unsat.smt2: solved=True, runtime=0.25s, PAR-2=0.25s
[DEBUG] Processing 724/896: QF_LIA/20180326-Bromberger/unbd-sage/unbd025v30c/unbd-sage2.smt2
[DEBUG] Predicted solver: Z3alpha for benchmark QF_LIA/20180326-Bromberger/unbd-sage/unbd025v30c/unbd-sage2.smt2
[DEBUG] Benchmark QF_LIA/20180326-Bromberger/unbd-sage/unbd025v30c/unbd-sage2.smt2: solved=True, runtime=337.76s, PAR-2=337.76s
[DEBUG] Processing 725/896: QF_LIA/slacks/40-24.slack.smt2
[DEBUG] Predicted solver: Z3alpha for benchmark QF_LIA/slacks/40-24.slack.smt2
[DEBUG] Benchmark QF_LIA/slacks/40-24.slack.smt2: solved=True, runtime=0.59s, PAR-2=0.59s
[DEBUG] Processing 726/896: QF_LIA/nec-smt/large/getoption_group/prp-81-50.smt2
[DEBUG] Predicted solver: Yices2 for benchmark QF_LIA/nec-smt/large/getoption_group/prp-81-50.smt2
[DEBUG] Benchmark QF_LIA/nec-smt/large/getoption_group/prp-81-50.smt2: solved=True, runtime=0.46s, PAR-2=0.46s
[DEBUG] Processing 727/896: QF_LIA/CAV_2009_benchmarks/smt/35-vars/problem_2__026.smt2
[DEBUG] Predicted solver: cvc5 for benchmark QF_LIA/CAV_2009_benchmarks/smt/35-vars/problem_2__026.smt2
[DEBUG] Benchmark QF_LIA/CAV_2009_benchmarks/smt/35-vars/problem_2__026.smt2: solved=True, runtime=0.53s, PAR-2=0.53s
[DEBUG] Processing 728/896: QF_LIA/arctic-matrix/constraint-357303.smt2
[DEBUG] Predicted solver: Yices2 for benchmark QF_LIA/arctic-matrix/constraint-357303.smt2
[DEBUG] Benchmark QF_LIA/arctic-matrix/constraint-357303.smt2: solved=True, runtime=657.34s, PAR-2=657.34s
[DEBUG] Processing 729/896: QF_LIA/nec-smt/large/getoption_user/prp-15-48.smt2
[DEBUG] Predicted solver: Yices2 for benchmark QF_LIA/nec-smt/large/getoption_user/prp-15-48.smt2
[DEBUG] Benchmark QF_LIA/nec-smt/large/getoption_user/prp-15-48.smt2: solved=True, runtime=0.92s, PAR-2=0.92s
[DEBUG] Processing 730/896: QF_LIA/convert/convert-jpg2gif-query-1437.smt2
[DEBUG] Predicted solver: OpenSMT for benchmark QF_LIA/convert/convert-jpg2gif-query-1437.smt2
[DEBUG] Benchmark QF_LIA/convert/convert-jpg2gif-query-1437.smt2: solved=True, runtime=0.47s, PAR-2=0.47s
[DEBUG] Processing 731/896: QF_LIA/nec-smt/large/getoption_user/prp-3-48.smt2
[DEBUG] Predicted solver: Yices2 for benchmark QF_LIA/nec-smt/large/getoption_user/prp-3-48.smt2
[DEBUG] Benchmark QF_LIA/nec-smt/large/getoption_user/prp-3-48.smt2: solved=True, runtime=0.77s, PAR-2=0.77s
[DEBUG] Processing 732/896: QF_LIA/nec-smt/large/getoption_group/prp-0-49.smt2
[DEBUG] Predicted solver: Yices2 for benchmark QF_LIA/nec-smt/large/getoption_group/prp-0-49.smt2
[DEBUG] Benchmark QF_LIA/nec-smt/large/getoption_group/prp-0-49.smt2: solved=True, runtime=0.49s, PAR-2=0.49s
[DEBUG] Processing 733/896: QF_LIA/20180326-Bromberger/more_slacked/cut_lemmas/20-vars/cut_lemma_03_015.smt2.slack.smt2
[DEBUG] Predicted solver: Z3alpha for benchmark QF_LIA/20180326-Bromberger/more_slacked/cut_lemmas/20-vars/cut_lemma_03_015.smt2.slack.smt2
[DEBUG] Benchmark QF_LIA/20180326-Bromberger/more_slacked/cut_lemmas/20-vars/cut_lemma_03_015.smt2.slack.smt2: solved=True, runtime=0.36s, PAR-2=0.36s
[DEBUG] Processing 734/896: QF_LIA/tropical-matrix/constraint-645855.smt2
[DEBUG] Predicted solver: OpenSMT for benchmark QF_LIA/tropical-matrix/constraint-645855.smt2
[DEBUG] Benchmark QF_LIA/tropical-matrix/constraint-645855.smt2: solved=True, runtime=206.04s, PAR-2=206.04s
[DEBUG] Processing 735/896: QF_LIA/convert/convert-jpg2gif-query-1352.smt2
[DEBUG] Predicted solver: OpenSMT for benchmark QF_LIA/convert/convert-jpg2gif-query-1352.smt2
[DEBUG] Benchmark QF_LIA/convert/convert-jpg2gif-query-1352.smt2: solved=True, runtime=0.36s, PAR-2=0.36s
[DEBUG] Processing 736/896: QF_LIA/rings_preprocessed/ring_2exp10_6vars_1ite_unsat.smt2
[DEBUG] Predicted solver: cvc5 for benchmark QF_LIA/rings_preprocessed/ring_2exp10_6vars_1ite_unsat.smt2
[DEBUG] Benchmark QF_LIA/rings_preprocessed/ring_2exp10_6vars_1ite_unsat.smt2: solved=True, runtime=0.23s, PAR-2=0.23s
[DEBUG] Processing 737/896: QF_LIA/20220307-SMPT/SharedMemory-PT-000200/RF-07.smt2
[DEBUG] Predicted solver: Yices2 for benchmark QF_LIA/20220307-SMPT/SharedMemory-PT-000200/RF-07.smt2
[DEBUG] Benchmark QF_LIA/20220307-SMPT/SharedMemory-PT-000200/RF-07.smt2: solved=True, runtime=652.16s, PAR-2=652.16s
[DEBUG] Processing 738/896: QF_LIA/rings/ring_2exp12_9vars_7ite_unsat.smt2
[DEBUG] Predicted solver: Yices2 for benchmark QF_LIA/rings/ring_2exp12_9vars_7ite_unsat.smt2
[DEBUG] Benchmark QF_LIA/rings/ring_2exp12_9vars_7ite_unsat.smt2: solved=True, runtime=0.23s, PAR-2=0.23s
[DEBUG] Processing 739/896: QF_LIA/nec-smt/large/checkpass_pwd/prp-36-48.smt2
[DEBUG] Predicted solver: Yices2 for benchmark QF_LIA/nec-smt/large/checkpass_pwd/prp-36-48.smt2
[DEBUG] Benchmark QF_LIA/nec-smt/large/checkpass_pwd/prp-36-48.smt2: solved=True, runtime=6.94s, PAR-2=6.94s
[DEBUG] Processing 740/896: QF_LIA/convert/convert-jpg2gif-query-1204.smt2
[DEBUG] Predicted solver: OpenSMT for benchmark QF_LIA/convert/convert-jpg2gif-query-1204.smt2
[DEBUG] Benchmark QF_LIA/convert/convert-jpg2gif-query-1204.smt2: solved=True, runtime=0.32s, PAR-2=0.32s
[DEBUG] Processing 741/896: QF_LIA/convert/convert-jpg2gif-query-1526.smt2
[DEBUG] Predicted solver: Z3alpha for benchmark QF_LIA/convert/convert-jpg2gif-query-1526.smt2
[DEBUG] Benchmark QF_LIA/convert/convert-jpg2gif-query-1526.smt2: solved=True, runtime=0.50s, PAR-2=0.50s
[DEBUG] Processing 742/896: QF_LIA/arctic-matrix/constraint-1275621.smt2
[DEBUG] Predicted solver: Yices2 for benchmark QF_LIA/arctic-matrix/constraint-1275621.smt2
[DEBUG] Benchmark QF_LIA/arctic-matrix/constraint-1275621.smt2: solved=True, runtime=2.12s, PAR-2=2.12s
[DEBUG] Processing 743/896: QF_LIA/20180326-Bromberger/more_slacked/CAV_2009_benchmarks/smt/45-vars/v45_problem__034.smt2.slack.smt2
[DEBUG] Predicted solver: Z3alpha for benchmark QF_LIA/20180326-Bromberger/more_slacked/CAV_2009_benchmarks/smt/45-vars/v45_problem__034.smt2.slack.smt2
[DEBUG] Benchmark QF_LIA/20180326-Bromberger/more_slacked/CAV_2009_benchmarks/smt/45-vars/v45_problem__034.smt2.slack.smt2: solved=True, runtime=270.91s, PAR-2=270.91s
[DEBUG] Processing 744/896: QF_LIA/rings_preprocessed/ring_2exp10_9vars_7ite_unsat.smt2
[DEBUG] Predicted solver: cvc5 for benchmark QF_LIA/rings_preprocessed/ring_2exp10_9vars_7ite_unsat.smt2
[DEBUG] Benchmark QF_LIA/rings_preprocessed/ring_2exp10_9vars_7ite_unsat.smt2: solved=True, runtime=0.26s, PAR-2=0.26s
[DEBUG] Processing 745/896: QF_LIA/CAV_2009_benchmarks/smt/35-vars/problem__031.smt2
[DEBUG] Predicted solver: cvc5 for benchmark QF_LIA/CAV_2009_benchmarks/smt/35-vars/problem__031.smt2
[DEBUG] Benchmark QF_LIA/CAV_2009_benchmarks/smt/35-vars/problem__031.smt2: solved=True, runtime=0.36s, PAR-2=0.36s
[DEBUG] Processing 746/896: QF_LIA/20180326-Bromberger/more_slacked/CAV_2009_benchmarks/smt/45-vars/v45_problem__024.smt2.slack.smt2
[DEBUG] Predicted solver: Z3alpha for benchmark QF_LIA/20180326-Bromberger/more_slacked/CAV_2009_benchmarks/smt/45-vars/v45_problem__024.smt2.slack.smt2
[DEBUG] Benchmark QF_LIA/20180326-Bromberger/more_slacked/CAV_2009_benchmarks/smt/45-vars/v45_problem__024.smt2.slack.smt2: solved=True, runtime=119.35s, PAR-2=119.35s
[DEBUG] Processing 747/896: QF_LIA/CAV_2009_benchmarks/smt/35-vars/problem_2__025.smt2
[DEBUG] Predicted solver: cvc5 for benchmark QF_LIA/CAV_2009_benchmarks/smt/35-vars/problem_2__025.smt2
[DEBUG] Benchmark QF_LIA/CAV_2009_benchmarks/smt/35-vars/problem_2__025.smt2: solved=True, runtime=0.27s, PAR-2=0.27s
[DEBUG] Processing 748/896: QF_LIA/nec-smt/large/getoption_group/prp-1-48.smt2
[DEBUG] Predicted solver: Yices2 for benchmark QF_LIA/nec-smt/large/getoption_group/prp-1-48.smt2
[DEBUG] Benchmark QF_LIA/nec-smt/large/getoption_group/prp-1-48.smt2: solved=True, runtime=0.50s, PAR-2=0.50s
[DEBUG] Processing 749/896: QF_LIA/20180326-Bromberger/more_slacked/CAV_2009_benchmarks/smt/35-vars/v35_problem_2__034.smt2.slack.smt2
[DEBUG] Predicted solver: Z3alpha for benchmark QF_LIA/20180326-Bromberger/more_slacked/CAV_2009_benchmarks/smt/35-vars/v35_problem_2__034.smt2.slack.smt2
[DEBUG] Benchmark QF_LIA/20180326-Bromberger/more_slacked/CAV_2009_benchmarks/smt/35-vars/v35_problem_2__034.smt2.slack.smt2: solved=True, runtime=2.50s, PAR-2=2.50s
[DEBUG] Processing 750/896: QF_LIA/nec-smt/large/getoption_group/prp-39-46.smt2
[DEBUG] Predicted solver: Yices2 for benchmark QF_LIA/nec-smt/large/getoption_group/prp-39-46.smt2
[DEBUG] Benchmark QF_LIA/nec-smt/large/getoption_group/prp-39-46.smt2: solved=True, runtime=0.38s, PAR-2=0.38s
[DEBUG] Processing 751/896: QF_LIA/nec-smt/large/getoption_group/prp-16-50.smt2
[DEBUG] Predicted solver: Yices2 for benchmark QF_LIA/nec-smt/large/getoption_group/prp-16-50.smt2
[DEBUG] Benchmark QF_LIA/nec-smt/large/getoption_group/prp-16-50.smt2: solved=True, runtime=0.57s, PAR-2=0.57s
[DEBUG] Processing 752/896: QF_LIA/20180326-Bromberger/more_slacked/CAV_2009_benchmarks/smt/30-vars/v30_problem__019.smt2.slack.smt2
[DEBUG] Predicted solver: Z3alpha for benchmark QF_LIA/20180326-Bromberger/more_slacked/CAV_2009_benchmarks/smt/30-vars/v30_problem__019.smt2.slack.smt2
[DEBUG] Benchmark QF_LIA/20180326-Bromberger/more_slacked/CAV_2009_benchmarks/smt/30-vars/v30_problem__019.smt2.slack.smt2: solved=True, runtime=9.95s, PAR-2=9.95s
[DEBUG] Processing 753/896: QF_LIA/20231117-c_inference/60_60_46_15_sat.smt2
[DEBUG] Predicted solver: OpenSMT for benchmark QF_LIA/20231117-c_inference/60_60_46_15_sat.smt2
[DEBUG] Benchmark QF_LIA/20231117-c_inference/60_60_46_15_sat.smt2: solved=False, runtime=1200.00s, PAR-2=2400.00s
[DEBUG] Processing 754/896: QF_LIA/convert/convert-jpg2gif-query-1343.smt2
[DEBUG] Predicted solver: OpenSMT for benchmark QF_LIA/convert/convert-jpg2gif-query-1343.smt2
[DEBUG] Benchmark QF_LIA/convert/convert-jpg2gif-query-1343.smt2: solved=True, runtime=0.32s, PAR-2=0.32s
[DEBUG] Processing 755/896: QF_LIA/dillig/35-22.smt2
[DEBUG] Predicted solver: cvc5 for benchmark QF_LIA/dillig/35-22.smt2
[DEBUG] Benchmark QF_LIA/dillig/35-22.smt2: solved=True, runtime=0.27s, PAR-2=0.27s
[DEBUG] Processing 756/896: QF_LIA/20180326-Bromberger/more_slacked/CAV_2009_benchmarks/smt/35-vars/v35_problem__031.smt2.slack.smt2
[DEBUG] Predicted solver: Z3alpha for benchmark QF_LIA/20180326-Bromberger/more_slacked/CAV_2009_benchmarks/smt/35-vars/v35_problem__031.smt2.slack.smt2
[DEBUG] Benchmark QF_LIA/20180326-Bromberger/more_slacked/CAV_2009_benchmarks/smt/35-vars/v35_problem__031.smt2.slack.smt2: solved=True, runtime=2.68s, PAR-2=2.68s
[DEBUG] Processing 757/896: QF_LIA/nec-smt/large/checkpass_pwd/prp-58-48.smt2
[DEBUG] Predicted solver: Yices2 for benchmark QF_LIA/nec-smt/large/checkpass_pwd/prp-58-48.smt2
[DEBUG] Benchmark QF_LIA/nec-smt/large/checkpass_pwd/prp-58-48.smt2: solved=True, runtime=0.84s, PAR-2=0.84s
[DEBUG] Processing 758/896: QF_LIA/nec-smt/large/checkpass_pwd/prp-45-41.smt2
[DEBUG] Predicted solver: Yices2 for benchmark QF_LIA/nec-smt/large/checkpass_pwd/prp-45-41.smt2
[DEBUG] Benchmark QF_LIA/nec-smt/large/checkpass_pwd/prp-45-41.smt2: solved=True, runtime=0.76s, PAR-2=0.76s
[DEBUG] Processing 759/896: QF_LIA/nec-smt/large/getoption_group/prp-8-47.smt2
[DEBUG] Predicted solver: Yices2 for benchmark QF_LIA/nec-smt/large/getoption_group/prp-8-47.smt2
[DEBUG] Benchmark QF_LIA/nec-smt/large/getoption_group/prp-8-47.smt2: solved=True, runtime=0.43s, PAR-2=0.43s
[DEBUG] Processing 760/896: QF_LIA/nec-smt/large/getoption_group/prp-27-48.smt2
[DEBUG] Predicted solver: Yices2 for benchmark QF_LIA/nec-smt/large/getoption_group/prp-27-48.smt2
[DEBUG] Benchmark QF_LIA/nec-smt/large/getoption_group/prp-27-48.smt2: solved=True, runtime=0.51s, PAR-2=0.51s
[DEBUG] Processing 761/896: QF_LIA/rings_preprocessed/ring_2exp6_8vars_4ite_unsat.smt2
[DEBUG] Predicted solver: cvc5 for benchmark QF_LIA/rings_preprocessed/ring_2exp6_8vars_4ite_unsat.smt2
[DEBUG] Benchmark QF_LIA/rings_preprocessed/ring_2exp6_8vars_4ite_unsat.smt2: solved=True, runtime=0.25s, PAR-2=0.25s
[DEBUG] Processing 762/896: QF_LIA/convert/convert-jpg2gif-query-1370.smt2
[DEBUG] Predicted solver: OpenSMT for benchmark QF_LIA/convert/convert-jpg2gif-query-1370.smt2
[DEBUG] Benchmark QF_LIA/convert/convert-jpg2gif-query-1370.smt2: solved=True, runtime=0.36s, PAR-2=0.36s
[DEBUG] Processing 763/896: QF_LIA/CAV_2009_benchmarks/smt/40-vars/problem_2__027.smt2
[DEBUG] Predicted solver: cvc5 for benchmark QF_LIA/CAV_2009_benchmarks/smt/40-vars/problem_2__027.smt2
[DEBUG] Benchmark QF_LIA/CAV_2009_benchmarks/smt/40-vars/problem_2__027.smt2: solved=True, runtime=0.34s, PAR-2=0.34s
[DEBUG] Processing 764/896: QF_LIA/20220307-SMPT/SharedMemory-PT-000100/RC-05.smt2
[DEBUG] Predicted solver: Yices2 for benchmark QF_LIA/20220307-SMPT/SharedMemory-PT-000100/RC-05.smt2
[DEBUG] Benchmark QF_LIA/20220307-SMPT/SharedMemory-PT-000100/RC-05.smt2: solved=True, runtime=27.98s, PAR-2=27.98s
[DEBUG] Processing 765/896: QF_LIA/20180326-Bromberger/unbd-sage/unbd025v30c/unbd-sage7.smt2
[DEBUG] Predicted solver: Z3alpha for benchmark QF_LIA/20180326-Bromberger/unbd-sage/unbd025v30c/unbd-sage7.smt2
[DEBUG] Benchmark QF_LIA/20180326-Bromberger/unbd-sage/unbd025v30c/unbd-sage7.smt2: solved=True, runtime=0.59s, PAR-2=0.59s
[DEBUG] Processing 766/896: QF_LIA/RWS/Example_17.txt.smt2
[DEBUG] Predicted solver: OpenSMT for benchmark QF_LIA/RWS/Example_17.txt.smt2
[DEBUG] Benchmark QF_LIA/RWS/Example_17.txt.smt2: solved=True, runtime=9.82s, PAR-2=9.82s
[DEBUG] Processing 767/896: QF_LIA/20180326-Bromberger/more_slacked/cut_lemmas/20-vars/cut_lemma_02_010.smt2.slack.smt2
[DEBUG] Predicted solver: Z3alpha for benchmark QF_LIA/20180326-Bromberger/more_slacked/cut_lemmas/20-vars/cut_lemma_02_010.smt2.slack.smt2
[DEBUG] Benchmark QF_LIA/20180326-Bromberger/more_slacked/cut_lemmas/20-vars/cut_lemma_02_010.smt2.slack.smt2: solved=True, runtime=0.45s, PAR-2=0.45s
[DEBUG] Processing 768/896: QF_LIA/tropical-matrix/constraint-1206577.smt2
[DEBUG] Predicted solver: Yices2 for benchmark QF_LIA/tropical-matrix/constraint-1206577.smt2
[DEBUG] Benchmark QF_LIA/tropical-matrix/constraint-1206577.smt2: solved=True, runtime=194.78s, PAR-2=194.78s
[DEBUG] Processing 769/896: QF_LIA/tropical-matrix/constraint-1791895.smt2
[DEBUG] Predicted solver: Yices2 for benchmark QF_LIA/tropical-matrix/constraint-1791895.smt2
[DEBUG] Benchmark QF_LIA/tropical-matrix/constraint-1791895.smt2: solved=True, runtime=128.63s, PAR-2=128.63s
[DEBUG] Processing 770/896: QF_LIA/pb2010/normalized-j9027_5-sat.smt2
[DEBUG] Predicted solver: Yices2 for benchmark QF_LIA/pb2010/normalized-j9027_5-sat.smt2
[DEBUG] Benchmark QF_LIA/pb2010/normalized-j9027_5-sat.smt2: solved=True, runtime=4.40s, PAR-2=4.40s
[DEBUG] Processing 771/896: QF_LIA/nec-smt/large/getoption_group/prp-74-48.smt2
[DEBUG] Predicted solver: Yices2 for benchmark QF_LIA/nec-smt/large/getoption_group/prp-74-48.smt2
[DEBUG] Benchmark QF_LIA/nec-smt/large/getoption_group/prp-74-48.smt2: solved=True, runtime=0.40s, PAR-2=0.40s
[DEBUG] Processing 772/896: QF_LIA/20180326-Bromberger/more_slacked/CAV_2009_benchmarks/coef-size/smt/size-70/c70_problem__004.smt2.slack.smt2
[DEBUG] Predicted solver: Z3alpha for benchmark QF_LIA/20180326-Bromberger/more_slacked/CAV_2009_benchmarks/coef-size/smt/size-70/c70_problem__004.smt2.slack.smt2
[DEBUG] Benchmark QF_LIA/20180326-Bromberger/more_slacked/CAV_2009_benchmarks/coef-size/smt/size-70/c70_problem__004.smt2.slack.smt2: solved=True, runtime=1.41s, PAR-2=1.41s
[DEBUG] Processing 773/896: QF_LIA/nec-smt/large/getoption_group/prp-63-49.smt2
[DEBUG] Predicted solver: Yices2 for benchmark QF_LIA/nec-smt/large/getoption_group/prp-63-49.smt2
[DEBUG] Benchmark QF_LIA/nec-smt/large/getoption_group/prp-63-49.smt2: solved=True, runtime=0.42s, PAR-2=0.42s
[DEBUG] Processing 774/896: QF_LIA/nec-smt/large/checkpass_pwd/prp-40-41.smt2
[DEBUG] Predicted solver: Yices2 for benchmark QF_LIA/nec-smt/large/checkpass_pwd/prp-40-41.smt2
[DEBUG] Benchmark QF_LIA/nec-smt/large/checkpass_pwd/prp-40-41.smt2: solved=True, runtime=2.48s, PAR-2=2.48s
[DEBUG] Processing 775/896: QF_LIA/20180326-Bromberger/more_slacked/cut_lemmas/20-vars/cut_lemma_01_012.smt2.slack.smt2
[DEBUG] Predicted solver: Z3alpha for benchmark QF_LIA/20180326-Bromberger/more_slacked/cut_lemmas/20-vars/cut_lemma_01_012.smt2.slack.smt2
[DEBUG] Benchmark QF_LIA/20180326-Bromberger/more_slacked/cut_lemmas/20-vars/cut_lemma_01_012.smt2.slack.smt2: solved=True, runtime=0.30s, PAR-2=0.30s
[DEBUG] Processing 776/896: QF_LIA/nec-smt/large/checkpass_pwd/prp-31-42.smt2
[DEBUG] Predicted solver: Yices2 for benchmark QF_LIA/nec-smt/large/checkpass_pwd/prp-31-42.smt2
[DEBUG] Benchmark QF_LIA/nec-smt/large/checkpass_pwd/prp-31-42.smt2: solved=True, runtime=3.31s, PAR-2=3.31s
[DEBUG] Processing 777/896: QF_LIA/nec-smt/large/checkpass_pwd/prp-38-47.smt2
[DEBUG] Predicted solver: Yices2 for benchmark QF_LIA/nec-smt/large/checkpass_pwd/prp-38-47.smt2
[DEBUG] Benchmark QF_LIA/nec-smt/large/checkpass_pwd/prp-38-47.smt2: solved=True, runtime=4.95s, PAR-2=4.95s
[DEBUG] Processing 778/896: QF_LIA/convert/convert-jpg2gif-query-1618.smt2
[DEBUG] Predicted solver: Z3alpha for benchmark QF_LIA/convert/convert-jpg2gif-query-1618.smt2
[DEBUG] Benchmark QF_LIA/convert/convert-jpg2gif-query-1618.smt2: solved=True, runtime=0.61s, PAR-2=0.61s
[DEBUG] Processing 779/896: QF_LIA/convert/convert-jpg2gif-query-1448.smt2
[DEBUG] Predicted solver: OpenSMT for benchmark QF_LIA/convert/convert-jpg2gif-query-1448.smt2
[DEBUG] Benchmark QF_LIA/convert/convert-jpg2gif-query-1448.smt2: solved=True, runtime=1.56s, PAR-2=1.56s
[DEBUG] Processing 780/896: QF_LIA/nec-smt/large/getoption_group/prp-64-48.smt2
[DEBUG] Predicted solver: Yices2 for benchmark QF_LIA/nec-smt/large/getoption_group/prp-64-48.smt2
[DEBUG] Benchmark QF_LIA/nec-smt/large/getoption_group/prp-64-48.smt2: solved=True, runtime=0.57s, PAR-2=0.57s
[DEBUG] Processing 781/896: QF_LIA/20231117-c_inference/70_70_68_7_sat.smt2
[DEBUG] Predicted solver: OpenSMT for benchmark QF_LIA/20231117-c_inference/70_70_68_7_sat.smt2
[DEBUG] Benchmark QF_LIA/20231117-c_inference/70_70_68_7_sat.smt2: solved=False, runtime=1200.00s, PAR-2=2400.00s
[DEBUG] Processing 782/896: QF_LIA/nec-smt/large/getoption_user/prp-18-48.smt2
[DEBUG] Predicted solver: Yices2 for benchmark QF_LIA/nec-smt/large/getoption_user/prp-18-48.smt2
[DEBUG] Benchmark QF_LIA/nec-smt/large/getoption_user/prp-18-48.smt2: solved=True, runtime=1.25s, PAR-2=1.25s
[DEBUG] Processing 783/896: QF_LIA/nec-smt/large/getoption_user/prp-40-48.smt2
[DEBUG] Predicted solver: Yices2 for benchmark QF_LIA/nec-smt/large/getoption_user/prp-40-48.smt2
[DEBUG] Benchmark QF_LIA/nec-smt/large/getoption_user/prp-40-48.smt2: solved=True, runtime=1.13s, PAR-2=1.13s
[DEBUG] Processing 784/896: QF_LIA/convert/convert-jpg2gif-query-1522.smt2
[DEBUG] Predicted solver: Z3alpha for benchmark QF_LIA/convert/convert-jpg2gif-query-1522.smt2
[DEBUG] Benchmark QF_LIA/convert/convert-jpg2gif-query-1522.smt2: solved=True, runtime=1.12s, PAR-2=1.12s
[DEBUG] Processing 785/896: QF_LIA/20180326-Bromberger/more_slacked/CAV_2009_benchmarks/smt/35-vars/v35_problem_2__035.smt2.slack.smt2
[DEBUG] Predicted solver: Z3alpha for benchmark QF_LIA/20180326-Bromberger/more_slacked/CAV_2009_benchmarks/smt/35-vars/v35_problem_2__035.smt2.slack.smt2
[DEBUG] Benchmark QF_LIA/20180326-Bromberger/more_slacked/CAV_2009_benchmarks/smt/35-vars/v35_problem_2__035.smt2.slack.smt2: solved=True, runtime=385.57s, PAR-2=385.57s
[DEBUG] Processing 786/896: QF_LIA/20180326-Bromberger/more_slacked/CAV_2009_benchmarks/smt/30-vars/v30_problem__027.smt2.slack.smt2
[DEBUG] Predicted solver: Z3alpha for benchmark QF_LIA/20180326-Bromberger/more_slacked/CAV_2009_benchmarks/smt/30-vars/v30_problem__027.smt2.slack.smt2
[DEBUG] Benchmark QF_LIA/20180326-Bromberger/more_slacked/CAV_2009_benchmarks/smt/30-vars/v30_problem__027.smt2.slack.smt2: solved=True, runtime=0.92s, PAR-2=0.92s
[DEBUG] Processing 787/896: QF_LIA/nec-smt/large/getoption_group/prp-14-47.smt2
[DEBUG] Predicted solver: Yices2 for benchmark QF_LIA/nec-smt/large/getoption_group/prp-14-47.smt2
[DEBUG] Benchmark QF_LIA/nec-smt/large/getoption_group/prp-14-47.smt2: solved=True, runtime=0.44s, PAR-2=0.44s
[DEBUG] Processing 788/896: QF_LIA/tightrhombus/tightrhombus-283-245-7.smt2
[DEBUG] Predicted solver: Z3alpha for benchmark QF_LIA/tightrhombus/tightrhombus-283-245-7.smt2
[DEBUG] Benchmark QF_LIA/tightrhombus/tightrhombus-283-245-7.smt2: solved=True, runtime=0.31s, PAR-2=0.31s
[DEBUG] Processing 789/896: QF_LIA/20180326-Bromberger/more_slacked/CAV_2009_benchmarks/smt/35-vars/v35_problem_2__024.smt2.slack.smt2
[DEBUG] Predicted solver: Z3alpha for benchmark QF_LIA/20180326-Bromberger/more_slacked/CAV_2009_benchmarks/smt/35-vars/v35_problem_2__024.smt2.slack.smt2
[DEBUG] Benchmark QF_LIA/20180326-Bromberger/more_slacked/CAV_2009_benchmarks/smt/35-vars/v35_problem_2__024.smt2.slack.smt2: solved=True, runtime=0.92s, PAR-2=0.92s
[DEBUG] Processing 790/896: QF_LIA/CAV_2009_benchmarks/smt/40-vars/problem_2__032.smt2
[DEBUG] Predicted solver: cvc5 for benchmark QF_LIA/CAV_2009_benchmarks/smt/40-vars/problem_2__032.smt2
[DEBUG] Benchmark QF_LIA/CAV_2009_benchmarks/smt/40-vars/problem_2__032.smt2: solved=True, runtime=0.75s, PAR-2=0.75s
[DEBUG] Processing 791/896: QF_LIA/nec-smt/large/checkpass_pwd/prp-50-44.smt2
[DEBUG] Predicted solver: Yices2 for benchmark QF_LIA/nec-smt/large/checkpass_pwd/prp-50-44.smt2
[DEBUG] Benchmark QF_LIA/nec-smt/large/checkpass_pwd/prp-50-44.smt2: solved=True, runtime=1.76s, PAR-2=1.76s
[DEBUG] Processing 792/896: QF_LIA/arctic-matrix/constraint-415996.smt2
[DEBUG] Predicted solver: OpenSMT for benchmark QF_LIA/arctic-matrix/constraint-415996.smt2
[DEBUG] Benchmark QF_LIA/arctic-matrix/constraint-415996.smt2: solved=True, runtime=3.47s, PAR-2=3.47s
[DEBUG] Processing 793/896: QF_LIA/nec-smt/large/getoption/prp-0-198.smt2
[DEBUG] Predicted solver: Yices2 for benchmark QF_LIA/nec-smt/large/getoption/prp-0-198.smt2
[DEBUG] Benchmark QF_LIA/nec-smt/large/getoption/prp-0-198.smt2: solved=True, runtime=0.92s, PAR-2=0.92s
[DEBUG] Processing 794/896: QF_LIA/20180326-Bromberger/more_slacked/CAV_2009_benchmarks/coef-size/smt/size-30/c30_problem__004.smt2.slack.smt2
[DEBUG] Predicted solver: Z3alpha for benchmark QF_LIA/20180326-Bromberger/more_slacked/CAV_2009_benchmarks/coef-size/smt/size-30/c30_problem__004.smt2.slack.smt2
[DEBUG] Benchmark QF_LIA/20180326-Bromberger/more_slacked/CAV_2009_benchmarks/coef-size/smt/size-30/c30_problem__004.smt2.slack.smt2: solved=True, runtime=4.86s, PAR-2=4.86s
[DEBUG] Processing 795/896: QF_LIA/slacks/25-31.slack.smt2
[DEBUG] Predicted solver: Z3alpha for benchmark QF_LIA/slacks/25-31.slack.smt2
[DEBUG] Benchmark QF_LIA/slacks/25-31.slack.smt2: solved=True, runtime=54.26s, PAR-2=54.26s
[DEBUG] Processing 796/896: QF_LIA/20220307-SMPT/SharedMemory-PT-000100/RF-02.smt2
[DEBUG] Predicted solver: Yices2 for benchmark QF_LIA/20220307-SMPT/SharedMemory-PT-000100/RF-02.smt2
[DEBUG] Benchmark QF_LIA/20220307-SMPT/SharedMemory-PT-000100/RF-02.smt2: solved=True, runtime=17.83s, PAR-2=17.83s
[DEBUG] Processing 797/896: QF_LIA/arctic-matrix/constraint-1145584.smt2
[DEBUG] Predicted solver: Yices2 for benchmark QF_LIA/arctic-matrix/constraint-1145584.smt2
[DEBUG] Benchmark QF_LIA/arctic-matrix/constraint-1145584.smt2: solved=True, runtime=23.32s, PAR-2=23.32s
[DEBUG] Processing 798/896: QF_LIA/nec-smt/large/checkpass_pwd/prp-32-40.smt2
[DEBUG] Predicted solver: Yices2 for benchmark QF_LIA/nec-smt/large/checkpass_pwd/prp-32-40.smt2
[DEBUG] Benchmark QF_LIA/nec-smt/large/checkpass_pwd/prp-32-40.smt2: solved=True, runtime=2.32s, PAR-2=2.32s
[DEBUG] Processing 799/896: QF_LIA/20180326-Bromberger/more_slacked/CAV_2009_benchmarks/smt/45-vars/v45_problem_2__006.smt2.slack.smt2
[DEBUG] Predicted solver: Z3alpha for benchmark QF_LIA/20180326-Bromberger/more_slacked/CAV_2009_benchmarks/smt/45-vars/v45_problem_2__006.smt2.slack.smt2
[DEBUG] Benchmark QF_LIA/20180326-Bromberger/more_slacked/CAV_2009_benchmarks/smt/45-vars/v45_problem_2__006.smt2.slack.smt2: solved=True, runtime=0.27s, PAR-2=0.27s
[DEBUG] Processing 800/896: QF_LIA/slacks/40-12.slack.smt2
[DEBUG] Predicted solver: Z3alpha for benchmark QF_LIA/slacks/40-12.slack.smt2
[DEBUG] Benchmark QF_LIA/slacks/40-12.slack.smt2: solved=True, runtime=0.34s, PAR-2=0.34s
[DEBUG] Processing 801/896: QF_LIA/20220307-SMPT/SharedMemory-PT-000100/RF-12.smt2
[DEBUG] Predicted solver: Yices2 for benchmark QF_LIA/20220307-SMPT/SharedMemory-PT-000100/RF-12.smt2
[DEBUG] Benchmark QF_LIA/20220307-SMPT/SharedMemory-PT-000100/RF-12.smt2: solved=True, runtime=32.69s, PAR-2=32.69s
[DEBUG] Processing 802/896: QF_LIA/convert/convert-jpg2gif-query-1607.smt2
[DEBUG] Predicted solver: Z3alpha for benchmark QF_LIA/convert/convert-jpg2gif-query-1607.smt2
[DEBUG] Benchmark QF_LIA/convert/convert-jpg2gif-query-1607.smt2: solved=True, runtime=4.37s, PAR-2=4.37s
[DEBUG] Processing 803/896: QF_LIA/20180326-Bromberger/more_slacked/cut_lemmas/15-vars/cut_lemma_01_002.smt2.slack.smt2
[DEBUG] Predicted solver: Z3alpha for benchmark QF_LIA/20180326-Bromberger/more_slacked/cut_lemmas/15-vars/cut_lemma_01_002.smt2.slack.smt2
[DEBUG] Benchmark QF_LIA/20180326-Bromberger/more_slacked/cut_lemmas/15-vars/cut_lemma_01_002.smt2.slack.smt2: solved=True, runtime=0.37s, PAR-2=0.37s
[DEBUG] Processing 804/896: QF_LIA/20180326-Bromberger/more_slacked/CAV_2009_benchmarks/smt/40-vars/v40_problem_2__015.smt2.slack.smt2
[DEBUG] Predicted solver: Z3alpha for benchmark QF_LIA/20180326-Bromberger/more_slacked/CAV_2009_benchmarks/smt/40-vars/v40_problem_2__015.smt2.slack.smt2
[DEBUG] Benchmark QF_LIA/20180326-Bromberger/more_slacked/CAV_2009_benchmarks/smt/40-vars/v40_problem_2__015.smt2.slack.smt2: solved=True, runtime=0.30s, PAR-2=0.30s
[DEBUG] Processing 805/896: QF_LIA/nec-smt/large/getoption_directories/prp-0-110.smt2
[DEBUG] Predicted solver: Yices2 for benchmark QF_LIA/nec-smt/large/getoption_directories/prp-0-110.smt2
[DEBUG] Benchmark QF_LIA/nec-smt/large/getoption_directories/prp-0-110.smt2: solved=True, runtime=20.35s, PAR-2=20.35s
[DEBUG] Processing 806/896: QF_LIA/20220307-SMPT/SharedMemory-PT-000050/RF-03.smt2
[DEBUG] Predicted solver: OpenSMT for benchmark QF_LIA/20220307-SMPT/SharedMemory-PT-000050/RF-03.smt2
[DEBUG] Benchmark QF_LIA/20220307-SMPT/SharedMemory-PT-000050/RF-03.smt2: solved=True, runtime=0.43s, PAR-2=0.43s
[DEBUG] Processing 807/896: QF_LIA/nec-smt/large/getoption_user/prp-12-46.smt2
[DEBUG] Predicted solver: Yices2 for benchmark QF_LIA/nec-smt/large/getoption_user/prp-12-46.smt2
[DEBUG] Benchmark QF_LIA/nec-smt/large/getoption_user/prp-12-46.smt2: solved=True, runtime=0.86s, PAR-2=0.86s
[DEBUG] Processing 808/896: QF_LIA/20220307-SMPT/RwMutex-PT-r0010w2000/RF-14.smt2
[DEBUG] Predicted solver: Yices2 for benchmark QF_LIA/20220307-SMPT/RwMutex-PT-r0010w2000/RF-14.smt2
[DEBUG] Benchmark QF_LIA/20220307-SMPT/RwMutex-PT-r0010w2000/RF-14.smt2: solved=True, runtime=2.75s, PAR-2=2.75s
[DEBUG] Processing 809/896: QF_LIA/convert/convert-jpg2gif-query-1617.smt2
[DEBUG] Predicted solver: Z3alpha for benchmark QF_LIA/convert/convert-jpg2gif-query-1617.smt2
[DEBUG] Benchmark QF_LIA/convert/convert-jpg2gif-query-1617.smt2: solved=True, runtime=1.59s, PAR-2=1.59s
[DEBUG] Processing 810/896: QF_LIA/20180326-Bromberger/more_slacked/cut_lemmas/20-vars/cut_lemma_02_003.smt2.slack.smt2
[DEBUG] Predicted solver: Z3alpha for benchmark QF_LIA/20180326-Bromberger/more_slacked/cut_lemmas/20-vars/cut_lemma_02_003.smt2.slack.smt2
[DEBUG] Benchmark QF_LIA/20180326-Bromberger/more_slacked/cut_lemmas/20-vars/cut_lemma_02_003.smt2.slack.smt2: solved=True, runtime=0.30s, PAR-2=0.30s
[DEBUG] Processing 811/896: QF_LIA/nec-smt/large/getoption_user/prp-36-50.smt2
[DEBUG] Predicted solver: Yices2 for benchmark QF_LIA/nec-smt/large/getoption_user/prp-36-50.smt2
[DEBUG] Benchmark QF_LIA/nec-smt/large/getoption_user/prp-36-50.smt2: solved=True, runtime=2.84s, PAR-2=2.84s
[DEBUG] Processing 812/896: QF_LIA/nec-smt/large/getoption_user/prp-15-47.smt2
[DEBUG] Predicted solver: Yices2 for benchmark QF_LIA/nec-smt/large/getoption_user/prp-15-47.smt2
[DEBUG] Benchmark QF_LIA/nec-smt/large/getoption_user/prp-15-47.smt2: solved=True, runtime=1.03s, PAR-2=1.03s
[DEBUG] Processing 813/896: QF_LIA/nec-smt/large/getoption_user/prp-17-46.smt2
[DEBUG] Predicted solver: Yices2 for benchmark QF_LIA/nec-smt/large/getoption_user/prp-17-46.smt2
[DEBUG] Benchmark QF_LIA/nec-smt/large/getoption_user/prp-17-46.smt2: solved=True, runtime=1.31s, PAR-2=1.31s
[DEBUG] Processing 814/896: QF_LIA/nec-smt/large/getoption_group/prp-31-48.smt2
[DEBUG] Predicted solver: Yices2 for benchmark QF_LIA/nec-smt/large/getoption_group/prp-31-48.smt2
[DEBUG] Benchmark QF_LIA/nec-smt/large/getoption_group/prp-31-48.smt2: solved=True, runtime=0.55s, PAR-2=0.55s
[DEBUG] Processing 815/896: QF_LIA/nec-smt/large/getoption_group/prp-66-49.smt2
[DEBUG] Predicted solver: Yices2 for benchmark QF_LIA/nec-smt/large/getoption_group/prp-66-49.smt2
[DEBUG] Benchmark QF_LIA/nec-smt/large/getoption_group/prp-66-49.smt2: solved=True, runtime=0.23s, PAR-2=0.23s
[DEBUG] Processing 816/896: QF_LIA/rings_preprocessed/ring_2exp6_7vars_6ite_unsat.smt2
[DEBUG] Predicted solver: cvc5 for benchmark QF_LIA/rings_preprocessed/ring_2exp6_7vars_6ite_unsat.smt2
[DEBUG] Benchmark QF_LIA/rings_preprocessed/ring_2exp6_7vars_6ite_unsat.smt2: solved=True, runtime=0.27s, PAR-2=0.27s
[DEBUG] Processing 817/896: QF_LIA/convert/convert-jpg2gif-query-1348.smt2
[DEBUG] Predicted solver: OpenSMT for benchmark QF_LIA/convert/convert-jpg2gif-query-1348.smt2
[DEBUG] Benchmark QF_LIA/convert/convert-jpg2gif-query-1348.smt2: solved=True, runtime=0.40s, PAR-2=0.40s
[DEBUG] Processing 818/896: QF_LIA/arctic-matrix/constraint-2580015.smt2
[DEBUG] Predicted solver: Yices2 for benchmark QF_LIA/arctic-matrix/constraint-2580015.smt2
[DEBUG] Benchmark QF_LIA/arctic-matrix/constraint-2580015.smt2: solved=True, runtime=12.04s, PAR-2=12.04s
[DEBUG] Processing 819/896: QF_LIA/nec-smt/large/getoption_group/prp-41-49.smt2
[DEBUG] Predicted solver: Yices2 for benchmark QF_LIA/nec-smt/large/getoption_group/prp-41-49.smt2
[DEBUG] Benchmark QF_LIA/nec-smt/large/getoption_group/prp-41-49.smt2: solved=True, runtime=0.56s, PAR-2=0.56s
[DEBUG] Processing 820/896: QF_LIA/20220307-SMPT/SharedMemory-PT-000100/RF-08.smt2
[DEBUG] Predicted solver: Yices2 for benchmark QF_LIA/20220307-SMPT/SharedMemory-PT-000100/RF-08.smt2
[DEBUG] Benchmark QF_LIA/20220307-SMPT/SharedMemory-PT-000100/RF-08.smt2: solved=True, runtime=27.20s, PAR-2=27.20s
[DEBUG] Processing 821/896: QF_LIA/pb2010/normalized-j6022_1-sat.smt2
[DEBUG] Predicted solver: Yices2 for benchmark QF_LIA/pb2010/normalized-j6022_1-sat.smt2
[DEBUG] Benchmark QF_LIA/pb2010/normalized-j6022_1-sat.smt2: solved=True, runtime=76.98s, PAR-2=76.98s
[DEBUG] Processing 822/896: QF_LIA/nec-smt/large/getoption_group/prp-58-47.smt2
[DEBUG] Predicted solver: Yices2 for benchmark QF_LIA/nec-smt/large/getoption_group/prp-58-47.smt2
[DEBUG] Benchmark QF_LIA/nec-smt/large/getoption_group/prp-58-47.smt2: solved=True, runtime=0.45s, PAR-2=0.45s
[DEBUG] Processing 823/896: QF_LIA/dillig/30-28.smt2
[DEBUG] Predicted solver: cvc5 for benchmark QF_LIA/dillig/30-28.smt2
[DEBUG] Benchmark QF_LIA/dillig/30-28.smt2: solved=True, runtime=0.35s, PAR-2=0.35s
[DEBUG] Processing 824/896: QF_LIA/nec-smt/large/getoption_group/prp-54-47.smt2
[DEBUG] Predicted solver: Yices2 for benchmark QF_LIA/nec-smt/large/getoption_group/prp-54-47.smt2
[DEBUG] Benchmark QF_LIA/nec-smt/large/getoption_group/prp-54-47.smt2: solved=True, runtime=0.44s, PAR-2=0.44s
[DEBUG] Processing 825/896: QF_LIA/2019-ezsmt/travellingSalesperson/SCC/tsp_rand_70_300_1155482584_8.lp.smt2
[DEBUG] Predicted solver: Yices2 for benchmark QF_LIA/2019-ezsmt/travellingSalesperson/SCC/tsp_rand_70_300_1155482584_8.lp.smt2
[DEBUG] Benchmark QF_LIA/2019-ezsmt/travellingSalesperson/SCC/tsp_rand_70_300_1155482584_8.lp.smt2: solved=True, runtime=0.25s, PAR-2=0.25s
[DEBUG] Processing 826/896: QF_LIA/nec-smt/large/getoption_group/prp-32-49.smt2
[DEBUG] Predicted solver: Yices2 for benchmark QF_LIA/nec-smt/large/getoption_group/prp-32-49.smt2
[DEBUG] Benchmark QF_LIA/nec-smt/large/getoption_group/prp-32-49.smt2: solved=True, runtime=0.55s, PAR-2=0.55s
[DEBUG] Processing 827/896: QF_LIA/nec-smt/large/getoption_user/prp-47-50.smt2
[DEBUG] Predicted solver: Yices2 for benchmark QF_LIA/nec-smt/large/getoption_user/prp-47-50.smt2
[DEBUG] Benchmark QF_LIA/nec-smt/large/getoption_user/prp-47-50.smt2: solved=True, runtime=3.12s, PAR-2=3.12s
[DEBUG] Processing 828/896: QF_LIA/nec-smt/large/getoption_user/prp-46-50.smt2
[DEBUG] Predicted solver: Yices2 for benchmark QF_LIA/nec-smt/large/getoption_user/prp-46-50.smt2
[DEBUG] Benchmark QF_LIA/nec-smt/large/getoption_user/prp-46-50.smt2: solved=True, runtime=1.30s, PAR-2=1.30s
[DEBUG] Processing 829/896: QF_LIA/convert/convert-jpg2gif-query-1601.smt2
[DEBUG] Predicted solver: Z3alpha for benchmark QF_LIA/convert/convert-jpg2gif-query-1601.smt2
[DEBUG] Benchmark QF_LIA/convert/convert-jpg2gif-query-1601.smt2: solved=True, runtime=389.44s, PAR-2=389.44s
[DEBUG] Processing 830/896: QF_LIA/20180326-Bromberger/more_slacked/CAV_2009_benchmarks/coef-size/smt/size-70/c70_problem__005.smt2.slack.smt2
[DEBUG] Predicted solver: Z3alpha for benchmark QF_LIA/20180326-Bromberger/more_slacked/CAV_2009_benchmarks/coef-size/smt/size-70/c70_problem__005.smt2.slack.smt2
[DEBUG] Benchmark QF_LIA/20180326-Bromberger/more_slacked/CAV_2009_benchmarks/coef-size/smt/size-70/c70_problem__005.smt2.slack.smt2: solved=True, runtime=0.35s, PAR-2=0.35s
[DEBUG] Processing 831/896: QF_LIA/nec-smt/large/getoption_group/prp-19-47.smt2
[DEBUG] Predicted solver: Yices2 for benchmark QF_LIA/nec-smt/large/getoption_group/prp-19-47.smt2
[DEBUG] Benchmark QF_LIA/nec-smt/large/getoption_group/prp-19-47.smt2: solved=True, runtime=0.40s, PAR-2=0.40s
[DEBUG] Processing 832/896: QF_LIA/nec-smt/large/getoption_group/prp-18-47.smt2
[DEBUG] Predicted solver: Yices2 for benchmark QF_LIA/nec-smt/large/getoption_group/prp-18-47.smt2
[DEBUG] Benchmark QF_LIA/nec-smt/large/getoption_group/prp-18-47.smt2: solved=True, runtime=0.40s, PAR-2=0.40s
[DEBUG] Processing 833/896: QF_LIA/dillig/40-35.smt2
[DEBUG] Predicted solver: cvc5 for benchmark QF_LIA/dillig/40-35.smt2
[DEBUG] Benchmark QF_LIA/dillig/40-35.smt2: solved=True, runtime=0.40s, PAR-2=0.40s
[DEBUG] Processing 834/896: QF_LIA/tropical-matrix/constraint-1915015.smt2
[DEBUG] Predicted solver: Yices2 for benchmark QF_LIA/tropical-matrix/constraint-1915015.smt2
[DEBUG] Benchmark QF_LIA/tropical-matrix/constraint-1915015.smt2: solved=True, runtime=47.23s, PAR-2=47.23s
[DEBUG] Processing 835/896: QF_LIA/nec-smt/large/getoption_group/prp-49-48.smt2
[DEBUG] Predicted solver: Yices2 for benchmark QF_LIA/nec-smt/large/getoption_group/prp-49-48.smt2
[DEBUG] Benchmark QF_LIA/nec-smt/large/getoption_group/prp-49-48.smt2: solved=True, runtime=0.52s, PAR-2=0.52s
[DEBUG] Processing 836/896: QF_LIA/nec-smt/large/getoption_user/prp-39-50.smt2
[DEBUG] Predicted solver: Yices2 for benchmark QF_LIA/nec-smt/large/getoption_user/prp-39-50.smt2
[DEBUG] Benchmark QF_LIA/nec-smt/large/getoption_user/prp-39-50.smt2: solved=True, runtime=1.63s, PAR-2=1.63s
[DEBUG] Processing 837/896: QF_LIA/20220307-SMPT/SharedMemory-PT-000100/RF-09.smt2
[DEBUG] Predicted solver: Yices2 for benchmark QF_LIA/20220307-SMPT/SharedMemory-PT-000100/RF-09.smt2
[DEBUG] Benchmark QF_LIA/20220307-SMPT/SharedMemory-PT-000100/RF-09.smt2: solved=True, runtime=36.93s, PAR-2=36.93s
[DEBUG] Processing 838/896: QF_LIA/RWS/Example_11.txt.smt2
[DEBUG] Predicted solver: OpenSMT for benchmark QF_LIA/RWS/Example_11.txt.smt2
[DEBUG] Benchmark QF_LIA/RWS/Example_11.txt.smt2: solved=False, runtime=1200.00s, PAR-2=2400.00s
[DEBUG] Processing 839/896: QF_LIA/nec-smt/large/getoption_group/prp-45-49.smt2
[DEBUG] Predicted solver: Yices2 for benchmark QF_LIA/nec-smt/large/getoption_group/prp-45-49.smt2
[DEBUG] Benchmark QF_LIA/nec-smt/large/getoption_group/prp-45-49.smt2: solved=True, runtime=0.64s, PAR-2=0.64s
[DEBUG] Processing 840/896: QF_LIA/20231117-c_inference/80_80_52_9_unsat.smt2
[DEBUG] Predicted solver: OpenSMT for benchmark QF_LIA/20231117-c_inference/80_80_52_9_unsat.smt2
[DEBUG] Benchmark QF_LIA/20231117-c_inference/80_80_52_9_unsat.smt2: solved=False, runtime=1200.00s, PAR-2=2400.00s
[DEBUG] Processing 841/896: QF_LIA/nec-smt/large/getoption_group/prp-38-47.smt2
[DEBUG] Predicted solver: Yices2 for benchmark QF_LIA/nec-smt/large/getoption_group/prp-38-47.smt2
[DEBUG] Benchmark QF_LIA/nec-smt/large/getoption_group/prp-38-47.smt2: solved=True, runtime=0.54s, PAR-2=0.54s
[DEBUG] Processing 842/896: QF_LIA/20180326-Bromberger/more_slacked/CAV_2009_benchmarks/smt/45-vars/v45_problem__026.smt2.slack.smt2
[DEBUG] Predicted solver: Z3alpha for benchmark QF_LIA/20180326-Bromberger/more_slacked/CAV_2009_benchmarks/smt/45-vars/v45_problem__026.smt2.slack.smt2
[DEBUG] Benchmark QF_LIA/20180326-Bromberger/more_slacked/CAV_2009_benchmarks/smt/45-vars/v45_problem__026.smt2.slack.smt2: solved=True, runtime=194.12s, PAR-2=194.12s
[DEBUG] Processing 843/896: QF_LIA/nec-smt/large/getoption_user/prp-9-47.smt2
[DEBUG] Predicted solver: Yices2 for benchmark QF_LIA/nec-smt/large/getoption_user/prp-9-47.smt2
[DEBUG] Benchmark QF_LIA/nec-smt/large/getoption_user/prp-9-47.smt2: solved=True, runtime=1.95s, PAR-2=1.95s
[DEBUG] Processing 844/896: QF_LIA/convert/convert-jpg2gif-query-1556.smt2
[DEBUG] Predicted solver: Z3alpha for benchmark QF_LIA/convert/convert-jpg2gif-query-1556.smt2
[DEBUG] Benchmark QF_LIA/convert/convert-jpg2gif-query-1556.smt2: solved=True, runtime=0.66s, PAR-2=0.66s
[DEBUG] Processing 845/896: QF_LIA/20180326-Bromberger/more_slacked/CAV_2009_benchmarks/smt/20-vars/v20_problem__028.smt2.slack.smt2
[DEBUG] Predicted solver: Z3alpha for benchmark QF_LIA/20180326-Bromberger/more_slacked/CAV_2009_benchmarks/smt/20-vars/v20_problem__028.smt2.slack.smt2
[DEBUG] Benchmark QF_LIA/20180326-Bromberger/more_slacked/CAV_2009_benchmarks/smt/20-vars/v20_problem__028.smt2.slack.smt2: solved=True, runtime=10.79s, PAR-2=10.79s
[DEBUG] Processing 846/896: QF_LIA/convert/convert-jpg2gif-query-1428.smt2
[DEBUG] Predicted solver: OpenSMT for benchmark QF_LIA/convert/convert-jpg2gif-query-1428.smt2
[DEBUG] Benchmark QF_LIA/convert/convert-jpg2gif-query-1428.smt2: solved=True, runtime=0.51s, PAR-2=0.51s
[DEBUG] Processing 847/896: QF_LIA/convert/convert-jpg2gif-query-1452.smt2
[DEBUG] Predicted solver: OpenSMT for benchmark QF_LIA/convert/convert-jpg2gif-query-1452.smt2
[DEBUG] Benchmark QF_LIA/convert/convert-jpg2gif-query-1452.smt2: solved=True, runtime=0.48s, PAR-2=0.48s
[DEBUG] Processing 848/896: QF_LIA/nec-smt/large/getoption_user/prp-45-47.smt2
[DEBUG] Predicted solver: Yices2 for benchmark QF_LIA/nec-smt/large/getoption_user/prp-45-47.smt2
[DEBUG] Benchmark QF_LIA/nec-smt/large/getoption_user/prp-45-47.smt2: solved=True, runtime=2.51s, PAR-2=2.51s
[DEBUG] Processing 849/896: QF_LIA/20180326-Bromberger/more_slacked/CAV_2009_benchmarks/smt/30-vars/v30_problem_2__016.smt2.slack.smt2
[DEBUG] Predicted solver: Z3alpha for benchmark QF_LIA/20180326-Bromberger/more_slacked/CAV_2009_benchmarks/smt/30-vars/v30_problem_2__016.smt2.slack.smt2
[DEBUG] Benchmark QF_LIA/20180326-Bromberger/more_slacked/CAV_2009_benchmarks/smt/30-vars/v30_problem_2__016.smt2.slack.smt2: solved=True, runtime=0.46s, PAR-2=0.46s
[DEBUG] Processing 850/896: QF_LIA/20180326-Bromberger/unbd-sage/unbd025v30c/unbd-sage3.smt2
[DEBUG] Predicted solver: Z3alpha for benchmark QF_LIA/20180326-Bromberger/unbd-sage/unbd025v30c/unbd-sage3.smt2
[DEBUG] Benchmark QF_LIA/20180326-Bromberger/unbd-sage/unbd025v30c/unbd-sage3.smt2: solved=True, runtime=322.21s, PAR-2=322.21s
[DEBUG] Processing 851/896: QF_LIA/20180326-Bromberger/more_slacked/CAV_2009_benchmarks/smt/30-vars/v30_problem__018.smt2.slack.smt2
[DEBUG] Predicted solver: Z3alpha for benchmark QF_LIA/20180326-Bromberger/more_slacked/CAV_2009_benchmarks/smt/30-vars/v30_problem__018.smt2.slack.smt2
[DEBUG] Benchmark QF_LIA/20180326-Bromberger/more_slacked/CAV_2009_benchmarks/smt/30-vars/v30_problem__018.smt2.slack.smt2: solved=True, runtime=63.96s, PAR-2=63.96s
[DEBUG] Processing 852/896: QF_LIA/nec-smt/large/checkpass_pwd/prp-33-40.smt2
[DEBUG] Predicted solver: Yices2 for benchmark QF_LIA/nec-smt/large/checkpass_pwd/prp-33-40.smt2
[DEBUG] Benchmark QF_LIA/nec-smt/large/checkpass_pwd/prp-33-40.smt2: solved=True, runtime=2.13s, PAR-2=2.13s
[DEBUG] Processing 853/896: QF_LIA/CAV_2009_benchmarks/coef-size/smt/size-40/problem__006.smt2
[DEBUG] Predicted solver: cvc5 for benchmark QF_LIA/CAV_2009_benchmarks/coef-size/smt/size-40/problem__006.smt2
[DEBUG] Benchmark QF_LIA/CAV_2009_benchmarks/coef-size/smt/size-40/problem__006.smt2: solved=True, runtime=0.23s, PAR-2=0.23s
[DEBUG] Processing 854/896: QF_LIA/slacks/30-25.slack.smt2
[DEBUG] Predicted solver: Z3alpha for benchmark QF_LIA/slacks/30-25.slack.smt2
[DEBUG] Benchmark QF_LIA/slacks/30-25.slack.smt2: solved=True, runtime=0.48s, PAR-2=0.48s
[DEBUG] Processing 855/896: QF_LIA/20220307-SMPT/RwMutex-PT-r0010w2000/RF-13.smt2
[DEBUG] Predicted solver: Yices2 for benchmark QF_LIA/20220307-SMPT/RwMutex-PT-r0010w2000/RF-13.smt2
[DEBUG] Benchmark QF_LIA/20220307-SMPT/RwMutex-PT-r0010w2000/RF-13.smt2: solved=True, runtime=3.17s, PAR-2=3.17s
[DEBUG] Processing 856/896: QF_LIA/20180326-Bromberger/more_slacked/CAV_2009_benchmarks/smt/40-vars/v40_problem__025.smt2.slack.smt2
[DEBUG] Predicted solver: Z3alpha for benchmark QF_LIA/20180326-Bromberger/more_slacked/CAV_2009_benchmarks/smt/40-vars/v40_problem__025.smt2.slack.smt2
[DEBUG] Benchmark QF_LIA/20180326-Bromberger/more_slacked/CAV_2009_benchmarks/smt/40-vars/v40_problem__025.smt2.slack.smt2: solved=True, runtime=84.34s, PAR-2=84.34s
[DEBUG] Processing 857/896: QF_LIA/nec-smt/large/checkpass_pwd/prp-41-45.smt2
[DEBUG] Predicted solver: Yices2 for benchmark QF_LIA/nec-smt/large/checkpass_pwd/prp-41-45.smt2
[DEBUG] Benchmark QF_LIA/nec-smt/large/checkpass_pwd/prp-41-45.smt2: solved=True, runtime=3.57s, PAR-2=3.57s
[DEBUG] Processing 858/896: QF_LIA/nec-smt/large/getoption_group/prp-44-48.smt2
[DEBUG] Predicted solver: Yices2 for benchmark QF_LIA/nec-smt/large/getoption_group/prp-44-48.smt2
[DEBUG] Benchmark QF_LIA/nec-smt/large/getoption_group/prp-44-48.smt2: solved=True, runtime=0.51s, PAR-2=0.51s
[DEBUG] Processing 859/896: QF_LIA/tropical-matrix/constraint-794687.smt2
[DEBUG] Predicted solver: OpenSMT for benchmark QF_LIA/tropical-matrix/constraint-794687.smt2
[DEBUG] Benchmark QF_LIA/tropical-matrix/constraint-794687.smt2: solved=True, runtime=22.35s, PAR-2=22.35s
[DEBUG] Processing 860/896: QF_LIA/20180326-Bromberger/more_slacked/CAV_2009_benchmarks/smt/30-vars/v30_problem_2__006.smt2.slack.smt2
[DEBUG] Predicted solver: Z3alpha for benchmark QF_LIA/20180326-Bromberger/more_slacked/CAV_2009_benchmarks/smt/30-vars/v30_problem_2__006.smt2.slack.smt2
[DEBUG] Benchmark QF_LIA/20180326-Bromberger/more_slacked/CAV_2009_benchmarks/smt/30-vars/v30_problem_2__006.smt2.slack.smt2: solved=True, runtime=0.29s, PAR-2=0.29s
[DEBUG] Processing 861/896: QF_LIA/nec-smt/large/getoption_group/prp-53-48.smt2
[DEBUG] Predicted solver: Yices2 for benchmark QF_LIA/nec-smt/large/getoption_group/prp-53-48.smt2
[DEBUG] Benchmark QF_LIA/nec-smt/large/getoption_group/prp-53-48.smt2: solved=True, runtime=0.49s, PAR-2=0.49s
[DEBUG] Processing 862/896: QF_LIA/slacks/40-22.slack.smt2
[DEBUG] Predicted solver: Z3alpha for benchmark QF_LIA/slacks/40-22.slack.smt2
[DEBUG] Benchmark QF_LIA/slacks/40-22.slack.smt2: solved=True, runtime=0.62s, PAR-2=0.62s
[DEBUG] Processing 863/896: QF_LIA/pb2010/normalized-j3041_4-unsat.smt2
[DEBUG] Predicted solver: Yices2 for benchmark QF_LIA/pb2010/normalized-j3041_4-unsat.smt2
[DEBUG] Benchmark QF_LIA/pb2010/normalized-j3041_4-unsat.smt2: solved=False, runtime=1200.00s, PAR-2=2400.00s
[DEBUG] Processing 864/896: QF_LIA/20180326-Bromberger/more_slacked/CAV_2009_benchmarks/smt/40-vars/v40_problem__013.smt2.slack.smt2
[DEBUG] Predicted solver: Z3alpha for benchmark QF_LIA/20180326-Bromberger/more_slacked/CAV_2009_benchmarks/smt/40-vars/v40_problem__013.smt2.slack.smt2
[DEBUG] Benchmark QF_LIA/20180326-Bromberger/more_slacked/CAV_2009_benchmarks/smt/40-vars/v40_problem__013.smt2.slack.smt2: solved=True, runtime=0.32s, PAR-2=0.32s
[DEBUG] Processing 865/896: QF_LIA/nec-smt/large/checkpass_pwd/prp-30-39.smt2
[DEBUG] Predicted solver: Yices2 for benchmark QF_LIA/nec-smt/large/checkpass_pwd/prp-30-39.smt2
[DEBUG] Benchmark QF_LIA/nec-smt/large/checkpass_pwd/prp-30-39.smt2: solved=True, runtime=1.70s, PAR-2=1.70s
[DEBUG] Processing 866/896: QF_LIA/nec-smt/large/getoption_user/prp-46-47.smt2
[DEBUG] Predicted solver: Yices2 for benchmark QF_LIA/nec-smt/large/getoption_user/prp-46-47.smt2
[DEBUG] Benchmark QF_LIA/nec-smt/large/getoption_user/prp-46-47.smt2: solved=True, runtime=0.67s, PAR-2=0.67s
[DEBUG] Processing 867/896: QF_LIA/pb2010/normalized-j6041_4-sat.smt2
[DEBUG] Predicted solver: Yices2 for benchmark QF_LIA/pb2010/normalized-j6041_4-sat.smt2
[DEBUG] Benchmark QF_LIA/pb2010/normalized-j6041_4-sat.smt2: solved=False, runtime=1200.00s, PAR-2=2400.00s
[DEBUG] Processing 868/896: QF_LIA/tropical-matrix/constraint-1635444.smt2
[DEBUG] Predicted solver: Yices2 for benchmark QF_LIA/tropical-matrix/constraint-1635444.smt2
[DEBUG] Benchmark QF_LIA/tropical-matrix/constraint-1635444.smt2: solved=True, runtime=7.21s, PAR-2=7.21s
[DEBUG] Processing 869/896: QF_LIA/20180326-Bromberger/more_slacked/CAV_2009_benchmarks/coef-size/smt/size-20/c20_problem__002.smt2.slack.smt2
[DEBUG] Predicted solver: Z3alpha for benchmark QF_LIA/20180326-Bromberger/more_slacked/CAV_2009_benchmarks/coef-size/smt/size-20/c20_problem__002.smt2.slack.smt2
[DEBUG] Benchmark QF_LIA/20180326-Bromberger/more_slacked/CAV_2009_benchmarks/coef-size/smt/size-20/c20_problem__002.smt2.slack.smt2: solved=True, runtime=391.07s, PAR-2=391.07s
[DEBUG] Processing 870/896: QF_LIA/tightrhombus/tightrhombus-273-245-9.smt2
[DEBUG] Predicted solver: Z3alpha for benchmark QF_LIA/tightrhombus/tightrhombus-273-245-9.smt2
[DEBUG] Benchmark QF_LIA/tightrhombus/tightrhombus-273-245-9.smt2: solved=True, runtime=0.78s, PAR-2=0.78s
[DEBUG] Processing 871/896: QF_LIA/CAV_2009_benchmarks/smt/25-vars/problem_2__026.smt2
[DEBUG] Predicted solver: cvc5 for benchmark QF_LIA/CAV_2009_benchmarks/smt/25-vars/problem_2__026.smt2
[DEBUG] Benchmark QF_LIA/CAV_2009_benchmarks/smt/25-vars/problem_2__026.smt2: solved=True, runtime=0.30s, PAR-2=0.30s
[DEBUG] Processing 872/896: QF_LIA/convert/convert-jpg2gif-query-1467.smt2
[DEBUG] Predicted solver: Z3alpha for benchmark QF_LIA/convert/convert-jpg2gif-query-1467.smt2
[DEBUG] Benchmark QF_LIA/convert/convert-jpg2gif-query-1467.smt2: solved=True, runtime=0.39s, PAR-2=0.39s
[DEBUG] Processing 873/896: QF_LIA/20220307-SMPT/SharedMemory-PT-000100/RC-14.smt2
[DEBUG] Predicted solver: Yices2 for benchmark QF_LIA/20220307-SMPT/SharedMemory-PT-000100/RC-14.smt2
[DEBUG] Benchmark QF_LIA/20220307-SMPT/SharedMemory-PT-000100/RC-14.smt2: solved=True, runtime=27.82s, PAR-2=27.82s
[DEBUG] Processing 874/896: QF_LIA/nec-smt/large/checkpass_pwd/prp-37-42.smt2
[DEBUG] Predicted solver: Yices2 for benchmark QF_LIA/nec-smt/large/checkpass_pwd/prp-37-42.smt2
[DEBUG] Benchmark QF_LIA/nec-smt/large/checkpass_pwd/prp-37-42.smt2: solved=True, runtime=2.93s, PAR-2=2.93s
[DEBUG] Processing 875/896: QF_LIA/nec-smt/large/getoption_group/prp-27-50.smt2
[DEBUG] Predicted solver: Yices2 for benchmark QF_LIA/nec-smt/large/getoption_group/prp-27-50.smt2
[DEBUG] Benchmark QF_LIA/nec-smt/large/getoption_group/prp-27-50.smt2: solved=True, runtime=0.62s, PAR-2=0.62s
[DEBUG] Processing 876/896: QF_LIA/nec-smt/large/getoption_user/prp-16-50.smt2
[DEBUG] Predicted solver: Yices2 for benchmark QF_LIA/nec-smt/large/getoption_user/prp-16-50.smt2
[DEBUG] Benchmark QF_LIA/nec-smt/large/getoption_user/prp-16-50.smt2: solved=True, runtime=1.57s, PAR-2=1.57s
[DEBUG] Processing 877/896: QF_LIA/convert/convert-jpg2gif-query-1594.smt2
[DEBUG] Predicted solver: Z3alpha for benchmark QF_LIA/convert/convert-jpg2gif-query-1594.smt2
[DEBUG] Benchmark QF_LIA/convert/convert-jpg2gif-query-1594.smt2: solved=True, runtime=0.86s, PAR-2=0.86s
[DEBUG] Processing 878/896: QF_LIA/dillig/30-35.smt2
[DEBUG] Predicted solver: cvc5 for benchmark QF_LIA/dillig/30-35.smt2
[DEBUG] Benchmark QF_LIA/dillig/30-35.smt2: solved=True, runtime=0.43s, PAR-2=0.43s
[DEBUG] Processing 879/896: QF_LIA/rings_preprocessed/ring_2exp8_7vars_2ite_unsat.smt2
[DEBUG] Predicted solver: cvc5 for benchmark QF_LIA/rings_preprocessed/ring_2exp8_7vars_2ite_unsat.smt2
[DEBUG] Benchmark QF_LIA/rings_preprocessed/ring_2exp8_7vars_2ite_unsat.smt2: solved=True, runtime=0.27s, PAR-2=0.27s
[DEBUG] Processing 880/896: QF_LIA/arctic-matrix/constraint-1228327.smt2
[DEBUG] Predicted solver: Yices2 for benchmark QF_LIA/arctic-matrix/constraint-1228327.smt2
[DEBUG] Benchmark QF_LIA/arctic-matrix/constraint-1228327.smt2: solved=True, runtime=49.92s, PAR-2=49.92s
[DEBUG] Processing 881/896: QF_LIA/tropical-matrix/constraint-299856.smt2
[DEBUG] Predicted solver: OpenSMT for benchmark QF_LIA/tropical-matrix/constraint-299856.smt2
[DEBUG] Benchmark QF_LIA/tropical-matrix/constraint-299856.smt2: solved=True, runtime=31.94s, PAR-2=31.94s
[DEBUG] Processing 882/896: QF_LIA/20180326-Bromberger/more_slacked/CAV_2009_benchmarks/coef-size/smt/size-10/c10_problem__003.smt2.slack.smt2
[DEBUG] Predicted solver: Z3alpha for benchmark QF_LIA/20180326-Bromberger/more_slacked/CAV_2009_benchmarks/coef-size/smt/size-10/c10_problem__003.smt2.slack.smt2
[DEBUG] Benchmark QF_LIA/20180326-Bromberger/more_slacked/CAV_2009_benchmarks/coef-size/smt/size-10/c10_problem__003.smt2.slack.smt2: solved=False, runtime=1200.00s, PAR-2=2400.00s
[DEBUG] Processing 883/896: QF_LIA/nec-smt/large/getoption_user/prp-48-50.smt2
[DEBUG] Predicted solver: Yices2 for benchmark QF_LIA/nec-smt/large/getoption_user/prp-48-50.smt2
[DEBUG] Benchmark QF_LIA/nec-smt/large/getoption_user/prp-48-50.smt2: solved=True, runtime=0.88s, PAR-2=0.88s
[DEBUG] Processing 884/896: QF_LIA/nec-smt/large/checkpass_pwd/prp-46-44.smt2
[DEBUG] Predicted solver: Yices2 for benchmark QF_LIA/nec-smt/large/checkpass_pwd/prp-46-44.smt2
[DEBUG] Benchmark QF_LIA/nec-smt/large/checkpass_pwd/prp-46-44.smt2: solved=True, runtime=3.10s, PAR-2=3.10s
[DEBUG] Processing 885/896: QF_LIA/slacks/45-24.slack.smt2
[DEBUG] Predicted solver: cvc5 for benchmark QF_LIA/slacks/45-24.slack.smt2
[DEBUG] Benchmark QF_LIA/slacks/45-24.slack.smt2: solved=True, runtime=0.91s, PAR-2=0.91s
[DEBUG] Processing 886/896: QF_LIA/nec-smt/large/getoption_directories/prp-5-46.smt2
[DEBUG] Predicted solver: Yices2 for benchmark QF_LIA/nec-smt/large/getoption_directories/prp-5-46.smt2
[DEBUG] Benchmark QF_LIA/nec-smt/large/getoption_directories/prp-5-46.smt2: solved=True, runtime=0.92s, PAR-2=0.92s
[DEBUG] Processing 887/896: QF_LIA/nec-smt/large/checkpass_pwd/prp-44-43.smt2
[DEBUG] Predicted solver: Yices2 for benchmark QF_LIA/nec-smt/large/checkpass_pwd/prp-44-43.smt2
[DEBUG] Benchmark QF_LIA/nec-smt/large/checkpass_pwd/prp-44-43.smt2: solved=True, runtime=3.04s, PAR-2=3.04s
[DEBUG] Processing 888/896: QF_LIA/nec-smt/large/getoption_user/prp-19-49.smt2
[DEBUG] Predicted solver: Yices2 for benchmark QF_LIA/nec-smt/large/getoption_user/prp-19-49.smt2
[DEBUG] Benchmark QF_LIA/nec-smt/large/getoption_user/prp-19-49.smt2: solved=True, runtime=1.61s, PAR-2=1.61s
[DEBUG] Processing 889/896: QF_LIA/2019-ezsmt/Labyrinth/SCC/0100-labyrinth-17-0.smt2
[DEBUG] Predicted solver: Yices2 for benchmark QF_LIA/2019-ezsmt/Labyrinth/SCC/0100-labyrinth-17-0.smt2
[DEBUG] Benchmark QF_LIA/2019-ezsmt/Labyrinth/SCC/0100-labyrinth-17-0.smt2: solved=True, runtime=1052.89s, PAR-2=1052.89s
[DEBUG] Processing 890/896: QF_LIA/slacks/35-34.slack.smt2
[DEBUG] Predicted solver: Z3alpha for benchmark QF_LIA/slacks/35-34.slack.smt2
[DEBUG] Benchmark QF_LIA/slacks/35-34.slack.smt2: solved=True, runtime=1.06s, PAR-2=1.06s
[DEBUG] Processing 891/896: QF_LIA/20180326-Bromberger/more_slacked/cut_lemmas/20-vars/cut_lemma_02_009.smt2.slack.smt2
[DEBUG] Predicted solver: Z3alpha for benchmark QF_LIA/20180326-Bromberger/more_slacked/cut_lemmas/20-vars/cut_lemma_02_009.smt2.slack.smt2
[DEBUG] Benchmark QF_LIA/20180326-Bromberger/more_slacked/cut_lemmas/20-vars/cut_lemma_02_009.smt2.slack.smt2: solved=True, runtime=0.31s, PAR-2=0.31s
[DEBUG] Processing 892/896: QF_LIA/rings_preprocessed/ring_2exp16_9vars_6ite_unsat.smt2
[DEBUG] Predicted solver: cvc5 for benchmark QF_LIA/rings_preprocessed/ring_2exp16_9vars_6ite_unsat.smt2
[DEBUG] Benchmark QF_LIA/rings_preprocessed/ring_2exp16_9vars_6ite_unsat.smt2: solved=True, runtime=0.30s, PAR-2=0.30s
[DEBUG] Processing 893/896: QF_LIA/pb2010/normalized-j1203_2-sat.smt2
[DEBUG] Predicted solver: Yices2 for benchmark QF_LIA/pb2010/normalized-j1203_2-sat.smt2
[DEBUG] Benchmark QF_LIA/pb2010/normalized-j1203_2-sat.smt2: solved=True, runtime=92.90s, PAR-2=92.90s
[DEBUG] Processing 894/896: QF_LIA/convert/convert-jpg2gif-query-1572.smt2
[DEBUG] Predicted solver: Z3alpha for benchmark QF_LIA/convert/convert-jpg2gif-query-1572.smt2
[DEBUG] Benchmark QF_LIA/convert/convert-jpg2gif-query-1572.smt2: solved=True, runtime=1.08s, PAR-2=1.08s
[DEBUG] Processing 895/896: QF_LIA/nec-smt/large/checkpass_pwd/prp-32-39.smt2
[DEBUG] Predicted solver: Yices2 for benchmark QF_LIA/nec-smt/large/checkpass_pwd/prp-32-39.smt2
[DEBUG] Benchmark QF_LIA/nec-smt/large/checkpass_pwd/prp-32-39.smt2: solved=True, runtime=1.64s, PAR-2=1.64s
[DEBUG] Processing 896/896: QF_LIA/dillig/35-32.smt2
[DEBUG] Predicted solver: cvc5 for benchmark QF_LIA/dillig/35-32.smt2
[DEBUG] Benchmark QF_LIA/dillig/35-32.smt2: solved=True, runtime=0.38s, PAR-2=0.38s
[DEBUG] Results written to CSV: /home/jchen688/projects/def-vganesh/jchen688/github/z3alpha/JHC/AlgoSelect/DescriptionAgent/data/results/qf_lia_csv_based/run_20251211_181903_345681/results.csv
[DEBUG] Solved 846/896 benchmarks (94.42%)
[DEBUG] PAR-2 Score: 147987.73s total, 165.16s average

================================================================================
EXECUTION TIME SUMMARY
================================================================================
Model training time:        1092.88 seconds ( 18.21 minutes)
Prediction time:             475.63 seconds (  7.93 minutes)
  - Avg per benchmark:         0.53 seconds
--------------------------------------------------------------------------------
Total execution time:       1568.51 seconds ( 26.14 minutes)
================================================================================

================================================================================
PAR-2 PERFORMANCE SUMMARY
================================================================================
Benchmarks solved:              846 / 896 ( 94.42%)
Benchmarks unsolved:             50 / 896 (  5.58%)
--------------------------------------------------------------------------------
Total PAR-2 score:        147987.73 seconds
Average PAR-2 score:         165.16 seconds
Timeout value:              1200.00 seconds
PAR-2 penalty factor:             2x timeout
================================================================================

[DEBUG] CSV results saved to: /home/jchen688/projects/def-vganesh/jchen688/github/z3alpha/JHC/AlgoSelect/DescriptionAgent/data/results/qf_lia_csv_based/run_20251211_181903_345681/results.csv
[DEBUG] Configuration saved to: /home/jchen688/projects/def-vganesh/jchen688/github/z3alpha/JHC/AlgoSelect/DescriptionAgent/data/results/qf_lia_csv_based/run_20251211_181903_345681/config.json
End time: Thu 11 Dec 2025 06:45:13 PM EST
