Benchmark,Predicted_Solver,Solved,Runtime,PAR2_Score
UFLIA/simplify2/front_end_suite/javafe.filespace.LookAheadEnum.005.smt2,cvc5,True,0.25138575211167336,0.25138575211167336
UFLIA/boogie/DoWhileBad_Test..ctor.smt2,cvc5,True,0.3117946940474212,0.3117946940474212
UFLIA/sledgehammer/FFT/smtlib.576434.smt2,iProver,False,1200,2400
UFLIA/sledgehammer/QEpres/smtlib.785288.smt2,cvc5,False,1200,2400
UFLIA/sledgehammer/QEpres/smtlib.595631.smt2,iProver,False,1200,2400
UFLIA/simplify2/front_end_suite/javafe.ast.FormalParaDeclVec.005.smt2,cvc5,True,0.3819149020127952,0.3819149020127952
UFLIA/boogie/PureAxioms_B..ctor-level_2.smt2,cvc5,True,1.113841125043109,1.113841125043109
UFLIA/boogie/Immutable_test3.XY.M4_test3.Imtbl.smt2,cvc5,False,1200,2400
UFLIA/simplify2/front_end_suite/javafe.tc.TypeSig.038.smt2,cvc5,True,0.6322154998779297,0.6322154998779297
UFLIA/boogie/Array_test3.MyClass.M2_test3.MyClass.array2_notnull.smt2,cvc5,True,0.3111292060930282,0.3111292060930282
UFLIA/sledgehammer/StrongNorm/smtlib.813120.smt2,iProver,False,1200,2400
UFLIA/sledgehammer/QEpres/smtlib.894923.smt2,cvc5,False,1200,2400
UFLIA/tokeneer/tokenreader/poll/checkcardstate-6.smt2,cvc5,True,0.24576113605871797,0.24576113605871797
UFLIA/sledgehammer/Fundamental_Theorem_Algebra/smtlib.1214254.smt2,iProver,False,1200,2400
UFLIA/simplify2/front_end_suite/javafe.ast.InterfaceDecl.010.smt2,cvc5,True,2.5947569268755615,2.5947569268755615
UFLIA/simplify2/front_end_suite/javafe.ast.NewInstanceExpr.008.smt2,cvc5,True,15.006489655002952,15.006489655002952
UFLIA/sledgehammer/Fundamental_Theorem_Algebra/smtlib.984668.smt2,cvc5,True,0.3128329529426992,0.3128329529426992
UFLIA/sledgehammer/StrongNorm/smtlib.634785.smt2,iProver,False,1200,2400
UFLIA/sledgehammer/QEpres/smtlib.740613.smt2,SMTInterpol,True,0.7739668320282362,0.7739668320282362
UFLIA/sledgehammer/QEpres/smtlib.1110828.smt2,SMTInterpol,True,0.5928031109506264,0.5928031109506264
UFLIA/sledgehammer/FFT/smtlib.899211.smt2,SMTInterpol,False,1200,2400
UFLIA/tokeneer/clock/splittime-4.smt2,SMTInterpol,False,1200,2400
UFLIA/sledgehammer/TwoSquares/smtlib.768507.smt2,cvc5,True,0.2615872249007225,0.2615872249007225
UFLIA/sledgehammer/Hoare/smtlib.1155711.smt2,cvc5,True,0.36049666488543153,0.36049666488543153
UFLIA/sledgehammer/QEpres/smtlib.846284.smt2,cvc5,False,1200,2400
UFLIA/simplify2/front_end_suite/javafe.tc.TypeCheck.014.smt2,cvc5,True,1.0578737100586295,1.0578737100586295
UFLIA/simplify2/front_end_suite/javafe.parser.ParseExpr.002.smt2,cvc5,True,1144.3607365801,1144.3607365801
UFLIA/sledgehammer/Fundamental_Theorem_Algebra/smtlib.848574.smt2,cvc5,True,0.26144694397225976,0.26144694397225976
UFLIA/sledgehammer/Hoare/smtlib.607317.smt2,iProver,False,1200,2400
UFLIA/sledgehammer/TypeSafe/smtlib.906435.smt2,iProver,False,1200,2400
UFLIA/sledgehammer/TwoSquares/smtlib.810431.smt2,cvc5,False,1200,2400
UFLIA/sledgehammer/QEpres/smtlib.781290.smt2,iProver,False,1200,2400
UFLIA/simplify/javafe.ast.Identifier.174.smt2,cvc5,True,0.28365172003395855,0.28365172003395855
UFLIA/simplify2/front_end_suite/javafe.tc.Types.058.smt2,cvc5,True,0.607345949858427,0.607345949858427
UFLIA/sledgehammer/StrongNorm/smtlib.845995.smt2,iProver,False,1200,2400
UFLIA/simplify2/front_end_suite/javafe.tc.EnvForCU.007.smt2,cvc5,True,0.40787869202904403,0.40787869202904403
UFLIA/sledgehammer/QEpres/smtlib.948072.smt2,cvc5,False,1200,2400
UFLIA/simplify/javafe.genericfile.ZipGenericFile.534.smt2,cvc5,True,0.2766981569584459,0.2766981569584459
UFLIA/tokeneer/latch/updatedevice-6.smt2,cvc5,False,1200,2400
UFLIA/tokeneer/admin/init-2.smt2,SMTInterpol,False,1200,2400
UFLIA/sexpr/SES.Atom..ctor_SES.Atom_notnull_System.Boolean.smt2,cvc5,True,38.72218710789457,38.72218710789457
UFLIA/sledgehammer/Fundamental_Theorem_Algebra/smtlib.558733.smt2,cvc5,False,1200,2400
UFLIA/sledgehammer/Fundamental_Theorem_Algebra/smtlib.805568.smt2,iProver,False,1200,2400
UFLIA/sledgehammer/QEpres/smtlib.591676.smt2,iProver,False,1200,2400
UFLIA/boogie/ModifiesClauses_ModifiesClauses..ctor.smt2,cvc5,True,0.35551492287777364,0.35551492287777364
UFLIA/simplify2/front_end_suite/javafe.ast.ForStmt.012.smt2,cvc5,True,0.6378169958479702,0.6378169958479702
UFLIA/simplify2/front_end_suite/javafe.ast.PrimitiveType.009.smt2,cvc5,True,0.5433739800937474,0.5433739800937474
UFLIA/sledgehammer/Fundamental_Theorem_Algebra/smtlib.1231197.smt2,cvc5,True,0.38575310981832445,0.38575310981832445
UFLIA/simplify/javafe.ast.ModifierPragmaVec.255.smt2,cvc5,True,0.32556949695572257,0.32556949695572257
UFLIA/sledgehammer/Fundamental_Theorem_Algebra/smtlib.1370456.smt2,cvc5,False,1200,2400
UFLIA/simplify/javafe.tc.FlowInsensitiveChecks.686.smt2,cvc5,True,1.3305747378617525,1.3305747378617525
UFLIA/tokeneer/configdata/validatefile/readfilesize-5.smt2,SMTInterpol,True,1.242187833006028,1.242187833006028
UFLIA/sledgehammer/Fundamental_Theorem_Algebra/smtlib.937707.smt2,cvc5,True,0.2611870679538697,0.2611870679538697
UFLIA/tokeneer/keystore/addkey-9.smt2,cvc5,False,1200,2400
UFLIA/simplify2/small_suite/main.smt2,cvc5,True,0.7133851530961692,0.7133851530961692
UFLIA/sledgehammer/TwoSquares/smtlib.616520.smt2,cvc5,False,1200,2400
UFLIA/tokeneer/keystore/delete-3.smt2,SMTInterpol,False,1200,2400
UFLIA/simplify/javafe.ast.VarInitVec.438.smt2,cvc5,True,1.1559949840884656,1.1559949840884656
UFLIA/sledgehammer/Fundamental_Theorem_Algebra/smtlib.857976.smt2,iProver,False,1200,2400
UFLIA/sledgehammer/TypeSafe/smtlib.779425.smt2,cvc5,False,1200,2400
UFLIA/simplify2/front_end_suite/javafe.ast.ExprObjectDesignator.001.smt2,cvc5,True,4.986836900003254,4.986836900003254
UFLIA/tokeneer/display/combinelines-12.smt2,SMTInterpol,True,0.6700675670290366,0.6700675670290366
UFLIA/boogie/DynamicTypes_DynamicTypes.N0.smt2,cvc5,True,0.3855205250438303,0.3855205250438303
UFLIA/sledgehammer/Fundamental_Theorem_Algebra/z3.1517975.smt2,cvc5,True,0.25907342694699764,0.25907342694699764
UFLIA/simplify2/front_end_suite/javafe.ast.StandardPrettyPrint.006.smt2,cvc5,True,14.115156712010503,14.115156712010503
UFLIA/sledgehammer/Hoare/smtlib.995870.smt2,cvc5,True,0.4446615930646658,0.4446615930646658
UFLIA/sledgehammer/FFT/smtlib.964073.smt2,cvc5,False,1200,2400
UFLIA/sledgehammer/Hoare/smtlib.1136851.smt2,cvc5,False,1200,2400
UFLIA/boogie/AssertFalse_AssertFalseTest..ctor.smt2,cvc5,True,0.33791593299247324,0.33791593299247324
UFLIA/simplify2/small_suite/fastclose.smt2,cvc5,True,14.113287498010322,14.113287498010322
UFLIA/sledgehammer/NS_Shared/smtlib.674258.smt2,cvc5,True,0.4006200551521033,0.4006200551521033
UFLIA/simplify2/front_end_suite/javafe.ast.ConstructorInvocation.008.smt2,cvc5,True,0.4490941599942744,0.4490941599942744
UFLIA/boogie/Types_Types.P8_System.Object.array_notnull_System.Int32.array_notnull_A.array_notnull_J.array_notnull_B.array_notnull-orderStrength_1.smt2,cvc5,False,1200,2400
UFLIA/boogie/Bag2_Bag..ctor_System.Int32.array_notnull.smt2,cvc5,False,1200,2400
UFLIA/tokeneer/configdata/writefile/workinghourstext-1.smt2,SMTInterpol,True,1.3442165110027418,1.3442165110027418
UFLIA/simplify2/front_end_suite/javafe.parser.TokenQueue.008.smt2,cvc5,True,0.4884953638538718,0.4884953638538718
UFLIA/simplify/javafe.filespace.FilterEnum.465.smt2,cvc5,True,0.24279051600024104,0.24279051600024104
UFLIA/sledgehammer/TypeSafe/smtlib.817940.smt2,cvc5,False,1200,2400
UFLIA/boogie/equiv5_MPrime-infer_e-vc_local.smt2,SMTInterpol,True,1.1730961540015414,1.1730961540015414
UFLIA/sledgehammer/Fundamental_Theorem_Algebra/smtlib.901135.smt2,cvc5,False,1200,2400
UFLIA/simplify/javafe.ast.BlockStmt.51.smt2,cvc5,True,0.6170290547888726,0.6170290547888726
UFLIA/simplify2/front_end_suite/javafe.ast.ForStmt.003.smt2,cvc5,True,1.9537678000051528,1.9537678000051528
UFLIA/boogie/ExposeVersion_X.FieldUpdateByObjectCreationWithMethodQueryFails_X_notnull-level_2.smt2,cvc5,False,1200,2400
UFLIA/boogie/BClient_Client.Q_MyClass_notnull_System.Boolean_System.Boolean.smt2,cvc5,False,1200,2400
UFLIA/simplify2/front_end_suite/javafe.filespace.PkgTree.007.smt2,cvc5,True,0.2899262390565127,0.2899262390565127
UFLIA/simplify2/front_end_suite/javafe.parser.test.TestExpr.003.smt2,cvc5,True,0.8602589201182127,0.8602589201182127
UFLIA/grasshopper/instantiated/difference_postcondition_of_difference_43_8.smt2,cvc5,False,1200,2400
UFLIA/sledgehammer/Fundamental_Theorem_Algebra/smtlib.745445.smt2,SMTInterpol,True,684.3132152479957,684.3132152479957
UFLIA/sledgehammer/QEpres/smtlib.1186493.smt2,cvc5,False,1200,2400
UFLIA/sledgehammer/TwoSquares/smtlib.820489.smt2,cvc5,True,98.98642455018125,98.98642455018125
UFLIA/sledgehammer/QEpres/smtlib.693412.smt2,SMTInterpol,True,0.6368475870112889,0.6368475870112889
UFLIA/grasshopper/uninstantiated/difference_postcondition_of_difference_43_8.smt2,cvc5,False,1200,2400
UFLIA/boogie/StrictReadOnly_C1.X1.smt2,cvc5,True,0.3855270950589329,0.3855270950589329
UFLIA/tokeneer/tokenreader/poll/processreaderstatechange-6.smt2,cvc5,True,0.23217996302992105,0.23217996302992105
UFLIA/simplify2/front_end_suite/javafe.ast.ExprVec.001.smt2,cvc5,True,1.0698658239562064,1.0698658239562064
UFLIA/simplify2/front_end_suite/javafe.ast.MethodInvocation.006.smt2,cvc5,True,0.5544758338946849,0.5544758338946849
UFLIA/sledgehammer/Fundamental_Theorem_Algebra/smtlib.1331541.smt2,cvc5,False,1200,2400
UFLIA/simplify/javafe.tc.EnvForTypeSig.669.smt2,cvc5,True,0.4732238780707121,0.4732238780707121
UFLIA/simplify2/front_end_suite/javafe.tc.ConstantExpr.009.smt2,cvc5,True,0.5288103339262307,0.5288103339262307
UFLIA/tokeneer/enclave/init-3.smt2,SMTInterpol,True,1.3894783509895205,1.3894783509895205
UFLIA/simplify2/front_end_suite/javafe.ast.FieldAccess.002.smt2,cvc5,True,0.45872552087530494,0.45872552087530494
UFLIA/sledgehammer/Arrow_Order/smtlib.756080.smt2,cvc5,True,0.30481583904474974,0.30481583904474974
UFLIA/tokeneer/auditlog/addelementtologfile-8.smt2,cvc5,False,1200,2400
UFLIA/sledgehammer/TypeSafe/smtlib.879393.smt2,cvc5,False,1200,2400
UFLIA/sledgehammer/TwoSquares/smtlib.785951.smt2,cvc5,True,0.8813416310586035,0.8813416310586035
UFLIA/tokeneer/tokenreader/poll/processreaderstatechange-7.smt2,cvc5,True,0.2415398769080639,0.2415398769080639
UFLIA/simplify2/front_end_suite/javafe.ast.UnaryExpr.003.smt2,cvc5,True,6.967591817025095,6.967591817025095
UFLIA/simplify2/front_end_suite/javafe.parser.test.TestLex.033.smt2,cvc5,True,14.398256439948454,14.398256439948454
UFLIA/simplify2/front_end_suite/javafe.tc.FlowInsensitiveChecks.008.smt2,cvc5,True,0.5925240339711308,0.5925240339711308
UFLIA/boogie/Immutable_test3.C.M0.smt2,cvc5,False,1200,2400
UFLIA/sledgehammer/Fundamental_Theorem_Algebra/smtlib.1196823.smt2,cvc5,True,0.2625244988594204,0.2625244988594204
UFLIA/sledgehammer/StrongNorm/smtlib.857095.smt2,iProver,False,1200,2400
UFLIA/boogie/Strings_test3.MyStrings.StringCoolness3.smt2,cvc5,True,3.065457660006359,3.065457660006359
UFLIA/simplify2/front_end_suite/javafe.util.StackVector.002.smt2,cvc5,True,0.2601976429577917,0.2601976429577917
UFLIA/boogie/WC-EI0_RTE.ExecuteInstruction-vc_nested.smt2,cvc5,True,32.35832925699651,32.35832925699651
UFLIA/simplify2/front_end_suite/javafe.ast.Identifier.010.smt2,cvc5,False,1200,2400
UFLIA/sledgehammer/Fundamental_Theorem_Algebra/smtlib.1421004.smt2,cvc5,True,1.1455454488750547,1.1455454488750547
UFLIA/sledgehammer/TwoSquares/smtlib.709580.smt2,cvc5,False,1200,2400
UFLIA/boogie/strings-where_Microsoft.Singularity.Applications.ThreadTest.Main_System.String.array-noinfer.smt2,cvc5,True,2.5253752670250833,2.5253752670250833
UFLIA/sledgehammer/QEpres/smtlib.832403.smt2,cvc5,False,1200,2400
UFLIA/sledgehammer/Arrow_Order/smtlib.571676.smt2,cvc5,False,1200,2400
UFLIA/simplify2/front_end_suite/javafe.reader.StandardTypeReader.014.smt2,cvc5,True,0.3226712020114064,0.3226712020114064
UFLIA/simplify2/front_end_suite/javafe.ast.SimpleName.008.smt2,cvc5,True,0.47191666113212705,0.47191666113212705
UFLIA/sledgehammer/Fundamental_Theorem_Algebra/smtlib.890519.smt2,iProver,False,1200,2400
UFLIA/sledgehammer/TwoSquares/smtlib.772307.smt2,cvc5,True,0.4059904769528657,0.4059904769528657
UFLIA/sledgehammer/Fundamental_Theorem_Algebra/smtlib.1352079.smt2,cvc5,True,1.2615954459179193,1.2615954459179193
UFLIA/sledgehammer/QEpres/smtlib.1087039.smt2,cvc5,False,1200,2400
UFLIA/sledgehammer/Hoare/smtlib.990986.smt2,cvc5,True,0.4327226330060512,0.4327226330060512
UFLIA/sledgehammer/Hoare/smtlib.560167.smt2,cvc5,False,1200,2400
UFLIA/sledgehammer/QEpres/smtlib.918014.smt2,iProver,False,1200,2400
UFLIA/sledgehammer/TwoSquares/smtlib.673048.smt2,cvc5,True,481.3376792310737,481.3376792310737
UFLIA/simplify2/front_end_suite/javafe.filespace.ExtTree.003.smt2,cvc5,True,0.26945273391902447,0.26945273391902447
UFLIA/sledgehammer/Fundamental_Theorem_Algebra/smtlib.593669.smt2,cvc5,False,1200,2400
UFLIA/sledgehammer/StrongNorm/smtlib.618140.smt2,cvc5,False,1200,2400
UFLIA/sledgehammer/Hoare/smtlib.800258.smt2,iProver,False,1200,2400
UFLIA/simplify/javafe.ast.TypeNameVec.417.smt2,cvc5,True,1.2996942261233926,1.2996942261233926
UFLIA/sledgehammer/Fundamental_Theorem_Algebra/smtlib.644860.smt2,iProver,False,1200,2400
UFLIA/simplify/javafe.tc.EnvForLocals.660.smt2,cvc5,True,0.6742293359711766,0.6742293359711766
UFLIA/simplify2/front_end_suite/javafe.tc.CheckInvariants.005.smt2,cvc5,True,15.27270071906969,15.27270071906969
UFLIA/sledgehammer/Arrow_Order/smtlib.562670.smt2,cvc5,False,1200,2400
UFLIA/simplify/javafe.ast.TypeModifierPragmaVec.404.smt2,cvc5,True,1.5773052910808474,1.5773052910808474
UFLIA/simplify/javafe.tc.Types.754.smt2,cvc5,True,1.4829843170009553,1.4829843170009553
UFLIA/simplify2/front_end_suite/javafe.ast.MethodDecl.009.smt2,cvc5,True,2.6167209348641336,2.6167209348641336
UFLIA/simplify2/front_end_suite/javafe.filespace.ClassPath.003.smt2,cvc5,True,0.32279335986822844,0.32279335986822844
UFLIA/sledgehammer/QEpres/smtlib.883209.smt2,SMTInterpol,True,0.9011648549931124,0.9011648549931124
UFLIA/boogie/ExactTypes_X..ctor.smt2,cvc5,True,0.4002360999584198,0.4002360999584198
UFLIA/sledgehammer/Fundamental_Theorem_Algebra/smtlib.924212.smt2,iProver,True,1.4091495219618082,1.4091495219618082
UFLIA/simplify2/front_end_suite/javafe.ast.IdentifierVec.016.smt2,cvc5,True,1.1463204929605126,1.1463204929605126
UFLIA/sledgehammer/TwoSquares/smtlib.793213.smt2,cvc5,False,1200,2400
UFLIA/sledgehammer/FFT/smtlib.960184.smt2,iProver,False,1200,2400
UFLIA/sledgehammer/Fundamental_Theorem_Algebra/smtlib.1377848.smt2,iProver,False,1200,2400
UFLIA/simplify/javafe.util.SubCorrelatedReader.830.smt2,cvc5,True,1.677248741965741,1.677248741965741
UFLIA/sledgehammer/Fundamental_Theorem_Algebra/smtlib.582679.smt2,cvc5,False,1200,2400
UFLIA/sledgehammer/NS_Shared/smtlib.834324.smt2,cvc5,True,0.4941333089955151,0.4941333089955151
UFLIA/simplify2/front_end_suite/javafe.parser.ParseType.004.smt2,cvc5,True,0.2985511301085353,0.2985511301085353
UFLIA/sledgehammer/FFT/smtlib.1001678.smt2,cvc5,False,1200,2400
UFLIA/sledgehammer/Fundamental_Theorem_Algebra/smtlib.796974.smt2,cvc5,True,0.3961863408330828,0.3961863408330828
UFLIA/sledgehammer/Fundamental_Theorem_Algebra/smtlib.1348003.smt2,SMTInterpol,True,1.0032635499956086,1.0032635499956086
UFLIA/boogie/StrictReadOnly_C2.X2.smt2,cvc5,False,1200,2400
UFLIA/sledgehammer/TypeSafe/smtlib.1411779.smt2,cvc5,True,3.5908906059339643,3.5908906059339643
UFLIA/boogie/Alloc_T..ctor.smt2,cvc5,True,0.3474057810381055,0.3474057810381055
UFLIA/tokeneer/enclave/enrolop-8.smt2,SMTInterpol,True,1.3291874819551595,1.3291874819551595
UFLIA/boogie/Passification_bad0-noinfer.smt2,SMTInterpol,True,1.1579033660236746,1.1579033660236746
UFLIA/sledgehammer/FFT/smtlib.1023044.smt2,cvc5,False,1200,2400
UFLIA/sledgehammer/QEpres/smtlib.580475.smt2,cvc5,False,1200,2400
UFLIA/boogie/Bag8_Bag.SpecSharp.CheckInvariant_System.Boolean.smt2,cvc5,True,0.2966825570911169,0.2966825570911169
UFLIA/sledgehammer/NS_Shared/smtlib.588564.smt2,cvc5,False,1200,2400
UFLIA/tokeneer/tokenreader/init-42.smt2,cvc5,True,0.26446364796720445,0.26446364796720445
UFLIA/sledgehammer/FFT/smtlib.682664.smt2,iProver,False,1200,2400
UFLIA/boogie/Pack_Good2.Cell.GetX.smt2,cvc5,True,0.5864589330740273,0.5864589330740273
UFLIA/simplify2/front_end_suite/javafe.ast.NewArrayExpr.009.smt2,cvc5,True,17.354728953912854,17.354728953912854
UFLIA/simplify2/front_end_suite/javafe.tc.MethodDeclVec.011.smt2,cvc5,True,0.2851428829599172,0.2851428829599172
UFLIA/sledgehammer/Fundamental_Theorem_Algebra/smtlib.1419618.smt2,iProver,True,169.59524044487625,169.59524044487625
UFLIA/sledgehammer/TwoSquares/smtlib.673391.smt2,cvc5,True,480.6741810759995,480.6741810759995
UFLIA/simplify/javafe.tc.TypeCheck.718.smt2,cvc5,True,0.8819569961633533,0.8819569961633533
UFLIA/boogie/AdditiveMethods_Sub.StartHere1_AdditiveMethods_notnull.smt2,cvc5,False,1200,2400
UFLIA/sledgehammer/Fundamental_Theorem_Algebra/smtlib.1344067.smt2,cvc5,True,0.47680840780958533,0.47680840780958533
UFLIA/boogie/Literals_Test..ctor.smt2,cvc5,True,0.3269057010766119,0.3269057010766119
UFLIA/sledgehammer/FFT/smtlib.967139.smt2,cvc5,False,1200,2400
UFLIA/boogie/VisibilityBasedInvariants_Thing.S.smt2,cvc5,False,1200,2400
UFLIA/boogie/BasicMethodology_SubClass.P.smt2,cvc5,True,0.9626506560016423,0.9626506560016423
UFLIA/boogie/AdvancedTypes_AdvancedTypes.Advanced4_P_notnull-orderStrength_1.smt2,cvc5,True,0.4972164770588279,0.4972164770588279
UFLIA/simplify2/front_end_suite/javafe.reader.StandardTypeReader.011.smt2,cvc5,True,0.3379177679307759,0.3379177679307759
UFLIA/sledgehammer/Hoare/smtlib.1028569.smt2,cvc5,False,1200,2400
UFLIA/simplify2/front_end_suite/javafe.parser.test.TestParse.007.smt2,cvc5,True,0.26485044485889375,0.26485044485889375
UFLIA/sledgehammer/Hoare/smtlib.1224776.smt2,iProver,True,1.4090012770611793,1.4090012770611793
UFLIA/sledgehammer/Fundamental_Theorem_Algebra/smtlib.675453.smt2,cvc5,True,0.5063049148302525,0.5063049148302525
UFLIA/sledgehammer/Fundamental_Theorem_Algebra/smtlib.990273.smt2,cvc5,False,1200,2400
UFLIA/simplify/javafe.ast.PrettyPrint.285.smt2,cvc5,True,0.31360620190389454,0.31360620190389454
UFLIA/simplify2/front_end_suite/javafe.ast.ExprVec.002.smt2,cvc5,True,0.58810866298154,0.58810866298154
UFLIA/boogie/SimpleWhile3_SimpleWhile3..ctor-infer_i.smt2,cvc5,True,0.31729521602392197,0.31729521602392197
UFLIA/sledgehammer/StrongNorm/smtlib.576747.smt2,cvc5,False,1200,2400
UFLIA/sledgehammer/QEpres/smtlib.686960.smt2,cvc5,False,1200,2400
UFLIA/sledgehammer/TwoSquares/smtlib.691643.smt2,cvc5,True,0.7822275639045984,0.7822275639045984
UFLIA/simplify2/front_end_suite/javafe.ast.LexicalPragmaVec.002.smt2,cvc5,True,0.4735315360594541,0.4735315360594541
UFLIA/sledgehammer/Fundamental_Theorem_Algebra/smtlib.1514153.smt2,cvc5,False,1200,2400
UFLIA/boogie/Strings_test3.MyStrings..ctor.smt2,cvc5,True,0.6619209118653089,0.6619209118653089
UFLIA/tokeneer/enclave/startadminactivity-4.smt2,cvc5,False,1200,2400
UFLIA/grasshopper/uninstantiated/insertion_sort_postcondition_of_insertion_sort_63_1.smt2,cvc5,True,0.4466017731465399,0.4466017731465399
UFLIA/sledgehammer/Arrow_Order/smtlib.799719.smt2,cvc5,True,0.46818132186308503,0.46818132186308503
UFLIA/boogie/Branching_T..ctor.smt2,cvc5,True,0.3094971680548042,0.3094971680548042
UFLIA/sledgehammer/Fundamental_Theorem_Algebra/smtlib.660764.smt2,cvc5,False,1200,2400
UFLIA/simplify2/front_end_suite/javafe.util.BufferedCorrelatedReader.009.smt2,cvc5,True,0.318649809807539,0.318649809807539
UFLIA/simplify2/front_end_suite/javafe.ast.SwitchStmt.001.smt2,cvc5,True,0.44766489206813276,0.44766489206813276
UFLIA/sledgehammer/TwoSquares/smtlib.735097.smt2,cvc5,False,1200,2400
UFLIA/sledgehammer/Fundamental_Theorem_Algebra/smtlib.1381580.smt2,cvc5,False,1200,2400
UFLIA/sledgehammer/Arrow_Order/smtlib.841609.smt2,cvc5,True,0.40892859804444015,0.40892859804444015
UFLIA/simplify2/front_end_suite/javafe.filespace.ClassPath.005.smt2,cvc5,True,0.2985025441739708,0.2985025441739708
UFLIA/sledgehammer/NS_Shared/smtlib.796177.smt2,cvc5,False,1200,2400
UFLIA/simplify2/front_end_suite/tohtml.Java2Html.004.smt2,cvc5,True,0.4724726569838822,0.4724726569838822
UFLIA/sledgehammer/TwoSquares/smtlib.656491.smt2,cvc5,False,1200,2400
UFLIA/simplify2/front_end_suite/javafe.ast.ExprObjectDesignator.010.smt2,cvc5,True,0.5655751638114452,0.5655751638114452
UFLIA/sledgehammer/Fundamental_Theorem_Algebra/smtlib.1341689.smt2,cvc5,False,1200,2400
UFLIA/tokeneer/userentry/progress-12.smt2,cvc5,False,1200,2400
UFLIA/sledgehammer/TwoSquares/smtlib.730078.smt2,cvc5,False,1200,2400
UFLIA/tokeneer/auditlog/init-23.smt2,cvc5,True,0.23790641711093485,0.23790641711093485
UFLIA/sledgehammer/TwoSquares/smtlib.709491.smt2,cvc5,False,1200,2400
UFLIA/tokeneer/auditlog/init-6.smt2,cvc5,True,0.24476696900092065,0.24476696900092065
UFLIA/sledgehammer/Hoare/smtlib.1035171.smt2,SMTInterpol,True,0.5679906150326133,0.5679906150326133
UFLIA/sledgehammer/Arrow_Order/smtlib.808307.smt2,cvc5,False,1200,2400
UFLIA/sledgehammer/TwoSquares/smtlib.735609.smt2,cvc5,False,1200,2400
UFLIA/sledgehammer/Fundamental_Theorem_Algebra/smtlib.1478745.smt2,cvc5,False,1200,2400
UFLIA/simplify2/front_end_suite/javafe.ast.VarInitVec.007.smt2,cvc5,True,0.4702355759218335,0.4702355759218335
UFLIA/simplify2/front_end_suite/javafe.ast.StmtVec.018.smt2,cvc5,True,0.3657320300117135,0.3657320300117135
UFLIA/sledgehammer/Fundamental_Theorem_Algebra/smtlib.678864.smt2,SMTInterpol,True,1.2256542189861648,1.2256542189861648
UFLIA/sledgehammer/Fundamental_Theorem_Algebra/smtlib.1343429.smt2,cvc5,True,1.9944578979630023,1.9944578979630023
UFLIA/boogie/Cast_Cast.N1_System.String.smt2,cvc5,False,1200,2400
UFLIA/simplify2/front_end_suite/javafe.ast.DoStmt.003.smt2,cvc5,True,6.44341295491904,6.44341295491904
UFLIA/simplify2/front_end_suite/javafe.ast.StandardPrettyPrint.004.smt2,cvc5,True,3.222272489918396,3.222272489918396
UFLIA/sledgehammer/TypeSafe/smtlib.850673.smt2,cvc5,False,1200,2400
UFLIA/boogie/SimpleAssignments2_SimpleAssignments2..ctor-infer_i.smt2,cvc5,True,0.3341759138274938,0.3341759138274938
UFLIA/grasshopper/uninstantiated/delete_loop_invariant_46_5.smt2,cvc5,True,42.44467722601257,42.44467722601257
UFLIA/tokeneer/enclave/progressadminactivity-9.smt2,cvc5,False,1200,2400
UFLIA/simplify/javafe.parser.Lex.542.smt2,cvc5,True,0.7110257029999048,0.7110257029999048
UFLIA/sledgehammer/Arrow_Order/smtlib.714399.smt2,cvc5,True,0.4041382079012692,0.4041382079012692
UFLIA/sledgehammer/Fundamental_Theorem_Algebra/smtlib.593035.smt2,cvc5,False,1200,2400
UFLIA/sledgehammer/Fundamental_Theorem_Algebra/smtlib.632986.smt2,cvc5,True,0.39381060702726245,0.39381060702726245
UFLIA/sledgehammer/Hoare/smtlib.1049066.smt2,cvc5,False,1200,2400
UFLIA/tokeneer/auditlog/clearlogentries-9.smt2,cvc5,False,1200,2400
UFLIA/simplify2/front_end_suite/javafe.ast.StmtVec.016.smt2,cvc5,True,0.3785769329406321,0.3785769329406321
UFLIA/sledgehammer/Fundamental_Theorem_Algebra/smtlib.1514632.smt2,cvc5,False,1200,2400
UFLIA/boogie/Capture_Capture.Caller1_System.Object_notnull.smt2,cvc5,False,1200,2400
UFLIA/sledgehammer/NS_Shared/smtlib.801500.smt2,iProver,False,1200,2400
UFLIA/sledgehammer/Fundamental_Theorem_Algebra/smtlib.1085066.smt2,cvc5,True,0.2990279169753194,0.2990279169753194
UFLIA/boogie/Spouse_Person.A0_System.Object_notnull.smt2,cvc5,False,1200,2400
UFLIA/sledgehammer/Fundamental_Theorem_Algebra/smtlib.568276.smt2,cvc5,False,1200,2400
UFLIA/sledgehammer/Arrow_Order/smtlib.843964.smt2,cvc5,True,0.7155564618296921,0.7155564618296921
UFLIA/sledgehammer/FFT/smtlib.668050.smt2,iProver,False,1200,2400
UFLIA/sledgehammer/QEpres/smtlib.1078155.smt2,cvc5,False,1200,2400
UFLIA/simplify2/front_end_suite/javafe.ast.LexicalPragmaVec.018.smt2,cvc5,True,0.42328507686033845,0.42328507686033845
UFLIA/sledgehammer/TwoSquares/smtlib.719366.smt2,cvc5,False,1200,2400
UFLIA/sledgehammer/FFT/smtlib.842597.smt2,cvc5,False,1200,2400
UFLIA/sledgehammer/FFT/smtlib.963878.smt2,cvc5,False,1200,2400
UFLIA/boogie/Finally_ReturnFinally..ctor-modifiesOnLoop.smt2,cvc5,True,0.36412091506645083,0.36412091506645083
UFLIA/sledgehammer/Fundamental_Theorem_Algebra/smtlib.591351.smt2,cvc5,False,1200,2400
UFLIA/sledgehammer/Fundamental_Theorem_Algebra/smtlib.936123.smt2,cvc5,True,30.27466167602688,30.27466167602688
UFLIA/simplify/javafe.ast.ReturnStmt.295.smt2,cvc5,True,0.639401278924197,0.639401278924197
UFLIA/grasshopper/uninstantiated/filter_loop_invariant_48_3.smt2,cvc5,True,21.939360587857664,21.939360587857664
UFLIA/sledgehammer/Fundamental_Theorem_Algebra/smtlib.867420.smt2,iProver,False,1200,2400
UFLIA/simplify/javafe.tc.TypeSigVec.738.smt2,cvc5,True,104.73466948512942,104.73466948512942
UFLIA/simplify2/front_end_suite/javafe.ast.StmtVec.001.smt2,cvc5,True,0.9908276509959251,0.9908276509959251
UFLIA/simplify/javafe.tc.PrepTypeDeclaration.708.smt2,cvc5,True,0.3428823738358915,0.3428823738358915
UFLIA/sledgehammer/FFT/smtlib.669415.smt2,cvc5,False,1200,2400
UFLIA/sledgehammer/Arrow_Order/smtlib.645422.smt2,cvc5,True,0.39297770289704204,0.39297770289704204
UFLIA/boogie/BasicMethodology_SubClass..ctor.smt2,cvc5,True,15.270215790020302,15.270215790020302
UFLIA/sledgehammer/Arrow_Order/smtlib.858575.smt2,cvc5,True,18.08523486997001,18.08523486997001
UFLIA/grasshopper/uninstantiated/union_check_heap_access_35_8.smt2,cvc5,True,0.372839201008901,0.372839201008901
UFLIA/simplify/javafe.tc.TypeSigVec.741.smt2,cvc5,True,0.28167053405195475,0.28167053405195475
UFLIA/simplify/javafe.reader.SrcReader.614.smt2,cvc5,True,0.46538864308968186,0.46538864308968186
UFLIA/sledgehammer/Fundamental_Theorem_Algebra/smtlib.1057395.smt2,cvc5,True,0.41091934009455144,0.41091934009455144
UFLIA/sledgehammer/Hoare/smtlib.783887.smt2,cvc5,False,1200,2400
UFLIA/sledgehammer/TypeSafe/smtlib.780949.smt2,cvc5,False,1200,2400
UFLIA/sledgehammer/Fundamental_Theorem_Algebra/smtlib.871101.smt2,cvc5,True,1.2339642869774252,1.2339642869774252
UFLIA/simplify2/front_end_suite/javafe.tc.OutsideEnv.012.smt2,cvc5,True,0.3396468129940331,0.3396468129940331
UFLIA/sledgehammer/TypeSafe/smtlib.1160950.smt2,cvc5,False,1200,2400
UFLIA/sledgehammer/FFT/smtlib.978320.smt2,cvc5,False,1200,2400
UFLIA/boogie/loopinv1_LoopInv1..ctor-infer_eh.smt2,cvc5,True,0.3386790039949119,0.3386790039949119
UFLIA/tokeneer/cert/isok-1.smt2,SMTInterpol,False,1200,2400
UFLIA/simplify2/front_end_suite/javafe.ast.LexicalPragmaVec.005.smt2,cvc5,True,0.37510567903518677,0.37510567903518677
UFLIA/sledgehammer/FFT/smtlib.935313.smt2,SMTInterpol,True,0.5892349780187942,0.5892349780187942
UFLIA/boogie/PureAxioms_A..ctor-level_2.smt2,cvc5,True,0.41539897094480693,0.41539897094480693
UFLIA/sledgehammer/Fundamental_Theorem_Algebra/smtlib.748853.smt2,cvc5,False,1200,2400
UFLIA/simplify2/front_end_suite/javafe.ast.IdentifierVec.007.smt2,cvc5,True,0.7097428441047668,0.7097428441047668
UFLIA/sledgehammer/StrongNorm/smtlib.845457.smt2,cvc5,False,1200,2400
UFLIA/sledgehammer/NS_Shared/smtlib.657037.smt2,cvc5,True,0.38448672415688634,0.38448672415688634
UFLIA/sledgehammer/Hoare/smtlib.953884.smt2,cvc5,True,0.37643876019865274,0.37643876019865274
UFLIA/sledgehammer/StrongNorm/smtlib.844174.smt2,cvc5,False,1200,2400
UFLIA/sledgehammer/Fundamental_Theorem_Algebra/smtlib.1373105.smt2,cvc5,False,1200,2400
UFLIA/sledgehammer/TwoSquares/smtlib.889871.smt2,cvc5,True,0.25354957091622055,0.25354957091622055
UFLIA/boogie/StrictReadOnly_Impossible..ctor.smt2,cvc5,True,0.3704525618813932,0.3704525618813932
UFLIA/boogie/QuantifierVisibilityInvariant_AbstractCity1..ctor.smt2,cvc5,True,0.3394249409902841,0.3394249409902841
UFLIA/tokeneer/enclave/progressadminactivity-4.smt2,SMTInterpol,True,1.6807776269852184,1.6807776269852184
UFLIA/sledgehammer/Hoare/smtlib.1152491.smt2,cvc5,True,0.45319427689537406,0.45319427689537406
UFLIA/sledgehammer/QEpres/smtlib.1149426.smt2,cvc5,False,1200,2400
UFLIA/sledgehammer/TwoSquares/smtlib.840119.smt2,cvc5,True,0.7337100191507488,0.7337100191507488
UFLIA/sledgehammer/Hoare/smtlib.1027806.smt2,cvc5,True,3.8501315049361438,3.8501315049361438
UFLIA/simplify2/front_end_suite/javafe.ast.ExprVec.014.smt2,cvc5,True,0.2782650829758495,0.2782650829758495
UFLIA/sledgehammer/Fundamental_Theorem_Algebra/smtlib.1447742.smt2,cvc5,False,1200,2400
UFLIA/sledgehammer/NS_Shared/smtlib.721358.smt2,iProver,False,1200,2400
UFLIA/sledgehammer/Arrow_Order/smtlib.634321.smt2,cvc5,True,0.43226007698103786,0.43226007698103786
UFLIA/sledgehammer/Fundamental_Theorem_Algebra/smtlib.1317452.smt2,cvc5,False,1200,2400
UFLIA/sledgehammer/Fundamental_Theorem_Algebra/smtlib.593933.smt2,iProver,False,1200,2400
UFLIA/simplify2/front_end_suite/javafe.ast.ExprVec.013.smt2,cvc5,True,0.5021167558152229,0.5021167558152229
UFLIA/simplify2/front_end_suite/javafe.tc.FlowInsensitiveChecks.006.smt2,cvc5,False,1200,2400
UFLIA/sledgehammer/Hoare/smtlib.1056266.smt2,cvc5,True,0.5165966269560158,0.5165966269560158
UFLIA/tokeneer/latch/updatedevice-5.smt2,cvc5,False,1200,2400
UFLIA/sledgehammer/FFT/smtlib.590748.smt2,cvc5,False,1200,2400
UFLIA/sledgehammer/TwoSquares/smtlib.614775.smt2,cvc5,True,9.672933947993442,9.672933947993442
UFLIA/sledgehammer/Fundamental_Theorem_Algebra/smtlib.1440891.smt2,cvc5,True,0.25174857792444527,0.25174857792444527
UFLIA/boogie/ExplicitExposeVersionHavoc_A.Unsound-level_2.smt2,cvc5,False,1200,2400
UFLIA/boogie/ConstructorVisibility_Visitor..ctor.smt2,cvc5,True,0.3371806750074029,0.3371806750074029
UFLIA/sledgehammer/QEpres/smtlib.1024995.smt2,cvc5,False,1200,2400
UFLIA/sledgehammer/QEpres/smtlib.914236.smt2,cvc5,False,1200,2400
UFLIA/sledgehammer/Hoare/smtlib.1209105.smt2,iProver,False,1200,2400
UFLIA/sledgehammer/NS_Shared/smtlib.765556.smt2,iProver,False,1200,2400
UFLIA/tokeneer/tismain/init-3.smt2,SMTInterpol,True,1.7254417070071213,1.7254417070071213
UFLIA/sledgehammer/TwoSquares/smtlib.642529.smt2,cvc5,False,1200,2400
UFLIA/sledgehammer/FFT/smtlib.888891.smt2,cvc5,True,0.38530625286512077,0.38530625286512077
UFLIA/sledgehammer/Fundamental_Theorem_Algebra/smtlib.949906.smt2,cvc5,True,0.3221073041204363,0.3221073041204363
UFLIA/tokeneer/auditlog/archivelog-6.smt2,cvc5,True,0.25367463286966085,0.25367463286966085
UFLIA/simplify2/front_end_suite/javafe.tc.TypeSigVec.015.smt2,cvc5,True,4.323949618032202,4.323949618032202
UFLIA/simplify2/front_end_suite/javafe.filespace.HashTree.002.smt2,cvc5,True,0.3562549620401114,0.3562549620401114
UFLIA/simplify2/front_end_suite/javafe.tc.MethodDeclVec.018.smt2,cvc5,True,0.46326352492906153,0.46326352492906153
UFLIA/boogie/WhereMotivation_Types.SLoop0-modifiesOnLoop_1.smt2,cvc5,True,2.5715936350170523,2.5715936350170523
UFLIA/simplify2/front_end_suite/javafe.ast.TypeDeclVec.009.smt2,cvc5,True,0.3380121630616486,0.3380121630616486
UFLIA/sledgehammer/Fundamental_Theorem_Algebra/smtlib.838321.smt2,cvc5,False,1200,2400
UFLIA/sledgehammer/Hoare/smtlib.788284.smt2,cvc5,False,1200,2400
UFLIA/simplify2/front_end_suite/javafe.tc.TypeSig.024.smt2,cvc5,True,8.001982187852263,8.001982187852263
UFLIA/sledgehammer/TwoSquares/smtlib.737811.smt2,iProver,False,1200,2400
UFLIA/boogie/Types_Types.Q_T_T-orderStrength_1.smt2,cvc5,True,23.755456252023578,23.755456252023578
UFLIA/simplify/javafe.ast.IdentifierVec.178.smt2,cvc5,True,0.4314601069781929,0.4314601069781929
UFLIA/sledgehammer/QEpres/smtlib.1137477.smt2,cvc5,False,1200,2400
UFLIA/sledgehammer/Fundamental_Theorem_Algebra/smtlib.1336136.smt2,cvc5,False,1200,2400
UFLIA/simplify2/front_end_suite/javafe.ast.TypeNameVec.001.smt2,cvc5,True,1.183031196007505,1.183031196007505
UFLIA/sledgehammer/NS_Shared/smtlib.573291.smt2,cvc5,False,1200,2400
UFLIA/sledgehammer/Arrow_Order/smtlib.595502.smt2,cvc5,True,390.9779487210326,390.9779487210326
UFLIA/simplify/javafe.tc.TypeCheck.715.smt2,cvc5,True,1.388955046189949,1.388955046189949
UFLIA/sledgehammer/TypeSafe/smtlib.738238.smt2,cvc5,False,1200,2400
UFLIA/simplify2/front_end_suite/javafe.ast.TypeDeclElemPragma.002.smt2,cvc5,True,0.24333637696690857,0.24333637696690857
UFLIA/sledgehammer/StrongNorm/smtlib.772787.smt2,iProver,False,1200,2400
UFLIA/sledgehammer/Hoare/smtlib.623873.smt2,iProver,False,1200,2400
UFLIA/simplify/javafe.filespace.TreeWalker.514.smt2,cvc5,True,0.2726611278485507,0.2726611278485507
UFLIA/sledgehammer/Fundamental_Theorem_Algebra/smtlib.1240238.smt2,cvc5,False,1200,2400
UFLIA/simplify2/front_end_suite/javafe.ast.FormalParaDeclVec.001.smt2,cvc5,True,1.1180932421702892,1.1180932421702892
UFLIA/sledgehammer/Hoare/smtlib.930836.smt2,iProver,False,1200,2400
UFLIA/grasshopper/uninstantiated/concat_postcondition_of_concat_27_4.smt2,cvc5,True,0.2610436051618308,0.2610436051618308
UFLIA/grasshopper/uninstantiated/remove_postcondition_of_remove_45_2.smt2,cvc5,True,4.346984578995034,4.346984578995034
UFLIA/tokeneer/display/combinelines-21.smt2,cvc5,True,0.2512634629383683,0.2512634629383683
UFLIA/sledgehammer/TypeSafe/smtlib.1018109.smt2,cvc5,False,1200,2400
UFLIA/sledgehammer/Fundamental_Theorem_Algebra/smtlib.1405357.smt2,cvc5,False,1200,2400
UFLIA/sledgehammer/Hoare/smtlib.854259.smt2,iProver,True,238.61805033986457,238.61805033986457
UFLIA/simplify/javafe.ast.SingleTypeImportDecl.314.smt2,cvc5,True,0.7110845481511205,0.7110845481511205
UFLIA/simplify/javafe.ast.TypeModifierPragmaVec.397.smt2,cvc5,True,1.137481709010899,1.137481709010899
UFLIA/sledgehammer/Fundamental_Theorem_Algebra/smtlib.647964.smt2,iProver,False,1200,2400
UFLIA/boogie/DoWhileGood_Test..ctor.smt2,cvc5,True,0.3122008768841624,0.3122008768841624
UFLIA/sexpr/SES.PrettySx.ReadToken_System.IO.TextReader_notnull_System.String.ptr.smt2,cvc5,True,31.273225323995575,31.273225323995575
UFLIA/simplify/javafe.ast.TypeDeclVec.385.smt2,cvc5,True,0.3737877591047436,0.3737877591047436
UFLIA/sledgehammer/NS_Shared/smtlib.831444.smt2,cvc5,True,0.5606968880165368,0.5606968880165368
UFLIA/sledgehammer/QEpres/smtlib.952482.smt2,cvc5,False,1200,2400
UFLIA/simplify2/front_end_suite/javafe.tc.EnvForLocals.008.smt2,cvc5,True,0.37145335087552667,0.37145335087552667
UFLIA/sledgehammer/Fundamental_Theorem_Algebra/smtlib.1327645.smt2,cvc5,False,1200,2400
UFLIA/tokeneer/admin/finishop-2.smt2,SMTInterpol,False,1200,2400
UFLIA/simplify/javafe.ast.LexicalPragmaVec.221.smt2,cvc5,True,3.863022831035778,3.863022831035778
UFLIA/sledgehammer/QEpres/smtlib.597630.smt2,cvc5,False,1200,2400
UFLIA/boogie/Strings_test3.XY.N0_System.Object_notnull_System.Object_notnull.smt2,cvc5,False,1200,2400
UFLIA/sledgehammer/QEpres/smtlib.674991.smt2,iProver,False,1200,2400
UFLIA/sledgehammer/FFT/smtlib.967752.smt2,cvc5,False,1200,2400
UFLIA/boogie/Immutable_test3.Typeof.M_test3.Typeof_notnull.smt2,cvc5,True,0.5010401371400803,0.5010401371400803
UFLIA/grasshopper/instantiated/difference_postcondition_of_difference_38_8.smt2,cvc5,False,1200,2400
UFLIA/boogie/Array2_test3.MyClass2..ctor.smt2,cvc5,True,0.3160411990247667,0.3160411990247667
UFLIA/tokeneer/tokenreader/init-47.smt2,cvc5,True,0.2421885838266462,0.2421885838266462
UFLIA/sledgehammer/Arrow_Order/smtlib.811722.smt2,cvc5,True,0.5862976410426199,0.5862976410426199
UFLIA/sledgehammer/Fundamental_Theorem_Algebra/smtlib.1330629.smt2,cvc5,False,1200,2400
UFLIA/sledgehammer/QEpres/smtlib.846682.smt2,cvc5,False,1200,2400
UFLIA/simplify2/front_end_suite/javafe.ast.TryCatchStmt.012.smt2,cvc5,True,0.5766739789396524,0.5766739789396524
UFLIA/sledgehammer/Hoare/smtlib.1032201.smt2,cvc5,False,1200,2400
UFLIA/sledgehammer/Arrow_Order/smtlib.845420.smt2,iProver,False,1200,2400
UFLIA/sledgehammer/Fundamental_Theorem_Algebra/smtlib.860393.smt2,iProver,True,118.0588015881367,118.0588015881367
UFLIA/boogie/PeerFields_Parent.M.smt2,cvc5,True,2.3017875058576465,2.3017875058576465
UFLIA/simplify/javafe.ast.TypeNameVec.412.smt2,cvc5,True,0.264463494066149,0.264463494066149
UFLIA/sledgehammer/QEpres/smtlib.948708.smt2,cvc5,False,1200,2400
UFLIA/sledgehammer/Fundamental_Theorem_Algebra/smtlib.1431517.smt2,cvc5,True,0.3568221728783101,0.3568221728783101
UFLIA/sledgehammer/StrongNorm/smtlib.785895.smt2,cvc5,False,1200,2400
UFLIA/sledgehammer/NS_Shared/smtlib.915003.smt2,cvc5,True,0.41270964895375073,0.41270964895375073
UFLIA/sledgehammer/Hoare/smtlib.1040446.smt2,cvc5,True,24.210343070095405,24.210343070095405
UFLIA/sledgehammer/QEpres/smtlib.577672.smt2,iProver,False,1200,2400
UFLIA/sledgehammer/FFT/smtlib.815415.smt2,cvc5,False,1200,2400
UFLIA/simplify2/front_end_suite/javafe.tc.MethodDeclVec.008.smt2,cvc5,True,0.29218568187206984,0.29218568187206984
UFLIA/sledgehammer/Fundamental_Theorem_Algebra/smtlib.590508.smt2,cvc5,False,1200,2400
UFLIA/simplify/javafe.tc.TypeCheck.716.smt2,cvc5,True,0.7582659400068223,0.7582659400068223
UFLIA/simplify/javafe.parser.Parse.551.smt2,cvc5,True,0.2693412529770285,0.2693412529770285
UFLIA/sledgehammer/FFT/smtlib.735487.smt2,iProver,False,1200,2400
UFLIA/sledgehammer/QEpres/smtlib.839709.smt2,cvc5,False,1200,2400
UFLIA/simplify2/front_end_suite/javafe.parser.TagConstants.003.smt2,cvc5,True,0.38668163982219994,0.38668163982219994
UFLIA/sledgehammer/Fundamental_Theorem_Algebra/smtlib.1509557.smt2,cvc5,True,0.2945459699258208,0.2945459699258208
UFLIA/boogie/CommittedOblivious_CO.Q.smt2,cvc5,False,1200,2400
UFLIA/sledgehammer/QEpres/smtlib.1205712.smt2,cvc5,False,1200,2400
UFLIA/sledgehammer/Fundamental_Theorem_Algebra/smtlib.1135247.smt2,cvc5,False,1200,2400
UFLIA/simplify/javafe.ast.LexicalPragmaVec.219.smt2,cvc5,True,0.8753571959678084,0.8753571959678084
UFLIA/sledgehammer/FFT/smtlib.898916.smt2,SMTInterpol,True,0.8651376980124041,0.8651376980124041
UFLIA/simplify2/front_end_suite/javafe.tc.FlowInsensitiveChecks.034.smt2,cvc5,True,0.6356493309140205,0.6356493309140205
UFLIA/sledgehammer/Arrow_Order/smtlib.669736.smt2,cvc5,True,481.4862523311749,481.4862523311749
UFLIA/boogie/PeerFields_PeerFields.R_System.Int32.smt2,cvc5,True,483.22279952000827,483.22279952000827
UFLIA/sledgehammer/Fundamental_Theorem_Algebra/smtlib.827183.smt2,iProver,False,1200,2400
UFLIA/simplify/javafe.tc.OutsideEnv.703.smt2,cvc5,True,0.3667548489756882,0.3667548489756882
UFLIA/simplify/javafe.tc.PrepTypeDeclaration.706.smt2,cvc5,True,1.6302730389870703,1.6302730389870703
UFLIA/sledgehammer/NS_Shared/smtlib.877754.smt2,cvc5,False,1200,2400
UFLIA/sledgehammer/Hoare/smtlib.617769.smt2,iProver,True,64.02241055783816,64.02241055783816
UFLIA/simplify2/front_end_suite/javafe.parser.test.TestLex.003.smt2,cvc5,True,0.31534836115315557,0.31534836115315557
UFLIA/simplify2/front_end_suite/javafe.ast.TypeNameVec.002.smt2,cvc5,True,0.6012346060015261,0.6012346060015261
UFLIA/sledgehammer/Fundamental_Theorem_Algebra/smtlib.1341055.smt2,cvc5,False,1200,2400
UFLIA/sledgehammer/Hoare/smtlib.571239.smt2,cvc5,True,0.6092663919553161,0.6092663919553161
UFLIA/simplify2/front_end_suite/javafe.ast.ClassDecl.004.smt2,cvc5,True,0.7066342069301754,0.7066342069301754
UFLIA/simplify2/front_end_suite/javafe.parser.Lex.018.smt2,cvc5,True,0.9847730558831245,0.9847730558831245
UFLIA/sledgehammer/Fundamental_Theorem_Algebra/smtlib.602592.smt2,cvc5,False,1200,2400
UFLIA/simplify/javafe.tc.Env.649.smt2,cvc5,True,1.1211376329883933,1.1211376329883933
UFLIA/simplify/javafe.util.LocationManagerCorrelatedReader.801.smt2,cvc5,True,4.06049814610742,4.06049814610742
UFLIA/sledgehammer/TwoSquares/smtlib.729658.smt2,cvc5,False,1200,2400
UFLIA/tokeneer/auditlog/addelementtologfile-3.smt2,SMTInterpol,True,3.4490244820481166,3.4490244820481166
UFLIA/tokeneer/door/poll-11.smt2,SMTInterpol,True,1.497990922012832,1.497990922012832
UFLIA/sledgehammer/Fundamental_Theorem_Algebra/smtlib.1285792.smt2,cvc5,True,4.72867573518306,4.72867573518306
UFLIA/sledgehammer/Fundamental_Theorem_Algebra/smtlib.1027777.smt2,cvc5,True,122.66416059387848,122.66416059387848
UFLIA/sledgehammer/QEpres/smtlib.1129449.smt2,cvc5,False,1200,2400
UFLIA/simplify2/front_end_suite/javafe.ast.ImportDeclVec.008.smt2,cvc5,True,0.27394548198208213,0.27394548198208213
UFLIA/sledgehammer/TwoSquares/smtlib.728831.smt2,cvc5,False,1200,2400
UFLIA/sledgehammer/TwoSquares/smtlib.775233.smt2,cvc5,False,1200,2400
UFLIA/sledgehammer/Fundamental_Theorem_Algebra/smtlib.931051.smt2,iProver,False,1200,2400
UFLIA/simplify2/front_end_suite/javafe.ast.ModifierPragmaVec.002.smt2,cvc5,True,0.4965732218697667,0.4965732218697667
UFLIA/simplify/javafe.ast.TypeDeclVec.387.smt2,cvc5,True,0.35921263811178505,0.35921263811178505
UFLIA/simplify2/front_end_suite/javafe.parser.Token.001.smt2,cvc5,True,0.3311528579797596,0.3311528579797596
UFLIA/sledgehammer/Hoare/smtlib.1095947.smt2,cvc5,False,1200,2400
UFLIA/sledgehammer/Fundamental_Theorem_Algebra/smtlib.607146.smt2,cvc5,False,1200,2400
UFLIA/sledgehammer/Fundamental_Theorem_Algebra/smtlib.947845.smt2,SMTInterpol,True,0.547189231030643,0.547189231030643
UFLIA/sledgehammer/Fundamental_Theorem_Algebra/smtlib.626357.smt2,iProver,False,1200,2400
UFLIA/simplify2/front_end_suite/javafe.tc.EnvForTypeSig.003.smt2,cvc5,True,0.3711362520698458,0.3711362520698458
UFLIA/simplify/javafe.ast.RoutineDecl.298.smt2,cvc5,True,0.2548113709781319,0.2548113709781319
UFLIA/sledgehammer/QEpres/smtlib.980521.smt2,cvc5,True,31.20950727001764,31.20950727001764
UFLIA/boogie/WhereMotivation_Types.M-modifiesOnLoop_1.smt2,cvc5,True,0.29885064088739455,0.29885064088739455
UFLIA/simplify2/front_end_suite/javafe.ast.DoStmt.008.smt2,cvc5,True,23.238202603068203,23.238202603068203
UFLIA/sledgehammer/StrongNorm/smtlib.614780.smt2,iProver,False,1200,2400
UFLIA/boogie/ValidAndPrevalid_Interval.Foo3.smt2,cvc5,False,1200,2400
UFLIA/sledgehammer/FFT/smtlib.1022845.smt2,cvc5,False,1200,2400
UFLIA/sledgehammer/FFT/smtlib.604578.smt2,iProver,False,1200,2400
UFLIA/sledgehammer/TwoSquares/smtlib.894689.smt2,SMTInterpol,True,0.5197569370502606,0.5197569370502606
UFLIA/sledgehammer/Arrow_Order/smtlib.573104.smt2,cvc5,False,1200,2400
UFLIA/sledgehammer/QEpres/smtlib.609781.smt2,iProver,True,3.91721220780164,3.91721220780164
UFLIA/sledgehammer/StrongNorm/smtlib.782141.smt2,cvc5,False,1200,2400
UFLIA/sledgehammer/TwoSquares/smtlib.802230.smt2,cvc5,True,0.47408293886110187,0.47408293886110187
UFLIA/sledgehammer/Arrow_Order/smtlib.780544.smt2,cvc5,True,31.417534130159765,31.417534130159765
UFLIA/boogie/ExposeVersion_X.ObjectCreationWithMethodQuery_X_notnull-level_2.smt2,cvc5,True,0.6145187811926007,0.6145187811926007
UFLIA/sledgehammer/TwoSquares/smtlib.786396.smt2,SMTInterpol,False,1200,2400
UFLIA/sledgehammer/Fundamental_Theorem_Algebra/smtlib.1069103.smt2,cvc5,False,1200,2400
UFLIA/simplify/javafe.ast.MethodDecl.239.smt2,cvc5,True,0.31458096113055944,0.31458096113055944
UFLIA/sledgehammer/Fundamental_Theorem_Algebra/smtlib.738258.smt2,cvc5,True,0.3354577370919287,0.3354577370919287
UFLIA/sledgehammer/Fundamental_Theorem_Algebra/smtlib.1011527.smt2,cvc5,True,270.84259893302806,270.84259893302806
UFLIA/sledgehammer/QEpres/smtlib.840400.smt2,cvc5,False,1200,2400
UFLIA/sledgehammer/QEpres/smtlib.827559.smt2,cvc5,False,1200,2400
UFLIA/boogie/Spouse_Person.MarryAssignTheOtherWayAround_GoodnessRestored_Person_notnull_System.Boolean.smt2,cvc5,True,17.130476366030052,17.130476366030052
UFLIA/simplify/javafe.tc.TypeSig.729.smt2,cvc5,True,1.4794150730594993,1.4794150730594993
UFLIA/simplify/javafe.ast.MethodInvocation.245.smt2,cvc5,True,0.7754047671332955,0.7754047671332955
UFLIA/sledgehammer/NS_Shared/smtlib.580173.smt2,cvc5,True,0.6707522580400109,0.6707522580400109
UFLIA/tokeneer/admintoken/poll-4.smt2,cvc5,False,1200,2400
UFLIA/simplify/javafe.parser.Lex.546.smt2,cvc5,True,6.56731333094649,6.56731333094649
UFLIA/sledgehammer/Fundamental_Theorem_Algebra/smtlib.1155379.smt2,cvc5,False,1200,2400
UFLIA/boogie/Factory_Test.Q.smt2,cvc5,True,1.112381565850228,1.112381565850228
UFLIA/sledgehammer/TwoSquares/smtlib.807902.smt2,SMTInterpol,True,0.6647402600501664,0.6647402600501664
UFLIA/grasshopper/instantiated/contains_postcondition_of_contains_49_7.smt2,cvc5,True,14.43538745911792,14.43538745911792
UFLIA/grasshopper/uninstantiated/merge_invariant_49_2.smt2,cvc5,True,490.0831366509665,490.0831366509665
UFLIA/sledgehammer/TypeSafe/smtlib.1365947.smt2,cvc5,False,1200,2400
UFLIA/boogie/ExposeVersion_X..ctor-level_2.smt2,cvc5,True,0.4769931719638407,0.4769931719638407
UFLIA/simplify/javafe.ast.AmbiguousMethodInvocation.30.smt2,cvc5,True,0.5767325910273939,0.5767325910273939
UFLIA/sledgehammer/Fundamental_Theorem_Algebra/smtlib.1471125.smt2,iProver,True,2.414569470100105,2.414569470100105
UFLIA/sledgehammer/Arrow_Order/smtlib.793032.smt2,iProver,False,1200,2400
UFLIA/simplify2/front_end_suite/javafe.CopyLoaded.015.smt2,cvc5,True,0.35766996699385345,0.35766996699385345
UFLIA/simplify2/front_end_suite/tohtml.Java2Html.011.smt2,cvc5,True,0.29039046401157975,0.29039046401157975
UFLIA/sledgehammer/FFT/smtlib.1022406.smt2,cvc5,False,1200,2400
UFLIA/sledgehammer/QEpres/smtlib.1142685.smt2,cvc5,False,1200,2400
UFLIA/sledgehammer/Hoare/smtlib.804621.smt2,iProver,False,1200,2400
UFLIA/boogie/PeerModifiesClauses_Homeboy.A-level_2.smt2,cvc5,False,1200,2400
UFLIA/sledgehammer/TypeSafe/smtlib.1052641.smt2,cvc5,False,1200,2400
UFLIA/sledgehammer/FFT/smtlib.899255.smt2,SMTInterpol,True,0.8254645059932955,0.8254645059932955
UFLIA/simplify2/front_end_suite/javafe.tc.CheckCompilationUnit.002.smt2,cvc5,True,0.29900323296897113,0.29900323296897113
UFLIA/boogie/SimpleAssignments2_SimpleAssignments2.DivisionByZero-infer_i.smt2,cvc5,False,1200,2400
UFLIA/simplify2/front_end_suite/javafe.ast.SwitchLabel.001.smt2,cvc5,True,0.45315287192352116,0.45315287192352116
UFLIA/sledgehammer/TwoSquares/smtlib.592026.smt2,cvc5,False,1200,2400
UFLIA/simplify2/front_end_suite/javafe.ast.TypeDeclVec.014.smt2,cvc5,True,0.28278115787543356,0.28278115787543356
UFLIA/boogie/LocalExpose_C..ctor.smt2,cvc5,True,3.5843773710075766,3.5843773710075766
UFLIA/simplify2/front_end_suite/javafe.ast.SwitchLabel.006.smt2,cvc5,True,10.598436881089583,10.598436881089583
UFLIA/sledgehammer/Fundamental_Theorem_Algebra/smtlib.1382534.smt2,iProver,False,1200,2400
UFLIA/sledgehammer/Fundamental_Theorem_Algebra/smtlib.1460296.smt2,iProver,True,101.56397860194556,101.56397860194556
UFLIA/sledgehammer/StrongNorm/smtlib.587358.smt2,iProver,False,1200,2400
UFLIA/simplify2/front_end_suite/javafe.util.SubCorrelatedReader.002.smt2,cvc5,True,0.28997790394350886,0.28997790394350886
UFLIA/sledgehammer/NS_Shared/smtlib.803649.smt2,cvc5,False,1200,2400
UFLIA/sledgehammer/Hoare/smtlib.917229.smt2,cvc5,True,0.3207976301200688,0.3207976301200688
UFLIA/simplify2/front_end_suite/javafe.filespace.PkgTree.008.smt2,cvc5,True,0.32135209417901933,0.32135209417901933
UFLIA/boogie/Types_Types.N0_C_D-orderStrength_1.smt2,cvc5,True,0.5047016169410199,0.5047016169410199
UFLIA/simplify2/front_end_suite/javafe.ast.CatchClause.007.smt2,cvc5,True,12.431395927909762,12.431395927909762
UFLIA/boogie/Chunker6_Chunker.NextChunk.smt2,cvc5,False,1200,2400
UFLIA/sledgehammer/Hoare/smtlib.571875.smt2,cvc5,True,0.22585091297514737,0.22585091297514737
UFLIA/sledgehammer/TypeSafe/smtlib.1016666.smt2,cvc5,False,1200,2400
UFLIA/sledgehammer/QEpres/smtlib.861518.smt2,cvc5,False,1200,2400
UFLIA/boogie/BClient_Client.P_MyClass_notnull.smt2,cvc5,True,16.301802849862725,16.301802849862725
UFLIA/sledgehammer/TwoSquares/smtlib.832679.smt2,cvc5,True,0.912566876038909,0.912566876038909
UFLIA/sledgehammer/TypeSafe/smtlib.813026.smt2,cvc5,False,1200,2400
UFLIA/simplify/javafe.ast.UnaryExpr.424.smt2,cvc5,True,1.5706343830097467,1.5706343830097467
UFLIA/sledgehammer/Fundamental_Theorem_Algebra/smtlib.633922.smt2,cvc5,True,0.37162911682389677,0.37162911682389677
UFLIA/boogie/CommittedOblivious_CO..ctor.smt2,cvc5,True,1.1194386440329254,1.1194386440329254
UFLIA/boogie/AssignToNonInvariantField_T.Me.smt2,cvc5,False,1200,2400
UFLIA/sledgehammer/StrongNorm/smtlib.841017.smt2,iProver,False,1200,2400
UFLIA/tokeneer/admin/thecurrentop-1.smt2,cvc5,False,1200,2400
UFLIA/sledgehammer/Fundamental_Theorem_Algebra/smtlib.745189.smt2,cvc5,False,1200,2400
UFLIA/simplify2/front_end_suite/javafe.CountLines.001.smt2,cvc5,True,0.34767330810427666,0.34767330810427666
UFLIA/sexpr/SES.PrettySx.Read_System.IO.TextReader_notnull.smt2,cvc5,True,31.47681802487932,31.47681802487932
UFLIA/sledgehammer/NS_Shared/smtlib.645854.smt2,iProver,False,1200,2400
UFLIA/sledgehammer/Hoare/smtlib.1228213.smt2,cvc5,False,1200,2400
UFLIA/sledgehammer/TypeSafe/smtlib.1234495.smt2,iProver,False,1200,2400
UFLIA/simplify/javafe.reader.SrcReader.616.smt2,cvc5,True,0.4451499090064317,0.4451499090064317
UFLIA/simplify2/front_end_suite/javafe.ast.ModifierPragmaVec.012.smt2,cvc5,True,0.32055881689302623,0.32055881689302623
UFLIA/boogie/SimpleAssignments4_SimpleAssignment4..ctor-infer_i-vc_local-level_0.smt2,cvc5,False,1200,2400
UFLIA/boogie/Types_Types.M2_B-orderStrength_1.smt2,cvc5,True,0.3472052391152829,0.3472052391152829
UFLIA/boogie/equiv6_M0-infer_e-vc_local.smt2,SMTInterpol,False,1200,2400
UFLIA/simplify2/front_end_suite/javafe.ast.IdentifierVec.018.smt2,cvc5,True,1.625714560970664,1.625714560970664
UFLIA/sledgehammer/QEpres/smtlib.1013163.smt2,cvc5,False,1200,2400
UFLIA/grasshopper/instantiated/merge_invariant_49_2.smt2,cvc5,True,0.8467473268974572,0.8467473268974572
UFLIA/boogie/StrictReadOnly_C2..ctor.smt2,cvc5,False,1200,2400
UFLIA/simplify2/front_end_suite/tohtml.Java2Html.019.smt2,cvc5,True,0.35045907413586974,0.35045907413586974
UFLIA/simplify2/front_end_suite/javafe.tc.PrepTypeDeclaration.017.smt2,cvc5,True,6.1967429160140455,6.1967429160140455
UFLIA/grasshopper/uninstantiated/pull_strands_postcondition_of_pull_strands_102_2.smt2,cvc5,True,35.2141038919799,35.2141038919799
UFLIA/sledgehammer/Fundamental_Theorem_Algebra/smtlib.766993.smt2,iProver,False,1200,2400
UFLIA/boogie/Modifies_Arraytests.P1_System.String.array-level_2.smt2,cvc5,False,1200,2400
UFLIA/simplify2/front_end_suite/javafe.ast.LexicalPragmaVec.019.smt2,cvc5,True,0.3292405251413584,0.3292405251413584
UFLIA/simplify2/front_end_suite/javafe.ast.LexicalPragmaVec.007.smt2,cvc5,True,0.46802074485458434,0.46802074485458434
UFLIA/sledgehammer/FFT/smtlib.927353.smt2,cvc5,False,1200,2400
UFLIA/sledgehammer/Fundamental_Theorem_Algebra/smtlib.742981.smt2,cvc5,False,1200,2400
UFLIA/grasshopper/instantiated/pull_strands_invariant_78_2.smt2,cvc5,True,0.5026935639325529,0.5026935639325529
UFLIA/sexpr/SES.Nary.CArgs_System.Cl.G.List_1...opt...MS.Cn.NNT.SES.Sx_notnull_System.Boolean.smt2,cvc5,True,31.106929077999666,31.106929077999666
UFLIA/sledgehammer/Fundamental_Theorem_Algebra/smtlib.965954.smt2,iProver,False,1200,2400
UFLIA/simplify2/front_end_suite/javafe.tc.Env.006.smt2,cvc5,True,29.692910084035248,29.692910084035248
UFLIA/sledgehammer/TwoSquares/smtlib.656931.smt2,cvc5,False,1200,2400
UFLIA/simplify2/front_end_suite/javafe.tc.TypeSig.003.smt2,cvc5,True,1.2028074148111045,1.2028074148111045
UFLIA/sledgehammer/Arrow_Order/smtlib.777190.smt2,cvc5,True,0.3100510179065168,0.3100510179065168
UFLIA/sledgehammer/QEpres/smtlib.622028.smt2,cvc5,False,1200,2400
UFLIA/simplify/javafe.parser.test.TestLex.578.smt2,cvc5,True,0.25512319803237915,0.25512319803237915
UFLIA/grasshopper/uninstantiated/insertion_sort_loop_check_heap_access_57_4.smt2,cvc5,True,0.4890236109495163,0.4890236109495163
UFLIA/sledgehammer/Arrow_Order/smtlib.792849.smt2,cvc5,False,1200,2400
UFLIA/simplify2/front_end_suite/javafe.filespace.EmptyEnum.001.smt2,cvc5,True,0.2615457319188863,0.2615457319188863
UFLIA/sledgehammer/TypeSafe/smtlib.705558.smt2,iProver,False,1200,2400
UFLIA/simplify2/front_end_suite/javafe.PrintSpec.014.smt2,cvc5,True,3.3706047190353274,3.3706047190353274
UFLIA/simplify2/front_end_suite/javafe.parser.ParseExpr.012.smt2,cvc5,True,0.9215797500219196,0.9215797500219196
UFLIA/sledgehammer/Arrow_Order/smtlib.771821.smt2,cvc5,True,0.30107734096236527,0.30107734096236527
UFLIA/simplify2/front_end_suite/javafe.tc.MethodDeclVec.009.smt2,cvc5,True,0.3238432500511408,0.3238432500511408
UFLIA/boogie/BasicMethodology_ExtensibleComponent..ctor.smt2,cvc5,True,0.41665308782830834,0.41665308782830834
UFLIA/boogie/Strings_test3.XY.N1_test3.XY_notnull_System.Object_notnull.smt2,cvc5,False,1200,2400
UFLIA/simplify/javafe.filespace.TreeWalker.515.smt2,cvc5,True,0.29984667990356684,0.29984667990356684
UFLIA/simplify/javafe.ast.FormalParaDeclVec.164.smt2,cvc5,True,0.27121144183911383,0.27121144183911383
UFLIA/simplify2/front_end_suite/javafe.tc.EnvForTypeSig.008.smt2,cvc5,True,0.38040149211883545,0.38040149211883545
UFLIA/sledgehammer/Hoare/smtlib.760844.smt2,cvc5,False,1200,2400
UFLIA/tokeneer/enclave/enrolop-9.smt2,SMTInterpol,True,1.2669873160193674,1.2669873160193674
UFLIA/grasshopper/uninstantiated/sls_traverse_loop_invariant_32_3.smt2,cvc5,True,3.424907066859305,3.424907066859305
UFLIA/simplify2/front_end_suite/javafe.tc.PrepTypeDeclaration.016.smt2,cvc5,True,1.2078459260519594,1.2078459260519594
UFLIA/sledgehammer/QEpres/smtlib.925190.smt2,iProver,False,1200,2400
UFLIA/sledgehammer/TwoSquares/smtlib.752933.smt2,cvc5,False,1200,2400
UFLIA/simplify2/front_end_suite/javafe.ast.TypeObjectDesignator.003.smt2,cvc5,True,0.6942667870316654,0.6942667870316654
UFLIA/simplify2/front_end_suite/javafe.reader.MethodSignature.003.smt2,cvc5,True,0.29684950807131827,0.29684950807131827
UFLIA/boogie/Chunker11-AdditiveExpose_Chunker..ctor_System.String_notnull_System.Int32.smt2,cvc5,True,1.238756146049127,1.238756146049127
UFLIA/sledgehammer/TwoSquares/smtlib.777711.smt2,cvc5,True,248.18903543800116,248.18903543800116
UFLIA/sledgehammer/Arrow_Order/smtlib.715271.smt2,cvc5,True,0.3748302140738815,0.3748302140738815
UFLIA/simplify2/front_end_suite/javafe.ast.CatchClauseVec.005.smt2,cvc5,True,0.41026142286136746,0.41026142286136746
UFLIA/boogie/Types_Types.P5_System.Object.array_notnull_System.Int32.array_notnull_A.array_notnull_J.array_notnull_B.array_notnull-orderStrength_1.smt2,cvc5,False,1200,2400
UFLIA/simplify/javafe.ast.CompoundName.87.smt2,cvc5,True,0.6917816519271582,0.6917816519271582
UFLIA/simplify/javafe.parser.Parse.552.smt2,cvc5,True,0.9597097430378199,0.9597097430378199
UFLIA/boogie/Interval_Interval.BadShift_System.Int32.smt2,cvc5,False,1200,2400
UFLIA/sledgehammer/Fundamental_Theorem_Algebra/smtlib.898427.smt2,iProver,False,1200,2400
UFLIA/boogie/DynamicTypes_Sub1.M.smt2,cvc5,False,1200,2400
UFLIA/simplify2/front_end_suite/javafe.ast.ReturnStmt.001.smt2,cvc5,True,0.4641663080547005,0.4641663080547005
UFLIA/sledgehammer/StrongNorm/smtlib.658074.smt2,iProver,False,1200,2400
UFLIA/sledgehammer/Hoare/smtlib.622871.smt2,cvc5,False,1200,2400
UFLIA/boogie/SimpleWhile5_SimpleWhile5..ctor-infer_i.smt2,cvc5,True,0.3201890951022506,0.3201890951022506
UFLIA/simplify/javafe.tc.PrepTypeDeclaration.710.smt2,cvc5,True,0.3030084860511124,0.3030084860511124
UFLIA/tokeneer/configdata/thealarmthresholdentries-3.smt2,SMTInterpol,True,1.2606125199818052,1.2606125199818052
UFLIA/boogie/AdvancedTypes_W..ctor-orderStrength_1.smt2,cvc5,True,0.5250096940435469,0.5250096940435469
UFLIA/sledgehammer/Fundamental_Theorem_Algebra/smtlib.1415984.smt2,cvc5,True,0.2719692620448768,0.2719692620448768
UFLIA/boogie/Spouse_Person.A3_Possession_notnull.smt2,cvc5,True,0.8622701999265701,0.8622701999265701
UFLIA/sledgehammer/TwoSquares/smtlib.813217.smt2,cvc5,False,1200,2400
UFLIA/simplify/javafe.Tool.22.smt2,cvc5,True,0.35229814099147916,0.35229814099147916
UFLIA/simplify/javafe.ast.CatchClauseVec.70.smt2,cvc5,True,0.3593763308599591,0.3593763308599591
UFLIA/sledgehammer/TypeSafe/smtlib.618862.smt2,cvc5,False,1200,2400
UFLIA/sledgehammer/Fundamental_Theorem_Algebra/smtlib.727549.smt2,cvc5,True,0.27712959493510425,0.27712959493510425
UFLIA/boogie/AllocBeforeLoop_Test.Method-modifiesOnLoop-noinfer.smt2,cvc5,False,1200,2400
UFLIA/sledgehammer/TwoSquares/smtlib.894693.smt2,SMTInterpol,True,0.5335924149840139,0.5335924149840139
UFLIA/sledgehammer/Fundamental_Theorem_Algebra/smtlib.1195019.smt2,cvc5,True,0.30480782501399517,0.30480782501399517
UFLIA/simplify/javafe.tc.FieldDeclVec.676.smt2,cvc5,True,0.3369118159171194,0.3369118159171194
UFLIA/boogie/DynamicTypes_DynamicTypes..ctor.smt2,cvc5,True,0.3454035520553589,0.3454035520553589
UFLIA/tokeneer/tokenreader/init-41.smt2,cvc5,True,0.24593824590556324,0.24593824590556324
UFLIA/simplify2/front_end_suite/javafe.test.SupertypeTest.007.smt2,cvc5,True,0.3941353540867567,0.3941353540867567
UFLIA/sledgehammer/TwoSquares/smtlib.618605.smt2,cvc5,True,0.33690802403725684,0.33690802403725684
UFLIA/sledgehammer/TwoSquares/smtlib.795098.smt2,cvc5,True,0.2616575029678643,0.2616575029678643
UFLIA/boogie/ExactTypes_Y1..ctor.smt2,cvc5,True,0.40297165303491056,0.40297165303491056
UFLIA/simplify2/front_end_suite/javafe.ast.ConstructorInvocation.007.smt2,cvc5,True,0.5207112331409007,0.5207112331409007
UFLIA/sledgehammer/TwoSquares/smtlib.721402.smt2,iProver,False,1200,2400
UFLIA/simplify/javafe.util.BufferedCorrelatedReader.769.smt2,cvc5,True,14.424134884029627,14.424134884029627
UFLIA/sledgehammer/QEpres/smtlib.1110855.smt2,SMTInterpol,True,0.8049174289917573,0.8049174289917573
UFLIA/boogie/ConstructorVisibility_Literal..ctor_System.Int32.smt2,cvc5,True,0.4547099720221013,0.4547099720221013
UFLIA/sledgehammer/QEpres/smtlib.922284.smt2,cvc5,False,1200,2400
UFLIA/boogie/Spouse_Person.NN.smt2,cvc5,True,0.29826111695729196,0.29826111695729196
UFLIA/simplify/javafe.parser.Lex.545.smt2,cvc5,True,0.49788544699549675,0.49788544699549675
UFLIA/sledgehammer/NS_Shared/smtlib.698124.smt2,cvc5,False,1200,2400
UFLIA/sledgehammer/TwoSquares/smtlib.677486.smt2,iProver,False,1200,2400
UFLIA/sledgehammer/Arrow_Order/smtlib.764398.smt2,cvc5,True,120.44652051106095,120.44652051106095
UFLIA/boogie/Array_test3.MyClass.Allocate0_System.Int32.smt2,cvc5,False,1200,2400
UFLIA/simplify2/front_end_suite/javafe.ast.InstanceOfExpr.007.smt2,cvc5,True,14.865861904108897,14.865861904108897
UFLIA/boogie/Finally_ReturnFinally.N-modifiesOnLoop.smt2,cvc5,False,1200,2400
UFLIA/sledgehammer/Hoare/smtlib.936204.smt2,iProver,False,1200,2400
UFLIA/sledgehammer/StrongNorm/smtlib.587649.smt2,iProver,False,1200,2400
UFLIA/simplify2/front_end_suite/javafe.ast.TryFinallyStmt.007.smt2,cvc5,True,0.4530720349866897,0.4530720349866897
UFLIA/sledgehammer/Hoare/smtlib.835302.smt2,cvc5,True,0.23150210082530975,0.23150210082530975
UFLIA/simplify2/front_end_suite/javafe.ast.LexicalPragmaVec.016.smt2,cvc5,True,0.3759576790034771,0.3759576790034771
UFLIA/sledgehammer/QEpres/smtlib.749329.smt2,cvc5,False,1200,2400
UFLIA/sledgehammer/Fundamental_Theorem_Algebra/smtlib.836969.smt2,cvc5,False,1200,2400
UFLIA/boogie/AssertFalse_AssertFalseTest.Test1.smt2,cvc5,False,1200,2400
UFLIA/sledgehammer/Fundamental_Theorem_Algebra/smtlib.947613.smt2,SMTInterpol,True,0.5404419479891658,0.5404419479891658
UFLIA/simplify2/front_end_suite/javafe.ast.TypeName.005.smt2,cvc5,True,0.5284587710630149,0.5284587710630149
UFLIA/simplify2/front_end_suite/javafe.parser.Lex.017.smt2,cvc5,True,0.3187896569725126,0.3187896569725126
UFLIA/simplify2/front_end_suite/javafe.ast.TypeDeclElemVec.016.smt2,cvc5,True,0.34763382701203227,0.34763382701203227
UFLIA/sledgehammer/QEpres/smtlib.848703.smt2,cvc5,False,1200,2400
UFLIA/simplify2/front_end_suite/javafe.ast.RoutineDecl.005.smt2,cvc5,True,0.4690277171321213,0.4690277171321213
UFLIA/sledgehammer/Fundamental_Theorem_Algebra/smtlib.828681.smt2,cvc5,True,151.6464033080265,151.6464033080265
UFLIA/sledgehammer/Fundamental_Theorem_Algebra/smtlib.1362786.smt2,cvc5,False,1200,2400
UFLIA/boogie/Switch_Switch.FooString_System.String_notnull.smt2,cvc5,True,0.27787913591600955,0.27787913591600955
UFLIA/simplify2/front_end_suite/javafe.util.LocationManagerCorrelatedReader.016.smt2,cvc5,True,0.289949256926775,0.289949256926775
UFLIA/simplify2/front_end_suite/javafe.CountLines.002.smt2,cvc5,True,0.2948719111736864,0.2948719111736864
UFLIA/boogie/ExposeVersion_A.MethodCallOnOtherWithMethodQuery_A_notnull-level_2.smt2,cvc5,True,0.42008427903056145,0.42008427903056145
UFLIA/boogie/Switch_Switch..ctor.smt2,cvc5,True,0.36914420290850103,0.36914420290850103
UFLIA/simplify2/front_end_suite/javafe.ast.SimpleName.009.smt2,cvc5,True,0.4573999149724841,0.4573999149724841
UFLIA/boogie/Spouse_Person.A1_Possession_notnull.smt2,cvc5,False,1200,2400
UFLIA/sledgehammer/FFT/smtlib.1004475.smt2,cvc5,False,1200,2400
UFLIA/boogie/AdditiveMethods_AdditiveMethods.N.smt2,cvc5,True,1.089819893008098,1.089819893008098
UFLIA/simplify2/front_end_suite/tohtml.DeclLinks.012.smt2,cvc5,True,0.477593048941344,0.477593048941344
UFLIA/grasshopper/instantiated/delete_postcondition_of_delete_56_12.smt2,cvc5,True,3.235957978060469,3.235957978060469
UFLIA/sledgehammer/TwoSquares/smtlib.913088.smt2,SMTInterpol,True,0.49971069500315934,0.49971069500315934
UFLIA/sledgehammer/Fundamental_Theorem_Algebra/smtlib.595526.smt2,cvc5,True,10.584091277094558,10.584091277094558
UFLIA/simplify/javafe.filespace.FileTree.463.smt2,cvc5,True,0.2882797790225595,0.2882797790225595
UFLIA/sledgehammer/QEpres/smtlib.830729.smt2,iProver,False,1200,2400
UFLIA/sledgehammer/QEpres/smtlib.599043.smt2,iProver,False,1200,2400
UFLIA/tokeneer/enclave/adminlogout-8.smt2,cvc5,False,1200,2400
UFLIA/boogie/List_Node..ctor.smt2,cvc5,True,0.5111619359813631,0.5111619359813631
UFLIA/sledgehammer/StrongNorm/smtlib.618717.smt2,iProver,False,1200,2400
UFLIA/boogie/ValidAndPrevalid_Interval.Foo4.smt2,cvc5,True,1.447114618960768,1.447114618960768
UFLIA/simplify2/front_end_suite/javafe.ast.SwitchStmt.004.smt2,cvc5,True,0.5323944590054452,0.5323944590054452
UFLIA/sledgehammer/FFT/smtlib.885470.smt2,SMTInterpol,False,1200,2400
UFLIA/sledgehammer/Fundamental_Theorem_Algebra/smtlib.1447330.smt2,cvc5,False,1200,2400
UFLIA/tokeneer/tokenreader/poll-16.smt2,cvc5,True,0.23511733696796,0.23511733696796
UFLIA/simplify2/front_end_suite/javafe.ast.DelegatingPrettyPrint.002.smt2,cvc5,True,0.37335168896242976,0.37335168896242976
UFLIA/sledgehammer/QEpres/smtlib.651955.smt2,cvc5,True,0.3182545357849449,0.3182545357849449
UFLIA/simplify2/front_end_suite/javafe.ast.MethodDecl.002.smt2,cvc5,True,0.6806358699686825,0.6806358699686825
UFLIA/sledgehammer/QEpres/smtlib.655188.smt2,cvc5,False,1200,2400
UFLIA/sledgehammer/TypeSafe/smtlib.833204.smt2,cvc5,False,1200,2400
UFLIA/boogie/Types_D..ctor-orderStrength_1.smt2,cvc5,True,0.5897152798715979,0.5897152798715979
UFLIA/sledgehammer/Fundamental_Theorem_Algebra/smtlib.1195212.smt2,cvc5,True,0.30850680614821613,0.30850680614821613
UFLIA/simplify2/front_end_suite/javafe.ast.IdentifierVec.020.smt2,cvc5,True,6.656424585962668,6.656424585962668
UFLIA/sledgehammer/Hoare/smtlib.1078388.smt2,cvc5,False,1200,2400
UFLIA/boogie/BasicMethodology_CS.test3.smt2,cvc5,True,13.239400059916079,13.239400059916079
UFLIA/sledgehammer/QEpres/smtlib.1244119.smt2,SMTInterpol,True,0.5096723290043883,0.5096723290043883
UFLIA/simplify2/front_end_suite/javafe.parser.Lex.005.smt2,cvc5,True,0.45369945117272437,0.45369945117272437
UFLIA/simplify2/front_end_suite/javafe.tc.TypeSig.026.smt2,cvc5,True,0.5963266589678824,0.5963266589678824
UFLIA/sledgehammer/Hoare/smtlib.774037.smt2,cvc5,True,0.2909987289458513,0.2909987289458513
UFLIA/sledgehammer/TwoSquares/smtlib.708217.smt2,cvc5,True,0.6552048060111701,0.6552048060111701
UFLIA/sledgehammer/FFT/smtlib.551876.smt2,iProver,True,818.5274263119791,818.5274263119791
UFLIA/simplify2/front_end_suite/javafe.ast.ImportDeclVec.020.smt2,cvc5,True,2.4791313509922475,2.4791313509922475
UFLIA/sledgehammer/Fundamental_Theorem_Algebra/smtlib.1089235.smt2,iProver,False,1200,2400
UFLIA/sledgehammer/FFT/smtlib.959974.smt2,SMTInterpol,True,1174.0623569160234,1174.0623569160234
UFLIA/sledgehammer/Hoare/smtlib.1014618.smt2,cvc5,True,37.30481178499758,37.30481178499758
UFLIA/simplify2/front_end_suite/javafe.ast.DefaultVisitor.007.smt2,cvc5,True,0.4983536039944738,0.4983536039944738
UFLIA/simplify2/front_end_suite/javafe.util.LocationManagerCorrelatedReader.017.smt2,cvc5,True,0.469391237013042,0.469391237013042
UFLIA/sledgehammer/Fundamental_Theorem_Algebra/smtlib.883491.smt2,cvc5,True,0.30097265797667205,0.30097265797667205
UFLIA/sledgehammer/QEpres/smtlib.826872.smt2,cvc5,False,1200,2400
UFLIA/grasshopper/uninstantiated/delete_invariant_35_4.smt2,cvc5,True,0.25828348519280553,0.25828348519280553
UFLIA/sledgehammer/Hoare/smtlib.902522.smt2,iProver,True,6.428417156916112,6.428417156916112
UFLIA/grasshopper/instantiated/quicksort_postcondition_of_quicksort_55_45.smt2,cvc5,True,33.68517079483718,33.68517079483718
UFLIA/sledgehammer/Fundamental_Theorem_Algebra/smtlib.863961.smt2,cvc5,False,1200,2400
UFLIA/sledgehammer/QEpres/smtlib.748876.smt2,cvc5,False,1200,2400
UFLIA/simplify2/front_end_suite/javafe.ast.ArrayRefExpr.011.smt2,cvc5,True,0.730609088903293,0.730609088903293
UFLIA/simplify/javafe.ast.StmtVec.326.smt2,cvc5,True,0.27001960203051567,0.27001960203051567
UFLIA/sledgehammer/Fundamental_Theorem_Algebra/smtlib.877672.smt2,iProver,False,1200,2400
UFLIA/simplify/javafe.ast.InstanceOfExpr.203.smt2,cvc5,True,1.4311657671350986,1.4311657671350986
UFLIA/simplify2/front_end_suite/javafe.ast.EvalStmt.001.smt2,cvc5,True,4.71999874105677,4.71999874105677
UFLIA/boogie/ExposeVersion_A.FieldUpdateOnOtherWithMethodQuery_A_notnull_A_notnull-level_2.smt2,cvc5,True,1.2915687870699912,1.2915687870699912
UFLIA/sledgehammer/StrongNorm/smtlib.637323.smt2,cvc5,False,1200,2400
UFLIA/tokeneer/enclave/init-4.smt2,SMTInterpol,True,1.2858708359999582,1.2858708359999582
UFLIA/simplify/javafe.tc.SLResolution.712.smt2,cvc5,True,140.17562417988665,140.17562417988665
UFLIA/boogie/Boxes_Boxes_2.P1_Boxes_2..type.parameter.U.smt2,cvc5,True,0.2733458010479808,0.2733458010479808
UFLIA/sledgehammer/TwoSquares/smtlib.832014.smt2,cvc5,True,8.968895377125591,8.968895377125591
UFLIA/boogie/AdvancedTypes_Q..ctor-orderStrength_1.smt2,cvc5,True,0.5253302699420601,0.5253302699420601
UFLIA/simplify2/front_end_suite/javafe.ast.BlockStmt.002.smt2,cvc5,True,4.561687416862696,4.561687416862696
UFLIA/boogie/Immutable_test3.B..ctor.smt2,cvc5,True,0.4801934140268713,0.4801934140268713
UFLIA/tokeneer/display/combinelines-13.smt2,SMTInterpol,True,0.704990127007477,0.704990127007477
UFLIA/simplify/javafe.ast.TypeNameVec.411.smt2,cvc5,True,0.7021089228801429,0.7021089228801429
UFLIA/sledgehammer/QEpres/smtlib.922072.smt2,cvc5,False,1200,2400
UFLIA/sledgehammer/StrongNorm/smtlib.722073.smt2,cvc5,True,5.077822030056268,5.077822030056268
UFLIA/simplify2/front_end_suite/javafe.ast.EvalStmt.007.smt2,cvc5,True,11.112974270945415,11.112974270945415
UFLIA/boogie/LocalExpose_T.M2.smt2,cvc5,False,1200,2400
UFLIA/boogie/Alloc_Alloc.M3_T_notnull.smt2,cvc5,False,1200,2400
UFLIA/grasshopper/instantiated/insert_postcondition_of_insert_49_4.smt2,cvc5,True,3.1626181309111416,3.1626181309111416
UFLIA/simplify2/front_end_suite/javafe.util.StackVector.007.smt2,cvc5,True,0.5054295079316944,0.5054295079316944
UFLIA/simplify/javafe.ast.LocalVarDecl.234.smt2,cvc5,True,0.6789356910157949,0.6789356910157949
UFLIA/sledgehammer/Hoare/smtlib.718494.smt2,cvc5,True,0.4723335287999362,0.4723335287999362
UFLIA/sledgehammer/Fundamental_Theorem_Algebra/smtlib.1208595.smt2,iProver,True,23.95495969383046,23.95495969383046
UFLIA/simplify/javafe.ast.TypeModifierPragmaVec.401.smt2,cvc5,True,3.798561338102445,3.798561338102445
UFLIA/simplify2/front_end_suite/javafe.ast.StandardPrettyPrint.020.smt2,cvc5,True,0.6593584248330444,0.6593584248330444
UFLIA/sledgehammer/TypeSafe/smtlib.1001775.smt2,cvc5,True,12.417037843028083,12.417037843028083
UFLIA/sledgehammer/TypeSafe/smtlib.785071.smt2,cvc5,False,1200,2400
UFLIA/simplify2/front_end_suite/javafe.tc.Types.034.smt2,cvc5,True,0.5634818021208048,0.5634818021208048
UFLIA/grasshopper/uninstantiated/sls_insert_postcondition_of_sls_insert_42_4.smt2,cvc5,True,30.5787298460491,30.5787298460491
UFLIA/simplify2/front_end_suite/javafe.tc.MethodDeclVec.013.smt2,cvc5,True,0.6265353539492935,0.6265353539492935
UFLIA/simplify2/front_end_suite/javafe.ast.FormalParaDecl.004.smt2,cvc5,True,0.4580701789818704,0.4580701789818704
UFLIA/sledgehammer/Hoare/smtlib.1129306.smt2,iProver,False,1200,2400
UFLIA/simplify/javafe.tc.MethodDeclVec.693.smt2,cvc5,True,0.526124075986445,0.526124075986445
UFLIA/simplify2/front_end_suite/javafe.tc.TypeSigVec.011.smt2,cvc5,True,0.30920313694514334,0.30920313694514334
UFLIA/simplify/javafe.ast.TypeDeclVec.393.smt2,cvc5,True,1.7349317059852183,1.7349317059852183
UFLIA/sledgehammer/Arrow_Order/smtlib.807322.smt2,cvc5,False,1200,2400
UFLIA/simplify2/front_end_suite/javafe.tc.FlowInsensitiveChecks.005.smt2,cvc5,False,1200,2400
UFLIA/sledgehammer/Fundamental_Theorem_Algebra/smtlib.961677.smt2,iProver,False,1200,2400
UFLIA/simplify2/front_end_suite/javafe.ast.CatchClauseVec.011.smt2,cvc5,True,0.26976533606648445,0.26976533606648445
UFLIA/simplify2/front_end_suite/javafe.ast.SynchronizeStmt.011.smt2,cvc5,True,0.6184855510946363,0.6184855510946363
UFLIA/sledgehammer/Hoare/smtlib.704804.smt2,iProver,False,1200,2400
UFLIA/sledgehammer/NS_Shared/smtlib.819941.smt2,iProver,False,1200,2400
UFLIA/grasshopper/uninstantiated/difference_precondition_of_difference_43_15.smt2,cvc5,True,43.05994787090458,43.05994787090458
UFLIA/sledgehammer/FFT/smtlib.891596.smt2,cvc5,False,1200,2400
UFLIA/simplify2/front_end_suite/javafe.ast.StmtVec.019.smt2,cvc5,True,0.32471184781752527,0.32471184781752527
UFLIA/sledgehammer/FFT/smtlib.898348.smt2,SMTInterpol,True,0.896217038971372,0.896217038971372
UFLIA/sledgehammer/Fundamental_Theorem_Algebra/smtlib.995052.smt2,iProver,False,1200,2400
UFLIA/simplify/javafe.ast.AmbiguousMethodInvocation.31.smt2,cvc5,True,0.6316045399289578,0.6316045399289578
UFLIA/tokeneer/tokenreader/poll/processreaderstatechange-4.smt2,cvc5,True,0.23233265499584377,0.23233265499584377
UFLIA/boogie/ConstructorVisibility_Visitor.M.smt2,cvc5,False,1200,2400
UFLIA/sledgehammer/FFT/smtlib.692559.smt2,cvc5,False,1200,2400
UFLIA/sledgehammer/StrongNorm/smtlib.872237.smt2,iProver,False,1200,2400
UFLIA/grasshopper/uninstantiated/reverse_loop_invariant_37_3.smt2,cvc5,True,30.504469895968214,30.504469895968214
UFLIA/tokeneer/keystore/addkey-14.smt2,SMTInterpol,False,1200,2400
UFLIA/simplify/javafe.tc.TypeSigVec.736.smt2,cvc5,True,1.332978697028011,1.332978697028011
UFLIA/simplify/javafe.tc.FlowInsensitiveChecks.687.smt2,cvc5,True,1.181651963852346,1.181651963852346
UFLIA/boogie/Bag3_Bag..ctor_System.Int32.array_notnull_System.Int32_System.Int32.smt2,cvc5,False,1200,2400
UFLIA/tokeneer/enclave/validateadmintoken-11.smt2,SMTInterpol,False,1200,2400
UFLIA/sledgehammer/Fundamental_Theorem_Algebra/smtlib.1269992.smt2,iProver,False,1200,2400
UFLIA/sledgehammer/NS_Shared/smtlib.807156.smt2,cvc5,False,1200,2400
UFLIA/sledgehammer/Arrow_Order/smtlib.584485.smt2,cvc5,False,1200,2400
UFLIA/sledgehammer/QEpres/smtlib.606789.smt2,cvc5,False,1200,2400
UFLIA/simplify2/front_end_suite/javafe.ast.InitBlock.009.smt2,cvc5,True,14.413338162004948,14.413338162004948
UFLIA/simplify2/front_end_suite/javafe.ast.LexicalPragmaVec.015.smt2,cvc5,True,1.0521723369602114,1.0521723369602114
UFLIA/sledgehammer/StrongNorm/smtlib.591385.smt2,iProver,False,1200,2400
UFLIA/simplify2/front_end_suite/javafe.ast.ArrayType.002.smt2,cvc5,True,0.5513594138901681,0.5513594138901681
UFLIA/sledgehammer/Fundamental_Theorem_Algebra/smtlib.897602.smt2,cvc5,True,736.1049671671353,736.1049671671353
UFLIA/sledgehammer/TwoSquares/smtlib.673465.smt2,cvc5,False,1200,2400
UFLIA/sledgehammer/FFT/smtlib.597709.smt2,iProver,False,1200,2400
UFLIA/simplify/javafe.ast.TypeNameVec.410.smt2,cvc5,True,0.2778359050862491,0.2778359050862491
UFLIA/sledgehammer/Fundamental_Theorem_Algebra/smtlib.1435405.smt2,cvc5,True,0.2643418919760734,0.2643418919760734
UFLIA/tokeneer/configdata/writefile-10.smt2,cvc5,False,1200,2400
UFLIA/sledgehammer/FFT/smtlib.855270.smt2,cvc5,False,1200,2400
UFLIA/simplify/javafe.util.StackVector.818.smt2,cvc5,True,1.682610530871898,1.682610530871898
UFLIA/simplify2/front_end_suite/javafe.tc.TypeSig.041.smt2,cvc5,True,4.7573247430846095,4.7573247430846095
UFLIA/sledgehammer/Fundamental_Theorem_Algebra/z3.591288.smt2,cvc5,False,1200,2400
UFLIA/sledgehammer/Arrow_Order/smtlib.859801.smt2,iProver,False,1200,2400
UFLIA/tokeneer/door/lockdoor-1.smt2,SMTInterpol,True,1.6033454239950515,1.6033454239950515
UFLIA/sledgehammer/Fundamental_Theorem_Algebra/smtlib.1423581.smt2,cvc5,False,1200,2400
UFLIA/simplify2/front_end_suite/javafe.ast.ConstructorInvocation.006.smt2,cvc5,True,0.5522205960005522,0.5522205960005522
UFLIA/sledgehammer/StrongNorm/smtlib.756536.smt2,cvc5,False,1200,2400
UFLIA/sledgehammer/QEpres/smtlib.822731.smt2,cvc5,False,1200,2400
UFLIA/sledgehammer/TypeSafe/smtlib.1019016.smt2,iProver,False,1200,2400
UFLIA/boogie/AdditiveMethods_OwnedResults.Pz.smt2,cvc5,True,0.3399831510614604,0.3399831510614604
UFLIA/boogie/Spouse_Person.MM.smt2,cvc5,True,0.2917354397941381,0.2917354397941381
UFLIA/boogie/DoWhileBad_Test.Copy_System.Int32.smt2,cvc5,False,1200,2400
UFLIA/boogie/StaticFields_StaticFields.N.smt2,cvc5,False,1200,2400
UFLIA/sledgehammer/Fundamental_Theorem_Algebra/smtlib.1446477.smt2,cvc5,False,1200,2400
UFLIA/sledgehammer/QEpres/smtlib.1217538.smt2,cvc5,False,1200,2400
UFLIA/sledgehammer/Hoare/smtlib.1127415.smt2,cvc5,False,1200,2400
UFLIA/sledgehammer/Fundamental_Theorem_Algebra/smtlib.1148592.smt2,cvc5,False,1200,2400
UFLIA/sledgehammer/Hoare/smtlib.1137114.smt2,iProver,False,1200,2400
UFLIA/sledgehammer/Fundamental_Theorem_Algebra/smtlib.1249094.smt2,cvc5,True,0.4846504512242973,0.4846504512242973
UFLIA/sledgehammer/TwoSquares/smtlib.629305.smt2,cvc5,True,44.99890210502781,44.99890210502781
UFLIA/sledgehammer/Fundamental_Theorem_Algebra/smtlib.1443254.smt2,cvc5,False,1200,2400
UFLIA/sledgehammer/Fundamental_Theorem_Algebra/smtlib.1202080.smt2,cvc5,False,1200,2400
UFLIA/sledgehammer/Fundamental_Theorem_Algebra/smtlib.993621.smt2,cvc5,False,1200,2400
UFLIA/sexpr/SES.Sx.get_True.smt2,cvc5,True,2.6421012959908694,2.6421012959908694
UFLIA/boogie/PureAxioms_B.Dummy1-level_2.smt2,cvc5,False,1200,2400
UFLIA/sledgehammer/QEpres/smtlib.920451.smt2,cvc5,False,1200,2400
UFLIA/sledgehammer/TwoSquares/smtlib.712884.smt2,cvc5,False,1200,2400
UFLIA/boogie/MustOverride_Ex2.B..ctor.smt2,cvc5,True,0.33662918978370726,0.33662918978370726
UFLIA/sledgehammer/Fundamental_Theorem_Algebra/smtlib.1256827.smt2,iProver,False,1200,2400
UFLIA/sledgehammer/TwoSquares/smtlib.626558.smt2,iProver,False,1200,2400
UFLIA/simplify2/front_end_suite/javafe.util.BufferedCorrelatedReader.004.smt2,cvc5,True,0.2801463978830725,0.2801463978830725
UFLIA/sledgehammer/Fundamental_Theorem_Algebra/smtlib.903383.smt2,cvc5,True,32.5589698809199,32.5589698809199
UFLIA/sledgehammer/QEpres/smtlib.743825.smt2,cvc5,False,1200,2400
UFLIA/sledgehammer/QEpres/smtlib.1093300.smt2,cvc5,False,1200,2400
UFLIA/sledgehammer/FFT/smtlib.1019112.smt2,cvc5,True,210.52020299294963,210.52020299294963
UFLIA/tokeneer/enclave/startadminactivity-7.smt2,cvc5,False,1200,2400
UFLIA/sledgehammer/FFT/smtlib.851454.smt2,iProver,False,1200,2400
UFLIA/simplify2/front_end_suite/javafe.ast.IfStmt.008.smt2,cvc5,True,18.06160724791698,18.06160724791698
UFLIA/simplify/javafe.ast.CatchClauseVec.69.smt2,cvc5,True,0.2750109799671918,0.2750109799671918
UFLIA/boogie/Chunker1_Chunker.NextChunk.smt2,cvc5,False,1200,2400
UFLIA/simplify2/front_end_suite/javafe.ast.SuperObjectDesignator.001.smt2,cvc5,True,0.44948195689357817,0.44948195689357817
UFLIA/boogie/Boxes_Boxes_2.Q_System.Int32.smt2,cvc5,False,1200,2400
UFLIA/simplify2/front_end_suite/javafe.ast.ClassDeclStmt.002.smt2,cvc5,True,2.2183040170930326,2.2183040170930326
UFLIA/sledgehammer/Fundamental_Theorem_Algebra/smtlib.1327187.smt2,cvc5,False,1200,2400
UFLIA/sledgehammer/QEpres/smtlib.1014851.smt2,cvc5,False,1200,2400
UFLIA/sledgehammer/QEpres/smtlib.729310.smt2,cvc5,False,1200,2400
UFLIA/boogie/SimpleWhile5_SimpleWhile5.NegativeWrong_System.Int32_System.Int32_System.Int32-infer_i.smt2,cvc5,False,1200,2400
UFLIA/sledgehammer/QEpres/smtlib.890514.smt2,cvc5,False,1200,2400
UFLIA/sledgehammer/QEpres/smtlib.1082721.smt2,cvc5,False,1200,2400
UFLIA/simplify2/front_end_suite/javafe.ast.StandardPrettyPrint.021.smt2,cvc5,True,0.5569815309718251,0.5569815309718251
UFLIA/sledgehammer/StrongNorm/smtlib.797909.smt2,iProver,False,1200,2400
UFLIA/simplify/javafe.CopyLoaded.2.smt2,cvc5,True,0.5159337201621383,0.5159337201621383
UFLIA/sledgehammer/Arrow_Order/smtlib.808929.smt2,cvc5,False,1200,2400
UFLIA/boogie/Bad_Cell..ctor.smt2,cvc5,True,0.33935317513532937,0.33935317513532937
UFLIA/sledgehammer/Hoare/smtlib.891187.smt2,iProver,False,1200,2400
UFLIA/sledgehammer/QEpres/smtlib.1010125.smt2,cvc5,False,1200,2400
UFLIA/boogie/Unsigned_test.Caller0_System.UInt32.smt2,cvc5,True,0.538638625992462,0.538638625992462
UFLIA/boogie/InitialValuesBad_Cell..ctor.smt2,cvc5,False,1200,2400
UFLIA/sledgehammer/Fundamental_Theorem_Algebra/smtlib.802880.smt2,iProver,False,1200,2400
UFLIA/simplify2/front_end_suite/javafe.reader.CachedReader.005.smt2,cvc5,True,0.24846462695859373,0.24846462695859373
UFLIA/simplify/javafe.ast.SimpleName.310.smt2,cvc5,True,0.29050273494794965,0.29050273494794965
UFLIA/boogie/AdditiveMethods_AdditiveMethods.Y.smt2,cvc5,True,0.32485852600075305,0.32485852600075305
UFLIA/sledgehammer/Fundamental_Theorem_Algebra/smtlib.1382198.smt2,cvc5,False,1200,2400
UFLIA/sledgehammer/NS_Shared/smtlib.583829.smt2,iProver,False,1200,2400
UFLIA/sledgehammer/Fundamental_Theorem_Algebra/smtlib.962373.smt2,iProver,False,1200,2400
UFLIA/simplify2/front_end_suite/javafe.ast.TypeModifierPragmaVec.015.smt2,cvc5,True,1.2023014861624688,1.2023014861624688
UFLIA/sledgehammer/QEpres/smtlib.1049995.smt2,cvc5,False,1200,2400
UFLIA/sledgehammer/QEpres/smtlib.791091.smt2,cvc5,False,1200,2400
UFLIA/simplify/javafe.tc.FieldDeclVec.673.smt2,cvc5,True,1.0562426859978586,1.0562426859978586
UFLIA/sledgehammer/FFT/smtlib.649733.smt2,iProver,False,1200,2400
UFLIA/grasshopper/uninstantiated/pull_strands_loop_check_heap_access_87_6.smt2,cvc5,True,0.33614040818065405,0.33614040818065405
UFLIA/sledgehammer/QEpres/smtlib.1165046.smt2,cvc5,False,1200,2400
UFLIA/sledgehammer/QEpres/smtlib.1138051.smt2,cvc5,False,1200,2400
UFLIA/sledgehammer/TwoSquares/smtlib.807529.smt2,cvc5,True,0.2651149989105761,0.2651149989105761
UFLIA/boogie/Immutable_test3.Imtbl..ctor.smt2,cvc5,True,0.3874892520252615,0.3874892520252615
UFLIA/sledgehammer/Fundamental_Theorem_Algebra/z3.666976.smt2,iProver,False,1200,2400
UFLIA/sledgehammer/TwoSquares/smtlib.592580.smt2,cvc5,False,1200,2400
UFLIA/sledgehammer/QEpres/smtlib.644437.smt2,cvc5,True,210.7975925609935,210.7975925609935
UFLIA/simplify/javafe.tc.MethodDeclVec.692.smt2,cvc5,True,0.2685440038330853,0.2685440038330853
UFLIA/sledgehammer/QEpres/smtlib.765921.smt2,cvc5,False,1200,2400
UFLIA/grasshopper/uninstantiated/delete_postcondition_of_delete_59_8.smt2,cvc5,True,11.745608977973461,11.745608977973461
UFLIA/sledgehammer/Hoare/smtlib.874055.smt2,cvc5,True,1.1585814009886235,1.1585814009886235
UFLIA/simplify2/front_end_suite/javafe.PrintSpec.013.smt2,cvc5,True,0.41162230307236314,0.41162230307236314
UFLIA/sledgehammer/Fundamental_Theorem_Algebra/smtlib.1404760.smt2,cvc5,False,1200,2400
UFLIA/sledgehammer/NS_Shared/smtlib.790317.smt2,cvc5,False,1200,2400
UFLIA/sledgehammer/Fundamental_Theorem_Algebra/smtlib.653489.smt2,cvc5,False,1200,2400
UFLIA/sledgehammer/TwoSquares/smtlib.875411.smt2,cvc5,True,0.35826475312933326,0.35826475312933326
UFLIA/sledgehammer/Fundamental_Theorem_Algebra/smtlib.1424753.smt2,cvc5,False,1200,2400
UFLIA/simplify2/front_end_suite/javafe.util.BufferedCorrelatedReader.007.smt2,cvc5,True,0.31848058314062655,0.31848058314062655
UFLIA/simplify2/front_end_suite/javafe.ast.LabelStmt.003.smt2,cvc5,True,2.384146667085588,2.384146667085588
UFLIA/sledgehammer/Hoare/smtlib.644503.smt2,cvc5,True,4.240086357109249,4.240086357109249
UFLIA/simplify2/front_end_suite/javafe.ast.TypeNameVec.005.smt2,cvc5,True,0.4379285261966288,0.4379285261966288
UFLIA/simplify2/front_end_suite/javafe.filespace.UnionTree.005.smt2,cvc5,True,0.29260776983574033,0.29260776983574033
UFLIA/tokeneer/display/combinelines-11.smt2,SMTInterpol,True,0.6599422049475834,0.6599422049475834
UFLIA/tokeneer/tokenreader/init-45.smt2,cvc5,True,0.23493992490693927,0.23493992490693927
UFLIA/simplify2/front_end_suite/javafe.tc.TypeSig.034.smt2,cvc5,True,6.09509376809001,6.09509376809001
UFLIA/sledgehammer/TwoSquares/smtlib.815987.smt2,cvc5,True,2.80708009400405,2.80708009400405
UFLIA/sledgehammer/TwoSquares/smtlib.823232.smt2,cvc5,False,1200,2400
UFLIA/simplify2/front_end_suite/javafe.ast.FieldDecl.013.smt2,cvc5,True,0.652236795052886,0.652236795052886
UFLIA/sledgehammer/QEpres/smtlib.601450.smt2,cvc5,True,210.61710723908618,210.61710723908618
UFLIA/sledgehammer/StrongNorm/smtlib.848464.smt2,cvc5,True,0.3857543100602925,0.3857543100602925
UFLIA/sledgehammer/Fundamental_Theorem_Algebra/smtlib.996928.smt2,cvc5,True,276.82101171812974,276.82101171812974
UFLIA/sledgehammer/Hoare/smtlib.944852.smt2,cvc5,True,0.786637474084273,0.786637474084273
UFLIA/sledgehammer/NS_Shared/smtlib.646171.smt2,iProver,False,1200,2400
UFLIA/sledgehammer/Hoare/smtlib.711831.smt2,cvc5,False,1200,2400
UFLIA/sledgehammer/Fundamental_Theorem_Algebra/smtlib.942321.smt2,cvc5,True,129.32369908411056,129.32369908411056
UFLIA/sledgehammer/TypeSafe/smtlib.939473.smt2,iProver,False,1200,2400
UFLIA/simplify2/front_end_suite/javafe.ast.LexicalPragmaVec.013.smt2,cvc5,True,0.5215977930929512,0.5215977930929512
UFLIA/sledgehammer/TypeSafe/smtlib.859703.smt2,cvc5,False,1200,2400
UFLIA/sledgehammer/QEpres/smtlib.928789.smt2,cvc5,False,1200,2400
UFLIA/simplify2/front_end_suite/javafe.ast.BinaryExpr.005.smt2,cvc5,True,0.7532684660982341,0.7532684660982341
UFLIA/boogie/ExactTypes_W..ctor.smt2,cvc5,True,0.397520552854985,0.397520552854985
UFLIA/sexpr/SES.PrettySx.PeekToken_System.IO.TextReader_notnull_System.String.ptr.smt2,cvc5,True,31.426351658068597,31.426351658068597
UFLIA/boogie/Types_Types.P7_System.Object.array_notnull_System.Int32.array_notnull_A.array_notnull_J.array_notnull_B.array_notnull-orderStrength_1.smt2,cvc5,False,1200,2400
UFLIA/sledgehammer/QEpres/smtlib.662939.smt2,cvc5,False,1200,2400
UFLIA/sledgehammer/Arrow_Order/smtlib.647719.smt2,cvc5,True,0.3865013341419399,0.3865013341419399
UFLIA/simplify2/front_end_suite/tohtml.Java2Html.012.smt2,cvc5,True,0.602895941818133,0.602895941818133
UFLIA/grasshopper/uninstantiated/difference_check_heap_access_43_15.smt2,cvc5,True,1.5369320751633495,1.5369320751633495
UFLIA/sledgehammer/FFT/smtlib.979124.smt2,cvc5,False,1200,2400
UFLIA/sledgehammer/TypeSafe/smtlib.1134448.smt2,iProver,False,1200,2400
UFLIA/simplify2/front_end_suite/javafe.ast.FieldAccess.008.smt2,cvc5,True,0.5136430140119046,0.5136430140119046
UFLIA/sexpr/SES.Nary.FA_SES.Sx_notnull.smt2,cvc5,True,30.971533796051517,30.971533796051517
UFLIA/simplify/javafe.TestTool.21.smt2,cvc5,True,0.36082573980093,0.36082573980093
UFLIA/sledgehammer/Arrow_Order/smtlib.580585.smt2,cvc5,False,1200,2400
UFLIA/sledgehammer/Fundamental_Theorem_Algebra/smtlib.1410750.smt2,cvc5,False,1200,2400
UFLIA/simplify2/front_end_suite/javafe.ast.TypeDeclVec.002.smt2,cvc5,True,0.6127803490962833,0.6127803490962833
UFLIA/sledgehammer/Hoare/smtlib.786242.smt2,cvc5,False,1200,2400
UFLIA/grasshopper/uninstantiated/insert_loop_invariant_46_3.smt2,cvc5,True,42.11930902511813,42.11930902511813
UFLIA/sledgehammer/Hoare/smtlib.744828.smt2,cvc5,False,1200,2400
UFLIA/sledgehammer/Hoare/smtlib.1197725.smt2,cvc5,True,1.047036455012858,1.047036455012858
UFLIA/boogie/Delegate_Delegate.CallIt_System.Int32_System.String_notnull.smt2,cvc5,True,1.2281207249034196,1.2281207249034196
UFLIA/simplify2/front_end_suite/javafe.filespace.HashTree.004.smt2,cvc5,True,0.25511493906378746,0.25511493906378746
UFLIA/sledgehammer/Fundamental_Theorem_Algebra/smtlib.735143.smt2,cvc5,False,1200,2400
UFLIA/simplify/javafe.ast.VarInitVec.429.smt2,cvc5,True,0.26480440702289343,0.26480440702289343
UFLIA/sledgehammer/Arrow_Order/smtlib.626508.smt2,cvc5,False,1200,2400
UFLIA/sledgehammer/Fundamental_Theorem_Algebra/smtlib.741060.smt2,iProver,False,1200,2400
UFLIA/sledgehammer/FFT/smtlib.815689.smt2,cvc5,False,1200,2400
UFLIA/simplify2/front_end_suite/javafe.ast.NewInstanceExpr.003.smt2,cvc5,True,0.7641623020172119,0.7641623020172119
UFLIA/boogie/Chunker2_Chunker..ctor_System.String_notnull_System.Int32.smt2,cvc5,True,3.245069425087422,3.245069425087422
UFLIA/sledgehammer/Hoare/smtlib.1234055.smt2,iProver,False,1200,2400
UFLIA/simplify2/front_end_suite/javafe.tc.CheckInvariants.004.smt2,cvc5,True,213.43709678715095,213.43709678715095
UFLIA/simplify2/front_end_suite/javafe.util.FileCorrelatedReader.004.smt2,cvc5,True,0.3780727428384125,0.3780727428384125
UFLIA/sledgehammer/TwoSquares/smtlib.856286.smt2,cvc5,False,1200,2400
UFLIA/sledgehammer/TypeSafe/smtlib.1027653.smt2,cvc5,True,0.38101116893813014,0.38101116893813014
UFLIA/simplify2/front_end_suite/javafe.ast.ImportDeclVec.016.smt2,cvc5,True,0.44065221515484154,0.44065221515484154
UFLIA/simplify2/front_end_suite/javafe.ast.CatchClauseVec.018.smt2,cvc5,True,0.4377564201131463,0.4377564201131463
UFLIA/sledgehammer/Hoare/smtlib.991739.smt2,cvc5,False,1200,2400
UFLIA/simplify2/front_end_suite/javafe.tc.FlowInsensitiveChecks.023.smt2,cvc5,True,10.772472926881164,10.772472926881164
UFLIA/sledgehammer/Arrow_Order/smtlib.834175.smt2,iProver,False,1200,2400
UFLIA/simplify2/front_end_suite/javafe.ast.ForStmt.002.smt2,cvc5,True,0.5063965970184654,0.5063965970184654
UFLIA/sledgehammer/TypeSafe/smtlib.1066189.smt2,cvc5,True,3.2268339809961617,3.2268339809961617
UFLIA/sledgehammer/Fundamental_Theorem_Algebra/smtlib.947730.smt2,SMTInterpol,True,0.5303049440262839,0.5303049440262839
UFLIA/boogie/BasicMethodology_CS..ctor.smt2,cvc5,True,0.5129211968742311,0.5129211968742311
UFLIA/sledgehammer/QEpres/smtlib.836396.smt2,cvc5,False,1200,2400
UFLIA/sledgehammer/TypeSafe/smtlib.785852.smt2,cvc5,False,1200,2400
UFLIA/tokeneer/configdata/writefile/workinghourstext-2.smt2,SMTInterpol,True,1.736681029025931,1.736681029025931
UFLIA/simplify2/front_end_suite/javafe.reader.ASTClassFileParser.023.smt2,cvc5,True,6.768222611863166,6.768222611863166
UFLIA/sledgehammer/FFT/smtlib.934521.smt2,cvc5,False,1200,2400
UFLIA/simplify2/front_end_suite/javafe.filespace.TreeWalker.007.smt2,cvc5,True,0.3021947490051389,0.3021947490051389
UFLIA/sledgehammer/Hoare/smtlib.807900.smt2,cvc5,True,143.37610790296458,143.37610790296458
UFLIA/sledgehammer/Fundamental_Theorem_Algebra/smtlib.1061168.smt2,cvc5,False,1200,2400
UFLIA/grasshopper/uninstantiated/difference_postcondition_of_difference_31_8.smt2,cvc5,True,0.4402126930654049,0.4402126930654049
UFLIA/boogie/AssumeEnsures_Proc-noinfer_1.smt2,SMTInterpol,True,1.1138899810030125,1.1138899810030125
UFLIA/sledgehammer/Hoare/smtlib.667201.smt2,cvc5,True,0.36745598795823753,0.36745598795823753
UFLIA/grasshopper/uninstantiated/pull_strands_loop_check_heap_access_99_6.smt2,cvc5,True,0.48517574602738023,0.48517574602738023
UFLIA/sledgehammer/Hoare/smtlib.891442.smt2,iProver,False,1200,2400
UFLIA/boogie/loopInvOnDemand_M.smt2,SMTInterpol,True,1.2671266680117697,1.2671266680117697
UFLIA/sledgehammer/QEpres/smtlib.1038391.smt2,cvc5,False,1200,2400
UFLIA/simplify/javafe.ast.LexicalPragmaVec.225.smt2,cvc5,True,0.2687683468684554,0.2687683468684554
UFLIA/sledgehammer/Fundamental_Theorem_Algebra/smtlib.812297.smt2,cvc5,False,1200,2400
UFLIA/boogie/AssignToNonInvariantField_AssignToNonInvariantField..ctor.smt2,cvc5,True,0.4543311109300703,0.4543311109300703
UFLIA/boogie/Boxes_Boxes_2.A.smt2,cvc5,True,0.3223087419755757,0.3223087419755757
UFLIA/simplify2/front_end_suite/javafe.ast.ParenExpr.001.smt2,cvc5,True,0.46589728887192905,0.46589728887192905
UFLIA/sledgehammer/NS_Shared/smtlib.907366.smt2,cvc5,True,0.6600964372046292,0.6600964372046292
UFLIA/simplify2/front_end_suite/javafe.ast.ThisExpr.002.smt2,cvc5,True,0.43598450999706984,0.43598450999706984
UFLIA/boogie/Chunker2_Chunker.NextChunk.smt2,cvc5,False,1200,2400
UFLIA/sledgehammer/TwoSquares/smtlib.792171.smt2,cvc5,False,1200,2400
UFLIA/sledgehammer/StrongNorm/smtlib.571388.smt2,iProver,False,1200,2400
UFLIA/simplify2/front_end_suite/javafe.ast.ModifierPragmaVec.014.smt2,cvc5,True,0.2639207320753485,0.2639207320753485
UFLIA/simplify/javafe.ast.MethodInvocation.244.smt2,cvc5,True,1.8307949369773269,1.8307949369773269
UFLIA/sledgehammer/Arrow_Order/smtlib.556254.smt2,iProver,True,1.4230500059202313,1.4230500059202313
UFLIA/sledgehammer/NS_Shared/smtlib.570244.smt2,iProver,False,1200,2400
UFLIA/sledgehammer/Fundamental_Theorem_Algebra/smtlib.666455.smt2,SMTInterpol,True,14.52358529297635,14.52358529297635
UFLIA/sledgehammer/Fundamental_Theorem_Algebra/smtlib.1500119.smt2,cvc5,False,1200,2400
UFLIA/sledgehammer/Arrow_Order/smtlib.766968.smt2,cvc5,True,90.53946997085586,90.53946997085586
UFLIA/simplify/javafe.ast.TypeDeclVec.388.smt2,cvc5,True,1.030815060948953,1.030815060948953
UFLIA/sledgehammer/NS_Shared/smtlib.827090.smt2,cvc5,False,1200,2400
UFLIA/simplify2/front_end_suite/javafe.reader.CachedReader.003.smt2,cvc5,True,0.29273877502419055,0.29273877502419055
UFLIA/sledgehammer/StrongNorm/smtlib.748520.smt2,cvc5,False,1200,2400
UFLIA/simplify2/front_end_suite/javafe.tc.EnvForLocalType.005.smt2,cvc5,True,0.5091499800328165,0.5091499800328165
UFLIA/simplify/javafe.ast.ModifierPragmaVec.250.smt2,cvc5,True,1.1725153389852494,1.1725153389852494
UFLIA/tokeneer/enclave/progressadminactivity-1.smt2,SMTInterpol,True,1.6946395380073227,1.6946395380073227
UFLIA/tokeneer/userentry/progress-11.smt2,SMTInterpol,True,1.4493866030243225,1.4493866030243225
UFLIA/simplify/javafe.ast.ImportDeclVec.188.smt2,cvc5,True,0.2811424529645592,0.2811424529645592
UFLIA/sledgehammer/FFT/smtlib.899219.smt2,SMTInterpol,True,0.5342649889644235,0.5342649889644235
UFLIA/simplify2/front_end_suite/javafe.ast.MethodDecl.004.smt2,cvc5,True,0.5516716209240258,0.5516716209240258
UFLIA/sledgehammer/QEpres/smtlib.660943.smt2,cvc5,False,1200,2400
UFLIA/sledgehammer/QEpres/smtlib.772150.smt2,iProver,False,1200,2400
UFLIA/sledgehammer/QEpres/smtlib.1100784.smt2,cvc5,False,1200,2400
UFLIA/sledgehammer/Hoare/smtlib.931862.smt2,iProver,False,1200,2400
UFLIA/sledgehammer/StrongNorm/smtlib.853023.smt2,cvc5,True,0.30193897103890777,0.30193897103890777
UFLIA/sledgehammer/Fundamental_Theorem_Algebra/smtlib.1400589.smt2,cvc5,False,1200,2400
UFLIA/sledgehammer/TwoSquares/smtlib.771933.smt2,cvc5,True,120.52165698586032,120.52165698586032
UFLIA/sledgehammer/QEpres/smtlib.771932.smt2,cvc5,False,1200,2400
UFLIA/sledgehammer/Fundamental_Theorem_Algebra/smtlib.574048.smt2,cvc5,True,0.3616357350256294,0.3616357350256294
UFLIA/sledgehammer/Fundamental_Theorem_Algebra/smtlib.869456.smt2,cvc5,True,270.5663967139553,270.5663967139553
UFLIA/simplify/javafe.tc.TypeSig.730.smt2,cvc5,True,271.464981934987,271.464981934987
UFLIA/sledgehammer/QEpres/smtlib.726426.smt2,cvc5,False,1200,2400
UFLIA/boogie/Immutable_test3.Typeof..ctor.smt2,cvc5,True,0.38923670910298824,0.38923670910298824
UFLIA/sledgehammer/TwoSquares/smtlib.739101.smt2,cvc5,False,1200,2400
UFLIA/grasshopper/instantiated/remove_postcondition_of_remove_45_2.smt2,cvc5,True,10.175646549090743,10.175646549090743
UFLIA/boogie/BasicMethodology_BasicMethodology.SpecSharp.CheckInvariant_System.Boolean.smt2,cvc5,True,0.30681097810156643,0.30681097810156643
UFLIA/sledgehammer/QEpres/smtlib.645873.smt2,iProver,True,3.3781551402062178,3.3781551402062178
UFLIA/sledgehammer/Hoare/smtlib.1225290.smt2,iProver,True,1.3519737818278372,1.3519737818278372
UFLIA/boogie/Types_Types.P0_K_notnull-orderStrength_1.smt2,cvc5,True,0.7547067410778254,0.7547067410778254
UFLIA/sledgehammer/Hoare/smtlib.630695.smt2,cvc5,True,0.3425006971228868,0.3425006971228868
UFLIA/sledgehammer/QEpres/smtlib.898504.smt2,cvc5,False,1200,2400
UFLIA/boogie/Bag0_Bag.RemoveMin.smt2,cvc5,False,1200,2400
UFLIA/boogie/PureReceiverMightBeCommitted_C.N.smt2,cvc5,True,1.05752038420178,1.05752038420178
UFLIA/sledgehammer/Fundamental_Theorem_Algebra/smtlib.965909.smt2,iProver,False,1200,2400
UFLIA/grasshopper/instantiated/quicksort_precondition_of_quicksort_55_4.smt2,cvc5,True,1.9803068439941853,1.9803068439941853
UFLIA/sledgehammer/QEpres/smtlib.973259.smt2,cvc5,True,120.67674809880555,120.67674809880555
UFLIA/sledgehammer/QEpres/smtlib.853251.smt2,cvc5,False,1200,2400
UFLIA/sledgehammer/Hoare/smtlib.781845.smt2,cvc5,False,1200,2400
UFLIA/sledgehammer/NS_Shared/smtlib.585704.smt2,cvc5,True,0.34272752492688596,0.34272752492688596
UFLIA/boogie/Bag7_Bag..ctor_System.Int32.array_notnull.smt2,cvc5,True,1.4851518550422043,1.4851518550422043
UFLIA/boogie/LocalExpose_T.V1.smt2,cvc5,False,1200,2400
UFLIA/sledgehammer/Arrow_Order/smtlib.589328.smt2,cvc5,False,1200,2400
UFLIA/simplify/javafe.tc.FieldDeclVec.678.smt2,cvc5,True,0.27356228209100664,0.27356228209100664
UFLIA/simplify2/front_end_suite/javafe.parser.ParseUtil.006.smt2,cvc5,True,1.1299340140540153,1.1299340140540153
UFLIA/simplify2/small_suite/getNextPragma.smt2,cvc5,True,469.3187727560289,469.3187727560289
UFLIA/boogie/Typeof_Typeof.N.smt2,cvc5,False,1200,2400
UFLIA/sledgehammer/Arrow_Order/smtlib.845259.smt2,cvc5,False,1200,2400
UFLIA/sledgehammer/Hoare/smtlib.990061.smt2,cvc5,True,0.5427348241209984,0.5427348241209984
UFLIA/simplify2/front_end_suite/javafe.ast.VarInitVec.018.smt2,cvc5,True,0.38291347306221724,0.38291347306221724
UFLIA/sledgehammer/Hoare/smtlib.1050669.smt2,iProver,False,1200,2400
UFLIA/sledgehammer/FFT/smtlib.1024935.smt2,cvc5,False,1200,2400
UFLIA/tokeneer/tokenreader/init-48.smt2,cvc5,True,0.23846214707009494,0.23846214707009494
UFLIA/simplify2/front_end_suite/javafe.ast.ModifierPragmaVec.011.smt2,cvc5,True,0.29821297503076494,0.29821297503076494
UFLIA/sledgehammer/Hoare/smtlib.638735.smt2,iProver,False,1200,2400
UFLIA/sledgehammer/QEpres/smtlib.779227.smt2,cvc5,False,1200,2400
UFLIA/sledgehammer/StrongNorm/smtlib.773563.smt2,iProver,False,1200,2400
UFLIA/sledgehammer/Arrow_Order/smtlib.593393.smt2,cvc5,False,1200,2400
UFLIA/tokeneer/configdata/validatefile/readduration-5.smt2,SMTInterpol,True,1.5573579230112955,1.5573579230112955
UFLIA/simplify2/front_end_suite/javafe.ast.FormalParaDeclVec.020.smt2,cvc5,True,0.9556198138743639,0.9556198138743639
UFLIA/simplify2/front_end_suite/javafe.ast.TypeDeclElemVec.011.smt2,cvc5,True,0.299078508047387,0.299078508047387
UFLIA/simplify2/front_end_suite/javafe.parser.test.TestParse.002.smt2,cvc5,True,0.3839703060220927,0.3839703060220927
UFLIA/simplify/javafe.filespace.Tree.505.smt2,cvc5,True,0.2935009610373527,0.2935009610373527
UFLIA/simplify/javafe.ast.TryCatchStmt.360.smt2,cvc5,True,0.6035079010762274,0.6035079010762274
UFLIA/boogie/Spouse_Person.Marry_Person_notnull.smt2,cvc5,True,3.8210497631225735,3.8210497631225735
UFLIA/sledgehammer/TwoSquares/smtlib.598292.smt2,SMTInterpol,True,0.43216832005418837,0.43216832005418837
UFLIA/tokeneer/keystore/digest-3.smt2,SMTInterpol,False,1200,2400
UFLIA/simplify2/front_end_suite/javafe.ast.BlockStmt.005.smt2,cvc5,True,0.6435473149176687,0.6435473149176687
UFLIA/sledgehammer/TwoSquares/smtlib.807820.smt2,cvc5,True,0.24817840801551938,0.24817840801551938
UFLIA/sledgehammer/TwoSquares/smtlib.738631.smt2,cvc5,False,1200,2400
UFLIA/sledgehammer/TwoSquares/smtlib.595748.smt2,iProver,False,1200,2400
UFLIA/sledgehammer/QEpres/smtlib.850092.smt2,cvc5,False,1200,2400
UFLIA/sledgehammer/TypeSafe/smtlib.933012.smt2,iProver,False,1200,2400
UFLIA/sledgehammer/QEpres/smtlib.963025.smt2,cvc5,False,1200,2400
UFLIA/boogie/FormulaTerm2_PX-noinfer.smt2,SMTInterpol,True,1.2805294229765423,1.2805294229765423
UFLIA/sledgehammer/QEpres/smtlib.630030.smt2,iProver,True,786.8653963049874,786.8653963049874
UFLIA/simplify/javafe.tc.EnvForLocals.663.smt2,cvc5,True,0.583045142935589,0.583045142935589
UFLIA/sledgehammer/QEpres/smtlib.833591.smt2,cvc5,False,1200,2400
UFLIA/sledgehammer/QEpres/smtlib.699580.smt2,cvc5,False,1200,2400
UFLIA/sledgehammer/QEpres/smtlib.731006.smt2,iProver,False,1200,2400
UFLIA/sledgehammer/Arrow_Order/smtlib.822748.smt2,cvc5,False,1200,2400
UFLIA/sledgehammer/QEpres/smtlib.1091242.smt2,cvc5,True,0.5165153548587114,0.5165153548587114
UFLIA/simplify2/front_end_suite/tohtml.Java2Html.026.smt2,cvc5,True,0.3175406497903168,0.3175406497903168
UFLIA/sledgehammer/QEpres/smtlib.998365.smt2,cvc5,False,1200,2400
UFLIA/sledgehammer/FFT/smtlib.643354.smt2,cvc5,False,1200,2400
UFLIA/simplify/javafe.ast.FormalParaDeclVec.166.smt2,cvc5,True,0.3283182380255312,0.3283182380255312
UFLIA/simplify/javafe.ast.ArrayType.46.smt2,cvc5,True,0.6739783661905676,0.6739783661905676
UFLIA/boogie/Quantifiers_Q-noinfer.smt2,SMTInterpol,False,1200,2400
UFLIA/boogie/Modifies_C.Correct_T_notnull-level_2.smt2,cvc5,True,0.5789306699298322,0.5789306699298322
UFLIA/boogie/Subclass_Sub.Ty.smt2,cvc5,True,0.3288294149097055,0.3288294149097055
UFLIA/sledgehammer/Fundamental_Theorem_Algebra/smtlib.1283862.smt2,cvc5,False,1200,2400
UFLIA/sledgehammer/TwoSquares/smtlib.588495.smt2,iProver,False,1200,2400
UFLIA/sledgehammer/Hoare/smtlib.934730.smt2,cvc5,False,1200,2400
UFLIA/sledgehammer/Fundamental_Theorem_Algebra/smtlib.988505.smt2,cvc5,False,1200,2400
UFLIA/simplify2/front_end_suite/javafe.parser.ParseUtil.004.smt2,cvc5,True,0.3748996888753027,0.3748996888753027
UFLIA/sledgehammer/Arrow_Order/smtlib.812177.smt2,cvc5,True,2.844433676917106,2.844433676917106
UFLIA/grasshopper/uninstantiated/merge_sort_precondition_of_merge_sort_101_10.smt2,cvc5,True,480.85871517891064,480.85871517891064
UFLIA/sledgehammer/FFT/smtlib.1021416.smt2,cvc5,False,1200,2400
UFLIA/boogie/Bag5_Bag..ctor_System.Int32.array_notnull_System.Int32_System.Int32.smt2,cvc5,True,2.578900614986196,2.578900614986196
UFLIA/sledgehammer/TwoSquares/smtlib.745135.smt2,cvc5,True,300.4983187948819,300.4983187948819
UFLIA/sledgehammer/Fundamental_Theorem_Algebra/smtlib.1250336.smt2,iProver,False,1200,2400
UFLIA/simplify2/front_end_suite/javafe.tc.Types.030.smt2,cvc5,True,0.5277887450065464,0.5277887450065464
UFLIA/sledgehammer/QEpres/smtlib.963961.smt2,cvc5,False,1200,2400
UFLIA/sledgehammer/Fundamental_Theorem_Algebra/smtlib.802479.smt2,iProver,False,1200,2400
UFLIA/boogie/BoxedInt_BoxedInt.P_System.Double.smt2,cvc5,False,1200,2400
UFLIA/simplify/javafe.filespace.Tree.504.smt2,cvc5,True,0.25301527488045394,0.25301527488045394
UFLIA/sledgehammer/TypeSafe/smtlib.1050394.smt2,cvc5,False,1200,2400
UFLIA/sledgehammer/FFT/smtlib.570658.smt2,cvc5,False,1200,2400
UFLIA/sledgehammer/Fundamental_Theorem_Algebra/smtlib.576946.smt2,iProver,False,1200,2400
UFLIA/sledgehammer/QEpres/smtlib.882231.smt2,cvc5,True,0.3709757730830461,0.3709757730830461
UFLIA/boogie/AdvancedTypes_InternalSubClass..ctor-orderStrength_1.smt2,cvc5,True,0.5515123589430004,0.5515123589430004
UFLIA/sledgehammer/QEpres/smtlib.783502.smt2,cvc5,False,1200,2400
UFLIA/sexpr/SES.Sx.Quote_System.String_notnull.smt2,cvc5,True,7.654608432203531,7.654608432203531
UFLIA/sledgehammer/Fundamental_Theorem_Algebra/smtlib.752753.smt2,cvc5,False,1200,2400
UFLIA/sledgehammer/TwoSquares/smtlib.796227.smt2,cvc5,True,0.23130996013060212,0.23130996013060212
UFLIA/simplify/javafe.ast.NewArrayExpr.265.smt2,cvc5,True,0.6219100379385054,0.6219100379385054
UFLIA/sledgehammer/TwoSquares/smtlib.590927.smt2,cvc5,False,1200,2400
UFLIA/simplify2/front_end_suite/javafe.ast.TypeDeclElemVec.021.smt2,cvc5,True,0.27480018604546785,0.27480018604546785
UFLIA/boogie/Types_Types.P3_K_notnull-orderStrength_1.smt2,cvc5,False,1200,2400
UFLIA/simplify/javafe.tc.FieldDeclVec.675.smt2,cvc5,True,0.8925691670738161,0.8925691670738161
UFLIA/sledgehammer/TypeSafe/smtlib.930260.smt2,cvc5,False,1200,2400
UFLIA/simplify/javafe.reader.MethodSignature.610.smt2,cvc5,True,0.2729488869663328,0.2729488869663328
UFLIA/sledgehammer/TwoSquares/smtlib.678375.smt2,cvc5,True,246.77896427107044,246.77896427107044
UFLIA/sledgehammer/Fundamental_Theorem_Algebra/smtlib.998770.smt2,cvc5,True,0.36580248293466866,0.36580248293466866
UFLIA/sledgehammer/Fundamental_Theorem_Algebra/smtlib.1438328.smt2,cvc5,True,0.2475288959685713,0.2475288959685713
UFLIA/RicartAgrawala/ricart-agrawala1.smt2,cvc5,True,0.2839090218767524,0.2839090218767524
UFLIA/simplify/javafe.util.LocationManagerCorrelatedReader.797.smt2,cvc5,True,0.37055761204101145,0.37055761204101145
UFLIA/sledgehammer/Arrow_Order/smtlib.718040.smt2,cvc5,True,120.47381999599747,120.47381999599747
UFLIA/sledgehammer/FFT/smtlib.580868.smt2,iProver,False,1200,2400
UFLIA/sledgehammer/Fundamental_Theorem_Algebra/smtlib.1021911.smt2,cvc5,True,0.34873135504312813,0.34873135504312813
UFLIA/sledgehammer/Fundamental_Theorem_Algebra/smtlib.876477.smt2,cvc5,False,1200,2400
UFLIA/sledgehammer/QEpres/smtlib.1173562.smt2,cvc5,False,1200,2400
UFLIA/simplify2/front_end_suite/javafe.ast.IdentifierVec.012.smt2,cvc5,True,1.467378045199439,1.467378045199439
UFLIA/sledgehammer/TwoSquares/smtlib.813442.smt2,cvc5,False,1200,2400
UFLIA/sledgehammer/Fundamental_Theorem_Algebra/smtlib.957104.smt2,SMTInterpol,True,0.8180877359700389,0.8180877359700389
UFLIA/sledgehammer/QEpres/smtlib.598535.smt2,iProver,False,1200,2400
UFLIA/boogie/StrictReadOnly_C2.X3.smt2,cvc5,False,1200,2400
UFLIA/simplify/javafe.ast.TypeDecl.367.smt2,cvc5,True,0.3169050579890609,0.3169050579890609
UFLIA/sledgehammer/QEpres/smtlib.673200.smt2,cvc5,False,1200,2400
UFLIA/simplify/javafe.filespace.LookAheadEnum.472.smt2,cvc5,True,0.2777672370430082,0.2777672370430082
UFLIA/sledgehammer/Fundamental_Theorem_Algebra/smtlib.603339.smt2,cvc5,False,1200,2400
UFLIA/boogie/LocalExpose_U..ctor.smt2,cvc5,True,0.5107665590476245,0.5107665590476245
UFLIA/simplify2/front_end_suite/javafe.tc.FlowInsensitiveChecks.004.smt2,cvc5,True,0.6402349369600415,0.6402349369600415
UFLIA/sledgehammer/TypeSafe/smtlib.865325.smt2,cvc5,False,1200,2400
UFLIA/sledgehammer/Fundamental_Theorem_Algebra/smtlib.1428326.smt2,cvc5,True,151.7924616530072,151.7924616530072
UFLIA/simplify/javafe.ast.FormalParaDecl.160.smt2,cvc5,True,0.7038801570888609,0.7038801570888609
UFLIA/simplify2/front_end_suite/javafe.ast.AmbiguousMethodInvocation.006.smt2,cvc5,True,0.4669600180350244,0.4669600180350244
UFLIA/sledgehammer/Hoare/smtlib.763601.smt2,iProver,False,1200,2400
UFLIA/sledgehammer/Fundamental_Theorem_Algebra/smtlib.579454.smt2,cvc5,False,1200,2400
UFLIA/sledgehammer/QEpres/smtlib.714218.smt2,cvc5,False,1200,2400
UFLIA/sledgehammer/StrongNorm/smtlib.801698.smt2,iProver,False,1200,2400
UFLIA/sledgehammer/Hoare/smtlib.890691.smt2,iProver,False,1200,2400
UFLIA/sledgehammer/Hoare/smtlib.700407.smt2,iProver,False,1200,2400
UFLIA/simplify2/front_end_suite/javafe.tc.TypeSig.014.smt2,cvc5,True,0.5862903259694576,0.5862903259694576
UFLIA/sledgehammer/QEpres/smtlib.657335.smt2,iProver,False,1200,2400
UFLIA/sledgehammer/Fundamental_Theorem_Algebra/smtlib.1401723.smt2,cvc5,False,1200,2400
UFLIA/sledgehammer/StrongNorm/smtlib.745283.smt2,iProver,False,1200,2400
UFLIA/sledgehammer/Fundamental_Theorem_Algebra/smtlib.930957.smt2,cvc5,False,1200,2400
UFLIA/sledgehammer/FFT/smtlib.1013561.smt2,iProver,False,1200,2400
UFLIA/sledgehammer/Hoare/smtlib.1019952.smt2,cvc5,False,1200,2400
UFLIA/sledgehammer/QEpres/smtlib.830189.smt2,cvc5,False,1200,2400
UFLIA/boogie/Modifies_Arraytests.Main-level_2.smt2,cvc5,False,1200,2400
UFLIA/sledgehammer/Hoare/smtlib.660166.smt2,iProver,True,39.98305870802142,39.98305870802142
UFLIA/grasshopper/uninstantiated/merge_loop_invariant_62_3.smt2,cvc5,True,30.392244815127924,30.392244815127924
UFLIA/simplify/javafe.ast.SynchronizeStmt.348.smt2,cvc5,True,1.4543258540797979,1.4543258540797979
UFLIA/sledgehammer/Hoare/smtlib.576492.smt2,cvc5,True,0.28633670997805893,0.28633670997805893
UFLIA/simplify/javafe.tc.MethodDeclVec.695.smt2,cvc5,True,9.589673225069419,9.589673225069419
UFLIA/simplify2/front_end_suite/javafe.ast.LocalVarDecl.005.smt2,cvc5,True,0.5410989872179925,0.5410989872179925
UFLIA/sledgehammer/Fundamental_Theorem_Algebra/smtlib.1269749.smt2,iProver,False,1200,2400
UFLIA/sledgehammer/TwoSquares/smtlib.783255.smt2,cvc5,True,120.58649197616614,120.58649197616614
UFLIA/sledgehammer/Fundamental_Theorem_Algebra/smtlib.691578.smt2,cvc5,True,0.28053628909401596,0.28053628909401596
UFLIA/sledgehammer/StrongNorm/smtlib.557691.smt2,cvc5,False,1200,2400
UFLIA/sledgehammer/Hoare/smtlib.993842.smt2,cvc5,True,60.461883556097746,60.461883556097746
UFLIA/boogie/PureCall_Test.FieldLikeTest.smt2,cvc5,False,1200,2400
UFLIA/boogie/AdvancedTypes_P..ctor-orderStrength_1.smt2,cvc5,True,0.485193575033918,0.485193575033918
UFLIA/sledgehammer/FFT/smtlib.566042.smt2,iProver,True,11.402484508929774,11.402484508929774
UFLIA/boogie/Subclass_Sub..ctor.smt2,cvc5,True,0.5571386010851711,0.5571386010851711
UFLIA/sledgehammer/Arrow_Order/smtlib.727225.smt2,cvc5,True,120.44142404617742,120.44142404617742
UFLIA/simplify/javafe.tc.ConstantExpr.641.smt2,cvc5,True,0.2938499900046736,0.2938499900046736
UFLIA/boogie/Search_Search.Reverse_Mul_System.Int32.array_notnull-noinfer.smt2,cvc5,True,0.3366169461514801,0.3366169461514801
UFLIA/sledgehammer/Fundamental_Theorem_Algebra/smtlib.786343.smt2,cvc5,False,1200,2400
UFLIA/simplify2/front_end_suite/javafe.ast.FormalParaDeclVec.009.smt2,cvc5,True,0.3217746901791543,0.3217746901791543
UFLIA/simplify/javafe.ast.VarInitVec.435.smt2,cvc5,True,0.3163714630063623,0.3163714630063623
UFLIA/sledgehammer/TwoSquares/smtlib.647292.smt2,cvc5,True,0.30974742607213557,0.30974742607213557
UFLIA/simplify2/front_end_suite/javafe.ast.VarDeclStmt.002.smt2,cvc5,True,3.3827259719837457,3.3827259719837457
UFLIA/boogie/SiblingConstructors_SiblingConstructors..ctor_System.Int32.smt2,cvc5,False,1200,2400
UFLIA/tokeneer/enclave/startadminactivity-3.smt2,cvc5,False,1200,2400
UFLIA/boogie/Change769_Test3..ctor.smt2,cvc5,True,0.3705786510836333,0.3705786510836333
UFLIA/sledgehammer/QEpres/smtlib.721296.smt2,cvc5,False,1200,2400
UFLIA/boogie/Immutable_test3.E.Mfalse.smt2,cvc5,False,1200,2400
UFLIA/sledgehammer/Fundamental_Theorem_Algebra/smtlib.1412211.smt2,cvc5,False,1200,2400
UFLIA/sledgehammer/TwoSquares/smtlib.832972.smt2,SMTInterpol,True,1.1178571569616906,1.1178571569616906
UFLIA/sledgehammer/Hoare/smtlib.1208139.smt2,cvc5,False,1200,2400
UFLIA/simplify/javafe.filespace.Resolve_Result.494.smt2,cvc5,True,0.24843631917610765,0.24843631917610765
UFLIA/sledgehammer/TwoSquares/smtlib.691752.smt2,cvc5,False,1200,2400
UFLIA/sledgehammer/Fundamental_Theorem_Algebra/smtlib.583730.smt2,cvc5,False,1200,2400
UFLIA/tokeneer/display/combinelines-20.smt2,cvc5,True,0.23338683182373643,0.23338683182373643
UFLIA/sledgehammer/Fundamental_Theorem_Algebra/smtlib.924031.smt2,cvc5,True,30.292531982064247,30.292531982064247
UFLIA/tokeneer/door/poll-10.smt2,SMTInterpol,True,1.7951455859583803,1.7951455859583803
UFLIA/sledgehammer/Arrow_Order/smtlib.789098.smt2,cvc5,True,3.6308942399919033,3.6308942399919033
UFLIA/sledgehammer/FFT/smtlib.736770.smt2,cvc5,False,1200,2400
UFLIA/simplify2/front_end_suite/javafe.util.FileCorrelatedReader.005.smt2,cvc5,True,0.32897519087418914,0.32897519087418914
UFLIA/sledgehammer/Hoare/smtlib.1106692.smt2,iProver,False,1200,2400
UFLIA/boogie/Arrays_P2-noinfer.smt2,SMTInterpol,False,1200,2400
UFLIA/sledgehammer/QEpres/smtlib.602493.smt2,iProver,True,29.45191867602989,29.45191867602989
UFLIA/sledgehammer/Fundamental_Theorem_Algebra/smtlib.1256581.smt2,cvc5,False,1200,2400
UFLIA/simplify2/front_end_suite/javafe.tc.Types.060.smt2,cvc5,True,0.5572347261477262,0.5572347261477262
UFLIA/sledgehammer/TwoSquares/smtlib.890929.smt2,SMTInterpol,True,0.5826824710238725,0.5826824710238725
UFLIA/sledgehammer/QEpres/smtlib.1140641.smt2,cvc5,False,1200,2400
UFLIA/tokeneer/tokenreader/poll/processreaderstatechange-5.smt2,cvc5,True,0.23270158004015684,0.23270158004015684
UFLIA/sledgehammer/Fundamental_Theorem_Algebra/smtlib.994893.smt2,iProver,False,1200,2400
UFLIA/tokeneer/admintoken/init-3.smt2,cvc5,False,1200,2400
UFLIA/sledgehammer/TypeSafe/smtlib.702893.smt2,cvc5,False,1200,2400
UFLIA/simplify2/front_end_suite/javafe.tc.Types.037.smt2,cvc5,True,0.6193228841293603,0.6193228841293603
UFLIA/sledgehammer/Fundamental_Theorem_Algebra/smtlib.1239157.smt2,cvc5,True,0.3611728921532631,0.3611728921532631
UFLIA/simplify2/front_end_suite/javafe.ast.IdentifierVec.001.smt2,cvc5,True,2.122996045043692,2.122996045043692
UFLIA/sledgehammer/TypeSafe/smtlib.753165.smt2,cvc5,False,1200,2400
UFLIA/simplify2/front_end_suite/javafe.parser.Lex.020.smt2,cvc5,True,2.6184153580106795,2.6184153580106795
UFLIA/boogie/PeerFields_PeerFields.Ouch.smt2,cvc5,False,1200,2400
UFLIA/sledgehammer/TwoSquares/smtlib.780731.smt2,cvc5,True,240.98466372909024,240.98466372909024
UFLIA/sledgehammer/Fundamental_Theorem_Algebra/smtlib.1475560.smt2,cvc5,True,0.632394053041935,0.632394053041935
UFLIA/simplify2/front_end_suite/javafe.ast.ParenExpr.011.smt2,cvc5,True,0.6592310320120305,0.6592310320120305
UFLIA/sledgehammer/Hoare/smtlib.1195414.smt2,cvc5,False,1200,2400
UFLIA/sledgehammer/Hoare/smtlib.577630.smt2,SMTInterpol,True,6.571582004020456,6.571582004020456
UFLIA/sledgehammer/NS_Shared/smtlib.882817.smt2,cvc5,False,1200,2400
UFLIA/sledgehammer/TwoSquares/smtlib.734258.smt2,iProver,False,1200,2400
UFLIA/sledgehammer/Fundamental_Theorem_Algebra/smtlib.576520.smt2,cvc5,False,1200,2400
UFLIA/sledgehammer/QEpres/smtlib.683704.smt2,cvc5,False,1200,2400
UFLIA/simplify/javafe.ast.LexicalPragmaVec.215.smt2,cvc5,True,0.26751317689195275,0.26751317689195275
UFLIA/boogie/ValidAndPrevalid_Interval.Foo9.smt2,cvc5,False,1200,2400
UFLIA/sledgehammer/QEpres/smtlib.1159531.smt2,cvc5,False,1200,2400
UFLIA/sledgehammer/Arrow_Order/smtlib.803931.smt2,iProver,False,1200,2400
UFLIA/sledgehammer/FFT/smtlib.1019321.smt2,cvc5,True,2.2243695501238108,2.2243695501238108
UFLIA/boogie/EnsuresFalse_C.foo.smt2,cvc5,False,1200,2400
UFLIA/boogie/ConstructorVisibility_BinaryExpr..ctor_System.Int32_Expr_notnull_Expr_notnull.smt2,cvc5,True,4.523119915975258,4.523119915975258
UFLIA/sledgehammer/Arrow_Order/smtlib.794893.smt2,cvc5,True,500.6363573670387,500.6363573670387
UFLIA/simplify2/front_end_suite/javafe.filespace.Resolve.009.smt2,cvc5,True,0.3371730539947748,0.3371730539947748
UFLIA/boogie/Change769_Test7..ctor.smt2,cvc5,True,0.3791175161022693,0.3791175161022693
UFLIA/sledgehammer/FFT/smtlib.572506.smt2,cvc5,True,0.31709004007279873,0.31709004007279873
UFLIA/tokeneer/enclave/init-6.smt2,SMTInterpol,False,1200,2400
UFLIA/sledgehammer/NS_Shared/smtlib.599477.smt2,iProver,False,1200,2400
UFLIA/sledgehammer/StrongNorm/smtlib.606754.smt2,cvc5,False,1200,2400
UFLIA/sledgehammer/Fundamental_Theorem_Algebra/smtlib.1216844.smt2,iProver,True,3.8813272500410676,3.8813272500410676
UFLIA/sledgehammer/QEpres/smtlib.1132042.smt2,cvc5,False,1200,2400
UFLIA/boogie/ResultNotNewlyAllocated_C..ctor.smt2,cvc5,True,0.2984160289634019,0.2984160289634019
UFLIA/simplify2/front_end_suite/javafe.ast.StandardPrettyPrint.014.smt2,cvc5,True,6.6686928840354085,6.6686928840354085
UFLIA/sledgehammer/Hoare/smtlib.754414.smt2,cvc5,False,1200,2400
UFLIA/sledgehammer/FFT/smtlib.905302.smt2,iProver,False,1200,2400
UFLIA/sledgehammer/TypeSafe/smtlib.621463.smt2,iProver,False,1200,2400
UFLIA/sledgehammer/Arrow_Order/smtlib.666358.smt2,cvc5,True,0.4541638840455562,0.4541638840455562
UFLIA/simplify/javafe.parser.ParseType.561.smt2,cvc5,True,0.7743817290756851,0.7743817290756851
UFLIA/boogie/PureReceiverMightBeCommitted_C..ctor.smt2,cvc5,True,0.8513705930672586,0.8513705930672586
UFLIA/simplify2/front_end_suite/javafe.parser.ParseStmt.003.smt2,cvc5,True,215.4129402427934,215.4129402427934
UFLIA/sledgehammer/Hoare/smtlib.791136.smt2,SMTInterpol,False,1200,2400
UFLIA/sledgehammer/Arrow_Order/smtlib.817743.smt2,cvc5,True,0.623077386058867,0.623077386058867
UFLIA/tokeneer/enrolment/validate-9.smt2,SMTInterpol,True,1.2696834499947727,1.2696834499947727
UFLIA/sledgehammer/Hoare/smtlib.1046464.smt2,SMTInterpol,True,0.49134131404571235,0.49134131404571235
UFLIA/simplify2/front_end_suite/javafe.ast.ArrayType.003.smt2,cvc5,True,0.7195949289016426,0.7195949289016426
UFLIA/tokeneer/tokenreader/poll/checkcardstate-5.smt2,iProver,True,0.8526533099357039,0.8526533099357039
UFLIA/sledgehammer/QEpres/smtlib.722998.smt2,iProver,False,1200,2400
UFLIA/simplify2/front_end_suite/javafe.ast.TypeDeclVec.015.smt2,cvc5,True,1.1823506818618625,1.1823506818618625
UFLIA/simplify2/front_end_suite/javafe.tc.ConstantExpr.011.smt2,cvc5,True,0.5093423840589821,0.5093423840589821
UFLIA/simplify/tohtml.Java2Html.833.smt2,cvc5,True,0.44077327591367066,0.44077327591367066
UFLIA/sledgehammer/Fundamental_Theorem_Algebra/smtlib.1069734.smt2,iProver,False,1200,2400
UFLIA/boogie/List_Node.M.smt2,cvc5,True,0.353176168166101,0.353176168166101
UFLIA/sledgehammer/Fundamental_Theorem_Algebra/smtlib.1339466.smt2,iProver,False,1200,2400
UFLIA/boogie/QuantifierVisibilityInvariant_B.SpecSharp.CheckInvariant_System.Boolean.smt2,cvc5,True,0.31401892309077084,0.31401892309077084
UFLIA/simplify2/front_end_suite/javafe.ast.NewInstanceExpr.001.smt2,cvc5,True,4.758756378199905,4.758756378199905
UFLIA/simplify2/front_end_suite/javafe.ast.InstanceOfExpr.002.smt2,cvc5,True,0.4529801611788571,0.4529801611788571
UFLIA/boogie/loopinv3_Foreach..ctor-infer_eh.smt2,cvc5,True,0.3441096560563892,0.3441096560563892
UFLIA/simplify/javafe.ast.TypeDeclVec.394.smt2,cvc5,True,0.31864263489842415,0.31864263489842415
UFLIA/simplify2/front_end_suite/javafe.ast.CastExpr.007.smt2,cvc5,True,11.30830840789713,11.30830840789713
UFLIA/simplify/javafe.ast.VarInitVec.436.smt2,cvc5,True,10.574387874919921,10.574387874919921
UFLIA/simplify/javafe.tc.CheckInvariants.636.smt2,cvc5,True,1.9038500501774251,1.9038500501774251
UFLIA/simplify2/front_end_suite/javafe.ast.DefaultVisitor.008.smt2,cvc5,True,0.48617175011895597,0.48617175011895597
UFLIA/sledgehammer/QEpres/smtlib.1195133.smt2,cvc5,True,0.30002390407025814,0.30002390407025814
UFLIA/sledgehammer/FFT/smtlib.935298.smt2,iProver,False,1200,2400
UFLIA/boogie/ExactTypes_F.CoVariance_W_notnull_System.Object.array_notnull.smt2,cvc5,False,1200,2400
UFLIA/boogie/Types_B..ctor-orderStrength_1.smt2,cvc5,True,0.5581567010376602,0.5581567010376602
UFLIA/tokeneer/keystore/delete-1.smt2,SMTInterpol,False,1200,2400
UFLIA/boogie/StrictReadOnly_C2.W2.smt2,cvc5,False,1200,2400
UFLIA/simplify2/front_end_suite/javafe.reader.ASTClassFileParser.006.smt2,cvc5,True,4.508005575044081,4.508005575044081
UFLIA/sledgehammer/QEpres/smtlib.956395.smt2,iProver,False,1200,2400
UFLIA/sledgehammer/Hoare/smtlib.1019189.smt2,cvc5,True,36.89310469687916,36.89310469687916
UFLIA/sledgehammer/TwoSquares/smtlib.747736.smt2,cvc5,True,0.5488054549787194,0.5488054549787194
UFLIA/sledgehammer/StrongNorm/smtlib.753157.smt2,iProver,False,1200,2400
UFLIA/sledgehammer/Fundamental_Theorem_Algebra/smtlib.855575.smt2,SMTInterpol,True,0.5160373679827899,0.5160373679827899
UFLIA/sledgehammer/TypeSafe/smtlib.861246.smt2,cvc5,False,1200,2400
UFLIA/tokeneer/admintoken/getrole-2.smt2,SMTInterpol,False,1200,2400
UFLIA/sledgehammer/Hoare/smtlib.1031957.smt2,cvc5,False,1200,2400
UFLIA/sledgehammer/StrongNorm/smtlib.582599.smt2,iProver,False,1200,2400
UFLIA/simplify/javafe.util.LocationManagerCorrelatedReader.798.smt2,cvc5,True,4.050810938002542,4.050810938002542
UFLIA/simplify/javafe.ast.Name.261.smt2,cvc5,True,0.30343826301395893,0.30343826301395893
UFLIA/sledgehammer/TypeSafe/smtlib.1416344.smt2,cvc5,False,1200,2400
UFLIA/sledgehammer/Fundamental_Theorem_Algebra/smtlib.802791.smt2,iProver,False,1200,2400
UFLIA/sledgehammer/Arrow_Order/smtlib.808750.smt2,cvc5,False,1200,2400
UFLIA/sledgehammer/Fundamental_Theorem_Algebra/smtlib.1088600.smt2,cvc5,False,1200,2400
UFLIA/simplify/javafe.ast.TypeDeclElemVec.383.smt2,cvc5,True,0.35942573891952634,0.35942573891952634
UFLIA/sledgehammer/Fundamental_Theorem_Algebra/smtlib.963456.smt2,iProver,False,1200,2400
UFLIA/simplify2/front_end_suite/javafe.tc.PrepTypeDeclaration.011.smt2,cvc5,True,13.825291029177606,13.825291029177606
UFLIA/sledgehammer/Hoare/smtlib.856966.smt2,cvc5,True,0.6789857579860836,0.6789857579860836
UFLIA/simplify2/front_end_suite/javafe.ast.ImportDeclVec.015.smt2,cvc5,True,0.9985845810733736,0.9985845810733736
UFLIA/simplify2/front_end_suite/javafe.ast.ClassDecl.006.smt2,cvc5,True,24.126939411042258,24.126939411042258
UFLIA/sledgehammer/Fundamental_Theorem_Algebra/smtlib.1450601.smt2,cvc5,False,1200,2400
UFLIA/sledgehammer/Fundamental_Theorem_Algebra/smtlib.1368368.smt2,cvc5,False,1200,2400
UFLIA/simplify/javafe.ast.CatchClauseVec.64.smt2,cvc5,True,0.29661877593025565,0.29661877593025565
UFLIA/sledgehammer/QEpres/smtlib.1107581.smt2,SMTInterpol,True,0.4976596370106563,0.4976596370106563
UFLIA/grasshopper/uninstantiated/split_loop_check_heap_access_39_6_1.smt2,cvc5,True,0.25950649403966963,0.25950649403966963
UFLIA/simplify2/front_end_suite/javafe.util.LocationManagerCorrelatedReader.002.smt2,cvc5,True,0.3986886478960514,0.3986886478960514
UFLIA/simplify2/front_end_suite/javafe.ast.ExprVec.011.smt2,cvc5,True,0.29017780302092433,0.29017780302092433
UFLIA/sledgehammer/QEpres/smtlib.1231075.smt2,cvc5,False,1200,2400
UFLIA/simplify2/front_end_suite/javafe.ast.IdentifierVec.014.smt2,cvc5,True,0.29238727898336947,0.29238727898336947
UFLIA/sledgehammer/Fundamental_Theorem_Algebra/smtlib.1141637.smt2,cvc5,False,1200,2400
UFLIA/simplify2/front_end_suite/javafe.ast.ExprVec.012.smt2,cvc5,True,0.36984719103202224,0.36984719103202224
UFLIA/simplify2/front_end_suite/javafe.tc.TypeSigVec.016.smt2,cvc5,True,0.7047922068741173,0.7047922068741173
UFLIA/sledgehammer/Arrow_Order/smtlib.655768.smt2,cvc5,True,64.32298415200785,64.32298415200785
UFLIA/simplify/javafe.tc.CheckInvariants.637.smt2,cvc5,True,2.053750848164782,2.053750848164782
UFLIA/boogie/Bag4_Bag.SpecSharp.CheckInvariant_System.Boolean.smt2,cvc5,True,0.2804487990215421,0.2804487990215421
UFLIA/tokeneer/configdata/writefile/workinghourstext-3.smt2,SMTInterpol,True,0.6796545330435038,0.6796545330435038
UFLIA/simplify2/front_end_suite/javafe.tc.PrepTypeDeclaration.008.smt2,cvc5,True,0.5626263120211661,0.5626263120211661
UFLIA/sledgehammer/Hoare/smtlib.1030501.smt2,cvc5,True,72.74964253394864,72.74964253394864
UFLIA/simplify2/front_end_suite/javafe.filespace.PkgTree.013.smt2,cvc5,True,0.2528601698577404,0.2528601698577404
UFLIA/simplify/javafe.ast.TypeNameVec.414.smt2,cvc5,True,0.5826382930390537,0.5826382930390537
UFLIA/simplify/javafe.ast.IdentifierVec.176.smt2,cvc5,True,0.3612044509500265,0.3612044509500265
UFLIA/grasshopper/uninstantiated/merge_invariant_46_2.smt2,cvc5,True,19.84105937392451,19.84105937392451
UFLIA/boogie/AssignToNonInvariantField_AnotherClient..ctor.smt2,cvc5,True,501.4530201968737,501.4530201968737
UFLIA/simplify2/front_end_suite/javafe.ast.NewInstanceExpr.002.smt2,cvc5,True,7.728434956166893,7.728434956166893
UFLIA/simplify2/front_end_suite/javafe.SrcTool.003.smt2,cvc5,True,0.736900364048779,0.736900364048779
UFLIA/boogie/Chunker_Chunker..ctor_System.String_notnull_System.Int32.smt2,cvc5,True,0.9103079009801149,0.9103079009801149
UFLIA/boogie/PeerModifiesClauses_Homeboy.E-level_2.smt2,cvc5,False,1200,2400
UFLIA/simplify2/front_end_suite/javafe.tc.CheckInvariants.001.smt2,cvc5,True,5.482762396102771,5.482762396102771
UFLIA/sledgehammer/NS_Shared/smtlib.648452.smt2,cvc5,False,1200,2400
UFLIA/sledgehammer/StrongNorm/smtlib.704071.smt2,SMTInterpol,True,0.7719179719570093,0.7719179719570093
UFLIA/sledgehammer/Hoare/smtlib.1133210.smt2,iProver,False,1200,2400
UFLIA/sledgehammer/TwoSquares/smtlib.627245.smt2,cvc5,False,1200,2400
UFLIA/simplify2/front_end_suite/javafe.tc.Env.011.smt2,cvc5,True,3.298735121032223,3.298735121032223
UFLIA/sledgehammer/Fundamental_Theorem_Algebra/smtlib.628470.smt2,cvc5,True,0.35317738191224635,0.35317738191224635
UFLIA/simplify2/front_end_suite/javafe.ast.CatchClauseVec.007.smt2,cvc5,True,0.5809202340897173,0.5809202340897173
UFLIA/simplify2/front_end_suite/javafe.CopyLoaded.004.smt2,cvc5,True,1.2356220849324018,1.2356220849324018
UFLIA/sledgehammer/QEpres/smtlib.659329.smt2,cvc5,False,1200,2400
UFLIA/sledgehammer/Arrow_Order/smtlib.800238.smt2,cvc5,False,1200,2400
UFLIA/boogie/ExplicitExposeVersionHavoc_D.Unsound-level_2.smt2,cvc5,False,1200,2400
UFLIA/simplify2/front_end_suite/javafe.util.BufferedCorrelatedReader.003.smt2,cvc5,True,0.3059930498711765,0.3059930498711765
UFLIA/sledgehammer/Hoare/smtlib.779492.smt2,iProver,False,1200,2400
UFLIA/sledgehammer/QEpres/smtlib.801003.smt2,cvc5,False,1200,2400
UFLIA/tokeneer/tokenreader/init-46.smt2,cvc5,True,0.2362829209305346,0.2362829209305346
UFLIA/simplify/javafe.ast.ImportDeclVec.193.smt2,cvc5,True,0.916470498079434,0.916470498079434
UFLIA/sledgehammer/Fundamental_Theorem_Algebra/smtlib.561006.smt2,cvc5,True,30.938413437921554,30.938413437921554
UFLIA/simplify/javafe.tc.MethodDeclVec.698.smt2,cvc5,True,1.4822953108232468,1.4822953108232468
UFLIA/sledgehammer/TwoSquares/smtlib.813480.smt2,cvc5,False,1200,2400
UFLIA/sledgehammer/Hoare/z3.935843.smt2,SMTInterpol,False,1200,2400
UFLIA/sledgehammer/Hoare/smtlib.889579.smt2,cvc5,False,1200,2400
UFLIA/sledgehammer/Hoare/smtlib.985159.smt2,iProver,False,1200,2400
UFLIA/sledgehammer/Fundamental_Theorem_Algebra/smtlib.626857.smt2,cvc5,False,1200,2400
UFLIA/boogie/StrictReadOnly_C0.foo1.smt2,cvc5,False,1200,2400
UFLIA/simplify2/front_end_suite/javafe.ast.OnDemandImportDecl.005.smt2,cvc5,True,8.202095671091229,8.202095671091229
UFLIA/sledgehammer/Fundamental_Theorem_Algebra/smtlib.1444466.smt2,cvc5,False,1200,2400
UFLIA/sledgehammer/Fundamental_Theorem_Algebra/smtlib.824764.smt2,cvc5,False,1200,2400
UFLIA/sledgehammer/Fundamental_Theorem_Algebra/smtlib.1282463.smt2,cvc5,True,30.327501569874585,30.327501569874585
UFLIA/sledgehammer/TypeSafe/smtlib.903714.smt2,cvc5,False,1200,2400
UFLIA/sledgehammer/StrongNorm/smtlib.665168.smt2,cvc5,True,0.3610069879796356,0.3610069879796356
UFLIA/sledgehammer/Hoare/smtlib.814427.smt2,cvc5,True,0.37457090406678617,0.37457090406678617
UFLIA/sledgehammer/Hoare/smtlib.809618.smt2,iProver,False,1200,2400
UFLIA/sledgehammer/TwoSquares/smtlib.821153.smt2,cvc5,True,4.2301372301299125,4.2301372301299125
UFLIA/sledgehammer/Hoare/smtlib.772478.smt2,cvc5,True,0.37062794296070933,0.37062794296070933
UFLIA/sledgehammer/QEpres/smtlib.792041.smt2,cvc5,False,1200,2400
UFLIA/sledgehammer/QEpres/smtlib.730254.smt2,cvc5,False,1200,2400
UFLIA/sledgehammer/TwoSquares/smtlib.712777.smt2,cvc5,False,1200,2400
UFLIA/simplify2/front_end_suite/javafe.ast.ModifierPragmaVec.016.smt2,cvc5,True,0.35446874401532114,0.35446874401532114
UFLIA/boogie/InitialValuesGood_Test.Main.smt2,cvc5,True,0.2995053769554943,0.2995053769554943
UFLIA/simplify/javafe.ast.TypeModifierPragmaVec.403.smt2,cvc5,True,0.5893217760603875,0.5893217760603875
UFLIA/grasshopper/uninstantiated/split_loop_invariant_44_3.smt2,cvc5,True,1.000730383908376,1.000730383908376
UFLIA/simplify2/front_end_suite/javafe.ast.TypeDeclVec.017.smt2,cvc5,True,0.36374150309711695,0.36374150309711695
UFLIA/boogie/Chunker12_Chunker.NextChunk.smt2,cvc5,False,1200,2400
UFLIA/simplify2/front_end_suite/javafe.ast.MethodDecl.005.smt2,cvc5,True,22.159971279092133,22.159971279092133
UFLIA/sledgehammer/Hoare/smtlib.984730.smt2,iProver,False,1200,2400
UFLIA/simplify/javafe.ast.ModifierPragmaVec.259.smt2,cvc5,True,0.3782168289180845,0.3782168289180845
UFLIA/sledgehammer/Hoare/smtlib.796529.smt2,cvc5,False,1200,2400
UFLIA/sledgehammer/Hoare/smtlib.1026871.smt2,cvc5,True,13.35353448195383,13.35353448195383
UFLIA/boogie/AdditiveMethods_OwnedResults.F5.smt2,cvc5,False,1200,2400
UFLIA/sledgehammer/QEpres/smtlib.584192.smt2,iProver,False,1200,2400
UFLIA/sledgehammer/QEpres/smtlib.967490.smt2,cvc5,False,1200,2400
UFLIA/simplify/javafe.ast.Identifier.175.smt2,cvc5,True,0.5710779088549316,0.5710779088549316
UFLIA/sledgehammer/NS_Shared/smtlib.587692.smt2,cvc5,False,1200,2400
UFLIA/simplify2/front_end_suite/javafe.parser.TokenQueue.004.smt2,cvc5,True,0.8089348799549043,0.8089348799549043
UFLIA/boogie/loopinv1_LoopInv1.Test0b_F_notnull-infer_eh.smt2,cvc5,True,27.325642083073035,27.325642083073035
UFLIA/boogie/LocalExpose_T.V3.smt2,cvc5,False,1200,2400
UFLIA/sledgehammer/QEpres/smtlib.836885.smt2,cvc5,False,1200,2400
UFLIA/simplify2/front_end_suite/javafe.ast.MethodInvocation.001.smt2,cvc5,True,0.47061475086957216,0.47061475086957216
UFLIA/sledgehammer/QEpres/smtlib.894376.smt2,cvc5,False,1200,2400
UFLIA/sledgehammer/Hoare/smtlib.778572.smt2,iProver,False,1200,2400
UFLIA/sledgehammer/Fundamental_Theorem_Algebra/smtlib.1160842.smt2,cvc5,True,0.2672077191527933,0.2672077191527933
UFLIA/sledgehammer/TypeSafe/smtlib.784065.smt2,cvc5,False,1200,2400
UFLIA/sledgehammer/Fundamental_Theorem_Algebra/smtlib.1356095.smt2,SMTInterpol,True,1122.7115056280163,1122.7115056280163
UFLIA/boogie/PureAxioms_Getter.set_Value_System.Int32-level_2.smt2,cvc5,True,0.35665898700244725,0.35665898700244725
UFLIA/boogie/SimpleWhile0_SimpleWhile0..ctor-infer_i.smt2,cvc5,True,0.3213465081062168,0.3213465081062168
UFLIA/sledgehammer/Fundamental_Theorem_Algebra/smtlib.1304333.smt2,iProver,False,1200,2400
UFLIA/simplify2/front_end_suite/javafe.tc.MethodDeclVec.020.smt2,cvc5,True,1.1323729939758778,1.1323729939758778
UFLIA/simplify2/front_end_suite/javafe.parser.test.TestParse.010.smt2,cvc5,True,0.2531728600151837,0.2531728600151837
UFLIA/sledgehammer/QEpres/smtlib.649127.smt2,cvc5,False,1200,2400
UFLIA/sledgehammer/NS_Shared/smtlib.613788.smt2,cvc5,True,123.68788534891792,123.68788534891792
UFLIA/simplify2/front_end_suite/javafe.parser.Lex.013.smt2,cvc5,True,2.0891951299272478,2.0891951299272478
UFLIA/sledgehammer/QEpres/smtlib.885734.smt2,cvc5,False,1200,2400
UFLIA/boogie/ManualRange1_Tools.Range_Enumerable.GetEnumerator.smt2,cvc5,True,0.500714770052582,0.500714770052582
UFLIA/sledgehammer/FFT/smtlib.721427.smt2,SMTInterpol,True,0.5690419129678048,0.5690419129678048
UFLIA/sledgehammer/Arrow_Order/smtlib.656784.smt2,cvc5,True,31.839044604916126,31.839044604916126
UFLIA/simplify2/front_end_suite/javafe.filespace.Tree.005.smt2,cvc5,True,0.24938367097638547,0.24938367097638547
UFLIA/sledgehammer/Hoare/smtlib.896773.smt2,iProver,True,891.6307555087842,891.6307555087842
UFLIA/sledgehammer/NS_Shared/smtlib.741747.smt2,cvc5,False,1200,2400
UFLIA/sledgehammer/Fundamental_Theorem_Algebra/smtlib.951211.smt2,cvc5,False,1200,2400
UFLIA/sledgehammer/TwoSquares/smtlib.668095.smt2,cvc5,True,0.3049219190143049,0.3049219190143049
UFLIA/boogie/ModifiesClauses_ModifiesClauses.Test0_C_notnull.smt2,cvc5,True,0.29592867312021554,0.29592867312021554
UFLIA/sledgehammer/TwoSquares/smtlib.828959.smt2,cvc5,True,9.807163692079484,9.807163692079484
UFLIA/sledgehammer/Fundamental_Theorem_Algebra/smtlib.926730.smt2,iProver,True,1.423278900096193,1.423278900096193
UFLIA/sledgehammer/Fundamental_Theorem_Algebra/smtlib.674529.smt2,cvc5,True,1.4886295751202852,1.4886295751202852
UFLIA/sledgehammer/FFT/smtlib.1006155.smt2,cvc5,False,1200,2400
UFLIA/sledgehammer/Fundamental_Theorem_Algebra/smtlib.1232178.smt2,iProver,False,1200,2400
UFLIA/sledgehammer/TwoSquares/smtlib.783556.smt2,cvc5,False,1200,2400
UFLIA/simplify2/front_end_suite/javafe.tc.FlowInsensitiveChecks.018.smt2,cvc5,True,16.78080705809407,16.78080705809407
UFLIA/sledgehammer/StrongNorm/smtlib.749048.smt2,cvc5,False,1200,2400
UFLIA/boogie/StructTests_St.M_System.Int32.array_notnull-level_2.smt2,cvc5,True,0.2908898629248142,0.2908898629248142
UFLIA/simplify2/front_end_suite/javafe.parser.Parse.004.smt2,cvc5,True,0.5584607280325145,0.5584607280325145
UFLIA/boogie/Assumptions_Sub.M.smt2,cvc5,False,1200,2400
UFLIA/sledgehammer/TypeSafe/smtlib.820758.smt2,cvc5,False,1200,2400
UFLIA/sledgehammer/TwoSquares/smtlib.748092.smt2,cvc5,False,1200,2400
UFLIA/simplify/javafe.ast.TypeModifierPragmaVec.405.smt2,cvc5,True,0.26287407404743135,0.26287407404743135
UFLIA/sledgehammer/NS_Shared/smtlib.811979.smt2,iProver,False,1200,2400
UFLIA/sledgehammer/NS_Shared/smtlib.797297.smt2,cvc5,False,1200,2400
UFLIA/boogie/PureReceiverMightBeCommitted_C.O.smt2,cvc5,True,0.33571085007861257,0.33571085007861257
UFLIA/sledgehammer/FFT/smtlib.885007.smt2,cvc5,True,121.5028674970381,121.5028674970381
UFLIA/tokeneer/door/lockdoor-3.smt2,SMTInterpol,False,1200,2400
UFLIA/sledgehammer/Arrow_Order/smtlib.836247.smt2,cvc5,True,119.9537326300051,119.9537326300051
UFLIA/simplify2/front_end_suite/javafe.reader.ASTClassFileParser.001.smt2,cvc5,True,16.932849243981764,16.932849243981764
UFLIA/sledgehammer/QEpres/smtlib.929336.smt2,iProver,False,1200,2400
UFLIA/sledgehammer/Fundamental_Theorem_Algebra/smtlib.1407322.smt2,cvc5,False,1200,2400
UFLIA/sledgehammer/Hoare/smtlib.812840.smt2,cvc5,True,0.5852994399610907,0.5852994399610907
UFLIA/sledgehammer/QEpres/smtlib.1197731.smt2,cvc5,False,1200,2400
UFLIA/sledgehammer/Fundamental_Theorem_Algebra/smtlib.1008101.smt2,iProver,False,1200,2400
UFLIA/sledgehammer/Arrow_Order/smtlib.588408.smt2,cvc5,False,1200,2400
UFLIA/simplify2/front_end_suite/javafe.tc.TypeSig.037.smt2,cvc5,True,1.3233056690078229,1.3233056690078229
UFLIA/simplify/javafe.ast.SimpleName.311.smt2,cvc5,True,0.28102767281234264,0.28102767281234264
UFLIA/simplify2/front_end_suite/javafe.reader.DescriptorParser.001.smt2,cvc5,True,2.478674244135618,2.478674244135618
UFLIA/boogie/Cast_Cast.N0_System.String_System.Char.array.smt2,cvc5,True,0.415698402794078,0.415698402794078
UFLIA/boogie/StaticFields_StaticFields..ctor.smt2,cvc5,True,0.3334347950294614,0.3334347950294614
UFLIA/sledgehammer/Fundamental_Theorem_Algebra/smtlib.1005323.smt2,cvc5,False,1200,2400
UFLIA/simplify/javafe.ast.TypeDeclElemVec.377.smt2,cvc5,True,0.47640008199959993,0.47640008199959993
UFLIA/boogie/WhereMotivation_Types.MLoop1.smt2,cvc5,False,1200,2400
UFLIA/sledgehammer/StrongNorm/smtlib.570806.smt2,cvc5,False,1200,2400
UFLIA/sledgehammer/NS_Shared/smtlib.652756.smt2,cvc5,False,1200,2400
UFLIA/simplify/javafe.ast.MethodDecl.240.smt2,cvc5,True,104.30322225298733,104.30322225298733
UFLIA/simplify/javafe.util.FilterCorrelatedReader.790.smt2,cvc5,True,0.25617018598131835,0.25617018598131835
UFLIA/sledgehammer/FFT/smtlib.896255.smt2,cvc5,True,0.25902585801668465,0.25902585801668465
UFLIA/sledgehammer/TypeSafe/smtlib.953000.smt2,iProver,False,1200,2400
UFLIA/sledgehammer/Hoare/smtlib.1012696.smt2,cvc5,False,1200,2400
UFLIA/boogie/AssignToNonInvariantField_AnotherClient.UpdateTheRep_Good.smt2,cvc5,True,3.0961090011987835,3.0961090011987835
UFLIA/boogie/BoxedInt_BoxedInt..ctor.smt2,cvc5,True,0.3402626379393041,0.3402626379393041
UFLIA/sledgehammer/TypeSafe/smtlib.781185.smt2,cvc5,False,1200,2400
UFLIA/boogie/PeerModifiesClauses_Homeboy.F-level_2.smt2,cvc5,True,0.443221036111936,0.443221036111936
UFLIA/sledgehammer/Hoare/smtlib.624726.smt2,iProver,False,1200,2400
UFLIA/boogie/Strings_test3.XY..ctor.smt2,cvc5,True,0.3921372019685805,0.3921372019685805
UFLIA/simplify/javafe.ast.ContinueStmt.109.smt2,cvc5,True,0.6522068250924349,0.6522068250924349
UFLIA/sledgehammer/Hoare/smtlib.1110939.smt2,iProver,False,1200,2400
UFLIA/simplify/javafe.ast.ImportDeclVec.191.smt2,cvc5,True,1.0182958538644016,1.0182958538644016
UFLIA/sledgehammer/Hoare/smtlib.1212696.smt2,cvc5,False,1200,2400
UFLIA/sledgehammer/TypeSafe/smtlib.749084.smt2,cvc5,False,1200,2400
UFLIA/sledgehammer/NS_Shared/smtlib.871014.smt2,iProver,False,1200,2400
UFLIA/psyco/192.smt2,cvc5,True,0.5271432211156934,0.5271432211156934
UFLIA/sledgehammer/QEpres/smtlib.580681.smt2,cvc5,False,1200,2400
UFLIA/grasshopper/instantiated/split_postcondition_of_split_45_1.smt2,cvc5,True,0.399424847913906,0.399424847913906
UFLIA/simplify/javafe.ast.InitBlock.198.smt2,cvc5,True,0.5704308829735965,0.5704308829735965
UFLIA/boogie/Strings_test3.XY.M3_System.Object_notnull.smt2,cvc5,False,1200,2400
UFLIA/sledgehammer/QEpres/smtlib.827295.smt2,cvc5,False,1200,2400
UFLIA/sledgehammer/QEpres/smtlib.1158396.smt2,cvc5,False,1200,2400
UFLIA/boogie/ExactTypes_Z1..ctor.smt2,cvc5,True,0.47069957689382136,0.47069957689382136
UFLIA/simplify/javafe.ast.TryFinallyStmt.363.smt2,cvc5,True,1.4199171180371195,1.4199171180371195
UFLIA/sledgehammer/FFT/z3.585522.smt2,iProver,False,1200,2400
UFLIA/sledgehammer/Fundamental_Theorem_Algebra/smtlib.1019572.smt2,cvc5,True,0.49085506913252175,0.49085506913252175
UFLIA/simplify2/front_end_suite/javafe.CopyLoaded.022.smt2,cvc5,True,0.33236908190883696,0.33236908190883696
UFLIA/grasshopper/uninstantiated/contains_postcondition_of_contains_49_7.smt2,cvc5,True,1.9261062780860811,1.9261062780860811
UFLIA/sledgehammer/NS_Shared/smtlib.606095.smt2,cvc5,False,1200,2400
UFLIA/boogie/AdditiveMethods_Sub..ctor.smt2,cvc5,True,0.36476512788794935,0.36476512788794935
UFLIA/sledgehammer/QEpres/smtlib.1070667.smt2,cvc5,False,1200,2400
UFLIA/sledgehammer/Fundamental_Theorem_Algebra/smtlib.832222.smt2,cvc5,True,0.35314282099716365,0.35314282099716365
UFLIA/simplify/javafe.ast.ImportDeclVec.196.smt2,cvc5,True,0.38292627898044884,0.38292627898044884
UFLIA/simplify2/front_end_suite/javafe.tc.TypeSigVec.012.smt2,cvc5,True,0.8291533358860761,0.8291533358860761
UFLIA/simplify2/front_end_suite/javafe.tc.FieldDeclVec.005.smt2,cvc5,True,0.37146428204141557,0.37146428204141557
UFLIA/simplify2/front_end_suite/javafe.util.BufferedCorrelatedReader.005.smt2,cvc5,True,0.47942081093788147,0.47942081093788147
UFLIA/simplify2/front_end_suite/javafe.ast.TypeNameVec.008.smt2,cvc5,True,0.2854815300088376,0.2854815300088376
UFLIA/sledgehammer/Hoare/smtlib.1193173.smt2,iProver,True,1.4056942369788885,1.4056942369788885
UFLIA/sledgehammer/Fundamental_Theorem_Algebra/smtlib.1421266.smt2,SMTInterpol,True,1.0997308159712702,1.0997308159712702
UFLIA/sledgehammer/QEpres/smtlib.972101.smt2,cvc5,False,1200,2400
UFLIA/boogie/Modifies_Arraytests.Bad_System.Int32.array_notnull-level_2.smt2,cvc5,False,1200,2400
UFLIA/boogie/Modifies_T..ctor-level_2.smt2,cvc5,True,0.3916979720816016,0.3916979720816016
UFLIA/simplify/javafe.ast.StmtVec.324.smt2,cvc5,True,0.2679195839446038,0.2679195839446038
UFLIA/simplify2/front_end_suite/javafe.ast.TypeDeclVec.020.smt2,cvc5,True,1.2717519151046872,1.2717519151046872
UFLIA/sledgehammer/Hoare/z3.571837.smt2,cvc5,True,0.22571184183470905,0.22571184183470905
UFLIA/simplify2/front_end_suite/javafe.ast.InitBlock.007.smt2,cvc5,True,0.6304227979853749,0.6304227979853749
UFLIA/boogie/BasicMethodology_BasicMethodology.PeekBelow.smt2,cvc5,True,0.5844478830695152,0.5844478830695152
UFLIA/boogie/Typeof_Typeof.M.smt2,cvc5,True,0.31222498696297407,0.31222498696297407
UFLIA/grasshopper/uninstantiated/difference_check_heap_access_35_8.smt2,cvc5,True,0.40565493097528815,0.40565493097528815
UFLIA/simplify2/front_end_suite/javafe.ast.ModifierPragmaVec.017.smt2,cvc5,True,0.36577973794192076,0.36577973794192076
UFLIA/sledgehammer/Arrow_Order/smtlib.695410.smt2,cvc5,True,120.61396577511914,120.61396577511914
UFLIA/sledgehammer/QEpres/smtlib.618774.smt2,iProver,True,2.8686686230357736,2.8686686230357736
UFLIA/simplify/javafe.filespace.TreeWalker.513.smt2,cvc5,True,0.27265445818193257,0.27265445818193257
UFLIA/sledgehammer/Hoare/smtlib.1142111.smt2,cvc5,False,1200,2400
UFLIA/boogie/VisibilityBasedInvariants_Thing..ctor.smt2,cvc5,True,0.3791777119040489,0.3791777119040489
UFLIA/simplify/javafe.util.BufferedCorrelatedReader.775.smt2,cvc5,True,1.3471447369083762,1.3471447369083762
UFLIA/sledgehammer/StrongNorm/smtlib.667813.smt2,cvc5,True,0.35833251499570906,0.35833251499570906
UFLIA/sledgehammer/TypeSafe/smtlib.1022424.smt2,cvc5,True,31.566174760926515,31.566174760926515
UFLIA/sledgehammer/QEpres/smtlib.899134.smt2,iProver,False,1200,2400
UFLIA/simplify2/front_end_suite/javafe.ast.ExprVec.008.smt2,cvc5,True,0.27132098586298525,0.27132098586298525
UFLIA/simplify2/front_end_suite/javafe.parser.test.TestExpr.002.smt2,cvc5,True,119.09604781400412,119.09604781400412
UFLIA/boogie/Search_Search.Reverse_Div_System.Int32.array_notnull-noinfer.smt2,cvc5,False,1200,2400
UFLIA/tokeneer/auditlog/addelementtologfilewithtruncatechecks-3.smt2,iProver,False,1200,2400
UFLIA/simplify2/front_end_suite/javafe.ast.InstanceOfExpr.011.smt2,cvc5,True,0.5892270950134844,0.5892270950134844
UFLIA/simplify2/front_end_suite/javafe.ast.BinaryExpr.003.smt2,cvc5,True,6.6864449449349195,6.6864449449349195
UFLIA/simplify2/front_end_suite/javafe.tc.PrepTypeDeclaration.020.smt2,cvc5,True,7.2547863009385765,7.2547863009385765
UFLIA/sledgehammer/Fundamental_Theorem_Algebra/smtlib.1382477.smt2,cvc5,False,1200,2400
UFLIA/boogie/loopinv0-nonnull_TestEnumerable..ctor-modifiesOnLoop.smt2,cvc5,True,0.34472225815989077,0.34472225815989077
UFLIA/boogie/Chunker1_Chunker..ctor_System.String_System.Int32.smt2,cvc5,False,1200,2400
UFLIA/sledgehammer/FFT/smtlib.703335.smt2,iProver,False,1200,2400
UFLIA/sledgehammer/Fundamental_Theorem_Algebra/smtlib.1301863.smt2,cvc5,False,1200,2400
UFLIA/sledgehammer/NS_Shared/smtlib.582588.smt2,cvc5,False,1200,2400
UFLIA/simplify2/front_end_suite/javafe.ast.TryCatchStmt.008.smt2,cvc5,True,15.062282470986247,15.062282470986247
UFLIA/sledgehammer/TwoSquares/smtlib.912724.smt2,cvc5,True,0.2764420020394027,0.2764420020394027
UFLIA/sledgehammer/Fundamental_Theorem_Algebra/smtlib.1028119.smt2,cvc5,False,1200,2400
UFLIA/simplify2/front_end_suite/javafe.reader.ASTClassFileParser.015.smt2,cvc5,True,0.6418023540172726,0.6418023540172726
UFLIA/sledgehammer/QEpres/smtlib.1193394.smt2,cvc5,True,0.36432170611806214,0.36432170611806214
UFLIA/simplify2/front_end_suite/javafe.parser.ParseType.005.smt2,cvc5,True,0.46559309493750334,0.46559309493750334
UFLIA/sledgehammer/StrongNorm/smtlib.812524.smt2,iProver,False,1200,2400
UFLIA/sledgehammer/Hoare/smtlib.699602.smt2,iProver,False,1200,2400
UFLIA/boogie/AssertFalse_F..ctor.smt2,cvc5,True,0.3326489550527185,0.3326489550527185
UFLIA/simplify/javafe.ast.ModifierPragmaVec.257.smt2,cvc5,True,1.2814124911092222,1.2814124911092222
UFLIA/sledgehammer/QEpres/smtlib.605153.smt2,cvc5,False,1200,2400
UFLIA/sledgehammer/Fundamental_Theorem_Algebra/smtlib.1093842.smt2,cvc5,False,1200,2400
UFLIA/sledgehammer/Hoare/z3.572409.smt2,cvc5,True,0.2324892021715641,0.2324892021715641
UFLIA/sledgehammer/Hoare/smtlib.791190.smt2,SMTInterpol,True,0.5389588340185583,0.5389588340185583
UFLIA/sledgehammer/Fundamental_Theorem_Algebra/smtlib.855503.smt2,cvc5,True,0.23206539102829993,0.23206539102829993
UFLIA/simplify2/front_end_suite/javafe.ast.WhileStmt.012.smt2,cvc5,True,0.6861796749290079,0.6861796749290079
UFLIA/sledgehammer/Fundamental_Theorem_Algebra/smtlib.994479.smt2,cvc5,False,1200,2400
UFLIA/sledgehammer/Fundamental_Theorem_Algebra/smtlib.1421719.smt2,SMTInterpol,True,0.7517413279856555,0.7517413279856555
UFLIA/sexpr/SES.PrettySx.DoIt_System.IO.TextReader_notnull_System.IO.TextWriter_notnull.smt2,cvc5,True,31.95311795687303,31.95311795687303
UFLIA/sledgehammer/Fundamental_Theorem_Algebra/smtlib.867022.smt2,cvc5,False,1200,2400
UFLIA/sledgehammer/QEpres/smtlib.792894.smt2,cvc5,False,1200,2400
UFLIA/sledgehammer/Arrow_Order/smtlib.700080.smt2,cvc5,True,0.389617620036006,0.389617620036006
UFLIA/sledgehammer/QEpres/smtlib.1125496.smt2,cvc5,False,1200,2400
UFLIA/boogie/ValidAndPrevalid_Interval.Foo7.smt2,cvc5,False,1200,2400
UFLIA/simplify2/front_end_suite/javafe.ast.VarDeclStmt.007.smt2,cvc5,True,12.552362416870892,12.552362416870892
UFLIA/sledgehammer/Hoare/smtlib.824530.smt2,cvc5,False,1200,2400
UFLIA/simplify2/front_end_suite/javafe.parser.TokenQueue.006.smt2,cvc5,True,1.837315976852551,1.837315976852551
UFLIA/sledgehammer/Hoare/smtlib.1191313.smt2,cvc5,True,35.426695032045245,35.426695032045245
UFLIA/boogie/Bag3_Bag..ctor_System.Int32.array_notnull.smt2,cvc5,True,1.486827407963574,1.486827407963574
UFLIA/sledgehammer/QEpres/smtlib.701863.smt2,cvc5,False,1200,2400
UFLIA/simplify2/front_end_suite/javafe.ast.TryCatchStmt.002.smt2,cvc5,True,0.4656358389183879,0.4656358389183879
UFLIA/simplify2/front_end_suite/javafe.tc.MethodDeclVec.001.smt2,cvc5,True,1.07507992698811,1.07507992698811
UFLIA/simplify/javafe.tc.MethodDeclVec.691.smt2,cvc5,True,16.80856125592254,16.80856125592254
UFLIA/simplify2/front_end_suite/javafe.ast.CatchClause.006.smt2,cvc5,True,0.44770134799182415,0.44770134799182415
UFLIA/boogie/Search_Search.ContainsZero_WithoutExplicitInvariant_System.Int32.array_notnull-noinfer.smt2,cvc5,False,1200,2400
UFLIA/simplify2/front_end_suite/javafe.parser.ParseStmt.009.smt2,cvc5,True,11.235855566104874,11.235855566104874
UFLIA/tokeneer/keystore/keymatchingissuerpresent-4.smt2,SMTInterpol,False,1200,2400
UFLIA/simplify2/front_end_suite/javafe.filespace.LookAheadEnum.004.smt2,cvc5,True,0.24994461005553603,0.24994461005553603
UFLIA/simplify2/front_end_suite/javafe.parser.Lex.010.smt2,cvc5,True,0.498756144894287,0.498756144894287
UFLIA/sledgehammer/Fundamental_Theorem_Algebra/smtlib.1007031.smt2,cvc5,True,0.3566369069740176,0.3566369069740176
UFLIA/sledgehammer/Fundamental_Theorem_Algebra/smtlib.925838.smt2,cvc5,True,0.2601068310905248,0.2601068310905248
UFLIA/simplify2/front_end_suite/javafe.ast.CompoundName.007.smt2,cvc5,True,7.421810153871775,7.421810153871775
UFLIA/sledgehammer/NS_Shared/smtlib.873666.smt2,cvc5,False,1200,2400
UFLIA/sledgehammer/Hoare/smtlib.738731.smt2,cvc5,False,1200,2400
UFLIA/sledgehammer/Hoare/smtlib.913198.smt2,cvc5,True,30.474633736070246,30.474633736070246
UFLIA/sledgehammer/FFT/smtlib.930722.smt2,cvc5,False,1200,2400
UFLIA/sledgehammer/StrongNorm/smtlib.559679.smt2,iProver,False,1200,2400
UFLIA/simplify2/front_end_suite/javafe.genericfile.ZipGenericFile.004.smt2,cvc5,True,0.24848352116532624,0.24848352116532624
UFLIA/sledgehammer/QEpres/smtlib.897372.smt2,cvc5,False,1200,2400
UFLIA/tokeneer/admin/startop-2.smt2,SMTInterpol,False,1200,2400
UFLIA/simplify/javafe.ast.LexicalPragmaVec.220.smt2,cvc5,True,4.337457821937278,4.337457821937278
UFLIA/sledgehammer/StrongNorm/smtlib.758380.smt2,iProver,False,1200,2400
UFLIA/simplify2/front_end_suite/javafe.tc.FlowInsensitiveChecks.026.smt2,cvc5,True,0.6158159878104925,0.6158159878104925
UFLIA/sledgehammer/TypeSafe/smtlib.897345.smt2,cvc5,False,1200,2400
UFLIA/boogie/StrictReadOnly_C1.W0.smt2,cvc5,True,0.38017704407684505,0.38017704407684505
UFLIA/sledgehammer/QEpres/smtlib.1149125.smt2,cvc5,False,1200,2400
UFLIA/sledgehammer/FFT/smtlib.978844.smt2,cvc5,False,1200,2400
UFLIA/boogie/PeerFields_PeerFields.Assign5.smt2,cvc5,True,0.3538041489664465,0.3538041489664465
UFLIA/simplify2/front_end_suite/javafe.tc.FlowInsensitiveChecks.011.smt2,cvc5,True,29.721485333982855,29.721485333982855
UFLIA/simplify/javafe.ast.VarInitVec.433.smt2,cvc5,True,4.367965802084655,4.367965802084655
UFLIA/sledgehammer/Fundamental_Theorem_Algebra/smtlib.1195316.smt2,cvc5,True,0.24860255210660398,0.24860255210660398
UFLIA/simplify2/front_end_suite/javafe.filespace.TreeWalker.005.smt2,cvc5,True,0.2891476370859891,0.2891476370859891
UFLIA/sledgehammer/QEpres/smtlib.1224557.smt2,cvc5,False,1200,2400
UFLIA/sledgehammer/Hoare/smtlib.945881.smt2,cvc5,False,1200,2400
UFLIA/sledgehammer/Fundamental_Theorem_Algebra/smtlib.947468.smt2,cvc5,True,0.36282196012325585,0.36282196012325585
UFLIA/sledgehammer/TwoSquares/smtlib.799355.smt2,SMTInterpol,False,1200,2400
UFLIA/boogie/ParamOut_Test..ctor.smt2,cvc5,True,0.33141172188334167,0.33141172188334167
UFLIA/sledgehammer/QEpres/smtlib.590880.smt2,iProver,False,1200,2400
UFLIA/boogie/LocalExpose_S.V3.smt2,cvc5,False,1200,2400
UFLIA/sledgehammer/FFT/smtlib.556944.smt2,cvc5,True,6.44542540400289,6.44542540400289
UFLIA/simplify2/front_end_suite/javafe.filespace.TreeWalker.001.smt2,cvc5,True,0.8059720089659095,0.8059720089659095
UFLIA/tokeneer/configdata/validatefile/readduration-4.smt2,SMTInterpol,True,1.3805263640242629,1.3805263640242629
UFLIA/sledgehammer/Arrow_Order/smtlib.761417.smt2,cvc5,True,3.530545452842489,3.530545452842489
UFLIA/simplify2/front_end_suite/javafe.ast.TypeNameVec.017.smt2,cvc5,True,0.3666212351527065,0.3666212351527065
UFLIA/simplify/javafe.ast.CatchClauseVec.68.smt2,cvc5,True,1.3001325810328126,1.3001325810328126
UFLIA/simplify2/front_end_suite/javafe.ast.FormalParaDeclVec.012.smt2,cvc5,True,0.3052732809446752,0.3052732809446752
UFLIA/sledgehammer/FFT/smtlib.997847.smt2,cvc5,False,1200,2400
UFLIA/sledgehammer/Hoare/smtlib.895948.smt2,cvc5,True,31.77360342000611,31.77360342000611
UFLIA/simplify2/front_end_suite/javafe.ast.MethodDecl.003.smt2,cvc5,True,0.8733144849538803,0.8733144849538803
UFLIA/boogie/AdvancedTypes_Y1..ctor-orderStrength_1.smt2,cvc5,True,0.49001314118504524,0.49001314118504524
UFLIA/simplify2/front_end_suite/javafe.filespace.Tree.009.smt2,cvc5,True,0.24974921811372042,0.24974921811372042
UFLIA/sledgehammer/QEpres/smtlib.968761.smt2,cvc5,False,1200,2400
UFLIA/boogie/StructTests_St.S_System.Int32.ptr_System.Int32.ptr-level_2.smt2,cvc5,False,1200,2400
UFLIA/sledgehammer/Arrow_Order/smtlib.675297.smt2,cvc5,True,24.016455359989777,24.016455359989777
UFLIA/boogie/Immutable_test3.Typeof.Foo_test3.Typeof_notnull.smt2,cvc5,True,0.4178856660146266,0.4178856660146266
UFLIA/sledgehammer/QEpres/smtlib.1233359.smt2,cvc5,True,0.40049771312624216,0.40049771312624216
UFLIA/sledgehammer/FFT/smtlib.584380.smt2,cvc5,False,1200,2400
UFLIA/sledgehammer/Fundamental_Theorem_Algebra/smtlib.1229512.smt2,cvc5,True,0.7167415469884872,0.7167415469884872
UFLIA/sledgehammer/TwoSquares/smtlib.922227.smt2,iProver,True,2.3663623959291726,2.3663623959291726
UFLIA/sledgehammer/Fundamental_Theorem_Algebra/smtlib.1369838.smt2,cvc5,False,1200,2400
UFLIA/sledgehammer/Fundamental_Theorem_Algebra/smtlib.813155.smt2,cvc5,False,1200,2400
UFLIA/sledgehammer/Fundamental_Theorem_Algebra/smtlib.1368086.smt2,cvc5,False,1200,2400
UFLIA/simplify2/front_end_suite/javafe.ast.VariableAccess.011.smt2,cvc5,True,0.4417462828569114,0.4417462828569114
UFLIA/sledgehammer/Fundamental_Theorem_Algebra/smtlib.840753.smt2,cvc5,True,6.700653363019228,6.700653363019228
UFLIA/simplify2/front_end_suite/javafe.ast.TypeModifierPragmaVec.011.smt2,cvc5,True,0.2766945040784776,0.2766945040784776
UFLIA/sledgehammer/Hoare/smtlib.698436.smt2,iProver,False,1200,2400
UFLIA/boogie/Change769_Test6..ctor.smt2,cvc5,True,0.3490717909298837,0.3490717909298837
UFLIA/boogie/ValidAndPrevalid_Interval.SpecSharp.CheckInvariant_System.Boolean.smt2,cvc5,True,0.32554091489873827,0.32554091489873827
UFLIA/sledgehammer/Fundamental_Theorem_Algebra/smtlib.1138742.smt2,cvc5,False,1200,2400
UFLIA/simplify2/small_suite/getRootInterface.smt2,cvc5,True,7.167923585046083,7.167923585046083
UFLIA/sledgehammer/QEpres/smtlib.1101410.smt2,cvc5,False,1200,2400
UFLIA/sledgehammer/Fundamental_Theorem_Algebra/smtlib.1301634.smt2,cvc5,False,1200,2400
UFLIA/sledgehammer/TwoSquares/smtlib.719513.smt2,cvc5,False,1200,2400
UFLIA/sledgehammer/Fundamental_Theorem_Algebra/smtlib.1076732.smt2,cvc5,False,1200,2400
UFLIA/simplify/javafe.reader.StandardTypeReader.617.smt2,cvc5,True,2.126218216959387,2.126218216959387
UFLIA/sledgehammer/Fundamental_Theorem_Algebra/smtlib.1356111.smt2,SMTInterpol,False,1200,2400
UFLIA/simplify2/front_end_suite/javafe.ast.ParenExpr.006.smt2,cvc5,True,0.4908609720878303,0.4908609720878303
UFLIA/sledgehammer/Arrow_Order/smtlib.798697.smt2,cvc5,True,0.49040392599999905,0.49040392599999905
UFLIA/tokeneer/tismain/tismain-1.smt2,SMTInterpol,True,1.4789976840256713,1.4789976840256713
UFLIA/sledgehammer/Arrow_Order/smtlib.823053.smt2,cvc5,False,1200,2400
UFLIA/simplify2/front_end_suite/javafe.parser.Lex.006.smt2,cvc5,True,0.8093320049811155,0.8093320049811155
UFLIA/simplify2/front_end_suite/javafe.tc.TypeSig.013.smt2,cvc5,True,0.7703795318957418,0.7703795318957418
UFLIA/sledgehammer/Fundamental_Theorem_Algebra/smtlib.1470483.smt2,cvc5,True,0.23811213788576424,0.23811213788576424
UFLIA/grasshopper/uninstantiated/union_precondition_of_union_44_15.smt2,cvc5,True,9.218001225963235,9.218001225963235
UFLIA/sledgehammer/StrongNorm/smtlib.733215.smt2,iProver,False,1200,2400
UFLIA/tokeneer/latch/updateinternallatch-12.smt2,cvc5,False,1200,2400
UFLIA/sledgehammer/Fundamental_Theorem_Algebra/smtlib.1231832.smt2,cvc5,False,1200,2400
UFLIA/simplify2/front_end_suite/javafe.ast.NewArrayExpr.003.smt2,cvc5,True,0.5721914209425449,0.5721914209425449
UFLIA/tokeneer/tokenreader/getreaderstate-1.smt2,SMTInterpol,True,1.0295015319716185,1.0295015319716185
UFLIA/sledgehammer/Fundamental_Theorem_Algebra/smtlib.790181.smt2,iProver,False,1200,2400
UFLIA/boogie/StrictReadOnly_C2.Y0.smt2,cvc5,False,1200,2400
UFLIA/sledgehammer/StrongNorm/smtlib.846267.smt2,iProver,False,1200,2400
UFLIA/sledgehammer/NS_Shared/smtlib.688188.smt2,cvc5,False,1200,2400
UFLIA/simplify2/front_end_suite/javafe.tc.TypeSig.001.smt2,cvc5,True,8.653596084099263,8.653596084099263
UFLIA/simplify/javafe.ast.TryCatchStmt.358.smt2,cvc5,True,0.6792779199313372,0.6792779199313372
UFLIA/sledgehammer/QEpres/smtlib.869831.smt2,cvc5,False,1200,2400
UFLIA/simplify2/front_end_suite/javafe.ast.AmbiguousVariableAccess.006.smt2,cvc5,True,0.44054419500753284,0.44054419500753284
UFLIA/sledgehammer/Arrow_Order/smtlib.860001.smt2,iProver,False,1200,2400
UFLIA/simplify2/front_end_suite/javafe.parser.Parse.002.smt2,cvc5,True,0.3393173140939325,0.3393173140939325
UFLIA/simplify2/front_end_suite/javafe.ast.Identifier.003.smt2,cvc5,True,1.481953684007749,1.481953684007749
UFLIA/sledgehammer/StrongNorm/smtlib.567473.smt2,iProver,False,1200,2400
UFLIA/sledgehammer/StrongNorm/smtlib.743380.smt2,cvc5,False,1200,2400
UFLIA/simplify/javafe.ast.ThisExpr.352.smt2,cvc5,True,0.6972475869115442,0.6972475869115442
UFLIA/sledgehammer/StrongNorm/smtlib.779895.smt2,SMTInterpol,True,0.48107090103439987,0.48107090103439987
UFLIA/boogie/Global_MyNamespace.Old.IncG.smt2,cvc5,True,0.28056474798358977,0.28056474798358977
UFLIA/sledgehammer/StrongNorm/smtlib.787442.smt2,iProver,False,1200,2400
UFLIA/simplify2/front_end_suite/javafe.util.LocationManagerCorrelatedReader.001.smt2,cvc5,True,6.928742423187941,6.928742423187941
UFLIA/simplify/javafe.util.FileCorrelatedReader.784.smt2,cvc5,True,0.6782533379737288,0.6782533379737288
UFLIA/simplify/javafe.parser.test.TestExpr.577.smt2,cvc5,True,0.43659416818991303,0.43659416818991303
UFLIA/simplify/javafe.ast.TypeDeclVec.384.smt2,cvc5,True,0.2764467259403318,0.2764467259403318
UFLIA/boogie/IntToString_Test.Main.smt2,cvc5,True,0.2994813579134643,0.2994813579134643
UFLIA/sledgehammer/Hoare/smtlib.730595.smt2,iProver,False,1200,2400
UFLIA/simplify/tohtml.Java2Html.834.smt2,cvc5,True,0.7402091200929135,0.7402091200929135
UFLIA/sledgehammer/Arrow_Order/smtlib.852104.smt2,cvc5,True,0.7171078820247203,0.7171078820247203
UFLIA/simplify/javafe.tc.CheckInvariants.634.smt2,cvc5,True,2.2241265720222145,2.2241265720222145
UFLIA/sledgehammer/Hoare/smtlib.852499.smt2,cvc5,True,154.2169463019818,154.2169463019818
UFLIA/sledgehammer/QEpres/smtlib.958357.smt2,cvc5,True,0.4166580350138247,0.4166580350138247
UFLIA/sledgehammer/StrongNorm/smtlib.690471.smt2,cvc5,False,1200,2400
UFLIA/simplify2/front_end_suite/javafe.ast.ThisExpr.001.smt2,cvc5,True,0.49800837808288634,0.49800837808288634
UFLIA/boogie/ExactTypes_Y0..ctor.smt2,cvc5,True,0.4456979720853269,0.4456979720853269
UFLIA/simplify/javafe.tc.ConstantExpr.643.smt2,cvc5,True,0.28212004085071385,0.28212004085071385
UFLIA/sledgehammer/QEpres/smtlib.1031702.smt2,cvc5,False,1200,2400
UFLIA/sledgehammer/StrongNorm/smtlib.896416.smt2,cvc5,True,0.27963565313257277,0.27963565313257277
UFLIA/boogie/SimpleWhile1_SimpleWhile1.Example-infer_i.smt2,cvc5,False,1200,2400
UFLIA/sledgehammer/QEpres/smtlib.1215760.smt2,cvc5,False,1200,2400
UFLIA/sledgehammer/QEpres/smtlib.895182.smt2,iProver,False,1200,2400
UFLIA/sledgehammer/TypeSafe/smtlib.1397297.smt2,cvc5,False,1200,2400
UFLIA/boogie/WhereClause_C..ctor.smt2,cvc5,True,0.34337421506643295,0.34337421506643295
UFLIA/sledgehammer/TwoSquares/smtlib.746975.smt2,cvc5,True,0.4816137379966676,0.4816137379966676
UFLIA/sledgehammer/Arrow_Order/smtlib.561175.smt2,cvc5,False,1200,2400
UFLIA/boogie/BasicMethodology_C..ctor.smt2,cvc5,True,0.4582824669778347,0.4582824669778347
UFLIA/sledgehammer/Fundamental_Theorem_Algebra/smtlib.1127040.smt2,iProver,False,1200,2400
UFLIA/sledgehammer/Hoare/smtlib.911502.smt2,cvc5,True,30.736441688146442,30.736441688146442
UFLIA/tokeneer/configdata/writefile/workinghourstext-6.smt2,SMTInterpol,True,0.722603316011373,0.722603316011373
UFLIA/simplify2/front_end_suite/javafe.parser.ParseStmt.002.smt2,cvc5,True,11.06008654506877,11.06008654506877
UFLIA/boogie/Types_Types.P4_System.Object.array_notnull_System.Int32.array_notnull_A.array_notnull_J.array_notnull_B.array_notnull-orderStrength_1.smt2,cvc5,True,0.7408568940591067,0.7408568940591067
UFLIA/boogie/Finally_ReturnFinally.M-modifiesOnLoop.smt2,cvc5,False,1200,2400
UFLIA/simplify2/front_end_suite/javafe.util.BufferedCorrelatedReader.008.smt2,cvc5,True,0.4181731669232249,0.4181731669232249
UFLIA/sledgehammer/QEpres/smtlib.660251.smt2,cvc5,False,1200,2400
UFLIA/boogie/QuantifierVisibilityInvariant_A.SpecSharp.CheckInvariant_System.Boolean.smt2,cvc5,True,0.30904729990288615,0.30904729990288615
UFLIA/tokeneer/tokenreader/poll-22.smt2,iProver,True,1.3910751070361584,1.3910751070361584
UFLIA/sledgehammer/QEpres/smtlib.796442.smt2,cvc5,False,1200,2400
UFLIA/sledgehammer/FFT/smtlib.732819.smt2,cvc5,False,1200,2400
UFLIA/sledgehammer/TwoSquares/smtlib.887872.smt2,cvc5,True,6.8571694740094244,6.8571694740094244
UFLIA/boogie/DynamicTypes_Sub1..ctor.smt2,cvc5,True,0.36041770596057177,0.36041770596057177
UFLIA/sledgehammer/FFT/smtlib.841614.smt2,cvc5,False,1200,2400
UFLIA/grasshopper/instantiated/filter_loop_invariant_48_3.smt2,cvc5,True,1.5682870750315487,1.5682870750315487
UFLIA/simplify/javafe.util.FileCorrelatedReader.786.smt2,cvc5,True,0.2873675851151347,0.2873675851151347
UFLIA/boogie/CallLoop_Test.Method-modifiesOnLoop-noinfer.smt2,cvc5,True,0.384468040894717,0.384468040894717
UFLIA/sledgehammer/QEpres/smtlib.740657.smt2,SMTInterpol,True,0.983488961996045,0.983488961996045
UFLIA/simplify2/front_end_suite/javafe.ast.ConstructorDecl.002.smt2,cvc5,True,0.6129934180062264,0.6129934180062264
UFLIA/simplify2/front_end_suite/javafe.ast.SynchronizeStmt.007.smt2,cvc5,True,13.462503648828715,13.462503648828715
UFLIA/sledgehammer/Hoare/smtlib.1116130.smt2,cvc5,True,0.37012007599696517,0.37012007599696517
UFLIA/sledgehammer/QEpres/smtlib.910143.smt2,cvc5,False,1200,2400
UFLIA/sledgehammer/TypeSafe/smtlib.826513.smt2,cvc5,True,0.3982066127937287,0.3982066127937287
UFLIA/boogie/DefaultLoopInv0_A..ctor-modifiesOnLoop-noinfer.smt2,cvc5,True,0.35536601790226996,0.35536601790226996
UFLIA/simplify2/front_end_suite/javafe.filespace.UnionTree.001.smt2,cvc5,True,0.2838798479642719,0.2838798479642719
UFLIA/sledgehammer/Fundamental_Theorem_Algebra/smtlib.1207161.smt2,cvc5,True,1.2738205229397863,1.2738205229397863
UFLIA/sledgehammer/Hoare/smtlib.1011935.smt2,cvc5,True,440.3379837439861,440.3379837439861
UFLIA/boogie/Ensures_Test.FooBad.smt2,cvc5,False,1200,2400
UFLIA/simplify2/front_end_suite/javafe.filespace.Resolve_Result.001.smt2,cvc5,True,0.24802798498421907,0.24802798498421907
UFLIA/sledgehammer/Fundamental_Theorem_Algebra/smtlib.559062.smt2,cvc5,False,1200,2400
UFLIA/grasshopper/uninstantiated/merge_loop_invariant_61_3.smt2,cvc5,True,4.484334874199703,4.484334874199703
UFLIA/sledgehammer/FFT/smtlib.736366.smt2,cvc5,False,1200,2400
UFLIA/simplify2/front_end_suite/javafe.ast.ThisExpr.007.smt2,cvc5,True,19.740714421030134,19.740714421030134
UFLIA/tokeneer/tokenreader/init-7.smt2,cvc5,True,0.26248542917892337,0.26248542917892337
UFLIA/simplify/javafe.ast.BlockStmt.50.smt2,cvc5,True,1.5631896799895912,1.5631896799895912
UFLIA/simplify/javafe.ast.TypeObjectDesignator.421.smt2,cvc5,True,1.467554940842092,1.467554940842092
UFLIA/sledgehammer/Hoare/smtlib.635268.smt2,iProver,False,1200,2400
UFLIA/simplify2/front_end_suite/javafe.ast.ExprVec.015.smt2,cvc5,True,1.0460658089723438,1.0460658089723438
UFLIA/simplify2/front_end_suite/javafe.ast.CondExpr.006.smt2,cvc5,True,0.4519594751764089,0.4519594751764089
UFLIA/sledgehammer/Fundamental_Theorem_Algebra/smtlib.1475993.smt2,cvc5,False,1200,2400
UFLIA/grasshopper/instantiated/merge_invariant_46_2.smt2,cvc5,True,1.464907705085352,1.464907705085352
UFLIA/simplify/javafe.ast.IdentifierVec.179.smt2,cvc5,True,3.9601609900128096,3.9601609900128096
UFLIA/grasshopper/uninstantiated/insert_postcondition_of_insert_49_4.smt2,cvc5,True,0.48072056705132127,0.48072056705132127
UFLIA/sledgehammer/Fundamental_Theorem_Algebra/smtlib.819902.smt2,cvc5,True,0.3359716348350048,0.3359716348350048
UFLIA/boogie/PureCall_Cell.set_FieldLikeProperty_System.Int32.smt2,cvc5,True,0.3042649000417441,0.3042649000417441
UFLIA/sledgehammer/QEpres/smtlib.698833.smt2,cvc5,False,1200,2400
UFLIA/simplify2/front_end_suite/javafe.ast.VarInitVec.015.smt2,cvc5,True,1.3851020110305399,1.3851020110305399
UFLIA/sledgehammer/Fundamental_Theorem_Algebra/smtlib.1142095.smt2,cvc5,False,1200,2400
UFLIA/sledgehammer/Fundamental_Theorem_Algebra/smtlib.636861.smt2,cvc5,True,0.3386512959841639,0.3386512959841639
UFLIA/sledgehammer/Fundamental_Theorem_Algebra/smtlib.1444059.smt2,cvc5,False,1200,2400
UFLIA/sledgehammer/QEpres/smtlib.889413.smt2,cvc5,False,1200,2400
UFLIA/sledgehammer/NS_Shared/smtlib.590931.smt2,cvc5,False,1200,2400
UFLIA/sexpr/SES.Sx.get_IsTrue.smt2,cvc5,True,1.3497391969431192,1.3497391969431192
UFLIA/sledgehammer/StrongNorm/smtlib.615099.smt2,iProver,False,1200,2400
UFLIA/sledgehammer/TypeSafe/smtlib.1392726.smt2,cvc5,False,1200,2400
UFLIA/sledgehammer/NS_Shared/smtlib.640264.smt2,cvc5,False,1200,2400
UFLIA/sledgehammer/FFT/smtlib.1026416.smt2,cvc5,False,1200,2400
UFLIA/sledgehammer/Hoare/smtlib.594826.smt2,cvc5,True,0.34268295601941645,0.34268295601941645
UFLIA/boogie/Assumptions_Assumptions.Swap_System.Boolean.smt2,cvc5,True,3.108333268901333,3.108333268901333
UFLIA/sledgehammer/Fundamental_Theorem_Algebra/smtlib.639871.smt2,cvc5,False,1200,2400
UFLIA/sledgehammer/Fundamental_Theorem_Algebra/smtlib.1241941.smt2,cvc5,True,0.34978109900839627,0.34978109900839627
UFLIA/boogie/Modifies_Arraytests.P0_System.String.array-level_2.smt2,cvc5,True,0.3901877091266215,0.3901877091266215
UFLIA/boogie/Chunker11a_Chunker..ctor_System.String_notnull_System.Int32.smt2,cvc5,True,1.0001025840174407,1.0001025840174407
UFLIA/sledgehammer/Fundamental_Theorem_Algebra/smtlib.1037074.smt2,cvc5,True,0.27311269799247384,0.27311269799247384
UFLIA/boogie/Change769_B..ctor.smt2,cvc5,True,0.35468683391809464,0.35468683391809464
UFLIA/sledgehammer/QEpres/smtlib.745518.smt2,cvc5,False,1200,2400
UFLIA/boogie/Strings_test3.MyStrings.StringCoolness1.smt2,cvc5,True,2.601113672135398,2.601113672135398
UFLIA/boogie/MustOverride_Ex1.B..ctor.smt2,cvc5,True,0.3230834670830518,0.3230834670830518
UFLIA/sledgehammer/Fundamental_Theorem_Algebra/smtlib.576811.smt2,cvc5,False,1200,2400
UFLIA/sledgehammer/QEpres/smtlib.826079.smt2,cvc5,False,1200,2400
UFLIA/simplify/javafe.ast.ConstructorInvocation.105.smt2,cvc5,True,0.6629939379636198,0.6629939379636198
UFLIA/simplify2/front_end_suite/javafe.tc.TypeSig.017.smt2,cvc5,True,0.6311464519239962,0.6311464519239962
UFLIA/sledgehammer/QEpres/smtlib.1114045.smt2,SMTInterpol,True,0.525853939994704,0.525853939994704
UFLIA/sledgehammer/Hoare/smtlib.1097706.smt2,cvc5,False,1200,2400
UFLIA/simplify2/front_end_suite/javafe.ast.TypeModifierPragmaVec.008.smt2,cvc5,True,0.3079977841116488,0.3079977841116488
UFLIA/simplify2/front_end_suite/javafe.filespace.TreeWalker.003.smt2,cvc5,True,0.2733167069964111,0.2733167069964111
UFLIA/sledgehammer/StrongNorm/smtlib.687435.smt2,iProver,False,1200,2400
UFLIA/simplify2/front_end_suite/javafe.ast.BinaryExpr.004.smt2,cvc5,True,7.10899327788502,7.10899327788502
UFLIA/tokeneer/auditlog/truncatelog-8.smt2,cvc5,False,1200,2400
UFLIA/simplify/javafe.ast.MethodDecl.236.smt2,cvc5,True,0.7401413440238684,0.7401413440238684
UFLIA/sledgehammer/StrongNorm/smtlib.713724.smt2,cvc5,False,1200,2400
UFLIA/sledgehammer/Hoare/smtlib.1136295.smt2,cvc5,False,1200,2400
UFLIA/boogie/WhereMotivation_Types.MLoop3.smt2,cvc5,True,25.558940083021298,25.558940083021298
UFLIA/boogie/ModifiesClauses_ModifiesClauses.Test1_C_notnull.smt2,cvc5,False,1200,2400
UFLIA/sledgehammer/Fundamental_Theorem_Algebra/smtlib.1451187.smt2,cvc5,False,1200,2400
UFLIA/simplify2/front_end_suite/javafe.ast.CompoundName.009.smt2,cvc5,True,0.48911067098379135,0.48911067098379135
UFLIA/simplify2/front_end_suite/javafe.ast.AmbiguousVariableAccess.007.smt2,cvc5,True,12.641340065049008,12.641340065049008
UFLIA/simplify2/front_end_suite/javafe.parser.ParseExpr.009.smt2,cvc5,False,1200,2400
UFLIA/simplify2/front_end_suite/javafe.ast.ContinueStmt.009.smt2,cvc5,True,0.5047504198737442,0.5047504198737442
UFLIA/boogie/Bag0_Bag.Add_System.Int32.smt2,cvc5,False,1200,2400
UFLIA/sledgehammer/Hoare/smtlib.993896.smt2,SMTInterpol,True,0.5369637610274367,0.5369637610274367
UFLIA/simplify2/front_end_suite/javafe.filespace.FileTree.003.smt2,cvc5,True,0.46931867906823754,0.46931867906823754
UFLIA/tokeneer/admin/opisavailable-8.smt2,cvc5,True,0.2343325698748231,0.2343325698748231
UFLIA/simplify2/front_end_suite/javafe.ast.PrimitiveType.002.smt2,cvc5,True,17.05677739204839,17.05677739204839
UFLIA/simplify2/front_end_suite/javafe.tc.EnvForLocalType.003.smt2,cvc5,True,0.38262006896547973,0.38262006896547973
UFLIA/simplify2/front_end_suite/javafe.ast.VariableAccess.001.smt2,cvc5,True,0.4823422529734671,0.4823422529734671
UFLIA/simplify2/front_end_suite/javafe.ast.FormalParaDecl.003.smt2,cvc5,True,0.5447481980081648,0.5447481980081648
UFLIA/boogie/CommittedOblivious_W..ctor.smt2,cvc5,True,0.34150449908338487,0.34150449908338487
UFLIA/simplify/javafe.ast.ConstructorDecl.103.smt2,cvc5,True,1.8479031568858773,1.8479031568858773
UFLIA/sledgehammer/Fundamental_Theorem_Algebra/smtlib.1081041.smt2,cvc5,True,35.73450284381397,35.73450284381397
UFLIA/sledgehammer/QEpres/smtlib.690800.smt2,iProver,False,1200,2400
UFLIA/sledgehammer/Arrow_Order/smtlib.837175.smt2,cvc5,True,11.72260240581818,11.72260240581818
UFLIA/sledgehammer/TypeSafe/smtlib.620524.smt2,cvc5,False,1200,2400
UFLIA/simplify2/front_end_suite/javafe.ast.SynchronizeStmt.001.smt2,cvc5,True,0.4449059269391,0.4449059269391
UFLIA/boogie/ValidAndPrevalid_Interval.Foo2.smt2,cvc5,False,1200,2400
UFLIA/simplify2/front_end_suite/javafe.ast.StandardPrettyPrint.018.smt2,cvc5,True,0.6496976809576154,0.6496976809576154
UFLIA/simplify2/front_end_suite/javafe.ast.ArrayInit.005.smt2,cvc5,True,0.5508949488867074,0.5508949488867074
UFLIA/simplify2/front_end_suite/javafe.tc.FlowInsensitiveChecks.020.smt2,cvc5,True,5.507508732145652,5.507508732145652
UFLIA/simplify2/front_end_suite/javafe.parser.Parse.009.smt2,cvc5,True,0.7430926209781319,0.7430926209781319
UFLIA/sledgehammer/QEpres/smtlib.682742.smt2,cvc5,False,1200,2400
UFLIA/sledgehammer/Fundamental_Theorem_Algebra/smtlib.1293094.smt2,cvc5,False,1200,2400
UFLIA/simplify2/front_end_suite/javafe.ast.Identifier.009.smt2,cvc5,True,0.3936319549102336,0.3936319549102336
UFLIA/sledgehammer/Hoare/smtlib.848928.smt2,iProver,False,1200,2400
UFLIA/sledgehammer/Fundamental_Theorem_Algebra/smtlib.810519.smt2,iProver,False,1200,2400
UFLIA/sledgehammer/StrongNorm/smtlib.686273.smt2,cvc5,False,1200,2400
UFLIA/simplify2/front_end_suite/javafe.ast.LiteralExpr.005.smt2,cvc5,True,1.1456398989539593,1.1456398989539593
UFLIA/simplify2/front_end_suite/javafe.ast.ContinueStmt.004.smt2,cvc5,True,0.4924922550562769,0.4924922550562769
UFLIA/simplify2/front_end_suite/javafe.ast.StmtVec.021.smt2,cvc5,True,0.2737466599792242,0.2737466599792242
UFLIA/simplify2/front_end_suite/javafe.TestTool.006.smt2,cvc5,True,0.3377942079678178,0.3377942079678178
UFLIA/sledgehammer/Hoare/smtlib.800900.smt2,iProver,False,1200,2400
UFLIA/sledgehammer/TypeSafe/smtlib.905367.smt2,cvc5,False,1200,2400
UFLIA/simplify2/front_end_suite/javafe.ast.IdentifierVec.005.smt2,cvc5,True,0.5428984060417861,0.5428984060417861
UFLIA/sledgehammer/Hoare/smtlib.652048.smt2,cvc5,True,0.44897410296835005,0.44897410296835005
UFLIA/sledgehammer/FFT/smtlib.1018649.smt2,cvc5,True,29.217406165087596,29.217406165087596
UFLIA/sledgehammer/FFT/smtlib.557643.smt2,SMTInterpol,True,21.809925497043878,21.809925497043878
UFLIA/sledgehammer/Hoare/smtlib.628054.smt2,cvc5,False,1200,2400
UFLIA/sledgehammer/Fundamental_Theorem_Algebra/smtlib.1256764.smt2,cvc5,False,1200,2400
UFLIA/simplify2/front_end_suite/javafe.tc.EnvForLocals.007.smt2,cvc5,True,0.4962565579917282,0.4962565579917282
UFLIA/simplify/javafe.ast.ModifierPragmaVec.252.smt2,cvc5,True,1.0778543308842927,1.0778543308842927
UFLIA/simplify2/front_end_suite/javafe.parser.TokenQueue.001.smt2,cvc5,True,0.3180078389123082,0.3180078389123082
UFLIA/sledgehammer/Hoare/smtlib.594414.smt2,iProver,False,1200,2400
UFLIA/sledgehammer/TwoSquares/smtlib.649769.smt2,SMTInterpol,True,0.48783304600510746,0.48783304600510746
UFLIA/simplify/javafe.ast.TypeModifierPragmaVec.395.smt2,cvc5,True,0.2639057100750506,0.2639057100750506
UFLIA/sledgehammer/QEpres/smtlib.1000615.smt2,cvc5,True,0.5319684899877757,0.5319684899877757
UFLIA/sledgehammer/Fundamental_Theorem_Algebra/smtlib.564024.smt2,iProver,False,1200,2400
UFLIA/sledgehammer/TwoSquares/smtlib.596368.smt2,cvc5,False,1200,2400
UFLIA/sledgehammer/StrongNorm/smtlib.786960.smt2,cvc5,False,1200,2400
UFLIA/tokeneer/latch/settimeout-3.smt2,SMTInterpol,False,1200,2400
UFLIA/tptp/ARI604=1.smt2,SMTInterpol,True,0.5171381739783101,0.5171381739783101
UFLIA/sledgehammer/Fundamental_Theorem_Algebra/z3.1476271.smt2,cvc5,False,1200,2400
UFLIA/sledgehammer/Hoare/smtlib.824765.smt2,cvc5,False,1200,2400
UFLIA/sledgehammer/Fundamental_Theorem_Algebra/smtlib.743386.smt2,cvc5,False,1200,2400
UFLIA/simplify2/front_end_suite/javafe.tc.ConstantExpr.012.smt2,cvc5,True,0.5399601240642369,0.5399601240642369
UFLIA/sledgehammer/TwoSquares/smtlib.690341.smt2,cvc5,True,0.30330806807614863,0.30330806807614863
UFLIA/sledgehammer/Hoare/smtlib.932369.smt2,iProver,False,1200,2400
UFLIA/sledgehammer/Fundamental_Theorem_Algebra/smtlib.1289053.smt2,cvc5,False,1200,2400
UFLIA/sledgehammer/Fundamental_Theorem_Algebra/smtlib.1474707.smt2,cvc5,True,70.13860435783863,70.13860435783863
UFLIA/sledgehammer/TwoSquares/smtlib.748022.smt2,cvc5,False,1200,2400
UFLIA/sledgehammer/QEpres/smtlib.909222.smt2,cvc5,False,1200,2400
UFLIA/sledgehammer/TypeSafe/smtlib.813782.smt2,cvc5,False,1200,2400
UFLIA/sexpr/SES.Sx..ctor.smt2,cvc5,True,0.5876184608787298,0.5876184608787298
UFLIA/sledgehammer/TwoSquares/smtlib.697343.smt2,SMTInterpol,True,1.0707442539860494,1.0707442539860494
UFLIA/sledgehammer/FFT/smtlib.927700.smt2,cvc5,False,1200,2400
UFLIA/sledgehammer/Arrow_Order/smtlib.705230.smt2,cvc5,True,0.39037756295874715,0.39037756295874715
UFLIA/simplify2/front_end_suite/javafe.ast.TypeDeclVec.008.smt2,cvc5,True,0.2832262630108744,0.2832262630108744
UFLIA/sledgehammer/NS_Shared/smtlib.783693.smt2,cvc5,False,1200,2400
UFLIA/sledgehammer/Arrow_Order/smtlib.753569.smt2,cvc5,True,19.817098875064403,19.817098875064403
UFLIA/tokeneer/enclave/progressadminactivity-8.smt2,SMTInterpol,True,1195.0507880920195,1195.0507880920195
UFLIA/sledgehammer/Fundamental_Theorem_Algebra/smtlib.938531.smt2,cvc5,True,0.259515370009467,0.259515370009467
UFLIA/grasshopper/uninstantiated/delete_check_free_51_8.smt2,cvc5,True,0.44011955987662077,0.44011955987662077
UFLIA/sledgehammer/QEpres/smtlib.670938.smt2,cvc5,False,1200,2400
UFLIA/simplify2/front_end_suite/javafe.ast.FieldDecl.004.smt2,cvc5,True,0.8618710450828075,0.8618710450828075
UFLIA/sledgehammer/Arrow_Order/smtlib.586117.smt2,cvc5,False,1200,2400
UFLIA/simplify2/front_end_suite/javafe.ast.ModifierPragmaVec.013.smt2,cvc5,True,0.5054427799768746,0.5054427799768746
UFLIA/simplify2/front_end_suite/javafe.util.StackVector.014.smt2,cvc5,True,1.7905495951417834,1.7905495951417834
UFLIA/boogie/AdditiveMethods_Sub.Z.smt2,cvc5,False,1200,2400
UFLIA/boogie/Array2_test3.MyClass2.M2_System.Int32.array2_notnull.smt2,cvc5,False,1200,2400
UFLIA/sledgehammer/QEpres/smtlib.771462.smt2,cvc5,False,1200,2400
UFLIA/simplify2/front_end_suite/javafe.ast.FieldAccess.001.smt2,cvc5,True,0.4587405400816351,0.4587405400816351
UFLIA/boogie/Delegate_Delegate..ctor.smt2,cvc5,True,0.9175240870099515,0.9175240870099515
UFLIA/boogie/Immutable_test3.C..ctor.smt2,cvc5,True,1.1977573367767036,1.1977573367767036
UFLIA/simplify2/front_end_suite/javafe.tc.Env.004.smt2,cvc5,True,0.6010797589551657,0.6010797589551657
UFLIA/sledgehammer/TypeSafe/smtlib.1368584.smt2,cvc5,False,1200,2400
UFLIA/sledgehammer/StrongNorm/smtlib.634151.smt2,iProver,False,1200,2400
UFLIA/simplify2/front_end_suite/javafe.ast.StandardPrettyPrint.005.smt2,cvc5,True,215.2745388080366,215.2745388080366
UFLIA/sledgehammer/QEpres/smtlib.1152833.smt2,cvc5,False,1200,2400
UFLIA/sledgehammer/TwoSquares/smtlib.672156.smt2,iProver,False,1200,2400
UFLIA/boogie/Immutable_test3.XY.M1_test3.Imtbl.smt2,cvc5,False,1200,2400
UFLIA/simplify2/front_end_suite/javafe.ast.ConstructorInvocation.004.smt2,cvc5,True,0.8686647759750485,0.8686647759750485
UFLIA/sledgehammer/TypeSafe/smtlib.793829.smt2,cvc5,False,1200,2400
UFLIA/sledgehammer/QEpres/smtlib.873516.smt2,cvc5,False,1200,2400
UFLIA/boogie/QuantifierVisibilityInvariant_C..ctor_System.Int32.smt2,cvc5,True,0.766485121101141,0.766485121101141
UFLIA/boogie/AssignToNonInvariantField_AnotherClient.P_ViolatesInvariant.smt2,cvc5,False,1200,2400
UFLIA/simplify2/front_end_suite/javafe.ast.TypeObjectDesignator.008.smt2,cvc5,True,19.217546210158616,19.217546210158616
UFLIA/sledgehammer/StrongNorm/smtlib.802302.smt2,iProver,False,1200,2400
UFLIA/sledgehammer/QEpres/smtlib.1021612.smt2,cvc5,False,1200,2400
UFLIA/sledgehammer/TypeSafe/smtlib.795639.smt2,cvc5,False,1200,2400
UFLIA/sledgehammer/Fundamental_Theorem_Algebra/smtlib.1162678.smt2,cvc5,True,0.35420587309636176,0.35420587309636176
UFLIA/simplify/javafe.util.StackVector.826.smt2,cvc5,True,0.26216487400233746,0.26216487400233746
UFLIA/sledgehammer/StrongNorm/smtlib.710430.smt2,iProver,False,1200,2400
UFLIA/simplify2/front_end_suite/javafe.ast.StandardPrettyPrint.017.smt2,cvc5,True,26.532473172061145,26.532473172061145
UFLIA/boogie/ExposeVersion_A.MethodCallOnOtherWithGetterQuery_A_notnull-level_2.smt2,cvc5,True,0.4288077100645751,0.4288077100645751
UFLIA/simplify/javafe.ast.BinaryExpr.48.smt2,cvc5,True,1.2663356680423021,1.2663356680423021
UFLIA/sledgehammer/Fundamental_Theorem_Algebra/smtlib.742390.smt2,cvc5,False,1200,2400
UFLIA/sledgehammer/Fundamental_Theorem_Algebra/smtlib.1292300.smt2,cvc5,True,5.561541914008558,5.561541914008558
UFLIA/sledgehammer/StrongNorm/smtlib.714479.smt2,SMTInterpol,False,1200,2400
UFLIA/grasshopper/uninstantiated/traverse_loop_invariant_46_3.smt2,cvc5,True,15.50461664213799,15.50461664213799
UFLIA/sledgehammer/Hoare/smtlib.1220418.smt2,iProver,True,138.01487518800423,138.01487518800423
UFLIA/sledgehammer/Fundamental_Theorem_Algebra/smtlib.980066.smt2,cvc5,True,0.27363082696683705,0.27363082696683705
UFLIA/sledgehammer/QEpres/smtlib.931743.smt2,cvc5,False,1200,2400
UFLIA/simplify2/front_end_suite/javafe.tc.Types.053.smt2,cvc5,True,11.347911758115515,11.347911758115515
UFLIA/sledgehammer/QEpres/smtlib.1009016.smt2,cvc5,False,1200,2400
UFLIA/sledgehammer/TwoSquares/smtlib.643177.smt2,cvc5,True,54.09142539813183,54.09142539813183
UFLIA/sledgehammer/Fundamental_Theorem_Algebra/smtlib.739915.smt2,cvc5,False,1200,2400
UFLIA/sledgehammer/StrongNorm/smtlib.691627.smt2,iProver,False,1200,2400
UFLIA/tokeneer/enclave/adminlogout-9.smt2,cvc5,False,1200,2400
UFLIA/boogie/PeerFields_Parent..ctor.smt2,cvc5,True,0.423016713000834,0.423016713000834
UFLIA/sledgehammer/Fundamental_Theorem_Algebra/smtlib.943066.smt2,iProver,False,1200,2400
UFLIA/simplify2/front_end_suite/javafe.parser.ParseStmt.005.smt2,cvc5,True,1.111353216925636,1.111353216925636
UFLIA/sledgehammer/TwoSquares/smtlib.722668.smt2,cvc5,False,1200,2400
UFLIA/tokeneer/configdata/writefile-40.smt2,cvc5,False,1200,2400
UFLIA/simplify2/front_end_suite/javafe.ast.FormalParaDeclVec.013.smt2,cvc5,True,0.5061269109137356,0.5061269109137356
UFLIA/boogie/Cast_Cast.M_System.String_System.String_notnull.smt2,cvc5,True,0.3077614039648324,0.3077614039648324
UFLIA/sledgehammer/NS_Shared/smtlib.804544.smt2,cvc5,False,1200,2400
UFLIA/sledgehammer/Fundamental_Theorem_Algebra/smtlib.1478401.smt2,iProver,False,1200,2400
UFLIA/boogie/WhereClause_D.foo_System.String_System.String.ptr_System.String.ptr.smt2,cvc5,True,0.3476290130056441,0.3476290130056441
UFLIA/boogie/Factory_Test.N.smt2,cvc5,True,0.35431295190937817,0.35431295190937817
UFLIA/simplify2/front_end_suite/javafe.ast.TypeDeclElemVec.017.smt2,cvc5,True,0.40091694379225373,0.40091694379225373
UFLIA/simplify2/front_end_suite/javafe.ast.StmtVec.012.smt2,cvc5,True,0.31786626600660384,0.31786626600660384
UFLIA/simplify2/front_end_suite/javafe.filespace.LookAheadEnum.001.smt2,cvc5,True,0.24924261891283095,0.24924261891283095
UFLIA/sledgehammer/QEpres/smtlib.618896.smt2,SMTInterpol,False,1200,2400
UFLIA/boogie/Interval_Interval.BadShift2_System.Int32.smt2,cvc5,False,1200,2400
UFLIA/sledgehammer/TwoSquares/smtlib.772420.smt2,cvc5,False,1200,2400
UFLIA/sledgehammer/TwoSquares/smtlib.742141.smt2,cvc5,True,0.2295150998979807,0.2295150998979807
UFLIA/sledgehammer/QEpres/smtlib.1153410.smt2,cvc5,False,1200,2400
UFLIA/simplify/javafe.reader.ASTClassFileParser.582.smt2,cvc5,True,271.0849507651292,271.0849507651292
UFLIA/boogie/Bag2_Bag.Add_System.Int32.smt2,cvc5,False,1200,2400
UFLIA/simplify/javafe.tc.FlowInsensitiveChecks.682.smt2,cvc5,True,0.3364209118299186,0.3364209118299186
UFLIA/sledgehammer/QEpres/smtlib.1133794.smt2,cvc5,False,1200,2400
UFLIA/sledgehammer/StrongNorm/smtlib.893940.smt2,SMTInterpol,True,0.4917300450033508,0.4917300450033508
UFLIA/simplify2/front_end_suite/javafe.ast.FormalParaDeclVec.018.smt2,cvc5,True,0.37632908788509667,0.37632908788509667
UFLIA/boogie/AdditiveMethods_Sub.StartHere2_AdditiveMethods_notnull.smt2,cvc5,False,1200,2400
UFLIA/simplify/javafe.ast.TypeNameVec.416.smt2,cvc5,True,0.9861754011362791,0.9861754011362791
UFLIA/boogie/Pack_Good1.Cell.GetX.smt2,cvc5,True,0.40342668001540005,0.40342668001540005
UFLIA/sledgehammer/Arrow_Order/smtlib.558820.smt2,cvc5,True,0.39525840408168733,0.39525840408168733
UFLIA/sledgehammer/StrongNorm/smtlib.839818.smt2,cvc5,True,96.1783474071417,96.1783474071417
UFLIA/sledgehammer/StrongNorm/smtlib.835350.smt2,cvc5,False,1200,2400
UFLIA/sledgehammer/Fundamental_Theorem_Algebra/smtlib.1362850.smt2,cvc5,False,1200,2400
UFLIA/simplify/javafe.tc.FlowInsensitiveChecks.685.smt2,cvc5,True,1.1203105780296028,1.1203105780296028
UFLIA/sledgehammer/FFT/smtlib.891745.smt2,SMTInterpol,False,1200,2400
UFLIA/sledgehammer/FFT/smtlib.1002149.smt2,cvc5,False,1200,2400
UFLIA/sledgehammer/Hoare/smtlib.750663.smt2,cvc5,True,0.2615901450626552,0.2615901450626552
UFLIA/sledgehammer/Fundamental_Theorem_Algebra/smtlib.1326483.smt2,cvc5,True,0.33177496399730444,0.33177496399730444
UFLIA/simplify/javafe.ast.SimpleName.306.smt2,cvc5,True,0.27495480398647487,0.27495480398647487
UFLIA/sledgehammer/QEpres/smtlib.937462.smt2,cvc5,False,1200,2400
UFLIA/sledgehammer/StrongNorm/smtlib.643239.smt2,iProver,False,1200,2400
UFLIA/boogie/AssignToNonInvariantField_AnotherClient.M.smt2,cvc5,False,1200,2400
UFLIA/sledgehammer/Hoare/smtlib.847721.smt2,cvc5,True,153.70426039607264,153.70426039607264
UFLIA/simplify/javafe.tc.FieldDeclVec.672.smt2,cvc5,True,0.27554565481841564,0.27554565481841564
UFLIA/boogie/Interval_Interval.SpecSharp.CheckInvariant_System.Boolean.smt2,cvc5,True,0.28523877589032054,0.28523877589032054
UFLIA/boogie/AdditiveMethods_AdditiveMethods..ctor.smt2,cvc5,True,0.3561325839255005,0.3561325839255005
UFLIA/sledgehammer/StrongNorm/smtlib.837309.smt2,iProver,False,1200,2400
UFLIA/sledgehammer/QEpres/smtlib.1141802.smt2,cvc5,False,1200,2400
UFLIA/sledgehammer/StrongNorm/smtlib.818761.smt2,iProver,False,1200,2400
UFLIA/simplify/javafe.filespace.UnionTree.518.smt2,cvc5,True,0.3112846228759736,0.3112846228759736
UFLIA/boogie/BasicMethodology_Component..ctor_System.Int32.smt2,cvc5,True,0.4734523920342326,0.4734523920342326
UFLIA/simplify2/front_end_suite/javafe.filespace.PkgTree.011.smt2,cvc5,True,0.25427357596345246,0.25427357596345246
UFLIA/sledgehammer/Fundamental_Theorem_Algebra/smtlib.889787.smt2,cvc5,False,1200,2400
UFLIA/sledgehammer/Fundamental_Theorem_Algebra/smtlib.962121.smt2,iProver,False,1200,2400
UFLIA/sledgehammer/FFT/smtlib.651534.smt2,cvc5,False,1200,2400
UFLIA/sledgehammer/StrongNorm/smtlib.683685.smt2,iProver,False,1200,2400
UFLIA/sledgehammer/QEpres/smtlib.925725.smt2,iProver,False,1200,2400
UFLIA/sledgehammer/Fundamental_Theorem_Algebra/smtlib.1303405.smt2,cvc5,True,6.503298002993688,6.503298002993688
UFLIA/sledgehammer/Hoare/smtlib.1205718.smt2,iProver,True,2.8789585079066455,2.8789585079066455
UFLIA/boogie/Iff_Iff.Q_System.Boolean_System.Boolean.smt2,cvc5,True,0.2920584019739181,0.2920584019739181
UFLIA/sledgehammer/Fundamental_Theorem_Algebra/smtlib.1054961.smt2,cvc5,True,0.2605126700364053,0.2605126700364053
UFLIA/boogie/ParamInAssert_Test.Bar_System.Int32.smt2,cvc5,False,1200,2400
UFLIA/sledgehammer/FFT/smtlib.855618.smt2,iProver,False,1200,2400
UFLIA/simplify/javafe.filespace.Resolve.490.smt2,cvc5,True,0.23936227592639625,0.23936227592639625
UFLIA/sledgehammer/Hoare/smtlib.808979.smt2,iProver,False,1200,2400
UFLIA/sledgehammer/Hoare/smtlib.774841.smt2,iProver,True,1.3959270699415356,1.3959270699415356
UFLIA/sledgehammer/Arrow_Order/smtlib.569556.smt2,cvc5,True,0.333663702942431,0.333663702942431
UFLIA/simplify2/front_end_suite/javafe.reader.StandardTypeReader.016.smt2,cvc5,True,0.31671646097674966,0.31671646097674966
UFLIA/simplify/javafe.CopyLoaded.5.smt2,cvc5,True,0.2940134168602526,0.2940134168602526
UFLIA/sledgehammer/Fundamental_Theorem_Algebra/smtlib.1243352.smt2,cvc5,True,541.0349223180674,541.0349223180674
UFLIA/simplify/javafe.filespace.FilterEnum.464.smt2,cvc5,True,1.0392964561469853,1.0392964561469853
UFLIA/simplify2/front_end_suite/javafe.ast.ParenExpr.002.smt2,cvc5,True,0.441488531883806,0.441488531883806
UFLIA/sledgehammer/Hoare/smtlib.612658.smt2,iProver,True,13.929034257074818,13.929034257074818
UFLIA/simplify2/front_end_suite/javafe.ast.ParenExpr.007.smt2,cvc5,True,16.545267248060554,16.545267248060554
UFLIA/sledgehammer/Hoare/smtlib.922215.smt2,cvc5,False,1200,2400
UFLIA/sledgehammer/Fundamental_Theorem_Algebra/smtlib.1412025.smt2,cvc5,False,1200,2400
UFLIA/sledgehammer/QEpres/smtlib.1216924.smt2,cvc5,False,1200,2400
UFLIA/simplify2/front_end_suite/javafe.ast.FieldDecl.003.smt2,cvc5,True,0.5622372350189835,0.5622372350189835
UFLIA/tokeneer/tokenreader/poll-19.smt2,cvc5,True,0.24301246996037662,0.24301246996037662
UFLIA/sledgehammer/StrongNorm/smtlib.779887.smt2,SMTInterpol,True,0.5867012570379302,0.5867012570379302
UFLIA/sledgehammer/TypeSafe/smtlib.899644.smt2,iProver,False,1200,2400
UFLIA/sledgehammer/Fundamental_Theorem_Algebra/smtlib.860753.smt2,iProver,True,824.6121849960182,824.6121849960182
UFLIA/sledgehammer/Fundamental_Theorem_Algebra/smtlib.1375448.smt2,cvc5,False,1200,2400
UFLIA/sledgehammer/FFT/smtlib.1012796.smt2,cvc5,False,1200,2400
UFLIA/tokeneer/tismain/processing-6.smt2,SMTInterpol,True,1.599584017007146,1.599584017007146
UFLIA/sledgehammer/FFT/smtlib.694292.smt2,cvc5,False,1200,2400
UFLIA/boogie/AdvancedTypes_AdvancedTypes.Advanced6_JKL_notnull-orderStrength_1.smt2,cvc5,True,0.5029457730706781,0.5029457730706781
UFLIA/sledgehammer/QEpres/smtlib.921569.smt2,cvc5,False,1200,2400
UFLIA/sledgehammer/NS_Shared/smtlib.645227.smt2,cvc5,False,1200,2400
UFLIA/boogie/Capture_Capture..ctor.smt2,cvc5,True,0.3140571299009025,0.3140571299009025
UFLIA/sledgehammer/NS_Shared/smtlib.770900.smt2,cvc5,False,1200,2400
UFLIA/simplify2/front_end_suite/javafe.ast.IdentifierVec.019.smt2,cvc5,True,0.37576521886512637,0.37576521886512637
UFLIA/sledgehammer/Fundamental_Theorem_Algebra/smtlib.777364.smt2,cvc5,False,1200,2400
UFLIA/sledgehammer/Hoare/smtlib.1016078.smt2,cvc5,False,1200,2400
UFLIA/tokeneer/userentry/progress-8.smt2,SMTInterpol,True,1.4797211510012858,1.4797211510012858
UFLIA/boogie/AdditiveMethods_AdditiveMethods.M.smt2,cvc5,True,0.41458786581642926,0.41458786581642926
UFLIA/sledgehammer/TypeSafe/smtlib.758037.smt2,cvc5,False,1200,2400
UFLIA/simplify2/front_end_suite/javafe.parser.ParseExpr.006.smt2,cvc5,True,1.4884833490941674,1.4884833490941674
UFLIA/sledgehammer/TypeSafe/smtlib.743926.smt2,cvc5,False,1200,2400
UFLIA/simplify2/front_end_suite/javafe.ast.LexicalPragmaVec.021.smt2,cvc5,True,0.29861993296071887,0.29861993296071887
UFLIA/sledgehammer/Hoare/smtlib.648419.smt2,cvc5,True,356.1088601909578,356.1088601909578
UFLIA/boogie/SimpleWhile2_SimpleWhile2..ctor-infer_i.smt2,cvc5,True,0.318566472036764,0.318566472036764
UFLIA/sledgehammer/QEpres/smtlib.1083888.smt2,cvc5,False,1200,2400
UFLIA/boogie/ExplicitExposeVersionHavoc_C.Unsound-level_2.smt2,cvc5,False,1200,2400
UFLIA/boogie/AndNumbers_T..ctor-level_0.smt2,cvc5,True,0.2906318549066782,0.2906318549066782
UFLIA/sledgehammer/TwoSquares/smtlib.792925.smt2,cvc5,False,1200,2400
UFLIA/simplify/javafe.util.BufferedCorrelatedReader.779.smt2,cvc5,True,0.32325429911725223,0.32325429911725223
UFLIA/sledgehammer/NS_Shared/smtlib.808050.smt2,cvc5,False,1200,2400
UFLIA/boogie/ValidAndPrevalid_Interval.Foo8.smt2,cvc5,False,1200,2400
UFLIA/boogie/loopinv0-nonnull_TestEnumerable.Test1_F_notnull-modifiesOnLoop.smt2,cvc5,False,1200,2400
UFLIA/tokeneer/auditlog/init-47.smt2,cvc5,False,1200,2400
UFLIA/sledgehammer/QEpres/smtlib.784977.smt2,cvc5,False,1200,2400
UFLIA/boogie/Types_C..ctor-orderStrength_1.smt2,cvc5,True,0.5762130410876125,0.5762130410876125
UFLIA/boogie/Strings_test3.MyStrings.UnpackString_System.String_notnull.smt2,cvc5,False,1200,2400
UFLIA/boogie/AssignToNonInvariantField_AnotherClient.P_AlsoBad.smt2,cvc5,False,1200,2400
UFLIA/simplify2/front_end_suite/javafe.ast.StandardPrettyPrint.009.smt2,cvc5,True,0.5622699728701264,0.5622699728701264
UFLIA/sledgehammer/FFT/smtlib.575334.smt2,cvc5,False,1200,2400
UFLIA/sledgehammer/Fundamental_Theorem_Algebra/smtlib.766850.smt2,iProver,False,1200,2400
UFLIA/sledgehammer/TypeSafe/smtlib.899958.smt2,cvc5,False,1200,2400
UFLIA/simplify2/front_end_suite/javafe.ast.LocalVarDecl.007.smt2,cvc5,True,7.811754608992487,7.811754608992487
UFLIA/sledgehammer/FFT/smtlib.744458.smt2,cvc5,False,1200,2400
UFLIA/sledgehammer/StrongNorm/smtlib.605860.smt2,cvc5,False,1200,2400
UFLIA/sledgehammer/Fundamental_Theorem_Algebra/smtlib.1194644.smt2,cvc5,True,0.36648790002800524,0.36648790002800524
UFLIA/sledgehammer/FFT/smtlib.598373.smt2,iProver,False,1200,2400
UFLIA/sledgehammer/Fundamental_Theorem_Algebra/smtlib.1356003.smt2,SMTInterpol,True,0.5931409219629131,0.5931409219629131
UFLIA/sledgehammer/TypeSafe/smtlib.744725.smt2,cvc5,False,1200,2400
UFLIA/sledgehammer/FFT/smtlib.894271.smt2,SMTInterpol,False,1200,2400
UFLIA/simplify2/front_end_suite/javafe.ast.ForStmt.008.smt2,cvc5,True,12.628402081085369,12.628402081085369
UFLIA/boogie/StaticFields_StaticFields.M.smt2,cvc5,False,1200,2400
UFLIA/sledgehammer/FFT/smtlib.1017653.smt2,cvc5,True,322.14967048703693,322.14967048703693
UFLIA/sledgehammer/QEpres/smtlib.929588.smt2,cvc5,False,1200,2400
UFLIA/boogie/AssumeEnsures_Caller1-noinfer.smt2,SMTInterpol,True,1.0849430019734427,1.0849430019734427
UFLIA/grasshopper/uninstantiated/traverse_postcondition_of_traverse_47_1.smt2,cvc5,True,0.3772451130207628,0.3772451130207628
UFLIA/sledgehammer/Fundamental_Theorem_Algebra/smtlib.601468.smt2,cvc5,True,0.5614268048666418,0.5614268048666418
UFLIA/grasshopper/uninstantiated/copy_loop_invariant_50_5.smt2,cvc5,True,30.288447042927146,30.288447042927146
UFLIA/grasshopper/uninstantiated/contains_invariant_36_2.smt2,cvc5,True,0.25896660098806024,0.25896660098806024
UFLIA/boogie/ExposeVersion_A.setValue_System.Int32-level_2.smt2,cvc5,True,0.3878072900697589,0.3878072900697589
UFLIA/boogie/AdditiveMethods_OwnedResults.F0.smt2,cvc5,True,0.2821442869026214,0.2821442869026214
UFLIA/sledgehammer/Fundamental_Theorem_Algebra/smtlib.1199371.smt2,cvc5,True,0.47877934109419584,0.47877934109419584
UFLIA/boogie/loopinv0_LoopInv0.Method2_Node_notnull-infer_eh.smt2,cvc5,True,5.601321659050882,5.601321659050882
UFLIA/sledgehammer/Fundamental_Theorem_Algebra/smtlib.1458882.smt2,cvc5,True,30.962956161936745,30.962956161936745
UFLIA/tokeneer/door/poll-12.smt2,SMTInterpol,True,1.4487324850051664,1.4487324850051664
UFLIA/simplify2/front_end_suite/javafe.ast.LocalVarDecl.011.smt2,cvc5,True,0.646325120003894,0.646325120003894
UFLIA/tokeneer/enclave/enrolop-5.smt2,SMTInterpol,True,1.2371859579579905,1.2371859579579905
UFLIA/sledgehammer/Fundamental_Theorem_Algebra/smtlib.583598.smt2,cvc5,False,1200,2400
UFLIA/simplify2/front_end_suite/javafe.tc.MethodDeclVec.017.smt2,cvc5,True,0.35654073394834995,0.35654073394834995
UFLIA/sledgehammer/NS_Shared/smtlib.859817.smt2,cvc5,True,0.40266497200354934,0.40266497200354934
UFLIA/sledgehammer/Fundamental_Theorem_Algebra/smtlib.934973.smt2,cvc5,True,31.589263268979266,31.589263268979266
UFLIA/simplify/javafe.tc.MethodDeclVec.689.smt2,cvc5,True,0.2797132800333202,0.2797132800333202
UFLIA/boogie/LoopInvAssume_Test-noinfer.smt2,SMTInterpol,True,1.0383233799948357,1.0383233799948357
UFLIA/sledgehammer/Fundamental_Theorem_Algebra/smtlib.558045.smt2,cvc5,False,1200,2400
UFLIA/simplify/javafe.ast.PrimitiveType.290.smt2,cvc5,True,0.3268845931161195,0.3268845931161195
UFLIA/sledgehammer/Fundamental_Theorem_Algebra/smtlib.740585.smt2,cvc5,False,1200,2400
UFLIA/sledgehammer/TypeSafe/smtlib.967255.smt2,cvc5,True,106.2286443579942,106.2286443579942
UFLIA/simplify/javafe.ast.CompoundName.90.smt2,cvc5,True,0.7057730499655008,0.7057730499655008
UFLIA/simplify2/front_end_suite/javafe.ast.StmtVec.017.smt2,cvc5,True,0.3642180550377816,0.3642180550377816
UFLIA/sledgehammer/NS_Shared/smtlib.575434.smt2,iProver,False,1200,2400
UFLIA/simplify2/front_end_suite/javafe.ast.ArrayType.007.smt2,cvc5,True,0.529144651023671,0.529144651023671
UFLIA/simplify2/front_end_suite/javafe.filespace.StringUtil.005.smt2,cvc5,True,0.2990012099035084,0.2990012099035084
UFLIA/sledgehammer/TwoSquares/smtlib.709126.smt2,cvc5,True,0.4658337840810418,0.4658337840810418
UFLIA/simplify2/front_end_suite/javafe.ast.FieldDecl.008.smt2,cvc5,True,0.4496611231006682,0.4496611231006682
UFLIA/boogie/Pack_Bad2.Cell.GetX.smt2,cvc5,False,1200,2400
UFLIA/grasshopper/uninstantiated/difference_postcondition_of_difference_38_8.smt2,cvc5,False,1200,2400
UFLIA/grasshopper/uninstantiated/union_precondition_of_union_35_21.smt2,cvc5,True,30.730483594816178,30.730483594816178
UFLIA/sledgehammer/QEpres/smtlib.956182.smt2,cvc5,False,1200,2400
UFLIA/sledgehammer/NS_Shared/smtlib.870441.smt2,iProver,False,1200,2400
UFLIA/sledgehammer/Fundamental_Theorem_Algebra/smtlib.639462.smt2,cvc5,False,1200,2400
UFLIA/sledgehammer/Fundamental_Theorem_Algebra/smtlib.686216.smt2,cvc5,True,0.22773746284656227,0.22773746284656227
UFLIA/sledgehammer/QEpres/smtlib.624729.smt2,cvc5,False,1200,2400
UFLIA/simplify/javafe.tc.EnvForCU.653.smt2,cvc5,True,0.5134658890310675,0.5134658890310675
UFLIA/sledgehammer/TwoSquares/smtlib.824268.smt2,cvc5,False,1200,2400
UFLIA/sledgehammer/QEpres/smtlib.843717.smt2,iProver,False,1200,2400
UFLIA/sledgehammer/Fundamental_Theorem_Algebra/smtlib.965334.smt2,iProver,False,1200,2400
UFLIA/boogie/Change769_Test5..ctor.smt2,cvc5,True,0.3511254929471761,0.3511254929471761
UFLIA/simplify2/front_end_suite/javafe.tc.MethodDeclVec.016.smt2,cvc5,True,0.4602520850021392,0.4602520850021392
UFLIA/sledgehammer/Fundamental_Theorem_Algebra/smtlib.1421778.smt2,SMTInterpol,True,1.5887573710060678,1.5887573710060678
UFLIA/sledgehammer/Fundamental_Theorem_Algebra/smtlib.1403899.smt2,cvc5,False,1200,2400
UFLIA/sledgehammer/QEpres/smtlib.756605.smt2,cvc5,False,1200,2400
UFLIA/simplify2/front_end_suite/javafe.tc.TypeSigVec.018.smt2,cvc5,True,1.8398726352024823,1.8398726352024823
UFLIA/sledgehammer/Hoare/smtlib.1101318.smt2,cvc5,False,1200,2400
UFLIA/boogie/AssignToRepField_AssignToRepField.N.smt2,cvc5,True,0.5233486529905349,0.5233486529905349
UFLIA/simplify2/front_end_suite/javafe.ast.TryFinallyStmt.012.smt2,cvc5,True,0.7115768538787961,0.7115768538787961
UFLIA/boogie/Bag0_Bag..ctor_System.Int32.array.smt2,cvc5,False,1200,2400
UFLIA/sledgehammer/Fundamental_Theorem_Algebra/smtlib.1478920.smt2,cvc5,False,1200,2400
UFLIA/sledgehammer/QEpres/smtlib.1123449.smt2,cvc5,False,1200,2400
UFLIA/simplify2/front_end_suite/javafe.parser.ParseExpr.003.smt2,cvc5,True,1.1980459010228515,1.1980459010228515
UFLIA/sledgehammer/NS_Shared/smtlib.814955.smt2,cvc5,False,1200,2400
UFLIA/sledgehammer/QEpres/smtlib.976208.smt2,cvc5,True,0.331247498979792,0.331247498979792
UFLIA/grasshopper/instantiated/copy_invariant_35_4.smt2,cvc5,True,0.6682317650411278,0.6682317650411278
UFLIA/sledgehammer/QEpres/smtlib.770496.smt2,cvc5,False,1200,2400
UFLIA/simplify2/front_end_suite/javafe.ast.ImportDeclVec.011.smt2,cvc5,True,0.27414355310611427,0.27414355310611427
UFLIA/sledgehammer/Fundamental_Theorem_Algebra/smtlib.864403.smt2,cvc5,False,1200,2400
UFLIA/sledgehammer/TypeSafe/smtlib.1134148.smt2,cvc5,False,1200,2400
UFLIA/sledgehammer/Fundamental_Theorem_Algebra/smtlib.1157177.smt2,cvc5,True,30.340087746968493,30.340087746968493
UFLIA/simplify2/front_end_suite/javafe.ast.ForStmt.007.smt2,cvc5,True,0.4406033339910209,0.4406033339910209
UFLIA/sledgehammer/QEpres/smtlib.788951.smt2,cvc5,False,1200,2400
UFLIA/sledgehammer/Hoare/smtlib.639312.smt2,iProver,False,1200,2400
UFLIA/simplify2/front_end_suite/javafe.ast.ClassDecl.003.smt2,cvc5,True,0.5946708428673446,0.5946708428673446
UFLIA/simplify2/front_end_suite/javafe.reader.StandardTypeReader.001.smt2,cvc5,True,0.5277544008567929,0.5277544008567929
UFLIA/grasshopper/uninstantiated/difference_precondition_of_difference_35_21.smt2,cvc5,True,30.686344292014837,30.686344292014837
UFLIA/simplify2/front_end_suite/javafe.ast.StmtVec.007.smt2,cvc5,True,0.5006026688497514,0.5006026688497514
UFLIA/boogie/ExposeVersion_S..ctor-level_2.smt2,cvc5,True,0.43752370891161263,0.43752370891161263
UFLIA/sledgehammer/StrongNorm/smtlib.836494.smt2,iProver,False,1200,2400
UFLIA/boogie/AdvancedTypes_AdvancedTypes.Advanced3_W_notnull-orderStrength_1.smt2,cvc5,False,1200,2400
UFLIA/simplify2/front_end_suite/javafe.tc.PrepTypeDeclaration.009.smt2,cvc5,True,211.56094052712433,211.56094052712433
UFLIA/sledgehammer/Hoare/smtlib.823216.smt2,iProver,False,1200,2400
UFLIA/sledgehammer/Arrow_Order/smtlib.591937.smt2,cvc5,False,1200,2400
UFLIA/sledgehammer/Arrow_Order/smtlib.734069.smt2,cvc5,True,0.3550103520974517,0.3550103520974517
UFLIA/boogie/Chunker11b_Chunker..ctor_System.String_notnull_System.Int32.smt2,cvc5,True,1.2960248801391572,1.2960248801391572
UFLIA/sledgehammer/FFT/smtlib.891278.smt2,cvc5,True,0.5211306500714272,0.5211306500714272
UFLIA/simplify2/front_end_suite/javafe.ast.NewArrayExpr.012.smt2,cvc5,True,0.47221634699963033,0.47221634699963033
UFLIA/simplify2/front_end_suite/javafe.ast.TryCatchStmt.006.smt2,cvc5,True,0.6073378589935601,0.6073378589935601
UFLIA/sledgehammer/Hoare/smtlib.849485.smt2,iProver,False,1200,2400
UFLIA/boogie/AssignToRepField_AssignToRepField..ctor_System.Boolean.smt2,cvc5,True,0.42345295613631606,0.42345295613631606
UFLIA/sledgehammer/Fundamental_Theorem_Algebra/smtlib.1178912.smt2,cvc5,False,1200,2400
UFLIA/sledgehammer/QEpres/smtlib.751837.smt2,cvc5,False,1200,2400
UFLIA/sledgehammer/Hoare/smtlib.634751.smt2,iProver,False,1200,2400
UFLIA/boogie/StrictReadOnly_C2.X0.smt2,cvc5,False,1200,2400
UFLIA/simplify2/front_end_suite/javafe.ast.AmbiguousMethodInvocation.011.smt2,cvc5,True,0.5180005140136927,0.5180005140136927
UFLIA/boogie/Types_T..ctor_D_notnull-orderStrength_1.smt2,cvc5,True,0.8362416171003133,0.8362416171003133
UFLIA/simplify2/front_end_suite/javafe.util.LocationManagerCorrelatedReader.018.smt2,cvc5,True,0.3403822290711105,0.3403822290711105
UFLIA/sledgehammer/QEpres/smtlib.675415.smt2,iProver,False,1200,2400
UFLIA/simplify2/front_end_suite/javafe.ast.PrimitiveType.004.smt2,cvc5,True,0.6623518490232527,0.6623518490232527
UFLIA/simplify/javafe.tc.TypeSigVec.739.smt2,cvc5,True,0.4485056500416249,0.4485056500416249
UFLIA/sledgehammer/Hoare/smtlib.660933.smt2,iProver,False,1200,2400
UFLIA/sledgehammer/Hoare/smtlib.923918.smt2,iProver,False,1200,2400
UFLIA/simplify2/front_end_suite/javafe.ast.LiteralExpr.002.smt2,cvc5,True,0.5170403260271996,0.5170403260271996
UFLIA/simplify/javafe.ast.TypeDeclVec.389.smt2,cvc5,True,5.432995364069939,5.432995364069939
UFLIA/sledgehammer/FFT/smtlib.724613.smt2,cvc5,False,1200,2400
UFLIA/sledgehammer/Fundamental_Theorem_Algebra/smtlib.1411612.smt2,cvc5,False,1200,2400
UFLIA/simplify2/front_end_suite/javafe.ast.OnDemandImportDecl.009.smt2,cvc5,True,0.5986080619040877,0.5986080619040877
UFLIA/simplify2/front_end_suite/javafe.ast.ImportDeclVec.007.smt2,cvc5,True,0.5732265750411898,0.5732265750411898
UFLIA/boogie/Bag1_Bag.RemoveMin.smt2,cvc5,False,1200,2400
UFLIA/sledgehammer/QEpres/smtlib.606634.smt2,iProver,True,3.969165649963543,3.969165649963543
UFLIA/grasshopper/instantiated/pull_strands_postcondition_of_pull_strands_102_2.smt2,cvc5,True,26.690637789899483,26.690637789899483
UFLIA/simplify/javafe.ast.PrimitiveType.293.smt2,cvc5,True,0.658685714006424,0.658685714006424
UFLIA/sledgehammer/StrongNorm/smtlib.647269.smt2,iProver,False,1200,2400
UFLIA/simplify2/front_end_suite/javafe.reader.ASTClassFileParser.014.smt2,cvc5,True,0.7995500708930194,0.7995500708930194
UFLIA/simplify/javafe.parser.Token.572.smt2,cvc5,True,0.3833327458705753,0.3833327458705753
UFLIA/boogie/WhereMotivation_Types.MLoop3-modifiesOnLoop_1.smt2,cvc5,True,10.491249618120492,10.491249618120492
UFLIA/sledgehammer/QEpres/smtlib.760771.smt2,cvc5,False,1200,2400
UFLIA/sledgehammer/QEpres/smtlib.1217861.smt2,cvc5,False,1200,2400
UFLIA/boogie/StrictReadOnly_C1.W2.smt2,cvc5,True,0.38517088000662625,0.38517088000662625
UFLIA/boogie/PureAxioms_UnsoundSpec..ctor-level_2.smt2,cvc5,True,0.39219894795678556,0.39219894795678556
UFLIA/sledgehammer/Fundamental_Theorem_Algebra/smtlib.1355912.smt2,cvc5,True,0.354905511951074,0.354905511951074
UFLIA/boogie/Chunker6_Chunker..ctor_System.String_notnull_System.Int32.smt2,cvc5,False,1200,2400
UFLIA/simplify/javafe.filespace.ClassPath.456.smt2,cvc5,True,0.2872600960545242,0.2872600960545242
UFLIA/sledgehammer/StrongNorm/smtlib.868488.smt2,iProver,False,1200,2400
UFLIA/sledgehammer/NS_Shared/smtlib.716391.smt2,cvc5,False,1200,2400
UFLIA/sledgehammer/StrongNorm/smtlib.594005.smt2,cvc5,True,0.3839807289186865,0.3839807289186865
UFLIA/simplify2/front_end_suite/javafe.ast.InterfaceDecl.004.smt2,cvc5,True,0.8502734170760959,0.8502734170760959
UFLIA/sledgehammer/NS_Shared/smtlib.800143.smt2,cvc5,False,1200,2400
UFLIA/boogie/AdditiveMethods_OwnedResults.Static0.smt2,cvc5,True,0.3349340530112386,0.3349340530112386
UFLIA/sledgehammer/TwoSquares/smtlib.862868.smt2,cvc5,True,1.4717761899810284,1.4717761899810284
UFLIA/sledgehammer/QEpres/smtlib.589928.smt2,cvc5,False,1200,2400
UFLIA/simplify/javafe.ast.ConstructorDecl.101.smt2,cvc5,True,2.4672046520281583,2.4672046520281583
UFLIA/simplify2/small_suite/addhi.smt2,cvc5,True,31.713544784113765,31.713544784113765
UFLIA/boogie/PureAxioms_B.Dummy2-level_2.smt2,cvc5,False,1200,2400
UFLIA/simplify/javafe.ast.ImportDeclVec.187.smt2,cvc5,True,0.7578061369713396,0.7578061369713396
UFLIA/sledgehammer/StrongNorm/smtlib.579085.smt2,iProver,False,1200,2400
UFLIA/sledgehammer/QEpres/smtlib.663873.smt2,cvc5,False,1200,2400
UFLIA/sledgehammer/Fundamental_Theorem_Algebra/smtlib.594068.smt2,iProver,False,1200,2400
UFLIA/sledgehammer/QEpres/smtlib.1011000.smt2,cvc5,False,1200,2400
UFLIA/simplify2/front_end_suite/javafe.ast.ReturnStmt.007.smt2,cvc5,True,14.748386785853654,14.748386785853654
UFLIA/sledgehammer/FFT/smtlib.890620.smt2,cvc5,True,0.34207013598643243,0.34207013598643243
UFLIA/sledgehammer/Fundamental_Theorem_Algebra/smtlib.1181582.smt2,cvc5,False,1200,2400
UFLIA/sledgehammer/QEpres/smtlib.1092975.smt2,cvc5,False,1200,2400
UFLIA/sledgehammer/TypeSafe/smtlib.799915.smt2,cvc5,False,1200,2400
UFLIA/tokeneer/door/unlockdoor-5.smt2,SMTInterpol,False,1200,2400
UFLIA/sledgehammer/Fundamental_Theorem_Algebra/smtlib.1380134.smt2,cvc5,False,1200,2400
UFLIA/tokeneer/door/poll-9.smt2,SMTInterpol,True,1.5306900750147179,1.5306900750147179
UFLIA/simplify/javafe.tc.FieldDeclVec.677.smt2,cvc5,True,0.6545594460330904,0.6545594460330904
UFLIA/sledgehammer/TwoSquares/smtlib.659960.smt2,cvc5,True,0.2678761992137879,0.2678761992137879
UFLIA/sledgehammer/Fundamental_Theorem_Algebra/smtlib.1495784.smt2,cvc5,True,0.7347087648231536,0.7347087648231536
UFLIA/sledgehammer/Fundamental_Theorem_Algebra/smtlib.753561.smt2,iProver,False,1200,2400
UFLIA/sledgehammer/TwoSquares/smtlib.866494.smt2,cvc5,True,98.2826856218744,98.2826856218744
UFLIA/simplify2/front_end_suite/javafe.ast.IdentifierVec.021.smt2,cvc5,True,0.2988831039983779,0.2988831039983779
UFLIA/boogie/PeerConsistentLoop_C.M_Coll_System.Int32.smt2,cvc5,True,0.3663732339628041,0.3663732339628041
UFLIA/simplify2/front_end_suite/javafe.parser.TokenQueue.007.smt2,cvc5,True,0.32176471198908985,0.32176471198908985
UFLIA/sledgehammer/Hoare/smtlib.561831.smt2,cvc5,False,1200,2400
UFLIA/simplify2/front_end_suite/javafe.ast.SwitchStmt.003.smt2,cvc5,True,0.5698242180515081,0.5698242180515081
UFLIA/boogie/StrictReadOnly_C2.Y1.smt2,cvc5,False,1200,2400
UFLIA/sledgehammer/Fundamental_Theorem_Algebra/smtlib.981914.smt2,cvc5,True,0.3348537718411535,0.3348537718411535
UFLIA/boogie/WhileBad_Test..ctor.smt2,cvc5,True,0.3104609928559512,0.3104609928559512
UFLIA/simplify2/front_end_suite/javafe.ast.NewArrayExpr.001.smt2,cvc5,True,0.5330142630264163,0.5330142630264163
UFLIA/simplify2/front_end_suite/javafe.util.StackVector.013.smt2,cvc5,True,0.6853039469569921,0.6853039469569921
UFLIA/sledgehammer/Fundamental_Theorem_Algebra/smtlib.783350.smt2,cvc5,False,1200,2400
UFLIA/boogie/MustOverride_Ex4.B..ctor.smt2,cvc5,True,0.35390599886886775,0.35390599886886775
UFLIA/sledgehammer/StrongNorm/smtlib.758137.smt2,iProver,False,1200,2400
UFLIA/sledgehammer/FFT/smtlib.581722.smt2,iProver,False,1200,2400
UFLIA/sledgehammer/Fundamental_Theorem_Algebra/smtlib.1050423.smt2,iProver,False,1200,2400
UFLIA/boogie/AdvancedTypes_X..ctor-orderStrength_1.smt2,cvc5,True,0.5200087050907314,0.5200087050907314
UFLIA/sledgehammer/StrongNorm/smtlib.893929.smt2,SMTInterpol,True,0.5956698009977117,0.5956698009977117
UFLIA/boogie/AssignToNonInvariantField_T.Mc1.smt2,cvc5,False,1200,2400
UFLIA/sledgehammer/Fundamental_Theorem_Algebra/smtlib.1074091.smt2,cvc5,False,1200,2400
UFLIA/simplify/javafe.filespace.HashTree.466.smt2,cvc5,True,0.3100240651983768,0.3100240651983768
UFLIA/sledgehammer/TwoSquares/smtlib.610951.smt2,cvc5,False,1200,2400
UFLIA/sledgehammer/Fundamental_Theorem_Algebra/smtlib.1524829.smt2,cvc5,True,0.2588187830988318,0.2588187830988318
UFLIA/sledgehammer/NS_Shared/smtlib.715152.smt2,cvc5,False,1200,2400
UFLIA/simplify/javafe.parser.Lex.547.smt2,cvc5,True,0.6731507258955389,0.6731507258955389
UFLIA/simplify2/front_end_suite/javafe.parser.ParseStmt.001.smt2,cvc5,True,271.7240437308792,271.7240437308792
UFLIA/sledgehammer/QEpres/smtlib.982041.smt2,iProver,True,68.53166116704233,68.53166116704233
UFLIA/simplify/javafe.reader.MethodSignature.608.smt2,cvc5,True,8.160279728006572,8.160279728006572
UFLIA/simplify/javafe.filespace.PkgTree.481.smt2,cvc5,True,0.3882425611373037,0.3882425611373037
UFLIA/sledgehammer/Arrow_Order/smtlib.821884.smt2,cvc5,False,1200,2400
UFLIA/boogie/Chunker11c_Chunker.NextChunk.smt2,cvc5,False,1200,2400
UFLIA/simplify2/front_end_suite/javafe.util.BufferedCorrelatedReader.001.smt2,cvc5,True,0.7096673878841102,0.7096673878841102
UFLIA/boogie/ParamOut_Test.foo_MyInterface_2...System.String___System.String_notnull.smt2,cvc5,True,0.3930772738531232,0.3930772738531232
UFLIA/simplify2/front_end_suite/javafe.tc.PrepTypeDeclaration.010.smt2,cvc5,True,142.4726954989601,142.4726954989601
UFLIA/sledgehammer/QEpres/smtlib.636880.smt2,iProver,True,4.452161548892036,4.452161548892036
UFLIA/sledgehammer/Fundamental_Theorem_Algebra/smtlib.956852.smt2,SMTInterpol,True,0.85221390100196,0.85221390100196
UFLIA/simplify2/front_end_suite/javafe.parser.ParseStmt.007.smt2,cvc5,True,145.01989507093094,145.01989507093094
UFLIA/sledgehammer/TypeSafe/smtlib.1052930.smt2,iProver,False,1200,2400
UFLIA/simplify2/front_end_suite/javafe.PrintSpec.005.smt2,cvc5,True,4.856563681969419,4.856563681969419
UFLIA/sledgehammer/Fundamental_Theorem_Algebra/smtlib.588934.smt2,cvc5,False,1200,2400
UFLIA/boogie/SimpleWhile4_SimpleWhile4..ctor-infer_i.smt2,cvc5,True,0.33988263085484505,0.33988263085484505
UFLIA/grasshopper/uninstantiated/union_postcondition_of_union_36_8.smt2,cvc5,True,30.42179023101926,30.42179023101926
UFLIA/sledgehammer/QEpres/smtlib.1195436.smt2,cvc5,True,0.2661936420481652,0.2661936420481652
UFLIA/simplify2/front_end_suite/javafe.ast.CatchClauseVec.016.smt2,cvc5,True,0.43915166915394366,0.43915166915394366
UFLIA/sledgehammer/FFT/smtlib.998552.smt2,cvc5,False,1200,2400
UFLIA/sledgehammer/StrongNorm/smtlib.818510.smt2,iProver,False,1200,2400
UFLIA/simplify2/front_end_suite/javafe.parser.Lex.001.smt2,cvc5,True,0.41631981800310314,0.41631981800310314
UFLIA/sledgehammer/Fundamental_Theorem_Algebra/smtlib.1227907.smt2,cvc5,True,0.3616236560046673,0.3616236560046673
UFLIA/sledgehammer/Fundamental_Theorem_Algebra/smtlib.718896.smt2,cvc5,True,0.341300476109609,0.341300476109609
UFLIA/boogie/CommittedOblivious_CO.P.smt2,cvc5,False,1200,2400
UFLIA/sledgehammer/TwoSquares/smtlib.711545.smt2,iProver,True,139.09038311010227,139.09038311010227
UFLIA/boogie/DynamicTypes_MyTestSpace.A.M_System.Object_notnull.smt2,cvc5,True,0.3120293668471277,0.3120293668471277
UFLIA/sledgehammer/NS_Shared/smtlib.844399.smt2,cvc5,True,0.4430235910695046,0.4430235910695046
UFLIA/simplify/javafe.ast.MethodDecl.237.smt2,cvc5,True,0.7827997980639338,0.7827997980639338
UFLIA/sledgehammer/StrongNorm/smtlib.837061.smt2,iProver,False,1200,2400
UFLIA/sledgehammer/FFT/smtlib.589955.smt2,iProver,False,1200,2400
UFLIA/simplify/javafe.reader.ASTClassFileParser.587.smt2,cvc5,True,2.12227541487664,2.12227541487664
UFLIA/sledgehammer/FFT/smtlib.642212.smt2,cvc5,False,1200,2400
UFLIA/simplify/tohtml.Java2Html.832.smt2,cvc5,True,0.26602881611324847,0.26602881611324847
UFLIA/sledgehammer/StrongNorm/smtlib.638577.smt2,iProver,False,1200,2400
UFLIA/simplify2/front_end_suite/javafe.tc.Env.005.smt2,cvc5,True,3.243540281895548,3.243540281895548
UFLIA/sexpr/SES.Nary..ctor_System.String_notnull_System.Cl.G.List_1...opt...MS.Cn.NNT.SES.Sx_notnull.smt2,cvc5,True,32.663698174990714,32.663698174990714
UFLIA/sledgehammer/Fundamental_Theorem_Algebra/smtlib.1331662.smt2,iProver,False,1200,2400
UFLIA/simplify/javafe.tc.TypeSigVec.742.smt2,cvc5,True,100.61694479500875,100.61694479500875
UFLIA/simplify2/front_end_suite/javafe.ast.ClassLiteral.011.smt2,cvc5,True,0.6371546369045973,0.6371546369045973
UFLIA/simplify/javafe.ast.IdentifierVec.180.smt2,cvc5,True,5.358068456873298,5.358068456873298
UFLIA/sledgehammer/TwoSquares/smtlib.712433.smt2,cvc5,True,7.26415798207745,7.26415798207745
UFLIA/sledgehammer/Fundamental_Theorem_Algebra/smtlib.1179314.smt2,iProver,False,1200,2400
UFLIA/simplify2/front_end_suite/javafe.tc.FlowInsensitiveChecks.009.smt2,cvc5,True,25.636892191832885,25.636892191832885
UFLIA/sledgehammer/Fundamental_Theorem_Algebra/smtlib.1375169.smt2,cvc5,False,1200,2400
UFLIA/sledgehammer/QEpres/smtlib.990093.smt2,iProver,False,1200,2400
UFLIA/sledgehammer/Fundamental_Theorem_Algebra/smtlib.1258315.smt2,iProver,False,1200,2400
UFLIA/tptp/ARI603=1.smt2,SMTInterpol,True,0.42402132699498907,0.42402132699498907
UFLIA/sledgehammer/QEpres/smtlib.1228959.smt2,cvc5,False,1200,2400
UFLIA/sledgehammer/Hoare/smtlib.1128487.smt2,cvc5,False,1200,2400
UFLIA/simplify2/small_suite/scanNumber.smt2,cvc5,True,2.2925831710454077,2.2925831710454077
UFLIA/sledgehammer/Hoare/smtlib.713458.smt2,cvc5,False,1200,2400
UFLIA/simplify2/front_end_suite/javafe.tc.TypePrint.003.smt2,cvc5,True,0.3409380770754069,0.3409380770754069
UFLIA/simplify/javafe.ast.TypeNameVec.418.smt2,cvc5,True,0.2996975628193468,0.2996975628193468
UFLIA/sledgehammer/TypeSafe/smtlib.1393310.smt2,cvc5,False,1200,2400
UFLIA/simplify2/front_end_suite/javafe.parser.Token.004.smt2,cvc5,True,0.27819059789180756,0.27819059789180756
UFLIA/sledgehammer/Hoare/smtlib.796190.smt2,iProver,False,1200,2400
UFLIA/sledgehammer/Fundamental_Theorem_Algebra/smtlib.596115.smt2,cvc5,False,1200,2400
UFLIA/sledgehammer/Hoare/smtlib.1110561.smt2,iProver,False,1200,2400
UFLIA/sledgehammer/Fundamental_Theorem_Algebra/smtlib.787686.smt2,iProver,False,1200,2400
UFLIA/boogie/Chunker8_Chunker..ctor_System.String_notnull_System.Int32.smt2,cvc5,True,2.030558557016775,2.030558557016775
UFLIA/simplify/javafe.ast.CompoundName.91.smt2,cvc5,True,0.6722847088240087,0.6722847088240087
UFLIA/sledgehammer/QEpres/smtlib.893282.smt2,cvc5,False,1200,2400
UFLIA/sledgehammer/Fundamental_Theorem_Algebra/smtlib.863231.smt2,cvc5,False,1200,2400
UFLIA/simplify/javafe.ast.InitBlock.199.smt2,cvc5,True,0.6358322030864656,0.6358322030864656
UFLIA/sledgehammer/FFT/smtlib.1009905.smt2,cvc5,False,1200,2400
UFLIA/simplify2/front_end_suite/javafe.tc.FieldDeclVec.001.smt2,cvc5,True,0.9886881201528013,0.9886881201528013
UFLIA/misc/list6.smt2,SMTInterpol,True,657.5445218589739,657.5445218589739
UFLIA/boogie/ExactTypes_Q..ctor.smt2,cvc5,True,0.400416691089049,0.400416691089049
UFLIA/simplify2/front_end_suite/javafe.tc.FlowInsensitiveChecks.007.smt2,cvc5,True,0.8631164610851556,0.8631164610851556
UFLIA/simplify/javafe.ast.TypeName.407.smt2,cvc5,True,0.6905900810379535,0.6905900810379535
UFLIA/sledgehammer/QEpres/smtlib.978326.smt2,cvc5,True,0.41996863204985857,0.41996863204985857
UFLIA/tokeneer/tokenreader/init-40.smt2,cvc5,True,0.24567113211378455,0.24567113211378455
UFLIA/simplify2/front_end_suite/javafe.ast.TypeNameVec.020.smt2,cvc5,True,1.9768858118914068,1.9768858118914068
UFLIA/sledgehammer/FFT/smtlib.695122.smt2,cvc5,False,1200,2400
UFLIA/sledgehammer/FFT/smtlib.1005475.smt2,cvc5,False,1200,2400
UFLIA/boogie/Strengthen_U..ctor.smt2,cvc5,True,0.36559588206000626,0.36559588206000626
UFLIA/sledgehammer/Hoare/smtlib.966546.smt2,cvc5,True,21.94138915115036,21.94138915115036
UFLIA/simplify2/front_end_suite/javafe.ast.IdentifierVec.013.smt2,cvc5,True,0.9065810858737677,0.9065810858737677
UFLIA/sledgehammer/QEpres/smtlib.969648.smt2,iProver,False,1200,2400
UFLIA/simplify2/front_end_suite/javafe.tc.FlowInsensitiveChecks.003.smt2,cvc5,True,1.108671487076208,1.108671487076208
UFLIA/sledgehammer/StrongNorm/smtlib.773316.smt2,iProver,False,1200,2400
UFLIA/sledgehammer/Fundamental_Theorem_Algebra/smtlib.1500270.smt2,iProver,False,1200,2400
UFLIA/boogie/AssignToRepField_AssignToRepField..ctor_System.Int32.array.smt2,cvc5,False,1200,2400
UFLIA/boogie/Ensures_Q-noinfer_4.smt2,SMTInterpol,False,1200,2400
UFLIA/sledgehammer/QEpres/smtlib.641150.smt2,cvc5,True,210.7794146570377,210.7794146570377
UFLIA/sledgehammer/FFT/smtlib.947953.smt2,iProver,False,1200,2400
UFLIA/sledgehammer/Fundamental_Theorem_Algebra/smtlib.854989.smt2,cvc5,True,0.36696339095942676,0.36696339095942676
UFLIA/sledgehammer/TwoSquares/smtlib.625641.smt2,cvc5,False,1200,2400
UFLIA/sledgehammer/QEpres/smtlib.937674.smt2,cvc5,False,1200,2400
UFLIA/simplify2/front_end_suite/javafe.parser.test.TestParse.011.smt2,cvc5,True,0.2517726009245962,0.2517726009245962
UFLIA/sledgehammer/QEpres/smtlib.745834.smt2,cvc5,False,1200,2400
UFLIA/sledgehammer/QEpres/smtlib.591402.smt2,iProver,False,1200,2400
UFLIA/boogie/List_Node.SpecSharp.CheckInvariant_System.Boolean.smt2,cvc5,True,0.2945603639818728,0.2945603639818728
UFLIA/sledgehammer/Fundamental_Theorem_Algebra/smtlib.1030095.smt2,cvc5,True,270.56823007389903,270.56823007389903
UFLIA/boogie/VisibilityBasedInvariants_Thing.Q.smt2,cvc5,True,232.90664058714174,232.90664058714174
UFLIA/boogie/VarMapFixPoint_main.smt2,SMTInterpol,True,1.4189776540151797,1.4189776540151797
UFLIA/grasshopper/uninstantiated/insertion_sort_loop_invariant_44_4.smt2,cvc5,True,0.5293623330071568,0.5293623330071568
UFLIA/sledgehammer/Fundamental_Theorem_Algebra/smtlib.646469.smt2,cvc5,False,1200,2400
UFLIA/boogie/Spouse_Person..ctor.smt2,cvc5,True,0.4168752711266279,0.4168752711266279
UFLIA/simplify2/front_end_suite/javafe.parser.ParseStmt.004.smt2,cvc5,True,26.243641370907426,26.243641370907426
UFLIA/sledgehammer/Hoare/smtlib.987202.smt2,cvc5,True,0.5358461400028318,0.5358461400028318
UFLIA/sledgehammer/StrongNorm/smtlib.678359.smt2,iProver,False,1200,2400
UFLIA/sledgehammer/Fundamental_Theorem_Algebra/smtlib.1242792.smt2,cvc5,False,1200,2400
UFLIA/sledgehammer/Hoare/smtlib.809948.smt2,cvc5,False,1200,2400
UFLIA/sledgehammer/Fundamental_Theorem_Algebra/smtlib.907090.smt2,cvc5,True,30.73343758401461,30.73343758401461
UFLIA/sledgehammer/Hoare/smtlib.747169.smt2,iProver,False,1200,2400
UFLIA/boogie/loopinv1_LoopInv1.Test1b_F_notnull-infer_eh.smt2,cvc5,True,10.539945737924427,10.539945737924427
UFLIA/sledgehammer/Fundamental_Theorem_Algebra/smtlib.736623.smt2,cvc5,True,0.7284600450657308,0.7284600450657308
UFLIA/simplify2/front_end_suite/javafe.ast.SkipStmt.006.smt2,cvc5,True,12.614693163894117,12.614693163894117
UFLIA/sledgehammer/FFT/smtlib.595005.smt2,cvc5,False,1200,2400
UFLIA/sledgehammer/NS_Shared/smtlib.865085.smt2,cvc5,False,1200,2400
UFLIA/sledgehammer/NS_Shared/smtlib.885891.smt2,cvc5,False,1200,2400
UFLIA/boogie/loopinv0-nonnull_F.M-modifiesOnLoop.smt2,cvc5,True,0.4850172030273825,0.4850172030273825
UFLIA/simplify2/front_end_suite/javafe.util.StackVector.008.smt2,cvc5,True,0.2838475201278925,0.2838475201278925
UFLIA/grasshopper/uninstantiated/union_check_heap_access_38_8.smt2,cvc5,True,0.6594301979057491,0.6594301979057491
UFLIA/sledgehammer/Fundamental_Theorem_Algebra/smtlib.1178176.smt2,cvc5,False,1200,2400
UFLIA/sledgehammer/QEpres/smtlib.1021313.smt2,cvc5,False,1200,2400
UFLIA/grasshopper/uninstantiated/split_loop_check_heap_access_38_6_2.smt2,cvc5,True,0.25174252898432314,0.25174252898432314
UFLIA/sledgehammer/Arrow_Order/smtlib.828512.smt2,cvc5,True,2.2299214960075915,2.2299214960075915
UFLIA/simplify2/front_end_suite/javafe.ast.IdentifierVec.008.smt2,cvc5,True,0.2885611290112138,0.2885611290112138
UFLIA/sledgehammer/StrongNorm/smtlib.701552.smt2,cvc5,True,0.37456936808303,0.37456936808303
UFLIA/boogie/loopinv0_LoopInv0.Method1-infer_eh.smt2,cvc5,True,16.511083727004007,16.511083727004007
UFLIA/boogie/DynamicTypes_DynamicTypes.N1.smt2,cvc5,False,1200,2400
UFLIA/boogie/WhereMotivation_Types.MCall-modifiesOnLoop_1.smt2,cvc5,True,0.30145352613180876,0.30145352613180876
UFLIA/simplify2/front_end_suite/javafe.util.Set.015.smt2,cvc5,True,0.2567791461478919,0.2567791461478919
UFLIA/boogie/PeerFields_Child..ctor_System.Int32.smt2,cvc5,True,2.855984869878739,2.855984869878739
UFLIA/sledgehammer/TypeSafe/smtlib.932650.smt2,cvc5,False,1200,2400
UFLIA/sledgehammer/Fundamental_Theorem_Algebra/smtlib.809144.smt2,cvc5,True,0.2916961859446019,0.2916961859446019
UFLIA/boogie/Quantifiers_R-noinfer.smt2,SMTInterpol,True,0.6130830949987285,0.6130830949987285
UFLIA/simplify2/front_end_suite/javafe.filespace.TreeWalker.006.smt2,cvc5,True,0.29095224593766034,0.29095224593766034
UFLIA/sledgehammer/QEpres/smtlib.1076109.smt2,cvc5,False,1200,2400
UFLIA/simplify2/front_end_suite/javafe.tc.Types.044.smt2,cvc5,True,4.622398301027715,4.622398301027715
UFLIA/sledgehammer/TwoSquares/smtlib.806804.smt2,cvc5,True,0.3056920999661088,0.3056920999661088
UFLIA/simplify2/front_end_suite/javafe.ast.TypeNameVec.021.smt2,cvc5,True,0.3064160868525505,0.3064160868525505
UFLIA/sledgehammer/Hoare/smtlib.914026.smt2,iProver,True,0.9009383779484779,0.9009383779484779
UFLIA/simplify2/front_end_suite/javafe.ast.CompoundName.013.smt2,cvc5,True,7.6028521589469165,7.6028521589469165
UFLIA/grasshopper/instantiated/insertion_sort_postcondition_of_insertion_sort_63_1.smt2,cvc5,True,0.4132784258108586,0.4132784258108586
UFLIA/boogie/VisibilityBasedInvariants_Thing.P.smt2,cvc5,True,7.574038764927536,7.574038764927536
UFLIA/sledgehammer/QEpres/smtlib.792603.smt2,cvc5,False,1200,2400
UFLIA/sledgehammer/FFT/smtlib.998329.smt2,cvc5,False,1200,2400
UFLIA/sledgehammer/Hoare/smtlib.885291.smt2,cvc5,False,1200,2400
UFLIA/simplify2/front_end_suite/javafe.ast.LabelStmt.007.smt2,cvc5,True,0.450891702901572,0.450891702901572
UFLIA/sledgehammer/Hoare/smtlib.734561.smt2,iProver,False,1200,2400
UFLIA/sledgehammer/TwoSquares/smtlib.863314.smt2,SMTInterpol,False,1200,2400
UFLIA/sledgehammer/QEpres/smtlib.744997.smt2,cvc5,False,1200,2400
