Job ID: 53710789
Node: nc11111
Start time: Mon 15 Dec 2025 10:51:33 PM EST
[DEBUG] Loading test results from /home/jchen688/projects/def-vganesh/jchen688/github/z3alpha/JHC/AlgoSelect/DescriptionAgent/data/QF_NRA/qf_nra_train_long.csv
[DEBUG] Loaded results for 2482 unique benchmarks
[DEBUG] Found 2482 unique benchmark paths in CSV
[DEBUG] Found 2482 benchmark files from CSV
[DEBUG] Selected 2482 benchmarks for processing

================================================================================
FEATURE CONFIGURATION
================================================================================
Using original MachSMT feature space (full grammatical construct list)
Description features: DISABLED (prevents BERT model loading)
Feature extraction timeout: 60 seconds
Parallel cores: 16
Feature dimensions will be printed after processing first benchmark
================================================================================

[DEBUG] Training MachSMT model...
[DEBUG] Changed working directory to: /home/jchen688/scratch/non-incremental

Initializing description feature model ('bert-base-uncased')...
Using device: cpu
✅ Model loaded successfully. Embedding dimension: 768
Parsing Input File |████████████████████████████████████████| 12410/12410 [100%] in 9:45.2 (21.21/s) 
Processing Benchmark Files |████████████████████████████████████████| 2482/2482 [100%] in 25:14.9 (1.64/s) 
[DEBUG] Changed back to: /lustre06/project/6001884/jchen688/github/z3alpha
[DEBUG] Model trained in 2891.04 seconds
[DEBUG] Configuration saved to: /home/jchen688/projects/def-vganesh/jchen688/github/z3alpha/JHC/AlgoSelect/DescriptionAgent/data/results/qf_nra_csv_based/train/run_20251215_231929_077969/config.json

[DEBUG] Starting predictions on test benchmarks...
[DEBUG] Processing 1/2482: QF_NRA/meti-tarski/exp/problem/10/3/exp-problem-10-3-chunk-0169.smt2

================================================================================
FEATURE SPACE DIMENSIONS
================================================================================
Total feature dimensions: 189
================================================================================

[DEBUG] Predicted solver: Z3alpha for benchmark QF_NRA/meti-tarski/exp/problem/10/3/exp-problem-10-3-chunk-0169.smt2
[DEBUG] Benchmark QF_NRA/meti-tarski/exp/problem/10/3/exp-problem-10-3-chunk-0169.smt2: solved=True, runtime=0.27s, PAR-2=0.27s
[DEBUG] Processing 2/2482: QF_NRA/hycomp/ball_count_1d_plain.10.seq_lazy_global_10.smt2
[DEBUG] Predicted solver: SMTInterpol for benchmark QF_NRA/hycomp/ball_count_1d_plain.10.seq_lazy_global_10.smt2
[DEBUG] Benchmark QF_NRA/hycomp/ball_count_1d_plain.10.seq_lazy_global_10.smt2: solved=True, runtime=0.95s, PAR-2=0.95s
[DEBUG] Processing 3/2482: QF_NRA/hycomp/ball_count_2d_slope.02.seq_lazy_lemmas_global_6.smt2
[DEBUG] Predicted solver: SMTInterpol for benchmark QF_NRA/hycomp/ball_count_2d_slope.02.seq_lazy_lemmas_global_6.smt2
[DEBUG] Benchmark QF_NRA/hycomp/ball_count_2d_slope.02.seq_lazy_lemmas_global_6.smt2: solved=True, runtime=1.02s, PAR-2=1.02s
[DEBUG] Processing 4/2482: QF_NRA/meti-tarski/sin/cos/sin-cos-346-b-chunk-0418.smt2
[DEBUG] Predicted solver: Z3alpha for benchmark QF_NRA/meti-tarski/sin/cos/sin-cos-346-b-chunk-0418.smt2
[DEBUG] Benchmark QF_NRA/meti-tarski/sin/cos/sin-cos-346-b-chunk-0418.smt2: solved=True, runtime=0.27s, PAR-2=0.27s
[DEBUG] Processing 5/2482: QF_NRA/20161105-Sturm-MBO/mbo_E10E27.smt2
[DEBUG] Predicted solver: SMTInterpol for benchmark QF_NRA/20161105-Sturm-MBO/mbo_E10E27.smt2
[DEBUG] Benchmark QF_NRA/20161105-Sturm-MBO/mbo_E10E27.smt2: solved=True, runtime=0.80s, PAR-2=0.80s
[DEBUG] Processing 6/2482: QF_NRA/meti-tarski/polypaver/bench-sqrt-3d/polypaver-bench-sqrt-3d-chunk-0308.smt2
[DEBUG] Predicted solver: Z3alpha for benchmark QF_NRA/meti-tarski/polypaver/bench-sqrt-3d/polypaver-bench-sqrt-3d-chunk-0308.smt2
[DEBUG] Benchmark QF_NRA/meti-tarski/polypaver/bench-sqrt-3d/polypaver-bench-sqrt-3d-chunk-0308.smt2: solved=True, runtime=0.27s, PAR-2=0.27s
[DEBUG] Processing 7/2482: QF_NRA/20200911-Pine/1599122164185255000.smt2
[DEBUG] Predicted solver: Z3alpha for benchmark QF_NRA/20200911-Pine/1599122164185255000.smt2
[DEBUG] Benchmark QF_NRA/20200911-Pine/1599122164185255000.smt2: solved=True, runtime=0.29s, PAR-2=0.29s
[DEBUG] Processing 8/2482: QF_NRA/20220314-Uncu/Rational_Function_Proof_Calls_With_Basic_Denominator_Simplifications/BDC_ProveIneq_ISSAC05_Bessack_2_m1.smt2
[DEBUG] Predicted solver: Z3alpha for benchmark QF_NRA/20220314-Uncu/Rational_Function_Proof_Calls_With_Basic_Denominator_Simplifications/BDC_ProveIneq_ISSAC05_Bessack_2_m1.smt2
[DEBUG] Benchmark QF_NRA/20220314-Uncu/Rational_Function_Proof_Calls_With_Basic_Denominator_Simplifications/BDC_ProveIneq_ISSAC05_Bessack_2_m1.smt2: solved=True, runtime=0.27s, PAR-2=0.27s
[DEBUG] Processing 9/2482: QF_NRA/hycomp/ball_count_2d_plain.04.seq_lazy_linear_enc_lemmas_global_15.smt2
[DEBUG] Predicted solver: Yices2 for benchmark QF_NRA/hycomp/ball_count_2d_plain.04.seq_lazy_linear_enc_lemmas_global_15.smt2
[DEBUG] Benchmark QF_NRA/hycomp/ball_count_2d_plain.04.seq_lazy_linear_enc_lemmas_global_15.smt2: solved=True, runtime=0.23s, PAR-2=0.23s
[DEBUG] Processing 10/2482: QF_NRA/LassoRanker/CooperatingT2/disj_nightmare.t2.c_Iteration1_Loop_3-pieceTemplate.smt2
[DEBUG] Predicted solver: SMTInterpol for benchmark QF_NRA/LassoRanker/CooperatingT2/disj_nightmare.t2.c_Iteration1_Loop_3-pieceTemplate.smt2
[DEBUG] Benchmark QF_NRA/LassoRanker/CooperatingT2/disj_nightmare.t2.c_Iteration1_Loop_3-pieceTemplate.smt2: solved=True, runtime=4.18s, PAR-2=4.18s
[DEBUG] Processing 11/2482: QF_NRA/hycomp/ball_count_1d_plain.04.seq_lazy_linear_enc_global_11.smt2
[DEBUG] Predicted solver: SMTInterpol for benchmark QF_NRA/hycomp/ball_count_1d_plain.04.seq_lazy_linear_enc_global_11.smt2
[DEBUG] Benchmark QF_NRA/hycomp/ball_count_1d_plain.04.seq_lazy_linear_enc_global_11.smt2: solved=True, runtime=0.89s, PAR-2=0.89s
[DEBUG] Processing 12/2482: QF_NRA/kissing/kissing_2_6.smt2
[DEBUG] Predicted solver: SMTInterpol for benchmark QF_NRA/kissing/kissing_2_6.smt2
[DEBUG] Benchmark QF_NRA/kissing/kissing_2_6.smt2: solved=True, runtime=0.44s, PAR-2=0.44s
[DEBUG] Processing 13/2482: QF_NRA/hycomp/ball_count_2d_plain.03.redlog_global_10.smt2
[DEBUG] Predicted solver: SMTInterpol for benchmark QF_NRA/hycomp/ball_count_2d_plain.03.redlog_global_10.smt2
[DEBUG] Benchmark QF_NRA/hycomp/ball_count_2d_plain.03.redlog_global_10.smt2: solved=True, runtime=1.02s, PAR-2=1.02s
[DEBUG] Processing 14/2482: QF_NRA/meti-tarski/sin/344/4/sin-344-4-chunk-0024.smt2
[DEBUG] Predicted solver: Z3alpha for benchmark QF_NRA/meti-tarski/sin/344/4/sin-344-4-chunk-0024.smt2
[DEBUG] Benchmark QF_NRA/meti-tarski/sin/344/4/sin-344-4-chunk-0024.smt2: solved=True, runtime=0.27s, PAR-2=0.27s
[DEBUG] Processing 15/2482: QF_NRA/meti-tarski/polypaver/sqrt43-int/3vars/polypaver-sqrt43-int-3vars-chunk-0098.smt2
[DEBUG] Predicted solver: Z3alpha for benchmark QF_NRA/meti-tarski/polypaver/sqrt43-int/3vars/polypaver-sqrt43-int-3vars-chunk-0098.smt2
[DEBUG] Benchmark QF_NRA/meti-tarski/polypaver/sqrt43-int/3vars/polypaver-sqrt43-int-3vars-chunk-0098.smt2: solved=True, runtime=0.27s, PAR-2=0.27s
[DEBUG] Processing 16/2482: QF_NRA/meti-tarski/sqrt/1mcosq/8/sqrt-1mcosq-8-chunk-0265.smt2
[DEBUG] Predicted solver: Z3alpha for benchmark QF_NRA/meti-tarski/sqrt/1mcosq/8/sqrt-1mcosq-8-chunk-0265.smt2
[DEBUG] Benchmark QF_NRA/meti-tarski/sqrt/1mcosq/8/sqrt-1mcosq-8-chunk-0265.smt2: solved=True, runtime=0.30s, PAR-2=0.30s
[DEBUG] Processing 17/2482: QF_NRA/meti-tarski/sin/cos/sin-cos-346-b-chunk-0209.smt2
[DEBUG] Predicted solver: Z3alpha for benchmark QF_NRA/meti-tarski/sin/cos/sin-cos-346-b-chunk-0209.smt2
[DEBUG] Benchmark QF_NRA/meti-tarski/sin/cos/sin-cos-346-b-chunk-0209.smt2: solved=True, runtime=0.27s, PAR-2=0.27s
[DEBUG] Processing 18/2482: QF_NRA/meti-tarski/atan/vega/3/atan-vega-3-chunk-0610.smt2
[DEBUG] Predicted solver: Z3alpha for benchmark QF_NRA/meti-tarski/atan/vega/3/atan-vega-3-chunk-0610.smt2
[DEBUG] Benchmark QF_NRA/meti-tarski/atan/vega/3/atan-vega-3-chunk-0610.smt2: solved=True, runtime=0.28s, PAR-2=0.28s
[DEBUG] Processing 19/2482: QF_NRA/meti-tarski/atan/vega/3/atan-vega-3-chunk-0348.smt2
[DEBUG] Predicted solver: SMTInterpol for benchmark QF_NRA/meti-tarski/atan/vega/3/atan-vega-3-chunk-0348.smt2
[DEBUG] Benchmark QF_NRA/meti-tarski/atan/vega/3/atan-vega-3-chunk-0348.smt2: solved=True, runtime=0.41s, PAR-2=0.41s
[DEBUG] Processing 20/2482: QF_NRA/LassoRanker/CooperatingT2/fun4.t2.c_Iteration1_Lasso_7-phaseTemplate.smt2
[DEBUG] Predicted solver: SMTInterpol for benchmark QF_NRA/LassoRanker/CooperatingT2/fun4.t2.c_Iteration1_Lasso_7-phaseTemplate.smt2
[DEBUG] Benchmark QF_NRA/LassoRanker/CooperatingT2/fun4.t2.c_Iteration1_Lasso_7-phaseTemplate.smt2: solved=True, runtime=1.08s, PAR-2=1.08s
[DEBUG] Processing 21/2482: QF_NRA/hycomp/ball_count_1d_plain.02.redlog_global_11.smt2
[DEBUG] Predicted solver: SMTInterpol for benchmark QF_NRA/hycomp/ball_count_1d_plain.02.redlog_global_11.smt2
[DEBUG] Benchmark QF_NRA/hycomp/ball_count_1d_plain.02.redlog_global_11.smt2: solved=True, runtime=0.96s, PAR-2=0.96s
[DEBUG] Processing 22/2482: QF_NRA/meti-tarski/exp/problem/10/3/weak/exp-problem-10-3-weak-chunk-0145.smt2
[DEBUG] Predicted solver: Z3alpha for benchmark QF_NRA/meti-tarski/exp/problem/10/3/weak/exp-problem-10-3-weak-chunk-0145.smt2
[DEBUG] Benchmark QF_NRA/meti-tarski/exp/problem/10/3/weak/exp-problem-10-3-weak-chunk-0145.smt2: solved=True, runtime=0.27s, PAR-2=0.27s
[DEBUG] Processing 23/2482: QF_NRA/20220314-Uncu/Polynomial_Proof_Calls/ProveIneq_ISSAC05_SignPattern_1p_4m_1w_7p_p.smt2
[DEBUG] Predicted solver: Z3alpha for benchmark QF_NRA/20220314-Uncu/Polynomial_Proof_Calls/ProveIneq_ISSAC05_SignPattern_1p_4m_1w_7p_p.smt2
[DEBUG] Benchmark QF_NRA/20220314-Uncu/Polynomial_Proof_Calls/ProveIneq_ISSAC05_SignPattern_1p_4m_1w_7p_p.smt2: solved=True, runtime=0.27s, PAR-2=0.27s
[DEBUG] Processing 24/2482: QF_NRA/meti-tarski/sin/cos/sin-cos-346-b-chunk-0295.smt2
[DEBUG] Predicted solver: Z3alpha for benchmark QF_NRA/meti-tarski/sin/cos/sin-cos-346-b-chunk-0295.smt2
[DEBUG] Benchmark QF_NRA/meti-tarski/sin/cos/sin-cos-346-b-chunk-0295.smt2: solved=True, runtime=0.27s, PAR-2=0.27s
[DEBUG] Processing 25/2482: QF_NRA/LassoRanker/SV-COMP/aviad_true-termination.c_Iteration1_Loop_5-phaseTemplate.smt2
[DEBUG] Predicted solver: Z3alpha for benchmark QF_NRA/LassoRanker/SV-COMP/aviad_true-termination.c_Iteration1_Loop_5-phaseTemplate.smt2
[DEBUG] Benchmark QF_NRA/LassoRanker/SV-COMP/aviad_true-termination.c_Iteration1_Loop_5-phaseTemplate.smt2: solved=True, runtime=66.55s, PAR-2=66.55s
[DEBUG] Processing 26/2482: QF_NRA/hycomp/etcs_braking_2.01.qfree_global_11.smt2
[DEBUG] Predicted solver: SMTInterpol for benchmark QF_NRA/hycomp/etcs_braking_2.01.qfree_global_11.smt2
[DEBUG] Benchmark QF_NRA/hycomp/etcs_braking_2.01.qfree_global_11.smt2: solved=True, runtime=1.74s, PAR-2=1.74s
[DEBUG] Processing 27/2482: QF_NRA/hycomp/ball_count_2d_hill_simple.04.redlog_global_8.smt2
[DEBUG] Predicted solver: SMTInterpol for benchmark QF_NRA/hycomp/ball_count_2d_hill_simple.04.redlog_global_8.smt2
[DEBUG] Benchmark QF_NRA/hycomp/ball_count_2d_hill_simple.04.redlog_global_8.smt2: solved=True, runtime=0.85s, PAR-2=0.85s
[DEBUG] Processing 28/2482: QF_NRA/meti-tarski/atan/vega/3/atan-vega-3-chunk-0430.smt2
[DEBUG] Predicted solver: SMTInterpol for benchmark QF_NRA/meti-tarski/atan/vega/3/atan-vega-3-chunk-0430.smt2
[DEBUG] Benchmark QF_NRA/meti-tarski/atan/vega/3/atan-vega-3-chunk-0430.smt2: solved=True, runtime=0.46s, PAR-2=0.46s
[DEBUG] Processing 29/2482: QF_NRA/hycomp/ball_count_2d_plain.10.seq_lazy_linear_enc_global_10.smt2
[DEBUG] Predicted solver: SMTInterpol for benchmark QF_NRA/hycomp/ball_count_2d_plain.10.seq_lazy_linear_enc_global_10.smt2
[DEBUG] Benchmark QF_NRA/hycomp/ball_count_2d_plain.10.seq_lazy_linear_enc_global_10.smt2: solved=True, runtime=0.99s, PAR-2=0.99s
[DEBUG] Processing 30/2482: QF_NRA/2019-ezsmt/reverseFolding/31-reverse_folding-0-0.smt2
[DEBUG] Predicted solver: Yices2 for benchmark QF_NRA/2019-ezsmt/reverseFolding/31-reverse_folding-0-0.smt2
[DEBUG] Benchmark QF_NRA/2019-ezsmt/reverseFolding/31-reverse_folding-0-0.smt2: solved=True, runtime=1.56s, PAR-2=1.56s
[DEBUG] Processing 31/2482: QF_NRA/hycomp/ball_count_2d_hill_simple.04.seq_lazy_linear_enc_lemmas_global_13.smt2
[DEBUG] Predicted solver: Yices2 for benchmark QF_NRA/hycomp/ball_count_2d_hill_simple.04.seq_lazy_linear_enc_lemmas_global_13.smt2
[DEBUG] Benchmark QF_NRA/hycomp/ball_count_2d_hill_simple.04.seq_lazy_linear_enc_lemmas_global_13.smt2: solved=True, runtime=0.23s, PAR-2=0.23s
[DEBUG] Processing 32/2482: QF_NRA/20161105-Sturm-MBO/mbo_E2E15.smt2
[DEBUG] Predicted solver: SMTInterpol for benchmark QF_NRA/20161105-Sturm-MBO/mbo_E2E15.smt2
[DEBUG] Benchmark QF_NRA/20161105-Sturm-MBO/mbo_E2E15.smt2: solved=True, runtime=2.28s, PAR-2=2.28s
[DEBUG] Processing 33/2482: QF_NRA/meti-tarski/atan/problem/2/atan-problem-2-chunk-0063.smt2
[DEBUG] Predicted solver: Z3alpha for benchmark QF_NRA/meti-tarski/atan/problem/2/atan-problem-2-chunk-0063.smt2
[DEBUG] Benchmark QF_NRA/meti-tarski/atan/problem/2/atan-problem-2-chunk-0063.smt2: solved=True, runtime=0.27s, PAR-2=0.27s
[DEBUG] Processing 34/2482: QF_NRA/meti-tarski/atan/problem/2/weak/atan-problem-2-weak-chunk-0202.smt2
[DEBUG] Predicted solver: Z3alpha for benchmark QF_NRA/meti-tarski/atan/problem/2/weak/atan-problem-2-weak-chunk-0202.smt2
[DEBUG] Benchmark QF_NRA/meti-tarski/atan/problem/2/weak/atan-problem-2-weak-chunk-0202.smt2: solved=True, runtime=0.27s, PAR-2=0.27s
[DEBUG] Processing 35/2482: QF_NRA/hycomp/ball_count_2d_hill.03.seq_lazy_linear_enc_lemmas_global_9.smt2
[DEBUG] Predicted solver: SMTInterpol for benchmark QF_NRA/hycomp/ball_count_2d_hill.03.seq_lazy_linear_enc_lemmas_global_9.smt2
[DEBUG] Benchmark QF_NRA/hycomp/ball_count_2d_hill.03.seq_lazy_linear_enc_lemmas_global_9.smt2: solved=True, runtime=1.02s, PAR-2=1.02s
[DEBUG] Processing 36/2482: QF_NRA/hycomp/ball_count_2d_hill.10.seq_lazy_lemmas_global_11.smt2
[DEBUG] Predicted solver: SMTInterpol for benchmark QF_NRA/hycomp/ball_count_2d_hill.10.seq_lazy_lemmas_global_11.smt2
[DEBUG] Benchmark QF_NRA/hycomp/ball_count_2d_hill.10.seq_lazy_lemmas_global_11.smt2: solved=True, runtime=1.20s, PAR-2=1.20s
[DEBUG] Processing 37/2482: QF_NRA/hycomp/ball_count_2d_plain.10.redlog_global_14.smt2
[DEBUG] Predicted solver: SMTInterpol for benchmark QF_NRA/hycomp/ball_count_2d_plain.10.redlog_global_14.smt2
[DEBUG] Benchmark QF_NRA/hycomp/ball_count_2d_plain.10.redlog_global_14.smt2: solved=True, runtime=1.36s, PAR-2=1.36s
[DEBUG] Processing 38/2482: QF_NRA/LassoRanker/CooperatingT2/jacobi.c.i.jacobi.pl.t2.fixed.t2.c_Iteration4_Loop_4-pieceTemplate.smt2
[DEBUG] Predicted solver: SMTInterpol for benchmark QF_NRA/LassoRanker/CooperatingT2/jacobi.c.i.jacobi.pl.t2.fixed.t2.c_Iteration4_Loop_4-pieceTemplate.smt2
[DEBUG] Benchmark QF_NRA/LassoRanker/CooperatingT2/jacobi.c.i.jacobi.pl.t2.fixed.t2.c_Iteration4_Loop_4-pieceTemplate.smt2: solved=True, runtime=1.34s, PAR-2=1.34s
[DEBUG] Processing 39/2482: QF_NRA/hycomp/ball_count_2d_slope.02.seq_lazy_lemmas_global_5.smt2
[DEBUG] Predicted solver: SMTInterpol for benchmark QF_NRA/hycomp/ball_count_2d_slope.02.seq_lazy_lemmas_global_5.smt2
[DEBUG] Benchmark QF_NRA/hycomp/ball_count_2d_slope.02.seq_lazy_lemmas_global_5.smt2: solved=True, runtime=0.98s, PAR-2=0.98s
[DEBUG] Processing 40/2482: QF_NRA/meti-tarski/sqrt/1mcosq/8/sqrt-1mcosq-8-chunk-0441.smt2
[DEBUG] Predicted solver: Z3alpha for benchmark QF_NRA/meti-tarski/sqrt/1mcosq/8/sqrt-1mcosq-8-chunk-0441.smt2
[DEBUG] Benchmark QF_NRA/meti-tarski/sqrt/1mcosq/8/sqrt-1mcosq-8-chunk-0441.smt2: solved=True, runtime=0.28s, PAR-2=0.28s
[DEBUG] Processing 41/2482: QF_NRA/hycomp/ball_count_2d_hill.02.redlog_global_15.smt2
[DEBUG] Predicted solver: SMTInterpol for benchmark QF_NRA/hycomp/ball_count_2d_hill.02.redlog_global_15.smt2
[DEBUG] Benchmark QF_NRA/hycomp/ball_count_2d_hill.02.redlog_global_15.smt2: solved=True, runtime=1.79s, PAR-2=1.79s
[DEBUG] Processing 42/2482: QF_NRA/hycomp/ball_count_2d_hill_simple.10.redlog_global_15.smt2
[DEBUG] Predicted solver: Yices2 for benchmark QF_NRA/hycomp/ball_count_2d_hill_simple.10.redlog_global_15.smt2
[DEBUG] Benchmark QF_NRA/hycomp/ball_count_2d_hill_simple.10.redlog_global_15.smt2: solved=True, runtime=0.23s, PAR-2=0.23s
[DEBUG] Processing 43/2482: QF_NRA/hycomp/ball_count_2d_hill.04.redlog_global_9.smt2
[DEBUG] Predicted solver: SMTInterpol for benchmark QF_NRA/hycomp/ball_count_2d_hill.04.redlog_global_9.smt2
[DEBUG] Benchmark QF_NRA/hycomp/ball_count_2d_hill.04.redlog_global_9.smt2: solved=True, runtime=1.30s, PAR-2=1.30s
[DEBUG] Processing 44/2482: QF_NRA/20161105-Sturm-MBO/mbo_E3E13.smt2
[DEBUG] Predicted solver: SMTInterpol for benchmark QF_NRA/20161105-Sturm-MBO/mbo_E3E13.smt2
[DEBUG] Benchmark QF_NRA/20161105-Sturm-MBO/mbo_E3E13.smt2: solved=True, runtime=2.28s, PAR-2=2.28s
[DEBUG] Processing 45/2482: QF_NRA/hycomp/ball_count_2d_hill_simple.04.seq_lazy_linear_enc_global_13.smt2
[DEBUG] Predicted solver: Yices2 for benchmark QF_NRA/hycomp/ball_count_2d_hill_simple.04.seq_lazy_linear_enc_global_13.smt2
[DEBUG] Benchmark QF_NRA/hycomp/ball_count_2d_hill_simple.04.seq_lazy_linear_enc_global_13.smt2: solved=True, runtime=0.23s, PAR-2=0.23s
[DEBUG] Processing 46/2482: QF_NRA/hycomp/ball_count_2d_slope.01.seq_lazy_lemmas_global_11.smt2
[DEBUG] Predicted solver: SMTInterpol for benchmark QF_NRA/hycomp/ball_count_2d_slope.01.seq_lazy_lemmas_global_11.smt2
[DEBUG] Benchmark QF_NRA/hycomp/ball_count_2d_slope.01.seq_lazy_lemmas_global_11.smt2: solved=True, runtime=1.40s, PAR-2=1.40s
[DEBUG] Processing 47/2482: QF_NRA/meti-tarski/sqrt/1mcosq/8/sqrt-1mcosq-8-chunk-0414.smt2
[DEBUG] Predicted solver: Z3alpha for benchmark QF_NRA/meti-tarski/sqrt/1mcosq/8/sqrt-1mcosq-8-chunk-0414.smt2
[DEBUG] Benchmark QF_NRA/meti-tarski/sqrt/1mcosq/8/sqrt-1mcosq-8-chunk-0414.smt2: solved=True, runtime=0.28s, PAR-2=0.28s
[DEBUG] Processing 48/2482: QF_NRA/hycomp/ball_count_1d_plain.10.seq_lazy_global_14.smt2
[DEBUG] Predicted solver: SMTInterpol for benchmark QF_NRA/hycomp/ball_count_1d_plain.10.seq_lazy_global_14.smt2
[DEBUG] Benchmark QF_NRA/hycomp/ball_count_1d_plain.10.seq_lazy_global_14.smt2: solved=True, runtime=1.06s, PAR-2=1.06s
[DEBUG] Processing 49/2482: QF_NRA/meti-tarski/cos/problem/5/cos-problem-5-chunk-0044.smt2
[DEBUG] Predicted solver: Z3alpha for benchmark QF_NRA/meti-tarski/cos/problem/5/cos-problem-5-chunk-0044.smt2
[DEBUG] Benchmark QF_NRA/meti-tarski/cos/problem/5/cos-problem-5-chunk-0044.smt2: solved=True, runtime=0.27s, PAR-2=0.27s
[DEBUG] Processing 50/2482: QF_NRA/zankl/matrix-4-all-33.smt2
[DEBUG] Predicted solver: SMTInterpol for benchmark QF_NRA/zankl/matrix-4-all-33.smt2
[DEBUG] Benchmark QF_NRA/zankl/matrix-4-all-33.smt2: solved=True, runtime=0.66s, PAR-2=0.66s
[DEBUG] Processing 51/2482: QF_NRA/hycomp/ball_count_2d_slope.01.seq_lazy_lemmas_global_15.smt2
[DEBUG] Predicted solver: SMTInterpol for benchmark QF_NRA/hycomp/ball_count_2d_slope.01.seq_lazy_lemmas_global_15.smt2
[DEBUG] Benchmark QF_NRA/hycomp/ball_count_2d_slope.01.seq_lazy_lemmas_global_15.smt2: solved=True, runtime=1.65s, PAR-2=1.65s
[DEBUG] Processing 52/2482: QF_NRA/LassoRanker/Ultimate/2013POPL-BenAmGen-Ex4.2.bpl_Iteration1_Loop_2-pieceTemplate.smt2
[DEBUG] Predicted solver: SMTInterpol for benchmark QF_NRA/LassoRanker/Ultimate/2013POPL-BenAmGen-Ex4.2.bpl_Iteration1_Loop_2-pieceTemplate.smt2
[DEBUG] Benchmark QF_NRA/LassoRanker/Ultimate/2013POPL-BenAmGen-Ex4.2.bpl_Iteration1_Loop_2-pieceTemplate.smt2: solved=True, runtime=0.63s, PAR-2=0.63s
[DEBUG] Processing 53/2482: QF_NRA/meti-tarski/exp/problem/10/2/exp-problem-10-2-chunk-0123.smt2
[DEBUG] Predicted solver: Z3alpha for benchmark QF_NRA/meti-tarski/exp/problem/10/2/exp-problem-10-2-chunk-0123.smt2
[DEBUG] Benchmark QF_NRA/meti-tarski/exp/problem/10/2/exp-problem-10-2-chunk-0123.smt2: solved=True, runtime=0.28s, PAR-2=0.28s
[DEBUG] Processing 54/2482: QF_NRA/hycomp/ball_count_2d_slope.03.seq_lazy_linear_enc_lemmas_global_4.smt2
[DEBUG] Predicted solver: SMTInterpol for benchmark QF_NRA/hycomp/ball_count_2d_slope.03.seq_lazy_linear_enc_lemmas_global_4.smt2
[DEBUG] Benchmark QF_NRA/hycomp/ball_count_2d_slope.03.seq_lazy_linear_enc_lemmas_global_4.smt2: solved=True, runtime=0.91s, PAR-2=0.91s
[DEBUG] Processing 55/2482: QF_NRA/hycomp/ball_count_1d_plain.01.seq_lazy_global_14.smt2
[DEBUG] Predicted solver: SMTInterpol for benchmark QF_NRA/hycomp/ball_count_1d_plain.01.seq_lazy_global_14.smt2
[DEBUG] Benchmark QF_NRA/hycomp/ball_count_1d_plain.01.seq_lazy_global_14.smt2: solved=True, runtime=0.91s, PAR-2=0.91s
[DEBUG] Processing 56/2482: QF_NRA/2019-ezsmt/reverseFolding/24-reverse_folding-0-0.smt2
[DEBUG] Predicted solver: Yices2 for benchmark QF_NRA/2019-ezsmt/reverseFolding/24-reverse_folding-0-0.smt2
[DEBUG] Benchmark QF_NRA/2019-ezsmt/reverseFolding/24-reverse_folding-0-0.smt2: solved=True, runtime=1.25s, PAR-2=1.25s
[DEBUG] Processing 57/2482: QF_NRA/meti-tarski/asin/8/vars4/asin-8-vars4-chunk-0054.smt2
[DEBUG] Predicted solver: Z3alpha for benchmark QF_NRA/meti-tarski/asin/8/vars4/asin-8-vars4-chunk-0054.smt2
[DEBUG] Benchmark QF_NRA/meti-tarski/asin/8/vars4/asin-8-vars4-chunk-0054.smt2: solved=True, runtime=0.27s, PAR-2=0.27s
[DEBUG] Processing 58/2482: QF_NRA/zankl/matrix-2-all-17.smt2
[DEBUG] Predicted solver: SMTInterpol for benchmark QF_NRA/zankl/matrix-2-all-17.smt2
[DEBUG] Benchmark QF_NRA/zankl/matrix-2-all-17.smt2: solved=True, runtime=1.18s, PAR-2=1.18s
[DEBUG] Processing 59/2482: QF_NRA/LassoRanker/CooperatingT2/fun4.t2.c_Iteration1_Loop_4-pieceTemplate.smt2
[DEBUG] Predicted solver: SMTInterpol for benchmark QF_NRA/LassoRanker/CooperatingT2/fun4.t2.c_Iteration1_Loop_4-pieceTemplate.smt2
[DEBUG] Benchmark QF_NRA/LassoRanker/CooperatingT2/fun4.t2.c_Iteration1_Loop_4-pieceTemplate.smt2: solved=True, runtime=1.65s, PAR-2=1.65s
[DEBUG] Processing 60/2482: QF_NRA/meti-tarski/Chua/1/VC2/U/Chua-1-VC2-U-chunk-0093.smt2
[DEBUG] Predicted solver: Z3alpha for benchmark QF_NRA/meti-tarski/Chua/1/VC2/U/Chua-1-VC2-U-chunk-0093.smt2
[DEBUG] Benchmark QF_NRA/meti-tarski/Chua/1/VC2/U/Chua-1-VC2-U-chunk-0093.smt2: solved=True, runtime=0.27s, PAR-2=0.27s
[DEBUG] Processing 61/2482: QF_NRA/20180501-Economics-Mulligan/MulliganEconomicsModel0077c.smt2
[DEBUG] Predicted solver: SMTInterpol for benchmark QF_NRA/20180501-Economics-Mulligan/MulliganEconomicsModel0077c.smt2
[DEBUG] Benchmark QF_NRA/20180501-Economics-Mulligan/MulliganEconomicsModel0077c.smt2: solved=True, runtime=0.41s, PAR-2=0.41s
[DEBUG] Processing 62/2482: QF_NRA/20200911-Pine/1599121901979464000.smt2
[DEBUG] Predicted solver: Z3alpha for benchmark QF_NRA/20200911-Pine/1599121901979464000.smt2
[DEBUG] Benchmark QF_NRA/20200911-Pine/1599121901979464000.smt2: solved=True, runtime=1.98s, PAR-2=1.98s
[DEBUG] Processing 63/2482: QF_NRA/meti-tarski/sqrt/1mcosq/8/sqrt-1mcosq-8-chunk-0320.smt2
[DEBUG] Predicted solver: Z3alpha for benchmark QF_NRA/meti-tarski/sqrt/1mcosq/8/sqrt-1mcosq-8-chunk-0320.smt2
[DEBUG] Benchmark QF_NRA/meti-tarski/sqrt/1mcosq/8/sqrt-1mcosq-8-chunk-0320.smt2: solved=True, runtime=0.28s, PAR-2=0.28s
[DEBUG] Processing 64/2482: QF_NRA/meti-tarski/Chua/2/VC2/U/Chua-2-VC2-U-chunk-0093.smt2
[DEBUG] Predicted solver: Z3alpha for benchmark QF_NRA/meti-tarski/Chua/2/VC2/U/Chua-2-VC2-U-chunk-0093.smt2
[DEBUG] Benchmark QF_NRA/meti-tarski/Chua/2/VC2/U/Chua-2-VC2-U-chunk-0093.smt2: solved=True, runtime=0.27s, PAR-2=0.27s
[DEBUG] Processing 65/2482: QF_NRA/LassoRanker/CooperatingT2/spiral.t2.c_Iteration9_Loop_4-pieceTemplate.smt2
[DEBUG] Predicted solver: SMTInterpol for benchmark QF_NRA/LassoRanker/CooperatingT2/spiral.t2.c_Iteration9_Loop_4-pieceTemplate.smt2
[DEBUG] Benchmark QF_NRA/LassoRanker/CooperatingT2/spiral.t2.c_Iteration9_Loop_4-pieceTemplate.smt2: solved=True, runtime=1.43s, PAR-2=1.43s
[DEBUG] Processing 66/2482: QF_NRA/hycomp/ball_count_2d_hill_simple.03.qfree_global_13.smt2
[DEBUG] Predicted solver: Yices2 for benchmark QF_NRA/hycomp/ball_count_2d_hill_simple.03.qfree_global_13.smt2
[DEBUG] Benchmark QF_NRA/hycomp/ball_count_2d_hill_simple.03.qfree_global_13.smt2: solved=True, runtime=0.22s, PAR-2=0.22s
[DEBUG] Processing 67/2482: QF_NRA/zankl/matrix-1-all-36.smt2
[DEBUG] Predicted solver: SMTInterpol for benchmark QF_NRA/zankl/matrix-1-all-36.smt2
[DEBUG] Benchmark QF_NRA/zankl/matrix-1-all-36.smt2: solved=True, runtime=0.45s, PAR-2=0.45s
[DEBUG] Processing 68/2482: QF_NRA/hycomp/ball_count_2d_hill.04.seq_lazy_linear_enc_global_13.smt2
[DEBUG] Predicted solver: SMTInterpol for benchmark QF_NRA/hycomp/ball_count_2d_hill.04.seq_lazy_linear_enc_global_13.smt2
[DEBUG] Benchmark QF_NRA/hycomp/ball_count_2d_hill.04.seq_lazy_linear_enc_global_13.smt2: solved=True, runtime=1.09s, PAR-2=1.09s
[DEBUG] Processing 69/2482: QF_NRA/LassoRanker/Ultimate/Collatz.bpl_Iteration1_Loop_4-phaseTemplate.smt2
[DEBUG] Predicted solver: Z3alpha for benchmark QF_NRA/LassoRanker/Ultimate/Collatz.bpl_Iteration1_Loop_4-phaseTemplate.smt2
[DEBUG] Benchmark QF_NRA/LassoRanker/Ultimate/Collatz.bpl_Iteration1_Loop_4-phaseTemplate.smt2: solved=True, runtime=14.93s, PAR-2=14.93s
[DEBUG] Processing 70/2482: QF_NRA/20200911-Pine/1599121902804243000.smt2
[DEBUG] Predicted solver: Z3alpha for benchmark QF_NRA/20200911-Pine/1599121902804243000.smt2
[DEBUG] Benchmark QF_NRA/20200911-Pine/1599121902804243000.smt2: solved=True, runtime=0.33s, PAR-2=0.33s
[DEBUG] Processing 71/2482: QF_NRA/meti-tarski/Chua/2/VC1/L/Chua-2-VC1-L-chunk-0032.smt2
[DEBUG] Predicted solver: Z3alpha for benchmark QF_NRA/meti-tarski/Chua/2/VC1/L/Chua-2-VC1-L-chunk-0032.smt2
[DEBUG] Benchmark QF_NRA/meti-tarski/Chua/2/VC1/L/Chua-2-VC1-L-chunk-0032.smt2: solved=True, runtime=0.27s, PAR-2=0.27s
[DEBUG] Processing 72/2482: QF_NRA/meti-tarski/sin/cos/sin-cos-346-b-chunk-0432.smt2
[DEBUG] Predicted solver: Z3alpha for benchmark QF_NRA/meti-tarski/sin/cos/sin-cos-346-b-chunk-0432.smt2
[DEBUG] Benchmark QF_NRA/meti-tarski/sin/cos/sin-cos-346-b-chunk-0432.smt2: solved=True, runtime=0.27s, PAR-2=0.27s
[DEBUG] Processing 73/2482: QF_NRA/meti-tarski/sqrt/problem/12vars3/sqrt-problem-12vars3-chunk-0023.smt2
[DEBUG] Predicted solver: Z3alpha for benchmark QF_NRA/meti-tarski/sqrt/problem/12vars3/sqrt-problem-12vars3-chunk-0023.smt2
[DEBUG] Benchmark QF_NRA/meti-tarski/sqrt/problem/12vars3/sqrt-problem-12vars3-chunk-0023.smt2: solved=True, runtime=0.27s, PAR-2=0.27s
[DEBUG] Processing 74/2482: QF_NRA/20220314-Uncu/Rational_Function_Proof_Calls_With_Disjunctive_Denominator_Simplifications/DDC_ProveIneq_ISSAC05_Bessack_5_m1.smt2
[DEBUG] Predicted solver: Z3alpha for benchmark QF_NRA/20220314-Uncu/Rational_Function_Proof_Calls_With_Disjunctive_Denominator_Simplifications/DDC_ProveIneq_ISSAC05_Bessack_5_m1.smt2
[DEBUG] Benchmark QF_NRA/20220314-Uncu/Rational_Function_Proof_Calls_With_Disjunctive_Denominator_Simplifications/DDC_ProveIneq_ISSAC05_Bessack_5_m1.smt2: solved=True, runtime=0.30s, PAR-2=0.30s
[DEBUG] Processing 75/2482: QF_NRA/zankl/matrix-1-all-44.smt2
[DEBUG] Predicted solver: SMTInterpol for benchmark QF_NRA/zankl/matrix-1-all-44.smt2
[DEBUG] Benchmark QF_NRA/zankl/matrix-1-all-44.smt2: solved=True, runtime=0.50s, PAR-2=0.50s
[DEBUG] Processing 76/2482: QF_NRA/2019-ezsmt/reverseFolding/05-reverse_folding-0-0.smt2
[DEBUG] Predicted solver: Yices2 for benchmark QF_NRA/2019-ezsmt/reverseFolding/05-reverse_folding-0-0.smt2
[DEBUG] Benchmark QF_NRA/2019-ezsmt/reverseFolding/05-reverse_folding-0-0.smt2: solved=True, runtime=0.22s, PAR-2=0.22s
[DEBUG] Processing 77/2482: QF_NRA/hycomp/ball_count_2d_plain.10.qfree_global_15.smt2
[DEBUG] Predicted solver: SMTInterpol for benchmark QF_NRA/hycomp/ball_count_2d_plain.10.qfree_global_15.smt2
[DEBUG] Benchmark QF_NRA/hycomp/ball_count_2d_plain.10.qfree_global_15.smt2: solved=True, runtime=1.07s, PAR-2=1.07s
[DEBUG] Processing 78/2482: QF_NRA/meti-tarski/sqrt/1mcosq/8/sqrt-1mcosq-8-chunk-0514.smt2
[DEBUG] Predicted solver: Z3alpha for benchmark QF_NRA/meti-tarski/sqrt/1mcosq/8/sqrt-1mcosq-8-chunk-0514.smt2
[DEBUG] Benchmark QF_NRA/meti-tarski/sqrt/1mcosq/8/sqrt-1mcosq-8-chunk-0514.smt2: solved=True, runtime=0.27s, PAR-2=0.27s
[DEBUG] Processing 79/2482: QF_NRA/LassoRanker/CooperatingT2/nested.t2.c_Iteration3_Loop_3-pieceTemplate.smt2
[DEBUG] Predicted solver: SMTInterpol for benchmark QF_NRA/LassoRanker/CooperatingT2/nested.t2.c_Iteration3_Loop_3-pieceTemplate.smt2
[DEBUG] Benchmark QF_NRA/LassoRanker/CooperatingT2/nested.t2.c_Iteration3_Loop_3-pieceTemplate.smt2: solved=True, runtime=0.86s, PAR-2=0.86s
[DEBUG] Processing 80/2482: QF_NRA/20200911-Pine/1599122163683961000.smt2
[DEBUG] Predicted solver: Z3alpha for benchmark QF_NRA/20200911-Pine/1599122163683961000.smt2
[DEBUG] Benchmark QF_NRA/20200911-Pine/1599122163683961000.smt2: solved=True, runtime=0.27s, PAR-2=0.27s
[DEBUG] Processing 81/2482: QF_NRA/hycomp/ball_count_2d_slope.01.seq_lazy_linear_enc_lemmas_global_6.smt2
[DEBUG] Predicted solver: SMTInterpol for benchmark QF_NRA/hycomp/ball_count_2d_slope.01.seq_lazy_linear_enc_lemmas_global_6.smt2
[DEBUG] Benchmark QF_NRA/hycomp/ball_count_2d_slope.01.seq_lazy_linear_enc_lemmas_global_6.smt2: solved=True, runtime=0.88s, PAR-2=0.88s
[DEBUG] Processing 82/2482: QF_NRA/hycomp/ball_count_2d_hill_simple.05.seq_lazy_lemmas_global_6.smt2
[DEBUG] Predicted solver: SMTInterpol for benchmark QF_NRA/hycomp/ball_count_2d_hill_simple.05.seq_lazy_lemmas_global_6.smt2
[DEBUG] Benchmark QF_NRA/hycomp/ball_count_2d_hill_simple.05.seq_lazy_lemmas_global_6.smt2: solved=True, runtime=0.90s, PAR-2=0.90s
[DEBUG] Processing 83/2482: QF_NRA/hycomp/ball_count_2d_plain.02.seq_lazy_lemmas_global_9.smt2
[DEBUG] Predicted solver: SMTInterpol for benchmark QF_NRA/hycomp/ball_count_2d_plain.02.seq_lazy_lemmas_global_9.smt2
[DEBUG] Benchmark QF_NRA/hycomp/ball_count_2d_plain.02.seq_lazy_lemmas_global_9.smt2: solved=True, runtime=0.95s, PAR-2=0.95s
[DEBUG] Processing 84/2482: QF_NRA/LassoRanker/CooperatingT2/matrixsqrt.t2.c_Iteration2_Loop_4-pieceTemplate.smt2
[DEBUG] Predicted solver: SMTInterpol for benchmark QF_NRA/LassoRanker/CooperatingT2/matrixsqrt.t2.c_Iteration2_Loop_4-pieceTemplate.smt2
[DEBUG] Benchmark QF_NRA/LassoRanker/CooperatingT2/matrixsqrt.t2.c_Iteration2_Loop_4-pieceTemplate.smt2: solved=True, runtime=1.00s, PAR-2=1.00s
[DEBUG] Processing 85/2482: QF_NRA/20161105-Sturm-MBO/mbo_E3E4.smt2
[DEBUG] Predicted solver: SMTInterpol for benchmark QF_NRA/20161105-Sturm-MBO/mbo_E3E4.smt2
[DEBUG] Benchmark QF_NRA/20161105-Sturm-MBO/mbo_E3E4.smt2: solved=True, runtime=2.23s, PAR-2=2.23s
[DEBUG] Processing 86/2482: QF_NRA/zankl/matrix-3-all-12.smt2
[DEBUG] Predicted solver: SMTInterpol for benchmark QF_NRA/zankl/matrix-3-all-12.smt2
[DEBUG] Benchmark QF_NRA/zankl/matrix-3-all-12.smt2: solved=True, runtime=0.88s, PAR-2=0.88s
[DEBUG] Processing 87/2482: QF_NRA/20220314-Uncu/Rational_Function_Proof_Calls_With_Basic_Denominator_Simplifications/BDC_ProveIneq_JSC_SUMCracker_15.smt2
[DEBUG] Predicted solver: Z3alpha for benchmark QF_NRA/20220314-Uncu/Rational_Function_Proof_Calls_With_Basic_Denominator_Simplifications/BDC_ProveIneq_JSC_SUMCracker_15.smt2
[DEBUG] Benchmark QF_NRA/20220314-Uncu/Rational_Function_Proof_Calls_With_Basic_Denominator_Simplifications/BDC_ProveIneq_JSC_SUMCracker_15.smt2: solved=True, runtime=0.27s, PAR-2=0.27s
[DEBUG] Processing 88/2482: QF_NRA/meti-tarski/sin/cos/sin-cos-346-b-chunk-0255.smt2
[DEBUG] Predicted solver: Z3alpha for benchmark QF_NRA/meti-tarski/sin/cos/sin-cos-346-b-chunk-0255.smt2
[DEBUG] Benchmark QF_NRA/meti-tarski/sin/cos/sin-cos-346-b-chunk-0255.smt2: solved=True, runtime=0.27s, PAR-2=0.27s
[DEBUG] Processing 89/2482: QF_NRA/hycomp/ball_count_2d_plain.04.redlog_global_7.smt2
[DEBUG] Predicted solver: SMTInterpol for benchmark QF_NRA/hycomp/ball_count_2d_plain.04.redlog_global_7.smt2
[DEBUG] Benchmark QF_NRA/hycomp/ball_count_2d_plain.04.redlog_global_7.smt2: solved=True, runtime=0.94s, PAR-2=0.94s
[DEBUG] Processing 90/2482: QF_NRA/meti-tarski/sin/cos/sin-cos-346-b-chunk-0149.smt2
[DEBUG] Predicted solver: Z3alpha for benchmark QF_NRA/meti-tarski/sin/cos/sin-cos-346-b-chunk-0149.smt2
[DEBUG] Benchmark QF_NRA/meti-tarski/sin/cos/sin-cos-346-b-chunk-0149.smt2: solved=True, runtime=0.27s, PAR-2=0.27s
[DEBUG] Processing 91/2482: QF_NRA/LassoRanker/SV-COMP/joey_false-termination.c_Iteration2_Loop_5-phaseTemplate.smt2
[DEBUG] Predicted solver: SMTInterpol for benchmark QF_NRA/LassoRanker/SV-COMP/joey_false-termination.c_Iteration2_Loop_5-phaseTemplate.smt2
[DEBUG] Benchmark QF_NRA/LassoRanker/SV-COMP/joey_false-termination.c_Iteration2_Loop_5-phaseTemplate.smt2: solved=True, runtime=1.52s, PAR-2=1.52s
[DEBUG] Processing 92/2482: QF_NRA/meti-tarski/Nichols-Plot/Inverted-Pendulum/Nichols-Plot-Inverted-Pendulum-Fails-1-6-chunk-0083.smt2
[DEBUG] Predicted solver: Z3alpha for benchmark QF_NRA/meti-tarski/Nichols-Plot/Inverted-Pendulum/Nichols-Plot-Inverted-Pendulum-Fails-1-6-chunk-0083.smt2
[DEBUG] Benchmark QF_NRA/meti-tarski/Nichols-Plot/Inverted-Pendulum/Nichols-Plot-Inverted-Pendulum-Fails-1-6-chunk-0083.smt2: solved=True, runtime=0.36s, PAR-2=0.36s
[DEBUG] Processing 93/2482: QF_NRA/LassoRanker/CooperatingT2/eric2.t2.c_Iteration1_Loop_4-pieceTemplate.smt2
[DEBUG] Predicted solver: SMTInterpol for benchmark QF_NRA/LassoRanker/CooperatingT2/eric2.t2.c_Iteration1_Loop_4-pieceTemplate.smt2
[DEBUG] Benchmark QF_NRA/LassoRanker/CooperatingT2/eric2.t2.c_Iteration1_Loop_4-pieceTemplate.smt2: solved=True, runtime=0.98s, PAR-2=0.98s
[DEBUG] Processing 94/2482: QF_NRA/meti-tarski/atan/vega/3/weak/atan-vega-3-weak-chunk-0137.smt2
[DEBUG] Predicted solver: Z3alpha for benchmark QF_NRA/meti-tarski/atan/vega/3/weak/atan-vega-3-weak-chunk-0137.smt2
[DEBUG] Benchmark QF_NRA/meti-tarski/atan/vega/3/weak/atan-vega-3-weak-chunk-0137.smt2: solved=True, runtime=0.27s, PAR-2=0.27s
[DEBUG] Processing 95/2482: QF_NRA/LassoRanker/CooperatingT2/curious4.t2.c_Iteration1_Lasso_3-pieceTemplate.smt2
[DEBUG] Predicted solver: SMTInterpol for benchmark QF_NRA/LassoRanker/CooperatingT2/curious4.t2.c_Iteration1_Lasso_3-pieceTemplate.smt2
[DEBUG] Benchmark QF_NRA/LassoRanker/CooperatingT2/curious4.t2.c_Iteration1_Lasso_3-pieceTemplate.smt2: solved=True, runtime=1.86s, PAR-2=1.86s
[DEBUG] Processing 96/2482: QF_NRA/meti-tarski/CMOS/CMOS-opamp-chunk-0088.smt2
[DEBUG] Predicted solver: Z3alpha for benchmark QF_NRA/meti-tarski/CMOS/CMOS-opamp-chunk-0088.smt2
[DEBUG] Benchmark QF_NRA/meti-tarski/CMOS/CMOS-opamp-chunk-0088.smt2: solved=True, runtime=0.31s, PAR-2=0.31s
[DEBUG] Processing 97/2482: QF_NRA/meti-tarski/polypaver/bench-sqrt-3d/polypaver-bench-sqrt-3d-chunk-0227.smt2
[DEBUG] Predicted solver: Z3alpha for benchmark QF_NRA/meti-tarski/polypaver/bench-sqrt-3d/polypaver-bench-sqrt-3d-chunk-0227.smt2
[DEBUG] Benchmark QF_NRA/meti-tarski/polypaver/bench-sqrt-3d/polypaver-bench-sqrt-3d-chunk-0227.smt2: solved=True, runtime=0.29s, PAR-2=0.29s
[DEBUG] Processing 98/2482: QF_NRA/LassoRanker/CooperatingT2/matrixsqrt.t2.c_Iteration12_Loop_3-pieceTemplate.smt2
[DEBUG] Predicted solver: SMTInterpol for benchmark QF_NRA/LassoRanker/CooperatingT2/matrixsqrt.t2.c_Iteration12_Loop_3-pieceTemplate.smt2
[DEBUG] Benchmark QF_NRA/LassoRanker/CooperatingT2/matrixsqrt.t2.c_Iteration12_Loop_3-pieceTemplate.smt2: solved=True, runtime=1.15s, PAR-2=1.15s
[DEBUG] Processing 99/2482: QF_NRA/meti-tarski/sqrt/problem/13/sqrt1/sqrt-problem-13-sqrt1-chunk-0059.smt2
[DEBUG] Predicted solver: Z3alpha for benchmark QF_NRA/meti-tarski/sqrt/problem/13/sqrt1/sqrt-problem-13-sqrt1-chunk-0059.smt2
[DEBUG] Benchmark QF_NRA/meti-tarski/sqrt/problem/13/sqrt1/sqrt-problem-13-sqrt1-chunk-0059.smt2: solved=True, runtime=0.27s, PAR-2=0.27s
[DEBUG] Processing 100/2482: QF_NRA/meti-tarski/polypaver/bench-sqrt-3d/polypaver-bench-sqrt-3d-chunk-0439.smt2
[DEBUG] Predicted solver: Z3alpha for benchmark QF_NRA/meti-tarski/polypaver/bench-sqrt-3d/polypaver-bench-sqrt-3d-chunk-0439.smt2
[DEBUG] Benchmark QF_NRA/meti-tarski/polypaver/bench-sqrt-3d/polypaver-bench-sqrt-3d-chunk-0439.smt2: solved=True, runtime=0.27s, PAR-2=0.27s
[DEBUG] Processing 101/2482: QF_NRA/LassoRanker/Ultimate/Collatz.bpl_Iteration1_Loop_affineTemplate.smt2
[DEBUG] Predicted solver: SMTInterpol for benchmark QF_NRA/LassoRanker/Ultimate/Collatz.bpl_Iteration1_Loop_affineTemplate.smt2
[DEBUG] Benchmark QF_NRA/LassoRanker/Ultimate/Collatz.bpl_Iteration1_Loop_affineTemplate.smt2: solved=True, runtime=13.03s, PAR-2=13.03s
[DEBUG] Processing 102/2482: QF_NRA/LassoRanker/Ultimate/piecewise.bpl_Iteration1_Loop_4-pieceTemplate.smt2
[DEBUG] Predicted solver: SMTInterpol for benchmark QF_NRA/LassoRanker/Ultimate/piecewise.bpl_Iteration1_Loop_4-pieceTemplate.smt2
[DEBUG] Benchmark QF_NRA/LassoRanker/Ultimate/piecewise.bpl_Iteration1_Loop_4-pieceTemplate.smt2: solved=True, runtime=1.91s, PAR-2=1.91s
[DEBUG] Processing 103/2482: QF_NRA/meti-tarski/sqrt/1mcosq/8/sqrt-1mcosq-8-chunk-0690.smt2
[DEBUG] Predicted solver: Z3alpha for benchmark QF_NRA/meti-tarski/sqrt/1mcosq/8/sqrt-1mcosq-8-chunk-0690.smt2
[DEBUG] Benchmark QF_NRA/meti-tarski/sqrt/1mcosq/8/sqrt-1mcosq-8-chunk-0690.smt2: solved=True, runtime=0.29s, PAR-2=0.29s
[DEBUG] Processing 104/2482: QF_NRA/hycomp/ball_count_2d_plain.02.seq_lazy_linear_enc_global_6.smt2
[DEBUG] Predicted solver: SMTInterpol for benchmark QF_NRA/hycomp/ball_count_2d_plain.02.seq_lazy_linear_enc_global_6.smt2
[DEBUG] Benchmark QF_NRA/hycomp/ball_count_2d_plain.02.seq_lazy_linear_enc_global_6.smt2: solved=True, runtime=0.74s, PAR-2=0.74s
[DEBUG] Processing 105/2482: QF_NRA/meti-tarski/Lyapunov/Lyapunov1a-chunk-0036.smt2
[DEBUG] Predicted solver: Z3alpha for benchmark QF_NRA/meti-tarski/Lyapunov/Lyapunov1a-chunk-0036.smt2
[DEBUG] Benchmark QF_NRA/meti-tarski/Lyapunov/Lyapunov1a-chunk-0036.smt2: solved=True, runtime=0.28s, PAR-2=0.28s
[DEBUG] Processing 106/2482: QF_NRA/hycomp/simple_ballistics_reach.01.seq_lazy_global_6.smt2
[DEBUG] Predicted solver: SMTInterpol for benchmark QF_NRA/hycomp/simple_ballistics_reach.01.seq_lazy_global_6.smt2
[DEBUG] Benchmark QF_NRA/hycomp/simple_ballistics_reach.01.seq_lazy_global_6.smt2: solved=True, runtime=0.98s, PAR-2=0.98s
[DEBUG] Processing 107/2482: QF_NRA/meti-tarski/atan/vega/3/weak/atan-vega-3-weak-chunk-0533.smt2
[DEBUG] Predicted solver: Z3alpha for benchmark QF_NRA/meti-tarski/atan/vega/3/weak/atan-vega-3-weak-chunk-0533.smt2
[DEBUG] Benchmark QF_NRA/meti-tarski/atan/vega/3/weak/atan-vega-3-weak-chunk-0533.smt2: solved=True, runtime=0.29s, PAR-2=0.29s
[DEBUG] Processing 108/2482: QF_NRA/20161105-Sturm-MBO/mbo_E2E4.smt2
[DEBUG] Predicted solver: SMTInterpol for benchmark QF_NRA/20161105-Sturm-MBO/mbo_E2E4.smt2
[DEBUG] Benchmark QF_NRA/20161105-Sturm-MBO/mbo_E2E4.smt2: solved=True, runtime=2.36s, PAR-2=2.36s
[DEBUG] Processing 109/2482: QF_NRA/hycomp/ball_count_1d_plain.04.seq_lazy_lemmas_global_10.smt2
[DEBUG] Predicted solver: SMTInterpol for benchmark QF_NRA/hycomp/ball_count_1d_plain.04.seq_lazy_lemmas_global_10.smt2
[DEBUG] Benchmark QF_NRA/hycomp/ball_count_1d_plain.04.seq_lazy_lemmas_global_10.smt2: solved=True, runtime=0.84s, PAR-2=0.84s
[DEBUG] Processing 110/2482: QF_NRA/hycomp/ball_count_2d_hill.01.redlog_global_11.smt2
[DEBUG] Predicted solver: SMTInterpol for benchmark QF_NRA/hycomp/ball_count_2d_hill.01.redlog_global_11.smt2
[DEBUG] Benchmark QF_NRA/hycomp/ball_count_2d_hill.01.redlog_global_11.smt2: solved=True, runtime=1.50s, PAR-2=1.50s
[DEBUG] Processing 111/2482: QF_NRA/meti-tarski/atan/vega/3/weak/atan-vega-3-weak-chunk-0606.smt2
[DEBUG] Predicted solver: Z3alpha for benchmark QF_NRA/meti-tarski/atan/vega/3/weak/atan-vega-3-weak-chunk-0606.smt2
[DEBUG] Benchmark QF_NRA/meti-tarski/atan/vega/3/weak/atan-vega-3-weak-chunk-0606.smt2: solved=True, runtime=2.63s, PAR-2=2.63s
[DEBUG] Processing 112/2482: QF_NRA/meti-tarski/sin/problem/7/weak/sin-problem-7-weak-chunk-0145.smt2
[DEBUG] Predicted solver: Z3alpha for benchmark QF_NRA/meti-tarski/sin/problem/7/weak/sin-problem-7-weak-chunk-0145.smt2
[DEBUG] Benchmark QF_NRA/meti-tarski/sin/problem/7/weak/sin-problem-7-weak-chunk-0145.smt2: solved=True, runtime=0.27s, PAR-2=0.27s
[DEBUG] Processing 113/2482: QF_NRA/hong/hong_14.smt2
[DEBUG] Predicted solver: cvc5 for benchmark QF_NRA/hong/hong_14.smt2
[DEBUG] Benchmark QF_NRA/hong/hong_14.smt2: solved=True, runtime=0.30s, PAR-2=0.30s
[DEBUG] Processing 114/2482: QF_NRA/meti-tarski/exp/problem/10/3/weak/exp-problem-10-3-weak-chunk-0128.smt2
[DEBUG] Predicted solver: Z3alpha for benchmark QF_NRA/meti-tarski/exp/problem/10/3/weak/exp-problem-10-3-weak-chunk-0128.smt2
[DEBUG] Benchmark QF_NRA/meti-tarski/exp/problem/10/3/weak/exp-problem-10-3-weak-chunk-0128.smt2: solved=True, runtime=0.28s, PAR-2=0.28s
[DEBUG] Processing 115/2482: QF_NRA/20161105-Sturm-MBO/mbo_E8E23.smt2
[DEBUG] Predicted solver: SMTInterpol for benchmark QF_NRA/20161105-Sturm-MBO/mbo_E8E23.smt2
[DEBUG] Benchmark QF_NRA/20161105-Sturm-MBO/mbo_E8E23.smt2: solved=True, runtime=1.90s, PAR-2=1.90s
[DEBUG] Processing 116/2482: QF_NRA/meti-tarski/sin/cos/sin-cos-346-b-chunk-0605.smt2
[DEBUG] Predicted solver: Z3alpha for benchmark QF_NRA/meti-tarski/sin/cos/sin-cos-346-b-chunk-0605.smt2
[DEBUG] Benchmark QF_NRA/meti-tarski/sin/cos/sin-cos-346-b-chunk-0605.smt2: solved=True, runtime=0.27s, PAR-2=0.27s
[DEBUG] Processing 117/2482: QF_NRA/hycomp/ball_count_1d_plain.01.seq_lazy_lemmas_global_12.smt2
[DEBUG] Predicted solver: SMTInterpol for benchmark QF_NRA/hycomp/ball_count_1d_plain.01.seq_lazy_lemmas_global_12.smt2
[DEBUG] Benchmark QF_NRA/hycomp/ball_count_1d_plain.01.seq_lazy_lemmas_global_12.smt2: solved=True, runtime=0.91s, PAR-2=0.91s
[DEBUG] Processing 118/2482: QF_NRA/LassoRanker/CooperatingT2/a.10.c.t2.c_Iteration9_Loop_4-pieceTemplate.smt2
[DEBUG] Predicted solver: SMTInterpol for benchmark QF_NRA/LassoRanker/CooperatingT2/a.10.c.t2.c_Iteration9_Loop_4-pieceTemplate.smt2
[DEBUG] Benchmark QF_NRA/LassoRanker/CooperatingT2/a.10.c.t2.c_Iteration9_Loop_4-pieceTemplate.smt2: solved=True, runtime=1.15s, PAR-2=1.15s
[DEBUG] Processing 119/2482: QF_NRA/meti-tarski/sin/cos/sin-cos-346-b-chunk-0364.smt2
[DEBUG] Predicted solver: Z3alpha for benchmark QF_NRA/meti-tarski/sin/cos/sin-cos-346-b-chunk-0364.smt2
[DEBUG] Benchmark QF_NRA/meti-tarski/sin/cos/sin-cos-346-b-chunk-0364.smt2: solved=True, runtime=0.27s, PAR-2=0.27s
[DEBUG] Processing 120/2482: QF_NRA/meti-tarski/sin/problem/8/sin-problem-8-chunk-0054.smt2
[DEBUG] Predicted solver: Z3alpha for benchmark QF_NRA/meti-tarski/sin/problem/8/sin-problem-8-chunk-0054.smt2
[DEBUG] Benchmark QF_NRA/meti-tarski/sin/problem/8/sin-problem-8-chunk-0054.smt2: solved=True, runtime=0.27s, PAR-2=0.27s
[DEBUG] Processing 121/2482: QF_NRA/meti-tarski/sin/problem/7/sin-problem-7-chunk-0204.smt2
[DEBUG] Predicted solver: Z3alpha for benchmark QF_NRA/meti-tarski/sin/problem/7/sin-problem-7-chunk-0204.smt2
[DEBUG] Benchmark QF_NRA/meti-tarski/sin/problem/7/sin-problem-7-chunk-0204.smt2: solved=True, runtime=0.31s, PAR-2=0.31s
[DEBUG] Processing 122/2482: QF_NRA/20200911-Pine/1599121978503423000.smt2
[DEBUG] Predicted solver: Z3alpha for benchmark QF_NRA/20200911-Pine/1599121978503423000.smt2
[DEBUG] Benchmark QF_NRA/20200911-Pine/1599121978503423000.smt2: solved=True, runtime=0.30s, PAR-2=0.30s
[DEBUG] Processing 123/2482: QF_NRA/meti-tarski/atan/problem/2/weak2/atan-problem-2-weak2-chunk-0100.smt2
[DEBUG] Predicted solver: Z3alpha for benchmark QF_NRA/meti-tarski/atan/problem/2/weak2/atan-problem-2-weak2-chunk-0100.smt2
[DEBUG] Benchmark QF_NRA/meti-tarski/atan/problem/2/weak2/atan-problem-2-weak2-chunk-0100.smt2: solved=True, runtime=0.27s, PAR-2=0.27s
[DEBUG] Processing 124/2482: QF_NRA/meti-tarski/atan/problem/2/weak2/atan-problem-2-weak2-chunk-0136.smt2
[DEBUG] Predicted solver: Z3alpha for benchmark QF_NRA/meti-tarski/atan/problem/2/weak2/atan-problem-2-weak2-chunk-0136.smt2
[DEBUG] Benchmark QF_NRA/meti-tarski/atan/problem/2/weak2/atan-problem-2-weak2-chunk-0136.smt2: solved=True, runtime=0.26s, PAR-2=0.26s
[DEBUG] Processing 125/2482: QF_NRA/20161105-Sturm-MBO/mbo_E5E17.smt2
[DEBUG] Predicted solver: SMTInterpol for benchmark QF_NRA/20161105-Sturm-MBO/mbo_E5E17.smt2
[DEBUG] Benchmark QF_NRA/20161105-Sturm-MBO/mbo_E5E17.smt2: solved=True, runtime=0.68s, PAR-2=0.68s
[DEBUG] Processing 126/2482: QF_NRA/LassoRanker/Ultimate/yPositive-SIscaled75.bpl_Iteration1_Loop_3-pieceTemplate.smt2
[DEBUG] Predicted solver: SMTInterpol for benchmark QF_NRA/LassoRanker/Ultimate/yPositive-SIscaled75.bpl_Iteration1_Loop_3-pieceTemplate.smt2
[DEBUG] Benchmark QF_NRA/LassoRanker/Ultimate/yPositive-SIscaled75.bpl_Iteration1_Loop_3-pieceTemplate.smt2: solved=True, runtime=2.43s, PAR-2=2.43s
[DEBUG] Processing 127/2482: QF_NRA/meti-tarski/sin/cos/sin-cos-346-b-chunk-0455.smt2
[DEBUG] Predicted solver: Z3alpha for benchmark QF_NRA/meti-tarski/sin/cos/sin-cos-346-b-chunk-0455.smt2
[DEBUG] Benchmark QF_NRA/meti-tarski/sin/cos/sin-cos-346-b-chunk-0455.smt2: solved=True, runtime=0.27s, PAR-2=0.27s
[DEBUG] Processing 128/2482: QF_NRA/LassoRanker/Ultimate/yPositive-SIscaled75.bpl_Iteration1_Loop_7-phaseTemplate.smt2
[DEBUG] Predicted solver: SMTInterpol for benchmark QF_NRA/LassoRanker/Ultimate/yPositive-SIscaled75.bpl_Iteration1_Loop_7-phaseTemplate.smt2
[DEBUG] Benchmark QF_NRA/LassoRanker/Ultimate/yPositive-SIscaled75.bpl_Iteration1_Loop_7-phaseTemplate.smt2: solved=True, runtime=1.97s, PAR-2=1.97s
[DEBUG] Processing 129/2482: QF_NRA/meti-tarski/sin/cos/sin-cos-346-b-chunk-0556.smt2
[DEBUG] Predicted solver: Z3alpha for benchmark QF_NRA/meti-tarski/sin/cos/sin-cos-346-b-chunk-0556.smt2
[DEBUG] Benchmark QF_NRA/meti-tarski/sin/cos/sin-cos-346-b-chunk-0556.smt2: solved=True, runtime=0.27s, PAR-2=0.27s
[DEBUG] Processing 130/2482: QF_NRA/meti-tarski/Nichols-Plot/Inverted-Pendulum/Nichols-Plot-Inverted-Pendulum-Fails-1-6-chunk-0238.smt2
[DEBUG] Predicted solver: Z3alpha for benchmark QF_NRA/meti-tarski/Nichols-Plot/Inverted-Pendulum/Nichols-Plot-Inverted-Pendulum-Fails-1-6-chunk-0238.smt2
[DEBUG] Benchmark QF_NRA/meti-tarski/Nichols-Plot/Inverted-Pendulum/Nichols-Plot-Inverted-Pendulum-Fails-1-6-chunk-0238.smt2: solved=True, runtime=0.27s, PAR-2=0.27s
[DEBUG] Processing 131/2482: QF_NRA/LassoRanker/CooperatingT2/hongyi1.t2.c_Iteration1_Loop_4-pieceTemplate.smt2
[DEBUG] Predicted solver: Yices2 for benchmark QF_NRA/LassoRanker/CooperatingT2/hongyi1.t2.c_Iteration1_Loop_4-pieceTemplate.smt2
[DEBUG] Benchmark QF_NRA/LassoRanker/CooperatingT2/hongyi1.t2.c_Iteration1_Loop_4-pieceTemplate.smt2: solved=False, runtime=1200.00s, PAR-2=2400.00s
[DEBUG] Processing 132/2482: QF_NRA/hycomp/ball_count_1d_plain.01.redlog_global_6.smt2
[DEBUG] Predicted solver: SMTInterpol for benchmark QF_NRA/hycomp/ball_count_1d_plain.01.redlog_global_6.smt2
[DEBUG] Benchmark QF_NRA/hycomp/ball_count_1d_plain.01.redlog_global_6.smt2: solved=True, runtime=0.77s, PAR-2=0.77s
[DEBUG] Processing 133/2482: QF_NRA/hycomp/ball_count_2d_hill.02.redlog_global_10.smt2
[DEBUG] Predicted solver: SMTInterpol for benchmark QF_NRA/hycomp/ball_count_2d_hill.02.redlog_global_10.smt2
[DEBUG] Benchmark QF_NRA/hycomp/ball_count_2d_hill.02.redlog_global_10.smt2: solved=True, runtime=1.20s, PAR-2=1.20s
[DEBUG] Processing 134/2482: QF_NRA/meti-tarski/sqrt/1mcosq/8/sqrt-1mcosq-8-chunk-0185.smt2
[DEBUG] Predicted solver: Z3alpha for benchmark QF_NRA/meti-tarski/sqrt/1mcosq/8/sqrt-1mcosq-8-chunk-0185.smt2
[DEBUG] Benchmark QF_NRA/meti-tarski/sqrt/1mcosq/8/sqrt-1mcosq-8-chunk-0185.smt2: solved=True, runtime=0.35s, PAR-2=0.35s
[DEBUG] Processing 135/2482: QF_NRA/hycomp/ball_count_2d_hill_simple.03.seq_lazy_global_15.smt2
[DEBUG] Predicted solver: Yices2 for benchmark QF_NRA/hycomp/ball_count_2d_hill_simple.03.seq_lazy_global_15.smt2
[DEBUG] Benchmark QF_NRA/hycomp/ball_count_2d_hill_simple.03.seq_lazy_global_15.smt2: solved=True, runtime=0.25s, PAR-2=0.25s
[DEBUG] Processing 136/2482: QF_NRA/hycomp/ball_count_2d_hill_simple.10.seq_lazy_linear_enc_lemmas_global_11.smt2
[DEBUG] Predicted solver: SMTInterpol for benchmark QF_NRA/hycomp/ball_count_2d_hill_simple.10.seq_lazy_linear_enc_lemmas_global_11.smt2
[DEBUG] Benchmark QF_NRA/hycomp/ball_count_2d_hill_simple.10.seq_lazy_linear_enc_lemmas_global_11.smt2: solved=True, runtime=1.02s, PAR-2=1.02s
[DEBUG] Processing 137/2482: QF_NRA/zankl/matrix-1-all-39.smt2
[DEBUG] Predicted solver: SMTInterpol for benchmark QF_NRA/zankl/matrix-1-all-39.smt2
[DEBUG] Benchmark QF_NRA/zankl/matrix-1-all-39.smt2: solved=True, runtime=0.43s, PAR-2=0.43s
[DEBUG] Processing 138/2482: QF_NRA/hycomp/ball_count_2d_hill_simple.10.qfree_global_14.smt2
[DEBUG] Predicted solver: Yices2 for benchmark QF_NRA/hycomp/ball_count_2d_hill_simple.10.qfree_global_14.smt2
[DEBUG] Benchmark QF_NRA/hycomp/ball_count_2d_hill_simple.10.qfree_global_14.smt2: solved=True, runtime=0.23s, PAR-2=0.23s
[DEBUG] Processing 139/2482: QF_NRA/meti-tarski/sqrt/1mcosq/8/sqrt-1mcosq-8-chunk-0640.smt2
[DEBUG] Predicted solver: Z3alpha for benchmark QF_NRA/meti-tarski/sqrt/1mcosq/8/sqrt-1mcosq-8-chunk-0640.smt2
[DEBUG] Benchmark QF_NRA/meti-tarski/sqrt/1mcosq/8/sqrt-1mcosq-8-chunk-0640.smt2: solved=True, runtime=0.29s, PAR-2=0.29s
[DEBUG] Processing 140/2482: QF_NRA/meti-tarski/sin/344/3/sin-344-3-chunk-0045.smt2
[DEBUG] Predicted solver: Z3alpha for benchmark QF_NRA/meti-tarski/sin/344/3/sin-344-3-chunk-0045.smt2
[DEBUG] Benchmark QF_NRA/meti-tarski/sin/344/3/sin-344-3-chunk-0045.smt2: solved=True, runtime=0.27s, PAR-2=0.27s
[DEBUG] Processing 141/2482: QF_NRA/20161105-Sturm-MBO/mbo_E20E21.smt2
[DEBUG] Predicted solver: SMTInterpol for benchmark QF_NRA/20161105-Sturm-MBO/mbo_E20E21.smt2
[DEBUG] Benchmark QF_NRA/20161105-Sturm-MBO/mbo_E20E21.smt2: solved=True, runtime=0.44s, PAR-2=0.44s
[DEBUG] Processing 142/2482: QF_NRA/20220314-Uncu/Polynomial_Proof_Calls/ProveIneq_ISSAC05_Bessack_2_2.smt2
[DEBUG] Predicted solver: Z3alpha for benchmark QF_NRA/20220314-Uncu/Polynomial_Proof_Calls/ProveIneq_ISSAC05_Bessack_2_2.smt2
[DEBUG] Benchmark QF_NRA/20220314-Uncu/Polynomial_Proof_Calls/ProveIneq_ISSAC05_Bessack_2_2.smt2: solved=True, runtime=0.27s, PAR-2=0.27s
[DEBUG] Processing 143/2482: QF_NRA/hycomp/ball_count_1d_plain.10.redlog_global_8.smt2
[DEBUG] Predicted solver: SMTInterpol for benchmark QF_NRA/hycomp/ball_count_1d_plain.10.redlog_global_8.smt2
[DEBUG] Benchmark QF_NRA/hycomp/ball_count_1d_plain.10.redlog_global_8.smt2: solved=True, runtime=0.90s, PAR-2=0.90s
[DEBUG] Processing 144/2482: QF_NRA/20161105-Sturm-MBO/mbo_E16E19.smt2
[DEBUG] Predicted solver: SMTInterpol for benchmark QF_NRA/20161105-Sturm-MBO/mbo_E16E19.smt2
[DEBUG] Benchmark QF_NRA/20161105-Sturm-MBO/mbo_E16E19.smt2: solved=True, runtime=2.48s, PAR-2=2.48s
[DEBUG] Processing 145/2482: QF_NRA/hycomp/ball_count_2d_slope.01.seq_lazy_lemmas_global_13.smt2
[DEBUG] Predicted solver: SMTInterpol for benchmark QF_NRA/hycomp/ball_count_2d_slope.01.seq_lazy_lemmas_global_13.smt2
[DEBUG] Benchmark QF_NRA/hycomp/ball_count_2d_slope.01.seq_lazy_lemmas_global_13.smt2: solved=True, runtime=1.52s, PAR-2=1.52s
[DEBUG] Processing 146/2482: QF_NRA/hong/hong_8.smt2
[DEBUG] Predicted solver: cvc5 for benchmark QF_NRA/hong/hong_8.smt2
[DEBUG] Benchmark QF_NRA/hong/hong_8.smt2: solved=True, runtime=0.24s, PAR-2=0.24s
[DEBUG] Processing 147/2482: QF_NRA/meti-tarski/Chua/2/VC2/U/Chua-2-VC2-U-chunk-0091.smt2
[DEBUG] Predicted solver: Z3alpha for benchmark QF_NRA/meti-tarski/Chua/2/VC2/U/Chua-2-VC2-U-chunk-0091.smt2
[DEBUG] Benchmark QF_NRA/meti-tarski/Chua/2/VC2/U/Chua-2-VC2-U-chunk-0091.smt2: solved=True, runtime=0.30s, PAR-2=0.30s
[DEBUG] Processing 148/2482: QF_NRA/hycomp/ball_count_2d_plain.04.seq_lazy_linear_enc_lemmas_global_8.smt2
[DEBUG] Predicted solver: SMTInterpol for benchmark QF_NRA/hycomp/ball_count_2d_plain.04.seq_lazy_linear_enc_lemmas_global_8.smt2
[DEBUG] Benchmark QF_NRA/hycomp/ball_count_2d_plain.04.seq_lazy_linear_enc_lemmas_global_8.smt2: solved=True, runtime=0.89s, PAR-2=0.89s
[DEBUG] Processing 149/2482: QF_NRA/20200911-Pine/1599120907615225000.smt2
[DEBUG] Predicted solver: Z3alpha for benchmark QF_NRA/20200911-Pine/1599120907615225000.smt2
[DEBUG] Benchmark QF_NRA/20200911-Pine/1599120907615225000.smt2: solved=True, runtime=0.28s, PAR-2=0.28s
[DEBUG] Processing 150/2482: QF_NRA/meti-tarski/Chua/2/IL/L/Chua-2-IL-L-chunk-0069.smt2
[DEBUG] Predicted solver: Z3alpha for benchmark QF_NRA/meti-tarski/Chua/2/IL/L/Chua-2-IL-L-chunk-0069.smt2
[DEBUG] Benchmark QF_NRA/meti-tarski/Chua/2/IL/L/Chua-2-IL-L-chunk-0069.smt2: solved=True, runtime=0.27s, PAR-2=0.27s
[DEBUG] Processing 151/2482: QF_NRA/zankl/matrix-4-all-20.smt2
[DEBUG] Predicted solver: SMTInterpol for benchmark QF_NRA/zankl/matrix-4-all-20.smt2
[DEBUG] Benchmark QF_NRA/zankl/matrix-4-all-20.smt2: solved=True, runtime=0.63s, PAR-2=0.63s
[DEBUG] Processing 152/2482: QF_NRA/20161105-Sturm-MBO/mbo_E4E26.smt2
[DEBUG] Predicted solver: SMTInterpol for benchmark QF_NRA/20161105-Sturm-MBO/mbo_E4E26.smt2
[DEBUG] Benchmark QF_NRA/20161105-Sturm-MBO/mbo_E4E26.smt2: solved=True, runtime=1.69s, PAR-2=1.69s
[DEBUG] Processing 153/2482: QF_NRA/meti-tarski/sqrt/problem/sqrt-problem-Melquiond2-chunk-0098.smt2
[DEBUG] Predicted solver: Z3alpha for benchmark QF_NRA/meti-tarski/sqrt/problem/sqrt-problem-Melquiond2-chunk-0098.smt2
[DEBUG] Benchmark QF_NRA/meti-tarski/sqrt/problem/sqrt-problem-Melquiond2-chunk-0098.smt2: solved=True, runtime=0.27s, PAR-2=0.27s
[DEBUG] Processing 154/2482: QF_NRA/meti-tarski/exp/problem/10/2/exp-problem-10-2-chunk-0115.smt2
[DEBUG] Predicted solver: Z3alpha for benchmark QF_NRA/meti-tarski/exp/problem/10/2/exp-problem-10-2-chunk-0115.smt2
[DEBUG] Benchmark QF_NRA/meti-tarski/exp/problem/10/2/exp-problem-10-2-chunk-0115.smt2: solved=True, runtime=0.27s, PAR-2=0.27s
[DEBUG] Processing 155/2482: QF_NRA/hycomp/ball_count_2d_hill_simple.05.seq_lazy_linear_enc_lemmas_global_10.smt2
[DEBUG] Predicted solver: SMTInterpol for benchmark QF_NRA/hycomp/ball_count_2d_hill_simple.05.seq_lazy_linear_enc_lemmas_global_10.smt2
[DEBUG] Benchmark QF_NRA/hycomp/ball_count_2d_hill_simple.05.seq_lazy_linear_enc_lemmas_global_10.smt2: solved=True, runtime=1.06s, PAR-2=1.06s
[DEBUG] Processing 156/2482: QF_NRA/meti-tarski/Chua/1/VC1/L/Chua-1-VC1-L-chunk-0123.smt2
[DEBUG] Predicted solver: Z3alpha for benchmark QF_NRA/meti-tarski/Chua/1/VC1/L/Chua-1-VC1-L-chunk-0123.smt2
[DEBUG] Benchmark QF_NRA/meti-tarski/Chua/1/VC1/L/Chua-1-VC1-L-chunk-0123.smt2: solved=True, runtime=0.32s, PAR-2=0.32s
[DEBUG] Processing 157/2482: QF_NRA/LassoRanker/CooperatingT2/p-43.t2.c_Iteration4_Loop_4-pieceTemplate.smt2
[DEBUG] Predicted solver: SMTInterpol for benchmark QF_NRA/LassoRanker/CooperatingT2/p-43.t2.c_Iteration4_Loop_4-pieceTemplate.smt2
[DEBUG] Benchmark QF_NRA/LassoRanker/CooperatingT2/p-43.t2.c_Iteration4_Loop_4-pieceTemplate.smt2: solved=True, runtime=4.00s, PAR-2=4.00s
[DEBUG] Processing 158/2482: QF_NRA/hycomp/ball_count_2d_slope.10.seq_lazy_linear_enc_lemmas_global_11.smt2
[DEBUG] Predicted solver: SMTInterpol for benchmark QF_NRA/hycomp/ball_count_2d_slope.10.seq_lazy_linear_enc_lemmas_global_11.smt2
[DEBUG] Benchmark QF_NRA/hycomp/ball_count_2d_slope.10.seq_lazy_linear_enc_lemmas_global_11.smt2: solved=True, runtime=1.26s, PAR-2=1.26s
[DEBUG] Processing 159/2482: QF_NRA/hycomp/ball_count_2d_slope.10.seq_lazy_linear_enc_global_6.smt2
[DEBUG] Predicted solver: SMTInterpol for benchmark QF_NRA/hycomp/ball_count_2d_slope.10.seq_lazy_linear_enc_global_6.smt2
[DEBUG] Benchmark QF_NRA/hycomp/ball_count_2d_slope.10.seq_lazy_linear_enc_global_6.smt2: solved=True, runtime=0.95s, PAR-2=0.95s
[DEBUG] Processing 160/2482: QF_NRA/20180501-Economics-Mulligan/MulliganEconomicsModel0024e.smt2
[DEBUG] Predicted solver: SMTInterpol for benchmark QF_NRA/20180501-Economics-Mulligan/MulliganEconomicsModel0024e.smt2
[DEBUG] Benchmark QF_NRA/20180501-Economics-Mulligan/MulliganEconomicsModel0024e.smt2: solved=True, runtime=0.42s, PAR-2=0.42s
[DEBUG] Processing 161/2482: QF_NRA/hycomp/ball_count_2d_hill_simple.01.seq_lazy_global_13.smt2
[DEBUG] Predicted solver: Yices2 for benchmark QF_NRA/hycomp/ball_count_2d_hill_simple.01.seq_lazy_global_13.smt2
[DEBUG] Benchmark QF_NRA/hycomp/ball_count_2d_hill_simple.01.seq_lazy_global_13.smt2: solved=True, runtime=0.22s, PAR-2=0.22s
[DEBUG] Processing 162/2482: QF_NRA/meti-tarski/sqrt/1mcosq/8/sqrt-1mcosq-8-chunk-0266.smt2
[DEBUG] Predicted solver: Z3alpha for benchmark QF_NRA/meti-tarski/sqrt/1mcosq/8/sqrt-1mcosq-8-chunk-0266.smt2
[DEBUG] Benchmark QF_NRA/meti-tarski/sqrt/1mcosq/8/sqrt-1mcosq-8-chunk-0266.smt2: solved=True, runtime=0.28s, PAR-2=0.28s
[DEBUG] Processing 163/2482: QF_NRA/meti-tarski/sqrt/problem/13/sqrt1/sqrt-problem-13-sqrt1-chunk-0021.smt2
[DEBUG] Predicted solver: Z3alpha for benchmark QF_NRA/meti-tarski/sqrt/problem/13/sqrt1/sqrt-problem-13-sqrt1-chunk-0021.smt2
[DEBUG] Benchmark QF_NRA/meti-tarski/sqrt/problem/13/sqrt1/sqrt-problem-13-sqrt1-chunk-0021.smt2: solved=True, runtime=0.27s, PAR-2=0.27s
[DEBUG] Processing 164/2482: QF_NRA/20220314-Uncu/Rational_Function_Proof_Calls_With_Disjunctive_Denominator_Simplifications/DDC_ProveIneq_ISSAC05_Bessack_2_m1.smt2
[DEBUG] Predicted solver: Z3alpha for benchmark QF_NRA/20220314-Uncu/Rational_Function_Proof_Calls_With_Disjunctive_Denominator_Simplifications/DDC_ProveIneq_ISSAC05_Bessack_2_m1.smt2
[DEBUG] Benchmark QF_NRA/20220314-Uncu/Rational_Function_Proof_Calls_With_Disjunctive_Denominator_Simplifications/DDC_ProveIneq_ISSAC05_Bessack_2_m1.smt2: solved=True, runtime=0.27s, PAR-2=0.27s
[DEBUG] Processing 165/2482: QF_NRA/hycomp/ball_count_2d_hill_simple.03.seq_lazy_global_10.smt2
[DEBUG] Predicted solver: SMTInterpol for benchmark QF_NRA/hycomp/ball_count_2d_hill_simple.03.seq_lazy_global_10.smt2
[DEBUG] Benchmark QF_NRA/hycomp/ball_count_2d_hill_simple.03.seq_lazy_global_10.smt2: solved=True, runtime=0.86s, PAR-2=0.86s
[DEBUG] Processing 166/2482: QF_NRA/2019-ezsmt/reverseFolding/20-reverse_folding-0-0.smt2
[DEBUG] Predicted solver: Yices2 for benchmark QF_NRA/2019-ezsmt/reverseFolding/20-reverse_folding-0-0.smt2
[DEBUG] Benchmark QF_NRA/2019-ezsmt/reverseFolding/20-reverse_folding-0-0.smt2: solved=True, runtime=0.68s, PAR-2=0.68s
[DEBUG] Processing 167/2482: QF_NRA/20161105-Sturm-MBO/mbo_E7E17.smt2
[DEBUG] Predicted solver: SMTInterpol for benchmark QF_NRA/20161105-Sturm-MBO/mbo_E7E17.smt2
[DEBUG] Benchmark QF_NRA/20161105-Sturm-MBO/mbo_E7E17.smt2: solved=True, runtime=0.60s, PAR-2=0.60s
[DEBUG] Processing 168/2482: QF_NRA/meti-tarski/CONVOI2/CONVOI2-chunk-0029.smt2
[DEBUG] Predicted solver: Z3alpha for benchmark QF_NRA/meti-tarski/CONVOI2/CONVOI2-chunk-0029.smt2
[DEBUG] Benchmark QF_NRA/meti-tarski/CONVOI2/CONVOI2-chunk-0029.smt2: solved=True, runtime=0.27s, PAR-2=0.27s
[DEBUG] Processing 169/2482: QF_NRA/meti-tarski/atan/vega/3/atan-vega-3-chunk-0365.smt2
[DEBUG] Predicted solver: SMTInterpol for benchmark QF_NRA/meti-tarski/atan/vega/3/atan-vega-3-chunk-0365.smt2
[DEBUG] Benchmark QF_NRA/meti-tarski/atan/vega/3/atan-vega-3-chunk-0365.smt2: solved=True, runtime=0.47s, PAR-2=0.47s
[DEBUG] Processing 170/2482: QF_NRA/meti-tarski/sqrt/problem/12vars3/sqrt-problem-12vars3-chunk-0104.smt2
[DEBUG] Predicted solver: Z3alpha for benchmark QF_NRA/meti-tarski/sqrt/problem/12vars3/sqrt-problem-12vars3-chunk-0104.smt2
[DEBUG] Benchmark QF_NRA/meti-tarski/sqrt/problem/12vars3/sqrt-problem-12vars3-chunk-0104.smt2: solved=True, runtime=0.30s, PAR-2=0.30s
[DEBUG] Processing 171/2482: QF_NRA/LassoRanker/Ultimate/Collatz.bpl_Iteration1_Lasso_2-lexTemplate.smt2
[DEBUG] Predicted solver: Yices2 for benchmark QF_NRA/LassoRanker/Ultimate/Collatz.bpl_Iteration1_Lasso_2-lexTemplate.smt2
[DEBUG] Benchmark QF_NRA/LassoRanker/Ultimate/Collatz.bpl_Iteration1_Lasso_2-lexTemplate.smt2: solved=True, runtime=43.13s, PAR-2=43.13s
[DEBUG] Processing 172/2482: QF_NRA/LassoRanker/CooperatingT2/spiral.t2.c_Iteration1_Loop_4-pieceTemplate.smt2
[DEBUG] Predicted solver: SMTInterpol for benchmark QF_NRA/LassoRanker/CooperatingT2/spiral.t2.c_Iteration1_Loop_4-pieceTemplate.smt2
[DEBUG] Benchmark QF_NRA/LassoRanker/CooperatingT2/spiral.t2.c_Iteration1_Loop_4-pieceTemplate.smt2: solved=True, runtime=1.67s, PAR-2=1.67s
[DEBUG] Processing 173/2482: QF_NRA/meti-tarski/atan/vega/3/atan-vega-3-chunk-0330.smt2
[DEBUG] Predicted solver: Z3alpha for benchmark QF_NRA/meti-tarski/atan/vega/3/atan-vega-3-chunk-0330.smt2
[DEBUG] Benchmark QF_NRA/meti-tarski/atan/vega/3/atan-vega-3-chunk-0330.smt2: solved=True, runtime=0.27s, PAR-2=0.27s
[DEBUG] Processing 174/2482: QF_NRA/UltimateAutomizer/InVarSynth_TestSequentialComposition.bpl_Iteration3_0.smt2
[DEBUG] Predicted solver: SMTInterpol for benchmark QF_NRA/UltimateAutomizer/InVarSynth_TestSequentialComposition.bpl_Iteration3_0.smt2
[DEBUG] Benchmark QF_NRA/UltimateAutomizer/InVarSynth_TestSequentialComposition.bpl_Iteration3_0.smt2: solved=True, runtime=0.56s, PAR-2=0.56s
[DEBUG] Processing 175/2482: QF_NRA/meti-tarski/atan/vega/3/weak/atan-vega-3-weak-chunk-0364.smt2
[DEBUG] Predicted solver: Z3alpha for benchmark QF_NRA/meti-tarski/atan/vega/3/weak/atan-vega-3-weak-chunk-0364.smt2
[DEBUG] Benchmark QF_NRA/meti-tarski/atan/vega/3/weak/atan-vega-3-weak-chunk-0364.smt2: solved=True, runtime=0.27s, PAR-2=0.27s
[DEBUG] Processing 176/2482: QF_NRA/UltimateAutomizer/InVarSynth_ShortCircuit-SideEffect-FunctionCallExpression-Safe.c_Iteration1_0.smt2
[DEBUG] Predicted solver: SMTInterpol for benchmark QF_NRA/UltimateAutomizer/InVarSynth_ShortCircuit-SideEffect-FunctionCallExpression-Safe.c_Iteration1_0.smt2
[DEBUG] Benchmark QF_NRA/UltimateAutomizer/InVarSynth_ShortCircuit-SideEffect-FunctionCallExpression-Safe.c_Iteration1_0.smt2: solved=True, runtime=0.72s, PAR-2=0.72s
[DEBUG] Processing 177/2482: QF_NRA/LassoRanker/SV-COMP/TelAviv-Amir-Minimum_true-termination.c_Iteration1_Lasso_2-pieceTemplate.smt2
[DEBUG] Predicted solver: Yices2 for benchmark QF_NRA/LassoRanker/SV-COMP/TelAviv-Amir-Minimum_true-termination.c_Iteration1_Lasso_2-pieceTemplate.smt2
[DEBUG] Benchmark QF_NRA/LassoRanker/SV-COMP/TelAviv-Amir-Minimum_true-termination.c_Iteration1_Lasso_2-pieceTemplate.smt2: solved=True, runtime=133.83s, PAR-2=133.83s
[DEBUG] Processing 178/2482: QF_NRA/zankl/matrix-3-all-7.smt2
[DEBUG] Predicted solver: SMTInterpol for benchmark QF_NRA/zankl/matrix-3-all-7.smt2
[DEBUG] Benchmark QF_NRA/zankl/matrix-3-all-7.smt2: solved=True, runtime=0.68s, PAR-2=0.68s
[DEBUG] Processing 179/2482: QF_NRA/20200911-Pine/1599122165219202000.smt2
[DEBUG] Predicted solver: Z3alpha for benchmark QF_NRA/20200911-Pine/1599122165219202000.smt2
[DEBUG] Benchmark QF_NRA/20200911-Pine/1599122165219202000.smt2: solved=True, runtime=0.27s, PAR-2=0.27s
[DEBUG] Processing 180/2482: QF_NRA/meti-tarski/atan/problem/1/atan-problem-1-chunk-0069.smt2
[DEBUG] Predicted solver: Z3alpha for benchmark QF_NRA/meti-tarski/atan/problem/1/atan-problem-1-chunk-0069.smt2
[DEBUG] Benchmark QF_NRA/meti-tarski/atan/problem/1/atan-problem-1-chunk-0069.smt2: solved=True, runtime=0.27s, PAR-2=0.27s
[DEBUG] Processing 181/2482: QF_NRA/hycomp/ball_count_2d_plain.05.seq_lazy_global_7.smt2
[DEBUG] Predicted solver: SMTInterpol for benchmark QF_NRA/hycomp/ball_count_2d_plain.05.seq_lazy_global_7.smt2
[DEBUG] Benchmark QF_NRA/hycomp/ball_count_2d_plain.05.seq_lazy_global_7.smt2: solved=True, runtime=0.85s, PAR-2=0.85s
[DEBUG] Processing 182/2482: QF_NRA/hycomp/ball_count_1d_plain.01.qfree_global_4.smt2
[DEBUG] Predicted solver: SMTInterpol for benchmark QF_NRA/hycomp/ball_count_1d_plain.01.qfree_global_4.smt2
[DEBUG] Benchmark QF_NRA/hycomp/ball_count_1d_plain.01.qfree_global_4.smt2: solved=True, runtime=0.61s, PAR-2=0.61s
[DEBUG] Processing 183/2482: QF_NRA/20161105-Sturm-MBO/mbo_E4E19.smt2
[DEBUG] Predicted solver: SMTInterpol for benchmark QF_NRA/20161105-Sturm-MBO/mbo_E4E19.smt2
[DEBUG] Benchmark QF_NRA/20161105-Sturm-MBO/mbo_E4E19.smt2: solved=True, runtime=2.19s, PAR-2=2.19s
[DEBUG] Processing 184/2482: QF_NRA/20161105-Sturm-MBO/mbo_E13E14.smt2
[DEBUG] Predicted solver: SMTInterpol for benchmark QF_NRA/20161105-Sturm-MBO/mbo_E13E14.smt2
[DEBUG] Benchmark QF_NRA/20161105-Sturm-MBO/mbo_E13E14.smt2: solved=True, runtime=0.91s, PAR-2=0.91s
[DEBUG] Processing 185/2482: QF_NRA/meti-tarski/sqrt/1mcosq/8/sqrt-1mcosq-8-chunk-0435.smt2
[DEBUG] Predicted solver: Z3alpha for benchmark QF_NRA/meti-tarski/sqrt/1mcosq/8/sqrt-1mcosq-8-chunk-0435.smt2
[DEBUG] Benchmark QF_NRA/meti-tarski/sqrt/1mcosq/8/sqrt-1mcosq-8-chunk-0435.smt2: solved=True, runtime=0.32s, PAR-2=0.32s
[DEBUG] Processing 186/2482: QF_NRA/meti-tarski/atan/problem/2/weak/atan-problem-2-weak-chunk-0065.smt2
[DEBUG] Predicted solver: Z3alpha for benchmark QF_NRA/meti-tarski/atan/problem/2/weak/atan-problem-2-weak-chunk-0065.smt2
[DEBUG] Benchmark QF_NRA/meti-tarski/atan/problem/2/weak/atan-problem-2-weak-chunk-0065.smt2: solved=True, runtime=0.30s, PAR-2=0.30s
[DEBUG] Processing 187/2482: QF_NRA/LassoRanker/CooperatingT2/disj_nightmare.t2.c_Iteration1_Lasso_2-pieceTemplate.smt2
[DEBUG] Predicted solver: SMTInterpol for benchmark QF_NRA/LassoRanker/CooperatingT2/disj_nightmare.t2.c_Iteration1_Lasso_2-pieceTemplate.smt2
[DEBUG] Benchmark QF_NRA/LassoRanker/CooperatingT2/disj_nightmare.t2.c_Iteration1_Lasso_2-pieceTemplate.smt2: solved=True, runtime=2.92s, PAR-2=2.92s
[DEBUG] Processing 188/2482: QF_NRA/meti-tarski/Nichols-Plot/Inverted-Pendulum/Nichols-Plot-Inverted-Pendulum-Fails-1-6-chunk-0186.smt2
[DEBUG] Predicted solver: Z3alpha for benchmark QF_NRA/meti-tarski/Nichols-Plot/Inverted-Pendulum/Nichols-Plot-Inverted-Pendulum-Fails-1-6-chunk-0186.smt2
[DEBUG] Benchmark QF_NRA/meti-tarski/Nichols-Plot/Inverted-Pendulum/Nichols-Plot-Inverted-Pendulum-Fails-1-6-chunk-0186.smt2: solved=True, runtime=0.28s, PAR-2=0.28s
[DEBUG] Processing 189/2482: QF_NRA/hycomp/ball_count_1d_plain.03.seq_lazy_lemmas_global_11.smt2
[DEBUG] Predicted solver: SMTInterpol for benchmark QF_NRA/hycomp/ball_count_1d_plain.03.seq_lazy_lemmas_global_11.smt2
[DEBUG] Benchmark QF_NRA/hycomp/ball_count_1d_plain.03.seq_lazy_lemmas_global_11.smt2: solved=True, runtime=0.94s, PAR-2=0.94s
[DEBUG] Processing 190/2482: QF_NRA/meti-tarski/Chua/2/VC1/L/Chua-2-VC1-L-chunk-0079.smt2
[DEBUG] Predicted solver: Z3alpha for benchmark QF_NRA/meti-tarski/Chua/2/VC1/L/Chua-2-VC1-L-chunk-0079.smt2
[DEBUG] Benchmark QF_NRA/meti-tarski/Chua/2/VC1/L/Chua-2-VC1-L-chunk-0079.smt2: solved=True, runtime=0.33s, PAR-2=0.33s
[DEBUG] Processing 191/2482: QF_NRA/LassoRanker/CooperatingT2/neg-1394complete-fail.t2.c_Iteration5_Loop_4-pieceTemplate.smt2
[DEBUG] Predicted solver: SMTInterpol for benchmark QF_NRA/LassoRanker/CooperatingT2/neg-1394complete-fail.t2.c_Iteration5_Loop_4-pieceTemplate.smt2
[DEBUG] Benchmark QF_NRA/LassoRanker/CooperatingT2/neg-1394complete-fail.t2.c_Iteration5_Loop_4-pieceTemplate.smt2: solved=True, runtime=1.08s, PAR-2=1.08s
[DEBUG] Processing 192/2482: QF_NRA/hycomp/ball_count_1d_plain.04.qfree_global_15.smt2
[DEBUG] Predicted solver: Yices2 for benchmark QF_NRA/hycomp/ball_count_1d_plain.04.qfree_global_15.smt2
[DEBUG] Benchmark QF_NRA/hycomp/ball_count_1d_plain.04.qfree_global_15.smt2: solved=True, runtime=0.23s, PAR-2=0.23s
[DEBUG] Processing 193/2482: QF_NRA/hycomp/ball_count_2d_hill_simple.02.qfree_global_12.smt2
[DEBUG] Predicted solver: SMTInterpol for benchmark QF_NRA/hycomp/ball_count_2d_hill_simple.02.qfree_global_12.smt2
[DEBUG] Benchmark QF_NRA/hycomp/ball_count_2d_hill_simple.02.qfree_global_12.smt2: solved=True, runtime=0.91s, PAR-2=0.91s
[DEBUG] Processing 194/2482: QF_NRA/hycomp/ball_count_2d_hill_simple.02.redlog_global_13.smt2
[DEBUG] Predicted solver: Yices2 for benchmark QF_NRA/hycomp/ball_count_2d_hill_simple.02.redlog_global_13.smt2
[DEBUG] Benchmark QF_NRA/hycomp/ball_count_2d_hill_simple.02.redlog_global_13.smt2: solved=True, runtime=0.27s, PAR-2=0.27s
[DEBUG] Processing 195/2482: QF_NRA/hycomp/ball_count_2d_hill.01.seq_lazy_lemmas_global_8.smt2
[DEBUG] Predicted solver: SMTInterpol for benchmark QF_NRA/hycomp/ball_count_2d_hill.01.seq_lazy_lemmas_global_8.smt2
[DEBUG] Benchmark QF_NRA/hycomp/ball_count_2d_hill.01.seq_lazy_lemmas_global_8.smt2: solved=True, runtime=0.94s, PAR-2=0.94s
[DEBUG] Processing 196/2482: QF_NRA/20200911-Pine/1599122158690319000.smt2
[DEBUG] Predicted solver: Z3alpha for benchmark QF_NRA/20200911-Pine/1599122158690319000.smt2
[DEBUG] Benchmark QF_NRA/20200911-Pine/1599122158690319000.smt2: solved=True, runtime=0.29s, PAR-2=0.29s
[DEBUG] Processing 197/2482: QF_NRA/LassoRanker/SV-COMP/KroeningSharyginaTsitovichWintersteiger-2010CAV-Fig1_true-termination.c_Iteration1_Lasso_6-phaseTemplate.smt2
[DEBUG] Predicted solver: Yices2 for benchmark QF_NRA/LassoRanker/SV-COMP/KroeningSharyginaTsitovichWintersteiger-2010CAV-Fig1_true-termination.c_Iteration1_Lasso_6-phaseTemplate.smt2
[DEBUG] Benchmark QF_NRA/LassoRanker/SV-COMP/KroeningSharyginaTsitovichWintersteiger-2010CAV-Fig1_true-termination.c_Iteration1_Lasso_6-phaseTemplate.smt2: solved=True, runtime=56.64s, PAR-2=56.64s
[DEBUG] Processing 198/2482: QF_NRA/UltimateAutomizer/InVarSynth_s3_srvr_1b_true-unreach-call_false-termination.cil.c_Iteration1_0.smt2
[DEBUG] Predicted solver: SMTInterpol for benchmark QF_NRA/UltimateAutomizer/InVarSynth_s3_srvr_1b_true-unreach-call_false-termination.cil.c_Iteration1_0.smt2
[DEBUG] Benchmark QF_NRA/UltimateAutomizer/InVarSynth_s3_srvr_1b_true-unreach-call_false-termination.cil.c_Iteration1_0.smt2: solved=True, runtime=0.63s, PAR-2=0.63s
[DEBUG] Processing 199/2482: QF_NRA/meti-tarski/sqrt/1mcosq/8/sqrt-1mcosq-8-chunk-0550.smt2
[DEBUG] Predicted solver: Z3alpha for benchmark QF_NRA/meti-tarski/sqrt/1mcosq/8/sqrt-1mcosq-8-chunk-0550.smt2
[DEBUG] Benchmark QF_NRA/meti-tarski/sqrt/1mcosq/8/sqrt-1mcosq-8-chunk-0550.smt2: solved=True, runtime=0.27s, PAR-2=0.27s
[DEBUG] Processing 200/2482: QF_NRA/meti-tarski/atan/problem/2/weak/atan-problem-2-weak-chunk-0198.smt2
[DEBUG] Predicted solver: Z3alpha for benchmark QF_NRA/meti-tarski/atan/problem/2/weak/atan-problem-2-weak-chunk-0198.smt2
[DEBUG] Benchmark QF_NRA/meti-tarski/atan/problem/2/weak/atan-problem-2-weak-chunk-0198.smt2: solved=True, runtime=0.48s, PAR-2=0.48s
[DEBUG] Processing 201/2482: QF_NRA/hycomp/simple_ballistics_reach.01.seq_lazy_lemmas_global_15.smt2
[DEBUG] Predicted solver: SMTInterpol for benchmark QF_NRA/hycomp/simple_ballistics_reach.01.seq_lazy_lemmas_global_15.smt2
[DEBUG] Benchmark QF_NRA/hycomp/simple_ballistics_reach.01.seq_lazy_lemmas_global_15.smt2: solved=True, runtime=1.43s, PAR-2=1.43s
[DEBUG] Processing 202/2482: QF_NRA/hycomp/ball_count_2d_hill_simple.05.seq_lazy_lemmas_global_9.smt2
[DEBUG] Predicted solver: SMTInterpol for benchmark QF_NRA/hycomp/ball_count_2d_hill_simple.05.seq_lazy_lemmas_global_9.smt2
[DEBUG] Benchmark QF_NRA/hycomp/ball_count_2d_hill_simple.05.seq_lazy_lemmas_global_9.smt2: solved=True, runtime=0.97s, PAR-2=0.97s
[DEBUG] Processing 203/2482: QF_NRA/meti-tarski/atan/problem/1/atan-problem-1-chunk-0040.smt2
[DEBUG] Predicted solver: Z3alpha for benchmark QF_NRA/meti-tarski/atan/problem/1/atan-problem-1-chunk-0040.smt2
[DEBUG] Benchmark QF_NRA/meti-tarski/atan/problem/1/atan-problem-1-chunk-0040.smt2: solved=True, runtime=0.27s, PAR-2=0.27s
[DEBUG] Processing 204/2482: QF_NRA/meti-tarski/exp/problem/10/3/exp-problem-10-3-chunk-0184.smt2
[DEBUG] Predicted solver: Z3alpha for benchmark QF_NRA/meti-tarski/exp/problem/10/3/exp-problem-10-3-chunk-0184.smt2
[DEBUG] Benchmark QF_NRA/meti-tarski/exp/problem/10/3/exp-problem-10-3-chunk-0184.smt2: solved=True, runtime=0.26s, PAR-2=0.26s
[DEBUG] Processing 205/2482: QF_NRA/LassoRanker/SV-COMP/GulwaniJainKoskinen-2009PLDI-Fig1_true-termination.c_Iteration1_Lasso_6-phaseTemplate.smt2
[DEBUG] Predicted solver: Yices2 for benchmark QF_NRA/LassoRanker/SV-COMP/GulwaniJainKoskinen-2009PLDI-Fig1_true-termination.c_Iteration1_Lasso_6-phaseTemplate.smt2
[DEBUG] Benchmark QF_NRA/LassoRanker/SV-COMP/GulwaniJainKoskinen-2009PLDI-Fig1_true-termination.c_Iteration1_Lasso_6-phaseTemplate.smt2: solved=True, runtime=103.70s, PAR-2=103.70s
[DEBUG] Processing 206/2482: QF_NRA/meti-tarski/atan/problem/1/atan-problem-1-chunk-0057.smt2
[DEBUG] Predicted solver: Z3alpha for benchmark QF_NRA/meti-tarski/atan/problem/1/atan-problem-1-chunk-0057.smt2
[DEBUG] Benchmark QF_NRA/meti-tarski/atan/problem/1/atan-problem-1-chunk-0057.smt2: solved=True, runtime=0.27s, PAR-2=0.27s
[DEBUG] Processing 207/2482: QF_NRA/meti-tarski/atan/problem/2/atan-problem-2-chunk-0067.smt2
[DEBUG] Predicted solver: Z3alpha for benchmark QF_NRA/meti-tarski/atan/problem/2/atan-problem-2-chunk-0067.smt2
[DEBUG] Benchmark QF_NRA/meti-tarski/atan/problem/2/atan-problem-2-chunk-0067.smt2: solved=True, runtime=0.27s, PAR-2=0.27s
[DEBUG] Processing 208/2482: QF_NRA/LassoRanker/CooperatingT2/agafp.t2.c_Iteration1_Lasso_6-phaseTemplate.smt2
[DEBUG] Predicted solver: SMTInterpol for benchmark QF_NRA/LassoRanker/CooperatingT2/agafp.t2.c_Iteration1_Lasso_6-phaseTemplate.smt2
[DEBUG] Benchmark QF_NRA/LassoRanker/CooperatingT2/agafp.t2.c_Iteration1_Lasso_6-phaseTemplate.smt2: solved=True, runtime=0.80s, PAR-2=0.80s
[DEBUG] Processing 209/2482: QF_NRA/hycomp/ball_count_2d_plain.03.qfree_global_7.smt2
[DEBUG] Predicted solver: SMTInterpol for benchmark QF_NRA/hycomp/ball_count_2d_plain.03.qfree_global_7.smt2
[DEBUG] Benchmark QF_NRA/hycomp/ball_count_2d_plain.03.qfree_global_7.smt2: solved=True, runtime=0.84s, PAR-2=0.84s
[DEBUG] Processing 210/2482: QF_NRA/hycomp/ball_count_2d_plain.10.seq_lazy_global_11.smt2
[DEBUG] Predicted solver: SMTInterpol for benchmark QF_NRA/hycomp/ball_count_2d_plain.10.seq_lazy_global_11.smt2
[DEBUG] Benchmark QF_NRA/hycomp/ball_count_2d_plain.10.seq_lazy_global_11.smt2: solved=True, runtime=0.92s, PAR-2=0.92s
[DEBUG] Processing 211/2482: QF_NRA/meti-tarski/atan/problem/1/atan-problem-1-chunk-0103.smt2
[DEBUG] Predicted solver: Z3alpha for benchmark QF_NRA/meti-tarski/atan/problem/1/atan-problem-1-chunk-0103.smt2
[DEBUG] Benchmark QF_NRA/meti-tarski/atan/problem/1/atan-problem-1-chunk-0103.smt2: solved=True, runtime=0.27s, PAR-2=0.27s
[DEBUG] Processing 212/2482: QF_NRA/meti-tarski/Chua/2/VC2/U/Chua-2-VC2-U-chunk-0105.smt2
[DEBUG] Predicted solver: Z3alpha for benchmark QF_NRA/meti-tarski/Chua/2/VC2/U/Chua-2-VC2-U-chunk-0105.smt2
[DEBUG] Benchmark QF_NRA/meti-tarski/Chua/2/VC2/U/Chua-2-VC2-U-chunk-0105.smt2: solved=True, runtime=0.27s, PAR-2=0.27s
[DEBUG] Processing 213/2482: QF_NRA/meti-tarski/atan/problem/2/atan-problem-2-chunk-0061.smt2
[DEBUG] Predicted solver: Z3alpha for benchmark QF_NRA/meti-tarski/atan/problem/2/atan-problem-2-chunk-0061.smt2
[DEBUG] Benchmark QF_NRA/meti-tarski/atan/problem/2/atan-problem-2-chunk-0061.smt2: solved=True, runtime=0.27s, PAR-2=0.27s
[DEBUG] Processing 214/2482: QF_NRA/hycomp/ball_count_1d_plain.03.seq_lazy_linear_enc_lemmas_global_9.smt2
[DEBUG] Predicted solver: SMTInterpol for benchmark QF_NRA/hycomp/ball_count_1d_plain.03.seq_lazy_linear_enc_lemmas_global_9.smt2
[DEBUG] Benchmark QF_NRA/hycomp/ball_count_1d_plain.03.seq_lazy_linear_enc_lemmas_global_9.smt2: solved=True, runtime=0.87s, PAR-2=0.87s
[DEBUG] Processing 215/2482: QF_NRA/meti-tarski/atan/vega/3/atan-vega-3-chunk-0411.smt2
[DEBUG] Predicted solver: Z3alpha for benchmark QF_NRA/meti-tarski/atan/vega/3/atan-vega-3-chunk-0411.smt2
[DEBUG] Benchmark QF_NRA/meti-tarski/atan/vega/3/atan-vega-3-chunk-0411.smt2: solved=True, runtime=0.27s, PAR-2=0.27s
[DEBUG] Processing 216/2482: QF_NRA/meti-tarski/exp/problem/10/3/weak/exp-problem-10-3-weak-chunk-0084.smt2
[DEBUG] Predicted solver: Z3alpha for benchmark QF_NRA/meti-tarski/exp/problem/10/3/weak/exp-problem-10-3-weak-chunk-0084.smt2
[DEBUG] Benchmark QF_NRA/meti-tarski/exp/problem/10/3/weak/exp-problem-10-3-weak-chunk-0084.smt2: solved=True, runtime=0.27s, PAR-2=0.27s
[DEBUG] Processing 217/2482: QF_NRA/2019-ezsmt/bouncingBall/inst_1_1000.smt2
[DEBUG] Predicted solver: SMTInterpol for benchmark QF_NRA/2019-ezsmt/bouncingBall/inst_1_1000.smt2
[DEBUG] Benchmark QF_NRA/2019-ezsmt/bouncingBall/inst_1_1000.smt2: solved=True, runtime=1.51s, PAR-2=1.51s
[DEBUG] Processing 218/2482: QF_NRA/hycomp/ball_count_1d_plain.05.seq_lazy_linear_enc_lemmas_global_10.smt2
[DEBUG] Predicted solver: SMTInterpol for benchmark QF_NRA/hycomp/ball_count_1d_plain.05.seq_lazy_linear_enc_lemmas_global_10.smt2
[DEBUG] Benchmark QF_NRA/hycomp/ball_count_1d_plain.05.seq_lazy_linear_enc_lemmas_global_10.smt2: solved=True, runtime=0.89s, PAR-2=0.89s
[DEBUG] Processing 219/2482: QF_NRA/hycomp/ball_count_1d_plain.04.qfree_global_11.smt2
[DEBUG] Predicted solver: SMTInterpol for benchmark QF_NRA/hycomp/ball_count_1d_plain.04.qfree_global_11.smt2
[DEBUG] Benchmark QF_NRA/hycomp/ball_count_1d_plain.04.qfree_global_11.smt2: solved=True, runtime=0.90s, PAR-2=0.90s
[DEBUG] Processing 220/2482: QF_NRA/hycomp/ball_count_2d_slope.10.seq_lazy_linear_enc_lemmas_global_13.smt2
[DEBUG] Predicted solver: SMTInterpol for benchmark QF_NRA/hycomp/ball_count_2d_slope.10.seq_lazy_linear_enc_lemmas_global_13.smt2
[DEBUG] Benchmark QF_NRA/hycomp/ball_count_2d_slope.10.seq_lazy_linear_enc_lemmas_global_13.smt2: solved=True, runtime=1.35s, PAR-2=1.35s
[DEBUG] Processing 221/2482: QF_NRA/meti-tarski/sqrt/1mcosq/8/sqrt-1mcosq-8-chunk-0677.smt2
[DEBUG] Predicted solver: Z3alpha for benchmark QF_NRA/meti-tarski/sqrt/1mcosq/8/sqrt-1mcosq-8-chunk-0677.smt2
[DEBUG] Benchmark QF_NRA/meti-tarski/sqrt/1mcosq/8/sqrt-1mcosq-8-chunk-0677.smt2: solved=True, runtime=0.32s, PAR-2=0.32s
[DEBUG] Processing 222/2482: QF_NRA/hycomp/ball_count_2d_plain.01.seq_lazy_linear_enc_lemmas_global_6.smt2
[DEBUG] Predicted solver: SMTInterpol for benchmark QF_NRA/hycomp/ball_count_2d_plain.01.seq_lazy_linear_enc_lemmas_global_6.smt2
[DEBUG] Benchmark QF_NRA/hycomp/ball_count_2d_plain.01.seq_lazy_linear_enc_lemmas_global_6.smt2: solved=True, runtime=0.79s, PAR-2=0.79s
[DEBUG] Processing 223/2482: QF_NRA/2019-ezsmt/reverseFolding/43-reverse_folding-0-0.smt2
[DEBUG] Predicted solver: Yices2 for benchmark QF_NRA/2019-ezsmt/reverseFolding/43-reverse_folding-0-0.smt2
[DEBUG] Benchmark QF_NRA/2019-ezsmt/reverseFolding/43-reverse_folding-0-0.smt2: solved=True, runtime=2.83s, PAR-2=2.83s
[DEBUG] Processing 224/2482: QF_NRA/meti-tarski/sin/problem/8/weak/sin-problem-8-weak-chunk-0072.smt2
[DEBUG] Predicted solver: Z3alpha for benchmark QF_NRA/meti-tarski/sin/problem/8/weak/sin-problem-8-weak-chunk-0072.smt2
[DEBUG] Benchmark QF_NRA/meti-tarski/sin/problem/8/weak/sin-problem-8-weak-chunk-0072.smt2: solved=True, runtime=0.30s, PAR-2=0.30s
[DEBUG] Processing 225/2482: QF_NRA/hycomp/ball_count_2d_plain.05.seq_lazy_linear_enc_global_8.smt2
[DEBUG] Predicted solver: SMTInterpol for benchmark QF_NRA/hycomp/ball_count_2d_plain.05.seq_lazy_linear_enc_global_8.smt2
[DEBUG] Benchmark QF_NRA/hycomp/ball_count_2d_plain.05.seq_lazy_linear_enc_global_8.smt2: solved=True, runtime=0.95s, PAR-2=0.95s
[DEBUG] Processing 226/2482: QF_NRA/hycomp/ball_count_2d_hill.10.redlog_global_14.smt2
[DEBUG] Predicted solver: SMTInterpol for benchmark QF_NRA/hycomp/ball_count_2d_hill.10.redlog_global_14.smt2
[DEBUG] Benchmark QF_NRA/hycomp/ball_count_2d_hill.10.redlog_global_14.smt2: solved=True, runtime=1.89s, PAR-2=1.89s
[DEBUG] Processing 227/2482: QF_NRA/meti-tarski/exp/problem/10/3/exp-problem-10-3-chunk-0151.smt2
[DEBUG] Predicted solver: Z3alpha for benchmark QF_NRA/meti-tarski/exp/problem/10/3/exp-problem-10-3-chunk-0151.smt2
[DEBUG] Benchmark QF_NRA/meti-tarski/exp/problem/10/3/exp-problem-10-3-chunk-0151.smt2: solved=True, runtime=0.27s, PAR-2=0.27s
[DEBUG] Processing 228/2482: QF_NRA/hycomp/ball_count_2d_hill_simple.03.qfree_global_6.smt2
[DEBUG] Predicted solver: SMTInterpol for benchmark QF_NRA/hycomp/ball_count_2d_hill_simple.03.qfree_global_6.smt2
[DEBUG] Benchmark QF_NRA/hycomp/ball_count_2d_hill_simple.03.qfree_global_6.smt2: solved=True, runtime=0.77s, PAR-2=0.77s
[DEBUG] Processing 229/2482: QF_NRA/meti-tarski/sqrt/1mcosq/8/sqrt-1mcosq-8-chunk-0398.smt2
[DEBUG] Predicted solver: Z3alpha for benchmark QF_NRA/meti-tarski/sqrt/1mcosq/8/sqrt-1mcosq-8-chunk-0398.smt2
[DEBUG] Benchmark QF_NRA/meti-tarski/sqrt/1mcosq/8/sqrt-1mcosq-8-chunk-0398.smt2: solved=True, runtime=0.27s, PAR-2=0.27s
[DEBUG] Processing 230/2482: QF_NRA/meti-tarski/exp/problem/10/3/weak/exp-problem-10-3-weak-chunk-0011.smt2
[DEBUG] Predicted solver: Z3alpha for benchmark QF_NRA/meti-tarski/exp/problem/10/3/weak/exp-problem-10-3-weak-chunk-0011.smt2
[DEBUG] Benchmark QF_NRA/meti-tarski/exp/problem/10/3/weak/exp-problem-10-3-weak-chunk-0011.smt2: solved=True, runtime=0.27s, PAR-2=0.27s
[DEBUG] Processing 231/2482: QF_NRA/20220314-Uncu/Rational_Function_Proof_Calls_With_Basic_Denominator_Simplifications/BDC_ProveIneq_ISSAC10_ex2d.smt2
[DEBUG] Predicted solver: Z3alpha for benchmark QF_NRA/20220314-Uncu/Rational_Function_Proof_Calls_With_Basic_Denominator_Simplifications/BDC_ProveIneq_ISSAC10_ex2d.smt2
[DEBUG] Benchmark QF_NRA/20220314-Uncu/Rational_Function_Proof_Calls_With_Basic_Denominator_Simplifications/BDC_ProveIneq_ISSAC10_ex2d.smt2: solved=True, runtime=0.27s, PAR-2=0.27s
[DEBUG] Processing 232/2482: QF_NRA/meti-tarski/sqrt/1mcosq/8/sqrt-1mcosq-8-chunk-0382.smt2
[DEBUG] Predicted solver: Z3alpha for benchmark QF_NRA/meti-tarski/sqrt/1mcosq/8/sqrt-1mcosq-8-chunk-0382.smt2
[DEBUG] Benchmark QF_NRA/meti-tarski/sqrt/1mcosq/8/sqrt-1mcosq-8-chunk-0382.smt2: solved=True, runtime=0.27s, PAR-2=0.27s
[DEBUG] Processing 233/2482: QF_NRA/hycomp/ball_count_2d_hill.04.seq_lazy_linear_enc_lemmas_global_7.smt2
[DEBUG] Predicted solver: SMTInterpol for benchmark QF_NRA/hycomp/ball_count_2d_hill.04.seq_lazy_linear_enc_lemmas_global_7.smt2
[DEBUG] Benchmark QF_NRA/hycomp/ball_count_2d_hill.04.seq_lazy_linear_enc_lemmas_global_7.smt2: solved=True, runtime=0.96s, PAR-2=0.96s
[DEBUG] Processing 234/2482: QF_NRA/meti-tarski/sqrt/problem/12vars3/sqrt-problem-12vars3-chunk-0054.smt2
[DEBUG] Predicted solver: Z3alpha for benchmark QF_NRA/meti-tarski/sqrt/problem/12vars3/sqrt-problem-12vars3-chunk-0054.smt2
[DEBUG] Benchmark QF_NRA/meti-tarski/sqrt/problem/12vars3/sqrt-problem-12vars3-chunk-0054.smt2: solved=True, runtime=0.29s, PAR-2=0.29s
[DEBUG] Processing 235/2482: QF_NRA/LassoRanker/SV-COMP/GulwaniJainKoskinen-2009PLDI-Fig1_true-termination.c_Iteration1_Lasso_2-pieceTemplate.smt2
[DEBUG] Predicted solver: Yices2 for benchmark QF_NRA/LassoRanker/SV-COMP/GulwaniJainKoskinen-2009PLDI-Fig1_true-termination.c_Iteration1_Lasso_2-pieceTemplate.smt2
[DEBUG] Benchmark QF_NRA/LassoRanker/SV-COMP/GulwaniJainKoskinen-2009PLDI-Fig1_true-termination.c_Iteration1_Lasso_2-pieceTemplate.smt2: solved=True, runtime=133.13s, PAR-2=133.13s
[DEBUG] Processing 236/2482: QF_NRA/20240407-pPDA-Chiari-Pontiggia-Winkler/certificate_hints/mod7_POMC_hints.smt2
[DEBUG] Predicted solver: SMTInterpol for benchmark QF_NRA/20240407-pPDA-Chiari-Pontiggia-Winkler/certificate_hints/mod7_POMC_hints.smt2
[DEBUG] Benchmark QF_NRA/20240407-pPDA-Chiari-Pontiggia-Winkler/certificate_hints/mod7_POMC_hints.smt2: solved=True, runtime=1.07s, PAR-2=1.07s
[DEBUG] Processing 237/2482: QF_NRA/LassoRanker/CooperatingT2/polyrank4.t2.c_Iteration9_Loop_2-pieceTemplate.smt2
[DEBUG] Predicted solver: SMTInterpol for benchmark QF_NRA/LassoRanker/CooperatingT2/polyrank4.t2.c_Iteration9_Loop_2-pieceTemplate.smt2
[DEBUG] Benchmark QF_NRA/LassoRanker/CooperatingT2/polyrank4.t2.c_Iteration9_Loop_2-pieceTemplate.smt2: solved=True, runtime=0.69s, PAR-2=0.69s
[DEBUG] Processing 238/2482: QF_NRA/LassoRanker/SV-COMP/LeeJonesBen-Amram-2001POPL-Ex5_true-termination.c_Iteration2_Lasso_4-phaseTemplate.smt2
[DEBUG] Predicted solver: SMTInterpol for benchmark QF_NRA/LassoRanker/SV-COMP/LeeJonesBen-Amram-2001POPL-Ex5_true-termination.c_Iteration2_Lasso_4-phaseTemplate.smt2
[DEBUG] Benchmark QF_NRA/LassoRanker/SV-COMP/LeeJonesBen-Amram-2001POPL-Ex5_true-termination.c_Iteration2_Lasso_4-phaseTemplate.smt2: solved=True, runtime=1.70s, PAR-2=1.70s
[DEBUG] Processing 239/2482: QF_NRA/20161105-Sturm-MBO/mbo_E2E28.smt2
[DEBUG] Predicted solver: SMTInterpol for benchmark QF_NRA/20161105-Sturm-MBO/mbo_E2E28.smt2
[DEBUG] Benchmark QF_NRA/20161105-Sturm-MBO/mbo_E2E28.smt2: solved=True, runtime=2.05s, PAR-2=2.05s
[DEBUG] Processing 240/2482: QF_NRA/hycomp/ball_count_2d_hill.03.seq_lazy_linear_enc_global_7.smt2
[DEBUG] Predicted solver: SMTInterpol for benchmark QF_NRA/hycomp/ball_count_2d_hill.03.seq_lazy_linear_enc_global_7.smt2
[DEBUG] Benchmark QF_NRA/hycomp/ball_count_2d_hill.03.seq_lazy_linear_enc_global_7.smt2: solved=True, runtime=0.91s, PAR-2=0.91s
[DEBUG] Processing 241/2482: QF_NRA/zankl/matrix-5-all-2.smt2
[DEBUG] Predicted solver: SMTInterpol for benchmark QF_NRA/zankl/matrix-5-all-2.smt2
[DEBUG] Benchmark QF_NRA/zankl/matrix-5-all-2.smt2: solved=True, runtime=0.92s, PAR-2=0.92s
[DEBUG] Processing 242/2482: QF_NRA/meti-tarski/sqrt/1mcosq/8/sqrt-1mcosq-8-chunk-0578.smt2
[DEBUG] Predicted solver: Z3alpha for benchmark QF_NRA/meti-tarski/sqrt/1mcosq/8/sqrt-1mcosq-8-chunk-0578.smt2
[DEBUG] Benchmark QF_NRA/meti-tarski/sqrt/1mcosq/8/sqrt-1mcosq-8-chunk-0578.smt2: solved=True, runtime=0.28s, PAR-2=0.28s
[DEBUG] Processing 243/2482: QF_NRA/20161105-Sturm-MBO/mbo_E7E26.smt2
[DEBUG] Predicted solver: SMTInterpol for benchmark QF_NRA/20161105-Sturm-MBO/mbo_E7E26.smt2
[DEBUG] Benchmark QF_NRA/20161105-Sturm-MBO/mbo_E7E26.smt2: solved=True, runtime=0.51s, PAR-2=0.51s
[DEBUG] Processing 244/2482: QF_NRA/hycomp/ball_count_2d_plain.05.seq_lazy_linear_enc_lemmas_global_11.smt2
[DEBUG] Predicted solver: SMTInterpol for benchmark QF_NRA/hycomp/ball_count_2d_plain.05.seq_lazy_linear_enc_lemmas_global_11.smt2
[DEBUG] Benchmark QF_NRA/hycomp/ball_count_2d_plain.05.seq_lazy_linear_enc_lemmas_global_11.smt2: solved=True, runtime=1.00s, PAR-2=1.00s
[DEBUG] Processing 245/2482: QF_NRA/hycomp/ball_count_2d_slope.10.seq_lazy_linear_enc_global_5.smt2
[DEBUG] Predicted solver: SMTInterpol for benchmark QF_NRA/hycomp/ball_count_2d_slope.10.seq_lazy_linear_enc_global_5.smt2
[DEBUG] Benchmark QF_NRA/hycomp/ball_count_2d_slope.10.seq_lazy_linear_enc_global_5.smt2: solved=True, runtime=0.87s, PAR-2=0.87s
[DEBUG] Processing 246/2482: QF_NRA/meti-tarski/sin/problem/7/sin-problem-7-chunk-0304.smt2
[DEBUG] Predicted solver: Z3alpha for benchmark QF_NRA/meti-tarski/sin/problem/7/sin-problem-7-chunk-0304.smt2
[DEBUG] Benchmark QF_NRA/meti-tarski/sin/problem/7/sin-problem-7-chunk-0304.smt2: solved=True, runtime=0.55s, PAR-2=0.55s
[DEBUG] Processing 247/2482: QF_NRA/meti-tarski/atan/vega/3/atan-vega-3-chunk-0532.smt2
[DEBUG] Predicted solver: SMTInterpol for benchmark QF_NRA/meti-tarski/atan/vega/3/atan-vega-3-chunk-0532.smt2
[DEBUG] Benchmark QF_NRA/meti-tarski/atan/vega/3/atan-vega-3-chunk-0532.smt2: solved=True, runtime=0.44s, PAR-2=0.44s
[DEBUG] Processing 248/2482: QF_NRA/meti-tarski/sqrt/1mcosq/7/sqrt-1mcosq-7-chunk-0177.smt2
[DEBUG] Predicted solver: Z3alpha for benchmark QF_NRA/meti-tarski/sqrt/1mcosq/7/sqrt-1mcosq-7-chunk-0177.smt2
[DEBUG] Benchmark QF_NRA/meti-tarski/sqrt/1mcosq/7/sqrt-1mcosq-7-chunk-0177.smt2: solved=True, runtime=0.28s, PAR-2=0.28s
[DEBUG] Processing 249/2482: QF_NRA/meti-tarski/atan/vega/3/weak/atan-vega-3-weak-chunk-0235.smt2
[DEBUG] Predicted solver: Z3alpha for benchmark QF_NRA/meti-tarski/atan/vega/3/weak/atan-vega-3-weak-chunk-0235.smt2
[DEBUG] Benchmark QF_NRA/meti-tarski/atan/vega/3/weak/atan-vega-3-weak-chunk-0235.smt2: solved=True, runtime=0.27s, PAR-2=0.27s
[DEBUG] Processing 250/2482: QF_NRA/hycomp/ball_count_2d_hill_simple.01.seq_lazy_global_8.smt2
[DEBUG] Predicted solver: SMTInterpol for benchmark QF_NRA/hycomp/ball_count_2d_hill_simple.01.seq_lazy_global_8.smt2
[DEBUG] Benchmark QF_NRA/hycomp/ball_count_2d_hill_simple.01.seq_lazy_global_8.smt2: solved=True, runtime=0.79s, PAR-2=0.79s
[DEBUG] Processing 251/2482: QF_NRA/20161105-Sturm-MBO/mbo_E12E16.smt2
[DEBUG] Predicted solver: SMTInterpol for benchmark QF_NRA/20161105-Sturm-MBO/mbo_E12E16.smt2
[DEBUG] Benchmark QF_NRA/20161105-Sturm-MBO/mbo_E12E16.smt2: solved=True, runtime=2.44s, PAR-2=2.44s
[DEBUG] Processing 252/2482: QF_NRA/2019-ezsmt/reverseFolding/32-reverse_folding-0-0.smt2
[DEBUG] Predicted solver: Yices2 for benchmark QF_NRA/2019-ezsmt/reverseFolding/32-reverse_folding-0-0.smt2
[DEBUG] Benchmark QF_NRA/2019-ezsmt/reverseFolding/32-reverse_folding-0-0.smt2: solved=True, runtime=0.97s, PAR-2=0.97s
[DEBUG] Processing 253/2482: QF_NRA/meti-tarski/atan/problem/2/weak/atan-problem-2-weak-chunk-0213.smt2
[DEBUG] Predicted solver: Z3alpha for benchmark QF_NRA/meti-tarski/atan/problem/2/weak/atan-problem-2-weak-chunk-0213.smt2
[DEBUG] Benchmark QF_NRA/meti-tarski/atan/problem/2/weak/atan-problem-2-weak-chunk-0213.smt2: solved=True, runtime=0.27s, PAR-2=0.27s
[DEBUG] Processing 254/2482: QF_NRA/LassoRanker/Ultimate/Boulder.bpl_Iteration1_Loop_3-pieceTemplate.smt2
[DEBUG] Predicted solver: SMTInterpol for benchmark QF_NRA/LassoRanker/Ultimate/Boulder.bpl_Iteration1_Loop_3-pieceTemplate.smt2
[DEBUG] Benchmark QF_NRA/LassoRanker/Ultimate/Boulder.bpl_Iteration1_Loop_3-pieceTemplate.smt2: solved=True, runtime=0.74s, PAR-2=0.74s
[DEBUG] Processing 255/2482: QF_NRA/hycomp/ball_count_2d_hill_simple.03.redlog_global_14.smt2
[DEBUG] Predicted solver: Yices2 for benchmark QF_NRA/hycomp/ball_count_2d_hill_simple.03.redlog_global_14.smt2
[DEBUG] Benchmark QF_NRA/hycomp/ball_count_2d_hill_simple.03.redlog_global_14.smt2: solved=False, runtime=1200.00s, PAR-2=2400.00s
[DEBUG] Processing 256/2482: QF_NRA/hycomp/ball_count_1d_plain.03.seq_lazy_linear_enc_lemmas_global_12.smt2
[DEBUG] Predicted solver: SMTInterpol for benchmark QF_NRA/hycomp/ball_count_1d_plain.03.seq_lazy_linear_enc_lemmas_global_12.smt2
[DEBUG] Benchmark QF_NRA/hycomp/ball_count_1d_plain.03.seq_lazy_linear_enc_lemmas_global_12.smt2: solved=True, runtime=0.92s, PAR-2=0.92s
[DEBUG] Processing 257/2482: QF_NRA/meti-tarski/atan/vega/3/atan-vega-3-chunk-0310.smt2
[DEBUG] Predicted solver: Z3alpha for benchmark QF_NRA/meti-tarski/atan/vega/3/atan-vega-3-chunk-0310.smt2
[DEBUG] Benchmark QF_NRA/meti-tarski/atan/vega/3/atan-vega-3-chunk-0310.smt2: solved=True, runtime=0.27s, PAR-2=0.27s
[DEBUG] Processing 258/2482: QF_NRA/LassoRanker/CooperatingT2/elmhes.t2.c_Iteration6_Loop_4-pieceTemplate.smt2
[DEBUG] Predicted solver: SMTInterpol for benchmark QF_NRA/LassoRanker/CooperatingT2/elmhes.t2.c_Iteration6_Loop_4-pieceTemplate.smt2
[DEBUG] Benchmark QF_NRA/LassoRanker/CooperatingT2/elmhes.t2.c_Iteration6_Loop_4-pieceTemplate.smt2: solved=True, runtime=1.42s, PAR-2=1.42s
[DEBUG] Processing 259/2482: QF_NRA/LassoRanker/Ultimate/Collatz.bpl_Iteration1_Loop_2-lexTemplate.smt2
[DEBUG] Predicted solver: Yices2 for benchmark QF_NRA/LassoRanker/Ultimate/Collatz.bpl_Iteration1_Loop_2-lexTemplate.smt2
[DEBUG] Benchmark QF_NRA/LassoRanker/Ultimate/Collatz.bpl_Iteration1_Loop_2-lexTemplate.smt2: solved=True, runtime=47.80s, PAR-2=47.80s
[DEBUG] Processing 260/2482: QF_NRA/meti-tarski/Chua/2/VC1/U/Chua-2-VC1-U-chunk-0093.smt2
[DEBUG] Predicted solver: Z3alpha for benchmark QF_NRA/meti-tarski/Chua/2/VC1/U/Chua-2-VC1-U-chunk-0093.smt2
[DEBUG] Benchmark QF_NRA/meti-tarski/Chua/2/VC1/U/Chua-2-VC1-U-chunk-0093.smt2: solved=True, runtime=0.32s, PAR-2=0.32s
[DEBUG] Processing 261/2482: QF_NRA/meti-tarski/atan/vega/3/atan-vega-3-chunk-0449.smt2
[DEBUG] Predicted solver: Z3alpha for benchmark QF_NRA/meti-tarski/atan/vega/3/atan-vega-3-chunk-0449.smt2
[DEBUG] Benchmark QF_NRA/meti-tarski/atan/vega/3/atan-vega-3-chunk-0449.smt2: solved=True, runtime=0.40s, PAR-2=0.40s
[DEBUG] Processing 262/2482: QF_NRA/meti-tarski/atan/vega/3/weak/atan-vega-3-weak-chunk-0297.smt2
[DEBUG] Predicted solver: Z3alpha for benchmark QF_NRA/meti-tarski/atan/vega/3/weak/atan-vega-3-weak-chunk-0297.smt2
[DEBUG] Benchmark QF_NRA/meti-tarski/atan/vega/3/weak/atan-vega-3-weak-chunk-0297.smt2: solved=True, runtime=0.27s, PAR-2=0.27s
[DEBUG] Processing 263/2482: QF_NRA/meti-tarski/Chua/2/VC1/U/Chua-2-VC1-U-chunk-0107.smt2
[DEBUG] Predicted solver: Z3alpha for benchmark QF_NRA/meti-tarski/Chua/2/VC1/U/Chua-2-VC1-U-chunk-0107.smt2
[DEBUG] Benchmark QF_NRA/meti-tarski/Chua/2/VC1/U/Chua-2-VC1-U-chunk-0107.smt2: solved=True, runtime=0.27s, PAR-2=0.27s
[DEBUG] Processing 264/2482: QF_NRA/hycomp/ball_count_2d_slope.05.seq_lazy_linear_enc_lemmas_global_8.smt2
[DEBUG] Predicted solver: SMTInterpol for benchmark QF_NRA/hycomp/ball_count_2d_slope.05.seq_lazy_linear_enc_lemmas_global_8.smt2
[DEBUG] Benchmark QF_NRA/hycomp/ball_count_2d_slope.05.seq_lazy_linear_enc_lemmas_global_8.smt2: solved=True, runtime=1.14s, PAR-2=1.14s
[DEBUG] Processing 265/2482: QF_NRA/hycomp/ball_count_2d_plain.02.seq_lazy_global_13.smt2
[DEBUG] Predicted solver: SMTInterpol for benchmark QF_NRA/hycomp/ball_count_2d_plain.02.seq_lazy_global_13.smt2
[DEBUG] Benchmark QF_NRA/hycomp/ball_count_2d_plain.02.seq_lazy_global_13.smt2: solved=True, runtime=1.01s, PAR-2=1.01s
[DEBUG] Processing 266/2482: QF_NRA/20200911-Pine/1599121863243316000.smt2
[DEBUG] Predicted solver: Z3alpha for benchmark QF_NRA/20200911-Pine/1599121863243316000.smt2
[DEBUG] Benchmark QF_NRA/20200911-Pine/1599121863243316000.smt2: solved=True, runtime=0.27s, PAR-2=0.27s
[DEBUG] Processing 267/2482: QF_NRA/20220314-Uncu/Polynomial_Proof_Calls/ProveIneq_ISSAC05_Bessack_4_3.smt2
[DEBUG] Predicted solver: Z3alpha for benchmark QF_NRA/20220314-Uncu/Polynomial_Proof_Calls/ProveIneq_ISSAC05_Bessack_4_3.smt2
[DEBUG] Benchmark QF_NRA/20220314-Uncu/Polynomial_Proof_Calls/ProveIneq_ISSAC05_Bessack_4_3.smt2: solved=True, runtime=0.27s, PAR-2=0.27s
[DEBUG] Processing 268/2482: QF_NRA/20180501-Economics-Mulligan/MulliganEconomicsModel0082c.smt2
[DEBUG] Predicted solver: SMTInterpol for benchmark QF_NRA/20180501-Economics-Mulligan/MulliganEconomicsModel0082c.smt2
[DEBUG] Benchmark QF_NRA/20180501-Economics-Mulligan/MulliganEconomicsModel0082c.smt2: solved=True, runtime=0.44s, PAR-2=0.44s
[DEBUG] Processing 269/2482: QF_NRA/meti-tarski/Nichols-Plot/Inverted-Pendulum/Nichols-Plot-Inverted-Pendulum-Fails-1-6-chunk-0176.smt2
[DEBUG] Predicted solver: Z3alpha for benchmark QF_NRA/meti-tarski/Nichols-Plot/Inverted-Pendulum/Nichols-Plot-Inverted-Pendulum-Fails-1-6-chunk-0176.smt2
[DEBUG] Benchmark QF_NRA/meti-tarski/Nichols-Plot/Inverted-Pendulum/Nichols-Plot-Inverted-Pendulum-Fails-1-6-chunk-0176.smt2: solved=True, runtime=0.32s, PAR-2=0.32s
[DEBUG] Processing 270/2482: QF_NRA/hycomp/etcs_braking_2.01.seq_lazy_lemmas_global_6.smt2
[DEBUG] Predicted solver: SMTInterpol for benchmark QF_NRA/hycomp/etcs_braking_2.01.seq_lazy_lemmas_global_6.smt2
[DEBUG] Benchmark QF_NRA/hycomp/etcs_braking_2.01.seq_lazy_lemmas_global_6.smt2: solved=True, runtime=1.38s, PAR-2=1.38s
[DEBUG] Processing 271/2482: QF_NRA/meti-tarski/atan/problem/2/weak2/atan-problem-2-weak2-chunk-0128.smt2
[DEBUG] Predicted solver: Z3alpha for benchmark QF_NRA/meti-tarski/atan/problem/2/weak2/atan-problem-2-weak2-chunk-0128.smt2
[DEBUG] Benchmark QF_NRA/meti-tarski/atan/problem/2/weak2/atan-problem-2-weak2-chunk-0128.smt2: solved=True, runtime=0.28s, PAR-2=0.28s
[DEBUG] Processing 272/2482: QF_NRA/hycomp/ball_count_1d_plain.10.redlog_global_15.smt2
[DEBUG] Predicted solver: Yices2 for benchmark QF_NRA/hycomp/ball_count_1d_plain.10.redlog_global_15.smt2
[DEBUG] Benchmark QF_NRA/hycomp/ball_count_1d_plain.10.redlog_global_15.smt2: solved=True, runtime=0.23s, PAR-2=0.23s
[DEBUG] Processing 273/2482: QF_NRA/meti-tarski/Chua/2/VC1/U/Chua-2-VC1-U-chunk-0084.smt2
[DEBUG] Predicted solver: Z3alpha for benchmark QF_NRA/meti-tarski/Chua/2/VC1/U/Chua-2-VC1-U-chunk-0084.smt2
[DEBUG] Benchmark QF_NRA/meti-tarski/Chua/2/VC1/U/Chua-2-VC1-U-chunk-0084.smt2: solved=True, runtime=0.31s, PAR-2=0.31s
[DEBUG] Processing 274/2482: QF_NRA/LassoRanker/Ultimate/SantaBarbara02.bpl_Iteration1_Lasso_2-pieceTemplate.smt2
[DEBUG] Predicted solver: SMTInterpol for benchmark QF_NRA/LassoRanker/Ultimate/SantaBarbara02.bpl_Iteration1_Lasso_2-pieceTemplate.smt2
[DEBUG] Benchmark QF_NRA/LassoRanker/Ultimate/SantaBarbara02.bpl_Iteration1_Lasso_2-pieceTemplate.smt2: solved=True, runtime=0.62s, PAR-2=0.62s
[DEBUG] Processing 275/2482: QF_NRA/meti-tarski/polypaver/bench-sqrt-3d/polypaver-bench-sqrt-3d-chunk-0263.smt2
[DEBUG] Predicted solver: Z3alpha for benchmark QF_NRA/meti-tarski/polypaver/bench-sqrt-3d/polypaver-bench-sqrt-3d-chunk-0263.smt2
[DEBUG] Benchmark QF_NRA/meti-tarski/polypaver/bench-sqrt-3d/polypaver-bench-sqrt-3d-chunk-0263.smt2: solved=True, runtime=0.27s, PAR-2=0.27s
[DEBUG] Processing 276/2482: QF_NRA/zankl/matrix-1-all-46.smt2
[DEBUG] Predicted solver: SMTInterpol for benchmark QF_NRA/zankl/matrix-1-all-46.smt2
[DEBUG] Benchmark QF_NRA/zankl/matrix-1-all-46.smt2: solved=True, runtime=0.71s, PAR-2=0.71s
[DEBUG] Processing 277/2482: QF_NRA/meti-tarski/polypaver/bench-sqrt-3d/polypaver-bench-sqrt-3d-chunk-0515.smt2
[DEBUG] Predicted solver: Z3alpha for benchmark QF_NRA/meti-tarski/polypaver/bench-sqrt-3d/polypaver-bench-sqrt-3d-chunk-0515.smt2
[DEBUG] Benchmark QF_NRA/meti-tarski/polypaver/bench-sqrt-3d/polypaver-bench-sqrt-3d-chunk-0515.smt2: solved=True, runtime=0.27s, PAR-2=0.27s
[DEBUG] Processing 278/2482: QF_NRA/20161105-Sturm-MBO/mbo_E14E20.smt2
[DEBUG] Predicted solver: SMTInterpol for benchmark QF_NRA/20161105-Sturm-MBO/mbo_E14E20.smt2
[DEBUG] Benchmark QF_NRA/20161105-Sturm-MBO/mbo_E14E20.smt2: solved=True, runtime=2.01s, PAR-2=2.01s
[DEBUG] Processing 279/2482: QF_NRA/meti-tarski/atan/vega/3/atan-vega-3-chunk-0298.smt2
[DEBUG] Predicted solver: Z3alpha for benchmark QF_NRA/meti-tarski/atan/vega/3/atan-vega-3-chunk-0298.smt2
[DEBUG] Benchmark QF_NRA/meti-tarski/atan/vega/3/atan-vega-3-chunk-0298.smt2: solved=True, runtime=0.27s, PAR-2=0.27s
[DEBUG] Processing 280/2482: QF_NRA/meti-tarski/sqrt/1mcosq/8/sqrt-1mcosq-8-chunk-0521.smt2
[DEBUG] Predicted solver: Z3alpha for benchmark QF_NRA/meti-tarski/sqrt/1mcosq/8/sqrt-1mcosq-8-chunk-0521.smt2
[DEBUG] Benchmark QF_NRA/meti-tarski/sqrt/1mcosq/8/sqrt-1mcosq-8-chunk-0521.smt2: solved=True, runtime=0.27s, PAR-2=0.27s
[DEBUG] Processing 281/2482: QF_NRA/meti-tarski/exp/problem/10/2/exp-problem-10-2-chunk-0391.smt2
[DEBUG] Predicted solver: Z3alpha for benchmark QF_NRA/meti-tarski/exp/problem/10/2/exp-problem-10-2-chunk-0391.smt2
[DEBUG] Benchmark QF_NRA/meti-tarski/exp/problem/10/2/exp-problem-10-2-chunk-0391.smt2: solved=True, runtime=0.27s, PAR-2=0.27s
[DEBUG] Processing 282/2482: QF_NRA/hycomp/etcs_braking_2.01.redlog_global_2.smt2
[DEBUG] Predicted solver: SMTInterpol for benchmark QF_NRA/hycomp/etcs_braking_2.01.redlog_global_2.smt2
[DEBUG] Benchmark QF_NRA/hycomp/etcs_braking_2.01.redlog_global_2.smt2: solved=True, runtime=0.94s, PAR-2=0.94s
[DEBUG] Processing 283/2482: QF_NRA/meti-tarski/atan/problem/2/weak/atan-problem-2-weak-chunk-0048.smt2
[DEBUG] Predicted solver: Z3alpha for benchmark QF_NRA/meti-tarski/atan/problem/2/weak/atan-problem-2-weak-chunk-0048.smt2
[DEBUG] Benchmark QF_NRA/meti-tarski/atan/problem/2/weak/atan-problem-2-weak-chunk-0048.smt2: solved=True, runtime=0.27s, PAR-2=0.27s
[DEBUG] Processing 284/2482: QF_NRA/meti-tarski/exp/problem/10/3/weak/exp-problem-10-3-weak-chunk-0218.smt2
[DEBUG] Predicted solver: Z3alpha for benchmark QF_NRA/meti-tarski/exp/problem/10/3/weak/exp-problem-10-3-weak-chunk-0218.smt2
[DEBUG] Benchmark QF_NRA/meti-tarski/exp/problem/10/3/weak/exp-problem-10-3-weak-chunk-0218.smt2: solved=True, runtime=0.30s, PAR-2=0.30s
[DEBUG] Processing 285/2482: QF_NRA/hycomp/ball_count_1d_plain.01.seq_lazy_lemmas_global_14.smt2
[DEBUG] Predicted solver: SMTInterpol for benchmark QF_NRA/hycomp/ball_count_1d_plain.01.seq_lazy_lemmas_global_14.smt2
[DEBUG] Benchmark QF_NRA/hycomp/ball_count_1d_plain.01.seq_lazy_lemmas_global_14.smt2: solved=True, runtime=0.98s, PAR-2=0.98s
[DEBUG] Processing 286/2482: QF_NRA/hycomp/ball_count_1d_plain.10.seq_lazy_global_8.smt2
[DEBUG] Predicted solver: SMTInterpol for benchmark QF_NRA/hycomp/ball_count_1d_plain.10.seq_lazy_global_8.smt2
[DEBUG] Benchmark QF_NRA/hycomp/ball_count_1d_plain.10.seq_lazy_global_8.smt2: solved=True, runtime=0.89s, PAR-2=0.89s
[DEBUG] Processing 287/2482: QF_NRA/20200911-Pine/1599121903279162000.smt2
[DEBUG] Predicted solver: Z3alpha for benchmark QF_NRA/20200911-Pine/1599121903279162000.smt2
[DEBUG] Benchmark QF_NRA/20200911-Pine/1599121903279162000.smt2: solved=True, runtime=0.29s, PAR-2=0.29s
[DEBUG] Processing 288/2482: QF_NRA/meti-tarski/exp/problem/10/2/exp-problem-10-2-chunk-0374.smt2
[DEBUG] Predicted solver: Z3alpha for benchmark QF_NRA/meti-tarski/exp/problem/10/2/exp-problem-10-2-chunk-0374.smt2
[DEBUG] Benchmark QF_NRA/meti-tarski/exp/problem/10/2/exp-problem-10-2-chunk-0374.smt2: solved=True, runtime=0.27s, PAR-2=0.27s
[DEBUG] Processing 289/2482: QF_NRA/meti-tarski/sin/problem/7/weak/sin-problem-7-weak-chunk-0129.smt2
[DEBUG] Predicted solver: Z3alpha for benchmark QF_NRA/meti-tarski/sin/problem/7/weak/sin-problem-7-weak-chunk-0129.smt2
[DEBUG] Benchmark QF_NRA/meti-tarski/sin/problem/7/weak/sin-problem-7-weak-chunk-0129.smt2: solved=True, runtime=0.27s, PAR-2=0.27s
[DEBUG] Processing 290/2482: QF_NRA/meti-tarski/exp/problem/10/2/exp-problem-10-2-chunk-0180.smt2
[DEBUG] Predicted solver: Z3alpha for benchmark QF_NRA/meti-tarski/exp/problem/10/2/exp-problem-10-2-chunk-0180.smt2
[DEBUG] Benchmark QF_NRA/meti-tarski/exp/problem/10/2/exp-problem-10-2-chunk-0180.smt2: solved=True, runtime=0.30s, PAR-2=0.30s
[DEBUG] Processing 291/2482: QF_NRA/20180501-Economics-Mulligan/MulliganEconomicsModel0084e.smt2
[DEBUG] Predicted solver: Yices2 for benchmark QF_NRA/20180501-Economics-Mulligan/MulliganEconomicsModel0084e.smt2
[DEBUG] Benchmark QF_NRA/20180501-Economics-Mulligan/MulliganEconomicsModel0084e.smt2: solved=True, runtime=0.22s, PAR-2=0.22s
[DEBUG] Processing 292/2482: QF_NRA/hycomp/ball_count_2d_plain.10.seq_lazy_linear_enc_lemmas_global_10.smt2
[DEBUG] Predicted solver: SMTInterpol for benchmark QF_NRA/hycomp/ball_count_2d_plain.10.seq_lazy_linear_enc_lemmas_global_10.smt2
[DEBUG] Benchmark QF_NRA/hycomp/ball_count_2d_plain.10.seq_lazy_linear_enc_lemmas_global_10.smt2: solved=True, runtime=1.03s, PAR-2=1.03s
[DEBUG] Processing 293/2482: QF_NRA/hycomp/etcs_braking_2.01.qfree_global_13.smt2
[DEBUG] Predicted solver: SMTInterpol for benchmark QF_NRA/hycomp/etcs_braking_2.01.qfree_global_13.smt2
[DEBUG] Benchmark QF_NRA/hycomp/etcs_braking_2.01.qfree_global_13.smt2: solved=True, runtime=1.67s, PAR-2=1.67s
[DEBUG] Processing 294/2482: QF_NRA/20161105-Sturm-MBO/mbo_E7E8.smt2
[DEBUG] Predicted solver: SMTInterpol for benchmark QF_NRA/20161105-Sturm-MBO/mbo_E7E8.smt2
[DEBUG] Benchmark QF_NRA/20161105-Sturm-MBO/mbo_E7E8.smt2: solved=True, runtime=1.74s, PAR-2=1.74s
[DEBUG] Processing 295/2482: QF_NRA/hycomp/ball_count_2d_hill_simple.04.seq_lazy_lemmas_global_10.smt2
[DEBUG] Predicted solver: SMTInterpol for benchmark QF_NRA/hycomp/ball_count_2d_hill_simple.04.seq_lazy_lemmas_global_10.smt2
[DEBUG] Benchmark QF_NRA/hycomp/ball_count_2d_hill_simple.04.seq_lazy_lemmas_global_10.smt2: solved=True, runtime=1.11s, PAR-2=1.11s
[DEBUG] Processing 296/2482: QF_NRA/meti-tarski/Chua/1/VC2/U/Chua-1-VC2-U-chunk-0036.smt2
[DEBUG] Predicted solver: Z3alpha for benchmark QF_NRA/meti-tarski/Chua/1/VC2/U/Chua-1-VC2-U-chunk-0036.smt2
[DEBUG] Benchmark QF_NRA/meti-tarski/Chua/1/VC2/U/Chua-1-VC2-U-chunk-0036.smt2: solved=True, runtime=0.26s, PAR-2=0.26s
[DEBUG] Processing 297/2482: QF_NRA/LassoRanker/Ultimate/MultiPhase1.bpl_Iteration1_Lasso_4-pieceTemplate.smt2
[DEBUG] Predicted solver: SMTInterpol for benchmark QF_NRA/LassoRanker/Ultimate/MultiPhase1.bpl_Iteration1_Lasso_4-pieceTemplate.smt2
[DEBUG] Benchmark QF_NRA/LassoRanker/Ultimate/MultiPhase1.bpl_Iteration1_Lasso_4-pieceTemplate.smt2: solved=True, runtime=1.01s, PAR-2=1.01s
[DEBUG] Processing 298/2482: QF_NRA/LassoRanker/Ultimate/BenAmram-2010LMCS-Ex2.3.bpl_Iteration1_Loop_3-pieceTemplate.smt2
[DEBUG] Predicted solver: SMTInterpol for benchmark QF_NRA/LassoRanker/Ultimate/BenAmram-2010LMCS-Ex2.3.bpl_Iteration1_Loop_3-pieceTemplate.smt2
[DEBUG] Benchmark QF_NRA/LassoRanker/Ultimate/BenAmram-2010LMCS-Ex2.3.bpl_Iteration1_Loop_3-pieceTemplate.smt2: solved=True, runtime=2.16s, PAR-2=2.16s
[DEBUG] Processing 299/2482: QF_NRA/20170501-Heizmann-UltimateInvariantSynthesis/count_by_k.i_3_3_2.bpl_5.smt2
[DEBUG] Predicted solver: Yices2 for benchmark QF_NRA/20170501-Heizmann-UltimateInvariantSynthesis/count_by_k.i_3_3_2.bpl_5.smt2
[DEBUG] Benchmark QF_NRA/20170501-Heizmann-UltimateInvariantSynthesis/count_by_k.i_3_3_2.bpl_5.smt2: solved=False, runtime=1200.00s, PAR-2=2400.00s
[DEBUG] Processing 300/2482: QF_NRA/LassoRanker/CooperatingT2/loop_on_input.t2.c_Iteration1_Loop_4-pieceTemplate.smt2
[DEBUG] Predicted solver: SMTInterpol for benchmark QF_NRA/LassoRanker/CooperatingT2/loop_on_input.t2.c_Iteration1_Loop_4-pieceTemplate.smt2
[DEBUG] Benchmark QF_NRA/LassoRanker/CooperatingT2/loop_on_input.t2.c_Iteration1_Loop_4-pieceTemplate.smt2: solved=True, runtime=1.40s, PAR-2=1.40s
[DEBUG] Processing 301/2482: QF_NRA/meti-tarski/atan/vega/3/weak/atan-vega-3-weak-chunk-0138.smt2
[DEBUG] Predicted solver: Z3alpha for benchmark QF_NRA/meti-tarski/atan/vega/3/weak/atan-vega-3-weak-chunk-0138.smt2
[DEBUG] Benchmark QF_NRA/meti-tarski/atan/vega/3/weak/atan-vega-3-weak-chunk-0138.smt2: solved=True, runtime=0.29s, PAR-2=0.29s
[DEBUG] Processing 302/2482: QF_NRA/meti-tarski/atan/problem/2/weakT/atan-problem-2-weakT-chunk-0008.smt2
[DEBUG] Predicted solver: Z3alpha for benchmark QF_NRA/meti-tarski/atan/problem/2/weakT/atan-problem-2-weakT-chunk-0008.smt2
[DEBUG] Benchmark QF_NRA/meti-tarski/atan/problem/2/weakT/atan-problem-2-weakT-chunk-0008.smt2: solved=True, runtime=0.27s, PAR-2=0.27s
[DEBUG] Processing 303/2482: QF_NRA/meti-tarski/atan/vega/3/weak/atan-vega-3-weak-chunk-0234.smt2
[DEBUG] Predicted solver: Z3alpha for benchmark QF_NRA/meti-tarski/atan/vega/3/weak/atan-vega-3-weak-chunk-0234.smt2
[DEBUG] Benchmark QF_NRA/meti-tarski/atan/vega/3/weak/atan-vega-3-weak-chunk-0234.smt2: solved=True, runtime=0.27s, PAR-2=0.27s
[DEBUG] Processing 304/2482: QF_NRA/meti-tarski/sin/problem/7/weak/sin-problem-7-weak-chunk-0138.smt2
[DEBUG] Predicted solver: Z3alpha for benchmark QF_NRA/meti-tarski/sin/problem/7/weak/sin-problem-7-weak-chunk-0138.smt2
[DEBUG] Benchmark QF_NRA/meti-tarski/sin/problem/7/weak/sin-problem-7-weak-chunk-0138.smt2: solved=True, runtime=0.27s, PAR-2=0.27s
[DEBUG] Processing 305/2482: QF_NRA/hycomp/ball_count_2d_slope.04.seq_lazy_linear_enc_global_10.smt2
[DEBUG] Predicted solver: SMTInterpol for benchmark QF_NRA/hycomp/ball_count_2d_slope.04.seq_lazy_linear_enc_global_10.smt2
[DEBUG] Benchmark QF_NRA/hycomp/ball_count_2d_slope.04.seq_lazy_linear_enc_global_10.smt2: solved=True, runtime=1.03s, PAR-2=1.03s
[DEBUG] Processing 306/2482: QF_NRA/2019-ezsmt/reverseFolding/07-reverse_folding-0-0.smt2
[DEBUG] Predicted solver: Yices2 for benchmark QF_NRA/2019-ezsmt/reverseFolding/07-reverse_folding-0-0.smt2
[DEBUG] Benchmark QF_NRA/2019-ezsmt/reverseFolding/07-reverse_folding-0-0.smt2: solved=True, runtime=0.31s, PAR-2=0.31s
[DEBUG] Processing 307/2482: QF_NRA/hycomp/ball_count_2d_plain.04.seq_lazy_linear_enc_lemmas_global_10.smt2
[DEBUG] Predicted solver: SMTInterpol for benchmark QF_NRA/hycomp/ball_count_2d_plain.04.seq_lazy_linear_enc_lemmas_global_10.smt2
[DEBUG] Benchmark QF_NRA/hycomp/ball_count_2d_plain.04.seq_lazy_linear_enc_lemmas_global_10.smt2: solved=True, runtime=0.89s, PAR-2=0.89s
[DEBUG] Processing 308/2482: QF_NRA/20211101-Geogebra/Triangle-Bottema1_6.smt2
[DEBUG] Predicted solver: SMTInterpol for benchmark QF_NRA/20211101-Geogebra/Triangle-Bottema1_6.smt2
[DEBUG] Benchmark QF_NRA/20211101-Geogebra/Triangle-Bottema1_6.smt2: solved=True, runtime=0.42s, PAR-2=0.42s
[DEBUG] Processing 309/2482: QF_NRA/hycomp/ball_count_2d_plain.04.seq_lazy_linear_enc_lemmas_global_6.smt2
[DEBUG] Predicted solver: SMTInterpol for benchmark QF_NRA/hycomp/ball_count_2d_plain.04.seq_lazy_linear_enc_lemmas_global_6.smt2
[DEBUG] Benchmark QF_NRA/hycomp/ball_count_2d_plain.04.seq_lazy_linear_enc_lemmas_global_6.smt2: solved=True, runtime=0.92s, PAR-2=0.92s
[DEBUG] Processing 310/2482: QF_NRA/meti-tarski/sin/problem/7/weak/sin-problem-7-weak-chunk-0160.smt2
[DEBUG] Predicted solver: Z3alpha for benchmark QF_NRA/meti-tarski/sin/problem/7/weak/sin-problem-7-weak-chunk-0160.smt2
[DEBUG] Benchmark QF_NRA/meti-tarski/sin/problem/7/weak/sin-problem-7-weak-chunk-0160.smt2: solved=True, runtime=0.27s, PAR-2=0.27s
[DEBUG] Processing 311/2482: QF_NRA/LassoRanker/Ultimate/yPositive-SIscaled100.bpl_Iteration1_Loop_6-phaseTemplate.smt2
[DEBUG] Predicted solver: SMTInterpol for benchmark QF_NRA/LassoRanker/Ultimate/yPositive-SIscaled100.bpl_Iteration1_Loop_6-phaseTemplate.smt2
[DEBUG] Benchmark QF_NRA/LassoRanker/Ultimate/yPositive-SIscaled100.bpl_Iteration1_Loop_6-phaseTemplate.smt2: solved=True, runtime=2.15s, PAR-2=2.15s
[DEBUG] Processing 312/2482: QF_NRA/zankl/matrix-1-all-01.smt2
[DEBUG] Predicted solver: SMTInterpol for benchmark QF_NRA/zankl/matrix-1-all-01.smt2
[DEBUG] Benchmark QF_NRA/zankl/matrix-1-all-01.smt2: solved=True, runtime=0.45s, PAR-2=0.45s
[DEBUG] Processing 313/2482: QF_NRA/meti-tarski/sqrt/1mcosq/8/sqrt-1mcosq-8-chunk-0171.smt2
[DEBUG] Predicted solver: Z3alpha for benchmark QF_NRA/meti-tarski/sqrt/1mcosq/8/sqrt-1mcosq-8-chunk-0171.smt2
[DEBUG] Benchmark QF_NRA/meti-tarski/sqrt/1mcosq/8/sqrt-1mcosq-8-chunk-0171.smt2: solved=True, runtime=0.31s, PAR-2=0.31s
[DEBUG] Processing 314/2482: QF_NRA/hycomp/ball_count_1d_plain.02.seq_lazy_linear_enc_lemmas_global_13.smt2
[DEBUG] Predicted solver: SMTInterpol for benchmark QF_NRA/hycomp/ball_count_1d_plain.02.seq_lazy_linear_enc_lemmas_global_13.smt2
[DEBUG] Benchmark QF_NRA/hycomp/ball_count_1d_plain.02.seq_lazy_linear_enc_lemmas_global_13.smt2: solved=True, runtime=1.01s, PAR-2=1.01s
[DEBUG] Processing 315/2482: QF_NRA/hycomp/ball_count_2d_hill.01.seq_lazy_global_15.smt2
[DEBUG] Predicted solver: SMTInterpol for benchmark QF_NRA/hycomp/ball_count_2d_hill.01.seq_lazy_global_15.smt2
[DEBUG] Benchmark QF_NRA/hycomp/ball_count_2d_hill.01.seq_lazy_global_15.smt2: solved=True, runtime=1.24s, PAR-2=1.24s
[DEBUG] Processing 316/2482: QF_NRA/LassoRanker/SV-COMP/LeeJonesBen-Amram-2001POPL-Ex4_true-termination.c_Iteration2_Loop_3-pieceTemplate.smt2
[DEBUG] Predicted solver: SMTInterpol for benchmark QF_NRA/LassoRanker/SV-COMP/LeeJonesBen-Amram-2001POPL-Ex4_true-termination.c_Iteration2_Loop_3-pieceTemplate.smt2
[DEBUG] Benchmark QF_NRA/LassoRanker/SV-COMP/LeeJonesBen-Amram-2001POPL-Ex4_true-termination.c_Iteration2_Loop_3-pieceTemplate.smt2: solved=True, runtime=0.88s, PAR-2=0.88s
[DEBUG] Processing 317/2482: QF_NRA/LassoRanker/SV-COMP/Toulouse-BranchesToLoop_true-termination.c_Iteration1_Lasso_3-pieceTemplate.smt2
[DEBUG] Predicted solver: SMTInterpol for benchmark QF_NRA/LassoRanker/SV-COMP/Toulouse-BranchesToLoop_true-termination.c_Iteration1_Lasso_3-pieceTemplate.smt2
[DEBUG] Benchmark QF_NRA/LassoRanker/SV-COMP/Toulouse-BranchesToLoop_true-termination.c_Iteration1_Lasso_3-pieceTemplate.smt2: solved=True, runtime=0.84s, PAR-2=0.84s
[DEBUG] Processing 318/2482: QF_NRA/LassoRanker/SV-COMP/LeeJonesBen-Amram-2001POPL-Ex2_true-termination.c_Iteration1_Loop_5-phaseTemplate.smt2
[DEBUG] Predicted solver: SMTInterpol for benchmark QF_NRA/LassoRanker/SV-COMP/LeeJonesBen-Amram-2001POPL-Ex2_true-termination.c_Iteration1_Loop_5-phaseTemplate.smt2
[DEBUG] Benchmark QF_NRA/LassoRanker/SV-COMP/LeeJonesBen-Amram-2001POPL-Ex2_true-termination.c_Iteration1_Loop_5-phaseTemplate.smt2: solved=True, runtime=0.91s, PAR-2=0.91s
[DEBUG] Processing 319/2482: QF_NRA/hycomp/ball_count_2d_hill_simple.04.redlog_global_13.smt2
[DEBUG] Predicted solver: Yices2 for benchmark QF_NRA/hycomp/ball_count_2d_hill_simple.04.redlog_global_13.smt2
[DEBUG] Benchmark QF_NRA/hycomp/ball_count_2d_hill_simple.04.redlog_global_13.smt2: solved=True, runtime=0.23s, PAR-2=0.23s
[DEBUG] Processing 320/2482: QF_NRA/20211101-Geogebra/RegHeptagon-Diagonal_Side.smt2
[DEBUG] Predicted solver: SMTInterpol for benchmark QF_NRA/20211101-Geogebra/RegHeptagon-Diagonal_Side.smt2
[DEBUG] Benchmark QF_NRA/20211101-Geogebra/RegHeptagon-Diagonal_Side.smt2: solved=True, runtime=0.43s, PAR-2=0.43s
[DEBUG] Processing 321/2482: QF_NRA/20200911-Pine/1599122166437928000.smt2
[DEBUG] Predicted solver: Z3alpha for benchmark QF_NRA/20200911-Pine/1599122166437928000.smt2
[DEBUG] Benchmark QF_NRA/20200911-Pine/1599122166437928000.smt2: solved=True, runtime=0.29s, PAR-2=0.29s
[DEBUG] Processing 322/2482: QF_NRA/meti-tarski/atan/vega/3/atan-vega-3-chunk-0462.smt2
[DEBUG] Predicted solver: Z3alpha for benchmark QF_NRA/meti-tarski/atan/vega/3/atan-vega-3-chunk-0462.smt2
[DEBUG] Benchmark QF_NRA/meti-tarski/atan/vega/3/atan-vega-3-chunk-0462.smt2: solved=True, runtime=0.30s, PAR-2=0.30s
[DEBUG] Processing 323/2482: QF_NRA/meti-tarski/atan/vega/3/weak/atan-vega-3-weak-chunk-0383.smt2
[DEBUG] Predicted solver: Z3alpha for benchmark QF_NRA/meti-tarski/atan/vega/3/weak/atan-vega-3-weak-chunk-0383.smt2
[DEBUG] Benchmark QF_NRA/meti-tarski/atan/vega/3/weak/atan-vega-3-weak-chunk-0383.smt2: solved=True, runtime=0.27s, PAR-2=0.27s
[DEBUG] Processing 324/2482: QF_NRA/hycomp/ball_count_2d_plain.02.seq_lazy_global_6.smt2
[DEBUG] Predicted solver: SMTInterpol for benchmark QF_NRA/hycomp/ball_count_2d_plain.02.seq_lazy_global_6.smt2
[DEBUG] Benchmark QF_NRA/hycomp/ball_count_2d_plain.02.seq_lazy_global_6.smt2: solved=True, runtime=0.72s, PAR-2=0.72s
[DEBUG] Processing 325/2482: QF_NRA/meti-tarski/atan/vega/3/weak/atan-vega-3-weak-chunk-0133.smt2
[DEBUG] Predicted solver: Z3alpha for benchmark QF_NRA/meti-tarski/atan/vega/3/weak/atan-vega-3-weak-chunk-0133.smt2
[DEBUG] Benchmark QF_NRA/meti-tarski/atan/vega/3/weak/atan-vega-3-weak-chunk-0133.smt2: solved=True, runtime=0.27s, PAR-2=0.27s
[DEBUG] Processing 326/2482: QF_NRA/meti-tarski/sin/problem/7/sin-problem-7-chunk-0277.smt2
[DEBUG] Predicted solver: Z3alpha for benchmark QF_NRA/meti-tarski/sin/problem/7/sin-problem-7-chunk-0277.smt2
[DEBUG] Benchmark QF_NRA/meti-tarski/sin/problem/7/sin-problem-7-chunk-0277.smt2: solved=True, runtime=0.27s, PAR-2=0.27s
[DEBUG] Processing 327/2482: QF_NRA/meti-tarski/sqrt/1mcosq/8/sqrt-1mcosq-8-chunk-0251.smt2
[DEBUG] Predicted solver: Z3alpha for benchmark QF_NRA/meti-tarski/sqrt/1mcosq/8/sqrt-1mcosq-8-chunk-0251.smt2
[DEBUG] Benchmark QF_NRA/meti-tarski/sqrt/1mcosq/8/sqrt-1mcosq-8-chunk-0251.smt2: solved=True, runtime=0.32s, PAR-2=0.32s
[DEBUG] Processing 328/2482: QF_NRA/meti-tarski/atan/problem/2/weak/atan-problem-2-weak-chunk-0043.smt2
[DEBUG] Predicted solver: Z3alpha for benchmark QF_NRA/meti-tarski/atan/problem/2/weak/atan-problem-2-weak-chunk-0043.smt2
[DEBUG] Benchmark QF_NRA/meti-tarski/atan/problem/2/weak/atan-problem-2-weak-chunk-0043.smt2: solved=True, runtime=0.27s, PAR-2=0.27s
[DEBUG] Processing 329/2482: QF_NRA/20161105-Sturm-MBO/mbo_E3E28.smt2
[DEBUG] Predicted solver: SMTInterpol for benchmark QF_NRA/20161105-Sturm-MBO/mbo_E3E28.smt2
[DEBUG] Benchmark QF_NRA/20161105-Sturm-MBO/mbo_E3E28.smt2: solved=True, runtime=2.28s, PAR-2=2.28s
[DEBUG] Processing 330/2482: QF_NRA/LassoRanker/CooperatingT2/polyrank7.t2.c_Iteration1_Lasso_6-phaseTemplate.smt2
[DEBUG] Predicted solver: SMTInterpol for benchmark QF_NRA/LassoRanker/CooperatingT2/polyrank7.t2.c_Iteration1_Lasso_6-phaseTemplate.smt2
[DEBUG] Benchmark QF_NRA/LassoRanker/CooperatingT2/polyrank7.t2.c_Iteration1_Lasso_6-phaseTemplate.smt2: solved=True, runtime=0.71s, PAR-2=0.71s
[DEBUG] Processing 331/2482: QF_NRA/LassoRanker/SV-COMP/aviad_true-termination.c_Iteration1_Loop_7-nestedTemplate.smt2
[DEBUG] Predicted solver: Z3alpha for benchmark QF_NRA/LassoRanker/SV-COMP/aviad_true-termination.c_Iteration1_Loop_7-nestedTemplate.smt2
[DEBUG] Benchmark QF_NRA/LassoRanker/SV-COMP/aviad_true-termination.c_Iteration1_Loop_7-nestedTemplate.smt2: solved=True, runtime=160.68s, PAR-2=160.68s
[DEBUG] Processing 332/2482: QF_NRA/20161105-Sturm-MBO/mbo_E8.smt2
[DEBUG] Predicted solver: SMTInterpol for benchmark QF_NRA/20161105-Sturm-MBO/mbo_E8.smt2
[DEBUG] Benchmark QF_NRA/20161105-Sturm-MBO/mbo_E8.smt2: solved=True, runtime=0.77s, PAR-2=0.77s
[DEBUG] Processing 333/2482: QF_NRA/meti-tarski/atan/problem/2/weak2/atan-problem-2-weak2-chunk-0130.smt2
[DEBUG] Predicted solver: Z3alpha for benchmark QF_NRA/meti-tarski/atan/problem/2/weak2/atan-problem-2-weak2-chunk-0130.smt2
[DEBUG] Benchmark QF_NRA/meti-tarski/atan/problem/2/weak2/atan-problem-2-weak2-chunk-0130.smt2: solved=True, runtime=0.29s, PAR-2=0.29s
[DEBUG] Processing 334/2482: QF_NRA/hycomp/ball_count_2d_hill.05.seq_lazy_linear_enc_lemmas_global_7.smt2
[DEBUG] Predicted solver: SMTInterpol for benchmark QF_NRA/hycomp/ball_count_2d_hill.05.seq_lazy_linear_enc_lemmas_global_7.smt2
[DEBUG] Benchmark QF_NRA/hycomp/ball_count_2d_hill.05.seq_lazy_linear_enc_lemmas_global_7.smt2: solved=True, runtime=0.99s, PAR-2=0.99s
[DEBUG] Processing 335/2482: QF_NRA/meti-tarski/sin/problem/7/weak/sin-problem-7-weak-chunk-0127.smt2
[DEBUG] Predicted solver: Z3alpha for benchmark QF_NRA/meti-tarski/sin/problem/7/weak/sin-problem-7-weak-chunk-0127.smt2
[DEBUG] Benchmark QF_NRA/meti-tarski/sin/problem/7/weak/sin-problem-7-weak-chunk-0127.smt2: solved=True, runtime=0.35s, PAR-2=0.35s
[DEBUG] Processing 336/2482: QF_NRA/meti-tarski/atan/vega/3/atan-vega-3-chunk-0355.smt2
[DEBUG] Predicted solver: Z3alpha for benchmark QF_NRA/meti-tarski/atan/vega/3/atan-vega-3-chunk-0355.smt2
[DEBUG] Benchmark QF_NRA/meti-tarski/atan/vega/3/atan-vega-3-chunk-0355.smt2: solved=True, runtime=0.27s, PAR-2=0.27s
[DEBUG] Processing 337/2482: QF_NRA/hycomp/ball_count_2d_slope.02.seq_lazy_global_13.smt2
[DEBUG] Predicted solver: SMTInterpol for benchmark QF_NRA/hycomp/ball_count_2d_slope.02.seq_lazy_global_13.smt2
[DEBUG] Benchmark QF_NRA/hycomp/ball_count_2d_slope.02.seq_lazy_global_13.smt2: solved=True, runtime=1.34s, PAR-2=1.34s
[DEBUG] Processing 338/2482: QF_NRA/LassoRanker/Ultimate/Collatz.bpl_Iteration1_Lasso_5-nestedTemplate.smt2
[DEBUG] Predicted solver: Z3alpha for benchmark QF_NRA/LassoRanker/Ultimate/Collatz.bpl_Iteration1_Lasso_5-nestedTemplate.smt2
[DEBUG] Benchmark QF_NRA/LassoRanker/Ultimate/Collatz.bpl_Iteration1_Lasso_5-nestedTemplate.smt2: solved=True, runtime=37.52s, PAR-2=37.52s
[DEBUG] Processing 339/2482: QF_NRA/20211101-Geogebra/RegPentagon-Diagonal_Side.smt2
[DEBUG] Predicted solver: SMTInterpol for benchmark QF_NRA/20211101-Geogebra/RegPentagon-Diagonal_Side.smt2
[DEBUG] Benchmark QF_NRA/20211101-Geogebra/RegPentagon-Diagonal_Side.smt2: solved=True, runtime=0.41s, PAR-2=0.41s
[DEBUG] Processing 340/2482: QF_NRA/kissing/kissing_3_5.smt2
[DEBUG] Predicted solver: SMTInterpol for benchmark QF_NRA/kissing/kissing_3_5.smt2
[DEBUG] Benchmark QF_NRA/kissing/kissing_3_5.smt2: solved=True, runtime=0.47s, PAR-2=0.47s
[DEBUG] Processing 341/2482: QF_NRA/hycomp/ball_count_2d_plain.10.redlog_global_8.smt2
[DEBUG] Predicted solver: SMTInterpol for benchmark QF_NRA/hycomp/ball_count_2d_plain.10.redlog_global_8.smt2
[DEBUG] Benchmark QF_NRA/hycomp/ball_count_2d_plain.10.redlog_global_8.smt2: solved=True, runtime=1.07s, PAR-2=1.07s
[DEBUG] Processing 342/2482: QF_NRA/hycomp/ball_count_2d_hill_simple.03.seq_lazy_linear_enc_lemmas_global_8.smt2
[DEBUG] Predicted solver: SMTInterpol for benchmark QF_NRA/hycomp/ball_count_2d_hill_simple.03.seq_lazy_linear_enc_lemmas_global_8.smt2
[DEBUG] Benchmark QF_NRA/hycomp/ball_count_2d_hill_simple.03.seq_lazy_linear_enc_lemmas_global_8.smt2: solved=True, runtime=0.96s, PAR-2=0.96s
[DEBUG] Processing 343/2482: QF_NRA/20200911-Pine/1599121861773920000.smt2
[DEBUG] Predicted solver: Z3alpha for benchmark QF_NRA/20200911-Pine/1599121861773920000.smt2
[DEBUG] Benchmark QF_NRA/20200911-Pine/1599121861773920000.smt2: solved=True, runtime=0.27s, PAR-2=0.27s
[DEBUG] Processing 344/2482: QF_NRA/LassoRanker/SV-COMP/TelAviv-Amir-Minimum_true-termination.c_Iteration1_Lasso_4-pieceTemplate.smt2
[DEBUG] Predicted solver: Z3alpha for benchmark QF_NRA/LassoRanker/SV-COMP/TelAviv-Amir-Minimum_true-termination.c_Iteration1_Lasso_4-pieceTemplate.smt2
[DEBUG] Benchmark QF_NRA/LassoRanker/SV-COMP/TelAviv-Amir-Minimum_true-termination.c_Iteration1_Lasso_4-pieceTemplate.smt2: solved=False, runtime=1200.00s, PAR-2=2400.00s
[DEBUG] Processing 345/2482: QF_NRA/meti-tarski/exp/problem/10/3/exp-problem-10-3-chunk-0018.smt2
[DEBUG] Predicted solver: Z3alpha for benchmark QF_NRA/meti-tarski/exp/problem/10/3/exp-problem-10-3-chunk-0018.smt2
[DEBUG] Benchmark QF_NRA/meti-tarski/exp/problem/10/3/exp-problem-10-3-chunk-0018.smt2: solved=True, runtime=0.27s, PAR-2=0.27s
[DEBUG] Processing 346/2482: QF_NRA/20161105-Sturm-MBO/mbo_E25E28.smt2
[DEBUG] Predicted solver: SMTInterpol for benchmark QF_NRA/20161105-Sturm-MBO/mbo_E25E28.smt2
[DEBUG] Benchmark QF_NRA/20161105-Sturm-MBO/mbo_E25E28.smt2: solved=True, runtime=0.64s, PAR-2=0.64s
[DEBUG] Processing 347/2482: QF_NRA/hycomp/ball_count_2d_hill.03.seq_lazy_global_6.smt2
[DEBUG] Predicted solver: SMTInterpol for benchmark QF_NRA/hycomp/ball_count_2d_hill.03.seq_lazy_global_6.smt2
[DEBUG] Benchmark QF_NRA/hycomp/ball_count_2d_hill.03.seq_lazy_global_6.smt2: solved=True, runtime=0.82s, PAR-2=0.82s
[DEBUG] Processing 348/2482: QF_NRA/meti-tarski/exp/problem/10/3/exp-problem-10-3-chunk-0012.smt2
[DEBUG] Predicted solver: Z3alpha for benchmark QF_NRA/meti-tarski/exp/problem/10/3/exp-problem-10-3-chunk-0012.smt2
[DEBUG] Benchmark QF_NRA/meti-tarski/exp/problem/10/3/exp-problem-10-3-chunk-0012.smt2: solved=True, runtime=0.30s, PAR-2=0.30s
[DEBUG] Processing 349/2482: QF_NRA/meti-tarski/atan/problem/2/weak2/atan-problem-2-weak2-chunk-0021.smt2
[DEBUG] Predicted solver: Z3alpha for benchmark QF_NRA/meti-tarski/atan/problem/2/weak2/atan-problem-2-weak2-chunk-0021.smt2
[DEBUG] Benchmark QF_NRA/meti-tarski/atan/problem/2/weak2/atan-problem-2-weak2-chunk-0021.smt2: solved=True, runtime=0.35s, PAR-2=0.35s
[DEBUG] Processing 350/2482: QF_NRA/hycomp/ball_count_2d_hill_simple.03.seq_lazy_lemmas_global_12.smt2
[DEBUG] Predicted solver: SMTInterpol for benchmark QF_NRA/hycomp/ball_count_2d_hill_simple.03.seq_lazy_lemmas_global_12.smt2
[DEBUG] Benchmark QF_NRA/hycomp/ball_count_2d_hill_simple.03.seq_lazy_lemmas_global_12.smt2: solved=True, runtime=0.96s, PAR-2=0.96s
[DEBUG] Processing 351/2482: QF_NRA/meti-tarski/atan/vega/3/atan-vega-3-chunk-0339.smt2
[DEBUG] Predicted solver: Z3alpha for benchmark QF_NRA/meti-tarski/atan/vega/3/atan-vega-3-chunk-0339.smt2
[DEBUG] Benchmark QF_NRA/meti-tarski/atan/vega/3/atan-vega-3-chunk-0339.smt2: solved=True, runtime=0.27s, PAR-2=0.27s
[DEBUG] Processing 352/2482: QF_NRA/meti-tarski/atan/vega/3/atan-vega-3-chunk-0565.smt2
[DEBUG] Predicted solver: Z3alpha for benchmark QF_NRA/meti-tarski/atan/vega/3/atan-vega-3-chunk-0565.smt2
[DEBUG] Benchmark QF_NRA/meti-tarski/atan/vega/3/atan-vega-3-chunk-0565.smt2: solved=True, runtime=0.27s, PAR-2=0.27s
[DEBUG] Processing 353/2482: QF_NRA/20240407-pPDA-Chiari-Pontiggia-Winkler/certificate_no_hints/call_ret_loop_1_POMC_no_hints.smt2
[DEBUG] Predicted solver: SMTInterpol for benchmark QF_NRA/20240407-pPDA-Chiari-Pontiggia-Winkler/certificate_no_hints/call_ret_loop_1_POMC_no_hints.smt2
[DEBUG] Benchmark QF_NRA/20240407-pPDA-Chiari-Pontiggia-Winkler/certificate_no_hints/call_ret_loop_1_POMC_no_hints.smt2: solved=True, runtime=0.50s, PAR-2=0.50s
[DEBUG] Processing 354/2482: QF_NRA/meti-tarski/polypaver/sqrt43-int/3vars/polypaver-sqrt43-int-3vars-chunk-0046.smt2
[DEBUG] Predicted solver: Z3alpha for benchmark QF_NRA/meti-tarski/polypaver/sqrt43-int/3vars/polypaver-sqrt43-int-3vars-chunk-0046.smt2
[DEBUG] Benchmark QF_NRA/meti-tarski/polypaver/sqrt43-int/3vars/polypaver-sqrt43-int-3vars-chunk-0046.smt2: solved=True, runtime=0.27s, PAR-2=0.27s
[DEBUG] Processing 355/2482: QF_NRA/hycomp/ball_count_2d_slope.04.seq_lazy_linear_enc_global_9.smt2
[DEBUG] Predicted solver: SMTInterpol for benchmark QF_NRA/hycomp/ball_count_2d_slope.04.seq_lazy_linear_enc_global_9.smt2
[DEBUG] Benchmark QF_NRA/hycomp/ball_count_2d_slope.04.seq_lazy_linear_enc_global_9.smt2: solved=True, runtime=1.07s, PAR-2=1.07s
[DEBUG] Processing 356/2482: QF_NRA/hycomp/ball_count_2d_hill.10.seq_lazy_linear_enc_global_14.smt2
[DEBUG] Predicted solver: SMTInterpol for benchmark QF_NRA/hycomp/ball_count_2d_hill.10.seq_lazy_linear_enc_global_14.smt2
[DEBUG] Benchmark QF_NRA/hycomp/ball_count_2d_hill.10.seq_lazy_linear_enc_global_14.smt2: solved=True, runtime=1.34s, PAR-2=1.34s
[DEBUG] Processing 357/2482: QF_NRA/hycomp/etcs_braking_2.01.seq_lazy_linear_enc_global_10.smt2
[DEBUG] Predicted solver: SMTInterpol for benchmark QF_NRA/hycomp/etcs_braking_2.01.seq_lazy_linear_enc_global_10.smt2
[DEBUG] Benchmark QF_NRA/hycomp/etcs_braking_2.01.seq_lazy_linear_enc_global_10.smt2: solved=True, runtime=1.37s, PAR-2=1.37s
[DEBUG] Processing 358/2482: QF_NRA/meti-tarski/sqrt/1mcosq/8/sqrt-1mcosq-8-chunk-0406.smt2
[DEBUG] Predicted solver: Z3alpha for benchmark QF_NRA/meti-tarski/sqrt/1mcosq/8/sqrt-1mcosq-8-chunk-0406.smt2
[DEBUG] Benchmark QF_NRA/meti-tarski/sqrt/1mcosq/8/sqrt-1mcosq-8-chunk-0406.smt2: solved=True, runtime=0.27s, PAR-2=0.27s
[DEBUG] Processing 359/2482: QF_NRA/meti-tarski/sin/344/3/sin-344-3-chunk-0034.smt2
[DEBUG] Predicted solver: Z3alpha for benchmark QF_NRA/meti-tarski/sin/344/3/sin-344-3-chunk-0034.smt2
[DEBUG] Benchmark QF_NRA/meti-tarski/sin/344/3/sin-344-3-chunk-0034.smt2: solved=True, runtime=0.27s, PAR-2=0.27s
[DEBUG] Processing 360/2482: QF_NRA/20200911-Pine/1599121861204394000.smt2
[DEBUG] Predicted solver: Z3alpha for benchmark QF_NRA/20200911-Pine/1599121861204394000.smt2
[DEBUG] Benchmark QF_NRA/20200911-Pine/1599121861204394000.smt2: solved=True, runtime=0.27s, PAR-2=0.27s
[DEBUG] Processing 361/2482: QF_NRA/20161105-Sturm-MBO/mbo_E10E19.smt2
[DEBUG] Predicted solver: SMTInterpol for benchmark QF_NRA/20161105-Sturm-MBO/mbo_E10E19.smt2
[DEBUG] Benchmark QF_NRA/20161105-Sturm-MBO/mbo_E10E19.smt2: solved=True, runtime=2.43s, PAR-2=2.43s
[DEBUG] Processing 362/2482: QF_NRA/LassoRanker/Ultimate/OpposedDisjuncts.bpl_Iteration1_Loop_6-phaseTemplate.smt2
[DEBUG] Predicted solver: SMTInterpol for benchmark QF_NRA/LassoRanker/Ultimate/OpposedDisjuncts.bpl_Iteration1_Loop_6-phaseTemplate.smt2
[DEBUG] Benchmark QF_NRA/LassoRanker/Ultimate/OpposedDisjuncts.bpl_Iteration1_Loop_6-phaseTemplate.smt2: solved=True, runtime=2.13s, PAR-2=2.13s
[DEBUG] Processing 363/2482: QF_NRA/meti-tarski/atan/vega/3/weak/atan-vega-3-weak-chunk-0679.smt2
[DEBUG] Predicted solver: Z3alpha for benchmark QF_NRA/meti-tarski/atan/vega/3/weak/atan-vega-3-weak-chunk-0679.smt2
[DEBUG] Benchmark QF_NRA/meti-tarski/atan/vega/3/weak/atan-vega-3-weak-chunk-0679.smt2: solved=True, runtime=0.30s, PAR-2=0.30s
[DEBUG] Processing 364/2482: QF_NRA/LassoRanker/Ultimate/Benghazi.bpl_Iteration1_Loop_3-pieceTemplate.smt2
[DEBUG] Predicted solver: SMTInterpol for benchmark QF_NRA/LassoRanker/Ultimate/Benghazi.bpl_Iteration1_Loop_3-pieceTemplate.smt2
[DEBUG] Benchmark QF_NRA/LassoRanker/Ultimate/Benghazi.bpl_Iteration1_Loop_3-pieceTemplate.smt2: solved=True, runtime=0.77s, PAR-2=0.77s
[DEBUG] Processing 365/2482: QF_NRA/LassoRanker/CooperatingT2/fun8.t2.c_Iteration2_Loop_3-pieceTemplate.smt2
[DEBUG] Predicted solver: SMTInterpol for benchmark QF_NRA/LassoRanker/CooperatingT2/fun8.t2.c_Iteration2_Loop_3-pieceTemplate.smt2
[DEBUG] Benchmark QF_NRA/LassoRanker/CooperatingT2/fun8.t2.c_Iteration2_Loop_3-pieceTemplate.smt2: solved=True, runtime=1.15s, PAR-2=1.15s
[DEBUG] Processing 366/2482: QF_NRA/20200911-Pine/1599122163859439000.smt2
[DEBUG] Predicted solver: Z3alpha for benchmark QF_NRA/20200911-Pine/1599122163859439000.smt2
[DEBUG] Benchmark QF_NRA/20200911-Pine/1599122163859439000.smt2: solved=True, runtime=0.27s, PAR-2=0.27s
[DEBUG] Processing 367/2482: QF_NRA/hycomp/ball_count_2d_slope.01.seq_lazy_global_5.smt2
[DEBUG] Predicted solver: SMTInterpol for benchmark QF_NRA/hycomp/ball_count_2d_slope.01.seq_lazy_global_5.smt2
[DEBUG] Benchmark QF_NRA/hycomp/ball_count_2d_slope.01.seq_lazy_global_5.smt2: solved=True, runtime=0.94s, PAR-2=0.94s
[DEBUG] Processing 368/2482: QF_NRA/LassoRanker/Ultimate/TwoPhase.bpl_Iteration1_Loop_3-pieceTemplate.smt2
[DEBUG] Predicted solver: SMTInterpol for benchmark QF_NRA/LassoRanker/Ultimate/TwoPhase.bpl_Iteration1_Loop_3-pieceTemplate.smt2
[DEBUG] Benchmark QF_NRA/LassoRanker/Ultimate/TwoPhase.bpl_Iteration1_Loop_3-pieceTemplate.smt2: solved=True, runtime=0.72s, PAR-2=0.72s
[DEBUG] Processing 369/2482: QF_NRA/hycomp/ball_count_2d_slope.01.seq_lazy_global_7.smt2
[DEBUG] Predicted solver: SMTInterpol for benchmark QF_NRA/hycomp/ball_count_2d_slope.01.seq_lazy_global_7.smt2
[DEBUG] Benchmark QF_NRA/hycomp/ball_count_2d_slope.01.seq_lazy_global_7.smt2: solved=True, runtime=1.01s, PAR-2=1.01s
[DEBUG] Processing 370/2482: QF_NRA/meti-tarski/sin/cos/sin-cos-346-b-chunk-0051.smt2
[DEBUG] Predicted solver: Z3alpha for benchmark QF_NRA/meti-tarski/sin/cos/sin-cos-346-b-chunk-0051.smt2
[DEBUG] Benchmark QF_NRA/meti-tarski/sin/cos/sin-cos-346-b-chunk-0051.smt2: solved=True, runtime=0.27s, PAR-2=0.27s
[DEBUG] Processing 371/2482: QF_NRA/hycomp/ball_count_2d_plain.01.seq_lazy_global_15.smt2
[DEBUG] Predicted solver: Yices2 for benchmark QF_NRA/hycomp/ball_count_2d_plain.01.seq_lazy_global_15.smt2
[DEBUG] Benchmark QF_NRA/hycomp/ball_count_2d_plain.01.seq_lazy_global_15.smt2: solved=True, runtime=0.23s, PAR-2=0.23s
[DEBUG] Processing 372/2482: QF_NRA/LassoRanker/CooperatingT2/eric2.t2.c_Iteration8_Loop_3-pieceTemplate.smt2
[DEBUG] Predicted solver: SMTInterpol for benchmark QF_NRA/LassoRanker/CooperatingT2/eric2.t2.c_Iteration8_Loop_3-pieceTemplate.smt2
[DEBUG] Benchmark QF_NRA/LassoRanker/CooperatingT2/eric2.t2.c_Iteration8_Loop_3-pieceTemplate.smt2: solved=True, runtime=1.00s, PAR-2=1.00s
[DEBUG] Processing 373/2482: QF_NRA/meti-tarski/sqrt/1mcosq/8/sqrt-1mcosq-8-chunk-0254.smt2
[DEBUG] Predicted solver: Z3alpha for benchmark QF_NRA/meti-tarski/sqrt/1mcosq/8/sqrt-1mcosq-8-chunk-0254.smt2
[DEBUG] Benchmark QF_NRA/meti-tarski/sqrt/1mcosq/8/sqrt-1mcosq-8-chunk-0254.smt2: solved=True, runtime=0.29s, PAR-2=0.29s
[DEBUG] Processing 374/2482: QF_NRA/20211101-Geogebra/RightTriangle-Bottema1_19b.smt2
[DEBUG] Predicted solver: Z3alpha for benchmark QF_NRA/20211101-Geogebra/RightTriangle-Bottema1_19b.smt2
[DEBUG] Benchmark QF_NRA/20211101-Geogebra/RightTriangle-Bottema1_19b.smt2: solved=True, runtime=0.27s, PAR-2=0.27s
[DEBUG] Processing 375/2482: QF_NRA/meti-tarski/atan/vega/3/weak/atan-vega-3-weak-chunk-0686.smt2
[DEBUG] Predicted solver: Z3alpha for benchmark QF_NRA/meti-tarski/atan/vega/3/weak/atan-vega-3-weak-chunk-0686.smt2
[DEBUG] Benchmark QF_NRA/meti-tarski/atan/vega/3/weak/atan-vega-3-weak-chunk-0686.smt2: solved=True, runtime=0.32s, PAR-2=0.32s
[DEBUG] Processing 376/2482: QF_NRA/meti-tarski/sin/problem/7/weak2/sin-problem-7-weak2-chunk-0117.smt2
[DEBUG] Predicted solver: Z3alpha for benchmark QF_NRA/meti-tarski/sin/problem/7/weak2/sin-problem-7-weak2-chunk-0117.smt2
[DEBUG] Benchmark QF_NRA/meti-tarski/sin/problem/7/weak2/sin-problem-7-weak2-chunk-0117.smt2: solved=True, runtime=0.30s, PAR-2=0.30s
[DEBUG] Processing 377/2482: QF_NRA/LassoRanker/Ultimate/Collatz.bpl_Iteration1_Loop_4-lexTemplate.smt2
[DEBUG] Predicted solver: Z3alpha for benchmark QF_NRA/LassoRanker/Ultimate/Collatz.bpl_Iteration1_Loop_4-lexTemplate.smt2
[DEBUG] Benchmark QF_NRA/LassoRanker/Ultimate/Collatz.bpl_Iteration1_Loop_4-lexTemplate.smt2: solved=True, runtime=90.19s, PAR-2=90.19s
[DEBUG] Processing 378/2482: QF_NRA/meti-tarski/atan/vega/3/weak/atan-vega-3-weak-chunk-0439.smt2
[DEBUG] Predicted solver: Z3alpha for benchmark QF_NRA/meti-tarski/atan/vega/3/weak/atan-vega-3-weak-chunk-0439.smt2
[DEBUG] Benchmark QF_NRA/meti-tarski/atan/vega/3/weak/atan-vega-3-weak-chunk-0439.smt2: solved=True, runtime=0.27s, PAR-2=0.27s
[DEBUG] Processing 379/2482: QF_NRA/meti-tarski/sqrt/1mcosq/8/sqrt-1mcosq-8-chunk-0675.smt2
[DEBUG] Predicted solver: Z3alpha for benchmark QF_NRA/meti-tarski/sqrt/1mcosq/8/sqrt-1mcosq-8-chunk-0675.smt2
[DEBUG] Benchmark QF_NRA/meti-tarski/sqrt/1mcosq/8/sqrt-1mcosq-8-chunk-0675.smt2: solved=True, runtime=0.39s, PAR-2=0.39s
[DEBUG] Processing 380/2482: QF_NRA/LassoRanker/CooperatingT2/flipflop.t2.c_Iteration1_Lasso_4-pieceTemplate.smt2
[DEBUG] Predicted solver: SMTInterpol for benchmark QF_NRA/LassoRanker/CooperatingT2/flipflop.t2.c_Iteration1_Lasso_4-pieceTemplate.smt2
[DEBUG] Benchmark QF_NRA/LassoRanker/CooperatingT2/flipflop.t2.c_Iteration1_Lasso_4-pieceTemplate.smt2: solved=True, runtime=0.90s, PAR-2=0.90s
[DEBUG] Processing 381/2482: QF_NRA/20211101-Geogebra/IsoRightTriangle-Bottema1_7a.smt2
[DEBUG] Predicted solver: Z3alpha for benchmark QF_NRA/20211101-Geogebra/IsoRightTriangle-Bottema1_7a.smt2
[DEBUG] Benchmark QF_NRA/20211101-Geogebra/IsoRightTriangle-Bottema1_7a.smt2: solved=True, runtime=0.27s, PAR-2=0.27s
[DEBUG] Processing 382/2482: QF_NRA/meti-tarski/atan/problem/2/weak/atan-problem-2-weak-chunk-0124.smt2
[DEBUG] Predicted solver: Z3alpha for benchmark QF_NRA/meti-tarski/atan/problem/2/weak/atan-problem-2-weak-chunk-0124.smt2
[DEBUG] Benchmark QF_NRA/meti-tarski/atan/problem/2/weak/atan-problem-2-weak-chunk-0124.smt2: solved=True, runtime=0.27s, PAR-2=0.27s
[DEBUG] Processing 383/2482: QF_NRA/meti-tarski/atan/vega/3/weak/atan-vega-3-weak-chunk-0342.smt2
[DEBUG] Predicted solver: Z3alpha for benchmark QF_NRA/meti-tarski/atan/vega/3/weak/atan-vega-3-weak-chunk-0342.smt2
[DEBUG] Benchmark QF_NRA/meti-tarski/atan/vega/3/weak/atan-vega-3-weak-chunk-0342.smt2: solved=True, runtime=0.29s, PAR-2=0.29s
[DEBUG] Processing 384/2482: QF_NRA/LassoRanker/CooperatingT2/polyrank4.t2.c_Iteration3_Loop_4-pieceTemplate.smt2
[DEBUG] Predicted solver: SMTInterpol for benchmark QF_NRA/LassoRanker/CooperatingT2/polyrank4.t2.c_Iteration3_Loop_4-pieceTemplate.smt2
[DEBUG] Benchmark QF_NRA/LassoRanker/CooperatingT2/polyrank4.t2.c_Iteration3_Loop_4-pieceTemplate.smt2: solved=True, runtime=0.94s, PAR-2=0.94s
[DEBUG] Processing 385/2482: QF_NRA/meti-tarski/atan/vega/3/atan-vega-3-chunk-0530.smt2
[DEBUG] Predicted solver: Z3alpha for benchmark QF_NRA/meti-tarski/atan/vega/3/atan-vega-3-chunk-0530.smt2
[DEBUG] Benchmark QF_NRA/meti-tarski/atan/vega/3/atan-vega-3-chunk-0530.smt2: solved=True, runtime=0.27s, PAR-2=0.27s
[DEBUG] Processing 386/2482: QF_NRA/meti-tarski/sin/problem/7/weak2/sin-problem-7-weak2-chunk-0122.smt2
[DEBUG] Predicted solver: Z3alpha for benchmark QF_NRA/meti-tarski/sin/problem/7/weak2/sin-problem-7-weak2-chunk-0122.smt2
[DEBUG] Benchmark QF_NRA/meti-tarski/sin/problem/7/weak2/sin-problem-7-weak2-chunk-0122.smt2: solved=True, runtime=0.31s, PAR-2=0.31s
[DEBUG] Processing 387/2482: QF_NRA/LassoRanker/CooperatingT2/eric.t2.c_Iteration1_Lasso_7-phaseTemplate.smt2
[DEBUG] Predicted solver: SMTInterpol for benchmark QF_NRA/LassoRanker/CooperatingT2/eric.t2.c_Iteration1_Lasso_7-phaseTemplate.smt2
[DEBUG] Benchmark QF_NRA/LassoRanker/CooperatingT2/eric.t2.c_Iteration1_Lasso_7-phaseTemplate.smt2: solved=True, runtime=1.96s, PAR-2=1.96s
[DEBUG] Processing 388/2482: QF_NRA/hycomp/ball_count_2d_hill.10.seq_lazy_global_10.smt2
[DEBUG] Predicted solver: SMTInterpol for benchmark QF_NRA/hycomp/ball_count_2d_hill.10.seq_lazy_global_10.smt2
[DEBUG] Benchmark QF_NRA/hycomp/ball_count_2d_hill.10.seq_lazy_global_10.smt2: solved=True, runtime=1.11s, PAR-2=1.11s
[DEBUG] Processing 389/2482: QF_NRA/LassoRanker/SV-COMP/LarrazOliverasRodriguez-CarbonellRubio-2013FMCAD-Fig1_true-termination.c_Iteration2_Loop_2-pieceTemplate.smt2
[DEBUG] Predicted solver: SMTInterpol for benchmark QF_NRA/LassoRanker/SV-COMP/LarrazOliverasRodriguez-CarbonellRubio-2013FMCAD-Fig1_true-termination.c_Iteration2_Loop_2-pieceTemplate.smt2
[DEBUG] Benchmark QF_NRA/LassoRanker/SV-COMP/LarrazOliverasRodriguez-CarbonellRubio-2013FMCAD-Fig1_true-termination.c_Iteration2_Loop_2-pieceTemplate.smt2: solved=True, runtime=0.66s, PAR-2=0.66s
[DEBUG] Processing 390/2482: QF_NRA/20200911-Pine/1599122159846134000.smt2
[DEBUG] Predicted solver: Z3alpha for benchmark QF_NRA/20200911-Pine/1599122159846134000.smt2
[DEBUG] Benchmark QF_NRA/20200911-Pine/1599122159846134000.smt2: solved=True, runtime=0.27s, PAR-2=0.27s
[DEBUG] Processing 391/2482: QF_NRA/meti-tarski/sin/cos/sin-cos-346-b-chunk-0516.smt2
[DEBUG] Predicted solver: Z3alpha for benchmark QF_NRA/meti-tarski/sin/cos/sin-cos-346-b-chunk-0516.smt2
[DEBUG] Benchmark QF_NRA/meti-tarski/sin/cos/sin-cos-346-b-chunk-0516.smt2: solved=True, runtime=0.27s, PAR-2=0.27s
[DEBUG] Processing 392/2482: QF_NRA/hycomp/ball_count_1d_plain.02.qfree_global_10.smt2
[DEBUG] Predicted solver: SMTInterpol for benchmark QF_NRA/hycomp/ball_count_1d_plain.02.qfree_global_10.smt2
[DEBUG] Benchmark QF_NRA/hycomp/ball_count_1d_plain.02.qfree_global_10.smt2: solved=True, runtime=0.78s, PAR-2=0.78s
[DEBUG] Processing 393/2482: QF_NRA/meti-tarski/atan/problem/2/weak/atan-problem-2-weak-chunk-0016.smt2
[DEBUG] Predicted solver: Z3alpha for benchmark QF_NRA/meti-tarski/atan/problem/2/weak/atan-problem-2-weak-chunk-0016.smt2
[DEBUG] Benchmark QF_NRA/meti-tarski/atan/problem/2/weak/atan-problem-2-weak-chunk-0016.smt2: solved=True, runtime=0.27s, PAR-2=0.27s
[DEBUG] Processing 394/2482: QF_NRA/meti-tarski/atan/problem/1/atan-problem-1-chunk-0078.smt2
[DEBUG] Predicted solver: Z3alpha for benchmark QF_NRA/meti-tarski/atan/problem/1/atan-problem-1-chunk-0078.smt2
[DEBUG] Benchmark QF_NRA/meti-tarski/atan/problem/1/atan-problem-1-chunk-0078.smt2: solved=True, runtime=0.30s, PAR-2=0.30s
[DEBUG] Processing 395/2482: QF_NRA/LassoRanker/CooperatingT2/disj_nightmare.t2.c_Iteration1_Loop_2-pieceTemplate.smt2
[DEBUG] Predicted solver: SMTInterpol for benchmark QF_NRA/LassoRanker/CooperatingT2/disj_nightmare.t2.c_Iteration1_Loop_2-pieceTemplate.smt2
[DEBUG] Benchmark QF_NRA/LassoRanker/CooperatingT2/disj_nightmare.t2.c_Iteration1_Loop_2-pieceTemplate.smt2: solved=True, runtime=2.34s, PAR-2=2.34s
[DEBUG] Processing 396/2482: QF_NRA/LassoRanker/CooperatingT2/p-55.t2.c_Iteration2_Loop_4-pieceTemplate.smt2
[DEBUG] Predicted solver: SMTInterpol for benchmark QF_NRA/LassoRanker/CooperatingT2/p-55.t2.c_Iteration2_Loop_4-pieceTemplate.smt2
[DEBUG] Benchmark QF_NRA/LassoRanker/CooperatingT2/p-55.t2.c_Iteration2_Loop_4-pieceTemplate.smt2: solved=True, runtime=3.59s, PAR-2=3.59s
[DEBUG] Processing 397/2482: QF_NRA/meti-tarski/sqrt/1mcosq/7/sqrt-1mcosq-7-chunk-0188.smt2
[DEBUG] Predicted solver: Z3alpha for benchmark QF_NRA/meti-tarski/sqrt/1mcosq/7/sqrt-1mcosq-7-chunk-0188.smt2
[DEBUG] Benchmark QF_NRA/meti-tarski/sqrt/1mcosq/7/sqrt-1mcosq-7-chunk-0188.smt2: solved=True, runtime=0.30s, PAR-2=0.30s
[DEBUG] Processing 398/2482: QF_NRA/LassoRanker/Ultimate/Collatz.bpl_Iteration1_Loop_3-pieceTemplate.smt2
[DEBUG] Predicted solver: Z3alpha for benchmark QF_NRA/LassoRanker/Ultimate/Collatz.bpl_Iteration1_Loop_3-pieceTemplate.smt2
[DEBUG] Benchmark QF_NRA/LassoRanker/Ultimate/Collatz.bpl_Iteration1_Loop_3-pieceTemplate.smt2: solved=True, runtime=274.63s, PAR-2=274.63s
[DEBUG] Processing 399/2482: QF_NRA/meti-tarski/atan/vega/3/atan-vega-3-chunk-0539.smt2
[DEBUG] Predicted solver: Z3alpha for benchmark QF_NRA/meti-tarski/atan/vega/3/atan-vega-3-chunk-0539.smt2
[DEBUG] Benchmark QF_NRA/meti-tarski/atan/vega/3/atan-vega-3-chunk-0539.smt2: solved=True, runtime=0.27s, PAR-2=0.27s
[DEBUG] Processing 400/2482: QF_NRA/hycomp/ball_count_1d_plain.03.seq_lazy_global_11.smt2
[DEBUG] Predicted solver: SMTInterpol for benchmark QF_NRA/hycomp/ball_count_1d_plain.03.seq_lazy_global_11.smt2
[DEBUG] Benchmark QF_NRA/hycomp/ball_count_1d_plain.03.seq_lazy_global_11.smt2: solved=True, runtime=0.90s, PAR-2=0.90s
[DEBUG] Processing 401/2482: QF_NRA/meti-tarski/sin/problem/7/weak/sin-problem-7-weak-chunk-0174.smt2
[DEBUG] Predicted solver: Z3alpha for benchmark QF_NRA/meti-tarski/sin/problem/7/weak/sin-problem-7-weak-chunk-0174.smt2
[DEBUG] Benchmark QF_NRA/meti-tarski/sin/problem/7/weak/sin-problem-7-weak-chunk-0174.smt2: solved=True, runtime=0.29s, PAR-2=0.29s
[DEBUG] Processing 402/2482: QF_NRA/20161105-Sturm-MBO/mbo_E21E28.smt2
[DEBUG] Predicted solver: Z3alpha for benchmark QF_NRA/20161105-Sturm-MBO/mbo_E21E28.smt2
[DEBUG] Benchmark QF_NRA/20161105-Sturm-MBO/mbo_E21E28.smt2: solved=True, runtime=0.30s, PAR-2=0.30s
[DEBUG] Processing 403/2482: QF_NRA/meti-tarski/atan/problem/1/atan-problem-1-chunk-0044.smt2
[DEBUG] Predicted solver: Z3alpha for benchmark QF_NRA/meti-tarski/atan/problem/1/atan-problem-1-chunk-0044.smt2
[DEBUG] Benchmark QF_NRA/meti-tarski/atan/problem/1/atan-problem-1-chunk-0044.smt2: solved=True, runtime=0.27s, PAR-2=0.27s
[DEBUG] Processing 404/2482: QF_NRA/20200911-Pine/1599121978844246000.smt2
[DEBUG] Predicted solver: Z3alpha for benchmark QF_NRA/20200911-Pine/1599121978844246000.smt2
[DEBUG] Benchmark QF_NRA/20200911-Pine/1599121978844246000.smt2: solved=True, runtime=0.27s, PAR-2=0.27s
[DEBUG] Processing 405/2482: QF_NRA/hycomp/ball_count_2d_hill_simple.05.seq_lazy_global_12.smt2
[DEBUG] Predicted solver: SMTInterpol for benchmark QF_NRA/hycomp/ball_count_2d_hill_simple.05.seq_lazy_global_12.smt2
[DEBUG] Benchmark QF_NRA/hycomp/ball_count_2d_hill_simple.05.seq_lazy_global_12.smt2: solved=True, runtime=1.02s, PAR-2=1.02s
[DEBUG] Processing 406/2482: QF_NRA/zankl/matrix-3-all-21.smt2
[DEBUG] Predicted solver: SMTInterpol for benchmark QF_NRA/zankl/matrix-3-all-21.smt2
[DEBUG] Benchmark QF_NRA/zankl/matrix-3-all-21.smt2: solved=True, runtime=0.50s, PAR-2=0.50s
[DEBUG] Processing 407/2482: QF_NRA/LassoRanker/Ultimate/OpposedDisjuncts.bpl_Iteration1_Lasso_6-phaseTemplate.smt2
[DEBUG] Predicted solver: SMTInterpol for benchmark QF_NRA/LassoRanker/Ultimate/OpposedDisjuncts.bpl_Iteration1_Lasso_6-phaseTemplate.smt2
[DEBUG] Benchmark QF_NRA/LassoRanker/Ultimate/OpposedDisjuncts.bpl_Iteration1_Lasso_6-phaseTemplate.smt2: solved=True, runtime=2.52s, PAR-2=2.52s
[DEBUG] Processing 408/2482: QF_NRA/hycomp/ball_count_2d_slope.02.seq_lazy_global_4.smt2
[DEBUG] Predicted solver: SMTInterpol for benchmark QF_NRA/hycomp/ball_count_2d_slope.02.seq_lazy_global_4.smt2
[DEBUG] Benchmark QF_NRA/hycomp/ball_count_2d_slope.02.seq_lazy_global_4.smt2: solved=True, runtime=0.77s, PAR-2=0.77s
[DEBUG] Processing 409/2482: QF_NRA/zankl/matrix-1-all-12.smt2
[DEBUG] Predicted solver: SMTInterpol for benchmark QF_NRA/zankl/matrix-1-all-12.smt2
[DEBUG] Benchmark QF_NRA/zankl/matrix-1-all-12.smt2: solved=True, runtime=0.49s, PAR-2=0.49s
[DEBUG] Processing 410/2482: QF_NRA/LassoRanker/Ultimate/NonTerminationDifficult.bpl_Iteration1_Lasso_3-pieceTemplate.smt2
[DEBUG] Predicted solver: SMTInterpol for benchmark QF_NRA/LassoRanker/Ultimate/NonTerminationDifficult.bpl_Iteration1_Lasso_3-pieceTemplate.smt2
[DEBUG] Benchmark QF_NRA/LassoRanker/Ultimate/NonTerminationDifficult.bpl_Iteration1_Lasso_3-pieceTemplate.smt2: solved=True, runtime=0.81s, PAR-2=0.81s
[DEBUG] Processing 411/2482: QF_NRA/LassoRanker/CooperatingT2/heidy7.t2.c_Iteration2_Lasso_4-pieceTemplate.smt2
[DEBUG] Predicted solver: SMTInterpol for benchmark QF_NRA/LassoRanker/CooperatingT2/heidy7.t2.c_Iteration2_Lasso_4-pieceTemplate.smt2
[DEBUG] Benchmark QF_NRA/LassoRanker/CooperatingT2/heidy7.t2.c_Iteration2_Lasso_4-pieceTemplate.smt2: solved=True, runtime=1.44s, PAR-2=1.44s
[DEBUG] Processing 412/2482: QF_NRA/hycomp/simple_ballistics_reach.01.seq_lazy_linear_enc_lemmas_global_14.smt2
[DEBUG] Predicted solver: SMTInterpol for benchmark QF_NRA/hycomp/simple_ballistics_reach.01.seq_lazy_linear_enc_lemmas_global_14.smt2
[DEBUG] Benchmark QF_NRA/hycomp/simple_ballistics_reach.01.seq_lazy_linear_enc_lemmas_global_14.smt2: solved=True, runtime=1.47s, PAR-2=1.47s
[DEBUG] Processing 413/2482: QF_NRA/meti-tarski/exp/problem/10/2/exp-problem-10-2-chunk-0226.smt2
[DEBUG] Predicted solver: Z3alpha for benchmark QF_NRA/meti-tarski/exp/problem/10/2/exp-problem-10-2-chunk-0226.smt2
[DEBUG] Benchmark QF_NRA/meti-tarski/exp/problem/10/2/exp-problem-10-2-chunk-0226.smt2: solved=True, runtime=0.29s, PAR-2=0.29s
[DEBUG] Processing 414/2482: QF_NRA/hycomp/ball_count_1d_plain.10.seq_lazy_global_12.smt2
[DEBUG] Predicted solver: SMTInterpol for benchmark QF_NRA/hycomp/ball_count_1d_plain.10.seq_lazy_global_12.smt2
[DEBUG] Benchmark QF_NRA/hycomp/ball_count_1d_plain.10.seq_lazy_global_12.smt2: solved=True, runtime=1.01s, PAR-2=1.01s
[DEBUG] Processing 415/2482: QF_NRA/20180501-Economics-Mulligan/MulliganEconomicsModel0083a.smt2
[DEBUG] Predicted solver: SMTInterpol for benchmark QF_NRA/20180501-Economics-Mulligan/MulliganEconomicsModel0083a.smt2
[DEBUG] Benchmark QF_NRA/20180501-Economics-Mulligan/MulliganEconomicsModel0083a.smt2: solved=True, runtime=0.41s, PAR-2=0.41s
[DEBUG] Processing 416/2482: QF_NRA/hycomp/ball_count_2d_slope.01.seq_lazy_linear_enc_global_13.smt2
[DEBUG] Predicted solver: SMTInterpol for benchmark QF_NRA/hycomp/ball_count_2d_slope.01.seq_lazy_linear_enc_global_13.smt2
[DEBUG] Benchmark QF_NRA/hycomp/ball_count_2d_slope.01.seq_lazy_linear_enc_global_13.smt2: solved=True, runtime=1.26s, PAR-2=1.26s
[DEBUG] Processing 417/2482: QF_NRA/hycomp/ball_count_2d_slope.04.seq_lazy_global_6.smt2
[DEBUG] Predicted solver: SMTInterpol for benchmark QF_NRA/hycomp/ball_count_2d_slope.04.seq_lazy_global_6.smt2
[DEBUG] Benchmark QF_NRA/hycomp/ball_count_2d_slope.04.seq_lazy_global_6.smt2: solved=True, runtime=1.03s, PAR-2=1.03s
[DEBUG] Processing 418/2482: QF_NRA/meti-tarski/sin/problem/7/sin-problem-7-chunk-0114.smt2
[DEBUG] Predicted solver: Z3alpha for benchmark QF_NRA/meti-tarski/sin/problem/7/sin-problem-7-chunk-0114.smt2
[DEBUG] Benchmark QF_NRA/meti-tarski/sin/problem/7/sin-problem-7-chunk-0114.smt2: solved=True, runtime=0.27s, PAR-2=0.27s
[DEBUG] Processing 419/2482: QF_NRA/20240407-pPDA-Chiari-Pontiggia-Winkler/certificate_hints/mod5_POMC_hints.smt2
[DEBUG] Predicted solver: SMTInterpol for benchmark QF_NRA/20240407-pPDA-Chiari-Pontiggia-Winkler/certificate_hints/mod5_POMC_hints.smt2
[DEBUG] Benchmark QF_NRA/20240407-pPDA-Chiari-Pontiggia-Winkler/certificate_hints/mod5_POMC_hints.smt2: solved=True, runtime=0.66s, PAR-2=0.66s
[DEBUG] Processing 420/2482: QF_NRA/meti-tarski/atan/vega/3/weak/atan-vega-3-weak-chunk-0334.smt2
[DEBUG] Predicted solver: Z3alpha for benchmark QF_NRA/meti-tarski/atan/vega/3/weak/atan-vega-3-weak-chunk-0334.smt2
[DEBUG] Benchmark QF_NRA/meti-tarski/atan/vega/3/weak/atan-vega-3-weak-chunk-0334.smt2: solved=True, runtime=0.32s, PAR-2=0.32s
[DEBUG] Processing 421/2482: QF_NRA/meti-tarski/polypaver/bench-sqrt-3d/polypaver-bench-sqrt-3d-chunk-0486.smt2
[DEBUG] Predicted solver: Z3alpha for benchmark QF_NRA/meti-tarski/polypaver/bench-sqrt-3d/polypaver-bench-sqrt-3d-chunk-0486.smt2
[DEBUG] Benchmark QF_NRA/meti-tarski/polypaver/bench-sqrt-3d/polypaver-bench-sqrt-3d-chunk-0486.smt2: solved=True, runtime=0.27s, PAR-2=0.27s
[DEBUG] Processing 422/2482: QF_NRA/meti-tarski/sqrt/1mcosq/8/sqrt-1mcosq-8-chunk-0253.smt2
[DEBUG] Predicted solver: Z3alpha for benchmark QF_NRA/meti-tarski/sqrt/1mcosq/8/sqrt-1mcosq-8-chunk-0253.smt2
[DEBUG] Benchmark QF_NRA/meti-tarski/sqrt/1mcosq/8/sqrt-1mcosq-8-chunk-0253.smt2: solved=True, runtime=0.38s, PAR-2=0.38s
[DEBUG] Processing 423/2482: QF_NRA/hycomp/ball_count_2d_hill_simple.01.seq_lazy_linear_enc_global_14.smt2
[DEBUG] Predicted solver: Yices2 for benchmark QF_NRA/hycomp/ball_count_2d_hill_simple.01.seq_lazy_linear_enc_global_14.smt2
[DEBUG] Benchmark QF_NRA/hycomp/ball_count_2d_hill_simple.01.seq_lazy_linear_enc_global_14.smt2: solved=True, runtime=0.25s, PAR-2=0.25s
[DEBUG] Processing 424/2482: QF_NRA/hycomp/simple_ballistics_reach.01.seq_lazy_linear_enc_lemmas_global_13.smt2
[DEBUG] Predicted solver: SMTInterpol for benchmark QF_NRA/hycomp/simple_ballistics_reach.01.seq_lazy_linear_enc_lemmas_global_13.smt2
[DEBUG] Benchmark QF_NRA/hycomp/simple_ballistics_reach.01.seq_lazy_linear_enc_lemmas_global_13.smt2: solved=True, runtime=1.27s, PAR-2=1.27s
[DEBUG] Processing 425/2482: QF_NRA/20220314-Uncu/Rational_Function_Proof_Calls_With_Basic_Denominator_Simplifications/BDC_ProveIneq_ISSAC05_FibonacciPoly_b.smt2
[DEBUG] Predicted solver: Z3alpha for benchmark QF_NRA/20220314-Uncu/Rational_Function_Proof_Calls_With_Basic_Denominator_Simplifications/BDC_ProveIneq_ISSAC05_FibonacciPoly_b.smt2
[DEBUG] Benchmark QF_NRA/20220314-Uncu/Rational_Function_Proof_Calls_With_Basic_Denominator_Simplifications/BDC_ProveIneq_ISSAC05_FibonacciPoly_b.smt2: solved=True, runtime=0.27s, PAR-2=0.27s
[DEBUG] Processing 426/2482: QF_NRA/20220314-Uncu/Rational_Function_Proof_Calls_With_Disjunctive_Denominator_Simplifications/DDC_ProveIneq_ISSAC10_ex3a.smt2
[DEBUG] Predicted solver: Z3alpha for benchmark QF_NRA/20220314-Uncu/Rational_Function_Proof_Calls_With_Disjunctive_Denominator_Simplifications/DDC_ProveIneq_ISSAC10_ex3a.smt2
[DEBUG] Benchmark QF_NRA/20220314-Uncu/Rational_Function_Proof_Calls_With_Disjunctive_Denominator_Simplifications/DDC_ProveIneq_ISSAC10_ex3a.smt2: solved=True, runtime=0.27s, PAR-2=0.27s
[DEBUG] Processing 427/2482: QF_NRA/hycomp/ball_count_2d_slope.03.seq_lazy_linear_enc_lemmas_global_10.smt2
[DEBUG] Predicted solver: SMTInterpol for benchmark QF_NRA/hycomp/ball_count_2d_slope.03.seq_lazy_linear_enc_lemmas_global_10.smt2
[DEBUG] Benchmark QF_NRA/hycomp/ball_count_2d_slope.03.seq_lazy_linear_enc_lemmas_global_10.smt2: solved=True, runtime=1.13s, PAR-2=1.13s
[DEBUG] Processing 428/2482: QF_NRA/20161105-Sturm-MBO/mbo_E7E13.smt2
[DEBUG] Predicted solver: SMTInterpol for benchmark QF_NRA/20161105-Sturm-MBO/mbo_E7E13.smt2
[DEBUG] Benchmark QF_NRA/20161105-Sturm-MBO/mbo_E7E13.smt2: solved=True, runtime=1.39s, PAR-2=1.39s
[DEBUG] Processing 429/2482: QF_NRA/20161105-Sturm-MBO/mbo_E3E25.smt2
[DEBUG] Predicted solver: SMTInterpol for benchmark QF_NRA/20161105-Sturm-MBO/mbo_E3E25.smt2
[DEBUG] Benchmark QF_NRA/20161105-Sturm-MBO/mbo_E3E25.smt2: solved=True, runtime=2.06s, PAR-2=2.06s
[DEBUG] Processing 430/2482: QF_NRA/hycomp/ball_count_2d_hill.04.seq_lazy_global_13.smt2
[DEBUG] Predicted solver: SMTInterpol for benchmark QF_NRA/hycomp/ball_count_2d_hill.04.seq_lazy_global_13.smt2
[DEBUG] Benchmark QF_NRA/hycomp/ball_count_2d_hill.04.seq_lazy_global_13.smt2: solved=True, runtime=1.18s, PAR-2=1.18s
[DEBUG] Processing 431/2482: QF_NRA/LassoRanker/CooperatingT2/ex11.t2.c_Iteration1_Lasso_4-pieceTemplate.smt2
[DEBUG] Predicted solver: SMTInterpol for benchmark QF_NRA/LassoRanker/CooperatingT2/ex11.t2.c_Iteration1_Lasso_4-pieceTemplate.smt2
[DEBUG] Benchmark QF_NRA/LassoRanker/CooperatingT2/ex11.t2.c_Iteration1_Lasso_4-pieceTemplate.smt2: solved=True, runtime=11.00s, PAR-2=11.00s
[DEBUG] Processing 432/2482: QF_NRA/meti-tarski/sqrt/1mcosq/8/sqrt-1mcosq-8-chunk-0294.smt2
[DEBUG] Predicted solver: Z3alpha for benchmark QF_NRA/meti-tarski/sqrt/1mcosq/8/sqrt-1mcosq-8-chunk-0294.smt2
[DEBUG] Benchmark QF_NRA/meti-tarski/sqrt/1mcosq/8/sqrt-1mcosq-8-chunk-0294.smt2: solved=True, runtime=0.33s, PAR-2=0.33s
[DEBUG] Processing 433/2482: QF_NRA/meti-tarski/sin/cos/sin-cos-346-b-chunk-0580.smt2
[DEBUG] Predicted solver: Z3alpha for benchmark QF_NRA/meti-tarski/sin/cos/sin-cos-346-b-chunk-0580.smt2
[DEBUG] Benchmark QF_NRA/meti-tarski/sin/cos/sin-cos-346-b-chunk-0580.smt2: solved=True, runtime=0.27s, PAR-2=0.27s
[DEBUG] Processing 434/2482: QF_NRA/hycomp/ball_count_2d_hill_simple.03.seq_lazy_lemmas_global_11.smt2
[DEBUG] Predicted solver: SMTInterpol for benchmark QF_NRA/hycomp/ball_count_2d_hill_simple.03.seq_lazy_lemmas_global_11.smt2
[DEBUG] Benchmark QF_NRA/hycomp/ball_count_2d_hill_simple.03.seq_lazy_lemmas_global_11.smt2: solved=True, runtime=1.03s, PAR-2=1.03s
[DEBUG] Processing 435/2482: QF_NRA/LassoRanker/Ultimate/CookSeeZuleger-2013TACAS-Fig7a.bpl_Iteration1_Loop_4-pieceTemplate.smt2
[DEBUG] Predicted solver: SMTInterpol for benchmark QF_NRA/LassoRanker/Ultimate/CookSeeZuleger-2013TACAS-Fig7a.bpl_Iteration1_Loop_4-pieceTemplate.smt2
[DEBUG] Benchmark QF_NRA/LassoRanker/Ultimate/CookSeeZuleger-2013TACAS-Fig7a.bpl_Iteration1_Loop_4-pieceTemplate.smt2: solved=True, runtime=2.11s, PAR-2=2.11s
[DEBUG] Processing 436/2482: QF_NRA/meti-tarski/exp/problem/10/3/exp-problem-10-3-chunk-0137.smt2
[DEBUG] Predicted solver: Z3alpha for benchmark QF_NRA/meti-tarski/exp/problem/10/3/exp-problem-10-3-chunk-0137.smt2
[DEBUG] Benchmark QF_NRA/meti-tarski/exp/problem/10/3/exp-problem-10-3-chunk-0137.smt2: solved=True, runtime=0.31s, PAR-2=0.31s
[DEBUG] Processing 437/2482: QF_NRA/hycomp/ball_count_1d_plain.02.seq_lazy_global_15.smt2
[DEBUG] Predicted solver: Yices2 for benchmark QF_NRA/hycomp/ball_count_1d_plain.02.seq_lazy_global_15.smt2
[DEBUG] Benchmark QF_NRA/hycomp/ball_count_1d_plain.02.seq_lazy_global_15.smt2: solved=True, runtime=0.22s, PAR-2=0.22s
[DEBUG] Processing 438/2482: QF_NRA/20240407-pPDA-Chiari-Pontiggia-Winkler/certificate_hints/schelling_POMC_hints.smt2
[DEBUG] Predicted solver: SMTInterpol for benchmark QF_NRA/20240407-pPDA-Chiari-Pontiggia-Winkler/certificate_hints/schelling_POMC_hints.smt2
[DEBUG] Benchmark QF_NRA/20240407-pPDA-Chiari-Pontiggia-Winkler/certificate_hints/schelling_POMC_hints.smt2: solved=True, runtime=0.82s, PAR-2=0.82s
[DEBUG] Processing 439/2482: QF_NRA/meti-tarski/atan/vega/3/weak/atan-vega-3-weak-chunk-0475.smt2
[DEBUG] Predicted solver: Z3alpha for benchmark QF_NRA/meti-tarski/atan/vega/3/weak/atan-vega-3-weak-chunk-0475.smt2
[DEBUG] Benchmark QF_NRA/meti-tarski/atan/vega/3/weak/atan-vega-3-weak-chunk-0475.smt2: solved=True, runtime=0.27s, PAR-2=0.27s
[DEBUG] Processing 440/2482: QF_NRA/LassoRanker/CooperatingT2/p-55.t2.c_Iteration3_Loop_4-pieceTemplate.smt2
[DEBUG] Predicted solver: SMTInterpol for benchmark QF_NRA/LassoRanker/CooperatingT2/p-55.t2.c_Iteration3_Loop_4-pieceTemplate.smt2
[DEBUG] Benchmark QF_NRA/LassoRanker/CooperatingT2/p-55.t2.c_Iteration3_Loop_4-pieceTemplate.smt2: solved=True, runtime=3.68s, PAR-2=3.68s
[DEBUG] Processing 441/2482: QF_NRA/LassoRanker/SV-COMP/NoriSharma-2013FSE-Fig7_true-termination.c_Iteration1_Loop_4-pieceTemplate.smt2
[DEBUG] Predicted solver: SMTInterpol for benchmark QF_NRA/LassoRanker/SV-COMP/NoriSharma-2013FSE-Fig7_true-termination.c_Iteration1_Loop_4-pieceTemplate.smt2
[DEBUG] Benchmark QF_NRA/LassoRanker/SV-COMP/NoriSharma-2013FSE-Fig7_true-termination.c_Iteration1_Loop_4-pieceTemplate.smt2: solved=True, runtime=1.50s, PAR-2=1.50s
[DEBUG] Processing 442/2482: QF_NRA/hycomp/ball_count_2d_hill.05.seq_lazy_lemmas_global_13.smt2
[DEBUG] Predicted solver: SMTInterpol for benchmark QF_NRA/hycomp/ball_count_2d_hill.05.seq_lazy_lemmas_global_13.smt2
[DEBUG] Benchmark QF_NRA/hycomp/ball_count_2d_hill.05.seq_lazy_lemmas_global_13.smt2: solved=True, runtime=1.24s, PAR-2=1.24s
[DEBUG] Processing 443/2482: QF_NRA/20161105-Sturm-MBO/mbo_E5E19.smt2
[DEBUG] Predicted solver: SMTInterpol for benchmark QF_NRA/20161105-Sturm-MBO/mbo_E5E19.smt2
[DEBUG] Benchmark QF_NRA/20161105-Sturm-MBO/mbo_E5E19.smt2: solved=True, runtime=2.33s, PAR-2=2.33s
[DEBUG] Processing 444/2482: QF_NRA/hycomp/ball_count_2d_hill_simple.02.redlog_global_6.smt2
[DEBUG] Predicted solver: SMTInterpol for benchmark QF_NRA/hycomp/ball_count_2d_hill_simple.02.redlog_global_6.smt2
[DEBUG] Benchmark QF_NRA/hycomp/ball_count_2d_hill_simple.02.redlog_global_6.smt2: solved=True, runtime=0.77s, PAR-2=0.77s
[DEBUG] Processing 445/2482: QF_NRA/meti-tarski/sqrt/problem/12vars3/sqrt-problem-12vars3-chunk-0099.smt2
[DEBUG] Predicted solver: Z3alpha for benchmark QF_NRA/meti-tarski/sqrt/problem/12vars3/sqrt-problem-12vars3-chunk-0099.smt2
[DEBUG] Benchmark QF_NRA/meti-tarski/sqrt/problem/12vars3/sqrt-problem-12vars3-chunk-0099.smt2: solved=True, runtime=0.27s, PAR-2=0.27s
[DEBUG] Processing 446/2482: QF_NRA/meti-tarski/atan/vega/3/atan-vega-3-chunk-0380.smt2
[DEBUG] Predicted solver: Z3alpha for benchmark QF_NRA/meti-tarski/atan/vega/3/atan-vega-3-chunk-0380.smt2
[DEBUG] Benchmark QF_NRA/meti-tarski/atan/vega/3/atan-vega-3-chunk-0380.smt2: solved=True, runtime=0.28s, PAR-2=0.28s
[DEBUG] Processing 447/2482: QF_NRA/LassoRanker/SV-COMP/LeeJonesBen-Amram-2001POPL-Ex2_true-termination.c_Iteration1_Loop_6-phaseTemplate.smt2
[DEBUG] Predicted solver: SMTInterpol for benchmark QF_NRA/LassoRanker/SV-COMP/LeeJonesBen-Amram-2001POPL-Ex2_true-termination.c_Iteration1_Loop_6-phaseTemplate.smt2
[DEBUG] Benchmark QF_NRA/LassoRanker/SV-COMP/LeeJonesBen-Amram-2001POPL-Ex2_true-termination.c_Iteration1_Loop_6-phaseTemplate.smt2: solved=True, runtime=0.95s, PAR-2=0.95s
[DEBUG] Processing 448/2482: QF_NRA/20220314-Uncu/Rational_Function_Proof_Calls_With_Basic_Denominator_Simplifications/BDC_ProveIneq_JSC_SUMCracker_14e.smt2
[DEBUG] Predicted solver: Z3alpha for benchmark QF_NRA/20220314-Uncu/Rational_Function_Proof_Calls_With_Basic_Denominator_Simplifications/BDC_ProveIneq_JSC_SUMCracker_14e.smt2
[DEBUG] Benchmark QF_NRA/20220314-Uncu/Rational_Function_Proof_Calls_With_Basic_Denominator_Simplifications/BDC_ProveIneq_JSC_SUMCracker_14e.smt2: solved=True, runtime=0.33s, PAR-2=0.33s
[DEBUG] Processing 449/2482: QF_NRA/zankl/matrix-2-all-12.smt2
[DEBUG] Predicted solver: SMTInterpol for benchmark QF_NRA/zankl/matrix-2-all-12.smt2
[DEBUG] Benchmark QF_NRA/zankl/matrix-2-all-12.smt2: solved=True, runtime=0.49s, PAR-2=0.49s
[DEBUG] Processing 450/2482: QF_NRA/LassoRanker/SV-COMP/LeeJonesBen-Amram-2001POPL-Ex3_true-termination.c_Iteration6_Loop_4-pieceTemplate.smt2
[DEBUG] Predicted solver: SMTInterpol for benchmark QF_NRA/LassoRanker/SV-COMP/LeeJonesBen-Amram-2001POPL-Ex3_true-termination.c_Iteration6_Loop_4-pieceTemplate.smt2
[DEBUG] Benchmark QF_NRA/LassoRanker/SV-COMP/LeeJonesBen-Amram-2001POPL-Ex3_true-termination.c_Iteration6_Loop_4-pieceTemplate.smt2: solved=True, runtime=0.99s, PAR-2=0.99s
[DEBUG] Processing 451/2482: QF_NRA/meti-tarski/CMOS/CMOS-opamp-chunk-0171.smt2
[DEBUG] Predicted solver: Z3alpha for benchmark QF_NRA/meti-tarski/CMOS/CMOS-opamp-chunk-0171.smt2
[DEBUG] Benchmark QF_NRA/meti-tarski/CMOS/CMOS-opamp-chunk-0171.smt2: solved=True, runtime=0.30s, PAR-2=0.30s
[DEBUG] Processing 452/2482: QF_NRA/meti-tarski/sin/cos/sin-cos-346-b-chunk-0537.smt2
[DEBUG] Predicted solver: Z3alpha for benchmark QF_NRA/meti-tarski/sin/cos/sin-cos-346-b-chunk-0537.smt2
[DEBUG] Benchmark QF_NRA/meti-tarski/sin/cos/sin-cos-346-b-chunk-0537.smt2: solved=True, runtime=0.27s, PAR-2=0.27s
[DEBUG] Processing 453/2482: QF_NRA/LassoRanker/CooperatingT2/polyrank4.t2.c_Iteration7_Loop_3-pieceTemplate.smt2
[DEBUG] Predicted solver: SMTInterpol for benchmark QF_NRA/LassoRanker/CooperatingT2/polyrank4.t2.c_Iteration7_Loop_3-pieceTemplate.smt2
[DEBUG] Benchmark QF_NRA/LassoRanker/CooperatingT2/polyrank4.t2.c_Iteration7_Loop_3-pieceTemplate.smt2: solved=True, runtime=0.86s, PAR-2=0.86s
[DEBUG] Processing 454/2482: QF_NRA/hycomp/ball_count_2d_hill_simple.03.seq_lazy_global_11.smt2
[DEBUG] Predicted solver: SMTInterpol for benchmark QF_NRA/hycomp/ball_count_2d_hill_simple.03.seq_lazy_global_11.smt2
[DEBUG] Benchmark QF_NRA/hycomp/ball_count_2d_hill_simple.03.seq_lazy_global_11.smt2: solved=True, runtime=0.94s, PAR-2=0.94s
[DEBUG] Processing 455/2482: QF_NRA/meti-tarski/atan/problem/2/weakT/atan-problem-2-weakT-chunk-0023.smt2
[DEBUG] Predicted solver: Z3alpha for benchmark QF_NRA/meti-tarski/atan/problem/2/weakT/atan-problem-2-weakT-chunk-0023.smt2
[DEBUG] Benchmark QF_NRA/meti-tarski/atan/problem/2/weakT/atan-problem-2-weakT-chunk-0023.smt2: solved=True, runtime=0.27s, PAR-2=0.27s
[DEBUG] Processing 456/2482: QF_NRA/hycomp/ball_count_2d_plain.04.seq_lazy_lemmas_global_11.smt2
[DEBUG] Predicted solver: SMTInterpol for benchmark QF_NRA/hycomp/ball_count_2d_plain.04.seq_lazy_lemmas_global_11.smt2
[DEBUG] Benchmark QF_NRA/hycomp/ball_count_2d_plain.04.seq_lazy_lemmas_global_11.smt2: solved=True, runtime=1.04s, PAR-2=1.04s
[DEBUG] Processing 457/2482: QF_NRA/meti-tarski/atan/problem/2/atan-problem-2-chunk-0027.smt2
[DEBUG] Predicted solver: Z3alpha for benchmark QF_NRA/meti-tarski/atan/problem/2/atan-problem-2-chunk-0027.smt2
[DEBUG] Benchmark QF_NRA/meti-tarski/atan/problem/2/atan-problem-2-chunk-0027.smt2: solved=True, runtime=0.27s, PAR-2=0.27s
[DEBUG] Processing 458/2482: QF_NRA/hycomp/ball_count_2d_slope.05.seq_lazy_lemmas_global_15.smt2
[DEBUG] Predicted solver: SMTInterpol for benchmark QF_NRA/hycomp/ball_count_2d_slope.05.seq_lazy_lemmas_global_15.smt2
[DEBUG] Benchmark QF_NRA/hycomp/ball_count_2d_slope.05.seq_lazy_lemmas_global_15.smt2: solved=True, runtime=1.81s, PAR-2=1.81s
[DEBUG] Processing 459/2482: QF_NRA/LassoRanker/CooperatingT2/polyrank2.t2.c_Iteration1_Loop_4-pieceTemplate.smt2
[DEBUG] Predicted solver: SMTInterpol for benchmark QF_NRA/LassoRanker/CooperatingT2/polyrank2.t2.c_Iteration1_Loop_4-pieceTemplate.smt2
[DEBUG] Benchmark QF_NRA/LassoRanker/CooperatingT2/polyrank2.t2.c_Iteration1_Loop_4-pieceTemplate.smt2: solved=True, runtime=0.93s, PAR-2=0.93s
[DEBUG] Processing 460/2482: QF_NRA/LassoRanker/Ultimate/Braverman-2006CAV-Ex1-int.bpl_Iteration1_Loop_4-phaseTemplate.smt2
[DEBUG] Predicted solver: SMTInterpol for benchmark QF_NRA/LassoRanker/Ultimate/Braverman-2006CAV-Ex1-int.bpl_Iteration1_Loop_4-phaseTemplate.smt2
[DEBUG] Benchmark QF_NRA/LassoRanker/Ultimate/Braverman-2006CAV-Ex1-int.bpl_Iteration1_Loop_4-phaseTemplate.smt2: solved=True, runtime=0.58s, PAR-2=0.58s
[DEBUG] Processing 461/2482: QF_NRA/hycomp/ball_count_2d_plain.05.seq_lazy_global_13.smt2
[DEBUG] Predicted solver: SMTInterpol for benchmark QF_NRA/hycomp/ball_count_2d_plain.05.seq_lazy_global_13.smt2
[DEBUG] Benchmark QF_NRA/hycomp/ball_count_2d_plain.05.seq_lazy_global_13.smt2: solved=True, runtime=1.01s, PAR-2=1.01s
[DEBUG] Processing 462/2482: QF_NRA/UltimateAutomizer/InVarSynth_InvariantSynthesis_Disjunctive02.bpl_Iteration1_0.smt2
[DEBUG] Predicted solver: SMTInterpol for benchmark QF_NRA/UltimateAutomizer/InVarSynth_InvariantSynthesis_Disjunctive02.bpl_Iteration1_0.smt2
[DEBUG] Benchmark QF_NRA/UltimateAutomizer/InVarSynth_InvariantSynthesis_Disjunctive02.bpl_Iteration1_0.smt2: solved=True, runtime=0.68s, PAR-2=0.68s
[DEBUG] Processing 463/2482: QF_NRA/hycomp/ball_count_2d_plain.05.seq_lazy_lemmas_global_10.smt2
[DEBUG] Predicted solver: SMTInterpol for benchmark QF_NRA/hycomp/ball_count_2d_plain.05.seq_lazy_lemmas_global_10.smt2
[DEBUG] Benchmark QF_NRA/hycomp/ball_count_2d_plain.05.seq_lazy_lemmas_global_10.smt2: solved=True, runtime=0.90s, PAR-2=0.90s
[DEBUG] Processing 464/2482: QF_NRA/hycomp/ball_count_2d_plain.01.seq_lazy_linear_enc_global_4.smt2
[DEBUG] Predicted solver: SMTInterpol for benchmark QF_NRA/hycomp/ball_count_2d_plain.01.seq_lazy_linear_enc_global_4.smt2
[DEBUG] Benchmark QF_NRA/hycomp/ball_count_2d_plain.01.seq_lazy_linear_enc_global_4.smt2: solved=True, runtime=0.69s, PAR-2=0.69s
[DEBUG] Processing 465/2482: QF_NRA/LassoRanker/SV-COMP/aviad_true-termination.c_Iteration1_Loop_3-lexTemplate.smt2
[DEBUG] Predicted solver: Z3alpha for benchmark QF_NRA/LassoRanker/SV-COMP/aviad_true-termination.c_Iteration1_Loop_3-lexTemplate.smt2
[DEBUG] Benchmark QF_NRA/LassoRanker/SV-COMP/aviad_true-termination.c_Iteration1_Loop_3-lexTemplate.smt2: solved=True, runtime=65.33s, PAR-2=65.33s
[DEBUG] Processing 466/2482: QF_NRA/meti-tarski/sin/problem/7/sin-problem-7-chunk-0325.smt2
[DEBUG] Predicted solver: SMTInterpol for benchmark QF_NRA/meti-tarski/sin/problem/7/sin-problem-7-chunk-0325.smt2
[DEBUG] Benchmark QF_NRA/meti-tarski/sin/problem/7/sin-problem-7-chunk-0325.smt2: solved=True, runtime=0.45s, PAR-2=0.45s
[DEBUG] Processing 467/2482: QF_NRA/meti-tarski/sin/cos/sin-cos-346-b-chunk-0377.smt2
[DEBUG] Predicted solver: Z3alpha for benchmark QF_NRA/meti-tarski/sin/cos/sin-cos-346-b-chunk-0377.smt2
[DEBUG] Benchmark QF_NRA/meti-tarski/sin/cos/sin-cos-346-b-chunk-0377.smt2: solved=True, runtime=0.27s, PAR-2=0.27s
[DEBUG] Processing 468/2482: QF_NRA/hycomp/ball_count_2d_plain.10.qfree_global_14.smt2
[DEBUG] Predicted solver: SMTInterpol for benchmark QF_NRA/hycomp/ball_count_2d_plain.10.qfree_global_14.smt2
[DEBUG] Benchmark QF_NRA/hycomp/ball_count_2d_plain.10.qfree_global_14.smt2: solved=True, runtime=1.17s, PAR-2=1.17s
[DEBUG] Processing 469/2482: QF_NRA/hycomp/ball_count_2d_hill_simple.02.seq_lazy_linear_enc_global_12.smt2
[DEBUG] Predicted solver: SMTInterpol for benchmark QF_NRA/hycomp/ball_count_2d_hill_simple.02.seq_lazy_linear_enc_global_12.smt2
[DEBUG] Benchmark QF_NRA/hycomp/ball_count_2d_hill_simple.02.seq_lazy_linear_enc_global_12.smt2: solved=True, runtime=0.88s, PAR-2=0.88s
[DEBUG] Processing 470/2482: QF_NRA/meti-tarski/atan/problem/2/weakT/atan-problem-2-weakT-chunk-0019.smt2
[DEBUG] Predicted solver: Z3alpha for benchmark QF_NRA/meti-tarski/atan/problem/2/weakT/atan-problem-2-weakT-chunk-0019.smt2
[DEBUG] Benchmark QF_NRA/meti-tarski/atan/problem/2/weakT/atan-problem-2-weakT-chunk-0019.smt2: solved=True, runtime=0.28s, PAR-2=0.28s
[DEBUG] Processing 471/2482: QF_NRA/meti-tarski/polypaver/bench-sqrt-3d/polypaver-bench-sqrt-3d-chunk-0453.smt2
[DEBUG] Predicted solver: Z3alpha for benchmark QF_NRA/meti-tarski/polypaver/bench-sqrt-3d/polypaver-bench-sqrt-3d-chunk-0453.smt2
[DEBUG] Benchmark QF_NRA/meti-tarski/polypaver/bench-sqrt-3d/polypaver-bench-sqrt-3d-chunk-0453.smt2: solved=True, runtime=0.27s, PAR-2=0.27s
[DEBUG] Processing 472/2482: QF_NRA/20211101-Geogebra/Triangle-Bottema5_3.smt2
[DEBUG] Predicted solver: SMTInterpol for benchmark QF_NRA/20211101-Geogebra/Triangle-Bottema5_3.smt2
[DEBUG] Benchmark QF_NRA/20211101-Geogebra/Triangle-Bottema5_3.smt2: solved=True, runtime=0.45s, PAR-2=0.45s
[DEBUG] Processing 473/2482: QF_NRA/hycomp/ball_count_1d_plain.05.seq_lazy_linear_enc_global_13.smt2
[DEBUG] Predicted solver: SMTInterpol for benchmark QF_NRA/hycomp/ball_count_1d_plain.05.seq_lazy_linear_enc_global_13.smt2
[DEBUG] Benchmark QF_NRA/hycomp/ball_count_1d_plain.05.seq_lazy_linear_enc_global_13.smt2: solved=True, runtime=0.99s, PAR-2=0.99s
[DEBUG] Processing 474/2482: QF_NRA/LassoRanker/Ultimate/ATVA2013-zeno-int.bpl_Iteration1_Lasso_4-pieceTemplate.smt2
[DEBUG] Predicted solver: SMTInterpol for benchmark QF_NRA/LassoRanker/Ultimate/ATVA2013-zeno-int.bpl_Iteration1_Lasso_4-pieceTemplate.smt2
[DEBUG] Benchmark QF_NRA/LassoRanker/Ultimate/ATVA2013-zeno-int.bpl_Iteration1_Lasso_4-pieceTemplate.smt2: solved=True, runtime=1.58s, PAR-2=1.58s
[DEBUG] Processing 475/2482: QF_NRA/hycomp/ball_count_2d_slope.02.seq_lazy_lemmas_global_8.smt2
[DEBUG] Predicted solver: SMTInterpol for benchmark QF_NRA/hycomp/ball_count_2d_slope.02.seq_lazy_lemmas_global_8.smt2
[DEBUG] Benchmark QF_NRA/hycomp/ball_count_2d_slope.02.seq_lazy_lemmas_global_8.smt2: solved=True, runtime=1.07s, PAR-2=1.07s
[DEBUG] Processing 476/2482: QF_NRA/meti-tarski/sin/cos/sin-cos-346-b-chunk-0152.smt2
[DEBUG] Predicted solver: Z3alpha for benchmark QF_NRA/meti-tarski/sin/cos/sin-cos-346-b-chunk-0152.smt2
[DEBUG] Benchmark QF_NRA/meti-tarski/sin/cos/sin-cos-346-b-chunk-0152.smt2: solved=True, runtime=0.27s, PAR-2=0.27s
[DEBUG] Processing 477/2482: QF_NRA/meti-tarski/atan/vega/3/atan-vega-3-chunk-0378.smt2
[DEBUG] Predicted solver: Z3alpha for benchmark QF_NRA/meti-tarski/atan/vega/3/atan-vega-3-chunk-0378.smt2
[DEBUG] Benchmark QF_NRA/meti-tarski/atan/vega/3/atan-vega-3-chunk-0378.smt2: solved=True, runtime=0.27s, PAR-2=0.27s
[DEBUG] Processing 478/2482: QF_NRA/meti-tarski/sin/problem/7/sin-problem-7-chunk-0247.smt2
[DEBUG] Predicted solver: SMTInterpol for benchmark QF_NRA/meti-tarski/sin/problem/7/sin-problem-7-chunk-0247.smt2
[DEBUG] Benchmark QF_NRA/meti-tarski/sin/problem/7/sin-problem-7-chunk-0247.smt2: solved=True, runtime=0.45s, PAR-2=0.45s
[DEBUG] Processing 479/2482: QF_NRA/meti-tarski/atan/problem/2/atan-problem-2-chunk-0014.smt2
[DEBUG] Predicted solver: Z3alpha for benchmark QF_NRA/meti-tarski/atan/problem/2/atan-problem-2-chunk-0014.smt2
[DEBUG] Benchmark QF_NRA/meti-tarski/atan/problem/2/atan-problem-2-chunk-0014.smt2: solved=True, runtime=0.27s, PAR-2=0.27s
[DEBUG] Processing 480/2482: QF_NRA/hycomp/ball_count_2d_hill.02.seq_lazy_linear_enc_lemmas_global_6.smt2
[DEBUG] Predicted solver: SMTInterpol for benchmark QF_NRA/hycomp/ball_count_2d_hill.02.seq_lazy_linear_enc_lemmas_global_6.smt2
[DEBUG] Benchmark QF_NRA/hycomp/ball_count_2d_hill.02.seq_lazy_linear_enc_lemmas_global_6.smt2: solved=True, runtime=0.85s, PAR-2=0.85s
[DEBUG] Processing 481/2482: QF_NRA/meti-tarski/Nichols-Plot/Inverted-Pendulum/Nichols-Plot-Inverted-Pendulum-Fails-1-6-chunk-0078.smt2
[DEBUG] Predicted solver: Z3alpha for benchmark QF_NRA/meti-tarski/Nichols-Plot/Inverted-Pendulum/Nichols-Plot-Inverted-Pendulum-Fails-1-6-chunk-0078.smt2
[DEBUG] Benchmark QF_NRA/meti-tarski/Nichols-Plot/Inverted-Pendulum/Nichols-Plot-Inverted-Pendulum-Fails-1-6-chunk-0078.smt2: solved=True, runtime=0.27s, PAR-2=0.27s
[DEBUG] Processing 482/2482: QF_NRA/LassoRanker/SV-COMP/BradleyMannaSipma-2005CAV-Fig1_true-termination.c_Iteration1_Lasso_7-phaseTemplate.smt2
[DEBUG] Predicted solver: SMTInterpol for benchmark QF_NRA/LassoRanker/SV-COMP/BradleyMannaSipma-2005CAV-Fig1_true-termination.c_Iteration1_Lasso_7-phaseTemplate.smt2
[DEBUG] Benchmark QF_NRA/LassoRanker/SV-COMP/BradleyMannaSipma-2005CAV-Fig1_true-termination.c_Iteration1_Lasso_7-phaseTemplate.smt2: solved=True, runtime=4.99s, PAR-2=4.99s
[DEBUG] Processing 483/2482: QF_NRA/meti-tarski/sin/problem/7/weak/sin-problem-7-weak-chunk-0171.smt2
[DEBUG] Predicted solver: SMTInterpol for benchmark QF_NRA/meti-tarski/sin/problem/7/weak/sin-problem-7-weak-chunk-0171.smt2
[DEBUG] Benchmark QF_NRA/meti-tarski/sin/problem/7/weak/sin-problem-7-weak-chunk-0171.smt2: solved=True, runtime=0.47s, PAR-2=0.47s
[DEBUG] Processing 484/2482: QF_NRA/meti-tarski/Chua/1/IL/L/Chua-1-IL-L-chunk-0123.smt2
[DEBUG] Predicted solver: Z3alpha for benchmark QF_NRA/meti-tarski/Chua/1/IL/L/Chua-1-IL-L-chunk-0123.smt2
[DEBUG] Benchmark QF_NRA/meti-tarski/Chua/1/IL/L/Chua-1-IL-L-chunk-0123.smt2: solved=True, runtime=0.27s, PAR-2=0.27s
[DEBUG] Processing 485/2482: QF_NRA/meti-tarski/sin/cos/sin-cos-346-b-chunk-0484.smt2
[DEBUG] Predicted solver: Z3alpha for benchmark QF_NRA/meti-tarski/sin/cos/sin-cos-346-b-chunk-0484.smt2
[DEBUG] Benchmark QF_NRA/meti-tarski/sin/cos/sin-cos-346-b-chunk-0484.smt2: solved=True, runtime=0.27s, PAR-2=0.27s
[DEBUG] Processing 486/2482: QF_NRA/20170501-Heizmann-UltimateInvariantSynthesis/hhk2008.c.i_3_3_2.bpl_5.smt2
[DEBUG] Predicted solver: SMTInterpol for benchmark QF_NRA/20170501-Heizmann-UltimateInvariantSynthesis/hhk2008.c.i_3_3_2.bpl_5.smt2
[DEBUG] Benchmark QF_NRA/20170501-Heizmann-UltimateInvariantSynthesis/hhk2008.c.i_3_3_2.bpl_5.smt2: solved=True, runtime=0.58s, PAR-2=0.58s
[DEBUG] Processing 487/2482: QF_NRA/20220314-Uncu/Rational_Function_Proof_Calls_With_Disjunctive_Denominator_Simplifications/DDC_ProveIneq_ISSAC10_ex1e.smt2
[DEBUG] Predicted solver: Yices2 for benchmark QF_NRA/20220314-Uncu/Rational_Function_Proof_Calls_With_Disjunctive_Denominator_Simplifications/DDC_ProveIneq_ISSAC10_ex1e.smt2
[DEBUG] Benchmark QF_NRA/20220314-Uncu/Rational_Function_Proof_Calls_With_Disjunctive_Denominator_Simplifications/DDC_ProveIneq_ISSAC10_ex1e.smt2: solved=True, runtime=0.22s, PAR-2=0.22s
[DEBUG] Processing 488/2482: QF_NRA/LassoRanker/SV-COMP/NoriSharma-2013FSE-Fig7_true-termination.c_Iteration1_Loop_6-phaseTemplate.smt2
[DEBUG] Predicted solver: SMTInterpol for benchmark QF_NRA/LassoRanker/SV-COMP/NoriSharma-2013FSE-Fig7_true-termination.c_Iteration1_Loop_6-phaseTemplate.smt2
[DEBUG] Benchmark QF_NRA/LassoRanker/SV-COMP/NoriSharma-2013FSE-Fig7_true-termination.c_Iteration1_Loop_6-phaseTemplate.smt2: solved=True, runtime=0.95s, PAR-2=0.95s
[DEBUG] Processing 489/2482: QF_NRA/20220314-Uncu/Rational_Function_Proof_Calls_With_Disjunctive_Denominator_Simplifications/DDC_ProveIneq_JSC_SUMCracker_14d.smt2
[DEBUG] Predicted solver: SMTInterpol for benchmark QF_NRA/20220314-Uncu/Rational_Function_Proof_Calls_With_Disjunctive_Denominator_Simplifications/DDC_ProveIneq_JSC_SUMCracker_14d.smt2
[DEBUG] Benchmark QF_NRA/20220314-Uncu/Rational_Function_Proof_Calls_With_Disjunctive_Denominator_Simplifications/DDC_ProveIneq_JSC_SUMCracker_14d.smt2: solved=True, runtime=0.52s, PAR-2=0.52s
[DEBUG] Processing 490/2482: QF_NRA/20220314-Uncu/Rational_Function_Proof_Calls_With_Disjunctive_Denominator_Simplifications/DDC_ProveIneq_ISSAC05_Bessack_4_m2.smt2
[DEBUG] Predicted solver: Z3alpha for benchmark QF_NRA/20220314-Uncu/Rational_Function_Proof_Calls_With_Disjunctive_Denominator_Simplifications/DDC_ProveIneq_ISSAC05_Bessack_4_m2.smt2
[DEBUG] Benchmark QF_NRA/20220314-Uncu/Rational_Function_Proof_Calls_With_Disjunctive_Denominator_Simplifications/DDC_ProveIneq_ISSAC05_Bessack_4_m2.smt2: solved=True, runtime=0.27s, PAR-2=0.27s
[DEBUG] Processing 491/2482: QF_NRA/20220314-Uncu/Rational_Function_Proof_Calls_With_Basic_Denominator_Simplifications/BDC_ProveIneq_ISSAC10_ex3a.smt2
[DEBUG] Predicted solver: Z3alpha for benchmark QF_NRA/20220314-Uncu/Rational_Function_Proof_Calls_With_Basic_Denominator_Simplifications/BDC_ProveIneq_ISSAC10_ex3a.smt2
[DEBUG] Benchmark QF_NRA/20220314-Uncu/Rational_Function_Proof_Calls_With_Basic_Denominator_Simplifications/BDC_ProveIneq_ISSAC10_ex3a.smt2: solved=True, runtime=0.27s, PAR-2=0.27s
[DEBUG] Processing 492/2482: QF_NRA/LassoRanker/SV-COMP/TelAviv-Amir-Minimum_true-termination.c_Iteration1_Loop_4-lexTemplate.smt2
[DEBUG] Predicted solver: Z3alpha for benchmark QF_NRA/LassoRanker/SV-COMP/TelAviv-Amir-Minimum_true-termination.c_Iteration1_Loop_4-lexTemplate.smt2
[DEBUG] Benchmark QF_NRA/LassoRanker/SV-COMP/TelAviv-Amir-Minimum_true-termination.c_Iteration1_Loop_4-lexTemplate.smt2: solved=True, runtime=77.70s, PAR-2=77.70s
[DEBUG] Processing 493/2482: QF_NRA/meti-tarski/Chua/2/IL/L/Chua-2-IL-L-chunk-0086.smt2
[DEBUG] Predicted solver: Z3alpha for benchmark QF_NRA/meti-tarski/Chua/2/IL/L/Chua-2-IL-L-chunk-0086.smt2
[DEBUG] Benchmark QF_NRA/meti-tarski/Chua/2/IL/L/Chua-2-IL-L-chunk-0086.smt2: solved=True, runtime=0.27s, PAR-2=0.27s
[DEBUG] Processing 494/2482: QF_NRA/meti-tarski/sin/problem/8/weak/sin-problem-8-weak-chunk-0060.smt2
[DEBUG] Predicted solver: Z3alpha for benchmark QF_NRA/meti-tarski/sin/problem/8/weak/sin-problem-8-weak-chunk-0060.smt2
[DEBUG] Benchmark QF_NRA/meti-tarski/sin/problem/8/weak/sin-problem-8-weak-chunk-0060.smt2: solved=True, runtime=0.28s, PAR-2=0.28s
[DEBUG] Processing 495/2482: QF_NRA/hycomp/etcs_braking_2.01.seq_lazy_global_14.smt2
[DEBUG] Predicted solver: SMTInterpol for benchmark QF_NRA/hycomp/etcs_braking_2.01.seq_lazy_global_14.smt2
[DEBUG] Benchmark QF_NRA/hycomp/etcs_braking_2.01.seq_lazy_global_14.smt2: solved=True, runtime=1.74s, PAR-2=1.74s
[DEBUG] Processing 496/2482: QF_NRA/meti-tarski/cbrt/3/weak/cbrt-problem-3-weak-chunk-0091.smt2
[DEBUG] Predicted solver: Z3alpha for benchmark QF_NRA/meti-tarski/cbrt/3/weak/cbrt-problem-3-weak-chunk-0091.smt2
[DEBUG] Benchmark QF_NRA/meti-tarski/cbrt/3/weak/cbrt-problem-3-weak-chunk-0091.smt2: solved=True, runtime=0.46s, PAR-2=0.46s
[DEBUG] Processing 497/2482: QF_NRA/20200911-Pine/1599121979036655000.smt2
[DEBUG] Predicted solver: Z3alpha for benchmark QF_NRA/20200911-Pine/1599121979036655000.smt2
[DEBUG] Benchmark QF_NRA/20200911-Pine/1599121979036655000.smt2: solved=True, runtime=0.27s, PAR-2=0.27s
[DEBUG] Processing 498/2482: QF_NRA/hycomp/ball_count_2d_hill.10.seq_lazy_lemmas_global_13.smt2
[DEBUG] Predicted solver: SMTInterpol for benchmark QF_NRA/hycomp/ball_count_2d_hill.10.seq_lazy_lemmas_global_13.smt2
[DEBUG] Benchmark QF_NRA/hycomp/ball_count_2d_hill.10.seq_lazy_lemmas_global_13.smt2: solved=True, runtime=1.24s, PAR-2=1.24s
[DEBUG] Processing 499/2482: QF_NRA/20170501-Heizmann-UltimateInvariantSynthesis/jain_4.i_2_3_3.bpl_3.smt2
[DEBUG] Predicted solver: SMTInterpol for benchmark QF_NRA/20170501-Heizmann-UltimateInvariantSynthesis/jain_4.i_2_3_3.bpl_3.smt2
[DEBUG] Benchmark QF_NRA/20170501-Heizmann-UltimateInvariantSynthesis/jain_4.i_2_3_3.bpl_3.smt2: solved=True, runtime=0.78s, PAR-2=0.78s
[DEBUG] Processing 500/2482: QF_NRA/hycomp/ball_count_2d_hill.04.seq_lazy_lemmas_global_6.smt2
[DEBUG] Predicted solver: SMTInterpol for benchmark QF_NRA/hycomp/ball_count_2d_hill.04.seq_lazy_lemmas_global_6.smt2
[DEBUG] Benchmark QF_NRA/hycomp/ball_count_2d_hill.04.seq_lazy_lemmas_global_6.smt2: solved=True, runtime=0.95s, PAR-2=0.95s
[DEBUG] Processing 501/2482: QF_NRA/meti-tarski/polypaver/bench-sqrt-3d/polypaver-bench-sqrt-3d-chunk-0473.smt2
[DEBUG] Predicted solver: Z3alpha for benchmark QF_NRA/meti-tarski/polypaver/bench-sqrt-3d/polypaver-bench-sqrt-3d-chunk-0473.smt2
[DEBUG] Benchmark QF_NRA/meti-tarski/polypaver/bench-sqrt-3d/polypaver-bench-sqrt-3d-chunk-0473.smt2: solved=True, runtime=0.28s, PAR-2=0.28s
[DEBUG] Processing 502/2482: QF_NRA/20161105-Sturm-MBO/mbo_E10E24.smt2
[DEBUG] Predicted solver: SMTInterpol for benchmark QF_NRA/20161105-Sturm-MBO/mbo_E10E24.smt2
[DEBUG] Benchmark QF_NRA/20161105-Sturm-MBO/mbo_E10E24.smt2: solved=True, runtime=1.91s, PAR-2=1.91s
[DEBUG] Processing 503/2482: QF_NRA/meti-tarski/sin/344/4/sin-344-4-chunk-0050.smt2
[DEBUG] Predicted solver: SMTInterpol for benchmark QF_NRA/meti-tarski/sin/344/4/sin-344-4-chunk-0050.smt2
[DEBUG] Benchmark QF_NRA/meti-tarski/sin/344/4/sin-344-4-chunk-0050.smt2: solved=True, runtime=0.59s, PAR-2=0.59s
[DEBUG] Processing 504/2482: QF_NRA/meti-tarski/Chua/2/VC1/U/Chua-2-VC1-U-chunk-0104.smt2
[DEBUG] Predicted solver: Z3alpha for benchmark QF_NRA/meti-tarski/Chua/2/VC1/U/Chua-2-VC1-U-chunk-0104.smt2
[DEBUG] Benchmark QF_NRA/meti-tarski/Chua/2/VC1/U/Chua-2-VC1-U-chunk-0104.smt2: solved=True, runtime=0.27s, PAR-2=0.27s
[DEBUG] Processing 505/2482: QF_NRA/LassoRanker/Ultimate/simple-scaled250.bpl_Iteration1_Lasso_4-lexTemplate.smt2
[DEBUG] Predicted solver: SMTInterpol for benchmark QF_NRA/LassoRanker/Ultimate/simple-scaled250.bpl_Iteration1_Lasso_4-lexTemplate.smt2
[DEBUG] Benchmark QF_NRA/LassoRanker/Ultimate/simple-scaled250.bpl_Iteration1_Lasso_4-lexTemplate.smt2: solved=True, runtime=5.50s, PAR-2=5.50s
[DEBUG] Processing 506/2482: QF_NRA/meti-tarski/sqrt/1mcosq/8/sqrt-1mcosq-8-chunk-0580.smt2
[DEBUG] Predicted solver: Z3alpha for benchmark QF_NRA/meti-tarski/sqrt/1mcosq/8/sqrt-1mcosq-8-chunk-0580.smt2
[DEBUG] Benchmark QF_NRA/meti-tarski/sqrt/1mcosq/8/sqrt-1mcosq-8-chunk-0580.smt2: solved=True, runtime=0.30s, PAR-2=0.30s
[DEBUG] Processing 507/2482: QF_NRA/hycomp/ball_count_2d_hill.01.seq_lazy_linear_enc_lemmas_global_11.smt2
[DEBUG] Predicted solver: SMTInterpol for benchmark QF_NRA/hycomp/ball_count_2d_hill.01.seq_lazy_linear_enc_lemmas_global_11.smt2
[DEBUG] Benchmark QF_NRA/hycomp/ball_count_2d_hill.01.seq_lazy_linear_enc_lemmas_global_11.smt2: solved=True, runtime=1.13s, PAR-2=1.13s
[DEBUG] Processing 508/2482: QF_NRA/hycomp/simple_ballistics_reach.01.seq_lazy_global_5.smt2
[DEBUG] Predicted solver: SMTInterpol for benchmark QF_NRA/hycomp/simple_ballistics_reach.01.seq_lazy_global_5.smt2
[DEBUG] Benchmark QF_NRA/hycomp/simple_ballistics_reach.01.seq_lazy_global_5.smt2: solved=True, runtime=0.81s, PAR-2=0.81s
[DEBUG] Processing 509/2482: QF_NRA/hycomp/simple_ballistics_reach.01.seq_lazy_linear_enc_global_6.smt2
[DEBUG] Predicted solver: SMTInterpol for benchmark QF_NRA/hycomp/simple_ballistics_reach.01.seq_lazy_linear_enc_global_6.smt2
[DEBUG] Benchmark QF_NRA/hycomp/simple_ballistics_reach.01.seq_lazy_linear_enc_global_6.smt2: solved=True, runtime=0.91s, PAR-2=0.91s
[DEBUG] Processing 510/2482: QF_NRA/meti-tarski/atan/vega/3/weak/atan-vega-3-weak-chunk-0659.smt2
[DEBUG] Predicted solver: Z3alpha for benchmark QF_NRA/meti-tarski/atan/vega/3/weak/atan-vega-3-weak-chunk-0659.smt2
[DEBUG] Benchmark QF_NRA/meti-tarski/atan/vega/3/weak/atan-vega-3-weak-chunk-0659.smt2: solved=True, runtime=0.31s, PAR-2=0.31s
[DEBUG] Processing 511/2482: QF_NRA/LassoRanker/Ultimate/SyntaxSupportBooleans3.bpl_Iteration1_Loop_4-pieceTemplate.smt2
[DEBUG] Predicted solver: SMTInterpol for benchmark QF_NRA/LassoRanker/Ultimate/SyntaxSupportBooleans3.bpl_Iteration1_Loop_4-pieceTemplate.smt2
[DEBUG] Benchmark QF_NRA/LassoRanker/Ultimate/SyntaxSupportBooleans3.bpl_Iteration1_Loop_4-pieceTemplate.smt2: solved=True, runtime=1.32s, PAR-2=1.32s
[DEBUG] Processing 512/2482: QF_NRA/20161105-Sturm-MBO/mbo_E5E21.smt2
[DEBUG] Predicted solver: SMTInterpol for benchmark QF_NRA/20161105-Sturm-MBO/mbo_E5E21.smt2
[DEBUG] Benchmark QF_NRA/20161105-Sturm-MBO/mbo_E5E21.smt2: solved=True, runtime=0.61s, PAR-2=0.61s
[DEBUG] Processing 513/2482: QF_NRA/LassoRanker/CooperatingT2/selectSort.t2.c_Iteration5_Loop_4-pieceTemplate.smt2
[DEBUG] Predicted solver: SMTInterpol for benchmark QF_NRA/LassoRanker/CooperatingT2/selectSort.t2.c_Iteration5_Loop_4-pieceTemplate.smt2
[DEBUG] Benchmark QF_NRA/LassoRanker/CooperatingT2/selectSort.t2.c_Iteration5_Loop_4-pieceTemplate.smt2: solved=True, runtime=1.55s, PAR-2=1.55s
[DEBUG] Processing 514/2482: QF_NRA/meti-tarski/atan/problem/2/weak/atan-problem-2-weak-chunk-0111.smt2
[DEBUG] Predicted solver: Z3alpha for benchmark QF_NRA/meti-tarski/atan/problem/2/weak/atan-problem-2-weak-chunk-0111.smt2
[DEBUG] Benchmark QF_NRA/meti-tarski/atan/problem/2/weak/atan-problem-2-weak-chunk-0111.smt2: solved=True, runtime=0.27s, PAR-2=0.27s
[DEBUG] Processing 515/2482: QF_NRA/meti-tarski/sin/cos/sin-cos-346-b-chunk-0073.smt2
[DEBUG] Predicted solver: Z3alpha for benchmark QF_NRA/meti-tarski/sin/cos/sin-cos-346-b-chunk-0073.smt2
[DEBUG] Benchmark QF_NRA/meti-tarski/sin/cos/sin-cos-346-b-chunk-0073.smt2: solved=True, runtime=0.29s, PAR-2=0.29s
[DEBUG] Processing 516/2482: QF_NRA/hycomp/ball_count_2d_plain.05.qfree_global_14.smt2
[DEBUG] Predicted solver: SMTInterpol for benchmark QF_NRA/hycomp/ball_count_2d_plain.05.qfree_global_14.smt2
[DEBUG] Benchmark QF_NRA/hycomp/ball_count_2d_plain.05.qfree_global_14.smt2: solved=True, runtime=1.11s, PAR-2=1.11s
[DEBUG] Processing 517/2482: QF_NRA/meti-tarski/sin/cos/sin-cos-346-b-chunk-0532.smt2
[DEBUG] Predicted solver: Z3alpha for benchmark QF_NRA/meti-tarski/sin/cos/sin-cos-346-b-chunk-0532.smt2
[DEBUG] Benchmark QF_NRA/meti-tarski/sin/cos/sin-cos-346-b-chunk-0532.smt2: solved=True, runtime=0.30s, PAR-2=0.30s
[DEBUG] Processing 518/2482: QF_NRA/20240407-pPDA-Chiari-Pontiggia-Winkler/past/geom_offspring_0.499_PRAY.smt2
[DEBUG] Predicted solver: SMTInterpol for benchmark QF_NRA/20240407-pPDA-Chiari-Pontiggia-Winkler/past/geom_offspring_0.499_PRAY.smt2
[DEBUG] Benchmark QF_NRA/20240407-pPDA-Chiari-Pontiggia-Winkler/past/geom_offspring_0.499_PRAY.smt2: solved=True, runtime=0.46s, PAR-2=0.46s
[DEBUG] Processing 519/2482: QF_NRA/meti-tarski/exp/problem/10/2/exp-problem-10-2-chunk-0371.smt2
[DEBUG] Predicted solver: Z3alpha for benchmark QF_NRA/meti-tarski/exp/problem/10/2/exp-problem-10-2-chunk-0371.smt2
[DEBUG] Benchmark QF_NRA/meti-tarski/exp/problem/10/2/exp-problem-10-2-chunk-0371.smt2: solved=True, runtime=0.29s, PAR-2=0.29s
[DEBUG] Processing 520/2482: QF_NRA/meti-tarski/asin/8/asin-8-chunk-0028.smt2
[DEBUG] Predicted solver: Z3alpha for benchmark QF_NRA/meti-tarski/asin/8/asin-8-chunk-0028.smt2
[DEBUG] Benchmark QF_NRA/meti-tarski/asin/8/asin-8-chunk-0028.smt2: solved=True, runtime=0.27s, PAR-2=0.27s
[DEBUG] Processing 521/2482: QF_NRA/20211101-Geogebra/RightTriangle-Bottema8_1b.smt2
[DEBUG] Predicted solver: SMTInterpol for benchmark QF_NRA/20211101-Geogebra/RightTriangle-Bottema8_1b.smt2
[DEBUG] Benchmark QF_NRA/20211101-Geogebra/RightTriangle-Bottema8_1b.smt2: solved=True, runtime=0.41s, PAR-2=0.41s
[DEBUG] Processing 522/2482: QF_NRA/meti-tarski/sqrt/1mcosq/8/sqrt-1mcosq-8-chunk-0300.smt2
[DEBUG] Predicted solver: Z3alpha for benchmark QF_NRA/meti-tarski/sqrt/1mcosq/8/sqrt-1mcosq-8-chunk-0300.smt2
[DEBUG] Benchmark QF_NRA/meti-tarski/sqrt/1mcosq/8/sqrt-1mcosq-8-chunk-0300.smt2: solved=True, runtime=0.33s, PAR-2=0.33s
[DEBUG] Processing 523/2482: QF_NRA/hycomp/ball_count_1d_plain.03.seq_lazy_global_12.smt2
[DEBUG] Predicted solver: SMTInterpol for benchmark QF_NRA/hycomp/ball_count_1d_plain.03.seq_lazy_global_12.smt2
[DEBUG] Benchmark QF_NRA/hycomp/ball_count_1d_plain.03.seq_lazy_global_12.smt2: solved=True, runtime=0.91s, PAR-2=0.91s
[DEBUG] Processing 524/2482: QF_NRA/20200911-Pine/1599121862060861000.smt2
[DEBUG] Predicted solver: Z3alpha for benchmark QF_NRA/20200911-Pine/1599121862060861000.smt2
[DEBUG] Benchmark QF_NRA/20200911-Pine/1599121862060861000.smt2: solved=True, runtime=0.27s, PAR-2=0.27s
[DEBUG] Processing 525/2482: QF_NRA/hycomp/ball_count_1d_plain.03.seq_lazy_lemmas_global_8.smt2
[DEBUG] Predicted solver: SMTInterpol for benchmark QF_NRA/hycomp/ball_count_1d_plain.03.seq_lazy_lemmas_global_8.smt2
[DEBUG] Benchmark QF_NRA/hycomp/ball_count_1d_plain.03.seq_lazy_lemmas_global_8.smt2: solved=True, runtime=0.81s, PAR-2=0.81s
[DEBUG] Processing 526/2482: QF_NRA/meti-tarski/sqrt/problem/sqrt-problem-Melquiond2-chunk-0041.smt2
[DEBUG] Predicted solver: Z3alpha for benchmark QF_NRA/meti-tarski/sqrt/problem/sqrt-problem-Melquiond2-chunk-0041.smt2
[DEBUG] Benchmark QF_NRA/meti-tarski/sqrt/problem/sqrt-problem-Melquiond2-chunk-0041.smt2: solved=True, runtime=0.27s, PAR-2=0.27s
[DEBUG] Processing 527/2482: QF_NRA/meti-tarski/atan/vega/3/atan-vega-3-chunk-0569.smt2
[DEBUG] Predicted solver: Z3alpha for benchmark QF_NRA/meti-tarski/atan/vega/3/atan-vega-3-chunk-0569.smt2
[DEBUG] Benchmark QF_NRA/meti-tarski/atan/vega/3/atan-vega-3-chunk-0569.smt2: solved=True, runtime=0.29s, PAR-2=0.29s
[DEBUG] Processing 528/2482: QF_NRA/20170501-Heizmann-UltimateInvariantSynthesis/simple4.i_3_4_2.bpl_9.smt2
[DEBUG] Predicted solver: SMTInterpol for benchmark QF_NRA/20170501-Heizmann-UltimateInvariantSynthesis/simple4.i_3_4_2.bpl_9.smt2
[DEBUG] Benchmark QF_NRA/20170501-Heizmann-UltimateInvariantSynthesis/simple4.i_3_4_2.bpl_9.smt2: solved=True, runtime=0.63s, PAR-2=0.63s
[DEBUG] Processing 529/2482: QF_NRA/20170501-Heizmann-UltimateInvariantSynthesis/relax.i_11_7_4.bpl_3.smt2
[DEBUG] Predicted solver: SMTInterpol for benchmark QF_NRA/20170501-Heizmann-UltimateInvariantSynthesis/relax.i_11_7_4.bpl_3.smt2
[DEBUG] Benchmark QF_NRA/20170501-Heizmann-UltimateInvariantSynthesis/relax.i_11_7_4.bpl_3.smt2: solved=True, runtime=1.02s, PAR-2=1.02s
[DEBUG] Processing 530/2482: QF_NRA/LassoRanker/CooperatingT2/matrixsqrt.t2.c_Iteration4_Loop_4-pieceTemplate.smt2
[DEBUG] Predicted solver: SMTInterpol for benchmark QF_NRA/LassoRanker/CooperatingT2/matrixsqrt.t2.c_Iteration4_Loop_4-pieceTemplate.smt2
[DEBUG] Benchmark QF_NRA/LassoRanker/CooperatingT2/matrixsqrt.t2.c_Iteration4_Loop_4-pieceTemplate.smt2: solved=True, runtime=1.24s, PAR-2=1.24s
[DEBUG] Processing 531/2482: QF_NRA/LassoRanker/SV-COMP/NoriSharma-2013FSE-Fig8_true-termination.c_Iteration1_Loop_6-phaseTemplate.smt2
[DEBUG] Predicted solver: SMTInterpol for benchmark QF_NRA/LassoRanker/SV-COMP/NoriSharma-2013FSE-Fig8_true-termination.c_Iteration1_Loop_6-phaseTemplate.smt2
[DEBUG] Benchmark QF_NRA/LassoRanker/SV-COMP/NoriSharma-2013FSE-Fig8_true-termination.c_Iteration1_Loop_6-phaseTemplate.smt2: solved=True, runtime=2.26s, PAR-2=2.26s
[DEBUG] Processing 532/2482: QF_NRA/hycomp/ball_count_1d_plain.03.seq_lazy_linear_enc_global_6.smt2
[DEBUG] Predicted solver: SMTInterpol for benchmark QF_NRA/hycomp/ball_count_1d_plain.03.seq_lazy_linear_enc_global_6.smt2
[DEBUG] Benchmark QF_NRA/hycomp/ball_count_1d_plain.03.seq_lazy_linear_enc_global_6.smt2: solved=True, runtime=0.72s, PAR-2=0.72s
[DEBUG] Processing 533/2482: QF_NRA/meti-tarski/sin/problem/7/weak/sin-problem-7-weak-chunk-0163.smt2
[DEBUG] Predicted solver: Z3alpha for benchmark QF_NRA/meti-tarski/sin/problem/7/weak/sin-problem-7-weak-chunk-0163.smt2
[DEBUG] Benchmark QF_NRA/meti-tarski/sin/problem/7/weak/sin-problem-7-weak-chunk-0163.smt2: solved=True, runtime=0.34s, PAR-2=0.34s
[DEBUG] Processing 534/2482: QF_NRA/meti-tarski/Nichols-Plot/Inverted-Pendulum/Nichols-Plot-Inverted-Pendulum-Fails-1-6-chunk-0040.smt2
[DEBUG] Predicted solver: Z3alpha for benchmark QF_NRA/meti-tarski/Nichols-Plot/Inverted-Pendulum/Nichols-Plot-Inverted-Pendulum-Fails-1-6-chunk-0040.smt2
[DEBUG] Benchmark QF_NRA/meti-tarski/Nichols-Plot/Inverted-Pendulum/Nichols-Plot-Inverted-Pendulum-Fails-1-6-chunk-0040.smt2: solved=True, runtime=0.27s, PAR-2=0.27s
[DEBUG] Processing 535/2482: QF_NRA/hycomp/ball_count_1d_plain.01.seq_lazy_global_6.smt2
[DEBUG] Predicted solver: SMTInterpol for benchmark QF_NRA/hycomp/ball_count_1d_plain.01.seq_lazy_global_6.smt2
[DEBUG] Benchmark QF_NRA/hycomp/ball_count_1d_plain.01.seq_lazy_global_6.smt2: solved=True, runtime=0.74s, PAR-2=0.74s
[DEBUG] Processing 536/2482: QF_NRA/meti-tarski/atan/vega/3/weak/atan-vega-3-weak-chunk-0684.smt2
[DEBUG] Predicted solver: Z3alpha for benchmark QF_NRA/meti-tarski/atan/vega/3/weak/atan-vega-3-weak-chunk-0684.smt2
[DEBUG] Benchmark QF_NRA/meti-tarski/atan/vega/3/weak/atan-vega-3-weak-chunk-0684.smt2: solved=True, runtime=0.27s, PAR-2=0.27s
[DEBUG] Processing 537/2482: QF_NRA/meti-tarski/atan/vega/3/weak/atan-vega-3-weak-chunk-0306.smt2
[DEBUG] Predicted solver: Z3alpha for benchmark QF_NRA/meti-tarski/atan/vega/3/weak/atan-vega-3-weak-chunk-0306.smt2
[DEBUG] Benchmark QF_NRA/meti-tarski/atan/vega/3/weak/atan-vega-3-weak-chunk-0306.smt2: solved=True, runtime=0.36s, PAR-2=0.36s
[DEBUG] Processing 538/2482: QF_NRA/hycomp/ball_count_2d_hill.10.seq_lazy_lemmas_global_6.smt2
[DEBUG] Predicted solver: SMTInterpol for benchmark QF_NRA/hycomp/ball_count_2d_hill.10.seq_lazy_lemmas_global_6.smt2
[DEBUG] Benchmark QF_NRA/hycomp/ball_count_2d_hill.10.seq_lazy_lemmas_global_6.smt2: solved=True, runtime=0.94s, PAR-2=0.94s
[DEBUG] Processing 539/2482: QF_NRA/meti-tarski/CMOS/CMOS-opamp-chunk-0091.smt2
[DEBUG] Predicted solver: Z3alpha for benchmark QF_NRA/meti-tarski/CMOS/CMOS-opamp-chunk-0091.smt2
[DEBUG] Benchmark QF_NRA/meti-tarski/CMOS/CMOS-opamp-chunk-0091.smt2: solved=True, runtime=0.31s, PAR-2=0.31s
[DEBUG] Processing 540/2482: QF_NRA/20180501-Economics-Mulligan/MulliganEconomicsModel0084c.smt2
[DEBUG] Predicted solver: Yices2 for benchmark QF_NRA/20180501-Economics-Mulligan/MulliganEconomicsModel0084c.smt2
[DEBUG] Benchmark QF_NRA/20180501-Economics-Mulligan/MulliganEconomicsModel0084c.smt2: solved=True, runtime=0.22s, PAR-2=0.22s
[DEBUG] Processing 541/2482: QF_NRA/hycomp/simple_ballistics_reach.01.seq_lazy_linear_enc_global_10.smt2
[DEBUG] Predicted solver: SMTInterpol for benchmark QF_NRA/hycomp/simple_ballistics_reach.01.seq_lazy_linear_enc_global_10.smt2
[DEBUG] Benchmark QF_NRA/hycomp/simple_ballistics_reach.01.seq_lazy_linear_enc_global_10.smt2: solved=True, runtime=1.07s, PAR-2=1.07s
[DEBUG] Processing 542/2482: QF_NRA/hycomp/ball_count_2d_hill.02.seq_lazy_lemmas_global_11.smt2
[DEBUG] Predicted solver: SMTInterpol for benchmark QF_NRA/hycomp/ball_count_2d_hill.02.seq_lazy_lemmas_global_11.smt2
[DEBUG] Benchmark QF_NRA/hycomp/ball_count_2d_hill.02.seq_lazy_lemmas_global_11.smt2: solved=True, runtime=1.17s, PAR-2=1.17s
[DEBUG] Processing 543/2482: QF_NRA/hycomp/ball_count_2d_hill.01.redlog_global_13.smt2
[DEBUG] Predicted solver: SMTInterpol for benchmark QF_NRA/hycomp/ball_count_2d_hill.01.redlog_global_13.smt2
[DEBUG] Benchmark QF_NRA/hycomp/ball_count_2d_hill.01.redlog_global_13.smt2: solved=True, runtime=1.65s, PAR-2=1.65s
[DEBUG] Processing 544/2482: QF_NRA/hycomp/ball_count_2d_slope.01.seq_lazy_lemmas_global_4.smt2
[DEBUG] Predicted solver: SMTInterpol for benchmark QF_NRA/hycomp/ball_count_2d_slope.01.seq_lazy_lemmas_global_4.smt2
[DEBUG] Benchmark QF_NRA/hycomp/ball_count_2d_slope.01.seq_lazy_lemmas_global_4.smt2: solved=True, runtime=0.85s, PAR-2=0.85s
[DEBUG] Processing 545/2482: QF_NRA/meti-tarski/sqrt/1mcosq/8/sqrt-1mcosq-8-chunk-0376.smt2
[DEBUG] Predicted solver: Z3alpha for benchmark QF_NRA/meti-tarski/sqrt/1mcosq/8/sqrt-1mcosq-8-chunk-0376.smt2
[DEBUG] Benchmark QF_NRA/meti-tarski/sqrt/1mcosq/8/sqrt-1mcosq-8-chunk-0376.smt2: solved=True, runtime=0.35s, PAR-2=0.35s
[DEBUG] Processing 546/2482: QF_NRA/hycomp/simple_ballistics_reach.01.seq_lazy_lemmas_global_11.smt2
[DEBUG] Predicted solver: SMTInterpol for benchmark QF_NRA/hycomp/simple_ballistics_reach.01.seq_lazy_lemmas_global_11.smt2
[DEBUG] Benchmark QF_NRA/hycomp/simple_ballistics_reach.01.seq_lazy_lemmas_global_11.smt2: solved=True, runtime=1.21s, PAR-2=1.21s
[DEBUG] Processing 547/2482: QF_NRA/meti-tarski/sin/problem/8/weak/sin-problem-8-weak-chunk-0053.smt2
[DEBUG] Predicted solver: Z3alpha for benchmark QF_NRA/meti-tarski/sin/problem/8/weak/sin-problem-8-weak-chunk-0053.smt2
[DEBUG] Benchmark QF_NRA/meti-tarski/sin/problem/8/weak/sin-problem-8-weak-chunk-0053.smt2: solved=True, runtime=0.27s, PAR-2=0.27s
[DEBUG] Processing 548/2482: QF_NRA/hycomp/ball_count_2d_hill_simple.01.seq_lazy_linear_enc_lemmas_global_13.smt2
[DEBUG] Predicted solver: Yices2 for benchmark QF_NRA/hycomp/ball_count_2d_hill_simple.01.seq_lazy_linear_enc_lemmas_global_13.smt2
[DEBUG] Benchmark QF_NRA/hycomp/ball_count_2d_hill_simple.01.seq_lazy_linear_enc_lemmas_global_13.smt2: solved=True, runtime=0.22s, PAR-2=0.22s
[DEBUG] Processing 549/2482: QF_NRA/UltimateAutomizer/InVarSynth_LabelEncodingWithUnrolling.bpl_Iteration2_0.smt2
[DEBUG] Predicted solver: SMTInterpol for benchmark QF_NRA/UltimateAutomizer/InVarSynth_LabelEncodingWithUnrolling.bpl_Iteration2_0.smt2
[DEBUG] Benchmark QF_NRA/UltimateAutomizer/InVarSynth_LabelEncodingWithUnrolling.bpl_Iteration2_0.smt2: solved=True, runtime=0.57s, PAR-2=0.57s
[DEBUG] Processing 550/2482: QF_NRA/meti-tarski/Nichols-Plot/Inverted-Pendulum/Nichols-Plot-Inverted-Pendulum-Fails-1-6-chunk-0140.smt2
[DEBUG] Predicted solver: Z3alpha for benchmark QF_NRA/meti-tarski/Nichols-Plot/Inverted-Pendulum/Nichols-Plot-Inverted-Pendulum-Fails-1-6-chunk-0140.smt2
[DEBUG] Benchmark QF_NRA/meti-tarski/Nichols-Plot/Inverted-Pendulum/Nichols-Plot-Inverted-Pendulum-Fails-1-6-chunk-0140.smt2: solved=True, runtime=0.27s, PAR-2=0.27s
[DEBUG] Processing 551/2482: QF_NRA/meti-tarski/sin/cos/sin-cos-346-b-chunk-0251.smt2
[DEBUG] Predicted solver: Z3alpha for benchmark QF_NRA/meti-tarski/sin/cos/sin-cos-346-b-chunk-0251.smt2
[DEBUG] Benchmark QF_NRA/meti-tarski/sin/cos/sin-cos-346-b-chunk-0251.smt2: solved=True, runtime=0.30s, PAR-2=0.30s
[DEBUG] Processing 552/2482: QF_NRA/meti-tarski/atan/vega/3/weak/atan-vega-3-weak-chunk-0681.smt2
[DEBUG] Predicted solver: Z3alpha for benchmark QF_NRA/meti-tarski/atan/vega/3/weak/atan-vega-3-weak-chunk-0681.smt2
[DEBUG] Benchmark QF_NRA/meti-tarski/atan/vega/3/weak/atan-vega-3-weak-chunk-0681.smt2: solved=True, runtime=0.30s, PAR-2=0.30s
[DEBUG] Processing 553/2482: QF_NRA/meti-tarski/sin/cos/sin-cos-346-b-chunk-0345.smt2
[DEBUG] Predicted solver: Z3alpha for benchmark QF_NRA/meti-tarski/sin/cos/sin-cos-346-b-chunk-0345.smt2
[DEBUG] Benchmark QF_NRA/meti-tarski/sin/cos/sin-cos-346-b-chunk-0345.smt2: solved=True, runtime=0.27s, PAR-2=0.27s
[DEBUG] Processing 554/2482: QF_NRA/hycomp/ball_count_2d_plain.01.seq_lazy_linear_enc_lemmas_global_13.smt2
[DEBUG] Predicted solver: SMTInterpol for benchmark QF_NRA/hycomp/ball_count_2d_plain.01.seq_lazy_linear_enc_lemmas_global_13.smt2
[DEBUG] Benchmark QF_NRA/hycomp/ball_count_2d_plain.01.seq_lazy_linear_enc_lemmas_global_13.smt2: solved=True, runtime=1.06s, PAR-2=1.06s
[DEBUG] Processing 555/2482: QF_NRA/meti-tarski/atan/vega/3/atan-vega-3-chunk-0516.smt2
[DEBUG] Predicted solver: Z3alpha for benchmark QF_NRA/meti-tarski/atan/vega/3/atan-vega-3-chunk-0516.smt2
[DEBUG] Benchmark QF_NRA/meti-tarski/atan/vega/3/atan-vega-3-chunk-0516.smt2: solved=True, runtime=0.30s, PAR-2=0.30s
[DEBUG] Processing 556/2482: QF_NRA/hycomp/ball_count_2d_hill.04.seq_lazy_linear_enc_lemmas_global_6.smt2
[DEBUG] Predicted solver: SMTInterpol for benchmark QF_NRA/hycomp/ball_count_2d_hill.04.seq_lazy_linear_enc_lemmas_global_6.smt2
[DEBUG] Benchmark QF_NRA/hycomp/ball_count_2d_hill.04.seq_lazy_linear_enc_lemmas_global_6.smt2: solved=True, runtime=0.95s, PAR-2=0.95s
[DEBUG] Processing 557/2482: QF_NRA/meti-tarski/Chua/2/VC2/U/Chua-2-VC2-U-chunk-0031.smt2
[DEBUG] Predicted solver: Z3alpha for benchmark QF_NRA/meti-tarski/Chua/2/VC2/U/Chua-2-VC2-U-chunk-0031.smt2
[DEBUG] Benchmark QF_NRA/meti-tarski/Chua/2/VC2/U/Chua-2-VC2-U-chunk-0031.smt2: solved=True, runtime=0.28s, PAR-2=0.28s
[DEBUG] Processing 558/2482: QF_NRA/20220314-Uncu/Polynomial_Proof_Calls/ProveIneq_AmerMathMonthly_vol125no10_p922c.smt2
[DEBUG] Predicted solver: Z3alpha for benchmark QF_NRA/20220314-Uncu/Polynomial_Proof_Calls/ProveIneq_AmerMathMonthly_vol125no10_p922c.smt2
[DEBUG] Benchmark QF_NRA/20220314-Uncu/Polynomial_Proof_Calls/ProveIneq_AmerMathMonthly_vol125no10_p922c.smt2: solved=True, runtime=0.31s, PAR-2=0.31s
[DEBUG] Processing 559/2482: QF_NRA/20161105-Sturm-MBO/mbo_E8E17.smt2
[DEBUG] Predicted solver: SMTInterpol for benchmark QF_NRA/20161105-Sturm-MBO/mbo_E8E17.smt2
[DEBUG] Benchmark QF_NRA/20161105-Sturm-MBO/mbo_E8E17.smt2: solved=True, runtime=2.40s, PAR-2=2.40s
[DEBUG] Processing 560/2482: QF_NRA/meti-tarski/sin/cos/sin-cos-346-b-chunk-0466.smt2
[DEBUG] Predicted solver: Z3alpha for benchmark QF_NRA/meti-tarski/sin/cos/sin-cos-346-b-chunk-0466.smt2
[DEBUG] Benchmark QF_NRA/meti-tarski/sin/cos/sin-cos-346-b-chunk-0466.smt2: solved=True, runtime=0.27s, PAR-2=0.27s
[DEBUG] Processing 561/2482: QF_NRA/hycomp/ball_count_2d_plain.03.seq_lazy_linear_enc_global_8.smt2
[DEBUG] Predicted solver: SMTInterpol for benchmark QF_NRA/hycomp/ball_count_2d_plain.03.seq_lazy_linear_enc_global_8.smt2
[DEBUG] Benchmark QF_NRA/hycomp/ball_count_2d_plain.03.seq_lazy_linear_enc_global_8.smt2: solved=True, runtime=0.81s, PAR-2=0.81s
[DEBUG] Processing 562/2482: QF_NRA/hycomp/ball_count_2d_hill_simple.02.seq_lazy_lemmas_global_10.smt2
[DEBUG] Predicted solver: SMTInterpol for benchmark QF_NRA/hycomp/ball_count_2d_hill_simple.02.seq_lazy_lemmas_global_10.smt2
[DEBUG] Benchmark QF_NRA/hycomp/ball_count_2d_hill_simple.02.seq_lazy_lemmas_global_10.smt2: solved=True, runtime=0.91s, PAR-2=0.91s
[DEBUG] Processing 563/2482: QF_NRA/hycomp/ball_count_2d_plain.10.redlog_global_13.smt2
[DEBUG] Predicted solver: SMTInterpol for benchmark QF_NRA/hycomp/ball_count_2d_plain.10.redlog_global_13.smt2
[DEBUG] Benchmark QF_NRA/hycomp/ball_count_2d_plain.10.redlog_global_13.smt2: solved=True, runtime=1.17s, PAR-2=1.17s
[DEBUG] Processing 564/2482: QF_NRA/meti-tarski/atan/vega/3/atan-vega-3-chunk-0222.smt2
[DEBUG] Predicted solver: Z3alpha for benchmark QF_NRA/meti-tarski/atan/vega/3/atan-vega-3-chunk-0222.smt2
[DEBUG] Benchmark QF_NRA/meti-tarski/atan/vega/3/atan-vega-3-chunk-0222.smt2: solved=True, runtime=0.27s, PAR-2=0.27s
[DEBUG] Processing 565/2482: QF_NRA/hycomp/ball_count_2d_plain.01.seq_lazy_global_12.smt2
[DEBUG] Predicted solver: SMTInterpol for benchmark QF_NRA/hycomp/ball_count_2d_plain.01.seq_lazy_global_12.smt2
[DEBUG] Benchmark QF_NRA/hycomp/ball_count_2d_plain.01.seq_lazy_global_12.smt2: solved=True, runtime=0.89s, PAR-2=0.89s
[DEBUG] Processing 566/2482: QF_NRA/20220314-Uncu/Polynomial_Proof_Calls/ProveIneq_ISSAC05_Bessack_5_2.smt2
[DEBUG] Predicted solver: Z3alpha for benchmark QF_NRA/20220314-Uncu/Polynomial_Proof_Calls/ProveIneq_ISSAC05_Bessack_5_2.smt2
[DEBUG] Benchmark QF_NRA/20220314-Uncu/Polynomial_Proof_Calls/ProveIneq_ISSAC05_Bessack_5_2.smt2: solved=True, runtime=0.27s, PAR-2=0.27s
[DEBUG] Processing 567/2482: QF_NRA/meti-tarski/CMOS/CMOS-opamp-chunk-0112.smt2
[DEBUG] Predicted solver: Z3alpha for benchmark QF_NRA/meti-tarski/CMOS/CMOS-opamp-chunk-0112.smt2
[DEBUG] Benchmark QF_NRA/meti-tarski/CMOS/CMOS-opamp-chunk-0112.smt2: solved=True, runtime=0.28s, PAR-2=0.28s
[DEBUG] Processing 568/2482: QF_NRA/LassoRanker/Ultimate/TelAviv-AmirMinimum.bpl_Iteration1_Loop_4-pieceTemplate.smt2
[DEBUG] Predicted solver: SMTInterpol for benchmark QF_NRA/LassoRanker/Ultimate/TelAviv-AmirMinimum.bpl_Iteration1_Loop_4-pieceTemplate.smt2
[DEBUG] Benchmark QF_NRA/LassoRanker/Ultimate/TelAviv-AmirMinimum.bpl_Iteration1_Loop_4-pieceTemplate.smt2: solved=True, runtime=18.01s, PAR-2=18.01s
[DEBUG] Processing 569/2482: QF_NRA/zankl/matrix-1-all-9.smt2
[DEBUG] Predicted solver: SMTInterpol for benchmark QF_NRA/zankl/matrix-1-all-9.smt2
[DEBUG] Benchmark QF_NRA/zankl/matrix-1-all-9.smt2: solved=True, runtime=0.46s, PAR-2=0.46s
[DEBUG] Processing 570/2482: QF_NRA/meti-tarski/polypaver/bench-sqrt-3d/polypaver-bench-sqrt-3d-chunk-0426.smt2
[DEBUG] Predicted solver: Z3alpha for benchmark QF_NRA/meti-tarski/polypaver/bench-sqrt-3d/polypaver-bench-sqrt-3d-chunk-0426.smt2
[DEBUG] Benchmark QF_NRA/meti-tarski/polypaver/bench-sqrt-3d/polypaver-bench-sqrt-3d-chunk-0426.smt2: solved=True, runtime=0.28s, PAR-2=0.28s
[DEBUG] Processing 571/2482: QF_NRA/meti-tarski/sin/problem/10/sin-problem-10-3-chunk-0022.smt2
[DEBUG] Predicted solver: Z3alpha for benchmark QF_NRA/meti-tarski/sin/problem/10/sin-problem-10-3-chunk-0022.smt2
[DEBUG] Benchmark QF_NRA/meti-tarski/sin/problem/10/sin-problem-10-3-chunk-0022.smt2: solved=True, runtime=0.30s, PAR-2=0.30s
[DEBUG] Processing 572/2482: QF_NRA/meti-tarski/sqrt/1mcosq/8/sqrt-1mcosq-8-chunk-0381.smt2
[DEBUG] Predicted solver: Z3alpha for benchmark QF_NRA/meti-tarski/sqrt/1mcosq/8/sqrt-1mcosq-8-chunk-0381.smt2
[DEBUG] Benchmark QF_NRA/meti-tarski/sqrt/1mcosq/8/sqrt-1mcosq-8-chunk-0381.smt2: solved=True, runtime=0.32s, PAR-2=0.32s
[DEBUG] Processing 573/2482: QF_NRA/LassoRanker/Ultimate/bound-scaled600.bpl_Iteration1_Loop_3-pieceTemplate.smt2
[DEBUG] Predicted solver: SMTInterpol for benchmark QF_NRA/LassoRanker/Ultimate/bound-scaled600.bpl_Iteration1_Loop_3-pieceTemplate.smt2
[DEBUG] Benchmark QF_NRA/LassoRanker/Ultimate/bound-scaled600.bpl_Iteration1_Loop_3-pieceTemplate.smt2: solved=True, runtime=3.49s, PAR-2=3.49s
[DEBUG] Processing 574/2482: QF_NRA/LassoRanker/CooperatingT2/p-46.t2.c_Iteration2_Lasso_4-pieceTemplate.smt2
[DEBUG] Predicted solver: SMTInterpol for benchmark QF_NRA/LassoRanker/CooperatingT2/p-46.t2.c_Iteration2_Lasso_4-pieceTemplate.smt2
[DEBUG] Benchmark QF_NRA/LassoRanker/CooperatingT2/p-46.t2.c_Iteration2_Lasso_4-pieceTemplate.smt2: solved=True, runtime=10.12s, PAR-2=10.12s
[DEBUG] Processing 575/2482: QF_NRA/20161105-Sturm-MBO/mbo_E7E23.smt2
[DEBUG] Predicted solver: SMTInterpol for benchmark QF_NRA/20161105-Sturm-MBO/mbo_E7E23.smt2
[DEBUG] Benchmark QF_NRA/20161105-Sturm-MBO/mbo_E7E23.smt2: solved=True, runtime=0.56s, PAR-2=0.56s
[DEBUG] Processing 576/2482: QF_NRA/meti-tarski/sqrt/problem/sqrt-problem-Melquiond2-chunk-0071.smt2
[DEBUG] Predicted solver: Z3alpha for benchmark QF_NRA/meti-tarski/sqrt/problem/sqrt-problem-Melquiond2-chunk-0071.smt2
[DEBUG] Benchmark QF_NRA/meti-tarski/sqrt/problem/sqrt-problem-Melquiond2-chunk-0071.smt2: solved=True, runtime=0.27s, PAR-2=0.27s
[DEBUG] Processing 577/2482: QF_NRA/20161105-Sturm-MBO/mbo_E13E17.smt2
[DEBUG] Predicted solver: SMTInterpol for benchmark QF_NRA/20161105-Sturm-MBO/mbo_E13E17.smt2
[DEBUG] Benchmark QF_NRA/20161105-Sturm-MBO/mbo_E13E17.smt2: solved=True, runtime=2.22s, PAR-2=2.22s
[DEBUG] Processing 578/2482: QF_NRA/hycomp/ball_count_1d_plain.04.seq_lazy_linear_enc_lemmas_global_4.smt2
[DEBUG] Predicted solver: SMTInterpol for benchmark QF_NRA/hycomp/ball_count_1d_plain.04.seq_lazy_linear_enc_lemmas_global_4.smt2
[DEBUG] Benchmark QF_NRA/hycomp/ball_count_1d_plain.04.seq_lazy_linear_enc_lemmas_global_4.smt2: solved=True, runtime=0.76s, PAR-2=0.76s
[DEBUG] Processing 579/2482: QF_NRA/20200911-Pine/1599122159253021000.smt2
[DEBUG] Predicted solver: Z3alpha for benchmark QF_NRA/20200911-Pine/1599122159253021000.smt2
[DEBUG] Benchmark QF_NRA/20200911-Pine/1599122159253021000.smt2: solved=True, runtime=0.27s, PAR-2=0.27s
[DEBUG] Processing 580/2482: QF_NRA/meti-tarski/atan/problem/2/weakT/atan-problem-2-weakT-chunk-0049.smt2
[DEBUG] Predicted solver: Z3alpha for benchmark QF_NRA/meti-tarski/atan/problem/2/weakT/atan-problem-2-weakT-chunk-0049.smt2
[DEBUG] Benchmark QF_NRA/meti-tarski/atan/problem/2/weakT/atan-problem-2-weakT-chunk-0049.smt2: solved=True, runtime=0.27s, PAR-2=0.27s
[DEBUG] Processing 581/2482: QF_NRA/hycomp/ball_count_2d_hill_simple.02.redlog_global_12.smt2
[DEBUG] Predicted solver: SMTInterpol for benchmark QF_NRA/hycomp/ball_count_2d_hill_simple.02.redlog_global_12.smt2
[DEBUG] Benchmark QF_NRA/hycomp/ball_count_2d_hill_simple.02.redlog_global_12.smt2: solved=True, runtime=0.92s, PAR-2=0.92s
[DEBUG] Processing 582/2482: QF_NRA/meti-tarski/sqrt/1mcosq/7/sqrt-1mcosq-7-chunk-0159.smt2
[DEBUG] Predicted solver: Z3alpha for benchmark QF_NRA/meti-tarski/sqrt/1mcosq/7/sqrt-1mcosq-7-chunk-0159.smt2
[DEBUG] Benchmark QF_NRA/meti-tarski/sqrt/1mcosq/7/sqrt-1mcosq-7-chunk-0159.smt2: solved=True, runtime=0.28s, PAR-2=0.28s
[DEBUG] Processing 583/2482: QF_NRA/hycomp/ball_count_1d_plain.05.seq_lazy_lemmas_global_10.smt2
[DEBUG] Predicted solver: SMTInterpol for benchmark QF_NRA/hycomp/ball_count_1d_plain.05.seq_lazy_lemmas_global_10.smt2
[DEBUG] Benchmark QF_NRA/hycomp/ball_count_1d_plain.05.seq_lazy_lemmas_global_10.smt2: solved=True, runtime=0.89s, PAR-2=0.89s
[DEBUG] Processing 584/2482: QF_NRA/meti-tarski/sqrt/1mcosq/8/sqrt-1mcosq-8-chunk-0373.smt2
[DEBUG] Predicted solver: Z3alpha for benchmark QF_NRA/meti-tarski/sqrt/1mcosq/8/sqrt-1mcosq-8-chunk-0373.smt2
[DEBUG] Benchmark QF_NRA/meti-tarski/sqrt/1mcosq/8/sqrt-1mcosq-8-chunk-0373.smt2: solved=True, runtime=0.27s, PAR-2=0.27s
[DEBUG] Processing 585/2482: QF_NRA/meti-tarski/atan/problem/2/weak2/atan-problem-2-weak2-chunk-0088.smt2
[DEBUG] Predicted solver: Z3alpha for benchmark QF_NRA/meti-tarski/atan/problem/2/weak2/atan-problem-2-weak2-chunk-0088.smt2
[DEBUG] Benchmark QF_NRA/meti-tarski/atan/problem/2/weak2/atan-problem-2-weak2-chunk-0088.smt2: solved=True, runtime=0.27s, PAR-2=0.27s
[DEBUG] Processing 586/2482: QF_NRA/LassoRanker/CooperatingT2/polyrank3.t2.c_Iteration1_Loop_3-pieceTemplate.smt2
[DEBUG] Predicted solver: SMTInterpol for benchmark QF_NRA/LassoRanker/CooperatingT2/polyrank3.t2.c_Iteration1_Loop_3-pieceTemplate.smt2
[DEBUG] Benchmark QF_NRA/LassoRanker/CooperatingT2/polyrank3.t2.c_Iteration1_Loop_3-pieceTemplate.smt2: solved=True, runtime=0.77s, PAR-2=0.77s
[DEBUG] Processing 587/2482: QF_NRA/meti-tarski/atan/problem/2/weak/atan-problem-2-weak-chunk-0153.smt2
[DEBUG] Predicted solver: Z3alpha for benchmark QF_NRA/meti-tarski/atan/problem/2/weak/atan-problem-2-weak-chunk-0153.smt2
[DEBUG] Benchmark QF_NRA/meti-tarski/atan/problem/2/weak/atan-problem-2-weak-chunk-0153.smt2: solved=True, runtime=0.26s, PAR-2=0.26s
[DEBUG] Processing 588/2482: QF_NRA/hycomp/ball_count_1d_plain.04.qfree_global_14.smt2
[DEBUG] Predicted solver: SMTInterpol for benchmark QF_NRA/hycomp/ball_count_1d_plain.04.qfree_global_14.smt2
[DEBUG] Benchmark QF_NRA/hycomp/ball_count_1d_plain.04.qfree_global_14.smt2: solved=True, runtime=0.92s, PAR-2=0.92s
[DEBUG] Processing 589/2482: QF_NRA/meti-tarski/sqrt/1mcosq/8/sqrt-1mcosq-8-chunk-0297.smt2
[DEBUG] Predicted solver: Z3alpha for benchmark QF_NRA/meti-tarski/sqrt/1mcosq/8/sqrt-1mcosq-8-chunk-0297.smt2
[DEBUG] Benchmark QF_NRA/meti-tarski/sqrt/1mcosq/8/sqrt-1mcosq-8-chunk-0297.smt2: solved=True, runtime=0.35s, PAR-2=0.35s
[DEBUG] Processing 590/2482: QF_NRA/hycomp/ball_count_1d_plain.05.redlog_global_11.smt2
[DEBUG] Predicted solver: SMTInterpol for benchmark QF_NRA/hycomp/ball_count_1d_plain.05.redlog_global_11.smt2
[DEBUG] Benchmark QF_NRA/hycomp/ball_count_1d_plain.05.redlog_global_11.smt2: solved=True, runtime=0.99s, PAR-2=0.99s
[DEBUG] Processing 591/2482: QF_NRA/meti-tarski/Chua/1/IL/L/Chua-1-IL-L-chunk-0047.smt2
[DEBUG] Predicted solver: Z3alpha for benchmark QF_NRA/meti-tarski/Chua/1/IL/L/Chua-1-IL-L-chunk-0047.smt2
[DEBUG] Benchmark QF_NRA/meti-tarski/Chua/1/IL/L/Chua-1-IL-L-chunk-0047.smt2: solved=True, runtime=0.27s, PAR-2=0.27s
[DEBUG] Processing 592/2482: QF_NRA/20200911-Pine/1599121978149819000.smt2
[DEBUG] Predicted solver: Z3alpha for benchmark QF_NRA/20200911-Pine/1599121978149819000.smt2
[DEBUG] Benchmark QF_NRA/20200911-Pine/1599121978149819000.smt2: solved=True, runtime=0.27s, PAR-2=0.27s
[DEBUG] Processing 593/2482: QF_NRA/20161105-Sturm-MBO/mbo_E4E15.smt2
[DEBUG] Predicted solver: SMTInterpol for benchmark QF_NRA/20161105-Sturm-MBO/mbo_E4E15.smt2
[DEBUG] Benchmark QF_NRA/20161105-Sturm-MBO/mbo_E4E15.smt2: solved=True, runtime=2.54s, PAR-2=2.54s
[DEBUG] Processing 594/2482: QF_NRA/meti-tarski/atan/vega/3/atan-vega-3-chunk-0218.smt2
[DEBUG] Predicted solver: Z3alpha for benchmark QF_NRA/meti-tarski/atan/vega/3/atan-vega-3-chunk-0218.smt2
[DEBUG] Benchmark QF_NRA/meti-tarski/atan/vega/3/atan-vega-3-chunk-0218.smt2: solved=True, runtime=0.27s, PAR-2=0.27s
[DEBUG] Processing 595/2482: QF_NRA/hycomp/ball_count_2d_plain.03.redlog_global_5.smt2
[DEBUG] Predicted solver: SMTInterpol for benchmark QF_NRA/hycomp/ball_count_2d_plain.03.redlog_global_5.smt2
[DEBUG] Benchmark QF_NRA/hycomp/ball_count_2d_plain.03.redlog_global_5.smt2: solved=True, runtime=0.86s, PAR-2=0.86s
[DEBUG] Processing 596/2482: QF_NRA/20161105-Sturm-MBO/mbo_E10E13.smt2
[DEBUG] Predicted solver: SMTInterpol for benchmark QF_NRA/20161105-Sturm-MBO/mbo_E10E13.smt2
[DEBUG] Benchmark QF_NRA/20161105-Sturm-MBO/mbo_E10E13.smt2: solved=True, runtime=0.91s, PAR-2=0.91s
[DEBUG] Processing 597/2482: QF_NRA/hycomp/ball_count_2d_plain.03.qfree_global_10.smt2
[DEBUG] Predicted solver: SMTInterpol for benchmark QF_NRA/hycomp/ball_count_2d_plain.03.qfree_global_10.smt2
[DEBUG] Benchmark QF_NRA/hycomp/ball_count_2d_plain.03.qfree_global_10.smt2: solved=True, runtime=0.88s, PAR-2=0.88s
[DEBUG] Processing 598/2482: QF_NRA/hycomp/ball_count_1d_plain.03.seq_lazy_linear_enc_lemmas_global_15.smt2
[DEBUG] Predicted solver: Yices2 for benchmark QF_NRA/hycomp/ball_count_1d_plain.03.seq_lazy_linear_enc_lemmas_global_15.smt2
[DEBUG] Benchmark QF_NRA/hycomp/ball_count_1d_plain.03.seq_lazy_linear_enc_lemmas_global_15.smt2: solved=True, runtime=0.23s, PAR-2=0.23s
[DEBUG] Processing 599/2482: QF_NRA/meti-tarski/sin/problem/7/weak/sin-problem-7-weak-chunk-0183.smt2
[DEBUG] Predicted solver: SMTInterpol for benchmark QF_NRA/meti-tarski/sin/problem/7/weak/sin-problem-7-weak-chunk-0183.smt2
[DEBUG] Benchmark QF_NRA/meti-tarski/sin/problem/7/weak/sin-problem-7-weak-chunk-0183.smt2: solved=True, runtime=0.44s, PAR-2=0.44s
[DEBUG] Processing 600/2482: QF_NRA/20220314-Uncu/Rational_Function_Proof_Calls_With_Disjunctive_Denominator_Simplifications/DDC_ProveIneq_ISSAC05_FibonacciPoly_b.smt2
[DEBUG] Predicted solver: Z3alpha for benchmark QF_NRA/20220314-Uncu/Rational_Function_Proof_Calls_With_Disjunctive_Denominator_Simplifications/DDC_ProveIneq_ISSAC05_FibonacciPoly_b.smt2
[DEBUG] Benchmark QF_NRA/20220314-Uncu/Rational_Function_Proof_Calls_With_Disjunctive_Denominator_Simplifications/DDC_ProveIneq_ISSAC05_FibonacciPoly_b.smt2: solved=True, runtime=0.27s, PAR-2=0.27s
[DEBUG] Processing 601/2482: QF_NRA/meti-tarski/sqrt/1mcosq/8/sqrt-1mcosq-8-chunk-0629.smt2
[DEBUG] Predicted solver: Z3alpha for benchmark QF_NRA/meti-tarski/sqrt/1mcosq/8/sqrt-1mcosq-8-chunk-0629.smt2
[DEBUG] Benchmark QF_NRA/meti-tarski/sqrt/1mcosq/8/sqrt-1mcosq-8-chunk-0629.smt2: solved=True, runtime=0.27s, PAR-2=0.27s
[DEBUG] Processing 602/2482: QF_NRA/hycomp/ball_count_1d_plain.10.redlog_global_14.smt2
[DEBUG] Predicted solver: SMTInterpol for benchmark QF_NRA/hycomp/ball_count_1d_plain.10.redlog_global_14.smt2
[DEBUG] Benchmark QF_NRA/hycomp/ball_count_1d_plain.10.redlog_global_14.smt2: solved=True, runtime=1.23s, PAR-2=1.23s
[DEBUG] Processing 603/2482: QF_NRA/LassoRanker/CooperatingT2/jacobi.t2.c_Iteration5_Loop_4-pieceTemplate.smt2
[DEBUG] Predicted solver: SMTInterpol for benchmark QF_NRA/LassoRanker/CooperatingT2/jacobi.t2.c_Iteration5_Loop_4-pieceTemplate.smt2
[DEBUG] Benchmark QF_NRA/LassoRanker/CooperatingT2/jacobi.t2.c_Iteration5_Loop_4-pieceTemplate.smt2: solved=True, runtime=1.35s, PAR-2=1.35s
[DEBUG] Processing 604/2482: QF_NRA/meti-tarski/atan/vega/3/weak/atan-vega-3-weak-chunk-0372.smt2
[DEBUG] Predicted solver: Z3alpha for benchmark QF_NRA/meti-tarski/atan/vega/3/weak/atan-vega-3-weak-chunk-0372.smt2
[DEBUG] Benchmark QF_NRA/meti-tarski/atan/vega/3/weak/atan-vega-3-weak-chunk-0372.smt2: solved=True, runtime=0.27s, PAR-2=0.27s
[DEBUG] Processing 605/2482: QF_NRA/meti-tarski/polypaver/sqrt43-int/3vars/polypaver-sqrt43-int-3vars-chunk-0036.smt2
[DEBUG] Predicted solver: Z3alpha for benchmark QF_NRA/meti-tarski/polypaver/sqrt43-int/3vars/polypaver-sqrt43-int-3vars-chunk-0036.smt2
[DEBUG] Benchmark QF_NRA/meti-tarski/polypaver/sqrt43-int/3vars/polypaver-sqrt43-int-3vars-chunk-0036.smt2: solved=True, runtime=0.27s, PAR-2=0.27s
[DEBUG] Processing 606/2482: QF_NRA/meti-tarski/sin/problem/10/sin-problem-10-3-chunk-0013.smt2
[DEBUG] Predicted solver: Z3alpha for benchmark QF_NRA/meti-tarski/sin/problem/10/sin-problem-10-3-chunk-0013.smt2
[DEBUG] Benchmark QF_NRA/meti-tarski/sin/problem/10/sin-problem-10-3-chunk-0013.smt2: solved=True, runtime=0.27s, PAR-2=0.27s
[DEBUG] Processing 607/2482: QF_NRA/meti-tarski/exp/problem/10/2/exp-problem-10-2-chunk-0107.smt2
[DEBUG] Predicted solver: Z3alpha for benchmark QF_NRA/meti-tarski/exp/problem/10/2/exp-problem-10-2-chunk-0107.smt2
[DEBUG] Benchmark QF_NRA/meti-tarski/exp/problem/10/2/exp-problem-10-2-chunk-0107.smt2: solved=True, runtime=0.30s, PAR-2=0.30s
[DEBUG] Processing 608/2482: QF_NRA/meti-tarski/polypaver/bench-exp-3d/polypaver-bench-exp-3d-chunk-0030.smt2
[DEBUG] Predicted solver: Z3alpha for benchmark QF_NRA/meti-tarski/polypaver/bench-exp-3d/polypaver-bench-exp-3d-chunk-0030.smt2
[DEBUG] Benchmark QF_NRA/meti-tarski/polypaver/bench-exp-3d/polypaver-bench-exp-3d-chunk-0030.smt2: solved=True, runtime=0.29s, PAR-2=0.29s
[DEBUG] Processing 609/2482: QF_NRA/20161105-Sturm-MBO/mbo_E6E18.smt2
[DEBUG] Predicted solver: SMTInterpol for benchmark QF_NRA/20161105-Sturm-MBO/mbo_E6E18.smt2
[DEBUG] Benchmark QF_NRA/20161105-Sturm-MBO/mbo_E6E18.smt2: solved=True, runtime=2.28s, PAR-2=2.28s
[DEBUG] Processing 610/2482: QF_NRA/LassoRanker/CooperatingT2/toeplz.t2.c_Iteration10_Loop_3-pieceTemplate.smt2
[DEBUG] Predicted solver: SMTInterpol for benchmark QF_NRA/LassoRanker/CooperatingT2/toeplz.t2.c_Iteration10_Loop_3-pieceTemplate.smt2
[DEBUG] Benchmark QF_NRA/LassoRanker/CooperatingT2/toeplz.t2.c_Iteration10_Loop_3-pieceTemplate.smt2: solved=True, runtime=1.04s, PAR-2=1.04s
[DEBUG] Processing 611/2482: QF_NRA/hycomp/ball_count_1d_plain.05.seq_lazy_linear_enc_global_15.smt2
[DEBUG] Predicted solver: Yices2 for benchmark QF_NRA/hycomp/ball_count_1d_plain.05.seq_lazy_linear_enc_global_15.smt2
[DEBUG] Benchmark QF_NRA/hycomp/ball_count_1d_plain.05.seq_lazy_linear_enc_global_15.smt2: solved=True, runtime=0.23s, PAR-2=0.23s
[DEBUG] Processing 612/2482: QF_NRA/meti-tarski/sin/344/3/sin-344-3-chunk-0047.smt2
[DEBUG] Predicted solver: Z3alpha for benchmark QF_NRA/meti-tarski/sin/344/3/sin-344-3-chunk-0047.smt2
[DEBUG] Benchmark QF_NRA/meti-tarski/sin/344/3/sin-344-3-chunk-0047.smt2: solved=True, runtime=0.30s, PAR-2=0.30s
[DEBUG] Processing 613/2482: QF_NRA/LassoRanker/CooperatingT2/flipflop.t2.c_Iteration1_Lasso_2-pieceTemplate.smt2
[DEBUG] Predicted solver: SMTInterpol for benchmark QF_NRA/LassoRanker/CooperatingT2/flipflop.t2.c_Iteration1_Lasso_2-pieceTemplate.smt2
[DEBUG] Benchmark QF_NRA/LassoRanker/CooperatingT2/flipflop.t2.c_Iteration1_Lasso_2-pieceTemplate.smt2: solved=True, runtime=0.62s, PAR-2=0.62s
[DEBUG] Processing 614/2482: QF_NRA/meti-tarski/atan/problem/2/weak/atan-problem-2-weak-chunk-0189.smt2
[DEBUG] Predicted solver: Z3alpha for benchmark QF_NRA/meti-tarski/atan/problem/2/weak/atan-problem-2-weak-chunk-0189.smt2
[DEBUG] Benchmark QF_NRA/meti-tarski/atan/problem/2/weak/atan-problem-2-weak-chunk-0189.smt2: solved=True, runtime=0.27s, PAR-2=0.27s
[DEBUG] Processing 615/2482: QF_NRA/meti-tarski/atan/problem/1/weak/atan-problem-1-weak-chunk-0013.smt2
[DEBUG] Predicted solver: Z3alpha for benchmark QF_NRA/meti-tarski/atan/problem/1/weak/atan-problem-1-weak-chunk-0013.smt2
[DEBUG] Benchmark QF_NRA/meti-tarski/atan/problem/1/weak/atan-problem-1-weak-chunk-0013.smt2: solved=True, runtime=0.27s, PAR-2=0.27s
[DEBUG] Processing 616/2482: QF_NRA/LassoRanker/Ultimate/Garmisch.bpl_Iteration1_Loop_4-pieceTemplate.smt2
[DEBUG] Predicted solver: SMTInterpol for benchmark QF_NRA/LassoRanker/Ultimate/Garmisch.bpl_Iteration1_Loop_4-pieceTemplate.smt2
[DEBUG] Benchmark QF_NRA/LassoRanker/Ultimate/Garmisch.bpl_Iteration1_Loop_4-pieceTemplate.smt2: solved=True, runtime=0.83s, PAR-2=0.83s
[DEBUG] Processing 617/2482: QF_NRA/20220314-Uncu/Rational_Function_Proof_Calls_With_Disjunctive_Denominator_Simplifications/DDC_ProveIneq_ISSAC05_Bessack_3_m2.smt2
[DEBUG] Predicted solver: Z3alpha for benchmark QF_NRA/20220314-Uncu/Rational_Function_Proof_Calls_With_Disjunctive_Denominator_Simplifications/DDC_ProveIneq_ISSAC05_Bessack_3_m2.smt2
[DEBUG] Benchmark QF_NRA/20220314-Uncu/Rational_Function_Proof_Calls_With_Disjunctive_Denominator_Simplifications/DDC_ProveIneq_ISSAC05_Bessack_3_m2.smt2: solved=True, runtime=0.27s, PAR-2=0.27s
[DEBUG] Processing 618/2482: QF_NRA/hycomp/ball_count_2d_slope.01.seq_lazy_linear_enc_lemmas_global_15.smt2
[DEBUG] Predicted solver: SMTInterpol for benchmark QF_NRA/hycomp/ball_count_2d_slope.01.seq_lazy_linear_enc_lemmas_global_15.smt2
[DEBUG] Benchmark QF_NRA/hycomp/ball_count_2d_slope.01.seq_lazy_linear_enc_lemmas_global_15.smt2: solved=True, runtime=1.37s, PAR-2=1.37s
[DEBUG] Processing 619/2482: QF_NRA/meti-tarski/Nichols-Plot/Inverted-Pendulum/Nichols-Plot-Inverted-Pendulum-Fails-1-6-chunk-0022.smt2
[DEBUG] Predicted solver: Z3alpha for benchmark QF_NRA/meti-tarski/Nichols-Plot/Inverted-Pendulum/Nichols-Plot-Inverted-Pendulum-Fails-1-6-chunk-0022.smt2
[DEBUG] Benchmark QF_NRA/meti-tarski/Nichols-Plot/Inverted-Pendulum/Nichols-Plot-Inverted-Pendulum-Fails-1-6-chunk-0022.smt2: solved=True, runtime=0.27s, PAR-2=0.27s
[DEBUG] Processing 620/2482: QF_NRA/20161105-Sturm-MBO/mbo_E8E14.smt2
[DEBUG] Predicted solver: SMTInterpol for benchmark QF_NRA/20161105-Sturm-MBO/mbo_E8E14.smt2
[DEBUG] Benchmark QF_NRA/20161105-Sturm-MBO/mbo_E8E14.smt2: solved=True, runtime=2.74s, PAR-2=2.74s
[DEBUG] Processing 621/2482: QF_NRA/20180501-Economics-Mulligan/MulliganEconomicsModel1001a.smt2
[DEBUG] Predicted solver: SMTInterpol for benchmark QF_NRA/20180501-Economics-Mulligan/MulliganEconomicsModel1001a.smt2
[DEBUG] Benchmark QF_NRA/20180501-Economics-Mulligan/MulliganEconomicsModel1001a.smt2: solved=True, runtime=0.52s, PAR-2=0.52s
[DEBUG] Processing 622/2482: QF_NRA/hycomp/ball_count_2d_hill.05.seq_lazy_linear_enc_lemmas_global_15.smt2
[DEBUG] Predicted solver: SMTInterpol for benchmark QF_NRA/hycomp/ball_count_2d_hill.05.seq_lazy_linear_enc_lemmas_global_15.smt2
[DEBUG] Benchmark QF_NRA/hycomp/ball_count_2d_hill.05.seq_lazy_linear_enc_lemmas_global_15.smt2: solved=True, runtime=1.35s, PAR-2=1.35s
[DEBUG] Processing 623/2482: QF_NRA/meti-tarski/polypaver/bench-sqrt-3d/polypaver-bench-sqrt-3d-chunk-0185.smt2
[DEBUG] Predicted solver: Z3alpha for benchmark QF_NRA/meti-tarski/polypaver/bench-sqrt-3d/polypaver-bench-sqrt-3d-chunk-0185.smt2
[DEBUG] Benchmark QF_NRA/meti-tarski/polypaver/bench-sqrt-3d/polypaver-bench-sqrt-3d-chunk-0185.smt2: solved=True, runtime=0.27s, PAR-2=0.27s
[DEBUG] Processing 624/2482: QF_NRA/meti-tarski/polypaver/bench-sqrt-3d/polypaver-bench-sqrt-3d-chunk-0475.smt2
[DEBUG] Predicted solver: Z3alpha for benchmark QF_NRA/meti-tarski/polypaver/bench-sqrt-3d/polypaver-bench-sqrt-3d-chunk-0475.smt2
[DEBUG] Benchmark QF_NRA/meti-tarski/polypaver/bench-sqrt-3d/polypaver-bench-sqrt-3d-chunk-0475.smt2: solved=True, runtime=0.27s, PAR-2=0.27s
[DEBUG] Processing 625/2482: QF_NRA/hycomp/simple_ballistics_reach.01.seq_lazy_global_14.smt2
[DEBUG] Predicted solver: SMTInterpol for benchmark QF_NRA/hycomp/simple_ballistics_reach.01.seq_lazy_global_14.smt2
[DEBUG] Benchmark QF_NRA/hycomp/simple_ballistics_reach.01.seq_lazy_global_14.smt2: solved=True, runtime=1.25s, PAR-2=1.25s
[DEBUG] Processing 626/2482: QF_NRA/hycomp/ball_count_2d_plain.02.seq_lazy_linear_enc_lemmas_global_8.smt2
[DEBUG] Predicted solver: SMTInterpol for benchmark QF_NRA/hycomp/ball_count_2d_plain.02.seq_lazy_linear_enc_lemmas_global_8.smt2
[DEBUG] Benchmark QF_NRA/hycomp/ball_count_2d_plain.02.seq_lazy_linear_enc_lemmas_global_8.smt2: solved=True, runtime=0.86s, PAR-2=0.86s
[DEBUG] Processing 627/2482: QF_NRA/zankl/matrix-1-all-29.smt2
[DEBUG] Predicted solver: SMTInterpol for benchmark QF_NRA/zankl/matrix-1-all-29.smt2
[DEBUG] Benchmark QF_NRA/zankl/matrix-1-all-29.smt2: solved=True, runtime=0.46s, PAR-2=0.46s
[DEBUG] Processing 628/2482: QF_NRA/hycomp/ball_count_2d_slope.02.seq_lazy_linear_enc_lemmas_global_14.smt2
[DEBUG] Predicted solver: SMTInterpol for benchmark QF_NRA/hycomp/ball_count_2d_slope.02.seq_lazy_linear_enc_lemmas_global_14.smt2
[DEBUG] Benchmark QF_NRA/hycomp/ball_count_2d_slope.02.seq_lazy_linear_enc_lemmas_global_14.smt2: solved=True, runtime=1.23s, PAR-2=1.23s
[DEBUG] Processing 629/2482: QF_NRA/meti-tarski/atan/problem/1/atan-problem-1-chunk-0084.smt2
[DEBUG] Predicted solver: Z3alpha for benchmark QF_NRA/meti-tarski/atan/problem/1/atan-problem-1-chunk-0084.smt2
[DEBUG] Benchmark QF_NRA/meti-tarski/atan/problem/1/atan-problem-1-chunk-0084.smt2: solved=True, runtime=0.27s, PAR-2=0.27s
[DEBUG] Processing 630/2482: QF_NRA/20240407-pPDA-Chiari-Pontiggia-Winkler/certificate_hints/call_ret_loop_1_POMC_hints.smt2
[DEBUG] Predicted solver: SMTInterpol for benchmark QF_NRA/20240407-pPDA-Chiari-Pontiggia-Winkler/certificate_hints/call_ret_loop_1_POMC_hints.smt2
[DEBUG] Benchmark QF_NRA/20240407-pPDA-Chiari-Pontiggia-Winkler/certificate_hints/call_ret_loop_1_POMC_hints.smt2: solved=True, runtime=0.52s, PAR-2=0.52s
[DEBUG] Processing 631/2482: QF_NRA/meti-tarski/exp/problem/10/3/exp-problem-10-3-chunk-0020.smt2
[DEBUG] Predicted solver: Z3alpha for benchmark QF_NRA/meti-tarski/exp/problem/10/3/exp-problem-10-3-chunk-0020.smt2
[DEBUG] Benchmark QF_NRA/meti-tarski/exp/problem/10/3/exp-problem-10-3-chunk-0020.smt2: solved=True, runtime=0.27s, PAR-2=0.27s
[DEBUG] Processing 632/2482: QF_NRA/meti-tarski/exp/problem/10/2/exp-problem-10-2-chunk-0192.smt2
[DEBUG] Predicted solver: Z3alpha for benchmark QF_NRA/meti-tarski/exp/problem/10/2/exp-problem-10-2-chunk-0192.smt2
[DEBUG] Benchmark QF_NRA/meti-tarski/exp/problem/10/2/exp-problem-10-2-chunk-0192.smt2: solved=True, runtime=0.30s, PAR-2=0.30s
[DEBUG] Processing 633/2482: QF_NRA/meti-tarski/exp/problem/10/2/exp-problem-10-2-chunk-0132.smt2
[DEBUG] Predicted solver: Z3alpha for benchmark QF_NRA/meti-tarski/exp/problem/10/2/exp-problem-10-2-chunk-0132.smt2
[DEBUG] Benchmark QF_NRA/meti-tarski/exp/problem/10/2/exp-problem-10-2-chunk-0132.smt2: solved=True, runtime=0.27s, PAR-2=0.27s
[DEBUG] Processing 634/2482: QF_NRA/meti-tarski/atan/vega/3/weak/atan-vega-3-weak-chunk-0515.smt2
[DEBUG] Predicted solver: Z3alpha for benchmark QF_NRA/meti-tarski/atan/vega/3/weak/atan-vega-3-weak-chunk-0515.smt2
[DEBUG] Benchmark QF_NRA/meti-tarski/atan/vega/3/weak/atan-vega-3-weak-chunk-0515.smt2: solved=True, runtime=0.32s, PAR-2=0.32s
[DEBUG] Processing 635/2482: QF_NRA/meti-tarski/sqrt/1mcosq/7/sqrt-1mcosq-7-chunk-0079.smt2
[DEBUG] Predicted solver: Z3alpha for benchmark QF_NRA/meti-tarski/sqrt/1mcosq/7/sqrt-1mcosq-7-chunk-0079.smt2
[DEBUG] Benchmark QF_NRA/meti-tarski/sqrt/1mcosq/7/sqrt-1mcosq-7-chunk-0079.smt2: solved=True, runtime=0.27s, PAR-2=0.27s
[DEBUG] Processing 636/2482: QF_NRA/20161105-Sturm-MBO/mbo_E6E24.smt2
[DEBUG] Predicted solver: SMTInterpol for benchmark QF_NRA/20161105-Sturm-MBO/mbo_E6E24.smt2
[DEBUG] Benchmark QF_NRA/20161105-Sturm-MBO/mbo_E6E24.smt2: solved=True, runtime=2.45s, PAR-2=2.45s
[DEBUG] Processing 637/2482: QF_NRA/meti-tarski/atan/vega/3/atan-vega-3-chunk-0505.smt2
[DEBUG] Predicted solver: Z3alpha for benchmark QF_NRA/meti-tarski/atan/vega/3/atan-vega-3-chunk-0505.smt2
[DEBUG] Benchmark QF_NRA/meti-tarski/atan/vega/3/atan-vega-3-chunk-0505.smt2: solved=True, runtime=0.30s, PAR-2=0.30s
[DEBUG] Processing 638/2482: QF_NRA/LassoRanker/SV-COMP/CookSeeZuleger-2013TACAS-Fig7a_true-termination.c_Iteration1_Loop_3-phaseTemplate.smt2
[DEBUG] Predicted solver: SMTInterpol for benchmark QF_NRA/LassoRanker/SV-COMP/CookSeeZuleger-2013TACAS-Fig7a_true-termination.c_Iteration1_Loop_3-phaseTemplate.smt2
[DEBUG] Benchmark QF_NRA/LassoRanker/SV-COMP/CookSeeZuleger-2013TACAS-Fig7a_true-termination.c_Iteration1_Loop_3-phaseTemplate.smt2: solved=True, runtime=3.40s, PAR-2=3.40s
[DEBUG] Processing 639/2482: QF_NRA/20220314-Uncu/Polynomial_Proof_Calls/ProveIneq_ISSAC05_Bessack_4_0.smt2
[DEBUG] Predicted solver: Z3alpha for benchmark QF_NRA/20220314-Uncu/Polynomial_Proof_Calls/ProveIneq_ISSAC05_Bessack_4_0.smt2
[DEBUG] Benchmark QF_NRA/20220314-Uncu/Polynomial_Proof_Calls/ProveIneq_ISSAC05_Bessack_4_0.smt2: solved=True, runtime=0.27s, PAR-2=0.27s
[DEBUG] Processing 640/2482: QF_NRA/meti-tarski/sin/cos/sin-cos-346-b-chunk-0563.smt2
[DEBUG] Predicted solver: Z3alpha for benchmark QF_NRA/meti-tarski/sin/cos/sin-cos-346-b-chunk-0563.smt2
[DEBUG] Benchmark QF_NRA/meti-tarski/sin/cos/sin-cos-346-b-chunk-0563.smt2: solved=True, runtime=0.27s, PAR-2=0.27s
[DEBUG] Processing 641/2482: QF_NRA/hycomp/ball_count_2d_hill.01.seq_lazy_linear_enc_lemmas_global_13.smt2
[DEBUG] Predicted solver: SMTInterpol for benchmark QF_NRA/hycomp/ball_count_2d_hill.01.seq_lazy_linear_enc_lemmas_global_13.smt2
[DEBUG] Benchmark QF_NRA/hycomp/ball_count_2d_hill.01.seq_lazy_linear_enc_lemmas_global_13.smt2: solved=True, runtime=1.20s, PAR-2=1.20s
[DEBUG] Processing 642/2482: QF_NRA/hycomp/ball_count_1d_plain.02.seq_lazy_linear_enc_lemmas_global_14.smt2
[DEBUG] Predicted solver: SMTInterpol for benchmark QF_NRA/hycomp/ball_count_1d_plain.02.seq_lazy_linear_enc_lemmas_global_14.smt2
[DEBUG] Benchmark QF_NRA/hycomp/ball_count_1d_plain.02.seq_lazy_linear_enc_lemmas_global_14.smt2: solved=True, runtime=0.95s, PAR-2=0.95s
[DEBUG] Processing 643/2482: QF_NRA/20161105-Sturm-MBO/mbo_E22E23.smt2
[DEBUG] Predicted solver: SMTInterpol for benchmark QF_NRA/20161105-Sturm-MBO/mbo_E22E23.smt2
[DEBUG] Benchmark QF_NRA/20161105-Sturm-MBO/mbo_E22E23.smt2: solved=True, runtime=0.44s, PAR-2=0.44s
[DEBUG] Processing 644/2482: QF_NRA/meti-tarski/sin/cos/sin-cos-346-b-chunk-0510.smt2
[DEBUG] Predicted solver: Z3alpha for benchmark QF_NRA/meti-tarski/sin/cos/sin-cos-346-b-chunk-0510.smt2
[DEBUG] Benchmark QF_NRA/meti-tarski/sin/cos/sin-cos-346-b-chunk-0510.smt2: solved=True, runtime=0.27s, PAR-2=0.27s
[DEBUG] Processing 645/2482: QF_NRA/hycomp/ball_count_2d_slope.04.seq_lazy_linear_enc_lemmas_global_8.smt2
[DEBUG] Predicted solver: SMTInterpol for benchmark QF_NRA/hycomp/ball_count_2d_slope.04.seq_lazy_linear_enc_lemmas_global_8.smt2
[DEBUG] Benchmark QF_NRA/hycomp/ball_count_2d_slope.04.seq_lazy_linear_enc_lemmas_global_8.smt2: solved=True, runtime=0.99s, PAR-2=0.99s
[DEBUG] Processing 646/2482: QF_NRA/meti-tarski/exp/problem/10/2/exp-problem-10-2-chunk-0158.smt2
[DEBUG] Predicted solver: Z3alpha for benchmark QF_NRA/meti-tarski/exp/problem/10/2/exp-problem-10-2-chunk-0158.smt2
[DEBUG] Benchmark QF_NRA/meti-tarski/exp/problem/10/2/exp-problem-10-2-chunk-0158.smt2: solved=True, runtime=0.27s, PAR-2=0.27s
[DEBUG] Processing 647/2482: QF_NRA/meti-tarski/sqrt/1mcosq/8/sqrt-1mcosq-8-chunk-0448.smt2
[DEBUG] Predicted solver: Z3alpha for benchmark QF_NRA/meti-tarski/sqrt/1mcosq/8/sqrt-1mcosq-8-chunk-0448.smt2
[DEBUG] Benchmark QF_NRA/meti-tarski/sqrt/1mcosq/8/sqrt-1mcosq-8-chunk-0448.smt2: solved=True, runtime=0.30s, PAR-2=0.30s
[DEBUG] Processing 648/2482: QF_NRA/hycomp/ball_count_2d_hill_simple.04.seq_lazy_linear_enc_lemmas_global_14.smt2
[DEBUG] Predicted solver: Yices2 for benchmark QF_NRA/hycomp/ball_count_2d_hill_simple.04.seq_lazy_linear_enc_lemmas_global_14.smt2
[DEBUG] Benchmark QF_NRA/hycomp/ball_count_2d_hill_simple.04.seq_lazy_linear_enc_lemmas_global_14.smt2: solved=True, runtime=0.64s, PAR-2=0.64s
[DEBUG] Processing 649/2482: QF_NRA/hycomp/ball_count_2d_hill.03.seq_lazy_global_13.smt2
[DEBUG] Predicted solver: SMTInterpol for benchmark QF_NRA/hycomp/ball_count_2d_hill.03.seq_lazy_global_13.smt2
[DEBUG] Benchmark QF_NRA/hycomp/ball_count_2d_hill.03.seq_lazy_global_13.smt2: solved=True, runtime=1.18s, PAR-2=1.18s
[DEBUG] Processing 650/2482: QF_NRA/meti-tarski/Chua/2/VC1/U/Chua-2-VC1-U-chunk-0091.smt2
[DEBUG] Predicted solver: Z3alpha for benchmark QF_NRA/meti-tarski/Chua/2/VC1/U/Chua-2-VC1-U-chunk-0091.smt2
[DEBUG] Benchmark QF_NRA/meti-tarski/Chua/2/VC1/U/Chua-2-VC1-U-chunk-0091.smt2: solved=True, runtime=0.27s, PAR-2=0.27s
[DEBUG] Processing 651/2482: QF_NRA/hycomp/ball_count_1d_plain.04.seq_lazy_linear_enc_lemmas_global_10.smt2
[DEBUG] Predicted solver: SMTInterpol for benchmark QF_NRA/hycomp/ball_count_1d_plain.04.seq_lazy_linear_enc_lemmas_global_10.smt2
[DEBUG] Benchmark QF_NRA/hycomp/ball_count_1d_plain.04.seq_lazy_linear_enc_lemmas_global_10.smt2: solved=True, runtime=0.88s, PAR-2=0.88s
[DEBUG] Processing 652/2482: QF_NRA/meti-tarski/exp/problem/10/2/exp-problem-10-2-chunk-0151.smt2
[DEBUG] Predicted solver: Z3alpha for benchmark QF_NRA/meti-tarski/exp/problem/10/2/exp-problem-10-2-chunk-0151.smt2
[DEBUG] Benchmark QF_NRA/meti-tarski/exp/problem/10/2/exp-problem-10-2-chunk-0151.smt2: solved=True, runtime=0.27s, PAR-2=0.27s
[DEBUG] Processing 653/2482: QF_NRA/LassoRanker/CooperatingT2/toeplz.t2.c_Iteration7_Loop_4-pieceTemplate.smt2
[DEBUG] Predicted solver: SMTInterpol for benchmark QF_NRA/LassoRanker/CooperatingT2/toeplz.t2.c_Iteration7_Loop_4-pieceTemplate.smt2
[DEBUG] Benchmark QF_NRA/LassoRanker/CooperatingT2/toeplz.t2.c_Iteration7_Loop_4-pieceTemplate.smt2: solved=True, runtime=1.34s, PAR-2=1.34s
[DEBUG] Processing 654/2482: QF_NRA/hycomp/ball_count_1d_plain.04.seq_lazy_global_11.smt2
[DEBUG] Predicted solver: SMTInterpol for benchmark QF_NRA/hycomp/ball_count_1d_plain.04.seq_lazy_global_11.smt2
[DEBUG] Benchmark QF_NRA/hycomp/ball_count_1d_plain.04.seq_lazy_global_11.smt2: solved=True, runtime=0.93s, PAR-2=0.93s
[DEBUG] Processing 655/2482: QF_NRA/UltimateAutomizer/InVarSynth_DivisibilityInterpolantRequired02-ForwardSuccess.bpl_Iteration1_0.smt2
[DEBUG] Predicted solver: SMTInterpol for benchmark QF_NRA/UltimateAutomizer/InVarSynth_DivisibilityInterpolantRequired02-ForwardSuccess.bpl_Iteration1_0.smt2
[DEBUG] Benchmark QF_NRA/UltimateAutomizer/InVarSynth_DivisibilityInterpolantRequired02-ForwardSuccess.bpl_Iteration1_0.smt2: solved=True, runtime=0.62s, PAR-2=0.62s
[DEBUG] Processing 656/2482: QF_NRA/hycomp/etcs_braking_2.01.seq_lazy_lemmas_global_13.smt2
[DEBUG] Predicted solver: SMTInterpol for benchmark QF_NRA/hycomp/etcs_braking_2.01.seq_lazy_lemmas_global_13.smt2
[DEBUG] Benchmark QF_NRA/hycomp/etcs_braking_2.01.seq_lazy_lemmas_global_13.smt2: solved=True, runtime=1.97s, PAR-2=1.97s
[DEBUG] Processing 657/2482: QF_NRA/meti-tarski/CMOS/CMOS-opamp-chunk-0317.smt2
[DEBUG] Predicted solver: Z3alpha for benchmark QF_NRA/meti-tarski/CMOS/CMOS-opamp-chunk-0317.smt2
[DEBUG] Benchmark QF_NRA/meti-tarski/CMOS/CMOS-opamp-chunk-0317.smt2: solved=True, runtime=0.38s, PAR-2=0.38s
[DEBUG] Processing 658/2482: QF_NRA/hycomp/ball_count_2d_hill.05.seq_lazy_global_12.smt2
[DEBUG] Predicted solver: SMTInterpol for benchmark QF_NRA/hycomp/ball_count_2d_hill.05.seq_lazy_global_12.smt2
[DEBUG] Benchmark QF_NRA/hycomp/ball_count_2d_hill.05.seq_lazy_global_12.smt2: solved=True, runtime=1.07s, PAR-2=1.07s
[DEBUG] Processing 659/2482: QF_NRA/meti-tarski/sqrt/1mcosq/7/sqrt-1mcosq-7-chunk-0225.smt2
[DEBUG] Predicted solver: Z3alpha for benchmark QF_NRA/meti-tarski/sqrt/1mcosq/7/sqrt-1mcosq-7-chunk-0225.smt2
[DEBUG] Benchmark QF_NRA/meti-tarski/sqrt/1mcosq/7/sqrt-1mcosq-7-chunk-0225.smt2: solved=True, runtime=0.28s, PAR-2=0.28s
[DEBUG] Processing 660/2482: QF_NRA/meti-tarski/sin/problem/8/weak/sin-problem-8-weak-chunk-0057.smt2
[DEBUG] Predicted solver: Z3alpha for benchmark QF_NRA/meti-tarski/sin/problem/8/weak/sin-problem-8-weak-chunk-0057.smt2
[DEBUG] Benchmark QF_NRA/meti-tarski/sin/problem/8/weak/sin-problem-8-weak-chunk-0057.smt2: solved=True, runtime=0.32s, PAR-2=0.32s
[DEBUG] Processing 661/2482: QF_NRA/meti-tarski/exp/problem/10/2/exp-problem-10-2-chunk-0203.smt2
[DEBUG] Predicted solver: Z3alpha for benchmark QF_NRA/meti-tarski/exp/problem/10/2/exp-problem-10-2-chunk-0203.smt2
[DEBUG] Benchmark QF_NRA/meti-tarski/exp/problem/10/2/exp-problem-10-2-chunk-0203.smt2: solved=True, runtime=0.28s, PAR-2=0.28s
[DEBUG] Processing 662/2482: QF_NRA/LassoRanker/Ultimate/2013POPL-BenAmGen-Ex4.2.bpl_Iteration1_Lasso_2-pieceTemplate.smt2
[DEBUG] Predicted solver: SMTInterpol for benchmark QF_NRA/LassoRanker/Ultimate/2013POPL-BenAmGen-Ex4.2.bpl_Iteration1_Lasso_2-pieceTemplate.smt2
[DEBUG] Benchmark QF_NRA/LassoRanker/Ultimate/2013POPL-BenAmGen-Ex4.2.bpl_Iteration1_Lasso_2-pieceTemplate.smt2: solved=True, runtime=0.63s, PAR-2=0.63s
[DEBUG] Processing 663/2482: QF_NRA/LassoRanker/Ultimate/Lobnya-Boolean-Reordered.bpl_Iteration1_Loop_3-pieceTemplate.smt2
[DEBUG] Predicted solver: SMTInterpol for benchmark QF_NRA/LassoRanker/Ultimate/Lobnya-Boolean-Reordered.bpl_Iteration1_Loop_3-pieceTemplate.smt2
[DEBUG] Benchmark QF_NRA/LassoRanker/Ultimate/Lobnya-Boolean-Reordered.bpl_Iteration1_Loop_3-pieceTemplate.smt2: solved=True, runtime=2.09s, PAR-2=2.09s
[DEBUG] Processing 664/2482: QF_NRA/20161105-Sturm-MBO/mbo_E12.smt2
[DEBUG] Predicted solver: SMTInterpol for benchmark QF_NRA/20161105-Sturm-MBO/mbo_E12.smt2
[DEBUG] Benchmark QF_NRA/20161105-Sturm-MBO/mbo_E12.smt2: solved=True, runtime=0.53s, PAR-2=0.53s
[DEBUG] Processing 665/2482: QF_NRA/kissing/kissing_3_6.smt2
[DEBUG] Predicted solver: SMTInterpol for benchmark QF_NRA/kissing/kissing_3_6.smt2
[DEBUG] Benchmark QF_NRA/kissing/kissing_3_6.smt2: solved=True, runtime=0.45s, PAR-2=0.45s
[DEBUG] Processing 666/2482: QF_NRA/hycomp/ball_count_2d_hill.05.seq_lazy_linear_enc_global_8.smt2
[DEBUG] Predicted solver: SMTInterpol for benchmark QF_NRA/hycomp/ball_count_2d_hill.05.seq_lazy_linear_enc_global_8.smt2
[DEBUG] Benchmark QF_NRA/hycomp/ball_count_2d_hill.05.seq_lazy_linear_enc_global_8.smt2: solved=True, runtime=0.96s, PAR-2=0.96s
[DEBUG] Processing 667/2482: QF_NRA/20200911-Pine/1599121906174154000.smt2
[DEBUG] Predicted solver: Z3alpha for benchmark QF_NRA/20200911-Pine/1599121906174154000.smt2
[DEBUG] Benchmark QF_NRA/20200911-Pine/1599121906174154000.smt2: solved=True, runtime=4.04s, PAR-2=4.04s
[DEBUG] Processing 668/2482: QF_NRA/LassoRanker/SV-COMP/BradleyMannaSipma-2005CAV-Fig1_true-termination.c_Iteration1_Lasso_3-pieceTemplate.smt2
[DEBUG] Predicted solver: SMTInterpol for benchmark QF_NRA/LassoRanker/SV-COMP/BradleyMannaSipma-2005CAV-Fig1_true-termination.c_Iteration1_Lasso_3-pieceTemplate.smt2
[DEBUG] Benchmark QF_NRA/LassoRanker/SV-COMP/BradleyMannaSipma-2005CAV-Fig1_true-termination.c_Iteration1_Lasso_3-pieceTemplate.smt2: solved=True, runtime=9.27s, PAR-2=9.27s
[DEBUG] Processing 669/2482: QF_NRA/meti-tarski/CMOS/CMOS-opamp-chunk-0082.smt2
[DEBUG] Predicted solver: Z3alpha for benchmark QF_NRA/meti-tarski/CMOS/CMOS-opamp-chunk-0082.smt2
[DEBUG] Benchmark QF_NRA/meti-tarski/CMOS/CMOS-opamp-chunk-0082.smt2: solved=True, runtime=0.27s, PAR-2=0.27s
[DEBUG] Processing 670/2482: QF_NRA/meti-tarski/atan/vega/3/atan-vega-3-chunk-0448.smt2
[DEBUG] Predicted solver: Z3alpha for benchmark QF_NRA/meti-tarski/atan/vega/3/atan-vega-3-chunk-0448.smt2
[DEBUG] Benchmark QF_NRA/meti-tarski/atan/vega/3/atan-vega-3-chunk-0448.smt2: solved=True, runtime=0.40s, PAR-2=0.40s
[DEBUG] Processing 671/2482: QF_NRA/hycomp/ball_count_2d_slope.01.seq_lazy_lemmas_global_12.smt2
[DEBUG] Predicted solver: SMTInterpol for benchmark QF_NRA/hycomp/ball_count_2d_slope.01.seq_lazy_lemmas_global_12.smt2
[DEBUG] Benchmark QF_NRA/hycomp/ball_count_2d_slope.01.seq_lazy_lemmas_global_12.smt2: solved=True, runtime=1.35s, PAR-2=1.35s
[DEBUG] Processing 672/2482: QF_NRA/20161105-Sturm-MBO/mbo_E2E19.smt2
[DEBUG] Predicted solver: SMTInterpol for benchmark QF_NRA/20161105-Sturm-MBO/mbo_E2E19.smt2
[DEBUG] Benchmark QF_NRA/20161105-Sturm-MBO/mbo_E2E19.smt2: solved=True, runtime=2.22s, PAR-2=2.22s
[DEBUG] Processing 673/2482: QF_NRA/hycomp/ball_count_2d_plain.02.redlog_global_8.smt2
[DEBUG] Predicted solver: SMTInterpol for benchmark QF_NRA/hycomp/ball_count_2d_plain.02.redlog_global_8.smt2
[DEBUG] Benchmark QF_NRA/hycomp/ball_count_2d_plain.02.redlog_global_8.smt2: solved=True, runtime=0.90s, PAR-2=0.90s
[DEBUG] Processing 674/2482: QF_NRA/hycomp/ball_count_2d_plain.05.seq_lazy_lemmas_global_5.smt2
[DEBUG] Predicted solver: SMTInterpol for benchmark QF_NRA/hycomp/ball_count_2d_plain.05.seq_lazy_lemmas_global_5.smt2
[DEBUG] Benchmark QF_NRA/hycomp/ball_count_2d_plain.05.seq_lazy_lemmas_global_5.smt2: solved=True, runtime=0.87s, PAR-2=0.87s
[DEBUG] Processing 675/2482: QF_NRA/hycomp/etcs_braking_2.01.seq_lazy_lemmas_global_12.smt2
[DEBUG] Predicted solver: SMTInterpol for benchmark QF_NRA/hycomp/etcs_braking_2.01.seq_lazy_lemmas_global_12.smt2
[DEBUG] Benchmark QF_NRA/hycomp/etcs_braking_2.01.seq_lazy_lemmas_global_12.smt2: solved=True, runtime=2.05s, PAR-2=2.05s
[DEBUG] Processing 676/2482: QF_NRA/meti-tarski/sin/problem/7/sin-problem-7-chunk-0100.smt2
[DEBUG] Predicted solver: Z3alpha for benchmark QF_NRA/meti-tarski/sin/problem/7/sin-problem-7-chunk-0100.smt2
[DEBUG] Benchmark QF_NRA/meti-tarski/sin/problem/7/sin-problem-7-chunk-0100.smt2: solved=True, runtime=0.27s, PAR-2=0.27s
[DEBUG] Processing 677/2482: QF_NRA/hycomp/ball_count_2d_slope.10.seq_lazy_linear_enc_lemmas_global_6.smt2
[DEBUG] Predicted solver: SMTInterpol for benchmark QF_NRA/hycomp/ball_count_2d_slope.10.seq_lazy_linear_enc_lemmas_global_6.smt2
[DEBUG] Benchmark QF_NRA/hycomp/ball_count_2d_slope.10.seq_lazy_linear_enc_lemmas_global_6.smt2: solved=True, runtime=1.00s, PAR-2=1.00s
[DEBUG] Processing 678/2482: QF_NRA/LassoRanker/CooperatingT2/p-46.t2.c_Iteration2_Loop_6-phaseTemplate.smt2
[DEBUG] Predicted solver: SMTInterpol for benchmark QF_NRA/LassoRanker/CooperatingT2/p-46.t2.c_Iteration2_Loop_6-phaseTemplate.smt2
[DEBUG] Benchmark QF_NRA/LassoRanker/CooperatingT2/p-46.t2.c_Iteration2_Loop_6-phaseTemplate.smt2: solved=True, runtime=1.82s, PAR-2=1.82s
[DEBUG] Processing 679/2482: QF_NRA/LassoRanker/SV-COMP/TelAviv-Amir-Minimum_true-termination.c_Iteration1_Lasso_3-pieceTemplate.smt2
[DEBUG] Predicted solver: Z3alpha for benchmark QF_NRA/LassoRanker/SV-COMP/TelAviv-Amir-Minimum_true-termination.c_Iteration1_Lasso_3-pieceTemplate.smt2
[DEBUG] Benchmark QF_NRA/LassoRanker/SV-COMP/TelAviv-Amir-Minimum_true-termination.c_Iteration1_Lasso_3-pieceTemplate.smt2: solved=True, runtime=399.57s, PAR-2=399.57s
[DEBUG] Processing 680/2482: QF_NRA/hycomp/ball_count_2d_slope.03.seq_lazy_linear_enc_global_15.smt2
[DEBUG] Predicted solver: SMTInterpol for benchmark QF_NRA/hycomp/ball_count_2d_slope.03.seq_lazy_linear_enc_global_15.smt2
[DEBUG] Benchmark QF_NRA/hycomp/ball_count_2d_slope.03.seq_lazy_linear_enc_global_15.smt2: solved=True, runtime=1.35s, PAR-2=1.35s
[DEBUG] Processing 681/2482: QF_NRA/meti-tarski/exp/problem/10/2/exp-problem-10-2-chunk-0328.smt2
[DEBUG] Predicted solver: Z3alpha for benchmark QF_NRA/meti-tarski/exp/problem/10/2/exp-problem-10-2-chunk-0328.smt2
[DEBUG] Benchmark QF_NRA/meti-tarski/exp/problem/10/2/exp-problem-10-2-chunk-0328.smt2: solved=True, runtime=0.27s, PAR-2=0.27s
[DEBUG] Processing 682/2482: QF_NRA/hycomp/ball_count_2d_hill_simple.05.redlog_global_9.smt2
[DEBUG] Predicted solver: SMTInterpol for benchmark QF_NRA/hycomp/ball_count_2d_hill_simple.05.redlog_global_9.smt2
[DEBUG] Benchmark QF_NRA/hycomp/ball_count_2d_hill_simple.05.redlog_global_9.smt2: solved=True, runtime=0.92s, PAR-2=0.92s
[DEBUG] Processing 683/2482: QF_NRA/meti-tarski/sin/cos/sin-cos-346-b-chunk-0281.smt2
[DEBUG] Predicted solver: Z3alpha for benchmark QF_NRA/meti-tarski/sin/cos/sin-cos-346-b-chunk-0281.smt2
[DEBUG] Benchmark QF_NRA/meti-tarski/sin/cos/sin-cos-346-b-chunk-0281.smt2: solved=True, runtime=0.27s, PAR-2=0.27s
[DEBUG] Processing 684/2482: QF_NRA/LassoRanker/SV-COMP/GulwaniJainKoskinen-2009PLDI-Fig1_true-termination.c_Iteration1_Lasso_2-phaseTemplate.smt2
[DEBUG] Predicted solver: SMTInterpol for benchmark QF_NRA/LassoRanker/SV-COMP/GulwaniJainKoskinen-2009PLDI-Fig1_true-termination.c_Iteration1_Lasso_2-phaseTemplate.smt2
[DEBUG] Benchmark QF_NRA/LassoRanker/SV-COMP/GulwaniJainKoskinen-2009PLDI-Fig1_true-termination.c_Iteration1_Lasso_2-phaseTemplate.smt2: solved=True, runtime=6.34s, PAR-2=6.34s
[DEBUG] Processing 685/2482: QF_NRA/hycomp/ball_count_2d_hill_simple.04.seq_lazy_global_14.smt2
[DEBUG] Predicted solver: Yices2 for benchmark QF_NRA/hycomp/ball_count_2d_hill_simple.04.seq_lazy_global_14.smt2
[DEBUG] Benchmark QF_NRA/hycomp/ball_count_2d_hill_simple.04.seq_lazy_global_14.smt2: solved=True, runtime=0.63s, PAR-2=0.63s
[DEBUG] Processing 686/2482: QF_NRA/hycomp/etcs_braking_2.01.seq_lazy_lemmas_global_2.smt2
[DEBUG] Predicted solver: SMTInterpol for benchmark QF_NRA/hycomp/etcs_braking_2.01.seq_lazy_lemmas_global_2.smt2
[DEBUG] Benchmark QF_NRA/hycomp/etcs_braking_2.01.seq_lazy_lemmas_global_2.smt2: solved=True, runtime=0.92s, PAR-2=0.92s
[DEBUG] Processing 687/2482: QF_NRA/meti-tarski/sin/problem/7/weak2/sin-problem-7-weak2-chunk-0108.smt2
[DEBUG] Predicted solver: Z3alpha for benchmark QF_NRA/meti-tarski/sin/problem/7/weak2/sin-problem-7-weak2-chunk-0108.smt2
[DEBUG] Benchmark QF_NRA/meti-tarski/sin/problem/7/weak2/sin-problem-7-weak2-chunk-0108.smt2: solved=True, runtime=0.31s, PAR-2=0.31s
[DEBUG] Processing 688/2482: QF_NRA/hycomp/ball_count_2d_hill.05.seq_lazy_linear_enc_global_11.smt2
[DEBUG] Predicted solver: SMTInterpol for benchmark QF_NRA/hycomp/ball_count_2d_hill.05.seq_lazy_linear_enc_global_11.smt2
[DEBUG] Benchmark QF_NRA/hycomp/ball_count_2d_hill.05.seq_lazy_linear_enc_global_11.smt2: solved=True, runtime=1.08s, PAR-2=1.08s
[DEBUG] Processing 689/2482: QF_NRA/meti-tarski/sqrt/circles/3/sqrt-circles-3-chunk-0021.smt2
[DEBUG] Predicted solver: Z3alpha for benchmark QF_NRA/meti-tarski/sqrt/circles/3/sqrt-circles-3-chunk-0021.smt2
[DEBUG] Benchmark QF_NRA/meti-tarski/sqrt/circles/3/sqrt-circles-3-chunk-0021.smt2: solved=True, runtime=0.27s, PAR-2=0.27s
[DEBUG] Processing 690/2482: QF_NRA/20200911-Pine/1599120911869156000.smt2
[DEBUG] Predicted solver: Yices2 for benchmark QF_NRA/20200911-Pine/1599120911869156000.smt2
[DEBUG] Benchmark QF_NRA/20200911-Pine/1599120911869156000.smt2: solved=True, runtime=0.45s, PAR-2=0.45s
[DEBUG] Processing 691/2482: QF_NRA/hycomp/ball_count_2d_hill.03.seq_lazy_linear_enc_global_14.smt2
[DEBUG] Predicted solver: SMTInterpol for benchmark QF_NRA/hycomp/ball_count_2d_hill.03.seq_lazy_linear_enc_global_14.smt2
[DEBUG] Benchmark QF_NRA/hycomp/ball_count_2d_hill.03.seq_lazy_linear_enc_global_14.smt2: solved=True, runtime=1.10s, PAR-2=1.10s
[DEBUG] Processing 692/2482: QF_NRA/hycomp/ball_count_2d_hill.01.seq_lazy_linear_enc_lemmas_global_14.smt2
[DEBUG] Predicted solver: SMTInterpol for benchmark QF_NRA/hycomp/ball_count_2d_hill.01.seq_lazy_linear_enc_lemmas_global_14.smt2
[DEBUG] Benchmark QF_NRA/hycomp/ball_count_2d_hill.01.seq_lazy_linear_enc_lemmas_global_14.smt2: solved=True, runtime=1.18s, PAR-2=1.18s
[DEBUG] Processing 693/2482: QF_NRA/hycomp/simple_ballistics_reach.01.seq_lazy_linear_enc_lemmas_global_5.smt2
[DEBUG] Predicted solver: SMTInterpol for benchmark QF_NRA/hycomp/simple_ballistics_reach.01.seq_lazy_linear_enc_lemmas_global_5.smt2
[DEBUG] Benchmark QF_NRA/hycomp/simple_ballistics_reach.01.seq_lazy_linear_enc_lemmas_global_5.smt2: solved=True, runtime=0.85s, PAR-2=0.85s
[DEBUG] Processing 694/2482: QF_NRA/meti-tarski/atan/problem/2/weak2/atan-problem-2-weak2-chunk-0080.smt2
[DEBUG] Predicted solver: Z3alpha for benchmark QF_NRA/meti-tarski/atan/problem/2/weak2/atan-problem-2-weak2-chunk-0080.smt2
[DEBUG] Benchmark QF_NRA/meti-tarski/atan/problem/2/weak2/atan-problem-2-weak2-chunk-0080.smt2: solved=True, runtime=0.34s, PAR-2=0.34s
[DEBUG] Processing 695/2482: QF_NRA/meti-tarski/exp/problem/10/3/exp-problem-10-3-chunk-0167.smt2
[DEBUG] Predicted solver: Z3alpha for benchmark QF_NRA/meti-tarski/exp/problem/10/3/exp-problem-10-3-chunk-0167.smt2
[DEBUG] Benchmark QF_NRA/meti-tarski/exp/problem/10/3/exp-problem-10-3-chunk-0167.smt2: solved=True, runtime=0.32s, PAR-2=0.32s
[DEBUG] Processing 696/2482: QF_NRA/2019-ezsmt/reverseFolding/45-reverse_folding-0-0.smt2
[DEBUG] Predicted solver: Yices2 for benchmark QF_NRA/2019-ezsmt/reverseFolding/45-reverse_folding-0-0.smt2
[DEBUG] Benchmark QF_NRA/2019-ezsmt/reverseFolding/45-reverse_folding-0-0.smt2: solved=True, runtime=7.36s, PAR-2=7.36s
[DEBUG] Processing 697/2482: QF_NRA/meti-tarski/sin/problem/7/sin-problem-7-chunk-0201.smt2
[DEBUG] Predicted solver: Z3alpha for benchmark QF_NRA/meti-tarski/sin/problem/7/sin-problem-7-chunk-0201.smt2
[DEBUG] Benchmark QF_NRA/meti-tarski/sin/problem/7/sin-problem-7-chunk-0201.smt2: solved=True, runtime=0.27s, PAR-2=0.27s
[DEBUG] Processing 698/2482: QF_NRA/20161105-Sturm-MBO/mbo_E2E3.smt2
[DEBUG] Predicted solver: SMTInterpol for benchmark QF_NRA/20161105-Sturm-MBO/mbo_E2E3.smt2
[DEBUG] Benchmark QF_NRA/20161105-Sturm-MBO/mbo_E2E3.smt2: solved=True, runtime=2.28s, PAR-2=2.28s
[DEBUG] Processing 699/2482: QF_NRA/meti-tarski/exp/problem/10/3/exp-problem-10-3-chunk-0152.smt2
[DEBUG] Predicted solver: Z3alpha for benchmark QF_NRA/meti-tarski/exp/problem/10/3/exp-problem-10-3-chunk-0152.smt2
[DEBUG] Benchmark QF_NRA/meti-tarski/exp/problem/10/3/exp-problem-10-3-chunk-0152.smt2: solved=True, runtime=0.27s, PAR-2=0.27s
[DEBUG] Processing 700/2482: QF_NRA/hycomp/ball_count_2d_plain.10.seq_lazy_linear_enc_lemmas_global_8.smt2
[DEBUG] Predicted solver: SMTInterpol for benchmark QF_NRA/hycomp/ball_count_2d_plain.10.seq_lazy_linear_enc_lemmas_global_8.smt2
[DEBUG] Benchmark QF_NRA/hycomp/ball_count_2d_plain.10.seq_lazy_linear_enc_lemmas_global_8.smt2: solved=True, runtime=0.95s, PAR-2=0.95s
[DEBUG] Processing 701/2482: QF_NRA/hycomp/ball_count_2d_hill.02.redlog_global_12.smt2
[DEBUG] Predicted solver: SMTInterpol for benchmark QF_NRA/hycomp/ball_count_2d_hill.02.redlog_global_12.smt2
[DEBUG] Benchmark QF_NRA/hycomp/ball_count_2d_hill.02.redlog_global_12.smt2: solved=True, runtime=1.34s, PAR-2=1.34s
[DEBUG] Processing 702/2482: QF_NRA/20161105-Sturm-MBO/mbo_E19E28.smt2
[DEBUG] Predicted solver: SMTInterpol for benchmark QF_NRA/20161105-Sturm-MBO/mbo_E19E28.smt2
[DEBUG] Benchmark QF_NRA/20161105-Sturm-MBO/mbo_E19E28.smt2: solved=True, runtime=1.64s, PAR-2=1.64s
[DEBUG] Processing 703/2482: QF_NRA/20161105-Sturm-MBO/mbo_E8E19.smt2
[DEBUG] Predicted solver: SMTInterpol for benchmark QF_NRA/20161105-Sturm-MBO/mbo_E8E19.smt2
[DEBUG] Benchmark QF_NRA/20161105-Sturm-MBO/mbo_E8E19.smt2: solved=True, runtime=2.14s, PAR-2=2.14s
[DEBUG] Processing 704/2482: QF_NRA/hycomp/ball_count_2d_hill_simple.05.seq_lazy_global_15.smt2
[DEBUG] Predicted solver: Yices2 for benchmark QF_NRA/hycomp/ball_count_2d_hill_simple.05.seq_lazy_global_15.smt2
[DEBUG] Benchmark QF_NRA/hycomp/ball_count_2d_hill_simple.05.seq_lazy_global_15.smt2: solved=True, runtime=0.23s, PAR-2=0.23s
[DEBUG] Processing 705/2482: QF_NRA/20200911-Pine/1599121862442984000.smt2
[DEBUG] Predicted solver: Z3alpha for benchmark QF_NRA/20200911-Pine/1599121862442984000.smt2
[DEBUG] Benchmark QF_NRA/20200911-Pine/1599121862442984000.smt2: solved=True, runtime=0.30s, PAR-2=0.30s
[DEBUG] Processing 706/2482: QF_NRA/hycomp/ball_count_1d_plain.04.seq_lazy_linear_enc_global_15.smt2
[DEBUG] Predicted solver: Yices2 for benchmark QF_NRA/hycomp/ball_count_1d_plain.04.seq_lazy_linear_enc_global_15.smt2
[DEBUG] Benchmark QF_NRA/hycomp/ball_count_1d_plain.04.seq_lazy_linear_enc_global_15.smt2: solved=True, runtime=0.23s, PAR-2=0.23s
[DEBUG] Processing 707/2482: QF_NRA/LassoRanker/Ultimate/Collatz.bpl_Iteration1_Lasso_2-phaseTemplate.smt2
[DEBUG] Predicted solver: Yices2 for benchmark QF_NRA/LassoRanker/Ultimate/Collatz.bpl_Iteration1_Lasso_2-phaseTemplate.smt2
[DEBUG] Benchmark QF_NRA/LassoRanker/Ultimate/Collatz.bpl_Iteration1_Lasso_2-phaseTemplate.smt2: solved=True, runtime=12.42s, PAR-2=12.42s
[DEBUG] Processing 708/2482: QF_NRA/meti-tarski/atan/problem/2/weak/atan-problem-2-weak-chunk-0051.smt2
[DEBUG] Predicted solver: Z3alpha for benchmark QF_NRA/meti-tarski/atan/problem/2/weak/atan-problem-2-weak-chunk-0051.smt2
[DEBUG] Benchmark QF_NRA/meti-tarski/atan/problem/2/weak/atan-problem-2-weak-chunk-0051.smt2: solved=True, runtime=0.27s, PAR-2=0.27s
[DEBUG] Processing 709/2482: QF_NRA/20161105-Sturm-MBO/mbo_E7E21.smt2
[DEBUG] Predicted solver: SMTInterpol for benchmark QF_NRA/20161105-Sturm-MBO/mbo_E7E21.smt2
[DEBUG] Benchmark QF_NRA/20161105-Sturm-MBO/mbo_E7E21.smt2: solved=True, runtime=0.50s, PAR-2=0.50s
[DEBUG] Processing 710/2482: QF_NRA/zankl/matrix-1-all-43.smt2
[DEBUG] Predicted solver: SMTInterpol for benchmark QF_NRA/zankl/matrix-1-all-43.smt2
[DEBUG] Benchmark QF_NRA/zankl/matrix-1-all-43.smt2: solved=True, runtime=0.46s, PAR-2=0.46s
[DEBUG] Processing 711/2482: QF_NRA/hycomp/ball_count_1d_plain.10.seq_lazy_linear_enc_lemmas_global_6.smt2
[DEBUG] Predicted solver: SMTInterpol for benchmark QF_NRA/hycomp/ball_count_1d_plain.10.seq_lazy_linear_enc_lemmas_global_6.smt2
[DEBUG] Benchmark QF_NRA/hycomp/ball_count_1d_plain.10.seq_lazy_linear_enc_lemmas_global_6.smt2: solved=True, runtime=0.84s, PAR-2=0.84s
[DEBUG] Processing 712/2482: QF_NRA/hycomp/ball_count_2d_slope.03.seq_lazy_lemmas_global_8.smt2
[DEBUG] Predicted solver: SMTInterpol for benchmark QF_NRA/hycomp/ball_count_2d_slope.03.seq_lazy_lemmas_global_8.smt2
[DEBUG] Benchmark QF_NRA/hycomp/ball_count_2d_slope.03.seq_lazy_lemmas_global_8.smt2: solved=True, runtime=1.06s, PAR-2=1.06s
[DEBUG] Processing 713/2482: QF_NRA/meti-tarski/atan/problem/2/atan-problem-2-chunk-0082.smt2
[DEBUG] Predicted solver: Z3alpha for benchmark QF_NRA/meti-tarski/atan/problem/2/atan-problem-2-chunk-0082.smt2
[DEBUG] Benchmark QF_NRA/meti-tarski/atan/problem/2/atan-problem-2-chunk-0082.smt2: solved=True, runtime=0.27s, PAR-2=0.27s
[DEBUG] Processing 714/2482: QF_NRA/hycomp/ball_count_1d_plain.01.seq_lazy_lemmas_global_2.smt2
[DEBUG] Predicted solver: SMTInterpol for benchmark QF_NRA/hycomp/ball_count_1d_plain.01.seq_lazy_lemmas_global_2.smt2
[DEBUG] Benchmark QF_NRA/hycomp/ball_count_1d_plain.01.seq_lazy_lemmas_global_2.smt2: solved=True, runtime=0.55s, PAR-2=0.55s
[DEBUG] Processing 715/2482: QF_NRA/LassoRanker/CooperatingT2/polyrank2.t2.c_Iteration1_Loop_3-pieceTemplate.smt2
[DEBUG] Predicted solver: SMTInterpol for benchmark QF_NRA/LassoRanker/CooperatingT2/polyrank2.t2.c_Iteration1_Loop_3-pieceTemplate.smt2
[DEBUG] Benchmark QF_NRA/LassoRanker/CooperatingT2/polyrank2.t2.c_Iteration1_Loop_3-pieceTemplate.smt2: solved=True, runtime=0.78s, PAR-2=0.78s
[DEBUG] Processing 716/2482: QF_NRA/meti-tarski/Lyapunov/Lyapunov1a-chunk-0024.smt2
[DEBUG] Predicted solver: Z3alpha for benchmark QF_NRA/meti-tarski/Lyapunov/Lyapunov1a-chunk-0024.smt2
[DEBUG] Benchmark QF_NRA/meti-tarski/Lyapunov/Lyapunov1a-chunk-0024.smt2: solved=True, runtime=0.29s, PAR-2=0.29s
[DEBUG] Processing 717/2482: QF_NRA/meti-tarski/sin/cos/sin-cos-346-b-chunk-0607.smt2
[DEBUG] Predicted solver: Z3alpha for benchmark QF_NRA/meti-tarski/sin/cos/sin-cos-346-b-chunk-0607.smt2
[DEBUG] Benchmark QF_NRA/meti-tarski/sin/cos/sin-cos-346-b-chunk-0607.smt2: solved=True, runtime=0.30s, PAR-2=0.30s
[DEBUG] Processing 718/2482: QF_NRA/hycomp/ball_count_2d_plain.01.seq_lazy_global_14.smt2
[DEBUG] Predicted solver: SMTInterpol for benchmark QF_NRA/hycomp/ball_count_2d_plain.01.seq_lazy_global_14.smt2
[DEBUG] Benchmark QF_NRA/hycomp/ball_count_2d_plain.01.seq_lazy_global_14.smt2: solved=True, runtime=1.02s, PAR-2=1.02s
[DEBUG] Processing 719/2482: QF_NRA/meti-tarski/exp/problem/10/2/exp-problem-10-2-chunk-0313.smt2
[DEBUG] Predicted solver: Z3alpha for benchmark QF_NRA/meti-tarski/exp/problem/10/2/exp-problem-10-2-chunk-0313.smt2
[DEBUG] Benchmark QF_NRA/meti-tarski/exp/problem/10/2/exp-problem-10-2-chunk-0313.smt2: solved=True, runtime=0.28s, PAR-2=0.28s
[DEBUG] Processing 720/2482: QF_NRA/meti-tarski/atan/problem/1/atan-problem-1-chunk-0099.smt2
[DEBUG] Predicted solver: Z3alpha for benchmark QF_NRA/meti-tarski/atan/problem/1/atan-problem-1-chunk-0099.smt2
[DEBUG] Benchmark QF_NRA/meti-tarski/atan/problem/1/atan-problem-1-chunk-0099.smt2: solved=True, runtime=0.27s, PAR-2=0.27s
[DEBUG] Processing 721/2482: QF_NRA/meti-tarski/exp/problem/10/2/exp-problem-10-2-chunk-0308.smt2
[DEBUG] Predicted solver: Z3alpha for benchmark QF_NRA/meti-tarski/exp/problem/10/2/exp-problem-10-2-chunk-0308.smt2
[DEBUG] Benchmark QF_NRA/meti-tarski/exp/problem/10/2/exp-problem-10-2-chunk-0308.smt2: solved=True, runtime=0.29s, PAR-2=0.29s
[DEBUG] Processing 722/2482: QF_NRA/meti-tarski/Nichols-Plot/Inverted-Pendulum/Nichols-Plot-Inverted-Pendulum-Fails-1-6-chunk-0188.smt2
[DEBUG] Predicted solver: Z3alpha for benchmark QF_NRA/meti-tarski/Nichols-Plot/Inverted-Pendulum/Nichols-Plot-Inverted-Pendulum-Fails-1-6-chunk-0188.smt2
[DEBUG] Benchmark QF_NRA/meti-tarski/Nichols-Plot/Inverted-Pendulum/Nichols-Plot-Inverted-Pendulum-Fails-1-6-chunk-0188.smt2: solved=True, runtime=0.27s, PAR-2=0.27s
[DEBUG] Processing 723/2482: QF_NRA/meti-tarski/CMOS/CMOS-opamp-chunk-0172.smt2
[DEBUG] Predicted solver: Z3alpha for benchmark QF_NRA/meti-tarski/CMOS/CMOS-opamp-chunk-0172.smt2
[DEBUG] Benchmark QF_NRA/meti-tarski/CMOS/CMOS-opamp-chunk-0172.smt2: solved=True, runtime=0.35s, PAR-2=0.35s
[DEBUG] Processing 724/2482: QF_NRA/hycomp/ball_count_1d_plain.03.seq_lazy_global_6.smt2
[DEBUG] Predicted solver: SMTInterpol for benchmark QF_NRA/hycomp/ball_count_1d_plain.03.seq_lazy_global_6.smt2
[DEBUG] Benchmark QF_NRA/hycomp/ball_count_1d_plain.03.seq_lazy_global_6.smt2: solved=True, runtime=0.68s, PAR-2=0.68s
[DEBUG] Processing 725/2482: QF_NRA/meti-tarski/Nichols-Plot/Inverted-Pendulum/Nichols-Plot-Inverted-Pendulum-Fails-1-6-chunk-0175.smt2
[DEBUG] Predicted solver: Z3alpha for benchmark QF_NRA/meti-tarski/Nichols-Plot/Inverted-Pendulum/Nichols-Plot-Inverted-Pendulum-Fails-1-6-chunk-0175.smt2
[DEBUG] Benchmark QF_NRA/meti-tarski/Nichols-Plot/Inverted-Pendulum/Nichols-Plot-Inverted-Pendulum-Fails-1-6-chunk-0175.smt2: solved=True, runtime=0.28s, PAR-2=0.28s
[DEBUG] Processing 726/2482: QF_NRA/hycomp/ball_count_2d_hill.10.redlog_global_10.smt2
[DEBUG] Predicted solver: SMTInterpol for benchmark QF_NRA/hycomp/ball_count_2d_hill.10.redlog_global_10.smt2
[DEBUG] Benchmark QF_NRA/hycomp/ball_count_2d_hill.10.redlog_global_10.smt2: solved=True, runtime=1.50s, PAR-2=1.50s
[DEBUG] Processing 727/2482: QF_NRA/zankl/matrix-4-all-25.smt2
[DEBUG] Predicted solver: SMTInterpol for benchmark QF_NRA/zankl/matrix-4-all-25.smt2
[DEBUG] Benchmark QF_NRA/zankl/matrix-4-all-25.smt2: solved=True, runtime=0.84s, PAR-2=0.84s
[DEBUG] Processing 728/2482: QF_NRA/20161105-Sturm-MBO/mbo_E10E25.smt2
[DEBUG] Predicted solver: SMTInterpol for benchmark QF_NRA/20161105-Sturm-MBO/mbo_E10E25.smt2
[DEBUG] Benchmark QF_NRA/20161105-Sturm-MBO/mbo_E10E25.smt2: solved=True, runtime=2.01s, PAR-2=2.01s
[DEBUG] Processing 729/2482: QF_NRA/zankl/matrix-2-all-8.smt2
[DEBUG] Predicted solver: SMTInterpol for benchmark QF_NRA/zankl/matrix-2-all-8.smt2
[DEBUG] Benchmark QF_NRA/zankl/matrix-2-all-8.smt2: solved=True, runtime=0.50s, PAR-2=0.50s
[DEBUG] Processing 730/2482: QF_NRA/meti-tarski/polypaver/bench-sqrt-3d/polypaver-bench-sqrt-3d-chunk-0443.smt2
[DEBUG] Predicted solver: Z3alpha for benchmark QF_NRA/meti-tarski/polypaver/bench-sqrt-3d/polypaver-bench-sqrt-3d-chunk-0443.smt2
[DEBUG] Benchmark QF_NRA/meti-tarski/polypaver/bench-sqrt-3d/polypaver-bench-sqrt-3d-chunk-0443.smt2: solved=True, runtime=0.27s, PAR-2=0.27s
[DEBUG] Processing 731/2482: QF_NRA/meti-tarski/sin/cos/sin-cos-346-b-chunk-0548.smt2
[DEBUG] Predicted solver: Z3alpha for benchmark QF_NRA/meti-tarski/sin/cos/sin-cos-346-b-chunk-0548.smt2
[DEBUG] Benchmark QF_NRA/meti-tarski/sin/cos/sin-cos-346-b-chunk-0548.smt2: solved=True, runtime=0.27s, PAR-2=0.27s
[DEBUG] Processing 732/2482: QF_NRA/hycomp/ball_count_1d_plain.05.seq_lazy_lemmas_global_14.smt2
[DEBUG] Predicted solver: SMTInterpol for benchmark QF_NRA/hycomp/ball_count_1d_plain.05.seq_lazy_lemmas_global_14.smt2
[DEBUG] Benchmark QF_NRA/hycomp/ball_count_1d_plain.05.seq_lazy_lemmas_global_14.smt2: solved=True, runtime=1.00s, PAR-2=1.00s
[DEBUG] Processing 733/2482: QF_NRA/LassoRanker/Ultimate/bound-scaled400.bpl_Iteration1_Loop_3-pieceTemplate.smt2
[DEBUG] Predicted solver: SMTInterpol for benchmark QF_NRA/LassoRanker/Ultimate/bound-scaled400.bpl_Iteration1_Loop_3-pieceTemplate.smt2
[DEBUG] Benchmark QF_NRA/LassoRanker/Ultimate/bound-scaled400.bpl_Iteration1_Loop_3-pieceTemplate.smt2: solved=True, runtime=2.92s, PAR-2=2.92s
[DEBUG] Processing 734/2482: QF_NRA/meti-tarski/sqrt/circles/3/sqrt-circles-3-chunk-0023.smt2
[DEBUG] Predicted solver: Z3alpha for benchmark QF_NRA/meti-tarski/sqrt/circles/3/sqrt-circles-3-chunk-0023.smt2
[DEBUG] Benchmark QF_NRA/meti-tarski/sqrt/circles/3/sqrt-circles-3-chunk-0023.smt2: solved=True, runtime=0.36s, PAR-2=0.36s
[DEBUG] Processing 735/2482: QF_NRA/hycomp/ball_count_2d_hill.05.seq_lazy_linear_enc_global_13.smt2
[DEBUG] Predicted solver: SMTInterpol for benchmark QF_NRA/hycomp/ball_count_2d_hill.05.seq_lazy_linear_enc_global_13.smt2
[DEBUG] Benchmark QF_NRA/hycomp/ball_count_2d_hill.05.seq_lazy_linear_enc_global_13.smt2: solved=True, runtime=1.15s, PAR-2=1.15s
[DEBUG] Processing 736/2482: QF_NRA/LassoRanker/Ultimate/Collatz.bpl_Iteration1_Loop_2-nestedTemplate.smt2
[DEBUG] Predicted solver: Yices2 for benchmark QF_NRA/LassoRanker/Ultimate/Collatz.bpl_Iteration1_Loop_2-nestedTemplate.smt2
[DEBUG] Benchmark QF_NRA/LassoRanker/Ultimate/Collatz.bpl_Iteration1_Loop_2-nestedTemplate.smt2: solved=True, runtime=33.00s, PAR-2=33.00s
[DEBUG] Processing 737/2482: QF_NRA/hycomp/ball_count_2d_hill_simple.05.seq_lazy_lemmas_global_7.smt2
[DEBUG] Predicted solver: SMTInterpol for benchmark QF_NRA/hycomp/ball_count_2d_hill_simple.05.seq_lazy_lemmas_global_7.smt2
[DEBUG] Benchmark QF_NRA/hycomp/ball_count_2d_hill_simple.05.seq_lazy_lemmas_global_7.smt2: solved=True, runtime=0.91s, PAR-2=0.91s
[DEBUG] Processing 738/2482: QF_NRA/meti-tarski/atan/vega/3/atan-vega-3-chunk-0377.smt2
[DEBUG] Predicted solver: Z3alpha for benchmark QF_NRA/meti-tarski/atan/vega/3/atan-vega-3-chunk-0377.smt2
[DEBUG] Benchmark QF_NRA/meti-tarski/atan/vega/3/atan-vega-3-chunk-0377.smt2: solved=True, runtime=0.27s, PAR-2=0.27s
[DEBUG] Processing 739/2482: QF_NRA/20161105-Sturm-MBO/mbo_E8E10.smt2
[DEBUG] Predicted solver: SMTInterpol for benchmark QF_NRA/20161105-Sturm-MBO/mbo_E8E10.smt2
[DEBUG] Benchmark QF_NRA/20161105-Sturm-MBO/mbo_E8E10.smt2: solved=True, runtime=2.20s, PAR-2=2.20s
[DEBUG] Processing 740/2482: QF_NRA/meti-tarski/atan/problem/2/atan-problem-2-chunk-0044.smt2
[DEBUG] Predicted solver: Z3alpha for benchmark QF_NRA/meti-tarski/atan/problem/2/atan-problem-2-chunk-0044.smt2
[DEBUG] Benchmark QF_NRA/meti-tarski/atan/problem/2/atan-problem-2-chunk-0044.smt2: solved=True, runtime=0.30s, PAR-2=0.30s
[DEBUG] Processing 741/2482: QF_NRA/hycomp/ball_count_2d_hill.01.seq_lazy_global_14.smt2
[DEBUG] Predicted solver: SMTInterpol for benchmark QF_NRA/hycomp/ball_count_2d_hill.01.seq_lazy_global_14.smt2
[DEBUG] Benchmark QF_NRA/hycomp/ball_count_2d_hill.01.seq_lazy_global_14.smt2: solved=True, runtime=1.09s, PAR-2=1.09s
[DEBUG] Processing 742/2482: QF_NRA/20161105-Sturm-MBO/mbo_E10E20.smt2
[DEBUG] Predicted solver: SMTInterpol for benchmark QF_NRA/20161105-Sturm-MBO/mbo_E10E20.smt2
[DEBUG] Benchmark QF_NRA/20161105-Sturm-MBO/mbo_E10E20.smt2: solved=True, runtime=0.79s, PAR-2=0.79s
[DEBUG] Processing 743/2482: QF_NRA/hycomp/ball_count_2d_plain.01.qfree_global_8.smt2
[DEBUG] Predicted solver: SMTInterpol for benchmark QF_NRA/hycomp/ball_count_2d_plain.01.qfree_global_8.smt2
[DEBUG] Benchmark QF_NRA/hycomp/ball_count_2d_plain.01.qfree_global_8.smt2: solved=True, runtime=0.81s, PAR-2=0.81s
[DEBUG] Processing 744/2482: QF_NRA/hycomp/ball_count_2d_plain.04.seq_lazy_linear_enc_lemmas_global_7.smt2
[DEBUG] Predicted solver: SMTInterpol for benchmark QF_NRA/hycomp/ball_count_2d_plain.04.seq_lazy_linear_enc_lemmas_global_7.smt2
[DEBUG] Benchmark QF_NRA/hycomp/ball_count_2d_plain.04.seq_lazy_linear_enc_lemmas_global_7.smt2: solved=True, runtime=0.91s, PAR-2=0.91s
[DEBUG] Processing 745/2482: QF_NRA/hycomp/ball_count_2d_hill.04.seq_lazy_global_9.smt2
[DEBUG] Predicted solver: SMTInterpol for benchmark QF_NRA/hycomp/ball_count_2d_hill.04.seq_lazy_global_9.smt2
[DEBUG] Benchmark QF_NRA/hycomp/ball_count_2d_hill.04.seq_lazy_global_9.smt2: solved=True, runtime=1.04s, PAR-2=1.04s
[DEBUG] Processing 746/2482: QF_NRA/hycomp/ball_count_2d_hill.03.seq_lazy_linear_enc_lemmas_global_8.smt2
[DEBUG] Predicted solver: SMTInterpol for benchmark QF_NRA/hycomp/ball_count_2d_hill.03.seq_lazy_linear_enc_lemmas_global_8.smt2
[DEBUG] Benchmark QF_NRA/hycomp/ball_count_2d_hill.03.seq_lazy_linear_enc_lemmas_global_8.smt2: solved=True, runtime=0.90s, PAR-2=0.90s
[DEBUG] Processing 747/2482: QF_NRA/2019-ezsmt/reverseFolding/27-reverse_folding-0-0.smt2
[DEBUG] Predicted solver: Yices2 for benchmark QF_NRA/2019-ezsmt/reverseFolding/27-reverse_folding-0-0.smt2
[DEBUG] Benchmark QF_NRA/2019-ezsmt/reverseFolding/27-reverse_folding-0-0.smt2: solved=True, runtime=0.97s, PAR-2=0.97s
[DEBUG] Processing 748/2482: QF_NRA/zankl/matrix-1-all-13.smt2
[DEBUG] Predicted solver: SMTInterpol for benchmark QF_NRA/zankl/matrix-1-all-13.smt2
[DEBUG] Benchmark QF_NRA/zankl/matrix-1-all-13.smt2: solved=True, runtime=0.48s, PAR-2=0.48s
[DEBUG] Processing 749/2482: QF_NRA/meti-tarski/sin/problem/7/sin-problem-7-chunk-0239.smt2
[DEBUG] Predicted solver: SMTInterpol for benchmark QF_NRA/meti-tarski/sin/problem/7/sin-problem-7-chunk-0239.smt2
[DEBUG] Benchmark QF_NRA/meti-tarski/sin/problem/7/sin-problem-7-chunk-0239.smt2: solved=True, runtime=0.47s, PAR-2=0.47s
[DEBUG] Processing 750/2482: QF_NRA/meti-tarski/sin/cos/sin-cos-346-b-chunk-0322.smt2
[DEBUG] Predicted solver: Z3alpha for benchmark QF_NRA/meti-tarski/sin/cos/sin-cos-346-b-chunk-0322.smt2
[DEBUG] Benchmark QF_NRA/meti-tarski/sin/cos/sin-cos-346-b-chunk-0322.smt2: solved=True, runtime=0.28s, PAR-2=0.28s
[DEBUG] Processing 751/2482: QF_NRA/hycomp/ball_count_1d_plain.02.seq_lazy_global_6.smt2
[DEBUG] Predicted solver: SMTInterpol for benchmark QF_NRA/hycomp/ball_count_1d_plain.02.seq_lazy_global_6.smt2
[DEBUG] Benchmark QF_NRA/hycomp/ball_count_1d_plain.02.seq_lazy_global_6.smt2: solved=True, runtime=0.70s, PAR-2=0.70s
[DEBUG] Processing 752/2482: QF_NRA/hycomp/ball_count_2d_slope.10.seq_lazy_global_11.smt2
[DEBUG] Predicted solver: SMTInterpol for benchmark QF_NRA/hycomp/ball_count_2d_slope.10.seq_lazy_global_11.smt2
[DEBUG] Benchmark QF_NRA/hycomp/ball_count_2d_slope.10.seq_lazy_global_11.smt2: solved=True, runtime=1.22s, PAR-2=1.22s
[DEBUG] Processing 753/2482: QF_NRA/2019-ezsmt/bouncingBall/inst_1_100.smt2
[DEBUG] Predicted solver: SMTInterpol for benchmark QF_NRA/2019-ezsmt/bouncingBall/inst_1_100.smt2
[DEBUG] Benchmark QF_NRA/2019-ezsmt/bouncingBall/inst_1_100.smt2: solved=True, runtime=1.57s, PAR-2=1.57s
[DEBUG] Processing 754/2482: QF_NRA/20161105-Sturm-MBO/mbo_E17E28.smt2
[DEBUG] Predicted solver: SMTInterpol for benchmark QF_NRA/20161105-Sturm-MBO/mbo_E17E28.smt2
[DEBUG] Benchmark QF_NRA/20161105-Sturm-MBO/mbo_E17E28.smt2: solved=True, runtime=0.63s, PAR-2=0.63s
[DEBUG] Processing 755/2482: QF_NRA/meti-tarski/sqrt/1mcosq/8/sqrt-1mcosq-8-chunk-0257.smt2
[DEBUG] Predicted solver: Z3alpha for benchmark QF_NRA/meti-tarski/sqrt/1mcosq/8/sqrt-1mcosq-8-chunk-0257.smt2
[DEBUG] Benchmark QF_NRA/meti-tarski/sqrt/1mcosq/8/sqrt-1mcosq-8-chunk-0257.smt2: solved=True, runtime=0.30s, PAR-2=0.30s
[DEBUG] Processing 756/2482: QF_NRA/LassoRanker/Ultimate/Braverman-2006CAV-Ex1-int.bpl_Iteration1_Lasso_4-phaseTemplate.smt2
[DEBUG] Predicted solver: SMTInterpol for benchmark QF_NRA/LassoRanker/Ultimate/Braverman-2006CAV-Ex1-int.bpl_Iteration1_Lasso_4-phaseTemplate.smt2
[DEBUG] Benchmark QF_NRA/LassoRanker/Ultimate/Braverman-2006CAV-Ex1-int.bpl_Iteration1_Lasso_4-phaseTemplate.smt2: solved=True, runtime=0.57s, PAR-2=0.57s
[DEBUG] Processing 757/2482: QF_NRA/20200911-Pine/1599122159940883000.smt2
[DEBUG] Predicted solver: Z3alpha for benchmark QF_NRA/20200911-Pine/1599122159940883000.smt2
[DEBUG] Benchmark QF_NRA/20200911-Pine/1599122159940883000.smt2: solved=True, runtime=0.30s, PAR-2=0.30s
[DEBUG] Processing 758/2482: QF_NRA/LassoRanker/CooperatingT2/heidy7.t2.c_Iteration2_Lasso_2-pieceTemplate.smt2
[DEBUG] Predicted solver: SMTInterpol for benchmark QF_NRA/LassoRanker/CooperatingT2/heidy7.t2.c_Iteration2_Lasso_2-pieceTemplate.smt2
[DEBUG] Benchmark QF_NRA/LassoRanker/CooperatingT2/heidy7.t2.c_Iteration2_Lasso_2-pieceTemplate.smt2: solved=True, runtime=0.92s, PAR-2=0.92s
[DEBUG] Processing 759/2482: QF_NRA/hycomp/ball_count_2d_slope.03.seq_lazy_global_5.smt2
[DEBUG] Predicted solver: SMTInterpol for benchmark QF_NRA/hycomp/ball_count_2d_slope.03.seq_lazy_global_5.smt2
[DEBUG] Benchmark QF_NRA/hycomp/ball_count_2d_slope.03.seq_lazy_global_5.smt2: solved=True, runtime=0.94s, PAR-2=0.94s
[DEBUG] Processing 760/2482: QF_NRA/LassoRanker/Ultimate/simple-scaled200.bpl_Iteration1_Lasso_5-phaseTemplate.smt2
[DEBUG] Predicted solver: SMTInterpol for benchmark QF_NRA/LassoRanker/Ultimate/simple-scaled200.bpl_Iteration1_Lasso_5-phaseTemplate.smt2
[DEBUG] Benchmark QF_NRA/LassoRanker/Ultimate/simple-scaled200.bpl_Iteration1_Lasso_5-phaseTemplate.smt2: solved=True, runtime=4.15s, PAR-2=4.15s
[DEBUG] Processing 761/2482: QF_NRA/meti-tarski/atan/problem/2/atan-problem-2-chunk-0103.smt2
[DEBUG] Predicted solver: Z3alpha for benchmark QF_NRA/meti-tarski/atan/problem/2/atan-problem-2-chunk-0103.smt2
[DEBUG] Benchmark QF_NRA/meti-tarski/atan/problem/2/atan-problem-2-chunk-0103.smt2: solved=True, runtime=0.30s, PAR-2=0.30s
[DEBUG] Processing 762/2482: QF_NRA/20220314-Uncu/Rational_Function_Proof_Calls_With_Disjunctive_Denominator_Simplifications/DDC_ProveIneq_ISSAC05_LevinRHSc.smt2
[DEBUG] Predicted solver: Z3alpha for benchmark QF_NRA/20220314-Uncu/Rational_Function_Proof_Calls_With_Disjunctive_Denominator_Simplifications/DDC_ProveIneq_ISSAC05_LevinRHSc.smt2
[DEBUG] Benchmark QF_NRA/20220314-Uncu/Rational_Function_Proof_Calls_With_Disjunctive_Denominator_Simplifications/DDC_ProveIneq_ISSAC05_LevinRHSc.smt2: solved=True, runtime=0.29s, PAR-2=0.29s
[DEBUG] Processing 763/2482: QF_NRA/meti-tarski/Nichols-Plot/Inverted-Pendulum/Nichols-Plot-Inverted-Pendulum-Fails-1-6-chunk-0160.smt2
[DEBUG] Predicted solver: Z3alpha for benchmark QF_NRA/meti-tarski/Nichols-Plot/Inverted-Pendulum/Nichols-Plot-Inverted-Pendulum-Fails-1-6-chunk-0160.smt2
[DEBUG] Benchmark QF_NRA/meti-tarski/Nichols-Plot/Inverted-Pendulum/Nichols-Plot-Inverted-Pendulum-Fails-1-6-chunk-0160.smt2: solved=True, runtime=0.28s, PAR-2=0.28s
[DEBUG] Processing 764/2482: QF_NRA/meti-tarski/atan/vega/3/atan-vega-3-chunk-0437.smt2
[DEBUG] Predicted solver: Z3alpha for benchmark QF_NRA/meti-tarski/atan/vega/3/atan-vega-3-chunk-0437.smt2
[DEBUG] Benchmark QF_NRA/meti-tarski/atan/vega/3/atan-vega-3-chunk-0437.smt2: solved=True, runtime=0.29s, PAR-2=0.29s
[DEBUG] Processing 765/2482: QF_NRA/meti-tarski/exp/problem/10/3/exp-problem-10-3-chunk-0106.smt2
[DEBUG] Predicted solver: Z3alpha for benchmark QF_NRA/meti-tarski/exp/problem/10/3/exp-problem-10-3-chunk-0106.smt2
[DEBUG] Benchmark QF_NRA/meti-tarski/exp/problem/10/3/exp-problem-10-3-chunk-0106.smt2: solved=True, runtime=0.27s, PAR-2=0.27s
[DEBUG] Processing 766/2482: QF_NRA/hycomp/ball_count_2d_slope.05.seq_lazy_global_10.smt2
[DEBUG] Predicted solver: SMTInterpol for benchmark QF_NRA/hycomp/ball_count_2d_slope.05.seq_lazy_global_10.smt2
[DEBUG] Benchmark QF_NRA/hycomp/ball_count_2d_slope.05.seq_lazy_global_10.smt2: solved=True, runtime=1.13s, PAR-2=1.13s
[DEBUG] Processing 767/2482: QF_NRA/hycomp/ball_count_2d_hill.10.redlog_global_13.smt2
[DEBUG] Predicted solver: SMTInterpol for benchmark QF_NRA/hycomp/ball_count_2d_hill.10.redlog_global_13.smt2
[DEBUG] Benchmark QF_NRA/hycomp/ball_count_2d_hill.10.redlog_global_13.smt2: solved=True, runtime=1.48s, PAR-2=1.48s
[DEBUG] Processing 768/2482: QF_NRA/zankl/matrix-1-all-48.smt2
[DEBUG] Predicted solver: SMTInterpol for benchmark QF_NRA/zankl/matrix-1-all-48.smt2
[DEBUG] Benchmark QF_NRA/zankl/matrix-1-all-48.smt2: solved=True, runtime=0.46s, PAR-2=0.46s
[DEBUG] Processing 769/2482: QF_NRA/LassoRanker/SV-COMP/KroeningSharyginaTsitovichWintersteiger-2010CAV-Fig1_true-termination.c_Iteration1_Lasso_2-lexTemplate.smt2
[DEBUG] Predicted solver: SMTInterpol for benchmark QF_NRA/LassoRanker/SV-COMP/KroeningSharyginaTsitovichWintersteiger-2010CAV-Fig1_true-termination.c_Iteration1_Lasso_2-lexTemplate.smt2
[DEBUG] Benchmark QF_NRA/LassoRanker/SV-COMP/KroeningSharyginaTsitovichWintersteiger-2010CAV-Fig1_true-termination.c_Iteration1_Lasso_2-lexTemplate.smt2: solved=True, runtime=16.77s, PAR-2=16.77s
[DEBUG] Processing 770/2482: QF_NRA/LassoRanker/CooperatingT2/qrdcmp.t2.c_Iteration6_Loop_3-pieceTemplate.smt2
[DEBUG] Predicted solver: SMTInterpol for benchmark QF_NRA/LassoRanker/CooperatingT2/qrdcmp.t2.c_Iteration6_Loop_3-pieceTemplate.smt2
[DEBUG] Benchmark QF_NRA/LassoRanker/CooperatingT2/qrdcmp.t2.c_Iteration6_Loop_3-pieceTemplate.smt2: solved=True, runtime=1.16s, PAR-2=1.16s
[DEBUG] Processing 771/2482: QF_NRA/LassoRanker/Ultimate/Gulwani.bpl_Iteration1_Lasso_6-phaseTemplate.smt2
[DEBUG] Predicted solver: SMTInterpol for benchmark QF_NRA/LassoRanker/Ultimate/Gulwani.bpl_Iteration1_Lasso_6-phaseTemplate.smt2
[DEBUG] Benchmark QF_NRA/LassoRanker/Ultimate/Gulwani.bpl_Iteration1_Lasso_6-phaseTemplate.smt2: solved=True, runtime=3.78s, PAR-2=3.78s
[DEBUG] Processing 772/2482: QF_NRA/meti-tarski/atan/problem/1/weak/atan-problem-1-weak-chunk-0028.smt2
[DEBUG] Predicted solver: Z3alpha for benchmark QF_NRA/meti-tarski/atan/problem/1/weak/atan-problem-1-weak-chunk-0028.smt2
[DEBUG] Benchmark QF_NRA/meti-tarski/atan/problem/1/weak/atan-problem-1-weak-chunk-0028.smt2: solved=True, runtime=0.27s, PAR-2=0.27s
[DEBUG] Processing 773/2482: QF_NRA/hycomp/ball_count_2d_plain.01.qfree_global_13.smt2
[DEBUG] Predicted solver: SMTInterpol for benchmark QF_NRA/hycomp/ball_count_2d_plain.01.qfree_global_13.smt2
[DEBUG] Benchmark QF_NRA/hycomp/ball_count_2d_plain.01.qfree_global_13.smt2: solved=True, runtime=1.00s, PAR-2=1.00s
[DEBUG] Processing 774/2482: QF_NRA/meti-tarski/atan/problem/2/atan-problem-2-chunk-0104.smt2
[DEBUG] Predicted solver: Z3alpha for benchmark QF_NRA/meti-tarski/atan/problem/2/atan-problem-2-chunk-0104.smt2
[DEBUG] Benchmark QF_NRA/meti-tarski/atan/problem/2/atan-problem-2-chunk-0104.smt2: solved=True, runtime=0.27s, PAR-2=0.27s
[DEBUG] Processing 775/2482: QF_NRA/LassoRanker/SV-COMP/BradleyMannaSipma-2005ICALP-Fig1_true-termination.c_Iteration1_Lasso_3-phaseTemplate.smt2
[DEBUG] Predicted solver: SMTInterpol for benchmark QF_NRA/LassoRanker/SV-COMP/BradleyMannaSipma-2005ICALP-Fig1_true-termination.c_Iteration1_Lasso_3-phaseTemplate.smt2
[DEBUG] Benchmark QF_NRA/LassoRanker/SV-COMP/BradleyMannaSipma-2005ICALP-Fig1_true-termination.c_Iteration1_Lasso_3-phaseTemplate.smt2: solved=True, runtime=1.63s, PAR-2=1.63s
[DEBUG] Processing 776/2482: QF_NRA/hycomp/ball_count_2d_plain.01.seq_lazy_lemmas_global_8.smt2
[DEBUG] Predicted solver: SMTInterpol for benchmark QF_NRA/hycomp/ball_count_2d_plain.01.seq_lazy_lemmas_global_8.smt2
[DEBUG] Benchmark QF_NRA/hycomp/ball_count_2d_plain.01.seq_lazy_lemmas_global_8.smt2: solved=True, runtime=0.84s, PAR-2=0.84s
[DEBUG] Processing 777/2482: QF_NRA/hycomp/ball_count_2d_plain.02.seq_lazy_lemmas_global_11.smt2
[DEBUG] Predicted solver: SMTInterpol for benchmark QF_NRA/hycomp/ball_count_2d_plain.02.seq_lazy_lemmas_global_11.smt2
[DEBUG] Benchmark QF_NRA/hycomp/ball_count_2d_plain.02.seq_lazy_lemmas_global_11.smt2: solved=True, runtime=0.99s, PAR-2=0.99s
[DEBUG] Processing 778/2482: QF_NRA/meti-tarski/Chua/2/IL/L/Chua-2-IL-L-chunk-0052.smt2
[DEBUG] Predicted solver: Z3alpha for benchmark QF_NRA/meti-tarski/Chua/2/IL/L/Chua-2-IL-L-chunk-0052.smt2
[DEBUG] Benchmark QF_NRA/meti-tarski/Chua/2/IL/L/Chua-2-IL-L-chunk-0052.smt2: solved=True, runtime=0.31s, PAR-2=0.31s
[DEBUG] Processing 779/2482: QF_NRA/meti-tarski/exp/problem/10/3/weak/exp-problem-10-3-weak-chunk-0202.smt2
[DEBUG] Predicted solver: Z3alpha for benchmark QF_NRA/meti-tarski/exp/problem/10/3/weak/exp-problem-10-3-weak-chunk-0202.smt2
[DEBUG] Benchmark QF_NRA/meti-tarski/exp/problem/10/3/weak/exp-problem-10-3-weak-chunk-0202.smt2: solved=True, runtime=0.30s, PAR-2=0.30s
[DEBUG] Processing 780/2482: QF_NRA/meti-tarski/atan/vega/3/atan-vega-3-chunk-0460.smt2
[DEBUG] Predicted solver: Z3alpha for benchmark QF_NRA/meti-tarski/atan/vega/3/atan-vega-3-chunk-0460.smt2
[DEBUG] Benchmark QF_NRA/meti-tarski/atan/vega/3/atan-vega-3-chunk-0460.smt2: solved=True, runtime=0.28s, PAR-2=0.28s
[DEBUG] Processing 781/2482: QF_NRA/meti-tarski/Nichols-Plot/Inverted-Pendulum/Nichols-Plot-Inverted-Pendulum-Fails-1-6-chunk-0159.smt2
[DEBUG] Predicted solver: Z3alpha for benchmark QF_NRA/meti-tarski/Nichols-Plot/Inverted-Pendulum/Nichols-Plot-Inverted-Pendulum-Fails-1-6-chunk-0159.smt2
[DEBUG] Benchmark QF_NRA/meti-tarski/Nichols-Plot/Inverted-Pendulum/Nichols-Plot-Inverted-Pendulum-Fails-1-6-chunk-0159.smt2: solved=True, runtime=0.27s, PAR-2=0.27s
[DEBUG] Processing 782/2482: QF_NRA/zankl/matrix-1-all-14.smt2
[DEBUG] Predicted solver: SMTInterpol for benchmark QF_NRA/zankl/matrix-1-all-14.smt2
[DEBUG] Benchmark QF_NRA/zankl/matrix-1-all-14.smt2: solved=True, runtime=0.46s, PAR-2=0.46s
[DEBUG] Processing 783/2482: QF_NRA/LassoRanker/CooperatingT2/dropbuf.t2.c_Iteration2_Loop_3-pieceTemplate.smt2
[DEBUG] Predicted solver: SMTInterpol for benchmark QF_NRA/LassoRanker/CooperatingT2/dropbuf.t2.c_Iteration2_Loop_3-pieceTemplate.smt2
[DEBUG] Benchmark QF_NRA/LassoRanker/CooperatingT2/dropbuf.t2.c_Iteration2_Loop_3-pieceTemplate.smt2: solved=True, runtime=1.43s, PAR-2=1.43s
[DEBUG] Processing 784/2482: QF_NRA/20220314-Uncu/Polynomial_Proof_Calls/ProveIneq_ISSAC05_SignPattern_1p_3m_m.smt2
[DEBUG] Predicted solver: Z3alpha for benchmark QF_NRA/20220314-Uncu/Polynomial_Proof_Calls/ProveIneq_ISSAC05_SignPattern_1p_3m_m.smt2
[DEBUG] Benchmark QF_NRA/20220314-Uncu/Polynomial_Proof_Calls/ProveIneq_ISSAC05_SignPattern_1p_3m_m.smt2: solved=True, runtime=0.28s, PAR-2=0.28s
[DEBUG] Processing 785/2482: QF_NRA/hycomp/ball_count_2d_hill_simple.01.seq_lazy_lemmas_global_10.smt2
[DEBUG] Predicted solver: SMTInterpol for benchmark QF_NRA/hycomp/ball_count_2d_hill_simple.01.seq_lazy_lemmas_global_10.smt2
[DEBUG] Benchmark QF_NRA/hycomp/ball_count_2d_hill_simple.01.seq_lazy_lemmas_global_10.smt2: solved=True, runtime=0.90s, PAR-2=0.90s
[DEBUG] Processing 786/2482: QF_NRA/LassoRanker/Ultimate/Braverman-2006CAV-Ex1-int.bpl_Iteration1_Lasso_6-phaseTemplate.smt2
[DEBUG] Predicted solver: SMTInterpol for benchmark QF_NRA/LassoRanker/Ultimate/Braverman-2006CAV-Ex1-int.bpl_Iteration1_Lasso_6-phaseTemplate.smt2
[DEBUG] Benchmark QF_NRA/LassoRanker/Ultimate/Braverman-2006CAV-Ex1-int.bpl_Iteration1_Lasso_6-phaseTemplate.smt2: solved=True, runtime=0.70s, PAR-2=0.70s
[DEBUG] Processing 787/2482: QF_NRA/hycomp/ball_count_2d_slope.05.seq_lazy_linear_enc_lemmas_global_5.smt2
[DEBUG] Predicted solver: SMTInterpol for benchmark QF_NRA/hycomp/ball_count_2d_slope.05.seq_lazy_linear_enc_lemmas_global_5.smt2
[DEBUG] Benchmark QF_NRA/hycomp/ball_count_2d_slope.05.seq_lazy_linear_enc_lemmas_global_5.smt2: solved=True, runtime=0.98s, PAR-2=0.98s
[DEBUG] Processing 788/2482: QF_NRA/hycomp/ball_count_2d_plain.03.seq_lazy_global_11.smt2
[DEBUG] Predicted solver: SMTInterpol for benchmark QF_NRA/hycomp/ball_count_2d_plain.03.seq_lazy_global_11.smt2
[DEBUG] Benchmark QF_NRA/hycomp/ball_count_2d_plain.03.seq_lazy_global_11.smt2: solved=True, runtime=0.90s, PAR-2=0.90s
[DEBUG] Processing 789/2482: QF_NRA/hycomp/ball_count_2d_slope.03.seq_lazy_linear_enc_lemmas_global_11.smt2
[DEBUG] Predicted solver: SMTInterpol for benchmark QF_NRA/hycomp/ball_count_2d_slope.03.seq_lazy_linear_enc_lemmas_global_11.smt2
[DEBUG] Benchmark QF_NRA/hycomp/ball_count_2d_slope.03.seq_lazy_linear_enc_lemmas_global_11.smt2: solved=True, runtime=1.30s, PAR-2=1.30s
[DEBUG] Processing 790/2482: QF_NRA/meti-tarski/exp/problem/10/2/exp-problem-10-2-chunk-0234.smt2
[DEBUG] Predicted solver: Z3alpha for benchmark QF_NRA/meti-tarski/exp/problem/10/2/exp-problem-10-2-chunk-0234.smt2
[DEBUG] Benchmark QF_NRA/meti-tarski/exp/problem/10/2/exp-problem-10-2-chunk-0234.smt2: solved=True, runtime=0.27s, PAR-2=0.27s
[DEBUG] Processing 791/2482: QF_NRA/meti-tarski/sqrt/1mcosq/8/sqrt-1mcosq-8-chunk-0308.smt2
[DEBUG] Predicted solver: Z3alpha for benchmark QF_NRA/meti-tarski/sqrt/1mcosq/8/sqrt-1mcosq-8-chunk-0308.smt2
[DEBUG] Benchmark QF_NRA/meti-tarski/sqrt/1mcosq/8/sqrt-1mcosq-8-chunk-0308.smt2: solved=True, runtime=0.27s, PAR-2=0.27s
[DEBUG] Processing 792/2482: QF_NRA/hycomp/ball_count_2d_hill_simple.04.qfree_global_15.smt2
[DEBUG] Predicted solver: Yices2 for benchmark QF_NRA/hycomp/ball_count_2d_hill_simple.04.qfree_global_15.smt2
[DEBUG] Benchmark QF_NRA/hycomp/ball_count_2d_hill_simple.04.qfree_global_15.smt2: solved=True, runtime=0.23s, PAR-2=0.23s
[DEBUG] Processing 793/2482: QF_NRA/meti-tarski/atan/vega/3/weak/atan-vega-3-weak-chunk-0333.smt2
[DEBUG] Predicted solver: Z3alpha for benchmark QF_NRA/meti-tarski/atan/vega/3/weak/atan-vega-3-weak-chunk-0333.smt2
[DEBUG] Benchmark QF_NRA/meti-tarski/atan/vega/3/weak/atan-vega-3-weak-chunk-0333.smt2: solved=True, runtime=0.27s, PAR-2=0.27s
[DEBUG] Processing 794/2482: QF_NRA/meti-tarski/sin/cos/sin-cos-346-b-chunk-0518.smt2
[DEBUG] Predicted solver: Z3alpha for benchmark QF_NRA/meti-tarski/sin/cos/sin-cos-346-b-chunk-0518.smt2
[DEBUG] Benchmark QF_NRA/meti-tarski/sin/cos/sin-cos-346-b-chunk-0518.smt2: solved=True, runtime=0.27s, PAR-2=0.27s
[DEBUG] Processing 795/2482: QF_NRA/hycomp/ball_count_2d_hill_simple.01.seq_lazy_global_4.smt2
[DEBUG] Predicted solver: SMTInterpol for benchmark QF_NRA/hycomp/ball_count_2d_hill_simple.01.seq_lazy_global_4.smt2
[DEBUG] Benchmark QF_NRA/hycomp/ball_count_2d_hill_simple.01.seq_lazy_global_4.smt2: solved=True, runtime=0.66s, PAR-2=0.66s
[DEBUG] Processing 796/2482: QF_NRA/meti-tarski/sqrt/problem/sqrt-problem-Melquiond3-chunk-0020.smt2
[DEBUG] Predicted solver: Z3alpha for benchmark QF_NRA/meti-tarski/sqrt/problem/sqrt-problem-Melquiond3-chunk-0020.smt2
[DEBUG] Benchmark QF_NRA/meti-tarski/sqrt/problem/sqrt-problem-Melquiond3-chunk-0020.smt2: solved=True, runtime=0.27s, PAR-2=0.27s
[DEBUG] Processing 797/2482: QF_NRA/hycomp/ball_count_2d_slope.10.seq_lazy_lemmas_global_13.smt2
[DEBUG] Predicted solver: SMTInterpol for benchmark QF_NRA/hycomp/ball_count_2d_slope.10.seq_lazy_lemmas_global_13.smt2
[DEBUG] Benchmark QF_NRA/hycomp/ball_count_2d_slope.10.seq_lazy_lemmas_global_13.smt2: solved=True, runtime=1.43s, PAR-2=1.43s
[DEBUG] Processing 798/2482: QF_NRA/LassoRanker/CooperatingT2/polyrank3.t2.c_Iteration4_Loop_4-pieceTemplate.smt2
[DEBUG] Predicted solver: SMTInterpol for benchmark QF_NRA/LassoRanker/CooperatingT2/polyrank3.t2.c_Iteration4_Loop_4-pieceTemplate.smt2
[DEBUG] Benchmark QF_NRA/LassoRanker/CooperatingT2/polyrank3.t2.c_Iteration4_Loop_4-pieceTemplate.smt2: solved=True, runtime=0.93s, PAR-2=0.93s
[DEBUG] Processing 799/2482: QF_NRA/meti-tarski/exp/problem/10/3/exp-problem-10-3-chunk-0126.smt2
[DEBUG] Predicted solver: Z3alpha for benchmark QF_NRA/meti-tarski/exp/problem/10/3/exp-problem-10-3-chunk-0126.smt2
[DEBUG] Benchmark QF_NRA/meti-tarski/exp/problem/10/3/exp-problem-10-3-chunk-0126.smt2: solved=True, runtime=0.27s, PAR-2=0.27s
[DEBUG] Processing 800/2482: QF_NRA/hycomp/ball_count_1d_plain.01.redlog_global_8.smt2
[DEBUG] Predicted solver: SMTInterpol for benchmark QF_NRA/hycomp/ball_count_1d_plain.01.redlog_global_8.smt2
[DEBUG] Benchmark QF_NRA/hycomp/ball_count_1d_plain.01.redlog_global_8.smt2: solved=True, runtime=0.80s, PAR-2=0.80s
[DEBUG] Processing 801/2482: QF_NRA/LassoRanker/Ultimate/MenloPark.bpl_Iteration1_Lasso_4-pieceTemplate.smt2
[DEBUG] Predicted solver: SMTInterpol for benchmark QF_NRA/LassoRanker/Ultimate/MenloPark.bpl_Iteration1_Lasso_4-pieceTemplate.smt2
[DEBUG] Benchmark QF_NRA/LassoRanker/Ultimate/MenloPark.bpl_Iteration1_Lasso_4-pieceTemplate.smt2: solved=True, runtime=0.97s, PAR-2=0.97s
[DEBUG] Processing 802/2482: QF_NRA/20200911-Pine/1599122161444977000.smt2
[DEBUG] Predicted solver: Z3alpha for benchmark QF_NRA/20200911-Pine/1599122161444977000.smt2
[DEBUG] Benchmark QF_NRA/20200911-Pine/1599122161444977000.smt2: solved=True, runtime=0.27s, PAR-2=0.27s
[DEBUG] Processing 803/2482: QF_NRA/LassoRanker/CooperatingT2/rlft3.t2.c_Iteration2_Loop_4-pieceTemplate.smt2
[DEBUG] Predicted solver: SMTInterpol for benchmark QF_NRA/LassoRanker/CooperatingT2/rlft3.t2.c_Iteration2_Loop_4-pieceTemplate.smt2
[DEBUG] Benchmark QF_NRA/LassoRanker/CooperatingT2/rlft3.t2.c_Iteration2_Loop_4-pieceTemplate.smt2: solved=True, runtime=1.93s, PAR-2=1.93s
[DEBUG] Processing 804/2482: QF_NRA/hycomp/ball_count_2d_plain.04.redlog_global_6.smt2
[DEBUG] Predicted solver: SMTInterpol for benchmark QF_NRA/hycomp/ball_count_2d_plain.04.redlog_global_6.smt2
[DEBUG] Benchmark QF_NRA/hycomp/ball_count_2d_plain.04.redlog_global_6.smt2: solved=True, runtime=0.92s, PAR-2=0.92s
[DEBUG] Processing 805/2482: QF_NRA/LassoRanker/SV-COMP/KroeningSharyginaTsitovichWintersteiger-2010CAV-Fig1_true-termination.c_Iteration1_Lasso_4-pieceTemplate.smt2
[DEBUG] Predicted solver: Z3alpha for benchmark QF_NRA/LassoRanker/SV-COMP/KroeningSharyginaTsitovichWintersteiger-2010CAV-Fig1_true-termination.c_Iteration1_Lasso_4-pieceTemplate.smt2
[DEBUG] Benchmark QF_NRA/LassoRanker/SV-COMP/KroeningSharyginaTsitovichWintersteiger-2010CAV-Fig1_true-termination.c_Iteration1_Lasso_4-pieceTemplate.smt2: solved=False, runtime=1200.00s, PAR-2=2400.00s
[DEBUG] Processing 806/2482: QF_NRA/hycomp/ball_count_2d_hill_simple.10.seq_lazy_lemmas_global_9.smt2
[DEBUG] Predicted solver: SMTInterpol for benchmark QF_NRA/hycomp/ball_count_2d_hill_simple.10.seq_lazy_lemmas_global_9.smt2
[DEBUG] Benchmark QF_NRA/hycomp/ball_count_2d_hill_simple.10.seq_lazy_lemmas_global_9.smt2: solved=True, runtime=0.99s, PAR-2=0.99s
[DEBUG] Processing 807/2482: QF_NRA/hycomp/ball_count_2d_plain.01.redlog_global_6.smt2
[DEBUG] Predicted solver: SMTInterpol for benchmark QF_NRA/hycomp/ball_count_2d_plain.01.redlog_global_6.smt2
[DEBUG] Benchmark QF_NRA/hycomp/ball_count_2d_plain.01.redlog_global_6.smt2: solved=True, runtime=0.85s, PAR-2=0.85s
[DEBUG] Processing 808/2482: QF_NRA/meti-tarski/CMOS/CMOS-opamp-chunk-0145.smt2
[DEBUG] Predicted solver: Z3alpha for benchmark QF_NRA/meti-tarski/CMOS/CMOS-opamp-chunk-0145.smt2
[DEBUG] Benchmark QF_NRA/meti-tarski/CMOS/CMOS-opamp-chunk-0145.smt2: solved=True, runtime=0.27s, PAR-2=0.27s
[DEBUG] Processing 809/2482: QF_NRA/hycomp/etcs_braking_2.01.seq_lazy_linear_enc_lemmas_global_2.smt2
[DEBUG] Predicted solver: SMTInterpol for benchmark QF_NRA/hycomp/etcs_braking_2.01.seq_lazy_linear_enc_lemmas_global_2.smt2
[DEBUG] Benchmark QF_NRA/hycomp/etcs_braking_2.01.seq_lazy_linear_enc_lemmas_global_2.smt2: solved=True, runtime=0.89s, PAR-2=0.89s
[DEBUG] Processing 810/2482: QF_NRA/zankl/matrix-5-all-15.smt2
[DEBUG] Predicted solver: SMTInterpol for benchmark QF_NRA/zankl/matrix-5-all-15.smt2
[DEBUG] Benchmark QF_NRA/zankl/matrix-5-all-15.smt2: solved=True, runtime=1.26s, PAR-2=1.26s
[DEBUG] Processing 811/2482: QF_NRA/hycomp/ball_count_1d_plain.03.qfree_global_14.smt2
[DEBUG] Predicted solver: SMTInterpol for benchmark QF_NRA/hycomp/ball_count_1d_plain.03.qfree_global_14.smt2
[DEBUG] Benchmark QF_NRA/hycomp/ball_count_1d_plain.03.qfree_global_14.smt2: solved=True, runtime=0.91s, PAR-2=0.91s
[DEBUG] Processing 812/2482: QF_NRA/hycomp/ball_count_1d_plain.05.seq_lazy_global_10.smt2
[DEBUG] Predicted solver: SMTInterpol for benchmark QF_NRA/hycomp/ball_count_1d_plain.05.seq_lazy_global_10.smt2
[DEBUG] Benchmark QF_NRA/hycomp/ball_count_1d_plain.05.seq_lazy_global_10.smt2: solved=True, runtime=0.86s, PAR-2=0.86s
[DEBUG] Processing 813/2482: QF_NRA/LassoRanker/Ultimate/Collatz.bpl_Iteration1_Lasso_4-phaseTemplate.smt2
[DEBUG] Predicted solver: Z3alpha for benchmark QF_NRA/LassoRanker/Ultimate/Collatz.bpl_Iteration1_Lasso_4-phaseTemplate.smt2
[DEBUG] Benchmark QF_NRA/LassoRanker/Ultimate/Collatz.bpl_Iteration1_Lasso_4-phaseTemplate.smt2: solved=True, runtime=39.55s, PAR-2=39.55s
[DEBUG] Processing 814/2482: QF_NRA/LassoRanker/CooperatingT2/spiral.t2.c_Iteration22_Loop_4-pieceTemplate.smt2
[DEBUG] Predicted solver: SMTInterpol for benchmark QF_NRA/LassoRanker/CooperatingT2/spiral.t2.c_Iteration22_Loop_4-pieceTemplate.smt2
[DEBUG] Benchmark QF_NRA/LassoRanker/CooperatingT2/spiral.t2.c_Iteration22_Loop_4-pieceTemplate.smt2: solved=True, runtime=1.50s, PAR-2=1.50s
[DEBUG] Processing 815/2482: QF_NRA/hycomp/ball_count_2d_hill_simple.01.qfree_global_12.smt2
[DEBUG] Predicted solver: SMTInterpol for benchmark QF_NRA/hycomp/ball_count_2d_hill_simple.01.qfree_global_12.smt2
[DEBUG] Benchmark QF_NRA/hycomp/ball_count_2d_hill_simple.01.qfree_global_12.smt2: solved=True, runtime=0.87s, PAR-2=0.87s
[DEBUG] Processing 816/2482: QF_NRA/meti-tarski/sin/problem/7/weak2/sin-problem-7-weak2-chunk-0087.smt2
[DEBUG] Predicted solver: Z3alpha for benchmark QF_NRA/meti-tarski/sin/problem/7/weak2/sin-problem-7-weak2-chunk-0087.smt2
[DEBUG] Benchmark QF_NRA/meti-tarski/sin/problem/7/weak2/sin-problem-7-weak2-chunk-0087.smt2: solved=True, runtime=0.27s, PAR-2=0.27s
[DEBUG] Processing 817/2482: QF_NRA/hycomp/ball_count_2d_hill_simple.03.seq_lazy_linear_enc_global_10.smt2
[DEBUG] Predicted solver: SMTInterpol for benchmark QF_NRA/hycomp/ball_count_2d_hill_simple.03.seq_lazy_linear_enc_global_10.smt2
[DEBUG] Benchmark QF_NRA/hycomp/ball_count_2d_hill_simple.03.seq_lazy_linear_enc_global_10.smt2: solved=True, runtime=0.88s, PAR-2=0.88s
[DEBUG] Processing 818/2482: QF_NRA/meti-tarski/atan/problem/2/weakT/atan-problem-2-weakT-chunk-0012.smt2
[DEBUG] Predicted solver: Z3alpha for benchmark QF_NRA/meti-tarski/atan/problem/2/weakT/atan-problem-2-weakT-chunk-0012.smt2
[DEBUG] Benchmark QF_NRA/meti-tarski/atan/problem/2/weakT/atan-problem-2-weakT-chunk-0012.smt2: solved=True, runtime=0.27s, PAR-2=0.27s
[DEBUG] Processing 819/2482: QF_NRA/hycomp/simple_ballistics_reach.01.seq_lazy_global_2.smt2
[DEBUG] Predicted solver: SMTInterpol for benchmark QF_NRA/hycomp/simple_ballistics_reach.01.seq_lazy_global_2.smt2
[DEBUG] Benchmark QF_NRA/hycomp/simple_ballistics_reach.01.seq_lazy_global_2.smt2: solved=True, runtime=0.72s, PAR-2=0.72s
[DEBUG] Processing 820/2482: QF_NRA/meti-tarski/Chua/2/VC1/U/Chua-2-VC1-U-chunk-0099.smt2
[DEBUG] Predicted solver: Z3alpha for benchmark QF_NRA/meti-tarski/Chua/2/VC1/U/Chua-2-VC1-U-chunk-0099.smt2
[DEBUG] Benchmark QF_NRA/meti-tarski/Chua/2/VC1/U/Chua-2-VC1-U-chunk-0099.smt2: solved=True, runtime=0.27s, PAR-2=0.27s
[DEBUG] Processing 821/2482: QF_NRA/hycomp/ball_count_2d_plain.05.seq_lazy_linear_enc_lemmas_global_15.smt2
[DEBUG] Predicted solver: Yices2 for benchmark QF_NRA/hycomp/ball_count_2d_plain.05.seq_lazy_linear_enc_lemmas_global_15.smt2
[DEBUG] Benchmark QF_NRA/hycomp/ball_count_2d_plain.05.seq_lazy_linear_enc_lemmas_global_15.smt2: solved=True, runtime=0.29s, PAR-2=0.29s
[DEBUG] Processing 822/2482: QF_NRA/LassoRanker/Ultimate/ATVA2013-yPositive-real.bpl_Iteration1_Loop_3-pieceTemplate.smt2
[DEBUG] Predicted solver: SMTInterpol for benchmark QF_NRA/LassoRanker/Ultimate/ATVA2013-yPositive-real.bpl_Iteration1_Loop_3-pieceTemplate.smt2
[DEBUG] Benchmark QF_NRA/LassoRanker/Ultimate/ATVA2013-yPositive-real.bpl_Iteration1_Loop_3-pieceTemplate.smt2: solved=True, runtime=0.75s, PAR-2=0.75s
[DEBUG] Processing 823/2482: QF_NRA/UltimateAutomizer/InVarSynth_SAS09doubleLoop-incorrect.bpl_Iteration3_0.smt2
[DEBUG] Predicted solver: SMTInterpol for benchmark QF_NRA/UltimateAutomizer/InVarSynth_SAS09doubleLoop-incorrect.bpl_Iteration3_0.smt2
[DEBUG] Benchmark QF_NRA/UltimateAutomizer/InVarSynth_SAS09doubleLoop-incorrect.bpl_Iteration3_0.smt2: solved=True, runtime=0.52s, PAR-2=0.52s
[DEBUG] Processing 824/2482: QF_NRA/meti-tarski/exp/problem/10/2/exp-problem-10-2-chunk-0353.smt2
[DEBUG] Predicted solver: Z3alpha for benchmark QF_NRA/meti-tarski/exp/problem/10/2/exp-problem-10-2-chunk-0353.smt2
[DEBUG] Benchmark QF_NRA/meti-tarski/exp/problem/10/2/exp-problem-10-2-chunk-0353.smt2: solved=True, runtime=0.27s, PAR-2=0.27s
[DEBUG] Processing 825/2482: QF_NRA/hycomp/ball_count_1d_plain.10.seq_lazy_linear_enc_lemmas_global_12.smt2
[DEBUG] Predicted solver: SMTInterpol for benchmark QF_NRA/hycomp/ball_count_1d_plain.10.seq_lazy_linear_enc_lemmas_global_12.smt2
[DEBUG] Benchmark QF_NRA/hycomp/ball_count_1d_plain.10.seq_lazy_linear_enc_lemmas_global_12.smt2: solved=True, runtime=1.09s, PAR-2=1.09s
[DEBUG] Processing 826/2482: QF_NRA/LassoRanker/CooperatingT2/polyrank6.t2.c_Iteration1_Loop_3-pieceTemplate.smt2
[DEBUG] Predicted solver: SMTInterpol for benchmark QF_NRA/LassoRanker/CooperatingT2/polyrank6.t2.c_Iteration1_Loop_3-pieceTemplate.smt2
[DEBUG] Benchmark QF_NRA/LassoRanker/CooperatingT2/polyrank6.t2.c_Iteration1_Loop_3-pieceTemplate.smt2: solved=True, runtime=1.13s, PAR-2=1.13s
[DEBUG] Processing 827/2482: QF_NRA/LassoRanker/Ultimate/Gulwani.bpl_Iteration1_Lasso_4-pieceTemplate.smt2
[DEBUG] Predicted solver: SMTInterpol for benchmark QF_NRA/LassoRanker/Ultimate/Gulwani.bpl_Iteration1_Lasso_4-pieceTemplate.smt2
[DEBUG] Benchmark QF_NRA/LassoRanker/Ultimate/Gulwani.bpl_Iteration1_Lasso_4-pieceTemplate.smt2: solved=True, runtime=17.15s, PAR-2=17.15s
[DEBUG] Processing 828/2482: QF_NRA/hycomp/ball_count_2d_plain.04.seq_lazy_lemmas_global_12.smt2
[DEBUG] Predicted solver: SMTInterpol for benchmark QF_NRA/hycomp/ball_count_2d_plain.04.seq_lazy_lemmas_global_12.smt2
[DEBUG] Benchmark QF_NRA/hycomp/ball_count_2d_plain.04.seq_lazy_lemmas_global_12.smt2: solved=True, runtime=1.04s, PAR-2=1.04s
[DEBUG] Processing 829/2482: QF_NRA/20161105-Sturm-MBO/mbo_E19E21.smt2
[DEBUG] Predicted solver: SMTInterpol for benchmark QF_NRA/20161105-Sturm-MBO/mbo_E19E21.smt2
[DEBUG] Benchmark QF_NRA/20161105-Sturm-MBO/mbo_E19E21.smt2: solved=True, runtime=0.69s, PAR-2=0.69s
[DEBUG] Processing 830/2482: QF_NRA/meti-tarski/sin/problem/7/sin-problem-7-chunk-0267.smt2
[DEBUG] Predicted solver: SMTInterpol for benchmark QF_NRA/meti-tarski/sin/problem/7/sin-problem-7-chunk-0267.smt2
[DEBUG] Benchmark QF_NRA/meti-tarski/sin/problem/7/sin-problem-7-chunk-0267.smt2: solved=True, runtime=0.42s, PAR-2=0.42s
[DEBUG] Processing 831/2482: QF_NRA/hycomp/ball_count_2d_hill.01.seq_lazy_lemmas_global_11.smt2
[DEBUG] Predicted solver: SMTInterpol for benchmark QF_NRA/hycomp/ball_count_2d_hill.01.seq_lazy_lemmas_global_11.smt2
[DEBUG] Benchmark QF_NRA/hycomp/ball_count_2d_hill.01.seq_lazy_lemmas_global_11.smt2: solved=True, runtime=1.13s, PAR-2=1.13s
[DEBUG] Processing 832/2482: QF_NRA/20170501-Heizmann-UltimateInvariantSynthesis/linear_search.i_6_21_3.bpl_3.smt2
[DEBUG] Predicted solver: SMTInterpol for benchmark QF_NRA/20170501-Heizmann-UltimateInvariantSynthesis/linear_search.i_6_21_3.bpl_3.smt2
[DEBUG] Benchmark QF_NRA/20170501-Heizmann-UltimateInvariantSynthesis/linear_search.i_6_21_3.bpl_3.smt2: solved=True, runtime=1.06s, PAR-2=1.06s
[DEBUG] Processing 833/2482: QF_NRA/meti-tarski/atan/problem/2/sqrt/weak/atan-problem-2-sqrt-weak-chunk-0061.smt2
[DEBUG] Predicted solver: Z3alpha for benchmark QF_NRA/meti-tarski/atan/problem/2/sqrt/weak/atan-problem-2-sqrt-weak-chunk-0061.smt2
[DEBUG] Benchmark QF_NRA/meti-tarski/atan/problem/2/sqrt/weak/atan-problem-2-sqrt-weak-chunk-0061.smt2: solved=True, runtime=0.27s, PAR-2=0.27s
[DEBUG] Processing 834/2482: QF_NRA/meti-tarski/exp/problem/10/3/weak/exp-problem-10-3-weak-chunk-0198.smt2
[DEBUG] Predicted solver: Z3alpha for benchmark QF_NRA/meti-tarski/exp/problem/10/3/weak/exp-problem-10-3-weak-chunk-0198.smt2
[DEBUG] Benchmark QF_NRA/meti-tarski/exp/problem/10/3/weak/exp-problem-10-3-weak-chunk-0198.smt2: solved=True, runtime=0.27s, PAR-2=0.27s
[DEBUG] Processing 835/2482: QF_NRA/meti-tarski/Nichols-Plot/Inverted-Pendulum/Nichols-Plot-Inverted-Pendulum-Fails-1-6-chunk-0249.smt2
[DEBUG] Predicted solver: Z3alpha for benchmark QF_NRA/meti-tarski/Nichols-Plot/Inverted-Pendulum/Nichols-Plot-Inverted-Pendulum-Fails-1-6-chunk-0249.smt2
[DEBUG] Benchmark QF_NRA/meti-tarski/Nichols-Plot/Inverted-Pendulum/Nichols-Plot-Inverted-Pendulum-Fails-1-6-chunk-0249.smt2: solved=True, runtime=0.27s, PAR-2=0.27s
[DEBUG] Processing 836/2482: QF_NRA/LassoRanker/SV-COMP/Ben-Amram-2010LMCS-Ex2.3_true-termination.c_Iteration1_Lasso_4-lexTemplate.smt2
[DEBUG] Predicted solver: SMTInterpol for benchmark QF_NRA/LassoRanker/SV-COMP/Ben-Amram-2010LMCS-Ex2.3_true-termination.c_Iteration1_Lasso_4-lexTemplate.smt2
[DEBUG] Benchmark QF_NRA/LassoRanker/SV-COMP/Ben-Amram-2010LMCS-Ex2.3_true-termination.c_Iteration1_Lasso_4-lexTemplate.smt2: solved=True, runtime=3.35s, PAR-2=3.35s
[DEBUG] Processing 837/2482: QF_NRA/2019-ezsmt/reverseFolding/44-reverse_folding-0-0.smt2
[DEBUG] Predicted solver: Yices2 for benchmark QF_NRA/2019-ezsmt/reverseFolding/44-reverse_folding-0-0.smt2
[DEBUG] Benchmark QF_NRA/2019-ezsmt/reverseFolding/44-reverse_folding-0-0.smt2: solved=True, runtime=4.65s, PAR-2=4.65s
[DEBUG] Processing 838/2482: QF_NRA/hycomp/ball_count_2d_hill_simple.02.redlog_global_11.smt2
[DEBUG] Predicted solver: SMTInterpol for benchmark QF_NRA/hycomp/ball_count_2d_hill_simple.02.redlog_global_11.smt2
[DEBUG] Benchmark QF_NRA/hycomp/ball_count_2d_hill_simple.02.redlog_global_11.smt2: solved=True, runtime=0.94s, PAR-2=0.94s
[DEBUG] Processing 839/2482: QF_NRA/meti-tarski/atan/problem/1/weak/atan-problem-1-weak-chunk-0022.smt2
[DEBUG] Predicted solver: Z3alpha for benchmark QF_NRA/meti-tarski/atan/problem/1/weak/atan-problem-1-weak-chunk-0022.smt2
[DEBUG] Benchmark QF_NRA/meti-tarski/atan/problem/1/weak/atan-problem-1-weak-chunk-0022.smt2: solved=True, runtime=0.27s, PAR-2=0.27s
[DEBUG] Processing 840/2482: QF_NRA/LassoRanker/SV-COMP/Toulouse-BranchesToLoop_true-termination.c_Iteration1_Lasso_4-pieceTemplate.smt2
[DEBUG] Predicted solver: SMTInterpol for benchmark QF_NRA/LassoRanker/SV-COMP/Toulouse-BranchesToLoop_true-termination.c_Iteration1_Lasso_4-pieceTemplate.smt2
[DEBUG] Benchmark QF_NRA/LassoRanker/SV-COMP/Toulouse-BranchesToLoop_true-termination.c_Iteration1_Lasso_4-pieceTemplate.smt2: solved=True, runtime=1.01s, PAR-2=1.01s
[DEBUG] Processing 841/2482: QF_NRA/meti-tarski/atan/problem/2/weak/atan-problem-2-weak-chunk-0100.smt2
[DEBUG] Predicted solver: Z3alpha for benchmark QF_NRA/meti-tarski/atan/problem/2/weak/atan-problem-2-weak-chunk-0100.smt2
[DEBUG] Benchmark QF_NRA/meti-tarski/atan/problem/2/weak/atan-problem-2-weak-chunk-0100.smt2: solved=True, runtime=0.27s, PAR-2=0.27s
[DEBUG] Processing 842/2482: QF_NRA/2019-ezsmt/bouncingBall/inst_1_10000.smt2
[DEBUG] Predicted solver: SMTInterpol for benchmark QF_NRA/2019-ezsmt/bouncingBall/inst_1_10000.smt2
[DEBUG] Benchmark QF_NRA/2019-ezsmt/bouncingBall/inst_1_10000.smt2: solved=True, runtime=1.49s, PAR-2=1.49s
[DEBUG] Processing 843/2482: QF_NRA/hycomp/etcs_braking_2.01.qfree_global_6.smt2
[DEBUG] Predicted solver: SMTInterpol for benchmark QF_NRA/hycomp/etcs_braking_2.01.qfree_global_6.smt2
[DEBUG] Benchmark QF_NRA/hycomp/etcs_braking_2.01.qfree_global_6.smt2: solved=True, runtime=1.23s, PAR-2=1.23s
[DEBUG] Processing 844/2482: QF_NRA/UltimateAutomizer/InVarSynth_GoannaDoubleFreeWithoutPointers.bpl_Iteration1_1.smt2
[DEBUG] Predicted solver: SMTInterpol for benchmark QF_NRA/UltimateAutomizer/InVarSynth_GoannaDoubleFreeWithoutPointers.bpl_Iteration1_1.smt2
[DEBUG] Benchmark QF_NRA/UltimateAutomizer/InVarSynth_GoannaDoubleFreeWithoutPointers.bpl_Iteration1_1.smt2: solved=True, runtime=0.91s, PAR-2=0.91s
[DEBUG] Processing 845/2482: QF_NRA/20200911-Pine/1599122159177336000.smt2
[DEBUG] Predicted solver: Z3alpha for benchmark QF_NRA/20200911-Pine/1599122159177336000.smt2
[DEBUG] Benchmark QF_NRA/20200911-Pine/1599122159177336000.smt2: solved=True, runtime=0.27s, PAR-2=0.27s
[DEBUG] Processing 846/2482: QF_NRA/hycomp/ball_count_2d_plain.05.seq_lazy_global_9.smt2
[DEBUG] Predicted solver: SMTInterpol for benchmark QF_NRA/hycomp/ball_count_2d_plain.05.seq_lazy_global_9.smt2
[DEBUG] Benchmark QF_NRA/hycomp/ball_count_2d_plain.05.seq_lazy_global_9.smt2: solved=True, runtime=0.88s, PAR-2=0.88s
[DEBUG] Processing 847/2482: QF_NRA/meti-tarski/polypaver/bench-exp-3d/polypaver-bench-exp-3d-chunk-0143.smt2
[DEBUG] Predicted solver: Z3alpha for benchmark QF_NRA/meti-tarski/polypaver/bench-exp-3d/polypaver-bench-exp-3d-chunk-0143.smt2
[DEBUG] Benchmark QF_NRA/meti-tarski/polypaver/bench-exp-3d/polypaver-bench-exp-3d-chunk-0143.smt2: solved=True, runtime=0.27s, PAR-2=0.27s
[DEBUG] Processing 848/2482: QF_NRA/hycomp/ball_count_2d_hill.03.seq_lazy_linear_enc_lemmas_global_11.smt2
[DEBUG] Predicted solver: SMTInterpol for benchmark QF_NRA/hycomp/ball_count_2d_hill.03.seq_lazy_linear_enc_lemmas_global_11.smt2
[DEBUG] Benchmark QF_NRA/hycomp/ball_count_2d_hill.03.seq_lazy_linear_enc_lemmas_global_11.smt2: solved=True, runtime=1.13s, PAR-2=1.13s
[DEBUG] Processing 849/2482: QF_NRA/hycomp/ball_count_2d_plain.10.seq_lazy_lemmas_global_6.smt2
[DEBUG] Predicted solver: SMTInterpol for benchmark QF_NRA/hycomp/ball_count_2d_plain.10.seq_lazy_lemmas_global_6.smt2
[DEBUG] Benchmark QF_NRA/hycomp/ball_count_2d_plain.10.seq_lazy_lemmas_global_6.smt2: solved=True, runtime=0.89s, PAR-2=0.89s
[DEBUG] Processing 850/2482: QF_NRA/LassoRanker/CooperatingT2/pentagon.t2.c_Iteration12_Loop_3-pieceTemplate.smt2
[DEBUG] Predicted solver: SMTInterpol for benchmark QF_NRA/LassoRanker/CooperatingT2/pentagon.t2.c_Iteration12_Loop_3-pieceTemplate.smt2
[DEBUG] Benchmark QF_NRA/LassoRanker/CooperatingT2/pentagon.t2.c_Iteration12_Loop_3-pieceTemplate.smt2: solved=True, runtime=0.89s, PAR-2=0.89s
[DEBUG] Processing 851/2482: QF_NRA/20161105-Sturm-MBO/mbo_E6E22.smt2
[DEBUG] Predicted solver: SMTInterpol for benchmark QF_NRA/20161105-Sturm-MBO/mbo_E6E22.smt2
[DEBUG] Benchmark QF_NRA/20161105-Sturm-MBO/mbo_E6E22.smt2: solved=True, runtime=2.28s, PAR-2=2.28s
[DEBUG] Processing 852/2482: QF_NRA/meti-tarski/polypaver/sqrt-circles/2a/polypaver-sqrt-circles-2a-chunk-0014.smt2
[DEBUG] Predicted solver: Z3alpha for benchmark QF_NRA/meti-tarski/polypaver/sqrt-circles/2a/polypaver-sqrt-circles-2a-chunk-0014.smt2
[DEBUG] Benchmark QF_NRA/meti-tarski/polypaver/sqrt-circles/2a/polypaver-sqrt-circles-2a-chunk-0014.smt2: solved=True, runtime=0.30s, PAR-2=0.30s
[DEBUG] Processing 853/2482: QF_NRA/UltimateAutomizer/InVarSynth_BugFreshConstantInSSA.bpl_Iteration2_0.smt2
[DEBUG] Predicted solver: SMTInterpol for benchmark QF_NRA/UltimateAutomizer/InVarSynth_BugFreshConstantInSSA.bpl_Iteration2_0.smt2
[DEBUG] Benchmark QF_NRA/UltimateAutomizer/InVarSynth_BugFreshConstantInSSA.bpl_Iteration2_0.smt2: solved=True, runtime=0.57s, PAR-2=0.57s
[DEBUG] Processing 854/2482: QF_NRA/meti-tarski/sin/cos/sin-cos-346-b-chunk-0088.smt2
[DEBUG] Predicted solver: Z3alpha for benchmark QF_NRA/meti-tarski/sin/cos/sin-cos-346-b-chunk-0088.smt2
[DEBUG] Benchmark QF_NRA/meti-tarski/sin/cos/sin-cos-346-b-chunk-0088.smt2: solved=True, runtime=0.31s, PAR-2=0.31s
[DEBUG] Processing 855/2482: QF_NRA/LassoRanker/CooperatingT2/toeplz.t2.c_Iteration10_Loop_4-pieceTemplate.smt2
[DEBUG] Predicted solver: SMTInterpol for benchmark QF_NRA/LassoRanker/CooperatingT2/toeplz.t2.c_Iteration10_Loop_4-pieceTemplate.smt2
[DEBUG] Benchmark QF_NRA/LassoRanker/CooperatingT2/toeplz.t2.c_Iteration10_Loop_4-pieceTemplate.smt2: solved=True, runtime=1.34s, PAR-2=1.34s
[DEBUG] Processing 856/2482: QF_NRA/meti-tarski/sqrt/1mcosq/7/sqrt-1mcosq-7-chunk-0155.smt2
[DEBUG] Predicted solver: Z3alpha for benchmark QF_NRA/meti-tarski/sqrt/1mcosq/7/sqrt-1mcosq-7-chunk-0155.smt2
[DEBUG] Benchmark QF_NRA/meti-tarski/sqrt/1mcosq/7/sqrt-1mcosq-7-chunk-0155.smt2: solved=True, runtime=0.28s, PAR-2=0.28s
[DEBUG] Processing 857/2482: QF_NRA/2019-ezsmt/reverseFolding/42-reverse_folding-0-0.smt2
[DEBUG] Predicted solver: Yices2 for benchmark QF_NRA/2019-ezsmt/reverseFolding/42-reverse_folding-0-0.smt2
[DEBUG] Benchmark QF_NRA/2019-ezsmt/reverseFolding/42-reverse_folding-0-0.smt2: solved=True, runtime=2.45s, PAR-2=2.45s
[DEBUG] Processing 858/2482: QF_NRA/meti-tarski/sin/cos/sin-cos-346-b-chunk-0511.smt2
[DEBUG] Predicted solver: Z3alpha for benchmark QF_NRA/meti-tarski/sin/cos/sin-cos-346-b-chunk-0511.smt2
[DEBUG] Benchmark QF_NRA/meti-tarski/sin/cos/sin-cos-346-b-chunk-0511.smt2: solved=True, runtime=0.27s, PAR-2=0.27s
[DEBUG] Processing 859/2482: QF_NRA/meti-tarski/Arthan/KM2/ArthanKM2-chunk-0008.smt2
[DEBUG] Predicted solver: Z3alpha for benchmark QF_NRA/meti-tarski/Arthan/KM2/ArthanKM2-chunk-0008.smt2
[DEBUG] Benchmark QF_NRA/meti-tarski/Arthan/KM2/ArthanKM2-chunk-0008.smt2: solved=True, runtime=0.31s, PAR-2=0.31s
[DEBUG] Processing 860/2482: QF_NRA/meti-tarski/polypaver/bench-sqrt-3d/polypaver-bench-sqrt-3d-chunk-0496.smt2
[DEBUG] Predicted solver: Z3alpha for benchmark QF_NRA/meti-tarski/polypaver/bench-sqrt-3d/polypaver-bench-sqrt-3d-chunk-0496.smt2
[DEBUG] Benchmark QF_NRA/meti-tarski/polypaver/bench-sqrt-3d/polypaver-bench-sqrt-3d-chunk-0496.smt2: solved=True, runtime=0.27s, PAR-2=0.27s
[DEBUG] Processing 861/2482: QF_NRA/20180501-Economics-Mulligan/MulliganEconomicsModel0029a.smt2
[DEBUG] Predicted solver: Yices2 for benchmark QF_NRA/20180501-Economics-Mulligan/MulliganEconomicsModel0029a.smt2
[DEBUG] Benchmark QF_NRA/20180501-Economics-Mulligan/MulliganEconomicsModel0029a.smt2: solved=True, runtime=0.22s, PAR-2=0.22s
[DEBUG] Processing 862/2482: QF_NRA/hycomp/ball_count_2d_hill.01.seq_lazy_global_10.smt2
[DEBUG] Predicted solver: SMTInterpol for benchmark QF_NRA/hycomp/ball_count_2d_hill.01.seq_lazy_global_10.smt2
[DEBUG] Benchmark QF_NRA/hycomp/ball_count_2d_hill.01.seq_lazy_global_10.smt2: solved=True, runtime=0.96s, PAR-2=0.96s
[DEBUG] Processing 863/2482: QF_NRA/hycomp/ball_count_2d_hill.04.seq_lazy_global_8.smt2
[DEBUG] Predicted solver: SMTInterpol for benchmark QF_NRA/hycomp/ball_count_2d_hill.04.seq_lazy_global_8.smt2
[DEBUG] Benchmark QF_NRA/hycomp/ball_count_2d_hill.04.seq_lazy_global_8.smt2: solved=True, runtime=0.89s, PAR-2=0.89s
[DEBUG] Processing 864/2482: QF_NRA/LassoRanker/Ultimate/yPositive-SIscaled100.bpl_Iteration1_Loop_2-pieceTemplate.smt2
[DEBUG] Predicted solver: SMTInterpol for benchmark QF_NRA/LassoRanker/Ultimate/yPositive-SIscaled100.bpl_Iteration1_Loop_2-pieceTemplate.smt2
[DEBUG] Benchmark QF_NRA/LassoRanker/Ultimate/yPositive-SIscaled100.bpl_Iteration1_Loop_2-pieceTemplate.smt2: solved=True, runtime=1.85s, PAR-2=1.85s
[DEBUG] Processing 865/2482: QF_NRA/LassoRanker/CooperatingT2/elmhes.c.i.elmhes.pl.t2.fixed.t2.c_Iteration6_Loop_4-pieceTemplate.smt2
[DEBUG] Predicted solver: SMTInterpol for benchmark QF_NRA/LassoRanker/CooperatingT2/elmhes.c.i.elmhes.pl.t2.fixed.t2.c_Iteration6_Loop_4-pieceTemplate.smt2
[DEBUG] Benchmark QF_NRA/LassoRanker/CooperatingT2/elmhes.c.i.elmhes.pl.t2.fixed.t2.c_Iteration6_Loop_4-pieceTemplate.smt2: solved=True, runtime=1.39s, PAR-2=1.39s
[DEBUG] Processing 866/2482: QF_NRA/meti-tarski/Nichols-Plot/Inverted-Pendulum/Nichols-Plot-Inverted-Pendulum-Fails-1-6-chunk-0223.smt2
[DEBUG] Predicted solver: Z3alpha for benchmark QF_NRA/meti-tarski/Nichols-Plot/Inverted-Pendulum/Nichols-Plot-Inverted-Pendulum-Fails-1-6-chunk-0223.smt2
[DEBUG] Benchmark QF_NRA/meti-tarski/Nichols-Plot/Inverted-Pendulum/Nichols-Plot-Inverted-Pendulum-Fails-1-6-chunk-0223.smt2: solved=True, runtime=0.27s, PAR-2=0.27s
[DEBUG] Processing 867/2482: QF_NRA/meti-tarski/exp/problem/10/2/exp-problem-10-2-chunk-0120.smt2
[DEBUG] Predicted solver: Z3alpha for benchmark QF_NRA/meti-tarski/exp/problem/10/2/exp-problem-10-2-chunk-0120.smt2
[DEBUG] Benchmark QF_NRA/meti-tarski/exp/problem/10/2/exp-problem-10-2-chunk-0120.smt2: solved=True, runtime=0.27s, PAR-2=0.27s
[DEBUG] Processing 868/2482: QF_NRA/20161105-Sturm-MBO/mbo_E15E22.smt2
[DEBUG] Predicted solver: SMTInterpol for benchmark QF_NRA/20161105-Sturm-MBO/mbo_E15E22.smt2
[DEBUG] Benchmark QF_NRA/20161105-Sturm-MBO/mbo_E15E22.smt2: solved=True, runtime=1.83s, PAR-2=1.83s
[DEBUG] Processing 869/2482: QF_NRA/meti-tarski/sin/cos/sin-cos-346-b-chunk-0421.smt2
[DEBUG] Predicted solver: Z3alpha for benchmark QF_NRA/meti-tarski/sin/cos/sin-cos-346-b-chunk-0421.smt2
[DEBUG] Benchmark QF_NRA/meti-tarski/sin/cos/sin-cos-346-b-chunk-0421.smt2: solved=True, runtime=0.27s, PAR-2=0.27s
[DEBUG] Processing 870/2482: QF_NRA/LassoRanker/Ultimate/ChenFlurMukhopadhyay-2012SAS-Fig1.bpl_Iteration1_Loop_3-pieceTemplate.smt2
[DEBUG] Predicted solver: SMTInterpol for benchmark QF_NRA/LassoRanker/Ultimate/ChenFlurMukhopadhyay-2012SAS-Fig1.bpl_Iteration1_Loop_3-pieceTemplate.smt2
[DEBUG] Benchmark QF_NRA/LassoRanker/Ultimate/ChenFlurMukhopadhyay-2012SAS-Fig1.bpl_Iteration1_Loop_3-pieceTemplate.smt2: solved=True, runtime=0.77s, PAR-2=0.77s
[DEBUG] Processing 871/2482: QF_NRA/meti-tarski/sin/344/3/sin-344-3-chunk-0052.smt2
[DEBUG] Predicted solver: Z3alpha for benchmark QF_NRA/meti-tarski/sin/344/3/sin-344-3-chunk-0052.smt2
[DEBUG] Benchmark QF_NRA/meti-tarski/sin/344/3/sin-344-3-chunk-0052.smt2: solved=True, runtime=0.30s, PAR-2=0.30s
[DEBUG] Processing 872/2482: QF_NRA/LassoRanker/SV-COMP/Masse_true-termination.c_Iteration1_Loop_3-pieceTemplate.smt2
[DEBUG] Predicted solver: SMTInterpol for benchmark QF_NRA/LassoRanker/SV-COMP/Masse_true-termination.c_Iteration1_Loop_3-pieceTemplate.smt2
[DEBUG] Benchmark QF_NRA/LassoRanker/SV-COMP/Masse_true-termination.c_Iteration1_Loop_3-pieceTemplate.smt2: solved=True, runtime=3.07s, PAR-2=3.07s
[DEBUG] Processing 873/2482: QF_NRA/meti-tarski/atan/problem/2/weakT/atan-problem-2-weakT-chunk-0010.smt2
[DEBUG] Predicted solver: Z3alpha for benchmark QF_NRA/meti-tarski/atan/problem/2/weakT/atan-problem-2-weakT-chunk-0010.smt2
[DEBUG] Benchmark QF_NRA/meti-tarski/atan/problem/2/weakT/atan-problem-2-weakT-chunk-0010.smt2: solved=True, runtime=0.27s, PAR-2=0.27s
[DEBUG] Processing 874/2482: QF_NRA/meti-tarski/atan/vega/3/atan-vega-3-chunk-0619.smt2
[DEBUG] Predicted solver: Z3alpha for benchmark QF_NRA/meti-tarski/atan/vega/3/atan-vega-3-chunk-0619.smt2
[DEBUG] Benchmark QF_NRA/meti-tarski/atan/vega/3/atan-vega-3-chunk-0619.smt2: solved=True, runtime=0.27s, PAR-2=0.27s
[DEBUG] Processing 875/2482: QF_NRA/hycomp/ball_count_2d_hill.05.seq_lazy_linear_enc_global_14.smt2
[DEBUG] Predicted solver: SMTInterpol for benchmark QF_NRA/hycomp/ball_count_2d_hill.05.seq_lazy_linear_enc_global_14.smt2
[DEBUG] Benchmark QF_NRA/hycomp/ball_count_2d_hill.05.seq_lazy_linear_enc_global_14.smt2: solved=True, runtime=1.11s, PAR-2=1.11s
[DEBUG] Processing 876/2482: QF_NRA/LassoRanker/Ultimate/2013POPL-BenAmGen-Ex3.20.bpl_Iteration1_Lasso_3-pieceTemplate.smt2
[DEBUG] Predicted solver: SMTInterpol for benchmark QF_NRA/LassoRanker/Ultimate/2013POPL-BenAmGen-Ex3.20.bpl_Iteration1_Lasso_3-pieceTemplate.smt2
[DEBUG] Benchmark QF_NRA/LassoRanker/Ultimate/2013POPL-BenAmGen-Ex3.20.bpl_Iteration1_Lasso_3-pieceTemplate.smt2: solved=True, runtime=0.74s, PAR-2=0.74s
[DEBUG] Processing 877/2482: QF_NRA/meti-tarski/atan/vega/3/weak/atan-vega-3-weak-chunk-0476.smt2
[DEBUG] Predicted solver: Z3alpha for benchmark QF_NRA/meti-tarski/atan/vega/3/weak/atan-vega-3-weak-chunk-0476.smt2
[DEBUG] Benchmark QF_NRA/meti-tarski/atan/vega/3/weak/atan-vega-3-weak-chunk-0476.smt2: solved=True, runtime=0.38s, PAR-2=0.38s
[DEBUG] Processing 878/2482: QF_NRA/meti-tarski/sin/cos/sin-cos-346-b-chunk-0629.smt2
[DEBUG] Predicted solver: Z3alpha for benchmark QF_NRA/meti-tarski/sin/cos/sin-cos-346-b-chunk-0629.smt2
[DEBUG] Benchmark QF_NRA/meti-tarski/sin/cos/sin-cos-346-b-chunk-0629.smt2: solved=True, runtime=0.27s, PAR-2=0.27s
[DEBUG] Processing 879/2482: QF_NRA/meti-tarski/exp/problem/10/2/exp-problem-10-2-chunk-0296.smt2
[DEBUG] Predicted solver: Z3alpha for benchmark QF_NRA/meti-tarski/exp/problem/10/2/exp-problem-10-2-chunk-0296.smt2
[DEBUG] Benchmark QF_NRA/meti-tarski/exp/problem/10/2/exp-problem-10-2-chunk-0296.smt2: solved=True, runtime=0.28s, PAR-2=0.28s
[DEBUG] Processing 880/2482: QF_NRA/20211101-Geogebra/IsoRightTriangle-Bottema1_4a.smt2
[DEBUG] Predicted solver: Z3alpha for benchmark QF_NRA/20211101-Geogebra/IsoRightTriangle-Bottema1_4a.smt2
[DEBUG] Benchmark QF_NRA/20211101-Geogebra/IsoRightTriangle-Bottema1_4a.smt2: solved=True, runtime=0.27s, PAR-2=0.27s
[DEBUG] Processing 881/2482: QF_NRA/UltimateAutomizer/InVarSynth_ShortCircuit-SideEffect-SwitchStatement-Unsafe.c_Iteration1_1.smt2
[DEBUG] Predicted solver: SMTInterpol for benchmark QF_NRA/UltimateAutomizer/InVarSynth_ShortCircuit-SideEffect-SwitchStatement-Unsafe.c_Iteration1_1.smt2
[DEBUG] Benchmark QF_NRA/UltimateAutomizer/InVarSynth_ShortCircuit-SideEffect-SwitchStatement-Unsafe.c_Iteration1_1.smt2: solved=True, runtime=0.76s, PAR-2=0.76s
[DEBUG] Processing 882/2482: QF_NRA/hycomp/ball_count_2d_hill_simple.03.seq_lazy_lemmas_global_10.smt2
[DEBUG] Predicted solver: SMTInterpol for benchmark QF_NRA/hycomp/ball_count_2d_hill_simple.03.seq_lazy_lemmas_global_10.smt2
[DEBUG] Benchmark QF_NRA/hycomp/ball_count_2d_hill_simple.03.seq_lazy_lemmas_global_10.smt2: solved=True, runtime=0.91s, PAR-2=0.91s
[DEBUG] Processing 883/2482: QF_NRA/LassoRanker/SV-COMP/LeeJonesBen-Amram-2001POPL-Ex5_true-termination.c_Iteration2_Lasso_3-lexTemplate.smt2
[DEBUG] Predicted solver: SMTInterpol for benchmark QF_NRA/LassoRanker/SV-COMP/LeeJonesBen-Amram-2001POPL-Ex5_true-termination.c_Iteration2_Lasso_3-lexTemplate.smt2
[DEBUG] Benchmark QF_NRA/LassoRanker/SV-COMP/LeeJonesBen-Amram-2001POPL-Ex5_true-termination.c_Iteration2_Lasso_3-lexTemplate.smt2: solved=True, runtime=1.96s, PAR-2=1.96s
[DEBUG] Processing 884/2482: QF_NRA/meti-tarski/sin/344/3/sin-344-3-chunk-0046.smt2
[DEBUG] Predicted solver: Z3alpha for benchmark QF_NRA/meti-tarski/sin/344/3/sin-344-3-chunk-0046.smt2
[DEBUG] Benchmark QF_NRA/meti-tarski/sin/344/3/sin-344-3-chunk-0046.smt2: solved=True, runtime=0.27s, PAR-2=0.27s
[DEBUG] Processing 885/2482: QF_NRA/meti-tarski/sqrt/1mcosq/8/sqrt-1mcosq-8-chunk-0117.smt2
[DEBUG] Predicted solver: Z3alpha for benchmark QF_NRA/meti-tarski/sqrt/1mcosq/8/sqrt-1mcosq-8-chunk-0117.smt2
[DEBUG] Benchmark QF_NRA/meti-tarski/sqrt/1mcosq/8/sqrt-1mcosq-8-chunk-0117.smt2: solved=True, runtime=0.29s, PAR-2=0.29s
[DEBUG] Processing 886/2482: QF_NRA/LassoRanker/SV-COMP/aviad_true-termination.c_Iteration1_Loop_2-nestedTemplate.smt2
[DEBUG] Predicted solver: Yices2 for benchmark QF_NRA/LassoRanker/SV-COMP/aviad_true-termination.c_Iteration1_Loop_2-nestedTemplate.smt2
[DEBUG] Benchmark QF_NRA/LassoRanker/SV-COMP/aviad_true-termination.c_Iteration1_Loop_2-nestedTemplate.smt2: solved=True, runtime=144.72s, PAR-2=144.72s
[DEBUG] Processing 887/2482: QF_NRA/20200911-Pine/1599121904850228000.smt2
[DEBUG] Predicted solver: Yices2 for benchmark QF_NRA/20200911-Pine/1599121904850228000.smt2
[DEBUG] Benchmark QF_NRA/20200911-Pine/1599121904850228000.smt2: solved=True, runtime=0.32s, PAR-2=0.32s
[DEBUG] Processing 888/2482: QF_NRA/20161105-Sturm-MBO/mbo_E18E24.smt2
[DEBUG] Predicted solver: SMTInterpol for benchmark QF_NRA/20161105-Sturm-MBO/mbo_E18E24.smt2
[DEBUG] Benchmark QF_NRA/20161105-Sturm-MBO/mbo_E18E24.smt2: solved=True, runtime=1.93s, PAR-2=1.93s
[DEBUG] Processing 889/2482: QF_NRA/meti-tarski/atan/vega/3/weak/atan-vega-3-weak-chunk-0444.smt2
[DEBUG] Predicted solver: Z3alpha for benchmark QF_NRA/meti-tarski/atan/vega/3/weak/atan-vega-3-weak-chunk-0444.smt2
[DEBUG] Benchmark QF_NRA/meti-tarski/atan/vega/3/weak/atan-vega-3-weak-chunk-0444.smt2: solved=True, runtime=0.26s, PAR-2=0.26s
[DEBUG] Processing 890/2482: QF_NRA/20200911-Pine/1599121976975720000.smt2
[DEBUG] Predicted solver: Z3alpha for benchmark QF_NRA/20200911-Pine/1599121976975720000.smt2
[DEBUG] Benchmark QF_NRA/20200911-Pine/1599121976975720000.smt2: solved=True, runtime=0.27s, PAR-2=0.27s
[DEBUG] Processing 891/2482: QF_NRA/LassoRanker/CooperatingT2/eric.t2.c_Iteration1_Lasso_3-pieceTemplate.smt2
[DEBUG] Predicted solver: SMTInterpol for benchmark QF_NRA/LassoRanker/CooperatingT2/eric.t2.c_Iteration1_Lasso_3-pieceTemplate.smt2
[DEBUG] Benchmark QF_NRA/LassoRanker/CooperatingT2/eric.t2.c_Iteration1_Lasso_3-pieceTemplate.smt2: solved=True, runtime=2.49s, PAR-2=2.49s
[DEBUG] Processing 892/2482: QF_NRA/hycomp/ball_count_2d_plain.10.qfree_global_8.smt2
[DEBUG] Predicted solver: SMTInterpol for benchmark QF_NRA/hycomp/ball_count_2d_plain.10.qfree_global_8.smt2
[DEBUG] Benchmark QF_NRA/hycomp/ball_count_2d_plain.10.qfree_global_8.smt2: solved=True, runtime=0.90s, PAR-2=0.90s
[DEBUG] Processing 893/2482: QF_NRA/20200911-Pine/1599121977052667000.smt2
[DEBUG] Predicted solver: Z3alpha for benchmark QF_NRA/20200911-Pine/1599121977052667000.smt2
[DEBUG] Benchmark QF_NRA/20200911-Pine/1599121977052667000.smt2: solved=True, runtime=0.27s, PAR-2=0.27s
[DEBUG] Processing 894/2482: QF_NRA/meti-tarski/polypaver/bench-sqrt-3d/polypaver-bench-sqrt-3d-chunk-0511.smt2
[DEBUG] Predicted solver: Z3alpha for benchmark QF_NRA/meti-tarski/polypaver/bench-sqrt-3d/polypaver-bench-sqrt-3d-chunk-0511.smt2
[DEBUG] Benchmark QF_NRA/meti-tarski/polypaver/bench-sqrt-3d/polypaver-bench-sqrt-3d-chunk-0511.smt2: solved=True, runtime=0.27s, PAR-2=0.27s
[DEBUG] Processing 895/2482: QF_NRA/hycomp/ball_count_1d_plain.01.seq_lazy_linear_enc_global_12.smt2
[DEBUG] Predicted solver: SMTInterpol for benchmark QF_NRA/hycomp/ball_count_1d_plain.01.seq_lazy_linear_enc_global_12.smt2
[DEBUG] Benchmark QF_NRA/hycomp/ball_count_1d_plain.01.seq_lazy_linear_enc_global_12.smt2: solved=True, runtime=0.91s, PAR-2=0.91s
[DEBUG] Processing 896/2482: QF_NRA/hycomp/ball_count_2d_plain.05.redlog_global_7.smt2
[DEBUG] Predicted solver: SMTInterpol for benchmark QF_NRA/hycomp/ball_count_2d_plain.05.redlog_global_7.smt2
[DEBUG] Benchmark QF_NRA/hycomp/ball_count_2d_plain.05.redlog_global_7.smt2: solved=True, runtime=0.97s, PAR-2=0.97s
[DEBUG] Processing 897/2482: QF_NRA/meti-tarski/Chua/2/VC2/L/Chua-2-VC2-L-chunk-0056.smt2
[DEBUG] Predicted solver: Z3alpha for benchmark QF_NRA/meti-tarski/Chua/2/VC2/L/Chua-2-VC2-L-chunk-0056.smt2
[DEBUG] Benchmark QF_NRA/meti-tarski/Chua/2/VC2/L/Chua-2-VC2-L-chunk-0056.smt2: solved=True, runtime=0.27s, PAR-2=0.27s
[DEBUG] Processing 898/2482: QF_NRA/hycomp/ball_count_1d_plain.03.redlog_global_5.smt2
[DEBUG] Predicted solver: SMTInterpol for benchmark QF_NRA/hycomp/ball_count_1d_plain.03.redlog_global_5.smt2
[DEBUG] Benchmark QF_NRA/hycomp/ball_count_1d_plain.03.redlog_global_5.smt2: solved=True, runtime=0.77s, PAR-2=0.77s
[DEBUG] Processing 899/2482: QF_NRA/20211101-Geogebra/IsoRightTriangle-Bottema6_1b.smt2
[DEBUG] Predicted solver: SMTInterpol for benchmark QF_NRA/20211101-Geogebra/IsoRightTriangle-Bottema6_1b.smt2
[DEBUG] Benchmark QF_NRA/20211101-Geogebra/IsoRightTriangle-Bottema6_1b.smt2: solved=True, runtime=0.41s, PAR-2=0.41s
[DEBUG] Processing 900/2482: QF_NRA/meti-tarski/sqrt/1mcosq/8/sqrt-1mcosq-8-chunk-0359.smt2
[DEBUG] Predicted solver: Z3alpha for benchmark QF_NRA/meti-tarski/sqrt/1mcosq/8/sqrt-1mcosq-8-chunk-0359.smt2
[DEBUG] Benchmark QF_NRA/meti-tarski/sqrt/1mcosq/8/sqrt-1mcosq-8-chunk-0359.smt2: solved=True, runtime=0.27s, PAR-2=0.27s
[DEBUG] Processing 901/2482: QF_NRA/hycomp/etcs_braking_2.01.seq_lazy_linear_enc_global_4.smt2
[DEBUG] Predicted solver: SMTInterpol for benchmark QF_NRA/hycomp/etcs_braking_2.01.seq_lazy_linear_enc_global_4.smt2
[DEBUG] Benchmark QF_NRA/hycomp/etcs_braking_2.01.seq_lazy_linear_enc_global_4.smt2: solved=True, runtime=1.00s, PAR-2=1.00s
[DEBUG] Processing 902/2482: QF_NRA/20161105-Sturm-MBO/mbo_E10E22.smt2
[DEBUG] Predicted solver: SMTInterpol for benchmark QF_NRA/20161105-Sturm-MBO/mbo_E10E22.smt2
[DEBUG] Benchmark QF_NRA/20161105-Sturm-MBO/mbo_E10E22.smt2: solved=True, runtime=1.92s, PAR-2=1.92s
[DEBUG] Processing 903/2482: QF_NRA/hycomp/ball_count_1d_plain.05.seq_lazy_linear_enc_lemmas_global_8.smt2
[DEBUG] Predicted solver: SMTInterpol for benchmark QF_NRA/hycomp/ball_count_1d_plain.05.seq_lazy_linear_enc_lemmas_global_8.smt2
[DEBUG] Benchmark QF_NRA/hycomp/ball_count_1d_plain.05.seq_lazy_linear_enc_lemmas_global_8.smt2: solved=True, runtime=0.98s, PAR-2=0.98s
[DEBUG] Processing 904/2482: QF_NRA/hycomp/ball_count_1d_plain.05.seq_lazy_lemmas_global_8.smt2
[DEBUG] Predicted solver: SMTInterpol for benchmark QF_NRA/hycomp/ball_count_1d_plain.05.seq_lazy_lemmas_global_8.smt2
[DEBUG] Benchmark QF_NRA/hycomp/ball_count_1d_plain.05.seq_lazy_lemmas_global_8.smt2: solved=True, runtime=0.92s, PAR-2=0.92s
[DEBUG] Processing 905/2482: QF_NRA/meti-tarski/Chua/2/IL/U/Chua-2-IL-U-chunk-0052.smt2
[DEBUG] Predicted solver: Z3alpha for benchmark QF_NRA/meti-tarski/Chua/2/IL/U/Chua-2-IL-U-chunk-0052.smt2
[DEBUG] Benchmark QF_NRA/meti-tarski/Chua/2/IL/U/Chua-2-IL-U-chunk-0052.smt2: solved=True, runtime=0.27s, PAR-2=0.27s
[DEBUG] Processing 906/2482: QF_NRA/UltimateAutomizer/InVarSynth_StructPositiveSum-Safe.c_Iteration2_0.smt2
[DEBUG] Predicted solver: SMTInterpol for benchmark QF_NRA/UltimateAutomizer/InVarSynth_StructPositiveSum-Safe.c_Iteration2_0.smt2
[DEBUG] Benchmark QF_NRA/UltimateAutomizer/InVarSynth_StructPositiveSum-Safe.c_Iteration2_0.smt2: solved=True, runtime=0.61s, PAR-2=0.61s
[DEBUG] Processing 907/2482: QF_NRA/hycomp/ball_count_2d_hill.01.redlog_global_14.smt2
[DEBUG] Predicted solver: SMTInterpol for benchmark QF_NRA/hycomp/ball_count_2d_hill.01.redlog_global_14.smt2
[DEBUG] Benchmark QF_NRA/hycomp/ball_count_2d_hill.01.redlog_global_14.smt2: solved=True, runtime=1.47s, PAR-2=1.47s
[DEBUG] Processing 908/2482: QF_NRA/20211101-Geogebra/IsoRightTriangle-Bottema4_2b.smt2
[DEBUG] Predicted solver: Z3alpha for benchmark QF_NRA/20211101-Geogebra/IsoRightTriangle-Bottema4_2b.smt2
[DEBUG] Benchmark QF_NRA/20211101-Geogebra/IsoRightTriangle-Bottema4_2b.smt2: solved=True, runtime=0.27s, PAR-2=0.27s
[DEBUG] Processing 909/2482: QF_NRA/meti-tarski/exp/problem/10/3/exp-problem-10-3-chunk-0029.smt2
[DEBUG] Predicted solver: Z3alpha for benchmark QF_NRA/meti-tarski/exp/problem/10/3/exp-problem-10-3-chunk-0029.smt2
[DEBUG] Benchmark QF_NRA/meti-tarski/exp/problem/10/3/exp-problem-10-3-chunk-0029.smt2: solved=True, runtime=0.30s, PAR-2=0.30s
[DEBUG] Processing 910/2482: QF_NRA/20220314-Uncu/Rational_Function_Proof_Calls_With_Disjunctive_Denominator_Simplifications/DDC_ProveIneq_ISSAC05_LevinRHSb.smt2
[DEBUG] Predicted solver: Z3alpha for benchmark QF_NRA/20220314-Uncu/Rational_Function_Proof_Calls_With_Disjunctive_Denominator_Simplifications/DDC_ProveIneq_ISSAC05_LevinRHSb.smt2
[DEBUG] Benchmark QF_NRA/20220314-Uncu/Rational_Function_Proof_Calls_With_Disjunctive_Denominator_Simplifications/DDC_ProveIneq_ISSAC05_LevinRHSb.smt2: solved=True, runtime=0.28s, PAR-2=0.28s
[DEBUG] Processing 911/2482: QF_NRA/meti-tarski/exp/problem/10/2/exp-problem-10-2-chunk-0298.smt2
[DEBUG] Predicted solver: Z3alpha for benchmark QF_NRA/meti-tarski/exp/problem/10/2/exp-problem-10-2-chunk-0298.smt2
[DEBUG] Benchmark QF_NRA/meti-tarski/exp/problem/10/2/exp-problem-10-2-chunk-0298.smt2: solved=True, runtime=0.30s, PAR-2=0.30s
[DEBUG] Processing 912/2482: QF_NRA/20161105-Sturm-MBO/mbo_E7E25.smt2
[DEBUG] Predicted solver: SMTInterpol for benchmark QF_NRA/20161105-Sturm-MBO/mbo_E7E25.smt2
[DEBUG] Benchmark QF_NRA/20161105-Sturm-MBO/mbo_E7E25.smt2: solved=True, runtime=1.13s, PAR-2=1.13s
[DEBUG] Processing 913/2482: QF_NRA/LassoRanker/CooperatingT2/spiral.t2.c_Iteration4_Loop_4-pieceTemplate.smt2
[DEBUG] Predicted solver: SMTInterpol for benchmark QF_NRA/LassoRanker/CooperatingT2/spiral.t2.c_Iteration4_Loop_4-pieceTemplate.smt2
[DEBUG] Benchmark QF_NRA/LassoRanker/CooperatingT2/spiral.t2.c_Iteration4_Loop_4-pieceTemplate.smt2: solved=True, runtime=1.53s, PAR-2=1.53s
[DEBUG] Processing 914/2482: QF_NRA/meti-tarski/Nichols-Plot/Inverted-Pendulum/Nichols-Plot-Inverted-Pendulum-Fails-1-6-chunk-0016.smt2
[DEBUG] Predicted solver: Z3alpha for benchmark QF_NRA/meti-tarski/Nichols-Plot/Inverted-Pendulum/Nichols-Plot-Inverted-Pendulum-Fails-1-6-chunk-0016.smt2
[DEBUG] Benchmark QF_NRA/meti-tarski/Nichols-Plot/Inverted-Pendulum/Nichols-Plot-Inverted-Pendulum-Fails-1-6-chunk-0016.smt2: solved=True, runtime=0.27s, PAR-2=0.27s
[DEBUG] Processing 915/2482: QF_NRA/LassoRanker/CooperatingT2/polyrank4.t2.c_Iteration8_Loop_4-pieceTemplate.smt2
[DEBUG] Predicted solver: SMTInterpol for benchmark QF_NRA/LassoRanker/CooperatingT2/polyrank4.t2.c_Iteration8_Loop_4-pieceTemplate.smt2
[DEBUG] Benchmark QF_NRA/LassoRanker/CooperatingT2/polyrank4.t2.c_Iteration8_Loop_4-pieceTemplate.smt2: solved=True, runtime=1.02s, PAR-2=1.02s
[DEBUG] Processing 916/2482: QF_NRA/hycomp/ball_count_2d_hill_simple.10.seq_lazy_linear_enc_global_8.smt2
[DEBUG] Predicted solver: SMTInterpol for benchmark QF_NRA/hycomp/ball_count_2d_hill_simple.10.seq_lazy_linear_enc_global_8.smt2
[DEBUG] Benchmark QF_NRA/hycomp/ball_count_2d_hill_simple.10.seq_lazy_linear_enc_global_8.smt2: solved=True, runtime=0.89s, PAR-2=0.89s
[DEBUG] Processing 917/2482: QF_NRA/hycomp/ball_count_2d_hill.03.seq_lazy_linear_enc_global_9.smt2
[DEBUG] Predicted solver: SMTInterpol for benchmark QF_NRA/hycomp/ball_count_2d_hill.03.seq_lazy_linear_enc_global_9.smt2
[DEBUG] Benchmark QF_NRA/hycomp/ball_count_2d_hill.03.seq_lazy_linear_enc_global_9.smt2: solved=True, runtime=0.96s, PAR-2=0.96s
[DEBUG] Processing 918/2482: QF_NRA/zankl/matrix-4-all-14.smt2
[DEBUG] Predicted solver: SMTInterpol for benchmark QF_NRA/zankl/matrix-4-all-14.smt2
[DEBUG] Benchmark QF_NRA/zankl/matrix-4-all-14.smt2: solved=True, runtime=0.78s, PAR-2=0.78s
[DEBUG] Processing 919/2482: QF_NRA/20240407-pPDA-Chiari-Pontiggia-Winkler/certificate_hints/virus_obs_POMC_hints.smt2
[DEBUG] Predicted solver: Z3alpha for benchmark QF_NRA/20240407-pPDA-Chiari-Pontiggia-Winkler/certificate_hints/virus_obs_POMC_hints.smt2
[DEBUG] Benchmark QF_NRA/20240407-pPDA-Chiari-Pontiggia-Winkler/certificate_hints/virus_obs_POMC_hints.smt2: solved=False, runtime=1200.00s, PAR-2=2400.00s
[DEBUG] Processing 920/2482: QF_NRA/meti-tarski/sin/problem/8/sin-problem-8-chunk-0063.smt2
[DEBUG] Predicted solver: Z3alpha for benchmark QF_NRA/meti-tarski/sin/problem/8/sin-problem-8-chunk-0063.smt2
[DEBUG] Benchmark QF_NRA/meti-tarski/sin/problem/8/sin-problem-8-chunk-0063.smt2: solved=True, runtime=0.27s, PAR-2=0.27s
[DEBUG] Processing 921/2482: QF_NRA/LassoRanker/CooperatingT2/ndes.t2.c_Iteration2_Loop_4-pieceTemplate.smt2
[DEBUG] Predicted solver: SMTInterpol for benchmark QF_NRA/LassoRanker/CooperatingT2/ndes.t2.c_Iteration2_Loop_4-pieceTemplate.smt2
[DEBUG] Benchmark QF_NRA/LassoRanker/CooperatingT2/ndes.t2.c_Iteration2_Loop_4-pieceTemplate.smt2: solved=True, runtime=8.99s, PAR-2=8.99s
[DEBUG] Processing 922/2482: QF_NRA/hycomp/ball_count_1d_plain.01.seq_lazy_linear_enc_global_15.smt2
[DEBUG] Predicted solver: Yices2 for benchmark QF_NRA/hycomp/ball_count_1d_plain.01.seq_lazy_linear_enc_global_15.smt2
[DEBUG] Benchmark QF_NRA/hycomp/ball_count_1d_plain.01.seq_lazy_linear_enc_global_15.smt2: solved=True, runtime=0.22s, PAR-2=0.22s
[DEBUG] Processing 923/2482: QF_NRA/meti-tarski/sin/problem/7/sin-problem-7-chunk-0312.smt2
[DEBUG] Predicted solver: Z3alpha for benchmark QF_NRA/meti-tarski/sin/problem/7/sin-problem-7-chunk-0312.smt2
[DEBUG] Benchmark QF_NRA/meti-tarski/sin/problem/7/sin-problem-7-chunk-0312.smt2: solved=True, runtime=0.32s, PAR-2=0.32s
[DEBUG] Processing 924/2482: QF_NRA/meti-tarski/sqrt/1mcosq/8/sqrt-1mcosq-8-chunk-0111.smt2
[DEBUG] Predicted solver: Z3alpha for benchmark QF_NRA/meti-tarski/sqrt/1mcosq/8/sqrt-1mcosq-8-chunk-0111.smt2
[DEBUG] Benchmark QF_NRA/meti-tarski/sqrt/1mcosq/8/sqrt-1mcosq-8-chunk-0111.smt2: solved=True, runtime=0.27s, PAR-2=0.27s
[DEBUG] Processing 925/2482: QF_NRA/hycomp/ball_count_2d_plain.03.seq_lazy_linear_enc_global_13.smt2
[DEBUG] Predicted solver: SMTInterpol for benchmark QF_NRA/hycomp/ball_count_2d_plain.03.seq_lazy_linear_enc_global_13.smt2
[DEBUG] Benchmark QF_NRA/hycomp/ball_count_2d_plain.03.seq_lazy_linear_enc_global_13.smt2: solved=True, runtime=0.98s, PAR-2=0.98s
[DEBUG] Processing 926/2482: QF_NRA/20220314-Uncu/Rational_Function_Proof_Calls_With_Basic_Denominator_Simplifications/BDC_ProveIneq_ISSAC05_LevinRHSc.smt2
[DEBUG] Predicted solver: Z3alpha for benchmark QF_NRA/20220314-Uncu/Rational_Function_Proof_Calls_With_Basic_Denominator_Simplifications/BDC_ProveIneq_ISSAC05_LevinRHSc.smt2
[DEBUG] Benchmark QF_NRA/20220314-Uncu/Rational_Function_Proof_Calls_With_Basic_Denominator_Simplifications/BDC_ProveIneq_ISSAC05_LevinRHSc.smt2: solved=True, runtime=0.27s, PAR-2=0.27s
[DEBUG] Processing 927/2482: QF_NRA/meti-tarski/sqrt/1mcosq/8/sqrt-1mcosq-8-chunk-0614.smt2
[DEBUG] Predicted solver: Z3alpha for benchmark QF_NRA/meti-tarski/sqrt/1mcosq/8/sqrt-1mcosq-8-chunk-0614.smt2
[DEBUG] Benchmark QF_NRA/meti-tarski/sqrt/1mcosq/8/sqrt-1mcosq-8-chunk-0614.smt2: solved=True, runtime=0.28s, PAR-2=0.28s
[DEBUG] Processing 928/2482: QF_NRA/LassoRanker/CooperatingT2/ex11.t2.c_Iteration1_Lasso_5-phaseTemplate.smt2
[DEBUG] Predicted solver: SMTInterpol for benchmark QF_NRA/LassoRanker/CooperatingT2/ex11.t2.c_Iteration1_Lasso_5-phaseTemplate.smt2
[DEBUG] Benchmark QF_NRA/LassoRanker/CooperatingT2/ex11.t2.c_Iteration1_Lasso_5-phaseTemplate.smt2: solved=True, runtime=2.73s, PAR-2=2.73s
[DEBUG] Processing 929/2482: QF_NRA/meti-tarski/Chua/2/IL/U/Chua-2-IL-U-chunk-0107.smt2
[DEBUG] Predicted solver: Z3alpha for benchmark QF_NRA/meti-tarski/Chua/2/IL/U/Chua-2-IL-U-chunk-0107.smt2
[DEBUG] Benchmark QF_NRA/meti-tarski/Chua/2/IL/U/Chua-2-IL-U-chunk-0107.smt2: solved=True, runtime=0.33s, PAR-2=0.33s
[DEBUG] Processing 930/2482: QF_NRA/hycomp/ball_count_2d_hill_simple.03.redlog_global_12.smt2
[DEBUG] Predicted solver: SMTInterpol for benchmark QF_NRA/hycomp/ball_count_2d_hill_simple.03.redlog_global_12.smt2
[DEBUG] Benchmark QF_NRA/hycomp/ball_count_2d_hill_simple.03.redlog_global_12.smt2: solved=True, runtime=0.96s, PAR-2=0.96s
[DEBUG] Processing 931/2482: QF_NRA/meti-tarski/Chua/2/IL/U/Chua-2-IL-U-chunk-0098.smt2
[DEBUG] Predicted solver: Z3alpha for benchmark QF_NRA/meti-tarski/Chua/2/IL/U/Chua-2-IL-U-chunk-0098.smt2
[DEBUG] Benchmark QF_NRA/meti-tarski/Chua/2/IL/U/Chua-2-IL-U-chunk-0098.smt2: solved=True, runtime=0.29s, PAR-2=0.29s
[DEBUG] Processing 932/2482: QF_NRA/meti-tarski/Chua/2/VC2/U/Chua-2-VC2-U-chunk-0037.smt2
[DEBUG] Predicted solver: Z3alpha for benchmark QF_NRA/meti-tarski/Chua/2/VC2/U/Chua-2-VC2-U-chunk-0037.smt2
[DEBUG] Benchmark QF_NRA/meti-tarski/Chua/2/VC2/U/Chua-2-VC2-U-chunk-0037.smt2: solved=True, runtime=0.30s, PAR-2=0.30s
[DEBUG] Processing 933/2482: QF_NRA/hycomp/ball_count_2d_hill_simple.04.seq_lazy_linear_enc_lemmas_global_9.smt2
[DEBUG] Predicted solver: SMTInterpol for benchmark QF_NRA/hycomp/ball_count_2d_hill_simple.04.seq_lazy_linear_enc_lemmas_global_9.smt2
[DEBUG] Benchmark QF_NRA/hycomp/ball_count_2d_hill_simple.04.seq_lazy_linear_enc_lemmas_global_9.smt2: solved=True, runtime=0.95s, PAR-2=0.95s
[DEBUG] Processing 934/2482: QF_NRA/20161105-Sturm-MBO/mbo_E8E12.smt2
[DEBUG] Predicted solver: SMTInterpol for benchmark QF_NRA/20161105-Sturm-MBO/mbo_E8E12.smt2
[DEBUG] Benchmark QF_NRA/20161105-Sturm-MBO/mbo_E8E12.smt2: solved=True, runtime=2.42s, PAR-2=2.42s
[DEBUG] Processing 935/2482: QF_NRA/hycomp/ball_count_2d_plain.03.redlog_global_14.smt2
[DEBUG] Predicted solver: SMTInterpol for benchmark QF_NRA/hycomp/ball_count_2d_plain.03.redlog_global_14.smt2
[DEBUG] Benchmark QF_NRA/hycomp/ball_count_2d_plain.03.redlog_global_14.smt2: solved=True, runtime=1.17s, PAR-2=1.17s
[DEBUG] Processing 936/2482: QF_NRA/hycomp/ball_count_2d_hill.01.seq_lazy_global_8.smt2
[DEBUG] Predicted solver: SMTInterpol for benchmark QF_NRA/hycomp/ball_count_2d_hill.01.seq_lazy_global_8.smt2
[DEBUG] Benchmark QF_NRA/hycomp/ball_count_2d_hill.01.seq_lazy_global_8.smt2: solved=True, runtime=0.90s, PAR-2=0.90s
[DEBUG] Processing 937/2482: QF_NRA/LassoRanker/Ultimate/ATVA2013-yPositive-int.bpl_Iteration1_Loop_4-pieceTemplate.smt2
[DEBUG] Predicted solver: SMTInterpol for benchmark QF_NRA/LassoRanker/Ultimate/ATVA2013-yPositive-int.bpl_Iteration1_Loop_4-pieceTemplate.smt2
[DEBUG] Benchmark QF_NRA/LassoRanker/Ultimate/ATVA2013-yPositive-int.bpl_Iteration1_Loop_4-pieceTemplate.smt2: solved=True, runtime=0.87s, PAR-2=0.87s
[DEBUG] Processing 938/2482: QF_NRA/LassoRanker/Ultimate/Khartoum.bpl_Iteration1_Loop_4-pieceTemplate.smt2
[DEBUG] Predicted solver: SMTInterpol for benchmark QF_NRA/LassoRanker/Ultimate/Khartoum.bpl_Iteration1_Loop_4-pieceTemplate.smt2
[DEBUG] Benchmark QF_NRA/LassoRanker/Ultimate/Khartoum.bpl_Iteration1_Loop_4-pieceTemplate.smt2: solved=True, runtime=0.84s, PAR-2=0.84s
[DEBUG] Processing 939/2482: QF_NRA/LassoRanker/Ultimate/OpposedDisjuncts.bpl_Iteration1_Lasso_3-pieceTemplate.smt2
[DEBUG] Predicted solver: SMTInterpol for benchmark QF_NRA/LassoRanker/Ultimate/OpposedDisjuncts.bpl_Iteration1_Lasso_3-pieceTemplate.smt2
[DEBUG] Benchmark QF_NRA/LassoRanker/Ultimate/OpposedDisjuncts.bpl_Iteration1_Lasso_3-pieceTemplate.smt2: solved=True, runtime=4.66s, PAR-2=4.66s
[DEBUG] Processing 940/2482: QF_NRA/hycomp/ball_count_1d_plain.03.seq_lazy_linear_enc_lemmas_global_14.smt2
[DEBUG] Predicted solver: SMTInterpol for benchmark QF_NRA/hycomp/ball_count_1d_plain.03.seq_lazy_linear_enc_lemmas_global_14.smt2
[DEBUG] Benchmark QF_NRA/hycomp/ball_count_1d_plain.03.seq_lazy_linear_enc_lemmas_global_14.smt2: solved=True, runtime=1.01s, PAR-2=1.01s
[DEBUG] Processing 941/2482: QF_NRA/UltimateAutomizer/InVarSynth_BugSubstitution.bpl_Iteration3_0.smt2
[DEBUG] Predicted solver: Yices2 for benchmark QF_NRA/UltimateAutomizer/InVarSynth_BugSubstitution.bpl_Iteration3_0.smt2
[DEBUG] Benchmark QF_NRA/UltimateAutomizer/InVarSynth_BugSubstitution.bpl_Iteration3_0.smt2: solved=True, runtime=0.24s, PAR-2=0.24s
[DEBUG] Processing 942/2482: QF_NRA/meti-tarski/sin/problem/7/sin-problem-7-chunk-0154.smt2
[DEBUG] Predicted solver: Z3alpha for benchmark QF_NRA/meti-tarski/sin/problem/7/sin-problem-7-chunk-0154.smt2
[DEBUG] Benchmark QF_NRA/meti-tarski/sin/problem/7/sin-problem-7-chunk-0154.smt2: solved=True, runtime=0.32s, PAR-2=0.32s
[DEBUG] Processing 943/2482: QF_NRA/LassoRanker/CooperatingT2/loop3.t2.c_Iteration32_Lasso_4-pieceTemplate.smt2
[DEBUG] Predicted solver: SMTInterpol for benchmark QF_NRA/LassoRanker/CooperatingT2/loop3.t2.c_Iteration32_Lasso_4-pieceTemplate.smt2
[DEBUG] Benchmark QF_NRA/LassoRanker/CooperatingT2/loop3.t2.c_Iteration32_Lasso_4-pieceTemplate.smt2: solved=True, runtime=1.06s, PAR-2=1.06s
[DEBUG] Processing 944/2482: QF_NRA/hycomp/ball_count_2d_hill.03.seq_lazy_linear_enc_global_12.smt2
[DEBUG] Predicted solver: SMTInterpol for benchmark QF_NRA/hycomp/ball_count_2d_hill.03.seq_lazy_linear_enc_global_12.smt2
[DEBUG] Benchmark QF_NRA/hycomp/ball_count_2d_hill.03.seq_lazy_linear_enc_global_12.smt2: solved=True, runtime=1.03s, PAR-2=1.03s
[DEBUG] Processing 945/2482: QF_NRA/meti-tarski/exp/problem/10/3/weak/exp-problem-10-3-weak-chunk-0096.smt2
[DEBUG] Predicted solver: Z3alpha for benchmark QF_NRA/meti-tarski/exp/problem/10/3/weak/exp-problem-10-3-weak-chunk-0096.smt2
[DEBUG] Benchmark QF_NRA/meti-tarski/exp/problem/10/3/weak/exp-problem-10-3-weak-chunk-0096.smt2: solved=True, runtime=0.27s, PAR-2=0.27s
[DEBUG] Processing 946/2482: QF_NRA/meti-tarski/atan/problem/2/atan-problem-2-chunk-0065.smt2
[DEBUG] Predicted solver: Z3alpha for benchmark QF_NRA/meti-tarski/atan/problem/2/atan-problem-2-chunk-0065.smt2
[DEBUG] Benchmark QF_NRA/meti-tarski/atan/problem/2/atan-problem-2-chunk-0065.smt2: solved=True, runtime=0.27s, PAR-2=0.27s
[DEBUG] Processing 947/2482: QF_NRA/LassoRanker/Ultimate/Braverman-2006CAV-Ex1-int.bpl_Iteration1_Loop_4-pieceTemplate.smt2
[DEBUG] Predicted solver: SMTInterpol for benchmark QF_NRA/LassoRanker/Ultimate/Braverman-2006CAV-Ex1-int.bpl_Iteration1_Loop_4-pieceTemplate.smt2
[DEBUG] Benchmark QF_NRA/LassoRanker/Ultimate/Braverman-2006CAV-Ex1-int.bpl_Iteration1_Loop_4-pieceTemplate.smt2: solved=True, runtime=0.87s, PAR-2=0.87s
[DEBUG] Processing 948/2482: QF_NRA/20220314-Uncu/Rational_Function_Proof_Calls_With_Basic_Denominator_Simplifications/BDC_ProveIneq_ISSAC05_Bessack_4_m2.smt2
[DEBUG] Predicted solver: Z3alpha for benchmark QF_NRA/20220314-Uncu/Rational_Function_Proof_Calls_With_Basic_Denominator_Simplifications/BDC_ProveIneq_ISSAC05_Bessack_4_m2.smt2
[DEBUG] Benchmark QF_NRA/20220314-Uncu/Rational_Function_Proof_Calls_With_Basic_Denominator_Simplifications/BDC_ProveIneq_ISSAC05_Bessack_4_m2.smt2: solved=True, runtime=0.27s, PAR-2=0.27s
[DEBUG] Processing 949/2482: QF_NRA/hycomp/ball_count_1d_plain.03.redlog_global_8.smt2
[DEBUG] Predicted solver: SMTInterpol for benchmark QF_NRA/hycomp/ball_count_1d_plain.03.redlog_global_8.smt2
[DEBUG] Benchmark QF_NRA/hycomp/ball_count_1d_plain.03.redlog_global_8.smt2: solved=True, runtime=0.80s, PAR-2=0.80s
[DEBUG] Processing 950/2482: QF_NRA/LassoRanker/CooperatingT2/polyrank3.t2.c_Iteration8_Loop_4-pieceTemplate.smt2
[DEBUG] Predicted solver: SMTInterpol for benchmark QF_NRA/LassoRanker/CooperatingT2/polyrank3.t2.c_Iteration8_Loop_4-pieceTemplate.smt2
[DEBUG] Benchmark QF_NRA/LassoRanker/CooperatingT2/polyrank3.t2.c_Iteration8_Loop_4-pieceTemplate.smt2: solved=True, runtime=1.01s, PAR-2=1.01s
[DEBUG] Processing 951/2482: QF_NRA/hycomp/ball_count_2d_slope.04.seq_lazy_linear_enc_global_4.smt2
[DEBUG] Predicted solver: SMTInterpol for benchmark QF_NRA/hycomp/ball_count_2d_slope.04.seq_lazy_linear_enc_global_4.smt2
[DEBUG] Benchmark QF_NRA/hycomp/ball_count_2d_slope.04.seq_lazy_linear_enc_global_4.smt2: solved=True, runtime=0.86s, PAR-2=0.86s
[DEBUG] Processing 952/2482: QF_NRA/hycomp/ball_count_2d_hill_simple.01.seq_lazy_lemmas_global_6.smt2
[DEBUG] Predicted solver: SMTInterpol for benchmark QF_NRA/hycomp/ball_count_2d_hill_simple.01.seq_lazy_lemmas_global_6.smt2
[DEBUG] Benchmark QF_NRA/hycomp/ball_count_2d_hill_simple.01.seq_lazy_lemmas_global_6.smt2: solved=True, runtime=0.79s, PAR-2=0.79s
[DEBUG] Processing 953/2482: QF_NRA/hycomp/ball_count_1d_plain.04.qfree_global_13.smt2
[DEBUG] Predicted solver: SMTInterpol for benchmark QF_NRA/hycomp/ball_count_1d_plain.04.qfree_global_13.smt2
[DEBUG] Benchmark QF_NRA/hycomp/ball_count_1d_plain.04.qfree_global_13.smt2: solved=True, runtime=0.96s, PAR-2=0.96s
[DEBUG] Processing 954/2482: QF_NRA/hycomp/ball_count_2d_hill.05.seq_lazy_linear_enc_lemmas_global_12.smt2
[DEBUG] Predicted solver: SMTInterpol for benchmark QF_NRA/hycomp/ball_count_2d_hill.05.seq_lazy_linear_enc_lemmas_global_12.smt2
[DEBUG] Benchmark QF_NRA/hycomp/ball_count_2d_hill.05.seq_lazy_linear_enc_lemmas_global_12.smt2: solved=True, runtime=1.06s, PAR-2=1.06s
[DEBUG] Processing 955/2482: QF_NRA/20200911-Pine/1599122163603268000.smt2
[DEBUG] Predicted solver: Z3alpha for benchmark QF_NRA/20200911-Pine/1599122163603268000.smt2
[DEBUG] Benchmark QF_NRA/20200911-Pine/1599122163603268000.smt2: solved=True, runtime=0.27s, PAR-2=0.27s
[DEBUG] Processing 956/2482: QF_NRA/LassoRanker/CooperatingT2/sas2.t2.c_Iteration6_Lasso_7-phaseTemplate.smt2
[DEBUG] Predicted solver: SMTInterpol for benchmark QF_NRA/LassoRanker/CooperatingT2/sas2.t2.c_Iteration6_Lasso_7-phaseTemplate.smt2
[DEBUG] Benchmark QF_NRA/LassoRanker/CooperatingT2/sas2.t2.c_Iteration6_Lasso_7-phaseTemplate.smt2: solved=True, runtime=3.32s, PAR-2=3.32s
[DEBUG] Processing 957/2482: QF_NRA/meti-tarski/exp/problem/10/3/weak/exp-problem-10-3-weak-chunk-0166.smt2
[DEBUG] Predicted solver: Z3alpha for benchmark QF_NRA/meti-tarski/exp/problem/10/3/weak/exp-problem-10-3-weak-chunk-0166.smt2
[DEBUG] Benchmark QF_NRA/meti-tarski/exp/problem/10/3/weak/exp-problem-10-3-weak-chunk-0166.smt2: solved=True, runtime=0.27s, PAR-2=0.27s
[DEBUG] Processing 958/2482: QF_NRA/meti-tarski/sin/cos/sin-cos-346-b-chunk-0297.smt2
[DEBUG] Predicted solver: Z3alpha for benchmark QF_NRA/meti-tarski/sin/cos/sin-cos-346-b-chunk-0297.smt2
[DEBUG] Benchmark QF_NRA/meti-tarski/sin/cos/sin-cos-346-b-chunk-0297.smt2: solved=True, runtime=0.27s, PAR-2=0.27s
[DEBUG] Processing 959/2482: QF_NRA/meti-tarski/sqrt/problem/13/sqrt1/sqrt-problem-13-sqrt1-chunk-0012.smt2
[DEBUG] Predicted solver: Z3alpha for benchmark QF_NRA/meti-tarski/sqrt/problem/13/sqrt1/sqrt-problem-13-sqrt1-chunk-0012.smt2
[DEBUG] Benchmark QF_NRA/meti-tarski/sqrt/problem/13/sqrt1/sqrt-problem-13-sqrt1-chunk-0012.smt2: solved=True, runtime=0.30s, PAR-2=0.30s
[DEBUG] Processing 960/2482: QF_NRA/hycomp/ball_count_2d_hill_simple.03.seq_lazy_linear_enc_lemmas_global_9.smt2
[DEBUG] Predicted solver: SMTInterpol for benchmark QF_NRA/hycomp/ball_count_2d_hill_simple.03.seq_lazy_linear_enc_lemmas_global_9.smt2
[DEBUG] Benchmark QF_NRA/hycomp/ball_count_2d_hill_simple.03.seq_lazy_linear_enc_lemmas_global_9.smt2: solved=True, runtime=0.93s, PAR-2=0.93s
[DEBUG] Processing 961/2482: QF_NRA/LassoRanker/CooperatingT2/broydn.c.i.broydn.pl.t2.fixed.t2.c_Iteration1_Loop_4-pieceTemplate.smt2
[DEBUG] Predicted solver: SMTInterpol for benchmark QF_NRA/LassoRanker/CooperatingT2/broydn.c.i.broydn.pl.t2.fixed.t2.c_Iteration1_Loop_4-pieceTemplate.smt2
[DEBUG] Benchmark QF_NRA/LassoRanker/CooperatingT2/broydn.c.i.broydn.pl.t2.fixed.t2.c_Iteration1_Loop_4-pieceTemplate.smt2: solved=True, runtime=1.73s, PAR-2=1.73s
[DEBUG] Processing 962/2482: QF_NRA/meti-tarski/polypaver/bench-exp-3d/polypaver-bench-exp-3d-chunk-0092.smt2
[DEBUG] Predicted solver: Z3alpha for benchmark QF_NRA/meti-tarski/polypaver/bench-exp-3d/polypaver-bench-exp-3d-chunk-0092.smt2
[DEBUG] Benchmark QF_NRA/meti-tarski/polypaver/bench-exp-3d/polypaver-bench-exp-3d-chunk-0092.smt2: solved=True, runtime=0.31s, PAR-2=0.31s
[DEBUG] Processing 963/2482: QF_NRA/20161105-Sturm-MBO/mbo_E24.smt2
[DEBUG] Predicted solver: Z3alpha for benchmark QF_NRA/20161105-Sturm-MBO/mbo_E24.smt2
[DEBUG] Benchmark QF_NRA/20161105-Sturm-MBO/mbo_E24.smt2: solved=True, runtime=0.27s, PAR-2=0.27s
[DEBUG] Processing 964/2482: QF_NRA/hycomp/ball_count_2d_plain.04.qfree_global_14.smt2
[DEBUG] Predicted solver: SMTInterpol for benchmark QF_NRA/hycomp/ball_count_2d_plain.04.qfree_global_14.smt2
[DEBUG] Benchmark QF_NRA/hycomp/ball_count_2d_plain.04.qfree_global_14.smt2: solved=True, runtime=1.02s, PAR-2=1.02s
[DEBUG] Processing 965/2482: QF_NRA/meti-tarski/sqrt/1mcosq/8/sqrt-1mcosq-8-chunk-0363.smt2
[DEBUG] Predicted solver: Z3alpha for benchmark QF_NRA/meti-tarski/sqrt/1mcosq/8/sqrt-1mcosq-8-chunk-0363.smt2
[DEBUG] Benchmark QF_NRA/meti-tarski/sqrt/1mcosq/8/sqrt-1mcosq-8-chunk-0363.smt2: solved=True, runtime=0.27s, PAR-2=0.27s
[DEBUG] Processing 966/2482: QF_NRA/meti-tarski/atan/problem/2/weak2/atan-problem-2-weak2-chunk-0125.smt2
[DEBUG] Predicted solver: Z3alpha for benchmark QF_NRA/meti-tarski/atan/problem/2/weak2/atan-problem-2-weak2-chunk-0125.smt2
[DEBUG] Benchmark QF_NRA/meti-tarski/atan/problem/2/weak2/atan-problem-2-weak2-chunk-0125.smt2: solved=True, runtime=0.27s, PAR-2=0.27s
[DEBUG] Processing 967/2482: QF_NRA/hycomp/ball_count_2d_hill.01.seq_lazy_linear_enc_global_14.smt2
[DEBUG] Predicted solver: SMTInterpol for benchmark QF_NRA/hycomp/ball_count_2d_hill.01.seq_lazy_linear_enc_global_14.smt2
[DEBUG] Benchmark QF_NRA/hycomp/ball_count_2d_hill.01.seq_lazy_linear_enc_global_14.smt2: solved=True, runtime=1.10s, PAR-2=1.10s
[DEBUG] Processing 968/2482: QF_NRA/meti-tarski/sin/cos/sin-cos-346-b-chunk-0180.smt2
[DEBUG] Predicted solver: Z3alpha for benchmark QF_NRA/meti-tarski/sin/cos/sin-cos-346-b-chunk-0180.smt2
[DEBUG] Benchmark QF_NRA/meti-tarski/sin/cos/sin-cos-346-b-chunk-0180.smt2: solved=True, runtime=0.27s, PAR-2=0.27s
[DEBUG] Processing 969/2482: QF_NRA/kissing/kissing_4_25.smt2
[DEBUG] Predicted solver: SMTInterpol for benchmark QF_NRA/kissing/kissing_4_25.smt2
[DEBUG] Benchmark QF_NRA/kissing/kissing_4_25.smt2: solved=True, runtime=1.26s, PAR-2=1.26s
[DEBUG] Processing 970/2482: QF_NRA/meti-tarski/sin/cos/sin-cos-346-b-chunk-0120.smt2
[DEBUG] Predicted solver: Z3alpha for benchmark QF_NRA/meti-tarski/sin/cos/sin-cos-346-b-chunk-0120.smt2
[DEBUG] Benchmark QF_NRA/meti-tarski/sin/cos/sin-cos-346-b-chunk-0120.smt2: solved=True, runtime=0.30s, PAR-2=0.30s
[DEBUG] Processing 971/2482: QF_NRA/LassoRanker/Ultimate/yPositive-SIscaled100.bpl_Iteration1_Loop_5-phaseTemplate.smt2
[DEBUG] Predicted solver: SMTInterpol for benchmark QF_NRA/LassoRanker/Ultimate/yPositive-SIscaled100.bpl_Iteration1_Loop_5-phaseTemplate.smt2
[DEBUG] Benchmark QF_NRA/LassoRanker/Ultimate/yPositive-SIscaled100.bpl_Iteration1_Loop_5-phaseTemplate.smt2: solved=True, runtime=1.80s, PAR-2=1.80s
[DEBUG] Processing 972/2482: QF_NRA/hycomp/ball_count_2d_plain.02.seq_lazy_global_14.smt2
[DEBUG] Predicted solver: SMTInterpol for benchmark QF_NRA/hycomp/ball_count_2d_plain.02.seq_lazy_global_14.smt2
[DEBUG] Benchmark QF_NRA/hycomp/ball_count_2d_plain.02.seq_lazy_global_14.smt2: solved=True, runtime=1.01s, PAR-2=1.01s
[DEBUG] Processing 973/2482: QF_NRA/20161105-Sturm-MBO/mbo_E18E28.smt2
[DEBUG] Predicted solver: SMTInterpol for benchmark QF_NRA/20161105-Sturm-MBO/mbo_E18E28.smt2
[DEBUG] Benchmark QF_NRA/20161105-Sturm-MBO/mbo_E18E28.smt2: solved=True, runtime=1.76s, PAR-2=1.76s
[DEBUG] Processing 974/2482: QF_NRA/hycomp/ball_count_2d_slope.03.seq_lazy_global_11.smt2
[DEBUG] Predicted solver: SMTInterpol for benchmark QF_NRA/hycomp/ball_count_2d_slope.03.seq_lazy_global_11.smt2
[DEBUG] Benchmark QF_NRA/hycomp/ball_count_2d_slope.03.seq_lazy_global_11.smt2: solved=True, runtime=1.31s, PAR-2=1.31s
[DEBUG] Processing 975/2482: QF_NRA/meti-tarski/Chua/1/IL/U/Chua-1-IL-U-chunk-0050.smt2
[DEBUG] Predicted solver: Z3alpha for benchmark QF_NRA/meti-tarski/Chua/1/IL/U/Chua-1-IL-U-chunk-0050.smt2
[DEBUG] Benchmark QF_NRA/meti-tarski/Chua/1/IL/U/Chua-1-IL-U-chunk-0050.smt2: solved=True, runtime=0.27s, PAR-2=0.27s
[DEBUG] Processing 976/2482: QF_NRA/20161105-Sturm-MBO/mbo_E11E13.smt2
[DEBUG] Predicted solver: SMTInterpol for benchmark QF_NRA/20161105-Sturm-MBO/mbo_E11E13.smt2
[DEBUG] Benchmark QF_NRA/20161105-Sturm-MBO/mbo_E11E13.smt2: solved=True, runtime=0.76s, PAR-2=0.76s
[DEBUG] Processing 977/2482: QF_NRA/20170501-Heizmann-UltimateInvariantSynthesis/nested9.i_5_6_6.bpl_3.smt2
[DEBUG] Predicted solver: SMTInterpol for benchmark QF_NRA/20170501-Heizmann-UltimateInvariantSynthesis/nested9.i_5_6_6.bpl_3.smt2
[DEBUG] Benchmark QF_NRA/20170501-Heizmann-UltimateInvariantSynthesis/nested9.i_5_6_6.bpl_3.smt2: solved=True, runtime=0.80s, PAR-2=0.80s
[DEBUG] Processing 978/2482: QF_NRA/meti-tarski/sin/cos/sin-cos-346-b-chunk-0339.smt2
[DEBUG] Predicted solver: Z3alpha for benchmark QF_NRA/meti-tarski/sin/cos/sin-cos-346-b-chunk-0339.smt2
[DEBUG] Benchmark QF_NRA/meti-tarski/sin/cos/sin-cos-346-b-chunk-0339.smt2: solved=True, runtime=0.27s, PAR-2=0.27s
[DEBUG] Processing 979/2482: QF_NRA/hycomp/simple_ballistics_reach.01.seq_lazy_linear_enc_global_13.smt2
[DEBUG] Predicted solver: SMTInterpol for benchmark QF_NRA/hycomp/simple_ballistics_reach.01.seq_lazy_linear_enc_global_13.smt2
[DEBUG] Benchmark QF_NRA/hycomp/simple_ballistics_reach.01.seq_lazy_linear_enc_global_13.smt2: solved=True, runtime=0.99s, PAR-2=0.99s
[DEBUG] Processing 980/2482: QF_NRA/LassoRanker/SV-COMP/PodelskiRybalchenko-2004VMCAI-Ex2_true-termination.c_Iteration1_Loop_3-pieceTemplate.smt2
[DEBUG] Predicted solver: SMTInterpol for benchmark QF_NRA/LassoRanker/SV-COMP/PodelskiRybalchenko-2004VMCAI-Ex2_true-termination.c_Iteration1_Loop_3-pieceTemplate.smt2
[DEBUG] Benchmark QF_NRA/LassoRanker/SV-COMP/PodelskiRybalchenko-2004VMCAI-Ex2_true-termination.c_Iteration1_Loop_3-pieceTemplate.smt2: solved=True, runtime=0.68s, PAR-2=0.68s
[DEBUG] Processing 981/2482: QF_NRA/20240407-pPDA-Chiari-Pontiggia-Winkler/certificate_no_hints/mod7_POMC_no_hints.smt2
[DEBUG] Predicted solver: SMTInterpol for benchmark QF_NRA/20240407-pPDA-Chiari-Pontiggia-Winkler/certificate_no_hints/mod7_POMC_no_hints.smt2
[DEBUG] Benchmark QF_NRA/20240407-pPDA-Chiari-Pontiggia-Winkler/certificate_no_hints/mod7_POMC_no_hints.smt2: solved=True, runtime=0.78s, PAR-2=0.78s
[DEBUG] Processing 982/2482: QF_NRA/20200911-Pine/1599122164812235000.smt2
[DEBUG] Predicted solver: Z3alpha for benchmark QF_NRA/20200911-Pine/1599122164812235000.smt2
[DEBUG] Benchmark QF_NRA/20200911-Pine/1599122164812235000.smt2: solved=True, runtime=0.27s, PAR-2=0.27s
[DEBUG] Processing 983/2482: QF_NRA/meti-tarski/atan/problem/1/atan-problem-1-chunk-0102.smt2
[DEBUG] Predicted solver: Z3alpha for benchmark QF_NRA/meti-tarski/atan/problem/1/atan-problem-1-chunk-0102.smt2
[DEBUG] Benchmark QF_NRA/meti-tarski/atan/problem/1/atan-problem-1-chunk-0102.smt2: solved=True, runtime=0.32s, PAR-2=0.32s
[DEBUG] Processing 984/2482: QF_NRA/hong/hong_18.smt2
[DEBUG] Predicted solver: SMTInterpol for benchmark QF_NRA/hong/hong_18.smt2
[DEBUG] Benchmark QF_NRA/hong/hong_18.smt2: solved=True, runtime=0.42s, PAR-2=0.42s
[DEBUG] Processing 985/2482: QF_NRA/20220314-Uncu/Polynomial_Proof_Calls/ProveIneq_ISSAC05_SignPattern_Lemma4c.smt2
[DEBUG] Predicted solver: Z3alpha for benchmark QF_NRA/20220314-Uncu/Polynomial_Proof_Calls/ProveIneq_ISSAC05_SignPattern_Lemma4c.smt2
[DEBUG] Benchmark QF_NRA/20220314-Uncu/Polynomial_Proof_Calls/ProveIneq_ISSAC05_SignPattern_Lemma4c.smt2: solved=True, runtime=0.62s, PAR-2=0.62s
[DEBUG] Processing 986/2482: QF_NRA/meti-tarski/sin/problem/7/weak2/sin-problem-7-weak2-chunk-0113.smt2
[DEBUG] Predicted solver: Z3alpha for benchmark QF_NRA/meti-tarski/sin/problem/7/weak2/sin-problem-7-weak2-chunk-0113.smt2
[DEBUG] Benchmark QF_NRA/meti-tarski/sin/problem/7/weak2/sin-problem-7-weak2-chunk-0113.smt2: solved=True, runtime=0.27s, PAR-2=0.27s
[DEBUG] Processing 987/2482: QF_NRA/meti-tarski/exp/problem/10/3/exp-problem-10-3-chunk-0153.smt2
[DEBUG] Predicted solver: Z3alpha for benchmark QF_NRA/meti-tarski/exp/problem/10/3/exp-problem-10-3-chunk-0153.smt2
[DEBUG] Benchmark QF_NRA/meti-tarski/exp/problem/10/3/exp-problem-10-3-chunk-0153.smt2: solved=True, runtime=0.27s, PAR-2=0.27s
[DEBUG] Processing 988/2482: QF_NRA/hycomp/ball_count_2d_hill.10.redlog_global_8.smt2
[DEBUG] Predicted solver: SMTInterpol for benchmark QF_NRA/hycomp/ball_count_2d_hill.10.redlog_global_8.smt2
[DEBUG] Benchmark QF_NRA/hycomp/ball_count_2d_hill.10.redlog_global_8.smt2: solved=True, runtime=1.32s, PAR-2=1.32s
[DEBUG] Processing 989/2482: QF_NRA/hycomp/ball_count_2d_slope.04.seq_lazy_lemmas_global_12.smt2
[DEBUG] Predicted solver: SMTInterpol for benchmark QF_NRA/hycomp/ball_count_2d_slope.04.seq_lazy_lemmas_global_12.smt2
[DEBUG] Benchmark QF_NRA/hycomp/ball_count_2d_slope.04.seq_lazy_lemmas_global_12.smt2: solved=True, runtime=1.31s, PAR-2=1.31s
[DEBUG] Processing 990/2482: QF_NRA/UltimateAutomizer/InVarSynth_agroce_minmax.c_Iteration1_0.smt2
[DEBUG] Predicted solver: SMTInterpol for benchmark QF_NRA/UltimateAutomizer/InVarSynth_agroce_minmax.c_Iteration1_0.smt2
[DEBUG] Benchmark QF_NRA/UltimateAutomizer/InVarSynth_agroce_minmax.c_Iteration1_0.smt2: solved=True, runtime=0.63s, PAR-2=0.63s
[DEBUG] Processing 991/2482: QF_NRA/hycomp/simple_ballistics_reach.01.seq_lazy_linear_enc_lemmas_global_3.smt2
[DEBUG] Predicted solver: SMTInterpol for benchmark QF_NRA/hycomp/simple_ballistics_reach.01.seq_lazy_linear_enc_lemmas_global_3.smt2
[DEBUG] Benchmark QF_NRA/hycomp/simple_ballistics_reach.01.seq_lazy_linear_enc_lemmas_global_3.smt2: solved=True, runtime=0.79s, PAR-2=0.79s
[DEBUG] Processing 992/2482: QF_NRA/hycomp/ball_count_2d_slope.05.seq_lazy_lemmas_global_12.smt2
[DEBUG] Predicted solver: SMTInterpol for benchmark QF_NRA/hycomp/ball_count_2d_slope.05.seq_lazy_lemmas_global_12.smt2
[DEBUG] Benchmark QF_NRA/hycomp/ball_count_2d_slope.05.seq_lazy_lemmas_global_12.smt2: solved=True, runtime=1.33s, PAR-2=1.33s
[DEBUG] Processing 993/2482: QF_NRA/20220314-Uncu/Rational_Function_Proof_Calls_With_Basic_Denominator_Simplifications/BDC_ProveIneq_ISSAC05_LevinLHS.smt2
[DEBUG] Predicted solver: Z3alpha for benchmark QF_NRA/20220314-Uncu/Rational_Function_Proof_Calls_With_Basic_Denominator_Simplifications/BDC_ProveIneq_ISSAC05_LevinLHS.smt2
[DEBUG] Benchmark QF_NRA/20220314-Uncu/Rational_Function_Proof_Calls_With_Basic_Denominator_Simplifications/BDC_ProveIneq_ISSAC05_LevinLHS.smt2: solved=True, runtime=0.27s, PAR-2=0.27s
[DEBUG] Processing 994/2482: QF_NRA/20211101-Geogebra/IsoRightTriangle-Bottema1_9a.smt2
[DEBUG] Predicted solver: Z3alpha for benchmark QF_NRA/20211101-Geogebra/IsoRightTriangle-Bottema1_9a.smt2
[DEBUG] Benchmark QF_NRA/20211101-Geogebra/IsoRightTriangle-Bottema1_9a.smt2: solved=True, runtime=0.27s, PAR-2=0.27s
[DEBUG] Processing 995/2482: QF_NRA/hycomp/ball_count_2d_hill_simple.04.seq_lazy_linear_enc_global_12.smt2
[DEBUG] Predicted solver: SMTInterpol for benchmark QF_NRA/hycomp/ball_count_2d_hill_simple.04.seq_lazy_linear_enc_global_12.smt2
[DEBUG] Benchmark QF_NRA/hycomp/ball_count_2d_hill_simple.04.seq_lazy_linear_enc_global_12.smt2: solved=True, runtime=1.06s, PAR-2=1.06s
[DEBUG] Processing 996/2482: QF_NRA/meti-tarski/sqrt/1mcosq/7/sqrt-1mcosq-7-chunk-0147.smt2
[DEBUG] Predicted solver: Z3alpha for benchmark QF_NRA/meti-tarski/sqrt/1mcosq/7/sqrt-1mcosq-7-chunk-0147.smt2
[DEBUG] Benchmark QF_NRA/meti-tarski/sqrt/1mcosq/7/sqrt-1mcosq-7-chunk-0147.smt2: solved=True, runtime=0.30s, PAR-2=0.30s
[DEBUG] Processing 997/2482: QF_NRA/20200911-Pine/1599122163478388000.smt2
[DEBUG] Predicted solver: Z3alpha for benchmark QF_NRA/20200911-Pine/1599122163478388000.smt2
[DEBUG] Benchmark QF_NRA/20200911-Pine/1599122163478388000.smt2: solved=True, runtime=0.27s, PAR-2=0.27s
[DEBUG] Processing 998/2482: QF_NRA/meti-tarski/atan/problem/1/atan-problem-1-chunk-0087.smt2
[DEBUG] Predicted solver: Z3alpha for benchmark QF_NRA/meti-tarski/atan/problem/1/atan-problem-1-chunk-0087.smt2
[DEBUG] Benchmark QF_NRA/meti-tarski/atan/problem/1/atan-problem-1-chunk-0087.smt2: solved=True, runtime=0.27s, PAR-2=0.27s
[DEBUG] Processing 999/2482: QF_NRA/20161105-Sturm-MBO/mbo_E1E23.smt2
[DEBUG] Predicted solver: SMTInterpol for benchmark QF_NRA/20161105-Sturm-MBO/mbo_E1E23.smt2
[DEBUG] Benchmark QF_NRA/20161105-Sturm-MBO/mbo_E1E23.smt2: solved=True, runtime=1.62s, PAR-2=1.62s
[DEBUG] Processing 1000/2482: QF_NRA/meti-tarski/CMOS/CMOS-opamp-chunk-0312.smt2
[DEBUG] Predicted solver: Z3alpha for benchmark QF_NRA/meti-tarski/CMOS/CMOS-opamp-chunk-0312.smt2
[DEBUG] Benchmark QF_NRA/meti-tarski/CMOS/CMOS-opamp-chunk-0312.smt2: solved=True, runtime=0.36s, PAR-2=0.36s
[DEBUG] Processing 1001/2482: QF_NRA/meti-tarski/sqrt/1mcosq/8/sqrt-1mcosq-8-chunk-0494.smt2
[DEBUG] Predicted solver: Z3alpha for benchmark QF_NRA/meti-tarski/sqrt/1mcosq/8/sqrt-1mcosq-8-chunk-0494.smt2
[DEBUG] Benchmark QF_NRA/meti-tarski/sqrt/1mcosq/8/sqrt-1mcosq-8-chunk-0494.smt2: solved=True, runtime=0.29s, PAR-2=0.29s
[DEBUG] Processing 1002/2482: QF_NRA/meti-tarski/sin/cos/sin-cos-346-b-chunk-0388.smt2
[DEBUG] Predicted solver: Z3alpha for benchmark QF_NRA/meti-tarski/sin/cos/sin-cos-346-b-chunk-0388.smt2
[DEBUG] Benchmark QF_NRA/meti-tarski/sin/cos/sin-cos-346-b-chunk-0388.smt2: solved=True, runtime=0.27s, PAR-2=0.27s
[DEBUG] Processing 1003/2482: QF_NRA/LassoRanker/CooperatingT2/heidy7-simple.t2.c_Iteration2_Lasso_4-pieceTemplate.smt2
[DEBUG] Predicted solver: SMTInterpol for benchmark QF_NRA/LassoRanker/CooperatingT2/heidy7-simple.t2.c_Iteration2_Lasso_4-pieceTemplate.smt2
[DEBUG] Benchmark QF_NRA/LassoRanker/CooperatingT2/heidy7-simple.t2.c_Iteration2_Lasso_4-pieceTemplate.smt2: solved=True, runtime=0.91s, PAR-2=0.91s
[DEBUG] Processing 1004/2482: QF_NRA/LassoRanker/SV-COMP/LeeJonesBen-Amram-2001POPL-Ex5_true-termination.c_Iteration2_Lasso_7-phaseTemplate.smt2
[DEBUG] Predicted solver: SMTInterpol for benchmark QF_NRA/LassoRanker/SV-COMP/LeeJonesBen-Amram-2001POPL-Ex5_true-termination.c_Iteration2_Lasso_7-phaseTemplate.smt2
[DEBUG] Benchmark QF_NRA/LassoRanker/SV-COMP/LeeJonesBen-Amram-2001POPL-Ex5_true-termination.c_Iteration2_Lasso_7-phaseTemplate.smt2: solved=True, runtime=2.76s, PAR-2=2.76s
[DEBUG] Processing 1005/2482: QF_NRA/meti-tarski/CMOS/CMOS-opamp-chunk-0294.smt2
[DEBUG] Predicted solver: Z3alpha for benchmark QF_NRA/meti-tarski/CMOS/CMOS-opamp-chunk-0294.smt2
[DEBUG] Benchmark QF_NRA/meti-tarski/CMOS/CMOS-opamp-chunk-0294.smt2: solved=True, runtime=0.27s, PAR-2=0.27s
[DEBUG] Processing 1006/2482: QF_NRA/meti-tarski/CMOS/CMOS-opamp-chunk-0199.smt2
[DEBUG] Predicted solver: Z3alpha for benchmark QF_NRA/meti-tarski/CMOS/CMOS-opamp-chunk-0199.smt2
[DEBUG] Benchmark QF_NRA/meti-tarski/CMOS/CMOS-opamp-chunk-0199.smt2: solved=True, runtime=0.27s, PAR-2=0.27s
[DEBUG] Processing 1007/2482: QF_NRA/meti-tarski/cos/3410/cos-3410-b-chunk-0025.smt2
[DEBUG] Predicted solver: Z3alpha for benchmark QF_NRA/meti-tarski/cos/3410/cos-3410-b-chunk-0025.smt2
[DEBUG] Benchmark QF_NRA/meti-tarski/cos/3410/cos-3410-b-chunk-0025.smt2: solved=True, runtime=0.28s, PAR-2=0.28s
[DEBUG] Processing 1008/2482: QF_NRA/20180501-Economics-Mulligan/MulliganEconomicsModel0028e.smt2
[DEBUG] Predicted solver: SMTInterpol for benchmark QF_NRA/20180501-Economics-Mulligan/MulliganEconomicsModel0028e.smt2
[DEBUG] Benchmark QF_NRA/20180501-Economics-Mulligan/MulliganEconomicsModel0028e.smt2: solved=True, runtime=0.45s, PAR-2=0.45s
[DEBUG] Processing 1009/2482: QF_NRA/meti-tarski/sin/344/4/sin-344-4-chunk-0022.smt2
[DEBUG] Predicted solver: Z3alpha for benchmark QF_NRA/meti-tarski/sin/344/4/sin-344-4-chunk-0022.smt2
[DEBUG] Benchmark QF_NRA/meti-tarski/sin/344/4/sin-344-4-chunk-0022.smt2: solved=True, runtime=0.28s, PAR-2=0.28s
[DEBUG] Processing 1010/2482: QF_NRA/hycomp/ball_count_2d_hill_simple.04.seq_lazy_global_15.smt2
[DEBUG] Predicted solver: Yices2 for benchmark QF_NRA/hycomp/ball_count_2d_hill_simple.04.seq_lazy_global_15.smt2
[DEBUG] Benchmark QF_NRA/hycomp/ball_count_2d_hill_simple.04.seq_lazy_global_15.smt2: solved=True, runtime=0.23s, PAR-2=0.23s
[DEBUG] Processing 1011/2482: QF_NRA/meti-tarski/atan/problem/1/atan-problem-1-chunk-0085.smt2
[DEBUG] Predicted solver: Z3alpha for benchmark QF_NRA/meti-tarski/atan/problem/1/atan-problem-1-chunk-0085.smt2
[DEBUG] Benchmark QF_NRA/meti-tarski/atan/problem/1/atan-problem-1-chunk-0085.smt2: solved=True, runtime=0.27s, PAR-2=0.27s
[DEBUG] Processing 1012/2482: QF_NRA/hycomp/ball_count_2d_hill.03.seq_lazy_lemmas_global_6.smt2
[DEBUG] Predicted solver: SMTInterpol for benchmark QF_NRA/hycomp/ball_count_2d_hill.03.seq_lazy_lemmas_global_6.smt2
[DEBUG] Benchmark QF_NRA/hycomp/ball_count_2d_hill.03.seq_lazy_lemmas_global_6.smt2: solved=True, runtime=0.86s, PAR-2=0.86s
[DEBUG] Processing 1013/2482: QF_NRA/hycomp/ball_count_2d_plain.04.seq_lazy_lemmas_global_15.smt2
[DEBUG] Predicted solver: Yices2 for benchmark QF_NRA/hycomp/ball_count_2d_plain.04.seq_lazy_lemmas_global_15.smt2
[DEBUG] Benchmark QF_NRA/hycomp/ball_count_2d_plain.04.seq_lazy_lemmas_global_15.smt2: solved=True, runtime=0.23s, PAR-2=0.23s
[DEBUG] Processing 1014/2482: QF_NRA/LassoRanker/CooperatingT2/jacobi.t2.c_Iteration4_Loop_4-pieceTemplate.smt2
[DEBUG] Predicted solver: SMTInterpol for benchmark QF_NRA/LassoRanker/CooperatingT2/jacobi.t2.c_Iteration4_Loop_4-pieceTemplate.smt2
[DEBUG] Benchmark QF_NRA/LassoRanker/CooperatingT2/jacobi.t2.c_Iteration4_Loop_4-pieceTemplate.smt2: solved=True, runtime=1.25s, PAR-2=1.25s
[DEBUG] Processing 1015/2482: QF_NRA/meti-tarski/sin/cos/sin-cos-346-b-chunk-0483.smt2
[DEBUG] Predicted solver: Z3alpha for benchmark QF_NRA/meti-tarski/sin/cos/sin-cos-346-b-chunk-0483.smt2
[DEBUG] Benchmark QF_NRA/meti-tarski/sin/cos/sin-cos-346-b-chunk-0483.smt2: solved=True, runtime=0.27s, PAR-2=0.27s
[DEBUG] Processing 1016/2482: QF_NRA/hycomp/ball_count_2d_slope.02.seq_lazy_global_10.smt2
[DEBUG] Predicted solver: SMTInterpol for benchmark QF_NRA/hycomp/ball_count_2d_slope.02.seq_lazy_global_10.smt2
[DEBUG] Benchmark QF_NRA/hycomp/ball_count_2d_slope.02.seq_lazy_global_10.smt2: solved=True, runtime=1.06s, PAR-2=1.06s
[DEBUG] Processing 1017/2482: QF_NRA/meti-tarski/sqrt/1mcosq/8/sqrt-1mcosq-8-chunk-0256.smt2
[DEBUG] Predicted solver: Z3alpha for benchmark QF_NRA/meti-tarski/sqrt/1mcosq/8/sqrt-1mcosq-8-chunk-0256.smt2
[DEBUG] Benchmark QF_NRA/meti-tarski/sqrt/1mcosq/8/sqrt-1mcosq-8-chunk-0256.smt2: solved=True, runtime=0.30s, PAR-2=0.30s
[DEBUG] Processing 1018/2482: QF_NRA/meti-tarski/sin/problem/8/weak/sin-problem-8-weak-chunk-0076.smt2
[DEBUG] Predicted solver: Z3alpha for benchmark QF_NRA/meti-tarski/sin/problem/8/weak/sin-problem-8-weak-chunk-0076.smt2
[DEBUG] Benchmark QF_NRA/meti-tarski/sin/problem/8/weak/sin-problem-8-weak-chunk-0076.smt2: solved=True, runtime=0.29s, PAR-2=0.29s
[DEBUG] Processing 1019/2482: QF_NRA/LassoRanker/SV-COMP/CookSeeZuleger-2013TACAS-Fig3_true-termination.c_Iteration1_Loop_7-phaseTemplate.smt2
[DEBUG] Predicted solver: SMTInterpol for benchmark QF_NRA/LassoRanker/SV-COMP/CookSeeZuleger-2013TACAS-Fig3_true-termination.c_Iteration1_Loop_7-phaseTemplate.smt2
[DEBUG] Benchmark QF_NRA/LassoRanker/SV-COMP/CookSeeZuleger-2013TACAS-Fig3_true-termination.c_Iteration1_Loop_7-phaseTemplate.smt2: solved=True, runtime=6.62s, PAR-2=6.62s
[DEBUG] Processing 1020/2482: QF_NRA/20200911-Pine/1599121863702813000.smt2
[DEBUG] Predicted solver: Z3alpha for benchmark QF_NRA/20200911-Pine/1599121863702813000.smt2
[DEBUG] Benchmark QF_NRA/20200911-Pine/1599121863702813000.smt2: solved=True, runtime=0.28s, PAR-2=0.28s
[DEBUG] Processing 1021/2482: QF_NRA/hycomp/ball_count_2d_hill_simple.04.seq_lazy_lemmas_global_14.smt2
[DEBUG] Predicted solver: Yices2 for benchmark QF_NRA/hycomp/ball_count_2d_hill_simple.04.seq_lazy_lemmas_global_14.smt2
[DEBUG] Benchmark QF_NRA/hycomp/ball_count_2d_hill_simple.04.seq_lazy_lemmas_global_14.smt2: solved=True, runtime=0.39s, PAR-2=0.39s
[DEBUG] Processing 1022/2482: QF_NRA/20161105-Sturm-MBO/mbo_E4E14.smt2
[DEBUG] Predicted solver: SMTInterpol for benchmark QF_NRA/20161105-Sturm-MBO/mbo_E4E14.smt2
[DEBUG] Benchmark QF_NRA/20161105-Sturm-MBO/mbo_E4E14.smt2: solved=True, runtime=2.49s, PAR-2=2.49s
[DEBUG] Processing 1023/2482: QF_NRA/20200911-Pine/1599121687424286000.smt2
[DEBUG] Predicted solver: Yices2 for benchmark QF_NRA/20200911-Pine/1599121687424286000.smt2
[DEBUG] Benchmark QF_NRA/20200911-Pine/1599121687424286000.smt2: solved=True, runtime=0.50s, PAR-2=0.50s
[DEBUG] Processing 1024/2482: QF_NRA/20161105-Sturm-MBO/mbo_E15.smt2
[DEBUG] Predicted solver: SMTInterpol for benchmark QF_NRA/20161105-Sturm-MBO/mbo_E15.smt2
[DEBUG] Benchmark QF_NRA/20161105-Sturm-MBO/mbo_E15.smt2: solved=True, runtime=0.53s, PAR-2=0.53s
[DEBUG] Processing 1025/2482: QF_NRA/hycomp/ball_count_2d_slope.01.seq_lazy_global_12.smt2
[DEBUG] Predicted solver: SMTInterpol for benchmark QF_NRA/hycomp/ball_count_2d_slope.01.seq_lazy_global_12.smt2
[DEBUG] Benchmark QF_NRA/hycomp/ball_count_2d_slope.01.seq_lazy_global_12.smt2: solved=True, runtime=1.18s, PAR-2=1.18s
[DEBUG] Processing 1026/2482: QF_NRA/hycomp/ball_count_2d_hill.01.seq_lazy_linear_enc_lemmas_global_9.smt2
[DEBUG] Predicted solver: SMTInterpol for benchmark QF_NRA/hycomp/ball_count_2d_hill.01.seq_lazy_linear_enc_lemmas_global_9.smt2
[DEBUG] Benchmark QF_NRA/hycomp/ball_count_2d_hill.01.seq_lazy_linear_enc_lemmas_global_9.smt2: solved=True, runtime=1.03s, PAR-2=1.03s
[DEBUG] Processing 1027/2482: QF_NRA/meti-tarski/atan/vega/3/atan-vega-3-chunk-0490.smt2
[DEBUG] Predicted solver: SMTInterpol for benchmark QF_NRA/meti-tarski/atan/vega/3/atan-vega-3-chunk-0490.smt2
[DEBUG] Benchmark QF_NRA/meti-tarski/atan/vega/3/atan-vega-3-chunk-0490.smt2: solved=True, runtime=0.41s, PAR-2=0.41s
[DEBUG] Processing 1028/2482: QF_NRA/meti-tarski/polypaver/bench-sqrt-3d/polypaver-bench-sqrt-3d-chunk-0463.smt2
[DEBUG] Predicted solver: Z3alpha for benchmark QF_NRA/meti-tarski/polypaver/bench-sqrt-3d/polypaver-bench-sqrt-3d-chunk-0463.smt2
[DEBUG] Benchmark QF_NRA/meti-tarski/polypaver/bench-sqrt-3d/polypaver-bench-sqrt-3d-chunk-0463.smt2: solved=True, runtime=0.27s, PAR-2=0.27s
[DEBUG] Processing 1029/2482: QF_NRA/hycomp/ball_count_2d_hill.01.seq_lazy_linear_enc_lemmas_global_4.smt2
[DEBUG] Predicted solver: SMTInterpol for benchmark QF_NRA/hycomp/ball_count_2d_hill.01.seq_lazy_linear_enc_lemmas_global_4.smt2
[DEBUG] Benchmark QF_NRA/hycomp/ball_count_2d_hill.01.seq_lazy_linear_enc_lemmas_global_4.smt2: solved=True, runtime=0.75s, PAR-2=0.75s
[DEBUG] Processing 1030/2482: QF_NRA/LassoRanker/SV-COMP/CookSeeZuleger-2013TACAS-Fig7b_true-termination.c_Iteration1_Loop_3-nestedTemplate.smt2
[DEBUG] Predicted solver: Z3alpha for benchmark QF_NRA/LassoRanker/SV-COMP/CookSeeZuleger-2013TACAS-Fig7b_true-termination.c_Iteration1_Loop_3-nestedTemplate.smt2
[DEBUG] Benchmark QF_NRA/LassoRanker/SV-COMP/CookSeeZuleger-2013TACAS-Fig7b_true-termination.c_Iteration1_Loop_3-nestedTemplate.smt2: solved=False, runtime=1200.00s, PAR-2=2400.00s
[DEBUG] Processing 1031/2482: QF_NRA/meti-tarski/Chua/1/VC2/L/Chua-1-VC2-L-chunk-0078.smt2
[DEBUG] Predicted solver: Z3alpha for benchmark QF_NRA/meti-tarski/Chua/1/VC2/L/Chua-1-VC2-L-chunk-0078.smt2
[DEBUG] Benchmark QF_NRA/meti-tarski/Chua/1/VC2/L/Chua-1-VC2-L-chunk-0078.smt2: solved=True, runtime=0.27s, PAR-2=0.27s
[DEBUG] Processing 1032/2482: QF_NRA/meti-tarski/Chua/1/VC1/L/Chua-1-VC1-L-chunk-0092.smt2
[DEBUG] Predicted solver: Z3alpha for benchmark QF_NRA/meti-tarski/Chua/1/VC1/L/Chua-1-VC1-L-chunk-0092.smt2
[DEBUG] Benchmark QF_NRA/meti-tarski/Chua/1/VC1/L/Chua-1-VC1-L-chunk-0092.smt2: solved=True, runtime=0.29s, PAR-2=0.29s
[DEBUG] Processing 1033/2482: QF_NRA/meti-tarski/sin/cos/sin-cos-346-b-chunk-0473.smt2
[DEBUG] Predicted solver: Z3alpha for benchmark QF_NRA/meti-tarski/sin/cos/sin-cos-346-b-chunk-0473.smt2
[DEBUG] Benchmark QF_NRA/meti-tarski/sin/cos/sin-cos-346-b-chunk-0473.smt2: solved=True, runtime=0.27s, PAR-2=0.27s
[DEBUG] Processing 1034/2482: QF_NRA/LassoRanker/CooperatingT2/graycode.t2.c_Iteration15_Loop_3-pieceTemplate.smt2
[DEBUG] Predicted solver: SMTInterpol for benchmark QF_NRA/LassoRanker/CooperatingT2/graycode.t2.c_Iteration15_Loop_3-pieceTemplate.smt2
[DEBUG] Benchmark QF_NRA/LassoRanker/CooperatingT2/graycode.t2.c_Iteration15_Loop_3-pieceTemplate.smt2: solved=True, runtime=1.44s, PAR-2=1.44s
[DEBUG] Processing 1035/2482: QF_NRA/hycomp/ball_count_2d_hill_simple.10.seq_lazy_linear_enc_lemmas_global_12.smt2
[DEBUG] Predicted solver: SMTInterpol for benchmark QF_NRA/hycomp/ball_count_2d_hill_simple.10.seq_lazy_linear_enc_lemmas_global_12.smt2
[DEBUG] Benchmark QF_NRA/hycomp/ball_count_2d_hill_simple.10.seq_lazy_linear_enc_lemmas_global_12.smt2: solved=True, runtime=1.04s, PAR-2=1.04s
[DEBUG] Processing 1036/2482: QF_NRA/meti-tarski/Nichols-Plot/Inverted-Pendulum/Nichols-Plot-Inverted-Pendulum-Fails-1-6-chunk-0166.smt2
[DEBUG] Predicted solver: Z3alpha for benchmark QF_NRA/meti-tarski/Nichols-Plot/Inverted-Pendulum/Nichols-Plot-Inverted-Pendulum-Fails-1-6-chunk-0166.smt2
[DEBUG] Benchmark QF_NRA/meti-tarski/Nichols-Plot/Inverted-Pendulum/Nichols-Plot-Inverted-Pendulum-Fails-1-6-chunk-0166.smt2: solved=True, runtime=0.28s, PAR-2=0.28s
[DEBUG] Processing 1037/2482: QF_NRA/hycomp/ball_count_2d_hill.05.redlog_global_7.smt2
[DEBUG] Predicted solver: SMTInterpol for benchmark QF_NRA/hycomp/ball_count_2d_hill.05.redlog_global_7.smt2
[DEBUG] Benchmark QF_NRA/hycomp/ball_count_2d_hill.05.redlog_global_7.smt2: solved=True, runtime=1.26s, PAR-2=1.26s
[DEBUG] Processing 1038/2482: QF_NRA/meti-tarski/sin/cos/sin-cos-346-b-chunk-0112.smt2
[DEBUG] Predicted solver: Z3alpha for benchmark QF_NRA/meti-tarski/sin/cos/sin-cos-346-b-chunk-0112.smt2
[DEBUG] Benchmark QF_NRA/meti-tarski/sin/cos/sin-cos-346-b-chunk-0112.smt2: solved=True, runtime=0.31s, PAR-2=0.31s
[DEBUG] Processing 1039/2482: QF_NRA/LassoRanker/CooperatingT2/pentagon.t2.c_Iteration11_Loop_4-pieceTemplate.smt2
[DEBUG] Predicted solver: SMTInterpol for benchmark QF_NRA/LassoRanker/CooperatingT2/pentagon.t2.c_Iteration11_Loop_4-pieceTemplate.smt2
[DEBUG] Benchmark QF_NRA/LassoRanker/CooperatingT2/pentagon.t2.c_Iteration11_Loop_4-pieceTemplate.smt2: solved=True, runtime=1.09s, PAR-2=1.09s
[DEBUG] Processing 1040/2482: QF_NRA/meti-tarski/sin/cos/sin-cos-346-b-chunk-0497.smt2
[DEBUG] Predicted solver: Z3alpha for benchmark QF_NRA/meti-tarski/sin/cos/sin-cos-346-b-chunk-0497.smt2
[DEBUG] Benchmark QF_NRA/meti-tarski/sin/cos/sin-cos-346-b-chunk-0497.smt2: solved=True, runtime=0.27s, PAR-2=0.27s
[DEBUG] Processing 1041/2482: QF_NRA/hycomp/ball_count_2d_plain.04.seq_lazy_linear_enc_lemmas_global_9.smt2
[DEBUG] Predicted solver: SMTInterpol for benchmark QF_NRA/hycomp/ball_count_2d_plain.04.seq_lazy_linear_enc_lemmas_global_9.smt2
[DEBUG] Benchmark QF_NRA/hycomp/ball_count_2d_plain.04.seq_lazy_linear_enc_lemmas_global_9.smt2: solved=True, runtime=0.96s, PAR-2=0.96s
[DEBUG] Processing 1042/2482: QF_NRA/meti-tarski/sqrt/1mcosq/8/sqrt-1mcosq-8-chunk-0682.smt2
[DEBUG] Predicted solver: Z3alpha for benchmark QF_NRA/meti-tarski/sqrt/1mcosq/8/sqrt-1mcosq-8-chunk-0682.smt2
[DEBUG] Benchmark QF_NRA/meti-tarski/sqrt/1mcosq/8/sqrt-1mcosq-8-chunk-0682.smt2: solved=True, runtime=0.27s, PAR-2=0.27s
[DEBUG] Processing 1043/2482: QF_NRA/hycomp/ball_count_2d_plain.04.redlog_global_8.smt2
[DEBUG] Predicted solver: SMTInterpol for benchmark QF_NRA/hycomp/ball_count_2d_plain.04.redlog_global_8.smt2
[DEBUG] Benchmark QF_NRA/hycomp/ball_count_2d_plain.04.redlog_global_8.smt2: solved=True, runtime=0.96s, PAR-2=0.96s
[DEBUG] Processing 1044/2482: QF_NRA/20200911-Pine/1599122160216860000.smt2
[DEBUG] Predicted solver: Z3alpha for benchmark QF_NRA/20200911-Pine/1599122160216860000.smt2
[DEBUG] Benchmark QF_NRA/20200911-Pine/1599122160216860000.smt2: solved=True, runtime=0.27s, PAR-2=0.27s
[DEBUG] Processing 1045/2482: QF_NRA/LassoRanker/CooperatingT2/byron-3.t2.c_Iteration1_Loop_4-pieceTemplate.smt2
[DEBUG] Predicted solver: SMTInterpol for benchmark QF_NRA/LassoRanker/CooperatingT2/byron-3.t2.c_Iteration1_Loop_4-pieceTemplate.smt2
[DEBUG] Benchmark QF_NRA/LassoRanker/CooperatingT2/byron-3.t2.c_Iteration1_Loop_4-pieceTemplate.smt2: solved=True, runtime=0.93s, PAR-2=0.93s
[DEBUG] Processing 1046/2482: QF_NRA/zankl/matrix-2-all-7.smt2
[DEBUG] Predicted solver: SMTInterpol for benchmark QF_NRA/zankl/matrix-2-all-7.smt2
[DEBUG] Benchmark QF_NRA/zankl/matrix-2-all-7.smt2: solved=True, runtime=0.53s, PAR-2=0.53s
[DEBUG] Processing 1047/2482: QF_NRA/hycomp/ball_count_1d_plain.02.seq_lazy_lemmas_global_4.smt2
[DEBUG] Predicted solver: SMTInterpol for benchmark QF_NRA/hycomp/ball_count_1d_plain.02.seq_lazy_lemmas_global_4.smt2
[DEBUG] Benchmark QF_NRA/hycomp/ball_count_1d_plain.02.seq_lazy_lemmas_global_4.smt2: solved=True, runtime=0.67s, PAR-2=0.67s
[DEBUG] Processing 1048/2482: QF_NRA/meti-tarski/sqrt/1mcosq/7/sqrt-1mcosq-7-chunk-0172.smt2
[DEBUG] Predicted solver: Z3alpha for benchmark QF_NRA/meti-tarski/sqrt/1mcosq/7/sqrt-1mcosq-7-chunk-0172.smt2
[DEBUG] Benchmark QF_NRA/meti-tarski/sqrt/1mcosq/7/sqrt-1mcosq-7-chunk-0172.smt2: solved=True, runtime=0.37s, PAR-2=0.37s
[DEBUG] Processing 1049/2482: QF_NRA/zankl/matrix-3-all-11.smt2
[DEBUG] Predicted solver: SMTInterpol for benchmark QF_NRA/zankl/matrix-3-all-11.smt2
[DEBUG] Benchmark QF_NRA/zankl/matrix-3-all-11.smt2: solved=True, runtime=0.79s, PAR-2=0.79s
[DEBUG] Processing 1050/2482: QF_NRA/20220314-Uncu/Rational_Function_Proof_Calls_With_Disjunctive_Denominator_Simplifications/DDC_ProveIneq_Mitrinovic_3_29.smt2
[DEBUG] Predicted solver: Z3alpha for benchmark QF_NRA/20220314-Uncu/Rational_Function_Proof_Calls_With_Disjunctive_Denominator_Simplifications/DDC_ProveIneq_Mitrinovic_3_29.smt2
[DEBUG] Benchmark QF_NRA/20220314-Uncu/Rational_Function_Proof_Calls_With_Disjunctive_Denominator_Simplifications/DDC_ProveIneq_Mitrinovic_3_29.smt2: solved=True, runtime=0.27s, PAR-2=0.27s
[DEBUG] Processing 1051/2482: QF_NRA/LassoRanker/CooperatingT2/spiral.t2.c_Iteration6_Loop_4-pieceTemplate.smt2
[DEBUG] Predicted solver: SMTInterpol for benchmark QF_NRA/LassoRanker/CooperatingT2/spiral.t2.c_Iteration6_Loop_4-pieceTemplate.smt2
[DEBUG] Benchmark QF_NRA/LassoRanker/CooperatingT2/spiral.t2.c_Iteration6_Loop_4-pieceTemplate.smt2: solved=True, runtime=1.45s, PAR-2=1.45s
[DEBUG] Processing 1052/2482: QF_NRA/LassoRanker/SV-COMP/Ben-Amram-2010LMCS-Ex2.3_true-termination.c_Iteration1_Lasso_2-pieceTemplate.smt2
[DEBUG] Predicted solver: SMTInterpol for benchmark QF_NRA/LassoRanker/SV-COMP/Ben-Amram-2010LMCS-Ex2.3_true-termination.c_Iteration1_Lasso_2-pieceTemplate.smt2
[DEBUG] Benchmark QF_NRA/LassoRanker/SV-COMP/Ben-Amram-2010LMCS-Ex2.3_true-termination.c_Iteration1_Lasso_2-pieceTemplate.smt2: solved=True, runtime=2.93s, PAR-2=2.93s
[DEBUG] Processing 1053/2482: QF_NRA/LassoRanker/SV-COMP/CookSeeZuleger-2013TACAS-Fig7a_true-termination.c_Iteration1_Loop_4-phaseTemplate.smt2
[DEBUG] Predicted solver: SMTInterpol for benchmark QF_NRA/LassoRanker/SV-COMP/CookSeeZuleger-2013TACAS-Fig7a_true-termination.c_Iteration1_Loop_4-phaseTemplate.smt2
[DEBUG] Benchmark QF_NRA/LassoRanker/SV-COMP/CookSeeZuleger-2013TACAS-Fig7a_true-termination.c_Iteration1_Loop_4-phaseTemplate.smt2: solved=True, runtime=4.50s, PAR-2=4.50s
[DEBUG] Processing 1054/2482: QF_NRA/meti-tarski/sqrt/problem/sqrt-problem-Melquiond2-chunk-0093.smt2
[DEBUG] Predicted solver: Z3alpha for benchmark QF_NRA/meti-tarski/sqrt/problem/sqrt-problem-Melquiond2-chunk-0093.smt2
[DEBUG] Benchmark QF_NRA/meti-tarski/sqrt/problem/sqrt-problem-Melquiond2-chunk-0093.smt2: solved=True, runtime=0.27s, PAR-2=0.27s
[DEBUG] Processing 1055/2482: QF_NRA/UltimateAutomizer/InVarSynth_MonadicInvariant01.bpl_Iteration1_0.smt2
[DEBUG] Predicted solver: Yices2 for benchmark QF_NRA/UltimateAutomizer/InVarSynth_MonadicInvariant01.bpl_Iteration1_0.smt2
[DEBUG] Benchmark QF_NRA/UltimateAutomizer/InVarSynth_MonadicInvariant01.bpl_Iteration1_0.smt2: solved=True, runtime=0.22s, PAR-2=0.22s
[DEBUG] Processing 1056/2482: QF_NRA/meti-tarski/exp/problem/10/3/exp-problem-10-3-chunk-0115.smt2
[DEBUG] Predicted solver: Z3alpha for benchmark QF_NRA/meti-tarski/exp/problem/10/3/exp-problem-10-3-chunk-0115.smt2
[DEBUG] Benchmark QF_NRA/meti-tarski/exp/problem/10/3/exp-problem-10-3-chunk-0115.smt2: solved=True, runtime=0.27s, PAR-2=0.27s
[DEBUG] Processing 1057/2482: QF_NRA/meti-tarski/atan/vega/3/weak/atan-vega-3-weak-chunk-0539.smt2
[DEBUG] Predicted solver: Z3alpha for benchmark QF_NRA/meti-tarski/atan/vega/3/weak/atan-vega-3-weak-chunk-0539.smt2
[DEBUG] Benchmark QF_NRA/meti-tarski/atan/vega/3/weak/atan-vega-3-weak-chunk-0539.smt2: solved=True, runtime=0.27s, PAR-2=0.27s
[DEBUG] Processing 1058/2482: QF_NRA/meti-tarski/atan/vega/3/weak/atan-vega-3-weak-chunk-0075.smt2
[DEBUG] Predicted solver: Z3alpha for benchmark QF_NRA/meti-tarski/atan/vega/3/weak/atan-vega-3-weak-chunk-0075.smt2
[DEBUG] Benchmark QF_NRA/meti-tarski/atan/vega/3/weak/atan-vega-3-weak-chunk-0075.smt2: solved=True, runtime=0.27s, PAR-2=0.27s
[DEBUG] Processing 1059/2482: QF_NRA/hycomp/ball_count_2d_plain.10.qfree_global_13.smt2
[DEBUG] Predicted solver: SMTInterpol for benchmark QF_NRA/hycomp/ball_count_2d_plain.10.qfree_global_13.smt2
[DEBUG] Benchmark QF_NRA/hycomp/ball_count_2d_plain.10.qfree_global_13.smt2: solved=True, runtime=1.01s, PAR-2=1.01s
[DEBUG] Processing 1060/2482: QF_NRA/20161105-Sturm-MBO/mbo_E1E12.smt2
[DEBUG] Predicted solver: SMTInterpol for benchmark QF_NRA/20161105-Sturm-MBO/mbo_E1E12.smt2
[DEBUG] Benchmark QF_NRA/20161105-Sturm-MBO/mbo_E1E12.smt2: solved=True, runtime=2.24s, PAR-2=2.24s
[DEBUG] Processing 1061/2482: QF_NRA/meti-tarski/Chua/2/VC2/U/Chua-2-VC2-U-chunk-0066.smt2
[DEBUG] Predicted solver: Z3alpha for benchmark QF_NRA/meti-tarski/Chua/2/VC2/U/Chua-2-VC2-U-chunk-0066.smt2
[DEBUG] Benchmark QF_NRA/meti-tarski/Chua/2/VC2/U/Chua-2-VC2-U-chunk-0066.smt2: solved=True, runtime=0.27s, PAR-2=0.27s
[DEBUG] Processing 1062/2482: QF_NRA/meti-tarski/atan/problem/2/weak2/atan-problem-2-weak2-chunk-0067.smt2
[DEBUG] Predicted solver: Z3alpha for benchmark QF_NRA/meti-tarski/atan/problem/2/weak2/atan-problem-2-weak2-chunk-0067.smt2
[DEBUG] Benchmark QF_NRA/meti-tarski/atan/problem/2/weak2/atan-problem-2-weak2-chunk-0067.smt2: solved=True, runtime=0.27s, PAR-2=0.27s
[DEBUG] Processing 1063/2482: QF_NRA/meti-tarski/polypaver/bench-sqrt-3d/polypaver-bench-sqrt-3d-chunk-0492.smt2
[DEBUG] Predicted solver: Z3alpha for benchmark QF_NRA/meti-tarski/polypaver/bench-sqrt-3d/polypaver-bench-sqrt-3d-chunk-0492.smt2
[DEBUG] Benchmark QF_NRA/meti-tarski/polypaver/bench-sqrt-3d/polypaver-bench-sqrt-3d-chunk-0492.smt2: solved=True, runtime=0.27s, PAR-2=0.27s
[DEBUG] Processing 1064/2482: QF_NRA/hycomp/ball_count_1d_plain.05.seq_lazy_global_11.smt2
[DEBUG] Predicted solver: SMTInterpol for benchmark QF_NRA/hycomp/ball_count_1d_plain.05.seq_lazy_global_11.smt2
[DEBUG] Benchmark QF_NRA/hycomp/ball_count_1d_plain.05.seq_lazy_global_11.smt2: solved=True, runtime=0.94s, PAR-2=0.94s
[DEBUG] Processing 1065/2482: QF_NRA/meti-tarski/sqrt/1mcosq/8/sqrt-1mcosq-8-chunk-0597.smt2
[DEBUG] Predicted solver: Z3alpha for benchmark QF_NRA/meti-tarski/sqrt/1mcosq/8/sqrt-1mcosq-8-chunk-0597.smt2
[DEBUG] Benchmark QF_NRA/meti-tarski/sqrt/1mcosq/8/sqrt-1mcosq-8-chunk-0597.smt2: solved=True, runtime=0.40s, PAR-2=0.40s
[DEBUG] Processing 1066/2482: QF_NRA/LassoRanker/Ultimate/2013POPL-BenAmGen-Ex4.2.bpl_Iteration1_Loop_4-pieceTemplate.smt2
[DEBUG] Predicted solver: SMTInterpol for benchmark QF_NRA/LassoRanker/Ultimate/2013POPL-BenAmGen-Ex4.2.bpl_Iteration1_Loop_4-pieceTemplate.smt2
[DEBUG] Benchmark QF_NRA/LassoRanker/Ultimate/2013POPL-BenAmGen-Ex4.2.bpl_Iteration1_Loop_4-pieceTemplate.smt2: solved=True, runtime=0.88s, PAR-2=0.88s
[DEBUG] Processing 1067/2482: QF_NRA/meti-tarski/sin/problem/7/sin-problem-7-chunk-0128.smt2
[DEBUG] Predicted solver: Z3alpha for benchmark QF_NRA/meti-tarski/sin/problem/7/sin-problem-7-chunk-0128.smt2
[DEBUG] Benchmark QF_NRA/meti-tarski/sin/problem/7/sin-problem-7-chunk-0128.smt2: solved=True, runtime=0.29s, PAR-2=0.29s
[DEBUG] Processing 1068/2482: QF_NRA/meti-tarski/sqrt/1mcosq/8/sqrt-1mcosq-8-chunk-0371.smt2
[DEBUG] Predicted solver: Z3alpha for benchmark QF_NRA/meti-tarski/sqrt/1mcosq/8/sqrt-1mcosq-8-chunk-0371.smt2
[DEBUG] Benchmark QF_NRA/meti-tarski/sqrt/1mcosq/8/sqrt-1mcosq-8-chunk-0371.smt2: solved=True, runtime=0.27s, PAR-2=0.27s
[DEBUG] Processing 1069/2482: QF_NRA/hycomp/ball_count_2d_plain.04.seq_lazy_global_13.smt2
[DEBUG] Predicted solver: SMTInterpol for benchmark QF_NRA/hycomp/ball_count_2d_plain.04.seq_lazy_global_13.smt2
[DEBUG] Benchmark QF_NRA/hycomp/ball_count_2d_plain.04.seq_lazy_global_13.smt2: solved=True, runtime=1.02s, PAR-2=1.02s
[DEBUG] Processing 1070/2482: QF_NRA/hycomp/ball_count_2d_slope.04.seq_lazy_global_13.smt2
[DEBUG] Predicted solver: SMTInterpol for benchmark QF_NRA/hycomp/ball_count_2d_slope.04.seq_lazy_global_13.smt2
[DEBUG] Benchmark QF_NRA/hycomp/ball_count_2d_slope.04.seq_lazy_global_13.smt2: solved=True, runtime=1.42s, PAR-2=1.42s
[DEBUG] Processing 1071/2482: QF_NRA/20200911-Pine/1599122158826418000.smt2
[DEBUG] Predicted solver: Z3alpha for benchmark QF_NRA/20200911-Pine/1599122158826418000.smt2
[DEBUG] Benchmark QF_NRA/20200911-Pine/1599122158826418000.smt2: solved=True, runtime=0.29s, PAR-2=0.29s
[DEBUG] Processing 1072/2482: QF_NRA/zankl/gen-16.smt2
[DEBUG] Predicted solver: Z3alpha for benchmark QF_NRA/zankl/gen-16.smt2
[DEBUG] Benchmark QF_NRA/zankl/gen-16.smt2: solved=True, runtime=0.30s, PAR-2=0.30s
[DEBUG] Processing 1073/2482: QF_NRA/meti-tarski/sqrt/1mcosq/8/sqrt-1mcosq-8-chunk-0366.smt2
[DEBUG] Predicted solver: Z3alpha for benchmark QF_NRA/meti-tarski/sqrt/1mcosq/8/sqrt-1mcosq-8-chunk-0366.smt2
[DEBUG] Benchmark QF_NRA/meti-tarski/sqrt/1mcosq/8/sqrt-1mcosq-8-chunk-0366.smt2: solved=True, runtime=0.30s, PAR-2=0.30s
[DEBUG] Processing 1074/2482: QF_NRA/meti-tarski/sqrt/1mcosq/8/sqrt-1mcosq-8-chunk-0611.smt2
[DEBUG] Predicted solver: Z3alpha for benchmark QF_NRA/meti-tarski/sqrt/1mcosq/8/sqrt-1mcosq-8-chunk-0611.smt2
[DEBUG] Benchmark QF_NRA/meti-tarski/sqrt/1mcosq/8/sqrt-1mcosq-8-chunk-0611.smt2: solved=True, runtime=0.31s, PAR-2=0.31s
[DEBUG] Processing 1075/2482: QF_NRA/meti-tarski/exp/problem/10/3/exp-problem-10-3-chunk-0186.smt2
[DEBUG] Predicted solver: Z3alpha for benchmark QF_NRA/meti-tarski/exp/problem/10/3/exp-problem-10-3-chunk-0186.smt2
[DEBUG] Benchmark QF_NRA/meti-tarski/exp/problem/10/3/exp-problem-10-3-chunk-0186.smt2: solved=True, runtime=0.27s, PAR-2=0.27s
[DEBUG] Processing 1076/2482: QF_NRA/hycomp/ball_count_2d_plain.05.seq_lazy_linear_enc_lemmas_global_14.smt2
[DEBUG] Predicted solver: SMTInterpol for benchmark QF_NRA/hycomp/ball_count_2d_plain.05.seq_lazy_linear_enc_lemmas_global_14.smt2
[DEBUG] Benchmark QF_NRA/hycomp/ball_count_2d_plain.05.seq_lazy_linear_enc_lemmas_global_14.smt2: solved=True, runtime=1.01s, PAR-2=1.01s
[DEBUG] Processing 1077/2482: QF_NRA/meti-tarski/Chua/2/IL/L/Chua-2-IL-L-chunk-0016.smt2
[DEBUG] Predicted solver: Z3alpha for benchmark QF_NRA/meti-tarski/Chua/2/IL/L/Chua-2-IL-L-chunk-0016.smt2
[DEBUG] Benchmark QF_NRA/meti-tarski/Chua/2/IL/L/Chua-2-IL-L-chunk-0016.smt2: solved=True, runtime=0.30s, PAR-2=0.30s
[DEBUG] Processing 1078/2482: QF_NRA/meti-tarski/Chua/2/IL/U/Chua-2-IL-U-chunk-0030.smt2
[DEBUG] Predicted solver: Z3alpha for benchmark QF_NRA/meti-tarski/Chua/2/IL/U/Chua-2-IL-U-chunk-0030.smt2
[DEBUG] Benchmark QF_NRA/meti-tarski/Chua/2/IL/U/Chua-2-IL-U-chunk-0030.smt2: solved=True, runtime=0.27s, PAR-2=0.27s
[DEBUG] Processing 1079/2482: QF_NRA/LassoRanker/Ultimate/CookSeeZuleger-2013TACAS-Fig7a.bpl_Iteration1_Loop_3-pieceTemplate.smt2
[DEBUG] Predicted solver: SMTInterpol for benchmark QF_NRA/LassoRanker/Ultimate/CookSeeZuleger-2013TACAS-Fig7a.bpl_Iteration1_Loop_3-pieceTemplate.smt2
[DEBUG] Benchmark QF_NRA/LassoRanker/Ultimate/CookSeeZuleger-2013TACAS-Fig7a.bpl_Iteration1_Loop_3-pieceTemplate.smt2: solved=True, runtime=1.50s, PAR-2=1.50s
[DEBUG] Processing 1080/2482: QF_NRA/meti-tarski/exp/problem/10/2/exp-problem-10-2-chunk-0331.smt2
[DEBUG] Predicted solver: Z3alpha for benchmark QF_NRA/meti-tarski/exp/problem/10/2/exp-problem-10-2-chunk-0331.smt2
[DEBUG] Benchmark QF_NRA/meti-tarski/exp/problem/10/2/exp-problem-10-2-chunk-0331.smt2: solved=True, runtime=0.30s, PAR-2=0.30s
[DEBUG] Processing 1081/2482: QF_NRA/meti-tarski/atan/problem/2/weak/atan-problem-2-weak-chunk-0177.smt2
[DEBUG] Predicted solver: Z3alpha for benchmark QF_NRA/meti-tarski/atan/problem/2/weak/atan-problem-2-weak-chunk-0177.smt2
[DEBUG] Benchmark QF_NRA/meti-tarski/atan/problem/2/weak/atan-problem-2-weak-chunk-0177.smt2: solved=True, runtime=0.29s, PAR-2=0.29s
[DEBUG] Processing 1082/2482: QF_NRA/meti-tarski/sqrt/1mcosq/8/sqrt-1mcosq-8-chunk-0296.smt2
[DEBUG] Predicted solver: Z3alpha for benchmark QF_NRA/meti-tarski/sqrt/1mcosq/8/sqrt-1mcosq-8-chunk-0296.smt2
[DEBUG] Benchmark QF_NRA/meti-tarski/sqrt/1mcosq/8/sqrt-1mcosq-8-chunk-0296.smt2: solved=True, runtime=0.34s, PAR-2=0.34s
[DEBUG] Processing 1083/2482: QF_NRA/meti-tarski/sqrt/problem/13/sqrt1/sqrt-problem-13-sqrt1-chunk-0075.smt2
[DEBUG] Predicted solver: Z3alpha for benchmark QF_NRA/meti-tarski/sqrt/problem/13/sqrt1/sqrt-problem-13-sqrt1-chunk-0075.smt2
[DEBUG] Benchmark QF_NRA/meti-tarski/sqrt/problem/13/sqrt1/sqrt-problem-13-sqrt1-chunk-0075.smt2: solved=True, runtime=0.27s, PAR-2=0.27s
[DEBUG] Processing 1084/2482: QF_NRA/meti-tarski/Chua/2/IL/L/Chua-2-IL-L-chunk-0091.smt2
[DEBUG] Predicted solver: Z3alpha for benchmark QF_NRA/meti-tarski/Chua/2/IL/L/Chua-2-IL-L-chunk-0091.smt2
[DEBUG] Benchmark QF_NRA/meti-tarski/Chua/2/IL/L/Chua-2-IL-L-chunk-0091.smt2: solved=True, runtime=0.28s, PAR-2=0.28s
[DEBUG] Processing 1085/2482: QF_NRA/LassoRanker/CooperatingT2/ex4.t2.c_Iteration2_Loop_3-pieceTemplate.smt2
[DEBUG] Predicted solver: SMTInterpol for benchmark QF_NRA/LassoRanker/CooperatingT2/ex4.t2.c_Iteration2_Loop_3-pieceTemplate.smt2
[DEBUG] Benchmark QF_NRA/LassoRanker/CooperatingT2/ex4.t2.c_Iteration2_Loop_3-pieceTemplate.smt2: solved=True, runtime=1.29s, PAR-2=1.29s
[DEBUG] Processing 1086/2482: QF_NRA/meti-tarski/Nichols-Plot/Inverted-Pendulum/Nichols-Plot-Inverted-Pendulum-Fails-1-6-chunk-0076.smt2
[DEBUG] Predicted solver: Z3alpha for benchmark QF_NRA/meti-tarski/Nichols-Plot/Inverted-Pendulum/Nichols-Plot-Inverted-Pendulum-Fails-1-6-chunk-0076.smt2
[DEBUG] Benchmark QF_NRA/meti-tarski/Nichols-Plot/Inverted-Pendulum/Nichols-Plot-Inverted-Pendulum-Fails-1-6-chunk-0076.smt2: solved=True, runtime=0.31s, PAR-2=0.31s
[DEBUG] Processing 1087/2482: QF_NRA/meti-tarski/sqrt/1mcosq/8/sqrt-1mcosq-8-chunk-0298.smt2
[DEBUG] Predicted solver: Z3alpha for benchmark QF_NRA/meti-tarski/sqrt/1mcosq/8/sqrt-1mcosq-8-chunk-0298.smt2
[DEBUG] Benchmark QF_NRA/meti-tarski/sqrt/1mcosq/8/sqrt-1mcosq-8-chunk-0298.smt2: solved=True, runtime=0.33s, PAR-2=0.33s
[DEBUG] Processing 1088/2482: QF_NRA/hycomp/ball_count_2d_hill.01.seq_lazy_lemmas_global_14.smt2
[DEBUG] Predicted solver: SMTInterpol for benchmark QF_NRA/hycomp/ball_count_2d_hill.01.seq_lazy_lemmas_global_14.smt2
[DEBUG] Benchmark QF_NRA/hycomp/ball_count_2d_hill.01.seq_lazy_lemmas_global_14.smt2: solved=True, runtime=1.19s, PAR-2=1.19s
[DEBUG] Processing 1089/2482: QF_NRA/LassoRanker/Ultimate/Lobnya-Boolean-Reordered.bpl_Iteration1_Loop_4-pieceTemplate.smt2
[DEBUG] Predicted solver: SMTInterpol for benchmark QF_NRA/LassoRanker/Ultimate/Lobnya-Boolean-Reordered.bpl_Iteration1_Loop_4-pieceTemplate.smt2
[DEBUG] Benchmark QF_NRA/LassoRanker/Ultimate/Lobnya-Boolean-Reordered.bpl_Iteration1_Loop_4-pieceTemplate.smt2: solved=True, runtime=2.79s, PAR-2=2.79s
[DEBUG] Processing 1090/2482: QF_NRA/meti-tarski/atan/vega/3/atan-vega-3-chunk-0229.smt2
[DEBUG] Predicted solver: Z3alpha for benchmark QF_NRA/meti-tarski/atan/vega/3/atan-vega-3-chunk-0229.smt2
[DEBUG] Benchmark QF_NRA/meti-tarski/atan/vega/3/atan-vega-3-chunk-0229.smt2: solved=True, runtime=0.27s, PAR-2=0.27s
[DEBUG] Processing 1091/2482: QF_NRA/hycomp/ball_count_1d_plain.01.seq_lazy_global_8.smt2
[DEBUG] Predicted solver: SMTInterpol for benchmark QF_NRA/hycomp/ball_count_1d_plain.01.seq_lazy_global_8.smt2
[DEBUG] Benchmark QF_NRA/hycomp/ball_count_1d_plain.01.seq_lazy_global_8.smt2: solved=True, runtime=0.80s, PAR-2=0.80s
[DEBUG] Processing 1092/2482: QF_NRA/meti-tarski/CMOS/CMOS-opamp-chunk-0203.smt2
[DEBUG] Predicted solver: Z3alpha for benchmark QF_NRA/meti-tarski/CMOS/CMOS-opamp-chunk-0203.smt2
[DEBUG] Benchmark QF_NRA/meti-tarski/CMOS/CMOS-opamp-chunk-0203.smt2: solved=True, runtime=0.30s, PAR-2=0.30s
[DEBUG] Processing 1093/2482: QF_NRA/hycomp/ball_count_2d_plain.01.qfree_global_2.smt2
[DEBUG] Predicted solver: SMTInterpol for benchmark QF_NRA/hycomp/ball_count_2d_plain.01.qfree_global_2.smt2
[DEBUG] Benchmark QF_NRA/hycomp/ball_count_2d_plain.01.qfree_global_2.smt2: solved=True, runtime=0.57s, PAR-2=0.57s
[DEBUG] Processing 1094/2482: QF_NRA/hycomp/ball_count_2d_hill_simple.04.redlog_global_14.smt2
[DEBUG] Predicted solver: Yices2 for benchmark QF_NRA/hycomp/ball_count_2d_hill_simple.04.redlog_global_14.smt2
[DEBUG] Benchmark QF_NRA/hycomp/ball_count_2d_hill_simple.04.redlog_global_14.smt2: solved=True, runtime=0.34s, PAR-2=0.34s
[DEBUG] Processing 1095/2482: QF_NRA/20220314-Uncu/Rational_Function_Proof_Calls_With_Disjunctive_Denominator_Simplifications/DDC_ProveIneq_Mitrinovic_4_22b.smt2
[DEBUG] Predicted solver: Z3alpha for benchmark QF_NRA/20220314-Uncu/Rational_Function_Proof_Calls_With_Disjunctive_Denominator_Simplifications/DDC_ProveIneq_Mitrinovic_4_22b.smt2
[DEBUG] Benchmark QF_NRA/20220314-Uncu/Rational_Function_Proof_Calls_With_Disjunctive_Denominator_Simplifications/DDC_ProveIneq_Mitrinovic_4_22b.smt2: solved=True, runtime=0.28s, PAR-2=0.28s
[DEBUG] Processing 1096/2482: QF_NRA/LassoRanker/CooperatingT2/jacobi.c.i.jacobi.pl.t2.fixed.t2.c_Iteration5_Loop_4-pieceTemplate.smt2
[DEBUG] Predicted solver: SMTInterpol for benchmark QF_NRA/LassoRanker/CooperatingT2/jacobi.c.i.jacobi.pl.t2.fixed.t2.c_Iteration5_Loop_4-pieceTemplate.smt2
[DEBUG] Benchmark QF_NRA/LassoRanker/CooperatingT2/jacobi.c.i.jacobi.pl.t2.fixed.t2.c_Iteration5_Loop_4-pieceTemplate.smt2: solved=True, runtime=1.36s, PAR-2=1.36s
[DEBUG] Processing 1097/2482: QF_NRA/meti-tarski/Chua/2/VC2/U/Chua-2-VC2-U-chunk-0108.smt2
[DEBUG] Predicted solver: Z3alpha for benchmark QF_NRA/meti-tarski/Chua/2/VC2/U/Chua-2-VC2-U-chunk-0108.smt2
[DEBUG] Benchmark QF_NRA/meti-tarski/Chua/2/VC2/U/Chua-2-VC2-U-chunk-0108.smt2: solved=True, runtime=0.35s, PAR-2=0.35s
[DEBUG] Processing 1098/2482: QF_NRA/20161105-Sturm-MBO/mbo_E6E20.smt2
[DEBUG] Predicted solver: SMTInterpol for benchmark QF_NRA/20161105-Sturm-MBO/mbo_E6E20.smt2
[DEBUG] Benchmark QF_NRA/20161105-Sturm-MBO/mbo_E6E20.smt2: solved=True, runtime=1.95s, PAR-2=1.95s
[DEBUG] Processing 1099/2482: QF_NRA/hycomp/ball_count_2d_plain.10.redlog_global_12.smt2
[DEBUG] Predicted solver: SMTInterpol for benchmark QF_NRA/hycomp/ball_count_2d_plain.10.redlog_global_12.smt2
[DEBUG] Benchmark QF_NRA/hycomp/ball_count_2d_plain.10.redlog_global_12.smt2: solved=True, runtime=1.27s, PAR-2=1.27s
[DEBUG] Processing 1100/2482: QF_NRA/hycomp/ball_count_1d_plain.02.qfree_global_13.smt2
[DEBUG] Predicted solver: SMTInterpol for benchmark QF_NRA/hycomp/ball_count_1d_plain.02.qfree_global_13.smt2
[DEBUG] Benchmark QF_NRA/hycomp/ball_count_1d_plain.02.qfree_global_13.smt2: solved=True, runtime=0.94s, PAR-2=0.94s
[DEBUG] Processing 1101/2482: QF_NRA/hycomp/ball_count_2d_plain.10.seq_lazy_linear_enc_lemmas_global_14.smt2
[DEBUG] Predicted solver: SMTInterpol for benchmark QF_NRA/hycomp/ball_count_2d_plain.10.seq_lazy_linear_enc_lemmas_global_14.smt2
[DEBUG] Benchmark QF_NRA/hycomp/ball_count_2d_plain.10.seq_lazy_linear_enc_lemmas_global_14.smt2: solved=True, runtime=1.14s, PAR-2=1.14s
[DEBUG] Processing 1102/2482: QF_NRA/meti-tarski/sin/problem/7/sin-problem-7-chunk-0273.smt2
[DEBUG] Predicted solver: Z3alpha for benchmark QF_NRA/meti-tarski/sin/problem/7/sin-problem-7-chunk-0273.smt2
[DEBUG] Benchmark QF_NRA/meti-tarski/sin/problem/7/sin-problem-7-chunk-0273.smt2: solved=True, runtime=0.27s, PAR-2=0.27s
[DEBUG] Processing 1103/2482: QF_NRA/LassoRanker/Ultimate/NonTerminationDifficult.bpl_Iteration1_Lasso_5-phaseTemplate.smt2
[DEBUG] Predicted solver: SMTInterpol for benchmark QF_NRA/LassoRanker/Ultimate/NonTerminationDifficult.bpl_Iteration1_Lasso_5-phaseTemplate.smt2
[DEBUG] Benchmark QF_NRA/LassoRanker/Ultimate/NonTerminationDifficult.bpl_Iteration1_Lasso_5-phaseTemplate.smt2: solved=True, runtime=0.66s, PAR-2=0.66s
[DEBUG] Processing 1104/2482: QF_NRA/20161105-Sturm-MBO/mbo_E11E25.smt2
[DEBUG] Predicted solver: SMTInterpol for benchmark QF_NRA/20161105-Sturm-MBO/mbo_E11E25.smt2
[DEBUG] Benchmark QF_NRA/20161105-Sturm-MBO/mbo_E11E25.smt2: solved=True, runtime=0.66s, PAR-2=0.66s
[DEBUG] Processing 1105/2482: QF_NRA/LassoRanker/CooperatingT2/sas2.t2.c_Iteration6_Lasso_4-pieceTemplate.smt2
[DEBUG] Predicted solver: SMTInterpol for benchmark QF_NRA/LassoRanker/CooperatingT2/sas2.t2.c_Iteration6_Lasso_4-pieceTemplate.smt2
[DEBUG] Benchmark QF_NRA/LassoRanker/CooperatingT2/sas2.t2.c_Iteration6_Lasso_4-pieceTemplate.smt2: solved=True, runtime=9.76s, PAR-2=9.76s
[DEBUG] Processing 1106/2482: QF_NRA/hycomp/ball_count_2d_plain.02.qfree_global_11.smt2
[DEBUG] Predicted solver: SMTInterpol for benchmark QF_NRA/hycomp/ball_count_2d_plain.02.qfree_global_11.smt2
[DEBUG] Benchmark QF_NRA/hycomp/ball_count_2d_plain.02.qfree_global_11.smt2: solved=True, runtime=0.97s, PAR-2=0.97s
[DEBUG] Processing 1107/2482: QF_NRA/hycomp/ball_count_2d_hill.04.seq_lazy_linear_enc_global_9.smt2
[DEBUG] Predicted solver: SMTInterpol for benchmark QF_NRA/hycomp/ball_count_2d_hill.04.seq_lazy_linear_enc_global_9.smt2
[DEBUG] Benchmark QF_NRA/hycomp/ball_count_2d_hill.04.seq_lazy_linear_enc_global_9.smt2: solved=True, runtime=0.97s, PAR-2=0.97s
[DEBUG] Processing 1108/2482: QF_NRA/meti-tarski/polypaver/sqrt43-int/3vars/polypaver-sqrt43-int-3vars-chunk-0121.smt2
[DEBUG] Predicted solver: Z3alpha for benchmark QF_NRA/meti-tarski/polypaver/sqrt43-int/3vars/polypaver-sqrt43-int-3vars-chunk-0121.smt2
[DEBUG] Benchmark QF_NRA/meti-tarski/polypaver/sqrt43-int/3vars/polypaver-sqrt43-int-3vars-chunk-0121.smt2: solved=True, runtime=0.27s, PAR-2=0.27s
[DEBUG] Processing 1109/2482: QF_NRA/LassoRanker/CooperatingT2/spiral.t2.c_Iteration7_Loop_4-pieceTemplate.smt2
[DEBUG] Predicted solver: SMTInterpol for benchmark QF_NRA/LassoRanker/CooperatingT2/spiral.t2.c_Iteration7_Loop_4-pieceTemplate.smt2
[DEBUG] Benchmark QF_NRA/LassoRanker/CooperatingT2/spiral.t2.c_Iteration7_Loop_4-pieceTemplate.smt2: solved=True, runtime=1.56s, PAR-2=1.56s
[DEBUG] Processing 1110/2482: QF_NRA/zankl/matrix-5-all-19.smt2
[DEBUG] Predicted solver: SMTInterpol for benchmark QF_NRA/zankl/matrix-5-all-19.smt2
[DEBUG] Benchmark QF_NRA/zankl/matrix-5-all-19.smt2: solved=True, runtime=0.96s, PAR-2=0.96s
[DEBUG] Processing 1111/2482: QF_NRA/20220314-Uncu/Rational_Function_Proof_Calls_With_Basic_Denominator_Simplifications/BDC_ProveIneq_Mitrinovic_4_14.smt2
[DEBUG] Predicted solver: Z3alpha for benchmark QF_NRA/20220314-Uncu/Rational_Function_Proof_Calls_With_Basic_Denominator_Simplifications/BDC_ProveIneq_Mitrinovic_4_14.smt2
[DEBUG] Benchmark QF_NRA/20220314-Uncu/Rational_Function_Proof_Calls_With_Basic_Denominator_Simplifications/BDC_ProveIneq_Mitrinovic_4_14.smt2: solved=True, runtime=0.28s, PAR-2=0.28s
[DEBUG] Processing 1112/2482: QF_NRA/hycomp/ball_count_2d_hill.04.seq_lazy_lemmas_global_11.smt2
[DEBUG] Predicted solver: SMTInterpol for benchmark QF_NRA/hycomp/ball_count_2d_hill.04.seq_lazy_lemmas_global_11.smt2
[DEBUG] Benchmark QF_NRA/hycomp/ball_count_2d_hill.04.seq_lazy_lemmas_global_11.smt2: solved=True, runtime=1.16s, PAR-2=1.16s
[DEBUG] Processing 1113/2482: QF_NRA/20161105-Sturm-MBO/mbo_E3E11.smt2
[DEBUG] Predicted solver: SMTInterpol for benchmark QF_NRA/20161105-Sturm-MBO/mbo_E3E11.smt2
[DEBUG] Benchmark QF_NRA/20161105-Sturm-MBO/mbo_E3E11.smt2: solved=True, runtime=1.43s, PAR-2=1.43s
[DEBUG] Processing 1114/2482: QF_NRA/meti-tarski/sqrt/problem/sqrt-problem-Melquiond2-chunk-0042.smt2
[DEBUG] Predicted solver: Z3alpha for benchmark QF_NRA/meti-tarski/sqrt/problem/sqrt-problem-Melquiond2-chunk-0042.smt2
[DEBUG] Benchmark QF_NRA/meti-tarski/sqrt/problem/sqrt-problem-Melquiond2-chunk-0042.smt2: solved=True, runtime=0.28s, PAR-2=0.28s
[DEBUG] Processing 1115/2482: QF_NRA/hycomp/ball_count_1d_plain.01.seq_lazy_linear_enc_lemmas_global_4.smt2
[DEBUG] Predicted solver: SMTInterpol for benchmark QF_NRA/hycomp/ball_count_1d_plain.01.seq_lazy_linear_enc_lemmas_global_4.smt2
[DEBUG] Benchmark QF_NRA/hycomp/ball_count_1d_plain.01.seq_lazy_linear_enc_lemmas_global_4.smt2: solved=True, runtime=0.67s, PAR-2=0.67s
[DEBUG] Processing 1116/2482: QF_NRA/hycomp/ball_count_1d_plain.02.seq_lazy_linear_enc_global_10.smt2
[DEBUG] Predicted solver: SMTInterpol for benchmark QF_NRA/hycomp/ball_count_1d_plain.02.seq_lazy_linear_enc_global_10.smt2
[DEBUG] Benchmark QF_NRA/hycomp/ball_count_1d_plain.02.seq_lazy_linear_enc_global_10.smt2: solved=True, runtime=0.87s, PAR-2=0.87s
[DEBUG] Processing 1117/2482: QF_NRA/hycomp/ball_count_2d_hill.10.seq_lazy_lemmas_global_8.smt2
[DEBUG] Predicted solver: SMTInterpol for benchmark QF_NRA/hycomp/ball_count_2d_hill.10.seq_lazy_lemmas_global_8.smt2
[DEBUG] Benchmark QF_NRA/hycomp/ball_count_2d_hill.10.seq_lazy_lemmas_global_8.smt2: solved=True, runtime=1.06s, PAR-2=1.06s
[DEBUG] Processing 1118/2482: QF_NRA/meti-tarski/atan/vega/3/weak/atan-vega-3-weak-chunk-0451.smt2
[DEBUG] Predicted solver: Z3alpha for benchmark QF_NRA/meti-tarski/atan/vega/3/weak/atan-vega-3-weak-chunk-0451.smt2
[DEBUG] Benchmark QF_NRA/meti-tarski/atan/vega/3/weak/atan-vega-3-weak-chunk-0451.smt2: solved=True, runtime=0.27s, PAR-2=0.27s
[DEBUG] Processing 1119/2482: QF_NRA/meti-tarski/exp/problem/10/3/weak/exp-problem-10-3-weak-chunk-0106.smt2
[DEBUG] Predicted solver: Z3alpha for benchmark QF_NRA/meti-tarski/exp/problem/10/3/weak/exp-problem-10-3-weak-chunk-0106.smt2
[DEBUG] Benchmark QF_NRA/meti-tarski/exp/problem/10/3/weak/exp-problem-10-3-weak-chunk-0106.smt2: solved=True, runtime=0.32s, PAR-2=0.32s
[DEBUG] Processing 1120/2482: QF_NRA/meti-tarski/atan/vega/3/atan-vega-3-chunk-0185.smt2
[DEBUG] Predicted solver: Z3alpha for benchmark QF_NRA/meti-tarski/atan/vega/3/atan-vega-3-chunk-0185.smt2
[DEBUG] Benchmark QF_NRA/meti-tarski/atan/vega/3/atan-vega-3-chunk-0185.smt2: solved=True, runtime=0.27s, PAR-2=0.27s
[DEBUG] Processing 1121/2482: QF_NRA/hycomp/ball_count_2d_plain.10.seq_lazy_linear_enc_lemmas_global_11.smt2
[DEBUG] Predicted solver: SMTInterpol for benchmark QF_NRA/hycomp/ball_count_2d_plain.10.seq_lazy_linear_enc_lemmas_global_11.smt2
[DEBUG] Benchmark QF_NRA/hycomp/ball_count_2d_plain.10.seq_lazy_linear_enc_lemmas_global_11.smt2: solved=True, runtime=1.04s, PAR-2=1.04s
[DEBUG] Processing 1122/2482: QF_NRA/hycomp/ball_count_2d_plain.10.seq_lazy_lemmas_global_12.smt2
[DEBUG] Predicted solver: SMTInterpol for benchmark QF_NRA/hycomp/ball_count_2d_plain.10.seq_lazy_lemmas_global_12.smt2
[DEBUG] Benchmark QF_NRA/hycomp/ball_count_2d_plain.10.seq_lazy_lemmas_global_12.smt2: solved=True, runtime=1.13s, PAR-2=1.13s
[DEBUG] Processing 1123/2482: QF_NRA/20161105-Sturm-MBO/mbo_E7E16.smt2
[DEBUG] Predicted solver: SMTInterpol for benchmark QF_NRA/20161105-Sturm-MBO/mbo_E7E16.smt2
[DEBUG] Benchmark QF_NRA/20161105-Sturm-MBO/mbo_E7E16.smt2: solved=True, runtime=0.62s, PAR-2=0.62s
[DEBUG] Processing 1124/2482: QF_NRA/meti-tarski/exp/problem/10/2/exp-problem-10-2-chunk-0334.smt2
[DEBUG] Predicted solver: Z3alpha for benchmark QF_NRA/meti-tarski/exp/problem/10/2/exp-problem-10-2-chunk-0334.smt2
[DEBUG] Benchmark QF_NRA/meti-tarski/exp/problem/10/2/exp-problem-10-2-chunk-0334.smt2: solved=True, runtime=0.27s, PAR-2=0.27s
[DEBUG] Processing 1125/2482: QF_NRA/UltimateAutomizer/InVarSynth_TestIntegerDivision01.c_Iteration4_0.smt2
[DEBUG] Predicted solver: SMTInterpol for benchmark QF_NRA/UltimateAutomizer/InVarSynth_TestIntegerDivision01.c_Iteration4_0.smt2
[DEBUG] Benchmark QF_NRA/UltimateAutomizer/InVarSynth_TestIntegerDivision01.c_Iteration4_0.smt2: solved=True, runtime=0.62s, PAR-2=0.62s
[DEBUG] Processing 1126/2482: QF_NRA/hycomp/ball_count_1d_plain.01.redlog_global_13.smt2
[DEBUG] Predicted solver: SMTInterpol for benchmark QF_NRA/hycomp/ball_count_1d_plain.01.redlog_global_13.smt2
[DEBUG] Benchmark QF_NRA/hycomp/ball_count_1d_plain.01.redlog_global_13.smt2: solved=True, runtime=1.03s, PAR-2=1.03s
[DEBUG] Processing 1127/2482: QF_NRA/hycomp/ball_count_2d_hill.04.seq_lazy_global_15.smt2
[DEBUG] Predicted solver: SMTInterpol for benchmark QF_NRA/hycomp/ball_count_2d_hill.04.seq_lazy_global_15.smt2
[DEBUG] Benchmark QF_NRA/hycomp/ball_count_2d_hill.04.seq_lazy_global_15.smt2: solved=True, runtime=1.25s, PAR-2=1.25s
[DEBUG] Processing 1128/2482: QF_NRA/zankl/matrix-5-all-21.smt2
[DEBUG] Predicted solver: SMTInterpol for benchmark QF_NRA/zankl/matrix-5-all-21.smt2
[DEBUG] Benchmark QF_NRA/zankl/matrix-5-all-21.smt2: solved=True, runtime=3.74s, PAR-2=3.74s
[DEBUG] Processing 1129/2482: QF_NRA/20200911-Pine/1599122164335538000.smt2
[DEBUG] Predicted solver: Z3alpha for benchmark QF_NRA/20200911-Pine/1599122164335538000.smt2
[DEBUG] Benchmark QF_NRA/20200911-Pine/1599122164335538000.smt2: solved=True, runtime=0.29s, PAR-2=0.29s
[DEBUG] Processing 1130/2482: QF_NRA/hycomp/ball_count_2d_slope.01.seq_lazy_global_9.smt2
[DEBUG] Predicted solver: SMTInterpol for benchmark QF_NRA/hycomp/ball_count_2d_slope.01.seq_lazy_global_9.smt2
[DEBUG] Benchmark QF_NRA/hycomp/ball_count_2d_slope.01.seq_lazy_global_9.smt2: solved=True, runtime=1.14s, PAR-2=1.14s
[DEBUG] Processing 1131/2482: QF_NRA/zankl/matrix-3-all-23.smt2
[DEBUG] Predicted solver: SMTInterpol for benchmark QF_NRA/zankl/matrix-3-all-23.smt2
[DEBUG] Benchmark QF_NRA/zankl/matrix-3-all-23.smt2: solved=True, runtime=0.58s, PAR-2=0.58s
[DEBUG] Processing 1132/2482: QF_NRA/meti-tarski/atan/problem/2/weak/atan-problem-2-weak-chunk-0151.smt2
[DEBUG] Predicted solver: Z3alpha for benchmark QF_NRA/meti-tarski/atan/problem/2/weak/atan-problem-2-weak-chunk-0151.smt2
[DEBUG] Benchmark QF_NRA/meti-tarski/atan/problem/2/weak/atan-problem-2-weak-chunk-0151.smt2: solved=True, runtime=0.48s, PAR-2=0.48s
[DEBUG] Processing 1133/2482: QF_NRA/LassoRanker/CooperatingT2/flipflop.t2.c_Iteration1_Loop_3-pieceTemplate.smt2
[DEBUG] Predicted solver: SMTInterpol for benchmark QF_NRA/LassoRanker/CooperatingT2/flipflop.t2.c_Iteration1_Loop_3-pieceTemplate.smt2
[DEBUG] Benchmark QF_NRA/LassoRanker/CooperatingT2/flipflop.t2.c_Iteration1_Loop_3-pieceTemplate.smt2: solved=True, runtime=0.71s, PAR-2=0.71s
[DEBUG] Processing 1134/2482: QF_NRA/hycomp/ball_count_2d_hill.10.seq_lazy_lemmas_global_7.smt2
[DEBUG] Predicted solver: SMTInterpol for benchmark QF_NRA/hycomp/ball_count_2d_hill.10.seq_lazy_lemmas_global_7.smt2
[DEBUG] Benchmark QF_NRA/hycomp/ball_count_2d_hill.10.seq_lazy_lemmas_global_7.smt2: solved=True, runtime=1.04s, PAR-2=1.04s
[DEBUG] Processing 1135/2482: QF_NRA/meti-tarski/asin/8/vars4/asin-8-vars4-chunk-0053.smt2
[DEBUG] Predicted solver: Z3alpha for benchmark QF_NRA/meti-tarski/asin/8/vars4/asin-8-vars4-chunk-0053.smt2
[DEBUG] Benchmark QF_NRA/meti-tarski/asin/8/vars4/asin-8-vars4-chunk-0053.smt2: solved=True, runtime=0.27s, PAR-2=0.27s
[DEBUG] Processing 1136/2482: QF_NRA/LassoRanker/CooperatingT2/hongyi1.t2.c_Iteration1_Loop_3-pieceTemplate.smt2
[DEBUG] Predicted solver: Yices2 for benchmark QF_NRA/LassoRanker/CooperatingT2/hongyi1.t2.c_Iteration1_Loop_3-pieceTemplate.smt2
[DEBUG] Benchmark QF_NRA/LassoRanker/CooperatingT2/hongyi1.t2.c_Iteration1_Loop_3-pieceTemplate.smt2: solved=False, runtime=1200.00s, PAR-2=2400.00s
[DEBUG] Processing 1137/2482: QF_NRA/LassoRanker/CooperatingT2/p-46.t2.c_Iteration1_Loop_4-pieceTemplate.smt2
[DEBUG] Predicted solver: SMTInterpol for benchmark QF_NRA/LassoRanker/CooperatingT2/p-46.t2.c_Iteration1_Loop_4-pieceTemplate.smt2
[DEBUG] Benchmark QF_NRA/LassoRanker/CooperatingT2/p-46.t2.c_Iteration1_Loop_4-pieceTemplate.smt2: solved=True, runtime=0.96s, PAR-2=0.96s
[DEBUG] Processing 1138/2482: QF_NRA/hycomp/ball_count_2d_plain.01.seq_lazy_linear_enc_global_15.smt2
[DEBUG] Predicted solver: Yices2 for benchmark QF_NRA/hycomp/ball_count_2d_plain.01.seq_lazy_linear_enc_global_15.smt2
[DEBUG] Benchmark QF_NRA/hycomp/ball_count_2d_plain.01.seq_lazy_linear_enc_global_15.smt2: solved=True, runtime=0.25s, PAR-2=0.25s
[DEBUG] Processing 1139/2482: QF_NRA/zankl/matrix-4-all-3.smt2
[DEBUG] Predicted solver: SMTInterpol for benchmark QF_NRA/zankl/matrix-4-all-3.smt2
[DEBUG] Benchmark QF_NRA/zankl/matrix-4-all-3.smt2: solved=True, runtime=0.84s, PAR-2=0.84s
[DEBUG] Processing 1140/2482: QF_NRA/zankl/gen-18.smt2
[DEBUG] Predicted solver: Z3alpha for benchmark QF_NRA/zankl/gen-18.smt2
[DEBUG] Benchmark QF_NRA/zankl/gen-18.smt2: solved=True, runtime=0.27s, PAR-2=0.27s
[DEBUG] Processing 1141/2482: QF_NRA/2019-ezsmt/reverseFolding/26-reverse_folding-0-0.smt2
[DEBUG] Predicted solver: Yices2 for benchmark QF_NRA/2019-ezsmt/reverseFolding/26-reverse_folding-0-0.smt2
[DEBUG] Benchmark QF_NRA/2019-ezsmt/reverseFolding/26-reverse_folding-0-0.smt2: solved=True, runtime=0.98s, PAR-2=0.98s
[DEBUG] Processing 1142/2482: QF_NRA/meti-tarski/sqrt/problem/13/sqrt1/sqrt-problem-13-sqrt1-chunk-0044.smt2
[DEBUG] Predicted solver: Z3alpha for benchmark QF_NRA/meti-tarski/sqrt/problem/13/sqrt1/sqrt-problem-13-sqrt1-chunk-0044.smt2
[DEBUG] Benchmark QF_NRA/meti-tarski/sqrt/problem/13/sqrt1/sqrt-problem-13-sqrt1-chunk-0044.smt2: solved=True, runtime=0.27s, PAR-2=0.27s
[DEBUG] Processing 1143/2482: QF_NRA/meti-tarski/CMOS/CMOS-opamp-chunk-0291.smt2
[DEBUG] Predicted solver: Z3alpha for benchmark QF_NRA/meti-tarski/CMOS/CMOS-opamp-chunk-0291.smt2
[DEBUG] Benchmark QF_NRA/meti-tarski/CMOS/CMOS-opamp-chunk-0291.smt2: solved=True, runtime=0.27s, PAR-2=0.27s
[DEBUG] Processing 1144/2482: QF_NRA/meti-tarski/exp/361/6/exp-361-6-e-chunk-0134.smt2
[DEBUG] Predicted solver: Z3alpha for benchmark QF_NRA/meti-tarski/exp/361/6/exp-361-6-e-chunk-0134.smt2
[DEBUG] Benchmark QF_NRA/meti-tarski/exp/361/6/exp-361-6-e-chunk-0134.smt2: solved=True, runtime=0.30s, PAR-2=0.30s
[DEBUG] Processing 1145/2482: QF_NRA/hycomp/ball_count_2d_plain.01.redlog_global_15.smt2
[DEBUG] Predicted solver: SMTInterpol for benchmark QF_NRA/hycomp/ball_count_2d_plain.01.redlog_global_15.smt2
[DEBUG] Benchmark QF_NRA/hycomp/ball_count_2d_plain.01.redlog_global_15.smt2: solved=True, runtime=1.22s, PAR-2=1.22s
[DEBUG] Processing 1146/2482: QF_NRA/20220314-Uncu/Polynomial_Proof_Calls/ProveIneq_ISSAC05_SignPattern_1p_4m_1w_8p_1w_n.smt2
[DEBUG] Predicted solver: Z3alpha for benchmark QF_NRA/20220314-Uncu/Polynomial_Proof_Calls/ProveIneq_ISSAC05_SignPattern_1p_4m_1w_8p_1w_n.smt2
[DEBUG] Benchmark QF_NRA/20220314-Uncu/Polynomial_Proof_Calls/ProveIneq_ISSAC05_SignPattern_1p_4m_1w_8p_1w_n.smt2: solved=True, runtime=0.28s, PAR-2=0.28s
[DEBUG] Processing 1147/2482: QF_NRA/meti-tarski/sin/problem/7/weak/sin-problem-7-weak-chunk-0167.smt2
[DEBUG] Predicted solver: Z3alpha for benchmark QF_NRA/meti-tarski/sin/problem/7/weak/sin-problem-7-weak-chunk-0167.smt2
[DEBUG] Benchmark QF_NRA/meti-tarski/sin/problem/7/weak/sin-problem-7-weak-chunk-0167.smt2: solved=True, runtime=0.29s, PAR-2=0.29s
[DEBUG] Processing 1148/2482: QF_NRA/zankl/matrix-2-all-13.smt2
[DEBUG] Predicted solver: SMTInterpol for benchmark QF_NRA/zankl/matrix-2-all-13.smt2
[DEBUG] Benchmark QF_NRA/zankl/matrix-2-all-13.smt2: solved=True, runtime=0.72s, PAR-2=0.72s
[DEBUG] Processing 1149/2482: QF_NRA/20161105-Sturm-MGC/mgc_07.smt2
[DEBUG] Predicted solver: SMTInterpol for benchmark QF_NRA/20161105-Sturm-MGC/mgc_07.smt2
[DEBUG] Benchmark QF_NRA/20161105-Sturm-MGC/mgc_07.smt2: solved=True, runtime=0.44s, PAR-2=0.44s
[DEBUG] Processing 1150/2482: QF_NRA/hycomp/ball_count_2d_plain.01.qfree_global_12.smt2
[DEBUG] Predicted solver: SMTInterpol for benchmark QF_NRA/hycomp/ball_count_2d_plain.01.qfree_global_12.smt2
[DEBUG] Benchmark QF_NRA/hycomp/ball_count_2d_plain.01.qfree_global_12.smt2: solved=True, runtime=0.96s, PAR-2=0.96s
[DEBUG] Processing 1151/2482: QF_NRA/20200911-Pine/1599121861496816000.smt2
[DEBUG] Predicted solver: Z3alpha for benchmark QF_NRA/20200911-Pine/1599121861496816000.smt2
[DEBUG] Benchmark QF_NRA/20200911-Pine/1599121861496816000.smt2: solved=True, runtime=0.27s, PAR-2=0.27s
[DEBUG] Processing 1152/2482: QF_NRA/hong/hong_15.smt2
[DEBUG] Predicted solver: cvc5 for benchmark QF_NRA/hong/hong_15.smt2
[DEBUG] Benchmark QF_NRA/hong/hong_15.smt2: solved=True, runtime=0.28s, PAR-2=0.28s
[DEBUG] Processing 1153/2482: QF_NRA/meti-tarski/atan/problem/2/atan-problem-2-chunk-0050.smt2
[DEBUG] Predicted solver: Z3alpha for benchmark QF_NRA/meti-tarski/atan/problem/2/atan-problem-2-chunk-0050.smt2
[DEBUG] Benchmark QF_NRA/meti-tarski/atan/problem/2/atan-problem-2-chunk-0050.smt2: solved=True, runtime=0.27s, PAR-2=0.27s
[DEBUG] Processing 1154/2482: QF_NRA/meti-tarski/sqrt/1mcosq/7/sqrt-1mcosq-7-chunk-0090.smt2
[DEBUG] Predicted solver: Z3alpha for benchmark QF_NRA/meti-tarski/sqrt/1mcosq/7/sqrt-1mcosq-7-chunk-0090.smt2
[DEBUG] Benchmark QF_NRA/meti-tarski/sqrt/1mcosq/7/sqrt-1mcosq-7-chunk-0090.smt2: solved=True, runtime=0.30s, PAR-2=0.30s
[DEBUG] Processing 1155/2482: QF_NRA/hycomp/ball_count_2d_slope.10.seq_lazy_global_15.smt2
[DEBUG] Predicted solver: SMTInterpol for benchmark QF_NRA/hycomp/ball_count_2d_slope.10.seq_lazy_global_15.smt2
[DEBUG] Benchmark QF_NRA/hycomp/ball_count_2d_slope.10.seq_lazy_global_15.smt2: solved=True, runtime=1.45s, PAR-2=1.45s
[DEBUG] Processing 1156/2482: QF_NRA/meti-tarski/sin/problem/7/sin-problem-7-chunk-0339.smt2
[DEBUG] Predicted solver: Z3alpha for benchmark QF_NRA/meti-tarski/sin/problem/7/sin-problem-7-chunk-0339.smt2
[DEBUG] Benchmark QF_NRA/meti-tarski/sin/problem/7/sin-problem-7-chunk-0339.smt2: solved=True, runtime=0.38s, PAR-2=0.38s
[DEBUG] Processing 1157/2482: QF_NRA/meti-tarski/Chua/2/IL/U/Chua-2-IL-U-chunk-0120.smt2
[DEBUG] Predicted solver: Z3alpha for benchmark QF_NRA/meti-tarski/Chua/2/IL/U/Chua-2-IL-U-chunk-0120.smt2
[DEBUG] Benchmark QF_NRA/meti-tarski/Chua/2/IL/U/Chua-2-IL-U-chunk-0120.smt2: solved=True, runtime=1.27s, PAR-2=1.27s
[DEBUG] Processing 1158/2482: QF_NRA/hycomp/ball_count_2d_hill.05.seq_lazy_lemmas_global_14.smt2
[DEBUG] Predicted solver: SMTInterpol for benchmark QF_NRA/hycomp/ball_count_2d_hill.05.seq_lazy_lemmas_global_14.smt2
[DEBUG] Benchmark QF_NRA/hycomp/ball_count_2d_hill.05.seq_lazy_lemmas_global_14.smt2: solved=True, runtime=1.20s, PAR-2=1.20s
[DEBUG] Processing 1159/2482: QF_NRA/hycomp/ball_count_2d_plain.05.redlog_global_13.smt2
[DEBUG] Predicted solver: SMTInterpol for benchmark QF_NRA/hycomp/ball_count_2d_plain.05.redlog_global_13.smt2
[DEBUG] Benchmark QF_NRA/hycomp/ball_count_2d_plain.05.redlog_global_13.smt2: solved=True, runtime=1.23s, PAR-2=1.23s
[DEBUG] Processing 1160/2482: QF_NRA/LassoRanker/SV-COMP/min_rf_true-termination.c_Iteration1_Loop_3-pieceTemplate.smt2
[DEBUG] Predicted solver: SMTInterpol for benchmark QF_NRA/LassoRanker/SV-COMP/min_rf_true-termination.c_Iteration1_Loop_3-pieceTemplate.smt2
[DEBUG] Benchmark QF_NRA/LassoRanker/SV-COMP/min_rf_true-termination.c_Iteration1_Loop_3-pieceTemplate.smt2: solved=True, runtime=4.32s, PAR-2=4.32s
[DEBUG] Processing 1161/2482: QF_NRA/20200911-Pine/1599121977494004000.smt2
[DEBUG] Predicted solver: Z3alpha for benchmark QF_NRA/20200911-Pine/1599121977494004000.smt2
[DEBUG] Benchmark QF_NRA/20200911-Pine/1599121977494004000.smt2: solved=True, runtime=0.27s, PAR-2=0.27s
[DEBUG] Processing 1162/2482: QF_NRA/20220314-Uncu/Rational_Function_Proof_Calls_With_Basic_Denominator_Simplifications/BDC_ProveIneq_Mitrinovic_4_3.smt2
[DEBUG] Predicted solver: Z3alpha for benchmark QF_NRA/20220314-Uncu/Rational_Function_Proof_Calls_With_Basic_Denominator_Simplifications/BDC_ProveIneq_Mitrinovic_4_3.smt2
[DEBUG] Benchmark QF_NRA/20220314-Uncu/Rational_Function_Proof_Calls_With_Basic_Denominator_Simplifications/BDC_ProveIneq_Mitrinovic_4_3.smt2: solved=True, runtime=0.29s, PAR-2=0.29s
[DEBUG] Processing 1163/2482: QF_NRA/meti-tarski/Nichols-Plot/Inverted-Pendulum/Nichols-Plot-Inverted-Pendulum-Fails-1-6-chunk-0221.smt2
[DEBUG] Predicted solver: Z3alpha for benchmark QF_NRA/meti-tarski/Nichols-Plot/Inverted-Pendulum/Nichols-Plot-Inverted-Pendulum-Fails-1-6-chunk-0221.smt2
[DEBUG] Benchmark QF_NRA/meti-tarski/Nichols-Plot/Inverted-Pendulum/Nichols-Plot-Inverted-Pendulum-Fails-1-6-chunk-0221.smt2: solved=True, runtime=0.28s, PAR-2=0.28s
[DEBUG] Processing 1164/2482: QF_NRA/meti-tarski/sqrt/problem/12vars3/sqrt-problem-12vars3-chunk-0035.smt2
[DEBUG] Predicted solver: Z3alpha for benchmark QF_NRA/meti-tarski/sqrt/problem/12vars3/sqrt-problem-12vars3-chunk-0035.smt2
[DEBUG] Benchmark QF_NRA/meti-tarski/sqrt/problem/12vars3/sqrt-problem-12vars3-chunk-0035.smt2: solved=True, runtime=0.27s, PAR-2=0.27s
[DEBUG] Processing 1165/2482: QF_NRA/meti-tarski/sqrt/problem/13/sqrt1/sqrt-problem-13-sqrt1-chunk-0061.smt2
[DEBUG] Predicted solver: Z3alpha for benchmark QF_NRA/meti-tarski/sqrt/problem/13/sqrt1/sqrt-problem-13-sqrt1-chunk-0061.smt2
[DEBUG] Benchmark QF_NRA/meti-tarski/sqrt/problem/13/sqrt1/sqrt-problem-13-sqrt1-chunk-0061.smt2: solved=True, runtime=0.27s, PAR-2=0.27s
[DEBUG] Processing 1166/2482: QF_NRA/hycomp/ball_count_2d_hill.01.seq_lazy_lemmas_global_15.smt2
[DEBUG] Predicted solver: SMTInterpol for benchmark QF_NRA/hycomp/ball_count_2d_hill.01.seq_lazy_lemmas_global_15.smt2
[DEBUG] Benchmark QF_NRA/hycomp/ball_count_2d_hill.01.seq_lazy_lemmas_global_15.smt2: solved=True, runtime=1.34s, PAR-2=1.34s
[DEBUG] Processing 1167/2482: QF_NRA/20180501-Economics-Mulligan/MulliganEconomicsModel0025a.smt2
[DEBUG] Predicted solver: SMTInterpol for benchmark QF_NRA/20180501-Economics-Mulligan/MulliganEconomicsModel0025a.smt2
[DEBUG] Benchmark QF_NRA/20180501-Economics-Mulligan/MulliganEconomicsModel0025a.smt2: solved=True, runtime=0.43s, PAR-2=0.43s
[DEBUG] Processing 1168/2482: QF_NRA/hycomp/ball_count_2d_plain.05.redlog_global_12.smt2
[DEBUG] Predicted solver: SMTInterpol for benchmark QF_NRA/hycomp/ball_count_2d_plain.05.redlog_global_12.smt2
[DEBUG] Benchmark QF_NRA/hycomp/ball_count_2d_plain.05.redlog_global_12.smt2: solved=True, runtime=1.09s, PAR-2=1.09s
[DEBUG] Processing 1169/2482: QF_NRA/meti-tarski/atan/vega/3/atan-vega-3-chunk-0159.smt2
[DEBUG] Predicted solver: Z3alpha for benchmark QF_NRA/meti-tarski/atan/vega/3/atan-vega-3-chunk-0159.smt2
[DEBUG] Benchmark QF_NRA/meti-tarski/atan/vega/3/atan-vega-3-chunk-0159.smt2: solved=True, runtime=0.27s, PAR-2=0.27s
[DEBUG] Processing 1170/2482: QF_NRA/hycomp/ball_count_1d_plain.01.seq_lazy_linear_enc_global_13.smt2
[DEBUG] Predicted solver: SMTInterpol for benchmark QF_NRA/hycomp/ball_count_1d_plain.01.seq_lazy_linear_enc_global_13.smt2
[DEBUG] Benchmark QF_NRA/hycomp/ball_count_1d_plain.01.seq_lazy_linear_enc_global_13.smt2: solved=True, runtime=0.92s, PAR-2=0.92s
[DEBUG] Processing 1171/2482: QF_NRA/hycomp/ball_count_2d_plain.03.seq_lazy_global_8.smt2
[DEBUG] Predicted solver: SMTInterpol for benchmark QF_NRA/hycomp/ball_count_2d_plain.03.seq_lazy_global_8.smt2
[DEBUG] Benchmark QF_NRA/hycomp/ball_count_2d_plain.03.seq_lazy_global_8.smt2: solved=True, runtime=0.77s, PAR-2=0.77s
[DEBUG] Processing 1172/2482: QF_NRA/meti-tarski/atan/vega/3/atan-vega-3-chunk-0515.smt2
[DEBUG] Predicted solver: SMTInterpol for benchmark QF_NRA/meti-tarski/atan/vega/3/atan-vega-3-chunk-0515.smt2
[DEBUG] Benchmark QF_NRA/meti-tarski/atan/vega/3/atan-vega-3-chunk-0515.smt2: solved=True, runtime=0.45s, PAR-2=0.45s
[DEBUG] Processing 1173/2482: QF_NRA/20220314-Uncu/Rational_Function_Proof_Calls_With_Basic_Denominator_Simplifications/BDC_ProveIneq_ISSAC05_Bessack_3_m2.smt2
[DEBUG] Predicted solver: Z3alpha for benchmark QF_NRA/20220314-Uncu/Rational_Function_Proof_Calls_With_Basic_Denominator_Simplifications/BDC_ProveIneq_ISSAC05_Bessack_3_m2.smt2
[DEBUG] Benchmark QF_NRA/20220314-Uncu/Rational_Function_Proof_Calls_With_Basic_Denominator_Simplifications/BDC_ProveIneq_ISSAC05_Bessack_3_m2.smt2: solved=True, runtime=0.27s, PAR-2=0.27s
[DEBUG] Processing 1174/2482: QF_NRA/hycomp/ball_count_1d_plain.05.redlog_global_14.smt2
[DEBUG] Predicted solver: SMTInterpol for benchmark QF_NRA/hycomp/ball_count_1d_plain.05.redlog_global_14.smt2
[DEBUG] Benchmark QF_NRA/hycomp/ball_count_1d_plain.05.redlog_global_14.smt2: solved=True, runtime=1.00s, PAR-2=1.00s
[DEBUG] Processing 1175/2482: QF_NRA/meti-tarski/atan/vega/3/atan-vega-3-chunk-0465.smt2
[DEBUG] Predicted solver: Yices2 for benchmark QF_NRA/meti-tarski/atan/vega/3/atan-vega-3-chunk-0465.smt2
[DEBUG] Benchmark QF_NRA/meti-tarski/atan/vega/3/atan-vega-3-chunk-0465.smt2: solved=True, runtime=0.22s, PAR-2=0.22s
[DEBUG] Processing 1176/2482: QF_NRA/meti-tarski/atan/vega/3/weak/atan-vega-3-weak-chunk-0293.smt2
[DEBUG] Predicted solver: Z3alpha for benchmark QF_NRA/meti-tarski/atan/vega/3/weak/atan-vega-3-weak-chunk-0293.smt2
[DEBUG] Benchmark QF_NRA/meti-tarski/atan/vega/3/weak/atan-vega-3-weak-chunk-0293.smt2: solved=True, runtime=0.27s, PAR-2=0.27s
[DEBUG] Processing 1177/2482: QF_NRA/meti-tarski/sin/problem/7/sin-problem-7-chunk-0244.smt2
[DEBUG] Predicted solver: SMTInterpol for benchmark QF_NRA/meti-tarski/sin/problem/7/sin-problem-7-chunk-0244.smt2
[DEBUG] Benchmark QF_NRA/meti-tarski/sin/problem/7/sin-problem-7-chunk-0244.smt2: solved=True, runtime=0.45s, PAR-2=0.45s
[DEBUG] Processing 1178/2482: QF_NRA/LassoRanker/CooperatingT2/matrixsqrt.t2.c_Iteration6_Loop_4-pieceTemplate.smt2
[DEBUG] Predicted solver: SMTInterpol for benchmark QF_NRA/LassoRanker/CooperatingT2/matrixsqrt.t2.c_Iteration6_Loop_4-pieceTemplate.smt2
[DEBUG] Benchmark QF_NRA/LassoRanker/CooperatingT2/matrixsqrt.t2.c_Iteration6_Loop_4-pieceTemplate.smt2: solved=True, runtime=1.22s, PAR-2=1.22s
[DEBUG] Processing 1179/2482: QF_NRA/LassoRanker/CooperatingT2/flipflop.t2.c_Iteration1_Lasso_3-pieceTemplate.smt2
[DEBUG] Predicted solver: SMTInterpol for benchmark QF_NRA/LassoRanker/CooperatingT2/flipflop.t2.c_Iteration1_Lasso_3-pieceTemplate.smt2
[DEBUG] Benchmark QF_NRA/LassoRanker/CooperatingT2/flipflop.t2.c_Iteration1_Lasso_3-pieceTemplate.smt2: solved=True, runtime=0.73s, PAR-2=0.73s
[DEBUG] Processing 1180/2482: QF_NRA/hycomp/ball_count_2d_hill_simple.01.seq_lazy_lemmas_global_9.smt2
[DEBUG] Predicted solver: SMTInterpol for benchmark QF_NRA/hycomp/ball_count_2d_hill_simple.01.seq_lazy_lemmas_global_9.smt2
[DEBUG] Benchmark QF_NRA/hycomp/ball_count_2d_hill_simple.01.seq_lazy_lemmas_global_9.smt2: solved=True, runtime=0.95s, PAR-2=0.95s
[DEBUG] Processing 1181/2482: QF_NRA/meti-tarski/Nichols-Plot/Inverted-Pendulum/Nichols-Plot-Inverted-Pendulum-Fails-1-6-chunk-0195.smt2
[DEBUG] Predicted solver: Z3alpha for benchmark QF_NRA/meti-tarski/Nichols-Plot/Inverted-Pendulum/Nichols-Plot-Inverted-Pendulum-Fails-1-6-chunk-0195.smt2
[DEBUG] Benchmark QF_NRA/meti-tarski/Nichols-Plot/Inverted-Pendulum/Nichols-Plot-Inverted-Pendulum-Fails-1-6-chunk-0195.smt2: solved=True, runtime=0.27s, PAR-2=0.27s
[DEBUG] Processing 1182/2482: QF_NRA/LassoRanker/SV-COMP/BradleyMannaSipma-2005CAV-Fig1_true-termination.c_Iteration1_Lasso_4-pieceTemplate.smt2
[DEBUG] Predicted solver: SMTInterpol for benchmark QF_NRA/LassoRanker/SV-COMP/BradleyMannaSipma-2005CAV-Fig1_true-termination.c_Iteration1_Lasso_4-pieceTemplate.smt2
[DEBUG] Benchmark QF_NRA/LassoRanker/SV-COMP/BradleyMannaSipma-2005CAV-Fig1_true-termination.c_Iteration1_Lasso_4-pieceTemplate.smt2: solved=True, runtime=19.27s, PAR-2=19.27s
[DEBUG] Processing 1183/2482: QF_NRA/meti-tarski/cbrt/3/weak/cbrt-problem-3-weak-chunk-0092.smt2
[DEBUG] Predicted solver: Z3alpha for benchmark QF_NRA/meti-tarski/cbrt/3/weak/cbrt-problem-3-weak-chunk-0092.smt2
[DEBUG] Benchmark QF_NRA/meti-tarski/cbrt/3/weak/cbrt-problem-3-weak-chunk-0092.smt2: solved=True, runtime=0.46s, PAR-2=0.46s
[DEBUG] Processing 1184/2482: QF_NRA/hycomp/ball_count_2d_hill_simple.10.seq_lazy_linear_enc_global_14.smt2
[DEBUG] Predicted solver: Yices2 for benchmark QF_NRA/hycomp/ball_count_2d_hill_simple.10.seq_lazy_linear_enc_global_14.smt2
[DEBUG] Benchmark QF_NRA/hycomp/ball_count_2d_hill_simple.10.seq_lazy_linear_enc_global_14.smt2: solved=True, runtime=0.24s, PAR-2=0.24s
[DEBUG] Processing 1185/2482: QF_NRA/hycomp/simple_ballistics_reach.01.seq_lazy_global_12.smt2
[DEBUG] Predicted solver: SMTInterpol for benchmark QF_NRA/hycomp/simple_ballistics_reach.01.seq_lazy_global_12.smt2
[DEBUG] Benchmark QF_NRA/hycomp/simple_ballistics_reach.01.seq_lazy_global_12.smt2: solved=True, runtime=1.18s, PAR-2=1.18s
[DEBUG] Processing 1186/2482: QF_NRA/hycomp/ball_count_2d_slope.05.seq_lazy_global_14.smt2
[DEBUG] Predicted solver: SMTInterpol for benchmark QF_NRA/hycomp/ball_count_2d_slope.05.seq_lazy_global_14.smt2
[DEBUG] Benchmark QF_NRA/hycomp/ball_count_2d_slope.05.seq_lazy_global_14.smt2: solved=True, runtime=1.28s, PAR-2=1.28s
[DEBUG] Processing 1187/2482: QF_NRA/LassoRanker/Ultimate/GcdNew.bpl_Iteration1_Lasso_4-pieceTemplate.smt2
[DEBUG] Predicted solver: SMTInterpol for benchmark QF_NRA/LassoRanker/Ultimate/GcdNew.bpl_Iteration1_Lasso_4-pieceTemplate.smt2
[DEBUG] Benchmark QF_NRA/LassoRanker/Ultimate/GcdNew.bpl_Iteration1_Lasso_4-pieceTemplate.smt2: solved=True, runtime=18.16s, PAR-2=18.16s
[DEBUG] Processing 1188/2482: QF_NRA/hycomp/ball_count_2d_hill_simple.03.seq_lazy_linear_enc_lemmas_global_7.smt2
[DEBUG] Predicted solver: SMTInterpol for benchmark QF_NRA/hycomp/ball_count_2d_hill_simple.03.seq_lazy_linear_enc_lemmas_global_7.smt2
[DEBUG] Benchmark QF_NRA/hycomp/ball_count_2d_hill_simple.03.seq_lazy_linear_enc_lemmas_global_7.smt2: solved=True, runtime=0.90s, PAR-2=0.90s
[DEBUG] Processing 1189/2482: QF_NRA/meti-tarski/atan/problem/2/weakT/atan-problem-2-weakT-chunk-0026.smt2
[DEBUG] Predicted solver: Z3alpha for benchmark QF_NRA/meti-tarski/atan/problem/2/weakT/atan-problem-2-weakT-chunk-0026.smt2
[DEBUG] Benchmark QF_NRA/meti-tarski/atan/problem/2/weakT/atan-problem-2-weakT-chunk-0026.smt2: solved=True, runtime=0.27s, PAR-2=0.27s
[DEBUG] Processing 1190/2482: QF_NRA/20161105-Sturm-MBO/mbo_E3E7.smt2
[DEBUG] Predicted solver: SMTInterpol for benchmark QF_NRA/20161105-Sturm-MBO/mbo_E3E7.smt2
[DEBUG] Benchmark QF_NRA/20161105-Sturm-MBO/mbo_E3E7.smt2: solved=True, runtime=1.57s, PAR-2=1.57s
[DEBUG] Processing 1191/2482: QF_NRA/LassoRanker/CooperatingT2/bubblesort_inner_loop.t2.c_Iteration1_Loop_3-pieceTemplate.smt2
[DEBUG] Predicted solver: SMTInterpol for benchmark QF_NRA/LassoRanker/CooperatingT2/bubblesort_inner_loop.t2.c_Iteration1_Loop_3-pieceTemplate.smt2
[DEBUG] Benchmark QF_NRA/LassoRanker/CooperatingT2/bubblesort_inner_loop.t2.c_Iteration1_Loop_3-pieceTemplate.smt2: solved=True, runtime=1.27s, PAR-2=1.27s
[DEBUG] Processing 1192/2482: QF_NRA/meti-tarski/sqrt/1mcosq/8/sqrt-1mcosq-8-chunk-0243.smt2
[DEBUG] Predicted solver: Z3alpha for benchmark QF_NRA/meti-tarski/sqrt/1mcosq/8/sqrt-1mcosq-8-chunk-0243.smt2
[DEBUG] Benchmark QF_NRA/meti-tarski/sqrt/1mcosq/8/sqrt-1mcosq-8-chunk-0243.smt2: solved=True, runtime=0.28s, PAR-2=0.28s
[DEBUG] Processing 1193/2482: QF_NRA/hycomp/ball_count_2d_slope.10.seq_lazy_lemmas_global_5.smt2
[DEBUG] Predicted solver: SMTInterpol for benchmark QF_NRA/hycomp/ball_count_2d_slope.10.seq_lazy_lemmas_global_5.smt2
[DEBUG] Benchmark QF_NRA/hycomp/ball_count_2d_slope.10.seq_lazy_lemmas_global_5.smt2: solved=True, runtime=1.05s, PAR-2=1.05s
[DEBUG] Processing 1194/2482: QF_NRA/hycomp/ball_count_2d_slope.03.seq_lazy_linear_enc_lemmas_global_5.smt2
[DEBUG] Predicted solver: SMTInterpol for benchmark QF_NRA/hycomp/ball_count_2d_slope.03.seq_lazy_linear_enc_lemmas_global_5.smt2
[DEBUG] Benchmark QF_NRA/hycomp/ball_count_2d_slope.03.seq_lazy_linear_enc_lemmas_global_5.smt2: solved=True, runtime=0.97s, PAR-2=0.97s
[DEBUG] Processing 1195/2482: QF_NRA/meti-tarski/Lyapunov/Lyapunov1a-chunk-0018.smt2
[DEBUG] Predicted solver: Z3alpha for benchmark QF_NRA/meti-tarski/Lyapunov/Lyapunov1a-chunk-0018.smt2
[DEBUG] Benchmark QF_NRA/meti-tarski/Lyapunov/Lyapunov1a-chunk-0018.smt2: solved=True, runtime=0.36s, PAR-2=0.36s
[DEBUG] Processing 1196/2482: QF_NRA/LassoRanker/CooperatingT2/polyrank5.t2.c_Iteration1_Loop_7-phaseTemplate.smt2
[DEBUG] Predicted solver: SMTInterpol for benchmark QF_NRA/LassoRanker/CooperatingT2/polyrank5.t2.c_Iteration1_Loop_7-phaseTemplate.smt2
[DEBUG] Benchmark QF_NRA/LassoRanker/CooperatingT2/polyrank5.t2.c_Iteration1_Loop_7-phaseTemplate.smt2: solved=True, runtime=0.77s, PAR-2=0.77s
[DEBUG] Processing 1197/2482: QF_NRA/hycomp/ball_count_2d_hill.03.seq_lazy_linear_enc_lemmas_global_7.smt2
[DEBUG] Predicted solver: SMTInterpol for benchmark QF_NRA/hycomp/ball_count_2d_hill.03.seq_lazy_linear_enc_lemmas_global_7.smt2
[DEBUG] Benchmark QF_NRA/hycomp/ball_count_2d_hill.03.seq_lazy_linear_enc_lemmas_global_7.smt2: solved=True, runtime=0.96s, PAR-2=0.96s
[DEBUG] Processing 1198/2482: QF_NRA/meti-tarski/sqrt/1mcosq/7/sqrt-1mcosq-7-chunk-0213.smt2
[DEBUG] Predicted solver: Z3alpha for benchmark QF_NRA/meti-tarski/sqrt/1mcosq/7/sqrt-1mcosq-7-chunk-0213.smt2
[DEBUG] Benchmark QF_NRA/meti-tarski/sqrt/1mcosq/7/sqrt-1mcosq-7-chunk-0213.smt2: solved=True, runtime=0.28s, PAR-2=0.28s
[DEBUG] Processing 1199/2482: QF_NRA/hycomp/ball_count_2d_plain.05.seq_lazy_linear_enc_global_9.smt2
[DEBUG] Predicted solver: SMTInterpol for benchmark QF_NRA/hycomp/ball_count_2d_plain.05.seq_lazy_linear_enc_global_9.smt2
[DEBUG] Benchmark QF_NRA/hycomp/ball_count_2d_plain.05.seq_lazy_linear_enc_global_9.smt2: solved=True, runtime=0.87s, PAR-2=0.87s
[DEBUG] Processing 1200/2482: QF_NRA/meti-tarski/sqrt/1mcosq/8/sqrt-1mcosq-8-chunk-0445.smt2
[DEBUG] Predicted solver: Z3alpha for benchmark QF_NRA/meti-tarski/sqrt/1mcosq/8/sqrt-1mcosq-8-chunk-0445.smt2
[DEBUG] Benchmark QF_NRA/meti-tarski/sqrt/1mcosq/8/sqrt-1mcosq-8-chunk-0445.smt2: solved=True, runtime=0.30s, PAR-2=0.30s
[DEBUG] Processing 1201/2482: QF_NRA/meti-tarski/sqrt/1mcosq/7/sqrt-1mcosq-7-chunk-0135.smt2
[DEBUG] Predicted solver: Yices2 for benchmark QF_NRA/meti-tarski/sqrt/1mcosq/7/sqrt-1mcosq-7-chunk-0135.smt2
[DEBUG] Benchmark QF_NRA/meti-tarski/sqrt/1mcosq/7/sqrt-1mcosq-7-chunk-0135.smt2: solved=True, runtime=0.25s, PAR-2=0.25s
[DEBUG] Processing 1202/2482: QF_NRA/meti-tarski/sin/cos/sin-cos-346-b-chunk-0549.smt2
[DEBUG] Predicted solver: Z3alpha for benchmark QF_NRA/meti-tarski/sin/cos/sin-cos-346-b-chunk-0549.smt2
[DEBUG] Benchmark QF_NRA/meti-tarski/sin/cos/sin-cos-346-b-chunk-0549.smt2: solved=True, runtime=0.27s, PAR-2=0.27s
[DEBUG] Processing 1203/2482: QF_NRA/20161105-Sturm-MBO/mbo_E10E12.smt2
[DEBUG] Predicted solver: SMTInterpol for benchmark QF_NRA/20161105-Sturm-MBO/mbo_E10E12.smt2
[DEBUG] Benchmark QF_NRA/20161105-Sturm-MBO/mbo_E10E12.smt2: solved=True, runtime=0.80s, PAR-2=0.80s
[DEBUG] Processing 1204/2482: QF_NRA/meti-tarski/exp/problem/10/2/exp-problem-10-2-chunk-0092.smt2
[DEBUG] Predicted solver: Z3alpha for benchmark QF_NRA/meti-tarski/exp/problem/10/2/exp-problem-10-2-chunk-0092.smt2
[DEBUG] Benchmark QF_NRA/meti-tarski/exp/problem/10/2/exp-problem-10-2-chunk-0092.smt2: solved=True, runtime=0.27s, PAR-2=0.27s
[DEBUG] Processing 1205/2482: QF_NRA/meti-tarski/sqrt/problem/13/sqrt1/sqrt-problem-13-sqrt1-chunk-0065.smt2
[DEBUG] Predicted solver: Z3alpha for benchmark QF_NRA/meti-tarski/sqrt/problem/13/sqrt1/sqrt-problem-13-sqrt1-chunk-0065.smt2
[DEBUG] Benchmark QF_NRA/meti-tarski/sqrt/problem/13/sqrt1/sqrt-problem-13-sqrt1-chunk-0065.smt2: solved=True, runtime=0.27s, PAR-2=0.27s
[DEBUG] Processing 1206/2482: QF_NRA/hycomp/ball_count_1d_plain.10.seq_lazy_lemmas_global_15.smt2
[DEBUG] Predicted solver: Yices2 for benchmark QF_NRA/hycomp/ball_count_1d_plain.10.seq_lazy_lemmas_global_15.smt2
[DEBUG] Benchmark QF_NRA/hycomp/ball_count_1d_plain.10.seq_lazy_lemmas_global_15.smt2: solved=True, runtime=0.22s, PAR-2=0.22s
[DEBUG] Processing 1207/2482: QF_NRA/hycomp/ball_count_2d_plain.01.seq_lazy_lemmas_global_6.smt2
[DEBUG] Predicted solver: SMTInterpol for benchmark QF_NRA/hycomp/ball_count_2d_plain.01.seq_lazy_lemmas_global_6.smt2
[DEBUG] Benchmark QF_NRA/hycomp/ball_count_2d_plain.01.seq_lazy_lemmas_global_6.smt2: solved=True, runtime=0.80s, PAR-2=0.80s
[DEBUG] Processing 1208/2482: QF_NRA/meti-tarski/atan/problem/2/sqrt/atan-problem-2-sqrt-chunk-0045.smt2
[DEBUG] Predicted solver: Z3alpha for benchmark QF_NRA/meti-tarski/atan/problem/2/sqrt/atan-problem-2-sqrt-chunk-0045.smt2
[DEBUG] Benchmark QF_NRA/meti-tarski/atan/problem/2/sqrt/atan-problem-2-sqrt-chunk-0045.smt2: solved=True, runtime=0.27s, PAR-2=0.27s
[DEBUG] Processing 1209/2482: QF_NRA/20220314-Uncu/Rational_Function_Proof_Calls_With_Basic_Denominator_Simplifications/BDC_ProveIneq_Mitrinovic_8_4.smt2
[DEBUG] Predicted solver: Yices2 for benchmark QF_NRA/20220314-Uncu/Rational_Function_Proof_Calls_With_Basic_Denominator_Simplifications/BDC_ProveIneq_Mitrinovic_8_4.smt2
[DEBUG] Benchmark QF_NRA/20220314-Uncu/Rational_Function_Proof_Calls_With_Basic_Denominator_Simplifications/BDC_ProveIneq_Mitrinovic_8_4.smt2: solved=True, runtime=0.26s, PAR-2=0.26s
[DEBUG] Processing 1210/2482: QF_NRA/LassoRanker/Ultimate/2013POPL-BenAmGen-Ex3.6.bpl_Iteration1_Loop_3-pieceTemplate.smt2
[DEBUG] Predicted solver: SMTInterpol for benchmark QF_NRA/LassoRanker/Ultimate/2013POPL-BenAmGen-Ex3.6.bpl_Iteration1_Loop_3-pieceTemplate.smt2
[DEBUG] Benchmark QF_NRA/LassoRanker/Ultimate/2013POPL-BenAmGen-Ex3.6.bpl_Iteration1_Loop_3-pieceTemplate.smt2: solved=True, runtime=0.72s, PAR-2=0.72s
[DEBUG] Processing 1211/2482: QF_NRA/hycomp/ball_count_2d_plain.10.seq_lazy_linear_enc_global_14.smt2
[DEBUG] Predicted solver: SMTInterpol for benchmark QF_NRA/hycomp/ball_count_2d_plain.10.seq_lazy_linear_enc_global_14.smt2
[DEBUG] Benchmark QF_NRA/hycomp/ball_count_2d_plain.10.seq_lazy_linear_enc_global_14.smt2: solved=True, runtime=1.16s, PAR-2=1.16s
[DEBUG] Processing 1212/2482: QF_NRA/meti-tarski/Chua/2/VC1/L/Chua-2-VC1-L-chunk-0072.smt2
[DEBUG] Predicted solver: Z3alpha for benchmark QF_NRA/meti-tarski/Chua/2/VC1/L/Chua-2-VC1-L-chunk-0072.smt2
[DEBUG] Benchmark QF_NRA/meti-tarski/Chua/2/VC1/L/Chua-2-VC1-L-chunk-0072.smt2: solved=True, runtime=0.28s, PAR-2=0.28s
[DEBUG] Processing 1213/2482: QF_NRA/20211101-Geogebra/RegOctagon-ProductDiagonals_CircumRadius.smt2
[DEBUG] Predicted solver: SMTInterpol for benchmark QF_NRA/20211101-Geogebra/RegOctagon-ProductDiagonals_CircumRadius.smt2
[DEBUG] Benchmark QF_NRA/20211101-Geogebra/RegOctagon-ProductDiagonals_CircumRadius.smt2: solved=True, runtime=0.47s, PAR-2=0.47s
[DEBUG] Processing 1214/2482: QF_NRA/20180501-Economics-Mulligan/MulliganEconomicsModel0067e.smt2
[DEBUG] Predicted solver: SMTInterpol for benchmark QF_NRA/20180501-Economics-Mulligan/MulliganEconomicsModel0067e.smt2
[DEBUG] Benchmark QF_NRA/20180501-Economics-Mulligan/MulliganEconomicsModel0067e.smt2: solved=True, runtime=0.45s, PAR-2=0.45s
[DEBUG] Processing 1215/2482: QF_NRA/meti-tarski/Lyapunov/Lyapunov1a-chunk-0028.smt2
[DEBUG] Predicted solver: Z3alpha for benchmark QF_NRA/meti-tarski/Lyapunov/Lyapunov1a-chunk-0028.smt2
[DEBUG] Benchmark QF_NRA/meti-tarski/Lyapunov/Lyapunov1a-chunk-0028.smt2: solved=True, runtime=0.28s, PAR-2=0.28s
[DEBUG] Processing 1216/2482: QF_NRA/20170501-Heizmann-UltimateInvariantSynthesis/standard_init7_ground.i_3_2_2.bpl_3.smt2
[DEBUG] Predicted solver: SMTInterpol for benchmark QF_NRA/20170501-Heizmann-UltimateInvariantSynthesis/standard_init7_ground.i_3_2_2.bpl_3.smt2
[DEBUG] Benchmark QF_NRA/20170501-Heizmann-UltimateInvariantSynthesis/standard_init7_ground.i_3_2_2.bpl_3.smt2: solved=True, runtime=0.67s, PAR-2=0.67s
[DEBUG] Processing 1217/2482: QF_NRA/meti-tarski/exp/problem/10/2/exp-problem-10-2-chunk-0311.smt2
[DEBUG] Predicted solver: Z3alpha for benchmark QF_NRA/meti-tarski/exp/problem/10/2/exp-problem-10-2-chunk-0311.smt2
[DEBUG] Benchmark QF_NRA/meti-tarski/exp/problem/10/2/exp-problem-10-2-chunk-0311.smt2: solved=True, runtime=0.27s, PAR-2=0.27s
[DEBUG] Processing 1218/2482: QF_NRA/meti-tarski/sin/problem/7/weak/sin-problem-7-weak-chunk-0125.smt2
[DEBUG] Predicted solver: Z3alpha for benchmark QF_NRA/meti-tarski/sin/problem/7/weak/sin-problem-7-weak-chunk-0125.smt2
[DEBUG] Benchmark QF_NRA/meti-tarski/sin/problem/7/weak/sin-problem-7-weak-chunk-0125.smt2: solved=True, runtime=0.29s, PAR-2=0.29s
[DEBUG] Processing 1219/2482: QF_NRA/hycomp/ball_count_2d_plain.04.seq_lazy_linear_enc_lemmas_global_12.smt2
[DEBUG] Predicted solver: SMTInterpol for benchmark QF_NRA/hycomp/ball_count_2d_plain.04.seq_lazy_linear_enc_lemmas_global_12.smt2
[DEBUG] Benchmark QF_NRA/hycomp/ball_count_2d_plain.04.seq_lazy_linear_enc_lemmas_global_12.smt2: solved=True, runtime=0.93s, PAR-2=0.93s
[DEBUG] Processing 1220/2482: QF_NRA/hycomp/ball_count_2d_hill.04.redlog_global_15.smt2
[DEBUG] Predicted solver: SMTInterpol for benchmark QF_NRA/hycomp/ball_count_2d_hill.04.redlog_global_15.smt2
[DEBUG] Benchmark QF_NRA/hycomp/ball_count_2d_hill.04.redlog_global_15.smt2: solved=True, runtime=1.84s, PAR-2=1.84s
[DEBUG] Processing 1221/2482: QF_NRA/hycomp/ball_count_1d_plain.03.qfree_global_15.smt2
[DEBUG] Predicted solver: Yices2 for benchmark QF_NRA/hycomp/ball_count_1d_plain.03.qfree_global_15.smt2
[DEBUG] Benchmark QF_NRA/hycomp/ball_count_1d_plain.03.qfree_global_15.smt2: solved=True, runtime=0.23s, PAR-2=0.23s
[DEBUG] Processing 1222/2482: QF_NRA/meti-tarski/atan/vega/3/atan-vega-3-chunk-0470.smt2
[DEBUG] Predicted solver: Z3alpha for benchmark QF_NRA/meti-tarski/atan/vega/3/atan-vega-3-chunk-0470.smt2
[DEBUG] Benchmark QF_NRA/meti-tarski/atan/vega/3/atan-vega-3-chunk-0470.smt2: solved=True, runtime=0.27s, PAR-2=0.27s
[DEBUG] Processing 1223/2482: QF_NRA/20220314-Uncu/Rational_Function_Proof_Calls_With_Disjunctive_Denominator_Simplifications/DDC_ProveIneq_ISSAC10_ex3c.smt2
[DEBUG] Predicted solver: Z3alpha for benchmark QF_NRA/20220314-Uncu/Rational_Function_Proof_Calls_With_Disjunctive_Denominator_Simplifications/DDC_ProveIneq_ISSAC10_ex3c.smt2
[DEBUG] Benchmark QF_NRA/20220314-Uncu/Rational_Function_Proof_Calls_With_Disjunctive_Denominator_Simplifications/DDC_ProveIneq_ISSAC10_ex3c.smt2: solved=True, runtime=0.32s, PAR-2=0.32s
[DEBUG] Processing 1224/2482: QF_NRA/LassoRanker/CooperatingT2/eric2.t2.c_Iteration9_Loop_4-pieceTemplate.smt2
[DEBUG] Predicted solver: SMTInterpol for benchmark QF_NRA/LassoRanker/CooperatingT2/eric2.t2.c_Iteration9_Loop_4-pieceTemplate.smt2
[DEBUG] Benchmark QF_NRA/LassoRanker/CooperatingT2/eric2.t2.c_Iteration9_Loop_4-pieceTemplate.smt2: solved=True, runtime=1.38s, PAR-2=1.38s
[DEBUG] Processing 1225/2482: QF_NRA/hycomp/etcs_braking_2.01.redlog_global_13.smt2
[DEBUG] Predicted solver: SMTInterpol for benchmark QF_NRA/hycomp/etcs_braking_2.01.redlog_global_13.smt2
[DEBUG] Benchmark QF_NRA/hycomp/etcs_braking_2.01.redlog_global_13.smt2: solved=True, runtime=2.10s, PAR-2=2.10s
[DEBUG] Processing 1226/2482: QF_NRA/hycomp/ball_count_2d_hill.05.seq_lazy_linear_enc_lemmas_global_6.smt2
[DEBUG] Predicted solver: SMTInterpol for benchmark QF_NRA/hycomp/ball_count_2d_hill.05.seq_lazy_linear_enc_lemmas_global_6.smt2
[DEBUG] Benchmark QF_NRA/hycomp/ball_count_2d_hill.05.seq_lazy_linear_enc_lemmas_global_6.smt2: solved=True, runtime=0.97s, PAR-2=0.97s
[DEBUG] Processing 1227/2482: QF_NRA/meti-tarski/sin/cos/sin-cos-346-b-chunk-0286.smt2
[DEBUG] Predicted solver: Z3alpha for benchmark QF_NRA/meti-tarski/sin/cos/sin-cos-346-b-chunk-0286.smt2
[DEBUG] Benchmark QF_NRA/meti-tarski/sin/cos/sin-cos-346-b-chunk-0286.smt2: solved=True, runtime=0.27s, PAR-2=0.27s
[DEBUG] Processing 1228/2482: QF_NRA/LassoRanker/SV-COMP/KroeningSharyginaTsitovichWintersteiger-2010CAV-Fig1_true-termination.c_Iteration1_Lasso_7-nestedTemplate.smt2
[DEBUG] Predicted solver: Z3alpha for benchmark QF_NRA/LassoRanker/SV-COMP/KroeningSharyginaTsitovichWintersteiger-2010CAV-Fig1_true-termination.c_Iteration1_Lasso_7-nestedTemplate.smt2
[DEBUG] Benchmark QF_NRA/LassoRanker/SV-COMP/KroeningSharyginaTsitovichWintersteiger-2010CAV-Fig1_true-termination.c_Iteration1_Lasso_7-nestedTemplate.smt2: solved=True, runtime=30.43s, PAR-2=30.43s
[DEBUG] Processing 1229/2482: QF_NRA/meti-tarski/exp/problem/10/2/exp-problem-10-2-chunk-0189.smt2
[DEBUG] Predicted solver: Z3alpha for benchmark QF_NRA/meti-tarski/exp/problem/10/2/exp-problem-10-2-chunk-0189.smt2
[DEBUG] Benchmark QF_NRA/meti-tarski/exp/problem/10/2/exp-problem-10-2-chunk-0189.smt2: solved=True, runtime=0.27s, PAR-2=0.27s
[DEBUG] Processing 1230/2482: QF_NRA/meti-tarski/Chua/2/IL/L/Chua-2-IL-L-chunk-0012.smt2
[DEBUG] Predicted solver: Z3alpha for benchmark QF_NRA/meti-tarski/Chua/2/IL/L/Chua-2-IL-L-chunk-0012.smt2
[DEBUG] Benchmark QF_NRA/meti-tarski/Chua/2/IL/L/Chua-2-IL-L-chunk-0012.smt2: solved=True, runtime=0.27s, PAR-2=0.27s
[DEBUG] Processing 1231/2482: QF_NRA/meti-tarski/polypaver/bench-sqrt-3d/polypaver-bench-sqrt-3d-chunk-0480.smt2
[DEBUG] Predicted solver: Z3alpha for benchmark QF_NRA/meti-tarski/polypaver/bench-sqrt-3d/polypaver-bench-sqrt-3d-chunk-0480.smt2
[DEBUG] Benchmark QF_NRA/meti-tarski/polypaver/bench-sqrt-3d/polypaver-bench-sqrt-3d-chunk-0480.smt2: solved=True, runtime=0.27s, PAR-2=0.27s
[DEBUG] Processing 1232/2482: QF_NRA/hycomp/ball_count_1d_plain.01.qfree_global_2.smt2
[DEBUG] Predicted solver: SMTInterpol for benchmark QF_NRA/hycomp/ball_count_1d_plain.01.qfree_global_2.smt2
[DEBUG] Benchmark QF_NRA/hycomp/ball_count_1d_plain.01.qfree_global_2.smt2: solved=True, runtime=0.54s, PAR-2=0.54s
[DEBUG] Processing 1233/2482: QF_NRA/20220314-Uncu/Rational_Function_Proof_Calls_With_Disjunctive_Denominator_Simplifications/DDC_ProveIneq_ISSAC05_Mitrinovic_7_31.smt2
[DEBUG] Predicted solver: Z3alpha for benchmark QF_NRA/20220314-Uncu/Rational_Function_Proof_Calls_With_Disjunctive_Denominator_Simplifications/DDC_ProveIneq_ISSAC05_Mitrinovic_7_31.smt2
[DEBUG] Benchmark QF_NRA/20220314-Uncu/Rational_Function_Proof_Calls_With_Disjunctive_Denominator_Simplifications/DDC_ProveIneq_ISSAC05_Mitrinovic_7_31.smt2: solved=True, runtime=0.27s, PAR-2=0.27s
[DEBUG] Processing 1234/2482: QF_NRA/20161105-Sturm-MBO/mbo_E12E15.smt2
[DEBUG] Predicted solver: SMTInterpol for benchmark QF_NRA/20161105-Sturm-MBO/mbo_E12E15.smt2
[DEBUG] Benchmark QF_NRA/20161105-Sturm-MBO/mbo_E12E15.smt2: solved=True, runtime=0.85s, PAR-2=0.85s
[DEBUG] Processing 1235/2482: QF_NRA/20200911-Pine/1599121977963106000.smt2
[DEBUG] Predicted solver: Z3alpha for benchmark QF_NRA/20200911-Pine/1599121977963106000.smt2
[DEBUG] Benchmark QF_NRA/20200911-Pine/1599121977963106000.smt2: solved=True, runtime=0.27s, PAR-2=0.27s
[DEBUG] Processing 1236/2482: QF_NRA/hycomp/ball_count_2d_hill.03.seq_lazy_linear_enc_lemmas_global_13.smt2
[DEBUG] Predicted solver: SMTInterpol for benchmark QF_NRA/hycomp/ball_count_2d_hill.03.seq_lazy_linear_enc_lemmas_global_13.smt2
[DEBUG] Benchmark QF_NRA/hycomp/ball_count_2d_hill.03.seq_lazy_linear_enc_lemmas_global_13.smt2: solved=True, runtime=1.22s, PAR-2=1.22s
[DEBUG] Processing 1237/2482: QF_NRA/20220314-Uncu/Rational_Function_Proof_Calls_With_Basic_Denominator_Simplifications/BDC_ProveIneq_Mitrinovic_4_1.smt2
[DEBUG] Predicted solver: Yices2 for benchmark QF_NRA/20220314-Uncu/Rational_Function_Proof_Calls_With_Basic_Denominator_Simplifications/BDC_ProveIneq_Mitrinovic_4_1.smt2
[DEBUG] Benchmark QF_NRA/20220314-Uncu/Rational_Function_Proof_Calls_With_Basic_Denominator_Simplifications/BDC_ProveIneq_Mitrinovic_4_1.smt2: solved=True, runtime=0.22s, PAR-2=0.22s
[DEBUG] Processing 1238/2482: QF_NRA/hycomp/ball_count_2d_hill.10.seq_lazy_linear_enc_global_8.smt2
[DEBUG] Predicted solver: SMTInterpol for benchmark QF_NRA/hycomp/ball_count_2d_hill.10.seq_lazy_linear_enc_global_8.smt2
[DEBUG] Benchmark QF_NRA/hycomp/ball_count_2d_hill.10.seq_lazy_linear_enc_global_8.smt2: solved=True, runtime=0.93s, PAR-2=0.93s
[DEBUG] Processing 1239/2482: QF_NRA/meti-tarski/Chua/2/VC2/L/Chua-2-VC2-L-chunk-0016.smt2
[DEBUG] Predicted solver: Z3alpha for benchmark QF_NRA/meti-tarski/Chua/2/VC2/L/Chua-2-VC2-L-chunk-0016.smt2
[DEBUG] Benchmark QF_NRA/meti-tarski/Chua/2/VC2/L/Chua-2-VC2-L-chunk-0016.smt2: solved=True, runtime=0.27s, PAR-2=0.27s
[DEBUG] Processing 1240/2482: QF_NRA/meti-tarski/exp/problem/10/2/exp-problem-10-2-chunk-0244.smt2
[DEBUG] Predicted solver: Z3alpha for benchmark QF_NRA/meti-tarski/exp/problem/10/2/exp-problem-10-2-chunk-0244.smt2
[DEBUG] Benchmark QF_NRA/meti-tarski/exp/problem/10/2/exp-problem-10-2-chunk-0244.smt2: solved=True, runtime=0.27s, PAR-2=0.27s
[DEBUG] Processing 1241/2482: QF_NRA/20220314-Uncu/Rational_Function_Proof_Calls_With_Disjunctive_Denominator_Simplifications/DDC_ProveIneq_ISSAC10_ex2c.smt2
[DEBUG] Predicted solver: Z3alpha for benchmark QF_NRA/20220314-Uncu/Rational_Function_Proof_Calls_With_Disjunctive_Denominator_Simplifications/DDC_ProveIneq_ISSAC10_ex2c.smt2
[DEBUG] Benchmark QF_NRA/20220314-Uncu/Rational_Function_Proof_Calls_With_Disjunctive_Denominator_Simplifications/DDC_ProveIneq_ISSAC10_ex2c.smt2: solved=True, runtime=0.27s, PAR-2=0.27s
[DEBUG] Processing 1242/2482: QF_NRA/meti-tarski/atan/problem/2/atan-problem-2-chunk-0073.smt2
[DEBUG] Predicted solver: Z3alpha for benchmark QF_NRA/meti-tarski/atan/problem/2/atan-problem-2-chunk-0073.smt2
[DEBUG] Benchmark QF_NRA/meti-tarski/atan/problem/2/atan-problem-2-chunk-0073.smt2: solved=True, runtime=0.27s, PAR-2=0.27s
[DEBUG] Processing 1243/2482: QF_NRA/zankl/matrix-3-all-9.smt2
[DEBUG] Predicted solver: SMTInterpol for benchmark QF_NRA/zankl/matrix-3-all-9.smt2
[DEBUG] Benchmark QF_NRA/zankl/matrix-3-all-9.smt2: solved=True, runtime=1.13s, PAR-2=1.13s
[DEBUG] Processing 1244/2482: QF_NRA/hycomp/ball_count_2d_slope.05.seq_lazy_global_8.smt2
[DEBUG] Predicted solver: SMTInterpol for benchmark QF_NRA/hycomp/ball_count_2d_slope.05.seq_lazy_global_8.smt2
[DEBUG] Benchmark QF_NRA/hycomp/ball_count_2d_slope.05.seq_lazy_global_8.smt2: solved=True, runtime=1.14s, PAR-2=1.14s
[DEBUG] Processing 1245/2482: QF_NRA/meti-tarski/atan/problem/2/weakT/atan-problem-2-weakT-chunk-0058.smt2
[DEBUG] Predicted solver: Z3alpha for benchmark QF_NRA/meti-tarski/atan/problem/2/weakT/atan-problem-2-weakT-chunk-0058.smt2
[DEBUG] Benchmark QF_NRA/meti-tarski/atan/problem/2/weakT/atan-problem-2-weakT-chunk-0058.smt2: solved=True, runtime=0.30s, PAR-2=0.30s
[DEBUG] Processing 1246/2482: QF_NRA/LassoRanker/CooperatingT2/bsort100.t2.c_Iteration12_Loop_4-pieceTemplate.smt2
[DEBUG] Predicted solver: SMTInterpol for benchmark QF_NRA/LassoRanker/CooperatingT2/bsort100.t2.c_Iteration12_Loop_4-pieceTemplate.smt2
[DEBUG] Benchmark QF_NRA/LassoRanker/CooperatingT2/bsort100.t2.c_Iteration12_Loop_4-pieceTemplate.smt2: solved=True, runtime=1.77s, PAR-2=1.77s
[DEBUG] Processing 1247/2482: QF_NRA/meti-tarski/asin/8/vars4/asin-8-vars4-chunk-0035.smt2
[DEBUG] Predicted solver: Z3alpha for benchmark QF_NRA/meti-tarski/asin/8/vars4/asin-8-vars4-chunk-0035.smt2
[DEBUG] Benchmark QF_NRA/meti-tarski/asin/8/vars4/asin-8-vars4-chunk-0035.smt2: solved=True, runtime=0.27s, PAR-2=0.27s
[DEBUG] Processing 1248/2482: QF_NRA/hycomp/ball_count_1d_plain.05.seq_lazy_linear_enc_global_10.smt2
[DEBUG] Predicted solver: SMTInterpol for benchmark QF_NRA/hycomp/ball_count_1d_plain.05.seq_lazy_linear_enc_global_10.smt2
[DEBUG] Benchmark QF_NRA/hycomp/ball_count_1d_plain.05.seq_lazy_linear_enc_global_10.smt2: solved=True, runtime=0.83s, PAR-2=0.83s
[DEBUG] Processing 1249/2482: QF_NRA/meti-tarski/atan/problem/2/weak/atan-problem-2-weak-chunk-0147.smt2
[DEBUG] Predicted solver: Z3alpha for benchmark QF_NRA/meti-tarski/atan/problem/2/weak/atan-problem-2-weak-chunk-0147.smt2
[DEBUG] Benchmark QF_NRA/meti-tarski/atan/problem/2/weak/atan-problem-2-weak-chunk-0147.smt2: solved=True, runtime=0.27s, PAR-2=0.27s
[DEBUG] Processing 1250/2482: QF_NRA/hycomp/ball_count_2d_hill_simple.01.seq_lazy_linear_enc_global_15.smt2
[DEBUG] Predicted solver: Yices2 for benchmark QF_NRA/hycomp/ball_count_2d_hill_simple.01.seq_lazy_linear_enc_global_15.smt2
[DEBUG] Benchmark QF_NRA/hycomp/ball_count_2d_hill_simple.01.seq_lazy_linear_enc_global_15.smt2: solved=True, runtime=0.23s, PAR-2=0.23s
[DEBUG] Processing 1251/2482: QF_NRA/hycomp/ball_count_1d_plain.02.redlog_global_10.smt2
[DEBUG] Predicted solver: SMTInterpol for benchmark QF_NRA/hycomp/ball_count_1d_plain.02.redlog_global_10.smt2
[DEBUG] Benchmark QF_NRA/hycomp/ball_count_1d_plain.02.redlog_global_10.smt2: solved=True, runtime=0.90s, PAR-2=0.90s
[DEBUG] Processing 1252/2482: QF_NRA/hycomp/ball_count_2d_slope.02.seq_lazy_global_5.smt2
[DEBUG] Predicted solver: SMTInterpol for benchmark QF_NRA/hycomp/ball_count_2d_slope.02.seq_lazy_global_5.smt2
[DEBUG] Benchmark QF_NRA/hycomp/ball_count_2d_slope.02.seq_lazy_global_5.smt2: solved=True, runtime=0.91s, PAR-2=0.91s
[DEBUG] Processing 1253/2482: QF_NRA/hycomp/ball_count_1d_plain.04.seq_lazy_global_10.smt2
[DEBUG] Predicted solver: SMTInterpol for benchmark QF_NRA/hycomp/ball_count_1d_plain.04.seq_lazy_global_10.smt2
[DEBUG] Benchmark QF_NRA/hycomp/ball_count_1d_plain.04.seq_lazy_global_10.smt2: solved=True, runtime=0.83s, PAR-2=0.83s
[DEBUG] Processing 1254/2482: QF_NRA/meti-tarski/atan/problem/2/weak/atan-problem-2-weak-chunk-0028.smt2
[DEBUG] Predicted solver: Z3alpha for benchmark QF_NRA/meti-tarski/atan/problem/2/weak/atan-problem-2-weak-chunk-0028.smt2
[DEBUG] Benchmark QF_NRA/meti-tarski/atan/problem/2/weak/atan-problem-2-weak-chunk-0028.smt2: solved=True, runtime=0.27s, PAR-2=0.27s
[DEBUG] Processing 1255/2482: QF_NRA/hycomp/ball_count_2d_hill_simple.01.qfree_global_14.smt2
[DEBUG] Predicted solver: Yices2 for benchmark QF_NRA/hycomp/ball_count_2d_hill_simple.01.qfree_global_14.smt2
[DEBUG] Benchmark QF_NRA/hycomp/ball_count_2d_hill_simple.01.qfree_global_14.smt2: solved=True, runtime=0.23s, PAR-2=0.23s
[DEBUG] Processing 1256/2482: QF_NRA/20240407-pPDA-Chiari-Pontiggia-Winkler/certificate_hints/call_ret_loop_2_POMC_hints.smt2
[DEBUG] Predicted solver: SMTInterpol for benchmark QF_NRA/20240407-pPDA-Chiari-Pontiggia-Winkler/certificate_hints/call_ret_loop_2_POMC_hints.smt2
[DEBUG] Benchmark QF_NRA/20240407-pPDA-Chiari-Pontiggia-Winkler/certificate_hints/call_ret_loop_2_POMC_hints.smt2: solved=True, runtime=0.50s, PAR-2=0.50s
[DEBUG] Processing 1257/2482: QF_NRA/hycomp/ball_count_2d_plain.04.seq_lazy_linear_enc_global_10.smt2
[DEBUG] Predicted solver: SMTInterpol for benchmark QF_NRA/hycomp/ball_count_2d_plain.04.seq_lazy_linear_enc_global_10.smt2
[DEBUG] Benchmark QF_NRA/hycomp/ball_count_2d_plain.04.seq_lazy_linear_enc_global_10.smt2: solved=True, runtime=0.89s, PAR-2=0.89s
[DEBUG] Processing 1258/2482: QF_NRA/meti-tarski/Chua/2/IL/U/Chua-2-IL-U-chunk-0099.smt2
[DEBUG] Predicted solver: Z3alpha for benchmark QF_NRA/meti-tarski/Chua/2/IL/U/Chua-2-IL-U-chunk-0099.smt2
[DEBUG] Benchmark QF_NRA/meti-tarski/Chua/2/IL/U/Chua-2-IL-U-chunk-0099.smt2: solved=True, runtime=0.28s, PAR-2=0.28s
[DEBUG] Processing 1259/2482: QF_NRA/LassoRanker/Ultimate/GcdNew.bpl_Iteration1_Lasso_3-pieceTemplate.smt2
[DEBUG] Predicted solver: SMTInterpol for benchmark QF_NRA/LassoRanker/Ultimate/GcdNew.bpl_Iteration1_Lasso_3-pieceTemplate.smt2
[DEBUG] Benchmark QF_NRA/LassoRanker/Ultimate/GcdNew.bpl_Iteration1_Lasso_3-pieceTemplate.smt2: solved=True, runtime=8.83s, PAR-2=8.83s
[DEBUG] Processing 1260/2482: QF_NRA/meti-tarski/CMOS/CMOS-opamp-chunk-0131.smt2
[DEBUG] Predicted solver: Z3alpha for benchmark QF_NRA/meti-tarski/CMOS/CMOS-opamp-chunk-0131.smt2
[DEBUG] Benchmark QF_NRA/meti-tarski/CMOS/CMOS-opamp-chunk-0131.smt2: solved=True, runtime=0.33s, PAR-2=0.33s
[DEBUG] Processing 1261/2482: QF_NRA/meti-tarski/sqrt/1mcosq/8/sqrt-1mcosq-8-chunk-0698.smt2
[DEBUG] Predicted solver: Z3alpha for benchmark QF_NRA/meti-tarski/sqrt/1mcosq/8/sqrt-1mcosq-8-chunk-0698.smt2
[DEBUG] Benchmark QF_NRA/meti-tarski/sqrt/1mcosq/8/sqrt-1mcosq-8-chunk-0698.smt2: solved=True, runtime=0.31s, PAR-2=0.31s
[DEBUG] Processing 1262/2482: QF_NRA/20211101-Geogebra/IsoRightTriangle-Bottema1_3a.smt2
[DEBUG] Predicted solver: Z3alpha for benchmark QF_NRA/20211101-Geogebra/IsoRightTriangle-Bottema1_3a.smt2
[DEBUG] Benchmark QF_NRA/20211101-Geogebra/IsoRightTriangle-Bottema1_3a.smt2: solved=True, runtime=0.27s, PAR-2=0.27s
[DEBUG] Processing 1263/2482: QF_NRA/meti-tarski/atan/vega/3/atan-vega-3-chunk-0340.smt2
[DEBUG] Predicted solver: Z3alpha for benchmark QF_NRA/meti-tarski/atan/vega/3/atan-vega-3-chunk-0340.smt2
[DEBUG] Benchmark QF_NRA/meti-tarski/atan/vega/3/atan-vega-3-chunk-0340.smt2: solved=True, runtime=0.28s, PAR-2=0.28s
[DEBUG] Processing 1264/2482: QF_NRA/20161105-Sturm-MBO/mbo_E13E21.smt2
[DEBUG] Predicted solver: SMTInterpol for benchmark QF_NRA/20161105-Sturm-MBO/mbo_E13E21.smt2
[DEBUG] Benchmark QF_NRA/20161105-Sturm-MBO/mbo_E13E21.smt2: solved=True, runtime=1.41s, PAR-2=1.41s
[DEBUG] Processing 1265/2482: QF_NRA/meti-tarski/sqrt/problem/13/sqrt1/sqrt-problem-13-sqrt1-chunk-0032.smt2
[DEBUG] Predicted solver: Z3alpha for benchmark QF_NRA/meti-tarski/sqrt/problem/13/sqrt1/sqrt-problem-13-sqrt1-chunk-0032.smt2
[DEBUG] Benchmark QF_NRA/meti-tarski/sqrt/problem/13/sqrt1/sqrt-problem-13-sqrt1-chunk-0032.smt2: solved=True, runtime=0.35s, PAR-2=0.35s
[DEBUG] Processing 1266/2482: QF_NRA/LassoRanker/Ultimate/Canberra.bpl_Iteration1_Loop_6-phaseTemplate.smt2
[DEBUG] Predicted solver: SMTInterpol for benchmark QF_NRA/LassoRanker/Ultimate/Canberra.bpl_Iteration1_Loop_6-phaseTemplate.smt2
[DEBUG] Benchmark QF_NRA/LassoRanker/Ultimate/Canberra.bpl_Iteration1_Loop_6-phaseTemplate.smt2: solved=True, runtime=3.04s, PAR-2=3.04s
[DEBUG] Processing 1267/2482: QF_NRA/hycomp/ball_count_2d_slope.05.seq_lazy_linear_enc_global_13.smt2
[DEBUG] Predicted solver: SMTInterpol for benchmark QF_NRA/hycomp/ball_count_2d_slope.05.seq_lazy_linear_enc_global_13.smt2
[DEBUG] Benchmark QF_NRA/hycomp/ball_count_2d_slope.05.seq_lazy_linear_enc_global_13.smt2: solved=True, runtime=1.25s, PAR-2=1.25s
[DEBUG] Processing 1268/2482: QF_NRA/hycomp/ball_count_2d_hill_simple.05.seq_lazy_lemmas_global_11.smt2
[DEBUG] Predicted solver: SMTInterpol for benchmark QF_NRA/hycomp/ball_count_2d_hill_simple.05.seq_lazy_lemmas_global_11.smt2
[DEBUG] Benchmark QF_NRA/hycomp/ball_count_2d_hill_simple.05.seq_lazy_lemmas_global_11.smt2: solved=True, runtime=1.03s, PAR-2=1.03s
[DEBUG] Processing 1269/2482: QF_NRA/hycomp/ball_count_2d_hill_simple.05.seq_lazy_linear_enc_lemmas_global_9.smt2
[DEBUG] Predicted solver: SMTInterpol for benchmark QF_NRA/hycomp/ball_count_2d_hill_simple.05.seq_lazy_linear_enc_lemmas_global_9.smt2
[DEBUG] Benchmark QF_NRA/hycomp/ball_count_2d_hill_simple.05.seq_lazy_linear_enc_lemmas_global_9.smt2: solved=True, runtime=0.92s, PAR-2=0.92s
[DEBUG] Processing 1270/2482: QF_NRA/20200911-Pine/1599121977140456000.smt2
[DEBUG] Predicted solver: Z3alpha for benchmark QF_NRA/20200911-Pine/1599121977140456000.smt2
[DEBUG] Benchmark QF_NRA/20200911-Pine/1599121977140456000.smt2: solved=True, runtime=0.27s, PAR-2=0.27s
[DEBUG] Processing 1271/2482: QF_NRA/meti-tarski/sqrt/1mcosq/8/sqrt-1mcosq-8-chunk-0299.smt2
[DEBUG] Predicted solver: Z3alpha for benchmark QF_NRA/meti-tarski/sqrt/1mcosq/8/sqrt-1mcosq-8-chunk-0299.smt2
[DEBUG] Benchmark QF_NRA/meti-tarski/sqrt/1mcosq/8/sqrt-1mcosq-8-chunk-0299.smt2: solved=True, runtime=0.33s, PAR-2=0.33s
[DEBUG] Processing 1272/2482: QF_NRA/meti-tarski/sin/problem/7/sin-problem-7-chunk-0198.smt2
[DEBUG] Predicted solver: Z3alpha for benchmark QF_NRA/meti-tarski/sin/problem/7/sin-problem-7-chunk-0198.smt2
[DEBUG] Benchmark QF_NRA/meti-tarski/sin/problem/7/sin-problem-7-chunk-0198.smt2: solved=True, runtime=826.99s, PAR-2=826.99s
[DEBUG] Processing 1273/2482: QF_NRA/meti-tarski/polypaver/sqrt43-int/3vars/polypaver-sqrt43-int-3vars-chunk-0086.smt2
[DEBUG] Predicted solver: Z3alpha for benchmark QF_NRA/meti-tarski/polypaver/sqrt43-int/3vars/polypaver-sqrt43-int-3vars-chunk-0086.smt2
[DEBUG] Benchmark QF_NRA/meti-tarski/polypaver/sqrt43-int/3vars/polypaver-sqrt43-int-3vars-chunk-0086.smt2: solved=True, runtime=0.27s, PAR-2=0.27s
[DEBUG] Processing 1274/2482: QF_NRA/LassoRanker/SV-COMP/Ben-Amram-2010LMCS-Ex2.3_true-termination.c_Iteration1_Loop_3-pieceTemplate.smt2
[DEBUG] Predicted solver: SMTInterpol for benchmark QF_NRA/LassoRanker/SV-COMP/Ben-Amram-2010LMCS-Ex2.3_true-termination.c_Iteration1_Loop_3-pieceTemplate.smt2
[DEBUG] Benchmark QF_NRA/LassoRanker/SV-COMP/Ben-Amram-2010LMCS-Ex2.3_true-termination.c_Iteration1_Loop_3-pieceTemplate.smt2: solved=True, runtime=4.96s, PAR-2=4.96s
[DEBUG] Processing 1275/2482: QF_NRA/meti-tarski/atan/vega/3/weak/atan-vega-3-weak-chunk-0395.smt2
[DEBUG] Predicted solver: Z3alpha for benchmark QF_NRA/meti-tarski/atan/vega/3/weak/atan-vega-3-weak-chunk-0395.smt2
[DEBUG] Benchmark QF_NRA/meti-tarski/atan/vega/3/weak/atan-vega-3-weak-chunk-0395.smt2: solved=True, runtime=0.34s, PAR-2=0.34s
[DEBUG] Processing 1276/2482: QF_NRA/LassoRanker/CooperatingT2/firewire.t2.c_Iteration1_Lasso_6-nestedTemplate.smt2
[DEBUG] Predicted solver: SMTInterpol for benchmark QF_NRA/LassoRanker/CooperatingT2/firewire.t2.c_Iteration1_Lasso_6-nestedTemplate.smt2
[DEBUG] Benchmark QF_NRA/LassoRanker/CooperatingT2/firewire.t2.c_Iteration1_Lasso_6-nestedTemplate.smt2: solved=True, runtime=6.64s, PAR-2=6.64s
[DEBUG] Processing 1277/2482: QF_NRA/hycomp/ball_count_2d_hill_simple.01.seq_lazy_linear_enc_lemmas_global_15.smt2
[DEBUG] Predicted solver: Yices2 for benchmark QF_NRA/hycomp/ball_count_2d_hill_simple.01.seq_lazy_linear_enc_lemmas_global_15.smt2
[DEBUG] Benchmark QF_NRA/hycomp/ball_count_2d_hill_simple.01.seq_lazy_linear_enc_lemmas_global_15.smt2: solved=True, runtime=0.23s, PAR-2=0.23s
[DEBUG] Processing 1278/2482: QF_NRA/hycomp/ball_count_2d_slope.10.seq_lazy_lemmas_global_10.smt2
[DEBUG] Predicted solver: SMTInterpol for benchmark QF_NRA/hycomp/ball_count_2d_slope.10.seq_lazy_lemmas_global_10.smt2
[DEBUG] Benchmark QF_NRA/hycomp/ball_count_2d_slope.10.seq_lazy_lemmas_global_10.smt2: solved=True, runtime=1.41s, PAR-2=1.41s
[DEBUG] Processing 1279/2482: QF_NRA/hycomp/etcs_braking_2.01.seq_lazy_linear_enc_lemmas_global_5.smt2
[DEBUG] Predicted solver: SMTInterpol for benchmark QF_NRA/hycomp/etcs_braking_2.01.seq_lazy_linear_enc_lemmas_global_5.smt2
[DEBUG] Benchmark QF_NRA/hycomp/etcs_braking_2.01.seq_lazy_linear_enc_lemmas_global_5.smt2: solved=True, runtime=1.06s, PAR-2=1.06s
[DEBUG] Processing 1280/2482: QF_NRA/meti-tarski/exp/problem/10/2/exp-problem-10-2-chunk-0324.smt2
[DEBUG] Predicted solver: Z3alpha for benchmark QF_NRA/meti-tarski/exp/problem/10/2/exp-problem-10-2-chunk-0324.smt2
[DEBUG] Benchmark QF_NRA/meti-tarski/exp/problem/10/2/exp-problem-10-2-chunk-0324.smt2: solved=True, runtime=0.27s, PAR-2=0.27s
[DEBUG] Processing 1281/2482: QF_NRA/hycomp/ball_count_2d_hill.04.seq_lazy_lemmas_global_12.smt2
[DEBUG] Predicted solver: SMTInterpol for benchmark QF_NRA/hycomp/ball_count_2d_hill.04.seq_lazy_lemmas_global_12.smt2
[DEBUG] Benchmark QF_NRA/hycomp/ball_count_2d_hill.04.seq_lazy_lemmas_global_12.smt2: solved=True, runtime=1.07s, PAR-2=1.07s
[DEBUG] Processing 1282/2482: QF_NRA/hycomp/ball_count_2d_slope.02.seq_lazy_lemmas_global_12.smt2
[DEBUG] Predicted solver: SMTInterpol for benchmark QF_NRA/hycomp/ball_count_2d_slope.02.seq_lazy_lemmas_global_12.smt2
[DEBUG] Benchmark QF_NRA/hycomp/ball_count_2d_slope.02.seq_lazy_lemmas_global_12.smt2: solved=True, runtime=1.35s, PAR-2=1.35s
[DEBUG] Processing 1283/2482: QF_NRA/20200911-Pine/1599121899996144000.smt2
[DEBUG] Predicted solver: Z3alpha for benchmark QF_NRA/20200911-Pine/1599121899996144000.smt2
[DEBUG] Benchmark QF_NRA/20200911-Pine/1599121899996144000.smt2: solved=True, runtime=0.29s, PAR-2=0.29s
[DEBUG] Processing 1284/2482: QF_NRA/hycomp/ball_count_2d_hill_simple.05.qfree_global_11.smt2
[DEBUG] Predicted solver: SMTInterpol for benchmark QF_NRA/hycomp/ball_count_2d_hill_simple.05.qfree_global_11.smt2
[DEBUG] Benchmark QF_NRA/hycomp/ball_count_2d_hill_simple.05.qfree_global_11.smt2: solved=True, runtime=0.94s, PAR-2=0.94s
[DEBUG] Processing 1285/2482: QF_NRA/meti-tarski/atan/vega/3/atan-vega-3-chunk-0434.smt2
[DEBUG] Predicted solver: Z3alpha for benchmark QF_NRA/meti-tarski/atan/vega/3/atan-vega-3-chunk-0434.smt2
[DEBUG] Benchmark QF_NRA/meti-tarski/atan/vega/3/atan-vega-3-chunk-0434.smt2: solved=True, runtime=0.32s, PAR-2=0.32s
[DEBUG] Processing 1286/2482: QF_NRA/meti-tarski/Nichols-Plot/Inverted-Pendulum/Nichols-Plot-Inverted-Pendulum-Fails-1-6-chunk-0053.smt2
[DEBUG] Predicted solver: Z3alpha for benchmark QF_NRA/meti-tarski/Nichols-Plot/Inverted-Pendulum/Nichols-Plot-Inverted-Pendulum-Fails-1-6-chunk-0053.smt2
[DEBUG] Benchmark QF_NRA/meti-tarski/Nichols-Plot/Inverted-Pendulum/Nichols-Plot-Inverted-Pendulum-Fails-1-6-chunk-0053.smt2: solved=True, runtime=0.27s, PAR-2=0.27s
[DEBUG] Processing 1287/2482: QF_NRA/hycomp/ball_count_1d_plain.01.redlog_global_2.smt2
[DEBUG] Predicted solver: SMTInterpol for benchmark QF_NRA/hycomp/ball_count_1d_plain.01.redlog_global_2.smt2
[DEBUG] Benchmark QF_NRA/hycomp/ball_count_1d_plain.01.redlog_global_2.smt2: solved=True, runtime=0.56s, PAR-2=0.56s
[DEBUG] Processing 1288/2482: QF_NRA/hycomp/ball_count_2d_hill_simple.10.seq_lazy_linear_enc_lemmas_global_9.smt2
[DEBUG] Predicted solver: SMTInterpol for benchmark QF_NRA/hycomp/ball_count_2d_hill_simple.10.seq_lazy_linear_enc_lemmas_global_9.smt2
[DEBUG] Benchmark QF_NRA/hycomp/ball_count_2d_hill_simple.10.seq_lazy_linear_enc_lemmas_global_9.smt2: solved=True, runtime=0.92s, PAR-2=0.92s
[DEBUG] Processing 1289/2482: QF_NRA/hycomp/ball_count_2d_hill_simple.10.seq_lazy_global_12.smt2
[DEBUG] Predicted solver: SMTInterpol for benchmark QF_NRA/hycomp/ball_count_2d_hill_simple.10.seq_lazy_global_12.smt2
[DEBUG] Benchmark QF_NRA/hycomp/ball_count_2d_hill_simple.10.seq_lazy_global_12.smt2: solved=True, runtime=1.02s, PAR-2=1.02s
[DEBUG] Processing 1290/2482: QF_NRA/meti-tarski/CMOS/CMOS-opamp-chunk-0090.smt2
[DEBUG] Predicted solver: Z3alpha for benchmark QF_NRA/meti-tarski/CMOS/CMOS-opamp-chunk-0090.smt2
[DEBUG] Benchmark QF_NRA/meti-tarski/CMOS/CMOS-opamp-chunk-0090.smt2: solved=True, runtime=0.33s, PAR-2=0.33s
[DEBUG] Processing 1291/2482: QF_NRA/hycomp/etcs_braking_2.01.seq_lazy_linear_enc_lemmas_global_10.smt2
[DEBUG] Predicted solver: SMTInterpol for benchmark QF_NRA/hycomp/etcs_braking_2.01.seq_lazy_linear_enc_lemmas_global_10.smt2
[DEBUG] Benchmark QF_NRA/hycomp/etcs_braking_2.01.seq_lazy_linear_enc_lemmas_global_10.smt2: solved=True, runtime=1.69s, PAR-2=1.69s
[DEBUG] Processing 1292/2482: QF_NRA/meti-tarski/atan/problem/2/weakT/atan-problem-2-weakT-chunk-0015.smt2
[DEBUG] Predicted solver: Z3alpha for benchmark QF_NRA/meti-tarski/atan/problem/2/weakT/atan-problem-2-weakT-chunk-0015.smt2
[DEBUG] Benchmark QF_NRA/meti-tarski/atan/problem/2/weakT/atan-problem-2-weakT-chunk-0015.smt2: solved=True, runtime=0.31s, PAR-2=0.31s
[DEBUG] Processing 1293/2482: QF_NRA/hycomp/simple_ballistics_reach.01.seq_lazy_linear_enc_lemmas_global_12.smt2
[DEBUG] Predicted solver: SMTInterpol for benchmark QF_NRA/hycomp/simple_ballistics_reach.01.seq_lazy_linear_enc_lemmas_global_12.smt2
[DEBUG] Benchmark QF_NRA/hycomp/simple_ballistics_reach.01.seq_lazy_linear_enc_lemmas_global_12.smt2: solved=True, runtime=1.39s, PAR-2=1.39s
[DEBUG] Processing 1294/2482: QF_NRA/20220314-Uncu/Polynomial_Proof_Calls/ProveIneq_ISSAC05_Sec4b.smt2
[DEBUG] Predicted solver: Z3alpha for benchmark QF_NRA/20220314-Uncu/Polynomial_Proof_Calls/ProveIneq_ISSAC05_Sec4b.smt2
[DEBUG] Benchmark QF_NRA/20220314-Uncu/Polynomial_Proof_Calls/ProveIneq_ISSAC05_Sec4b.smt2: solved=True, runtime=0.30s, PAR-2=0.30s
[DEBUG] Processing 1295/2482: QF_NRA/meti-tarski/Chua/2/IL/U/Chua-2-IL-U-chunk-0073.smt2
[DEBUG] Predicted solver: Z3alpha for benchmark QF_NRA/meti-tarski/Chua/2/IL/U/Chua-2-IL-U-chunk-0073.smt2
[DEBUG] Benchmark QF_NRA/meti-tarski/Chua/2/IL/U/Chua-2-IL-U-chunk-0073.smt2: solved=True, runtime=0.27s, PAR-2=0.27s
[DEBUG] Processing 1296/2482: QF_NRA/meti-tarski/Chua/2/VC1/L/Chua-2-VC1-L-chunk-0112.smt2
[DEBUG] Predicted solver: Z3alpha for benchmark QF_NRA/meti-tarski/Chua/2/VC1/L/Chua-2-VC1-L-chunk-0112.smt2
[DEBUG] Benchmark QF_NRA/meti-tarski/Chua/2/VC1/L/Chua-2-VC1-L-chunk-0112.smt2: solved=True, runtime=0.27s, PAR-2=0.27s
[DEBUG] Processing 1297/2482: QF_NRA/meti-tarski/sin/problem/8/sin-problem-8-chunk-0049.smt2
[DEBUG] Predicted solver: Z3alpha for benchmark QF_NRA/meti-tarski/sin/problem/8/sin-problem-8-chunk-0049.smt2
[DEBUG] Benchmark QF_NRA/meti-tarski/sin/problem/8/sin-problem-8-chunk-0049.smt2: solved=True, runtime=0.28s, PAR-2=0.28s
[DEBUG] Processing 1298/2482: QF_NRA/LassoRanker/SV-COMP/KroeningSharyginaTsitovichWintersteiger-2010CAV-Fig1_true-termination.c_Iteration1_Lasso_3-lexTemplate.smt2
[DEBUG] Predicted solver: Yices2 for benchmark QF_NRA/LassoRanker/SV-COMP/KroeningSharyginaTsitovichWintersteiger-2010CAV-Fig1_true-termination.c_Iteration1_Lasso_3-lexTemplate.smt2
[DEBUG] Benchmark QF_NRA/LassoRanker/SV-COMP/KroeningSharyginaTsitovichWintersteiger-2010CAV-Fig1_true-termination.c_Iteration1_Lasso_3-lexTemplate.smt2: solved=True, runtime=39.91s, PAR-2=39.91s
[DEBUG] Processing 1299/2482: QF_NRA/LassoRanker/CooperatingT2/pentagon.t2.c_Iteration14_Loop_4-pieceTemplate.smt2
[DEBUG] Predicted solver: SMTInterpol for benchmark QF_NRA/LassoRanker/CooperatingT2/pentagon.t2.c_Iteration14_Loop_4-pieceTemplate.smt2
[DEBUG] Benchmark QF_NRA/LassoRanker/CooperatingT2/pentagon.t2.c_Iteration14_Loop_4-pieceTemplate.smt2: solved=True, runtime=1.04s, PAR-2=1.04s
[DEBUG] Processing 1300/2482: QF_NRA/meti-tarski/sin/cos/sin-cos-346-b-chunk-0358.smt2
[DEBUG] Predicted solver: Z3alpha for benchmark QF_NRA/meti-tarski/sin/cos/sin-cos-346-b-chunk-0358.smt2
[DEBUG] Benchmark QF_NRA/meti-tarski/sin/cos/sin-cos-346-b-chunk-0358.smt2: solved=True, runtime=0.27s, PAR-2=0.27s
[DEBUG] Processing 1301/2482: QF_NRA/hycomp/ball_count_1d_plain.10.qfree_global_8.smt2
[DEBUG] Predicted solver: SMTInterpol for benchmark QF_NRA/hycomp/ball_count_1d_plain.10.qfree_global_8.smt2
[DEBUG] Benchmark QF_NRA/hycomp/ball_count_1d_plain.10.qfree_global_8.smt2: solved=True, runtime=0.84s, PAR-2=0.84s
[DEBUG] Processing 1302/2482: QF_NRA/hycomp/ball_count_1d_plain.05.seq_lazy_lemmas_global_15.smt2
[DEBUG] Predicted solver: Yices2 for benchmark QF_NRA/hycomp/ball_count_1d_plain.05.seq_lazy_lemmas_global_15.smt2
[DEBUG] Benchmark QF_NRA/hycomp/ball_count_1d_plain.05.seq_lazy_lemmas_global_15.smt2: solved=True, runtime=0.23s, PAR-2=0.23s
[DEBUG] Processing 1303/2482: QF_NRA/20161105-Sturm-MBO/mbo_E14E28.smt2
[DEBUG] Predicted solver: SMTInterpol for benchmark QF_NRA/20161105-Sturm-MBO/mbo_E14E28.smt2
[DEBUG] Benchmark QF_NRA/20161105-Sturm-MBO/mbo_E14E28.smt2: solved=True, runtime=2.10s, PAR-2=2.10s
[DEBUG] Processing 1304/2482: QF_NRA/hycomp/ball_count_1d_plain.03.qfree_global_6.smt2
[DEBUG] Predicted solver: SMTInterpol for benchmark QF_NRA/hycomp/ball_count_1d_plain.03.qfree_global_6.smt2
[DEBUG] Benchmark QF_NRA/hycomp/ball_count_1d_plain.03.qfree_global_6.smt2: solved=True, runtime=0.69s, PAR-2=0.69s
[DEBUG] Processing 1305/2482: QF_NRA/hycomp/ball_count_2d_plain.04.seq_lazy_global_14.smt2
[DEBUG] Predicted solver: SMTInterpol for benchmark QF_NRA/hycomp/ball_count_2d_plain.04.seq_lazy_global_14.smt2
[DEBUG] Benchmark QF_NRA/hycomp/ball_count_2d_plain.04.seq_lazy_global_14.smt2: solved=True, runtime=0.94s, PAR-2=0.94s
[DEBUG] Processing 1306/2482: QF_NRA/hycomp/ball_count_2d_plain.02.redlog_global_11.smt2
[DEBUG] Predicted solver: SMTInterpol for benchmark QF_NRA/hycomp/ball_count_2d_plain.02.redlog_global_11.smt2
[DEBUG] Benchmark QF_NRA/hycomp/ball_count_2d_plain.02.redlog_global_11.smt2: solved=True, runtime=1.04s, PAR-2=1.04s
[DEBUG] Processing 1307/2482: QF_NRA/meti-tarski/Nichols-Plot/Inverted-Pendulum/Nichols-Plot-Inverted-Pendulum-Fails-1-6-chunk-0033.smt2
[DEBUG] Predicted solver: Z3alpha for benchmark QF_NRA/meti-tarski/Nichols-Plot/Inverted-Pendulum/Nichols-Plot-Inverted-Pendulum-Fails-1-6-chunk-0033.smt2
[DEBUG] Benchmark QF_NRA/meti-tarski/Nichols-Plot/Inverted-Pendulum/Nichols-Plot-Inverted-Pendulum-Fails-1-6-chunk-0033.smt2: solved=True, runtime=0.27s, PAR-2=0.27s
[DEBUG] Processing 1308/2482: QF_NRA/meti-tarski/Lyapunov/Lyapunov1a-chunk-0026.smt2
[DEBUG] Predicted solver: Z3alpha for benchmark QF_NRA/meti-tarski/Lyapunov/Lyapunov1a-chunk-0026.smt2
[DEBUG] Benchmark QF_NRA/meti-tarski/Lyapunov/Lyapunov1a-chunk-0026.smt2: solved=True, runtime=0.29s, PAR-2=0.29s
[DEBUG] Processing 1309/2482: QF_NRA/LassoRanker/CooperatingT2/polyrank3.t2.c_Iteration6_Loop_3-pieceTemplate.smt2
[DEBUG] Predicted solver: SMTInterpol for benchmark QF_NRA/LassoRanker/CooperatingT2/polyrank3.t2.c_Iteration6_Loop_3-pieceTemplate.smt2
[DEBUG] Benchmark QF_NRA/LassoRanker/CooperatingT2/polyrank3.t2.c_Iteration6_Loop_3-pieceTemplate.smt2: solved=True, runtime=0.86s, PAR-2=0.86s
[DEBUG] Processing 1310/2482: QF_NRA/meti-tarski/atan/vega/3/atan-vega-3-chunk-0281.smt2
[DEBUG] Predicted solver: Z3alpha for benchmark QF_NRA/meti-tarski/atan/vega/3/atan-vega-3-chunk-0281.smt2
[DEBUG] Benchmark QF_NRA/meti-tarski/atan/vega/3/atan-vega-3-chunk-0281.smt2: solved=True, runtime=0.29s, PAR-2=0.29s
[DEBUG] Processing 1311/2482: QF_NRA/meti-tarski/sin/cos/sin-cos-346-b-chunk-0512.smt2
[DEBUG] Predicted solver: Z3alpha for benchmark QF_NRA/meti-tarski/sin/cos/sin-cos-346-b-chunk-0512.smt2
[DEBUG] Benchmark QF_NRA/meti-tarski/sin/cos/sin-cos-346-b-chunk-0512.smt2: solved=True, runtime=0.27s, PAR-2=0.27s
[DEBUG] Processing 1312/2482: QF_NRA/hycomp/ball_count_2d_slope.03.seq_lazy_lemmas_global_7.smt2
[DEBUG] Predicted solver: SMTInterpol for benchmark QF_NRA/hycomp/ball_count_2d_slope.03.seq_lazy_lemmas_global_7.smt2
[DEBUG] Benchmark QF_NRA/hycomp/ball_count_2d_slope.03.seq_lazy_lemmas_global_7.smt2: solved=True, runtime=1.23s, PAR-2=1.23s
[DEBUG] Processing 1313/2482: QF_NRA/20200911-Pine/1599121978324635000.smt2
[DEBUG] Predicted solver: Z3alpha for benchmark QF_NRA/20200911-Pine/1599121978324635000.smt2
[DEBUG] Benchmark QF_NRA/20200911-Pine/1599121978324635000.smt2: solved=True, runtime=0.27s, PAR-2=0.27s
[DEBUG] Processing 1314/2482: QF_NRA/LassoRanker/SV-COMP/aviad_true-termination.c_Iteration1_Loop_2-pieceTemplate.smt2
[DEBUG] Predicted solver: Z3alpha for benchmark QF_NRA/LassoRanker/SV-COMP/aviad_true-termination.c_Iteration1_Loop_2-pieceTemplate.smt2
[DEBUG] Benchmark QF_NRA/LassoRanker/SV-COMP/aviad_true-termination.c_Iteration1_Loop_2-pieceTemplate.smt2: solved=True, runtime=113.18s, PAR-2=113.18s
[DEBUG] Processing 1315/2482: QF_NRA/meti-tarski/exp/problem/10/3/exp-problem-10-3-chunk-0171.smt2
[DEBUG] Predicted solver: Z3alpha for benchmark QF_NRA/meti-tarski/exp/problem/10/3/exp-problem-10-3-chunk-0171.smt2
[DEBUG] Benchmark QF_NRA/meti-tarski/exp/problem/10/3/exp-problem-10-3-chunk-0171.smt2: solved=True, runtime=0.31s, PAR-2=0.31s
[DEBUG] Processing 1316/2482: QF_NRA/LassoRanker/CooperatingT2/collatz.t2.c_Iteration3_Lasso_3-pieceTemplate.smt2
[DEBUG] Predicted solver: SMTInterpol for benchmark QF_NRA/LassoRanker/CooperatingT2/collatz.t2.c_Iteration3_Lasso_3-pieceTemplate.smt2
[DEBUG] Benchmark QF_NRA/LassoRanker/CooperatingT2/collatz.t2.c_Iteration3_Lasso_3-pieceTemplate.smt2: solved=True, runtime=1.52s, PAR-2=1.52s
[DEBUG] Processing 1317/2482: QF_NRA/meti-tarski/sin/problem/10/sin-problem-10-2-chunk-0021.smt2
[DEBUG] Predicted solver: Z3alpha for benchmark QF_NRA/meti-tarski/sin/problem/10/sin-problem-10-2-chunk-0021.smt2
[DEBUG] Benchmark QF_NRA/meti-tarski/sin/problem/10/sin-problem-10-2-chunk-0021.smt2: solved=True, runtime=0.27s, PAR-2=0.27s
[DEBUG] Processing 1318/2482: QF_NRA/hycomp/ball_count_2d_hill_simple.03.seq_lazy_linear_enc_lemmas_global_15.smt2
[DEBUG] Predicted solver: Yices2 for benchmark QF_NRA/hycomp/ball_count_2d_hill_simple.03.seq_lazy_linear_enc_lemmas_global_15.smt2
[DEBUG] Benchmark QF_NRA/hycomp/ball_count_2d_hill_simple.03.seq_lazy_linear_enc_lemmas_global_15.smt2: solved=True, runtime=0.23s, PAR-2=0.23s
[DEBUG] Processing 1319/2482: QF_NRA/20200911-Pine/1599121886379408000.smt2
[DEBUG] Predicted solver: Z3alpha for benchmark QF_NRA/20200911-Pine/1599121886379408000.smt2
[DEBUG] Benchmark QF_NRA/20200911-Pine/1599121886379408000.smt2: solved=True, runtime=0.27s, PAR-2=0.27s
[DEBUG] Processing 1320/2482: QF_NRA/20161105-Sturm-MBO/mbo_E1E20.smt2
[DEBUG] Predicted solver: SMTInterpol for benchmark QF_NRA/20161105-Sturm-MBO/mbo_E1E20.smt2
[DEBUG] Benchmark QF_NRA/20161105-Sturm-MBO/mbo_E1E20.smt2: solved=True, runtime=1.99s, PAR-2=1.99s
[DEBUG] Processing 1321/2482: QF_NRA/hycomp/ball_count_2d_hill.04.seq_lazy_global_7.smt2
[DEBUG] Predicted solver: SMTInterpol for benchmark QF_NRA/hycomp/ball_count_2d_hill.04.seq_lazy_global_7.smt2
[DEBUG] Benchmark QF_NRA/hycomp/ball_count_2d_hill.04.seq_lazy_global_7.smt2: solved=True, runtime=0.98s, PAR-2=0.98s
[DEBUG] Processing 1322/2482: QF_NRA/meti-tarski/exp/problem/10/2/exp-problem-10-2-chunk-0341.smt2
[DEBUG] Predicted solver: Z3alpha for benchmark QF_NRA/meti-tarski/exp/problem/10/2/exp-problem-10-2-chunk-0341.smt2
[DEBUG] Benchmark QF_NRA/meti-tarski/exp/problem/10/2/exp-problem-10-2-chunk-0341.smt2: solved=True, runtime=0.29s, PAR-2=0.29s
[DEBUG] Processing 1323/2482: QF_NRA/meti-tarski/sin/problem/7/sin-problem-7-chunk-0214.smt2
[DEBUG] Predicted solver: Z3alpha for benchmark QF_NRA/meti-tarski/sin/problem/7/sin-problem-7-chunk-0214.smt2
[DEBUG] Benchmark QF_NRA/meti-tarski/sin/problem/7/sin-problem-7-chunk-0214.smt2: solved=True, runtime=0.27s, PAR-2=0.27s
[DEBUG] Processing 1324/2482: QF_NRA/20161105-Sturm-MBO/mbo_E22E25.smt2
[DEBUG] Predicted solver: SMTInterpol for benchmark QF_NRA/20161105-Sturm-MBO/mbo_E22E25.smt2
[DEBUG] Benchmark QF_NRA/20161105-Sturm-MBO/mbo_E22E25.smt2: solved=True, runtime=0.62s, PAR-2=0.62s
[DEBUG] Processing 1325/2482: QF_NRA/meti-tarski/atan/problem/1/atan-problem-1-chunk-0039.smt2
[DEBUG] Predicted solver: Z3alpha for benchmark QF_NRA/meti-tarski/atan/problem/1/atan-problem-1-chunk-0039.smt2
[DEBUG] Benchmark QF_NRA/meti-tarski/atan/problem/1/atan-problem-1-chunk-0039.smt2: solved=True, runtime=0.32s, PAR-2=0.32s
[DEBUG] Processing 1326/2482: QF_NRA/LassoRanker/Ultimate/Collatz.bpl_Iteration1_Lasso_7-phaseTemplate.smt2
[DEBUG] Predicted solver: Z3alpha for benchmark QF_NRA/LassoRanker/Ultimate/Collatz.bpl_Iteration1_Lasso_7-phaseTemplate.smt2
[DEBUG] Benchmark QF_NRA/LassoRanker/Ultimate/Collatz.bpl_Iteration1_Lasso_7-phaseTemplate.smt2: solved=True, runtime=77.80s, PAR-2=77.80s
[DEBUG] Processing 1327/2482: QF_NRA/meti-tarski/polypaver/bench-sqrt-3d/polypaver-bench-sqrt-3d-chunk-0470.smt2
[DEBUG] Predicted solver: Z3alpha for benchmark QF_NRA/meti-tarski/polypaver/bench-sqrt-3d/polypaver-bench-sqrt-3d-chunk-0470.smt2
[DEBUG] Benchmark QF_NRA/meti-tarski/polypaver/bench-sqrt-3d/polypaver-bench-sqrt-3d-chunk-0470.smt2: solved=True, runtime=0.27s, PAR-2=0.27s
[DEBUG] Processing 1328/2482: QF_NRA/LassoRanker/CooperatingT2/sas2.t2.c_Iteration6_Lasso_6-phaseTemplate.smt2
[DEBUG] Predicted solver: SMTInterpol for benchmark QF_NRA/LassoRanker/CooperatingT2/sas2.t2.c_Iteration6_Lasso_6-phaseTemplate.smt2
[DEBUG] Benchmark QF_NRA/LassoRanker/CooperatingT2/sas2.t2.c_Iteration6_Lasso_6-phaseTemplate.smt2: solved=True, runtime=2.99s, PAR-2=2.99s
[DEBUG] Processing 1329/2482: QF_NRA/LassoRanker/SV-COMP/LeeJonesBen-Amram-2001POPL-Ex5_true-termination.c_Iteration2_Lasso_6-nestedTemplate.smt2
[DEBUG] Predicted solver: SMTInterpol for benchmark QF_NRA/LassoRanker/SV-COMP/LeeJonesBen-Amram-2001POPL-Ex5_true-termination.c_Iteration2_Lasso_6-nestedTemplate.smt2
[DEBUG] Benchmark QF_NRA/LassoRanker/SV-COMP/LeeJonesBen-Amram-2001POPL-Ex5_true-termination.c_Iteration2_Lasso_6-nestedTemplate.smt2: solved=True, runtime=2.12s, PAR-2=2.12s
[DEBUG] Processing 1330/2482: QF_NRA/hycomp/ball_count_2d_hill_simple.03.qfree_global_8.smt2
[DEBUG] Predicted solver: SMTInterpol for benchmark QF_NRA/hycomp/ball_count_2d_hill_simple.03.qfree_global_8.smt2
[DEBUG] Benchmark QF_NRA/hycomp/ball_count_2d_hill_simple.03.qfree_global_8.smt2: solved=True, runtime=0.80s, PAR-2=0.80s
[DEBUG] Processing 1331/2482: QF_NRA/20161105-Sturm-MBO/mbo_E5E15.smt2
[DEBUG] Predicted solver: SMTInterpol for benchmark QF_NRA/20161105-Sturm-MBO/mbo_E5E15.smt2
[DEBUG] Benchmark QF_NRA/20161105-Sturm-MBO/mbo_E5E15.smt2: solved=True, runtime=2.73s, PAR-2=2.73s
[DEBUG] Processing 1332/2482: QF_NRA/zankl/matrix-1-all-19.smt2
[DEBUG] Predicted solver: SMTInterpol for benchmark QF_NRA/zankl/matrix-1-all-19.smt2
[DEBUG] Benchmark QF_NRA/zankl/matrix-1-all-19.smt2: solved=True, runtime=0.51s, PAR-2=0.51s
[DEBUG] Processing 1333/2482: QF_NRA/LassoRanker/CooperatingT2/p-12.t2.c_Iteration1_Loop_4-pieceTemplate.smt2
[DEBUG] Predicted solver: SMTInterpol for benchmark QF_NRA/LassoRanker/CooperatingT2/p-12.t2.c_Iteration1_Loop_4-pieceTemplate.smt2
[DEBUG] Benchmark QF_NRA/LassoRanker/CooperatingT2/p-12.t2.c_Iteration1_Loop_4-pieceTemplate.smt2: solved=True, runtime=0.84s, PAR-2=0.84s
[DEBUG] Processing 1334/2482: QF_NRA/hycomp/etcs_braking_2.01.redlog_global_4.smt2
[DEBUG] Predicted solver: SMTInterpol for benchmark QF_NRA/hycomp/etcs_braking_2.01.redlog_global_4.smt2
[DEBUG] Benchmark QF_NRA/hycomp/etcs_braking_2.01.redlog_global_4.smt2: solved=True, runtime=1.18s, PAR-2=1.18s
[DEBUG] Processing 1335/2482: QF_NRA/20180501-Economics-Mulligan/MulliganEconomicsModel0027e.smt2
[DEBUG] Predicted solver: SMTInterpol for benchmark QF_NRA/20180501-Economics-Mulligan/MulliganEconomicsModel0027e.smt2
[DEBUG] Benchmark QF_NRA/20180501-Economics-Mulligan/MulliganEconomicsModel0027e.smt2: solved=True, runtime=0.42s, PAR-2=0.42s
[DEBUG] Processing 1336/2482: QF_NRA/hycomp/ball_count_2d_hill_simple.05.seq_lazy_linear_enc_global_11.smt2
[DEBUG] Predicted solver: SMTInterpol for benchmark QF_NRA/hycomp/ball_count_2d_hill_simple.05.seq_lazy_linear_enc_global_11.smt2
[DEBUG] Benchmark QF_NRA/hycomp/ball_count_2d_hill_simple.05.seq_lazy_linear_enc_global_11.smt2: solved=True, runtime=0.99s, PAR-2=0.99s
[DEBUG] Processing 1337/2482: QF_NRA/LassoRanker/CooperatingT2/fun9.t2.c_Iteration3_Loop_4-pieceTemplate.smt2
[DEBUG] Predicted solver: SMTInterpol for benchmark QF_NRA/LassoRanker/CooperatingT2/fun9.t2.c_Iteration3_Loop_4-pieceTemplate.smt2
[DEBUG] Benchmark QF_NRA/LassoRanker/CooperatingT2/fun9.t2.c_Iteration3_Loop_4-pieceTemplate.smt2: solved=True, runtime=0.99s, PAR-2=0.99s
[DEBUG] Processing 1338/2482: QF_NRA/hycomp/ball_count_2d_plain.03.redlog_global_8.smt2
[DEBUG] Predicted solver: SMTInterpol for benchmark QF_NRA/hycomp/ball_count_2d_plain.03.redlog_global_8.smt2
[DEBUG] Benchmark QF_NRA/hycomp/ball_count_2d_plain.03.redlog_global_8.smt2: solved=True, runtime=0.92s, PAR-2=0.92s
[DEBUG] Processing 1339/2482: QF_NRA/meti-tarski/CMOS/CMOS-opamp-chunk-0320.smt2
[DEBUG] Predicted solver: Z3alpha for benchmark QF_NRA/meti-tarski/CMOS/CMOS-opamp-chunk-0320.smt2
[DEBUG] Benchmark QF_NRA/meti-tarski/CMOS/CMOS-opamp-chunk-0320.smt2: solved=True, runtime=0.34s, PAR-2=0.34s
[DEBUG] Processing 1340/2482: QF_NRA/LassoRanker/CooperatingT2/sas2.t2.c_Iteration6_Loop_7-phaseTemplate.smt2
[DEBUG] Predicted solver: SMTInterpol for benchmark QF_NRA/LassoRanker/CooperatingT2/sas2.t2.c_Iteration6_Loop_7-phaseTemplate.smt2
[DEBUG] Benchmark QF_NRA/LassoRanker/CooperatingT2/sas2.t2.c_Iteration6_Loop_7-phaseTemplate.smt2: solved=True, runtime=2.18s, PAR-2=2.18s
[DEBUG] Processing 1341/2482: QF_NRA/meti-tarski/exp/problem/10/3/weak/exp-problem-10-3-weak-chunk-0123.smt2
[DEBUG] Predicted solver: Z3alpha for benchmark QF_NRA/meti-tarski/exp/problem/10/3/weak/exp-problem-10-3-weak-chunk-0123.smt2
[DEBUG] Benchmark QF_NRA/meti-tarski/exp/problem/10/3/weak/exp-problem-10-3-weak-chunk-0123.smt2: solved=True, runtime=0.27s, PAR-2=0.27s
[DEBUG] Processing 1342/2482: QF_NRA/meti-tarski/exp/361/exp-361-neg-4-e-chunk-0215.smt2
[DEBUG] Predicted solver: Z3alpha for benchmark QF_NRA/meti-tarski/exp/361/exp-361-neg-4-e-chunk-0215.smt2
[DEBUG] Benchmark QF_NRA/meti-tarski/exp/361/exp-361-neg-4-e-chunk-0215.smt2: solved=True, runtime=0.29s, PAR-2=0.29s
[DEBUG] Processing 1343/2482: QF_NRA/20200911-Pine/1599121861673275000.smt2
[DEBUG] Predicted solver: Z3alpha for benchmark QF_NRA/20200911-Pine/1599121861673275000.smt2
[DEBUG] Benchmark QF_NRA/20200911-Pine/1599121861673275000.smt2: solved=True, runtime=0.29s, PAR-2=0.29s
[DEBUG] Processing 1344/2482: QF_NRA/UltimateAutomizer/InVarSynth_threadpooling_out2.mover.bpl_Iteration2_1.smt2
[DEBUG] Predicted solver: SMTInterpol for benchmark QF_NRA/UltimateAutomizer/InVarSynth_threadpooling_out2.mover.bpl_Iteration2_1.smt2
[DEBUG] Benchmark QF_NRA/UltimateAutomizer/InVarSynth_threadpooling_out2.mover.bpl_Iteration2_1.smt2: solved=True, runtime=0.59s, PAR-2=0.59s
[DEBUG] Processing 1345/2482: QF_NRA/20161105-Sturm-MBO/mbo_E11E19.smt2
[DEBUG] Predicted solver: SMTInterpol for benchmark QF_NRA/20161105-Sturm-MBO/mbo_E11E19.smt2
[DEBUG] Benchmark QF_NRA/20161105-Sturm-MBO/mbo_E11E19.smt2: solved=True, runtime=1.25s, PAR-2=1.25s
[DEBUG] Processing 1346/2482: QF_NRA/LassoRanker/Ultimate/GcdNew.bpl_Iteration1_Lasso_7-phaseTemplate.smt2
[DEBUG] Predicted solver: SMTInterpol for benchmark QF_NRA/LassoRanker/Ultimate/GcdNew.bpl_Iteration1_Lasso_7-phaseTemplate.smt2
[DEBUG] Benchmark QF_NRA/LassoRanker/Ultimate/GcdNew.bpl_Iteration1_Lasso_7-phaseTemplate.smt2: solved=True, runtime=4.41s, PAR-2=4.41s
[DEBUG] Processing 1347/2482: QF_NRA/20211101-Geogebra/IsoRightTriangle-Bottema1_12b.smt2
[DEBUG] Predicted solver: Z3alpha for benchmark QF_NRA/20211101-Geogebra/IsoRightTriangle-Bottema1_12b.smt2
[DEBUG] Benchmark QF_NRA/20211101-Geogebra/IsoRightTriangle-Bottema1_12b.smt2: solved=True, runtime=0.27s, PAR-2=0.27s
[DEBUG] Processing 1348/2482: QF_NRA/LassoRanker/CooperatingT2/brp_withassume.t2.c_Iteration1_Loop_4-pieceTemplate.smt2
[DEBUG] Predicted solver: Yices2 for benchmark QF_NRA/LassoRanker/CooperatingT2/brp_withassume.t2.c_Iteration1_Loop_4-pieceTemplate.smt2
[DEBUG] Benchmark QF_NRA/LassoRanker/CooperatingT2/brp_withassume.t2.c_Iteration1_Loop_4-pieceTemplate.smt2: solved=False, runtime=1200.00s, PAR-2=2400.00s
[DEBUG] Processing 1349/2482: QF_NRA/hycomp/ball_count_2d_hill.10.redlog_global_5.smt2
[DEBUG] Predicted solver: SMTInterpol for benchmark QF_NRA/hycomp/ball_count_2d_hill.10.redlog_global_5.smt2
[DEBUG] Benchmark QF_NRA/hycomp/ball_count_2d_hill.10.redlog_global_5.smt2: solved=True, runtime=1.00s, PAR-2=1.00s
[DEBUG] Processing 1350/2482: QF_NRA/hycomp/ball_count_2d_slope.04.seq_lazy_lemmas_global_6.smt2
[DEBUG] Predicted solver: SMTInterpol for benchmark QF_NRA/hycomp/ball_count_2d_slope.04.seq_lazy_lemmas_global_6.smt2
[DEBUG] Benchmark QF_NRA/hycomp/ball_count_2d_slope.04.seq_lazy_lemmas_global_6.smt2: solved=True, runtime=1.15s, PAR-2=1.15s
[DEBUG] Processing 1351/2482: QF_NRA/20161105-Sturm-MBO/mbo_E2E24.smt2
[DEBUG] Predicted solver: SMTInterpol for benchmark QF_NRA/20161105-Sturm-MBO/mbo_E2E24.smt2
[DEBUG] Benchmark QF_NRA/20161105-Sturm-MBO/mbo_E2E24.smt2: solved=True, runtime=2.30s, PAR-2=2.30s
[DEBUG] Processing 1352/2482: QF_NRA/hycomp/ball_count_2d_hill_simple.02.redlog_global_15.smt2
[DEBUG] Predicted solver: Yices2 for benchmark QF_NRA/hycomp/ball_count_2d_hill_simple.02.redlog_global_15.smt2
[DEBUG] Benchmark QF_NRA/hycomp/ball_count_2d_hill_simple.02.redlog_global_15.smt2: solved=True, runtime=0.23s, PAR-2=0.23s
[DEBUG] Processing 1353/2482: QF_NRA/20200911-Pine/1599121886550120000.smt2
[DEBUG] Predicted solver: Z3alpha for benchmark QF_NRA/20200911-Pine/1599121886550120000.smt2
[DEBUG] Benchmark QF_NRA/20200911-Pine/1599121886550120000.smt2: solved=True, runtime=0.29s, PAR-2=0.29s
[DEBUG] Processing 1354/2482: QF_NRA/hycomp/ball_count_1d_plain.02.seq_lazy_global_8.smt2
[DEBUG] Predicted solver: SMTInterpol for benchmark QF_NRA/hycomp/ball_count_1d_plain.02.seq_lazy_global_8.smt2
[DEBUG] Benchmark QF_NRA/hycomp/ball_count_1d_plain.02.seq_lazy_global_8.smt2: solved=True, runtime=0.77s, PAR-2=0.77s
[DEBUG] Processing 1355/2482: QF_NRA/zankl/matrix-2-all-3.smt2
[DEBUG] Predicted solver: SMTInterpol for benchmark QF_NRA/zankl/matrix-2-all-3.smt2
[DEBUG] Benchmark QF_NRA/zankl/matrix-2-all-3.smt2: solved=True, runtime=0.54s, PAR-2=0.54s
[DEBUG] Processing 1356/2482: QF_NRA/hycomp/ball_count_2d_slope.10.seq_lazy_global_14.smt2
[DEBUG] Predicted solver: SMTInterpol for benchmark QF_NRA/hycomp/ball_count_2d_slope.10.seq_lazy_global_14.smt2
[DEBUG] Benchmark QF_NRA/hycomp/ball_count_2d_slope.10.seq_lazy_global_14.smt2: solved=True, runtime=1.57s, PAR-2=1.57s
[DEBUG] Processing 1357/2482: QF_NRA/hycomp/ball_count_2d_slope.01.seq_lazy_global_11.smt2
[DEBUG] Predicted solver: SMTInterpol for benchmark QF_NRA/hycomp/ball_count_2d_slope.01.seq_lazy_global_11.smt2
[DEBUG] Benchmark QF_NRA/hycomp/ball_count_2d_slope.01.seq_lazy_global_11.smt2: solved=True, runtime=1.33s, PAR-2=1.33s
[DEBUG] Processing 1358/2482: QF_NRA/meti-tarski/sqrt/1mcosq/8/sqrt-1mcosq-8-chunk-0283.smt2
[DEBUG] Predicted solver: Z3alpha for benchmark QF_NRA/meti-tarski/sqrt/1mcosq/8/sqrt-1mcosq-8-chunk-0283.smt2
[DEBUG] Benchmark QF_NRA/meti-tarski/sqrt/1mcosq/8/sqrt-1mcosq-8-chunk-0283.smt2: solved=True, runtime=0.32s, PAR-2=0.32s
[DEBUG] Processing 1359/2482: QF_NRA/meti-tarski/polypaver/bench-sqrt-3d/polypaver-bench-sqrt-3d-chunk-0100.smt2
[DEBUG] Predicted solver: Z3alpha for benchmark QF_NRA/meti-tarski/polypaver/bench-sqrt-3d/polypaver-bench-sqrt-3d-chunk-0100.smt2
[DEBUG] Benchmark QF_NRA/meti-tarski/polypaver/bench-sqrt-3d/polypaver-bench-sqrt-3d-chunk-0100.smt2: solved=True, runtime=0.27s, PAR-2=0.27s
[DEBUG] Processing 1360/2482: QF_NRA/meti-tarski/sqrt/1mcosq/8/sqrt-1mcosq-8-chunk-0513.smt2
[DEBUG] Predicted solver: Z3alpha for benchmark QF_NRA/meti-tarski/sqrt/1mcosq/8/sqrt-1mcosq-8-chunk-0513.smt2
[DEBUG] Benchmark QF_NRA/meti-tarski/sqrt/1mcosq/8/sqrt-1mcosq-8-chunk-0513.smt2: solved=True, runtime=0.27s, PAR-2=0.27s
[DEBUG] Processing 1361/2482: QF_NRA/20180501-Economics-Mulligan/MulliganEconomicsModel0063a.smt2
[DEBUG] Predicted solver: SMTInterpol for benchmark QF_NRA/20180501-Economics-Mulligan/MulliganEconomicsModel0063a.smt2
[DEBUG] Benchmark QF_NRA/20180501-Economics-Mulligan/MulliganEconomicsModel0063a.smt2: solved=True, runtime=0.41s, PAR-2=0.41s
[DEBUG] Processing 1362/2482: QF_NRA/hycomp/ball_count_2d_slope.04.seq_lazy_lemmas_global_8.smt2
[DEBUG] Predicted solver: SMTInterpol for benchmark QF_NRA/hycomp/ball_count_2d_slope.04.seq_lazy_lemmas_global_8.smt2
[DEBUG] Benchmark QF_NRA/hycomp/ball_count_2d_slope.04.seq_lazy_lemmas_global_8.smt2: solved=True, runtime=1.12s, PAR-2=1.12s
[DEBUG] Processing 1363/2482: QF_NRA/meti-tarski/polypaver/sqrt43-int/3vars/polypaver-sqrt43-int-3vars-chunk-0033.smt2
[DEBUG] Predicted solver: Z3alpha for benchmark QF_NRA/meti-tarski/polypaver/sqrt43-int/3vars/polypaver-sqrt43-int-3vars-chunk-0033.smt2
[DEBUG] Benchmark QF_NRA/meti-tarski/polypaver/sqrt43-int/3vars/polypaver-sqrt43-int-3vars-chunk-0033.smt2: solved=True, runtime=0.27s, PAR-2=0.27s
[DEBUG] Processing 1364/2482: QF_NRA/meti-tarski/atan/problem/2/weak/atan-problem-2-weak-chunk-0211.smt2
[DEBUG] Predicted solver: Z3alpha for benchmark QF_NRA/meti-tarski/atan/problem/2/weak/atan-problem-2-weak-chunk-0211.smt2
[DEBUG] Benchmark QF_NRA/meti-tarski/atan/problem/2/weak/atan-problem-2-weak-chunk-0211.smt2: solved=True, runtime=0.27s, PAR-2=0.27s
[DEBUG] Processing 1365/2482: QF_NRA/meti-tarski/sin/problem/7/weak/sin-problem-7-weak-chunk-0172.smt2
[DEBUG] Predicted solver: SMTInterpol for benchmark QF_NRA/meti-tarski/sin/problem/7/weak/sin-problem-7-weak-chunk-0172.smt2
[DEBUG] Benchmark QF_NRA/meti-tarski/sin/problem/7/weak/sin-problem-7-weak-chunk-0172.smt2: solved=True, runtime=0.43s, PAR-2=0.43s
[DEBUG] Processing 1366/2482: QF_NRA/UltimateAutomizer/InVarSynth_SAS09.c_Iteration3_0.smt2
[DEBUG] Predicted solver: SMTInterpol for benchmark QF_NRA/UltimateAutomizer/InVarSynth_SAS09.c_Iteration3_0.smt2
[DEBUG] Benchmark QF_NRA/UltimateAutomizer/InVarSynth_SAS09.c_Iteration3_0.smt2: solved=True, runtime=0.68s, PAR-2=0.68s
[DEBUG] Processing 1367/2482: QF_NRA/meti-tarski/CMOS/CMOS-opamp-chunk-0204.smt2
[DEBUG] Predicted solver: Z3alpha for benchmark QF_NRA/meti-tarski/CMOS/CMOS-opamp-chunk-0204.smt2
[DEBUG] Benchmark QF_NRA/meti-tarski/CMOS/CMOS-opamp-chunk-0204.smt2: solved=True, runtime=0.27s, PAR-2=0.27s
[DEBUG] Processing 1368/2482: QF_NRA/meti-tarski/atan/vega/3/atan-vega-3-chunk-0336.smt2
[DEBUG] Predicted solver: Z3alpha for benchmark QF_NRA/meti-tarski/atan/vega/3/atan-vega-3-chunk-0336.smt2
[DEBUG] Benchmark QF_NRA/meti-tarski/atan/vega/3/atan-vega-3-chunk-0336.smt2: solved=True, runtime=0.27s, PAR-2=0.27s
[DEBUG] Processing 1369/2482: QF_NRA/hycomp/ball_count_2d_hill.04.seq_lazy_global_11.smt2
[DEBUG] Predicted solver: SMTInterpol for benchmark QF_NRA/hycomp/ball_count_2d_hill.04.seq_lazy_global_11.smt2
[DEBUG] Benchmark QF_NRA/hycomp/ball_count_2d_hill.04.seq_lazy_global_11.smt2: solved=True, runtime=1.12s, PAR-2=1.12s
[DEBUG] Processing 1370/2482: QF_NRA/LassoRanker/CooperatingT2/polyrank3.t2.c_Iteration3_Loop_4-pieceTemplate.smt2
[DEBUG] Predicted solver: SMTInterpol for benchmark QF_NRA/LassoRanker/CooperatingT2/polyrank3.t2.c_Iteration3_Loop_4-pieceTemplate.smt2
[DEBUG] Benchmark QF_NRA/LassoRanker/CooperatingT2/polyrank3.t2.c_Iteration3_Loop_4-pieceTemplate.smt2: solved=True, runtime=0.89s, PAR-2=0.89s
[DEBUG] Processing 1371/2482: QF_NRA/meti-tarski/sqrt/1mcosq/7/sqrt-1mcosq-7-chunk-0094.smt2
[DEBUG] Predicted solver: Z3alpha for benchmark QF_NRA/meti-tarski/sqrt/1mcosq/7/sqrt-1mcosq-7-chunk-0094.smt2
[DEBUG] Benchmark QF_NRA/meti-tarski/sqrt/1mcosq/7/sqrt-1mcosq-7-chunk-0094.smt2: solved=True, runtime=0.27s, PAR-2=0.27s
[DEBUG] Processing 1372/2482: QF_NRA/hycomp/ball_count_2d_hill_simple.05.seq_lazy_linear_enc_lemmas_global_14.smt2
[DEBUG] Predicted solver: Yices2 for benchmark QF_NRA/hycomp/ball_count_2d_hill_simple.05.seq_lazy_linear_enc_lemmas_global_14.smt2
[DEBUG] Benchmark QF_NRA/hycomp/ball_count_2d_hill_simple.05.seq_lazy_linear_enc_lemmas_global_14.smt2: solved=True, runtime=0.27s, PAR-2=0.27s
[DEBUG] Processing 1373/2482: QF_NRA/meti-tarski/exp/problem/10/3/exp-problem-10-3-chunk-0135.smt2
[DEBUG] Predicted solver: Z3alpha for benchmark QF_NRA/meti-tarski/exp/problem/10/3/exp-problem-10-3-chunk-0135.smt2
[DEBUG] Benchmark QF_NRA/meti-tarski/exp/problem/10/3/exp-problem-10-3-chunk-0135.smt2: solved=True, runtime=0.27s, PAR-2=0.27s
[DEBUG] Processing 1374/2482: QF_NRA/hycomp/ball_count_2d_hill_simple.01.qfree_global_6.smt2
[DEBUG] Predicted solver: SMTInterpol for benchmark QF_NRA/hycomp/ball_count_2d_hill_simple.01.qfree_global_6.smt2
[DEBUG] Benchmark QF_NRA/hycomp/ball_count_2d_hill_simple.01.qfree_global_6.smt2: solved=True, runtime=0.73s, PAR-2=0.73s
[DEBUG] Processing 1375/2482: QF_NRA/LassoRanker/SV-COMP/min_rf_true-termination.c_Iteration1_Loop_2-pieceTemplate.smt2
[DEBUG] Predicted solver: SMTInterpol for benchmark QF_NRA/LassoRanker/SV-COMP/min_rf_true-termination.c_Iteration1_Loop_2-pieceTemplate.smt2
[DEBUG] Benchmark QF_NRA/LassoRanker/SV-COMP/min_rf_true-termination.c_Iteration1_Loop_2-pieceTemplate.smt2: solved=True, runtime=2.33s, PAR-2=2.33s
[DEBUG] Processing 1376/2482: QF_NRA/LassoRanker/CooperatingT2/p-55.t2.c_Iteration3_Loop_3-pieceTemplate.smt2
[DEBUG] Predicted solver: SMTInterpol for benchmark QF_NRA/LassoRanker/CooperatingT2/p-55.t2.c_Iteration3_Loop_3-pieceTemplate.smt2
[DEBUG] Benchmark QF_NRA/LassoRanker/CooperatingT2/p-55.t2.c_Iteration3_Loop_3-pieceTemplate.smt2: solved=True, runtime=2.42s, PAR-2=2.42s
[DEBUG] Processing 1377/2482: QF_NRA/meti-tarski/sin/problem/10/sin-problem-10-3-chunk-0016.smt2
[DEBUG] Predicted solver: Z3alpha for benchmark QF_NRA/meti-tarski/sin/problem/10/sin-problem-10-3-chunk-0016.smt2
[DEBUG] Benchmark QF_NRA/meti-tarski/sin/problem/10/sin-problem-10-3-chunk-0016.smt2: solved=True, runtime=0.27s, PAR-2=0.27s
[DEBUG] Processing 1378/2482: QF_NRA/20180501-Economics-Mulligan/MulliganEconomicsModel0024c.smt2
[DEBUG] Predicted solver: SMTInterpol for benchmark QF_NRA/20180501-Economics-Mulligan/MulliganEconomicsModel0024c.smt2
[DEBUG] Benchmark QF_NRA/20180501-Economics-Mulligan/MulliganEconomicsModel0024c.smt2: solved=True, runtime=0.44s, PAR-2=0.44s
[DEBUG] Processing 1379/2482: QF_NRA/meti-tarski/sin/cos/sin-cos-346-b-chunk-0231.smt2
[DEBUG] Predicted solver: Z3alpha for benchmark QF_NRA/meti-tarski/sin/cos/sin-cos-346-b-chunk-0231.smt2
[DEBUG] Benchmark QF_NRA/meti-tarski/sin/cos/sin-cos-346-b-chunk-0231.smt2: solved=True, runtime=0.27s, PAR-2=0.27s
[DEBUG] Processing 1380/2482: QF_NRA/meti-tarski/Chua/2/VC1/U/Chua-2-VC1-U-chunk-0069.smt2
[DEBUG] Predicted solver: Z3alpha for benchmark QF_NRA/meti-tarski/Chua/2/VC1/U/Chua-2-VC1-U-chunk-0069.smt2
[DEBUG] Benchmark QF_NRA/meti-tarski/Chua/2/VC1/U/Chua-2-VC1-U-chunk-0069.smt2: solved=True, runtime=0.27s, PAR-2=0.27s
[DEBUG] Processing 1381/2482: QF_NRA/hycomp/ball_count_2d_plain.10.redlog_global_15.smt2
[DEBUG] Predicted solver: SMTInterpol for benchmark QF_NRA/hycomp/ball_count_2d_plain.10.redlog_global_15.smt2
[DEBUG] Benchmark QF_NRA/hycomp/ball_count_2d_plain.10.redlog_global_15.smt2: solved=True, runtime=1.28s, PAR-2=1.28s
[DEBUG] Processing 1382/2482: QF_NRA/hycomp/ball_count_2d_hill.02.seq_lazy_linear_enc_lemmas_global_12.smt2
[DEBUG] Predicted solver: SMTInterpol for benchmark QF_NRA/hycomp/ball_count_2d_hill.02.seq_lazy_linear_enc_lemmas_global_12.smt2
[DEBUG] Benchmark QF_NRA/hycomp/ball_count_2d_hill.02.seq_lazy_linear_enc_lemmas_global_12.smt2: solved=True, runtime=1.07s, PAR-2=1.07s
[DEBUG] Processing 1383/2482: QF_NRA/kissing/kissing_4_18.smt2
[DEBUG] Predicted solver: SMTInterpol for benchmark QF_NRA/kissing/kissing_4_18.smt2
[DEBUG] Benchmark QF_NRA/kissing/kissing_4_18.smt2: solved=True, runtime=0.81s, PAR-2=0.81s
[DEBUG] Processing 1384/2482: QF_NRA/hycomp/ball_count_2d_plain.01.seq_lazy_lemmas_global_11.smt2
[DEBUG] Predicted solver: SMTInterpol for benchmark QF_NRA/hycomp/ball_count_2d_plain.01.seq_lazy_lemmas_global_11.smt2
[DEBUG] Benchmark QF_NRA/hycomp/ball_count_2d_plain.01.seq_lazy_lemmas_global_11.smt2: solved=True, runtime=0.98s, PAR-2=0.98s
[DEBUG] Processing 1385/2482: QF_NRA/LassoRanker/Ultimate/Collatz.bpl_Iteration1_Lasso_7-nestedTemplate.smt2
[DEBUG] Predicted solver: Z3alpha for benchmark QF_NRA/LassoRanker/Ultimate/Collatz.bpl_Iteration1_Lasso_7-nestedTemplate.smt2
[DEBUG] Benchmark QF_NRA/LassoRanker/Ultimate/Collatz.bpl_Iteration1_Lasso_7-nestedTemplate.smt2: solved=True, runtime=61.92s, PAR-2=61.92s
[DEBUG] Processing 1386/2482: QF_NRA/20161105-Sturm-MBO/mbo_E3E23.smt2
[DEBUG] Predicted solver: SMTInterpol for benchmark QF_NRA/20161105-Sturm-MBO/mbo_E3E23.smt2
[DEBUG] Benchmark QF_NRA/20161105-Sturm-MBO/mbo_E3E23.smt2: solved=True, runtime=1.85s, PAR-2=1.85s
[DEBUG] Processing 1387/2482: QF_NRA/2019-ezsmt/generator/inst-ijcai-lin3.ez.smt2
[DEBUG] Predicted solver: Yices2 for benchmark QF_NRA/2019-ezsmt/generator/inst-ijcai-lin3.ez.smt2
[DEBUG] Benchmark QF_NRA/2019-ezsmt/generator/inst-ijcai-lin3.ez.smt2: solved=True, runtime=0.23s, PAR-2=0.23s
[DEBUG] Processing 1388/2482: QF_NRA/meti-tarski/sin/problem/7/weak2/sin-problem-7-weak2-chunk-0101.smt2
[DEBUG] Predicted solver: Z3alpha for benchmark QF_NRA/meti-tarski/sin/problem/7/weak2/sin-problem-7-weak2-chunk-0101.smt2
[DEBUG] Benchmark QF_NRA/meti-tarski/sin/problem/7/weak2/sin-problem-7-weak2-chunk-0101.smt2: solved=True, runtime=0.27s, PAR-2=0.27s
[DEBUG] Processing 1389/2482: QF_NRA/UltimateAutomizer/InVarSynth_GopanReps-CAV2006-Fig1.c_Iteration2_0.smt2
[DEBUG] Predicted solver: SMTInterpol for benchmark QF_NRA/UltimateAutomizer/InVarSynth_GopanReps-CAV2006-Fig1.c_Iteration2_0.smt2
[DEBUG] Benchmark QF_NRA/UltimateAutomizer/InVarSynth_GopanReps-CAV2006-Fig1.c_Iteration2_0.smt2: solved=True, runtime=0.61s, PAR-2=0.61s
[DEBUG] Processing 1390/2482: QF_NRA/meti-tarski/Chua/1/IL/U/Chua-1-IL-U-chunk-0058.smt2
[DEBUG] Predicted solver: Z3alpha for benchmark QF_NRA/meti-tarski/Chua/1/IL/U/Chua-1-IL-U-chunk-0058.smt2
[DEBUG] Benchmark QF_NRA/meti-tarski/Chua/1/IL/U/Chua-1-IL-U-chunk-0058.smt2: solved=True, runtime=0.27s, PAR-2=0.27s
[DEBUG] Processing 1391/2482: QF_NRA/hycomp/simple_ballistics_reach.01.seq_lazy_global_13.smt2
[DEBUG] Predicted solver: SMTInterpol for benchmark QF_NRA/hycomp/simple_ballistics_reach.01.seq_lazy_global_13.smt2
[DEBUG] Benchmark QF_NRA/hycomp/simple_ballistics_reach.01.seq_lazy_global_13.smt2: solved=True, runtime=1.08s, PAR-2=1.08s
[DEBUG] Processing 1392/2482: QF_NRA/hycomp/ball_count_2d_slope.04.seq_lazy_linear_enc_lemmas_global_12.smt2
[DEBUG] Predicted solver: SMTInterpol for benchmark QF_NRA/hycomp/ball_count_2d_slope.04.seq_lazy_linear_enc_lemmas_global_12.smt2
[DEBUG] Benchmark QF_NRA/hycomp/ball_count_2d_slope.04.seq_lazy_linear_enc_lemmas_global_12.smt2: solved=True, runtime=1.26s, PAR-2=1.26s
[DEBUG] Processing 1393/2482: QF_NRA/meti-tarski/polypaver/bench-sqrt-3d/polypaver-bench-sqrt-3d-chunk-0518.smt2
[DEBUG] Predicted solver: Z3alpha for benchmark QF_NRA/meti-tarski/polypaver/bench-sqrt-3d/polypaver-bench-sqrt-3d-chunk-0518.smt2
[DEBUG] Benchmark QF_NRA/meti-tarski/polypaver/bench-sqrt-3d/polypaver-bench-sqrt-3d-chunk-0518.smt2: solved=True, runtime=0.28s, PAR-2=0.28s
[DEBUG] Processing 1394/2482: QF_NRA/hycomp/ball_count_2d_slope.04.seq_lazy_linear_enc_lemmas_global_7.smt2
[DEBUG] Predicted solver: SMTInterpol for benchmark QF_NRA/hycomp/ball_count_2d_slope.04.seq_lazy_linear_enc_lemmas_global_7.smt2
[DEBUG] Benchmark QF_NRA/hycomp/ball_count_2d_slope.04.seq_lazy_linear_enc_lemmas_global_7.smt2: solved=True, runtime=1.09s, PAR-2=1.09s
[DEBUG] Processing 1395/2482: QF_NRA/LassoRanker/SV-COMP/aviad_true-termination.c_Iteration1_Loop_7-phaseTemplate.smt2
[DEBUG] Predicted solver: Z3alpha for benchmark QF_NRA/LassoRanker/SV-COMP/aviad_true-termination.c_Iteration1_Loop_7-phaseTemplate.smt2
[DEBUG] Benchmark QF_NRA/LassoRanker/SV-COMP/aviad_true-termination.c_Iteration1_Loop_7-phaseTemplate.smt2: solved=True, runtime=178.21s, PAR-2=178.21s
[DEBUG] Processing 1396/2482: QF_NRA/20161105-Sturm-MBO/mbo_E4E20.smt2
[DEBUG] Predicted solver: SMTInterpol for benchmark QF_NRA/20161105-Sturm-MBO/mbo_E4E20.smt2
[DEBUG] Benchmark QF_NRA/20161105-Sturm-MBO/mbo_E4E20.smt2: solved=True, runtime=2.13s, PAR-2=2.13s
[DEBUG] Processing 1397/2482: QF_NRA/20161105-Sturm-MBO/mbo_E10E14.smt2
[DEBUG] Predicted solver: SMTInterpol for benchmark QF_NRA/20161105-Sturm-MBO/mbo_E10E14.smt2
[DEBUG] Benchmark QF_NRA/20161105-Sturm-MBO/mbo_E10E14.smt2: solved=True, runtime=2.17s, PAR-2=2.17s
[DEBUG] Processing 1398/2482: QF_NRA/meti-tarski/Chua/1/VC2/L/Chua-1-VC2-L-chunk-0063.smt2
[DEBUG] Predicted solver: Z3alpha for benchmark QF_NRA/meti-tarski/Chua/1/VC2/L/Chua-1-VC2-L-chunk-0063.smt2
[DEBUG] Benchmark QF_NRA/meti-tarski/Chua/1/VC2/L/Chua-1-VC2-L-chunk-0063.smt2: solved=True, runtime=0.27s, PAR-2=0.27s
[DEBUG] Processing 1399/2482: QF_NRA/meti-tarski/exp/problem/10/3/weak/exp-problem-10-3-weak-chunk-0222.smt2
[DEBUG] Predicted solver: Z3alpha for benchmark QF_NRA/meti-tarski/exp/problem/10/3/weak/exp-problem-10-3-weak-chunk-0222.smt2
[DEBUG] Benchmark QF_NRA/meti-tarski/exp/problem/10/3/weak/exp-problem-10-3-weak-chunk-0222.smt2: solved=True, runtime=0.37s, PAR-2=0.37s
[DEBUG] Processing 1400/2482: QF_NRA/meti-tarski/atan/vega/3/atan-vega-3-chunk-0341.smt2
[DEBUG] Predicted solver: Z3alpha for benchmark QF_NRA/meti-tarski/atan/vega/3/atan-vega-3-chunk-0341.smt2
[DEBUG] Benchmark QF_NRA/meti-tarski/atan/vega/3/atan-vega-3-chunk-0341.smt2: solved=True, runtime=0.27s, PAR-2=0.27s
[DEBUG] Processing 1401/2482: QF_NRA/hycomp/ball_count_1d_plain.10.seq_lazy_global_13.smt2
[DEBUG] Predicted solver: SMTInterpol for benchmark QF_NRA/hycomp/ball_count_1d_plain.10.seq_lazy_global_13.smt2
[DEBUG] Benchmark QF_NRA/hycomp/ball_count_1d_plain.10.seq_lazy_global_13.smt2: solved=True, runtime=0.98s, PAR-2=0.98s
[DEBUG] Processing 1402/2482: QF_NRA/meti-tarski/cos/problem/5/cos-problem-5-chunk-0029.smt2
[DEBUG] Predicted solver: Z3alpha for benchmark QF_NRA/meti-tarski/cos/problem/5/cos-problem-5-chunk-0029.smt2
[DEBUG] Benchmark QF_NRA/meti-tarski/cos/problem/5/cos-problem-5-chunk-0029.smt2: solved=True, runtime=0.27s, PAR-2=0.27s
[DEBUG] Processing 1403/2482: QF_NRA/meti-tarski/atan/vega/3/weak/atan-vega-3-weak-chunk-0540.smt2
[DEBUG] Predicted solver: Z3alpha for benchmark QF_NRA/meti-tarski/atan/vega/3/weak/atan-vega-3-weak-chunk-0540.smt2
[DEBUG] Benchmark QF_NRA/meti-tarski/atan/vega/3/weak/atan-vega-3-weak-chunk-0540.smt2: solved=True, runtime=0.33s, PAR-2=0.33s
[DEBUG] Processing 1404/2482: QF_NRA/meti-tarski/atan/vega/3/atan-vega-3-chunk-0614.smt2
[DEBUG] Predicted solver: Z3alpha for benchmark QF_NRA/meti-tarski/atan/vega/3/atan-vega-3-chunk-0614.smt2
[DEBUG] Benchmark QF_NRA/meti-tarski/atan/vega/3/atan-vega-3-chunk-0614.smt2: solved=True, runtime=0.96s, PAR-2=0.96s
[DEBUG] Processing 1405/2482: QF_NRA/meti-tarski/sin/problem/7/weak2/sin-problem-7-weak2-chunk-0116.smt2
[DEBUG] Predicted solver: Z3alpha for benchmark QF_NRA/meti-tarski/sin/problem/7/weak2/sin-problem-7-weak2-chunk-0116.smt2
[DEBUG] Benchmark QF_NRA/meti-tarski/sin/problem/7/weak2/sin-problem-7-weak2-chunk-0116.smt2: solved=True, runtime=0.34s, PAR-2=0.34s
[DEBUG] Processing 1406/2482: QF_NRA/zankl/matrix-4-all-22.smt2
[DEBUG] Predicted solver: SMTInterpol for benchmark QF_NRA/zankl/matrix-4-all-22.smt2
[DEBUG] Benchmark QF_NRA/zankl/matrix-4-all-22.smt2: solved=True, runtime=1.16s, PAR-2=1.16s
[DEBUG] Processing 1407/2482: QF_NRA/LassoRanker/Ultimate/Collatz.bpl_Iteration1_Loop_7-phaseTemplate.smt2
[DEBUG] Predicted solver: Z3alpha for benchmark QF_NRA/LassoRanker/Ultimate/Collatz.bpl_Iteration1_Loop_7-phaseTemplate.smt2
[DEBUG] Benchmark QF_NRA/LassoRanker/Ultimate/Collatz.bpl_Iteration1_Loop_7-phaseTemplate.smt2: solved=True, runtime=76.35s, PAR-2=76.35s
[DEBUG] Processing 1408/2482: QF_NRA/meti-tarski/sqrt/1mcosq/7/sqrt-1mcosq-7-chunk-0137.smt2
[DEBUG] Predicted solver: Z3alpha for benchmark QF_NRA/meti-tarski/sqrt/1mcosq/7/sqrt-1mcosq-7-chunk-0137.smt2
[DEBUG] Benchmark QF_NRA/meti-tarski/sqrt/1mcosq/7/sqrt-1mcosq-7-chunk-0137.smt2: solved=True, runtime=0.27s, PAR-2=0.27s
[DEBUG] Processing 1409/2482: QF_NRA/meti-tarski/sqrt/1mcosq/7/sqrt-1mcosq-7-chunk-0146.smt2
[DEBUG] Predicted solver: Z3alpha for benchmark QF_NRA/meti-tarski/sqrt/1mcosq/7/sqrt-1mcosq-7-chunk-0146.smt2
[DEBUG] Benchmark QF_NRA/meti-tarski/sqrt/1mcosq/7/sqrt-1mcosq-7-chunk-0146.smt2: solved=True, runtime=0.37s, PAR-2=0.37s
[DEBUG] Processing 1410/2482: QF_NRA/meti-tarski/sqrt/1mcosq/7/sqrt-1mcosq-7-chunk-0026.smt2
[DEBUG] Predicted solver: Z3alpha for benchmark QF_NRA/meti-tarski/sqrt/1mcosq/7/sqrt-1mcosq-7-chunk-0026.smt2
[DEBUG] Benchmark QF_NRA/meti-tarski/sqrt/1mcosq/7/sqrt-1mcosq-7-chunk-0026.smt2: solved=True, runtime=0.27s, PAR-2=0.27s
[DEBUG] Processing 1411/2482: QF_NRA/LassoRanker/SV-COMP/min_rf_true-termination.c_Iteration1_Lasso_4-pieceTemplate.smt2
[DEBUG] Predicted solver: SMTInterpol for benchmark QF_NRA/LassoRanker/SV-COMP/min_rf_true-termination.c_Iteration1_Lasso_4-pieceTemplate.smt2
[DEBUG] Benchmark QF_NRA/LassoRanker/SV-COMP/min_rf_true-termination.c_Iteration1_Lasso_4-pieceTemplate.smt2: solved=True, runtime=11.14s, PAR-2=11.14s
[DEBUG] Processing 1412/2482: QF_NRA/meti-tarski/sqrt/1mcosq/8/sqrt-1mcosq-8-chunk-0696.smt2
[DEBUG] Predicted solver: Z3alpha for benchmark QF_NRA/meti-tarski/sqrt/1mcosq/8/sqrt-1mcosq-8-chunk-0696.smt2
[DEBUG] Benchmark QF_NRA/meti-tarski/sqrt/1mcosq/8/sqrt-1mcosq-8-chunk-0696.smt2: solved=True, runtime=0.32s, PAR-2=0.32s
[DEBUG] Processing 1413/2482: QF_NRA/meti-tarski/sqrt/1mcosq/7/sqrt-1mcosq-7-chunk-0024.smt2
[DEBUG] Predicted solver: Z3alpha for benchmark QF_NRA/meti-tarski/sqrt/1mcosq/7/sqrt-1mcosq-7-chunk-0024.smt2
[DEBUG] Benchmark QF_NRA/meti-tarski/sqrt/1mcosq/7/sqrt-1mcosq-7-chunk-0024.smt2: solved=True, runtime=0.27s, PAR-2=0.27s
[DEBUG] Processing 1414/2482: QF_NRA/hycomp/ball_count_2d_hill_simple.05.redlog_global_15.smt2
[DEBUG] Predicted solver: Yices2 for benchmark QF_NRA/hycomp/ball_count_2d_hill_simple.05.redlog_global_15.smt2
[DEBUG] Benchmark QF_NRA/hycomp/ball_count_2d_hill_simple.05.redlog_global_15.smt2: solved=True, runtime=0.23s, PAR-2=0.23s
[DEBUG] Processing 1415/2482: QF_NRA/hycomp/ball_count_1d_plain.05.redlog_global_15.smt2
[DEBUG] Predicted solver: Yices2 for benchmark QF_NRA/hycomp/ball_count_1d_plain.05.redlog_global_15.smt2
[DEBUG] Benchmark QF_NRA/hycomp/ball_count_1d_plain.05.redlog_global_15.smt2: solved=True, runtime=0.26s, PAR-2=0.26s
[DEBUG] Processing 1416/2482: QF_NRA/20200911-Pine/1599122160430013000.smt2
[DEBUG] Predicted solver: Z3alpha for benchmark QF_NRA/20200911-Pine/1599122160430013000.smt2
[DEBUG] Benchmark QF_NRA/20200911-Pine/1599122160430013000.smt2: solved=True, runtime=0.27s, PAR-2=0.27s
[DEBUG] Processing 1417/2482: QF_NRA/meti-tarski/exp/problem/10/3/exp-problem-10-3-chunk-0101.smt2
[DEBUG] Predicted solver: Z3alpha for benchmark QF_NRA/meti-tarski/exp/problem/10/3/exp-problem-10-3-chunk-0101.smt2
[DEBUG] Benchmark QF_NRA/meti-tarski/exp/problem/10/3/exp-problem-10-3-chunk-0101.smt2: solved=True, runtime=0.27s, PAR-2=0.27s
[DEBUG] Processing 1418/2482: QF_NRA/meti-tarski/exp/problem/10/3/exp-problem-10-3-chunk-0130.smt2
[DEBUG] Predicted solver: Z3alpha for benchmark QF_NRA/meti-tarski/exp/problem/10/3/exp-problem-10-3-chunk-0130.smt2
[DEBUG] Benchmark QF_NRA/meti-tarski/exp/problem/10/3/exp-problem-10-3-chunk-0130.smt2: solved=True, runtime=0.27s, PAR-2=0.27s
[DEBUG] Processing 1419/2482: QF_NRA/hycomp/ball_count_2d_slope.01.seq_lazy_lemmas_global_6.smt2
[DEBUG] Predicted solver: SMTInterpol for benchmark QF_NRA/hycomp/ball_count_2d_slope.01.seq_lazy_lemmas_global_6.smt2
[DEBUG] Benchmark QF_NRA/hycomp/ball_count_2d_slope.01.seq_lazy_lemmas_global_6.smt2: solved=True, runtime=0.97s, PAR-2=0.97s
[DEBUG] Processing 1420/2482: QF_NRA/meti-tarski/Nichols-Plot/Inverted-Pendulum/Nichols-Plot-Inverted-Pendulum-Fails-1-6-chunk-0128.smt2
[DEBUG] Predicted solver: Z3alpha for benchmark QF_NRA/meti-tarski/Nichols-Plot/Inverted-Pendulum/Nichols-Plot-Inverted-Pendulum-Fails-1-6-chunk-0128.smt2
[DEBUG] Benchmark QF_NRA/meti-tarski/Nichols-Plot/Inverted-Pendulum/Nichols-Plot-Inverted-Pendulum-Fails-1-6-chunk-0128.smt2: solved=True, runtime=0.27s, PAR-2=0.27s
[DEBUG] Processing 1421/2482: QF_NRA/meti-tarski/sqrt/1mcosq/8/sqrt-1mcosq-8-chunk-0595.smt2
[DEBUG] Predicted solver: Z3alpha for benchmark QF_NRA/meti-tarski/sqrt/1mcosq/8/sqrt-1mcosq-8-chunk-0595.smt2
[DEBUG] Benchmark QF_NRA/meti-tarski/sqrt/1mcosq/8/sqrt-1mcosq-8-chunk-0595.smt2: solved=True, runtime=0.27s, PAR-2=0.27s
[DEBUG] Processing 1422/2482: QF_NRA/hycomp/ball_count_1d_plain.02.seq_lazy_global_13.smt2
[DEBUG] Predicted solver: SMTInterpol for benchmark QF_NRA/hycomp/ball_count_1d_plain.02.seq_lazy_global_13.smt2
[DEBUG] Benchmark QF_NRA/hycomp/ball_count_1d_plain.02.seq_lazy_global_13.smt2: solved=True, runtime=0.97s, PAR-2=0.97s
[DEBUG] Processing 1423/2482: QF_NRA/meti-tarski/atan/vega/3/atan-vega-3-chunk-0286.smt2
[DEBUG] Predicted solver: Z3alpha for benchmark QF_NRA/meti-tarski/atan/vega/3/atan-vega-3-chunk-0286.smt2
[DEBUG] Benchmark QF_NRA/meti-tarski/atan/vega/3/atan-vega-3-chunk-0286.smt2: solved=True, runtime=0.27s, PAR-2=0.27s
[DEBUG] Processing 1424/2482: QF_NRA/meti-tarski/sqrt/problem/sqrt-problem-Melquiond2-chunk-0044.smt2
[DEBUG] Predicted solver: Z3alpha for benchmark QF_NRA/meti-tarski/sqrt/problem/sqrt-problem-Melquiond2-chunk-0044.smt2
[DEBUG] Benchmark QF_NRA/meti-tarski/sqrt/problem/sqrt-problem-Melquiond2-chunk-0044.smt2: solved=True, runtime=0.30s, PAR-2=0.30s
[DEBUG] Processing 1425/2482: QF_NRA/hycomp/ball_count_2d_plain.02.seq_lazy_linear_enc_lemmas_global_12.smt2
[DEBUG] Predicted solver: SMTInterpol for benchmark QF_NRA/hycomp/ball_count_2d_plain.02.seq_lazy_linear_enc_lemmas_global_12.smt2
[DEBUG] Benchmark QF_NRA/hycomp/ball_count_2d_plain.02.seq_lazy_linear_enc_lemmas_global_12.smt2: solved=True, runtime=0.98s, PAR-2=0.98s
[DEBUG] Processing 1426/2482: QF_NRA/meti-tarski/sqrt/1mcosq/7/sqrt-1mcosq-7-chunk-0157.smt2
[DEBUG] Predicted solver: Z3alpha for benchmark QF_NRA/meti-tarski/sqrt/1mcosq/7/sqrt-1mcosq-7-chunk-0157.smt2
[DEBUG] Benchmark QF_NRA/meti-tarski/sqrt/1mcosq/7/sqrt-1mcosq-7-chunk-0157.smt2: solved=True, runtime=0.28s, PAR-2=0.28s
[DEBUG] Processing 1427/2482: QF_NRA/meti-tarski/sin/problem/7/sin-problem-7-chunk-0215.smt2
[DEBUG] Predicted solver: Z3alpha for benchmark QF_NRA/meti-tarski/sin/problem/7/sin-problem-7-chunk-0215.smt2
[DEBUG] Benchmark QF_NRA/meti-tarski/sin/problem/7/sin-problem-7-chunk-0215.smt2: solved=True, runtime=0.27s, PAR-2=0.27s
[DEBUG] Processing 1428/2482: QF_NRA/hycomp/ball_count_2d_hill.02.seq_lazy_linear_enc_global_10.smt2
[DEBUG] Predicted solver: SMTInterpol for benchmark QF_NRA/hycomp/ball_count_2d_hill.02.seq_lazy_linear_enc_global_10.smt2
[DEBUG] Benchmark QF_NRA/hycomp/ball_count_2d_hill.02.seq_lazy_linear_enc_global_10.smt2: solved=True, runtime=0.97s, PAR-2=0.97s
[DEBUG] Processing 1429/2482: QF_NRA/hycomp/ball_count_2d_plain.02.seq_lazy_linear_enc_lemmas_global_4.smt2
[DEBUG] Predicted solver: SMTInterpol for benchmark QF_NRA/hycomp/ball_count_2d_plain.02.seq_lazy_linear_enc_lemmas_global_4.smt2
[DEBUG] Benchmark QF_NRA/hycomp/ball_count_2d_plain.02.seq_lazy_linear_enc_lemmas_global_4.smt2: solved=True, runtime=0.70s, PAR-2=0.70s
[DEBUG] Processing 1430/2482: QF_NRA/LassoRanker/CooperatingT2/ex11.t2.c_Iteration1_Lasso_4-lexTemplate.smt2
[DEBUG] Predicted solver: SMTInterpol for benchmark QF_NRA/LassoRanker/CooperatingT2/ex11.t2.c_Iteration1_Lasso_4-lexTemplate.smt2
[DEBUG] Benchmark QF_NRA/LassoRanker/CooperatingT2/ex11.t2.c_Iteration1_Lasso_4-lexTemplate.smt2: solved=True, runtime=3.05s, PAR-2=3.05s
[DEBUG] Processing 1431/2482: QF_NRA/hycomp/ball_count_2d_slope.02.seq_lazy_global_11.smt2
[DEBUG] Predicted solver: SMTInterpol for benchmark QF_NRA/hycomp/ball_count_2d_slope.02.seq_lazy_global_11.smt2
[DEBUG] Benchmark QF_NRA/hycomp/ball_count_2d_slope.02.seq_lazy_global_11.smt2: solved=True, runtime=1.22s, PAR-2=1.22s
[DEBUG] Processing 1432/2482: QF_NRA/meti-tarski/sqrt/1mcosq/8/sqrt-1mcosq-8-chunk-0632.smt2
[DEBUG] Predicted solver: Z3alpha for benchmark QF_NRA/meti-tarski/sqrt/1mcosq/8/sqrt-1mcosq-8-chunk-0632.smt2
[DEBUG] Benchmark QF_NRA/meti-tarski/sqrt/1mcosq/8/sqrt-1mcosq-8-chunk-0632.smt2: solved=True, runtime=0.28s, PAR-2=0.28s
[DEBUG] Processing 1433/2482: QF_NRA/meti-tarski/atan/vega/3/atan-vega-3-chunk-0419.smt2
[DEBUG] Predicted solver: Z3alpha for benchmark QF_NRA/meti-tarski/atan/vega/3/atan-vega-3-chunk-0419.smt2
[DEBUG] Benchmark QF_NRA/meti-tarski/atan/vega/3/atan-vega-3-chunk-0419.smt2: solved=True, runtime=0.27s, PAR-2=0.27s
[DEBUG] Processing 1434/2482: QF_NRA/hycomp/ball_count_2d_hill_simple.04.redlog_global_12.smt2
[DEBUG] Predicted solver: SMTInterpol for benchmark QF_NRA/hycomp/ball_count_2d_hill_simple.04.redlog_global_12.smt2
[DEBUG] Benchmark QF_NRA/hycomp/ball_count_2d_hill_simple.04.redlog_global_12.smt2: solved=True, runtime=0.97s, PAR-2=0.97s
[DEBUG] Processing 1435/2482: QF_NRA/meti-tarski/exp/problem/10/3/exp-problem-10-3-chunk-0139.smt2
[DEBUG] Predicted solver: Z3alpha for benchmark QF_NRA/meti-tarski/exp/problem/10/3/exp-problem-10-3-chunk-0139.smt2
[DEBUG] Benchmark QF_NRA/meti-tarski/exp/problem/10/3/exp-problem-10-3-chunk-0139.smt2: solved=True, runtime=0.27s, PAR-2=0.27s
[DEBUG] Processing 1436/2482: QF_NRA/meti-tarski/Chua/2/VC1/U/Chua-2-VC1-U-chunk-0085.smt2
[DEBUG] Predicted solver: Z3alpha for benchmark QF_NRA/meti-tarski/Chua/2/VC1/U/Chua-2-VC1-U-chunk-0085.smt2
[DEBUG] Benchmark QF_NRA/meti-tarski/Chua/2/VC1/U/Chua-2-VC1-U-chunk-0085.smt2: solved=True, runtime=0.27s, PAR-2=0.27s
[DEBUG] Processing 1437/2482: QF_NRA/20180501-Economics-Mulligan/MulliganEconomicsModel0052c.smt2
[DEBUG] Predicted solver: SMTInterpol for benchmark QF_NRA/20180501-Economics-Mulligan/MulliganEconomicsModel0052c.smt2
[DEBUG] Benchmark QF_NRA/20180501-Economics-Mulligan/MulliganEconomicsModel0052c.smt2: solved=True, runtime=0.45s, PAR-2=0.45s
[DEBUG] Processing 1438/2482: QF_NRA/meti-tarski/sin/cos/sin-cos-346-b-chunk-0606.smt2
[DEBUG] Predicted solver: Z3alpha for benchmark QF_NRA/meti-tarski/sin/cos/sin-cos-346-b-chunk-0606.smt2
[DEBUG] Benchmark QF_NRA/meti-tarski/sin/cos/sin-cos-346-b-chunk-0606.smt2: solved=True, runtime=0.28s, PAR-2=0.28s
[DEBUG] Processing 1439/2482: QF_NRA/20200911-Pine/1599122164891799000.smt2
[DEBUG] Predicted solver: Z3alpha for benchmark QF_NRA/20200911-Pine/1599122164891799000.smt2
[DEBUG] Benchmark QF_NRA/20200911-Pine/1599122164891799000.smt2: solved=True, runtime=0.27s, PAR-2=0.27s
[DEBUG] Processing 1440/2482: QF_NRA/hycomp/simple_ballistics_reach.01.seq_lazy_global_10.smt2
[DEBUG] Predicted solver: SMTInterpol for benchmark QF_NRA/hycomp/simple_ballistics_reach.01.seq_lazy_global_10.smt2
[DEBUG] Benchmark QF_NRA/hycomp/simple_ballistics_reach.01.seq_lazy_global_10.smt2: solved=True, runtime=1.15s, PAR-2=1.15s
[DEBUG] Processing 1441/2482: QF_NRA/meti-tarski/cos/problem/5/cos-problem-5-chunk-0042.smt2
[DEBUG] Predicted solver: Z3alpha for benchmark QF_NRA/meti-tarski/cos/problem/5/cos-problem-5-chunk-0042.smt2
[DEBUG] Benchmark QF_NRA/meti-tarski/cos/problem/5/cos-problem-5-chunk-0042.smt2: solved=True, runtime=0.30s, PAR-2=0.30s
[DEBUG] Processing 1442/2482: QF_NRA/hycomp/ball_count_2d_hill.03.seq_lazy_linear_enc_lemmas_global_6.smt2
[DEBUG] Predicted solver: SMTInterpol for benchmark QF_NRA/hycomp/ball_count_2d_hill.03.seq_lazy_linear_enc_lemmas_global_6.smt2
[DEBUG] Benchmark QF_NRA/hycomp/ball_count_2d_hill.03.seq_lazy_linear_enc_lemmas_global_6.smt2: solved=True, runtime=0.85s, PAR-2=0.85s
[DEBUG] Processing 1443/2482: QF_NRA/hycomp/ball_count_2d_hill.01.seq_lazy_lemmas_global_9.smt2
[DEBUG] Predicted solver: SMTInterpol for benchmark QF_NRA/hycomp/ball_count_2d_hill.01.seq_lazy_lemmas_global_9.smt2
[DEBUG] Benchmark QF_NRA/hycomp/ball_count_2d_hill.01.seq_lazy_lemmas_global_9.smt2: solved=True, runtime=1.10s, PAR-2=1.10s
[DEBUG] Processing 1444/2482: QF_NRA/20220314-Uncu/Polynomial_Proof_Calls/ProveIneq_Mitrinovic_4_17.smt2
[DEBUG] Predicted solver: Z3alpha for benchmark QF_NRA/20220314-Uncu/Polynomial_Proof_Calls/ProveIneq_Mitrinovic_4_17.smt2
[DEBUG] Benchmark QF_NRA/20220314-Uncu/Polynomial_Proof_Calls/ProveIneq_Mitrinovic_4_17.smt2: solved=True, runtime=0.31s, PAR-2=0.31s
[DEBUG] Processing 1445/2482: QF_NRA/hycomp/ball_count_2d_hill.10.seq_lazy_lemmas_global_14.smt2
[DEBUG] Predicted solver: SMTInterpol for benchmark QF_NRA/hycomp/ball_count_2d_hill.10.seq_lazy_lemmas_global_14.smt2
[DEBUG] Benchmark QF_NRA/hycomp/ball_count_2d_hill.10.seq_lazy_lemmas_global_14.smt2: solved=True, runtime=1.49s, PAR-2=1.49s
[DEBUG] Processing 1446/2482: QF_NRA/20211101-Geogebra/RightTriangle-Bottema11_20.smt2
[DEBUG] Predicted solver: cvc5 for benchmark QF_NRA/20211101-Geogebra/RightTriangle-Bottema11_20.smt2
[DEBUG] Benchmark QF_NRA/20211101-Geogebra/RightTriangle-Bottema11_20.smt2: solved=True, runtime=0.22s, PAR-2=0.22s
[DEBUG] Processing 1447/2482: QF_NRA/meti-tarski/exp/problem/10/2/exp-problem-10-2-chunk-0240.smt2
[DEBUG] Predicted solver: Z3alpha for benchmark QF_NRA/meti-tarski/exp/problem/10/2/exp-problem-10-2-chunk-0240.smt2
[DEBUG] Benchmark QF_NRA/meti-tarski/exp/problem/10/2/exp-problem-10-2-chunk-0240.smt2: solved=True, runtime=0.27s, PAR-2=0.27s
[DEBUG] Processing 1448/2482: QF_NRA/hycomp/ball_count_2d_plain.04.seq_lazy_lemmas_global_6.smt2
[DEBUG] Predicted solver: SMTInterpol for benchmark QF_NRA/hycomp/ball_count_2d_plain.04.seq_lazy_lemmas_global_6.smt2
[DEBUG] Benchmark QF_NRA/hycomp/ball_count_2d_plain.04.seq_lazy_lemmas_global_6.smt2: solved=True, runtime=0.89s, PAR-2=0.89s
[DEBUG] Processing 1449/2482: QF_NRA/UltimateAutomizer/InVarSynth_GoannaDoubleFreeWithoutPointers.c_Iteration2_0.smt2
[DEBUG] Predicted solver: SMTInterpol for benchmark QF_NRA/UltimateAutomizer/InVarSynth_GoannaDoubleFreeWithoutPointers.c_Iteration2_0.smt2
[DEBUG] Benchmark QF_NRA/UltimateAutomizer/InVarSynth_GoannaDoubleFreeWithoutPointers.c_Iteration2_0.smt2: solved=True, runtime=0.64s, PAR-2=0.64s
[DEBUG] Processing 1450/2482: QF_NRA/meti-tarski/atan/vega/3/weak/atan-vega-3-weak-chunk-0076.smt2
[DEBUG] Predicted solver: Z3alpha for benchmark QF_NRA/meti-tarski/atan/vega/3/weak/atan-vega-3-weak-chunk-0076.smt2
[DEBUG] Benchmark QF_NRA/meti-tarski/atan/vega/3/weak/atan-vega-3-weak-chunk-0076.smt2: solved=True, runtime=0.29s, PAR-2=0.29s
[DEBUG] Processing 1451/2482: QF_NRA/meti-tarski/atan/vega/3/weak/atan-vega-3-weak-chunk-0695.smt2
[DEBUG] Predicted solver: Z3alpha for benchmark QF_NRA/meti-tarski/atan/vega/3/weak/atan-vega-3-weak-chunk-0695.smt2
[DEBUG] Benchmark QF_NRA/meti-tarski/atan/vega/3/weak/atan-vega-3-weak-chunk-0695.smt2: solved=True, runtime=0.27s, PAR-2=0.27s
[DEBUG] Processing 1452/2482: QF_NRA/hycomp/ball_count_1d_plain.03.redlog_global_13.smt2
[DEBUG] Predicted solver: SMTInterpol for benchmark QF_NRA/hycomp/ball_count_1d_plain.03.redlog_global_13.smt2
[DEBUG] Benchmark QF_NRA/hycomp/ball_count_1d_plain.03.redlog_global_13.smt2: solved=True, runtime=1.01s, PAR-2=1.01s
[DEBUG] Processing 1453/2482: QF_NRA/hycomp/ball_count_2d_hill.02.seq_lazy_lemmas_global_8.smt2
[DEBUG] Predicted solver: SMTInterpol for benchmark QF_NRA/hycomp/ball_count_2d_hill.02.seq_lazy_lemmas_global_8.smt2
[DEBUG] Benchmark QF_NRA/hycomp/ball_count_2d_hill.02.seq_lazy_lemmas_global_8.smt2: solved=True, runtime=0.89s, PAR-2=0.89s
[DEBUG] Processing 1454/2482: QF_NRA/hycomp/ball_count_2d_hill.10.seq_lazy_global_8.smt2
[DEBUG] Predicted solver: SMTInterpol for benchmark QF_NRA/hycomp/ball_count_2d_hill.10.seq_lazy_global_8.smt2
[DEBUG] Benchmark QF_NRA/hycomp/ball_count_2d_hill.10.seq_lazy_global_8.smt2: solved=True, runtime=1.00s, PAR-2=1.00s
[DEBUG] Processing 1455/2482: QF_NRA/hycomp/ball_count_2d_plain.04.redlog_global_15.smt2
[DEBUG] Predicted solver: SMTInterpol for benchmark QF_NRA/hycomp/ball_count_2d_plain.04.redlog_global_15.smt2
[DEBUG] Benchmark QF_NRA/hycomp/ball_count_2d_plain.04.redlog_global_15.smt2: solved=True, runtime=1.28s, PAR-2=1.28s
[DEBUG] Processing 1456/2482: QF_NRA/20220314-Uncu/Polynomial_Proof_Calls/ProveIneq_ISSAC05_SignPattern_1p_4m_1npos_8p_p.smt2
[DEBUG] Predicted solver: Z3alpha for benchmark QF_NRA/20220314-Uncu/Polynomial_Proof_Calls/ProveIneq_ISSAC05_SignPattern_1p_4m_1npos_8p_p.smt2
[DEBUG] Benchmark QF_NRA/20220314-Uncu/Polynomial_Proof_Calls/ProveIneq_ISSAC05_SignPattern_1p_4m_1npos_8p_p.smt2: solved=True, runtime=0.32s, PAR-2=0.32s
[DEBUG] Processing 1457/2482: QF_NRA/20200911-Pine/1599121979237207000.smt2
[DEBUG] Predicted solver: Z3alpha for benchmark QF_NRA/20200911-Pine/1599121979237207000.smt2
[DEBUG] Benchmark QF_NRA/20200911-Pine/1599121979237207000.smt2: solved=True, runtime=0.28s, PAR-2=0.28s
[DEBUG] Processing 1458/2482: QF_NRA/20220314-Uncu/Polynomial_Proof_Calls/ProveIneq_ISSAC05_SignPattern_Lemma2.smt2
[DEBUG] Predicted solver: Z3alpha for benchmark QF_NRA/20220314-Uncu/Polynomial_Proof_Calls/ProveIneq_ISSAC05_SignPattern_Lemma2.smt2
[DEBUG] Benchmark QF_NRA/20220314-Uncu/Polynomial_Proof_Calls/ProveIneq_ISSAC05_SignPattern_Lemma2.smt2: solved=True, runtime=0.31s, PAR-2=0.31s
[DEBUG] Processing 1459/2482: QF_NRA/meti-tarski/sin/problem/7/weak2/sin-problem-7-weak2-chunk-0092.smt2
[DEBUG] Predicted solver: Z3alpha for benchmark QF_NRA/meti-tarski/sin/problem/7/weak2/sin-problem-7-weak2-chunk-0092.smt2
[DEBUG] Benchmark QF_NRA/meti-tarski/sin/problem/7/weak2/sin-problem-7-weak2-chunk-0092.smt2: solved=True, runtime=0.31s, PAR-2=0.31s
[DEBUG] Processing 1460/2482: QF_NRA/meti-tarski/sqrt/1mcosq/7/sqrt-1mcosq-7-chunk-0170.smt2
[DEBUG] Predicted solver: Z3alpha for benchmark QF_NRA/meti-tarski/sqrt/1mcosq/7/sqrt-1mcosq-7-chunk-0170.smt2
[DEBUG] Benchmark QF_NRA/meti-tarski/sqrt/1mcosq/7/sqrt-1mcosq-7-chunk-0170.smt2: solved=True, runtime=0.31s, PAR-2=0.31s
[DEBUG] Processing 1461/2482: QF_NRA/LassoRanker/Ultimate/simple-scaled200.bpl_Iteration1_Lasso_3-pieceTemplate.smt2
[DEBUG] Predicted solver: SMTInterpol for benchmark QF_NRA/LassoRanker/Ultimate/simple-scaled200.bpl_Iteration1_Lasso_3-pieceTemplate.smt2
[DEBUG] Benchmark QF_NRA/LassoRanker/Ultimate/simple-scaled200.bpl_Iteration1_Lasso_3-pieceTemplate.smt2: solved=True, runtime=7.24s, PAR-2=7.24s
[DEBUG] Processing 1462/2482: QF_NRA/20211101-Geogebra/IsoTriangle-Bottema1_1b.smt2
[DEBUG] Predicted solver: Z3alpha for benchmark QF_NRA/20211101-Geogebra/IsoTriangle-Bottema1_1b.smt2
[DEBUG] Benchmark QF_NRA/20211101-Geogebra/IsoTriangle-Bottema1_1b.smt2: solved=True, runtime=0.27s, PAR-2=0.27s
[DEBUG] Processing 1463/2482: QF_NRA/hycomp/ball_count_2d_plain.02.seq_lazy_lemmas_global_10.smt2
[DEBUG] Predicted solver: SMTInterpol for benchmark QF_NRA/hycomp/ball_count_2d_plain.02.seq_lazy_lemmas_global_10.smt2
[DEBUG] Benchmark QF_NRA/hycomp/ball_count_2d_plain.02.seq_lazy_lemmas_global_10.smt2: solved=True, runtime=0.99s, PAR-2=0.99s
[DEBUG] Processing 1464/2482: QF_NRA/meti-tarski/sqrt/1mcosq/8/sqrt-1mcosq-8-chunk-0096.smt2
[DEBUG] Predicted solver: Z3alpha for benchmark QF_NRA/meti-tarski/sqrt/1mcosq/8/sqrt-1mcosq-8-chunk-0096.smt2
[DEBUG] Benchmark QF_NRA/meti-tarski/sqrt/1mcosq/8/sqrt-1mcosq-8-chunk-0096.smt2: solved=True, runtime=0.27s, PAR-2=0.27s
[DEBUG] Processing 1465/2482: QF_NRA/meti-tarski/Nichols-Plot/Inverted-Pendulum/Nichols-Plot-Inverted-Pendulum-Fails-1-6-chunk-0147.smt2
[DEBUG] Predicted solver: Z3alpha for benchmark QF_NRA/meti-tarski/Nichols-Plot/Inverted-Pendulum/Nichols-Plot-Inverted-Pendulum-Fails-1-6-chunk-0147.smt2
[DEBUG] Benchmark QF_NRA/meti-tarski/Nichols-Plot/Inverted-Pendulum/Nichols-Plot-Inverted-Pendulum-Fails-1-6-chunk-0147.smt2: solved=True, runtime=0.27s, PAR-2=0.27s
[DEBUG] Processing 1466/2482: QF_NRA/hycomp/ball_count_1d_plain.03.seq_lazy_lemmas_global_13.smt2
[DEBUG] Predicted solver: SMTInterpol for benchmark QF_NRA/hycomp/ball_count_1d_plain.03.seq_lazy_lemmas_global_13.smt2
[DEBUG] Benchmark QF_NRA/hycomp/ball_count_1d_plain.03.seq_lazy_lemmas_global_13.smt2: solved=True, runtime=1.05s, PAR-2=1.05s
[DEBUG] Processing 1467/2482: QF_NRA/20161105-Sturm-MBO/mbo_E5E12.smt2
[DEBUG] Predicted solver: SMTInterpol for benchmark QF_NRA/20161105-Sturm-MBO/mbo_E5E12.smt2
[DEBUG] Benchmark QF_NRA/20161105-Sturm-MBO/mbo_E5E12.smt2: solved=True, runtime=2.61s, PAR-2=2.61s
[DEBUG] Processing 1468/2482: QF_NRA/LassoRanker/SV-COMP/min_rf_true-termination.c_Iteration1_Loop_4-pieceTemplate.smt2
[DEBUG] Predicted solver: SMTInterpol for benchmark QF_NRA/LassoRanker/SV-COMP/min_rf_true-termination.c_Iteration1_Loop_4-pieceTemplate.smt2
[DEBUG] Benchmark QF_NRA/LassoRanker/SV-COMP/min_rf_true-termination.c_Iteration1_Loop_4-pieceTemplate.smt2: solved=True, runtime=8.52s, PAR-2=8.52s
[DEBUG] Processing 1469/2482: QF_NRA/LassoRanker/CooperatingT2/mc91test.t2.c_Iteration5_Loop_4-pieceTemplate.smt2
[DEBUG] Predicted solver: SMTInterpol for benchmark QF_NRA/LassoRanker/CooperatingT2/mc91test.t2.c_Iteration5_Loop_4-pieceTemplate.smt2
[DEBUG] Benchmark QF_NRA/LassoRanker/CooperatingT2/mc91test.t2.c_Iteration5_Loop_4-pieceTemplate.smt2: solved=True, runtime=1.59s, PAR-2=1.59s
[DEBUG] Processing 1470/2482: QF_NRA/hycomp/ball_count_2d_hill.10.seq_lazy_lemmas_global_10.smt2
[DEBUG] Predicted solver: SMTInterpol for benchmark QF_NRA/hycomp/ball_count_2d_hill.10.seq_lazy_lemmas_global_10.smt2
[DEBUG] Benchmark QF_NRA/hycomp/ball_count_2d_hill.10.seq_lazy_lemmas_global_10.smt2: solved=True, runtime=1.20s, PAR-2=1.20s
[DEBUG] Processing 1471/2482: QF_NRA/meti-tarski/Chua/2/VC1/U/Chua-2-VC1-U-chunk-0031.smt2
[DEBUG] Predicted solver: Z3alpha for benchmark QF_NRA/meti-tarski/Chua/2/VC1/U/Chua-2-VC1-U-chunk-0031.smt2
[DEBUG] Benchmark QF_NRA/meti-tarski/Chua/2/VC1/U/Chua-2-VC1-U-chunk-0031.smt2: solved=True, runtime=0.31s, PAR-2=0.31s
[DEBUG] Processing 1472/2482: QF_NRA/hycomp/simple_ballistics_reach.01.seq_lazy_global_7.smt2
[DEBUG] Predicted solver: SMTInterpol for benchmark QF_NRA/hycomp/simple_ballistics_reach.01.seq_lazy_global_7.smt2
[DEBUG] Benchmark QF_NRA/hycomp/simple_ballistics_reach.01.seq_lazy_global_7.smt2: solved=True, runtime=0.91s, PAR-2=0.91s
[DEBUG] Processing 1473/2482: QF_NRA/hycomp/ball_count_2d_slope.03.seq_lazy_linear_enc_global_5.smt2
[DEBUG] Predicted solver: SMTInterpol for benchmark QF_NRA/hycomp/ball_count_2d_slope.03.seq_lazy_linear_enc_global_5.smt2
[DEBUG] Benchmark QF_NRA/hycomp/ball_count_2d_slope.03.seq_lazy_linear_enc_global_5.smt2: solved=True, runtime=0.90s, PAR-2=0.90s
[DEBUG] Processing 1474/2482: QF_NRA/meti-tarski/exp/problem/10/2/exp-problem-10-2-chunk-0248.smt2
[DEBUG] Predicted solver: Z3alpha for benchmark QF_NRA/meti-tarski/exp/problem/10/2/exp-problem-10-2-chunk-0248.smt2
[DEBUG] Benchmark QF_NRA/meti-tarski/exp/problem/10/2/exp-problem-10-2-chunk-0248.smt2: solved=True, runtime=0.27s, PAR-2=0.27s
[DEBUG] Processing 1475/2482: QF_NRA/meti-tarski/sqrt/1mcosq/8/sqrt-1mcosq-8-chunk-0275.smt2
[DEBUG] Predicted solver: Z3alpha for benchmark QF_NRA/meti-tarski/sqrt/1mcosq/8/sqrt-1mcosq-8-chunk-0275.smt2
[DEBUG] Benchmark QF_NRA/meti-tarski/sqrt/1mcosq/8/sqrt-1mcosq-8-chunk-0275.smt2: solved=True, runtime=0.28s, PAR-2=0.28s
[DEBUG] Processing 1476/2482: QF_NRA/meti-tarski/Nichols-Plot/Inverted-Pendulum/Nichols-Plot-Inverted-Pendulum-Fails-1-6-chunk-0257.smt2
[DEBUG] Predicted solver: Z3alpha for benchmark QF_NRA/meti-tarski/Nichols-Plot/Inverted-Pendulum/Nichols-Plot-Inverted-Pendulum-Fails-1-6-chunk-0257.smt2
[DEBUG] Benchmark QF_NRA/meti-tarski/Nichols-Plot/Inverted-Pendulum/Nichols-Plot-Inverted-Pendulum-Fails-1-6-chunk-0257.smt2: solved=True, runtime=0.30s, PAR-2=0.30s
[DEBUG] Processing 1477/2482: QF_NRA/LassoRanker/CooperatingT2/brp_withassume.t2.c_Iteration8_Loop_3-pieceTemplate.smt2
[DEBUG] Predicted solver: Yices2 for benchmark QF_NRA/LassoRanker/CooperatingT2/brp_withassume.t2.c_Iteration8_Loop_3-pieceTemplate.smt2
[DEBUG] Benchmark QF_NRA/LassoRanker/CooperatingT2/brp_withassume.t2.c_Iteration8_Loop_3-pieceTemplate.smt2: solved=False, runtime=1200.00s, PAR-2=2400.00s
[DEBUG] Processing 1478/2482: QF_NRA/LassoRanker/CooperatingT2/toeplz.c.i.toeplz.pl.t2.nor.t2.rlgfixed.t2.c_Iteration3_Loop_4-pieceTemplate.smt2
[DEBUG] Predicted solver: SMTInterpol for benchmark QF_NRA/LassoRanker/CooperatingT2/toeplz.c.i.toeplz.pl.t2.nor.t2.rlgfixed.t2.c_Iteration3_Loop_4-pieceTemplate.smt2
[DEBUG] Benchmark QF_NRA/LassoRanker/CooperatingT2/toeplz.c.i.toeplz.pl.t2.nor.t2.rlgfixed.t2.c_Iteration3_Loop_4-pieceTemplate.smt2: solved=True, runtime=1.31s, PAR-2=1.31s
[DEBUG] Processing 1479/2482: QF_NRA/meti-tarski/Nichols-Plot/Inverted-Pendulum/Nichols-Plot-Inverted-Pendulum-Fails-1-6-chunk-0151.smt2
[DEBUG] Predicted solver: Z3alpha for benchmark QF_NRA/meti-tarski/Nichols-Plot/Inverted-Pendulum/Nichols-Plot-Inverted-Pendulum-Fails-1-6-chunk-0151.smt2
[DEBUG] Benchmark QF_NRA/meti-tarski/Nichols-Plot/Inverted-Pendulum/Nichols-Plot-Inverted-Pendulum-Fails-1-6-chunk-0151.smt2: solved=True, runtime=0.27s, PAR-2=0.27s
[DEBUG] Processing 1480/2482: QF_NRA/meti-tarski/atan/vega/3/atan-vega-3-chunk-0361.smt2
[DEBUG] Predicted solver: Z3alpha for benchmark QF_NRA/meti-tarski/atan/vega/3/atan-vega-3-chunk-0361.smt2
[DEBUG] Benchmark QF_NRA/meti-tarski/atan/vega/3/atan-vega-3-chunk-0361.smt2: solved=True, runtime=0.27s, PAR-2=0.27s
[DEBUG] Processing 1481/2482: QF_NRA/meti-tarski/CONVOI2/CONVOI2-chunk-0021.smt2
[DEBUG] Predicted solver: Z3alpha for benchmark QF_NRA/meti-tarski/CONVOI2/CONVOI2-chunk-0021.smt2
[DEBUG] Benchmark QF_NRA/meti-tarski/CONVOI2/CONVOI2-chunk-0021.smt2: solved=True, runtime=0.27s, PAR-2=0.27s
[DEBUG] Processing 1482/2482: QF_NRA/hycomp/ball_count_2d_slope.05.seq_lazy_global_9.smt2
[DEBUG] Predicted solver: SMTInterpol for benchmark QF_NRA/hycomp/ball_count_2d_slope.05.seq_lazy_global_9.smt2
[DEBUG] Benchmark QF_NRA/hycomp/ball_count_2d_slope.05.seq_lazy_global_9.smt2: solved=True, runtime=1.16s, PAR-2=1.16s
[DEBUG] Processing 1483/2482: QF_NRA/meti-tarski/sqrt/1mcosq/8/sqrt-1mcosq-8-chunk-0347.smt2
[DEBUG] Predicted solver: Z3alpha for benchmark QF_NRA/meti-tarski/sqrt/1mcosq/8/sqrt-1mcosq-8-chunk-0347.smt2
[DEBUG] Benchmark QF_NRA/meti-tarski/sqrt/1mcosq/8/sqrt-1mcosq-8-chunk-0347.smt2: solved=True, runtime=0.27s, PAR-2=0.27s
[DEBUG] Processing 1484/2482: QF_NRA/meti-tarski/Chua/1/IL/L/Chua-1-IL-L-chunk-0104.smt2
[DEBUG] Predicted solver: Z3alpha for benchmark QF_NRA/meti-tarski/Chua/1/IL/L/Chua-1-IL-L-chunk-0104.smt2
[DEBUG] Benchmark QF_NRA/meti-tarski/Chua/1/IL/L/Chua-1-IL-L-chunk-0104.smt2: solved=True, runtime=0.26s, PAR-2=0.26s
[DEBUG] Processing 1485/2482: QF_NRA/LassoRanker/CooperatingT2/bf20.t2.c_Iteration1_Loop_4-pieceTemplate.smt2
[DEBUG] Predicted solver: SMTInterpol for benchmark QF_NRA/LassoRanker/CooperatingT2/bf20.t2.c_Iteration1_Loop_4-pieceTemplate.smt2
[DEBUG] Benchmark QF_NRA/LassoRanker/CooperatingT2/bf20.t2.c_Iteration1_Loop_4-pieceTemplate.smt2: solved=True, runtime=1.39s, PAR-2=1.39s
[DEBUG] Processing 1486/2482: QF_NRA/LassoRanker/SV-COMP/GulwaniJainKoskinen-2009PLDI-Fig1_true-termination.c_Iteration1_Lasso_7-nestedTemplate.smt2
[DEBUG] Predicted solver: Yices2 for benchmark QF_NRA/LassoRanker/SV-COMP/GulwaniJainKoskinen-2009PLDI-Fig1_true-termination.c_Iteration1_Lasso_7-nestedTemplate.smt2
[DEBUG] Benchmark QF_NRA/LassoRanker/SV-COMP/GulwaniJainKoskinen-2009PLDI-Fig1_true-termination.c_Iteration1_Lasso_7-nestedTemplate.smt2: solved=True, runtime=51.87s, PAR-2=51.87s
[DEBUG] Processing 1487/2482: QF_NRA/meti-tarski/sin/cos/sin-cos-346-b-chunk-0383.smt2
[DEBUG] Predicted solver: Z3alpha for benchmark QF_NRA/meti-tarski/sin/cos/sin-cos-346-b-chunk-0383.smt2
[DEBUG] Benchmark QF_NRA/meti-tarski/sin/cos/sin-cos-346-b-chunk-0383.smt2: solved=True, runtime=0.29s, PAR-2=0.29s
[DEBUG] Processing 1488/2482: QF_NRA/hycomp/ball_count_2d_plain.01.qfree_global_15.smt2
[DEBUG] Predicted solver: SMTInterpol for benchmark QF_NRA/hycomp/ball_count_2d_plain.01.qfree_global_15.smt2
[DEBUG] Benchmark QF_NRA/hycomp/ball_count_2d_plain.01.qfree_global_15.smt2: solved=True, runtime=1.10s, PAR-2=1.10s
[DEBUG] Processing 1489/2482: QF_NRA/2019-ezsmt/reverseFolding/49-reverse_folding-0-0.smt2
[DEBUG] Predicted solver: Yices2 for benchmark QF_NRA/2019-ezsmt/reverseFolding/49-reverse_folding-0-0.smt2
[DEBUG] Benchmark QF_NRA/2019-ezsmt/reverseFolding/49-reverse_folding-0-0.smt2: solved=True, runtime=0.72s, PAR-2=0.72s
[DEBUG] Processing 1490/2482: QF_NRA/20200911-Pine/1599122165520262000.smt2
[DEBUG] Predicted solver: Z3alpha for benchmark QF_NRA/20200911-Pine/1599122165520262000.smt2
[DEBUG] Benchmark QF_NRA/20200911-Pine/1599122165520262000.smt2: solved=True, runtime=0.27s, PAR-2=0.27s
[DEBUG] Processing 1491/2482: QF_NRA/meti-tarski/exp/problem/10/2/exp-problem-10-2-chunk-0227.smt2
[DEBUG] Predicted solver: Z3alpha for benchmark QF_NRA/meti-tarski/exp/problem/10/2/exp-problem-10-2-chunk-0227.smt2
[DEBUG] Benchmark QF_NRA/meti-tarski/exp/problem/10/2/exp-problem-10-2-chunk-0227.smt2: solved=True, runtime=0.28s, PAR-2=0.28s
[DEBUG] Processing 1492/2482: QF_NRA/hycomp/ball_count_2d_hill.05.redlog_global_15.smt2
[DEBUG] Predicted solver: SMTInterpol for benchmark QF_NRA/hycomp/ball_count_2d_hill.05.redlog_global_15.smt2
[DEBUG] Benchmark QF_NRA/hycomp/ball_count_2d_hill.05.redlog_global_15.smt2: solved=True, runtime=1.88s, PAR-2=1.88s
[DEBUG] Processing 1493/2482: QF_NRA/meti-tarski/atan/problem/2/weak2/atan-problem-2-weak2-chunk-0083.smt2
[DEBUG] Predicted solver: Z3alpha for benchmark QF_NRA/meti-tarski/atan/problem/2/weak2/atan-problem-2-weak2-chunk-0083.smt2
[DEBUG] Benchmark QF_NRA/meti-tarski/atan/problem/2/weak2/atan-problem-2-weak2-chunk-0083.smt2: solved=True, runtime=0.27s, PAR-2=0.27s
[DEBUG] Processing 1494/2482: QF_NRA/meti-tarski/CMOS/CMOS-opamp-chunk-0206.smt2
[DEBUG] Predicted solver: Z3alpha for benchmark QF_NRA/meti-tarski/CMOS/CMOS-opamp-chunk-0206.smt2
[DEBUG] Benchmark QF_NRA/meti-tarski/CMOS/CMOS-opamp-chunk-0206.smt2: solved=True, runtime=0.33s, PAR-2=0.33s
[DEBUG] Processing 1495/2482: QF_NRA/hycomp/ball_count_2d_hill_simple.04.seq_lazy_linear_enc_global_15.smt2
[DEBUG] Predicted solver: Yices2 for benchmark QF_NRA/hycomp/ball_count_2d_hill_simple.04.seq_lazy_linear_enc_global_15.smt2
[DEBUG] Benchmark QF_NRA/hycomp/ball_count_2d_hill_simple.04.seq_lazy_linear_enc_global_15.smt2: solved=True, runtime=0.23s, PAR-2=0.23s
[DEBUG] Processing 1496/2482: QF_NRA/meti-tarski/sin/cos/sin-cos-346-b-chunk-0060.smt2
[DEBUG] Predicted solver: Z3alpha for benchmark QF_NRA/meti-tarski/sin/cos/sin-cos-346-b-chunk-0060.smt2
[DEBUG] Benchmark QF_NRA/meti-tarski/sin/cos/sin-cos-346-b-chunk-0060.smt2: solved=True, runtime=0.27s, PAR-2=0.27s
[DEBUG] Processing 1497/2482: QF_NRA/20200911-Pine/1599122162683190000.smt2
[DEBUG] Predicted solver: Z3alpha for benchmark QF_NRA/20200911-Pine/1599122162683190000.smt2
[DEBUG] Benchmark QF_NRA/20200911-Pine/1599122162683190000.smt2: solved=True, runtime=0.27s, PAR-2=0.27s
[DEBUG] Processing 1498/2482: QF_NRA/meti-tarski/exp/problem/10/3/weak/exp-problem-10-3-weak-chunk-0164.smt2
[DEBUG] Predicted solver: Z3alpha for benchmark QF_NRA/meti-tarski/exp/problem/10/3/weak/exp-problem-10-3-weak-chunk-0164.smt2
[DEBUG] Benchmark QF_NRA/meti-tarski/exp/problem/10/3/weak/exp-problem-10-3-weak-chunk-0164.smt2: solved=True, runtime=0.27s, PAR-2=0.27s
[DEBUG] Processing 1499/2482: QF_NRA/hycomp/etcs_braking_2.01.redlog_global_10.smt2
[DEBUG] Predicted solver: SMTInterpol for benchmark QF_NRA/hycomp/etcs_braking_2.01.redlog_global_10.smt2
[DEBUG] Benchmark QF_NRA/hycomp/etcs_braking_2.01.redlog_global_10.smt2: solved=True, runtime=1.83s, PAR-2=1.83s
[DEBUG] Processing 1500/2482: QF_NRA/meti-tarski/cbrt/3/cbrt-problem-3-chunk-0079.smt2
[DEBUG] Predicted solver: Z3alpha for benchmark QF_NRA/meti-tarski/cbrt/3/cbrt-problem-3-chunk-0079.smt2
[DEBUG] Benchmark QF_NRA/meti-tarski/cbrt/3/cbrt-problem-3-chunk-0079.smt2: solved=True, runtime=0.27s, PAR-2=0.27s
[DEBUG] Processing 1501/2482: QF_NRA/meti-tarski/sin/problem/8/sin-problem-8-chunk-0060.smt2
[DEBUG] Predicted solver: Z3alpha for benchmark QF_NRA/meti-tarski/sin/problem/8/sin-problem-8-chunk-0060.smt2
[DEBUG] Benchmark QF_NRA/meti-tarski/sin/problem/8/sin-problem-8-chunk-0060.smt2: solved=True, runtime=0.27s, PAR-2=0.27s
[DEBUG] Processing 1502/2482: QF_NRA/hycomp/ball_count_2d_hill_simple.03.seq_lazy_lemmas_global_6.smt2
[DEBUG] Predicted solver: SMTInterpol for benchmark QF_NRA/hycomp/ball_count_2d_hill_simple.03.seq_lazy_lemmas_global_6.smt2
[DEBUG] Benchmark QF_NRA/hycomp/ball_count_2d_hill_simple.03.seq_lazy_lemmas_global_6.smt2: solved=True, runtime=0.90s, PAR-2=0.90s
[DEBUG] Processing 1503/2482: QF_NRA/meti-tarski/sqrt/1mcosq/8/sqrt-1mcosq-8-chunk-0643.smt2
[DEBUG] Predicted solver: Z3alpha for benchmark QF_NRA/meti-tarski/sqrt/1mcosq/8/sqrt-1mcosq-8-chunk-0643.smt2
[DEBUG] Benchmark QF_NRA/meti-tarski/sqrt/1mcosq/8/sqrt-1mcosq-8-chunk-0643.smt2: solved=True, runtime=0.29s, PAR-2=0.29s
[DEBUG] Processing 1504/2482: QF_NRA/hycomp/etcs_braking_2.01.seq_lazy_global_5.smt2
[DEBUG] Predicted solver: SMTInterpol for benchmark QF_NRA/hycomp/etcs_braking_2.01.seq_lazy_global_5.smt2
[DEBUG] Benchmark QF_NRA/hycomp/etcs_braking_2.01.seq_lazy_global_5.smt2: solved=True, runtime=0.92s, PAR-2=0.92s
[DEBUG] Processing 1505/2482: QF_NRA/20240407-pPDA-Chiari-Pontiggia-Winkler/past/huge_runtime_PRAY.smt2
[DEBUG] Predicted solver: SMTInterpol for benchmark QF_NRA/20240407-pPDA-Chiari-Pontiggia-Winkler/past/huge_runtime_PRAY.smt2
[DEBUG] Benchmark QF_NRA/20240407-pPDA-Chiari-Pontiggia-Winkler/past/huge_runtime_PRAY.smt2: solved=True, runtime=0.58s, PAR-2=0.58s
[DEBUG] Processing 1506/2482: QF_NRA/2019-ezsmt/reverseFolding/11-reverse_folding-0-0.smt2
[DEBUG] Predicted solver: Yices2 for benchmark QF_NRA/2019-ezsmt/reverseFolding/11-reverse_folding-0-0.smt2
[DEBUG] Benchmark QF_NRA/2019-ezsmt/reverseFolding/11-reverse_folding-0-0.smt2: solved=True, runtime=0.32s, PAR-2=0.32s
[DEBUG] Processing 1507/2482: QF_NRA/meti-tarski/asin/8/vars4/asin-8-vars4-chunk-0044.smt2
[DEBUG] Predicted solver: Z3alpha for benchmark QF_NRA/meti-tarski/asin/8/vars4/asin-8-vars4-chunk-0044.smt2
[DEBUG] Benchmark QF_NRA/meti-tarski/asin/8/vars4/asin-8-vars4-chunk-0044.smt2: solved=True, runtime=0.30s, PAR-2=0.30s
[DEBUG] Processing 1508/2482: QF_NRA/meti-tarski/sqrt/1mcosq/8/sqrt-1mcosq-8-chunk-0453.smt2
[DEBUG] Predicted solver: Z3alpha for benchmark QF_NRA/meti-tarski/sqrt/1mcosq/8/sqrt-1mcosq-8-chunk-0453.smt2
[DEBUG] Benchmark QF_NRA/meti-tarski/sqrt/1mcosq/8/sqrt-1mcosq-8-chunk-0453.smt2: solved=True, runtime=0.34s, PAR-2=0.34s
[DEBUG] Processing 1509/2482: QF_NRA/meti-tarski/sin/cos/sin-cos-346-b-chunk-0514.smt2
[DEBUG] Predicted solver: Z3alpha for benchmark QF_NRA/meti-tarski/sin/cos/sin-cos-346-b-chunk-0514.smt2
[DEBUG] Benchmark QF_NRA/meti-tarski/sin/cos/sin-cos-346-b-chunk-0514.smt2: solved=True, runtime=0.27s, PAR-2=0.27s
[DEBUG] Processing 1510/2482: QF_NRA/meti-tarski/sin/problem/7/weak/sin-problem-7-weak-chunk-0179.smt2
[DEBUG] Predicted solver: SMTInterpol for benchmark QF_NRA/meti-tarski/sin/problem/7/weak/sin-problem-7-weak-chunk-0179.smt2
[DEBUG] Benchmark QF_NRA/meti-tarski/sin/problem/7/weak/sin-problem-7-weak-chunk-0179.smt2: solved=True, runtime=0.40s, PAR-2=0.40s
[DEBUG] Processing 1511/2482: QF_NRA/LassoRanker/CooperatingT2/ex4.t2.c_Iteration1_Loop_4-pieceTemplate.smt2
[DEBUG] Predicted solver: SMTInterpol for benchmark QF_NRA/LassoRanker/CooperatingT2/ex4.t2.c_Iteration1_Loop_4-pieceTemplate.smt2
[DEBUG] Benchmark QF_NRA/LassoRanker/CooperatingT2/ex4.t2.c_Iteration1_Loop_4-pieceTemplate.smt2: solved=True, runtime=1.56s, PAR-2=1.56s
[DEBUG] Processing 1512/2482: QF_NRA/hycomp/ball_count_2d_hill.04.seq_lazy_linear_enc_global_12.smt2
[DEBUG] Predicted solver: SMTInterpol for benchmark QF_NRA/hycomp/ball_count_2d_hill.04.seq_lazy_linear_enc_global_12.smt2
[DEBUG] Benchmark QF_NRA/hycomp/ball_count_2d_hill.04.seq_lazy_linear_enc_global_12.smt2: solved=True, runtime=1.01s, PAR-2=1.01s
[DEBUG] Processing 1513/2482: QF_NRA/UltimateAutomizer/InVarSynth_PrefixIncrementDecrement.c_Iteration3_1.smt2
[DEBUG] Predicted solver: SMTInterpol for benchmark QF_NRA/UltimateAutomizer/InVarSynth_PrefixIncrementDecrement.c_Iteration3_1.smt2
[DEBUG] Benchmark QF_NRA/UltimateAutomizer/InVarSynth_PrefixIncrementDecrement.c_Iteration3_1.smt2: solved=True, runtime=0.57s, PAR-2=0.57s
[DEBUG] Processing 1514/2482: QF_NRA/20220314-Uncu/Rational_Function_Proof_Calls_With_Disjunctive_Denominator_Simplifications/DDC_ProveIneq_Mitrinovic_8_8.smt2
[DEBUG] Predicted solver: Yices2 for benchmark QF_NRA/20220314-Uncu/Rational_Function_Proof_Calls_With_Disjunctive_Denominator_Simplifications/DDC_ProveIneq_Mitrinovic_8_8.smt2
[DEBUG] Benchmark QF_NRA/20220314-Uncu/Rational_Function_Proof_Calls_With_Disjunctive_Denominator_Simplifications/DDC_ProveIneq_Mitrinovic_8_8.smt2: solved=True, runtime=0.24s, PAR-2=0.24s
[DEBUG] Processing 1515/2482: QF_NRA/LassoRanker/CooperatingT2/fun9.t2.c_Iteration4_Loop_3-pieceTemplate.smt2
[DEBUG] Predicted solver: SMTInterpol for benchmark QF_NRA/LassoRanker/CooperatingT2/fun9.t2.c_Iteration4_Loop_3-pieceTemplate.smt2
[DEBUG] Benchmark QF_NRA/LassoRanker/CooperatingT2/fun9.t2.c_Iteration4_Loop_3-pieceTemplate.smt2: solved=True, runtime=1.22s, PAR-2=1.22s
[DEBUG] Processing 1516/2482: QF_NRA/meti-tarski/sqrt/1mcosq/8/sqrt-1mcosq-8-chunk-0121.smt2
[DEBUG] Predicted solver: Z3alpha for benchmark QF_NRA/meti-tarski/sqrt/1mcosq/8/sqrt-1mcosq-8-chunk-0121.smt2
[DEBUG] Benchmark QF_NRA/meti-tarski/sqrt/1mcosq/8/sqrt-1mcosq-8-chunk-0121.smt2: solved=True, runtime=0.27s, PAR-2=0.27s
[DEBUG] Processing 1517/2482: QF_NRA/meti-tarski/sin/cos/sin-cos-346-b-chunk-0415.smt2
[DEBUG] Predicted solver: Z3alpha for benchmark QF_NRA/meti-tarski/sin/cos/sin-cos-346-b-chunk-0415.smt2
[DEBUG] Benchmark QF_NRA/meti-tarski/sin/cos/sin-cos-346-b-chunk-0415.smt2: solved=True, runtime=0.35s, PAR-2=0.35s
[DEBUG] Processing 1518/2482: QF_NRA/meti-tarski/sin/problem/7/weak/sin-problem-7-weak-chunk-0184.smt2
[DEBUG] Predicted solver: SMTInterpol for benchmark QF_NRA/meti-tarski/sin/problem/7/weak/sin-problem-7-weak-chunk-0184.smt2
[DEBUG] Benchmark QF_NRA/meti-tarski/sin/problem/7/weak/sin-problem-7-weak-chunk-0184.smt2: solved=True, runtime=0.43s, PAR-2=0.43s
[DEBUG] Processing 1519/2482: QF_NRA/meti-tarski/Nichols-Plot/Inverted-Pendulum/Nichols-Plot-Inverted-Pendulum-Fails-1-6-chunk-0070.smt2
[DEBUG] Predicted solver: Z3alpha for benchmark QF_NRA/meti-tarski/Nichols-Plot/Inverted-Pendulum/Nichols-Plot-Inverted-Pendulum-Fails-1-6-chunk-0070.smt2
[DEBUG] Benchmark QF_NRA/meti-tarski/Nichols-Plot/Inverted-Pendulum/Nichols-Plot-Inverted-Pendulum-Fails-1-6-chunk-0070.smt2: solved=True, runtime=0.29s, PAR-2=0.29s
[DEBUG] Processing 1520/2482: QF_NRA/meti-tarski/exp/problem/10/2/exp-problem-10-2-chunk-0251.smt2
[DEBUG] Predicted solver: Z3alpha for benchmark QF_NRA/meti-tarski/exp/problem/10/2/exp-problem-10-2-chunk-0251.smt2
[DEBUG] Benchmark QF_NRA/meti-tarski/exp/problem/10/2/exp-problem-10-2-chunk-0251.smt2: solved=True, runtime=0.32s, PAR-2=0.32s
[DEBUG] Processing 1521/2482: QF_NRA/meti-tarski/sqrt/1mcosq/8/sqrt-1mcosq-8-chunk-0458.smt2
[DEBUG] Predicted solver: Z3alpha for benchmark QF_NRA/meti-tarski/sqrt/1mcosq/8/sqrt-1mcosq-8-chunk-0458.smt2
[DEBUG] Benchmark QF_NRA/meti-tarski/sqrt/1mcosq/8/sqrt-1mcosq-8-chunk-0458.smt2: solved=True, runtime=0.30s, PAR-2=0.30s
[DEBUG] Processing 1522/2482: QF_NRA/meti-tarski/atan/problem/1/atan-problem-1-chunk-0056.smt2
[DEBUG] Predicted solver: Z3alpha for benchmark QF_NRA/meti-tarski/atan/problem/1/atan-problem-1-chunk-0056.smt2
[DEBUG] Benchmark QF_NRA/meti-tarski/atan/problem/1/atan-problem-1-chunk-0056.smt2: solved=True, runtime=0.28s, PAR-2=0.28s
[DEBUG] Processing 1523/2482: QF_NRA/hycomp/ball_count_2d_hill_simple.03.seq_lazy_linear_enc_global_11.smt2
[DEBUG] Predicted solver: SMTInterpol for benchmark QF_NRA/hycomp/ball_count_2d_hill_simple.03.seq_lazy_linear_enc_global_11.smt2
[DEBUG] Benchmark QF_NRA/hycomp/ball_count_2d_hill_simple.03.seq_lazy_linear_enc_global_11.smt2: solved=True, runtime=0.92s, PAR-2=0.92s
[DEBUG] Processing 1524/2482: QF_NRA/hycomp/ball_count_2d_slope.01.seq_lazy_linear_enc_global_8.smt2
[DEBUG] Predicted solver: SMTInterpol for benchmark QF_NRA/hycomp/ball_count_2d_slope.01.seq_lazy_linear_enc_global_8.smt2
[DEBUG] Benchmark QF_NRA/hycomp/ball_count_2d_slope.01.seq_lazy_linear_enc_global_8.smt2: solved=True, runtime=0.90s, PAR-2=0.90s
[DEBUG] Processing 1525/2482: QF_NRA/meti-tarski/Chua/2/IL/L/Chua-2-IL-L-chunk-0063.smt2
[DEBUG] Predicted solver: Z3alpha for benchmark QF_NRA/meti-tarski/Chua/2/IL/L/Chua-2-IL-L-chunk-0063.smt2
[DEBUG] Benchmark QF_NRA/meti-tarski/Chua/2/IL/L/Chua-2-IL-L-chunk-0063.smt2: solved=True, runtime=0.27s, PAR-2=0.27s
[DEBUG] Processing 1526/2482: QF_NRA/20161105-Sturm-MBO/mbo_E2E17.smt2
[DEBUG] Predicted solver: SMTInterpol for benchmark QF_NRA/20161105-Sturm-MBO/mbo_E2E17.smt2
[DEBUG] Benchmark QF_NRA/20161105-Sturm-MBO/mbo_E2E17.smt2: solved=True, runtime=2.23s, PAR-2=2.23s
[DEBUG] Processing 1527/2482: QF_NRA/meti-tarski/sqrt/1mcosq/8/sqrt-1mcosq-8-chunk-0118.smt2
[DEBUG] Predicted solver: Z3alpha for benchmark QF_NRA/meti-tarski/sqrt/1mcosq/8/sqrt-1mcosq-8-chunk-0118.smt2
[DEBUG] Benchmark QF_NRA/meti-tarski/sqrt/1mcosq/8/sqrt-1mcosq-8-chunk-0118.smt2: solved=True, runtime=0.27s, PAR-2=0.27s
[DEBUG] Processing 1528/2482: QF_NRA/hycomp/ball_count_2d_hill.04.seq_lazy_linear_enc_lemmas_global_9.smt2
[DEBUG] Predicted solver: SMTInterpol for benchmark QF_NRA/hycomp/ball_count_2d_hill.04.seq_lazy_linear_enc_lemmas_global_9.smt2
[DEBUG] Benchmark QF_NRA/hycomp/ball_count_2d_hill.04.seq_lazy_linear_enc_lemmas_global_9.smt2: solved=True, runtime=1.04s, PAR-2=1.04s
[DEBUG] Processing 1529/2482: QF_NRA/meti-tarski/sin/cos/sin-cos-346-b-chunk-0228.smt2
[DEBUG] Predicted solver: Z3alpha for benchmark QF_NRA/meti-tarski/sin/cos/sin-cos-346-b-chunk-0228.smt2
[DEBUG] Benchmark QF_NRA/meti-tarski/sin/cos/sin-cos-346-b-chunk-0228.smt2: solved=True, runtime=0.27s, PAR-2=0.27s
[DEBUG] Processing 1530/2482: QF_NRA/hycomp/ball_count_2d_slope.04.seq_lazy_linear_enc_global_13.smt2
[DEBUG] Predicted solver: SMTInterpol for benchmark QF_NRA/hycomp/ball_count_2d_slope.04.seq_lazy_linear_enc_global_13.smt2
[DEBUG] Benchmark QF_NRA/hycomp/ball_count_2d_slope.04.seq_lazy_linear_enc_global_13.smt2: solved=True, runtime=1.22s, PAR-2=1.22s
[DEBUG] Processing 1531/2482: QF_NRA/LassoRanker/CooperatingT2/collatz.t2.c_Iteration1_Loop_3-pieceTemplate.smt2
[DEBUG] Predicted solver: SMTInterpol for benchmark QF_NRA/LassoRanker/CooperatingT2/collatz.t2.c_Iteration1_Loop_3-pieceTemplate.smt2
[DEBUG] Benchmark QF_NRA/LassoRanker/CooperatingT2/collatz.t2.c_Iteration1_Loop_3-pieceTemplate.smt2: solved=True, runtime=1.23s, PAR-2=1.23s
[DEBUG] Processing 1532/2482: QF_NRA/20180501-Economics-Mulligan/MulliganEconomicsModel0054e.smt2
[DEBUG] Predicted solver: SMTInterpol for benchmark QF_NRA/20180501-Economics-Mulligan/MulliganEconomicsModel0054e.smt2
[DEBUG] Benchmark QF_NRA/20180501-Economics-Mulligan/MulliganEconomicsModel0054e.smt2: solved=True, runtime=0.42s, PAR-2=0.42s
[DEBUG] Processing 1533/2482: QF_NRA/meti-tarski/Nichols-Plot/Inverted-Pendulum/Nichols-Plot-Inverted-Pendulum-Fails-1-6-chunk-0113.smt2
[DEBUG] Predicted solver: Z3alpha for benchmark QF_NRA/meti-tarski/Nichols-Plot/Inverted-Pendulum/Nichols-Plot-Inverted-Pendulum-Fails-1-6-chunk-0113.smt2
[DEBUG] Benchmark QF_NRA/meti-tarski/Nichols-Plot/Inverted-Pendulum/Nichols-Plot-Inverted-Pendulum-Fails-1-6-chunk-0113.smt2: solved=True, runtime=0.30s, PAR-2=0.30s
[DEBUG] Processing 1534/2482: QF_NRA/LassoRanker/Ultimate/Wellington.bpl_Iteration1_Loop_4-pieceTemplate.smt2
[DEBUG] Predicted solver: SMTInterpol for benchmark QF_NRA/LassoRanker/Ultimate/Wellington.bpl_Iteration1_Loop_4-pieceTemplate.smt2
[DEBUG] Benchmark QF_NRA/LassoRanker/Ultimate/Wellington.bpl_Iteration1_Loop_4-pieceTemplate.smt2: solved=True, runtime=0.89s, PAR-2=0.89s
[DEBUG] Processing 1535/2482: QF_NRA/meti-tarski/sin/cos/sin-cos-346-b-chunk-0476.smt2
[DEBUG] Predicted solver: Z3alpha for benchmark QF_NRA/meti-tarski/sin/cos/sin-cos-346-b-chunk-0476.smt2
[DEBUG] Benchmark QF_NRA/meti-tarski/sin/cos/sin-cos-346-b-chunk-0476.smt2: solved=True, runtime=0.27s, PAR-2=0.27s
[DEBUG] Processing 1536/2482: QF_NRA/meti-tarski/sin/problem/7/weak2/sin-problem-7-weak2-chunk-0097.smt2
[DEBUG] Predicted solver: Z3alpha for benchmark QF_NRA/meti-tarski/sin/problem/7/weak2/sin-problem-7-weak2-chunk-0097.smt2
[DEBUG] Benchmark QF_NRA/meti-tarski/sin/problem/7/weak2/sin-problem-7-weak2-chunk-0097.smt2: solved=True, runtime=0.29s, PAR-2=0.29s
[DEBUG] Processing 1537/2482: QF_NRA/hycomp/ball_count_2d_hill.01.seq_lazy_linear_enc_global_11.smt2
[DEBUG] Predicted solver: SMTInterpol for benchmark QF_NRA/hycomp/ball_count_2d_hill.01.seq_lazy_linear_enc_global_11.smt2
[DEBUG] Benchmark QF_NRA/hycomp/ball_count_2d_hill.01.seq_lazy_linear_enc_global_11.smt2: solved=True, runtime=1.06s, PAR-2=1.06s
[DEBUG] Processing 1538/2482: QF_NRA/2019-ezsmt/reverseFolding/08-reverse_folding-0-0.smt2
[DEBUG] Predicted solver: Yices2 for benchmark QF_NRA/2019-ezsmt/reverseFolding/08-reverse_folding-0-0.smt2
[DEBUG] Benchmark QF_NRA/2019-ezsmt/reverseFolding/08-reverse_folding-0-0.smt2: solved=True, runtime=0.48s, PAR-2=0.48s
[DEBUG] Processing 1539/2482: QF_NRA/hycomp/ball_count_2d_hill.01.redlog_global_8.smt2
[DEBUG] Predicted solver: SMTInterpol for benchmark QF_NRA/hycomp/ball_count_2d_hill.01.redlog_global_8.smt2
[DEBUG] Benchmark QF_NRA/hycomp/ball_count_2d_hill.01.redlog_global_8.smt2: solved=True, runtime=1.13s, PAR-2=1.13s
[DEBUG] Processing 1540/2482: QF_NRA/meti-tarski/polypaver/bench-sqrt-3d/polypaver-bench-sqrt-3d-chunk-0205.smt2
[DEBUG] Predicted solver: Z3alpha for benchmark QF_NRA/meti-tarski/polypaver/bench-sqrt-3d/polypaver-bench-sqrt-3d-chunk-0205.smt2
[DEBUG] Benchmark QF_NRA/meti-tarski/polypaver/bench-sqrt-3d/polypaver-bench-sqrt-3d-chunk-0205.smt2: solved=True, runtime=0.28s, PAR-2=0.28s
[DEBUG] Processing 1541/2482: QF_NRA/20161105-Sturm-MBO/mbo_E6E9.smt2
[DEBUG] Predicted solver: SMTInterpol for benchmark QF_NRA/20161105-Sturm-MBO/mbo_E6E9.smt2
[DEBUG] Benchmark QF_NRA/20161105-Sturm-MBO/mbo_E6E9.smt2: solved=True, runtime=0.64s, PAR-2=0.64s
[DEBUG] Processing 1542/2482: QF_NRA/kissing/kissing_4_1.smt2
[DEBUG] Predicted solver: Z3alpha for benchmark QF_NRA/kissing/kissing_4_1.smt2
[DEBUG] Benchmark QF_NRA/kissing/kissing_4_1.smt2: solved=True, runtime=0.27s, PAR-2=0.27s
[DEBUG] Processing 1543/2482: QF_NRA/LassoRanker/CooperatingT2/n-15a.t2.c_Iteration1_Loop_4-pieceTemplate.smt2
[DEBUG] Predicted solver: SMTInterpol for benchmark QF_NRA/LassoRanker/CooperatingT2/n-15a.t2.c_Iteration1_Loop_4-pieceTemplate.smt2
[DEBUG] Benchmark QF_NRA/LassoRanker/CooperatingT2/n-15a.t2.c_Iteration1_Loop_4-pieceTemplate.smt2: solved=True, runtime=1.43s, PAR-2=1.43s
[DEBUG] Processing 1544/2482: QF_NRA/hycomp/ball_count_2d_plain.05.seq_lazy_global_15.smt2
[DEBUG] Predicted solver: Yices2 for benchmark QF_NRA/hycomp/ball_count_2d_plain.05.seq_lazy_global_15.smt2
[DEBUG] Benchmark QF_NRA/hycomp/ball_count_2d_plain.05.seq_lazy_global_15.smt2: solved=True, runtime=0.23s, PAR-2=0.23s
[DEBUG] Processing 1545/2482: QF_NRA/hycomp/ball_count_2d_plain.02.redlog_global_12.smt2
[DEBUG] Predicted solver: SMTInterpol for benchmark QF_NRA/hycomp/ball_count_2d_plain.02.redlog_global_12.smt2
[DEBUG] Benchmark QF_NRA/hycomp/ball_count_2d_plain.02.redlog_global_12.smt2: solved=True, runtime=1.07s, PAR-2=1.07s
[DEBUG] Processing 1546/2482: QF_NRA/20170501-Heizmann-UltimateInvariantSynthesis/standard_copyInitSum3_ground.i_3_2_2.bpl_3.smt2
[DEBUG] Predicted solver: SMTInterpol for benchmark QF_NRA/20170501-Heizmann-UltimateInvariantSynthesis/standard_copyInitSum3_ground.i_3_2_2.bpl_3.smt2
[DEBUG] Benchmark QF_NRA/20170501-Heizmann-UltimateInvariantSynthesis/standard_copyInitSum3_ground.i_3_2_2.bpl_3.smt2: solved=True, runtime=0.58s, PAR-2=0.58s
[DEBUG] Processing 1547/2482: QF_NRA/hycomp/ball_count_2d_plain.10.seq_lazy_linear_enc_lemmas_global_15.smt2
[DEBUG] Predicted solver: Yices2 for benchmark QF_NRA/hycomp/ball_count_2d_plain.10.seq_lazy_linear_enc_lemmas_global_15.smt2
[DEBUG] Benchmark QF_NRA/hycomp/ball_count_2d_plain.10.seq_lazy_linear_enc_lemmas_global_15.smt2: solved=True, runtime=0.26s, PAR-2=0.26s
[DEBUG] Processing 1548/2482: QF_NRA/20220314-Uncu/Rational_Function_Proof_Calls_With_Disjunctive_Denominator_Simplifications/DDC_ProveIneq_ISSAC10_ex3e.smt2
[DEBUG] Predicted solver: Z3alpha for benchmark QF_NRA/20220314-Uncu/Rational_Function_Proof_Calls_With_Disjunctive_Denominator_Simplifications/DDC_ProveIneq_ISSAC10_ex3e.smt2
[DEBUG] Benchmark QF_NRA/20220314-Uncu/Rational_Function_Proof_Calls_With_Disjunctive_Denominator_Simplifications/DDC_ProveIneq_ISSAC10_ex3e.smt2: solved=True, runtime=0.27s, PAR-2=0.27s
[DEBUG] Processing 1549/2482: QF_NRA/hycomp/ball_count_1d_plain.02.seq_lazy_linear_enc_lemmas_global_4.smt2
[DEBUG] Predicted solver: SMTInterpol for benchmark QF_NRA/hycomp/ball_count_1d_plain.02.seq_lazy_linear_enc_lemmas_global_4.smt2
[DEBUG] Benchmark QF_NRA/hycomp/ball_count_1d_plain.02.seq_lazy_linear_enc_lemmas_global_4.smt2: solved=True, runtime=0.66s, PAR-2=0.66s
[DEBUG] Processing 1550/2482: QF_NRA/meti-tarski/exp/problem/10/2/exp-problem-10-2-chunk-0343.smt2
[DEBUG] Predicted solver: Z3alpha for benchmark QF_NRA/meti-tarski/exp/problem/10/2/exp-problem-10-2-chunk-0343.smt2
[DEBUG] Benchmark QF_NRA/meti-tarski/exp/problem/10/2/exp-problem-10-2-chunk-0343.smt2: solved=True, runtime=0.27s, PAR-2=0.27s
[DEBUG] Processing 1551/2482: QF_NRA/meti-tarski/sqrt/1mcosq/8/sqrt-1mcosq-8-chunk-0356.smt2
[DEBUG] Predicted solver: Z3alpha for benchmark QF_NRA/meti-tarski/sqrt/1mcosq/8/sqrt-1mcosq-8-chunk-0356.smt2
[DEBUG] Benchmark QF_NRA/meti-tarski/sqrt/1mcosq/8/sqrt-1mcosq-8-chunk-0356.smt2: solved=True, runtime=0.36s, PAR-2=0.36s
[DEBUG] Processing 1552/2482: QF_NRA/hycomp/ball_count_1d_plain.02.seq_lazy_linear_enc_global_15.smt2
[DEBUG] Predicted solver: Yices2 for benchmark QF_NRA/hycomp/ball_count_1d_plain.02.seq_lazy_linear_enc_global_15.smt2
[DEBUG] Benchmark QF_NRA/hycomp/ball_count_1d_plain.02.seq_lazy_linear_enc_global_15.smt2: solved=True, runtime=0.22s, PAR-2=0.22s
[DEBUG] Processing 1553/2482: QF_NRA/meti-tarski/polypaver/sqrt43-int/3vars/polypaver-sqrt43-int-3vars-chunk-0129.smt2
[DEBUG] Predicted solver: Z3alpha for benchmark QF_NRA/meti-tarski/polypaver/sqrt43-int/3vars/polypaver-sqrt43-int-3vars-chunk-0129.smt2
[DEBUG] Benchmark QF_NRA/meti-tarski/polypaver/sqrt43-int/3vars/polypaver-sqrt43-int-3vars-chunk-0129.smt2: solved=True, runtime=0.27s, PAR-2=0.27s
[DEBUG] Processing 1554/2482: QF_NRA/meti-tarski/sin/cos/sin-cos-346-b-chunk-0310.smt2
[DEBUG] Predicted solver: Z3alpha for benchmark QF_NRA/meti-tarski/sin/cos/sin-cos-346-b-chunk-0310.smt2
[DEBUG] Benchmark QF_NRA/meti-tarski/sin/cos/sin-cos-346-b-chunk-0310.smt2: solved=True, runtime=0.27s, PAR-2=0.27s
[DEBUG] Processing 1555/2482: QF_NRA/20211101-Geogebra/IsoRightTriangle-Bottema1_9b.smt2
[DEBUG] Predicted solver: Z3alpha for benchmark QF_NRA/20211101-Geogebra/IsoRightTriangle-Bottema1_9b.smt2
[DEBUG] Benchmark QF_NRA/20211101-Geogebra/IsoRightTriangle-Bottema1_9b.smt2: solved=True, runtime=0.27s, PAR-2=0.27s
[DEBUG] Processing 1556/2482: QF_NRA/hycomp/ball_count_2d_hill_simple.03.seq_lazy_lemmas_global_9.smt2
[DEBUG] Predicted solver: SMTInterpol for benchmark QF_NRA/hycomp/ball_count_2d_hill_simple.03.seq_lazy_lemmas_global_9.smt2
[DEBUG] Benchmark QF_NRA/hycomp/ball_count_2d_hill_simple.03.seq_lazy_lemmas_global_9.smt2: solved=True, runtime=0.96s, PAR-2=0.96s
[DEBUG] Processing 1557/2482: QF_NRA/hycomp/ball_count_2d_plain.05.qfree_global_12.smt2
[DEBUG] Predicted solver: SMTInterpol for benchmark QF_NRA/hycomp/ball_count_2d_plain.05.qfree_global_12.smt2
[DEBUG] Benchmark QF_NRA/hycomp/ball_count_2d_plain.05.qfree_global_12.smt2: solved=True, runtime=1.03s, PAR-2=1.03s
[DEBUG] Processing 1558/2482: QF_NRA/20161105-Sturm-MBO/mbo_E1E27.smt2
[DEBUG] Predicted solver: SMTInterpol for benchmark QF_NRA/20161105-Sturm-MBO/mbo_E1E27.smt2
[DEBUG] Benchmark QF_NRA/20161105-Sturm-MBO/mbo_E1E27.smt2: solved=True, runtime=1.07s, PAR-2=1.07s
[DEBUG] Processing 1559/2482: QF_NRA/LassoRanker/SV-COMP/GulwaniJainKoskinen-2009PLDI-Fig1_true-termination.c_Iteration1_Lasso_2-lexTemplate.smt2
[DEBUG] Predicted solver: SMTInterpol for benchmark QF_NRA/LassoRanker/SV-COMP/GulwaniJainKoskinen-2009PLDI-Fig1_true-termination.c_Iteration1_Lasso_2-lexTemplate.smt2
[DEBUG] Benchmark QF_NRA/LassoRanker/SV-COMP/GulwaniJainKoskinen-2009PLDI-Fig1_true-termination.c_Iteration1_Lasso_2-lexTemplate.smt2: solved=True, runtime=10.82s, PAR-2=10.82s
[DEBUG] Processing 1560/2482: QF_NRA/LassoRanker/Ultimate/CookSeeZuleger-2013TACAS-Fig3.bpl_Iteration1_Loop_4-pieceTemplate.smt2
[DEBUG] Predicted solver: SMTInterpol for benchmark QF_NRA/LassoRanker/Ultimate/CookSeeZuleger-2013TACAS-Fig3.bpl_Iteration1_Loop_4-pieceTemplate.smt2
[DEBUG] Benchmark QF_NRA/LassoRanker/Ultimate/CookSeeZuleger-2013TACAS-Fig3.bpl_Iteration1_Loop_4-pieceTemplate.smt2: solved=True, runtime=1.35s, PAR-2=1.35s
[DEBUG] Processing 1561/2482: QF_NRA/meti-tarski/atan/problem/2/weak/atan-problem-2-weak-chunk-0081.smt2
[DEBUG] Predicted solver: Z3alpha for benchmark QF_NRA/meti-tarski/atan/problem/2/weak/atan-problem-2-weak-chunk-0081.smt2
[DEBUG] Benchmark QF_NRA/meti-tarski/atan/problem/2/weak/atan-problem-2-weak-chunk-0081.smt2: solved=True, runtime=0.31s, PAR-2=0.31s
[DEBUG] Processing 1562/2482: QF_NRA/hycomp/ball_count_2d_hill.10.seq_lazy_global_6.smt2
[DEBUG] Predicted solver: SMTInterpol for benchmark QF_NRA/hycomp/ball_count_2d_hill.10.seq_lazy_global_6.smt2
[DEBUG] Benchmark QF_NRA/hycomp/ball_count_2d_hill.10.seq_lazy_global_6.smt2: solved=True, runtime=0.89s, PAR-2=0.89s
[DEBUG] Processing 1563/2482: QF_NRA/meti-tarski/polypaver/bench-exp-3d/polypaver-bench-exp-3d-chunk-0078.smt2
[DEBUG] Predicted solver: Z3alpha for benchmark QF_NRA/meti-tarski/polypaver/bench-exp-3d/polypaver-bench-exp-3d-chunk-0078.smt2
[DEBUG] Benchmark QF_NRA/meti-tarski/polypaver/bench-exp-3d/polypaver-bench-exp-3d-chunk-0078.smt2: solved=True, runtime=0.27s, PAR-2=0.27s
[DEBUG] Processing 1564/2482: QF_NRA/20180501-Economics-Mulligan/MulliganEconomicsModel0055c.smt2
[DEBUG] Predicted solver: Yices2 for benchmark QF_NRA/20180501-Economics-Mulligan/MulliganEconomicsModel0055c.smt2
[DEBUG] Benchmark QF_NRA/20180501-Economics-Mulligan/MulliganEconomicsModel0055c.smt2: solved=True, runtime=0.23s, PAR-2=0.23s
[DEBUG] Processing 1565/2482: QF_NRA/20211101-Geogebra/RightTriangle-Bottema5_3b.smt2
[DEBUG] Predicted solver: cvc5 for benchmark QF_NRA/20211101-Geogebra/RightTriangle-Bottema5_3b.smt2
[DEBUG] Benchmark QF_NRA/20211101-Geogebra/RightTriangle-Bottema5_3b.smt2: solved=True, runtime=0.25s, PAR-2=0.25s
[DEBUG] Processing 1566/2482: QF_NRA/hycomp/ball_count_2d_plain.01.redlog_global_4.smt2
[DEBUG] Predicted solver: SMTInterpol for benchmark QF_NRA/hycomp/ball_count_2d_plain.01.redlog_global_4.smt2
[DEBUG] Benchmark QF_NRA/hycomp/ball_count_2d_plain.01.redlog_global_4.smt2: solved=True, runtime=0.74s, PAR-2=0.74s
[DEBUG] Processing 1567/2482: QF_NRA/20180501-Economics-Mulligan/MulliganEconomicsModel0028a.smt2
[DEBUG] Predicted solver: SMTInterpol for benchmark QF_NRA/20180501-Economics-Mulligan/MulliganEconomicsModel0028a.smt2
[DEBUG] Benchmark QF_NRA/20180501-Economics-Mulligan/MulliganEconomicsModel0028a.smt2: solved=True, runtime=0.43s, PAR-2=0.43s
[DEBUG] Processing 1568/2482: QF_NRA/meti-tarski/sqrt/1mcosq/7/sqrt-1mcosq-7-chunk-0232.smt2
[DEBUG] Predicted solver: Z3alpha for benchmark QF_NRA/meti-tarski/sqrt/1mcosq/7/sqrt-1mcosq-7-chunk-0232.smt2
[DEBUG] Benchmark QF_NRA/meti-tarski/sqrt/1mcosq/7/sqrt-1mcosq-7-chunk-0232.smt2: solved=True, runtime=0.28s, PAR-2=0.28s
[DEBUG] Processing 1569/2482: QF_NRA/hycomp/ball_count_2d_plain.04.seq_lazy_global_15.smt2
[DEBUG] Predicted solver: Yices2 for benchmark QF_NRA/hycomp/ball_count_2d_plain.04.seq_lazy_global_15.smt2
[DEBUG] Benchmark QF_NRA/hycomp/ball_count_2d_plain.04.seq_lazy_global_15.smt2: solved=True, runtime=0.24s, PAR-2=0.24s
[DEBUG] Processing 1570/2482: QF_NRA/meti-tarski/Chua/2/VC2/U/Chua-2-VC2-U-chunk-0116.smt2
[DEBUG] Predicted solver: Z3alpha for benchmark QF_NRA/meti-tarski/Chua/2/VC2/U/Chua-2-VC2-U-chunk-0116.smt2
[DEBUG] Benchmark QF_NRA/meti-tarski/Chua/2/VC2/U/Chua-2-VC2-U-chunk-0116.smt2: solved=True, runtime=0.27s, PAR-2=0.27s
[DEBUG] Processing 1571/2482: QF_NRA/hycomp/ball_count_2d_slope.05.seq_lazy_linear_enc_global_11.smt2
[DEBUG] Predicted solver: SMTInterpol for benchmark QF_NRA/hycomp/ball_count_2d_slope.05.seq_lazy_linear_enc_global_11.smt2
[DEBUG] Benchmark QF_NRA/hycomp/ball_count_2d_slope.05.seq_lazy_linear_enc_global_11.smt2: solved=True, runtime=1.11s, PAR-2=1.11s
[DEBUG] Processing 1572/2482: QF_NRA/LassoRanker/SV-COMP/LeeJonesBen-Amram-2001POPL-Ex2_true-termination.c_Iteration1_Loop_4-pieceTemplate.smt2
[DEBUG] Predicted solver: SMTInterpol for benchmark QF_NRA/LassoRanker/SV-COMP/LeeJonesBen-Amram-2001POPL-Ex2_true-termination.c_Iteration1_Loop_4-pieceTemplate.smt2
[DEBUG] Benchmark QF_NRA/LassoRanker/SV-COMP/LeeJonesBen-Amram-2001POPL-Ex2_true-termination.c_Iteration1_Loop_4-pieceTemplate.smt2: solved=True, runtime=1.69s, PAR-2=1.69s
[DEBUG] Processing 1573/2482: QF_NRA/meti-tarski/Chua/2/VC1/L/Chua-2-VC1-L-chunk-0081.smt2
[DEBUG] Predicted solver: Z3alpha for benchmark QF_NRA/meti-tarski/Chua/2/VC1/L/Chua-2-VC1-L-chunk-0081.smt2
[DEBUG] Benchmark QF_NRA/meti-tarski/Chua/2/VC1/L/Chua-2-VC1-L-chunk-0081.smt2: solved=True, runtime=0.27s, PAR-2=0.27s
[DEBUG] Processing 1574/2482: QF_NRA/meti-tarski/exp/problem/10/2/exp-problem-10-2-chunk-0157.smt2
[DEBUG] Predicted solver: Z3alpha for benchmark QF_NRA/meti-tarski/exp/problem/10/2/exp-problem-10-2-chunk-0157.smt2
[DEBUG] Benchmark QF_NRA/meti-tarski/exp/problem/10/2/exp-problem-10-2-chunk-0157.smt2: solved=True, runtime=0.27s, PAR-2=0.27s
[DEBUG] Processing 1575/2482: QF_NRA/hycomp/ball_count_1d_plain.01.seq_lazy_linear_enc_lemmas_global_8.smt2
[DEBUG] Predicted solver: SMTInterpol for benchmark QF_NRA/hycomp/ball_count_1d_plain.01.seq_lazy_linear_enc_lemmas_global_8.smt2
[DEBUG] Benchmark QF_NRA/hycomp/ball_count_1d_plain.01.seq_lazy_linear_enc_lemmas_global_8.smt2: solved=True, runtime=0.81s, PAR-2=0.81s
[DEBUG] Processing 1576/2482: QF_NRA/hycomp/ball_count_2d_plain.05.seq_lazy_linear_enc_lemmas_global_10.smt2
[DEBUG] Predicted solver: SMTInterpol for benchmark QF_NRA/hycomp/ball_count_2d_plain.05.seq_lazy_linear_enc_lemmas_global_10.smt2
[DEBUG] Benchmark QF_NRA/hycomp/ball_count_2d_plain.05.seq_lazy_linear_enc_lemmas_global_10.smt2: solved=True, runtime=0.92s, PAR-2=0.92s
[DEBUG] Processing 1577/2482: QF_NRA/meti-tarski/sin/cos/sin-cos-346-b-chunk-0392.smt2
[DEBUG] Predicted solver: Z3alpha for benchmark QF_NRA/meti-tarski/sin/cos/sin-cos-346-b-chunk-0392.smt2
[DEBUG] Benchmark QF_NRA/meti-tarski/sin/cos/sin-cos-346-b-chunk-0392.smt2: solved=True, runtime=0.27s, PAR-2=0.27s
[DEBUG] Processing 1578/2482: QF_NRA/LassoRanker/SV-COMP/KroeningSharyginaTsitovichWintersteiger-2010CAV-Fig1_true-termination.c_Iteration1_Lasso_3-nestedTemplate.smt2
[DEBUG] Predicted solver: SMTInterpol for benchmark QF_NRA/LassoRanker/SV-COMP/KroeningSharyginaTsitovichWintersteiger-2010CAV-Fig1_true-termination.c_Iteration1_Lasso_3-nestedTemplate.smt2
[DEBUG] Benchmark QF_NRA/LassoRanker/SV-COMP/KroeningSharyginaTsitovichWintersteiger-2010CAV-Fig1_true-termination.c_Iteration1_Lasso_3-nestedTemplate.smt2: solved=True, runtime=18.52s, PAR-2=18.52s
[DEBUG] Processing 1579/2482: QF_NRA/20170501-Heizmann-UltimateInvariantSynthesis/array1.i_3_2_2.bpl_9.smt2
[DEBUG] Predicted solver: SMTInterpol for benchmark QF_NRA/20170501-Heizmann-UltimateInvariantSynthesis/array1.i_3_2_2.bpl_9.smt2
[DEBUG] Benchmark QF_NRA/20170501-Heizmann-UltimateInvariantSynthesis/array1.i_3_2_2.bpl_9.smt2: solved=True, runtime=0.61s, PAR-2=0.61s
[DEBUG] Processing 1580/2482: QF_NRA/20200911-Pine/1599121900501850000.smt2
[DEBUG] Predicted solver: Z3alpha for benchmark QF_NRA/20200911-Pine/1599121900501850000.smt2
[DEBUG] Benchmark QF_NRA/20200911-Pine/1599121900501850000.smt2: solved=True, runtime=0.27s, PAR-2=0.27s
[DEBUG] Processing 1581/2482: QF_NRA/20220314-Uncu/Polynomial_Proof_Calls/ProveIneq_Mitrinovic_11_1b.smt2
[DEBUG] Predicted solver: Yices2 for benchmark QF_NRA/20220314-Uncu/Polynomial_Proof_Calls/ProveIneq_Mitrinovic_11_1b.smt2
[DEBUG] Benchmark QF_NRA/20220314-Uncu/Polynomial_Proof_Calls/ProveIneq_Mitrinovic_11_1b.smt2: solved=True, runtime=0.24s, PAR-2=0.24s
[DEBUG] Processing 1582/2482: QF_NRA/meti-tarski/sqrt/problem/sqrt-problem-Melquiond2-chunk-0087.smt2
[DEBUG] Predicted solver: Z3alpha for benchmark QF_NRA/meti-tarski/sqrt/problem/sqrt-problem-Melquiond2-chunk-0087.smt2
[DEBUG] Benchmark QF_NRA/meti-tarski/sqrt/problem/sqrt-problem-Melquiond2-chunk-0087.smt2: solved=True, runtime=0.27s, PAR-2=0.27s
[DEBUG] Processing 1583/2482: QF_NRA/hycomp/ball_count_2d_plain.03.seq_lazy_global_15.smt2
[DEBUG] Predicted solver: Yices2 for benchmark QF_NRA/hycomp/ball_count_2d_plain.03.seq_lazy_global_15.smt2
[DEBUG] Benchmark QF_NRA/hycomp/ball_count_2d_plain.03.seq_lazy_global_15.smt2: solved=True, runtime=0.25s, PAR-2=0.25s
[DEBUG] Processing 1584/2482: QF_NRA/zankl/matrix-1-all-38.smt2
[DEBUG] Predicted solver: SMTInterpol for benchmark QF_NRA/zankl/matrix-1-all-38.smt2
[DEBUG] Benchmark QF_NRA/zankl/matrix-1-all-38.smt2: solved=True, runtime=0.44s, PAR-2=0.44s
[DEBUG] Processing 1585/2482: QF_NRA/20161105-Sturm-MBO/mbo_E8E18.smt2
[DEBUG] Predicted solver: SMTInterpol for benchmark QF_NRA/20161105-Sturm-MBO/mbo_E8E18.smt2
[DEBUG] Benchmark QF_NRA/20161105-Sturm-MBO/mbo_E8E18.smt2: solved=True, runtime=2.01s, PAR-2=2.01s
[DEBUG] Processing 1586/2482: QF_NRA/20161105-Sturm-MBO/mbo_E13E20.smt2
[DEBUG] Predicted solver: SMTInterpol for benchmark QF_NRA/20161105-Sturm-MBO/mbo_E13E20.smt2
[DEBUG] Benchmark QF_NRA/20161105-Sturm-MBO/mbo_E13E20.smt2: solved=True, runtime=0.86s, PAR-2=0.86s
[DEBUG] Processing 1587/2482: QF_NRA/hycomp/ball_count_2d_hill.05.seq_lazy_global_14.smt2
[DEBUG] Predicted solver: SMTInterpol for benchmark QF_NRA/hycomp/ball_count_2d_hill.05.seq_lazy_global_14.smt2
[DEBUG] Benchmark QF_NRA/hycomp/ball_count_2d_hill.05.seq_lazy_global_14.smt2: solved=True, runtime=1.12s, PAR-2=1.12s
[DEBUG] Processing 1588/2482: QF_NRA/hycomp/etcs_braking_2.01.seq_lazy_global_15.smt2
[DEBUG] Predicted solver: SMTInterpol for benchmark QF_NRA/hycomp/etcs_braking_2.01.seq_lazy_global_15.smt2
[DEBUG] Benchmark QF_NRA/hycomp/etcs_braking_2.01.seq_lazy_global_15.smt2: solved=True, runtime=2.19s, PAR-2=2.19s
[DEBUG] Processing 1589/2482: QF_NRA/meti-tarski/sqrt/1mcosq/8/sqrt-1mcosq-8-chunk-0676.smt2
[DEBUG] Predicted solver: Z3alpha for benchmark QF_NRA/meti-tarski/sqrt/1mcosq/8/sqrt-1mcosq-8-chunk-0676.smt2
[DEBUG] Benchmark QF_NRA/meti-tarski/sqrt/1mcosq/8/sqrt-1mcosq-8-chunk-0676.smt2: solved=True, runtime=0.29s, PAR-2=0.29s
[DEBUG] Processing 1590/2482: QF_NRA/20170501-Heizmann-UltimateInvariantSynthesis/standard_copy4_ground.i_3_2_2.bpl_3.smt2
[DEBUG] Predicted solver: SMTInterpol for benchmark QF_NRA/20170501-Heizmann-UltimateInvariantSynthesis/standard_copy4_ground.i_3_2_2.bpl_3.smt2
[DEBUG] Benchmark QF_NRA/20170501-Heizmann-UltimateInvariantSynthesis/standard_copy4_ground.i_3_2_2.bpl_3.smt2: solved=True, runtime=0.57s, PAR-2=0.57s
[DEBUG] Processing 1591/2482: QF_NRA/meti-tarski/atan/vega/3/atan-vega-3-chunk-0431.smt2
[DEBUG] Predicted solver: Z3alpha for benchmark QF_NRA/meti-tarski/atan/vega/3/atan-vega-3-chunk-0431.smt2
[DEBUG] Benchmark QF_NRA/meti-tarski/atan/vega/3/atan-vega-3-chunk-0431.smt2: solved=True, runtime=0.28s, PAR-2=0.28s
[DEBUG] Processing 1592/2482: QF_NRA/hycomp/ball_count_2d_slope.03.seq_lazy_lemmas_global_12.smt2
[DEBUG] Predicted solver: SMTInterpol for benchmark QF_NRA/hycomp/ball_count_2d_slope.03.seq_lazy_lemmas_global_12.smt2
[DEBUG] Benchmark QF_NRA/hycomp/ball_count_2d_slope.03.seq_lazy_lemmas_global_12.smt2: solved=True, runtime=1.30s, PAR-2=1.30s
[DEBUG] Processing 1593/2482: QF_NRA/meti-tarski/atan/problem/1/atan-problem-1-chunk-0047.smt2
[DEBUG] Predicted solver: Z3alpha for benchmark QF_NRA/meti-tarski/atan/problem/1/atan-problem-1-chunk-0047.smt2
[DEBUG] Benchmark QF_NRA/meti-tarski/atan/problem/1/atan-problem-1-chunk-0047.smt2: solved=True, runtime=0.27s, PAR-2=0.27s
[DEBUG] Processing 1594/2482: QF_NRA/LassoRanker/Ultimate/SantaBarbara02.bpl_Iteration1_Lasso_4-pieceTemplate.smt2
[DEBUG] Predicted solver: SMTInterpol for benchmark QF_NRA/LassoRanker/Ultimate/SantaBarbara02.bpl_Iteration1_Lasso_4-pieceTemplate.smt2
[DEBUG] Benchmark QF_NRA/LassoRanker/Ultimate/SantaBarbara02.bpl_Iteration1_Lasso_4-pieceTemplate.smt2: solved=True, runtime=0.86s, PAR-2=0.86s
[DEBUG] Processing 1595/2482: QF_NRA/meti-tarski/exp/problem/10/3/weak/exp-problem-10-3-weak-chunk-0168.smt2
[DEBUG] Predicted solver: Z3alpha for benchmark QF_NRA/meti-tarski/exp/problem/10/3/weak/exp-problem-10-3-weak-chunk-0168.smt2
[DEBUG] Benchmark QF_NRA/meti-tarski/exp/problem/10/3/weak/exp-problem-10-3-weak-chunk-0168.smt2: solved=True, runtime=0.27s, PAR-2=0.27s
[DEBUG] Processing 1596/2482: QF_NRA/meti-tarski/Chua/2/IL/L/Chua-2-IL-L-chunk-0084.smt2
[DEBUG] Predicted solver: Z3alpha for benchmark QF_NRA/meti-tarski/Chua/2/IL/L/Chua-2-IL-L-chunk-0084.smt2
[DEBUG] Benchmark QF_NRA/meti-tarski/Chua/2/IL/L/Chua-2-IL-L-chunk-0084.smt2: solved=True, runtime=0.27s, PAR-2=0.27s
[DEBUG] Processing 1597/2482: QF_NRA/20161105-Sturm-MBO/mbo_E14E19.smt2
[DEBUG] Predicted solver: SMTInterpol for benchmark QF_NRA/20161105-Sturm-MBO/mbo_E14E19.smt2
[DEBUG] Benchmark QF_NRA/20161105-Sturm-MBO/mbo_E14E19.smt2: solved=True, runtime=1.88s, PAR-2=1.88s
[DEBUG] Processing 1598/2482: QF_NRA/hycomp/ball_count_2d_plain.10.seq_lazy_lemmas_global_14.smt2
[DEBUG] Predicted solver: SMTInterpol for benchmark QF_NRA/hycomp/ball_count_2d_plain.10.seq_lazy_lemmas_global_14.smt2
[DEBUG] Benchmark QF_NRA/hycomp/ball_count_2d_plain.10.seq_lazy_lemmas_global_14.smt2: solved=True, runtime=1.22s, PAR-2=1.22s
[DEBUG] Processing 1599/2482: QF_NRA/meti-tarski/sqrt/problem/12vars3/sqrt-problem-12vars3-chunk-0056.smt2
[DEBUG] Predicted solver: Z3alpha for benchmark QF_NRA/meti-tarski/sqrt/problem/12vars3/sqrt-problem-12vars3-chunk-0056.smt2
[DEBUG] Benchmark QF_NRA/meti-tarski/sqrt/problem/12vars3/sqrt-problem-12vars3-chunk-0056.smt2: solved=True, runtime=0.29s, PAR-2=0.29s
[DEBUG] Processing 1600/2482: QF_NRA/hycomp/ball_count_2d_hill.10.seq_lazy_linear_enc_lemmas_global_11.smt2
[DEBUG] Predicted solver: SMTInterpol for benchmark QF_NRA/hycomp/ball_count_2d_hill.10.seq_lazy_linear_enc_lemmas_global_11.smt2
[DEBUG] Benchmark QF_NRA/hycomp/ball_count_2d_hill.10.seq_lazy_linear_enc_lemmas_global_11.smt2: solved=True, runtime=1.12s, PAR-2=1.12s
[DEBUG] Processing 1601/2482: QF_NRA/2019-ezsmt/reverseFolding/40-reverse_folding-0-0.smt2
[DEBUG] Predicted solver: Yices2 for benchmark QF_NRA/2019-ezsmt/reverseFolding/40-reverse_folding-0-0.smt2
[DEBUG] Benchmark QF_NRA/2019-ezsmt/reverseFolding/40-reverse_folding-0-0.smt2: solved=True, runtime=2.85s, PAR-2=2.85s
[DEBUG] Processing 1602/2482: QF_NRA/hycomp/ball_count_2d_hill_simple.01.seq_lazy_linear_enc_lemmas_global_8.smt2
[DEBUG] Predicted solver: SMTInterpol for benchmark QF_NRA/hycomp/ball_count_2d_hill_simple.01.seq_lazy_linear_enc_lemmas_global_8.smt2
[DEBUG] Benchmark QF_NRA/hycomp/ball_count_2d_hill_simple.01.seq_lazy_linear_enc_lemmas_global_8.smt2: solved=True, runtime=0.84s, PAR-2=0.84s
[DEBUG] Processing 1603/2482: QF_NRA/hycomp/ball_count_1d_plain.04.seq_lazy_lemmas_global_15.smt2
[DEBUG] Predicted solver: Yices2 for benchmark QF_NRA/hycomp/ball_count_1d_plain.04.seq_lazy_lemmas_global_15.smt2
[DEBUG] Benchmark QF_NRA/hycomp/ball_count_1d_plain.04.seq_lazy_lemmas_global_15.smt2: solved=True, runtime=0.25s, PAR-2=0.25s
[DEBUG] Processing 1604/2482: QF_NRA/meti-tarski/sin/344/3/sin-344-3-chunk-0067.smt2
[DEBUG] Predicted solver: Z3alpha for benchmark QF_NRA/meti-tarski/sin/344/3/sin-344-3-chunk-0067.smt2
[DEBUG] Benchmark QF_NRA/meti-tarski/sin/344/3/sin-344-3-chunk-0067.smt2: solved=True, runtime=0.27s, PAR-2=0.27s
[DEBUG] Processing 1605/2482: QF_NRA/LassoRanker/CooperatingT2/spiral.t2.c_Iteration3_Loop_4-pieceTemplate.smt2
[DEBUG] Predicted solver: SMTInterpol for benchmark QF_NRA/LassoRanker/CooperatingT2/spiral.t2.c_Iteration3_Loop_4-pieceTemplate.smt2
[DEBUG] Benchmark QF_NRA/LassoRanker/CooperatingT2/spiral.t2.c_Iteration3_Loop_4-pieceTemplate.smt2: solved=True, runtime=1.34s, PAR-2=1.34s
[DEBUG] Processing 1606/2482: QF_NRA/hycomp/simple_ballistics_reach.01.seq_lazy_linear_enc_global_15.smt2
[DEBUG] Predicted solver: SMTInterpol for benchmark QF_NRA/hycomp/simple_ballistics_reach.01.seq_lazy_linear_enc_global_15.smt2
[DEBUG] Benchmark QF_NRA/hycomp/simple_ballistics_reach.01.seq_lazy_linear_enc_global_15.smt2: solved=True, runtime=1.10s, PAR-2=1.10s
[DEBUG] Processing 1607/2482: QF_NRA/20200911-Pine/1599121905450496000.smt2
[DEBUG] Predicted solver: Yices2 for benchmark QF_NRA/20200911-Pine/1599121905450496000.smt2
[DEBUG] Benchmark QF_NRA/20200911-Pine/1599121905450496000.smt2: solved=True, runtime=0.23s, PAR-2=0.23s
[DEBUG] Processing 1608/2482: QF_NRA/20220314-Uncu/Rational_Function_Proof_Calls_With_Disjunctive_Denominator_Simplifications/DDC_ProveIneq_Mitrinovic_7_35.smt2
[DEBUG] Predicted solver: Z3alpha for benchmark QF_NRA/20220314-Uncu/Rational_Function_Proof_Calls_With_Disjunctive_Denominator_Simplifications/DDC_ProveIneq_Mitrinovic_7_35.smt2
[DEBUG] Benchmark QF_NRA/20220314-Uncu/Rational_Function_Proof_Calls_With_Disjunctive_Denominator_Simplifications/DDC_ProveIneq_Mitrinovic_7_35.smt2: solved=True, runtime=0.27s, PAR-2=0.27s
[DEBUG] Processing 1609/2482: QF_NRA/meti-tarski/CMOS/CMOS-opamp-chunk-0158.smt2
[DEBUG] Predicted solver: Z3alpha for benchmark QF_NRA/meti-tarski/CMOS/CMOS-opamp-chunk-0158.smt2
[DEBUG] Benchmark QF_NRA/meti-tarski/CMOS/CMOS-opamp-chunk-0158.smt2: solved=True, runtime=0.28s, PAR-2=0.28s
[DEBUG] Processing 1610/2482: QF_NRA/hycomp/ball_count_2d_hill.02.seq_lazy_lemmas_global_15.smt2
[DEBUG] Predicted solver: SMTInterpol for benchmark QF_NRA/hycomp/ball_count_2d_hill.02.seq_lazy_lemmas_global_15.smt2
[DEBUG] Benchmark QF_NRA/hycomp/ball_count_2d_hill.02.seq_lazy_lemmas_global_15.smt2: solved=True, runtime=1.28s, PAR-2=1.28s
[DEBUG] Processing 1611/2482: QF_NRA/20170501-Heizmann-UltimateInvariantSynthesis/MADWiFi-encode_ie_ok.i_3_4_3.bpl_3.smt2
[DEBUG] Predicted solver: SMTInterpol for benchmark QF_NRA/20170501-Heizmann-UltimateInvariantSynthesis/MADWiFi-encode_ie_ok.i_3_4_3.bpl_3.smt2
[DEBUG] Benchmark QF_NRA/20170501-Heizmann-UltimateInvariantSynthesis/MADWiFi-encode_ie_ok.i_3_4_3.bpl_3.smt2: solved=True, runtime=0.66s, PAR-2=0.66s
[DEBUG] Processing 1612/2482: QF_NRA/meti-tarski/sin/problem/7/sin-problem-7-chunk-0285.smt2
[DEBUG] Predicted solver: SMTInterpol for benchmark QF_NRA/meti-tarski/sin/problem/7/sin-problem-7-chunk-0285.smt2
[DEBUG] Benchmark QF_NRA/meti-tarski/sin/problem/7/sin-problem-7-chunk-0285.smt2: solved=True, runtime=0.45s, PAR-2=0.45s
[DEBUG] Processing 1613/2482: QF_NRA/meti-tarski/sin/problem/7/sin-problem-7-chunk-0123.smt2
[DEBUG] Predicted solver: Z3alpha for benchmark QF_NRA/meti-tarski/sin/problem/7/sin-problem-7-chunk-0123.smt2
[DEBUG] Benchmark QF_NRA/meti-tarski/sin/problem/7/sin-problem-7-chunk-0123.smt2: solved=True, runtime=0.28s, PAR-2=0.28s
[DEBUG] Processing 1614/2482: QF_NRA/20211101-Geogebra/Square-Diagonal_Side.smt2
[DEBUG] Predicted solver: Z3alpha for benchmark QF_NRA/20211101-Geogebra/Square-Diagonal_Side.smt2
[DEBUG] Benchmark QF_NRA/20211101-Geogebra/Square-Diagonal_Side.smt2: solved=True, runtime=0.27s, PAR-2=0.27s
[DEBUG] Processing 1615/2482: QF_NRA/20220314-Uncu/Rational_Function_Proof_Calls_With_Basic_Denominator_Simplifications/BDC_ProveIneq_ISSAC05_Bessack_5_m2.smt2
[DEBUG] Predicted solver: Z3alpha for benchmark QF_NRA/20220314-Uncu/Rational_Function_Proof_Calls_With_Basic_Denominator_Simplifications/BDC_ProveIneq_ISSAC05_Bessack_5_m2.smt2
[DEBUG] Benchmark QF_NRA/20220314-Uncu/Rational_Function_Proof_Calls_With_Basic_Denominator_Simplifications/BDC_ProveIneq_ISSAC05_Bessack_5_m2.smt2: solved=True, runtime=0.27s, PAR-2=0.27s
[DEBUG] Processing 1616/2482: QF_NRA/meti-tarski/sqrt/1mcosq/8/sqrt-1mcosq-8-chunk-0672.smt2
[DEBUG] Predicted solver: Z3alpha for benchmark QF_NRA/meti-tarski/sqrt/1mcosq/8/sqrt-1mcosq-8-chunk-0672.smt2
[DEBUG] Benchmark QF_NRA/meti-tarski/sqrt/1mcosq/8/sqrt-1mcosq-8-chunk-0672.smt2: solved=True, runtime=0.30s, PAR-2=0.30s
[DEBUG] Processing 1617/2482: QF_NRA/hycomp/ball_count_2d_plain.01.seq_lazy_linear_enc_lemmas_global_15.smt2
[DEBUG] Predicted solver: Yices2 for benchmark QF_NRA/hycomp/ball_count_2d_plain.01.seq_lazy_linear_enc_lemmas_global_15.smt2
[DEBUG] Benchmark QF_NRA/hycomp/ball_count_2d_plain.01.seq_lazy_linear_enc_lemmas_global_15.smt2: solved=True, runtime=0.23s, PAR-2=0.23s
[DEBUG] Processing 1618/2482: QF_NRA/meti-tarski/sin/cos/sin-cos-346-b-chunk-0206.smt2
[DEBUG] Predicted solver: Z3alpha for benchmark QF_NRA/meti-tarski/sin/cos/sin-cos-346-b-chunk-0206.smt2
[DEBUG] Benchmark QF_NRA/meti-tarski/sin/cos/sin-cos-346-b-chunk-0206.smt2: solved=True, runtime=0.27s, PAR-2=0.27s
[DEBUG] Processing 1619/2482: QF_NRA/meti-tarski/sin/cos/sin-cos-346-b-chunk-0422.smt2
[DEBUG] Predicted solver: Z3alpha for benchmark QF_NRA/meti-tarski/sin/cos/sin-cos-346-b-chunk-0422.smt2
[DEBUG] Benchmark QF_NRA/meti-tarski/sin/cos/sin-cos-346-b-chunk-0422.smt2: solved=True, runtime=0.27s, PAR-2=0.27s
[DEBUG] Processing 1620/2482: QF_NRA/hycomp/ball_count_2d_hill.01.redlog_global_4.smt2
[DEBUG] Predicted solver: SMTInterpol for benchmark QF_NRA/hycomp/ball_count_2d_hill.01.redlog_global_4.smt2
[DEBUG] Benchmark QF_NRA/hycomp/ball_count_2d_hill.01.redlog_global_4.smt2: solved=True, runtime=0.89s, PAR-2=0.89s
[DEBUG] Processing 1621/2482: QF_NRA/hycomp/ball_count_2d_hill_simple.05.seq_lazy_global_9.smt2
[DEBUG] Predicted solver: SMTInterpol for benchmark QF_NRA/hycomp/ball_count_2d_hill_simple.05.seq_lazy_global_9.smt2
[DEBUG] Benchmark QF_NRA/hycomp/ball_count_2d_hill_simple.05.seq_lazy_global_9.smt2: solved=True, runtime=0.92s, PAR-2=0.92s
[DEBUG] Processing 1622/2482: QF_NRA/hycomp/ball_count_2d_hill_simple.04.seq_lazy_linear_enc_lemmas_global_6.smt2
[DEBUG] Predicted solver: SMTInterpol for benchmark QF_NRA/hycomp/ball_count_2d_hill_simple.04.seq_lazy_linear_enc_lemmas_global_6.smt2
[DEBUG] Benchmark QF_NRA/hycomp/ball_count_2d_hill_simple.04.seq_lazy_linear_enc_lemmas_global_6.smt2: solved=True, runtime=0.90s, PAR-2=0.90s
[DEBUG] Processing 1623/2482: QF_NRA/hycomp/ball_count_2d_plain.03.seq_lazy_lemmas_global_12.smt2
[DEBUG] Predicted solver: SMTInterpol for benchmark QF_NRA/hycomp/ball_count_2d_plain.03.seq_lazy_lemmas_global_12.smt2
[DEBUG] Benchmark QF_NRA/hycomp/ball_count_2d_plain.03.seq_lazy_lemmas_global_12.smt2: solved=True, runtime=0.96s, PAR-2=0.96s
[DEBUG] Processing 1624/2482: QF_NRA/20220314-Uncu/Rational_Function_Proof_Calls_With_Disjunctive_Denominator_Simplifications/DDC_ProveIneq_JSC_SUMCracker_15.smt2
[DEBUG] Predicted solver: Z3alpha for benchmark QF_NRA/20220314-Uncu/Rational_Function_Proof_Calls_With_Disjunctive_Denominator_Simplifications/DDC_ProveIneq_JSC_SUMCracker_15.smt2
[DEBUG] Benchmark QF_NRA/20220314-Uncu/Rational_Function_Proof_Calls_With_Disjunctive_Denominator_Simplifications/DDC_ProveIneq_JSC_SUMCracker_15.smt2: solved=True, runtime=0.28s, PAR-2=0.28s
[DEBUG] Processing 1625/2482: QF_NRA/20161105-Sturm-MBO/mbo_E2E22.smt2
[DEBUG] Predicted solver: SMTInterpol for benchmark QF_NRA/20161105-Sturm-MBO/mbo_E2E22.smt2
[DEBUG] Benchmark QF_NRA/20161105-Sturm-MBO/mbo_E2E22.smt2: solved=True, runtime=2.25s, PAR-2=2.25s
[DEBUG] Processing 1626/2482: QF_NRA/hycomp/ball_count_2d_hill_simple.05.seq_lazy_linear_enc_lemmas_global_15.smt2
[DEBUG] Predicted solver: Yices2 for benchmark QF_NRA/hycomp/ball_count_2d_hill_simple.05.seq_lazy_linear_enc_lemmas_global_15.smt2
[DEBUG] Benchmark QF_NRA/hycomp/ball_count_2d_hill_simple.05.seq_lazy_linear_enc_lemmas_global_15.smt2: solved=True, runtime=0.26s, PAR-2=0.26s
[DEBUG] Processing 1627/2482: QF_NRA/hycomp/ball_count_1d_plain.01.seq_lazy_global_15.smt2
[DEBUG] Predicted solver: Yices2 for benchmark QF_NRA/hycomp/ball_count_1d_plain.01.seq_lazy_global_15.smt2
[DEBUG] Benchmark QF_NRA/hycomp/ball_count_1d_plain.01.seq_lazy_global_15.smt2: solved=True, runtime=0.22s, PAR-2=0.22s
[DEBUG] Processing 1628/2482: QF_NRA/meti-tarski/Chua/2/VC2/U/Chua-2-VC2-U-chunk-0052.smt2
[DEBUG] Predicted solver: Z3alpha for benchmark QF_NRA/meti-tarski/Chua/2/VC2/U/Chua-2-VC2-U-chunk-0052.smt2
[DEBUG] Benchmark QF_NRA/meti-tarski/Chua/2/VC2/U/Chua-2-VC2-U-chunk-0052.smt2: solved=True, runtime=0.27s, PAR-2=0.27s
[DEBUG] Processing 1629/2482: QF_NRA/meti-tarski/sqrt/1mcosq/8/sqrt-1mcosq-8-chunk-0233.smt2
[DEBUG] Predicted solver: Z3alpha for benchmark QF_NRA/meti-tarski/sqrt/1mcosq/8/sqrt-1mcosq-8-chunk-0233.smt2
[DEBUG] Benchmark QF_NRA/meti-tarski/sqrt/1mcosq/8/sqrt-1mcosq-8-chunk-0233.smt2: solved=True, runtime=0.28s, PAR-2=0.28s
[DEBUG] Processing 1630/2482: QF_NRA/meti-tarski/sqrt/1mcosq/8/sqrt-1mcosq-8-chunk-0379.smt2
[DEBUG] Predicted solver: Z3alpha for benchmark QF_NRA/meti-tarski/sqrt/1mcosq/8/sqrt-1mcosq-8-chunk-0379.smt2
[DEBUG] Benchmark QF_NRA/meti-tarski/sqrt/1mcosq/8/sqrt-1mcosq-8-chunk-0379.smt2: solved=True, runtime=0.28s, PAR-2=0.28s
[DEBUG] Processing 1631/2482: QF_NRA/meti-tarski/atan/vega/3/atan-vega-3-chunk-0584.smt2
[DEBUG] Predicted solver: SMTInterpol for benchmark QF_NRA/meti-tarski/atan/vega/3/atan-vega-3-chunk-0584.smt2
[DEBUG] Benchmark QF_NRA/meti-tarski/atan/vega/3/atan-vega-3-chunk-0584.smt2: solved=True, runtime=0.47s, PAR-2=0.47s
[DEBUG] Processing 1632/2482: QF_NRA/20161105-Sturm-MBO/mbo_E5E11.smt2
[DEBUG] Predicted solver: SMTInterpol for benchmark QF_NRA/20161105-Sturm-MBO/mbo_E5E11.smt2
[DEBUG] Benchmark QF_NRA/20161105-Sturm-MBO/mbo_E5E11.smt2: solved=True, runtime=0.59s, PAR-2=0.59s
[DEBUG] Processing 1633/2482: QF_NRA/hycomp/ball_count_1d_plain.02.seq_lazy_global_10.smt2
[DEBUG] Predicted solver: SMTInterpol for benchmark QF_NRA/hycomp/ball_count_1d_plain.02.seq_lazy_global_10.smt2
[DEBUG] Benchmark QF_NRA/hycomp/ball_count_1d_plain.02.seq_lazy_global_10.smt2: solved=True, runtime=0.84s, PAR-2=0.84s
[DEBUG] Processing 1634/2482: QF_NRA/LassoRanker/CooperatingT2/sort.t2.c_Iteration5_Loop_3-pieceTemplate.smt2
[DEBUG] Predicted solver: SMTInterpol for benchmark QF_NRA/LassoRanker/CooperatingT2/sort.t2.c_Iteration5_Loop_3-pieceTemplate.smt2
[DEBUG] Benchmark QF_NRA/LassoRanker/CooperatingT2/sort.t2.c_Iteration5_Loop_3-pieceTemplate.smt2: solved=True, runtime=1.61s, PAR-2=1.61s
[DEBUG] Processing 1635/2482: QF_NRA/LassoRanker/SV-COMP/Toulouse-BranchesToLoop_true-termination.c_Iteration1_Lasso_2-pieceTemplate.smt2
[DEBUG] Predicted solver: SMTInterpol for benchmark QF_NRA/LassoRanker/SV-COMP/Toulouse-BranchesToLoop_true-termination.c_Iteration1_Lasso_2-pieceTemplate.smt2
[DEBUG] Benchmark QF_NRA/LassoRanker/SV-COMP/Toulouse-BranchesToLoop_true-termination.c_Iteration1_Lasso_2-pieceTemplate.smt2: solved=True, runtime=0.69s, PAR-2=0.69s
[DEBUG] Processing 1636/2482: QF_NRA/meti-tarski/sqrt/1mcosq/7/sqrt-1mcosq-7-chunk-0192.smt2
[DEBUG] Predicted solver: Z3alpha for benchmark QF_NRA/meti-tarski/sqrt/1mcosq/7/sqrt-1mcosq-7-chunk-0192.smt2
[DEBUG] Benchmark QF_NRA/meti-tarski/sqrt/1mcosq/7/sqrt-1mcosq-7-chunk-0192.smt2: solved=True, runtime=0.31s, PAR-2=0.31s
[DEBUG] Processing 1637/2482: QF_NRA/meti-tarski/sin/344/3/sin-344-3-weak-chunk-0027.smt2
[DEBUG] Predicted solver: Z3alpha for benchmark QF_NRA/meti-tarski/sin/344/3/sin-344-3-weak-chunk-0027.smt2
[DEBUG] Benchmark QF_NRA/meti-tarski/sin/344/3/sin-344-3-weak-chunk-0027.smt2: solved=True, runtime=0.31s, PAR-2=0.31s
[DEBUG] Processing 1638/2482: QF_NRA/20180501-Economics-Mulligan/MulliganEconomicsModel0061e.smt2
[DEBUG] Predicted solver: SMTInterpol for benchmark QF_NRA/20180501-Economics-Mulligan/MulliganEconomicsModel0061e.smt2
[DEBUG] Benchmark QF_NRA/20180501-Economics-Mulligan/MulliganEconomicsModel0061e.smt2: solved=True, runtime=0.43s, PAR-2=0.43s
[DEBUG] Processing 1639/2482: QF_NRA/20161105-Sturm-MGC/mgc_06.smt2
[DEBUG] Predicted solver: SMTInterpol for benchmark QF_NRA/20161105-Sturm-MGC/mgc_06.smt2
[DEBUG] Benchmark QF_NRA/20161105-Sturm-MGC/mgc_06.smt2: solved=True, runtime=0.43s, PAR-2=0.43s
[DEBUG] Processing 1640/2482: QF_NRA/20200911-Pine/1599121909151965000.smt2
[DEBUG] Predicted solver: Yices2 for benchmark QF_NRA/20200911-Pine/1599121909151965000.smt2
[DEBUG] Benchmark QF_NRA/20200911-Pine/1599121909151965000.smt2: solved=False, runtime=1200.00s, PAR-2=2400.00s
[DEBUG] Processing 1641/2482: QF_NRA/meti-tarski/sin/cos/sin-cos-346-b-chunk-0167.smt2
[DEBUG] Predicted solver: Z3alpha for benchmark QF_NRA/meti-tarski/sin/cos/sin-cos-346-b-chunk-0167.smt2
[DEBUG] Benchmark QF_NRA/meti-tarski/sin/cos/sin-cos-346-b-chunk-0167.smt2: solved=True, runtime=0.29s, PAR-2=0.29s
[DEBUG] Processing 1642/2482: QF_NRA/20161105-Sturm-MBO/mbo_E4E7.smt2
[DEBUG] Predicted solver: SMTInterpol for benchmark QF_NRA/20161105-Sturm-MBO/mbo_E4E7.smt2
[DEBUG] Benchmark QF_NRA/20161105-Sturm-MBO/mbo_E4E7.smt2: solved=True, runtime=1.33s, PAR-2=1.33s
[DEBUG] Processing 1643/2482: QF_NRA/LassoRanker/CooperatingT2/eric2.t2.c_Iteration6_Loop_4-pieceTemplate.smt2
[DEBUG] Predicted solver: SMTInterpol for benchmark QF_NRA/LassoRanker/CooperatingT2/eric2.t2.c_Iteration6_Loop_4-pieceTemplate.smt2
[DEBUG] Benchmark QF_NRA/LassoRanker/CooperatingT2/eric2.t2.c_Iteration6_Loop_4-pieceTemplate.smt2: solved=True, runtime=1.24s, PAR-2=1.24s
[DEBUG] Processing 1644/2482: QF_NRA/meti-tarski/sqrt/1mcosq/8/sqrt-1mcosq-8-chunk-0694.smt2
[DEBUG] Predicted solver: Z3alpha for benchmark QF_NRA/meti-tarski/sqrt/1mcosq/8/sqrt-1mcosq-8-chunk-0694.smt2
[DEBUG] Benchmark QF_NRA/meti-tarski/sqrt/1mcosq/8/sqrt-1mcosq-8-chunk-0694.smt2: solved=True, runtime=0.30s, PAR-2=0.30s
[DEBUG] Processing 1645/2482: QF_NRA/meti-tarski/sin/problem/7/sin-problem-7-chunk-0279.smt2
[DEBUG] Predicted solver: Z3alpha for benchmark QF_NRA/meti-tarski/sin/problem/7/sin-problem-7-chunk-0279.smt2
[DEBUG] Benchmark QF_NRA/meti-tarski/sin/problem/7/sin-problem-7-chunk-0279.smt2: solved=True, runtime=0.27s, PAR-2=0.27s
[DEBUG] Processing 1646/2482: QF_NRA/20211101-Geogebra/RightTriangle-Bottema1_1b.smt2
[DEBUG] Predicted solver: Z3alpha for benchmark QF_NRA/20211101-Geogebra/RightTriangle-Bottema1_1b.smt2
[DEBUG] Benchmark QF_NRA/20211101-Geogebra/RightTriangle-Bottema1_1b.smt2: solved=True, runtime=0.27s, PAR-2=0.27s
[DEBUG] Processing 1647/2482: QF_NRA/2019-ezsmt/reverseFolding/35-reverse_folding-0-0.smt2
[DEBUG] Predicted solver: Yices2 for benchmark QF_NRA/2019-ezsmt/reverseFolding/35-reverse_folding-0-0.smt2
[DEBUG] Benchmark QF_NRA/2019-ezsmt/reverseFolding/35-reverse_folding-0-0.smt2: solved=True, runtime=1.96s, PAR-2=1.96s
[DEBUG] Processing 1648/2482: QF_NRA/20170501-Heizmann-UltimateInvariantSynthesis/avg60.i_5_5_4.bpl_3.smt2
[DEBUG] Predicted solver: SMTInterpol for benchmark QF_NRA/20170501-Heizmann-UltimateInvariantSynthesis/avg60.i_5_5_4.bpl_3.smt2
[DEBUG] Benchmark QF_NRA/20170501-Heizmann-UltimateInvariantSynthesis/avg60.i_5_5_4.bpl_3.smt2: solved=True, runtime=0.98s, PAR-2=0.98s
[DEBUG] Processing 1649/2482: QF_NRA/hycomp/ball_count_1d_plain.02.seq_lazy_linear_enc_global_14.smt2
[DEBUG] Predicted solver: SMTInterpol for benchmark QF_NRA/hycomp/ball_count_1d_plain.02.seq_lazy_linear_enc_global_14.smt2
[DEBUG] Benchmark QF_NRA/hycomp/ball_count_1d_plain.02.seq_lazy_linear_enc_global_14.smt2: solved=True, runtime=0.91s, PAR-2=0.91s
[DEBUG] Processing 1650/2482: QF_NRA/meti-tarski/sqrt/problem/13/sqrt1/sqrt-problem-13-sqrt1-chunk-0037.smt2
[DEBUG] Predicted solver: Z3alpha for benchmark QF_NRA/meti-tarski/sqrt/problem/13/sqrt1/sqrt-problem-13-sqrt1-chunk-0037.smt2
[DEBUG] Benchmark QF_NRA/meti-tarski/sqrt/problem/13/sqrt1/sqrt-problem-13-sqrt1-chunk-0037.smt2: solved=True, runtime=0.27s, PAR-2=0.27s
[DEBUG] Processing 1651/2482: QF_NRA/LassoRanker/Ultimate/MenloPark.bpl_Iteration1_Lasso_3-pieceTemplate.smt2
[DEBUG] Predicted solver: SMTInterpol for benchmark QF_NRA/LassoRanker/Ultimate/MenloPark.bpl_Iteration1_Lasso_3-pieceTemplate.smt2
[DEBUG] Benchmark QF_NRA/LassoRanker/Ultimate/MenloPark.bpl_Iteration1_Lasso_3-pieceTemplate.smt2: solved=True, runtime=0.80s, PAR-2=0.80s
[DEBUG] Processing 1652/2482: QF_NRA/20161105-Sturm-MBO/mbo_E4E24.smt2
[DEBUG] Predicted solver: SMTInterpol for benchmark QF_NRA/20161105-Sturm-MBO/mbo_E4E24.smt2
[DEBUG] Benchmark QF_NRA/20161105-Sturm-MBO/mbo_E4E24.smt2: solved=True, runtime=2.12s, PAR-2=2.12s
[DEBUG] Processing 1653/2482: QF_NRA/hycomp/ball_count_2d_hill_simple.04.redlog_global_15.smt2
[DEBUG] Predicted solver: Yices2 for benchmark QF_NRA/hycomp/ball_count_2d_hill_simple.04.redlog_global_15.smt2
[DEBUG] Benchmark QF_NRA/hycomp/ball_count_2d_hill_simple.04.redlog_global_15.smt2: solved=True, runtime=0.24s, PAR-2=0.24s
[DEBUG] Processing 1654/2482: QF_NRA/LassoRanker/CooperatingT2/eric.t2.c_Iteration1_Loop_5-phaseTemplate.smt2
[DEBUG] Predicted solver: SMTInterpol for benchmark QF_NRA/LassoRanker/CooperatingT2/eric.t2.c_Iteration1_Loop_5-phaseTemplate.smt2
[DEBUG] Benchmark QF_NRA/LassoRanker/CooperatingT2/eric.t2.c_Iteration1_Loop_5-phaseTemplate.smt2: solved=True, runtime=1.27s, PAR-2=1.27s
[DEBUG] Processing 1655/2482: QF_NRA/meti-tarski/sin/cos/sin-cos-346-b-chunk-0597.smt2
[DEBUG] Predicted solver: Z3alpha for benchmark QF_NRA/meti-tarski/sin/cos/sin-cos-346-b-chunk-0597.smt2
[DEBUG] Benchmark QF_NRA/meti-tarski/sin/cos/sin-cos-346-b-chunk-0597.smt2: solved=True, runtime=0.27s, PAR-2=0.27s
[DEBUG] Processing 1656/2482: QF_NRA/meti-tarski/sqrt/1mcosq/8/sqrt-1mcosq-8-chunk-0162.smt2
[DEBUG] Predicted solver: Z3alpha for benchmark QF_NRA/meti-tarski/sqrt/1mcosq/8/sqrt-1mcosq-8-chunk-0162.smt2
[DEBUG] Benchmark QF_NRA/meti-tarski/sqrt/1mcosq/8/sqrt-1mcosq-8-chunk-0162.smt2: solved=True, runtime=0.29s, PAR-2=0.29s
[DEBUG] Processing 1657/2482: QF_NRA/meti-tarski/atan/vega/3/weak/atan-vega-3-weak-chunk-0667.smt2
[DEBUG] Predicted solver: Z3alpha for benchmark QF_NRA/meti-tarski/atan/vega/3/weak/atan-vega-3-weak-chunk-0667.smt2
[DEBUG] Benchmark QF_NRA/meti-tarski/atan/vega/3/weak/atan-vega-3-weak-chunk-0667.smt2: solved=True, runtime=0.27s, PAR-2=0.27s
[DEBUG] Processing 1658/2482: QF_NRA/LassoRanker/Ultimate/yPositive-SIscaled75.bpl_Iteration1_Loop_4-pieceTemplate.smt2
[DEBUG] Predicted solver: SMTInterpol for benchmark QF_NRA/LassoRanker/Ultimate/yPositive-SIscaled75.bpl_Iteration1_Loop_4-pieceTemplate.smt2
[DEBUG] Benchmark QF_NRA/LassoRanker/Ultimate/yPositive-SIscaled75.bpl_Iteration1_Loop_4-pieceTemplate.smt2: solved=True, runtime=3.51s, PAR-2=3.51s
[DEBUG] Processing 1659/2482: QF_NRA/hycomp/etcs_braking_2.01.redlog_global_3.smt2
[DEBUG] Predicted solver: SMTInterpol for benchmark QF_NRA/hycomp/etcs_braking_2.01.redlog_global_3.smt2
[DEBUG] Benchmark QF_NRA/hycomp/etcs_braking_2.01.redlog_global_3.smt2: solved=True, runtime=1.04s, PAR-2=1.04s
[DEBUG] Processing 1660/2482: QF_NRA/meti-tarski/Chua/2/IL/L/Chua-2-IL-L-chunk-0082.smt2
[DEBUG] Predicted solver: Z3alpha for benchmark QF_NRA/meti-tarski/Chua/2/IL/L/Chua-2-IL-L-chunk-0082.smt2
[DEBUG] Benchmark QF_NRA/meti-tarski/Chua/2/IL/L/Chua-2-IL-L-chunk-0082.smt2: solved=True, runtime=0.27s, PAR-2=0.27s
[DEBUG] Processing 1661/2482: QF_NRA/zankl/matrix-1-all-28.smt2
[DEBUG] Predicted solver: SMTInterpol for benchmark QF_NRA/zankl/matrix-1-all-28.smt2
[DEBUG] Benchmark QF_NRA/zankl/matrix-1-all-28.smt2: solved=True, runtime=0.48s, PAR-2=0.48s
[DEBUG] Processing 1662/2482: QF_NRA/hycomp/ball_count_2d_plain.02.seq_lazy_linear_enc_global_15.smt2
[DEBUG] Predicted solver: Yices2 for benchmark QF_NRA/hycomp/ball_count_2d_plain.02.seq_lazy_linear_enc_global_15.smt2
[DEBUG] Benchmark QF_NRA/hycomp/ball_count_2d_plain.02.seq_lazy_linear_enc_global_15.smt2: solved=True, runtime=0.23s, PAR-2=0.23s
[DEBUG] Processing 1663/2482: QF_NRA/hycomp/etcs_braking_2.01.seq_lazy_lemmas_global_8.smt2
[DEBUG] Predicted solver: SMTInterpol for benchmark QF_NRA/hycomp/etcs_braking_2.01.seq_lazy_lemmas_global_8.smt2
[DEBUG] Benchmark QF_NRA/hycomp/etcs_braking_2.01.seq_lazy_lemmas_global_8.smt2: solved=True, runtime=1.50s, PAR-2=1.50s
[DEBUG] Processing 1664/2482: QF_NRA/meti-tarski/atan/problem/2/weak/atan-problem-2-weak-chunk-0025.smt2
[DEBUG] Predicted solver: Z3alpha for benchmark QF_NRA/meti-tarski/atan/problem/2/weak/atan-problem-2-weak-chunk-0025.smt2
[DEBUG] Benchmark QF_NRA/meti-tarski/atan/problem/2/weak/atan-problem-2-weak-chunk-0025.smt2: solved=True, runtime=0.27s, PAR-2=0.27s
[DEBUG] Processing 1665/2482: QF_NRA/hycomp/ball_count_2d_hill_simple.04.seq_lazy_linear_enc_lemmas_global_4.smt2
[DEBUG] Predicted solver: SMTInterpol for benchmark QF_NRA/hycomp/ball_count_2d_hill_simple.04.seq_lazy_linear_enc_lemmas_global_4.smt2
[DEBUG] Benchmark QF_NRA/hycomp/ball_count_2d_hill_simple.04.seq_lazy_linear_enc_lemmas_global_4.smt2: solved=True, runtime=0.77s, PAR-2=0.77s
[DEBUG] Processing 1666/2482: QF_NRA/LassoRanker/Ultimate/simple-scaled250.bpl_Iteration1_Lasso_7-phaseTemplate.smt2
[DEBUG] Predicted solver: SMTInterpol for benchmark QF_NRA/LassoRanker/Ultimate/simple-scaled250.bpl_Iteration1_Lasso_7-phaseTemplate.smt2
[DEBUG] Benchmark QF_NRA/LassoRanker/Ultimate/simple-scaled250.bpl_Iteration1_Lasso_7-phaseTemplate.smt2: solved=True, runtime=6.30s, PAR-2=6.30s
[DEBUG] Processing 1667/2482: QF_NRA/hycomp/ball_count_2d_hill_simple.04.redlog_global_6.smt2
[DEBUG] Predicted solver: SMTInterpol for benchmark QF_NRA/hycomp/ball_count_2d_hill_simple.04.redlog_global_6.smt2
[DEBUG] Benchmark QF_NRA/hycomp/ball_count_2d_hill_simple.04.redlog_global_6.smt2: solved=True, runtime=0.88s, PAR-2=0.88s
[DEBUG] Processing 1668/2482: QF_NRA/zankl/matrix-4-all-10.smt2
[DEBUG] Predicted solver: SMTInterpol for benchmark QF_NRA/zankl/matrix-4-all-10.smt2
[DEBUG] Benchmark QF_NRA/zankl/matrix-4-all-10.smt2: solved=True, runtime=0.92s, PAR-2=0.92s
[DEBUG] Processing 1669/2482: QF_NRA/20161105-Sturm-MBO/mbo_E10E17.smt2
[DEBUG] Predicted solver: SMTInterpol for benchmark QF_NRA/20161105-Sturm-MBO/mbo_E10E17.smt2
[DEBUG] Benchmark QF_NRA/20161105-Sturm-MBO/mbo_E10E17.smt2: solved=True, runtime=2.04s, PAR-2=2.04s
[DEBUG] Processing 1670/2482: QF_NRA/meti-tarski/exp/problem/10/2/exp-problem-10-2-chunk-0191.smt2
[DEBUG] Predicted solver: Z3alpha for benchmark QF_NRA/meti-tarski/exp/problem/10/2/exp-problem-10-2-chunk-0191.smt2
[DEBUG] Benchmark QF_NRA/meti-tarski/exp/problem/10/2/exp-problem-10-2-chunk-0191.smt2: solved=True, runtime=0.27s, PAR-2=0.27s
[DEBUG] Processing 1671/2482: QF_NRA/meti-tarski/sqrt/1mcosq/8/sqrt-1mcosq-8-chunk-0683.smt2
[DEBUG] Predicted solver: Z3alpha for benchmark QF_NRA/meti-tarski/sqrt/1mcosq/8/sqrt-1mcosq-8-chunk-0683.smt2
[DEBUG] Benchmark QF_NRA/meti-tarski/sqrt/1mcosq/8/sqrt-1mcosq-8-chunk-0683.smt2: solved=True, runtime=0.28s, PAR-2=0.28s
[DEBUG] Processing 1672/2482: QF_NRA/meti-tarski/atan/problem/2/weak2/atan-problem-2-weak2-chunk-0061.smt2
[DEBUG] Predicted solver: Z3alpha for benchmark QF_NRA/meti-tarski/atan/problem/2/weak2/atan-problem-2-weak2-chunk-0061.smt2
[DEBUG] Benchmark QF_NRA/meti-tarski/atan/problem/2/weak2/atan-problem-2-weak2-chunk-0061.smt2: solved=True, runtime=0.27s, PAR-2=0.27s
[DEBUG] Processing 1673/2482: QF_NRA/hycomp/ball_count_2d_hill.10.seq_lazy_linear_enc_lemmas_global_9.smt2
[DEBUG] Predicted solver: SMTInterpol for benchmark QF_NRA/hycomp/ball_count_2d_hill.10.seq_lazy_linear_enc_lemmas_global_9.smt2
[DEBUG] Benchmark QF_NRA/hycomp/ball_count_2d_hill.10.seq_lazy_linear_enc_lemmas_global_9.smt2: solved=True, runtime=1.02s, PAR-2=1.02s
[DEBUG] Processing 1674/2482: QF_NRA/20161105-Sturm-MBO/mbo_E5E16.smt2
[DEBUG] Predicted solver: SMTInterpol for benchmark QF_NRA/20161105-Sturm-MBO/mbo_E5E16.smt2
[DEBUG] Benchmark QF_NRA/20161105-Sturm-MBO/mbo_E5E16.smt2: solved=True, runtime=0.70s, PAR-2=0.70s
[DEBUG] Processing 1675/2482: QF_NRA/meti-tarski/sin/cos/sin-cos-346-b-chunk-0594.smt2
[DEBUG] Predicted solver: Z3alpha for benchmark QF_NRA/meti-tarski/sin/cos/sin-cos-346-b-chunk-0594.smt2
[DEBUG] Benchmark QF_NRA/meti-tarski/sin/cos/sin-cos-346-b-chunk-0594.smt2: solved=True, runtime=0.27s, PAR-2=0.27s
[DEBUG] Processing 1676/2482: QF_NRA/20211101-Geogebra/IsoRightTriangle-Bottema1_1a.smt2
[DEBUG] Predicted solver: Z3alpha for benchmark QF_NRA/20211101-Geogebra/IsoRightTriangle-Bottema1_1a.smt2
[DEBUG] Benchmark QF_NRA/20211101-Geogebra/IsoRightTriangle-Bottema1_1a.smt2: solved=True, runtime=0.30s, PAR-2=0.30s
[DEBUG] Processing 1677/2482: QF_NRA/LassoRanker/SV-COMP/LarrazOliverasRodriguez-CarbonellRubio-2013FMCAD-Fig1_true-termination.c_Iteration2_Loop_4-pieceTemplate.smt2
[DEBUG] Predicted solver: SMTInterpol for benchmark QF_NRA/LassoRanker/SV-COMP/LarrazOliverasRodriguez-CarbonellRubio-2013FMCAD-Fig1_true-termination.c_Iteration2_Loop_4-pieceTemplate.smt2
[DEBUG] Benchmark QF_NRA/LassoRanker/SV-COMP/LarrazOliverasRodriguez-CarbonellRubio-2013FMCAD-Fig1_true-termination.c_Iteration2_Loop_4-pieceTemplate.smt2: solved=True, runtime=0.93s, PAR-2=0.93s
[DEBUG] Processing 1678/2482: QF_NRA/meti-tarski/atan/problem/2/weak/atan-problem-2-weak-chunk-0058.smt2
[DEBUG] Predicted solver: Z3alpha for benchmark QF_NRA/meti-tarski/atan/problem/2/weak/atan-problem-2-weak-chunk-0058.smt2
[DEBUG] Benchmark QF_NRA/meti-tarski/atan/problem/2/weak/atan-problem-2-weak-chunk-0058.smt2: solved=True, runtime=0.27s, PAR-2=0.27s
[DEBUG] Processing 1679/2482: QF_NRA/meti-tarski/sin/344/3/sin-344-3-chunk-0051.smt2
[DEBUG] Predicted solver: Z3alpha for benchmark QF_NRA/meti-tarski/sin/344/3/sin-344-3-chunk-0051.smt2
[DEBUG] Benchmark QF_NRA/meti-tarski/sin/344/3/sin-344-3-chunk-0051.smt2: solved=True, runtime=0.27s, PAR-2=0.27s
[DEBUG] Processing 1680/2482: QF_NRA/meti-tarski/sqrt/1mcosq/8/sqrt-1mcosq-8-chunk-0466.smt2
[DEBUG] Predicted solver: Z3alpha for benchmark QF_NRA/meti-tarski/sqrt/1mcosq/8/sqrt-1mcosq-8-chunk-0466.smt2
[DEBUG] Benchmark QF_NRA/meti-tarski/sqrt/1mcosq/8/sqrt-1mcosq-8-chunk-0466.smt2: solved=True, runtime=0.27s, PAR-2=0.27s
[DEBUG] Processing 1681/2482: QF_NRA/kissing/kissing_3_9.smt2
[DEBUG] Predicted solver: SMTInterpol for benchmark QF_NRA/kissing/kissing_3_9.smt2
[DEBUG] Benchmark QF_NRA/kissing/kissing_3_9.smt2: solved=True, runtime=0.53s, PAR-2=0.53s
[DEBUG] Processing 1682/2482: QF_NRA/meti-tarski/Chua/1/IL/U/Chua-1-IL-U-chunk-0079.smt2
[DEBUG] Predicted solver: Z3alpha for benchmark QF_NRA/meti-tarski/Chua/1/IL/U/Chua-1-IL-U-chunk-0079.smt2
[DEBUG] Benchmark QF_NRA/meti-tarski/Chua/1/IL/U/Chua-1-IL-U-chunk-0079.smt2: solved=True, runtime=0.27s, PAR-2=0.27s
[DEBUG] Processing 1683/2482: QF_NRA/hycomp/ball_count_2d_hill.05.seq_lazy_lemmas_global_6.smt2
[DEBUG] Predicted solver: SMTInterpol for benchmark QF_NRA/hycomp/ball_count_2d_hill.05.seq_lazy_lemmas_global_6.smt2
[DEBUG] Benchmark QF_NRA/hycomp/ball_count_2d_hill.05.seq_lazy_lemmas_global_6.smt2: solved=True, runtime=1.00s, PAR-2=1.00s
[DEBUG] Processing 1684/2482: QF_NRA/meti-tarski/atan/vega/3/atan-vega-3-chunk-0634.smt2
[DEBUG] Predicted solver: SMTInterpol for benchmark QF_NRA/meti-tarski/atan/vega/3/atan-vega-3-chunk-0634.smt2
[DEBUG] Benchmark QF_NRA/meti-tarski/atan/vega/3/atan-vega-3-chunk-0634.smt2: solved=True, runtime=0.51s, PAR-2=0.51s
[DEBUG] Processing 1685/2482: QF_NRA/meti-tarski/sin/problem/8/sin-problem-8-chunk-0057.smt2
[DEBUG] Predicted solver: Z3alpha for benchmark QF_NRA/meti-tarski/sin/problem/8/sin-problem-8-chunk-0057.smt2
[DEBUG] Benchmark QF_NRA/meti-tarski/sin/problem/8/sin-problem-8-chunk-0057.smt2: solved=True, runtime=0.27s, PAR-2=0.27s
[DEBUG] Processing 1686/2482: QF_NRA/hycomp/ball_count_2d_plain.10.seq_lazy_lemmas_global_9.smt2
[DEBUG] Predicted solver: SMTInterpol for benchmark QF_NRA/hycomp/ball_count_2d_plain.10.seq_lazy_lemmas_global_9.smt2
[DEBUG] Benchmark QF_NRA/hycomp/ball_count_2d_plain.10.seq_lazy_lemmas_global_9.smt2: solved=True, runtime=0.98s, PAR-2=0.98s
[DEBUG] Processing 1687/2482: QF_NRA/hycomp/ball_count_2d_hill_simple.02.seq_lazy_lemmas_global_8.smt2
[DEBUG] Predicted solver: SMTInterpol for benchmark QF_NRA/hycomp/ball_count_2d_hill_simple.02.seq_lazy_lemmas_global_8.smt2
[DEBUG] Benchmark QF_NRA/hycomp/ball_count_2d_hill_simple.02.seq_lazy_lemmas_global_8.smt2: solved=True, runtime=0.86s, PAR-2=0.86s
[DEBUG] Processing 1688/2482: QF_NRA/meti-tarski/CONVOI2/CONVOI2-chunk-0026.smt2
[DEBUG] Predicted solver: Z3alpha for benchmark QF_NRA/meti-tarski/CONVOI2/CONVOI2-chunk-0026.smt2
[DEBUG] Benchmark QF_NRA/meti-tarski/CONVOI2/CONVOI2-chunk-0026.smt2: solved=True, runtime=0.27s, PAR-2=0.27s
[DEBUG] Processing 1689/2482: QF_NRA/meti-tarski/exp/problem/10/2/exp-problem-10-2-chunk-0301.smt2
[DEBUG] Predicted solver: Z3alpha for benchmark QF_NRA/meti-tarski/exp/problem/10/2/exp-problem-10-2-chunk-0301.smt2
[DEBUG] Benchmark QF_NRA/meti-tarski/exp/problem/10/2/exp-problem-10-2-chunk-0301.smt2: solved=True, runtime=0.27s, PAR-2=0.27s
[DEBUG] Processing 1690/2482: QF_NRA/meti-tarski/CMOS/CMOS-opamp-chunk-0185.smt2
[DEBUG] Predicted solver: Z3alpha for benchmark QF_NRA/meti-tarski/CMOS/CMOS-opamp-chunk-0185.smt2
[DEBUG] Benchmark QF_NRA/meti-tarski/CMOS/CMOS-opamp-chunk-0185.smt2: solved=True, runtime=0.53s, PAR-2=0.53s
[DEBUG] Processing 1691/2482: QF_NRA/20200911-Pine/1599121905004413000.smt2
[DEBUG] Predicted solver: Z3alpha for benchmark QF_NRA/20200911-Pine/1599121905004413000.smt2
[DEBUG] Benchmark QF_NRA/20200911-Pine/1599121905004413000.smt2: solved=True, runtime=0.30s, PAR-2=0.30s
[DEBUG] Processing 1692/2482: QF_NRA/20161105-Sturm-MBO/mbo_E18E19.smt2
[DEBUG] Predicted solver: SMTInterpol for benchmark QF_NRA/20161105-Sturm-MBO/mbo_E18E19.smt2
[DEBUG] Benchmark QF_NRA/20161105-Sturm-MBO/mbo_E18E19.smt2: solved=True, runtime=1.98s, PAR-2=1.98s
[DEBUG] Processing 1693/2482: QF_NRA/20161105-Sturm-MBO/mbo_E5E8.smt2
[DEBUG] Predicted solver: SMTInterpol for benchmark QF_NRA/20161105-Sturm-MBO/mbo_E5E8.smt2
[DEBUG] Benchmark QF_NRA/20161105-Sturm-MBO/mbo_E5E8.smt2: solved=True, runtime=2.42s, PAR-2=2.42s
[DEBUG] Processing 1694/2482: QF_NRA/meti-tarski/atan/vega/3/atan-vega-3-chunk-0556.smt2
[DEBUG] Predicted solver: SMTInterpol for benchmark QF_NRA/meti-tarski/atan/vega/3/atan-vega-3-chunk-0556.smt2
[DEBUG] Benchmark QF_NRA/meti-tarski/atan/vega/3/atan-vega-3-chunk-0556.smt2: solved=True, runtime=0.49s, PAR-2=0.49s
[DEBUG] Processing 1695/2482: QF_NRA/LassoRanker/CooperatingT2/p-43.t2.c_Iteration5_Loop_4-pieceTemplate.smt2
[DEBUG] Predicted solver: SMTInterpol for benchmark QF_NRA/LassoRanker/CooperatingT2/p-43.t2.c_Iteration5_Loop_4-pieceTemplate.smt2
[DEBUG] Benchmark QF_NRA/LassoRanker/CooperatingT2/p-43.t2.c_Iteration5_Loop_4-pieceTemplate.smt2: solved=True, runtime=3.92s, PAR-2=3.92s
[DEBUG] Processing 1696/2482: QF_NRA/hycomp/ball_count_2d_slope.04.seq_lazy_lemmas_global_9.smt2
[DEBUG] Predicted solver: SMTInterpol for benchmark QF_NRA/hycomp/ball_count_2d_slope.04.seq_lazy_lemmas_global_9.smt2
[DEBUG] Benchmark QF_NRA/hycomp/ball_count_2d_slope.04.seq_lazy_lemmas_global_9.smt2: solved=True, runtime=1.29s, PAR-2=1.29s
[DEBUG] Processing 1697/2482: QF_NRA/meti-tarski/Chua/2/IL/U/Chua-2-IL-U-chunk-0037.smt2
[DEBUG] Predicted solver: Z3alpha for benchmark QF_NRA/meti-tarski/Chua/2/IL/U/Chua-2-IL-U-chunk-0037.smt2
[DEBUG] Benchmark QF_NRA/meti-tarski/Chua/2/IL/U/Chua-2-IL-U-chunk-0037.smt2: solved=True, runtime=0.28s, PAR-2=0.28s
[DEBUG] Processing 1698/2482: QF_NRA/meti-tarski/Nichols-Plot/Inverted-Pendulum/Nichols-Plot-Inverted-Pendulum-Fails-1-6-chunk-0095.smt2
[DEBUG] Predicted solver: Z3alpha for benchmark QF_NRA/meti-tarski/Nichols-Plot/Inverted-Pendulum/Nichols-Plot-Inverted-Pendulum-Fails-1-6-chunk-0095.smt2
[DEBUG] Benchmark QF_NRA/meti-tarski/Nichols-Plot/Inverted-Pendulum/Nichols-Plot-Inverted-Pendulum-Fails-1-6-chunk-0095.smt2: solved=True, runtime=0.27s, PAR-2=0.27s
[DEBUG] Processing 1699/2482: QF_NRA/LassoRanker/SV-COMP/LeeJonesBen-Amram-2001POPL-Ex2_true-termination.c_Iteration1_Loop_7-phaseTemplate.smt2
[DEBUG] Predicted solver: SMTInterpol for benchmark QF_NRA/LassoRanker/SV-COMP/LeeJonesBen-Amram-2001POPL-Ex2_true-termination.c_Iteration1_Loop_7-phaseTemplate.smt2
[DEBUG] Benchmark QF_NRA/LassoRanker/SV-COMP/LeeJonesBen-Amram-2001POPL-Ex2_true-termination.c_Iteration1_Loop_7-phaseTemplate.smt2: solved=True, runtime=0.99s, PAR-2=0.99s
[DEBUG] Processing 1700/2482: QF_NRA/meti-tarski/sqrt/1mcosq/8/sqrt-1mcosq-8-chunk-0332.smt2
[DEBUG] Predicted solver: Z3alpha for benchmark QF_NRA/meti-tarski/sqrt/1mcosq/8/sqrt-1mcosq-8-chunk-0332.smt2
[DEBUG] Benchmark QF_NRA/meti-tarski/sqrt/1mcosq/8/sqrt-1mcosq-8-chunk-0332.smt2: solved=True, runtime=0.27s, PAR-2=0.27s
[DEBUG] Processing 1701/2482: QF_NRA/hycomp/ball_count_2d_plain.04.seq_lazy_lemmas_global_10.smt2
[DEBUG] Predicted solver: SMTInterpol for benchmark QF_NRA/hycomp/ball_count_2d_plain.04.seq_lazy_lemmas_global_10.smt2
[DEBUG] Benchmark QF_NRA/hycomp/ball_count_2d_plain.04.seq_lazy_lemmas_global_10.smt2: solved=True, runtime=0.94s, PAR-2=0.94s
[DEBUG] Processing 1702/2482: QF_NRA/20200911-Pine/1599120908933292000.smt2
[DEBUG] Predicted solver: Z3alpha for benchmark QF_NRA/20200911-Pine/1599120908933292000.smt2
[DEBUG] Benchmark QF_NRA/20200911-Pine/1599120908933292000.smt2: solved=True, runtime=2.11s, PAR-2=2.11s
[DEBUG] Processing 1703/2482: QF_NRA/20200911-Pine/1599121903168735000.smt2
[DEBUG] Predicted solver: Z3alpha for benchmark QF_NRA/20200911-Pine/1599121903168735000.smt2
[DEBUG] Benchmark QF_NRA/20200911-Pine/1599121903168735000.smt2: solved=True, runtime=0.30s, PAR-2=0.30s
[DEBUG] Processing 1704/2482: QF_NRA/zankl/matrix-1-all-50.smt2
[DEBUG] Predicted solver: cvc5 for benchmark QF_NRA/zankl/matrix-1-all-50.smt2
[DEBUG] Benchmark QF_NRA/zankl/matrix-1-all-50.smt2: solved=True, runtime=0.26s, PAR-2=0.26s
[DEBUG] Processing 1705/2482: QF_NRA/20170501-Heizmann-UltimateInvariantSynthesis/ddlm2013.i_3_6_2.bpl_3.smt2
[DEBUG] Predicted solver: SMTInterpol for benchmark QF_NRA/20170501-Heizmann-UltimateInvariantSynthesis/ddlm2013.i_3_6_2.bpl_3.smt2
[DEBUG] Benchmark QF_NRA/20170501-Heizmann-UltimateInvariantSynthesis/ddlm2013.i_3_6_2.bpl_3.smt2: solved=True, runtime=0.67s, PAR-2=0.67s
[DEBUG] Processing 1706/2482: QF_NRA/20211101-Geogebra/Triangle-Area_Perimeter_a.smt2
[DEBUG] Predicted solver: SMTInterpol for benchmark QF_NRA/20211101-Geogebra/Triangle-Area_Perimeter_a.smt2
[DEBUG] Benchmark QF_NRA/20211101-Geogebra/Triangle-Area_Perimeter_a.smt2: solved=True, runtime=0.41s, PAR-2=0.41s
[DEBUG] Processing 1707/2482: QF_NRA/meti-tarski/sqrt/problem/sqrt-problem-Melquiond2-chunk-0050.smt2
[DEBUG] Predicted solver: Z3alpha for benchmark QF_NRA/meti-tarski/sqrt/problem/sqrt-problem-Melquiond2-chunk-0050.smt2
[DEBUG] Benchmark QF_NRA/meti-tarski/sqrt/problem/sqrt-problem-Melquiond2-chunk-0050.smt2: solved=True, runtime=0.27s, PAR-2=0.27s
[DEBUG] Processing 1708/2482: QF_NRA/hycomp/ball_count_2d_plain.02.seq_lazy_linear_enc_lemmas_global_10.smt2
[DEBUG] Predicted solver: SMTInterpol for benchmark QF_NRA/hycomp/ball_count_2d_plain.02.seq_lazy_linear_enc_lemmas_global_10.smt2
[DEBUG] Benchmark QF_NRA/hycomp/ball_count_2d_plain.02.seq_lazy_linear_enc_lemmas_global_10.smt2: solved=True, runtime=0.89s, PAR-2=0.89s
[DEBUG] Processing 1709/2482: QF_NRA/20161105-Sturm-MBO/mbo_E5E20.smt2
[DEBUG] Predicted solver: SMTInterpol for benchmark QF_NRA/20161105-Sturm-MBO/mbo_E5E20.smt2
[DEBUG] Benchmark QF_NRA/20161105-Sturm-MBO/mbo_E5E20.smt2: solved=True, runtime=2.02s, PAR-2=2.02s
[DEBUG] Processing 1710/2482: QF_NRA/hycomp/ball_count_2d_plain.03.redlog_global_15.smt2
[DEBUG] Predicted solver: SMTInterpol for benchmark QF_NRA/hycomp/ball_count_2d_plain.03.redlog_global_15.smt2
[DEBUG] Benchmark QF_NRA/hycomp/ball_count_2d_plain.03.redlog_global_15.smt2: solved=True, runtime=1.25s, PAR-2=1.25s
[DEBUG] Processing 1711/2482: QF_NRA/hycomp/simple_ballistics_reach.01.seq_lazy_lemmas_global_9.smt2
[DEBUG] Predicted solver: SMTInterpol for benchmark QF_NRA/hycomp/simple_ballistics_reach.01.seq_lazy_lemmas_global_9.smt2
[DEBUG] Benchmark QF_NRA/hycomp/simple_ballistics_reach.01.seq_lazy_lemmas_global_9.smt2: solved=True, runtime=1.18s, PAR-2=1.18s
[DEBUG] Processing 1712/2482: QF_NRA/meti-tarski/atan/problem/2/weak/atan-problem-2-weak-chunk-0053.smt2
[DEBUG] Predicted solver: Z3alpha for benchmark QF_NRA/meti-tarski/atan/problem/2/weak/atan-problem-2-weak-chunk-0053.smt2
[DEBUG] Benchmark QF_NRA/meti-tarski/atan/problem/2/weak/atan-problem-2-weak-chunk-0053.smt2: solved=True, runtime=0.29s, PAR-2=0.29s
[DEBUG] Processing 1713/2482: QF_NRA/LassoRanker/Ultimate/CookSeeZuleger-2013TACAS-Fig7b.bpl_Iteration1_Loop_4-pieceTemplate.smt2
[DEBUG] Predicted solver: SMTInterpol for benchmark QF_NRA/LassoRanker/Ultimate/CookSeeZuleger-2013TACAS-Fig7b.bpl_Iteration1_Loop_4-pieceTemplate.smt2
[DEBUG] Benchmark QF_NRA/LassoRanker/Ultimate/CookSeeZuleger-2013TACAS-Fig7b.bpl_Iteration1_Loop_4-pieceTemplate.smt2: solved=True, runtime=3.13s, PAR-2=3.13s
[DEBUG] Processing 1714/2482: QF_NRA/meti-tarski/atan/vega/3/weak/atan-vega-3-weak-chunk-0187.smt2
[DEBUG] Predicted solver: Z3alpha for benchmark QF_NRA/meti-tarski/atan/vega/3/weak/atan-vega-3-weak-chunk-0187.smt2
[DEBUG] Benchmark QF_NRA/meti-tarski/atan/vega/3/weak/atan-vega-3-weak-chunk-0187.smt2: solved=True, runtime=0.32s, PAR-2=0.32s
[DEBUG] Processing 1715/2482: QF_NRA/meti-tarski/atan/problem/2/atan-problem-2-chunk-0021.smt2
[DEBUG] Predicted solver: Z3alpha for benchmark QF_NRA/meti-tarski/atan/problem/2/atan-problem-2-chunk-0021.smt2
[DEBUG] Benchmark QF_NRA/meti-tarski/atan/problem/2/atan-problem-2-chunk-0021.smt2: solved=True, runtime=0.31s, PAR-2=0.31s
[DEBUG] Processing 1716/2482: QF_NRA/hycomp/ball_count_1d_plain.05.seq_lazy_linear_enc_lemmas_global_11.smt2
[DEBUG] Predicted solver: SMTInterpol for benchmark QF_NRA/hycomp/ball_count_1d_plain.05.seq_lazy_linear_enc_lemmas_global_11.smt2
[DEBUG] Benchmark QF_NRA/hycomp/ball_count_1d_plain.05.seq_lazy_linear_enc_lemmas_global_11.smt2: solved=True, runtime=0.97s, PAR-2=0.97s
[DEBUG] Processing 1717/2482: QF_NRA/meti-tarski/exp/problem/10/2/exp-problem-10-2-chunk-0260.smt2
[DEBUG] Predicted solver: Z3alpha for benchmark QF_NRA/meti-tarski/exp/problem/10/2/exp-problem-10-2-chunk-0260.smt2
[DEBUG] Benchmark QF_NRA/meti-tarski/exp/problem/10/2/exp-problem-10-2-chunk-0260.smt2: solved=True, runtime=0.27s, PAR-2=0.27s
[DEBUG] Processing 1718/2482: QF_NRA/hycomp/ball_count_2d_plain.05.seq_lazy_linear_enc_lemmas_global_4.smt2
[DEBUG] Predicted solver: SMTInterpol for benchmark QF_NRA/hycomp/ball_count_2d_plain.05.seq_lazy_linear_enc_lemmas_global_4.smt2
[DEBUG] Benchmark QF_NRA/hycomp/ball_count_2d_plain.05.seq_lazy_linear_enc_lemmas_global_4.smt2: solved=True, runtime=0.76s, PAR-2=0.76s
[DEBUG] Processing 1719/2482: QF_NRA/hycomp/ball_count_1d_plain.05.redlog_global_7.smt2
[DEBUG] Predicted solver: SMTInterpol for benchmark QF_NRA/hycomp/ball_count_1d_plain.05.redlog_global_7.smt2
[DEBUG] Benchmark QF_NRA/hycomp/ball_count_1d_plain.05.redlog_global_7.smt2: solved=True, runtime=0.80s, PAR-2=0.80s
[DEBUG] Processing 1720/2482: QF_NRA/LassoRanker/Ultimate/BenAmram-2010LMCS-Ex2.3.bpl_Iteration1_Lasso_3-pieceTemplate.smt2
[DEBUG] Predicted solver: SMTInterpol for benchmark QF_NRA/LassoRanker/Ultimate/BenAmram-2010LMCS-Ex2.3.bpl_Iteration1_Lasso_3-pieceTemplate.smt2
[DEBUG] Benchmark QF_NRA/LassoRanker/Ultimate/BenAmram-2010LMCS-Ex2.3.bpl_Iteration1_Lasso_3-pieceTemplate.smt2: solved=True, runtime=2.12s, PAR-2=2.12s
[DEBUG] Processing 1721/2482: QF_NRA/LassoRanker/CooperatingT2/eric2.t2.c_Iteration7_Loop_4-pieceTemplate.smt2
[DEBUG] Predicted solver: SMTInterpol for benchmark QF_NRA/LassoRanker/CooperatingT2/eric2.t2.c_Iteration7_Loop_4-pieceTemplate.smt2
[DEBUG] Benchmark QF_NRA/LassoRanker/CooperatingT2/eric2.t2.c_Iteration7_Loop_4-pieceTemplate.smt2: solved=True, runtime=1.43s, PAR-2=1.43s
[DEBUG] Processing 1722/2482: QF_NRA/hycomp/ball_count_2d_slope.03.seq_lazy_lemmas_global_10.smt2
[DEBUG] Predicted solver: SMTInterpol for benchmark QF_NRA/hycomp/ball_count_2d_slope.03.seq_lazy_lemmas_global_10.smt2
[DEBUG] Benchmark QF_NRA/hycomp/ball_count_2d_slope.03.seq_lazy_lemmas_global_10.smt2: solved=True, runtime=1.20s, PAR-2=1.20s
[DEBUG] Processing 1723/2482: QF_NRA/hycomp/ball_count_2d_slope.10.seq_lazy_global_9.smt2
[DEBUG] Predicted solver: SMTInterpol for benchmark QF_NRA/hycomp/ball_count_2d_slope.10.seq_lazy_global_9.smt2
[DEBUG] Benchmark QF_NRA/hycomp/ball_count_2d_slope.10.seq_lazy_global_9.smt2: solved=True, runtime=1.14s, PAR-2=1.14s
[DEBUG] Processing 1724/2482: QF_NRA/zankl/matrix-1-all-42.smt2
[DEBUG] Predicted solver: SMTInterpol for benchmark QF_NRA/zankl/matrix-1-all-42.smt2
[DEBUG] Benchmark QF_NRA/zankl/matrix-1-all-42.smt2: solved=True, runtime=0.56s, PAR-2=0.56s
[DEBUG] Processing 1725/2482: QF_NRA/hycomp/ball_count_2d_plain.03.seq_lazy_lemmas_global_15.smt2
[DEBUG] Predicted solver: Yices2 for benchmark QF_NRA/hycomp/ball_count_2d_plain.03.seq_lazy_lemmas_global_15.smt2
[DEBUG] Benchmark QF_NRA/hycomp/ball_count_2d_plain.03.seq_lazy_lemmas_global_15.smt2: solved=True, runtime=0.23s, PAR-2=0.23s
[DEBUG] Processing 1726/2482: QF_NRA/LassoRanker/CooperatingT2/ex21.t2.c_Iteration1_Loop_3-pieceTemplate.smt2
[DEBUG] Predicted solver: SMTInterpol for benchmark QF_NRA/LassoRanker/CooperatingT2/ex21.t2.c_Iteration1_Loop_3-pieceTemplate.smt2
[DEBUG] Benchmark QF_NRA/LassoRanker/CooperatingT2/ex21.t2.c_Iteration1_Loop_3-pieceTemplate.smt2: solved=True, runtime=0.84s, PAR-2=0.84s
[DEBUG] Processing 1727/2482: QF_NRA/hycomp/ball_count_2d_hill_simple.01.seq_lazy_lemmas_global_8.smt2
[DEBUG] Predicted solver: SMTInterpol for benchmark QF_NRA/hycomp/ball_count_2d_hill_simple.01.seq_lazy_lemmas_global_8.smt2
[DEBUG] Benchmark QF_NRA/hycomp/ball_count_2d_hill_simple.01.seq_lazy_lemmas_global_8.smt2: solved=True, runtime=0.85s, PAR-2=0.85s
[DEBUG] Processing 1728/2482: QF_NRA/meti-tarski/sin/cos/sin-cos-346-b-chunk-0154.smt2
[DEBUG] Predicted solver: Z3alpha for benchmark QF_NRA/meti-tarski/sin/cos/sin-cos-346-b-chunk-0154.smt2
[DEBUG] Benchmark QF_NRA/meti-tarski/sin/cos/sin-cos-346-b-chunk-0154.smt2: solved=True, runtime=0.36s, PAR-2=0.36s
[DEBUG] Processing 1729/2482: QF_NRA/meti-tarski/polypaver/bench-sqrt-3d/polypaver-bench-sqrt-3d-chunk-0323.smt2
[DEBUG] Predicted solver: Z3alpha for benchmark QF_NRA/meti-tarski/polypaver/bench-sqrt-3d/polypaver-bench-sqrt-3d-chunk-0323.smt2
[DEBUG] Benchmark QF_NRA/meti-tarski/polypaver/bench-sqrt-3d/polypaver-bench-sqrt-3d-chunk-0323.smt2: solved=True, runtime=0.27s, PAR-2=0.27s
[DEBUG] Processing 1730/2482: QF_NRA/meti-tarski/sin/cos/sin-cos-346-b-chunk-0264.smt2
[DEBUG] Predicted solver: Z3alpha for benchmark QF_NRA/meti-tarski/sin/cos/sin-cos-346-b-chunk-0264.smt2
[DEBUG] Benchmark QF_NRA/meti-tarski/sin/cos/sin-cos-346-b-chunk-0264.smt2: solved=True, runtime=0.27s, PAR-2=0.27s
[DEBUG] Processing 1731/2482: QF_NRA/meti-tarski/Chua/2/IL/U/Chua-2-IL-U-chunk-0069.smt2
[DEBUG] Predicted solver: Z3alpha for benchmark QF_NRA/meti-tarski/Chua/2/IL/U/Chua-2-IL-U-chunk-0069.smt2
[DEBUG] Benchmark QF_NRA/meti-tarski/Chua/2/IL/U/Chua-2-IL-U-chunk-0069.smt2: solved=True, runtime=0.27s, PAR-2=0.27s
[DEBUG] Processing 1732/2482: QF_NRA/meti-tarski/Nichols-Plot/Inverted-Pendulum/Nichols-Plot-Inverted-Pendulum-Fails-1-6-chunk-0172.smt2
[DEBUG] Predicted solver: Z3alpha for benchmark QF_NRA/meti-tarski/Nichols-Plot/Inverted-Pendulum/Nichols-Plot-Inverted-Pendulum-Fails-1-6-chunk-0172.smt2
[DEBUG] Benchmark QF_NRA/meti-tarski/Nichols-Plot/Inverted-Pendulum/Nichols-Plot-Inverted-Pendulum-Fails-1-6-chunk-0172.smt2: solved=True, runtime=0.27s, PAR-2=0.27s
[DEBUG] Processing 1733/2482: QF_NRA/hycomp/ball_count_1d_plain.03.seq_lazy_global_14.smt2
[DEBUG] Predicted solver: SMTInterpol for benchmark QF_NRA/hycomp/ball_count_1d_plain.03.seq_lazy_global_14.smt2
[DEBUG] Benchmark QF_NRA/hycomp/ball_count_1d_plain.03.seq_lazy_global_14.smt2: solved=True, runtime=0.92s, PAR-2=0.92s
[DEBUG] Processing 1734/2482: QF_NRA/hycomp/ball_count_2d_hill_simple.04.redlog_global_5.smt2
[DEBUG] Predicted solver: SMTInterpol for benchmark QF_NRA/hycomp/ball_count_2d_hill_simple.04.redlog_global_5.smt2
[DEBUG] Benchmark QF_NRA/hycomp/ball_count_2d_hill_simple.04.redlog_global_5.smt2: solved=True, runtime=0.80s, PAR-2=0.80s
[DEBUG] Processing 1735/2482: QF_NRA/LassoRanker/SV-COMP/LeeJonesBen-Amram-2001POPL-Ex5_true-termination.c_Iteration2_Loop_5-phaseTemplate.smt2
[DEBUG] Predicted solver: SMTInterpol for benchmark QF_NRA/LassoRanker/SV-COMP/LeeJonesBen-Amram-2001POPL-Ex5_true-termination.c_Iteration2_Loop_5-phaseTemplate.smt2
[DEBUG] Benchmark QF_NRA/LassoRanker/SV-COMP/LeeJonesBen-Amram-2001POPL-Ex5_true-termination.c_Iteration2_Loop_5-phaseTemplate.smt2: solved=True, runtime=1.45s, PAR-2=1.45s
[DEBUG] Processing 1736/2482: QF_NRA/20161105-Sturm-MBO/mbo_E6E23.smt2
[DEBUG] Predicted solver: SMTInterpol for benchmark QF_NRA/20161105-Sturm-MBO/mbo_E6E23.smt2
[DEBUG] Benchmark QF_NRA/20161105-Sturm-MBO/mbo_E6E23.smt2: solved=True, runtime=0.63s, PAR-2=0.63s
[DEBUG] Processing 1737/2482: QF_NRA/meti-tarski/exp/problem/10/2/exp-problem-10-2-chunk-0024.smt2
[DEBUG] Predicted solver: Z3alpha for benchmark QF_NRA/meti-tarski/exp/problem/10/2/exp-problem-10-2-chunk-0024.smt2
[DEBUG] Benchmark QF_NRA/meti-tarski/exp/problem/10/2/exp-problem-10-2-chunk-0024.smt2: solved=True, runtime=0.27s, PAR-2=0.27s
[DEBUG] Processing 1738/2482: QF_NRA/hycomp/ball_count_2d_hill.02.seq_lazy_linear_enc_lemmas_global_4.smt2
[DEBUG] Predicted solver: SMTInterpol for benchmark QF_NRA/hycomp/ball_count_2d_hill.02.seq_lazy_linear_enc_lemmas_global_4.smt2
[DEBUG] Benchmark QF_NRA/hycomp/ball_count_2d_hill.02.seq_lazy_linear_enc_lemmas_global_4.smt2: solved=True, runtime=0.76s, PAR-2=0.76s
[DEBUG] Processing 1739/2482: QF_NRA/meti-tarski/sqrt/1mcosq/7/sqrt-1mcosq-7-chunk-0187.smt2
[DEBUG] Predicted solver: Z3alpha for benchmark QF_NRA/meti-tarski/sqrt/1mcosq/7/sqrt-1mcosq-7-chunk-0187.smt2
[DEBUG] Benchmark QF_NRA/meti-tarski/sqrt/1mcosq/7/sqrt-1mcosq-7-chunk-0187.smt2: solved=True, runtime=0.29s, PAR-2=0.29s
[DEBUG] Processing 1740/2482: QF_NRA/LassoRanker/SV-COMP/BrockschmidtCookFuhs-2013CAV-Fig1_true-termination.c_Iteration2_Loop_4-pieceTemplate.smt2
[DEBUG] Predicted solver: SMTInterpol for benchmark QF_NRA/LassoRanker/SV-COMP/BrockschmidtCookFuhs-2013CAV-Fig1_true-termination.c_Iteration2_Loop_4-pieceTemplate.smt2
[DEBUG] Benchmark QF_NRA/LassoRanker/SV-COMP/BrockschmidtCookFuhs-2013CAV-Fig1_true-termination.c_Iteration2_Loop_4-pieceTemplate.smt2: solved=True, runtime=0.93s, PAR-2=0.93s
[DEBUG] Processing 1741/2482: QF_NRA/hycomp/ball_count_2d_slope.04.seq_lazy_linear_enc_lemmas_global_13.smt2
[DEBUG] Predicted solver: SMTInterpol for benchmark QF_NRA/hycomp/ball_count_2d_slope.04.seq_lazy_linear_enc_lemmas_global_13.smt2
[DEBUG] Benchmark QF_NRA/hycomp/ball_count_2d_slope.04.seq_lazy_linear_enc_lemmas_global_13.smt2: solved=True, runtime=1.39s, PAR-2=1.39s
[DEBUG] Processing 1742/2482: QF_NRA/hycomp/ball_count_2d_hill_simple.01.seq_lazy_global_14.smt2
[DEBUG] Predicted solver: Yices2 for benchmark QF_NRA/hycomp/ball_count_2d_hill_simple.01.seq_lazy_global_14.smt2
[DEBUG] Benchmark QF_NRA/hycomp/ball_count_2d_hill_simple.01.seq_lazy_global_14.smt2: solved=True, runtime=0.25s, PAR-2=0.25s
[DEBUG] Processing 1743/2482: QF_NRA/20200911-Pine/1599122163787185000.smt2
[DEBUG] Predicted solver: Z3alpha for benchmark QF_NRA/20200911-Pine/1599122163787185000.smt2
[DEBUG] Benchmark QF_NRA/20200911-Pine/1599122163787185000.smt2: solved=True, runtime=0.27s, PAR-2=0.27s
[DEBUG] Processing 1744/2482: QF_NRA/hycomp/ball_count_2d_hill_simple.03.seq_lazy_linear_enc_global_15.smt2
[DEBUG] Predicted solver: Yices2 for benchmark QF_NRA/hycomp/ball_count_2d_hill_simple.03.seq_lazy_linear_enc_global_15.smt2
[DEBUG] Benchmark QF_NRA/hycomp/ball_count_2d_hill_simple.03.seq_lazy_linear_enc_global_15.smt2: solved=True, runtime=0.23s, PAR-2=0.23s
[DEBUG] Processing 1745/2482: QF_NRA/meti-tarski/sqrt/1mcosq/7/sqrt-1mcosq-7-chunk-0081.smt2
[DEBUG] Predicted solver: Z3alpha for benchmark QF_NRA/meti-tarski/sqrt/1mcosq/7/sqrt-1mcosq-7-chunk-0081.smt2
[DEBUG] Benchmark QF_NRA/meti-tarski/sqrt/1mcosq/7/sqrt-1mcosq-7-chunk-0081.smt2: solved=True, runtime=0.32s, PAR-2=0.32s
[DEBUG] Processing 1746/2482: QF_NRA/hycomp/ball_count_2d_plain.02.seq_lazy_linear_enc_global_12.smt2
[DEBUG] Predicted solver: SMTInterpol for benchmark QF_NRA/hycomp/ball_count_2d_plain.02.seq_lazy_linear_enc_global_12.smt2
[DEBUG] Benchmark QF_NRA/hycomp/ball_count_2d_plain.02.seq_lazy_linear_enc_global_12.smt2: solved=True, runtime=0.87s, PAR-2=0.87s
[DEBUG] Processing 1747/2482: QF_NRA/meti-tarski/exp/problem/10/3/weak/exp-problem-10-3-weak-chunk-0088.smt2
[DEBUG] Predicted solver: Z3alpha for benchmark QF_NRA/meti-tarski/exp/problem/10/3/weak/exp-problem-10-3-weak-chunk-0088.smt2
[DEBUG] Benchmark QF_NRA/meti-tarski/exp/problem/10/3/weak/exp-problem-10-3-weak-chunk-0088.smt2: solved=True, runtime=0.30s, PAR-2=0.30s
[DEBUG] Processing 1748/2482: QF_NRA/zankl/matrix-4-all-13.smt2
[DEBUG] Predicted solver: SMTInterpol for benchmark QF_NRA/zankl/matrix-4-all-13.smt2
[DEBUG] Benchmark QF_NRA/zankl/matrix-4-all-13.smt2: solved=True, runtime=0.67s, PAR-2=0.67s
[DEBUG] Processing 1749/2482: QF_NRA/LassoRanker/Ultimate/simple-scaled250.bpl_Iteration1_Lasso_5-phaseTemplate.smt2
[DEBUG] Predicted solver: SMTInterpol for benchmark QF_NRA/LassoRanker/Ultimate/simple-scaled250.bpl_Iteration1_Lasso_5-phaseTemplate.smt2
[DEBUG] Benchmark QF_NRA/LassoRanker/Ultimate/simple-scaled250.bpl_Iteration1_Lasso_5-phaseTemplate.smt2: solved=True, runtime=4.81s, PAR-2=4.81s
[DEBUG] Processing 1750/2482: QF_NRA/meti-tarski/atan/problem/2/weak/atan-problem-2-weak-chunk-0152.smt2
[DEBUG] Predicted solver: Z3alpha for benchmark QF_NRA/meti-tarski/atan/problem/2/weak/atan-problem-2-weak-chunk-0152.smt2
[DEBUG] Benchmark QF_NRA/meti-tarski/atan/problem/2/weak/atan-problem-2-weak-chunk-0152.smt2: solved=True, runtime=0.49s, PAR-2=0.49s
[DEBUG] Processing 1751/2482: QF_NRA/meti-tarski/atan/vega/3/atan-vega-3-chunk-0334.smt2
[DEBUG] Predicted solver: Yices2 for benchmark QF_NRA/meti-tarski/atan/vega/3/atan-vega-3-chunk-0334.smt2
[DEBUG] Benchmark QF_NRA/meti-tarski/atan/vega/3/atan-vega-3-chunk-0334.smt2: solved=True, runtime=0.22s, PAR-2=0.22s
[DEBUG] Processing 1752/2482: QF_NRA/LassoRanker/Ultimate/CookSeeZuleger-2013TACAS-Fig7b.bpl_Iteration1_Loop_2-pieceTemplate.smt2
[DEBUG] Predicted solver: SMTInterpol for benchmark QF_NRA/LassoRanker/Ultimate/CookSeeZuleger-2013TACAS-Fig7b.bpl_Iteration1_Loop_2-pieceTemplate.smt2
[DEBUG] Benchmark QF_NRA/LassoRanker/Ultimate/CookSeeZuleger-2013TACAS-Fig7b.bpl_Iteration1_Loop_2-pieceTemplate.smt2: solved=True, runtime=1.40s, PAR-2=1.40s
[DEBUG] Processing 1753/2482: QF_NRA/meti-tarski/sqrt/problem/sqrt-problem-Melquiond2-chunk-0088.smt2
[DEBUG] Predicted solver: Z3alpha for benchmark QF_NRA/meti-tarski/sqrt/problem/sqrt-problem-Melquiond2-chunk-0088.smt2
[DEBUG] Benchmark QF_NRA/meti-tarski/sqrt/problem/sqrt-problem-Melquiond2-chunk-0088.smt2: solved=True, runtime=0.27s, PAR-2=0.27s
[DEBUG] Processing 1754/2482: QF_NRA/meti-tarski/atan/vega/3/weak/atan-vega-3-weak-chunk-0280.smt2
[DEBUG] Predicted solver: Z3alpha for benchmark QF_NRA/meti-tarski/atan/vega/3/weak/atan-vega-3-weak-chunk-0280.smt2
[DEBUG] Benchmark QF_NRA/meti-tarski/atan/vega/3/weak/atan-vega-3-weak-chunk-0280.smt2: solved=True, runtime=0.27s, PAR-2=0.27s
[DEBUG] Processing 1755/2482: QF_NRA/20161105-Sturm-MBO/mbo_E17E27.smt2
[DEBUG] Predicted solver: SMTInterpol for benchmark QF_NRA/20161105-Sturm-MBO/mbo_E17E27.smt2
[DEBUG] Benchmark QF_NRA/20161105-Sturm-MBO/mbo_E17E27.smt2: solved=True, runtime=0.51s, PAR-2=0.51s
[DEBUG] Processing 1756/2482: QF_NRA/20161105-Sturm-MBO/mbo_E4E21.smt2
[DEBUG] Predicted solver: SMTInterpol for benchmark QF_NRA/20161105-Sturm-MBO/mbo_E4E21.smt2
[DEBUG] Benchmark QF_NRA/20161105-Sturm-MBO/mbo_E4E21.smt2: solved=True, runtime=1.86s, PAR-2=1.86s
[DEBUG] Processing 1757/2482: QF_NRA/meti-tarski/sin/problem/7/sin-problem-7-chunk-0256.smt2
[DEBUG] Predicted solver: SMTInterpol for benchmark QF_NRA/meti-tarski/sin/problem/7/sin-problem-7-chunk-0256.smt2
[DEBUG] Benchmark QF_NRA/meti-tarski/sin/problem/7/sin-problem-7-chunk-0256.smt2: solved=True, runtime=0.44s, PAR-2=0.44s
[DEBUG] Processing 1758/2482: QF_NRA/meti-tarski/sin/cos/sin-cos-346-b-chunk-0600.smt2
[DEBUG] Predicted solver: Z3alpha for benchmark QF_NRA/meti-tarski/sin/cos/sin-cos-346-b-chunk-0600.smt2
[DEBUG] Benchmark QF_NRA/meti-tarski/sin/cos/sin-cos-346-b-chunk-0600.smt2: solved=True, runtime=0.27s, PAR-2=0.27s
[DEBUG] Processing 1759/2482: QF_NRA/hycomp/ball_count_2d_hill_simple.02.qfree_global_8.smt2
[DEBUG] Predicted solver: SMTInterpol for benchmark QF_NRA/hycomp/ball_count_2d_hill_simple.02.qfree_global_8.smt2
[DEBUG] Benchmark QF_NRA/hycomp/ball_count_2d_hill_simple.02.qfree_global_8.smt2: solved=True, runtime=0.79s, PAR-2=0.79s
[DEBUG] Processing 1760/2482: QF_NRA/meti-tarski/exp/problem/10/3/weak/exp-problem-10-3-weak-chunk-0048.smt2
[DEBUG] Predicted solver: Z3alpha for benchmark QF_NRA/meti-tarski/exp/problem/10/3/weak/exp-problem-10-3-weak-chunk-0048.smt2
[DEBUG] Benchmark QF_NRA/meti-tarski/exp/problem/10/3/weak/exp-problem-10-3-weak-chunk-0048.smt2: solved=True, runtime=0.27s, PAR-2=0.27s
[DEBUG] Processing 1761/2482: QF_NRA/meti-tarski/sin/problem/7/sin-problem-7-chunk-0271.smt2
[DEBUG] Predicted solver: Z3alpha for benchmark QF_NRA/meti-tarski/sin/problem/7/sin-problem-7-chunk-0271.smt2
[DEBUG] Benchmark QF_NRA/meti-tarski/sin/problem/7/sin-problem-7-chunk-0271.smt2: solved=True, runtime=0.36s, PAR-2=0.36s
[DEBUG] Processing 1762/2482: QF_NRA/hycomp/ball_count_2d_hill_simple.10.seq_lazy_global_11.smt2
[DEBUG] Predicted solver: SMTInterpol for benchmark QF_NRA/hycomp/ball_count_2d_hill_simple.10.seq_lazy_global_11.smt2
[DEBUG] Benchmark QF_NRA/hycomp/ball_count_2d_hill_simple.10.seq_lazy_global_11.smt2: solved=True, runtime=0.90s, PAR-2=0.90s
[DEBUG] Processing 1763/2482: QF_NRA/meti-tarski/exp/361/exp-361-neg-6-e-chunk-0216.smt2
[DEBUG] Predicted solver: Z3alpha for benchmark QF_NRA/meti-tarski/exp/361/exp-361-neg-6-e-chunk-0216.smt2
[DEBUG] Benchmark QF_NRA/meti-tarski/exp/361/exp-361-neg-6-e-chunk-0216.smt2: solved=True, runtime=0.28s, PAR-2=0.28s
[DEBUG] Processing 1764/2482: QF_NRA/LassoRanker/Ultimate/ATVA2013-yPositive-int.bpl_Iteration1_Loop_3-pieceTemplate.smt2
[DEBUG] Predicted solver: SMTInterpol for benchmark QF_NRA/LassoRanker/Ultimate/ATVA2013-yPositive-int.bpl_Iteration1_Loop_3-pieceTemplate.smt2
[DEBUG] Benchmark QF_NRA/LassoRanker/Ultimate/ATVA2013-yPositive-int.bpl_Iteration1_Loop_3-pieceTemplate.smt2: solved=True, runtime=0.74s, PAR-2=0.74s
[DEBUG] Processing 1765/2482: QF_NRA/20161105-Sturm-MBO/mbo_E17E19.smt2
[DEBUG] Predicted solver: SMTInterpol for benchmark QF_NRA/20161105-Sturm-MBO/mbo_E17E19.smt2
[DEBUG] Benchmark QF_NRA/20161105-Sturm-MBO/mbo_E17E19.smt2: solved=True, runtime=2.56s, PAR-2=2.56s
[DEBUG] Processing 1766/2482: QF_NRA/meti-tarski/sin/cos/sin-cos-346-b-chunk-0441.smt2
[DEBUG] Predicted solver: Z3alpha for benchmark QF_NRA/meti-tarski/sin/cos/sin-cos-346-b-chunk-0441.smt2
[DEBUG] Benchmark QF_NRA/meti-tarski/sin/cos/sin-cos-346-b-chunk-0441.smt2: solved=True, runtime=0.27s, PAR-2=0.27s
[DEBUG] Processing 1767/2482: QF_NRA/meti-tarski/polypaver/bench-sqrt-3d/polypaver-bench-sqrt-3d-chunk-0512.smt2
[DEBUG] Predicted solver: Z3alpha for benchmark QF_NRA/meti-tarski/polypaver/bench-sqrt-3d/polypaver-bench-sqrt-3d-chunk-0512.smt2
[DEBUG] Benchmark QF_NRA/meti-tarski/polypaver/bench-sqrt-3d/polypaver-bench-sqrt-3d-chunk-0512.smt2: solved=True, runtime=0.27s, PAR-2=0.27s
[DEBUG] Processing 1768/2482: QF_NRA/20161105-Sturm-MBO/mbo_E18E25.smt2
[DEBUG] Predicted solver: SMTInterpol for benchmark QF_NRA/20161105-Sturm-MBO/mbo_E18E25.smt2
[DEBUG] Benchmark QF_NRA/20161105-Sturm-MBO/mbo_E18E25.smt2: solved=True, runtime=1.86s, PAR-2=1.86s
[DEBUG] Processing 1769/2482: QF_NRA/hycomp/ball_count_2d_plain.03.seq_lazy_linear_enc_lemmas_global_3.smt2
[DEBUG] Predicted solver: SMTInterpol for benchmark QF_NRA/hycomp/ball_count_2d_plain.03.seq_lazy_linear_enc_lemmas_global_3.smt2
[DEBUG] Benchmark QF_NRA/hycomp/ball_count_2d_plain.03.seq_lazy_linear_enc_lemmas_global_3.smt2: solved=True, runtime=0.73s, PAR-2=0.73s
[DEBUG] Processing 1770/2482: QF_NRA/zankl/matrix-2-all-20.smt2
[DEBUG] Predicted solver: SMTInterpol for benchmark QF_NRA/zankl/matrix-2-all-20.smt2
[DEBUG] Benchmark QF_NRA/zankl/matrix-2-all-20.smt2: solved=True, runtime=0.64s, PAR-2=0.64s
[DEBUG] Processing 1771/2482: QF_NRA/LassoRanker/CooperatingT2/afagp-fail.t2.c_Iteration1_Lasso_5-phaseTemplate.smt2
[DEBUG] Predicted solver: SMTInterpol for benchmark QF_NRA/LassoRanker/CooperatingT2/afagp-fail.t2.c_Iteration1_Lasso_5-phaseTemplate.smt2
[DEBUG] Benchmark QF_NRA/LassoRanker/CooperatingT2/afagp-fail.t2.c_Iteration1_Lasso_5-phaseTemplate.smt2: solved=True, runtime=1.12s, PAR-2=1.12s
[DEBUG] Processing 1772/2482: QF_NRA/LassoRanker/SV-COMP/TelAviv-Amir-Minimum_true-termination.c_Iteration1_Loop_4-pieceTemplate.smt2
[DEBUG] Predicted solver: Z3alpha for benchmark QF_NRA/LassoRanker/SV-COMP/TelAviv-Amir-Minimum_true-termination.c_Iteration1_Loop_4-pieceTemplate.smt2
[DEBUG] Benchmark QF_NRA/LassoRanker/SV-COMP/TelAviv-Amir-Minimum_true-termination.c_Iteration1_Loop_4-pieceTemplate.smt2: solved=True, runtime=1156.18s, PAR-2=1156.18s
[DEBUG] Processing 1773/2482: QF_NRA/meti-tarski/sqrt/problem/sqrt-problem-Melquiond2-chunk-0054.smt2
[DEBUG] Predicted solver: Z3alpha for benchmark QF_NRA/meti-tarski/sqrt/problem/sqrt-problem-Melquiond2-chunk-0054.smt2
[DEBUG] Benchmark QF_NRA/meti-tarski/sqrt/problem/sqrt-problem-Melquiond2-chunk-0054.smt2: solved=True, runtime=0.27s, PAR-2=0.27s
[DEBUG] Processing 1774/2482: QF_NRA/meti-tarski/polypaver/bench-sqrt-3d/polypaver-bench-sqrt-3d-chunk-0499.smt2
[DEBUG] Predicted solver: Z3alpha for benchmark QF_NRA/meti-tarski/polypaver/bench-sqrt-3d/polypaver-bench-sqrt-3d-chunk-0499.smt2
[DEBUG] Benchmark QF_NRA/meti-tarski/polypaver/bench-sqrt-3d/polypaver-bench-sqrt-3d-chunk-0499.smt2: solved=True, runtime=0.30s, PAR-2=0.30s
[DEBUG] Processing 1775/2482: QF_NRA/meti-tarski/sqrt/1mcosq/8/sqrt-1mcosq-8-chunk-0293.smt2
[DEBUG] Predicted solver: Z3alpha for benchmark QF_NRA/meti-tarski/sqrt/1mcosq/8/sqrt-1mcosq-8-chunk-0293.smt2
[DEBUG] Benchmark QF_NRA/meti-tarski/sqrt/1mcosq/8/sqrt-1mcosq-8-chunk-0293.smt2: solved=True, runtime=0.29s, PAR-2=0.29s
[DEBUG] Processing 1776/2482: QF_NRA/meti-tarski/atan/problem/1/atan-problem-1-chunk-0048.smt2
[DEBUG] Predicted solver: Z3alpha for benchmark QF_NRA/meti-tarski/atan/problem/1/atan-problem-1-chunk-0048.smt2
[DEBUG] Benchmark QF_NRA/meti-tarski/atan/problem/1/atan-problem-1-chunk-0048.smt2: solved=True, runtime=0.30s, PAR-2=0.30s
[DEBUG] Processing 1777/2482: QF_NRA/hycomp/ball_count_2d_hill.03.seq_lazy_linear_enc_global_15.smt2
[DEBUG] Predicted solver: SMTInterpol for benchmark QF_NRA/hycomp/ball_count_2d_hill.03.seq_lazy_linear_enc_global_15.smt2
[DEBUG] Benchmark QF_NRA/hycomp/ball_count_2d_hill.03.seq_lazy_linear_enc_global_15.smt2: solved=True, runtime=1.21s, PAR-2=1.21s
[DEBUG] Processing 1778/2482: QF_NRA/hycomp/ball_count_2d_hill.10.seq_lazy_linear_enc_global_13.smt2
[DEBUG] Predicted solver: SMTInterpol for benchmark QF_NRA/hycomp/ball_count_2d_hill.10.seq_lazy_linear_enc_global_13.smt2
[DEBUG] Benchmark QF_NRA/hycomp/ball_count_2d_hill.10.seq_lazy_linear_enc_global_13.smt2: solved=True, runtime=1.16s, PAR-2=1.16s
[DEBUG] Processing 1779/2482: QF_NRA/hycomp/ball_count_2d_hill_simple.02.seq_lazy_global_13.smt2
[DEBUG] Predicted solver: Yices2 for benchmark QF_NRA/hycomp/ball_count_2d_hill_simple.02.seq_lazy_global_13.smt2
[DEBUG] Benchmark QF_NRA/hycomp/ball_count_2d_hill_simple.02.seq_lazy_global_13.smt2: solved=True, runtime=0.23s, PAR-2=0.23s
[DEBUG] Processing 1780/2482: QF_NRA/20161105-Sturm-MGC/mgc_10.smt2
[DEBUG] Predicted solver: SMTInterpol for benchmark QF_NRA/20161105-Sturm-MGC/mgc_10.smt2
[DEBUG] Benchmark QF_NRA/20161105-Sturm-MGC/mgc_10.smt2: solved=True, runtime=0.44s, PAR-2=0.44s
[DEBUG] Processing 1781/2482: QF_NRA/meti-tarski/sqrt/1mcosq/8/sqrt-1mcosq-8-chunk-0565.smt2
[DEBUG] Predicted solver: Z3alpha for benchmark QF_NRA/meti-tarski/sqrt/1mcosq/8/sqrt-1mcosq-8-chunk-0565.smt2
[DEBUG] Benchmark QF_NRA/meti-tarski/sqrt/1mcosq/8/sqrt-1mcosq-8-chunk-0565.smt2: solved=True, runtime=0.27s, PAR-2=0.27s
[DEBUG] Processing 1782/2482: QF_NRA/hycomp/ball_count_2d_hill_simple.04.seq_lazy_linear_enc_global_6.smt2
[DEBUG] Predicted solver: SMTInterpol for benchmark QF_NRA/hycomp/ball_count_2d_hill_simple.04.seq_lazy_linear_enc_global_6.smt2
[DEBUG] Benchmark QF_NRA/hycomp/ball_count_2d_hill_simple.04.seq_lazy_linear_enc_global_6.smt2: solved=True, runtime=0.81s, PAR-2=0.81s
[DEBUG] Processing 1783/2482: QF_NRA/hycomp/ball_count_2d_slope.03.seq_lazy_global_6.smt2
[DEBUG] Predicted solver: SMTInterpol for benchmark QF_NRA/hycomp/ball_count_2d_slope.03.seq_lazy_global_6.smt2
[DEBUG] Benchmark QF_NRA/hycomp/ball_count_2d_slope.03.seq_lazy_global_6.smt2: solved=True, runtime=0.87s, PAR-2=0.87s
[DEBUG] Processing 1784/2482: QF_NRA/LassoRanker/SV-COMP/BradleyMannaSipma-2005ICALP-Fig1_true-termination.c_Iteration1_Lasso_7-phaseTemplate.smt2
[DEBUG] Predicted solver: SMTInterpol for benchmark QF_NRA/LassoRanker/SV-COMP/BradleyMannaSipma-2005ICALP-Fig1_true-termination.c_Iteration1_Lasso_7-phaseTemplate.smt2
[DEBUG] Benchmark QF_NRA/LassoRanker/SV-COMP/BradleyMannaSipma-2005ICALP-Fig1_true-termination.c_Iteration1_Lasso_7-phaseTemplate.smt2: solved=True, runtime=2.92s, PAR-2=2.92s
[DEBUG] Processing 1785/2482: QF_NRA/meti-tarski/atan/problem/2/weak2/atan-problem-2-weak2-chunk-0070.smt2
[DEBUG] Predicted solver: Z3alpha for benchmark QF_NRA/meti-tarski/atan/problem/2/weak2/atan-problem-2-weak2-chunk-0070.smt2
[DEBUG] Benchmark QF_NRA/meti-tarski/atan/problem/2/weak2/atan-problem-2-weak2-chunk-0070.smt2: solved=True, runtime=0.31s, PAR-2=0.31s
[DEBUG] Processing 1786/2482: QF_NRA/zankl/matrix-5-all-01.smt2
[DEBUG] Predicted solver: SMTInterpol for benchmark QF_NRA/zankl/matrix-5-all-01.smt2
[DEBUG] Benchmark QF_NRA/zankl/matrix-5-all-01.smt2: solved=True, runtime=1.13s, PAR-2=1.13s
[DEBUG] Processing 1787/2482: QF_NRA/hycomp/ball_count_2d_hill_simple.10.seq_lazy_linear_enc_global_10.smt2
[DEBUG] Predicted solver: SMTInterpol for benchmark QF_NRA/hycomp/ball_count_2d_hill_simple.10.seq_lazy_linear_enc_global_10.smt2
[DEBUG] Benchmark QF_NRA/hycomp/ball_count_2d_hill_simple.10.seq_lazy_linear_enc_global_10.smt2: solved=True, runtime=0.96s, PAR-2=0.96s
[DEBUG] Processing 1788/2482: QF_NRA/meti-tarski/exp/problem/10/2/exp-problem-10-2-chunk-0293.smt2
[DEBUG] Predicted solver: Z3alpha for benchmark QF_NRA/meti-tarski/exp/problem/10/2/exp-problem-10-2-chunk-0293.smt2
[DEBUG] Benchmark QF_NRA/meti-tarski/exp/problem/10/2/exp-problem-10-2-chunk-0293.smt2: solved=True, runtime=0.27s, PAR-2=0.27s
[DEBUG] Processing 1789/2482: QF_NRA/20161105-Sturm-MBO/mbo_E9E21.smt2
[DEBUG] Predicted solver: SMTInterpol for benchmark QF_NRA/20161105-Sturm-MBO/mbo_E9E21.smt2
[DEBUG] Benchmark QF_NRA/20161105-Sturm-MBO/mbo_E9E21.smt2: solved=True, runtime=0.44s, PAR-2=0.44s
[DEBUG] Processing 1790/2482: QF_NRA/hycomp/ball_count_2d_hill.10.seq_lazy_global_12.smt2
[DEBUG] Predicted solver: SMTInterpol for benchmark QF_NRA/hycomp/ball_count_2d_hill.10.seq_lazy_global_12.smt2
[DEBUG] Benchmark QF_NRA/hycomp/ball_count_2d_hill.10.seq_lazy_global_12.smt2: solved=True, runtime=1.27s, PAR-2=1.27s
[DEBUG] Processing 1791/2482: QF_NRA/hycomp/ball_count_1d_plain.10.seq_lazy_lemmas_global_14.smt2
[DEBUG] Predicted solver: SMTInterpol for benchmark QF_NRA/hycomp/ball_count_1d_plain.10.seq_lazy_lemmas_global_14.smt2
[DEBUG] Benchmark QF_NRA/hycomp/ball_count_1d_plain.10.seq_lazy_lemmas_global_14.smt2: solved=True, runtime=1.20s, PAR-2=1.20s
[DEBUG] Processing 1792/2482: QF_NRA/LassoRanker/Ultimate/2013POPL-BenAmGen-Ex4.2.bpl_Iteration1_Loop_3-pieceTemplate.smt2
[DEBUG] Predicted solver: SMTInterpol for benchmark QF_NRA/LassoRanker/Ultimate/2013POPL-BenAmGen-Ex4.2.bpl_Iteration1_Loop_3-pieceTemplate.smt2
[DEBUG] Benchmark QF_NRA/LassoRanker/Ultimate/2013POPL-BenAmGen-Ex4.2.bpl_Iteration1_Loop_3-pieceTemplate.smt2: solved=True, runtime=0.77s, PAR-2=0.77s
[DEBUG] Processing 1793/2482: QF_NRA/LassoRanker/SV-COMP/BradleyMannaSipma-2005ICALP-Fig1_true-termination.c_Iteration1_Lasso_3-pieceTemplate.smt2
[DEBUG] Predicted solver: SMTInterpol for benchmark QF_NRA/LassoRanker/SV-COMP/BradleyMannaSipma-2005ICALP-Fig1_true-termination.c_Iteration1_Lasso_3-pieceTemplate.smt2
[DEBUG] Benchmark QF_NRA/LassoRanker/SV-COMP/BradleyMannaSipma-2005ICALP-Fig1_true-termination.c_Iteration1_Lasso_3-pieceTemplate.smt2: solved=True, runtime=4.74s, PAR-2=4.74s
[DEBUG] Processing 1794/2482: QF_NRA/LassoRanker/CooperatingT2/iecs.t2.c_Iteration1_Loop_4-pieceTemplate.smt2
[DEBUG] Predicted solver: SMTInterpol for benchmark QF_NRA/LassoRanker/CooperatingT2/iecs.t2.c_Iteration1_Loop_4-pieceTemplate.smt2
[DEBUG] Benchmark QF_NRA/LassoRanker/CooperatingT2/iecs.t2.c_Iteration1_Loop_4-pieceTemplate.smt2: solved=True, runtime=0.88s, PAR-2=0.88s
[DEBUG] Processing 1795/2482: QF_NRA/20161105-Sturm-MBO/mbo_E3.smt2
[DEBUG] Predicted solver: SMTInterpol for benchmark QF_NRA/20161105-Sturm-MBO/mbo_E3.smt2
[DEBUG] Benchmark QF_NRA/20161105-Sturm-MBO/mbo_E3.smt2: solved=True, runtime=0.72s, PAR-2=0.72s
[DEBUG] Processing 1796/2482: QF_NRA/meti-tarski/atan/vega/3/weak/atan-vega-3-weak-chunk-0471.smt2
[DEBUG] Predicted solver: Z3alpha for benchmark QF_NRA/meti-tarski/atan/vega/3/weak/atan-vega-3-weak-chunk-0471.smt2
[DEBUG] Benchmark QF_NRA/meti-tarski/atan/vega/3/weak/atan-vega-3-weak-chunk-0471.smt2: solved=True, runtime=0.27s, PAR-2=0.27s
[DEBUG] Processing 1797/2482: QF_NRA/meti-tarski/sqrt/1mcosq/8/sqrt-1mcosq-8-chunk-0679.smt2
[DEBUG] Predicted solver: Z3alpha for benchmark QF_NRA/meti-tarski/sqrt/1mcosq/8/sqrt-1mcosq-8-chunk-0679.smt2
[DEBUG] Benchmark QF_NRA/meti-tarski/sqrt/1mcosq/8/sqrt-1mcosq-8-chunk-0679.smt2: solved=True, runtime=0.28s, PAR-2=0.28s
[DEBUG] Processing 1798/2482: QF_NRA/20200911-Pine/1599121899405522000.smt2
[DEBUG] Predicted solver: Z3alpha for benchmark QF_NRA/20200911-Pine/1599121899405522000.smt2
[DEBUG] Benchmark QF_NRA/20200911-Pine/1599121899405522000.smt2: solved=True, runtime=0.27s, PAR-2=0.27s
[DEBUG] Processing 1799/2482: QF_NRA/meti-tarski/atan/vega/3/weak/atan-vega-3-weak-chunk-0030.smt2
[DEBUG] Predicted solver: Z3alpha for benchmark QF_NRA/meti-tarski/atan/vega/3/weak/atan-vega-3-weak-chunk-0030.smt2
[DEBUG] Benchmark QF_NRA/meti-tarski/atan/vega/3/weak/atan-vega-3-weak-chunk-0030.smt2: solved=True, runtime=0.28s, PAR-2=0.28s
[DEBUG] Processing 1800/2482: QF_NRA/meti-tarski/exp/problem/10/2/exp-problem-10-2-chunk-0165.smt2
[DEBUG] Predicted solver: Z3alpha for benchmark QF_NRA/meti-tarski/exp/problem/10/2/exp-problem-10-2-chunk-0165.smt2
[DEBUG] Benchmark QF_NRA/meti-tarski/exp/problem/10/2/exp-problem-10-2-chunk-0165.smt2: solved=True, runtime=0.29s, PAR-2=0.29s
[DEBUG] Processing 1801/2482: QF_NRA/hycomp/ball_count_1d_plain.02.seq_lazy_linear_enc_lemmas_global_8.smt2
[DEBUG] Predicted solver: SMTInterpol for benchmark QF_NRA/hycomp/ball_count_1d_plain.02.seq_lazy_linear_enc_lemmas_global_8.smt2
[DEBUG] Benchmark QF_NRA/hycomp/ball_count_1d_plain.02.seq_lazy_linear_enc_lemmas_global_8.smt2: solved=True, runtime=0.80s, PAR-2=0.80s
[DEBUG] Processing 1802/2482: QF_NRA/20180501-Economics-Mulligan/MulliganEconomicsModel0057c.smt2
[DEBUG] Predicted solver: SMTInterpol for benchmark QF_NRA/20180501-Economics-Mulligan/MulliganEconomicsModel0057c.smt2
[DEBUG] Benchmark QF_NRA/20180501-Economics-Mulligan/MulliganEconomicsModel0057c.smt2: solved=True, runtime=0.42s, PAR-2=0.42s
[DEBUG] Processing 1803/2482: QF_NRA/hycomp/ball_count_2d_hill_simple.05.redlog_global_8.smt2
[DEBUG] Predicted solver: SMTInterpol for benchmark QF_NRA/hycomp/ball_count_2d_hill_simple.05.redlog_global_8.smt2
[DEBUG] Benchmark QF_NRA/hycomp/ball_count_2d_hill_simple.05.redlog_global_8.smt2: solved=True, runtime=0.96s, PAR-2=0.96s
[DEBUG] Processing 1804/2482: QF_NRA/meti-tarski/sin/344/3/sin-344-3-chunk-0055.smt2
[DEBUG] Predicted solver: Z3alpha for benchmark QF_NRA/meti-tarski/sin/344/3/sin-344-3-chunk-0055.smt2
[DEBUG] Benchmark QF_NRA/meti-tarski/sin/344/3/sin-344-3-chunk-0055.smt2: solved=True, runtime=0.31s, PAR-2=0.31s
[DEBUG] Processing 1805/2482: QF_NRA/meti-tarski/asin/8/asin-8-chunk-0045.smt2
[DEBUG] Predicted solver: Z3alpha for benchmark QF_NRA/meti-tarski/asin/8/asin-8-chunk-0045.smt2
[DEBUG] Benchmark QF_NRA/meti-tarski/asin/8/asin-8-chunk-0045.smt2: solved=True, runtime=0.29s, PAR-2=0.29s
[DEBUG] Processing 1806/2482: QF_NRA/meti-tarski/atan/problem/1/atan-problem-1-chunk-0038.smt2
[DEBUG] Predicted solver: Z3alpha for benchmark QF_NRA/meti-tarski/atan/problem/1/atan-problem-1-chunk-0038.smt2
[DEBUG] Benchmark QF_NRA/meti-tarski/atan/problem/1/atan-problem-1-chunk-0038.smt2: solved=True, runtime=0.27s, PAR-2=0.27s
[DEBUG] Processing 1807/2482: QF_NRA/hycomp/ball_count_1d_plain.03.seq_lazy_linear_enc_global_10.smt2
[DEBUG] Predicted solver: SMTInterpol for benchmark QF_NRA/hycomp/ball_count_1d_plain.03.seq_lazy_linear_enc_global_10.smt2
[DEBUG] Benchmark QF_NRA/hycomp/ball_count_1d_plain.03.seq_lazy_linear_enc_global_10.smt2: solved=True, runtime=0.83s, PAR-2=0.83s
[DEBUG] Processing 1808/2482: QF_NRA/2019-ezsmt/bouncingBall/inst_1_1000000.smt2
[DEBUG] Predicted solver: SMTInterpol for benchmark QF_NRA/2019-ezsmt/bouncingBall/inst_1_1000000.smt2
[DEBUG] Benchmark QF_NRA/2019-ezsmt/bouncingBall/inst_1_1000000.smt2: solved=True, runtime=1.44s, PAR-2=1.44s
[DEBUG] Processing 1809/2482: QF_NRA/meti-tarski/sqrt/1mcosq/8/sqrt-1mcosq-8-chunk-0301.smt2
[DEBUG] Predicted solver: Z3alpha for benchmark QF_NRA/meti-tarski/sqrt/1mcosq/8/sqrt-1mcosq-8-chunk-0301.smt2
[DEBUG] Benchmark QF_NRA/meti-tarski/sqrt/1mcosq/8/sqrt-1mcosq-8-chunk-0301.smt2: solved=True, runtime=0.34s, PAR-2=0.34s
[DEBUG] Processing 1810/2482: QF_NRA/zankl/matrix-1-all-49.smt2
[DEBUG] Predicted solver: SMTInterpol for benchmark QF_NRA/zankl/matrix-1-all-49.smt2
[DEBUG] Benchmark QF_NRA/zankl/matrix-1-all-49.smt2: solved=True, runtime=0.48s, PAR-2=0.48s
[DEBUG] Processing 1811/2482: QF_NRA/LassoRanker/CooperatingT2/collatz.t2.c_Iteration1_Loop_4-pieceTemplate.smt2
[DEBUG] Predicted solver: SMTInterpol for benchmark QF_NRA/LassoRanker/CooperatingT2/collatz.t2.c_Iteration1_Loop_4-pieceTemplate.smt2
[DEBUG] Benchmark QF_NRA/LassoRanker/CooperatingT2/collatz.t2.c_Iteration1_Loop_4-pieceTemplate.smt2: solved=True, runtime=1.69s, PAR-2=1.69s
[DEBUG] Processing 1812/2482: QF_NRA/meti-tarski/sqrt/1mcosq/8/sqrt-1mcosq-8-chunk-0103.smt2
[DEBUG] Predicted solver: Z3alpha for benchmark QF_NRA/meti-tarski/sqrt/1mcosq/8/sqrt-1mcosq-8-chunk-0103.smt2
[DEBUG] Benchmark QF_NRA/meti-tarski/sqrt/1mcosq/8/sqrt-1mcosq-8-chunk-0103.smt2: solved=True, runtime=0.27s, PAR-2=0.27s
[DEBUG] Processing 1813/2482: QF_NRA/hycomp/ball_count_2d_plain.03.qfree_global_11.smt2
[DEBUG] Predicted solver: SMTInterpol for benchmark QF_NRA/hycomp/ball_count_2d_plain.03.qfree_global_11.smt2
[DEBUG] Benchmark QF_NRA/hycomp/ball_count_2d_plain.03.qfree_global_11.smt2: solved=True, runtime=1.00s, PAR-2=1.00s
[DEBUG] Processing 1814/2482: QF_NRA/hycomp/ball_count_2d_slope.03.seq_lazy_global_8.smt2
[DEBUG] Predicted solver: SMTInterpol for benchmark QF_NRA/hycomp/ball_count_2d_slope.03.seq_lazy_global_8.smt2
[DEBUG] Benchmark QF_NRA/hycomp/ball_count_2d_slope.03.seq_lazy_global_8.smt2: solved=True, runtime=0.99s, PAR-2=0.99s
[DEBUG] Processing 1815/2482: QF_NRA/hycomp/ball_count_2d_hill_simple.03.redlog_global_15.smt2
[DEBUG] Predicted solver: Yices2 for benchmark QF_NRA/hycomp/ball_count_2d_hill_simple.03.redlog_global_15.smt2
[DEBUG] Benchmark QF_NRA/hycomp/ball_count_2d_hill_simple.03.redlog_global_15.smt2: solved=True, runtime=0.23s, PAR-2=0.23s
[DEBUG] Processing 1816/2482: QF_NRA/LassoRanker/SV-COMP/BradleyMannaSipma-2005CAV-Fig1_true-termination.c_Iteration1_Lasso_2-pieceTemplate.smt2
[DEBUG] Predicted solver: SMTInterpol for benchmark QF_NRA/LassoRanker/SV-COMP/BradleyMannaSipma-2005CAV-Fig1_true-termination.c_Iteration1_Lasso_2-pieceTemplate.smt2
[DEBUG] Benchmark QF_NRA/LassoRanker/SV-COMP/BradleyMannaSipma-2005CAV-Fig1_true-termination.c_Iteration1_Lasso_2-pieceTemplate.smt2: solved=True, runtime=3.94s, PAR-2=3.94s
[DEBUG] Processing 1817/2482: QF_NRA/hycomp/ball_count_2d_slope.05.seq_lazy_global_6.smt2
[DEBUG] Predicted solver: SMTInterpol for benchmark QF_NRA/hycomp/ball_count_2d_slope.05.seq_lazy_global_6.smt2
[DEBUG] Benchmark QF_NRA/hycomp/ball_count_2d_slope.05.seq_lazy_global_6.smt2: solved=True, runtime=1.00s, PAR-2=1.00s
[DEBUG] Processing 1818/2482: QF_NRA/hycomp/ball_count_2d_slope.05.seq_lazy_linear_enc_global_12.smt2
[DEBUG] Predicted solver: SMTInterpol for benchmark QF_NRA/hycomp/ball_count_2d_slope.05.seq_lazy_linear_enc_global_12.smt2
[DEBUG] Benchmark QF_NRA/hycomp/ball_count_2d_slope.05.seq_lazy_linear_enc_global_12.smt2: solved=True, runtime=1.13s, PAR-2=1.13s
[DEBUG] Processing 1819/2482: QF_NRA/20220314-Uncu/Polynomial_Proof_Calls/ProveIneq_ISSAC05_SignPattern_Lemma1.smt2
[DEBUG] Predicted solver: Z3alpha for benchmark QF_NRA/20220314-Uncu/Polynomial_Proof_Calls/ProveIneq_ISSAC05_SignPattern_Lemma1.smt2
[DEBUG] Benchmark QF_NRA/20220314-Uncu/Polynomial_Proof_Calls/ProveIneq_ISSAC05_SignPattern_Lemma1.smt2: solved=True, runtime=0.28s, PAR-2=0.28s
[DEBUG] Processing 1820/2482: QF_NRA/meti-tarski/exp/problem/10/2/exp-problem-10-2-chunk-0274.smt2
[DEBUG] Predicted solver: Z3alpha for benchmark QF_NRA/meti-tarski/exp/problem/10/2/exp-problem-10-2-chunk-0274.smt2
[DEBUG] Benchmark QF_NRA/meti-tarski/exp/problem/10/2/exp-problem-10-2-chunk-0274.smt2: solved=True, runtime=0.27s, PAR-2=0.27s
[DEBUG] Processing 1821/2482: QF_NRA/20161105-Sturm-MBO/mbo_E21E25.smt2
[DEBUG] Predicted solver: SMTInterpol for benchmark QF_NRA/20161105-Sturm-MBO/mbo_E21E25.smt2
[DEBUG] Benchmark QF_NRA/20161105-Sturm-MBO/mbo_E21E25.smt2: solved=True, runtime=0.63s, PAR-2=0.63s
[DEBUG] Processing 1822/2482: QF_NRA/meti-tarski/sqrt/1mcosq/8/sqrt-1mcosq-8-chunk-0607.smt2
[DEBUG] Predicted solver: Z3alpha for benchmark QF_NRA/meti-tarski/sqrt/1mcosq/8/sqrt-1mcosq-8-chunk-0607.smt2
[DEBUG] Benchmark QF_NRA/meti-tarski/sqrt/1mcosq/8/sqrt-1mcosq-8-chunk-0607.smt2: solved=True, runtime=0.27s, PAR-2=0.27s
[DEBUG] Processing 1823/2482: QF_NRA/LassoRanker/CooperatingT2/toeplz.c.i.toeplz.pl.t2.fixed.t2.c_Iteration3_Loop_4-pieceTemplate.smt2
[DEBUG] Predicted solver: SMTInterpol for benchmark QF_NRA/LassoRanker/CooperatingT2/toeplz.c.i.toeplz.pl.t2.fixed.t2.c_Iteration3_Loop_4-pieceTemplate.smt2
[DEBUG] Benchmark QF_NRA/LassoRanker/CooperatingT2/toeplz.c.i.toeplz.pl.t2.fixed.t2.c_Iteration3_Loop_4-pieceTemplate.smt2: solved=True, runtime=1.24s, PAR-2=1.24s
[DEBUG] Processing 1824/2482: QF_NRA/meti-tarski/Chua/2/VC2/U/Chua-2-VC2-U-chunk-0071.smt2
[DEBUG] Predicted solver: Z3alpha for benchmark QF_NRA/meti-tarski/Chua/2/VC2/U/Chua-2-VC2-U-chunk-0071.smt2
[DEBUG] Benchmark QF_NRA/meti-tarski/Chua/2/VC2/U/Chua-2-VC2-U-chunk-0071.smt2: solved=True, runtime=0.27s, PAR-2=0.27s
[DEBUG] Processing 1825/2482: QF_NRA/hycomp/etcs_braking_2.01.seq_lazy_linear_enc_lemmas_global_7.smt2
[DEBUG] Predicted solver: SMTInterpol for benchmark QF_NRA/hycomp/etcs_braking_2.01.seq_lazy_linear_enc_lemmas_global_7.smt2
[DEBUG] Benchmark QF_NRA/hycomp/etcs_braking_2.01.seq_lazy_linear_enc_lemmas_global_7.smt2: solved=True, runtime=1.43s, PAR-2=1.43s
[DEBUG] Processing 1826/2482: QF_NRA/20161105-Sturm-MBO/mbo_E1E7.smt2
[DEBUG] Predicted solver: SMTInterpol for benchmark QF_NRA/20161105-Sturm-MBO/mbo_E1E7.smt2
[DEBUG] Benchmark QF_NRA/20161105-Sturm-MBO/mbo_E1E7.smt2: solved=True, runtime=1.55s, PAR-2=1.55s
[DEBUG] Processing 1827/2482: QF_NRA/hycomp/ball_count_1d_plain.10.seq_lazy_global_15.smt2
[DEBUG] Predicted solver: Yices2 for benchmark QF_NRA/hycomp/ball_count_1d_plain.10.seq_lazy_global_15.smt2
[DEBUG] Benchmark QF_NRA/hycomp/ball_count_1d_plain.10.seq_lazy_global_15.smt2: solved=True, runtime=0.25s, PAR-2=0.25s
[DEBUG] Processing 1828/2482: QF_NRA/meti-tarski/Nichols-Plot/Inverted-Pendulum/Nichols-Plot-Inverted-Pendulum-Fails-1-6-chunk-0208.smt2
[DEBUG] Predicted solver: Z3alpha for benchmark QF_NRA/meti-tarski/Nichols-Plot/Inverted-Pendulum/Nichols-Plot-Inverted-Pendulum-Fails-1-6-chunk-0208.smt2
[DEBUG] Benchmark QF_NRA/meti-tarski/Nichols-Plot/Inverted-Pendulum/Nichols-Plot-Inverted-Pendulum-Fails-1-6-chunk-0208.smt2: solved=True, runtime=0.27s, PAR-2=0.27s
[DEBUG] Processing 1829/2482: QF_NRA/hycomp/ball_count_2d_plain.02.redlog_global_15.smt2
[DEBUG] Predicted solver: SMTInterpol for benchmark QF_NRA/hycomp/ball_count_2d_plain.02.redlog_global_15.smt2
[DEBUG] Benchmark QF_NRA/hycomp/ball_count_2d_plain.02.redlog_global_15.smt2: solved=True, runtime=1.18s, PAR-2=1.18s
[DEBUG] Processing 1830/2482: QF_NRA/meti-tarski/sqrt/problem/sqrt-problem-Melquiond3-chunk-0022.smt2
[DEBUG] Predicted solver: Z3alpha for benchmark QF_NRA/meti-tarski/sqrt/problem/sqrt-problem-Melquiond3-chunk-0022.smt2
[DEBUG] Benchmark QF_NRA/meti-tarski/sqrt/problem/sqrt-problem-Melquiond3-chunk-0022.smt2: solved=True, runtime=0.30s, PAR-2=0.30s
[DEBUG] Processing 1831/2482: QF_NRA/20161105-Sturm-MBO/mbo_E15E18.smt2
[DEBUG] Predicted solver: SMTInterpol for benchmark QF_NRA/20161105-Sturm-MBO/mbo_E15E18.smt2
[DEBUG] Benchmark QF_NRA/20161105-Sturm-MBO/mbo_E15E18.smt2: solved=True, runtime=1.92s, PAR-2=1.92s
[DEBUG] Processing 1832/2482: QF_NRA/hong/hong_7.smt2
[DEBUG] Predicted solver: cvc5 for benchmark QF_NRA/hong/hong_7.smt2
[DEBUG] Benchmark QF_NRA/hong/hong_7.smt2: solved=True, runtime=0.26s, PAR-2=0.26s
[DEBUG] Processing 1833/2482: QF_NRA/meti-tarski/sin/cos/sin-cos-346-b-chunk-0027.smt2
[DEBUG] Predicted solver: Z3alpha for benchmark QF_NRA/meti-tarski/sin/cos/sin-cos-346-b-chunk-0027.smt2
[DEBUG] Benchmark QF_NRA/meti-tarski/sin/cos/sin-cos-346-b-chunk-0027.smt2: solved=True, runtime=0.27s, PAR-2=0.27s
[DEBUG] Processing 1834/2482: QF_NRA/meti-tarski/exp/problem/10/3/exp-problem-10-3-chunk-0182.smt2
[DEBUG] Predicted solver: Z3alpha for benchmark QF_NRA/meti-tarski/exp/problem/10/3/exp-problem-10-3-chunk-0182.smt2
[DEBUG] Benchmark QF_NRA/meti-tarski/exp/problem/10/3/exp-problem-10-3-chunk-0182.smt2: solved=True, runtime=0.27s, PAR-2=0.27s
[DEBUG] Processing 1835/2482: QF_NRA/meti-tarski/atan/problem/2/weak/atan-problem-2-weak-chunk-0106.smt2
[DEBUG] Predicted solver: Z3alpha for benchmark QF_NRA/meti-tarski/atan/problem/2/weak/atan-problem-2-weak-chunk-0106.smt2
[DEBUG] Benchmark QF_NRA/meti-tarski/atan/problem/2/weak/atan-problem-2-weak-chunk-0106.smt2: solved=True, runtime=0.27s, PAR-2=0.27s
[DEBUG] Processing 1836/2482: QF_NRA/20180501-Economics-Mulligan/MulliganEconomicsModel0057a.smt2
[DEBUG] Predicted solver: SMTInterpol for benchmark QF_NRA/20180501-Economics-Mulligan/MulliganEconomicsModel0057a.smt2
[DEBUG] Benchmark QF_NRA/20180501-Economics-Mulligan/MulliganEconomicsModel0057a.smt2: solved=True, runtime=0.44s, PAR-2=0.44s
[DEBUG] Processing 1837/2482: QF_NRA/LassoRanker/CooperatingT2/bf6.t2.c_Iteration1_Loop_4-pieceTemplate.smt2
[DEBUG] Predicted solver: SMTInterpol for benchmark QF_NRA/LassoRanker/CooperatingT2/bf6.t2.c_Iteration1_Loop_4-pieceTemplate.smt2
[DEBUG] Benchmark QF_NRA/LassoRanker/CooperatingT2/bf6.t2.c_Iteration1_Loop_4-pieceTemplate.smt2: solved=True, runtime=1.39s, PAR-2=1.39s
[DEBUG] Processing 1838/2482: QF_NRA/LassoRanker/SV-COMP/LeeJonesBen-Amram-2001POPL-Ex5_true-termination.c_Iteration2_Lasso_2-pieceTemplate.smt2
[DEBUG] Predicted solver: SMTInterpol for benchmark QF_NRA/LassoRanker/SV-COMP/LeeJonesBen-Amram-2001POPL-Ex5_true-termination.c_Iteration2_Lasso_2-pieceTemplate.smt2
[DEBUG] Benchmark QF_NRA/LassoRanker/SV-COMP/LeeJonesBen-Amram-2001POPL-Ex5_true-termination.c_Iteration2_Lasso_2-pieceTemplate.smt2: solved=True, runtime=2.32s, PAR-2=2.32s
[DEBUG] Processing 1839/2482: QF_NRA/meti-tarski/sqrt/1mcosq/8/sqrt-1mcosq-8-chunk-0203.smt2
[DEBUG] Predicted solver: Z3alpha for benchmark QF_NRA/meti-tarski/sqrt/1mcosq/8/sqrt-1mcosq-8-chunk-0203.smt2
[DEBUG] Benchmark QF_NRA/meti-tarski/sqrt/1mcosq/8/sqrt-1mcosq-8-chunk-0203.smt2: solved=True, runtime=0.28s, PAR-2=0.28s
[DEBUG] Processing 1840/2482: QF_NRA/meti-tarski/sin/cos/sin-cos-346-b-chunk-0626.smt2
[DEBUG] Predicted solver: Z3alpha for benchmark QF_NRA/meti-tarski/sin/cos/sin-cos-346-b-chunk-0626.smt2
[DEBUG] Benchmark QF_NRA/meti-tarski/sin/cos/sin-cos-346-b-chunk-0626.smt2: solved=True, runtime=0.30s, PAR-2=0.30s
[DEBUG] Processing 1841/2482: QF_NRA/meti-tarski/sqrt/1mcosq/8/sqrt-1mcosq-8-chunk-0497.smt2
[DEBUG] Predicted solver: Z3alpha for benchmark QF_NRA/meti-tarski/sqrt/1mcosq/8/sqrt-1mcosq-8-chunk-0497.smt2
[DEBUG] Benchmark QF_NRA/meti-tarski/sqrt/1mcosq/8/sqrt-1mcosq-8-chunk-0497.smt2: solved=True, runtime=0.27s, PAR-2=0.27s
[DEBUG] Processing 1842/2482: QF_NRA/meti-tarski/atan/vega/3/atan-vega-3-chunk-0573.smt2
[DEBUG] Predicted solver: SMTInterpol for benchmark QF_NRA/meti-tarski/atan/vega/3/atan-vega-3-chunk-0573.smt2
[DEBUG] Benchmark QF_NRA/meti-tarski/atan/vega/3/atan-vega-3-chunk-0573.smt2: solved=True, runtime=0.46s, PAR-2=0.46s
[DEBUG] Processing 1843/2482: QF_NRA/meti-tarski/atan/problem/2/weak2/atan-problem-2-weak2-chunk-0134.smt2
[DEBUG] Predicted solver: Z3alpha for benchmark QF_NRA/meti-tarski/atan/problem/2/weak2/atan-problem-2-weak2-chunk-0134.smt2
[DEBUG] Benchmark QF_NRA/meti-tarski/atan/problem/2/weak2/atan-problem-2-weak2-chunk-0134.smt2: solved=True, runtime=0.27s, PAR-2=0.27s
[DEBUG] Processing 1844/2482: QF_NRA/hycomp/ball_count_2d_plain.05.seq_lazy_linear_enc_lemmas_global_6.smt2
[DEBUG] Predicted solver: SMTInterpol for benchmark QF_NRA/hycomp/ball_count_2d_plain.05.seq_lazy_linear_enc_lemmas_global_6.smt2
[DEBUG] Benchmark QF_NRA/hycomp/ball_count_2d_plain.05.seq_lazy_linear_enc_lemmas_global_6.smt2: solved=True, runtime=0.92s, PAR-2=0.92s
[DEBUG] Processing 1845/2482: QF_NRA/hycomp/ball_count_2d_hill_simple.01.qfree_global_13.smt2
[DEBUG] Predicted solver: Yices2 for benchmark QF_NRA/hycomp/ball_count_2d_hill_simple.01.qfree_global_13.smt2
[DEBUG] Benchmark QF_NRA/hycomp/ball_count_2d_hill_simple.01.qfree_global_13.smt2: solved=True, runtime=0.22s, PAR-2=0.22s
[DEBUG] Processing 1846/2482: QF_NRA/hong/hong_13.smt2
[DEBUG] Predicted solver: cvc5 for benchmark QF_NRA/hong/hong_13.smt2
[DEBUG] Benchmark QF_NRA/hong/hong_13.smt2: solved=True, runtime=0.27s, PAR-2=0.27s
[DEBUG] Processing 1847/2482: QF_NRA/LassoRanker/SV-COMP/HarrisLalNoriRajamani-2010SAS-Fig1_true-termination.c_Iteration1_Lasso_3-pieceTemplate.smt2
[DEBUG] Predicted solver: SMTInterpol for benchmark QF_NRA/LassoRanker/SV-COMP/HarrisLalNoriRajamani-2010SAS-Fig1_true-termination.c_Iteration1_Lasso_3-pieceTemplate.smt2
[DEBUG] Benchmark QF_NRA/LassoRanker/SV-COMP/HarrisLalNoriRajamani-2010SAS-Fig1_true-termination.c_Iteration1_Lasso_3-pieceTemplate.smt2: solved=True, runtime=0.78s, PAR-2=0.78s
[DEBUG] Processing 1848/2482: QF_NRA/LassoRanker/Ultimate/Collatz.bpl_Iteration1_Lasso_6-nestedTemplate.smt2
[DEBUG] Predicted solver: Z3alpha for benchmark QF_NRA/LassoRanker/Ultimate/Collatz.bpl_Iteration1_Lasso_6-nestedTemplate.smt2
[DEBUG] Benchmark QF_NRA/LassoRanker/Ultimate/Collatz.bpl_Iteration1_Lasso_6-nestedTemplate.smt2: solved=True, runtime=58.28s, PAR-2=58.28s
[DEBUG] Processing 1849/2482: QF_NRA/hycomp/ball_count_2d_hill_simple.01.seq_lazy_lemmas_global_11.smt2
[DEBUG] Predicted solver: SMTInterpol for benchmark QF_NRA/hycomp/ball_count_2d_hill_simple.01.seq_lazy_lemmas_global_11.smt2
[DEBUG] Benchmark QF_NRA/hycomp/ball_count_2d_hill_simple.01.seq_lazy_lemmas_global_11.smt2: solved=True, runtime=0.99s, PAR-2=0.99s
[DEBUG] Processing 1850/2482: QF_NRA/meti-tarski/sin/344/4/sin-344-4-chunk-0040.smt2
[DEBUG] Predicted solver: Z3alpha for benchmark QF_NRA/meti-tarski/sin/344/4/sin-344-4-chunk-0040.smt2
[DEBUG] Benchmark QF_NRA/meti-tarski/sin/344/4/sin-344-4-chunk-0040.smt2: solved=True, runtime=0.27s, PAR-2=0.27s
[DEBUG] Processing 1851/2482: QF_NRA/meti-tarski/atan/vega/3/atan-vega-3-chunk-0354.smt2
[DEBUG] Predicted solver: Z3alpha for benchmark QF_NRA/meti-tarski/atan/vega/3/atan-vega-3-chunk-0354.smt2
[DEBUG] Benchmark QF_NRA/meti-tarski/atan/vega/3/atan-vega-3-chunk-0354.smt2: solved=True, runtime=0.28s, PAR-2=0.28s
[DEBUG] Processing 1852/2482: QF_NRA/LassoRanker/CooperatingT2/seq2.t2.c_Iteration1_Loop_4-pieceTemplate.smt2
[DEBUG] Predicted solver: SMTInterpol for benchmark QF_NRA/LassoRanker/CooperatingT2/seq2.t2.c_Iteration1_Loop_4-pieceTemplate.smt2
[DEBUG] Benchmark QF_NRA/LassoRanker/CooperatingT2/seq2.t2.c_Iteration1_Loop_4-pieceTemplate.smt2: solved=True, runtime=0.86s, PAR-2=0.86s
[DEBUG] Processing 1853/2482: QF_NRA/hycomp/ball_count_2d_hill_simple.01.seq_lazy_lemmas_global_4.smt2
[DEBUG] Predicted solver: SMTInterpol for benchmark QF_NRA/hycomp/ball_count_2d_hill_simple.01.seq_lazy_lemmas_global_4.smt2
[DEBUG] Benchmark QF_NRA/hycomp/ball_count_2d_hill_simple.01.seq_lazy_lemmas_global_4.smt2: solved=True, runtime=0.70s, PAR-2=0.70s
[DEBUG] Processing 1854/2482: QF_NRA/meti-tarski/sqrt/1mcosq/7/sqrt-1mcosq-7-chunk-0208.smt2
[DEBUG] Predicted solver: Z3alpha for benchmark QF_NRA/meti-tarski/sqrt/1mcosq/7/sqrt-1mcosq-7-chunk-0208.smt2
[DEBUG] Benchmark QF_NRA/meti-tarski/sqrt/1mcosq/7/sqrt-1mcosq-7-chunk-0208.smt2: solved=True, runtime=0.28s, PAR-2=0.28s
[DEBUG] Processing 1855/2482: QF_NRA/20170501-Heizmann-UltimateInvariantSynthesis/standard_copy4_ground.i_3_2_2.bpl_5.smt2
[DEBUG] Predicted solver: SMTInterpol for benchmark QF_NRA/20170501-Heizmann-UltimateInvariantSynthesis/standard_copy4_ground.i_3_2_2.bpl_5.smt2
[DEBUG] Benchmark QF_NRA/20170501-Heizmann-UltimateInvariantSynthesis/standard_copy4_ground.i_3_2_2.bpl_5.smt2: solved=True, runtime=0.70s, PAR-2=0.70s
[DEBUG] Processing 1856/2482: QF_NRA/hycomp/ball_count_2d_hill_simple.02.qfree_global_13.smt2
[DEBUG] Predicted solver: Yices2 for benchmark QF_NRA/hycomp/ball_count_2d_hill_simple.02.qfree_global_13.smt2
[DEBUG] Benchmark QF_NRA/hycomp/ball_count_2d_hill_simple.02.qfree_global_13.smt2: solved=True, runtime=0.22s, PAR-2=0.22s
[DEBUG] Processing 1857/2482: QF_NRA/LassoRanker/Ultimate/Collatz.bpl_Iteration1_Lasso_3-nestedTemplate.smt2
[DEBUG] Predicted solver: Yices2 for benchmark QF_NRA/LassoRanker/Ultimate/Collatz.bpl_Iteration1_Lasso_3-nestedTemplate.smt2
[DEBUG] Benchmark QF_NRA/LassoRanker/Ultimate/Collatz.bpl_Iteration1_Lasso_3-nestedTemplate.smt2: solved=True, runtime=40.47s, PAR-2=40.47s
[DEBUG] Processing 1858/2482: QF_NRA/hycomp/ball_count_2d_plain.04.seq_lazy_linear_enc_lemmas_global_14.smt2
[DEBUG] Predicted solver: SMTInterpol for benchmark QF_NRA/hycomp/ball_count_2d_plain.04.seq_lazy_linear_enc_lemmas_global_14.smt2
[DEBUG] Benchmark QF_NRA/hycomp/ball_count_2d_plain.04.seq_lazy_linear_enc_lemmas_global_14.smt2: solved=True, runtime=1.02s, PAR-2=1.02s
[DEBUG] Processing 1859/2482: QF_NRA/20161105-Sturm-MBO/mbo_E6E8.smt2
[DEBUG] Predicted solver: SMTInterpol for benchmark QF_NRA/20161105-Sturm-MBO/mbo_E6E8.smt2
[DEBUG] Benchmark QF_NRA/20161105-Sturm-MBO/mbo_E6E8.smt2: solved=True, runtime=2.56s, PAR-2=2.56s
[DEBUG] Processing 1860/2482: QF_NRA/meti-tarski/Nichols-Plot/Inverted-Pendulum/Nichols-Plot-Inverted-Pendulum-Fails-1-6-chunk-0203.smt2
[DEBUG] Predicted solver: Z3alpha for benchmark QF_NRA/meti-tarski/Nichols-Plot/Inverted-Pendulum/Nichols-Plot-Inverted-Pendulum-Fails-1-6-chunk-0203.smt2
[DEBUG] Benchmark QF_NRA/meti-tarski/Nichols-Plot/Inverted-Pendulum/Nichols-Plot-Inverted-Pendulum-Fails-1-6-chunk-0203.smt2: solved=True, runtime=0.27s, PAR-2=0.27s
[DEBUG] Processing 1861/2482: QF_NRA/20161105-Sturm-MBO/mbo_E6.smt2
[DEBUG] Predicted solver: Z3alpha for benchmark QF_NRA/20161105-Sturm-MBO/mbo_E6.smt2
[DEBUG] Benchmark QF_NRA/20161105-Sturm-MBO/mbo_E6.smt2: solved=True, runtime=0.28s, PAR-2=0.28s
[DEBUG] Processing 1862/2482: QF_NRA/meti-tarski/atan/problem/1/atan-problem-1-chunk-0025.smt2
[DEBUG] Predicted solver: Z3alpha for benchmark QF_NRA/meti-tarski/atan/problem/1/atan-problem-1-chunk-0025.smt2
[DEBUG] Benchmark QF_NRA/meti-tarski/atan/problem/1/atan-problem-1-chunk-0025.smt2: solved=True, runtime=0.27s, PAR-2=0.27s
[DEBUG] Processing 1863/2482: QF_NRA/hycomp/ball_count_2d_slope.03.seq_lazy_lemmas_global_13.smt2
[DEBUG] Predicted solver: SMTInterpol for benchmark QF_NRA/hycomp/ball_count_2d_slope.03.seq_lazy_lemmas_global_13.smt2
[DEBUG] Benchmark QF_NRA/hycomp/ball_count_2d_slope.03.seq_lazy_lemmas_global_13.smt2: solved=True, runtime=1.58s, PAR-2=1.58s
[DEBUG] Processing 1864/2482: QF_NRA/20200911-Pine/1599122163933833000.smt2
[DEBUG] Predicted solver: Z3alpha for benchmark QF_NRA/20200911-Pine/1599122163933833000.smt2
[DEBUG] Benchmark QF_NRA/20200911-Pine/1599122163933833000.smt2: solved=True, runtime=0.27s, PAR-2=0.27s
[DEBUG] Processing 1865/2482: QF_NRA/hycomp/ball_count_2d_hill_simple.02.seq_lazy_linear_enc_global_8.smt2
[DEBUG] Predicted solver: SMTInterpol for benchmark QF_NRA/hycomp/ball_count_2d_hill_simple.02.seq_lazy_linear_enc_global_8.smt2
[DEBUG] Benchmark QF_NRA/hycomp/ball_count_2d_hill_simple.02.seq_lazy_linear_enc_global_8.smt2: solved=True, runtime=0.80s, PAR-2=0.80s
[DEBUG] Processing 1866/2482: QF_NRA/hycomp/ball_count_2d_hill.03.seq_lazy_lemmas_global_12.smt2
[DEBUG] Predicted solver: SMTInterpol for benchmark QF_NRA/hycomp/ball_count_2d_hill.03.seq_lazy_lemmas_global_12.smt2
[DEBUG] Benchmark QF_NRA/hycomp/ball_count_2d_hill.03.seq_lazy_lemmas_global_12.smt2: solved=True, runtime=1.11s, PAR-2=1.11s
[DEBUG] Processing 1867/2482: QF_NRA/meti-tarski/Chua/1/IL/L/Chua-1-IL-L-chunk-0087.smt2
[DEBUG] Predicted solver: Z3alpha for benchmark QF_NRA/meti-tarski/Chua/1/IL/L/Chua-1-IL-L-chunk-0087.smt2
[DEBUG] Benchmark QF_NRA/meti-tarski/Chua/1/IL/L/Chua-1-IL-L-chunk-0087.smt2: solved=True, runtime=0.27s, PAR-2=0.27s
[DEBUG] Processing 1868/2482: QF_NRA/meti-tarski/sqrt/problem/sqrt-problem-Melquiond2-chunk-0057.smt2
[DEBUG] Predicted solver: Z3alpha for benchmark QF_NRA/meti-tarski/sqrt/problem/sqrt-problem-Melquiond2-chunk-0057.smt2
[DEBUG] Benchmark QF_NRA/meti-tarski/sqrt/problem/sqrt-problem-Melquiond2-chunk-0057.smt2: solved=True, runtime=0.27s, PAR-2=0.27s
[DEBUG] Processing 1869/2482: QF_NRA/LassoRanker/CooperatingT2/mc91test.t2.c_Iteration5_Loop_3-pieceTemplate.smt2
[DEBUG] Predicted solver: SMTInterpol for benchmark QF_NRA/LassoRanker/CooperatingT2/mc91test.t2.c_Iteration5_Loop_3-pieceTemplate.smt2
[DEBUG] Benchmark QF_NRA/LassoRanker/CooperatingT2/mc91test.t2.c_Iteration5_Loop_3-pieceTemplate.smt2: solved=True, runtime=1.23s, PAR-2=1.23s
[DEBUG] Processing 1870/2482: QF_NRA/UltimateAutomizer/InVarSynth_ManyFactsAboutX.bpl_Iteration1_1.smt2
[DEBUG] Predicted solver: SMTInterpol for benchmark QF_NRA/UltimateAutomizer/InVarSynth_ManyFactsAboutX.bpl_Iteration1_1.smt2
[DEBUG] Benchmark QF_NRA/UltimateAutomizer/InVarSynth_ManyFactsAboutX.bpl_Iteration1_1.smt2: solved=True, runtime=0.58s, PAR-2=0.58s
[DEBUG] Processing 1871/2482: QF_NRA/meti-tarski/atan/vega/3/atan-vega-3-chunk-0474.smt2
[DEBUG] Predicted solver: SMTInterpol for benchmark QF_NRA/meti-tarski/atan/vega/3/atan-vega-3-chunk-0474.smt2
[DEBUG] Benchmark QF_NRA/meti-tarski/atan/vega/3/atan-vega-3-chunk-0474.smt2: solved=True, runtime=0.47s, PAR-2=0.47s
[DEBUG] Processing 1872/2482: QF_NRA/LassoRanker/CooperatingT2/jacobi.c.i.jacobi.pl.t2.nor.t2.rlgfixed.t2.c_Iteration5_Loop_4-pieceTemplate.smt2
[DEBUG] Predicted solver: SMTInterpol for benchmark QF_NRA/LassoRanker/CooperatingT2/jacobi.c.i.jacobi.pl.t2.nor.t2.rlgfixed.t2.c_Iteration5_Loop_4-pieceTemplate.smt2
[DEBUG] Benchmark QF_NRA/LassoRanker/CooperatingT2/jacobi.c.i.jacobi.pl.t2.nor.t2.rlgfixed.t2.c_Iteration5_Loop_4-pieceTemplate.smt2: solved=True, runtime=1.37s, PAR-2=1.37s
[DEBUG] Processing 1873/2482: QF_NRA/hycomp/ball_count_2d_hill.02.seq_lazy_global_8.smt2
[DEBUG] Predicted solver: SMTInterpol for benchmark QF_NRA/hycomp/ball_count_2d_hill.02.seq_lazy_global_8.smt2
[DEBUG] Benchmark QF_NRA/hycomp/ball_count_2d_hill.02.seq_lazy_global_8.smt2: solved=True, runtime=0.88s, PAR-2=0.88s
[DEBUG] Processing 1874/2482: QF_NRA/LassoRanker/CooperatingT2/pentagon.t2.c_Iteration12_Loop_4-pieceTemplate.smt2
[DEBUG] Predicted solver: SMTInterpol for benchmark QF_NRA/LassoRanker/CooperatingT2/pentagon.t2.c_Iteration12_Loop_4-pieceTemplate.smt2
[DEBUG] Benchmark QF_NRA/LassoRanker/CooperatingT2/pentagon.t2.c_Iteration12_Loop_4-pieceTemplate.smt2: solved=True, runtime=1.06s, PAR-2=1.06s
[DEBUG] Processing 1875/2482: QF_NRA/meti-tarski/sqrt/1mcosq/8/sqrt-1mcosq-8-chunk-0730.smt2
[DEBUG] Predicted solver: Z3alpha for benchmark QF_NRA/meti-tarski/sqrt/1mcosq/8/sqrt-1mcosq-8-chunk-0730.smt2
[DEBUG] Benchmark QF_NRA/meti-tarski/sqrt/1mcosq/8/sqrt-1mcosq-8-chunk-0730.smt2: solved=True, runtime=0.28s, PAR-2=0.28s
[DEBUG] Processing 1876/2482: QF_NRA/meti-tarski/sin/problem/7/weak2/sin-problem-7-weak2-chunk-0115.smt2
[DEBUG] Predicted solver: Z3alpha for benchmark QF_NRA/meti-tarski/sin/problem/7/weak2/sin-problem-7-weak2-chunk-0115.smt2
[DEBUG] Benchmark QF_NRA/meti-tarski/sin/problem/7/weak2/sin-problem-7-weak2-chunk-0115.smt2: solved=True, runtime=0.27s, PAR-2=0.27s
[DEBUG] Processing 1877/2482: QF_NRA/hycomp/ball_count_2d_hill.05.seq_lazy_lemmas_global_15.smt2
[DEBUG] Predicted solver: SMTInterpol for benchmark QF_NRA/hycomp/ball_count_2d_hill.05.seq_lazy_lemmas_global_15.smt2
[DEBUG] Benchmark QF_NRA/hycomp/ball_count_2d_hill.05.seq_lazy_lemmas_global_15.smt2: solved=True, runtime=1.44s, PAR-2=1.44s
[DEBUG] Processing 1878/2482: QF_NRA/meti-tarski/exp/problem/10/3/weak/exp-problem-10-3-weak-chunk-0064.smt2
[DEBUG] Predicted solver: Z3alpha for benchmark QF_NRA/meti-tarski/exp/problem/10/3/weak/exp-problem-10-3-weak-chunk-0064.smt2
[DEBUG] Benchmark QF_NRA/meti-tarski/exp/problem/10/3/weak/exp-problem-10-3-weak-chunk-0064.smt2: solved=True, runtime=0.27s, PAR-2=0.27s
[DEBUG] Processing 1879/2482: QF_NRA/20220314-Uncu/Rational_Function_Proof_Calls_With_Disjunctive_Denominator_Simplifications/DDC_ProveIneq_Mitrinovic_4_18.smt2
[DEBUG] Predicted solver: Z3alpha for benchmark QF_NRA/20220314-Uncu/Rational_Function_Proof_Calls_With_Disjunctive_Denominator_Simplifications/DDC_ProveIneq_Mitrinovic_4_18.smt2
[DEBUG] Benchmark QF_NRA/20220314-Uncu/Rational_Function_Proof_Calls_With_Disjunctive_Denominator_Simplifications/DDC_ProveIneq_Mitrinovic_4_18.smt2: solved=True, runtime=0.27s, PAR-2=0.27s
[DEBUG] Processing 1880/2482: QF_NRA/meti-tarski/sin/344/3/sin-344-3-chunk-0063.smt2
[DEBUG] Predicted solver: Z3alpha for benchmark QF_NRA/meti-tarski/sin/344/3/sin-344-3-chunk-0063.smt2
[DEBUG] Benchmark QF_NRA/meti-tarski/sin/344/3/sin-344-3-chunk-0063.smt2: solved=True, runtime=0.27s, PAR-2=0.27s
[DEBUG] Processing 1881/2482: QF_NRA/LassoRanker/CooperatingT2/eric.t2.c_Iteration1_Loop_3-pieceTemplate.smt2
[DEBUG] Predicted solver: SMTInterpol for benchmark QF_NRA/LassoRanker/CooperatingT2/eric.t2.c_Iteration1_Loop_3-pieceTemplate.smt2
[DEBUG] Benchmark QF_NRA/LassoRanker/CooperatingT2/eric.t2.c_Iteration1_Loop_3-pieceTemplate.smt2: solved=True, runtime=2.08s, PAR-2=2.08s
[DEBUG] Processing 1882/2482: QF_NRA/UltimateAutomizer/InVarSynth_ShortCircuit-SideEffect-DoStatement-Safe.c_Iteration2_0.smt2
[DEBUG] Predicted solver: SMTInterpol for benchmark QF_NRA/UltimateAutomizer/InVarSynth_ShortCircuit-SideEffect-DoStatement-Safe.c_Iteration2_0.smt2
[DEBUG] Benchmark QF_NRA/UltimateAutomizer/InVarSynth_ShortCircuit-SideEffect-DoStatement-Safe.c_Iteration2_0.smt2: solved=True, runtime=0.58s, PAR-2=0.58s
[DEBUG] Processing 1883/2482: QF_NRA/meti-tarski/sin/problem/7/sin-problem-7-chunk-0352.smt2
[DEBUG] Predicted solver: Z3alpha for benchmark QF_NRA/meti-tarski/sin/problem/7/sin-problem-7-chunk-0352.smt2
[DEBUG] Benchmark QF_NRA/meti-tarski/sin/problem/7/sin-problem-7-chunk-0352.smt2: solved=True, runtime=0.27s, PAR-2=0.27s
[DEBUG] Processing 1884/2482: QF_NRA/20170501-Heizmann-UltimateInvariantSynthesis/standard_copyInitSum2_ground.i_3_2_2.bpl_5.smt2
[DEBUG] Predicted solver: SMTInterpol for benchmark QF_NRA/20170501-Heizmann-UltimateInvariantSynthesis/standard_copyInitSum2_ground.i_3_2_2.bpl_5.smt2
[DEBUG] Benchmark QF_NRA/20170501-Heizmann-UltimateInvariantSynthesis/standard_copyInitSum2_ground.i_3_2_2.bpl_5.smt2: solved=True, runtime=0.60s, PAR-2=0.60s
[DEBUG] Processing 1885/2482: QF_NRA/zankl/matrix-1-all-32.smt2
[DEBUG] Predicted solver: SMTInterpol for benchmark QF_NRA/zankl/matrix-1-all-32.smt2
[DEBUG] Benchmark QF_NRA/zankl/matrix-1-all-32.smt2: solved=True, runtime=0.48s, PAR-2=0.48s
[DEBUG] Processing 1886/2482: QF_NRA/meti-tarski/atan/problem/2/weak2/atan-problem-2-weak2-chunk-0075.smt2
[DEBUG] Predicted solver: Z3alpha for benchmark QF_NRA/meti-tarski/atan/problem/2/weak2/atan-problem-2-weak2-chunk-0075.smt2
[DEBUG] Benchmark QF_NRA/meti-tarski/atan/problem/2/weak2/atan-problem-2-weak2-chunk-0075.smt2: solved=True, runtime=0.27s, PAR-2=0.27s
[DEBUG] Processing 1887/2482: QF_NRA/LassoRanker/SV-COMP/CookSeeZuleger-2013TACAS-Fig3_true-termination.c_Iteration1_Loop_2-pieceTemplate.smt2
[DEBUG] Predicted solver: SMTInterpol for benchmark QF_NRA/LassoRanker/SV-COMP/CookSeeZuleger-2013TACAS-Fig3_true-termination.c_Iteration1_Loop_2-pieceTemplate.smt2
[DEBUG] Benchmark QF_NRA/LassoRanker/SV-COMP/CookSeeZuleger-2013TACAS-Fig3_true-termination.c_Iteration1_Loop_2-pieceTemplate.smt2: solved=True, runtime=5.63s, PAR-2=5.63s
[DEBUG] Processing 1888/2482: QF_NRA/20161105-Sturm-MBO/mbo_E3E12.smt2
[DEBUG] Predicted solver: SMTInterpol for benchmark QF_NRA/20161105-Sturm-MBO/mbo_E3E12.smt2
[DEBUG] Benchmark QF_NRA/20161105-Sturm-MBO/mbo_E3E12.smt2: solved=True, runtime=1.99s, PAR-2=1.99s
[DEBUG] Processing 1889/2482: QF_NRA/meti-tarski/polypaver/sqrt43-int/3vars/polypaver-sqrt43-int-3vars-chunk-0115.smt2
[DEBUG] Predicted solver: Z3alpha for benchmark QF_NRA/meti-tarski/polypaver/sqrt43-int/3vars/polypaver-sqrt43-int-3vars-chunk-0115.smt2
[DEBUG] Benchmark QF_NRA/meti-tarski/polypaver/sqrt43-int/3vars/polypaver-sqrt43-int-3vars-chunk-0115.smt2: solved=True, runtime=0.27s, PAR-2=0.27s
[DEBUG] Processing 1890/2482: QF_NRA/meti-tarski/polypaver/bench-exp-3d/polypaver-bench-exp-3d-chunk-0130.smt2
[DEBUG] Predicted solver: Z3alpha for benchmark QF_NRA/meti-tarski/polypaver/bench-exp-3d/polypaver-bench-exp-3d-chunk-0130.smt2
[DEBUG] Benchmark QF_NRA/meti-tarski/polypaver/bench-exp-3d/polypaver-bench-exp-3d-chunk-0130.smt2: solved=True, runtime=0.27s, PAR-2=0.27s
[DEBUG] Processing 1891/2482: QF_NRA/20161105-Sturm-MBO/mbo_E2E11.smt2
[DEBUG] Predicted solver: SMTInterpol for benchmark QF_NRA/20161105-Sturm-MBO/mbo_E2E11.smt2
[DEBUG] Benchmark QF_NRA/20161105-Sturm-MBO/mbo_E2E11.smt2: solved=True, runtime=1.36s, PAR-2=1.36s
[DEBUG] Processing 1892/2482: QF_NRA/hycomp/ball_count_2d_slope.10.seq_lazy_linear_enc_lemmas_global_5.smt2
[DEBUG] Predicted solver: SMTInterpol for benchmark QF_NRA/hycomp/ball_count_2d_slope.10.seq_lazy_linear_enc_lemmas_global_5.smt2
[DEBUG] Benchmark QF_NRA/hycomp/ball_count_2d_slope.10.seq_lazy_linear_enc_lemmas_global_5.smt2: solved=True, runtime=0.93s, PAR-2=0.93s
[DEBUG] Processing 1893/2482: QF_NRA/LassoRanker/CooperatingT2/elmhes.c.i.elmhes.pl.t2.fixed.t2.c_Iteration2_Loop_4-pieceTemplate.smt2
[DEBUG] Predicted solver: SMTInterpol for benchmark QF_NRA/LassoRanker/CooperatingT2/elmhes.c.i.elmhes.pl.t2.fixed.t2.c_Iteration2_Loop_4-pieceTemplate.smt2
[DEBUG] Benchmark QF_NRA/LassoRanker/CooperatingT2/elmhes.c.i.elmhes.pl.t2.fixed.t2.c_Iteration2_Loop_4-pieceTemplate.smt2: solved=True, runtime=1.70s, PAR-2=1.70s
[DEBUG] Processing 1894/2482: QF_NRA/meti-tarski/atan/problem/2/weak/atan-problem-2-weak-chunk-0216.smt2
[DEBUG] Predicted solver: Z3alpha for benchmark QF_NRA/meti-tarski/atan/problem/2/weak/atan-problem-2-weak-chunk-0216.smt2
[DEBUG] Benchmark QF_NRA/meti-tarski/atan/problem/2/weak/atan-problem-2-weak-chunk-0216.smt2: solved=True, runtime=0.27s, PAR-2=0.27s
[DEBUG] Processing 1895/2482: QF_NRA/hycomp/ball_count_2d_hill.01.seq_lazy_lemmas_global_13.smt2
[DEBUG] Predicted solver: SMTInterpol for benchmark QF_NRA/hycomp/ball_count_2d_hill.01.seq_lazy_lemmas_global_13.smt2
[DEBUG] Benchmark QF_NRA/hycomp/ball_count_2d_hill.01.seq_lazy_lemmas_global_13.smt2: solved=True, runtime=1.28s, PAR-2=1.28s
[DEBUG] Processing 1896/2482: QF_NRA/meti-tarski/exp/problem/10/3/weak/exp-problem-10-3-weak-chunk-0134.smt2
[DEBUG] Predicted solver: Z3alpha for benchmark QF_NRA/meti-tarski/exp/problem/10/3/weak/exp-problem-10-3-weak-chunk-0134.smt2
[DEBUG] Benchmark QF_NRA/meti-tarski/exp/problem/10/3/weak/exp-problem-10-3-weak-chunk-0134.smt2: solved=True, runtime=0.28s, PAR-2=0.28s
[DEBUG] Processing 1897/2482: QF_NRA/meti-tarski/atan/vega/3/weak/atan-vega-3-weak-chunk-0452.smt2
[DEBUG] Predicted solver: Z3alpha for benchmark QF_NRA/meti-tarski/atan/vega/3/weak/atan-vega-3-weak-chunk-0452.smt2
[DEBUG] Benchmark QF_NRA/meti-tarski/atan/vega/3/weak/atan-vega-3-weak-chunk-0452.smt2: solved=True, runtime=0.29s, PAR-2=0.29s
[DEBUG] Processing 1898/2482: QF_NRA/hycomp/ball_count_2d_plain.05.seq_lazy_lemmas_global_14.smt2
[DEBUG] Predicted solver: SMTInterpol for benchmark QF_NRA/hycomp/ball_count_2d_plain.05.seq_lazy_lemmas_global_14.smt2
[DEBUG] Benchmark QF_NRA/hycomp/ball_count_2d_plain.05.seq_lazy_lemmas_global_14.smt2: solved=True, runtime=1.10s, PAR-2=1.10s
[DEBUG] Processing 1899/2482: QF_NRA/LassoRanker/Ultimate/Lobnya-Boolean-Reordered.bpl_Iteration1_Lasso_4-pieceTemplate.smt2
[DEBUG] Predicted solver: SMTInterpol for benchmark QF_NRA/LassoRanker/Ultimate/Lobnya-Boolean-Reordered.bpl_Iteration1_Lasso_4-pieceTemplate.smt2
[DEBUG] Benchmark QF_NRA/LassoRanker/Ultimate/Lobnya-Boolean-Reordered.bpl_Iteration1_Lasso_4-pieceTemplate.smt2: solved=True, runtime=2.98s, PAR-2=2.98s
[DEBUG] Processing 1900/2482: QF_NRA/meti-tarski/Chua/2/IL/U/Chua-2-IL-U-chunk-0094.smt2
[DEBUG] Predicted solver: Z3alpha for benchmark QF_NRA/meti-tarski/Chua/2/IL/U/Chua-2-IL-U-chunk-0094.smt2
[DEBUG] Benchmark QF_NRA/meti-tarski/Chua/2/IL/U/Chua-2-IL-U-chunk-0094.smt2: solved=True, runtime=0.28s, PAR-2=0.28s
[DEBUG] Processing 1901/2482: QF_NRA/meti-tarski/Chua/1/VC1/U/Chua-1-VC1-U-chunk-0083.smt2
[DEBUG] Predicted solver: Z3alpha for benchmark QF_NRA/meti-tarski/Chua/1/VC1/U/Chua-1-VC1-U-chunk-0083.smt2
[DEBUG] Benchmark QF_NRA/meti-tarski/Chua/1/VC1/U/Chua-1-VC1-U-chunk-0083.smt2: solved=True, runtime=0.27s, PAR-2=0.27s
[DEBUG] Processing 1902/2482: QF_NRA/20220314-Uncu/Polynomial_Proof_Calls/ProveIneq_Mitrinovic_3_57b.smt2
[DEBUG] Predicted solver: Z3alpha for benchmark QF_NRA/20220314-Uncu/Polynomial_Proof_Calls/ProveIneq_Mitrinovic_3_57b.smt2
[DEBUG] Benchmark QF_NRA/20220314-Uncu/Polynomial_Proof_Calls/ProveIneq_Mitrinovic_3_57b.smt2: solved=True, runtime=0.32s, PAR-2=0.32s
[DEBUG] Processing 1903/2482: QF_NRA/meti-tarski/atan/vega/3/atan-vega-3-chunk-0445.smt2
[DEBUG] Predicted solver: Z3alpha for benchmark QF_NRA/meti-tarski/atan/vega/3/atan-vega-3-chunk-0445.smt2
[DEBUG] Benchmark QF_NRA/meti-tarski/atan/vega/3/atan-vega-3-chunk-0445.smt2: solved=True, runtime=0.27s, PAR-2=0.27s
[DEBUG] Processing 1904/2482: QF_NRA/LassoRanker/Ultimate/Collatz.bpl_Iteration1_Lasso_3-phaseTemplate.smt2
[DEBUG] Predicted solver: Yices2 for benchmark QF_NRA/LassoRanker/Ultimate/Collatz.bpl_Iteration1_Lasso_3-phaseTemplate.smt2
[DEBUG] Benchmark QF_NRA/LassoRanker/Ultimate/Collatz.bpl_Iteration1_Lasso_3-phaseTemplate.smt2: solved=True, runtime=39.15s, PAR-2=39.15s
[DEBUG] Processing 1905/2482: QF_NRA/hycomp/ball_count_2d_hill_simple.05.seq_lazy_linear_enc_lemmas_global_13.smt2
[DEBUG] Predicted solver: Yices2 for benchmark QF_NRA/hycomp/ball_count_2d_hill_simple.05.seq_lazy_linear_enc_lemmas_global_13.smt2
[DEBUG] Benchmark QF_NRA/hycomp/ball_count_2d_hill_simple.05.seq_lazy_linear_enc_lemmas_global_13.smt2: solved=True, runtime=0.23s, PAR-2=0.23s
[DEBUG] Processing 1906/2482: QF_NRA/meti-tarski/exp/problem/10/3/weak/exp-problem-10-3-weak-chunk-0008.smt2
[DEBUG] Predicted solver: Z3alpha for benchmark QF_NRA/meti-tarski/exp/problem/10/3/weak/exp-problem-10-3-weak-chunk-0008.smt2
[DEBUG] Benchmark QF_NRA/meti-tarski/exp/problem/10/3/weak/exp-problem-10-3-weak-chunk-0008.smt2: solved=True, runtime=0.27s, PAR-2=0.27s
[DEBUG] Processing 1907/2482: QF_NRA/LassoRanker/CooperatingT2/firewire.t2.c_Iteration1_Lasso_7-phaseTemplate.smt2
[DEBUG] Predicted solver: SMTInterpol for benchmark QF_NRA/LassoRanker/CooperatingT2/firewire.t2.c_Iteration1_Lasso_7-phaseTemplate.smt2
[DEBUG] Benchmark QF_NRA/LassoRanker/CooperatingT2/firewire.t2.c_Iteration1_Lasso_7-phaseTemplate.smt2: solved=True, runtime=10.03s, PAR-2=10.03s
[DEBUG] Processing 1908/2482: QF_NRA/meti-tarski/sqrt/1mcosq/8/sqrt-1mcosq-8-chunk-0234.smt2
[DEBUG] Predicted solver: Z3alpha for benchmark QF_NRA/meti-tarski/sqrt/1mcosq/8/sqrt-1mcosq-8-chunk-0234.smt2
[DEBUG] Benchmark QF_NRA/meti-tarski/sqrt/1mcosq/8/sqrt-1mcosq-8-chunk-0234.smt2: solved=True, runtime=0.28s, PAR-2=0.28s
[DEBUG] Processing 1909/2482: QF_NRA/20200911-Pine/1599120907818508000.smt2
[DEBUG] Predicted solver: Z3alpha for benchmark QF_NRA/20200911-Pine/1599120907818508000.smt2
[DEBUG] Benchmark QF_NRA/20200911-Pine/1599120907818508000.smt2: solved=True, runtime=0.28s, PAR-2=0.28s
[DEBUG] Processing 1910/2482: QF_NRA/hycomp/ball_count_2d_plain.05.seq_lazy_lemmas_global_4.smt2
[DEBUG] Predicted solver: SMTInterpol for benchmark QF_NRA/hycomp/ball_count_2d_plain.05.seq_lazy_lemmas_global_4.smt2
[DEBUG] Benchmark QF_NRA/hycomp/ball_count_2d_plain.05.seq_lazy_lemmas_global_4.smt2: solved=True, runtime=0.80s, PAR-2=0.80s
[DEBUG] Processing 1911/2482: QF_NRA/meti-tarski/sin/cos/sin-cos-346-b-chunk-0480.smt2
[DEBUG] Predicted solver: Z3alpha for benchmark QF_NRA/meti-tarski/sin/cos/sin-cos-346-b-chunk-0480.smt2
[DEBUG] Benchmark QF_NRA/meti-tarski/sin/cos/sin-cos-346-b-chunk-0480.smt2: solved=True, runtime=0.27s, PAR-2=0.27s
[DEBUG] Processing 1912/2482: QF_NRA/hycomp/etcs_braking_2.01.seq_lazy_global_10.smt2
[DEBUG] Predicted solver: SMTInterpol for benchmark QF_NRA/hycomp/etcs_braking_2.01.seq_lazy_global_10.smt2
[DEBUG] Benchmark QF_NRA/hycomp/etcs_braking_2.01.seq_lazy_global_10.smt2: solved=True, runtime=1.59s, PAR-2=1.59s
[DEBUG] Processing 1913/2482: QF_NRA/hycomp/ball_count_2d_hill.02.redlog_global_7.smt2
[DEBUG] Predicted solver: SMTInterpol for benchmark QF_NRA/hycomp/ball_count_2d_hill.02.redlog_global_7.smt2
[DEBUG] Benchmark QF_NRA/hycomp/ball_count_2d_hill.02.redlog_global_7.smt2: solved=True, runtime=1.18s, PAR-2=1.18s
[DEBUG] Processing 1914/2482: QF_NRA/20220314-Uncu/Rational_Function_Proof_Calls_With_Disjunctive_Denominator_Simplifications/DDC_ProveIneq_ISSAC10_ex3f.smt2
[DEBUG] Predicted solver: Z3alpha for benchmark QF_NRA/20220314-Uncu/Rational_Function_Proof_Calls_With_Disjunctive_Denominator_Simplifications/DDC_ProveIneq_ISSAC10_ex3f.smt2
[DEBUG] Benchmark QF_NRA/20220314-Uncu/Rational_Function_Proof_Calls_With_Disjunctive_Denominator_Simplifications/DDC_ProveIneq_ISSAC10_ex3f.smt2: solved=True, runtime=0.30s, PAR-2=0.30s
[DEBUG] Processing 1915/2482: QF_NRA/LassoRanker/CooperatingT2/smagillb-succeed.t2.c_Iteration1_Loop_4-pieceTemplate.smt2
[DEBUG] Predicted solver: SMTInterpol for benchmark QF_NRA/LassoRanker/CooperatingT2/smagillb-succeed.t2.c_Iteration1_Loop_4-pieceTemplate.smt2
[DEBUG] Benchmark QF_NRA/LassoRanker/CooperatingT2/smagillb-succeed.t2.c_Iteration1_Loop_4-pieceTemplate.smt2: solved=True, runtime=1.50s, PAR-2=1.50s
[DEBUG] Processing 1916/2482: QF_NRA/LassoRanker/SV-COMP/Masse_true-termination.c_Iteration1_Lasso_4-pieceTemplate.smt2
[DEBUG] Predicted solver: SMTInterpol for benchmark QF_NRA/LassoRanker/SV-COMP/Masse_true-termination.c_Iteration1_Lasso_4-pieceTemplate.smt2
[DEBUG] Benchmark QF_NRA/LassoRanker/SV-COMP/Masse_true-termination.c_Iteration1_Lasso_4-pieceTemplate.smt2: solved=True, runtime=5.60s, PAR-2=5.60s
[DEBUG] Processing 1917/2482: QF_NRA/meti-tarski/exp/problem/10/3/exp-problem-10-3-chunk-0174.smt2
[DEBUG] Predicted solver: Z3alpha for benchmark QF_NRA/meti-tarski/exp/problem/10/3/exp-problem-10-3-chunk-0174.smt2
[DEBUG] Benchmark QF_NRA/meti-tarski/exp/problem/10/3/exp-problem-10-3-chunk-0174.smt2: solved=True, runtime=0.27s, PAR-2=0.27s
[DEBUG] Processing 1918/2482: QF_NRA/20180501-Economics-Mulligan/MulliganEconomicsModel0054a.smt2
[DEBUG] Predicted solver: SMTInterpol for benchmark QF_NRA/20180501-Economics-Mulligan/MulliganEconomicsModel0054a.smt2
[DEBUG] Benchmark QF_NRA/20180501-Economics-Mulligan/MulliganEconomicsModel0054a.smt2: solved=True, runtime=0.39s, PAR-2=0.39s
[DEBUG] Processing 1919/2482: QF_NRA/meti-tarski/exp/problem/10/3/weak/exp-problem-10-3-weak-chunk-0119.smt2
[DEBUG] Predicted solver: Z3alpha for benchmark QF_NRA/meti-tarski/exp/problem/10/3/weak/exp-problem-10-3-weak-chunk-0119.smt2
[DEBUG] Benchmark QF_NRA/meti-tarski/exp/problem/10/3/weak/exp-problem-10-3-weak-chunk-0119.smt2: solved=True, runtime=0.27s, PAR-2=0.27s
[DEBUG] Processing 1920/2482: QF_NRA/hycomp/ball_count_1d_plain.01.redlog_global_10.smt2
[DEBUG] Predicted solver: SMTInterpol for benchmark QF_NRA/hycomp/ball_count_1d_plain.01.redlog_global_10.smt2
[DEBUG] Benchmark QF_NRA/hycomp/ball_count_1d_plain.01.redlog_global_10.smt2: solved=True, runtime=0.85s, PAR-2=0.85s
[DEBUG] Processing 1921/2482: QF_NRA/hycomp/ball_count_2d_hill_simple.01.seq_lazy_linear_enc_global_6.smt2
[DEBUG] Predicted solver: SMTInterpol for benchmark QF_NRA/hycomp/ball_count_2d_hill_simple.01.seq_lazy_linear_enc_global_6.smt2
[DEBUG] Benchmark QF_NRA/hycomp/ball_count_2d_hill_simple.01.seq_lazy_linear_enc_global_6.smt2: solved=True, runtime=0.74s, PAR-2=0.74s
[DEBUG] Processing 1922/2482: QF_NRA/meti-tarski/Chua/1/VC2/L/Chua-1-VC2-L-chunk-0082.smt2
[DEBUG] Predicted solver: Z3alpha for benchmark QF_NRA/meti-tarski/Chua/1/VC2/L/Chua-1-VC2-L-chunk-0082.smt2
[DEBUG] Benchmark QF_NRA/meti-tarski/Chua/1/VC2/L/Chua-1-VC2-L-chunk-0082.smt2: solved=True, runtime=0.28s, PAR-2=0.28s
[DEBUG] Processing 1923/2482: QF_NRA/meti-tarski/atan/vega/3/atan-vega-3-chunk-0629.smt2
[DEBUG] Predicted solver: SMTInterpol for benchmark QF_NRA/meti-tarski/atan/vega/3/atan-vega-3-chunk-0629.smt2
[DEBUG] Benchmark QF_NRA/meti-tarski/atan/vega/3/atan-vega-3-chunk-0629.smt2: solved=True, runtime=0.46s, PAR-2=0.46s
[DEBUG] Processing 1924/2482: QF_NRA/meti-tarski/atan/problem/1/weak/atan-problem-1-weak-chunk-0017.smt2
[DEBUG] Predicted solver: Z3alpha for benchmark QF_NRA/meti-tarski/atan/problem/1/weak/atan-problem-1-weak-chunk-0017.smt2
[DEBUG] Benchmark QF_NRA/meti-tarski/atan/problem/1/weak/atan-problem-1-weak-chunk-0017.smt2: solved=True, runtime=0.27s, PAR-2=0.27s
[DEBUG] Processing 1925/2482: QF_NRA/20170501-Heizmann-UltimateInvariantSynthesis/standard_two_index_04.i_3_2_2.bpl_5.smt2
[DEBUG] Predicted solver: SMTInterpol for benchmark QF_NRA/20170501-Heizmann-UltimateInvariantSynthesis/standard_two_index_04.i_3_2_2.bpl_5.smt2
[DEBUG] Benchmark QF_NRA/20170501-Heizmann-UltimateInvariantSynthesis/standard_two_index_04.i_3_2_2.bpl_5.smt2: solved=True, runtime=0.54s, PAR-2=0.54s
[DEBUG] Processing 1926/2482: QF_NRA/meti-tarski/exp/problem/10/3/weak/exp-problem-10-3-weak-chunk-0126.smt2
[DEBUG] Predicted solver: Z3alpha for benchmark QF_NRA/meti-tarski/exp/problem/10/3/weak/exp-problem-10-3-weak-chunk-0126.smt2
[DEBUG] Benchmark QF_NRA/meti-tarski/exp/problem/10/3/weak/exp-problem-10-3-weak-chunk-0126.smt2: solved=True, runtime=0.27s, PAR-2=0.27s
[DEBUG] Processing 1927/2482: QF_NRA/20170501-Heizmann-UltimateInvariantSynthesis/standard_init9_ground.i_3_2_2.bpl_3.smt2
[DEBUG] Predicted solver: SMTInterpol for benchmark QF_NRA/20170501-Heizmann-UltimateInvariantSynthesis/standard_init9_ground.i_3_2_2.bpl_3.smt2
[DEBUG] Benchmark QF_NRA/20170501-Heizmann-UltimateInvariantSynthesis/standard_init9_ground.i_3_2_2.bpl_3.smt2: solved=True, runtime=0.71s, PAR-2=0.71s
[DEBUG] Processing 1928/2482: QF_NRA/LassoRanker/CooperatingT2/sas2.t2.c_Iteration7_Lasso_4-pieceTemplate.smt2
[DEBUG] Predicted solver: SMTInterpol for benchmark QF_NRA/LassoRanker/CooperatingT2/sas2.t2.c_Iteration7_Lasso_4-pieceTemplate.smt2
[DEBUG] Benchmark QF_NRA/LassoRanker/CooperatingT2/sas2.t2.c_Iteration7_Lasso_4-pieceTemplate.smt2: solved=True, runtime=9.47s, PAR-2=9.47s
[DEBUG] Processing 1929/2482: QF_NRA/meti-tarski/exp/problem/10/3/weak/exp-problem-10-3-weak-chunk-0193.smt2
[DEBUG] Predicted solver: Z3alpha for benchmark QF_NRA/meti-tarski/exp/problem/10/3/weak/exp-problem-10-3-weak-chunk-0193.smt2
[DEBUG] Benchmark QF_NRA/meti-tarski/exp/problem/10/3/weak/exp-problem-10-3-weak-chunk-0193.smt2: solved=True, runtime=0.27s, PAR-2=0.27s
[DEBUG] Processing 1930/2482: QF_NRA/meti-tarski/Nichols-Plot/Inverted-Pendulum/Nichols-Plot-Inverted-Pendulum-Fails-1-6-chunk-0215.smt2
[DEBUG] Predicted solver: Z3alpha for benchmark QF_NRA/meti-tarski/Nichols-Plot/Inverted-Pendulum/Nichols-Plot-Inverted-Pendulum-Fails-1-6-chunk-0215.smt2
[DEBUG] Benchmark QF_NRA/meti-tarski/Nichols-Plot/Inverted-Pendulum/Nichols-Plot-Inverted-Pendulum-Fails-1-6-chunk-0215.smt2: solved=True, runtime=0.28s, PAR-2=0.28s
[DEBUG] Processing 1931/2482: QF_NRA/20170501-Heizmann-UltimateInvariantSynthesis/functions1.i_3_5_2.bpl_9.smt2
[DEBUG] Predicted solver: SMTInterpol for benchmark QF_NRA/20170501-Heizmann-UltimateInvariantSynthesis/functions1.i_3_5_2.bpl_9.smt2
[DEBUG] Benchmark QF_NRA/20170501-Heizmann-UltimateInvariantSynthesis/functions1.i_3_5_2.bpl_9.smt2: solved=True, runtime=0.63s, PAR-2=0.63s
[DEBUG] Processing 1932/2482: QF_NRA/hycomp/ball_count_2d_hill_simple.10.redlog_global_10.smt2
[DEBUG] Predicted solver: SMTInterpol for benchmark QF_NRA/hycomp/ball_count_2d_hill_simple.10.redlog_global_10.smt2
[DEBUG] Benchmark QF_NRA/hycomp/ball_count_2d_hill_simple.10.redlog_global_10.smt2: solved=True, runtime=1.02s, PAR-2=1.02s
[DEBUG] Processing 1933/2482: QF_NRA/meti-tarski/asin/8/vars4/asin-8-vars4-chunk-0030.smt2
[DEBUG] Predicted solver: Z3alpha for benchmark QF_NRA/meti-tarski/asin/8/vars4/asin-8-vars4-chunk-0030.smt2
[DEBUG] Benchmark QF_NRA/meti-tarski/asin/8/vars4/asin-8-vars4-chunk-0030.smt2: solved=True, runtime=0.27s, PAR-2=0.27s
[DEBUG] Processing 1934/2482: QF_NRA/hycomp/ball_count_2d_hill_simple.02.seq_lazy_linear_enc_lemmas_global_12.smt2
[DEBUG] Predicted solver: SMTInterpol for benchmark QF_NRA/hycomp/ball_count_2d_hill_simple.02.seq_lazy_linear_enc_lemmas_global_12.smt2
[DEBUG] Benchmark QF_NRA/hycomp/ball_count_2d_hill_simple.02.seq_lazy_linear_enc_lemmas_global_12.smt2: solved=True, runtime=0.93s, PAR-2=0.93s
[DEBUG] Processing 1935/2482: QF_NRA/UltimateAutomizer/InVarSynth_doubleLoopUniformIterations.bpl_Iteration2_0.smt2
[DEBUG] Predicted solver: SMTInterpol for benchmark QF_NRA/UltimateAutomizer/InVarSynth_doubleLoopUniformIterations.bpl_Iteration2_0.smt2
[DEBUG] Benchmark QF_NRA/UltimateAutomizer/InVarSynth_doubleLoopUniformIterations.bpl_Iteration2_0.smt2: solved=True, runtime=0.52s, PAR-2=0.52s
[DEBUG] Processing 1936/2482: QF_NRA/LassoRanker/CooperatingT2/heidy7.t2.c_Iteration1_Loop_3-pieceTemplate.smt2
[DEBUG] Predicted solver: SMTInterpol for benchmark QF_NRA/LassoRanker/CooperatingT2/heidy7.t2.c_Iteration1_Loop_3-pieceTemplate.smt2
[DEBUG] Benchmark QF_NRA/LassoRanker/CooperatingT2/heidy7.t2.c_Iteration1_Loop_3-pieceTemplate.smt2: solved=True, runtime=1.13s, PAR-2=1.13s
[DEBUG] Processing 1937/2482: QF_NRA/meti-tarski/Chua/1/IL/L/Chua-1-IL-L-chunk-0119.smt2
[DEBUG] Predicted solver: Z3alpha for benchmark QF_NRA/meti-tarski/Chua/1/IL/L/Chua-1-IL-L-chunk-0119.smt2
[DEBUG] Benchmark QF_NRA/meti-tarski/Chua/1/IL/L/Chua-1-IL-L-chunk-0119.smt2: solved=True, runtime=0.27s, PAR-2=0.27s
[DEBUG] Processing 1938/2482: QF_NRA/hycomp/ball_count_2d_hill_simple.01.seq_lazy_linear_enc_lemmas_global_10.smt2
[DEBUG] Predicted solver: SMTInterpol for benchmark QF_NRA/hycomp/ball_count_2d_hill_simple.01.seq_lazy_linear_enc_lemmas_global_10.smt2
[DEBUG] Benchmark QF_NRA/hycomp/ball_count_2d_hill_simple.01.seq_lazy_linear_enc_lemmas_global_10.smt2: solved=True, runtime=0.88s, PAR-2=0.88s
[DEBUG] Processing 1939/2482: QF_NRA/meti-tarski/sqrt/1mcosq/7/sqrt-1mcosq-7-chunk-0019.smt2
[DEBUG] Predicted solver: Z3alpha for benchmark QF_NRA/meti-tarski/sqrt/1mcosq/7/sqrt-1mcosq-7-chunk-0019.smt2
[DEBUG] Benchmark QF_NRA/meti-tarski/sqrt/1mcosq/7/sqrt-1mcosq-7-chunk-0019.smt2: solved=True, runtime=0.27s, PAR-2=0.27s
[DEBUG] Processing 1940/2482: QF_NRA/zankl/matrix-2-all-25.smt2
[DEBUG] Predicted solver: SMTInterpol for benchmark QF_NRA/zankl/matrix-2-all-25.smt2
[DEBUG] Benchmark QF_NRA/zankl/matrix-2-all-25.smt2: solved=True, runtime=0.46s, PAR-2=0.46s
[DEBUG] Processing 1941/2482: QF_NRA/20161105-Sturm-MBO/mbo_E19E20.smt2
[DEBUG] Predicted solver: SMTInterpol for benchmark QF_NRA/20161105-Sturm-MBO/mbo_E19E20.smt2
[DEBUG] Benchmark QF_NRA/20161105-Sturm-MBO/mbo_E19E20.smt2: solved=True, runtime=0.76s, PAR-2=0.76s
[DEBUG] Processing 1942/2482: QF_NRA/meti-tarski/Chua/1/VC2/L/Chua-1-VC2-L-chunk-0045.smt2
[DEBUG] Predicted solver: Z3alpha for benchmark QF_NRA/meti-tarski/Chua/1/VC2/L/Chua-1-VC2-L-chunk-0045.smt2
[DEBUG] Benchmark QF_NRA/meti-tarski/Chua/1/VC2/L/Chua-1-VC2-L-chunk-0045.smt2: solved=True, runtime=0.27s, PAR-2=0.27s
[DEBUG] Processing 1943/2482: QF_NRA/meti-tarski/atan/vega/3/atan-vega-3-chunk-0428.smt2
[DEBUG] Predicted solver: SMTInterpol for benchmark QF_NRA/meti-tarski/atan/vega/3/atan-vega-3-chunk-0428.smt2
[DEBUG] Benchmark QF_NRA/meti-tarski/atan/vega/3/atan-vega-3-chunk-0428.smt2: solved=True, runtime=0.46s, PAR-2=0.46s
[DEBUG] Processing 1944/2482: QF_NRA/20211101-Geogebra/IsoRightTriangle-Bottema1_3b.smt2
[DEBUG] Predicted solver: Z3alpha for benchmark QF_NRA/20211101-Geogebra/IsoRightTriangle-Bottema1_3b.smt2
[DEBUG] Benchmark QF_NRA/20211101-Geogebra/IsoRightTriangle-Bottema1_3b.smt2: solved=True, runtime=0.27s, PAR-2=0.27s
[DEBUG] Processing 1945/2482: QF_NRA/meti-tarski/sin/problem/7/weak2/sin-problem-7-weak2-chunk-0094.smt2
[DEBUG] Predicted solver: Z3alpha for benchmark QF_NRA/meti-tarski/sin/problem/7/weak2/sin-problem-7-weak2-chunk-0094.smt2
[DEBUG] Benchmark QF_NRA/meti-tarski/sin/problem/7/weak2/sin-problem-7-weak2-chunk-0094.smt2: solved=True, runtime=0.27s, PAR-2=0.27s
[DEBUG] Processing 1946/2482: QF_NRA/LassoRanker/CooperatingT2/p-46.t2.c_Iteration2_Loop_2-pieceTemplate.smt2
[DEBUG] Predicted solver: SMTInterpol for benchmark QF_NRA/LassoRanker/CooperatingT2/p-46.t2.c_Iteration2_Loop_2-pieceTemplate.smt2
[DEBUG] Benchmark QF_NRA/LassoRanker/CooperatingT2/p-46.t2.c_Iteration2_Loop_2-pieceTemplate.smt2: solved=True, runtime=1.69s, PAR-2=1.69s
[DEBUG] Processing 1947/2482: QF_NRA/meti-tarski/Chua/2/VC1/U/Chua-2-VC1-U-chunk-0027.smt2
[DEBUG] Predicted solver: Z3alpha for benchmark QF_NRA/meti-tarski/Chua/2/VC1/U/Chua-2-VC1-U-chunk-0027.smt2
[DEBUG] Benchmark QF_NRA/meti-tarski/Chua/2/VC1/U/Chua-2-VC1-U-chunk-0027.smt2: solved=True, runtime=0.30s, PAR-2=0.30s
[DEBUG] Processing 1948/2482: QF_NRA/hycomp/ball_count_1d_plain.01.seq_lazy_linear_enc_global_14.smt2
[DEBUG] Predicted solver: SMTInterpol for benchmark QF_NRA/hycomp/ball_count_1d_plain.01.seq_lazy_linear_enc_global_14.smt2
[DEBUG] Benchmark QF_NRA/hycomp/ball_count_1d_plain.01.seq_lazy_linear_enc_global_14.smt2: solved=True, runtime=0.88s, PAR-2=0.88s
[DEBUG] Processing 1949/2482: QF_NRA/20161105-Sturm-MBO/mbo_E3E17.smt2
[DEBUG] Predicted solver: SMTInterpol for benchmark QF_NRA/20161105-Sturm-MBO/mbo_E3E17.smt2
[DEBUG] Benchmark QF_NRA/20161105-Sturm-MBO/mbo_E3E17.smt2: solved=True, runtime=2.06s, PAR-2=2.06s
[DEBUG] Processing 1950/2482: QF_NRA/meti-tarski/atan/problem/2/weakT/atan-problem-2-weakT-chunk-0025.smt2
[DEBUG] Predicted solver: Z3alpha for benchmark QF_NRA/meti-tarski/atan/problem/2/weakT/atan-problem-2-weakT-chunk-0025.smt2
[DEBUG] Benchmark QF_NRA/meti-tarski/atan/problem/2/weakT/atan-problem-2-weakT-chunk-0025.smt2: solved=True, runtime=0.31s, PAR-2=0.31s
[DEBUG] Processing 1951/2482: QF_NRA/meti-tarski/Chua/2/IL/L/Chua-2-IL-L-chunk-0046.smt2
[DEBUG] Predicted solver: Z3alpha for benchmark QF_NRA/meti-tarski/Chua/2/IL/L/Chua-2-IL-L-chunk-0046.smt2
[DEBUG] Benchmark QF_NRA/meti-tarski/Chua/2/IL/L/Chua-2-IL-L-chunk-0046.smt2: solved=True, runtime=0.36s, PAR-2=0.36s
[DEBUG] Processing 1952/2482: QF_NRA/meti-tarski/sqrt/1mcosq/8/sqrt-1mcosq-8-chunk-0281.smt2
[DEBUG] Predicted solver: Z3alpha for benchmark QF_NRA/meti-tarski/sqrt/1mcosq/8/sqrt-1mcosq-8-chunk-0281.smt2
[DEBUG] Benchmark QF_NRA/meti-tarski/sqrt/1mcosq/8/sqrt-1mcosq-8-chunk-0281.smt2: solved=True, runtime=0.29s, PAR-2=0.29s
[DEBUG] Processing 1953/2482: QF_NRA/20240407-pPDA-Chiari-Pontiggia-Winkler/certificate_no_hints/schelling_POMC_no_hints.smt2
[DEBUG] Predicted solver: SMTInterpol for benchmark QF_NRA/20240407-pPDA-Chiari-Pontiggia-Winkler/certificate_no_hints/schelling_POMC_no_hints.smt2
[DEBUG] Benchmark QF_NRA/20240407-pPDA-Chiari-Pontiggia-Winkler/certificate_no_hints/schelling_POMC_no_hints.smt2: solved=True, runtime=0.76s, PAR-2=0.76s
[DEBUG] Processing 1954/2482: QF_NRA/meti-tarski/cbrt/3/weak/cbrt-problem-3-weak-chunk-0116.smt2
[DEBUG] Predicted solver: Z3alpha for benchmark QF_NRA/meti-tarski/cbrt/3/weak/cbrt-problem-3-weak-chunk-0116.smt2
[DEBUG] Benchmark QF_NRA/meti-tarski/cbrt/3/weak/cbrt-problem-3-weak-chunk-0116.smt2: solved=True, runtime=0.27s, PAR-2=0.27s
[DEBUG] Processing 1955/2482: QF_NRA/LassoRanker/SV-COMP/LeeJonesBen-Amram-2001POPL-Ex5_true-termination.c_Iteration2_Loop_2-pieceTemplate.smt2
[DEBUG] Predicted solver: SMTInterpol for benchmark QF_NRA/LassoRanker/SV-COMP/LeeJonesBen-Amram-2001POPL-Ex5_true-termination.c_Iteration2_Loop_2-pieceTemplate.smt2
[DEBUG] Benchmark QF_NRA/LassoRanker/SV-COMP/LeeJonesBen-Amram-2001POPL-Ex5_true-termination.c_Iteration2_Loop_2-pieceTemplate.smt2: solved=True, runtime=1.58s, PAR-2=1.58s
[DEBUG] Processing 1956/2482: QF_NRA/meti-tarski/atan/vega/3/atan-vega-3-chunk-0306.smt2
[DEBUG] Predicted solver: Z3alpha for benchmark QF_NRA/meti-tarski/atan/vega/3/atan-vega-3-chunk-0306.smt2
[DEBUG] Benchmark QF_NRA/meti-tarski/atan/vega/3/atan-vega-3-chunk-0306.smt2: solved=True, runtime=0.27s, PAR-2=0.27s
[DEBUG] Processing 1957/2482: QF_NRA/meti-tarski/sqrt/problem/sqrt-problem-Melquiond2-chunk-0078.smt2
[DEBUG] Predicted solver: Z3alpha for benchmark QF_NRA/meti-tarski/sqrt/problem/sqrt-problem-Melquiond2-chunk-0078.smt2
[DEBUG] Benchmark QF_NRA/meti-tarski/sqrt/problem/sqrt-problem-Melquiond2-chunk-0078.smt2: solved=True, runtime=0.27s, PAR-2=0.27s
[DEBUG] Processing 1958/2482: QF_NRA/meti-tarski/exp/problem/10/2/exp-problem-10-2-chunk-0304.smt2
[DEBUG] Predicted solver: Z3alpha for benchmark QF_NRA/meti-tarski/exp/problem/10/2/exp-problem-10-2-chunk-0304.smt2
[DEBUG] Benchmark QF_NRA/meti-tarski/exp/problem/10/2/exp-problem-10-2-chunk-0304.smt2: solved=True, runtime=0.27s, PAR-2=0.27s
[DEBUG] Processing 1959/2482: QF_NRA/meti-tarski/sqrt/problem/sqrt-problem-Melquiond2-chunk-0075.smt2
[DEBUG] Predicted solver: Z3alpha for benchmark QF_NRA/meti-tarski/sqrt/problem/sqrt-problem-Melquiond2-chunk-0075.smt2
[DEBUG] Benchmark QF_NRA/meti-tarski/sqrt/problem/sqrt-problem-Melquiond2-chunk-0075.smt2: solved=True, runtime=0.27s, PAR-2=0.27s
[DEBUG] Processing 1960/2482: QF_NRA/hycomp/ball_count_2d_plain.04.seq_lazy_linear_enc_global_13.smt2
[DEBUG] Predicted solver: SMTInterpol for benchmark QF_NRA/hycomp/ball_count_2d_plain.04.seq_lazy_linear_enc_global_13.smt2
[DEBUG] Benchmark QF_NRA/hycomp/ball_count_2d_plain.04.seq_lazy_linear_enc_global_13.smt2: solved=True, runtime=1.02s, PAR-2=1.02s
[DEBUG] Processing 1961/2482: QF_NRA/hycomp/ball_count_2d_hill_simple.02.seq_lazy_lemmas_global_6.smt2
[DEBUG] Predicted solver: SMTInterpol for benchmark QF_NRA/hycomp/ball_count_2d_hill_simple.02.seq_lazy_lemmas_global_6.smt2
[DEBUG] Benchmark QF_NRA/hycomp/ball_count_2d_hill_simple.02.seq_lazy_lemmas_global_6.smt2: solved=True, runtime=0.79s, PAR-2=0.79s
[DEBUG] Processing 1962/2482: QF_NRA/meti-tarski/sqrt/problem/13/sqrt1/sqrt-problem-13-sqrt1-chunk-0039.smt2
[DEBUG] Predicted solver: Z3alpha for benchmark QF_NRA/meti-tarski/sqrt/problem/13/sqrt1/sqrt-problem-13-sqrt1-chunk-0039.smt2
[DEBUG] Benchmark QF_NRA/meti-tarski/sqrt/problem/13/sqrt1/sqrt-problem-13-sqrt1-chunk-0039.smt2: solved=True, runtime=0.27s, PAR-2=0.27s
[DEBUG] Processing 1963/2482: QF_NRA/LassoRanker/Ultimate/Mysore2.bpl_Iteration1_Loop_3-pieceTemplate.smt2
[DEBUG] Predicted solver: SMTInterpol for benchmark QF_NRA/LassoRanker/Ultimate/Mysore2.bpl_Iteration1_Loop_3-pieceTemplate.smt2
[DEBUG] Benchmark QF_NRA/LassoRanker/Ultimate/Mysore2.bpl_Iteration1_Loop_3-pieceTemplate.smt2: solved=True, runtime=0.77s, PAR-2=0.77s
[DEBUG] Processing 1964/2482: QF_NRA/hycomp/ball_count_2d_slope.02.seq_lazy_global_6.smt2
[DEBUG] Predicted solver: SMTInterpol for benchmark QF_NRA/hycomp/ball_count_2d_slope.02.seq_lazy_global_6.smt2
[DEBUG] Benchmark QF_NRA/hycomp/ball_count_2d_slope.02.seq_lazy_global_6.smt2: solved=True, runtime=0.89s, PAR-2=0.89s
[DEBUG] Processing 1965/2482: QF_NRA/hycomp/ball_count_2d_plain.03.seq_lazy_linear_enc_global_14.smt2
[DEBUG] Predicted solver: SMTInterpol for benchmark QF_NRA/hycomp/ball_count_2d_plain.03.seq_lazy_linear_enc_global_14.smt2
[DEBUG] Benchmark QF_NRA/hycomp/ball_count_2d_plain.03.seq_lazy_linear_enc_global_14.smt2: solved=True, runtime=0.92s, PAR-2=0.92s
[DEBUG] Processing 1966/2482: QF_NRA/LassoRanker/CooperatingT2/pentagon.t2.c_Iteration8_Loop_4-pieceTemplate.smt2
[DEBUG] Predicted solver: SMTInterpol for benchmark QF_NRA/LassoRanker/CooperatingT2/pentagon.t2.c_Iteration8_Loop_4-pieceTemplate.smt2
[DEBUG] Benchmark QF_NRA/LassoRanker/CooperatingT2/pentagon.t2.c_Iteration8_Loop_4-pieceTemplate.smt2: solved=True, runtime=0.96s, PAR-2=0.96s
[DEBUG] Processing 1967/2482: QF_NRA/LassoRanker/CooperatingT2/a.10.c.t2.c_Iteration5_Loop_4-pieceTemplate.smt2
[DEBUG] Predicted solver: SMTInterpol for benchmark QF_NRA/LassoRanker/CooperatingT2/a.10.c.t2.c_Iteration5_Loop_4-pieceTemplate.smt2
[DEBUG] Benchmark QF_NRA/LassoRanker/CooperatingT2/a.10.c.t2.c_Iteration5_Loop_4-pieceTemplate.smt2: solved=True, runtime=1.18s, PAR-2=1.18s
[DEBUG] Processing 1968/2482: QF_NRA/hycomp/ball_count_2d_plain.04.seq_lazy_linear_enc_global_8.smt2
[DEBUG] Predicted solver: SMTInterpol for benchmark QF_NRA/hycomp/ball_count_2d_plain.04.seq_lazy_linear_enc_global_8.smt2
[DEBUG] Benchmark QF_NRA/hycomp/ball_count_2d_plain.04.seq_lazy_linear_enc_global_8.smt2: solved=True, runtime=0.80s, PAR-2=0.80s
[DEBUG] Processing 1969/2482: QF_NRA/20211101-Geogebra/OposicionsSecundariaCatalunya2018-2_4b.smt2
[DEBUG] Predicted solver: SMTInterpol for benchmark QF_NRA/20211101-Geogebra/OposicionsSecundariaCatalunya2018-2_4b.smt2
[DEBUG] Benchmark QF_NRA/20211101-Geogebra/OposicionsSecundariaCatalunya2018-2_4b.smt2: solved=True, runtime=0.44s, PAR-2=0.44s
[DEBUG] Processing 1970/2482: QF_NRA/zankl/matrix-1-all-2.smt2
[DEBUG] Predicted solver: SMTInterpol for benchmark QF_NRA/zankl/matrix-1-all-2.smt2
[DEBUG] Benchmark QF_NRA/zankl/matrix-1-all-2.smt2: solved=True, runtime=0.43s, PAR-2=0.43s
[DEBUG] Processing 1971/2482: QF_NRA/meti-tarski/polypaver/bench-sqrt-3d/polypaver-bench-sqrt-3d-chunk-0446.smt2
[DEBUG] Predicted solver: Z3alpha for benchmark QF_NRA/meti-tarski/polypaver/bench-sqrt-3d/polypaver-bench-sqrt-3d-chunk-0446.smt2
[DEBUG] Benchmark QF_NRA/meti-tarski/polypaver/bench-sqrt-3d/polypaver-bench-sqrt-3d-chunk-0446.smt2: solved=True, runtime=0.27s, PAR-2=0.27s
[DEBUG] Processing 1972/2482: QF_NRA/hycomp/ball_count_2d_plain.03.qfree_global_14.smt2
[DEBUG] Predicted solver: SMTInterpol for benchmark QF_NRA/hycomp/ball_count_2d_plain.03.qfree_global_14.smt2
[DEBUG] Benchmark QF_NRA/hycomp/ball_count_2d_plain.03.qfree_global_14.smt2: solved=True, runtime=0.99s, PAR-2=0.99s
[DEBUG] Processing 1973/2482: QF_NRA/LassoRanker/Ultimate/Gulwani.bpl_Iteration1_Lasso_5-phaseTemplate.smt2
[DEBUG] Predicted solver: SMTInterpol for benchmark QF_NRA/LassoRanker/Ultimate/Gulwani.bpl_Iteration1_Lasso_5-phaseTemplate.smt2
[DEBUG] Benchmark QF_NRA/LassoRanker/Ultimate/Gulwani.bpl_Iteration1_Lasso_5-phaseTemplate.smt2: solved=True, runtime=3.15s, PAR-2=3.15s
[DEBUG] Processing 1974/2482: QF_NRA/20200911-Pine/1599122164470280000.smt2
[DEBUG] Predicted solver: Z3alpha for benchmark QF_NRA/20200911-Pine/1599122164470280000.smt2
[DEBUG] Benchmark QF_NRA/20200911-Pine/1599122164470280000.smt2: solved=True, runtime=0.29s, PAR-2=0.29s
[DEBUG] Processing 1975/2482: QF_NRA/meti-tarski/Chua/1/IL/L/Chua-1-IL-L-chunk-0082.smt2
[DEBUG] Predicted solver: Z3alpha for benchmark QF_NRA/meti-tarski/Chua/1/IL/L/Chua-1-IL-L-chunk-0082.smt2
[DEBUG] Benchmark QF_NRA/meti-tarski/Chua/1/IL/L/Chua-1-IL-L-chunk-0082.smt2: solved=True, runtime=0.27s, PAR-2=0.27s
[DEBUG] Processing 1976/2482: QF_NRA/20161105-Sturm-MBO/mbo_E2E27.smt2
[DEBUG] Predicted solver: SMTInterpol for benchmark QF_NRA/20161105-Sturm-MBO/mbo_E2E27.smt2
[DEBUG] Benchmark QF_NRA/20161105-Sturm-MBO/mbo_E2E27.smt2: solved=True, runtime=1.10s, PAR-2=1.10s
[DEBUG] Processing 1977/2482: QF_NRA/meti-tarski/atan/problem/1/atan-problem-1-chunk-0080.smt2
[DEBUG] Predicted solver: Z3alpha for benchmark QF_NRA/meti-tarski/atan/problem/1/atan-problem-1-chunk-0080.smt2
[DEBUG] Benchmark QF_NRA/meti-tarski/atan/problem/1/atan-problem-1-chunk-0080.smt2: solved=True, runtime=0.28s, PAR-2=0.28s
[DEBUG] Processing 1978/2482: QF_NRA/hycomp/ball_count_1d_plain.03.seq_lazy_linear_enc_lemmas_global_6.smt2
[DEBUG] Predicted solver: SMTInterpol for benchmark QF_NRA/hycomp/ball_count_1d_plain.03.seq_lazy_linear_enc_lemmas_global_6.smt2
[DEBUG] Benchmark QF_NRA/hycomp/ball_count_1d_plain.03.seq_lazy_linear_enc_lemmas_global_6.smt2: solved=True, runtime=0.77s, PAR-2=0.77s
[DEBUG] Processing 1979/2482: QF_NRA/LassoRanker/Ultimate/BenAmram-2010LMCS-Ex2.3.bpl_Iteration1_Lasso_4-pieceTemplate.smt2
[DEBUG] Predicted solver: SMTInterpol for benchmark QF_NRA/LassoRanker/Ultimate/BenAmram-2010LMCS-Ex2.3.bpl_Iteration1_Lasso_4-pieceTemplate.smt2
[DEBUG] Benchmark QF_NRA/LassoRanker/Ultimate/BenAmram-2010LMCS-Ex2.3.bpl_Iteration1_Lasso_4-pieceTemplate.smt2: solved=True, runtime=3.19s, PAR-2=3.19s
[DEBUG] Processing 1980/2482: QF_NRA/LassoRanker/CooperatingT2/spiral.t2.c_Iteration5_Loop_4-pieceTemplate.smt2
[DEBUG] Predicted solver: SMTInterpol for benchmark QF_NRA/LassoRanker/CooperatingT2/spiral.t2.c_Iteration5_Loop_4-pieceTemplate.smt2
[DEBUG] Benchmark QF_NRA/LassoRanker/CooperatingT2/spiral.t2.c_Iteration5_Loop_4-pieceTemplate.smt2: solved=True, runtime=1.48s, PAR-2=1.48s
[DEBUG] Processing 1981/2482: QF_NRA/20161105-Sturm-MBO/mbo_E16E21.smt2
[DEBUG] Predicted solver: SMTInterpol for benchmark QF_NRA/20161105-Sturm-MBO/mbo_E16E21.smt2
[DEBUG] Benchmark QF_NRA/20161105-Sturm-MBO/mbo_E16E21.smt2: solved=True, runtime=0.59s, PAR-2=0.59s
[DEBUG] Processing 1982/2482: QF_NRA/meti-tarski/exp/problem/10/3/weak/exp-problem-10-3-weak-chunk-0040.smt2
[DEBUG] Predicted solver: Z3alpha for benchmark QF_NRA/meti-tarski/exp/problem/10/3/weak/exp-problem-10-3-weak-chunk-0040.smt2
[DEBUG] Benchmark QF_NRA/meti-tarski/exp/problem/10/3/weak/exp-problem-10-3-weak-chunk-0040.smt2: solved=True, runtime=0.31s, PAR-2=0.31s
[DEBUG] Processing 1983/2482: QF_NRA/meti-tarski/atan/vega/3/atan-vega-3-chunk-0109.smt2
[DEBUG] Predicted solver: Z3alpha for benchmark QF_NRA/meti-tarski/atan/vega/3/atan-vega-3-chunk-0109.smt2
[DEBUG] Benchmark QF_NRA/meti-tarski/atan/vega/3/atan-vega-3-chunk-0109.smt2: solved=True, runtime=0.30s, PAR-2=0.30s
[DEBUG] Processing 1984/2482: QF_NRA/zankl/matrix-2-all-4.smt2
[DEBUG] Predicted solver: SMTInterpol for benchmark QF_NRA/zankl/matrix-2-all-4.smt2
[DEBUG] Benchmark QF_NRA/zankl/matrix-2-all-4.smt2: solved=True, runtime=0.51s, PAR-2=0.51s
[DEBUG] Processing 1985/2482: QF_NRA/hycomp/ball_count_2d_hill_simple.10.seq_lazy_linear_enc_global_15.smt2
[DEBUG] Predicted solver: Yices2 for benchmark QF_NRA/hycomp/ball_count_2d_hill_simple.10.seq_lazy_linear_enc_global_15.smt2
[DEBUG] Benchmark QF_NRA/hycomp/ball_count_2d_hill_simple.10.seq_lazy_linear_enc_global_15.smt2: solved=True, runtime=0.24s, PAR-2=0.24s
[DEBUG] Processing 1986/2482: QF_NRA/meti-tarski/exp/problem/10/2/exp-problem-10-2-chunk-0174.smt2
[DEBUG] Predicted solver: Z3alpha for benchmark QF_NRA/meti-tarski/exp/problem/10/2/exp-problem-10-2-chunk-0174.smt2
[DEBUG] Benchmark QF_NRA/meti-tarski/exp/problem/10/2/exp-problem-10-2-chunk-0174.smt2: solved=True, runtime=0.27s, PAR-2=0.27s
[DEBUG] Processing 1987/2482: QF_NRA/zankl/matrix-1-all-23.smt2
[DEBUG] Predicted solver: SMTInterpol for benchmark QF_NRA/zankl/matrix-1-all-23.smt2
[DEBUG] Benchmark QF_NRA/zankl/matrix-1-all-23.smt2: solved=True, runtime=0.50s, PAR-2=0.50s
[DEBUG] Processing 1988/2482: QF_NRA/hycomp/ball_count_2d_plain.01.seq_lazy_lemmas_global_15.smt2
[DEBUG] Predicted solver: Yices2 for benchmark QF_NRA/hycomp/ball_count_2d_plain.01.seq_lazy_lemmas_global_15.smt2
[DEBUG] Benchmark QF_NRA/hycomp/ball_count_2d_plain.01.seq_lazy_lemmas_global_15.smt2: solved=True, runtime=0.25s, PAR-2=0.25s
[DEBUG] Processing 1989/2482: QF_NRA/20200911-Pine/1599122165825193000.smt2
[DEBUG] Predicted solver: Z3alpha for benchmark QF_NRA/20200911-Pine/1599122165825193000.smt2
[DEBUG] Benchmark QF_NRA/20200911-Pine/1599122165825193000.smt2: solved=True, runtime=0.28s, PAR-2=0.28s
[DEBUG] Processing 1990/2482: QF_NRA/20211101-Geogebra/Triangle-Bottema1_14.smt2
[DEBUG] Predicted solver: SMTInterpol for benchmark QF_NRA/20211101-Geogebra/Triangle-Bottema1_14.smt2
[DEBUG] Benchmark QF_NRA/20211101-Geogebra/Triangle-Bottema1_14.smt2: solved=True, runtime=0.41s, PAR-2=0.41s
[DEBUG] Processing 1991/2482: QF_NRA/meti-tarski/sin/problem/7/sin-problem-7-chunk-0178.smt2
[DEBUG] Predicted solver: Z3alpha for benchmark QF_NRA/meti-tarski/sin/problem/7/sin-problem-7-chunk-0178.smt2
[DEBUG] Benchmark QF_NRA/meti-tarski/sin/problem/7/sin-problem-7-chunk-0178.smt2: solved=True, runtime=0.27s, PAR-2=0.27s
[DEBUG] Processing 1992/2482: QF_NRA/hycomp/ball_count_2d_plain.02.seq_lazy_lemmas_global_13.smt2
[DEBUG] Predicted solver: SMTInterpol for benchmark QF_NRA/hycomp/ball_count_2d_plain.02.seq_lazy_lemmas_global_13.smt2
[DEBUG] Benchmark QF_NRA/hycomp/ball_count_2d_plain.02.seq_lazy_lemmas_global_13.smt2: solved=True, runtime=1.07s, PAR-2=1.07s
[DEBUG] Processing 1993/2482: QF_NRA/meti-tarski/sqrt/1mcosq/8/sqrt-1mcosq-8-chunk-0173.smt2
[DEBUG] Predicted solver: Z3alpha for benchmark QF_NRA/meti-tarski/sqrt/1mcosq/8/sqrt-1mcosq-8-chunk-0173.smt2
[DEBUG] Benchmark QF_NRA/meti-tarski/sqrt/1mcosq/8/sqrt-1mcosq-8-chunk-0173.smt2: solved=True, runtime=0.27s, PAR-2=0.27s
[DEBUG] Processing 1994/2482: QF_NRA/LassoRanker/SV-COMP/Masse_true-termination.c_Iteration1_Loop_2-pieceTemplate.smt2
[DEBUG] Predicted solver: SMTInterpol for benchmark QF_NRA/LassoRanker/SV-COMP/Masse_true-termination.c_Iteration1_Loop_2-pieceTemplate.smt2
[DEBUG] Benchmark QF_NRA/LassoRanker/SV-COMP/Masse_true-termination.c_Iteration1_Loop_2-pieceTemplate.smt2: solved=True, runtime=1.81s, PAR-2=1.81s
[DEBUG] Processing 1995/2482: QF_NRA/LassoRanker/SV-COMP/KroeningSharyginaTsitovichWintersteiger-2010CAV-Fig1_true-termination.c_Iteration1_Lasso_2-pieceTemplate.smt2
[DEBUG] Predicted solver: Yices2 for benchmark QF_NRA/LassoRanker/SV-COMP/KroeningSharyginaTsitovichWintersteiger-2010CAV-Fig1_true-termination.c_Iteration1_Lasso_2-pieceTemplate.smt2
[DEBUG] Benchmark QF_NRA/LassoRanker/SV-COMP/KroeningSharyginaTsitovichWintersteiger-2010CAV-Fig1_true-termination.c_Iteration1_Lasso_2-pieceTemplate.smt2: solved=True, runtime=71.32s, PAR-2=71.32s
[DEBUG] Processing 1996/2482: QF_NRA/20220314-Uncu/Rational_Function_Proof_Calls_With_Basic_Denominator_Simplifications/BDC_ProveIneq_ISSAC10_ex1e.smt2
[DEBUG] Predicted solver: Yices2 for benchmark QF_NRA/20220314-Uncu/Rational_Function_Proof_Calls_With_Basic_Denominator_Simplifications/BDC_ProveIneq_ISSAC10_ex1e.smt2
[DEBUG] Benchmark QF_NRA/20220314-Uncu/Rational_Function_Proof_Calls_With_Basic_Denominator_Simplifications/BDC_ProveIneq_ISSAC10_ex1e.smt2: solved=True, runtime=0.24s, PAR-2=0.24s
[DEBUG] Processing 1997/2482: QF_NRA/meti-tarski/sin/cos/sin-cos-346-b-chunk-0291.smt2
[DEBUG] Predicted solver: Z3alpha for benchmark QF_NRA/meti-tarski/sin/cos/sin-cos-346-b-chunk-0291.smt2
[DEBUG] Benchmark QF_NRA/meti-tarski/sin/cos/sin-cos-346-b-chunk-0291.smt2: solved=True, runtime=0.27s, PAR-2=0.27s
[DEBUG] Processing 1998/2482: QF_NRA/20220314-Uncu/Rational_Function_Proof_Calls_With_Disjunctive_Denominator_Simplifications/DDC_ProveIneq_ISSAC10_ex4d.smt2
[DEBUG] Predicted solver: Yices2 for benchmark QF_NRA/20220314-Uncu/Rational_Function_Proof_Calls_With_Disjunctive_Denominator_Simplifications/DDC_ProveIneq_ISSAC10_ex4d.smt2
[DEBUG] Benchmark QF_NRA/20220314-Uncu/Rational_Function_Proof_Calls_With_Disjunctive_Denominator_Simplifications/DDC_ProveIneq_ISSAC10_ex4d.smt2: solved=True, runtime=0.25s, PAR-2=0.25s
[DEBUG] Processing 1999/2482: QF_NRA/LassoRanker/CooperatingT2/afagp-fail.t2.c_Iteration1_Lasso_3-pieceTemplate.smt2
[DEBUG] Predicted solver: SMTInterpol for benchmark QF_NRA/LassoRanker/CooperatingT2/afagp-fail.t2.c_Iteration1_Lasso_3-pieceTemplate.smt2
[DEBUG] Benchmark QF_NRA/LassoRanker/CooperatingT2/afagp-fail.t2.c_Iteration1_Lasso_3-pieceTemplate.smt2: solved=True, runtime=1.51s, PAR-2=1.51s
[DEBUG] Processing 2000/2482: QF_NRA/LassoRanker/SV-COMP/min_rf_true-termination.c_Iteration1_Lasso_4-lexTemplate.smt2
[DEBUG] Predicted solver: SMTInterpol for benchmark QF_NRA/LassoRanker/SV-COMP/min_rf_true-termination.c_Iteration1_Lasso_4-lexTemplate.smt2
[DEBUG] Benchmark QF_NRA/LassoRanker/SV-COMP/min_rf_true-termination.c_Iteration1_Lasso_4-lexTemplate.smt2: solved=True, runtime=2.98s, PAR-2=2.98s
[DEBUG] Processing 2001/2482: QF_NRA/hycomp/ball_count_2d_slope.01.seq_lazy_lemmas_global_14.smt2
[DEBUG] Predicted solver: SMTInterpol for benchmark QF_NRA/hycomp/ball_count_2d_slope.01.seq_lazy_lemmas_global_14.smt2
[DEBUG] Benchmark QF_NRA/hycomp/ball_count_2d_slope.01.seq_lazy_lemmas_global_14.smt2: solved=True, runtime=1.39s, PAR-2=1.39s
[DEBUG] Processing 2002/2482: QF_NRA/meti-tarski/atan/vega/3/weak/atan-vega-3-weak-chunk-0722.smt2
[DEBUG] Predicted solver: Z3alpha for benchmark QF_NRA/meti-tarski/atan/vega/3/weak/atan-vega-3-weak-chunk-0722.smt2
[DEBUG] Benchmark QF_NRA/meti-tarski/atan/vega/3/weak/atan-vega-3-weak-chunk-0722.smt2: solved=True, runtime=0.32s, PAR-2=0.32s
[DEBUG] Processing 2003/2482: QF_NRA/20180501-Economics-Mulligan/MulliganEconomicsModel0053a.smt2
[DEBUG] Predicted solver: Yices2 for benchmark QF_NRA/20180501-Economics-Mulligan/MulliganEconomicsModel0053a.smt2
[DEBUG] Benchmark QF_NRA/20180501-Economics-Mulligan/MulliganEconomicsModel0053a.smt2: solved=True, runtime=0.23s, PAR-2=0.23s
[DEBUG] Processing 2004/2482: QF_NRA/meti-tarski/Nichols-Plot/Inverted-Pendulum/Nichols-Plot-Inverted-Pendulum-Fails-1-6-chunk-0028.smt2
[DEBUG] Predicted solver: Z3alpha for benchmark QF_NRA/meti-tarski/Nichols-Plot/Inverted-Pendulum/Nichols-Plot-Inverted-Pendulum-Fails-1-6-chunk-0028.smt2
[DEBUG] Benchmark QF_NRA/meti-tarski/Nichols-Plot/Inverted-Pendulum/Nichols-Plot-Inverted-Pendulum-Fails-1-6-chunk-0028.smt2: solved=True, runtime=0.30s, PAR-2=0.30s
[DEBUG] Processing 2005/2482: QF_NRA/hycomp/ball_count_2d_plain.03.seq_lazy_linear_enc_lemmas_global_12.smt2
[DEBUG] Predicted solver: SMTInterpol for benchmark QF_NRA/hycomp/ball_count_2d_plain.03.seq_lazy_linear_enc_lemmas_global_12.smt2
[DEBUG] Benchmark QF_NRA/hycomp/ball_count_2d_plain.03.seq_lazy_linear_enc_lemmas_global_12.smt2: solved=True, runtime=0.93s, PAR-2=0.93s
[DEBUG] Processing 2006/2482: QF_NRA/hycomp/ball_count_1d_plain.04.seq_lazy_linear_enc_global_9.smt2
[DEBUG] Predicted solver: SMTInterpol for benchmark QF_NRA/hycomp/ball_count_1d_plain.04.seq_lazy_linear_enc_global_9.smt2
[DEBUG] Benchmark QF_NRA/hycomp/ball_count_1d_plain.04.seq_lazy_linear_enc_global_9.smt2: solved=True, runtime=0.87s, PAR-2=0.87s
[DEBUG] Processing 2007/2482: QF_NRA/hycomp/ball_count_2d_hill_simple.03.seq_lazy_linear_enc_lemmas_global_10.smt2
[DEBUG] Predicted solver: SMTInterpol for benchmark QF_NRA/hycomp/ball_count_2d_hill_simple.03.seq_lazy_linear_enc_lemmas_global_10.smt2
[DEBUG] Benchmark QF_NRA/hycomp/ball_count_2d_hill_simple.03.seq_lazy_linear_enc_lemmas_global_10.smt2: solved=True, runtime=0.89s, PAR-2=0.89s
[DEBUG] Processing 2008/2482: QF_NRA/hycomp/ball_count_2d_hill_simple.02.seq_lazy_global_12.smt2
[DEBUG] Predicted solver: SMTInterpol for benchmark QF_NRA/hycomp/ball_count_2d_hill_simple.02.seq_lazy_global_12.smt2
[DEBUG] Benchmark QF_NRA/hycomp/ball_count_2d_hill_simple.02.seq_lazy_global_12.smt2: solved=True, runtime=0.89s, PAR-2=0.89s
[DEBUG] Processing 2009/2482: QF_NRA/LassoRanker/CooperatingT2/byron-2.t2.c_Iteration2_Loop_4-pieceTemplate.smt2
[DEBUG] Predicted solver: SMTInterpol for benchmark QF_NRA/LassoRanker/CooperatingT2/byron-2.t2.c_Iteration2_Loop_4-pieceTemplate.smt2
[DEBUG] Benchmark QF_NRA/LassoRanker/CooperatingT2/byron-2.t2.c_Iteration2_Loop_4-pieceTemplate.smt2: solved=True, runtime=3.82s, PAR-2=3.82s
[DEBUG] Processing 2010/2482: QF_NRA/LassoRanker/CooperatingT2/nested.t2.c_Iteration4_Loop_3-pieceTemplate.smt2
[DEBUG] Predicted solver: SMTInterpol for benchmark QF_NRA/LassoRanker/CooperatingT2/nested.t2.c_Iteration4_Loop_3-pieceTemplate.smt2
[DEBUG] Benchmark QF_NRA/LassoRanker/CooperatingT2/nested.t2.c_Iteration4_Loop_3-pieceTemplate.smt2: solved=True, runtime=0.90s, PAR-2=0.90s
[DEBUG] Processing 2011/2482: QF_NRA/kissing/kissing_2_7.smt2
[DEBUG] Predicted solver: SMTInterpol for benchmark QF_NRA/kissing/kissing_2_7.smt2
[DEBUG] Benchmark QF_NRA/kissing/kissing_2_7.smt2: solved=True, runtime=0.46s, PAR-2=0.46s
[DEBUG] Processing 2012/2482: QF_NRA/20200911-Pine/1599121863418601000.smt2
[DEBUG] Predicted solver: Z3alpha for benchmark QF_NRA/20200911-Pine/1599121863418601000.smt2
[DEBUG] Benchmark QF_NRA/20200911-Pine/1599121863418601000.smt2: solved=True, runtime=0.31s, PAR-2=0.31s
[DEBUG] Processing 2013/2482: QF_NRA/20161105-Sturm-MBO/mbo_E19E22.smt2
[DEBUG] Predicted solver: SMTInterpol for benchmark QF_NRA/20161105-Sturm-MBO/mbo_E19E22.smt2
[DEBUG] Benchmark QF_NRA/20161105-Sturm-MBO/mbo_E19E22.smt2: solved=True, runtime=1.89s, PAR-2=1.89s
[DEBUG] Processing 2014/2482: QF_NRA/hycomp/ball_count_2d_hill_simple.05.redlog_global_6.smt2
[DEBUG] Predicted solver: SMTInterpol for benchmark QF_NRA/hycomp/ball_count_2d_hill_simple.05.redlog_global_6.smt2
[DEBUG] Benchmark QF_NRA/hycomp/ball_count_2d_hill_simple.05.redlog_global_6.smt2: solved=True, runtime=0.89s, PAR-2=0.89s
[DEBUG] Processing 2015/2482: QF_NRA/hycomp/ball_count_2d_slope.01.seq_lazy_global_14.smt2
[DEBUG] Predicted solver: SMTInterpol for benchmark QF_NRA/hycomp/ball_count_2d_slope.01.seq_lazy_global_14.smt2
[DEBUG] Benchmark QF_NRA/hycomp/ball_count_2d_slope.01.seq_lazy_global_14.smt2: solved=True, runtime=1.24s, PAR-2=1.24s
[DEBUG] Processing 2016/2482: QF_NRA/meti-tarski/sqrt/1mcosq/8/sqrt-1mcosq-8-chunk-0434.smt2
[DEBUG] Predicted solver: Z3alpha for benchmark QF_NRA/meti-tarski/sqrt/1mcosq/8/sqrt-1mcosq-8-chunk-0434.smt2
[DEBUG] Benchmark QF_NRA/meti-tarski/sqrt/1mcosq/8/sqrt-1mcosq-8-chunk-0434.smt2: solved=True, runtime=0.31s, PAR-2=0.31s
[DEBUG] Processing 2017/2482: QF_NRA/hycomp/ball_count_2d_slope.10.seq_lazy_lemmas_global_6.smt2
[DEBUG] Predicted solver: SMTInterpol for benchmark QF_NRA/hycomp/ball_count_2d_slope.10.seq_lazy_lemmas_global_6.smt2
[DEBUG] Benchmark QF_NRA/hycomp/ball_count_2d_slope.10.seq_lazy_lemmas_global_6.smt2: solved=True, runtime=1.16s, PAR-2=1.16s
[DEBUG] Processing 2018/2482: QF_NRA/hycomp/ball_count_2d_slope.03.seq_lazy_global_14.smt2
[DEBUG] Predicted solver: SMTInterpol for benchmark QF_NRA/hycomp/ball_count_2d_slope.03.seq_lazy_global_14.smt2
[DEBUG] Benchmark QF_NRA/hycomp/ball_count_2d_slope.03.seq_lazy_global_14.smt2: solved=True, runtime=1.20s, PAR-2=1.20s
[DEBUG] Processing 2019/2482: QF_NRA/meti-tarski/atan/problem/2/weak/atan-problem-2-weak-chunk-0066.smt2
[DEBUG] Predicted solver: Z3alpha for benchmark QF_NRA/meti-tarski/atan/problem/2/weak/atan-problem-2-weak-chunk-0066.smt2
[DEBUG] Benchmark QF_NRA/meti-tarski/atan/problem/2/weak/atan-problem-2-weak-chunk-0066.smt2: solved=True, runtime=0.28s, PAR-2=0.28s
[DEBUG] Processing 2020/2482: QF_NRA/hycomp/ball_count_2d_hill.05.seq_lazy_linear_enc_global_6.smt2
[DEBUG] Predicted solver: SMTInterpol for benchmark QF_NRA/hycomp/ball_count_2d_hill.05.seq_lazy_linear_enc_global_6.smt2
[DEBUG] Benchmark QF_NRA/hycomp/ball_count_2d_hill.05.seq_lazy_linear_enc_global_6.smt2: solved=True, runtime=0.90s, PAR-2=0.90s
[DEBUG] Processing 2021/2482: QF_NRA/zankl/matrix-1-all-5.smt2
[DEBUG] Predicted solver: SMTInterpol for benchmark QF_NRA/zankl/matrix-1-all-5.smt2
[DEBUG] Benchmark QF_NRA/zankl/matrix-1-all-5.smt2: solved=True, runtime=0.51s, PAR-2=0.51s
[DEBUG] Processing 2022/2482: QF_NRA/20161105-Sturm-MBO/mbo_E6E14.smt2
[DEBUG] Predicted solver: SMTInterpol for benchmark QF_NRA/20161105-Sturm-MBO/mbo_E6E14.smt2
[DEBUG] Benchmark QF_NRA/20161105-Sturm-MBO/mbo_E6E14.smt2: solved=True, runtime=2.70s, PAR-2=2.70s
[DEBUG] Processing 2023/2482: QF_NRA/meti-tarski/polypaver/bench-sqrt-3d/polypaver-bench-sqrt-3d-chunk-0336.smt2
[DEBUG] Predicted solver: Z3alpha for benchmark QF_NRA/meti-tarski/polypaver/bench-sqrt-3d/polypaver-bench-sqrt-3d-chunk-0336.smt2
[DEBUG] Benchmark QF_NRA/meti-tarski/polypaver/bench-sqrt-3d/polypaver-bench-sqrt-3d-chunk-0336.smt2: solved=True, runtime=0.27s, PAR-2=0.27s
[DEBUG] Processing 2024/2482: QF_NRA/meti-tarski/sqrt/1mcosq/7/sqrt-1mcosq-7-chunk-0193.smt2
[DEBUG] Predicted solver: Z3alpha for benchmark QF_NRA/meti-tarski/sqrt/1mcosq/7/sqrt-1mcosq-7-chunk-0193.smt2
[DEBUG] Benchmark QF_NRA/meti-tarski/sqrt/1mcosq/7/sqrt-1mcosq-7-chunk-0193.smt2: solved=True, runtime=0.28s, PAR-2=0.28s
[DEBUG] Processing 2025/2482: QF_NRA/hycomp/ball_count_2d_slope.05.seq_lazy_global_5.smt2
[DEBUG] Predicted solver: SMTInterpol for benchmark QF_NRA/hycomp/ball_count_2d_slope.05.seq_lazy_global_5.smt2
[DEBUG] Benchmark QF_NRA/hycomp/ball_count_2d_slope.05.seq_lazy_global_5.smt2: solved=True, runtime=0.98s, PAR-2=0.98s
[DEBUG] Processing 2026/2482: QF_NRA/hycomp/ball_count_2d_hill.04.seq_lazy_linear_enc_lemmas_global_8.smt2
[DEBUG] Predicted solver: SMTInterpol for benchmark QF_NRA/hycomp/ball_count_2d_hill.04.seq_lazy_linear_enc_lemmas_global_8.smt2
[DEBUG] Benchmark QF_NRA/hycomp/ball_count_2d_hill.04.seq_lazy_linear_enc_lemmas_global_8.smt2: solved=True, runtime=0.95s, PAR-2=0.95s
[DEBUG] Processing 2027/2482: QF_NRA/hycomp/ball_count_2d_hill_simple.04.seq_lazy_linear_enc_lemmas_global_12.smt2
[DEBUG] Predicted solver: SMTInterpol for benchmark QF_NRA/hycomp/ball_count_2d_hill_simple.04.seq_lazy_linear_enc_lemmas_global_12.smt2
[DEBUG] Benchmark QF_NRA/hycomp/ball_count_2d_hill_simple.04.seq_lazy_linear_enc_lemmas_global_12.smt2: solved=True, runtime=1.12s, PAR-2=1.12s
[DEBUG] Processing 2028/2482: QF_NRA/hycomp/ball_count_2d_hill_simple.05.redlog_global_10.smt2
[DEBUG] Predicted solver: SMTInterpol for benchmark QF_NRA/hycomp/ball_count_2d_hill_simple.05.redlog_global_10.smt2
[DEBUG] Benchmark QF_NRA/hycomp/ball_count_2d_hill_simple.05.redlog_global_10.smt2: solved=True, runtime=0.92s, PAR-2=0.92s
[DEBUG] Processing 2029/2482: QF_NRA/hycomp/ball_count_2d_plain.03.qfree_global_9.smt2
[DEBUG] Predicted solver: SMTInterpol for benchmark QF_NRA/hycomp/ball_count_2d_plain.03.qfree_global_9.smt2
[DEBUG] Benchmark QF_NRA/hycomp/ball_count_2d_plain.03.qfree_global_9.smt2: solved=True, runtime=0.90s, PAR-2=0.90s
[DEBUG] Processing 2030/2482: QF_NRA/meti-tarski/CONVOI2/CONVOI2-chunk-0025.smt2
[DEBUG] Predicted solver: Z3alpha for benchmark QF_NRA/meti-tarski/CONVOI2/CONVOI2-chunk-0025.smt2
[DEBUG] Benchmark QF_NRA/meti-tarski/CONVOI2/CONVOI2-chunk-0025.smt2: solved=True, runtime=0.27s, PAR-2=0.27s
[DEBUG] Processing 2031/2482: QF_NRA/meti-tarski/Chua/1/VC2/U/Chua-1-VC2-U-chunk-0162.smt2
[DEBUG] Predicted solver: Z3alpha for benchmark QF_NRA/meti-tarski/Chua/1/VC2/U/Chua-1-VC2-U-chunk-0162.smt2
[DEBUG] Benchmark QF_NRA/meti-tarski/Chua/1/VC2/U/Chua-1-VC2-U-chunk-0162.smt2: solved=True, runtime=0.74s, PAR-2=0.74s
[DEBUG] Processing 2032/2482: QF_NRA/hycomp/ball_count_2d_hill_simple.04.seq_lazy_lemmas_global_4.smt2
[DEBUG] Predicted solver: SMTInterpol for benchmark QF_NRA/hycomp/ball_count_2d_hill_simple.04.seq_lazy_lemmas_global_4.smt2
[DEBUG] Benchmark QF_NRA/hycomp/ball_count_2d_hill_simple.04.seq_lazy_lemmas_global_4.smt2: solved=True, runtime=0.77s, PAR-2=0.77s
[DEBUG] Processing 2033/2482: QF_NRA/meti-tarski/CMOS/CMOS-opamp-chunk-0180.smt2
[DEBUG] Predicted solver: Z3alpha for benchmark QF_NRA/meti-tarski/CMOS/CMOS-opamp-chunk-0180.smt2
[DEBUG] Benchmark QF_NRA/meti-tarski/CMOS/CMOS-opamp-chunk-0180.smt2: solved=True, runtime=0.48s, PAR-2=0.48s
[DEBUG] Processing 2034/2482: QF_NRA/meti-tarski/sqrt/1mcosq/8/sqrt-1mcosq-8-chunk-0637.smt2
[DEBUG] Predicted solver: Z3alpha for benchmark QF_NRA/meti-tarski/sqrt/1mcosq/8/sqrt-1mcosq-8-chunk-0637.smt2
[DEBUG] Benchmark QF_NRA/meti-tarski/sqrt/1mcosq/8/sqrt-1mcosq-8-chunk-0637.smt2: solved=True, runtime=0.30s, PAR-2=0.30s
[DEBUG] Processing 2035/2482: QF_NRA/hycomp/ball_count_2d_plain.04.seq_lazy_global_10.smt2
[DEBUG] Predicted solver: SMTInterpol for benchmark QF_NRA/hycomp/ball_count_2d_plain.04.seq_lazy_global_10.smt2
[DEBUG] Benchmark QF_NRA/hycomp/ball_count_2d_plain.04.seq_lazy_global_10.smt2: solved=True, runtime=0.86s, PAR-2=0.86s
[DEBUG] Processing 2036/2482: QF_NRA/20200911-Pine/1599121905853387000.smt2
[DEBUG] Predicted solver: Z3alpha for benchmark QF_NRA/20200911-Pine/1599121905853387000.smt2
[DEBUG] Benchmark QF_NRA/20200911-Pine/1599121905853387000.smt2: solved=True, runtime=0.29s, PAR-2=0.29s
[DEBUG] Processing 2037/2482: QF_NRA/20161105-Sturm-MBO/mbo_E5E25.smt2
[DEBUG] Predicted solver: SMTInterpol for benchmark QF_NRA/20161105-Sturm-MBO/mbo_E5E25.smt2
[DEBUG] Benchmark QF_NRA/20161105-Sturm-MBO/mbo_E5E25.smt2: solved=True, runtime=2.37s, PAR-2=2.37s
[DEBUG] Processing 2038/2482: QF_NRA/20200911-Pine/1599122165894911000.smt2
[DEBUG] Predicted solver: Z3alpha for benchmark QF_NRA/20200911-Pine/1599122165894911000.smt2
[DEBUG] Benchmark QF_NRA/20200911-Pine/1599122165894911000.smt2: solved=True, runtime=0.30s, PAR-2=0.30s
[DEBUG] Processing 2039/2482: QF_NRA/LassoRanker/Ultimate/simple-scaled200.bpl_Iteration1_Lasso_7-phaseTemplate.smt2
[DEBUG] Predicted solver: SMTInterpol for benchmark QF_NRA/LassoRanker/Ultimate/simple-scaled200.bpl_Iteration1_Lasso_7-phaseTemplate.smt2
[DEBUG] Benchmark QF_NRA/LassoRanker/Ultimate/simple-scaled200.bpl_Iteration1_Lasso_7-phaseTemplate.smt2: solved=True, runtime=5.09s, PAR-2=5.09s
[DEBUG] Processing 2040/2482: QF_NRA/hycomp/ball_count_2d_plain.05.redlog_global_6.smt2
[DEBUG] Predicted solver: SMTInterpol for benchmark QF_NRA/hycomp/ball_count_2d_plain.05.redlog_global_6.smt2
[DEBUG] Benchmark QF_NRA/hycomp/ball_count_2d_plain.05.redlog_global_6.smt2: solved=True, runtime=0.93s, PAR-2=0.93s
[DEBUG] Processing 2041/2482: QF_NRA/hycomp/ball_count_2d_plain.01.seq_lazy_linear_enc_lemmas_global_4.smt2
[DEBUG] Predicted solver: SMTInterpol for benchmark QF_NRA/hycomp/ball_count_2d_plain.01.seq_lazy_linear_enc_lemmas_global_4.smt2
[DEBUG] Benchmark QF_NRA/hycomp/ball_count_2d_plain.01.seq_lazy_linear_enc_lemmas_global_4.smt2: solved=True, runtime=0.70s, PAR-2=0.70s
[DEBUG] Processing 2042/2482: QF_NRA/20161105-Sturm-MBO/mbo_E2.smt2
[DEBUG] Predicted solver: SMTInterpol for benchmark QF_NRA/20161105-Sturm-MBO/mbo_E2.smt2
[DEBUG] Benchmark QF_NRA/20161105-Sturm-MBO/mbo_E2.smt2: solved=True, runtime=0.77s, PAR-2=0.77s
[DEBUG] Processing 2043/2482: QF_NRA/hycomp/ball_count_2d_slope.04.seq_lazy_global_14.smt2
[DEBUG] Predicted solver: SMTInterpol for benchmark QF_NRA/hycomp/ball_count_2d_slope.04.seq_lazy_global_14.smt2
[DEBUG] Benchmark QF_NRA/hycomp/ball_count_2d_slope.04.seq_lazy_global_14.smt2: solved=True, runtime=1.22s, PAR-2=1.22s
[DEBUG] Processing 2044/2482: QF_NRA/meti-tarski/sqrt/1mcosq/7/sqrt-1mcosq-7-chunk-0111.smt2
[DEBUG] Predicted solver: Z3alpha for benchmark QF_NRA/meti-tarski/sqrt/1mcosq/7/sqrt-1mcosq-7-chunk-0111.smt2
[DEBUG] Benchmark QF_NRA/meti-tarski/sqrt/1mcosq/7/sqrt-1mcosq-7-chunk-0111.smt2: solved=True, runtime=0.29s, PAR-2=0.29s
[DEBUG] Processing 2045/2482: QF_NRA/meti-tarski/atan/vega/3/weak/atan-vega-3-weak-chunk-0068.smt2
[DEBUG] Predicted solver: Z3alpha for benchmark QF_NRA/meti-tarski/atan/vega/3/weak/atan-vega-3-weak-chunk-0068.smt2
[DEBUG] Benchmark QF_NRA/meti-tarski/atan/vega/3/weak/atan-vega-3-weak-chunk-0068.smt2: solved=True, runtime=0.27s, PAR-2=0.27s
[DEBUG] Processing 2046/2482: QF_NRA/meti-tarski/atan/vega/3/atan-vega-3-chunk-0590.smt2
[DEBUG] Predicted solver: Z3alpha for benchmark QF_NRA/meti-tarski/atan/vega/3/atan-vega-3-chunk-0590.smt2
[DEBUG] Benchmark QF_NRA/meti-tarski/atan/vega/3/atan-vega-3-chunk-0590.smt2: solved=True, runtime=0.27s, PAR-2=0.27s
[DEBUG] Processing 2047/2482: QF_NRA/meti-tarski/atan/vega/3/atan-vega-3-chunk-0372.smt2
[DEBUG] Predicted solver: Z3alpha for benchmark QF_NRA/meti-tarski/atan/vega/3/atan-vega-3-chunk-0372.smt2
[DEBUG] Benchmark QF_NRA/meti-tarski/atan/vega/3/atan-vega-3-chunk-0372.smt2: solved=True, runtime=0.27s, PAR-2=0.27s
[DEBUG] Processing 2048/2482: QF_NRA/20161105-Sturm-MBO/mbo_E9E24.smt2
[DEBUG] Predicted solver: SMTInterpol for benchmark QF_NRA/20161105-Sturm-MBO/mbo_E9E24.smt2
[DEBUG] Benchmark QF_NRA/20161105-Sturm-MBO/mbo_E9E24.smt2: solved=True, runtime=1.90s, PAR-2=1.90s
[DEBUG] Processing 2049/2482: QF_NRA/meti-tarski/sin/problem/7/weak2/sin-problem-7-weak2-chunk-0129.smt2
[DEBUG] Predicted solver: Z3alpha for benchmark QF_NRA/meti-tarski/sin/problem/7/weak2/sin-problem-7-weak2-chunk-0129.smt2
[DEBUG] Benchmark QF_NRA/meti-tarski/sin/problem/7/weak2/sin-problem-7-weak2-chunk-0129.smt2: solved=True, runtime=0.38s, PAR-2=0.38s
[DEBUG] Processing 2050/2482: QF_NRA/hycomp/ball_count_1d_plain.05.seq_lazy_lemmas_global_13.smt2
[DEBUG] Predicted solver: SMTInterpol for benchmark QF_NRA/hycomp/ball_count_1d_plain.05.seq_lazy_lemmas_global_13.smt2
[DEBUG] Benchmark QF_NRA/hycomp/ball_count_1d_plain.05.seq_lazy_lemmas_global_13.smt2: solved=True, runtime=1.04s, PAR-2=1.04s
[DEBUG] Processing 2051/2482: QF_NRA/hycomp/ball_count_2d_plain.03.seq_lazy_global_6.smt2
[DEBUG] Predicted solver: SMTInterpol for benchmark QF_NRA/hycomp/ball_count_2d_plain.03.seq_lazy_global_6.smt2
[DEBUG] Benchmark QF_NRA/hycomp/ball_count_2d_plain.03.seq_lazy_global_6.smt2: solved=True, runtime=0.75s, PAR-2=0.75s
[DEBUG] Processing 2052/2482: QF_NRA/meti-tarski/Chua/2/VC1/L/Chua-2-VC1-L-chunk-0071.smt2
[DEBUG] Predicted solver: Z3alpha for benchmark QF_NRA/meti-tarski/Chua/2/VC1/L/Chua-2-VC1-L-chunk-0071.smt2
[DEBUG] Benchmark QF_NRA/meti-tarski/Chua/2/VC1/L/Chua-2-VC1-L-chunk-0071.smt2: solved=True, runtime=0.27s, PAR-2=0.27s
[DEBUG] Processing 2053/2482: QF_NRA/meti-tarski/sin/problem/8/sin-problem-8-chunk-0068.smt2
[DEBUG] Predicted solver: Z3alpha for benchmark QF_NRA/meti-tarski/sin/problem/8/sin-problem-8-chunk-0068.smt2
[DEBUG] Benchmark QF_NRA/meti-tarski/sin/problem/8/sin-problem-8-chunk-0068.smt2: solved=True, runtime=0.31s, PAR-2=0.31s
[DEBUG] Processing 2054/2482: QF_NRA/hycomp/ball_count_2d_slope.05.seq_lazy_linear_enc_global_15.smt2
[DEBUG] Predicted solver: SMTInterpol for benchmark QF_NRA/hycomp/ball_count_2d_slope.05.seq_lazy_linear_enc_global_15.smt2
[DEBUG] Benchmark QF_NRA/hycomp/ball_count_2d_slope.05.seq_lazy_linear_enc_global_15.smt2: solved=True, runtime=1.31s, PAR-2=1.31s
[DEBUG] Processing 2055/2482: QF_NRA/meti-tarski/atan/vega/3/weak/atan-vega-3-weak-chunk-0438.smt2
[DEBUG] Predicted solver: Z3alpha for benchmark QF_NRA/meti-tarski/atan/vega/3/weak/atan-vega-3-weak-chunk-0438.smt2
[DEBUG] Benchmark QF_NRA/meti-tarski/atan/vega/3/weak/atan-vega-3-weak-chunk-0438.smt2: solved=True, runtime=0.27s, PAR-2=0.27s
[DEBUG] Processing 2056/2482: QF_NRA/hycomp/ball_count_2d_hill.10.seq_lazy_linear_enc_lemmas_global_15.smt2
[DEBUG] Predicted solver: SMTInterpol for benchmark QF_NRA/hycomp/ball_count_2d_hill.10.seq_lazy_linear_enc_lemmas_global_15.smt2
[DEBUG] Benchmark QF_NRA/hycomp/ball_count_2d_hill.10.seq_lazy_linear_enc_lemmas_global_15.smt2: solved=True, runtime=1.32s, PAR-2=1.32s
[DEBUG] Processing 2057/2482: QF_NRA/hycomp/ball_count_2d_slope.05.seq_lazy_linear_enc_lemmas_global_13.smt2
[DEBUG] Predicted solver: SMTInterpol for benchmark QF_NRA/hycomp/ball_count_2d_slope.05.seq_lazy_linear_enc_lemmas_global_13.smt2
[DEBUG] Benchmark QF_NRA/hycomp/ball_count_2d_slope.05.seq_lazy_linear_enc_lemmas_global_13.smt2: solved=True, runtime=1.28s, PAR-2=1.28s
[DEBUG] Processing 2058/2482: QF_NRA/UltimateAutomizer/InVarSynth_SAS09doubleLoop-incorrect.bpl_Iteration3_1.smt2
[DEBUG] Predicted solver: SMTInterpol for benchmark QF_NRA/UltimateAutomizer/InVarSynth_SAS09doubleLoop-incorrect.bpl_Iteration3_1.smt2
[DEBUG] Benchmark QF_NRA/UltimateAutomizer/InVarSynth_SAS09doubleLoop-incorrect.bpl_Iteration3_1.smt2: solved=True, runtime=0.54s, PAR-2=0.54s
[DEBUG] Processing 2059/2482: QF_NRA/meti-tarski/sin/problem/7/sin-problem-7-chunk-0213.smt2
[DEBUG] Predicted solver: Z3alpha for benchmark QF_NRA/meti-tarski/sin/problem/7/sin-problem-7-chunk-0213.smt2
[DEBUG] Benchmark QF_NRA/meti-tarski/sin/problem/7/sin-problem-7-chunk-0213.smt2: solved=True, runtime=0.34s, PAR-2=0.34s
[DEBUG] Processing 2060/2482: QF_NRA/meti-tarski/sin/cos/sin-cos-346-b-chunk-0128.smt2
[DEBUG] Predicted solver: Z3alpha for benchmark QF_NRA/meti-tarski/sin/cos/sin-cos-346-b-chunk-0128.smt2
[DEBUG] Benchmark QF_NRA/meti-tarski/sin/cos/sin-cos-346-b-chunk-0128.smt2: solved=True, runtime=0.27s, PAR-2=0.27s
[DEBUG] Processing 2061/2482: QF_NRA/hycomp/ball_count_1d_plain.03.seq_lazy_global_4.smt2
[DEBUG] Predicted solver: SMTInterpol for benchmark QF_NRA/hycomp/ball_count_1d_plain.03.seq_lazy_global_4.smt2
[DEBUG] Benchmark QF_NRA/hycomp/ball_count_1d_plain.03.seq_lazy_global_4.smt2: solved=True, runtime=0.70s, PAR-2=0.70s
[DEBUG] Processing 2062/2482: QF_NRA/2019-ezsmt/generator/inst-ijcai-lin6.ez.smt2
[DEBUG] Predicted solver: Yices2 for benchmark QF_NRA/2019-ezsmt/generator/inst-ijcai-lin6.ez.smt2
[DEBUG] Benchmark QF_NRA/2019-ezsmt/generator/inst-ijcai-lin6.ez.smt2: solved=True, runtime=0.24s, PAR-2=0.24s
[DEBUG] Processing 2063/2482: QF_NRA/meti-tarski/sqrt/problem/12vars3/sqrt-problem-12vars3-chunk-0079.smt2
[DEBUG] Predicted solver: Z3alpha for benchmark QF_NRA/meti-tarski/sqrt/problem/12vars3/sqrt-problem-12vars3-chunk-0079.smt2
[DEBUG] Benchmark QF_NRA/meti-tarski/sqrt/problem/12vars3/sqrt-problem-12vars3-chunk-0079.smt2: solved=True, runtime=0.27s, PAR-2=0.27s
[DEBUG] Processing 2064/2482: QF_NRA/hycomp/simple_ballistics_reach.01.seq_lazy_linear_enc_lemmas_global_11.smt2
[DEBUG] Predicted solver: SMTInterpol for benchmark QF_NRA/hycomp/simple_ballistics_reach.01.seq_lazy_linear_enc_lemmas_global_11.smt2
[DEBUG] Benchmark QF_NRA/hycomp/simple_ballistics_reach.01.seq_lazy_linear_enc_lemmas_global_11.smt2: solved=True, runtime=1.13s, PAR-2=1.13s
[DEBUG] Processing 2065/2482: QF_NRA/meti-tarski/polypaver/bench-exp-3d/polypaver-bench-exp-3d-chunk-0024.smt2
[DEBUG] Predicted solver: Z3alpha for benchmark QF_NRA/meti-tarski/polypaver/bench-exp-3d/polypaver-bench-exp-3d-chunk-0024.smt2
[DEBUG] Benchmark QF_NRA/meti-tarski/polypaver/bench-exp-3d/polypaver-bench-exp-3d-chunk-0024.smt2: solved=True, runtime=0.27s, PAR-2=0.27s
[DEBUG] Processing 2066/2482: QF_NRA/20220314-Uncu/Rational_Function_Proof_Calls_With_Disjunctive_Denominator_Simplifications/DDC_ProveIneq_Mitrinovic_8_4.smt2
[DEBUG] Predicted solver: Yices2 for benchmark QF_NRA/20220314-Uncu/Rational_Function_Proof_Calls_With_Disjunctive_Denominator_Simplifications/DDC_ProveIneq_Mitrinovic_8_4.smt2
[DEBUG] Benchmark QF_NRA/20220314-Uncu/Rational_Function_Proof_Calls_With_Disjunctive_Denominator_Simplifications/DDC_ProveIneq_Mitrinovic_8_4.smt2: solved=True, runtime=0.27s, PAR-2=0.27s
[DEBUG] Processing 2067/2482: QF_NRA/meti-tarski/exp/problem/10/3/exp-problem-10-3-chunk-0180.smt2
[DEBUG] Predicted solver: Z3alpha for benchmark QF_NRA/meti-tarski/exp/problem/10/3/exp-problem-10-3-chunk-0180.smt2
[DEBUG] Benchmark QF_NRA/meti-tarski/exp/problem/10/3/exp-problem-10-3-chunk-0180.smt2: solved=True, runtime=0.27s, PAR-2=0.27s
[DEBUG] Processing 2068/2482: QF_NRA/LassoRanker/SV-COMP/BradleyMannaSipma-2005ICALP-Fig1_true-termination.c_Iteration1_Lasso_5-phaseTemplate.smt2
[DEBUG] Predicted solver: SMTInterpol for benchmark QF_NRA/LassoRanker/SV-COMP/BradleyMannaSipma-2005ICALP-Fig1_true-termination.c_Iteration1_Lasso_5-phaseTemplate.smt2
[DEBUG] Benchmark QF_NRA/LassoRanker/SV-COMP/BradleyMannaSipma-2005ICALP-Fig1_true-termination.c_Iteration1_Lasso_5-phaseTemplate.smt2: solved=True, runtime=2.18s, PAR-2=2.18s
[DEBUG] Processing 2069/2482: QF_NRA/20180501-Economics-Mulligan/MulliganEconomicsModel0056e.smt2
[DEBUG] Predicted solver: Yices2 for benchmark QF_NRA/20180501-Economics-Mulligan/MulliganEconomicsModel0056e.smt2
[DEBUG] Benchmark QF_NRA/20180501-Economics-Mulligan/MulliganEconomicsModel0056e.smt2: solved=True, runtime=0.27s, PAR-2=0.27s
[DEBUG] Processing 2070/2482: QF_NRA/hycomp/ball_count_2d_hill_simple.05.seq_lazy_linear_enc_lemmas_global_11.smt2
[DEBUG] Predicted solver: SMTInterpol for benchmark QF_NRA/hycomp/ball_count_2d_hill_simple.05.seq_lazy_linear_enc_lemmas_global_11.smt2
[DEBUG] Benchmark QF_NRA/hycomp/ball_count_2d_hill_simple.05.seq_lazy_linear_enc_lemmas_global_11.smt2: solved=True, runtime=1.02s, PAR-2=1.02s
[DEBUG] Processing 2071/2482: QF_NRA/meti-tarski/sqrt/1mcosq/8/sqrt-1mcosq-8-chunk-0291.smt2
[DEBUG] Predicted solver: Z3alpha for benchmark QF_NRA/meti-tarski/sqrt/1mcosq/8/sqrt-1mcosq-8-chunk-0291.smt2
[DEBUG] Benchmark QF_NRA/meti-tarski/sqrt/1mcosq/8/sqrt-1mcosq-8-chunk-0291.smt2: solved=True, runtime=0.30s, PAR-2=0.30s
[DEBUG] Processing 2072/2482: QF_NRA/hycomp/simple_ballistics_reach.01.seq_lazy_global_8.smt2
[DEBUG] Predicted solver: SMTInterpol for benchmark QF_NRA/hycomp/simple_ballistics_reach.01.seq_lazy_global_8.smt2
[DEBUG] Benchmark QF_NRA/hycomp/simple_ballistics_reach.01.seq_lazy_global_8.smt2: solved=True, runtime=1.08s, PAR-2=1.08s
[DEBUG] Processing 2073/2482: QF_NRA/meti-tarski/atan/problem/1/atan-problem-1-chunk-0008.smt2
[DEBUG] Predicted solver: Z3alpha for benchmark QF_NRA/meti-tarski/atan/problem/1/atan-problem-1-chunk-0008.smt2
[DEBUG] Benchmark QF_NRA/meti-tarski/atan/problem/1/atan-problem-1-chunk-0008.smt2: solved=True, runtime=0.27s, PAR-2=0.27s
[DEBUG] Processing 2074/2482: QF_NRA/LassoRanker/CooperatingT2/pentagon.t2.c_Iteration11_Loop_3-pieceTemplate.smt2
[DEBUG] Predicted solver: SMTInterpol for benchmark QF_NRA/LassoRanker/CooperatingT2/pentagon.t2.c_Iteration11_Loop_3-pieceTemplate.smt2
[DEBUG] Benchmark QF_NRA/LassoRanker/CooperatingT2/pentagon.t2.c_Iteration11_Loop_3-pieceTemplate.smt2: solved=True, runtime=0.90s, PAR-2=0.90s
[DEBUG] Processing 2075/2482: QF_NRA/hycomp/ball_count_2d_plain.01.redlog_global_12.smt2
[DEBUG] Predicted solver: SMTInterpol for benchmark QF_NRA/hycomp/ball_count_2d_plain.01.redlog_global_12.smt2
[DEBUG] Benchmark QF_NRA/hycomp/ball_count_2d_plain.01.redlog_global_12.smt2: solved=True, runtime=1.07s, PAR-2=1.07s
[DEBUG] Processing 2076/2482: QF_NRA/20211101-Geogebra/Triangle-Bottema1_23.smt2
[DEBUG] Predicted solver: SMTInterpol for benchmark QF_NRA/20211101-Geogebra/Triangle-Bottema1_23.smt2
[DEBUG] Benchmark QF_NRA/20211101-Geogebra/Triangle-Bottema1_23.smt2: solved=True, runtime=0.44s, PAR-2=0.44s
[DEBUG] Processing 2077/2482: QF_NRA/meti-tarski/atan/vega/3/atan-vega-3-chunk-0639.smt2
[DEBUG] Predicted solver: Z3alpha for benchmark QF_NRA/meti-tarski/atan/vega/3/atan-vega-3-chunk-0639.smt2
[DEBUG] Benchmark QF_NRA/meti-tarski/atan/vega/3/atan-vega-3-chunk-0639.smt2: solved=True, runtime=0.27s, PAR-2=0.27s
[DEBUG] Processing 2078/2482: QF_NRA/meti-tarski/sin/problem/7/weak/sin-problem-7-weak-chunk-0177.smt2
[DEBUG] Predicted solver: Z3alpha for benchmark QF_NRA/meti-tarski/sin/problem/7/weak/sin-problem-7-weak-chunk-0177.smt2
[DEBUG] Benchmark QF_NRA/meti-tarski/sin/problem/7/weak/sin-problem-7-weak-chunk-0177.smt2: solved=True, runtime=0.52s, PAR-2=0.52s
[DEBUG] Processing 2079/2482: QF_NRA/LassoRanker/Ultimate/Collatz.bpl_Iteration1_Lasso_3-pieceTemplate.smt2
[DEBUG] Predicted solver: Z3alpha for benchmark QF_NRA/LassoRanker/Ultimate/Collatz.bpl_Iteration1_Lasso_3-pieceTemplate.smt2
[DEBUG] Benchmark QF_NRA/LassoRanker/Ultimate/Collatz.bpl_Iteration1_Lasso_3-pieceTemplate.smt2: solved=True, runtime=266.73s, PAR-2=266.73s
[DEBUG] Processing 2080/2482: QF_NRA/meti-tarski/Nichols-Plot/Inverted-Pendulum/Nichols-Plot-Inverted-Pendulum-Fails-1-6-chunk-0075.smt2
[DEBUG] Predicted solver: Z3alpha for benchmark QF_NRA/meti-tarski/Nichols-Plot/Inverted-Pendulum/Nichols-Plot-Inverted-Pendulum-Fails-1-6-chunk-0075.smt2
[DEBUG] Benchmark QF_NRA/meti-tarski/Nichols-Plot/Inverted-Pendulum/Nichols-Plot-Inverted-Pendulum-Fails-1-6-chunk-0075.smt2: solved=True, runtime=0.33s, PAR-2=0.33s
[DEBUG] Processing 2081/2482: QF_NRA/meti-tarski/sin/cos/sin-cos-346-b-chunk-0342.smt2
[DEBUG] Predicted solver: Z3alpha for benchmark QF_NRA/meti-tarski/sin/cos/sin-cos-346-b-chunk-0342.smt2
[DEBUG] Benchmark QF_NRA/meti-tarski/sin/cos/sin-cos-346-b-chunk-0342.smt2: solved=True, runtime=0.27s, PAR-2=0.27s
[DEBUG] Processing 2082/2482: QF_NRA/meti-tarski/atan/problem/2/weak/atan-problem-2-weak-chunk-0098.smt2
[DEBUG] Predicted solver: Z3alpha for benchmark QF_NRA/meti-tarski/atan/problem/2/weak/atan-problem-2-weak-chunk-0098.smt2
[DEBUG] Benchmark QF_NRA/meti-tarski/atan/problem/2/weak/atan-problem-2-weak-chunk-0098.smt2: solved=True, runtime=0.27s, PAR-2=0.27s
[DEBUG] Processing 2083/2482: QF_NRA/meti-tarski/sin/problem/10/sin-problem-10-2-chunk-0018.smt2
[DEBUG] Predicted solver: Z3alpha for benchmark QF_NRA/meti-tarski/sin/problem/10/sin-problem-10-2-chunk-0018.smt2
[DEBUG] Benchmark QF_NRA/meti-tarski/sin/problem/10/sin-problem-10-2-chunk-0018.smt2: solved=True, runtime=0.27s, PAR-2=0.27s
[DEBUG] Processing 2084/2482: QF_NRA/LassoRanker/CooperatingT2/sumit.t2.c_Iteration1_Lasso_3-pieceTemplate.smt2
[DEBUG] Predicted solver: SMTInterpol for benchmark QF_NRA/LassoRanker/CooperatingT2/sumit.t2.c_Iteration1_Lasso_3-pieceTemplate.smt2
[DEBUG] Benchmark QF_NRA/LassoRanker/CooperatingT2/sumit.t2.c_Iteration1_Lasso_3-pieceTemplate.smt2: solved=True, runtime=2.91s, PAR-2=2.91s
[DEBUG] Processing 2085/2482: QF_NRA/hycomp/ball_count_2d_hill.01.seq_lazy_global_6.smt2
[DEBUG] Predicted solver: SMTInterpol for benchmark QF_NRA/hycomp/ball_count_2d_hill.01.seq_lazy_global_6.smt2
[DEBUG] Benchmark QF_NRA/hycomp/ball_count_2d_hill.01.seq_lazy_global_6.smt2: solved=True, runtime=0.84s, PAR-2=0.84s
[DEBUG] Processing 2086/2482: QF_NRA/hycomp/simple_ballistics_reach.01.seq_lazy_global_11.smt2
[DEBUG] Predicted solver: SMTInterpol for benchmark QF_NRA/hycomp/simple_ballistics_reach.01.seq_lazy_global_11.smt2
[DEBUG] Benchmark QF_NRA/hycomp/simple_ballistics_reach.01.seq_lazy_global_11.smt2: solved=True, runtime=1.02s, PAR-2=1.02s
[DEBUG] Processing 2087/2482: QF_NRA/meti-tarski/atan/problem/2/atan-problem-2-chunk-0111.smt2
[DEBUG] Predicted solver: Z3alpha for benchmark QF_NRA/meti-tarski/atan/problem/2/atan-problem-2-chunk-0111.smt2
[DEBUG] Benchmark QF_NRA/meti-tarski/atan/problem/2/atan-problem-2-chunk-0111.smt2: solved=True, runtime=0.29s, PAR-2=0.29s
[DEBUG] Processing 2088/2482: QF_NRA/LassoRanker/SV-COMP/Ben-Amram-2010LMCS-Ex2.3_true-termination.c_Iteration1_Lasso_5-phaseTemplate.smt2
[DEBUG] Predicted solver: SMTInterpol for benchmark QF_NRA/LassoRanker/SV-COMP/Ben-Amram-2010LMCS-Ex2.3_true-termination.c_Iteration1_Lasso_5-phaseTemplate.smt2
[DEBUG] Benchmark QF_NRA/LassoRanker/SV-COMP/Ben-Amram-2010LMCS-Ex2.3_true-termination.c_Iteration1_Lasso_5-phaseTemplate.smt2: solved=True, runtime=2.47s, PAR-2=2.47s
[DEBUG] Processing 2089/2482: QF_NRA/hycomp/ball_count_2d_slope.03.seq_lazy_global_12.smt2
[DEBUG] Predicted solver: SMTInterpol for benchmark QF_NRA/hycomp/ball_count_2d_slope.03.seq_lazy_global_12.smt2
[DEBUG] Benchmark QF_NRA/hycomp/ball_count_2d_slope.03.seq_lazy_global_12.smt2: solved=True, runtime=1.19s, PAR-2=1.19s
[DEBUG] Processing 2090/2482: QF_NRA/hycomp/ball_count_2d_hill.02.redlog_global_4.smt2
[DEBUG] Predicted solver: SMTInterpol for benchmark QF_NRA/hycomp/ball_count_2d_hill.02.redlog_global_4.smt2
[DEBUG] Benchmark QF_NRA/hycomp/ball_count_2d_hill.02.redlog_global_4.smt2: solved=True, runtime=0.84s, PAR-2=0.84s
[DEBUG] Processing 2091/2482: QF_NRA/meti-tarski/exp/problem/10/3/exp-problem-10-3-chunk-0158.smt2
[DEBUG] Predicted solver: Z3alpha for benchmark QF_NRA/meti-tarski/exp/problem/10/3/exp-problem-10-3-chunk-0158.smt2
[DEBUG] Benchmark QF_NRA/meti-tarski/exp/problem/10/3/exp-problem-10-3-chunk-0158.smt2: solved=True, runtime=0.27s, PAR-2=0.27s
[DEBUG] Processing 2092/2482: QF_NRA/meti-tarski/atan/problem/2/weakT/atan-problem-2-weakT-chunk-0057.smt2
[DEBUG] Predicted solver: Z3alpha for benchmark QF_NRA/meti-tarski/atan/problem/2/weakT/atan-problem-2-weakT-chunk-0057.smt2
[DEBUG] Benchmark QF_NRA/meti-tarski/atan/problem/2/weakT/atan-problem-2-weakT-chunk-0057.smt2: solved=True, runtime=0.29s, PAR-2=0.29s
[DEBUG] Processing 2093/2482: QF_NRA/meti-tarski/exp/problem/10/2/exp-problem-10-2-chunk-0177.smt2
[DEBUG] Predicted solver: Z3alpha for benchmark QF_NRA/meti-tarski/exp/problem/10/2/exp-problem-10-2-chunk-0177.smt2
[DEBUG] Benchmark QF_NRA/meti-tarski/exp/problem/10/2/exp-problem-10-2-chunk-0177.smt2: solved=True, runtime=0.28s, PAR-2=0.28s
[DEBUG] Processing 2094/2482: QF_NRA/LassoRanker/CooperatingT2/fun8.t2.c_Iteration2_Loop_4-pieceTemplate.smt2
[DEBUG] Predicted solver: SMTInterpol for benchmark QF_NRA/LassoRanker/CooperatingT2/fun8.t2.c_Iteration2_Loop_4-pieceTemplate.smt2
[DEBUG] Benchmark QF_NRA/LassoRanker/CooperatingT2/fun8.t2.c_Iteration2_Loop_4-pieceTemplate.smt2: solved=True, runtime=1.47s, PAR-2=1.47s
[DEBUG] Processing 2095/2482: QF_NRA/meti-tarski/cos/problem/5/cos-problem-5-chunk-0039.smt2
[DEBUG] Predicted solver: Z3alpha for benchmark QF_NRA/meti-tarski/cos/problem/5/cos-problem-5-chunk-0039.smt2
[DEBUG] Benchmark QF_NRA/meti-tarski/cos/problem/5/cos-problem-5-chunk-0039.smt2: solved=True, runtime=0.28s, PAR-2=0.28s
[DEBUG] Processing 2096/2482: QF_NRA/20211101-Geogebra/IsoRightTriangle-Bottema1_8b.smt2
[DEBUG] Predicted solver: Z3alpha for benchmark QF_NRA/20211101-Geogebra/IsoRightTriangle-Bottema1_8b.smt2
[DEBUG] Benchmark QF_NRA/20211101-Geogebra/IsoRightTriangle-Bottema1_8b.smt2: solved=True, runtime=0.27s, PAR-2=0.27s
[DEBUG] Processing 2097/2482: QF_NRA/meti-tarski/atan/problem/2/weak/atan-problem-2-weak-chunk-0226.smt2
[DEBUG] Predicted solver: Z3alpha for benchmark QF_NRA/meti-tarski/atan/problem/2/weak/atan-problem-2-weak-chunk-0226.smt2
[DEBUG] Benchmark QF_NRA/meti-tarski/atan/problem/2/weak/atan-problem-2-weak-chunk-0226.smt2: solved=True, runtime=0.27s, PAR-2=0.27s
[DEBUG] Processing 2098/2482: QF_NRA/LassoRanker/SV-COMP/TelAviv-Amir-Minimum_true-termination.c_Iteration1_Lasso_7-phaseTemplate.smt2
[DEBUG] Predicted solver: Z3alpha for benchmark QF_NRA/LassoRanker/SV-COMP/TelAviv-Amir-Minimum_true-termination.c_Iteration1_Lasso_7-phaseTemplate.smt2
[DEBUG] Benchmark QF_NRA/LassoRanker/SV-COMP/TelAviv-Amir-Minimum_true-termination.c_Iteration1_Lasso_7-phaseTemplate.smt2: solved=True, runtime=39.17s, PAR-2=39.17s
[DEBUG] Processing 2099/2482: QF_NRA/hycomp/ball_count_2d_slope.02.seq_lazy_global_7.smt2
[DEBUG] Predicted solver: SMTInterpol for benchmark QF_NRA/hycomp/ball_count_2d_slope.02.seq_lazy_global_7.smt2
[DEBUG] Benchmark QF_NRA/hycomp/ball_count_2d_slope.02.seq_lazy_global_7.smt2: solved=True, runtime=1.06s, PAR-2=1.06s
[DEBUG] Processing 2100/2482: QF_NRA/hycomp/ball_count_2d_plain.10.seq_lazy_linear_enc_global_8.smt2
[DEBUG] Predicted solver: SMTInterpol for benchmark QF_NRA/hycomp/ball_count_2d_plain.10.seq_lazy_linear_enc_global_8.smt2
[DEBUG] Benchmark QF_NRA/hycomp/ball_count_2d_plain.10.seq_lazy_linear_enc_global_8.smt2: solved=True, runtime=0.86s, PAR-2=0.86s
[DEBUG] Processing 2101/2482: QF_NRA/hycomp/ball_count_1d_plain.02.seq_lazy_linear_enc_global_6.smt2
[DEBUG] Predicted solver: SMTInterpol for benchmark QF_NRA/hycomp/ball_count_1d_plain.02.seq_lazy_linear_enc_global_6.smt2
[DEBUG] Benchmark QF_NRA/hycomp/ball_count_1d_plain.02.seq_lazy_linear_enc_global_6.smt2: solved=True, runtime=0.71s, PAR-2=0.71s
[DEBUG] Processing 2102/2482: QF_NRA/hycomp/ball_count_2d_hill.05.redlog_global_12.smt2
[DEBUG] Predicted solver: SMTInterpol for benchmark QF_NRA/hycomp/ball_count_2d_hill.05.redlog_global_12.smt2
[DEBUG] Benchmark QF_NRA/hycomp/ball_count_2d_hill.05.redlog_global_12.smt2: solved=True, runtime=1.32s, PAR-2=1.32s
[DEBUG] Processing 2103/2482: QF_NRA/meti-tarski/exp/problem/10/3/exp-problem-10-3-chunk-0121.smt2
[DEBUG] Predicted solver: Z3alpha for benchmark QF_NRA/meti-tarski/exp/problem/10/3/exp-problem-10-3-chunk-0121.smt2
[DEBUG] Benchmark QF_NRA/meti-tarski/exp/problem/10/3/exp-problem-10-3-chunk-0121.smt2: solved=True, runtime=0.29s, PAR-2=0.29s
[DEBUG] Processing 2104/2482: QF_NRA/LassoRanker/CooperatingT2/p-46.t2.c_Iteration2_Lasso_3-pieceTemplate.smt2
[DEBUG] Predicted solver: SMTInterpol for benchmark QF_NRA/LassoRanker/CooperatingT2/p-46.t2.c_Iteration2_Lasso_3-pieceTemplate.smt2
[DEBUG] Benchmark QF_NRA/LassoRanker/CooperatingT2/p-46.t2.c_Iteration2_Lasso_3-pieceTemplate.smt2: solved=True, runtime=4.88s, PAR-2=4.88s
[DEBUG] Processing 2105/2482: QF_NRA/20200911-Pine/1599122162374274000.smt2
[DEBUG] Predicted solver: Z3alpha for benchmark QF_NRA/20200911-Pine/1599122162374274000.smt2
[DEBUG] Benchmark QF_NRA/20200911-Pine/1599122162374274000.smt2: solved=True, runtime=0.27s, PAR-2=0.27s
[DEBUG] Processing 2106/2482: QF_NRA/20161105-Sturm-MBO/mbo_E14E22.smt2
[DEBUG] Predicted solver: SMTInterpol for benchmark QF_NRA/20161105-Sturm-MBO/mbo_E14E22.smt2
[DEBUG] Benchmark QF_NRA/20161105-Sturm-MBO/mbo_E14E22.smt2: solved=True, runtime=1.79s, PAR-2=1.79s
[DEBUG] Processing 2107/2482: QF_NRA/20211101-Geogebra/RightTriangle-Bottema8_1a.smt2
[DEBUG] Predicted solver: SMTInterpol for benchmark QF_NRA/20211101-Geogebra/RightTriangle-Bottema8_1a.smt2
[DEBUG] Benchmark QF_NRA/20211101-Geogebra/RightTriangle-Bottema8_1a.smt2: solved=True, runtime=0.45s, PAR-2=0.45s
[DEBUG] Processing 2108/2482: QF_NRA/meti-tarski/sqrt/1mcosq/7/sqrt-1mcosq-7-chunk-0169.smt2
[DEBUG] Predicted solver: Z3alpha for benchmark QF_NRA/meti-tarski/sqrt/1mcosq/7/sqrt-1mcosq-7-chunk-0169.smt2
[DEBUG] Benchmark QF_NRA/meti-tarski/sqrt/1mcosq/7/sqrt-1mcosq-7-chunk-0169.smt2: solved=True, runtime=0.28s, PAR-2=0.28s
[DEBUG] Processing 2109/2482: QF_NRA/zankl/matrix-3-all-2.smt2
[DEBUG] Predicted solver: SMTInterpol for benchmark QF_NRA/zankl/matrix-3-all-2.smt2
[DEBUG] Benchmark QF_NRA/zankl/matrix-3-all-2.smt2: solved=True, runtime=0.62s, PAR-2=0.62s
[DEBUG] Processing 2110/2482: QF_NRA/meti-tarski/sin/problem/7/weak2/sin-problem-7-weak2-chunk-0127.smt2
[DEBUG] Predicted solver: SMTInterpol for benchmark QF_NRA/meti-tarski/sin/problem/7/weak2/sin-problem-7-weak2-chunk-0127.smt2
[DEBUG] Benchmark QF_NRA/meti-tarski/sin/problem/7/weak2/sin-problem-7-weak2-chunk-0127.smt2: solved=True, runtime=0.45s, PAR-2=0.45s
[DEBUG] Processing 2111/2482: QF_NRA/meti-tarski/sqrt/1mcosq/8/sqrt-1mcosq-8-chunk-0459.smt2
[DEBUG] Predicted solver: Z3alpha for benchmark QF_NRA/meti-tarski/sqrt/1mcosq/8/sqrt-1mcosq-8-chunk-0459.smt2
[DEBUG] Benchmark QF_NRA/meti-tarski/sqrt/1mcosq/8/sqrt-1mcosq-8-chunk-0459.smt2: solved=True, runtime=0.32s, PAR-2=0.32s
[DEBUG] Processing 2112/2482: QF_NRA/zankl/matrix-4-all-16.smt2
[DEBUG] Predicted solver: SMTInterpol for benchmark QF_NRA/zankl/matrix-4-all-16.smt2
[DEBUG] Benchmark QF_NRA/zankl/matrix-4-all-16.smt2: solved=True, runtime=0.72s, PAR-2=0.72s
[DEBUG] Processing 2113/2482: QF_NRA/meti-tarski/sin/cos/sin-cos-346-b-chunk-0105.smt2
[DEBUG] Predicted solver: Z3alpha for benchmark QF_NRA/meti-tarski/sin/cos/sin-cos-346-b-chunk-0105.smt2
[DEBUG] Benchmark QF_NRA/meti-tarski/sin/cos/sin-cos-346-b-chunk-0105.smt2: solved=True, runtime=0.27s, PAR-2=0.27s
[DEBUG] Processing 2114/2482: QF_NRA/meti-tarski/sqrt/1mcosq/7/sqrt-1mcosq-7-chunk-0028.smt2
[DEBUG] Predicted solver: Z3alpha for benchmark QF_NRA/meti-tarski/sqrt/1mcosq/7/sqrt-1mcosq-7-chunk-0028.smt2
[DEBUG] Benchmark QF_NRA/meti-tarski/sqrt/1mcosq/7/sqrt-1mcosq-7-chunk-0028.smt2: solved=True, runtime=0.27s, PAR-2=0.27s
[DEBUG] Processing 2115/2482: QF_NRA/hycomp/simple_ballistics_reach.01.seq_lazy_linear_enc_lemmas_global_6.smt2
[DEBUG] Predicted solver: SMTInterpol for benchmark QF_NRA/hycomp/simple_ballistics_reach.01.seq_lazy_linear_enc_lemmas_global_6.smt2
[DEBUG] Benchmark QF_NRA/hycomp/simple_ballistics_reach.01.seq_lazy_linear_enc_lemmas_global_6.smt2: solved=True, runtime=1.02s, PAR-2=1.02s
[DEBUG] Processing 2116/2482: QF_NRA/meti-tarski/exp/problem/10/3/exp-problem-10-3-chunk-0112.smt2
[DEBUG] Predicted solver: Z3alpha for benchmark QF_NRA/meti-tarski/exp/problem/10/3/exp-problem-10-3-chunk-0112.smt2
[DEBUG] Benchmark QF_NRA/meti-tarski/exp/problem/10/3/exp-problem-10-3-chunk-0112.smt2: solved=True, runtime=0.35s, PAR-2=0.35s
[DEBUG] Processing 2117/2482: QF_NRA/meti-tarski/sqrt/1mcosq/8/sqrt-1mcosq-8-chunk-0534.smt2
[DEBUG] Predicted solver: Z3alpha for benchmark QF_NRA/meti-tarski/sqrt/1mcosq/8/sqrt-1mcosq-8-chunk-0534.smt2
[DEBUG] Benchmark QF_NRA/meti-tarski/sqrt/1mcosq/8/sqrt-1mcosq-8-chunk-0534.smt2: solved=True, runtime=0.30s, PAR-2=0.30s
[DEBUG] Processing 2118/2482: QF_NRA/meti-tarski/polypaver/bench-sqrt-3d/polypaver-bench-sqrt-3d-chunk-0321.smt2
[DEBUG] Predicted solver: Z3alpha for benchmark QF_NRA/meti-tarski/polypaver/bench-sqrt-3d/polypaver-bench-sqrt-3d-chunk-0321.smt2
[DEBUG] Benchmark QF_NRA/meti-tarski/polypaver/bench-sqrt-3d/polypaver-bench-sqrt-3d-chunk-0321.smt2: solved=True, runtime=0.27s, PAR-2=0.27s
[DEBUG] Processing 2119/2482: QF_NRA/hycomp/ball_count_2d_slope.04.seq_lazy_lemmas_global_15.smt2
[DEBUG] Predicted solver: SMTInterpol for benchmark QF_NRA/hycomp/ball_count_2d_slope.04.seq_lazy_lemmas_global_15.smt2
[DEBUG] Benchmark QF_NRA/hycomp/ball_count_2d_slope.04.seq_lazy_lemmas_global_15.smt2: solved=True, runtime=1.73s, PAR-2=1.73s
[DEBUG] Processing 2120/2482: QF_NRA/LassoRanker/Ultimate/IncreasingSI.bpl_Iteration1_Lasso_4-pieceTemplate.smt2
[DEBUG] Predicted solver: SMTInterpol for benchmark QF_NRA/LassoRanker/Ultimate/IncreasingSI.bpl_Iteration1_Lasso_4-pieceTemplate.smt2
[DEBUG] Benchmark QF_NRA/LassoRanker/Ultimate/IncreasingSI.bpl_Iteration1_Lasso_4-pieceTemplate.smt2: solved=True, runtime=0.87s, PAR-2=0.87s
[DEBUG] Processing 2121/2482: QF_NRA/LassoRanker/CooperatingT2/agafp.t2.c_Iteration1_Lasso_7-phaseTemplate.smt2
[DEBUG] Predicted solver: SMTInterpol for benchmark QF_NRA/LassoRanker/CooperatingT2/agafp.t2.c_Iteration1_Lasso_7-phaseTemplate.smt2
[DEBUG] Benchmark QF_NRA/LassoRanker/CooperatingT2/agafp.t2.c_Iteration1_Lasso_7-phaseTemplate.smt2: solved=True, runtime=0.79s, PAR-2=0.79s
[DEBUG] Processing 2122/2482: QF_NRA/hycomp/ball_count_2d_hill.02.seq_lazy_linear_enc_lemmas_global_14.smt2
[DEBUG] Predicted solver: SMTInterpol for benchmark QF_NRA/hycomp/ball_count_2d_hill.02.seq_lazy_linear_enc_lemmas_global_14.smt2
[DEBUG] Benchmark QF_NRA/hycomp/ball_count_2d_hill.02.seq_lazy_linear_enc_lemmas_global_14.smt2: solved=True, runtime=1.17s, PAR-2=1.17s
[DEBUG] Processing 2123/2482: QF_NRA/20161105-Sturm-MBO/mbo_E1E6.smt2
[DEBUG] Predicted solver: SMTInterpol for benchmark QF_NRA/20161105-Sturm-MBO/mbo_E1E6.smt2
[DEBUG] Benchmark QF_NRA/20161105-Sturm-MBO/mbo_E1E6.smt2: solved=True, runtime=2.88s, PAR-2=2.88s
[DEBUG] Processing 2124/2482: QF_NRA/20220314-Uncu/Polynomial_Proof_Calls/ProveIneq_Mitrinovic_7_36.smt2
[DEBUG] Predicted solver: Z3alpha for benchmark QF_NRA/20220314-Uncu/Polynomial_Proof_Calls/ProveIneq_Mitrinovic_7_36.smt2
[DEBUG] Benchmark QF_NRA/20220314-Uncu/Polynomial_Proof_Calls/ProveIneq_Mitrinovic_7_36.smt2: solved=True, runtime=0.27s, PAR-2=0.27s
[DEBUG] Processing 2125/2482: QF_NRA/meti-tarski/sqrt/1mcosq/7/sqrt-1mcosq-7-chunk-0174.smt2
[DEBUG] Predicted solver: Z3alpha for benchmark QF_NRA/meti-tarski/sqrt/1mcosq/7/sqrt-1mcosq-7-chunk-0174.smt2
[DEBUG] Benchmark QF_NRA/meti-tarski/sqrt/1mcosq/7/sqrt-1mcosq-7-chunk-0174.smt2: solved=True, runtime=0.31s, PAR-2=0.31s
[DEBUG] Processing 2126/2482: QF_NRA/hycomp/ball_count_1d_plain.03.qfree_global_12.smt2
[DEBUG] Predicted solver: SMTInterpol for benchmark QF_NRA/hycomp/ball_count_1d_plain.03.qfree_global_12.smt2
[DEBUG] Benchmark QF_NRA/hycomp/ball_count_1d_plain.03.qfree_global_12.smt2: solved=True, runtime=0.86s, PAR-2=0.86s
[DEBUG] Processing 2127/2482: QF_NRA/hycomp/ball_count_2d_hill.04.seq_lazy_linear_enc_global_10.smt2
[DEBUG] Predicted solver: SMTInterpol for benchmark QF_NRA/hycomp/ball_count_2d_hill.04.seq_lazy_linear_enc_global_10.smt2
[DEBUG] Benchmark QF_NRA/hycomp/ball_count_2d_hill.04.seq_lazy_linear_enc_global_10.smt2: solved=True, runtime=0.99s, PAR-2=0.99s
[DEBUG] Processing 2128/2482: QF_NRA/meti-tarski/sqrt/1mcosq/8/sqrt-1mcosq-8-chunk-0412.smt2
[DEBUG] Predicted solver: Z3alpha for benchmark QF_NRA/meti-tarski/sqrt/1mcosq/8/sqrt-1mcosq-8-chunk-0412.smt2
[DEBUG] Benchmark QF_NRA/meti-tarski/sqrt/1mcosq/8/sqrt-1mcosq-8-chunk-0412.smt2: solved=True, runtime=0.29s, PAR-2=0.29s
[DEBUG] Processing 2129/2482: QF_NRA/meti-tarski/exp/problem/10/2/exp-problem-10-2-chunk-0320.smt2
[DEBUG] Predicted solver: Z3alpha for benchmark QF_NRA/meti-tarski/exp/problem/10/2/exp-problem-10-2-chunk-0320.smt2
[DEBUG] Benchmark QF_NRA/meti-tarski/exp/problem/10/2/exp-problem-10-2-chunk-0320.smt2: solved=True, runtime=0.32s, PAR-2=0.32s
[DEBUG] Processing 2130/2482: QF_NRA/meti-tarski/atan/vega/3/atan-vega-3-chunk-0315.smt2
[DEBUG] Predicted solver: Z3alpha for benchmark QF_NRA/meti-tarski/atan/vega/3/atan-vega-3-chunk-0315.smt2
[DEBUG] Benchmark QF_NRA/meti-tarski/atan/vega/3/atan-vega-3-chunk-0315.smt2: solved=True, runtime=0.27s, PAR-2=0.27s
[DEBUG] Processing 2131/2482: QF_NRA/20200911-Pine/1599121899534768000.smt2
[DEBUG] Predicted solver: Z3alpha for benchmark QF_NRA/20200911-Pine/1599121899534768000.smt2
[DEBUG] Benchmark QF_NRA/20200911-Pine/1599121899534768000.smt2: solved=True, runtime=0.32s, PAR-2=0.32s
[DEBUG] Processing 2132/2482: QF_NRA/LassoRanker/SV-COMP/HarrisLalNoriRajamani-2010SAS-Fig1_true-termination.c_Iteration1_Lasso_4-pieceTemplate.smt2
[DEBUG] Predicted solver: SMTInterpol for benchmark QF_NRA/LassoRanker/SV-COMP/HarrisLalNoriRajamani-2010SAS-Fig1_true-termination.c_Iteration1_Lasso_4-pieceTemplate.smt2
[DEBUG] Benchmark QF_NRA/LassoRanker/SV-COMP/HarrisLalNoriRajamani-2010SAS-Fig1_true-termination.c_Iteration1_Lasso_4-pieceTemplate.smt2: solved=True, runtime=0.95s, PAR-2=0.95s
[DEBUG] Processing 2133/2482: QF_NRA/20240407-pPDA-Chiari-Pontiggia-Winkler/past/sqrt2by2_bern_PRAY.smt2
[DEBUG] Predicted solver: SMTInterpol for benchmark QF_NRA/20240407-pPDA-Chiari-Pontiggia-Winkler/past/sqrt2by2_bern_PRAY.smt2
[DEBUG] Benchmark QF_NRA/20240407-pPDA-Chiari-Pontiggia-Winkler/past/sqrt2by2_bern_PRAY.smt2: solved=True, runtime=0.42s, PAR-2=0.42s
[DEBUG] Processing 2134/2482: QF_NRA/20161105-Sturm-MBO/mbo_E13E19.smt2
[DEBUG] Predicted solver: SMTInterpol for benchmark QF_NRA/20161105-Sturm-MBO/mbo_E13E19.smt2
[DEBUG] Benchmark QF_NRA/20161105-Sturm-MBO/mbo_E13E19.smt2: solved=True, runtime=2.13s, PAR-2=2.13s
[DEBUG] Processing 2135/2482: QF_NRA/20161105-Sturm-MBO/mbo_E7E15.smt2
[DEBUG] Predicted solver: SMTInterpol for benchmark QF_NRA/20161105-Sturm-MBO/mbo_E7E15.smt2
[DEBUG] Benchmark QF_NRA/20161105-Sturm-MBO/mbo_E7E15.smt2: solved=True, runtime=1.47s, PAR-2=1.47s
[DEBUG] Processing 2136/2482: QF_NRA/meti-tarski/atan/problem/2/weak/atan-problem-2-weak-chunk-0157.smt2
[DEBUG] Predicted solver: Z3alpha for benchmark QF_NRA/meti-tarski/atan/problem/2/weak/atan-problem-2-weak-chunk-0157.smt2
[DEBUG] Benchmark QF_NRA/meti-tarski/atan/problem/2/weak/atan-problem-2-weak-chunk-0157.smt2: solved=True, runtime=0.27s, PAR-2=0.27s
[DEBUG] Processing 2137/2482: QF_NRA/hycomp/ball_count_2d_plain.03.seq_lazy_lemmas_global_14.smt2
[DEBUG] Predicted solver: SMTInterpol for benchmark QF_NRA/hycomp/ball_count_2d_plain.03.seq_lazy_lemmas_global_14.smt2
[DEBUG] Benchmark QF_NRA/hycomp/ball_count_2d_plain.03.seq_lazy_lemmas_global_14.smt2: solved=True, runtime=1.02s, PAR-2=1.02s
[DEBUG] Processing 2138/2482: QF_NRA/meti-tarski/sin/problem/7/sin-problem-7-chunk-0347.smt2
[DEBUG] Predicted solver: Z3alpha for benchmark QF_NRA/meti-tarski/sin/problem/7/sin-problem-7-chunk-0347.smt2
[DEBUG] Benchmark QF_NRA/meti-tarski/sin/problem/7/sin-problem-7-chunk-0347.smt2: solved=True, runtime=0.27s, PAR-2=0.27s
[DEBUG] Processing 2139/2482: QF_NRA/hycomp/ball_count_2d_slope.01.seq_lazy_linear_enc_lemmas_global_14.smt2
[DEBUG] Predicted solver: SMTInterpol for benchmark QF_NRA/hycomp/ball_count_2d_slope.01.seq_lazy_linear_enc_lemmas_global_14.smt2
[DEBUG] Benchmark QF_NRA/hycomp/ball_count_2d_slope.01.seq_lazy_linear_enc_lemmas_global_14.smt2: solved=True, runtime=1.28s, PAR-2=1.28s
[DEBUG] Processing 2140/2482: QF_NRA/20161105-Sturm-MBO/mbo_E10E18.smt2
[DEBUG] Predicted solver: SMTInterpol for benchmark QF_NRA/20161105-Sturm-MBO/mbo_E10E18.smt2
[DEBUG] Benchmark QF_NRA/20161105-Sturm-MBO/mbo_E10E18.smt2: solved=True, runtime=1.71s, PAR-2=1.71s
[DEBUG] Processing 2141/2482: QF_NRA/hycomp/ball_count_2d_hill_simple.01.redlog_global_11.smt2
[DEBUG] Predicted solver: SMTInterpol for benchmark QF_NRA/hycomp/ball_count_2d_hill_simple.01.redlog_global_11.smt2
[DEBUG] Benchmark QF_NRA/hycomp/ball_count_2d_hill_simple.01.redlog_global_11.smt2: solved=True, runtime=1.03s, PAR-2=1.03s
[DEBUG] Processing 2142/2482: QF_NRA/hycomp/ball_count_1d_plain.05.seq_lazy_global_8.smt2
[DEBUG] Predicted solver: SMTInterpol for benchmark QF_NRA/hycomp/ball_count_1d_plain.05.seq_lazy_global_8.smt2
[DEBUG] Benchmark QF_NRA/hycomp/ball_count_1d_plain.05.seq_lazy_global_8.smt2: solved=True, runtime=0.89s, PAR-2=0.89s
[DEBUG] Processing 2143/2482: QF_NRA/20220314-Uncu/Rational_Function_Proof_Calls_With_Basic_Denominator_Simplifications/BDC_ProveIneq_ISSAC10_ex3b.smt2
[DEBUG] Predicted solver: Z3alpha for benchmark QF_NRA/20220314-Uncu/Rational_Function_Proof_Calls_With_Basic_Denominator_Simplifications/BDC_ProveIneq_ISSAC10_ex3b.smt2
[DEBUG] Benchmark QF_NRA/20220314-Uncu/Rational_Function_Proof_Calls_With_Basic_Denominator_Simplifications/BDC_ProveIneq_ISSAC10_ex3b.smt2: solved=True, runtime=0.29s, PAR-2=0.29s
[DEBUG] Processing 2144/2482: QF_NRA/meti-tarski/exp/problem/10/2/exp-problem-10-2-chunk-0303.smt2
[DEBUG] Predicted solver: Z3alpha for benchmark QF_NRA/meti-tarski/exp/problem/10/2/exp-problem-10-2-chunk-0303.smt2
[DEBUG] Benchmark QF_NRA/meti-tarski/exp/problem/10/2/exp-problem-10-2-chunk-0303.smt2: solved=True, runtime=0.27s, PAR-2=0.27s
[DEBUG] Processing 2145/2482: QF_NRA/hycomp/ball_count_2d_hill.10.seq_lazy_linear_enc_lemmas_global_10.smt2
[DEBUG] Predicted solver: SMTInterpol for benchmark QF_NRA/hycomp/ball_count_2d_hill.10.seq_lazy_linear_enc_lemmas_global_10.smt2
[DEBUG] Benchmark QF_NRA/hycomp/ball_count_2d_hill.10.seq_lazy_linear_enc_lemmas_global_10.smt2: solved=True, runtime=1.13s, PAR-2=1.13s
[DEBUG] Processing 2146/2482: QF_NRA/meti-tarski/polypaver/bench-sqrt-3d/polypaver-bench-sqrt-3d-chunk-0194.smt2
[DEBUG] Predicted solver: Z3alpha for benchmark QF_NRA/meti-tarski/polypaver/bench-sqrt-3d/polypaver-bench-sqrt-3d-chunk-0194.smt2
[DEBUG] Benchmark QF_NRA/meti-tarski/polypaver/bench-sqrt-3d/polypaver-bench-sqrt-3d-chunk-0194.smt2: solved=True, runtime=0.27s, PAR-2=0.27s
[DEBUG] Processing 2147/2482: QF_NRA/hycomp/ball_count_2d_plain.01.seq_lazy_linear_enc_lemmas_global_14.smt2
[DEBUG] Predicted solver: SMTInterpol for benchmark QF_NRA/hycomp/ball_count_2d_plain.01.seq_lazy_linear_enc_lemmas_global_14.smt2
[DEBUG] Benchmark QF_NRA/hycomp/ball_count_2d_plain.01.seq_lazy_linear_enc_lemmas_global_14.smt2: solved=True, runtime=0.94s, PAR-2=0.94s
[DEBUG] Processing 2148/2482: QF_NRA/meti-tarski/Lyapunov/Lyapunov1a-chunk-0025.smt2
[DEBUG] Predicted solver: Z3alpha for benchmark QF_NRA/meti-tarski/Lyapunov/Lyapunov1a-chunk-0025.smt2
[DEBUG] Benchmark QF_NRA/meti-tarski/Lyapunov/Lyapunov1a-chunk-0025.smt2: solved=True, runtime=0.27s, PAR-2=0.27s
[DEBUG] Processing 2149/2482: QF_NRA/20180501-Economics-Mulligan/MulliganEconomicsModel0012c.smt2
[DEBUG] Predicted solver: SMTInterpol for benchmark QF_NRA/20180501-Economics-Mulligan/MulliganEconomicsModel0012c.smt2
[DEBUG] Benchmark QF_NRA/20180501-Economics-Mulligan/MulliganEconomicsModel0012c.smt2: solved=True, runtime=0.41s, PAR-2=0.41s
[DEBUG] Processing 2150/2482: QF_NRA/meti-tarski/sqrt/1mcosq/8/sqrt-1mcosq-8-chunk-0112.smt2
[DEBUG] Predicted solver: Z3alpha for benchmark QF_NRA/meti-tarski/sqrt/1mcosq/8/sqrt-1mcosq-8-chunk-0112.smt2
[DEBUG] Benchmark QF_NRA/meti-tarski/sqrt/1mcosq/8/sqrt-1mcosq-8-chunk-0112.smt2: solved=True, runtime=0.30s, PAR-2=0.30s
[DEBUG] Processing 2151/2482: QF_NRA/20161105-Sturm-MBO/mbo_E15E24.smt2
[DEBUG] Predicted solver: SMTInterpol for benchmark QF_NRA/20161105-Sturm-MBO/mbo_E15E24.smt2
[DEBUG] Benchmark QF_NRA/20161105-Sturm-MBO/mbo_E15E24.smt2: solved=True, runtime=2.09s, PAR-2=2.09s
[DEBUG] Processing 2152/2482: QF_NRA/hycomp/ball_count_2d_slope.04.seq_lazy_linear_enc_lemmas_global_5.smt2
[DEBUG] Predicted solver: SMTInterpol for benchmark QF_NRA/hycomp/ball_count_2d_slope.04.seq_lazy_linear_enc_lemmas_global_5.smt2
[DEBUG] Benchmark QF_NRA/hycomp/ball_count_2d_slope.04.seq_lazy_linear_enc_lemmas_global_5.smt2: solved=True, runtime=1.03s, PAR-2=1.03s
[DEBUG] Processing 2153/2482: QF_NRA/20220314-Uncu/Rational_Function_Proof_Calls_With_Basic_Denominator_Simplifications/BDC_ProveIneq_Mitrinovic_8_3.smt2
[DEBUG] Predicted solver: Z3alpha for benchmark QF_NRA/20220314-Uncu/Rational_Function_Proof_Calls_With_Basic_Denominator_Simplifications/BDC_ProveIneq_Mitrinovic_8_3.smt2
[DEBUG] Benchmark QF_NRA/20220314-Uncu/Rational_Function_Proof_Calls_With_Basic_Denominator_Simplifications/BDC_ProveIneq_Mitrinovic_8_3.smt2: solved=True, runtime=0.26s, PAR-2=0.26s
[DEBUG] Processing 2154/2482: QF_NRA/hycomp/ball_count_2d_plain.05.seq_lazy_lemmas_global_8.smt2
[DEBUG] Predicted solver: SMTInterpol for benchmark QF_NRA/hycomp/ball_count_2d_plain.05.seq_lazy_lemmas_global_8.smt2
[DEBUG] Benchmark QF_NRA/hycomp/ball_count_2d_plain.05.seq_lazy_lemmas_global_8.smt2: solved=True, runtime=1.04s, PAR-2=1.04s
[DEBUG] Processing 2155/2482: QF_NRA/meti-tarski/sin/344/4/sin-344-4-chunk-0052.smt2
[DEBUG] Predicted solver: Z3alpha for benchmark QF_NRA/meti-tarski/sin/344/4/sin-344-4-chunk-0052.smt2
[DEBUG] Benchmark QF_NRA/meti-tarski/sin/344/4/sin-344-4-chunk-0052.smt2: solved=True, runtime=0.27s, PAR-2=0.27s
[DEBUG] Processing 2156/2482: QF_NRA/LassoRanker/SV-COMP/CookSeeZuleger-2013TACAS-Fig3_true-termination.c_Iteration1_Loop_4-phaseTemplate.smt2
[DEBUG] Predicted solver: SMTInterpol for benchmark QF_NRA/LassoRanker/SV-COMP/CookSeeZuleger-2013TACAS-Fig3_true-termination.c_Iteration1_Loop_4-phaseTemplate.smt2
[DEBUG] Benchmark QF_NRA/LassoRanker/SV-COMP/CookSeeZuleger-2013TACAS-Fig3_true-termination.c_Iteration1_Loop_4-phaseTemplate.smt2: solved=True, runtime=4.01s, PAR-2=4.01s
[DEBUG] Processing 2157/2482: QF_NRA/20161105-Sturm-MBO/mbo_E8E21.smt2
[DEBUG] Predicted solver: SMTInterpol for benchmark QF_NRA/20161105-Sturm-MBO/mbo_E8E21.smt2
[DEBUG] Benchmark QF_NRA/20161105-Sturm-MBO/mbo_E8E21.smt2: solved=True, runtime=1.79s, PAR-2=1.79s
[DEBUG] Processing 2158/2482: QF_NRA/hycomp/ball_count_2d_plain.02.seq_lazy_linear_enc_global_8.smt2
[DEBUG] Predicted solver: SMTInterpol for benchmark QF_NRA/hycomp/ball_count_2d_plain.02.seq_lazy_linear_enc_global_8.smt2
[DEBUG] Benchmark QF_NRA/hycomp/ball_count_2d_plain.02.seq_lazy_linear_enc_global_8.smt2: solved=True, runtime=0.79s, PAR-2=0.79s
[DEBUG] Processing 2159/2482: QF_NRA/2019-ezsmt/reverseFolding/38-reverse_folding-0-0.smt2
[DEBUG] Predicted solver: Yices2 for benchmark QF_NRA/2019-ezsmt/reverseFolding/38-reverse_folding-0-0.smt2
[DEBUG] Benchmark QF_NRA/2019-ezsmt/reverseFolding/38-reverse_folding-0-0.smt2: solved=True, runtime=2.95s, PAR-2=2.95s
[DEBUG] Processing 2160/2482: QF_NRA/hycomp/ball_count_2d_hill_simple.10.seq_lazy_linear_enc_global_6.smt2
[DEBUG] Predicted solver: SMTInterpol for benchmark QF_NRA/hycomp/ball_count_2d_hill_simple.10.seq_lazy_linear_enc_global_6.smt2
[DEBUG] Benchmark QF_NRA/hycomp/ball_count_2d_hill_simple.10.seq_lazy_linear_enc_global_6.smt2: solved=True, runtime=0.82s, PAR-2=0.82s
[DEBUG] Processing 2161/2482: QF_NRA/LassoRanker/SV-COMP/Masse_true-termination.c_Iteration1_Lasso_2-pieceTemplate.smt2
[DEBUG] Predicted solver: SMTInterpol for benchmark QF_NRA/LassoRanker/SV-COMP/Masse_true-termination.c_Iteration1_Lasso_2-pieceTemplate.smt2
[DEBUG] Benchmark QF_NRA/LassoRanker/SV-COMP/Masse_true-termination.c_Iteration1_Lasso_2-pieceTemplate.smt2: solved=True, runtime=2.01s, PAR-2=2.01s
[DEBUG] Processing 2162/2482: QF_NRA/meti-tarski/atan/vega/3/weak/atan-vega-3-weak-chunk-0307.smt2
[DEBUG] Predicted solver: Z3alpha for benchmark QF_NRA/meti-tarski/atan/vega/3/weak/atan-vega-3-weak-chunk-0307.smt2
[DEBUG] Benchmark QF_NRA/meti-tarski/atan/vega/3/weak/atan-vega-3-weak-chunk-0307.smt2: solved=True, runtime=0.31s, PAR-2=0.31s
[DEBUG] Processing 2163/2482: QF_NRA/zankl/matrix-2-all-16.smt2
[DEBUG] Predicted solver: SMTInterpol for benchmark QF_NRA/zankl/matrix-2-all-16.smt2
[DEBUG] Benchmark QF_NRA/zankl/matrix-2-all-16.smt2: solved=True, runtime=0.70s, PAR-2=0.70s
[DEBUG] Processing 2164/2482: QF_NRA/meti-tarski/sqrt/1mcosq/8/sqrt-1mcosq-8-chunk-0172.smt2
[DEBUG] Predicted solver: Z3alpha for benchmark QF_NRA/meti-tarski/sqrt/1mcosq/8/sqrt-1mcosq-8-chunk-0172.smt2
[DEBUG] Benchmark QF_NRA/meti-tarski/sqrt/1mcosq/8/sqrt-1mcosq-8-chunk-0172.smt2: solved=True, runtime=0.27s, PAR-2=0.27s
[DEBUG] Processing 2165/2482: QF_NRA/meti-tarski/atan/problem/1/weak/atan-problem-1-weak-chunk-0026.smt2
[DEBUG] Predicted solver: Z3alpha for benchmark QF_NRA/meti-tarski/atan/problem/1/weak/atan-problem-1-weak-chunk-0026.smt2
[DEBUG] Benchmark QF_NRA/meti-tarski/atan/problem/1/weak/atan-problem-1-weak-chunk-0026.smt2: solved=True, runtime=0.32s, PAR-2=0.32s
[DEBUG] Processing 2166/2482: QF_NRA/hycomp/ball_count_2d_hill_simple.05.seq_lazy_linear_enc_lemmas_global_6.smt2
[DEBUG] Predicted solver: SMTInterpol for benchmark QF_NRA/hycomp/ball_count_2d_hill_simple.05.seq_lazy_linear_enc_lemmas_global_6.smt2
[DEBUG] Benchmark QF_NRA/hycomp/ball_count_2d_hill_simple.05.seq_lazy_linear_enc_lemmas_global_6.smt2: solved=True, runtime=0.87s, PAR-2=0.87s
[DEBUG] Processing 2167/2482: QF_NRA/meti-tarski/atan/vega/3/atan-vega-3-chunk-0067.smt2
[DEBUG] Predicted solver: Z3alpha for benchmark QF_NRA/meti-tarski/atan/vega/3/atan-vega-3-chunk-0067.smt2
[DEBUG] Benchmark QF_NRA/meti-tarski/atan/vega/3/atan-vega-3-chunk-0067.smt2: solved=True, runtime=0.27s, PAR-2=0.27s
[DEBUG] Processing 2168/2482: QF_NRA/20220314-Uncu/Polynomial_Proof_Calls/ProveIneq_ISSAC05_SignPattern_Lemma4d.smt2
[DEBUG] Predicted solver: Z3alpha for benchmark QF_NRA/20220314-Uncu/Polynomial_Proof_Calls/ProveIneq_ISSAC05_SignPattern_Lemma4d.smt2
[DEBUG] Benchmark QF_NRA/20220314-Uncu/Polynomial_Proof_Calls/ProveIneq_ISSAC05_SignPattern_Lemma4d.smt2: solved=True, runtime=0.39s, PAR-2=0.39s
[DEBUG] Processing 2169/2482: QF_NRA/meti-tarski/polypaver/bench-sqrt-3d/polypaver-bench-sqrt-3d-chunk-0448.smt2
[DEBUG] Predicted solver: Z3alpha for benchmark QF_NRA/meti-tarski/polypaver/bench-sqrt-3d/polypaver-bench-sqrt-3d-chunk-0448.smt2
[DEBUG] Benchmark QF_NRA/meti-tarski/polypaver/bench-sqrt-3d/polypaver-bench-sqrt-3d-chunk-0448.smt2: solved=True, runtime=0.35s, PAR-2=0.35s
[DEBUG] Processing 2170/2482: QF_NRA/meti-tarski/Lyapunov/Lyapunov1a-chunk-0039.smt2
[DEBUG] Predicted solver: Z3alpha for benchmark QF_NRA/meti-tarski/Lyapunov/Lyapunov1a-chunk-0039.smt2
[DEBUG] Benchmark QF_NRA/meti-tarski/Lyapunov/Lyapunov1a-chunk-0039.smt2: solved=True, runtime=0.28s, PAR-2=0.28s
[DEBUG] Processing 2171/2482: QF_NRA/meti-tarski/atan/problem/1/atan-problem-1-chunk-0097.smt2
[DEBUG] Predicted solver: Z3alpha for benchmark QF_NRA/meti-tarski/atan/problem/1/atan-problem-1-chunk-0097.smt2
[DEBUG] Benchmark QF_NRA/meti-tarski/atan/problem/1/atan-problem-1-chunk-0097.smt2: solved=True, runtime=0.27s, PAR-2=0.27s
[DEBUG] Processing 2172/2482: QF_NRA/LassoRanker/CooperatingT2/collatz.t2.c_Iteration3_Lasso_4-pieceTemplate.smt2
[DEBUG] Predicted solver: SMTInterpol for benchmark QF_NRA/LassoRanker/CooperatingT2/collatz.t2.c_Iteration3_Lasso_4-pieceTemplate.smt2
[DEBUG] Benchmark QF_NRA/LassoRanker/CooperatingT2/collatz.t2.c_Iteration3_Lasso_4-pieceTemplate.smt2: solved=True, runtime=2.08s, PAR-2=2.08s
[DEBUG] Processing 2173/2482: QF_NRA/meti-tarski/atan/vega/3/weak/atan-vega-3-weak-chunk-0384.smt2
[DEBUG] Predicted solver: Z3alpha for benchmark QF_NRA/meti-tarski/atan/vega/3/weak/atan-vega-3-weak-chunk-0384.smt2
[DEBUG] Benchmark QF_NRA/meti-tarski/atan/vega/3/weak/atan-vega-3-weak-chunk-0384.smt2: solved=True, runtime=0.35s, PAR-2=0.35s
[DEBUG] Processing 2174/2482: QF_NRA/meti-tarski/Chua/2/VC1/L/Chua-2-VC1-L-chunk-0070.smt2
[DEBUG] Predicted solver: Z3alpha for benchmark QF_NRA/meti-tarski/Chua/2/VC1/L/Chua-2-VC1-L-chunk-0070.smt2
[DEBUG] Benchmark QF_NRA/meti-tarski/Chua/2/VC1/L/Chua-2-VC1-L-chunk-0070.smt2: solved=True, runtime=0.27s, PAR-2=0.27s
[DEBUG] Processing 2175/2482: QF_NRA/meti-tarski/sin/problem/7/sin-problem-7-chunk-0308.smt2
[DEBUG] Predicted solver: Z3alpha for benchmark QF_NRA/meti-tarski/sin/problem/7/sin-problem-7-chunk-0308.smt2
[DEBUG] Benchmark QF_NRA/meti-tarski/sin/problem/7/sin-problem-7-chunk-0308.smt2: solved=True, runtime=0.54s, PAR-2=0.54s
[DEBUG] Processing 2176/2482: QF_NRA/20180501-Economics-Mulligan/MulliganEconomicsModel0018c.smt2
[DEBUG] Predicted solver: cvc5 for benchmark QF_NRA/20180501-Economics-Mulligan/MulliganEconomicsModel0018c.smt2
[DEBUG] Benchmark QF_NRA/20180501-Economics-Mulligan/MulliganEconomicsModel0018c.smt2: solved=True, runtime=0.22s, PAR-2=0.22s
[DEBUG] Processing 2177/2482: QF_NRA/LassoRanker/SV-COMP/aviad_true-termination.c_Iteration1_Loop_2-lexTemplate.smt2
[DEBUG] Predicted solver: Yices2 for benchmark QF_NRA/LassoRanker/SV-COMP/aviad_true-termination.c_Iteration1_Loop_2-lexTemplate.smt2
[DEBUG] Benchmark QF_NRA/LassoRanker/SV-COMP/aviad_true-termination.c_Iteration1_Loop_2-lexTemplate.smt2: solved=True, runtime=196.67s, PAR-2=196.67s
[DEBUG] Processing 2178/2482: QF_NRA/LassoRanker/CooperatingT2/sas2.t2.c_Iteration6_Lasso_2-pieceTemplate.smt2
[DEBUG] Predicted solver: SMTInterpol for benchmark QF_NRA/LassoRanker/CooperatingT2/sas2.t2.c_Iteration6_Lasso_2-pieceTemplate.smt2
[DEBUG] Benchmark QF_NRA/LassoRanker/CooperatingT2/sas2.t2.c_Iteration6_Lasso_2-pieceTemplate.smt2: solved=True, runtime=2.72s, PAR-2=2.72s
[DEBUG] Processing 2179/2482: QF_NRA/meti-tarski/exp/problem/10/3/weak/exp-problem-10-3-weak-chunk-0220.smt2
[DEBUG] Predicted solver: Z3alpha for benchmark QF_NRA/meti-tarski/exp/problem/10/3/weak/exp-problem-10-3-weak-chunk-0220.smt2
[DEBUG] Benchmark QF_NRA/meti-tarski/exp/problem/10/3/weak/exp-problem-10-3-weak-chunk-0220.smt2: solved=True, runtime=0.36s, PAR-2=0.36s
[DEBUG] Processing 2180/2482: QF_NRA/hycomp/ball_count_2d_plain.04.seq_lazy_lemmas_global_13.smt2
[DEBUG] Predicted solver: SMTInterpol for benchmark QF_NRA/hycomp/ball_count_2d_plain.04.seq_lazy_lemmas_global_13.smt2
[DEBUG] Benchmark QF_NRA/hycomp/ball_count_2d_plain.04.seq_lazy_lemmas_global_13.smt2: solved=True, runtime=1.06s, PAR-2=1.06s
[DEBUG] Processing 2181/2482: QF_NRA/20161105-Sturm-MBO/mbo_E15E17.smt2
[DEBUG] Predicted solver: SMTInterpol for benchmark QF_NRA/20161105-Sturm-MBO/mbo_E15E17.smt2
[DEBUG] Benchmark QF_NRA/20161105-Sturm-MBO/mbo_E15E17.smt2: solved=True, runtime=2.23s, PAR-2=2.23s
[DEBUG] Processing 2182/2482: QF_NRA/meti-tarski/atan/vega/3/atan-vega-3-chunk-0447.smt2
[DEBUG] Predicted solver: Z3alpha for benchmark QF_NRA/meti-tarski/atan/vega/3/atan-vega-3-chunk-0447.smt2
[DEBUG] Benchmark QF_NRA/meti-tarski/atan/vega/3/atan-vega-3-chunk-0447.smt2: solved=True, runtime=0.39s, PAR-2=0.39s
[DEBUG] Processing 2183/2482: QF_NRA/hycomp/ball_count_2d_plain.05.redlog_global_10.smt2
[DEBUG] Predicted solver: SMTInterpol for benchmark QF_NRA/hycomp/ball_count_2d_plain.05.redlog_global_10.smt2
[DEBUG] Benchmark QF_NRA/hycomp/ball_count_2d_plain.05.redlog_global_10.smt2: solved=True, runtime=1.02s, PAR-2=1.02s
[DEBUG] Processing 2184/2482: QF_NRA/meti-tarski/sqrt/problem/13/sqrt1/sqrt-problem-13-sqrt1-chunk-0082.smt2
[DEBUG] Predicted solver: Z3alpha for benchmark QF_NRA/meti-tarski/sqrt/problem/13/sqrt1/sqrt-problem-13-sqrt1-chunk-0082.smt2
[DEBUG] Benchmark QF_NRA/meti-tarski/sqrt/problem/13/sqrt1/sqrt-problem-13-sqrt1-chunk-0082.smt2: solved=True, runtime=0.28s, PAR-2=0.28s
[DEBUG] Processing 2185/2482: QF_NRA/hycomp/ball_count_2d_hill_simple.10.seq_lazy_linear_enc_global_11.smt2
[DEBUG] Predicted solver: SMTInterpol for benchmark QF_NRA/hycomp/ball_count_2d_hill_simple.10.seq_lazy_linear_enc_global_11.smt2
[DEBUG] Benchmark QF_NRA/hycomp/ball_count_2d_hill_simple.10.seq_lazy_linear_enc_global_11.smt2: solved=True, runtime=0.90s, PAR-2=0.90s
[DEBUG] Processing 2186/2482: QF_NRA/meti-tarski/atan/vega/3/weak/atan-vega-3-weak-chunk-0385.smt2
[DEBUG] Predicted solver: Z3alpha for benchmark QF_NRA/meti-tarski/atan/vega/3/weak/atan-vega-3-weak-chunk-0385.smt2
[DEBUG] Benchmark QF_NRA/meti-tarski/atan/vega/3/weak/atan-vega-3-weak-chunk-0385.smt2: solved=True, runtime=3.63s, PAR-2=3.63s
[DEBUG] Processing 2187/2482: QF_NRA/hycomp/ball_count_2d_hill.01.seq_lazy_linear_enc_lemmas_global_10.smt2
[DEBUG] Predicted solver: SMTInterpol for benchmark QF_NRA/hycomp/ball_count_2d_hill.01.seq_lazy_linear_enc_lemmas_global_10.smt2
[DEBUG] Benchmark QF_NRA/hycomp/ball_count_2d_hill.01.seq_lazy_linear_enc_lemmas_global_10.smt2: solved=True, runtime=0.99s, PAR-2=0.99s
[DEBUG] Processing 2188/2482: QF_NRA/LassoRanker/CooperatingT2/firewire.t2.c_Iteration3_Loop_3-pieceTemplate.smt2
[DEBUG] Predicted solver: SMTInterpol for benchmark QF_NRA/LassoRanker/CooperatingT2/firewire.t2.c_Iteration3_Loop_3-pieceTemplate.smt2
[DEBUG] Benchmark QF_NRA/LassoRanker/CooperatingT2/firewire.t2.c_Iteration3_Loop_3-pieceTemplate.smt2: solved=True, runtime=2.55s, PAR-2=2.55s
[DEBUG] Processing 2189/2482: QF_NRA/hycomp/ball_count_2d_plain.01.qfree_global_4.smt2
[DEBUG] Predicted solver: SMTInterpol for benchmark QF_NRA/hycomp/ball_count_2d_plain.01.qfree_global_4.smt2
[DEBUG] Benchmark QF_NRA/hycomp/ball_count_2d_plain.01.qfree_global_4.smt2: solved=True, runtime=0.68s, PAR-2=0.68s
[DEBUG] Processing 2190/2482: QF_NRA/meti-tarski/Nichols-Plot/Inverted-Pendulum/Nichols-Plot-Inverted-Pendulum-Fails-1-6-chunk-0052.smt2
[DEBUG] Predicted solver: Z3alpha for benchmark QF_NRA/meti-tarski/Nichols-Plot/Inverted-Pendulum/Nichols-Plot-Inverted-Pendulum-Fails-1-6-chunk-0052.smt2
[DEBUG] Benchmark QF_NRA/meti-tarski/Nichols-Plot/Inverted-Pendulum/Nichols-Plot-Inverted-Pendulum-Fails-1-6-chunk-0052.smt2: solved=True, runtime=0.27s, PAR-2=0.27s
[DEBUG] Processing 2191/2482: QF_NRA/hycomp/ball_count_2d_hill.01.seq_lazy_global_13.smt2
[DEBUG] Predicted solver: SMTInterpol for benchmark QF_NRA/hycomp/ball_count_2d_hill.01.seq_lazy_global_13.smt2
[DEBUG] Benchmark QF_NRA/hycomp/ball_count_2d_hill.01.seq_lazy_global_13.smt2: solved=True, runtime=1.19s, PAR-2=1.19s
[DEBUG] Processing 2192/2482: QF_NRA/meti-tarski/sin/344/4/sin-344-4-chunk-0021.smt2
[DEBUG] Predicted solver: Z3alpha for benchmark QF_NRA/meti-tarski/sin/344/4/sin-344-4-chunk-0021.smt2
[DEBUG] Benchmark QF_NRA/meti-tarski/sin/344/4/sin-344-4-chunk-0021.smt2: solved=True, runtime=0.30s, PAR-2=0.30s
[DEBUG] Processing 2193/2482: QF_NRA/LassoRanker/CooperatingT2/rlft3.c.i.rlft3.pl.t2.fixed.t2.c_Iteration2_Loop_4-pieceTemplate.smt2
[DEBUG] Predicted solver: SMTInterpol for benchmark QF_NRA/LassoRanker/CooperatingT2/rlft3.c.i.rlft3.pl.t2.fixed.t2.c_Iteration2_Loop_4-pieceTemplate.smt2
[DEBUG] Benchmark QF_NRA/LassoRanker/CooperatingT2/rlft3.c.i.rlft3.pl.t2.fixed.t2.c_Iteration2_Loop_4-pieceTemplate.smt2: solved=True, runtime=1.94s, PAR-2=1.94s
[DEBUG] Processing 2194/2482: QF_NRA/20161105-Sturm-MBO/mbo_E14E18.smt2
[DEBUG] Predicted solver: SMTInterpol for benchmark QF_NRA/20161105-Sturm-MBO/mbo_E14E18.smt2
[DEBUG] Benchmark QF_NRA/20161105-Sturm-MBO/mbo_E14E18.smt2: solved=True, runtime=2.01s, PAR-2=2.01s
[DEBUG] Processing 2195/2482: QF_NRA/hycomp/ball_count_2d_hill.04.seq_lazy_global_12.smt2
[DEBUG] Predicted solver: SMTInterpol for benchmark QF_NRA/hycomp/ball_count_2d_hill.04.seq_lazy_global_12.smt2
[DEBUG] Benchmark QF_NRA/hycomp/ball_count_2d_hill.04.seq_lazy_global_12.smt2: solved=True, runtime=1.00s, PAR-2=1.00s
[DEBUG] Processing 2196/2482: QF_NRA/hycomp/ball_count_2d_plain.02.redlog_global_10.smt2
[DEBUG] Predicted solver: SMTInterpol for benchmark QF_NRA/hycomp/ball_count_2d_plain.02.redlog_global_10.smt2
[DEBUG] Benchmark QF_NRA/hycomp/ball_count_2d_plain.02.redlog_global_10.smt2: solved=True, runtime=1.00s, PAR-2=1.00s
[DEBUG] Processing 2197/2482: QF_NRA/hycomp/ball_count_2d_hill_simple.10.seq_lazy_lemmas_global_12.smt2
[DEBUG] Predicted solver: SMTInterpol for benchmark QF_NRA/hycomp/ball_count_2d_hill_simple.10.seq_lazy_lemmas_global_12.smt2
[DEBUG] Benchmark QF_NRA/hycomp/ball_count_2d_hill_simple.10.seq_lazy_lemmas_global_12.smt2: solved=True, runtime=1.11s, PAR-2=1.11s
[DEBUG] Processing 2198/2482: QF_NRA/meti-tarski/exp/problem/10/2/exp-problem-10-2-chunk-0169.smt2
[DEBUG] Predicted solver: Z3alpha for benchmark QF_NRA/meti-tarski/exp/problem/10/2/exp-problem-10-2-chunk-0169.smt2
[DEBUG] Benchmark QF_NRA/meti-tarski/exp/problem/10/2/exp-problem-10-2-chunk-0169.smt2: solved=True, runtime=0.29s, PAR-2=0.29s
[DEBUG] Processing 2199/2482: QF_NRA/meti-tarski/atan/problem/2/weak/atan-problem-2-weak-chunk-0103.smt2
[DEBUG] Predicted solver: Z3alpha for benchmark QF_NRA/meti-tarski/atan/problem/2/weak/atan-problem-2-weak-chunk-0103.smt2
[DEBUG] Benchmark QF_NRA/meti-tarski/atan/problem/2/weak/atan-problem-2-weak-chunk-0103.smt2: solved=True, runtime=0.27s, PAR-2=0.27s
[DEBUG] Processing 2200/2482: QF_NRA/20170501-Heizmann-UltimateInvariantSynthesis/down.i_4_5_5.bpl_3.smt2
[DEBUG] Predicted solver: SMTInterpol for benchmark QF_NRA/20170501-Heizmann-UltimateInvariantSynthesis/down.i_4_5_5.bpl_3.smt2
[DEBUG] Benchmark QF_NRA/20170501-Heizmann-UltimateInvariantSynthesis/down.i_4_5_5.bpl_3.smt2: solved=True, runtime=0.70s, PAR-2=0.70s
[DEBUG] Processing 2201/2482: QF_NRA/hycomp/ball_count_2d_hill_simple.04.redlog_global_10.smt2
[DEBUG] Predicted solver: SMTInterpol for benchmark QF_NRA/hycomp/ball_count_2d_hill_simple.04.redlog_global_10.smt2
[DEBUG] Benchmark QF_NRA/hycomp/ball_count_2d_hill_simple.04.redlog_global_10.smt2: solved=True, runtime=0.90s, PAR-2=0.90s
[DEBUG] Processing 2202/2482: QF_NRA/meti-tarski/Chua/1/VC1/L/Chua-1-VC1-L-chunk-0119.smt2
[DEBUG] Predicted solver: Z3alpha for benchmark QF_NRA/meti-tarski/Chua/1/VC1/L/Chua-1-VC1-L-chunk-0119.smt2
[DEBUG] Benchmark QF_NRA/meti-tarski/Chua/1/VC1/L/Chua-1-VC1-L-chunk-0119.smt2: solved=True, runtime=0.27s, PAR-2=0.27s
[DEBUG] Processing 2203/2482: QF_NRA/meti-tarski/sqrt/1mcosq/8/sqrt-1mcosq-8-chunk-0189.smt2
[DEBUG] Predicted solver: Z3alpha for benchmark QF_NRA/meti-tarski/sqrt/1mcosq/8/sqrt-1mcosq-8-chunk-0189.smt2
[DEBUG] Benchmark QF_NRA/meti-tarski/sqrt/1mcosq/8/sqrt-1mcosq-8-chunk-0189.smt2: solved=True, runtime=0.32s, PAR-2=0.32s
[DEBUG] Processing 2204/2482: QF_NRA/hycomp/ball_count_2d_plain.04.qfree_global_11.smt2
[DEBUG] Predicted solver: SMTInterpol for benchmark QF_NRA/hycomp/ball_count_2d_plain.04.qfree_global_11.smt2
[DEBUG] Benchmark QF_NRA/hycomp/ball_count_2d_plain.04.qfree_global_11.smt2: solved=True, runtime=1.01s, PAR-2=1.01s
[DEBUG] Processing 2205/2482: QF_NRA/zankl/matrix-1-all-41.smt2
[DEBUG] Predicted solver: SMTInterpol for benchmark QF_NRA/zankl/matrix-1-all-41.smt2
[DEBUG] Benchmark QF_NRA/zankl/matrix-1-all-41.smt2: solved=True, runtime=0.52s, PAR-2=0.52s
[DEBUG] Processing 2206/2482: QF_NRA/meti-tarski/atan/problem/2/atan-problem-2-chunk-0028.smt2
[DEBUG] Predicted solver: Z3alpha for benchmark QF_NRA/meti-tarski/atan/problem/2/atan-problem-2-chunk-0028.smt2
[DEBUG] Benchmark QF_NRA/meti-tarski/atan/problem/2/atan-problem-2-chunk-0028.smt2: solved=True, runtime=0.27s, PAR-2=0.27s
[DEBUG] Processing 2207/2482: QF_NRA/meti-tarski/sin/problem/8/weak/sin-problem-8-weak-chunk-0073.smt2
[DEBUG] Predicted solver: Z3alpha for benchmark QF_NRA/meti-tarski/sin/problem/8/weak/sin-problem-8-weak-chunk-0073.smt2
[DEBUG] Benchmark QF_NRA/meti-tarski/sin/problem/8/weak/sin-problem-8-weak-chunk-0073.smt2: solved=True, runtime=0.28s, PAR-2=0.28s
[DEBUG] Processing 2208/2482: QF_NRA/meti-tarski/sqrt/1mcosq/8/sqrt-1mcosq-8-chunk-0431.smt2
[DEBUG] Predicted solver: Z3alpha for benchmark QF_NRA/meti-tarski/sqrt/1mcosq/8/sqrt-1mcosq-8-chunk-0431.smt2
[DEBUG] Benchmark QF_NRA/meti-tarski/sqrt/1mcosq/8/sqrt-1mcosq-8-chunk-0431.smt2: solved=True, runtime=0.28s, PAR-2=0.28s
[DEBUG] Processing 2209/2482: QF_NRA/hycomp/ball_count_2d_plain.01.seq_lazy_linear_enc_global_12.smt2
[DEBUG] Predicted solver: SMTInterpol for benchmark QF_NRA/hycomp/ball_count_2d_plain.01.seq_lazy_linear_enc_global_12.smt2
[DEBUG] Benchmark QF_NRA/hycomp/ball_count_2d_plain.01.seq_lazy_linear_enc_global_12.smt2: solved=True, runtime=0.90s, PAR-2=0.90s
[DEBUG] Processing 2210/2482: QF_NRA/meti-tarski/polypaver/bench-sqrt-3d/polypaver-bench-sqrt-3d-chunk-0509.smt2
[DEBUG] Predicted solver: Yices2 for benchmark QF_NRA/meti-tarski/polypaver/bench-sqrt-3d/polypaver-bench-sqrt-3d-chunk-0509.smt2
[DEBUG] Benchmark QF_NRA/meti-tarski/polypaver/bench-sqrt-3d/polypaver-bench-sqrt-3d-chunk-0509.smt2: solved=True, runtime=0.22s, PAR-2=0.22s
[DEBUG] Processing 2211/2482: QF_NRA/meti-tarski/atan/problem/2/weak2/atan-problem-2-weak2-chunk-0093.smt2
[DEBUG] Predicted solver: Z3alpha for benchmark QF_NRA/meti-tarski/atan/problem/2/weak2/atan-problem-2-weak2-chunk-0093.smt2
[DEBUG] Benchmark QF_NRA/meti-tarski/atan/problem/2/weak2/atan-problem-2-weak2-chunk-0093.smt2: solved=True, runtime=0.27s, PAR-2=0.27s
[DEBUG] Processing 2212/2482: QF_NRA/meti-tarski/sin/problem/10/sin-problem-10-3-chunk-0031.smt2
[DEBUG] Predicted solver: Z3alpha for benchmark QF_NRA/meti-tarski/sin/problem/10/sin-problem-10-3-chunk-0031.smt2
[DEBUG] Benchmark QF_NRA/meti-tarski/sin/problem/10/sin-problem-10-3-chunk-0031.smt2: solved=True, runtime=0.28s, PAR-2=0.28s
[DEBUG] Processing 2213/2482: QF_NRA/meti-tarski/atan/problem/2/weakT/atan-problem-2-weakT-chunk-0047.smt2
[DEBUG] Predicted solver: Z3alpha for benchmark QF_NRA/meti-tarski/atan/problem/2/weakT/atan-problem-2-weakT-chunk-0047.smt2
[DEBUG] Benchmark QF_NRA/meti-tarski/atan/problem/2/weakT/atan-problem-2-weakT-chunk-0047.smt2: solved=True, runtime=0.27s, PAR-2=0.27s
[DEBUG] Processing 2214/2482: QF_NRA/20211101-Geogebra/IsoRightTriangle-Bottema1_5b.smt2
[DEBUG] Predicted solver: Z3alpha for benchmark QF_NRA/20211101-Geogebra/IsoRightTriangle-Bottema1_5b.smt2
[DEBUG] Benchmark QF_NRA/20211101-Geogebra/IsoRightTriangle-Bottema1_5b.smt2: solved=True, runtime=0.27s, PAR-2=0.27s
[DEBUG] Processing 2215/2482: QF_NRA/meti-tarski/exp/problem/10/2/exp-problem-10-2-chunk-0256.smt2
[DEBUG] Predicted solver: Z3alpha for benchmark QF_NRA/meti-tarski/exp/problem/10/2/exp-problem-10-2-chunk-0256.smt2
[DEBUG] Benchmark QF_NRA/meti-tarski/exp/problem/10/2/exp-problem-10-2-chunk-0256.smt2: solved=True, runtime=0.27s, PAR-2=0.27s
[DEBUG] Processing 2216/2482: QF_NRA/LassoRanker/SV-COMP/LarrazOliverasRodriguez-CarbonellRubio-2013FMCAD-Fig1_true-termination.c_Iteration5_Loop_3-pieceTemplate.smt2
[DEBUG] Predicted solver: SMTInterpol for benchmark QF_NRA/LassoRanker/SV-COMP/LarrazOliverasRodriguez-CarbonellRubio-2013FMCAD-Fig1_true-termination.c_Iteration5_Loop_3-pieceTemplate.smt2
[DEBUG] Benchmark QF_NRA/LassoRanker/SV-COMP/LarrazOliverasRodriguez-CarbonellRubio-2013FMCAD-Fig1_true-termination.c_Iteration5_Loop_3-pieceTemplate.smt2: solved=True, runtime=0.78s, PAR-2=0.78s
[DEBUG] Processing 2217/2482: QF_NRA/2019-ezsmt/bouncingBall/inst_1_100000.smt2
[DEBUG] Predicted solver: SMTInterpol for benchmark QF_NRA/2019-ezsmt/bouncingBall/inst_1_100000.smt2
[DEBUG] Benchmark QF_NRA/2019-ezsmt/bouncingBall/inst_1_100000.smt2: solved=True, runtime=1.45s, PAR-2=1.45s
[DEBUG] Processing 2218/2482: QF_NRA/20161105-Sturm-MBO/mbo_E5E7.smt2
[DEBUG] Predicted solver: SMTInterpol for benchmark QF_NRA/20161105-Sturm-MBO/mbo_E5E7.smt2
[DEBUG] Benchmark QF_NRA/20161105-Sturm-MBO/mbo_E5E7.smt2: solved=True, runtime=0.62s, PAR-2=0.62s
[DEBUG] Processing 2219/2482: QF_NRA/hycomp/ball_count_2d_hill_simple.03.seq_lazy_global_6.smt2
[DEBUG] Predicted solver: SMTInterpol for benchmark QF_NRA/hycomp/ball_count_2d_hill_simple.03.seq_lazy_global_6.smt2
[DEBUG] Benchmark QF_NRA/hycomp/ball_count_2d_hill_simple.03.seq_lazy_global_6.smt2: solved=True, runtime=0.85s, PAR-2=0.85s
[DEBUG] Processing 2220/2482: QF_NRA/LassoRanker/SV-COMP/LarrazOliverasRodriguez-CarbonellRubio-2013FMCAD-Fig1_true-termination.c_Iteration5_Loop_4-pieceTemplate.smt2
[DEBUG] Predicted solver: SMTInterpol for benchmark QF_NRA/LassoRanker/SV-COMP/LarrazOliverasRodriguez-CarbonellRubio-2013FMCAD-Fig1_true-termination.c_Iteration5_Loop_4-pieceTemplate.smt2
[DEBUG] Benchmark QF_NRA/LassoRanker/SV-COMP/LarrazOliverasRodriguez-CarbonellRubio-2013FMCAD-Fig1_true-termination.c_Iteration5_Loop_4-pieceTemplate.smt2: solved=True, runtime=0.92s, PAR-2=0.92s
[DEBUG] Processing 2221/2482: QF_NRA/meti-tarski/sqrt/1mcosq/7/sqrt-1mcosq-7-chunk-0027.smt2
[DEBUG] Predicted solver: Z3alpha for benchmark QF_NRA/meti-tarski/sqrt/1mcosq/7/sqrt-1mcosq-7-chunk-0027.smt2
[DEBUG] Benchmark QF_NRA/meti-tarski/sqrt/1mcosq/7/sqrt-1mcosq-7-chunk-0027.smt2: solved=True, runtime=0.30s, PAR-2=0.30s
[DEBUG] Processing 2222/2482: QF_NRA/meti-tarski/CMOS/CMOS-opamp-chunk-0174.smt2
[DEBUG] Predicted solver: Z3alpha for benchmark QF_NRA/meti-tarski/CMOS/CMOS-opamp-chunk-0174.smt2
[DEBUG] Benchmark QF_NRA/meti-tarski/CMOS/CMOS-opamp-chunk-0174.smt2: solved=True, runtime=0.29s, PAR-2=0.29s
[DEBUG] Processing 2223/2482: QF_NRA/hycomp/ball_count_2d_slope.03.seq_lazy_linear_enc_global_9.smt2
[DEBUG] Predicted solver: SMTInterpol for benchmark QF_NRA/hycomp/ball_count_2d_slope.03.seq_lazy_linear_enc_global_9.smt2
[DEBUG] Benchmark QF_NRA/hycomp/ball_count_2d_slope.03.seq_lazy_linear_enc_global_9.smt2: solved=True, runtime=1.06s, PAR-2=1.06s
[DEBUG] Processing 2224/2482: QF_NRA/LassoRanker/CooperatingT2/fun9.t2.c_Iteration1_Loop_4-pieceTemplate.smt2
[DEBUG] Predicted solver: SMTInterpol for benchmark QF_NRA/LassoRanker/CooperatingT2/fun9.t2.c_Iteration1_Loop_4-pieceTemplate.smt2
[DEBUG] Benchmark QF_NRA/LassoRanker/CooperatingT2/fun9.t2.c_Iteration1_Loop_4-pieceTemplate.smt2: solved=True, runtime=1.36s, PAR-2=1.36s
[DEBUG] Processing 2225/2482: QF_NRA/20161105-Sturm-MBO/mbo_E11E18.smt2
[DEBUG] Predicted solver: SMTInterpol for benchmark QF_NRA/20161105-Sturm-MBO/mbo_E11E18.smt2
[DEBUG] Benchmark QF_NRA/20161105-Sturm-MBO/mbo_E11E18.smt2: solved=True, runtime=1.30s, PAR-2=1.30s
[DEBUG] Processing 2226/2482: QF_NRA/hycomp/ball_count_2d_hill_simple.05.redlog_global_13.smt2
[DEBUG] Predicted solver: Yices2 for benchmark QF_NRA/hycomp/ball_count_2d_hill_simple.05.redlog_global_13.smt2
[DEBUG] Benchmark QF_NRA/hycomp/ball_count_2d_hill_simple.05.redlog_global_13.smt2: solved=True, runtime=0.25s, PAR-2=0.25s
[DEBUG] Processing 2227/2482: QF_NRA/meti-tarski/sqrt/problem/12vars3/sqrt-problem-12vars3-chunk-0075.smt2
[DEBUG] Predicted solver: Z3alpha for benchmark QF_NRA/meti-tarski/sqrt/problem/12vars3/sqrt-problem-12vars3-chunk-0075.smt2
[DEBUG] Benchmark QF_NRA/meti-tarski/sqrt/problem/12vars3/sqrt-problem-12vars3-chunk-0075.smt2: solved=True, runtime=0.28s, PAR-2=0.28s
[DEBUG] Processing 2228/2482: QF_NRA/LassoRanker/SV-COMP/ChenFlurMukhopadhyay-2012SAS-Fig1_true-termination.c_Iteration1_Loop_4-pieceTemplate.smt2
[DEBUG] Predicted solver: SMTInterpol for benchmark QF_NRA/LassoRanker/SV-COMP/ChenFlurMukhopadhyay-2012SAS-Fig1_true-termination.c_Iteration1_Loop_4-pieceTemplate.smt2
[DEBUG] Benchmark QF_NRA/LassoRanker/SV-COMP/ChenFlurMukhopadhyay-2012SAS-Fig1_true-termination.c_Iteration1_Loop_4-pieceTemplate.smt2: solved=True, runtime=0.92s, PAR-2=0.92s
[DEBUG] Processing 2229/2482: QF_NRA/hycomp/ball_count_2d_hill.05.seq_lazy_global_9.smt2
[DEBUG] Predicted solver: SMTInterpol for benchmark QF_NRA/hycomp/ball_count_2d_hill.05.seq_lazy_global_9.smt2
[DEBUG] Benchmark QF_NRA/hycomp/ball_count_2d_hill.05.seq_lazy_global_9.smt2: solved=True, runtime=0.99s, PAR-2=0.99s
[DEBUG] Processing 2230/2482: QF_NRA/meti-tarski/sin/cos/sin-cos-346-b-chunk-0265.smt2
[DEBUG] Predicted solver: Z3alpha for benchmark QF_NRA/meti-tarski/sin/cos/sin-cos-346-b-chunk-0265.smt2
[DEBUG] Benchmark QF_NRA/meti-tarski/sin/cos/sin-cos-346-b-chunk-0265.smt2: solved=True, runtime=0.26s, PAR-2=0.26s
[DEBUG] Processing 2231/2482: QF_NRA/meti-tarski/sqrt/1mcosq/8/sqrt-1mcosq-8-chunk-0559.smt2
[DEBUG] Predicted solver: Z3alpha for benchmark QF_NRA/meti-tarski/sqrt/1mcosq/8/sqrt-1mcosq-8-chunk-0559.smt2
[DEBUG] Benchmark QF_NRA/meti-tarski/sqrt/1mcosq/8/sqrt-1mcosq-8-chunk-0559.smt2: solved=True, runtime=0.30s, PAR-2=0.30s
[DEBUG] Processing 2232/2482: QF_NRA/20200911-Pine/1599122161837024000.smt2
[DEBUG] Predicted solver: Z3alpha for benchmark QF_NRA/20200911-Pine/1599122161837024000.smt2
[DEBUG] Benchmark QF_NRA/20200911-Pine/1599122161837024000.smt2: solved=True, runtime=0.27s, PAR-2=0.27s
[DEBUG] Processing 2233/2482: QF_NRA/hycomp/ball_count_2d_slope.10.seq_lazy_linear_enc_global_13.smt2
[DEBUG] Predicted solver: SMTInterpol for benchmark QF_NRA/hycomp/ball_count_2d_slope.10.seq_lazy_linear_enc_global_13.smt2
[DEBUG] Benchmark QF_NRA/hycomp/ball_count_2d_slope.10.seq_lazy_linear_enc_global_13.smt2: solved=True, runtime=1.24s, PAR-2=1.24s
[DEBUG] Processing 2234/2482: QF_NRA/LassoRanker/Ultimate/TwoPhase.bpl_Iteration1_Loop_4-pieceTemplate.smt2
[DEBUG] Predicted solver: SMTInterpol for benchmark QF_NRA/LassoRanker/Ultimate/TwoPhase.bpl_Iteration1_Loop_4-pieceTemplate.smt2
[DEBUG] Benchmark QF_NRA/LassoRanker/Ultimate/TwoPhase.bpl_Iteration1_Loop_4-pieceTemplate.smt2: solved=True, runtime=0.87s, PAR-2=0.87s
[DEBUG] Processing 2235/2482: QF_NRA/hycomp/ball_count_2d_plain.05.seq_lazy_linear_enc_lemmas_global_9.smt2
[DEBUG] Predicted solver: SMTInterpol for benchmark QF_NRA/hycomp/ball_count_2d_plain.05.seq_lazy_linear_enc_lemmas_global_9.smt2
[DEBUG] Benchmark QF_NRA/hycomp/ball_count_2d_plain.05.seq_lazy_linear_enc_lemmas_global_9.smt2: solved=True, runtime=0.96s, PAR-2=0.96s
[DEBUG] Processing 2236/2482: QF_NRA/meti-tarski/polypaver/bench-sqrt-3d/polypaver-bench-sqrt-3d-chunk-0332.smt2
[DEBUG] Predicted solver: Z3alpha for benchmark QF_NRA/meti-tarski/polypaver/bench-sqrt-3d/polypaver-bench-sqrt-3d-chunk-0332.smt2
[DEBUG] Benchmark QF_NRA/meti-tarski/polypaver/bench-sqrt-3d/polypaver-bench-sqrt-3d-chunk-0332.smt2: solved=True, runtime=0.27s, PAR-2=0.27s
[DEBUG] Processing 2237/2482: QF_NRA/meti-tarski/exp/problem/10/2/exp-problem-10-2-chunk-0187.smt2
[DEBUG] Predicted solver: Z3alpha for benchmark QF_NRA/meti-tarski/exp/problem/10/2/exp-problem-10-2-chunk-0187.smt2
[DEBUG] Benchmark QF_NRA/meti-tarski/exp/problem/10/2/exp-problem-10-2-chunk-0187.smt2: solved=True, runtime=0.27s, PAR-2=0.27s
[DEBUG] Processing 2238/2482: QF_NRA/hycomp/ball_count_1d_plain.05.redlog_global_6.smt2
[DEBUG] Predicted solver: SMTInterpol for benchmark QF_NRA/hycomp/ball_count_1d_plain.05.redlog_global_6.smt2
[DEBUG] Benchmark QF_NRA/hycomp/ball_count_1d_plain.05.redlog_global_6.smt2: solved=True, runtime=0.86s, PAR-2=0.86s
[DEBUG] Processing 2239/2482: QF_NRA/LassoRanker/SV-COMP/Ben-Amram-2010LMCS-Ex2.3_true-termination.c_Iteration1_Loop_4-lexTemplate.smt2
[DEBUG] Predicted solver: SMTInterpol for benchmark QF_NRA/LassoRanker/SV-COMP/Ben-Amram-2010LMCS-Ex2.3_true-termination.c_Iteration1_Loop_4-lexTemplate.smt2
[DEBUG] Benchmark QF_NRA/LassoRanker/SV-COMP/Ben-Amram-2010LMCS-Ex2.3_true-termination.c_Iteration1_Loop_4-lexTemplate.smt2: solved=True, runtime=3.07s, PAR-2=3.07s
[DEBUG] Processing 2240/2482: QF_NRA/meti-tarski/exp/problem/10/2/exp-problem-10-2-chunk-0335.smt2
[DEBUG] Predicted solver: Z3alpha for benchmark QF_NRA/meti-tarski/exp/problem/10/2/exp-problem-10-2-chunk-0335.smt2
[DEBUG] Benchmark QF_NRA/meti-tarski/exp/problem/10/2/exp-problem-10-2-chunk-0335.smt2: solved=True, runtime=0.27s, PAR-2=0.27s
[DEBUG] Processing 2241/2482: QF_NRA/20161105-Sturm-MBO/mbo_E17E21.smt2
[DEBUG] Predicted solver: SMTInterpol for benchmark QF_NRA/20161105-Sturm-MBO/mbo_E17E21.smt2
[DEBUG] Benchmark QF_NRA/20161105-Sturm-MBO/mbo_E17E21.smt2: solved=True, runtime=0.58s, PAR-2=0.58s
[DEBUG] Processing 2242/2482: QF_NRA/meti-tarski/sin/problem/7/sin-problem-7-chunk-0294.smt2
[DEBUG] Predicted solver: SMTInterpol for benchmark QF_NRA/meti-tarski/sin/problem/7/sin-problem-7-chunk-0294.smt2
[DEBUG] Benchmark QF_NRA/meti-tarski/sin/problem/7/sin-problem-7-chunk-0294.smt2: solved=True, runtime=0.42s, PAR-2=0.42s
[DEBUG] Processing 2243/2482: QF_NRA/LassoRanker/Ultimate/Lobnya-Boolean-Reordered.bpl_Iteration1_Loop_7-phaseTemplate.smt2
[DEBUG] Predicted solver: SMTInterpol for benchmark QF_NRA/LassoRanker/Ultimate/Lobnya-Boolean-Reordered.bpl_Iteration1_Loop_7-phaseTemplate.smt2
[DEBUG] Benchmark QF_NRA/LassoRanker/Ultimate/Lobnya-Boolean-Reordered.bpl_Iteration1_Loop_7-phaseTemplate.smt2: solved=True, runtime=1.45s, PAR-2=1.45s
[DEBUG] Processing 2244/2482: QF_NRA/hycomp/ball_count_2d_hill.10.seq_lazy_global_13.smt2
[DEBUG] Predicted solver: SMTInterpol for benchmark QF_NRA/hycomp/ball_count_2d_hill.10.seq_lazy_global_13.smt2
[DEBUG] Benchmark QF_NRA/hycomp/ball_count_2d_hill.10.seq_lazy_global_13.smt2: solved=True, runtime=1.14s, PAR-2=1.14s
[DEBUG] Processing 2245/2482: QF_NRA/hycomp/ball_count_2d_hill.05.seq_lazy_global_11.smt2
[DEBUG] Predicted solver: SMTInterpol for benchmark QF_NRA/hycomp/ball_count_2d_hill.05.seq_lazy_global_11.smt2
[DEBUG] Benchmark QF_NRA/hycomp/ball_count_2d_hill.05.seq_lazy_global_11.smt2: solved=True, runtime=1.13s, PAR-2=1.13s
[DEBUG] Processing 2246/2482: QF_NRA/hycomp/ball_count_2d_plain.03.seq_lazy_linear_enc_lemmas_global_14.smt2
[DEBUG] Predicted solver: SMTInterpol for benchmark QF_NRA/hycomp/ball_count_2d_plain.03.seq_lazy_linear_enc_lemmas_global_14.smt2
[DEBUG] Benchmark QF_NRA/hycomp/ball_count_2d_plain.03.seq_lazy_linear_enc_lemmas_global_14.smt2: solved=True, runtime=1.04s, PAR-2=1.04s
[DEBUG] Processing 2247/2482: QF_NRA/meti-tarski/Chua/1/VC2/U/Chua-1-VC2-U-chunk-0135.smt2
[DEBUG] Predicted solver: Z3alpha for benchmark QF_NRA/meti-tarski/Chua/1/VC2/U/Chua-1-VC2-U-chunk-0135.smt2
[DEBUG] Benchmark QF_NRA/meti-tarski/Chua/1/VC2/U/Chua-1-VC2-U-chunk-0135.smt2: solved=True, runtime=0.27s, PAR-2=0.27s
[DEBUG] Processing 2248/2482: QF_NRA/LassoRanker/Ultimate/BradleyMannaSipma-2005ICALP-Fig1.bpl_Iteration1_Lasso_3-pieceTemplate.smt2
[DEBUG] Predicted solver: SMTInterpol for benchmark QF_NRA/LassoRanker/Ultimate/BradleyMannaSipma-2005ICALP-Fig1.bpl_Iteration1_Lasso_3-pieceTemplate.smt2
[DEBUG] Benchmark QF_NRA/LassoRanker/Ultimate/BradleyMannaSipma-2005ICALP-Fig1.bpl_Iteration1_Lasso_3-pieceTemplate.smt2: solved=True, runtime=1.10s, PAR-2=1.10s
[DEBUG] Processing 2249/2482: QF_NRA/meti-tarski/Chua/2/VC2/U/Chua-2-VC2-U-chunk-0113.smt2
[DEBUG] Predicted solver: Z3alpha for benchmark QF_NRA/meti-tarski/Chua/2/VC2/U/Chua-2-VC2-U-chunk-0113.smt2
[DEBUG] Benchmark QF_NRA/meti-tarski/Chua/2/VC2/U/Chua-2-VC2-U-chunk-0113.smt2: solved=True, runtime=0.27s, PAR-2=0.27s
[DEBUG] Processing 2250/2482: QF_NRA/20161105-Sturm-MBO/mbo_E1E26.smt2
[DEBUG] Predicted solver: SMTInterpol for benchmark QF_NRA/20161105-Sturm-MBO/mbo_E1E26.smt2
[DEBUG] Benchmark QF_NRA/20161105-Sturm-MBO/mbo_E1E26.smt2: solved=True, runtime=1.96s, PAR-2=1.96s
[DEBUG] Processing 2251/2482: QF_NRA/meti-tarski/atan/vega/3/weak/atan-vega-3-weak-chunk-0362.smt2
[DEBUG] Predicted solver: Z3alpha for benchmark QF_NRA/meti-tarski/atan/vega/3/weak/atan-vega-3-weak-chunk-0362.smt2
[DEBUG] Benchmark QF_NRA/meti-tarski/atan/vega/3/weak/atan-vega-3-weak-chunk-0362.smt2: solved=True, runtime=0.27s, PAR-2=0.27s
[DEBUG] Processing 2252/2482: QF_NRA/UltimateAutomizer/InVarSynth_ImpulseTest.bpl_Iteration2_0.smt2
[DEBUG] Predicted solver: SMTInterpol for benchmark QF_NRA/UltimateAutomizer/InVarSynth_ImpulseTest.bpl_Iteration2_0.smt2
[DEBUG] Benchmark QF_NRA/UltimateAutomizer/InVarSynth_ImpulseTest.bpl_Iteration2_0.smt2: solved=True, runtime=0.54s, PAR-2=0.54s
[DEBUG] Processing 2253/2482: QF_NRA/LassoRanker/CooperatingT2/wrong_loop.t2.c_Iteration2_Loop_4-pieceTemplate.smt2
[DEBUG] Predicted solver: SMTInterpol for benchmark QF_NRA/LassoRanker/CooperatingT2/wrong_loop.t2.c_Iteration2_Loop_4-pieceTemplate.smt2
[DEBUG] Benchmark QF_NRA/LassoRanker/CooperatingT2/wrong_loop.t2.c_Iteration2_Loop_4-pieceTemplate.smt2: solved=True, runtime=1.60s, PAR-2=1.60s
[DEBUG] Processing 2254/2482: QF_NRA/LassoRanker/SV-COMP/TelAviv-Amir-Minimum_true-termination.c_Iteration1_Loop_2-pieceTemplate.smt2
[DEBUG] Predicted solver: Yices2 for benchmark QF_NRA/LassoRanker/SV-COMP/TelAviv-Amir-Minimum_true-termination.c_Iteration1_Loop_2-pieceTemplate.smt2
[DEBUG] Benchmark QF_NRA/LassoRanker/SV-COMP/TelAviv-Amir-Minimum_true-termination.c_Iteration1_Loop_2-pieceTemplate.smt2: solved=True, runtime=123.62s, PAR-2=123.62s
[DEBUG] Processing 2255/2482: QF_NRA/20220314-Uncu/Polynomial_Proof_Calls/ProveIneq_ISSAC05_Bessack_4_1.smt2
[DEBUG] Predicted solver: Z3alpha for benchmark QF_NRA/20220314-Uncu/Polynomial_Proof_Calls/ProveIneq_ISSAC05_Bessack_4_1.smt2
[DEBUG] Benchmark QF_NRA/20220314-Uncu/Polynomial_Proof_Calls/ProveIneq_ISSAC05_Bessack_4_1.smt2: solved=True, runtime=0.27s, PAR-2=0.27s
[DEBUG] Processing 2256/2482: QF_NRA/LassoRanker/Ultimate/ZenoWithoutDivision.bpl_Iteration1_Lasso_4-pieceTemplate.smt2
[DEBUG] Predicted solver: SMTInterpol for benchmark QF_NRA/LassoRanker/Ultimate/ZenoWithoutDivision.bpl_Iteration1_Lasso_4-pieceTemplate.smt2
[DEBUG] Benchmark QF_NRA/LassoRanker/Ultimate/ZenoWithoutDivision.bpl_Iteration1_Lasso_4-pieceTemplate.smt2: solved=True, runtime=0.89s, PAR-2=0.89s
[DEBUG] Processing 2257/2482: QF_NRA/meti-tarski/atan/problem/2/atan-problem-2-chunk-0024.smt2
[DEBUG] Predicted solver: Z3alpha for benchmark QF_NRA/meti-tarski/atan/problem/2/atan-problem-2-chunk-0024.smt2
[DEBUG] Benchmark QF_NRA/meti-tarski/atan/problem/2/atan-problem-2-chunk-0024.smt2: solved=True, runtime=0.27s, PAR-2=0.27s
[DEBUG] Processing 2258/2482: QF_NRA/20200911-Pine/1599121862802573000.smt2
[DEBUG] Predicted solver: Z3alpha for benchmark QF_NRA/20200911-Pine/1599121862802573000.smt2
[DEBUG] Benchmark QF_NRA/20200911-Pine/1599121862802573000.smt2: solved=True, runtime=0.27s, PAR-2=0.27s
[DEBUG] Processing 2259/2482: QF_NRA/20211101-Geogebra/IsoRightTriangle-Bottema1_23b.smt2
[DEBUG] Predicted solver: Z3alpha for benchmark QF_NRA/20211101-Geogebra/IsoRightTriangle-Bottema1_23b.smt2
[DEBUG] Benchmark QF_NRA/20211101-Geogebra/IsoRightTriangle-Bottema1_23b.smt2: solved=True, runtime=0.27s, PAR-2=0.27s
[DEBUG] Processing 2260/2482: QF_NRA/hycomp/ball_count_2d_hill.03.seq_lazy_lemmas_global_5.smt2
[DEBUG] Predicted solver: SMTInterpol for benchmark QF_NRA/hycomp/ball_count_2d_hill.03.seq_lazy_lemmas_global_5.smt2
[DEBUG] Benchmark QF_NRA/hycomp/ball_count_2d_hill.03.seq_lazy_lemmas_global_5.smt2: solved=True, runtime=0.90s, PAR-2=0.90s
[DEBUG] Processing 2261/2482: QF_NRA/20200911-Pine/1599122159037804000.smt2
[DEBUG] Predicted solver: Z3alpha for benchmark QF_NRA/20200911-Pine/1599122159037804000.smt2
[DEBUG] Benchmark QF_NRA/20200911-Pine/1599122159037804000.smt2: solved=True, runtime=0.28s, PAR-2=0.28s
[DEBUG] Processing 2262/2482: QF_NRA/meti-tarski/atan/vega/3/weak/atan-vega-3-weak-chunk-0429.smt2
[DEBUG] Predicted solver: Z3alpha for benchmark QF_NRA/meti-tarski/atan/vega/3/weak/atan-vega-3-weak-chunk-0429.smt2
[DEBUG] Benchmark QF_NRA/meti-tarski/atan/vega/3/weak/atan-vega-3-weak-chunk-0429.smt2: solved=True, runtime=0.27s, PAR-2=0.27s
[DEBUG] Processing 2263/2482: QF_NRA/meti-tarski/sin/problem/10/sin-problem-10-2-chunk-0026.smt2
[DEBUG] Predicted solver: Z3alpha for benchmark QF_NRA/meti-tarski/sin/problem/10/sin-problem-10-2-chunk-0026.smt2
[DEBUG] Benchmark QF_NRA/meti-tarski/sin/problem/10/sin-problem-10-2-chunk-0026.smt2: solved=True, runtime=0.27s, PAR-2=0.27s
[DEBUG] Processing 2264/2482: QF_NRA/LassoRanker/Ultimate/Mysore.bpl_Iteration1_Loop_4-pieceTemplate.smt2
[DEBUG] Predicted solver: SMTInterpol for benchmark QF_NRA/LassoRanker/Ultimate/Mysore.bpl_Iteration1_Loop_4-pieceTemplate.smt2
[DEBUG] Benchmark QF_NRA/LassoRanker/Ultimate/Mysore.bpl_Iteration1_Loop_4-pieceTemplate.smt2: solved=True, runtime=0.83s, PAR-2=0.83s
[DEBUG] Processing 2265/2482: QF_NRA/meti-tarski/sin/cos/sin-cos-346-b-chunk-0124.smt2
[DEBUG] Predicted solver: Z3alpha for benchmark QF_NRA/meti-tarski/sin/cos/sin-cos-346-b-chunk-0124.smt2
[DEBUG] Benchmark QF_NRA/meti-tarski/sin/cos/sin-cos-346-b-chunk-0124.smt2: solved=True, runtime=0.27s, PAR-2=0.27s
[DEBUG] Processing 2266/2482: QF_NRA/meti-tarski/sqrt/1mcosq/8/sqrt-1mcosq-8-chunk-0107.smt2
[DEBUG] Predicted solver: Z3alpha for benchmark QF_NRA/meti-tarski/sqrt/1mcosq/8/sqrt-1mcosq-8-chunk-0107.smt2
[DEBUG] Benchmark QF_NRA/meti-tarski/sqrt/1mcosq/8/sqrt-1mcosq-8-chunk-0107.smt2: solved=True, runtime=0.27s, PAR-2=0.27s
[DEBUG] Processing 2267/2482: QF_NRA/hong/hong_6.smt2
[DEBUG] Predicted solver: cvc5 for benchmark QF_NRA/hong/hong_6.smt2
[DEBUG] Benchmark QF_NRA/hong/hong_6.smt2: solved=True, runtime=0.25s, PAR-2=0.25s
[DEBUG] Processing 2268/2482: QF_NRA/meti-tarski/atan/vega/3/weak/atan-vega-3-weak-chunk-0340.smt2
[DEBUG] Predicted solver: Z3alpha for benchmark QF_NRA/meti-tarski/atan/vega/3/weak/atan-vega-3-weak-chunk-0340.smt2
[DEBUG] Benchmark QF_NRA/meti-tarski/atan/vega/3/weak/atan-vega-3-weak-chunk-0340.smt2: solved=True, runtime=0.27s, PAR-2=0.27s
[DEBUG] Processing 2269/2482: QF_NRA/LassoRanker/CooperatingT2/queue_1.t2.c_Iteration1_Loop_4-pieceTemplate.smt2
[DEBUG] Predicted solver: SMTInterpol for benchmark QF_NRA/LassoRanker/CooperatingT2/queue_1.t2.c_Iteration1_Loop_4-pieceTemplate.smt2
[DEBUG] Benchmark QF_NRA/LassoRanker/CooperatingT2/queue_1.t2.c_Iteration1_Loop_4-pieceTemplate.smt2: solved=True, runtime=0.93s, PAR-2=0.93s
[DEBUG] Processing 2270/2482: QF_NRA/hycomp/ball_count_1d_plain.01.seq_lazy_linear_enc_global_6.smt2
[DEBUG] Predicted solver: SMTInterpol for benchmark QF_NRA/hycomp/ball_count_1d_plain.01.seq_lazy_linear_enc_global_6.smt2
[DEBUG] Benchmark QF_NRA/hycomp/ball_count_1d_plain.01.seq_lazy_linear_enc_global_6.smt2: solved=True, runtime=0.71s, PAR-2=0.71s
[DEBUG] Processing 2271/2482: QF_NRA/20200911-Pine/1599121902194451000.smt2
[DEBUG] Predicted solver: Z3alpha for benchmark QF_NRA/20200911-Pine/1599121902194451000.smt2
[DEBUG] Benchmark QF_NRA/20200911-Pine/1599121902194451000.smt2: solved=True, runtime=1.94s, PAR-2=1.94s
[DEBUG] Processing 2272/2482: QF_NRA/meti-tarski/CMOS/CMOS-opamp-chunk-0153.smt2
[DEBUG] Predicted solver: Z3alpha for benchmark QF_NRA/meti-tarski/CMOS/CMOS-opamp-chunk-0153.smt2
[DEBUG] Benchmark QF_NRA/meti-tarski/CMOS/CMOS-opamp-chunk-0153.smt2: solved=True, runtime=0.27s, PAR-2=0.27s
[DEBUG] Processing 2273/2482: QF_NRA/20240407-pPDA-Chiari-Pontiggia-Winkler/certificate_no_hints/mod5_POMC_no_hints.smt2
[DEBUG] Predicted solver: SMTInterpol for benchmark QF_NRA/20240407-pPDA-Chiari-Pontiggia-Winkler/certificate_no_hints/mod5_POMC_no_hints.smt2
[DEBUG] Benchmark QF_NRA/20240407-pPDA-Chiari-Pontiggia-Winkler/certificate_no_hints/mod5_POMC_no_hints.smt2: solved=True, runtime=0.59s, PAR-2=0.59s
[DEBUG] Processing 2274/2482: QF_NRA/hycomp/ball_count_2d_plain.04.qfree_global_8.smt2
[DEBUG] Predicted solver: SMTInterpol for benchmark QF_NRA/hycomp/ball_count_2d_plain.04.qfree_global_8.smt2
[DEBUG] Benchmark QF_NRA/hycomp/ball_count_2d_plain.04.qfree_global_8.smt2: solved=True, runtime=0.82s, PAR-2=0.82s
[DEBUG] Processing 2275/2482: QF_NRA/LassoRanker/SV-COMP/gcd1_true-termination.c_Iteration3_Loop_4-pieceTemplate.smt2
[DEBUG] Predicted solver: SMTInterpol for benchmark QF_NRA/LassoRanker/SV-COMP/gcd1_true-termination.c_Iteration3_Loop_4-pieceTemplate.smt2
[DEBUG] Benchmark QF_NRA/LassoRanker/SV-COMP/gcd1_true-termination.c_Iteration3_Loop_4-pieceTemplate.smt2: solved=True, runtime=0.90s, PAR-2=0.90s
[DEBUG] Processing 2276/2482: QF_NRA/meti-tarski/atan/problem/2/weakT/atan-problem-2-weakT-chunk-0043.smt2
[DEBUG] Predicted solver: Z3alpha for benchmark QF_NRA/meti-tarski/atan/problem/2/weakT/atan-problem-2-weakT-chunk-0043.smt2
[DEBUG] Benchmark QF_NRA/meti-tarski/atan/problem/2/weakT/atan-problem-2-weakT-chunk-0043.smt2: solved=True, runtime=0.30s, PAR-2=0.30s
[DEBUG] Processing 2277/2482: QF_NRA/hycomp/ball_count_2d_plain.04.seq_lazy_global_9.smt2
[DEBUG] Predicted solver: SMTInterpol for benchmark QF_NRA/hycomp/ball_count_2d_plain.04.seq_lazy_global_9.smt2
[DEBUG] Benchmark QF_NRA/hycomp/ball_count_2d_plain.04.seq_lazy_global_9.smt2: solved=True, runtime=0.86s, PAR-2=0.86s
[DEBUG] Processing 2278/2482: QF_NRA/meti-tarski/exp/problem/10/2/exp-problem-10-2-chunk-0387.smt2
[DEBUG] Predicted solver: Z3alpha for benchmark QF_NRA/meti-tarski/exp/problem/10/2/exp-problem-10-2-chunk-0387.smt2
[DEBUG] Benchmark QF_NRA/meti-tarski/exp/problem/10/2/exp-problem-10-2-chunk-0387.smt2: solved=True, runtime=0.28s, PAR-2=0.28s
[DEBUG] Processing 2279/2482: QF_NRA/meti-tarski/exp/problem/10/3/exp-problem-10-3-chunk-0173.smt2
[DEBUG] Predicted solver: Z3alpha for benchmark QF_NRA/meti-tarski/exp/problem/10/3/exp-problem-10-3-chunk-0173.smt2
[DEBUG] Benchmark QF_NRA/meti-tarski/exp/problem/10/3/exp-problem-10-3-chunk-0173.smt2: solved=True, runtime=0.27s, PAR-2=0.27s
[DEBUG] Processing 2280/2482: QF_NRA/zankl/matrix-5-all-4.smt2
[DEBUG] Predicted solver: SMTInterpol for benchmark QF_NRA/zankl/matrix-5-all-4.smt2
[DEBUG] Benchmark QF_NRA/zankl/matrix-5-all-4.smt2: solved=True, runtime=1.61s, PAR-2=1.61s
[DEBUG] Processing 2281/2482: QF_NRA/zankl/matrix-3-all-15.smt2
[DEBUG] Predicted solver: SMTInterpol for benchmark QF_NRA/zankl/matrix-3-all-15.smt2
[DEBUG] Benchmark QF_NRA/zankl/matrix-3-all-15.smt2: solved=True, runtime=0.68s, PAR-2=0.68s
[DEBUG] Processing 2282/2482: QF_NRA/meti-tarski/sin/problem/7/weak/sin-problem-7-weak-chunk-0109.smt2
[DEBUG] Predicted solver: Z3alpha for benchmark QF_NRA/meti-tarski/sin/problem/7/weak/sin-problem-7-weak-chunk-0109.smt2
[DEBUG] Benchmark QF_NRA/meti-tarski/sin/problem/7/weak/sin-problem-7-weak-chunk-0109.smt2: solved=True, runtime=0.27s, PAR-2=0.27s
[DEBUG] Processing 2283/2482: QF_NRA/hycomp/ball_count_2d_plain.10.seq_lazy_lemmas_global_8.smt2
[DEBUG] Predicted solver: SMTInterpol for benchmark QF_NRA/hycomp/ball_count_2d_plain.10.seq_lazy_lemmas_global_8.smt2
[DEBUG] Benchmark QF_NRA/hycomp/ball_count_2d_plain.10.seq_lazy_lemmas_global_8.smt2: solved=True, runtime=0.98s, PAR-2=0.98s
[DEBUG] Processing 2284/2482: QF_NRA/zankl/matrix-5-all-25.smt2
[DEBUG] Predicted solver: SMTInterpol for benchmark QF_NRA/zankl/matrix-5-all-25.smt2
[DEBUG] Benchmark QF_NRA/zankl/matrix-5-all-25.smt2: solved=True, runtime=0.61s, PAR-2=0.61s
[DEBUG] Processing 2285/2482: QF_NRA/meti-tarski/CMOS/CMOS-opamp-chunk-0252.smt2
[DEBUG] Predicted solver: Z3alpha for benchmark QF_NRA/meti-tarski/CMOS/CMOS-opamp-chunk-0252.smt2
[DEBUG] Benchmark QF_NRA/meti-tarski/CMOS/CMOS-opamp-chunk-0252.smt2: solved=True, runtime=0.27s, PAR-2=0.27s
[DEBUG] Processing 2286/2482: QF_NRA/meti-tarski/atan/vega/3/weak/atan-vega-3-weak-chunk-0536.smt2
[DEBUG] Predicted solver: Z3alpha for benchmark QF_NRA/meti-tarski/atan/vega/3/weak/atan-vega-3-weak-chunk-0536.smt2
[DEBUG] Benchmark QF_NRA/meti-tarski/atan/vega/3/weak/atan-vega-3-weak-chunk-0536.smt2: solved=True, runtime=0.27s, PAR-2=0.27s
[DEBUG] Processing 2287/2482: QF_NRA/hycomp/ball_count_2d_plain.01.seq_lazy_linear_enc_lemmas_global_2.smt2
[DEBUG] Predicted solver: SMTInterpol for benchmark QF_NRA/hycomp/ball_count_2d_plain.01.seq_lazy_linear_enc_lemmas_global_2.smt2
[DEBUG] Benchmark QF_NRA/hycomp/ball_count_2d_plain.01.seq_lazy_linear_enc_lemmas_global_2.smt2: solved=True, runtime=0.58s, PAR-2=0.58s
[DEBUG] Processing 2288/2482: QF_NRA/20161105-Sturm-MBO/mbo_E4E25.smt2
[DEBUG] Predicted solver: SMTInterpol for benchmark QF_NRA/20161105-Sturm-MBO/mbo_E4E25.smt2
[DEBUG] Benchmark QF_NRA/20161105-Sturm-MBO/mbo_E4E25.smt2: solved=True, runtime=2.03s, PAR-2=2.03s
[DEBUG] Processing 2289/2482: QF_NRA/meti-tarski/sin/344/3/sin-344-3-chunk-0025.smt2
[DEBUG] Predicted solver: Z3alpha for benchmark QF_NRA/meti-tarski/sin/344/3/sin-344-3-chunk-0025.smt2
[DEBUG] Benchmark QF_NRA/meti-tarski/sin/344/3/sin-344-3-chunk-0025.smt2: solved=True, runtime=0.27s, PAR-2=0.27s
[DEBUG] Processing 2290/2482: QF_NRA/hycomp/ball_count_2d_hill_simple.03.seq_lazy_linear_enc_global_8.smt2
[DEBUG] Predicted solver: SMTInterpol for benchmark QF_NRA/hycomp/ball_count_2d_hill_simple.03.seq_lazy_linear_enc_global_8.smt2
[DEBUG] Benchmark QF_NRA/hycomp/ball_count_2d_hill_simple.03.seq_lazy_linear_enc_global_8.smt2: solved=True, runtime=0.91s, PAR-2=0.91s
[DEBUG] Processing 2291/2482: QF_NRA/meti-tarski/atan/problem/2/atan-problem-2-chunk-0108.smt2
[DEBUG] Predicted solver: Z3alpha for benchmark QF_NRA/meti-tarski/atan/problem/2/atan-problem-2-chunk-0108.smt2
[DEBUG] Benchmark QF_NRA/meti-tarski/atan/problem/2/atan-problem-2-chunk-0108.smt2: solved=True, runtime=0.27s, PAR-2=0.27s
[DEBUG] Processing 2292/2482: QF_NRA/20220314-Uncu/Rational_Function_Proof_Calls_With_Basic_Denominator_Simplifications/BDC_ProveIneq_ISSAC05_Bessack_4_m3.smt2
[DEBUG] Predicted solver: Z3alpha for benchmark QF_NRA/20220314-Uncu/Rational_Function_Proof_Calls_With_Basic_Denominator_Simplifications/BDC_ProveIneq_ISSAC05_Bessack_4_m3.smt2
[DEBUG] Benchmark QF_NRA/20220314-Uncu/Rational_Function_Proof_Calls_With_Basic_Denominator_Simplifications/BDC_ProveIneq_ISSAC05_Bessack_4_m3.smt2: solved=True, runtime=0.27s, PAR-2=0.27s
[DEBUG] Processing 2293/2482: QF_NRA/meti-tarski/atan/problem/2/atan-problem-2-chunk-0101.smt2
[DEBUG] Predicted solver: Z3alpha for benchmark QF_NRA/meti-tarski/atan/problem/2/atan-problem-2-chunk-0101.smt2
[DEBUG] Benchmark QF_NRA/meti-tarski/atan/problem/2/atan-problem-2-chunk-0101.smt2: solved=True, runtime=0.47s, PAR-2=0.47s
[DEBUG] Processing 2294/2482: QF_NRA/meti-tarski/Chua/1/IL/L/Chua-1-IL-L-chunk-0046.smt2
[DEBUG] Predicted solver: Z3alpha for benchmark QF_NRA/meti-tarski/Chua/1/IL/L/Chua-1-IL-L-chunk-0046.smt2
[DEBUG] Benchmark QF_NRA/meti-tarski/Chua/1/IL/L/Chua-1-IL-L-chunk-0046.smt2: solved=True, runtime=0.28s, PAR-2=0.28s
[DEBUG] Processing 2295/2482: QF_NRA/meti-tarski/sin/problem/7/weak/sin-problem-7-weak-chunk-0173.smt2
[DEBUG] Predicted solver: Z3alpha for benchmark QF_NRA/meti-tarski/sin/problem/7/weak/sin-problem-7-weak-chunk-0173.smt2
[DEBUG] Benchmark QF_NRA/meti-tarski/sin/problem/7/weak/sin-problem-7-weak-chunk-0173.smt2: solved=True, runtime=0.40s, PAR-2=0.40s
[DEBUG] Processing 2296/2482: QF_NRA/hycomp/ball_count_2d_hill_simple.05.seq_lazy_lemmas_global_13.smt2
[DEBUG] Predicted solver: Yices2 for benchmark QF_NRA/hycomp/ball_count_2d_hill_simple.05.seq_lazy_lemmas_global_13.smt2
[DEBUG] Benchmark QF_NRA/hycomp/ball_count_2d_hill_simple.05.seq_lazy_lemmas_global_13.smt2: solved=True, runtime=0.28s, PAR-2=0.28s
[DEBUG] Processing 2297/2482: QF_NRA/zankl/matrix-1-all-22.smt2
[DEBUG] Predicted solver: SMTInterpol for benchmark QF_NRA/zankl/matrix-1-all-22.smt2
[DEBUG] Benchmark QF_NRA/zankl/matrix-1-all-22.smt2: solved=True, runtime=0.44s, PAR-2=0.44s
[DEBUG] Processing 2298/2482: QF_NRA/meti-tarski/atan/problem/2/atan-problem-2-chunk-0033.smt2
[DEBUG] Predicted solver: Z3alpha for benchmark QF_NRA/meti-tarski/atan/problem/2/atan-problem-2-chunk-0033.smt2
[DEBUG] Benchmark QF_NRA/meti-tarski/atan/problem/2/atan-problem-2-chunk-0033.smt2: solved=True, runtime=0.27s, PAR-2=0.27s
[DEBUG] Processing 2299/2482: QF_NRA/meti-tarski/atan/problem/2/atan-problem-2-chunk-0087.smt2
[DEBUG] Predicted solver: Z3alpha for benchmark QF_NRA/meti-tarski/atan/problem/2/atan-problem-2-chunk-0087.smt2
[DEBUG] Benchmark QF_NRA/meti-tarski/atan/problem/2/atan-problem-2-chunk-0087.smt2: solved=True, runtime=0.27s, PAR-2=0.27s
[DEBUG] Processing 2300/2482: QF_NRA/meti-tarski/sin/problem/7/weak/sin-problem-7-weak-chunk-0087.smt2
[DEBUG] Predicted solver: Z3alpha for benchmark QF_NRA/meti-tarski/sin/problem/7/weak/sin-problem-7-weak-chunk-0087.smt2
[DEBUG] Benchmark QF_NRA/meti-tarski/sin/problem/7/weak/sin-problem-7-weak-chunk-0087.smt2: solved=True, runtime=0.30s, PAR-2=0.30s
[DEBUG] Processing 2301/2482: QF_NRA/20170501-Heizmann-UltimateInvariantSynthesis/standard_running.i_4_2_2.bpl_5.smt2
[DEBUG] Predicted solver: SMTInterpol for benchmark QF_NRA/20170501-Heizmann-UltimateInvariantSynthesis/standard_running.i_4_2_2.bpl_5.smt2
[DEBUG] Benchmark QF_NRA/20170501-Heizmann-UltimateInvariantSynthesis/standard_running.i_4_2_2.bpl_5.smt2: solved=True, runtime=0.59s, PAR-2=0.59s
[DEBUG] Processing 2302/2482: QF_NRA/meti-tarski/atan/vega/3/weak/atan-vega-3-weak-chunk-0572.smt2
[DEBUG] Predicted solver: Z3alpha for benchmark QF_NRA/meti-tarski/atan/vega/3/weak/atan-vega-3-weak-chunk-0572.smt2
[DEBUG] Benchmark QF_NRA/meti-tarski/atan/vega/3/weak/atan-vega-3-weak-chunk-0572.smt2: solved=True, runtime=0.38s, PAR-2=0.38s
[DEBUG] Processing 2303/2482: QF_NRA/hycomp/ball_count_2d_hill.01.seq_lazy_global_11.smt2
[DEBUG] Predicted solver: SMTInterpol for benchmark QF_NRA/hycomp/ball_count_2d_hill.01.seq_lazy_global_11.smt2
[DEBUG] Benchmark QF_NRA/hycomp/ball_count_2d_hill.01.seq_lazy_global_11.smt2: solved=True, runtime=1.09s, PAR-2=1.09s
[DEBUG] Processing 2304/2482: QF_NRA/meti-tarski/atan/vega/3/weak/atan-vega-3-weak-chunk-0400.smt2
[DEBUG] Predicted solver: Z3alpha for benchmark QF_NRA/meti-tarski/atan/vega/3/weak/atan-vega-3-weak-chunk-0400.smt2
[DEBUG] Benchmark QF_NRA/meti-tarski/atan/vega/3/weak/atan-vega-3-weak-chunk-0400.smt2: solved=True, runtime=0.27s, PAR-2=0.27s
[DEBUG] Processing 2305/2482: QF_NRA/2019-ezsmt/reverseFolding/23-reverse_folding-0-0.smt2
[DEBUG] Predicted solver: Yices2 for benchmark QF_NRA/2019-ezsmt/reverseFolding/23-reverse_folding-0-0.smt2
[DEBUG] Benchmark QF_NRA/2019-ezsmt/reverseFolding/23-reverse_folding-0-0.smt2: solved=True, runtime=0.65s, PAR-2=0.65s
[DEBUG] Processing 2306/2482: QF_NRA/2019-ezsmt/reverseFolding/28-reverse_folding-0-0.smt2
[DEBUG] Predicted solver: Yices2 for benchmark QF_NRA/2019-ezsmt/reverseFolding/28-reverse_folding-0-0.smt2
[DEBUG] Benchmark QF_NRA/2019-ezsmt/reverseFolding/28-reverse_folding-0-0.smt2: solved=True, runtime=0.84s, PAR-2=0.84s
[DEBUG] Processing 2307/2482: QF_NRA/20220314-Uncu/Rational_Function_Proof_Calls_With_Disjunctive_Denominator_Simplifications/DDC_ProveIneq_Mitrinovic_4_30_2.smt2
[DEBUG] Predicted solver: Z3alpha for benchmark QF_NRA/20220314-Uncu/Rational_Function_Proof_Calls_With_Disjunctive_Denominator_Simplifications/DDC_ProveIneq_Mitrinovic_4_30_2.smt2
[DEBUG] Benchmark QF_NRA/20220314-Uncu/Rational_Function_Proof_Calls_With_Disjunctive_Denominator_Simplifications/DDC_ProveIneq_Mitrinovic_4_30_2.smt2: solved=True, runtime=0.27s, PAR-2=0.27s
[DEBUG] Processing 2308/2482: QF_NRA/LassoRanker/CooperatingT2/toeplz.c.i.toeplz.pl.t2.fixed.t2.c_Iteration2_Loop_4-pieceTemplate.smt2
[DEBUG] Predicted solver: SMTInterpol for benchmark QF_NRA/LassoRanker/CooperatingT2/toeplz.c.i.toeplz.pl.t2.fixed.t2.c_Iteration2_Loop_4-pieceTemplate.smt2
[DEBUG] Benchmark QF_NRA/LassoRanker/CooperatingT2/toeplz.c.i.toeplz.pl.t2.fixed.t2.c_Iteration2_Loop_4-pieceTemplate.smt2: solved=True, runtime=1.48s, PAR-2=1.48s
[DEBUG] Processing 2309/2482: QF_NRA/kissing/kissing_4_16.smt2
[DEBUG] Predicted solver: SMTInterpol for benchmark QF_NRA/kissing/kissing_4_16.smt2
[DEBUG] Benchmark QF_NRA/kissing/kissing_4_16.smt2: solved=True, runtime=0.81s, PAR-2=0.81s
[DEBUG] Processing 2310/2482: QF_NRA/20200911-Pine/1599121980156583000.smt2
[DEBUG] Predicted solver: Z3alpha for benchmark QF_NRA/20200911-Pine/1599121980156583000.smt2
[DEBUG] Benchmark QF_NRA/20200911-Pine/1599121980156583000.smt2: solved=True, runtime=0.31s, PAR-2=0.31s
[DEBUG] Processing 2311/2482: QF_NRA/hycomp/ball_count_2d_hill.05.seq_lazy_linear_enc_global_7.smt2
[DEBUG] Predicted solver: SMTInterpol for benchmark QF_NRA/hycomp/ball_count_2d_hill.05.seq_lazy_linear_enc_global_7.smt2
[DEBUG] Benchmark QF_NRA/hycomp/ball_count_2d_hill.05.seq_lazy_linear_enc_global_7.smt2: solved=True, runtime=0.91s, PAR-2=0.91s
[DEBUG] Processing 2312/2482: QF_NRA/meti-tarski/exp/problem/10/2/exp-problem-10-2-chunk-0198.smt2
[DEBUG] Predicted solver: Z3alpha for benchmark QF_NRA/meti-tarski/exp/problem/10/2/exp-problem-10-2-chunk-0198.smt2
[DEBUG] Benchmark QF_NRA/meti-tarski/exp/problem/10/2/exp-problem-10-2-chunk-0198.smt2: solved=True, runtime=0.28s, PAR-2=0.28s
[DEBUG] Processing 2313/2482: QF_NRA/meti-tarski/CMOS/CMOS-opamp-chunk-0284.smt2
[DEBUG] Predicted solver: Z3alpha for benchmark QF_NRA/meti-tarski/CMOS/CMOS-opamp-chunk-0284.smt2
[DEBUG] Benchmark QF_NRA/meti-tarski/CMOS/CMOS-opamp-chunk-0284.smt2: solved=True, runtime=0.27s, PAR-2=0.27s
[DEBUG] Processing 2314/2482: QF_NRA/20211101-Geogebra/IsoRightTriangle-Bottema1_15b.smt2
[DEBUG] Predicted solver: Z3alpha for benchmark QF_NRA/20211101-Geogebra/IsoRightTriangle-Bottema1_15b.smt2
[DEBUG] Benchmark QF_NRA/20211101-Geogebra/IsoRightTriangle-Bottema1_15b.smt2: solved=True, runtime=0.27s, PAR-2=0.27s
[DEBUG] Processing 2315/2482: QF_NRA/20200911-Pine/1599121905539672000.smt2
[DEBUG] Predicted solver: Yices2 for benchmark QF_NRA/20200911-Pine/1599121905539672000.smt2
[DEBUG] Benchmark QF_NRA/20200911-Pine/1599121905539672000.smt2: solved=True, runtime=0.25s, PAR-2=0.25s
[DEBUG] Processing 2316/2482: QF_NRA/meti-tarski/CMOS/CMOS-opamp-chunk-0101.smt2
[DEBUG] Predicted solver: Z3alpha for benchmark QF_NRA/meti-tarski/CMOS/CMOS-opamp-chunk-0101.smt2
[DEBUG] Benchmark QF_NRA/meti-tarski/CMOS/CMOS-opamp-chunk-0101.smt2: solved=True, runtime=0.30s, PAR-2=0.30s
[DEBUG] Processing 2317/2482: QF_NRA/meti-tarski/sin/cos/sin-cos-346-b-chunk-0608.smt2
[DEBUG] Predicted solver: Z3alpha for benchmark QF_NRA/meti-tarski/sin/cos/sin-cos-346-b-chunk-0608.smt2
[DEBUG] Benchmark QF_NRA/meti-tarski/sin/cos/sin-cos-346-b-chunk-0608.smt2: solved=True, runtime=0.27s, PAR-2=0.27s
[DEBUG] Processing 2318/2482: QF_NRA/hycomp/ball_count_2d_plain.04.seq_lazy_linear_enc_global_7.smt2
[DEBUG] Predicted solver: SMTInterpol for benchmark QF_NRA/hycomp/ball_count_2d_plain.04.seq_lazy_linear_enc_global_7.smt2
[DEBUG] Benchmark QF_NRA/hycomp/ball_count_2d_plain.04.seq_lazy_linear_enc_global_7.smt2: solved=True, runtime=0.84s, PAR-2=0.84s
[DEBUG] Processing 2319/2482: QF_NRA/LassoRanker/SV-COMP/CookSeeZuleger-2013TACAS-Fig7a_true-termination.c_Iteration1_Loop_5-phaseTemplate.smt2
[DEBUG] Predicted solver: SMTInterpol for benchmark QF_NRA/LassoRanker/SV-COMP/CookSeeZuleger-2013TACAS-Fig7a_true-termination.c_Iteration1_Loop_5-phaseTemplate.smt2
[DEBUG] Benchmark QF_NRA/LassoRanker/SV-COMP/CookSeeZuleger-2013TACAS-Fig7a_true-termination.c_Iteration1_Loop_5-phaseTemplate.smt2: solved=True, runtime=5.92s, PAR-2=5.92s
[DEBUG] Processing 2320/2482: QF_NRA/meti-tarski/sqrt/1mcosq/8/sqrt-1mcosq-8-chunk-0575.smt2
[DEBUG] Predicted solver: Z3alpha for benchmark QF_NRA/meti-tarski/sqrt/1mcosq/8/sqrt-1mcosq-8-chunk-0575.smt2
[DEBUG] Benchmark QF_NRA/meti-tarski/sqrt/1mcosq/8/sqrt-1mcosq-8-chunk-0575.smt2: solved=True, runtime=0.30s, PAR-2=0.30s
[DEBUG] Processing 2321/2482: QF_NRA/meti-tarski/Chua/2/VC2/U/Chua-2-VC2-U-chunk-0058.smt2
[DEBUG] Predicted solver: Z3alpha for benchmark QF_NRA/meti-tarski/Chua/2/VC2/U/Chua-2-VC2-U-chunk-0058.smt2
[DEBUG] Benchmark QF_NRA/meti-tarski/Chua/2/VC2/U/Chua-2-VC2-U-chunk-0058.smt2: solved=True, runtime=0.30s, PAR-2=0.30s
[DEBUG] Processing 2322/2482: QF_NRA/LassoRanker/CooperatingT2/eric2.t2.c_Iteration7_Loop_3-pieceTemplate.smt2
[DEBUG] Predicted solver: SMTInterpol for benchmark QF_NRA/LassoRanker/CooperatingT2/eric2.t2.c_Iteration7_Loop_3-pieceTemplate.smt2
[DEBUG] Benchmark QF_NRA/LassoRanker/CooperatingT2/eric2.t2.c_Iteration7_Loop_3-pieceTemplate.smt2: solved=True, runtime=1.13s, PAR-2=1.13s
[DEBUG] Processing 2323/2482: QF_NRA/meti-tarski/Nichols-Plot/Inverted-Pendulum/Nichols-Plot-Inverted-Pendulum-Fails-1-6-chunk-0037.smt2
[DEBUG] Predicted solver: Z3alpha for benchmark QF_NRA/meti-tarski/Nichols-Plot/Inverted-Pendulum/Nichols-Plot-Inverted-Pendulum-Fails-1-6-chunk-0037.smt2
[DEBUG] Benchmark QF_NRA/meti-tarski/Nichols-Plot/Inverted-Pendulum/Nichols-Plot-Inverted-Pendulum-Fails-1-6-chunk-0037.smt2: solved=True, runtime=0.27s, PAR-2=0.27s
[DEBUG] Processing 2324/2482: QF_NRA/20161105-Sturm-MBO/mbo_E22E26.smt2
[DEBUG] Predicted solver: SMTInterpol for benchmark QF_NRA/20161105-Sturm-MBO/mbo_E22E26.smt2
[DEBUG] Benchmark QF_NRA/20161105-Sturm-MBO/mbo_E22E26.smt2: solved=True, runtime=0.63s, PAR-2=0.63s
[DEBUG] Processing 2325/2482: QF_NRA/meti-tarski/exp/problem/10/2/exp-problem-10-2-chunk-0193.smt2
[DEBUG] Predicted solver: Z3alpha for benchmark QF_NRA/meti-tarski/exp/problem/10/2/exp-problem-10-2-chunk-0193.smt2
[DEBUG] Benchmark QF_NRA/meti-tarski/exp/problem/10/2/exp-problem-10-2-chunk-0193.smt2: solved=True, runtime=0.32s, PAR-2=0.32s
[DEBUG] Processing 2326/2482: QF_NRA/meti-tarski/atan/problem/2/weak/atan-problem-2-weak-chunk-0089.smt2
[DEBUG] Predicted solver: Z3alpha for benchmark QF_NRA/meti-tarski/atan/problem/2/weak/atan-problem-2-weak-chunk-0089.smt2
[DEBUG] Benchmark QF_NRA/meti-tarski/atan/problem/2/weak/atan-problem-2-weak-chunk-0089.smt2: solved=True, runtime=0.27s, PAR-2=0.27s
[DEBUG] Processing 2327/2482: QF_NRA/LassoRanker/CooperatingT2/polyrank7.t2.c_Iteration1_Loop_6-phaseTemplate.smt2
[DEBUG] Predicted solver: SMTInterpol for benchmark QF_NRA/LassoRanker/CooperatingT2/polyrank7.t2.c_Iteration1_Loop_6-phaseTemplate.smt2
[DEBUG] Benchmark QF_NRA/LassoRanker/CooperatingT2/polyrank7.t2.c_Iteration1_Loop_6-phaseTemplate.smt2: solved=True, runtime=0.65s, PAR-2=0.65s
[DEBUG] Processing 2328/2482: QF_NRA/LassoRanker/CooperatingT2/polyrank5.t2.c_Iteration3_Loop_4-pieceTemplate.smt2
[DEBUG] Predicted solver: SMTInterpol for benchmark QF_NRA/LassoRanker/CooperatingT2/polyrank5.t2.c_Iteration3_Loop_4-pieceTemplate.smt2
[DEBUG] Benchmark QF_NRA/LassoRanker/CooperatingT2/polyrank5.t2.c_Iteration3_Loop_4-pieceTemplate.smt2: solved=True, runtime=1.22s, PAR-2=1.22s
[DEBUG] Processing 2329/2482: QF_NRA/meti-tarski/exp/problem/10/2/exp-problem-10-2-chunk-0159.smt2
[DEBUG] Predicted solver: Z3alpha for benchmark QF_NRA/meti-tarski/exp/problem/10/2/exp-problem-10-2-chunk-0159.smt2
[DEBUG] Benchmark QF_NRA/meti-tarski/exp/problem/10/2/exp-problem-10-2-chunk-0159.smt2: solved=True, runtime=0.28s, PAR-2=0.28s
[DEBUG] Processing 2330/2482: QF_NRA/20200911-Pine/1599121900863650000.smt2
[DEBUG] Predicted solver: Yices2 for benchmark QF_NRA/20200911-Pine/1599121900863650000.smt2
[DEBUG] Benchmark QF_NRA/20200911-Pine/1599121900863650000.smt2: solved=True, runtime=0.26s, PAR-2=0.26s
[DEBUG] Processing 2331/2482: QF_NRA/meti-tarski/sin/cos/sin-cos-346-b-chunk-0407.smt2
[DEBUG] Predicted solver: Z3alpha for benchmark QF_NRA/meti-tarski/sin/cos/sin-cos-346-b-chunk-0407.smt2
[DEBUG] Benchmark QF_NRA/meti-tarski/sin/cos/sin-cos-346-b-chunk-0407.smt2: solved=True, runtime=0.27s, PAR-2=0.27s
[DEBUG] Processing 2332/2482: QF_NRA/meti-tarski/atan/vega/3/atan-vega-3-chunk-0346.smt2
[DEBUG] Predicted solver: Z3alpha for benchmark QF_NRA/meti-tarski/atan/vega/3/atan-vega-3-chunk-0346.smt2
[DEBUG] Benchmark QF_NRA/meti-tarski/atan/vega/3/atan-vega-3-chunk-0346.smt2: solved=True, runtime=0.30s, PAR-2=0.30s
[DEBUG] Processing 2333/2482: QF_NRA/meti-tarski/Chua/1/VC2/L/Chua-1-VC2-L-chunk-0084.smt2
[DEBUG] Predicted solver: Z3alpha for benchmark QF_NRA/meti-tarski/Chua/1/VC2/L/Chua-1-VC2-L-chunk-0084.smt2
[DEBUG] Benchmark QF_NRA/meti-tarski/Chua/1/VC2/L/Chua-1-VC2-L-chunk-0084.smt2: solved=True, runtime=0.51s, PAR-2=0.51s
[DEBUG] Processing 2334/2482: QF_NRA/20200911-Pine/1599121900264874000.smt2
[DEBUG] Predicted solver: Z3alpha for benchmark QF_NRA/20200911-Pine/1599121900264874000.smt2
[DEBUG] Benchmark QF_NRA/20200911-Pine/1599121900264874000.smt2: solved=True, runtime=0.27s, PAR-2=0.27s
[DEBUG] Processing 2335/2482: QF_NRA/meti-tarski/Chua/1/VC1/U/Chua-1-VC1-U-chunk-0076.smt2
[DEBUG] Predicted solver: Z3alpha for benchmark QF_NRA/meti-tarski/Chua/1/VC1/U/Chua-1-VC1-U-chunk-0076.smt2
[DEBUG] Benchmark QF_NRA/meti-tarski/Chua/1/VC1/U/Chua-1-VC1-U-chunk-0076.smt2: solved=True, runtime=0.27s, PAR-2=0.27s
[DEBUG] Processing 2336/2482: QF_NRA/LassoRanker/CooperatingT2/heidy7-simple.t2.c_Iteration2_Lasso_3-pieceTemplate.smt2
[DEBUG] Predicted solver: SMTInterpol for benchmark QF_NRA/LassoRanker/CooperatingT2/heidy7-simple.t2.c_Iteration2_Lasso_3-pieceTemplate.smt2
[DEBUG] Benchmark QF_NRA/LassoRanker/CooperatingT2/heidy7-simple.t2.c_Iteration2_Lasso_3-pieceTemplate.smt2: solved=True, runtime=0.76s, PAR-2=0.76s
[DEBUG] Processing 2337/2482: QF_NRA/20161105-Sturm-MBO/mbo_E19E27.smt2
[DEBUG] Predicted solver: SMTInterpol for benchmark QF_NRA/20161105-Sturm-MBO/mbo_E19E27.smt2
[DEBUG] Benchmark QF_NRA/20161105-Sturm-MBO/mbo_E19E27.smt2: solved=True, runtime=0.95s, PAR-2=0.95s
[DEBUG] Processing 2338/2482: QF_NRA/20180501-Economics-Mulligan/MulliganEconomicsModel0016e.smt2
[DEBUG] Predicted solver: SMTInterpol for benchmark QF_NRA/20180501-Economics-Mulligan/MulliganEconomicsModel0016e.smt2
[DEBUG] Benchmark QF_NRA/20180501-Economics-Mulligan/MulliganEconomicsModel0016e.smt2: solved=True, runtime=0.44s, PAR-2=0.44s
[DEBUG] Processing 2339/2482: QF_NRA/meti-tarski/sqrt/1mcosq/7/sqrt-1mcosq-7-chunk-0210.smt2
[DEBUG] Predicted solver: Z3alpha for benchmark QF_NRA/meti-tarski/sqrt/1mcosq/7/sqrt-1mcosq-7-chunk-0210.smt2
[DEBUG] Benchmark QF_NRA/meti-tarski/sqrt/1mcosq/7/sqrt-1mcosq-7-chunk-0210.smt2: solved=True, runtime=0.28s, PAR-2=0.28s
[DEBUG] Processing 2340/2482: QF_NRA/20220314-Uncu/Rational_Function_Proof_Calls_With_Disjunctive_Denominator_Simplifications/DDC_ProveIneq_ISSAC05_LevinRHSm.smt2
[DEBUG] Predicted solver: Z3alpha for benchmark QF_NRA/20220314-Uncu/Rational_Function_Proof_Calls_With_Disjunctive_Denominator_Simplifications/DDC_ProveIneq_ISSAC05_LevinRHSm.smt2
[DEBUG] Benchmark QF_NRA/20220314-Uncu/Rational_Function_Proof_Calls_With_Disjunctive_Denominator_Simplifications/DDC_ProveIneq_ISSAC05_LevinRHSm.smt2: solved=True, runtime=0.27s, PAR-2=0.27s
[DEBUG] Processing 2341/2482: QF_NRA/zankl/matrix-5-all-8.smt2
[DEBUG] Predicted solver: SMTInterpol for benchmark QF_NRA/zankl/matrix-5-all-8.smt2
[DEBUG] Benchmark QF_NRA/zankl/matrix-5-all-8.smt2: solved=True, runtime=0.94s, PAR-2=0.94s
[DEBUG] Processing 2342/2482: QF_NRA/20180501-Economics-Mulligan/MulliganEconomicsModel0021e.smt2
[DEBUG] Predicted solver: SMTInterpol for benchmark QF_NRA/20180501-Economics-Mulligan/MulliganEconomicsModel0021e.smt2
[DEBUG] Benchmark QF_NRA/20180501-Economics-Mulligan/MulliganEconomicsModel0021e.smt2: solved=True, runtime=0.43s, PAR-2=0.43s
[DEBUG] Processing 2343/2482: QF_NRA/meti-tarski/exp/problem/10/2/exp-problem-10-2-chunk-0300.smt2
[DEBUG] Predicted solver: Z3alpha for benchmark QF_NRA/meti-tarski/exp/problem/10/2/exp-problem-10-2-chunk-0300.smt2
[DEBUG] Benchmark QF_NRA/meti-tarski/exp/problem/10/2/exp-problem-10-2-chunk-0300.smt2: solved=True, runtime=0.27s, PAR-2=0.27s
[DEBUG] Processing 2344/2482: QF_NRA/20180501-Economics-Mulligan/MulliganEconomicsModel0085c.smt2
[DEBUG] Predicted solver: SMTInterpol for benchmark QF_NRA/20180501-Economics-Mulligan/MulliganEconomicsModel0085c.smt2
[DEBUG] Benchmark QF_NRA/20180501-Economics-Mulligan/MulliganEconomicsModel0085c.smt2: solved=True, runtime=0.41s, PAR-2=0.41s
[DEBUG] Processing 2345/2482: QF_NRA/meti-tarski/sqrt/problem/12vars3/sqrt-problem-12vars3-chunk-0098.smt2
[DEBUG] Predicted solver: Z3alpha for benchmark QF_NRA/meti-tarski/sqrt/problem/12vars3/sqrt-problem-12vars3-chunk-0098.smt2
[DEBUG] Benchmark QF_NRA/meti-tarski/sqrt/problem/12vars3/sqrt-problem-12vars3-chunk-0098.smt2: solved=True, runtime=0.31s, PAR-2=0.31s
[DEBUG] Processing 2346/2482: QF_NRA/LassoRanker/CooperatingT2/eric2.t2.c_Iteration9_Loop_3-pieceTemplate.smt2
[DEBUG] Predicted solver: SMTInterpol for benchmark QF_NRA/LassoRanker/CooperatingT2/eric2.t2.c_Iteration9_Loop_3-pieceTemplate.smt2
[DEBUG] Benchmark QF_NRA/LassoRanker/CooperatingT2/eric2.t2.c_Iteration9_Loop_3-pieceTemplate.smt2: solved=True, runtime=1.09s, PAR-2=1.09s
[DEBUG] Processing 2347/2482: QF_NRA/20161105-Sturm-MBO/mbo_E9E26.smt2
[DEBUG] Predicted solver: SMTInterpol for benchmark QF_NRA/20161105-Sturm-MBO/mbo_E9E26.smt2
[DEBUG] Benchmark QF_NRA/20161105-Sturm-MBO/mbo_E9E26.smt2: solved=True, runtime=0.63s, PAR-2=0.63s
[DEBUG] Processing 2348/2482: QF_NRA/20161105-Sturm-MBO/mbo_E22E28.smt2
[DEBUG] Predicted solver: SMTInterpol for benchmark QF_NRA/20161105-Sturm-MBO/mbo_E22E28.smt2
[DEBUG] Benchmark QF_NRA/20161105-Sturm-MBO/mbo_E22E28.smt2: solved=True, runtime=0.65s, PAR-2=0.65s
[DEBUG] Processing 2349/2482: QF_NRA/meti-tarski/sqrt/circles/3/sqrt-circles-3-chunk-0011.smt2
[DEBUG] Predicted solver: Z3alpha for benchmark QF_NRA/meti-tarski/sqrt/circles/3/sqrt-circles-3-chunk-0011.smt2
[DEBUG] Benchmark QF_NRA/meti-tarski/sqrt/circles/3/sqrt-circles-3-chunk-0011.smt2: solved=True, runtime=0.27s, PAR-2=0.27s
[DEBUG] Processing 2350/2482: QF_NRA/hycomp/ball_count_1d_plain.01.seq_lazy_linear_enc_lemmas_global_13.smt2
[DEBUG] Predicted solver: SMTInterpol for benchmark QF_NRA/hycomp/ball_count_1d_plain.01.seq_lazy_linear_enc_lemmas_global_13.smt2
[DEBUG] Benchmark QF_NRA/hycomp/ball_count_1d_plain.01.seq_lazy_linear_enc_lemmas_global_13.smt2: solved=True, runtime=1.00s, PAR-2=1.00s
[DEBUG] Processing 2351/2482: QF_NRA/hycomp/ball_count_1d_plain.05.seq_lazy_lemmas_global_9.smt2
[DEBUG] Predicted solver: SMTInterpol for benchmark QF_NRA/hycomp/ball_count_1d_plain.05.seq_lazy_lemmas_global_9.smt2
[DEBUG] Benchmark QF_NRA/hycomp/ball_count_1d_plain.05.seq_lazy_lemmas_global_9.smt2: solved=True, runtime=0.92s, PAR-2=0.92s
[DEBUG] Processing 2352/2482: QF_NRA/hycomp/ball_count_2d_plain.04.seq_lazy_lemmas_global_8.smt2
[DEBUG] Predicted solver: SMTInterpol for benchmark QF_NRA/hycomp/ball_count_2d_plain.04.seq_lazy_lemmas_global_8.smt2
[DEBUG] Benchmark QF_NRA/hycomp/ball_count_2d_plain.04.seq_lazy_lemmas_global_8.smt2: solved=True, runtime=0.90s, PAR-2=0.90s
[DEBUG] Processing 2353/2482: QF_NRA/meti-tarski/polypaver/bench-sqrt-3d/polypaver-bench-sqrt-3d-chunk-0389.smt2
[DEBUG] Predicted solver: Z3alpha for benchmark QF_NRA/meti-tarski/polypaver/bench-sqrt-3d/polypaver-bench-sqrt-3d-chunk-0389.smt2
[DEBUG] Benchmark QF_NRA/meti-tarski/polypaver/bench-sqrt-3d/polypaver-bench-sqrt-3d-chunk-0389.smt2: solved=True, runtime=0.27s, PAR-2=0.27s
[DEBUG] Processing 2354/2482: QF_NRA/LassoRanker/Ultimate/ChenFlurMukhopadhyay-2012SAS-Fig1.bpl_Iteration1_Loop_4-pieceTemplate.smt2
[DEBUG] Predicted solver: SMTInterpol for benchmark QF_NRA/LassoRanker/Ultimate/ChenFlurMukhopadhyay-2012SAS-Fig1.bpl_Iteration1_Loop_4-pieceTemplate.smt2
[DEBUG] Benchmark QF_NRA/LassoRanker/Ultimate/ChenFlurMukhopadhyay-2012SAS-Fig1.bpl_Iteration1_Loop_4-pieceTemplate.smt2: solved=True, runtime=0.92s, PAR-2=0.92s
[DEBUG] Processing 2355/2482: QF_NRA/meti-tarski/sin/problem/7/weak/sin-problem-7-weak-chunk-0162.smt2
[DEBUG] Predicted solver: Z3alpha for benchmark QF_NRA/meti-tarski/sin/problem/7/weak/sin-problem-7-weak-chunk-0162.smt2
[DEBUG] Benchmark QF_NRA/meti-tarski/sin/problem/7/weak/sin-problem-7-weak-chunk-0162.smt2: solved=True, runtime=0.29s, PAR-2=0.29s
[DEBUG] Processing 2356/2482: QF_NRA/hycomp/ball_count_2d_plain.05.seq_lazy_linear_enc_lemmas_global_8.smt2
[DEBUG] Predicted solver: SMTInterpol for benchmark QF_NRA/hycomp/ball_count_2d_plain.05.seq_lazy_linear_enc_lemmas_global_8.smt2
[DEBUG] Benchmark QF_NRA/hycomp/ball_count_2d_plain.05.seq_lazy_linear_enc_lemmas_global_8.smt2: solved=True, runtime=0.97s, PAR-2=0.97s
[DEBUG] Processing 2357/2482: QF_NRA/meti-tarski/sin/cos/sin-cos-346-b-chunk-0529.smt2
[DEBUG] Predicted solver: Z3alpha for benchmark QF_NRA/meti-tarski/sin/cos/sin-cos-346-b-chunk-0529.smt2
[DEBUG] Benchmark QF_NRA/meti-tarski/sin/cos/sin-cos-346-b-chunk-0529.smt2: solved=True, runtime=0.27s, PAR-2=0.27s
[DEBUG] Processing 2358/2482: QF_NRA/meti-tarski/exp/problem/10/2/exp-problem-10-2-chunk-0373.smt2
[DEBUG] Predicted solver: Z3alpha for benchmark QF_NRA/meti-tarski/exp/problem/10/2/exp-problem-10-2-chunk-0373.smt2
[DEBUG] Benchmark QF_NRA/meti-tarski/exp/problem/10/2/exp-problem-10-2-chunk-0373.smt2: solved=True, runtime=0.27s, PAR-2=0.27s
[DEBUG] Processing 2359/2482: QF_NRA/meti-tarski/Chua/1/IL/L/Chua-1-IL-L-chunk-0126.smt2
[DEBUG] Predicted solver: Z3alpha for benchmark QF_NRA/meti-tarski/Chua/1/IL/L/Chua-1-IL-L-chunk-0126.smt2
[DEBUG] Benchmark QF_NRA/meti-tarski/Chua/1/IL/L/Chua-1-IL-L-chunk-0126.smt2: solved=True, runtime=0.27s, PAR-2=0.27s
[DEBUG] Processing 2360/2482: QF_NRA/20161105-Sturm-MBO/mbo_E9E20.smt2
[DEBUG] Predicted solver: SMTInterpol for benchmark QF_NRA/20161105-Sturm-MBO/mbo_E9E20.smt2
[DEBUG] Benchmark QF_NRA/20161105-Sturm-MBO/mbo_E9E20.smt2: solved=True, runtime=0.75s, PAR-2=0.75s
[DEBUG] Processing 2361/2482: QF_NRA/hycomp/ball_count_2d_hill_simple.03.seq_lazy_linear_enc_global_14.smt2
[DEBUG] Predicted solver: Yices2 for benchmark QF_NRA/hycomp/ball_count_2d_hill_simple.03.seq_lazy_linear_enc_global_14.smt2
[DEBUG] Benchmark QF_NRA/hycomp/ball_count_2d_hill_simple.03.seq_lazy_linear_enc_global_14.smt2: solved=True, runtime=0.32s, PAR-2=0.32s
[DEBUG] Processing 2362/2482: QF_NRA/meti-tarski/sin/problem/7/sin-problem-7-chunk-0202.smt2
[DEBUG] Predicted solver: SMTInterpol for benchmark QF_NRA/meti-tarski/sin/problem/7/sin-problem-7-chunk-0202.smt2
[DEBUG] Benchmark QF_NRA/meti-tarski/sin/problem/7/sin-problem-7-chunk-0202.smt2: solved=True, runtime=0.44s, PAR-2=0.44s
[DEBUG] Processing 2363/2482: QF_NRA/hycomp/ball_count_2d_hill_simple.05.redlog_global_3.smt2
[DEBUG] Predicted solver: SMTInterpol for benchmark QF_NRA/hycomp/ball_count_2d_hill_simple.05.redlog_global_3.smt2
[DEBUG] Benchmark QF_NRA/hycomp/ball_count_2d_hill_simple.05.redlog_global_3.smt2: solved=True, runtime=0.70s, PAR-2=0.70s
[DEBUG] Processing 2364/2482: QF_NRA/meti-tarski/asin/8/vars4/asin-8-vars4-chunk-0043.smt2
[DEBUG] Predicted solver: Z3alpha for benchmark QF_NRA/meti-tarski/asin/8/vars4/asin-8-vars4-chunk-0043.smt2
[DEBUG] Benchmark QF_NRA/meti-tarski/asin/8/vars4/asin-8-vars4-chunk-0043.smt2: solved=True, runtime=0.27s, PAR-2=0.27s
[DEBUG] Processing 2365/2482: QF_NRA/LassoRanker/CooperatingT2/sas2.t2.c_Iteration1_Lasso_3-pieceTemplate.smt2
[DEBUG] Predicted solver: SMTInterpol for benchmark QF_NRA/LassoRanker/CooperatingT2/sas2.t2.c_Iteration1_Lasso_3-pieceTemplate.smt2
[DEBUG] Benchmark QF_NRA/LassoRanker/CooperatingT2/sas2.t2.c_Iteration1_Lasso_3-pieceTemplate.smt2: solved=True, runtime=3.58s, PAR-2=3.58s
[DEBUG] Processing 2366/2482: QF_NRA/LassoRanker/SV-COMP/NoriSharma-2013FSE-Fig8_true-termination.c_Iteration1_Lasso_7-phaseTemplate.smt2
[DEBUG] Predicted solver: SMTInterpol for benchmark QF_NRA/LassoRanker/SV-COMP/NoriSharma-2013FSE-Fig8_true-termination.c_Iteration1_Lasso_7-phaseTemplate.smt2
[DEBUG] Benchmark QF_NRA/LassoRanker/SV-COMP/NoriSharma-2013FSE-Fig8_true-termination.c_Iteration1_Lasso_7-phaseTemplate.smt2: solved=True, runtime=3.30s, PAR-2=3.30s
[DEBUG] Processing 2367/2482: QF_NRA/meti-tarski/Chua/1/IL/U/Chua-1-IL-U-chunk-0084.smt2
[DEBUG] Predicted solver: Z3alpha for benchmark QF_NRA/meti-tarski/Chua/1/IL/U/Chua-1-IL-U-chunk-0084.smt2
[DEBUG] Benchmark QF_NRA/meti-tarski/Chua/1/IL/U/Chua-1-IL-U-chunk-0084.smt2: solved=True, runtime=0.34s, PAR-2=0.34s
[DEBUG] Processing 2368/2482: QF_NRA/meti-tarski/exp/problem/10/2/exp-problem-10-2-chunk-0160.smt2
[DEBUG] Predicted solver: Z3alpha for benchmark QF_NRA/meti-tarski/exp/problem/10/2/exp-problem-10-2-chunk-0160.smt2
[DEBUG] Benchmark QF_NRA/meti-tarski/exp/problem/10/2/exp-problem-10-2-chunk-0160.smt2: solved=True, runtime=0.27s, PAR-2=0.27s
[DEBUG] Processing 2369/2482: QF_NRA/LassoRanker/CooperatingT2/eric2.t2.c_Iteration2_Loop_3-pieceTemplate.smt2
[DEBUG] Predicted solver: SMTInterpol for benchmark QF_NRA/LassoRanker/CooperatingT2/eric2.t2.c_Iteration2_Loop_3-pieceTemplate.smt2
[DEBUG] Benchmark QF_NRA/LassoRanker/CooperatingT2/eric2.t2.c_Iteration2_Loop_3-pieceTemplate.smt2: solved=True, runtime=1.01s, PAR-2=1.01s
[DEBUG] Processing 2370/2482: QF_NRA/hycomp/ball_count_1d_plain.02.qfree_global_12.smt2
[DEBUG] Predicted solver: SMTInterpol for benchmark QF_NRA/hycomp/ball_count_1d_plain.02.qfree_global_12.smt2
[DEBUG] Benchmark QF_NRA/hycomp/ball_count_1d_plain.02.qfree_global_12.smt2: solved=True, runtime=0.87s, PAR-2=0.87s
[DEBUG] Processing 2371/2482: QF_NRA/20170501-Heizmann-UltimateInvariantSynthesis/standard_copy3_ground.i_3_2_2.bpl_5.smt2
[DEBUG] Predicted solver: SMTInterpol for benchmark QF_NRA/20170501-Heizmann-UltimateInvariantSynthesis/standard_copy3_ground.i_3_2_2.bpl_5.smt2
[DEBUG] Benchmark QF_NRA/20170501-Heizmann-UltimateInvariantSynthesis/standard_copy3_ground.i_3_2_2.bpl_5.smt2: solved=True, runtime=0.61s, PAR-2=0.61s
[DEBUG] Processing 2372/2482: QF_NRA/LassoRanker/Ultimate/BradleyMannaSipma-2005ICALP-Fig1-deterministic.bpl_Iteration1_Lasso_4-pieceTemplate.smt2
[DEBUG] Predicted solver: SMTInterpol for benchmark QF_NRA/LassoRanker/Ultimate/BradleyMannaSipma-2005ICALP-Fig1-deterministic.bpl_Iteration1_Lasso_4-pieceTemplate.smt2
[DEBUG] Benchmark QF_NRA/LassoRanker/Ultimate/BradleyMannaSipma-2005ICALP-Fig1-deterministic.bpl_Iteration1_Lasso_4-pieceTemplate.smt2: solved=True, runtime=2.15s, PAR-2=2.15s
[DEBUG] Processing 2373/2482: QF_NRA/zankl/matrix-1-all-40.smt2
[DEBUG] Predicted solver: SMTInterpol for benchmark QF_NRA/zankl/matrix-1-all-40.smt2
[DEBUG] Benchmark QF_NRA/zankl/matrix-1-all-40.smt2: solved=True, runtime=0.57s, PAR-2=0.57s
[DEBUG] Processing 2374/2482: QF_NRA/hycomp/simple_ballistics_reach.01.seq_lazy_linear_enc_lemmas_global_10.smt2
[DEBUG] Predicted solver: SMTInterpol for benchmark QF_NRA/hycomp/simple_ballistics_reach.01.seq_lazy_linear_enc_lemmas_global_10.smt2
[DEBUG] Benchmark QF_NRA/hycomp/simple_ballistics_reach.01.seq_lazy_linear_enc_lemmas_global_10.smt2: solved=True, runtime=1.28s, PAR-2=1.28s
[DEBUG] Processing 2375/2482: QF_NRA/hycomp/ball_count_2d_plain.05.redlog_global_5.smt2
[DEBUG] Predicted solver: SMTInterpol for benchmark QF_NRA/hycomp/ball_count_2d_plain.05.redlog_global_5.smt2
[DEBUG] Benchmark QF_NRA/hycomp/ball_count_2d_plain.05.redlog_global_5.smt2: solved=True, runtime=0.87s, PAR-2=0.87s
[DEBUG] Processing 2376/2482: QF_NRA/meti-tarski/sin/problem/7/sin-problem-7-chunk-0307.smt2
[DEBUG] Predicted solver: Z3alpha for benchmark QF_NRA/meti-tarski/sin/problem/7/sin-problem-7-chunk-0307.smt2
[DEBUG] Benchmark QF_NRA/meti-tarski/sin/problem/7/sin-problem-7-chunk-0307.smt2: solved=True, runtime=0.27s, PAR-2=0.27s
[DEBUG] Processing 2377/2482: QF_NRA/meti-tarski/Nichols-Plot/Inverted-Pendulum/Nichols-Plot-Inverted-Pendulum-Fails-1-6-chunk-0010.smt2
[DEBUG] Predicted solver: Z3alpha for benchmark QF_NRA/meti-tarski/Nichols-Plot/Inverted-Pendulum/Nichols-Plot-Inverted-Pendulum-Fails-1-6-chunk-0010.smt2
[DEBUG] Benchmark QF_NRA/meti-tarski/Nichols-Plot/Inverted-Pendulum/Nichols-Plot-Inverted-Pendulum-Fails-1-6-chunk-0010.smt2: solved=True, runtime=0.30s, PAR-2=0.30s
[DEBUG] Processing 2378/2482: QF_NRA/meti-tarski/sqrt/1mcosq/8/sqrt-1mcosq-8-chunk-0574.smt2
[DEBUG] Predicted solver: Z3alpha for benchmark QF_NRA/meti-tarski/sqrt/1mcosq/8/sqrt-1mcosq-8-chunk-0574.smt2
[DEBUG] Benchmark QF_NRA/meti-tarski/sqrt/1mcosq/8/sqrt-1mcosq-8-chunk-0574.smt2: solved=True, runtime=0.27s, PAR-2=0.27s
[DEBUG] Processing 2379/2482: QF_NRA/meti-tarski/polypaver/bench-sqrt-3d/polypaver-bench-sqrt-3d-chunk-0464.smt2
[DEBUG] Predicted solver: Z3alpha for benchmark QF_NRA/meti-tarski/polypaver/bench-sqrt-3d/polypaver-bench-sqrt-3d-chunk-0464.smt2
[DEBUG] Benchmark QF_NRA/meti-tarski/polypaver/bench-sqrt-3d/polypaver-bench-sqrt-3d-chunk-0464.smt2: solved=True, runtime=0.27s, PAR-2=0.27s
[DEBUG] Processing 2380/2482: QF_NRA/20180501-Economics-Mulligan/MulliganEconomicsModel0051a.smt2
[DEBUG] Predicted solver: SMTInterpol for benchmark QF_NRA/20180501-Economics-Mulligan/MulliganEconomicsModel0051a.smt2
[DEBUG] Benchmark QF_NRA/20180501-Economics-Mulligan/MulliganEconomicsModel0051a.smt2: solved=True, runtime=0.45s, PAR-2=0.45s
[DEBUG] Processing 2381/2482: QF_NRA/zankl/matrix-1-all-34.smt2
[DEBUG] Predicted solver: SMTInterpol for benchmark QF_NRA/zankl/matrix-1-all-34.smt2
[DEBUG] Benchmark QF_NRA/zankl/matrix-1-all-34.smt2: solved=True, runtime=0.48s, PAR-2=0.48s
[DEBUG] Processing 2382/2482: QF_NRA/20161105-Sturm-MBO/mbo_E2E12.smt2
[DEBUG] Predicted solver: SMTInterpol for benchmark QF_NRA/20161105-Sturm-MBO/mbo_E2E12.smt2
[DEBUG] Benchmark QF_NRA/20161105-Sturm-MBO/mbo_E2E12.smt2: solved=True, runtime=2.32s, PAR-2=2.32s
[DEBUG] Processing 2383/2482: QF_NRA/meti-tarski/sin/problem/7/sin-problem-7-chunk-0177.smt2
[DEBUG] Predicted solver: Z3alpha for benchmark QF_NRA/meti-tarski/sin/problem/7/sin-problem-7-chunk-0177.smt2
[DEBUG] Benchmark QF_NRA/meti-tarski/sin/problem/7/sin-problem-7-chunk-0177.smt2: solved=True, runtime=0.27s, PAR-2=0.27s
[DEBUG] Processing 2384/2482: QF_NRA/meti-tarski/atan/vega/3/atan-vega-3-chunk-0069.smt2
[DEBUG] Predicted solver: Z3alpha for benchmark QF_NRA/meti-tarski/atan/vega/3/atan-vega-3-chunk-0069.smt2
[DEBUG] Benchmark QF_NRA/meti-tarski/atan/vega/3/atan-vega-3-chunk-0069.smt2: solved=True, runtime=0.27s, PAR-2=0.27s
[DEBUG] Processing 2385/2482: QF_NRA/meti-tarski/cbrt/3/weak/cbrt-problem-3-weak-chunk-0089.smt2
[DEBUG] Predicted solver: Z3alpha for benchmark QF_NRA/meti-tarski/cbrt/3/weak/cbrt-problem-3-weak-chunk-0089.smt2
[DEBUG] Benchmark QF_NRA/meti-tarski/cbrt/3/weak/cbrt-problem-3-weak-chunk-0089.smt2: solved=True, runtime=0.47s, PAR-2=0.47s
[DEBUG] Processing 2386/2482: QF_NRA/hycomp/etcs_braking_2.01.qfree_global_2.smt2
[DEBUG] Predicted solver: SMTInterpol for benchmark QF_NRA/hycomp/etcs_braking_2.01.qfree_global_2.smt2
[DEBUG] Benchmark QF_NRA/hycomp/etcs_braking_2.01.qfree_global_2.smt2: solved=True, runtime=0.83s, PAR-2=0.83s
[DEBUG] Processing 2387/2482: QF_NRA/20170501-Heizmann-UltimateInvariantSynthesis/simple1.i_3_6_2.bpl_9.smt2
[DEBUG] Predicted solver: SMTInterpol for benchmark QF_NRA/20170501-Heizmann-UltimateInvariantSynthesis/simple1.i_3_6_2.bpl_9.smt2
[DEBUG] Benchmark QF_NRA/20170501-Heizmann-UltimateInvariantSynthesis/simple1.i_3_6_2.bpl_9.smt2: solved=True, runtime=0.57s, PAR-2=0.57s
[DEBUG] Processing 2388/2482: QF_NRA/LassoRanker/Ultimate/NonTerminationDifficult.bpl_Iteration1_Lasso_6-phaseTemplate.smt2
[DEBUG] Predicted solver: SMTInterpol for benchmark QF_NRA/LassoRanker/Ultimate/NonTerminationDifficult.bpl_Iteration1_Lasso_6-phaseTemplate.smt2
[DEBUG] Benchmark QF_NRA/LassoRanker/Ultimate/NonTerminationDifficult.bpl_Iteration1_Lasso_6-phaseTemplate.smt2: solved=True, runtime=0.68s, PAR-2=0.68s
[DEBUG] Processing 2389/2482: QF_NRA/hycomp/ball_count_2d_hill_simple.02.seq_lazy_global_15.smt2
[DEBUG] Predicted solver: Yices2 for benchmark QF_NRA/hycomp/ball_count_2d_hill_simple.02.seq_lazy_global_15.smt2
[DEBUG] Benchmark QF_NRA/hycomp/ball_count_2d_hill_simple.02.seq_lazy_global_15.smt2: solved=True, runtime=0.22s, PAR-2=0.22s
[DEBUG] Processing 2390/2482: QF_NRA/hycomp/ball_count_1d_plain.04.seq_lazy_global_15.smt2
[DEBUG] Predicted solver: Yices2 for benchmark QF_NRA/hycomp/ball_count_1d_plain.04.seq_lazy_global_15.smt2
[DEBUG] Benchmark QF_NRA/hycomp/ball_count_1d_plain.04.seq_lazy_global_15.smt2: solved=True, runtime=0.23s, PAR-2=0.23s
[DEBUG] Processing 2391/2482: QF_NRA/hycomp/ball_count_2d_hill_simple.10.seq_lazy_lemmas_global_13.smt2
[DEBUG] Predicted solver: Yices2 for benchmark QF_NRA/hycomp/ball_count_2d_hill_simple.10.seq_lazy_lemmas_global_13.smt2
[DEBUG] Benchmark QF_NRA/hycomp/ball_count_2d_hill_simple.10.seq_lazy_lemmas_global_13.smt2: solved=True, runtime=0.22s, PAR-2=0.22s
[DEBUG] Processing 2392/2482: QF_NRA/meti-tarski/polypaver/bench-sqrt-3d/polypaver-bench-sqrt-3d-chunk-0442.smt2
[DEBUG] Predicted solver: Z3alpha for benchmark QF_NRA/meti-tarski/polypaver/bench-sqrt-3d/polypaver-bench-sqrt-3d-chunk-0442.smt2
[DEBUG] Benchmark QF_NRA/meti-tarski/polypaver/bench-sqrt-3d/polypaver-bench-sqrt-3d-chunk-0442.smt2: solved=True, runtime=0.27s, PAR-2=0.27s
[DEBUG] Processing 2393/2482: QF_NRA/hycomp/ball_count_2d_slope.04.seq_lazy_linear_enc_global_15.smt2
[DEBUG] Predicted solver: SMTInterpol for benchmark QF_NRA/hycomp/ball_count_2d_slope.04.seq_lazy_linear_enc_global_15.smt2
[DEBUG] Benchmark QF_NRA/hycomp/ball_count_2d_slope.04.seq_lazy_linear_enc_global_15.smt2: solved=True, runtime=1.32s, PAR-2=1.32s
[DEBUG] Processing 2394/2482: QF_NRA/20161105-Sturm-MGC/mgc_08.smt2
[DEBUG] Predicted solver: SMTInterpol for benchmark QF_NRA/20161105-Sturm-MGC/mgc_08.smt2
[DEBUG] Benchmark QF_NRA/20161105-Sturm-MGC/mgc_08.smt2: solved=True, runtime=0.44s, PAR-2=0.44s
[DEBUG] Processing 2395/2482: QF_NRA/meti-tarski/sin/cos/sin-cos-346-b-chunk-0305.smt2
[DEBUG] Predicted solver: Z3alpha for benchmark QF_NRA/meti-tarski/sin/cos/sin-cos-346-b-chunk-0305.smt2
[DEBUG] Benchmark QF_NRA/meti-tarski/sin/cos/sin-cos-346-b-chunk-0305.smt2: solved=True, runtime=0.30s, PAR-2=0.30s
[DEBUG] Processing 2396/2482: QF_NRA/meti-tarski/CMOS/CMOS-opamp-chunk-0332.smt2
[DEBUG] Predicted solver: Z3alpha for benchmark QF_NRA/meti-tarski/CMOS/CMOS-opamp-chunk-0332.smt2
[DEBUG] Benchmark QF_NRA/meti-tarski/CMOS/CMOS-opamp-chunk-0332.smt2: solved=True, runtime=0.28s, PAR-2=0.28s
[DEBUG] Processing 2397/2482: QF_NRA/hycomp/ball_count_1d_plain.04.seq_lazy_linear_enc_lemmas_global_11.smt2
[DEBUG] Predicted solver: SMTInterpol for benchmark QF_NRA/hycomp/ball_count_1d_plain.04.seq_lazy_linear_enc_lemmas_global_11.smt2
[DEBUG] Benchmark QF_NRA/hycomp/ball_count_1d_plain.04.seq_lazy_linear_enc_lemmas_global_11.smt2: solved=True, runtime=0.99s, PAR-2=0.99s
[DEBUG] Processing 2398/2482: QF_NRA/LassoRanker/Ultimate/2013POPL-BenAmGen-Ex4.2.bpl_Iteration1_Lasso_3-pieceTemplate.smt2
[DEBUG] Predicted solver: SMTInterpol for benchmark QF_NRA/LassoRanker/Ultimate/2013POPL-BenAmGen-Ex4.2.bpl_Iteration1_Lasso_3-pieceTemplate.smt2
[DEBUG] Benchmark QF_NRA/LassoRanker/Ultimate/2013POPL-BenAmGen-Ex4.2.bpl_Iteration1_Lasso_3-pieceTemplate.smt2: solved=True, runtime=0.76s, PAR-2=0.76s
[DEBUG] Processing 2399/2482: QF_NRA/20220314-Uncu/Rational_Function_Proof_Calls_With_Basic_Denominator_Simplifications/BDC_ProveIneq_Mitrinovic_4_18.smt2
[DEBUG] Predicted solver: Z3alpha for benchmark QF_NRA/20220314-Uncu/Rational_Function_Proof_Calls_With_Basic_Denominator_Simplifications/BDC_ProveIneq_Mitrinovic_4_18.smt2
[DEBUG] Benchmark QF_NRA/20220314-Uncu/Rational_Function_Proof_Calls_With_Basic_Denominator_Simplifications/BDC_ProveIneq_Mitrinovic_4_18.smt2: solved=True, runtime=0.27s, PAR-2=0.27s
[DEBUG] Processing 2400/2482: QF_NRA/LassoRanker/Ultimate/yPositive-SIscaled100.bpl_Iteration1_Loop_4-phaseTemplate.smt2
[DEBUG] Predicted solver: SMTInterpol for benchmark QF_NRA/LassoRanker/Ultimate/yPositive-SIscaled100.bpl_Iteration1_Loop_4-phaseTemplate.smt2
[DEBUG] Benchmark QF_NRA/LassoRanker/Ultimate/yPositive-SIscaled100.bpl_Iteration1_Loop_4-phaseTemplate.smt2: solved=True, runtime=1.59s, PAR-2=1.59s
[DEBUG] Processing 2401/2482: QF_NRA/LassoRanker/SV-COMP/aviad_true-termination.c_Iteration1_Loop_4-nestedTemplate.smt2
[DEBUG] Predicted solver: Z3alpha for benchmark QF_NRA/LassoRanker/SV-COMP/aviad_true-termination.c_Iteration1_Loop_4-nestedTemplate.smt2
[DEBUG] Benchmark QF_NRA/LassoRanker/SV-COMP/aviad_true-termination.c_Iteration1_Loop_4-nestedTemplate.smt2: solved=True, runtime=47.17s, PAR-2=47.17s
[DEBUG] Processing 2402/2482: QF_NRA/hycomp/ball_count_2d_hill.02.redlog_global_6.smt2
[DEBUG] Predicted solver: SMTInterpol for benchmark QF_NRA/hycomp/ball_count_2d_hill.02.redlog_global_6.smt2
[DEBUG] Benchmark QF_NRA/hycomp/ball_count_2d_hill.02.redlog_global_6.smt2: solved=True, runtime=1.00s, PAR-2=1.00s
[DEBUG] Processing 2403/2482: QF_NRA/20240407-pPDA-Chiari-Pontiggia-Winkler/past/huge_runtime_tiny_probs_PRAY.smt2
[DEBUG] Predicted solver: SMTInterpol for benchmark QF_NRA/20240407-pPDA-Chiari-Pontiggia-Winkler/past/huge_runtime_tiny_probs_PRAY.smt2
[DEBUG] Benchmark QF_NRA/20240407-pPDA-Chiari-Pontiggia-Winkler/past/huge_runtime_tiny_probs_PRAY.smt2: solved=True, runtime=0.54s, PAR-2=0.54s
[DEBUG] Processing 2404/2482: QF_NRA/zankl/matrix-1-all-17.smt2
[DEBUG] Predicted solver: SMTInterpol for benchmark QF_NRA/zankl/matrix-1-all-17.smt2
[DEBUG] Benchmark QF_NRA/zankl/matrix-1-all-17.smt2: solved=True, runtime=0.53s, PAR-2=0.53s
[DEBUG] Processing 2405/2482: QF_NRA/meti-tarski/atan/vega/3/weak/atan-vega-3-weak-chunk-0336.smt2
[DEBUG] Predicted solver: Z3alpha for benchmark QF_NRA/meti-tarski/atan/vega/3/weak/atan-vega-3-weak-chunk-0336.smt2
[DEBUG] Benchmark QF_NRA/meti-tarski/atan/vega/3/weak/atan-vega-3-weak-chunk-0336.smt2: solved=True, runtime=0.27s, PAR-2=0.27s
[DEBUG] Processing 2406/2482: QF_NRA/hycomp/ball_count_1d_plain.05.seq_lazy_linear_enc_lemmas_global_7.smt2
[DEBUG] Predicted solver: SMTInterpol for benchmark QF_NRA/hycomp/ball_count_1d_plain.05.seq_lazy_linear_enc_lemmas_global_7.smt2
[DEBUG] Benchmark QF_NRA/hycomp/ball_count_1d_plain.05.seq_lazy_linear_enc_lemmas_global_7.smt2: solved=True, runtime=0.88s, PAR-2=0.88s
[DEBUG] Processing 2407/2482: QF_NRA/20200911-Pine/1599122163190413000.smt2
[DEBUG] Predicted solver: Z3alpha for benchmark QF_NRA/20200911-Pine/1599122163190413000.smt2
[DEBUG] Benchmark QF_NRA/20200911-Pine/1599122163190413000.smt2: solved=True, runtime=0.27s, PAR-2=0.27s
[DEBUG] Processing 2408/2482: QF_NRA/hycomp/ball_count_2d_plain.04.redlog_global_13.smt2
[DEBUG] Predicted solver: SMTInterpol for benchmark QF_NRA/hycomp/ball_count_2d_plain.04.redlog_global_13.smt2
[DEBUG] Benchmark QF_NRA/hycomp/ball_count_2d_plain.04.redlog_global_13.smt2: solved=True, runtime=1.22s, PAR-2=1.22s
[DEBUG] Processing 2409/2482: QF_NRA/meti-tarski/sqrt/problem/sqrt-problem-Melquiond2-chunk-0025.smt2
[DEBUG] Predicted solver: Z3alpha for benchmark QF_NRA/meti-tarski/sqrt/problem/sqrt-problem-Melquiond2-chunk-0025.smt2
[DEBUG] Benchmark QF_NRA/meti-tarski/sqrt/problem/sqrt-problem-Melquiond2-chunk-0025.smt2: solved=True, runtime=0.27s, PAR-2=0.27s
[DEBUG] Processing 2410/2482: QF_NRA/hycomp/ball_count_2d_hill.03.seq_lazy_global_15.smt2
[DEBUG] Predicted solver: SMTInterpol for benchmark QF_NRA/hycomp/ball_count_2d_hill.03.seq_lazy_global_15.smt2
[DEBUG] Benchmark QF_NRA/hycomp/ball_count_2d_hill.03.seq_lazy_global_15.smt2: solved=True, runtime=1.30s, PAR-2=1.30s
[DEBUG] Processing 2411/2482: QF_NRA/hycomp/ball_count_2d_plain.01.redlog_global_14.smt2
[DEBUG] Predicted solver: SMTInterpol for benchmark QF_NRA/hycomp/ball_count_2d_plain.01.redlog_global_14.smt2
[DEBUG] Benchmark QF_NRA/hycomp/ball_count_2d_plain.01.redlog_global_14.smt2: solved=True, runtime=1.15s, PAR-2=1.15s
[DEBUG] Processing 2412/2482: QF_NRA/meti-tarski/sin/cos/sin-cos-346-b-chunk-0031.smt2
[DEBUG] Predicted solver: Z3alpha for benchmark QF_NRA/meti-tarski/sin/cos/sin-cos-346-b-chunk-0031.smt2
[DEBUG] Benchmark QF_NRA/meti-tarski/sin/cos/sin-cos-346-b-chunk-0031.smt2: solved=True, runtime=0.34s, PAR-2=0.34s
[DEBUG] Processing 2413/2482: QF_NRA/LassoRanker/Ultimate/yPositive-SIscaled75.bpl_Iteration1_Loop_2-pieceTemplate.smt2
[DEBUG] Predicted solver: SMTInterpol for benchmark QF_NRA/LassoRanker/Ultimate/yPositive-SIscaled75.bpl_Iteration1_Loop_2-pieceTemplate.smt2
[DEBUG] Benchmark QF_NRA/LassoRanker/Ultimate/yPositive-SIscaled75.bpl_Iteration1_Loop_2-pieceTemplate.smt2: solved=True, runtime=1.68s, PAR-2=1.68s
[DEBUG] Processing 2414/2482: QF_NRA/hycomp/ball_count_2d_hill.02.seq_lazy_global_7.smt2
[DEBUG] Predicted solver: SMTInterpol for benchmark QF_NRA/hycomp/ball_count_2d_hill.02.seq_lazy_global_7.smt2
[DEBUG] Benchmark QF_NRA/hycomp/ball_count_2d_hill.02.seq_lazy_global_7.smt2: solved=True, runtime=0.91s, PAR-2=0.91s
[DEBUG] Processing 2415/2482: QF_NRA/meti-tarski/atan/problem/2/weak/atan-problem-2-weak-chunk-0022.smt2
[DEBUG] Predicted solver: Z3alpha for benchmark QF_NRA/meti-tarski/atan/problem/2/weak/atan-problem-2-weak-chunk-0022.smt2
[DEBUG] Benchmark QF_NRA/meti-tarski/atan/problem/2/weak/atan-problem-2-weak-chunk-0022.smt2: solved=True, runtime=0.32s, PAR-2=0.32s
[DEBUG] Processing 2416/2482: QF_NRA/LassoRanker/Ultimate/SyntaxSupportDisjunction4.bpl_Iteration1_Loop_3-pieceTemplate.smt2
[DEBUG] Predicted solver: SMTInterpol for benchmark QF_NRA/LassoRanker/Ultimate/SyntaxSupportDisjunction4.bpl_Iteration1_Loop_3-pieceTemplate.smt2
[DEBUG] Benchmark QF_NRA/LassoRanker/Ultimate/SyntaxSupportDisjunction4.bpl_Iteration1_Loop_3-pieceTemplate.smt2: solved=True, runtime=1.08s, PAR-2=1.08s
[DEBUG] Processing 2417/2482: QF_NRA/LassoRanker/CooperatingT2/spiral.t2.c_Iteration8_Loop_4-pieceTemplate.smt2
[DEBUG] Predicted solver: SMTInterpol for benchmark QF_NRA/LassoRanker/CooperatingT2/spiral.t2.c_Iteration8_Loop_4-pieceTemplate.smt2
[DEBUG] Benchmark QF_NRA/LassoRanker/CooperatingT2/spiral.t2.c_Iteration8_Loop_4-pieceTemplate.smt2: solved=True, runtime=1.46s, PAR-2=1.46s
[DEBUG] Processing 2418/2482: QF_NRA/meti-tarski/exp/problem/10/3/weak/exp-problem-10-3-weak-chunk-0061.smt2
[DEBUG] Predicted solver: Z3alpha for benchmark QF_NRA/meti-tarski/exp/problem/10/3/weak/exp-problem-10-3-weak-chunk-0061.smt2
[DEBUG] Benchmark QF_NRA/meti-tarski/exp/problem/10/3/weak/exp-problem-10-3-weak-chunk-0061.smt2: solved=True, runtime=0.29s, PAR-2=0.29s
[DEBUG] Processing 2419/2482: QF_NRA/hycomp/ball_count_2d_plain.05.seq_lazy_lemmas_global_15.smt2
[DEBUG] Predicted solver: Yices2 for benchmark QF_NRA/hycomp/ball_count_2d_plain.05.seq_lazy_lemmas_global_15.smt2
[DEBUG] Benchmark QF_NRA/hycomp/ball_count_2d_plain.05.seq_lazy_lemmas_global_15.smt2: solved=True, runtime=0.23s, PAR-2=0.23s
[DEBUG] Processing 2420/2482: QF_NRA/hycomp/ball_count_1d_plain.10.seq_lazy_linear_enc_global_12.smt2
[DEBUG] Predicted solver: SMTInterpol for benchmark QF_NRA/hycomp/ball_count_1d_plain.10.seq_lazy_linear_enc_global_12.smt2
[DEBUG] Benchmark QF_NRA/hycomp/ball_count_1d_plain.10.seq_lazy_linear_enc_global_12.smt2: solved=True, runtime=1.03s, PAR-2=1.03s
[DEBUG] Processing 2421/2482: QF_NRA/meti-tarski/Chua/1/VC2/U/Chua-1-VC2-U-chunk-0086.smt2
[DEBUG] Predicted solver: Z3alpha for benchmark QF_NRA/meti-tarski/Chua/1/VC2/U/Chua-1-VC2-U-chunk-0086.smt2
[DEBUG] Benchmark QF_NRA/meti-tarski/Chua/1/VC2/U/Chua-1-VC2-U-chunk-0086.smt2: solved=True, runtime=0.30s, PAR-2=0.30s
[DEBUG] Processing 2422/2482: QF_NRA/hycomp/ball_count_2d_hill_simple.03.seq_lazy_lemmas_global_15.smt2
[DEBUG] Predicted solver: Yices2 for benchmark QF_NRA/hycomp/ball_count_2d_hill_simple.03.seq_lazy_lemmas_global_15.smt2
[DEBUG] Benchmark QF_NRA/hycomp/ball_count_2d_hill_simple.03.seq_lazy_lemmas_global_15.smt2: solved=True, runtime=0.23s, PAR-2=0.23s
[DEBUG] Processing 2423/2482: QF_NRA/hycomp/ball_count_2d_plain.02.qfree_global_14.smt2
[DEBUG] Predicted solver: SMTInterpol for benchmark QF_NRA/hycomp/ball_count_2d_plain.02.qfree_global_14.smt2
[DEBUG] Benchmark QF_NRA/hycomp/ball_count_2d_plain.02.qfree_global_14.smt2: solved=True, runtime=1.00s, PAR-2=1.00s
[DEBUG] Processing 2424/2482: QF_NRA/meti-tarski/atan/problem/1/atan-problem-1-chunk-0101.smt2
[DEBUG] Predicted solver: Z3alpha for benchmark QF_NRA/meti-tarski/atan/problem/1/atan-problem-1-chunk-0101.smt2
[DEBUG] Benchmark QF_NRA/meti-tarski/atan/problem/1/atan-problem-1-chunk-0101.smt2: solved=True, runtime=0.27s, PAR-2=0.27s
[DEBUG] Processing 2425/2482: QF_NRA/LassoRanker/CooperatingT2/p-49.t2.c_Iteration1_Loop_4-pieceTemplate.smt2
[DEBUG] Predicted solver: SMTInterpol for benchmark QF_NRA/LassoRanker/CooperatingT2/p-49.t2.c_Iteration1_Loop_4-pieceTemplate.smt2
[DEBUG] Benchmark QF_NRA/LassoRanker/CooperatingT2/p-49.t2.c_Iteration1_Loop_4-pieceTemplate.smt2: solved=True, runtime=0.84s, PAR-2=0.84s
[DEBUG] Processing 2426/2482: QF_NRA/hycomp/ball_count_2d_hill.10.seq_lazy_linear_enc_global_10.smt2
[DEBUG] Predicted solver: SMTInterpol for benchmark QF_NRA/hycomp/ball_count_2d_hill.10.seq_lazy_linear_enc_global_10.smt2
[DEBUG] Benchmark QF_NRA/hycomp/ball_count_2d_hill.10.seq_lazy_linear_enc_global_10.smt2: solved=True, runtime=1.12s, PAR-2=1.12s
[DEBUG] Processing 2427/2482: QF_NRA/hycomp/ball_count_2d_hill.02.redlog_global_5.smt2
[DEBUG] Predicted solver: SMTInterpol for benchmark QF_NRA/hycomp/ball_count_2d_hill.02.redlog_global_5.smt2
[DEBUG] Benchmark QF_NRA/hycomp/ball_count_2d_hill.02.redlog_global_5.smt2: solved=True, runtime=1.03s, PAR-2=1.03s
[DEBUG] Processing 2428/2482: QF_NRA/LassoRanker/Ultimate/Canberra.bpl_Iteration1_Lasso_2-pieceTemplate.smt2
[DEBUG] Predicted solver: SMTInterpol for benchmark QF_NRA/LassoRanker/Ultimate/Canberra.bpl_Iteration1_Lasso_2-pieceTemplate.smt2
[DEBUG] Benchmark QF_NRA/LassoRanker/Ultimate/Canberra.bpl_Iteration1_Lasso_2-pieceTemplate.smt2: solved=True, runtime=2.97s, PAR-2=2.97s
[DEBUG] Processing 2429/2482: QF_NRA/meti-tarski/sqrt/1mcosq/8/sqrt-1mcosq-8-chunk-0613.smt2
[DEBUG] Predicted solver: Z3alpha for benchmark QF_NRA/meti-tarski/sqrt/1mcosq/8/sqrt-1mcosq-8-chunk-0613.smt2
[DEBUG] Benchmark QF_NRA/meti-tarski/sqrt/1mcosq/8/sqrt-1mcosq-8-chunk-0613.smt2: solved=True, runtime=0.27s, PAR-2=0.27s
[DEBUG] Processing 2430/2482: QF_NRA/meti-tarski/exp/problem/10/2/exp-problem-10-2-chunk-0184.smt2
[DEBUG] Predicted solver: Z3alpha for benchmark QF_NRA/meti-tarski/exp/problem/10/2/exp-problem-10-2-chunk-0184.smt2
[DEBUG] Benchmark QF_NRA/meti-tarski/exp/problem/10/2/exp-problem-10-2-chunk-0184.smt2: solved=True, runtime=0.32s, PAR-2=0.32s
[DEBUG] Processing 2431/2482: QF_NRA/LassoRanker/CooperatingT2/p-46.t2.c_Iteration2_Loop_3-pieceTemplate.smt2
[DEBUG] Predicted solver: SMTInterpol for benchmark QF_NRA/LassoRanker/CooperatingT2/p-46.t2.c_Iteration2_Loop_3-pieceTemplate.smt2
[DEBUG] Benchmark QF_NRA/LassoRanker/CooperatingT2/p-46.t2.c_Iteration2_Loop_3-pieceTemplate.smt2: solved=True, runtime=2.74s, PAR-2=2.74s
[DEBUG] Processing 2432/2482: QF_NRA/LassoRanker/Ultimate/SyntaxSupportDivision1.bpl_Iteration1_Lasso_4-lexTemplate.smt2
[DEBUG] Predicted solver: SMTInterpol for benchmark QF_NRA/LassoRanker/Ultimate/SyntaxSupportDivision1.bpl_Iteration1_Lasso_4-lexTemplate.smt2
[DEBUG] Benchmark QF_NRA/LassoRanker/Ultimate/SyntaxSupportDivision1.bpl_Iteration1_Lasso_4-lexTemplate.smt2: solved=True, runtime=5.31s, PAR-2=5.31s
[DEBUG] Processing 2433/2482: QF_NRA/meti-tarski/atan/problem/2/weak/atan-problem-2-weak-chunk-0046.smt2
[DEBUG] Predicted solver: Z3alpha for benchmark QF_NRA/meti-tarski/atan/problem/2/weak/atan-problem-2-weak-chunk-0046.smt2
[DEBUG] Benchmark QF_NRA/meti-tarski/atan/problem/2/weak/atan-problem-2-weak-chunk-0046.smt2: solved=True, runtime=0.27s, PAR-2=0.27s
[DEBUG] Processing 2434/2482: QF_NRA/hycomp/etcs_braking_2.01.seq_lazy_global_7.smt2
[DEBUG] Predicted solver: SMTInterpol for benchmark QF_NRA/hycomp/etcs_braking_2.01.seq_lazy_global_7.smt2
[DEBUG] Benchmark QF_NRA/hycomp/etcs_braking_2.01.seq_lazy_global_7.smt2: solved=True, runtime=1.41s, PAR-2=1.41s
[DEBUG] Processing 2435/2482: QF_NRA/zankl/matrix-3-all-13.smt2
[DEBUG] Predicted solver: SMTInterpol for benchmark QF_NRA/zankl/matrix-3-all-13.smt2
[DEBUG] Benchmark QF_NRA/zankl/matrix-3-all-13.smt2: solved=True, runtime=2.23s, PAR-2=2.23s
[DEBUG] Processing 2436/2482: QF_NRA/meti-tarski/sin/cos/sin-cos-346-b-chunk-0636.smt2
[DEBUG] Predicted solver: Z3alpha for benchmark QF_NRA/meti-tarski/sin/cos/sin-cos-346-b-chunk-0636.smt2
[DEBUG] Benchmark QF_NRA/meti-tarski/sin/cos/sin-cos-346-b-chunk-0636.smt2: solved=True, runtime=0.28s, PAR-2=0.28s
[DEBUG] Processing 2437/2482: QF_NRA/hycomp/etcs_braking_2.01.qfree_global_10.smt2
[DEBUG] Predicted solver: SMTInterpol for benchmark QF_NRA/hycomp/etcs_braking_2.01.qfree_global_10.smt2
[DEBUG] Benchmark QF_NRA/hycomp/etcs_braking_2.01.qfree_global_10.smt2: solved=True, runtime=1.34s, PAR-2=1.34s
[DEBUG] Processing 2438/2482: QF_NRA/LassoRanker/SV-COMP/joey_false-termination.c_Iteration2_Loop_7-phaseTemplate.smt2
[DEBUG] Predicted solver: SMTInterpol for benchmark QF_NRA/LassoRanker/SV-COMP/joey_false-termination.c_Iteration2_Loop_7-phaseTemplate.smt2
[DEBUG] Benchmark QF_NRA/LassoRanker/SV-COMP/joey_false-termination.c_Iteration2_Loop_7-phaseTemplate.smt2: solved=True, runtime=1.83s, PAR-2=1.83s
[DEBUG] Processing 2439/2482: QF_NRA/meti-tarski/atan/problem/2/weak2/atan-problem-2-weak2-chunk-0114.smt2
[DEBUG] Predicted solver: Z3alpha for benchmark QF_NRA/meti-tarski/atan/problem/2/weak2/atan-problem-2-weak2-chunk-0114.smt2
[DEBUG] Benchmark QF_NRA/meti-tarski/atan/problem/2/weak2/atan-problem-2-weak2-chunk-0114.smt2: solved=True, runtime=0.27s, PAR-2=0.27s
[DEBUG] Processing 2440/2482: QF_NRA/hycomp/ball_count_2d_plain.02.seq_lazy_linear_enc_global_4.smt2
[DEBUG] Predicted solver: SMTInterpol for benchmark QF_NRA/hycomp/ball_count_2d_plain.02.seq_lazy_linear_enc_global_4.smt2
[DEBUG] Benchmark QF_NRA/hycomp/ball_count_2d_plain.02.seq_lazy_linear_enc_global_4.smt2: solved=True, runtime=0.65s, PAR-2=0.65s
[DEBUG] Processing 2441/2482: QF_NRA/hycomp/ball_count_2d_plain.02.redlog_global_14.smt2
[DEBUG] Predicted solver: SMTInterpol for benchmark QF_NRA/hycomp/ball_count_2d_plain.02.redlog_global_14.smt2
[DEBUG] Benchmark QF_NRA/hycomp/ball_count_2d_plain.02.redlog_global_14.smt2: solved=True, runtime=1.16s, PAR-2=1.16s
[DEBUG] Processing 2442/2482: QF_NRA/hycomp/ball_count_2d_hill.01.seq_lazy_lemmas_global_7.smt2
[DEBUG] Predicted solver: SMTInterpol for benchmark QF_NRA/hycomp/ball_count_2d_hill.01.seq_lazy_lemmas_global_7.smt2
[DEBUG] Benchmark QF_NRA/hycomp/ball_count_2d_hill.01.seq_lazy_lemmas_global_7.smt2: solved=True, runtime=0.95s, PAR-2=0.95s
[DEBUG] Processing 2443/2482: QF_NRA/hycomp/ball_count_2d_hill_simple.01.seq_lazy_linear_enc_global_10.smt2
[DEBUG] Predicted solver: SMTInterpol for benchmark QF_NRA/hycomp/ball_count_2d_hill_simple.01.seq_lazy_linear_enc_global_10.smt2
[DEBUG] Benchmark QF_NRA/hycomp/ball_count_2d_hill_simple.01.seq_lazy_linear_enc_global_10.smt2: solved=True, runtime=0.84s, PAR-2=0.84s
[DEBUG] Processing 2444/2482: QF_NRA/meti-tarski/sqrt/1mcosq/7/sqrt-1mcosq-7-chunk-0205.smt2
[DEBUG] Predicted solver: Z3alpha for benchmark QF_NRA/meti-tarski/sqrt/1mcosq/7/sqrt-1mcosq-7-chunk-0205.smt2
[DEBUG] Benchmark QF_NRA/meti-tarski/sqrt/1mcosq/7/sqrt-1mcosq-7-chunk-0205.smt2: solved=True, runtime=0.30s, PAR-2=0.30s
[DEBUG] Processing 2445/2482: QF_NRA/meti-tarski/sqrt/1mcosq/8/sqrt-1mcosq-8-chunk-0146.smt2
[DEBUG] Predicted solver: Z3alpha for benchmark QF_NRA/meti-tarski/sqrt/1mcosq/8/sqrt-1mcosq-8-chunk-0146.smt2
[DEBUG] Benchmark QF_NRA/meti-tarski/sqrt/1mcosq/8/sqrt-1mcosq-8-chunk-0146.smt2: solved=True, runtime=0.27s, PAR-2=0.27s
[DEBUG] Processing 2446/2482: QF_NRA/LassoRanker/CooperatingT2/sudoku.t2.c_Iteration2_Loop_4-pieceTemplate.smt2
[DEBUG] Predicted solver: SMTInterpol for benchmark QF_NRA/LassoRanker/CooperatingT2/sudoku.t2.c_Iteration2_Loop_4-pieceTemplate.smt2
[DEBUG] Benchmark QF_NRA/LassoRanker/CooperatingT2/sudoku.t2.c_Iteration2_Loop_4-pieceTemplate.smt2: solved=True, runtime=1.02s, PAR-2=1.02s
[DEBUG] Processing 2447/2482: QF_NRA/meti-tarski/sqrt/1mcosq/8/sqrt-1mcosq-8-chunk-0353.smt2
[DEBUG] Predicted solver: Z3alpha for benchmark QF_NRA/meti-tarski/sqrt/1mcosq/8/sqrt-1mcosq-8-chunk-0353.smt2
[DEBUG] Benchmark QF_NRA/meti-tarski/sqrt/1mcosq/8/sqrt-1mcosq-8-chunk-0353.smt2: solved=True, runtime=0.27s, PAR-2=0.27s
[DEBUG] Processing 2448/2482: QF_NRA/meti-tarski/Chua/2/VC1/L/Chua-2-VC1-L-chunk-0102.smt2
[DEBUG] Predicted solver: Z3alpha for benchmark QF_NRA/meti-tarski/Chua/2/VC1/L/Chua-2-VC1-L-chunk-0102.smt2
[DEBUG] Benchmark QF_NRA/meti-tarski/Chua/2/VC1/L/Chua-2-VC1-L-chunk-0102.smt2: solved=True, runtime=0.27s, PAR-2=0.27s
[DEBUG] Processing 2449/2482: QF_NRA/meti-tarski/sin/problem/7/weak/sin-problem-7-weak-chunk-0140.smt2
[DEBUG] Predicted solver: Z3alpha for benchmark QF_NRA/meti-tarski/sin/problem/7/weak/sin-problem-7-weak-chunk-0140.smt2
[DEBUG] Benchmark QF_NRA/meti-tarski/sin/problem/7/weak/sin-problem-7-weak-chunk-0140.smt2: solved=True, runtime=0.28s, PAR-2=0.28s
[DEBUG] Processing 2450/2482: QF_NRA/LassoRanker/CooperatingT2/brp_withassume.t2.c_Iteration8_Loop_2-pieceTemplate.smt2
[DEBUG] Predicted solver: SMTInterpol for benchmark QF_NRA/LassoRanker/CooperatingT2/brp_withassume.t2.c_Iteration8_Loop_2-pieceTemplate.smt2
[DEBUG] Benchmark QF_NRA/LassoRanker/CooperatingT2/brp_withassume.t2.c_Iteration8_Loop_2-pieceTemplate.smt2: solved=True, runtime=12.55s, PAR-2=12.55s
[DEBUG] Processing 2451/2482: QF_NRA/meti-tarski/sin/cos/sin-cos-346-b-chunk-0294.smt2
[DEBUG] Predicted solver: Z3alpha for benchmark QF_NRA/meti-tarski/sin/cos/sin-cos-346-b-chunk-0294.smt2
[DEBUG] Benchmark QF_NRA/meti-tarski/sin/cos/sin-cos-346-b-chunk-0294.smt2: solved=True, runtime=0.27s, PAR-2=0.27s
[DEBUG] Processing 2452/2482: QF_NRA/meti-tarski/Nichols-Plot/Inverted-Pendulum/Nichols-Plot-Inverted-Pendulum-Fails-1-6-chunk-0074.smt2
[DEBUG] Predicted solver: Z3alpha for benchmark QF_NRA/meti-tarski/Nichols-Plot/Inverted-Pendulum/Nichols-Plot-Inverted-Pendulum-Fails-1-6-chunk-0074.smt2
[DEBUG] Benchmark QF_NRA/meti-tarski/Nichols-Plot/Inverted-Pendulum/Nichols-Plot-Inverted-Pendulum-Fails-1-6-chunk-0074.smt2: solved=True, runtime=0.27s, PAR-2=0.27s
[DEBUG] Processing 2453/2482: QF_NRA/hycomp/ball_count_2d_hill.04.redlog_global_8.smt2
[DEBUG] Predicted solver: SMTInterpol for benchmark QF_NRA/hycomp/ball_count_2d_hill.04.redlog_global_8.smt2
[DEBUG] Benchmark QF_NRA/hycomp/ball_count_2d_hill.04.redlog_global_8.smt2: solved=True, runtime=1.14s, PAR-2=1.14s
[DEBUG] Processing 2454/2482: QF_NRA/meti-tarski/exp/problem/10/3/weak/exp-problem-10-3-weak-chunk-0191.smt2
[DEBUG] Predicted solver: Z3alpha for benchmark QF_NRA/meti-tarski/exp/problem/10/3/weak/exp-problem-10-3-weak-chunk-0191.smt2
[DEBUG] Benchmark QF_NRA/meti-tarski/exp/problem/10/3/weak/exp-problem-10-3-weak-chunk-0191.smt2: solved=True, runtime=0.29s, PAR-2=0.29s
[DEBUG] Processing 2455/2482: QF_NRA/meti-tarski/atan/vega/3/weak/atan-vega-3-weak-chunk-0547.smt2
[DEBUG] Predicted solver: Z3alpha for benchmark QF_NRA/meti-tarski/atan/vega/3/weak/atan-vega-3-weak-chunk-0547.smt2
[DEBUG] Benchmark QF_NRA/meti-tarski/atan/vega/3/weak/atan-vega-3-weak-chunk-0547.smt2: solved=True, runtime=0.27s, PAR-2=0.27s
[DEBUG] Processing 2456/2482: QF_NRA/hycomp/ball_count_2d_hill.03.redlog_global_5.smt2
[DEBUG] Predicted solver: SMTInterpol for benchmark QF_NRA/hycomp/ball_count_2d_hill.03.redlog_global_5.smt2
[DEBUG] Benchmark QF_NRA/hycomp/ball_count_2d_hill.03.redlog_global_5.smt2: solved=True, runtime=1.06s, PAR-2=1.06s
[DEBUG] Processing 2457/2482: QF_NRA/meti-tarski/sqrt/1mcosq/8/sqrt-1mcosq-8-chunk-0604.smt2
[DEBUG] Predicted solver: Z3alpha for benchmark QF_NRA/meti-tarski/sqrt/1mcosq/8/sqrt-1mcosq-8-chunk-0604.smt2
[DEBUG] Benchmark QF_NRA/meti-tarski/sqrt/1mcosq/8/sqrt-1mcosq-8-chunk-0604.smt2: solved=True, runtime=0.28s, PAR-2=0.28s
[DEBUG] Processing 2458/2482: QF_NRA/meti-tarski/CMOS/CMOS-opamp-chunk-0280.smt2
[DEBUG] Predicted solver: Z3alpha for benchmark QF_NRA/meti-tarski/CMOS/CMOS-opamp-chunk-0280.smt2
[DEBUG] Benchmark QF_NRA/meti-tarski/CMOS/CMOS-opamp-chunk-0280.smt2: solved=True, runtime=0.27s, PAR-2=0.27s
[DEBUG] Processing 2459/2482: QF_NRA/20161105-Sturm-MBO/mbo_E20E28.smt2
[DEBUG] Predicted solver: SMTInterpol for benchmark QF_NRA/20161105-Sturm-MBO/mbo_E20E28.smt2
[DEBUG] Benchmark QF_NRA/20161105-Sturm-MBO/mbo_E20E28.smt2: solved=True, runtime=0.62s, PAR-2=0.62s
[DEBUG] Processing 2460/2482: QF_NRA/20161105-Sturm-MBO/mbo_E11E15.smt2
[DEBUG] Predicted solver: SMTInterpol for benchmark QF_NRA/20161105-Sturm-MBO/mbo_E11E15.smt2
[DEBUG] Benchmark QF_NRA/20161105-Sturm-MBO/mbo_E11E15.smt2: solved=True, runtime=0.71s, PAR-2=0.71s
[DEBUG] Processing 2461/2482: QF_NRA/hycomp/ball_count_2d_hill_simple.03.redlog_global_8.smt2
[DEBUG] Predicted solver: SMTInterpol for benchmark QF_NRA/hycomp/ball_count_2d_hill_simple.03.redlog_global_8.smt2
[DEBUG] Benchmark QF_NRA/hycomp/ball_count_2d_hill_simple.03.redlog_global_8.smt2: solved=True, runtime=0.85s, PAR-2=0.85s
[DEBUG] Processing 2462/2482: QF_NRA/meti-tarski/sqrt/1mcosq/8/sqrt-1mcosq-8-chunk-0141.smt2
[DEBUG] Predicted solver: Z3alpha for benchmark QF_NRA/meti-tarski/sqrt/1mcosq/8/sqrt-1mcosq-8-chunk-0141.smt2
[DEBUG] Benchmark QF_NRA/meti-tarski/sqrt/1mcosq/8/sqrt-1mcosq-8-chunk-0141.smt2: solved=True, runtime=0.28s, PAR-2=0.28s
[DEBUG] Processing 2463/2482: QF_NRA/hycomp/ball_count_2d_slope.02.seq_lazy_lemmas_global_7.smt2
[DEBUG] Predicted solver: SMTInterpol for benchmark QF_NRA/hycomp/ball_count_2d_slope.02.seq_lazy_lemmas_global_7.smt2
[DEBUG] Benchmark QF_NRA/hycomp/ball_count_2d_slope.02.seq_lazy_lemmas_global_7.smt2: solved=True, runtime=1.20s, PAR-2=1.20s
[DEBUG] Processing 2464/2482: QF_NRA/hycomp/ball_count_2d_slope.05.seq_lazy_global_7.smt2
[DEBUG] Predicted solver: SMTInterpol for benchmark QF_NRA/hycomp/ball_count_2d_slope.05.seq_lazy_global_7.smt2
[DEBUG] Benchmark QF_NRA/hycomp/ball_count_2d_slope.05.seq_lazy_global_7.smt2: solved=True, runtime=1.07s, PAR-2=1.07s
[DEBUG] Processing 2465/2482: QF_NRA/hycomp/ball_count_2d_slope.03.seq_lazy_lemmas_global_3.smt2
[DEBUG] Predicted solver: SMTInterpol for benchmark QF_NRA/hycomp/ball_count_2d_slope.03.seq_lazy_lemmas_global_3.smt2
[DEBUG] Benchmark QF_NRA/hycomp/ball_count_2d_slope.03.seq_lazy_lemmas_global_3.smt2: solved=True, runtime=0.89s, PAR-2=0.89s
[DEBUG] Processing 2466/2482: QF_NRA/meti-tarski/exp/problem/10/2/exp-problem-10-2-chunk-0261.smt2
[DEBUG] Predicted solver: Z3alpha for benchmark QF_NRA/meti-tarski/exp/problem/10/2/exp-problem-10-2-chunk-0261.smt2
[DEBUG] Benchmark QF_NRA/meti-tarski/exp/problem/10/2/exp-problem-10-2-chunk-0261.smt2: solved=True, runtime=0.27s, PAR-2=0.27s
[DEBUG] Processing 2467/2482: QF_NRA/meti-tarski/atan/problem/1/atan-problem-1-chunk-0098.smt2
[DEBUG] Predicted solver: Z3alpha for benchmark QF_NRA/meti-tarski/atan/problem/1/atan-problem-1-chunk-0098.smt2
[DEBUG] Benchmark QF_NRA/meti-tarski/atan/problem/1/atan-problem-1-chunk-0098.smt2: solved=True, runtime=0.27s, PAR-2=0.27s
[DEBUG] Processing 2468/2482: QF_NRA/hycomp/ball_count_2d_hill_simple.10.seq_lazy_linear_enc_lemmas_global_6.smt2
[DEBUG] Predicted solver: SMTInterpol for benchmark QF_NRA/hycomp/ball_count_2d_hill_simple.10.seq_lazy_linear_enc_lemmas_global_6.smt2
[DEBUG] Benchmark QF_NRA/hycomp/ball_count_2d_hill_simple.10.seq_lazy_linear_enc_lemmas_global_6.smt2: solved=True, runtime=0.87s, PAR-2=0.87s
[DEBUG] Processing 2469/2482: QF_NRA/hycomp/ball_count_1d_plain.05.seq_lazy_linear_enc_lemmas_global_12.smt2
[DEBUG] Predicted solver: SMTInterpol for benchmark QF_NRA/hycomp/ball_count_1d_plain.05.seq_lazy_linear_enc_lemmas_global_12.smt2
[DEBUG] Benchmark QF_NRA/hycomp/ball_count_1d_plain.05.seq_lazy_linear_enc_lemmas_global_12.smt2: solved=True, runtime=0.94s, PAR-2=0.94s
[DEBUG] Processing 2470/2482: QF_NRA/meti-tarski/sin/344/3/sin-344-3-chunk-0037.smt2
[DEBUG] Predicted solver: Z3alpha for benchmark QF_NRA/meti-tarski/sin/344/3/sin-344-3-chunk-0037.smt2
[DEBUG] Benchmark QF_NRA/meti-tarski/sin/344/3/sin-344-3-chunk-0037.smt2: solved=True, runtime=0.33s, PAR-2=0.33s
[DEBUG] Processing 2471/2482: QF_NRA/meti-tarski/sqrt/1mcosq/8/sqrt-1mcosq-8-chunk-0628.smt2
[DEBUG] Predicted solver: Z3alpha for benchmark QF_NRA/meti-tarski/sqrt/1mcosq/8/sqrt-1mcosq-8-chunk-0628.smt2
[DEBUG] Benchmark QF_NRA/meti-tarski/sqrt/1mcosq/8/sqrt-1mcosq-8-chunk-0628.smt2: solved=True, runtime=0.28s, PAR-2=0.28s
[DEBUG] Processing 2472/2482: QF_NRA/meti-tarski/atan/problem/2/atan-problem-2-chunk-0042.smt2
[DEBUG] Predicted solver: Z3alpha for benchmark QF_NRA/meti-tarski/atan/problem/2/atan-problem-2-chunk-0042.smt2
[DEBUG] Benchmark QF_NRA/meti-tarski/atan/problem/2/atan-problem-2-chunk-0042.smt2: solved=True, runtime=0.27s, PAR-2=0.27s
[DEBUG] Processing 2473/2482: QF_NRA/meti-tarski/Nichols-Plot/Inverted-Pendulum/Nichols-Plot-Inverted-Pendulum-Fails-1-6-chunk-0030.smt2
[DEBUG] Predicted solver: Z3alpha for benchmark QF_NRA/meti-tarski/Nichols-Plot/Inverted-Pendulum/Nichols-Plot-Inverted-Pendulum-Fails-1-6-chunk-0030.smt2
[DEBUG] Benchmark QF_NRA/meti-tarski/Nichols-Plot/Inverted-Pendulum/Nichols-Plot-Inverted-Pendulum-Fails-1-6-chunk-0030.smt2: solved=True, runtime=0.27s, PAR-2=0.27s
[DEBUG] Processing 2474/2482: QF_NRA/20211101-Geogebra/OposicionsSecundariaCatalunya2018-2_4a.smt2
[DEBUG] Predicted solver: SMTInterpol for benchmark QF_NRA/20211101-Geogebra/OposicionsSecundariaCatalunya2018-2_4a.smt2
[DEBUG] Benchmark QF_NRA/20211101-Geogebra/OposicionsSecundariaCatalunya2018-2_4a.smt2: solved=True, runtime=0.40s, PAR-2=0.40s
[DEBUG] Processing 2475/2482: QF_NRA/LassoRanker/SV-COMP/LeeJonesBen-Amram-2001POPL-Ex5_true-termination.c_Iteration2_Lasso_5-nestedTemplate.smt2
[DEBUG] Predicted solver: SMTInterpol for benchmark QF_NRA/LassoRanker/SV-COMP/LeeJonesBen-Amram-2001POPL-Ex5_true-termination.c_Iteration2_Lasso_5-nestedTemplate.smt2
[DEBUG] Benchmark QF_NRA/LassoRanker/SV-COMP/LeeJonesBen-Amram-2001POPL-Ex5_true-termination.c_Iteration2_Lasso_5-nestedTemplate.smt2: solved=True, runtime=1.91s, PAR-2=1.91s
[DEBUG] Processing 2476/2482: QF_NRA/20211101-Geogebra/IsoRightTriangle-Bottema1_1b.smt2
[DEBUG] Predicted solver: Z3alpha for benchmark QF_NRA/20211101-Geogebra/IsoRightTriangle-Bottema1_1b.smt2
[DEBUG] Benchmark QF_NRA/20211101-Geogebra/IsoRightTriangle-Bottema1_1b.smt2: solved=True, runtime=0.27s, PAR-2=0.27s
[DEBUG] Processing 2477/2482: QF_NRA/LassoRanker/SV-COMP/LeeJonesBen-Amram-2001POPL-Ex4_true-termination.c_Iteration5_Loop_4-pieceTemplate.smt2
[DEBUG] Predicted solver: SMTInterpol for benchmark QF_NRA/LassoRanker/SV-COMP/LeeJonesBen-Amram-2001POPL-Ex4_true-termination.c_Iteration5_Loop_4-pieceTemplate.smt2
[DEBUG] Benchmark QF_NRA/LassoRanker/SV-COMP/LeeJonesBen-Amram-2001POPL-Ex4_true-termination.c_Iteration5_Loop_4-pieceTemplate.smt2: solved=True, runtime=1.07s, PAR-2=1.07s
[DEBUG] Processing 2478/2482: QF_NRA/meti-tarski/Chua/2/VC2/L/Chua-2-VC2-L-chunk-0062.smt2
[DEBUG] Predicted solver: Z3alpha for benchmark QF_NRA/meti-tarski/Chua/2/VC2/L/Chua-2-VC2-L-chunk-0062.smt2
[DEBUG] Benchmark QF_NRA/meti-tarski/Chua/2/VC2/L/Chua-2-VC2-L-chunk-0062.smt2: solved=True, runtime=0.27s, PAR-2=0.27s
[DEBUG] Processing 2479/2482: QF_NRA/meti-tarski/exp/problem/10/3/weak/exp-problem-10-3-weak-chunk-0113.smt2
[DEBUG] Predicted solver: Z3alpha for benchmark QF_NRA/meti-tarski/exp/problem/10/3/weak/exp-problem-10-3-weak-chunk-0113.smt2
[DEBUG] Benchmark QF_NRA/meti-tarski/exp/problem/10/3/weak/exp-problem-10-3-weak-chunk-0113.smt2: solved=True, runtime=0.33s, PAR-2=0.33s
[DEBUG] Processing 2480/2482: QF_NRA/hycomp/ball_count_2d_plain.01.seq_lazy_lemmas_global_12.smt2
[DEBUG] Predicted solver: SMTInterpol for benchmark QF_NRA/hycomp/ball_count_2d_plain.01.seq_lazy_lemmas_global_12.smt2
[DEBUG] Benchmark QF_NRA/hycomp/ball_count_2d_plain.01.seq_lazy_lemmas_global_12.smt2: solved=True, runtime=1.01s, PAR-2=1.01s
[DEBUG] Processing 2481/2482: QF_NRA/hycomp/ball_count_2d_slope.04.seq_lazy_linear_enc_global_12.smt2
[DEBUG] Predicted solver: SMTInterpol for benchmark QF_NRA/hycomp/ball_count_2d_slope.04.seq_lazy_linear_enc_global_12.smt2
[DEBUG] Benchmark QF_NRA/hycomp/ball_count_2d_slope.04.seq_lazy_linear_enc_global_12.smt2: solved=True, runtime=1.10s, PAR-2=1.10s
[DEBUG] Processing 2482/2482: QF_NRA/hycomp/ball_count_2d_hill.03.seq_lazy_global_8.smt2
[DEBUG] Predicted solver: SMTInterpol for benchmark QF_NRA/hycomp/ball_count_2d_hill.03.seq_lazy_global_8.smt2
[DEBUG] Benchmark QF_NRA/hycomp/ball_count_2d_hill.03.seq_lazy_global_8.smt2: solved=True, runtime=0.88s, PAR-2=0.88s
[DEBUG] Results written to CSV: /home/jchen688/projects/def-vganesh/jchen688/github/z3alpha/JHC/AlgoSelect/DescriptionAgent/data/results/qf_nra_csv_based/train/run_20251215_231929_077969/results.csv
[DEBUG] Solved 2471/2482 benchmarks (99.56%)
[DEBUG] PAR-2 Score: 33940.20s total, 13.67s average

================================================================================
EXECUTION TIME SUMMARY
================================================================================
Model training time:        2891.04 seconds ( 48.18 minutes)
Prediction time:            1476.04 seconds ( 24.60 minutes)
  - Avg per benchmark:         0.59 seconds
--------------------------------------------------------------------------------
Total execution time:       4367.08 seconds ( 72.78 minutes)
================================================================================

================================================================================
PAR-2 PERFORMANCE SUMMARY
================================================================================
Benchmarks solved:             2471 / 2482 ( 99.56%)
Benchmarks unsolved:             11 / 2482 (  0.44%)
--------------------------------------------------------------------------------
Total PAR-2 score:         33940.20 seconds
Average PAR-2 score:          13.67 seconds
Timeout value:              1200.00 seconds
PAR-2 penalty factor:             2x timeout
================================================================================

[DEBUG] CSV results saved to: /home/jchen688/projects/def-vganesh/jchen688/github/z3alpha/JHC/AlgoSelect/DescriptionAgent/data/results/qf_nra_csv_based/train/run_20251215_231929_077969/results.csv
[DEBUG] Configuration saved to: /home/jchen688/projects/def-vganesh/jchen688/github/z3alpha/JHC/AlgoSelect/DescriptionAgent/data/results/qf_nra_csv_based/train/run_20251215_231929_077969/config.json
End time: Tue 16 Dec 2025 12:32:40 AM EST
