Job ID: 53714688
Node: nc31414
Start time: Tue 16 Dec 2025 12:05:54 AM EST
[DEBUG] Loading test results from /home/jchen688/projects/def-vganesh/jchen688/github/z3alpha/JHC/AlgoSelect/DescriptionAgent/data/UFLIA/uflia_train_long.csv
[DEBUG] Loaded results for 2279 unique benchmarks
[DEBUG] Found 2279 unique benchmark paths in CSV
[DEBUG] Found 2279 benchmark files from CSV
[DEBUG] Selected 2279 benchmarks for processing

================================================================================
FEATURE CONFIGURATION
================================================================================
Using original MachSMT feature space (full grammatical construct list)
Description features: DISABLED (prevents BERT model loading)
Feature extraction timeout: 60 seconds
Parallel cores: 16
Feature dimensions will be printed after processing first benchmark
================================================================================

[DEBUG] Training MachSMT model...
[DEBUG] Changed working directory to: /home/jchen688/scratch/non-incremental

Initializing description feature model ('bert-base-uncased')...
Using device: cpu
✅ Model loaded successfully. Embedding dimension: 768
Parsing Input File |████████████████████████████████████████| 6837/6837 [100%] in 16.7s (408.32/s) 
Processing Benchmark Files |████████████████████████████████████████| 2279/2279 [100%] in 5:32.5 (6.85/s) 
[DEBUG] Changed back to: /lustre06/project/6001884/jchen688/github/z3alpha
[DEBUG] Model trained in 1018.49 seconds
[DEBUG] Configuration saved to: /home/jchen688/projects/def-vganesh/jchen688/github/z3alpha/JHC/AlgoSelect/DescriptionAgent/results/uflia_csv_based/train/run_20251216_001306_495972/config.json

[DEBUG] Starting predictions on test benchmarks...
[DEBUG] Processing 1/2279: UFLIA/simplify2/front_end_suite/javafe.filespace.LookAheadEnum.005.smt2

================================================================================
FEATURE SPACE DIMENSIONS
================================================================================
Total feature dimensions: 189
================================================================================

[DEBUG] Predicted solver: cvc5 for benchmark UFLIA/simplify2/front_end_suite/javafe.filespace.LookAheadEnum.005.smt2
[DEBUG] Benchmark UFLIA/simplify2/front_end_suite/javafe.filespace.LookAheadEnum.005.smt2: solved=True, runtime=0.25s, PAR-2=0.25s
[DEBUG] Processing 2/2279: UFLIA/boogie/DoWhileBad_Test..ctor.smt2
[DEBUG] Predicted solver: cvc5 for benchmark UFLIA/boogie/DoWhileBad_Test..ctor.smt2
[DEBUG] Benchmark UFLIA/boogie/DoWhileBad_Test..ctor.smt2: solved=True, runtime=0.31s, PAR-2=0.31s
[DEBUG] Processing 3/2279: UFLIA/sledgehammer/FFT/smtlib.576434.smt2
[DEBUG] Predicted solver: iProver for benchmark UFLIA/sledgehammer/FFT/smtlib.576434.smt2
[DEBUG] Benchmark UFLIA/sledgehammer/FFT/smtlib.576434.smt2: solved=False, runtime=1200.00s, PAR-2=2400.00s
[DEBUG] Processing 4/2279: UFLIA/sledgehammer/QEpres/smtlib.785288.smt2
[DEBUG] Predicted solver: cvc5 for benchmark UFLIA/sledgehammer/QEpres/smtlib.785288.smt2
[DEBUG] Benchmark UFLIA/sledgehammer/QEpres/smtlib.785288.smt2: solved=False, runtime=1200.00s, PAR-2=2400.00s
[DEBUG] Processing 5/2279: UFLIA/sledgehammer/QEpres/smtlib.595631.smt2
[DEBUG] Predicted solver: iProver for benchmark UFLIA/sledgehammer/QEpres/smtlib.595631.smt2
[DEBUG] Benchmark UFLIA/sledgehammer/QEpres/smtlib.595631.smt2: solved=False, runtime=1200.00s, PAR-2=2400.00s
[DEBUG] Processing 6/2279: UFLIA/simplify2/front_end_suite/javafe.ast.FormalParaDeclVec.005.smt2
[DEBUG] Predicted solver: cvc5 for benchmark UFLIA/simplify2/front_end_suite/javafe.ast.FormalParaDeclVec.005.smt2
[DEBUG] Benchmark UFLIA/simplify2/front_end_suite/javafe.ast.FormalParaDeclVec.005.smt2: solved=True, runtime=0.38s, PAR-2=0.38s
[DEBUG] Processing 7/2279: UFLIA/boogie/PureAxioms_B..ctor-level_2.smt2
[DEBUG] Predicted solver: cvc5 for benchmark UFLIA/boogie/PureAxioms_B..ctor-level_2.smt2
[DEBUG] Benchmark UFLIA/boogie/PureAxioms_B..ctor-level_2.smt2: solved=True, runtime=1.11s, PAR-2=1.11s
[DEBUG] Processing 8/2279: UFLIA/boogie/Immutable_test3.XY.M4_test3.Imtbl.smt2
[DEBUG] Predicted solver: cvc5 for benchmark UFLIA/boogie/Immutable_test3.XY.M4_test3.Imtbl.smt2
[DEBUG] Benchmark UFLIA/boogie/Immutable_test3.XY.M4_test3.Imtbl.smt2: solved=False, runtime=1200.00s, PAR-2=2400.00s
[DEBUG] Processing 9/2279: UFLIA/simplify2/front_end_suite/javafe.tc.TypeSig.038.smt2
[DEBUG] Predicted solver: cvc5 for benchmark UFLIA/simplify2/front_end_suite/javafe.tc.TypeSig.038.smt2
[DEBUG] Benchmark UFLIA/simplify2/front_end_suite/javafe.tc.TypeSig.038.smt2: solved=True, runtime=0.63s, PAR-2=0.63s
[DEBUG] Processing 10/2279: UFLIA/boogie/Array_test3.MyClass.M2_test3.MyClass.array2_notnull.smt2
[DEBUG] Predicted solver: cvc5 for benchmark UFLIA/boogie/Array_test3.MyClass.M2_test3.MyClass.array2_notnull.smt2
[DEBUG] Benchmark UFLIA/boogie/Array_test3.MyClass.M2_test3.MyClass.array2_notnull.smt2: solved=True, runtime=0.31s, PAR-2=0.31s
[DEBUG] Processing 11/2279: UFLIA/sledgehammer/StrongNorm/smtlib.813120.smt2
[DEBUG] Predicted solver: iProver for benchmark UFLIA/sledgehammer/StrongNorm/smtlib.813120.smt2
[DEBUG] Benchmark UFLIA/sledgehammer/StrongNorm/smtlib.813120.smt2: solved=False, runtime=1200.00s, PAR-2=2400.00s
[DEBUG] Processing 12/2279: UFLIA/sledgehammer/QEpres/smtlib.894923.smt2
[DEBUG] Predicted solver: cvc5 for benchmark UFLIA/sledgehammer/QEpres/smtlib.894923.smt2
[DEBUG] Benchmark UFLIA/sledgehammer/QEpres/smtlib.894923.smt2: solved=False, runtime=1200.00s, PAR-2=2400.00s
[DEBUG] Processing 13/2279: UFLIA/tokeneer/tokenreader/poll/checkcardstate-6.smt2
[DEBUG] Predicted solver: cvc5 for benchmark UFLIA/tokeneer/tokenreader/poll/checkcardstate-6.smt2
[DEBUG] Benchmark UFLIA/tokeneer/tokenreader/poll/checkcardstate-6.smt2: solved=True, runtime=0.25s, PAR-2=0.25s
[DEBUG] Processing 14/2279: UFLIA/sledgehammer/Fundamental_Theorem_Algebra/smtlib.1214254.smt2
[DEBUG] Predicted solver: iProver for benchmark UFLIA/sledgehammer/Fundamental_Theorem_Algebra/smtlib.1214254.smt2
[DEBUG] Benchmark UFLIA/sledgehammer/Fundamental_Theorem_Algebra/smtlib.1214254.smt2: solved=False, runtime=1200.00s, PAR-2=2400.00s
[DEBUG] Processing 15/2279: UFLIA/simplify2/front_end_suite/javafe.ast.InterfaceDecl.010.smt2
[DEBUG] Predicted solver: cvc5 for benchmark UFLIA/simplify2/front_end_suite/javafe.ast.InterfaceDecl.010.smt2
[DEBUG] Benchmark UFLIA/simplify2/front_end_suite/javafe.ast.InterfaceDecl.010.smt2: solved=True, runtime=2.59s, PAR-2=2.59s
[DEBUG] Processing 16/2279: UFLIA/simplify2/front_end_suite/javafe.ast.NewInstanceExpr.008.smt2
[DEBUG] Predicted solver: cvc5 for benchmark UFLIA/simplify2/front_end_suite/javafe.ast.NewInstanceExpr.008.smt2
[DEBUG] Benchmark UFLIA/simplify2/front_end_suite/javafe.ast.NewInstanceExpr.008.smt2: solved=True, runtime=15.01s, PAR-2=15.01s
[DEBUG] Processing 17/2279: UFLIA/sledgehammer/Fundamental_Theorem_Algebra/smtlib.984668.smt2
[DEBUG] Predicted solver: cvc5 for benchmark UFLIA/sledgehammer/Fundamental_Theorem_Algebra/smtlib.984668.smt2
[DEBUG] Benchmark UFLIA/sledgehammer/Fundamental_Theorem_Algebra/smtlib.984668.smt2: solved=True, runtime=0.31s, PAR-2=0.31s
[DEBUG] Processing 18/2279: UFLIA/sledgehammer/StrongNorm/smtlib.634785.smt2
[DEBUG] Predicted solver: iProver for benchmark UFLIA/sledgehammer/StrongNorm/smtlib.634785.smt2
[DEBUG] Benchmark UFLIA/sledgehammer/StrongNorm/smtlib.634785.smt2: solved=False, runtime=1200.00s, PAR-2=2400.00s
[DEBUG] Processing 19/2279: UFLIA/sledgehammer/QEpres/smtlib.740613.smt2
[DEBUG] Predicted solver: SMTInterpol for benchmark UFLIA/sledgehammer/QEpres/smtlib.740613.smt2
[DEBUG] Benchmark UFLIA/sledgehammer/QEpres/smtlib.740613.smt2: solved=True, runtime=0.77s, PAR-2=0.77s
[DEBUG] Processing 20/2279: UFLIA/sledgehammer/QEpres/smtlib.1110828.smt2
[DEBUG] Predicted solver: SMTInterpol for benchmark UFLIA/sledgehammer/QEpres/smtlib.1110828.smt2
[DEBUG] Benchmark UFLIA/sledgehammer/QEpres/smtlib.1110828.smt2: solved=True, runtime=0.59s, PAR-2=0.59s
[DEBUG] Processing 21/2279: UFLIA/sledgehammer/FFT/smtlib.899211.smt2
[DEBUG] Predicted solver: SMTInterpol for benchmark UFLIA/sledgehammer/FFT/smtlib.899211.smt2
[DEBUG] Benchmark UFLIA/sledgehammer/FFT/smtlib.899211.smt2: solved=False, runtime=1200.00s, PAR-2=2400.00s
[DEBUG] Processing 22/2279: UFLIA/tokeneer/clock/splittime-4.smt2
[DEBUG] Predicted solver: SMTInterpol for benchmark UFLIA/tokeneer/clock/splittime-4.smt2
[DEBUG] Benchmark UFLIA/tokeneer/clock/splittime-4.smt2: solved=False, runtime=1200.00s, PAR-2=2400.00s
[DEBUG] Processing 23/2279: UFLIA/sledgehammer/TwoSquares/smtlib.768507.smt2
[DEBUG] Predicted solver: cvc5 for benchmark UFLIA/sledgehammer/TwoSquares/smtlib.768507.smt2
[DEBUG] Benchmark UFLIA/sledgehammer/TwoSquares/smtlib.768507.smt2: solved=True, runtime=0.26s, PAR-2=0.26s
[DEBUG] Processing 24/2279: UFLIA/sledgehammer/Hoare/smtlib.1155711.smt2
[DEBUG] Predicted solver: cvc5 for benchmark UFLIA/sledgehammer/Hoare/smtlib.1155711.smt2
[DEBUG] Benchmark UFLIA/sledgehammer/Hoare/smtlib.1155711.smt2: solved=True, runtime=0.36s, PAR-2=0.36s
[DEBUG] Processing 25/2279: UFLIA/sledgehammer/QEpres/smtlib.846284.smt2
[DEBUG] Predicted solver: cvc5 for benchmark UFLIA/sledgehammer/QEpres/smtlib.846284.smt2
[DEBUG] Benchmark UFLIA/sledgehammer/QEpres/smtlib.846284.smt2: solved=False, runtime=1200.00s, PAR-2=2400.00s
[DEBUG] Processing 26/2279: UFLIA/simplify2/front_end_suite/javafe.tc.TypeCheck.014.smt2
[DEBUG] Predicted solver: cvc5 for benchmark UFLIA/simplify2/front_end_suite/javafe.tc.TypeCheck.014.smt2
[DEBUG] Benchmark UFLIA/simplify2/front_end_suite/javafe.tc.TypeCheck.014.smt2: solved=True, runtime=1.06s, PAR-2=1.06s
[DEBUG] Processing 27/2279: UFLIA/simplify2/front_end_suite/javafe.parser.ParseExpr.002.smt2
[DEBUG] Predicted solver: cvc5 for benchmark UFLIA/simplify2/front_end_suite/javafe.parser.ParseExpr.002.smt2
[DEBUG] Benchmark UFLIA/simplify2/front_end_suite/javafe.parser.ParseExpr.002.smt2: solved=True, runtime=1144.36s, PAR-2=1144.36s
[DEBUG] Processing 28/2279: UFLIA/sledgehammer/Fundamental_Theorem_Algebra/smtlib.848574.smt2
[DEBUG] Predicted solver: cvc5 for benchmark UFLIA/sledgehammer/Fundamental_Theorem_Algebra/smtlib.848574.smt2
[DEBUG] Benchmark UFLIA/sledgehammer/Fundamental_Theorem_Algebra/smtlib.848574.smt2: solved=True, runtime=0.26s, PAR-2=0.26s
[DEBUG] Processing 29/2279: UFLIA/sledgehammer/Hoare/smtlib.607317.smt2
[DEBUG] Predicted solver: iProver for benchmark UFLIA/sledgehammer/Hoare/smtlib.607317.smt2
[DEBUG] Benchmark UFLIA/sledgehammer/Hoare/smtlib.607317.smt2: solved=False, runtime=1200.00s, PAR-2=2400.00s
[DEBUG] Processing 30/2279: UFLIA/sledgehammer/TypeSafe/smtlib.906435.smt2
[DEBUG] Predicted solver: iProver for benchmark UFLIA/sledgehammer/TypeSafe/smtlib.906435.smt2
[DEBUG] Benchmark UFLIA/sledgehammer/TypeSafe/smtlib.906435.smt2: solved=False, runtime=1200.00s, PAR-2=2400.00s
[DEBUG] Processing 31/2279: UFLIA/sledgehammer/TwoSquares/smtlib.810431.smt2
[DEBUG] Predicted solver: cvc5 for benchmark UFLIA/sledgehammer/TwoSquares/smtlib.810431.smt2
[DEBUG] Benchmark UFLIA/sledgehammer/TwoSquares/smtlib.810431.smt2: solved=False, runtime=1200.00s, PAR-2=2400.00s
[DEBUG] Processing 32/2279: UFLIA/sledgehammer/QEpres/smtlib.781290.smt2
[DEBUG] Predicted solver: iProver for benchmark UFLIA/sledgehammer/QEpres/smtlib.781290.smt2
[DEBUG] Benchmark UFLIA/sledgehammer/QEpres/smtlib.781290.smt2: solved=False, runtime=1200.00s, PAR-2=2400.00s
[DEBUG] Processing 33/2279: UFLIA/simplify/javafe.ast.Identifier.174.smt2
[DEBUG] Predicted solver: cvc5 for benchmark UFLIA/simplify/javafe.ast.Identifier.174.smt2
[DEBUG] Benchmark UFLIA/simplify/javafe.ast.Identifier.174.smt2: solved=True, runtime=0.28s, PAR-2=0.28s
[DEBUG] Processing 34/2279: UFLIA/simplify2/front_end_suite/javafe.tc.Types.058.smt2
[DEBUG] Predicted solver: cvc5 for benchmark UFLIA/simplify2/front_end_suite/javafe.tc.Types.058.smt2
[DEBUG] Benchmark UFLIA/simplify2/front_end_suite/javafe.tc.Types.058.smt2: solved=True, runtime=0.61s, PAR-2=0.61s
[DEBUG] Processing 35/2279: UFLIA/sledgehammer/StrongNorm/smtlib.845995.smt2
[DEBUG] Predicted solver: iProver for benchmark UFLIA/sledgehammer/StrongNorm/smtlib.845995.smt2
[DEBUG] Benchmark UFLIA/sledgehammer/StrongNorm/smtlib.845995.smt2: solved=False, runtime=1200.00s, PAR-2=2400.00s
[DEBUG] Processing 36/2279: UFLIA/simplify2/front_end_suite/javafe.tc.EnvForCU.007.smt2
[DEBUG] Predicted solver: cvc5 for benchmark UFLIA/simplify2/front_end_suite/javafe.tc.EnvForCU.007.smt2
[DEBUG] Benchmark UFLIA/simplify2/front_end_suite/javafe.tc.EnvForCU.007.smt2: solved=True, runtime=0.41s, PAR-2=0.41s
[DEBUG] Processing 37/2279: UFLIA/sledgehammer/QEpres/smtlib.948072.smt2
[DEBUG] Predicted solver: cvc5 for benchmark UFLIA/sledgehammer/QEpres/smtlib.948072.smt2
[DEBUG] Benchmark UFLIA/sledgehammer/QEpres/smtlib.948072.smt2: solved=False, runtime=1200.00s, PAR-2=2400.00s
[DEBUG] Processing 38/2279: UFLIA/simplify/javafe.genericfile.ZipGenericFile.534.smt2
[DEBUG] Predicted solver: cvc5 for benchmark UFLIA/simplify/javafe.genericfile.ZipGenericFile.534.smt2
[DEBUG] Benchmark UFLIA/simplify/javafe.genericfile.ZipGenericFile.534.smt2: solved=True, runtime=0.28s, PAR-2=0.28s
[DEBUG] Processing 39/2279: UFLIA/tokeneer/latch/updatedevice-6.smt2
[DEBUG] Predicted solver: cvc5 for benchmark UFLIA/tokeneer/latch/updatedevice-6.smt2
[DEBUG] Benchmark UFLIA/tokeneer/latch/updatedevice-6.smt2: solved=False, runtime=1200.00s, PAR-2=2400.00s
[DEBUG] Processing 40/2279: UFLIA/tokeneer/admin/init-2.smt2
[DEBUG] Predicted solver: SMTInterpol for benchmark UFLIA/tokeneer/admin/init-2.smt2
[DEBUG] Benchmark UFLIA/tokeneer/admin/init-2.smt2: solved=False, runtime=1200.00s, PAR-2=2400.00s
[DEBUG] Processing 41/2279: UFLIA/sexpr/SES.Atom..ctor_SES.Atom_notnull_System.Boolean.smt2
[DEBUG] Predicted solver: cvc5 for benchmark UFLIA/sexpr/SES.Atom..ctor_SES.Atom_notnull_System.Boolean.smt2
[DEBUG] Benchmark UFLIA/sexpr/SES.Atom..ctor_SES.Atom_notnull_System.Boolean.smt2: solved=True, runtime=38.72s, PAR-2=38.72s
[DEBUG] Processing 42/2279: UFLIA/sledgehammer/Fundamental_Theorem_Algebra/smtlib.558733.smt2
[DEBUG] Predicted solver: cvc5 for benchmark UFLIA/sledgehammer/Fundamental_Theorem_Algebra/smtlib.558733.smt2
[DEBUG] Benchmark UFLIA/sledgehammer/Fundamental_Theorem_Algebra/smtlib.558733.smt2: solved=False, runtime=1200.00s, PAR-2=2400.00s
[DEBUG] Processing 43/2279: UFLIA/sledgehammer/Fundamental_Theorem_Algebra/smtlib.805568.smt2
[DEBUG] Predicted solver: iProver for benchmark UFLIA/sledgehammer/Fundamental_Theorem_Algebra/smtlib.805568.smt2
[DEBUG] Benchmark UFLIA/sledgehammer/Fundamental_Theorem_Algebra/smtlib.805568.smt2: solved=False, runtime=1200.00s, PAR-2=2400.00s
[DEBUG] Processing 44/2279: UFLIA/sledgehammer/QEpres/smtlib.591676.smt2
[DEBUG] Predicted solver: iProver for benchmark UFLIA/sledgehammer/QEpres/smtlib.591676.smt2
[DEBUG] Benchmark UFLIA/sledgehammer/QEpres/smtlib.591676.smt2: solved=False, runtime=1200.00s, PAR-2=2400.00s
[DEBUG] Processing 45/2279: UFLIA/boogie/ModifiesClauses_ModifiesClauses..ctor.smt2
[DEBUG] Predicted solver: cvc5 for benchmark UFLIA/boogie/ModifiesClauses_ModifiesClauses..ctor.smt2
[DEBUG] Benchmark UFLIA/boogie/ModifiesClauses_ModifiesClauses..ctor.smt2: solved=True, runtime=0.36s, PAR-2=0.36s
[DEBUG] Processing 46/2279: UFLIA/simplify2/front_end_suite/javafe.ast.ForStmt.012.smt2
[DEBUG] Predicted solver: cvc5 for benchmark UFLIA/simplify2/front_end_suite/javafe.ast.ForStmt.012.smt2
[DEBUG] Benchmark UFLIA/simplify2/front_end_suite/javafe.ast.ForStmt.012.smt2: solved=True, runtime=0.64s, PAR-2=0.64s
[DEBUG] Processing 47/2279: UFLIA/simplify2/front_end_suite/javafe.ast.PrimitiveType.009.smt2
[DEBUG] Predicted solver: cvc5 for benchmark UFLIA/simplify2/front_end_suite/javafe.ast.PrimitiveType.009.smt2
[DEBUG] Benchmark UFLIA/simplify2/front_end_suite/javafe.ast.PrimitiveType.009.smt2: solved=True, runtime=0.54s, PAR-2=0.54s
[DEBUG] Processing 48/2279: UFLIA/sledgehammer/Fundamental_Theorem_Algebra/smtlib.1231197.smt2
[DEBUG] Predicted solver: cvc5 for benchmark UFLIA/sledgehammer/Fundamental_Theorem_Algebra/smtlib.1231197.smt2
[DEBUG] Benchmark UFLIA/sledgehammer/Fundamental_Theorem_Algebra/smtlib.1231197.smt2: solved=True, runtime=0.39s, PAR-2=0.39s
[DEBUG] Processing 49/2279: UFLIA/simplify/javafe.ast.ModifierPragmaVec.255.smt2
[DEBUG] Predicted solver: cvc5 for benchmark UFLIA/simplify/javafe.ast.ModifierPragmaVec.255.smt2
[DEBUG] Benchmark UFLIA/simplify/javafe.ast.ModifierPragmaVec.255.smt2: solved=True, runtime=0.33s, PAR-2=0.33s
[DEBUG] Processing 50/2279: UFLIA/sledgehammer/Fundamental_Theorem_Algebra/smtlib.1370456.smt2
[DEBUG] Predicted solver: cvc5 for benchmark UFLIA/sledgehammer/Fundamental_Theorem_Algebra/smtlib.1370456.smt2
[DEBUG] Benchmark UFLIA/sledgehammer/Fundamental_Theorem_Algebra/smtlib.1370456.smt2: solved=False, runtime=1200.00s, PAR-2=2400.00s
[DEBUG] Processing 51/2279: UFLIA/simplify/javafe.tc.FlowInsensitiveChecks.686.smt2
[DEBUG] Predicted solver: cvc5 for benchmark UFLIA/simplify/javafe.tc.FlowInsensitiveChecks.686.smt2
[DEBUG] Benchmark UFLIA/simplify/javafe.tc.FlowInsensitiveChecks.686.smt2: solved=True, runtime=1.33s, PAR-2=1.33s
[DEBUG] Processing 52/2279: UFLIA/tokeneer/configdata/validatefile/readfilesize-5.smt2
[DEBUG] Predicted solver: SMTInterpol for benchmark UFLIA/tokeneer/configdata/validatefile/readfilesize-5.smt2
[DEBUG] Benchmark UFLIA/tokeneer/configdata/validatefile/readfilesize-5.smt2: solved=True, runtime=1.24s, PAR-2=1.24s
[DEBUG] Processing 53/2279: UFLIA/sledgehammer/Fundamental_Theorem_Algebra/smtlib.937707.smt2
[DEBUG] Predicted solver: cvc5 for benchmark UFLIA/sledgehammer/Fundamental_Theorem_Algebra/smtlib.937707.smt2
[DEBUG] Benchmark UFLIA/sledgehammer/Fundamental_Theorem_Algebra/smtlib.937707.smt2: solved=True, runtime=0.26s, PAR-2=0.26s
[DEBUG] Processing 54/2279: UFLIA/tokeneer/keystore/addkey-9.smt2
[DEBUG] Predicted solver: cvc5 for benchmark UFLIA/tokeneer/keystore/addkey-9.smt2
[DEBUG] Benchmark UFLIA/tokeneer/keystore/addkey-9.smt2: solved=False, runtime=1200.00s, PAR-2=2400.00s
[DEBUG] Processing 55/2279: UFLIA/simplify2/small_suite/main.smt2
[DEBUG] Predicted solver: cvc5 for benchmark UFLIA/simplify2/small_suite/main.smt2
[DEBUG] Benchmark UFLIA/simplify2/small_suite/main.smt2: solved=True, runtime=0.71s, PAR-2=0.71s
[DEBUG] Processing 56/2279: UFLIA/sledgehammer/TwoSquares/smtlib.616520.smt2
[DEBUG] Predicted solver: cvc5 for benchmark UFLIA/sledgehammer/TwoSquares/smtlib.616520.smt2
[DEBUG] Benchmark UFLIA/sledgehammer/TwoSquares/smtlib.616520.smt2: solved=False, runtime=1200.00s, PAR-2=2400.00s
[DEBUG] Processing 57/2279: UFLIA/tokeneer/keystore/delete-3.smt2
[DEBUG] Predicted solver: SMTInterpol for benchmark UFLIA/tokeneer/keystore/delete-3.smt2
[DEBUG] Benchmark UFLIA/tokeneer/keystore/delete-3.smt2: solved=False, runtime=1200.00s, PAR-2=2400.00s
[DEBUG] Processing 58/2279: UFLIA/simplify/javafe.ast.VarInitVec.438.smt2
[DEBUG] Predicted solver: cvc5 for benchmark UFLIA/simplify/javafe.ast.VarInitVec.438.smt2
[DEBUG] Benchmark UFLIA/simplify/javafe.ast.VarInitVec.438.smt2: solved=True, runtime=1.16s, PAR-2=1.16s
[DEBUG] Processing 59/2279: UFLIA/sledgehammer/Fundamental_Theorem_Algebra/smtlib.857976.smt2
[DEBUG] Predicted solver: iProver for benchmark UFLIA/sledgehammer/Fundamental_Theorem_Algebra/smtlib.857976.smt2
[DEBUG] Benchmark UFLIA/sledgehammer/Fundamental_Theorem_Algebra/smtlib.857976.smt2: solved=False, runtime=1200.00s, PAR-2=2400.00s
[DEBUG] Processing 60/2279: UFLIA/sledgehammer/TypeSafe/smtlib.779425.smt2
[DEBUG] Predicted solver: cvc5 for benchmark UFLIA/sledgehammer/TypeSafe/smtlib.779425.smt2
[DEBUG] Benchmark UFLIA/sledgehammer/TypeSafe/smtlib.779425.smt2: solved=False, runtime=1200.00s, PAR-2=2400.00s
[DEBUG] Processing 61/2279: UFLIA/simplify2/front_end_suite/javafe.ast.ExprObjectDesignator.001.smt2
[DEBUG] Predicted solver: cvc5 for benchmark UFLIA/simplify2/front_end_suite/javafe.ast.ExprObjectDesignator.001.smt2
[DEBUG] Benchmark UFLIA/simplify2/front_end_suite/javafe.ast.ExprObjectDesignator.001.smt2: solved=True, runtime=4.99s, PAR-2=4.99s
[DEBUG] Processing 62/2279: UFLIA/tokeneer/display/combinelines-12.smt2
[DEBUG] Predicted solver: SMTInterpol for benchmark UFLIA/tokeneer/display/combinelines-12.smt2
[DEBUG] Benchmark UFLIA/tokeneer/display/combinelines-12.smt2: solved=True, runtime=0.67s, PAR-2=0.67s
[DEBUG] Processing 63/2279: UFLIA/boogie/DynamicTypes_DynamicTypes.N0.smt2
[DEBUG] Predicted solver: cvc5 for benchmark UFLIA/boogie/DynamicTypes_DynamicTypes.N0.smt2
[DEBUG] Benchmark UFLIA/boogie/DynamicTypes_DynamicTypes.N0.smt2: solved=True, runtime=0.39s, PAR-2=0.39s
[DEBUG] Processing 64/2279: UFLIA/sledgehammer/Fundamental_Theorem_Algebra/z3.1517975.smt2
[DEBUG] Predicted solver: cvc5 for benchmark UFLIA/sledgehammer/Fundamental_Theorem_Algebra/z3.1517975.smt2
[DEBUG] Benchmark UFLIA/sledgehammer/Fundamental_Theorem_Algebra/z3.1517975.smt2: solved=True, runtime=0.26s, PAR-2=0.26s
[DEBUG] Processing 65/2279: UFLIA/simplify2/front_end_suite/javafe.ast.StandardPrettyPrint.006.smt2
[DEBUG] Predicted solver: cvc5 for benchmark UFLIA/simplify2/front_end_suite/javafe.ast.StandardPrettyPrint.006.smt2
[DEBUG] Benchmark UFLIA/simplify2/front_end_suite/javafe.ast.StandardPrettyPrint.006.smt2: solved=True, runtime=14.12s, PAR-2=14.12s
[DEBUG] Processing 66/2279: UFLIA/sledgehammer/Hoare/smtlib.995870.smt2
[DEBUG] Predicted solver: cvc5 for benchmark UFLIA/sledgehammer/Hoare/smtlib.995870.smt2
[DEBUG] Benchmark UFLIA/sledgehammer/Hoare/smtlib.995870.smt2: solved=True, runtime=0.44s, PAR-2=0.44s
[DEBUG] Processing 67/2279: UFLIA/sledgehammer/FFT/smtlib.964073.smt2
[DEBUG] Predicted solver: cvc5 for benchmark UFLIA/sledgehammer/FFT/smtlib.964073.smt2
[DEBUG] Benchmark UFLIA/sledgehammer/FFT/smtlib.964073.smt2: solved=False, runtime=1200.00s, PAR-2=2400.00s
[DEBUG] Processing 68/2279: UFLIA/sledgehammer/Hoare/smtlib.1136851.smt2
[DEBUG] Predicted solver: cvc5 for benchmark UFLIA/sledgehammer/Hoare/smtlib.1136851.smt2
[DEBUG] Benchmark UFLIA/sledgehammer/Hoare/smtlib.1136851.smt2: solved=False, runtime=1200.00s, PAR-2=2400.00s
[DEBUG] Processing 69/2279: UFLIA/boogie/AssertFalse_AssertFalseTest..ctor.smt2
[DEBUG] Predicted solver: cvc5 for benchmark UFLIA/boogie/AssertFalse_AssertFalseTest..ctor.smt2
[DEBUG] Benchmark UFLIA/boogie/AssertFalse_AssertFalseTest..ctor.smt2: solved=True, runtime=0.34s, PAR-2=0.34s
[DEBUG] Processing 70/2279: UFLIA/simplify2/small_suite/fastclose.smt2
[DEBUG] Predicted solver: cvc5 for benchmark UFLIA/simplify2/small_suite/fastclose.smt2
[DEBUG] Benchmark UFLIA/simplify2/small_suite/fastclose.smt2: solved=True, runtime=14.11s, PAR-2=14.11s
[DEBUG] Processing 71/2279: UFLIA/sledgehammer/NS_Shared/smtlib.674258.smt2
[DEBUG] Predicted solver: cvc5 for benchmark UFLIA/sledgehammer/NS_Shared/smtlib.674258.smt2
[DEBUG] Benchmark UFLIA/sledgehammer/NS_Shared/smtlib.674258.smt2: solved=True, runtime=0.40s, PAR-2=0.40s
[DEBUG] Processing 72/2279: UFLIA/simplify2/front_end_suite/javafe.ast.ConstructorInvocation.008.smt2
[DEBUG] Predicted solver: cvc5 for benchmark UFLIA/simplify2/front_end_suite/javafe.ast.ConstructorInvocation.008.smt2
[DEBUG] Benchmark UFLIA/simplify2/front_end_suite/javafe.ast.ConstructorInvocation.008.smt2: solved=True, runtime=0.45s, PAR-2=0.45s
[DEBUG] Processing 73/2279: UFLIA/boogie/Types_Types.P8_System.Object.array_notnull_System.Int32.array_notnull_A.array_notnull_J.array_notnull_B.array_notnull-orderStrength_1.smt2
[DEBUG] Predicted solver: cvc5 for benchmark UFLIA/boogie/Types_Types.P8_System.Object.array_notnull_System.Int32.array_notnull_A.array_notnull_J.array_notnull_B.array_notnull-orderStrength_1.smt2
[DEBUG] Benchmark UFLIA/boogie/Types_Types.P8_System.Object.array_notnull_System.Int32.array_notnull_A.array_notnull_J.array_notnull_B.array_notnull-orderStrength_1.smt2: solved=False, runtime=1200.00s, PAR-2=2400.00s
[DEBUG] Processing 74/2279: UFLIA/boogie/Bag2_Bag..ctor_System.Int32.array_notnull.smt2
[DEBUG] Predicted solver: cvc5 for benchmark UFLIA/boogie/Bag2_Bag..ctor_System.Int32.array_notnull.smt2
[DEBUG] Benchmark UFLIA/boogie/Bag2_Bag..ctor_System.Int32.array_notnull.smt2: solved=False, runtime=1200.00s, PAR-2=2400.00s
[DEBUG] Processing 75/2279: UFLIA/tokeneer/configdata/writefile/workinghourstext-1.smt2
[DEBUG] Predicted solver: SMTInterpol for benchmark UFLIA/tokeneer/configdata/writefile/workinghourstext-1.smt2
[DEBUG] Benchmark UFLIA/tokeneer/configdata/writefile/workinghourstext-1.smt2: solved=True, runtime=1.34s, PAR-2=1.34s
[DEBUG] Processing 76/2279: UFLIA/simplify2/front_end_suite/javafe.parser.TokenQueue.008.smt2
[DEBUG] Predicted solver: cvc5 for benchmark UFLIA/simplify2/front_end_suite/javafe.parser.TokenQueue.008.smt2
[DEBUG] Benchmark UFLIA/simplify2/front_end_suite/javafe.parser.TokenQueue.008.smt2: solved=True, runtime=0.49s, PAR-2=0.49s
[DEBUG] Processing 77/2279: UFLIA/simplify/javafe.filespace.FilterEnum.465.smt2
[DEBUG] Predicted solver: cvc5 for benchmark UFLIA/simplify/javafe.filespace.FilterEnum.465.smt2
[DEBUG] Benchmark UFLIA/simplify/javafe.filespace.FilterEnum.465.smt2: solved=True, runtime=0.24s, PAR-2=0.24s
[DEBUG] Processing 78/2279: UFLIA/sledgehammer/TypeSafe/smtlib.817940.smt2
[DEBUG] Predicted solver: cvc5 for benchmark UFLIA/sledgehammer/TypeSafe/smtlib.817940.smt2
[DEBUG] Benchmark UFLIA/sledgehammer/TypeSafe/smtlib.817940.smt2: solved=False, runtime=1200.00s, PAR-2=2400.00s
[DEBUG] Processing 79/2279: UFLIA/boogie/equiv5_MPrime-infer_e-vc_local.smt2
[DEBUG] Predicted solver: SMTInterpol for benchmark UFLIA/boogie/equiv5_MPrime-infer_e-vc_local.smt2
[DEBUG] Benchmark UFLIA/boogie/equiv5_MPrime-infer_e-vc_local.smt2: solved=True, runtime=1.17s, PAR-2=1.17s
[DEBUG] Processing 80/2279: UFLIA/sledgehammer/Fundamental_Theorem_Algebra/smtlib.901135.smt2
[DEBUG] Predicted solver: cvc5 for benchmark UFLIA/sledgehammer/Fundamental_Theorem_Algebra/smtlib.901135.smt2
[DEBUG] Benchmark UFLIA/sledgehammer/Fundamental_Theorem_Algebra/smtlib.901135.smt2: solved=False, runtime=1200.00s, PAR-2=2400.00s
[DEBUG] Processing 81/2279: UFLIA/simplify/javafe.ast.BlockStmt.51.smt2
[DEBUG] Predicted solver: cvc5 for benchmark UFLIA/simplify/javafe.ast.BlockStmt.51.smt2
[DEBUG] Benchmark UFLIA/simplify/javafe.ast.BlockStmt.51.smt2: solved=True, runtime=0.62s, PAR-2=0.62s
[DEBUG] Processing 82/2279: UFLIA/simplify2/front_end_suite/javafe.ast.ForStmt.003.smt2
[DEBUG] Predicted solver: cvc5 for benchmark UFLIA/simplify2/front_end_suite/javafe.ast.ForStmt.003.smt2
[DEBUG] Benchmark UFLIA/simplify2/front_end_suite/javafe.ast.ForStmt.003.smt2: solved=True, runtime=1.95s, PAR-2=1.95s
[DEBUG] Processing 83/2279: UFLIA/boogie/ExposeVersion_X.FieldUpdateByObjectCreationWithMethodQueryFails_X_notnull-level_2.smt2
[DEBUG] Predicted solver: cvc5 for benchmark UFLIA/boogie/ExposeVersion_X.FieldUpdateByObjectCreationWithMethodQueryFails_X_notnull-level_2.smt2
[DEBUG] Benchmark UFLIA/boogie/ExposeVersion_X.FieldUpdateByObjectCreationWithMethodQueryFails_X_notnull-level_2.smt2: solved=False, runtime=1200.00s, PAR-2=2400.00s
[DEBUG] Processing 84/2279: UFLIA/boogie/BClient_Client.Q_MyClass_notnull_System.Boolean_System.Boolean.smt2
[DEBUG] Predicted solver: cvc5 for benchmark UFLIA/boogie/BClient_Client.Q_MyClass_notnull_System.Boolean_System.Boolean.smt2
[DEBUG] Benchmark UFLIA/boogie/BClient_Client.Q_MyClass_notnull_System.Boolean_System.Boolean.smt2: solved=False, runtime=1200.00s, PAR-2=2400.00s
[DEBUG] Processing 85/2279: UFLIA/simplify2/front_end_suite/javafe.filespace.PkgTree.007.smt2
[DEBUG] Predicted solver: cvc5 for benchmark UFLIA/simplify2/front_end_suite/javafe.filespace.PkgTree.007.smt2
[DEBUG] Benchmark UFLIA/simplify2/front_end_suite/javafe.filespace.PkgTree.007.smt2: solved=True, runtime=0.29s, PAR-2=0.29s
[DEBUG] Processing 86/2279: UFLIA/simplify2/front_end_suite/javafe.parser.test.TestExpr.003.smt2
[DEBUG] Predicted solver: cvc5 for benchmark UFLIA/simplify2/front_end_suite/javafe.parser.test.TestExpr.003.smt2
[DEBUG] Benchmark UFLIA/simplify2/front_end_suite/javafe.parser.test.TestExpr.003.smt2: solved=True, runtime=0.86s, PAR-2=0.86s
[DEBUG] Processing 87/2279: UFLIA/grasshopper/instantiated/difference_postcondition_of_difference_43_8.smt2
[DEBUG] Predicted solver: cvc5 for benchmark UFLIA/grasshopper/instantiated/difference_postcondition_of_difference_43_8.smt2
[DEBUG] Benchmark UFLIA/grasshopper/instantiated/difference_postcondition_of_difference_43_8.smt2: solved=False, runtime=1200.00s, PAR-2=2400.00s
[DEBUG] Processing 88/2279: UFLIA/sledgehammer/Fundamental_Theorem_Algebra/smtlib.745445.smt2
[DEBUG] Predicted solver: SMTInterpol for benchmark UFLIA/sledgehammer/Fundamental_Theorem_Algebra/smtlib.745445.smt2
[DEBUG] Benchmark UFLIA/sledgehammer/Fundamental_Theorem_Algebra/smtlib.745445.smt2: solved=True, runtime=684.31s, PAR-2=684.31s
[DEBUG] Processing 89/2279: UFLIA/sledgehammer/QEpres/smtlib.1186493.smt2
[DEBUG] Predicted solver: cvc5 for benchmark UFLIA/sledgehammer/QEpres/smtlib.1186493.smt2
[DEBUG] Benchmark UFLIA/sledgehammer/QEpres/smtlib.1186493.smt2: solved=False, runtime=1200.00s, PAR-2=2400.00s
[DEBUG] Processing 90/2279: UFLIA/sledgehammer/TwoSquares/smtlib.820489.smt2
[DEBUG] Predicted solver: cvc5 for benchmark UFLIA/sledgehammer/TwoSquares/smtlib.820489.smt2
[DEBUG] Benchmark UFLIA/sledgehammer/TwoSquares/smtlib.820489.smt2: solved=True, runtime=98.99s, PAR-2=98.99s
[DEBUG] Processing 91/2279: UFLIA/sledgehammer/QEpres/smtlib.693412.smt2
[DEBUG] Predicted solver: SMTInterpol for benchmark UFLIA/sledgehammer/QEpres/smtlib.693412.smt2
[DEBUG] Benchmark UFLIA/sledgehammer/QEpres/smtlib.693412.smt2: solved=True, runtime=0.64s, PAR-2=0.64s
[DEBUG] Processing 92/2279: UFLIA/grasshopper/uninstantiated/difference_postcondition_of_difference_43_8.smt2
[DEBUG] Predicted solver: cvc5 for benchmark UFLIA/grasshopper/uninstantiated/difference_postcondition_of_difference_43_8.smt2
[DEBUG] Benchmark UFLIA/grasshopper/uninstantiated/difference_postcondition_of_difference_43_8.smt2: solved=False, runtime=1200.00s, PAR-2=2400.00s
[DEBUG] Processing 93/2279: UFLIA/boogie/StrictReadOnly_C1.X1.smt2
[DEBUG] Predicted solver: cvc5 for benchmark UFLIA/boogie/StrictReadOnly_C1.X1.smt2
[DEBUG] Benchmark UFLIA/boogie/StrictReadOnly_C1.X1.smt2: solved=True, runtime=0.39s, PAR-2=0.39s
[DEBUG] Processing 94/2279: UFLIA/tokeneer/tokenreader/poll/processreaderstatechange-6.smt2
[DEBUG] Predicted solver: cvc5 for benchmark UFLIA/tokeneer/tokenreader/poll/processreaderstatechange-6.smt2
[DEBUG] Benchmark UFLIA/tokeneer/tokenreader/poll/processreaderstatechange-6.smt2: solved=True, runtime=0.23s, PAR-2=0.23s
[DEBUG] Processing 95/2279: UFLIA/simplify2/front_end_suite/javafe.ast.ExprVec.001.smt2
[DEBUG] Predicted solver: cvc5 for benchmark UFLIA/simplify2/front_end_suite/javafe.ast.ExprVec.001.smt2
[DEBUG] Benchmark UFLIA/simplify2/front_end_suite/javafe.ast.ExprVec.001.smt2: solved=True, runtime=1.07s, PAR-2=1.07s
[DEBUG] Processing 96/2279: UFLIA/simplify2/front_end_suite/javafe.ast.MethodInvocation.006.smt2
[DEBUG] Predicted solver: cvc5 for benchmark UFLIA/simplify2/front_end_suite/javafe.ast.MethodInvocation.006.smt2
[DEBUG] Benchmark UFLIA/simplify2/front_end_suite/javafe.ast.MethodInvocation.006.smt2: solved=True, runtime=0.55s, PAR-2=0.55s
[DEBUG] Processing 97/2279: UFLIA/sledgehammer/Fundamental_Theorem_Algebra/smtlib.1331541.smt2
[DEBUG] Predicted solver: cvc5 for benchmark UFLIA/sledgehammer/Fundamental_Theorem_Algebra/smtlib.1331541.smt2
[DEBUG] Benchmark UFLIA/sledgehammer/Fundamental_Theorem_Algebra/smtlib.1331541.smt2: solved=False, runtime=1200.00s, PAR-2=2400.00s
[DEBUG] Processing 98/2279: UFLIA/simplify/javafe.tc.EnvForTypeSig.669.smt2
[DEBUG] Predicted solver: cvc5 for benchmark UFLIA/simplify/javafe.tc.EnvForTypeSig.669.smt2
[DEBUG] Benchmark UFLIA/simplify/javafe.tc.EnvForTypeSig.669.smt2: solved=True, runtime=0.47s, PAR-2=0.47s
[DEBUG] Processing 99/2279: UFLIA/simplify2/front_end_suite/javafe.tc.ConstantExpr.009.smt2
[DEBUG] Predicted solver: cvc5 for benchmark UFLIA/simplify2/front_end_suite/javafe.tc.ConstantExpr.009.smt2
[DEBUG] Benchmark UFLIA/simplify2/front_end_suite/javafe.tc.ConstantExpr.009.smt2: solved=True, runtime=0.53s, PAR-2=0.53s
[DEBUG] Processing 100/2279: UFLIA/tokeneer/enclave/init-3.smt2
[DEBUG] Predicted solver: SMTInterpol for benchmark UFLIA/tokeneer/enclave/init-3.smt2
[DEBUG] Benchmark UFLIA/tokeneer/enclave/init-3.smt2: solved=True, runtime=1.39s, PAR-2=1.39s
[DEBUG] Processing 101/2279: UFLIA/simplify2/front_end_suite/javafe.ast.FieldAccess.002.smt2
[DEBUG] Predicted solver: cvc5 for benchmark UFLIA/simplify2/front_end_suite/javafe.ast.FieldAccess.002.smt2
[DEBUG] Benchmark UFLIA/simplify2/front_end_suite/javafe.ast.FieldAccess.002.smt2: solved=True, runtime=0.46s, PAR-2=0.46s
[DEBUG] Processing 102/2279: UFLIA/sledgehammer/Arrow_Order/smtlib.756080.smt2
[DEBUG] Predicted solver: cvc5 for benchmark UFLIA/sledgehammer/Arrow_Order/smtlib.756080.smt2
[DEBUG] Benchmark UFLIA/sledgehammer/Arrow_Order/smtlib.756080.smt2: solved=True, runtime=0.30s, PAR-2=0.30s
[DEBUG] Processing 103/2279: UFLIA/tokeneer/auditlog/addelementtologfile-8.smt2
[DEBUG] Predicted solver: cvc5 for benchmark UFLIA/tokeneer/auditlog/addelementtologfile-8.smt2
[DEBUG] Benchmark UFLIA/tokeneer/auditlog/addelementtologfile-8.smt2: solved=False, runtime=1200.00s, PAR-2=2400.00s
[DEBUG] Processing 104/2279: UFLIA/sledgehammer/TypeSafe/smtlib.879393.smt2
[DEBUG] Predicted solver: cvc5 for benchmark UFLIA/sledgehammer/TypeSafe/smtlib.879393.smt2
[DEBUG] Benchmark UFLIA/sledgehammer/TypeSafe/smtlib.879393.smt2: solved=False, runtime=1200.00s, PAR-2=2400.00s
[DEBUG] Processing 105/2279: UFLIA/sledgehammer/TwoSquares/smtlib.785951.smt2
[DEBUG] Predicted solver: cvc5 for benchmark UFLIA/sledgehammer/TwoSquares/smtlib.785951.smt2
[DEBUG] Benchmark UFLIA/sledgehammer/TwoSquares/smtlib.785951.smt2: solved=True, runtime=0.88s, PAR-2=0.88s
[DEBUG] Processing 106/2279: UFLIA/tokeneer/tokenreader/poll/processreaderstatechange-7.smt2
[DEBUG] Predicted solver: cvc5 for benchmark UFLIA/tokeneer/tokenreader/poll/processreaderstatechange-7.smt2
[DEBUG] Benchmark UFLIA/tokeneer/tokenreader/poll/processreaderstatechange-7.smt2: solved=True, runtime=0.24s, PAR-2=0.24s
[DEBUG] Processing 107/2279: UFLIA/simplify2/front_end_suite/javafe.ast.UnaryExpr.003.smt2
[DEBUG] Predicted solver: cvc5 for benchmark UFLIA/simplify2/front_end_suite/javafe.ast.UnaryExpr.003.smt2
[DEBUG] Benchmark UFLIA/simplify2/front_end_suite/javafe.ast.UnaryExpr.003.smt2: solved=True, runtime=6.97s, PAR-2=6.97s
[DEBUG] Processing 108/2279: UFLIA/simplify2/front_end_suite/javafe.parser.test.TestLex.033.smt2
[DEBUG] Predicted solver: cvc5 for benchmark UFLIA/simplify2/front_end_suite/javafe.parser.test.TestLex.033.smt2
[DEBUG] Benchmark UFLIA/simplify2/front_end_suite/javafe.parser.test.TestLex.033.smt2: solved=True, runtime=14.40s, PAR-2=14.40s
[DEBUG] Processing 109/2279: UFLIA/simplify2/front_end_suite/javafe.tc.FlowInsensitiveChecks.008.smt2
[DEBUG] Predicted solver: cvc5 for benchmark UFLIA/simplify2/front_end_suite/javafe.tc.FlowInsensitiveChecks.008.smt2
[DEBUG] Benchmark UFLIA/simplify2/front_end_suite/javafe.tc.FlowInsensitiveChecks.008.smt2: solved=True, runtime=0.59s, PAR-2=0.59s
[DEBUG] Processing 110/2279: UFLIA/boogie/Immutable_test3.C.M0.smt2
[DEBUG] Predicted solver: cvc5 for benchmark UFLIA/boogie/Immutable_test3.C.M0.smt2
[DEBUG] Benchmark UFLIA/boogie/Immutable_test3.C.M0.smt2: solved=False, runtime=1200.00s, PAR-2=2400.00s
[DEBUG] Processing 111/2279: UFLIA/sledgehammer/Fundamental_Theorem_Algebra/smtlib.1196823.smt2
[DEBUG] Predicted solver: cvc5 for benchmark UFLIA/sledgehammer/Fundamental_Theorem_Algebra/smtlib.1196823.smt2
[DEBUG] Benchmark UFLIA/sledgehammer/Fundamental_Theorem_Algebra/smtlib.1196823.smt2: solved=True, runtime=0.26s, PAR-2=0.26s
[DEBUG] Processing 112/2279: UFLIA/sledgehammer/StrongNorm/smtlib.857095.smt2
[DEBUG] Predicted solver: iProver for benchmark UFLIA/sledgehammer/StrongNorm/smtlib.857095.smt2
[DEBUG] Benchmark UFLIA/sledgehammer/StrongNorm/smtlib.857095.smt2: solved=False, runtime=1200.00s, PAR-2=2400.00s
[DEBUG] Processing 113/2279: UFLIA/boogie/Strings_test3.MyStrings.StringCoolness3.smt2
[DEBUG] Predicted solver: cvc5 for benchmark UFLIA/boogie/Strings_test3.MyStrings.StringCoolness3.smt2
[DEBUG] Benchmark UFLIA/boogie/Strings_test3.MyStrings.StringCoolness3.smt2: solved=True, runtime=3.07s, PAR-2=3.07s
[DEBUG] Processing 114/2279: UFLIA/simplify2/front_end_suite/javafe.util.StackVector.002.smt2
[DEBUG] Predicted solver: cvc5 for benchmark UFLIA/simplify2/front_end_suite/javafe.util.StackVector.002.smt2
[DEBUG] Benchmark UFLIA/simplify2/front_end_suite/javafe.util.StackVector.002.smt2: solved=True, runtime=0.26s, PAR-2=0.26s
[DEBUG] Processing 115/2279: UFLIA/boogie/WC-EI0_RTE.ExecuteInstruction-vc_nested.smt2
[DEBUG] Predicted solver: cvc5 for benchmark UFLIA/boogie/WC-EI0_RTE.ExecuteInstruction-vc_nested.smt2
[DEBUG] Benchmark UFLIA/boogie/WC-EI0_RTE.ExecuteInstruction-vc_nested.smt2: solved=True, runtime=32.36s, PAR-2=32.36s
[DEBUG] Processing 116/2279: UFLIA/simplify2/front_end_suite/javafe.ast.Identifier.010.smt2
[DEBUG] Predicted solver: cvc5 for benchmark UFLIA/simplify2/front_end_suite/javafe.ast.Identifier.010.smt2
[DEBUG] Benchmark UFLIA/simplify2/front_end_suite/javafe.ast.Identifier.010.smt2: solved=False, runtime=1200.00s, PAR-2=2400.00s
[DEBUG] Processing 117/2279: UFLIA/sledgehammer/Fundamental_Theorem_Algebra/smtlib.1421004.smt2
[DEBUG] Predicted solver: cvc5 for benchmark UFLIA/sledgehammer/Fundamental_Theorem_Algebra/smtlib.1421004.smt2
[DEBUG] Benchmark UFLIA/sledgehammer/Fundamental_Theorem_Algebra/smtlib.1421004.smt2: solved=True, runtime=1.15s, PAR-2=1.15s
[DEBUG] Processing 118/2279: UFLIA/sledgehammer/TwoSquares/smtlib.709580.smt2
[DEBUG] Predicted solver: cvc5 for benchmark UFLIA/sledgehammer/TwoSquares/smtlib.709580.smt2
[DEBUG] Benchmark UFLIA/sledgehammer/TwoSquares/smtlib.709580.smt2: solved=False, runtime=1200.00s, PAR-2=2400.00s
[DEBUG] Processing 119/2279: UFLIA/boogie/strings-where_Microsoft.Singularity.Applications.ThreadTest.Main_System.String.array-noinfer.smt2
[DEBUG] Predicted solver: cvc5 for benchmark UFLIA/boogie/strings-where_Microsoft.Singularity.Applications.ThreadTest.Main_System.String.array-noinfer.smt2
[DEBUG] Benchmark UFLIA/boogie/strings-where_Microsoft.Singularity.Applications.ThreadTest.Main_System.String.array-noinfer.smt2: solved=True, runtime=2.53s, PAR-2=2.53s
[DEBUG] Processing 120/2279: UFLIA/sledgehammer/QEpres/smtlib.832403.smt2
[DEBUG] Predicted solver: cvc5 for benchmark UFLIA/sledgehammer/QEpres/smtlib.832403.smt2
[DEBUG] Benchmark UFLIA/sledgehammer/QEpres/smtlib.832403.smt2: solved=False, runtime=1200.00s, PAR-2=2400.00s
[DEBUG] Processing 121/2279: UFLIA/sledgehammer/Arrow_Order/smtlib.571676.smt2
[DEBUG] Predicted solver: cvc5 for benchmark UFLIA/sledgehammer/Arrow_Order/smtlib.571676.smt2
[DEBUG] Benchmark UFLIA/sledgehammer/Arrow_Order/smtlib.571676.smt2: solved=False, runtime=1200.00s, PAR-2=2400.00s
[DEBUG] Processing 122/2279: UFLIA/simplify2/front_end_suite/javafe.reader.StandardTypeReader.014.smt2
[DEBUG] Predicted solver: cvc5 for benchmark UFLIA/simplify2/front_end_suite/javafe.reader.StandardTypeReader.014.smt2
[DEBUG] Benchmark UFLIA/simplify2/front_end_suite/javafe.reader.StandardTypeReader.014.smt2: solved=True, runtime=0.32s, PAR-2=0.32s
[DEBUG] Processing 123/2279: UFLIA/simplify2/front_end_suite/javafe.ast.SimpleName.008.smt2
[DEBUG] Predicted solver: cvc5 for benchmark UFLIA/simplify2/front_end_suite/javafe.ast.SimpleName.008.smt2
[DEBUG] Benchmark UFLIA/simplify2/front_end_suite/javafe.ast.SimpleName.008.smt2: solved=True, runtime=0.47s, PAR-2=0.47s
[DEBUG] Processing 124/2279: UFLIA/sledgehammer/Fundamental_Theorem_Algebra/smtlib.890519.smt2
[DEBUG] Predicted solver: iProver for benchmark UFLIA/sledgehammer/Fundamental_Theorem_Algebra/smtlib.890519.smt2
[DEBUG] Benchmark UFLIA/sledgehammer/Fundamental_Theorem_Algebra/smtlib.890519.smt2: solved=False, runtime=1200.00s, PAR-2=2400.00s
[DEBUG] Processing 125/2279: UFLIA/sledgehammer/TwoSquares/smtlib.772307.smt2
[DEBUG] Predicted solver: cvc5 for benchmark UFLIA/sledgehammer/TwoSquares/smtlib.772307.smt2
[DEBUG] Benchmark UFLIA/sledgehammer/TwoSquares/smtlib.772307.smt2: solved=True, runtime=0.41s, PAR-2=0.41s
[DEBUG] Processing 126/2279: UFLIA/sledgehammer/Fundamental_Theorem_Algebra/smtlib.1352079.smt2
[DEBUG] Predicted solver: cvc5 for benchmark UFLIA/sledgehammer/Fundamental_Theorem_Algebra/smtlib.1352079.smt2
[DEBUG] Benchmark UFLIA/sledgehammer/Fundamental_Theorem_Algebra/smtlib.1352079.smt2: solved=True, runtime=1.26s, PAR-2=1.26s
[DEBUG] Processing 127/2279: UFLIA/sledgehammer/QEpres/smtlib.1087039.smt2
[DEBUG] Predicted solver: cvc5 for benchmark UFLIA/sledgehammer/QEpres/smtlib.1087039.smt2
[DEBUG] Benchmark UFLIA/sledgehammer/QEpres/smtlib.1087039.smt2: solved=False, runtime=1200.00s, PAR-2=2400.00s
[DEBUG] Processing 128/2279: UFLIA/sledgehammer/Hoare/smtlib.990986.smt2
[DEBUG] Predicted solver: cvc5 for benchmark UFLIA/sledgehammer/Hoare/smtlib.990986.smt2
[DEBUG] Benchmark UFLIA/sledgehammer/Hoare/smtlib.990986.smt2: solved=True, runtime=0.43s, PAR-2=0.43s
[DEBUG] Processing 129/2279: UFLIA/sledgehammer/Hoare/smtlib.560167.smt2
[DEBUG] Predicted solver: cvc5 for benchmark UFLIA/sledgehammer/Hoare/smtlib.560167.smt2
[DEBUG] Benchmark UFLIA/sledgehammer/Hoare/smtlib.560167.smt2: solved=False, runtime=1200.00s, PAR-2=2400.00s
[DEBUG] Processing 130/2279: UFLIA/sledgehammer/QEpres/smtlib.918014.smt2
[DEBUG] Predicted solver: iProver for benchmark UFLIA/sledgehammer/QEpres/smtlib.918014.smt2
[DEBUG] Benchmark UFLIA/sledgehammer/QEpres/smtlib.918014.smt2: solved=False, runtime=1200.00s, PAR-2=2400.00s
[DEBUG] Processing 131/2279: UFLIA/sledgehammer/TwoSquares/smtlib.673048.smt2
[DEBUG] Predicted solver: cvc5 for benchmark UFLIA/sledgehammer/TwoSquares/smtlib.673048.smt2
[DEBUG] Benchmark UFLIA/sledgehammer/TwoSquares/smtlib.673048.smt2: solved=True, runtime=481.34s, PAR-2=481.34s
[DEBUG] Processing 132/2279: UFLIA/simplify2/front_end_suite/javafe.filespace.ExtTree.003.smt2
[DEBUG] Predicted solver: cvc5 for benchmark UFLIA/simplify2/front_end_suite/javafe.filespace.ExtTree.003.smt2
[DEBUG] Benchmark UFLIA/simplify2/front_end_suite/javafe.filespace.ExtTree.003.smt2: solved=True, runtime=0.27s, PAR-2=0.27s
[DEBUG] Processing 133/2279: UFLIA/sledgehammer/Fundamental_Theorem_Algebra/smtlib.593669.smt2
[DEBUG] Predicted solver: cvc5 for benchmark UFLIA/sledgehammer/Fundamental_Theorem_Algebra/smtlib.593669.smt2
[DEBUG] Benchmark UFLIA/sledgehammer/Fundamental_Theorem_Algebra/smtlib.593669.smt2: solved=False, runtime=1200.00s, PAR-2=2400.00s
[DEBUG] Processing 134/2279: UFLIA/sledgehammer/StrongNorm/smtlib.618140.smt2
[DEBUG] Predicted solver: cvc5 for benchmark UFLIA/sledgehammer/StrongNorm/smtlib.618140.smt2
[DEBUG] Benchmark UFLIA/sledgehammer/StrongNorm/smtlib.618140.smt2: solved=False, runtime=1200.00s, PAR-2=2400.00s
[DEBUG] Processing 135/2279: UFLIA/sledgehammer/Hoare/smtlib.800258.smt2
[DEBUG] Predicted solver: iProver for benchmark UFLIA/sledgehammer/Hoare/smtlib.800258.smt2
[DEBUG] Benchmark UFLIA/sledgehammer/Hoare/smtlib.800258.smt2: solved=False, runtime=1200.00s, PAR-2=2400.00s
[DEBUG] Processing 136/2279: UFLIA/simplify/javafe.ast.TypeNameVec.417.smt2
[DEBUG] Predicted solver: cvc5 for benchmark UFLIA/simplify/javafe.ast.TypeNameVec.417.smt2
[DEBUG] Benchmark UFLIA/simplify/javafe.ast.TypeNameVec.417.smt2: solved=True, runtime=1.30s, PAR-2=1.30s
[DEBUG] Processing 137/2279: UFLIA/sledgehammer/Fundamental_Theorem_Algebra/smtlib.644860.smt2
[DEBUG] Predicted solver: iProver for benchmark UFLIA/sledgehammer/Fundamental_Theorem_Algebra/smtlib.644860.smt2
[DEBUG] Benchmark UFLIA/sledgehammer/Fundamental_Theorem_Algebra/smtlib.644860.smt2: solved=False, runtime=1200.00s, PAR-2=2400.00s
[DEBUG] Processing 138/2279: UFLIA/simplify/javafe.tc.EnvForLocals.660.smt2
[DEBUG] Predicted solver: cvc5 for benchmark UFLIA/simplify/javafe.tc.EnvForLocals.660.smt2
[DEBUG] Benchmark UFLIA/simplify/javafe.tc.EnvForLocals.660.smt2: solved=True, runtime=0.67s, PAR-2=0.67s
[DEBUG] Processing 139/2279: UFLIA/simplify2/front_end_suite/javafe.tc.CheckInvariants.005.smt2
[DEBUG] Predicted solver: cvc5 for benchmark UFLIA/simplify2/front_end_suite/javafe.tc.CheckInvariants.005.smt2
[DEBUG] Benchmark UFLIA/simplify2/front_end_suite/javafe.tc.CheckInvariants.005.smt2: solved=True, runtime=15.27s, PAR-2=15.27s
[DEBUG] Processing 140/2279: UFLIA/sledgehammer/Arrow_Order/smtlib.562670.smt2
[DEBUG] Predicted solver: cvc5 for benchmark UFLIA/sledgehammer/Arrow_Order/smtlib.562670.smt2
[DEBUG] Benchmark UFLIA/sledgehammer/Arrow_Order/smtlib.562670.smt2: solved=False, runtime=1200.00s, PAR-2=2400.00s
[DEBUG] Processing 141/2279: UFLIA/simplify/javafe.ast.TypeModifierPragmaVec.404.smt2
[DEBUG] Predicted solver: cvc5 for benchmark UFLIA/simplify/javafe.ast.TypeModifierPragmaVec.404.smt2
[DEBUG] Benchmark UFLIA/simplify/javafe.ast.TypeModifierPragmaVec.404.smt2: solved=True, runtime=1.58s, PAR-2=1.58s
[DEBUG] Processing 142/2279: UFLIA/simplify/javafe.tc.Types.754.smt2
[DEBUG] Predicted solver: cvc5 for benchmark UFLIA/simplify/javafe.tc.Types.754.smt2
[DEBUG] Benchmark UFLIA/simplify/javafe.tc.Types.754.smt2: solved=True, runtime=1.48s, PAR-2=1.48s
[DEBUG] Processing 143/2279: UFLIA/simplify2/front_end_suite/javafe.ast.MethodDecl.009.smt2
[DEBUG] Predicted solver: cvc5 for benchmark UFLIA/simplify2/front_end_suite/javafe.ast.MethodDecl.009.smt2
[DEBUG] Benchmark UFLIA/simplify2/front_end_suite/javafe.ast.MethodDecl.009.smt2: solved=True, runtime=2.62s, PAR-2=2.62s
[DEBUG] Processing 144/2279: UFLIA/simplify2/front_end_suite/javafe.filespace.ClassPath.003.smt2
[DEBUG] Predicted solver: cvc5 for benchmark UFLIA/simplify2/front_end_suite/javafe.filespace.ClassPath.003.smt2
[DEBUG] Benchmark UFLIA/simplify2/front_end_suite/javafe.filespace.ClassPath.003.smt2: solved=True, runtime=0.32s, PAR-2=0.32s
[DEBUG] Processing 145/2279: UFLIA/sledgehammer/QEpres/smtlib.883209.smt2
[DEBUG] Predicted solver: SMTInterpol for benchmark UFLIA/sledgehammer/QEpres/smtlib.883209.smt2
[DEBUG] Benchmark UFLIA/sledgehammer/QEpres/smtlib.883209.smt2: solved=True, runtime=0.90s, PAR-2=0.90s
[DEBUG] Processing 146/2279: UFLIA/boogie/ExactTypes_X..ctor.smt2
[DEBUG] Predicted solver: cvc5 for benchmark UFLIA/boogie/ExactTypes_X..ctor.smt2
[DEBUG] Benchmark UFLIA/boogie/ExactTypes_X..ctor.smt2: solved=True, runtime=0.40s, PAR-2=0.40s
[DEBUG] Processing 147/2279: UFLIA/sledgehammer/Fundamental_Theorem_Algebra/smtlib.924212.smt2
[DEBUG] Predicted solver: iProver for benchmark UFLIA/sledgehammer/Fundamental_Theorem_Algebra/smtlib.924212.smt2
[DEBUG] Benchmark UFLIA/sledgehammer/Fundamental_Theorem_Algebra/smtlib.924212.smt2: solved=True, runtime=1.41s, PAR-2=1.41s
[DEBUG] Processing 148/2279: UFLIA/simplify2/front_end_suite/javafe.ast.IdentifierVec.016.smt2
[DEBUG] Predicted solver: cvc5 for benchmark UFLIA/simplify2/front_end_suite/javafe.ast.IdentifierVec.016.smt2
[DEBUG] Benchmark UFLIA/simplify2/front_end_suite/javafe.ast.IdentifierVec.016.smt2: solved=True, runtime=1.15s, PAR-2=1.15s
[DEBUG] Processing 149/2279: UFLIA/sledgehammer/TwoSquares/smtlib.793213.smt2
[DEBUG] Predicted solver: cvc5 for benchmark UFLIA/sledgehammer/TwoSquares/smtlib.793213.smt2
[DEBUG] Benchmark UFLIA/sledgehammer/TwoSquares/smtlib.793213.smt2: solved=False, runtime=1200.00s, PAR-2=2400.00s
[DEBUG] Processing 150/2279: UFLIA/sledgehammer/FFT/smtlib.960184.smt2
[DEBUG] Predicted solver: iProver for benchmark UFLIA/sledgehammer/FFT/smtlib.960184.smt2
[DEBUG] Benchmark UFLIA/sledgehammer/FFT/smtlib.960184.smt2: solved=False, runtime=1200.00s, PAR-2=2400.00s
[DEBUG] Processing 151/2279: UFLIA/sledgehammer/Fundamental_Theorem_Algebra/smtlib.1377848.smt2
[DEBUG] Predicted solver: iProver for benchmark UFLIA/sledgehammer/Fundamental_Theorem_Algebra/smtlib.1377848.smt2
[DEBUG] Benchmark UFLIA/sledgehammer/Fundamental_Theorem_Algebra/smtlib.1377848.smt2: solved=False, runtime=1200.00s, PAR-2=2400.00s
[DEBUG] Processing 152/2279: UFLIA/simplify/javafe.util.SubCorrelatedReader.830.smt2
[DEBUG] Predicted solver: cvc5 for benchmark UFLIA/simplify/javafe.util.SubCorrelatedReader.830.smt2
[DEBUG] Benchmark UFLIA/simplify/javafe.util.SubCorrelatedReader.830.smt2: solved=True, runtime=1.68s, PAR-2=1.68s
[DEBUG] Processing 153/2279: UFLIA/sledgehammer/Fundamental_Theorem_Algebra/smtlib.582679.smt2
[DEBUG] Predicted solver: cvc5 for benchmark UFLIA/sledgehammer/Fundamental_Theorem_Algebra/smtlib.582679.smt2
[DEBUG] Benchmark UFLIA/sledgehammer/Fundamental_Theorem_Algebra/smtlib.582679.smt2: solved=False, runtime=1200.00s, PAR-2=2400.00s
[DEBUG] Processing 154/2279: UFLIA/sledgehammer/NS_Shared/smtlib.834324.smt2
[DEBUG] Predicted solver: cvc5 for benchmark UFLIA/sledgehammer/NS_Shared/smtlib.834324.smt2
[DEBUG] Benchmark UFLIA/sledgehammer/NS_Shared/smtlib.834324.smt2: solved=True, runtime=0.49s, PAR-2=0.49s
[DEBUG] Processing 155/2279: UFLIA/simplify2/front_end_suite/javafe.parser.ParseType.004.smt2
[DEBUG] Predicted solver: cvc5 for benchmark UFLIA/simplify2/front_end_suite/javafe.parser.ParseType.004.smt2
[DEBUG] Benchmark UFLIA/simplify2/front_end_suite/javafe.parser.ParseType.004.smt2: solved=True, runtime=0.30s, PAR-2=0.30s
[DEBUG] Processing 156/2279: UFLIA/sledgehammer/FFT/smtlib.1001678.smt2
[DEBUG] Predicted solver: cvc5 for benchmark UFLIA/sledgehammer/FFT/smtlib.1001678.smt2
[DEBUG] Benchmark UFLIA/sledgehammer/FFT/smtlib.1001678.smt2: solved=False, runtime=1200.00s, PAR-2=2400.00s
[DEBUG] Processing 157/2279: UFLIA/sledgehammer/Fundamental_Theorem_Algebra/smtlib.796974.smt2
[DEBUG] Predicted solver: cvc5 for benchmark UFLIA/sledgehammer/Fundamental_Theorem_Algebra/smtlib.796974.smt2
[DEBUG] Benchmark UFLIA/sledgehammer/Fundamental_Theorem_Algebra/smtlib.796974.smt2: solved=True, runtime=0.40s, PAR-2=0.40s
[DEBUG] Processing 158/2279: UFLIA/sledgehammer/Fundamental_Theorem_Algebra/smtlib.1348003.smt2
[DEBUG] Predicted solver: SMTInterpol for benchmark UFLIA/sledgehammer/Fundamental_Theorem_Algebra/smtlib.1348003.smt2
[DEBUG] Benchmark UFLIA/sledgehammer/Fundamental_Theorem_Algebra/smtlib.1348003.smt2: solved=True, runtime=1.00s, PAR-2=1.00s
[DEBUG] Processing 159/2279: UFLIA/boogie/StrictReadOnly_C2.X2.smt2
[DEBUG] Predicted solver: cvc5 for benchmark UFLIA/boogie/StrictReadOnly_C2.X2.smt2
[DEBUG] Benchmark UFLIA/boogie/StrictReadOnly_C2.X2.smt2: solved=False, runtime=1200.00s, PAR-2=2400.00s
[DEBUG] Processing 160/2279: UFLIA/sledgehammer/TypeSafe/smtlib.1411779.smt2
[DEBUG] Predicted solver: cvc5 for benchmark UFLIA/sledgehammer/TypeSafe/smtlib.1411779.smt2
[DEBUG] Benchmark UFLIA/sledgehammer/TypeSafe/smtlib.1411779.smt2: solved=True, runtime=3.59s, PAR-2=3.59s
[DEBUG] Processing 161/2279: UFLIA/boogie/Alloc_T..ctor.smt2
[DEBUG] Predicted solver: cvc5 for benchmark UFLIA/boogie/Alloc_T..ctor.smt2
[DEBUG] Benchmark UFLIA/boogie/Alloc_T..ctor.smt2: solved=True, runtime=0.35s, PAR-2=0.35s
[DEBUG] Processing 162/2279: UFLIA/tokeneer/enclave/enrolop-8.smt2
[DEBUG] Predicted solver: SMTInterpol for benchmark UFLIA/tokeneer/enclave/enrolop-8.smt2
[DEBUG] Benchmark UFLIA/tokeneer/enclave/enrolop-8.smt2: solved=True, runtime=1.33s, PAR-2=1.33s
[DEBUG] Processing 163/2279: UFLIA/boogie/Passification_bad0-noinfer.smt2
[DEBUG] Predicted solver: SMTInterpol for benchmark UFLIA/boogie/Passification_bad0-noinfer.smt2
[DEBUG] Benchmark UFLIA/boogie/Passification_bad0-noinfer.smt2: solved=True, runtime=1.16s, PAR-2=1.16s
[DEBUG] Processing 164/2279: UFLIA/sledgehammer/FFT/smtlib.1023044.smt2
[DEBUG] Predicted solver: cvc5 for benchmark UFLIA/sledgehammer/FFT/smtlib.1023044.smt2
[DEBUG] Benchmark UFLIA/sledgehammer/FFT/smtlib.1023044.smt2: solved=False, runtime=1200.00s, PAR-2=2400.00s
[DEBUG] Processing 165/2279: UFLIA/sledgehammer/QEpres/smtlib.580475.smt2
[DEBUG] Predicted solver: cvc5 for benchmark UFLIA/sledgehammer/QEpres/smtlib.580475.smt2
[DEBUG] Benchmark UFLIA/sledgehammer/QEpres/smtlib.580475.smt2: solved=False, runtime=1200.00s, PAR-2=2400.00s
[DEBUG] Processing 166/2279: UFLIA/boogie/Bag8_Bag.SpecSharp.CheckInvariant_System.Boolean.smt2
[DEBUG] Predicted solver: cvc5 for benchmark UFLIA/boogie/Bag8_Bag.SpecSharp.CheckInvariant_System.Boolean.smt2
[DEBUG] Benchmark UFLIA/boogie/Bag8_Bag.SpecSharp.CheckInvariant_System.Boolean.smt2: solved=True, runtime=0.30s, PAR-2=0.30s
[DEBUG] Processing 167/2279: UFLIA/sledgehammer/NS_Shared/smtlib.588564.smt2
[DEBUG] Predicted solver: cvc5 for benchmark UFLIA/sledgehammer/NS_Shared/smtlib.588564.smt2
[DEBUG] Benchmark UFLIA/sledgehammer/NS_Shared/smtlib.588564.smt2: solved=False, runtime=1200.00s, PAR-2=2400.00s
[DEBUG] Processing 168/2279: UFLIA/tokeneer/tokenreader/init-42.smt2
[DEBUG] Predicted solver: cvc5 for benchmark UFLIA/tokeneer/tokenreader/init-42.smt2
[DEBUG] Benchmark UFLIA/tokeneer/tokenreader/init-42.smt2: solved=True, runtime=0.26s, PAR-2=0.26s
[DEBUG] Processing 169/2279: UFLIA/sledgehammer/FFT/smtlib.682664.smt2
[DEBUG] Predicted solver: iProver for benchmark UFLIA/sledgehammer/FFT/smtlib.682664.smt2
[DEBUG] Benchmark UFLIA/sledgehammer/FFT/smtlib.682664.smt2: solved=False, runtime=1200.00s, PAR-2=2400.00s
[DEBUG] Processing 170/2279: UFLIA/boogie/Pack_Good2.Cell.GetX.smt2
[DEBUG] Predicted solver: cvc5 for benchmark UFLIA/boogie/Pack_Good2.Cell.GetX.smt2
[DEBUG] Benchmark UFLIA/boogie/Pack_Good2.Cell.GetX.smt2: solved=True, runtime=0.59s, PAR-2=0.59s
[DEBUG] Processing 171/2279: UFLIA/simplify2/front_end_suite/javafe.ast.NewArrayExpr.009.smt2
[DEBUG] Predicted solver: cvc5 for benchmark UFLIA/simplify2/front_end_suite/javafe.ast.NewArrayExpr.009.smt2
[DEBUG] Benchmark UFLIA/simplify2/front_end_suite/javafe.ast.NewArrayExpr.009.smt2: solved=True, runtime=17.35s, PAR-2=17.35s
[DEBUG] Processing 172/2279: UFLIA/simplify2/front_end_suite/javafe.tc.MethodDeclVec.011.smt2
[DEBUG] Predicted solver: cvc5 for benchmark UFLIA/simplify2/front_end_suite/javafe.tc.MethodDeclVec.011.smt2
[DEBUG] Benchmark UFLIA/simplify2/front_end_suite/javafe.tc.MethodDeclVec.011.smt2: solved=True, runtime=0.29s, PAR-2=0.29s
[DEBUG] Processing 173/2279: UFLIA/sledgehammer/Fundamental_Theorem_Algebra/smtlib.1419618.smt2
[DEBUG] Predicted solver: iProver for benchmark UFLIA/sledgehammer/Fundamental_Theorem_Algebra/smtlib.1419618.smt2
[DEBUG] Benchmark UFLIA/sledgehammer/Fundamental_Theorem_Algebra/smtlib.1419618.smt2: solved=True, runtime=169.60s, PAR-2=169.60s
[DEBUG] Processing 174/2279: UFLIA/sledgehammer/TwoSquares/smtlib.673391.smt2
[DEBUG] Predicted solver: cvc5 for benchmark UFLIA/sledgehammer/TwoSquares/smtlib.673391.smt2
[DEBUG] Benchmark UFLIA/sledgehammer/TwoSquares/smtlib.673391.smt2: solved=True, runtime=480.67s, PAR-2=480.67s
[DEBUG] Processing 175/2279: UFLIA/simplify/javafe.tc.TypeCheck.718.smt2
[DEBUG] Predicted solver: cvc5 for benchmark UFLIA/simplify/javafe.tc.TypeCheck.718.smt2
[DEBUG] Benchmark UFLIA/simplify/javafe.tc.TypeCheck.718.smt2: solved=True, runtime=0.88s, PAR-2=0.88s
[DEBUG] Processing 176/2279: UFLIA/boogie/AdditiveMethods_Sub.StartHere1_AdditiveMethods_notnull.smt2
[DEBUG] Predicted solver: cvc5 for benchmark UFLIA/boogie/AdditiveMethods_Sub.StartHere1_AdditiveMethods_notnull.smt2
[DEBUG] Benchmark UFLIA/boogie/AdditiveMethods_Sub.StartHere1_AdditiveMethods_notnull.smt2: solved=False, runtime=1200.00s, PAR-2=2400.00s
[DEBUG] Processing 177/2279: UFLIA/sledgehammer/Fundamental_Theorem_Algebra/smtlib.1344067.smt2
[DEBUG] Predicted solver: cvc5 for benchmark UFLIA/sledgehammer/Fundamental_Theorem_Algebra/smtlib.1344067.smt2
[DEBUG] Benchmark UFLIA/sledgehammer/Fundamental_Theorem_Algebra/smtlib.1344067.smt2: solved=True, runtime=0.48s, PAR-2=0.48s
[DEBUG] Processing 178/2279: UFLIA/boogie/Literals_Test..ctor.smt2
[DEBUG] Predicted solver: cvc5 for benchmark UFLIA/boogie/Literals_Test..ctor.smt2
[DEBUG] Benchmark UFLIA/boogie/Literals_Test..ctor.smt2: solved=True, runtime=0.33s, PAR-2=0.33s
[DEBUG] Processing 179/2279: UFLIA/sledgehammer/FFT/smtlib.967139.smt2
[DEBUG] Predicted solver: cvc5 for benchmark UFLIA/sledgehammer/FFT/smtlib.967139.smt2
[DEBUG] Benchmark UFLIA/sledgehammer/FFT/smtlib.967139.smt2: solved=False, runtime=1200.00s, PAR-2=2400.00s
[DEBUG] Processing 180/2279: UFLIA/boogie/VisibilityBasedInvariants_Thing.S.smt2
[DEBUG] Predicted solver: cvc5 for benchmark UFLIA/boogie/VisibilityBasedInvariants_Thing.S.smt2
[DEBUG] Benchmark UFLIA/boogie/VisibilityBasedInvariants_Thing.S.smt2: solved=False, runtime=1200.00s, PAR-2=2400.00s
[DEBUG] Processing 181/2279: UFLIA/boogie/BasicMethodology_SubClass.P.smt2
[DEBUG] Predicted solver: cvc5 for benchmark UFLIA/boogie/BasicMethodology_SubClass.P.smt2
[DEBUG] Benchmark UFLIA/boogie/BasicMethodology_SubClass.P.smt2: solved=True, runtime=0.96s, PAR-2=0.96s
[DEBUG] Processing 182/2279: UFLIA/boogie/AdvancedTypes_AdvancedTypes.Advanced4_P_notnull-orderStrength_1.smt2
[DEBUG] Predicted solver: cvc5 for benchmark UFLIA/boogie/AdvancedTypes_AdvancedTypes.Advanced4_P_notnull-orderStrength_1.smt2
[DEBUG] Benchmark UFLIA/boogie/AdvancedTypes_AdvancedTypes.Advanced4_P_notnull-orderStrength_1.smt2: solved=True, runtime=0.50s, PAR-2=0.50s
[DEBUG] Processing 183/2279: UFLIA/simplify2/front_end_suite/javafe.reader.StandardTypeReader.011.smt2
[DEBUG] Predicted solver: cvc5 for benchmark UFLIA/simplify2/front_end_suite/javafe.reader.StandardTypeReader.011.smt2
[DEBUG] Benchmark UFLIA/simplify2/front_end_suite/javafe.reader.StandardTypeReader.011.smt2: solved=True, runtime=0.34s, PAR-2=0.34s
[DEBUG] Processing 184/2279: UFLIA/sledgehammer/Hoare/smtlib.1028569.smt2
[DEBUG] Predicted solver: cvc5 for benchmark UFLIA/sledgehammer/Hoare/smtlib.1028569.smt2
[DEBUG] Benchmark UFLIA/sledgehammer/Hoare/smtlib.1028569.smt2: solved=False, runtime=1200.00s, PAR-2=2400.00s
[DEBUG] Processing 185/2279: UFLIA/simplify2/front_end_suite/javafe.parser.test.TestParse.007.smt2
[DEBUG] Predicted solver: cvc5 for benchmark UFLIA/simplify2/front_end_suite/javafe.parser.test.TestParse.007.smt2
[DEBUG] Benchmark UFLIA/simplify2/front_end_suite/javafe.parser.test.TestParse.007.smt2: solved=True, runtime=0.26s, PAR-2=0.26s
[DEBUG] Processing 186/2279: UFLIA/sledgehammer/Hoare/smtlib.1224776.smt2
[DEBUG] Predicted solver: iProver for benchmark UFLIA/sledgehammer/Hoare/smtlib.1224776.smt2
[DEBUG] Benchmark UFLIA/sledgehammer/Hoare/smtlib.1224776.smt2: solved=True, runtime=1.41s, PAR-2=1.41s
[DEBUG] Processing 187/2279: UFLIA/sledgehammer/Fundamental_Theorem_Algebra/smtlib.675453.smt2
[DEBUG] Predicted solver: cvc5 for benchmark UFLIA/sledgehammer/Fundamental_Theorem_Algebra/smtlib.675453.smt2
[DEBUG] Benchmark UFLIA/sledgehammer/Fundamental_Theorem_Algebra/smtlib.675453.smt2: solved=True, runtime=0.51s, PAR-2=0.51s
[DEBUG] Processing 188/2279: UFLIA/sledgehammer/Fundamental_Theorem_Algebra/smtlib.990273.smt2
[DEBUG] Predicted solver: cvc5 for benchmark UFLIA/sledgehammer/Fundamental_Theorem_Algebra/smtlib.990273.smt2
[DEBUG] Benchmark UFLIA/sledgehammer/Fundamental_Theorem_Algebra/smtlib.990273.smt2: solved=False, runtime=1200.00s, PAR-2=2400.00s
[DEBUG] Processing 189/2279: UFLIA/simplify/javafe.ast.PrettyPrint.285.smt2
[DEBUG] Predicted solver: cvc5 for benchmark UFLIA/simplify/javafe.ast.PrettyPrint.285.smt2
[DEBUG] Benchmark UFLIA/simplify/javafe.ast.PrettyPrint.285.smt2: solved=True, runtime=0.31s, PAR-2=0.31s
[DEBUG] Processing 190/2279: UFLIA/simplify2/front_end_suite/javafe.ast.ExprVec.002.smt2
[DEBUG] Predicted solver: cvc5 for benchmark UFLIA/simplify2/front_end_suite/javafe.ast.ExprVec.002.smt2
[DEBUG] Benchmark UFLIA/simplify2/front_end_suite/javafe.ast.ExprVec.002.smt2: solved=True, runtime=0.59s, PAR-2=0.59s
[DEBUG] Processing 191/2279: UFLIA/boogie/SimpleWhile3_SimpleWhile3..ctor-infer_i.smt2
[DEBUG] Predicted solver: cvc5 for benchmark UFLIA/boogie/SimpleWhile3_SimpleWhile3..ctor-infer_i.smt2
[DEBUG] Benchmark UFLIA/boogie/SimpleWhile3_SimpleWhile3..ctor-infer_i.smt2: solved=True, runtime=0.32s, PAR-2=0.32s
[DEBUG] Processing 192/2279: UFLIA/sledgehammer/StrongNorm/smtlib.576747.smt2
[DEBUG] Predicted solver: cvc5 for benchmark UFLIA/sledgehammer/StrongNorm/smtlib.576747.smt2
[DEBUG] Benchmark UFLIA/sledgehammer/StrongNorm/smtlib.576747.smt2: solved=False, runtime=1200.00s, PAR-2=2400.00s
[DEBUG] Processing 193/2279: UFLIA/sledgehammer/QEpres/smtlib.686960.smt2
[DEBUG] Predicted solver: cvc5 for benchmark UFLIA/sledgehammer/QEpres/smtlib.686960.smt2
[DEBUG] Benchmark UFLIA/sledgehammer/QEpres/smtlib.686960.smt2: solved=False, runtime=1200.00s, PAR-2=2400.00s
[DEBUG] Processing 194/2279: UFLIA/sledgehammer/TwoSquares/smtlib.691643.smt2
[DEBUG] Predicted solver: cvc5 for benchmark UFLIA/sledgehammer/TwoSquares/smtlib.691643.smt2
[DEBUG] Benchmark UFLIA/sledgehammer/TwoSquares/smtlib.691643.smt2: solved=True, runtime=0.78s, PAR-2=0.78s
[DEBUG] Processing 195/2279: UFLIA/simplify2/front_end_suite/javafe.ast.LexicalPragmaVec.002.smt2
[DEBUG] Predicted solver: cvc5 for benchmark UFLIA/simplify2/front_end_suite/javafe.ast.LexicalPragmaVec.002.smt2
[DEBUG] Benchmark UFLIA/simplify2/front_end_suite/javafe.ast.LexicalPragmaVec.002.smt2: solved=True, runtime=0.47s, PAR-2=0.47s
[DEBUG] Processing 196/2279: UFLIA/sledgehammer/Fundamental_Theorem_Algebra/smtlib.1514153.smt2
[DEBUG] Predicted solver: cvc5 for benchmark UFLIA/sledgehammer/Fundamental_Theorem_Algebra/smtlib.1514153.smt2
[DEBUG] Benchmark UFLIA/sledgehammer/Fundamental_Theorem_Algebra/smtlib.1514153.smt2: solved=False, runtime=1200.00s, PAR-2=2400.00s
[DEBUG] Processing 197/2279: UFLIA/boogie/Strings_test3.MyStrings..ctor.smt2
[DEBUG] Predicted solver: cvc5 for benchmark UFLIA/boogie/Strings_test3.MyStrings..ctor.smt2
[DEBUG] Benchmark UFLIA/boogie/Strings_test3.MyStrings..ctor.smt2: solved=True, runtime=0.66s, PAR-2=0.66s
[DEBUG] Processing 198/2279: UFLIA/tokeneer/enclave/startadminactivity-4.smt2
[DEBUG] Predicted solver: cvc5 for benchmark UFLIA/tokeneer/enclave/startadminactivity-4.smt2
[DEBUG] Benchmark UFLIA/tokeneer/enclave/startadminactivity-4.smt2: solved=False, runtime=1200.00s, PAR-2=2400.00s
[DEBUG] Processing 199/2279: UFLIA/grasshopper/uninstantiated/insertion_sort_postcondition_of_insertion_sort_63_1.smt2
[DEBUG] Predicted solver: cvc5 for benchmark UFLIA/grasshopper/uninstantiated/insertion_sort_postcondition_of_insertion_sort_63_1.smt2
[DEBUG] Benchmark UFLIA/grasshopper/uninstantiated/insertion_sort_postcondition_of_insertion_sort_63_1.smt2: solved=True, runtime=0.45s, PAR-2=0.45s
[DEBUG] Processing 200/2279: UFLIA/sledgehammer/Arrow_Order/smtlib.799719.smt2
[DEBUG] Predicted solver: cvc5 for benchmark UFLIA/sledgehammer/Arrow_Order/smtlib.799719.smt2
[DEBUG] Benchmark UFLIA/sledgehammer/Arrow_Order/smtlib.799719.smt2: solved=True, runtime=0.47s, PAR-2=0.47s
[DEBUG] Processing 201/2279: UFLIA/boogie/Branching_T..ctor.smt2
[DEBUG] Predicted solver: cvc5 for benchmark UFLIA/boogie/Branching_T..ctor.smt2
[DEBUG] Benchmark UFLIA/boogie/Branching_T..ctor.smt2: solved=True, runtime=0.31s, PAR-2=0.31s
[DEBUG] Processing 202/2279: UFLIA/sledgehammer/Fundamental_Theorem_Algebra/smtlib.660764.smt2
[DEBUG] Predicted solver: cvc5 for benchmark UFLIA/sledgehammer/Fundamental_Theorem_Algebra/smtlib.660764.smt2
[DEBUG] Benchmark UFLIA/sledgehammer/Fundamental_Theorem_Algebra/smtlib.660764.smt2: solved=False, runtime=1200.00s, PAR-2=2400.00s
[DEBUG] Processing 203/2279: UFLIA/simplify2/front_end_suite/javafe.util.BufferedCorrelatedReader.009.smt2
[DEBUG] Predicted solver: cvc5 for benchmark UFLIA/simplify2/front_end_suite/javafe.util.BufferedCorrelatedReader.009.smt2
[DEBUG] Benchmark UFLIA/simplify2/front_end_suite/javafe.util.BufferedCorrelatedReader.009.smt2: solved=True, runtime=0.32s, PAR-2=0.32s
[DEBUG] Processing 204/2279: UFLIA/simplify2/front_end_suite/javafe.ast.SwitchStmt.001.smt2
[DEBUG] Predicted solver: cvc5 for benchmark UFLIA/simplify2/front_end_suite/javafe.ast.SwitchStmt.001.smt2
[DEBUG] Benchmark UFLIA/simplify2/front_end_suite/javafe.ast.SwitchStmt.001.smt2: solved=True, runtime=0.45s, PAR-2=0.45s
[DEBUG] Processing 205/2279: UFLIA/sledgehammer/TwoSquares/smtlib.735097.smt2
[DEBUG] Predicted solver: cvc5 for benchmark UFLIA/sledgehammer/TwoSquares/smtlib.735097.smt2
[DEBUG] Benchmark UFLIA/sledgehammer/TwoSquares/smtlib.735097.smt2: solved=False, runtime=1200.00s, PAR-2=2400.00s
[DEBUG] Processing 206/2279: UFLIA/sledgehammer/Fundamental_Theorem_Algebra/smtlib.1381580.smt2
[DEBUG] Predicted solver: cvc5 for benchmark UFLIA/sledgehammer/Fundamental_Theorem_Algebra/smtlib.1381580.smt2
[DEBUG] Benchmark UFLIA/sledgehammer/Fundamental_Theorem_Algebra/smtlib.1381580.smt2: solved=False, runtime=1200.00s, PAR-2=2400.00s
[DEBUG] Processing 207/2279: UFLIA/sledgehammer/Arrow_Order/smtlib.841609.smt2
[DEBUG] Predicted solver: cvc5 for benchmark UFLIA/sledgehammer/Arrow_Order/smtlib.841609.smt2
[DEBUG] Benchmark UFLIA/sledgehammer/Arrow_Order/smtlib.841609.smt2: solved=True, runtime=0.41s, PAR-2=0.41s
[DEBUG] Processing 208/2279: UFLIA/simplify2/front_end_suite/javafe.filespace.ClassPath.005.smt2
[DEBUG] Predicted solver: cvc5 for benchmark UFLIA/simplify2/front_end_suite/javafe.filespace.ClassPath.005.smt2
[DEBUG] Benchmark UFLIA/simplify2/front_end_suite/javafe.filespace.ClassPath.005.smt2: solved=True, runtime=0.30s, PAR-2=0.30s
[DEBUG] Processing 209/2279: UFLIA/sledgehammer/NS_Shared/smtlib.796177.smt2
[DEBUG] Predicted solver: cvc5 for benchmark UFLIA/sledgehammer/NS_Shared/smtlib.796177.smt2
[DEBUG] Benchmark UFLIA/sledgehammer/NS_Shared/smtlib.796177.smt2: solved=False, runtime=1200.00s, PAR-2=2400.00s
[DEBUG] Processing 210/2279: UFLIA/simplify2/front_end_suite/tohtml.Java2Html.004.smt2
[DEBUG] Predicted solver: cvc5 for benchmark UFLIA/simplify2/front_end_suite/tohtml.Java2Html.004.smt2
[DEBUG] Benchmark UFLIA/simplify2/front_end_suite/tohtml.Java2Html.004.smt2: solved=True, runtime=0.47s, PAR-2=0.47s
[DEBUG] Processing 211/2279: UFLIA/sledgehammer/TwoSquares/smtlib.656491.smt2
[DEBUG] Predicted solver: cvc5 for benchmark UFLIA/sledgehammer/TwoSquares/smtlib.656491.smt2
[DEBUG] Benchmark UFLIA/sledgehammer/TwoSquares/smtlib.656491.smt2: solved=False, runtime=1200.00s, PAR-2=2400.00s
[DEBUG] Processing 212/2279: UFLIA/simplify2/front_end_suite/javafe.ast.ExprObjectDesignator.010.smt2
[DEBUG] Predicted solver: cvc5 for benchmark UFLIA/simplify2/front_end_suite/javafe.ast.ExprObjectDesignator.010.smt2
[DEBUG] Benchmark UFLIA/simplify2/front_end_suite/javafe.ast.ExprObjectDesignator.010.smt2: solved=True, runtime=0.57s, PAR-2=0.57s
[DEBUG] Processing 213/2279: UFLIA/sledgehammer/Fundamental_Theorem_Algebra/smtlib.1341689.smt2
[DEBUG] Predicted solver: cvc5 for benchmark UFLIA/sledgehammer/Fundamental_Theorem_Algebra/smtlib.1341689.smt2
[DEBUG] Benchmark UFLIA/sledgehammer/Fundamental_Theorem_Algebra/smtlib.1341689.smt2: solved=False, runtime=1200.00s, PAR-2=2400.00s
[DEBUG] Processing 214/2279: UFLIA/tokeneer/userentry/progress-12.smt2
[DEBUG] Predicted solver: cvc5 for benchmark UFLIA/tokeneer/userentry/progress-12.smt2
[DEBUG] Benchmark UFLIA/tokeneer/userentry/progress-12.smt2: solved=False, runtime=1200.00s, PAR-2=2400.00s
[DEBUG] Processing 215/2279: UFLIA/sledgehammer/TwoSquares/smtlib.730078.smt2
[DEBUG] Predicted solver: cvc5 for benchmark UFLIA/sledgehammer/TwoSquares/smtlib.730078.smt2
[DEBUG] Benchmark UFLIA/sledgehammer/TwoSquares/smtlib.730078.smt2: solved=False, runtime=1200.00s, PAR-2=2400.00s
[DEBUG] Processing 216/2279: UFLIA/tokeneer/auditlog/init-23.smt2
[DEBUG] Predicted solver: cvc5 for benchmark UFLIA/tokeneer/auditlog/init-23.smt2
[DEBUG] Benchmark UFLIA/tokeneer/auditlog/init-23.smt2: solved=True, runtime=0.24s, PAR-2=0.24s
[DEBUG] Processing 217/2279: UFLIA/sledgehammer/TwoSquares/smtlib.709491.smt2
[DEBUG] Predicted solver: cvc5 for benchmark UFLIA/sledgehammer/TwoSquares/smtlib.709491.smt2
[DEBUG] Benchmark UFLIA/sledgehammer/TwoSquares/smtlib.709491.smt2: solved=False, runtime=1200.00s, PAR-2=2400.00s
[DEBUG] Processing 218/2279: UFLIA/tokeneer/auditlog/init-6.smt2
[DEBUG] Predicted solver: cvc5 for benchmark UFLIA/tokeneer/auditlog/init-6.smt2
[DEBUG] Benchmark UFLIA/tokeneer/auditlog/init-6.smt2: solved=True, runtime=0.24s, PAR-2=0.24s
[DEBUG] Processing 219/2279: UFLIA/sledgehammer/Hoare/smtlib.1035171.smt2
[DEBUG] Predicted solver: SMTInterpol for benchmark UFLIA/sledgehammer/Hoare/smtlib.1035171.smt2
[DEBUG] Benchmark UFLIA/sledgehammer/Hoare/smtlib.1035171.smt2: solved=True, runtime=0.57s, PAR-2=0.57s
[DEBUG] Processing 220/2279: UFLIA/sledgehammer/Arrow_Order/smtlib.808307.smt2
[DEBUG] Predicted solver: cvc5 for benchmark UFLIA/sledgehammer/Arrow_Order/smtlib.808307.smt2
[DEBUG] Benchmark UFLIA/sledgehammer/Arrow_Order/smtlib.808307.smt2: solved=False, runtime=1200.00s, PAR-2=2400.00s
[DEBUG] Processing 221/2279: UFLIA/sledgehammer/TwoSquares/smtlib.735609.smt2
[DEBUG] Predicted solver: cvc5 for benchmark UFLIA/sledgehammer/TwoSquares/smtlib.735609.smt2
[DEBUG] Benchmark UFLIA/sledgehammer/TwoSquares/smtlib.735609.smt2: solved=False, runtime=1200.00s, PAR-2=2400.00s
[DEBUG] Processing 222/2279: UFLIA/sledgehammer/Fundamental_Theorem_Algebra/smtlib.1478745.smt2
[DEBUG] Predicted solver: cvc5 for benchmark UFLIA/sledgehammer/Fundamental_Theorem_Algebra/smtlib.1478745.smt2
[DEBUG] Benchmark UFLIA/sledgehammer/Fundamental_Theorem_Algebra/smtlib.1478745.smt2: solved=False, runtime=1200.00s, PAR-2=2400.00s
[DEBUG] Processing 223/2279: UFLIA/simplify2/front_end_suite/javafe.ast.VarInitVec.007.smt2
[DEBUG] Predicted solver: cvc5 for benchmark UFLIA/simplify2/front_end_suite/javafe.ast.VarInitVec.007.smt2
[DEBUG] Benchmark UFLIA/simplify2/front_end_suite/javafe.ast.VarInitVec.007.smt2: solved=True, runtime=0.47s, PAR-2=0.47s
[DEBUG] Processing 224/2279: UFLIA/simplify2/front_end_suite/javafe.ast.StmtVec.018.smt2
[DEBUG] Predicted solver: cvc5 for benchmark UFLIA/simplify2/front_end_suite/javafe.ast.StmtVec.018.smt2
[DEBUG] Benchmark UFLIA/simplify2/front_end_suite/javafe.ast.StmtVec.018.smt2: solved=True, runtime=0.37s, PAR-2=0.37s
[DEBUG] Processing 225/2279: UFLIA/sledgehammer/Fundamental_Theorem_Algebra/smtlib.678864.smt2
[DEBUG] Predicted solver: SMTInterpol for benchmark UFLIA/sledgehammer/Fundamental_Theorem_Algebra/smtlib.678864.smt2
[DEBUG] Benchmark UFLIA/sledgehammer/Fundamental_Theorem_Algebra/smtlib.678864.smt2: solved=True, runtime=1.23s, PAR-2=1.23s
[DEBUG] Processing 226/2279: UFLIA/sledgehammer/Fundamental_Theorem_Algebra/smtlib.1343429.smt2
[DEBUG] Predicted solver: cvc5 for benchmark UFLIA/sledgehammer/Fundamental_Theorem_Algebra/smtlib.1343429.smt2
[DEBUG] Benchmark UFLIA/sledgehammer/Fundamental_Theorem_Algebra/smtlib.1343429.smt2: solved=True, runtime=1.99s, PAR-2=1.99s
[DEBUG] Processing 227/2279: UFLIA/boogie/Cast_Cast.N1_System.String.smt2
[DEBUG] Predicted solver: cvc5 for benchmark UFLIA/boogie/Cast_Cast.N1_System.String.smt2
[DEBUG] Benchmark UFLIA/boogie/Cast_Cast.N1_System.String.smt2: solved=False, runtime=1200.00s, PAR-2=2400.00s
[DEBUG] Processing 228/2279: UFLIA/simplify2/front_end_suite/javafe.ast.DoStmt.003.smt2
[DEBUG] Predicted solver: cvc5 for benchmark UFLIA/simplify2/front_end_suite/javafe.ast.DoStmt.003.smt2
[DEBUG] Benchmark UFLIA/simplify2/front_end_suite/javafe.ast.DoStmt.003.smt2: solved=True, runtime=6.44s, PAR-2=6.44s
[DEBUG] Processing 229/2279: UFLIA/simplify2/front_end_suite/javafe.ast.StandardPrettyPrint.004.smt2
[DEBUG] Predicted solver: cvc5 for benchmark UFLIA/simplify2/front_end_suite/javafe.ast.StandardPrettyPrint.004.smt2
[DEBUG] Benchmark UFLIA/simplify2/front_end_suite/javafe.ast.StandardPrettyPrint.004.smt2: solved=True, runtime=3.22s, PAR-2=3.22s
[DEBUG] Processing 230/2279: UFLIA/sledgehammer/TypeSafe/smtlib.850673.smt2
[DEBUG] Predicted solver: cvc5 for benchmark UFLIA/sledgehammer/TypeSafe/smtlib.850673.smt2
[DEBUG] Benchmark UFLIA/sledgehammer/TypeSafe/smtlib.850673.smt2: solved=False, runtime=1200.00s, PAR-2=2400.00s
[DEBUG] Processing 231/2279: UFLIA/boogie/SimpleAssignments2_SimpleAssignments2..ctor-infer_i.smt2
[DEBUG] Predicted solver: cvc5 for benchmark UFLIA/boogie/SimpleAssignments2_SimpleAssignments2..ctor-infer_i.smt2
[DEBUG] Benchmark UFLIA/boogie/SimpleAssignments2_SimpleAssignments2..ctor-infer_i.smt2: solved=True, runtime=0.33s, PAR-2=0.33s
[DEBUG] Processing 232/2279: UFLIA/grasshopper/uninstantiated/delete_loop_invariant_46_5.smt2
[DEBUG] Predicted solver: cvc5 for benchmark UFLIA/grasshopper/uninstantiated/delete_loop_invariant_46_5.smt2
[DEBUG] Benchmark UFLIA/grasshopper/uninstantiated/delete_loop_invariant_46_5.smt2: solved=True, runtime=42.44s, PAR-2=42.44s
[DEBUG] Processing 233/2279: UFLIA/tokeneer/enclave/progressadminactivity-9.smt2
[DEBUG] Predicted solver: cvc5 for benchmark UFLIA/tokeneer/enclave/progressadminactivity-9.smt2
[DEBUG] Benchmark UFLIA/tokeneer/enclave/progressadminactivity-9.smt2: solved=False, runtime=1200.00s, PAR-2=2400.00s
[DEBUG] Processing 234/2279: UFLIA/simplify/javafe.parser.Lex.542.smt2
[DEBUG] Predicted solver: cvc5 for benchmark UFLIA/simplify/javafe.parser.Lex.542.smt2
[DEBUG] Benchmark UFLIA/simplify/javafe.parser.Lex.542.smt2: solved=True, runtime=0.71s, PAR-2=0.71s
[DEBUG] Processing 235/2279: UFLIA/sledgehammer/Arrow_Order/smtlib.714399.smt2
[DEBUG] Predicted solver: cvc5 for benchmark UFLIA/sledgehammer/Arrow_Order/smtlib.714399.smt2
[DEBUG] Benchmark UFLIA/sledgehammer/Arrow_Order/smtlib.714399.smt2: solved=True, runtime=0.40s, PAR-2=0.40s
[DEBUG] Processing 236/2279: UFLIA/sledgehammer/Fundamental_Theorem_Algebra/smtlib.593035.smt2
[DEBUG] Predicted solver: cvc5 for benchmark UFLIA/sledgehammer/Fundamental_Theorem_Algebra/smtlib.593035.smt2
[DEBUG] Benchmark UFLIA/sledgehammer/Fundamental_Theorem_Algebra/smtlib.593035.smt2: solved=False, runtime=1200.00s, PAR-2=2400.00s
[DEBUG] Processing 237/2279: UFLIA/sledgehammer/Fundamental_Theorem_Algebra/smtlib.632986.smt2
[DEBUG] Predicted solver: cvc5 for benchmark UFLIA/sledgehammer/Fundamental_Theorem_Algebra/smtlib.632986.smt2
[DEBUG] Benchmark UFLIA/sledgehammer/Fundamental_Theorem_Algebra/smtlib.632986.smt2: solved=True, runtime=0.39s, PAR-2=0.39s
[DEBUG] Processing 238/2279: UFLIA/sledgehammer/Hoare/smtlib.1049066.smt2
[DEBUG] Predicted solver: cvc5 for benchmark UFLIA/sledgehammer/Hoare/smtlib.1049066.smt2
[DEBUG] Benchmark UFLIA/sledgehammer/Hoare/smtlib.1049066.smt2: solved=False, runtime=1200.00s, PAR-2=2400.00s
[DEBUG] Processing 239/2279: UFLIA/tokeneer/auditlog/clearlogentries-9.smt2
[DEBUG] Predicted solver: cvc5 for benchmark UFLIA/tokeneer/auditlog/clearlogentries-9.smt2
[DEBUG] Benchmark UFLIA/tokeneer/auditlog/clearlogentries-9.smt2: solved=False, runtime=1200.00s, PAR-2=2400.00s
[DEBUG] Processing 240/2279: UFLIA/simplify2/front_end_suite/javafe.ast.StmtVec.016.smt2
[DEBUG] Predicted solver: cvc5 for benchmark UFLIA/simplify2/front_end_suite/javafe.ast.StmtVec.016.smt2
[DEBUG] Benchmark UFLIA/simplify2/front_end_suite/javafe.ast.StmtVec.016.smt2: solved=True, runtime=0.38s, PAR-2=0.38s
[DEBUG] Processing 241/2279: UFLIA/sledgehammer/Fundamental_Theorem_Algebra/smtlib.1514632.smt2
[DEBUG] Predicted solver: cvc5 for benchmark UFLIA/sledgehammer/Fundamental_Theorem_Algebra/smtlib.1514632.smt2
[DEBUG] Benchmark UFLIA/sledgehammer/Fundamental_Theorem_Algebra/smtlib.1514632.smt2: solved=False, runtime=1200.00s, PAR-2=2400.00s
[DEBUG] Processing 242/2279: UFLIA/boogie/Capture_Capture.Caller1_System.Object_notnull.smt2
[DEBUG] Predicted solver: cvc5 for benchmark UFLIA/boogie/Capture_Capture.Caller1_System.Object_notnull.smt2
[DEBUG] Benchmark UFLIA/boogie/Capture_Capture.Caller1_System.Object_notnull.smt2: solved=False, runtime=1200.00s, PAR-2=2400.00s
[DEBUG] Processing 243/2279: UFLIA/sledgehammer/NS_Shared/smtlib.801500.smt2
[DEBUG] Predicted solver: iProver for benchmark UFLIA/sledgehammer/NS_Shared/smtlib.801500.smt2
[DEBUG] Benchmark UFLIA/sledgehammer/NS_Shared/smtlib.801500.smt2: solved=False, runtime=1200.00s, PAR-2=2400.00s
[DEBUG] Processing 244/2279: UFLIA/sledgehammer/Fundamental_Theorem_Algebra/smtlib.1085066.smt2
[DEBUG] Predicted solver: cvc5 for benchmark UFLIA/sledgehammer/Fundamental_Theorem_Algebra/smtlib.1085066.smt2
[DEBUG] Benchmark UFLIA/sledgehammer/Fundamental_Theorem_Algebra/smtlib.1085066.smt2: solved=True, runtime=0.30s, PAR-2=0.30s
[DEBUG] Processing 245/2279: UFLIA/boogie/Spouse_Person.A0_System.Object_notnull.smt2
[DEBUG] Predicted solver: cvc5 for benchmark UFLIA/boogie/Spouse_Person.A0_System.Object_notnull.smt2
[DEBUG] Benchmark UFLIA/boogie/Spouse_Person.A0_System.Object_notnull.smt2: solved=False, runtime=1200.00s, PAR-2=2400.00s
[DEBUG] Processing 246/2279: UFLIA/sledgehammer/Fundamental_Theorem_Algebra/smtlib.568276.smt2
[DEBUG] Predicted solver: cvc5 for benchmark UFLIA/sledgehammer/Fundamental_Theorem_Algebra/smtlib.568276.smt2
[DEBUG] Benchmark UFLIA/sledgehammer/Fundamental_Theorem_Algebra/smtlib.568276.smt2: solved=False, runtime=1200.00s, PAR-2=2400.00s
[DEBUG] Processing 247/2279: UFLIA/sledgehammer/Arrow_Order/smtlib.843964.smt2
[DEBUG] Predicted solver: cvc5 for benchmark UFLIA/sledgehammer/Arrow_Order/smtlib.843964.smt2
[DEBUG] Benchmark UFLIA/sledgehammer/Arrow_Order/smtlib.843964.smt2: solved=True, runtime=0.72s, PAR-2=0.72s
[DEBUG] Processing 248/2279: UFLIA/sledgehammer/FFT/smtlib.668050.smt2
[DEBUG] Predicted solver: iProver for benchmark UFLIA/sledgehammer/FFT/smtlib.668050.smt2
[DEBUG] Benchmark UFLIA/sledgehammer/FFT/smtlib.668050.smt2: solved=False, runtime=1200.00s, PAR-2=2400.00s
[DEBUG] Processing 249/2279: UFLIA/sledgehammer/QEpres/smtlib.1078155.smt2
[DEBUG] Predicted solver: cvc5 for benchmark UFLIA/sledgehammer/QEpres/smtlib.1078155.smt2
[DEBUG] Benchmark UFLIA/sledgehammer/QEpres/smtlib.1078155.smt2: solved=False, runtime=1200.00s, PAR-2=2400.00s
[DEBUG] Processing 250/2279: UFLIA/simplify2/front_end_suite/javafe.ast.LexicalPragmaVec.018.smt2
[DEBUG] Predicted solver: cvc5 for benchmark UFLIA/simplify2/front_end_suite/javafe.ast.LexicalPragmaVec.018.smt2
[DEBUG] Benchmark UFLIA/simplify2/front_end_suite/javafe.ast.LexicalPragmaVec.018.smt2: solved=True, runtime=0.42s, PAR-2=0.42s
[DEBUG] Processing 251/2279: UFLIA/sledgehammer/TwoSquares/smtlib.719366.smt2
[DEBUG] Predicted solver: cvc5 for benchmark UFLIA/sledgehammer/TwoSquares/smtlib.719366.smt2
[DEBUG] Benchmark UFLIA/sledgehammer/TwoSquares/smtlib.719366.smt2: solved=False, runtime=1200.00s, PAR-2=2400.00s
[DEBUG] Processing 252/2279: UFLIA/sledgehammer/FFT/smtlib.842597.smt2
[DEBUG] Predicted solver: cvc5 for benchmark UFLIA/sledgehammer/FFT/smtlib.842597.smt2
[DEBUG] Benchmark UFLIA/sledgehammer/FFT/smtlib.842597.smt2: solved=False, runtime=1200.00s, PAR-2=2400.00s
[DEBUG] Processing 253/2279: UFLIA/sledgehammer/FFT/smtlib.963878.smt2
[DEBUG] Predicted solver: cvc5 for benchmark UFLIA/sledgehammer/FFT/smtlib.963878.smt2
[DEBUG] Benchmark UFLIA/sledgehammer/FFT/smtlib.963878.smt2: solved=False, runtime=1200.00s, PAR-2=2400.00s
[DEBUG] Processing 254/2279: UFLIA/boogie/Finally_ReturnFinally..ctor-modifiesOnLoop.smt2
[DEBUG] Predicted solver: cvc5 for benchmark UFLIA/boogie/Finally_ReturnFinally..ctor-modifiesOnLoop.smt2
[DEBUG] Benchmark UFLIA/boogie/Finally_ReturnFinally..ctor-modifiesOnLoop.smt2: solved=True, runtime=0.36s, PAR-2=0.36s
[DEBUG] Processing 255/2279: UFLIA/sledgehammer/Fundamental_Theorem_Algebra/smtlib.591351.smt2
[DEBUG] Predicted solver: cvc5 for benchmark UFLIA/sledgehammer/Fundamental_Theorem_Algebra/smtlib.591351.smt2
[DEBUG] Benchmark UFLIA/sledgehammer/Fundamental_Theorem_Algebra/smtlib.591351.smt2: solved=False, runtime=1200.00s, PAR-2=2400.00s
[DEBUG] Processing 256/2279: UFLIA/sledgehammer/Fundamental_Theorem_Algebra/smtlib.936123.smt2
[DEBUG] Predicted solver: cvc5 for benchmark UFLIA/sledgehammer/Fundamental_Theorem_Algebra/smtlib.936123.smt2
[DEBUG] Benchmark UFLIA/sledgehammer/Fundamental_Theorem_Algebra/smtlib.936123.smt2: solved=True, runtime=30.27s, PAR-2=30.27s
[DEBUG] Processing 257/2279: UFLIA/simplify/javafe.ast.ReturnStmt.295.smt2
[DEBUG] Predicted solver: cvc5 for benchmark UFLIA/simplify/javafe.ast.ReturnStmt.295.smt2
[DEBUG] Benchmark UFLIA/simplify/javafe.ast.ReturnStmt.295.smt2: solved=True, runtime=0.64s, PAR-2=0.64s
[DEBUG] Processing 258/2279: UFLIA/grasshopper/uninstantiated/filter_loop_invariant_48_3.smt2
[DEBUG] Predicted solver: cvc5 for benchmark UFLIA/grasshopper/uninstantiated/filter_loop_invariant_48_3.smt2
[DEBUG] Benchmark UFLIA/grasshopper/uninstantiated/filter_loop_invariant_48_3.smt2: solved=True, runtime=21.94s, PAR-2=21.94s
[DEBUG] Processing 259/2279: UFLIA/sledgehammer/Fundamental_Theorem_Algebra/smtlib.867420.smt2
[DEBUG] Predicted solver: iProver for benchmark UFLIA/sledgehammer/Fundamental_Theorem_Algebra/smtlib.867420.smt2
[DEBUG] Benchmark UFLIA/sledgehammer/Fundamental_Theorem_Algebra/smtlib.867420.smt2: solved=False, runtime=1200.00s, PAR-2=2400.00s
[DEBUG] Processing 260/2279: UFLIA/simplify/javafe.tc.TypeSigVec.738.smt2
[DEBUG] Predicted solver: cvc5 for benchmark UFLIA/simplify/javafe.tc.TypeSigVec.738.smt2
[DEBUG] Benchmark UFLIA/simplify/javafe.tc.TypeSigVec.738.smt2: solved=True, runtime=104.73s, PAR-2=104.73s
[DEBUG] Processing 261/2279: UFLIA/simplify2/front_end_suite/javafe.ast.StmtVec.001.smt2
[DEBUG] Predicted solver: cvc5 for benchmark UFLIA/simplify2/front_end_suite/javafe.ast.StmtVec.001.smt2
[DEBUG] Benchmark UFLIA/simplify2/front_end_suite/javafe.ast.StmtVec.001.smt2: solved=True, runtime=0.99s, PAR-2=0.99s
[DEBUG] Processing 262/2279: UFLIA/simplify/javafe.tc.PrepTypeDeclaration.708.smt2
[DEBUG] Predicted solver: cvc5 for benchmark UFLIA/simplify/javafe.tc.PrepTypeDeclaration.708.smt2
[DEBUG] Benchmark UFLIA/simplify/javafe.tc.PrepTypeDeclaration.708.smt2: solved=True, runtime=0.34s, PAR-2=0.34s
[DEBUG] Processing 263/2279: UFLIA/sledgehammer/FFT/smtlib.669415.smt2
[DEBUG] Predicted solver: cvc5 for benchmark UFLIA/sledgehammer/FFT/smtlib.669415.smt2
[DEBUG] Benchmark UFLIA/sledgehammer/FFT/smtlib.669415.smt2: solved=False, runtime=1200.00s, PAR-2=2400.00s
[DEBUG] Processing 264/2279: UFLIA/sledgehammer/Arrow_Order/smtlib.645422.smt2
[DEBUG] Predicted solver: cvc5 for benchmark UFLIA/sledgehammer/Arrow_Order/smtlib.645422.smt2
[DEBUG] Benchmark UFLIA/sledgehammer/Arrow_Order/smtlib.645422.smt2: solved=True, runtime=0.39s, PAR-2=0.39s
[DEBUG] Processing 265/2279: UFLIA/boogie/BasicMethodology_SubClass..ctor.smt2
[DEBUG] Predicted solver: cvc5 for benchmark UFLIA/boogie/BasicMethodology_SubClass..ctor.smt2
[DEBUG] Benchmark UFLIA/boogie/BasicMethodology_SubClass..ctor.smt2: solved=True, runtime=15.27s, PAR-2=15.27s
[DEBUG] Processing 266/2279: UFLIA/sledgehammer/Arrow_Order/smtlib.858575.smt2
[DEBUG] Predicted solver: cvc5 for benchmark UFLIA/sledgehammer/Arrow_Order/smtlib.858575.smt2
[DEBUG] Benchmark UFLIA/sledgehammer/Arrow_Order/smtlib.858575.smt2: solved=True, runtime=18.09s, PAR-2=18.09s
[DEBUG] Processing 267/2279: UFLIA/grasshopper/uninstantiated/union_check_heap_access_35_8.smt2
[DEBUG] Predicted solver: cvc5 for benchmark UFLIA/grasshopper/uninstantiated/union_check_heap_access_35_8.smt2
[DEBUG] Benchmark UFLIA/grasshopper/uninstantiated/union_check_heap_access_35_8.smt2: solved=True, runtime=0.37s, PAR-2=0.37s
[DEBUG] Processing 268/2279: UFLIA/simplify/javafe.tc.TypeSigVec.741.smt2
[DEBUG] Predicted solver: cvc5 for benchmark UFLIA/simplify/javafe.tc.TypeSigVec.741.smt2
[DEBUG] Benchmark UFLIA/simplify/javafe.tc.TypeSigVec.741.smt2: solved=True, runtime=0.28s, PAR-2=0.28s
[DEBUG] Processing 269/2279: UFLIA/simplify/javafe.reader.SrcReader.614.smt2
[DEBUG] Predicted solver: cvc5 for benchmark UFLIA/simplify/javafe.reader.SrcReader.614.smt2
[DEBUG] Benchmark UFLIA/simplify/javafe.reader.SrcReader.614.smt2: solved=True, runtime=0.47s, PAR-2=0.47s
[DEBUG] Processing 270/2279: UFLIA/sledgehammer/Fundamental_Theorem_Algebra/smtlib.1057395.smt2
[DEBUG] Predicted solver: cvc5 for benchmark UFLIA/sledgehammer/Fundamental_Theorem_Algebra/smtlib.1057395.smt2
[DEBUG] Benchmark UFLIA/sledgehammer/Fundamental_Theorem_Algebra/smtlib.1057395.smt2: solved=True, runtime=0.41s, PAR-2=0.41s
[DEBUG] Processing 271/2279: UFLIA/sledgehammer/Hoare/smtlib.783887.smt2
[DEBUG] Predicted solver: cvc5 for benchmark UFLIA/sledgehammer/Hoare/smtlib.783887.smt2
[DEBUG] Benchmark UFLIA/sledgehammer/Hoare/smtlib.783887.smt2: solved=False, runtime=1200.00s, PAR-2=2400.00s
[DEBUG] Processing 272/2279: UFLIA/sledgehammer/TypeSafe/smtlib.780949.smt2
[DEBUG] Predicted solver: cvc5 for benchmark UFLIA/sledgehammer/TypeSafe/smtlib.780949.smt2
[DEBUG] Benchmark UFLIA/sledgehammer/TypeSafe/smtlib.780949.smt2: solved=False, runtime=1200.00s, PAR-2=2400.00s
[DEBUG] Processing 273/2279: UFLIA/sledgehammer/Fundamental_Theorem_Algebra/smtlib.871101.smt2
[DEBUG] Predicted solver: cvc5 for benchmark UFLIA/sledgehammer/Fundamental_Theorem_Algebra/smtlib.871101.smt2
[DEBUG] Benchmark UFLIA/sledgehammer/Fundamental_Theorem_Algebra/smtlib.871101.smt2: solved=True, runtime=1.23s, PAR-2=1.23s
[DEBUG] Processing 274/2279: UFLIA/simplify2/front_end_suite/javafe.tc.OutsideEnv.012.smt2
[DEBUG] Predicted solver: cvc5 for benchmark UFLIA/simplify2/front_end_suite/javafe.tc.OutsideEnv.012.smt2
[DEBUG] Benchmark UFLIA/simplify2/front_end_suite/javafe.tc.OutsideEnv.012.smt2: solved=True, runtime=0.34s, PAR-2=0.34s
[DEBUG] Processing 275/2279: UFLIA/sledgehammer/TypeSafe/smtlib.1160950.smt2
[DEBUG] Predicted solver: cvc5 for benchmark UFLIA/sledgehammer/TypeSafe/smtlib.1160950.smt2
[DEBUG] Benchmark UFLIA/sledgehammer/TypeSafe/smtlib.1160950.smt2: solved=False, runtime=1200.00s, PAR-2=2400.00s
[DEBUG] Processing 276/2279: UFLIA/sledgehammer/FFT/smtlib.978320.smt2
[DEBUG] Predicted solver: cvc5 for benchmark UFLIA/sledgehammer/FFT/smtlib.978320.smt2
[DEBUG] Benchmark UFLIA/sledgehammer/FFT/smtlib.978320.smt2: solved=False, runtime=1200.00s, PAR-2=2400.00s
[DEBUG] Processing 277/2279: UFLIA/boogie/loopinv1_LoopInv1..ctor-infer_eh.smt2
[DEBUG] Predicted solver: cvc5 for benchmark UFLIA/boogie/loopinv1_LoopInv1..ctor-infer_eh.smt2
[DEBUG] Benchmark UFLIA/boogie/loopinv1_LoopInv1..ctor-infer_eh.smt2: solved=True, runtime=0.34s, PAR-2=0.34s
[DEBUG] Processing 278/2279: UFLIA/tokeneer/cert/isok-1.smt2
[DEBUG] Predicted solver: SMTInterpol for benchmark UFLIA/tokeneer/cert/isok-1.smt2
[DEBUG] Benchmark UFLIA/tokeneer/cert/isok-1.smt2: solved=False, runtime=1200.00s, PAR-2=2400.00s
[DEBUG] Processing 279/2279: UFLIA/simplify2/front_end_suite/javafe.ast.LexicalPragmaVec.005.smt2
[DEBUG] Predicted solver: cvc5 for benchmark UFLIA/simplify2/front_end_suite/javafe.ast.LexicalPragmaVec.005.smt2
[DEBUG] Benchmark UFLIA/simplify2/front_end_suite/javafe.ast.LexicalPragmaVec.005.smt2: solved=True, runtime=0.38s, PAR-2=0.38s
[DEBUG] Processing 280/2279: UFLIA/sledgehammer/FFT/smtlib.935313.smt2
[DEBUG] Predicted solver: SMTInterpol for benchmark UFLIA/sledgehammer/FFT/smtlib.935313.smt2
[DEBUG] Benchmark UFLIA/sledgehammer/FFT/smtlib.935313.smt2: solved=True, runtime=0.59s, PAR-2=0.59s
[DEBUG] Processing 281/2279: UFLIA/boogie/PureAxioms_A..ctor-level_2.smt2
[DEBUG] Predicted solver: cvc5 for benchmark UFLIA/boogie/PureAxioms_A..ctor-level_2.smt2
[DEBUG] Benchmark UFLIA/boogie/PureAxioms_A..ctor-level_2.smt2: solved=True, runtime=0.42s, PAR-2=0.42s
[DEBUG] Processing 282/2279: UFLIA/sledgehammer/Fundamental_Theorem_Algebra/smtlib.748853.smt2
[DEBUG] Predicted solver: cvc5 for benchmark UFLIA/sledgehammer/Fundamental_Theorem_Algebra/smtlib.748853.smt2
[DEBUG] Benchmark UFLIA/sledgehammer/Fundamental_Theorem_Algebra/smtlib.748853.smt2: solved=False, runtime=1200.00s, PAR-2=2400.00s
[DEBUG] Processing 283/2279: UFLIA/simplify2/front_end_suite/javafe.ast.IdentifierVec.007.smt2
[DEBUG] Predicted solver: cvc5 for benchmark UFLIA/simplify2/front_end_suite/javafe.ast.IdentifierVec.007.smt2
[DEBUG] Benchmark UFLIA/simplify2/front_end_suite/javafe.ast.IdentifierVec.007.smt2: solved=True, runtime=0.71s, PAR-2=0.71s
[DEBUG] Processing 284/2279: UFLIA/sledgehammer/StrongNorm/smtlib.845457.smt2
[DEBUG] Predicted solver: cvc5 for benchmark UFLIA/sledgehammer/StrongNorm/smtlib.845457.smt2
[DEBUG] Benchmark UFLIA/sledgehammer/StrongNorm/smtlib.845457.smt2: solved=False, runtime=1200.00s, PAR-2=2400.00s
[DEBUG] Processing 285/2279: UFLIA/sledgehammer/NS_Shared/smtlib.657037.smt2
[DEBUG] Predicted solver: cvc5 for benchmark UFLIA/sledgehammer/NS_Shared/smtlib.657037.smt2
[DEBUG] Benchmark UFLIA/sledgehammer/NS_Shared/smtlib.657037.smt2: solved=True, runtime=0.38s, PAR-2=0.38s
[DEBUG] Processing 286/2279: UFLIA/sledgehammer/Hoare/smtlib.953884.smt2
[DEBUG] Predicted solver: cvc5 for benchmark UFLIA/sledgehammer/Hoare/smtlib.953884.smt2
[DEBUG] Benchmark UFLIA/sledgehammer/Hoare/smtlib.953884.smt2: solved=True, runtime=0.38s, PAR-2=0.38s
[DEBUG] Processing 287/2279: UFLIA/sledgehammer/StrongNorm/smtlib.844174.smt2
[DEBUG] Predicted solver: cvc5 for benchmark UFLIA/sledgehammer/StrongNorm/smtlib.844174.smt2
[DEBUG] Benchmark UFLIA/sledgehammer/StrongNorm/smtlib.844174.smt2: solved=False, runtime=1200.00s, PAR-2=2400.00s
[DEBUG] Processing 288/2279: UFLIA/sledgehammer/Fundamental_Theorem_Algebra/smtlib.1373105.smt2
[DEBUG] Predicted solver: cvc5 for benchmark UFLIA/sledgehammer/Fundamental_Theorem_Algebra/smtlib.1373105.smt2
[DEBUG] Benchmark UFLIA/sledgehammer/Fundamental_Theorem_Algebra/smtlib.1373105.smt2: solved=False, runtime=1200.00s, PAR-2=2400.00s
[DEBUG] Processing 289/2279: UFLIA/sledgehammer/TwoSquares/smtlib.889871.smt2
[DEBUG] Predicted solver: cvc5 for benchmark UFLIA/sledgehammer/TwoSquares/smtlib.889871.smt2
[DEBUG] Benchmark UFLIA/sledgehammer/TwoSquares/smtlib.889871.smt2: solved=True, runtime=0.25s, PAR-2=0.25s
[DEBUG] Processing 290/2279: UFLIA/boogie/StrictReadOnly_Impossible..ctor.smt2
[DEBUG] Predicted solver: cvc5 for benchmark UFLIA/boogie/StrictReadOnly_Impossible..ctor.smt2
[DEBUG] Benchmark UFLIA/boogie/StrictReadOnly_Impossible..ctor.smt2: solved=True, runtime=0.37s, PAR-2=0.37s
[DEBUG] Processing 291/2279: UFLIA/boogie/QuantifierVisibilityInvariant_AbstractCity1..ctor.smt2
[DEBUG] Predicted solver: cvc5 for benchmark UFLIA/boogie/QuantifierVisibilityInvariant_AbstractCity1..ctor.smt2
[DEBUG] Benchmark UFLIA/boogie/QuantifierVisibilityInvariant_AbstractCity1..ctor.smt2: solved=True, runtime=0.34s, PAR-2=0.34s
[DEBUG] Processing 292/2279: UFLIA/tokeneer/enclave/progressadminactivity-4.smt2
[DEBUG] Predicted solver: SMTInterpol for benchmark UFLIA/tokeneer/enclave/progressadminactivity-4.smt2
[DEBUG] Benchmark UFLIA/tokeneer/enclave/progressadminactivity-4.smt2: solved=True, runtime=1.68s, PAR-2=1.68s
[DEBUG] Processing 293/2279: UFLIA/sledgehammer/Hoare/smtlib.1152491.smt2
[DEBUG] Predicted solver: cvc5 for benchmark UFLIA/sledgehammer/Hoare/smtlib.1152491.smt2
[DEBUG] Benchmark UFLIA/sledgehammer/Hoare/smtlib.1152491.smt2: solved=True, runtime=0.45s, PAR-2=0.45s
[DEBUG] Processing 294/2279: UFLIA/sledgehammer/QEpres/smtlib.1149426.smt2
[DEBUG] Predicted solver: cvc5 for benchmark UFLIA/sledgehammer/QEpres/smtlib.1149426.smt2
[DEBUG] Benchmark UFLIA/sledgehammer/QEpres/smtlib.1149426.smt2: solved=False, runtime=1200.00s, PAR-2=2400.00s
[DEBUG] Processing 295/2279: UFLIA/sledgehammer/TwoSquares/smtlib.840119.smt2
[DEBUG] Predicted solver: cvc5 for benchmark UFLIA/sledgehammer/TwoSquares/smtlib.840119.smt2
[DEBUG] Benchmark UFLIA/sledgehammer/TwoSquares/smtlib.840119.smt2: solved=True, runtime=0.73s, PAR-2=0.73s
[DEBUG] Processing 296/2279: UFLIA/sledgehammer/Hoare/smtlib.1027806.smt2
[DEBUG] Predicted solver: cvc5 for benchmark UFLIA/sledgehammer/Hoare/smtlib.1027806.smt2
[DEBUG] Benchmark UFLIA/sledgehammer/Hoare/smtlib.1027806.smt2: solved=True, runtime=3.85s, PAR-2=3.85s
[DEBUG] Processing 297/2279: UFLIA/simplify2/front_end_suite/javafe.ast.ExprVec.014.smt2
[DEBUG] Predicted solver: cvc5 for benchmark UFLIA/simplify2/front_end_suite/javafe.ast.ExprVec.014.smt2
[DEBUG] Benchmark UFLIA/simplify2/front_end_suite/javafe.ast.ExprVec.014.smt2: solved=True, runtime=0.28s, PAR-2=0.28s
[DEBUG] Processing 298/2279: UFLIA/sledgehammer/Fundamental_Theorem_Algebra/smtlib.1447742.smt2
[DEBUG] Predicted solver: cvc5 for benchmark UFLIA/sledgehammer/Fundamental_Theorem_Algebra/smtlib.1447742.smt2
[DEBUG] Benchmark UFLIA/sledgehammer/Fundamental_Theorem_Algebra/smtlib.1447742.smt2: solved=False, runtime=1200.00s, PAR-2=2400.00s
[DEBUG] Processing 299/2279: UFLIA/sledgehammer/NS_Shared/smtlib.721358.smt2
[DEBUG] Predicted solver: iProver for benchmark UFLIA/sledgehammer/NS_Shared/smtlib.721358.smt2
[DEBUG] Benchmark UFLIA/sledgehammer/NS_Shared/smtlib.721358.smt2: solved=False, runtime=1200.00s, PAR-2=2400.00s
[DEBUG] Processing 300/2279: UFLIA/sledgehammer/Arrow_Order/smtlib.634321.smt2
[DEBUG] Predicted solver: cvc5 for benchmark UFLIA/sledgehammer/Arrow_Order/smtlib.634321.smt2
[DEBUG] Benchmark UFLIA/sledgehammer/Arrow_Order/smtlib.634321.smt2: solved=True, runtime=0.43s, PAR-2=0.43s
[DEBUG] Processing 301/2279: UFLIA/sledgehammer/Fundamental_Theorem_Algebra/smtlib.1317452.smt2
[DEBUG] Predicted solver: cvc5 for benchmark UFLIA/sledgehammer/Fundamental_Theorem_Algebra/smtlib.1317452.smt2
[DEBUG] Benchmark UFLIA/sledgehammer/Fundamental_Theorem_Algebra/smtlib.1317452.smt2: solved=False, runtime=1200.00s, PAR-2=2400.00s
[DEBUG] Processing 302/2279: UFLIA/sledgehammer/Fundamental_Theorem_Algebra/smtlib.593933.smt2
[DEBUG] Predicted solver: iProver for benchmark UFLIA/sledgehammer/Fundamental_Theorem_Algebra/smtlib.593933.smt2
[DEBUG] Benchmark UFLIA/sledgehammer/Fundamental_Theorem_Algebra/smtlib.593933.smt2: solved=False, runtime=1200.00s, PAR-2=2400.00s
[DEBUG] Processing 303/2279: UFLIA/simplify2/front_end_suite/javafe.ast.ExprVec.013.smt2
[DEBUG] Predicted solver: cvc5 for benchmark UFLIA/simplify2/front_end_suite/javafe.ast.ExprVec.013.smt2
[DEBUG] Benchmark UFLIA/simplify2/front_end_suite/javafe.ast.ExprVec.013.smt2: solved=True, runtime=0.50s, PAR-2=0.50s
[DEBUG] Processing 304/2279: UFLIA/simplify2/front_end_suite/javafe.tc.FlowInsensitiveChecks.006.smt2
[DEBUG] Predicted solver: cvc5 for benchmark UFLIA/simplify2/front_end_suite/javafe.tc.FlowInsensitiveChecks.006.smt2
[DEBUG] Benchmark UFLIA/simplify2/front_end_suite/javafe.tc.FlowInsensitiveChecks.006.smt2: solved=False, runtime=1200.00s, PAR-2=2400.00s
[DEBUG] Processing 305/2279: UFLIA/sledgehammer/Hoare/smtlib.1056266.smt2
[DEBUG] Predicted solver: cvc5 for benchmark UFLIA/sledgehammer/Hoare/smtlib.1056266.smt2
[DEBUG] Benchmark UFLIA/sledgehammer/Hoare/smtlib.1056266.smt2: solved=True, runtime=0.52s, PAR-2=0.52s
[DEBUG] Processing 306/2279: UFLIA/tokeneer/latch/updatedevice-5.smt2
[DEBUG] Predicted solver: cvc5 for benchmark UFLIA/tokeneer/latch/updatedevice-5.smt2
[DEBUG] Benchmark UFLIA/tokeneer/latch/updatedevice-5.smt2: solved=False, runtime=1200.00s, PAR-2=2400.00s
[DEBUG] Processing 307/2279: UFLIA/sledgehammer/FFT/smtlib.590748.smt2
[DEBUG] Predicted solver: cvc5 for benchmark UFLIA/sledgehammer/FFT/smtlib.590748.smt2
[DEBUG] Benchmark UFLIA/sledgehammer/FFT/smtlib.590748.smt2: solved=False, runtime=1200.00s, PAR-2=2400.00s
[DEBUG] Processing 308/2279: UFLIA/sledgehammer/TwoSquares/smtlib.614775.smt2
[DEBUG] Predicted solver: cvc5 for benchmark UFLIA/sledgehammer/TwoSquares/smtlib.614775.smt2
[DEBUG] Benchmark UFLIA/sledgehammer/TwoSquares/smtlib.614775.smt2: solved=True, runtime=9.67s, PAR-2=9.67s
[DEBUG] Processing 309/2279: UFLIA/sledgehammer/Fundamental_Theorem_Algebra/smtlib.1440891.smt2
[DEBUG] Predicted solver: cvc5 for benchmark UFLIA/sledgehammer/Fundamental_Theorem_Algebra/smtlib.1440891.smt2
[DEBUG] Benchmark UFLIA/sledgehammer/Fundamental_Theorem_Algebra/smtlib.1440891.smt2: solved=True, runtime=0.25s, PAR-2=0.25s
[DEBUG] Processing 310/2279: UFLIA/boogie/ExplicitExposeVersionHavoc_A.Unsound-level_2.smt2
[DEBUG] Predicted solver: cvc5 for benchmark UFLIA/boogie/ExplicitExposeVersionHavoc_A.Unsound-level_2.smt2
[DEBUG] Benchmark UFLIA/boogie/ExplicitExposeVersionHavoc_A.Unsound-level_2.smt2: solved=False, runtime=1200.00s, PAR-2=2400.00s
[DEBUG] Processing 311/2279: UFLIA/boogie/ConstructorVisibility_Visitor..ctor.smt2
[DEBUG] Predicted solver: cvc5 for benchmark UFLIA/boogie/ConstructorVisibility_Visitor..ctor.smt2
[DEBUG] Benchmark UFLIA/boogie/ConstructorVisibility_Visitor..ctor.smt2: solved=True, runtime=0.34s, PAR-2=0.34s
[DEBUG] Processing 312/2279: UFLIA/sledgehammer/QEpres/smtlib.1024995.smt2
[DEBUG] Predicted solver: cvc5 for benchmark UFLIA/sledgehammer/QEpres/smtlib.1024995.smt2
[DEBUG] Benchmark UFLIA/sledgehammer/QEpres/smtlib.1024995.smt2: solved=False, runtime=1200.00s, PAR-2=2400.00s
[DEBUG] Processing 313/2279: UFLIA/sledgehammer/QEpres/smtlib.914236.smt2
[DEBUG] Predicted solver: cvc5 for benchmark UFLIA/sledgehammer/QEpres/smtlib.914236.smt2
[DEBUG] Benchmark UFLIA/sledgehammer/QEpres/smtlib.914236.smt2: solved=False, runtime=1200.00s, PAR-2=2400.00s
[DEBUG] Processing 314/2279: UFLIA/sledgehammer/Hoare/smtlib.1209105.smt2
[DEBUG] Predicted solver: iProver for benchmark UFLIA/sledgehammer/Hoare/smtlib.1209105.smt2
[DEBUG] Benchmark UFLIA/sledgehammer/Hoare/smtlib.1209105.smt2: solved=False, runtime=1200.00s, PAR-2=2400.00s
[DEBUG] Processing 315/2279: UFLIA/sledgehammer/NS_Shared/smtlib.765556.smt2
[DEBUG] Predicted solver: iProver for benchmark UFLIA/sledgehammer/NS_Shared/smtlib.765556.smt2
[DEBUG] Benchmark UFLIA/sledgehammer/NS_Shared/smtlib.765556.smt2: solved=False, runtime=1200.00s, PAR-2=2400.00s
[DEBUG] Processing 316/2279: UFLIA/tokeneer/tismain/init-3.smt2
[DEBUG] Predicted solver: SMTInterpol for benchmark UFLIA/tokeneer/tismain/init-3.smt2
[DEBUG] Benchmark UFLIA/tokeneer/tismain/init-3.smt2: solved=True, runtime=1.73s, PAR-2=1.73s
[DEBUG] Processing 317/2279: UFLIA/sledgehammer/TwoSquares/smtlib.642529.smt2
[DEBUG] Predicted solver: cvc5 for benchmark UFLIA/sledgehammer/TwoSquares/smtlib.642529.smt2
[DEBUG] Benchmark UFLIA/sledgehammer/TwoSquares/smtlib.642529.smt2: solved=False, runtime=1200.00s, PAR-2=2400.00s
[DEBUG] Processing 318/2279: UFLIA/sledgehammer/FFT/smtlib.888891.smt2
[DEBUG] Predicted solver: cvc5 for benchmark UFLIA/sledgehammer/FFT/smtlib.888891.smt2
[DEBUG] Benchmark UFLIA/sledgehammer/FFT/smtlib.888891.smt2: solved=True, runtime=0.39s, PAR-2=0.39s
[DEBUG] Processing 319/2279: UFLIA/sledgehammer/Fundamental_Theorem_Algebra/smtlib.949906.smt2
[DEBUG] Predicted solver: cvc5 for benchmark UFLIA/sledgehammer/Fundamental_Theorem_Algebra/smtlib.949906.smt2
[DEBUG] Benchmark UFLIA/sledgehammer/Fundamental_Theorem_Algebra/smtlib.949906.smt2: solved=True, runtime=0.32s, PAR-2=0.32s
[DEBUG] Processing 320/2279: UFLIA/tokeneer/auditlog/archivelog-6.smt2
[DEBUG] Predicted solver: cvc5 for benchmark UFLIA/tokeneer/auditlog/archivelog-6.smt2
[DEBUG] Benchmark UFLIA/tokeneer/auditlog/archivelog-6.smt2: solved=True, runtime=0.25s, PAR-2=0.25s
[DEBUG] Processing 321/2279: UFLIA/simplify2/front_end_suite/javafe.tc.TypeSigVec.015.smt2
[DEBUG] Predicted solver: cvc5 for benchmark UFLIA/simplify2/front_end_suite/javafe.tc.TypeSigVec.015.smt2
[DEBUG] Benchmark UFLIA/simplify2/front_end_suite/javafe.tc.TypeSigVec.015.smt2: solved=True, runtime=4.32s, PAR-2=4.32s
[DEBUG] Processing 322/2279: UFLIA/simplify2/front_end_suite/javafe.filespace.HashTree.002.smt2
[DEBUG] Predicted solver: cvc5 for benchmark UFLIA/simplify2/front_end_suite/javafe.filespace.HashTree.002.smt2
[DEBUG] Benchmark UFLIA/simplify2/front_end_suite/javafe.filespace.HashTree.002.smt2: solved=True, runtime=0.36s, PAR-2=0.36s
[DEBUG] Processing 323/2279: UFLIA/simplify2/front_end_suite/javafe.tc.MethodDeclVec.018.smt2
[DEBUG] Predicted solver: cvc5 for benchmark UFLIA/simplify2/front_end_suite/javafe.tc.MethodDeclVec.018.smt2
[DEBUG] Benchmark UFLIA/simplify2/front_end_suite/javafe.tc.MethodDeclVec.018.smt2: solved=True, runtime=0.46s, PAR-2=0.46s
[DEBUG] Processing 324/2279: UFLIA/boogie/WhereMotivation_Types.SLoop0-modifiesOnLoop_1.smt2
[DEBUG] Predicted solver: cvc5 for benchmark UFLIA/boogie/WhereMotivation_Types.SLoop0-modifiesOnLoop_1.smt2
[DEBUG] Benchmark UFLIA/boogie/WhereMotivation_Types.SLoop0-modifiesOnLoop_1.smt2: solved=True, runtime=2.57s, PAR-2=2.57s
[DEBUG] Processing 325/2279: UFLIA/simplify2/front_end_suite/javafe.ast.TypeDeclVec.009.smt2
[DEBUG] Predicted solver: cvc5 for benchmark UFLIA/simplify2/front_end_suite/javafe.ast.TypeDeclVec.009.smt2
[DEBUG] Benchmark UFLIA/simplify2/front_end_suite/javafe.ast.TypeDeclVec.009.smt2: solved=True, runtime=0.34s, PAR-2=0.34s
[DEBUG] Processing 326/2279: UFLIA/sledgehammer/Fundamental_Theorem_Algebra/smtlib.838321.smt2
[DEBUG] Predicted solver: cvc5 for benchmark UFLIA/sledgehammer/Fundamental_Theorem_Algebra/smtlib.838321.smt2
[DEBUG] Benchmark UFLIA/sledgehammer/Fundamental_Theorem_Algebra/smtlib.838321.smt2: solved=False, runtime=1200.00s, PAR-2=2400.00s
[DEBUG] Processing 327/2279: UFLIA/sledgehammer/Hoare/smtlib.788284.smt2
[DEBUG] Predicted solver: cvc5 for benchmark UFLIA/sledgehammer/Hoare/smtlib.788284.smt2
[DEBUG] Benchmark UFLIA/sledgehammer/Hoare/smtlib.788284.smt2: solved=False, runtime=1200.00s, PAR-2=2400.00s
[DEBUG] Processing 328/2279: UFLIA/simplify2/front_end_suite/javafe.tc.TypeSig.024.smt2
[DEBUG] Predicted solver: cvc5 for benchmark UFLIA/simplify2/front_end_suite/javafe.tc.TypeSig.024.smt2
[DEBUG] Benchmark UFLIA/simplify2/front_end_suite/javafe.tc.TypeSig.024.smt2: solved=True, runtime=8.00s, PAR-2=8.00s
[DEBUG] Processing 329/2279: UFLIA/sledgehammer/TwoSquares/smtlib.737811.smt2
[DEBUG] Predicted solver: iProver for benchmark UFLIA/sledgehammer/TwoSquares/smtlib.737811.smt2
[DEBUG] Benchmark UFLIA/sledgehammer/TwoSquares/smtlib.737811.smt2: solved=False, runtime=1200.00s, PAR-2=2400.00s
[DEBUG] Processing 330/2279: UFLIA/boogie/Types_Types.Q_T_T-orderStrength_1.smt2
[DEBUG] Predicted solver: cvc5 for benchmark UFLIA/boogie/Types_Types.Q_T_T-orderStrength_1.smt2
[DEBUG] Benchmark UFLIA/boogie/Types_Types.Q_T_T-orderStrength_1.smt2: solved=True, runtime=23.76s, PAR-2=23.76s
[DEBUG] Processing 331/2279: UFLIA/simplify/javafe.ast.IdentifierVec.178.smt2
[DEBUG] Predicted solver: cvc5 for benchmark UFLIA/simplify/javafe.ast.IdentifierVec.178.smt2
[DEBUG] Benchmark UFLIA/simplify/javafe.ast.IdentifierVec.178.smt2: solved=True, runtime=0.43s, PAR-2=0.43s
[DEBUG] Processing 332/2279: UFLIA/sledgehammer/QEpres/smtlib.1137477.smt2
[DEBUG] Predicted solver: cvc5 for benchmark UFLIA/sledgehammer/QEpres/smtlib.1137477.smt2
[DEBUG] Benchmark UFLIA/sledgehammer/QEpres/smtlib.1137477.smt2: solved=False, runtime=1200.00s, PAR-2=2400.00s
[DEBUG] Processing 333/2279: UFLIA/sledgehammer/Fundamental_Theorem_Algebra/smtlib.1336136.smt2
[DEBUG] Predicted solver: cvc5 for benchmark UFLIA/sledgehammer/Fundamental_Theorem_Algebra/smtlib.1336136.smt2
[DEBUG] Benchmark UFLIA/sledgehammer/Fundamental_Theorem_Algebra/smtlib.1336136.smt2: solved=False, runtime=1200.00s, PAR-2=2400.00s
[DEBUG] Processing 334/2279: UFLIA/simplify2/front_end_suite/javafe.ast.TypeNameVec.001.smt2
[DEBUG] Predicted solver: cvc5 for benchmark UFLIA/simplify2/front_end_suite/javafe.ast.TypeNameVec.001.smt2
[DEBUG] Benchmark UFLIA/simplify2/front_end_suite/javafe.ast.TypeNameVec.001.smt2: solved=True, runtime=1.18s, PAR-2=1.18s
[DEBUG] Processing 335/2279: UFLIA/sledgehammer/NS_Shared/smtlib.573291.smt2
[DEBUG] Predicted solver: cvc5 for benchmark UFLIA/sledgehammer/NS_Shared/smtlib.573291.smt2
[DEBUG] Benchmark UFLIA/sledgehammer/NS_Shared/smtlib.573291.smt2: solved=False, runtime=1200.00s, PAR-2=2400.00s
[DEBUG] Processing 336/2279: UFLIA/sledgehammer/Arrow_Order/smtlib.595502.smt2
[DEBUG] Predicted solver: cvc5 for benchmark UFLIA/sledgehammer/Arrow_Order/smtlib.595502.smt2
[DEBUG] Benchmark UFLIA/sledgehammer/Arrow_Order/smtlib.595502.smt2: solved=True, runtime=390.98s, PAR-2=390.98s
[DEBUG] Processing 337/2279: UFLIA/simplify/javafe.tc.TypeCheck.715.smt2
[DEBUG] Predicted solver: cvc5 for benchmark UFLIA/simplify/javafe.tc.TypeCheck.715.smt2
[DEBUG] Benchmark UFLIA/simplify/javafe.tc.TypeCheck.715.smt2: solved=True, runtime=1.39s, PAR-2=1.39s
[DEBUG] Processing 338/2279: UFLIA/sledgehammer/TypeSafe/smtlib.738238.smt2
[DEBUG] Predicted solver: cvc5 for benchmark UFLIA/sledgehammer/TypeSafe/smtlib.738238.smt2
[DEBUG] Benchmark UFLIA/sledgehammer/TypeSafe/smtlib.738238.smt2: solved=False, runtime=1200.00s, PAR-2=2400.00s
[DEBUG] Processing 339/2279: UFLIA/simplify2/front_end_suite/javafe.ast.TypeDeclElemPragma.002.smt2
[DEBUG] Predicted solver: cvc5 for benchmark UFLIA/simplify2/front_end_suite/javafe.ast.TypeDeclElemPragma.002.smt2
[DEBUG] Benchmark UFLIA/simplify2/front_end_suite/javafe.ast.TypeDeclElemPragma.002.smt2: solved=True, runtime=0.24s, PAR-2=0.24s
[DEBUG] Processing 340/2279: UFLIA/sledgehammer/StrongNorm/smtlib.772787.smt2
[DEBUG] Predicted solver: iProver for benchmark UFLIA/sledgehammer/StrongNorm/smtlib.772787.smt2
[DEBUG] Benchmark UFLIA/sledgehammer/StrongNorm/smtlib.772787.smt2: solved=False, runtime=1200.00s, PAR-2=2400.00s
[DEBUG] Processing 341/2279: UFLIA/sledgehammer/Hoare/smtlib.623873.smt2
[DEBUG] Predicted solver: iProver for benchmark UFLIA/sledgehammer/Hoare/smtlib.623873.smt2
[DEBUG] Benchmark UFLIA/sledgehammer/Hoare/smtlib.623873.smt2: solved=False, runtime=1200.00s, PAR-2=2400.00s
[DEBUG] Processing 342/2279: UFLIA/simplify/javafe.filespace.TreeWalker.514.smt2
[DEBUG] Predicted solver: cvc5 for benchmark UFLIA/simplify/javafe.filespace.TreeWalker.514.smt2
[DEBUG] Benchmark UFLIA/simplify/javafe.filespace.TreeWalker.514.smt2: solved=True, runtime=0.27s, PAR-2=0.27s
[DEBUG] Processing 343/2279: UFLIA/sledgehammer/Fundamental_Theorem_Algebra/smtlib.1240238.smt2
[DEBUG] Predicted solver: cvc5 for benchmark UFLIA/sledgehammer/Fundamental_Theorem_Algebra/smtlib.1240238.smt2
[DEBUG] Benchmark UFLIA/sledgehammer/Fundamental_Theorem_Algebra/smtlib.1240238.smt2: solved=False, runtime=1200.00s, PAR-2=2400.00s
[DEBUG] Processing 344/2279: UFLIA/simplify2/front_end_suite/javafe.ast.FormalParaDeclVec.001.smt2
[DEBUG] Predicted solver: cvc5 for benchmark UFLIA/simplify2/front_end_suite/javafe.ast.FormalParaDeclVec.001.smt2
[DEBUG] Benchmark UFLIA/simplify2/front_end_suite/javafe.ast.FormalParaDeclVec.001.smt2: solved=True, runtime=1.12s, PAR-2=1.12s
[DEBUG] Processing 345/2279: UFLIA/sledgehammer/Hoare/smtlib.930836.smt2
[DEBUG] Predicted solver: iProver for benchmark UFLIA/sledgehammer/Hoare/smtlib.930836.smt2
[DEBUG] Benchmark UFLIA/sledgehammer/Hoare/smtlib.930836.smt2: solved=False, runtime=1200.00s, PAR-2=2400.00s
[DEBUG] Processing 346/2279: UFLIA/grasshopper/uninstantiated/concat_postcondition_of_concat_27_4.smt2
[DEBUG] Predicted solver: cvc5 for benchmark UFLIA/grasshopper/uninstantiated/concat_postcondition_of_concat_27_4.smt2
[DEBUG] Benchmark UFLIA/grasshopper/uninstantiated/concat_postcondition_of_concat_27_4.smt2: solved=True, runtime=0.26s, PAR-2=0.26s
[DEBUG] Processing 347/2279: UFLIA/grasshopper/uninstantiated/remove_postcondition_of_remove_45_2.smt2
[DEBUG] Predicted solver: cvc5 for benchmark UFLIA/grasshopper/uninstantiated/remove_postcondition_of_remove_45_2.smt2
[DEBUG] Benchmark UFLIA/grasshopper/uninstantiated/remove_postcondition_of_remove_45_2.smt2: solved=True, runtime=4.35s, PAR-2=4.35s
[DEBUG] Processing 348/2279: UFLIA/tokeneer/display/combinelines-21.smt2
[DEBUG] Predicted solver: cvc5 for benchmark UFLIA/tokeneer/display/combinelines-21.smt2
[DEBUG] Benchmark UFLIA/tokeneer/display/combinelines-21.smt2: solved=True, runtime=0.25s, PAR-2=0.25s
[DEBUG] Processing 349/2279: UFLIA/sledgehammer/TypeSafe/smtlib.1018109.smt2
[DEBUG] Predicted solver: cvc5 for benchmark UFLIA/sledgehammer/TypeSafe/smtlib.1018109.smt2
[DEBUG] Benchmark UFLIA/sledgehammer/TypeSafe/smtlib.1018109.smt2: solved=False, runtime=1200.00s, PAR-2=2400.00s
[DEBUG] Processing 350/2279: UFLIA/sledgehammer/Fundamental_Theorem_Algebra/smtlib.1405357.smt2
[DEBUG] Predicted solver: cvc5 for benchmark UFLIA/sledgehammer/Fundamental_Theorem_Algebra/smtlib.1405357.smt2
[DEBUG] Benchmark UFLIA/sledgehammer/Fundamental_Theorem_Algebra/smtlib.1405357.smt2: solved=False, runtime=1200.00s, PAR-2=2400.00s
[DEBUG] Processing 351/2279: UFLIA/sledgehammer/Hoare/smtlib.854259.smt2
[DEBUG] Predicted solver: iProver for benchmark UFLIA/sledgehammer/Hoare/smtlib.854259.smt2
[DEBUG] Benchmark UFLIA/sledgehammer/Hoare/smtlib.854259.smt2: solved=True, runtime=238.62s, PAR-2=238.62s
[DEBUG] Processing 352/2279: UFLIA/simplify/javafe.ast.SingleTypeImportDecl.314.smt2
[DEBUG] Predicted solver: cvc5 for benchmark UFLIA/simplify/javafe.ast.SingleTypeImportDecl.314.smt2
[DEBUG] Benchmark UFLIA/simplify/javafe.ast.SingleTypeImportDecl.314.smt2: solved=True, runtime=0.71s, PAR-2=0.71s
[DEBUG] Processing 353/2279: UFLIA/simplify/javafe.ast.TypeModifierPragmaVec.397.smt2
[DEBUG] Predicted solver: cvc5 for benchmark UFLIA/simplify/javafe.ast.TypeModifierPragmaVec.397.smt2
[DEBUG] Benchmark UFLIA/simplify/javafe.ast.TypeModifierPragmaVec.397.smt2: solved=True, runtime=1.14s, PAR-2=1.14s
[DEBUG] Processing 354/2279: UFLIA/sledgehammer/Fundamental_Theorem_Algebra/smtlib.647964.smt2
[DEBUG] Predicted solver: iProver for benchmark UFLIA/sledgehammer/Fundamental_Theorem_Algebra/smtlib.647964.smt2
[DEBUG] Benchmark UFLIA/sledgehammer/Fundamental_Theorem_Algebra/smtlib.647964.smt2: solved=False, runtime=1200.00s, PAR-2=2400.00s
[DEBUG] Processing 355/2279: UFLIA/boogie/DoWhileGood_Test..ctor.smt2
[DEBUG] Predicted solver: cvc5 for benchmark UFLIA/boogie/DoWhileGood_Test..ctor.smt2
[DEBUG] Benchmark UFLIA/boogie/DoWhileGood_Test..ctor.smt2: solved=True, runtime=0.31s, PAR-2=0.31s
[DEBUG] Processing 356/2279: UFLIA/sexpr/SES.PrettySx.ReadToken_System.IO.TextReader_notnull_System.String.ptr.smt2
[DEBUG] Predicted solver: cvc5 for benchmark UFLIA/sexpr/SES.PrettySx.ReadToken_System.IO.TextReader_notnull_System.String.ptr.smt2
[DEBUG] Benchmark UFLIA/sexpr/SES.PrettySx.ReadToken_System.IO.TextReader_notnull_System.String.ptr.smt2: solved=True, runtime=31.27s, PAR-2=31.27s
[DEBUG] Processing 357/2279: UFLIA/simplify/javafe.ast.TypeDeclVec.385.smt2
[DEBUG] Predicted solver: cvc5 for benchmark UFLIA/simplify/javafe.ast.TypeDeclVec.385.smt2
[DEBUG] Benchmark UFLIA/simplify/javafe.ast.TypeDeclVec.385.smt2: solved=True, runtime=0.37s, PAR-2=0.37s
[DEBUG] Processing 358/2279: UFLIA/sledgehammer/NS_Shared/smtlib.831444.smt2
[DEBUG] Predicted solver: cvc5 for benchmark UFLIA/sledgehammer/NS_Shared/smtlib.831444.smt2
[DEBUG] Benchmark UFLIA/sledgehammer/NS_Shared/smtlib.831444.smt2: solved=True, runtime=0.56s, PAR-2=0.56s
[DEBUG] Processing 359/2279: UFLIA/sledgehammer/QEpres/smtlib.952482.smt2
[DEBUG] Predicted solver: cvc5 for benchmark UFLIA/sledgehammer/QEpres/smtlib.952482.smt2
[DEBUG] Benchmark UFLIA/sledgehammer/QEpres/smtlib.952482.smt2: solved=False, runtime=1200.00s, PAR-2=2400.00s
[DEBUG] Processing 360/2279: UFLIA/simplify2/front_end_suite/javafe.tc.EnvForLocals.008.smt2
[DEBUG] Predicted solver: cvc5 for benchmark UFLIA/simplify2/front_end_suite/javafe.tc.EnvForLocals.008.smt2
[DEBUG] Benchmark UFLIA/simplify2/front_end_suite/javafe.tc.EnvForLocals.008.smt2: solved=True, runtime=0.37s, PAR-2=0.37s
[DEBUG] Processing 361/2279: UFLIA/sledgehammer/Fundamental_Theorem_Algebra/smtlib.1327645.smt2
[DEBUG] Predicted solver: cvc5 for benchmark UFLIA/sledgehammer/Fundamental_Theorem_Algebra/smtlib.1327645.smt2
[DEBUG] Benchmark UFLIA/sledgehammer/Fundamental_Theorem_Algebra/smtlib.1327645.smt2: solved=False, runtime=1200.00s, PAR-2=2400.00s
[DEBUG] Processing 362/2279: UFLIA/tokeneer/admin/finishop-2.smt2
[DEBUG] Predicted solver: SMTInterpol for benchmark UFLIA/tokeneer/admin/finishop-2.smt2
[DEBUG] Benchmark UFLIA/tokeneer/admin/finishop-2.smt2: solved=False, runtime=1200.00s, PAR-2=2400.00s
[DEBUG] Processing 363/2279: UFLIA/simplify/javafe.ast.LexicalPragmaVec.221.smt2
[DEBUG] Predicted solver: cvc5 for benchmark UFLIA/simplify/javafe.ast.LexicalPragmaVec.221.smt2
[DEBUG] Benchmark UFLIA/simplify/javafe.ast.LexicalPragmaVec.221.smt2: solved=True, runtime=3.86s, PAR-2=3.86s
[DEBUG] Processing 364/2279: UFLIA/sledgehammer/QEpres/smtlib.597630.smt2
[DEBUG] Predicted solver: cvc5 for benchmark UFLIA/sledgehammer/QEpres/smtlib.597630.smt2
[DEBUG] Benchmark UFLIA/sledgehammer/QEpres/smtlib.597630.smt2: solved=False, runtime=1200.00s, PAR-2=2400.00s
[DEBUG] Processing 365/2279: UFLIA/boogie/Strings_test3.XY.N0_System.Object_notnull_System.Object_notnull.smt2
[DEBUG] Predicted solver: cvc5 for benchmark UFLIA/boogie/Strings_test3.XY.N0_System.Object_notnull_System.Object_notnull.smt2
[DEBUG] Benchmark UFLIA/boogie/Strings_test3.XY.N0_System.Object_notnull_System.Object_notnull.smt2: solved=False, runtime=1200.00s, PAR-2=2400.00s
[DEBUG] Processing 366/2279: UFLIA/sledgehammer/QEpres/smtlib.674991.smt2
[DEBUG] Predicted solver: iProver for benchmark UFLIA/sledgehammer/QEpres/smtlib.674991.smt2
[DEBUG] Benchmark UFLIA/sledgehammer/QEpres/smtlib.674991.smt2: solved=False, runtime=1200.00s, PAR-2=2400.00s
[DEBUG] Processing 367/2279: UFLIA/sledgehammer/FFT/smtlib.967752.smt2
[DEBUG] Predicted solver: cvc5 for benchmark UFLIA/sledgehammer/FFT/smtlib.967752.smt2
[DEBUG] Benchmark UFLIA/sledgehammer/FFT/smtlib.967752.smt2: solved=False, runtime=1200.00s, PAR-2=2400.00s
[DEBUG] Processing 368/2279: UFLIA/boogie/Immutable_test3.Typeof.M_test3.Typeof_notnull.smt2
[DEBUG] Predicted solver: cvc5 for benchmark UFLIA/boogie/Immutable_test3.Typeof.M_test3.Typeof_notnull.smt2
[DEBUG] Benchmark UFLIA/boogie/Immutable_test3.Typeof.M_test3.Typeof_notnull.smt2: solved=True, runtime=0.50s, PAR-2=0.50s
[DEBUG] Processing 369/2279: UFLIA/grasshopper/instantiated/difference_postcondition_of_difference_38_8.smt2
[DEBUG] Predicted solver: cvc5 for benchmark UFLIA/grasshopper/instantiated/difference_postcondition_of_difference_38_8.smt2
[DEBUG] Benchmark UFLIA/grasshopper/instantiated/difference_postcondition_of_difference_38_8.smt2: solved=False, runtime=1200.00s, PAR-2=2400.00s
[DEBUG] Processing 370/2279: UFLIA/boogie/Array2_test3.MyClass2..ctor.smt2
[DEBUG] Predicted solver: cvc5 for benchmark UFLIA/boogie/Array2_test3.MyClass2..ctor.smt2
[DEBUG] Benchmark UFLIA/boogie/Array2_test3.MyClass2..ctor.smt2: solved=True, runtime=0.32s, PAR-2=0.32s
[DEBUG] Processing 371/2279: UFLIA/tokeneer/tokenreader/init-47.smt2
[DEBUG] Predicted solver: cvc5 for benchmark UFLIA/tokeneer/tokenreader/init-47.smt2
[DEBUG] Benchmark UFLIA/tokeneer/tokenreader/init-47.smt2: solved=True, runtime=0.24s, PAR-2=0.24s
[DEBUG] Processing 372/2279: UFLIA/sledgehammer/Arrow_Order/smtlib.811722.smt2
[DEBUG] Predicted solver: cvc5 for benchmark UFLIA/sledgehammer/Arrow_Order/smtlib.811722.smt2
[DEBUG] Benchmark UFLIA/sledgehammer/Arrow_Order/smtlib.811722.smt2: solved=True, runtime=0.59s, PAR-2=0.59s
[DEBUG] Processing 373/2279: UFLIA/sledgehammer/Fundamental_Theorem_Algebra/smtlib.1330629.smt2
[DEBUG] Predicted solver: cvc5 for benchmark UFLIA/sledgehammer/Fundamental_Theorem_Algebra/smtlib.1330629.smt2
[DEBUG] Benchmark UFLIA/sledgehammer/Fundamental_Theorem_Algebra/smtlib.1330629.smt2: solved=False, runtime=1200.00s, PAR-2=2400.00s
[DEBUG] Processing 374/2279: UFLIA/sledgehammer/QEpres/smtlib.846682.smt2
[DEBUG] Predicted solver: cvc5 for benchmark UFLIA/sledgehammer/QEpres/smtlib.846682.smt2
[DEBUG] Benchmark UFLIA/sledgehammer/QEpres/smtlib.846682.smt2: solved=False, runtime=1200.00s, PAR-2=2400.00s
[DEBUG] Processing 375/2279: UFLIA/simplify2/front_end_suite/javafe.ast.TryCatchStmt.012.smt2
[DEBUG] Predicted solver: cvc5 for benchmark UFLIA/simplify2/front_end_suite/javafe.ast.TryCatchStmt.012.smt2
[DEBUG] Benchmark UFLIA/simplify2/front_end_suite/javafe.ast.TryCatchStmt.012.smt2: solved=True, runtime=0.58s, PAR-2=0.58s
[DEBUG] Processing 376/2279: UFLIA/sledgehammer/Hoare/smtlib.1032201.smt2
[DEBUG] Predicted solver: cvc5 for benchmark UFLIA/sledgehammer/Hoare/smtlib.1032201.smt2
[DEBUG] Benchmark UFLIA/sledgehammer/Hoare/smtlib.1032201.smt2: solved=False, runtime=1200.00s, PAR-2=2400.00s
[DEBUG] Processing 377/2279: UFLIA/sledgehammer/Arrow_Order/smtlib.845420.smt2
[DEBUG] Predicted solver: iProver for benchmark UFLIA/sledgehammer/Arrow_Order/smtlib.845420.smt2
[DEBUG] Benchmark UFLIA/sledgehammer/Arrow_Order/smtlib.845420.smt2: solved=False, runtime=1200.00s, PAR-2=2400.00s
[DEBUG] Processing 378/2279: UFLIA/sledgehammer/Fundamental_Theorem_Algebra/smtlib.860393.smt2
[DEBUG] Predicted solver: iProver for benchmark UFLIA/sledgehammer/Fundamental_Theorem_Algebra/smtlib.860393.smt2
[DEBUG] Benchmark UFLIA/sledgehammer/Fundamental_Theorem_Algebra/smtlib.860393.smt2: solved=True, runtime=118.06s, PAR-2=118.06s
[DEBUG] Processing 379/2279: UFLIA/boogie/PeerFields_Parent.M.smt2
[DEBUG] Predicted solver: cvc5 for benchmark UFLIA/boogie/PeerFields_Parent.M.smt2
[DEBUG] Benchmark UFLIA/boogie/PeerFields_Parent.M.smt2: solved=True, runtime=2.30s, PAR-2=2.30s
[DEBUG] Processing 380/2279: UFLIA/simplify/javafe.ast.TypeNameVec.412.smt2
[DEBUG] Predicted solver: cvc5 for benchmark UFLIA/simplify/javafe.ast.TypeNameVec.412.smt2
[DEBUG] Benchmark UFLIA/simplify/javafe.ast.TypeNameVec.412.smt2: solved=True, runtime=0.26s, PAR-2=0.26s
[DEBUG] Processing 381/2279: UFLIA/sledgehammer/QEpres/smtlib.948708.smt2
[DEBUG] Predicted solver: cvc5 for benchmark UFLIA/sledgehammer/QEpres/smtlib.948708.smt2
[DEBUG] Benchmark UFLIA/sledgehammer/QEpres/smtlib.948708.smt2: solved=False, runtime=1200.00s, PAR-2=2400.00s
[DEBUG] Processing 382/2279: UFLIA/sledgehammer/Fundamental_Theorem_Algebra/smtlib.1431517.smt2
[DEBUG] Predicted solver: cvc5 for benchmark UFLIA/sledgehammer/Fundamental_Theorem_Algebra/smtlib.1431517.smt2
[DEBUG] Benchmark UFLIA/sledgehammer/Fundamental_Theorem_Algebra/smtlib.1431517.smt2: solved=True, runtime=0.36s, PAR-2=0.36s
[DEBUG] Processing 383/2279: UFLIA/sledgehammer/StrongNorm/smtlib.785895.smt2
[DEBUG] Predicted solver: cvc5 for benchmark UFLIA/sledgehammer/StrongNorm/smtlib.785895.smt2
[DEBUG] Benchmark UFLIA/sledgehammer/StrongNorm/smtlib.785895.smt2: solved=False, runtime=1200.00s, PAR-2=2400.00s
[DEBUG] Processing 384/2279: UFLIA/sledgehammer/NS_Shared/smtlib.915003.smt2
[DEBUG] Predicted solver: cvc5 for benchmark UFLIA/sledgehammer/NS_Shared/smtlib.915003.smt2
[DEBUG] Benchmark UFLIA/sledgehammer/NS_Shared/smtlib.915003.smt2: solved=True, runtime=0.41s, PAR-2=0.41s
[DEBUG] Processing 385/2279: UFLIA/sledgehammer/Hoare/smtlib.1040446.smt2
[DEBUG] Predicted solver: cvc5 for benchmark UFLIA/sledgehammer/Hoare/smtlib.1040446.smt2
[DEBUG] Benchmark UFLIA/sledgehammer/Hoare/smtlib.1040446.smt2: solved=True, runtime=24.21s, PAR-2=24.21s
[DEBUG] Processing 386/2279: UFLIA/sledgehammer/QEpres/smtlib.577672.smt2
[DEBUG] Predicted solver: iProver for benchmark UFLIA/sledgehammer/QEpres/smtlib.577672.smt2
[DEBUG] Benchmark UFLIA/sledgehammer/QEpres/smtlib.577672.smt2: solved=False, runtime=1200.00s, PAR-2=2400.00s
[DEBUG] Processing 387/2279: UFLIA/sledgehammer/FFT/smtlib.815415.smt2
[DEBUG] Predicted solver: cvc5 for benchmark UFLIA/sledgehammer/FFT/smtlib.815415.smt2
[DEBUG] Benchmark UFLIA/sledgehammer/FFT/smtlib.815415.smt2: solved=False, runtime=1200.00s, PAR-2=2400.00s
[DEBUG] Processing 388/2279: UFLIA/simplify2/front_end_suite/javafe.tc.MethodDeclVec.008.smt2
[DEBUG] Predicted solver: cvc5 for benchmark UFLIA/simplify2/front_end_suite/javafe.tc.MethodDeclVec.008.smt2
[DEBUG] Benchmark UFLIA/simplify2/front_end_suite/javafe.tc.MethodDeclVec.008.smt2: solved=True, runtime=0.29s, PAR-2=0.29s
[DEBUG] Processing 389/2279: UFLIA/sledgehammer/Fundamental_Theorem_Algebra/smtlib.590508.smt2
[DEBUG] Predicted solver: cvc5 for benchmark UFLIA/sledgehammer/Fundamental_Theorem_Algebra/smtlib.590508.smt2
[DEBUG] Benchmark UFLIA/sledgehammer/Fundamental_Theorem_Algebra/smtlib.590508.smt2: solved=False, runtime=1200.00s, PAR-2=2400.00s
[DEBUG] Processing 390/2279: UFLIA/simplify/javafe.tc.TypeCheck.716.smt2
[DEBUG] Predicted solver: cvc5 for benchmark UFLIA/simplify/javafe.tc.TypeCheck.716.smt2
[DEBUG] Benchmark UFLIA/simplify/javafe.tc.TypeCheck.716.smt2: solved=True, runtime=0.76s, PAR-2=0.76s
[DEBUG] Processing 391/2279: UFLIA/simplify/javafe.parser.Parse.551.smt2
[DEBUG] Predicted solver: cvc5 for benchmark UFLIA/simplify/javafe.parser.Parse.551.smt2
[DEBUG] Benchmark UFLIA/simplify/javafe.parser.Parse.551.smt2: solved=True, runtime=0.27s, PAR-2=0.27s
[DEBUG] Processing 392/2279: UFLIA/sledgehammer/FFT/smtlib.735487.smt2
[DEBUG] Predicted solver: iProver for benchmark UFLIA/sledgehammer/FFT/smtlib.735487.smt2
[DEBUG] Benchmark UFLIA/sledgehammer/FFT/smtlib.735487.smt2: solved=False, runtime=1200.00s, PAR-2=2400.00s
[DEBUG] Processing 393/2279: UFLIA/sledgehammer/QEpres/smtlib.839709.smt2
[DEBUG] Predicted solver: cvc5 for benchmark UFLIA/sledgehammer/QEpres/smtlib.839709.smt2
[DEBUG] Benchmark UFLIA/sledgehammer/QEpres/smtlib.839709.smt2: solved=False, runtime=1200.00s, PAR-2=2400.00s
[DEBUG] Processing 394/2279: UFLIA/simplify2/front_end_suite/javafe.parser.TagConstants.003.smt2
[DEBUG] Predicted solver: cvc5 for benchmark UFLIA/simplify2/front_end_suite/javafe.parser.TagConstants.003.smt2
[DEBUG] Benchmark UFLIA/simplify2/front_end_suite/javafe.parser.TagConstants.003.smt2: solved=True, runtime=0.39s, PAR-2=0.39s
[DEBUG] Processing 395/2279: UFLIA/sledgehammer/Fundamental_Theorem_Algebra/smtlib.1509557.smt2
[DEBUG] Predicted solver: cvc5 for benchmark UFLIA/sledgehammer/Fundamental_Theorem_Algebra/smtlib.1509557.smt2
[DEBUG] Benchmark UFLIA/sledgehammer/Fundamental_Theorem_Algebra/smtlib.1509557.smt2: solved=True, runtime=0.29s, PAR-2=0.29s
[DEBUG] Processing 396/2279: UFLIA/boogie/CommittedOblivious_CO.Q.smt2
[DEBUG] Predicted solver: cvc5 for benchmark UFLIA/boogie/CommittedOblivious_CO.Q.smt2
[DEBUG] Benchmark UFLIA/boogie/CommittedOblivious_CO.Q.smt2: solved=False, runtime=1200.00s, PAR-2=2400.00s
[DEBUG] Processing 397/2279: UFLIA/sledgehammer/QEpres/smtlib.1205712.smt2
[DEBUG] Predicted solver: cvc5 for benchmark UFLIA/sledgehammer/QEpres/smtlib.1205712.smt2
[DEBUG] Benchmark UFLIA/sledgehammer/QEpres/smtlib.1205712.smt2: solved=False, runtime=1200.00s, PAR-2=2400.00s
[DEBUG] Processing 398/2279: UFLIA/sledgehammer/Fundamental_Theorem_Algebra/smtlib.1135247.smt2
[DEBUG] Predicted solver: cvc5 for benchmark UFLIA/sledgehammer/Fundamental_Theorem_Algebra/smtlib.1135247.smt2
[DEBUG] Benchmark UFLIA/sledgehammer/Fundamental_Theorem_Algebra/smtlib.1135247.smt2: solved=False, runtime=1200.00s, PAR-2=2400.00s
[DEBUG] Processing 399/2279: UFLIA/simplify/javafe.ast.LexicalPragmaVec.219.smt2
[DEBUG] Predicted solver: cvc5 for benchmark UFLIA/simplify/javafe.ast.LexicalPragmaVec.219.smt2
[DEBUG] Benchmark UFLIA/simplify/javafe.ast.LexicalPragmaVec.219.smt2: solved=True, runtime=0.88s, PAR-2=0.88s
[DEBUG] Processing 400/2279: UFLIA/sledgehammer/FFT/smtlib.898916.smt2
[DEBUG] Predicted solver: SMTInterpol for benchmark UFLIA/sledgehammer/FFT/smtlib.898916.smt2
[DEBUG] Benchmark UFLIA/sledgehammer/FFT/smtlib.898916.smt2: solved=True, runtime=0.87s, PAR-2=0.87s
[DEBUG] Processing 401/2279: UFLIA/simplify2/front_end_suite/javafe.tc.FlowInsensitiveChecks.034.smt2
[DEBUG] Predicted solver: cvc5 for benchmark UFLIA/simplify2/front_end_suite/javafe.tc.FlowInsensitiveChecks.034.smt2
[DEBUG] Benchmark UFLIA/simplify2/front_end_suite/javafe.tc.FlowInsensitiveChecks.034.smt2: solved=True, runtime=0.64s, PAR-2=0.64s
[DEBUG] Processing 402/2279: UFLIA/sledgehammer/Arrow_Order/smtlib.669736.smt2
[DEBUG] Predicted solver: cvc5 for benchmark UFLIA/sledgehammer/Arrow_Order/smtlib.669736.smt2
[DEBUG] Benchmark UFLIA/sledgehammer/Arrow_Order/smtlib.669736.smt2: solved=True, runtime=481.49s, PAR-2=481.49s
[DEBUG] Processing 403/2279: UFLIA/boogie/PeerFields_PeerFields.R_System.Int32.smt2
[DEBUG] Predicted solver: cvc5 for benchmark UFLIA/boogie/PeerFields_PeerFields.R_System.Int32.smt2
[DEBUG] Benchmark UFLIA/boogie/PeerFields_PeerFields.R_System.Int32.smt2: solved=True, runtime=483.22s, PAR-2=483.22s
[DEBUG] Processing 404/2279: UFLIA/sledgehammer/Fundamental_Theorem_Algebra/smtlib.827183.smt2
[DEBUG] Predicted solver: iProver for benchmark UFLIA/sledgehammer/Fundamental_Theorem_Algebra/smtlib.827183.smt2
[DEBUG] Benchmark UFLIA/sledgehammer/Fundamental_Theorem_Algebra/smtlib.827183.smt2: solved=False, runtime=1200.00s, PAR-2=2400.00s
[DEBUG] Processing 405/2279: UFLIA/simplify/javafe.tc.OutsideEnv.703.smt2
[DEBUG] Predicted solver: cvc5 for benchmark UFLIA/simplify/javafe.tc.OutsideEnv.703.smt2
[DEBUG] Benchmark UFLIA/simplify/javafe.tc.OutsideEnv.703.smt2: solved=True, runtime=0.37s, PAR-2=0.37s
[DEBUG] Processing 406/2279: UFLIA/simplify/javafe.tc.PrepTypeDeclaration.706.smt2
[DEBUG] Predicted solver: cvc5 for benchmark UFLIA/simplify/javafe.tc.PrepTypeDeclaration.706.smt2
[DEBUG] Benchmark UFLIA/simplify/javafe.tc.PrepTypeDeclaration.706.smt2: solved=True, runtime=1.63s, PAR-2=1.63s
[DEBUG] Processing 407/2279: UFLIA/sledgehammer/NS_Shared/smtlib.877754.smt2
[DEBUG] Predicted solver: cvc5 for benchmark UFLIA/sledgehammer/NS_Shared/smtlib.877754.smt2
[DEBUG] Benchmark UFLIA/sledgehammer/NS_Shared/smtlib.877754.smt2: solved=False, runtime=1200.00s, PAR-2=2400.00s
[DEBUG] Processing 408/2279: UFLIA/sledgehammer/Hoare/smtlib.617769.smt2
[DEBUG] Predicted solver: iProver for benchmark UFLIA/sledgehammer/Hoare/smtlib.617769.smt2
[DEBUG] Benchmark UFLIA/sledgehammer/Hoare/smtlib.617769.smt2: solved=True, runtime=64.02s, PAR-2=64.02s
[DEBUG] Processing 409/2279: UFLIA/simplify2/front_end_suite/javafe.parser.test.TestLex.003.smt2
[DEBUG] Predicted solver: cvc5 for benchmark UFLIA/simplify2/front_end_suite/javafe.parser.test.TestLex.003.smt2
[DEBUG] Benchmark UFLIA/simplify2/front_end_suite/javafe.parser.test.TestLex.003.smt2: solved=True, runtime=0.32s, PAR-2=0.32s
[DEBUG] Processing 410/2279: UFLIA/simplify2/front_end_suite/javafe.ast.TypeNameVec.002.smt2
[DEBUG] Predicted solver: cvc5 for benchmark UFLIA/simplify2/front_end_suite/javafe.ast.TypeNameVec.002.smt2
[DEBUG] Benchmark UFLIA/simplify2/front_end_suite/javafe.ast.TypeNameVec.002.smt2: solved=True, runtime=0.60s, PAR-2=0.60s
[DEBUG] Processing 411/2279: UFLIA/sledgehammer/Fundamental_Theorem_Algebra/smtlib.1341055.smt2
[DEBUG] Predicted solver: cvc5 for benchmark UFLIA/sledgehammer/Fundamental_Theorem_Algebra/smtlib.1341055.smt2
[DEBUG] Benchmark UFLIA/sledgehammer/Fundamental_Theorem_Algebra/smtlib.1341055.smt2: solved=False, runtime=1200.00s, PAR-2=2400.00s
[DEBUG] Processing 412/2279: UFLIA/sledgehammer/Hoare/smtlib.571239.smt2
[DEBUG] Predicted solver: cvc5 for benchmark UFLIA/sledgehammer/Hoare/smtlib.571239.smt2
[DEBUG] Benchmark UFLIA/sledgehammer/Hoare/smtlib.571239.smt2: solved=True, runtime=0.61s, PAR-2=0.61s
[DEBUG] Processing 413/2279: UFLIA/simplify2/front_end_suite/javafe.ast.ClassDecl.004.smt2
[DEBUG] Predicted solver: cvc5 for benchmark UFLIA/simplify2/front_end_suite/javafe.ast.ClassDecl.004.smt2
[DEBUG] Benchmark UFLIA/simplify2/front_end_suite/javafe.ast.ClassDecl.004.smt2: solved=True, runtime=0.71s, PAR-2=0.71s
[DEBUG] Processing 414/2279: UFLIA/simplify2/front_end_suite/javafe.parser.Lex.018.smt2
[DEBUG] Predicted solver: cvc5 for benchmark UFLIA/simplify2/front_end_suite/javafe.parser.Lex.018.smt2
[DEBUG] Benchmark UFLIA/simplify2/front_end_suite/javafe.parser.Lex.018.smt2: solved=True, runtime=0.98s, PAR-2=0.98s
[DEBUG] Processing 415/2279: UFLIA/sledgehammer/Fundamental_Theorem_Algebra/smtlib.602592.smt2
[DEBUG] Predicted solver: cvc5 for benchmark UFLIA/sledgehammer/Fundamental_Theorem_Algebra/smtlib.602592.smt2
[DEBUG] Benchmark UFLIA/sledgehammer/Fundamental_Theorem_Algebra/smtlib.602592.smt2: solved=False, runtime=1200.00s, PAR-2=2400.00s
[DEBUG] Processing 416/2279: UFLIA/simplify/javafe.tc.Env.649.smt2
[DEBUG] Predicted solver: cvc5 for benchmark UFLIA/simplify/javafe.tc.Env.649.smt2
[DEBUG] Benchmark UFLIA/simplify/javafe.tc.Env.649.smt2: solved=True, runtime=1.12s, PAR-2=1.12s
[DEBUG] Processing 417/2279: UFLIA/simplify/javafe.util.LocationManagerCorrelatedReader.801.smt2
[DEBUG] Predicted solver: cvc5 for benchmark UFLIA/simplify/javafe.util.LocationManagerCorrelatedReader.801.smt2
[DEBUG] Benchmark UFLIA/simplify/javafe.util.LocationManagerCorrelatedReader.801.smt2: solved=True, runtime=4.06s, PAR-2=4.06s
[DEBUG] Processing 418/2279: UFLIA/sledgehammer/TwoSquares/smtlib.729658.smt2
[DEBUG] Predicted solver: cvc5 for benchmark UFLIA/sledgehammer/TwoSquares/smtlib.729658.smt2
[DEBUG] Benchmark UFLIA/sledgehammer/TwoSquares/smtlib.729658.smt2: solved=False, runtime=1200.00s, PAR-2=2400.00s
[DEBUG] Processing 419/2279: UFLIA/tokeneer/auditlog/addelementtologfile-3.smt2
[DEBUG] Predicted solver: SMTInterpol for benchmark UFLIA/tokeneer/auditlog/addelementtologfile-3.smt2
[DEBUG] Benchmark UFLIA/tokeneer/auditlog/addelementtologfile-3.smt2: solved=True, runtime=3.45s, PAR-2=3.45s
[DEBUG] Processing 420/2279: UFLIA/tokeneer/door/poll-11.smt2
[DEBUG] Predicted solver: SMTInterpol for benchmark UFLIA/tokeneer/door/poll-11.smt2
[DEBUG] Benchmark UFLIA/tokeneer/door/poll-11.smt2: solved=True, runtime=1.50s, PAR-2=1.50s
[DEBUG] Processing 421/2279: UFLIA/sledgehammer/Fundamental_Theorem_Algebra/smtlib.1285792.smt2
[DEBUG] Predicted solver: cvc5 for benchmark UFLIA/sledgehammer/Fundamental_Theorem_Algebra/smtlib.1285792.smt2
[DEBUG] Benchmark UFLIA/sledgehammer/Fundamental_Theorem_Algebra/smtlib.1285792.smt2: solved=True, runtime=4.73s, PAR-2=4.73s
[DEBUG] Processing 422/2279: UFLIA/sledgehammer/Fundamental_Theorem_Algebra/smtlib.1027777.smt2
[DEBUG] Predicted solver: cvc5 for benchmark UFLIA/sledgehammer/Fundamental_Theorem_Algebra/smtlib.1027777.smt2
[DEBUG] Benchmark UFLIA/sledgehammer/Fundamental_Theorem_Algebra/smtlib.1027777.smt2: solved=True, runtime=122.66s, PAR-2=122.66s
[DEBUG] Processing 423/2279: UFLIA/sledgehammer/QEpres/smtlib.1129449.smt2
[DEBUG] Predicted solver: cvc5 for benchmark UFLIA/sledgehammer/QEpres/smtlib.1129449.smt2
[DEBUG] Benchmark UFLIA/sledgehammer/QEpres/smtlib.1129449.smt2: solved=False, runtime=1200.00s, PAR-2=2400.00s
[DEBUG] Processing 424/2279: UFLIA/simplify2/front_end_suite/javafe.ast.ImportDeclVec.008.smt2
[DEBUG] Predicted solver: cvc5 for benchmark UFLIA/simplify2/front_end_suite/javafe.ast.ImportDeclVec.008.smt2
[DEBUG] Benchmark UFLIA/simplify2/front_end_suite/javafe.ast.ImportDeclVec.008.smt2: solved=True, runtime=0.27s, PAR-2=0.27s
[DEBUG] Processing 425/2279: UFLIA/sledgehammer/TwoSquares/smtlib.728831.smt2
[DEBUG] Predicted solver: cvc5 for benchmark UFLIA/sledgehammer/TwoSquares/smtlib.728831.smt2
[DEBUG] Benchmark UFLIA/sledgehammer/TwoSquares/smtlib.728831.smt2: solved=False, runtime=1200.00s, PAR-2=2400.00s
[DEBUG] Processing 426/2279: UFLIA/sledgehammer/TwoSquares/smtlib.775233.smt2
[DEBUG] Predicted solver: cvc5 for benchmark UFLIA/sledgehammer/TwoSquares/smtlib.775233.smt2
[DEBUG] Benchmark UFLIA/sledgehammer/TwoSquares/smtlib.775233.smt2: solved=False, runtime=1200.00s, PAR-2=2400.00s
[DEBUG] Processing 427/2279: UFLIA/sledgehammer/Fundamental_Theorem_Algebra/smtlib.931051.smt2
[DEBUG] Predicted solver: iProver for benchmark UFLIA/sledgehammer/Fundamental_Theorem_Algebra/smtlib.931051.smt2
[DEBUG] Benchmark UFLIA/sledgehammer/Fundamental_Theorem_Algebra/smtlib.931051.smt2: solved=False, runtime=1200.00s, PAR-2=2400.00s
[DEBUG] Processing 428/2279: UFLIA/simplify2/front_end_suite/javafe.ast.ModifierPragmaVec.002.smt2
[DEBUG] Predicted solver: cvc5 for benchmark UFLIA/simplify2/front_end_suite/javafe.ast.ModifierPragmaVec.002.smt2
[DEBUG] Benchmark UFLIA/simplify2/front_end_suite/javafe.ast.ModifierPragmaVec.002.smt2: solved=True, runtime=0.50s, PAR-2=0.50s
[DEBUG] Processing 429/2279: UFLIA/simplify/javafe.ast.TypeDeclVec.387.smt2
[DEBUG] Predicted solver: cvc5 for benchmark UFLIA/simplify/javafe.ast.TypeDeclVec.387.smt2
[DEBUG] Benchmark UFLIA/simplify/javafe.ast.TypeDeclVec.387.smt2: solved=True, runtime=0.36s, PAR-2=0.36s
[DEBUG] Processing 430/2279: UFLIA/simplify2/front_end_suite/javafe.parser.Token.001.smt2
[DEBUG] Predicted solver: cvc5 for benchmark UFLIA/simplify2/front_end_suite/javafe.parser.Token.001.smt2
[DEBUG] Benchmark UFLIA/simplify2/front_end_suite/javafe.parser.Token.001.smt2: solved=True, runtime=0.33s, PAR-2=0.33s
[DEBUG] Processing 431/2279: UFLIA/sledgehammer/Hoare/smtlib.1095947.smt2
[DEBUG] Predicted solver: cvc5 for benchmark UFLIA/sledgehammer/Hoare/smtlib.1095947.smt2
[DEBUG] Benchmark UFLIA/sledgehammer/Hoare/smtlib.1095947.smt2: solved=False, runtime=1200.00s, PAR-2=2400.00s
[DEBUG] Processing 432/2279: UFLIA/sledgehammer/Fundamental_Theorem_Algebra/smtlib.607146.smt2
[DEBUG] Predicted solver: cvc5 for benchmark UFLIA/sledgehammer/Fundamental_Theorem_Algebra/smtlib.607146.smt2
[DEBUG] Benchmark UFLIA/sledgehammer/Fundamental_Theorem_Algebra/smtlib.607146.smt2: solved=False, runtime=1200.00s, PAR-2=2400.00s
[DEBUG] Processing 433/2279: UFLIA/sledgehammer/Fundamental_Theorem_Algebra/smtlib.947845.smt2
[DEBUG] Predicted solver: SMTInterpol for benchmark UFLIA/sledgehammer/Fundamental_Theorem_Algebra/smtlib.947845.smt2
[DEBUG] Benchmark UFLIA/sledgehammer/Fundamental_Theorem_Algebra/smtlib.947845.smt2: solved=True, runtime=0.55s, PAR-2=0.55s
[DEBUG] Processing 434/2279: UFLIA/sledgehammer/Fundamental_Theorem_Algebra/smtlib.626357.smt2
[DEBUG] Predicted solver: iProver for benchmark UFLIA/sledgehammer/Fundamental_Theorem_Algebra/smtlib.626357.smt2
[DEBUG] Benchmark UFLIA/sledgehammer/Fundamental_Theorem_Algebra/smtlib.626357.smt2: solved=False, runtime=1200.00s, PAR-2=2400.00s
[DEBUG] Processing 435/2279: UFLIA/simplify2/front_end_suite/javafe.tc.EnvForTypeSig.003.smt2
[DEBUG] Predicted solver: cvc5 for benchmark UFLIA/simplify2/front_end_suite/javafe.tc.EnvForTypeSig.003.smt2
[DEBUG] Benchmark UFLIA/simplify2/front_end_suite/javafe.tc.EnvForTypeSig.003.smt2: solved=True, runtime=0.37s, PAR-2=0.37s
[DEBUG] Processing 436/2279: UFLIA/simplify/javafe.ast.RoutineDecl.298.smt2
[DEBUG] Predicted solver: cvc5 for benchmark UFLIA/simplify/javafe.ast.RoutineDecl.298.smt2
[DEBUG] Benchmark UFLIA/simplify/javafe.ast.RoutineDecl.298.smt2: solved=True, runtime=0.25s, PAR-2=0.25s
[DEBUG] Processing 437/2279: UFLIA/sledgehammer/QEpres/smtlib.980521.smt2
[DEBUG] Predicted solver: cvc5 for benchmark UFLIA/sledgehammer/QEpres/smtlib.980521.smt2
[DEBUG] Benchmark UFLIA/sledgehammer/QEpres/smtlib.980521.smt2: solved=True, runtime=31.21s, PAR-2=31.21s
[DEBUG] Processing 438/2279: UFLIA/boogie/WhereMotivation_Types.M-modifiesOnLoop_1.smt2
[DEBUG] Predicted solver: cvc5 for benchmark UFLIA/boogie/WhereMotivation_Types.M-modifiesOnLoop_1.smt2
[DEBUG] Benchmark UFLIA/boogie/WhereMotivation_Types.M-modifiesOnLoop_1.smt2: solved=True, runtime=0.30s, PAR-2=0.30s
[DEBUG] Processing 439/2279: UFLIA/simplify2/front_end_suite/javafe.ast.DoStmt.008.smt2
[DEBUG] Predicted solver: cvc5 for benchmark UFLIA/simplify2/front_end_suite/javafe.ast.DoStmt.008.smt2
[DEBUG] Benchmark UFLIA/simplify2/front_end_suite/javafe.ast.DoStmt.008.smt2: solved=True, runtime=23.24s, PAR-2=23.24s
[DEBUG] Processing 440/2279: UFLIA/sledgehammer/StrongNorm/smtlib.614780.smt2
[DEBUG] Predicted solver: iProver for benchmark UFLIA/sledgehammer/StrongNorm/smtlib.614780.smt2
[DEBUG] Benchmark UFLIA/sledgehammer/StrongNorm/smtlib.614780.smt2: solved=False, runtime=1200.00s, PAR-2=2400.00s
[DEBUG] Processing 441/2279: UFLIA/boogie/ValidAndPrevalid_Interval.Foo3.smt2
[DEBUG] Predicted solver: cvc5 for benchmark UFLIA/boogie/ValidAndPrevalid_Interval.Foo3.smt2
[DEBUG] Benchmark UFLIA/boogie/ValidAndPrevalid_Interval.Foo3.smt2: solved=False, runtime=1200.00s, PAR-2=2400.00s
[DEBUG] Processing 442/2279: UFLIA/sledgehammer/FFT/smtlib.1022845.smt2
[DEBUG] Predicted solver: cvc5 for benchmark UFLIA/sledgehammer/FFT/smtlib.1022845.smt2
[DEBUG] Benchmark UFLIA/sledgehammer/FFT/smtlib.1022845.smt2: solved=False, runtime=1200.00s, PAR-2=2400.00s
[DEBUG] Processing 443/2279: UFLIA/sledgehammer/FFT/smtlib.604578.smt2
[DEBUG] Predicted solver: iProver for benchmark UFLIA/sledgehammer/FFT/smtlib.604578.smt2
[DEBUG] Benchmark UFLIA/sledgehammer/FFT/smtlib.604578.smt2: solved=False, runtime=1200.00s, PAR-2=2400.00s
[DEBUG] Processing 444/2279: UFLIA/sledgehammer/TwoSquares/smtlib.894689.smt2
[DEBUG] Predicted solver: SMTInterpol for benchmark UFLIA/sledgehammer/TwoSquares/smtlib.894689.smt2
[DEBUG] Benchmark UFLIA/sledgehammer/TwoSquares/smtlib.894689.smt2: solved=True, runtime=0.52s, PAR-2=0.52s
[DEBUG] Processing 445/2279: UFLIA/sledgehammer/Arrow_Order/smtlib.573104.smt2
[DEBUG] Predicted solver: cvc5 for benchmark UFLIA/sledgehammer/Arrow_Order/smtlib.573104.smt2
[DEBUG] Benchmark UFLIA/sledgehammer/Arrow_Order/smtlib.573104.smt2: solved=False, runtime=1200.00s, PAR-2=2400.00s
[DEBUG] Processing 446/2279: UFLIA/sledgehammer/QEpres/smtlib.609781.smt2
[DEBUG] Predicted solver: iProver for benchmark UFLIA/sledgehammer/QEpres/smtlib.609781.smt2
[DEBUG] Benchmark UFLIA/sledgehammer/QEpres/smtlib.609781.smt2: solved=True, runtime=3.92s, PAR-2=3.92s
[DEBUG] Processing 447/2279: UFLIA/sledgehammer/StrongNorm/smtlib.782141.smt2
[DEBUG] Predicted solver: cvc5 for benchmark UFLIA/sledgehammer/StrongNorm/smtlib.782141.smt2
[DEBUG] Benchmark UFLIA/sledgehammer/StrongNorm/smtlib.782141.smt2: solved=False, runtime=1200.00s, PAR-2=2400.00s
[DEBUG] Processing 448/2279: UFLIA/sledgehammer/TwoSquares/smtlib.802230.smt2
[DEBUG] Predicted solver: cvc5 for benchmark UFLIA/sledgehammer/TwoSquares/smtlib.802230.smt2
[DEBUG] Benchmark UFLIA/sledgehammer/TwoSquares/smtlib.802230.smt2: solved=True, runtime=0.47s, PAR-2=0.47s
[DEBUG] Processing 449/2279: UFLIA/sledgehammer/Arrow_Order/smtlib.780544.smt2
[DEBUG] Predicted solver: cvc5 for benchmark UFLIA/sledgehammer/Arrow_Order/smtlib.780544.smt2
[DEBUG] Benchmark UFLIA/sledgehammer/Arrow_Order/smtlib.780544.smt2: solved=True, runtime=31.42s, PAR-2=31.42s
[DEBUG] Processing 450/2279: UFLIA/boogie/ExposeVersion_X.ObjectCreationWithMethodQuery_X_notnull-level_2.smt2
[DEBUG] Predicted solver: cvc5 for benchmark UFLIA/boogie/ExposeVersion_X.ObjectCreationWithMethodQuery_X_notnull-level_2.smt2
[DEBUG] Benchmark UFLIA/boogie/ExposeVersion_X.ObjectCreationWithMethodQuery_X_notnull-level_2.smt2: solved=True, runtime=0.61s, PAR-2=0.61s
[DEBUG] Processing 451/2279: UFLIA/sledgehammer/TwoSquares/smtlib.786396.smt2
[DEBUG] Predicted solver: SMTInterpol for benchmark UFLIA/sledgehammer/TwoSquares/smtlib.786396.smt2
[DEBUG] Benchmark UFLIA/sledgehammer/TwoSquares/smtlib.786396.smt2: solved=False, runtime=1200.00s, PAR-2=2400.00s
[DEBUG] Processing 452/2279: UFLIA/sledgehammer/Fundamental_Theorem_Algebra/smtlib.1069103.smt2
[DEBUG] Predicted solver: cvc5 for benchmark UFLIA/sledgehammer/Fundamental_Theorem_Algebra/smtlib.1069103.smt2
[DEBUG] Benchmark UFLIA/sledgehammer/Fundamental_Theorem_Algebra/smtlib.1069103.smt2: solved=False, runtime=1200.00s, PAR-2=2400.00s
[DEBUG] Processing 453/2279: UFLIA/simplify/javafe.ast.MethodDecl.239.smt2
[DEBUG] Predicted solver: cvc5 for benchmark UFLIA/simplify/javafe.ast.MethodDecl.239.smt2
[DEBUG] Benchmark UFLIA/simplify/javafe.ast.MethodDecl.239.smt2: solved=True, runtime=0.31s, PAR-2=0.31s
[DEBUG] Processing 454/2279: UFLIA/sledgehammer/Fundamental_Theorem_Algebra/smtlib.738258.smt2
[DEBUG] Predicted solver: cvc5 for benchmark UFLIA/sledgehammer/Fundamental_Theorem_Algebra/smtlib.738258.smt2
[DEBUG] Benchmark UFLIA/sledgehammer/Fundamental_Theorem_Algebra/smtlib.738258.smt2: solved=True, runtime=0.34s, PAR-2=0.34s
[DEBUG] Processing 455/2279: UFLIA/sledgehammer/Fundamental_Theorem_Algebra/smtlib.1011527.smt2
[DEBUG] Predicted solver: cvc5 for benchmark UFLIA/sledgehammer/Fundamental_Theorem_Algebra/smtlib.1011527.smt2
[DEBUG] Benchmark UFLIA/sledgehammer/Fundamental_Theorem_Algebra/smtlib.1011527.smt2: solved=True, runtime=270.84s, PAR-2=270.84s
[DEBUG] Processing 456/2279: UFLIA/sledgehammer/QEpres/smtlib.840400.smt2
[DEBUG] Predicted solver: cvc5 for benchmark UFLIA/sledgehammer/QEpres/smtlib.840400.smt2
[DEBUG] Benchmark UFLIA/sledgehammer/QEpres/smtlib.840400.smt2: solved=False, runtime=1200.00s, PAR-2=2400.00s
[DEBUG] Processing 457/2279: UFLIA/sledgehammer/QEpres/smtlib.827559.smt2
[DEBUG] Predicted solver: cvc5 for benchmark UFLIA/sledgehammer/QEpres/smtlib.827559.smt2
[DEBUG] Benchmark UFLIA/sledgehammer/QEpres/smtlib.827559.smt2: solved=False, runtime=1200.00s, PAR-2=2400.00s
[DEBUG] Processing 458/2279: UFLIA/boogie/Spouse_Person.MarryAssignTheOtherWayAround_GoodnessRestored_Person_notnull_System.Boolean.smt2
[DEBUG] Predicted solver: cvc5 for benchmark UFLIA/boogie/Spouse_Person.MarryAssignTheOtherWayAround_GoodnessRestored_Person_notnull_System.Boolean.smt2
[DEBUG] Benchmark UFLIA/boogie/Spouse_Person.MarryAssignTheOtherWayAround_GoodnessRestored_Person_notnull_System.Boolean.smt2: solved=True, runtime=17.13s, PAR-2=17.13s
[DEBUG] Processing 459/2279: UFLIA/simplify/javafe.tc.TypeSig.729.smt2
[DEBUG] Predicted solver: cvc5 for benchmark UFLIA/simplify/javafe.tc.TypeSig.729.smt2
[DEBUG] Benchmark UFLIA/simplify/javafe.tc.TypeSig.729.smt2: solved=True, runtime=1.48s, PAR-2=1.48s
[DEBUG] Processing 460/2279: UFLIA/simplify/javafe.ast.MethodInvocation.245.smt2
[DEBUG] Predicted solver: cvc5 for benchmark UFLIA/simplify/javafe.ast.MethodInvocation.245.smt2
[DEBUG] Benchmark UFLIA/simplify/javafe.ast.MethodInvocation.245.smt2: solved=True, runtime=0.78s, PAR-2=0.78s
[DEBUG] Processing 461/2279: UFLIA/sledgehammer/NS_Shared/smtlib.580173.smt2
[DEBUG] Predicted solver: cvc5 for benchmark UFLIA/sledgehammer/NS_Shared/smtlib.580173.smt2
[DEBUG] Benchmark UFLIA/sledgehammer/NS_Shared/smtlib.580173.smt2: solved=True, runtime=0.67s, PAR-2=0.67s
[DEBUG] Processing 462/2279: UFLIA/tokeneer/admintoken/poll-4.smt2
[DEBUG] Predicted solver: cvc5 for benchmark UFLIA/tokeneer/admintoken/poll-4.smt2
[DEBUG] Benchmark UFLIA/tokeneer/admintoken/poll-4.smt2: solved=False, runtime=1200.00s, PAR-2=2400.00s
[DEBUG] Processing 463/2279: UFLIA/simplify/javafe.parser.Lex.546.smt2
[DEBUG] Predicted solver: cvc5 for benchmark UFLIA/simplify/javafe.parser.Lex.546.smt2
[DEBUG] Benchmark UFLIA/simplify/javafe.parser.Lex.546.smt2: solved=True, runtime=6.57s, PAR-2=6.57s
[DEBUG] Processing 464/2279: UFLIA/sledgehammer/Fundamental_Theorem_Algebra/smtlib.1155379.smt2
[DEBUG] Predicted solver: cvc5 for benchmark UFLIA/sledgehammer/Fundamental_Theorem_Algebra/smtlib.1155379.smt2
[DEBUG] Benchmark UFLIA/sledgehammer/Fundamental_Theorem_Algebra/smtlib.1155379.smt2: solved=False, runtime=1200.00s, PAR-2=2400.00s
[DEBUG] Processing 465/2279: UFLIA/boogie/Factory_Test.Q.smt2
[DEBUG] Predicted solver: cvc5 for benchmark UFLIA/boogie/Factory_Test.Q.smt2
[DEBUG] Benchmark UFLIA/boogie/Factory_Test.Q.smt2: solved=True, runtime=1.11s, PAR-2=1.11s
[DEBUG] Processing 466/2279: UFLIA/sledgehammer/TwoSquares/smtlib.807902.smt2
[DEBUG] Predicted solver: SMTInterpol for benchmark UFLIA/sledgehammer/TwoSquares/smtlib.807902.smt2
[DEBUG] Benchmark UFLIA/sledgehammer/TwoSquares/smtlib.807902.smt2: solved=True, runtime=0.66s, PAR-2=0.66s
[DEBUG] Processing 467/2279: UFLIA/grasshopper/instantiated/contains_postcondition_of_contains_49_7.smt2
[DEBUG] Predicted solver: cvc5 for benchmark UFLIA/grasshopper/instantiated/contains_postcondition_of_contains_49_7.smt2
[DEBUG] Benchmark UFLIA/grasshopper/instantiated/contains_postcondition_of_contains_49_7.smt2: solved=True, runtime=14.44s, PAR-2=14.44s
[DEBUG] Processing 468/2279: UFLIA/grasshopper/uninstantiated/merge_invariant_49_2.smt2
[DEBUG] Predicted solver: cvc5 for benchmark UFLIA/grasshopper/uninstantiated/merge_invariant_49_2.smt2
[DEBUG] Benchmark UFLIA/grasshopper/uninstantiated/merge_invariant_49_2.smt2: solved=True, runtime=490.08s, PAR-2=490.08s
[DEBUG] Processing 469/2279: UFLIA/sledgehammer/TypeSafe/smtlib.1365947.smt2
[DEBUG] Predicted solver: cvc5 for benchmark UFLIA/sledgehammer/TypeSafe/smtlib.1365947.smt2
[DEBUG] Benchmark UFLIA/sledgehammer/TypeSafe/smtlib.1365947.smt2: solved=False, runtime=1200.00s, PAR-2=2400.00s
[DEBUG] Processing 470/2279: UFLIA/boogie/ExposeVersion_X..ctor-level_2.smt2
[DEBUG] Predicted solver: cvc5 for benchmark UFLIA/boogie/ExposeVersion_X..ctor-level_2.smt2
[DEBUG] Benchmark UFLIA/boogie/ExposeVersion_X..ctor-level_2.smt2: solved=True, runtime=0.48s, PAR-2=0.48s
[DEBUG] Processing 471/2279: UFLIA/simplify/javafe.ast.AmbiguousMethodInvocation.30.smt2
[DEBUG] Predicted solver: cvc5 for benchmark UFLIA/simplify/javafe.ast.AmbiguousMethodInvocation.30.smt2
[DEBUG] Benchmark UFLIA/simplify/javafe.ast.AmbiguousMethodInvocation.30.smt2: solved=True, runtime=0.58s, PAR-2=0.58s
[DEBUG] Processing 472/2279: UFLIA/sledgehammer/Fundamental_Theorem_Algebra/smtlib.1471125.smt2
[DEBUG] Predicted solver: iProver for benchmark UFLIA/sledgehammer/Fundamental_Theorem_Algebra/smtlib.1471125.smt2
[DEBUG] Benchmark UFLIA/sledgehammer/Fundamental_Theorem_Algebra/smtlib.1471125.smt2: solved=True, runtime=2.41s, PAR-2=2.41s
[DEBUG] Processing 473/2279: UFLIA/sledgehammer/Arrow_Order/smtlib.793032.smt2
[DEBUG] Predicted solver: iProver for benchmark UFLIA/sledgehammer/Arrow_Order/smtlib.793032.smt2
[DEBUG] Benchmark UFLIA/sledgehammer/Arrow_Order/smtlib.793032.smt2: solved=False, runtime=1200.00s, PAR-2=2400.00s
[DEBUG] Processing 474/2279: UFLIA/simplify2/front_end_suite/javafe.CopyLoaded.015.smt2
[DEBUG] Predicted solver: cvc5 for benchmark UFLIA/simplify2/front_end_suite/javafe.CopyLoaded.015.smt2
[DEBUG] Benchmark UFLIA/simplify2/front_end_suite/javafe.CopyLoaded.015.smt2: solved=True, runtime=0.36s, PAR-2=0.36s
[DEBUG] Processing 475/2279: UFLIA/simplify2/front_end_suite/tohtml.Java2Html.011.smt2
[DEBUG] Predicted solver: cvc5 for benchmark UFLIA/simplify2/front_end_suite/tohtml.Java2Html.011.smt2
[DEBUG] Benchmark UFLIA/simplify2/front_end_suite/tohtml.Java2Html.011.smt2: solved=True, runtime=0.29s, PAR-2=0.29s
[DEBUG] Processing 476/2279: UFLIA/sledgehammer/FFT/smtlib.1022406.smt2
[DEBUG] Predicted solver: cvc5 for benchmark UFLIA/sledgehammer/FFT/smtlib.1022406.smt2
[DEBUG] Benchmark UFLIA/sledgehammer/FFT/smtlib.1022406.smt2: solved=False, runtime=1200.00s, PAR-2=2400.00s
[DEBUG] Processing 477/2279: UFLIA/sledgehammer/QEpres/smtlib.1142685.smt2
[DEBUG] Predicted solver: cvc5 for benchmark UFLIA/sledgehammer/QEpres/smtlib.1142685.smt2
[DEBUG] Benchmark UFLIA/sledgehammer/QEpres/smtlib.1142685.smt2: solved=False, runtime=1200.00s, PAR-2=2400.00s
[DEBUG] Processing 478/2279: UFLIA/sledgehammer/Hoare/smtlib.804621.smt2
[DEBUG] Predicted solver: iProver for benchmark UFLIA/sledgehammer/Hoare/smtlib.804621.smt2
[DEBUG] Benchmark UFLIA/sledgehammer/Hoare/smtlib.804621.smt2: solved=False, runtime=1200.00s, PAR-2=2400.00s
[DEBUG] Processing 479/2279: UFLIA/boogie/PeerModifiesClauses_Homeboy.A-level_2.smt2
[DEBUG] Predicted solver: cvc5 for benchmark UFLIA/boogie/PeerModifiesClauses_Homeboy.A-level_2.smt2
[DEBUG] Benchmark UFLIA/boogie/PeerModifiesClauses_Homeboy.A-level_2.smt2: solved=False, runtime=1200.00s, PAR-2=2400.00s
[DEBUG] Processing 480/2279: UFLIA/sledgehammer/TypeSafe/smtlib.1052641.smt2
[DEBUG] Predicted solver: cvc5 for benchmark UFLIA/sledgehammer/TypeSafe/smtlib.1052641.smt2
[DEBUG] Benchmark UFLIA/sledgehammer/TypeSafe/smtlib.1052641.smt2: solved=False, runtime=1200.00s, PAR-2=2400.00s
[DEBUG] Processing 481/2279: UFLIA/sledgehammer/FFT/smtlib.899255.smt2
[DEBUG] Predicted solver: SMTInterpol for benchmark UFLIA/sledgehammer/FFT/smtlib.899255.smt2
[DEBUG] Benchmark UFLIA/sledgehammer/FFT/smtlib.899255.smt2: solved=True, runtime=0.83s, PAR-2=0.83s
[DEBUG] Processing 482/2279: UFLIA/simplify2/front_end_suite/javafe.tc.CheckCompilationUnit.002.smt2
[DEBUG] Predicted solver: cvc5 for benchmark UFLIA/simplify2/front_end_suite/javafe.tc.CheckCompilationUnit.002.smt2
[DEBUG] Benchmark UFLIA/simplify2/front_end_suite/javafe.tc.CheckCompilationUnit.002.smt2: solved=True, runtime=0.30s, PAR-2=0.30s
[DEBUG] Processing 483/2279: UFLIA/boogie/SimpleAssignments2_SimpleAssignments2.DivisionByZero-infer_i.smt2
[DEBUG] Predicted solver: cvc5 for benchmark UFLIA/boogie/SimpleAssignments2_SimpleAssignments2.DivisionByZero-infer_i.smt2
[DEBUG] Benchmark UFLIA/boogie/SimpleAssignments2_SimpleAssignments2.DivisionByZero-infer_i.smt2: solved=False, runtime=1200.00s, PAR-2=2400.00s
[DEBUG] Processing 484/2279: UFLIA/simplify2/front_end_suite/javafe.ast.SwitchLabel.001.smt2
[DEBUG] Predicted solver: cvc5 for benchmark UFLIA/simplify2/front_end_suite/javafe.ast.SwitchLabel.001.smt2
[DEBUG] Benchmark UFLIA/simplify2/front_end_suite/javafe.ast.SwitchLabel.001.smt2: solved=True, runtime=0.45s, PAR-2=0.45s
[DEBUG] Processing 485/2279: UFLIA/sledgehammer/TwoSquares/smtlib.592026.smt2
[DEBUG] Predicted solver: cvc5 for benchmark UFLIA/sledgehammer/TwoSquares/smtlib.592026.smt2
[DEBUG] Benchmark UFLIA/sledgehammer/TwoSquares/smtlib.592026.smt2: solved=False, runtime=1200.00s, PAR-2=2400.00s
[DEBUG] Processing 486/2279: UFLIA/simplify2/front_end_suite/javafe.ast.TypeDeclVec.014.smt2
[DEBUG] Predicted solver: cvc5 for benchmark UFLIA/simplify2/front_end_suite/javafe.ast.TypeDeclVec.014.smt2
[DEBUG] Benchmark UFLIA/simplify2/front_end_suite/javafe.ast.TypeDeclVec.014.smt2: solved=True, runtime=0.28s, PAR-2=0.28s
[DEBUG] Processing 487/2279: UFLIA/boogie/LocalExpose_C..ctor.smt2
[DEBUG] Predicted solver: cvc5 for benchmark UFLIA/boogie/LocalExpose_C..ctor.smt2
[DEBUG] Benchmark UFLIA/boogie/LocalExpose_C..ctor.smt2: solved=True, runtime=3.58s, PAR-2=3.58s
[DEBUG] Processing 488/2279: UFLIA/simplify2/front_end_suite/javafe.ast.SwitchLabel.006.smt2
[DEBUG] Predicted solver: cvc5 for benchmark UFLIA/simplify2/front_end_suite/javafe.ast.SwitchLabel.006.smt2
[DEBUG] Benchmark UFLIA/simplify2/front_end_suite/javafe.ast.SwitchLabel.006.smt2: solved=True, runtime=10.60s, PAR-2=10.60s
[DEBUG] Processing 489/2279: UFLIA/sledgehammer/Fundamental_Theorem_Algebra/smtlib.1382534.smt2
[DEBUG] Predicted solver: iProver for benchmark UFLIA/sledgehammer/Fundamental_Theorem_Algebra/smtlib.1382534.smt2
[DEBUG] Benchmark UFLIA/sledgehammer/Fundamental_Theorem_Algebra/smtlib.1382534.smt2: solved=False, runtime=1200.00s, PAR-2=2400.00s
[DEBUG] Processing 490/2279: UFLIA/sledgehammer/Fundamental_Theorem_Algebra/smtlib.1460296.smt2
[DEBUG] Predicted solver: iProver for benchmark UFLIA/sledgehammer/Fundamental_Theorem_Algebra/smtlib.1460296.smt2
[DEBUG] Benchmark UFLIA/sledgehammer/Fundamental_Theorem_Algebra/smtlib.1460296.smt2: solved=True, runtime=101.56s, PAR-2=101.56s
[DEBUG] Processing 491/2279: UFLIA/sledgehammer/StrongNorm/smtlib.587358.smt2
[DEBUG] Predicted solver: iProver for benchmark UFLIA/sledgehammer/StrongNorm/smtlib.587358.smt2
[DEBUG] Benchmark UFLIA/sledgehammer/StrongNorm/smtlib.587358.smt2: solved=False, runtime=1200.00s, PAR-2=2400.00s
[DEBUG] Processing 492/2279: UFLIA/simplify2/front_end_suite/javafe.util.SubCorrelatedReader.002.smt2
[DEBUG] Predicted solver: cvc5 for benchmark UFLIA/simplify2/front_end_suite/javafe.util.SubCorrelatedReader.002.smt2
[DEBUG] Benchmark UFLIA/simplify2/front_end_suite/javafe.util.SubCorrelatedReader.002.smt2: solved=True, runtime=0.29s, PAR-2=0.29s
[DEBUG] Processing 493/2279: UFLIA/sledgehammer/NS_Shared/smtlib.803649.smt2
[DEBUG] Predicted solver: cvc5 for benchmark UFLIA/sledgehammer/NS_Shared/smtlib.803649.smt2
[DEBUG] Benchmark UFLIA/sledgehammer/NS_Shared/smtlib.803649.smt2: solved=False, runtime=1200.00s, PAR-2=2400.00s
[DEBUG] Processing 494/2279: UFLIA/sledgehammer/Hoare/smtlib.917229.smt2
[DEBUG] Predicted solver: cvc5 for benchmark UFLIA/sledgehammer/Hoare/smtlib.917229.smt2
[DEBUG] Benchmark UFLIA/sledgehammer/Hoare/smtlib.917229.smt2: solved=True, runtime=0.32s, PAR-2=0.32s
[DEBUG] Processing 495/2279: UFLIA/simplify2/front_end_suite/javafe.filespace.PkgTree.008.smt2
[DEBUG] Predicted solver: cvc5 for benchmark UFLIA/simplify2/front_end_suite/javafe.filespace.PkgTree.008.smt2
[DEBUG] Benchmark UFLIA/simplify2/front_end_suite/javafe.filespace.PkgTree.008.smt2: solved=True, runtime=0.32s, PAR-2=0.32s
[DEBUG] Processing 496/2279: UFLIA/boogie/Types_Types.N0_C_D-orderStrength_1.smt2
[DEBUG] Predicted solver: cvc5 for benchmark UFLIA/boogie/Types_Types.N0_C_D-orderStrength_1.smt2
[DEBUG] Benchmark UFLIA/boogie/Types_Types.N0_C_D-orderStrength_1.smt2: solved=True, runtime=0.50s, PAR-2=0.50s
[DEBUG] Processing 497/2279: UFLIA/simplify2/front_end_suite/javafe.ast.CatchClause.007.smt2
[DEBUG] Predicted solver: cvc5 for benchmark UFLIA/simplify2/front_end_suite/javafe.ast.CatchClause.007.smt2
[DEBUG] Benchmark UFLIA/simplify2/front_end_suite/javafe.ast.CatchClause.007.smt2: solved=True, runtime=12.43s, PAR-2=12.43s
[DEBUG] Processing 498/2279: UFLIA/boogie/Chunker6_Chunker.NextChunk.smt2
[DEBUG] Predicted solver: cvc5 for benchmark UFLIA/boogie/Chunker6_Chunker.NextChunk.smt2
[DEBUG] Benchmark UFLIA/boogie/Chunker6_Chunker.NextChunk.smt2: solved=False, runtime=1200.00s, PAR-2=2400.00s
[DEBUG] Processing 499/2279: UFLIA/sledgehammer/Hoare/smtlib.571875.smt2
[DEBUG] Predicted solver: cvc5 for benchmark UFLIA/sledgehammer/Hoare/smtlib.571875.smt2
[DEBUG] Benchmark UFLIA/sledgehammer/Hoare/smtlib.571875.smt2: solved=True, runtime=0.23s, PAR-2=0.23s
[DEBUG] Processing 500/2279: UFLIA/sledgehammer/TypeSafe/smtlib.1016666.smt2
[DEBUG] Predicted solver: cvc5 for benchmark UFLIA/sledgehammer/TypeSafe/smtlib.1016666.smt2
[DEBUG] Benchmark UFLIA/sledgehammer/TypeSafe/smtlib.1016666.smt2: solved=False, runtime=1200.00s, PAR-2=2400.00s
[DEBUG] Processing 501/2279: UFLIA/sledgehammer/QEpres/smtlib.861518.smt2
[DEBUG] Predicted solver: cvc5 for benchmark UFLIA/sledgehammer/QEpres/smtlib.861518.smt2
[DEBUG] Benchmark UFLIA/sledgehammer/QEpres/smtlib.861518.smt2: solved=False, runtime=1200.00s, PAR-2=2400.00s
[DEBUG] Processing 502/2279: UFLIA/boogie/BClient_Client.P_MyClass_notnull.smt2
[DEBUG] Predicted solver: cvc5 for benchmark UFLIA/boogie/BClient_Client.P_MyClass_notnull.smt2
[DEBUG] Benchmark UFLIA/boogie/BClient_Client.P_MyClass_notnull.smt2: solved=True, runtime=16.30s, PAR-2=16.30s
[DEBUG] Processing 503/2279: UFLIA/sledgehammer/TwoSquares/smtlib.832679.smt2
[DEBUG] Predicted solver: cvc5 for benchmark UFLIA/sledgehammer/TwoSquares/smtlib.832679.smt2
[DEBUG] Benchmark UFLIA/sledgehammer/TwoSquares/smtlib.832679.smt2: solved=True, runtime=0.91s, PAR-2=0.91s
[DEBUG] Processing 504/2279: UFLIA/sledgehammer/TypeSafe/smtlib.813026.smt2
[DEBUG] Predicted solver: cvc5 for benchmark UFLIA/sledgehammer/TypeSafe/smtlib.813026.smt2
[DEBUG] Benchmark UFLIA/sledgehammer/TypeSafe/smtlib.813026.smt2: solved=False, runtime=1200.00s, PAR-2=2400.00s
[DEBUG] Processing 505/2279: UFLIA/simplify/javafe.ast.UnaryExpr.424.smt2
[DEBUG] Predicted solver: cvc5 for benchmark UFLIA/simplify/javafe.ast.UnaryExpr.424.smt2
[DEBUG] Benchmark UFLIA/simplify/javafe.ast.UnaryExpr.424.smt2: solved=True, runtime=1.57s, PAR-2=1.57s
[DEBUG] Processing 506/2279: UFLIA/sledgehammer/Fundamental_Theorem_Algebra/smtlib.633922.smt2
[DEBUG] Predicted solver: cvc5 for benchmark UFLIA/sledgehammer/Fundamental_Theorem_Algebra/smtlib.633922.smt2
[DEBUG] Benchmark UFLIA/sledgehammer/Fundamental_Theorem_Algebra/smtlib.633922.smt2: solved=True, runtime=0.37s, PAR-2=0.37s
[DEBUG] Processing 507/2279: UFLIA/boogie/CommittedOblivious_CO..ctor.smt2
[DEBUG] Predicted solver: cvc5 for benchmark UFLIA/boogie/CommittedOblivious_CO..ctor.smt2
[DEBUG] Benchmark UFLIA/boogie/CommittedOblivious_CO..ctor.smt2: solved=True, runtime=1.12s, PAR-2=1.12s
[DEBUG] Processing 508/2279: UFLIA/boogie/AssignToNonInvariantField_T.Me.smt2
[DEBUG] Predicted solver: cvc5 for benchmark UFLIA/boogie/AssignToNonInvariantField_T.Me.smt2
[DEBUG] Benchmark UFLIA/boogie/AssignToNonInvariantField_T.Me.smt2: solved=False, runtime=1200.00s, PAR-2=2400.00s
[DEBUG] Processing 509/2279: UFLIA/sledgehammer/StrongNorm/smtlib.841017.smt2
[DEBUG] Predicted solver: iProver for benchmark UFLIA/sledgehammer/StrongNorm/smtlib.841017.smt2
[DEBUG] Benchmark UFLIA/sledgehammer/StrongNorm/smtlib.841017.smt2: solved=False, runtime=1200.00s, PAR-2=2400.00s
[DEBUG] Processing 510/2279: UFLIA/tokeneer/admin/thecurrentop-1.smt2
[DEBUG] Predicted solver: cvc5 for benchmark UFLIA/tokeneer/admin/thecurrentop-1.smt2
[DEBUG] Benchmark UFLIA/tokeneer/admin/thecurrentop-1.smt2: solved=False, runtime=1200.00s, PAR-2=2400.00s
[DEBUG] Processing 511/2279: UFLIA/sledgehammer/Fundamental_Theorem_Algebra/smtlib.745189.smt2
[DEBUG] Predicted solver: cvc5 for benchmark UFLIA/sledgehammer/Fundamental_Theorem_Algebra/smtlib.745189.smt2
[DEBUG] Benchmark UFLIA/sledgehammer/Fundamental_Theorem_Algebra/smtlib.745189.smt2: solved=False, runtime=1200.00s, PAR-2=2400.00s
[DEBUG] Processing 512/2279: UFLIA/simplify2/front_end_suite/javafe.CountLines.001.smt2
[DEBUG] Predicted solver: cvc5 for benchmark UFLIA/simplify2/front_end_suite/javafe.CountLines.001.smt2
[DEBUG] Benchmark UFLIA/simplify2/front_end_suite/javafe.CountLines.001.smt2: solved=True, runtime=0.35s, PAR-2=0.35s
[DEBUG] Processing 513/2279: UFLIA/sexpr/SES.PrettySx.Read_System.IO.TextReader_notnull.smt2
[DEBUG] Predicted solver: cvc5 for benchmark UFLIA/sexpr/SES.PrettySx.Read_System.IO.TextReader_notnull.smt2
[DEBUG] Benchmark UFLIA/sexpr/SES.PrettySx.Read_System.IO.TextReader_notnull.smt2: solved=True, runtime=31.48s, PAR-2=31.48s
[DEBUG] Processing 514/2279: UFLIA/sledgehammer/NS_Shared/smtlib.645854.smt2
[DEBUG] Predicted solver: iProver for benchmark UFLIA/sledgehammer/NS_Shared/smtlib.645854.smt2
[DEBUG] Benchmark UFLIA/sledgehammer/NS_Shared/smtlib.645854.smt2: solved=False, runtime=1200.00s, PAR-2=2400.00s
[DEBUG] Processing 515/2279: UFLIA/sledgehammer/Hoare/smtlib.1228213.smt2
[DEBUG] Predicted solver: cvc5 for benchmark UFLIA/sledgehammer/Hoare/smtlib.1228213.smt2
[DEBUG] Benchmark UFLIA/sledgehammer/Hoare/smtlib.1228213.smt2: solved=False, runtime=1200.00s, PAR-2=2400.00s
[DEBUG] Processing 516/2279: UFLIA/sledgehammer/TypeSafe/smtlib.1234495.smt2
[DEBUG] Predicted solver: iProver for benchmark UFLIA/sledgehammer/TypeSafe/smtlib.1234495.smt2
[DEBUG] Benchmark UFLIA/sledgehammer/TypeSafe/smtlib.1234495.smt2: solved=False, runtime=1200.00s, PAR-2=2400.00s
[DEBUG] Processing 517/2279: UFLIA/simplify/javafe.reader.SrcReader.616.smt2
[DEBUG] Predicted solver: cvc5 for benchmark UFLIA/simplify/javafe.reader.SrcReader.616.smt2
[DEBUG] Benchmark UFLIA/simplify/javafe.reader.SrcReader.616.smt2: solved=True, runtime=0.45s, PAR-2=0.45s
[DEBUG] Processing 518/2279: UFLIA/simplify2/front_end_suite/javafe.ast.ModifierPragmaVec.012.smt2
[DEBUG] Predicted solver: cvc5 for benchmark UFLIA/simplify2/front_end_suite/javafe.ast.ModifierPragmaVec.012.smt2
[DEBUG] Benchmark UFLIA/simplify2/front_end_suite/javafe.ast.ModifierPragmaVec.012.smt2: solved=True, runtime=0.32s, PAR-2=0.32s
[DEBUG] Processing 519/2279: UFLIA/boogie/SimpleAssignments4_SimpleAssignment4..ctor-infer_i-vc_local-level_0.smt2
[DEBUG] Predicted solver: cvc5 for benchmark UFLIA/boogie/SimpleAssignments4_SimpleAssignment4..ctor-infer_i-vc_local-level_0.smt2
[DEBUG] Benchmark UFLIA/boogie/SimpleAssignments4_SimpleAssignment4..ctor-infer_i-vc_local-level_0.smt2: solved=False, runtime=1200.00s, PAR-2=2400.00s
[DEBUG] Processing 520/2279: UFLIA/boogie/Types_Types.M2_B-orderStrength_1.smt2
[DEBUG] Predicted solver: cvc5 for benchmark UFLIA/boogie/Types_Types.M2_B-orderStrength_1.smt2
[DEBUG] Benchmark UFLIA/boogie/Types_Types.M2_B-orderStrength_1.smt2: solved=True, runtime=0.35s, PAR-2=0.35s
[DEBUG] Processing 521/2279: UFLIA/boogie/equiv6_M0-infer_e-vc_local.smt2
[DEBUG] Predicted solver: SMTInterpol for benchmark UFLIA/boogie/equiv6_M0-infer_e-vc_local.smt2
[DEBUG] Benchmark UFLIA/boogie/equiv6_M0-infer_e-vc_local.smt2: solved=False, runtime=1200.00s, PAR-2=2400.00s
[DEBUG] Processing 522/2279: UFLIA/simplify2/front_end_suite/javafe.ast.IdentifierVec.018.smt2
[DEBUG] Predicted solver: cvc5 for benchmark UFLIA/simplify2/front_end_suite/javafe.ast.IdentifierVec.018.smt2
[DEBUG] Benchmark UFLIA/simplify2/front_end_suite/javafe.ast.IdentifierVec.018.smt2: solved=True, runtime=1.63s, PAR-2=1.63s
[DEBUG] Processing 523/2279: UFLIA/sledgehammer/QEpres/smtlib.1013163.smt2
[DEBUG] Predicted solver: cvc5 for benchmark UFLIA/sledgehammer/QEpres/smtlib.1013163.smt2
[DEBUG] Benchmark UFLIA/sledgehammer/QEpres/smtlib.1013163.smt2: solved=False, runtime=1200.00s, PAR-2=2400.00s
[DEBUG] Processing 524/2279: UFLIA/grasshopper/instantiated/merge_invariant_49_2.smt2
[DEBUG] Predicted solver: cvc5 for benchmark UFLIA/grasshopper/instantiated/merge_invariant_49_2.smt2
[DEBUG] Benchmark UFLIA/grasshopper/instantiated/merge_invariant_49_2.smt2: solved=True, runtime=0.85s, PAR-2=0.85s
[DEBUG] Processing 525/2279: UFLIA/boogie/StrictReadOnly_C2..ctor.smt2
[DEBUG] Predicted solver: cvc5 for benchmark UFLIA/boogie/StrictReadOnly_C2..ctor.smt2
[DEBUG] Benchmark UFLIA/boogie/StrictReadOnly_C2..ctor.smt2: solved=False, runtime=1200.00s, PAR-2=2400.00s
[DEBUG] Processing 526/2279: UFLIA/simplify2/front_end_suite/tohtml.Java2Html.019.smt2
[DEBUG] Predicted solver: cvc5 for benchmark UFLIA/simplify2/front_end_suite/tohtml.Java2Html.019.smt2
[DEBUG] Benchmark UFLIA/simplify2/front_end_suite/tohtml.Java2Html.019.smt2: solved=True, runtime=0.35s, PAR-2=0.35s
[DEBUG] Processing 527/2279: UFLIA/simplify2/front_end_suite/javafe.tc.PrepTypeDeclaration.017.smt2
[DEBUG] Predicted solver: cvc5 for benchmark UFLIA/simplify2/front_end_suite/javafe.tc.PrepTypeDeclaration.017.smt2
[DEBUG] Benchmark UFLIA/simplify2/front_end_suite/javafe.tc.PrepTypeDeclaration.017.smt2: solved=True, runtime=6.20s, PAR-2=6.20s
[DEBUG] Processing 528/2279: UFLIA/grasshopper/uninstantiated/pull_strands_postcondition_of_pull_strands_102_2.smt2
[DEBUG] Predicted solver: cvc5 for benchmark UFLIA/grasshopper/uninstantiated/pull_strands_postcondition_of_pull_strands_102_2.smt2
[DEBUG] Benchmark UFLIA/grasshopper/uninstantiated/pull_strands_postcondition_of_pull_strands_102_2.smt2: solved=True, runtime=35.21s, PAR-2=35.21s
[DEBUG] Processing 529/2279: UFLIA/sledgehammer/Fundamental_Theorem_Algebra/smtlib.766993.smt2
[DEBUG] Predicted solver: iProver for benchmark UFLIA/sledgehammer/Fundamental_Theorem_Algebra/smtlib.766993.smt2
[DEBUG] Benchmark UFLIA/sledgehammer/Fundamental_Theorem_Algebra/smtlib.766993.smt2: solved=False, runtime=1200.00s, PAR-2=2400.00s
[DEBUG] Processing 530/2279: UFLIA/boogie/Modifies_Arraytests.P1_System.String.array-level_2.smt2
[DEBUG] Predicted solver: cvc5 for benchmark UFLIA/boogie/Modifies_Arraytests.P1_System.String.array-level_2.smt2
[DEBUG] Benchmark UFLIA/boogie/Modifies_Arraytests.P1_System.String.array-level_2.smt2: solved=False, runtime=1200.00s, PAR-2=2400.00s
[DEBUG] Processing 531/2279: UFLIA/simplify2/front_end_suite/javafe.ast.LexicalPragmaVec.019.smt2
[DEBUG] Predicted solver: cvc5 for benchmark UFLIA/simplify2/front_end_suite/javafe.ast.LexicalPragmaVec.019.smt2
[DEBUG] Benchmark UFLIA/simplify2/front_end_suite/javafe.ast.LexicalPragmaVec.019.smt2: solved=True, runtime=0.33s, PAR-2=0.33s
[DEBUG] Processing 532/2279: UFLIA/simplify2/front_end_suite/javafe.ast.LexicalPragmaVec.007.smt2
[DEBUG] Predicted solver: cvc5 for benchmark UFLIA/simplify2/front_end_suite/javafe.ast.LexicalPragmaVec.007.smt2
[DEBUG] Benchmark UFLIA/simplify2/front_end_suite/javafe.ast.LexicalPragmaVec.007.smt2: solved=True, runtime=0.47s, PAR-2=0.47s
[DEBUG] Processing 533/2279: UFLIA/sledgehammer/FFT/smtlib.927353.smt2
[DEBUG] Predicted solver: cvc5 for benchmark UFLIA/sledgehammer/FFT/smtlib.927353.smt2
[DEBUG] Benchmark UFLIA/sledgehammer/FFT/smtlib.927353.smt2: solved=False, runtime=1200.00s, PAR-2=2400.00s
[DEBUG] Processing 534/2279: UFLIA/sledgehammer/Fundamental_Theorem_Algebra/smtlib.742981.smt2
[DEBUG] Predicted solver: cvc5 for benchmark UFLIA/sledgehammer/Fundamental_Theorem_Algebra/smtlib.742981.smt2
[DEBUG] Benchmark UFLIA/sledgehammer/Fundamental_Theorem_Algebra/smtlib.742981.smt2: solved=False, runtime=1200.00s, PAR-2=2400.00s
[DEBUG] Processing 535/2279: UFLIA/grasshopper/instantiated/pull_strands_invariant_78_2.smt2
[DEBUG] Predicted solver: cvc5 for benchmark UFLIA/grasshopper/instantiated/pull_strands_invariant_78_2.smt2
[DEBUG] Benchmark UFLIA/grasshopper/instantiated/pull_strands_invariant_78_2.smt2: solved=True, runtime=0.50s, PAR-2=0.50s
[DEBUG] Processing 536/2279: UFLIA/sexpr/SES.Nary.CArgs_System.Cl.G.List_1...opt...MS.Cn.NNT.SES.Sx_notnull_System.Boolean.smt2
[DEBUG] Predicted solver: cvc5 for benchmark UFLIA/sexpr/SES.Nary.CArgs_System.Cl.G.List_1...opt...MS.Cn.NNT.SES.Sx_notnull_System.Boolean.smt2
[DEBUG] Benchmark UFLIA/sexpr/SES.Nary.CArgs_System.Cl.G.List_1...opt...MS.Cn.NNT.SES.Sx_notnull_System.Boolean.smt2: solved=True, runtime=31.11s, PAR-2=31.11s
[DEBUG] Processing 537/2279: UFLIA/sledgehammer/Fundamental_Theorem_Algebra/smtlib.965954.smt2
[DEBUG] Predicted solver: iProver for benchmark UFLIA/sledgehammer/Fundamental_Theorem_Algebra/smtlib.965954.smt2
[DEBUG] Benchmark UFLIA/sledgehammer/Fundamental_Theorem_Algebra/smtlib.965954.smt2: solved=False, runtime=1200.00s, PAR-2=2400.00s
[DEBUG] Processing 538/2279: UFLIA/simplify2/front_end_suite/javafe.tc.Env.006.smt2
[DEBUG] Predicted solver: cvc5 for benchmark UFLIA/simplify2/front_end_suite/javafe.tc.Env.006.smt2
[DEBUG] Benchmark UFLIA/simplify2/front_end_suite/javafe.tc.Env.006.smt2: solved=True, runtime=29.69s, PAR-2=29.69s
[DEBUG] Processing 539/2279: UFLIA/sledgehammer/TwoSquares/smtlib.656931.smt2
[DEBUG] Predicted solver: cvc5 for benchmark UFLIA/sledgehammer/TwoSquares/smtlib.656931.smt2
[DEBUG] Benchmark UFLIA/sledgehammer/TwoSquares/smtlib.656931.smt2: solved=False, runtime=1200.00s, PAR-2=2400.00s
[DEBUG] Processing 540/2279: UFLIA/simplify2/front_end_suite/javafe.tc.TypeSig.003.smt2
[DEBUG] Predicted solver: cvc5 for benchmark UFLIA/simplify2/front_end_suite/javafe.tc.TypeSig.003.smt2
[DEBUG] Benchmark UFLIA/simplify2/front_end_suite/javafe.tc.TypeSig.003.smt2: solved=True, runtime=1.20s, PAR-2=1.20s
[DEBUG] Processing 541/2279: UFLIA/sledgehammer/Arrow_Order/smtlib.777190.smt2
[DEBUG] Predicted solver: cvc5 for benchmark UFLIA/sledgehammer/Arrow_Order/smtlib.777190.smt2
[DEBUG] Benchmark UFLIA/sledgehammer/Arrow_Order/smtlib.777190.smt2: solved=True, runtime=0.31s, PAR-2=0.31s
[DEBUG] Processing 542/2279: UFLIA/sledgehammer/QEpres/smtlib.622028.smt2
[DEBUG] Predicted solver: cvc5 for benchmark UFLIA/sledgehammer/QEpres/smtlib.622028.smt2
[DEBUG] Benchmark UFLIA/sledgehammer/QEpres/smtlib.622028.smt2: solved=False, runtime=1200.00s, PAR-2=2400.00s
[DEBUG] Processing 543/2279: UFLIA/simplify/javafe.parser.test.TestLex.578.smt2
[DEBUG] Predicted solver: cvc5 for benchmark UFLIA/simplify/javafe.parser.test.TestLex.578.smt2
[DEBUG] Benchmark UFLIA/simplify/javafe.parser.test.TestLex.578.smt2: solved=True, runtime=0.26s, PAR-2=0.26s
[DEBUG] Processing 544/2279: UFLIA/grasshopper/uninstantiated/insertion_sort_loop_check_heap_access_57_4.smt2
[DEBUG] Predicted solver: cvc5 for benchmark UFLIA/grasshopper/uninstantiated/insertion_sort_loop_check_heap_access_57_4.smt2
[DEBUG] Benchmark UFLIA/grasshopper/uninstantiated/insertion_sort_loop_check_heap_access_57_4.smt2: solved=True, runtime=0.49s, PAR-2=0.49s
[DEBUG] Processing 545/2279: UFLIA/sledgehammer/Arrow_Order/smtlib.792849.smt2
[DEBUG] Predicted solver: cvc5 for benchmark UFLIA/sledgehammer/Arrow_Order/smtlib.792849.smt2
[DEBUG] Benchmark UFLIA/sledgehammer/Arrow_Order/smtlib.792849.smt2: solved=False, runtime=1200.00s, PAR-2=2400.00s
[DEBUG] Processing 546/2279: UFLIA/simplify2/front_end_suite/javafe.filespace.EmptyEnum.001.smt2
[DEBUG] Predicted solver: cvc5 for benchmark UFLIA/simplify2/front_end_suite/javafe.filespace.EmptyEnum.001.smt2
[DEBUG] Benchmark UFLIA/simplify2/front_end_suite/javafe.filespace.EmptyEnum.001.smt2: solved=True, runtime=0.26s, PAR-2=0.26s
[DEBUG] Processing 547/2279: UFLIA/sledgehammer/TypeSafe/smtlib.705558.smt2
[DEBUG] Predicted solver: iProver for benchmark UFLIA/sledgehammer/TypeSafe/smtlib.705558.smt2
[DEBUG] Benchmark UFLIA/sledgehammer/TypeSafe/smtlib.705558.smt2: solved=False, runtime=1200.00s, PAR-2=2400.00s
[DEBUG] Processing 548/2279: UFLIA/simplify2/front_end_suite/javafe.PrintSpec.014.smt2
[DEBUG] Predicted solver: cvc5 for benchmark UFLIA/simplify2/front_end_suite/javafe.PrintSpec.014.smt2
[DEBUG] Benchmark UFLIA/simplify2/front_end_suite/javafe.PrintSpec.014.smt2: solved=True, runtime=3.37s, PAR-2=3.37s
[DEBUG] Processing 549/2279: UFLIA/simplify2/front_end_suite/javafe.parser.ParseExpr.012.smt2
[DEBUG] Predicted solver: cvc5 for benchmark UFLIA/simplify2/front_end_suite/javafe.parser.ParseExpr.012.smt2
[DEBUG] Benchmark UFLIA/simplify2/front_end_suite/javafe.parser.ParseExpr.012.smt2: solved=True, runtime=0.92s, PAR-2=0.92s
[DEBUG] Processing 550/2279: UFLIA/sledgehammer/Arrow_Order/smtlib.771821.smt2
[DEBUG] Predicted solver: cvc5 for benchmark UFLIA/sledgehammer/Arrow_Order/smtlib.771821.smt2
[DEBUG] Benchmark UFLIA/sledgehammer/Arrow_Order/smtlib.771821.smt2: solved=True, runtime=0.30s, PAR-2=0.30s
[DEBUG] Processing 551/2279: UFLIA/simplify2/front_end_suite/javafe.tc.MethodDeclVec.009.smt2
[DEBUG] Predicted solver: cvc5 for benchmark UFLIA/simplify2/front_end_suite/javafe.tc.MethodDeclVec.009.smt2
[DEBUG] Benchmark UFLIA/simplify2/front_end_suite/javafe.tc.MethodDeclVec.009.smt2: solved=True, runtime=0.32s, PAR-2=0.32s
[DEBUG] Processing 552/2279: UFLIA/boogie/BasicMethodology_ExtensibleComponent..ctor.smt2
[DEBUG] Predicted solver: cvc5 for benchmark UFLIA/boogie/BasicMethodology_ExtensibleComponent..ctor.smt2
[DEBUG] Benchmark UFLIA/boogie/BasicMethodology_ExtensibleComponent..ctor.smt2: solved=True, runtime=0.42s, PAR-2=0.42s
[DEBUG] Processing 553/2279: UFLIA/boogie/Strings_test3.XY.N1_test3.XY_notnull_System.Object_notnull.smt2
[DEBUG] Predicted solver: cvc5 for benchmark UFLIA/boogie/Strings_test3.XY.N1_test3.XY_notnull_System.Object_notnull.smt2
[DEBUG] Benchmark UFLIA/boogie/Strings_test3.XY.N1_test3.XY_notnull_System.Object_notnull.smt2: solved=False, runtime=1200.00s, PAR-2=2400.00s
[DEBUG] Processing 554/2279: UFLIA/simplify/javafe.filespace.TreeWalker.515.smt2
[DEBUG] Predicted solver: cvc5 for benchmark UFLIA/simplify/javafe.filespace.TreeWalker.515.smt2
[DEBUG] Benchmark UFLIA/simplify/javafe.filespace.TreeWalker.515.smt2: solved=True, runtime=0.30s, PAR-2=0.30s
[DEBUG] Processing 555/2279: UFLIA/simplify/javafe.ast.FormalParaDeclVec.164.smt2
[DEBUG] Predicted solver: cvc5 for benchmark UFLIA/simplify/javafe.ast.FormalParaDeclVec.164.smt2
[DEBUG] Benchmark UFLIA/simplify/javafe.ast.FormalParaDeclVec.164.smt2: solved=True, runtime=0.27s, PAR-2=0.27s
[DEBUG] Processing 556/2279: UFLIA/simplify2/front_end_suite/javafe.tc.EnvForTypeSig.008.smt2
[DEBUG] Predicted solver: cvc5 for benchmark UFLIA/simplify2/front_end_suite/javafe.tc.EnvForTypeSig.008.smt2
[DEBUG] Benchmark UFLIA/simplify2/front_end_suite/javafe.tc.EnvForTypeSig.008.smt2: solved=True, runtime=0.38s, PAR-2=0.38s
[DEBUG] Processing 557/2279: UFLIA/sledgehammer/Hoare/smtlib.760844.smt2
[DEBUG] Predicted solver: cvc5 for benchmark UFLIA/sledgehammer/Hoare/smtlib.760844.smt2
[DEBUG] Benchmark UFLIA/sledgehammer/Hoare/smtlib.760844.smt2: solved=False, runtime=1200.00s, PAR-2=2400.00s
[DEBUG] Processing 558/2279: UFLIA/tokeneer/enclave/enrolop-9.smt2
[DEBUG] Predicted solver: SMTInterpol for benchmark UFLIA/tokeneer/enclave/enrolop-9.smt2
[DEBUG] Benchmark UFLIA/tokeneer/enclave/enrolop-9.smt2: solved=True, runtime=1.27s, PAR-2=1.27s
[DEBUG] Processing 559/2279: UFLIA/grasshopper/uninstantiated/sls_traverse_loop_invariant_32_3.smt2
[DEBUG] Predicted solver: cvc5 for benchmark UFLIA/grasshopper/uninstantiated/sls_traverse_loop_invariant_32_3.smt2
[DEBUG] Benchmark UFLIA/grasshopper/uninstantiated/sls_traverse_loop_invariant_32_3.smt2: solved=True, runtime=3.42s, PAR-2=3.42s
[DEBUG] Processing 560/2279: UFLIA/simplify2/front_end_suite/javafe.tc.PrepTypeDeclaration.016.smt2
[DEBUG] Predicted solver: cvc5 for benchmark UFLIA/simplify2/front_end_suite/javafe.tc.PrepTypeDeclaration.016.smt2
[DEBUG] Benchmark UFLIA/simplify2/front_end_suite/javafe.tc.PrepTypeDeclaration.016.smt2: solved=True, runtime=1.21s, PAR-2=1.21s
[DEBUG] Processing 561/2279: UFLIA/sledgehammer/QEpres/smtlib.925190.smt2
[DEBUG] Predicted solver: iProver for benchmark UFLIA/sledgehammer/QEpres/smtlib.925190.smt2
[DEBUG] Benchmark UFLIA/sledgehammer/QEpres/smtlib.925190.smt2: solved=False, runtime=1200.00s, PAR-2=2400.00s
[DEBUG] Processing 562/2279: UFLIA/sledgehammer/TwoSquares/smtlib.752933.smt2
[DEBUG] Predicted solver: cvc5 for benchmark UFLIA/sledgehammer/TwoSquares/smtlib.752933.smt2
[DEBUG] Benchmark UFLIA/sledgehammer/TwoSquares/smtlib.752933.smt2: solved=False, runtime=1200.00s, PAR-2=2400.00s
[DEBUG] Processing 563/2279: UFLIA/simplify2/front_end_suite/javafe.ast.TypeObjectDesignator.003.smt2
[DEBUG] Predicted solver: cvc5 for benchmark UFLIA/simplify2/front_end_suite/javafe.ast.TypeObjectDesignator.003.smt2
[DEBUG] Benchmark UFLIA/simplify2/front_end_suite/javafe.ast.TypeObjectDesignator.003.smt2: solved=True, runtime=0.69s, PAR-2=0.69s
[DEBUG] Processing 564/2279: UFLIA/simplify2/front_end_suite/javafe.reader.MethodSignature.003.smt2
[DEBUG] Predicted solver: cvc5 for benchmark UFLIA/simplify2/front_end_suite/javafe.reader.MethodSignature.003.smt2
[DEBUG] Benchmark UFLIA/simplify2/front_end_suite/javafe.reader.MethodSignature.003.smt2: solved=True, runtime=0.30s, PAR-2=0.30s
[DEBUG] Processing 565/2279: UFLIA/boogie/Chunker11-AdditiveExpose_Chunker..ctor_System.String_notnull_System.Int32.smt2
[DEBUG] Predicted solver: cvc5 for benchmark UFLIA/boogie/Chunker11-AdditiveExpose_Chunker..ctor_System.String_notnull_System.Int32.smt2
[DEBUG] Benchmark UFLIA/boogie/Chunker11-AdditiveExpose_Chunker..ctor_System.String_notnull_System.Int32.smt2: solved=True, runtime=1.24s, PAR-2=1.24s
[DEBUG] Processing 566/2279: UFLIA/sledgehammer/TwoSquares/smtlib.777711.smt2
[DEBUG] Predicted solver: cvc5 for benchmark UFLIA/sledgehammer/TwoSquares/smtlib.777711.smt2
[DEBUG] Benchmark UFLIA/sledgehammer/TwoSquares/smtlib.777711.smt2: solved=True, runtime=248.19s, PAR-2=248.19s
[DEBUG] Processing 567/2279: UFLIA/sledgehammer/Arrow_Order/smtlib.715271.smt2
[DEBUG] Predicted solver: cvc5 for benchmark UFLIA/sledgehammer/Arrow_Order/smtlib.715271.smt2
[DEBUG] Benchmark UFLIA/sledgehammer/Arrow_Order/smtlib.715271.smt2: solved=True, runtime=0.37s, PAR-2=0.37s
[DEBUG] Processing 568/2279: UFLIA/simplify2/front_end_suite/javafe.ast.CatchClauseVec.005.smt2
[DEBUG] Predicted solver: cvc5 for benchmark UFLIA/simplify2/front_end_suite/javafe.ast.CatchClauseVec.005.smt2
[DEBUG] Benchmark UFLIA/simplify2/front_end_suite/javafe.ast.CatchClauseVec.005.smt2: solved=True, runtime=0.41s, PAR-2=0.41s
[DEBUG] Processing 569/2279: UFLIA/boogie/Types_Types.P5_System.Object.array_notnull_System.Int32.array_notnull_A.array_notnull_J.array_notnull_B.array_notnull-orderStrength_1.smt2
[DEBUG] Predicted solver: cvc5 for benchmark UFLIA/boogie/Types_Types.P5_System.Object.array_notnull_System.Int32.array_notnull_A.array_notnull_J.array_notnull_B.array_notnull-orderStrength_1.smt2
[DEBUG] Benchmark UFLIA/boogie/Types_Types.P5_System.Object.array_notnull_System.Int32.array_notnull_A.array_notnull_J.array_notnull_B.array_notnull-orderStrength_1.smt2: solved=False, runtime=1200.00s, PAR-2=2400.00s
[DEBUG] Processing 570/2279: UFLIA/simplify/javafe.ast.CompoundName.87.smt2
[DEBUG] Predicted solver: cvc5 for benchmark UFLIA/simplify/javafe.ast.CompoundName.87.smt2
[DEBUG] Benchmark UFLIA/simplify/javafe.ast.CompoundName.87.smt2: solved=True, runtime=0.69s, PAR-2=0.69s
[DEBUG] Processing 571/2279: UFLIA/simplify/javafe.parser.Parse.552.smt2
[DEBUG] Predicted solver: cvc5 for benchmark UFLIA/simplify/javafe.parser.Parse.552.smt2
[DEBUG] Benchmark UFLIA/simplify/javafe.parser.Parse.552.smt2: solved=True, runtime=0.96s, PAR-2=0.96s
[DEBUG] Processing 572/2279: UFLIA/boogie/Interval_Interval.BadShift_System.Int32.smt2
[DEBUG] Predicted solver: cvc5 for benchmark UFLIA/boogie/Interval_Interval.BadShift_System.Int32.smt2
[DEBUG] Benchmark UFLIA/boogie/Interval_Interval.BadShift_System.Int32.smt2: solved=False, runtime=1200.00s, PAR-2=2400.00s
[DEBUG] Processing 573/2279: UFLIA/sledgehammer/Fundamental_Theorem_Algebra/smtlib.898427.smt2
[DEBUG] Predicted solver: iProver for benchmark UFLIA/sledgehammer/Fundamental_Theorem_Algebra/smtlib.898427.smt2
[DEBUG] Benchmark UFLIA/sledgehammer/Fundamental_Theorem_Algebra/smtlib.898427.smt2: solved=False, runtime=1200.00s, PAR-2=2400.00s
[DEBUG] Processing 574/2279: UFLIA/boogie/DynamicTypes_Sub1.M.smt2
[DEBUG] Predicted solver: cvc5 for benchmark UFLIA/boogie/DynamicTypes_Sub1.M.smt2
[DEBUG] Benchmark UFLIA/boogie/DynamicTypes_Sub1.M.smt2: solved=False, runtime=1200.00s, PAR-2=2400.00s
[DEBUG] Processing 575/2279: UFLIA/simplify2/front_end_suite/javafe.ast.ReturnStmt.001.smt2
[DEBUG] Predicted solver: cvc5 for benchmark UFLIA/simplify2/front_end_suite/javafe.ast.ReturnStmt.001.smt2
[DEBUG] Benchmark UFLIA/simplify2/front_end_suite/javafe.ast.ReturnStmt.001.smt2: solved=True, runtime=0.46s, PAR-2=0.46s
[DEBUG] Processing 576/2279: UFLIA/sledgehammer/StrongNorm/smtlib.658074.smt2
[DEBUG] Predicted solver: iProver for benchmark UFLIA/sledgehammer/StrongNorm/smtlib.658074.smt2
[DEBUG] Benchmark UFLIA/sledgehammer/StrongNorm/smtlib.658074.smt2: solved=False, runtime=1200.00s, PAR-2=2400.00s
[DEBUG] Processing 577/2279: UFLIA/sledgehammer/Hoare/smtlib.622871.smt2
[DEBUG] Predicted solver: cvc5 for benchmark UFLIA/sledgehammer/Hoare/smtlib.622871.smt2
[DEBUG] Benchmark UFLIA/sledgehammer/Hoare/smtlib.622871.smt2: solved=False, runtime=1200.00s, PAR-2=2400.00s
[DEBUG] Processing 578/2279: UFLIA/boogie/SimpleWhile5_SimpleWhile5..ctor-infer_i.smt2
[DEBUG] Predicted solver: cvc5 for benchmark UFLIA/boogie/SimpleWhile5_SimpleWhile5..ctor-infer_i.smt2
[DEBUG] Benchmark UFLIA/boogie/SimpleWhile5_SimpleWhile5..ctor-infer_i.smt2: solved=True, runtime=0.32s, PAR-2=0.32s
[DEBUG] Processing 579/2279: UFLIA/simplify/javafe.tc.PrepTypeDeclaration.710.smt2
[DEBUG] Predicted solver: cvc5 for benchmark UFLIA/simplify/javafe.tc.PrepTypeDeclaration.710.smt2
[DEBUG] Benchmark UFLIA/simplify/javafe.tc.PrepTypeDeclaration.710.smt2: solved=True, runtime=0.30s, PAR-2=0.30s
[DEBUG] Processing 580/2279: UFLIA/tokeneer/configdata/thealarmthresholdentries-3.smt2
[DEBUG] Predicted solver: SMTInterpol for benchmark UFLIA/tokeneer/configdata/thealarmthresholdentries-3.smt2
[DEBUG] Benchmark UFLIA/tokeneer/configdata/thealarmthresholdentries-3.smt2: solved=True, runtime=1.26s, PAR-2=1.26s
[DEBUG] Processing 581/2279: UFLIA/boogie/AdvancedTypes_W..ctor-orderStrength_1.smt2
[DEBUG] Predicted solver: cvc5 for benchmark UFLIA/boogie/AdvancedTypes_W..ctor-orderStrength_1.smt2
[DEBUG] Benchmark UFLIA/boogie/AdvancedTypes_W..ctor-orderStrength_1.smt2: solved=True, runtime=0.53s, PAR-2=0.53s
[DEBUG] Processing 582/2279: UFLIA/sledgehammer/Fundamental_Theorem_Algebra/smtlib.1415984.smt2
[DEBUG] Predicted solver: cvc5 for benchmark UFLIA/sledgehammer/Fundamental_Theorem_Algebra/smtlib.1415984.smt2
[DEBUG] Benchmark UFLIA/sledgehammer/Fundamental_Theorem_Algebra/smtlib.1415984.smt2: solved=True, runtime=0.27s, PAR-2=0.27s
[DEBUG] Processing 583/2279: UFLIA/boogie/Spouse_Person.A3_Possession_notnull.smt2
[DEBUG] Predicted solver: cvc5 for benchmark UFLIA/boogie/Spouse_Person.A3_Possession_notnull.smt2
[DEBUG] Benchmark UFLIA/boogie/Spouse_Person.A3_Possession_notnull.smt2: solved=True, runtime=0.86s, PAR-2=0.86s
[DEBUG] Processing 584/2279: UFLIA/sledgehammer/TwoSquares/smtlib.813217.smt2
[DEBUG] Predicted solver: cvc5 for benchmark UFLIA/sledgehammer/TwoSquares/smtlib.813217.smt2
[DEBUG] Benchmark UFLIA/sledgehammer/TwoSquares/smtlib.813217.smt2: solved=False, runtime=1200.00s, PAR-2=2400.00s
[DEBUG] Processing 585/2279: UFLIA/simplify/javafe.Tool.22.smt2
[DEBUG] Predicted solver: cvc5 for benchmark UFLIA/simplify/javafe.Tool.22.smt2
[DEBUG] Benchmark UFLIA/simplify/javafe.Tool.22.smt2: solved=True, runtime=0.35s, PAR-2=0.35s
[DEBUG] Processing 586/2279: UFLIA/simplify/javafe.ast.CatchClauseVec.70.smt2
[DEBUG] Predicted solver: cvc5 for benchmark UFLIA/simplify/javafe.ast.CatchClauseVec.70.smt2
[DEBUG] Benchmark UFLIA/simplify/javafe.ast.CatchClauseVec.70.smt2: solved=True, runtime=0.36s, PAR-2=0.36s
[DEBUG] Processing 587/2279: UFLIA/sledgehammer/TypeSafe/smtlib.618862.smt2
[DEBUG] Predicted solver: cvc5 for benchmark UFLIA/sledgehammer/TypeSafe/smtlib.618862.smt2
[DEBUG] Benchmark UFLIA/sledgehammer/TypeSafe/smtlib.618862.smt2: solved=False, runtime=1200.00s, PAR-2=2400.00s
[DEBUG] Processing 588/2279: UFLIA/sledgehammer/Fundamental_Theorem_Algebra/smtlib.727549.smt2
[DEBUG] Predicted solver: cvc5 for benchmark UFLIA/sledgehammer/Fundamental_Theorem_Algebra/smtlib.727549.smt2
[DEBUG] Benchmark UFLIA/sledgehammer/Fundamental_Theorem_Algebra/smtlib.727549.smt2: solved=True, runtime=0.28s, PAR-2=0.28s
[DEBUG] Processing 589/2279: UFLIA/boogie/AllocBeforeLoop_Test.Method-modifiesOnLoop-noinfer.smt2
[DEBUG] Predicted solver: cvc5 for benchmark UFLIA/boogie/AllocBeforeLoop_Test.Method-modifiesOnLoop-noinfer.smt2
[DEBUG] Benchmark UFLIA/boogie/AllocBeforeLoop_Test.Method-modifiesOnLoop-noinfer.smt2: solved=False, runtime=1200.00s, PAR-2=2400.00s
[DEBUG] Processing 590/2279: UFLIA/sledgehammer/TwoSquares/smtlib.894693.smt2
[DEBUG] Predicted solver: SMTInterpol for benchmark UFLIA/sledgehammer/TwoSquares/smtlib.894693.smt2
[DEBUG] Benchmark UFLIA/sledgehammer/TwoSquares/smtlib.894693.smt2: solved=True, runtime=0.53s, PAR-2=0.53s
[DEBUG] Processing 591/2279: UFLIA/sledgehammer/Fundamental_Theorem_Algebra/smtlib.1195019.smt2
[DEBUG] Predicted solver: cvc5 for benchmark UFLIA/sledgehammer/Fundamental_Theorem_Algebra/smtlib.1195019.smt2
[DEBUG] Benchmark UFLIA/sledgehammer/Fundamental_Theorem_Algebra/smtlib.1195019.smt2: solved=True, runtime=0.30s, PAR-2=0.30s
[DEBUG] Processing 592/2279: UFLIA/simplify/javafe.tc.FieldDeclVec.676.smt2
[DEBUG] Predicted solver: cvc5 for benchmark UFLIA/simplify/javafe.tc.FieldDeclVec.676.smt2
[DEBUG] Benchmark UFLIA/simplify/javafe.tc.FieldDeclVec.676.smt2: solved=True, runtime=0.34s, PAR-2=0.34s
[DEBUG] Processing 593/2279: UFLIA/boogie/DynamicTypes_DynamicTypes..ctor.smt2
[DEBUG] Predicted solver: cvc5 for benchmark UFLIA/boogie/DynamicTypes_DynamicTypes..ctor.smt2
[DEBUG] Benchmark UFLIA/boogie/DynamicTypes_DynamicTypes..ctor.smt2: solved=True, runtime=0.35s, PAR-2=0.35s
[DEBUG] Processing 594/2279: UFLIA/tokeneer/tokenreader/init-41.smt2
[DEBUG] Predicted solver: cvc5 for benchmark UFLIA/tokeneer/tokenreader/init-41.smt2
[DEBUG] Benchmark UFLIA/tokeneer/tokenreader/init-41.smt2: solved=True, runtime=0.25s, PAR-2=0.25s
[DEBUG] Processing 595/2279: UFLIA/simplify2/front_end_suite/javafe.test.SupertypeTest.007.smt2
[DEBUG] Predicted solver: cvc5 for benchmark UFLIA/simplify2/front_end_suite/javafe.test.SupertypeTest.007.smt2
[DEBUG] Benchmark UFLIA/simplify2/front_end_suite/javafe.test.SupertypeTest.007.smt2: solved=True, runtime=0.39s, PAR-2=0.39s
[DEBUG] Processing 596/2279: UFLIA/sledgehammer/TwoSquares/smtlib.618605.smt2
[DEBUG] Predicted solver: cvc5 for benchmark UFLIA/sledgehammer/TwoSquares/smtlib.618605.smt2
[DEBUG] Benchmark UFLIA/sledgehammer/TwoSquares/smtlib.618605.smt2: solved=True, runtime=0.34s, PAR-2=0.34s
[DEBUG] Processing 597/2279: UFLIA/sledgehammer/TwoSquares/smtlib.795098.smt2
[DEBUG] Predicted solver: cvc5 for benchmark UFLIA/sledgehammer/TwoSquares/smtlib.795098.smt2
[DEBUG] Benchmark UFLIA/sledgehammer/TwoSquares/smtlib.795098.smt2: solved=True, runtime=0.26s, PAR-2=0.26s
[DEBUG] Processing 598/2279: UFLIA/boogie/ExactTypes_Y1..ctor.smt2
[DEBUG] Predicted solver: cvc5 for benchmark UFLIA/boogie/ExactTypes_Y1..ctor.smt2
[DEBUG] Benchmark UFLIA/boogie/ExactTypes_Y1..ctor.smt2: solved=True, runtime=0.40s, PAR-2=0.40s
[DEBUG] Processing 599/2279: UFLIA/simplify2/front_end_suite/javafe.ast.ConstructorInvocation.007.smt2
[DEBUG] Predicted solver: cvc5 for benchmark UFLIA/simplify2/front_end_suite/javafe.ast.ConstructorInvocation.007.smt2
[DEBUG] Benchmark UFLIA/simplify2/front_end_suite/javafe.ast.ConstructorInvocation.007.smt2: solved=True, runtime=0.52s, PAR-2=0.52s
[DEBUG] Processing 600/2279: UFLIA/sledgehammer/TwoSquares/smtlib.721402.smt2
[DEBUG] Predicted solver: iProver for benchmark UFLIA/sledgehammer/TwoSquares/smtlib.721402.smt2
[DEBUG] Benchmark UFLIA/sledgehammer/TwoSquares/smtlib.721402.smt2: solved=False, runtime=1200.00s, PAR-2=2400.00s
[DEBUG] Processing 601/2279: UFLIA/simplify/javafe.util.BufferedCorrelatedReader.769.smt2
[DEBUG] Predicted solver: cvc5 for benchmark UFLIA/simplify/javafe.util.BufferedCorrelatedReader.769.smt2
[DEBUG] Benchmark UFLIA/simplify/javafe.util.BufferedCorrelatedReader.769.smt2: solved=True, runtime=14.42s, PAR-2=14.42s
[DEBUG] Processing 602/2279: UFLIA/sledgehammer/QEpres/smtlib.1110855.smt2
[DEBUG] Predicted solver: SMTInterpol for benchmark UFLIA/sledgehammer/QEpres/smtlib.1110855.smt2
[DEBUG] Benchmark UFLIA/sledgehammer/QEpres/smtlib.1110855.smt2: solved=True, runtime=0.80s, PAR-2=0.80s
[DEBUG] Processing 603/2279: UFLIA/boogie/ConstructorVisibility_Literal..ctor_System.Int32.smt2
[DEBUG] Predicted solver: cvc5 for benchmark UFLIA/boogie/ConstructorVisibility_Literal..ctor_System.Int32.smt2
[DEBUG] Benchmark UFLIA/boogie/ConstructorVisibility_Literal..ctor_System.Int32.smt2: solved=True, runtime=0.45s, PAR-2=0.45s
[DEBUG] Processing 604/2279: UFLIA/sledgehammer/QEpres/smtlib.922284.smt2
[DEBUG] Predicted solver: cvc5 for benchmark UFLIA/sledgehammer/QEpres/smtlib.922284.smt2
[DEBUG] Benchmark UFLIA/sledgehammer/QEpres/smtlib.922284.smt2: solved=False, runtime=1200.00s, PAR-2=2400.00s
[DEBUG] Processing 605/2279: UFLIA/boogie/Spouse_Person.NN.smt2
[DEBUG] Predicted solver: cvc5 for benchmark UFLIA/boogie/Spouse_Person.NN.smt2
[DEBUG] Benchmark UFLIA/boogie/Spouse_Person.NN.smt2: solved=True, runtime=0.30s, PAR-2=0.30s
[DEBUG] Processing 606/2279: UFLIA/simplify/javafe.parser.Lex.545.smt2
[DEBUG] Predicted solver: cvc5 for benchmark UFLIA/simplify/javafe.parser.Lex.545.smt2
[DEBUG] Benchmark UFLIA/simplify/javafe.parser.Lex.545.smt2: solved=True, runtime=0.50s, PAR-2=0.50s
[DEBUG] Processing 607/2279: UFLIA/sledgehammer/NS_Shared/smtlib.698124.smt2
[DEBUG] Predicted solver: cvc5 for benchmark UFLIA/sledgehammer/NS_Shared/smtlib.698124.smt2
[DEBUG] Benchmark UFLIA/sledgehammer/NS_Shared/smtlib.698124.smt2: solved=False, runtime=1200.00s, PAR-2=2400.00s
[DEBUG] Processing 608/2279: UFLIA/sledgehammer/TwoSquares/smtlib.677486.smt2
[DEBUG] Predicted solver: iProver for benchmark UFLIA/sledgehammer/TwoSquares/smtlib.677486.smt2
[DEBUG] Benchmark UFLIA/sledgehammer/TwoSquares/smtlib.677486.smt2: solved=False, runtime=1200.00s, PAR-2=2400.00s
[DEBUG] Processing 609/2279: UFLIA/sledgehammer/Arrow_Order/smtlib.764398.smt2
[DEBUG] Predicted solver: cvc5 for benchmark UFLIA/sledgehammer/Arrow_Order/smtlib.764398.smt2
[DEBUG] Benchmark UFLIA/sledgehammer/Arrow_Order/smtlib.764398.smt2: solved=True, runtime=120.45s, PAR-2=120.45s
[DEBUG] Processing 610/2279: UFLIA/boogie/Array_test3.MyClass.Allocate0_System.Int32.smt2
[DEBUG] Predicted solver: cvc5 for benchmark UFLIA/boogie/Array_test3.MyClass.Allocate0_System.Int32.smt2
[DEBUG] Benchmark UFLIA/boogie/Array_test3.MyClass.Allocate0_System.Int32.smt2: solved=False, runtime=1200.00s, PAR-2=2400.00s
[DEBUG] Processing 611/2279: UFLIA/simplify2/front_end_suite/javafe.ast.InstanceOfExpr.007.smt2
[DEBUG] Predicted solver: cvc5 for benchmark UFLIA/simplify2/front_end_suite/javafe.ast.InstanceOfExpr.007.smt2
[DEBUG] Benchmark UFLIA/simplify2/front_end_suite/javafe.ast.InstanceOfExpr.007.smt2: solved=True, runtime=14.87s, PAR-2=14.87s
[DEBUG] Processing 612/2279: UFLIA/boogie/Finally_ReturnFinally.N-modifiesOnLoop.smt2
[DEBUG] Predicted solver: cvc5 for benchmark UFLIA/boogie/Finally_ReturnFinally.N-modifiesOnLoop.smt2
[DEBUG] Benchmark UFLIA/boogie/Finally_ReturnFinally.N-modifiesOnLoop.smt2: solved=False, runtime=1200.00s, PAR-2=2400.00s
[DEBUG] Processing 613/2279: UFLIA/sledgehammer/Hoare/smtlib.936204.smt2
[DEBUG] Predicted solver: iProver for benchmark UFLIA/sledgehammer/Hoare/smtlib.936204.smt2
[DEBUG] Benchmark UFLIA/sledgehammer/Hoare/smtlib.936204.smt2: solved=False, runtime=1200.00s, PAR-2=2400.00s
[DEBUG] Processing 614/2279: UFLIA/sledgehammer/StrongNorm/smtlib.587649.smt2
[DEBUG] Predicted solver: iProver for benchmark UFLIA/sledgehammer/StrongNorm/smtlib.587649.smt2
[DEBUG] Benchmark UFLIA/sledgehammer/StrongNorm/smtlib.587649.smt2: solved=False, runtime=1200.00s, PAR-2=2400.00s
[DEBUG] Processing 615/2279: UFLIA/simplify2/front_end_suite/javafe.ast.TryFinallyStmt.007.smt2
[DEBUG] Predicted solver: cvc5 for benchmark UFLIA/simplify2/front_end_suite/javafe.ast.TryFinallyStmt.007.smt2
[DEBUG] Benchmark UFLIA/simplify2/front_end_suite/javafe.ast.TryFinallyStmt.007.smt2: solved=True, runtime=0.45s, PAR-2=0.45s
[DEBUG] Processing 616/2279: UFLIA/sledgehammer/Hoare/smtlib.835302.smt2
[DEBUG] Predicted solver: cvc5 for benchmark UFLIA/sledgehammer/Hoare/smtlib.835302.smt2
[DEBUG] Benchmark UFLIA/sledgehammer/Hoare/smtlib.835302.smt2: solved=True, runtime=0.23s, PAR-2=0.23s
[DEBUG] Processing 617/2279: UFLIA/simplify2/front_end_suite/javafe.ast.LexicalPragmaVec.016.smt2
[DEBUG] Predicted solver: cvc5 for benchmark UFLIA/simplify2/front_end_suite/javafe.ast.LexicalPragmaVec.016.smt2
[DEBUG] Benchmark UFLIA/simplify2/front_end_suite/javafe.ast.LexicalPragmaVec.016.smt2: solved=True, runtime=0.38s, PAR-2=0.38s
[DEBUG] Processing 618/2279: UFLIA/sledgehammer/QEpres/smtlib.749329.smt2
[DEBUG] Predicted solver: cvc5 for benchmark UFLIA/sledgehammer/QEpres/smtlib.749329.smt2
[DEBUG] Benchmark UFLIA/sledgehammer/QEpres/smtlib.749329.smt2: solved=False, runtime=1200.00s, PAR-2=2400.00s
[DEBUG] Processing 619/2279: UFLIA/sledgehammer/Fundamental_Theorem_Algebra/smtlib.836969.smt2
[DEBUG] Predicted solver: cvc5 for benchmark UFLIA/sledgehammer/Fundamental_Theorem_Algebra/smtlib.836969.smt2
[DEBUG] Benchmark UFLIA/sledgehammer/Fundamental_Theorem_Algebra/smtlib.836969.smt2: solved=False, runtime=1200.00s, PAR-2=2400.00s
[DEBUG] Processing 620/2279: UFLIA/boogie/AssertFalse_AssertFalseTest.Test1.smt2
[DEBUG] Predicted solver: cvc5 for benchmark UFLIA/boogie/AssertFalse_AssertFalseTest.Test1.smt2
[DEBUG] Benchmark UFLIA/boogie/AssertFalse_AssertFalseTest.Test1.smt2: solved=False, runtime=1200.00s, PAR-2=2400.00s
[DEBUG] Processing 621/2279: UFLIA/sledgehammer/Fundamental_Theorem_Algebra/smtlib.947613.smt2
[DEBUG] Predicted solver: SMTInterpol for benchmark UFLIA/sledgehammer/Fundamental_Theorem_Algebra/smtlib.947613.smt2
[DEBUG] Benchmark UFLIA/sledgehammer/Fundamental_Theorem_Algebra/smtlib.947613.smt2: solved=True, runtime=0.54s, PAR-2=0.54s
[DEBUG] Processing 622/2279: UFLIA/simplify2/front_end_suite/javafe.ast.TypeName.005.smt2
[DEBUG] Predicted solver: cvc5 for benchmark UFLIA/simplify2/front_end_suite/javafe.ast.TypeName.005.smt2
[DEBUG] Benchmark UFLIA/simplify2/front_end_suite/javafe.ast.TypeName.005.smt2: solved=True, runtime=0.53s, PAR-2=0.53s
[DEBUG] Processing 623/2279: UFLIA/simplify2/front_end_suite/javafe.parser.Lex.017.smt2
[DEBUG] Predicted solver: cvc5 for benchmark UFLIA/simplify2/front_end_suite/javafe.parser.Lex.017.smt2
[DEBUG] Benchmark UFLIA/simplify2/front_end_suite/javafe.parser.Lex.017.smt2: solved=True, runtime=0.32s, PAR-2=0.32s
[DEBUG] Processing 624/2279: UFLIA/simplify2/front_end_suite/javafe.ast.TypeDeclElemVec.016.smt2
[DEBUG] Predicted solver: cvc5 for benchmark UFLIA/simplify2/front_end_suite/javafe.ast.TypeDeclElemVec.016.smt2
[DEBUG] Benchmark UFLIA/simplify2/front_end_suite/javafe.ast.TypeDeclElemVec.016.smt2: solved=True, runtime=0.35s, PAR-2=0.35s
[DEBUG] Processing 625/2279: UFLIA/sledgehammer/QEpres/smtlib.848703.smt2
[DEBUG] Predicted solver: cvc5 for benchmark UFLIA/sledgehammer/QEpres/smtlib.848703.smt2
[DEBUG] Benchmark UFLIA/sledgehammer/QEpres/smtlib.848703.smt2: solved=False, runtime=1200.00s, PAR-2=2400.00s
[DEBUG] Processing 626/2279: UFLIA/simplify2/front_end_suite/javafe.ast.RoutineDecl.005.smt2
[DEBUG] Predicted solver: cvc5 for benchmark UFLIA/simplify2/front_end_suite/javafe.ast.RoutineDecl.005.smt2
[DEBUG] Benchmark UFLIA/simplify2/front_end_suite/javafe.ast.RoutineDecl.005.smt2: solved=True, runtime=0.47s, PAR-2=0.47s
[DEBUG] Processing 627/2279: UFLIA/sledgehammer/Fundamental_Theorem_Algebra/smtlib.828681.smt2
[DEBUG] Predicted solver: cvc5 for benchmark UFLIA/sledgehammer/Fundamental_Theorem_Algebra/smtlib.828681.smt2
[DEBUG] Benchmark UFLIA/sledgehammer/Fundamental_Theorem_Algebra/smtlib.828681.smt2: solved=True, runtime=151.65s, PAR-2=151.65s
[DEBUG] Processing 628/2279: UFLIA/sledgehammer/Fundamental_Theorem_Algebra/smtlib.1362786.smt2
[DEBUG] Predicted solver: cvc5 for benchmark UFLIA/sledgehammer/Fundamental_Theorem_Algebra/smtlib.1362786.smt2
[DEBUG] Benchmark UFLIA/sledgehammer/Fundamental_Theorem_Algebra/smtlib.1362786.smt2: solved=False, runtime=1200.00s, PAR-2=2400.00s
[DEBUG] Processing 629/2279: UFLIA/boogie/Switch_Switch.FooString_System.String_notnull.smt2
[DEBUG] Predicted solver: cvc5 for benchmark UFLIA/boogie/Switch_Switch.FooString_System.String_notnull.smt2
[DEBUG] Benchmark UFLIA/boogie/Switch_Switch.FooString_System.String_notnull.smt2: solved=True, runtime=0.28s, PAR-2=0.28s
[DEBUG] Processing 630/2279: UFLIA/simplify2/front_end_suite/javafe.util.LocationManagerCorrelatedReader.016.smt2
[DEBUG] Predicted solver: cvc5 for benchmark UFLIA/simplify2/front_end_suite/javafe.util.LocationManagerCorrelatedReader.016.smt2
[DEBUG] Benchmark UFLIA/simplify2/front_end_suite/javafe.util.LocationManagerCorrelatedReader.016.smt2: solved=True, runtime=0.29s, PAR-2=0.29s
[DEBUG] Processing 631/2279: UFLIA/simplify2/front_end_suite/javafe.CountLines.002.smt2
[DEBUG] Predicted solver: cvc5 for benchmark UFLIA/simplify2/front_end_suite/javafe.CountLines.002.smt2
[DEBUG] Benchmark UFLIA/simplify2/front_end_suite/javafe.CountLines.002.smt2: solved=True, runtime=0.29s, PAR-2=0.29s
[DEBUG] Processing 632/2279: UFLIA/boogie/ExposeVersion_A.MethodCallOnOtherWithMethodQuery_A_notnull-level_2.smt2
[DEBUG] Predicted solver: cvc5 for benchmark UFLIA/boogie/ExposeVersion_A.MethodCallOnOtherWithMethodQuery_A_notnull-level_2.smt2
[DEBUG] Benchmark UFLIA/boogie/ExposeVersion_A.MethodCallOnOtherWithMethodQuery_A_notnull-level_2.smt2: solved=True, runtime=0.42s, PAR-2=0.42s
[DEBUG] Processing 633/2279: UFLIA/boogie/Switch_Switch..ctor.smt2
[DEBUG] Predicted solver: cvc5 for benchmark UFLIA/boogie/Switch_Switch..ctor.smt2
[DEBUG] Benchmark UFLIA/boogie/Switch_Switch..ctor.smt2: solved=True, runtime=0.37s, PAR-2=0.37s
[DEBUG] Processing 634/2279: UFLIA/simplify2/front_end_suite/javafe.ast.SimpleName.009.smt2
[DEBUG] Predicted solver: cvc5 for benchmark UFLIA/simplify2/front_end_suite/javafe.ast.SimpleName.009.smt2
[DEBUG] Benchmark UFLIA/simplify2/front_end_suite/javafe.ast.SimpleName.009.smt2: solved=True, runtime=0.46s, PAR-2=0.46s
[DEBUG] Processing 635/2279: UFLIA/boogie/Spouse_Person.A1_Possession_notnull.smt2
[DEBUG] Predicted solver: cvc5 for benchmark UFLIA/boogie/Spouse_Person.A1_Possession_notnull.smt2
[DEBUG] Benchmark UFLIA/boogie/Spouse_Person.A1_Possession_notnull.smt2: solved=False, runtime=1200.00s, PAR-2=2400.00s
[DEBUG] Processing 636/2279: UFLIA/sledgehammer/FFT/smtlib.1004475.smt2
[DEBUG] Predicted solver: cvc5 for benchmark UFLIA/sledgehammer/FFT/smtlib.1004475.smt2
[DEBUG] Benchmark UFLIA/sledgehammer/FFT/smtlib.1004475.smt2: solved=False, runtime=1200.00s, PAR-2=2400.00s
[DEBUG] Processing 637/2279: UFLIA/boogie/AdditiveMethods_AdditiveMethods.N.smt2
[DEBUG] Predicted solver: cvc5 for benchmark UFLIA/boogie/AdditiveMethods_AdditiveMethods.N.smt2
[DEBUG] Benchmark UFLIA/boogie/AdditiveMethods_AdditiveMethods.N.smt2: solved=True, runtime=1.09s, PAR-2=1.09s
[DEBUG] Processing 638/2279: UFLIA/simplify2/front_end_suite/tohtml.DeclLinks.012.smt2
[DEBUG] Predicted solver: cvc5 for benchmark UFLIA/simplify2/front_end_suite/tohtml.DeclLinks.012.smt2
[DEBUG] Benchmark UFLIA/simplify2/front_end_suite/tohtml.DeclLinks.012.smt2: solved=True, runtime=0.48s, PAR-2=0.48s
[DEBUG] Processing 639/2279: UFLIA/grasshopper/instantiated/delete_postcondition_of_delete_56_12.smt2
[DEBUG] Predicted solver: cvc5 for benchmark UFLIA/grasshopper/instantiated/delete_postcondition_of_delete_56_12.smt2
[DEBUG] Benchmark UFLIA/grasshopper/instantiated/delete_postcondition_of_delete_56_12.smt2: solved=True, runtime=3.24s, PAR-2=3.24s
[DEBUG] Processing 640/2279: UFLIA/sledgehammer/TwoSquares/smtlib.913088.smt2
[DEBUG] Predicted solver: SMTInterpol for benchmark UFLIA/sledgehammer/TwoSquares/smtlib.913088.smt2
[DEBUG] Benchmark UFLIA/sledgehammer/TwoSquares/smtlib.913088.smt2: solved=True, runtime=0.50s, PAR-2=0.50s
[DEBUG] Processing 641/2279: UFLIA/sledgehammer/Fundamental_Theorem_Algebra/smtlib.595526.smt2
[DEBUG] Predicted solver: cvc5 for benchmark UFLIA/sledgehammer/Fundamental_Theorem_Algebra/smtlib.595526.smt2
[DEBUG] Benchmark UFLIA/sledgehammer/Fundamental_Theorem_Algebra/smtlib.595526.smt2: solved=True, runtime=10.58s, PAR-2=10.58s
[DEBUG] Processing 642/2279: UFLIA/simplify/javafe.filespace.FileTree.463.smt2
[DEBUG] Predicted solver: cvc5 for benchmark UFLIA/simplify/javafe.filespace.FileTree.463.smt2
[DEBUG] Benchmark UFLIA/simplify/javafe.filespace.FileTree.463.smt2: solved=True, runtime=0.29s, PAR-2=0.29s
[DEBUG] Processing 643/2279: UFLIA/sledgehammer/QEpres/smtlib.830729.smt2
[DEBUG] Predicted solver: iProver for benchmark UFLIA/sledgehammer/QEpres/smtlib.830729.smt2
[DEBUG] Benchmark UFLIA/sledgehammer/QEpres/smtlib.830729.smt2: solved=False, runtime=1200.00s, PAR-2=2400.00s
[DEBUG] Processing 644/2279: UFLIA/sledgehammer/QEpres/smtlib.599043.smt2
[DEBUG] Predicted solver: iProver for benchmark UFLIA/sledgehammer/QEpres/smtlib.599043.smt2
[DEBUG] Benchmark UFLIA/sledgehammer/QEpres/smtlib.599043.smt2: solved=False, runtime=1200.00s, PAR-2=2400.00s
[DEBUG] Processing 645/2279: UFLIA/tokeneer/enclave/adminlogout-8.smt2
[DEBUG] Predicted solver: cvc5 for benchmark UFLIA/tokeneer/enclave/adminlogout-8.smt2
[DEBUG] Benchmark UFLIA/tokeneer/enclave/adminlogout-8.smt2: solved=False, runtime=1200.00s, PAR-2=2400.00s
[DEBUG] Processing 646/2279: UFLIA/boogie/List_Node..ctor.smt2
[DEBUG] Predicted solver: cvc5 for benchmark UFLIA/boogie/List_Node..ctor.smt2
[DEBUG] Benchmark UFLIA/boogie/List_Node..ctor.smt2: solved=True, runtime=0.51s, PAR-2=0.51s
[DEBUG] Processing 647/2279: UFLIA/sledgehammer/StrongNorm/smtlib.618717.smt2
[DEBUG] Predicted solver: iProver for benchmark UFLIA/sledgehammer/StrongNorm/smtlib.618717.smt2
[DEBUG] Benchmark UFLIA/sledgehammer/StrongNorm/smtlib.618717.smt2: solved=False, runtime=1200.00s, PAR-2=2400.00s
[DEBUG] Processing 648/2279: UFLIA/boogie/ValidAndPrevalid_Interval.Foo4.smt2
[DEBUG] Predicted solver: cvc5 for benchmark UFLIA/boogie/ValidAndPrevalid_Interval.Foo4.smt2
[DEBUG] Benchmark UFLIA/boogie/ValidAndPrevalid_Interval.Foo4.smt2: solved=True, runtime=1.45s, PAR-2=1.45s
[DEBUG] Processing 649/2279: UFLIA/simplify2/front_end_suite/javafe.ast.SwitchStmt.004.smt2
[DEBUG] Predicted solver: cvc5 for benchmark UFLIA/simplify2/front_end_suite/javafe.ast.SwitchStmt.004.smt2
[DEBUG] Benchmark UFLIA/simplify2/front_end_suite/javafe.ast.SwitchStmt.004.smt2: solved=True, runtime=0.53s, PAR-2=0.53s
[DEBUG] Processing 650/2279: UFLIA/sledgehammer/FFT/smtlib.885470.smt2
[DEBUG] Predicted solver: SMTInterpol for benchmark UFLIA/sledgehammer/FFT/smtlib.885470.smt2
[DEBUG] Benchmark UFLIA/sledgehammer/FFT/smtlib.885470.smt2: solved=False, runtime=1200.00s, PAR-2=2400.00s
[DEBUG] Processing 651/2279: UFLIA/sledgehammer/Fundamental_Theorem_Algebra/smtlib.1447330.smt2
[DEBUG] Predicted solver: cvc5 for benchmark UFLIA/sledgehammer/Fundamental_Theorem_Algebra/smtlib.1447330.smt2
[DEBUG] Benchmark UFLIA/sledgehammer/Fundamental_Theorem_Algebra/smtlib.1447330.smt2: solved=False, runtime=1200.00s, PAR-2=2400.00s
[DEBUG] Processing 652/2279: UFLIA/tokeneer/tokenreader/poll-16.smt2
[DEBUG] Predicted solver: cvc5 for benchmark UFLIA/tokeneer/tokenreader/poll-16.smt2
[DEBUG] Benchmark UFLIA/tokeneer/tokenreader/poll-16.smt2: solved=True, runtime=0.24s, PAR-2=0.24s
[DEBUG] Processing 653/2279: UFLIA/simplify2/front_end_suite/javafe.ast.DelegatingPrettyPrint.002.smt2
[DEBUG] Predicted solver: cvc5 for benchmark UFLIA/simplify2/front_end_suite/javafe.ast.DelegatingPrettyPrint.002.smt2
[DEBUG] Benchmark UFLIA/simplify2/front_end_suite/javafe.ast.DelegatingPrettyPrint.002.smt2: solved=True, runtime=0.37s, PAR-2=0.37s
[DEBUG] Processing 654/2279: UFLIA/sledgehammer/QEpres/smtlib.651955.smt2
[DEBUG] Predicted solver: cvc5 for benchmark UFLIA/sledgehammer/QEpres/smtlib.651955.smt2
[DEBUG] Benchmark UFLIA/sledgehammer/QEpres/smtlib.651955.smt2: solved=True, runtime=0.32s, PAR-2=0.32s
[DEBUG] Processing 655/2279: UFLIA/simplify2/front_end_suite/javafe.ast.MethodDecl.002.smt2
[DEBUG] Predicted solver: cvc5 for benchmark UFLIA/simplify2/front_end_suite/javafe.ast.MethodDecl.002.smt2
[DEBUG] Benchmark UFLIA/simplify2/front_end_suite/javafe.ast.MethodDecl.002.smt2: solved=True, runtime=0.68s, PAR-2=0.68s
[DEBUG] Processing 656/2279: UFLIA/sledgehammer/QEpres/smtlib.655188.smt2
[DEBUG] Predicted solver: cvc5 for benchmark UFLIA/sledgehammer/QEpres/smtlib.655188.smt2
[DEBUG] Benchmark UFLIA/sledgehammer/QEpres/smtlib.655188.smt2: solved=False, runtime=1200.00s, PAR-2=2400.00s
[DEBUG] Processing 657/2279: UFLIA/sledgehammer/TypeSafe/smtlib.833204.smt2
[DEBUG] Predicted solver: cvc5 for benchmark UFLIA/sledgehammer/TypeSafe/smtlib.833204.smt2
[DEBUG] Benchmark UFLIA/sledgehammer/TypeSafe/smtlib.833204.smt2: solved=False, runtime=1200.00s, PAR-2=2400.00s
[DEBUG] Processing 658/2279: UFLIA/boogie/Types_D..ctor-orderStrength_1.smt2
[DEBUG] Predicted solver: cvc5 for benchmark UFLIA/boogie/Types_D..ctor-orderStrength_1.smt2
[DEBUG] Benchmark UFLIA/boogie/Types_D..ctor-orderStrength_1.smt2: solved=True, runtime=0.59s, PAR-2=0.59s
[DEBUG] Processing 659/2279: UFLIA/sledgehammer/Fundamental_Theorem_Algebra/smtlib.1195212.smt2
[DEBUG] Predicted solver: cvc5 for benchmark UFLIA/sledgehammer/Fundamental_Theorem_Algebra/smtlib.1195212.smt2
[DEBUG] Benchmark UFLIA/sledgehammer/Fundamental_Theorem_Algebra/smtlib.1195212.smt2: solved=True, runtime=0.31s, PAR-2=0.31s
[DEBUG] Processing 660/2279: UFLIA/simplify2/front_end_suite/javafe.ast.IdentifierVec.020.smt2
[DEBUG] Predicted solver: cvc5 for benchmark UFLIA/simplify2/front_end_suite/javafe.ast.IdentifierVec.020.smt2
[DEBUG] Benchmark UFLIA/simplify2/front_end_suite/javafe.ast.IdentifierVec.020.smt2: solved=True, runtime=6.66s, PAR-2=6.66s
[DEBUG] Processing 661/2279: UFLIA/sledgehammer/Hoare/smtlib.1078388.smt2
[DEBUG] Predicted solver: cvc5 for benchmark UFLIA/sledgehammer/Hoare/smtlib.1078388.smt2
[DEBUG] Benchmark UFLIA/sledgehammer/Hoare/smtlib.1078388.smt2: solved=False, runtime=1200.00s, PAR-2=2400.00s
[DEBUG] Processing 662/2279: UFLIA/boogie/BasicMethodology_CS.test3.smt2
[DEBUG] Predicted solver: cvc5 for benchmark UFLIA/boogie/BasicMethodology_CS.test3.smt2
[DEBUG] Benchmark UFLIA/boogie/BasicMethodology_CS.test3.smt2: solved=True, runtime=13.24s, PAR-2=13.24s
[DEBUG] Processing 663/2279: UFLIA/sledgehammer/QEpres/smtlib.1244119.smt2
[DEBUG] Predicted solver: SMTInterpol for benchmark UFLIA/sledgehammer/QEpres/smtlib.1244119.smt2
[DEBUG] Benchmark UFLIA/sledgehammer/QEpres/smtlib.1244119.smt2: solved=True, runtime=0.51s, PAR-2=0.51s
[DEBUG] Processing 664/2279: UFLIA/simplify2/front_end_suite/javafe.parser.Lex.005.smt2
[DEBUG] Predicted solver: cvc5 for benchmark UFLIA/simplify2/front_end_suite/javafe.parser.Lex.005.smt2
[DEBUG] Benchmark UFLIA/simplify2/front_end_suite/javafe.parser.Lex.005.smt2: solved=True, runtime=0.45s, PAR-2=0.45s
[DEBUG] Processing 665/2279: UFLIA/simplify2/front_end_suite/javafe.tc.TypeSig.026.smt2
[DEBUG] Predicted solver: cvc5 for benchmark UFLIA/simplify2/front_end_suite/javafe.tc.TypeSig.026.smt2
[DEBUG] Benchmark UFLIA/simplify2/front_end_suite/javafe.tc.TypeSig.026.smt2: solved=True, runtime=0.60s, PAR-2=0.60s
[DEBUG] Processing 666/2279: UFLIA/sledgehammer/Hoare/smtlib.774037.smt2
[DEBUG] Predicted solver: cvc5 for benchmark UFLIA/sledgehammer/Hoare/smtlib.774037.smt2
[DEBUG] Benchmark UFLIA/sledgehammer/Hoare/smtlib.774037.smt2: solved=True, runtime=0.29s, PAR-2=0.29s
[DEBUG] Processing 667/2279: UFLIA/sledgehammer/TwoSquares/smtlib.708217.smt2
[DEBUG] Predicted solver: cvc5 for benchmark UFLIA/sledgehammer/TwoSquares/smtlib.708217.smt2
[DEBUG] Benchmark UFLIA/sledgehammer/TwoSquares/smtlib.708217.smt2: solved=True, runtime=0.66s, PAR-2=0.66s
[DEBUG] Processing 668/2279: UFLIA/sledgehammer/FFT/smtlib.551876.smt2
[DEBUG] Predicted solver: iProver for benchmark UFLIA/sledgehammer/FFT/smtlib.551876.smt2
[DEBUG] Benchmark UFLIA/sledgehammer/FFT/smtlib.551876.smt2: solved=True, runtime=818.53s, PAR-2=818.53s
[DEBUG] Processing 669/2279: UFLIA/simplify2/front_end_suite/javafe.ast.ImportDeclVec.020.smt2
[DEBUG] Predicted solver: cvc5 for benchmark UFLIA/simplify2/front_end_suite/javafe.ast.ImportDeclVec.020.smt2
[DEBUG] Benchmark UFLIA/simplify2/front_end_suite/javafe.ast.ImportDeclVec.020.smt2: solved=True, runtime=2.48s, PAR-2=2.48s
[DEBUG] Processing 670/2279: UFLIA/sledgehammer/Fundamental_Theorem_Algebra/smtlib.1089235.smt2
[DEBUG] Predicted solver: iProver for benchmark UFLIA/sledgehammer/Fundamental_Theorem_Algebra/smtlib.1089235.smt2
[DEBUG] Benchmark UFLIA/sledgehammer/Fundamental_Theorem_Algebra/smtlib.1089235.smt2: solved=False, runtime=1200.00s, PAR-2=2400.00s
[DEBUG] Processing 671/2279: UFLIA/sledgehammer/FFT/smtlib.959974.smt2
[DEBUG] Predicted solver: SMTInterpol for benchmark UFLIA/sledgehammer/FFT/smtlib.959974.smt2
[DEBUG] Benchmark UFLIA/sledgehammer/FFT/smtlib.959974.smt2: solved=True, runtime=1174.06s, PAR-2=1174.06s
[DEBUG] Processing 672/2279: UFLIA/sledgehammer/Hoare/smtlib.1014618.smt2
[DEBUG] Predicted solver: cvc5 for benchmark UFLIA/sledgehammer/Hoare/smtlib.1014618.smt2
[DEBUG] Benchmark UFLIA/sledgehammer/Hoare/smtlib.1014618.smt2: solved=True, runtime=37.30s, PAR-2=37.30s
[DEBUG] Processing 673/2279: UFLIA/simplify2/front_end_suite/javafe.ast.DefaultVisitor.007.smt2
[DEBUG] Predicted solver: cvc5 for benchmark UFLIA/simplify2/front_end_suite/javafe.ast.DefaultVisitor.007.smt2
[DEBUG] Benchmark UFLIA/simplify2/front_end_suite/javafe.ast.DefaultVisitor.007.smt2: solved=True, runtime=0.50s, PAR-2=0.50s
[DEBUG] Processing 674/2279: UFLIA/simplify2/front_end_suite/javafe.util.LocationManagerCorrelatedReader.017.smt2
[DEBUG] Predicted solver: cvc5 for benchmark UFLIA/simplify2/front_end_suite/javafe.util.LocationManagerCorrelatedReader.017.smt2
[DEBUG] Benchmark UFLIA/simplify2/front_end_suite/javafe.util.LocationManagerCorrelatedReader.017.smt2: solved=True, runtime=0.47s, PAR-2=0.47s
[DEBUG] Processing 675/2279: UFLIA/sledgehammer/Fundamental_Theorem_Algebra/smtlib.883491.smt2
[DEBUG] Predicted solver: cvc5 for benchmark UFLIA/sledgehammer/Fundamental_Theorem_Algebra/smtlib.883491.smt2
[DEBUG] Benchmark UFLIA/sledgehammer/Fundamental_Theorem_Algebra/smtlib.883491.smt2: solved=True, runtime=0.30s, PAR-2=0.30s
[DEBUG] Processing 676/2279: UFLIA/sledgehammer/QEpres/smtlib.826872.smt2
[DEBUG] Predicted solver: cvc5 for benchmark UFLIA/sledgehammer/QEpres/smtlib.826872.smt2
[DEBUG] Benchmark UFLIA/sledgehammer/QEpres/smtlib.826872.smt2: solved=False, runtime=1200.00s, PAR-2=2400.00s
[DEBUG] Processing 677/2279: UFLIA/grasshopper/uninstantiated/delete_invariant_35_4.smt2
[DEBUG] Predicted solver: cvc5 for benchmark UFLIA/grasshopper/uninstantiated/delete_invariant_35_4.smt2
[DEBUG] Benchmark UFLIA/grasshopper/uninstantiated/delete_invariant_35_4.smt2: solved=True, runtime=0.26s, PAR-2=0.26s
[DEBUG] Processing 678/2279: UFLIA/sledgehammer/Hoare/smtlib.902522.smt2
[DEBUG] Predicted solver: iProver for benchmark UFLIA/sledgehammer/Hoare/smtlib.902522.smt2
[DEBUG] Benchmark UFLIA/sledgehammer/Hoare/smtlib.902522.smt2: solved=True, runtime=6.43s, PAR-2=6.43s
[DEBUG] Processing 679/2279: UFLIA/grasshopper/instantiated/quicksort_postcondition_of_quicksort_55_45.smt2
[DEBUG] Predicted solver: cvc5 for benchmark UFLIA/grasshopper/instantiated/quicksort_postcondition_of_quicksort_55_45.smt2
[DEBUG] Benchmark UFLIA/grasshopper/instantiated/quicksort_postcondition_of_quicksort_55_45.smt2: solved=True, runtime=33.69s, PAR-2=33.69s
[DEBUG] Processing 680/2279: UFLIA/sledgehammer/Fundamental_Theorem_Algebra/smtlib.863961.smt2
[DEBUG] Predicted solver: cvc5 for benchmark UFLIA/sledgehammer/Fundamental_Theorem_Algebra/smtlib.863961.smt2
[DEBUG] Benchmark UFLIA/sledgehammer/Fundamental_Theorem_Algebra/smtlib.863961.smt2: solved=False, runtime=1200.00s, PAR-2=2400.00s
[DEBUG] Processing 681/2279: UFLIA/sledgehammer/QEpres/smtlib.748876.smt2
[DEBUG] Predicted solver: cvc5 for benchmark UFLIA/sledgehammer/QEpres/smtlib.748876.smt2
[DEBUG] Benchmark UFLIA/sledgehammer/QEpres/smtlib.748876.smt2: solved=False, runtime=1200.00s, PAR-2=2400.00s
[DEBUG] Processing 682/2279: UFLIA/simplify2/front_end_suite/javafe.ast.ArrayRefExpr.011.smt2
[DEBUG] Predicted solver: cvc5 for benchmark UFLIA/simplify2/front_end_suite/javafe.ast.ArrayRefExpr.011.smt2
[DEBUG] Benchmark UFLIA/simplify2/front_end_suite/javafe.ast.ArrayRefExpr.011.smt2: solved=True, runtime=0.73s, PAR-2=0.73s
[DEBUG] Processing 683/2279: UFLIA/simplify/javafe.ast.StmtVec.326.smt2
[DEBUG] Predicted solver: cvc5 for benchmark UFLIA/simplify/javafe.ast.StmtVec.326.smt2
[DEBUG] Benchmark UFLIA/simplify/javafe.ast.StmtVec.326.smt2: solved=True, runtime=0.27s, PAR-2=0.27s
[DEBUG] Processing 684/2279: UFLIA/sledgehammer/Fundamental_Theorem_Algebra/smtlib.877672.smt2
[DEBUG] Predicted solver: iProver for benchmark UFLIA/sledgehammer/Fundamental_Theorem_Algebra/smtlib.877672.smt2
[DEBUG] Benchmark UFLIA/sledgehammer/Fundamental_Theorem_Algebra/smtlib.877672.smt2: solved=False, runtime=1200.00s, PAR-2=2400.00s
[DEBUG] Processing 685/2279: UFLIA/simplify/javafe.ast.InstanceOfExpr.203.smt2
[DEBUG] Predicted solver: cvc5 for benchmark UFLIA/simplify/javafe.ast.InstanceOfExpr.203.smt2
[DEBUG] Benchmark UFLIA/simplify/javafe.ast.InstanceOfExpr.203.smt2: solved=True, runtime=1.43s, PAR-2=1.43s
[DEBUG] Processing 686/2279: UFLIA/simplify2/front_end_suite/javafe.ast.EvalStmt.001.smt2
[DEBUG] Predicted solver: cvc5 for benchmark UFLIA/simplify2/front_end_suite/javafe.ast.EvalStmt.001.smt2
[DEBUG] Benchmark UFLIA/simplify2/front_end_suite/javafe.ast.EvalStmt.001.smt2: solved=True, runtime=4.72s, PAR-2=4.72s
[DEBUG] Processing 687/2279: UFLIA/boogie/ExposeVersion_A.FieldUpdateOnOtherWithMethodQuery_A_notnull_A_notnull-level_2.smt2
[DEBUG] Predicted solver: cvc5 for benchmark UFLIA/boogie/ExposeVersion_A.FieldUpdateOnOtherWithMethodQuery_A_notnull_A_notnull-level_2.smt2
[DEBUG] Benchmark UFLIA/boogie/ExposeVersion_A.FieldUpdateOnOtherWithMethodQuery_A_notnull_A_notnull-level_2.smt2: solved=True, runtime=1.29s, PAR-2=1.29s
[DEBUG] Processing 688/2279: UFLIA/sledgehammer/StrongNorm/smtlib.637323.smt2
[DEBUG] Predicted solver: cvc5 for benchmark UFLIA/sledgehammer/StrongNorm/smtlib.637323.smt2
[DEBUG] Benchmark UFLIA/sledgehammer/StrongNorm/smtlib.637323.smt2: solved=False, runtime=1200.00s, PAR-2=2400.00s
[DEBUG] Processing 689/2279: UFLIA/tokeneer/enclave/init-4.smt2
[DEBUG] Predicted solver: SMTInterpol for benchmark UFLIA/tokeneer/enclave/init-4.smt2
[DEBUG] Benchmark UFLIA/tokeneer/enclave/init-4.smt2: solved=True, runtime=1.29s, PAR-2=1.29s
[DEBUG] Processing 690/2279: UFLIA/simplify/javafe.tc.SLResolution.712.smt2
[DEBUG] Predicted solver: cvc5 for benchmark UFLIA/simplify/javafe.tc.SLResolution.712.smt2
[DEBUG] Benchmark UFLIA/simplify/javafe.tc.SLResolution.712.smt2: solved=True, runtime=140.18s, PAR-2=140.18s
[DEBUG] Processing 691/2279: UFLIA/boogie/Boxes_Boxes_2.P1_Boxes_2..type.parameter.U.smt2
[DEBUG] Predicted solver: cvc5 for benchmark UFLIA/boogie/Boxes_Boxes_2.P1_Boxes_2..type.parameter.U.smt2
[DEBUG] Benchmark UFLIA/boogie/Boxes_Boxes_2.P1_Boxes_2..type.parameter.U.smt2: solved=True, runtime=0.27s, PAR-2=0.27s
[DEBUG] Processing 692/2279: UFLIA/sledgehammer/TwoSquares/smtlib.832014.smt2
[DEBUG] Predicted solver: cvc5 for benchmark UFLIA/sledgehammer/TwoSquares/smtlib.832014.smt2
[DEBUG] Benchmark UFLIA/sledgehammer/TwoSquares/smtlib.832014.smt2: solved=True, runtime=8.97s, PAR-2=8.97s
[DEBUG] Processing 693/2279: UFLIA/boogie/AdvancedTypes_Q..ctor-orderStrength_1.smt2
[DEBUG] Predicted solver: cvc5 for benchmark UFLIA/boogie/AdvancedTypes_Q..ctor-orderStrength_1.smt2
[DEBUG] Benchmark UFLIA/boogie/AdvancedTypes_Q..ctor-orderStrength_1.smt2: solved=True, runtime=0.53s, PAR-2=0.53s
[DEBUG] Processing 694/2279: UFLIA/simplify2/front_end_suite/javafe.ast.BlockStmt.002.smt2
[DEBUG] Predicted solver: cvc5 for benchmark UFLIA/simplify2/front_end_suite/javafe.ast.BlockStmt.002.smt2
[DEBUG] Benchmark UFLIA/simplify2/front_end_suite/javafe.ast.BlockStmt.002.smt2: solved=True, runtime=4.56s, PAR-2=4.56s
[DEBUG] Processing 695/2279: UFLIA/boogie/Immutable_test3.B..ctor.smt2
[DEBUG] Predicted solver: cvc5 for benchmark UFLIA/boogie/Immutable_test3.B..ctor.smt2
[DEBUG] Benchmark UFLIA/boogie/Immutable_test3.B..ctor.smt2: solved=True, runtime=0.48s, PAR-2=0.48s
[DEBUG] Processing 696/2279: UFLIA/tokeneer/display/combinelines-13.smt2
[DEBUG] Predicted solver: SMTInterpol for benchmark UFLIA/tokeneer/display/combinelines-13.smt2
[DEBUG] Benchmark UFLIA/tokeneer/display/combinelines-13.smt2: solved=True, runtime=0.70s, PAR-2=0.70s
[DEBUG] Processing 697/2279: UFLIA/simplify/javafe.ast.TypeNameVec.411.smt2
[DEBUG] Predicted solver: cvc5 for benchmark UFLIA/simplify/javafe.ast.TypeNameVec.411.smt2
[DEBUG] Benchmark UFLIA/simplify/javafe.ast.TypeNameVec.411.smt2: solved=True, runtime=0.70s, PAR-2=0.70s
[DEBUG] Processing 698/2279: UFLIA/sledgehammer/QEpres/smtlib.922072.smt2
[DEBUG] Predicted solver: cvc5 for benchmark UFLIA/sledgehammer/QEpres/smtlib.922072.smt2
[DEBUG] Benchmark UFLIA/sledgehammer/QEpres/smtlib.922072.smt2: solved=False, runtime=1200.00s, PAR-2=2400.00s
[DEBUG] Processing 699/2279: UFLIA/sledgehammer/StrongNorm/smtlib.722073.smt2
[DEBUG] Predicted solver: cvc5 for benchmark UFLIA/sledgehammer/StrongNorm/smtlib.722073.smt2
[DEBUG] Benchmark UFLIA/sledgehammer/StrongNorm/smtlib.722073.smt2: solved=True, runtime=5.08s, PAR-2=5.08s
[DEBUG] Processing 700/2279: UFLIA/simplify2/front_end_suite/javafe.ast.EvalStmt.007.smt2
[DEBUG] Predicted solver: cvc5 for benchmark UFLIA/simplify2/front_end_suite/javafe.ast.EvalStmt.007.smt2
[DEBUG] Benchmark UFLIA/simplify2/front_end_suite/javafe.ast.EvalStmt.007.smt2: solved=True, runtime=11.11s, PAR-2=11.11s
[DEBUG] Processing 701/2279: UFLIA/boogie/LocalExpose_T.M2.smt2
[DEBUG] Predicted solver: cvc5 for benchmark UFLIA/boogie/LocalExpose_T.M2.smt2
[DEBUG] Benchmark UFLIA/boogie/LocalExpose_T.M2.smt2: solved=False, runtime=1200.00s, PAR-2=2400.00s
[DEBUG] Processing 702/2279: UFLIA/boogie/Alloc_Alloc.M3_T_notnull.smt2
[DEBUG] Predicted solver: cvc5 for benchmark UFLIA/boogie/Alloc_Alloc.M3_T_notnull.smt2
[DEBUG] Benchmark UFLIA/boogie/Alloc_Alloc.M3_T_notnull.smt2: solved=False, runtime=1200.00s, PAR-2=2400.00s
[DEBUG] Processing 703/2279: UFLIA/grasshopper/instantiated/insert_postcondition_of_insert_49_4.smt2
[DEBUG] Predicted solver: cvc5 for benchmark UFLIA/grasshopper/instantiated/insert_postcondition_of_insert_49_4.smt2
[DEBUG] Benchmark UFLIA/grasshopper/instantiated/insert_postcondition_of_insert_49_4.smt2: solved=True, runtime=3.16s, PAR-2=3.16s
[DEBUG] Processing 704/2279: UFLIA/simplify2/front_end_suite/javafe.util.StackVector.007.smt2
[DEBUG] Predicted solver: cvc5 for benchmark UFLIA/simplify2/front_end_suite/javafe.util.StackVector.007.smt2
[DEBUG] Benchmark UFLIA/simplify2/front_end_suite/javafe.util.StackVector.007.smt2: solved=True, runtime=0.51s, PAR-2=0.51s
[DEBUG] Processing 705/2279: UFLIA/simplify/javafe.ast.LocalVarDecl.234.smt2
[DEBUG] Predicted solver: cvc5 for benchmark UFLIA/simplify/javafe.ast.LocalVarDecl.234.smt2
[DEBUG] Benchmark UFLIA/simplify/javafe.ast.LocalVarDecl.234.smt2: solved=True, runtime=0.68s, PAR-2=0.68s
[DEBUG] Processing 706/2279: UFLIA/sledgehammer/Hoare/smtlib.718494.smt2
[DEBUG] Predicted solver: cvc5 for benchmark UFLIA/sledgehammer/Hoare/smtlib.718494.smt2
[DEBUG] Benchmark UFLIA/sledgehammer/Hoare/smtlib.718494.smt2: solved=True, runtime=0.47s, PAR-2=0.47s
[DEBUG] Processing 707/2279: UFLIA/sledgehammer/Fundamental_Theorem_Algebra/smtlib.1208595.smt2
[DEBUG] Predicted solver: iProver for benchmark UFLIA/sledgehammer/Fundamental_Theorem_Algebra/smtlib.1208595.smt2
[DEBUG] Benchmark UFLIA/sledgehammer/Fundamental_Theorem_Algebra/smtlib.1208595.smt2: solved=True, runtime=23.95s, PAR-2=23.95s
[DEBUG] Processing 708/2279: UFLIA/simplify/javafe.ast.TypeModifierPragmaVec.401.smt2
[DEBUG] Predicted solver: cvc5 for benchmark UFLIA/simplify/javafe.ast.TypeModifierPragmaVec.401.smt2
[DEBUG] Benchmark UFLIA/simplify/javafe.ast.TypeModifierPragmaVec.401.smt2: solved=True, runtime=3.80s, PAR-2=3.80s
[DEBUG] Processing 709/2279: UFLIA/simplify2/front_end_suite/javafe.ast.StandardPrettyPrint.020.smt2
[DEBUG] Predicted solver: cvc5 for benchmark UFLIA/simplify2/front_end_suite/javafe.ast.StandardPrettyPrint.020.smt2
[DEBUG] Benchmark UFLIA/simplify2/front_end_suite/javafe.ast.StandardPrettyPrint.020.smt2: solved=True, runtime=0.66s, PAR-2=0.66s
[DEBUG] Processing 710/2279: UFLIA/sledgehammer/TypeSafe/smtlib.1001775.smt2
[DEBUG] Predicted solver: cvc5 for benchmark UFLIA/sledgehammer/TypeSafe/smtlib.1001775.smt2
[DEBUG] Benchmark UFLIA/sledgehammer/TypeSafe/smtlib.1001775.smt2: solved=True, runtime=12.42s, PAR-2=12.42s
[DEBUG] Processing 711/2279: UFLIA/sledgehammer/TypeSafe/smtlib.785071.smt2
[DEBUG] Predicted solver: cvc5 for benchmark UFLIA/sledgehammer/TypeSafe/smtlib.785071.smt2
[DEBUG] Benchmark UFLIA/sledgehammer/TypeSafe/smtlib.785071.smt2: solved=False, runtime=1200.00s, PAR-2=2400.00s
[DEBUG] Processing 712/2279: UFLIA/simplify2/front_end_suite/javafe.tc.Types.034.smt2
[DEBUG] Predicted solver: cvc5 for benchmark UFLIA/simplify2/front_end_suite/javafe.tc.Types.034.smt2
[DEBUG] Benchmark UFLIA/simplify2/front_end_suite/javafe.tc.Types.034.smt2: solved=True, runtime=0.56s, PAR-2=0.56s
[DEBUG] Processing 713/2279: UFLIA/grasshopper/uninstantiated/sls_insert_postcondition_of_sls_insert_42_4.smt2
[DEBUG] Predicted solver: cvc5 for benchmark UFLIA/grasshopper/uninstantiated/sls_insert_postcondition_of_sls_insert_42_4.smt2
[DEBUG] Benchmark UFLIA/grasshopper/uninstantiated/sls_insert_postcondition_of_sls_insert_42_4.smt2: solved=True, runtime=30.58s, PAR-2=30.58s
[DEBUG] Processing 714/2279: UFLIA/simplify2/front_end_suite/javafe.tc.MethodDeclVec.013.smt2
[DEBUG] Predicted solver: cvc5 for benchmark UFLIA/simplify2/front_end_suite/javafe.tc.MethodDeclVec.013.smt2
[DEBUG] Benchmark UFLIA/simplify2/front_end_suite/javafe.tc.MethodDeclVec.013.smt2: solved=True, runtime=0.63s, PAR-2=0.63s
[DEBUG] Processing 715/2279: UFLIA/simplify2/front_end_suite/javafe.ast.FormalParaDecl.004.smt2
[DEBUG] Predicted solver: cvc5 for benchmark UFLIA/simplify2/front_end_suite/javafe.ast.FormalParaDecl.004.smt2
[DEBUG] Benchmark UFLIA/simplify2/front_end_suite/javafe.ast.FormalParaDecl.004.smt2: solved=True, runtime=0.46s, PAR-2=0.46s
[DEBUG] Processing 716/2279: UFLIA/sledgehammer/Hoare/smtlib.1129306.smt2
[DEBUG] Predicted solver: iProver for benchmark UFLIA/sledgehammer/Hoare/smtlib.1129306.smt2
[DEBUG] Benchmark UFLIA/sledgehammer/Hoare/smtlib.1129306.smt2: solved=False, runtime=1200.00s, PAR-2=2400.00s
[DEBUG] Processing 717/2279: UFLIA/simplify/javafe.tc.MethodDeclVec.693.smt2
[DEBUG] Predicted solver: cvc5 for benchmark UFLIA/simplify/javafe.tc.MethodDeclVec.693.smt2
[DEBUG] Benchmark UFLIA/simplify/javafe.tc.MethodDeclVec.693.smt2: solved=True, runtime=0.53s, PAR-2=0.53s
[DEBUG] Processing 718/2279: UFLIA/simplify2/front_end_suite/javafe.tc.TypeSigVec.011.smt2
[DEBUG] Predicted solver: cvc5 for benchmark UFLIA/simplify2/front_end_suite/javafe.tc.TypeSigVec.011.smt2
[DEBUG] Benchmark UFLIA/simplify2/front_end_suite/javafe.tc.TypeSigVec.011.smt2: solved=True, runtime=0.31s, PAR-2=0.31s
[DEBUG] Processing 719/2279: UFLIA/simplify/javafe.ast.TypeDeclVec.393.smt2
[DEBUG] Predicted solver: cvc5 for benchmark UFLIA/simplify/javafe.ast.TypeDeclVec.393.smt2
[DEBUG] Benchmark UFLIA/simplify/javafe.ast.TypeDeclVec.393.smt2: solved=True, runtime=1.73s, PAR-2=1.73s
[DEBUG] Processing 720/2279: UFLIA/sledgehammer/Arrow_Order/smtlib.807322.smt2
[DEBUG] Predicted solver: cvc5 for benchmark UFLIA/sledgehammer/Arrow_Order/smtlib.807322.smt2
[DEBUG] Benchmark UFLIA/sledgehammer/Arrow_Order/smtlib.807322.smt2: solved=False, runtime=1200.00s, PAR-2=2400.00s
[DEBUG] Processing 721/2279: UFLIA/simplify2/front_end_suite/javafe.tc.FlowInsensitiveChecks.005.smt2
[DEBUG] Predicted solver: cvc5 for benchmark UFLIA/simplify2/front_end_suite/javafe.tc.FlowInsensitiveChecks.005.smt2
[DEBUG] Benchmark UFLIA/simplify2/front_end_suite/javafe.tc.FlowInsensitiveChecks.005.smt2: solved=False, runtime=1200.00s, PAR-2=2400.00s
[DEBUG] Processing 722/2279: UFLIA/sledgehammer/Fundamental_Theorem_Algebra/smtlib.961677.smt2
[DEBUG] Predicted solver: iProver for benchmark UFLIA/sledgehammer/Fundamental_Theorem_Algebra/smtlib.961677.smt2
[DEBUG] Benchmark UFLIA/sledgehammer/Fundamental_Theorem_Algebra/smtlib.961677.smt2: solved=False, runtime=1200.00s, PAR-2=2400.00s
[DEBUG] Processing 723/2279: UFLIA/simplify2/front_end_suite/javafe.ast.CatchClauseVec.011.smt2
[DEBUG] Predicted solver: cvc5 for benchmark UFLIA/simplify2/front_end_suite/javafe.ast.CatchClauseVec.011.smt2
[DEBUG] Benchmark UFLIA/simplify2/front_end_suite/javafe.ast.CatchClauseVec.011.smt2: solved=True, runtime=0.27s, PAR-2=0.27s
[DEBUG] Processing 724/2279: UFLIA/simplify2/front_end_suite/javafe.ast.SynchronizeStmt.011.smt2
[DEBUG] Predicted solver: cvc5 for benchmark UFLIA/simplify2/front_end_suite/javafe.ast.SynchronizeStmt.011.smt2
[DEBUG] Benchmark UFLIA/simplify2/front_end_suite/javafe.ast.SynchronizeStmt.011.smt2: solved=True, runtime=0.62s, PAR-2=0.62s
[DEBUG] Processing 725/2279: UFLIA/sledgehammer/Hoare/smtlib.704804.smt2
[DEBUG] Predicted solver: iProver for benchmark UFLIA/sledgehammer/Hoare/smtlib.704804.smt2
[DEBUG] Benchmark UFLIA/sledgehammer/Hoare/smtlib.704804.smt2: solved=False, runtime=1200.00s, PAR-2=2400.00s
[DEBUG] Processing 726/2279: UFLIA/sledgehammer/NS_Shared/smtlib.819941.smt2
[DEBUG] Predicted solver: iProver for benchmark UFLIA/sledgehammer/NS_Shared/smtlib.819941.smt2
[DEBUG] Benchmark UFLIA/sledgehammer/NS_Shared/smtlib.819941.smt2: solved=False, runtime=1200.00s, PAR-2=2400.00s
[DEBUG] Processing 727/2279: UFLIA/grasshopper/uninstantiated/difference_precondition_of_difference_43_15.smt2
[DEBUG] Predicted solver: cvc5 for benchmark UFLIA/grasshopper/uninstantiated/difference_precondition_of_difference_43_15.smt2
[DEBUG] Benchmark UFLIA/grasshopper/uninstantiated/difference_precondition_of_difference_43_15.smt2: solved=True, runtime=43.06s, PAR-2=43.06s
[DEBUG] Processing 728/2279: UFLIA/sledgehammer/FFT/smtlib.891596.smt2
[DEBUG] Predicted solver: cvc5 for benchmark UFLIA/sledgehammer/FFT/smtlib.891596.smt2
[DEBUG] Benchmark UFLIA/sledgehammer/FFT/smtlib.891596.smt2: solved=False, runtime=1200.00s, PAR-2=2400.00s
[DEBUG] Processing 729/2279: UFLIA/simplify2/front_end_suite/javafe.ast.StmtVec.019.smt2
[DEBUG] Predicted solver: cvc5 for benchmark UFLIA/simplify2/front_end_suite/javafe.ast.StmtVec.019.smt2
[DEBUG] Benchmark UFLIA/simplify2/front_end_suite/javafe.ast.StmtVec.019.smt2: solved=True, runtime=0.32s, PAR-2=0.32s
[DEBUG] Processing 730/2279: UFLIA/sledgehammer/FFT/smtlib.898348.smt2
[DEBUG] Predicted solver: SMTInterpol for benchmark UFLIA/sledgehammer/FFT/smtlib.898348.smt2
[DEBUG] Benchmark UFLIA/sledgehammer/FFT/smtlib.898348.smt2: solved=True, runtime=0.90s, PAR-2=0.90s
[DEBUG] Processing 731/2279: UFLIA/sledgehammer/Fundamental_Theorem_Algebra/smtlib.995052.smt2
[DEBUG] Predicted solver: iProver for benchmark UFLIA/sledgehammer/Fundamental_Theorem_Algebra/smtlib.995052.smt2
[DEBUG] Benchmark UFLIA/sledgehammer/Fundamental_Theorem_Algebra/smtlib.995052.smt2: solved=False, runtime=1200.00s, PAR-2=2400.00s
[DEBUG] Processing 732/2279: UFLIA/simplify/javafe.ast.AmbiguousMethodInvocation.31.smt2
[DEBUG] Predicted solver: cvc5 for benchmark UFLIA/simplify/javafe.ast.AmbiguousMethodInvocation.31.smt2
[DEBUG] Benchmark UFLIA/simplify/javafe.ast.AmbiguousMethodInvocation.31.smt2: solved=True, runtime=0.63s, PAR-2=0.63s
[DEBUG] Processing 733/2279: UFLIA/tokeneer/tokenreader/poll/processreaderstatechange-4.smt2
[DEBUG] Predicted solver: cvc5 for benchmark UFLIA/tokeneer/tokenreader/poll/processreaderstatechange-4.smt2
[DEBUG] Benchmark UFLIA/tokeneer/tokenreader/poll/processreaderstatechange-4.smt2: solved=True, runtime=0.23s, PAR-2=0.23s
[DEBUG] Processing 734/2279: UFLIA/boogie/ConstructorVisibility_Visitor.M.smt2
[DEBUG] Predicted solver: cvc5 for benchmark UFLIA/boogie/ConstructorVisibility_Visitor.M.smt2
[DEBUG] Benchmark UFLIA/boogie/ConstructorVisibility_Visitor.M.smt2: solved=False, runtime=1200.00s, PAR-2=2400.00s
[DEBUG] Processing 735/2279: UFLIA/sledgehammer/FFT/smtlib.692559.smt2
[DEBUG] Predicted solver: cvc5 for benchmark UFLIA/sledgehammer/FFT/smtlib.692559.smt2
[DEBUG] Benchmark UFLIA/sledgehammer/FFT/smtlib.692559.smt2: solved=False, runtime=1200.00s, PAR-2=2400.00s
[DEBUG] Processing 736/2279: UFLIA/sledgehammer/StrongNorm/smtlib.872237.smt2
[DEBUG] Predicted solver: iProver for benchmark UFLIA/sledgehammer/StrongNorm/smtlib.872237.smt2
[DEBUG] Benchmark UFLIA/sledgehammer/StrongNorm/smtlib.872237.smt2: solved=False, runtime=1200.00s, PAR-2=2400.00s
[DEBUG] Processing 737/2279: UFLIA/grasshopper/uninstantiated/reverse_loop_invariant_37_3.smt2
[DEBUG] Predicted solver: cvc5 for benchmark UFLIA/grasshopper/uninstantiated/reverse_loop_invariant_37_3.smt2
[DEBUG] Benchmark UFLIA/grasshopper/uninstantiated/reverse_loop_invariant_37_3.smt2: solved=True, runtime=30.50s, PAR-2=30.50s
[DEBUG] Processing 738/2279: UFLIA/tokeneer/keystore/addkey-14.smt2
[DEBUG] Predicted solver: SMTInterpol for benchmark UFLIA/tokeneer/keystore/addkey-14.smt2
[DEBUG] Benchmark UFLIA/tokeneer/keystore/addkey-14.smt2: solved=False, runtime=1200.00s, PAR-2=2400.00s
[DEBUG] Processing 739/2279: UFLIA/simplify/javafe.tc.TypeSigVec.736.smt2
[DEBUG] Predicted solver: cvc5 for benchmark UFLIA/simplify/javafe.tc.TypeSigVec.736.smt2
[DEBUG] Benchmark UFLIA/simplify/javafe.tc.TypeSigVec.736.smt2: solved=True, runtime=1.33s, PAR-2=1.33s
[DEBUG] Processing 740/2279: UFLIA/simplify/javafe.tc.FlowInsensitiveChecks.687.smt2
[DEBUG] Predicted solver: cvc5 for benchmark UFLIA/simplify/javafe.tc.FlowInsensitiveChecks.687.smt2
[DEBUG] Benchmark UFLIA/simplify/javafe.tc.FlowInsensitiveChecks.687.smt2: solved=True, runtime=1.18s, PAR-2=1.18s
[DEBUG] Processing 741/2279: UFLIA/boogie/Bag3_Bag..ctor_System.Int32.array_notnull_System.Int32_System.Int32.smt2
[DEBUG] Predicted solver: cvc5 for benchmark UFLIA/boogie/Bag3_Bag..ctor_System.Int32.array_notnull_System.Int32_System.Int32.smt2
[DEBUG] Benchmark UFLIA/boogie/Bag3_Bag..ctor_System.Int32.array_notnull_System.Int32_System.Int32.smt2: solved=False, runtime=1200.00s, PAR-2=2400.00s
[DEBUG] Processing 742/2279: UFLIA/tokeneer/enclave/validateadmintoken-11.smt2
[DEBUG] Predicted solver: SMTInterpol for benchmark UFLIA/tokeneer/enclave/validateadmintoken-11.smt2
[DEBUG] Benchmark UFLIA/tokeneer/enclave/validateadmintoken-11.smt2: solved=False, runtime=1200.00s, PAR-2=2400.00s
[DEBUG] Processing 743/2279: UFLIA/sledgehammer/Fundamental_Theorem_Algebra/smtlib.1269992.smt2
[DEBUG] Predicted solver: iProver for benchmark UFLIA/sledgehammer/Fundamental_Theorem_Algebra/smtlib.1269992.smt2
[DEBUG] Benchmark UFLIA/sledgehammer/Fundamental_Theorem_Algebra/smtlib.1269992.smt2: solved=False, runtime=1200.00s, PAR-2=2400.00s
[DEBUG] Processing 744/2279: UFLIA/sledgehammer/NS_Shared/smtlib.807156.smt2
[DEBUG] Predicted solver: cvc5 for benchmark UFLIA/sledgehammer/NS_Shared/smtlib.807156.smt2
[DEBUG] Benchmark UFLIA/sledgehammer/NS_Shared/smtlib.807156.smt2: solved=False, runtime=1200.00s, PAR-2=2400.00s
[DEBUG] Processing 745/2279: UFLIA/sledgehammer/Arrow_Order/smtlib.584485.smt2
[DEBUG] Predicted solver: cvc5 for benchmark UFLIA/sledgehammer/Arrow_Order/smtlib.584485.smt2
[DEBUG] Benchmark UFLIA/sledgehammer/Arrow_Order/smtlib.584485.smt2: solved=False, runtime=1200.00s, PAR-2=2400.00s
[DEBUG] Processing 746/2279: UFLIA/sledgehammer/QEpres/smtlib.606789.smt2
[DEBUG] Predicted solver: cvc5 for benchmark UFLIA/sledgehammer/QEpres/smtlib.606789.smt2
[DEBUG] Benchmark UFLIA/sledgehammer/QEpres/smtlib.606789.smt2: solved=False, runtime=1200.00s, PAR-2=2400.00s
[DEBUG] Processing 747/2279: UFLIA/simplify2/front_end_suite/javafe.ast.InitBlock.009.smt2
[DEBUG] Predicted solver: cvc5 for benchmark UFLIA/simplify2/front_end_suite/javafe.ast.InitBlock.009.smt2
[DEBUG] Benchmark UFLIA/simplify2/front_end_suite/javafe.ast.InitBlock.009.smt2: solved=True, runtime=14.41s, PAR-2=14.41s
[DEBUG] Processing 748/2279: UFLIA/simplify2/front_end_suite/javafe.ast.LexicalPragmaVec.015.smt2
[DEBUG] Predicted solver: cvc5 for benchmark UFLIA/simplify2/front_end_suite/javafe.ast.LexicalPragmaVec.015.smt2
[DEBUG] Benchmark UFLIA/simplify2/front_end_suite/javafe.ast.LexicalPragmaVec.015.smt2: solved=True, runtime=1.05s, PAR-2=1.05s
[DEBUG] Processing 749/2279: UFLIA/sledgehammer/StrongNorm/smtlib.591385.smt2
[DEBUG] Predicted solver: iProver for benchmark UFLIA/sledgehammer/StrongNorm/smtlib.591385.smt2
[DEBUG] Benchmark UFLIA/sledgehammer/StrongNorm/smtlib.591385.smt2: solved=False, runtime=1200.00s, PAR-2=2400.00s
[DEBUG] Processing 750/2279: UFLIA/simplify2/front_end_suite/javafe.ast.ArrayType.002.smt2
[DEBUG] Predicted solver: cvc5 for benchmark UFLIA/simplify2/front_end_suite/javafe.ast.ArrayType.002.smt2
[DEBUG] Benchmark UFLIA/simplify2/front_end_suite/javafe.ast.ArrayType.002.smt2: solved=True, runtime=0.55s, PAR-2=0.55s
[DEBUG] Processing 751/2279: UFLIA/sledgehammer/Fundamental_Theorem_Algebra/smtlib.897602.smt2
[DEBUG] Predicted solver: cvc5 for benchmark UFLIA/sledgehammer/Fundamental_Theorem_Algebra/smtlib.897602.smt2
[DEBUG] Benchmark UFLIA/sledgehammer/Fundamental_Theorem_Algebra/smtlib.897602.smt2: solved=True, runtime=736.10s, PAR-2=736.10s
[DEBUG] Processing 752/2279: UFLIA/sledgehammer/TwoSquares/smtlib.673465.smt2
[DEBUG] Predicted solver: cvc5 for benchmark UFLIA/sledgehammer/TwoSquares/smtlib.673465.smt2
[DEBUG] Benchmark UFLIA/sledgehammer/TwoSquares/smtlib.673465.smt2: solved=False, runtime=1200.00s, PAR-2=2400.00s
[DEBUG] Processing 753/2279: UFLIA/sledgehammer/FFT/smtlib.597709.smt2
[DEBUG] Predicted solver: iProver for benchmark UFLIA/sledgehammer/FFT/smtlib.597709.smt2
[DEBUG] Benchmark UFLIA/sledgehammer/FFT/smtlib.597709.smt2: solved=False, runtime=1200.00s, PAR-2=2400.00s
[DEBUG] Processing 754/2279: UFLIA/simplify/javafe.ast.TypeNameVec.410.smt2
[DEBUG] Predicted solver: cvc5 for benchmark UFLIA/simplify/javafe.ast.TypeNameVec.410.smt2
[DEBUG] Benchmark UFLIA/simplify/javafe.ast.TypeNameVec.410.smt2: solved=True, runtime=0.28s, PAR-2=0.28s
[DEBUG] Processing 755/2279: UFLIA/sledgehammer/Fundamental_Theorem_Algebra/smtlib.1435405.smt2
[DEBUG] Predicted solver: cvc5 for benchmark UFLIA/sledgehammer/Fundamental_Theorem_Algebra/smtlib.1435405.smt2
[DEBUG] Benchmark UFLIA/sledgehammer/Fundamental_Theorem_Algebra/smtlib.1435405.smt2: solved=True, runtime=0.26s, PAR-2=0.26s
[DEBUG] Processing 756/2279: UFLIA/tokeneer/configdata/writefile-10.smt2
[DEBUG] Predicted solver: cvc5 for benchmark UFLIA/tokeneer/configdata/writefile-10.smt2
[DEBUG] Benchmark UFLIA/tokeneer/configdata/writefile-10.smt2: solved=False, runtime=1200.00s, PAR-2=2400.00s
[DEBUG] Processing 757/2279: UFLIA/sledgehammer/FFT/smtlib.855270.smt2
[DEBUG] Predicted solver: cvc5 for benchmark UFLIA/sledgehammer/FFT/smtlib.855270.smt2
[DEBUG] Benchmark UFLIA/sledgehammer/FFT/smtlib.855270.smt2: solved=False, runtime=1200.00s, PAR-2=2400.00s
[DEBUG] Processing 758/2279: UFLIA/simplify/javafe.util.StackVector.818.smt2
[DEBUG] Predicted solver: cvc5 for benchmark UFLIA/simplify/javafe.util.StackVector.818.smt2
[DEBUG] Benchmark UFLIA/simplify/javafe.util.StackVector.818.smt2: solved=True, runtime=1.68s, PAR-2=1.68s
[DEBUG] Processing 759/2279: UFLIA/simplify2/front_end_suite/javafe.tc.TypeSig.041.smt2
[DEBUG] Predicted solver: cvc5 for benchmark UFLIA/simplify2/front_end_suite/javafe.tc.TypeSig.041.smt2
[DEBUG] Benchmark UFLIA/simplify2/front_end_suite/javafe.tc.TypeSig.041.smt2: solved=True, runtime=4.76s, PAR-2=4.76s
[DEBUG] Processing 760/2279: UFLIA/sledgehammer/Fundamental_Theorem_Algebra/z3.591288.smt2
[DEBUG] Predicted solver: cvc5 for benchmark UFLIA/sledgehammer/Fundamental_Theorem_Algebra/z3.591288.smt2
[DEBUG] Benchmark UFLIA/sledgehammer/Fundamental_Theorem_Algebra/z3.591288.smt2: solved=False, runtime=1200.00s, PAR-2=2400.00s
[DEBUG] Processing 761/2279: UFLIA/sledgehammer/Arrow_Order/smtlib.859801.smt2
[DEBUG] Predicted solver: iProver for benchmark UFLIA/sledgehammer/Arrow_Order/smtlib.859801.smt2
[DEBUG] Benchmark UFLIA/sledgehammer/Arrow_Order/smtlib.859801.smt2: solved=False, runtime=1200.00s, PAR-2=2400.00s
[DEBUG] Processing 762/2279: UFLIA/tokeneer/door/lockdoor-1.smt2
[DEBUG] Predicted solver: SMTInterpol for benchmark UFLIA/tokeneer/door/lockdoor-1.smt2
[DEBUG] Benchmark UFLIA/tokeneer/door/lockdoor-1.smt2: solved=True, runtime=1.60s, PAR-2=1.60s
[DEBUG] Processing 763/2279: UFLIA/sledgehammer/Fundamental_Theorem_Algebra/smtlib.1423581.smt2
[DEBUG] Predicted solver: cvc5 for benchmark UFLIA/sledgehammer/Fundamental_Theorem_Algebra/smtlib.1423581.smt2
[DEBUG] Benchmark UFLIA/sledgehammer/Fundamental_Theorem_Algebra/smtlib.1423581.smt2: solved=False, runtime=1200.00s, PAR-2=2400.00s
[DEBUG] Processing 764/2279: UFLIA/simplify2/front_end_suite/javafe.ast.ConstructorInvocation.006.smt2
[DEBUG] Predicted solver: cvc5 for benchmark UFLIA/simplify2/front_end_suite/javafe.ast.ConstructorInvocation.006.smt2
[DEBUG] Benchmark UFLIA/simplify2/front_end_suite/javafe.ast.ConstructorInvocation.006.smt2: solved=True, runtime=0.55s, PAR-2=0.55s
[DEBUG] Processing 765/2279: UFLIA/sledgehammer/StrongNorm/smtlib.756536.smt2
[DEBUG] Predicted solver: cvc5 for benchmark UFLIA/sledgehammer/StrongNorm/smtlib.756536.smt2
[DEBUG] Benchmark UFLIA/sledgehammer/StrongNorm/smtlib.756536.smt2: solved=False, runtime=1200.00s, PAR-2=2400.00s
[DEBUG] Processing 766/2279: UFLIA/sledgehammer/QEpres/smtlib.822731.smt2
[DEBUG] Predicted solver: cvc5 for benchmark UFLIA/sledgehammer/QEpres/smtlib.822731.smt2
[DEBUG] Benchmark UFLIA/sledgehammer/QEpres/smtlib.822731.smt2: solved=False, runtime=1200.00s, PAR-2=2400.00s
[DEBUG] Processing 767/2279: UFLIA/sledgehammer/TypeSafe/smtlib.1019016.smt2
[DEBUG] Predicted solver: iProver for benchmark UFLIA/sledgehammer/TypeSafe/smtlib.1019016.smt2
[DEBUG] Benchmark UFLIA/sledgehammer/TypeSafe/smtlib.1019016.smt2: solved=False, runtime=1200.00s, PAR-2=2400.00s
[DEBUG] Processing 768/2279: UFLIA/boogie/AdditiveMethods_OwnedResults.Pz.smt2
[DEBUG] Predicted solver: cvc5 for benchmark UFLIA/boogie/AdditiveMethods_OwnedResults.Pz.smt2
[DEBUG] Benchmark UFLIA/boogie/AdditiveMethods_OwnedResults.Pz.smt2: solved=True, runtime=0.34s, PAR-2=0.34s
[DEBUG] Processing 769/2279: UFLIA/boogie/Spouse_Person.MM.smt2
[DEBUG] Predicted solver: cvc5 for benchmark UFLIA/boogie/Spouse_Person.MM.smt2
[DEBUG] Benchmark UFLIA/boogie/Spouse_Person.MM.smt2: solved=True, runtime=0.29s, PAR-2=0.29s
[DEBUG] Processing 770/2279: UFLIA/boogie/DoWhileBad_Test.Copy_System.Int32.smt2
[DEBUG] Predicted solver: cvc5 for benchmark UFLIA/boogie/DoWhileBad_Test.Copy_System.Int32.smt2
[DEBUG] Benchmark UFLIA/boogie/DoWhileBad_Test.Copy_System.Int32.smt2: solved=False, runtime=1200.00s, PAR-2=2400.00s
[DEBUG] Processing 771/2279: UFLIA/boogie/StaticFields_StaticFields.N.smt2
[DEBUG] Predicted solver: cvc5 for benchmark UFLIA/boogie/StaticFields_StaticFields.N.smt2
[DEBUG] Benchmark UFLIA/boogie/StaticFields_StaticFields.N.smt2: solved=False, runtime=1200.00s, PAR-2=2400.00s
[DEBUG] Processing 772/2279: UFLIA/sledgehammer/Fundamental_Theorem_Algebra/smtlib.1446477.smt2
[DEBUG] Predicted solver: cvc5 for benchmark UFLIA/sledgehammer/Fundamental_Theorem_Algebra/smtlib.1446477.smt2
[DEBUG] Benchmark UFLIA/sledgehammer/Fundamental_Theorem_Algebra/smtlib.1446477.smt2: solved=False, runtime=1200.00s, PAR-2=2400.00s
[DEBUG] Processing 773/2279: UFLIA/sledgehammer/QEpres/smtlib.1217538.smt2
[DEBUG] Predicted solver: cvc5 for benchmark UFLIA/sledgehammer/QEpres/smtlib.1217538.smt2
[DEBUG] Benchmark UFLIA/sledgehammer/QEpres/smtlib.1217538.smt2: solved=False, runtime=1200.00s, PAR-2=2400.00s
[DEBUG] Processing 774/2279: UFLIA/sledgehammer/Hoare/smtlib.1127415.smt2
[DEBUG] Predicted solver: cvc5 for benchmark UFLIA/sledgehammer/Hoare/smtlib.1127415.smt2
[DEBUG] Benchmark UFLIA/sledgehammer/Hoare/smtlib.1127415.smt2: solved=False, runtime=1200.00s, PAR-2=2400.00s
[DEBUG] Processing 775/2279: UFLIA/sledgehammer/Fundamental_Theorem_Algebra/smtlib.1148592.smt2
[DEBUG] Predicted solver: cvc5 for benchmark UFLIA/sledgehammer/Fundamental_Theorem_Algebra/smtlib.1148592.smt2
[DEBUG] Benchmark UFLIA/sledgehammer/Fundamental_Theorem_Algebra/smtlib.1148592.smt2: solved=False, runtime=1200.00s, PAR-2=2400.00s
[DEBUG] Processing 776/2279: UFLIA/sledgehammer/Hoare/smtlib.1137114.smt2
[DEBUG] Predicted solver: iProver for benchmark UFLIA/sledgehammer/Hoare/smtlib.1137114.smt2
[DEBUG] Benchmark UFLIA/sledgehammer/Hoare/smtlib.1137114.smt2: solved=False, runtime=1200.00s, PAR-2=2400.00s
[DEBUG] Processing 777/2279: UFLIA/sledgehammer/Fundamental_Theorem_Algebra/smtlib.1249094.smt2
[DEBUG] Predicted solver: cvc5 for benchmark UFLIA/sledgehammer/Fundamental_Theorem_Algebra/smtlib.1249094.smt2
[DEBUG] Benchmark UFLIA/sledgehammer/Fundamental_Theorem_Algebra/smtlib.1249094.smt2: solved=True, runtime=0.48s, PAR-2=0.48s
[DEBUG] Processing 778/2279: UFLIA/sledgehammer/TwoSquares/smtlib.629305.smt2
[DEBUG] Predicted solver: cvc5 for benchmark UFLIA/sledgehammer/TwoSquares/smtlib.629305.smt2
[DEBUG] Benchmark UFLIA/sledgehammer/TwoSquares/smtlib.629305.smt2: solved=True, runtime=45.00s, PAR-2=45.00s
[DEBUG] Processing 779/2279: UFLIA/sledgehammer/Fundamental_Theorem_Algebra/smtlib.1443254.smt2
[DEBUG] Predicted solver: cvc5 for benchmark UFLIA/sledgehammer/Fundamental_Theorem_Algebra/smtlib.1443254.smt2
[DEBUG] Benchmark UFLIA/sledgehammer/Fundamental_Theorem_Algebra/smtlib.1443254.smt2: solved=False, runtime=1200.00s, PAR-2=2400.00s
[DEBUG] Processing 780/2279: UFLIA/sledgehammer/Fundamental_Theorem_Algebra/smtlib.1202080.smt2
[DEBUG] Predicted solver: cvc5 for benchmark UFLIA/sledgehammer/Fundamental_Theorem_Algebra/smtlib.1202080.smt2
[DEBUG] Benchmark UFLIA/sledgehammer/Fundamental_Theorem_Algebra/smtlib.1202080.smt2: solved=False, runtime=1200.00s, PAR-2=2400.00s
[DEBUG] Processing 781/2279: UFLIA/sledgehammer/Fundamental_Theorem_Algebra/smtlib.993621.smt2
[DEBUG] Predicted solver: cvc5 for benchmark UFLIA/sledgehammer/Fundamental_Theorem_Algebra/smtlib.993621.smt2
[DEBUG] Benchmark UFLIA/sledgehammer/Fundamental_Theorem_Algebra/smtlib.993621.smt2: solved=False, runtime=1200.00s, PAR-2=2400.00s
[DEBUG] Processing 782/2279: UFLIA/sexpr/SES.Sx.get_True.smt2
[DEBUG] Predicted solver: cvc5 for benchmark UFLIA/sexpr/SES.Sx.get_True.smt2
[DEBUG] Benchmark UFLIA/sexpr/SES.Sx.get_True.smt2: solved=True, runtime=2.64s, PAR-2=2.64s
[DEBUG] Processing 783/2279: UFLIA/boogie/PureAxioms_B.Dummy1-level_2.smt2
[DEBUG] Predicted solver: cvc5 for benchmark UFLIA/boogie/PureAxioms_B.Dummy1-level_2.smt2
[DEBUG] Benchmark UFLIA/boogie/PureAxioms_B.Dummy1-level_2.smt2: solved=False, runtime=1200.00s, PAR-2=2400.00s
[DEBUG] Processing 784/2279: UFLIA/sledgehammer/QEpres/smtlib.920451.smt2
[DEBUG] Predicted solver: cvc5 for benchmark UFLIA/sledgehammer/QEpres/smtlib.920451.smt2
[DEBUG] Benchmark UFLIA/sledgehammer/QEpres/smtlib.920451.smt2: solved=False, runtime=1200.00s, PAR-2=2400.00s
[DEBUG] Processing 785/2279: UFLIA/sledgehammer/TwoSquares/smtlib.712884.smt2
[DEBUG] Predicted solver: cvc5 for benchmark UFLIA/sledgehammer/TwoSquares/smtlib.712884.smt2
[DEBUG] Benchmark UFLIA/sledgehammer/TwoSquares/smtlib.712884.smt2: solved=False, runtime=1200.00s, PAR-2=2400.00s
[DEBUG] Processing 786/2279: UFLIA/boogie/MustOverride_Ex2.B..ctor.smt2
[DEBUG] Predicted solver: cvc5 for benchmark UFLIA/boogie/MustOverride_Ex2.B..ctor.smt2
[DEBUG] Benchmark UFLIA/boogie/MustOverride_Ex2.B..ctor.smt2: solved=True, runtime=0.34s, PAR-2=0.34s
[DEBUG] Processing 787/2279: UFLIA/sledgehammer/Fundamental_Theorem_Algebra/smtlib.1256827.smt2
[DEBUG] Predicted solver: iProver for benchmark UFLIA/sledgehammer/Fundamental_Theorem_Algebra/smtlib.1256827.smt2
[DEBUG] Benchmark UFLIA/sledgehammer/Fundamental_Theorem_Algebra/smtlib.1256827.smt2: solved=False, runtime=1200.00s, PAR-2=2400.00s
[DEBUG] Processing 788/2279: UFLIA/sledgehammer/TwoSquares/smtlib.626558.smt2
[DEBUG] Predicted solver: iProver for benchmark UFLIA/sledgehammer/TwoSquares/smtlib.626558.smt2
[DEBUG] Benchmark UFLIA/sledgehammer/TwoSquares/smtlib.626558.smt2: solved=False, runtime=1200.00s, PAR-2=2400.00s
[DEBUG] Processing 789/2279: UFLIA/simplify2/front_end_suite/javafe.util.BufferedCorrelatedReader.004.smt2
[DEBUG] Predicted solver: cvc5 for benchmark UFLIA/simplify2/front_end_suite/javafe.util.BufferedCorrelatedReader.004.smt2
[DEBUG] Benchmark UFLIA/simplify2/front_end_suite/javafe.util.BufferedCorrelatedReader.004.smt2: solved=True, runtime=0.28s, PAR-2=0.28s
[DEBUG] Processing 790/2279: UFLIA/sledgehammer/Fundamental_Theorem_Algebra/smtlib.903383.smt2
[DEBUG] Predicted solver: cvc5 for benchmark UFLIA/sledgehammer/Fundamental_Theorem_Algebra/smtlib.903383.smt2
[DEBUG] Benchmark UFLIA/sledgehammer/Fundamental_Theorem_Algebra/smtlib.903383.smt2: solved=True, runtime=32.56s, PAR-2=32.56s
[DEBUG] Processing 791/2279: UFLIA/sledgehammer/QEpres/smtlib.743825.smt2
[DEBUG] Predicted solver: cvc5 for benchmark UFLIA/sledgehammer/QEpres/smtlib.743825.smt2
[DEBUG] Benchmark UFLIA/sledgehammer/QEpres/smtlib.743825.smt2: solved=False, runtime=1200.00s, PAR-2=2400.00s
[DEBUG] Processing 792/2279: UFLIA/sledgehammer/QEpres/smtlib.1093300.smt2
[DEBUG] Predicted solver: cvc5 for benchmark UFLIA/sledgehammer/QEpres/smtlib.1093300.smt2
[DEBUG] Benchmark UFLIA/sledgehammer/QEpres/smtlib.1093300.smt2: solved=False, runtime=1200.00s, PAR-2=2400.00s
[DEBUG] Processing 793/2279: UFLIA/sledgehammer/FFT/smtlib.1019112.smt2
[DEBUG] Predicted solver: cvc5 for benchmark UFLIA/sledgehammer/FFT/smtlib.1019112.smt2
[DEBUG] Benchmark UFLIA/sledgehammer/FFT/smtlib.1019112.smt2: solved=True, runtime=210.52s, PAR-2=210.52s
[DEBUG] Processing 794/2279: UFLIA/tokeneer/enclave/startadminactivity-7.smt2
[DEBUG] Predicted solver: cvc5 for benchmark UFLIA/tokeneer/enclave/startadminactivity-7.smt2
[DEBUG] Benchmark UFLIA/tokeneer/enclave/startadminactivity-7.smt2: solved=False, runtime=1200.00s, PAR-2=2400.00s
[DEBUG] Processing 795/2279: UFLIA/sledgehammer/FFT/smtlib.851454.smt2
[DEBUG] Predicted solver: iProver for benchmark UFLIA/sledgehammer/FFT/smtlib.851454.smt2
[DEBUG] Benchmark UFLIA/sledgehammer/FFT/smtlib.851454.smt2: solved=False, runtime=1200.00s, PAR-2=2400.00s
[DEBUG] Processing 796/2279: UFLIA/simplify2/front_end_suite/javafe.ast.IfStmt.008.smt2
[DEBUG] Predicted solver: cvc5 for benchmark UFLIA/simplify2/front_end_suite/javafe.ast.IfStmt.008.smt2
[DEBUG] Benchmark UFLIA/simplify2/front_end_suite/javafe.ast.IfStmt.008.smt2: solved=True, runtime=18.06s, PAR-2=18.06s
[DEBUG] Processing 797/2279: UFLIA/simplify/javafe.ast.CatchClauseVec.69.smt2
[DEBUG] Predicted solver: cvc5 for benchmark UFLIA/simplify/javafe.ast.CatchClauseVec.69.smt2
[DEBUG] Benchmark UFLIA/simplify/javafe.ast.CatchClauseVec.69.smt2: solved=True, runtime=0.28s, PAR-2=0.28s
[DEBUG] Processing 798/2279: UFLIA/boogie/Chunker1_Chunker.NextChunk.smt2
[DEBUG] Predicted solver: cvc5 for benchmark UFLIA/boogie/Chunker1_Chunker.NextChunk.smt2
[DEBUG] Benchmark UFLIA/boogie/Chunker1_Chunker.NextChunk.smt2: solved=False, runtime=1200.00s, PAR-2=2400.00s
[DEBUG] Processing 799/2279: UFLIA/simplify2/front_end_suite/javafe.ast.SuperObjectDesignator.001.smt2
[DEBUG] Predicted solver: cvc5 for benchmark UFLIA/simplify2/front_end_suite/javafe.ast.SuperObjectDesignator.001.smt2
[DEBUG] Benchmark UFLIA/simplify2/front_end_suite/javafe.ast.SuperObjectDesignator.001.smt2: solved=True, runtime=0.45s, PAR-2=0.45s
[DEBUG] Processing 800/2279: UFLIA/boogie/Boxes_Boxes_2.Q_System.Int32.smt2
[DEBUG] Predicted solver: cvc5 for benchmark UFLIA/boogie/Boxes_Boxes_2.Q_System.Int32.smt2
[DEBUG] Benchmark UFLIA/boogie/Boxes_Boxes_2.Q_System.Int32.smt2: solved=False, runtime=1200.00s, PAR-2=2400.00s
[DEBUG] Processing 801/2279: UFLIA/simplify2/front_end_suite/javafe.ast.ClassDeclStmt.002.smt2
[DEBUG] Predicted solver: cvc5 for benchmark UFLIA/simplify2/front_end_suite/javafe.ast.ClassDeclStmt.002.smt2
[DEBUG] Benchmark UFLIA/simplify2/front_end_suite/javafe.ast.ClassDeclStmt.002.smt2: solved=True, runtime=2.22s, PAR-2=2.22s
[DEBUG] Processing 802/2279: UFLIA/sledgehammer/Fundamental_Theorem_Algebra/smtlib.1327187.smt2
[DEBUG] Predicted solver: cvc5 for benchmark UFLIA/sledgehammer/Fundamental_Theorem_Algebra/smtlib.1327187.smt2
[DEBUG] Benchmark UFLIA/sledgehammer/Fundamental_Theorem_Algebra/smtlib.1327187.smt2: solved=False, runtime=1200.00s, PAR-2=2400.00s
[DEBUG] Processing 803/2279: UFLIA/sledgehammer/QEpres/smtlib.1014851.smt2
[DEBUG] Predicted solver: cvc5 for benchmark UFLIA/sledgehammer/QEpres/smtlib.1014851.smt2
[DEBUG] Benchmark UFLIA/sledgehammer/QEpres/smtlib.1014851.smt2: solved=False, runtime=1200.00s, PAR-2=2400.00s
[DEBUG] Processing 804/2279: UFLIA/sledgehammer/QEpres/smtlib.729310.smt2
[DEBUG] Predicted solver: cvc5 for benchmark UFLIA/sledgehammer/QEpres/smtlib.729310.smt2
[DEBUG] Benchmark UFLIA/sledgehammer/QEpres/smtlib.729310.smt2: solved=False, runtime=1200.00s, PAR-2=2400.00s
[DEBUG] Processing 805/2279: UFLIA/boogie/SimpleWhile5_SimpleWhile5.NegativeWrong_System.Int32_System.Int32_System.Int32-infer_i.smt2
[DEBUG] Predicted solver: cvc5 for benchmark UFLIA/boogie/SimpleWhile5_SimpleWhile5.NegativeWrong_System.Int32_System.Int32_System.Int32-infer_i.smt2
[DEBUG] Benchmark UFLIA/boogie/SimpleWhile5_SimpleWhile5.NegativeWrong_System.Int32_System.Int32_System.Int32-infer_i.smt2: solved=False, runtime=1200.00s, PAR-2=2400.00s
[DEBUG] Processing 806/2279: UFLIA/sledgehammer/QEpres/smtlib.890514.smt2
[DEBUG] Predicted solver: cvc5 for benchmark UFLIA/sledgehammer/QEpres/smtlib.890514.smt2
[DEBUG] Benchmark UFLIA/sledgehammer/QEpres/smtlib.890514.smt2: solved=False, runtime=1200.00s, PAR-2=2400.00s
[DEBUG] Processing 807/2279: UFLIA/sledgehammer/QEpres/smtlib.1082721.smt2
[DEBUG] Predicted solver: cvc5 for benchmark UFLIA/sledgehammer/QEpres/smtlib.1082721.smt2
[DEBUG] Benchmark UFLIA/sledgehammer/QEpres/smtlib.1082721.smt2: solved=False, runtime=1200.00s, PAR-2=2400.00s
[DEBUG] Processing 808/2279: UFLIA/simplify2/front_end_suite/javafe.ast.StandardPrettyPrint.021.smt2
[DEBUG] Predicted solver: cvc5 for benchmark UFLIA/simplify2/front_end_suite/javafe.ast.StandardPrettyPrint.021.smt2
[DEBUG] Benchmark UFLIA/simplify2/front_end_suite/javafe.ast.StandardPrettyPrint.021.smt2: solved=True, runtime=0.56s, PAR-2=0.56s
[DEBUG] Processing 809/2279: UFLIA/sledgehammer/StrongNorm/smtlib.797909.smt2
[DEBUG] Predicted solver: iProver for benchmark UFLIA/sledgehammer/StrongNorm/smtlib.797909.smt2
[DEBUG] Benchmark UFLIA/sledgehammer/StrongNorm/smtlib.797909.smt2: solved=False, runtime=1200.00s, PAR-2=2400.00s
[DEBUG] Processing 810/2279: UFLIA/simplify/javafe.CopyLoaded.2.smt2
[DEBUG] Predicted solver: cvc5 for benchmark UFLIA/simplify/javafe.CopyLoaded.2.smt2
[DEBUG] Benchmark UFLIA/simplify/javafe.CopyLoaded.2.smt2: solved=True, runtime=0.52s, PAR-2=0.52s
[DEBUG] Processing 811/2279: UFLIA/sledgehammer/Arrow_Order/smtlib.808929.smt2
[DEBUG] Predicted solver: cvc5 for benchmark UFLIA/sledgehammer/Arrow_Order/smtlib.808929.smt2
[DEBUG] Benchmark UFLIA/sledgehammer/Arrow_Order/smtlib.808929.smt2: solved=False, runtime=1200.00s, PAR-2=2400.00s
[DEBUG] Processing 812/2279: UFLIA/boogie/Bad_Cell..ctor.smt2
[DEBUG] Predicted solver: cvc5 for benchmark UFLIA/boogie/Bad_Cell..ctor.smt2
[DEBUG] Benchmark UFLIA/boogie/Bad_Cell..ctor.smt2: solved=True, runtime=0.34s, PAR-2=0.34s
[DEBUG] Processing 813/2279: UFLIA/sledgehammer/Hoare/smtlib.891187.smt2
[DEBUG] Predicted solver: iProver for benchmark UFLIA/sledgehammer/Hoare/smtlib.891187.smt2
[DEBUG] Benchmark UFLIA/sledgehammer/Hoare/smtlib.891187.smt2: solved=False, runtime=1200.00s, PAR-2=2400.00s
[DEBUG] Processing 814/2279: UFLIA/sledgehammer/QEpres/smtlib.1010125.smt2
[DEBUG] Predicted solver: cvc5 for benchmark UFLIA/sledgehammer/QEpres/smtlib.1010125.smt2
[DEBUG] Benchmark UFLIA/sledgehammer/QEpres/smtlib.1010125.smt2: solved=False, runtime=1200.00s, PAR-2=2400.00s
[DEBUG] Processing 815/2279: UFLIA/boogie/Unsigned_test.Caller0_System.UInt32.smt2
[DEBUG] Predicted solver: cvc5 for benchmark UFLIA/boogie/Unsigned_test.Caller0_System.UInt32.smt2
[DEBUG] Benchmark UFLIA/boogie/Unsigned_test.Caller0_System.UInt32.smt2: solved=True, runtime=0.54s, PAR-2=0.54s
[DEBUG] Processing 816/2279: UFLIA/boogie/InitialValuesBad_Cell..ctor.smt2
[DEBUG] Predicted solver: cvc5 for benchmark UFLIA/boogie/InitialValuesBad_Cell..ctor.smt2
[DEBUG] Benchmark UFLIA/boogie/InitialValuesBad_Cell..ctor.smt2: solved=False, runtime=1200.00s, PAR-2=2400.00s
[DEBUG] Processing 817/2279: UFLIA/sledgehammer/Fundamental_Theorem_Algebra/smtlib.802880.smt2
[DEBUG] Predicted solver: iProver for benchmark UFLIA/sledgehammer/Fundamental_Theorem_Algebra/smtlib.802880.smt2
[DEBUG] Benchmark UFLIA/sledgehammer/Fundamental_Theorem_Algebra/smtlib.802880.smt2: solved=False, runtime=1200.00s, PAR-2=2400.00s
[DEBUG] Processing 818/2279: UFLIA/simplify2/front_end_suite/javafe.reader.CachedReader.005.smt2
[DEBUG] Predicted solver: cvc5 for benchmark UFLIA/simplify2/front_end_suite/javafe.reader.CachedReader.005.smt2
[DEBUG] Benchmark UFLIA/simplify2/front_end_suite/javafe.reader.CachedReader.005.smt2: solved=True, runtime=0.25s, PAR-2=0.25s
[DEBUG] Processing 819/2279: UFLIA/simplify/javafe.ast.SimpleName.310.smt2
[DEBUG] Predicted solver: cvc5 for benchmark UFLIA/simplify/javafe.ast.SimpleName.310.smt2
[DEBUG] Benchmark UFLIA/simplify/javafe.ast.SimpleName.310.smt2: solved=True, runtime=0.29s, PAR-2=0.29s
[DEBUG] Processing 820/2279: UFLIA/boogie/AdditiveMethods_AdditiveMethods.Y.smt2
[DEBUG] Predicted solver: cvc5 for benchmark UFLIA/boogie/AdditiveMethods_AdditiveMethods.Y.smt2
[DEBUG] Benchmark UFLIA/boogie/AdditiveMethods_AdditiveMethods.Y.smt2: solved=True, runtime=0.32s, PAR-2=0.32s
[DEBUG] Processing 821/2279: UFLIA/sledgehammer/Fundamental_Theorem_Algebra/smtlib.1382198.smt2
[DEBUG] Predicted solver: cvc5 for benchmark UFLIA/sledgehammer/Fundamental_Theorem_Algebra/smtlib.1382198.smt2
[DEBUG] Benchmark UFLIA/sledgehammer/Fundamental_Theorem_Algebra/smtlib.1382198.smt2: solved=False, runtime=1200.00s, PAR-2=2400.00s
[DEBUG] Processing 822/2279: UFLIA/sledgehammer/NS_Shared/smtlib.583829.smt2
[DEBUG] Predicted solver: iProver for benchmark UFLIA/sledgehammer/NS_Shared/smtlib.583829.smt2
[DEBUG] Benchmark UFLIA/sledgehammer/NS_Shared/smtlib.583829.smt2: solved=False, runtime=1200.00s, PAR-2=2400.00s
[DEBUG] Processing 823/2279: UFLIA/sledgehammer/Fundamental_Theorem_Algebra/smtlib.962373.smt2
[DEBUG] Predicted solver: iProver for benchmark UFLIA/sledgehammer/Fundamental_Theorem_Algebra/smtlib.962373.smt2
[DEBUG] Benchmark UFLIA/sledgehammer/Fundamental_Theorem_Algebra/smtlib.962373.smt2: solved=False, runtime=1200.00s, PAR-2=2400.00s
[DEBUG] Processing 824/2279: UFLIA/simplify2/front_end_suite/javafe.ast.TypeModifierPragmaVec.015.smt2
[DEBUG] Predicted solver: cvc5 for benchmark UFLIA/simplify2/front_end_suite/javafe.ast.TypeModifierPragmaVec.015.smt2
[DEBUG] Benchmark UFLIA/simplify2/front_end_suite/javafe.ast.TypeModifierPragmaVec.015.smt2: solved=True, runtime=1.20s, PAR-2=1.20s
[DEBUG] Processing 825/2279: UFLIA/sledgehammer/QEpres/smtlib.1049995.smt2
[DEBUG] Predicted solver: cvc5 for benchmark UFLIA/sledgehammer/QEpres/smtlib.1049995.smt2
[DEBUG] Benchmark UFLIA/sledgehammer/QEpres/smtlib.1049995.smt2: solved=False, runtime=1200.00s, PAR-2=2400.00s
[DEBUG] Processing 826/2279: UFLIA/sledgehammer/QEpres/smtlib.791091.smt2
[DEBUG] Predicted solver: cvc5 for benchmark UFLIA/sledgehammer/QEpres/smtlib.791091.smt2
[DEBUG] Benchmark UFLIA/sledgehammer/QEpres/smtlib.791091.smt2: solved=False, runtime=1200.00s, PAR-2=2400.00s
[DEBUG] Processing 827/2279: UFLIA/simplify/javafe.tc.FieldDeclVec.673.smt2
[DEBUG] Predicted solver: cvc5 for benchmark UFLIA/simplify/javafe.tc.FieldDeclVec.673.smt2
[DEBUG] Benchmark UFLIA/simplify/javafe.tc.FieldDeclVec.673.smt2: solved=True, runtime=1.06s, PAR-2=1.06s
[DEBUG] Processing 828/2279: UFLIA/sledgehammer/FFT/smtlib.649733.smt2
[DEBUG] Predicted solver: iProver for benchmark UFLIA/sledgehammer/FFT/smtlib.649733.smt2
[DEBUG] Benchmark UFLIA/sledgehammer/FFT/smtlib.649733.smt2: solved=False, runtime=1200.00s, PAR-2=2400.00s
[DEBUG] Processing 829/2279: UFLIA/grasshopper/uninstantiated/pull_strands_loop_check_heap_access_87_6.smt2
[DEBUG] Predicted solver: cvc5 for benchmark UFLIA/grasshopper/uninstantiated/pull_strands_loop_check_heap_access_87_6.smt2
[DEBUG] Benchmark UFLIA/grasshopper/uninstantiated/pull_strands_loop_check_heap_access_87_6.smt2: solved=True, runtime=0.34s, PAR-2=0.34s
[DEBUG] Processing 830/2279: UFLIA/sledgehammer/QEpres/smtlib.1165046.smt2
[DEBUG] Predicted solver: cvc5 for benchmark UFLIA/sledgehammer/QEpres/smtlib.1165046.smt2
[DEBUG] Benchmark UFLIA/sledgehammer/QEpres/smtlib.1165046.smt2: solved=False, runtime=1200.00s, PAR-2=2400.00s
[DEBUG] Processing 831/2279: UFLIA/sledgehammer/QEpres/smtlib.1138051.smt2
[DEBUG] Predicted solver: cvc5 for benchmark UFLIA/sledgehammer/QEpres/smtlib.1138051.smt2
[DEBUG] Benchmark UFLIA/sledgehammer/QEpres/smtlib.1138051.smt2: solved=False, runtime=1200.00s, PAR-2=2400.00s
[DEBUG] Processing 832/2279: UFLIA/sledgehammer/TwoSquares/smtlib.807529.smt2
[DEBUG] Predicted solver: cvc5 for benchmark UFLIA/sledgehammer/TwoSquares/smtlib.807529.smt2
[DEBUG] Benchmark UFLIA/sledgehammer/TwoSquares/smtlib.807529.smt2: solved=True, runtime=0.27s, PAR-2=0.27s
[DEBUG] Processing 833/2279: UFLIA/boogie/Immutable_test3.Imtbl..ctor.smt2
[DEBUG] Predicted solver: cvc5 for benchmark UFLIA/boogie/Immutable_test3.Imtbl..ctor.smt2
[DEBUG] Benchmark UFLIA/boogie/Immutable_test3.Imtbl..ctor.smt2: solved=True, runtime=0.39s, PAR-2=0.39s
[DEBUG] Processing 834/2279: UFLIA/sledgehammer/Fundamental_Theorem_Algebra/z3.666976.smt2
[DEBUG] Predicted solver: iProver for benchmark UFLIA/sledgehammer/Fundamental_Theorem_Algebra/z3.666976.smt2
[DEBUG] Benchmark UFLIA/sledgehammer/Fundamental_Theorem_Algebra/z3.666976.smt2: solved=False, runtime=1200.00s, PAR-2=2400.00s
[DEBUG] Processing 835/2279: UFLIA/sledgehammer/TwoSquares/smtlib.592580.smt2
[DEBUG] Predicted solver: cvc5 for benchmark UFLIA/sledgehammer/TwoSquares/smtlib.592580.smt2
[DEBUG] Benchmark UFLIA/sledgehammer/TwoSquares/smtlib.592580.smt2: solved=False, runtime=1200.00s, PAR-2=2400.00s
[DEBUG] Processing 836/2279: UFLIA/sledgehammer/QEpres/smtlib.644437.smt2
[DEBUG] Predicted solver: cvc5 for benchmark UFLIA/sledgehammer/QEpres/smtlib.644437.smt2
[DEBUG] Benchmark UFLIA/sledgehammer/QEpres/smtlib.644437.smt2: solved=True, runtime=210.80s, PAR-2=210.80s
[DEBUG] Processing 837/2279: UFLIA/simplify/javafe.tc.MethodDeclVec.692.smt2
[DEBUG] Predicted solver: cvc5 for benchmark UFLIA/simplify/javafe.tc.MethodDeclVec.692.smt2
[DEBUG] Benchmark UFLIA/simplify/javafe.tc.MethodDeclVec.692.smt2: solved=True, runtime=0.27s, PAR-2=0.27s
[DEBUG] Processing 838/2279: UFLIA/sledgehammer/QEpres/smtlib.765921.smt2
[DEBUG] Predicted solver: cvc5 for benchmark UFLIA/sledgehammer/QEpres/smtlib.765921.smt2
[DEBUG] Benchmark UFLIA/sledgehammer/QEpres/smtlib.765921.smt2: solved=False, runtime=1200.00s, PAR-2=2400.00s
[DEBUG] Processing 839/2279: UFLIA/grasshopper/uninstantiated/delete_postcondition_of_delete_59_8.smt2
[DEBUG] Predicted solver: cvc5 for benchmark UFLIA/grasshopper/uninstantiated/delete_postcondition_of_delete_59_8.smt2
[DEBUG] Benchmark UFLIA/grasshopper/uninstantiated/delete_postcondition_of_delete_59_8.smt2: solved=True, runtime=11.75s, PAR-2=11.75s
[DEBUG] Processing 840/2279: UFLIA/sledgehammer/Hoare/smtlib.874055.smt2
[DEBUG] Predicted solver: cvc5 for benchmark UFLIA/sledgehammer/Hoare/smtlib.874055.smt2
[DEBUG] Benchmark UFLIA/sledgehammer/Hoare/smtlib.874055.smt2: solved=True, runtime=1.16s, PAR-2=1.16s
[DEBUG] Processing 841/2279: UFLIA/simplify2/front_end_suite/javafe.PrintSpec.013.smt2
[DEBUG] Predicted solver: cvc5 for benchmark UFLIA/simplify2/front_end_suite/javafe.PrintSpec.013.smt2
[DEBUG] Benchmark UFLIA/simplify2/front_end_suite/javafe.PrintSpec.013.smt2: solved=True, runtime=0.41s, PAR-2=0.41s
[DEBUG] Processing 842/2279: UFLIA/sledgehammer/Fundamental_Theorem_Algebra/smtlib.1404760.smt2
[DEBUG] Predicted solver: cvc5 for benchmark UFLIA/sledgehammer/Fundamental_Theorem_Algebra/smtlib.1404760.smt2
[DEBUG] Benchmark UFLIA/sledgehammer/Fundamental_Theorem_Algebra/smtlib.1404760.smt2: solved=False, runtime=1200.00s, PAR-2=2400.00s
[DEBUG] Processing 843/2279: UFLIA/sledgehammer/NS_Shared/smtlib.790317.smt2
[DEBUG] Predicted solver: cvc5 for benchmark UFLIA/sledgehammer/NS_Shared/smtlib.790317.smt2
[DEBUG] Benchmark UFLIA/sledgehammer/NS_Shared/smtlib.790317.smt2: solved=False, runtime=1200.00s, PAR-2=2400.00s
[DEBUG] Processing 844/2279: UFLIA/sledgehammer/Fundamental_Theorem_Algebra/smtlib.653489.smt2
[DEBUG] Predicted solver: cvc5 for benchmark UFLIA/sledgehammer/Fundamental_Theorem_Algebra/smtlib.653489.smt2
[DEBUG] Benchmark UFLIA/sledgehammer/Fundamental_Theorem_Algebra/smtlib.653489.smt2: solved=False, runtime=1200.00s, PAR-2=2400.00s
[DEBUG] Processing 845/2279: UFLIA/sledgehammer/TwoSquares/smtlib.875411.smt2
[DEBUG] Predicted solver: cvc5 for benchmark UFLIA/sledgehammer/TwoSquares/smtlib.875411.smt2
[DEBUG] Benchmark UFLIA/sledgehammer/TwoSquares/smtlib.875411.smt2: solved=True, runtime=0.36s, PAR-2=0.36s
[DEBUG] Processing 846/2279: UFLIA/sledgehammer/Fundamental_Theorem_Algebra/smtlib.1424753.smt2
[DEBUG] Predicted solver: cvc5 for benchmark UFLIA/sledgehammer/Fundamental_Theorem_Algebra/smtlib.1424753.smt2
[DEBUG] Benchmark UFLIA/sledgehammer/Fundamental_Theorem_Algebra/smtlib.1424753.smt2: solved=False, runtime=1200.00s, PAR-2=2400.00s
[DEBUG] Processing 847/2279: UFLIA/simplify2/front_end_suite/javafe.util.BufferedCorrelatedReader.007.smt2
[DEBUG] Predicted solver: cvc5 for benchmark UFLIA/simplify2/front_end_suite/javafe.util.BufferedCorrelatedReader.007.smt2
[DEBUG] Benchmark UFLIA/simplify2/front_end_suite/javafe.util.BufferedCorrelatedReader.007.smt2: solved=True, runtime=0.32s, PAR-2=0.32s
[DEBUG] Processing 848/2279: UFLIA/simplify2/front_end_suite/javafe.ast.LabelStmt.003.smt2
[DEBUG] Predicted solver: cvc5 for benchmark UFLIA/simplify2/front_end_suite/javafe.ast.LabelStmt.003.smt2
[DEBUG] Benchmark UFLIA/simplify2/front_end_suite/javafe.ast.LabelStmt.003.smt2: solved=True, runtime=2.38s, PAR-2=2.38s
[DEBUG] Processing 849/2279: UFLIA/sledgehammer/Hoare/smtlib.644503.smt2
[DEBUG] Predicted solver: cvc5 for benchmark UFLIA/sledgehammer/Hoare/smtlib.644503.smt2
[DEBUG] Benchmark UFLIA/sledgehammer/Hoare/smtlib.644503.smt2: solved=True, runtime=4.24s, PAR-2=4.24s
[DEBUG] Processing 850/2279: UFLIA/simplify2/front_end_suite/javafe.ast.TypeNameVec.005.smt2
[DEBUG] Predicted solver: cvc5 for benchmark UFLIA/simplify2/front_end_suite/javafe.ast.TypeNameVec.005.smt2
[DEBUG] Benchmark UFLIA/simplify2/front_end_suite/javafe.ast.TypeNameVec.005.smt2: solved=True, runtime=0.44s, PAR-2=0.44s
[DEBUG] Processing 851/2279: UFLIA/simplify2/front_end_suite/javafe.filespace.UnionTree.005.smt2
[DEBUG] Predicted solver: cvc5 for benchmark UFLIA/simplify2/front_end_suite/javafe.filespace.UnionTree.005.smt2
[DEBUG] Benchmark UFLIA/simplify2/front_end_suite/javafe.filespace.UnionTree.005.smt2: solved=True, runtime=0.29s, PAR-2=0.29s
[DEBUG] Processing 852/2279: UFLIA/tokeneer/display/combinelines-11.smt2
[DEBUG] Predicted solver: SMTInterpol for benchmark UFLIA/tokeneer/display/combinelines-11.smt2
[DEBUG] Benchmark UFLIA/tokeneer/display/combinelines-11.smt2: solved=True, runtime=0.66s, PAR-2=0.66s
[DEBUG] Processing 853/2279: UFLIA/tokeneer/tokenreader/init-45.smt2
[DEBUG] Predicted solver: cvc5 for benchmark UFLIA/tokeneer/tokenreader/init-45.smt2
[DEBUG] Benchmark UFLIA/tokeneer/tokenreader/init-45.smt2: solved=True, runtime=0.23s, PAR-2=0.23s
[DEBUG] Processing 854/2279: UFLIA/simplify2/front_end_suite/javafe.tc.TypeSig.034.smt2
[DEBUG] Predicted solver: cvc5 for benchmark UFLIA/simplify2/front_end_suite/javafe.tc.TypeSig.034.smt2
[DEBUG] Benchmark UFLIA/simplify2/front_end_suite/javafe.tc.TypeSig.034.smt2: solved=True, runtime=6.10s, PAR-2=6.10s
[DEBUG] Processing 855/2279: UFLIA/sledgehammer/TwoSquares/smtlib.815987.smt2
[DEBUG] Predicted solver: cvc5 for benchmark UFLIA/sledgehammer/TwoSquares/smtlib.815987.smt2
[DEBUG] Benchmark UFLIA/sledgehammer/TwoSquares/smtlib.815987.smt2: solved=True, runtime=2.81s, PAR-2=2.81s
[DEBUG] Processing 856/2279: UFLIA/sledgehammer/TwoSquares/smtlib.823232.smt2
[DEBUG] Predicted solver: cvc5 for benchmark UFLIA/sledgehammer/TwoSquares/smtlib.823232.smt2
[DEBUG] Benchmark UFLIA/sledgehammer/TwoSquares/smtlib.823232.smt2: solved=False, runtime=1200.00s, PAR-2=2400.00s
[DEBUG] Processing 857/2279: UFLIA/simplify2/front_end_suite/javafe.ast.FieldDecl.013.smt2
[DEBUG] Predicted solver: cvc5 for benchmark UFLIA/simplify2/front_end_suite/javafe.ast.FieldDecl.013.smt2
[DEBUG] Benchmark UFLIA/simplify2/front_end_suite/javafe.ast.FieldDecl.013.smt2: solved=True, runtime=0.65s, PAR-2=0.65s
[DEBUG] Processing 858/2279: UFLIA/sledgehammer/QEpres/smtlib.601450.smt2
[DEBUG] Predicted solver: cvc5 for benchmark UFLIA/sledgehammer/QEpres/smtlib.601450.smt2
[DEBUG] Benchmark UFLIA/sledgehammer/QEpres/smtlib.601450.smt2: solved=True, runtime=210.62s, PAR-2=210.62s
[DEBUG] Processing 859/2279: UFLIA/sledgehammer/StrongNorm/smtlib.848464.smt2
[DEBUG] Predicted solver: cvc5 for benchmark UFLIA/sledgehammer/StrongNorm/smtlib.848464.smt2
[DEBUG] Benchmark UFLIA/sledgehammer/StrongNorm/smtlib.848464.smt2: solved=True, runtime=0.39s, PAR-2=0.39s
[DEBUG] Processing 860/2279: UFLIA/sledgehammer/Fundamental_Theorem_Algebra/smtlib.996928.smt2
[DEBUG] Predicted solver: cvc5 for benchmark UFLIA/sledgehammer/Fundamental_Theorem_Algebra/smtlib.996928.smt2
[DEBUG] Benchmark UFLIA/sledgehammer/Fundamental_Theorem_Algebra/smtlib.996928.smt2: solved=True, runtime=276.82s, PAR-2=276.82s
[DEBUG] Processing 861/2279: UFLIA/sledgehammer/Hoare/smtlib.944852.smt2
[DEBUG] Predicted solver: cvc5 for benchmark UFLIA/sledgehammer/Hoare/smtlib.944852.smt2
[DEBUG] Benchmark UFLIA/sledgehammer/Hoare/smtlib.944852.smt2: solved=True, runtime=0.79s, PAR-2=0.79s
[DEBUG] Processing 862/2279: UFLIA/sledgehammer/NS_Shared/smtlib.646171.smt2
[DEBUG] Predicted solver: iProver for benchmark UFLIA/sledgehammer/NS_Shared/smtlib.646171.smt2
[DEBUG] Benchmark UFLIA/sledgehammer/NS_Shared/smtlib.646171.smt2: solved=False, runtime=1200.00s, PAR-2=2400.00s
[DEBUG] Processing 863/2279: UFLIA/sledgehammer/Hoare/smtlib.711831.smt2
[DEBUG] Predicted solver: cvc5 for benchmark UFLIA/sledgehammer/Hoare/smtlib.711831.smt2
[DEBUG] Benchmark UFLIA/sledgehammer/Hoare/smtlib.711831.smt2: solved=False, runtime=1200.00s, PAR-2=2400.00s
[DEBUG] Processing 864/2279: UFLIA/sledgehammer/Fundamental_Theorem_Algebra/smtlib.942321.smt2
[DEBUG] Predicted solver: cvc5 for benchmark UFLIA/sledgehammer/Fundamental_Theorem_Algebra/smtlib.942321.smt2
[DEBUG] Benchmark UFLIA/sledgehammer/Fundamental_Theorem_Algebra/smtlib.942321.smt2: solved=True, runtime=129.32s, PAR-2=129.32s
[DEBUG] Processing 865/2279: UFLIA/sledgehammer/TypeSafe/smtlib.939473.smt2
[DEBUG] Predicted solver: iProver for benchmark UFLIA/sledgehammer/TypeSafe/smtlib.939473.smt2
[DEBUG] Benchmark UFLIA/sledgehammer/TypeSafe/smtlib.939473.smt2: solved=False, runtime=1200.00s, PAR-2=2400.00s
[DEBUG] Processing 866/2279: UFLIA/simplify2/front_end_suite/javafe.ast.LexicalPragmaVec.013.smt2
[DEBUG] Predicted solver: cvc5 for benchmark UFLIA/simplify2/front_end_suite/javafe.ast.LexicalPragmaVec.013.smt2
[DEBUG] Benchmark UFLIA/simplify2/front_end_suite/javafe.ast.LexicalPragmaVec.013.smt2: solved=True, runtime=0.52s, PAR-2=0.52s
[DEBUG] Processing 867/2279: UFLIA/sledgehammer/TypeSafe/smtlib.859703.smt2
[DEBUG] Predicted solver: cvc5 for benchmark UFLIA/sledgehammer/TypeSafe/smtlib.859703.smt2
[DEBUG] Benchmark UFLIA/sledgehammer/TypeSafe/smtlib.859703.smt2: solved=False, runtime=1200.00s, PAR-2=2400.00s
[DEBUG] Processing 868/2279: UFLIA/sledgehammer/QEpres/smtlib.928789.smt2
[DEBUG] Predicted solver: cvc5 for benchmark UFLIA/sledgehammer/QEpres/smtlib.928789.smt2
[DEBUG] Benchmark UFLIA/sledgehammer/QEpres/smtlib.928789.smt2: solved=False, runtime=1200.00s, PAR-2=2400.00s
[DEBUG] Processing 869/2279: UFLIA/simplify2/front_end_suite/javafe.ast.BinaryExpr.005.smt2
[DEBUG] Predicted solver: cvc5 for benchmark UFLIA/simplify2/front_end_suite/javafe.ast.BinaryExpr.005.smt2
[DEBUG] Benchmark UFLIA/simplify2/front_end_suite/javafe.ast.BinaryExpr.005.smt2: solved=True, runtime=0.75s, PAR-2=0.75s
[DEBUG] Processing 870/2279: UFLIA/boogie/ExactTypes_W..ctor.smt2
[DEBUG] Predicted solver: cvc5 for benchmark UFLIA/boogie/ExactTypes_W..ctor.smt2
[DEBUG] Benchmark UFLIA/boogie/ExactTypes_W..ctor.smt2: solved=True, runtime=0.40s, PAR-2=0.40s
[DEBUG] Processing 871/2279: UFLIA/sexpr/SES.PrettySx.PeekToken_System.IO.TextReader_notnull_System.String.ptr.smt2
[DEBUG] Predicted solver: cvc5 for benchmark UFLIA/sexpr/SES.PrettySx.PeekToken_System.IO.TextReader_notnull_System.String.ptr.smt2
[DEBUG] Benchmark UFLIA/sexpr/SES.PrettySx.PeekToken_System.IO.TextReader_notnull_System.String.ptr.smt2: solved=True, runtime=31.43s, PAR-2=31.43s
[DEBUG] Processing 872/2279: UFLIA/boogie/Types_Types.P7_System.Object.array_notnull_System.Int32.array_notnull_A.array_notnull_J.array_notnull_B.array_notnull-orderStrength_1.smt2
[DEBUG] Predicted solver: cvc5 for benchmark UFLIA/boogie/Types_Types.P7_System.Object.array_notnull_System.Int32.array_notnull_A.array_notnull_J.array_notnull_B.array_notnull-orderStrength_1.smt2
[DEBUG] Benchmark UFLIA/boogie/Types_Types.P7_System.Object.array_notnull_System.Int32.array_notnull_A.array_notnull_J.array_notnull_B.array_notnull-orderStrength_1.smt2: solved=False, runtime=1200.00s, PAR-2=2400.00s
[DEBUG] Processing 873/2279: UFLIA/sledgehammer/QEpres/smtlib.662939.smt2
[DEBUG] Predicted solver: cvc5 for benchmark UFLIA/sledgehammer/QEpres/smtlib.662939.smt2
[DEBUG] Benchmark UFLIA/sledgehammer/QEpres/smtlib.662939.smt2: solved=False, runtime=1200.00s, PAR-2=2400.00s
[DEBUG] Processing 874/2279: UFLIA/sledgehammer/Arrow_Order/smtlib.647719.smt2
[DEBUG] Predicted solver: cvc5 for benchmark UFLIA/sledgehammer/Arrow_Order/smtlib.647719.smt2
[DEBUG] Benchmark UFLIA/sledgehammer/Arrow_Order/smtlib.647719.smt2: solved=True, runtime=0.39s, PAR-2=0.39s
[DEBUG] Processing 875/2279: UFLIA/simplify2/front_end_suite/tohtml.Java2Html.012.smt2
[DEBUG] Predicted solver: cvc5 for benchmark UFLIA/simplify2/front_end_suite/tohtml.Java2Html.012.smt2
[DEBUG] Benchmark UFLIA/simplify2/front_end_suite/tohtml.Java2Html.012.smt2: solved=True, runtime=0.60s, PAR-2=0.60s
[DEBUG] Processing 876/2279: UFLIA/grasshopper/uninstantiated/difference_check_heap_access_43_15.smt2
[DEBUG] Predicted solver: cvc5 for benchmark UFLIA/grasshopper/uninstantiated/difference_check_heap_access_43_15.smt2
[DEBUG] Benchmark UFLIA/grasshopper/uninstantiated/difference_check_heap_access_43_15.smt2: solved=True, runtime=1.54s, PAR-2=1.54s
[DEBUG] Processing 877/2279: UFLIA/sledgehammer/FFT/smtlib.979124.smt2
[DEBUG] Predicted solver: cvc5 for benchmark UFLIA/sledgehammer/FFT/smtlib.979124.smt2
[DEBUG] Benchmark UFLIA/sledgehammer/FFT/smtlib.979124.smt2: solved=False, runtime=1200.00s, PAR-2=2400.00s
[DEBUG] Processing 878/2279: UFLIA/sledgehammer/TypeSafe/smtlib.1134448.smt2
[DEBUG] Predicted solver: iProver for benchmark UFLIA/sledgehammer/TypeSafe/smtlib.1134448.smt2
[DEBUG] Benchmark UFLIA/sledgehammer/TypeSafe/smtlib.1134448.smt2: solved=False, runtime=1200.00s, PAR-2=2400.00s
[DEBUG] Processing 879/2279: UFLIA/simplify2/front_end_suite/javafe.ast.FieldAccess.008.smt2
[DEBUG] Predicted solver: cvc5 for benchmark UFLIA/simplify2/front_end_suite/javafe.ast.FieldAccess.008.smt2
[DEBUG] Benchmark UFLIA/simplify2/front_end_suite/javafe.ast.FieldAccess.008.smt2: solved=True, runtime=0.51s, PAR-2=0.51s
[DEBUG] Processing 880/2279: UFLIA/sexpr/SES.Nary.FA_SES.Sx_notnull.smt2
[DEBUG] Predicted solver: cvc5 for benchmark UFLIA/sexpr/SES.Nary.FA_SES.Sx_notnull.smt2
[DEBUG] Benchmark UFLIA/sexpr/SES.Nary.FA_SES.Sx_notnull.smt2: solved=True, runtime=30.97s, PAR-2=30.97s
[DEBUG] Processing 881/2279: UFLIA/simplify/javafe.TestTool.21.smt2
[DEBUG] Predicted solver: cvc5 for benchmark UFLIA/simplify/javafe.TestTool.21.smt2
[DEBUG] Benchmark UFLIA/simplify/javafe.TestTool.21.smt2: solved=True, runtime=0.36s, PAR-2=0.36s
[DEBUG] Processing 882/2279: UFLIA/sledgehammer/Arrow_Order/smtlib.580585.smt2
[DEBUG] Predicted solver: cvc5 for benchmark UFLIA/sledgehammer/Arrow_Order/smtlib.580585.smt2
[DEBUG] Benchmark UFLIA/sledgehammer/Arrow_Order/smtlib.580585.smt2: solved=False, runtime=1200.00s, PAR-2=2400.00s
[DEBUG] Processing 883/2279: UFLIA/sledgehammer/Fundamental_Theorem_Algebra/smtlib.1410750.smt2
[DEBUG] Predicted solver: cvc5 for benchmark UFLIA/sledgehammer/Fundamental_Theorem_Algebra/smtlib.1410750.smt2
[DEBUG] Benchmark UFLIA/sledgehammer/Fundamental_Theorem_Algebra/smtlib.1410750.smt2: solved=False, runtime=1200.00s, PAR-2=2400.00s
[DEBUG] Processing 884/2279: UFLIA/simplify2/front_end_suite/javafe.ast.TypeDeclVec.002.smt2
[DEBUG] Predicted solver: cvc5 for benchmark UFLIA/simplify2/front_end_suite/javafe.ast.TypeDeclVec.002.smt2
[DEBUG] Benchmark UFLIA/simplify2/front_end_suite/javafe.ast.TypeDeclVec.002.smt2: solved=True, runtime=0.61s, PAR-2=0.61s
[DEBUG] Processing 885/2279: UFLIA/sledgehammer/Hoare/smtlib.786242.smt2
[DEBUG] Predicted solver: cvc5 for benchmark UFLIA/sledgehammer/Hoare/smtlib.786242.smt2
[DEBUG] Benchmark UFLIA/sledgehammer/Hoare/smtlib.786242.smt2: solved=False, runtime=1200.00s, PAR-2=2400.00s
[DEBUG] Processing 886/2279: UFLIA/grasshopper/uninstantiated/insert_loop_invariant_46_3.smt2
[DEBUG] Predicted solver: cvc5 for benchmark UFLIA/grasshopper/uninstantiated/insert_loop_invariant_46_3.smt2
[DEBUG] Benchmark UFLIA/grasshopper/uninstantiated/insert_loop_invariant_46_3.smt2: solved=True, runtime=42.12s, PAR-2=42.12s
[DEBUG] Processing 887/2279: UFLIA/sledgehammer/Hoare/smtlib.744828.smt2
[DEBUG] Predicted solver: cvc5 for benchmark UFLIA/sledgehammer/Hoare/smtlib.744828.smt2
[DEBUG] Benchmark UFLIA/sledgehammer/Hoare/smtlib.744828.smt2: solved=False, runtime=1200.00s, PAR-2=2400.00s
[DEBUG] Processing 888/2279: UFLIA/sledgehammer/Hoare/smtlib.1197725.smt2
[DEBUG] Predicted solver: cvc5 for benchmark UFLIA/sledgehammer/Hoare/smtlib.1197725.smt2
[DEBUG] Benchmark UFLIA/sledgehammer/Hoare/smtlib.1197725.smt2: solved=True, runtime=1.05s, PAR-2=1.05s
[DEBUG] Processing 889/2279: UFLIA/boogie/Delegate_Delegate.CallIt_System.Int32_System.String_notnull.smt2
[DEBUG] Predicted solver: cvc5 for benchmark UFLIA/boogie/Delegate_Delegate.CallIt_System.Int32_System.String_notnull.smt2
[DEBUG] Benchmark UFLIA/boogie/Delegate_Delegate.CallIt_System.Int32_System.String_notnull.smt2: solved=True, runtime=1.23s, PAR-2=1.23s
[DEBUG] Processing 890/2279: UFLIA/simplify2/front_end_suite/javafe.filespace.HashTree.004.smt2
[DEBUG] Predicted solver: cvc5 for benchmark UFLIA/simplify2/front_end_suite/javafe.filespace.HashTree.004.smt2
[DEBUG] Benchmark UFLIA/simplify2/front_end_suite/javafe.filespace.HashTree.004.smt2: solved=True, runtime=0.26s, PAR-2=0.26s
[DEBUG] Processing 891/2279: UFLIA/sledgehammer/Fundamental_Theorem_Algebra/smtlib.735143.smt2
[DEBUG] Predicted solver: cvc5 for benchmark UFLIA/sledgehammer/Fundamental_Theorem_Algebra/smtlib.735143.smt2
[DEBUG] Benchmark UFLIA/sledgehammer/Fundamental_Theorem_Algebra/smtlib.735143.smt2: solved=False, runtime=1200.00s, PAR-2=2400.00s
[DEBUG] Processing 892/2279: UFLIA/simplify/javafe.ast.VarInitVec.429.smt2
[DEBUG] Predicted solver: cvc5 for benchmark UFLIA/simplify/javafe.ast.VarInitVec.429.smt2
[DEBUG] Benchmark UFLIA/simplify/javafe.ast.VarInitVec.429.smt2: solved=True, runtime=0.26s, PAR-2=0.26s
[DEBUG] Processing 893/2279: UFLIA/sledgehammer/Arrow_Order/smtlib.626508.smt2
[DEBUG] Predicted solver: cvc5 for benchmark UFLIA/sledgehammer/Arrow_Order/smtlib.626508.smt2
[DEBUG] Benchmark UFLIA/sledgehammer/Arrow_Order/smtlib.626508.smt2: solved=False, runtime=1200.00s, PAR-2=2400.00s
[DEBUG] Processing 894/2279: UFLIA/sledgehammer/Fundamental_Theorem_Algebra/smtlib.741060.smt2
[DEBUG] Predicted solver: iProver for benchmark UFLIA/sledgehammer/Fundamental_Theorem_Algebra/smtlib.741060.smt2
[DEBUG] Benchmark UFLIA/sledgehammer/Fundamental_Theorem_Algebra/smtlib.741060.smt2: solved=False, runtime=1200.00s, PAR-2=2400.00s
[DEBUG] Processing 895/2279: UFLIA/sledgehammer/FFT/smtlib.815689.smt2
[DEBUG] Predicted solver: cvc5 for benchmark UFLIA/sledgehammer/FFT/smtlib.815689.smt2
[DEBUG] Benchmark UFLIA/sledgehammer/FFT/smtlib.815689.smt2: solved=False, runtime=1200.00s, PAR-2=2400.00s
[DEBUG] Processing 896/2279: UFLIA/simplify2/front_end_suite/javafe.ast.NewInstanceExpr.003.smt2
[DEBUG] Predicted solver: cvc5 for benchmark UFLIA/simplify2/front_end_suite/javafe.ast.NewInstanceExpr.003.smt2
[DEBUG] Benchmark UFLIA/simplify2/front_end_suite/javafe.ast.NewInstanceExpr.003.smt2: solved=True, runtime=0.76s, PAR-2=0.76s
[DEBUG] Processing 897/2279: UFLIA/boogie/Chunker2_Chunker..ctor_System.String_notnull_System.Int32.smt2
[DEBUG] Predicted solver: cvc5 for benchmark UFLIA/boogie/Chunker2_Chunker..ctor_System.String_notnull_System.Int32.smt2
[DEBUG] Benchmark UFLIA/boogie/Chunker2_Chunker..ctor_System.String_notnull_System.Int32.smt2: solved=True, runtime=3.25s, PAR-2=3.25s
[DEBUG] Processing 898/2279: UFLIA/sledgehammer/Hoare/smtlib.1234055.smt2
[DEBUG] Predicted solver: iProver for benchmark UFLIA/sledgehammer/Hoare/smtlib.1234055.smt2
[DEBUG] Benchmark UFLIA/sledgehammer/Hoare/smtlib.1234055.smt2: solved=False, runtime=1200.00s, PAR-2=2400.00s
[DEBUG] Processing 899/2279: UFLIA/simplify2/front_end_suite/javafe.tc.CheckInvariants.004.smt2
[DEBUG] Predicted solver: cvc5 for benchmark UFLIA/simplify2/front_end_suite/javafe.tc.CheckInvariants.004.smt2
[DEBUG] Benchmark UFLIA/simplify2/front_end_suite/javafe.tc.CheckInvariants.004.smt2: solved=True, runtime=213.44s, PAR-2=213.44s
[DEBUG] Processing 900/2279: UFLIA/simplify2/front_end_suite/javafe.util.FileCorrelatedReader.004.smt2
[DEBUG] Predicted solver: cvc5 for benchmark UFLIA/simplify2/front_end_suite/javafe.util.FileCorrelatedReader.004.smt2
[DEBUG] Benchmark UFLIA/simplify2/front_end_suite/javafe.util.FileCorrelatedReader.004.smt2: solved=True, runtime=0.38s, PAR-2=0.38s
[DEBUG] Processing 901/2279: UFLIA/sledgehammer/TwoSquares/smtlib.856286.smt2
[DEBUG] Predicted solver: cvc5 for benchmark UFLIA/sledgehammer/TwoSquares/smtlib.856286.smt2
[DEBUG] Benchmark UFLIA/sledgehammer/TwoSquares/smtlib.856286.smt2: solved=False, runtime=1200.00s, PAR-2=2400.00s
[DEBUG] Processing 902/2279: UFLIA/sledgehammer/TypeSafe/smtlib.1027653.smt2
[DEBUG] Predicted solver: cvc5 for benchmark UFLIA/sledgehammer/TypeSafe/smtlib.1027653.smt2
[DEBUG] Benchmark UFLIA/sledgehammer/TypeSafe/smtlib.1027653.smt2: solved=True, runtime=0.38s, PAR-2=0.38s
[DEBUG] Processing 903/2279: UFLIA/simplify2/front_end_suite/javafe.ast.ImportDeclVec.016.smt2
[DEBUG] Predicted solver: cvc5 for benchmark UFLIA/simplify2/front_end_suite/javafe.ast.ImportDeclVec.016.smt2
[DEBUG] Benchmark UFLIA/simplify2/front_end_suite/javafe.ast.ImportDeclVec.016.smt2: solved=True, runtime=0.44s, PAR-2=0.44s
[DEBUG] Processing 904/2279: UFLIA/simplify2/front_end_suite/javafe.ast.CatchClauseVec.018.smt2
[DEBUG] Predicted solver: cvc5 for benchmark UFLIA/simplify2/front_end_suite/javafe.ast.CatchClauseVec.018.smt2
[DEBUG] Benchmark UFLIA/simplify2/front_end_suite/javafe.ast.CatchClauseVec.018.smt2: solved=True, runtime=0.44s, PAR-2=0.44s
[DEBUG] Processing 905/2279: UFLIA/sledgehammer/Hoare/smtlib.991739.smt2
[DEBUG] Predicted solver: cvc5 for benchmark UFLIA/sledgehammer/Hoare/smtlib.991739.smt2
[DEBUG] Benchmark UFLIA/sledgehammer/Hoare/smtlib.991739.smt2: solved=False, runtime=1200.00s, PAR-2=2400.00s
[DEBUG] Processing 906/2279: UFLIA/simplify2/front_end_suite/javafe.tc.FlowInsensitiveChecks.023.smt2
[DEBUG] Predicted solver: cvc5 for benchmark UFLIA/simplify2/front_end_suite/javafe.tc.FlowInsensitiveChecks.023.smt2
[DEBUG] Benchmark UFLIA/simplify2/front_end_suite/javafe.tc.FlowInsensitiveChecks.023.smt2: solved=True, runtime=10.77s, PAR-2=10.77s
[DEBUG] Processing 907/2279: UFLIA/sledgehammer/Arrow_Order/smtlib.834175.smt2
[DEBUG] Predicted solver: iProver for benchmark UFLIA/sledgehammer/Arrow_Order/smtlib.834175.smt2
[DEBUG] Benchmark UFLIA/sledgehammer/Arrow_Order/smtlib.834175.smt2: solved=False, runtime=1200.00s, PAR-2=2400.00s
[DEBUG] Processing 908/2279: UFLIA/simplify2/front_end_suite/javafe.ast.ForStmt.002.smt2
[DEBUG] Predicted solver: cvc5 for benchmark UFLIA/simplify2/front_end_suite/javafe.ast.ForStmt.002.smt2
[DEBUG] Benchmark UFLIA/simplify2/front_end_suite/javafe.ast.ForStmt.002.smt2: solved=True, runtime=0.51s, PAR-2=0.51s
[DEBUG] Processing 909/2279: UFLIA/sledgehammer/TypeSafe/smtlib.1066189.smt2
[DEBUG] Predicted solver: cvc5 for benchmark UFLIA/sledgehammer/TypeSafe/smtlib.1066189.smt2
[DEBUG] Benchmark UFLIA/sledgehammer/TypeSafe/smtlib.1066189.smt2: solved=True, runtime=3.23s, PAR-2=3.23s
[DEBUG] Processing 910/2279: UFLIA/sledgehammer/Fundamental_Theorem_Algebra/smtlib.947730.smt2
[DEBUG] Predicted solver: SMTInterpol for benchmark UFLIA/sledgehammer/Fundamental_Theorem_Algebra/smtlib.947730.smt2
[DEBUG] Benchmark UFLIA/sledgehammer/Fundamental_Theorem_Algebra/smtlib.947730.smt2: solved=True, runtime=0.53s, PAR-2=0.53s
[DEBUG] Processing 911/2279: UFLIA/boogie/BasicMethodology_CS..ctor.smt2
[DEBUG] Predicted solver: cvc5 for benchmark UFLIA/boogie/BasicMethodology_CS..ctor.smt2
[DEBUG] Benchmark UFLIA/boogie/BasicMethodology_CS..ctor.smt2: solved=True, runtime=0.51s, PAR-2=0.51s
[DEBUG] Processing 912/2279: UFLIA/sledgehammer/QEpres/smtlib.836396.smt2
[DEBUG] Predicted solver: cvc5 for benchmark UFLIA/sledgehammer/QEpres/smtlib.836396.smt2
[DEBUG] Benchmark UFLIA/sledgehammer/QEpres/smtlib.836396.smt2: solved=False, runtime=1200.00s, PAR-2=2400.00s
[DEBUG] Processing 913/2279: UFLIA/sledgehammer/TypeSafe/smtlib.785852.smt2
[DEBUG] Predicted solver: cvc5 for benchmark UFLIA/sledgehammer/TypeSafe/smtlib.785852.smt2
[DEBUG] Benchmark UFLIA/sledgehammer/TypeSafe/smtlib.785852.smt2: solved=False, runtime=1200.00s, PAR-2=2400.00s
[DEBUG] Processing 914/2279: UFLIA/tokeneer/configdata/writefile/workinghourstext-2.smt2
[DEBUG] Predicted solver: SMTInterpol for benchmark UFLIA/tokeneer/configdata/writefile/workinghourstext-2.smt2
[DEBUG] Benchmark UFLIA/tokeneer/configdata/writefile/workinghourstext-2.smt2: solved=True, runtime=1.74s, PAR-2=1.74s
[DEBUG] Processing 915/2279: UFLIA/simplify2/front_end_suite/javafe.reader.ASTClassFileParser.023.smt2
[DEBUG] Predicted solver: cvc5 for benchmark UFLIA/simplify2/front_end_suite/javafe.reader.ASTClassFileParser.023.smt2
[DEBUG] Benchmark UFLIA/simplify2/front_end_suite/javafe.reader.ASTClassFileParser.023.smt2: solved=True, runtime=6.77s, PAR-2=6.77s
[DEBUG] Processing 916/2279: UFLIA/sledgehammer/FFT/smtlib.934521.smt2
[DEBUG] Predicted solver: cvc5 for benchmark UFLIA/sledgehammer/FFT/smtlib.934521.smt2
[DEBUG] Benchmark UFLIA/sledgehammer/FFT/smtlib.934521.smt2: solved=False, runtime=1200.00s, PAR-2=2400.00s
[DEBUG] Processing 917/2279: UFLIA/simplify2/front_end_suite/javafe.filespace.TreeWalker.007.smt2
[DEBUG] Predicted solver: cvc5 for benchmark UFLIA/simplify2/front_end_suite/javafe.filespace.TreeWalker.007.smt2
[DEBUG] Benchmark UFLIA/simplify2/front_end_suite/javafe.filespace.TreeWalker.007.smt2: solved=True, runtime=0.30s, PAR-2=0.30s
[DEBUG] Processing 918/2279: UFLIA/sledgehammer/Hoare/smtlib.807900.smt2
[DEBUG] Predicted solver: cvc5 for benchmark UFLIA/sledgehammer/Hoare/smtlib.807900.smt2
[DEBUG] Benchmark UFLIA/sledgehammer/Hoare/smtlib.807900.smt2: solved=True, runtime=143.38s, PAR-2=143.38s
[DEBUG] Processing 919/2279: UFLIA/sledgehammer/Fundamental_Theorem_Algebra/smtlib.1061168.smt2
[DEBUG] Predicted solver: cvc5 for benchmark UFLIA/sledgehammer/Fundamental_Theorem_Algebra/smtlib.1061168.smt2
[DEBUG] Benchmark UFLIA/sledgehammer/Fundamental_Theorem_Algebra/smtlib.1061168.smt2: solved=False, runtime=1200.00s, PAR-2=2400.00s
[DEBUG] Processing 920/2279: UFLIA/grasshopper/uninstantiated/difference_postcondition_of_difference_31_8.smt2
[DEBUG] Predicted solver: cvc5 for benchmark UFLIA/grasshopper/uninstantiated/difference_postcondition_of_difference_31_8.smt2
[DEBUG] Benchmark UFLIA/grasshopper/uninstantiated/difference_postcondition_of_difference_31_8.smt2: solved=True, runtime=0.44s, PAR-2=0.44s
[DEBUG] Processing 921/2279: UFLIA/boogie/AssumeEnsures_Proc-noinfer_1.smt2
[DEBUG] Predicted solver: SMTInterpol for benchmark UFLIA/boogie/AssumeEnsures_Proc-noinfer_1.smt2
[DEBUG] Benchmark UFLIA/boogie/AssumeEnsures_Proc-noinfer_1.smt2: solved=True, runtime=1.11s, PAR-2=1.11s
[DEBUG] Processing 922/2279: UFLIA/sledgehammer/Hoare/smtlib.667201.smt2
[DEBUG] Predicted solver: cvc5 for benchmark UFLIA/sledgehammer/Hoare/smtlib.667201.smt2
[DEBUG] Benchmark UFLIA/sledgehammer/Hoare/smtlib.667201.smt2: solved=True, runtime=0.37s, PAR-2=0.37s
[DEBUG] Processing 923/2279: UFLIA/grasshopper/uninstantiated/pull_strands_loop_check_heap_access_99_6.smt2
[DEBUG] Predicted solver: cvc5 for benchmark UFLIA/grasshopper/uninstantiated/pull_strands_loop_check_heap_access_99_6.smt2
[DEBUG] Benchmark UFLIA/grasshopper/uninstantiated/pull_strands_loop_check_heap_access_99_6.smt2: solved=True, runtime=0.49s, PAR-2=0.49s
[DEBUG] Processing 924/2279: UFLIA/sledgehammer/Hoare/smtlib.891442.smt2
[DEBUG] Predicted solver: iProver for benchmark UFLIA/sledgehammer/Hoare/smtlib.891442.smt2
[DEBUG] Benchmark UFLIA/sledgehammer/Hoare/smtlib.891442.smt2: solved=False, runtime=1200.00s, PAR-2=2400.00s
[DEBUG] Processing 925/2279: UFLIA/boogie/loopInvOnDemand_M.smt2
[DEBUG] Predicted solver: SMTInterpol for benchmark UFLIA/boogie/loopInvOnDemand_M.smt2
[DEBUG] Benchmark UFLIA/boogie/loopInvOnDemand_M.smt2: solved=True, runtime=1.27s, PAR-2=1.27s
[DEBUG] Processing 926/2279: UFLIA/sledgehammer/QEpres/smtlib.1038391.smt2
[DEBUG] Predicted solver: cvc5 for benchmark UFLIA/sledgehammer/QEpres/smtlib.1038391.smt2
[DEBUG] Benchmark UFLIA/sledgehammer/QEpres/smtlib.1038391.smt2: solved=False, runtime=1200.00s, PAR-2=2400.00s
[DEBUG] Processing 927/2279: UFLIA/simplify/javafe.ast.LexicalPragmaVec.225.smt2
[DEBUG] Predicted solver: cvc5 for benchmark UFLIA/simplify/javafe.ast.LexicalPragmaVec.225.smt2
[DEBUG] Benchmark UFLIA/simplify/javafe.ast.LexicalPragmaVec.225.smt2: solved=True, runtime=0.27s, PAR-2=0.27s
[DEBUG] Processing 928/2279: UFLIA/sledgehammer/Fundamental_Theorem_Algebra/smtlib.812297.smt2
[DEBUG] Predicted solver: cvc5 for benchmark UFLIA/sledgehammer/Fundamental_Theorem_Algebra/smtlib.812297.smt2
[DEBUG] Benchmark UFLIA/sledgehammer/Fundamental_Theorem_Algebra/smtlib.812297.smt2: solved=False, runtime=1200.00s, PAR-2=2400.00s
[DEBUG] Processing 929/2279: UFLIA/boogie/AssignToNonInvariantField_AssignToNonInvariantField..ctor.smt2
[DEBUG] Predicted solver: cvc5 for benchmark UFLIA/boogie/AssignToNonInvariantField_AssignToNonInvariantField..ctor.smt2
[DEBUG] Benchmark UFLIA/boogie/AssignToNonInvariantField_AssignToNonInvariantField..ctor.smt2: solved=True, runtime=0.45s, PAR-2=0.45s
[DEBUG] Processing 930/2279: UFLIA/boogie/Boxes_Boxes_2.A.smt2
[DEBUG] Predicted solver: cvc5 for benchmark UFLIA/boogie/Boxes_Boxes_2.A.smt2
[DEBUG] Benchmark UFLIA/boogie/Boxes_Boxes_2.A.smt2: solved=True, runtime=0.32s, PAR-2=0.32s
[DEBUG] Processing 931/2279: UFLIA/simplify2/front_end_suite/javafe.ast.ParenExpr.001.smt2
[DEBUG] Predicted solver: cvc5 for benchmark UFLIA/simplify2/front_end_suite/javafe.ast.ParenExpr.001.smt2
[DEBUG] Benchmark UFLIA/simplify2/front_end_suite/javafe.ast.ParenExpr.001.smt2: solved=True, runtime=0.47s, PAR-2=0.47s
[DEBUG] Processing 932/2279: UFLIA/sledgehammer/NS_Shared/smtlib.907366.smt2
[DEBUG] Predicted solver: cvc5 for benchmark UFLIA/sledgehammer/NS_Shared/smtlib.907366.smt2
[DEBUG] Benchmark UFLIA/sledgehammer/NS_Shared/smtlib.907366.smt2: solved=True, runtime=0.66s, PAR-2=0.66s
[DEBUG] Processing 933/2279: UFLIA/simplify2/front_end_suite/javafe.ast.ThisExpr.002.smt2
[DEBUG] Predicted solver: cvc5 for benchmark UFLIA/simplify2/front_end_suite/javafe.ast.ThisExpr.002.smt2
[DEBUG] Benchmark UFLIA/simplify2/front_end_suite/javafe.ast.ThisExpr.002.smt2: solved=True, runtime=0.44s, PAR-2=0.44s
[DEBUG] Processing 934/2279: UFLIA/boogie/Chunker2_Chunker.NextChunk.smt2
[DEBUG] Predicted solver: cvc5 for benchmark UFLIA/boogie/Chunker2_Chunker.NextChunk.smt2
[DEBUG] Benchmark UFLIA/boogie/Chunker2_Chunker.NextChunk.smt2: solved=False, runtime=1200.00s, PAR-2=2400.00s
[DEBUG] Processing 935/2279: UFLIA/sledgehammer/TwoSquares/smtlib.792171.smt2
[DEBUG] Predicted solver: cvc5 for benchmark UFLIA/sledgehammer/TwoSquares/smtlib.792171.smt2
[DEBUG] Benchmark UFLIA/sledgehammer/TwoSquares/smtlib.792171.smt2: solved=False, runtime=1200.00s, PAR-2=2400.00s
[DEBUG] Processing 936/2279: UFLIA/sledgehammer/StrongNorm/smtlib.571388.smt2
[DEBUG] Predicted solver: iProver for benchmark UFLIA/sledgehammer/StrongNorm/smtlib.571388.smt2
[DEBUG] Benchmark UFLIA/sledgehammer/StrongNorm/smtlib.571388.smt2: solved=False, runtime=1200.00s, PAR-2=2400.00s
[DEBUG] Processing 937/2279: UFLIA/simplify2/front_end_suite/javafe.ast.ModifierPragmaVec.014.smt2
[DEBUG] Predicted solver: cvc5 for benchmark UFLIA/simplify2/front_end_suite/javafe.ast.ModifierPragmaVec.014.smt2
[DEBUG] Benchmark UFLIA/simplify2/front_end_suite/javafe.ast.ModifierPragmaVec.014.smt2: solved=True, runtime=0.26s, PAR-2=0.26s
[DEBUG] Processing 938/2279: UFLIA/simplify/javafe.ast.MethodInvocation.244.smt2
[DEBUG] Predicted solver: cvc5 for benchmark UFLIA/simplify/javafe.ast.MethodInvocation.244.smt2
[DEBUG] Benchmark UFLIA/simplify/javafe.ast.MethodInvocation.244.smt2: solved=True, runtime=1.83s, PAR-2=1.83s
[DEBUG] Processing 939/2279: UFLIA/sledgehammer/Arrow_Order/smtlib.556254.smt2
[DEBUG] Predicted solver: iProver for benchmark UFLIA/sledgehammer/Arrow_Order/smtlib.556254.smt2
[DEBUG] Benchmark UFLIA/sledgehammer/Arrow_Order/smtlib.556254.smt2: solved=True, runtime=1.42s, PAR-2=1.42s
[DEBUG] Processing 940/2279: UFLIA/sledgehammer/NS_Shared/smtlib.570244.smt2
[DEBUG] Predicted solver: iProver for benchmark UFLIA/sledgehammer/NS_Shared/smtlib.570244.smt2
[DEBUG] Benchmark UFLIA/sledgehammer/NS_Shared/smtlib.570244.smt2: solved=False, runtime=1200.00s, PAR-2=2400.00s
[DEBUG] Processing 941/2279: UFLIA/sledgehammer/Fundamental_Theorem_Algebra/smtlib.666455.smt2
[DEBUG] Predicted solver: SMTInterpol for benchmark UFLIA/sledgehammer/Fundamental_Theorem_Algebra/smtlib.666455.smt2
[DEBUG] Benchmark UFLIA/sledgehammer/Fundamental_Theorem_Algebra/smtlib.666455.smt2: solved=True, runtime=14.52s, PAR-2=14.52s
[DEBUG] Processing 942/2279: UFLIA/sledgehammer/Fundamental_Theorem_Algebra/smtlib.1500119.smt2
[DEBUG] Predicted solver: cvc5 for benchmark UFLIA/sledgehammer/Fundamental_Theorem_Algebra/smtlib.1500119.smt2
[DEBUG] Benchmark UFLIA/sledgehammer/Fundamental_Theorem_Algebra/smtlib.1500119.smt2: solved=False, runtime=1200.00s, PAR-2=2400.00s
[DEBUG] Processing 943/2279: UFLIA/sledgehammer/Arrow_Order/smtlib.766968.smt2
[DEBUG] Predicted solver: cvc5 for benchmark UFLIA/sledgehammer/Arrow_Order/smtlib.766968.smt2
[DEBUG] Benchmark UFLIA/sledgehammer/Arrow_Order/smtlib.766968.smt2: solved=True, runtime=90.54s, PAR-2=90.54s
[DEBUG] Processing 944/2279: UFLIA/simplify/javafe.ast.TypeDeclVec.388.smt2
[DEBUG] Predicted solver: cvc5 for benchmark UFLIA/simplify/javafe.ast.TypeDeclVec.388.smt2
[DEBUG] Benchmark UFLIA/simplify/javafe.ast.TypeDeclVec.388.smt2: solved=True, runtime=1.03s, PAR-2=1.03s
[DEBUG] Processing 945/2279: UFLIA/sledgehammer/NS_Shared/smtlib.827090.smt2
[DEBUG] Predicted solver: cvc5 for benchmark UFLIA/sledgehammer/NS_Shared/smtlib.827090.smt2
[DEBUG] Benchmark UFLIA/sledgehammer/NS_Shared/smtlib.827090.smt2: solved=False, runtime=1200.00s, PAR-2=2400.00s
[DEBUG] Processing 946/2279: UFLIA/simplify2/front_end_suite/javafe.reader.CachedReader.003.smt2
[DEBUG] Predicted solver: cvc5 for benchmark UFLIA/simplify2/front_end_suite/javafe.reader.CachedReader.003.smt2
[DEBUG] Benchmark UFLIA/simplify2/front_end_suite/javafe.reader.CachedReader.003.smt2: solved=True, runtime=0.29s, PAR-2=0.29s
[DEBUG] Processing 947/2279: UFLIA/sledgehammer/StrongNorm/smtlib.748520.smt2
[DEBUG] Predicted solver: cvc5 for benchmark UFLIA/sledgehammer/StrongNorm/smtlib.748520.smt2
[DEBUG] Benchmark UFLIA/sledgehammer/StrongNorm/smtlib.748520.smt2: solved=False, runtime=1200.00s, PAR-2=2400.00s
[DEBUG] Processing 948/2279: UFLIA/simplify2/front_end_suite/javafe.tc.EnvForLocalType.005.smt2
[DEBUG] Predicted solver: cvc5 for benchmark UFLIA/simplify2/front_end_suite/javafe.tc.EnvForLocalType.005.smt2
[DEBUG] Benchmark UFLIA/simplify2/front_end_suite/javafe.tc.EnvForLocalType.005.smt2: solved=True, runtime=0.51s, PAR-2=0.51s
[DEBUG] Processing 949/2279: UFLIA/simplify/javafe.ast.ModifierPragmaVec.250.smt2
[DEBUG] Predicted solver: cvc5 for benchmark UFLIA/simplify/javafe.ast.ModifierPragmaVec.250.smt2
[DEBUG] Benchmark UFLIA/simplify/javafe.ast.ModifierPragmaVec.250.smt2: solved=True, runtime=1.17s, PAR-2=1.17s
[DEBUG] Processing 950/2279: UFLIA/tokeneer/enclave/progressadminactivity-1.smt2
[DEBUG] Predicted solver: SMTInterpol for benchmark UFLIA/tokeneer/enclave/progressadminactivity-1.smt2
[DEBUG] Benchmark UFLIA/tokeneer/enclave/progressadminactivity-1.smt2: solved=True, runtime=1.69s, PAR-2=1.69s
[DEBUG] Processing 951/2279: UFLIA/tokeneer/userentry/progress-11.smt2
[DEBUG] Predicted solver: SMTInterpol for benchmark UFLIA/tokeneer/userentry/progress-11.smt2
[DEBUG] Benchmark UFLIA/tokeneer/userentry/progress-11.smt2: solved=True, runtime=1.45s, PAR-2=1.45s
[DEBUG] Processing 952/2279: UFLIA/simplify/javafe.ast.ImportDeclVec.188.smt2
[DEBUG] Predicted solver: cvc5 for benchmark UFLIA/simplify/javafe.ast.ImportDeclVec.188.smt2
[DEBUG] Benchmark UFLIA/simplify/javafe.ast.ImportDeclVec.188.smt2: solved=True, runtime=0.28s, PAR-2=0.28s
[DEBUG] Processing 953/2279: UFLIA/sledgehammer/FFT/smtlib.899219.smt2
[DEBUG] Predicted solver: SMTInterpol for benchmark UFLIA/sledgehammer/FFT/smtlib.899219.smt2
[DEBUG] Benchmark UFLIA/sledgehammer/FFT/smtlib.899219.smt2: solved=True, runtime=0.53s, PAR-2=0.53s
[DEBUG] Processing 954/2279: UFLIA/simplify2/front_end_suite/javafe.ast.MethodDecl.004.smt2
[DEBUG] Predicted solver: cvc5 for benchmark UFLIA/simplify2/front_end_suite/javafe.ast.MethodDecl.004.smt2
[DEBUG] Benchmark UFLIA/simplify2/front_end_suite/javafe.ast.MethodDecl.004.smt2: solved=True, runtime=0.55s, PAR-2=0.55s
[DEBUG] Processing 955/2279: UFLIA/sledgehammer/QEpres/smtlib.660943.smt2
[DEBUG] Predicted solver: cvc5 for benchmark UFLIA/sledgehammer/QEpres/smtlib.660943.smt2
[DEBUG] Benchmark UFLIA/sledgehammer/QEpres/smtlib.660943.smt2: solved=False, runtime=1200.00s, PAR-2=2400.00s
[DEBUG] Processing 956/2279: UFLIA/sledgehammer/QEpres/smtlib.772150.smt2
[DEBUG] Predicted solver: iProver for benchmark UFLIA/sledgehammer/QEpres/smtlib.772150.smt2
[DEBUG] Benchmark UFLIA/sledgehammer/QEpres/smtlib.772150.smt2: solved=False, runtime=1200.00s, PAR-2=2400.00s
[DEBUG] Processing 957/2279: UFLIA/sledgehammer/QEpres/smtlib.1100784.smt2
[DEBUG] Predicted solver: cvc5 for benchmark UFLIA/sledgehammer/QEpres/smtlib.1100784.smt2
[DEBUG] Benchmark UFLIA/sledgehammer/QEpres/smtlib.1100784.smt2: solved=False, runtime=1200.00s, PAR-2=2400.00s
[DEBUG] Processing 958/2279: UFLIA/sledgehammer/Hoare/smtlib.931862.smt2
[DEBUG] Predicted solver: iProver for benchmark UFLIA/sledgehammer/Hoare/smtlib.931862.smt2
[DEBUG] Benchmark UFLIA/sledgehammer/Hoare/smtlib.931862.smt2: solved=False, runtime=1200.00s, PAR-2=2400.00s
[DEBUG] Processing 959/2279: UFLIA/sledgehammer/StrongNorm/smtlib.853023.smt2
[DEBUG] Predicted solver: cvc5 for benchmark UFLIA/sledgehammer/StrongNorm/smtlib.853023.smt2
[DEBUG] Benchmark UFLIA/sledgehammer/StrongNorm/smtlib.853023.smt2: solved=True, runtime=0.30s, PAR-2=0.30s
[DEBUG] Processing 960/2279: UFLIA/sledgehammer/Fundamental_Theorem_Algebra/smtlib.1400589.smt2
[DEBUG] Predicted solver: cvc5 for benchmark UFLIA/sledgehammer/Fundamental_Theorem_Algebra/smtlib.1400589.smt2
[DEBUG] Benchmark UFLIA/sledgehammer/Fundamental_Theorem_Algebra/smtlib.1400589.smt2: solved=False, runtime=1200.00s, PAR-2=2400.00s
[DEBUG] Processing 961/2279: UFLIA/sledgehammer/TwoSquares/smtlib.771933.smt2
[DEBUG] Predicted solver: cvc5 for benchmark UFLIA/sledgehammer/TwoSquares/smtlib.771933.smt2
[DEBUG] Benchmark UFLIA/sledgehammer/TwoSquares/smtlib.771933.smt2: solved=True, runtime=120.52s, PAR-2=120.52s
[DEBUG] Processing 962/2279: UFLIA/sledgehammer/QEpres/smtlib.771932.smt2
[DEBUG] Predicted solver: cvc5 for benchmark UFLIA/sledgehammer/QEpres/smtlib.771932.smt2
[DEBUG] Benchmark UFLIA/sledgehammer/QEpres/smtlib.771932.smt2: solved=False, runtime=1200.00s, PAR-2=2400.00s
[DEBUG] Processing 963/2279: UFLIA/sledgehammer/Fundamental_Theorem_Algebra/smtlib.574048.smt2
[DEBUG] Predicted solver: cvc5 for benchmark UFLIA/sledgehammer/Fundamental_Theorem_Algebra/smtlib.574048.smt2
[DEBUG] Benchmark UFLIA/sledgehammer/Fundamental_Theorem_Algebra/smtlib.574048.smt2: solved=True, runtime=0.36s, PAR-2=0.36s
[DEBUG] Processing 964/2279: UFLIA/sledgehammer/Fundamental_Theorem_Algebra/smtlib.869456.smt2
[DEBUG] Predicted solver: cvc5 for benchmark UFLIA/sledgehammer/Fundamental_Theorem_Algebra/smtlib.869456.smt2
[DEBUG] Benchmark UFLIA/sledgehammer/Fundamental_Theorem_Algebra/smtlib.869456.smt2: solved=True, runtime=270.57s, PAR-2=270.57s
[DEBUG] Processing 965/2279: UFLIA/simplify/javafe.tc.TypeSig.730.smt2
[DEBUG] Predicted solver: cvc5 for benchmark UFLIA/simplify/javafe.tc.TypeSig.730.smt2
[DEBUG] Benchmark UFLIA/simplify/javafe.tc.TypeSig.730.smt2: solved=True, runtime=271.46s, PAR-2=271.46s
[DEBUG] Processing 966/2279: UFLIA/sledgehammer/QEpres/smtlib.726426.smt2
[DEBUG] Predicted solver: cvc5 for benchmark UFLIA/sledgehammer/QEpres/smtlib.726426.smt2
[DEBUG] Benchmark UFLIA/sledgehammer/QEpres/smtlib.726426.smt2: solved=False, runtime=1200.00s, PAR-2=2400.00s
[DEBUG] Processing 967/2279: UFLIA/boogie/Immutable_test3.Typeof..ctor.smt2
[DEBUG] Predicted solver: cvc5 for benchmark UFLIA/boogie/Immutable_test3.Typeof..ctor.smt2
[DEBUG] Benchmark UFLIA/boogie/Immutable_test3.Typeof..ctor.smt2: solved=True, runtime=0.39s, PAR-2=0.39s
[DEBUG] Processing 968/2279: UFLIA/sledgehammer/TwoSquares/smtlib.739101.smt2
[DEBUG] Predicted solver: cvc5 for benchmark UFLIA/sledgehammer/TwoSquares/smtlib.739101.smt2
[DEBUG] Benchmark UFLIA/sledgehammer/TwoSquares/smtlib.739101.smt2: solved=False, runtime=1200.00s, PAR-2=2400.00s
[DEBUG] Processing 969/2279: UFLIA/grasshopper/instantiated/remove_postcondition_of_remove_45_2.smt2
[DEBUG] Predicted solver: cvc5 for benchmark UFLIA/grasshopper/instantiated/remove_postcondition_of_remove_45_2.smt2
[DEBUG] Benchmark UFLIA/grasshopper/instantiated/remove_postcondition_of_remove_45_2.smt2: solved=True, runtime=10.18s, PAR-2=10.18s
[DEBUG] Processing 970/2279: UFLIA/boogie/BasicMethodology_BasicMethodology.SpecSharp.CheckInvariant_System.Boolean.smt2
[DEBUG] Predicted solver: cvc5 for benchmark UFLIA/boogie/BasicMethodology_BasicMethodology.SpecSharp.CheckInvariant_System.Boolean.smt2
[DEBUG] Benchmark UFLIA/boogie/BasicMethodology_BasicMethodology.SpecSharp.CheckInvariant_System.Boolean.smt2: solved=True, runtime=0.31s, PAR-2=0.31s
[DEBUG] Processing 971/2279: UFLIA/sledgehammer/QEpres/smtlib.645873.smt2
[DEBUG] Predicted solver: iProver for benchmark UFLIA/sledgehammer/QEpres/smtlib.645873.smt2
[DEBUG] Benchmark UFLIA/sledgehammer/QEpres/smtlib.645873.smt2: solved=True, runtime=3.38s, PAR-2=3.38s
[DEBUG] Processing 972/2279: UFLIA/sledgehammer/Hoare/smtlib.1225290.smt2
[DEBUG] Predicted solver: iProver for benchmark UFLIA/sledgehammer/Hoare/smtlib.1225290.smt2
[DEBUG] Benchmark UFLIA/sledgehammer/Hoare/smtlib.1225290.smt2: solved=True, runtime=1.35s, PAR-2=1.35s
[DEBUG] Processing 973/2279: UFLIA/boogie/Types_Types.P0_K_notnull-orderStrength_1.smt2
[DEBUG] Predicted solver: cvc5 for benchmark UFLIA/boogie/Types_Types.P0_K_notnull-orderStrength_1.smt2
[DEBUG] Benchmark UFLIA/boogie/Types_Types.P0_K_notnull-orderStrength_1.smt2: solved=True, runtime=0.75s, PAR-2=0.75s
[DEBUG] Processing 974/2279: UFLIA/sledgehammer/Hoare/smtlib.630695.smt2
[DEBUG] Predicted solver: cvc5 for benchmark UFLIA/sledgehammer/Hoare/smtlib.630695.smt2
[DEBUG] Benchmark UFLIA/sledgehammer/Hoare/smtlib.630695.smt2: solved=True, runtime=0.34s, PAR-2=0.34s
[DEBUG] Processing 975/2279: UFLIA/sledgehammer/QEpres/smtlib.898504.smt2
[DEBUG] Predicted solver: cvc5 for benchmark UFLIA/sledgehammer/QEpres/smtlib.898504.smt2
[DEBUG] Benchmark UFLIA/sledgehammer/QEpres/smtlib.898504.smt2: solved=False, runtime=1200.00s, PAR-2=2400.00s
[DEBUG] Processing 976/2279: UFLIA/boogie/Bag0_Bag.RemoveMin.smt2
[DEBUG] Predicted solver: cvc5 for benchmark UFLIA/boogie/Bag0_Bag.RemoveMin.smt2
[DEBUG] Benchmark UFLIA/boogie/Bag0_Bag.RemoveMin.smt2: solved=False, runtime=1200.00s, PAR-2=2400.00s
[DEBUG] Processing 977/2279: UFLIA/boogie/PureReceiverMightBeCommitted_C.N.smt2
[DEBUG] Predicted solver: cvc5 for benchmark UFLIA/boogie/PureReceiverMightBeCommitted_C.N.smt2
[DEBUG] Benchmark UFLIA/boogie/PureReceiverMightBeCommitted_C.N.smt2: solved=True, runtime=1.06s, PAR-2=1.06s
[DEBUG] Processing 978/2279: UFLIA/sledgehammer/Fundamental_Theorem_Algebra/smtlib.965909.smt2
[DEBUG] Predicted solver: iProver for benchmark UFLIA/sledgehammer/Fundamental_Theorem_Algebra/smtlib.965909.smt2
[DEBUG] Benchmark UFLIA/sledgehammer/Fundamental_Theorem_Algebra/smtlib.965909.smt2: solved=False, runtime=1200.00s, PAR-2=2400.00s
[DEBUG] Processing 979/2279: UFLIA/grasshopper/instantiated/quicksort_precondition_of_quicksort_55_4.smt2
[DEBUG] Predicted solver: cvc5 for benchmark UFLIA/grasshopper/instantiated/quicksort_precondition_of_quicksort_55_4.smt2
[DEBUG] Benchmark UFLIA/grasshopper/instantiated/quicksort_precondition_of_quicksort_55_4.smt2: solved=True, runtime=1.98s, PAR-2=1.98s
[DEBUG] Processing 980/2279: UFLIA/sledgehammer/QEpres/smtlib.973259.smt2
[DEBUG] Predicted solver: cvc5 for benchmark UFLIA/sledgehammer/QEpres/smtlib.973259.smt2
[DEBUG] Benchmark UFLIA/sledgehammer/QEpres/smtlib.973259.smt2: solved=True, runtime=120.68s, PAR-2=120.68s
[DEBUG] Processing 981/2279: UFLIA/sledgehammer/QEpres/smtlib.853251.smt2
[DEBUG] Predicted solver: cvc5 for benchmark UFLIA/sledgehammer/QEpres/smtlib.853251.smt2
[DEBUG] Benchmark UFLIA/sledgehammer/QEpres/smtlib.853251.smt2: solved=False, runtime=1200.00s, PAR-2=2400.00s
[DEBUG] Processing 982/2279: UFLIA/sledgehammer/Hoare/smtlib.781845.smt2
[DEBUG] Predicted solver: cvc5 for benchmark UFLIA/sledgehammer/Hoare/smtlib.781845.smt2
[DEBUG] Benchmark UFLIA/sledgehammer/Hoare/smtlib.781845.smt2: solved=False, runtime=1200.00s, PAR-2=2400.00s
[DEBUG] Processing 983/2279: UFLIA/sledgehammer/NS_Shared/smtlib.585704.smt2
[DEBUG] Predicted solver: cvc5 for benchmark UFLIA/sledgehammer/NS_Shared/smtlib.585704.smt2
[DEBUG] Benchmark UFLIA/sledgehammer/NS_Shared/smtlib.585704.smt2: solved=True, runtime=0.34s, PAR-2=0.34s
[DEBUG] Processing 984/2279: UFLIA/boogie/Bag7_Bag..ctor_System.Int32.array_notnull.smt2
[DEBUG] Predicted solver: cvc5 for benchmark UFLIA/boogie/Bag7_Bag..ctor_System.Int32.array_notnull.smt2
[DEBUG] Benchmark UFLIA/boogie/Bag7_Bag..ctor_System.Int32.array_notnull.smt2: solved=True, runtime=1.49s, PAR-2=1.49s
[DEBUG] Processing 985/2279: UFLIA/boogie/LocalExpose_T.V1.smt2
[DEBUG] Predicted solver: cvc5 for benchmark UFLIA/boogie/LocalExpose_T.V1.smt2
[DEBUG] Benchmark UFLIA/boogie/LocalExpose_T.V1.smt2: solved=False, runtime=1200.00s, PAR-2=2400.00s
[DEBUG] Processing 986/2279: UFLIA/sledgehammer/Arrow_Order/smtlib.589328.smt2
[DEBUG] Predicted solver: cvc5 for benchmark UFLIA/sledgehammer/Arrow_Order/smtlib.589328.smt2
[DEBUG] Benchmark UFLIA/sledgehammer/Arrow_Order/smtlib.589328.smt2: solved=False, runtime=1200.00s, PAR-2=2400.00s
[DEBUG] Processing 987/2279: UFLIA/simplify/javafe.tc.FieldDeclVec.678.smt2
[DEBUG] Predicted solver: cvc5 for benchmark UFLIA/simplify/javafe.tc.FieldDeclVec.678.smt2
[DEBUG] Benchmark UFLIA/simplify/javafe.tc.FieldDeclVec.678.smt2: solved=True, runtime=0.27s, PAR-2=0.27s
[DEBUG] Processing 988/2279: UFLIA/simplify2/front_end_suite/javafe.parser.ParseUtil.006.smt2
[DEBUG] Predicted solver: cvc5 for benchmark UFLIA/simplify2/front_end_suite/javafe.parser.ParseUtil.006.smt2
[DEBUG] Benchmark UFLIA/simplify2/front_end_suite/javafe.parser.ParseUtil.006.smt2: solved=True, runtime=1.13s, PAR-2=1.13s
[DEBUG] Processing 989/2279: UFLIA/simplify2/small_suite/getNextPragma.smt2
[DEBUG] Predicted solver: cvc5 for benchmark UFLIA/simplify2/small_suite/getNextPragma.smt2
[DEBUG] Benchmark UFLIA/simplify2/small_suite/getNextPragma.smt2: solved=True, runtime=469.32s, PAR-2=469.32s
[DEBUG] Processing 990/2279: UFLIA/boogie/Typeof_Typeof.N.smt2
[DEBUG] Predicted solver: cvc5 for benchmark UFLIA/boogie/Typeof_Typeof.N.smt2
[DEBUG] Benchmark UFLIA/boogie/Typeof_Typeof.N.smt2: solved=False, runtime=1200.00s, PAR-2=2400.00s
[DEBUG] Processing 991/2279: UFLIA/sledgehammer/Arrow_Order/smtlib.845259.smt2
[DEBUG] Predicted solver: cvc5 for benchmark UFLIA/sledgehammer/Arrow_Order/smtlib.845259.smt2
[DEBUG] Benchmark UFLIA/sledgehammer/Arrow_Order/smtlib.845259.smt2: solved=False, runtime=1200.00s, PAR-2=2400.00s
[DEBUG] Processing 992/2279: UFLIA/sledgehammer/Hoare/smtlib.990061.smt2
[DEBUG] Predicted solver: cvc5 for benchmark UFLIA/sledgehammer/Hoare/smtlib.990061.smt2
[DEBUG] Benchmark UFLIA/sledgehammer/Hoare/smtlib.990061.smt2: solved=True, runtime=0.54s, PAR-2=0.54s
[DEBUG] Processing 993/2279: UFLIA/simplify2/front_end_suite/javafe.ast.VarInitVec.018.smt2
[DEBUG] Predicted solver: cvc5 for benchmark UFLIA/simplify2/front_end_suite/javafe.ast.VarInitVec.018.smt2
[DEBUG] Benchmark UFLIA/simplify2/front_end_suite/javafe.ast.VarInitVec.018.smt2: solved=True, runtime=0.38s, PAR-2=0.38s
[DEBUG] Processing 994/2279: UFLIA/sledgehammer/Hoare/smtlib.1050669.smt2
[DEBUG] Predicted solver: iProver for benchmark UFLIA/sledgehammer/Hoare/smtlib.1050669.smt2
[DEBUG] Benchmark UFLIA/sledgehammer/Hoare/smtlib.1050669.smt2: solved=False, runtime=1200.00s, PAR-2=2400.00s
[DEBUG] Processing 995/2279: UFLIA/sledgehammer/FFT/smtlib.1024935.smt2
[DEBUG] Predicted solver: cvc5 for benchmark UFLIA/sledgehammer/FFT/smtlib.1024935.smt2
[DEBUG] Benchmark UFLIA/sledgehammer/FFT/smtlib.1024935.smt2: solved=False, runtime=1200.00s, PAR-2=2400.00s
[DEBUG] Processing 996/2279: UFLIA/tokeneer/tokenreader/init-48.smt2
[DEBUG] Predicted solver: cvc5 for benchmark UFLIA/tokeneer/tokenreader/init-48.smt2
[DEBUG] Benchmark UFLIA/tokeneer/tokenreader/init-48.smt2: solved=True, runtime=0.24s, PAR-2=0.24s
[DEBUG] Processing 997/2279: UFLIA/simplify2/front_end_suite/javafe.ast.ModifierPragmaVec.011.smt2
[DEBUG] Predicted solver: cvc5 for benchmark UFLIA/simplify2/front_end_suite/javafe.ast.ModifierPragmaVec.011.smt2
[DEBUG] Benchmark UFLIA/simplify2/front_end_suite/javafe.ast.ModifierPragmaVec.011.smt2: solved=True, runtime=0.30s, PAR-2=0.30s
[DEBUG] Processing 998/2279: UFLIA/sledgehammer/Hoare/smtlib.638735.smt2
[DEBUG] Predicted solver: iProver for benchmark UFLIA/sledgehammer/Hoare/smtlib.638735.smt2
[DEBUG] Benchmark UFLIA/sledgehammer/Hoare/smtlib.638735.smt2: solved=False, runtime=1200.00s, PAR-2=2400.00s
[DEBUG] Processing 999/2279: UFLIA/sledgehammer/QEpres/smtlib.779227.smt2
[DEBUG] Predicted solver: cvc5 for benchmark UFLIA/sledgehammer/QEpres/smtlib.779227.smt2
[DEBUG] Benchmark UFLIA/sledgehammer/QEpres/smtlib.779227.smt2: solved=False, runtime=1200.00s, PAR-2=2400.00s
[DEBUG] Processing 1000/2279: UFLIA/sledgehammer/StrongNorm/smtlib.773563.smt2
[DEBUG] Predicted solver: iProver for benchmark UFLIA/sledgehammer/StrongNorm/smtlib.773563.smt2
[DEBUG] Benchmark UFLIA/sledgehammer/StrongNorm/smtlib.773563.smt2: solved=False, runtime=1200.00s, PAR-2=2400.00s
[DEBUG] Processing 1001/2279: UFLIA/sledgehammer/Arrow_Order/smtlib.593393.smt2
[DEBUG] Predicted solver: cvc5 for benchmark UFLIA/sledgehammer/Arrow_Order/smtlib.593393.smt2
[DEBUG] Benchmark UFLIA/sledgehammer/Arrow_Order/smtlib.593393.smt2: solved=False, runtime=1200.00s, PAR-2=2400.00s
[DEBUG] Processing 1002/2279: UFLIA/tokeneer/configdata/validatefile/readduration-5.smt2
[DEBUG] Predicted solver: SMTInterpol for benchmark UFLIA/tokeneer/configdata/validatefile/readduration-5.smt2
[DEBUG] Benchmark UFLIA/tokeneer/configdata/validatefile/readduration-5.smt2: solved=True, runtime=1.56s, PAR-2=1.56s
[DEBUG] Processing 1003/2279: UFLIA/simplify2/front_end_suite/javafe.ast.FormalParaDeclVec.020.smt2
[DEBUG] Predicted solver: cvc5 for benchmark UFLIA/simplify2/front_end_suite/javafe.ast.FormalParaDeclVec.020.smt2
[DEBUG] Benchmark UFLIA/simplify2/front_end_suite/javafe.ast.FormalParaDeclVec.020.smt2: solved=True, runtime=0.96s, PAR-2=0.96s
[DEBUG] Processing 1004/2279: UFLIA/simplify2/front_end_suite/javafe.ast.TypeDeclElemVec.011.smt2
[DEBUG] Predicted solver: cvc5 for benchmark UFLIA/simplify2/front_end_suite/javafe.ast.TypeDeclElemVec.011.smt2
[DEBUG] Benchmark UFLIA/simplify2/front_end_suite/javafe.ast.TypeDeclElemVec.011.smt2: solved=True, runtime=0.30s, PAR-2=0.30s
[DEBUG] Processing 1005/2279: UFLIA/simplify2/front_end_suite/javafe.parser.test.TestParse.002.smt2
[DEBUG] Predicted solver: cvc5 for benchmark UFLIA/simplify2/front_end_suite/javafe.parser.test.TestParse.002.smt2
[DEBUG] Benchmark UFLIA/simplify2/front_end_suite/javafe.parser.test.TestParse.002.smt2: solved=True, runtime=0.38s, PAR-2=0.38s
[DEBUG] Processing 1006/2279: UFLIA/simplify/javafe.filespace.Tree.505.smt2
[DEBUG] Predicted solver: cvc5 for benchmark UFLIA/simplify/javafe.filespace.Tree.505.smt2
[DEBUG] Benchmark UFLIA/simplify/javafe.filespace.Tree.505.smt2: solved=True, runtime=0.29s, PAR-2=0.29s
[DEBUG] Processing 1007/2279: UFLIA/simplify/javafe.ast.TryCatchStmt.360.smt2
[DEBUG] Predicted solver: cvc5 for benchmark UFLIA/simplify/javafe.ast.TryCatchStmt.360.smt2
[DEBUG] Benchmark UFLIA/simplify/javafe.ast.TryCatchStmt.360.smt2: solved=True, runtime=0.60s, PAR-2=0.60s
[DEBUG] Processing 1008/2279: UFLIA/boogie/Spouse_Person.Marry_Person_notnull.smt2
[DEBUG] Predicted solver: cvc5 for benchmark UFLIA/boogie/Spouse_Person.Marry_Person_notnull.smt2
[DEBUG] Benchmark UFLIA/boogie/Spouse_Person.Marry_Person_notnull.smt2: solved=True, runtime=3.82s, PAR-2=3.82s
[DEBUG] Processing 1009/2279: UFLIA/sledgehammer/TwoSquares/smtlib.598292.smt2
[DEBUG] Predicted solver: SMTInterpol for benchmark UFLIA/sledgehammer/TwoSquares/smtlib.598292.smt2
[DEBUG] Benchmark UFLIA/sledgehammer/TwoSquares/smtlib.598292.smt2: solved=True, runtime=0.43s, PAR-2=0.43s
[DEBUG] Processing 1010/2279: UFLIA/tokeneer/keystore/digest-3.smt2
[DEBUG] Predicted solver: SMTInterpol for benchmark UFLIA/tokeneer/keystore/digest-3.smt2
[DEBUG] Benchmark UFLIA/tokeneer/keystore/digest-3.smt2: solved=False, runtime=1200.00s, PAR-2=2400.00s
[DEBUG] Processing 1011/2279: UFLIA/simplify2/front_end_suite/javafe.ast.BlockStmt.005.smt2
[DEBUG] Predicted solver: cvc5 for benchmark UFLIA/simplify2/front_end_suite/javafe.ast.BlockStmt.005.smt2
[DEBUG] Benchmark UFLIA/simplify2/front_end_suite/javafe.ast.BlockStmt.005.smt2: solved=True, runtime=0.64s, PAR-2=0.64s
[DEBUG] Processing 1012/2279: UFLIA/sledgehammer/TwoSquares/smtlib.807820.smt2
[DEBUG] Predicted solver: cvc5 for benchmark UFLIA/sledgehammer/TwoSquares/smtlib.807820.smt2
[DEBUG] Benchmark UFLIA/sledgehammer/TwoSquares/smtlib.807820.smt2: solved=True, runtime=0.25s, PAR-2=0.25s
[DEBUG] Processing 1013/2279: UFLIA/sledgehammer/TwoSquares/smtlib.738631.smt2
[DEBUG] Predicted solver: cvc5 for benchmark UFLIA/sledgehammer/TwoSquares/smtlib.738631.smt2
[DEBUG] Benchmark UFLIA/sledgehammer/TwoSquares/smtlib.738631.smt2: solved=False, runtime=1200.00s, PAR-2=2400.00s
[DEBUG] Processing 1014/2279: UFLIA/sledgehammer/TwoSquares/smtlib.595748.smt2
[DEBUG] Predicted solver: iProver for benchmark UFLIA/sledgehammer/TwoSquares/smtlib.595748.smt2
[DEBUG] Benchmark UFLIA/sledgehammer/TwoSquares/smtlib.595748.smt2: solved=False, runtime=1200.00s, PAR-2=2400.00s
[DEBUG] Processing 1015/2279: UFLIA/sledgehammer/QEpres/smtlib.850092.smt2
[DEBUG] Predicted solver: cvc5 for benchmark UFLIA/sledgehammer/QEpres/smtlib.850092.smt2
[DEBUG] Benchmark UFLIA/sledgehammer/QEpres/smtlib.850092.smt2: solved=False, runtime=1200.00s, PAR-2=2400.00s
[DEBUG] Processing 1016/2279: UFLIA/sledgehammer/TypeSafe/smtlib.933012.smt2
[DEBUG] Predicted solver: iProver for benchmark UFLIA/sledgehammer/TypeSafe/smtlib.933012.smt2
[DEBUG] Benchmark UFLIA/sledgehammer/TypeSafe/smtlib.933012.smt2: solved=False, runtime=1200.00s, PAR-2=2400.00s
[DEBUG] Processing 1017/2279: UFLIA/sledgehammer/QEpres/smtlib.963025.smt2
[DEBUG] Predicted solver: cvc5 for benchmark UFLIA/sledgehammer/QEpres/smtlib.963025.smt2
[DEBUG] Benchmark UFLIA/sledgehammer/QEpres/smtlib.963025.smt2: solved=False, runtime=1200.00s, PAR-2=2400.00s
[DEBUG] Processing 1018/2279: UFLIA/boogie/FormulaTerm2_PX-noinfer.smt2
[DEBUG] Predicted solver: SMTInterpol for benchmark UFLIA/boogie/FormulaTerm2_PX-noinfer.smt2
[DEBUG] Benchmark UFLIA/boogie/FormulaTerm2_PX-noinfer.smt2: solved=True, runtime=1.28s, PAR-2=1.28s
[DEBUG] Processing 1019/2279: UFLIA/sledgehammer/QEpres/smtlib.630030.smt2
[DEBUG] Predicted solver: iProver for benchmark UFLIA/sledgehammer/QEpres/smtlib.630030.smt2
[DEBUG] Benchmark UFLIA/sledgehammer/QEpres/smtlib.630030.smt2: solved=True, runtime=786.87s, PAR-2=786.87s
[DEBUG] Processing 1020/2279: UFLIA/simplify/javafe.tc.EnvForLocals.663.smt2
[DEBUG] Predicted solver: cvc5 for benchmark UFLIA/simplify/javafe.tc.EnvForLocals.663.smt2
[DEBUG] Benchmark UFLIA/simplify/javafe.tc.EnvForLocals.663.smt2: solved=True, runtime=0.58s, PAR-2=0.58s
[DEBUG] Processing 1021/2279: UFLIA/sledgehammer/QEpres/smtlib.833591.smt2
[DEBUG] Predicted solver: cvc5 for benchmark UFLIA/sledgehammer/QEpres/smtlib.833591.smt2
[DEBUG] Benchmark UFLIA/sledgehammer/QEpres/smtlib.833591.smt2: solved=False, runtime=1200.00s, PAR-2=2400.00s
[DEBUG] Processing 1022/2279: UFLIA/sledgehammer/QEpres/smtlib.699580.smt2
[DEBUG] Predicted solver: cvc5 for benchmark UFLIA/sledgehammer/QEpres/smtlib.699580.smt2
[DEBUG] Benchmark UFLIA/sledgehammer/QEpres/smtlib.699580.smt2: solved=False, runtime=1200.00s, PAR-2=2400.00s
[DEBUG] Processing 1023/2279: UFLIA/sledgehammer/QEpres/smtlib.731006.smt2
[DEBUG] Predicted solver: iProver for benchmark UFLIA/sledgehammer/QEpres/smtlib.731006.smt2
[DEBUG] Benchmark UFLIA/sledgehammer/QEpres/smtlib.731006.smt2: solved=False, runtime=1200.00s, PAR-2=2400.00s
[DEBUG] Processing 1024/2279: UFLIA/sledgehammer/Arrow_Order/smtlib.822748.smt2
[DEBUG] Predicted solver: cvc5 for benchmark UFLIA/sledgehammer/Arrow_Order/smtlib.822748.smt2
[DEBUG] Benchmark UFLIA/sledgehammer/Arrow_Order/smtlib.822748.smt2: solved=False, runtime=1200.00s, PAR-2=2400.00s
[DEBUG] Processing 1025/2279: UFLIA/sledgehammer/QEpres/smtlib.1091242.smt2
[DEBUG] Predicted solver: cvc5 for benchmark UFLIA/sledgehammer/QEpres/smtlib.1091242.smt2
[DEBUG] Benchmark UFLIA/sledgehammer/QEpres/smtlib.1091242.smt2: solved=True, runtime=0.52s, PAR-2=0.52s
[DEBUG] Processing 1026/2279: UFLIA/simplify2/front_end_suite/tohtml.Java2Html.026.smt2
[DEBUG] Predicted solver: cvc5 for benchmark UFLIA/simplify2/front_end_suite/tohtml.Java2Html.026.smt2
[DEBUG] Benchmark UFLIA/simplify2/front_end_suite/tohtml.Java2Html.026.smt2: solved=True, runtime=0.32s, PAR-2=0.32s
[DEBUG] Processing 1027/2279: UFLIA/sledgehammer/QEpres/smtlib.998365.smt2
[DEBUG] Predicted solver: cvc5 for benchmark UFLIA/sledgehammer/QEpres/smtlib.998365.smt2
[DEBUG] Benchmark UFLIA/sledgehammer/QEpres/smtlib.998365.smt2: solved=False, runtime=1200.00s, PAR-2=2400.00s
[DEBUG] Processing 1028/2279: UFLIA/sledgehammer/FFT/smtlib.643354.smt2
[DEBUG] Predicted solver: cvc5 for benchmark UFLIA/sledgehammer/FFT/smtlib.643354.smt2
[DEBUG] Benchmark UFLIA/sledgehammer/FFT/smtlib.643354.smt2: solved=False, runtime=1200.00s, PAR-2=2400.00s
[DEBUG] Processing 1029/2279: UFLIA/simplify/javafe.ast.FormalParaDeclVec.166.smt2
[DEBUG] Predicted solver: cvc5 for benchmark UFLIA/simplify/javafe.ast.FormalParaDeclVec.166.smt2
[DEBUG] Benchmark UFLIA/simplify/javafe.ast.FormalParaDeclVec.166.smt2: solved=True, runtime=0.33s, PAR-2=0.33s
[DEBUG] Processing 1030/2279: UFLIA/simplify/javafe.ast.ArrayType.46.smt2
[DEBUG] Predicted solver: cvc5 for benchmark UFLIA/simplify/javafe.ast.ArrayType.46.smt2
[DEBUG] Benchmark UFLIA/simplify/javafe.ast.ArrayType.46.smt2: solved=True, runtime=0.67s, PAR-2=0.67s
[DEBUG] Processing 1031/2279: UFLIA/boogie/Quantifiers_Q-noinfer.smt2
[DEBUG] Predicted solver: SMTInterpol for benchmark UFLIA/boogie/Quantifiers_Q-noinfer.smt2
[DEBUG] Benchmark UFLIA/boogie/Quantifiers_Q-noinfer.smt2: solved=False, runtime=1200.00s, PAR-2=2400.00s
[DEBUG] Processing 1032/2279: UFLIA/boogie/Modifies_C.Correct_T_notnull-level_2.smt2
[DEBUG] Predicted solver: cvc5 for benchmark UFLIA/boogie/Modifies_C.Correct_T_notnull-level_2.smt2
[DEBUG] Benchmark UFLIA/boogie/Modifies_C.Correct_T_notnull-level_2.smt2: solved=True, runtime=0.58s, PAR-2=0.58s
[DEBUG] Processing 1033/2279: UFLIA/boogie/Subclass_Sub.Ty.smt2
[DEBUG] Predicted solver: cvc5 for benchmark UFLIA/boogie/Subclass_Sub.Ty.smt2
[DEBUG] Benchmark UFLIA/boogie/Subclass_Sub.Ty.smt2: solved=True, runtime=0.33s, PAR-2=0.33s
[DEBUG] Processing 1034/2279: UFLIA/sledgehammer/Fundamental_Theorem_Algebra/smtlib.1283862.smt2
[DEBUG] Predicted solver: cvc5 for benchmark UFLIA/sledgehammer/Fundamental_Theorem_Algebra/smtlib.1283862.smt2
[DEBUG] Benchmark UFLIA/sledgehammer/Fundamental_Theorem_Algebra/smtlib.1283862.smt2: solved=False, runtime=1200.00s, PAR-2=2400.00s
[DEBUG] Processing 1035/2279: UFLIA/sledgehammer/TwoSquares/smtlib.588495.smt2
[DEBUG] Predicted solver: iProver for benchmark UFLIA/sledgehammer/TwoSquares/smtlib.588495.smt2
[DEBUG] Benchmark UFLIA/sledgehammer/TwoSquares/smtlib.588495.smt2: solved=False, runtime=1200.00s, PAR-2=2400.00s
[DEBUG] Processing 1036/2279: UFLIA/sledgehammer/Hoare/smtlib.934730.smt2
[DEBUG] Predicted solver: cvc5 for benchmark UFLIA/sledgehammer/Hoare/smtlib.934730.smt2
[DEBUG] Benchmark UFLIA/sledgehammer/Hoare/smtlib.934730.smt2: solved=False, runtime=1200.00s, PAR-2=2400.00s
[DEBUG] Processing 1037/2279: UFLIA/sledgehammer/Fundamental_Theorem_Algebra/smtlib.988505.smt2
[DEBUG] Predicted solver: cvc5 for benchmark UFLIA/sledgehammer/Fundamental_Theorem_Algebra/smtlib.988505.smt2
[DEBUG] Benchmark UFLIA/sledgehammer/Fundamental_Theorem_Algebra/smtlib.988505.smt2: solved=False, runtime=1200.00s, PAR-2=2400.00s
[DEBUG] Processing 1038/2279: UFLIA/simplify2/front_end_suite/javafe.parser.ParseUtil.004.smt2
[DEBUG] Predicted solver: cvc5 for benchmark UFLIA/simplify2/front_end_suite/javafe.parser.ParseUtil.004.smt2
[DEBUG] Benchmark UFLIA/simplify2/front_end_suite/javafe.parser.ParseUtil.004.smt2: solved=True, runtime=0.37s, PAR-2=0.37s
[DEBUG] Processing 1039/2279: UFLIA/sledgehammer/Arrow_Order/smtlib.812177.smt2
[DEBUG] Predicted solver: cvc5 for benchmark UFLIA/sledgehammer/Arrow_Order/smtlib.812177.smt2
[DEBUG] Benchmark UFLIA/sledgehammer/Arrow_Order/smtlib.812177.smt2: solved=True, runtime=2.84s, PAR-2=2.84s
[DEBUG] Processing 1040/2279: UFLIA/grasshopper/uninstantiated/merge_sort_precondition_of_merge_sort_101_10.smt2
[DEBUG] Predicted solver: cvc5 for benchmark UFLIA/grasshopper/uninstantiated/merge_sort_precondition_of_merge_sort_101_10.smt2
[DEBUG] Benchmark UFLIA/grasshopper/uninstantiated/merge_sort_precondition_of_merge_sort_101_10.smt2: solved=True, runtime=480.86s, PAR-2=480.86s
[DEBUG] Processing 1041/2279: UFLIA/sledgehammer/FFT/smtlib.1021416.smt2
[DEBUG] Predicted solver: cvc5 for benchmark UFLIA/sledgehammer/FFT/smtlib.1021416.smt2
[DEBUG] Benchmark UFLIA/sledgehammer/FFT/smtlib.1021416.smt2: solved=False, runtime=1200.00s, PAR-2=2400.00s
[DEBUG] Processing 1042/2279: UFLIA/boogie/Bag5_Bag..ctor_System.Int32.array_notnull_System.Int32_System.Int32.smt2
[DEBUG] Predicted solver: cvc5 for benchmark UFLIA/boogie/Bag5_Bag..ctor_System.Int32.array_notnull_System.Int32_System.Int32.smt2
[DEBUG] Benchmark UFLIA/boogie/Bag5_Bag..ctor_System.Int32.array_notnull_System.Int32_System.Int32.smt2: solved=True, runtime=2.58s, PAR-2=2.58s
[DEBUG] Processing 1043/2279: UFLIA/sledgehammer/TwoSquares/smtlib.745135.smt2
[DEBUG] Predicted solver: cvc5 for benchmark UFLIA/sledgehammer/TwoSquares/smtlib.745135.smt2
[DEBUG] Benchmark UFLIA/sledgehammer/TwoSquares/smtlib.745135.smt2: solved=True, runtime=300.50s, PAR-2=300.50s
[DEBUG] Processing 1044/2279: UFLIA/sledgehammer/Fundamental_Theorem_Algebra/smtlib.1250336.smt2
[DEBUG] Predicted solver: iProver for benchmark UFLIA/sledgehammer/Fundamental_Theorem_Algebra/smtlib.1250336.smt2
[DEBUG] Benchmark UFLIA/sledgehammer/Fundamental_Theorem_Algebra/smtlib.1250336.smt2: solved=False, runtime=1200.00s, PAR-2=2400.00s
[DEBUG] Processing 1045/2279: UFLIA/simplify2/front_end_suite/javafe.tc.Types.030.smt2
[DEBUG] Predicted solver: cvc5 for benchmark UFLIA/simplify2/front_end_suite/javafe.tc.Types.030.smt2
[DEBUG] Benchmark UFLIA/simplify2/front_end_suite/javafe.tc.Types.030.smt2: solved=True, runtime=0.53s, PAR-2=0.53s
[DEBUG] Processing 1046/2279: UFLIA/sledgehammer/QEpres/smtlib.963961.smt2
[DEBUG] Predicted solver: cvc5 for benchmark UFLIA/sledgehammer/QEpres/smtlib.963961.smt2
[DEBUG] Benchmark UFLIA/sledgehammer/QEpres/smtlib.963961.smt2: solved=False, runtime=1200.00s, PAR-2=2400.00s
[DEBUG] Processing 1047/2279: UFLIA/sledgehammer/Fundamental_Theorem_Algebra/smtlib.802479.smt2
[DEBUG] Predicted solver: iProver for benchmark UFLIA/sledgehammer/Fundamental_Theorem_Algebra/smtlib.802479.smt2
[DEBUG] Benchmark UFLIA/sledgehammer/Fundamental_Theorem_Algebra/smtlib.802479.smt2: solved=False, runtime=1200.00s, PAR-2=2400.00s
[DEBUG] Processing 1048/2279: UFLIA/boogie/BoxedInt_BoxedInt.P_System.Double.smt2
[DEBUG] Predicted solver: cvc5 for benchmark UFLIA/boogie/BoxedInt_BoxedInt.P_System.Double.smt2
[DEBUG] Benchmark UFLIA/boogie/BoxedInt_BoxedInt.P_System.Double.smt2: solved=False, runtime=1200.00s, PAR-2=2400.00s
[DEBUG] Processing 1049/2279: UFLIA/simplify/javafe.filespace.Tree.504.smt2
[DEBUG] Predicted solver: cvc5 for benchmark UFLIA/simplify/javafe.filespace.Tree.504.smt2
[DEBUG] Benchmark UFLIA/simplify/javafe.filespace.Tree.504.smt2: solved=True, runtime=0.25s, PAR-2=0.25s
[DEBUG] Processing 1050/2279: UFLIA/sledgehammer/TypeSafe/smtlib.1050394.smt2
[DEBUG] Predicted solver: cvc5 for benchmark UFLIA/sledgehammer/TypeSafe/smtlib.1050394.smt2
[DEBUG] Benchmark UFLIA/sledgehammer/TypeSafe/smtlib.1050394.smt2: solved=False, runtime=1200.00s, PAR-2=2400.00s
[DEBUG] Processing 1051/2279: UFLIA/sledgehammer/FFT/smtlib.570658.smt2
[DEBUG] Predicted solver: cvc5 for benchmark UFLIA/sledgehammer/FFT/smtlib.570658.smt2
[DEBUG] Benchmark UFLIA/sledgehammer/FFT/smtlib.570658.smt2: solved=False, runtime=1200.00s, PAR-2=2400.00s
[DEBUG] Processing 1052/2279: UFLIA/sledgehammer/Fundamental_Theorem_Algebra/smtlib.576946.smt2
[DEBUG] Predicted solver: iProver for benchmark UFLIA/sledgehammer/Fundamental_Theorem_Algebra/smtlib.576946.smt2
[DEBUG] Benchmark UFLIA/sledgehammer/Fundamental_Theorem_Algebra/smtlib.576946.smt2: solved=False, runtime=1200.00s, PAR-2=2400.00s
[DEBUG] Processing 1053/2279: UFLIA/sledgehammer/QEpres/smtlib.882231.smt2
[DEBUG] Predicted solver: cvc5 for benchmark UFLIA/sledgehammer/QEpres/smtlib.882231.smt2
[DEBUG] Benchmark UFLIA/sledgehammer/QEpres/smtlib.882231.smt2: solved=True, runtime=0.37s, PAR-2=0.37s
[DEBUG] Processing 1054/2279: UFLIA/boogie/AdvancedTypes_InternalSubClass..ctor-orderStrength_1.smt2
[DEBUG] Predicted solver: cvc5 for benchmark UFLIA/boogie/AdvancedTypes_InternalSubClass..ctor-orderStrength_1.smt2
[DEBUG] Benchmark UFLIA/boogie/AdvancedTypes_InternalSubClass..ctor-orderStrength_1.smt2: solved=True, runtime=0.55s, PAR-2=0.55s
[DEBUG] Processing 1055/2279: UFLIA/sledgehammer/QEpres/smtlib.783502.smt2
[DEBUG] Predicted solver: cvc5 for benchmark UFLIA/sledgehammer/QEpres/smtlib.783502.smt2
[DEBUG] Benchmark UFLIA/sledgehammer/QEpres/smtlib.783502.smt2: solved=False, runtime=1200.00s, PAR-2=2400.00s
[DEBUG] Processing 1056/2279: UFLIA/sexpr/SES.Sx.Quote_System.String_notnull.smt2
[DEBUG] Predicted solver: cvc5 for benchmark UFLIA/sexpr/SES.Sx.Quote_System.String_notnull.smt2
[DEBUG] Benchmark UFLIA/sexpr/SES.Sx.Quote_System.String_notnull.smt2: solved=True, runtime=7.65s, PAR-2=7.65s
[DEBUG] Processing 1057/2279: UFLIA/sledgehammer/Fundamental_Theorem_Algebra/smtlib.752753.smt2
[DEBUG] Predicted solver: cvc5 for benchmark UFLIA/sledgehammer/Fundamental_Theorem_Algebra/smtlib.752753.smt2
[DEBUG] Benchmark UFLIA/sledgehammer/Fundamental_Theorem_Algebra/smtlib.752753.smt2: solved=False, runtime=1200.00s, PAR-2=2400.00s
[DEBUG] Processing 1058/2279: UFLIA/sledgehammer/TwoSquares/smtlib.796227.smt2
[DEBUG] Predicted solver: cvc5 for benchmark UFLIA/sledgehammer/TwoSquares/smtlib.796227.smt2
[DEBUG] Benchmark UFLIA/sledgehammer/TwoSquares/smtlib.796227.smt2: solved=True, runtime=0.23s, PAR-2=0.23s
[DEBUG] Processing 1059/2279: UFLIA/simplify/javafe.ast.NewArrayExpr.265.smt2
[DEBUG] Predicted solver: cvc5 for benchmark UFLIA/simplify/javafe.ast.NewArrayExpr.265.smt2
[DEBUG] Benchmark UFLIA/simplify/javafe.ast.NewArrayExpr.265.smt2: solved=True, runtime=0.62s, PAR-2=0.62s
[DEBUG] Processing 1060/2279: UFLIA/sledgehammer/TwoSquares/smtlib.590927.smt2
[DEBUG] Predicted solver: cvc5 for benchmark UFLIA/sledgehammer/TwoSquares/smtlib.590927.smt2
[DEBUG] Benchmark UFLIA/sledgehammer/TwoSquares/smtlib.590927.smt2: solved=False, runtime=1200.00s, PAR-2=2400.00s
[DEBUG] Processing 1061/2279: UFLIA/simplify2/front_end_suite/javafe.ast.TypeDeclElemVec.021.smt2
[DEBUG] Predicted solver: cvc5 for benchmark UFLIA/simplify2/front_end_suite/javafe.ast.TypeDeclElemVec.021.smt2
[DEBUG] Benchmark UFLIA/simplify2/front_end_suite/javafe.ast.TypeDeclElemVec.021.smt2: solved=True, runtime=0.27s, PAR-2=0.27s
[DEBUG] Processing 1062/2279: UFLIA/boogie/Types_Types.P3_K_notnull-orderStrength_1.smt2
[DEBUG] Predicted solver: cvc5 for benchmark UFLIA/boogie/Types_Types.P3_K_notnull-orderStrength_1.smt2
[DEBUG] Benchmark UFLIA/boogie/Types_Types.P3_K_notnull-orderStrength_1.smt2: solved=False, runtime=1200.00s, PAR-2=2400.00s
[DEBUG] Processing 1063/2279: UFLIA/simplify/javafe.tc.FieldDeclVec.675.smt2
[DEBUG] Predicted solver: cvc5 for benchmark UFLIA/simplify/javafe.tc.FieldDeclVec.675.smt2
[DEBUG] Benchmark UFLIA/simplify/javafe.tc.FieldDeclVec.675.smt2: solved=True, runtime=0.89s, PAR-2=0.89s
[DEBUG] Processing 1064/2279: UFLIA/sledgehammer/TypeSafe/smtlib.930260.smt2
[DEBUG] Predicted solver: cvc5 for benchmark UFLIA/sledgehammer/TypeSafe/smtlib.930260.smt2
[DEBUG] Benchmark UFLIA/sledgehammer/TypeSafe/smtlib.930260.smt2: solved=False, runtime=1200.00s, PAR-2=2400.00s
[DEBUG] Processing 1065/2279: UFLIA/simplify/javafe.reader.MethodSignature.610.smt2
[DEBUG] Predicted solver: cvc5 for benchmark UFLIA/simplify/javafe.reader.MethodSignature.610.smt2
[DEBUG] Benchmark UFLIA/simplify/javafe.reader.MethodSignature.610.smt2: solved=True, runtime=0.27s, PAR-2=0.27s
[DEBUG] Processing 1066/2279: UFLIA/sledgehammer/TwoSquares/smtlib.678375.smt2
[DEBUG] Predicted solver: cvc5 for benchmark UFLIA/sledgehammer/TwoSquares/smtlib.678375.smt2
[DEBUG] Benchmark UFLIA/sledgehammer/TwoSquares/smtlib.678375.smt2: solved=True, runtime=246.78s, PAR-2=246.78s
[DEBUG] Processing 1067/2279: UFLIA/sledgehammer/Fundamental_Theorem_Algebra/smtlib.998770.smt2
[DEBUG] Predicted solver: cvc5 for benchmark UFLIA/sledgehammer/Fundamental_Theorem_Algebra/smtlib.998770.smt2
[DEBUG] Benchmark UFLIA/sledgehammer/Fundamental_Theorem_Algebra/smtlib.998770.smt2: solved=True, runtime=0.37s, PAR-2=0.37s
[DEBUG] Processing 1068/2279: UFLIA/sledgehammer/Fundamental_Theorem_Algebra/smtlib.1438328.smt2
[DEBUG] Predicted solver: cvc5 for benchmark UFLIA/sledgehammer/Fundamental_Theorem_Algebra/smtlib.1438328.smt2
[DEBUG] Benchmark UFLIA/sledgehammer/Fundamental_Theorem_Algebra/smtlib.1438328.smt2: solved=True, runtime=0.25s, PAR-2=0.25s
[DEBUG] Processing 1069/2279: UFLIA/RicartAgrawala/ricart-agrawala1.smt2
[DEBUG] Predicted solver: cvc5 for benchmark UFLIA/RicartAgrawala/ricart-agrawala1.smt2
[DEBUG] Benchmark UFLIA/RicartAgrawala/ricart-agrawala1.smt2: solved=True, runtime=0.28s, PAR-2=0.28s
[DEBUG] Processing 1070/2279: UFLIA/simplify/javafe.util.LocationManagerCorrelatedReader.797.smt2
[DEBUG] Predicted solver: cvc5 for benchmark UFLIA/simplify/javafe.util.LocationManagerCorrelatedReader.797.smt2
[DEBUG] Benchmark UFLIA/simplify/javafe.util.LocationManagerCorrelatedReader.797.smt2: solved=True, runtime=0.37s, PAR-2=0.37s
[DEBUG] Processing 1071/2279: UFLIA/sledgehammer/Arrow_Order/smtlib.718040.smt2
[DEBUG] Predicted solver: cvc5 for benchmark UFLIA/sledgehammer/Arrow_Order/smtlib.718040.smt2
[DEBUG] Benchmark UFLIA/sledgehammer/Arrow_Order/smtlib.718040.smt2: solved=True, runtime=120.47s, PAR-2=120.47s
[DEBUG] Processing 1072/2279: UFLIA/sledgehammer/FFT/smtlib.580868.smt2
[DEBUG] Predicted solver: iProver for benchmark UFLIA/sledgehammer/FFT/smtlib.580868.smt2
[DEBUG] Benchmark UFLIA/sledgehammer/FFT/smtlib.580868.smt2: solved=False, runtime=1200.00s, PAR-2=2400.00s
[DEBUG] Processing 1073/2279: UFLIA/sledgehammer/Fundamental_Theorem_Algebra/smtlib.1021911.smt2
[DEBUG] Predicted solver: cvc5 for benchmark UFLIA/sledgehammer/Fundamental_Theorem_Algebra/smtlib.1021911.smt2
[DEBUG] Benchmark UFLIA/sledgehammer/Fundamental_Theorem_Algebra/smtlib.1021911.smt2: solved=True, runtime=0.35s, PAR-2=0.35s
[DEBUG] Processing 1074/2279: UFLIA/sledgehammer/Fundamental_Theorem_Algebra/smtlib.876477.smt2
[DEBUG] Predicted solver: cvc5 for benchmark UFLIA/sledgehammer/Fundamental_Theorem_Algebra/smtlib.876477.smt2
[DEBUG] Benchmark UFLIA/sledgehammer/Fundamental_Theorem_Algebra/smtlib.876477.smt2: solved=False, runtime=1200.00s, PAR-2=2400.00s
[DEBUG] Processing 1075/2279: UFLIA/sledgehammer/QEpres/smtlib.1173562.smt2
[DEBUG] Predicted solver: cvc5 for benchmark UFLIA/sledgehammer/QEpres/smtlib.1173562.smt2
[DEBUG] Benchmark UFLIA/sledgehammer/QEpres/smtlib.1173562.smt2: solved=False, runtime=1200.00s, PAR-2=2400.00s
[DEBUG] Processing 1076/2279: UFLIA/simplify2/front_end_suite/javafe.ast.IdentifierVec.012.smt2
[DEBUG] Predicted solver: cvc5 for benchmark UFLIA/simplify2/front_end_suite/javafe.ast.IdentifierVec.012.smt2
[DEBUG] Benchmark UFLIA/simplify2/front_end_suite/javafe.ast.IdentifierVec.012.smt2: solved=True, runtime=1.47s, PAR-2=1.47s
[DEBUG] Processing 1077/2279: UFLIA/sledgehammer/TwoSquares/smtlib.813442.smt2
[DEBUG] Predicted solver: cvc5 for benchmark UFLIA/sledgehammer/TwoSquares/smtlib.813442.smt2
[DEBUG] Benchmark UFLIA/sledgehammer/TwoSquares/smtlib.813442.smt2: solved=False, runtime=1200.00s, PAR-2=2400.00s
[DEBUG] Processing 1078/2279: UFLIA/sledgehammer/Fundamental_Theorem_Algebra/smtlib.957104.smt2
[DEBUG] Predicted solver: SMTInterpol for benchmark UFLIA/sledgehammer/Fundamental_Theorem_Algebra/smtlib.957104.smt2
[DEBUG] Benchmark UFLIA/sledgehammer/Fundamental_Theorem_Algebra/smtlib.957104.smt2: solved=True, runtime=0.82s, PAR-2=0.82s
[DEBUG] Processing 1079/2279: UFLIA/sledgehammer/QEpres/smtlib.598535.smt2
[DEBUG] Predicted solver: iProver for benchmark UFLIA/sledgehammer/QEpres/smtlib.598535.smt2
[DEBUG] Benchmark UFLIA/sledgehammer/QEpres/smtlib.598535.smt2: solved=False, runtime=1200.00s, PAR-2=2400.00s
[DEBUG] Processing 1080/2279: UFLIA/boogie/StrictReadOnly_C2.X3.smt2
[DEBUG] Predicted solver: cvc5 for benchmark UFLIA/boogie/StrictReadOnly_C2.X3.smt2
[DEBUG] Benchmark UFLIA/boogie/StrictReadOnly_C2.X3.smt2: solved=False, runtime=1200.00s, PAR-2=2400.00s
[DEBUG] Processing 1081/2279: UFLIA/simplify/javafe.ast.TypeDecl.367.smt2
[DEBUG] Predicted solver: cvc5 for benchmark UFLIA/simplify/javafe.ast.TypeDecl.367.smt2
[DEBUG] Benchmark UFLIA/simplify/javafe.ast.TypeDecl.367.smt2: solved=True, runtime=0.32s, PAR-2=0.32s
[DEBUG] Processing 1082/2279: UFLIA/sledgehammer/QEpres/smtlib.673200.smt2
[DEBUG] Predicted solver: cvc5 for benchmark UFLIA/sledgehammer/QEpres/smtlib.673200.smt2
[DEBUG] Benchmark UFLIA/sledgehammer/QEpres/smtlib.673200.smt2: solved=False, runtime=1200.00s, PAR-2=2400.00s
[DEBUG] Processing 1083/2279: UFLIA/simplify/javafe.filespace.LookAheadEnum.472.smt2
[DEBUG] Predicted solver: cvc5 for benchmark UFLIA/simplify/javafe.filespace.LookAheadEnum.472.smt2
[DEBUG] Benchmark UFLIA/simplify/javafe.filespace.LookAheadEnum.472.smt2: solved=True, runtime=0.28s, PAR-2=0.28s
[DEBUG] Processing 1084/2279: UFLIA/sledgehammer/Fundamental_Theorem_Algebra/smtlib.603339.smt2
[DEBUG] Predicted solver: cvc5 for benchmark UFLIA/sledgehammer/Fundamental_Theorem_Algebra/smtlib.603339.smt2
[DEBUG] Benchmark UFLIA/sledgehammer/Fundamental_Theorem_Algebra/smtlib.603339.smt2: solved=False, runtime=1200.00s, PAR-2=2400.00s
[DEBUG] Processing 1085/2279: UFLIA/boogie/LocalExpose_U..ctor.smt2
[DEBUG] Predicted solver: cvc5 for benchmark UFLIA/boogie/LocalExpose_U..ctor.smt2
[DEBUG] Benchmark UFLIA/boogie/LocalExpose_U..ctor.smt2: solved=True, runtime=0.51s, PAR-2=0.51s
[DEBUG] Processing 1086/2279: UFLIA/simplify2/front_end_suite/javafe.tc.FlowInsensitiveChecks.004.smt2
[DEBUG] Predicted solver: cvc5 for benchmark UFLIA/simplify2/front_end_suite/javafe.tc.FlowInsensitiveChecks.004.smt2
[DEBUG] Benchmark UFLIA/simplify2/front_end_suite/javafe.tc.FlowInsensitiveChecks.004.smt2: solved=True, runtime=0.64s, PAR-2=0.64s
[DEBUG] Processing 1087/2279: UFLIA/sledgehammer/TypeSafe/smtlib.865325.smt2
[DEBUG] Predicted solver: cvc5 for benchmark UFLIA/sledgehammer/TypeSafe/smtlib.865325.smt2
[DEBUG] Benchmark UFLIA/sledgehammer/TypeSafe/smtlib.865325.smt2: solved=False, runtime=1200.00s, PAR-2=2400.00s
[DEBUG] Processing 1088/2279: UFLIA/sledgehammer/Fundamental_Theorem_Algebra/smtlib.1428326.smt2
[DEBUG] Predicted solver: cvc5 for benchmark UFLIA/sledgehammer/Fundamental_Theorem_Algebra/smtlib.1428326.smt2
[DEBUG] Benchmark UFLIA/sledgehammer/Fundamental_Theorem_Algebra/smtlib.1428326.smt2: solved=True, runtime=151.79s, PAR-2=151.79s
[DEBUG] Processing 1089/2279: UFLIA/simplify/javafe.ast.FormalParaDecl.160.smt2
[DEBUG] Predicted solver: cvc5 for benchmark UFLIA/simplify/javafe.ast.FormalParaDecl.160.smt2
[DEBUG] Benchmark UFLIA/simplify/javafe.ast.FormalParaDecl.160.smt2: solved=True, runtime=0.70s, PAR-2=0.70s
[DEBUG] Processing 1090/2279: UFLIA/simplify2/front_end_suite/javafe.ast.AmbiguousMethodInvocation.006.smt2
[DEBUG] Predicted solver: cvc5 for benchmark UFLIA/simplify2/front_end_suite/javafe.ast.AmbiguousMethodInvocation.006.smt2
[DEBUG] Benchmark UFLIA/simplify2/front_end_suite/javafe.ast.AmbiguousMethodInvocation.006.smt2: solved=True, runtime=0.47s, PAR-2=0.47s
[DEBUG] Processing 1091/2279: UFLIA/sledgehammer/Hoare/smtlib.763601.smt2
[DEBUG] Predicted solver: iProver for benchmark UFLIA/sledgehammer/Hoare/smtlib.763601.smt2
[DEBUG] Benchmark UFLIA/sledgehammer/Hoare/smtlib.763601.smt2: solved=False, runtime=1200.00s, PAR-2=2400.00s
[DEBUG] Processing 1092/2279: UFLIA/sledgehammer/Fundamental_Theorem_Algebra/smtlib.579454.smt2
[DEBUG] Predicted solver: cvc5 for benchmark UFLIA/sledgehammer/Fundamental_Theorem_Algebra/smtlib.579454.smt2
[DEBUG] Benchmark UFLIA/sledgehammer/Fundamental_Theorem_Algebra/smtlib.579454.smt2: solved=False, runtime=1200.00s, PAR-2=2400.00s
[DEBUG] Processing 1093/2279: UFLIA/sledgehammer/QEpres/smtlib.714218.smt2
[DEBUG] Predicted solver: cvc5 for benchmark UFLIA/sledgehammer/QEpres/smtlib.714218.smt2
[DEBUG] Benchmark UFLIA/sledgehammer/QEpres/smtlib.714218.smt2: solved=False, runtime=1200.00s, PAR-2=2400.00s
[DEBUG] Processing 1094/2279: UFLIA/sledgehammer/StrongNorm/smtlib.801698.smt2
[DEBUG] Predicted solver: iProver for benchmark UFLIA/sledgehammer/StrongNorm/smtlib.801698.smt2
[DEBUG] Benchmark UFLIA/sledgehammer/StrongNorm/smtlib.801698.smt2: solved=False, runtime=1200.00s, PAR-2=2400.00s
[DEBUG] Processing 1095/2279: UFLIA/sledgehammer/Hoare/smtlib.890691.smt2
[DEBUG] Predicted solver: iProver for benchmark UFLIA/sledgehammer/Hoare/smtlib.890691.smt2
[DEBUG] Benchmark UFLIA/sledgehammer/Hoare/smtlib.890691.smt2: solved=False, runtime=1200.00s, PAR-2=2400.00s
[DEBUG] Processing 1096/2279: UFLIA/sledgehammer/Hoare/smtlib.700407.smt2
[DEBUG] Predicted solver: iProver for benchmark UFLIA/sledgehammer/Hoare/smtlib.700407.smt2
[DEBUG] Benchmark UFLIA/sledgehammer/Hoare/smtlib.700407.smt2: solved=False, runtime=1200.00s, PAR-2=2400.00s
[DEBUG] Processing 1097/2279: UFLIA/simplify2/front_end_suite/javafe.tc.TypeSig.014.smt2
[DEBUG] Predicted solver: cvc5 for benchmark UFLIA/simplify2/front_end_suite/javafe.tc.TypeSig.014.smt2
[DEBUG] Benchmark UFLIA/simplify2/front_end_suite/javafe.tc.TypeSig.014.smt2: solved=True, runtime=0.59s, PAR-2=0.59s
[DEBUG] Processing 1098/2279: UFLIA/sledgehammer/QEpres/smtlib.657335.smt2
[DEBUG] Predicted solver: iProver for benchmark UFLIA/sledgehammer/QEpres/smtlib.657335.smt2
[DEBUG] Benchmark UFLIA/sledgehammer/QEpres/smtlib.657335.smt2: solved=False, runtime=1200.00s, PAR-2=2400.00s
[DEBUG] Processing 1099/2279: UFLIA/sledgehammer/Fundamental_Theorem_Algebra/smtlib.1401723.smt2
[DEBUG] Predicted solver: cvc5 for benchmark UFLIA/sledgehammer/Fundamental_Theorem_Algebra/smtlib.1401723.smt2
[DEBUG] Benchmark UFLIA/sledgehammer/Fundamental_Theorem_Algebra/smtlib.1401723.smt2: solved=False, runtime=1200.00s, PAR-2=2400.00s
[DEBUG] Processing 1100/2279: UFLIA/sledgehammer/StrongNorm/smtlib.745283.smt2
[DEBUG] Predicted solver: iProver for benchmark UFLIA/sledgehammer/StrongNorm/smtlib.745283.smt2
[DEBUG] Benchmark UFLIA/sledgehammer/StrongNorm/smtlib.745283.smt2: solved=False, runtime=1200.00s, PAR-2=2400.00s
[DEBUG] Processing 1101/2279: UFLIA/sledgehammer/Fundamental_Theorem_Algebra/smtlib.930957.smt2
[DEBUG] Predicted solver: cvc5 for benchmark UFLIA/sledgehammer/Fundamental_Theorem_Algebra/smtlib.930957.smt2
[DEBUG] Benchmark UFLIA/sledgehammer/Fundamental_Theorem_Algebra/smtlib.930957.smt2: solved=False, runtime=1200.00s, PAR-2=2400.00s
[DEBUG] Processing 1102/2279: UFLIA/sledgehammer/FFT/smtlib.1013561.smt2
[DEBUG] Predicted solver: iProver for benchmark UFLIA/sledgehammer/FFT/smtlib.1013561.smt2
[DEBUG] Benchmark UFLIA/sledgehammer/FFT/smtlib.1013561.smt2: solved=False, runtime=1200.00s, PAR-2=2400.00s
[DEBUG] Processing 1103/2279: UFLIA/sledgehammer/Hoare/smtlib.1019952.smt2
[DEBUG] Predicted solver: cvc5 for benchmark UFLIA/sledgehammer/Hoare/smtlib.1019952.smt2
[DEBUG] Benchmark UFLIA/sledgehammer/Hoare/smtlib.1019952.smt2: solved=False, runtime=1200.00s, PAR-2=2400.00s
[DEBUG] Processing 1104/2279: UFLIA/sledgehammer/QEpres/smtlib.830189.smt2
[DEBUG] Predicted solver: cvc5 for benchmark UFLIA/sledgehammer/QEpres/smtlib.830189.smt2
[DEBUG] Benchmark UFLIA/sledgehammer/QEpres/smtlib.830189.smt2: solved=False, runtime=1200.00s, PAR-2=2400.00s
[DEBUG] Processing 1105/2279: UFLIA/boogie/Modifies_Arraytests.Main-level_2.smt2
[DEBUG] Predicted solver: cvc5 for benchmark UFLIA/boogie/Modifies_Arraytests.Main-level_2.smt2
[DEBUG] Benchmark UFLIA/boogie/Modifies_Arraytests.Main-level_2.smt2: solved=False, runtime=1200.00s, PAR-2=2400.00s
[DEBUG] Processing 1106/2279: UFLIA/sledgehammer/Hoare/smtlib.660166.smt2
[DEBUG] Predicted solver: iProver for benchmark UFLIA/sledgehammer/Hoare/smtlib.660166.smt2
[DEBUG] Benchmark UFLIA/sledgehammer/Hoare/smtlib.660166.smt2: solved=True, runtime=39.98s, PAR-2=39.98s
[DEBUG] Processing 1107/2279: UFLIA/grasshopper/uninstantiated/merge_loop_invariant_62_3.smt2
[DEBUG] Predicted solver: cvc5 for benchmark UFLIA/grasshopper/uninstantiated/merge_loop_invariant_62_3.smt2
[DEBUG] Benchmark UFLIA/grasshopper/uninstantiated/merge_loop_invariant_62_3.smt2: solved=True, runtime=30.39s, PAR-2=30.39s
[DEBUG] Processing 1108/2279: UFLIA/simplify/javafe.ast.SynchronizeStmt.348.smt2
[DEBUG] Predicted solver: cvc5 for benchmark UFLIA/simplify/javafe.ast.SynchronizeStmt.348.smt2
[DEBUG] Benchmark UFLIA/simplify/javafe.ast.SynchronizeStmt.348.smt2: solved=True, runtime=1.45s, PAR-2=1.45s
[DEBUG] Processing 1109/2279: UFLIA/sledgehammer/Hoare/smtlib.576492.smt2
[DEBUG] Predicted solver: cvc5 for benchmark UFLIA/sledgehammer/Hoare/smtlib.576492.smt2
[DEBUG] Benchmark UFLIA/sledgehammer/Hoare/smtlib.576492.smt2: solved=True, runtime=0.29s, PAR-2=0.29s
[DEBUG] Processing 1110/2279: UFLIA/simplify/javafe.tc.MethodDeclVec.695.smt2
[DEBUG] Predicted solver: cvc5 for benchmark UFLIA/simplify/javafe.tc.MethodDeclVec.695.smt2
[DEBUG] Benchmark UFLIA/simplify/javafe.tc.MethodDeclVec.695.smt2: solved=True, runtime=9.59s, PAR-2=9.59s
[DEBUG] Processing 1111/2279: UFLIA/simplify2/front_end_suite/javafe.ast.LocalVarDecl.005.smt2
[DEBUG] Predicted solver: cvc5 for benchmark UFLIA/simplify2/front_end_suite/javafe.ast.LocalVarDecl.005.smt2
[DEBUG] Benchmark UFLIA/simplify2/front_end_suite/javafe.ast.LocalVarDecl.005.smt2: solved=True, runtime=0.54s, PAR-2=0.54s
[DEBUG] Processing 1112/2279: UFLIA/sledgehammer/Fundamental_Theorem_Algebra/smtlib.1269749.smt2
[DEBUG] Predicted solver: iProver for benchmark UFLIA/sledgehammer/Fundamental_Theorem_Algebra/smtlib.1269749.smt2
[DEBUG] Benchmark UFLIA/sledgehammer/Fundamental_Theorem_Algebra/smtlib.1269749.smt2: solved=False, runtime=1200.00s, PAR-2=2400.00s
[DEBUG] Processing 1113/2279: UFLIA/sledgehammer/TwoSquares/smtlib.783255.smt2
[DEBUG] Predicted solver: cvc5 for benchmark UFLIA/sledgehammer/TwoSquares/smtlib.783255.smt2
[DEBUG] Benchmark UFLIA/sledgehammer/TwoSquares/smtlib.783255.smt2: solved=True, runtime=120.59s, PAR-2=120.59s
[DEBUG] Processing 1114/2279: UFLIA/sledgehammer/Fundamental_Theorem_Algebra/smtlib.691578.smt2
[DEBUG] Predicted solver: cvc5 for benchmark UFLIA/sledgehammer/Fundamental_Theorem_Algebra/smtlib.691578.smt2
[DEBUG] Benchmark UFLIA/sledgehammer/Fundamental_Theorem_Algebra/smtlib.691578.smt2: solved=True, runtime=0.28s, PAR-2=0.28s
[DEBUG] Processing 1115/2279: UFLIA/sledgehammer/StrongNorm/smtlib.557691.smt2
[DEBUG] Predicted solver: cvc5 for benchmark UFLIA/sledgehammer/StrongNorm/smtlib.557691.smt2
[DEBUG] Benchmark UFLIA/sledgehammer/StrongNorm/smtlib.557691.smt2: solved=False, runtime=1200.00s, PAR-2=2400.00s
[DEBUG] Processing 1116/2279: UFLIA/sledgehammer/Hoare/smtlib.993842.smt2
[DEBUG] Predicted solver: cvc5 for benchmark UFLIA/sledgehammer/Hoare/smtlib.993842.smt2
[DEBUG] Benchmark UFLIA/sledgehammer/Hoare/smtlib.993842.smt2: solved=True, runtime=60.46s, PAR-2=60.46s
[DEBUG] Processing 1117/2279: UFLIA/boogie/PureCall_Test.FieldLikeTest.smt2
[DEBUG] Predicted solver: cvc5 for benchmark UFLIA/boogie/PureCall_Test.FieldLikeTest.smt2
[DEBUG] Benchmark UFLIA/boogie/PureCall_Test.FieldLikeTest.smt2: solved=False, runtime=1200.00s, PAR-2=2400.00s
[DEBUG] Processing 1118/2279: UFLIA/boogie/AdvancedTypes_P..ctor-orderStrength_1.smt2
[DEBUG] Predicted solver: cvc5 for benchmark UFLIA/boogie/AdvancedTypes_P..ctor-orderStrength_1.smt2
[DEBUG] Benchmark UFLIA/boogie/AdvancedTypes_P..ctor-orderStrength_1.smt2: solved=True, runtime=0.49s, PAR-2=0.49s
[DEBUG] Processing 1119/2279: UFLIA/sledgehammer/FFT/smtlib.566042.smt2
[DEBUG] Predicted solver: iProver for benchmark UFLIA/sledgehammer/FFT/smtlib.566042.smt2
[DEBUG] Benchmark UFLIA/sledgehammer/FFT/smtlib.566042.smt2: solved=True, runtime=11.40s, PAR-2=11.40s
[DEBUG] Processing 1120/2279: UFLIA/boogie/Subclass_Sub..ctor.smt2
[DEBUG] Predicted solver: cvc5 for benchmark UFLIA/boogie/Subclass_Sub..ctor.smt2
[DEBUG] Benchmark UFLIA/boogie/Subclass_Sub..ctor.smt2: solved=True, runtime=0.56s, PAR-2=0.56s
[DEBUG] Processing 1121/2279: UFLIA/sledgehammer/Arrow_Order/smtlib.727225.smt2
[DEBUG] Predicted solver: cvc5 for benchmark UFLIA/sledgehammer/Arrow_Order/smtlib.727225.smt2
[DEBUG] Benchmark UFLIA/sledgehammer/Arrow_Order/smtlib.727225.smt2: solved=True, runtime=120.44s, PAR-2=120.44s
[DEBUG] Processing 1122/2279: UFLIA/simplify/javafe.tc.ConstantExpr.641.smt2
[DEBUG] Predicted solver: cvc5 for benchmark UFLIA/simplify/javafe.tc.ConstantExpr.641.smt2
[DEBUG] Benchmark UFLIA/simplify/javafe.tc.ConstantExpr.641.smt2: solved=True, runtime=0.29s, PAR-2=0.29s
[DEBUG] Processing 1123/2279: UFLIA/boogie/Search_Search.Reverse_Mul_System.Int32.array_notnull-noinfer.smt2
[DEBUG] Predicted solver: cvc5 for benchmark UFLIA/boogie/Search_Search.Reverse_Mul_System.Int32.array_notnull-noinfer.smt2
[DEBUG] Benchmark UFLIA/boogie/Search_Search.Reverse_Mul_System.Int32.array_notnull-noinfer.smt2: solved=True, runtime=0.34s, PAR-2=0.34s
[DEBUG] Processing 1124/2279: UFLIA/sledgehammer/Fundamental_Theorem_Algebra/smtlib.786343.smt2
[DEBUG] Predicted solver: cvc5 for benchmark UFLIA/sledgehammer/Fundamental_Theorem_Algebra/smtlib.786343.smt2
[DEBUG] Benchmark UFLIA/sledgehammer/Fundamental_Theorem_Algebra/smtlib.786343.smt2: solved=False, runtime=1200.00s, PAR-2=2400.00s
[DEBUG] Processing 1125/2279: UFLIA/simplify2/front_end_suite/javafe.ast.FormalParaDeclVec.009.smt2
[DEBUG] Predicted solver: cvc5 for benchmark UFLIA/simplify2/front_end_suite/javafe.ast.FormalParaDeclVec.009.smt2
[DEBUG] Benchmark UFLIA/simplify2/front_end_suite/javafe.ast.FormalParaDeclVec.009.smt2: solved=True, runtime=0.32s, PAR-2=0.32s
[DEBUG] Processing 1126/2279: UFLIA/simplify/javafe.ast.VarInitVec.435.smt2
[DEBUG] Predicted solver: cvc5 for benchmark UFLIA/simplify/javafe.ast.VarInitVec.435.smt2
[DEBUG] Benchmark UFLIA/simplify/javafe.ast.VarInitVec.435.smt2: solved=True, runtime=0.32s, PAR-2=0.32s
[DEBUG] Processing 1127/2279: UFLIA/sledgehammer/TwoSquares/smtlib.647292.smt2
[DEBUG] Predicted solver: cvc5 for benchmark UFLIA/sledgehammer/TwoSquares/smtlib.647292.smt2
[DEBUG] Benchmark UFLIA/sledgehammer/TwoSquares/smtlib.647292.smt2: solved=True, runtime=0.31s, PAR-2=0.31s
[DEBUG] Processing 1128/2279: UFLIA/simplify2/front_end_suite/javafe.ast.VarDeclStmt.002.smt2
[DEBUG] Predicted solver: cvc5 for benchmark UFLIA/simplify2/front_end_suite/javafe.ast.VarDeclStmt.002.smt2
[DEBUG] Benchmark UFLIA/simplify2/front_end_suite/javafe.ast.VarDeclStmt.002.smt2: solved=True, runtime=3.38s, PAR-2=3.38s
[DEBUG] Processing 1129/2279: UFLIA/boogie/SiblingConstructors_SiblingConstructors..ctor_System.Int32.smt2
[DEBUG] Predicted solver: cvc5 for benchmark UFLIA/boogie/SiblingConstructors_SiblingConstructors..ctor_System.Int32.smt2
[DEBUG] Benchmark UFLIA/boogie/SiblingConstructors_SiblingConstructors..ctor_System.Int32.smt2: solved=False, runtime=1200.00s, PAR-2=2400.00s
[DEBUG] Processing 1130/2279: UFLIA/tokeneer/enclave/startadminactivity-3.smt2
[DEBUG] Predicted solver: cvc5 for benchmark UFLIA/tokeneer/enclave/startadminactivity-3.smt2
[DEBUG] Benchmark UFLIA/tokeneer/enclave/startadminactivity-3.smt2: solved=False, runtime=1200.00s, PAR-2=2400.00s
[DEBUG] Processing 1131/2279: UFLIA/boogie/Change769_Test3..ctor.smt2
[DEBUG] Predicted solver: cvc5 for benchmark UFLIA/boogie/Change769_Test3..ctor.smt2
[DEBUG] Benchmark UFLIA/boogie/Change769_Test3..ctor.smt2: solved=True, runtime=0.37s, PAR-2=0.37s
[DEBUG] Processing 1132/2279: UFLIA/sledgehammer/QEpres/smtlib.721296.smt2
[DEBUG] Predicted solver: cvc5 for benchmark UFLIA/sledgehammer/QEpres/smtlib.721296.smt2
[DEBUG] Benchmark UFLIA/sledgehammer/QEpres/smtlib.721296.smt2: solved=False, runtime=1200.00s, PAR-2=2400.00s
[DEBUG] Processing 1133/2279: UFLIA/boogie/Immutable_test3.E.Mfalse.smt2
[DEBUG] Predicted solver: cvc5 for benchmark UFLIA/boogie/Immutable_test3.E.Mfalse.smt2
[DEBUG] Benchmark UFLIA/boogie/Immutable_test3.E.Mfalse.smt2: solved=False, runtime=1200.00s, PAR-2=2400.00s
[DEBUG] Processing 1134/2279: UFLIA/sledgehammer/Fundamental_Theorem_Algebra/smtlib.1412211.smt2
[DEBUG] Predicted solver: cvc5 for benchmark UFLIA/sledgehammer/Fundamental_Theorem_Algebra/smtlib.1412211.smt2
[DEBUG] Benchmark UFLIA/sledgehammer/Fundamental_Theorem_Algebra/smtlib.1412211.smt2: solved=False, runtime=1200.00s, PAR-2=2400.00s
[DEBUG] Processing 1135/2279: UFLIA/sledgehammer/TwoSquares/smtlib.832972.smt2
[DEBUG] Predicted solver: SMTInterpol for benchmark UFLIA/sledgehammer/TwoSquares/smtlib.832972.smt2
[DEBUG] Benchmark UFLIA/sledgehammer/TwoSquares/smtlib.832972.smt2: solved=True, runtime=1.12s, PAR-2=1.12s
[DEBUG] Processing 1136/2279: UFLIA/sledgehammer/Hoare/smtlib.1208139.smt2
[DEBUG] Predicted solver: cvc5 for benchmark UFLIA/sledgehammer/Hoare/smtlib.1208139.smt2
[DEBUG] Benchmark UFLIA/sledgehammer/Hoare/smtlib.1208139.smt2: solved=False, runtime=1200.00s, PAR-2=2400.00s
[DEBUG] Processing 1137/2279: UFLIA/simplify/javafe.filespace.Resolve_Result.494.smt2
[DEBUG] Predicted solver: cvc5 for benchmark UFLIA/simplify/javafe.filespace.Resolve_Result.494.smt2
[DEBUG] Benchmark UFLIA/simplify/javafe.filespace.Resolve_Result.494.smt2: solved=True, runtime=0.25s, PAR-2=0.25s
[DEBUG] Processing 1138/2279: UFLIA/sledgehammer/TwoSquares/smtlib.691752.smt2
[DEBUG] Predicted solver: cvc5 for benchmark UFLIA/sledgehammer/TwoSquares/smtlib.691752.smt2
[DEBUG] Benchmark UFLIA/sledgehammer/TwoSquares/smtlib.691752.smt2: solved=False, runtime=1200.00s, PAR-2=2400.00s
[DEBUG] Processing 1139/2279: UFLIA/sledgehammer/Fundamental_Theorem_Algebra/smtlib.583730.smt2
[DEBUG] Predicted solver: cvc5 for benchmark UFLIA/sledgehammer/Fundamental_Theorem_Algebra/smtlib.583730.smt2
[DEBUG] Benchmark UFLIA/sledgehammer/Fundamental_Theorem_Algebra/smtlib.583730.smt2: solved=False, runtime=1200.00s, PAR-2=2400.00s
[DEBUG] Processing 1140/2279: UFLIA/tokeneer/display/combinelines-20.smt2
[DEBUG] Predicted solver: cvc5 for benchmark UFLIA/tokeneer/display/combinelines-20.smt2
[DEBUG] Benchmark UFLIA/tokeneer/display/combinelines-20.smt2: solved=True, runtime=0.23s, PAR-2=0.23s
[DEBUG] Processing 1141/2279: UFLIA/sledgehammer/Fundamental_Theorem_Algebra/smtlib.924031.smt2
[DEBUG] Predicted solver: cvc5 for benchmark UFLIA/sledgehammer/Fundamental_Theorem_Algebra/smtlib.924031.smt2
[DEBUG] Benchmark UFLIA/sledgehammer/Fundamental_Theorem_Algebra/smtlib.924031.smt2: solved=True, runtime=30.29s, PAR-2=30.29s
[DEBUG] Processing 1142/2279: UFLIA/tokeneer/door/poll-10.smt2
[DEBUG] Predicted solver: SMTInterpol for benchmark UFLIA/tokeneer/door/poll-10.smt2
[DEBUG] Benchmark UFLIA/tokeneer/door/poll-10.smt2: solved=True, runtime=1.80s, PAR-2=1.80s
[DEBUG] Processing 1143/2279: UFLIA/sledgehammer/Arrow_Order/smtlib.789098.smt2
[DEBUG] Predicted solver: cvc5 for benchmark UFLIA/sledgehammer/Arrow_Order/smtlib.789098.smt2
[DEBUG] Benchmark UFLIA/sledgehammer/Arrow_Order/smtlib.789098.smt2: solved=True, runtime=3.63s, PAR-2=3.63s
[DEBUG] Processing 1144/2279: UFLIA/sledgehammer/FFT/smtlib.736770.smt2
[DEBUG] Predicted solver: cvc5 for benchmark UFLIA/sledgehammer/FFT/smtlib.736770.smt2
[DEBUG] Benchmark UFLIA/sledgehammer/FFT/smtlib.736770.smt2: solved=False, runtime=1200.00s, PAR-2=2400.00s
[DEBUG] Processing 1145/2279: UFLIA/simplify2/front_end_suite/javafe.util.FileCorrelatedReader.005.smt2
[DEBUG] Predicted solver: cvc5 for benchmark UFLIA/simplify2/front_end_suite/javafe.util.FileCorrelatedReader.005.smt2
[DEBUG] Benchmark UFLIA/simplify2/front_end_suite/javafe.util.FileCorrelatedReader.005.smt2: solved=True, runtime=0.33s, PAR-2=0.33s
[DEBUG] Processing 1146/2279: UFLIA/sledgehammer/Hoare/smtlib.1106692.smt2
[DEBUG] Predicted solver: iProver for benchmark UFLIA/sledgehammer/Hoare/smtlib.1106692.smt2
[DEBUG] Benchmark UFLIA/sledgehammer/Hoare/smtlib.1106692.smt2: solved=False, runtime=1200.00s, PAR-2=2400.00s
[DEBUG] Processing 1147/2279: UFLIA/boogie/Arrays_P2-noinfer.smt2
[DEBUG] Predicted solver: SMTInterpol for benchmark UFLIA/boogie/Arrays_P2-noinfer.smt2
[DEBUG] Benchmark UFLIA/boogie/Arrays_P2-noinfer.smt2: solved=False, runtime=1200.00s, PAR-2=2400.00s
[DEBUG] Processing 1148/2279: UFLIA/sledgehammer/QEpres/smtlib.602493.smt2
[DEBUG] Predicted solver: iProver for benchmark UFLIA/sledgehammer/QEpres/smtlib.602493.smt2
[DEBUG] Benchmark UFLIA/sledgehammer/QEpres/smtlib.602493.smt2: solved=True, runtime=29.45s, PAR-2=29.45s
[DEBUG] Processing 1149/2279: UFLIA/sledgehammer/Fundamental_Theorem_Algebra/smtlib.1256581.smt2
[DEBUG] Predicted solver: cvc5 for benchmark UFLIA/sledgehammer/Fundamental_Theorem_Algebra/smtlib.1256581.smt2
[DEBUG] Benchmark UFLIA/sledgehammer/Fundamental_Theorem_Algebra/smtlib.1256581.smt2: solved=False, runtime=1200.00s, PAR-2=2400.00s
[DEBUG] Processing 1150/2279: UFLIA/simplify2/front_end_suite/javafe.tc.Types.060.smt2
[DEBUG] Predicted solver: cvc5 for benchmark UFLIA/simplify2/front_end_suite/javafe.tc.Types.060.smt2
[DEBUG] Benchmark UFLIA/simplify2/front_end_suite/javafe.tc.Types.060.smt2: solved=True, runtime=0.56s, PAR-2=0.56s
[DEBUG] Processing 1151/2279: UFLIA/sledgehammer/TwoSquares/smtlib.890929.smt2
[DEBUG] Predicted solver: SMTInterpol for benchmark UFLIA/sledgehammer/TwoSquares/smtlib.890929.smt2
[DEBUG] Benchmark UFLIA/sledgehammer/TwoSquares/smtlib.890929.smt2: solved=True, runtime=0.58s, PAR-2=0.58s
[DEBUG] Processing 1152/2279: UFLIA/sledgehammer/QEpres/smtlib.1140641.smt2
[DEBUG] Predicted solver: cvc5 for benchmark UFLIA/sledgehammer/QEpres/smtlib.1140641.smt2
[DEBUG] Benchmark UFLIA/sledgehammer/QEpres/smtlib.1140641.smt2: solved=False, runtime=1200.00s, PAR-2=2400.00s
[DEBUG] Processing 1153/2279: UFLIA/tokeneer/tokenreader/poll/processreaderstatechange-5.smt2
[DEBUG] Predicted solver: cvc5 for benchmark UFLIA/tokeneer/tokenreader/poll/processreaderstatechange-5.smt2
[DEBUG] Benchmark UFLIA/tokeneer/tokenreader/poll/processreaderstatechange-5.smt2: solved=True, runtime=0.23s, PAR-2=0.23s
[DEBUG] Processing 1154/2279: UFLIA/sledgehammer/Fundamental_Theorem_Algebra/smtlib.994893.smt2
[DEBUG] Predicted solver: iProver for benchmark UFLIA/sledgehammer/Fundamental_Theorem_Algebra/smtlib.994893.smt2
[DEBUG] Benchmark UFLIA/sledgehammer/Fundamental_Theorem_Algebra/smtlib.994893.smt2: solved=False, runtime=1200.00s, PAR-2=2400.00s
[DEBUG] Processing 1155/2279: UFLIA/tokeneer/admintoken/init-3.smt2
[DEBUG] Predicted solver: cvc5 for benchmark UFLIA/tokeneer/admintoken/init-3.smt2
[DEBUG] Benchmark UFLIA/tokeneer/admintoken/init-3.smt2: solved=False, runtime=1200.00s, PAR-2=2400.00s
[DEBUG] Processing 1156/2279: UFLIA/sledgehammer/TypeSafe/smtlib.702893.smt2
[DEBUG] Predicted solver: cvc5 for benchmark UFLIA/sledgehammer/TypeSafe/smtlib.702893.smt2
[DEBUG] Benchmark UFLIA/sledgehammer/TypeSafe/smtlib.702893.smt2: solved=False, runtime=1200.00s, PAR-2=2400.00s
[DEBUG] Processing 1157/2279: UFLIA/simplify2/front_end_suite/javafe.tc.Types.037.smt2
[DEBUG] Predicted solver: cvc5 for benchmark UFLIA/simplify2/front_end_suite/javafe.tc.Types.037.smt2
[DEBUG] Benchmark UFLIA/simplify2/front_end_suite/javafe.tc.Types.037.smt2: solved=True, runtime=0.62s, PAR-2=0.62s
[DEBUG] Processing 1158/2279: UFLIA/sledgehammer/Fundamental_Theorem_Algebra/smtlib.1239157.smt2
[DEBUG] Predicted solver: cvc5 for benchmark UFLIA/sledgehammer/Fundamental_Theorem_Algebra/smtlib.1239157.smt2
[DEBUG] Benchmark UFLIA/sledgehammer/Fundamental_Theorem_Algebra/smtlib.1239157.smt2: solved=True, runtime=0.36s, PAR-2=0.36s
[DEBUG] Processing 1159/2279: UFLIA/simplify2/front_end_suite/javafe.ast.IdentifierVec.001.smt2
[DEBUG] Predicted solver: cvc5 for benchmark UFLIA/simplify2/front_end_suite/javafe.ast.IdentifierVec.001.smt2
[DEBUG] Benchmark UFLIA/simplify2/front_end_suite/javafe.ast.IdentifierVec.001.smt2: solved=True, runtime=2.12s, PAR-2=2.12s
[DEBUG] Processing 1160/2279: UFLIA/sledgehammer/TypeSafe/smtlib.753165.smt2
[DEBUG] Predicted solver: cvc5 for benchmark UFLIA/sledgehammer/TypeSafe/smtlib.753165.smt2
[DEBUG] Benchmark UFLIA/sledgehammer/TypeSafe/smtlib.753165.smt2: solved=False, runtime=1200.00s, PAR-2=2400.00s
[DEBUG] Processing 1161/2279: UFLIA/simplify2/front_end_suite/javafe.parser.Lex.020.smt2
[DEBUG] Predicted solver: cvc5 for benchmark UFLIA/simplify2/front_end_suite/javafe.parser.Lex.020.smt2
[DEBUG] Benchmark UFLIA/simplify2/front_end_suite/javafe.parser.Lex.020.smt2: solved=True, runtime=2.62s, PAR-2=2.62s
[DEBUG] Processing 1162/2279: UFLIA/boogie/PeerFields_PeerFields.Ouch.smt2
[DEBUG] Predicted solver: cvc5 for benchmark UFLIA/boogie/PeerFields_PeerFields.Ouch.smt2
[DEBUG] Benchmark UFLIA/boogie/PeerFields_PeerFields.Ouch.smt2: solved=False, runtime=1200.00s, PAR-2=2400.00s
[DEBUG] Processing 1163/2279: UFLIA/sledgehammer/TwoSquares/smtlib.780731.smt2
[DEBUG] Predicted solver: cvc5 for benchmark UFLIA/sledgehammer/TwoSquares/smtlib.780731.smt2
[DEBUG] Benchmark UFLIA/sledgehammer/TwoSquares/smtlib.780731.smt2: solved=True, runtime=240.98s, PAR-2=240.98s
[DEBUG] Processing 1164/2279: UFLIA/sledgehammer/Fundamental_Theorem_Algebra/smtlib.1475560.smt2
[DEBUG] Predicted solver: cvc5 for benchmark UFLIA/sledgehammer/Fundamental_Theorem_Algebra/smtlib.1475560.smt2
[DEBUG] Benchmark UFLIA/sledgehammer/Fundamental_Theorem_Algebra/smtlib.1475560.smt2: solved=True, runtime=0.63s, PAR-2=0.63s
[DEBUG] Processing 1165/2279: UFLIA/simplify2/front_end_suite/javafe.ast.ParenExpr.011.smt2
[DEBUG] Predicted solver: cvc5 for benchmark UFLIA/simplify2/front_end_suite/javafe.ast.ParenExpr.011.smt2
[DEBUG] Benchmark UFLIA/simplify2/front_end_suite/javafe.ast.ParenExpr.011.smt2: solved=True, runtime=0.66s, PAR-2=0.66s
[DEBUG] Processing 1166/2279: UFLIA/sledgehammer/Hoare/smtlib.1195414.smt2
[DEBUG] Predicted solver: cvc5 for benchmark UFLIA/sledgehammer/Hoare/smtlib.1195414.smt2
[DEBUG] Benchmark UFLIA/sledgehammer/Hoare/smtlib.1195414.smt2: solved=False, runtime=1200.00s, PAR-2=2400.00s
[DEBUG] Processing 1167/2279: UFLIA/sledgehammer/Hoare/smtlib.577630.smt2
[DEBUG] Predicted solver: SMTInterpol for benchmark UFLIA/sledgehammer/Hoare/smtlib.577630.smt2
[DEBUG] Benchmark UFLIA/sledgehammer/Hoare/smtlib.577630.smt2: solved=True, runtime=6.57s, PAR-2=6.57s
[DEBUG] Processing 1168/2279: UFLIA/sledgehammer/NS_Shared/smtlib.882817.smt2
[DEBUG] Predicted solver: cvc5 for benchmark UFLIA/sledgehammer/NS_Shared/smtlib.882817.smt2
[DEBUG] Benchmark UFLIA/sledgehammer/NS_Shared/smtlib.882817.smt2: solved=False, runtime=1200.00s, PAR-2=2400.00s
[DEBUG] Processing 1169/2279: UFLIA/sledgehammer/TwoSquares/smtlib.734258.smt2
[DEBUG] Predicted solver: iProver for benchmark UFLIA/sledgehammer/TwoSquares/smtlib.734258.smt2
[DEBUG] Benchmark UFLIA/sledgehammer/TwoSquares/smtlib.734258.smt2: solved=False, runtime=1200.00s, PAR-2=2400.00s
[DEBUG] Processing 1170/2279: UFLIA/sledgehammer/Fundamental_Theorem_Algebra/smtlib.576520.smt2
[DEBUG] Predicted solver: cvc5 for benchmark UFLIA/sledgehammer/Fundamental_Theorem_Algebra/smtlib.576520.smt2
[DEBUG] Benchmark UFLIA/sledgehammer/Fundamental_Theorem_Algebra/smtlib.576520.smt2: solved=False, runtime=1200.00s, PAR-2=2400.00s
[DEBUG] Processing 1171/2279: UFLIA/sledgehammer/QEpres/smtlib.683704.smt2
[DEBUG] Predicted solver: cvc5 for benchmark UFLIA/sledgehammer/QEpres/smtlib.683704.smt2
[DEBUG] Benchmark UFLIA/sledgehammer/QEpres/smtlib.683704.smt2: solved=False, runtime=1200.00s, PAR-2=2400.00s
[DEBUG] Processing 1172/2279: UFLIA/simplify/javafe.ast.LexicalPragmaVec.215.smt2
[DEBUG] Predicted solver: cvc5 for benchmark UFLIA/simplify/javafe.ast.LexicalPragmaVec.215.smt2
[DEBUG] Benchmark UFLIA/simplify/javafe.ast.LexicalPragmaVec.215.smt2: solved=True, runtime=0.27s, PAR-2=0.27s
[DEBUG] Processing 1173/2279: UFLIA/boogie/ValidAndPrevalid_Interval.Foo9.smt2
[DEBUG] Predicted solver: cvc5 for benchmark UFLIA/boogie/ValidAndPrevalid_Interval.Foo9.smt2
[DEBUG] Benchmark UFLIA/boogie/ValidAndPrevalid_Interval.Foo9.smt2: solved=False, runtime=1200.00s, PAR-2=2400.00s
[DEBUG] Processing 1174/2279: UFLIA/sledgehammer/QEpres/smtlib.1159531.smt2
[DEBUG] Predicted solver: cvc5 for benchmark UFLIA/sledgehammer/QEpres/smtlib.1159531.smt2
[DEBUG] Benchmark UFLIA/sledgehammer/QEpres/smtlib.1159531.smt2: solved=False, runtime=1200.00s, PAR-2=2400.00s
[DEBUG] Processing 1175/2279: UFLIA/sledgehammer/Arrow_Order/smtlib.803931.smt2
[DEBUG] Predicted solver: iProver for benchmark UFLIA/sledgehammer/Arrow_Order/smtlib.803931.smt2
[DEBUG] Benchmark UFLIA/sledgehammer/Arrow_Order/smtlib.803931.smt2: solved=False, runtime=1200.00s, PAR-2=2400.00s
[DEBUG] Processing 1176/2279: UFLIA/sledgehammer/FFT/smtlib.1019321.smt2
[DEBUG] Predicted solver: cvc5 for benchmark UFLIA/sledgehammer/FFT/smtlib.1019321.smt2
[DEBUG] Benchmark UFLIA/sledgehammer/FFT/smtlib.1019321.smt2: solved=True, runtime=2.22s, PAR-2=2.22s
[DEBUG] Processing 1177/2279: UFLIA/boogie/EnsuresFalse_C.foo.smt2
[DEBUG] Predicted solver: cvc5 for benchmark UFLIA/boogie/EnsuresFalse_C.foo.smt2
[DEBUG] Benchmark UFLIA/boogie/EnsuresFalse_C.foo.smt2: solved=False, runtime=1200.00s, PAR-2=2400.00s
[DEBUG] Processing 1178/2279: UFLIA/boogie/ConstructorVisibility_BinaryExpr..ctor_System.Int32_Expr_notnull_Expr_notnull.smt2
[DEBUG] Predicted solver: cvc5 for benchmark UFLIA/boogie/ConstructorVisibility_BinaryExpr..ctor_System.Int32_Expr_notnull_Expr_notnull.smt2
[DEBUG] Benchmark UFLIA/boogie/ConstructorVisibility_BinaryExpr..ctor_System.Int32_Expr_notnull_Expr_notnull.smt2: solved=True, runtime=4.52s, PAR-2=4.52s
[DEBUG] Processing 1179/2279: UFLIA/sledgehammer/Arrow_Order/smtlib.794893.smt2
[DEBUG] Predicted solver: cvc5 for benchmark UFLIA/sledgehammer/Arrow_Order/smtlib.794893.smt2
[DEBUG] Benchmark UFLIA/sledgehammer/Arrow_Order/smtlib.794893.smt2: solved=True, runtime=500.64s, PAR-2=500.64s
[DEBUG] Processing 1180/2279: UFLIA/simplify2/front_end_suite/javafe.filespace.Resolve.009.smt2
[DEBUG] Predicted solver: cvc5 for benchmark UFLIA/simplify2/front_end_suite/javafe.filespace.Resolve.009.smt2
[DEBUG] Benchmark UFLIA/simplify2/front_end_suite/javafe.filespace.Resolve.009.smt2: solved=True, runtime=0.34s, PAR-2=0.34s
[DEBUG] Processing 1181/2279: UFLIA/boogie/Change769_Test7..ctor.smt2
[DEBUG] Predicted solver: cvc5 for benchmark UFLIA/boogie/Change769_Test7..ctor.smt2
[DEBUG] Benchmark UFLIA/boogie/Change769_Test7..ctor.smt2: solved=True, runtime=0.38s, PAR-2=0.38s
[DEBUG] Processing 1182/2279: UFLIA/sledgehammer/FFT/smtlib.572506.smt2
[DEBUG] Predicted solver: cvc5 for benchmark UFLIA/sledgehammer/FFT/smtlib.572506.smt2
[DEBUG] Benchmark UFLIA/sledgehammer/FFT/smtlib.572506.smt2: solved=True, runtime=0.32s, PAR-2=0.32s
[DEBUG] Processing 1183/2279: UFLIA/tokeneer/enclave/init-6.smt2
[DEBUG] Predicted solver: SMTInterpol for benchmark UFLIA/tokeneer/enclave/init-6.smt2
[DEBUG] Benchmark UFLIA/tokeneer/enclave/init-6.smt2: solved=False, runtime=1200.00s, PAR-2=2400.00s
[DEBUG] Processing 1184/2279: UFLIA/sledgehammer/NS_Shared/smtlib.599477.smt2
[DEBUG] Predicted solver: iProver for benchmark UFLIA/sledgehammer/NS_Shared/smtlib.599477.smt2
[DEBUG] Benchmark UFLIA/sledgehammer/NS_Shared/smtlib.599477.smt2: solved=False, runtime=1200.00s, PAR-2=2400.00s
[DEBUG] Processing 1185/2279: UFLIA/sledgehammer/StrongNorm/smtlib.606754.smt2
[DEBUG] Predicted solver: cvc5 for benchmark UFLIA/sledgehammer/StrongNorm/smtlib.606754.smt2
[DEBUG] Benchmark UFLIA/sledgehammer/StrongNorm/smtlib.606754.smt2: solved=False, runtime=1200.00s, PAR-2=2400.00s
[DEBUG] Processing 1186/2279: UFLIA/sledgehammer/Fundamental_Theorem_Algebra/smtlib.1216844.smt2
[DEBUG] Predicted solver: iProver for benchmark UFLIA/sledgehammer/Fundamental_Theorem_Algebra/smtlib.1216844.smt2
[DEBUG] Benchmark UFLIA/sledgehammer/Fundamental_Theorem_Algebra/smtlib.1216844.smt2: solved=True, runtime=3.88s, PAR-2=3.88s
[DEBUG] Processing 1187/2279: UFLIA/sledgehammer/QEpres/smtlib.1132042.smt2
[DEBUG] Predicted solver: cvc5 for benchmark UFLIA/sledgehammer/QEpres/smtlib.1132042.smt2
[DEBUG] Benchmark UFLIA/sledgehammer/QEpres/smtlib.1132042.smt2: solved=False, runtime=1200.00s, PAR-2=2400.00s
[DEBUG] Processing 1188/2279: UFLIA/boogie/ResultNotNewlyAllocated_C..ctor.smt2
[DEBUG] Predicted solver: cvc5 for benchmark UFLIA/boogie/ResultNotNewlyAllocated_C..ctor.smt2
[DEBUG] Benchmark UFLIA/boogie/ResultNotNewlyAllocated_C..ctor.smt2: solved=True, runtime=0.30s, PAR-2=0.30s
[DEBUG] Processing 1189/2279: UFLIA/simplify2/front_end_suite/javafe.ast.StandardPrettyPrint.014.smt2
[DEBUG] Predicted solver: cvc5 for benchmark UFLIA/simplify2/front_end_suite/javafe.ast.StandardPrettyPrint.014.smt2
[DEBUG] Benchmark UFLIA/simplify2/front_end_suite/javafe.ast.StandardPrettyPrint.014.smt2: solved=True, runtime=6.67s, PAR-2=6.67s
[DEBUG] Processing 1190/2279: UFLIA/sledgehammer/Hoare/smtlib.754414.smt2
[DEBUG] Predicted solver: cvc5 for benchmark UFLIA/sledgehammer/Hoare/smtlib.754414.smt2
[DEBUG] Benchmark UFLIA/sledgehammer/Hoare/smtlib.754414.smt2: solved=False, runtime=1200.00s, PAR-2=2400.00s
[DEBUG] Processing 1191/2279: UFLIA/sledgehammer/FFT/smtlib.905302.smt2
[DEBUG] Predicted solver: iProver for benchmark UFLIA/sledgehammer/FFT/smtlib.905302.smt2
[DEBUG] Benchmark UFLIA/sledgehammer/FFT/smtlib.905302.smt2: solved=False, runtime=1200.00s, PAR-2=2400.00s
[DEBUG] Processing 1192/2279: UFLIA/sledgehammer/TypeSafe/smtlib.621463.smt2
[DEBUG] Predicted solver: iProver for benchmark UFLIA/sledgehammer/TypeSafe/smtlib.621463.smt2
[DEBUG] Benchmark UFLIA/sledgehammer/TypeSafe/smtlib.621463.smt2: solved=False, runtime=1200.00s, PAR-2=2400.00s
[DEBUG] Processing 1193/2279: UFLIA/sledgehammer/Arrow_Order/smtlib.666358.smt2
[DEBUG] Predicted solver: cvc5 for benchmark UFLIA/sledgehammer/Arrow_Order/smtlib.666358.smt2
[DEBUG] Benchmark UFLIA/sledgehammer/Arrow_Order/smtlib.666358.smt2: solved=True, runtime=0.45s, PAR-2=0.45s
[DEBUG] Processing 1194/2279: UFLIA/simplify/javafe.parser.ParseType.561.smt2
[DEBUG] Predicted solver: cvc5 for benchmark UFLIA/simplify/javafe.parser.ParseType.561.smt2
[DEBUG] Benchmark UFLIA/simplify/javafe.parser.ParseType.561.smt2: solved=True, runtime=0.77s, PAR-2=0.77s
[DEBUG] Processing 1195/2279: UFLIA/boogie/PureReceiverMightBeCommitted_C..ctor.smt2
[DEBUG] Predicted solver: cvc5 for benchmark UFLIA/boogie/PureReceiverMightBeCommitted_C..ctor.smt2
[DEBUG] Benchmark UFLIA/boogie/PureReceiverMightBeCommitted_C..ctor.smt2: solved=True, runtime=0.85s, PAR-2=0.85s
[DEBUG] Processing 1196/2279: UFLIA/simplify2/front_end_suite/javafe.parser.ParseStmt.003.smt2
[DEBUG] Predicted solver: cvc5 for benchmark UFLIA/simplify2/front_end_suite/javafe.parser.ParseStmt.003.smt2
[DEBUG] Benchmark UFLIA/simplify2/front_end_suite/javafe.parser.ParseStmt.003.smt2: solved=True, runtime=215.41s, PAR-2=215.41s
[DEBUG] Processing 1197/2279: UFLIA/sledgehammer/Hoare/smtlib.791136.smt2
[DEBUG] Predicted solver: SMTInterpol for benchmark UFLIA/sledgehammer/Hoare/smtlib.791136.smt2
[DEBUG] Benchmark UFLIA/sledgehammer/Hoare/smtlib.791136.smt2: solved=False, runtime=1200.00s, PAR-2=2400.00s
[DEBUG] Processing 1198/2279: UFLIA/sledgehammer/Arrow_Order/smtlib.817743.smt2
[DEBUG] Predicted solver: cvc5 for benchmark UFLIA/sledgehammer/Arrow_Order/smtlib.817743.smt2
[DEBUG] Benchmark UFLIA/sledgehammer/Arrow_Order/smtlib.817743.smt2: solved=True, runtime=0.62s, PAR-2=0.62s
[DEBUG] Processing 1199/2279: UFLIA/tokeneer/enrolment/validate-9.smt2
[DEBUG] Predicted solver: SMTInterpol for benchmark UFLIA/tokeneer/enrolment/validate-9.smt2
[DEBUG] Benchmark UFLIA/tokeneer/enrolment/validate-9.smt2: solved=True, runtime=1.27s, PAR-2=1.27s
[DEBUG] Processing 1200/2279: UFLIA/sledgehammer/Hoare/smtlib.1046464.smt2
[DEBUG] Predicted solver: SMTInterpol for benchmark UFLIA/sledgehammer/Hoare/smtlib.1046464.smt2
[DEBUG] Benchmark UFLIA/sledgehammer/Hoare/smtlib.1046464.smt2: solved=True, runtime=0.49s, PAR-2=0.49s
[DEBUG] Processing 1201/2279: UFLIA/simplify2/front_end_suite/javafe.ast.ArrayType.003.smt2
[DEBUG] Predicted solver: cvc5 for benchmark UFLIA/simplify2/front_end_suite/javafe.ast.ArrayType.003.smt2
[DEBUG] Benchmark UFLIA/simplify2/front_end_suite/javafe.ast.ArrayType.003.smt2: solved=True, runtime=0.72s, PAR-2=0.72s
[DEBUG] Processing 1202/2279: UFLIA/tokeneer/tokenreader/poll/checkcardstate-5.smt2
[DEBUG] Predicted solver: iProver for benchmark UFLIA/tokeneer/tokenreader/poll/checkcardstate-5.smt2
[DEBUG] Benchmark UFLIA/tokeneer/tokenreader/poll/checkcardstate-5.smt2: solved=True, runtime=0.85s, PAR-2=0.85s
[DEBUG] Processing 1203/2279: UFLIA/sledgehammer/QEpres/smtlib.722998.smt2
[DEBUG] Predicted solver: iProver for benchmark UFLIA/sledgehammer/QEpres/smtlib.722998.smt2
[DEBUG] Benchmark UFLIA/sledgehammer/QEpres/smtlib.722998.smt2: solved=False, runtime=1200.00s, PAR-2=2400.00s
[DEBUG] Processing 1204/2279: UFLIA/simplify2/front_end_suite/javafe.ast.TypeDeclVec.015.smt2
[DEBUG] Predicted solver: cvc5 for benchmark UFLIA/simplify2/front_end_suite/javafe.ast.TypeDeclVec.015.smt2
[DEBUG] Benchmark UFLIA/simplify2/front_end_suite/javafe.ast.TypeDeclVec.015.smt2: solved=True, runtime=1.18s, PAR-2=1.18s
[DEBUG] Processing 1205/2279: UFLIA/simplify2/front_end_suite/javafe.tc.ConstantExpr.011.smt2
[DEBUG] Predicted solver: cvc5 for benchmark UFLIA/simplify2/front_end_suite/javafe.tc.ConstantExpr.011.smt2
[DEBUG] Benchmark UFLIA/simplify2/front_end_suite/javafe.tc.ConstantExpr.011.smt2: solved=True, runtime=0.51s, PAR-2=0.51s
[DEBUG] Processing 1206/2279: UFLIA/simplify/tohtml.Java2Html.833.smt2
[DEBUG] Predicted solver: cvc5 for benchmark UFLIA/simplify/tohtml.Java2Html.833.smt2
[DEBUG] Benchmark UFLIA/simplify/tohtml.Java2Html.833.smt2: solved=True, runtime=0.44s, PAR-2=0.44s
[DEBUG] Processing 1207/2279: UFLIA/sledgehammer/Fundamental_Theorem_Algebra/smtlib.1069734.smt2
[DEBUG] Predicted solver: iProver for benchmark UFLIA/sledgehammer/Fundamental_Theorem_Algebra/smtlib.1069734.smt2
[DEBUG] Benchmark UFLIA/sledgehammer/Fundamental_Theorem_Algebra/smtlib.1069734.smt2: solved=False, runtime=1200.00s, PAR-2=2400.00s
[DEBUG] Processing 1208/2279: UFLIA/boogie/List_Node.M.smt2
[DEBUG] Predicted solver: cvc5 for benchmark UFLIA/boogie/List_Node.M.smt2
[DEBUG] Benchmark UFLIA/boogie/List_Node.M.smt2: solved=True, runtime=0.35s, PAR-2=0.35s
[DEBUG] Processing 1209/2279: UFLIA/sledgehammer/Fundamental_Theorem_Algebra/smtlib.1339466.smt2
[DEBUG] Predicted solver: iProver for benchmark UFLIA/sledgehammer/Fundamental_Theorem_Algebra/smtlib.1339466.smt2
[DEBUG] Benchmark UFLIA/sledgehammer/Fundamental_Theorem_Algebra/smtlib.1339466.smt2: solved=False, runtime=1200.00s, PAR-2=2400.00s
[DEBUG] Processing 1210/2279: UFLIA/boogie/QuantifierVisibilityInvariant_B.SpecSharp.CheckInvariant_System.Boolean.smt2
[DEBUG] Predicted solver: cvc5 for benchmark UFLIA/boogie/QuantifierVisibilityInvariant_B.SpecSharp.CheckInvariant_System.Boolean.smt2
[DEBUG] Benchmark UFLIA/boogie/QuantifierVisibilityInvariant_B.SpecSharp.CheckInvariant_System.Boolean.smt2: solved=True, runtime=0.31s, PAR-2=0.31s
[DEBUG] Processing 1211/2279: UFLIA/simplify2/front_end_suite/javafe.ast.NewInstanceExpr.001.smt2
[DEBUG] Predicted solver: cvc5 for benchmark UFLIA/simplify2/front_end_suite/javafe.ast.NewInstanceExpr.001.smt2
[DEBUG] Benchmark UFLIA/simplify2/front_end_suite/javafe.ast.NewInstanceExpr.001.smt2: solved=True, runtime=4.76s, PAR-2=4.76s
[DEBUG] Processing 1212/2279: UFLIA/simplify2/front_end_suite/javafe.ast.InstanceOfExpr.002.smt2
[DEBUG] Predicted solver: cvc5 for benchmark UFLIA/simplify2/front_end_suite/javafe.ast.InstanceOfExpr.002.smt2
[DEBUG] Benchmark UFLIA/simplify2/front_end_suite/javafe.ast.InstanceOfExpr.002.smt2: solved=True, runtime=0.45s, PAR-2=0.45s
[DEBUG] Processing 1213/2279: UFLIA/boogie/loopinv3_Foreach..ctor-infer_eh.smt2
[DEBUG] Predicted solver: cvc5 for benchmark UFLIA/boogie/loopinv3_Foreach..ctor-infer_eh.smt2
[DEBUG] Benchmark UFLIA/boogie/loopinv3_Foreach..ctor-infer_eh.smt2: solved=True, runtime=0.34s, PAR-2=0.34s
[DEBUG] Processing 1214/2279: UFLIA/simplify/javafe.ast.TypeDeclVec.394.smt2
[DEBUG] Predicted solver: cvc5 for benchmark UFLIA/simplify/javafe.ast.TypeDeclVec.394.smt2
[DEBUG] Benchmark UFLIA/simplify/javafe.ast.TypeDeclVec.394.smt2: solved=True, runtime=0.32s, PAR-2=0.32s
[DEBUG] Processing 1215/2279: UFLIA/simplify2/front_end_suite/javafe.ast.CastExpr.007.smt2
[DEBUG] Predicted solver: cvc5 for benchmark UFLIA/simplify2/front_end_suite/javafe.ast.CastExpr.007.smt2
[DEBUG] Benchmark UFLIA/simplify2/front_end_suite/javafe.ast.CastExpr.007.smt2: solved=True, runtime=11.31s, PAR-2=11.31s
[DEBUG] Processing 1216/2279: UFLIA/simplify/javafe.ast.VarInitVec.436.smt2
[DEBUG] Predicted solver: cvc5 for benchmark UFLIA/simplify/javafe.ast.VarInitVec.436.smt2
[DEBUG] Benchmark UFLIA/simplify/javafe.ast.VarInitVec.436.smt2: solved=True, runtime=10.57s, PAR-2=10.57s
[DEBUG] Processing 1217/2279: UFLIA/simplify/javafe.tc.CheckInvariants.636.smt2
[DEBUG] Predicted solver: cvc5 for benchmark UFLIA/simplify/javafe.tc.CheckInvariants.636.smt2
[DEBUG] Benchmark UFLIA/simplify/javafe.tc.CheckInvariants.636.smt2: solved=True, runtime=1.90s, PAR-2=1.90s
[DEBUG] Processing 1218/2279: UFLIA/simplify2/front_end_suite/javafe.ast.DefaultVisitor.008.smt2
[DEBUG] Predicted solver: cvc5 for benchmark UFLIA/simplify2/front_end_suite/javafe.ast.DefaultVisitor.008.smt2
[DEBUG] Benchmark UFLIA/simplify2/front_end_suite/javafe.ast.DefaultVisitor.008.smt2: solved=True, runtime=0.49s, PAR-2=0.49s
[DEBUG] Processing 1219/2279: UFLIA/sledgehammer/QEpres/smtlib.1195133.smt2
[DEBUG] Predicted solver: cvc5 for benchmark UFLIA/sledgehammer/QEpres/smtlib.1195133.smt2
[DEBUG] Benchmark UFLIA/sledgehammer/QEpres/smtlib.1195133.smt2: solved=True, runtime=0.30s, PAR-2=0.30s
[DEBUG] Processing 1220/2279: UFLIA/sledgehammer/FFT/smtlib.935298.smt2
[DEBUG] Predicted solver: iProver for benchmark UFLIA/sledgehammer/FFT/smtlib.935298.smt2
[DEBUG] Benchmark UFLIA/sledgehammer/FFT/smtlib.935298.smt2: solved=False, runtime=1200.00s, PAR-2=2400.00s
[DEBUG] Processing 1221/2279: UFLIA/boogie/ExactTypes_F.CoVariance_W_notnull_System.Object.array_notnull.smt2
[DEBUG] Predicted solver: cvc5 for benchmark UFLIA/boogie/ExactTypes_F.CoVariance_W_notnull_System.Object.array_notnull.smt2
[DEBUG] Benchmark UFLIA/boogie/ExactTypes_F.CoVariance_W_notnull_System.Object.array_notnull.smt2: solved=False, runtime=1200.00s, PAR-2=2400.00s
[DEBUG] Processing 1222/2279: UFLIA/boogie/Types_B..ctor-orderStrength_1.smt2
[DEBUG] Predicted solver: cvc5 for benchmark UFLIA/boogie/Types_B..ctor-orderStrength_1.smt2
[DEBUG] Benchmark UFLIA/boogie/Types_B..ctor-orderStrength_1.smt2: solved=True, runtime=0.56s, PAR-2=0.56s
[DEBUG] Processing 1223/2279: UFLIA/tokeneer/keystore/delete-1.smt2
[DEBUG] Predicted solver: SMTInterpol for benchmark UFLIA/tokeneer/keystore/delete-1.smt2
[DEBUG] Benchmark UFLIA/tokeneer/keystore/delete-1.smt2: solved=False, runtime=1200.00s, PAR-2=2400.00s
[DEBUG] Processing 1224/2279: UFLIA/boogie/StrictReadOnly_C2.W2.smt2
[DEBUG] Predicted solver: cvc5 for benchmark UFLIA/boogie/StrictReadOnly_C2.W2.smt2
[DEBUG] Benchmark UFLIA/boogie/StrictReadOnly_C2.W2.smt2: solved=False, runtime=1200.00s, PAR-2=2400.00s
[DEBUG] Processing 1225/2279: UFLIA/simplify2/front_end_suite/javafe.reader.ASTClassFileParser.006.smt2
[DEBUG] Predicted solver: cvc5 for benchmark UFLIA/simplify2/front_end_suite/javafe.reader.ASTClassFileParser.006.smt2
[DEBUG] Benchmark UFLIA/simplify2/front_end_suite/javafe.reader.ASTClassFileParser.006.smt2: solved=True, runtime=4.51s, PAR-2=4.51s
[DEBUG] Processing 1226/2279: UFLIA/sledgehammer/QEpres/smtlib.956395.smt2
[DEBUG] Predicted solver: iProver for benchmark UFLIA/sledgehammer/QEpres/smtlib.956395.smt2
[DEBUG] Benchmark UFLIA/sledgehammer/QEpres/smtlib.956395.smt2: solved=False, runtime=1200.00s, PAR-2=2400.00s
[DEBUG] Processing 1227/2279: UFLIA/sledgehammer/Hoare/smtlib.1019189.smt2
[DEBUG] Predicted solver: cvc5 for benchmark UFLIA/sledgehammer/Hoare/smtlib.1019189.smt2
[DEBUG] Benchmark UFLIA/sledgehammer/Hoare/smtlib.1019189.smt2: solved=True, runtime=36.89s, PAR-2=36.89s
[DEBUG] Processing 1228/2279: UFLIA/sledgehammer/TwoSquares/smtlib.747736.smt2
[DEBUG] Predicted solver: cvc5 for benchmark UFLIA/sledgehammer/TwoSquares/smtlib.747736.smt2
[DEBUG] Benchmark UFLIA/sledgehammer/TwoSquares/smtlib.747736.smt2: solved=True, runtime=0.55s, PAR-2=0.55s
[DEBUG] Processing 1229/2279: UFLIA/sledgehammer/StrongNorm/smtlib.753157.smt2
[DEBUG] Predicted solver: iProver for benchmark UFLIA/sledgehammer/StrongNorm/smtlib.753157.smt2
[DEBUG] Benchmark UFLIA/sledgehammer/StrongNorm/smtlib.753157.smt2: solved=False, runtime=1200.00s, PAR-2=2400.00s
[DEBUG] Processing 1230/2279: UFLIA/sledgehammer/Fundamental_Theorem_Algebra/smtlib.855575.smt2
[DEBUG] Predicted solver: SMTInterpol for benchmark UFLIA/sledgehammer/Fundamental_Theorem_Algebra/smtlib.855575.smt2
[DEBUG] Benchmark UFLIA/sledgehammer/Fundamental_Theorem_Algebra/smtlib.855575.smt2: solved=True, runtime=0.52s, PAR-2=0.52s
[DEBUG] Processing 1231/2279: UFLIA/sledgehammer/TypeSafe/smtlib.861246.smt2
[DEBUG] Predicted solver: cvc5 for benchmark UFLIA/sledgehammer/TypeSafe/smtlib.861246.smt2
[DEBUG] Benchmark UFLIA/sledgehammer/TypeSafe/smtlib.861246.smt2: solved=False, runtime=1200.00s, PAR-2=2400.00s
[DEBUG] Processing 1232/2279: UFLIA/tokeneer/admintoken/getrole-2.smt2
[DEBUG] Predicted solver: SMTInterpol for benchmark UFLIA/tokeneer/admintoken/getrole-2.smt2
[DEBUG] Benchmark UFLIA/tokeneer/admintoken/getrole-2.smt2: solved=False, runtime=1200.00s, PAR-2=2400.00s
[DEBUG] Processing 1233/2279: UFLIA/sledgehammer/Hoare/smtlib.1031957.smt2
[DEBUG] Predicted solver: cvc5 for benchmark UFLIA/sledgehammer/Hoare/smtlib.1031957.smt2
[DEBUG] Benchmark UFLIA/sledgehammer/Hoare/smtlib.1031957.smt2: solved=False, runtime=1200.00s, PAR-2=2400.00s
[DEBUG] Processing 1234/2279: UFLIA/sledgehammer/StrongNorm/smtlib.582599.smt2
[DEBUG] Predicted solver: iProver for benchmark UFLIA/sledgehammer/StrongNorm/smtlib.582599.smt2
[DEBUG] Benchmark UFLIA/sledgehammer/StrongNorm/smtlib.582599.smt2: solved=False, runtime=1200.00s, PAR-2=2400.00s
[DEBUG] Processing 1235/2279: UFLIA/simplify/javafe.util.LocationManagerCorrelatedReader.798.smt2
[DEBUG] Predicted solver: cvc5 for benchmark UFLIA/simplify/javafe.util.LocationManagerCorrelatedReader.798.smt2
[DEBUG] Benchmark UFLIA/simplify/javafe.util.LocationManagerCorrelatedReader.798.smt2: solved=True, runtime=4.05s, PAR-2=4.05s
[DEBUG] Processing 1236/2279: UFLIA/simplify/javafe.ast.Name.261.smt2
[DEBUG] Predicted solver: cvc5 for benchmark UFLIA/simplify/javafe.ast.Name.261.smt2
[DEBUG] Benchmark UFLIA/simplify/javafe.ast.Name.261.smt2: solved=True, runtime=0.30s, PAR-2=0.30s
[DEBUG] Processing 1237/2279: UFLIA/sledgehammer/TypeSafe/smtlib.1416344.smt2
[DEBUG] Predicted solver: cvc5 for benchmark UFLIA/sledgehammer/TypeSafe/smtlib.1416344.smt2
[DEBUG] Benchmark UFLIA/sledgehammer/TypeSafe/smtlib.1416344.smt2: solved=False, runtime=1200.00s, PAR-2=2400.00s
[DEBUG] Processing 1238/2279: UFLIA/sledgehammer/Fundamental_Theorem_Algebra/smtlib.802791.smt2
[DEBUG] Predicted solver: iProver for benchmark UFLIA/sledgehammer/Fundamental_Theorem_Algebra/smtlib.802791.smt2
[DEBUG] Benchmark UFLIA/sledgehammer/Fundamental_Theorem_Algebra/smtlib.802791.smt2: solved=False, runtime=1200.00s, PAR-2=2400.00s
[DEBUG] Processing 1239/2279: UFLIA/sledgehammer/Arrow_Order/smtlib.808750.smt2
[DEBUG] Predicted solver: cvc5 for benchmark UFLIA/sledgehammer/Arrow_Order/smtlib.808750.smt2
[DEBUG] Benchmark UFLIA/sledgehammer/Arrow_Order/smtlib.808750.smt2: solved=False, runtime=1200.00s, PAR-2=2400.00s
[DEBUG] Processing 1240/2279: UFLIA/sledgehammer/Fundamental_Theorem_Algebra/smtlib.1088600.smt2
[DEBUG] Predicted solver: cvc5 for benchmark UFLIA/sledgehammer/Fundamental_Theorem_Algebra/smtlib.1088600.smt2
[DEBUG] Benchmark UFLIA/sledgehammer/Fundamental_Theorem_Algebra/smtlib.1088600.smt2: solved=False, runtime=1200.00s, PAR-2=2400.00s
[DEBUG] Processing 1241/2279: UFLIA/simplify/javafe.ast.TypeDeclElemVec.383.smt2
[DEBUG] Predicted solver: cvc5 for benchmark UFLIA/simplify/javafe.ast.TypeDeclElemVec.383.smt2
[DEBUG] Benchmark UFLIA/simplify/javafe.ast.TypeDeclElemVec.383.smt2: solved=True, runtime=0.36s, PAR-2=0.36s
[DEBUG] Processing 1242/2279: UFLIA/sledgehammer/Fundamental_Theorem_Algebra/smtlib.963456.smt2
[DEBUG] Predicted solver: iProver for benchmark UFLIA/sledgehammer/Fundamental_Theorem_Algebra/smtlib.963456.smt2
[DEBUG] Benchmark UFLIA/sledgehammer/Fundamental_Theorem_Algebra/smtlib.963456.smt2: solved=False, runtime=1200.00s, PAR-2=2400.00s
[DEBUG] Processing 1243/2279: UFLIA/simplify2/front_end_suite/javafe.tc.PrepTypeDeclaration.011.smt2
[DEBUG] Predicted solver: cvc5 for benchmark UFLIA/simplify2/front_end_suite/javafe.tc.PrepTypeDeclaration.011.smt2
[DEBUG] Benchmark UFLIA/simplify2/front_end_suite/javafe.tc.PrepTypeDeclaration.011.smt2: solved=True, runtime=13.83s, PAR-2=13.83s
[DEBUG] Processing 1244/2279: UFLIA/sledgehammer/Hoare/smtlib.856966.smt2
[DEBUG] Predicted solver: cvc5 for benchmark UFLIA/sledgehammer/Hoare/smtlib.856966.smt2
[DEBUG] Benchmark UFLIA/sledgehammer/Hoare/smtlib.856966.smt2: solved=True, runtime=0.68s, PAR-2=0.68s
[DEBUG] Processing 1245/2279: UFLIA/simplify2/front_end_suite/javafe.ast.ImportDeclVec.015.smt2
[DEBUG] Predicted solver: cvc5 for benchmark UFLIA/simplify2/front_end_suite/javafe.ast.ImportDeclVec.015.smt2
[DEBUG] Benchmark UFLIA/simplify2/front_end_suite/javafe.ast.ImportDeclVec.015.smt2: solved=True, runtime=1.00s, PAR-2=1.00s
[DEBUG] Processing 1246/2279: UFLIA/simplify2/front_end_suite/javafe.ast.ClassDecl.006.smt2
[DEBUG] Predicted solver: cvc5 for benchmark UFLIA/simplify2/front_end_suite/javafe.ast.ClassDecl.006.smt2
[DEBUG] Benchmark UFLIA/simplify2/front_end_suite/javafe.ast.ClassDecl.006.smt2: solved=True, runtime=24.13s, PAR-2=24.13s
[DEBUG] Processing 1247/2279: UFLIA/sledgehammer/Fundamental_Theorem_Algebra/smtlib.1450601.smt2
[DEBUG] Predicted solver: cvc5 for benchmark UFLIA/sledgehammer/Fundamental_Theorem_Algebra/smtlib.1450601.smt2
[DEBUG] Benchmark UFLIA/sledgehammer/Fundamental_Theorem_Algebra/smtlib.1450601.smt2: solved=False, runtime=1200.00s, PAR-2=2400.00s
[DEBUG] Processing 1248/2279: UFLIA/sledgehammer/Fundamental_Theorem_Algebra/smtlib.1368368.smt2
[DEBUG] Predicted solver: cvc5 for benchmark UFLIA/sledgehammer/Fundamental_Theorem_Algebra/smtlib.1368368.smt2
[DEBUG] Benchmark UFLIA/sledgehammer/Fundamental_Theorem_Algebra/smtlib.1368368.smt2: solved=False, runtime=1200.00s, PAR-2=2400.00s
[DEBUG] Processing 1249/2279: UFLIA/simplify/javafe.ast.CatchClauseVec.64.smt2
[DEBUG] Predicted solver: cvc5 for benchmark UFLIA/simplify/javafe.ast.CatchClauseVec.64.smt2
[DEBUG] Benchmark UFLIA/simplify/javafe.ast.CatchClauseVec.64.smt2: solved=True, runtime=0.30s, PAR-2=0.30s
[DEBUG] Processing 1250/2279: UFLIA/sledgehammer/QEpres/smtlib.1107581.smt2
[DEBUG] Predicted solver: SMTInterpol for benchmark UFLIA/sledgehammer/QEpres/smtlib.1107581.smt2
[DEBUG] Benchmark UFLIA/sledgehammer/QEpres/smtlib.1107581.smt2: solved=True, runtime=0.50s, PAR-2=0.50s
[DEBUG] Processing 1251/2279: UFLIA/grasshopper/uninstantiated/split_loop_check_heap_access_39_6_1.smt2
[DEBUG] Predicted solver: cvc5 for benchmark UFLIA/grasshopper/uninstantiated/split_loop_check_heap_access_39_6_1.smt2
[DEBUG] Benchmark UFLIA/grasshopper/uninstantiated/split_loop_check_heap_access_39_6_1.smt2: solved=True, runtime=0.26s, PAR-2=0.26s
[DEBUG] Processing 1252/2279: UFLIA/simplify2/front_end_suite/javafe.util.LocationManagerCorrelatedReader.002.smt2
[DEBUG] Predicted solver: cvc5 for benchmark UFLIA/simplify2/front_end_suite/javafe.util.LocationManagerCorrelatedReader.002.smt2
[DEBUG] Benchmark UFLIA/simplify2/front_end_suite/javafe.util.LocationManagerCorrelatedReader.002.smt2: solved=True, runtime=0.40s, PAR-2=0.40s
[DEBUG] Processing 1253/2279: UFLIA/simplify2/front_end_suite/javafe.ast.ExprVec.011.smt2
[DEBUG] Predicted solver: cvc5 for benchmark UFLIA/simplify2/front_end_suite/javafe.ast.ExprVec.011.smt2
[DEBUG] Benchmark UFLIA/simplify2/front_end_suite/javafe.ast.ExprVec.011.smt2: solved=True, runtime=0.29s, PAR-2=0.29s
[DEBUG] Processing 1254/2279: UFLIA/sledgehammer/QEpres/smtlib.1231075.smt2
[DEBUG] Predicted solver: cvc5 for benchmark UFLIA/sledgehammer/QEpres/smtlib.1231075.smt2
[DEBUG] Benchmark UFLIA/sledgehammer/QEpres/smtlib.1231075.smt2: solved=False, runtime=1200.00s, PAR-2=2400.00s
[DEBUG] Processing 1255/2279: UFLIA/simplify2/front_end_suite/javafe.ast.IdentifierVec.014.smt2
[DEBUG] Predicted solver: cvc5 for benchmark UFLIA/simplify2/front_end_suite/javafe.ast.IdentifierVec.014.smt2
[DEBUG] Benchmark UFLIA/simplify2/front_end_suite/javafe.ast.IdentifierVec.014.smt2: solved=True, runtime=0.29s, PAR-2=0.29s
[DEBUG] Processing 1256/2279: UFLIA/sledgehammer/Fundamental_Theorem_Algebra/smtlib.1141637.smt2
[DEBUG] Predicted solver: cvc5 for benchmark UFLIA/sledgehammer/Fundamental_Theorem_Algebra/smtlib.1141637.smt2
[DEBUG] Benchmark UFLIA/sledgehammer/Fundamental_Theorem_Algebra/smtlib.1141637.smt2: solved=False, runtime=1200.00s, PAR-2=2400.00s
[DEBUG] Processing 1257/2279: UFLIA/simplify2/front_end_suite/javafe.ast.ExprVec.012.smt2
[DEBUG] Predicted solver: cvc5 for benchmark UFLIA/simplify2/front_end_suite/javafe.ast.ExprVec.012.smt2
[DEBUG] Benchmark UFLIA/simplify2/front_end_suite/javafe.ast.ExprVec.012.smt2: solved=True, runtime=0.37s, PAR-2=0.37s
[DEBUG] Processing 1258/2279: UFLIA/simplify2/front_end_suite/javafe.tc.TypeSigVec.016.smt2
[DEBUG] Predicted solver: cvc5 for benchmark UFLIA/simplify2/front_end_suite/javafe.tc.TypeSigVec.016.smt2
[DEBUG] Benchmark UFLIA/simplify2/front_end_suite/javafe.tc.TypeSigVec.016.smt2: solved=True, runtime=0.70s, PAR-2=0.70s
[DEBUG] Processing 1259/2279: UFLIA/sledgehammer/Arrow_Order/smtlib.655768.smt2
[DEBUG] Predicted solver: cvc5 for benchmark UFLIA/sledgehammer/Arrow_Order/smtlib.655768.smt2
[DEBUG] Benchmark UFLIA/sledgehammer/Arrow_Order/smtlib.655768.smt2: solved=True, runtime=64.32s, PAR-2=64.32s
[DEBUG] Processing 1260/2279: UFLIA/simplify/javafe.tc.CheckInvariants.637.smt2
[DEBUG] Predicted solver: cvc5 for benchmark UFLIA/simplify/javafe.tc.CheckInvariants.637.smt2
[DEBUG] Benchmark UFLIA/simplify/javafe.tc.CheckInvariants.637.smt2: solved=True, runtime=2.05s, PAR-2=2.05s
[DEBUG] Processing 1261/2279: UFLIA/boogie/Bag4_Bag.SpecSharp.CheckInvariant_System.Boolean.smt2
[DEBUG] Predicted solver: cvc5 for benchmark UFLIA/boogie/Bag4_Bag.SpecSharp.CheckInvariant_System.Boolean.smt2
[DEBUG] Benchmark UFLIA/boogie/Bag4_Bag.SpecSharp.CheckInvariant_System.Boolean.smt2: solved=True, runtime=0.28s, PAR-2=0.28s
[DEBUG] Processing 1262/2279: UFLIA/tokeneer/configdata/writefile/workinghourstext-3.smt2
[DEBUG] Predicted solver: SMTInterpol for benchmark UFLIA/tokeneer/configdata/writefile/workinghourstext-3.smt2
[DEBUG] Benchmark UFLIA/tokeneer/configdata/writefile/workinghourstext-3.smt2: solved=True, runtime=0.68s, PAR-2=0.68s
[DEBUG] Processing 1263/2279: UFLIA/simplify2/front_end_suite/javafe.tc.PrepTypeDeclaration.008.smt2
[DEBUG] Predicted solver: cvc5 for benchmark UFLIA/simplify2/front_end_suite/javafe.tc.PrepTypeDeclaration.008.smt2
[DEBUG] Benchmark UFLIA/simplify2/front_end_suite/javafe.tc.PrepTypeDeclaration.008.smt2: solved=True, runtime=0.56s, PAR-2=0.56s
[DEBUG] Processing 1264/2279: UFLIA/sledgehammer/Hoare/smtlib.1030501.smt2
[DEBUG] Predicted solver: cvc5 for benchmark UFLIA/sledgehammer/Hoare/smtlib.1030501.smt2
[DEBUG] Benchmark UFLIA/sledgehammer/Hoare/smtlib.1030501.smt2: solved=True, runtime=72.75s, PAR-2=72.75s
[DEBUG] Processing 1265/2279: UFLIA/simplify2/front_end_suite/javafe.filespace.PkgTree.013.smt2
[DEBUG] Predicted solver: cvc5 for benchmark UFLIA/simplify2/front_end_suite/javafe.filespace.PkgTree.013.smt2
[DEBUG] Benchmark UFLIA/simplify2/front_end_suite/javafe.filespace.PkgTree.013.smt2: solved=True, runtime=0.25s, PAR-2=0.25s
[DEBUG] Processing 1266/2279: UFLIA/simplify/javafe.ast.TypeNameVec.414.smt2
[DEBUG] Predicted solver: cvc5 for benchmark UFLIA/simplify/javafe.ast.TypeNameVec.414.smt2
[DEBUG] Benchmark UFLIA/simplify/javafe.ast.TypeNameVec.414.smt2: solved=True, runtime=0.58s, PAR-2=0.58s
[DEBUG] Processing 1267/2279: UFLIA/simplify/javafe.ast.IdentifierVec.176.smt2
[DEBUG] Predicted solver: cvc5 for benchmark UFLIA/simplify/javafe.ast.IdentifierVec.176.smt2
[DEBUG] Benchmark UFLIA/simplify/javafe.ast.IdentifierVec.176.smt2: solved=True, runtime=0.36s, PAR-2=0.36s
[DEBUG] Processing 1268/2279: UFLIA/grasshopper/uninstantiated/merge_invariant_46_2.smt2
[DEBUG] Predicted solver: cvc5 for benchmark UFLIA/grasshopper/uninstantiated/merge_invariant_46_2.smt2
[DEBUG] Benchmark UFLIA/grasshopper/uninstantiated/merge_invariant_46_2.smt2: solved=True, runtime=19.84s, PAR-2=19.84s
[DEBUG] Processing 1269/2279: UFLIA/boogie/AssignToNonInvariantField_AnotherClient..ctor.smt2
[DEBUG] Predicted solver: cvc5 for benchmark UFLIA/boogie/AssignToNonInvariantField_AnotherClient..ctor.smt2
[DEBUG] Benchmark UFLIA/boogie/AssignToNonInvariantField_AnotherClient..ctor.smt2: solved=True, runtime=501.45s, PAR-2=501.45s
[DEBUG] Processing 1270/2279: UFLIA/simplify2/front_end_suite/javafe.ast.NewInstanceExpr.002.smt2
[DEBUG] Predicted solver: cvc5 for benchmark UFLIA/simplify2/front_end_suite/javafe.ast.NewInstanceExpr.002.smt2
[DEBUG] Benchmark UFLIA/simplify2/front_end_suite/javafe.ast.NewInstanceExpr.002.smt2: solved=True, runtime=7.73s, PAR-2=7.73s
[DEBUG] Processing 1271/2279: UFLIA/simplify2/front_end_suite/javafe.SrcTool.003.smt2
[DEBUG] Predicted solver: cvc5 for benchmark UFLIA/simplify2/front_end_suite/javafe.SrcTool.003.smt2
[DEBUG] Benchmark UFLIA/simplify2/front_end_suite/javafe.SrcTool.003.smt2: solved=True, runtime=0.74s, PAR-2=0.74s
[DEBUG] Processing 1272/2279: UFLIA/boogie/Chunker_Chunker..ctor_System.String_notnull_System.Int32.smt2
[DEBUG] Predicted solver: cvc5 for benchmark UFLIA/boogie/Chunker_Chunker..ctor_System.String_notnull_System.Int32.smt2
[DEBUG] Benchmark UFLIA/boogie/Chunker_Chunker..ctor_System.String_notnull_System.Int32.smt2: solved=True, runtime=0.91s, PAR-2=0.91s
[DEBUG] Processing 1273/2279: UFLIA/boogie/PeerModifiesClauses_Homeboy.E-level_2.smt2
[DEBUG] Predicted solver: cvc5 for benchmark UFLIA/boogie/PeerModifiesClauses_Homeboy.E-level_2.smt2
[DEBUG] Benchmark UFLIA/boogie/PeerModifiesClauses_Homeboy.E-level_2.smt2: solved=False, runtime=1200.00s, PAR-2=2400.00s
[DEBUG] Processing 1274/2279: UFLIA/simplify2/front_end_suite/javafe.tc.CheckInvariants.001.smt2
[DEBUG] Predicted solver: cvc5 for benchmark UFLIA/simplify2/front_end_suite/javafe.tc.CheckInvariants.001.smt2
[DEBUG] Benchmark UFLIA/simplify2/front_end_suite/javafe.tc.CheckInvariants.001.smt2: solved=True, runtime=5.48s, PAR-2=5.48s
[DEBUG] Processing 1275/2279: UFLIA/sledgehammer/NS_Shared/smtlib.648452.smt2
[DEBUG] Predicted solver: cvc5 for benchmark UFLIA/sledgehammer/NS_Shared/smtlib.648452.smt2
[DEBUG] Benchmark UFLIA/sledgehammer/NS_Shared/smtlib.648452.smt2: solved=False, runtime=1200.00s, PAR-2=2400.00s
[DEBUG] Processing 1276/2279: UFLIA/sledgehammer/StrongNorm/smtlib.704071.smt2
[DEBUG] Predicted solver: SMTInterpol for benchmark UFLIA/sledgehammer/StrongNorm/smtlib.704071.smt2
[DEBUG] Benchmark UFLIA/sledgehammer/StrongNorm/smtlib.704071.smt2: solved=True, runtime=0.77s, PAR-2=0.77s
[DEBUG] Processing 1277/2279: UFLIA/sledgehammer/Hoare/smtlib.1133210.smt2
[DEBUG] Predicted solver: iProver for benchmark UFLIA/sledgehammer/Hoare/smtlib.1133210.smt2
[DEBUG] Benchmark UFLIA/sledgehammer/Hoare/smtlib.1133210.smt2: solved=False, runtime=1200.00s, PAR-2=2400.00s
[DEBUG] Processing 1278/2279: UFLIA/sledgehammer/TwoSquares/smtlib.627245.smt2
[DEBUG] Predicted solver: cvc5 for benchmark UFLIA/sledgehammer/TwoSquares/smtlib.627245.smt2
[DEBUG] Benchmark UFLIA/sledgehammer/TwoSquares/smtlib.627245.smt2: solved=False, runtime=1200.00s, PAR-2=2400.00s
[DEBUG] Processing 1279/2279: UFLIA/simplify2/front_end_suite/javafe.tc.Env.011.smt2
[DEBUG] Predicted solver: cvc5 for benchmark UFLIA/simplify2/front_end_suite/javafe.tc.Env.011.smt2
[DEBUG] Benchmark UFLIA/simplify2/front_end_suite/javafe.tc.Env.011.smt2: solved=True, runtime=3.30s, PAR-2=3.30s
[DEBUG] Processing 1280/2279: UFLIA/sledgehammer/Fundamental_Theorem_Algebra/smtlib.628470.smt2
[DEBUG] Predicted solver: cvc5 for benchmark UFLIA/sledgehammer/Fundamental_Theorem_Algebra/smtlib.628470.smt2
[DEBUG] Benchmark UFLIA/sledgehammer/Fundamental_Theorem_Algebra/smtlib.628470.smt2: solved=True, runtime=0.35s, PAR-2=0.35s
[DEBUG] Processing 1281/2279: UFLIA/simplify2/front_end_suite/javafe.ast.CatchClauseVec.007.smt2
[DEBUG] Predicted solver: cvc5 for benchmark UFLIA/simplify2/front_end_suite/javafe.ast.CatchClauseVec.007.smt2
[DEBUG] Benchmark UFLIA/simplify2/front_end_suite/javafe.ast.CatchClauseVec.007.smt2: solved=True, runtime=0.58s, PAR-2=0.58s
[DEBUG] Processing 1282/2279: UFLIA/simplify2/front_end_suite/javafe.CopyLoaded.004.smt2
[DEBUG] Predicted solver: cvc5 for benchmark UFLIA/simplify2/front_end_suite/javafe.CopyLoaded.004.smt2
[DEBUG] Benchmark UFLIA/simplify2/front_end_suite/javafe.CopyLoaded.004.smt2: solved=True, runtime=1.24s, PAR-2=1.24s
[DEBUG] Processing 1283/2279: UFLIA/sledgehammer/QEpres/smtlib.659329.smt2
[DEBUG] Predicted solver: cvc5 for benchmark UFLIA/sledgehammer/QEpres/smtlib.659329.smt2
[DEBUG] Benchmark UFLIA/sledgehammer/QEpres/smtlib.659329.smt2: solved=False, runtime=1200.00s, PAR-2=2400.00s
[DEBUG] Processing 1284/2279: UFLIA/sledgehammer/Arrow_Order/smtlib.800238.smt2
[DEBUG] Predicted solver: cvc5 for benchmark UFLIA/sledgehammer/Arrow_Order/smtlib.800238.smt2
[DEBUG] Benchmark UFLIA/sledgehammer/Arrow_Order/smtlib.800238.smt2: solved=False, runtime=1200.00s, PAR-2=2400.00s
[DEBUG] Processing 1285/2279: UFLIA/boogie/ExplicitExposeVersionHavoc_D.Unsound-level_2.smt2
[DEBUG] Predicted solver: cvc5 for benchmark UFLIA/boogie/ExplicitExposeVersionHavoc_D.Unsound-level_2.smt2
[DEBUG] Benchmark UFLIA/boogie/ExplicitExposeVersionHavoc_D.Unsound-level_2.smt2: solved=False, runtime=1200.00s, PAR-2=2400.00s
[DEBUG] Processing 1286/2279: UFLIA/simplify2/front_end_suite/javafe.util.BufferedCorrelatedReader.003.smt2
[DEBUG] Predicted solver: cvc5 for benchmark UFLIA/simplify2/front_end_suite/javafe.util.BufferedCorrelatedReader.003.smt2
[DEBUG] Benchmark UFLIA/simplify2/front_end_suite/javafe.util.BufferedCorrelatedReader.003.smt2: solved=True, runtime=0.31s, PAR-2=0.31s
[DEBUG] Processing 1287/2279: UFLIA/sledgehammer/Hoare/smtlib.779492.smt2
[DEBUG] Predicted solver: iProver for benchmark UFLIA/sledgehammer/Hoare/smtlib.779492.smt2
[DEBUG] Benchmark UFLIA/sledgehammer/Hoare/smtlib.779492.smt2: solved=False, runtime=1200.00s, PAR-2=2400.00s
[DEBUG] Processing 1288/2279: UFLIA/sledgehammer/QEpres/smtlib.801003.smt2
[DEBUG] Predicted solver: cvc5 for benchmark UFLIA/sledgehammer/QEpres/smtlib.801003.smt2
[DEBUG] Benchmark UFLIA/sledgehammer/QEpres/smtlib.801003.smt2: solved=False, runtime=1200.00s, PAR-2=2400.00s
[DEBUG] Processing 1289/2279: UFLIA/tokeneer/tokenreader/init-46.smt2
[DEBUG] Predicted solver: cvc5 for benchmark UFLIA/tokeneer/tokenreader/init-46.smt2
[DEBUG] Benchmark UFLIA/tokeneer/tokenreader/init-46.smt2: solved=True, runtime=0.24s, PAR-2=0.24s
[DEBUG] Processing 1290/2279: UFLIA/simplify/javafe.ast.ImportDeclVec.193.smt2
[DEBUG] Predicted solver: cvc5 for benchmark UFLIA/simplify/javafe.ast.ImportDeclVec.193.smt2
[DEBUG] Benchmark UFLIA/simplify/javafe.ast.ImportDeclVec.193.smt2: solved=True, runtime=0.92s, PAR-2=0.92s
[DEBUG] Processing 1291/2279: UFLIA/sledgehammer/Fundamental_Theorem_Algebra/smtlib.561006.smt2
[DEBUG] Predicted solver: cvc5 for benchmark UFLIA/sledgehammer/Fundamental_Theorem_Algebra/smtlib.561006.smt2
[DEBUG] Benchmark UFLIA/sledgehammer/Fundamental_Theorem_Algebra/smtlib.561006.smt2: solved=True, runtime=30.94s, PAR-2=30.94s
[DEBUG] Processing 1292/2279: UFLIA/simplify/javafe.tc.MethodDeclVec.698.smt2
[DEBUG] Predicted solver: cvc5 for benchmark UFLIA/simplify/javafe.tc.MethodDeclVec.698.smt2
[DEBUG] Benchmark UFLIA/simplify/javafe.tc.MethodDeclVec.698.smt2: solved=True, runtime=1.48s, PAR-2=1.48s
[DEBUG] Processing 1293/2279: UFLIA/sledgehammer/TwoSquares/smtlib.813480.smt2
[DEBUG] Predicted solver: cvc5 for benchmark UFLIA/sledgehammer/TwoSquares/smtlib.813480.smt2
[DEBUG] Benchmark UFLIA/sledgehammer/TwoSquares/smtlib.813480.smt2: solved=False, runtime=1200.00s, PAR-2=2400.00s
[DEBUG] Processing 1294/2279: UFLIA/sledgehammer/Hoare/z3.935843.smt2
[DEBUG] Predicted solver: SMTInterpol for benchmark UFLIA/sledgehammer/Hoare/z3.935843.smt2
[DEBUG] Benchmark UFLIA/sledgehammer/Hoare/z3.935843.smt2: solved=False, runtime=1200.00s, PAR-2=2400.00s
[DEBUG] Processing 1295/2279: UFLIA/sledgehammer/Hoare/smtlib.889579.smt2
[DEBUG] Predicted solver: cvc5 for benchmark UFLIA/sledgehammer/Hoare/smtlib.889579.smt2
[DEBUG] Benchmark UFLIA/sledgehammer/Hoare/smtlib.889579.smt2: solved=False, runtime=1200.00s, PAR-2=2400.00s
[DEBUG] Processing 1296/2279: UFLIA/sledgehammer/Hoare/smtlib.985159.smt2
[DEBUG] Predicted solver: iProver for benchmark UFLIA/sledgehammer/Hoare/smtlib.985159.smt2
[DEBUG] Benchmark UFLIA/sledgehammer/Hoare/smtlib.985159.smt2: solved=False, runtime=1200.00s, PAR-2=2400.00s
[DEBUG] Processing 1297/2279: UFLIA/sledgehammer/Fundamental_Theorem_Algebra/smtlib.626857.smt2
[DEBUG] Predicted solver: cvc5 for benchmark UFLIA/sledgehammer/Fundamental_Theorem_Algebra/smtlib.626857.smt2
[DEBUG] Benchmark UFLIA/sledgehammer/Fundamental_Theorem_Algebra/smtlib.626857.smt2: solved=False, runtime=1200.00s, PAR-2=2400.00s
[DEBUG] Processing 1298/2279: UFLIA/boogie/StrictReadOnly_C0.foo1.smt2
[DEBUG] Predicted solver: cvc5 for benchmark UFLIA/boogie/StrictReadOnly_C0.foo1.smt2
[DEBUG] Benchmark UFLIA/boogie/StrictReadOnly_C0.foo1.smt2: solved=False, runtime=1200.00s, PAR-2=2400.00s
[DEBUG] Processing 1299/2279: UFLIA/simplify2/front_end_suite/javafe.ast.OnDemandImportDecl.005.smt2
[DEBUG] Predicted solver: cvc5 for benchmark UFLIA/simplify2/front_end_suite/javafe.ast.OnDemandImportDecl.005.smt2
[DEBUG] Benchmark UFLIA/simplify2/front_end_suite/javafe.ast.OnDemandImportDecl.005.smt2: solved=True, runtime=8.20s, PAR-2=8.20s
[DEBUG] Processing 1300/2279: UFLIA/sledgehammer/Fundamental_Theorem_Algebra/smtlib.1444466.smt2
[DEBUG] Predicted solver: cvc5 for benchmark UFLIA/sledgehammer/Fundamental_Theorem_Algebra/smtlib.1444466.smt2
[DEBUG] Benchmark UFLIA/sledgehammer/Fundamental_Theorem_Algebra/smtlib.1444466.smt2: solved=False, runtime=1200.00s, PAR-2=2400.00s
[DEBUG] Processing 1301/2279: UFLIA/sledgehammer/Fundamental_Theorem_Algebra/smtlib.824764.smt2
[DEBUG] Predicted solver: cvc5 for benchmark UFLIA/sledgehammer/Fundamental_Theorem_Algebra/smtlib.824764.smt2
[DEBUG] Benchmark UFLIA/sledgehammer/Fundamental_Theorem_Algebra/smtlib.824764.smt2: solved=False, runtime=1200.00s, PAR-2=2400.00s
[DEBUG] Processing 1302/2279: UFLIA/sledgehammer/Fundamental_Theorem_Algebra/smtlib.1282463.smt2
[DEBUG] Predicted solver: cvc5 for benchmark UFLIA/sledgehammer/Fundamental_Theorem_Algebra/smtlib.1282463.smt2
[DEBUG] Benchmark UFLIA/sledgehammer/Fundamental_Theorem_Algebra/smtlib.1282463.smt2: solved=True, runtime=30.33s, PAR-2=30.33s
[DEBUG] Processing 1303/2279: UFLIA/sledgehammer/TypeSafe/smtlib.903714.smt2
[DEBUG] Predicted solver: cvc5 for benchmark UFLIA/sledgehammer/TypeSafe/smtlib.903714.smt2
[DEBUG] Benchmark UFLIA/sledgehammer/TypeSafe/smtlib.903714.smt2: solved=False, runtime=1200.00s, PAR-2=2400.00s
[DEBUG] Processing 1304/2279: UFLIA/sledgehammer/StrongNorm/smtlib.665168.smt2
[DEBUG] Predicted solver: cvc5 for benchmark UFLIA/sledgehammer/StrongNorm/smtlib.665168.smt2
[DEBUG] Benchmark UFLIA/sledgehammer/StrongNorm/smtlib.665168.smt2: solved=True, runtime=0.36s, PAR-2=0.36s
[DEBUG] Processing 1305/2279: UFLIA/sledgehammer/Hoare/smtlib.814427.smt2
[DEBUG] Predicted solver: cvc5 for benchmark UFLIA/sledgehammer/Hoare/smtlib.814427.smt2
[DEBUG] Benchmark UFLIA/sledgehammer/Hoare/smtlib.814427.smt2: solved=True, runtime=0.37s, PAR-2=0.37s
[DEBUG] Processing 1306/2279: UFLIA/sledgehammer/Hoare/smtlib.809618.smt2
[DEBUG] Predicted solver: iProver for benchmark UFLIA/sledgehammer/Hoare/smtlib.809618.smt2
[DEBUG] Benchmark UFLIA/sledgehammer/Hoare/smtlib.809618.smt2: solved=False, runtime=1200.00s, PAR-2=2400.00s
[DEBUG] Processing 1307/2279: UFLIA/sledgehammer/TwoSquares/smtlib.821153.smt2
[DEBUG] Predicted solver: cvc5 for benchmark UFLIA/sledgehammer/TwoSquares/smtlib.821153.smt2
[DEBUG] Benchmark UFLIA/sledgehammer/TwoSquares/smtlib.821153.smt2: solved=True, runtime=4.23s, PAR-2=4.23s
[DEBUG] Processing 1308/2279: UFLIA/sledgehammer/Hoare/smtlib.772478.smt2
[DEBUG] Predicted solver: cvc5 for benchmark UFLIA/sledgehammer/Hoare/smtlib.772478.smt2
[DEBUG] Benchmark UFLIA/sledgehammer/Hoare/smtlib.772478.smt2: solved=True, runtime=0.37s, PAR-2=0.37s
[DEBUG] Processing 1309/2279: UFLIA/sledgehammer/QEpres/smtlib.792041.smt2
[DEBUG] Predicted solver: cvc5 for benchmark UFLIA/sledgehammer/QEpres/smtlib.792041.smt2
[DEBUG] Benchmark UFLIA/sledgehammer/QEpres/smtlib.792041.smt2: solved=False, runtime=1200.00s, PAR-2=2400.00s
[DEBUG] Processing 1310/2279: UFLIA/sledgehammer/QEpres/smtlib.730254.smt2
[DEBUG] Predicted solver: cvc5 for benchmark UFLIA/sledgehammer/QEpres/smtlib.730254.smt2
[DEBUG] Benchmark UFLIA/sledgehammer/QEpres/smtlib.730254.smt2: solved=False, runtime=1200.00s, PAR-2=2400.00s
[DEBUG] Processing 1311/2279: UFLIA/sledgehammer/TwoSquares/smtlib.712777.smt2
[DEBUG] Predicted solver: cvc5 for benchmark UFLIA/sledgehammer/TwoSquares/smtlib.712777.smt2
[DEBUG] Benchmark UFLIA/sledgehammer/TwoSquares/smtlib.712777.smt2: solved=False, runtime=1200.00s, PAR-2=2400.00s
[DEBUG] Processing 1312/2279: UFLIA/simplify2/front_end_suite/javafe.ast.ModifierPragmaVec.016.smt2
[DEBUG] Predicted solver: cvc5 for benchmark UFLIA/simplify2/front_end_suite/javafe.ast.ModifierPragmaVec.016.smt2
[DEBUG] Benchmark UFLIA/simplify2/front_end_suite/javafe.ast.ModifierPragmaVec.016.smt2: solved=True, runtime=0.35s, PAR-2=0.35s
[DEBUG] Processing 1313/2279: UFLIA/boogie/InitialValuesGood_Test.Main.smt2
[DEBUG] Predicted solver: cvc5 for benchmark UFLIA/boogie/InitialValuesGood_Test.Main.smt2
[DEBUG] Benchmark UFLIA/boogie/InitialValuesGood_Test.Main.smt2: solved=True, runtime=0.30s, PAR-2=0.30s
[DEBUG] Processing 1314/2279: UFLIA/simplify/javafe.ast.TypeModifierPragmaVec.403.smt2
[DEBUG] Predicted solver: cvc5 for benchmark UFLIA/simplify/javafe.ast.TypeModifierPragmaVec.403.smt2
[DEBUG] Benchmark UFLIA/simplify/javafe.ast.TypeModifierPragmaVec.403.smt2: solved=True, runtime=0.59s, PAR-2=0.59s
[DEBUG] Processing 1315/2279: UFLIA/grasshopper/uninstantiated/split_loop_invariant_44_3.smt2
[DEBUG] Predicted solver: cvc5 for benchmark UFLIA/grasshopper/uninstantiated/split_loop_invariant_44_3.smt2
[DEBUG] Benchmark UFLIA/grasshopper/uninstantiated/split_loop_invariant_44_3.smt2: solved=True, runtime=1.00s, PAR-2=1.00s
[DEBUG] Processing 1316/2279: UFLIA/simplify2/front_end_suite/javafe.ast.TypeDeclVec.017.smt2
[DEBUG] Predicted solver: cvc5 for benchmark UFLIA/simplify2/front_end_suite/javafe.ast.TypeDeclVec.017.smt2
[DEBUG] Benchmark UFLIA/simplify2/front_end_suite/javafe.ast.TypeDeclVec.017.smt2: solved=True, runtime=0.36s, PAR-2=0.36s
[DEBUG] Processing 1317/2279: UFLIA/boogie/Chunker12_Chunker.NextChunk.smt2
[DEBUG] Predicted solver: cvc5 for benchmark UFLIA/boogie/Chunker12_Chunker.NextChunk.smt2
[DEBUG] Benchmark UFLIA/boogie/Chunker12_Chunker.NextChunk.smt2: solved=False, runtime=1200.00s, PAR-2=2400.00s
[DEBUG] Processing 1318/2279: UFLIA/simplify2/front_end_suite/javafe.ast.MethodDecl.005.smt2
[DEBUG] Predicted solver: cvc5 for benchmark UFLIA/simplify2/front_end_suite/javafe.ast.MethodDecl.005.smt2
[DEBUG] Benchmark UFLIA/simplify2/front_end_suite/javafe.ast.MethodDecl.005.smt2: solved=True, runtime=22.16s, PAR-2=22.16s
[DEBUG] Processing 1319/2279: UFLIA/sledgehammer/Hoare/smtlib.984730.smt2
[DEBUG] Predicted solver: iProver for benchmark UFLIA/sledgehammer/Hoare/smtlib.984730.smt2
[DEBUG] Benchmark UFLIA/sledgehammer/Hoare/smtlib.984730.smt2: solved=False, runtime=1200.00s, PAR-2=2400.00s
[DEBUG] Processing 1320/2279: UFLIA/simplify/javafe.ast.ModifierPragmaVec.259.smt2
[DEBUG] Predicted solver: cvc5 for benchmark UFLIA/simplify/javafe.ast.ModifierPragmaVec.259.smt2
[DEBUG] Benchmark UFLIA/simplify/javafe.ast.ModifierPragmaVec.259.smt2: solved=True, runtime=0.38s, PAR-2=0.38s
[DEBUG] Processing 1321/2279: UFLIA/sledgehammer/Hoare/smtlib.796529.smt2
[DEBUG] Predicted solver: cvc5 for benchmark UFLIA/sledgehammer/Hoare/smtlib.796529.smt2
[DEBUG] Benchmark UFLIA/sledgehammer/Hoare/smtlib.796529.smt2: solved=False, runtime=1200.00s, PAR-2=2400.00s
[DEBUG] Processing 1322/2279: UFLIA/sledgehammer/Hoare/smtlib.1026871.smt2
[DEBUG] Predicted solver: cvc5 for benchmark UFLIA/sledgehammer/Hoare/smtlib.1026871.smt2
[DEBUG] Benchmark UFLIA/sledgehammer/Hoare/smtlib.1026871.smt2: solved=True, runtime=13.35s, PAR-2=13.35s
[DEBUG] Processing 1323/2279: UFLIA/boogie/AdditiveMethods_OwnedResults.F5.smt2
[DEBUG] Predicted solver: cvc5 for benchmark UFLIA/boogie/AdditiveMethods_OwnedResults.F5.smt2
[DEBUG] Benchmark UFLIA/boogie/AdditiveMethods_OwnedResults.F5.smt2: solved=False, runtime=1200.00s, PAR-2=2400.00s
[DEBUG] Processing 1324/2279: UFLIA/sledgehammer/QEpres/smtlib.584192.smt2
[DEBUG] Predicted solver: iProver for benchmark UFLIA/sledgehammer/QEpres/smtlib.584192.smt2
[DEBUG] Benchmark UFLIA/sledgehammer/QEpres/smtlib.584192.smt2: solved=False, runtime=1200.00s, PAR-2=2400.00s
[DEBUG] Processing 1325/2279: UFLIA/sledgehammer/QEpres/smtlib.967490.smt2
[DEBUG] Predicted solver: cvc5 for benchmark UFLIA/sledgehammer/QEpres/smtlib.967490.smt2
[DEBUG] Benchmark UFLIA/sledgehammer/QEpres/smtlib.967490.smt2: solved=False, runtime=1200.00s, PAR-2=2400.00s
[DEBUG] Processing 1326/2279: UFLIA/simplify/javafe.ast.Identifier.175.smt2
[DEBUG] Predicted solver: cvc5 for benchmark UFLIA/simplify/javafe.ast.Identifier.175.smt2
[DEBUG] Benchmark UFLIA/simplify/javafe.ast.Identifier.175.smt2: solved=True, runtime=0.57s, PAR-2=0.57s
[DEBUG] Processing 1327/2279: UFLIA/sledgehammer/NS_Shared/smtlib.587692.smt2
[DEBUG] Predicted solver: cvc5 for benchmark UFLIA/sledgehammer/NS_Shared/smtlib.587692.smt2
[DEBUG] Benchmark UFLIA/sledgehammer/NS_Shared/smtlib.587692.smt2: solved=False, runtime=1200.00s, PAR-2=2400.00s
[DEBUG] Processing 1328/2279: UFLIA/simplify2/front_end_suite/javafe.parser.TokenQueue.004.smt2
[DEBUG] Predicted solver: cvc5 for benchmark UFLIA/simplify2/front_end_suite/javafe.parser.TokenQueue.004.smt2
[DEBUG] Benchmark UFLIA/simplify2/front_end_suite/javafe.parser.TokenQueue.004.smt2: solved=True, runtime=0.81s, PAR-2=0.81s
[DEBUG] Processing 1329/2279: UFLIA/boogie/loopinv1_LoopInv1.Test0b_F_notnull-infer_eh.smt2
[DEBUG] Predicted solver: cvc5 for benchmark UFLIA/boogie/loopinv1_LoopInv1.Test0b_F_notnull-infer_eh.smt2
[DEBUG] Benchmark UFLIA/boogie/loopinv1_LoopInv1.Test0b_F_notnull-infer_eh.smt2: solved=True, runtime=27.33s, PAR-2=27.33s
[DEBUG] Processing 1330/2279: UFLIA/boogie/LocalExpose_T.V3.smt2
[DEBUG] Predicted solver: cvc5 for benchmark UFLIA/boogie/LocalExpose_T.V3.smt2
[DEBUG] Benchmark UFLIA/boogie/LocalExpose_T.V3.smt2: solved=False, runtime=1200.00s, PAR-2=2400.00s
[DEBUG] Processing 1331/2279: UFLIA/sledgehammer/QEpres/smtlib.836885.smt2
[DEBUG] Predicted solver: cvc5 for benchmark UFLIA/sledgehammer/QEpres/smtlib.836885.smt2
[DEBUG] Benchmark UFLIA/sledgehammer/QEpres/smtlib.836885.smt2: solved=False, runtime=1200.00s, PAR-2=2400.00s
[DEBUG] Processing 1332/2279: UFLIA/simplify2/front_end_suite/javafe.ast.MethodInvocation.001.smt2
[DEBUG] Predicted solver: cvc5 for benchmark UFLIA/simplify2/front_end_suite/javafe.ast.MethodInvocation.001.smt2
[DEBUG] Benchmark UFLIA/simplify2/front_end_suite/javafe.ast.MethodInvocation.001.smt2: solved=True, runtime=0.47s, PAR-2=0.47s
[DEBUG] Processing 1333/2279: UFLIA/sledgehammer/QEpres/smtlib.894376.smt2
[DEBUG] Predicted solver: cvc5 for benchmark UFLIA/sledgehammer/QEpres/smtlib.894376.smt2
[DEBUG] Benchmark UFLIA/sledgehammer/QEpres/smtlib.894376.smt2: solved=False, runtime=1200.00s, PAR-2=2400.00s
[DEBUG] Processing 1334/2279: UFLIA/sledgehammer/Hoare/smtlib.778572.smt2
[DEBUG] Predicted solver: iProver for benchmark UFLIA/sledgehammer/Hoare/smtlib.778572.smt2
[DEBUG] Benchmark UFLIA/sledgehammer/Hoare/smtlib.778572.smt2: solved=False, runtime=1200.00s, PAR-2=2400.00s
[DEBUG] Processing 1335/2279: UFLIA/sledgehammer/Fundamental_Theorem_Algebra/smtlib.1160842.smt2
[DEBUG] Predicted solver: cvc5 for benchmark UFLIA/sledgehammer/Fundamental_Theorem_Algebra/smtlib.1160842.smt2
[DEBUG] Benchmark UFLIA/sledgehammer/Fundamental_Theorem_Algebra/smtlib.1160842.smt2: solved=True, runtime=0.27s, PAR-2=0.27s
[DEBUG] Processing 1336/2279: UFLIA/sledgehammer/TypeSafe/smtlib.784065.smt2
[DEBUG] Predicted solver: cvc5 for benchmark UFLIA/sledgehammer/TypeSafe/smtlib.784065.smt2
[DEBUG] Benchmark UFLIA/sledgehammer/TypeSafe/smtlib.784065.smt2: solved=False, runtime=1200.00s, PAR-2=2400.00s
[DEBUG] Processing 1337/2279: UFLIA/sledgehammer/Fundamental_Theorem_Algebra/smtlib.1356095.smt2
[DEBUG] Predicted solver: SMTInterpol for benchmark UFLIA/sledgehammer/Fundamental_Theorem_Algebra/smtlib.1356095.smt2
[DEBUG] Benchmark UFLIA/sledgehammer/Fundamental_Theorem_Algebra/smtlib.1356095.smt2: solved=True, runtime=1122.71s, PAR-2=1122.71s
[DEBUG] Processing 1338/2279: UFLIA/boogie/PureAxioms_Getter.set_Value_System.Int32-level_2.smt2
[DEBUG] Predicted solver: cvc5 for benchmark UFLIA/boogie/PureAxioms_Getter.set_Value_System.Int32-level_2.smt2
[DEBUG] Benchmark UFLIA/boogie/PureAxioms_Getter.set_Value_System.Int32-level_2.smt2: solved=True, runtime=0.36s, PAR-2=0.36s
[DEBUG] Processing 1339/2279: UFLIA/boogie/SimpleWhile0_SimpleWhile0..ctor-infer_i.smt2
[DEBUG] Predicted solver: cvc5 for benchmark UFLIA/boogie/SimpleWhile0_SimpleWhile0..ctor-infer_i.smt2
[DEBUG] Benchmark UFLIA/boogie/SimpleWhile0_SimpleWhile0..ctor-infer_i.smt2: solved=True, runtime=0.32s, PAR-2=0.32s
[DEBUG] Processing 1340/2279: UFLIA/sledgehammer/Fundamental_Theorem_Algebra/smtlib.1304333.smt2
[DEBUG] Predicted solver: iProver for benchmark UFLIA/sledgehammer/Fundamental_Theorem_Algebra/smtlib.1304333.smt2
[DEBUG] Benchmark UFLIA/sledgehammer/Fundamental_Theorem_Algebra/smtlib.1304333.smt2: solved=False, runtime=1200.00s, PAR-2=2400.00s
[DEBUG] Processing 1341/2279: UFLIA/simplify2/front_end_suite/javafe.tc.MethodDeclVec.020.smt2
[DEBUG] Predicted solver: cvc5 for benchmark UFLIA/simplify2/front_end_suite/javafe.tc.MethodDeclVec.020.smt2
[DEBUG] Benchmark UFLIA/simplify2/front_end_suite/javafe.tc.MethodDeclVec.020.smt2: solved=True, runtime=1.13s, PAR-2=1.13s
[DEBUG] Processing 1342/2279: UFLIA/simplify2/front_end_suite/javafe.parser.test.TestParse.010.smt2
[DEBUG] Predicted solver: cvc5 for benchmark UFLIA/simplify2/front_end_suite/javafe.parser.test.TestParse.010.smt2
[DEBUG] Benchmark UFLIA/simplify2/front_end_suite/javafe.parser.test.TestParse.010.smt2: solved=True, runtime=0.25s, PAR-2=0.25s
[DEBUG] Processing 1343/2279: UFLIA/sledgehammer/QEpres/smtlib.649127.smt2
[DEBUG] Predicted solver: cvc5 for benchmark UFLIA/sledgehammer/QEpres/smtlib.649127.smt2
[DEBUG] Benchmark UFLIA/sledgehammer/QEpres/smtlib.649127.smt2: solved=False, runtime=1200.00s, PAR-2=2400.00s
[DEBUG] Processing 1344/2279: UFLIA/sledgehammer/NS_Shared/smtlib.613788.smt2
[DEBUG] Predicted solver: cvc5 for benchmark UFLIA/sledgehammer/NS_Shared/smtlib.613788.smt2
[DEBUG] Benchmark UFLIA/sledgehammer/NS_Shared/smtlib.613788.smt2: solved=True, runtime=123.69s, PAR-2=123.69s
[DEBUG] Processing 1345/2279: UFLIA/simplify2/front_end_suite/javafe.parser.Lex.013.smt2
[DEBUG] Predicted solver: cvc5 for benchmark UFLIA/simplify2/front_end_suite/javafe.parser.Lex.013.smt2
[DEBUG] Benchmark UFLIA/simplify2/front_end_suite/javafe.parser.Lex.013.smt2: solved=True, runtime=2.09s, PAR-2=2.09s
[DEBUG] Processing 1346/2279: UFLIA/sledgehammer/QEpres/smtlib.885734.smt2
[DEBUG] Predicted solver: cvc5 for benchmark UFLIA/sledgehammer/QEpres/smtlib.885734.smt2
[DEBUG] Benchmark UFLIA/sledgehammer/QEpres/smtlib.885734.smt2: solved=False, runtime=1200.00s, PAR-2=2400.00s
[DEBUG] Processing 1347/2279: UFLIA/boogie/ManualRange1_Tools.Range_Enumerable.GetEnumerator.smt2
[DEBUG] Predicted solver: cvc5 for benchmark UFLIA/boogie/ManualRange1_Tools.Range_Enumerable.GetEnumerator.smt2
[DEBUG] Benchmark UFLIA/boogie/ManualRange1_Tools.Range_Enumerable.GetEnumerator.smt2: solved=True, runtime=0.50s, PAR-2=0.50s
[DEBUG] Processing 1348/2279: UFLIA/sledgehammer/FFT/smtlib.721427.smt2
[DEBUG] Predicted solver: SMTInterpol for benchmark UFLIA/sledgehammer/FFT/smtlib.721427.smt2
[DEBUG] Benchmark UFLIA/sledgehammer/FFT/smtlib.721427.smt2: solved=True, runtime=0.57s, PAR-2=0.57s
[DEBUG] Processing 1349/2279: UFLIA/sledgehammer/Arrow_Order/smtlib.656784.smt2
[DEBUG] Predicted solver: cvc5 for benchmark UFLIA/sledgehammer/Arrow_Order/smtlib.656784.smt2
[DEBUG] Benchmark UFLIA/sledgehammer/Arrow_Order/smtlib.656784.smt2: solved=True, runtime=31.84s, PAR-2=31.84s
[DEBUG] Processing 1350/2279: UFLIA/simplify2/front_end_suite/javafe.filespace.Tree.005.smt2
[DEBUG] Predicted solver: cvc5 for benchmark UFLIA/simplify2/front_end_suite/javafe.filespace.Tree.005.smt2
[DEBUG] Benchmark UFLIA/simplify2/front_end_suite/javafe.filespace.Tree.005.smt2: solved=True, runtime=0.25s, PAR-2=0.25s
[DEBUG] Processing 1351/2279: UFLIA/sledgehammer/Hoare/smtlib.896773.smt2
[DEBUG] Predicted solver: iProver for benchmark UFLIA/sledgehammer/Hoare/smtlib.896773.smt2
[DEBUG] Benchmark UFLIA/sledgehammer/Hoare/smtlib.896773.smt2: solved=True, runtime=891.63s, PAR-2=891.63s
[DEBUG] Processing 1352/2279: UFLIA/sledgehammer/NS_Shared/smtlib.741747.smt2
[DEBUG] Predicted solver: cvc5 for benchmark UFLIA/sledgehammer/NS_Shared/smtlib.741747.smt2
[DEBUG] Benchmark UFLIA/sledgehammer/NS_Shared/smtlib.741747.smt2: solved=False, runtime=1200.00s, PAR-2=2400.00s
[DEBUG] Processing 1353/2279: UFLIA/sledgehammer/Fundamental_Theorem_Algebra/smtlib.951211.smt2
[DEBUG] Predicted solver: cvc5 for benchmark UFLIA/sledgehammer/Fundamental_Theorem_Algebra/smtlib.951211.smt2
[DEBUG] Benchmark UFLIA/sledgehammer/Fundamental_Theorem_Algebra/smtlib.951211.smt2: solved=False, runtime=1200.00s, PAR-2=2400.00s
[DEBUG] Processing 1354/2279: UFLIA/sledgehammer/TwoSquares/smtlib.668095.smt2
[DEBUG] Predicted solver: cvc5 for benchmark UFLIA/sledgehammer/TwoSquares/smtlib.668095.smt2
[DEBUG] Benchmark UFLIA/sledgehammer/TwoSquares/smtlib.668095.smt2: solved=True, runtime=0.30s, PAR-2=0.30s
[DEBUG] Processing 1355/2279: UFLIA/boogie/ModifiesClauses_ModifiesClauses.Test0_C_notnull.smt2
[DEBUG] Predicted solver: cvc5 for benchmark UFLIA/boogie/ModifiesClauses_ModifiesClauses.Test0_C_notnull.smt2
[DEBUG] Benchmark UFLIA/boogie/ModifiesClauses_ModifiesClauses.Test0_C_notnull.smt2: solved=True, runtime=0.30s, PAR-2=0.30s
[DEBUG] Processing 1356/2279: UFLIA/sledgehammer/TwoSquares/smtlib.828959.smt2
[DEBUG] Predicted solver: cvc5 for benchmark UFLIA/sledgehammer/TwoSquares/smtlib.828959.smt2
[DEBUG] Benchmark UFLIA/sledgehammer/TwoSquares/smtlib.828959.smt2: solved=True, runtime=9.81s, PAR-2=9.81s
[DEBUG] Processing 1357/2279: UFLIA/sledgehammer/Fundamental_Theorem_Algebra/smtlib.926730.smt2
[DEBUG] Predicted solver: iProver for benchmark UFLIA/sledgehammer/Fundamental_Theorem_Algebra/smtlib.926730.smt2
[DEBUG] Benchmark UFLIA/sledgehammer/Fundamental_Theorem_Algebra/smtlib.926730.smt2: solved=True, runtime=1.42s, PAR-2=1.42s
[DEBUG] Processing 1358/2279: UFLIA/sledgehammer/Fundamental_Theorem_Algebra/smtlib.674529.smt2
[DEBUG] Predicted solver: cvc5 for benchmark UFLIA/sledgehammer/Fundamental_Theorem_Algebra/smtlib.674529.smt2
[DEBUG] Benchmark UFLIA/sledgehammer/Fundamental_Theorem_Algebra/smtlib.674529.smt2: solved=True, runtime=1.49s, PAR-2=1.49s
[DEBUG] Processing 1359/2279: UFLIA/sledgehammer/FFT/smtlib.1006155.smt2
[DEBUG] Predicted solver: cvc5 for benchmark UFLIA/sledgehammer/FFT/smtlib.1006155.smt2
[DEBUG] Benchmark UFLIA/sledgehammer/FFT/smtlib.1006155.smt2: solved=False, runtime=1200.00s, PAR-2=2400.00s
[DEBUG] Processing 1360/2279: UFLIA/sledgehammer/Fundamental_Theorem_Algebra/smtlib.1232178.smt2
[DEBUG] Predicted solver: iProver for benchmark UFLIA/sledgehammer/Fundamental_Theorem_Algebra/smtlib.1232178.smt2
[DEBUG] Benchmark UFLIA/sledgehammer/Fundamental_Theorem_Algebra/smtlib.1232178.smt2: solved=False, runtime=1200.00s, PAR-2=2400.00s
[DEBUG] Processing 1361/2279: UFLIA/sledgehammer/TwoSquares/smtlib.783556.smt2
[DEBUG] Predicted solver: cvc5 for benchmark UFLIA/sledgehammer/TwoSquares/smtlib.783556.smt2
[DEBUG] Benchmark UFLIA/sledgehammer/TwoSquares/smtlib.783556.smt2: solved=False, runtime=1200.00s, PAR-2=2400.00s
[DEBUG] Processing 1362/2279: UFLIA/simplify2/front_end_suite/javafe.tc.FlowInsensitiveChecks.018.smt2
[DEBUG] Predicted solver: cvc5 for benchmark UFLIA/simplify2/front_end_suite/javafe.tc.FlowInsensitiveChecks.018.smt2
[DEBUG] Benchmark UFLIA/simplify2/front_end_suite/javafe.tc.FlowInsensitiveChecks.018.smt2: solved=True, runtime=16.78s, PAR-2=16.78s
[DEBUG] Processing 1363/2279: UFLIA/sledgehammer/StrongNorm/smtlib.749048.smt2
[DEBUG] Predicted solver: cvc5 for benchmark UFLIA/sledgehammer/StrongNorm/smtlib.749048.smt2
[DEBUG] Benchmark UFLIA/sledgehammer/StrongNorm/smtlib.749048.smt2: solved=False, runtime=1200.00s, PAR-2=2400.00s
[DEBUG] Processing 1364/2279: UFLIA/boogie/StructTests_St.M_System.Int32.array_notnull-level_2.smt2
[DEBUG] Predicted solver: cvc5 for benchmark UFLIA/boogie/StructTests_St.M_System.Int32.array_notnull-level_2.smt2
[DEBUG] Benchmark UFLIA/boogie/StructTests_St.M_System.Int32.array_notnull-level_2.smt2: solved=True, runtime=0.29s, PAR-2=0.29s
[DEBUG] Processing 1365/2279: UFLIA/simplify2/front_end_suite/javafe.parser.Parse.004.smt2
[DEBUG] Predicted solver: cvc5 for benchmark UFLIA/simplify2/front_end_suite/javafe.parser.Parse.004.smt2
[DEBUG] Benchmark UFLIA/simplify2/front_end_suite/javafe.parser.Parse.004.smt2: solved=True, runtime=0.56s, PAR-2=0.56s
[DEBUG] Processing 1366/2279: UFLIA/boogie/Assumptions_Sub.M.smt2
[DEBUG] Predicted solver: cvc5 for benchmark UFLIA/boogie/Assumptions_Sub.M.smt2
[DEBUG] Benchmark UFLIA/boogie/Assumptions_Sub.M.smt2: solved=False, runtime=1200.00s, PAR-2=2400.00s
[DEBUG] Processing 1367/2279: UFLIA/sledgehammer/TypeSafe/smtlib.820758.smt2
[DEBUG] Predicted solver: cvc5 for benchmark UFLIA/sledgehammer/TypeSafe/smtlib.820758.smt2
[DEBUG] Benchmark UFLIA/sledgehammer/TypeSafe/smtlib.820758.smt2: solved=False, runtime=1200.00s, PAR-2=2400.00s
[DEBUG] Processing 1368/2279: UFLIA/sledgehammer/TwoSquares/smtlib.748092.smt2
[DEBUG] Predicted solver: cvc5 for benchmark UFLIA/sledgehammer/TwoSquares/smtlib.748092.smt2
[DEBUG] Benchmark UFLIA/sledgehammer/TwoSquares/smtlib.748092.smt2: solved=False, runtime=1200.00s, PAR-2=2400.00s
[DEBUG] Processing 1369/2279: UFLIA/simplify/javafe.ast.TypeModifierPragmaVec.405.smt2
[DEBUG] Predicted solver: cvc5 for benchmark UFLIA/simplify/javafe.ast.TypeModifierPragmaVec.405.smt2
[DEBUG] Benchmark UFLIA/simplify/javafe.ast.TypeModifierPragmaVec.405.smt2: solved=True, runtime=0.26s, PAR-2=0.26s
[DEBUG] Processing 1370/2279: UFLIA/sledgehammer/NS_Shared/smtlib.811979.smt2
[DEBUG] Predicted solver: iProver for benchmark UFLIA/sledgehammer/NS_Shared/smtlib.811979.smt2
[DEBUG] Benchmark UFLIA/sledgehammer/NS_Shared/smtlib.811979.smt2: solved=False, runtime=1200.00s, PAR-2=2400.00s
[DEBUG] Processing 1371/2279: UFLIA/sledgehammer/NS_Shared/smtlib.797297.smt2
[DEBUG] Predicted solver: cvc5 for benchmark UFLIA/sledgehammer/NS_Shared/smtlib.797297.smt2
[DEBUG] Benchmark UFLIA/sledgehammer/NS_Shared/smtlib.797297.smt2: solved=False, runtime=1200.00s, PAR-2=2400.00s
[DEBUG] Processing 1372/2279: UFLIA/boogie/PureReceiverMightBeCommitted_C.O.smt2
[DEBUG] Predicted solver: cvc5 for benchmark UFLIA/boogie/PureReceiverMightBeCommitted_C.O.smt2
[DEBUG] Benchmark UFLIA/boogie/PureReceiverMightBeCommitted_C.O.smt2: solved=True, runtime=0.34s, PAR-2=0.34s
[DEBUG] Processing 1373/2279: UFLIA/sledgehammer/FFT/smtlib.885007.smt2
[DEBUG] Predicted solver: cvc5 for benchmark UFLIA/sledgehammer/FFT/smtlib.885007.smt2
[DEBUG] Benchmark UFLIA/sledgehammer/FFT/smtlib.885007.smt2: solved=True, runtime=121.50s, PAR-2=121.50s
[DEBUG] Processing 1374/2279: UFLIA/tokeneer/door/lockdoor-3.smt2
[DEBUG] Predicted solver: SMTInterpol for benchmark UFLIA/tokeneer/door/lockdoor-3.smt2
[DEBUG] Benchmark UFLIA/tokeneer/door/lockdoor-3.smt2: solved=False, runtime=1200.00s, PAR-2=2400.00s
[DEBUG] Processing 1375/2279: UFLIA/sledgehammer/Arrow_Order/smtlib.836247.smt2
[DEBUG] Predicted solver: cvc5 for benchmark UFLIA/sledgehammer/Arrow_Order/smtlib.836247.smt2
[DEBUG] Benchmark UFLIA/sledgehammer/Arrow_Order/smtlib.836247.smt2: solved=True, runtime=119.95s, PAR-2=119.95s
[DEBUG] Processing 1376/2279: UFLIA/simplify2/front_end_suite/javafe.reader.ASTClassFileParser.001.smt2
[DEBUG] Predicted solver: cvc5 for benchmark UFLIA/simplify2/front_end_suite/javafe.reader.ASTClassFileParser.001.smt2
[DEBUG] Benchmark UFLIA/simplify2/front_end_suite/javafe.reader.ASTClassFileParser.001.smt2: solved=True, runtime=16.93s, PAR-2=16.93s
[DEBUG] Processing 1377/2279: UFLIA/sledgehammer/QEpres/smtlib.929336.smt2
[DEBUG] Predicted solver: iProver for benchmark UFLIA/sledgehammer/QEpres/smtlib.929336.smt2
[DEBUG] Benchmark UFLIA/sledgehammer/QEpres/smtlib.929336.smt2: solved=False, runtime=1200.00s, PAR-2=2400.00s
[DEBUG] Processing 1378/2279: UFLIA/sledgehammer/Fundamental_Theorem_Algebra/smtlib.1407322.smt2
[DEBUG] Predicted solver: cvc5 for benchmark UFLIA/sledgehammer/Fundamental_Theorem_Algebra/smtlib.1407322.smt2
[DEBUG] Benchmark UFLIA/sledgehammer/Fundamental_Theorem_Algebra/smtlib.1407322.smt2: solved=False, runtime=1200.00s, PAR-2=2400.00s
[DEBUG] Processing 1379/2279: UFLIA/sledgehammer/Hoare/smtlib.812840.smt2
[DEBUG] Predicted solver: cvc5 for benchmark UFLIA/sledgehammer/Hoare/smtlib.812840.smt2
[DEBUG] Benchmark UFLIA/sledgehammer/Hoare/smtlib.812840.smt2: solved=True, runtime=0.59s, PAR-2=0.59s
[DEBUG] Processing 1380/2279: UFLIA/sledgehammer/QEpres/smtlib.1197731.smt2
[DEBUG] Predicted solver: cvc5 for benchmark UFLIA/sledgehammer/QEpres/smtlib.1197731.smt2
[DEBUG] Benchmark UFLIA/sledgehammer/QEpres/smtlib.1197731.smt2: solved=False, runtime=1200.00s, PAR-2=2400.00s
[DEBUG] Processing 1381/2279: UFLIA/sledgehammer/Fundamental_Theorem_Algebra/smtlib.1008101.smt2
[DEBUG] Predicted solver: iProver for benchmark UFLIA/sledgehammer/Fundamental_Theorem_Algebra/smtlib.1008101.smt2
[DEBUG] Benchmark UFLIA/sledgehammer/Fundamental_Theorem_Algebra/smtlib.1008101.smt2: solved=False, runtime=1200.00s, PAR-2=2400.00s
[DEBUG] Processing 1382/2279: UFLIA/sledgehammer/Arrow_Order/smtlib.588408.smt2
[DEBUG] Predicted solver: cvc5 for benchmark UFLIA/sledgehammer/Arrow_Order/smtlib.588408.smt2
[DEBUG] Benchmark UFLIA/sledgehammer/Arrow_Order/smtlib.588408.smt2: solved=False, runtime=1200.00s, PAR-2=2400.00s
[DEBUG] Processing 1383/2279: UFLIA/simplify2/front_end_suite/javafe.tc.TypeSig.037.smt2
[DEBUG] Predicted solver: cvc5 for benchmark UFLIA/simplify2/front_end_suite/javafe.tc.TypeSig.037.smt2
[DEBUG] Benchmark UFLIA/simplify2/front_end_suite/javafe.tc.TypeSig.037.smt2: solved=True, runtime=1.32s, PAR-2=1.32s
[DEBUG] Processing 1384/2279: UFLIA/simplify/javafe.ast.SimpleName.311.smt2
[DEBUG] Predicted solver: cvc5 for benchmark UFLIA/simplify/javafe.ast.SimpleName.311.smt2
[DEBUG] Benchmark UFLIA/simplify/javafe.ast.SimpleName.311.smt2: solved=True, runtime=0.28s, PAR-2=0.28s
[DEBUG] Processing 1385/2279: UFLIA/simplify2/front_end_suite/javafe.reader.DescriptorParser.001.smt2
[DEBUG] Predicted solver: cvc5 for benchmark UFLIA/simplify2/front_end_suite/javafe.reader.DescriptorParser.001.smt2
[DEBUG] Benchmark UFLIA/simplify2/front_end_suite/javafe.reader.DescriptorParser.001.smt2: solved=True, runtime=2.48s, PAR-2=2.48s
[DEBUG] Processing 1386/2279: UFLIA/boogie/Cast_Cast.N0_System.String_System.Char.array.smt2
[DEBUG] Predicted solver: cvc5 for benchmark UFLIA/boogie/Cast_Cast.N0_System.String_System.Char.array.smt2
[DEBUG] Benchmark UFLIA/boogie/Cast_Cast.N0_System.String_System.Char.array.smt2: solved=True, runtime=0.42s, PAR-2=0.42s
[DEBUG] Processing 1387/2279: UFLIA/boogie/StaticFields_StaticFields..ctor.smt2
[DEBUG] Predicted solver: cvc5 for benchmark UFLIA/boogie/StaticFields_StaticFields..ctor.smt2
[DEBUG] Benchmark UFLIA/boogie/StaticFields_StaticFields..ctor.smt2: solved=True, runtime=0.33s, PAR-2=0.33s
[DEBUG] Processing 1388/2279: UFLIA/sledgehammer/Fundamental_Theorem_Algebra/smtlib.1005323.smt2
[DEBUG] Predicted solver: cvc5 for benchmark UFLIA/sledgehammer/Fundamental_Theorem_Algebra/smtlib.1005323.smt2
[DEBUG] Benchmark UFLIA/sledgehammer/Fundamental_Theorem_Algebra/smtlib.1005323.smt2: solved=False, runtime=1200.00s, PAR-2=2400.00s
[DEBUG] Processing 1389/2279: UFLIA/simplify/javafe.ast.TypeDeclElemVec.377.smt2
[DEBUG] Predicted solver: cvc5 for benchmark UFLIA/simplify/javafe.ast.TypeDeclElemVec.377.smt2
[DEBUG] Benchmark UFLIA/simplify/javafe.ast.TypeDeclElemVec.377.smt2: solved=True, runtime=0.48s, PAR-2=0.48s
[DEBUG] Processing 1390/2279: UFLIA/boogie/WhereMotivation_Types.MLoop1.smt2
[DEBUG] Predicted solver: cvc5 for benchmark UFLIA/boogie/WhereMotivation_Types.MLoop1.smt2
[DEBUG] Benchmark UFLIA/boogie/WhereMotivation_Types.MLoop1.smt2: solved=False, runtime=1200.00s, PAR-2=2400.00s
[DEBUG] Processing 1391/2279: UFLIA/sledgehammer/StrongNorm/smtlib.570806.smt2
[DEBUG] Predicted solver: cvc5 for benchmark UFLIA/sledgehammer/StrongNorm/smtlib.570806.smt2
[DEBUG] Benchmark UFLIA/sledgehammer/StrongNorm/smtlib.570806.smt2: solved=False, runtime=1200.00s, PAR-2=2400.00s
[DEBUG] Processing 1392/2279: UFLIA/sledgehammer/NS_Shared/smtlib.652756.smt2
[DEBUG] Predicted solver: cvc5 for benchmark UFLIA/sledgehammer/NS_Shared/smtlib.652756.smt2
[DEBUG] Benchmark UFLIA/sledgehammer/NS_Shared/smtlib.652756.smt2: solved=False, runtime=1200.00s, PAR-2=2400.00s
[DEBUG] Processing 1393/2279: UFLIA/simplify/javafe.ast.MethodDecl.240.smt2
[DEBUG] Predicted solver: cvc5 for benchmark UFLIA/simplify/javafe.ast.MethodDecl.240.smt2
[DEBUG] Benchmark UFLIA/simplify/javafe.ast.MethodDecl.240.smt2: solved=True, runtime=104.30s, PAR-2=104.30s
[DEBUG] Processing 1394/2279: UFLIA/simplify/javafe.util.FilterCorrelatedReader.790.smt2
[DEBUG] Predicted solver: cvc5 for benchmark UFLIA/simplify/javafe.util.FilterCorrelatedReader.790.smt2
[DEBUG] Benchmark UFLIA/simplify/javafe.util.FilterCorrelatedReader.790.smt2: solved=True, runtime=0.26s, PAR-2=0.26s
[DEBUG] Processing 1395/2279: UFLIA/sledgehammer/FFT/smtlib.896255.smt2
[DEBUG] Predicted solver: cvc5 for benchmark UFLIA/sledgehammer/FFT/smtlib.896255.smt2
[DEBUG] Benchmark UFLIA/sledgehammer/FFT/smtlib.896255.smt2: solved=True, runtime=0.26s, PAR-2=0.26s
[DEBUG] Processing 1396/2279: UFLIA/sledgehammer/TypeSafe/smtlib.953000.smt2
[DEBUG] Predicted solver: iProver for benchmark UFLIA/sledgehammer/TypeSafe/smtlib.953000.smt2
[DEBUG] Benchmark UFLIA/sledgehammer/TypeSafe/smtlib.953000.smt2: solved=False, runtime=1200.00s, PAR-2=2400.00s
[DEBUG] Processing 1397/2279: UFLIA/sledgehammer/Hoare/smtlib.1012696.smt2
[DEBUG] Predicted solver: cvc5 for benchmark UFLIA/sledgehammer/Hoare/smtlib.1012696.smt2
[DEBUG] Benchmark UFLIA/sledgehammer/Hoare/smtlib.1012696.smt2: solved=False, runtime=1200.00s, PAR-2=2400.00s
[DEBUG] Processing 1398/2279: UFLIA/boogie/AssignToNonInvariantField_AnotherClient.UpdateTheRep_Good.smt2
[DEBUG] Predicted solver: cvc5 for benchmark UFLIA/boogie/AssignToNonInvariantField_AnotherClient.UpdateTheRep_Good.smt2
[DEBUG] Benchmark UFLIA/boogie/AssignToNonInvariantField_AnotherClient.UpdateTheRep_Good.smt2: solved=True, runtime=3.10s, PAR-2=3.10s
[DEBUG] Processing 1399/2279: UFLIA/boogie/BoxedInt_BoxedInt..ctor.smt2
[DEBUG] Predicted solver: cvc5 for benchmark UFLIA/boogie/BoxedInt_BoxedInt..ctor.smt2
[DEBUG] Benchmark UFLIA/boogie/BoxedInt_BoxedInt..ctor.smt2: solved=True, runtime=0.34s, PAR-2=0.34s
[DEBUG] Processing 1400/2279: UFLIA/sledgehammer/TypeSafe/smtlib.781185.smt2
[DEBUG] Predicted solver: cvc5 for benchmark UFLIA/sledgehammer/TypeSafe/smtlib.781185.smt2
[DEBUG] Benchmark UFLIA/sledgehammer/TypeSafe/smtlib.781185.smt2: solved=False, runtime=1200.00s, PAR-2=2400.00s
[DEBUG] Processing 1401/2279: UFLIA/boogie/PeerModifiesClauses_Homeboy.F-level_2.smt2
[DEBUG] Predicted solver: cvc5 for benchmark UFLIA/boogie/PeerModifiesClauses_Homeboy.F-level_2.smt2
[DEBUG] Benchmark UFLIA/boogie/PeerModifiesClauses_Homeboy.F-level_2.smt2: solved=True, runtime=0.44s, PAR-2=0.44s
[DEBUG] Processing 1402/2279: UFLIA/sledgehammer/Hoare/smtlib.624726.smt2
[DEBUG] Predicted solver: iProver for benchmark UFLIA/sledgehammer/Hoare/smtlib.624726.smt2
[DEBUG] Benchmark UFLIA/sledgehammer/Hoare/smtlib.624726.smt2: solved=False, runtime=1200.00s, PAR-2=2400.00s
[DEBUG] Processing 1403/2279: UFLIA/boogie/Strings_test3.XY..ctor.smt2
[DEBUG] Predicted solver: cvc5 for benchmark UFLIA/boogie/Strings_test3.XY..ctor.smt2
[DEBUG] Benchmark UFLIA/boogie/Strings_test3.XY..ctor.smt2: solved=True, runtime=0.39s, PAR-2=0.39s
[DEBUG] Processing 1404/2279: UFLIA/simplify/javafe.ast.ContinueStmt.109.smt2
[DEBUG] Predicted solver: cvc5 for benchmark UFLIA/simplify/javafe.ast.ContinueStmt.109.smt2
[DEBUG] Benchmark UFLIA/simplify/javafe.ast.ContinueStmt.109.smt2: solved=True, runtime=0.65s, PAR-2=0.65s
[DEBUG] Processing 1405/2279: UFLIA/sledgehammer/Hoare/smtlib.1110939.smt2
[DEBUG] Predicted solver: iProver for benchmark UFLIA/sledgehammer/Hoare/smtlib.1110939.smt2
[DEBUG] Benchmark UFLIA/sledgehammer/Hoare/smtlib.1110939.smt2: solved=False, runtime=1200.00s, PAR-2=2400.00s
[DEBUG] Processing 1406/2279: UFLIA/simplify/javafe.ast.ImportDeclVec.191.smt2
[DEBUG] Predicted solver: cvc5 for benchmark UFLIA/simplify/javafe.ast.ImportDeclVec.191.smt2
[DEBUG] Benchmark UFLIA/simplify/javafe.ast.ImportDeclVec.191.smt2: solved=True, runtime=1.02s, PAR-2=1.02s
[DEBUG] Processing 1407/2279: UFLIA/sledgehammer/Hoare/smtlib.1212696.smt2
[DEBUG] Predicted solver: cvc5 for benchmark UFLIA/sledgehammer/Hoare/smtlib.1212696.smt2
[DEBUG] Benchmark UFLIA/sledgehammer/Hoare/smtlib.1212696.smt2: solved=False, runtime=1200.00s, PAR-2=2400.00s
[DEBUG] Processing 1408/2279: UFLIA/sledgehammer/TypeSafe/smtlib.749084.smt2
[DEBUG] Predicted solver: cvc5 for benchmark UFLIA/sledgehammer/TypeSafe/smtlib.749084.smt2
[DEBUG] Benchmark UFLIA/sledgehammer/TypeSafe/smtlib.749084.smt2: solved=False, runtime=1200.00s, PAR-2=2400.00s
[DEBUG] Processing 1409/2279: UFLIA/sledgehammer/NS_Shared/smtlib.871014.smt2
[DEBUG] Predicted solver: iProver for benchmark UFLIA/sledgehammer/NS_Shared/smtlib.871014.smt2
[DEBUG] Benchmark UFLIA/sledgehammer/NS_Shared/smtlib.871014.smt2: solved=False, runtime=1200.00s, PAR-2=2400.00s
[DEBUG] Processing 1410/2279: UFLIA/psyco/192.smt2
[DEBUG] Predicted solver: cvc5 for benchmark UFLIA/psyco/192.smt2
[DEBUG] Benchmark UFLIA/psyco/192.smt2: solved=True, runtime=0.53s, PAR-2=0.53s
[DEBUG] Processing 1411/2279: UFLIA/sledgehammer/QEpres/smtlib.580681.smt2
[DEBUG] Predicted solver: cvc5 for benchmark UFLIA/sledgehammer/QEpres/smtlib.580681.smt2
[DEBUG] Benchmark UFLIA/sledgehammer/QEpres/smtlib.580681.smt2: solved=False, runtime=1200.00s, PAR-2=2400.00s
[DEBUG] Processing 1412/2279: UFLIA/grasshopper/instantiated/split_postcondition_of_split_45_1.smt2
[DEBUG] Predicted solver: cvc5 for benchmark UFLIA/grasshopper/instantiated/split_postcondition_of_split_45_1.smt2
[DEBUG] Benchmark UFLIA/grasshopper/instantiated/split_postcondition_of_split_45_1.smt2: solved=True, runtime=0.40s, PAR-2=0.40s
[DEBUG] Processing 1413/2279: UFLIA/simplify/javafe.ast.InitBlock.198.smt2
[DEBUG] Predicted solver: cvc5 for benchmark UFLIA/simplify/javafe.ast.InitBlock.198.smt2
[DEBUG] Benchmark UFLIA/simplify/javafe.ast.InitBlock.198.smt2: solved=True, runtime=0.57s, PAR-2=0.57s
[DEBUG] Processing 1414/2279: UFLIA/boogie/Strings_test3.XY.M3_System.Object_notnull.smt2
[DEBUG] Predicted solver: cvc5 for benchmark UFLIA/boogie/Strings_test3.XY.M3_System.Object_notnull.smt2
[DEBUG] Benchmark UFLIA/boogie/Strings_test3.XY.M3_System.Object_notnull.smt2: solved=False, runtime=1200.00s, PAR-2=2400.00s
[DEBUG] Processing 1415/2279: UFLIA/sledgehammer/QEpres/smtlib.827295.smt2
[DEBUG] Predicted solver: cvc5 for benchmark UFLIA/sledgehammer/QEpres/smtlib.827295.smt2
[DEBUG] Benchmark UFLIA/sledgehammer/QEpres/smtlib.827295.smt2: solved=False, runtime=1200.00s, PAR-2=2400.00s
[DEBUG] Processing 1416/2279: UFLIA/sledgehammer/QEpres/smtlib.1158396.smt2
[DEBUG] Predicted solver: cvc5 for benchmark UFLIA/sledgehammer/QEpres/smtlib.1158396.smt2
[DEBUG] Benchmark UFLIA/sledgehammer/QEpres/smtlib.1158396.smt2: solved=False, runtime=1200.00s, PAR-2=2400.00s
[DEBUG] Processing 1417/2279: UFLIA/boogie/ExactTypes_Z1..ctor.smt2
[DEBUG] Predicted solver: cvc5 for benchmark UFLIA/boogie/ExactTypes_Z1..ctor.smt2
[DEBUG] Benchmark UFLIA/boogie/ExactTypes_Z1..ctor.smt2: solved=True, runtime=0.47s, PAR-2=0.47s
[DEBUG] Processing 1418/2279: UFLIA/simplify/javafe.ast.TryFinallyStmt.363.smt2
[DEBUG] Predicted solver: cvc5 for benchmark UFLIA/simplify/javafe.ast.TryFinallyStmt.363.smt2
[DEBUG] Benchmark UFLIA/simplify/javafe.ast.TryFinallyStmt.363.smt2: solved=True, runtime=1.42s, PAR-2=1.42s
[DEBUG] Processing 1419/2279: UFLIA/sledgehammer/FFT/z3.585522.smt2
[DEBUG] Predicted solver: iProver for benchmark UFLIA/sledgehammer/FFT/z3.585522.smt2
[DEBUG] Benchmark UFLIA/sledgehammer/FFT/z3.585522.smt2: solved=False, runtime=1200.00s, PAR-2=2400.00s
[DEBUG] Processing 1420/2279: UFLIA/sledgehammer/Fundamental_Theorem_Algebra/smtlib.1019572.smt2
[DEBUG] Predicted solver: cvc5 for benchmark UFLIA/sledgehammer/Fundamental_Theorem_Algebra/smtlib.1019572.smt2
[DEBUG] Benchmark UFLIA/sledgehammer/Fundamental_Theorem_Algebra/smtlib.1019572.smt2: solved=True, runtime=0.49s, PAR-2=0.49s
[DEBUG] Processing 1421/2279: UFLIA/simplify2/front_end_suite/javafe.CopyLoaded.022.smt2
[DEBUG] Predicted solver: cvc5 for benchmark UFLIA/simplify2/front_end_suite/javafe.CopyLoaded.022.smt2
[DEBUG] Benchmark UFLIA/simplify2/front_end_suite/javafe.CopyLoaded.022.smt2: solved=True, runtime=0.33s, PAR-2=0.33s
[DEBUG] Processing 1422/2279: UFLIA/grasshopper/uninstantiated/contains_postcondition_of_contains_49_7.smt2
[DEBUG] Predicted solver: cvc5 for benchmark UFLIA/grasshopper/uninstantiated/contains_postcondition_of_contains_49_7.smt2
[DEBUG] Benchmark UFLIA/grasshopper/uninstantiated/contains_postcondition_of_contains_49_7.smt2: solved=True, runtime=1.93s, PAR-2=1.93s
[DEBUG] Processing 1423/2279: UFLIA/sledgehammer/NS_Shared/smtlib.606095.smt2
[DEBUG] Predicted solver: cvc5 for benchmark UFLIA/sledgehammer/NS_Shared/smtlib.606095.smt2
[DEBUG] Benchmark UFLIA/sledgehammer/NS_Shared/smtlib.606095.smt2: solved=False, runtime=1200.00s, PAR-2=2400.00s
[DEBUG] Processing 1424/2279: UFLIA/boogie/AdditiveMethods_Sub..ctor.smt2
[DEBUG] Predicted solver: cvc5 for benchmark UFLIA/boogie/AdditiveMethods_Sub..ctor.smt2
[DEBUG] Benchmark UFLIA/boogie/AdditiveMethods_Sub..ctor.smt2: solved=True, runtime=0.36s, PAR-2=0.36s
[DEBUG] Processing 1425/2279: UFLIA/sledgehammer/QEpres/smtlib.1070667.smt2
[DEBUG] Predicted solver: cvc5 for benchmark UFLIA/sledgehammer/QEpres/smtlib.1070667.smt2
[DEBUG] Benchmark UFLIA/sledgehammer/QEpres/smtlib.1070667.smt2: solved=False, runtime=1200.00s, PAR-2=2400.00s
[DEBUG] Processing 1426/2279: UFLIA/sledgehammer/Fundamental_Theorem_Algebra/smtlib.832222.smt2
[DEBUG] Predicted solver: cvc5 for benchmark UFLIA/sledgehammer/Fundamental_Theorem_Algebra/smtlib.832222.smt2
[DEBUG] Benchmark UFLIA/sledgehammer/Fundamental_Theorem_Algebra/smtlib.832222.smt2: solved=True, runtime=0.35s, PAR-2=0.35s
[DEBUG] Processing 1427/2279: UFLIA/simplify/javafe.ast.ImportDeclVec.196.smt2
[DEBUG] Predicted solver: cvc5 for benchmark UFLIA/simplify/javafe.ast.ImportDeclVec.196.smt2
[DEBUG] Benchmark UFLIA/simplify/javafe.ast.ImportDeclVec.196.smt2: solved=True, runtime=0.38s, PAR-2=0.38s
[DEBUG] Processing 1428/2279: UFLIA/simplify2/front_end_suite/javafe.tc.TypeSigVec.012.smt2
[DEBUG] Predicted solver: cvc5 for benchmark UFLIA/simplify2/front_end_suite/javafe.tc.TypeSigVec.012.smt2
[DEBUG] Benchmark UFLIA/simplify2/front_end_suite/javafe.tc.TypeSigVec.012.smt2: solved=True, runtime=0.83s, PAR-2=0.83s
[DEBUG] Processing 1429/2279: UFLIA/simplify2/front_end_suite/javafe.tc.FieldDeclVec.005.smt2
[DEBUG] Predicted solver: cvc5 for benchmark UFLIA/simplify2/front_end_suite/javafe.tc.FieldDeclVec.005.smt2
[DEBUG] Benchmark UFLIA/simplify2/front_end_suite/javafe.tc.FieldDeclVec.005.smt2: solved=True, runtime=0.37s, PAR-2=0.37s
[DEBUG] Processing 1430/2279: UFLIA/simplify2/front_end_suite/javafe.util.BufferedCorrelatedReader.005.smt2
[DEBUG] Predicted solver: cvc5 for benchmark UFLIA/simplify2/front_end_suite/javafe.util.BufferedCorrelatedReader.005.smt2
[DEBUG] Benchmark UFLIA/simplify2/front_end_suite/javafe.util.BufferedCorrelatedReader.005.smt2: solved=True, runtime=0.48s, PAR-2=0.48s
[DEBUG] Processing 1431/2279: UFLIA/simplify2/front_end_suite/javafe.ast.TypeNameVec.008.smt2
[DEBUG] Predicted solver: cvc5 for benchmark UFLIA/simplify2/front_end_suite/javafe.ast.TypeNameVec.008.smt2
[DEBUG] Benchmark UFLIA/simplify2/front_end_suite/javafe.ast.TypeNameVec.008.smt2: solved=True, runtime=0.29s, PAR-2=0.29s
[DEBUG] Processing 1432/2279: UFLIA/sledgehammer/Hoare/smtlib.1193173.smt2
[DEBUG] Predicted solver: iProver for benchmark UFLIA/sledgehammer/Hoare/smtlib.1193173.smt2
[DEBUG] Benchmark UFLIA/sledgehammer/Hoare/smtlib.1193173.smt2: solved=True, runtime=1.41s, PAR-2=1.41s
[DEBUG] Processing 1433/2279: UFLIA/sledgehammer/Fundamental_Theorem_Algebra/smtlib.1421266.smt2
[DEBUG] Predicted solver: SMTInterpol for benchmark UFLIA/sledgehammer/Fundamental_Theorem_Algebra/smtlib.1421266.smt2
[DEBUG] Benchmark UFLIA/sledgehammer/Fundamental_Theorem_Algebra/smtlib.1421266.smt2: solved=True, runtime=1.10s, PAR-2=1.10s
[DEBUG] Processing 1434/2279: UFLIA/sledgehammer/QEpres/smtlib.972101.smt2
[DEBUG] Predicted solver: cvc5 for benchmark UFLIA/sledgehammer/QEpres/smtlib.972101.smt2
[DEBUG] Benchmark UFLIA/sledgehammer/QEpres/smtlib.972101.smt2: solved=False, runtime=1200.00s, PAR-2=2400.00s
[DEBUG] Processing 1435/2279: UFLIA/boogie/Modifies_Arraytests.Bad_System.Int32.array_notnull-level_2.smt2
[DEBUG] Predicted solver: cvc5 for benchmark UFLIA/boogie/Modifies_Arraytests.Bad_System.Int32.array_notnull-level_2.smt2
[DEBUG] Benchmark UFLIA/boogie/Modifies_Arraytests.Bad_System.Int32.array_notnull-level_2.smt2: solved=False, runtime=1200.00s, PAR-2=2400.00s
[DEBUG] Processing 1436/2279: UFLIA/boogie/Modifies_T..ctor-level_2.smt2
[DEBUG] Predicted solver: cvc5 for benchmark UFLIA/boogie/Modifies_T..ctor-level_2.smt2
[DEBUG] Benchmark UFLIA/boogie/Modifies_T..ctor-level_2.smt2: solved=True, runtime=0.39s, PAR-2=0.39s
[DEBUG] Processing 1437/2279: UFLIA/simplify/javafe.ast.StmtVec.324.smt2
[DEBUG] Predicted solver: cvc5 for benchmark UFLIA/simplify/javafe.ast.StmtVec.324.smt2
[DEBUG] Benchmark UFLIA/simplify/javafe.ast.StmtVec.324.smt2: solved=True, runtime=0.27s, PAR-2=0.27s
[DEBUG] Processing 1438/2279: UFLIA/simplify2/front_end_suite/javafe.ast.TypeDeclVec.020.smt2
[DEBUG] Predicted solver: cvc5 for benchmark UFLIA/simplify2/front_end_suite/javafe.ast.TypeDeclVec.020.smt2
[DEBUG] Benchmark UFLIA/simplify2/front_end_suite/javafe.ast.TypeDeclVec.020.smt2: solved=True, runtime=1.27s, PAR-2=1.27s
[DEBUG] Processing 1439/2279: UFLIA/sledgehammer/Hoare/z3.571837.smt2
[DEBUG] Predicted solver: cvc5 for benchmark UFLIA/sledgehammer/Hoare/z3.571837.smt2
[DEBUG] Benchmark UFLIA/sledgehammer/Hoare/z3.571837.smt2: solved=True, runtime=0.23s, PAR-2=0.23s
[DEBUG] Processing 1440/2279: UFLIA/simplify2/front_end_suite/javafe.ast.InitBlock.007.smt2
[DEBUG] Predicted solver: cvc5 for benchmark UFLIA/simplify2/front_end_suite/javafe.ast.InitBlock.007.smt2
[DEBUG] Benchmark UFLIA/simplify2/front_end_suite/javafe.ast.InitBlock.007.smt2: solved=True, runtime=0.63s, PAR-2=0.63s
[DEBUG] Processing 1441/2279: UFLIA/boogie/BasicMethodology_BasicMethodology.PeekBelow.smt2
[DEBUG] Predicted solver: cvc5 for benchmark UFLIA/boogie/BasicMethodology_BasicMethodology.PeekBelow.smt2
[DEBUG] Benchmark UFLIA/boogie/BasicMethodology_BasicMethodology.PeekBelow.smt2: solved=True, runtime=0.58s, PAR-2=0.58s
[DEBUG] Processing 1442/2279: UFLIA/boogie/Typeof_Typeof.M.smt2
[DEBUG] Predicted solver: cvc5 for benchmark UFLIA/boogie/Typeof_Typeof.M.smt2
[DEBUG] Benchmark UFLIA/boogie/Typeof_Typeof.M.smt2: solved=True, runtime=0.31s, PAR-2=0.31s
[DEBUG] Processing 1443/2279: UFLIA/grasshopper/uninstantiated/difference_check_heap_access_35_8.smt2
[DEBUG] Predicted solver: cvc5 for benchmark UFLIA/grasshopper/uninstantiated/difference_check_heap_access_35_8.smt2
[DEBUG] Benchmark UFLIA/grasshopper/uninstantiated/difference_check_heap_access_35_8.smt2: solved=True, runtime=0.41s, PAR-2=0.41s
[DEBUG] Processing 1444/2279: UFLIA/simplify2/front_end_suite/javafe.ast.ModifierPragmaVec.017.smt2
[DEBUG] Predicted solver: cvc5 for benchmark UFLIA/simplify2/front_end_suite/javafe.ast.ModifierPragmaVec.017.smt2
[DEBUG] Benchmark UFLIA/simplify2/front_end_suite/javafe.ast.ModifierPragmaVec.017.smt2: solved=True, runtime=0.37s, PAR-2=0.37s
[DEBUG] Processing 1445/2279: UFLIA/sledgehammer/Arrow_Order/smtlib.695410.smt2
[DEBUG] Predicted solver: cvc5 for benchmark UFLIA/sledgehammer/Arrow_Order/smtlib.695410.smt2
[DEBUG] Benchmark UFLIA/sledgehammer/Arrow_Order/smtlib.695410.smt2: solved=True, runtime=120.61s, PAR-2=120.61s
[DEBUG] Processing 1446/2279: UFLIA/sledgehammer/QEpres/smtlib.618774.smt2
[DEBUG] Predicted solver: iProver for benchmark UFLIA/sledgehammer/QEpres/smtlib.618774.smt2
[DEBUG] Benchmark UFLIA/sledgehammer/QEpres/smtlib.618774.smt2: solved=True, runtime=2.87s, PAR-2=2.87s
[DEBUG] Processing 1447/2279: UFLIA/simplify/javafe.filespace.TreeWalker.513.smt2
[DEBUG] Predicted solver: cvc5 for benchmark UFLIA/simplify/javafe.filespace.TreeWalker.513.smt2
[DEBUG] Benchmark UFLIA/simplify/javafe.filespace.TreeWalker.513.smt2: solved=True, runtime=0.27s, PAR-2=0.27s
[DEBUG] Processing 1448/2279: UFLIA/sledgehammer/Hoare/smtlib.1142111.smt2
[DEBUG] Predicted solver: cvc5 for benchmark UFLIA/sledgehammer/Hoare/smtlib.1142111.smt2
[DEBUG] Benchmark UFLIA/sledgehammer/Hoare/smtlib.1142111.smt2: solved=False, runtime=1200.00s, PAR-2=2400.00s
[DEBUG] Processing 1449/2279: UFLIA/boogie/VisibilityBasedInvariants_Thing..ctor.smt2
[DEBUG] Predicted solver: cvc5 for benchmark UFLIA/boogie/VisibilityBasedInvariants_Thing..ctor.smt2
[DEBUG] Benchmark UFLIA/boogie/VisibilityBasedInvariants_Thing..ctor.smt2: solved=True, runtime=0.38s, PAR-2=0.38s
[DEBUG] Processing 1450/2279: UFLIA/simplify/javafe.util.BufferedCorrelatedReader.775.smt2
[DEBUG] Predicted solver: cvc5 for benchmark UFLIA/simplify/javafe.util.BufferedCorrelatedReader.775.smt2
[DEBUG] Benchmark UFLIA/simplify/javafe.util.BufferedCorrelatedReader.775.smt2: solved=True, runtime=1.35s, PAR-2=1.35s
[DEBUG] Processing 1451/2279: UFLIA/sledgehammer/StrongNorm/smtlib.667813.smt2
[DEBUG] Predicted solver: cvc5 for benchmark UFLIA/sledgehammer/StrongNorm/smtlib.667813.smt2
[DEBUG] Benchmark UFLIA/sledgehammer/StrongNorm/smtlib.667813.smt2: solved=True, runtime=0.36s, PAR-2=0.36s
[DEBUG] Processing 1452/2279: UFLIA/sledgehammer/TypeSafe/smtlib.1022424.smt2
[DEBUG] Predicted solver: cvc5 for benchmark UFLIA/sledgehammer/TypeSafe/smtlib.1022424.smt2
[DEBUG] Benchmark UFLIA/sledgehammer/TypeSafe/smtlib.1022424.smt2: solved=True, runtime=31.57s, PAR-2=31.57s
[DEBUG] Processing 1453/2279: UFLIA/sledgehammer/QEpres/smtlib.899134.smt2
[DEBUG] Predicted solver: iProver for benchmark UFLIA/sledgehammer/QEpres/smtlib.899134.smt2
[DEBUG] Benchmark UFLIA/sledgehammer/QEpres/smtlib.899134.smt2: solved=False, runtime=1200.00s, PAR-2=2400.00s
[DEBUG] Processing 1454/2279: UFLIA/simplify2/front_end_suite/javafe.ast.ExprVec.008.smt2
[DEBUG] Predicted solver: cvc5 for benchmark UFLIA/simplify2/front_end_suite/javafe.ast.ExprVec.008.smt2
[DEBUG] Benchmark UFLIA/simplify2/front_end_suite/javafe.ast.ExprVec.008.smt2: solved=True, runtime=0.27s, PAR-2=0.27s
[DEBUG] Processing 1455/2279: UFLIA/simplify2/front_end_suite/javafe.parser.test.TestExpr.002.smt2
[DEBUG] Predicted solver: cvc5 for benchmark UFLIA/simplify2/front_end_suite/javafe.parser.test.TestExpr.002.smt2
[DEBUG] Benchmark UFLIA/simplify2/front_end_suite/javafe.parser.test.TestExpr.002.smt2: solved=True, runtime=119.10s, PAR-2=119.10s
[DEBUG] Processing 1456/2279: UFLIA/boogie/Search_Search.Reverse_Div_System.Int32.array_notnull-noinfer.smt2
[DEBUG] Predicted solver: cvc5 for benchmark UFLIA/boogie/Search_Search.Reverse_Div_System.Int32.array_notnull-noinfer.smt2
[DEBUG] Benchmark UFLIA/boogie/Search_Search.Reverse_Div_System.Int32.array_notnull-noinfer.smt2: solved=False, runtime=1200.00s, PAR-2=2400.00s
[DEBUG] Processing 1457/2279: UFLIA/tokeneer/auditlog/addelementtologfilewithtruncatechecks-3.smt2
[DEBUG] Predicted solver: iProver for benchmark UFLIA/tokeneer/auditlog/addelementtologfilewithtruncatechecks-3.smt2
[DEBUG] Benchmark UFLIA/tokeneer/auditlog/addelementtologfilewithtruncatechecks-3.smt2: solved=False, runtime=1200.00s, PAR-2=2400.00s
[DEBUG] Processing 1458/2279: UFLIA/simplify2/front_end_suite/javafe.ast.InstanceOfExpr.011.smt2
[DEBUG] Predicted solver: cvc5 for benchmark UFLIA/simplify2/front_end_suite/javafe.ast.InstanceOfExpr.011.smt2
[DEBUG] Benchmark UFLIA/simplify2/front_end_suite/javafe.ast.InstanceOfExpr.011.smt2: solved=True, runtime=0.59s, PAR-2=0.59s
[DEBUG] Processing 1459/2279: UFLIA/simplify2/front_end_suite/javafe.ast.BinaryExpr.003.smt2
[DEBUG] Predicted solver: cvc5 for benchmark UFLIA/simplify2/front_end_suite/javafe.ast.BinaryExpr.003.smt2
[DEBUG] Benchmark UFLIA/simplify2/front_end_suite/javafe.ast.BinaryExpr.003.smt2: solved=True, runtime=6.69s, PAR-2=6.69s
[DEBUG] Processing 1460/2279: UFLIA/simplify2/front_end_suite/javafe.tc.PrepTypeDeclaration.020.smt2
[DEBUG] Predicted solver: cvc5 for benchmark UFLIA/simplify2/front_end_suite/javafe.tc.PrepTypeDeclaration.020.smt2
[DEBUG] Benchmark UFLIA/simplify2/front_end_suite/javafe.tc.PrepTypeDeclaration.020.smt2: solved=True, runtime=7.25s, PAR-2=7.25s
[DEBUG] Processing 1461/2279: UFLIA/sledgehammer/Fundamental_Theorem_Algebra/smtlib.1382477.smt2
[DEBUG] Predicted solver: cvc5 for benchmark UFLIA/sledgehammer/Fundamental_Theorem_Algebra/smtlib.1382477.smt2
[DEBUG] Benchmark UFLIA/sledgehammer/Fundamental_Theorem_Algebra/smtlib.1382477.smt2: solved=False, runtime=1200.00s, PAR-2=2400.00s
[DEBUG] Processing 1462/2279: UFLIA/boogie/loopinv0-nonnull_TestEnumerable..ctor-modifiesOnLoop.smt2
[DEBUG] Predicted solver: cvc5 for benchmark UFLIA/boogie/loopinv0-nonnull_TestEnumerable..ctor-modifiesOnLoop.smt2
[DEBUG] Benchmark UFLIA/boogie/loopinv0-nonnull_TestEnumerable..ctor-modifiesOnLoop.smt2: solved=True, runtime=0.34s, PAR-2=0.34s
[DEBUG] Processing 1463/2279: UFLIA/boogie/Chunker1_Chunker..ctor_System.String_System.Int32.smt2
[DEBUG] Predicted solver: cvc5 for benchmark UFLIA/boogie/Chunker1_Chunker..ctor_System.String_System.Int32.smt2
[DEBUG] Benchmark UFLIA/boogie/Chunker1_Chunker..ctor_System.String_System.Int32.smt2: solved=False, runtime=1200.00s, PAR-2=2400.00s
[DEBUG] Processing 1464/2279: UFLIA/sledgehammer/FFT/smtlib.703335.smt2
[DEBUG] Predicted solver: iProver for benchmark UFLIA/sledgehammer/FFT/smtlib.703335.smt2
[DEBUG] Benchmark UFLIA/sledgehammer/FFT/smtlib.703335.smt2: solved=False, runtime=1200.00s, PAR-2=2400.00s
[DEBUG] Processing 1465/2279: UFLIA/sledgehammer/Fundamental_Theorem_Algebra/smtlib.1301863.smt2
[DEBUG] Predicted solver: cvc5 for benchmark UFLIA/sledgehammer/Fundamental_Theorem_Algebra/smtlib.1301863.smt2
[DEBUG] Benchmark UFLIA/sledgehammer/Fundamental_Theorem_Algebra/smtlib.1301863.smt2: solved=False, runtime=1200.00s, PAR-2=2400.00s
[DEBUG] Processing 1466/2279: UFLIA/sledgehammer/NS_Shared/smtlib.582588.smt2
[DEBUG] Predicted solver: cvc5 for benchmark UFLIA/sledgehammer/NS_Shared/smtlib.582588.smt2
[DEBUG] Benchmark UFLIA/sledgehammer/NS_Shared/smtlib.582588.smt2: solved=False, runtime=1200.00s, PAR-2=2400.00s
[DEBUG] Processing 1467/2279: UFLIA/simplify2/front_end_suite/javafe.ast.TryCatchStmt.008.smt2
[DEBUG] Predicted solver: cvc5 for benchmark UFLIA/simplify2/front_end_suite/javafe.ast.TryCatchStmt.008.smt2
[DEBUG] Benchmark UFLIA/simplify2/front_end_suite/javafe.ast.TryCatchStmt.008.smt2: solved=True, runtime=15.06s, PAR-2=15.06s
[DEBUG] Processing 1468/2279: UFLIA/sledgehammer/TwoSquares/smtlib.912724.smt2
[DEBUG] Predicted solver: cvc5 for benchmark UFLIA/sledgehammer/TwoSquares/smtlib.912724.smt2
[DEBUG] Benchmark UFLIA/sledgehammer/TwoSquares/smtlib.912724.smt2: solved=True, runtime=0.28s, PAR-2=0.28s
[DEBUG] Processing 1469/2279: UFLIA/sledgehammer/Fundamental_Theorem_Algebra/smtlib.1028119.smt2
[DEBUG] Predicted solver: cvc5 for benchmark UFLIA/sledgehammer/Fundamental_Theorem_Algebra/smtlib.1028119.smt2
[DEBUG] Benchmark UFLIA/sledgehammer/Fundamental_Theorem_Algebra/smtlib.1028119.smt2: solved=False, runtime=1200.00s, PAR-2=2400.00s
[DEBUG] Processing 1470/2279: UFLIA/simplify2/front_end_suite/javafe.reader.ASTClassFileParser.015.smt2
[DEBUG] Predicted solver: cvc5 for benchmark UFLIA/simplify2/front_end_suite/javafe.reader.ASTClassFileParser.015.smt2
[DEBUG] Benchmark UFLIA/simplify2/front_end_suite/javafe.reader.ASTClassFileParser.015.smt2: solved=True, runtime=0.64s, PAR-2=0.64s
[DEBUG] Processing 1471/2279: UFLIA/sledgehammer/QEpres/smtlib.1193394.smt2
[DEBUG] Predicted solver: cvc5 for benchmark UFLIA/sledgehammer/QEpres/smtlib.1193394.smt2
[DEBUG] Benchmark UFLIA/sledgehammer/QEpres/smtlib.1193394.smt2: solved=True, runtime=0.36s, PAR-2=0.36s
[DEBUG] Processing 1472/2279: UFLIA/simplify2/front_end_suite/javafe.parser.ParseType.005.smt2
[DEBUG] Predicted solver: cvc5 for benchmark UFLIA/simplify2/front_end_suite/javafe.parser.ParseType.005.smt2
[DEBUG] Benchmark UFLIA/simplify2/front_end_suite/javafe.parser.ParseType.005.smt2: solved=True, runtime=0.47s, PAR-2=0.47s
[DEBUG] Processing 1473/2279: UFLIA/sledgehammer/StrongNorm/smtlib.812524.smt2
[DEBUG] Predicted solver: iProver for benchmark UFLIA/sledgehammer/StrongNorm/smtlib.812524.smt2
[DEBUG] Benchmark UFLIA/sledgehammer/StrongNorm/smtlib.812524.smt2: solved=False, runtime=1200.00s, PAR-2=2400.00s
[DEBUG] Processing 1474/2279: UFLIA/sledgehammer/Hoare/smtlib.699602.smt2
[DEBUG] Predicted solver: iProver for benchmark UFLIA/sledgehammer/Hoare/smtlib.699602.smt2
[DEBUG] Benchmark UFLIA/sledgehammer/Hoare/smtlib.699602.smt2: solved=False, runtime=1200.00s, PAR-2=2400.00s
[DEBUG] Processing 1475/2279: UFLIA/boogie/AssertFalse_F..ctor.smt2
[DEBUG] Predicted solver: cvc5 for benchmark UFLIA/boogie/AssertFalse_F..ctor.smt2
[DEBUG] Benchmark UFLIA/boogie/AssertFalse_F..ctor.smt2: solved=True, runtime=0.33s, PAR-2=0.33s
[DEBUG] Processing 1476/2279: UFLIA/simplify/javafe.ast.ModifierPragmaVec.257.smt2
[DEBUG] Predicted solver: cvc5 for benchmark UFLIA/simplify/javafe.ast.ModifierPragmaVec.257.smt2
[DEBUG] Benchmark UFLIA/simplify/javafe.ast.ModifierPragmaVec.257.smt2: solved=True, runtime=1.28s, PAR-2=1.28s
[DEBUG] Processing 1477/2279: UFLIA/sledgehammer/QEpres/smtlib.605153.smt2
[DEBUG] Predicted solver: cvc5 for benchmark UFLIA/sledgehammer/QEpres/smtlib.605153.smt2
[DEBUG] Benchmark UFLIA/sledgehammer/QEpres/smtlib.605153.smt2: solved=False, runtime=1200.00s, PAR-2=2400.00s
[DEBUG] Processing 1478/2279: UFLIA/sledgehammer/Fundamental_Theorem_Algebra/smtlib.1093842.smt2
[DEBUG] Predicted solver: cvc5 for benchmark UFLIA/sledgehammer/Fundamental_Theorem_Algebra/smtlib.1093842.smt2
[DEBUG] Benchmark UFLIA/sledgehammer/Fundamental_Theorem_Algebra/smtlib.1093842.smt2: solved=False, runtime=1200.00s, PAR-2=2400.00s
[DEBUG] Processing 1479/2279: UFLIA/sledgehammer/Hoare/z3.572409.smt2
[DEBUG] Predicted solver: cvc5 for benchmark UFLIA/sledgehammer/Hoare/z3.572409.smt2
[DEBUG] Benchmark UFLIA/sledgehammer/Hoare/z3.572409.smt2: solved=True, runtime=0.23s, PAR-2=0.23s
[DEBUG] Processing 1480/2279: UFLIA/sledgehammer/Hoare/smtlib.791190.smt2
[DEBUG] Predicted solver: SMTInterpol for benchmark UFLIA/sledgehammer/Hoare/smtlib.791190.smt2
[DEBUG] Benchmark UFLIA/sledgehammer/Hoare/smtlib.791190.smt2: solved=True, runtime=0.54s, PAR-2=0.54s
[DEBUG] Processing 1481/2279: UFLIA/sledgehammer/Fundamental_Theorem_Algebra/smtlib.855503.smt2
[DEBUG] Predicted solver: cvc5 for benchmark UFLIA/sledgehammer/Fundamental_Theorem_Algebra/smtlib.855503.smt2
[DEBUG] Benchmark UFLIA/sledgehammer/Fundamental_Theorem_Algebra/smtlib.855503.smt2: solved=True, runtime=0.23s, PAR-2=0.23s
[DEBUG] Processing 1482/2279: UFLIA/simplify2/front_end_suite/javafe.ast.WhileStmt.012.smt2
[DEBUG] Predicted solver: cvc5 for benchmark UFLIA/simplify2/front_end_suite/javafe.ast.WhileStmt.012.smt2
[DEBUG] Benchmark UFLIA/simplify2/front_end_suite/javafe.ast.WhileStmt.012.smt2: solved=True, runtime=0.69s, PAR-2=0.69s
[DEBUG] Processing 1483/2279: UFLIA/sledgehammer/Fundamental_Theorem_Algebra/smtlib.994479.smt2
[DEBUG] Predicted solver: cvc5 for benchmark UFLIA/sledgehammer/Fundamental_Theorem_Algebra/smtlib.994479.smt2
[DEBUG] Benchmark UFLIA/sledgehammer/Fundamental_Theorem_Algebra/smtlib.994479.smt2: solved=False, runtime=1200.00s, PAR-2=2400.00s
[DEBUG] Processing 1484/2279: UFLIA/sledgehammer/Fundamental_Theorem_Algebra/smtlib.1421719.smt2
[DEBUG] Predicted solver: SMTInterpol for benchmark UFLIA/sledgehammer/Fundamental_Theorem_Algebra/smtlib.1421719.smt2
[DEBUG] Benchmark UFLIA/sledgehammer/Fundamental_Theorem_Algebra/smtlib.1421719.smt2: solved=True, runtime=0.75s, PAR-2=0.75s
[DEBUG] Processing 1485/2279: UFLIA/sexpr/SES.PrettySx.DoIt_System.IO.TextReader_notnull_System.IO.TextWriter_notnull.smt2
[DEBUG] Predicted solver: cvc5 for benchmark UFLIA/sexpr/SES.PrettySx.DoIt_System.IO.TextReader_notnull_System.IO.TextWriter_notnull.smt2
[DEBUG] Benchmark UFLIA/sexpr/SES.PrettySx.DoIt_System.IO.TextReader_notnull_System.IO.TextWriter_notnull.smt2: solved=True, runtime=31.95s, PAR-2=31.95s
[DEBUG] Processing 1486/2279: UFLIA/sledgehammer/Fundamental_Theorem_Algebra/smtlib.867022.smt2
[DEBUG] Predicted solver: cvc5 for benchmark UFLIA/sledgehammer/Fundamental_Theorem_Algebra/smtlib.867022.smt2
[DEBUG] Benchmark UFLIA/sledgehammer/Fundamental_Theorem_Algebra/smtlib.867022.smt2: solved=False, runtime=1200.00s, PAR-2=2400.00s
[DEBUG] Processing 1487/2279: UFLIA/sledgehammer/QEpres/smtlib.792894.smt2
[DEBUG] Predicted solver: cvc5 for benchmark UFLIA/sledgehammer/QEpres/smtlib.792894.smt2
[DEBUG] Benchmark UFLIA/sledgehammer/QEpres/smtlib.792894.smt2: solved=False, runtime=1200.00s, PAR-2=2400.00s
[DEBUG] Processing 1488/2279: UFLIA/sledgehammer/Arrow_Order/smtlib.700080.smt2
[DEBUG] Predicted solver: cvc5 for benchmark UFLIA/sledgehammer/Arrow_Order/smtlib.700080.smt2
[DEBUG] Benchmark UFLIA/sledgehammer/Arrow_Order/smtlib.700080.smt2: solved=True, runtime=0.39s, PAR-2=0.39s
[DEBUG] Processing 1489/2279: UFLIA/sledgehammer/QEpres/smtlib.1125496.smt2
[DEBUG] Predicted solver: cvc5 for benchmark UFLIA/sledgehammer/QEpres/smtlib.1125496.smt2
[DEBUG] Benchmark UFLIA/sledgehammer/QEpres/smtlib.1125496.smt2: solved=False, runtime=1200.00s, PAR-2=2400.00s
[DEBUG] Processing 1490/2279: UFLIA/boogie/ValidAndPrevalid_Interval.Foo7.smt2
[DEBUG] Predicted solver: cvc5 for benchmark UFLIA/boogie/ValidAndPrevalid_Interval.Foo7.smt2
[DEBUG] Benchmark UFLIA/boogie/ValidAndPrevalid_Interval.Foo7.smt2: solved=False, runtime=1200.00s, PAR-2=2400.00s
[DEBUG] Processing 1491/2279: UFLIA/simplify2/front_end_suite/javafe.ast.VarDeclStmt.007.smt2
[DEBUG] Predicted solver: cvc5 for benchmark UFLIA/simplify2/front_end_suite/javafe.ast.VarDeclStmt.007.smt2
[DEBUG] Benchmark UFLIA/simplify2/front_end_suite/javafe.ast.VarDeclStmt.007.smt2: solved=True, runtime=12.55s, PAR-2=12.55s
[DEBUG] Processing 1492/2279: UFLIA/sledgehammer/Hoare/smtlib.824530.smt2
[DEBUG] Predicted solver: cvc5 for benchmark UFLIA/sledgehammer/Hoare/smtlib.824530.smt2
[DEBUG] Benchmark UFLIA/sledgehammer/Hoare/smtlib.824530.smt2: solved=False, runtime=1200.00s, PAR-2=2400.00s
[DEBUG] Processing 1493/2279: UFLIA/simplify2/front_end_suite/javafe.parser.TokenQueue.006.smt2
[DEBUG] Predicted solver: cvc5 for benchmark UFLIA/simplify2/front_end_suite/javafe.parser.TokenQueue.006.smt2
[DEBUG] Benchmark UFLIA/simplify2/front_end_suite/javafe.parser.TokenQueue.006.smt2: solved=True, runtime=1.84s, PAR-2=1.84s
[DEBUG] Processing 1494/2279: UFLIA/sledgehammer/Hoare/smtlib.1191313.smt2
[DEBUG] Predicted solver: cvc5 for benchmark UFLIA/sledgehammer/Hoare/smtlib.1191313.smt2
[DEBUG] Benchmark UFLIA/sledgehammer/Hoare/smtlib.1191313.smt2: solved=True, runtime=35.43s, PAR-2=35.43s
[DEBUG] Processing 1495/2279: UFLIA/boogie/Bag3_Bag..ctor_System.Int32.array_notnull.smt2
[DEBUG] Predicted solver: cvc5 for benchmark UFLIA/boogie/Bag3_Bag..ctor_System.Int32.array_notnull.smt2
[DEBUG] Benchmark UFLIA/boogie/Bag3_Bag..ctor_System.Int32.array_notnull.smt2: solved=True, runtime=1.49s, PAR-2=1.49s
[DEBUG] Processing 1496/2279: UFLIA/sledgehammer/QEpres/smtlib.701863.smt2
[DEBUG] Predicted solver: cvc5 for benchmark UFLIA/sledgehammer/QEpres/smtlib.701863.smt2
[DEBUG] Benchmark UFLIA/sledgehammer/QEpres/smtlib.701863.smt2: solved=False, runtime=1200.00s, PAR-2=2400.00s
[DEBUG] Processing 1497/2279: UFLIA/simplify2/front_end_suite/javafe.ast.TryCatchStmt.002.smt2
[DEBUG] Predicted solver: cvc5 for benchmark UFLIA/simplify2/front_end_suite/javafe.ast.TryCatchStmt.002.smt2
[DEBUG] Benchmark UFLIA/simplify2/front_end_suite/javafe.ast.TryCatchStmt.002.smt2: solved=True, runtime=0.47s, PAR-2=0.47s
[DEBUG] Processing 1498/2279: UFLIA/simplify2/front_end_suite/javafe.tc.MethodDeclVec.001.smt2
[DEBUG] Predicted solver: cvc5 for benchmark UFLIA/simplify2/front_end_suite/javafe.tc.MethodDeclVec.001.smt2
[DEBUG] Benchmark UFLIA/simplify2/front_end_suite/javafe.tc.MethodDeclVec.001.smt2: solved=True, runtime=1.08s, PAR-2=1.08s
[DEBUG] Processing 1499/2279: UFLIA/simplify/javafe.tc.MethodDeclVec.691.smt2
[DEBUG] Predicted solver: cvc5 for benchmark UFLIA/simplify/javafe.tc.MethodDeclVec.691.smt2
[DEBUG] Benchmark UFLIA/simplify/javafe.tc.MethodDeclVec.691.smt2: solved=True, runtime=16.81s, PAR-2=16.81s
[DEBUG] Processing 1500/2279: UFLIA/simplify2/front_end_suite/javafe.ast.CatchClause.006.smt2
[DEBUG] Predicted solver: cvc5 for benchmark UFLIA/simplify2/front_end_suite/javafe.ast.CatchClause.006.smt2
[DEBUG] Benchmark UFLIA/simplify2/front_end_suite/javafe.ast.CatchClause.006.smt2: solved=True, runtime=0.45s, PAR-2=0.45s
[DEBUG] Processing 1501/2279: UFLIA/boogie/Search_Search.ContainsZero_WithoutExplicitInvariant_System.Int32.array_notnull-noinfer.smt2
[DEBUG] Predicted solver: cvc5 for benchmark UFLIA/boogie/Search_Search.ContainsZero_WithoutExplicitInvariant_System.Int32.array_notnull-noinfer.smt2
[DEBUG] Benchmark UFLIA/boogie/Search_Search.ContainsZero_WithoutExplicitInvariant_System.Int32.array_notnull-noinfer.smt2: solved=False, runtime=1200.00s, PAR-2=2400.00s
[DEBUG] Processing 1502/2279: UFLIA/simplify2/front_end_suite/javafe.parser.ParseStmt.009.smt2
[DEBUG] Predicted solver: cvc5 for benchmark UFLIA/simplify2/front_end_suite/javafe.parser.ParseStmt.009.smt2
[DEBUG] Benchmark UFLIA/simplify2/front_end_suite/javafe.parser.ParseStmt.009.smt2: solved=True, runtime=11.24s, PAR-2=11.24s
[DEBUG] Processing 1503/2279: UFLIA/tokeneer/keystore/keymatchingissuerpresent-4.smt2
[DEBUG] Predicted solver: SMTInterpol for benchmark UFLIA/tokeneer/keystore/keymatchingissuerpresent-4.smt2
[DEBUG] Benchmark UFLIA/tokeneer/keystore/keymatchingissuerpresent-4.smt2: solved=False, runtime=1200.00s, PAR-2=2400.00s
[DEBUG] Processing 1504/2279: UFLIA/simplify2/front_end_suite/javafe.filespace.LookAheadEnum.004.smt2
[DEBUG] Predicted solver: cvc5 for benchmark UFLIA/simplify2/front_end_suite/javafe.filespace.LookAheadEnum.004.smt2
[DEBUG] Benchmark UFLIA/simplify2/front_end_suite/javafe.filespace.LookAheadEnum.004.smt2: solved=True, runtime=0.25s, PAR-2=0.25s
[DEBUG] Processing 1505/2279: UFLIA/simplify2/front_end_suite/javafe.parser.Lex.010.smt2
[DEBUG] Predicted solver: cvc5 for benchmark UFLIA/simplify2/front_end_suite/javafe.parser.Lex.010.smt2
[DEBUG] Benchmark UFLIA/simplify2/front_end_suite/javafe.parser.Lex.010.smt2: solved=True, runtime=0.50s, PAR-2=0.50s
[DEBUG] Processing 1506/2279: UFLIA/sledgehammer/Fundamental_Theorem_Algebra/smtlib.1007031.smt2
[DEBUG] Predicted solver: cvc5 for benchmark UFLIA/sledgehammer/Fundamental_Theorem_Algebra/smtlib.1007031.smt2
[DEBUG] Benchmark UFLIA/sledgehammer/Fundamental_Theorem_Algebra/smtlib.1007031.smt2: solved=True, runtime=0.36s, PAR-2=0.36s
[DEBUG] Processing 1507/2279: UFLIA/sledgehammer/Fundamental_Theorem_Algebra/smtlib.925838.smt2
[DEBUG] Predicted solver: cvc5 for benchmark UFLIA/sledgehammer/Fundamental_Theorem_Algebra/smtlib.925838.smt2
[DEBUG] Benchmark UFLIA/sledgehammer/Fundamental_Theorem_Algebra/smtlib.925838.smt2: solved=True, runtime=0.26s, PAR-2=0.26s
[DEBUG] Processing 1508/2279: UFLIA/simplify2/front_end_suite/javafe.ast.CompoundName.007.smt2
[DEBUG] Predicted solver: cvc5 for benchmark UFLIA/simplify2/front_end_suite/javafe.ast.CompoundName.007.smt2
[DEBUG] Benchmark UFLIA/simplify2/front_end_suite/javafe.ast.CompoundName.007.smt2: solved=True, runtime=7.42s, PAR-2=7.42s
[DEBUG] Processing 1509/2279: UFLIA/sledgehammer/NS_Shared/smtlib.873666.smt2
[DEBUG] Predicted solver: cvc5 for benchmark UFLIA/sledgehammer/NS_Shared/smtlib.873666.smt2
[DEBUG] Benchmark UFLIA/sledgehammer/NS_Shared/smtlib.873666.smt2: solved=False, runtime=1200.00s, PAR-2=2400.00s
[DEBUG] Processing 1510/2279: UFLIA/sledgehammer/Hoare/smtlib.738731.smt2
[DEBUG] Predicted solver: cvc5 for benchmark UFLIA/sledgehammer/Hoare/smtlib.738731.smt2
[DEBUG] Benchmark UFLIA/sledgehammer/Hoare/smtlib.738731.smt2: solved=False, runtime=1200.00s, PAR-2=2400.00s
[DEBUG] Processing 1511/2279: UFLIA/sledgehammer/Hoare/smtlib.913198.smt2
[DEBUG] Predicted solver: cvc5 for benchmark UFLIA/sledgehammer/Hoare/smtlib.913198.smt2
[DEBUG] Benchmark UFLIA/sledgehammer/Hoare/smtlib.913198.smt2: solved=True, runtime=30.47s, PAR-2=30.47s
[DEBUG] Processing 1512/2279: UFLIA/sledgehammer/FFT/smtlib.930722.smt2
[DEBUG] Predicted solver: cvc5 for benchmark UFLIA/sledgehammer/FFT/smtlib.930722.smt2
[DEBUG] Benchmark UFLIA/sledgehammer/FFT/smtlib.930722.smt2: solved=False, runtime=1200.00s, PAR-2=2400.00s
[DEBUG] Processing 1513/2279: UFLIA/sledgehammer/StrongNorm/smtlib.559679.smt2
[DEBUG] Predicted solver: iProver for benchmark UFLIA/sledgehammer/StrongNorm/smtlib.559679.smt2
[DEBUG] Benchmark UFLIA/sledgehammer/StrongNorm/smtlib.559679.smt2: solved=False, runtime=1200.00s, PAR-2=2400.00s
[DEBUG] Processing 1514/2279: UFLIA/simplify2/front_end_suite/javafe.genericfile.ZipGenericFile.004.smt2
[DEBUG] Predicted solver: cvc5 for benchmark UFLIA/simplify2/front_end_suite/javafe.genericfile.ZipGenericFile.004.smt2
[DEBUG] Benchmark UFLIA/simplify2/front_end_suite/javafe.genericfile.ZipGenericFile.004.smt2: solved=True, runtime=0.25s, PAR-2=0.25s
[DEBUG] Processing 1515/2279: UFLIA/sledgehammer/QEpres/smtlib.897372.smt2
[DEBUG] Predicted solver: cvc5 for benchmark UFLIA/sledgehammer/QEpres/smtlib.897372.smt2
[DEBUG] Benchmark UFLIA/sledgehammer/QEpres/smtlib.897372.smt2: solved=False, runtime=1200.00s, PAR-2=2400.00s
[DEBUG] Processing 1516/2279: UFLIA/tokeneer/admin/startop-2.smt2
[DEBUG] Predicted solver: SMTInterpol for benchmark UFLIA/tokeneer/admin/startop-2.smt2
[DEBUG] Benchmark UFLIA/tokeneer/admin/startop-2.smt2: solved=False, runtime=1200.00s, PAR-2=2400.00s
[DEBUG] Processing 1517/2279: UFLIA/simplify/javafe.ast.LexicalPragmaVec.220.smt2
[DEBUG] Predicted solver: cvc5 for benchmark UFLIA/simplify/javafe.ast.LexicalPragmaVec.220.smt2
[DEBUG] Benchmark UFLIA/simplify/javafe.ast.LexicalPragmaVec.220.smt2: solved=True, runtime=4.34s, PAR-2=4.34s
[DEBUG] Processing 1518/2279: UFLIA/sledgehammer/StrongNorm/smtlib.758380.smt2
[DEBUG] Predicted solver: iProver for benchmark UFLIA/sledgehammer/StrongNorm/smtlib.758380.smt2
[DEBUG] Benchmark UFLIA/sledgehammer/StrongNorm/smtlib.758380.smt2: solved=False, runtime=1200.00s, PAR-2=2400.00s
[DEBUG] Processing 1519/2279: UFLIA/simplify2/front_end_suite/javafe.tc.FlowInsensitiveChecks.026.smt2
[DEBUG] Predicted solver: cvc5 for benchmark UFLIA/simplify2/front_end_suite/javafe.tc.FlowInsensitiveChecks.026.smt2
[DEBUG] Benchmark UFLIA/simplify2/front_end_suite/javafe.tc.FlowInsensitiveChecks.026.smt2: solved=True, runtime=0.62s, PAR-2=0.62s
[DEBUG] Processing 1520/2279: UFLIA/sledgehammer/TypeSafe/smtlib.897345.smt2
[DEBUG] Predicted solver: cvc5 for benchmark UFLIA/sledgehammer/TypeSafe/smtlib.897345.smt2
[DEBUG] Benchmark UFLIA/sledgehammer/TypeSafe/smtlib.897345.smt2: solved=False, runtime=1200.00s, PAR-2=2400.00s
[DEBUG] Processing 1521/2279: UFLIA/boogie/StrictReadOnly_C1.W0.smt2
[DEBUG] Predicted solver: cvc5 for benchmark UFLIA/boogie/StrictReadOnly_C1.W0.smt2
[DEBUG] Benchmark UFLIA/boogie/StrictReadOnly_C1.W0.smt2: solved=True, runtime=0.38s, PAR-2=0.38s
[DEBUG] Processing 1522/2279: UFLIA/sledgehammer/QEpres/smtlib.1149125.smt2
[DEBUG] Predicted solver: cvc5 for benchmark UFLIA/sledgehammer/QEpres/smtlib.1149125.smt2
[DEBUG] Benchmark UFLIA/sledgehammer/QEpres/smtlib.1149125.smt2: solved=False, runtime=1200.00s, PAR-2=2400.00s
[DEBUG] Processing 1523/2279: UFLIA/sledgehammer/FFT/smtlib.978844.smt2
[DEBUG] Predicted solver: cvc5 for benchmark UFLIA/sledgehammer/FFT/smtlib.978844.smt2
[DEBUG] Benchmark UFLIA/sledgehammer/FFT/smtlib.978844.smt2: solved=False, runtime=1200.00s, PAR-2=2400.00s
[DEBUG] Processing 1524/2279: UFLIA/boogie/PeerFields_PeerFields.Assign5.smt2
[DEBUG] Predicted solver: cvc5 for benchmark UFLIA/boogie/PeerFields_PeerFields.Assign5.smt2
[DEBUG] Benchmark UFLIA/boogie/PeerFields_PeerFields.Assign5.smt2: solved=True, runtime=0.35s, PAR-2=0.35s
[DEBUG] Processing 1525/2279: UFLIA/simplify2/front_end_suite/javafe.tc.FlowInsensitiveChecks.011.smt2
[DEBUG] Predicted solver: cvc5 for benchmark UFLIA/simplify2/front_end_suite/javafe.tc.FlowInsensitiveChecks.011.smt2
[DEBUG] Benchmark UFLIA/simplify2/front_end_suite/javafe.tc.FlowInsensitiveChecks.011.smt2: solved=True, runtime=29.72s, PAR-2=29.72s
[DEBUG] Processing 1526/2279: UFLIA/simplify/javafe.ast.VarInitVec.433.smt2
[DEBUG] Predicted solver: cvc5 for benchmark UFLIA/simplify/javafe.ast.VarInitVec.433.smt2
[DEBUG] Benchmark UFLIA/simplify/javafe.ast.VarInitVec.433.smt2: solved=True, runtime=4.37s, PAR-2=4.37s
[DEBUG] Processing 1527/2279: UFLIA/sledgehammer/Fundamental_Theorem_Algebra/smtlib.1195316.smt2
[DEBUG] Predicted solver: cvc5 for benchmark UFLIA/sledgehammer/Fundamental_Theorem_Algebra/smtlib.1195316.smt2
[DEBUG] Benchmark UFLIA/sledgehammer/Fundamental_Theorem_Algebra/smtlib.1195316.smt2: solved=True, runtime=0.25s, PAR-2=0.25s
[DEBUG] Processing 1528/2279: UFLIA/simplify2/front_end_suite/javafe.filespace.TreeWalker.005.smt2
[DEBUG] Predicted solver: cvc5 for benchmark UFLIA/simplify2/front_end_suite/javafe.filespace.TreeWalker.005.smt2
[DEBUG] Benchmark UFLIA/simplify2/front_end_suite/javafe.filespace.TreeWalker.005.smt2: solved=True, runtime=0.29s, PAR-2=0.29s
[DEBUG] Processing 1529/2279: UFLIA/sledgehammer/QEpres/smtlib.1224557.smt2
[DEBUG] Predicted solver: cvc5 for benchmark UFLIA/sledgehammer/QEpres/smtlib.1224557.smt2
[DEBUG] Benchmark UFLIA/sledgehammer/QEpres/smtlib.1224557.smt2: solved=False, runtime=1200.00s, PAR-2=2400.00s
[DEBUG] Processing 1530/2279: UFLIA/sledgehammer/Hoare/smtlib.945881.smt2
[DEBUG] Predicted solver: cvc5 for benchmark UFLIA/sledgehammer/Hoare/smtlib.945881.smt2
[DEBUG] Benchmark UFLIA/sledgehammer/Hoare/smtlib.945881.smt2: solved=False, runtime=1200.00s, PAR-2=2400.00s
[DEBUG] Processing 1531/2279: UFLIA/sledgehammer/Fundamental_Theorem_Algebra/smtlib.947468.smt2
[DEBUG] Predicted solver: cvc5 for benchmark UFLIA/sledgehammer/Fundamental_Theorem_Algebra/smtlib.947468.smt2
[DEBUG] Benchmark UFLIA/sledgehammer/Fundamental_Theorem_Algebra/smtlib.947468.smt2: solved=True, runtime=0.36s, PAR-2=0.36s
[DEBUG] Processing 1532/2279: UFLIA/sledgehammer/TwoSquares/smtlib.799355.smt2
[DEBUG] Predicted solver: SMTInterpol for benchmark UFLIA/sledgehammer/TwoSquares/smtlib.799355.smt2
[DEBUG] Benchmark UFLIA/sledgehammer/TwoSquares/smtlib.799355.smt2: solved=False, runtime=1200.00s, PAR-2=2400.00s
[DEBUG] Processing 1533/2279: UFLIA/boogie/ParamOut_Test..ctor.smt2
[DEBUG] Predicted solver: cvc5 for benchmark UFLIA/boogie/ParamOut_Test..ctor.smt2
[DEBUG] Benchmark UFLIA/boogie/ParamOut_Test..ctor.smt2: solved=True, runtime=0.33s, PAR-2=0.33s
[DEBUG] Processing 1534/2279: UFLIA/sledgehammer/QEpres/smtlib.590880.smt2
[DEBUG] Predicted solver: iProver for benchmark UFLIA/sledgehammer/QEpres/smtlib.590880.smt2
[DEBUG] Benchmark UFLIA/sledgehammer/QEpres/smtlib.590880.smt2: solved=False, runtime=1200.00s, PAR-2=2400.00s
[DEBUG] Processing 1535/2279: UFLIA/boogie/LocalExpose_S.V3.smt2
[DEBUG] Predicted solver: cvc5 for benchmark UFLIA/boogie/LocalExpose_S.V3.smt2
[DEBUG] Benchmark UFLIA/boogie/LocalExpose_S.V3.smt2: solved=False, runtime=1200.00s, PAR-2=2400.00s
[DEBUG] Processing 1536/2279: UFLIA/sledgehammer/FFT/smtlib.556944.smt2
[DEBUG] Predicted solver: cvc5 for benchmark UFLIA/sledgehammer/FFT/smtlib.556944.smt2
[DEBUG] Benchmark UFLIA/sledgehammer/FFT/smtlib.556944.smt2: solved=True, runtime=6.45s, PAR-2=6.45s
[DEBUG] Processing 1537/2279: UFLIA/simplify2/front_end_suite/javafe.filespace.TreeWalker.001.smt2
[DEBUG] Predicted solver: cvc5 for benchmark UFLIA/simplify2/front_end_suite/javafe.filespace.TreeWalker.001.smt2
[DEBUG] Benchmark UFLIA/simplify2/front_end_suite/javafe.filespace.TreeWalker.001.smt2: solved=True, runtime=0.81s, PAR-2=0.81s
[DEBUG] Processing 1538/2279: UFLIA/tokeneer/configdata/validatefile/readduration-4.smt2
[DEBUG] Predicted solver: SMTInterpol for benchmark UFLIA/tokeneer/configdata/validatefile/readduration-4.smt2
[DEBUG] Benchmark UFLIA/tokeneer/configdata/validatefile/readduration-4.smt2: solved=True, runtime=1.38s, PAR-2=1.38s
[DEBUG] Processing 1539/2279: UFLIA/sledgehammer/Arrow_Order/smtlib.761417.smt2
[DEBUG] Predicted solver: cvc5 for benchmark UFLIA/sledgehammer/Arrow_Order/smtlib.761417.smt2
[DEBUG] Benchmark UFLIA/sledgehammer/Arrow_Order/smtlib.761417.smt2: solved=True, runtime=3.53s, PAR-2=3.53s
[DEBUG] Processing 1540/2279: UFLIA/simplify2/front_end_suite/javafe.ast.TypeNameVec.017.smt2
[DEBUG] Predicted solver: cvc5 for benchmark UFLIA/simplify2/front_end_suite/javafe.ast.TypeNameVec.017.smt2
[DEBUG] Benchmark UFLIA/simplify2/front_end_suite/javafe.ast.TypeNameVec.017.smt2: solved=True, runtime=0.37s, PAR-2=0.37s
[DEBUG] Processing 1541/2279: UFLIA/simplify/javafe.ast.CatchClauseVec.68.smt2
[DEBUG] Predicted solver: cvc5 for benchmark UFLIA/simplify/javafe.ast.CatchClauseVec.68.smt2
[DEBUG] Benchmark UFLIA/simplify/javafe.ast.CatchClauseVec.68.smt2: solved=True, runtime=1.30s, PAR-2=1.30s
[DEBUG] Processing 1542/2279: UFLIA/simplify2/front_end_suite/javafe.ast.FormalParaDeclVec.012.smt2
[DEBUG] Predicted solver: cvc5 for benchmark UFLIA/simplify2/front_end_suite/javafe.ast.FormalParaDeclVec.012.smt2
[DEBUG] Benchmark UFLIA/simplify2/front_end_suite/javafe.ast.FormalParaDeclVec.012.smt2: solved=True, runtime=0.31s, PAR-2=0.31s
[DEBUG] Processing 1543/2279: UFLIA/sledgehammer/FFT/smtlib.997847.smt2
[DEBUG] Predicted solver: cvc5 for benchmark UFLIA/sledgehammer/FFT/smtlib.997847.smt2
[DEBUG] Benchmark UFLIA/sledgehammer/FFT/smtlib.997847.smt2: solved=False, runtime=1200.00s, PAR-2=2400.00s
[DEBUG] Processing 1544/2279: UFLIA/sledgehammer/Hoare/smtlib.895948.smt2
[DEBUG] Predicted solver: cvc5 for benchmark UFLIA/sledgehammer/Hoare/smtlib.895948.smt2
[DEBUG] Benchmark UFLIA/sledgehammer/Hoare/smtlib.895948.smt2: solved=True, runtime=31.77s, PAR-2=31.77s
[DEBUG] Processing 1545/2279: UFLIA/simplify2/front_end_suite/javafe.ast.MethodDecl.003.smt2
[DEBUG] Predicted solver: cvc5 for benchmark UFLIA/simplify2/front_end_suite/javafe.ast.MethodDecl.003.smt2
[DEBUG] Benchmark UFLIA/simplify2/front_end_suite/javafe.ast.MethodDecl.003.smt2: solved=True, runtime=0.87s, PAR-2=0.87s
[DEBUG] Processing 1546/2279: UFLIA/boogie/AdvancedTypes_Y1..ctor-orderStrength_1.smt2
[DEBUG] Predicted solver: cvc5 for benchmark UFLIA/boogie/AdvancedTypes_Y1..ctor-orderStrength_1.smt2
[DEBUG] Benchmark UFLIA/boogie/AdvancedTypes_Y1..ctor-orderStrength_1.smt2: solved=True, runtime=0.49s, PAR-2=0.49s
[DEBUG] Processing 1547/2279: UFLIA/simplify2/front_end_suite/javafe.filespace.Tree.009.smt2
[DEBUG] Predicted solver: cvc5 for benchmark UFLIA/simplify2/front_end_suite/javafe.filespace.Tree.009.smt2
[DEBUG] Benchmark UFLIA/simplify2/front_end_suite/javafe.filespace.Tree.009.smt2: solved=True, runtime=0.25s, PAR-2=0.25s
[DEBUG] Processing 1548/2279: UFLIA/sledgehammer/QEpres/smtlib.968761.smt2
[DEBUG] Predicted solver: cvc5 for benchmark UFLIA/sledgehammer/QEpres/smtlib.968761.smt2
[DEBUG] Benchmark UFLIA/sledgehammer/QEpres/smtlib.968761.smt2: solved=False, runtime=1200.00s, PAR-2=2400.00s
[DEBUG] Processing 1549/2279: UFLIA/boogie/StructTests_St.S_System.Int32.ptr_System.Int32.ptr-level_2.smt2
[DEBUG] Predicted solver: cvc5 for benchmark UFLIA/boogie/StructTests_St.S_System.Int32.ptr_System.Int32.ptr-level_2.smt2
[DEBUG] Benchmark UFLIA/boogie/StructTests_St.S_System.Int32.ptr_System.Int32.ptr-level_2.smt2: solved=False, runtime=1200.00s, PAR-2=2400.00s
[DEBUG] Processing 1550/2279: UFLIA/sledgehammer/Arrow_Order/smtlib.675297.smt2
[DEBUG] Predicted solver: cvc5 for benchmark UFLIA/sledgehammer/Arrow_Order/smtlib.675297.smt2
[DEBUG] Benchmark UFLIA/sledgehammer/Arrow_Order/smtlib.675297.smt2: solved=True, runtime=24.02s, PAR-2=24.02s
[DEBUG] Processing 1551/2279: UFLIA/boogie/Immutable_test3.Typeof.Foo_test3.Typeof_notnull.smt2
[DEBUG] Predicted solver: cvc5 for benchmark UFLIA/boogie/Immutable_test3.Typeof.Foo_test3.Typeof_notnull.smt2
[DEBUG] Benchmark UFLIA/boogie/Immutable_test3.Typeof.Foo_test3.Typeof_notnull.smt2: solved=True, runtime=0.42s, PAR-2=0.42s
[DEBUG] Processing 1552/2279: UFLIA/sledgehammer/QEpres/smtlib.1233359.smt2
[DEBUG] Predicted solver: cvc5 for benchmark UFLIA/sledgehammer/QEpres/smtlib.1233359.smt2
[DEBUG] Benchmark UFLIA/sledgehammer/QEpres/smtlib.1233359.smt2: solved=True, runtime=0.40s, PAR-2=0.40s
[DEBUG] Processing 1553/2279: UFLIA/sledgehammer/FFT/smtlib.584380.smt2
[DEBUG] Predicted solver: cvc5 for benchmark UFLIA/sledgehammer/FFT/smtlib.584380.smt2
[DEBUG] Benchmark UFLIA/sledgehammer/FFT/smtlib.584380.smt2: solved=False, runtime=1200.00s, PAR-2=2400.00s
[DEBUG] Processing 1554/2279: UFLIA/sledgehammer/Fundamental_Theorem_Algebra/smtlib.1229512.smt2
[DEBUG] Predicted solver: cvc5 for benchmark UFLIA/sledgehammer/Fundamental_Theorem_Algebra/smtlib.1229512.smt2
[DEBUG] Benchmark UFLIA/sledgehammer/Fundamental_Theorem_Algebra/smtlib.1229512.smt2: solved=True, runtime=0.72s, PAR-2=0.72s
[DEBUG] Processing 1555/2279: UFLIA/sledgehammer/TwoSquares/smtlib.922227.smt2
[DEBUG] Predicted solver: iProver for benchmark UFLIA/sledgehammer/TwoSquares/smtlib.922227.smt2
[DEBUG] Benchmark UFLIA/sledgehammer/TwoSquares/smtlib.922227.smt2: solved=True, runtime=2.37s, PAR-2=2.37s
[DEBUG] Processing 1556/2279: UFLIA/sledgehammer/Fundamental_Theorem_Algebra/smtlib.1369838.smt2
[DEBUG] Predicted solver: cvc5 for benchmark UFLIA/sledgehammer/Fundamental_Theorem_Algebra/smtlib.1369838.smt2
[DEBUG] Benchmark UFLIA/sledgehammer/Fundamental_Theorem_Algebra/smtlib.1369838.smt2: solved=False, runtime=1200.00s, PAR-2=2400.00s
[DEBUG] Processing 1557/2279: UFLIA/sledgehammer/Fundamental_Theorem_Algebra/smtlib.813155.smt2
[DEBUG] Predicted solver: cvc5 for benchmark UFLIA/sledgehammer/Fundamental_Theorem_Algebra/smtlib.813155.smt2
[DEBUG] Benchmark UFLIA/sledgehammer/Fundamental_Theorem_Algebra/smtlib.813155.smt2: solved=False, runtime=1200.00s, PAR-2=2400.00s
[DEBUG] Processing 1558/2279: UFLIA/sledgehammer/Fundamental_Theorem_Algebra/smtlib.1368086.smt2
[DEBUG] Predicted solver: cvc5 for benchmark UFLIA/sledgehammer/Fundamental_Theorem_Algebra/smtlib.1368086.smt2
[DEBUG] Benchmark UFLIA/sledgehammer/Fundamental_Theorem_Algebra/smtlib.1368086.smt2: solved=False, runtime=1200.00s, PAR-2=2400.00s
[DEBUG] Processing 1559/2279: UFLIA/simplify2/front_end_suite/javafe.ast.VariableAccess.011.smt2
[DEBUG] Predicted solver: cvc5 for benchmark UFLIA/simplify2/front_end_suite/javafe.ast.VariableAccess.011.smt2
[DEBUG] Benchmark UFLIA/simplify2/front_end_suite/javafe.ast.VariableAccess.011.smt2: solved=True, runtime=0.44s, PAR-2=0.44s
[DEBUG] Processing 1560/2279: UFLIA/sledgehammer/Fundamental_Theorem_Algebra/smtlib.840753.smt2
[DEBUG] Predicted solver: cvc5 for benchmark UFLIA/sledgehammer/Fundamental_Theorem_Algebra/smtlib.840753.smt2
[DEBUG] Benchmark UFLIA/sledgehammer/Fundamental_Theorem_Algebra/smtlib.840753.smt2: solved=True, runtime=6.70s, PAR-2=6.70s
[DEBUG] Processing 1561/2279: UFLIA/simplify2/front_end_suite/javafe.ast.TypeModifierPragmaVec.011.smt2
[DEBUG] Predicted solver: cvc5 for benchmark UFLIA/simplify2/front_end_suite/javafe.ast.TypeModifierPragmaVec.011.smt2
[DEBUG] Benchmark UFLIA/simplify2/front_end_suite/javafe.ast.TypeModifierPragmaVec.011.smt2: solved=True, runtime=0.28s, PAR-2=0.28s
[DEBUG] Processing 1562/2279: UFLIA/sledgehammer/Hoare/smtlib.698436.smt2
[DEBUG] Predicted solver: iProver for benchmark UFLIA/sledgehammer/Hoare/smtlib.698436.smt2
[DEBUG] Benchmark UFLIA/sledgehammer/Hoare/smtlib.698436.smt2: solved=False, runtime=1200.00s, PAR-2=2400.00s
[DEBUG] Processing 1563/2279: UFLIA/boogie/Change769_Test6..ctor.smt2
[DEBUG] Predicted solver: cvc5 for benchmark UFLIA/boogie/Change769_Test6..ctor.smt2
[DEBUG] Benchmark UFLIA/boogie/Change769_Test6..ctor.smt2: solved=True, runtime=0.35s, PAR-2=0.35s
[DEBUG] Processing 1564/2279: UFLIA/boogie/ValidAndPrevalid_Interval.SpecSharp.CheckInvariant_System.Boolean.smt2
[DEBUG] Predicted solver: cvc5 for benchmark UFLIA/boogie/ValidAndPrevalid_Interval.SpecSharp.CheckInvariant_System.Boolean.smt2
[DEBUG] Benchmark UFLIA/boogie/ValidAndPrevalid_Interval.SpecSharp.CheckInvariant_System.Boolean.smt2: solved=True, runtime=0.33s, PAR-2=0.33s
[DEBUG] Processing 1565/2279: UFLIA/sledgehammer/Fundamental_Theorem_Algebra/smtlib.1138742.smt2
[DEBUG] Predicted solver: cvc5 for benchmark UFLIA/sledgehammer/Fundamental_Theorem_Algebra/smtlib.1138742.smt2
[DEBUG] Benchmark UFLIA/sledgehammer/Fundamental_Theorem_Algebra/smtlib.1138742.smt2: solved=False, runtime=1200.00s, PAR-2=2400.00s
[DEBUG] Processing 1566/2279: UFLIA/simplify2/small_suite/getRootInterface.smt2
[DEBUG] Predicted solver: cvc5 for benchmark UFLIA/simplify2/small_suite/getRootInterface.smt2
[DEBUG] Benchmark UFLIA/simplify2/small_suite/getRootInterface.smt2: solved=True, runtime=7.17s, PAR-2=7.17s
[DEBUG] Processing 1567/2279: UFLIA/sledgehammer/QEpres/smtlib.1101410.smt2
[DEBUG] Predicted solver: cvc5 for benchmark UFLIA/sledgehammer/QEpres/smtlib.1101410.smt2
[DEBUG] Benchmark UFLIA/sledgehammer/QEpres/smtlib.1101410.smt2: solved=False, runtime=1200.00s, PAR-2=2400.00s
[DEBUG] Processing 1568/2279: UFLIA/sledgehammer/Fundamental_Theorem_Algebra/smtlib.1301634.smt2
[DEBUG] Predicted solver: cvc5 for benchmark UFLIA/sledgehammer/Fundamental_Theorem_Algebra/smtlib.1301634.smt2
[DEBUG] Benchmark UFLIA/sledgehammer/Fundamental_Theorem_Algebra/smtlib.1301634.smt2: solved=False, runtime=1200.00s, PAR-2=2400.00s
[DEBUG] Processing 1569/2279: UFLIA/sledgehammer/TwoSquares/smtlib.719513.smt2
[DEBUG] Predicted solver: cvc5 for benchmark UFLIA/sledgehammer/TwoSquares/smtlib.719513.smt2
[DEBUG] Benchmark UFLIA/sledgehammer/TwoSquares/smtlib.719513.smt2: solved=False, runtime=1200.00s, PAR-2=2400.00s
[DEBUG] Processing 1570/2279: UFLIA/sledgehammer/Fundamental_Theorem_Algebra/smtlib.1076732.smt2
[DEBUG] Predicted solver: cvc5 for benchmark UFLIA/sledgehammer/Fundamental_Theorem_Algebra/smtlib.1076732.smt2
[DEBUG] Benchmark UFLIA/sledgehammer/Fundamental_Theorem_Algebra/smtlib.1076732.smt2: solved=False, runtime=1200.00s, PAR-2=2400.00s
[DEBUG] Processing 1571/2279: UFLIA/simplify/javafe.reader.StandardTypeReader.617.smt2
[DEBUG] Predicted solver: cvc5 for benchmark UFLIA/simplify/javafe.reader.StandardTypeReader.617.smt2
[DEBUG] Benchmark UFLIA/simplify/javafe.reader.StandardTypeReader.617.smt2: solved=True, runtime=2.13s, PAR-2=2.13s
[DEBUG] Processing 1572/2279: UFLIA/sledgehammer/Fundamental_Theorem_Algebra/smtlib.1356111.smt2
[DEBUG] Predicted solver: SMTInterpol for benchmark UFLIA/sledgehammer/Fundamental_Theorem_Algebra/smtlib.1356111.smt2
[DEBUG] Benchmark UFLIA/sledgehammer/Fundamental_Theorem_Algebra/smtlib.1356111.smt2: solved=False, runtime=1200.00s, PAR-2=2400.00s
[DEBUG] Processing 1573/2279: UFLIA/simplify2/front_end_suite/javafe.ast.ParenExpr.006.smt2
[DEBUG] Predicted solver: cvc5 for benchmark UFLIA/simplify2/front_end_suite/javafe.ast.ParenExpr.006.smt2
[DEBUG] Benchmark UFLIA/simplify2/front_end_suite/javafe.ast.ParenExpr.006.smt2: solved=True, runtime=0.49s, PAR-2=0.49s
[DEBUG] Processing 1574/2279: UFLIA/sledgehammer/Arrow_Order/smtlib.798697.smt2
[DEBUG] Predicted solver: cvc5 for benchmark UFLIA/sledgehammer/Arrow_Order/smtlib.798697.smt2
[DEBUG] Benchmark UFLIA/sledgehammer/Arrow_Order/smtlib.798697.smt2: solved=True, runtime=0.49s, PAR-2=0.49s
[DEBUG] Processing 1575/2279: UFLIA/tokeneer/tismain/tismain-1.smt2
[DEBUG] Predicted solver: SMTInterpol for benchmark UFLIA/tokeneer/tismain/tismain-1.smt2
[DEBUG] Benchmark UFLIA/tokeneer/tismain/tismain-1.smt2: solved=True, runtime=1.48s, PAR-2=1.48s
[DEBUG] Processing 1576/2279: UFLIA/sledgehammer/Arrow_Order/smtlib.823053.smt2
[DEBUG] Predicted solver: cvc5 for benchmark UFLIA/sledgehammer/Arrow_Order/smtlib.823053.smt2
[DEBUG] Benchmark UFLIA/sledgehammer/Arrow_Order/smtlib.823053.smt2: solved=False, runtime=1200.00s, PAR-2=2400.00s
[DEBUG] Processing 1577/2279: UFLIA/simplify2/front_end_suite/javafe.parser.Lex.006.smt2
[DEBUG] Predicted solver: cvc5 for benchmark UFLIA/simplify2/front_end_suite/javafe.parser.Lex.006.smt2
[DEBUG] Benchmark UFLIA/simplify2/front_end_suite/javafe.parser.Lex.006.smt2: solved=True, runtime=0.81s, PAR-2=0.81s
[DEBUG] Processing 1578/2279: UFLIA/simplify2/front_end_suite/javafe.tc.TypeSig.013.smt2
[DEBUG] Predicted solver: cvc5 for benchmark UFLIA/simplify2/front_end_suite/javafe.tc.TypeSig.013.smt2
[DEBUG] Benchmark UFLIA/simplify2/front_end_suite/javafe.tc.TypeSig.013.smt2: solved=True, runtime=0.77s, PAR-2=0.77s
[DEBUG] Processing 1579/2279: UFLIA/sledgehammer/Fundamental_Theorem_Algebra/smtlib.1470483.smt2
[DEBUG] Predicted solver: cvc5 for benchmark UFLIA/sledgehammer/Fundamental_Theorem_Algebra/smtlib.1470483.smt2
[DEBUG] Benchmark UFLIA/sledgehammer/Fundamental_Theorem_Algebra/smtlib.1470483.smt2: solved=True, runtime=0.24s, PAR-2=0.24s
[DEBUG] Processing 1580/2279: UFLIA/grasshopper/uninstantiated/union_precondition_of_union_44_15.smt2
[DEBUG] Predicted solver: cvc5 for benchmark UFLIA/grasshopper/uninstantiated/union_precondition_of_union_44_15.smt2
[DEBUG] Benchmark UFLIA/grasshopper/uninstantiated/union_precondition_of_union_44_15.smt2: solved=True, runtime=9.22s, PAR-2=9.22s
[DEBUG] Processing 1581/2279: UFLIA/sledgehammer/StrongNorm/smtlib.733215.smt2
[DEBUG] Predicted solver: iProver for benchmark UFLIA/sledgehammer/StrongNorm/smtlib.733215.smt2
[DEBUG] Benchmark UFLIA/sledgehammer/StrongNorm/smtlib.733215.smt2: solved=False, runtime=1200.00s, PAR-2=2400.00s
[DEBUG] Processing 1582/2279: UFLIA/tokeneer/latch/updateinternallatch-12.smt2
[DEBUG] Predicted solver: cvc5 for benchmark UFLIA/tokeneer/latch/updateinternallatch-12.smt2
[DEBUG] Benchmark UFLIA/tokeneer/latch/updateinternallatch-12.smt2: solved=False, runtime=1200.00s, PAR-2=2400.00s
[DEBUG] Processing 1583/2279: UFLIA/sledgehammer/Fundamental_Theorem_Algebra/smtlib.1231832.smt2
[DEBUG] Predicted solver: cvc5 for benchmark UFLIA/sledgehammer/Fundamental_Theorem_Algebra/smtlib.1231832.smt2
[DEBUG] Benchmark UFLIA/sledgehammer/Fundamental_Theorem_Algebra/smtlib.1231832.smt2: solved=False, runtime=1200.00s, PAR-2=2400.00s
[DEBUG] Processing 1584/2279: UFLIA/simplify2/front_end_suite/javafe.ast.NewArrayExpr.003.smt2
[DEBUG] Predicted solver: cvc5 for benchmark UFLIA/simplify2/front_end_suite/javafe.ast.NewArrayExpr.003.smt2
[DEBUG] Benchmark UFLIA/simplify2/front_end_suite/javafe.ast.NewArrayExpr.003.smt2: solved=True, runtime=0.57s, PAR-2=0.57s
[DEBUG] Processing 1585/2279: UFLIA/tokeneer/tokenreader/getreaderstate-1.smt2
[DEBUG] Predicted solver: SMTInterpol for benchmark UFLIA/tokeneer/tokenreader/getreaderstate-1.smt2
[DEBUG] Benchmark UFLIA/tokeneer/tokenreader/getreaderstate-1.smt2: solved=True, runtime=1.03s, PAR-2=1.03s
[DEBUG] Processing 1586/2279: UFLIA/sledgehammer/Fundamental_Theorem_Algebra/smtlib.790181.smt2
[DEBUG] Predicted solver: iProver for benchmark UFLIA/sledgehammer/Fundamental_Theorem_Algebra/smtlib.790181.smt2
[DEBUG] Benchmark UFLIA/sledgehammer/Fundamental_Theorem_Algebra/smtlib.790181.smt2: solved=False, runtime=1200.00s, PAR-2=2400.00s
[DEBUG] Processing 1587/2279: UFLIA/boogie/StrictReadOnly_C2.Y0.smt2
[DEBUG] Predicted solver: cvc5 for benchmark UFLIA/boogie/StrictReadOnly_C2.Y0.smt2
[DEBUG] Benchmark UFLIA/boogie/StrictReadOnly_C2.Y0.smt2: solved=False, runtime=1200.00s, PAR-2=2400.00s
[DEBUG] Processing 1588/2279: UFLIA/sledgehammer/StrongNorm/smtlib.846267.smt2
[DEBUG] Predicted solver: iProver for benchmark UFLIA/sledgehammer/StrongNorm/smtlib.846267.smt2
[DEBUG] Benchmark UFLIA/sledgehammer/StrongNorm/smtlib.846267.smt2: solved=False, runtime=1200.00s, PAR-2=2400.00s
[DEBUG] Processing 1589/2279: UFLIA/sledgehammer/NS_Shared/smtlib.688188.smt2
[DEBUG] Predicted solver: cvc5 for benchmark UFLIA/sledgehammer/NS_Shared/smtlib.688188.smt2
[DEBUG] Benchmark UFLIA/sledgehammer/NS_Shared/smtlib.688188.smt2: solved=False, runtime=1200.00s, PAR-2=2400.00s
[DEBUG] Processing 1590/2279: UFLIA/simplify2/front_end_suite/javafe.tc.TypeSig.001.smt2
[DEBUG] Predicted solver: cvc5 for benchmark UFLIA/simplify2/front_end_suite/javafe.tc.TypeSig.001.smt2
[DEBUG] Benchmark UFLIA/simplify2/front_end_suite/javafe.tc.TypeSig.001.smt2: solved=True, runtime=8.65s, PAR-2=8.65s
[DEBUG] Processing 1591/2279: UFLIA/simplify/javafe.ast.TryCatchStmt.358.smt2
[DEBUG] Predicted solver: cvc5 for benchmark UFLIA/simplify/javafe.ast.TryCatchStmt.358.smt2
[DEBUG] Benchmark UFLIA/simplify/javafe.ast.TryCatchStmt.358.smt2: solved=True, runtime=0.68s, PAR-2=0.68s
[DEBUG] Processing 1592/2279: UFLIA/sledgehammer/QEpres/smtlib.869831.smt2
[DEBUG] Predicted solver: cvc5 for benchmark UFLIA/sledgehammer/QEpres/smtlib.869831.smt2
[DEBUG] Benchmark UFLIA/sledgehammer/QEpres/smtlib.869831.smt2: solved=False, runtime=1200.00s, PAR-2=2400.00s
[DEBUG] Processing 1593/2279: UFLIA/simplify2/front_end_suite/javafe.ast.AmbiguousVariableAccess.006.smt2
[DEBUG] Predicted solver: cvc5 for benchmark UFLIA/simplify2/front_end_suite/javafe.ast.AmbiguousVariableAccess.006.smt2
[DEBUG] Benchmark UFLIA/simplify2/front_end_suite/javafe.ast.AmbiguousVariableAccess.006.smt2: solved=True, runtime=0.44s, PAR-2=0.44s
[DEBUG] Processing 1594/2279: UFLIA/sledgehammer/Arrow_Order/smtlib.860001.smt2
[DEBUG] Predicted solver: iProver for benchmark UFLIA/sledgehammer/Arrow_Order/smtlib.860001.smt2
[DEBUG] Benchmark UFLIA/sledgehammer/Arrow_Order/smtlib.860001.smt2: solved=False, runtime=1200.00s, PAR-2=2400.00s
[DEBUG] Processing 1595/2279: UFLIA/simplify2/front_end_suite/javafe.parser.Parse.002.smt2
[DEBUG] Predicted solver: cvc5 for benchmark UFLIA/simplify2/front_end_suite/javafe.parser.Parse.002.smt2
[DEBUG] Benchmark UFLIA/simplify2/front_end_suite/javafe.parser.Parse.002.smt2: solved=True, runtime=0.34s, PAR-2=0.34s
[DEBUG] Processing 1596/2279: UFLIA/simplify2/front_end_suite/javafe.ast.Identifier.003.smt2
[DEBUG] Predicted solver: cvc5 for benchmark UFLIA/simplify2/front_end_suite/javafe.ast.Identifier.003.smt2
[DEBUG] Benchmark UFLIA/simplify2/front_end_suite/javafe.ast.Identifier.003.smt2: solved=True, runtime=1.48s, PAR-2=1.48s
[DEBUG] Processing 1597/2279: UFLIA/sledgehammer/StrongNorm/smtlib.567473.smt2
[DEBUG] Predicted solver: iProver for benchmark UFLIA/sledgehammer/StrongNorm/smtlib.567473.smt2
[DEBUG] Benchmark UFLIA/sledgehammer/StrongNorm/smtlib.567473.smt2: solved=False, runtime=1200.00s, PAR-2=2400.00s
[DEBUG] Processing 1598/2279: UFLIA/sledgehammer/StrongNorm/smtlib.743380.smt2
[DEBUG] Predicted solver: cvc5 for benchmark UFLIA/sledgehammer/StrongNorm/smtlib.743380.smt2
[DEBUG] Benchmark UFLIA/sledgehammer/StrongNorm/smtlib.743380.smt2: solved=False, runtime=1200.00s, PAR-2=2400.00s
[DEBUG] Processing 1599/2279: UFLIA/simplify/javafe.ast.ThisExpr.352.smt2
[DEBUG] Predicted solver: cvc5 for benchmark UFLIA/simplify/javafe.ast.ThisExpr.352.smt2
[DEBUG] Benchmark UFLIA/simplify/javafe.ast.ThisExpr.352.smt2: solved=True, runtime=0.70s, PAR-2=0.70s
[DEBUG] Processing 1600/2279: UFLIA/sledgehammer/StrongNorm/smtlib.779895.smt2
[DEBUG] Predicted solver: SMTInterpol for benchmark UFLIA/sledgehammer/StrongNorm/smtlib.779895.smt2
[DEBUG] Benchmark UFLIA/sledgehammer/StrongNorm/smtlib.779895.smt2: solved=True, runtime=0.48s, PAR-2=0.48s
[DEBUG] Processing 1601/2279: UFLIA/boogie/Global_MyNamespace.Old.IncG.smt2
[DEBUG] Predicted solver: cvc5 for benchmark UFLIA/boogie/Global_MyNamespace.Old.IncG.smt2
[DEBUG] Benchmark UFLIA/boogie/Global_MyNamespace.Old.IncG.smt2: solved=True, runtime=0.28s, PAR-2=0.28s
[DEBUG] Processing 1602/2279: UFLIA/sledgehammer/StrongNorm/smtlib.787442.smt2
[DEBUG] Predicted solver: iProver for benchmark UFLIA/sledgehammer/StrongNorm/smtlib.787442.smt2
[DEBUG] Benchmark UFLIA/sledgehammer/StrongNorm/smtlib.787442.smt2: solved=False, runtime=1200.00s, PAR-2=2400.00s
[DEBUG] Processing 1603/2279: UFLIA/simplify2/front_end_suite/javafe.util.LocationManagerCorrelatedReader.001.smt2
[DEBUG] Predicted solver: cvc5 for benchmark UFLIA/simplify2/front_end_suite/javafe.util.LocationManagerCorrelatedReader.001.smt2
[DEBUG] Benchmark UFLIA/simplify2/front_end_suite/javafe.util.LocationManagerCorrelatedReader.001.smt2: solved=True, runtime=6.93s, PAR-2=6.93s
[DEBUG] Processing 1604/2279: UFLIA/simplify/javafe.util.FileCorrelatedReader.784.smt2
[DEBUG] Predicted solver: cvc5 for benchmark UFLIA/simplify/javafe.util.FileCorrelatedReader.784.smt2
[DEBUG] Benchmark UFLIA/simplify/javafe.util.FileCorrelatedReader.784.smt2: solved=True, runtime=0.68s, PAR-2=0.68s
[DEBUG] Processing 1605/2279: UFLIA/simplify/javafe.parser.test.TestExpr.577.smt2
[DEBUG] Predicted solver: cvc5 for benchmark UFLIA/simplify/javafe.parser.test.TestExpr.577.smt2
[DEBUG] Benchmark UFLIA/simplify/javafe.parser.test.TestExpr.577.smt2: solved=True, runtime=0.44s, PAR-2=0.44s
[DEBUG] Processing 1606/2279: UFLIA/simplify/javafe.ast.TypeDeclVec.384.smt2
[DEBUG] Predicted solver: cvc5 for benchmark UFLIA/simplify/javafe.ast.TypeDeclVec.384.smt2
[DEBUG] Benchmark UFLIA/simplify/javafe.ast.TypeDeclVec.384.smt2: solved=True, runtime=0.28s, PAR-2=0.28s
[DEBUG] Processing 1607/2279: UFLIA/boogie/IntToString_Test.Main.smt2
[DEBUG] Predicted solver: cvc5 for benchmark UFLIA/boogie/IntToString_Test.Main.smt2
[DEBUG] Benchmark UFLIA/boogie/IntToString_Test.Main.smt2: solved=True, runtime=0.30s, PAR-2=0.30s
[DEBUG] Processing 1608/2279: UFLIA/sledgehammer/Hoare/smtlib.730595.smt2
[DEBUG] Predicted solver: iProver for benchmark UFLIA/sledgehammer/Hoare/smtlib.730595.smt2
[DEBUG] Benchmark UFLIA/sledgehammer/Hoare/smtlib.730595.smt2: solved=False, runtime=1200.00s, PAR-2=2400.00s
[DEBUG] Processing 1609/2279: UFLIA/simplify/tohtml.Java2Html.834.smt2
[DEBUG] Predicted solver: cvc5 for benchmark UFLIA/simplify/tohtml.Java2Html.834.smt2
[DEBUG] Benchmark UFLIA/simplify/tohtml.Java2Html.834.smt2: solved=True, runtime=0.74s, PAR-2=0.74s
[DEBUG] Processing 1610/2279: UFLIA/sledgehammer/Arrow_Order/smtlib.852104.smt2
[DEBUG] Predicted solver: cvc5 for benchmark UFLIA/sledgehammer/Arrow_Order/smtlib.852104.smt2
[DEBUG] Benchmark UFLIA/sledgehammer/Arrow_Order/smtlib.852104.smt2: solved=True, runtime=0.72s, PAR-2=0.72s
[DEBUG] Processing 1611/2279: UFLIA/simplify/javafe.tc.CheckInvariants.634.smt2
[DEBUG] Predicted solver: cvc5 for benchmark UFLIA/simplify/javafe.tc.CheckInvariants.634.smt2
[DEBUG] Benchmark UFLIA/simplify/javafe.tc.CheckInvariants.634.smt2: solved=True, runtime=2.22s, PAR-2=2.22s
[DEBUG] Processing 1612/2279: UFLIA/sledgehammer/Hoare/smtlib.852499.smt2
[DEBUG] Predicted solver: cvc5 for benchmark UFLIA/sledgehammer/Hoare/smtlib.852499.smt2
[DEBUG] Benchmark UFLIA/sledgehammer/Hoare/smtlib.852499.smt2: solved=True, runtime=154.22s, PAR-2=154.22s
[DEBUG] Processing 1613/2279: UFLIA/sledgehammer/QEpres/smtlib.958357.smt2
[DEBUG] Predicted solver: cvc5 for benchmark UFLIA/sledgehammer/QEpres/smtlib.958357.smt2
[DEBUG] Benchmark UFLIA/sledgehammer/QEpres/smtlib.958357.smt2: solved=True, runtime=0.42s, PAR-2=0.42s
[DEBUG] Processing 1614/2279: UFLIA/sledgehammer/StrongNorm/smtlib.690471.smt2
[DEBUG] Predicted solver: cvc5 for benchmark UFLIA/sledgehammer/StrongNorm/smtlib.690471.smt2
[DEBUG] Benchmark UFLIA/sledgehammer/StrongNorm/smtlib.690471.smt2: solved=False, runtime=1200.00s, PAR-2=2400.00s
[DEBUG] Processing 1615/2279: UFLIA/simplify2/front_end_suite/javafe.ast.ThisExpr.001.smt2
[DEBUG] Predicted solver: cvc5 for benchmark UFLIA/simplify2/front_end_suite/javafe.ast.ThisExpr.001.smt2
[DEBUG] Benchmark UFLIA/simplify2/front_end_suite/javafe.ast.ThisExpr.001.smt2: solved=True, runtime=0.50s, PAR-2=0.50s
[DEBUG] Processing 1616/2279: UFLIA/boogie/ExactTypes_Y0..ctor.smt2
[DEBUG] Predicted solver: cvc5 for benchmark UFLIA/boogie/ExactTypes_Y0..ctor.smt2
[DEBUG] Benchmark UFLIA/boogie/ExactTypes_Y0..ctor.smt2: solved=True, runtime=0.45s, PAR-2=0.45s
[DEBUG] Processing 1617/2279: UFLIA/simplify/javafe.tc.ConstantExpr.643.smt2
[DEBUG] Predicted solver: cvc5 for benchmark UFLIA/simplify/javafe.tc.ConstantExpr.643.smt2
[DEBUG] Benchmark UFLIA/simplify/javafe.tc.ConstantExpr.643.smt2: solved=True, runtime=0.28s, PAR-2=0.28s
[DEBUG] Processing 1618/2279: UFLIA/sledgehammer/QEpres/smtlib.1031702.smt2
[DEBUG] Predicted solver: cvc5 for benchmark UFLIA/sledgehammer/QEpres/smtlib.1031702.smt2
[DEBUG] Benchmark UFLIA/sledgehammer/QEpres/smtlib.1031702.smt2: solved=False, runtime=1200.00s, PAR-2=2400.00s
[DEBUG] Processing 1619/2279: UFLIA/sledgehammer/StrongNorm/smtlib.896416.smt2
[DEBUG] Predicted solver: cvc5 for benchmark UFLIA/sledgehammer/StrongNorm/smtlib.896416.smt2
[DEBUG] Benchmark UFLIA/sledgehammer/StrongNorm/smtlib.896416.smt2: solved=True, runtime=0.28s, PAR-2=0.28s
[DEBUG] Processing 1620/2279: UFLIA/boogie/SimpleWhile1_SimpleWhile1.Example-infer_i.smt2
[DEBUG] Predicted solver: cvc5 for benchmark UFLIA/boogie/SimpleWhile1_SimpleWhile1.Example-infer_i.smt2
[DEBUG] Benchmark UFLIA/boogie/SimpleWhile1_SimpleWhile1.Example-infer_i.smt2: solved=False, runtime=1200.00s, PAR-2=2400.00s
[DEBUG] Processing 1621/2279: UFLIA/sledgehammer/QEpres/smtlib.1215760.smt2
[DEBUG] Predicted solver: cvc5 for benchmark UFLIA/sledgehammer/QEpres/smtlib.1215760.smt2
[DEBUG] Benchmark UFLIA/sledgehammer/QEpres/smtlib.1215760.smt2: solved=False, runtime=1200.00s, PAR-2=2400.00s
[DEBUG] Processing 1622/2279: UFLIA/sledgehammer/QEpres/smtlib.895182.smt2
[DEBUG] Predicted solver: iProver for benchmark UFLIA/sledgehammer/QEpres/smtlib.895182.smt2
[DEBUG] Benchmark UFLIA/sledgehammer/QEpres/smtlib.895182.smt2: solved=False, runtime=1200.00s, PAR-2=2400.00s
[DEBUG] Processing 1623/2279: UFLIA/sledgehammer/TypeSafe/smtlib.1397297.smt2
[DEBUG] Predicted solver: cvc5 for benchmark UFLIA/sledgehammer/TypeSafe/smtlib.1397297.smt2
[DEBUG] Benchmark UFLIA/sledgehammer/TypeSafe/smtlib.1397297.smt2: solved=False, runtime=1200.00s, PAR-2=2400.00s
[DEBUG] Processing 1624/2279: UFLIA/boogie/WhereClause_C..ctor.smt2
[DEBUG] Predicted solver: cvc5 for benchmark UFLIA/boogie/WhereClause_C..ctor.smt2
[DEBUG] Benchmark UFLIA/boogie/WhereClause_C..ctor.smt2: solved=True, runtime=0.34s, PAR-2=0.34s
[DEBUG] Processing 1625/2279: UFLIA/sledgehammer/TwoSquares/smtlib.746975.smt2
[DEBUG] Predicted solver: cvc5 for benchmark UFLIA/sledgehammer/TwoSquares/smtlib.746975.smt2
[DEBUG] Benchmark UFLIA/sledgehammer/TwoSquares/smtlib.746975.smt2: solved=True, runtime=0.48s, PAR-2=0.48s
[DEBUG] Processing 1626/2279: UFLIA/sledgehammer/Arrow_Order/smtlib.561175.smt2
[DEBUG] Predicted solver: cvc5 for benchmark UFLIA/sledgehammer/Arrow_Order/smtlib.561175.smt2
[DEBUG] Benchmark UFLIA/sledgehammer/Arrow_Order/smtlib.561175.smt2: solved=False, runtime=1200.00s, PAR-2=2400.00s
[DEBUG] Processing 1627/2279: UFLIA/boogie/BasicMethodology_C..ctor.smt2
[DEBUG] Predicted solver: cvc5 for benchmark UFLIA/boogie/BasicMethodology_C..ctor.smt2
[DEBUG] Benchmark UFLIA/boogie/BasicMethodology_C..ctor.smt2: solved=True, runtime=0.46s, PAR-2=0.46s
[DEBUG] Processing 1628/2279: UFLIA/sledgehammer/Fundamental_Theorem_Algebra/smtlib.1127040.smt2
[DEBUG] Predicted solver: iProver for benchmark UFLIA/sledgehammer/Fundamental_Theorem_Algebra/smtlib.1127040.smt2
[DEBUG] Benchmark UFLIA/sledgehammer/Fundamental_Theorem_Algebra/smtlib.1127040.smt2: solved=False, runtime=1200.00s, PAR-2=2400.00s
[DEBUG] Processing 1629/2279: UFLIA/sledgehammer/Hoare/smtlib.911502.smt2
[DEBUG] Predicted solver: cvc5 for benchmark UFLIA/sledgehammer/Hoare/smtlib.911502.smt2
[DEBUG] Benchmark UFLIA/sledgehammer/Hoare/smtlib.911502.smt2: solved=True, runtime=30.74s, PAR-2=30.74s
[DEBUG] Processing 1630/2279: UFLIA/tokeneer/configdata/writefile/workinghourstext-6.smt2
[DEBUG] Predicted solver: SMTInterpol for benchmark UFLIA/tokeneer/configdata/writefile/workinghourstext-6.smt2
[DEBUG] Benchmark UFLIA/tokeneer/configdata/writefile/workinghourstext-6.smt2: solved=True, runtime=0.72s, PAR-2=0.72s
[DEBUG] Processing 1631/2279: UFLIA/simplify2/front_end_suite/javafe.parser.ParseStmt.002.smt2
[DEBUG] Predicted solver: cvc5 for benchmark UFLIA/simplify2/front_end_suite/javafe.parser.ParseStmt.002.smt2
[DEBUG] Benchmark UFLIA/simplify2/front_end_suite/javafe.parser.ParseStmt.002.smt2: solved=True, runtime=11.06s, PAR-2=11.06s
[DEBUG] Processing 1632/2279: UFLIA/boogie/Types_Types.P4_System.Object.array_notnull_System.Int32.array_notnull_A.array_notnull_J.array_notnull_B.array_notnull-orderStrength_1.smt2
[DEBUG] Predicted solver: cvc5 for benchmark UFLIA/boogie/Types_Types.P4_System.Object.array_notnull_System.Int32.array_notnull_A.array_notnull_J.array_notnull_B.array_notnull-orderStrength_1.smt2
[DEBUG] Benchmark UFLIA/boogie/Types_Types.P4_System.Object.array_notnull_System.Int32.array_notnull_A.array_notnull_J.array_notnull_B.array_notnull-orderStrength_1.smt2: solved=True, runtime=0.74s, PAR-2=0.74s
[DEBUG] Processing 1633/2279: UFLIA/boogie/Finally_ReturnFinally.M-modifiesOnLoop.smt2
[DEBUG] Predicted solver: cvc5 for benchmark UFLIA/boogie/Finally_ReturnFinally.M-modifiesOnLoop.smt2
[DEBUG] Benchmark UFLIA/boogie/Finally_ReturnFinally.M-modifiesOnLoop.smt2: solved=False, runtime=1200.00s, PAR-2=2400.00s
[DEBUG] Processing 1634/2279: UFLIA/simplify2/front_end_suite/javafe.util.BufferedCorrelatedReader.008.smt2
[DEBUG] Predicted solver: cvc5 for benchmark UFLIA/simplify2/front_end_suite/javafe.util.BufferedCorrelatedReader.008.smt2
[DEBUG] Benchmark UFLIA/simplify2/front_end_suite/javafe.util.BufferedCorrelatedReader.008.smt2: solved=True, runtime=0.42s, PAR-2=0.42s
[DEBUG] Processing 1635/2279: UFLIA/sledgehammer/QEpres/smtlib.660251.smt2
[DEBUG] Predicted solver: cvc5 for benchmark UFLIA/sledgehammer/QEpres/smtlib.660251.smt2
[DEBUG] Benchmark UFLIA/sledgehammer/QEpres/smtlib.660251.smt2: solved=False, runtime=1200.00s, PAR-2=2400.00s
[DEBUG] Processing 1636/2279: UFLIA/boogie/QuantifierVisibilityInvariant_A.SpecSharp.CheckInvariant_System.Boolean.smt2
[DEBUG] Predicted solver: cvc5 for benchmark UFLIA/boogie/QuantifierVisibilityInvariant_A.SpecSharp.CheckInvariant_System.Boolean.smt2
[DEBUG] Benchmark UFLIA/boogie/QuantifierVisibilityInvariant_A.SpecSharp.CheckInvariant_System.Boolean.smt2: solved=True, runtime=0.31s, PAR-2=0.31s
[DEBUG] Processing 1637/2279: UFLIA/tokeneer/tokenreader/poll-22.smt2
[DEBUG] Predicted solver: iProver for benchmark UFLIA/tokeneer/tokenreader/poll-22.smt2
[DEBUG] Benchmark UFLIA/tokeneer/tokenreader/poll-22.smt2: solved=True, runtime=1.39s, PAR-2=1.39s
[DEBUG] Processing 1638/2279: UFLIA/sledgehammer/QEpres/smtlib.796442.smt2
[DEBUG] Predicted solver: cvc5 for benchmark UFLIA/sledgehammer/QEpres/smtlib.796442.smt2
[DEBUG] Benchmark UFLIA/sledgehammer/QEpres/smtlib.796442.smt2: solved=False, runtime=1200.00s, PAR-2=2400.00s
[DEBUG] Processing 1639/2279: UFLIA/sledgehammer/FFT/smtlib.732819.smt2
[DEBUG] Predicted solver: cvc5 for benchmark UFLIA/sledgehammer/FFT/smtlib.732819.smt2
[DEBUG] Benchmark UFLIA/sledgehammer/FFT/smtlib.732819.smt2: solved=False, runtime=1200.00s, PAR-2=2400.00s
[DEBUG] Processing 1640/2279: UFLIA/sledgehammer/TwoSquares/smtlib.887872.smt2
[DEBUG] Predicted solver: cvc5 for benchmark UFLIA/sledgehammer/TwoSquares/smtlib.887872.smt2
[DEBUG] Benchmark UFLIA/sledgehammer/TwoSquares/smtlib.887872.smt2: solved=True, runtime=6.86s, PAR-2=6.86s
[DEBUG] Processing 1641/2279: UFLIA/boogie/DynamicTypes_Sub1..ctor.smt2
[DEBUG] Predicted solver: cvc5 for benchmark UFLIA/boogie/DynamicTypes_Sub1..ctor.smt2
[DEBUG] Benchmark UFLIA/boogie/DynamicTypes_Sub1..ctor.smt2: solved=True, runtime=0.36s, PAR-2=0.36s
[DEBUG] Processing 1642/2279: UFLIA/sledgehammer/FFT/smtlib.841614.smt2
[DEBUG] Predicted solver: cvc5 for benchmark UFLIA/sledgehammer/FFT/smtlib.841614.smt2
[DEBUG] Benchmark UFLIA/sledgehammer/FFT/smtlib.841614.smt2: solved=False, runtime=1200.00s, PAR-2=2400.00s
[DEBUG] Processing 1643/2279: UFLIA/grasshopper/instantiated/filter_loop_invariant_48_3.smt2
[DEBUG] Predicted solver: cvc5 for benchmark UFLIA/grasshopper/instantiated/filter_loop_invariant_48_3.smt2
[DEBUG] Benchmark UFLIA/grasshopper/instantiated/filter_loop_invariant_48_3.smt2: solved=True, runtime=1.57s, PAR-2=1.57s
[DEBUG] Processing 1644/2279: UFLIA/simplify/javafe.util.FileCorrelatedReader.786.smt2
[DEBUG] Predicted solver: cvc5 for benchmark UFLIA/simplify/javafe.util.FileCorrelatedReader.786.smt2
[DEBUG] Benchmark UFLIA/simplify/javafe.util.FileCorrelatedReader.786.smt2: solved=True, runtime=0.29s, PAR-2=0.29s
[DEBUG] Processing 1645/2279: UFLIA/boogie/CallLoop_Test.Method-modifiesOnLoop-noinfer.smt2
[DEBUG] Predicted solver: cvc5 for benchmark UFLIA/boogie/CallLoop_Test.Method-modifiesOnLoop-noinfer.smt2
[DEBUG] Benchmark UFLIA/boogie/CallLoop_Test.Method-modifiesOnLoop-noinfer.smt2: solved=True, runtime=0.38s, PAR-2=0.38s
[DEBUG] Processing 1646/2279: UFLIA/sledgehammer/QEpres/smtlib.740657.smt2
[DEBUG] Predicted solver: SMTInterpol for benchmark UFLIA/sledgehammer/QEpres/smtlib.740657.smt2
[DEBUG] Benchmark UFLIA/sledgehammer/QEpres/smtlib.740657.smt2: solved=True, runtime=0.98s, PAR-2=0.98s
[DEBUG] Processing 1647/2279: UFLIA/simplify2/front_end_suite/javafe.ast.ConstructorDecl.002.smt2
[DEBUG] Predicted solver: cvc5 for benchmark UFLIA/simplify2/front_end_suite/javafe.ast.ConstructorDecl.002.smt2
[DEBUG] Benchmark UFLIA/simplify2/front_end_suite/javafe.ast.ConstructorDecl.002.smt2: solved=True, runtime=0.61s, PAR-2=0.61s
[DEBUG] Processing 1648/2279: UFLIA/simplify2/front_end_suite/javafe.ast.SynchronizeStmt.007.smt2
[DEBUG] Predicted solver: cvc5 for benchmark UFLIA/simplify2/front_end_suite/javafe.ast.SynchronizeStmt.007.smt2
[DEBUG] Benchmark UFLIA/simplify2/front_end_suite/javafe.ast.SynchronizeStmt.007.smt2: solved=True, runtime=13.46s, PAR-2=13.46s
[DEBUG] Processing 1649/2279: UFLIA/sledgehammer/Hoare/smtlib.1116130.smt2
[DEBUG] Predicted solver: cvc5 for benchmark UFLIA/sledgehammer/Hoare/smtlib.1116130.smt2
[DEBUG] Benchmark UFLIA/sledgehammer/Hoare/smtlib.1116130.smt2: solved=True, runtime=0.37s, PAR-2=0.37s
[DEBUG] Processing 1650/2279: UFLIA/sledgehammer/QEpres/smtlib.910143.smt2
[DEBUG] Predicted solver: cvc5 for benchmark UFLIA/sledgehammer/QEpres/smtlib.910143.smt2
[DEBUG] Benchmark UFLIA/sledgehammer/QEpres/smtlib.910143.smt2: solved=False, runtime=1200.00s, PAR-2=2400.00s
[DEBUG] Processing 1651/2279: UFLIA/sledgehammer/TypeSafe/smtlib.826513.smt2
[DEBUG] Predicted solver: cvc5 for benchmark UFLIA/sledgehammer/TypeSafe/smtlib.826513.smt2
[DEBUG] Benchmark UFLIA/sledgehammer/TypeSafe/smtlib.826513.smt2: solved=True, runtime=0.40s, PAR-2=0.40s
[DEBUG] Processing 1652/2279: UFLIA/boogie/DefaultLoopInv0_A..ctor-modifiesOnLoop-noinfer.smt2
[DEBUG] Predicted solver: cvc5 for benchmark UFLIA/boogie/DefaultLoopInv0_A..ctor-modifiesOnLoop-noinfer.smt2
[DEBUG] Benchmark UFLIA/boogie/DefaultLoopInv0_A..ctor-modifiesOnLoop-noinfer.smt2: solved=True, runtime=0.36s, PAR-2=0.36s
[DEBUG] Processing 1653/2279: UFLIA/simplify2/front_end_suite/javafe.filespace.UnionTree.001.smt2
[DEBUG] Predicted solver: cvc5 for benchmark UFLIA/simplify2/front_end_suite/javafe.filespace.UnionTree.001.smt2
[DEBUG] Benchmark UFLIA/simplify2/front_end_suite/javafe.filespace.UnionTree.001.smt2: solved=True, runtime=0.28s, PAR-2=0.28s
[DEBUG] Processing 1654/2279: UFLIA/sledgehammer/Fundamental_Theorem_Algebra/smtlib.1207161.smt2
[DEBUG] Predicted solver: cvc5 for benchmark UFLIA/sledgehammer/Fundamental_Theorem_Algebra/smtlib.1207161.smt2
[DEBUG] Benchmark UFLIA/sledgehammer/Fundamental_Theorem_Algebra/smtlib.1207161.smt2: solved=True, runtime=1.27s, PAR-2=1.27s
[DEBUG] Processing 1655/2279: UFLIA/sledgehammer/Hoare/smtlib.1011935.smt2
[DEBUG] Predicted solver: cvc5 for benchmark UFLIA/sledgehammer/Hoare/smtlib.1011935.smt2
[DEBUG] Benchmark UFLIA/sledgehammer/Hoare/smtlib.1011935.smt2: solved=True, runtime=440.34s, PAR-2=440.34s
[DEBUG] Processing 1656/2279: UFLIA/boogie/Ensures_Test.FooBad.smt2
[DEBUG] Predicted solver: cvc5 for benchmark UFLIA/boogie/Ensures_Test.FooBad.smt2
[DEBUG] Benchmark UFLIA/boogie/Ensures_Test.FooBad.smt2: solved=False, runtime=1200.00s, PAR-2=2400.00s
[DEBUG] Processing 1657/2279: UFLIA/simplify2/front_end_suite/javafe.filespace.Resolve_Result.001.smt2
[DEBUG] Predicted solver: cvc5 for benchmark UFLIA/simplify2/front_end_suite/javafe.filespace.Resolve_Result.001.smt2
[DEBUG] Benchmark UFLIA/simplify2/front_end_suite/javafe.filespace.Resolve_Result.001.smt2: solved=True, runtime=0.25s, PAR-2=0.25s
[DEBUG] Processing 1658/2279: UFLIA/sledgehammer/Fundamental_Theorem_Algebra/smtlib.559062.smt2
[DEBUG] Predicted solver: cvc5 for benchmark UFLIA/sledgehammer/Fundamental_Theorem_Algebra/smtlib.559062.smt2
[DEBUG] Benchmark UFLIA/sledgehammer/Fundamental_Theorem_Algebra/smtlib.559062.smt2: solved=False, runtime=1200.00s, PAR-2=2400.00s
[DEBUG] Processing 1659/2279: UFLIA/grasshopper/uninstantiated/merge_loop_invariant_61_3.smt2
[DEBUG] Predicted solver: cvc5 for benchmark UFLIA/grasshopper/uninstantiated/merge_loop_invariant_61_3.smt2
[DEBUG] Benchmark UFLIA/grasshopper/uninstantiated/merge_loop_invariant_61_3.smt2: solved=True, runtime=4.48s, PAR-2=4.48s
[DEBUG] Processing 1660/2279: UFLIA/sledgehammer/FFT/smtlib.736366.smt2
[DEBUG] Predicted solver: cvc5 for benchmark UFLIA/sledgehammer/FFT/smtlib.736366.smt2
[DEBUG] Benchmark UFLIA/sledgehammer/FFT/smtlib.736366.smt2: solved=False, runtime=1200.00s, PAR-2=2400.00s
[DEBUG] Processing 1661/2279: UFLIA/simplify2/front_end_suite/javafe.ast.ThisExpr.007.smt2
[DEBUG] Predicted solver: cvc5 for benchmark UFLIA/simplify2/front_end_suite/javafe.ast.ThisExpr.007.smt2
[DEBUG] Benchmark UFLIA/simplify2/front_end_suite/javafe.ast.ThisExpr.007.smt2: solved=True, runtime=19.74s, PAR-2=19.74s
[DEBUG] Processing 1662/2279: UFLIA/tokeneer/tokenreader/init-7.smt2
[DEBUG] Predicted solver: cvc5 for benchmark UFLIA/tokeneer/tokenreader/init-7.smt2
[DEBUG] Benchmark UFLIA/tokeneer/tokenreader/init-7.smt2: solved=True, runtime=0.26s, PAR-2=0.26s
[DEBUG] Processing 1663/2279: UFLIA/simplify/javafe.ast.BlockStmt.50.smt2
[DEBUG] Predicted solver: cvc5 for benchmark UFLIA/simplify/javafe.ast.BlockStmt.50.smt2
[DEBUG] Benchmark UFLIA/simplify/javafe.ast.BlockStmt.50.smt2: solved=True, runtime=1.56s, PAR-2=1.56s
[DEBUG] Processing 1664/2279: UFLIA/simplify/javafe.ast.TypeObjectDesignator.421.smt2
[DEBUG] Predicted solver: cvc5 for benchmark UFLIA/simplify/javafe.ast.TypeObjectDesignator.421.smt2
[DEBUG] Benchmark UFLIA/simplify/javafe.ast.TypeObjectDesignator.421.smt2: solved=True, runtime=1.47s, PAR-2=1.47s
[DEBUG] Processing 1665/2279: UFLIA/sledgehammer/Hoare/smtlib.635268.smt2
[DEBUG] Predicted solver: iProver for benchmark UFLIA/sledgehammer/Hoare/smtlib.635268.smt2
[DEBUG] Benchmark UFLIA/sledgehammer/Hoare/smtlib.635268.smt2: solved=False, runtime=1200.00s, PAR-2=2400.00s
[DEBUG] Processing 1666/2279: UFLIA/simplify2/front_end_suite/javafe.ast.ExprVec.015.smt2
[DEBUG] Predicted solver: cvc5 for benchmark UFLIA/simplify2/front_end_suite/javafe.ast.ExprVec.015.smt2
[DEBUG] Benchmark UFLIA/simplify2/front_end_suite/javafe.ast.ExprVec.015.smt2: solved=True, runtime=1.05s, PAR-2=1.05s
[DEBUG] Processing 1667/2279: UFLIA/simplify2/front_end_suite/javafe.ast.CondExpr.006.smt2
[DEBUG] Predicted solver: cvc5 for benchmark UFLIA/simplify2/front_end_suite/javafe.ast.CondExpr.006.smt2
[DEBUG] Benchmark UFLIA/simplify2/front_end_suite/javafe.ast.CondExpr.006.smt2: solved=True, runtime=0.45s, PAR-2=0.45s
[DEBUG] Processing 1668/2279: UFLIA/sledgehammer/Fundamental_Theorem_Algebra/smtlib.1475993.smt2
[DEBUG] Predicted solver: cvc5 for benchmark UFLIA/sledgehammer/Fundamental_Theorem_Algebra/smtlib.1475993.smt2
[DEBUG] Benchmark UFLIA/sledgehammer/Fundamental_Theorem_Algebra/smtlib.1475993.smt2: solved=False, runtime=1200.00s, PAR-2=2400.00s
[DEBUG] Processing 1669/2279: UFLIA/grasshopper/instantiated/merge_invariant_46_2.smt2
[DEBUG] Predicted solver: cvc5 for benchmark UFLIA/grasshopper/instantiated/merge_invariant_46_2.smt2
[DEBUG] Benchmark UFLIA/grasshopper/instantiated/merge_invariant_46_2.smt2: solved=True, runtime=1.46s, PAR-2=1.46s
[DEBUG] Processing 1670/2279: UFLIA/simplify/javafe.ast.IdentifierVec.179.smt2
[DEBUG] Predicted solver: cvc5 for benchmark UFLIA/simplify/javafe.ast.IdentifierVec.179.smt2
[DEBUG] Benchmark UFLIA/simplify/javafe.ast.IdentifierVec.179.smt2: solved=True, runtime=3.96s, PAR-2=3.96s
[DEBUG] Processing 1671/2279: UFLIA/grasshopper/uninstantiated/insert_postcondition_of_insert_49_4.smt2
[DEBUG] Predicted solver: cvc5 for benchmark UFLIA/grasshopper/uninstantiated/insert_postcondition_of_insert_49_4.smt2
[DEBUG] Benchmark UFLIA/grasshopper/uninstantiated/insert_postcondition_of_insert_49_4.smt2: solved=True, runtime=0.48s, PAR-2=0.48s
[DEBUG] Processing 1672/2279: UFLIA/sledgehammer/Fundamental_Theorem_Algebra/smtlib.819902.smt2
[DEBUG] Predicted solver: cvc5 for benchmark UFLIA/sledgehammer/Fundamental_Theorem_Algebra/smtlib.819902.smt2
[DEBUG] Benchmark UFLIA/sledgehammer/Fundamental_Theorem_Algebra/smtlib.819902.smt2: solved=True, runtime=0.34s, PAR-2=0.34s
[DEBUG] Processing 1673/2279: UFLIA/boogie/PureCall_Cell.set_FieldLikeProperty_System.Int32.smt2
[DEBUG] Predicted solver: cvc5 for benchmark UFLIA/boogie/PureCall_Cell.set_FieldLikeProperty_System.Int32.smt2
[DEBUG] Benchmark UFLIA/boogie/PureCall_Cell.set_FieldLikeProperty_System.Int32.smt2: solved=True, runtime=0.30s, PAR-2=0.30s
[DEBUG] Processing 1674/2279: UFLIA/sledgehammer/QEpres/smtlib.698833.smt2
[DEBUG] Predicted solver: cvc5 for benchmark UFLIA/sledgehammer/QEpres/smtlib.698833.smt2
[DEBUG] Benchmark UFLIA/sledgehammer/QEpres/smtlib.698833.smt2: solved=False, runtime=1200.00s, PAR-2=2400.00s
[DEBUG] Processing 1675/2279: UFLIA/simplify2/front_end_suite/javafe.ast.VarInitVec.015.smt2
[DEBUG] Predicted solver: cvc5 for benchmark UFLIA/simplify2/front_end_suite/javafe.ast.VarInitVec.015.smt2
[DEBUG] Benchmark UFLIA/simplify2/front_end_suite/javafe.ast.VarInitVec.015.smt2: solved=True, runtime=1.39s, PAR-2=1.39s
[DEBUG] Processing 1676/2279: UFLIA/sledgehammer/Fundamental_Theorem_Algebra/smtlib.1142095.smt2
[DEBUG] Predicted solver: cvc5 for benchmark UFLIA/sledgehammer/Fundamental_Theorem_Algebra/smtlib.1142095.smt2
[DEBUG] Benchmark UFLIA/sledgehammer/Fundamental_Theorem_Algebra/smtlib.1142095.smt2: solved=False, runtime=1200.00s, PAR-2=2400.00s
[DEBUG] Processing 1677/2279: UFLIA/sledgehammer/Fundamental_Theorem_Algebra/smtlib.636861.smt2
[DEBUG] Predicted solver: cvc5 for benchmark UFLIA/sledgehammer/Fundamental_Theorem_Algebra/smtlib.636861.smt2
[DEBUG] Benchmark UFLIA/sledgehammer/Fundamental_Theorem_Algebra/smtlib.636861.smt2: solved=True, runtime=0.34s, PAR-2=0.34s
[DEBUG] Processing 1678/2279: UFLIA/sledgehammer/Fundamental_Theorem_Algebra/smtlib.1444059.smt2
[DEBUG] Predicted solver: cvc5 for benchmark UFLIA/sledgehammer/Fundamental_Theorem_Algebra/smtlib.1444059.smt2
[DEBUG] Benchmark UFLIA/sledgehammer/Fundamental_Theorem_Algebra/smtlib.1444059.smt2: solved=False, runtime=1200.00s, PAR-2=2400.00s
[DEBUG] Processing 1679/2279: UFLIA/sledgehammer/QEpres/smtlib.889413.smt2
[DEBUG] Predicted solver: cvc5 for benchmark UFLIA/sledgehammer/QEpres/smtlib.889413.smt2
[DEBUG] Benchmark UFLIA/sledgehammer/QEpres/smtlib.889413.smt2: solved=False, runtime=1200.00s, PAR-2=2400.00s
[DEBUG] Processing 1680/2279: UFLIA/sledgehammer/NS_Shared/smtlib.590931.smt2
[DEBUG] Predicted solver: cvc5 for benchmark UFLIA/sledgehammer/NS_Shared/smtlib.590931.smt2
[DEBUG] Benchmark UFLIA/sledgehammer/NS_Shared/smtlib.590931.smt2: solved=False, runtime=1200.00s, PAR-2=2400.00s
[DEBUG] Processing 1681/2279: UFLIA/sexpr/SES.Sx.get_IsTrue.smt2
[DEBUG] Predicted solver: cvc5 for benchmark UFLIA/sexpr/SES.Sx.get_IsTrue.smt2
[DEBUG] Benchmark UFLIA/sexpr/SES.Sx.get_IsTrue.smt2: solved=True, runtime=1.35s, PAR-2=1.35s
[DEBUG] Processing 1682/2279: UFLIA/sledgehammer/StrongNorm/smtlib.615099.smt2
[DEBUG] Predicted solver: iProver for benchmark UFLIA/sledgehammer/StrongNorm/smtlib.615099.smt2
[DEBUG] Benchmark UFLIA/sledgehammer/StrongNorm/smtlib.615099.smt2: solved=False, runtime=1200.00s, PAR-2=2400.00s
[DEBUG] Processing 1683/2279: UFLIA/sledgehammer/TypeSafe/smtlib.1392726.smt2
[DEBUG] Predicted solver: cvc5 for benchmark UFLIA/sledgehammer/TypeSafe/smtlib.1392726.smt2
[DEBUG] Benchmark UFLIA/sledgehammer/TypeSafe/smtlib.1392726.smt2: solved=False, runtime=1200.00s, PAR-2=2400.00s
[DEBUG] Processing 1684/2279: UFLIA/sledgehammer/NS_Shared/smtlib.640264.smt2
[DEBUG] Predicted solver: cvc5 for benchmark UFLIA/sledgehammer/NS_Shared/smtlib.640264.smt2
[DEBUG] Benchmark UFLIA/sledgehammer/NS_Shared/smtlib.640264.smt2: solved=False, runtime=1200.00s, PAR-2=2400.00s
[DEBUG] Processing 1685/2279: UFLIA/sledgehammer/FFT/smtlib.1026416.smt2
[DEBUG] Predicted solver: cvc5 for benchmark UFLIA/sledgehammer/FFT/smtlib.1026416.smt2
[DEBUG] Benchmark UFLIA/sledgehammer/FFT/smtlib.1026416.smt2: solved=False, runtime=1200.00s, PAR-2=2400.00s
[DEBUG] Processing 1686/2279: UFLIA/sledgehammer/Hoare/smtlib.594826.smt2
[DEBUG] Predicted solver: cvc5 for benchmark UFLIA/sledgehammer/Hoare/smtlib.594826.smt2
[DEBUG] Benchmark UFLIA/sledgehammer/Hoare/smtlib.594826.smt2: solved=True, runtime=0.34s, PAR-2=0.34s
[DEBUG] Processing 1687/2279: UFLIA/boogie/Assumptions_Assumptions.Swap_System.Boolean.smt2
[DEBUG] Predicted solver: cvc5 for benchmark UFLIA/boogie/Assumptions_Assumptions.Swap_System.Boolean.smt2
[DEBUG] Benchmark UFLIA/boogie/Assumptions_Assumptions.Swap_System.Boolean.smt2: solved=True, runtime=3.11s, PAR-2=3.11s
[DEBUG] Processing 1688/2279: UFLIA/sledgehammer/Fundamental_Theorem_Algebra/smtlib.639871.smt2
[DEBUG] Predicted solver: cvc5 for benchmark UFLIA/sledgehammer/Fundamental_Theorem_Algebra/smtlib.639871.smt2
[DEBUG] Benchmark UFLIA/sledgehammer/Fundamental_Theorem_Algebra/smtlib.639871.smt2: solved=False, runtime=1200.00s, PAR-2=2400.00s
[DEBUG] Processing 1689/2279: UFLIA/sledgehammer/Fundamental_Theorem_Algebra/smtlib.1241941.smt2
[DEBUG] Predicted solver: cvc5 for benchmark UFLIA/sledgehammer/Fundamental_Theorem_Algebra/smtlib.1241941.smt2
[DEBUG] Benchmark UFLIA/sledgehammer/Fundamental_Theorem_Algebra/smtlib.1241941.smt2: solved=True, runtime=0.35s, PAR-2=0.35s
[DEBUG] Processing 1690/2279: UFLIA/boogie/Modifies_Arraytests.P0_System.String.array-level_2.smt2
[DEBUG] Predicted solver: cvc5 for benchmark UFLIA/boogie/Modifies_Arraytests.P0_System.String.array-level_2.smt2
[DEBUG] Benchmark UFLIA/boogie/Modifies_Arraytests.P0_System.String.array-level_2.smt2: solved=True, runtime=0.39s, PAR-2=0.39s
[DEBUG] Processing 1691/2279: UFLIA/boogie/Chunker11a_Chunker..ctor_System.String_notnull_System.Int32.smt2
[DEBUG] Predicted solver: cvc5 for benchmark UFLIA/boogie/Chunker11a_Chunker..ctor_System.String_notnull_System.Int32.smt2
[DEBUG] Benchmark UFLIA/boogie/Chunker11a_Chunker..ctor_System.String_notnull_System.Int32.smt2: solved=True, runtime=1.00s, PAR-2=1.00s
[DEBUG] Processing 1692/2279: UFLIA/sledgehammer/Fundamental_Theorem_Algebra/smtlib.1037074.smt2
[DEBUG] Predicted solver: cvc5 for benchmark UFLIA/sledgehammer/Fundamental_Theorem_Algebra/smtlib.1037074.smt2
[DEBUG] Benchmark UFLIA/sledgehammer/Fundamental_Theorem_Algebra/smtlib.1037074.smt2: solved=True, runtime=0.27s, PAR-2=0.27s
[DEBUG] Processing 1693/2279: UFLIA/boogie/Change769_B..ctor.smt2
[DEBUG] Predicted solver: cvc5 for benchmark UFLIA/boogie/Change769_B..ctor.smt2
[DEBUG] Benchmark UFLIA/boogie/Change769_B..ctor.smt2: solved=True, runtime=0.35s, PAR-2=0.35s
[DEBUG] Processing 1694/2279: UFLIA/sledgehammer/QEpres/smtlib.745518.smt2
[DEBUG] Predicted solver: cvc5 for benchmark UFLIA/sledgehammer/QEpres/smtlib.745518.smt2
[DEBUG] Benchmark UFLIA/sledgehammer/QEpres/smtlib.745518.smt2: solved=False, runtime=1200.00s, PAR-2=2400.00s
[DEBUG] Processing 1695/2279: UFLIA/boogie/Strings_test3.MyStrings.StringCoolness1.smt2
[DEBUG] Predicted solver: cvc5 for benchmark UFLIA/boogie/Strings_test3.MyStrings.StringCoolness1.smt2
[DEBUG] Benchmark UFLIA/boogie/Strings_test3.MyStrings.StringCoolness1.smt2: solved=True, runtime=2.60s, PAR-2=2.60s
[DEBUG] Processing 1696/2279: UFLIA/boogie/MustOverride_Ex1.B..ctor.smt2
[DEBUG] Predicted solver: cvc5 for benchmark UFLIA/boogie/MustOverride_Ex1.B..ctor.smt2
[DEBUG] Benchmark UFLIA/boogie/MustOverride_Ex1.B..ctor.smt2: solved=True, runtime=0.32s, PAR-2=0.32s
[DEBUG] Processing 1697/2279: UFLIA/sledgehammer/Fundamental_Theorem_Algebra/smtlib.576811.smt2
[DEBUG] Predicted solver: cvc5 for benchmark UFLIA/sledgehammer/Fundamental_Theorem_Algebra/smtlib.576811.smt2
[DEBUG] Benchmark UFLIA/sledgehammer/Fundamental_Theorem_Algebra/smtlib.576811.smt2: solved=False, runtime=1200.00s, PAR-2=2400.00s
[DEBUG] Processing 1698/2279: UFLIA/sledgehammer/QEpres/smtlib.826079.smt2
[DEBUG] Predicted solver: cvc5 for benchmark UFLIA/sledgehammer/QEpres/smtlib.826079.smt2
[DEBUG] Benchmark UFLIA/sledgehammer/QEpres/smtlib.826079.smt2: solved=False, runtime=1200.00s, PAR-2=2400.00s
[DEBUG] Processing 1699/2279: UFLIA/simplify/javafe.ast.ConstructorInvocation.105.smt2
[DEBUG] Predicted solver: cvc5 for benchmark UFLIA/simplify/javafe.ast.ConstructorInvocation.105.smt2
[DEBUG] Benchmark UFLIA/simplify/javafe.ast.ConstructorInvocation.105.smt2: solved=True, runtime=0.66s, PAR-2=0.66s
[DEBUG] Processing 1700/2279: UFLIA/simplify2/front_end_suite/javafe.tc.TypeSig.017.smt2
[DEBUG] Predicted solver: cvc5 for benchmark UFLIA/simplify2/front_end_suite/javafe.tc.TypeSig.017.smt2
[DEBUG] Benchmark UFLIA/simplify2/front_end_suite/javafe.tc.TypeSig.017.smt2: solved=True, runtime=0.63s, PAR-2=0.63s
[DEBUG] Processing 1701/2279: UFLIA/sledgehammer/QEpres/smtlib.1114045.smt2
[DEBUG] Predicted solver: SMTInterpol for benchmark UFLIA/sledgehammer/QEpres/smtlib.1114045.smt2
[DEBUG] Benchmark UFLIA/sledgehammer/QEpres/smtlib.1114045.smt2: solved=True, runtime=0.53s, PAR-2=0.53s
[DEBUG] Processing 1702/2279: UFLIA/sledgehammer/Hoare/smtlib.1097706.smt2
[DEBUG] Predicted solver: cvc5 for benchmark UFLIA/sledgehammer/Hoare/smtlib.1097706.smt2
[DEBUG] Benchmark UFLIA/sledgehammer/Hoare/smtlib.1097706.smt2: solved=False, runtime=1200.00s, PAR-2=2400.00s
[DEBUG] Processing 1703/2279: UFLIA/simplify2/front_end_suite/javafe.ast.TypeModifierPragmaVec.008.smt2
[DEBUG] Predicted solver: cvc5 for benchmark UFLIA/simplify2/front_end_suite/javafe.ast.TypeModifierPragmaVec.008.smt2
[DEBUG] Benchmark UFLIA/simplify2/front_end_suite/javafe.ast.TypeModifierPragmaVec.008.smt2: solved=True, runtime=0.31s, PAR-2=0.31s
[DEBUG] Processing 1704/2279: UFLIA/simplify2/front_end_suite/javafe.filespace.TreeWalker.003.smt2
[DEBUG] Predicted solver: cvc5 for benchmark UFLIA/simplify2/front_end_suite/javafe.filespace.TreeWalker.003.smt2
[DEBUG] Benchmark UFLIA/simplify2/front_end_suite/javafe.filespace.TreeWalker.003.smt2: solved=True, runtime=0.27s, PAR-2=0.27s
[DEBUG] Processing 1705/2279: UFLIA/sledgehammer/StrongNorm/smtlib.687435.smt2
[DEBUG] Predicted solver: iProver for benchmark UFLIA/sledgehammer/StrongNorm/smtlib.687435.smt2
[DEBUG] Benchmark UFLIA/sledgehammer/StrongNorm/smtlib.687435.smt2: solved=False, runtime=1200.00s, PAR-2=2400.00s
[DEBUG] Processing 1706/2279: UFLIA/simplify2/front_end_suite/javafe.ast.BinaryExpr.004.smt2
[DEBUG] Predicted solver: cvc5 for benchmark UFLIA/simplify2/front_end_suite/javafe.ast.BinaryExpr.004.smt2
[DEBUG] Benchmark UFLIA/simplify2/front_end_suite/javafe.ast.BinaryExpr.004.smt2: solved=True, runtime=7.11s, PAR-2=7.11s
[DEBUG] Processing 1707/2279: UFLIA/tokeneer/auditlog/truncatelog-8.smt2
[DEBUG] Predicted solver: cvc5 for benchmark UFLIA/tokeneer/auditlog/truncatelog-8.smt2
[DEBUG] Benchmark UFLIA/tokeneer/auditlog/truncatelog-8.smt2: solved=False, runtime=1200.00s, PAR-2=2400.00s
[DEBUG] Processing 1708/2279: UFLIA/simplify/javafe.ast.MethodDecl.236.smt2
[DEBUG] Predicted solver: cvc5 for benchmark UFLIA/simplify/javafe.ast.MethodDecl.236.smt2
[DEBUG] Benchmark UFLIA/simplify/javafe.ast.MethodDecl.236.smt2: solved=True, runtime=0.74s, PAR-2=0.74s
[DEBUG] Processing 1709/2279: UFLIA/sledgehammer/StrongNorm/smtlib.713724.smt2
[DEBUG] Predicted solver: cvc5 for benchmark UFLIA/sledgehammer/StrongNorm/smtlib.713724.smt2
[DEBUG] Benchmark UFLIA/sledgehammer/StrongNorm/smtlib.713724.smt2: solved=False, runtime=1200.00s, PAR-2=2400.00s
[DEBUG] Processing 1710/2279: UFLIA/sledgehammer/Hoare/smtlib.1136295.smt2
[DEBUG] Predicted solver: cvc5 for benchmark UFLIA/sledgehammer/Hoare/smtlib.1136295.smt2
[DEBUG] Benchmark UFLIA/sledgehammer/Hoare/smtlib.1136295.smt2: solved=False, runtime=1200.00s, PAR-2=2400.00s
[DEBUG] Processing 1711/2279: UFLIA/boogie/WhereMotivation_Types.MLoop3.smt2
[DEBUG] Predicted solver: cvc5 for benchmark UFLIA/boogie/WhereMotivation_Types.MLoop3.smt2
[DEBUG] Benchmark UFLIA/boogie/WhereMotivation_Types.MLoop3.smt2: solved=True, runtime=25.56s, PAR-2=25.56s
[DEBUG] Processing 1712/2279: UFLIA/boogie/ModifiesClauses_ModifiesClauses.Test1_C_notnull.smt2
[DEBUG] Predicted solver: cvc5 for benchmark UFLIA/boogie/ModifiesClauses_ModifiesClauses.Test1_C_notnull.smt2
[DEBUG] Benchmark UFLIA/boogie/ModifiesClauses_ModifiesClauses.Test1_C_notnull.smt2: solved=False, runtime=1200.00s, PAR-2=2400.00s
[DEBUG] Processing 1713/2279: UFLIA/sledgehammer/Fundamental_Theorem_Algebra/smtlib.1451187.smt2
[DEBUG] Predicted solver: cvc5 for benchmark UFLIA/sledgehammer/Fundamental_Theorem_Algebra/smtlib.1451187.smt2
[DEBUG] Benchmark UFLIA/sledgehammer/Fundamental_Theorem_Algebra/smtlib.1451187.smt2: solved=False, runtime=1200.00s, PAR-2=2400.00s
[DEBUG] Processing 1714/2279: UFLIA/simplify2/front_end_suite/javafe.ast.CompoundName.009.smt2
[DEBUG] Predicted solver: cvc5 for benchmark UFLIA/simplify2/front_end_suite/javafe.ast.CompoundName.009.smt2
[DEBUG] Benchmark UFLIA/simplify2/front_end_suite/javafe.ast.CompoundName.009.smt2: solved=True, runtime=0.49s, PAR-2=0.49s
[DEBUG] Processing 1715/2279: UFLIA/simplify2/front_end_suite/javafe.ast.AmbiguousVariableAccess.007.smt2
[DEBUG] Predicted solver: cvc5 for benchmark UFLIA/simplify2/front_end_suite/javafe.ast.AmbiguousVariableAccess.007.smt2
[DEBUG] Benchmark UFLIA/simplify2/front_end_suite/javafe.ast.AmbiguousVariableAccess.007.smt2: solved=True, runtime=12.64s, PAR-2=12.64s
[DEBUG] Processing 1716/2279: UFLIA/simplify2/front_end_suite/javafe.parser.ParseExpr.009.smt2
[DEBUG] Predicted solver: cvc5 for benchmark UFLIA/simplify2/front_end_suite/javafe.parser.ParseExpr.009.smt2
[DEBUG] Benchmark UFLIA/simplify2/front_end_suite/javafe.parser.ParseExpr.009.smt2: solved=False, runtime=1200.00s, PAR-2=2400.00s
[DEBUG] Processing 1717/2279: UFLIA/simplify2/front_end_suite/javafe.ast.ContinueStmt.009.smt2
[DEBUG] Predicted solver: cvc5 for benchmark UFLIA/simplify2/front_end_suite/javafe.ast.ContinueStmt.009.smt2
[DEBUG] Benchmark UFLIA/simplify2/front_end_suite/javafe.ast.ContinueStmt.009.smt2: solved=True, runtime=0.50s, PAR-2=0.50s
[DEBUG] Processing 1718/2279: UFLIA/boogie/Bag0_Bag.Add_System.Int32.smt2
[DEBUG] Predicted solver: cvc5 for benchmark UFLIA/boogie/Bag0_Bag.Add_System.Int32.smt2
[DEBUG] Benchmark UFLIA/boogie/Bag0_Bag.Add_System.Int32.smt2: solved=False, runtime=1200.00s, PAR-2=2400.00s
[DEBUG] Processing 1719/2279: UFLIA/sledgehammer/Hoare/smtlib.993896.smt2
[DEBUG] Predicted solver: SMTInterpol for benchmark UFLIA/sledgehammer/Hoare/smtlib.993896.smt2
[DEBUG] Benchmark UFLIA/sledgehammer/Hoare/smtlib.993896.smt2: solved=True, runtime=0.54s, PAR-2=0.54s
[DEBUG] Processing 1720/2279: UFLIA/simplify2/front_end_suite/javafe.filespace.FileTree.003.smt2
[DEBUG] Predicted solver: cvc5 for benchmark UFLIA/simplify2/front_end_suite/javafe.filespace.FileTree.003.smt2
[DEBUG] Benchmark UFLIA/simplify2/front_end_suite/javafe.filespace.FileTree.003.smt2: solved=True, runtime=0.47s, PAR-2=0.47s
[DEBUG] Processing 1721/2279: UFLIA/tokeneer/admin/opisavailable-8.smt2
[DEBUG] Predicted solver: cvc5 for benchmark UFLIA/tokeneer/admin/opisavailable-8.smt2
[DEBUG] Benchmark UFLIA/tokeneer/admin/opisavailable-8.smt2: solved=True, runtime=0.23s, PAR-2=0.23s
[DEBUG] Processing 1722/2279: UFLIA/simplify2/front_end_suite/javafe.ast.PrimitiveType.002.smt2
[DEBUG] Predicted solver: cvc5 for benchmark UFLIA/simplify2/front_end_suite/javafe.ast.PrimitiveType.002.smt2
[DEBUG] Benchmark UFLIA/simplify2/front_end_suite/javafe.ast.PrimitiveType.002.smt2: solved=True, runtime=17.06s, PAR-2=17.06s
[DEBUG] Processing 1723/2279: UFLIA/simplify2/front_end_suite/javafe.tc.EnvForLocalType.003.smt2
[DEBUG] Predicted solver: cvc5 for benchmark UFLIA/simplify2/front_end_suite/javafe.tc.EnvForLocalType.003.smt2
[DEBUG] Benchmark UFLIA/simplify2/front_end_suite/javafe.tc.EnvForLocalType.003.smt2: solved=True, runtime=0.38s, PAR-2=0.38s
[DEBUG] Processing 1724/2279: UFLIA/simplify2/front_end_suite/javafe.ast.VariableAccess.001.smt2
[DEBUG] Predicted solver: cvc5 for benchmark UFLIA/simplify2/front_end_suite/javafe.ast.VariableAccess.001.smt2
[DEBUG] Benchmark UFLIA/simplify2/front_end_suite/javafe.ast.VariableAccess.001.smt2: solved=True, runtime=0.48s, PAR-2=0.48s
[DEBUG] Processing 1725/2279: UFLIA/simplify2/front_end_suite/javafe.ast.FormalParaDecl.003.smt2
[DEBUG] Predicted solver: cvc5 for benchmark UFLIA/simplify2/front_end_suite/javafe.ast.FormalParaDecl.003.smt2
[DEBUG] Benchmark UFLIA/simplify2/front_end_suite/javafe.ast.FormalParaDecl.003.smt2: solved=True, runtime=0.54s, PAR-2=0.54s
[DEBUG] Processing 1726/2279: UFLIA/boogie/CommittedOblivious_W..ctor.smt2
[DEBUG] Predicted solver: cvc5 for benchmark UFLIA/boogie/CommittedOblivious_W..ctor.smt2
[DEBUG] Benchmark UFLIA/boogie/CommittedOblivious_W..ctor.smt2: solved=True, runtime=0.34s, PAR-2=0.34s
[DEBUG] Processing 1727/2279: UFLIA/simplify/javafe.ast.ConstructorDecl.103.smt2
[DEBUG] Predicted solver: cvc5 for benchmark UFLIA/simplify/javafe.ast.ConstructorDecl.103.smt2
[DEBUG] Benchmark UFLIA/simplify/javafe.ast.ConstructorDecl.103.smt2: solved=True, runtime=1.85s, PAR-2=1.85s
[DEBUG] Processing 1728/2279: UFLIA/sledgehammer/Fundamental_Theorem_Algebra/smtlib.1081041.smt2
[DEBUG] Predicted solver: cvc5 for benchmark UFLIA/sledgehammer/Fundamental_Theorem_Algebra/smtlib.1081041.smt2
[DEBUG] Benchmark UFLIA/sledgehammer/Fundamental_Theorem_Algebra/smtlib.1081041.smt2: solved=True, runtime=35.73s, PAR-2=35.73s
[DEBUG] Processing 1729/2279: UFLIA/sledgehammer/QEpres/smtlib.690800.smt2
[DEBUG] Predicted solver: iProver for benchmark UFLIA/sledgehammer/QEpres/smtlib.690800.smt2
[DEBUG] Benchmark UFLIA/sledgehammer/QEpres/smtlib.690800.smt2: solved=False, runtime=1200.00s, PAR-2=2400.00s
[DEBUG] Processing 1730/2279: UFLIA/sledgehammer/Arrow_Order/smtlib.837175.smt2
[DEBUG] Predicted solver: cvc5 for benchmark UFLIA/sledgehammer/Arrow_Order/smtlib.837175.smt2
[DEBUG] Benchmark UFLIA/sledgehammer/Arrow_Order/smtlib.837175.smt2: solved=True, runtime=11.72s, PAR-2=11.72s
[DEBUG] Processing 1731/2279: UFLIA/sledgehammer/TypeSafe/smtlib.620524.smt2
[DEBUG] Predicted solver: cvc5 for benchmark UFLIA/sledgehammer/TypeSafe/smtlib.620524.smt2
[DEBUG] Benchmark UFLIA/sledgehammer/TypeSafe/smtlib.620524.smt2: solved=False, runtime=1200.00s, PAR-2=2400.00s
[DEBUG] Processing 1732/2279: UFLIA/simplify2/front_end_suite/javafe.ast.SynchronizeStmt.001.smt2
[DEBUG] Predicted solver: cvc5 for benchmark UFLIA/simplify2/front_end_suite/javafe.ast.SynchronizeStmt.001.smt2
[DEBUG] Benchmark UFLIA/simplify2/front_end_suite/javafe.ast.SynchronizeStmt.001.smt2: solved=True, runtime=0.44s, PAR-2=0.44s
[DEBUG] Processing 1733/2279: UFLIA/boogie/ValidAndPrevalid_Interval.Foo2.smt2
[DEBUG] Predicted solver: cvc5 for benchmark UFLIA/boogie/ValidAndPrevalid_Interval.Foo2.smt2
[DEBUG] Benchmark UFLIA/boogie/ValidAndPrevalid_Interval.Foo2.smt2: solved=False, runtime=1200.00s, PAR-2=2400.00s
[DEBUG] Processing 1734/2279: UFLIA/simplify2/front_end_suite/javafe.ast.StandardPrettyPrint.018.smt2
[DEBUG] Predicted solver: cvc5 for benchmark UFLIA/simplify2/front_end_suite/javafe.ast.StandardPrettyPrint.018.smt2
[DEBUG] Benchmark UFLIA/simplify2/front_end_suite/javafe.ast.StandardPrettyPrint.018.smt2: solved=True, runtime=0.65s, PAR-2=0.65s
[DEBUG] Processing 1735/2279: UFLIA/simplify2/front_end_suite/javafe.ast.ArrayInit.005.smt2
[DEBUG] Predicted solver: cvc5 for benchmark UFLIA/simplify2/front_end_suite/javafe.ast.ArrayInit.005.smt2
[DEBUG] Benchmark UFLIA/simplify2/front_end_suite/javafe.ast.ArrayInit.005.smt2: solved=True, runtime=0.55s, PAR-2=0.55s
[DEBUG] Processing 1736/2279: UFLIA/simplify2/front_end_suite/javafe.tc.FlowInsensitiveChecks.020.smt2
[DEBUG] Predicted solver: cvc5 for benchmark UFLIA/simplify2/front_end_suite/javafe.tc.FlowInsensitiveChecks.020.smt2
[DEBUG] Benchmark UFLIA/simplify2/front_end_suite/javafe.tc.FlowInsensitiveChecks.020.smt2: solved=True, runtime=5.51s, PAR-2=5.51s
[DEBUG] Processing 1737/2279: UFLIA/simplify2/front_end_suite/javafe.parser.Parse.009.smt2
[DEBUG] Predicted solver: cvc5 for benchmark UFLIA/simplify2/front_end_suite/javafe.parser.Parse.009.smt2
[DEBUG] Benchmark UFLIA/simplify2/front_end_suite/javafe.parser.Parse.009.smt2: solved=True, runtime=0.74s, PAR-2=0.74s
[DEBUG] Processing 1738/2279: UFLIA/sledgehammer/QEpres/smtlib.682742.smt2
[DEBUG] Predicted solver: cvc5 for benchmark UFLIA/sledgehammer/QEpres/smtlib.682742.smt2
[DEBUG] Benchmark UFLIA/sledgehammer/QEpres/smtlib.682742.smt2: solved=False, runtime=1200.00s, PAR-2=2400.00s
[DEBUG] Processing 1739/2279: UFLIA/sledgehammer/Fundamental_Theorem_Algebra/smtlib.1293094.smt2
[DEBUG] Predicted solver: cvc5 for benchmark UFLIA/sledgehammer/Fundamental_Theorem_Algebra/smtlib.1293094.smt2
[DEBUG] Benchmark UFLIA/sledgehammer/Fundamental_Theorem_Algebra/smtlib.1293094.smt2: solved=False, runtime=1200.00s, PAR-2=2400.00s
[DEBUG] Processing 1740/2279: UFLIA/simplify2/front_end_suite/javafe.ast.Identifier.009.smt2
[DEBUG] Predicted solver: cvc5 for benchmark UFLIA/simplify2/front_end_suite/javafe.ast.Identifier.009.smt2
[DEBUG] Benchmark UFLIA/simplify2/front_end_suite/javafe.ast.Identifier.009.smt2: solved=True, runtime=0.39s, PAR-2=0.39s
[DEBUG] Processing 1741/2279: UFLIA/sledgehammer/Hoare/smtlib.848928.smt2
[DEBUG] Predicted solver: iProver for benchmark UFLIA/sledgehammer/Hoare/smtlib.848928.smt2
[DEBUG] Benchmark UFLIA/sledgehammer/Hoare/smtlib.848928.smt2: solved=False, runtime=1200.00s, PAR-2=2400.00s
[DEBUG] Processing 1742/2279: UFLIA/sledgehammer/Fundamental_Theorem_Algebra/smtlib.810519.smt2
[DEBUG] Predicted solver: iProver for benchmark UFLIA/sledgehammer/Fundamental_Theorem_Algebra/smtlib.810519.smt2
[DEBUG] Benchmark UFLIA/sledgehammer/Fundamental_Theorem_Algebra/smtlib.810519.smt2: solved=False, runtime=1200.00s, PAR-2=2400.00s
[DEBUG] Processing 1743/2279: UFLIA/sledgehammer/StrongNorm/smtlib.686273.smt2
[DEBUG] Predicted solver: cvc5 for benchmark UFLIA/sledgehammer/StrongNorm/smtlib.686273.smt2
[DEBUG] Benchmark UFLIA/sledgehammer/StrongNorm/smtlib.686273.smt2: solved=False, runtime=1200.00s, PAR-2=2400.00s
[DEBUG] Processing 1744/2279: UFLIA/simplify2/front_end_suite/javafe.ast.LiteralExpr.005.smt2
[DEBUG] Predicted solver: cvc5 for benchmark UFLIA/simplify2/front_end_suite/javafe.ast.LiteralExpr.005.smt2
[DEBUG] Benchmark UFLIA/simplify2/front_end_suite/javafe.ast.LiteralExpr.005.smt2: solved=True, runtime=1.15s, PAR-2=1.15s
[DEBUG] Processing 1745/2279: UFLIA/simplify2/front_end_suite/javafe.ast.ContinueStmt.004.smt2
[DEBUG] Predicted solver: cvc5 for benchmark UFLIA/simplify2/front_end_suite/javafe.ast.ContinueStmt.004.smt2
[DEBUG] Benchmark UFLIA/simplify2/front_end_suite/javafe.ast.ContinueStmt.004.smt2: solved=True, runtime=0.49s, PAR-2=0.49s
[DEBUG] Processing 1746/2279: UFLIA/simplify2/front_end_suite/javafe.ast.StmtVec.021.smt2
[DEBUG] Predicted solver: cvc5 for benchmark UFLIA/simplify2/front_end_suite/javafe.ast.StmtVec.021.smt2
[DEBUG] Benchmark UFLIA/simplify2/front_end_suite/javafe.ast.StmtVec.021.smt2: solved=True, runtime=0.27s, PAR-2=0.27s
[DEBUG] Processing 1747/2279: UFLIA/simplify2/front_end_suite/javafe.TestTool.006.smt2
[DEBUG] Predicted solver: cvc5 for benchmark UFLIA/simplify2/front_end_suite/javafe.TestTool.006.smt2
[DEBUG] Benchmark UFLIA/simplify2/front_end_suite/javafe.TestTool.006.smt2: solved=True, runtime=0.34s, PAR-2=0.34s
[DEBUG] Processing 1748/2279: UFLIA/sledgehammer/Hoare/smtlib.800900.smt2
[DEBUG] Predicted solver: iProver for benchmark UFLIA/sledgehammer/Hoare/smtlib.800900.smt2
[DEBUG] Benchmark UFLIA/sledgehammer/Hoare/smtlib.800900.smt2: solved=False, runtime=1200.00s, PAR-2=2400.00s
[DEBUG] Processing 1749/2279: UFLIA/sledgehammer/TypeSafe/smtlib.905367.smt2
[DEBUG] Predicted solver: cvc5 for benchmark UFLIA/sledgehammer/TypeSafe/smtlib.905367.smt2
[DEBUG] Benchmark UFLIA/sledgehammer/TypeSafe/smtlib.905367.smt2: solved=False, runtime=1200.00s, PAR-2=2400.00s
[DEBUG] Processing 1750/2279: UFLIA/simplify2/front_end_suite/javafe.ast.IdentifierVec.005.smt2
[DEBUG] Predicted solver: cvc5 for benchmark UFLIA/simplify2/front_end_suite/javafe.ast.IdentifierVec.005.smt2
[DEBUG] Benchmark UFLIA/simplify2/front_end_suite/javafe.ast.IdentifierVec.005.smt2: solved=True, runtime=0.54s, PAR-2=0.54s
[DEBUG] Processing 1751/2279: UFLIA/sledgehammer/Hoare/smtlib.652048.smt2
[DEBUG] Predicted solver: cvc5 for benchmark UFLIA/sledgehammer/Hoare/smtlib.652048.smt2
[DEBUG] Benchmark UFLIA/sledgehammer/Hoare/smtlib.652048.smt2: solved=True, runtime=0.45s, PAR-2=0.45s
[DEBUG] Processing 1752/2279: UFLIA/sledgehammer/FFT/smtlib.1018649.smt2
[DEBUG] Predicted solver: cvc5 for benchmark UFLIA/sledgehammer/FFT/smtlib.1018649.smt2
[DEBUG] Benchmark UFLIA/sledgehammer/FFT/smtlib.1018649.smt2: solved=True, runtime=29.22s, PAR-2=29.22s
[DEBUG] Processing 1753/2279: UFLIA/sledgehammer/FFT/smtlib.557643.smt2
[DEBUG] Predicted solver: SMTInterpol for benchmark UFLIA/sledgehammer/FFT/smtlib.557643.smt2
[DEBUG] Benchmark UFLIA/sledgehammer/FFT/smtlib.557643.smt2: solved=True, runtime=21.81s, PAR-2=21.81s
[DEBUG] Processing 1754/2279: UFLIA/sledgehammer/Hoare/smtlib.628054.smt2
[DEBUG] Predicted solver: cvc5 for benchmark UFLIA/sledgehammer/Hoare/smtlib.628054.smt2
[DEBUG] Benchmark UFLIA/sledgehammer/Hoare/smtlib.628054.smt2: solved=False, runtime=1200.00s, PAR-2=2400.00s
[DEBUG] Processing 1755/2279: UFLIA/sledgehammer/Fundamental_Theorem_Algebra/smtlib.1256764.smt2
[DEBUG] Predicted solver: cvc5 for benchmark UFLIA/sledgehammer/Fundamental_Theorem_Algebra/smtlib.1256764.smt2
[DEBUG] Benchmark UFLIA/sledgehammer/Fundamental_Theorem_Algebra/smtlib.1256764.smt2: solved=False, runtime=1200.00s, PAR-2=2400.00s
[DEBUG] Processing 1756/2279: UFLIA/simplify2/front_end_suite/javafe.tc.EnvForLocals.007.smt2
[DEBUG] Predicted solver: cvc5 for benchmark UFLIA/simplify2/front_end_suite/javafe.tc.EnvForLocals.007.smt2
[DEBUG] Benchmark UFLIA/simplify2/front_end_suite/javafe.tc.EnvForLocals.007.smt2: solved=True, runtime=0.50s, PAR-2=0.50s
[DEBUG] Processing 1757/2279: UFLIA/simplify/javafe.ast.ModifierPragmaVec.252.smt2
[DEBUG] Predicted solver: cvc5 for benchmark UFLIA/simplify/javafe.ast.ModifierPragmaVec.252.smt2
[DEBUG] Benchmark UFLIA/simplify/javafe.ast.ModifierPragmaVec.252.smt2: solved=True, runtime=1.08s, PAR-2=1.08s
[DEBUG] Processing 1758/2279: UFLIA/simplify2/front_end_suite/javafe.parser.TokenQueue.001.smt2
[DEBUG] Predicted solver: cvc5 for benchmark UFLIA/simplify2/front_end_suite/javafe.parser.TokenQueue.001.smt2
[DEBUG] Benchmark UFLIA/simplify2/front_end_suite/javafe.parser.TokenQueue.001.smt2: solved=True, runtime=0.32s, PAR-2=0.32s
[DEBUG] Processing 1759/2279: UFLIA/sledgehammer/Hoare/smtlib.594414.smt2
[DEBUG] Predicted solver: iProver for benchmark UFLIA/sledgehammer/Hoare/smtlib.594414.smt2
[DEBUG] Benchmark UFLIA/sledgehammer/Hoare/smtlib.594414.smt2: solved=False, runtime=1200.00s, PAR-2=2400.00s
[DEBUG] Processing 1760/2279: UFLIA/sledgehammer/TwoSquares/smtlib.649769.smt2
[DEBUG] Predicted solver: SMTInterpol for benchmark UFLIA/sledgehammer/TwoSquares/smtlib.649769.smt2
[DEBUG] Benchmark UFLIA/sledgehammer/TwoSquares/smtlib.649769.smt2: solved=True, runtime=0.49s, PAR-2=0.49s
[DEBUG] Processing 1761/2279: UFLIA/simplify/javafe.ast.TypeModifierPragmaVec.395.smt2
[DEBUG] Predicted solver: cvc5 for benchmark UFLIA/simplify/javafe.ast.TypeModifierPragmaVec.395.smt2
[DEBUG] Benchmark UFLIA/simplify/javafe.ast.TypeModifierPragmaVec.395.smt2: solved=True, runtime=0.26s, PAR-2=0.26s
[DEBUG] Processing 1762/2279: UFLIA/sledgehammer/QEpres/smtlib.1000615.smt2
[DEBUG] Predicted solver: cvc5 for benchmark UFLIA/sledgehammer/QEpres/smtlib.1000615.smt2
[DEBUG] Benchmark UFLIA/sledgehammer/QEpres/smtlib.1000615.smt2: solved=True, runtime=0.53s, PAR-2=0.53s
[DEBUG] Processing 1763/2279: UFLIA/sledgehammer/Fundamental_Theorem_Algebra/smtlib.564024.smt2
[DEBUG] Predicted solver: iProver for benchmark UFLIA/sledgehammer/Fundamental_Theorem_Algebra/smtlib.564024.smt2
[DEBUG] Benchmark UFLIA/sledgehammer/Fundamental_Theorem_Algebra/smtlib.564024.smt2: solved=False, runtime=1200.00s, PAR-2=2400.00s
[DEBUG] Processing 1764/2279: UFLIA/sledgehammer/TwoSquares/smtlib.596368.smt2
[DEBUG] Predicted solver: cvc5 for benchmark UFLIA/sledgehammer/TwoSquares/smtlib.596368.smt2
[DEBUG] Benchmark UFLIA/sledgehammer/TwoSquares/smtlib.596368.smt2: solved=False, runtime=1200.00s, PAR-2=2400.00s
[DEBUG] Processing 1765/2279: UFLIA/sledgehammer/StrongNorm/smtlib.786960.smt2
[DEBUG] Predicted solver: cvc5 for benchmark UFLIA/sledgehammer/StrongNorm/smtlib.786960.smt2
[DEBUG] Benchmark UFLIA/sledgehammer/StrongNorm/smtlib.786960.smt2: solved=False, runtime=1200.00s, PAR-2=2400.00s
[DEBUG] Processing 1766/2279: UFLIA/tokeneer/latch/settimeout-3.smt2
[DEBUG] Predicted solver: SMTInterpol for benchmark UFLIA/tokeneer/latch/settimeout-3.smt2
[DEBUG] Benchmark UFLIA/tokeneer/latch/settimeout-3.smt2: solved=False, runtime=1200.00s, PAR-2=2400.00s
[DEBUG] Processing 1767/2279: UFLIA/tptp/ARI604=1.smt2
[DEBUG] Predicted solver: SMTInterpol for benchmark UFLIA/tptp/ARI604=1.smt2
[DEBUG] Benchmark UFLIA/tptp/ARI604=1.smt2: solved=True, runtime=0.52s, PAR-2=0.52s
[DEBUG] Processing 1768/2279: UFLIA/sledgehammer/Fundamental_Theorem_Algebra/z3.1476271.smt2
[DEBUG] Predicted solver: cvc5 for benchmark UFLIA/sledgehammer/Fundamental_Theorem_Algebra/z3.1476271.smt2
[DEBUG] Benchmark UFLIA/sledgehammer/Fundamental_Theorem_Algebra/z3.1476271.smt2: solved=False, runtime=1200.00s, PAR-2=2400.00s
[DEBUG] Processing 1769/2279: UFLIA/sledgehammer/Hoare/smtlib.824765.smt2
[DEBUG] Predicted solver: cvc5 for benchmark UFLIA/sledgehammer/Hoare/smtlib.824765.smt2
[DEBUG] Benchmark UFLIA/sledgehammer/Hoare/smtlib.824765.smt2: solved=False, runtime=1200.00s, PAR-2=2400.00s
[DEBUG] Processing 1770/2279: UFLIA/sledgehammer/Fundamental_Theorem_Algebra/smtlib.743386.smt2
[DEBUG] Predicted solver: cvc5 for benchmark UFLIA/sledgehammer/Fundamental_Theorem_Algebra/smtlib.743386.smt2
[DEBUG] Benchmark UFLIA/sledgehammer/Fundamental_Theorem_Algebra/smtlib.743386.smt2: solved=False, runtime=1200.00s, PAR-2=2400.00s
[DEBUG] Processing 1771/2279: UFLIA/simplify2/front_end_suite/javafe.tc.ConstantExpr.012.smt2
[DEBUG] Predicted solver: cvc5 for benchmark UFLIA/simplify2/front_end_suite/javafe.tc.ConstantExpr.012.smt2
[DEBUG] Benchmark UFLIA/simplify2/front_end_suite/javafe.tc.ConstantExpr.012.smt2: solved=True, runtime=0.54s, PAR-2=0.54s
[DEBUG] Processing 1772/2279: UFLIA/sledgehammer/TwoSquares/smtlib.690341.smt2
[DEBUG] Predicted solver: cvc5 for benchmark UFLIA/sledgehammer/TwoSquares/smtlib.690341.smt2
[DEBUG] Benchmark UFLIA/sledgehammer/TwoSquares/smtlib.690341.smt2: solved=True, runtime=0.30s, PAR-2=0.30s
[DEBUG] Processing 1773/2279: UFLIA/sledgehammer/Hoare/smtlib.932369.smt2
[DEBUG] Predicted solver: iProver for benchmark UFLIA/sledgehammer/Hoare/smtlib.932369.smt2
[DEBUG] Benchmark UFLIA/sledgehammer/Hoare/smtlib.932369.smt2: solved=False, runtime=1200.00s, PAR-2=2400.00s
[DEBUG] Processing 1774/2279: UFLIA/sledgehammer/Fundamental_Theorem_Algebra/smtlib.1289053.smt2
[DEBUG] Predicted solver: cvc5 for benchmark UFLIA/sledgehammer/Fundamental_Theorem_Algebra/smtlib.1289053.smt2
[DEBUG] Benchmark UFLIA/sledgehammer/Fundamental_Theorem_Algebra/smtlib.1289053.smt2: solved=False, runtime=1200.00s, PAR-2=2400.00s
[DEBUG] Processing 1775/2279: UFLIA/sledgehammer/Fundamental_Theorem_Algebra/smtlib.1474707.smt2
[DEBUG] Predicted solver: cvc5 for benchmark UFLIA/sledgehammer/Fundamental_Theorem_Algebra/smtlib.1474707.smt2
[DEBUG] Benchmark UFLIA/sledgehammer/Fundamental_Theorem_Algebra/smtlib.1474707.smt2: solved=True, runtime=70.14s, PAR-2=70.14s
[DEBUG] Processing 1776/2279: UFLIA/sledgehammer/TwoSquares/smtlib.748022.smt2
[DEBUG] Predicted solver: cvc5 for benchmark UFLIA/sledgehammer/TwoSquares/smtlib.748022.smt2
[DEBUG] Benchmark UFLIA/sledgehammer/TwoSquares/smtlib.748022.smt2: solved=False, runtime=1200.00s, PAR-2=2400.00s
[DEBUG] Processing 1777/2279: UFLIA/sledgehammer/QEpres/smtlib.909222.smt2
[DEBUG] Predicted solver: cvc5 for benchmark UFLIA/sledgehammer/QEpres/smtlib.909222.smt2
[DEBUG] Benchmark UFLIA/sledgehammer/QEpres/smtlib.909222.smt2: solved=False, runtime=1200.00s, PAR-2=2400.00s
[DEBUG] Processing 1778/2279: UFLIA/sledgehammer/TypeSafe/smtlib.813782.smt2
[DEBUG] Predicted solver: cvc5 for benchmark UFLIA/sledgehammer/TypeSafe/smtlib.813782.smt2
[DEBUG] Benchmark UFLIA/sledgehammer/TypeSafe/smtlib.813782.smt2: solved=False, runtime=1200.00s, PAR-2=2400.00s
[DEBUG] Processing 1779/2279: UFLIA/sexpr/SES.Sx..ctor.smt2
[DEBUG] Predicted solver: cvc5 for benchmark UFLIA/sexpr/SES.Sx..ctor.smt2
[DEBUG] Benchmark UFLIA/sexpr/SES.Sx..ctor.smt2: solved=True, runtime=0.59s, PAR-2=0.59s
[DEBUG] Processing 1780/2279: UFLIA/sledgehammer/TwoSquares/smtlib.697343.smt2
[DEBUG] Predicted solver: SMTInterpol for benchmark UFLIA/sledgehammer/TwoSquares/smtlib.697343.smt2
[DEBUG] Benchmark UFLIA/sledgehammer/TwoSquares/smtlib.697343.smt2: solved=True, runtime=1.07s, PAR-2=1.07s
[DEBUG] Processing 1781/2279: UFLIA/sledgehammer/FFT/smtlib.927700.smt2
[DEBUG] Predicted solver: cvc5 for benchmark UFLIA/sledgehammer/FFT/smtlib.927700.smt2
[DEBUG] Benchmark UFLIA/sledgehammer/FFT/smtlib.927700.smt2: solved=False, runtime=1200.00s, PAR-2=2400.00s
[DEBUG] Processing 1782/2279: UFLIA/sledgehammer/Arrow_Order/smtlib.705230.smt2
[DEBUG] Predicted solver: cvc5 for benchmark UFLIA/sledgehammer/Arrow_Order/smtlib.705230.smt2
[DEBUG] Benchmark UFLIA/sledgehammer/Arrow_Order/smtlib.705230.smt2: solved=True, runtime=0.39s, PAR-2=0.39s
[DEBUG] Processing 1783/2279: UFLIA/simplify2/front_end_suite/javafe.ast.TypeDeclVec.008.smt2
[DEBUG] Predicted solver: cvc5 for benchmark UFLIA/simplify2/front_end_suite/javafe.ast.TypeDeclVec.008.smt2
[DEBUG] Benchmark UFLIA/simplify2/front_end_suite/javafe.ast.TypeDeclVec.008.smt2: solved=True, runtime=0.28s, PAR-2=0.28s
[DEBUG] Processing 1784/2279: UFLIA/sledgehammer/NS_Shared/smtlib.783693.smt2
[DEBUG] Predicted solver: cvc5 for benchmark UFLIA/sledgehammer/NS_Shared/smtlib.783693.smt2
[DEBUG] Benchmark UFLIA/sledgehammer/NS_Shared/smtlib.783693.smt2: solved=False, runtime=1200.00s, PAR-2=2400.00s
[DEBUG] Processing 1785/2279: UFLIA/sledgehammer/Arrow_Order/smtlib.753569.smt2
[DEBUG] Predicted solver: cvc5 for benchmark UFLIA/sledgehammer/Arrow_Order/smtlib.753569.smt2
[DEBUG] Benchmark UFLIA/sledgehammer/Arrow_Order/smtlib.753569.smt2: solved=True, runtime=19.82s, PAR-2=19.82s
[DEBUG] Processing 1786/2279: UFLIA/tokeneer/enclave/progressadminactivity-8.smt2
[DEBUG] Predicted solver: SMTInterpol for benchmark UFLIA/tokeneer/enclave/progressadminactivity-8.smt2
[DEBUG] Benchmark UFLIA/tokeneer/enclave/progressadminactivity-8.smt2: solved=True, runtime=1195.05s, PAR-2=1195.05s
[DEBUG] Processing 1787/2279: UFLIA/sledgehammer/Fundamental_Theorem_Algebra/smtlib.938531.smt2
[DEBUG] Predicted solver: cvc5 for benchmark UFLIA/sledgehammer/Fundamental_Theorem_Algebra/smtlib.938531.smt2
[DEBUG] Benchmark UFLIA/sledgehammer/Fundamental_Theorem_Algebra/smtlib.938531.smt2: solved=True, runtime=0.26s, PAR-2=0.26s
[DEBUG] Processing 1788/2279: UFLIA/grasshopper/uninstantiated/delete_check_free_51_8.smt2
[DEBUG] Predicted solver: cvc5 for benchmark UFLIA/grasshopper/uninstantiated/delete_check_free_51_8.smt2
[DEBUG] Benchmark UFLIA/grasshopper/uninstantiated/delete_check_free_51_8.smt2: solved=True, runtime=0.44s, PAR-2=0.44s
[DEBUG] Processing 1789/2279: UFLIA/sledgehammer/QEpres/smtlib.670938.smt2
[DEBUG] Predicted solver: cvc5 for benchmark UFLIA/sledgehammer/QEpres/smtlib.670938.smt2
[DEBUG] Benchmark UFLIA/sledgehammer/QEpres/smtlib.670938.smt2: solved=False, runtime=1200.00s, PAR-2=2400.00s
[DEBUG] Processing 1790/2279: UFLIA/simplify2/front_end_suite/javafe.ast.FieldDecl.004.smt2
[DEBUG] Predicted solver: cvc5 for benchmark UFLIA/simplify2/front_end_suite/javafe.ast.FieldDecl.004.smt2
[DEBUG] Benchmark UFLIA/simplify2/front_end_suite/javafe.ast.FieldDecl.004.smt2: solved=True, runtime=0.86s, PAR-2=0.86s
[DEBUG] Processing 1791/2279: UFLIA/sledgehammer/Arrow_Order/smtlib.586117.smt2
[DEBUG] Predicted solver: cvc5 for benchmark UFLIA/sledgehammer/Arrow_Order/smtlib.586117.smt2
[DEBUG] Benchmark UFLIA/sledgehammer/Arrow_Order/smtlib.586117.smt2: solved=False, runtime=1200.00s, PAR-2=2400.00s
[DEBUG] Processing 1792/2279: UFLIA/simplify2/front_end_suite/javafe.ast.ModifierPragmaVec.013.smt2
[DEBUG] Predicted solver: cvc5 for benchmark UFLIA/simplify2/front_end_suite/javafe.ast.ModifierPragmaVec.013.smt2
[DEBUG] Benchmark UFLIA/simplify2/front_end_suite/javafe.ast.ModifierPragmaVec.013.smt2: solved=True, runtime=0.51s, PAR-2=0.51s
[DEBUG] Processing 1793/2279: UFLIA/simplify2/front_end_suite/javafe.util.StackVector.014.smt2
[DEBUG] Predicted solver: cvc5 for benchmark UFLIA/simplify2/front_end_suite/javafe.util.StackVector.014.smt2
[DEBUG] Benchmark UFLIA/simplify2/front_end_suite/javafe.util.StackVector.014.smt2: solved=True, runtime=1.79s, PAR-2=1.79s
[DEBUG] Processing 1794/2279: UFLIA/boogie/AdditiveMethods_Sub.Z.smt2
[DEBUG] Predicted solver: cvc5 for benchmark UFLIA/boogie/AdditiveMethods_Sub.Z.smt2
[DEBUG] Benchmark UFLIA/boogie/AdditiveMethods_Sub.Z.smt2: solved=False, runtime=1200.00s, PAR-2=2400.00s
[DEBUG] Processing 1795/2279: UFLIA/boogie/Array2_test3.MyClass2.M2_System.Int32.array2_notnull.smt2
[DEBUG] Predicted solver: cvc5 for benchmark UFLIA/boogie/Array2_test3.MyClass2.M2_System.Int32.array2_notnull.smt2
[DEBUG] Benchmark UFLIA/boogie/Array2_test3.MyClass2.M2_System.Int32.array2_notnull.smt2: solved=False, runtime=1200.00s, PAR-2=2400.00s
[DEBUG] Processing 1796/2279: UFLIA/sledgehammer/QEpres/smtlib.771462.smt2
[DEBUG] Predicted solver: cvc5 for benchmark UFLIA/sledgehammer/QEpres/smtlib.771462.smt2
[DEBUG] Benchmark UFLIA/sledgehammer/QEpres/smtlib.771462.smt2: solved=False, runtime=1200.00s, PAR-2=2400.00s
[DEBUG] Processing 1797/2279: UFLIA/simplify2/front_end_suite/javafe.ast.FieldAccess.001.smt2
[DEBUG] Predicted solver: cvc5 for benchmark UFLIA/simplify2/front_end_suite/javafe.ast.FieldAccess.001.smt2
[DEBUG] Benchmark UFLIA/simplify2/front_end_suite/javafe.ast.FieldAccess.001.smt2: solved=True, runtime=0.46s, PAR-2=0.46s
[DEBUG] Processing 1798/2279: UFLIA/boogie/Delegate_Delegate..ctor.smt2
[DEBUG] Predicted solver: cvc5 for benchmark UFLIA/boogie/Delegate_Delegate..ctor.smt2
[DEBUG] Benchmark UFLIA/boogie/Delegate_Delegate..ctor.smt2: solved=True, runtime=0.92s, PAR-2=0.92s
[DEBUG] Processing 1799/2279: UFLIA/boogie/Immutable_test3.C..ctor.smt2
[DEBUG] Predicted solver: cvc5 for benchmark UFLIA/boogie/Immutable_test3.C..ctor.smt2
[DEBUG] Benchmark UFLIA/boogie/Immutable_test3.C..ctor.smt2: solved=True, runtime=1.20s, PAR-2=1.20s
[DEBUG] Processing 1800/2279: UFLIA/simplify2/front_end_suite/javafe.tc.Env.004.smt2
[DEBUG] Predicted solver: cvc5 for benchmark UFLIA/simplify2/front_end_suite/javafe.tc.Env.004.smt2
[DEBUG] Benchmark UFLIA/simplify2/front_end_suite/javafe.tc.Env.004.smt2: solved=True, runtime=0.60s, PAR-2=0.60s
[DEBUG] Processing 1801/2279: UFLIA/sledgehammer/TypeSafe/smtlib.1368584.smt2
[DEBUG] Predicted solver: cvc5 for benchmark UFLIA/sledgehammer/TypeSafe/smtlib.1368584.smt2
[DEBUG] Benchmark UFLIA/sledgehammer/TypeSafe/smtlib.1368584.smt2: solved=False, runtime=1200.00s, PAR-2=2400.00s
[DEBUG] Processing 1802/2279: UFLIA/sledgehammer/StrongNorm/smtlib.634151.smt2
[DEBUG] Predicted solver: iProver for benchmark UFLIA/sledgehammer/StrongNorm/smtlib.634151.smt2
[DEBUG] Benchmark UFLIA/sledgehammer/StrongNorm/smtlib.634151.smt2: solved=False, runtime=1200.00s, PAR-2=2400.00s
[DEBUG] Processing 1803/2279: UFLIA/simplify2/front_end_suite/javafe.ast.StandardPrettyPrint.005.smt2
[DEBUG] Predicted solver: cvc5 for benchmark UFLIA/simplify2/front_end_suite/javafe.ast.StandardPrettyPrint.005.smt2
[DEBUG] Benchmark UFLIA/simplify2/front_end_suite/javafe.ast.StandardPrettyPrint.005.smt2: solved=True, runtime=215.27s, PAR-2=215.27s
[DEBUG] Processing 1804/2279: UFLIA/sledgehammer/QEpres/smtlib.1152833.smt2
[DEBUG] Predicted solver: cvc5 for benchmark UFLIA/sledgehammer/QEpres/smtlib.1152833.smt2
[DEBUG] Benchmark UFLIA/sledgehammer/QEpres/smtlib.1152833.smt2: solved=False, runtime=1200.00s, PAR-2=2400.00s
[DEBUG] Processing 1805/2279: UFLIA/sledgehammer/TwoSquares/smtlib.672156.smt2
[DEBUG] Predicted solver: iProver for benchmark UFLIA/sledgehammer/TwoSquares/smtlib.672156.smt2
[DEBUG] Benchmark UFLIA/sledgehammer/TwoSquares/smtlib.672156.smt2: solved=False, runtime=1200.00s, PAR-2=2400.00s
[DEBUG] Processing 1806/2279: UFLIA/boogie/Immutable_test3.XY.M1_test3.Imtbl.smt2
[DEBUG] Predicted solver: cvc5 for benchmark UFLIA/boogie/Immutable_test3.XY.M1_test3.Imtbl.smt2
[DEBUG] Benchmark UFLIA/boogie/Immutable_test3.XY.M1_test3.Imtbl.smt2: solved=False, runtime=1200.00s, PAR-2=2400.00s
[DEBUG] Processing 1807/2279: UFLIA/simplify2/front_end_suite/javafe.ast.ConstructorInvocation.004.smt2
[DEBUG] Predicted solver: cvc5 for benchmark UFLIA/simplify2/front_end_suite/javafe.ast.ConstructorInvocation.004.smt2
[DEBUG] Benchmark UFLIA/simplify2/front_end_suite/javafe.ast.ConstructorInvocation.004.smt2: solved=True, runtime=0.87s, PAR-2=0.87s
[DEBUG] Processing 1808/2279: UFLIA/sledgehammer/TypeSafe/smtlib.793829.smt2
[DEBUG] Predicted solver: cvc5 for benchmark UFLIA/sledgehammer/TypeSafe/smtlib.793829.smt2
[DEBUG] Benchmark UFLIA/sledgehammer/TypeSafe/smtlib.793829.smt2: solved=False, runtime=1200.00s, PAR-2=2400.00s
[DEBUG] Processing 1809/2279: UFLIA/sledgehammer/QEpres/smtlib.873516.smt2
[DEBUG] Predicted solver: cvc5 for benchmark UFLIA/sledgehammer/QEpres/smtlib.873516.smt2
[DEBUG] Benchmark UFLIA/sledgehammer/QEpres/smtlib.873516.smt2: solved=False, runtime=1200.00s, PAR-2=2400.00s
[DEBUG] Processing 1810/2279: UFLIA/boogie/QuantifierVisibilityInvariant_C..ctor_System.Int32.smt2
[DEBUG] Predicted solver: cvc5 for benchmark UFLIA/boogie/QuantifierVisibilityInvariant_C..ctor_System.Int32.smt2
[DEBUG] Benchmark UFLIA/boogie/QuantifierVisibilityInvariant_C..ctor_System.Int32.smt2: solved=True, runtime=0.77s, PAR-2=0.77s
[DEBUG] Processing 1811/2279: UFLIA/boogie/AssignToNonInvariantField_AnotherClient.P_ViolatesInvariant.smt2
[DEBUG] Predicted solver: cvc5 for benchmark UFLIA/boogie/AssignToNonInvariantField_AnotherClient.P_ViolatesInvariant.smt2
[DEBUG] Benchmark UFLIA/boogie/AssignToNonInvariantField_AnotherClient.P_ViolatesInvariant.smt2: solved=False, runtime=1200.00s, PAR-2=2400.00s
[DEBUG] Processing 1812/2279: UFLIA/simplify2/front_end_suite/javafe.ast.TypeObjectDesignator.008.smt2
[DEBUG] Predicted solver: cvc5 for benchmark UFLIA/simplify2/front_end_suite/javafe.ast.TypeObjectDesignator.008.smt2
[DEBUG] Benchmark UFLIA/simplify2/front_end_suite/javafe.ast.TypeObjectDesignator.008.smt2: solved=True, runtime=19.22s, PAR-2=19.22s
[DEBUG] Processing 1813/2279: UFLIA/sledgehammer/StrongNorm/smtlib.802302.smt2
[DEBUG] Predicted solver: iProver for benchmark UFLIA/sledgehammer/StrongNorm/smtlib.802302.smt2
[DEBUG] Benchmark UFLIA/sledgehammer/StrongNorm/smtlib.802302.smt2: solved=False, runtime=1200.00s, PAR-2=2400.00s
[DEBUG] Processing 1814/2279: UFLIA/sledgehammer/QEpres/smtlib.1021612.smt2
[DEBUG] Predicted solver: cvc5 for benchmark UFLIA/sledgehammer/QEpres/smtlib.1021612.smt2
[DEBUG] Benchmark UFLIA/sledgehammer/QEpres/smtlib.1021612.smt2: solved=False, runtime=1200.00s, PAR-2=2400.00s
[DEBUG] Processing 1815/2279: UFLIA/sledgehammer/TypeSafe/smtlib.795639.smt2
[DEBUG] Predicted solver: cvc5 for benchmark UFLIA/sledgehammer/TypeSafe/smtlib.795639.smt2
[DEBUG] Benchmark UFLIA/sledgehammer/TypeSafe/smtlib.795639.smt2: solved=False, runtime=1200.00s, PAR-2=2400.00s
[DEBUG] Processing 1816/2279: UFLIA/sledgehammer/Fundamental_Theorem_Algebra/smtlib.1162678.smt2
[DEBUG] Predicted solver: cvc5 for benchmark UFLIA/sledgehammer/Fundamental_Theorem_Algebra/smtlib.1162678.smt2
[DEBUG] Benchmark UFLIA/sledgehammer/Fundamental_Theorem_Algebra/smtlib.1162678.smt2: solved=True, runtime=0.35s, PAR-2=0.35s
[DEBUG] Processing 1817/2279: UFLIA/simplify/javafe.util.StackVector.826.smt2
[DEBUG] Predicted solver: cvc5 for benchmark UFLIA/simplify/javafe.util.StackVector.826.smt2
[DEBUG] Benchmark UFLIA/simplify/javafe.util.StackVector.826.smt2: solved=True, runtime=0.26s, PAR-2=0.26s
[DEBUG] Processing 1818/2279: UFLIA/sledgehammer/StrongNorm/smtlib.710430.smt2
[DEBUG] Predicted solver: iProver for benchmark UFLIA/sledgehammer/StrongNorm/smtlib.710430.smt2
[DEBUG] Benchmark UFLIA/sledgehammer/StrongNorm/smtlib.710430.smt2: solved=False, runtime=1200.00s, PAR-2=2400.00s
[DEBUG] Processing 1819/2279: UFLIA/simplify2/front_end_suite/javafe.ast.StandardPrettyPrint.017.smt2
[DEBUG] Predicted solver: cvc5 for benchmark UFLIA/simplify2/front_end_suite/javafe.ast.StandardPrettyPrint.017.smt2
[DEBUG] Benchmark UFLIA/simplify2/front_end_suite/javafe.ast.StandardPrettyPrint.017.smt2: solved=True, runtime=26.53s, PAR-2=26.53s
[DEBUG] Processing 1820/2279: UFLIA/boogie/ExposeVersion_A.MethodCallOnOtherWithGetterQuery_A_notnull-level_2.smt2
[DEBUG] Predicted solver: cvc5 for benchmark UFLIA/boogie/ExposeVersion_A.MethodCallOnOtherWithGetterQuery_A_notnull-level_2.smt2
[DEBUG] Benchmark UFLIA/boogie/ExposeVersion_A.MethodCallOnOtherWithGetterQuery_A_notnull-level_2.smt2: solved=True, runtime=0.43s, PAR-2=0.43s
[DEBUG] Processing 1821/2279: UFLIA/simplify/javafe.ast.BinaryExpr.48.smt2
[DEBUG] Predicted solver: cvc5 for benchmark UFLIA/simplify/javafe.ast.BinaryExpr.48.smt2
[DEBUG] Benchmark UFLIA/simplify/javafe.ast.BinaryExpr.48.smt2: solved=True, runtime=1.27s, PAR-2=1.27s
[DEBUG] Processing 1822/2279: UFLIA/sledgehammer/Fundamental_Theorem_Algebra/smtlib.742390.smt2
[DEBUG] Predicted solver: cvc5 for benchmark UFLIA/sledgehammer/Fundamental_Theorem_Algebra/smtlib.742390.smt2
[DEBUG] Benchmark UFLIA/sledgehammer/Fundamental_Theorem_Algebra/smtlib.742390.smt2: solved=False, runtime=1200.00s, PAR-2=2400.00s
[DEBUG] Processing 1823/2279: UFLIA/sledgehammer/Fundamental_Theorem_Algebra/smtlib.1292300.smt2
[DEBUG] Predicted solver: cvc5 for benchmark UFLIA/sledgehammer/Fundamental_Theorem_Algebra/smtlib.1292300.smt2
[DEBUG] Benchmark UFLIA/sledgehammer/Fundamental_Theorem_Algebra/smtlib.1292300.smt2: solved=True, runtime=5.56s, PAR-2=5.56s
[DEBUG] Processing 1824/2279: UFLIA/sledgehammer/StrongNorm/smtlib.714479.smt2
[DEBUG] Predicted solver: SMTInterpol for benchmark UFLIA/sledgehammer/StrongNorm/smtlib.714479.smt2
[DEBUG] Benchmark UFLIA/sledgehammer/StrongNorm/smtlib.714479.smt2: solved=False, runtime=1200.00s, PAR-2=2400.00s
[DEBUG] Processing 1825/2279: UFLIA/grasshopper/uninstantiated/traverse_loop_invariant_46_3.smt2
[DEBUG] Predicted solver: cvc5 for benchmark UFLIA/grasshopper/uninstantiated/traverse_loop_invariant_46_3.smt2
[DEBUG] Benchmark UFLIA/grasshopper/uninstantiated/traverse_loop_invariant_46_3.smt2: solved=True, runtime=15.50s, PAR-2=15.50s
[DEBUG] Processing 1826/2279: UFLIA/sledgehammer/Hoare/smtlib.1220418.smt2
[DEBUG] Predicted solver: iProver for benchmark UFLIA/sledgehammer/Hoare/smtlib.1220418.smt2
[DEBUG] Benchmark UFLIA/sledgehammer/Hoare/smtlib.1220418.smt2: solved=True, runtime=138.01s, PAR-2=138.01s
[DEBUG] Processing 1827/2279: UFLIA/sledgehammer/Fundamental_Theorem_Algebra/smtlib.980066.smt2
[DEBUG] Predicted solver: cvc5 for benchmark UFLIA/sledgehammer/Fundamental_Theorem_Algebra/smtlib.980066.smt2
[DEBUG] Benchmark UFLIA/sledgehammer/Fundamental_Theorem_Algebra/smtlib.980066.smt2: solved=True, runtime=0.27s, PAR-2=0.27s
[DEBUG] Processing 1828/2279: UFLIA/sledgehammer/QEpres/smtlib.931743.smt2
[DEBUG] Predicted solver: cvc5 for benchmark UFLIA/sledgehammer/QEpres/smtlib.931743.smt2
[DEBUG] Benchmark UFLIA/sledgehammer/QEpres/smtlib.931743.smt2: solved=False, runtime=1200.00s, PAR-2=2400.00s
[DEBUG] Processing 1829/2279: UFLIA/simplify2/front_end_suite/javafe.tc.Types.053.smt2
[DEBUG] Predicted solver: cvc5 for benchmark UFLIA/simplify2/front_end_suite/javafe.tc.Types.053.smt2
[DEBUG] Benchmark UFLIA/simplify2/front_end_suite/javafe.tc.Types.053.smt2: solved=True, runtime=11.35s, PAR-2=11.35s
[DEBUG] Processing 1830/2279: UFLIA/sledgehammer/QEpres/smtlib.1009016.smt2
[DEBUG] Predicted solver: cvc5 for benchmark UFLIA/sledgehammer/QEpres/smtlib.1009016.smt2
[DEBUG] Benchmark UFLIA/sledgehammer/QEpres/smtlib.1009016.smt2: solved=False, runtime=1200.00s, PAR-2=2400.00s
[DEBUG] Processing 1831/2279: UFLIA/sledgehammer/TwoSquares/smtlib.643177.smt2
[DEBUG] Predicted solver: cvc5 for benchmark UFLIA/sledgehammer/TwoSquares/smtlib.643177.smt2
[DEBUG] Benchmark UFLIA/sledgehammer/TwoSquares/smtlib.643177.smt2: solved=True, runtime=54.09s, PAR-2=54.09s
[DEBUG] Processing 1832/2279: UFLIA/sledgehammer/Fundamental_Theorem_Algebra/smtlib.739915.smt2
[DEBUG] Predicted solver: cvc5 for benchmark UFLIA/sledgehammer/Fundamental_Theorem_Algebra/smtlib.739915.smt2
[DEBUG] Benchmark UFLIA/sledgehammer/Fundamental_Theorem_Algebra/smtlib.739915.smt2: solved=False, runtime=1200.00s, PAR-2=2400.00s
[DEBUG] Processing 1833/2279: UFLIA/sledgehammer/StrongNorm/smtlib.691627.smt2
[DEBUG] Predicted solver: iProver for benchmark UFLIA/sledgehammer/StrongNorm/smtlib.691627.smt2
[DEBUG] Benchmark UFLIA/sledgehammer/StrongNorm/smtlib.691627.smt2: solved=False, runtime=1200.00s, PAR-2=2400.00s
[DEBUG] Processing 1834/2279: UFLIA/tokeneer/enclave/adminlogout-9.smt2
[DEBUG] Predicted solver: cvc5 for benchmark UFLIA/tokeneer/enclave/adminlogout-9.smt2
[DEBUG] Benchmark UFLIA/tokeneer/enclave/adminlogout-9.smt2: solved=False, runtime=1200.00s, PAR-2=2400.00s
[DEBUG] Processing 1835/2279: UFLIA/boogie/PeerFields_Parent..ctor.smt2
[DEBUG] Predicted solver: cvc5 for benchmark UFLIA/boogie/PeerFields_Parent..ctor.smt2
[DEBUG] Benchmark UFLIA/boogie/PeerFields_Parent..ctor.smt2: solved=True, runtime=0.42s, PAR-2=0.42s
[DEBUG] Processing 1836/2279: UFLIA/sledgehammer/Fundamental_Theorem_Algebra/smtlib.943066.smt2
[DEBUG] Predicted solver: iProver for benchmark UFLIA/sledgehammer/Fundamental_Theorem_Algebra/smtlib.943066.smt2
[DEBUG] Benchmark UFLIA/sledgehammer/Fundamental_Theorem_Algebra/smtlib.943066.smt2: solved=False, runtime=1200.00s, PAR-2=2400.00s
[DEBUG] Processing 1837/2279: UFLIA/simplify2/front_end_suite/javafe.parser.ParseStmt.005.smt2
[DEBUG] Predicted solver: cvc5 for benchmark UFLIA/simplify2/front_end_suite/javafe.parser.ParseStmt.005.smt2
[DEBUG] Benchmark UFLIA/simplify2/front_end_suite/javafe.parser.ParseStmt.005.smt2: solved=True, runtime=1.11s, PAR-2=1.11s
[DEBUG] Processing 1838/2279: UFLIA/sledgehammer/TwoSquares/smtlib.722668.smt2
[DEBUG] Predicted solver: cvc5 for benchmark UFLIA/sledgehammer/TwoSquares/smtlib.722668.smt2
[DEBUG] Benchmark UFLIA/sledgehammer/TwoSquares/smtlib.722668.smt2: solved=False, runtime=1200.00s, PAR-2=2400.00s
[DEBUG] Processing 1839/2279: UFLIA/tokeneer/configdata/writefile-40.smt2
[DEBUG] Predicted solver: cvc5 for benchmark UFLIA/tokeneer/configdata/writefile-40.smt2
[DEBUG] Benchmark UFLIA/tokeneer/configdata/writefile-40.smt2: solved=False, runtime=1200.00s, PAR-2=2400.00s
[DEBUG] Processing 1840/2279: UFLIA/simplify2/front_end_suite/javafe.ast.FormalParaDeclVec.013.smt2
[DEBUG] Predicted solver: cvc5 for benchmark UFLIA/simplify2/front_end_suite/javafe.ast.FormalParaDeclVec.013.smt2
[DEBUG] Benchmark UFLIA/simplify2/front_end_suite/javafe.ast.FormalParaDeclVec.013.smt2: solved=True, runtime=0.51s, PAR-2=0.51s
[DEBUG] Processing 1841/2279: UFLIA/boogie/Cast_Cast.M_System.String_System.String_notnull.smt2
[DEBUG] Predicted solver: cvc5 for benchmark UFLIA/boogie/Cast_Cast.M_System.String_System.String_notnull.smt2
[DEBUG] Benchmark UFLIA/boogie/Cast_Cast.M_System.String_System.String_notnull.smt2: solved=True, runtime=0.31s, PAR-2=0.31s
[DEBUG] Processing 1842/2279: UFLIA/sledgehammer/NS_Shared/smtlib.804544.smt2
[DEBUG] Predicted solver: cvc5 for benchmark UFLIA/sledgehammer/NS_Shared/smtlib.804544.smt2
[DEBUG] Benchmark UFLIA/sledgehammer/NS_Shared/smtlib.804544.smt2: solved=False, runtime=1200.00s, PAR-2=2400.00s
[DEBUG] Processing 1843/2279: UFLIA/sledgehammer/Fundamental_Theorem_Algebra/smtlib.1478401.smt2
[DEBUG] Predicted solver: iProver for benchmark UFLIA/sledgehammer/Fundamental_Theorem_Algebra/smtlib.1478401.smt2
[DEBUG] Benchmark UFLIA/sledgehammer/Fundamental_Theorem_Algebra/smtlib.1478401.smt2: solved=False, runtime=1200.00s, PAR-2=2400.00s
[DEBUG] Processing 1844/2279: UFLIA/boogie/WhereClause_D.foo_System.String_System.String.ptr_System.String.ptr.smt2
[DEBUG] Predicted solver: cvc5 for benchmark UFLIA/boogie/WhereClause_D.foo_System.String_System.String.ptr_System.String.ptr.smt2
[DEBUG] Benchmark UFLIA/boogie/WhereClause_D.foo_System.String_System.String.ptr_System.String.ptr.smt2: solved=True, runtime=0.35s, PAR-2=0.35s
[DEBUG] Processing 1845/2279: UFLIA/boogie/Factory_Test.N.smt2
[DEBUG] Predicted solver: cvc5 for benchmark UFLIA/boogie/Factory_Test.N.smt2
[DEBUG] Benchmark UFLIA/boogie/Factory_Test.N.smt2: solved=True, runtime=0.35s, PAR-2=0.35s
[DEBUG] Processing 1846/2279: UFLIA/simplify2/front_end_suite/javafe.ast.TypeDeclElemVec.017.smt2
[DEBUG] Predicted solver: cvc5 for benchmark UFLIA/simplify2/front_end_suite/javafe.ast.TypeDeclElemVec.017.smt2
[DEBUG] Benchmark UFLIA/simplify2/front_end_suite/javafe.ast.TypeDeclElemVec.017.smt2: solved=True, runtime=0.40s, PAR-2=0.40s
[DEBUG] Processing 1847/2279: UFLIA/simplify2/front_end_suite/javafe.ast.StmtVec.012.smt2
[DEBUG] Predicted solver: cvc5 for benchmark UFLIA/simplify2/front_end_suite/javafe.ast.StmtVec.012.smt2
[DEBUG] Benchmark UFLIA/simplify2/front_end_suite/javafe.ast.StmtVec.012.smt2: solved=True, runtime=0.32s, PAR-2=0.32s
[DEBUG] Processing 1848/2279: UFLIA/simplify2/front_end_suite/javafe.filespace.LookAheadEnum.001.smt2
[DEBUG] Predicted solver: cvc5 for benchmark UFLIA/simplify2/front_end_suite/javafe.filespace.LookAheadEnum.001.smt2
[DEBUG] Benchmark UFLIA/simplify2/front_end_suite/javafe.filespace.LookAheadEnum.001.smt2: solved=True, runtime=0.25s, PAR-2=0.25s
[DEBUG] Processing 1849/2279: UFLIA/sledgehammer/QEpres/smtlib.618896.smt2
[DEBUG] Predicted solver: SMTInterpol for benchmark UFLIA/sledgehammer/QEpres/smtlib.618896.smt2
[DEBUG] Benchmark UFLIA/sledgehammer/QEpres/smtlib.618896.smt2: solved=False, runtime=1200.00s, PAR-2=2400.00s
[DEBUG] Processing 1850/2279: UFLIA/boogie/Interval_Interval.BadShift2_System.Int32.smt2
[DEBUG] Predicted solver: cvc5 for benchmark UFLIA/boogie/Interval_Interval.BadShift2_System.Int32.smt2
[DEBUG] Benchmark UFLIA/boogie/Interval_Interval.BadShift2_System.Int32.smt2: solved=False, runtime=1200.00s, PAR-2=2400.00s
[DEBUG] Processing 1851/2279: UFLIA/sledgehammer/TwoSquares/smtlib.772420.smt2
[DEBUG] Predicted solver: cvc5 for benchmark UFLIA/sledgehammer/TwoSquares/smtlib.772420.smt2
[DEBUG] Benchmark UFLIA/sledgehammer/TwoSquares/smtlib.772420.smt2: solved=False, runtime=1200.00s, PAR-2=2400.00s
[DEBUG] Processing 1852/2279: UFLIA/sledgehammer/TwoSquares/smtlib.742141.smt2
[DEBUG] Predicted solver: cvc5 for benchmark UFLIA/sledgehammer/TwoSquares/smtlib.742141.smt2
[DEBUG] Benchmark UFLIA/sledgehammer/TwoSquares/smtlib.742141.smt2: solved=True, runtime=0.23s, PAR-2=0.23s
[DEBUG] Processing 1853/2279: UFLIA/sledgehammer/QEpres/smtlib.1153410.smt2
[DEBUG] Predicted solver: cvc5 for benchmark UFLIA/sledgehammer/QEpres/smtlib.1153410.smt2
[DEBUG] Benchmark UFLIA/sledgehammer/QEpres/smtlib.1153410.smt2: solved=False, runtime=1200.00s, PAR-2=2400.00s
[DEBUG] Processing 1854/2279: UFLIA/simplify/javafe.reader.ASTClassFileParser.582.smt2
[DEBUG] Predicted solver: cvc5 for benchmark UFLIA/simplify/javafe.reader.ASTClassFileParser.582.smt2
[DEBUG] Benchmark UFLIA/simplify/javafe.reader.ASTClassFileParser.582.smt2: solved=True, runtime=271.08s, PAR-2=271.08s
[DEBUG] Processing 1855/2279: UFLIA/boogie/Bag2_Bag.Add_System.Int32.smt2
[DEBUG] Predicted solver: cvc5 for benchmark UFLIA/boogie/Bag2_Bag.Add_System.Int32.smt2
[DEBUG] Benchmark UFLIA/boogie/Bag2_Bag.Add_System.Int32.smt2: solved=False, runtime=1200.00s, PAR-2=2400.00s
[DEBUG] Processing 1856/2279: UFLIA/simplify/javafe.tc.FlowInsensitiveChecks.682.smt2
[DEBUG] Predicted solver: cvc5 for benchmark UFLIA/simplify/javafe.tc.FlowInsensitiveChecks.682.smt2
[DEBUG] Benchmark UFLIA/simplify/javafe.tc.FlowInsensitiveChecks.682.smt2: solved=True, runtime=0.34s, PAR-2=0.34s
[DEBUG] Processing 1857/2279: UFLIA/sledgehammer/QEpres/smtlib.1133794.smt2
[DEBUG] Predicted solver: cvc5 for benchmark UFLIA/sledgehammer/QEpres/smtlib.1133794.smt2
[DEBUG] Benchmark UFLIA/sledgehammer/QEpres/smtlib.1133794.smt2: solved=False, runtime=1200.00s, PAR-2=2400.00s
[DEBUG] Processing 1858/2279: UFLIA/sledgehammer/StrongNorm/smtlib.893940.smt2
[DEBUG] Predicted solver: SMTInterpol for benchmark UFLIA/sledgehammer/StrongNorm/smtlib.893940.smt2
[DEBUG] Benchmark UFLIA/sledgehammer/StrongNorm/smtlib.893940.smt2: solved=True, runtime=0.49s, PAR-2=0.49s
[DEBUG] Processing 1859/2279: UFLIA/simplify2/front_end_suite/javafe.ast.FormalParaDeclVec.018.smt2
[DEBUG] Predicted solver: cvc5 for benchmark UFLIA/simplify2/front_end_suite/javafe.ast.FormalParaDeclVec.018.smt2
[DEBUG] Benchmark UFLIA/simplify2/front_end_suite/javafe.ast.FormalParaDeclVec.018.smt2: solved=True, runtime=0.38s, PAR-2=0.38s
[DEBUG] Processing 1860/2279: UFLIA/boogie/AdditiveMethods_Sub.StartHere2_AdditiveMethods_notnull.smt2
[DEBUG] Predicted solver: cvc5 for benchmark UFLIA/boogie/AdditiveMethods_Sub.StartHere2_AdditiveMethods_notnull.smt2
[DEBUG] Benchmark UFLIA/boogie/AdditiveMethods_Sub.StartHere2_AdditiveMethods_notnull.smt2: solved=False, runtime=1200.00s, PAR-2=2400.00s
[DEBUG] Processing 1861/2279: UFLIA/simplify/javafe.ast.TypeNameVec.416.smt2
[DEBUG] Predicted solver: cvc5 for benchmark UFLIA/simplify/javafe.ast.TypeNameVec.416.smt2
[DEBUG] Benchmark UFLIA/simplify/javafe.ast.TypeNameVec.416.smt2: solved=True, runtime=0.99s, PAR-2=0.99s
[DEBUG] Processing 1862/2279: UFLIA/boogie/Pack_Good1.Cell.GetX.smt2
[DEBUG] Predicted solver: cvc5 for benchmark UFLIA/boogie/Pack_Good1.Cell.GetX.smt2
[DEBUG] Benchmark UFLIA/boogie/Pack_Good1.Cell.GetX.smt2: solved=True, runtime=0.40s, PAR-2=0.40s
[DEBUG] Processing 1863/2279: UFLIA/sledgehammer/Arrow_Order/smtlib.558820.smt2
[DEBUG] Predicted solver: cvc5 for benchmark UFLIA/sledgehammer/Arrow_Order/smtlib.558820.smt2
[DEBUG] Benchmark UFLIA/sledgehammer/Arrow_Order/smtlib.558820.smt2: solved=True, runtime=0.40s, PAR-2=0.40s
[DEBUG] Processing 1864/2279: UFLIA/sledgehammer/StrongNorm/smtlib.839818.smt2
[DEBUG] Predicted solver: cvc5 for benchmark UFLIA/sledgehammer/StrongNorm/smtlib.839818.smt2
[DEBUG] Benchmark UFLIA/sledgehammer/StrongNorm/smtlib.839818.smt2: solved=True, runtime=96.18s, PAR-2=96.18s
[DEBUG] Processing 1865/2279: UFLIA/sledgehammer/StrongNorm/smtlib.835350.smt2
[DEBUG] Predicted solver: cvc5 for benchmark UFLIA/sledgehammer/StrongNorm/smtlib.835350.smt2
[DEBUG] Benchmark UFLIA/sledgehammer/StrongNorm/smtlib.835350.smt2: solved=False, runtime=1200.00s, PAR-2=2400.00s
[DEBUG] Processing 1866/2279: UFLIA/sledgehammer/Fundamental_Theorem_Algebra/smtlib.1362850.smt2
[DEBUG] Predicted solver: cvc5 for benchmark UFLIA/sledgehammer/Fundamental_Theorem_Algebra/smtlib.1362850.smt2
[DEBUG] Benchmark UFLIA/sledgehammer/Fundamental_Theorem_Algebra/smtlib.1362850.smt2: solved=False, runtime=1200.00s, PAR-2=2400.00s
[DEBUG] Processing 1867/2279: UFLIA/simplify/javafe.tc.FlowInsensitiveChecks.685.smt2
[DEBUG] Predicted solver: cvc5 for benchmark UFLIA/simplify/javafe.tc.FlowInsensitiveChecks.685.smt2
[DEBUG] Benchmark UFLIA/simplify/javafe.tc.FlowInsensitiveChecks.685.smt2: solved=True, runtime=1.12s, PAR-2=1.12s
[DEBUG] Processing 1868/2279: UFLIA/sledgehammer/FFT/smtlib.891745.smt2
[DEBUG] Predicted solver: SMTInterpol for benchmark UFLIA/sledgehammer/FFT/smtlib.891745.smt2
[DEBUG] Benchmark UFLIA/sledgehammer/FFT/smtlib.891745.smt2: solved=False, runtime=1200.00s, PAR-2=2400.00s
[DEBUG] Processing 1869/2279: UFLIA/sledgehammer/FFT/smtlib.1002149.smt2
[DEBUG] Predicted solver: cvc5 for benchmark UFLIA/sledgehammer/FFT/smtlib.1002149.smt2
[DEBUG] Benchmark UFLIA/sledgehammer/FFT/smtlib.1002149.smt2: solved=False, runtime=1200.00s, PAR-2=2400.00s
[DEBUG] Processing 1870/2279: UFLIA/sledgehammer/Hoare/smtlib.750663.smt2
[DEBUG] Predicted solver: cvc5 for benchmark UFLIA/sledgehammer/Hoare/smtlib.750663.smt2
[DEBUG] Benchmark UFLIA/sledgehammer/Hoare/smtlib.750663.smt2: solved=True, runtime=0.26s, PAR-2=0.26s
[DEBUG] Processing 1871/2279: UFLIA/sledgehammer/Fundamental_Theorem_Algebra/smtlib.1326483.smt2
[DEBUG] Predicted solver: cvc5 for benchmark UFLIA/sledgehammer/Fundamental_Theorem_Algebra/smtlib.1326483.smt2
[DEBUG] Benchmark UFLIA/sledgehammer/Fundamental_Theorem_Algebra/smtlib.1326483.smt2: solved=True, runtime=0.33s, PAR-2=0.33s
[DEBUG] Processing 1872/2279: UFLIA/simplify/javafe.ast.SimpleName.306.smt2
[DEBUG] Predicted solver: cvc5 for benchmark UFLIA/simplify/javafe.ast.SimpleName.306.smt2
[DEBUG] Benchmark UFLIA/simplify/javafe.ast.SimpleName.306.smt2: solved=True, runtime=0.27s, PAR-2=0.27s
[DEBUG] Processing 1873/2279: UFLIA/sledgehammer/QEpres/smtlib.937462.smt2
[DEBUG] Predicted solver: cvc5 for benchmark UFLIA/sledgehammer/QEpres/smtlib.937462.smt2
[DEBUG] Benchmark UFLIA/sledgehammer/QEpres/smtlib.937462.smt2: solved=False, runtime=1200.00s, PAR-2=2400.00s
[DEBUG] Processing 1874/2279: UFLIA/sledgehammer/StrongNorm/smtlib.643239.smt2
[DEBUG] Predicted solver: iProver for benchmark UFLIA/sledgehammer/StrongNorm/smtlib.643239.smt2
[DEBUG] Benchmark UFLIA/sledgehammer/StrongNorm/smtlib.643239.smt2: solved=False, runtime=1200.00s, PAR-2=2400.00s
[DEBUG] Processing 1875/2279: UFLIA/boogie/AssignToNonInvariantField_AnotherClient.M.smt2
[DEBUG] Predicted solver: cvc5 for benchmark UFLIA/boogie/AssignToNonInvariantField_AnotherClient.M.smt2
[DEBUG] Benchmark UFLIA/boogie/AssignToNonInvariantField_AnotherClient.M.smt2: solved=False, runtime=1200.00s, PAR-2=2400.00s
[DEBUG] Processing 1876/2279: UFLIA/sledgehammer/Hoare/smtlib.847721.smt2
[DEBUG] Predicted solver: cvc5 for benchmark UFLIA/sledgehammer/Hoare/smtlib.847721.smt2
[DEBUG] Benchmark UFLIA/sledgehammer/Hoare/smtlib.847721.smt2: solved=True, runtime=153.70s, PAR-2=153.70s
[DEBUG] Processing 1877/2279: UFLIA/simplify/javafe.tc.FieldDeclVec.672.smt2
[DEBUG] Predicted solver: cvc5 for benchmark UFLIA/simplify/javafe.tc.FieldDeclVec.672.smt2
[DEBUG] Benchmark UFLIA/simplify/javafe.tc.FieldDeclVec.672.smt2: solved=True, runtime=0.28s, PAR-2=0.28s
[DEBUG] Processing 1878/2279: UFLIA/boogie/Interval_Interval.SpecSharp.CheckInvariant_System.Boolean.smt2
[DEBUG] Predicted solver: cvc5 for benchmark UFLIA/boogie/Interval_Interval.SpecSharp.CheckInvariant_System.Boolean.smt2
[DEBUG] Benchmark UFLIA/boogie/Interval_Interval.SpecSharp.CheckInvariant_System.Boolean.smt2: solved=True, runtime=0.29s, PAR-2=0.29s
[DEBUG] Processing 1879/2279: UFLIA/boogie/AdditiveMethods_AdditiveMethods..ctor.smt2
[DEBUG] Predicted solver: cvc5 for benchmark UFLIA/boogie/AdditiveMethods_AdditiveMethods..ctor.smt2
[DEBUG] Benchmark UFLIA/boogie/AdditiveMethods_AdditiveMethods..ctor.smt2: solved=True, runtime=0.36s, PAR-2=0.36s
[DEBUG] Processing 1880/2279: UFLIA/sledgehammer/StrongNorm/smtlib.837309.smt2
[DEBUG] Predicted solver: iProver for benchmark UFLIA/sledgehammer/StrongNorm/smtlib.837309.smt2
[DEBUG] Benchmark UFLIA/sledgehammer/StrongNorm/smtlib.837309.smt2: solved=False, runtime=1200.00s, PAR-2=2400.00s
[DEBUG] Processing 1881/2279: UFLIA/sledgehammer/QEpres/smtlib.1141802.smt2
[DEBUG] Predicted solver: cvc5 for benchmark UFLIA/sledgehammer/QEpres/smtlib.1141802.smt2
[DEBUG] Benchmark UFLIA/sledgehammer/QEpres/smtlib.1141802.smt2: solved=False, runtime=1200.00s, PAR-2=2400.00s
[DEBUG] Processing 1882/2279: UFLIA/sledgehammer/StrongNorm/smtlib.818761.smt2
[DEBUG] Predicted solver: iProver for benchmark UFLIA/sledgehammer/StrongNorm/smtlib.818761.smt2
[DEBUG] Benchmark UFLIA/sledgehammer/StrongNorm/smtlib.818761.smt2: solved=False, runtime=1200.00s, PAR-2=2400.00s
[DEBUG] Processing 1883/2279: UFLIA/simplify/javafe.filespace.UnionTree.518.smt2
[DEBUG] Predicted solver: cvc5 for benchmark UFLIA/simplify/javafe.filespace.UnionTree.518.smt2
[DEBUG] Benchmark UFLIA/simplify/javafe.filespace.UnionTree.518.smt2: solved=True, runtime=0.31s, PAR-2=0.31s
[DEBUG] Processing 1884/2279: UFLIA/boogie/BasicMethodology_Component..ctor_System.Int32.smt2
[DEBUG] Predicted solver: cvc5 for benchmark UFLIA/boogie/BasicMethodology_Component..ctor_System.Int32.smt2
[DEBUG] Benchmark UFLIA/boogie/BasicMethodology_Component..ctor_System.Int32.smt2: solved=True, runtime=0.47s, PAR-2=0.47s
[DEBUG] Processing 1885/2279: UFLIA/simplify2/front_end_suite/javafe.filespace.PkgTree.011.smt2
[DEBUG] Predicted solver: cvc5 for benchmark UFLIA/simplify2/front_end_suite/javafe.filespace.PkgTree.011.smt2
[DEBUG] Benchmark UFLIA/simplify2/front_end_suite/javafe.filespace.PkgTree.011.smt2: solved=True, runtime=0.25s, PAR-2=0.25s
[DEBUG] Processing 1886/2279: UFLIA/sledgehammer/Fundamental_Theorem_Algebra/smtlib.889787.smt2
[DEBUG] Predicted solver: cvc5 for benchmark UFLIA/sledgehammer/Fundamental_Theorem_Algebra/smtlib.889787.smt2
[DEBUG] Benchmark UFLIA/sledgehammer/Fundamental_Theorem_Algebra/smtlib.889787.smt2: solved=False, runtime=1200.00s, PAR-2=2400.00s
[DEBUG] Processing 1887/2279: UFLIA/sledgehammer/Fundamental_Theorem_Algebra/smtlib.962121.smt2
[DEBUG] Predicted solver: iProver for benchmark UFLIA/sledgehammer/Fundamental_Theorem_Algebra/smtlib.962121.smt2
[DEBUG] Benchmark UFLIA/sledgehammer/Fundamental_Theorem_Algebra/smtlib.962121.smt2: solved=False, runtime=1200.00s, PAR-2=2400.00s
[DEBUG] Processing 1888/2279: UFLIA/sledgehammer/FFT/smtlib.651534.smt2
[DEBUG] Predicted solver: cvc5 for benchmark UFLIA/sledgehammer/FFT/smtlib.651534.smt2
[DEBUG] Benchmark UFLIA/sledgehammer/FFT/smtlib.651534.smt2: solved=False, runtime=1200.00s, PAR-2=2400.00s
[DEBUG] Processing 1889/2279: UFLIA/sledgehammer/StrongNorm/smtlib.683685.smt2
[DEBUG] Predicted solver: iProver for benchmark UFLIA/sledgehammer/StrongNorm/smtlib.683685.smt2
[DEBUG] Benchmark UFLIA/sledgehammer/StrongNorm/smtlib.683685.smt2: solved=False, runtime=1200.00s, PAR-2=2400.00s
[DEBUG] Processing 1890/2279: UFLIA/sledgehammer/QEpres/smtlib.925725.smt2
[DEBUG] Predicted solver: iProver for benchmark UFLIA/sledgehammer/QEpres/smtlib.925725.smt2
[DEBUG] Benchmark UFLIA/sledgehammer/QEpres/smtlib.925725.smt2: solved=False, runtime=1200.00s, PAR-2=2400.00s
[DEBUG] Processing 1891/2279: UFLIA/sledgehammer/Fundamental_Theorem_Algebra/smtlib.1303405.smt2
[DEBUG] Predicted solver: cvc5 for benchmark UFLIA/sledgehammer/Fundamental_Theorem_Algebra/smtlib.1303405.smt2
[DEBUG] Benchmark UFLIA/sledgehammer/Fundamental_Theorem_Algebra/smtlib.1303405.smt2: solved=True, runtime=6.50s, PAR-2=6.50s
[DEBUG] Processing 1892/2279: UFLIA/sledgehammer/Hoare/smtlib.1205718.smt2
[DEBUG] Predicted solver: iProver for benchmark UFLIA/sledgehammer/Hoare/smtlib.1205718.smt2
[DEBUG] Benchmark UFLIA/sledgehammer/Hoare/smtlib.1205718.smt2: solved=True, runtime=2.88s, PAR-2=2.88s
[DEBUG] Processing 1893/2279: UFLIA/boogie/Iff_Iff.Q_System.Boolean_System.Boolean.smt2
[DEBUG] Predicted solver: cvc5 for benchmark UFLIA/boogie/Iff_Iff.Q_System.Boolean_System.Boolean.smt2
[DEBUG] Benchmark UFLIA/boogie/Iff_Iff.Q_System.Boolean_System.Boolean.smt2: solved=True, runtime=0.29s, PAR-2=0.29s
[DEBUG] Processing 1894/2279: UFLIA/sledgehammer/Fundamental_Theorem_Algebra/smtlib.1054961.smt2
[DEBUG] Predicted solver: cvc5 for benchmark UFLIA/sledgehammer/Fundamental_Theorem_Algebra/smtlib.1054961.smt2
[DEBUG] Benchmark UFLIA/sledgehammer/Fundamental_Theorem_Algebra/smtlib.1054961.smt2: solved=True, runtime=0.26s, PAR-2=0.26s
[DEBUG] Processing 1895/2279: UFLIA/boogie/ParamInAssert_Test.Bar_System.Int32.smt2
[DEBUG] Predicted solver: cvc5 for benchmark UFLIA/boogie/ParamInAssert_Test.Bar_System.Int32.smt2
[DEBUG] Benchmark UFLIA/boogie/ParamInAssert_Test.Bar_System.Int32.smt2: solved=False, runtime=1200.00s, PAR-2=2400.00s
[DEBUG] Processing 1896/2279: UFLIA/sledgehammer/FFT/smtlib.855618.smt2
[DEBUG] Predicted solver: iProver for benchmark UFLIA/sledgehammer/FFT/smtlib.855618.smt2
[DEBUG] Benchmark UFLIA/sledgehammer/FFT/smtlib.855618.smt2: solved=False, runtime=1200.00s, PAR-2=2400.00s
[DEBUG] Processing 1897/2279: UFLIA/simplify/javafe.filespace.Resolve.490.smt2
[DEBUG] Predicted solver: cvc5 for benchmark UFLIA/simplify/javafe.filespace.Resolve.490.smt2
[DEBUG] Benchmark UFLIA/simplify/javafe.filespace.Resolve.490.smt2: solved=True, runtime=0.24s, PAR-2=0.24s
[DEBUG] Processing 1898/2279: UFLIA/sledgehammer/Hoare/smtlib.808979.smt2
[DEBUG] Predicted solver: iProver for benchmark UFLIA/sledgehammer/Hoare/smtlib.808979.smt2
[DEBUG] Benchmark UFLIA/sledgehammer/Hoare/smtlib.808979.smt2: solved=False, runtime=1200.00s, PAR-2=2400.00s
[DEBUG] Processing 1899/2279: UFLIA/sledgehammer/Hoare/smtlib.774841.smt2
[DEBUG] Predicted solver: iProver for benchmark UFLIA/sledgehammer/Hoare/smtlib.774841.smt2
[DEBUG] Benchmark UFLIA/sledgehammer/Hoare/smtlib.774841.smt2: solved=True, runtime=1.40s, PAR-2=1.40s
[DEBUG] Processing 1900/2279: UFLIA/sledgehammer/Arrow_Order/smtlib.569556.smt2
[DEBUG] Predicted solver: cvc5 for benchmark UFLIA/sledgehammer/Arrow_Order/smtlib.569556.smt2
[DEBUG] Benchmark UFLIA/sledgehammer/Arrow_Order/smtlib.569556.smt2: solved=True, runtime=0.33s, PAR-2=0.33s
[DEBUG] Processing 1901/2279: UFLIA/simplify2/front_end_suite/javafe.reader.StandardTypeReader.016.smt2
[DEBUG] Predicted solver: cvc5 for benchmark UFLIA/simplify2/front_end_suite/javafe.reader.StandardTypeReader.016.smt2
[DEBUG] Benchmark UFLIA/simplify2/front_end_suite/javafe.reader.StandardTypeReader.016.smt2: solved=True, runtime=0.32s, PAR-2=0.32s
[DEBUG] Processing 1902/2279: UFLIA/simplify/javafe.CopyLoaded.5.smt2
[DEBUG] Predicted solver: cvc5 for benchmark UFLIA/simplify/javafe.CopyLoaded.5.smt2
[DEBUG] Benchmark UFLIA/simplify/javafe.CopyLoaded.5.smt2: solved=True, runtime=0.29s, PAR-2=0.29s
[DEBUG] Processing 1903/2279: UFLIA/sledgehammer/Fundamental_Theorem_Algebra/smtlib.1243352.smt2
[DEBUG] Predicted solver: cvc5 for benchmark UFLIA/sledgehammer/Fundamental_Theorem_Algebra/smtlib.1243352.smt2
[DEBUG] Benchmark UFLIA/sledgehammer/Fundamental_Theorem_Algebra/smtlib.1243352.smt2: solved=True, runtime=541.03s, PAR-2=541.03s
[DEBUG] Processing 1904/2279: UFLIA/simplify/javafe.filespace.FilterEnum.464.smt2
[DEBUG] Predicted solver: cvc5 for benchmark UFLIA/simplify/javafe.filespace.FilterEnum.464.smt2
[DEBUG] Benchmark UFLIA/simplify/javafe.filespace.FilterEnum.464.smt2: solved=True, runtime=1.04s, PAR-2=1.04s
[DEBUG] Processing 1905/2279: UFLIA/simplify2/front_end_suite/javafe.ast.ParenExpr.002.smt2
[DEBUG] Predicted solver: cvc5 for benchmark UFLIA/simplify2/front_end_suite/javafe.ast.ParenExpr.002.smt2
[DEBUG] Benchmark UFLIA/simplify2/front_end_suite/javafe.ast.ParenExpr.002.smt2: solved=True, runtime=0.44s, PAR-2=0.44s
[DEBUG] Processing 1906/2279: UFLIA/sledgehammer/Hoare/smtlib.612658.smt2
[DEBUG] Predicted solver: iProver for benchmark UFLIA/sledgehammer/Hoare/smtlib.612658.smt2
[DEBUG] Benchmark UFLIA/sledgehammer/Hoare/smtlib.612658.smt2: solved=True, runtime=13.93s, PAR-2=13.93s
[DEBUG] Processing 1907/2279: UFLIA/simplify2/front_end_suite/javafe.ast.ParenExpr.007.smt2
[DEBUG] Predicted solver: cvc5 for benchmark UFLIA/simplify2/front_end_suite/javafe.ast.ParenExpr.007.smt2
[DEBUG] Benchmark UFLIA/simplify2/front_end_suite/javafe.ast.ParenExpr.007.smt2: solved=True, runtime=16.55s, PAR-2=16.55s
[DEBUG] Processing 1908/2279: UFLIA/sledgehammer/Hoare/smtlib.922215.smt2
[DEBUG] Predicted solver: cvc5 for benchmark UFLIA/sledgehammer/Hoare/smtlib.922215.smt2
[DEBUG] Benchmark UFLIA/sledgehammer/Hoare/smtlib.922215.smt2: solved=False, runtime=1200.00s, PAR-2=2400.00s
[DEBUG] Processing 1909/2279: UFLIA/sledgehammer/Fundamental_Theorem_Algebra/smtlib.1412025.smt2
[DEBUG] Predicted solver: cvc5 for benchmark UFLIA/sledgehammer/Fundamental_Theorem_Algebra/smtlib.1412025.smt2
[DEBUG] Benchmark UFLIA/sledgehammer/Fundamental_Theorem_Algebra/smtlib.1412025.smt2: solved=False, runtime=1200.00s, PAR-2=2400.00s
[DEBUG] Processing 1910/2279: UFLIA/sledgehammer/QEpres/smtlib.1216924.smt2
[DEBUG] Predicted solver: cvc5 for benchmark UFLIA/sledgehammer/QEpres/smtlib.1216924.smt2
[DEBUG] Benchmark UFLIA/sledgehammer/QEpres/smtlib.1216924.smt2: solved=False, runtime=1200.00s, PAR-2=2400.00s
[DEBUG] Processing 1911/2279: UFLIA/simplify2/front_end_suite/javafe.ast.FieldDecl.003.smt2
[DEBUG] Predicted solver: cvc5 for benchmark UFLIA/simplify2/front_end_suite/javafe.ast.FieldDecl.003.smt2
[DEBUG] Benchmark UFLIA/simplify2/front_end_suite/javafe.ast.FieldDecl.003.smt2: solved=True, runtime=0.56s, PAR-2=0.56s
[DEBUG] Processing 1912/2279: UFLIA/tokeneer/tokenreader/poll-19.smt2
[DEBUG] Predicted solver: cvc5 for benchmark UFLIA/tokeneer/tokenreader/poll-19.smt2
[DEBUG] Benchmark UFLIA/tokeneer/tokenreader/poll-19.smt2: solved=True, runtime=0.24s, PAR-2=0.24s
[DEBUG] Processing 1913/2279: UFLIA/sledgehammer/StrongNorm/smtlib.779887.smt2
[DEBUG] Predicted solver: SMTInterpol for benchmark UFLIA/sledgehammer/StrongNorm/smtlib.779887.smt2
[DEBUG] Benchmark UFLIA/sledgehammer/StrongNorm/smtlib.779887.smt2: solved=True, runtime=0.59s, PAR-2=0.59s
[DEBUG] Processing 1914/2279: UFLIA/sledgehammer/TypeSafe/smtlib.899644.smt2
[DEBUG] Predicted solver: iProver for benchmark UFLIA/sledgehammer/TypeSafe/smtlib.899644.smt2
[DEBUG] Benchmark UFLIA/sledgehammer/TypeSafe/smtlib.899644.smt2: solved=False, runtime=1200.00s, PAR-2=2400.00s
[DEBUG] Processing 1915/2279: UFLIA/sledgehammer/Fundamental_Theorem_Algebra/smtlib.860753.smt2
[DEBUG] Predicted solver: iProver for benchmark UFLIA/sledgehammer/Fundamental_Theorem_Algebra/smtlib.860753.smt2
[DEBUG] Benchmark UFLIA/sledgehammer/Fundamental_Theorem_Algebra/smtlib.860753.smt2: solved=True, runtime=824.61s, PAR-2=824.61s
[DEBUG] Processing 1916/2279: UFLIA/sledgehammer/Fundamental_Theorem_Algebra/smtlib.1375448.smt2
[DEBUG] Predicted solver: cvc5 for benchmark UFLIA/sledgehammer/Fundamental_Theorem_Algebra/smtlib.1375448.smt2
[DEBUG] Benchmark UFLIA/sledgehammer/Fundamental_Theorem_Algebra/smtlib.1375448.smt2: solved=False, runtime=1200.00s, PAR-2=2400.00s
[DEBUG] Processing 1917/2279: UFLIA/sledgehammer/FFT/smtlib.1012796.smt2
[DEBUG] Predicted solver: cvc5 for benchmark UFLIA/sledgehammer/FFT/smtlib.1012796.smt2
[DEBUG] Benchmark UFLIA/sledgehammer/FFT/smtlib.1012796.smt2: solved=False, runtime=1200.00s, PAR-2=2400.00s
[DEBUG] Processing 1918/2279: UFLIA/tokeneer/tismain/processing-6.smt2
[DEBUG] Predicted solver: SMTInterpol for benchmark UFLIA/tokeneer/tismain/processing-6.smt2
[DEBUG] Benchmark UFLIA/tokeneer/tismain/processing-6.smt2: solved=True, runtime=1.60s, PAR-2=1.60s
[DEBUG] Processing 1919/2279: UFLIA/sledgehammer/FFT/smtlib.694292.smt2
[DEBUG] Predicted solver: cvc5 for benchmark UFLIA/sledgehammer/FFT/smtlib.694292.smt2
[DEBUG] Benchmark UFLIA/sledgehammer/FFT/smtlib.694292.smt2: solved=False, runtime=1200.00s, PAR-2=2400.00s
[DEBUG] Processing 1920/2279: UFLIA/boogie/AdvancedTypes_AdvancedTypes.Advanced6_JKL_notnull-orderStrength_1.smt2
[DEBUG] Predicted solver: cvc5 for benchmark UFLIA/boogie/AdvancedTypes_AdvancedTypes.Advanced6_JKL_notnull-orderStrength_1.smt2
[DEBUG] Benchmark UFLIA/boogie/AdvancedTypes_AdvancedTypes.Advanced6_JKL_notnull-orderStrength_1.smt2: solved=True, runtime=0.50s, PAR-2=0.50s
[DEBUG] Processing 1921/2279: UFLIA/sledgehammer/QEpres/smtlib.921569.smt2
[DEBUG] Predicted solver: cvc5 for benchmark UFLIA/sledgehammer/QEpres/smtlib.921569.smt2
[DEBUG] Benchmark UFLIA/sledgehammer/QEpres/smtlib.921569.smt2: solved=False, runtime=1200.00s, PAR-2=2400.00s
[DEBUG] Processing 1922/2279: UFLIA/sledgehammer/NS_Shared/smtlib.645227.smt2
[DEBUG] Predicted solver: cvc5 for benchmark UFLIA/sledgehammer/NS_Shared/smtlib.645227.smt2
[DEBUG] Benchmark UFLIA/sledgehammer/NS_Shared/smtlib.645227.smt2: solved=False, runtime=1200.00s, PAR-2=2400.00s
[DEBUG] Processing 1923/2279: UFLIA/boogie/Capture_Capture..ctor.smt2
[DEBUG] Predicted solver: cvc5 for benchmark UFLIA/boogie/Capture_Capture..ctor.smt2
[DEBUG] Benchmark UFLIA/boogie/Capture_Capture..ctor.smt2: solved=True, runtime=0.31s, PAR-2=0.31s
[DEBUG] Processing 1924/2279: UFLIA/sledgehammer/NS_Shared/smtlib.770900.smt2
[DEBUG] Predicted solver: cvc5 for benchmark UFLIA/sledgehammer/NS_Shared/smtlib.770900.smt2
[DEBUG] Benchmark UFLIA/sledgehammer/NS_Shared/smtlib.770900.smt2: solved=False, runtime=1200.00s, PAR-2=2400.00s
[DEBUG] Processing 1925/2279: UFLIA/simplify2/front_end_suite/javafe.ast.IdentifierVec.019.smt2
[DEBUG] Predicted solver: cvc5 for benchmark UFLIA/simplify2/front_end_suite/javafe.ast.IdentifierVec.019.smt2
[DEBUG] Benchmark UFLIA/simplify2/front_end_suite/javafe.ast.IdentifierVec.019.smt2: solved=True, runtime=0.38s, PAR-2=0.38s
[DEBUG] Processing 1926/2279: UFLIA/sledgehammer/Fundamental_Theorem_Algebra/smtlib.777364.smt2
[DEBUG] Predicted solver: cvc5 for benchmark UFLIA/sledgehammer/Fundamental_Theorem_Algebra/smtlib.777364.smt2
[DEBUG] Benchmark UFLIA/sledgehammer/Fundamental_Theorem_Algebra/smtlib.777364.smt2: solved=False, runtime=1200.00s, PAR-2=2400.00s
[DEBUG] Processing 1927/2279: UFLIA/sledgehammer/Hoare/smtlib.1016078.smt2
[DEBUG] Predicted solver: cvc5 for benchmark UFLIA/sledgehammer/Hoare/smtlib.1016078.smt2
[DEBUG] Benchmark UFLIA/sledgehammer/Hoare/smtlib.1016078.smt2: solved=False, runtime=1200.00s, PAR-2=2400.00s
[DEBUG] Processing 1928/2279: UFLIA/tokeneer/userentry/progress-8.smt2
[DEBUG] Predicted solver: SMTInterpol for benchmark UFLIA/tokeneer/userentry/progress-8.smt2
[DEBUG] Benchmark UFLIA/tokeneer/userentry/progress-8.smt2: solved=True, runtime=1.48s, PAR-2=1.48s
[DEBUG] Processing 1929/2279: UFLIA/boogie/AdditiveMethods_AdditiveMethods.M.smt2
[DEBUG] Predicted solver: cvc5 for benchmark UFLIA/boogie/AdditiveMethods_AdditiveMethods.M.smt2
[DEBUG] Benchmark UFLIA/boogie/AdditiveMethods_AdditiveMethods.M.smt2: solved=True, runtime=0.41s, PAR-2=0.41s
[DEBUG] Processing 1930/2279: UFLIA/sledgehammer/TypeSafe/smtlib.758037.smt2
[DEBUG] Predicted solver: cvc5 for benchmark UFLIA/sledgehammer/TypeSafe/smtlib.758037.smt2
[DEBUG] Benchmark UFLIA/sledgehammer/TypeSafe/smtlib.758037.smt2: solved=False, runtime=1200.00s, PAR-2=2400.00s
[DEBUG] Processing 1931/2279: UFLIA/simplify2/front_end_suite/javafe.parser.ParseExpr.006.smt2
[DEBUG] Predicted solver: cvc5 for benchmark UFLIA/simplify2/front_end_suite/javafe.parser.ParseExpr.006.smt2
[DEBUG] Benchmark UFLIA/simplify2/front_end_suite/javafe.parser.ParseExpr.006.smt2: solved=True, runtime=1.49s, PAR-2=1.49s
[DEBUG] Processing 1932/2279: UFLIA/sledgehammer/TypeSafe/smtlib.743926.smt2
[DEBUG] Predicted solver: cvc5 for benchmark UFLIA/sledgehammer/TypeSafe/smtlib.743926.smt2
[DEBUG] Benchmark UFLIA/sledgehammer/TypeSafe/smtlib.743926.smt2: solved=False, runtime=1200.00s, PAR-2=2400.00s
[DEBUG] Processing 1933/2279: UFLIA/simplify2/front_end_suite/javafe.ast.LexicalPragmaVec.021.smt2
[DEBUG] Predicted solver: cvc5 for benchmark UFLIA/simplify2/front_end_suite/javafe.ast.LexicalPragmaVec.021.smt2
[DEBUG] Benchmark UFLIA/simplify2/front_end_suite/javafe.ast.LexicalPragmaVec.021.smt2: solved=True, runtime=0.30s, PAR-2=0.30s
[DEBUG] Processing 1934/2279: UFLIA/sledgehammer/Hoare/smtlib.648419.smt2
[DEBUG] Predicted solver: cvc5 for benchmark UFLIA/sledgehammer/Hoare/smtlib.648419.smt2
[DEBUG] Benchmark UFLIA/sledgehammer/Hoare/smtlib.648419.smt2: solved=True, runtime=356.11s, PAR-2=356.11s
[DEBUG] Processing 1935/2279: UFLIA/boogie/SimpleWhile2_SimpleWhile2..ctor-infer_i.smt2
[DEBUG] Predicted solver: cvc5 for benchmark UFLIA/boogie/SimpleWhile2_SimpleWhile2..ctor-infer_i.smt2
[DEBUG] Benchmark UFLIA/boogie/SimpleWhile2_SimpleWhile2..ctor-infer_i.smt2: solved=True, runtime=0.32s, PAR-2=0.32s
[DEBUG] Processing 1936/2279: UFLIA/sledgehammer/QEpres/smtlib.1083888.smt2
[DEBUG] Predicted solver: cvc5 for benchmark UFLIA/sledgehammer/QEpres/smtlib.1083888.smt2
[DEBUG] Benchmark UFLIA/sledgehammer/QEpres/smtlib.1083888.smt2: solved=False, runtime=1200.00s, PAR-2=2400.00s
[DEBUG] Processing 1937/2279: UFLIA/boogie/ExplicitExposeVersionHavoc_C.Unsound-level_2.smt2
[DEBUG] Predicted solver: cvc5 for benchmark UFLIA/boogie/ExplicitExposeVersionHavoc_C.Unsound-level_2.smt2
[DEBUG] Benchmark UFLIA/boogie/ExplicitExposeVersionHavoc_C.Unsound-level_2.smt2: solved=False, runtime=1200.00s, PAR-2=2400.00s
[DEBUG] Processing 1938/2279: UFLIA/boogie/AndNumbers_T..ctor-level_0.smt2
[DEBUG] Predicted solver: cvc5 for benchmark UFLIA/boogie/AndNumbers_T..ctor-level_0.smt2
[DEBUG] Benchmark UFLIA/boogie/AndNumbers_T..ctor-level_0.smt2: solved=True, runtime=0.29s, PAR-2=0.29s
[DEBUG] Processing 1939/2279: UFLIA/sledgehammer/TwoSquares/smtlib.792925.smt2
[DEBUG] Predicted solver: cvc5 for benchmark UFLIA/sledgehammer/TwoSquares/smtlib.792925.smt2
[DEBUG] Benchmark UFLIA/sledgehammer/TwoSquares/smtlib.792925.smt2: solved=False, runtime=1200.00s, PAR-2=2400.00s
[DEBUG] Processing 1940/2279: UFLIA/simplify/javafe.util.BufferedCorrelatedReader.779.smt2
[DEBUG] Predicted solver: cvc5 for benchmark UFLIA/simplify/javafe.util.BufferedCorrelatedReader.779.smt2
[DEBUG] Benchmark UFLIA/simplify/javafe.util.BufferedCorrelatedReader.779.smt2: solved=True, runtime=0.32s, PAR-2=0.32s
[DEBUG] Processing 1941/2279: UFLIA/sledgehammer/NS_Shared/smtlib.808050.smt2
[DEBUG] Predicted solver: cvc5 for benchmark UFLIA/sledgehammer/NS_Shared/smtlib.808050.smt2
[DEBUG] Benchmark UFLIA/sledgehammer/NS_Shared/smtlib.808050.smt2: solved=False, runtime=1200.00s, PAR-2=2400.00s
[DEBUG] Processing 1942/2279: UFLIA/boogie/ValidAndPrevalid_Interval.Foo8.smt2
[DEBUG] Predicted solver: cvc5 for benchmark UFLIA/boogie/ValidAndPrevalid_Interval.Foo8.smt2
[DEBUG] Benchmark UFLIA/boogie/ValidAndPrevalid_Interval.Foo8.smt2: solved=False, runtime=1200.00s, PAR-2=2400.00s
[DEBUG] Processing 1943/2279: UFLIA/boogie/loopinv0-nonnull_TestEnumerable.Test1_F_notnull-modifiesOnLoop.smt2
[DEBUG] Predicted solver: cvc5 for benchmark UFLIA/boogie/loopinv0-nonnull_TestEnumerable.Test1_F_notnull-modifiesOnLoop.smt2
[DEBUG] Benchmark UFLIA/boogie/loopinv0-nonnull_TestEnumerable.Test1_F_notnull-modifiesOnLoop.smt2: solved=False, runtime=1200.00s, PAR-2=2400.00s
[DEBUG] Processing 1944/2279: UFLIA/tokeneer/auditlog/init-47.smt2
[DEBUG] Predicted solver: cvc5 for benchmark UFLIA/tokeneer/auditlog/init-47.smt2
[DEBUG] Benchmark UFLIA/tokeneer/auditlog/init-47.smt2: solved=False, runtime=1200.00s, PAR-2=2400.00s
[DEBUG] Processing 1945/2279: UFLIA/sledgehammer/QEpres/smtlib.784977.smt2
[DEBUG] Predicted solver: cvc5 for benchmark UFLIA/sledgehammer/QEpres/smtlib.784977.smt2
[DEBUG] Benchmark UFLIA/sledgehammer/QEpres/smtlib.784977.smt2: solved=False, runtime=1200.00s, PAR-2=2400.00s
[DEBUG] Processing 1946/2279: UFLIA/boogie/Types_C..ctor-orderStrength_1.smt2
[DEBUG] Predicted solver: cvc5 for benchmark UFLIA/boogie/Types_C..ctor-orderStrength_1.smt2
[DEBUG] Benchmark UFLIA/boogie/Types_C..ctor-orderStrength_1.smt2: solved=True, runtime=0.58s, PAR-2=0.58s
[DEBUG] Processing 1947/2279: UFLIA/boogie/Strings_test3.MyStrings.UnpackString_System.String_notnull.smt2
[DEBUG] Predicted solver: cvc5 for benchmark UFLIA/boogie/Strings_test3.MyStrings.UnpackString_System.String_notnull.smt2
[DEBUG] Benchmark UFLIA/boogie/Strings_test3.MyStrings.UnpackString_System.String_notnull.smt2: solved=False, runtime=1200.00s, PAR-2=2400.00s
[DEBUG] Processing 1948/2279: UFLIA/boogie/AssignToNonInvariantField_AnotherClient.P_AlsoBad.smt2
[DEBUG] Predicted solver: cvc5 for benchmark UFLIA/boogie/AssignToNonInvariantField_AnotherClient.P_AlsoBad.smt2
[DEBUG] Benchmark UFLIA/boogie/AssignToNonInvariantField_AnotherClient.P_AlsoBad.smt2: solved=False, runtime=1200.00s, PAR-2=2400.00s
[DEBUG] Processing 1949/2279: UFLIA/simplify2/front_end_suite/javafe.ast.StandardPrettyPrint.009.smt2
[DEBUG] Predicted solver: cvc5 for benchmark UFLIA/simplify2/front_end_suite/javafe.ast.StandardPrettyPrint.009.smt2
[DEBUG] Benchmark UFLIA/simplify2/front_end_suite/javafe.ast.StandardPrettyPrint.009.smt2: solved=True, runtime=0.56s, PAR-2=0.56s
[DEBUG] Processing 1950/2279: UFLIA/sledgehammer/FFT/smtlib.575334.smt2
[DEBUG] Predicted solver: cvc5 for benchmark UFLIA/sledgehammer/FFT/smtlib.575334.smt2
[DEBUG] Benchmark UFLIA/sledgehammer/FFT/smtlib.575334.smt2: solved=False, runtime=1200.00s, PAR-2=2400.00s
[DEBUG] Processing 1951/2279: UFLIA/sledgehammer/Fundamental_Theorem_Algebra/smtlib.766850.smt2
[DEBUG] Predicted solver: iProver for benchmark UFLIA/sledgehammer/Fundamental_Theorem_Algebra/smtlib.766850.smt2
[DEBUG] Benchmark UFLIA/sledgehammer/Fundamental_Theorem_Algebra/smtlib.766850.smt2: solved=False, runtime=1200.00s, PAR-2=2400.00s
[DEBUG] Processing 1952/2279: UFLIA/sledgehammer/TypeSafe/smtlib.899958.smt2
[DEBUG] Predicted solver: cvc5 for benchmark UFLIA/sledgehammer/TypeSafe/smtlib.899958.smt2
[DEBUG] Benchmark UFLIA/sledgehammer/TypeSafe/smtlib.899958.smt2: solved=False, runtime=1200.00s, PAR-2=2400.00s
[DEBUG] Processing 1953/2279: UFLIA/simplify2/front_end_suite/javafe.ast.LocalVarDecl.007.smt2
[DEBUG] Predicted solver: cvc5 for benchmark UFLIA/simplify2/front_end_suite/javafe.ast.LocalVarDecl.007.smt2
[DEBUG] Benchmark UFLIA/simplify2/front_end_suite/javafe.ast.LocalVarDecl.007.smt2: solved=True, runtime=7.81s, PAR-2=7.81s
[DEBUG] Processing 1954/2279: UFLIA/sledgehammer/FFT/smtlib.744458.smt2
[DEBUG] Predicted solver: cvc5 for benchmark UFLIA/sledgehammer/FFT/smtlib.744458.smt2
[DEBUG] Benchmark UFLIA/sledgehammer/FFT/smtlib.744458.smt2: solved=False, runtime=1200.00s, PAR-2=2400.00s
[DEBUG] Processing 1955/2279: UFLIA/sledgehammer/StrongNorm/smtlib.605860.smt2
[DEBUG] Predicted solver: cvc5 for benchmark UFLIA/sledgehammer/StrongNorm/smtlib.605860.smt2
[DEBUG] Benchmark UFLIA/sledgehammer/StrongNorm/smtlib.605860.smt2: solved=False, runtime=1200.00s, PAR-2=2400.00s
[DEBUG] Processing 1956/2279: UFLIA/sledgehammer/Fundamental_Theorem_Algebra/smtlib.1194644.smt2
[DEBUG] Predicted solver: cvc5 for benchmark UFLIA/sledgehammer/Fundamental_Theorem_Algebra/smtlib.1194644.smt2
[DEBUG] Benchmark UFLIA/sledgehammer/Fundamental_Theorem_Algebra/smtlib.1194644.smt2: solved=True, runtime=0.37s, PAR-2=0.37s
[DEBUG] Processing 1957/2279: UFLIA/sledgehammer/FFT/smtlib.598373.smt2
[DEBUG] Predicted solver: iProver for benchmark UFLIA/sledgehammer/FFT/smtlib.598373.smt2
[DEBUG] Benchmark UFLIA/sledgehammer/FFT/smtlib.598373.smt2: solved=False, runtime=1200.00s, PAR-2=2400.00s
[DEBUG] Processing 1958/2279: UFLIA/sledgehammer/Fundamental_Theorem_Algebra/smtlib.1356003.smt2
[DEBUG] Predicted solver: SMTInterpol for benchmark UFLIA/sledgehammer/Fundamental_Theorem_Algebra/smtlib.1356003.smt2
[DEBUG] Benchmark UFLIA/sledgehammer/Fundamental_Theorem_Algebra/smtlib.1356003.smt2: solved=True, runtime=0.59s, PAR-2=0.59s
[DEBUG] Processing 1959/2279: UFLIA/sledgehammer/TypeSafe/smtlib.744725.smt2
[DEBUG] Predicted solver: cvc5 for benchmark UFLIA/sledgehammer/TypeSafe/smtlib.744725.smt2
[DEBUG] Benchmark UFLIA/sledgehammer/TypeSafe/smtlib.744725.smt2: solved=False, runtime=1200.00s, PAR-2=2400.00s
[DEBUG] Processing 1960/2279: UFLIA/sledgehammer/FFT/smtlib.894271.smt2
[DEBUG] Predicted solver: SMTInterpol for benchmark UFLIA/sledgehammer/FFT/smtlib.894271.smt2
[DEBUG] Benchmark UFLIA/sledgehammer/FFT/smtlib.894271.smt2: solved=False, runtime=1200.00s, PAR-2=2400.00s
[DEBUG] Processing 1961/2279: UFLIA/simplify2/front_end_suite/javafe.ast.ForStmt.008.smt2
[DEBUG] Predicted solver: cvc5 for benchmark UFLIA/simplify2/front_end_suite/javafe.ast.ForStmt.008.smt2
[DEBUG] Benchmark UFLIA/simplify2/front_end_suite/javafe.ast.ForStmt.008.smt2: solved=True, runtime=12.63s, PAR-2=12.63s
[DEBUG] Processing 1962/2279: UFLIA/boogie/StaticFields_StaticFields.M.smt2
[DEBUG] Predicted solver: cvc5 for benchmark UFLIA/boogie/StaticFields_StaticFields.M.smt2
[DEBUG] Benchmark UFLIA/boogie/StaticFields_StaticFields.M.smt2: solved=False, runtime=1200.00s, PAR-2=2400.00s
[DEBUG] Processing 1963/2279: UFLIA/sledgehammer/FFT/smtlib.1017653.smt2
[DEBUG] Predicted solver: cvc5 for benchmark UFLIA/sledgehammer/FFT/smtlib.1017653.smt2
[DEBUG] Benchmark UFLIA/sledgehammer/FFT/smtlib.1017653.smt2: solved=True, runtime=322.15s, PAR-2=322.15s
[DEBUG] Processing 1964/2279: UFLIA/sledgehammer/QEpres/smtlib.929588.smt2
[DEBUG] Predicted solver: cvc5 for benchmark UFLIA/sledgehammer/QEpres/smtlib.929588.smt2
[DEBUG] Benchmark UFLIA/sledgehammer/QEpres/smtlib.929588.smt2: solved=False, runtime=1200.00s, PAR-2=2400.00s
[DEBUG] Processing 1965/2279: UFLIA/boogie/AssumeEnsures_Caller1-noinfer.smt2
[DEBUG] Predicted solver: SMTInterpol for benchmark UFLIA/boogie/AssumeEnsures_Caller1-noinfer.smt2
[DEBUG] Benchmark UFLIA/boogie/AssumeEnsures_Caller1-noinfer.smt2: solved=True, runtime=1.08s, PAR-2=1.08s
[DEBUG] Processing 1966/2279: UFLIA/grasshopper/uninstantiated/traverse_postcondition_of_traverse_47_1.smt2
[DEBUG] Predicted solver: cvc5 for benchmark UFLIA/grasshopper/uninstantiated/traverse_postcondition_of_traverse_47_1.smt2
[DEBUG] Benchmark UFLIA/grasshopper/uninstantiated/traverse_postcondition_of_traverse_47_1.smt2: solved=True, runtime=0.38s, PAR-2=0.38s
[DEBUG] Processing 1967/2279: UFLIA/sledgehammer/Fundamental_Theorem_Algebra/smtlib.601468.smt2
[DEBUG] Predicted solver: cvc5 for benchmark UFLIA/sledgehammer/Fundamental_Theorem_Algebra/smtlib.601468.smt2
[DEBUG] Benchmark UFLIA/sledgehammer/Fundamental_Theorem_Algebra/smtlib.601468.smt2: solved=True, runtime=0.56s, PAR-2=0.56s
[DEBUG] Processing 1968/2279: UFLIA/grasshopper/uninstantiated/copy_loop_invariant_50_5.smt2
[DEBUG] Predicted solver: cvc5 for benchmark UFLIA/grasshopper/uninstantiated/copy_loop_invariant_50_5.smt2
[DEBUG] Benchmark UFLIA/grasshopper/uninstantiated/copy_loop_invariant_50_5.smt2: solved=True, runtime=30.29s, PAR-2=30.29s
[DEBUG] Processing 1969/2279: UFLIA/grasshopper/uninstantiated/contains_invariant_36_2.smt2
[DEBUG] Predicted solver: cvc5 for benchmark UFLIA/grasshopper/uninstantiated/contains_invariant_36_2.smt2
[DEBUG] Benchmark UFLIA/grasshopper/uninstantiated/contains_invariant_36_2.smt2: solved=True, runtime=0.26s, PAR-2=0.26s
[DEBUG] Processing 1970/2279: UFLIA/boogie/ExposeVersion_A.setValue_System.Int32-level_2.smt2
[DEBUG] Predicted solver: cvc5 for benchmark UFLIA/boogie/ExposeVersion_A.setValue_System.Int32-level_2.smt2
[DEBUG] Benchmark UFLIA/boogie/ExposeVersion_A.setValue_System.Int32-level_2.smt2: solved=True, runtime=0.39s, PAR-2=0.39s
[DEBUG] Processing 1971/2279: UFLIA/boogie/AdditiveMethods_OwnedResults.F0.smt2
[DEBUG] Predicted solver: cvc5 for benchmark UFLIA/boogie/AdditiveMethods_OwnedResults.F0.smt2
[DEBUG] Benchmark UFLIA/boogie/AdditiveMethods_OwnedResults.F0.smt2: solved=True, runtime=0.28s, PAR-2=0.28s
[DEBUG] Processing 1972/2279: UFLIA/sledgehammer/Fundamental_Theorem_Algebra/smtlib.1199371.smt2
[DEBUG] Predicted solver: cvc5 for benchmark UFLIA/sledgehammer/Fundamental_Theorem_Algebra/smtlib.1199371.smt2
[DEBUG] Benchmark UFLIA/sledgehammer/Fundamental_Theorem_Algebra/smtlib.1199371.smt2: solved=True, runtime=0.48s, PAR-2=0.48s
[DEBUG] Processing 1973/2279: UFLIA/boogie/loopinv0_LoopInv0.Method2_Node_notnull-infer_eh.smt2
[DEBUG] Predicted solver: cvc5 for benchmark UFLIA/boogie/loopinv0_LoopInv0.Method2_Node_notnull-infer_eh.smt2
[DEBUG] Benchmark UFLIA/boogie/loopinv0_LoopInv0.Method2_Node_notnull-infer_eh.smt2: solved=True, runtime=5.60s, PAR-2=5.60s
[DEBUG] Processing 1974/2279: UFLIA/sledgehammer/Fundamental_Theorem_Algebra/smtlib.1458882.smt2
[DEBUG] Predicted solver: cvc5 for benchmark UFLIA/sledgehammer/Fundamental_Theorem_Algebra/smtlib.1458882.smt2
[DEBUG] Benchmark UFLIA/sledgehammer/Fundamental_Theorem_Algebra/smtlib.1458882.smt2: solved=True, runtime=30.96s, PAR-2=30.96s
[DEBUG] Processing 1975/2279: UFLIA/tokeneer/door/poll-12.smt2
[DEBUG] Predicted solver: SMTInterpol for benchmark UFLIA/tokeneer/door/poll-12.smt2
[DEBUG] Benchmark UFLIA/tokeneer/door/poll-12.smt2: solved=True, runtime=1.45s, PAR-2=1.45s
[DEBUG] Processing 1976/2279: UFLIA/simplify2/front_end_suite/javafe.ast.LocalVarDecl.011.smt2
[DEBUG] Predicted solver: cvc5 for benchmark UFLIA/simplify2/front_end_suite/javafe.ast.LocalVarDecl.011.smt2
[DEBUG] Benchmark UFLIA/simplify2/front_end_suite/javafe.ast.LocalVarDecl.011.smt2: solved=True, runtime=0.65s, PAR-2=0.65s
[DEBUG] Processing 1977/2279: UFLIA/tokeneer/enclave/enrolop-5.smt2
[DEBUG] Predicted solver: SMTInterpol for benchmark UFLIA/tokeneer/enclave/enrolop-5.smt2
[DEBUG] Benchmark UFLIA/tokeneer/enclave/enrolop-5.smt2: solved=True, runtime=1.24s, PAR-2=1.24s
[DEBUG] Processing 1978/2279: UFLIA/sledgehammer/Fundamental_Theorem_Algebra/smtlib.583598.smt2
[DEBUG] Predicted solver: cvc5 for benchmark UFLIA/sledgehammer/Fundamental_Theorem_Algebra/smtlib.583598.smt2
[DEBUG] Benchmark UFLIA/sledgehammer/Fundamental_Theorem_Algebra/smtlib.583598.smt2: solved=False, runtime=1200.00s, PAR-2=2400.00s
[DEBUG] Processing 1979/2279: UFLIA/simplify2/front_end_suite/javafe.tc.MethodDeclVec.017.smt2
[DEBUG] Predicted solver: cvc5 for benchmark UFLIA/simplify2/front_end_suite/javafe.tc.MethodDeclVec.017.smt2
[DEBUG] Benchmark UFLIA/simplify2/front_end_suite/javafe.tc.MethodDeclVec.017.smt2: solved=True, runtime=0.36s, PAR-2=0.36s
[DEBUG] Processing 1980/2279: UFLIA/sledgehammer/NS_Shared/smtlib.859817.smt2
[DEBUG] Predicted solver: cvc5 for benchmark UFLIA/sledgehammer/NS_Shared/smtlib.859817.smt2
[DEBUG] Benchmark UFLIA/sledgehammer/NS_Shared/smtlib.859817.smt2: solved=True, runtime=0.40s, PAR-2=0.40s
[DEBUG] Processing 1981/2279: UFLIA/sledgehammer/Fundamental_Theorem_Algebra/smtlib.934973.smt2
[DEBUG] Predicted solver: cvc5 for benchmark UFLIA/sledgehammer/Fundamental_Theorem_Algebra/smtlib.934973.smt2
[DEBUG] Benchmark UFLIA/sledgehammer/Fundamental_Theorem_Algebra/smtlib.934973.smt2: solved=True, runtime=31.59s, PAR-2=31.59s
[DEBUG] Processing 1982/2279: UFLIA/simplify/javafe.tc.MethodDeclVec.689.smt2
[DEBUG] Predicted solver: cvc5 for benchmark UFLIA/simplify/javafe.tc.MethodDeclVec.689.smt2
[DEBUG] Benchmark UFLIA/simplify/javafe.tc.MethodDeclVec.689.smt2: solved=True, runtime=0.28s, PAR-2=0.28s
[DEBUG] Processing 1983/2279: UFLIA/boogie/LoopInvAssume_Test-noinfer.smt2
[DEBUG] Predicted solver: SMTInterpol for benchmark UFLIA/boogie/LoopInvAssume_Test-noinfer.smt2
[DEBUG] Benchmark UFLIA/boogie/LoopInvAssume_Test-noinfer.smt2: solved=True, runtime=1.04s, PAR-2=1.04s
[DEBUG] Processing 1984/2279: UFLIA/sledgehammer/Fundamental_Theorem_Algebra/smtlib.558045.smt2
[DEBUG] Predicted solver: cvc5 for benchmark UFLIA/sledgehammer/Fundamental_Theorem_Algebra/smtlib.558045.smt2
[DEBUG] Benchmark UFLIA/sledgehammer/Fundamental_Theorem_Algebra/smtlib.558045.smt2: solved=False, runtime=1200.00s, PAR-2=2400.00s
[DEBUG] Processing 1985/2279: UFLIA/simplify/javafe.ast.PrimitiveType.290.smt2
[DEBUG] Predicted solver: cvc5 for benchmark UFLIA/simplify/javafe.ast.PrimitiveType.290.smt2
[DEBUG] Benchmark UFLIA/simplify/javafe.ast.PrimitiveType.290.smt2: solved=True, runtime=0.33s, PAR-2=0.33s
[DEBUG] Processing 1986/2279: UFLIA/sledgehammer/Fundamental_Theorem_Algebra/smtlib.740585.smt2
[DEBUG] Predicted solver: cvc5 for benchmark UFLIA/sledgehammer/Fundamental_Theorem_Algebra/smtlib.740585.smt2
[DEBUG] Benchmark UFLIA/sledgehammer/Fundamental_Theorem_Algebra/smtlib.740585.smt2: solved=False, runtime=1200.00s, PAR-2=2400.00s
[DEBUG] Processing 1987/2279: UFLIA/sledgehammer/TypeSafe/smtlib.967255.smt2
[DEBUG] Predicted solver: cvc5 for benchmark UFLIA/sledgehammer/TypeSafe/smtlib.967255.smt2
[DEBUG] Benchmark UFLIA/sledgehammer/TypeSafe/smtlib.967255.smt2: solved=True, runtime=106.23s, PAR-2=106.23s
[DEBUG] Processing 1988/2279: UFLIA/simplify/javafe.ast.CompoundName.90.smt2
[DEBUG] Predicted solver: cvc5 for benchmark UFLIA/simplify/javafe.ast.CompoundName.90.smt2
[DEBUG] Benchmark UFLIA/simplify/javafe.ast.CompoundName.90.smt2: solved=True, runtime=0.71s, PAR-2=0.71s
[DEBUG] Processing 1989/2279: UFLIA/simplify2/front_end_suite/javafe.ast.StmtVec.017.smt2
[DEBUG] Predicted solver: cvc5 for benchmark UFLIA/simplify2/front_end_suite/javafe.ast.StmtVec.017.smt2
[DEBUG] Benchmark UFLIA/simplify2/front_end_suite/javafe.ast.StmtVec.017.smt2: solved=True, runtime=0.36s, PAR-2=0.36s
[DEBUG] Processing 1990/2279: UFLIA/sledgehammer/NS_Shared/smtlib.575434.smt2
[DEBUG] Predicted solver: iProver for benchmark UFLIA/sledgehammer/NS_Shared/smtlib.575434.smt2
[DEBUG] Benchmark UFLIA/sledgehammer/NS_Shared/smtlib.575434.smt2: solved=False, runtime=1200.00s, PAR-2=2400.00s
[DEBUG] Processing 1991/2279: UFLIA/simplify2/front_end_suite/javafe.ast.ArrayType.007.smt2
[DEBUG] Predicted solver: cvc5 for benchmark UFLIA/simplify2/front_end_suite/javafe.ast.ArrayType.007.smt2
[DEBUG] Benchmark UFLIA/simplify2/front_end_suite/javafe.ast.ArrayType.007.smt2: solved=True, runtime=0.53s, PAR-2=0.53s
[DEBUG] Processing 1992/2279: UFLIA/simplify2/front_end_suite/javafe.filespace.StringUtil.005.smt2
[DEBUG] Predicted solver: cvc5 for benchmark UFLIA/simplify2/front_end_suite/javafe.filespace.StringUtil.005.smt2
[DEBUG] Benchmark UFLIA/simplify2/front_end_suite/javafe.filespace.StringUtil.005.smt2: solved=True, runtime=0.30s, PAR-2=0.30s
[DEBUG] Processing 1993/2279: UFLIA/sledgehammer/TwoSquares/smtlib.709126.smt2
[DEBUG] Predicted solver: cvc5 for benchmark UFLIA/sledgehammer/TwoSquares/smtlib.709126.smt2
[DEBUG] Benchmark UFLIA/sledgehammer/TwoSquares/smtlib.709126.smt2: solved=True, runtime=0.47s, PAR-2=0.47s
[DEBUG] Processing 1994/2279: UFLIA/simplify2/front_end_suite/javafe.ast.FieldDecl.008.smt2
[DEBUG] Predicted solver: cvc5 for benchmark UFLIA/simplify2/front_end_suite/javafe.ast.FieldDecl.008.smt2
[DEBUG] Benchmark UFLIA/simplify2/front_end_suite/javafe.ast.FieldDecl.008.smt2: solved=True, runtime=0.45s, PAR-2=0.45s
[DEBUG] Processing 1995/2279: UFLIA/boogie/Pack_Bad2.Cell.GetX.smt2
[DEBUG] Predicted solver: cvc5 for benchmark UFLIA/boogie/Pack_Bad2.Cell.GetX.smt2
[DEBUG] Benchmark UFLIA/boogie/Pack_Bad2.Cell.GetX.smt2: solved=False, runtime=1200.00s, PAR-2=2400.00s
[DEBUG] Processing 1996/2279: UFLIA/grasshopper/uninstantiated/difference_postcondition_of_difference_38_8.smt2
[DEBUG] Predicted solver: cvc5 for benchmark UFLIA/grasshopper/uninstantiated/difference_postcondition_of_difference_38_8.smt2
[DEBUG] Benchmark UFLIA/grasshopper/uninstantiated/difference_postcondition_of_difference_38_8.smt2: solved=False, runtime=1200.00s, PAR-2=2400.00s
[DEBUG] Processing 1997/2279: UFLIA/grasshopper/uninstantiated/union_precondition_of_union_35_21.smt2
[DEBUG] Predicted solver: cvc5 for benchmark UFLIA/grasshopper/uninstantiated/union_precondition_of_union_35_21.smt2
[DEBUG] Benchmark UFLIA/grasshopper/uninstantiated/union_precondition_of_union_35_21.smt2: solved=True, runtime=30.73s, PAR-2=30.73s
[DEBUG] Processing 1998/2279: UFLIA/sledgehammer/QEpres/smtlib.956182.smt2
[DEBUG] Predicted solver: cvc5 for benchmark UFLIA/sledgehammer/QEpres/smtlib.956182.smt2
[DEBUG] Benchmark UFLIA/sledgehammer/QEpres/smtlib.956182.smt2: solved=False, runtime=1200.00s, PAR-2=2400.00s
[DEBUG] Processing 1999/2279: UFLIA/sledgehammer/NS_Shared/smtlib.870441.smt2
[DEBUG] Predicted solver: iProver for benchmark UFLIA/sledgehammer/NS_Shared/smtlib.870441.smt2
[DEBUG] Benchmark UFLIA/sledgehammer/NS_Shared/smtlib.870441.smt2: solved=False, runtime=1200.00s, PAR-2=2400.00s
[DEBUG] Processing 2000/2279: UFLIA/sledgehammer/Fundamental_Theorem_Algebra/smtlib.639462.smt2
[DEBUG] Predicted solver: cvc5 for benchmark UFLIA/sledgehammer/Fundamental_Theorem_Algebra/smtlib.639462.smt2
[DEBUG] Benchmark UFLIA/sledgehammer/Fundamental_Theorem_Algebra/smtlib.639462.smt2: solved=False, runtime=1200.00s, PAR-2=2400.00s
[DEBUG] Processing 2001/2279: UFLIA/sledgehammer/Fundamental_Theorem_Algebra/smtlib.686216.smt2
[DEBUG] Predicted solver: cvc5 for benchmark UFLIA/sledgehammer/Fundamental_Theorem_Algebra/smtlib.686216.smt2
[DEBUG] Benchmark UFLIA/sledgehammer/Fundamental_Theorem_Algebra/smtlib.686216.smt2: solved=True, runtime=0.23s, PAR-2=0.23s
[DEBUG] Processing 2002/2279: UFLIA/sledgehammer/QEpres/smtlib.624729.smt2
[DEBUG] Predicted solver: cvc5 for benchmark UFLIA/sledgehammer/QEpres/smtlib.624729.smt2
[DEBUG] Benchmark UFLIA/sledgehammer/QEpres/smtlib.624729.smt2: solved=False, runtime=1200.00s, PAR-2=2400.00s
[DEBUG] Processing 2003/2279: UFLIA/simplify/javafe.tc.EnvForCU.653.smt2
[DEBUG] Predicted solver: cvc5 for benchmark UFLIA/simplify/javafe.tc.EnvForCU.653.smt2
[DEBUG] Benchmark UFLIA/simplify/javafe.tc.EnvForCU.653.smt2: solved=True, runtime=0.51s, PAR-2=0.51s
[DEBUG] Processing 2004/2279: UFLIA/sledgehammer/TwoSquares/smtlib.824268.smt2
[DEBUG] Predicted solver: cvc5 for benchmark UFLIA/sledgehammer/TwoSquares/smtlib.824268.smt2
[DEBUG] Benchmark UFLIA/sledgehammer/TwoSquares/smtlib.824268.smt2: solved=False, runtime=1200.00s, PAR-2=2400.00s
[DEBUG] Processing 2005/2279: UFLIA/sledgehammer/QEpres/smtlib.843717.smt2
[DEBUG] Predicted solver: iProver for benchmark UFLIA/sledgehammer/QEpres/smtlib.843717.smt2
[DEBUG] Benchmark UFLIA/sledgehammer/QEpres/smtlib.843717.smt2: solved=False, runtime=1200.00s, PAR-2=2400.00s
[DEBUG] Processing 2006/2279: UFLIA/sledgehammer/Fundamental_Theorem_Algebra/smtlib.965334.smt2
[DEBUG] Predicted solver: iProver for benchmark UFLIA/sledgehammer/Fundamental_Theorem_Algebra/smtlib.965334.smt2
[DEBUG] Benchmark UFLIA/sledgehammer/Fundamental_Theorem_Algebra/smtlib.965334.smt2: solved=False, runtime=1200.00s, PAR-2=2400.00s
[DEBUG] Processing 2007/2279: UFLIA/boogie/Change769_Test5..ctor.smt2
[DEBUG] Predicted solver: cvc5 for benchmark UFLIA/boogie/Change769_Test5..ctor.smt2
[DEBUG] Benchmark UFLIA/boogie/Change769_Test5..ctor.smt2: solved=True, runtime=0.35s, PAR-2=0.35s
[DEBUG] Processing 2008/2279: UFLIA/simplify2/front_end_suite/javafe.tc.MethodDeclVec.016.smt2
[DEBUG] Predicted solver: cvc5 for benchmark UFLIA/simplify2/front_end_suite/javafe.tc.MethodDeclVec.016.smt2
[DEBUG] Benchmark UFLIA/simplify2/front_end_suite/javafe.tc.MethodDeclVec.016.smt2: solved=True, runtime=0.46s, PAR-2=0.46s
[DEBUG] Processing 2009/2279: UFLIA/sledgehammer/Fundamental_Theorem_Algebra/smtlib.1421778.smt2
[DEBUG] Predicted solver: SMTInterpol for benchmark UFLIA/sledgehammer/Fundamental_Theorem_Algebra/smtlib.1421778.smt2
[DEBUG] Benchmark UFLIA/sledgehammer/Fundamental_Theorem_Algebra/smtlib.1421778.smt2: solved=True, runtime=1.59s, PAR-2=1.59s
[DEBUG] Processing 2010/2279: UFLIA/sledgehammer/Fundamental_Theorem_Algebra/smtlib.1403899.smt2
[DEBUG] Predicted solver: cvc5 for benchmark UFLIA/sledgehammer/Fundamental_Theorem_Algebra/smtlib.1403899.smt2
[DEBUG] Benchmark UFLIA/sledgehammer/Fundamental_Theorem_Algebra/smtlib.1403899.smt2: solved=False, runtime=1200.00s, PAR-2=2400.00s
[DEBUG] Processing 2011/2279: UFLIA/sledgehammer/QEpres/smtlib.756605.smt2
[DEBUG] Predicted solver: cvc5 for benchmark UFLIA/sledgehammer/QEpres/smtlib.756605.smt2
[DEBUG] Benchmark UFLIA/sledgehammer/QEpres/smtlib.756605.smt2: solved=False, runtime=1200.00s, PAR-2=2400.00s
[DEBUG] Processing 2012/2279: UFLIA/simplify2/front_end_suite/javafe.tc.TypeSigVec.018.smt2
[DEBUG] Predicted solver: cvc5 for benchmark UFLIA/simplify2/front_end_suite/javafe.tc.TypeSigVec.018.smt2
[DEBUG] Benchmark UFLIA/simplify2/front_end_suite/javafe.tc.TypeSigVec.018.smt2: solved=True, runtime=1.84s, PAR-2=1.84s
[DEBUG] Processing 2013/2279: UFLIA/sledgehammer/Hoare/smtlib.1101318.smt2
[DEBUG] Predicted solver: cvc5 for benchmark UFLIA/sledgehammer/Hoare/smtlib.1101318.smt2
[DEBUG] Benchmark UFLIA/sledgehammer/Hoare/smtlib.1101318.smt2: solved=False, runtime=1200.00s, PAR-2=2400.00s
[DEBUG] Processing 2014/2279: UFLIA/boogie/AssignToRepField_AssignToRepField.N.smt2
[DEBUG] Predicted solver: cvc5 for benchmark UFLIA/boogie/AssignToRepField_AssignToRepField.N.smt2
[DEBUG] Benchmark UFLIA/boogie/AssignToRepField_AssignToRepField.N.smt2: solved=True, runtime=0.52s, PAR-2=0.52s
[DEBUG] Processing 2015/2279: UFLIA/simplify2/front_end_suite/javafe.ast.TryFinallyStmt.012.smt2
[DEBUG] Predicted solver: cvc5 for benchmark UFLIA/simplify2/front_end_suite/javafe.ast.TryFinallyStmt.012.smt2
[DEBUG] Benchmark UFLIA/simplify2/front_end_suite/javafe.ast.TryFinallyStmt.012.smt2: solved=True, runtime=0.71s, PAR-2=0.71s
[DEBUG] Processing 2016/2279: UFLIA/boogie/Bag0_Bag..ctor_System.Int32.array.smt2
[DEBUG] Predicted solver: cvc5 for benchmark UFLIA/boogie/Bag0_Bag..ctor_System.Int32.array.smt2
[DEBUG] Benchmark UFLIA/boogie/Bag0_Bag..ctor_System.Int32.array.smt2: solved=False, runtime=1200.00s, PAR-2=2400.00s
[DEBUG] Processing 2017/2279: UFLIA/sledgehammer/Fundamental_Theorem_Algebra/smtlib.1478920.smt2
[DEBUG] Predicted solver: cvc5 for benchmark UFLIA/sledgehammer/Fundamental_Theorem_Algebra/smtlib.1478920.smt2
[DEBUG] Benchmark UFLIA/sledgehammer/Fundamental_Theorem_Algebra/smtlib.1478920.smt2: solved=False, runtime=1200.00s, PAR-2=2400.00s
[DEBUG] Processing 2018/2279: UFLIA/sledgehammer/QEpres/smtlib.1123449.smt2
[DEBUG] Predicted solver: cvc5 for benchmark UFLIA/sledgehammer/QEpres/smtlib.1123449.smt2
[DEBUG] Benchmark UFLIA/sledgehammer/QEpres/smtlib.1123449.smt2: solved=False, runtime=1200.00s, PAR-2=2400.00s
[DEBUG] Processing 2019/2279: UFLIA/simplify2/front_end_suite/javafe.parser.ParseExpr.003.smt2
[DEBUG] Predicted solver: cvc5 for benchmark UFLIA/simplify2/front_end_suite/javafe.parser.ParseExpr.003.smt2
[DEBUG] Benchmark UFLIA/simplify2/front_end_suite/javafe.parser.ParseExpr.003.smt2: solved=True, runtime=1.20s, PAR-2=1.20s
[DEBUG] Processing 2020/2279: UFLIA/sledgehammer/NS_Shared/smtlib.814955.smt2
[DEBUG] Predicted solver: cvc5 for benchmark UFLIA/sledgehammer/NS_Shared/smtlib.814955.smt2
[DEBUG] Benchmark UFLIA/sledgehammer/NS_Shared/smtlib.814955.smt2: solved=False, runtime=1200.00s, PAR-2=2400.00s
[DEBUG] Processing 2021/2279: UFLIA/sledgehammer/QEpres/smtlib.976208.smt2
[DEBUG] Predicted solver: cvc5 for benchmark UFLIA/sledgehammer/QEpres/smtlib.976208.smt2
[DEBUG] Benchmark UFLIA/sledgehammer/QEpres/smtlib.976208.smt2: solved=True, runtime=0.33s, PAR-2=0.33s
[DEBUG] Processing 2022/2279: UFLIA/grasshopper/instantiated/copy_invariant_35_4.smt2
[DEBUG] Predicted solver: cvc5 for benchmark UFLIA/grasshopper/instantiated/copy_invariant_35_4.smt2
[DEBUG] Benchmark UFLIA/grasshopper/instantiated/copy_invariant_35_4.smt2: solved=True, runtime=0.67s, PAR-2=0.67s
[DEBUG] Processing 2023/2279: UFLIA/sledgehammer/QEpres/smtlib.770496.smt2
[DEBUG] Predicted solver: cvc5 for benchmark UFLIA/sledgehammer/QEpres/smtlib.770496.smt2
[DEBUG] Benchmark UFLIA/sledgehammer/QEpres/smtlib.770496.smt2: solved=False, runtime=1200.00s, PAR-2=2400.00s
[DEBUG] Processing 2024/2279: UFLIA/simplify2/front_end_suite/javafe.ast.ImportDeclVec.011.smt2
[DEBUG] Predicted solver: cvc5 for benchmark UFLIA/simplify2/front_end_suite/javafe.ast.ImportDeclVec.011.smt2
[DEBUG] Benchmark UFLIA/simplify2/front_end_suite/javafe.ast.ImportDeclVec.011.smt2: solved=True, runtime=0.27s, PAR-2=0.27s
[DEBUG] Processing 2025/2279: UFLIA/sledgehammer/Fundamental_Theorem_Algebra/smtlib.864403.smt2
[DEBUG] Predicted solver: cvc5 for benchmark UFLIA/sledgehammer/Fundamental_Theorem_Algebra/smtlib.864403.smt2
[DEBUG] Benchmark UFLIA/sledgehammer/Fundamental_Theorem_Algebra/smtlib.864403.smt2: solved=False, runtime=1200.00s, PAR-2=2400.00s
[DEBUG] Processing 2026/2279: UFLIA/sledgehammer/TypeSafe/smtlib.1134148.smt2
[DEBUG] Predicted solver: cvc5 for benchmark UFLIA/sledgehammer/TypeSafe/smtlib.1134148.smt2
[DEBUG] Benchmark UFLIA/sledgehammer/TypeSafe/smtlib.1134148.smt2: solved=False, runtime=1200.00s, PAR-2=2400.00s
[DEBUG] Processing 2027/2279: UFLIA/sledgehammer/Fundamental_Theorem_Algebra/smtlib.1157177.smt2
[DEBUG] Predicted solver: cvc5 for benchmark UFLIA/sledgehammer/Fundamental_Theorem_Algebra/smtlib.1157177.smt2
[DEBUG] Benchmark UFLIA/sledgehammer/Fundamental_Theorem_Algebra/smtlib.1157177.smt2: solved=True, runtime=30.34s, PAR-2=30.34s
[DEBUG] Processing 2028/2279: UFLIA/simplify2/front_end_suite/javafe.ast.ForStmt.007.smt2
[DEBUG] Predicted solver: cvc5 for benchmark UFLIA/simplify2/front_end_suite/javafe.ast.ForStmt.007.smt2
[DEBUG] Benchmark UFLIA/simplify2/front_end_suite/javafe.ast.ForStmt.007.smt2: solved=True, runtime=0.44s, PAR-2=0.44s
[DEBUG] Processing 2029/2279: UFLIA/sledgehammer/QEpres/smtlib.788951.smt2
[DEBUG] Predicted solver: cvc5 for benchmark UFLIA/sledgehammer/QEpres/smtlib.788951.smt2
[DEBUG] Benchmark UFLIA/sledgehammer/QEpres/smtlib.788951.smt2: solved=False, runtime=1200.00s, PAR-2=2400.00s
[DEBUG] Processing 2030/2279: UFLIA/sledgehammer/Hoare/smtlib.639312.smt2
[DEBUG] Predicted solver: iProver for benchmark UFLIA/sledgehammer/Hoare/smtlib.639312.smt2
[DEBUG] Benchmark UFLIA/sledgehammer/Hoare/smtlib.639312.smt2: solved=False, runtime=1200.00s, PAR-2=2400.00s
[DEBUG] Processing 2031/2279: UFLIA/simplify2/front_end_suite/javafe.ast.ClassDecl.003.smt2
[DEBUG] Predicted solver: cvc5 for benchmark UFLIA/simplify2/front_end_suite/javafe.ast.ClassDecl.003.smt2
[DEBUG] Benchmark UFLIA/simplify2/front_end_suite/javafe.ast.ClassDecl.003.smt2: solved=True, runtime=0.59s, PAR-2=0.59s
[DEBUG] Processing 2032/2279: UFLIA/simplify2/front_end_suite/javafe.reader.StandardTypeReader.001.smt2
[DEBUG] Predicted solver: cvc5 for benchmark UFLIA/simplify2/front_end_suite/javafe.reader.StandardTypeReader.001.smt2
[DEBUG] Benchmark UFLIA/simplify2/front_end_suite/javafe.reader.StandardTypeReader.001.smt2: solved=True, runtime=0.53s, PAR-2=0.53s
[DEBUG] Processing 2033/2279: UFLIA/grasshopper/uninstantiated/difference_precondition_of_difference_35_21.smt2
[DEBUG] Predicted solver: cvc5 for benchmark UFLIA/grasshopper/uninstantiated/difference_precondition_of_difference_35_21.smt2
[DEBUG] Benchmark UFLIA/grasshopper/uninstantiated/difference_precondition_of_difference_35_21.smt2: solved=True, runtime=30.69s, PAR-2=30.69s
[DEBUG] Processing 2034/2279: UFLIA/simplify2/front_end_suite/javafe.ast.StmtVec.007.smt2
[DEBUG] Predicted solver: cvc5 for benchmark UFLIA/simplify2/front_end_suite/javafe.ast.StmtVec.007.smt2
[DEBUG] Benchmark UFLIA/simplify2/front_end_suite/javafe.ast.StmtVec.007.smt2: solved=True, runtime=0.50s, PAR-2=0.50s
[DEBUG] Processing 2035/2279: UFLIA/boogie/ExposeVersion_S..ctor-level_2.smt2
[DEBUG] Predicted solver: cvc5 for benchmark UFLIA/boogie/ExposeVersion_S..ctor-level_2.smt2
[DEBUG] Benchmark UFLIA/boogie/ExposeVersion_S..ctor-level_2.smt2: solved=True, runtime=0.44s, PAR-2=0.44s
[DEBUG] Processing 2036/2279: UFLIA/sledgehammer/StrongNorm/smtlib.836494.smt2
[DEBUG] Predicted solver: iProver for benchmark UFLIA/sledgehammer/StrongNorm/smtlib.836494.smt2
[DEBUG] Benchmark UFLIA/sledgehammer/StrongNorm/smtlib.836494.smt2: solved=False, runtime=1200.00s, PAR-2=2400.00s
[DEBUG] Processing 2037/2279: UFLIA/boogie/AdvancedTypes_AdvancedTypes.Advanced3_W_notnull-orderStrength_1.smt2
[DEBUG] Predicted solver: cvc5 for benchmark UFLIA/boogie/AdvancedTypes_AdvancedTypes.Advanced3_W_notnull-orderStrength_1.smt2
[DEBUG] Benchmark UFLIA/boogie/AdvancedTypes_AdvancedTypes.Advanced3_W_notnull-orderStrength_1.smt2: solved=False, runtime=1200.00s, PAR-2=2400.00s
[DEBUG] Processing 2038/2279: UFLIA/simplify2/front_end_suite/javafe.tc.PrepTypeDeclaration.009.smt2
[DEBUG] Predicted solver: cvc5 for benchmark UFLIA/simplify2/front_end_suite/javafe.tc.PrepTypeDeclaration.009.smt2
[DEBUG] Benchmark UFLIA/simplify2/front_end_suite/javafe.tc.PrepTypeDeclaration.009.smt2: solved=True, runtime=211.56s, PAR-2=211.56s
[DEBUG] Processing 2039/2279: UFLIA/sledgehammer/Hoare/smtlib.823216.smt2
[DEBUG] Predicted solver: iProver for benchmark UFLIA/sledgehammer/Hoare/smtlib.823216.smt2
[DEBUG] Benchmark UFLIA/sledgehammer/Hoare/smtlib.823216.smt2: solved=False, runtime=1200.00s, PAR-2=2400.00s
[DEBUG] Processing 2040/2279: UFLIA/sledgehammer/Arrow_Order/smtlib.591937.smt2
[DEBUG] Predicted solver: cvc5 for benchmark UFLIA/sledgehammer/Arrow_Order/smtlib.591937.smt2
[DEBUG] Benchmark UFLIA/sledgehammer/Arrow_Order/smtlib.591937.smt2: solved=False, runtime=1200.00s, PAR-2=2400.00s
[DEBUG] Processing 2041/2279: UFLIA/sledgehammer/Arrow_Order/smtlib.734069.smt2
[DEBUG] Predicted solver: cvc5 for benchmark UFLIA/sledgehammer/Arrow_Order/smtlib.734069.smt2
[DEBUG] Benchmark UFLIA/sledgehammer/Arrow_Order/smtlib.734069.smt2: solved=True, runtime=0.36s, PAR-2=0.36s
[DEBUG] Processing 2042/2279: UFLIA/boogie/Chunker11b_Chunker..ctor_System.String_notnull_System.Int32.smt2
[DEBUG] Predicted solver: cvc5 for benchmark UFLIA/boogie/Chunker11b_Chunker..ctor_System.String_notnull_System.Int32.smt2
[DEBUG] Benchmark UFLIA/boogie/Chunker11b_Chunker..ctor_System.String_notnull_System.Int32.smt2: solved=True, runtime=1.30s, PAR-2=1.30s
[DEBUG] Processing 2043/2279: UFLIA/sledgehammer/FFT/smtlib.891278.smt2
[DEBUG] Predicted solver: cvc5 for benchmark UFLIA/sledgehammer/FFT/smtlib.891278.smt2
[DEBUG] Benchmark UFLIA/sledgehammer/FFT/smtlib.891278.smt2: solved=True, runtime=0.52s, PAR-2=0.52s
[DEBUG] Processing 2044/2279: UFLIA/simplify2/front_end_suite/javafe.ast.NewArrayExpr.012.smt2
[DEBUG] Predicted solver: cvc5 for benchmark UFLIA/simplify2/front_end_suite/javafe.ast.NewArrayExpr.012.smt2
[DEBUG] Benchmark UFLIA/simplify2/front_end_suite/javafe.ast.NewArrayExpr.012.smt2: solved=True, runtime=0.47s, PAR-2=0.47s
[DEBUG] Processing 2045/2279: UFLIA/simplify2/front_end_suite/javafe.ast.TryCatchStmt.006.smt2
[DEBUG] Predicted solver: cvc5 for benchmark UFLIA/simplify2/front_end_suite/javafe.ast.TryCatchStmt.006.smt2
[DEBUG] Benchmark UFLIA/simplify2/front_end_suite/javafe.ast.TryCatchStmt.006.smt2: solved=True, runtime=0.61s, PAR-2=0.61s
[DEBUG] Processing 2046/2279: UFLIA/sledgehammer/Hoare/smtlib.849485.smt2
[DEBUG] Predicted solver: iProver for benchmark UFLIA/sledgehammer/Hoare/smtlib.849485.smt2
[DEBUG] Benchmark UFLIA/sledgehammer/Hoare/smtlib.849485.smt2: solved=False, runtime=1200.00s, PAR-2=2400.00s
[DEBUG] Processing 2047/2279: UFLIA/boogie/AssignToRepField_AssignToRepField..ctor_System.Boolean.smt2
[DEBUG] Predicted solver: cvc5 for benchmark UFLIA/boogie/AssignToRepField_AssignToRepField..ctor_System.Boolean.smt2
[DEBUG] Benchmark UFLIA/boogie/AssignToRepField_AssignToRepField..ctor_System.Boolean.smt2: solved=True, runtime=0.42s, PAR-2=0.42s
[DEBUG] Processing 2048/2279: UFLIA/sledgehammer/Fundamental_Theorem_Algebra/smtlib.1178912.smt2
[DEBUG] Predicted solver: cvc5 for benchmark UFLIA/sledgehammer/Fundamental_Theorem_Algebra/smtlib.1178912.smt2
[DEBUG] Benchmark UFLIA/sledgehammer/Fundamental_Theorem_Algebra/smtlib.1178912.smt2: solved=False, runtime=1200.00s, PAR-2=2400.00s
[DEBUG] Processing 2049/2279: UFLIA/sledgehammer/QEpres/smtlib.751837.smt2
[DEBUG] Predicted solver: cvc5 for benchmark UFLIA/sledgehammer/QEpres/smtlib.751837.smt2
[DEBUG] Benchmark UFLIA/sledgehammer/QEpres/smtlib.751837.smt2: solved=False, runtime=1200.00s, PAR-2=2400.00s
[DEBUG] Processing 2050/2279: UFLIA/sledgehammer/Hoare/smtlib.634751.smt2
[DEBUG] Predicted solver: iProver for benchmark UFLIA/sledgehammer/Hoare/smtlib.634751.smt2
[DEBUG] Benchmark UFLIA/sledgehammer/Hoare/smtlib.634751.smt2: solved=False, runtime=1200.00s, PAR-2=2400.00s
[DEBUG] Processing 2051/2279: UFLIA/boogie/StrictReadOnly_C2.X0.smt2
[DEBUG] Predicted solver: cvc5 for benchmark UFLIA/boogie/StrictReadOnly_C2.X0.smt2
[DEBUG] Benchmark UFLIA/boogie/StrictReadOnly_C2.X0.smt2: solved=False, runtime=1200.00s, PAR-2=2400.00s
[DEBUG] Processing 2052/2279: UFLIA/simplify2/front_end_suite/javafe.ast.AmbiguousMethodInvocation.011.smt2
[DEBUG] Predicted solver: cvc5 for benchmark UFLIA/simplify2/front_end_suite/javafe.ast.AmbiguousMethodInvocation.011.smt2
[DEBUG] Benchmark UFLIA/simplify2/front_end_suite/javafe.ast.AmbiguousMethodInvocation.011.smt2: solved=True, runtime=0.52s, PAR-2=0.52s
[DEBUG] Processing 2053/2279: UFLIA/boogie/Types_T..ctor_D_notnull-orderStrength_1.smt2
[DEBUG] Predicted solver: cvc5 for benchmark UFLIA/boogie/Types_T..ctor_D_notnull-orderStrength_1.smt2
[DEBUG] Benchmark UFLIA/boogie/Types_T..ctor_D_notnull-orderStrength_1.smt2: solved=True, runtime=0.84s, PAR-2=0.84s
[DEBUG] Processing 2054/2279: UFLIA/simplify2/front_end_suite/javafe.util.LocationManagerCorrelatedReader.018.smt2
[DEBUG] Predicted solver: cvc5 for benchmark UFLIA/simplify2/front_end_suite/javafe.util.LocationManagerCorrelatedReader.018.smt2
[DEBUG] Benchmark UFLIA/simplify2/front_end_suite/javafe.util.LocationManagerCorrelatedReader.018.smt2: solved=True, runtime=0.34s, PAR-2=0.34s
[DEBUG] Processing 2055/2279: UFLIA/sledgehammer/QEpres/smtlib.675415.smt2
[DEBUG] Predicted solver: iProver for benchmark UFLIA/sledgehammer/QEpres/smtlib.675415.smt2
[DEBUG] Benchmark UFLIA/sledgehammer/QEpres/smtlib.675415.smt2: solved=False, runtime=1200.00s, PAR-2=2400.00s
[DEBUG] Processing 2056/2279: UFLIA/simplify2/front_end_suite/javafe.ast.PrimitiveType.004.smt2
[DEBUG] Predicted solver: cvc5 for benchmark UFLIA/simplify2/front_end_suite/javafe.ast.PrimitiveType.004.smt2
[DEBUG] Benchmark UFLIA/simplify2/front_end_suite/javafe.ast.PrimitiveType.004.smt2: solved=True, runtime=0.66s, PAR-2=0.66s
[DEBUG] Processing 2057/2279: UFLIA/simplify/javafe.tc.TypeSigVec.739.smt2
[DEBUG] Predicted solver: cvc5 for benchmark UFLIA/simplify/javafe.tc.TypeSigVec.739.smt2
[DEBUG] Benchmark UFLIA/simplify/javafe.tc.TypeSigVec.739.smt2: solved=True, runtime=0.45s, PAR-2=0.45s
[DEBUG] Processing 2058/2279: UFLIA/sledgehammer/Hoare/smtlib.660933.smt2
[DEBUG] Predicted solver: iProver for benchmark UFLIA/sledgehammer/Hoare/smtlib.660933.smt2
[DEBUG] Benchmark UFLIA/sledgehammer/Hoare/smtlib.660933.smt2: solved=False, runtime=1200.00s, PAR-2=2400.00s
[DEBUG] Processing 2059/2279: UFLIA/sledgehammer/Hoare/smtlib.923918.smt2
[DEBUG] Predicted solver: iProver for benchmark UFLIA/sledgehammer/Hoare/smtlib.923918.smt2
[DEBUG] Benchmark UFLIA/sledgehammer/Hoare/smtlib.923918.smt2: solved=False, runtime=1200.00s, PAR-2=2400.00s
[DEBUG] Processing 2060/2279: UFLIA/simplify2/front_end_suite/javafe.ast.LiteralExpr.002.smt2
[DEBUG] Predicted solver: cvc5 for benchmark UFLIA/simplify2/front_end_suite/javafe.ast.LiteralExpr.002.smt2
[DEBUG] Benchmark UFLIA/simplify2/front_end_suite/javafe.ast.LiteralExpr.002.smt2: solved=True, runtime=0.52s, PAR-2=0.52s
[DEBUG] Processing 2061/2279: UFLIA/simplify/javafe.ast.TypeDeclVec.389.smt2
[DEBUG] Predicted solver: cvc5 for benchmark UFLIA/simplify/javafe.ast.TypeDeclVec.389.smt2
[DEBUG] Benchmark UFLIA/simplify/javafe.ast.TypeDeclVec.389.smt2: solved=True, runtime=5.43s, PAR-2=5.43s
[DEBUG] Processing 2062/2279: UFLIA/sledgehammer/FFT/smtlib.724613.smt2
[DEBUG] Predicted solver: cvc5 for benchmark UFLIA/sledgehammer/FFT/smtlib.724613.smt2
[DEBUG] Benchmark UFLIA/sledgehammer/FFT/smtlib.724613.smt2: solved=False, runtime=1200.00s, PAR-2=2400.00s
[DEBUG] Processing 2063/2279: UFLIA/sledgehammer/Fundamental_Theorem_Algebra/smtlib.1411612.smt2
[DEBUG] Predicted solver: cvc5 for benchmark UFLIA/sledgehammer/Fundamental_Theorem_Algebra/smtlib.1411612.smt2
[DEBUG] Benchmark UFLIA/sledgehammer/Fundamental_Theorem_Algebra/smtlib.1411612.smt2: solved=False, runtime=1200.00s, PAR-2=2400.00s
[DEBUG] Processing 2064/2279: UFLIA/simplify2/front_end_suite/javafe.ast.OnDemandImportDecl.009.smt2
[DEBUG] Predicted solver: cvc5 for benchmark UFLIA/simplify2/front_end_suite/javafe.ast.OnDemandImportDecl.009.smt2
[DEBUG] Benchmark UFLIA/simplify2/front_end_suite/javafe.ast.OnDemandImportDecl.009.smt2: solved=True, runtime=0.60s, PAR-2=0.60s
[DEBUG] Processing 2065/2279: UFLIA/simplify2/front_end_suite/javafe.ast.ImportDeclVec.007.smt2
[DEBUG] Predicted solver: cvc5 for benchmark UFLIA/simplify2/front_end_suite/javafe.ast.ImportDeclVec.007.smt2
[DEBUG] Benchmark UFLIA/simplify2/front_end_suite/javafe.ast.ImportDeclVec.007.smt2: solved=True, runtime=0.57s, PAR-2=0.57s
[DEBUG] Processing 2066/2279: UFLIA/boogie/Bag1_Bag.RemoveMin.smt2
[DEBUG] Predicted solver: cvc5 for benchmark UFLIA/boogie/Bag1_Bag.RemoveMin.smt2
[DEBUG] Benchmark UFLIA/boogie/Bag1_Bag.RemoveMin.smt2: solved=False, runtime=1200.00s, PAR-2=2400.00s
[DEBUG] Processing 2067/2279: UFLIA/sledgehammer/QEpres/smtlib.606634.smt2
[DEBUG] Predicted solver: iProver for benchmark UFLIA/sledgehammer/QEpres/smtlib.606634.smt2
[DEBUG] Benchmark UFLIA/sledgehammer/QEpres/smtlib.606634.smt2: solved=True, runtime=3.97s, PAR-2=3.97s
[DEBUG] Processing 2068/2279: UFLIA/grasshopper/instantiated/pull_strands_postcondition_of_pull_strands_102_2.smt2
[DEBUG] Predicted solver: cvc5 for benchmark UFLIA/grasshopper/instantiated/pull_strands_postcondition_of_pull_strands_102_2.smt2
[DEBUG] Benchmark UFLIA/grasshopper/instantiated/pull_strands_postcondition_of_pull_strands_102_2.smt2: solved=True, runtime=26.69s, PAR-2=26.69s
[DEBUG] Processing 2069/2279: UFLIA/simplify/javafe.ast.PrimitiveType.293.smt2
[DEBUG] Predicted solver: cvc5 for benchmark UFLIA/simplify/javafe.ast.PrimitiveType.293.smt2
[DEBUG] Benchmark UFLIA/simplify/javafe.ast.PrimitiveType.293.smt2: solved=True, runtime=0.66s, PAR-2=0.66s
[DEBUG] Processing 2070/2279: UFLIA/sledgehammer/StrongNorm/smtlib.647269.smt2
[DEBUG] Predicted solver: iProver for benchmark UFLIA/sledgehammer/StrongNorm/smtlib.647269.smt2
[DEBUG] Benchmark UFLIA/sledgehammer/StrongNorm/smtlib.647269.smt2: solved=False, runtime=1200.00s, PAR-2=2400.00s
[DEBUG] Processing 2071/2279: UFLIA/simplify2/front_end_suite/javafe.reader.ASTClassFileParser.014.smt2
[DEBUG] Predicted solver: cvc5 for benchmark UFLIA/simplify2/front_end_suite/javafe.reader.ASTClassFileParser.014.smt2
[DEBUG] Benchmark UFLIA/simplify2/front_end_suite/javafe.reader.ASTClassFileParser.014.smt2: solved=True, runtime=0.80s, PAR-2=0.80s
[DEBUG] Processing 2072/2279: UFLIA/simplify/javafe.parser.Token.572.smt2
[DEBUG] Predicted solver: cvc5 for benchmark UFLIA/simplify/javafe.parser.Token.572.smt2
[DEBUG] Benchmark UFLIA/simplify/javafe.parser.Token.572.smt2: solved=True, runtime=0.38s, PAR-2=0.38s
[DEBUG] Processing 2073/2279: UFLIA/boogie/WhereMotivation_Types.MLoop3-modifiesOnLoop_1.smt2
[DEBUG] Predicted solver: cvc5 for benchmark UFLIA/boogie/WhereMotivation_Types.MLoop3-modifiesOnLoop_1.smt2
[DEBUG] Benchmark UFLIA/boogie/WhereMotivation_Types.MLoop3-modifiesOnLoop_1.smt2: solved=True, runtime=10.49s, PAR-2=10.49s
[DEBUG] Processing 2074/2279: UFLIA/sledgehammer/QEpres/smtlib.760771.smt2
[DEBUG] Predicted solver: cvc5 for benchmark UFLIA/sledgehammer/QEpres/smtlib.760771.smt2
[DEBUG] Benchmark UFLIA/sledgehammer/QEpres/smtlib.760771.smt2: solved=False, runtime=1200.00s, PAR-2=2400.00s
[DEBUG] Processing 2075/2279: UFLIA/sledgehammer/QEpres/smtlib.1217861.smt2
[DEBUG] Predicted solver: cvc5 for benchmark UFLIA/sledgehammer/QEpres/smtlib.1217861.smt2
[DEBUG] Benchmark UFLIA/sledgehammer/QEpres/smtlib.1217861.smt2: solved=False, runtime=1200.00s, PAR-2=2400.00s
[DEBUG] Processing 2076/2279: UFLIA/boogie/StrictReadOnly_C1.W2.smt2
[DEBUG] Predicted solver: cvc5 for benchmark UFLIA/boogie/StrictReadOnly_C1.W2.smt2
[DEBUG] Benchmark UFLIA/boogie/StrictReadOnly_C1.W2.smt2: solved=True, runtime=0.39s, PAR-2=0.39s
[DEBUG] Processing 2077/2279: UFLIA/boogie/PureAxioms_UnsoundSpec..ctor-level_2.smt2
[DEBUG] Predicted solver: cvc5 for benchmark UFLIA/boogie/PureAxioms_UnsoundSpec..ctor-level_2.smt2
[DEBUG] Benchmark UFLIA/boogie/PureAxioms_UnsoundSpec..ctor-level_2.smt2: solved=True, runtime=0.39s, PAR-2=0.39s
[DEBUG] Processing 2078/2279: UFLIA/sledgehammer/Fundamental_Theorem_Algebra/smtlib.1355912.smt2
[DEBUG] Predicted solver: cvc5 for benchmark UFLIA/sledgehammer/Fundamental_Theorem_Algebra/smtlib.1355912.smt2
[DEBUG] Benchmark UFLIA/sledgehammer/Fundamental_Theorem_Algebra/smtlib.1355912.smt2: solved=True, runtime=0.35s, PAR-2=0.35s
[DEBUG] Processing 2079/2279: UFLIA/boogie/Chunker6_Chunker..ctor_System.String_notnull_System.Int32.smt2
[DEBUG] Predicted solver: cvc5 for benchmark UFLIA/boogie/Chunker6_Chunker..ctor_System.String_notnull_System.Int32.smt2
[DEBUG] Benchmark UFLIA/boogie/Chunker6_Chunker..ctor_System.String_notnull_System.Int32.smt2: solved=False, runtime=1200.00s, PAR-2=2400.00s
[DEBUG] Processing 2080/2279: UFLIA/simplify/javafe.filespace.ClassPath.456.smt2
[DEBUG] Predicted solver: cvc5 for benchmark UFLIA/simplify/javafe.filespace.ClassPath.456.smt2
[DEBUG] Benchmark UFLIA/simplify/javafe.filespace.ClassPath.456.smt2: solved=True, runtime=0.29s, PAR-2=0.29s
[DEBUG] Processing 2081/2279: UFLIA/sledgehammer/StrongNorm/smtlib.868488.smt2
[DEBUG] Predicted solver: iProver for benchmark UFLIA/sledgehammer/StrongNorm/smtlib.868488.smt2
[DEBUG] Benchmark UFLIA/sledgehammer/StrongNorm/smtlib.868488.smt2: solved=False, runtime=1200.00s, PAR-2=2400.00s
[DEBUG] Processing 2082/2279: UFLIA/sledgehammer/NS_Shared/smtlib.716391.smt2
[DEBUG] Predicted solver: cvc5 for benchmark UFLIA/sledgehammer/NS_Shared/smtlib.716391.smt2
[DEBUG] Benchmark UFLIA/sledgehammer/NS_Shared/smtlib.716391.smt2: solved=False, runtime=1200.00s, PAR-2=2400.00s
[DEBUG] Processing 2083/2279: UFLIA/sledgehammer/StrongNorm/smtlib.594005.smt2
[DEBUG] Predicted solver: cvc5 for benchmark UFLIA/sledgehammer/StrongNorm/smtlib.594005.smt2
[DEBUG] Benchmark UFLIA/sledgehammer/StrongNorm/smtlib.594005.smt2: solved=True, runtime=0.38s, PAR-2=0.38s
[DEBUG] Processing 2084/2279: UFLIA/simplify2/front_end_suite/javafe.ast.InterfaceDecl.004.smt2
[DEBUG] Predicted solver: cvc5 for benchmark UFLIA/simplify2/front_end_suite/javafe.ast.InterfaceDecl.004.smt2
[DEBUG] Benchmark UFLIA/simplify2/front_end_suite/javafe.ast.InterfaceDecl.004.smt2: solved=True, runtime=0.85s, PAR-2=0.85s
[DEBUG] Processing 2085/2279: UFLIA/sledgehammer/NS_Shared/smtlib.800143.smt2
[DEBUG] Predicted solver: cvc5 for benchmark UFLIA/sledgehammer/NS_Shared/smtlib.800143.smt2
[DEBUG] Benchmark UFLIA/sledgehammer/NS_Shared/smtlib.800143.smt2: solved=False, runtime=1200.00s, PAR-2=2400.00s
[DEBUG] Processing 2086/2279: UFLIA/boogie/AdditiveMethods_OwnedResults.Static0.smt2
[DEBUG] Predicted solver: cvc5 for benchmark UFLIA/boogie/AdditiveMethods_OwnedResults.Static0.smt2
[DEBUG] Benchmark UFLIA/boogie/AdditiveMethods_OwnedResults.Static0.smt2: solved=True, runtime=0.33s, PAR-2=0.33s
[DEBUG] Processing 2087/2279: UFLIA/sledgehammer/TwoSquares/smtlib.862868.smt2
[DEBUG] Predicted solver: cvc5 for benchmark UFLIA/sledgehammer/TwoSquares/smtlib.862868.smt2
[DEBUG] Benchmark UFLIA/sledgehammer/TwoSquares/smtlib.862868.smt2: solved=True, runtime=1.47s, PAR-2=1.47s
[DEBUG] Processing 2088/2279: UFLIA/sledgehammer/QEpres/smtlib.589928.smt2
[DEBUG] Predicted solver: cvc5 for benchmark UFLIA/sledgehammer/QEpres/smtlib.589928.smt2
[DEBUG] Benchmark UFLIA/sledgehammer/QEpres/smtlib.589928.smt2: solved=False, runtime=1200.00s, PAR-2=2400.00s
[DEBUG] Processing 2089/2279: UFLIA/simplify/javafe.ast.ConstructorDecl.101.smt2
[DEBUG] Predicted solver: cvc5 for benchmark UFLIA/simplify/javafe.ast.ConstructorDecl.101.smt2
[DEBUG] Benchmark UFLIA/simplify/javafe.ast.ConstructorDecl.101.smt2: solved=True, runtime=2.47s, PAR-2=2.47s
[DEBUG] Processing 2090/2279: UFLIA/simplify2/small_suite/addhi.smt2
[DEBUG] Predicted solver: cvc5 for benchmark UFLIA/simplify2/small_suite/addhi.smt2
[DEBUG] Benchmark UFLIA/simplify2/small_suite/addhi.smt2: solved=True, runtime=31.71s, PAR-2=31.71s
[DEBUG] Processing 2091/2279: UFLIA/boogie/PureAxioms_B.Dummy2-level_2.smt2
[DEBUG] Predicted solver: cvc5 for benchmark UFLIA/boogie/PureAxioms_B.Dummy2-level_2.smt2
[DEBUG] Benchmark UFLIA/boogie/PureAxioms_B.Dummy2-level_2.smt2: solved=False, runtime=1200.00s, PAR-2=2400.00s
[DEBUG] Processing 2092/2279: UFLIA/simplify/javafe.ast.ImportDeclVec.187.smt2
[DEBUG] Predicted solver: cvc5 for benchmark UFLIA/simplify/javafe.ast.ImportDeclVec.187.smt2
[DEBUG] Benchmark UFLIA/simplify/javafe.ast.ImportDeclVec.187.smt2: solved=True, runtime=0.76s, PAR-2=0.76s
[DEBUG] Processing 2093/2279: UFLIA/sledgehammer/StrongNorm/smtlib.579085.smt2
[DEBUG] Predicted solver: iProver for benchmark UFLIA/sledgehammer/StrongNorm/smtlib.579085.smt2
[DEBUG] Benchmark UFLIA/sledgehammer/StrongNorm/smtlib.579085.smt2: solved=False, runtime=1200.00s, PAR-2=2400.00s
[DEBUG] Processing 2094/2279: UFLIA/sledgehammer/QEpres/smtlib.663873.smt2
[DEBUG] Predicted solver: cvc5 for benchmark UFLIA/sledgehammer/QEpres/smtlib.663873.smt2
[DEBUG] Benchmark UFLIA/sledgehammer/QEpres/smtlib.663873.smt2: solved=False, runtime=1200.00s, PAR-2=2400.00s
[DEBUG] Processing 2095/2279: UFLIA/sledgehammer/Fundamental_Theorem_Algebra/smtlib.594068.smt2
[DEBUG] Predicted solver: iProver for benchmark UFLIA/sledgehammer/Fundamental_Theorem_Algebra/smtlib.594068.smt2
[DEBUG] Benchmark UFLIA/sledgehammer/Fundamental_Theorem_Algebra/smtlib.594068.smt2: solved=False, runtime=1200.00s, PAR-2=2400.00s
[DEBUG] Processing 2096/2279: UFLIA/sledgehammer/QEpres/smtlib.1011000.smt2
[DEBUG] Predicted solver: cvc5 for benchmark UFLIA/sledgehammer/QEpres/smtlib.1011000.smt2
[DEBUG] Benchmark UFLIA/sledgehammer/QEpres/smtlib.1011000.smt2: solved=False, runtime=1200.00s, PAR-2=2400.00s
[DEBUG] Processing 2097/2279: UFLIA/simplify2/front_end_suite/javafe.ast.ReturnStmt.007.smt2
[DEBUG] Predicted solver: cvc5 for benchmark UFLIA/simplify2/front_end_suite/javafe.ast.ReturnStmt.007.smt2
[DEBUG] Benchmark UFLIA/simplify2/front_end_suite/javafe.ast.ReturnStmt.007.smt2: solved=True, runtime=14.75s, PAR-2=14.75s
[DEBUG] Processing 2098/2279: UFLIA/sledgehammer/FFT/smtlib.890620.smt2
[DEBUG] Predicted solver: cvc5 for benchmark UFLIA/sledgehammer/FFT/smtlib.890620.smt2
[DEBUG] Benchmark UFLIA/sledgehammer/FFT/smtlib.890620.smt2: solved=True, runtime=0.34s, PAR-2=0.34s
[DEBUG] Processing 2099/2279: UFLIA/sledgehammer/Fundamental_Theorem_Algebra/smtlib.1181582.smt2
[DEBUG] Predicted solver: cvc5 for benchmark UFLIA/sledgehammer/Fundamental_Theorem_Algebra/smtlib.1181582.smt2
[DEBUG] Benchmark UFLIA/sledgehammer/Fundamental_Theorem_Algebra/smtlib.1181582.smt2: solved=False, runtime=1200.00s, PAR-2=2400.00s
[DEBUG] Processing 2100/2279: UFLIA/sledgehammer/QEpres/smtlib.1092975.smt2
[DEBUG] Predicted solver: cvc5 for benchmark UFLIA/sledgehammer/QEpres/smtlib.1092975.smt2
[DEBUG] Benchmark UFLIA/sledgehammer/QEpres/smtlib.1092975.smt2: solved=False, runtime=1200.00s, PAR-2=2400.00s
[DEBUG] Processing 2101/2279: UFLIA/sledgehammer/TypeSafe/smtlib.799915.smt2
[DEBUG] Predicted solver: cvc5 for benchmark UFLIA/sledgehammer/TypeSafe/smtlib.799915.smt2
[DEBUG] Benchmark UFLIA/sledgehammer/TypeSafe/smtlib.799915.smt2: solved=False, runtime=1200.00s, PAR-2=2400.00s
[DEBUG] Processing 2102/2279: UFLIA/tokeneer/door/unlockdoor-5.smt2
[DEBUG] Predicted solver: SMTInterpol for benchmark UFLIA/tokeneer/door/unlockdoor-5.smt2
[DEBUG] Benchmark UFLIA/tokeneer/door/unlockdoor-5.smt2: solved=False, runtime=1200.00s, PAR-2=2400.00s
[DEBUG] Processing 2103/2279: UFLIA/sledgehammer/Fundamental_Theorem_Algebra/smtlib.1380134.smt2
[DEBUG] Predicted solver: cvc5 for benchmark UFLIA/sledgehammer/Fundamental_Theorem_Algebra/smtlib.1380134.smt2
[DEBUG] Benchmark UFLIA/sledgehammer/Fundamental_Theorem_Algebra/smtlib.1380134.smt2: solved=False, runtime=1200.00s, PAR-2=2400.00s
[DEBUG] Processing 2104/2279: UFLIA/tokeneer/door/poll-9.smt2
[DEBUG] Predicted solver: SMTInterpol for benchmark UFLIA/tokeneer/door/poll-9.smt2
[DEBUG] Benchmark UFLIA/tokeneer/door/poll-9.smt2: solved=True, runtime=1.53s, PAR-2=1.53s
[DEBUG] Processing 2105/2279: UFLIA/simplify/javafe.tc.FieldDeclVec.677.smt2
[DEBUG] Predicted solver: cvc5 for benchmark UFLIA/simplify/javafe.tc.FieldDeclVec.677.smt2
[DEBUG] Benchmark UFLIA/simplify/javafe.tc.FieldDeclVec.677.smt2: solved=True, runtime=0.65s, PAR-2=0.65s
[DEBUG] Processing 2106/2279: UFLIA/sledgehammer/TwoSquares/smtlib.659960.smt2
[DEBUG] Predicted solver: cvc5 for benchmark UFLIA/sledgehammer/TwoSquares/smtlib.659960.smt2
[DEBUG] Benchmark UFLIA/sledgehammer/TwoSquares/smtlib.659960.smt2: solved=True, runtime=0.27s, PAR-2=0.27s
[DEBUG] Processing 2107/2279: UFLIA/sledgehammer/Fundamental_Theorem_Algebra/smtlib.1495784.smt2
[DEBUG] Predicted solver: cvc5 for benchmark UFLIA/sledgehammer/Fundamental_Theorem_Algebra/smtlib.1495784.smt2
[DEBUG] Benchmark UFLIA/sledgehammer/Fundamental_Theorem_Algebra/smtlib.1495784.smt2: solved=True, runtime=0.73s, PAR-2=0.73s
[DEBUG] Processing 2108/2279: UFLIA/sledgehammer/Fundamental_Theorem_Algebra/smtlib.753561.smt2
[DEBUG] Predicted solver: iProver for benchmark UFLIA/sledgehammer/Fundamental_Theorem_Algebra/smtlib.753561.smt2
[DEBUG] Benchmark UFLIA/sledgehammer/Fundamental_Theorem_Algebra/smtlib.753561.smt2: solved=False, runtime=1200.00s, PAR-2=2400.00s
[DEBUG] Processing 2109/2279: UFLIA/sledgehammer/TwoSquares/smtlib.866494.smt2
[DEBUG] Predicted solver: cvc5 for benchmark UFLIA/sledgehammer/TwoSquares/smtlib.866494.smt2
[DEBUG] Benchmark UFLIA/sledgehammer/TwoSquares/smtlib.866494.smt2: solved=True, runtime=98.28s, PAR-2=98.28s
[DEBUG] Processing 2110/2279: UFLIA/simplify2/front_end_suite/javafe.ast.IdentifierVec.021.smt2
[DEBUG] Predicted solver: cvc5 for benchmark UFLIA/simplify2/front_end_suite/javafe.ast.IdentifierVec.021.smt2
[DEBUG] Benchmark UFLIA/simplify2/front_end_suite/javafe.ast.IdentifierVec.021.smt2: solved=True, runtime=0.30s, PAR-2=0.30s
[DEBUG] Processing 2111/2279: UFLIA/boogie/PeerConsistentLoop_C.M_Coll_System.Int32.smt2
[DEBUG] Predicted solver: cvc5 for benchmark UFLIA/boogie/PeerConsistentLoop_C.M_Coll_System.Int32.smt2
[DEBUG] Benchmark UFLIA/boogie/PeerConsistentLoop_C.M_Coll_System.Int32.smt2: solved=True, runtime=0.37s, PAR-2=0.37s
[DEBUG] Processing 2112/2279: UFLIA/simplify2/front_end_suite/javafe.parser.TokenQueue.007.smt2
[DEBUG] Predicted solver: cvc5 for benchmark UFLIA/simplify2/front_end_suite/javafe.parser.TokenQueue.007.smt2
[DEBUG] Benchmark UFLIA/simplify2/front_end_suite/javafe.parser.TokenQueue.007.smt2: solved=True, runtime=0.32s, PAR-2=0.32s
[DEBUG] Processing 2113/2279: UFLIA/sledgehammer/Hoare/smtlib.561831.smt2
[DEBUG] Predicted solver: cvc5 for benchmark UFLIA/sledgehammer/Hoare/smtlib.561831.smt2
[DEBUG] Benchmark UFLIA/sledgehammer/Hoare/smtlib.561831.smt2: solved=False, runtime=1200.00s, PAR-2=2400.00s
[DEBUG] Processing 2114/2279: UFLIA/simplify2/front_end_suite/javafe.ast.SwitchStmt.003.smt2
[DEBUG] Predicted solver: cvc5 for benchmark UFLIA/simplify2/front_end_suite/javafe.ast.SwitchStmt.003.smt2
[DEBUG] Benchmark UFLIA/simplify2/front_end_suite/javafe.ast.SwitchStmt.003.smt2: solved=True, runtime=0.57s, PAR-2=0.57s
[DEBUG] Processing 2115/2279: UFLIA/boogie/StrictReadOnly_C2.Y1.smt2
[DEBUG] Predicted solver: cvc5 for benchmark UFLIA/boogie/StrictReadOnly_C2.Y1.smt2
[DEBUG] Benchmark UFLIA/boogie/StrictReadOnly_C2.Y1.smt2: solved=False, runtime=1200.00s, PAR-2=2400.00s
[DEBUG] Processing 2116/2279: UFLIA/sledgehammer/Fundamental_Theorem_Algebra/smtlib.981914.smt2
[DEBUG] Predicted solver: cvc5 for benchmark UFLIA/sledgehammer/Fundamental_Theorem_Algebra/smtlib.981914.smt2
[DEBUG] Benchmark UFLIA/sledgehammer/Fundamental_Theorem_Algebra/smtlib.981914.smt2: solved=True, runtime=0.33s, PAR-2=0.33s
[DEBUG] Processing 2117/2279: UFLIA/boogie/WhileBad_Test..ctor.smt2
[DEBUG] Predicted solver: cvc5 for benchmark UFLIA/boogie/WhileBad_Test..ctor.smt2
[DEBUG] Benchmark UFLIA/boogie/WhileBad_Test..ctor.smt2: solved=True, runtime=0.31s, PAR-2=0.31s
[DEBUG] Processing 2118/2279: UFLIA/simplify2/front_end_suite/javafe.ast.NewArrayExpr.001.smt2
[DEBUG] Predicted solver: cvc5 for benchmark UFLIA/simplify2/front_end_suite/javafe.ast.NewArrayExpr.001.smt2
[DEBUG] Benchmark UFLIA/simplify2/front_end_suite/javafe.ast.NewArrayExpr.001.smt2: solved=True, runtime=0.53s, PAR-2=0.53s
[DEBUG] Processing 2119/2279: UFLIA/simplify2/front_end_suite/javafe.util.StackVector.013.smt2
[DEBUG] Predicted solver: cvc5 for benchmark UFLIA/simplify2/front_end_suite/javafe.util.StackVector.013.smt2
[DEBUG] Benchmark UFLIA/simplify2/front_end_suite/javafe.util.StackVector.013.smt2: solved=True, runtime=0.69s, PAR-2=0.69s
[DEBUG] Processing 2120/2279: UFLIA/sledgehammer/Fundamental_Theorem_Algebra/smtlib.783350.smt2
[DEBUG] Predicted solver: cvc5 for benchmark UFLIA/sledgehammer/Fundamental_Theorem_Algebra/smtlib.783350.smt2
[DEBUG] Benchmark UFLIA/sledgehammer/Fundamental_Theorem_Algebra/smtlib.783350.smt2: solved=False, runtime=1200.00s, PAR-2=2400.00s
[DEBUG] Processing 2121/2279: UFLIA/boogie/MustOverride_Ex4.B..ctor.smt2
[DEBUG] Predicted solver: cvc5 for benchmark UFLIA/boogie/MustOverride_Ex4.B..ctor.smt2
[DEBUG] Benchmark UFLIA/boogie/MustOverride_Ex4.B..ctor.smt2: solved=True, runtime=0.35s, PAR-2=0.35s
[DEBUG] Processing 2122/2279: UFLIA/sledgehammer/StrongNorm/smtlib.758137.smt2
[DEBUG] Predicted solver: iProver for benchmark UFLIA/sledgehammer/StrongNorm/smtlib.758137.smt2
[DEBUG] Benchmark UFLIA/sledgehammer/StrongNorm/smtlib.758137.smt2: solved=False, runtime=1200.00s, PAR-2=2400.00s
[DEBUG] Processing 2123/2279: UFLIA/sledgehammer/FFT/smtlib.581722.smt2
[DEBUG] Predicted solver: iProver for benchmark UFLIA/sledgehammer/FFT/smtlib.581722.smt2
[DEBUG] Benchmark UFLIA/sledgehammer/FFT/smtlib.581722.smt2: solved=False, runtime=1200.00s, PAR-2=2400.00s
[DEBUG] Processing 2124/2279: UFLIA/sledgehammer/Fundamental_Theorem_Algebra/smtlib.1050423.smt2
[DEBUG] Predicted solver: iProver for benchmark UFLIA/sledgehammer/Fundamental_Theorem_Algebra/smtlib.1050423.smt2
[DEBUG] Benchmark UFLIA/sledgehammer/Fundamental_Theorem_Algebra/smtlib.1050423.smt2: solved=False, runtime=1200.00s, PAR-2=2400.00s
[DEBUG] Processing 2125/2279: UFLIA/boogie/AdvancedTypes_X..ctor-orderStrength_1.smt2
[DEBUG] Predicted solver: cvc5 for benchmark UFLIA/boogie/AdvancedTypes_X..ctor-orderStrength_1.smt2
[DEBUG] Benchmark UFLIA/boogie/AdvancedTypes_X..ctor-orderStrength_1.smt2: solved=True, runtime=0.52s, PAR-2=0.52s
[DEBUG] Processing 2126/2279: UFLIA/sledgehammer/StrongNorm/smtlib.893929.smt2
[DEBUG] Predicted solver: SMTInterpol for benchmark UFLIA/sledgehammer/StrongNorm/smtlib.893929.smt2
[DEBUG] Benchmark UFLIA/sledgehammer/StrongNorm/smtlib.893929.smt2: solved=True, runtime=0.60s, PAR-2=0.60s
[DEBUG] Processing 2127/2279: UFLIA/boogie/AssignToNonInvariantField_T.Mc1.smt2
[DEBUG] Predicted solver: cvc5 for benchmark UFLIA/boogie/AssignToNonInvariantField_T.Mc1.smt2
[DEBUG] Benchmark UFLIA/boogie/AssignToNonInvariantField_T.Mc1.smt2: solved=False, runtime=1200.00s, PAR-2=2400.00s
[DEBUG] Processing 2128/2279: UFLIA/sledgehammer/Fundamental_Theorem_Algebra/smtlib.1074091.smt2
[DEBUG] Predicted solver: cvc5 for benchmark UFLIA/sledgehammer/Fundamental_Theorem_Algebra/smtlib.1074091.smt2
[DEBUG] Benchmark UFLIA/sledgehammer/Fundamental_Theorem_Algebra/smtlib.1074091.smt2: solved=False, runtime=1200.00s, PAR-2=2400.00s
[DEBUG] Processing 2129/2279: UFLIA/simplify/javafe.filespace.HashTree.466.smt2
[DEBUG] Predicted solver: cvc5 for benchmark UFLIA/simplify/javafe.filespace.HashTree.466.smt2
[DEBUG] Benchmark UFLIA/simplify/javafe.filespace.HashTree.466.smt2: solved=True, runtime=0.31s, PAR-2=0.31s
[DEBUG] Processing 2130/2279: UFLIA/sledgehammer/TwoSquares/smtlib.610951.smt2
[DEBUG] Predicted solver: cvc5 for benchmark UFLIA/sledgehammer/TwoSquares/smtlib.610951.smt2
[DEBUG] Benchmark UFLIA/sledgehammer/TwoSquares/smtlib.610951.smt2: solved=False, runtime=1200.00s, PAR-2=2400.00s
[DEBUG] Processing 2131/2279: UFLIA/sledgehammer/Fundamental_Theorem_Algebra/smtlib.1524829.smt2
[DEBUG] Predicted solver: cvc5 for benchmark UFLIA/sledgehammer/Fundamental_Theorem_Algebra/smtlib.1524829.smt2
[DEBUG] Benchmark UFLIA/sledgehammer/Fundamental_Theorem_Algebra/smtlib.1524829.smt2: solved=True, runtime=0.26s, PAR-2=0.26s
[DEBUG] Processing 2132/2279: UFLIA/sledgehammer/NS_Shared/smtlib.715152.smt2
[DEBUG] Predicted solver: cvc5 for benchmark UFLIA/sledgehammer/NS_Shared/smtlib.715152.smt2
[DEBUG] Benchmark UFLIA/sledgehammer/NS_Shared/smtlib.715152.smt2: solved=False, runtime=1200.00s, PAR-2=2400.00s
[DEBUG] Processing 2133/2279: UFLIA/simplify/javafe.parser.Lex.547.smt2
[DEBUG] Predicted solver: cvc5 for benchmark UFLIA/simplify/javafe.parser.Lex.547.smt2
[DEBUG] Benchmark UFLIA/simplify/javafe.parser.Lex.547.smt2: solved=True, runtime=0.67s, PAR-2=0.67s
[DEBUG] Processing 2134/2279: UFLIA/simplify2/front_end_suite/javafe.parser.ParseStmt.001.smt2
[DEBUG] Predicted solver: cvc5 for benchmark UFLIA/simplify2/front_end_suite/javafe.parser.ParseStmt.001.smt2
[DEBUG] Benchmark UFLIA/simplify2/front_end_suite/javafe.parser.ParseStmt.001.smt2: solved=True, runtime=271.72s, PAR-2=271.72s
[DEBUG] Processing 2135/2279: UFLIA/sledgehammer/QEpres/smtlib.982041.smt2
[DEBUG] Predicted solver: iProver for benchmark UFLIA/sledgehammer/QEpres/smtlib.982041.smt2
[DEBUG] Benchmark UFLIA/sledgehammer/QEpres/smtlib.982041.smt2: solved=True, runtime=68.53s, PAR-2=68.53s
[DEBUG] Processing 2136/2279: UFLIA/simplify/javafe.reader.MethodSignature.608.smt2
[DEBUG] Predicted solver: cvc5 for benchmark UFLIA/simplify/javafe.reader.MethodSignature.608.smt2
[DEBUG] Benchmark UFLIA/simplify/javafe.reader.MethodSignature.608.smt2: solved=True, runtime=8.16s, PAR-2=8.16s
[DEBUG] Processing 2137/2279: UFLIA/simplify/javafe.filespace.PkgTree.481.smt2
[DEBUG] Predicted solver: cvc5 for benchmark UFLIA/simplify/javafe.filespace.PkgTree.481.smt2
[DEBUG] Benchmark UFLIA/simplify/javafe.filespace.PkgTree.481.smt2: solved=True, runtime=0.39s, PAR-2=0.39s
[DEBUG] Processing 2138/2279: UFLIA/sledgehammer/Arrow_Order/smtlib.821884.smt2
[DEBUG] Predicted solver: cvc5 for benchmark UFLIA/sledgehammer/Arrow_Order/smtlib.821884.smt2
[DEBUG] Benchmark UFLIA/sledgehammer/Arrow_Order/smtlib.821884.smt2: solved=False, runtime=1200.00s, PAR-2=2400.00s
[DEBUG] Processing 2139/2279: UFLIA/boogie/Chunker11c_Chunker.NextChunk.smt2
[DEBUG] Predicted solver: cvc5 for benchmark UFLIA/boogie/Chunker11c_Chunker.NextChunk.smt2
[DEBUG] Benchmark UFLIA/boogie/Chunker11c_Chunker.NextChunk.smt2: solved=False, runtime=1200.00s, PAR-2=2400.00s
[DEBUG] Processing 2140/2279: UFLIA/simplify2/front_end_suite/javafe.util.BufferedCorrelatedReader.001.smt2
[DEBUG] Predicted solver: cvc5 for benchmark UFLIA/simplify2/front_end_suite/javafe.util.BufferedCorrelatedReader.001.smt2
[DEBUG] Benchmark UFLIA/simplify2/front_end_suite/javafe.util.BufferedCorrelatedReader.001.smt2: solved=True, runtime=0.71s, PAR-2=0.71s
[DEBUG] Processing 2141/2279: UFLIA/boogie/ParamOut_Test.foo_MyInterface_2...System.String___System.String_notnull.smt2
[DEBUG] Predicted solver: cvc5 for benchmark UFLIA/boogie/ParamOut_Test.foo_MyInterface_2...System.String___System.String_notnull.smt2
[DEBUG] Benchmark UFLIA/boogie/ParamOut_Test.foo_MyInterface_2...System.String___System.String_notnull.smt2: solved=True, runtime=0.39s, PAR-2=0.39s
[DEBUG] Processing 2142/2279: UFLIA/simplify2/front_end_suite/javafe.tc.PrepTypeDeclaration.010.smt2
[DEBUG] Predicted solver: cvc5 for benchmark UFLIA/simplify2/front_end_suite/javafe.tc.PrepTypeDeclaration.010.smt2
[DEBUG] Benchmark UFLIA/simplify2/front_end_suite/javafe.tc.PrepTypeDeclaration.010.smt2: solved=True, runtime=142.47s, PAR-2=142.47s
[DEBUG] Processing 2143/2279: UFLIA/sledgehammer/QEpres/smtlib.636880.smt2
[DEBUG] Predicted solver: iProver for benchmark UFLIA/sledgehammer/QEpres/smtlib.636880.smt2
[DEBUG] Benchmark UFLIA/sledgehammer/QEpres/smtlib.636880.smt2: solved=True, runtime=4.45s, PAR-2=4.45s
[DEBUG] Processing 2144/2279: UFLIA/sledgehammer/Fundamental_Theorem_Algebra/smtlib.956852.smt2
[DEBUG] Predicted solver: SMTInterpol for benchmark UFLIA/sledgehammer/Fundamental_Theorem_Algebra/smtlib.956852.smt2
[DEBUG] Benchmark UFLIA/sledgehammer/Fundamental_Theorem_Algebra/smtlib.956852.smt2: solved=True, runtime=0.85s, PAR-2=0.85s
[DEBUG] Processing 2145/2279: UFLIA/simplify2/front_end_suite/javafe.parser.ParseStmt.007.smt2
[DEBUG] Predicted solver: cvc5 for benchmark UFLIA/simplify2/front_end_suite/javafe.parser.ParseStmt.007.smt2
[DEBUG] Benchmark UFLIA/simplify2/front_end_suite/javafe.parser.ParseStmt.007.smt2: solved=True, runtime=145.02s, PAR-2=145.02s
[DEBUG] Processing 2146/2279: UFLIA/sledgehammer/TypeSafe/smtlib.1052930.smt2
[DEBUG] Predicted solver: iProver for benchmark UFLIA/sledgehammer/TypeSafe/smtlib.1052930.smt2
[DEBUG] Benchmark UFLIA/sledgehammer/TypeSafe/smtlib.1052930.smt2: solved=False, runtime=1200.00s, PAR-2=2400.00s
[DEBUG] Processing 2147/2279: UFLIA/simplify2/front_end_suite/javafe.PrintSpec.005.smt2
[DEBUG] Predicted solver: cvc5 for benchmark UFLIA/simplify2/front_end_suite/javafe.PrintSpec.005.smt2
[DEBUG] Benchmark UFLIA/simplify2/front_end_suite/javafe.PrintSpec.005.smt2: solved=True, runtime=4.86s, PAR-2=4.86s
[DEBUG] Processing 2148/2279: UFLIA/sledgehammer/Fundamental_Theorem_Algebra/smtlib.588934.smt2
[DEBUG] Predicted solver: cvc5 for benchmark UFLIA/sledgehammer/Fundamental_Theorem_Algebra/smtlib.588934.smt2
[DEBUG] Benchmark UFLIA/sledgehammer/Fundamental_Theorem_Algebra/smtlib.588934.smt2: solved=False, runtime=1200.00s, PAR-2=2400.00s
[DEBUG] Processing 2149/2279: UFLIA/boogie/SimpleWhile4_SimpleWhile4..ctor-infer_i.smt2
[DEBUG] Predicted solver: cvc5 for benchmark UFLIA/boogie/SimpleWhile4_SimpleWhile4..ctor-infer_i.smt2
[DEBUG] Benchmark UFLIA/boogie/SimpleWhile4_SimpleWhile4..ctor-infer_i.smt2: solved=True, runtime=0.34s, PAR-2=0.34s
[DEBUG] Processing 2150/2279: UFLIA/grasshopper/uninstantiated/union_postcondition_of_union_36_8.smt2
[DEBUG] Predicted solver: cvc5 for benchmark UFLIA/grasshopper/uninstantiated/union_postcondition_of_union_36_8.smt2
[DEBUG] Benchmark UFLIA/grasshopper/uninstantiated/union_postcondition_of_union_36_8.smt2: solved=True, runtime=30.42s, PAR-2=30.42s
[DEBUG] Processing 2151/2279: UFLIA/sledgehammer/QEpres/smtlib.1195436.smt2
[DEBUG] Predicted solver: cvc5 for benchmark UFLIA/sledgehammer/QEpres/smtlib.1195436.smt2
[DEBUG] Benchmark UFLIA/sledgehammer/QEpres/smtlib.1195436.smt2: solved=True, runtime=0.27s, PAR-2=0.27s
[DEBUG] Processing 2152/2279: UFLIA/simplify2/front_end_suite/javafe.ast.CatchClauseVec.016.smt2
[DEBUG] Predicted solver: cvc5 for benchmark UFLIA/simplify2/front_end_suite/javafe.ast.CatchClauseVec.016.smt2
[DEBUG] Benchmark UFLIA/simplify2/front_end_suite/javafe.ast.CatchClauseVec.016.smt2: solved=True, runtime=0.44s, PAR-2=0.44s
[DEBUG] Processing 2153/2279: UFLIA/sledgehammer/FFT/smtlib.998552.smt2
[DEBUG] Predicted solver: cvc5 for benchmark UFLIA/sledgehammer/FFT/smtlib.998552.smt2
[DEBUG] Benchmark UFLIA/sledgehammer/FFT/smtlib.998552.smt2: solved=False, runtime=1200.00s, PAR-2=2400.00s
[DEBUG] Processing 2154/2279: UFLIA/sledgehammer/StrongNorm/smtlib.818510.smt2
[DEBUG] Predicted solver: iProver for benchmark UFLIA/sledgehammer/StrongNorm/smtlib.818510.smt2
[DEBUG] Benchmark UFLIA/sledgehammer/StrongNorm/smtlib.818510.smt2: solved=False, runtime=1200.00s, PAR-2=2400.00s
[DEBUG] Processing 2155/2279: UFLIA/simplify2/front_end_suite/javafe.parser.Lex.001.smt2
[DEBUG] Predicted solver: cvc5 for benchmark UFLIA/simplify2/front_end_suite/javafe.parser.Lex.001.smt2
[DEBUG] Benchmark UFLIA/simplify2/front_end_suite/javafe.parser.Lex.001.smt2: solved=True, runtime=0.42s, PAR-2=0.42s
[DEBUG] Processing 2156/2279: UFLIA/sledgehammer/Fundamental_Theorem_Algebra/smtlib.1227907.smt2
[DEBUG] Predicted solver: cvc5 for benchmark UFLIA/sledgehammer/Fundamental_Theorem_Algebra/smtlib.1227907.smt2
[DEBUG] Benchmark UFLIA/sledgehammer/Fundamental_Theorem_Algebra/smtlib.1227907.smt2: solved=True, runtime=0.36s, PAR-2=0.36s
[DEBUG] Processing 2157/2279: UFLIA/sledgehammer/Fundamental_Theorem_Algebra/smtlib.718896.smt2
[DEBUG] Predicted solver: cvc5 for benchmark UFLIA/sledgehammer/Fundamental_Theorem_Algebra/smtlib.718896.smt2
[DEBUG] Benchmark UFLIA/sledgehammer/Fundamental_Theorem_Algebra/smtlib.718896.smt2: solved=True, runtime=0.34s, PAR-2=0.34s
[DEBUG] Processing 2158/2279: UFLIA/boogie/CommittedOblivious_CO.P.smt2
[DEBUG] Predicted solver: cvc5 for benchmark UFLIA/boogie/CommittedOblivious_CO.P.smt2
[DEBUG] Benchmark UFLIA/boogie/CommittedOblivious_CO.P.smt2: solved=False, runtime=1200.00s, PAR-2=2400.00s
[DEBUG] Processing 2159/2279: UFLIA/sledgehammer/TwoSquares/smtlib.711545.smt2
[DEBUG] Predicted solver: iProver for benchmark UFLIA/sledgehammer/TwoSquares/smtlib.711545.smt2
[DEBUG] Benchmark UFLIA/sledgehammer/TwoSquares/smtlib.711545.smt2: solved=True, runtime=139.09s, PAR-2=139.09s
[DEBUG] Processing 2160/2279: UFLIA/boogie/DynamicTypes_MyTestSpace.A.M_System.Object_notnull.smt2
[DEBUG] Predicted solver: cvc5 for benchmark UFLIA/boogie/DynamicTypes_MyTestSpace.A.M_System.Object_notnull.smt2
[DEBUG] Benchmark UFLIA/boogie/DynamicTypes_MyTestSpace.A.M_System.Object_notnull.smt2: solved=True, runtime=0.31s, PAR-2=0.31s
[DEBUG] Processing 2161/2279: UFLIA/sledgehammer/NS_Shared/smtlib.844399.smt2
[DEBUG] Predicted solver: cvc5 for benchmark UFLIA/sledgehammer/NS_Shared/smtlib.844399.smt2
[DEBUG] Benchmark UFLIA/sledgehammer/NS_Shared/smtlib.844399.smt2: solved=True, runtime=0.44s, PAR-2=0.44s
[DEBUG] Processing 2162/2279: UFLIA/simplify/javafe.ast.MethodDecl.237.smt2
[DEBUG] Predicted solver: cvc5 for benchmark UFLIA/simplify/javafe.ast.MethodDecl.237.smt2
[DEBUG] Benchmark UFLIA/simplify/javafe.ast.MethodDecl.237.smt2: solved=True, runtime=0.78s, PAR-2=0.78s
[DEBUG] Processing 2163/2279: UFLIA/sledgehammer/StrongNorm/smtlib.837061.smt2
[DEBUG] Predicted solver: iProver for benchmark UFLIA/sledgehammer/StrongNorm/smtlib.837061.smt2
[DEBUG] Benchmark UFLIA/sledgehammer/StrongNorm/smtlib.837061.smt2: solved=False, runtime=1200.00s, PAR-2=2400.00s
[DEBUG] Processing 2164/2279: UFLIA/sledgehammer/FFT/smtlib.589955.smt2
[DEBUG] Predicted solver: iProver for benchmark UFLIA/sledgehammer/FFT/smtlib.589955.smt2
[DEBUG] Benchmark UFLIA/sledgehammer/FFT/smtlib.589955.smt2: solved=False, runtime=1200.00s, PAR-2=2400.00s
[DEBUG] Processing 2165/2279: UFLIA/simplify/javafe.reader.ASTClassFileParser.587.smt2
[DEBUG] Predicted solver: cvc5 for benchmark UFLIA/simplify/javafe.reader.ASTClassFileParser.587.smt2
[DEBUG] Benchmark UFLIA/simplify/javafe.reader.ASTClassFileParser.587.smt2: solved=True, runtime=2.12s, PAR-2=2.12s
[DEBUG] Processing 2166/2279: UFLIA/sledgehammer/FFT/smtlib.642212.smt2
[DEBUG] Predicted solver: cvc5 for benchmark UFLIA/sledgehammer/FFT/smtlib.642212.smt2
[DEBUG] Benchmark UFLIA/sledgehammer/FFT/smtlib.642212.smt2: solved=False, runtime=1200.00s, PAR-2=2400.00s
[DEBUG] Processing 2167/2279: UFLIA/simplify/tohtml.Java2Html.832.smt2
[DEBUG] Predicted solver: cvc5 for benchmark UFLIA/simplify/tohtml.Java2Html.832.smt2
[DEBUG] Benchmark UFLIA/simplify/tohtml.Java2Html.832.smt2: solved=True, runtime=0.27s, PAR-2=0.27s
[DEBUG] Processing 2168/2279: UFLIA/sledgehammer/StrongNorm/smtlib.638577.smt2
[DEBUG] Predicted solver: iProver for benchmark UFLIA/sledgehammer/StrongNorm/smtlib.638577.smt2
[DEBUG] Benchmark UFLIA/sledgehammer/StrongNorm/smtlib.638577.smt2: solved=False, runtime=1200.00s, PAR-2=2400.00s
[DEBUG] Processing 2169/2279: UFLIA/simplify2/front_end_suite/javafe.tc.Env.005.smt2
[DEBUG] Predicted solver: cvc5 for benchmark UFLIA/simplify2/front_end_suite/javafe.tc.Env.005.smt2
[DEBUG] Benchmark UFLIA/simplify2/front_end_suite/javafe.tc.Env.005.smt2: solved=True, runtime=3.24s, PAR-2=3.24s
[DEBUG] Processing 2170/2279: UFLIA/sexpr/SES.Nary..ctor_System.String_notnull_System.Cl.G.List_1...opt...MS.Cn.NNT.SES.Sx_notnull.smt2
[DEBUG] Predicted solver: cvc5 for benchmark UFLIA/sexpr/SES.Nary..ctor_System.String_notnull_System.Cl.G.List_1...opt...MS.Cn.NNT.SES.Sx_notnull.smt2
[DEBUG] Benchmark UFLIA/sexpr/SES.Nary..ctor_System.String_notnull_System.Cl.G.List_1...opt...MS.Cn.NNT.SES.Sx_notnull.smt2: solved=True, runtime=32.66s, PAR-2=32.66s
[DEBUG] Processing 2171/2279: UFLIA/sledgehammer/Fundamental_Theorem_Algebra/smtlib.1331662.smt2
[DEBUG] Predicted solver: iProver for benchmark UFLIA/sledgehammer/Fundamental_Theorem_Algebra/smtlib.1331662.smt2
[DEBUG] Benchmark UFLIA/sledgehammer/Fundamental_Theorem_Algebra/smtlib.1331662.smt2: solved=False, runtime=1200.00s, PAR-2=2400.00s
[DEBUG] Processing 2172/2279: UFLIA/simplify/javafe.tc.TypeSigVec.742.smt2
[DEBUG] Predicted solver: cvc5 for benchmark UFLIA/simplify/javafe.tc.TypeSigVec.742.smt2
[DEBUG] Benchmark UFLIA/simplify/javafe.tc.TypeSigVec.742.smt2: solved=True, runtime=100.62s, PAR-2=100.62s
[DEBUG] Processing 2173/2279: UFLIA/simplify2/front_end_suite/javafe.ast.ClassLiteral.011.smt2
[DEBUG] Predicted solver: cvc5 for benchmark UFLIA/simplify2/front_end_suite/javafe.ast.ClassLiteral.011.smt2
[DEBUG] Benchmark UFLIA/simplify2/front_end_suite/javafe.ast.ClassLiteral.011.smt2: solved=True, runtime=0.64s, PAR-2=0.64s
[DEBUG] Processing 2174/2279: UFLIA/simplify/javafe.ast.IdentifierVec.180.smt2
[DEBUG] Predicted solver: cvc5 for benchmark UFLIA/simplify/javafe.ast.IdentifierVec.180.smt2
[DEBUG] Benchmark UFLIA/simplify/javafe.ast.IdentifierVec.180.smt2: solved=True, runtime=5.36s, PAR-2=5.36s
[DEBUG] Processing 2175/2279: UFLIA/sledgehammer/TwoSquares/smtlib.712433.smt2
[DEBUG] Predicted solver: cvc5 for benchmark UFLIA/sledgehammer/TwoSquares/smtlib.712433.smt2
[DEBUG] Benchmark UFLIA/sledgehammer/TwoSquares/smtlib.712433.smt2: solved=True, runtime=7.26s, PAR-2=7.26s
[DEBUG] Processing 2176/2279: UFLIA/sledgehammer/Fundamental_Theorem_Algebra/smtlib.1179314.smt2
[DEBUG] Predicted solver: iProver for benchmark UFLIA/sledgehammer/Fundamental_Theorem_Algebra/smtlib.1179314.smt2
[DEBUG] Benchmark UFLIA/sledgehammer/Fundamental_Theorem_Algebra/smtlib.1179314.smt2: solved=False, runtime=1200.00s, PAR-2=2400.00s
[DEBUG] Processing 2177/2279: UFLIA/simplify2/front_end_suite/javafe.tc.FlowInsensitiveChecks.009.smt2
[DEBUG] Predicted solver: cvc5 for benchmark UFLIA/simplify2/front_end_suite/javafe.tc.FlowInsensitiveChecks.009.smt2
[DEBUG] Benchmark UFLIA/simplify2/front_end_suite/javafe.tc.FlowInsensitiveChecks.009.smt2: solved=True, runtime=25.64s, PAR-2=25.64s
[DEBUG] Processing 2178/2279: UFLIA/sledgehammer/Fundamental_Theorem_Algebra/smtlib.1375169.smt2
[DEBUG] Predicted solver: cvc5 for benchmark UFLIA/sledgehammer/Fundamental_Theorem_Algebra/smtlib.1375169.smt2
[DEBUG] Benchmark UFLIA/sledgehammer/Fundamental_Theorem_Algebra/smtlib.1375169.smt2: solved=False, runtime=1200.00s, PAR-2=2400.00s
[DEBUG] Processing 2179/2279: UFLIA/sledgehammer/QEpres/smtlib.990093.smt2
[DEBUG] Predicted solver: iProver for benchmark UFLIA/sledgehammer/QEpres/smtlib.990093.smt2
[DEBUG] Benchmark UFLIA/sledgehammer/QEpres/smtlib.990093.smt2: solved=False, runtime=1200.00s, PAR-2=2400.00s
[DEBUG] Processing 2180/2279: UFLIA/sledgehammer/Fundamental_Theorem_Algebra/smtlib.1258315.smt2
[DEBUG] Predicted solver: iProver for benchmark UFLIA/sledgehammer/Fundamental_Theorem_Algebra/smtlib.1258315.smt2
[DEBUG] Benchmark UFLIA/sledgehammer/Fundamental_Theorem_Algebra/smtlib.1258315.smt2: solved=False, runtime=1200.00s, PAR-2=2400.00s
[DEBUG] Processing 2181/2279: UFLIA/tptp/ARI603=1.smt2
[DEBUG] Predicted solver: SMTInterpol for benchmark UFLIA/tptp/ARI603=1.smt2
[DEBUG] Benchmark UFLIA/tptp/ARI603=1.smt2: solved=True, runtime=0.42s, PAR-2=0.42s
[DEBUG] Processing 2182/2279: UFLIA/sledgehammer/QEpres/smtlib.1228959.smt2
[DEBUG] Predicted solver: cvc5 for benchmark UFLIA/sledgehammer/QEpres/smtlib.1228959.smt2
[DEBUG] Benchmark UFLIA/sledgehammer/QEpres/smtlib.1228959.smt2: solved=False, runtime=1200.00s, PAR-2=2400.00s
[DEBUG] Processing 2183/2279: UFLIA/sledgehammer/Hoare/smtlib.1128487.smt2
[DEBUG] Predicted solver: cvc5 for benchmark UFLIA/sledgehammer/Hoare/smtlib.1128487.smt2
[DEBUG] Benchmark UFLIA/sledgehammer/Hoare/smtlib.1128487.smt2: solved=False, runtime=1200.00s, PAR-2=2400.00s
[DEBUG] Processing 2184/2279: UFLIA/simplify2/small_suite/scanNumber.smt2
[DEBUG] Predicted solver: cvc5 for benchmark UFLIA/simplify2/small_suite/scanNumber.smt2
[DEBUG] Benchmark UFLIA/simplify2/small_suite/scanNumber.smt2: solved=True, runtime=2.29s, PAR-2=2.29s
[DEBUG] Processing 2185/2279: UFLIA/sledgehammer/Hoare/smtlib.713458.smt2
[DEBUG] Predicted solver: cvc5 for benchmark UFLIA/sledgehammer/Hoare/smtlib.713458.smt2
[DEBUG] Benchmark UFLIA/sledgehammer/Hoare/smtlib.713458.smt2: solved=False, runtime=1200.00s, PAR-2=2400.00s
[DEBUG] Processing 2186/2279: UFLIA/simplify2/front_end_suite/javafe.tc.TypePrint.003.smt2
[DEBUG] Predicted solver: cvc5 for benchmark UFLIA/simplify2/front_end_suite/javafe.tc.TypePrint.003.smt2
[DEBUG] Benchmark UFLIA/simplify2/front_end_suite/javafe.tc.TypePrint.003.smt2: solved=True, runtime=0.34s, PAR-2=0.34s
[DEBUG] Processing 2187/2279: UFLIA/simplify/javafe.ast.TypeNameVec.418.smt2
[DEBUG] Predicted solver: cvc5 for benchmark UFLIA/simplify/javafe.ast.TypeNameVec.418.smt2
[DEBUG] Benchmark UFLIA/simplify/javafe.ast.TypeNameVec.418.smt2: solved=True, runtime=0.30s, PAR-2=0.30s
[DEBUG] Processing 2188/2279: UFLIA/sledgehammer/TypeSafe/smtlib.1393310.smt2
[DEBUG] Predicted solver: cvc5 for benchmark UFLIA/sledgehammer/TypeSafe/smtlib.1393310.smt2
[DEBUG] Benchmark UFLIA/sledgehammer/TypeSafe/smtlib.1393310.smt2: solved=False, runtime=1200.00s, PAR-2=2400.00s
[DEBUG] Processing 2189/2279: UFLIA/simplify2/front_end_suite/javafe.parser.Token.004.smt2
[DEBUG] Predicted solver: cvc5 for benchmark UFLIA/simplify2/front_end_suite/javafe.parser.Token.004.smt2
[DEBUG] Benchmark UFLIA/simplify2/front_end_suite/javafe.parser.Token.004.smt2: solved=True, runtime=0.28s, PAR-2=0.28s
[DEBUG] Processing 2190/2279: UFLIA/sledgehammer/Hoare/smtlib.796190.smt2
[DEBUG] Predicted solver: iProver for benchmark UFLIA/sledgehammer/Hoare/smtlib.796190.smt2
[DEBUG] Benchmark UFLIA/sledgehammer/Hoare/smtlib.796190.smt2: solved=False, runtime=1200.00s, PAR-2=2400.00s
[DEBUG] Processing 2191/2279: UFLIA/sledgehammer/Fundamental_Theorem_Algebra/smtlib.596115.smt2
[DEBUG] Predicted solver: cvc5 for benchmark UFLIA/sledgehammer/Fundamental_Theorem_Algebra/smtlib.596115.smt2
[DEBUG] Benchmark UFLIA/sledgehammer/Fundamental_Theorem_Algebra/smtlib.596115.smt2: solved=False, runtime=1200.00s, PAR-2=2400.00s
[DEBUG] Processing 2192/2279: UFLIA/sledgehammer/Hoare/smtlib.1110561.smt2
[DEBUG] Predicted solver: iProver for benchmark UFLIA/sledgehammer/Hoare/smtlib.1110561.smt2
[DEBUG] Benchmark UFLIA/sledgehammer/Hoare/smtlib.1110561.smt2: solved=False, runtime=1200.00s, PAR-2=2400.00s
[DEBUG] Processing 2193/2279: UFLIA/sledgehammer/Fundamental_Theorem_Algebra/smtlib.787686.smt2
[DEBUG] Predicted solver: iProver for benchmark UFLIA/sledgehammer/Fundamental_Theorem_Algebra/smtlib.787686.smt2
[DEBUG] Benchmark UFLIA/sledgehammer/Fundamental_Theorem_Algebra/smtlib.787686.smt2: solved=False, runtime=1200.00s, PAR-2=2400.00s
[DEBUG] Processing 2194/2279: UFLIA/boogie/Chunker8_Chunker..ctor_System.String_notnull_System.Int32.smt2
[DEBUG] Predicted solver: cvc5 for benchmark UFLIA/boogie/Chunker8_Chunker..ctor_System.String_notnull_System.Int32.smt2
[DEBUG] Benchmark UFLIA/boogie/Chunker8_Chunker..ctor_System.String_notnull_System.Int32.smt2: solved=True, runtime=2.03s, PAR-2=2.03s
[DEBUG] Processing 2195/2279: UFLIA/simplify/javafe.ast.CompoundName.91.smt2
[DEBUG] Predicted solver: cvc5 for benchmark UFLIA/simplify/javafe.ast.CompoundName.91.smt2
[DEBUG] Benchmark UFLIA/simplify/javafe.ast.CompoundName.91.smt2: solved=True, runtime=0.67s, PAR-2=0.67s
[DEBUG] Processing 2196/2279: UFLIA/sledgehammer/QEpres/smtlib.893282.smt2
[DEBUG] Predicted solver: cvc5 for benchmark UFLIA/sledgehammer/QEpres/smtlib.893282.smt2
[DEBUG] Benchmark UFLIA/sledgehammer/QEpres/smtlib.893282.smt2: solved=False, runtime=1200.00s, PAR-2=2400.00s
[DEBUG] Processing 2197/2279: UFLIA/sledgehammer/Fundamental_Theorem_Algebra/smtlib.863231.smt2
[DEBUG] Predicted solver: cvc5 for benchmark UFLIA/sledgehammer/Fundamental_Theorem_Algebra/smtlib.863231.smt2
[DEBUG] Benchmark UFLIA/sledgehammer/Fundamental_Theorem_Algebra/smtlib.863231.smt2: solved=False, runtime=1200.00s, PAR-2=2400.00s
[DEBUG] Processing 2198/2279: UFLIA/simplify/javafe.ast.InitBlock.199.smt2
[DEBUG] Predicted solver: cvc5 for benchmark UFLIA/simplify/javafe.ast.InitBlock.199.smt2
[DEBUG] Benchmark UFLIA/simplify/javafe.ast.InitBlock.199.smt2: solved=True, runtime=0.64s, PAR-2=0.64s
[DEBUG] Processing 2199/2279: UFLIA/sledgehammer/FFT/smtlib.1009905.smt2
[DEBUG] Predicted solver: cvc5 for benchmark UFLIA/sledgehammer/FFT/smtlib.1009905.smt2
[DEBUG] Benchmark UFLIA/sledgehammer/FFT/smtlib.1009905.smt2: solved=False, runtime=1200.00s, PAR-2=2400.00s
[DEBUG] Processing 2200/2279: UFLIA/simplify2/front_end_suite/javafe.tc.FieldDeclVec.001.smt2
[DEBUG] Predicted solver: cvc5 for benchmark UFLIA/simplify2/front_end_suite/javafe.tc.FieldDeclVec.001.smt2
[DEBUG] Benchmark UFLIA/simplify2/front_end_suite/javafe.tc.FieldDeclVec.001.smt2: solved=True, runtime=0.99s, PAR-2=0.99s
[DEBUG] Processing 2201/2279: UFLIA/misc/list6.smt2
[DEBUG] Predicted solver: SMTInterpol for benchmark UFLIA/misc/list6.smt2
[DEBUG] Benchmark UFLIA/misc/list6.smt2: solved=True, runtime=657.54s, PAR-2=657.54s
[DEBUG] Processing 2202/2279: UFLIA/boogie/ExactTypes_Q..ctor.smt2
[DEBUG] Predicted solver: cvc5 for benchmark UFLIA/boogie/ExactTypes_Q..ctor.smt2
[DEBUG] Benchmark UFLIA/boogie/ExactTypes_Q..ctor.smt2: solved=True, runtime=0.40s, PAR-2=0.40s
[DEBUG] Processing 2203/2279: UFLIA/simplify2/front_end_suite/javafe.tc.FlowInsensitiveChecks.007.smt2
[DEBUG] Predicted solver: cvc5 for benchmark UFLIA/simplify2/front_end_suite/javafe.tc.FlowInsensitiveChecks.007.smt2
[DEBUG] Benchmark UFLIA/simplify2/front_end_suite/javafe.tc.FlowInsensitiveChecks.007.smt2: solved=True, runtime=0.86s, PAR-2=0.86s
[DEBUG] Processing 2204/2279: UFLIA/simplify/javafe.ast.TypeName.407.smt2
[DEBUG] Predicted solver: cvc5 for benchmark UFLIA/simplify/javafe.ast.TypeName.407.smt2
[DEBUG] Benchmark UFLIA/simplify/javafe.ast.TypeName.407.smt2: solved=True, runtime=0.69s, PAR-2=0.69s
[DEBUG] Processing 2205/2279: UFLIA/sledgehammer/QEpres/smtlib.978326.smt2
[DEBUG] Predicted solver: cvc5 for benchmark UFLIA/sledgehammer/QEpres/smtlib.978326.smt2
[DEBUG] Benchmark UFLIA/sledgehammer/QEpres/smtlib.978326.smt2: solved=True, runtime=0.42s, PAR-2=0.42s
[DEBUG] Processing 2206/2279: UFLIA/tokeneer/tokenreader/init-40.smt2
[DEBUG] Predicted solver: cvc5 for benchmark UFLIA/tokeneer/tokenreader/init-40.smt2
[DEBUG] Benchmark UFLIA/tokeneer/tokenreader/init-40.smt2: solved=True, runtime=0.25s, PAR-2=0.25s
[DEBUG] Processing 2207/2279: UFLIA/simplify2/front_end_suite/javafe.ast.TypeNameVec.020.smt2
[DEBUG] Predicted solver: cvc5 for benchmark UFLIA/simplify2/front_end_suite/javafe.ast.TypeNameVec.020.smt2
[DEBUG] Benchmark UFLIA/simplify2/front_end_suite/javafe.ast.TypeNameVec.020.smt2: solved=True, runtime=1.98s, PAR-2=1.98s
[DEBUG] Processing 2208/2279: UFLIA/sledgehammer/FFT/smtlib.695122.smt2
[DEBUG] Predicted solver: cvc5 for benchmark UFLIA/sledgehammer/FFT/smtlib.695122.smt2
[DEBUG] Benchmark UFLIA/sledgehammer/FFT/smtlib.695122.smt2: solved=False, runtime=1200.00s, PAR-2=2400.00s
[DEBUG] Processing 2209/2279: UFLIA/sledgehammer/FFT/smtlib.1005475.smt2
[DEBUG] Predicted solver: cvc5 for benchmark UFLIA/sledgehammer/FFT/smtlib.1005475.smt2
[DEBUG] Benchmark UFLIA/sledgehammer/FFT/smtlib.1005475.smt2: solved=False, runtime=1200.00s, PAR-2=2400.00s
[DEBUG] Processing 2210/2279: UFLIA/boogie/Strengthen_U..ctor.smt2
[DEBUG] Predicted solver: cvc5 for benchmark UFLIA/boogie/Strengthen_U..ctor.smt2
[DEBUG] Benchmark UFLIA/boogie/Strengthen_U..ctor.smt2: solved=True, runtime=0.37s, PAR-2=0.37s
[DEBUG] Processing 2211/2279: UFLIA/sledgehammer/Hoare/smtlib.966546.smt2
[DEBUG] Predicted solver: cvc5 for benchmark UFLIA/sledgehammer/Hoare/smtlib.966546.smt2
[DEBUG] Benchmark UFLIA/sledgehammer/Hoare/smtlib.966546.smt2: solved=True, runtime=21.94s, PAR-2=21.94s
[DEBUG] Processing 2212/2279: UFLIA/simplify2/front_end_suite/javafe.ast.IdentifierVec.013.smt2
[DEBUG] Predicted solver: cvc5 for benchmark UFLIA/simplify2/front_end_suite/javafe.ast.IdentifierVec.013.smt2
[DEBUG] Benchmark UFLIA/simplify2/front_end_suite/javafe.ast.IdentifierVec.013.smt2: solved=True, runtime=0.91s, PAR-2=0.91s
[DEBUG] Processing 2213/2279: UFLIA/sledgehammer/QEpres/smtlib.969648.smt2
[DEBUG] Predicted solver: iProver for benchmark UFLIA/sledgehammer/QEpres/smtlib.969648.smt2
[DEBUG] Benchmark UFLIA/sledgehammer/QEpres/smtlib.969648.smt2: solved=False, runtime=1200.00s, PAR-2=2400.00s
[DEBUG] Processing 2214/2279: UFLIA/simplify2/front_end_suite/javafe.tc.FlowInsensitiveChecks.003.smt2
[DEBUG] Predicted solver: cvc5 for benchmark UFLIA/simplify2/front_end_suite/javafe.tc.FlowInsensitiveChecks.003.smt2
[DEBUG] Benchmark UFLIA/simplify2/front_end_suite/javafe.tc.FlowInsensitiveChecks.003.smt2: solved=True, runtime=1.11s, PAR-2=1.11s
[DEBUG] Processing 2215/2279: UFLIA/sledgehammer/StrongNorm/smtlib.773316.smt2
[DEBUG] Predicted solver: iProver for benchmark UFLIA/sledgehammer/StrongNorm/smtlib.773316.smt2
[DEBUG] Benchmark UFLIA/sledgehammer/StrongNorm/smtlib.773316.smt2: solved=False, runtime=1200.00s, PAR-2=2400.00s
[DEBUG] Processing 2216/2279: UFLIA/sledgehammer/Fundamental_Theorem_Algebra/smtlib.1500270.smt2
[DEBUG] Predicted solver: iProver for benchmark UFLIA/sledgehammer/Fundamental_Theorem_Algebra/smtlib.1500270.smt2
[DEBUG] Benchmark UFLIA/sledgehammer/Fundamental_Theorem_Algebra/smtlib.1500270.smt2: solved=False, runtime=1200.00s, PAR-2=2400.00s
[DEBUG] Processing 2217/2279: UFLIA/boogie/AssignToRepField_AssignToRepField..ctor_System.Int32.array.smt2
[DEBUG] Predicted solver: cvc5 for benchmark UFLIA/boogie/AssignToRepField_AssignToRepField..ctor_System.Int32.array.smt2
[DEBUG] Benchmark UFLIA/boogie/AssignToRepField_AssignToRepField..ctor_System.Int32.array.smt2: solved=False, runtime=1200.00s, PAR-2=2400.00s
[DEBUG] Processing 2218/2279: UFLIA/boogie/Ensures_Q-noinfer_4.smt2
[DEBUG] Predicted solver: SMTInterpol for benchmark UFLIA/boogie/Ensures_Q-noinfer_4.smt2
[DEBUG] Benchmark UFLIA/boogie/Ensures_Q-noinfer_4.smt2: solved=False, runtime=1200.00s, PAR-2=2400.00s
[DEBUG] Processing 2219/2279: UFLIA/sledgehammer/QEpres/smtlib.641150.smt2
[DEBUG] Predicted solver: cvc5 for benchmark UFLIA/sledgehammer/QEpres/smtlib.641150.smt2
[DEBUG] Benchmark UFLIA/sledgehammer/QEpres/smtlib.641150.smt2: solved=True, runtime=210.78s, PAR-2=210.78s
[DEBUG] Processing 2220/2279: UFLIA/sledgehammer/FFT/smtlib.947953.smt2
[DEBUG] Predicted solver: iProver for benchmark UFLIA/sledgehammer/FFT/smtlib.947953.smt2
[DEBUG] Benchmark UFLIA/sledgehammer/FFT/smtlib.947953.smt2: solved=False, runtime=1200.00s, PAR-2=2400.00s
[DEBUG] Processing 2221/2279: UFLIA/sledgehammer/Fundamental_Theorem_Algebra/smtlib.854989.smt2
[DEBUG] Predicted solver: cvc5 for benchmark UFLIA/sledgehammer/Fundamental_Theorem_Algebra/smtlib.854989.smt2
[DEBUG] Benchmark UFLIA/sledgehammer/Fundamental_Theorem_Algebra/smtlib.854989.smt2: solved=True, runtime=0.37s, PAR-2=0.37s
[DEBUG] Processing 2222/2279: UFLIA/sledgehammer/TwoSquares/smtlib.625641.smt2
[DEBUG] Predicted solver: cvc5 for benchmark UFLIA/sledgehammer/TwoSquares/smtlib.625641.smt2
[DEBUG] Benchmark UFLIA/sledgehammer/TwoSquares/smtlib.625641.smt2: solved=False, runtime=1200.00s, PAR-2=2400.00s
[DEBUG] Processing 2223/2279: UFLIA/sledgehammer/QEpres/smtlib.937674.smt2
[DEBUG] Predicted solver: cvc5 for benchmark UFLIA/sledgehammer/QEpres/smtlib.937674.smt2
[DEBUG] Benchmark UFLIA/sledgehammer/QEpres/smtlib.937674.smt2: solved=False, runtime=1200.00s, PAR-2=2400.00s
[DEBUG] Processing 2224/2279: UFLIA/simplify2/front_end_suite/javafe.parser.test.TestParse.011.smt2
[DEBUG] Predicted solver: cvc5 for benchmark UFLIA/simplify2/front_end_suite/javafe.parser.test.TestParse.011.smt2
[DEBUG] Benchmark UFLIA/simplify2/front_end_suite/javafe.parser.test.TestParse.011.smt2: solved=True, runtime=0.25s, PAR-2=0.25s
[DEBUG] Processing 2225/2279: UFLIA/sledgehammer/QEpres/smtlib.745834.smt2
[DEBUG] Predicted solver: cvc5 for benchmark UFLIA/sledgehammer/QEpres/smtlib.745834.smt2
[DEBUG] Benchmark UFLIA/sledgehammer/QEpres/smtlib.745834.smt2: solved=False, runtime=1200.00s, PAR-2=2400.00s
[DEBUG] Processing 2226/2279: UFLIA/sledgehammer/QEpres/smtlib.591402.smt2
[DEBUG] Predicted solver: iProver for benchmark UFLIA/sledgehammer/QEpres/smtlib.591402.smt2
[DEBUG] Benchmark UFLIA/sledgehammer/QEpres/smtlib.591402.smt2: solved=False, runtime=1200.00s, PAR-2=2400.00s
[DEBUG] Processing 2227/2279: UFLIA/boogie/List_Node.SpecSharp.CheckInvariant_System.Boolean.smt2
[DEBUG] Predicted solver: cvc5 for benchmark UFLIA/boogie/List_Node.SpecSharp.CheckInvariant_System.Boolean.smt2
[DEBUG] Benchmark UFLIA/boogie/List_Node.SpecSharp.CheckInvariant_System.Boolean.smt2: solved=True, runtime=0.29s, PAR-2=0.29s
[DEBUG] Processing 2228/2279: UFLIA/sledgehammer/Fundamental_Theorem_Algebra/smtlib.1030095.smt2
[DEBUG] Predicted solver: cvc5 for benchmark UFLIA/sledgehammer/Fundamental_Theorem_Algebra/smtlib.1030095.smt2
[DEBUG] Benchmark UFLIA/sledgehammer/Fundamental_Theorem_Algebra/smtlib.1030095.smt2: solved=True, runtime=270.57s, PAR-2=270.57s
[DEBUG] Processing 2229/2279: UFLIA/boogie/VisibilityBasedInvariants_Thing.Q.smt2
[DEBUG] Predicted solver: cvc5 for benchmark UFLIA/boogie/VisibilityBasedInvariants_Thing.Q.smt2
[DEBUG] Benchmark UFLIA/boogie/VisibilityBasedInvariants_Thing.Q.smt2: solved=True, runtime=232.91s, PAR-2=232.91s
[DEBUG] Processing 2230/2279: UFLIA/boogie/VarMapFixPoint_main.smt2
[DEBUG] Predicted solver: SMTInterpol for benchmark UFLIA/boogie/VarMapFixPoint_main.smt2
[DEBUG] Benchmark UFLIA/boogie/VarMapFixPoint_main.smt2: solved=True, runtime=1.42s, PAR-2=1.42s
[DEBUG] Processing 2231/2279: UFLIA/grasshopper/uninstantiated/insertion_sort_loop_invariant_44_4.smt2
[DEBUG] Predicted solver: cvc5 for benchmark UFLIA/grasshopper/uninstantiated/insertion_sort_loop_invariant_44_4.smt2
[DEBUG] Benchmark UFLIA/grasshopper/uninstantiated/insertion_sort_loop_invariant_44_4.smt2: solved=True, runtime=0.53s, PAR-2=0.53s
[DEBUG] Processing 2232/2279: UFLIA/sledgehammer/Fundamental_Theorem_Algebra/smtlib.646469.smt2
[DEBUG] Predicted solver: cvc5 for benchmark UFLIA/sledgehammer/Fundamental_Theorem_Algebra/smtlib.646469.smt2
[DEBUG] Benchmark UFLIA/sledgehammer/Fundamental_Theorem_Algebra/smtlib.646469.smt2: solved=False, runtime=1200.00s, PAR-2=2400.00s
[DEBUG] Processing 2233/2279: UFLIA/boogie/Spouse_Person..ctor.smt2
[DEBUG] Predicted solver: cvc5 for benchmark UFLIA/boogie/Spouse_Person..ctor.smt2
[DEBUG] Benchmark UFLIA/boogie/Spouse_Person..ctor.smt2: solved=True, runtime=0.42s, PAR-2=0.42s
[DEBUG] Processing 2234/2279: UFLIA/simplify2/front_end_suite/javafe.parser.ParseStmt.004.smt2
[DEBUG] Predicted solver: cvc5 for benchmark UFLIA/simplify2/front_end_suite/javafe.parser.ParseStmt.004.smt2
[DEBUG] Benchmark UFLIA/simplify2/front_end_suite/javafe.parser.ParseStmt.004.smt2: solved=True, runtime=26.24s, PAR-2=26.24s
[DEBUG] Processing 2235/2279: UFLIA/sledgehammer/Hoare/smtlib.987202.smt2
[DEBUG] Predicted solver: cvc5 for benchmark UFLIA/sledgehammer/Hoare/smtlib.987202.smt2
[DEBUG] Benchmark UFLIA/sledgehammer/Hoare/smtlib.987202.smt2: solved=True, runtime=0.54s, PAR-2=0.54s
[DEBUG] Processing 2236/2279: UFLIA/sledgehammer/StrongNorm/smtlib.678359.smt2
[DEBUG] Predicted solver: iProver for benchmark UFLIA/sledgehammer/StrongNorm/smtlib.678359.smt2
[DEBUG] Benchmark UFLIA/sledgehammer/StrongNorm/smtlib.678359.smt2: solved=False, runtime=1200.00s, PAR-2=2400.00s
[DEBUG] Processing 2237/2279: UFLIA/sledgehammer/Fundamental_Theorem_Algebra/smtlib.1242792.smt2
[DEBUG] Predicted solver: cvc5 for benchmark UFLIA/sledgehammer/Fundamental_Theorem_Algebra/smtlib.1242792.smt2
[DEBUG] Benchmark UFLIA/sledgehammer/Fundamental_Theorem_Algebra/smtlib.1242792.smt2: solved=False, runtime=1200.00s, PAR-2=2400.00s
[DEBUG] Processing 2238/2279: UFLIA/sledgehammer/Hoare/smtlib.809948.smt2
[DEBUG] Predicted solver: cvc5 for benchmark UFLIA/sledgehammer/Hoare/smtlib.809948.smt2
[DEBUG] Benchmark UFLIA/sledgehammer/Hoare/smtlib.809948.smt2: solved=False, runtime=1200.00s, PAR-2=2400.00s
[DEBUG] Processing 2239/2279: UFLIA/sledgehammer/Fundamental_Theorem_Algebra/smtlib.907090.smt2
[DEBUG] Predicted solver: cvc5 for benchmark UFLIA/sledgehammer/Fundamental_Theorem_Algebra/smtlib.907090.smt2
[DEBUG] Benchmark UFLIA/sledgehammer/Fundamental_Theorem_Algebra/smtlib.907090.smt2: solved=True, runtime=30.73s, PAR-2=30.73s
[DEBUG] Processing 2240/2279: UFLIA/sledgehammer/Hoare/smtlib.747169.smt2
[DEBUG] Predicted solver: iProver for benchmark UFLIA/sledgehammer/Hoare/smtlib.747169.smt2
[DEBUG] Benchmark UFLIA/sledgehammer/Hoare/smtlib.747169.smt2: solved=False, runtime=1200.00s, PAR-2=2400.00s
[DEBUG] Processing 2241/2279: UFLIA/boogie/loopinv1_LoopInv1.Test1b_F_notnull-infer_eh.smt2
[DEBUG] Predicted solver: cvc5 for benchmark UFLIA/boogie/loopinv1_LoopInv1.Test1b_F_notnull-infer_eh.smt2
[DEBUG] Benchmark UFLIA/boogie/loopinv1_LoopInv1.Test1b_F_notnull-infer_eh.smt2: solved=True, runtime=10.54s, PAR-2=10.54s
[DEBUG] Processing 2242/2279: UFLIA/sledgehammer/Fundamental_Theorem_Algebra/smtlib.736623.smt2
[DEBUG] Predicted solver: cvc5 for benchmark UFLIA/sledgehammer/Fundamental_Theorem_Algebra/smtlib.736623.smt2
[DEBUG] Benchmark UFLIA/sledgehammer/Fundamental_Theorem_Algebra/smtlib.736623.smt2: solved=True, runtime=0.73s, PAR-2=0.73s
[DEBUG] Processing 2243/2279: UFLIA/simplify2/front_end_suite/javafe.ast.SkipStmt.006.smt2
[DEBUG] Predicted solver: cvc5 for benchmark UFLIA/simplify2/front_end_suite/javafe.ast.SkipStmt.006.smt2
[DEBUG] Benchmark UFLIA/simplify2/front_end_suite/javafe.ast.SkipStmt.006.smt2: solved=True, runtime=12.61s, PAR-2=12.61s
[DEBUG] Processing 2244/2279: UFLIA/sledgehammer/FFT/smtlib.595005.smt2
[DEBUG] Predicted solver: cvc5 for benchmark UFLIA/sledgehammer/FFT/smtlib.595005.smt2
[DEBUG] Benchmark UFLIA/sledgehammer/FFT/smtlib.595005.smt2: solved=False, runtime=1200.00s, PAR-2=2400.00s
[DEBUG] Processing 2245/2279: UFLIA/sledgehammer/NS_Shared/smtlib.865085.smt2
[DEBUG] Predicted solver: cvc5 for benchmark UFLIA/sledgehammer/NS_Shared/smtlib.865085.smt2
[DEBUG] Benchmark UFLIA/sledgehammer/NS_Shared/smtlib.865085.smt2: solved=False, runtime=1200.00s, PAR-2=2400.00s
[DEBUG] Processing 2246/2279: UFLIA/sledgehammer/NS_Shared/smtlib.885891.smt2
[DEBUG] Predicted solver: cvc5 for benchmark UFLIA/sledgehammer/NS_Shared/smtlib.885891.smt2
[DEBUG] Benchmark UFLIA/sledgehammer/NS_Shared/smtlib.885891.smt2: solved=False, runtime=1200.00s, PAR-2=2400.00s
[DEBUG] Processing 2247/2279: UFLIA/boogie/loopinv0-nonnull_F.M-modifiesOnLoop.smt2
[DEBUG] Predicted solver: cvc5 for benchmark UFLIA/boogie/loopinv0-nonnull_F.M-modifiesOnLoop.smt2
[DEBUG] Benchmark UFLIA/boogie/loopinv0-nonnull_F.M-modifiesOnLoop.smt2: solved=True, runtime=0.49s, PAR-2=0.49s
[DEBUG] Processing 2248/2279: UFLIA/simplify2/front_end_suite/javafe.util.StackVector.008.smt2
[DEBUG] Predicted solver: cvc5 for benchmark UFLIA/simplify2/front_end_suite/javafe.util.StackVector.008.smt2
[DEBUG] Benchmark UFLIA/simplify2/front_end_suite/javafe.util.StackVector.008.smt2: solved=True, runtime=0.28s, PAR-2=0.28s
[DEBUG] Processing 2249/2279: UFLIA/grasshopper/uninstantiated/union_check_heap_access_38_8.smt2
[DEBUG] Predicted solver: cvc5 for benchmark UFLIA/grasshopper/uninstantiated/union_check_heap_access_38_8.smt2
[DEBUG] Benchmark UFLIA/grasshopper/uninstantiated/union_check_heap_access_38_8.smt2: solved=True, runtime=0.66s, PAR-2=0.66s
[DEBUG] Processing 2250/2279: UFLIA/sledgehammer/Fundamental_Theorem_Algebra/smtlib.1178176.smt2
[DEBUG] Predicted solver: cvc5 for benchmark UFLIA/sledgehammer/Fundamental_Theorem_Algebra/smtlib.1178176.smt2
[DEBUG] Benchmark UFLIA/sledgehammer/Fundamental_Theorem_Algebra/smtlib.1178176.smt2: solved=False, runtime=1200.00s, PAR-2=2400.00s
[DEBUG] Processing 2251/2279: UFLIA/sledgehammer/QEpres/smtlib.1021313.smt2
[DEBUG] Predicted solver: cvc5 for benchmark UFLIA/sledgehammer/QEpres/smtlib.1021313.smt2
[DEBUG] Benchmark UFLIA/sledgehammer/QEpres/smtlib.1021313.smt2: solved=False, runtime=1200.00s, PAR-2=2400.00s
[DEBUG] Processing 2252/2279: UFLIA/grasshopper/uninstantiated/split_loop_check_heap_access_38_6_2.smt2
[DEBUG] Predicted solver: cvc5 for benchmark UFLIA/grasshopper/uninstantiated/split_loop_check_heap_access_38_6_2.smt2
[DEBUG] Benchmark UFLIA/grasshopper/uninstantiated/split_loop_check_heap_access_38_6_2.smt2: solved=True, runtime=0.25s, PAR-2=0.25s
[DEBUG] Processing 2253/2279: UFLIA/sledgehammer/Arrow_Order/smtlib.828512.smt2
[DEBUG] Predicted solver: cvc5 for benchmark UFLIA/sledgehammer/Arrow_Order/smtlib.828512.smt2
[DEBUG] Benchmark UFLIA/sledgehammer/Arrow_Order/smtlib.828512.smt2: solved=True, runtime=2.23s, PAR-2=2.23s
[DEBUG] Processing 2254/2279: UFLIA/simplify2/front_end_suite/javafe.ast.IdentifierVec.008.smt2
[DEBUG] Predicted solver: cvc5 for benchmark UFLIA/simplify2/front_end_suite/javafe.ast.IdentifierVec.008.smt2
[DEBUG] Benchmark UFLIA/simplify2/front_end_suite/javafe.ast.IdentifierVec.008.smt2: solved=True, runtime=0.29s, PAR-2=0.29s
[DEBUG] Processing 2255/2279: UFLIA/sledgehammer/StrongNorm/smtlib.701552.smt2
[DEBUG] Predicted solver: cvc5 for benchmark UFLIA/sledgehammer/StrongNorm/smtlib.701552.smt2
[DEBUG] Benchmark UFLIA/sledgehammer/StrongNorm/smtlib.701552.smt2: solved=True, runtime=0.37s, PAR-2=0.37s
[DEBUG] Processing 2256/2279: UFLIA/boogie/loopinv0_LoopInv0.Method1-infer_eh.smt2
[DEBUG] Predicted solver: cvc5 for benchmark UFLIA/boogie/loopinv0_LoopInv0.Method1-infer_eh.smt2
[DEBUG] Benchmark UFLIA/boogie/loopinv0_LoopInv0.Method1-infer_eh.smt2: solved=True, runtime=16.51s, PAR-2=16.51s
[DEBUG] Processing 2257/2279: UFLIA/boogie/DynamicTypes_DynamicTypes.N1.smt2
[DEBUG] Predicted solver: cvc5 for benchmark UFLIA/boogie/DynamicTypes_DynamicTypes.N1.smt2
[DEBUG] Benchmark UFLIA/boogie/DynamicTypes_DynamicTypes.N1.smt2: solved=False, runtime=1200.00s, PAR-2=2400.00s
[DEBUG] Processing 2258/2279: UFLIA/boogie/WhereMotivation_Types.MCall-modifiesOnLoop_1.smt2
[DEBUG] Predicted solver: cvc5 for benchmark UFLIA/boogie/WhereMotivation_Types.MCall-modifiesOnLoop_1.smt2
[DEBUG] Benchmark UFLIA/boogie/WhereMotivation_Types.MCall-modifiesOnLoop_1.smt2: solved=True, runtime=0.30s, PAR-2=0.30s
[DEBUG] Processing 2259/2279: UFLIA/simplify2/front_end_suite/javafe.util.Set.015.smt2
[DEBUG] Predicted solver: cvc5 for benchmark UFLIA/simplify2/front_end_suite/javafe.util.Set.015.smt2
[DEBUG] Benchmark UFLIA/simplify2/front_end_suite/javafe.util.Set.015.smt2: solved=True, runtime=0.26s, PAR-2=0.26s
[DEBUG] Processing 2260/2279: UFLIA/boogie/PeerFields_Child..ctor_System.Int32.smt2
[DEBUG] Predicted solver: cvc5 for benchmark UFLIA/boogie/PeerFields_Child..ctor_System.Int32.smt2
[DEBUG] Benchmark UFLIA/boogie/PeerFields_Child..ctor_System.Int32.smt2: solved=True, runtime=2.86s, PAR-2=2.86s
[DEBUG] Processing 2261/2279: UFLIA/sledgehammer/TypeSafe/smtlib.932650.smt2
[DEBUG] Predicted solver: cvc5 for benchmark UFLIA/sledgehammer/TypeSafe/smtlib.932650.smt2
[DEBUG] Benchmark UFLIA/sledgehammer/TypeSafe/smtlib.932650.smt2: solved=False, runtime=1200.00s, PAR-2=2400.00s
[DEBUG] Processing 2262/2279: UFLIA/sledgehammer/Fundamental_Theorem_Algebra/smtlib.809144.smt2
[DEBUG] Predicted solver: cvc5 for benchmark UFLIA/sledgehammer/Fundamental_Theorem_Algebra/smtlib.809144.smt2
[DEBUG] Benchmark UFLIA/sledgehammer/Fundamental_Theorem_Algebra/smtlib.809144.smt2: solved=True, runtime=0.29s, PAR-2=0.29s
[DEBUG] Processing 2263/2279: UFLIA/boogie/Quantifiers_R-noinfer.smt2
[DEBUG] Predicted solver: SMTInterpol for benchmark UFLIA/boogie/Quantifiers_R-noinfer.smt2
[DEBUG] Benchmark UFLIA/boogie/Quantifiers_R-noinfer.smt2: solved=True, runtime=0.61s, PAR-2=0.61s
[DEBUG] Processing 2264/2279: UFLIA/simplify2/front_end_suite/javafe.filespace.TreeWalker.006.smt2
[DEBUG] Predicted solver: cvc5 for benchmark UFLIA/simplify2/front_end_suite/javafe.filespace.TreeWalker.006.smt2
[DEBUG] Benchmark UFLIA/simplify2/front_end_suite/javafe.filespace.TreeWalker.006.smt2: solved=True, runtime=0.29s, PAR-2=0.29s
[DEBUG] Processing 2265/2279: UFLIA/sledgehammer/QEpres/smtlib.1076109.smt2
[DEBUG] Predicted solver: cvc5 for benchmark UFLIA/sledgehammer/QEpres/smtlib.1076109.smt2
[DEBUG] Benchmark UFLIA/sledgehammer/QEpres/smtlib.1076109.smt2: solved=False, runtime=1200.00s, PAR-2=2400.00s
[DEBUG] Processing 2266/2279: UFLIA/simplify2/front_end_suite/javafe.tc.Types.044.smt2
[DEBUG] Predicted solver: cvc5 for benchmark UFLIA/simplify2/front_end_suite/javafe.tc.Types.044.smt2
[DEBUG] Benchmark UFLIA/simplify2/front_end_suite/javafe.tc.Types.044.smt2: solved=True, runtime=4.62s, PAR-2=4.62s
[DEBUG] Processing 2267/2279: UFLIA/sledgehammer/TwoSquares/smtlib.806804.smt2
[DEBUG] Predicted solver: cvc5 for benchmark UFLIA/sledgehammer/TwoSquares/smtlib.806804.smt2
[DEBUG] Benchmark UFLIA/sledgehammer/TwoSquares/smtlib.806804.smt2: solved=True, runtime=0.31s, PAR-2=0.31s
[DEBUG] Processing 2268/2279: UFLIA/simplify2/front_end_suite/javafe.ast.TypeNameVec.021.smt2
[DEBUG] Predicted solver: cvc5 for benchmark UFLIA/simplify2/front_end_suite/javafe.ast.TypeNameVec.021.smt2
[DEBUG] Benchmark UFLIA/simplify2/front_end_suite/javafe.ast.TypeNameVec.021.smt2: solved=True, runtime=0.31s, PAR-2=0.31s
[DEBUG] Processing 2269/2279: UFLIA/sledgehammer/Hoare/smtlib.914026.smt2
[DEBUG] Predicted solver: iProver for benchmark UFLIA/sledgehammer/Hoare/smtlib.914026.smt2
[DEBUG] Benchmark UFLIA/sledgehammer/Hoare/smtlib.914026.smt2: solved=True, runtime=0.90s, PAR-2=0.90s
[DEBUG] Processing 2270/2279: UFLIA/simplify2/front_end_suite/javafe.ast.CompoundName.013.smt2
[DEBUG] Predicted solver: cvc5 for benchmark UFLIA/simplify2/front_end_suite/javafe.ast.CompoundName.013.smt2
[DEBUG] Benchmark UFLIA/simplify2/front_end_suite/javafe.ast.CompoundName.013.smt2: solved=True, runtime=7.60s, PAR-2=7.60s
[DEBUG] Processing 2271/2279: UFLIA/grasshopper/instantiated/insertion_sort_postcondition_of_insertion_sort_63_1.smt2
[DEBUG] Predicted solver: cvc5 for benchmark UFLIA/grasshopper/instantiated/insertion_sort_postcondition_of_insertion_sort_63_1.smt2
[DEBUG] Benchmark UFLIA/grasshopper/instantiated/insertion_sort_postcondition_of_insertion_sort_63_1.smt2: solved=True, runtime=0.41s, PAR-2=0.41s
[DEBUG] Processing 2272/2279: UFLIA/boogie/VisibilityBasedInvariants_Thing.P.smt2
[DEBUG] Predicted solver: cvc5 for benchmark UFLIA/boogie/VisibilityBasedInvariants_Thing.P.smt2
[DEBUG] Benchmark UFLIA/boogie/VisibilityBasedInvariants_Thing.P.smt2: solved=True, runtime=7.57s, PAR-2=7.57s
[DEBUG] Processing 2273/2279: UFLIA/sledgehammer/QEpres/smtlib.792603.smt2
[DEBUG] Predicted solver: cvc5 for benchmark UFLIA/sledgehammer/QEpres/smtlib.792603.smt2
[DEBUG] Benchmark UFLIA/sledgehammer/QEpres/smtlib.792603.smt2: solved=False, runtime=1200.00s, PAR-2=2400.00s
[DEBUG] Processing 2274/2279: UFLIA/sledgehammer/FFT/smtlib.998329.smt2
[DEBUG] Predicted solver: cvc5 for benchmark UFLIA/sledgehammer/FFT/smtlib.998329.smt2
[DEBUG] Benchmark UFLIA/sledgehammer/FFT/smtlib.998329.smt2: solved=False, runtime=1200.00s, PAR-2=2400.00s
[DEBUG] Processing 2275/2279: UFLIA/sledgehammer/Hoare/smtlib.885291.smt2
[DEBUG] Predicted solver: cvc5 for benchmark UFLIA/sledgehammer/Hoare/smtlib.885291.smt2
[DEBUG] Benchmark UFLIA/sledgehammer/Hoare/smtlib.885291.smt2: solved=False, runtime=1200.00s, PAR-2=2400.00s
[DEBUG] Processing 2276/2279: UFLIA/simplify2/front_end_suite/javafe.ast.LabelStmt.007.smt2
[DEBUG] Predicted solver: cvc5 for benchmark UFLIA/simplify2/front_end_suite/javafe.ast.LabelStmt.007.smt2
[DEBUG] Benchmark UFLIA/simplify2/front_end_suite/javafe.ast.LabelStmt.007.smt2: solved=True, runtime=0.45s, PAR-2=0.45s
[DEBUG] Processing 2277/2279: UFLIA/sledgehammer/Hoare/smtlib.734561.smt2
[DEBUG] Predicted solver: iProver for benchmark UFLIA/sledgehammer/Hoare/smtlib.734561.smt2
[DEBUG] Benchmark UFLIA/sledgehammer/Hoare/smtlib.734561.smt2: solved=False, runtime=1200.00s, PAR-2=2400.00s
[DEBUG] Processing 2278/2279: UFLIA/sledgehammer/TwoSquares/smtlib.863314.smt2
[DEBUG] Predicted solver: SMTInterpol for benchmark UFLIA/sledgehammer/TwoSquares/smtlib.863314.smt2
[DEBUG] Benchmark UFLIA/sledgehammer/TwoSquares/smtlib.863314.smt2: solved=False, runtime=1200.00s, PAR-2=2400.00s
[DEBUG] Processing 2279/2279: UFLIA/sledgehammer/QEpres/smtlib.744997.smt2
[DEBUG] Predicted solver: cvc5 for benchmark UFLIA/sledgehammer/QEpres/smtlib.744997.smt2
[DEBUG] Benchmark UFLIA/sledgehammer/QEpres/smtlib.744997.smt2: solved=False, runtime=1200.00s, PAR-2=2400.00s
[DEBUG] Results written to CSV: /home/jchen688/projects/def-vganesh/jchen688/github/z3alpha/JHC/AlgoSelect/DescriptionAgent/results/uflia_csv_based/train/run_20251216_001306_495972/results.csv
[DEBUG] Solved 1332/2279 benchmarks (58.45%)
[DEBUG] PAR-2 Score: 2302931.48s total, 1010.50s average

================================================================================
EXECUTION TIME SUMMARY
================================================================================
Model training time:        1018.49 seconds ( 16.97 minutes)
Prediction time:             347.66 seconds (  5.79 minutes)
  - Avg per benchmark:         0.15 seconds
--------------------------------------------------------------------------------
Total execution time:       1366.14 seconds ( 22.77 minutes)
================================================================================

================================================================================
PAR-2 PERFORMANCE SUMMARY
================================================================================
Benchmarks solved:             1332 / 2279 ( 58.45%)
Benchmarks unsolved:            947 / 2279 ( 41.55%)
--------------------------------------------------------------------------------
Total PAR-2 score:       2302931.48 seconds
Average PAR-2 score:        1010.50 seconds
Timeout value:              1200.00 seconds
PAR-2 penalty factor:             2x timeout
================================================================================

[DEBUG] CSV results saved to: /home/jchen688/projects/def-vganesh/jchen688/github/z3alpha/JHC/AlgoSelect/DescriptionAgent/results/uflia_csv_based/train/run_20251216_001306_495972/results.csv
[DEBUG] Configuration saved to: /home/jchen688/projects/def-vganesh/jchen688/github/z3alpha/JHC/AlgoSelect/DescriptionAgent/results/uflia_csv_based/train/run_20251216_001306_495972/config.json
End time: Tue 16 Dec 2025 12:35:59 AM EST
