Job ID: 53708727
Node: nc31104
Start time: Mon 15 Dec 2025 09:57:18 PM EST
[DEBUG] Loading test results from /home/jchen688/projects/def-vganesh/jchen688/github/z3alpha/JHC/AlgoSelect/DescriptionAgent/data/ALIA/alia_train_long.csv
[DEBUG] Loaded results for 1229 unique benchmarks
[DEBUG] Found 1229 unique benchmark paths in CSV
[DEBUG] Found 1229 benchmark files from CSV
[DEBUG] Selected 1229 benchmarks for processing

================================================================================
FEATURE CONFIGURATION
================================================================================
Using original MachSMT feature space (full grammatical construct list)
Description features: DISABLED (prevents BERT model loading)
Feature extraction timeout: 60 seconds
Parallel cores: 16
Feature dimensions will be printed after processing first benchmark
================================================================================

[DEBUG] Training MachSMT model...
[DEBUG] Changed working directory to: /home/jchen688/scratch/non-incremental

Initializing description feature model ('bert-base-uncased')...
Using device: cpu
✅ Model loaded successfully. Embedding dimension: 768
Parsing Input File |████████████████████████████████████████| 3687/3687 [100%] in 15.6s (237.04/s) 
Processing Benchmark Files |████████████████████████████████████████| 1229/1229 [100%] in 6:48.6 (3.01/s) 
[DEBUG] Changed back to: /lustre06/project/6001884/jchen688/github/z3alpha
[DEBUG] Model trained in 1087.97 seconds
[DEBUG] Configuration saved to: /home/jchen688/projects/def-vganesh/jchen688/github/z3alpha/JHC/AlgoSelect/DescriptionAgent/data/results/alia_csv_based/train/run_20251215_215755_167313/config.json

[DEBUG] Starting predictions on test benchmarks...
[DEBUG] Processing 1/1229: ALIA/20230321-UltimateAutomizerSvcomp2023/tree_stack.i_23.smt2

================================================================================
FEATURE SPACE DIMENSIONS
================================================================================
Total feature dimensions: 189
================================================================================

[DEBUG] Predicted solver: SMTInterpol for benchmark ALIA/20230321-UltimateAutomizerSvcomp2023/tree_stack.i_23.smt2
[DEBUG] Benchmark ALIA/20230321-UltimateAutomizerSvcomp2023/tree_stack.i_23.smt2: solved=True, runtime=2.34s, PAR-2=2.34s
[DEBUG] Processing 2/1229: ALIA/20230321-UltimateAutomizerSvcomp2023/sll2n_append_unequal.i_11.smt2
[DEBUG] Predicted solver: SMTInterpol for benchmark ALIA/20230321-UltimateAutomizerSvcomp2023/sll2n_append_unequal.i_11.smt2
[DEBUG] Benchmark ALIA/20230321-UltimateAutomizerSvcomp2023/sll2n_append_unequal.i_11.smt2: solved=True, runtime=0.47s, PAR-2=0.47s
[DEBUG] Processing 3/1229: ALIA/20230321-UltimateAutomizerSvcomp2023/dll2c_update_all_reverse.i_163.smt2
[DEBUG] Predicted solver: SMTInterpol for benchmark ALIA/20230321-UltimateAutomizerSvcomp2023/dll2c_update_all_reverse.i_163.smt2
[DEBUG] Benchmark ALIA/20230321-UltimateAutomizerSvcomp2023/dll2c_update_all_reverse.i_163.smt2: solved=True, runtime=0.73s, PAR-2=0.73s
[DEBUG] Processing 4/1229: ALIA/20230321-UltimateAutomizerSvcomp2023/sll_circular_traversal-1.i_31.smt2
[DEBUG] Predicted solver: iProver for benchmark ALIA/20230321-UltimateAutomizerSvcomp2023/sll_circular_traversal-1.i_31.smt2
[DEBUG] Benchmark ALIA/20230321-UltimateAutomizerSvcomp2023/sll_circular_traversal-1.i_31.smt2: solved=False, runtime=1200.00s, PAR-2=2400.00s
[DEBUG] Processing 5/1229: ALIA/20230321-UltimateAutomizerSvcomp2023/packet_filter.i_1.smt2
[DEBUG] Predicted solver: cvc5 for benchmark ALIA/20230321-UltimateAutomizerSvcomp2023/packet_filter.i_1.smt2
[DEBUG] Benchmark ALIA/20230321-UltimateAutomizerSvcomp2023/packet_filter.i_1.smt2: solved=False, runtime=1200.00s, PAR-2=2400.00s
[DEBUG] Processing 6/1229: ALIA/20230321-UltimateAutomizerSvcomp2023/dll_circular_traversal-2.i_45.smt2
[DEBUG] Predicted solver: SMTInterpol for benchmark ALIA/20230321-UltimateAutomizerSvcomp2023/dll_circular_traversal-2.i_45.smt2
[DEBUG] Benchmark ALIA/20230321-UltimateAutomizerSvcomp2023/dll_circular_traversal-2.i_45.smt2: solved=True, runtime=286.28s, PAR-2=286.28s
[DEBUG] Processing 7/1229: ALIA/20230321-UltimateAutomizerSvcomp2023/tree_parent_ptr.i_3.smt2
[DEBUG] Predicted solver: SMTInterpol for benchmark ALIA/20230321-UltimateAutomizerSvcomp2023/tree_parent_ptr.i_3.smt2
[DEBUG] Benchmark ALIA/20230321-UltimateAutomizerSvcomp2023/tree_parent_ptr.i_3.smt2: solved=True, runtime=0.48s, PAR-2=0.48s
[DEBUG] Processing 8/1229: ALIA/20230321-UltimateAutomizerSvcomp2023/list_and_tree_cnstr-2.i_53.smt2
[DEBUG] Predicted solver: SMTInterpol for benchmark ALIA/20230321-UltimateAutomizerSvcomp2023/list_and_tree_cnstr-2.i_53.smt2
[DEBUG] Benchmark ALIA/20230321-UltimateAutomizerSvcomp2023/list_and_tree_cnstr-2.i_53.smt2: solved=True, runtime=0.83s, PAR-2=0.83s
[DEBUG] Processing 9/1229: ALIA/20230321-UltimateAutomizerSvcomp2023/sll2c_prepend_unequal.i_41.smt2
[DEBUG] Predicted solver: SMTInterpol for benchmark ALIA/20230321-UltimateAutomizerSvcomp2023/sll2c_prepend_unequal.i_41.smt2
[DEBUG] Benchmark ALIA/20230321-UltimateAutomizerSvcomp2023/sll2c_prepend_unequal.i_41.smt2: solved=False, runtime=1200.00s, PAR-2=2400.00s
[DEBUG] Processing 10/1229: ALIA/20230321-UltimateAutomizerSvcomp2023/dll_circular_traversal-2.i_13.smt2
[DEBUG] Predicted solver: SMTInterpol for benchmark ALIA/20230321-UltimateAutomizerSvcomp2023/dll_circular_traversal-2.i_13.smt2
[DEBUG] Benchmark ALIA/20230321-UltimateAutomizerSvcomp2023/dll_circular_traversal-2.i_13.smt2: solved=True, runtime=0.70s, PAR-2=0.70s
[DEBUG] Processing 11/1229: ALIA/20230321-UltimateAutomizerSvcomp2023/sll2n_update_all_reverse.i_12.smt2
[DEBUG] Predicted solver: SMTInterpol for benchmark ALIA/20230321-UltimateAutomizerSvcomp2023/sll2n_update_all_reverse.i_12.smt2
[DEBUG] Benchmark ALIA/20230321-UltimateAutomizerSvcomp2023/sll2n_update_all_reverse.i_12.smt2: solved=True, runtime=0.71s, PAR-2=0.71s
[DEBUG] Processing 12/1229: ALIA/20230321-UltimateAutomizerSvcomp2023/list-1.i_84.smt2
[DEBUG] Predicted solver: SMTInterpol for benchmark ALIA/20230321-UltimateAutomizerSvcomp2023/list-1.i_84.smt2
[DEBUG] Benchmark ALIA/20230321-UltimateAutomizerSvcomp2023/list-1.i_84.smt2: solved=True, runtime=1.12s, PAR-2=1.12s
[DEBUG] Processing 13/1229: ALIA/20230321-UltimateAutomizerSvcomp2023/splice-2.i_49.smt2
[DEBUG] Predicted solver: SMTInterpol for benchmark ALIA/20230321-UltimateAutomizerSvcomp2023/splice-2.i_49.smt2
[DEBUG] Benchmark ALIA/20230321-UltimateAutomizerSvcomp2023/splice-2.i_49.smt2: solved=False, runtime=1200.00s, PAR-2=2400.00s
[DEBUG] Processing 14/1229: ALIA/20230321-UltimateAutomizerSvcomp2023/list-ext_1.i_61.smt2
[DEBUG] Predicted solver: SMTInterpol for benchmark ALIA/20230321-UltimateAutomizerSvcomp2023/list-ext_1.i_61.smt2
[DEBUG] Benchmark ALIA/20230321-UltimateAutomizerSvcomp2023/list-ext_1.i_61.smt2: solved=True, runtime=0.89s, PAR-2=0.89s
[DEBUG] Processing 15/1229: ALIA/20230321-UltimateAutomizerSvcomp2023/dll2c_remove_all.i_20.smt2
[DEBUG] Predicted solver: cvc5 for benchmark ALIA/20230321-UltimateAutomizerSvcomp2023/dll2c_remove_all.i_20.smt2
[DEBUG] Benchmark ALIA/20230321-UltimateAutomizerSvcomp2023/dll2c_remove_all.i_20.smt2: solved=False, runtime=1200.00s, PAR-2=2400.00s
[DEBUG] Processing 16/1229: ALIA/20230321-UltimateAutomizerSvcomp2023/sll2c_prepend_unequal.i_59.smt2
[DEBUG] Predicted solver: SMTInterpol for benchmark ALIA/20230321-UltimateAutomizerSvcomp2023/sll2c_prepend_unequal.i_59.smt2
[DEBUG] Benchmark ALIA/20230321-UltimateAutomizerSvcomp2023/sll2c_prepend_unequal.i_59.smt2: solved=False, runtime=1200.00s, PAR-2=2400.00s
[DEBUG] Processing 17/1229: ALIA/20230321-UltimateAutomizerSvcomp2023/dll2n_insert_unequal.i_38.smt2
[DEBUG] Predicted solver: SMTInterpol for benchmark ALIA/20230321-UltimateAutomizerSvcomp2023/dll2n_insert_unequal.i_38.smt2
[DEBUG] Benchmark ALIA/20230321-UltimateAutomizerSvcomp2023/dll2n_insert_unequal.i_38.smt2: solved=False, runtime=1200.00s, PAR-2=2400.00s
[DEBUG] Processing 18/1229: ALIA/20230321-UltimateAutomizerSvcomp2023/simple_search_value-1.i_61.smt2
[DEBUG] Predicted solver: SMTInterpol for benchmark ALIA/20230321-UltimateAutomizerSvcomp2023/simple_search_value-1.i_61.smt2
[DEBUG] Benchmark ALIA/20230321-UltimateAutomizerSvcomp2023/simple_search_value-1.i_61.smt2: solved=True, runtime=303.07s, PAR-2=303.07s
[DEBUG] Processing 19/1229: ALIA/20230321-UltimateAutomizerSvcomp2023/sll2c_insert_unequal.i_85.smt2
[DEBUG] Predicted solver: SMTInterpol for benchmark ALIA/20230321-UltimateAutomizerSvcomp2023/sll2c_insert_unequal.i_85.smt2
[DEBUG] Benchmark ALIA/20230321-UltimateAutomizerSvcomp2023/sll2c_insert_unequal.i_85.smt2: solved=True, runtime=162.06s, PAR-2=162.06s
[DEBUG] Processing 20/1229: ALIA/20230321-UltimateAutomizerSvcomp2023/dll2c_insert_equal.i_80.smt2
[DEBUG] Predicted solver: SMTInterpol for benchmark ALIA/20230321-UltimateAutomizerSvcomp2023/dll2c_insert_equal.i_80.smt2
[DEBUG] Benchmark ALIA/20230321-UltimateAutomizerSvcomp2023/dll2c_insert_equal.i_80.smt2: solved=False, runtime=1200.00s, PAR-2=2400.00s
[DEBUG] Processing 21/1229: ALIA/20230321-UltimateAutomizerSvcomp2023/length_test03-1.i_209.smt2
[DEBUG] Predicted solver: SMTInterpol for benchmark ALIA/20230321-UltimateAutomizerSvcomp2023/length_test03-1.i_209.smt2
[DEBUG] Benchmark ALIA/20230321-UltimateAutomizerSvcomp2023/length_test03-1.i_209.smt2: solved=True, runtime=73.49s, PAR-2=73.49s
[DEBUG] Processing 22/1229: ALIA/20230321-UltimateAutomizerSvcomp2023/dll2c_insert_equal.i_17.smt2
[DEBUG] Predicted solver: SMTInterpol for benchmark ALIA/20230321-UltimateAutomizerSvcomp2023/dll2c_insert_equal.i_17.smt2
[DEBUG] Benchmark ALIA/20230321-UltimateAutomizerSvcomp2023/dll2c_insert_equal.i_17.smt2: solved=False, runtime=1200.00s, PAR-2=2400.00s
[DEBUG] Processing 23/1229: ALIA/20230321-UltimateAutomizerSvcomp2023/dll2c_insert_equal.i_27.smt2
[DEBUG] Predicted solver: SMTInterpol for benchmark ALIA/20230321-UltimateAutomizerSvcomp2023/dll2c_insert_equal.i_27.smt2
[DEBUG] Benchmark ALIA/20230321-UltimateAutomizerSvcomp2023/dll2c_insert_equal.i_27.smt2: solved=False, runtime=1200.00s, PAR-2=2400.00s
[DEBUG] Processing 24/1229: ALIA/20230321-UltimateAutomizerSvcomp2023/sll2c_insert_unequal.i_83.smt2
[DEBUG] Predicted solver: cvc5 for benchmark ALIA/20230321-UltimateAutomizerSvcomp2023/sll2c_insert_unequal.i_83.smt2
[DEBUG] Benchmark ALIA/20230321-UltimateAutomizerSvcomp2023/sll2c_insert_unequal.i_83.smt2: solved=False, runtime=1200.00s, PAR-2=2400.00s
[DEBUG] Processing 25/1229: ALIA/20230321-UltimateAutomizerSvcomp2023/dll2n_append_unequal.i_17.smt2
[DEBUG] Predicted solver: SMTInterpol for benchmark ALIA/20230321-UltimateAutomizerSvcomp2023/dll2n_append_unequal.i_17.smt2
[DEBUG] Benchmark ALIA/20230321-UltimateAutomizerSvcomp2023/dll2n_append_unequal.i_17.smt2: solved=True, runtime=0.43s, PAR-2=0.43s
[DEBUG] Processing 26/1229: ALIA/20230321-UltimateAutomizerSvcomp2023/test_mutex_double_unlock.i_35.smt2
[DEBUG] Predicted solver: cvc5 for benchmark ALIA/20230321-UltimateAutomizerSvcomp2023/test_mutex_double_unlock.i_35.smt2
[DEBUG] Benchmark ALIA/20230321-UltimateAutomizerSvcomp2023/test_mutex_double_unlock.i_35.smt2: solved=False, runtime=1200.00s, PAR-2=2400.00s
[DEBUG] Processing 27/1229: ALIA/20230321-UltimateAutomizerSvcomp2023/dll2c_update_all_reverse.i_152.smt2
[DEBUG] Predicted solver: SMTInterpol for benchmark ALIA/20230321-UltimateAutomizerSvcomp2023/dll2c_update_all_reverse.i_152.smt2
[DEBUG] Benchmark ALIA/20230321-UltimateAutomizerSvcomp2023/dll2c_update_all_reverse.i_152.smt2: solved=True, runtime=0.75s, PAR-2=0.75s
[DEBUG] Processing 28/1229: ALIA/20230321-UltimateAutomizerSvcomp2023/sll2c_prepend_unequal.i_69.smt2
[DEBUG] Predicted solver: SMTInterpol for benchmark ALIA/20230321-UltimateAutomizerSvcomp2023/sll2c_prepend_unequal.i_69.smt2
[DEBUG] Benchmark ALIA/20230321-UltimateAutomizerSvcomp2023/sll2c_prepend_unequal.i_69.smt2: solved=False, runtime=1200.00s, PAR-2=2400.00s
[DEBUG] Processing 29/1229: ALIA/20230321-UltimateAutomizerSvcomp2023/sll2n_insert_unequal.i_81.smt2
[DEBUG] Predicted solver: SMTInterpol for benchmark ALIA/20230321-UltimateAutomizerSvcomp2023/sll2n_insert_unequal.i_81.smt2
[DEBUG] Benchmark ALIA/20230321-UltimateAutomizerSvcomp2023/sll2n_insert_unequal.i_81.smt2: solved=True, runtime=0.42s, PAR-2=0.42s
[DEBUG] Processing 30/1229: ALIA/20230321-UltimateAutomizerSvcomp2023/min_max.i_9.smt2
[DEBUG] Predicted solver: SMTInterpol for benchmark ALIA/20230321-UltimateAutomizerSvcomp2023/min_max.i_9.smt2
[DEBUG] Benchmark ALIA/20230321-UltimateAutomizerSvcomp2023/min_max.i_9.smt2: solved=True, runtime=0.53s, PAR-2=0.53s
[DEBUG] Processing 31/1229: ALIA/20230321-UltimateAutomizerSvcomp2023/test_add-2.i_14.smt2
[DEBUG] Predicted solver: cvc5 for benchmark ALIA/20230321-UltimateAutomizerSvcomp2023/test_add-2.i_14.smt2
[DEBUG] Benchmark ALIA/20230321-UltimateAutomizerSvcomp2023/test_add-2.i_14.smt2: solved=True, runtime=0.27s, PAR-2=0.27s
[DEBUG] Processing 32/1229: ALIA/20230321-UltimateAutomizerSvcomp2023/list_and_tree_cnstr-1.i_63.smt2
[DEBUG] Predicted solver: SMTInterpol for benchmark ALIA/20230321-UltimateAutomizerSvcomp2023/list_and_tree_cnstr-1.i_63.smt2
[DEBUG] Benchmark ALIA/20230321-UltimateAutomizerSvcomp2023/list_and_tree_cnstr-1.i_63.smt2: solved=True, runtime=6.74s, PAR-2=6.74s
[DEBUG] Processing 33/1229: ALIA/20230321-UltimateAutomizerSvcomp2023/sll-sorted-2.i_19.smt2
[DEBUG] Predicted solver: SMTInterpol for benchmark ALIA/20230321-UltimateAutomizerSvcomp2023/sll-sorted-2.i_19.smt2
[DEBUG] Benchmark ALIA/20230321-UltimateAutomizerSvcomp2023/sll-sorted-2.i_19.smt2: solved=True, runtime=0.45s, PAR-2=0.45s
[DEBUG] Processing 34/1229: ALIA/20230321-UltimateAutomizerSvcomp2023/test_add-2.i_77.smt2
[DEBUG] Predicted solver: cvc5 for benchmark ALIA/20230321-UltimateAutomizerSvcomp2023/test_add-2.i_77.smt2
[DEBUG] Benchmark ALIA/20230321-UltimateAutomizerSvcomp2023/test_add-2.i_77.smt2: solved=True, runtime=0.24s, PAR-2=0.24s
[DEBUG] Processing 35/1229: ALIA/20230321-UltimateAutomizerSvcomp2023/sll_to_dll_rev-2.i_126.smt2
[DEBUG] Predicted solver: cvc5 for benchmark ALIA/20230321-UltimateAutomizerSvcomp2023/sll_to_dll_rev-2.i_126.smt2
[DEBUG] Benchmark ALIA/20230321-UltimateAutomizerSvcomp2023/sll_to_dll_rev-2.i_126.smt2: solved=True, runtime=0.23s, PAR-2=0.23s
[DEBUG] Processing 36/1229: ALIA/20230321-UltimateAutomizerSvcomp2023/dll2c_update_all_reverse.i_37.smt2
[DEBUG] Predicted solver: SMTInterpol for benchmark ALIA/20230321-UltimateAutomizerSvcomp2023/dll2c_update_all_reverse.i_37.smt2
[DEBUG] Benchmark ALIA/20230321-UltimateAutomizerSvcomp2023/dll2c_update_all_reverse.i_37.smt2: solved=True, runtime=0.65s, PAR-2=0.65s
[DEBUG] Processing 37/1229: ALIA/20230321-UltimateAutomizerSvcomp2023/sll_circular_traversal-1.i_29.smt2
[DEBUG] Predicted solver: iProver for benchmark ALIA/20230321-UltimateAutomizerSvcomp2023/sll_circular_traversal-1.i_29.smt2
[DEBUG] Benchmark ALIA/20230321-UltimateAutomizerSvcomp2023/sll_circular_traversal-1.i_29.smt2: solved=True, runtime=2.38s, PAR-2=2.38s
[DEBUG] Processing 38/1229: ALIA/20230321-UltimateAutomizerSvcomp2023/ex3_forlist.i_178.smt2
[DEBUG] Predicted solver: SMTInterpol for benchmark ALIA/20230321-UltimateAutomizerSvcomp2023/ex3_forlist.i_178.smt2
[DEBUG] Benchmark ALIA/20230321-UltimateAutomizerSvcomp2023/ex3_forlist.i_178.smt2: solved=True, runtime=0.49s, PAR-2=0.49s
[DEBUG] Processing 39/1229: ALIA/20230321-UltimateAutomizerSvcomp2023/dll2c_insert_unequal.i_41.smt2
[DEBUG] Predicted solver: SMTInterpol for benchmark ALIA/20230321-UltimateAutomizerSvcomp2023/dll2c_insert_unequal.i_41.smt2
[DEBUG] Benchmark ALIA/20230321-UltimateAutomizerSvcomp2023/dll2c_insert_unequal.i_41.smt2: solved=False, runtime=1200.00s, PAR-2=2400.00s
[DEBUG] Processing 40/1229: ALIA/20230321-UltimateAutomizerSvcomp2023/ex3_forlist.i_76.smt2
[DEBUG] Predicted solver: SMTInterpol for benchmark ALIA/20230321-UltimateAutomizerSvcomp2023/ex3_forlist.i_76.smt2
[DEBUG] Benchmark ALIA/20230321-UltimateAutomizerSvcomp2023/ex3_forlist.i_76.smt2: solved=True, runtime=0.57s, PAR-2=0.57s
[DEBUG] Processing 41/1229: ALIA/20230321-UltimateAutomizerSvcomp2023/dll2c_insert_equal.i_68.smt2
[DEBUG] Predicted solver: SMTInterpol for benchmark ALIA/20230321-UltimateAutomizerSvcomp2023/dll2c_insert_equal.i_68.smt2
[DEBUG] Benchmark ALIA/20230321-UltimateAutomizerSvcomp2023/dll2c_insert_equal.i_68.smt2: solved=False, runtime=1200.00s, PAR-2=2400.00s
[DEBUG] Processing 42/1229: ALIA/20230321-UltimateAutomizerSvcomp2023/bubble_sort_linux-1.i_50.smt2
[DEBUG] Predicted solver: SMTInterpol for benchmark ALIA/20230321-UltimateAutomizerSvcomp2023/bubble_sort_linux-1.i_50.smt2
[DEBUG] Benchmark ALIA/20230321-UltimateAutomizerSvcomp2023/bubble_sort_linux-1.i_50.smt2: solved=True, runtime=9.78s, PAR-2=9.78s
[DEBUG] Processing 43/1229: ALIA/20230321-UltimateAutomizerSvcomp2023/bubble_sort_linux-1.i_66.smt2
[DEBUG] Predicted solver: cvc5 for benchmark ALIA/20230321-UltimateAutomizerSvcomp2023/bubble_sort_linux-1.i_66.smt2
[DEBUG] Benchmark ALIA/20230321-UltimateAutomizerSvcomp2023/bubble_sort_linux-1.i_66.smt2: solved=True, runtime=284.08s, PAR-2=284.08s
[DEBUG] Processing 44/1229: ALIA/20230321-UltimateAutomizerSvcomp2023/skiplist_3lvl.i_92.smt2
[DEBUG] Predicted solver: SMTInterpol for benchmark ALIA/20230321-UltimateAutomizerSvcomp2023/skiplist_3lvl.i_92.smt2
[DEBUG] Benchmark ALIA/20230321-UltimateAutomizerSvcomp2023/skiplist_3lvl.i_92.smt2: solved=True, runtime=0.66s, PAR-2=0.66s
[DEBUG] Processing 45/1229: ALIA/20230321-UltimateAutomizerSvcomp2023/shared_mem1.i_33.smt2
[DEBUG] Predicted solver: SMTInterpol for benchmark ALIA/20230321-UltimateAutomizerSvcomp2023/shared_mem1.i_33.smt2
[DEBUG] Benchmark ALIA/20230321-UltimateAutomizerSvcomp2023/shared_mem1.i_33.smt2: solved=True, runtime=0.64s, PAR-2=0.64s
[DEBUG] Processing 46/1229: ALIA/20230321-UltimateAutomizerSvcomp2023/sll2c_prepend_unequal.i_35.smt2
[DEBUG] Predicted solver: cvc5 for benchmark ALIA/20230321-UltimateAutomizerSvcomp2023/sll2c_prepend_unequal.i_35.smt2
[DEBUG] Benchmark ALIA/20230321-UltimateAutomizerSvcomp2023/sll2c_prepend_unequal.i_35.smt2: solved=False, runtime=1200.00s, PAR-2=2400.00s
[DEBUG] Processing 47/1229: ALIA/20230321-UltimateAutomizerSvcomp2023/splice-2.i_128.smt2
[DEBUG] Predicted solver: SMTInterpol for benchmark ALIA/20230321-UltimateAutomizerSvcomp2023/splice-2.i_128.smt2
[DEBUG] Benchmark ALIA/20230321-UltimateAutomizerSvcomp2023/splice-2.i_128.smt2: solved=False, runtime=1200.00s, PAR-2=2400.00s
[DEBUG] Processing 48/1229: ALIA/20230321-UltimateAutomizerSvcomp2023/simple_built_from_end.i_75.smt2
[DEBUG] Predicted solver: SMTInterpol for benchmark ALIA/20230321-UltimateAutomizerSvcomp2023/simple_built_from_end.i_75.smt2
[DEBUG] Benchmark ALIA/20230321-UltimateAutomizerSvcomp2023/simple_built_from_end.i_75.smt2: solved=True, runtime=0.57s, PAR-2=0.57s
[DEBUG] Processing 49/1229: ALIA/20230321-UltimateAutomizerSvcomp2023/sll-sorted-1.i_7.smt2
[DEBUG] Predicted solver: SMTInterpol for benchmark ALIA/20230321-UltimateAutomizerSvcomp2023/sll-sorted-1.i_7.smt2
[DEBUG] Benchmark ALIA/20230321-UltimateAutomizerSvcomp2023/sll-sorted-1.i_7.smt2: solved=True, runtime=0.41s, PAR-2=0.41s
[DEBUG] Processing 50/1229: ALIA/20230321-UltimateAutomizerSvcomp2023/dll2c_update_all_reverse.i_168.smt2
[DEBUG] Predicted solver: SMTInterpol for benchmark ALIA/20230321-UltimateAutomizerSvcomp2023/dll2c_update_all_reverse.i_168.smt2
[DEBUG] Benchmark ALIA/20230321-UltimateAutomizerSvcomp2023/dll2c_update_all_reverse.i_168.smt2: solved=True, runtime=0.74s, PAR-2=0.74s
[DEBUG] Processing 51/1229: ALIA/20230321-UltimateAutomizerSvcomp2023/sll2c_prepend_unequal.i_80.smt2
[DEBUG] Predicted solver: SMTInterpol for benchmark ALIA/20230321-UltimateAutomizerSvcomp2023/sll2c_prepend_unequal.i_80.smt2
[DEBUG] Benchmark ALIA/20230321-UltimateAutomizerSvcomp2023/sll2c_prepend_unequal.i_80.smt2: solved=True, runtime=740.51s, PAR-2=740.51s
[DEBUG] Processing 52/1229: ALIA/20230321-UltimateAutomizerSvcomp2023/sll_circular_traversal-1.i_20.smt2
[DEBUG] Predicted solver: iProver for benchmark ALIA/20230321-UltimateAutomizerSvcomp2023/sll_circular_traversal-1.i_20.smt2
[DEBUG] Benchmark ALIA/20230321-UltimateAutomizerSvcomp2023/sll_circular_traversal-1.i_20.smt2: solved=True, runtime=1.41s, PAR-2=1.41s
[DEBUG] Processing 53/1229: ALIA/20230321-UltimateAutomizerSvcomp2023/splice-2.i_95.smt2
[DEBUG] Predicted solver: SMTInterpol for benchmark ALIA/20230321-UltimateAutomizerSvcomp2023/splice-2.i_95.smt2
[DEBUG] Benchmark ALIA/20230321-UltimateAutomizerSvcomp2023/splice-2.i_95.smt2: solved=True, runtime=7.72s, PAR-2=7.72s
[DEBUG] Processing 54/1229: ALIA/20230321-UltimateAutomizerSvcomp2023/sll2n_insert_unequal.i_38.smt2
[DEBUG] Predicted solver: SMTInterpol for benchmark ALIA/20230321-UltimateAutomizerSvcomp2023/sll2n_insert_unequal.i_38.smt2
[DEBUG] Benchmark ALIA/20230321-UltimateAutomizerSvcomp2023/sll2n_insert_unequal.i_38.smt2: solved=True, runtime=202.05s, PAR-2=202.05s
[DEBUG] Processing 55/1229: ALIA/20230321-UltimateAutomizerSvcomp2023/dll-reverse.i_54.smt2
[DEBUG] Predicted solver: SMTInterpol for benchmark ALIA/20230321-UltimateAutomizerSvcomp2023/dll-reverse.i_54.smt2
[DEBUG] Benchmark ALIA/20230321-UltimateAutomizerSvcomp2023/dll-reverse.i_54.smt2: solved=True, runtime=0.44s, PAR-2=0.44s
[DEBUG] Processing 56/1229: ALIA/20230321-UltimateAutomizerSvcomp2023/sll2c_remove_all.i_10.smt2
[DEBUG] Predicted solver: cvc5 for benchmark ALIA/20230321-UltimateAutomizerSvcomp2023/sll2c_remove_all.i_10.smt2
[DEBUG] Benchmark ALIA/20230321-UltimateAutomizerSvcomp2023/sll2c_remove_all.i_10.smt2: solved=True, runtime=0.64s, PAR-2=0.64s
[DEBUG] Processing 57/1229: ALIA/20230321-UltimateAutomizerSvcomp2023/simple_built_from_end.i_62.smt2
[DEBUG] Predicted solver: SMTInterpol for benchmark ALIA/20230321-UltimateAutomizerSvcomp2023/simple_built_from_end.i_62.smt2
[DEBUG] Benchmark ALIA/20230321-UltimateAutomizerSvcomp2023/simple_built_from_end.i_62.smt2: solved=True, runtime=0.62s, PAR-2=0.62s
[DEBUG] Processing 58/1229: ALIA/20230321-UltimateAutomizerSvcomp2023/dll2n_prepend_unequal.i_33.smt2
[DEBUG] Predicted solver: SMTInterpol for benchmark ALIA/20230321-UltimateAutomizerSvcomp2023/dll2n_prepend_unequal.i_33.smt2
[DEBUG] Benchmark ALIA/20230321-UltimateAutomizerSvcomp2023/dll2n_prepend_unequal.i_33.smt2: solved=True, runtime=467.31s, PAR-2=467.31s
[DEBUG] Processing 59/1229: ALIA/20230321-UltimateAutomizerSvcomp2023/tree_cnstr.i_0.smt2
[DEBUG] Predicted solver: SMTInterpol for benchmark ALIA/20230321-UltimateAutomizerSvcomp2023/tree_cnstr.i_0.smt2
[DEBUG] Benchmark ALIA/20230321-UltimateAutomizerSvcomp2023/tree_cnstr.i_0.smt2: solved=True, runtime=0.46s, PAR-2=0.46s
[DEBUG] Processing 60/1229: ALIA/20230321-UltimateAutomizerSvcomp2023/sll_to_dll_rev-2.i_108.smt2
[DEBUG] Predicted solver: cvc5 for benchmark ALIA/20230321-UltimateAutomizerSvcomp2023/sll_to_dll_rev-2.i_108.smt2
[DEBUG] Benchmark ALIA/20230321-UltimateAutomizerSvcomp2023/sll_to_dll_rev-2.i_108.smt2: solved=True, runtime=0.26s, PAR-2=0.26s
[DEBUG] Processing 61/1229: ALIA/20230321-UltimateAutomizerSvcomp2023/list_and_tree_cnstr-1.i_60.smt2
[DEBUG] Predicted solver: SMTInterpol for benchmark ALIA/20230321-UltimateAutomizerSvcomp2023/list_and_tree_cnstr-1.i_60.smt2
[DEBUG] Benchmark ALIA/20230321-UltimateAutomizerSvcomp2023/list_and_tree_cnstr-1.i_60.smt2: solved=True, runtime=11.83s, PAR-2=11.83s
[DEBUG] Processing 62/1229: ALIA/20230321-UltimateAutomizerSvcomp2023/dll2n_insert_unequal.i_3.smt2
[DEBUG] Predicted solver: SMTInterpol for benchmark ALIA/20230321-UltimateAutomizerSvcomp2023/dll2n_insert_unequal.i_3.smt2
[DEBUG] Benchmark ALIA/20230321-UltimateAutomizerSvcomp2023/dll2n_insert_unequal.i_3.smt2: solved=False, runtime=1200.00s, PAR-2=2400.00s
[DEBUG] Processing 63/1229: ALIA/20230321-UltimateAutomizerSvcomp2023/sll2c_prepend_equal.i_30.smt2
[DEBUG] Predicted solver: SMTInterpol for benchmark ALIA/20230321-UltimateAutomizerSvcomp2023/sll2c_prepend_equal.i_30.smt2
[DEBUG] Benchmark ALIA/20230321-UltimateAutomizerSvcomp2023/sll2c_prepend_equal.i_30.smt2: solved=False, runtime=1200.00s, PAR-2=2400.00s
[DEBUG] Processing 64/1229: ALIA/20230321-UltimateAutomizerSvcomp2023/ex3_forlist.i_31.smt2
[DEBUG] Predicted solver: SMTInterpol for benchmark ALIA/20230321-UltimateAutomizerSvcomp2023/ex3_forlist.i_31.smt2
[DEBUG] Benchmark ALIA/20230321-UltimateAutomizerSvcomp2023/ex3_forlist.i_31.smt2: solved=True, runtime=0.48s, PAR-2=0.48s
[DEBUG] Processing 65/1229: ALIA/20230321-UltimateAutomizerSvcomp2023/running_example.i_11.smt2
[DEBUG] Predicted solver: SMTInterpol for benchmark ALIA/20230321-UltimateAutomizerSvcomp2023/running_example.i_11.smt2
[DEBUG] Benchmark ALIA/20230321-UltimateAutomizerSvcomp2023/running_example.i_11.smt2: solved=True, runtime=0.59s, PAR-2=0.59s
[DEBUG] Processing 66/1229: ALIA/20230321-UltimateAutomizerSvcomp2023/list_search-2.i_21.smt2
[DEBUG] Predicted solver: SMTInterpol for benchmark ALIA/20230321-UltimateAutomizerSvcomp2023/list_search-2.i_21.smt2
[DEBUG] Benchmark ALIA/20230321-UltimateAutomizerSvcomp2023/list_search-2.i_21.smt2: solved=True, runtime=0.45s, PAR-2=0.45s
[DEBUG] Processing 67/1229: ALIA/20230321-UltimateAutomizerSvcomp2023/simple-2.i_38.smt2
[DEBUG] Predicted solver: SMTInterpol for benchmark ALIA/20230321-UltimateAutomizerSvcomp2023/simple-2.i_38.smt2
[DEBUG] Benchmark ALIA/20230321-UltimateAutomizerSvcomp2023/simple-2.i_38.smt2: solved=True, runtime=0.45s, PAR-2=0.45s
[DEBUG] Processing 68/1229: ALIA/20230321-UltimateAutomizerSvcomp2023/dll2n_remove_all_reverse.i_12.smt2
[DEBUG] Predicted solver: SMTInterpol for benchmark ALIA/20230321-UltimateAutomizerSvcomp2023/dll2n_remove_all_reverse.i_12.smt2
[DEBUG] Benchmark ALIA/20230321-UltimateAutomizerSvcomp2023/dll2n_remove_all_reverse.i_12.smt2: solved=False, runtime=1200.00s, PAR-2=2400.00s
[DEBUG] Processing 69/1229: ALIA/20230321-UltimateAutomizerSvcomp2023/sll2c_prepend_equal.i_9.smt2
[DEBUG] Predicted solver: SMTInterpol for benchmark ALIA/20230321-UltimateAutomizerSvcomp2023/sll2c_prepend_equal.i_9.smt2
[DEBUG] Benchmark ALIA/20230321-UltimateAutomizerSvcomp2023/sll2c_prepend_equal.i_9.smt2: solved=True, runtime=0.43s, PAR-2=0.43s
[DEBUG] Processing 70/1229: ALIA/20230321-UltimateAutomizerSvcomp2023/split_list_test05-2.i_8.smt2
[DEBUG] Predicted solver: SMTInterpol for benchmark ALIA/20230321-UltimateAutomizerSvcomp2023/split_list_test05-2.i_8.smt2
[DEBUG] Benchmark ALIA/20230321-UltimateAutomizerSvcomp2023/split_list_test05-2.i_8.smt2: solved=True, runtime=0.43s, PAR-2=0.43s
[DEBUG] Processing 71/1229: ALIA/20230321-UltimateAutomizerSvcomp2023/dll-queue-1.i_19.smt2
[DEBUG] Predicted solver: SMTInterpol for benchmark ALIA/20230321-UltimateAutomizerSvcomp2023/dll-queue-1.i_19.smt2
[DEBUG] Benchmark ALIA/20230321-UltimateAutomizerSvcomp2023/dll-queue-1.i_19.smt2: solved=True, runtime=0.47s, PAR-2=0.47s
[DEBUG] Processing 72/1229: ALIA/20230321-UltimateAutomizerSvcomp2023/sll2c_prepend_equal.i_26.smt2
[DEBUG] Predicted solver: SMTInterpol for benchmark ALIA/20230321-UltimateAutomizerSvcomp2023/sll2c_prepend_equal.i_26.smt2
[DEBUG] Benchmark ALIA/20230321-UltimateAutomizerSvcomp2023/sll2c_prepend_equal.i_26.smt2: solved=False, runtime=1200.00s, PAR-2=2400.00s
[DEBUG] Processing 73/1229: ALIA/20230321-UltimateAutomizerSvcomp2023/list-ext_1.i_56.smt2
[DEBUG] Predicted solver: SMTInterpol for benchmark ALIA/20230321-UltimateAutomizerSvcomp2023/list-ext_1.i_56.smt2
[DEBUG] Benchmark ALIA/20230321-UltimateAutomizerSvcomp2023/list-ext_1.i_56.smt2: solved=False, runtime=1200.00s, PAR-2=2400.00s
[DEBUG] Processing 74/1229: ALIA/20230321-UltimateAutomizerSvcomp2023/length_test03-1.i_68.smt2
[DEBUG] Predicted solver: cvc5 for benchmark ALIA/20230321-UltimateAutomizerSvcomp2023/length_test03-1.i_68.smt2
[DEBUG] Benchmark ALIA/20230321-UltimateAutomizerSvcomp2023/length_test03-1.i_68.smt2: solved=False, runtime=1200.00s, PAR-2=2400.00s
[DEBUG] Processing 75/1229: ALIA/20230321-UltimateAutomizerSvcomp2023/dll2c_insert_equal.i_55.smt2
[DEBUG] Predicted solver: SMTInterpol for benchmark ALIA/20230321-UltimateAutomizerSvcomp2023/dll2c_insert_equal.i_55.smt2
[DEBUG] Benchmark ALIA/20230321-UltimateAutomizerSvcomp2023/dll2c_insert_equal.i_55.smt2: solved=False, runtime=1200.00s, PAR-2=2400.00s
[DEBUG] Processing 76/1229: ALIA/20230321-UltimateAutomizerSvcomp2023/list_and_tree_cnstr-1.i_37.smt2
[DEBUG] Predicted solver: SMTInterpol for benchmark ALIA/20230321-UltimateAutomizerSvcomp2023/list_and_tree_cnstr-1.i_37.smt2
[DEBUG] Benchmark ALIA/20230321-UltimateAutomizerSvcomp2023/list_and_tree_cnstr-1.i_37.smt2: solved=True, runtime=0.62s, PAR-2=0.62s
[DEBUG] Processing 77/1229: ALIA/20230321-UltimateAutomizerSvcomp2023/sll2c_insert_unequal.i_2.smt2
[DEBUG] Predicted solver: SMTInterpol for benchmark ALIA/20230321-UltimateAutomizerSvcomp2023/sll2c_insert_unequal.i_2.smt2
[DEBUG] Benchmark ALIA/20230321-UltimateAutomizerSvcomp2023/sll2c_insert_unequal.i_2.smt2: solved=True, runtime=0.42s, PAR-2=0.42s
[DEBUG] Processing 78/1229: ALIA/20230321-UltimateAutomizerSvcomp2023/skiplist_3lvl.i_37.smt2
[DEBUG] Predicted solver: SMTInterpol for benchmark ALIA/20230321-UltimateAutomizerSvcomp2023/skiplist_3lvl.i_37.smt2
[DEBUG] Benchmark ALIA/20230321-UltimateAutomizerSvcomp2023/skiplist_3lvl.i_37.smt2: solved=False, runtime=1200.00s, PAR-2=2400.00s
[DEBUG] Processing 79/1229: ALIA/20230321-UltimateAutomizerSvcomp2023/shared_mem1.i_60.smt2
[DEBUG] Predicted solver: SMTInterpol for benchmark ALIA/20230321-UltimateAutomizerSvcomp2023/shared_mem1.i_60.smt2
[DEBUG] Benchmark ALIA/20230321-UltimateAutomizerSvcomp2023/shared_mem1.i_60.smt2: solved=True, runtime=0.63s, PAR-2=0.63s
[DEBUG] Processing 80/1229: ALIA/20230321-UltimateAutomizerSvcomp2023/skiplist_3lvl.i_47.smt2
[DEBUG] Predicted solver: SMTInterpol for benchmark ALIA/20230321-UltimateAutomizerSvcomp2023/skiplist_3lvl.i_47.smt2
[DEBUG] Benchmark ALIA/20230321-UltimateAutomizerSvcomp2023/skiplist_3lvl.i_47.smt2: solved=True, runtime=0.84s, PAR-2=0.84s
[DEBUG] Processing 81/1229: ALIA/20230321-UltimateAutomizerSvcomp2023/list_and_tree_cnstr-1.i_36.smt2
[DEBUG] Predicted solver: SMTInterpol for benchmark ALIA/20230321-UltimateAutomizerSvcomp2023/list_and_tree_cnstr-1.i_36.smt2
[DEBUG] Benchmark ALIA/20230321-UltimateAutomizerSvcomp2023/list_and_tree_cnstr-1.i_36.smt2: solved=True, runtime=20.65s, PAR-2=20.65s
[DEBUG] Processing 82/1229: ALIA/20230321-UltimateAutomizerSvcomp2023/list-ext_flag_1.i_68.smt2
[DEBUG] Predicted solver: SMTInterpol for benchmark ALIA/20230321-UltimateAutomizerSvcomp2023/list-ext_flag_1.i_68.smt2
[DEBUG] Benchmark ALIA/20230321-UltimateAutomizerSvcomp2023/list-ext_flag_1.i_68.smt2: solved=True, runtime=0.57s, PAR-2=0.57s
[DEBUG] Processing 83/1229: ALIA/20230321-UltimateAutomizerSvcomp2023/dll2n_prepend_unequal.i_36.smt2
[DEBUG] Predicted solver: SMTInterpol for benchmark ALIA/20230321-UltimateAutomizerSvcomp2023/dll2n_prepend_unequal.i_36.smt2
[DEBUG] Benchmark ALIA/20230321-UltimateAutomizerSvcomp2023/dll2n_prepend_unequal.i_36.smt2: solved=False, runtime=1200.00s, PAR-2=2400.00s
[DEBUG] Processing 84/1229: ALIA/20230321-UltimateAutomizerSvcomp2023/bubble_sort_linux-1.i_26.smt2
[DEBUG] Predicted solver: SMTInterpol for benchmark ALIA/20230321-UltimateAutomizerSvcomp2023/bubble_sort_linux-1.i_26.smt2
[DEBUG] Benchmark ALIA/20230321-UltimateAutomizerSvcomp2023/bubble_sort_linux-1.i_26.smt2: solved=True, runtime=0.68s, PAR-2=0.68s
[DEBUG] Processing 85/1229: ALIA/20230321-UltimateAutomizerSvcomp2023/simple_built_from_end.i_2.smt2
[DEBUG] Predicted solver: SMTInterpol for benchmark ALIA/20230321-UltimateAutomizerSvcomp2023/simple_built_from_end.i_2.smt2
[DEBUG] Benchmark ALIA/20230321-UltimateAutomizerSvcomp2023/simple_built_from_end.i_2.smt2: solved=True, runtime=0.43s, PAR-2=0.43s
[DEBUG] Processing 86/1229: ALIA/20230321-UltimateAutomizerSvcomp2023/dll-rb-cnstr_1-2.i_9.smt2
[DEBUG] Predicted solver: SMTInterpol for benchmark ALIA/20230321-UltimateAutomizerSvcomp2023/dll-rb-cnstr_1-2.i_9.smt2
[DEBUG] Benchmark ALIA/20230321-UltimateAutomizerSvcomp2023/dll-rb-cnstr_1-2.i_9.smt2: solved=False, runtime=1200.00s, PAR-2=2400.00s
[DEBUG] Processing 87/1229: ALIA/20230321-UltimateAutomizerSvcomp2023/sll_of_sll_nondet_append-2.i_0.smt2
[DEBUG] Predicted solver: cvc5 for benchmark ALIA/20230321-UltimateAutomizerSvcomp2023/sll_of_sll_nondet_append-2.i_0.smt2
[DEBUG] Benchmark ALIA/20230321-UltimateAutomizerSvcomp2023/sll_of_sll_nondet_append-2.i_0.smt2: solved=False, runtime=1200.00s, PAR-2=2400.00s
[DEBUG] Processing 88/1229: ALIA/20230321-UltimateAutomizerSvcomp2023/dll2n_append_unequal.i_53.smt2
[DEBUG] Predicted solver: SMTInterpol for benchmark ALIA/20230321-UltimateAutomizerSvcomp2023/dll2n_append_unequal.i_53.smt2
[DEBUG] Benchmark ALIA/20230321-UltimateAutomizerSvcomp2023/dll2n_append_unequal.i_53.smt2: solved=True, runtime=499.85s, PAR-2=499.85s
[DEBUG] Processing 89/1229: ALIA/20230321-UltimateAutomizerSvcomp2023/sll-buckets-2.i_15.smt2
[DEBUG] Predicted solver: SMTInterpol for benchmark ALIA/20230321-UltimateAutomizerSvcomp2023/sll-buckets-2.i_15.smt2
[DEBUG] Benchmark ALIA/20230321-UltimateAutomizerSvcomp2023/sll-buckets-2.i_15.smt2: solved=True, runtime=0.50s, PAR-2=0.50s
[DEBUG] Processing 90/1229: ALIA/20230321-UltimateAutomizerSvcomp2023/shared_mem1.i_11.smt2
[DEBUG] Predicted solver: SMTInterpol for benchmark ALIA/20230321-UltimateAutomizerSvcomp2023/shared_mem1.i_11.smt2
[DEBUG] Benchmark ALIA/20230321-UltimateAutomizerSvcomp2023/shared_mem1.i_11.smt2: solved=True, runtime=0.49s, PAR-2=0.49s
[DEBUG] Processing 91/1229: ALIA/20230321-UltimateAutomizerSvcomp2023/ex3_forlist.i_74.smt2
[DEBUG] Predicted solver: SMTInterpol for benchmark ALIA/20230321-UltimateAutomizerSvcomp2023/ex3_forlist.i_74.smt2
[DEBUG] Benchmark ALIA/20230321-UltimateAutomizerSvcomp2023/ex3_forlist.i_74.smt2: solved=True, runtime=0.86s, PAR-2=0.86s
[DEBUG] Processing 92/1229: ALIA/20230321-UltimateAutomizerSvcomp2023/list-1.i_86.smt2
[DEBUG] Predicted solver: SMTInterpol for benchmark ALIA/20230321-UltimateAutomizerSvcomp2023/list-1.i_86.smt2
[DEBUG] Benchmark ALIA/20230321-UltimateAutomizerSvcomp2023/list-1.i_86.smt2: solved=True, runtime=1.27s, PAR-2=1.27s
[DEBUG] Processing 93/1229: ALIA/20230321-UltimateAutomizerSvcomp2023/dll2n_append_equal.i_50.smt2
[DEBUG] Predicted solver: SMTInterpol for benchmark ALIA/20230321-UltimateAutomizerSvcomp2023/dll2n_append_equal.i_50.smt2
[DEBUG] Benchmark ALIA/20230321-UltimateAutomizerSvcomp2023/dll2n_append_equal.i_50.smt2: solved=True, runtime=0.44s, PAR-2=0.44s
[DEBUG] Processing 94/1229: ALIA/20230321-UltimateAutomizerSvcomp2023/test_add-2.i_83.smt2
[DEBUG] Predicted solver: cvc5 for benchmark ALIA/20230321-UltimateAutomizerSvcomp2023/test_add-2.i_83.smt2
[DEBUG] Benchmark ALIA/20230321-UltimateAutomizerSvcomp2023/test_add-2.i_83.smt2: solved=True, runtime=0.30s, PAR-2=0.30s
[DEBUG] Processing 95/1229: ALIA/20230321-UltimateAutomizerSvcomp2023/sll_circular_traversal-2.i_2.smt2
[DEBUG] Predicted solver: iProver for benchmark ALIA/20230321-UltimateAutomizerSvcomp2023/sll_circular_traversal-2.i_2.smt2
[DEBUG] Benchmark ALIA/20230321-UltimateAutomizerSvcomp2023/sll_circular_traversal-2.i_2.smt2: solved=False, runtime=1200.00s, PAR-2=2400.00s
[DEBUG] Processing 96/1229: ALIA/20230321-UltimateAutomizerSvcomp2023/dll2c_update_all_reverse.i_15.smt2
[DEBUG] Predicted solver: SMTInterpol for benchmark ALIA/20230321-UltimateAutomizerSvcomp2023/dll2c_update_all_reverse.i_15.smt2
[DEBUG] Benchmark ALIA/20230321-UltimateAutomizerSvcomp2023/dll2c_update_all_reverse.i_15.smt2: solved=True, runtime=0.57s, PAR-2=0.57s
[DEBUG] Processing 97/1229: ALIA/20230321-UltimateAutomizerSvcomp2023/ex3_forlist.i_20.smt2
[DEBUG] Predicted solver: SMTInterpol for benchmark ALIA/20230321-UltimateAutomizerSvcomp2023/ex3_forlist.i_20.smt2
[DEBUG] Benchmark ALIA/20230321-UltimateAutomizerSvcomp2023/ex3_forlist.i_20.smt2: solved=True, runtime=0.56s, PAR-2=0.56s
[DEBUG] Processing 98/1229: ALIA/20230321-UltimateAutomizerSvcomp2023/list_search-2.i_29.smt2
[DEBUG] Predicted solver: SMTInterpol for benchmark ALIA/20230321-UltimateAutomizerSvcomp2023/list_search-2.i_29.smt2
[DEBUG] Benchmark ALIA/20230321-UltimateAutomizerSvcomp2023/list_search-2.i_29.smt2: solved=True, runtime=0.47s, PAR-2=0.47s
[DEBUG] Processing 99/1229: ALIA/20230321-UltimateAutomizerSvcomp2023/dll2n_append_unequal.i_12.smt2
[DEBUG] Predicted solver: SMTInterpol for benchmark ALIA/20230321-UltimateAutomizerSvcomp2023/dll2n_append_unequal.i_12.smt2
[DEBUG] Benchmark ALIA/20230321-UltimateAutomizerSvcomp2023/dll2n_append_unequal.i_12.smt2: solved=True, runtime=0.45s, PAR-2=0.45s
[DEBUG] Processing 100/1229: ALIA/20230321-UltimateAutomizerSvcomp2023/ex3_forlist.i_175.smt2
[DEBUG] Predicted solver: SMTInterpol for benchmark ALIA/20230321-UltimateAutomizerSvcomp2023/ex3_forlist.i_175.smt2
[DEBUG] Benchmark ALIA/20230321-UltimateAutomizerSvcomp2023/ex3_forlist.i_175.smt2: solved=True, runtime=0.53s, PAR-2=0.53s
[DEBUG] Processing 101/1229: ALIA/20230321-UltimateAutomizerSvcomp2023/length_test03-1.i_20.smt2
[DEBUG] Predicted solver: SMTInterpol for benchmark ALIA/20230321-UltimateAutomizerSvcomp2023/length_test03-1.i_20.smt2
[DEBUG] Benchmark ALIA/20230321-UltimateAutomizerSvcomp2023/length_test03-1.i_20.smt2: solved=True, runtime=0.42s, PAR-2=0.42s
[DEBUG] Processing 102/1229: ALIA/20230321-UltimateAutomizerSvcomp2023/sll_to_dll_rev-1.i_35.smt2
[DEBUG] Predicted solver: cvc5 for benchmark ALIA/20230321-UltimateAutomizerSvcomp2023/sll_to_dll_rev-1.i_35.smt2
[DEBUG] Benchmark ALIA/20230321-UltimateAutomizerSvcomp2023/sll_to_dll_rev-1.i_35.smt2: solved=True, runtime=0.22s, PAR-2=0.22s
[DEBUG] Processing 103/1229: ALIA/20230321-UltimateAutomizerSvcomp2023/ex3_forlist.i_93.smt2
[DEBUG] Predicted solver: SMTInterpol for benchmark ALIA/20230321-UltimateAutomizerSvcomp2023/ex3_forlist.i_93.smt2
[DEBUG] Benchmark ALIA/20230321-UltimateAutomizerSvcomp2023/ex3_forlist.i_93.smt2: solved=True, runtime=0.51s, PAR-2=0.51s
[DEBUG] Processing 104/1229: ALIA/20230321-UltimateAutomizerSvcomp2023/length_test03-1.i_208.smt2
[DEBUG] Predicted solver: SMTInterpol for benchmark ALIA/20230321-UltimateAutomizerSvcomp2023/length_test03-1.i_208.smt2
[DEBUG] Benchmark ALIA/20230321-UltimateAutomizerSvcomp2023/length_test03-1.i_208.smt2: solved=True, runtime=1.15s, PAR-2=1.15s
[DEBUG] Processing 105/1229: ALIA/20230321-UltimateAutomizerSvcomp2023/dll2c_insert_equal.i_15.smt2
[DEBUG] Predicted solver: SMTInterpol for benchmark ALIA/20230321-UltimateAutomizerSvcomp2023/dll2c_insert_equal.i_15.smt2
[DEBUG] Benchmark ALIA/20230321-UltimateAutomizerSvcomp2023/dll2c_insert_equal.i_15.smt2: solved=False, runtime=1200.00s, PAR-2=2400.00s
[DEBUG] Processing 106/1229: ALIA/20230321-UltimateAutomizerSvcomp2023/sll_circular_traversal-1.i_61.smt2
[DEBUG] Predicted solver: SMTInterpol for benchmark ALIA/20230321-UltimateAutomizerSvcomp2023/sll_circular_traversal-1.i_61.smt2
[DEBUG] Benchmark ALIA/20230321-UltimateAutomizerSvcomp2023/sll_circular_traversal-1.i_61.smt2: solved=False, runtime=1200.00s, PAR-2=2400.00s
[DEBUG] Processing 107/1229: ALIA/20230321-UltimateAutomizerSvcomp2023/length_test03-1.i_43.smt2
[DEBUG] Predicted solver: SMTInterpol for benchmark ALIA/20230321-UltimateAutomizerSvcomp2023/length_test03-1.i_43.smt2
[DEBUG] Benchmark ALIA/20230321-UltimateAutomizerSvcomp2023/length_test03-1.i_43.smt2: solved=True, runtime=97.17s, PAR-2=97.17s
[DEBUG] Processing 108/1229: ALIA/20230321-UltimateAutomizerSvcomp2023/sll2c_prepend_unequal.i_20.smt2
[DEBUG] Predicted solver: SMTInterpol for benchmark ALIA/20230321-UltimateAutomizerSvcomp2023/sll2c_prepend_unequal.i_20.smt2
[DEBUG] Benchmark ALIA/20230321-UltimateAutomizerSvcomp2023/sll2c_prepend_unequal.i_20.smt2: solved=False, runtime=1200.00s, PAR-2=2400.00s
[DEBUG] Processing 109/1229: ALIA/20230321-UltimateAutomizerSvcomp2023/sll2c_insert_equal.i_31.smt2
[DEBUG] Predicted solver: SMTInterpol for benchmark ALIA/20230321-UltimateAutomizerSvcomp2023/sll2c_insert_equal.i_31.smt2
[DEBUG] Benchmark ALIA/20230321-UltimateAutomizerSvcomp2023/sll2c_insert_equal.i_31.smt2: solved=True, runtime=6.48s, PAR-2=6.48s
[DEBUG] Processing 110/1229: ALIA/20230321-UltimateAutomizerSvcomp2023/test_mutex_double_unlock.i_30.smt2
[DEBUG] Predicted solver: cvc5 for benchmark ALIA/20230321-UltimateAutomizerSvcomp2023/test_mutex_double_unlock.i_30.smt2
[DEBUG] Benchmark ALIA/20230321-UltimateAutomizerSvcomp2023/test_mutex_double_unlock.i_30.smt2: solved=True, runtime=0.29s, PAR-2=0.29s
[DEBUG] Processing 111/1229: ALIA/20230321-UltimateAutomizerSvcomp2023/dll_circular_traversal-2.i_163.smt2
[DEBUG] Predicted solver: SMTInterpol for benchmark ALIA/20230321-UltimateAutomizerSvcomp2023/dll_circular_traversal-2.i_163.smt2
[DEBUG] Benchmark ALIA/20230321-UltimateAutomizerSvcomp2023/dll_circular_traversal-2.i_163.smt2: solved=True, runtime=630.05s, PAR-2=630.05s
[DEBUG] Processing 112/1229: ALIA/20230321-UltimateAutomizerSvcomp2023/dll2c_update_all_reverse.i_218.smt2
[DEBUG] Predicted solver: SMTInterpol for benchmark ALIA/20230321-UltimateAutomizerSvcomp2023/dll2c_update_all_reverse.i_218.smt2
[DEBUG] Benchmark ALIA/20230321-UltimateAutomizerSvcomp2023/dll2c_update_all_reverse.i_218.smt2: solved=True, runtime=0.62s, PAR-2=0.62s
[DEBUG] Processing 113/1229: ALIA/20230321-UltimateAutomizerSvcomp2023/dll2c_update_all_reverse.i_130.smt2
[DEBUG] Predicted solver: SMTInterpol for benchmark ALIA/20230321-UltimateAutomizerSvcomp2023/dll2c_update_all_reverse.i_130.smt2
[DEBUG] Benchmark ALIA/20230321-UltimateAutomizerSvcomp2023/dll2c_update_all_reverse.i_130.smt2: solved=True, runtime=0.73s, PAR-2=0.73s
[DEBUG] Processing 114/1229: ALIA/20230321-UltimateAutomizerSvcomp2023/list_and_tree_cnstr-2.i_49.smt2
[DEBUG] Predicted solver: SMTInterpol for benchmark ALIA/20230321-UltimateAutomizerSvcomp2023/list_and_tree_cnstr-2.i_49.smt2
[DEBUG] Benchmark ALIA/20230321-UltimateAutomizerSvcomp2023/list_and_tree_cnstr-2.i_49.smt2: solved=True, runtime=0.74s, PAR-2=0.74s
[DEBUG] Processing 115/1229: ALIA/20230321-UltimateAutomizerSvcomp2023/sll_to_dll_rev-1.i_34.smt2
[DEBUG] Predicted solver: cvc5 for benchmark ALIA/20230321-UltimateAutomizerSvcomp2023/sll_to_dll_rev-1.i_34.smt2
[DEBUG] Benchmark ALIA/20230321-UltimateAutomizerSvcomp2023/sll_to_dll_rev-1.i_34.smt2: solved=True, runtime=0.22s, PAR-2=0.22s
[DEBUG] Processing 116/1229: ALIA/20230321-UltimateAutomizerSvcomp2023/sll2c_prepend_unequal.i_65.smt2
[DEBUG] Predicted solver: SMTInterpol for benchmark ALIA/20230321-UltimateAutomizerSvcomp2023/sll2c_prepend_unequal.i_65.smt2
[DEBUG] Benchmark ALIA/20230321-UltimateAutomizerSvcomp2023/sll2c_prepend_unequal.i_65.smt2: solved=False, runtime=1200.00s, PAR-2=2400.00s
[DEBUG] Processing 117/1229: ALIA/20230321-UltimateAutomizerSvcomp2023/dll_circular_traversal-2.i_159.smt2
[DEBUG] Predicted solver: SMTInterpol for benchmark ALIA/20230321-UltimateAutomizerSvcomp2023/dll_circular_traversal-2.i_159.smt2
[DEBUG] Benchmark ALIA/20230321-UltimateAutomizerSvcomp2023/dll_circular_traversal-2.i_159.smt2: solved=True, runtime=570.87s, PAR-2=570.87s
[DEBUG] Processing 118/1229: ALIA/20230321-UltimateAutomizerSvcomp2023/test_add-2.i_106.smt2
[DEBUG] Predicted solver: cvc5 for benchmark ALIA/20230321-UltimateAutomizerSvcomp2023/test_add-2.i_106.smt2
[DEBUG] Benchmark ALIA/20230321-UltimateAutomizerSvcomp2023/test_add-2.i_106.smt2: solved=True, runtime=31.34s, PAR-2=31.34s
[DEBUG] Processing 119/1229: ALIA/20230321-UltimateAutomizerSvcomp2023/dll_of_dll-1.i_54.smt2
[DEBUG] Predicted solver: SMTInterpol for benchmark ALIA/20230321-UltimateAutomizerSvcomp2023/dll_of_dll-1.i_54.smt2
[DEBUG] Benchmark ALIA/20230321-UltimateAutomizerSvcomp2023/dll_of_dll-1.i_54.smt2: solved=True, runtime=0.48s, PAR-2=0.48s
[DEBUG] Processing 120/1229: ALIA/20230321-UltimateAutomizerSvcomp2023/length_test03-1.i_127.smt2
[DEBUG] Predicted solver: SMTInterpol for benchmark ALIA/20230321-UltimateAutomizerSvcomp2023/length_test03-1.i_127.smt2
[DEBUG] Benchmark ALIA/20230321-UltimateAutomizerSvcomp2023/length_test03-1.i_127.smt2: solved=True, runtime=0.63s, PAR-2=0.63s
[DEBUG] Processing 121/1229: ALIA/20230321-UltimateAutomizerSvcomp2023/test_mutex_unlock_at_exit.i_23.smt2
[DEBUG] Predicted solver: SMTInterpol for benchmark ALIA/20230321-UltimateAutomizerSvcomp2023/test_mutex_unlock_at_exit.i_23.smt2
[DEBUG] Benchmark ALIA/20230321-UltimateAutomizerSvcomp2023/test_mutex_unlock_at_exit.i_23.smt2: solved=True, runtime=25.91s, PAR-2=25.91s
[DEBUG] Processing 122/1229: ALIA/20230321-UltimateAutomizerSvcomp2023/list-ext_flag.i_82.smt2
[DEBUG] Predicted solver: cvc5 for benchmark ALIA/20230321-UltimateAutomizerSvcomp2023/list-ext_flag.i_82.smt2
[DEBUG] Benchmark ALIA/20230321-UltimateAutomizerSvcomp2023/list-ext_flag.i_82.smt2: solved=False, runtime=1200.00s, PAR-2=2400.00s
[DEBUG] Processing 123/1229: ALIA/20230321-UltimateAutomizerSvcomp2023/sll-buckets-2.i_17.smt2
[DEBUG] Predicted solver: SMTInterpol for benchmark ALIA/20230321-UltimateAutomizerSvcomp2023/sll-buckets-2.i_17.smt2
[DEBUG] Benchmark ALIA/20230321-UltimateAutomizerSvcomp2023/sll-buckets-2.i_17.smt2: solved=True, runtime=0.50s, PAR-2=0.50s
[DEBUG] Processing 124/1229: ALIA/20230321-UltimateAutomizerSvcomp2023/dll_of_dll-1.i_11.smt2
[DEBUG] Predicted solver: SMTInterpol for benchmark ALIA/20230321-UltimateAutomizerSvcomp2023/dll_of_dll-1.i_11.smt2
[DEBUG] Benchmark ALIA/20230321-UltimateAutomizerSvcomp2023/dll_of_dll-1.i_11.smt2: solved=True, runtime=0.48s, PAR-2=0.48s
[DEBUG] Processing 125/1229: ALIA/20230321-UltimateAutomizerSvcomp2023/simple_and_skiplist_2lvl-2.i_32.smt2
[DEBUG] Predicted solver: SMTInterpol for benchmark ALIA/20230321-UltimateAutomizerSvcomp2023/simple_and_skiplist_2lvl-2.i_32.smt2
[DEBUG] Benchmark ALIA/20230321-UltimateAutomizerSvcomp2023/simple_and_skiplist_2lvl-2.i_32.smt2: solved=True, runtime=0.50s, PAR-2=0.50s
[DEBUG] Processing 126/1229: ALIA/20230321-UltimateAutomizerSvcomp2023/sll2c_prepend_unequal.i_74.smt2
[DEBUG] Predicted solver: SMTInterpol for benchmark ALIA/20230321-UltimateAutomizerSvcomp2023/sll2c_prepend_unequal.i_74.smt2
[DEBUG] Benchmark ALIA/20230321-UltimateAutomizerSvcomp2023/sll2c_prepend_unequal.i_74.smt2: solved=False, runtime=1200.00s, PAR-2=2400.00s
[DEBUG] Processing 127/1229: ALIA/20230321-UltimateAutomizerSvcomp2023/simple_search_value-1.i_70.smt2
[DEBUG] Predicted solver: SMTInterpol for benchmark ALIA/20230321-UltimateAutomizerSvcomp2023/simple_search_value-1.i_70.smt2
[DEBUG] Benchmark ALIA/20230321-UltimateAutomizerSvcomp2023/simple_search_value-1.i_70.smt2: solved=True, runtime=31.44s, PAR-2=31.44s
[DEBUG] Processing 128/1229: ALIA/20230321-UltimateAutomizerSvcomp2023/shared_mem1.i_53.smt2
[DEBUG] Predicted solver: SMTInterpol for benchmark ALIA/20230321-UltimateAutomizerSvcomp2023/shared_mem1.i_53.smt2
[DEBUG] Benchmark ALIA/20230321-UltimateAutomizerSvcomp2023/shared_mem1.i_53.smt2: solved=False, runtime=1200.00s, PAR-2=2400.00s
[DEBUG] Processing 129/1229: ALIA/20230321-UltimateAutomizerSvcomp2023/dll_circular_traversal-2.i_15.smt2
[DEBUG] Predicted solver: iProver for benchmark ALIA/20230321-UltimateAutomizerSvcomp2023/dll_circular_traversal-2.i_15.smt2
[DEBUG] Benchmark ALIA/20230321-UltimateAutomizerSvcomp2023/dll_circular_traversal-2.i_15.smt2: solved=True, runtime=0.91s, PAR-2=0.91s
[DEBUG] Processing 130/1229: ALIA/20230321-UltimateAutomizerSvcomp2023/prefixsum_rec.c_33.smt2
[DEBUG] Predicted solver: SMTInterpol for benchmark ALIA/20230321-UltimateAutomizerSvcomp2023/prefixsum_rec.c_33.smt2
[DEBUG] Benchmark ALIA/20230321-UltimateAutomizerSvcomp2023/prefixsum_rec.c_33.smt2: solved=True, runtime=0.45s, PAR-2=0.45s
[DEBUG] Processing 131/1229: ALIA/20230321-UltimateAutomizerSvcomp2023/sll2n_update_all.i_30.smt2
[DEBUG] Predicted solver: SMTInterpol for benchmark ALIA/20230321-UltimateAutomizerSvcomp2023/sll2n_update_all.i_30.smt2
[DEBUG] Benchmark ALIA/20230321-UltimateAutomizerSvcomp2023/sll2n_update_all.i_30.smt2: solved=True, runtime=0.47s, PAR-2=0.47s
[DEBUG] Processing 132/1229: ALIA/20230321-UltimateAutomizerSvcomp2023/sll2n_append_unequal.i_26.smt2
[DEBUG] Predicted solver: SMTInterpol for benchmark ALIA/20230321-UltimateAutomizerSvcomp2023/sll2n_append_unequal.i_26.smt2
[DEBUG] Benchmark ALIA/20230321-UltimateAutomizerSvcomp2023/sll2n_append_unequal.i_26.smt2: solved=True, runtime=0.44s, PAR-2=0.44s
[DEBUG] Processing 133/1229: ALIA/20230321-UltimateAutomizerSvcomp2023/sll-optional-1.i_8.smt2
[DEBUG] Predicted solver: SMTInterpol for benchmark ALIA/20230321-UltimateAutomizerSvcomp2023/sll-optional-1.i_8.smt2
[DEBUG] Benchmark ALIA/20230321-UltimateAutomizerSvcomp2023/sll-optional-1.i_8.smt2: solved=False, runtime=1200.00s, PAR-2=2400.00s
[DEBUG] Processing 134/1229: ALIA/20230321-UltimateAutomizerSvcomp2023/tree_stack.i_1.smt2
[DEBUG] Predicted solver: SMTInterpol for benchmark ALIA/20230321-UltimateAutomizerSvcomp2023/tree_stack.i_1.smt2
[DEBUG] Benchmark ALIA/20230321-UltimateAutomizerSvcomp2023/tree_stack.i_1.smt2: solved=True, runtime=0.43s, PAR-2=0.43s
[DEBUG] Processing 135/1229: ALIA/20230321-UltimateAutomizerSvcomp2023/sll-sorted-2.i_28.smt2
[DEBUG] Predicted solver: SMTInterpol for benchmark ALIA/20230321-UltimateAutomizerSvcomp2023/sll-sorted-2.i_28.smt2
[DEBUG] Benchmark ALIA/20230321-UltimateAutomizerSvcomp2023/sll-sorted-2.i_28.smt2: solved=True, runtime=4.07s, PAR-2=4.07s
[DEBUG] Processing 136/1229: ALIA/20230321-UltimateAutomizerSvcomp2023/test_mutex_double_unlock.i_36.smt2
[DEBUG] Predicted solver: cvc5 for benchmark ALIA/20230321-UltimateAutomizerSvcomp2023/test_mutex_double_unlock.i_36.smt2
[DEBUG] Benchmark ALIA/20230321-UltimateAutomizerSvcomp2023/test_mutex_double_unlock.i_36.smt2: solved=False, runtime=1200.00s, PAR-2=2400.00s
[DEBUG] Processing 137/1229: ALIA/20230321-UltimateAutomizerSvcomp2023/bubble_sort_linux-2.i_7.smt2
[DEBUG] Predicted solver: SMTInterpol for benchmark ALIA/20230321-UltimateAutomizerSvcomp2023/bubble_sort_linux-2.i_7.smt2
[DEBUG] Benchmark ALIA/20230321-UltimateAutomizerSvcomp2023/bubble_sort_linux-2.i_7.smt2: solved=True, runtime=1.67s, PAR-2=1.67s
[DEBUG] Processing 138/1229: ALIA/20230321-UltimateAutomizerSvcomp2023/length_test03-1.i_113.smt2
[DEBUG] Predicted solver: SMTInterpol for benchmark ALIA/20230321-UltimateAutomizerSvcomp2023/length_test03-1.i_113.smt2
[DEBUG] Benchmark ALIA/20230321-UltimateAutomizerSvcomp2023/length_test03-1.i_113.smt2: solved=True, runtime=1.19s, PAR-2=1.19s
[DEBUG] Processing 139/1229: ALIA/20230321-UltimateAutomizerSvcomp2023/dll2c_update_all_reverse.i_208.smt2
[DEBUG] Predicted solver: SMTInterpol for benchmark ALIA/20230321-UltimateAutomizerSvcomp2023/dll2c_update_all_reverse.i_208.smt2
[DEBUG] Benchmark ALIA/20230321-UltimateAutomizerSvcomp2023/dll2c_update_all_reverse.i_208.smt2: solved=True, runtime=0.63s, PAR-2=0.63s
[DEBUG] Processing 140/1229: ALIA/20230321-UltimateAutomizerSvcomp2023/dll2c_insert_unequal.i_36.smt2
[DEBUG] Predicted solver: SMTInterpol for benchmark ALIA/20230321-UltimateAutomizerSvcomp2023/dll2c_insert_unequal.i_36.smt2
[DEBUG] Benchmark ALIA/20230321-UltimateAutomizerSvcomp2023/dll2c_insert_unequal.i_36.smt2: solved=False, runtime=1200.00s, PAR-2=2400.00s
[DEBUG] Processing 141/1229: ALIA/20230321-UltimateAutomizerSvcomp2023/sll2c_insert_equal.i_66.smt2
[DEBUG] Predicted solver: SMTInterpol for benchmark ALIA/20230321-UltimateAutomizerSvcomp2023/sll2c_insert_equal.i_66.smt2
[DEBUG] Benchmark ALIA/20230321-UltimateAutomizerSvcomp2023/sll2c_insert_equal.i_66.smt2: solved=True, runtime=0.42s, PAR-2=0.42s
[DEBUG] Processing 142/1229: ALIA/20230321-UltimateAutomizerSvcomp2023/dll2c_insert_unequal.i_5.smt2
[DEBUG] Predicted solver: SMTInterpol for benchmark ALIA/20230321-UltimateAutomizerSvcomp2023/dll2c_insert_unequal.i_5.smt2
[DEBUG] Benchmark ALIA/20230321-UltimateAutomizerSvcomp2023/dll2c_insert_unequal.i_5.smt2: solved=True, runtime=0.45s, PAR-2=0.45s
[DEBUG] Processing 143/1229: ALIA/20230321-UltimateAutomizerSvcomp2023/simple_built_from_end.i_65.smt2
[DEBUG] Predicted solver: SMTInterpol for benchmark ALIA/20230321-UltimateAutomizerSvcomp2023/simple_built_from_end.i_65.smt2
[DEBUG] Benchmark ALIA/20230321-UltimateAutomizerSvcomp2023/simple_built_from_end.i_65.smt2: solved=True, runtime=0.62s, PAR-2=0.62s
[DEBUG] Processing 144/1229: ALIA/20230321-UltimateAutomizerSvcomp2023/list_and_tree_cnstr-1.i_47.smt2
[DEBUG] Predicted solver: SMTInterpol for benchmark ALIA/20230321-UltimateAutomizerSvcomp2023/list_and_tree_cnstr-1.i_47.smt2
[DEBUG] Benchmark ALIA/20230321-UltimateAutomizerSvcomp2023/list_and_tree_cnstr-1.i_47.smt2: solved=True, runtime=596.69s, PAR-2=596.69s
[DEBUG] Processing 145/1229: ALIA/20230321-UltimateAutomizerSvcomp2023/bubble_sort_linux-1.i_21.smt2
[DEBUG] Predicted solver: SMTInterpol for benchmark ALIA/20230321-UltimateAutomizerSvcomp2023/bubble_sort_linux-1.i_21.smt2
[DEBUG] Benchmark ALIA/20230321-UltimateAutomizerSvcomp2023/bubble_sort_linux-1.i_21.smt2: solved=True, runtime=1.24s, PAR-2=1.24s
[DEBUG] Processing 146/1229: ALIA/20230321-UltimateAutomizerSvcomp2023/splice-2.i_93.smt2
[DEBUG] Predicted solver: SMTInterpol for benchmark ALIA/20230321-UltimateAutomizerSvcomp2023/splice-2.i_93.smt2
[DEBUG] Benchmark ALIA/20230321-UltimateAutomizerSvcomp2023/splice-2.i_93.smt2: solved=True, runtime=0.93s, PAR-2=0.93s
[DEBUG] Processing 147/1229: ALIA/20230321-UltimateAutomizerSvcomp2023/dll_circular_traversal-2.i_10.smt2
[DEBUG] Predicted solver: SMTInterpol for benchmark ALIA/20230321-UltimateAutomizerSvcomp2023/dll_circular_traversal-2.i_10.smt2
[DEBUG] Benchmark ALIA/20230321-UltimateAutomizerSvcomp2023/dll_circular_traversal-2.i_10.smt2: solved=True, runtime=0.46s, PAR-2=0.46s
[DEBUG] Processing 148/1229: ALIA/20230321-UltimateAutomizerSvcomp2023/dll2n_remove_all.i_2.smt2
[DEBUG] Predicted solver: SMTInterpol for benchmark ALIA/20230321-UltimateAutomizerSvcomp2023/dll2n_remove_all.i_2.smt2
[DEBUG] Benchmark ALIA/20230321-UltimateAutomizerSvcomp2023/dll2n_remove_all.i_2.smt2: solved=True, runtime=2.04s, PAR-2=2.04s
[DEBUG] Processing 149/1229: ALIA/20230321-UltimateAutomizerSvcomp2023/tree_parent_ptr.i_0.smt2
[DEBUG] Predicted solver: SMTInterpol for benchmark ALIA/20230321-UltimateAutomizerSvcomp2023/tree_parent_ptr.i_0.smt2
[DEBUG] Benchmark ALIA/20230321-UltimateAutomizerSvcomp2023/tree_parent_ptr.i_0.smt2: solved=True, runtime=0.42s, PAR-2=0.42s
[DEBUG] Processing 150/1229: ALIA/20230321-UltimateAutomizerSvcomp2023/length_test03-1.i_100.smt2
[DEBUG] Predicted solver: SMTInterpol for benchmark ALIA/20230321-UltimateAutomizerSvcomp2023/length_test03-1.i_100.smt2
[DEBUG] Benchmark ALIA/20230321-UltimateAutomizerSvcomp2023/length_test03-1.i_100.smt2: solved=True, runtime=194.89s, PAR-2=194.89s
[DEBUG] Processing 151/1229: ALIA/20230321-UltimateAutomizerSvcomp2023/sll2c_insert_equal.i_64.smt2
[DEBUG] Predicted solver: SMTInterpol for benchmark ALIA/20230321-UltimateAutomizerSvcomp2023/sll2c_insert_equal.i_64.smt2
[DEBUG] Benchmark ALIA/20230321-UltimateAutomizerSvcomp2023/sll2c_insert_equal.i_64.smt2: solved=True, runtime=274.17s, PAR-2=274.17s
[DEBUG] Processing 152/1229: ALIA/20230321-UltimateAutomizerSvcomp2023/bubble_sort_linux-2.i_17.smt2
[DEBUG] Predicted solver: cvc5 for benchmark ALIA/20230321-UltimateAutomizerSvcomp2023/bubble_sort_linux-2.i_17.smt2
[DEBUG] Benchmark ALIA/20230321-UltimateAutomizerSvcomp2023/bubble_sort_linux-2.i_17.smt2: solved=True, runtime=0.41s, PAR-2=0.41s
[DEBUG] Processing 153/1229: ALIA/20230321-UltimateAutomizerSvcomp2023/dll_of_dll-1.i_30.smt2
[DEBUG] Predicted solver: SMTInterpol for benchmark ALIA/20230321-UltimateAutomizerSvcomp2023/dll_of_dll-1.i_30.smt2
[DEBUG] Benchmark ALIA/20230321-UltimateAutomizerSvcomp2023/dll_of_dll-1.i_30.smt2: solved=True, runtime=0.52s, PAR-2=0.52s
[DEBUG] Processing 154/1229: ALIA/20230321-UltimateAutomizerSvcomp2023/test_add-2.i_52.smt2
[DEBUG] Predicted solver: cvc5 for benchmark ALIA/20230321-UltimateAutomizerSvcomp2023/test_add-2.i_52.smt2
[DEBUG] Benchmark ALIA/20230321-UltimateAutomizerSvcomp2023/test_add-2.i_52.smt2: solved=True, runtime=0.32s, PAR-2=0.32s
[DEBUG] Processing 155/1229: ALIA/20230321-UltimateAutomizerSvcomp2023/length_test03-1.i_75.smt2
[DEBUG] Predicted solver: iProver for benchmark ALIA/20230321-UltimateAutomizerSvcomp2023/length_test03-1.i_75.smt2
[DEBUG] Benchmark ALIA/20230321-UltimateAutomizerSvcomp2023/length_test03-1.i_75.smt2: solved=True, runtime=646.89s, PAR-2=646.89s
[DEBUG] Processing 156/1229: ALIA/20230321-UltimateAutomizerSvcomp2023/simple_and_skiplist_2lvl-2.i_33.smt2
[DEBUG] Predicted solver: SMTInterpol for benchmark ALIA/20230321-UltimateAutomizerSvcomp2023/simple_and_skiplist_2lvl-2.i_33.smt2
[DEBUG] Benchmark ALIA/20230321-UltimateAutomizerSvcomp2023/simple_and_skiplist_2lvl-2.i_33.smt2: solved=True, runtime=0.49s, PAR-2=0.49s
[DEBUG] Processing 157/1229: ALIA/20230321-UltimateAutomizerSvcomp2023/bubble_sort_linux-2.i_4.smt2
[DEBUG] Predicted solver: SMTInterpol for benchmark ALIA/20230321-UltimateAutomizerSvcomp2023/bubble_sort_linux-2.i_4.smt2
[DEBUG] Benchmark ALIA/20230321-UltimateAutomizerSvcomp2023/bubble_sort_linux-2.i_4.smt2: solved=True, runtime=0.50s, PAR-2=0.50s
[DEBUG] Processing 158/1229: ALIA/20230321-UltimateAutomizerSvcomp2023/length_test03-1.i_72.smt2
[DEBUG] Predicted solver: cvc5 for benchmark ALIA/20230321-UltimateAutomizerSvcomp2023/length_test03-1.i_72.smt2
[DEBUG] Benchmark ALIA/20230321-UltimateAutomizerSvcomp2023/length_test03-1.i_72.smt2: solved=False, runtime=1200.00s, PAR-2=2400.00s
[DEBUG] Processing 159/1229: ALIA/20230321-UltimateAutomizerSvcomp2023/list_and_tree_cnstr-2.i_67.smt2
[DEBUG] Predicted solver: SMTInterpol for benchmark ALIA/20230321-UltimateAutomizerSvcomp2023/list_and_tree_cnstr-2.i_67.smt2
[DEBUG] Benchmark ALIA/20230321-UltimateAutomizerSvcomp2023/list_and_tree_cnstr-2.i_67.smt2: solved=True, runtime=4.10s, PAR-2=4.10s
[DEBUG] Processing 160/1229: ALIA/20230321-UltimateAutomizerSvcomp2023/sll_circular_traversal-1.i_66.smt2
[DEBUG] Predicted solver: SMTInterpol for benchmark ALIA/20230321-UltimateAutomizerSvcomp2023/sll_circular_traversal-1.i_66.smt2
[DEBUG] Benchmark ALIA/20230321-UltimateAutomizerSvcomp2023/sll_circular_traversal-1.i_66.smt2: solved=False, runtime=1200.00s, PAR-2=2400.00s
[DEBUG] Processing 161/1229: ALIA/20230321-UltimateAutomizerSvcomp2023/sll2n_append_unequal.i_27.smt2
[DEBUG] Predicted solver: SMTInterpol for benchmark ALIA/20230321-UltimateAutomizerSvcomp2023/sll2n_append_unequal.i_27.smt2
[DEBUG] Benchmark ALIA/20230321-UltimateAutomizerSvcomp2023/sll2n_append_unequal.i_27.smt2: solved=False, runtime=1200.00s, PAR-2=2400.00s
[DEBUG] Processing 162/1229: ALIA/20230321-UltimateAutomizerSvcomp2023/test_mutex_double_unlock.i_4.smt2
[DEBUG] Predicted solver: cvc5 for benchmark ALIA/20230321-UltimateAutomizerSvcomp2023/test_mutex_double_unlock.i_4.smt2
[DEBUG] Benchmark ALIA/20230321-UltimateAutomizerSvcomp2023/test_mutex_double_unlock.i_4.smt2: solved=True, runtime=0.22s, PAR-2=0.22s
[DEBUG] Processing 163/1229: ALIA/20230321-UltimateAutomizerSvcomp2023/ex3_forlist.i_171.smt2
[DEBUG] Predicted solver: SMTInterpol for benchmark ALIA/20230321-UltimateAutomizerSvcomp2023/ex3_forlist.i_171.smt2
[DEBUG] Benchmark ALIA/20230321-UltimateAutomizerSvcomp2023/ex3_forlist.i_171.smt2: solved=True, runtime=0.47s, PAR-2=0.47s
[DEBUG] Processing 164/1229: ALIA/20230321-UltimateAutomizerSvcomp2023/dll2c_update_all_reverse.i_188.smt2
[DEBUG] Predicted solver: SMTInterpol for benchmark ALIA/20230321-UltimateAutomizerSvcomp2023/dll2c_update_all_reverse.i_188.smt2
[DEBUG] Benchmark ALIA/20230321-UltimateAutomizerSvcomp2023/dll2c_update_all_reverse.i_188.smt2: solved=True, runtime=0.63s, PAR-2=0.63s
[DEBUG] Processing 165/1229: ALIA/20230321-UltimateAutomizerSvcomp2023/list_flag-2.i_31.smt2
[DEBUG] Predicted solver: SMTInterpol for benchmark ALIA/20230321-UltimateAutomizerSvcomp2023/list_flag-2.i_31.smt2
[DEBUG] Benchmark ALIA/20230321-UltimateAutomizerSvcomp2023/list_flag-2.i_31.smt2: solved=True, runtime=0.41s, PAR-2=0.41s
[DEBUG] Processing 166/1229: ALIA/20230321-UltimateAutomizerSvcomp2023/sll-optional-1.i_3.smt2
[DEBUG] Predicted solver: SMTInterpol for benchmark ALIA/20230321-UltimateAutomizerSvcomp2023/sll-optional-1.i_3.smt2
[DEBUG] Benchmark ALIA/20230321-UltimateAutomizerSvcomp2023/sll-optional-1.i_3.smt2: solved=True, runtime=2.11s, PAR-2=2.11s
[DEBUG] Processing 167/1229: ALIA/20230321-UltimateAutomizerSvcomp2023/list_search-1.i_3.smt2
[DEBUG] Predicted solver: SMTInterpol for benchmark ALIA/20230321-UltimateAutomizerSvcomp2023/list_search-1.i_3.smt2
[DEBUG] Benchmark ALIA/20230321-UltimateAutomizerSvcomp2023/list_search-1.i_3.smt2: solved=True, runtime=0.43s, PAR-2=0.43s
[DEBUG] Processing 168/1229: ALIA/20230321-UltimateAutomizerSvcomp2023/test-0234-1.i_26.smt2
[DEBUG] Predicted solver: SMTInterpol for benchmark ALIA/20230321-UltimateAutomizerSvcomp2023/test-0234-1.i_26.smt2
[DEBUG] Benchmark ALIA/20230321-UltimateAutomizerSvcomp2023/test-0234-1.i_26.smt2: solved=True, runtime=0.47s, PAR-2=0.47s
[DEBUG] Processing 169/1229: ALIA/20230321-UltimateAutomizerSvcomp2023/bubble_sort_linux-2.i_93.smt2
[DEBUG] Predicted solver: cvc5 for benchmark ALIA/20230321-UltimateAutomizerSvcomp2023/bubble_sort_linux-2.i_93.smt2
[DEBUG] Benchmark ALIA/20230321-UltimateAutomizerSvcomp2023/bubble_sort_linux-2.i_93.smt2: solved=False, runtime=1200.00s, PAR-2=2400.00s
[DEBUG] Processing 170/1229: ALIA/20230321-UltimateAutomizerSvcomp2023/ex3_forlist.i_52.smt2
[DEBUG] Predicted solver: SMTInterpol for benchmark ALIA/20230321-UltimateAutomizerSvcomp2023/ex3_forlist.i_52.smt2
[DEBUG] Benchmark ALIA/20230321-UltimateAutomizerSvcomp2023/ex3_forlist.i_52.smt2: solved=True, runtime=0.60s, PAR-2=0.60s
[DEBUG] Processing 171/1229: ALIA/20230321-UltimateAutomizerSvcomp2023/dll-token-1.i_8.smt2
[DEBUG] Predicted solver: SMTInterpol for benchmark ALIA/20230321-UltimateAutomizerSvcomp2023/dll-token-1.i_8.smt2
[DEBUG] Benchmark ALIA/20230321-UltimateAutomizerSvcomp2023/dll-token-1.i_8.smt2: solved=True, runtime=668.87s, PAR-2=668.87s
[DEBUG] Processing 172/1229: ALIA/20230321-UltimateAutomizerSvcomp2023/length_test03-1.i_115.smt2
[DEBUG] Predicted solver: SMTInterpol for benchmark ALIA/20230321-UltimateAutomizerSvcomp2023/length_test03-1.i_115.smt2
[DEBUG] Benchmark ALIA/20230321-UltimateAutomizerSvcomp2023/length_test03-1.i_115.smt2: solved=True, runtime=0.85s, PAR-2=0.85s
[DEBUG] Processing 173/1229: ALIA/20230321-UltimateAutomizerSvcomp2023/sll2c_insert_equal.i_37.smt2
[DEBUG] Predicted solver: SMTInterpol for benchmark ALIA/20230321-UltimateAutomizerSvcomp2023/sll2c_insert_equal.i_37.smt2
[DEBUG] Benchmark ALIA/20230321-UltimateAutomizerSvcomp2023/sll2c_insert_equal.i_37.smt2: solved=True, runtime=6.63s, PAR-2=6.63s
[DEBUG] Processing 174/1229: ALIA/20230321-UltimateAutomizerSvcomp2023/list_and_tree_cnstr-1.i_52.smt2
[DEBUG] Predicted solver: SMTInterpol for benchmark ALIA/20230321-UltimateAutomizerSvcomp2023/list_and_tree_cnstr-1.i_52.smt2
[DEBUG] Benchmark ALIA/20230321-UltimateAutomizerSvcomp2023/list_and_tree_cnstr-1.i_52.smt2: solved=True, runtime=0.78s, PAR-2=0.78s
[DEBUG] Processing 175/1229: ALIA/20230321-UltimateAutomizerSvcomp2023/dll_circular_traversal-2.i_24.smt2
[DEBUG] Predicted solver: SMTInterpol for benchmark ALIA/20230321-UltimateAutomizerSvcomp2023/dll_circular_traversal-2.i_24.smt2
[DEBUG] Benchmark ALIA/20230321-UltimateAutomizerSvcomp2023/dll_circular_traversal-2.i_24.smt2: solved=True, runtime=409.61s, PAR-2=409.61s
[DEBUG] Processing 176/1229: ALIA/20230321-UltimateAutomizerSvcomp2023/list-ext_flag.i_57.smt2
[DEBUG] Predicted solver: SMTInterpol for benchmark ALIA/20230321-UltimateAutomizerSvcomp2023/list-ext_flag.i_57.smt2
[DEBUG] Benchmark ALIA/20230321-UltimateAutomizerSvcomp2023/list-ext_flag.i_57.smt2: solved=True, runtime=0.56s, PAR-2=0.56s
[DEBUG] Processing 177/1229: ALIA/20230321-UltimateAutomizerSvcomp2023/dll_circular_traversal-2.i_90.smt2
[DEBUG] Predicted solver: SMTInterpol for benchmark ALIA/20230321-UltimateAutomizerSvcomp2023/dll_circular_traversal-2.i_90.smt2
[DEBUG] Benchmark ALIA/20230321-UltimateAutomizerSvcomp2023/dll_circular_traversal-2.i_90.smt2: solved=False, runtime=1200.00s, PAR-2=2400.00s
[DEBUG] Processing 178/1229: ALIA/20230321-UltimateAutomizerSvcomp2023/list_and_tree_cnstr-1.i_38.smt2
[DEBUG] Predicted solver: SMTInterpol for benchmark ALIA/20230321-UltimateAutomizerSvcomp2023/list_and_tree_cnstr-1.i_38.smt2
[DEBUG] Benchmark ALIA/20230321-UltimateAutomizerSvcomp2023/list_and_tree_cnstr-1.i_38.smt2: solved=True, runtime=1.50s, PAR-2=1.50s
[DEBUG] Processing 179/1229: ALIA/20230321-UltimateAutomizerSvcomp2023/list_and_tree_cnstr-1.i_24.smt2
[DEBUG] Predicted solver: SMTInterpol for benchmark ALIA/20230321-UltimateAutomizerSvcomp2023/list_and_tree_cnstr-1.i_24.smt2
[DEBUG] Benchmark ALIA/20230321-UltimateAutomizerSvcomp2023/list_and_tree_cnstr-1.i_24.smt2: solved=True, runtime=27.38s, PAR-2=27.38s
[DEBUG] Processing 180/1229: ALIA/20230321-UltimateAutomizerSvcomp2023/sll2c_prepend_unequal.i_66.smt2
[DEBUG] Predicted solver: SMTInterpol for benchmark ALIA/20230321-UltimateAutomizerSvcomp2023/sll2c_prepend_unequal.i_66.smt2
[DEBUG] Benchmark ALIA/20230321-UltimateAutomizerSvcomp2023/sll2c_prepend_unequal.i_66.smt2: solved=False, runtime=1200.00s, PAR-2=2400.00s
[DEBUG] Processing 181/1229: ALIA/20230321-UltimateAutomizerSvcomp2023/sll2c_prepend_unequal.i_97.smt2
[DEBUG] Predicted solver: SMTInterpol for benchmark ALIA/20230321-UltimateAutomizerSvcomp2023/sll2c_prepend_unequal.i_97.smt2
[DEBUG] Benchmark ALIA/20230321-UltimateAutomizerSvcomp2023/sll2c_prepend_unequal.i_97.smt2: solved=False, runtime=1200.00s, PAR-2=2400.00s
[DEBUG] Processing 182/1229: ALIA/20230321-UltimateAutomizerSvcomp2023/ex3_forlist.i_26.smt2
[DEBUG] Predicted solver: SMTInterpol for benchmark ALIA/20230321-UltimateAutomizerSvcomp2023/ex3_forlist.i_26.smt2
[DEBUG] Benchmark ALIA/20230321-UltimateAutomizerSvcomp2023/ex3_forlist.i_26.smt2: solved=True, runtime=0.53s, PAR-2=0.53s
[DEBUG] Processing 183/1229: ALIA/20230321-UltimateAutomizerSvcomp2023/list_and_tree_cnstr-1.i_54.smt2
[DEBUG] Predicted solver: SMTInterpol for benchmark ALIA/20230321-UltimateAutomizerSvcomp2023/list_and_tree_cnstr-1.i_54.smt2
[DEBUG] Benchmark ALIA/20230321-UltimateAutomizerSvcomp2023/list_and_tree_cnstr-1.i_54.smt2: solved=True, runtime=0.79s, PAR-2=0.79s
[DEBUG] Processing 184/1229: ALIA/20230321-UltimateAutomizerSvcomp2023/dll2c_insert_equal.i_49.smt2
[DEBUG] Predicted solver: SMTInterpol for benchmark ALIA/20230321-UltimateAutomizerSvcomp2023/dll2c_insert_equal.i_49.smt2
[DEBUG] Benchmark ALIA/20230321-UltimateAutomizerSvcomp2023/dll2c_insert_equal.i_49.smt2: solved=False, runtime=1200.00s, PAR-2=2400.00s
[DEBUG] Processing 185/1229: ALIA/20230321-UltimateAutomizerSvcomp2023/list_search-1.i_16.smt2
[DEBUG] Predicted solver: SMTInterpol for benchmark ALIA/20230321-UltimateAutomizerSvcomp2023/list_search-1.i_16.smt2
[DEBUG] Benchmark ALIA/20230321-UltimateAutomizerSvcomp2023/list_search-1.i_16.smt2: solved=True, runtime=0.47s, PAR-2=0.47s
[DEBUG] Processing 186/1229: ALIA/20230321-UltimateAutomizerSvcomp2023/dll2c_prepend_equal.i_11.smt2
[DEBUG] Predicted solver: SMTInterpol for benchmark ALIA/20230321-UltimateAutomizerSvcomp2023/dll2c_prepend_equal.i_11.smt2
[DEBUG] Benchmark ALIA/20230321-UltimateAutomizerSvcomp2023/dll2c_prepend_equal.i_11.smt2: solved=True, runtime=0.45s, PAR-2=0.45s
[DEBUG] Processing 187/1229: ALIA/20230321-UltimateAutomizerSvcomp2023/test_add-2.i_100.smt2
[DEBUG] Predicted solver: cvc5 for benchmark ALIA/20230321-UltimateAutomizerSvcomp2023/test_add-2.i_100.smt2
[DEBUG] Benchmark ALIA/20230321-UltimateAutomizerSvcomp2023/test_add-2.i_100.smt2: solved=True, runtime=0.23s, PAR-2=0.23s
[DEBUG] Processing 188/1229: ALIA/20230321-UltimateAutomizerSvcomp2023/length_test03-1.i_95.smt2
[DEBUG] Predicted solver: cvc5 for benchmark ALIA/20230321-UltimateAutomizerSvcomp2023/length_test03-1.i_95.smt2
[DEBUG] Benchmark ALIA/20230321-UltimateAutomizerSvcomp2023/length_test03-1.i_95.smt2: solved=False, runtime=1200.00s, PAR-2=2400.00s
[DEBUG] Processing 189/1229: ALIA/20230321-UltimateAutomizerSvcomp2023/sll2n_update_all_reverse.i_24.smt2
[DEBUG] Predicted solver: SMTInterpol for benchmark ALIA/20230321-UltimateAutomizerSvcomp2023/sll2n_update_all_reverse.i_24.smt2
[DEBUG] Benchmark ALIA/20230321-UltimateAutomizerSvcomp2023/sll2n_update_all_reverse.i_24.smt2: solved=True, runtime=0.91s, PAR-2=0.91s
[DEBUG] Processing 190/1229: ALIA/20230321-UltimateAutomizerSvcomp2023/dll2c_insert_equal.i_65.smt2
[DEBUG] Predicted solver: SMTInterpol for benchmark ALIA/20230321-UltimateAutomizerSvcomp2023/dll2c_insert_equal.i_65.smt2
[DEBUG] Benchmark ALIA/20230321-UltimateAutomizerSvcomp2023/dll2c_insert_equal.i_65.smt2: solved=False, runtime=1200.00s, PAR-2=2400.00s
[DEBUG] Processing 191/1229: ALIA/20230321-UltimateAutomizerSvcomp2023/dll2n_prepend_unequal.i_64.smt2
[DEBUG] Predicted solver: SMTInterpol for benchmark ALIA/20230321-UltimateAutomizerSvcomp2023/dll2n_prepend_unequal.i_64.smt2
[DEBUG] Benchmark ALIA/20230321-UltimateAutomizerSvcomp2023/dll2n_prepend_unequal.i_64.smt2: solved=False, runtime=1200.00s, PAR-2=2400.00s
[DEBUG] Processing 192/1229: ALIA/20230321-UltimateAutomizerSvcomp2023/dll2c_append_unequal.i_5.smt2
[DEBUG] Predicted solver: SMTInterpol for benchmark ALIA/20230321-UltimateAutomizerSvcomp2023/dll2c_append_unequal.i_5.smt2
[DEBUG] Benchmark ALIA/20230321-UltimateAutomizerSvcomp2023/dll2c_append_unequal.i_5.smt2: solved=True, runtime=0.45s, PAR-2=0.45s
[DEBUG] Processing 193/1229: ALIA/20230321-UltimateAutomizerSvcomp2023/dll2c_update_all.i_20.smt2
[DEBUG] Predicted solver: SMTInterpol for benchmark ALIA/20230321-UltimateAutomizerSvcomp2023/dll2c_update_all.i_20.smt2
[DEBUG] Benchmark ALIA/20230321-UltimateAutomizerSvcomp2023/dll2c_update_all.i_20.smt2: solved=True, runtime=0.47s, PAR-2=0.47s
[DEBUG] Processing 194/1229: ALIA/20230321-UltimateAutomizerSvcomp2023/shared_mem1.i_21.smt2
[DEBUG] Predicted solver: SMTInterpol for benchmark ALIA/20230321-UltimateAutomizerSvcomp2023/shared_mem1.i_21.smt2
[DEBUG] Benchmark ALIA/20230321-UltimateAutomizerSvcomp2023/shared_mem1.i_21.smt2: solved=False, runtime=1200.00s, PAR-2=2400.00s
[DEBUG] Processing 195/1229: ALIA/20230321-UltimateAutomizerSvcomp2023/dll-token-1.i_12.smt2
[DEBUG] Predicted solver: iProver for benchmark ALIA/20230321-UltimateAutomizerSvcomp2023/dll-token-1.i_12.smt2
[DEBUG] Benchmark ALIA/20230321-UltimateAutomizerSvcomp2023/dll-token-1.i_12.smt2: solved=True, runtime=0.85s, PAR-2=0.85s
[DEBUG] Processing 196/1229: ALIA/20230321-UltimateAutomizerSvcomp2023/sll2c_insert_unequal.i_59.smt2
[DEBUG] Predicted solver: SMTInterpol for benchmark ALIA/20230321-UltimateAutomizerSvcomp2023/sll2c_insert_unequal.i_59.smt2
[DEBUG] Benchmark ALIA/20230321-UltimateAutomizerSvcomp2023/sll2c_insert_unequal.i_59.smt2: solved=False, runtime=1200.00s, PAR-2=2400.00s
[DEBUG] Processing 197/1229: ALIA/20230321-UltimateAutomizerSvcomp2023/length_test03-1.i_124.smt2
[DEBUG] Predicted solver: SMTInterpol for benchmark ALIA/20230321-UltimateAutomizerSvcomp2023/length_test03-1.i_124.smt2
[DEBUG] Benchmark ALIA/20230321-UltimateAutomizerSvcomp2023/length_test03-1.i_124.smt2: solved=True, runtime=0.41s, PAR-2=0.41s
[DEBUG] Processing 198/1229: ALIA/20230321-UltimateAutomizerSvcomp2023/sll_to_dll_rev-2.i_105.smt2
[DEBUG] Predicted solver: cvc5 for benchmark ALIA/20230321-UltimateAutomizerSvcomp2023/sll_to_dll_rev-2.i_105.smt2
[DEBUG] Benchmark ALIA/20230321-UltimateAutomizerSvcomp2023/sll_to_dll_rev-2.i_105.smt2: solved=True, runtime=0.23s, PAR-2=0.23s
[DEBUG] Processing 199/1229: ALIA/20230321-UltimateAutomizerSvcomp2023/dll_circular_traversal-2.i_12.smt2
[DEBUG] Predicted solver: SMTInterpol for benchmark ALIA/20230321-UltimateAutomizerSvcomp2023/dll_circular_traversal-2.i_12.smt2
[DEBUG] Benchmark ALIA/20230321-UltimateAutomizerSvcomp2023/dll_circular_traversal-2.i_12.smt2: solved=True, runtime=0.48s, PAR-2=0.48s
[DEBUG] Processing 200/1229: ALIA/20230321-UltimateAutomizerSvcomp2023/sll_circular_traversal-1.i_5.smt2
[DEBUG] Predicted solver: SMTInterpol for benchmark ALIA/20230321-UltimateAutomizerSvcomp2023/sll_circular_traversal-1.i_5.smt2
[DEBUG] Benchmark ALIA/20230321-UltimateAutomizerSvcomp2023/sll_circular_traversal-1.i_5.smt2: solved=False, runtime=1200.00s, PAR-2=2400.00s
[DEBUG] Processing 201/1229: ALIA/20230321-UltimateAutomizerSvcomp2023/list-ext_flag.i_119.smt2
[DEBUG] Predicted solver: SMTInterpol for benchmark ALIA/20230321-UltimateAutomizerSvcomp2023/list-ext_flag.i_119.smt2
[DEBUG] Benchmark ALIA/20230321-UltimateAutomizerSvcomp2023/list-ext_flag.i_119.smt2: solved=True, runtime=1.13s, PAR-2=1.13s
[DEBUG] Processing 202/1229: ALIA/20230321-UltimateAutomizerSvcomp2023/bubble_sort_linux-1.i_62.smt2
[DEBUG] Predicted solver: cvc5 for benchmark ALIA/20230321-UltimateAutomizerSvcomp2023/bubble_sort_linux-1.i_62.smt2
[DEBUG] Benchmark ALIA/20230321-UltimateAutomizerSvcomp2023/bubble_sort_linux-1.i_62.smt2: solved=False, runtime=1200.00s, PAR-2=2400.00s
[DEBUG] Processing 203/1229: ALIA/20230321-UltimateAutomizerSvcomp2023/sll2n_prepend_equal.i_55.smt2
[DEBUG] Predicted solver: SMTInterpol for benchmark ALIA/20230321-UltimateAutomizerSvcomp2023/sll2n_prepend_equal.i_55.smt2
[DEBUG] Benchmark ALIA/20230321-UltimateAutomizerSvcomp2023/sll2n_prepend_equal.i_55.smt2: solved=True, runtime=0.63s, PAR-2=0.63s
[DEBUG] Processing 204/1229: ALIA/20230321-UltimateAutomizerSvcomp2023/sll2n_update_all_reverse.i_76.smt2
[DEBUG] Predicted solver: SMTInterpol for benchmark ALIA/20230321-UltimateAutomizerSvcomp2023/sll2n_update_all_reverse.i_76.smt2
[DEBUG] Benchmark ALIA/20230321-UltimateAutomizerSvcomp2023/sll2n_update_all_reverse.i_76.smt2: solved=True, runtime=0.53s, PAR-2=0.53s
[DEBUG] Processing 205/1229: ALIA/20230321-UltimateAutomizerSvcomp2023/bubble_sort_linux-2.i_97.smt2
[DEBUG] Predicted solver: cvc5 for benchmark ALIA/20230321-UltimateAutomizerSvcomp2023/bubble_sort_linux-2.i_97.smt2
[DEBUG] Benchmark ALIA/20230321-UltimateAutomizerSvcomp2023/bubble_sort_linux-2.i_97.smt2: solved=True, runtime=0.36s, PAR-2=0.36s
[DEBUG] Processing 206/1229: ALIA/20230321-UltimateAutomizerSvcomp2023/bubble_sort_linux-1.i_47.smt2
[DEBUG] Predicted solver: SMTInterpol for benchmark ALIA/20230321-UltimateAutomizerSvcomp2023/bubble_sort_linux-1.i_47.smt2
[DEBUG] Benchmark ALIA/20230321-UltimateAutomizerSvcomp2023/bubble_sort_linux-1.i_47.smt2: solved=True, runtime=5.71s, PAR-2=5.71s
[DEBUG] Processing 207/1229: ALIA/20230321-UltimateAutomizerSvcomp2023/vogal-2.i_0.smt2
[DEBUG] Predicted solver: SMTInterpol for benchmark ALIA/20230321-UltimateAutomizerSvcomp2023/vogal-2.i_0.smt2
[DEBUG] Benchmark ALIA/20230321-UltimateAutomizerSvcomp2023/vogal-2.i_0.smt2: solved=True, runtime=0.42s, PAR-2=0.42s
[DEBUG] Processing 208/1229: ALIA/20230321-UltimateAutomizerSvcomp2023/dll2n_remove_all.i_3.smt2
[DEBUG] Predicted solver: SMTInterpol for benchmark ALIA/20230321-UltimateAutomizerSvcomp2023/dll2n_remove_all.i_3.smt2
[DEBUG] Benchmark ALIA/20230321-UltimateAutomizerSvcomp2023/dll2n_remove_all.i_3.smt2: solved=True, runtime=1.32s, PAR-2=1.32s
[DEBUG] Processing 209/1229: ALIA/20230321-UltimateAutomizerSvcomp2023/dll2c_remove_all.i_4.smt2
[DEBUG] Predicted solver: SMTInterpol for benchmark ALIA/20230321-UltimateAutomizerSvcomp2023/dll2c_remove_all.i_4.smt2
[DEBUG] Benchmark ALIA/20230321-UltimateAutomizerSvcomp2023/dll2c_remove_all.i_4.smt2: solved=False, runtime=1200.00s, PAR-2=2400.00s
[DEBUG] Processing 210/1229: ALIA/20230321-UltimateAutomizerSvcomp2023/dll2n_update_all.i_2.smt2
[DEBUG] Predicted solver: SMTInterpol for benchmark ALIA/20230321-UltimateAutomizerSvcomp2023/dll2n_update_all.i_2.smt2
[DEBUG] Benchmark ALIA/20230321-UltimateAutomizerSvcomp2023/dll2n_update_all.i_2.smt2: solved=True, runtime=0.49s, PAR-2=0.49s
[DEBUG] Processing 211/1229: ALIA/20230321-UltimateAutomizerSvcomp2023/list_and_tree_cnstr-1.i_62.smt2
[DEBUG] Predicted solver: SMTInterpol for benchmark ALIA/20230321-UltimateAutomizerSvcomp2023/list_and_tree_cnstr-1.i_62.smt2
[DEBUG] Benchmark ALIA/20230321-UltimateAutomizerSvcomp2023/list_and_tree_cnstr-1.i_62.smt2: solved=True, runtime=1.57s, PAR-2=1.57s
[DEBUG] Processing 212/1229: ALIA/20230321-UltimateAutomizerSvcomp2023/skiplist_3lvl.i_46.smt2
[DEBUG] Predicted solver: SMTInterpol for benchmark ALIA/20230321-UltimateAutomizerSvcomp2023/skiplist_3lvl.i_46.smt2
[DEBUG] Benchmark ALIA/20230321-UltimateAutomizerSvcomp2023/skiplist_3lvl.i_46.smt2: solved=True, runtime=0.84s, PAR-2=0.84s
[DEBUG] Processing 213/1229: ALIA/20230321-UltimateAutomizerSvcomp2023/length_test03-1.i_106.smt2
[DEBUG] Predicted solver: cvc5 for benchmark ALIA/20230321-UltimateAutomizerSvcomp2023/length_test03-1.i_106.smt2
[DEBUG] Benchmark ALIA/20230321-UltimateAutomizerSvcomp2023/length_test03-1.i_106.smt2: solved=False, runtime=1200.00s, PAR-2=2400.00s
[DEBUG] Processing 214/1229: ALIA/20230321-UltimateAutomizerSvcomp2023/dll2c_update_all_reverse.i_141.smt2
[DEBUG] Predicted solver: SMTInterpol for benchmark ALIA/20230321-UltimateAutomizerSvcomp2023/dll2c_update_all_reverse.i_141.smt2
[DEBUG] Benchmark ALIA/20230321-UltimateAutomizerSvcomp2023/dll2c_update_all_reverse.i_141.smt2: solved=True, runtime=0.74s, PAR-2=0.74s
[DEBUG] Processing 215/1229: ALIA/20230321-UltimateAutomizerSvcomp2023/shared_mem1.i_15.smt2
[DEBUG] Predicted solver: SMTInterpol for benchmark ALIA/20230321-UltimateAutomizerSvcomp2023/shared_mem1.i_15.smt2
[DEBUG] Benchmark ALIA/20230321-UltimateAutomizerSvcomp2023/shared_mem1.i_15.smt2: solved=True, runtime=0.71s, PAR-2=0.71s
[DEBUG] Processing 216/1229: ALIA/20230321-UltimateAutomizerSvcomp2023/bubble_sort_linux-1.i_38.smt2
[DEBUG] Predicted solver: SMTInterpol for benchmark ALIA/20230321-UltimateAutomizerSvcomp2023/bubble_sort_linux-1.i_38.smt2
[DEBUG] Benchmark ALIA/20230321-UltimateAutomizerSvcomp2023/bubble_sort_linux-1.i_38.smt2: solved=True, runtime=2.80s, PAR-2=2.80s
[DEBUG] Processing 217/1229: ALIA/20230321-UltimateAutomizerSvcomp2023/bubble_sort_linux-1.i_4.smt2
[DEBUG] Predicted solver: SMTInterpol for benchmark ALIA/20230321-UltimateAutomizerSvcomp2023/bubble_sort_linux-1.i_4.smt2
[DEBUG] Benchmark ALIA/20230321-UltimateAutomizerSvcomp2023/bubble_sort_linux-1.i_4.smt2: solved=True, runtime=0.55s, PAR-2=0.55s
[DEBUG] Processing 218/1229: ALIA/20230321-UltimateAutomizerSvcomp2023/shared_mem1.i_44.smt2
[DEBUG] Predicted solver: SMTInterpol for benchmark ALIA/20230321-UltimateAutomizerSvcomp2023/shared_mem1.i_44.smt2
[DEBUG] Benchmark ALIA/20230321-UltimateAutomizerSvcomp2023/shared_mem1.i_44.smt2: solved=True, runtime=0.76s, PAR-2=0.76s
[DEBUG] Processing 219/1229: ALIA/20230321-UltimateAutomizerSvcomp2023/sll2n_update_all.i_5.smt2
[DEBUG] Predicted solver: SMTInterpol for benchmark ALIA/20230321-UltimateAutomizerSvcomp2023/sll2n_update_all.i_5.smt2
[DEBUG] Benchmark ALIA/20230321-UltimateAutomizerSvcomp2023/sll2n_update_all.i_5.smt2: solved=True, runtime=0.50s, PAR-2=0.50s
[DEBUG] Processing 220/1229: ALIA/20230321-UltimateAutomizerSvcomp2023/list-ext_1.i_49.smt2
[DEBUG] Predicted solver: SMTInterpol for benchmark ALIA/20230321-UltimateAutomizerSvcomp2023/list-ext_1.i_49.smt2
[DEBUG] Benchmark ALIA/20230321-UltimateAutomizerSvcomp2023/list-ext_1.i_49.smt2: solved=True, runtime=0.48s, PAR-2=0.48s
[DEBUG] Processing 221/1229: ALIA/20230321-UltimateAutomizerSvcomp2023/length_test03-1.i_157.smt2
[DEBUG] Predicted solver: cvc5 for benchmark ALIA/20230321-UltimateAutomizerSvcomp2023/length_test03-1.i_157.smt2
[DEBUG] Benchmark ALIA/20230321-UltimateAutomizerSvcomp2023/length_test03-1.i_157.smt2: solved=False, runtime=1200.00s, PAR-2=2400.00s
[DEBUG] Processing 222/1229: ALIA/20230321-UltimateAutomizerSvcomp2023/bubble_sort_linux-1.i_56.smt2
[DEBUG] Predicted solver: SMTInterpol for benchmark ALIA/20230321-UltimateAutomizerSvcomp2023/bubble_sort_linux-1.i_56.smt2
[DEBUG] Benchmark ALIA/20230321-UltimateAutomizerSvcomp2023/bubble_sort_linux-1.i_56.smt2: solved=True, runtime=2.72s, PAR-2=2.72s
[DEBUG] Processing 223/1229: ALIA/20230321-UltimateAutomizerSvcomp2023/dll-queue-1.i_5.smt2
[DEBUG] Predicted solver: SMTInterpol for benchmark ALIA/20230321-UltimateAutomizerSvcomp2023/dll-queue-1.i_5.smt2
[DEBUG] Benchmark ALIA/20230321-UltimateAutomizerSvcomp2023/dll-queue-1.i_5.smt2: solved=True, runtime=0.46s, PAR-2=0.46s
[DEBUG] Processing 224/1229: ALIA/20230321-UltimateAutomizerSvcomp2023/ex3_forlist.i_206.smt2
[DEBUG] Predicted solver: SMTInterpol for benchmark ALIA/20230321-UltimateAutomizerSvcomp2023/ex3_forlist.i_206.smt2
[DEBUG] Benchmark ALIA/20230321-UltimateAutomizerSvcomp2023/ex3_forlist.i_206.smt2: solved=True, runtime=0.47s, PAR-2=0.47s
[DEBUG] Processing 225/1229: ALIA/20230321-UltimateAutomizerSvcomp2023/list_and_tree_cnstr-1.i_21.smt2
[DEBUG] Predicted solver: SMTInterpol for benchmark ALIA/20230321-UltimateAutomizerSvcomp2023/list_and_tree_cnstr-1.i_21.smt2
[DEBUG] Benchmark ALIA/20230321-UltimateAutomizerSvcomp2023/list_and_tree_cnstr-1.i_21.smt2: solved=True, runtime=1.09s, PAR-2=1.09s
[DEBUG] Processing 226/1229: ALIA/20230321-UltimateAutomizerSvcomp2023/list_and_tree_cnstr-1.i_45.smt2
[DEBUG] Predicted solver: SMTInterpol for benchmark ALIA/20230321-UltimateAutomizerSvcomp2023/list_and_tree_cnstr-1.i_45.smt2
[DEBUG] Benchmark ALIA/20230321-UltimateAutomizerSvcomp2023/list_and_tree_cnstr-1.i_45.smt2: solved=True, runtime=1.10s, PAR-2=1.10s
[DEBUG] Processing 227/1229: ALIA/20230321-UltimateAutomizerSvcomp2023/dll2c_insert_equal.i_83.smt2
[DEBUG] Predicted solver: SMTInterpol for benchmark ALIA/20230321-UltimateAutomizerSvcomp2023/dll2c_insert_equal.i_83.smt2
[DEBUG] Benchmark ALIA/20230321-UltimateAutomizerSvcomp2023/dll2c_insert_equal.i_83.smt2: solved=False, runtime=1200.00s, PAR-2=2400.00s
[DEBUG] Processing 228/1229: ALIA/20230321-UltimateAutomizerSvcomp2023/splice-2.i_66.smt2
[DEBUG] Predicted solver: SMTInterpol for benchmark ALIA/20230321-UltimateAutomizerSvcomp2023/splice-2.i_66.smt2
[DEBUG] Benchmark ALIA/20230321-UltimateAutomizerSvcomp2023/splice-2.i_66.smt2: solved=False, runtime=1200.00s, PAR-2=2400.00s
[DEBUG] Processing 229/1229: ALIA/20230321-UltimateAutomizerSvcomp2023/sll2c_prepend_equal.i_39.smt2
[DEBUG] Predicted solver: SMTInterpol for benchmark ALIA/20230321-UltimateAutomizerSvcomp2023/sll2c_prepend_equal.i_39.smt2
[DEBUG] Benchmark ALIA/20230321-UltimateAutomizerSvcomp2023/sll2c_prepend_equal.i_39.smt2: solved=False, runtime=1200.00s, PAR-2=2400.00s
[DEBUG] Processing 230/1229: ALIA/20230321-UltimateAutomizerSvcomp2023/dll2c_insert_equal.i_87.smt2
[DEBUG] Predicted solver: SMTInterpol for benchmark ALIA/20230321-UltimateAutomizerSvcomp2023/dll2c_insert_equal.i_87.smt2
[DEBUG] Benchmark ALIA/20230321-UltimateAutomizerSvcomp2023/dll2c_insert_equal.i_87.smt2: solved=False, runtime=1200.00s, PAR-2=2400.00s
[DEBUG] Processing 231/1229: ALIA/20230321-UltimateAutomizerSvcomp2023/sll2c_prepend_unequal.i_75.smt2
[DEBUG] Predicted solver: cvc5 for benchmark ALIA/20230321-UltimateAutomizerSvcomp2023/sll2c_prepend_unequal.i_75.smt2
[DEBUG] Benchmark ALIA/20230321-UltimateAutomizerSvcomp2023/sll2c_prepend_unequal.i_75.smt2: solved=False, runtime=1200.00s, PAR-2=2400.00s
[DEBUG] Processing 232/1229: ALIA/20230321-UltimateAutomizerSvcomp2023/test_add-2.i_80.smt2
[DEBUG] Predicted solver: cvc5 for benchmark ALIA/20230321-UltimateAutomizerSvcomp2023/test_add-2.i_80.smt2
[DEBUG] Benchmark ALIA/20230321-UltimateAutomizerSvcomp2023/test_add-2.i_80.smt2: solved=True, runtime=0.51s, PAR-2=0.51s
[DEBUG] Processing 233/1229: ALIA/20230321-UltimateAutomizerSvcomp2023/sll_to_dll_rev-2.i_36.smt2
[DEBUG] Predicted solver: cvc5 for benchmark ALIA/20230321-UltimateAutomizerSvcomp2023/sll_to_dll_rev-2.i_36.smt2
[DEBUG] Benchmark ALIA/20230321-UltimateAutomizerSvcomp2023/sll_to_dll_rev-2.i_36.smt2: solved=True, runtime=0.22s, PAR-2=0.22s
[DEBUG] Processing 234/1229: ALIA/20230321-UltimateAutomizerSvcomp2023/sll2n_insert_unequal.i_47.smt2
[DEBUG] Predicted solver: SMTInterpol for benchmark ALIA/20230321-UltimateAutomizerSvcomp2023/sll2n_insert_unequal.i_47.smt2
[DEBUG] Benchmark ALIA/20230321-UltimateAutomizerSvcomp2023/sll2n_insert_unequal.i_47.smt2: solved=True, runtime=83.58s, PAR-2=83.58s
[DEBUG] Processing 235/1229: ALIA/20230321-UltimateAutomizerSvcomp2023/sll2n_update_all_reverse.i_16.smt2
[DEBUG] Predicted solver: SMTInterpol for benchmark ALIA/20230321-UltimateAutomizerSvcomp2023/sll2n_update_all_reverse.i_16.smt2
[DEBUG] Benchmark ALIA/20230321-UltimateAutomizerSvcomp2023/sll2n_update_all_reverse.i_16.smt2: solved=True, runtime=0.62s, PAR-2=0.62s
[DEBUG] Processing 236/1229: ALIA/20230321-UltimateAutomizerSvcomp2023/skiplist_3lvl.i_77.smt2
[DEBUG] Predicted solver: SMTInterpol for benchmark ALIA/20230321-UltimateAutomizerSvcomp2023/skiplist_3lvl.i_77.smt2
[DEBUG] Benchmark ALIA/20230321-UltimateAutomizerSvcomp2023/skiplist_3lvl.i_77.smt2: solved=True, runtime=0.92s, PAR-2=0.92s
[DEBUG] Processing 237/1229: ALIA/20230321-UltimateAutomizerSvcomp2023/sll_to_dll_rev-2.i_110.smt2
[DEBUG] Predicted solver: cvc5 for benchmark ALIA/20230321-UltimateAutomizerSvcomp2023/sll_to_dll_rev-2.i_110.smt2
[DEBUG] Benchmark ALIA/20230321-UltimateAutomizerSvcomp2023/sll_to_dll_rev-2.i_110.smt2: solved=True, runtime=0.43s, PAR-2=0.43s
[DEBUG] Processing 238/1229: ALIA/20230321-UltimateAutomizerSvcomp2023/dll2n_insert_unequal.i_33.smt2
[DEBUG] Predicted solver: SMTInterpol for benchmark ALIA/20230321-UltimateAutomizerSvcomp2023/dll2n_insert_unequal.i_33.smt2
[DEBUG] Benchmark ALIA/20230321-UltimateAutomizerSvcomp2023/dll2n_insert_unequal.i_33.smt2: solved=False, runtime=1200.00s, PAR-2=2400.00s
[DEBUG] Processing 239/1229: ALIA/20230321-UltimateAutomizerSvcomp2023/skiplist_3lvl.i_102.smt2
[DEBUG] Predicted solver: SMTInterpol for benchmark ALIA/20230321-UltimateAutomizerSvcomp2023/skiplist_3lvl.i_102.smt2
[DEBUG] Benchmark ALIA/20230321-UltimateAutomizerSvcomp2023/skiplist_3lvl.i_102.smt2: solved=True, runtime=1.72s, PAR-2=1.72s
[DEBUG] Processing 240/1229: ALIA/20230321-UltimateAutomizerSvcomp2023/test_add-2.i_46.smt2
[DEBUG] Predicted solver: cvc5 for benchmark ALIA/20230321-UltimateAutomizerSvcomp2023/test_add-2.i_46.smt2
[DEBUG] Benchmark ALIA/20230321-UltimateAutomizerSvcomp2023/test_add-2.i_46.smt2: solved=True, runtime=0.26s, PAR-2=0.26s
[DEBUG] Processing 241/1229: ALIA/20230321-UltimateAutomizerSvcomp2023/splice-2.i_126.smt2
[DEBUG] Predicted solver: SMTInterpol for benchmark ALIA/20230321-UltimateAutomizerSvcomp2023/splice-2.i_126.smt2
[DEBUG] Benchmark ALIA/20230321-UltimateAutomizerSvcomp2023/splice-2.i_126.smt2: solved=False, runtime=1200.00s, PAR-2=2400.00s
[DEBUG] Processing 242/1229: ALIA/20230321-UltimateAutomizerSvcomp2023/dll_circular_traversal-2.i_158.smt2
[DEBUG] Predicted solver: cvc5 for benchmark ALIA/20230321-UltimateAutomizerSvcomp2023/dll_circular_traversal-2.i_158.smt2
[DEBUG] Benchmark ALIA/20230321-UltimateAutomizerSvcomp2023/dll_circular_traversal-2.i_158.smt2: solved=True, runtime=63.89s, PAR-2=63.89s
[DEBUG] Processing 243/1229: ALIA/20230321-UltimateAutomizerSvcomp2023/process_queue.i_11.smt2
[DEBUG] Predicted solver: SMTInterpol for benchmark ALIA/20230321-UltimateAutomizerSvcomp2023/process_queue.i_11.smt2
[DEBUG] Benchmark ALIA/20230321-UltimateAutomizerSvcomp2023/process_queue.i_11.smt2: solved=False, runtime=1200.00s, PAR-2=2400.00s
[DEBUG] Processing 244/1229: ALIA/20230321-UltimateAutomizerSvcomp2023/length_test03-2.i_133.smt2
[DEBUG] Predicted solver: SMTInterpol for benchmark ALIA/20230321-UltimateAutomizerSvcomp2023/length_test03-2.i_133.smt2
[DEBUG] Benchmark ALIA/20230321-UltimateAutomizerSvcomp2023/length_test03-2.i_133.smt2: solved=True, runtime=0.42s, PAR-2=0.42s
[DEBUG] Processing 245/1229: ALIA/20230321-UltimateAutomizerSvcomp2023/dancing.i_9.smt2
[DEBUG] Predicted solver: SMTInterpol for benchmark ALIA/20230321-UltimateAutomizerSvcomp2023/dancing.i_9.smt2
[DEBUG] Benchmark ALIA/20230321-UltimateAutomizerSvcomp2023/dancing.i_9.smt2: solved=True, runtime=0.49s, PAR-2=0.49s
[DEBUG] Processing 246/1229: ALIA/20230321-UltimateAutomizerSvcomp2023/sll_to_dll_rev-1.i_71.smt2
[DEBUG] Predicted solver: cvc5 for benchmark ALIA/20230321-UltimateAutomizerSvcomp2023/sll_to_dll_rev-1.i_71.smt2
[DEBUG] Benchmark ALIA/20230321-UltimateAutomizerSvcomp2023/sll_to_dll_rev-1.i_71.smt2: solved=True, runtime=2.33s, PAR-2=2.33s
[DEBUG] Processing 247/1229: ALIA/20230321-UltimateAutomizerSvcomp2023/sll_to_dll_rev-1.i_84.smt2
[DEBUG] Predicted solver: cvc5 for benchmark ALIA/20230321-UltimateAutomizerSvcomp2023/sll_to_dll_rev-1.i_84.smt2
[DEBUG] Benchmark ALIA/20230321-UltimateAutomizerSvcomp2023/sll_to_dll_rev-1.i_84.smt2: solved=True, runtime=0.32s, PAR-2=0.32s
[DEBUG] Processing 248/1229: ALIA/20230321-UltimateAutomizerSvcomp2023/tree_of_cslls.i_8.smt2
[DEBUG] Predicted solver: SMTInterpol for benchmark ALIA/20230321-UltimateAutomizerSvcomp2023/tree_of_cslls.i_8.smt2
[DEBUG] Benchmark ALIA/20230321-UltimateAutomizerSvcomp2023/tree_of_cslls.i_8.smt2: solved=True, runtime=0.52s, PAR-2=0.52s
[DEBUG] Processing 249/1229: ALIA/20230321-UltimateAutomizerSvcomp2023/sll2c_insert_equal.i_61.smt2
[DEBUG] Predicted solver: SMTInterpol for benchmark ALIA/20230321-UltimateAutomizerSvcomp2023/sll2c_insert_equal.i_61.smt2
[DEBUG] Benchmark ALIA/20230321-UltimateAutomizerSvcomp2023/sll2c_insert_equal.i_61.smt2: solved=True, runtime=105.55s, PAR-2=105.55s
[DEBUG] Processing 250/1229: ALIA/20230321-UltimateAutomizerSvcomp2023/dll2c_update_all.i_12.smt2
[DEBUG] Predicted solver: SMTInterpol for benchmark ALIA/20230321-UltimateAutomizerSvcomp2023/dll2c_update_all.i_12.smt2
[DEBUG] Benchmark ALIA/20230321-UltimateAutomizerSvcomp2023/dll2c_update_all.i_12.smt2: solved=True, runtime=0.45s, PAR-2=0.45s
[DEBUG] Processing 251/1229: ALIA/20230321-UltimateAutomizerSvcomp2023/shared_mem1.i_65.smt2
[DEBUG] Predicted solver: cvc5 for benchmark ALIA/20230321-UltimateAutomizerSvcomp2023/shared_mem1.i_65.smt2
[DEBUG] Benchmark ALIA/20230321-UltimateAutomizerSvcomp2023/shared_mem1.i_65.smt2: solved=True, runtime=0.24s, PAR-2=0.24s
[DEBUG] Processing 252/1229: ALIA/20230321-UltimateAutomizerSvcomp2023/shared_mem1.i_4.smt2
[DEBUG] Predicted solver: SMTInterpol for benchmark ALIA/20230321-UltimateAutomizerSvcomp2023/shared_mem1.i_4.smt2
[DEBUG] Benchmark ALIA/20230321-UltimateAutomizerSvcomp2023/shared_mem1.i_4.smt2: solved=True, runtime=0.51s, PAR-2=0.51s
[DEBUG] Processing 253/1229: ALIA/20230321-UltimateAutomizerSvcomp2023/length_test03-1.i_109.smt2
[DEBUG] Predicted solver: cvc5 for benchmark ALIA/20230321-UltimateAutomizerSvcomp2023/length_test03-1.i_109.smt2
[DEBUG] Benchmark ALIA/20230321-UltimateAutomizerSvcomp2023/length_test03-1.i_109.smt2: solved=True, runtime=369.50s, PAR-2=369.50s
[DEBUG] Processing 254/1229: ALIA/20230321-UltimateAutomizerSvcomp2023/dll_circular_traversal-2.i_143.smt2
[DEBUG] Predicted solver: SMTInterpol for benchmark ALIA/20230321-UltimateAutomizerSvcomp2023/dll_circular_traversal-2.i_143.smt2
[DEBUG] Benchmark ALIA/20230321-UltimateAutomizerSvcomp2023/dll_circular_traversal-2.i_143.smt2: solved=False, runtime=1200.00s, PAR-2=2400.00s
[DEBUG] Processing 255/1229: ALIA/20230321-UltimateAutomizerSvcomp2023/dll2n_insert_unequal.i_14.smt2
[DEBUG] Predicted solver: SMTInterpol for benchmark ALIA/20230321-UltimateAutomizerSvcomp2023/dll2n_insert_unequal.i_14.smt2
[DEBUG] Benchmark ALIA/20230321-UltimateAutomizerSvcomp2023/dll2n_insert_unequal.i_14.smt2: solved=False, runtime=1200.00s, PAR-2=2400.00s
[DEBUG] Processing 256/1229: ALIA/20230321-UltimateAutomizerSvcomp2023/dll2n_append_equal.i_32.smt2
[DEBUG] Predicted solver: SMTInterpol for benchmark ALIA/20230321-UltimateAutomizerSvcomp2023/dll2n_append_equal.i_32.smt2
[DEBUG] Benchmark ALIA/20230321-UltimateAutomizerSvcomp2023/dll2n_append_equal.i_32.smt2: solved=True, runtime=0.42s, PAR-2=0.42s
[DEBUG] Processing 257/1229: ALIA/20230321-UltimateAutomizerSvcomp2023/test_mutex_unlock_at_exit.i_17.smt2
[DEBUG] Predicted solver: SMTInterpol for benchmark ALIA/20230321-UltimateAutomizerSvcomp2023/test_mutex_unlock_at_exit.i_17.smt2
[DEBUG] Benchmark ALIA/20230321-UltimateAutomizerSvcomp2023/test_mutex_unlock_at_exit.i_17.smt2: solved=True, runtime=0.41s, PAR-2=0.41s
[DEBUG] Processing 258/1229: ALIA/20230321-UltimateAutomizerSvcomp2023/dll-rb-cnstr_1-2.i_7.smt2
[DEBUG] Predicted solver: SMTInterpol for benchmark ALIA/20230321-UltimateAutomizerSvcomp2023/dll-rb-cnstr_1-2.i_7.smt2
[DEBUG] Benchmark ALIA/20230321-UltimateAutomizerSvcomp2023/dll-rb-cnstr_1-2.i_7.smt2: solved=False, runtime=1200.00s, PAR-2=2400.00s
[DEBUG] Processing 259/1229: ALIA/20230321-UltimateAutomizerSvcomp2023/sll2c_prepend_equal.i_13.smt2
[DEBUG] Predicted solver: SMTInterpol for benchmark ALIA/20230321-UltimateAutomizerSvcomp2023/sll2c_prepend_equal.i_13.smt2
[DEBUG] Benchmark ALIA/20230321-UltimateAutomizerSvcomp2023/sll2c_prepend_equal.i_13.smt2: solved=False, runtime=1200.00s, PAR-2=2400.00s
[DEBUG] Processing 260/1229: ALIA/20230321-UltimateAutomizerSvcomp2023/tree_max.c_2.smt2
[DEBUG] Predicted solver: SMTInterpol for benchmark ALIA/20230321-UltimateAutomizerSvcomp2023/tree_max.c_2.smt2
[DEBUG] Benchmark ALIA/20230321-UltimateAutomizerSvcomp2023/tree_max.c_2.smt2: solved=True, runtime=0.45s, PAR-2=0.45s
[DEBUG] Processing 261/1229: ALIA/20230321-UltimateAutomizerSvcomp2023/simple_built_from_end.i_32.smt2
[DEBUG] Predicted solver: SMTInterpol for benchmark ALIA/20230321-UltimateAutomizerSvcomp2023/simple_built_from_end.i_32.smt2
[DEBUG] Benchmark ALIA/20230321-UltimateAutomizerSvcomp2023/simple_built_from_end.i_32.smt2: solved=True, runtime=0.55s, PAR-2=0.55s
[DEBUG] Processing 262/1229: ALIA/20230321-UltimateAutomizerSvcomp2023/dll2n_remove_all.i_12.smt2
[DEBUG] Predicted solver: SMTInterpol for benchmark ALIA/20230321-UltimateAutomizerSvcomp2023/dll2n_remove_all.i_12.smt2
[DEBUG] Benchmark ALIA/20230321-UltimateAutomizerSvcomp2023/dll2n_remove_all.i_12.smt2: solved=False, runtime=1200.00s, PAR-2=2400.00s
[DEBUG] Processing 263/1229: ALIA/20230321-UltimateAutomizerSvcomp2023/bubble_sort_linux-1.i_20.smt2
[DEBUG] Predicted solver: SMTInterpol for benchmark ALIA/20230321-UltimateAutomizerSvcomp2023/bubble_sort_linux-1.i_20.smt2
[DEBUG] Benchmark ALIA/20230321-UltimateAutomizerSvcomp2023/bubble_sort_linux-1.i_20.smt2: solved=True, runtime=1.16s, PAR-2=1.16s
[DEBUG] Processing 264/1229: ALIA/20230321-UltimateAutomizerSvcomp2023/bubble_sort_linux-1.i_42.smt2
[DEBUG] Predicted solver: SMTInterpol for benchmark ALIA/20230321-UltimateAutomizerSvcomp2023/bubble_sort_linux-1.i_42.smt2
[DEBUG] Benchmark ALIA/20230321-UltimateAutomizerSvcomp2023/bubble_sort_linux-1.i_42.smt2: solved=True, runtime=1.70s, PAR-2=1.70s
[DEBUG] Processing 265/1229: ALIA/20230321-UltimateAutomizerSvcomp2023/dll-01-2.i_11.smt2
[DEBUG] Predicted solver: cvc5 for benchmark ALIA/20230321-UltimateAutomizerSvcomp2023/dll-01-2.i_11.smt2
[DEBUG] Benchmark ALIA/20230321-UltimateAutomizerSvcomp2023/dll-01-2.i_11.smt2: solved=True, runtime=271.72s, PAR-2=271.72s
[DEBUG] Processing 266/1229: ALIA/20230321-UltimateAutomizerSvcomp2023/list-ext_flag.i_107.smt2
[DEBUG] Predicted solver: SMTInterpol for benchmark ALIA/20230321-UltimateAutomizerSvcomp2023/list-ext_flag.i_107.smt2
[DEBUG] Benchmark ALIA/20230321-UltimateAutomizerSvcomp2023/list-ext_flag.i_107.smt2: solved=True, runtime=1.95s, PAR-2=1.95s
[DEBUG] Processing 267/1229: ALIA/20230321-UltimateAutomizerSvcomp2023/splice-2.i_35.smt2
[DEBUG] Predicted solver: SMTInterpol for benchmark ALIA/20230321-UltimateAutomizerSvcomp2023/splice-2.i_35.smt2
[DEBUG] Benchmark ALIA/20230321-UltimateAutomizerSvcomp2023/splice-2.i_35.smt2: solved=True, runtime=0.44s, PAR-2=0.44s
[DEBUG] Processing 268/1229: ALIA/20230321-UltimateAutomizerSvcomp2023/tree_stack.i_4.smt2
[DEBUG] Predicted solver: cvc5 for benchmark ALIA/20230321-UltimateAutomizerSvcomp2023/tree_stack.i_4.smt2
[DEBUG] Benchmark ALIA/20230321-UltimateAutomizerSvcomp2023/tree_stack.i_4.smt2: solved=True, runtime=66.61s, PAR-2=66.61s
[DEBUG] Processing 269/1229: ALIA/20230321-UltimateAutomizerSvcomp2023/tree_cnstr.i_12.smt2
[DEBUG] Predicted solver: SMTInterpol for benchmark ALIA/20230321-UltimateAutomizerSvcomp2023/tree_cnstr.i_12.smt2
[DEBUG] Benchmark ALIA/20230321-UltimateAutomizerSvcomp2023/tree_cnstr.i_12.smt2: solved=True, runtime=2.44s, PAR-2=2.44s
[DEBUG] Processing 270/1229: ALIA/20230321-UltimateAutomizerSvcomp2023/length_test03-1.i_98.smt2
[DEBUG] Predicted solver: cvc5 for benchmark ALIA/20230321-UltimateAutomizerSvcomp2023/length_test03-1.i_98.smt2
[DEBUG] Benchmark ALIA/20230321-UltimateAutomizerSvcomp2023/length_test03-1.i_98.smt2: solved=False, runtime=1200.00s, PAR-2=2400.00s
[DEBUG] Processing 271/1229: ALIA/20230321-UltimateAutomizerSvcomp2023/sll2n_append_unequal.i_21.smt2
[DEBUG] Predicted solver: SMTInterpol for benchmark ALIA/20230321-UltimateAutomizerSvcomp2023/sll2n_append_unequal.i_21.smt2
[DEBUG] Benchmark ALIA/20230321-UltimateAutomizerSvcomp2023/sll2n_append_unequal.i_21.smt2: solved=True, runtime=0.43s, PAR-2=0.43s
[DEBUG] Processing 272/1229: ALIA/20230321-UltimateAutomizerSvcomp2023/dll2c_insert_equal.i_71.smt2
[DEBUG] Predicted solver: SMTInterpol for benchmark ALIA/20230321-UltimateAutomizerSvcomp2023/dll2c_insert_equal.i_71.smt2
[DEBUG] Benchmark ALIA/20230321-UltimateAutomizerSvcomp2023/dll2c_insert_equal.i_71.smt2: solved=False, runtime=1200.00s, PAR-2=2400.00s
[DEBUG] Processing 273/1229: ALIA/20230321-UltimateAutomizerSvcomp2023/list_and_tree_cnstr-2.i_58.smt2
[DEBUG] Predicted solver: SMTInterpol for benchmark ALIA/20230321-UltimateAutomizerSvcomp2023/list_and_tree_cnstr-2.i_58.smt2
[DEBUG] Benchmark ALIA/20230321-UltimateAutomizerSvcomp2023/list_and_tree_cnstr-2.i_58.smt2: solved=True, runtime=0.75s, PAR-2=0.75s
[DEBUG] Processing 274/1229: ALIA/20230321-UltimateAutomizerSvcomp2023/splice-2.i_55.smt2
[DEBUG] Predicted solver: SMTInterpol for benchmark ALIA/20230321-UltimateAutomizerSvcomp2023/splice-2.i_55.smt2
[DEBUG] Benchmark ALIA/20230321-UltimateAutomizerSvcomp2023/splice-2.i_55.smt2: solved=False, runtime=1200.00s, PAR-2=2400.00s
[DEBUG] Processing 275/1229: ALIA/20230321-UltimateAutomizerSvcomp2023/list-2.i_32.smt2
[DEBUG] Predicted solver: SMTInterpol for benchmark ALIA/20230321-UltimateAutomizerSvcomp2023/list-2.i_32.smt2
[DEBUG] Benchmark ALIA/20230321-UltimateAutomizerSvcomp2023/list-2.i_32.smt2: solved=True, runtime=0.76s, PAR-2=0.76s
[DEBUG] Processing 276/1229: ALIA/20230321-UltimateAutomizerSvcomp2023/sll-sorted-2.i_79.smt2
[DEBUG] Predicted solver: cvc5 for benchmark ALIA/20230321-UltimateAutomizerSvcomp2023/sll-sorted-2.i_79.smt2
[DEBUG] Benchmark ALIA/20230321-UltimateAutomizerSvcomp2023/sll-sorted-2.i_79.smt2: solved=True, runtime=0.45s, PAR-2=0.45s
[DEBUG] Processing 277/1229: ALIA/20230321-UltimateAutomizerSvcomp2023/sll2c_insert_equal.i_12.smt2
[DEBUG] Predicted solver: SMTInterpol for benchmark ALIA/20230321-UltimateAutomizerSvcomp2023/sll2c_insert_equal.i_12.smt2
[DEBUG] Benchmark ALIA/20230321-UltimateAutomizerSvcomp2023/sll2c_insert_equal.i_12.smt2: solved=True, runtime=43.63s, PAR-2=43.63s
[DEBUG] Processing 278/1229: ALIA/20230321-UltimateAutomizerSvcomp2023/running_example.i_0.smt2
[DEBUG] Predicted solver: SMTInterpol for benchmark ALIA/20230321-UltimateAutomizerSvcomp2023/running_example.i_0.smt2
[DEBUG] Benchmark ALIA/20230321-UltimateAutomizerSvcomp2023/running_example.i_0.smt2: solved=True, runtime=0.97s, PAR-2=0.97s
[DEBUG] Processing 279/1229: ALIA/20230321-UltimateAutomizerSvcomp2023/sll2c_insert_unequal.i_1.smt2
[DEBUG] Predicted solver: SMTInterpol for benchmark ALIA/20230321-UltimateAutomizerSvcomp2023/sll2c_insert_unequal.i_1.smt2
[DEBUG] Benchmark ALIA/20230321-UltimateAutomizerSvcomp2023/sll2c_insert_unequal.i_1.smt2: solved=True, runtime=0.43s, PAR-2=0.43s
[DEBUG] Processing 280/1229: ALIA/20230321-UltimateAutomizerSvcomp2023/ex3_forlist.i_176.smt2
[DEBUG] Predicted solver: SMTInterpol for benchmark ALIA/20230321-UltimateAutomizerSvcomp2023/ex3_forlist.i_176.smt2
[DEBUG] Benchmark ALIA/20230321-UltimateAutomizerSvcomp2023/ex3_forlist.i_176.smt2: solved=True, runtime=0.49s, PAR-2=0.49s
[DEBUG] Processing 281/1229: ALIA/20230321-UltimateAutomizerSvcomp2023/list_search-2.i_0.smt2
[DEBUG] Predicted solver: SMTInterpol for benchmark ALIA/20230321-UltimateAutomizerSvcomp2023/list_search-2.i_0.smt2
[DEBUG] Benchmark ALIA/20230321-UltimateAutomizerSvcomp2023/list_search-2.i_0.smt2: solved=True, runtime=0.45s, PAR-2=0.45s
[DEBUG] Processing 282/1229: ALIA/20230321-UltimateAutomizerSvcomp2023/dll_circular_traversal-2.i_31.smt2
[DEBUG] Predicted solver: cvc5 for benchmark ALIA/20230321-UltimateAutomizerSvcomp2023/dll_circular_traversal-2.i_31.smt2
[DEBUG] Benchmark ALIA/20230321-UltimateAutomizerSvcomp2023/dll_circular_traversal-2.i_31.smt2: solved=False, runtime=1200.00s, PAR-2=2400.00s
[DEBUG] Processing 283/1229: ALIA/20230321-UltimateAutomizerSvcomp2023/sll2n_update_all_reverse.i_4.smt2
[DEBUG] Predicted solver: SMTInterpol for benchmark ALIA/20230321-UltimateAutomizerSvcomp2023/sll2n_update_all_reverse.i_4.smt2
[DEBUG] Benchmark ALIA/20230321-UltimateAutomizerSvcomp2023/sll2n_update_all_reverse.i_4.smt2: solved=True, runtime=0.57s, PAR-2=0.57s
[DEBUG] Processing 284/1229: ALIA/20230321-UltimateAutomizerSvcomp2023/sll2c_insert_unequal.i_15.smt2
[DEBUG] Predicted solver: SMTInterpol for benchmark ALIA/20230321-UltimateAutomizerSvcomp2023/sll2c_insert_unequal.i_15.smt2
[DEBUG] Benchmark ALIA/20230321-UltimateAutomizerSvcomp2023/sll2c_insert_unequal.i_15.smt2: solved=False, runtime=1200.00s, PAR-2=2400.00s
[DEBUG] Processing 285/1229: ALIA/20230321-UltimateAutomizerSvcomp2023/dll2c_remove_all.i_9.smt2
[DEBUG] Predicted solver: SMTInterpol for benchmark ALIA/20230321-UltimateAutomizerSvcomp2023/dll2c_remove_all.i_9.smt2
[DEBUG] Benchmark ALIA/20230321-UltimateAutomizerSvcomp2023/dll2c_remove_all.i_9.smt2: solved=False, runtime=1200.00s, PAR-2=2400.00s
[DEBUG] Processing 286/1229: ALIA/20230321-UltimateAutomizerSvcomp2023/dll2c_insert_equal.i_102.smt2
[DEBUG] Predicted solver: SMTInterpol for benchmark ALIA/20230321-UltimateAutomizerSvcomp2023/dll2c_insert_equal.i_102.smt2
[DEBUG] Benchmark ALIA/20230321-UltimateAutomizerSvcomp2023/dll2c_insert_equal.i_102.smt2: solved=True, runtime=0.45s, PAR-2=0.45s
[DEBUG] Processing 287/1229: ALIA/20230321-UltimateAutomizerSvcomp2023/shared_mem1.i_75.smt2
[DEBUG] Predicted solver: cvc5 for benchmark ALIA/20230321-UltimateAutomizerSvcomp2023/shared_mem1.i_75.smt2
[DEBUG] Benchmark ALIA/20230321-UltimateAutomizerSvcomp2023/shared_mem1.i_75.smt2: solved=True, runtime=0.24s, PAR-2=0.24s
[DEBUG] Processing 288/1229: ALIA/20230321-UltimateAutomizerSvcomp2023/length_test03-1.i_26.smt2
[DEBUG] Predicted solver: SMTInterpol for benchmark ALIA/20230321-UltimateAutomizerSvcomp2023/length_test03-1.i_26.smt2
[DEBUG] Benchmark ALIA/20230321-UltimateAutomizerSvcomp2023/length_test03-1.i_26.smt2: solved=True, runtime=0.52s, PAR-2=0.52s
[DEBUG] Processing 289/1229: ALIA/20230321-UltimateAutomizerSvcomp2023/list_flag-2.i_14.smt2
[DEBUG] Predicted solver: SMTInterpol for benchmark ALIA/20230321-UltimateAutomizerSvcomp2023/list_flag-2.i_14.smt2
[DEBUG] Benchmark ALIA/20230321-UltimateAutomizerSvcomp2023/list_flag-2.i_14.smt2: solved=True, runtime=0.43s, PAR-2=0.43s
[DEBUG] Processing 290/1229: ALIA/20230321-UltimateAutomizerSvcomp2023/sll_to_dll_rev-2.i_102.smt2
[DEBUG] Predicted solver: SMTInterpol for benchmark ALIA/20230321-UltimateAutomizerSvcomp2023/sll_to_dll_rev-2.i_102.smt2
[DEBUG] Benchmark ALIA/20230321-UltimateAutomizerSvcomp2023/sll_to_dll_rev-2.i_102.smt2: solved=True, runtime=0.52s, PAR-2=0.52s
[DEBUG] Processing 291/1229: ALIA/20230321-UltimateAutomizerSvcomp2023/dll2c_insert_equal.i_93.smt2
[DEBUG] Predicted solver: SMTInterpol for benchmark ALIA/20230321-UltimateAutomizerSvcomp2023/dll2c_insert_equal.i_93.smt2
[DEBUG] Benchmark ALIA/20230321-UltimateAutomizerSvcomp2023/dll2c_insert_equal.i_93.smt2: solved=False, runtime=1200.00s, PAR-2=2400.00s
[DEBUG] Processing 292/1229: ALIA/20230321-UltimateAutomizerSvcomp2023/dll2c_insert_equal.i_77.smt2
[DEBUG] Predicted solver: SMTInterpol for benchmark ALIA/20230321-UltimateAutomizerSvcomp2023/dll2c_insert_equal.i_77.smt2
[DEBUG] Benchmark ALIA/20230321-UltimateAutomizerSvcomp2023/dll2c_insert_equal.i_77.smt2: solved=False, runtime=1200.00s, PAR-2=2400.00s
[DEBUG] Processing 293/1229: ALIA/20230321-UltimateAutomizerSvcomp2023/simple_built_from_end.i_73.smt2
[DEBUG] Predicted solver: SMTInterpol for benchmark ALIA/20230321-UltimateAutomizerSvcomp2023/simple_built_from_end.i_73.smt2
[DEBUG] Benchmark ALIA/20230321-UltimateAutomizerSvcomp2023/simple_built_from_end.i_73.smt2: solved=True, runtime=0.65s, PAR-2=0.65s
[DEBUG] Processing 294/1229: ALIA/20230321-UltimateAutomizerSvcomp2023/sll2n_update_all_reverse.i_3.smt2
[DEBUG] Predicted solver: SMTInterpol for benchmark ALIA/20230321-UltimateAutomizerSvcomp2023/sll2n_update_all_reverse.i_3.smt2
[DEBUG] Benchmark ALIA/20230321-UltimateAutomizerSvcomp2023/sll2n_update_all_reverse.i_3.smt2: solved=True, runtime=0.61s, PAR-2=0.61s
[DEBUG] Processing 295/1229: ALIA/20230321-UltimateAutomizerSvcomp2023/sll2c_prepend_unequal.i_100.smt2
[DEBUG] Predicted solver: SMTInterpol for benchmark ALIA/20230321-UltimateAutomizerSvcomp2023/sll2c_prepend_unequal.i_100.smt2
[DEBUG] Benchmark ALIA/20230321-UltimateAutomizerSvcomp2023/sll2c_prepend_unequal.i_100.smt2: solved=True, runtime=608.88s, PAR-2=608.88s
[DEBUG] Processing 296/1229: ALIA/20230321-UltimateAutomizerSvcomp2023/dll2n_prepend_unequal.i_57.smt2
[DEBUG] Predicted solver: SMTInterpol for benchmark ALIA/20230321-UltimateAutomizerSvcomp2023/dll2n_prepend_unequal.i_57.smt2
[DEBUG] Benchmark ALIA/20230321-UltimateAutomizerSvcomp2023/dll2n_prepend_unequal.i_57.smt2: solved=False, runtime=1200.00s, PAR-2=2400.00s
[DEBUG] Processing 297/1229: ALIA/20230321-UltimateAutomizerSvcomp2023/dll2c_update_all_reverse.i_27.smt2
[DEBUG] Predicted solver: SMTInterpol for benchmark ALIA/20230321-UltimateAutomizerSvcomp2023/dll2c_update_all_reverse.i_27.smt2
[DEBUG] Benchmark ALIA/20230321-UltimateAutomizerSvcomp2023/dll2c_update_all_reverse.i_27.smt2: solved=True, runtime=0.61s, PAR-2=0.61s
[DEBUG] Processing 298/1229: ALIA/20230321-UltimateAutomizerSvcomp2023/dll-optional-1.i_0.smt2
[DEBUG] Predicted solver: iProver for benchmark ALIA/20230321-UltimateAutomizerSvcomp2023/dll-optional-1.i_0.smt2
[DEBUG] Benchmark ALIA/20230321-UltimateAutomizerSvcomp2023/dll-optional-1.i_0.smt2: solved=False, runtime=1200.00s, PAR-2=2400.00s
[DEBUG] Processing 299/1229: ALIA/20230321-UltimateAutomizerSvcomp2023/list_and_tree_cnstr-2.i_65.smt2
[DEBUG] Predicted solver: SMTInterpol for benchmark ALIA/20230321-UltimateAutomizerSvcomp2023/list_and_tree_cnstr-2.i_65.smt2
[DEBUG] Benchmark ALIA/20230321-UltimateAutomizerSvcomp2023/list_and_tree_cnstr-2.i_65.smt2: solved=True, runtime=0.70s, PAR-2=0.70s
[DEBUG] Processing 300/1229: ALIA/20230321-UltimateAutomizerSvcomp2023/dll-optional-1.i_16.smt2
[DEBUG] Predicted solver: SMTInterpol for benchmark ALIA/20230321-UltimateAutomizerSvcomp2023/dll-optional-1.i_16.smt2
[DEBUG] Benchmark ALIA/20230321-UltimateAutomizerSvcomp2023/dll-optional-1.i_16.smt2: solved=True, runtime=539.53s, PAR-2=539.53s
[DEBUG] Processing 301/1229: ALIA/20230321-UltimateAutomizerSvcomp2023/ex3_forlist.i_69.smt2
[DEBUG] Predicted solver: SMTInterpol for benchmark ALIA/20230321-UltimateAutomizerSvcomp2023/ex3_forlist.i_69.smt2
[DEBUG] Benchmark ALIA/20230321-UltimateAutomizerSvcomp2023/ex3_forlist.i_69.smt2: solved=True, runtime=0.59s, PAR-2=0.59s
[DEBUG] Processing 302/1229: ALIA/20230321-UltimateAutomizerSvcomp2023/bubble_sort_linux-1.i_16.smt2
[DEBUG] Predicted solver: SMTInterpol for benchmark ALIA/20230321-UltimateAutomizerSvcomp2023/bubble_sort_linux-1.i_16.smt2
[DEBUG] Benchmark ALIA/20230321-UltimateAutomizerSvcomp2023/bubble_sort_linux-1.i_16.smt2: solved=True, runtime=0.45s, PAR-2=0.45s
[DEBUG] Processing 303/1229: ALIA/20230321-UltimateAutomizerSvcomp2023/ex3_forlist.i_200.smt2
[DEBUG] Predicted solver: SMTInterpol for benchmark ALIA/20230321-UltimateAutomizerSvcomp2023/ex3_forlist.i_200.smt2
[DEBUG] Benchmark ALIA/20230321-UltimateAutomizerSvcomp2023/ex3_forlist.i_200.smt2: solved=True, runtime=0.46s, PAR-2=0.46s
[DEBUG] Processing 304/1229: ALIA/20230321-UltimateAutomizerSvcomp2023/sll2n_insert_unequal.i_31.smt2
[DEBUG] Predicted solver: SMTInterpol for benchmark ALIA/20230321-UltimateAutomizerSvcomp2023/sll2n_insert_unequal.i_31.smt2
[DEBUG] Benchmark ALIA/20230321-UltimateAutomizerSvcomp2023/sll2n_insert_unequal.i_31.smt2: solved=True, runtime=200.98s, PAR-2=200.98s
[DEBUG] Processing 305/1229: ALIA/20230321-UltimateAutomizerSvcomp2023/bubble_sort_linux-2.i_0.smt2
[DEBUG] Predicted solver: cvc5 for benchmark ALIA/20230321-UltimateAutomizerSvcomp2023/bubble_sort_linux-2.i_0.smt2
[DEBUG] Benchmark ALIA/20230321-UltimateAutomizerSvcomp2023/bubble_sort_linux-2.i_0.smt2: solved=True, runtime=0.55s, PAR-2=0.55s
[DEBUG] Processing 306/1229: ALIA/20230321-UltimateAutomizerSvcomp2023/list-ext_flag.i_4.smt2
[DEBUG] Predicted solver: SMTInterpol for benchmark ALIA/20230321-UltimateAutomizerSvcomp2023/list-ext_flag.i_4.smt2
[DEBUG] Benchmark ALIA/20230321-UltimateAutomizerSvcomp2023/list-ext_flag.i_4.smt2: solved=True, runtime=0.56s, PAR-2=0.56s
[DEBUG] Processing 307/1229: ALIA/piVC/piVC_d9dcdb.smt2
[DEBUG] Predicted solver: SMTInterpol for benchmark ALIA/piVC/piVC_d9dcdb.smt2
[DEBUG] Benchmark ALIA/piVC/piVC_d9dcdb.smt2: solved=True, runtime=1.11s, PAR-2=1.11s
[DEBUG] Processing 308/1229: ALIA/20230321-UltimateAutomizerSvcomp2023/splice-2.i_64.smt2
[DEBUG] Predicted solver: SMTInterpol for benchmark ALIA/20230321-UltimateAutomizerSvcomp2023/splice-2.i_64.smt2
[DEBUG] Benchmark ALIA/20230321-UltimateAutomizerSvcomp2023/splice-2.i_64.smt2: solved=False, runtime=1200.00s, PAR-2=2400.00s
[DEBUG] Processing 309/1229: ALIA/20230321-UltimateAutomizerSvcomp2023/ex3_forlist.i_68.smt2
[DEBUG] Predicted solver: SMTInterpol for benchmark ALIA/20230321-UltimateAutomizerSvcomp2023/ex3_forlist.i_68.smt2
[DEBUG] Benchmark ALIA/20230321-UltimateAutomizerSvcomp2023/ex3_forlist.i_68.smt2: solved=True, runtime=0.61s, PAR-2=0.61s
[DEBUG] Processing 310/1229: ALIA/20230321-UltimateAutomizerSvcomp2023/max05-2.i_3.smt2
[DEBUG] Predicted solver: SMTInterpol for benchmark ALIA/20230321-UltimateAutomizerSvcomp2023/max05-2.i_3.smt2
[DEBUG] Benchmark ALIA/20230321-UltimateAutomizerSvcomp2023/max05-2.i_3.smt2: solved=False, runtime=1200.00s, PAR-2=2400.00s
[DEBUG] Processing 311/1229: ALIA/20230321-UltimateAutomizerSvcomp2023/dll2c_insert_unequal.i_6.smt2
[DEBUG] Predicted solver: SMTInterpol for benchmark ALIA/20230321-UltimateAutomizerSvcomp2023/dll2c_insert_unequal.i_6.smt2
[DEBUG] Benchmark ALIA/20230321-UltimateAutomizerSvcomp2023/dll2c_insert_unequal.i_6.smt2: solved=False, runtime=1200.00s, PAR-2=2400.00s
[DEBUG] Processing 312/1229: ALIA/20230321-UltimateAutomizerSvcomp2023/ex3_forlist.i_62.smt2
[DEBUG] Predicted solver: SMTInterpol for benchmark ALIA/20230321-UltimateAutomizerSvcomp2023/ex3_forlist.i_62.smt2
[DEBUG] Benchmark ALIA/20230321-UltimateAutomizerSvcomp2023/ex3_forlist.i_62.smt2: solved=True, runtime=0.57s, PAR-2=0.57s
[DEBUG] Processing 313/1229: ALIA/20230321-UltimateAutomizerSvcomp2023/dll2n_append_unequal.i_30.smt2
[DEBUG] Predicted solver: SMTInterpol for benchmark ALIA/20230321-UltimateAutomizerSvcomp2023/dll2n_append_unequal.i_30.smt2
[DEBUG] Benchmark ALIA/20230321-UltimateAutomizerSvcomp2023/dll2n_append_unequal.i_30.smt2: solved=False, runtime=1200.00s, PAR-2=2400.00s
[DEBUG] Processing 314/1229: ALIA/20230321-UltimateAutomizerSvcomp2023/list-ext_flag.i_112.smt2
[DEBUG] Predicted solver: SMTInterpol for benchmark ALIA/20230321-UltimateAutomizerSvcomp2023/list-ext_flag.i_112.smt2
[DEBUG] Benchmark ALIA/20230321-UltimateAutomizerSvcomp2023/list-ext_flag.i_112.smt2: solved=True, runtime=1.30s, PAR-2=1.30s
[DEBUG] Processing 315/1229: ALIA/20230321-UltimateAutomizerSvcomp2023/sll-sorted-2.i_46.smt2
[DEBUG] Predicted solver: SMTInterpol for benchmark ALIA/20230321-UltimateAutomizerSvcomp2023/sll-sorted-2.i_46.smt2
[DEBUG] Benchmark ALIA/20230321-UltimateAutomizerSvcomp2023/sll-sorted-2.i_46.smt2: solved=True, runtime=0.53s, PAR-2=0.53s
[DEBUG] Processing 316/1229: ALIA/20230321-UltimateAutomizerSvcomp2023/sll2n_prepend_equal.i_31.smt2
[DEBUG] Predicted solver: SMTInterpol for benchmark ALIA/20230321-UltimateAutomizerSvcomp2023/sll2n_prepend_equal.i_31.smt2
[DEBUG] Benchmark ALIA/20230321-UltimateAutomizerSvcomp2023/sll2n_prepend_equal.i_31.smt2: solved=True, runtime=0.41s, PAR-2=0.41s
[DEBUG] Processing 317/1229: ALIA/20230321-UltimateAutomizerSvcomp2023/dll2n_append_equal.i_20.smt2
[DEBUG] Predicted solver: cvc5 for benchmark ALIA/20230321-UltimateAutomizerSvcomp2023/dll2n_append_equal.i_20.smt2
[DEBUG] Benchmark ALIA/20230321-UltimateAutomizerSvcomp2023/dll2n_append_equal.i_20.smt2: solved=False, runtime=1200.00s, PAR-2=2400.00s
[DEBUG] Processing 318/1229: ALIA/20230321-UltimateAutomizerSvcomp2023/sll_to_dll_rev-2.i_106.smt2
[DEBUG] Predicted solver: SMTInterpol for benchmark ALIA/20230321-UltimateAutomizerSvcomp2023/sll_to_dll_rev-2.i_106.smt2
[DEBUG] Benchmark ALIA/20230321-UltimateAutomizerSvcomp2023/sll_to_dll_rev-2.i_106.smt2: solved=True, runtime=0.59s, PAR-2=0.59s
[DEBUG] Processing 319/1229: ALIA/20230321-UltimateAutomizerSvcomp2023/dll2n_insert_unequal.i_23.smt2
[DEBUG] Predicted solver: SMTInterpol for benchmark ALIA/20230321-UltimateAutomizerSvcomp2023/dll2n_insert_unequal.i_23.smt2
[DEBUG] Benchmark ALIA/20230321-UltimateAutomizerSvcomp2023/dll2n_insert_unequal.i_23.smt2: solved=False, runtime=1200.00s, PAR-2=2400.00s
[DEBUG] Processing 320/1229: ALIA/20230321-UltimateAutomizerSvcomp2023/list-ext_flag.i_100.smt2
[DEBUG] Predicted solver: SMTInterpol for benchmark ALIA/20230321-UltimateAutomizerSvcomp2023/list-ext_flag.i_100.smt2
[DEBUG] Benchmark ALIA/20230321-UltimateAutomizerSvcomp2023/list-ext_flag.i_100.smt2: solved=False, runtime=1200.00s, PAR-2=2400.00s
[DEBUG] Processing 321/1229: ALIA/20230321-UltimateAutomizerSvcomp2023/dll2c_update_all_reverse.i_221.smt2
[DEBUG] Predicted solver: SMTInterpol for benchmark ALIA/20230321-UltimateAutomizerSvcomp2023/dll2c_update_all_reverse.i_221.smt2
[DEBUG] Benchmark ALIA/20230321-UltimateAutomizerSvcomp2023/dll2c_update_all_reverse.i_221.smt2: solved=True, runtime=0.65s, PAR-2=0.65s
[DEBUG] Processing 322/1229: ALIA/20230321-UltimateAutomizerSvcomp2023/skiplist_3lvl.i_100.smt2
[DEBUG] Predicted solver: SMTInterpol for benchmark ALIA/20230321-UltimateAutomizerSvcomp2023/skiplist_3lvl.i_100.smt2
[DEBUG] Benchmark ALIA/20230321-UltimateAutomizerSvcomp2023/skiplist_3lvl.i_100.smt2: solved=True, runtime=0.96s, PAR-2=0.96s
[DEBUG] Processing 323/1229: ALIA/20230321-UltimateAutomizerSvcomp2023/tree_stack.i_0.smt2
[DEBUG] Predicted solver: SMTInterpol for benchmark ALIA/20230321-UltimateAutomizerSvcomp2023/tree_stack.i_0.smt2
[DEBUG] Benchmark ALIA/20230321-UltimateAutomizerSvcomp2023/tree_stack.i_0.smt2: solved=True, runtime=0.42s, PAR-2=0.42s
[DEBUG] Processing 324/1229: ALIA/20230321-UltimateAutomizerSvcomp2023/dll2c_insert_equal.i_26.smt2
[DEBUG] Predicted solver: SMTInterpol for benchmark ALIA/20230321-UltimateAutomizerSvcomp2023/dll2c_insert_equal.i_26.smt2
[DEBUG] Benchmark ALIA/20230321-UltimateAutomizerSvcomp2023/dll2c_insert_equal.i_26.smt2: solved=False, runtime=1200.00s, PAR-2=2400.00s
[DEBUG] Processing 325/1229: ALIA/20230321-UltimateAutomizerSvcomp2023/dll2c_update_all_reverse.i_195.smt2
[DEBUG] Predicted solver: SMTInterpol for benchmark ALIA/20230321-UltimateAutomizerSvcomp2023/dll2c_update_all_reverse.i_195.smt2
[DEBUG] Benchmark ALIA/20230321-UltimateAutomizerSvcomp2023/dll2c_update_all_reverse.i_195.smt2: solved=True, runtime=0.63s, PAR-2=0.63s
[DEBUG] Processing 326/1229: ALIA/20230321-UltimateAutomizerSvcomp2023/list-2.i_33.smt2
[DEBUG] Predicted solver: SMTInterpol for benchmark ALIA/20230321-UltimateAutomizerSvcomp2023/list-2.i_33.smt2
[DEBUG] Benchmark ALIA/20230321-UltimateAutomizerSvcomp2023/list-2.i_33.smt2: solved=True, runtime=1.44s, PAR-2=1.44s
[DEBUG] Processing 327/1229: ALIA/20230321-UltimateAutomizerSvcomp2023/length_test03-1.i_12.smt2
[DEBUG] Predicted solver: SMTInterpol for benchmark ALIA/20230321-UltimateAutomizerSvcomp2023/length_test03-1.i_12.smt2
[DEBUG] Benchmark ALIA/20230321-UltimateAutomizerSvcomp2023/length_test03-1.i_12.smt2: solved=True, runtime=0.48s, PAR-2=0.48s
[DEBUG] Processing 328/1229: ALIA/20230321-UltimateAutomizerSvcomp2023/list-1.i_79.smt2
[DEBUG] Predicted solver: SMTInterpol for benchmark ALIA/20230321-UltimateAutomizerSvcomp2023/list-1.i_79.smt2
[DEBUG] Benchmark ALIA/20230321-UltimateAutomizerSvcomp2023/list-1.i_79.smt2: solved=True, runtime=58.13s, PAR-2=58.13s
[DEBUG] Processing 329/1229: ALIA/20230321-UltimateAutomizerSvcomp2023/split_list_test05-2.i_10.smt2
[DEBUG] Predicted solver: SMTInterpol for benchmark ALIA/20230321-UltimateAutomizerSvcomp2023/split_list_test05-2.i_10.smt2
[DEBUG] Benchmark ALIA/20230321-UltimateAutomizerSvcomp2023/split_list_test05-2.i_10.smt2: solved=True, runtime=0.45s, PAR-2=0.45s
[DEBUG] Processing 330/1229: ALIA/20230321-UltimateAutomizerSvcomp2023/simple_built_from_end.i_47.smt2
[DEBUG] Predicted solver: SMTInterpol for benchmark ALIA/20230321-UltimateAutomizerSvcomp2023/simple_built_from_end.i_47.smt2
[DEBUG] Benchmark ALIA/20230321-UltimateAutomizerSvcomp2023/simple_built_from_end.i_47.smt2: solved=True, runtime=0.50s, PAR-2=0.50s
[DEBUG] Processing 331/1229: ALIA/20230321-UltimateAutomizerSvcomp2023/list_and_tree_cnstr-1.i_81.smt2
[DEBUG] Predicted solver: SMTInterpol for benchmark ALIA/20230321-UltimateAutomizerSvcomp2023/list_and_tree_cnstr-1.i_81.smt2
[DEBUG] Benchmark ALIA/20230321-UltimateAutomizerSvcomp2023/list_and_tree_cnstr-1.i_81.smt2: solved=True, runtime=0.57s, PAR-2=0.57s
[DEBUG] Processing 332/1229: ALIA/20230321-UltimateAutomizerSvcomp2023/ex3_forlist.i_51.smt2
[DEBUG] Predicted solver: SMTInterpol for benchmark ALIA/20230321-UltimateAutomizerSvcomp2023/ex3_forlist.i_51.smt2
[DEBUG] Benchmark ALIA/20230321-UltimateAutomizerSvcomp2023/ex3_forlist.i_51.smt2: solved=True, runtime=0.57s, PAR-2=0.57s
[DEBUG] Processing 333/1229: ALIA/20230321-UltimateAutomizerSvcomp2023/sll2n_append_equal.i_24.smt2
[DEBUG] Predicted solver: SMTInterpol for benchmark ALIA/20230321-UltimateAutomizerSvcomp2023/sll2n_append_equal.i_24.smt2
[DEBUG] Benchmark ALIA/20230321-UltimateAutomizerSvcomp2023/sll2n_append_equal.i_24.smt2: solved=True, runtime=0.51s, PAR-2=0.51s
[DEBUG] Processing 334/1229: ALIA/20230321-UltimateAutomizerSvcomp2023/dll2n_prepend_unequal.i_22.smt2
[DEBUG] Predicted solver: SMTInterpol for benchmark ALIA/20230321-UltimateAutomizerSvcomp2023/dll2n_prepend_unequal.i_22.smt2
[DEBUG] Benchmark ALIA/20230321-UltimateAutomizerSvcomp2023/dll2n_prepend_unequal.i_22.smt2: solved=True, runtime=763.40s, PAR-2=763.40s
[DEBUG] Processing 335/1229: ALIA/20230321-UltimateAutomizerSvcomp2023/sll2n_prepend_equal.i_43.smt2
[DEBUG] Predicted solver: SMTInterpol for benchmark ALIA/20230321-UltimateAutomizerSvcomp2023/sll2n_prepend_equal.i_43.smt2
[DEBUG] Benchmark ALIA/20230321-UltimateAutomizerSvcomp2023/sll2n_prepend_equal.i_43.smt2: solved=True, runtime=0.42s, PAR-2=0.42s
[DEBUG] Processing 336/1229: ALIA/20230321-UltimateAutomizerSvcomp2023/simple_and_skiplist_2lvl-2.i_57.smt2
[DEBUG] Predicted solver: SMTInterpol for benchmark ALIA/20230321-UltimateAutomizerSvcomp2023/simple_and_skiplist_2lvl-2.i_57.smt2
[DEBUG] Benchmark ALIA/20230321-UltimateAutomizerSvcomp2023/simple_and_skiplist_2lvl-2.i_57.smt2: solved=True, runtime=5.79s, PAR-2=5.79s
[DEBUG] Processing 337/1229: ALIA/20230321-UltimateAutomizerSvcomp2023/simple_search_value-1.i_74.smt2
[DEBUG] Predicted solver: iProver for benchmark ALIA/20230321-UltimateAutomizerSvcomp2023/simple_search_value-1.i_74.smt2
[DEBUG] Benchmark ALIA/20230321-UltimateAutomizerSvcomp2023/simple_search_value-1.i_74.smt2: solved=False, runtime=1200.00s, PAR-2=2400.00s
[DEBUG] Processing 338/1229: ALIA/20230321-UltimateAutomizerSvcomp2023/shared_mem1.i_94.smt2
[DEBUG] Predicted solver: SMTInterpol for benchmark ALIA/20230321-UltimateAutomizerSvcomp2023/shared_mem1.i_94.smt2
[DEBUG] Benchmark ALIA/20230321-UltimateAutomizerSvcomp2023/shared_mem1.i_94.smt2: solved=True, runtime=0.66s, PAR-2=0.66s
[DEBUG] Processing 339/1229: ALIA/20230321-UltimateAutomizerSvcomp2023/ex3_forlist.i_65.smt2
[DEBUG] Predicted solver: SMTInterpol for benchmark ALIA/20230321-UltimateAutomizerSvcomp2023/ex3_forlist.i_65.smt2
[DEBUG] Benchmark ALIA/20230321-UltimateAutomizerSvcomp2023/ex3_forlist.i_65.smt2: solved=True, runtime=0.90s, PAR-2=0.90s
[DEBUG] Processing 340/1229: ALIA/20230321-UltimateAutomizerSvcomp2023/sll2n_insert_unequal.i_68.smt2
[DEBUG] Predicted solver: SMTInterpol for benchmark ALIA/20230321-UltimateAutomizerSvcomp2023/sll2n_insert_unequal.i_68.smt2
[DEBUG] Benchmark ALIA/20230321-UltimateAutomizerSvcomp2023/sll2n_insert_unequal.i_68.smt2: solved=True, runtime=181.60s, PAR-2=181.60s
[DEBUG] Processing 341/1229: ALIA/20230321-UltimateAutomizerSvcomp2023/dll2c_update_all_reverse.i_8.smt2
[DEBUG] Predicted solver: SMTInterpol for benchmark ALIA/20230321-UltimateAutomizerSvcomp2023/dll2c_update_all_reverse.i_8.smt2
[DEBUG] Benchmark ALIA/20230321-UltimateAutomizerSvcomp2023/dll2c_update_all_reverse.i_8.smt2: solved=True, runtime=0.52s, PAR-2=0.52s
[DEBUG] Processing 342/1229: ALIA/20230321-UltimateAutomizerSvcomp2023/tree_cnstr.i_43.smt2
[DEBUG] Predicted solver: SMTInterpol for benchmark ALIA/20230321-UltimateAutomizerSvcomp2023/tree_cnstr.i_43.smt2
[DEBUG] Benchmark ALIA/20230321-UltimateAutomizerSvcomp2023/tree_cnstr.i_43.smt2: solved=True, runtime=0.55s, PAR-2=0.55s
[DEBUG] Processing 343/1229: ALIA/20230321-UltimateAutomizerSvcomp2023/sll2n_remove_all_reverse.i_1.smt2
[DEBUG] Predicted solver: SMTInterpol for benchmark ALIA/20230321-UltimateAutomizerSvcomp2023/sll2n_remove_all_reverse.i_1.smt2
[DEBUG] Benchmark ALIA/20230321-UltimateAutomizerSvcomp2023/sll2n_remove_all_reverse.i_1.smt2: solved=False, runtime=1200.00s, PAR-2=2400.00s
[DEBUG] Processing 344/1229: ALIA/20230321-UltimateAutomizerSvcomp2023/shared_mem1.i_8.smt2
[DEBUG] Predicted solver: cvc5 for benchmark ALIA/20230321-UltimateAutomizerSvcomp2023/shared_mem1.i_8.smt2
[DEBUG] Benchmark ALIA/20230321-UltimateAutomizerSvcomp2023/shared_mem1.i_8.smt2: solved=True, runtime=0.23s, PAR-2=0.23s
[DEBUG] Processing 345/1229: ALIA/20230321-UltimateAutomizerSvcomp2023/ex3_forlist.i_73.smt2
[DEBUG] Predicted solver: SMTInterpol for benchmark ALIA/20230321-UltimateAutomizerSvcomp2023/ex3_forlist.i_73.smt2
[DEBUG] Benchmark ALIA/20230321-UltimateAutomizerSvcomp2023/ex3_forlist.i_73.smt2: solved=True, runtime=0.57s, PAR-2=0.57s
[DEBUG] Processing 346/1229: ALIA/20230321-UltimateAutomizerSvcomp2023/sll_circular_traversal-1.i_18.smt2
[DEBUG] Predicted solver: iProver for benchmark ALIA/20230321-UltimateAutomizerSvcomp2023/sll_circular_traversal-1.i_18.smt2
[DEBUG] Benchmark ALIA/20230321-UltimateAutomizerSvcomp2023/sll_circular_traversal-1.i_18.smt2: solved=True, runtime=1.34s, PAR-2=1.34s
[DEBUG] Processing 347/1229: ALIA/20230321-UltimateAutomizerSvcomp2023/skiplist_3lvl.i_49.smt2
[DEBUG] Predicted solver: SMTInterpol for benchmark ALIA/20230321-UltimateAutomizerSvcomp2023/skiplist_3lvl.i_49.smt2
[DEBUG] Benchmark ALIA/20230321-UltimateAutomizerSvcomp2023/skiplist_3lvl.i_49.smt2: solved=True, runtime=0.88s, PAR-2=0.88s
[DEBUG] Processing 348/1229: ALIA/20230321-UltimateAutomizerSvcomp2023/list_and_tree_cnstr-2.i_46.smt2
[DEBUG] Predicted solver: SMTInterpol for benchmark ALIA/20230321-UltimateAutomizerSvcomp2023/list_and_tree_cnstr-2.i_46.smt2
[DEBUG] Benchmark ALIA/20230321-UltimateAutomizerSvcomp2023/list_and_tree_cnstr-2.i_46.smt2: solved=True, runtime=0.62s, PAR-2=0.62s
[DEBUG] Processing 349/1229: ALIA/20230321-UltimateAutomizerSvcomp2023/list_search-2.i_13.smt2
[DEBUG] Predicted solver: SMTInterpol for benchmark ALIA/20230321-UltimateAutomizerSvcomp2023/list_search-2.i_13.smt2
[DEBUG] Benchmark ALIA/20230321-UltimateAutomizerSvcomp2023/list_search-2.i_13.smt2: solved=True, runtime=0.43s, PAR-2=0.43s
[DEBUG] Processing 350/1229: ALIA/20230321-UltimateAutomizerSvcomp2023/sll2c_insert_equal.i_4.smt2
[DEBUG] Predicted solver: SMTInterpol for benchmark ALIA/20230321-UltimateAutomizerSvcomp2023/sll2c_insert_equal.i_4.smt2
[DEBUG] Benchmark ALIA/20230321-UltimateAutomizerSvcomp2023/sll2c_insert_equal.i_4.smt2: solved=True, runtime=0.43s, PAR-2=0.43s
[DEBUG] Processing 351/1229: ALIA/20230321-UltimateAutomizerSvcomp2023/test_mutex_unlock_at_exit.i_22.smt2
[DEBUG] Predicted solver: SMTInterpol for benchmark ALIA/20230321-UltimateAutomizerSvcomp2023/test_mutex_unlock_at_exit.i_22.smt2
[DEBUG] Benchmark ALIA/20230321-UltimateAutomizerSvcomp2023/test_mutex_unlock_at_exit.i_22.smt2: solved=True, runtime=25.61s, PAR-2=25.61s
[DEBUG] Processing 352/1229: ALIA/20230321-UltimateAutomizerSvcomp2023/ex3_forlist.i_155.smt2
[DEBUG] Predicted solver: SMTInterpol for benchmark ALIA/20230321-UltimateAutomizerSvcomp2023/ex3_forlist.i_155.smt2
[DEBUG] Benchmark ALIA/20230321-UltimateAutomizerSvcomp2023/ex3_forlist.i_155.smt2: solved=True, runtime=0.43s, PAR-2=0.43s
[DEBUG] Processing 353/1229: ALIA/20230321-UltimateAutomizerSvcomp2023/list-ext_flag.i_88.smt2
[DEBUG] Predicted solver: SMTInterpol for benchmark ALIA/20230321-UltimateAutomizerSvcomp2023/list-ext_flag.i_88.smt2
[DEBUG] Benchmark ALIA/20230321-UltimateAutomizerSvcomp2023/list-ext_flag.i_88.smt2: solved=False, runtime=1200.00s, PAR-2=2400.00s
[DEBUG] Processing 354/1229: ALIA/20230321-UltimateAutomizerSvcomp2023/test_mutex_double_unlock.i_31.smt2
[DEBUG] Predicted solver: cvc5 for benchmark ALIA/20230321-UltimateAutomizerSvcomp2023/test_mutex_double_unlock.i_31.smt2
[DEBUG] Benchmark ALIA/20230321-UltimateAutomizerSvcomp2023/test_mutex_double_unlock.i_31.smt2: solved=True, runtime=1.25s, PAR-2=1.25s
[DEBUG] Processing 355/1229: ALIA/20230321-UltimateAutomizerSvcomp2023/dll2c_update_all_reverse.i_32.smt2
[DEBUG] Predicted solver: SMTInterpol for benchmark ALIA/20230321-UltimateAutomizerSvcomp2023/dll2c_update_all_reverse.i_32.smt2
[DEBUG] Benchmark ALIA/20230321-UltimateAutomizerSvcomp2023/dll2c_update_all_reverse.i_32.smt2: solved=True, runtime=0.61s, PAR-2=0.61s
[DEBUG] Processing 356/1229: ALIA/20230321-UltimateAutomizerSvcomp2023/list_flag-2.i_22.smt2
[DEBUG] Predicted solver: SMTInterpol for benchmark ALIA/20230321-UltimateAutomizerSvcomp2023/list_flag-2.i_22.smt2
[DEBUG] Benchmark ALIA/20230321-UltimateAutomizerSvcomp2023/list_flag-2.i_22.smt2: solved=True, runtime=0.42s, PAR-2=0.42s
[DEBUG] Processing 357/1229: ALIA/20230321-UltimateAutomizerSvcomp2023/dll2n_insert_unequal.i_19.smt2
[DEBUG] Predicted solver: SMTInterpol for benchmark ALIA/20230321-UltimateAutomizerSvcomp2023/dll2n_insert_unequal.i_19.smt2
[DEBUG] Benchmark ALIA/20230321-UltimateAutomizerSvcomp2023/dll2n_insert_unequal.i_19.smt2: solved=False, runtime=1200.00s, PAR-2=2400.00s
[DEBUG] Processing 358/1229: ALIA/20230321-UltimateAutomizerSvcomp2023/dll2n_insert_equal.i_0.smt2
[DEBUG] Predicted solver: SMTInterpol for benchmark ALIA/20230321-UltimateAutomizerSvcomp2023/dll2n_insert_equal.i_0.smt2
[DEBUG] Benchmark ALIA/20230321-UltimateAutomizerSvcomp2023/dll2n_insert_equal.i_0.smt2: solved=True, runtime=0.56s, PAR-2=0.56s
[DEBUG] Processing 359/1229: ALIA/piVC/piVC_d91441.smt2
[DEBUG] Predicted solver: SMTInterpol for benchmark ALIA/piVC/piVC_d91441.smt2
[DEBUG] Benchmark ALIA/piVC/piVC_d91441.smt2: solved=True, runtime=1.23s, PAR-2=1.23s
[DEBUG] Processing 360/1229: ALIA/20230321-UltimateAutomizerSvcomp2023/simple-2.i_36.smt2
[DEBUG] Predicted solver: SMTInterpol for benchmark ALIA/20230321-UltimateAutomizerSvcomp2023/simple-2.i_36.smt2
[DEBUG] Benchmark ALIA/20230321-UltimateAutomizerSvcomp2023/simple-2.i_36.smt2: solved=True, runtime=0.46s, PAR-2=0.46s
[DEBUG] Processing 361/1229: ALIA/20230321-UltimateAutomizerSvcomp2023/shared_mem1.i_6.smt2
[DEBUG] Predicted solver: SMTInterpol for benchmark ALIA/20230321-UltimateAutomizerSvcomp2023/shared_mem1.i_6.smt2
[DEBUG] Benchmark ALIA/20230321-UltimateAutomizerSvcomp2023/shared_mem1.i_6.smt2: solved=False, runtime=1200.00s, PAR-2=2400.00s
[DEBUG] Processing 362/1229: ALIA/20230321-UltimateAutomizerSvcomp2023/simple_search_value-1.i_64.smt2
[DEBUG] Predicted solver: SMTInterpol for benchmark ALIA/20230321-UltimateAutomizerSvcomp2023/simple_search_value-1.i_64.smt2
[DEBUG] Benchmark ALIA/20230321-UltimateAutomizerSvcomp2023/simple_search_value-1.i_64.smt2: solved=True, runtime=662.34s, PAR-2=662.34s
[DEBUG] Processing 363/1229: ALIA/20230321-UltimateAutomizerSvcomp2023/length_test03-1.i_102.smt2
[DEBUG] Predicted solver: cvc5 for benchmark ALIA/20230321-UltimateAutomizerSvcomp2023/length_test03-1.i_102.smt2
[DEBUG] Benchmark ALIA/20230321-UltimateAutomizerSvcomp2023/length_test03-1.i_102.smt2: solved=False, runtime=1200.00s, PAR-2=2400.00s
[DEBUG] Processing 364/1229: ALIA/20230321-UltimateAutomizerSvcomp2023/sll_to_dll_rev-1.i_52.smt2
[DEBUG] Predicted solver: cvc5 for benchmark ALIA/20230321-UltimateAutomizerSvcomp2023/sll_to_dll_rev-1.i_52.smt2
[DEBUG] Benchmark ALIA/20230321-UltimateAutomizerSvcomp2023/sll_to_dll_rev-1.i_52.smt2: solved=True, runtime=0.53s, PAR-2=0.53s
[DEBUG] Processing 365/1229: ALIA/20230321-UltimateAutomizerSvcomp2023/ex3_forlist.i_203.smt2
[DEBUG] Predicted solver: SMTInterpol for benchmark ALIA/20230321-UltimateAutomizerSvcomp2023/ex3_forlist.i_203.smt2
[DEBUG] Benchmark ALIA/20230321-UltimateAutomizerSvcomp2023/ex3_forlist.i_203.smt2: solved=True, runtime=0.49s, PAR-2=0.49s
[DEBUG] Processing 366/1229: ALIA/20230321-UltimateAutomizerSvcomp2023/bubble_sort_linux-1.i_2.smt2
[DEBUG] Predicted solver: cvc5 for benchmark ALIA/20230321-UltimateAutomizerSvcomp2023/bubble_sort_linux-1.i_2.smt2
[DEBUG] Benchmark ALIA/20230321-UltimateAutomizerSvcomp2023/bubble_sort_linux-1.i_2.smt2: solved=False, runtime=1200.00s, PAR-2=2400.00s
[DEBUG] Processing 367/1229: ALIA/20230321-UltimateAutomizerSvcomp2023/shared_mem1.i_47.smt2
[DEBUG] Predicted solver: SMTInterpol for benchmark ALIA/20230321-UltimateAutomizerSvcomp2023/shared_mem1.i_47.smt2
[DEBUG] Benchmark ALIA/20230321-UltimateAutomizerSvcomp2023/shared_mem1.i_47.smt2: solved=True, runtime=0.64s, PAR-2=0.64s
[DEBUG] Processing 368/1229: ALIA/20230321-UltimateAutomizerSvcomp2023/list_search-2.i_37.smt2
[DEBUG] Predicted solver: SMTInterpol for benchmark ALIA/20230321-UltimateAutomizerSvcomp2023/list_search-2.i_37.smt2
[DEBUG] Benchmark ALIA/20230321-UltimateAutomizerSvcomp2023/list_search-2.i_37.smt2: solved=True, runtime=0.44s, PAR-2=0.44s
[DEBUG] Processing 369/1229: ALIA/20230321-UltimateAutomizerSvcomp2023/list-ext_flag.i_68.smt2
[DEBUG] Predicted solver: SMTInterpol for benchmark ALIA/20230321-UltimateAutomizerSvcomp2023/list-ext_flag.i_68.smt2
[DEBUG] Benchmark ALIA/20230321-UltimateAutomizerSvcomp2023/list-ext_flag.i_68.smt2: solved=False, runtime=1200.00s, PAR-2=2400.00s
[DEBUG] Processing 370/1229: ALIA/20230321-UltimateAutomizerSvcomp2023/sll2n_insert_unequal.i_4.smt2
[DEBUG] Predicted solver: SMTInterpol for benchmark ALIA/20230321-UltimateAutomizerSvcomp2023/sll2n_insert_unequal.i_4.smt2
[DEBUG] Benchmark ALIA/20230321-UltimateAutomizerSvcomp2023/sll2n_insert_unequal.i_4.smt2: solved=True, runtime=6.06s, PAR-2=6.06s
[DEBUG] Processing 371/1229: ALIA/20230321-UltimateAutomizerSvcomp2023/ex3_forlist.i_38.smt2
[DEBUG] Predicted solver: SMTInterpol for benchmark ALIA/20230321-UltimateAutomizerSvcomp2023/ex3_forlist.i_38.smt2
[DEBUG] Benchmark ALIA/20230321-UltimateAutomizerSvcomp2023/ex3_forlist.i_38.smt2: solved=True, runtime=0.56s, PAR-2=0.56s
[DEBUG] Processing 372/1229: ALIA/20230321-UltimateAutomizerSvcomp2023/list_and_tree_cnstr-1.i_4.smt2
[DEBUG] Predicted solver: SMTInterpol for benchmark ALIA/20230321-UltimateAutomizerSvcomp2023/list_and_tree_cnstr-1.i_4.smt2
[DEBUG] Benchmark ALIA/20230321-UltimateAutomizerSvcomp2023/list_and_tree_cnstr-1.i_4.smt2: solved=True, runtime=0.44s, PAR-2=0.44s
[DEBUG] Processing 373/1229: ALIA/20230321-UltimateAutomizerSvcomp2023/dll2c_append_unequal.i_15.smt2
[DEBUG] Predicted solver: cvc5 for benchmark ALIA/20230321-UltimateAutomizerSvcomp2023/dll2c_append_unequal.i_15.smt2
[DEBUG] Benchmark ALIA/20230321-UltimateAutomizerSvcomp2023/dll2c_append_unequal.i_15.smt2: solved=True, runtime=0.41s, PAR-2=0.41s
[DEBUG] Processing 374/1229: ALIA/20230321-UltimateAutomizerSvcomp2023/dll2c_update_all_reverse.i_2.smt2
[DEBUG] Predicted solver: SMTInterpol for benchmark ALIA/20230321-UltimateAutomizerSvcomp2023/dll2c_update_all_reverse.i_2.smt2
[DEBUG] Benchmark ALIA/20230321-UltimateAutomizerSvcomp2023/dll2c_update_all_reverse.i_2.smt2: solved=True, runtime=0.50s, PAR-2=0.50s
[DEBUG] Processing 375/1229: ALIA/20230321-UltimateAutomizerSvcomp2023/dll2n_insert_unequal.i_20.smt2
[DEBUG] Predicted solver: SMTInterpol for benchmark ALIA/20230321-UltimateAutomizerSvcomp2023/dll2n_insert_unequal.i_20.smt2
[DEBUG] Benchmark ALIA/20230321-UltimateAutomizerSvcomp2023/dll2n_insert_unequal.i_20.smt2: solved=False, runtime=1200.00s, PAR-2=2400.00s
[DEBUG] Processing 376/1229: ALIA/20230321-UltimateAutomizerSvcomp2023/bubble_sort_linux-1.i_52.smt2
[DEBUG] Predicted solver: SMTInterpol for benchmark ALIA/20230321-UltimateAutomizerSvcomp2023/bubble_sort_linux-1.i_52.smt2
[DEBUG] Benchmark ALIA/20230321-UltimateAutomizerSvcomp2023/bubble_sort_linux-1.i_52.smt2: solved=True, runtime=2.84s, PAR-2=2.84s
[DEBUG] Processing 377/1229: ALIA/20230321-UltimateAutomizerSvcomp2023/dll2n_insert_unequal.i_26.smt2
[DEBUG] Predicted solver: SMTInterpol for benchmark ALIA/20230321-UltimateAutomizerSvcomp2023/dll2n_insert_unequal.i_26.smt2
[DEBUG] Benchmark ALIA/20230321-UltimateAutomizerSvcomp2023/dll2n_insert_unequal.i_26.smt2: solved=False, runtime=1200.00s, PAR-2=2400.00s
[DEBUG] Processing 378/1229: ALIA/20230321-UltimateAutomizerSvcomp2023/tree_of_cslls.i_16.smt2
[DEBUG] Predicted solver: SMTInterpol for benchmark ALIA/20230321-UltimateAutomizerSvcomp2023/tree_of_cslls.i_16.smt2
[DEBUG] Benchmark ALIA/20230321-UltimateAutomizerSvcomp2023/tree_of_cslls.i_16.smt2: solved=True, runtime=0.53s, PAR-2=0.53s
[DEBUG] Processing 379/1229: ALIA/20230321-UltimateAutomizerSvcomp2023/test_add-2.i_40.smt2
[DEBUG] Predicted solver: cvc5 for benchmark ALIA/20230321-UltimateAutomizerSvcomp2023/test_add-2.i_40.smt2
[DEBUG] Benchmark ALIA/20230321-UltimateAutomizerSvcomp2023/test_add-2.i_40.smt2: solved=True, runtime=0.37s, PAR-2=0.37s
[DEBUG] Processing 380/1229: ALIA/20230321-UltimateAutomizerSvcomp2023/dll_circular_traversal-2.i_65.smt2
[DEBUG] Predicted solver: SMTInterpol for benchmark ALIA/20230321-UltimateAutomizerSvcomp2023/dll_circular_traversal-2.i_65.smt2
[DEBUG] Benchmark ALIA/20230321-UltimateAutomizerSvcomp2023/dll_circular_traversal-2.i_65.smt2: solved=True, runtime=0.66s, PAR-2=0.66s
[DEBUG] Processing 381/1229: ALIA/20230321-UltimateAutomizerSvcomp2023/test_add-2.i_74.smt2
[DEBUG] Predicted solver: cvc5 for benchmark ALIA/20230321-UltimateAutomizerSvcomp2023/test_add-2.i_74.smt2
[DEBUG] Benchmark ALIA/20230321-UltimateAutomizerSvcomp2023/test_add-2.i_74.smt2: solved=True, runtime=0.30s, PAR-2=0.30s
[DEBUG] Processing 382/1229: ALIA/20230321-UltimateAutomizerSvcomp2023/length_test03-1.i_207.smt2
[DEBUG] Predicted solver: SMTInterpol for benchmark ALIA/20230321-UltimateAutomizerSvcomp2023/length_test03-1.i_207.smt2
[DEBUG] Benchmark ALIA/20230321-UltimateAutomizerSvcomp2023/length_test03-1.i_207.smt2: solved=True, runtime=0.87s, PAR-2=0.87s
[DEBUG] Processing 383/1229: ALIA/20230321-UltimateAutomizerSvcomp2023/packet_filter.i_2.smt2
[DEBUG] Predicted solver: cvc5 for benchmark ALIA/20230321-UltimateAutomizerSvcomp2023/packet_filter.i_2.smt2
[DEBUG] Benchmark ALIA/20230321-UltimateAutomizerSvcomp2023/packet_filter.i_2.smt2: solved=False, runtime=1200.00s, PAR-2=2400.00s
[DEBUG] Processing 384/1229: ALIA/20230321-UltimateAutomizerSvcomp2023/dll2c_insert_equal.i_61.smt2
[DEBUG] Predicted solver: SMTInterpol for benchmark ALIA/20230321-UltimateAutomizerSvcomp2023/dll2c_insert_equal.i_61.smt2
[DEBUG] Benchmark ALIA/20230321-UltimateAutomizerSvcomp2023/dll2c_insert_equal.i_61.smt2: solved=False, runtime=1200.00s, PAR-2=2400.00s
[DEBUG] Processing 385/1229: ALIA/20230321-UltimateAutomizerSvcomp2023/test_mutex_unlock_at_exit.i_13.smt2
[DEBUG] Predicted solver: SMTInterpol for benchmark ALIA/20230321-UltimateAutomizerSvcomp2023/test_mutex_unlock_at_exit.i_13.smt2
[DEBUG] Benchmark ALIA/20230321-UltimateAutomizerSvcomp2023/test_mutex_unlock_at_exit.i_13.smt2: solved=True, runtime=0.43s, PAR-2=0.43s
[DEBUG] Processing 386/1229: ALIA/20230321-UltimateAutomizerSvcomp2023/dll-rb-cnstr_1-2.i_2.smt2
[DEBUG] Predicted solver: SMTInterpol for benchmark ALIA/20230321-UltimateAutomizerSvcomp2023/dll-rb-cnstr_1-2.i_2.smt2
[DEBUG] Benchmark ALIA/20230321-UltimateAutomizerSvcomp2023/dll-rb-cnstr_1-2.i_2.smt2: solved=True, runtime=0.70s, PAR-2=0.70s
[DEBUG] Processing 387/1229: ALIA/20230321-UltimateAutomizerSvcomp2023/dll-rb-cnstr_1-2.i_6.smt2
[DEBUG] Predicted solver: SMTInterpol for benchmark ALIA/20230321-UltimateAutomizerSvcomp2023/dll-rb-cnstr_1-2.i_6.smt2
[DEBUG] Benchmark ALIA/20230321-UltimateAutomizerSvcomp2023/dll-rb-cnstr_1-2.i_6.smt2: solved=False, runtime=1200.00s, PAR-2=2400.00s
[DEBUG] Processing 388/1229: ALIA/20230321-UltimateAutomizerSvcomp2023/sll_circular_traversal-1.i_43.smt2
[DEBUG] Predicted solver: SMTInterpol for benchmark ALIA/20230321-UltimateAutomizerSvcomp2023/sll_circular_traversal-1.i_43.smt2
[DEBUG] Benchmark ALIA/20230321-UltimateAutomizerSvcomp2023/sll_circular_traversal-1.i_43.smt2: solved=False, runtime=1200.00s, PAR-2=2400.00s
[DEBUG] Processing 389/1229: ALIA/20230321-UltimateAutomizerSvcomp2023/dll_nullified-2.i_6.smt2
[DEBUG] Predicted solver: SMTInterpol for benchmark ALIA/20230321-UltimateAutomizerSvcomp2023/dll_nullified-2.i_6.smt2
[DEBUG] Benchmark ALIA/20230321-UltimateAutomizerSvcomp2023/dll_nullified-2.i_6.smt2: solved=True, runtime=0.45s, PAR-2=0.45s
[DEBUG] Processing 390/1229: ALIA/20230321-UltimateAutomizerSvcomp2023/sll_to_dll_rev-1.i_87.smt2
[DEBUG] Predicted solver: cvc5 for benchmark ALIA/20230321-UltimateAutomizerSvcomp2023/sll_to_dll_rev-1.i_87.smt2
[DEBUG] Benchmark ALIA/20230321-UltimateAutomizerSvcomp2023/sll_to_dll_rev-1.i_87.smt2: solved=True, runtime=8.36s, PAR-2=8.36s
[DEBUG] Processing 391/1229: ALIA/20230321-UltimateAutomizerSvcomp2023/simple-2.i_45.smt2
[DEBUG] Predicted solver: SMTInterpol for benchmark ALIA/20230321-UltimateAutomizerSvcomp2023/simple-2.i_45.smt2
[DEBUG] Benchmark ALIA/20230321-UltimateAutomizerSvcomp2023/simple-2.i_45.smt2: solved=True, runtime=0.49s, PAR-2=0.49s
[DEBUG] Processing 392/1229: ALIA/20230321-UltimateAutomizerSvcomp2023/test_mutex_double_unlock.i_3.smt2
[DEBUG] Predicted solver: cvc5 for benchmark ALIA/20230321-UltimateAutomizerSvcomp2023/test_mutex_double_unlock.i_3.smt2
[DEBUG] Benchmark ALIA/20230321-UltimateAutomizerSvcomp2023/test_mutex_double_unlock.i_3.smt2: solved=True, runtime=0.22s, PAR-2=0.22s
[DEBUG] Processing 393/1229: ALIA/20230321-UltimateAutomizerSvcomp2023/sll_to_dll_rev-2.i_33.smt2
[DEBUG] Predicted solver: cvc5 for benchmark ALIA/20230321-UltimateAutomizerSvcomp2023/sll_to_dll_rev-2.i_33.smt2
[DEBUG] Benchmark ALIA/20230321-UltimateAutomizerSvcomp2023/sll_to_dll_rev-2.i_33.smt2: solved=True, runtime=60.69s, PAR-2=60.69s
[DEBUG] Processing 394/1229: ALIA/20230321-UltimateAutomizerSvcomp2023/dll2n_prepend_unequal.i_14.smt2
[DEBUG] Predicted solver: iProver for benchmark ALIA/20230321-UltimateAutomizerSvcomp2023/dll2n_prepend_unequal.i_14.smt2
[DEBUG] Benchmark ALIA/20230321-UltimateAutomizerSvcomp2023/dll2n_prepend_unequal.i_14.smt2: solved=True, runtime=36.49s, PAR-2=36.49s
[DEBUG] Processing 395/1229: ALIA/20230321-UltimateAutomizerSvcomp2023/list_and_tree_cnstr-1.i_59.smt2
[DEBUG] Predicted solver: SMTInterpol for benchmark ALIA/20230321-UltimateAutomizerSvcomp2023/list_and_tree_cnstr-1.i_59.smt2
[DEBUG] Benchmark ALIA/20230321-UltimateAutomizerSvcomp2023/list_and_tree_cnstr-1.i_59.smt2: solved=True, runtime=4.48s, PAR-2=4.48s
[DEBUG] Processing 396/1229: ALIA/20230321-UltimateAutomizerSvcomp2023/shared_mem1.i_78.smt2
[DEBUG] Predicted solver: cvc5 for benchmark ALIA/20230321-UltimateAutomizerSvcomp2023/shared_mem1.i_78.smt2
[DEBUG] Benchmark ALIA/20230321-UltimateAutomizerSvcomp2023/shared_mem1.i_78.smt2: solved=True, runtime=0.26s, PAR-2=0.26s
[DEBUG] Processing 397/1229: ALIA/20230321-UltimateAutomizerSvcomp2023/dll2c_insert_equal.i_86.smt2
[DEBUG] Predicted solver: SMTInterpol for benchmark ALIA/20230321-UltimateAutomizerSvcomp2023/dll2c_insert_equal.i_86.smt2
[DEBUG] Benchmark ALIA/20230321-UltimateAutomizerSvcomp2023/dll2c_insert_equal.i_86.smt2: solved=False, runtime=1200.00s, PAR-2=2400.00s
[DEBUG] Processing 398/1229: ALIA/20230321-UltimateAutomizerSvcomp2023/list_search-1.i_11.smt2
[DEBUG] Predicted solver: SMTInterpol for benchmark ALIA/20230321-UltimateAutomizerSvcomp2023/list_search-1.i_11.smt2
[DEBUG] Benchmark ALIA/20230321-UltimateAutomizerSvcomp2023/list_search-1.i_11.smt2: solved=True, runtime=0.50s, PAR-2=0.50s
[DEBUG] Processing 399/1229: ALIA/20230321-UltimateAutomizerSvcomp2023/sll-sorted-2.i_36.smt2
[DEBUG] Predicted solver: SMTInterpol for benchmark ALIA/20230321-UltimateAutomizerSvcomp2023/sll-sorted-2.i_36.smt2
[DEBUG] Benchmark ALIA/20230321-UltimateAutomizerSvcomp2023/sll-sorted-2.i_36.smt2: solved=False, runtime=1200.00s, PAR-2=2400.00s
[DEBUG] Processing 400/1229: ALIA/20230321-UltimateAutomizerSvcomp2023/length_test03-1.i_188.smt2
[DEBUG] Predicted solver: SMTInterpol for benchmark ALIA/20230321-UltimateAutomizerSvcomp2023/length_test03-1.i_188.smt2
[DEBUG] Benchmark ALIA/20230321-UltimateAutomizerSvcomp2023/length_test03-1.i_188.smt2: solved=False, runtime=1200.00s, PAR-2=2400.00s
[DEBUG] Processing 401/1229: ALIA/20230321-UltimateAutomizerSvcomp2023/simple_built_from_end.i_23.smt2
[DEBUG] Predicted solver: cvc5 for benchmark ALIA/20230321-UltimateAutomizerSvcomp2023/simple_built_from_end.i_23.smt2
[DEBUG] Benchmark ALIA/20230321-UltimateAutomizerSvcomp2023/simple_built_from_end.i_23.smt2: solved=True, runtime=89.77s, PAR-2=89.77s
[DEBUG] Processing 402/1229: ALIA/20230321-UltimateAutomizerSvcomp2023/skiplist_3lvl.i_81.smt2
[DEBUG] Predicted solver: SMTInterpol for benchmark ALIA/20230321-UltimateAutomizerSvcomp2023/skiplist_3lvl.i_81.smt2
[DEBUG] Benchmark ALIA/20230321-UltimateAutomizerSvcomp2023/skiplist_3lvl.i_81.smt2: solved=True, runtime=20.01s, PAR-2=20.01s
[DEBUG] Processing 403/1229: ALIA/20230321-UltimateAutomizerSvcomp2023/sll_to_dll_rev-2.i_69.smt2
[DEBUG] Predicted solver: cvc5 for benchmark ALIA/20230321-UltimateAutomizerSvcomp2023/sll_to_dll_rev-2.i_69.smt2
[DEBUG] Benchmark ALIA/20230321-UltimateAutomizerSvcomp2023/sll_to_dll_rev-2.i_69.smt2: solved=True, runtime=0.27s, PAR-2=0.27s
[DEBUG] Processing 404/1229: ALIA/20230321-UltimateAutomizerSvcomp2023/length_test03-1.i_194.smt2
[DEBUG] Predicted solver: SMTInterpol for benchmark ALIA/20230321-UltimateAutomizerSvcomp2023/length_test03-1.i_194.smt2
[DEBUG] Benchmark ALIA/20230321-UltimateAutomizerSvcomp2023/length_test03-1.i_194.smt2: solved=True, runtime=74.55s, PAR-2=74.55s
[DEBUG] Processing 405/1229: ALIA/20230321-UltimateAutomizerSvcomp2023/length_test03-1.i_19.smt2
[DEBUG] Predicted solver: SMTInterpol for benchmark ALIA/20230321-UltimateAutomizerSvcomp2023/length_test03-1.i_19.smt2
[DEBUG] Benchmark ALIA/20230321-UltimateAutomizerSvcomp2023/length_test03-1.i_19.smt2: solved=True, runtime=0.50s, PAR-2=0.50s
[DEBUG] Processing 406/1229: ALIA/20230321-UltimateAutomizerSvcomp2023/sll2n_update_all_reverse.i_23.smt2
[DEBUG] Predicted solver: SMTInterpol for benchmark ALIA/20230321-UltimateAutomizerSvcomp2023/sll2n_update_all_reverse.i_23.smt2
[DEBUG] Benchmark ALIA/20230321-UltimateAutomizerSvcomp2023/sll2n_update_all_reverse.i_23.smt2: solved=True, runtime=0.55s, PAR-2=0.55s
[DEBUG] Processing 407/1229: ALIA/20230321-UltimateAutomizerSvcomp2023/ex3_forlist.i_146.smt2
[DEBUG] Predicted solver: SMTInterpol for benchmark ALIA/20230321-UltimateAutomizerSvcomp2023/ex3_forlist.i_146.smt2
[DEBUG] Benchmark ALIA/20230321-UltimateAutomizerSvcomp2023/ex3_forlist.i_146.smt2: solved=True, runtime=0.48s, PAR-2=0.48s
[DEBUG] Processing 408/1229: ALIA/20230321-UltimateAutomizerSvcomp2023/sll2n_insert_unequal.i_60.smt2
[DEBUG] Predicted solver: cvc5 for benchmark ALIA/20230321-UltimateAutomizerSvcomp2023/sll2n_insert_unequal.i_60.smt2
[DEBUG] Benchmark ALIA/20230321-UltimateAutomizerSvcomp2023/sll2n_insert_unequal.i_60.smt2: solved=True, runtime=35.75s, PAR-2=35.75s
[DEBUG] Processing 409/1229: ALIA/20230321-UltimateAutomizerSvcomp2023/sll2c_insert_unequal.i_8.smt2
[DEBUG] Predicted solver: SMTInterpol for benchmark ALIA/20230321-UltimateAutomizerSvcomp2023/sll2c_insert_unequal.i_8.smt2
[DEBUG] Benchmark ALIA/20230321-UltimateAutomizerSvcomp2023/sll2c_insert_unequal.i_8.smt2: solved=False, runtime=1200.00s, PAR-2=2400.00s
[DEBUG] Processing 410/1229: ALIA/20230321-UltimateAutomizerSvcomp2023/ex3_forlist.i_77.smt2
[DEBUG] Predicted solver: SMTInterpol for benchmark ALIA/20230321-UltimateAutomizerSvcomp2023/ex3_forlist.i_77.smt2
[DEBUG] Benchmark ALIA/20230321-UltimateAutomizerSvcomp2023/ex3_forlist.i_77.smt2: solved=True, runtime=0.72s, PAR-2=0.72s
[DEBUG] Processing 411/1229: ALIA/20230321-UltimateAutomizerSvcomp2023/dll2n_append_unequal.i_66.smt2
[DEBUG] Predicted solver: SMTInterpol for benchmark ALIA/20230321-UltimateAutomizerSvcomp2023/dll2n_append_unequal.i_66.smt2
[DEBUG] Benchmark ALIA/20230321-UltimateAutomizerSvcomp2023/dll2n_append_unequal.i_66.smt2: solved=True, runtime=0.43s, PAR-2=0.43s
[DEBUG] Processing 412/1229: ALIA/20230321-UltimateAutomizerSvcomp2023/sll_to_dll_rev-2.i_122.smt2
[DEBUG] Predicted solver: SMTInterpol for benchmark ALIA/20230321-UltimateAutomizerSvcomp2023/sll_to_dll_rev-2.i_122.smt2
[DEBUG] Benchmark ALIA/20230321-UltimateAutomizerSvcomp2023/sll_to_dll_rev-2.i_122.smt2: solved=True, runtime=0.58s, PAR-2=0.58s
[DEBUG] Processing 413/1229: ALIA/20230321-UltimateAutomizerSvcomp2023/length_test03-1.i_156.smt2
[DEBUG] Predicted solver: cvc5 for benchmark ALIA/20230321-UltimateAutomizerSvcomp2023/length_test03-1.i_156.smt2
[DEBUG] Benchmark ALIA/20230321-UltimateAutomizerSvcomp2023/length_test03-1.i_156.smt2: solved=True, runtime=0.45s, PAR-2=0.45s
[DEBUG] Processing 414/1229: ALIA/20230321-UltimateAutomizerSvcomp2023/dll2c_insert_equal.i_75.smt2
[DEBUG] Predicted solver: SMTInterpol for benchmark ALIA/20230321-UltimateAutomizerSvcomp2023/dll2c_insert_equal.i_75.smt2
[DEBUG] Benchmark ALIA/20230321-UltimateAutomizerSvcomp2023/dll2c_insert_equal.i_75.smt2: solved=False, runtime=1200.00s, PAR-2=2400.00s
[DEBUG] Processing 415/1229: ALIA/20230321-UltimateAutomizerSvcomp2023/splice-2.i_68.smt2
[DEBUG] Predicted solver: SMTInterpol for benchmark ALIA/20230321-UltimateAutomizerSvcomp2023/splice-2.i_68.smt2
[DEBUG] Benchmark ALIA/20230321-UltimateAutomizerSvcomp2023/splice-2.i_68.smt2: solved=True, runtime=0.44s, PAR-2=0.44s
[DEBUG] Processing 416/1229: ALIA/20230321-UltimateAutomizerSvcomp2023/ex3_forlist.i_174.smt2
[DEBUG] Predicted solver: SMTInterpol for benchmark ALIA/20230321-UltimateAutomizerSvcomp2023/ex3_forlist.i_174.smt2
[DEBUG] Benchmark ALIA/20230321-UltimateAutomizerSvcomp2023/ex3_forlist.i_174.smt2: solved=True, runtime=0.47s, PAR-2=0.47s
[DEBUG] Processing 417/1229: ALIA/20230321-UltimateAutomizerSvcomp2023/ex3_forlist.i_60.smt2
[DEBUG] Predicted solver: SMTInterpol for benchmark ALIA/20230321-UltimateAutomizerSvcomp2023/ex3_forlist.i_60.smt2
[DEBUG] Benchmark ALIA/20230321-UltimateAutomizerSvcomp2023/ex3_forlist.i_60.smt2: solved=True, runtime=0.68s, PAR-2=0.68s
[DEBUG] Processing 418/1229: ALIA/20230321-UltimateAutomizerSvcomp2023/dll2n_append_equal.i_43.smt2
[DEBUG] Predicted solver: SMTInterpol for benchmark ALIA/20230321-UltimateAutomizerSvcomp2023/dll2n_append_equal.i_43.smt2
[DEBUG] Benchmark ALIA/20230321-UltimateAutomizerSvcomp2023/dll2n_append_equal.i_43.smt2: solved=True, runtime=0.42s, PAR-2=0.42s
[DEBUG] Processing 419/1229: ALIA/20230321-UltimateAutomizerSvcomp2023/bubble_sort_linux-1.i_25.smt2
[DEBUG] Predicted solver: SMTInterpol for benchmark ALIA/20230321-UltimateAutomizerSvcomp2023/bubble_sort_linux-1.i_25.smt2
[DEBUG] Benchmark ALIA/20230321-UltimateAutomizerSvcomp2023/bubble_sort_linux-1.i_25.smt2: solved=True, runtime=1.66s, PAR-2=1.66s
[DEBUG] Processing 420/1229: ALIA/20230321-UltimateAutomizerSvcomp2023/shared_mem1.i_63.smt2
[DEBUG] Predicted solver: cvc5 for benchmark ALIA/20230321-UltimateAutomizerSvcomp2023/shared_mem1.i_63.smt2
[DEBUG] Benchmark ALIA/20230321-UltimateAutomizerSvcomp2023/shared_mem1.i_63.smt2: solved=True, runtime=0.28s, PAR-2=0.28s
[DEBUG] Processing 421/1229: ALIA/20230321-UltimateAutomizerSvcomp2023/ex3_forlist.i_0.smt2
[DEBUG] Predicted solver: SMTInterpol for benchmark ALIA/20230321-UltimateAutomizerSvcomp2023/ex3_forlist.i_0.smt2
[DEBUG] Benchmark ALIA/20230321-UltimateAutomizerSvcomp2023/ex3_forlist.i_0.smt2: solved=True, runtime=0.49s, PAR-2=0.49s
[DEBUG] Processing 422/1229: ALIA/20230321-UltimateAutomizerSvcomp2023/dll2n_append_equal.i_53.smt2
[DEBUG] Predicted solver: SMTInterpol for benchmark ALIA/20230321-UltimateAutomizerSvcomp2023/dll2n_append_equal.i_53.smt2
[DEBUG] Benchmark ALIA/20230321-UltimateAutomizerSvcomp2023/dll2n_append_equal.i_53.smt2: solved=True, runtime=0.55s, PAR-2=0.55s
[DEBUG] Processing 423/1229: ALIA/20230321-UltimateAutomizerSvcomp2023/simple_search_value-1.i_29.smt2
[DEBUG] Predicted solver: SMTInterpol for benchmark ALIA/20230321-UltimateAutomizerSvcomp2023/simple_search_value-1.i_29.smt2
[DEBUG] Benchmark ALIA/20230321-UltimateAutomizerSvcomp2023/simple_search_value-1.i_29.smt2: solved=False, runtime=1200.00s, PAR-2=2400.00s
[DEBUG] Processing 424/1229: ALIA/20230321-UltimateAutomizerSvcomp2023/sll2n_update_all_reverse.i_0.smt2
[DEBUG] Predicted solver: SMTInterpol for benchmark ALIA/20230321-UltimateAutomizerSvcomp2023/sll2n_update_all_reverse.i_0.smt2
[DEBUG] Benchmark ALIA/20230321-UltimateAutomizerSvcomp2023/sll2n_update_all_reverse.i_0.smt2: solved=True, runtime=0.49s, PAR-2=0.49s
[DEBUG] Processing 425/1229: ALIA/20230321-UltimateAutomizerSvcomp2023/sll2c_insert_unequal.i_28.smt2
[DEBUG] Predicted solver: SMTInterpol for benchmark ALIA/20230321-UltimateAutomizerSvcomp2023/sll2c_insert_unequal.i_28.smt2
[DEBUG] Benchmark ALIA/20230321-UltimateAutomizerSvcomp2023/sll2c_insert_unequal.i_28.smt2: solved=False, runtime=1200.00s, PAR-2=2400.00s
[DEBUG] Processing 426/1229: ALIA/20230321-UltimateAutomizerSvcomp2023/dll2c_update_all_reverse.i_165.smt2
[DEBUG] Predicted solver: SMTInterpol for benchmark ALIA/20230321-UltimateAutomizerSvcomp2023/dll2c_update_all_reverse.i_165.smt2
[DEBUG] Benchmark ALIA/20230321-UltimateAutomizerSvcomp2023/dll2c_update_all_reverse.i_165.smt2: solved=True, runtime=0.77s, PAR-2=0.77s
[DEBUG] Processing 427/1229: ALIA/20230321-UltimateAutomizerSvcomp2023/dll2n_insert_unequal.i_24.smt2
[DEBUG] Predicted solver: SMTInterpol for benchmark ALIA/20230321-UltimateAutomizerSvcomp2023/dll2n_insert_unequal.i_24.smt2
[DEBUG] Benchmark ALIA/20230321-UltimateAutomizerSvcomp2023/dll2n_insert_unequal.i_24.smt2: solved=False, runtime=1200.00s, PAR-2=2400.00s
[DEBUG] Processing 428/1229: ALIA/20230321-UltimateAutomizerSvcomp2023/list-ext_flag_1.i_44.smt2
[DEBUG] Predicted solver: SMTInterpol for benchmark ALIA/20230321-UltimateAutomizerSvcomp2023/list-ext_flag_1.i_44.smt2
[DEBUG] Benchmark ALIA/20230321-UltimateAutomizerSvcomp2023/list-ext_flag_1.i_44.smt2: solved=True, runtime=0.51s, PAR-2=0.51s
[DEBUG] Processing 429/1229: ALIA/20230321-UltimateAutomizerSvcomp2023/skiplist_3lvl.i_73.smt2
[DEBUG] Predicted solver: SMTInterpol for benchmark ALIA/20230321-UltimateAutomizerSvcomp2023/skiplist_3lvl.i_73.smt2
[DEBUG] Benchmark ALIA/20230321-UltimateAutomizerSvcomp2023/skiplist_3lvl.i_73.smt2: solved=True, runtime=2.79s, PAR-2=2.79s
[DEBUG] Processing 430/1229: ALIA/20230321-UltimateAutomizerSvcomp2023/sll_circular_traversal-1.i_28.smt2
[DEBUG] Predicted solver: iProver for benchmark ALIA/20230321-UltimateAutomizerSvcomp2023/sll_circular_traversal-1.i_28.smt2
[DEBUG] Benchmark ALIA/20230321-UltimateAutomizerSvcomp2023/sll_circular_traversal-1.i_28.smt2: solved=True, runtime=2.42s, PAR-2=2.42s
[DEBUG] Processing 431/1229: ALIA/20230321-UltimateAutomizerSvcomp2023/sll_to_dll_rev-1.i_70.smt2
[DEBUG] Predicted solver: cvc5 for benchmark ALIA/20230321-UltimateAutomizerSvcomp2023/sll_to_dll_rev-1.i_70.smt2
[DEBUG] Benchmark ALIA/20230321-UltimateAutomizerSvcomp2023/sll_to_dll_rev-1.i_70.smt2: solved=True, runtime=2.40s, PAR-2=2.40s
[DEBUG] Processing 432/1229: ALIA/20230321-UltimateAutomizerSvcomp2023/splice-2.i_123.smt2
[DEBUG] Predicted solver: SMTInterpol for benchmark ALIA/20230321-UltimateAutomizerSvcomp2023/splice-2.i_123.smt2
[DEBUG] Benchmark ALIA/20230321-UltimateAutomizerSvcomp2023/splice-2.i_123.smt2: solved=False, runtime=1200.00s, PAR-2=2400.00s
[DEBUG] Processing 433/1229: ALIA/20230321-UltimateAutomizerSvcomp2023/dll_circular_traversal-2.i_54.smt2
[DEBUG] Predicted solver: SMTInterpol for benchmark ALIA/20230321-UltimateAutomizerSvcomp2023/dll_circular_traversal-2.i_54.smt2
[DEBUG] Benchmark ALIA/20230321-UltimateAutomizerSvcomp2023/dll_circular_traversal-2.i_54.smt2: solved=True, runtime=0.67s, PAR-2=0.67s
[DEBUG] Processing 434/1229: ALIA/20230321-UltimateAutomizerSvcomp2023/sll2n_insert_unequal.i_54.smt2
[DEBUG] Predicted solver: SMTInterpol for benchmark ALIA/20230321-UltimateAutomizerSvcomp2023/sll2n_insert_unequal.i_54.smt2
[DEBUG] Benchmark ALIA/20230321-UltimateAutomizerSvcomp2023/sll2n_insert_unequal.i_54.smt2: solved=True, runtime=201.76s, PAR-2=201.76s
[DEBUG] Processing 435/1229: ALIA/20230321-UltimateAutomizerSvcomp2023/dll2c_insert_unequal.i_61.smt2
[DEBUG] Predicted solver: SMTInterpol for benchmark ALIA/20230321-UltimateAutomizerSvcomp2023/dll2c_insert_unequal.i_61.smt2
[DEBUG] Benchmark ALIA/20230321-UltimateAutomizerSvcomp2023/dll2c_insert_unequal.i_61.smt2: solved=True, runtime=0.43s, PAR-2=0.43s
[DEBUG] Processing 436/1229: ALIA/20230321-UltimateAutomizerSvcomp2023/sll2n_insert_unequal.i_32.smt2
[DEBUG] Predicted solver: SMTInterpol for benchmark ALIA/20230321-UltimateAutomizerSvcomp2023/sll2n_insert_unequal.i_32.smt2
[DEBUG] Benchmark ALIA/20230321-UltimateAutomizerSvcomp2023/sll2n_insert_unequal.i_32.smt2: solved=True, runtime=201.97s, PAR-2=201.97s
[DEBUG] Processing 437/1229: ALIA/20230321-UltimateAutomizerSvcomp2023/length_test03-1.i_107.smt2
[DEBUG] Predicted solver: cvc5 for benchmark ALIA/20230321-UltimateAutomizerSvcomp2023/length_test03-1.i_107.smt2
[DEBUG] Benchmark ALIA/20230321-UltimateAutomizerSvcomp2023/length_test03-1.i_107.smt2: solved=False, runtime=1200.00s, PAR-2=2400.00s
[DEBUG] Processing 438/1229: ALIA/20230321-UltimateAutomizerSvcomp2023/sll2c_remove_all.i_18.smt2
[DEBUG] Predicted solver: cvc5 for benchmark ALIA/20230321-UltimateAutomizerSvcomp2023/sll2c_remove_all.i_18.smt2
[DEBUG] Benchmark ALIA/20230321-UltimateAutomizerSvcomp2023/sll2c_remove_all.i_18.smt2: solved=True, runtime=1.89s, PAR-2=1.89s
[DEBUG] Processing 439/1229: ALIA/20230321-UltimateAutomizerSvcomp2023/sll_to_dll_rev-2.i_76.smt2
[DEBUG] Predicted solver: cvc5 for benchmark ALIA/20230321-UltimateAutomizerSvcomp2023/sll_to_dll_rev-2.i_76.smt2
[DEBUG] Benchmark ALIA/20230321-UltimateAutomizerSvcomp2023/sll_to_dll_rev-2.i_76.smt2: solved=True, runtime=0.26s, PAR-2=0.26s
[DEBUG] Processing 440/1229: ALIA/20230321-UltimateAutomizerSvcomp2023/dll2c_update_all.i_24.smt2
[DEBUG] Predicted solver: SMTInterpol for benchmark ALIA/20230321-UltimateAutomizerSvcomp2023/dll2c_update_all.i_24.smt2
[DEBUG] Benchmark ALIA/20230321-UltimateAutomizerSvcomp2023/dll2c_update_all.i_24.smt2: solved=True, runtime=0.48s, PAR-2=0.48s
[DEBUG] Processing 441/1229: ALIA/20230321-UltimateAutomizerSvcomp2023/test_mutex_unlock_at_exit.i_1.smt2
[DEBUG] Predicted solver: SMTInterpol for benchmark ALIA/20230321-UltimateAutomizerSvcomp2023/test_mutex_unlock_at_exit.i_1.smt2
[DEBUG] Benchmark ALIA/20230321-UltimateAutomizerSvcomp2023/test_mutex_unlock_at_exit.i_1.smt2: solved=False, runtime=1200.00s, PAR-2=2400.00s
[DEBUG] Processing 442/1229: ALIA/20230321-UltimateAutomizerSvcomp2023/test-0234-1.i_18.smt2
[DEBUG] Predicted solver: SMTInterpol for benchmark ALIA/20230321-UltimateAutomizerSvcomp2023/test-0234-1.i_18.smt2
[DEBUG] Benchmark ALIA/20230321-UltimateAutomizerSvcomp2023/test-0234-1.i_18.smt2: solved=True, runtime=0.45s, PAR-2=0.45s
[DEBUG] Processing 443/1229: ALIA/20230321-UltimateAutomizerSvcomp2023/ex3_forlist.i_54.smt2
[DEBUG] Predicted solver: SMTInterpol for benchmark ALIA/20230321-UltimateAutomizerSvcomp2023/ex3_forlist.i_54.smt2
[DEBUG] Benchmark ALIA/20230321-UltimateAutomizerSvcomp2023/ex3_forlist.i_54.smt2: solved=True, runtime=0.61s, PAR-2=0.61s
[DEBUG] Processing 444/1229: ALIA/20230321-UltimateAutomizerSvcomp2023/list-1.i_38.smt2
[DEBUG] Predicted solver: SMTInterpol for benchmark ALIA/20230321-UltimateAutomizerSvcomp2023/list-1.i_38.smt2
[DEBUG] Benchmark ALIA/20230321-UltimateAutomizerSvcomp2023/list-1.i_38.smt2: solved=True, runtime=0.45s, PAR-2=0.45s
[DEBUG] Processing 445/1229: ALIA/20230321-UltimateAutomizerSvcomp2023/sll2n_insert_unequal.i_50.smt2
[DEBUG] Predicted solver: SMTInterpol for benchmark ALIA/20230321-UltimateAutomizerSvcomp2023/sll2n_insert_unequal.i_50.smt2
[DEBUG] Benchmark ALIA/20230321-UltimateAutomizerSvcomp2023/sll2n_insert_unequal.i_50.smt2: solved=True, runtime=179.72s, PAR-2=179.72s
[DEBUG] Processing 446/1229: ALIA/20230321-UltimateAutomizerSvcomp2023/length_test03-1.i_51.smt2
[DEBUG] Predicted solver: cvc5 for benchmark ALIA/20230321-UltimateAutomizerSvcomp2023/length_test03-1.i_51.smt2
[DEBUG] Benchmark ALIA/20230321-UltimateAutomizerSvcomp2023/length_test03-1.i_51.smt2: solved=False, runtime=1200.00s, PAR-2=2400.00s
[DEBUG] Processing 447/1229: ALIA/20230321-UltimateAutomizerSvcomp2023/list-ext_flag.i_108.smt2
[DEBUG] Predicted solver: SMTInterpol for benchmark ALIA/20230321-UltimateAutomizerSvcomp2023/list-ext_flag.i_108.smt2
[DEBUG] Benchmark ALIA/20230321-UltimateAutomizerSvcomp2023/list-ext_flag.i_108.smt2: solved=True, runtime=3.50s, PAR-2=3.50s
[DEBUG] Processing 448/1229: ALIA/20230321-UltimateAutomizerSvcomp2023/list_flag-2.i_15.smt2
[DEBUG] Predicted solver: SMTInterpol for benchmark ALIA/20230321-UltimateAutomizerSvcomp2023/list_flag-2.i_15.smt2
[DEBUG] Benchmark ALIA/20230321-UltimateAutomizerSvcomp2023/list_flag-2.i_15.smt2: solved=True, runtime=0.44s, PAR-2=0.44s
[DEBUG] Processing 449/1229: ALIA/20230321-UltimateAutomizerSvcomp2023/dll2n_append_equal.i_12.smt2
[DEBUG] Predicted solver: cvc5 for benchmark ALIA/20230321-UltimateAutomizerSvcomp2023/dll2n_append_equal.i_12.smt2
[DEBUG] Benchmark ALIA/20230321-UltimateAutomizerSvcomp2023/dll2n_append_equal.i_12.smt2: solved=False, runtime=1200.00s, PAR-2=2400.00s
[DEBUG] Processing 450/1229: ALIA/20230321-UltimateAutomizerSvcomp2023/ex3_forlist.i_95.smt2
[DEBUG] Predicted solver: SMTInterpol for benchmark ALIA/20230321-UltimateAutomizerSvcomp2023/ex3_forlist.i_95.smt2
[DEBUG] Benchmark ALIA/20230321-UltimateAutomizerSvcomp2023/ex3_forlist.i_95.smt2: solved=True, runtime=0.49s, PAR-2=0.49s
[DEBUG] Processing 451/1229: ALIA/20230321-UltimateAutomizerSvcomp2023/test-0234-1.i_1.smt2
[DEBUG] Predicted solver: SMTInterpol for benchmark ALIA/20230321-UltimateAutomizerSvcomp2023/test-0234-1.i_1.smt2
[DEBUG] Benchmark ALIA/20230321-UltimateAutomizerSvcomp2023/test-0234-1.i_1.smt2: solved=True, runtime=0.45s, PAR-2=0.45s
[DEBUG] Processing 452/1229: ALIA/20230321-UltimateAutomizerSvcomp2023/ex3_forlist.i_21.smt2
[DEBUG] Predicted solver: SMTInterpol for benchmark ALIA/20230321-UltimateAutomizerSvcomp2023/ex3_forlist.i_21.smt2
[DEBUG] Benchmark ALIA/20230321-UltimateAutomizerSvcomp2023/ex3_forlist.i_21.smt2: solved=True, runtime=0.48s, PAR-2=0.48s
[DEBUG] Processing 453/1229: ALIA/20230321-UltimateAutomizerSvcomp2023/simple_search_value-1.i_49.smt2
[DEBUG] Predicted solver: SMTInterpol for benchmark ALIA/20230321-UltimateAutomizerSvcomp2023/simple_search_value-1.i_49.smt2
[DEBUG] Benchmark ALIA/20230321-UltimateAutomizerSvcomp2023/simple_search_value-1.i_49.smt2: solved=True, runtime=8.78s, PAR-2=8.78s
[DEBUG] Processing 454/1229: ALIA/20230321-UltimateAutomizerSvcomp2023/dll_nullified-2.i_20.smt2
[DEBUG] Predicted solver: SMTInterpol for benchmark ALIA/20230321-UltimateAutomizerSvcomp2023/dll_nullified-2.i_20.smt2
[DEBUG] Benchmark ALIA/20230321-UltimateAutomizerSvcomp2023/dll_nullified-2.i_20.smt2: solved=True, runtime=0.46s, PAR-2=0.46s
[DEBUG] Processing 455/1229: ALIA/20230321-UltimateAutomizerSvcomp2023/list_and_tree_cnstr-1.i_57.smt2
[DEBUG] Predicted solver: SMTInterpol for benchmark ALIA/20230321-UltimateAutomizerSvcomp2023/list_and_tree_cnstr-1.i_57.smt2
[DEBUG] Benchmark ALIA/20230321-UltimateAutomizerSvcomp2023/list_and_tree_cnstr-1.i_57.smt2: solved=True, runtime=0.61s, PAR-2=0.61s
[DEBUG] Processing 456/1229: ALIA/20230321-UltimateAutomizerSvcomp2023/simple_and_skiplist_2lvl-2.i_23.smt2
[DEBUG] Predicted solver: SMTInterpol for benchmark ALIA/20230321-UltimateAutomizerSvcomp2023/simple_and_skiplist_2lvl-2.i_23.smt2
[DEBUG] Benchmark ALIA/20230321-UltimateAutomizerSvcomp2023/simple_and_skiplist_2lvl-2.i_23.smt2: solved=True, runtime=0.51s, PAR-2=0.51s
[DEBUG] Processing 457/1229: ALIA/20230321-UltimateAutomizerSvcomp2023/dll2c_update_all_reverse.i_213.smt2
[DEBUG] Predicted solver: SMTInterpol for benchmark ALIA/20230321-UltimateAutomizerSvcomp2023/dll2c_update_all_reverse.i_213.smt2
[DEBUG] Benchmark ALIA/20230321-UltimateAutomizerSvcomp2023/dll2c_update_all_reverse.i_213.smt2: solved=True, runtime=0.63s, PAR-2=0.63s
[DEBUG] Processing 458/1229: ALIA/20230321-UltimateAutomizerSvcomp2023/tree-3.i_0.smt2
[DEBUG] Predicted solver: cvc5 for benchmark ALIA/20230321-UltimateAutomizerSvcomp2023/tree-3.i_0.smt2
[DEBUG] Benchmark ALIA/20230321-UltimateAutomizerSvcomp2023/tree-3.i_0.smt2: solved=True, runtime=0.22s, PAR-2=0.22s
[DEBUG] Processing 459/1229: ALIA/20230321-UltimateAutomizerSvcomp2023/dll2c_remove_all.i_1.smt2
[DEBUG] Predicted solver: SMTInterpol for benchmark ALIA/20230321-UltimateAutomizerSvcomp2023/dll2c_remove_all.i_1.smt2
[DEBUG] Benchmark ALIA/20230321-UltimateAutomizerSvcomp2023/dll2c_remove_all.i_1.smt2: solved=False, runtime=1200.00s, PAR-2=2400.00s
[DEBUG] Processing 460/1229: ALIA/20230321-UltimateAutomizerSvcomp2023/simple_built_from_end.i_4.smt2
[DEBUG] Predicted solver: SMTInterpol for benchmark ALIA/20230321-UltimateAutomizerSvcomp2023/simple_built_from_end.i_4.smt2
[DEBUG] Benchmark ALIA/20230321-UltimateAutomizerSvcomp2023/simple_built_from_end.i_4.smt2: solved=True, runtime=0.45s, PAR-2=0.45s
[DEBUG] Processing 461/1229: ALIA/20230321-UltimateAutomizerSvcomp2023/sll_to_dll_rev-2.i_103.smt2
[DEBUG] Predicted solver: SMTInterpol for benchmark ALIA/20230321-UltimateAutomizerSvcomp2023/sll_to_dll_rev-2.i_103.smt2
[DEBUG] Benchmark ALIA/20230321-UltimateAutomizerSvcomp2023/sll_to_dll_rev-2.i_103.smt2: solved=True, runtime=0.59s, PAR-2=0.59s
[DEBUG] Processing 462/1229: ALIA/20230321-UltimateAutomizerSvcomp2023/list-1.i_66.smt2
[DEBUG] Predicted solver: SMTInterpol for benchmark ALIA/20230321-UltimateAutomizerSvcomp2023/list-1.i_66.smt2
[DEBUG] Benchmark ALIA/20230321-UltimateAutomizerSvcomp2023/list-1.i_66.smt2: solved=False, runtime=1200.00s, PAR-2=2400.00s
[DEBUG] Processing 463/1229: ALIA/20230321-UltimateAutomizerSvcomp2023/length_test03-1.i_195.smt2
[DEBUG] Predicted solver: iProver for benchmark ALIA/20230321-UltimateAutomizerSvcomp2023/length_test03-1.i_195.smt2
[DEBUG] Benchmark ALIA/20230321-UltimateAutomizerSvcomp2023/length_test03-1.i_195.smt2: solved=True, runtime=3.38s, PAR-2=3.38s
[DEBUG] Processing 464/1229: ALIA/20230321-UltimateAutomizerSvcomp2023/sll_to_dll_rev-2.i_23.smt2
[DEBUG] Predicted solver: SMTInterpol for benchmark ALIA/20230321-UltimateAutomizerSvcomp2023/sll_to_dll_rev-2.i_23.smt2
[DEBUG] Benchmark ALIA/20230321-UltimateAutomizerSvcomp2023/sll_to_dll_rev-2.i_23.smt2: solved=True, runtime=0.47s, PAR-2=0.47s
[DEBUG] Processing 465/1229: ALIA/20230321-UltimateAutomizerSvcomp2023/dll2c_update_all_reverse.i_156.smt2
[DEBUG] Predicted solver: SMTInterpol for benchmark ALIA/20230321-UltimateAutomizerSvcomp2023/dll2c_update_all_reverse.i_156.smt2
[DEBUG] Benchmark ALIA/20230321-UltimateAutomizerSvcomp2023/dll2c_update_all_reverse.i_156.smt2: solved=True, runtime=0.69s, PAR-2=0.69s
[DEBUG] Processing 466/1229: ALIA/20230321-UltimateAutomizerSvcomp2023/dll2c_insert_unequal.i_12.smt2
[DEBUG] Predicted solver: SMTInterpol for benchmark ALIA/20230321-UltimateAutomizerSvcomp2023/dll2c_insert_unequal.i_12.smt2
[DEBUG] Benchmark ALIA/20230321-UltimateAutomizerSvcomp2023/dll2c_insert_unequal.i_12.smt2: solved=False, runtime=1200.00s, PAR-2=2400.00s
[DEBUG] Processing 467/1229: ALIA/20230321-UltimateAutomizerSvcomp2023/dll2n_prepend_unequal.i_34.smt2
[DEBUG] Predicted solver: SMTInterpol for benchmark ALIA/20230321-UltimateAutomizerSvcomp2023/dll2n_prepend_unequal.i_34.smt2
[DEBUG] Benchmark ALIA/20230321-UltimateAutomizerSvcomp2023/dll2n_prepend_unequal.i_34.smt2: solved=False, runtime=1200.00s, PAR-2=2400.00s
[DEBUG] Processing 468/1229: ALIA/20230321-UltimateAutomizerSvcomp2023/sll_to_dll_rev-1.i_49.smt2
[DEBUG] Predicted solver: cvc5 for benchmark ALIA/20230321-UltimateAutomizerSvcomp2023/sll_to_dll_rev-1.i_49.smt2
[DEBUG] Benchmark ALIA/20230321-UltimateAutomizerSvcomp2023/sll_to_dll_rev-1.i_49.smt2: solved=True, runtime=0.22s, PAR-2=0.22s
[DEBUG] Processing 469/1229: ALIA/20230321-UltimateAutomizerSvcomp2023/simple_search_value-1.i_8.smt2
[DEBUG] Predicted solver: SMTInterpol for benchmark ALIA/20230321-UltimateAutomizerSvcomp2023/simple_search_value-1.i_8.smt2
[DEBUG] Benchmark ALIA/20230321-UltimateAutomizerSvcomp2023/simple_search_value-1.i_8.smt2: solved=True, runtime=0.46s, PAR-2=0.46s
[DEBUG] Processing 470/1229: ALIA/20230321-UltimateAutomizerSvcomp2023/splice-2.i_60.smt2
[DEBUG] Predicted solver: SMTInterpol for benchmark ALIA/20230321-UltimateAutomizerSvcomp2023/splice-2.i_60.smt2
[DEBUG] Benchmark ALIA/20230321-UltimateAutomizerSvcomp2023/splice-2.i_60.smt2: solved=False, runtime=1200.00s, PAR-2=2400.00s
[DEBUG] Processing 471/1229: ALIA/20230321-UltimateAutomizerSvcomp2023/sll2c_prepend_equal.i_4.smt2
[DEBUG] Predicted solver: SMTInterpol for benchmark ALIA/20230321-UltimateAutomizerSvcomp2023/sll2c_prepend_equal.i_4.smt2
[DEBUG] Benchmark ALIA/20230321-UltimateAutomizerSvcomp2023/sll2c_prepend_equal.i_4.smt2: solved=True, runtime=0.44s, PAR-2=0.44s
[DEBUG] Processing 472/1229: ALIA/20230321-UltimateAutomizerSvcomp2023/ex3_forlist.i_17.smt2
[DEBUG] Predicted solver: SMTInterpol for benchmark ALIA/20230321-UltimateAutomizerSvcomp2023/ex3_forlist.i_17.smt2
[DEBUG] Benchmark ALIA/20230321-UltimateAutomizerSvcomp2023/ex3_forlist.i_17.smt2: solved=True, runtime=0.51s, PAR-2=0.51s
[DEBUG] Processing 473/1229: ALIA/piVC/piVC_dab5a0.smt2
[DEBUG] Predicted solver: SMTInterpol for benchmark ALIA/piVC/piVC_dab5a0.smt2
[DEBUG] Benchmark ALIA/piVC/piVC_dab5a0.smt2: solved=True, runtime=4.34s, PAR-2=4.34s
[DEBUG] Processing 474/1229: ALIA/20230321-UltimateAutomizerSvcomp2023/bubble_sort_linux-1.i_68.smt2
[DEBUG] Predicted solver: cvc5 for benchmark ALIA/20230321-UltimateAutomizerSvcomp2023/bubble_sort_linux-1.i_68.smt2
[DEBUG] Benchmark ALIA/20230321-UltimateAutomizerSvcomp2023/bubble_sort_linux-1.i_68.smt2: solved=True, runtime=48.69s, PAR-2=48.69s
[DEBUG] Processing 475/1229: ALIA/20230321-UltimateAutomizerSvcomp2023/dll2n_append_equal.i_14.smt2
[DEBUG] Predicted solver: cvc5 for benchmark ALIA/20230321-UltimateAutomizerSvcomp2023/dll2n_append_equal.i_14.smt2
[DEBUG] Benchmark ALIA/20230321-UltimateAutomizerSvcomp2023/dll2n_append_equal.i_14.smt2: solved=False, runtime=1200.00s, PAR-2=2400.00s
[DEBUG] Processing 476/1229: ALIA/20230321-UltimateAutomizerSvcomp2023/dll2n_remove_all.i_6.smt2
[DEBUG] Predicted solver: SMTInterpol for benchmark ALIA/20230321-UltimateAutomizerSvcomp2023/dll2n_remove_all.i_6.smt2
[DEBUG] Benchmark ALIA/20230321-UltimateAutomizerSvcomp2023/dll2n_remove_all.i_6.smt2: solved=False, runtime=1200.00s, PAR-2=2400.00s
[DEBUG] Processing 477/1229: ALIA/20230321-UltimateAutomizerSvcomp2023/length_test03-1.i_136.smt2
[DEBUG] Predicted solver: iProver for benchmark ALIA/20230321-UltimateAutomizerSvcomp2023/length_test03-1.i_136.smt2
[DEBUG] Benchmark ALIA/20230321-UltimateAutomizerSvcomp2023/length_test03-1.i_136.smt2: solved=True, runtime=2.87s, PAR-2=2.87s
[DEBUG] Processing 478/1229: ALIA/20230321-UltimateAutomizerSvcomp2023/dll2n_append_equal.i_45.smt2
[DEBUG] Predicted solver: SMTInterpol for benchmark ALIA/20230321-UltimateAutomizerSvcomp2023/dll2n_append_equal.i_45.smt2
[DEBUG] Benchmark ALIA/20230321-UltimateAutomizerSvcomp2023/dll2n_append_equal.i_45.smt2: solved=True, runtime=5.51s, PAR-2=5.51s
[DEBUG] Processing 479/1229: ALIA/20230321-UltimateAutomizerSvcomp2023/ex3_forlist.i_133.smt2
[DEBUG] Predicted solver: SMTInterpol for benchmark ALIA/20230321-UltimateAutomizerSvcomp2023/ex3_forlist.i_133.smt2
[DEBUG] Benchmark ALIA/20230321-UltimateAutomizerSvcomp2023/ex3_forlist.i_133.smt2: solved=True, runtime=0.46s, PAR-2=0.46s
[DEBUG] Processing 480/1229: ALIA/20230321-UltimateAutomizerSvcomp2023/dll2c_remove_all.i_21.smt2
[DEBUG] Predicted solver: SMTInterpol for benchmark ALIA/20230321-UltimateAutomizerSvcomp2023/dll2c_remove_all.i_21.smt2
[DEBUG] Benchmark ALIA/20230321-UltimateAutomizerSvcomp2023/dll2c_remove_all.i_21.smt2: solved=False, runtime=1200.00s, PAR-2=2400.00s
[DEBUG] Processing 481/1229: ALIA/20230321-UltimateAutomizerSvcomp2023/sll2n_prepend_equal.i_10.smt2
[DEBUG] Predicted solver: cvc5 for benchmark ALIA/20230321-UltimateAutomizerSvcomp2023/sll2n_prepend_equal.i_10.smt2
[DEBUG] Benchmark ALIA/20230321-UltimateAutomizerSvcomp2023/sll2n_prepend_equal.i_10.smt2: solved=True, runtime=0.79s, PAR-2=0.79s
[DEBUG] Processing 482/1229: ALIA/20230321-UltimateAutomizerSvcomp2023/splice-2.i_107.smt2
[DEBUG] Predicted solver: SMTInterpol for benchmark ALIA/20230321-UltimateAutomizerSvcomp2023/splice-2.i_107.smt2
[DEBUG] Benchmark ALIA/20230321-UltimateAutomizerSvcomp2023/splice-2.i_107.smt2: solved=True, runtime=11.11s, PAR-2=11.11s
[DEBUG] Processing 483/1229: ALIA/20230321-UltimateAutomizerSvcomp2023/shared_mem1.i_19.smt2
[DEBUG] Predicted solver: cvc5 for benchmark ALIA/20230321-UltimateAutomizerSvcomp2023/shared_mem1.i_19.smt2
[DEBUG] Benchmark ALIA/20230321-UltimateAutomizerSvcomp2023/shared_mem1.i_19.smt2: solved=True, runtime=0.24s, PAR-2=0.24s
[DEBUG] Processing 484/1229: ALIA/20230321-UltimateAutomizerSvcomp2023/simple_built_from_end.i_56.smt2
[DEBUG] Predicted solver: SMTInterpol for benchmark ALIA/20230321-UltimateAutomizerSvcomp2023/simple_built_from_end.i_56.smt2
[DEBUG] Benchmark ALIA/20230321-UltimateAutomizerSvcomp2023/simple_built_from_end.i_56.smt2: solved=True, runtime=0.47s, PAR-2=0.47s
[DEBUG] Processing 485/1229: ALIA/20230321-UltimateAutomizerSvcomp2023/dancing.i_10.smt2
[DEBUG] Predicted solver: SMTInterpol for benchmark ALIA/20230321-UltimateAutomizerSvcomp2023/dancing.i_10.smt2
[DEBUG] Benchmark ALIA/20230321-UltimateAutomizerSvcomp2023/dancing.i_10.smt2: solved=True, runtime=0.52s, PAR-2=0.52s
[DEBUG] Processing 486/1229: ALIA/20230321-UltimateAutomizerSvcomp2023/dll2c_update_all.i_9.smt2
[DEBUG] Predicted solver: SMTInterpol for benchmark ALIA/20230321-UltimateAutomizerSvcomp2023/dll2c_update_all.i_9.smt2
[DEBUG] Benchmark ALIA/20230321-UltimateAutomizerSvcomp2023/dll2c_update_all.i_9.smt2: solved=True, runtime=0.45s, PAR-2=0.45s
[DEBUG] Processing 487/1229: ALIA/20230321-UltimateAutomizerSvcomp2023/dll_of_dll-1.i_21.smt2
[DEBUG] Predicted solver: SMTInterpol for benchmark ALIA/20230321-UltimateAutomizerSvcomp2023/dll_of_dll-1.i_21.smt2
[DEBUG] Benchmark ALIA/20230321-UltimateAutomizerSvcomp2023/dll_of_dll-1.i_21.smt2: solved=True, runtime=0.47s, PAR-2=0.47s
[DEBUG] Processing 488/1229: ALIA/20230321-UltimateAutomizerSvcomp2023/dll2n_prepend_unequal.i_1.smt2
[DEBUG] Predicted solver: SMTInterpol for benchmark ALIA/20230321-UltimateAutomizerSvcomp2023/dll2n_prepend_unequal.i_1.smt2
[DEBUG] Benchmark ALIA/20230321-UltimateAutomizerSvcomp2023/dll2n_prepend_unequal.i_1.smt2: solved=False, runtime=1200.00s, PAR-2=2400.00s
[DEBUG] Processing 489/1229: ALIA/20230321-UltimateAutomizerSvcomp2023/test_add-2.i_103.smt2
[DEBUG] Predicted solver: cvc5 for benchmark ALIA/20230321-UltimateAutomizerSvcomp2023/test_add-2.i_103.smt2
[DEBUG] Benchmark ALIA/20230321-UltimateAutomizerSvcomp2023/test_add-2.i_103.smt2: solved=True, runtime=0.26s, PAR-2=0.26s
[DEBUG] Processing 490/1229: ALIA/20230321-UltimateAutomizerSvcomp2023/list_search-2.i_14.smt2
[DEBUG] Predicted solver: SMTInterpol for benchmark ALIA/20230321-UltimateAutomizerSvcomp2023/list_search-2.i_14.smt2
[DEBUG] Benchmark ALIA/20230321-UltimateAutomizerSvcomp2023/list_search-2.i_14.smt2: solved=True, runtime=0.45s, PAR-2=0.45s
[DEBUG] Processing 491/1229: ALIA/20230321-UltimateAutomizerSvcomp2023/dll_of_dll-2.i_8.smt2
[DEBUG] Predicted solver: SMTInterpol for benchmark ALIA/20230321-UltimateAutomizerSvcomp2023/dll_of_dll-2.i_8.smt2
[DEBUG] Benchmark ALIA/20230321-UltimateAutomizerSvcomp2023/dll_of_dll-2.i_8.smt2: solved=True, runtime=0.45s, PAR-2=0.45s
[DEBUG] Processing 492/1229: ALIA/20230321-UltimateAutomizerSvcomp2023/sll_circular_traversal-1.i_77.smt2
[DEBUG] Predicted solver: SMTInterpol for benchmark ALIA/20230321-UltimateAutomizerSvcomp2023/sll_circular_traversal-1.i_77.smt2
[DEBUG] Benchmark ALIA/20230321-UltimateAutomizerSvcomp2023/sll_circular_traversal-1.i_77.smt2: solved=True, runtime=0.57s, PAR-2=0.57s
[DEBUG] Processing 493/1229: ALIA/20230321-UltimateAutomizerSvcomp2023/shared_mem1.i_112.smt2
[DEBUG] Predicted solver: SMTInterpol for benchmark ALIA/20230321-UltimateAutomizerSvcomp2023/shared_mem1.i_112.smt2
[DEBUG] Benchmark ALIA/20230321-UltimateAutomizerSvcomp2023/shared_mem1.i_112.smt2: solved=True, runtime=0.46s, PAR-2=0.46s
[DEBUG] Processing 494/1229: ALIA/20230321-UltimateAutomizerSvcomp2023/sll2n_prepend_equal.i_54.smt2
[DEBUG] Predicted solver: SMTInterpol for benchmark ALIA/20230321-UltimateAutomizerSvcomp2023/sll2n_prepend_equal.i_54.smt2
[DEBUG] Benchmark ALIA/20230321-UltimateAutomizerSvcomp2023/sll2n_prepend_equal.i_54.smt2: solved=True, runtime=0.45s, PAR-2=0.45s
[DEBUG] Processing 495/1229: ALIA/20230321-UltimateAutomizerSvcomp2023/test_add-2.i_27.smt2
[DEBUG] Predicted solver: cvc5 for benchmark ALIA/20230321-UltimateAutomizerSvcomp2023/test_add-2.i_27.smt2
[DEBUG] Benchmark ALIA/20230321-UltimateAutomizerSvcomp2023/test_add-2.i_27.smt2: solved=True, runtime=0.24s, PAR-2=0.24s
[DEBUG] Processing 496/1229: ALIA/20230321-UltimateAutomizerSvcomp2023/sll_circular_traversal-1.i_13.smt2
[DEBUG] Predicted solver: iProver for benchmark ALIA/20230321-UltimateAutomizerSvcomp2023/sll_circular_traversal-1.i_13.smt2
[DEBUG] Benchmark ALIA/20230321-UltimateAutomizerSvcomp2023/sll_circular_traversal-1.i_13.smt2: solved=False, runtime=1200.00s, PAR-2=2400.00s
[DEBUG] Processing 497/1229: ALIA/20230321-UltimateAutomizerSvcomp2023/simple-ext_1.i_7.smt2
[DEBUG] Predicted solver: SMTInterpol for benchmark ALIA/20230321-UltimateAutomizerSvcomp2023/simple-ext_1.i_7.smt2
[DEBUG] Benchmark ALIA/20230321-UltimateAutomizerSvcomp2023/simple-ext_1.i_7.smt2: solved=True, runtime=0.52s, PAR-2=0.52s
[DEBUG] Processing 498/1229: ALIA/20230321-UltimateAutomizerSvcomp2023/shared_mem1.i_68.smt2
[DEBUG] Predicted solver: cvc5 for benchmark ALIA/20230321-UltimateAutomizerSvcomp2023/shared_mem1.i_68.smt2
[DEBUG] Benchmark ALIA/20230321-UltimateAutomizerSvcomp2023/shared_mem1.i_68.smt2: solved=True, runtime=0.23s, PAR-2=0.23s
[DEBUG] Processing 499/1229: ALIA/20230321-UltimateAutomizerSvcomp2023/shared_mem1.i_50.smt2
[DEBUG] Predicted solver: SMTInterpol for benchmark ALIA/20230321-UltimateAutomizerSvcomp2023/shared_mem1.i_50.smt2
[DEBUG] Benchmark ALIA/20230321-UltimateAutomizerSvcomp2023/shared_mem1.i_50.smt2: solved=True, runtime=0.51s, PAR-2=0.51s
[DEBUG] Processing 500/1229: ALIA/20230321-UltimateAutomizerSvcomp2023/sll2n_update_all.i_55.smt2
[DEBUG] Predicted solver: SMTInterpol for benchmark ALIA/20230321-UltimateAutomizerSvcomp2023/sll2n_update_all.i_55.smt2
[DEBUG] Benchmark ALIA/20230321-UltimateAutomizerSvcomp2023/sll2n_update_all.i_55.smt2: solved=True, runtime=0.45s, PAR-2=0.45s
[DEBUG] Processing 501/1229: ALIA/20230321-UltimateAutomizerSvcomp2023/dll2c_insert_equal.i_25.smt2
[DEBUG] Predicted solver: SMTInterpol for benchmark ALIA/20230321-UltimateAutomizerSvcomp2023/dll2c_insert_equal.i_25.smt2
[DEBUG] Benchmark ALIA/20230321-UltimateAutomizerSvcomp2023/dll2c_insert_equal.i_25.smt2: solved=False, runtime=1200.00s, PAR-2=2400.00s
[DEBUG] Processing 502/1229: ALIA/20230321-UltimateAutomizerSvcomp2023/list-ext_flag.i_117.smt2
[DEBUG] Predicted solver: SMTInterpol for benchmark ALIA/20230321-UltimateAutomizerSvcomp2023/list-ext_flag.i_117.smt2
[DEBUG] Benchmark ALIA/20230321-UltimateAutomizerSvcomp2023/list-ext_flag.i_117.smt2: solved=True, runtime=1.04s, PAR-2=1.04s
[DEBUG] Processing 503/1229: ALIA/20230321-UltimateAutomizerSvcomp2023/skiplist_3lvl.i_54.smt2
[DEBUG] Predicted solver: SMTInterpol for benchmark ALIA/20230321-UltimateAutomizerSvcomp2023/skiplist_3lvl.i_54.smt2
[DEBUG] Benchmark ALIA/20230321-UltimateAutomizerSvcomp2023/skiplist_3lvl.i_54.smt2: solved=False, runtime=1200.00s, PAR-2=2400.00s
[DEBUG] Processing 504/1229: ALIA/20230321-UltimateAutomizerSvcomp2023/list-ext_1.i_48.smt2
[DEBUG] Predicted solver: SMTInterpol for benchmark ALIA/20230321-UltimateAutomizerSvcomp2023/list-ext_1.i_48.smt2
[DEBUG] Benchmark ALIA/20230321-UltimateAutomizerSvcomp2023/list-ext_1.i_48.smt2: solved=True, runtime=0.84s, PAR-2=0.84s
[DEBUG] Processing 505/1229: ALIA/20230321-UltimateAutomizerSvcomp2023/prefixsum_rec.c_10.smt2
[DEBUG] Predicted solver: SMTInterpol for benchmark ALIA/20230321-UltimateAutomizerSvcomp2023/prefixsum_rec.c_10.smt2
[DEBUG] Benchmark ALIA/20230321-UltimateAutomizerSvcomp2023/prefixsum_rec.c_10.smt2: solved=True, runtime=0.46s, PAR-2=0.46s
[DEBUG] Processing 506/1229: ALIA/20230321-UltimateAutomizerSvcomp2023/sll2n_update_all_reverse.i_55.smt2
[DEBUG] Predicted solver: SMTInterpol for benchmark ALIA/20230321-UltimateAutomizerSvcomp2023/sll2n_update_all_reverse.i_55.smt2
[DEBUG] Benchmark ALIA/20230321-UltimateAutomizerSvcomp2023/sll2n_update_all_reverse.i_55.smt2: solved=True, runtime=0.59s, PAR-2=0.59s
[DEBUG] Processing 507/1229: ALIA/20230321-UltimateAutomizerSvcomp2023/list-ext_flag.i_103.smt2
[DEBUG] Predicted solver: SMTInterpol for benchmark ALIA/20230321-UltimateAutomizerSvcomp2023/list-ext_flag.i_103.smt2
[DEBUG] Benchmark ALIA/20230321-UltimateAutomizerSvcomp2023/list-ext_flag.i_103.smt2: solved=True, runtime=200.09s, PAR-2=200.09s
[DEBUG] Processing 508/1229: ALIA/20230321-UltimateAutomizerSvcomp2023/dll_nullified-1.i_2.smt2
[DEBUG] Predicted solver: SMTInterpol for benchmark ALIA/20230321-UltimateAutomizerSvcomp2023/dll_nullified-1.i_2.smt2
[DEBUG] Benchmark ALIA/20230321-UltimateAutomizerSvcomp2023/dll_nullified-1.i_2.smt2: solved=True, runtime=0.43s, PAR-2=0.43s
[DEBUG] Processing 509/1229: ALIA/20230321-UltimateAutomizerSvcomp2023/sll2c_prepend_unequal.i_39.smt2
[DEBUG] Predicted solver: SMTInterpol for benchmark ALIA/20230321-UltimateAutomizerSvcomp2023/sll2c_prepend_unequal.i_39.smt2
[DEBUG] Benchmark ALIA/20230321-UltimateAutomizerSvcomp2023/sll2c_prepend_unequal.i_39.smt2: solved=False, runtime=1200.00s, PAR-2=2400.00s
[DEBUG] Processing 510/1229: ALIA/20230321-UltimateAutomizerSvcomp2023/sll2n_insert_unequal.i_10.smt2
[DEBUG] Predicted solver: SMTInterpol for benchmark ALIA/20230321-UltimateAutomizerSvcomp2023/sll2n_insert_unequal.i_10.smt2
[DEBUG] Benchmark ALIA/20230321-UltimateAutomizerSvcomp2023/sll2n_insert_unequal.i_10.smt2: solved=False, runtime=1200.00s, PAR-2=2400.00s
[DEBUG] Processing 511/1229: ALIA/20230321-UltimateAutomizerSvcomp2023/sll2n_insert_unequal.i_40.smt2
[DEBUG] Predicted solver: SMTInterpol for benchmark ALIA/20230321-UltimateAutomizerSvcomp2023/sll2n_insert_unequal.i_40.smt2
[DEBUG] Benchmark ALIA/20230321-UltimateAutomizerSvcomp2023/sll2n_insert_unequal.i_40.smt2: solved=True, runtime=85.43s, PAR-2=85.43s
[DEBUG] Processing 512/1229: ALIA/20230321-UltimateAutomizerSvcomp2023/list_search-1.i_9.smt2
[DEBUG] Predicted solver: SMTInterpol for benchmark ALIA/20230321-UltimateAutomizerSvcomp2023/list_search-1.i_9.smt2
[DEBUG] Benchmark ALIA/20230321-UltimateAutomizerSvcomp2023/list_search-1.i_9.smt2: solved=True, runtime=0.42s, PAR-2=0.42s
[DEBUG] Processing 513/1229: ALIA/20230321-UltimateAutomizerSvcomp2023/dll2n_insert_unequal.i_16.smt2
[DEBUG] Predicted solver: SMTInterpol for benchmark ALIA/20230321-UltimateAutomizerSvcomp2023/dll2n_insert_unequal.i_16.smt2
[DEBUG] Benchmark ALIA/20230321-UltimateAutomizerSvcomp2023/dll2n_insert_unequal.i_16.smt2: solved=False, runtime=1200.00s, PAR-2=2400.00s
[DEBUG] Processing 514/1229: ALIA/20230321-UltimateAutomizerSvcomp2023/bubble_sort_linux-1.i_9.smt2
[DEBUG] Predicted solver: SMTInterpol for benchmark ALIA/20230321-UltimateAutomizerSvcomp2023/bubble_sort_linux-1.i_9.smt2
[DEBUG] Benchmark ALIA/20230321-UltimateAutomizerSvcomp2023/bubble_sort_linux-1.i_9.smt2: solved=True, runtime=0.42s, PAR-2=0.42s
[DEBUG] Processing 515/1229: ALIA/20230321-UltimateAutomizerSvcomp2023/dll_circular_traversal-2.i_121.smt2
[DEBUG] Predicted solver: SMTInterpol for benchmark ALIA/20230321-UltimateAutomizerSvcomp2023/dll_circular_traversal-2.i_121.smt2
[DEBUG] Benchmark ALIA/20230321-UltimateAutomizerSvcomp2023/dll_circular_traversal-2.i_121.smt2: solved=False, runtime=1200.00s, PAR-2=2400.00s
[DEBUG] Processing 516/1229: ALIA/20230321-UltimateAutomizerSvcomp2023/list-ext_flag.i_13.smt2
[DEBUG] Predicted solver: SMTInterpol for benchmark ALIA/20230321-UltimateAutomizerSvcomp2023/list-ext_flag.i_13.smt2
[DEBUG] Benchmark ALIA/20230321-UltimateAutomizerSvcomp2023/list-ext_flag.i_13.smt2: solved=True, runtime=0.51s, PAR-2=0.51s
[DEBUG] Processing 517/1229: ALIA/20230321-UltimateAutomizerSvcomp2023/bubble_sort_linux-2.i_27.smt2
[DEBUG] Predicted solver: cvc5 for benchmark ALIA/20230321-UltimateAutomizerSvcomp2023/bubble_sort_linux-2.i_27.smt2
[DEBUG] Benchmark ALIA/20230321-UltimateAutomizerSvcomp2023/bubble_sort_linux-2.i_27.smt2: solved=True, runtime=0.28s, PAR-2=0.28s
[DEBUG] Processing 518/1229: ALIA/20230321-UltimateAutomizerSvcomp2023/sll_to_dll_rev-2.i_115.smt2
[DEBUG] Predicted solver: cvc5 for benchmark ALIA/20230321-UltimateAutomizerSvcomp2023/sll_to_dll_rev-2.i_115.smt2
[DEBUG] Benchmark ALIA/20230321-UltimateAutomizerSvcomp2023/sll_to_dll_rev-2.i_115.smt2: solved=True, runtime=0.22s, PAR-2=0.22s
[DEBUG] Processing 519/1229: ALIA/20230321-UltimateAutomizerSvcomp2023/dll2c_update_all_reverse.i_40.smt2
[DEBUG] Predicted solver: SMTInterpol for benchmark ALIA/20230321-UltimateAutomizerSvcomp2023/dll2c_update_all_reverse.i_40.smt2
[DEBUG] Benchmark ALIA/20230321-UltimateAutomizerSvcomp2023/dll2c_update_all_reverse.i_40.smt2: solved=True, runtime=0.57s, PAR-2=0.57s
[DEBUG] Processing 520/1229: ALIA/piVC/piVC_849b63.smt2
[DEBUG] Predicted solver: SMTInterpol for benchmark ALIA/piVC/piVC_849b63.smt2
[DEBUG] Benchmark ALIA/piVC/piVC_849b63.smt2: solved=True, runtime=6.05s, PAR-2=6.05s
[DEBUG] Processing 521/1229: ALIA/20230321-UltimateAutomizerSvcomp2023/dll2c_prepend_equal.i_9.smt2
[DEBUG] Predicted solver: SMTInterpol for benchmark ALIA/20230321-UltimateAutomizerSvcomp2023/dll2c_prepend_equal.i_9.smt2
[DEBUG] Benchmark ALIA/20230321-UltimateAutomizerSvcomp2023/dll2c_prepend_equal.i_9.smt2: solved=True, runtime=0.49s, PAR-2=0.49s
[DEBUG] Processing 522/1229: ALIA/20230321-UltimateAutomizerSvcomp2023/sll_circular_traversal-1.i_76.smt2
[DEBUG] Predicted solver: SMTInterpol for benchmark ALIA/20230321-UltimateAutomizerSvcomp2023/sll_circular_traversal-1.i_76.smt2
[DEBUG] Benchmark ALIA/20230321-UltimateAutomizerSvcomp2023/sll_circular_traversal-1.i_76.smt2: solved=False, runtime=1200.00s, PAR-2=2400.00s
[DEBUG] Processing 523/1229: ALIA/20230321-UltimateAutomizerSvcomp2023/dll2c_update_all_reverse.i_29.smt2
[DEBUG] Predicted solver: SMTInterpol for benchmark ALIA/20230321-UltimateAutomizerSvcomp2023/dll2c_update_all_reverse.i_29.smt2
[DEBUG] Benchmark ALIA/20230321-UltimateAutomizerSvcomp2023/dll2c_update_all_reverse.i_29.smt2: solved=True, runtime=0.58s, PAR-2=0.58s
[DEBUG] Processing 524/1229: ALIA/20230321-UltimateAutomizerSvcomp2023/length_test03-1.i_123.smt2
[DEBUG] Predicted solver: SMTInterpol for benchmark ALIA/20230321-UltimateAutomizerSvcomp2023/length_test03-1.i_123.smt2
[DEBUG] Benchmark ALIA/20230321-UltimateAutomizerSvcomp2023/length_test03-1.i_123.smt2: solved=True, runtime=0.44s, PAR-2=0.44s
[DEBUG] Processing 525/1229: ALIA/20230321-UltimateAutomizerSvcomp2023/list-ext_flag.i_76.smt2
[DEBUG] Predicted solver: SMTInterpol for benchmark ALIA/20230321-UltimateAutomizerSvcomp2023/list-ext_flag.i_76.smt2
[DEBUG] Benchmark ALIA/20230321-UltimateAutomizerSvcomp2023/list-ext_flag.i_76.smt2: solved=False, runtime=1200.00s, PAR-2=2400.00s
[DEBUG] Processing 526/1229: ALIA/20230321-UltimateAutomizerSvcomp2023/sll2c_prepend_unequal.i_42.smt2
[DEBUG] Predicted solver: SMTInterpol for benchmark ALIA/20230321-UltimateAutomizerSvcomp2023/sll2c_prepend_unequal.i_42.smt2
[DEBUG] Benchmark ALIA/20230321-UltimateAutomizerSvcomp2023/sll2c_prepend_unequal.i_42.smt2: solved=False, runtime=1200.00s, PAR-2=2400.00s
[DEBUG] Processing 527/1229: ALIA/20230321-UltimateAutomizerSvcomp2023/dll2c_update_all_reverse.i_126.smt2
[DEBUG] Predicted solver: SMTInterpol for benchmark ALIA/20230321-UltimateAutomizerSvcomp2023/dll2c_update_all_reverse.i_126.smt2
[DEBUG] Benchmark ALIA/20230321-UltimateAutomizerSvcomp2023/dll2c_update_all_reverse.i_126.smt2: solved=True, runtime=0.65s, PAR-2=0.65s
[DEBUG] Processing 528/1229: ALIA/20230321-UltimateAutomizerSvcomp2023/shared_mem1.i_31.smt2
[DEBUG] Predicted solver: SMTInterpol for benchmark ALIA/20230321-UltimateAutomizerSvcomp2023/shared_mem1.i_31.smt2
[DEBUG] Benchmark ALIA/20230321-UltimateAutomizerSvcomp2023/shared_mem1.i_31.smt2: solved=True, runtime=0.69s, PAR-2=0.69s
[DEBUG] Processing 529/1229: ALIA/20230321-UltimateAutomizerSvcomp2023/dll2c_insert_unequal.i_10.smt2
[DEBUG] Predicted solver: SMTInterpol for benchmark ALIA/20230321-UltimateAutomizerSvcomp2023/dll2c_insert_unequal.i_10.smt2
[DEBUG] Benchmark ALIA/20230321-UltimateAutomizerSvcomp2023/dll2c_insert_unequal.i_10.smt2: solved=False, runtime=1200.00s, PAR-2=2400.00s
[DEBUG] Processing 530/1229: ALIA/20230321-UltimateAutomizerSvcomp2023/dll2c_remove_all.i_5.smt2
[DEBUG] Predicted solver: SMTInterpol for benchmark ALIA/20230321-UltimateAutomizerSvcomp2023/dll2c_remove_all.i_5.smt2
[DEBUG] Benchmark ALIA/20230321-UltimateAutomizerSvcomp2023/dll2c_remove_all.i_5.smt2: solved=False, runtime=1200.00s, PAR-2=2400.00s
[DEBUG] Processing 531/1229: ALIA/20230321-UltimateAutomizerSvcomp2023/sll_circular_traversal-1.i_64.smt2
[DEBUG] Predicted solver: SMTInterpol for benchmark ALIA/20230321-UltimateAutomizerSvcomp2023/sll_circular_traversal-1.i_64.smt2
[DEBUG] Benchmark ALIA/20230321-UltimateAutomizerSvcomp2023/sll_circular_traversal-1.i_64.smt2: solved=False, runtime=1200.00s, PAR-2=2400.00s
[DEBUG] Processing 532/1229: ALIA/20230321-UltimateAutomizerSvcomp2023/length_test03-1.i_58.smt2
[DEBUG] Predicted solver: cvc5 for benchmark ALIA/20230321-UltimateAutomizerSvcomp2023/length_test03-1.i_58.smt2
[DEBUG] Benchmark ALIA/20230321-UltimateAutomizerSvcomp2023/length_test03-1.i_58.smt2: solved=False, runtime=1200.00s, PAR-2=2400.00s
[DEBUG] Processing 533/1229: ALIA/20230321-UltimateAutomizerSvcomp2023/ex3_forlist.i_85.smt2
[DEBUG] Predicted solver: SMTInterpol for benchmark ALIA/20230321-UltimateAutomizerSvcomp2023/ex3_forlist.i_85.smt2
[DEBUG] Benchmark ALIA/20230321-UltimateAutomizerSvcomp2023/ex3_forlist.i_85.smt2: solved=True, runtime=0.56s, PAR-2=0.56s
[DEBUG] Processing 534/1229: ALIA/20230321-UltimateAutomizerSvcomp2023/sll2n_append_unequal.i_25.smt2
[DEBUG] Predicted solver: SMTInterpol for benchmark ALIA/20230321-UltimateAutomizerSvcomp2023/sll2n_append_unequal.i_25.smt2
[DEBUG] Benchmark ALIA/20230321-UltimateAutomizerSvcomp2023/sll2n_append_unequal.i_25.smt2: solved=True, runtime=0.42s, PAR-2=0.42s
[DEBUG] Processing 535/1229: ALIA/20230321-UltimateAutomizerSvcomp2023/list_and_tree_cnstr-1.i_55.smt2
[DEBUG] Predicted solver: SMTInterpol for benchmark ALIA/20230321-UltimateAutomizerSvcomp2023/list_and_tree_cnstr-1.i_55.smt2
[DEBUG] Benchmark ALIA/20230321-UltimateAutomizerSvcomp2023/list_and_tree_cnstr-1.i_55.smt2: solved=True, runtime=0.95s, PAR-2=0.95s
[DEBUG] Processing 536/1229: ALIA/20230321-UltimateAutomizerSvcomp2023/sll2n_append_equal.i_40.smt2
[DEBUG] Predicted solver: SMTInterpol for benchmark ALIA/20230321-UltimateAutomizerSvcomp2023/sll2n_append_equal.i_40.smt2
[DEBUG] Benchmark ALIA/20230321-UltimateAutomizerSvcomp2023/sll2n_append_equal.i_40.smt2: solved=True, runtime=0.49s, PAR-2=0.49s
[DEBUG] Processing 537/1229: ALIA/20230321-UltimateAutomizerSvcomp2023/dll-queue-1.i_15.smt2
[DEBUG] Predicted solver: SMTInterpol for benchmark ALIA/20230321-UltimateAutomizerSvcomp2023/dll-queue-1.i_15.smt2
[DEBUG] Benchmark ALIA/20230321-UltimateAutomizerSvcomp2023/dll-queue-1.i_15.smt2: solved=True, runtime=0.45s, PAR-2=0.45s
[DEBUG] Processing 538/1229: ALIA/20230321-UltimateAutomizerSvcomp2023/simple_and_skiplist_2lvl-2.i_39.smt2
[DEBUG] Predicted solver: SMTInterpol for benchmark ALIA/20230321-UltimateAutomizerSvcomp2023/simple_and_skiplist_2lvl-2.i_39.smt2
[DEBUG] Benchmark ALIA/20230321-UltimateAutomizerSvcomp2023/simple_and_skiplist_2lvl-2.i_39.smt2: solved=True, runtime=0.48s, PAR-2=0.48s
[DEBUG] Processing 539/1229: ALIA/20230321-UltimateAutomizerSvcomp2023/sll2c_insert_unequal.i_27.smt2
[DEBUG] Predicted solver: SMTInterpol for benchmark ALIA/20230321-UltimateAutomizerSvcomp2023/sll2c_insert_unequal.i_27.smt2
[DEBUG] Benchmark ALIA/20230321-UltimateAutomizerSvcomp2023/sll2c_insert_unequal.i_27.smt2: solved=False, runtime=1200.00s, PAR-2=2400.00s
[DEBUG] Processing 540/1229: ALIA/20230321-UltimateAutomizerSvcomp2023/test_mutex_double_unlock.i_27.smt2
[DEBUG] Predicted solver: cvc5 for benchmark ALIA/20230321-UltimateAutomizerSvcomp2023/test_mutex_double_unlock.i_27.smt2
[DEBUG] Benchmark ALIA/20230321-UltimateAutomizerSvcomp2023/test_mutex_double_unlock.i_27.smt2: solved=True, runtime=0.97s, PAR-2=0.97s
[DEBUG] Processing 541/1229: ALIA/20230321-UltimateAutomizerSvcomp2023/sll2c_insert_equal.i_72.smt2
[DEBUG] Predicted solver: SMTInterpol for benchmark ALIA/20230321-UltimateAutomizerSvcomp2023/sll2c_insert_equal.i_72.smt2
[DEBUG] Benchmark ALIA/20230321-UltimateAutomizerSvcomp2023/sll2c_insert_equal.i_72.smt2: solved=True, runtime=0.40s, PAR-2=0.40s
[DEBUG] Processing 542/1229: ALIA/20230321-UltimateAutomizerSvcomp2023/shared_mem1.i_7.smt2
[DEBUG] Predicted solver: cvc5 for benchmark ALIA/20230321-UltimateAutomizerSvcomp2023/shared_mem1.i_7.smt2
[DEBUG] Benchmark ALIA/20230321-UltimateAutomizerSvcomp2023/shared_mem1.i_7.smt2: solved=True, runtime=0.24s, PAR-2=0.24s
[DEBUG] Processing 543/1229: ALIA/20230321-UltimateAutomizerSvcomp2023/prefixsum_rec.c_9.smt2
[DEBUG] Predicted solver: SMTInterpol for benchmark ALIA/20230321-UltimateAutomizerSvcomp2023/prefixsum_rec.c_9.smt2
[DEBUG] Benchmark ALIA/20230321-UltimateAutomizerSvcomp2023/prefixsum_rec.c_9.smt2: solved=True, runtime=0.47s, PAR-2=0.47s
[DEBUG] Processing 544/1229: ALIA/20230321-UltimateAutomizerSvcomp2023/test_mutex_unlock_at_exit.i_12.smt2
[DEBUG] Predicted solver: SMTInterpol for benchmark ALIA/20230321-UltimateAutomizerSvcomp2023/test_mutex_unlock_at_exit.i_12.smt2
[DEBUG] Benchmark ALIA/20230321-UltimateAutomizerSvcomp2023/test_mutex_unlock_at_exit.i_12.smt2: solved=False, runtime=1200.00s, PAR-2=2400.00s
[DEBUG] Processing 545/1229: ALIA/20230321-UltimateAutomizerSvcomp2023/splice-2.i_122.smt2
[DEBUG] Predicted solver: SMTInterpol for benchmark ALIA/20230321-UltimateAutomizerSvcomp2023/splice-2.i_122.smt2
[DEBUG] Benchmark ALIA/20230321-UltimateAutomizerSvcomp2023/splice-2.i_122.smt2: solved=False, runtime=1200.00s, PAR-2=2400.00s
[DEBUG] Processing 546/1229: ALIA/20230321-UltimateAutomizerSvcomp2023/dll2n_append_unequal.i_14.smt2
[DEBUG] Predicted solver: SMTInterpol for benchmark ALIA/20230321-UltimateAutomizerSvcomp2023/dll2n_append_unequal.i_14.smt2
[DEBUG] Benchmark ALIA/20230321-UltimateAutomizerSvcomp2023/dll2n_append_unequal.i_14.smt2: solved=True, runtime=0.45s, PAR-2=0.45s
[DEBUG] Processing 547/1229: ALIA/20230321-UltimateAutomizerSvcomp2023/ex3_forlist.i_14.smt2
[DEBUG] Predicted solver: SMTInterpol for benchmark ALIA/20230321-UltimateAutomizerSvcomp2023/ex3_forlist.i_14.smt2
[DEBUG] Benchmark ALIA/20230321-UltimateAutomizerSvcomp2023/ex3_forlist.i_14.smt2: solved=True, runtime=0.45s, PAR-2=0.45s
[DEBUG] Processing 548/1229: ALIA/20230321-UltimateAutomizerSvcomp2023/length_test03-1.i_77.smt2
[DEBUG] Predicted solver: iProver for benchmark ALIA/20230321-UltimateAutomizerSvcomp2023/length_test03-1.i_77.smt2
[DEBUG] Benchmark ALIA/20230321-UltimateAutomizerSvcomp2023/length_test03-1.i_77.smt2: solved=True, runtime=3.42s, PAR-2=3.42s
[DEBUG] Processing 549/1229: ALIA/20230321-UltimateAutomizerSvcomp2023/length_test03-1.i_175.smt2
[DEBUG] Predicted solver: SMTInterpol for benchmark ALIA/20230321-UltimateAutomizerSvcomp2023/length_test03-1.i_175.smt2
[DEBUG] Benchmark ALIA/20230321-UltimateAutomizerSvcomp2023/length_test03-1.i_175.smt2: solved=True, runtime=2.79s, PAR-2=2.79s
[DEBUG] Processing 550/1229: ALIA/20230321-UltimateAutomizerSvcomp2023/ex3_forlist.i_139.smt2
[DEBUG] Predicted solver: SMTInterpol for benchmark ALIA/20230321-UltimateAutomizerSvcomp2023/ex3_forlist.i_139.smt2
[DEBUG] Benchmark ALIA/20230321-UltimateAutomizerSvcomp2023/ex3_forlist.i_139.smt2: solved=True, runtime=0.42s, PAR-2=0.42s
[DEBUG] Processing 551/1229: ALIA/20230321-UltimateAutomizerSvcomp2023/sll2c_prepend_unequal.i_6.smt2
[DEBUG] Predicted solver: SMTInterpol for benchmark ALIA/20230321-UltimateAutomizerSvcomp2023/sll2c_prepend_unequal.i_6.smt2
[DEBUG] Benchmark ALIA/20230321-UltimateAutomizerSvcomp2023/sll2c_prepend_unequal.i_6.smt2: solved=True, runtime=0.47s, PAR-2=0.47s
[DEBUG] Processing 552/1229: ALIA/20230321-UltimateAutomizerSvcomp2023/dll2c_remove_all.i_7.smt2
[DEBUG] Predicted solver: SMTInterpol for benchmark ALIA/20230321-UltimateAutomizerSvcomp2023/dll2c_remove_all.i_7.smt2
[DEBUG] Benchmark ALIA/20230321-UltimateAutomizerSvcomp2023/dll2c_remove_all.i_7.smt2: solved=False, runtime=1200.00s, PAR-2=2400.00s
[DEBUG] Processing 553/1229: ALIA/20230321-UltimateAutomizerSvcomp2023/length_test03-1.i_164.smt2
[DEBUG] Predicted solver: cvc5 for benchmark ALIA/20230321-UltimateAutomizerSvcomp2023/length_test03-1.i_164.smt2
[DEBUG] Benchmark ALIA/20230321-UltimateAutomizerSvcomp2023/length_test03-1.i_164.smt2: solved=False, runtime=1200.00s, PAR-2=2400.00s
[DEBUG] Processing 554/1229: ALIA/20230321-UltimateAutomizerSvcomp2023/sll2c_prepend_unequal.i_86.smt2
[DEBUG] Predicted solver: SMTInterpol for benchmark ALIA/20230321-UltimateAutomizerSvcomp2023/sll2c_prepend_unequal.i_86.smt2
[DEBUG] Benchmark ALIA/20230321-UltimateAutomizerSvcomp2023/sll2c_prepend_unequal.i_86.smt2: solved=False, runtime=1200.00s, PAR-2=2400.00s
[DEBUG] Processing 555/1229: ALIA/20230321-UltimateAutomizerSvcomp2023/splice-2.i_105.smt2
[DEBUG] Predicted solver: SMTInterpol for benchmark ALIA/20230321-UltimateAutomizerSvcomp2023/splice-2.i_105.smt2
[DEBUG] Benchmark ALIA/20230321-UltimateAutomizerSvcomp2023/splice-2.i_105.smt2: solved=True, runtime=1.98s, PAR-2=1.98s
[DEBUG] Processing 556/1229: ALIA/20230321-UltimateAutomizerSvcomp2023/list-ext_flag_1.i_62.smt2
[DEBUG] Predicted solver: SMTInterpol for benchmark ALIA/20230321-UltimateAutomizerSvcomp2023/list-ext_flag_1.i_62.smt2
[DEBUG] Benchmark ALIA/20230321-UltimateAutomizerSvcomp2023/list-ext_flag_1.i_62.smt2: solved=True, runtime=0.61s, PAR-2=0.61s
[DEBUG] Processing 557/1229: ALIA/20230321-UltimateAutomizerSvcomp2023/tree_of_cslls.i_9.smt2
[DEBUG] Predicted solver: SMTInterpol for benchmark ALIA/20230321-UltimateAutomizerSvcomp2023/tree_of_cslls.i_9.smt2
[DEBUG] Benchmark ALIA/20230321-UltimateAutomizerSvcomp2023/tree_of_cslls.i_9.smt2: solved=True, runtime=0.52s, PAR-2=0.52s
[DEBUG] Processing 558/1229: ALIA/20230321-UltimateAutomizerSvcomp2023/dll2c_update_all_reverse.i_159.smt2
[DEBUG] Predicted solver: SMTInterpol for benchmark ALIA/20230321-UltimateAutomizerSvcomp2023/dll2c_update_all_reverse.i_159.smt2
[DEBUG] Benchmark ALIA/20230321-UltimateAutomizerSvcomp2023/dll2c_update_all_reverse.i_159.smt2: solved=True, runtime=0.67s, PAR-2=0.67s
[DEBUG] Processing 559/1229: ALIA/20230321-UltimateAutomizerSvcomp2023/dll2n_append_equal.i_40.smt2
[DEBUG] Predicted solver: SMTInterpol for benchmark ALIA/20230321-UltimateAutomizerSvcomp2023/dll2n_append_equal.i_40.smt2
[DEBUG] Benchmark ALIA/20230321-UltimateAutomizerSvcomp2023/dll2n_append_equal.i_40.smt2: solved=True, runtime=0.42s, PAR-2=0.42s
[DEBUG] Processing 560/1229: ALIA/20230321-UltimateAutomizerSvcomp2023/sll2c_prepend_unequal.i_54.smt2
[DEBUG] Predicted solver: SMTInterpol for benchmark ALIA/20230321-UltimateAutomizerSvcomp2023/sll2c_prepend_unequal.i_54.smt2
[DEBUG] Benchmark ALIA/20230321-UltimateAutomizerSvcomp2023/sll2c_prepend_unequal.i_54.smt2: solved=False, runtime=1200.00s, PAR-2=2400.00s
[DEBUG] Processing 561/1229: ALIA/20230321-UltimateAutomizerSvcomp2023/test_mutex_double_unlock.i_40.smt2
[DEBUG] Predicted solver: cvc5 for benchmark ALIA/20230321-UltimateAutomizerSvcomp2023/test_mutex_double_unlock.i_40.smt2
[DEBUG] Benchmark ALIA/20230321-UltimateAutomizerSvcomp2023/test_mutex_double_unlock.i_40.smt2: solved=False, runtime=1200.00s, PAR-2=2400.00s
[DEBUG] Processing 562/1229: ALIA/20230321-UltimateAutomizerSvcomp2023/test_add-2.i_28.smt2
[DEBUG] Predicted solver: cvc5 for benchmark ALIA/20230321-UltimateAutomizerSvcomp2023/test_add-2.i_28.smt2
[DEBUG] Benchmark ALIA/20230321-UltimateAutomizerSvcomp2023/test_add-2.i_28.smt2: solved=True, runtime=0.31s, PAR-2=0.31s
[DEBUG] Processing 563/1229: ALIA/20230321-UltimateAutomizerSvcomp2023/sll-sorted-2.i_53.smt2
[DEBUG] Predicted solver: SMTInterpol for benchmark ALIA/20230321-UltimateAutomizerSvcomp2023/sll-sorted-2.i_53.smt2
[DEBUG] Benchmark ALIA/20230321-UltimateAutomizerSvcomp2023/sll-sorted-2.i_53.smt2: solved=True, runtime=0.48s, PAR-2=0.48s
[DEBUG] Processing 564/1229: ALIA/20230321-UltimateAutomizerSvcomp2023/sll2n_insert_unequal.i_44.smt2
[DEBUG] Predicted solver: SMTInterpol for benchmark ALIA/20230321-UltimateAutomizerSvcomp2023/sll2n_insert_unequal.i_44.smt2
[DEBUG] Benchmark ALIA/20230321-UltimateAutomizerSvcomp2023/sll2n_insert_unequal.i_44.smt2: solved=True, runtime=84.88s, PAR-2=84.88s
[DEBUG] Processing 565/1229: ALIA/20230321-UltimateAutomizerSvcomp2023/sll2c_prepend_unequal.i_48.smt2
[DEBUG] Predicted solver: SMTInterpol for benchmark ALIA/20230321-UltimateAutomizerSvcomp2023/sll2c_prepend_unequal.i_48.smt2
[DEBUG] Benchmark ALIA/20230321-UltimateAutomizerSvcomp2023/sll2c_prepend_unequal.i_48.smt2: solved=False, runtime=1200.00s, PAR-2=2400.00s
[DEBUG] Processing 566/1229: ALIA/20230321-UltimateAutomizerSvcomp2023/sll2c_insert_unequal.i_48.smt2
[DEBUG] Predicted solver: SMTInterpol for benchmark ALIA/20230321-UltimateAutomizerSvcomp2023/sll2c_insert_unequal.i_48.smt2
[DEBUG] Benchmark ALIA/20230321-UltimateAutomizerSvcomp2023/sll2c_insert_unequal.i_48.smt2: solved=True, runtime=0.45s, PAR-2=0.45s
[DEBUG] Processing 567/1229: ALIA/20230321-UltimateAutomizerSvcomp2023/shared_mem1.i_16.smt2
[DEBUG] Predicted solver: cvc5 for benchmark ALIA/20230321-UltimateAutomizerSvcomp2023/shared_mem1.i_16.smt2
[DEBUG] Benchmark ALIA/20230321-UltimateAutomizerSvcomp2023/shared_mem1.i_16.smt2: solved=True, runtime=0.23s, PAR-2=0.23s
[DEBUG] Processing 568/1229: ALIA/20230321-UltimateAutomizerSvcomp2023/sll2n_insert_unequal.i_37.smt2
[DEBUG] Predicted solver: SMTInterpol for benchmark ALIA/20230321-UltimateAutomizerSvcomp2023/sll2n_insert_unequal.i_37.smt2
[DEBUG] Benchmark ALIA/20230321-UltimateAutomizerSvcomp2023/sll2n_insert_unequal.i_37.smt2: solved=False, runtime=1200.00s, PAR-2=2400.00s
[DEBUG] Processing 569/1229: ALIA/20230321-UltimateAutomizerSvcomp2023/test_add-2.i_94.smt2
[DEBUG] Predicted solver: cvc5 for benchmark ALIA/20230321-UltimateAutomizerSvcomp2023/test_add-2.i_94.smt2
[DEBUG] Benchmark ALIA/20230321-UltimateAutomizerSvcomp2023/test_add-2.i_94.smt2: solved=True, runtime=0.26s, PAR-2=0.26s
[DEBUG] Processing 570/1229: ALIA/20230321-UltimateAutomizerSvcomp2023/sll_to_dll_rev-2.i_120.smt2
[DEBUG] Predicted solver: cvc5 for benchmark ALIA/20230321-UltimateAutomizerSvcomp2023/sll_to_dll_rev-2.i_120.smt2
[DEBUG] Benchmark ALIA/20230321-UltimateAutomizerSvcomp2023/sll_to_dll_rev-2.i_120.smt2: solved=True, runtime=0.23s, PAR-2=0.23s
[DEBUG] Processing 571/1229: ALIA/20230321-UltimateAutomizerSvcomp2023/ex3_forlist.i_193.smt2
[DEBUG] Predicted solver: SMTInterpol for benchmark ALIA/20230321-UltimateAutomizerSvcomp2023/ex3_forlist.i_193.smt2
[DEBUG] Benchmark ALIA/20230321-UltimateAutomizerSvcomp2023/ex3_forlist.i_193.smt2: solved=True, runtime=0.45s, PAR-2=0.45s
[DEBUG] Processing 572/1229: ALIA/20230321-UltimateAutomizerSvcomp2023/dll-reverse.i_32.smt2
[DEBUG] Predicted solver: SMTInterpol for benchmark ALIA/20230321-UltimateAutomizerSvcomp2023/dll-reverse.i_32.smt2
[DEBUG] Benchmark ALIA/20230321-UltimateAutomizerSvcomp2023/dll-reverse.i_32.smt2: solved=True, runtime=0.44s, PAR-2=0.44s
[DEBUG] Processing 573/1229: ALIA/20230321-UltimateAutomizerSvcomp2023/skiplist_3lvl.i_97.smt2
[DEBUG] Predicted solver: SMTInterpol for benchmark ALIA/20230321-UltimateAutomizerSvcomp2023/skiplist_3lvl.i_97.smt2
[DEBUG] Benchmark ALIA/20230321-UltimateAutomizerSvcomp2023/skiplist_3lvl.i_97.smt2: solved=False, runtime=1200.00s, PAR-2=2400.00s
[DEBUG] Processing 574/1229: ALIA/20230321-UltimateAutomizerSvcomp2023/tree_of_cslls.i_7.smt2
[DEBUG] Predicted solver: SMTInterpol for benchmark ALIA/20230321-UltimateAutomizerSvcomp2023/tree_of_cslls.i_7.smt2
[DEBUG] Benchmark ALIA/20230321-UltimateAutomizerSvcomp2023/tree_of_cslls.i_7.smt2: solved=True, runtime=0.55s, PAR-2=0.55s
[DEBUG] Processing 575/1229: ALIA/20230321-UltimateAutomizerSvcomp2023/simple_and_skiplist_2lvl-2.i_51.smt2
[DEBUG] Predicted solver: SMTInterpol for benchmark ALIA/20230321-UltimateAutomizerSvcomp2023/simple_and_skiplist_2lvl-2.i_51.smt2
[DEBUG] Benchmark ALIA/20230321-UltimateAutomizerSvcomp2023/simple_and_skiplist_2lvl-2.i_51.smt2: solved=False, runtime=1200.00s, PAR-2=2400.00s
[DEBUG] Processing 576/1229: ALIA/20230321-UltimateAutomizerSvcomp2023/list_and_tree_cnstr-1.i_58.smt2
[DEBUG] Predicted solver: SMTInterpol for benchmark ALIA/20230321-UltimateAutomizerSvcomp2023/list_and_tree_cnstr-1.i_58.smt2
[DEBUG] Benchmark ALIA/20230321-UltimateAutomizerSvcomp2023/list_and_tree_cnstr-1.i_58.smt2: solved=True, runtime=7.04s, PAR-2=7.04s
[DEBUG] Processing 577/1229: ALIA/20230321-UltimateAutomizerSvcomp2023/length_test03-1.i_149.smt2
[DEBUG] Predicted solver: SMTInterpol for benchmark ALIA/20230321-UltimateAutomizerSvcomp2023/length_test03-1.i_149.smt2
[DEBUG] Benchmark ALIA/20230321-UltimateAutomizerSvcomp2023/length_test03-1.i_149.smt2: solved=True, runtime=104.25s, PAR-2=104.25s
[DEBUG] Processing 578/1229: ALIA/20230321-UltimateAutomizerSvcomp2023/ex3_forlist.i_30.smt2
[DEBUG] Predicted solver: SMTInterpol for benchmark ALIA/20230321-UltimateAutomizerSvcomp2023/ex3_forlist.i_30.smt2
[DEBUG] Benchmark ALIA/20230321-UltimateAutomizerSvcomp2023/ex3_forlist.i_30.smt2: solved=True, runtime=0.49s, PAR-2=0.49s
[DEBUG] Processing 579/1229: ALIA/20230321-UltimateAutomizerSvcomp2023/dll_circular_traversal-2.i_104.smt2
[DEBUG] Predicted solver: SMTInterpol for benchmark ALIA/20230321-UltimateAutomizerSvcomp2023/dll_circular_traversal-2.i_104.smt2
[DEBUG] Benchmark ALIA/20230321-UltimateAutomizerSvcomp2023/dll_circular_traversal-2.i_104.smt2: solved=False, runtime=1200.00s, PAR-2=2400.00s
[DEBUG] Processing 580/1229: ALIA/20230321-UltimateAutomizerSvcomp2023/sll_to_dll_rev-2.i_85.smt2
[DEBUG] Predicted solver: cvc5 for benchmark ALIA/20230321-UltimateAutomizerSvcomp2023/sll_to_dll_rev-2.i_85.smt2
[DEBUG] Benchmark ALIA/20230321-UltimateAutomizerSvcomp2023/sll_to_dll_rev-2.i_85.smt2: solved=True, runtime=0.33s, PAR-2=0.33s
[DEBUG] Processing 581/1229: ALIA/20230321-UltimateAutomizerSvcomp2023/sll2c_insert_unequal.i_34.smt2
[DEBUG] Predicted solver: SMTInterpol for benchmark ALIA/20230321-UltimateAutomizerSvcomp2023/sll2c_insert_unequal.i_34.smt2
[DEBUG] Benchmark ALIA/20230321-UltimateAutomizerSvcomp2023/sll2c_insert_unequal.i_34.smt2: solved=False, runtime=1200.00s, PAR-2=2400.00s
[DEBUG] Processing 582/1229: ALIA/20230321-UltimateAutomizerSvcomp2023/dll-rb-cnstr_1-1.i_3.smt2
[DEBUG] Predicted solver: SMTInterpol for benchmark ALIA/20230321-UltimateAutomizerSvcomp2023/dll-rb-cnstr_1-1.i_3.smt2
[DEBUG] Benchmark ALIA/20230321-UltimateAutomizerSvcomp2023/dll-rb-cnstr_1-1.i_3.smt2: solved=True, runtime=4.90s, PAR-2=4.90s
[DEBUG] Processing 583/1229: ALIA/20230321-UltimateAutomizerSvcomp2023/dll2c_update_all_reverse.i_124.smt2
[DEBUG] Predicted solver: SMTInterpol for benchmark ALIA/20230321-UltimateAutomizerSvcomp2023/dll2c_update_all_reverse.i_124.smt2
[DEBUG] Benchmark ALIA/20230321-UltimateAutomizerSvcomp2023/dll2c_update_all_reverse.i_124.smt2: solved=True, runtime=0.65s, PAR-2=0.65s
[DEBUG] Processing 584/1229: ALIA/20230321-UltimateAutomizerSvcomp2023/test_mutex_unlock_at_exit.i_27.smt2
[DEBUG] Predicted solver: SMTInterpol for benchmark ALIA/20230321-UltimateAutomizerSvcomp2023/test_mutex_unlock_at_exit.i_27.smt2
[DEBUG] Benchmark ALIA/20230321-UltimateAutomizerSvcomp2023/test_mutex_unlock_at_exit.i_27.smt2: solved=True, runtime=0.50s, PAR-2=0.50s
[DEBUG] Processing 585/1229: ALIA/20230321-UltimateAutomizerSvcomp2023/sll2c_insert_unequal.i_44.smt2
[DEBUG] Predicted solver: SMTInterpol for benchmark ALIA/20230321-UltimateAutomizerSvcomp2023/sll2c_insert_unequal.i_44.smt2
[DEBUG] Benchmark ALIA/20230321-UltimateAutomizerSvcomp2023/sll2c_insert_unequal.i_44.smt2: solved=True, runtime=0.47s, PAR-2=0.47s
[DEBUG] Processing 586/1229: ALIA/20230321-UltimateAutomizerSvcomp2023/sll2c_prepend_unequal.i_68.smt2
[DEBUG] Predicted solver: SMTInterpol for benchmark ALIA/20230321-UltimateAutomizerSvcomp2023/sll2c_prepend_unequal.i_68.smt2
[DEBUG] Benchmark ALIA/20230321-UltimateAutomizerSvcomp2023/sll2c_prepend_unequal.i_68.smt2: solved=False, runtime=1200.00s, PAR-2=2400.00s
[DEBUG] Processing 587/1229: ALIA/20230321-UltimateAutomizerSvcomp2023/sll2n_insert_equal.i_4.smt2
[DEBUG] Predicted solver: SMTInterpol for benchmark ALIA/20230321-UltimateAutomizerSvcomp2023/sll2n_insert_equal.i_4.smt2
[DEBUG] Benchmark ALIA/20230321-UltimateAutomizerSvcomp2023/sll2n_insert_equal.i_4.smt2: solved=True, runtime=0.43s, PAR-2=0.43s
[DEBUG] Processing 588/1229: ALIA/20230321-UltimateAutomizerSvcomp2023/dll2c_update_all_reverse.i_178.smt2
[DEBUG] Predicted solver: SMTInterpol for benchmark ALIA/20230321-UltimateAutomizerSvcomp2023/dll2c_update_all_reverse.i_178.smt2
[DEBUG] Benchmark ALIA/20230321-UltimateAutomizerSvcomp2023/dll2c_update_all_reverse.i_178.smt2: solved=True, runtime=1.24s, PAR-2=1.24s
[DEBUG] Processing 589/1229: ALIA/20230321-UltimateAutomizerSvcomp2023/sll-sorted-2.i_23.smt2
[DEBUG] Predicted solver: SMTInterpol for benchmark ALIA/20230321-UltimateAutomizerSvcomp2023/sll-sorted-2.i_23.smt2
[DEBUG] Benchmark ALIA/20230321-UltimateAutomizerSvcomp2023/sll-sorted-2.i_23.smt2: solved=True, runtime=0.69s, PAR-2=0.69s
[DEBUG] Processing 590/1229: ALIA/20230321-UltimateAutomizerSvcomp2023/dll-token-1.i_10.smt2
[DEBUG] Predicted solver: SMTInterpol for benchmark ALIA/20230321-UltimateAutomizerSvcomp2023/dll-token-1.i_10.smt2
[DEBUG] Benchmark ALIA/20230321-UltimateAutomizerSvcomp2023/dll-token-1.i_10.smt2: solved=False, runtime=1200.00s, PAR-2=2400.00s
[DEBUG] Processing 591/1229: ALIA/20230321-UltimateAutomizerSvcomp2023/tree_of_cslls.i_46.smt2
[DEBUG] Predicted solver: SMTInterpol for benchmark ALIA/20230321-UltimateAutomizerSvcomp2023/tree_of_cslls.i_46.smt2
[DEBUG] Benchmark ALIA/20230321-UltimateAutomizerSvcomp2023/tree_of_cslls.i_46.smt2: solved=True, runtime=0.48s, PAR-2=0.48s
[DEBUG] Processing 592/1229: ALIA/20230321-UltimateAutomizerSvcomp2023/sll_to_dll_rev-1.i_82.smt2
[DEBUG] Predicted solver: cvc5 for benchmark ALIA/20230321-UltimateAutomizerSvcomp2023/sll_to_dll_rev-1.i_82.smt2
[DEBUG] Benchmark ALIA/20230321-UltimateAutomizerSvcomp2023/sll_to_dll_rev-1.i_82.smt2: solved=True, runtime=0.34s, PAR-2=0.34s
[DEBUG] Processing 593/1229: ALIA/20230321-UltimateAutomizerSvcomp2023/dll2c_update_all_reverse.i_139.smt2
[DEBUG] Predicted solver: SMTInterpol for benchmark ALIA/20230321-UltimateAutomizerSvcomp2023/dll2c_update_all_reverse.i_139.smt2
[DEBUG] Benchmark ALIA/20230321-UltimateAutomizerSvcomp2023/dll2c_update_all_reverse.i_139.smt2: solved=True, runtime=0.74s, PAR-2=0.74s
[DEBUG] Processing 594/1229: ALIA/20230321-UltimateAutomizerSvcomp2023/sll2c_insert_unequal.i_39.smt2
[DEBUG] Predicted solver: SMTInterpol for benchmark ALIA/20230321-UltimateAutomizerSvcomp2023/sll2c_insert_unequal.i_39.smt2
[DEBUG] Benchmark ALIA/20230321-UltimateAutomizerSvcomp2023/sll2c_insert_unequal.i_39.smt2: solved=True, runtime=0.43s, PAR-2=0.43s
[DEBUG] Processing 595/1229: ALIA/20230321-UltimateAutomizerSvcomp2023/list_search-2.i_30.smt2
[DEBUG] Predicted solver: SMTInterpol for benchmark ALIA/20230321-UltimateAutomizerSvcomp2023/list_search-2.i_30.smt2
[DEBUG] Benchmark ALIA/20230321-UltimateAutomizerSvcomp2023/list_search-2.i_30.smt2: solved=True, runtime=0.44s, PAR-2=0.44s
[DEBUG] Processing 596/1229: ALIA/20230321-UltimateAutomizerSvcomp2023/simple_built_from_end.i_78.smt2
[DEBUG] Predicted solver: SMTInterpol for benchmark ALIA/20230321-UltimateAutomizerSvcomp2023/simple_built_from_end.i_78.smt2
[DEBUG] Benchmark ALIA/20230321-UltimateAutomizerSvcomp2023/simple_built_from_end.i_78.smt2: solved=False, runtime=1200.00s, PAR-2=2400.00s
[DEBUG] Processing 597/1229: ALIA/20230321-UltimateAutomizerSvcomp2023/list-ext_flag.i_43.smt2
[DEBUG] Predicted solver: SMTInterpol for benchmark ALIA/20230321-UltimateAutomizerSvcomp2023/list-ext_flag.i_43.smt2
[DEBUG] Benchmark ALIA/20230321-UltimateAutomizerSvcomp2023/list-ext_flag.i_43.smt2: solved=True, runtime=0.49s, PAR-2=0.49s
[DEBUG] Processing 598/1229: ALIA/20230321-UltimateAutomizerSvcomp2023/sll_to_dll_rev-2.i_131.smt2
[DEBUG] Predicted solver: cvc5 for benchmark ALIA/20230321-UltimateAutomizerSvcomp2023/sll_to_dll_rev-2.i_131.smt2
[DEBUG] Benchmark ALIA/20230321-UltimateAutomizerSvcomp2023/sll_to_dll_rev-2.i_131.smt2: solved=False, runtime=1200.00s, PAR-2=2400.00s
[DEBUG] Processing 599/1229: ALIA/20230321-UltimateAutomizerSvcomp2023/dll2c_update_all_reverse.i_197.smt2
[DEBUG] Predicted solver: SMTInterpol for benchmark ALIA/20230321-UltimateAutomizerSvcomp2023/dll2c_update_all_reverse.i_197.smt2
[DEBUG] Benchmark ALIA/20230321-UltimateAutomizerSvcomp2023/dll2c_update_all_reverse.i_197.smt2: solved=True, runtime=0.60s, PAR-2=0.60s
[DEBUG] Processing 600/1229: ALIA/20230321-UltimateAutomizerSvcomp2023/ex3_forlist.i_182.smt2
[DEBUG] Predicted solver: SMTInterpol for benchmark ALIA/20230321-UltimateAutomizerSvcomp2023/ex3_forlist.i_182.smt2
[DEBUG] Benchmark ALIA/20230321-UltimateAutomizerSvcomp2023/ex3_forlist.i_182.smt2: solved=True, runtime=0.48s, PAR-2=0.48s
[DEBUG] Processing 601/1229: ALIA/20230321-UltimateAutomizerSvcomp2023/dll2c_append_unequal.i_25.smt2
[DEBUG] Predicted solver: SMTInterpol for benchmark ALIA/20230321-UltimateAutomizerSvcomp2023/dll2c_append_unequal.i_25.smt2
[DEBUG] Benchmark ALIA/20230321-UltimateAutomizerSvcomp2023/dll2c_append_unequal.i_25.smt2: solved=False, runtime=1200.00s, PAR-2=2400.00s
[DEBUG] Processing 602/1229: ALIA/20230321-UltimateAutomizerSvcomp2023/list_search-1.i_2.smt2
[DEBUG] Predicted solver: SMTInterpol for benchmark ALIA/20230321-UltimateAutomizerSvcomp2023/list_search-1.i_2.smt2
[DEBUG] Benchmark ALIA/20230321-UltimateAutomizerSvcomp2023/list_search-1.i_2.smt2: solved=True, runtime=0.42s, PAR-2=0.42s
[DEBUG] Processing 603/1229: ALIA/20230321-UltimateAutomizerSvcomp2023/sll-token-2.i_5.smt2
[DEBUG] Predicted solver: SMTInterpol for benchmark ALIA/20230321-UltimateAutomizerSvcomp2023/sll-token-2.i_5.smt2
[DEBUG] Benchmark ALIA/20230321-UltimateAutomizerSvcomp2023/sll-token-2.i_5.smt2: solved=True, runtime=0.83s, PAR-2=0.83s
[DEBUG] Processing 604/1229: ALIA/20230321-UltimateAutomizerSvcomp2023/dll_circular_traversal-2.i_146.smt2
[DEBUG] Predicted solver: SMTInterpol for benchmark ALIA/20230321-UltimateAutomizerSvcomp2023/dll_circular_traversal-2.i_146.smt2
[DEBUG] Benchmark ALIA/20230321-UltimateAutomizerSvcomp2023/dll_circular_traversal-2.i_146.smt2: solved=False, runtime=1200.00s, PAR-2=2400.00s
[DEBUG] Processing 605/1229: ALIA/20230321-UltimateAutomizerSvcomp2023/sll2c_prepend_equal.i_32.smt2
[DEBUG] Predicted solver: cvc5 for benchmark ALIA/20230321-UltimateAutomizerSvcomp2023/sll2c_prepend_equal.i_32.smt2
[DEBUG] Benchmark ALIA/20230321-UltimateAutomizerSvcomp2023/sll2c_prepend_equal.i_32.smt2: solved=False, runtime=1200.00s, PAR-2=2400.00s
[DEBUG] Processing 606/1229: ALIA/20230321-UltimateAutomizerSvcomp2023/sll2c_prepend_unequal.i_90.smt2
[DEBUG] Predicted solver: SMTInterpol for benchmark ALIA/20230321-UltimateAutomizerSvcomp2023/sll2c_prepend_unequal.i_90.smt2
[DEBUG] Benchmark ALIA/20230321-UltimateAutomizerSvcomp2023/sll2c_prepend_unequal.i_90.smt2: solved=False, runtime=1200.00s, PAR-2=2400.00s
[DEBUG] Processing 607/1229: ALIA/20230321-UltimateAutomizerSvcomp2023/sll_to_dll_rev-2.i_1.smt2
[DEBUG] Predicted solver: SMTInterpol for benchmark ALIA/20230321-UltimateAutomizerSvcomp2023/sll_to_dll_rev-2.i_1.smt2
[DEBUG] Benchmark ALIA/20230321-UltimateAutomizerSvcomp2023/sll_to_dll_rev-2.i_1.smt2: solved=True, runtime=1.32s, PAR-2=1.32s
[DEBUG] Processing 608/1229: ALIA/20230321-UltimateAutomizerSvcomp2023/sll_circular_traversal-1.i_68.smt2
[DEBUG] Predicted solver: SMTInterpol for benchmark ALIA/20230321-UltimateAutomizerSvcomp2023/sll_circular_traversal-1.i_68.smt2
[DEBUG] Benchmark ALIA/20230321-UltimateAutomizerSvcomp2023/sll_circular_traversal-1.i_68.smt2: solved=False, runtime=1200.00s, PAR-2=2400.00s
[DEBUG] Processing 609/1229: ALIA/20230321-UltimateAutomizerSvcomp2023/list-1.i_65.smt2
[DEBUG] Predicted solver: SMTInterpol for benchmark ALIA/20230321-UltimateAutomizerSvcomp2023/list-1.i_65.smt2
[DEBUG] Benchmark ALIA/20230321-UltimateAutomizerSvcomp2023/list-1.i_65.smt2: solved=False, runtime=1200.00s, PAR-2=2400.00s
[DEBUG] Processing 610/1229: ALIA/20230321-UltimateAutomizerSvcomp2023/simple-2.i_19.smt2
[DEBUG] Predicted solver: SMTInterpol for benchmark ALIA/20230321-UltimateAutomizerSvcomp2023/simple-2.i_19.smt2
[DEBUG] Benchmark ALIA/20230321-UltimateAutomizerSvcomp2023/simple-2.i_19.smt2: solved=True, runtime=0.47s, PAR-2=0.47s
[DEBUG] Processing 611/1229: ALIA/20230321-UltimateAutomizerSvcomp2023/dll2c_insert_equal.i_9.smt2
[DEBUG] Predicted solver: SMTInterpol for benchmark ALIA/20230321-UltimateAutomizerSvcomp2023/dll2c_insert_equal.i_9.smt2
[DEBUG] Benchmark ALIA/20230321-UltimateAutomizerSvcomp2023/dll2c_insert_equal.i_9.smt2: solved=False, runtime=1200.00s, PAR-2=2400.00s
[DEBUG] Processing 612/1229: ALIA/20230321-UltimateAutomizerSvcomp2023/tree_parent_ptr.i_1.smt2
[DEBUG] Predicted solver: SMTInterpol for benchmark ALIA/20230321-UltimateAutomizerSvcomp2023/tree_parent_ptr.i_1.smt2
[DEBUG] Benchmark ALIA/20230321-UltimateAutomizerSvcomp2023/tree_parent_ptr.i_1.smt2: solved=True, runtime=0.46s, PAR-2=0.46s
[DEBUG] Processing 613/1229: ALIA/20230321-UltimateAutomizerSvcomp2023/dll2c_update_all_reverse.i_23.smt2
[DEBUG] Predicted solver: SMTInterpol for benchmark ALIA/20230321-UltimateAutomizerSvcomp2023/dll2c_update_all_reverse.i_23.smt2
[DEBUG] Benchmark ALIA/20230321-UltimateAutomizerSvcomp2023/dll2c_update_all_reverse.i_23.smt2: solved=True, runtime=0.58s, PAR-2=0.58s
[DEBUG] Processing 614/1229: ALIA/20230321-UltimateAutomizerSvcomp2023/length_test03-1.i_62.smt2
[DEBUG] Predicted solver: iProver for benchmark ALIA/20230321-UltimateAutomizerSvcomp2023/length_test03-1.i_62.smt2
[DEBUG] Benchmark ALIA/20230321-UltimateAutomizerSvcomp2023/length_test03-1.i_62.smt2: solved=True, runtime=29.00s, PAR-2=29.00s
[DEBUG] Processing 615/1229: ALIA/20230321-UltimateAutomizerSvcomp2023/ex3_forlist.i_47.smt2
[DEBUG] Predicted solver: SMTInterpol for benchmark ALIA/20230321-UltimateAutomizerSvcomp2023/ex3_forlist.i_47.smt2
[DEBUG] Benchmark ALIA/20230321-UltimateAutomizerSvcomp2023/ex3_forlist.i_47.smt2: solved=True, runtime=0.58s, PAR-2=0.58s
[DEBUG] Processing 616/1229: ALIA/20230321-UltimateAutomizerSvcomp2023/list-ext_flag.i_94.smt2
[DEBUG] Predicted solver: SMTInterpol for benchmark ALIA/20230321-UltimateAutomizerSvcomp2023/list-ext_flag.i_94.smt2
[DEBUG] Benchmark ALIA/20230321-UltimateAutomizerSvcomp2023/list-ext_flag.i_94.smt2: solved=False, runtime=1200.00s, PAR-2=2400.00s
[DEBUG] Processing 617/1229: ALIA/20230321-UltimateAutomizerSvcomp2023/sll2c_insert_unequal.i_26.smt2
[DEBUG] Predicted solver: SMTInterpol for benchmark ALIA/20230321-UltimateAutomizerSvcomp2023/sll2c_insert_unequal.i_26.smt2
[DEBUG] Benchmark ALIA/20230321-UltimateAutomizerSvcomp2023/sll2c_insert_unequal.i_26.smt2: solved=False, runtime=1200.00s, PAR-2=2400.00s
[DEBUG] Processing 618/1229: ALIA/20230321-UltimateAutomizerSvcomp2023/shared_mem1.i_43.smt2
[DEBUG] Predicted solver: SMTInterpol for benchmark ALIA/20230321-UltimateAutomizerSvcomp2023/shared_mem1.i_43.smt2
[DEBUG] Benchmark ALIA/20230321-UltimateAutomizerSvcomp2023/shared_mem1.i_43.smt2: solved=True, runtime=0.66s, PAR-2=0.66s
[DEBUG] Processing 619/1229: ALIA/20230321-UltimateAutomizerSvcomp2023/simple-2.i_54.smt2
[DEBUG] Predicted solver: SMTInterpol for benchmark ALIA/20230321-UltimateAutomizerSvcomp2023/simple-2.i_54.smt2
[DEBUG] Benchmark ALIA/20230321-UltimateAutomizerSvcomp2023/simple-2.i_54.smt2: solved=True, runtime=2.56s, PAR-2=2.56s
[DEBUG] Processing 620/1229: ALIA/20230321-UltimateAutomizerSvcomp2023/list_and_tree_cnstr-1.i_30.smt2
[DEBUG] Predicted solver: SMTInterpol for benchmark ALIA/20230321-UltimateAutomizerSvcomp2023/list_and_tree_cnstr-1.i_30.smt2
[DEBUG] Benchmark ALIA/20230321-UltimateAutomizerSvcomp2023/list_and_tree_cnstr-1.i_30.smt2: solved=True, runtime=0.78s, PAR-2=0.78s
[DEBUG] Processing 621/1229: ALIA/20230321-UltimateAutomizerSvcomp2023/tree_of_cslls.i_29.smt2
[DEBUG] Predicted solver: SMTInterpol for benchmark ALIA/20230321-UltimateAutomizerSvcomp2023/tree_of_cslls.i_29.smt2
[DEBUG] Benchmark ALIA/20230321-UltimateAutomizerSvcomp2023/tree_of_cslls.i_29.smt2: solved=True, runtime=0.51s, PAR-2=0.51s
[DEBUG] Processing 622/1229: ALIA/20230321-UltimateAutomizerSvcomp2023/dll2c_insert_equal.i_91.smt2
[DEBUG] Predicted solver: SMTInterpol for benchmark ALIA/20230321-UltimateAutomizerSvcomp2023/dll2c_insert_equal.i_91.smt2
[DEBUG] Benchmark ALIA/20230321-UltimateAutomizerSvcomp2023/dll2c_insert_equal.i_91.smt2: solved=False, runtime=1200.00s, PAR-2=2400.00s
[DEBUG] Processing 623/1229: ALIA/20230321-UltimateAutomizerSvcomp2023/dll-token-1.i_13.smt2
[DEBUG] Predicted solver: iProver for benchmark ALIA/20230321-UltimateAutomizerSvcomp2023/dll-token-1.i_13.smt2
[DEBUG] Benchmark ALIA/20230321-UltimateAutomizerSvcomp2023/dll-token-1.i_13.smt2: solved=True, runtime=2.38s, PAR-2=2.38s
[DEBUG] Processing 624/1229: ALIA/20230321-UltimateAutomizerSvcomp2023/simple_and_skiplist_2lvl-2.i_54.smt2
[DEBUG] Predicted solver: SMTInterpol for benchmark ALIA/20230321-UltimateAutomizerSvcomp2023/simple_and_skiplist_2lvl-2.i_54.smt2
[DEBUG] Benchmark ALIA/20230321-UltimateAutomizerSvcomp2023/simple_and_skiplist_2lvl-2.i_54.smt2: solved=True, runtime=0.49s, PAR-2=0.49s
[DEBUG] Processing 625/1229: ALIA/20230321-UltimateAutomizerSvcomp2023/sll-sorted-2.i_51.smt2
[DEBUG] Predicted solver: SMTInterpol for benchmark ALIA/20230321-UltimateAutomizerSvcomp2023/sll-sorted-2.i_51.smt2
[DEBUG] Benchmark ALIA/20230321-UltimateAutomizerSvcomp2023/sll-sorted-2.i_51.smt2: solved=True, runtime=0.47s, PAR-2=0.47s
[DEBUG] Processing 626/1229: ALIA/20230321-UltimateAutomizerSvcomp2023/dll2c_update_all_reverse.i_82.smt2
[DEBUG] Predicted solver: cvc5 for benchmark ALIA/20230321-UltimateAutomizerSvcomp2023/dll2c_update_all_reverse.i_82.smt2
[DEBUG] Benchmark ALIA/20230321-UltimateAutomizerSvcomp2023/dll2c_update_all_reverse.i_82.smt2: solved=True, runtime=0.25s, PAR-2=0.25s
[DEBUG] Processing 627/1229: ALIA/20230321-UltimateAutomizerSvcomp2023/ex3_forlist.i_37.smt2
[DEBUG] Predicted solver: SMTInterpol for benchmark ALIA/20230321-UltimateAutomizerSvcomp2023/ex3_forlist.i_37.smt2
[DEBUG] Benchmark ALIA/20230321-UltimateAutomizerSvcomp2023/ex3_forlist.i_37.smt2: solved=True, runtime=0.47s, PAR-2=0.47s
[DEBUG] Processing 628/1229: ALIA/20230321-UltimateAutomizerSvcomp2023/dll_circular_traversal-2.i_56.smt2
[DEBUG] Predicted solver: SMTInterpol for benchmark ALIA/20230321-UltimateAutomizerSvcomp2023/dll_circular_traversal-2.i_56.smt2
[DEBUG] Benchmark ALIA/20230321-UltimateAutomizerSvcomp2023/dll_circular_traversal-2.i_56.smt2: solved=True, runtime=0.67s, PAR-2=0.67s
[DEBUG] Processing 629/1229: ALIA/20230321-UltimateAutomizerSvcomp2023/splice-2.i_52.smt2
[DEBUG] Predicted solver: SMTInterpol for benchmark ALIA/20230321-UltimateAutomizerSvcomp2023/splice-2.i_52.smt2
[DEBUG] Benchmark ALIA/20230321-UltimateAutomizerSvcomp2023/splice-2.i_52.smt2: solved=False, runtime=1200.00s, PAR-2=2400.00s
[DEBUG] Processing 630/1229: ALIA/20230321-UltimateAutomizerSvcomp2023/shared_mem1.i_102.smt2
[DEBUG] Predicted solver: SMTInterpol for benchmark ALIA/20230321-UltimateAutomizerSvcomp2023/shared_mem1.i_102.smt2
[DEBUG] Benchmark ALIA/20230321-UltimateAutomizerSvcomp2023/shared_mem1.i_102.smt2: solved=True, runtime=0.72s, PAR-2=0.72s
[DEBUG] Processing 631/1229: ALIA/20230321-UltimateAutomizerSvcomp2023/sll2c_prepend_equal.i_0.smt2
[DEBUG] Predicted solver: SMTInterpol for benchmark ALIA/20230321-UltimateAutomizerSvcomp2023/sll2c_prepend_equal.i_0.smt2
[DEBUG] Benchmark ALIA/20230321-UltimateAutomizerSvcomp2023/sll2c_prepend_equal.i_0.smt2: solved=True, runtime=0.47s, PAR-2=0.47s
[DEBUG] Processing 632/1229: ALIA/20230321-UltimateAutomizerSvcomp2023/sll2n_update_all_reverse.i_58.smt2
[DEBUG] Predicted solver: SMTInterpol for benchmark ALIA/20230321-UltimateAutomizerSvcomp2023/sll2n_update_all_reverse.i_58.smt2
[DEBUG] Benchmark ALIA/20230321-UltimateAutomizerSvcomp2023/sll2n_update_all_reverse.i_58.smt2: solved=True, runtime=0.53s, PAR-2=0.53s
[DEBUG] Processing 633/1229: ALIA/20230321-UltimateAutomizerSvcomp2023/dll-optional-1.i_8.smt2
[DEBUG] Predicted solver: SMTInterpol for benchmark ALIA/20230321-UltimateAutomizerSvcomp2023/dll-optional-1.i_8.smt2
[DEBUG] Benchmark ALIA/20230321-UltimateAutomizerSvcomp2023/dll-optional-1.i_8.smt2: solved=True, runtime=695.90s, PAR-2=695.90s
[DEBUG] Processing 634/1229: ALIA/20230321-UltimateAutomizerSvcomp2023/simple_search_value-1.i_2.smt2
[DEBUG] Predicted solver: SMTInterpol for benchmark ALIA/20230321-UltimateAutomizerSvcomp2023/simple_search_value-1.i_2.smt2
[DEBUG] Benchmark ALIA/20230321-UltimateAutomizerSvcomp2023/simple_search_value-1.i_2.smt2: solved=True, runtime=0.43s, PAR-2=0.43s
[DEBUG] Processing 635/1229: ALIA/20230321-UltimateAutomizerSvcomp2023/sll_to_dll_rev-1.i_51.smt2
[DEBUG] Predicted solver: cvc5 for benchmark ALIA/20230321-UltimateAutomizerSvcomp2023/sll_to_dll_rev-1.i_51.smt2
[DEBUG] Benchmark ALIA/20230321-UltimateAutomizerSvcomp2023/sll_to_dll_rev-1.i_51.smt2: solved=True, runtime=0.40s, PAR-2=0.40s
[DEBUG] Processing 636/1229: ALIA/20230321-UltimateAutomizerSvcomp2023/dll2c_insert_unequal.i_34.smt2
[DEBUG] Predicted solver: SMTInterpol for benchmark ALIA/20230321-UltimateAutomizerSvcomp2023/dll2c_insert_unequal.i_34.smt2
[DEBUG] Benchmark ALIA/20230321-UltimateAutomizerSvcomp2023/dll2c_insert_unequal.i_34.smt2: solved=False, runtime=1200.00s, PAR-2=2400.00s
[DEBUG] Processing 637/1229: ALIA/20230321-UltimateAutomizerSvcomp2023/dll2c_remove_all.i_11.smt2
[DEBUG] Predicted solver: SMTInterpol for benchmark ALIA/20230321-UltimateAutomizerSvcomp2023/dll2c_remove_all.i_11.smt2
[DEBUG] Benchmark ALIA/20230321-UltimateAutomizerSvcomp2023/dll2c_remove_all.i_11.smt2: solved=False, runtime=1200.00s, PAR-2=2400.00s
[DEBUG] Processing 638/1229: ALIA/20230321-UltimateAutomizerSvcomp2023/length_test03-1.i_53.smt2
[DEBUG] Predicted solver: iProver for benchmark ALIA/20230321-UltimateAutomizerSvcomp2023/length_test03-1.i_53.smt2
[DEBUG] Benchmark ALIA/20230321-UltimateAutomizerSvcomp2023/length_test03-1.i_53.smt2: solved=True, runtime=2.85s, PAR-2=2.85s
[DEBUG] Processing 639/1229: ALIA/20230321-UltimateAutomizerSvcomp2023/sll2c_insert_equal.i_8.smt2
[DEBUG] Predicted solver: SMTInterpol for benchmark ALIA/20230321-UltimateAutomizerSvcomp2023/sll2c_insert_equal.i_8.smt2
[DEBUG] Benchmark ALIA/20230321-UltimateAutomizerSvcomp2023/sll2c_insert_equal.i_8.smt2: solved=True, runtime=13.16s, PAR-2=13.16s
[DEBUG] Processing 640/1229: ALIA/20230321-UltimateAutomizerSvcomp2023/sll_circular_traversal-1.i_16.smt2
[DEBUG] Predicted solver: iProver for benchmark ALIA/20230321-UltimateAutomizerSvcomp2023/sll_circular_traversal-1.i_16.smt2
[DEBUG] Benchmark ALIA/20230321-UltimateAutomizerSvcomp2023/sll_circular_traversal-1.i_16.smt2: solved=True, runtime=36.01s, PAR-2=36.01s
[DEBUG] Processing 641/1229: ALIA/20230321-UltimateAutomizerSvcomp2023/simple_built_from_end.i_17.smt2
[DEBUG] Predicted solver: cvc5 for benchmark ALIA/20230321-UltimateAutomizerSvcomp2023/simple_built_from_end.i_17.smt2
[DEBUG] Benchmark ALIA/20230321-UltimateAutomizerSvcomp2023/simple_built_from_end.i_17.smt2: solved=False, runtime=1200.00s, PAR-2=2400.00s
[DEBUG] Processing 642/1229: ALIA/20230321-UltimateAutomizerSvcomp2023/length_test03-1.i_66.smt2
[DEBUG] Predicted solver: cvc5 for benchmark ALIA/20230321-UltimateAutomizerSvcomp2023/length_test03-1.i_66.smt2
[DEBUG] Benchmark ALIA/20230321-UltimateAutomizerSvcomp2023/length_test03-1.i_66.smt2: solved=True, runtime=0.41s, PAR-2=0.41s
[DEBUG] Processing 643/1229: ALIA/20230321-UltimateAutomizerSvcomp2023/sll_to_dll_rev-1.i_53.smt2
[DEBUG] Predicted solver: cvc5 for benchmark ALIA/20230321-UltimateAutomizerSvcomp2023/sll_to_dll_rev-1.i_53.smt2
[DEBUG] Benchmark ALIA/20230321-UltimateAutomizerSvcomp2023/sll_to_dll_rev-1.i_53.smt2: solved=True, runtime=0.43s, PAR-2=0.43s
[DEBUG] Processing 644/1229: ALIA/20230321-UltimateAutomizerSvcomp2023/sll-buckets-2.i_12.smt2
[DEBUG] Predicted solver: SMTInterpol for benchmark ALIA/20230321-UltimateAutomizerSvcomp2023/sll-buckets-2.i_12.smt2
[DEBUG] Benchmark ALIA/20230321-UltimateAutomizerSvcomp2023/sll-buckets-2.i_12.smt2: solved=True, runtime=0.43s, PAR-2=0.43s
[DEBUG] Processing 645/1229: ALIA/20230321-UltimateAutomizerSvcomp2023/test_add-2.i_75.smt2
[DEBUG] Predicted solver: cvc5 for benchmark ALIA/20230321-UltimateAutomizerSvcomp2023/test_add-2.i_75.smt2
[DEBUG] Benchmark ALIA/20230321-UltimateAutomizerSvcomp2023/test_add-2.i_75.smt2: solved=False, runtime=1200.00s, PAR-2=2400.00s
[DEBUG] Processing 646/1229: ALIA/20230321-UltimateAutomizerSvcomp2023/bubble_sort_linux-1.i_18.smt2
[DEBUG] Predicted solver: cvc5 for benchmark ALIA/20230321-UltimateAutomizerSvcomp2023/bubble_sort_linux-1.i_18.smt2
[DEBUG] Benchmark ALIA/20230321-UltimateAutomizerSvcomp2023/bubble_sort_linux-1.i_18.smt2: solved=True, runtime=2.39s, PAR-2=2.39s
[DEBUG] Processing 647/1229: ALIA/20230321-UltimateAutomizerSvcomp2023/list_search-1.i_19.smt2
[DEBUG] Predicted solver: SMTInterpol for benchmark ALIA/20230321-UltimateAutomizerSvcomp2023/list_search-1.i_19.smt2
[DEBUG] Benchmark ALIA/20230321-UltimateAutomizerSvcomp2023/list_search-1.i_19.smt2: solved=True, runtime=0.39s, PAR-2=0.39s
[DEBUG] Processing 648/1229: ALIA/20230321-UltimateAutomizerSvcomp2023/length_test03-1.i_185.smt2
[DEBUG] Predicted solver: iProver for benchmark ALIA/20230321-UltimateAutomizerSvcomp2023/length_test03-1.i_185.smt2
[DEBUG] Benchmark ALIA/20230321-UltimateAutomizerSvcomp2023/length_test03-1.i_185.smt2: solved=True, runtime=2.86s, PAR-2=2.86s
[DEBUG] Processing 649/1229: ALIA/20230321-UltimateAutomizerSvcomp2023/length_test03-1.i_202.smt2
[DEBUG] Predicted solver: SMTInterpol for benchmark ALIA/20230321-UltimateAutomizerSvcomp2023/length_test03-1.i_202.smt2
[DEBUG] Benchmark ALIA/20230321-UltimateAutomizerSvcomp2023/length_test03-1.i_202.smt2: solved=False, runtime=1200.00s, PAR-2=2400.00s
[DEBUG] Processing 650/1229: ALIA/20230321-UltimateAutomizerSvcomp2023/dll2n_append_equal.i_25.smt2
[DEBUG] Predicted solver: SMTInterpol for benchmark ALIA/20230321-UltimateAutomizerSvcomp2023/dll2n_append_equal.i_25.smt2
[DEBUG] Benchmark ALIA/20230321-UltimateAutomizerSvcomp2023/dll2n_append_equal.i_25.smt2: solved=False, runtime=1200.00s, PAR-2=2400.00s
[DEBUG] Processing 651/1229: ALIA/20230321-UltimateAutomizerSvcomp2023/test_add-2.i_2.smt2
[DEBUG] Predicted solver: cvc5 for benchmark ALIA/20230321-UltimateAutomizerSvcomp2023/test_add-2.i_2.smt2
[DEBUG] Benchmark ALIA/20230321-UltimateAutomizerSvcomp2023/test_add-2.i_2.smt2: solved=True, runtime=31.48s, PAR-2=31.48s
[DEBUG] Processing 652/1229: ALIA/20230321-UltimateAutomizerSvcomp2023/test_add-2.i_25.smt2
[DEBUG] Predicted solver: cvc5 for benchmark ALIA/20230321-UltimateAutomizerSvcomp2023/test_add-2.i_25.smt2
[DEBUG] Benchmark ALIA/20230321-UltimateAutomizerSvcomp2023/test_add-2.i_25.smt2: solved=True, runtime=0.23s, PAR-2=0.23s
[DEBUG] Processing 653/1229: ALIA/20230321-UltimateAutomizerSvcomp2023/sll2n_insert_unequal.i_11.smt2
[DEBUG] Predicted solver: SMTInterpol for benchmark ALIA/20230321-UltimateAutomizerSvcomp2023/sll2n_insert_unequal.i_11.smt2
[DEBUG] Benchmark ALIA/20230321-UltimateAutomizerSvcomp2023/sll2n_insert_unequal.i_11.smt2: solved=False, runtime=1200.00s, PAR-2=2400.00s
[DEBUG] Processing 654/1229: ALIA/piVC/piVC_ffb7db.smt2
[DEBUG] Predicted solver: SMTInterpol for benchmark ALIA/piVC/piVC_ffb7db.smt2
[DEBUG] Benchmark ALIA/piVC/piVC_ffb7db.smt2: solved=True, runtime=2.36s, PAR-2=2.36s
[DEBUG] Processing 655/1229: ALIA/20230321-UltimateAutomizerSvcomp2023/shared_mem1.i_76.smt2
[DEBUG] Predicted solver: cvc5 for benchmark ALIA/20230321-UltimateAutomizerSvcomp2023/shared_mem1.i_76.smt2
[DEBUG] Benchmark ALIA/20230321-UltimateAutomizerSvcomp2023/shared_mem1.i_76.smt2: solved=True, runtime=0.25s, PAR-2=0.25s
[DEBUG] Processing 656/1229: ALIA/20230321-UltimateAutomizerSvcomp2023/dll2n_prepend_unequal.i_63.smt2
[DEBUG] Predicted solver: SMTInterpol for benchmark ALIA/20230321-UltimateAutomizerSvcomp2023/dll2n_prepend_unequal.i_63.smt2
[DEBUG] Benchmark ALIA/20230321-UltimateAutomizerSvcomp2023/dll2n_prepend_unequal.i_63.smt2: solved=True, runtime=131.63s, PAR-2=131.63s
[DEBUG] Processing 657/1229: ALIA/20230321-UltimateAutomizerSvcomp2023/test_add-2.i_110.smt2
[DEBUG] Predicted solver: cvc5 for benchmark ALIA/20230321-UltimateAutomizerSvcomp2023/test_add-2.i_110.smt2
[DEBUG] Benchmark ALIA/20230321-UltimateAutomizerSvcomp2023/test_add-2.i_110.smt2: solved=True, runtime=47.89s, PAR-2=47.89s
[DEBUG] Processing 658/1229: ALIA/20230321-UltimateAutomizerSvcomp2023/length_test03-1.i_112.smt2
[DEBUG] Predicted solver: SMTInterpol for benchmark ALIA/20230321-UltimateAutomizerSvcomp2023/length_test03-1.i_112.smt2
[DEBUG] Benchmark ALIA/20230321-UltimateAutomizerSvcomp2023/length_test03-1.i_112.smt2: solved=True, runtime=121.17s, PAR-2=121.17s
[DEBUG] Processing 659/1229: ALIA/20230321-UltimateAutomizerSvcomp2023/sll_to_dll_rev-2.i_53.smt2
[DEBUG] Predicted solver: SMTInterpol for benchmark ALIA/20230321-UltimateAutomizerSvcomp2023/sll_to_dll_rev-2.i_53.smt2
[DEBUG] Benchmark ALIA/20230321-UltimateAutomizerSvcomp2023/sll_to_dll_rev-2.i_53.smt2: solved=True, runtime=0.44s, PAR-2=0.44s
[DEBUG] Processing 660/1229: ALIA/20230321-UltimateAutomizerSvcomp2023/skiplist_3lvl.i_52.smt2
[DEBUG] Predicted solver: SMTInterpol for benchmark ALIA/20230321-UltimateAutomizerSvcomp2023/skiplist_3lvl.i_52.smt2
[DEBUG] Benchmark ALIA/20230321-UltimateAutomizerSvcomp2023/skiplist_3lvl.i_52.smt2: solved=False, runtime=1200.00s, PAR-2=2400.00s
[DEBUG] Processing 661/1229: ALIA/20230321-UltimateAutomizerSvcomp2023/sll2n_insert_unequal.i_0.smt2
[DEBUG] Predicted solver: SMTInterpol for benchmark ALIA/20230321-UltimateAutomizerSvcomp2023/sll2n_insert_unequal.i_0.smt2
[DEBUG] Benchmark ALIA/20230321-UltimateAutomizerSvcomp2023/sll2n_insert_unequal.i_0.smt2: solved=True, runtime=0.42s, PAR-2=0.42s
[DEBUG] Processing 662/1229: ALIA/20230321-UltimateAutomizerSvcomp2023/dll2n_append_equal.i_55.smt2
[DEBUG] Predicted solver: SMTInterpol for benchmark ALIA/20230321-UltimateAutomizerSvcomp2023/dll2n_append_equal.i_55.smt2
[DEBUG] Benchmark ALIA/20230321-UltimateAutomizerSvcomp2023/dll2n_append_equal.i_55.smt2: solved=True, runtime=0.45s, PAR-2=0.45s
[DEBUG] Processing 663/1229: ALIA/20230321-UltimateAutomizerSvcomp2023/ex3_forlist.i_187.smt2
[DEBUG] Predicted solver: SMTInterpol for benchmark ALIA/20230321-UltimateAutomizerSvcomp2023/ex3_forlist.i_187.smt2
[DEBUG] Benchmark ALIA/20230321-UltimateAutomizerSvcomp2023/ex3_forlist.i_187.smt2: solved=True, runtime=0.50s, PAR-2=0.50s
[DEBUG] Processing 664/1229: ALIA/20230321-UltimateAutomizerSvcomp2023/sll2c_prepend_unequal.i_62.smt2
[DEBUG] Predicted solver: SMTInterpol for benchmark ALIA/20230321-UltimateAutomizerSvcomp2023/sll2c_prepend_unequal.i_62.smt2
[DEBUG] Benchmark ALIA/20230321-UltimateAutomizerSvcomp2023/sll2c_prepend_unequal.i_62.smt2: solved=False, runtime=1200.00s, PAR-2=2400.00s
[DEBUG] Processing 665/1229: ALIA/20230321-UltimateAutomizerSvcomp2023/dll2c_update_all_reverse.i_26.smt2
[DEBUG] Predicted solver: SMTInterpol for benchmark ALIA/20230321-UltimateAutomizerSvcomp2023/dll2c_update_all_reverse.i_26.smt2
[DEBUG] Benchmark ALIA/20230321-UltimateAutomizerSvcomp2023/dll2c_update_all_reverse.i_26.smt2: solved=True, runtime=0.58s, PAR-2=0.58s
[DEBUG] Processing 666/1229: ALIA/20230321-UltimateAutomizerSvcomp2023/dll2n_update_all.i_7.smt2
[DEBUG] Predicted solver: SMTInterpol for benchmark ALIA/20230321-UltimateAutomizerSvcomp2023/dll2n_update_all.i_7.smt2
[DEBUG] Benchmark ALIA/20230321-UltimateAutomizerSvcomp2023/dll2n_update_all.i_7.smt2: solved=True, runtime=0.50s, PAR-2=0.50s
[DEBUG] Processing 667/1229: ALIA/20230321-UltimateAutomizerSvcomp2023/simple_and_skiplist_2lvl-2.i_43.smt2
[DEBUG] Predicted solver: SMTInterpol for benchmark ALIA/20230321-UltimateAutomizerSvcomp2023/simple_and_skiplist_2lvl-2.i_43.smt2
[DEBUG] Benchmark ALIA/20230321-UltimateAutomizerSvcomp2023/simple_and_skiplist_2lvl-2.i_43.smt2: solved=True, runtime=0.48s, PAR-2=0.48s
[DEBUG] Processing 668/1229: ALIA/20230321-UltimateAutomizerSvcomp2023/list_and_tree_cnstr-2.i_56.smt2
[DEBUG] Predicted solver: SMTInterpol for benchmark ALIA/20230321-UltimateAutomizerSvcomp2023/list_and_tree_cnstr-2.i_56.smt2
[DEBUG] Benchmark ALIA/20230321-UltimateAutomizerSvcomp2023/list_and_tree_cnstr-2.i_56.smt2: solved=True, runtime=35.81s, PAR-2=35.81s
[DEBUG] Processing 669/1229: ALIA/20230321-UltimateAutomizerSvcomp2023/ex3_forlist.i_149.smt2
[DEBUG] Predicted solver: SMTInterpol for benchmark ALIA/20230321-UltimateAutomizerSvcomp2023/ex3_forlist.i_149.smt2
[DEBUG] Benchmark ALIA/20230321-UltimateAutomizerSvcomp2023/ex3_forlist.i_149.smt2: solved=True, runtime=0.44s, PAR-2=0.44s
[DEBUG] Processing 670/1229: ALIA/20230321-UltimateAutomizerSvcomp2023/dll2n_insert_unequal.i_32.smt2
[DEBUG] Predicted solver: SMTInterpol for benchmark ALIA/20230321-UltimateAutomizerSvcomp2023/dll2n_insert_unequal.i_32.smt2
[DEBUG] Benchmark ALIA/20230321-UltimateAutomizerSvcomp2023/dll2n_insert_unequal.i_32.smt2: solved=False, runtime=1200.00s, PAR-2=2400.00s
[DEBUG] Processing 671/1229: ALIA/20230321-UltimateAutomizerSvcomp2023/sll_to_dll_rev-2.i_47.smt2
[DEBUG] Predicted solver: SMTInterpol for benchmark ALIA/20230321-UltimateAutomizerSvcomp2023/sll_to_dll_rev-2.i_47.smt2
[DEBUG] Benchmark ALIA/20230321-UltimateAutomizerSvcomp2023/sll_to_dll_rev-2.i_47.smt2: solved=True, runtime=0.43s, PAR-2=0.43s
[DEBUG] Processing 672/1229: ALIA/20230321-UltimateAutomizerSvcomp2023/dll_circular_traversal-2.i_161.smt2
[DEBUG] Predicted solver: SMTInterpol for benchmark ALIA/20230321-UltimateAutomizerSvcomp2023/dll_circular_traversal-2.i_161.smt2
[DEBUG] Benchmark ALIA/20230321-UltimateAutomizerSvcomp2023/dll_circular_traversal-2.i_161.smt2: solved=True, runtime=764.08s, PAR-2=764.08s
[DEBUG] Processing 673/1229: ALIA/20230321-UltimateAutomizerSvcomp2023/list_search-1.i_20.smt2
[DEBUG] Predicted solver: SMTInterpol for benchmark ALIA/20230321-UltimateAutomizerSvcomp2023/list_search-1.i_20.smt2
[DEBUG] Benchmark ALIA/20230321-UltimateAutomizerSvcomp2023/list_search-1.i_20.smt2: solved=True, runtime=0.45s, PAR-2=0.45s
[DEBUG] Processing 674/1229: ALIA/20230321-UltimateAutomizerSvcomp2023/simple_and_skiplist_2lvl-2.i_46.smt2
[DEBUG] Predicted solver: SMTInterpol for benchmark ALIA/20230321-UltimateAutomizerSvcomp2023/simple_and_skiplist_2lvl-2.i_46.smt2
[DEBUG] Benchmark ALIA/20230321-UltimateAutomizerSvcomp2023/simple_and_skiplist_2lvl-2.i_46.smt2: solved=True, runtime=0.51s, PAR-2=0.51s
[DEBUG] Processing 675/1229: ALIA/20230321-UltimateAutomizerSvcomp2023/dll2c_insert_equal.i_97.smt2
[DEBUG] Predicted solver: cvc5 for benchmark ALIA/20230321-UltimateAutomizerSvcomp2023/dll2c_insert_equal.i_97.smt2
[DEBUG] Benchmark ALIA/20230321-UltimateAutomizerSvcomp2023/dll2c_insert_equal.i_97.smt2: solved=True, runtime=0.39s, PAR-2=0.39s
[DEBUG] Processing 676/1229: ALIA/20230321-UltimateAutomizerSvcomp2023/length_test03-1.i_79.smt2
[DEBUG] Predicted solver: iProver for benchmark ALIA/20230321-UltimateAutomizerSvcomp2023/length_test03-1.i_79.smt2
[DEBUG] Benchmark ALIA/20230321-UltimateAutomizerSvcomp2023/length_test03-1.i_79.smt2: solved=True, runtime=647.86s, PAR-2=647.86s
[DEBUG] Processing 677/1229: ALIA/20230321-UltimateAutomizerSvcomp2023/test_mutex_unlock_at_exit.i_44.smt2
[DEBUG] Predicted solver: SMTInterpol for benchmark ALIA/20230321-UltimateAutomizerSvcomp2023/test_mutex_unlock_at_exit.i_44.smt2
[DEBUG] Benchmark ALIA/20230321-UltimateAutomizerSvcomp2023/test_mutex_unlock_at_exit.i_44.smt2: solved=True, runtime=24.08s, PAR-2=24.08s
[DEBUG] Processing 678/1229: ALIA/20230321-UltimateAutomizerSvcomp2023/dll_circular_traversal-2.i_115.smt2
[DEBUG] Predicted solver: SMTInterpol for benchmark ALIA/20230321-UltimateAutomizerSvcomp2023/dll_circular_traversal-2.i_115.smt2
[DEBUG] Benchmark ALIA/20230321-UltimateAutomizerSvcomp2023/dll_circular_traversal-2.i_115.smt2: solved=False, runtime=1200.00s, PAR-2=2400.00s
[DEBUG] Processing 679/1229: ALIA/20230321-UltimateAutomizerSvcomp2023/list_and_tree_cnstr-1.i_26.smt2
[DEBUG] Predicted solver: SMTInterpol for benchmark ALIA/20230321-UltimateAutomizerSvcomp2023/list_and_tree_cnstr-1.i_26.smt2
[DEBUG] Benchmark ALIA/20230321-UltimateAutomizerSvcomp2023/list_and_tree_cnstr-1.i_26.smt2: solved=True, runtime=2.04s, PAR-2=2.04s
[DEBUG] Processing 680/1229: ALIA/20230321-UltimateAutomizerSvcomp2023/sll_to_dll_rev-1.i_79.smt2
[DEBUG] Predicted solver: cvc5 for benchmark ALIA/20230321-UltimateAutomizerSvcomp2023/sll_to_dll_rev-1.i_79.smt2
[DEBUG] Benchmark ALIA/20230321-UltimateAutomizerSvcomp2023/sll_to_dll_rev-1.i_79.smt2: solved=True, runtime=10.61s, PAR-2=10.61s
[DEBUG] Processing 681/1229: ALIA/20230321-UltimateAutomizerSvcomp2023/test_mutex_double_unlock.i_20.smt2
[DEBUG] Predicted solver: cvc5 for benchmark ALIA/20230321-UltimateAutomizerSvcomp2023/test_mutex_double_unlock.i_20.smt2
[DEBUG] Benchmark ALIA/20230321-UltimateAutomizerSvcomp2023/test_mutex_double_unlock.i_20.smt2: solved=True, runtime=0.33s, PAR-2=0.33s
[DEBUG] Processing 682/1229: ALIA/20230321-UltimateAutomizerSvcomp2023/test_add-2.i_42.smt2
[DEBUG] Predicted solver: cvc5 for benchmark ALIA/20230321-UltimateAutomizerSvcomp2023/test_add-2.i_42.smt2
[DEBUG] Benchmark ALIA/20230321-UltimateAutomizerSvcomp2023/test_add-2.i_42.smt2: solved=True, runtime=0.26s, PAR-2=0.26s
[DEBUG] Processing 683/1229: ALIA/20230321-UltimateAutomizerSvcomp2023/list_and_tree_cnstr-1.i_29.smt2
[DEBUG] Predicted solver: SMTInterpol for benchmark ALIA/20230321-UltimateAutomizerSvcomp2023/list_and_tree_cnstr-1.i_29.smt2
[DEBUG] Benchmark ALIA/20230321-UltimateAutomizerSvcomp2023/list_and_tree_cnstr-1.i_29.smt2: solved=True, runtime=0.80s, PAR-2=0.80s
[DEBUG] Processing 684/1229: ALIA/20230321-UltimateAutomizerSvcomp2023/dll2n_prepend_unequal.i_15.smt2
[DEBUG] Predicted solver: iProver for benchmark ALIA/20230321-UltimateAutomizerSvcomp2023/dll2n_prepend_unequal.i_15.smt2
[DEBUG] Benchmark ALIA/20230321-UltimateAutomizerSvcomp2023/dll2n_prepend_unequal.i_15.smt2: solved=True, runtime=5.92s, PAR-2=5.92s
[DEBUG] Processing 685/1229: ALIA/20230321-UltimateAutomizerSvcomp2023/dll2n_prepend_unequal.i_60.smt2
[DEBUG] Predicted solver: SMTInterpol for benchmark ALIA/20230321-UltimateAutomizerSvcomp2023/dll2n_prepend_unequal.i_60.smt2
[DEBUG] Benchmark ALIA/20230321-UltimateAutomizerSvcomp2023/dll2n_prepend_unequal.i_60.smt2: solved=False, runtime=1200.00s, PAR-2=2400.00s
[DEBUG] Processing 686/1229: ALIA/20230321-UltimateAutomizerSvcomp2023/sll2c_insert_equal.i_11.smt2
[DEBUG] Predicted solver: SMTInterpol for benchmark ALIA/20230321-UltimateAutomizerSvcomp2023/sll2c_insert_equal.i_11.smt2
[DEBUG] Benchmark ALIA/20230321-UltimateAutomizerSvcomp2023/sll2c_insert_equal.i_11.smt2: solved=False, runtime=1200.00s, PAR-2=2400.00s
[DEBUG] Processing 687/1229: ALIA/20230321-UltimateAutomizerSvcomp2023/skiplist_3lvl.i_82.smt2
[DEBUG] Predicted solver: SMTInterpol for benchmark ALIA/20230321-UltimateAutomizerSvcomp2023/skiplist_3lvl.i_82.smt2
[DEBUG] Benchmark ALIA/20230321-UltimateAutomizerSvcomp2023/skiplist_3lvl.i_82.smt2: solved=False, runtime=1200.00s, PAR-2=2400.00s
[DEBUG] Processing 688/1229: ALIA/20230321-UltimateAutomizerSvcomp2023/alternating_list-1.i_21.smt2
[DEBUG] Predicted solver: SMTInterpol for benchmark ALIA/20230321-UltimateAutomizerSvcomp2023/alternating_list-1.i_21.smt2
[DEBUG] Benchmark ALIA/20230321-UltimateAutomizerSvcomp2023/alternating_list-1.i_21.smt2: solved=True, runtime=0.46s, PAR-2=0.46s
[DEBUG] Processing 689/1229: ALIA/20230321-UltimateAutomizerSvcomp2023/list_search-2.i_16.smt2
[DEBUG] Predicted solver: SMTInterpol for benchmark ALIA/20230321-UltimateAutomizerSvcomp2023/list_search-2.i_16.smt2
[DEBUG] Benchmark ALIA/20230321-UltimateAutomizerSvcomp2023/list_search-2.i_16.smt2: solved=True, runtime=0.45s, PAR-2=0.45s
[DEBUG] Processing 690/1229: ALIA/20230321-UltimateAutomizerSvcomp2023/shared_mem1.i_114.smt2
[DEBUG] Predicted solver: SMTInterpol for benchmark ALIA/20230321-UltimateAutomizerSvcomp2023/shared_mem1.i_114.smt2
[DEBUG] Benchmark ALIA/20230321-UltimateAutomizerSvcomp2023/shared_mem1.i_114.smt2: solved=True, runtime=657.63s, PAR-2=657.63s
[DEBUG] Processing 691/1229: ALIA/20230321-UltimateAutomizerSvcomp2023/list_search-1.i_10.smt2
[DEBUG] Predicted solver: SMTInterpol for benchmark ALIA/20230321-UltimateAutomizerSvcomp2023/list_search-1.i_10.smt2
[DEBUG] Benchmark ALIA/20230321-UltimateAutomizerSvcomp2023/list_search-1.i_10.smt2: solved=True, runtime=0.51s, PAR-2=0.51s
[DEBUG] Processing 692/1229: ALIA/20230321-UltimateAutomizerSvcomp2023/dll2n_append_equal.i_5.smt2
[DEBUG] Predicted solver: SMTInterpol for benchmark ALIA/20230321-UltimateAutomizerSvcomp2023/dll2n_append_equal.i_5.smt2
[DEBUG] Benchmark ALIA/20230321-UltimateAutomizerSvcomp2023/dll2n_append_equal.i_5.smt2: solved=True, runtime=0.42s, PAR-2=0.42s
[DEBUG] Processing 693/1229: ALIA/20230321-UltimateAutomizerSvcomp2023/sll2c_insert_equal.i_71.smt2
[DEBUG] Predicted solver: SMTInterpol for benchmark ALIA/20230321-UltimateAutomizerSvcomp2023/sll2c_insert_equal.i_71.smt2
[DEBUG] Benchmark ALIA/20230321-UltimateAutomizerSvcomp2023/sll2c_insert_equal.i_71.smt2: solved=True, runtime=0.42s, PAR-2=0.42s
[DEBUG] Processing 694/1229: ALIA/20230321-UltimateAutomizerSvcomp2023/test_mutex_double_unlock.i_25.smt2
[DEBUG] Predicted solver: cvc5 for benchmark ALIA/20230321-UltimateAutomizerSvcomp2023/test_mutex_double_unlock.i_25.smt2
[DEBUG] Benchmark ALIA/20230321-UltimateAutomizerSvcomp2023/test_mutex_double_unlock.i_25.smt2: solved=True, runtime=0.24s, PAR-2=0.24s
[DEBUG] Processing 695/1229: ALIA/20230321-UltimateAutomizerSvcomp2023/sll-buckets-2.i_13.smt2
[DEBUG] Predicted solver: SMTInterpol for benchmark ALIA/20230321-UltimateAutomizerSvcomp2023/sll-buckets-2.i_13.smt2
[DEBUG] Benchmark ALIA/20230321-UltimateAutomizerSvcomp2023/sll-buckets-2.i_13.smt2: solved=True, runtime=0.49s, PAR-2=0.49s
[DEBUG] Processing 696/1229: ALIA/20230321-UltimateAutomizerSvcomp2023/dll2c_update_all_reverse.i_41.smt2
[DEBUG] Predicted solver: SMTInterpol for benchmark ALIA/20230321-UltimateAutomizerSvcomp2023/dll2c_update_all_reverse.i_41.smt2
[DEBUG] Benchmark ALIA/20230321-UltimateAutomizerSvcomp2023/dll2c_update_all_reverse.i_41.smt2: solved=True, runtime=0.59s, PAR-2=0.59s
[DEBUG] Processing 697/1229: ALIA/20230321-UltimateAutomizerSvcomp2023/dll2n_append_equal.i_29.smt2
[DEBUG] Predicted solver: SMTInterpol for benchmark ALIA/20230321-UltimateAutomizerSvcomp2023/dll2n_append_equal.i_29.smt2
[DEBUG] Benchmark ALIA/20230321-UltimateAutomizerSvcomp2023/dll2n_append_equal.i_29.smt2: solved=True, runtime=0.44s, PAR-2=0.44s
[DEBUG] Processing 698/1229: ALIA/20230321-UltimateAutomizerSvcomp2023/dll_circular_traversal-2.i_100.smt2
[DEBUG] Predicted solver: SMTInterpol for benchmark ALIA/20230321-UltimateAutomizerSvcomp2023/dll_circular_traversal-2.i_100.smt2
[DEBUG] Benchmark ALIA/20230321-UltimateAutomizerSvcomp2023/dll_circular_traversal-2.i_100.smt2: solved=False, runtime=1200.00s, PAR-2=2400.00s
[DEBUG] Processing 699/1229: ALIA/20230321-UltimateAutomizerSvcomp2023/list-ext_flag_1.i_19.smt2
[DEBUG] Predicted solver: SMTInterpol for benchmark ALIA/20230321-UltimateAutomizerSvcomp2023/list-ext_flag_1.i_19.smt2
[DEBUG] Benchmark ALIA/20230321-UltimateAutomizerSvcomp2023/list-ext_flag_1.i_19.smt2: solved=True, runtime=0.48s, PAR-2=0.48s
[DEBUG] Processing 700/1229: ALIA/20230321-UltimateAutomizerSvcomp2023/sll2n_append_unequal.i_23.smt2
[DEBUG] Predicted solver: SMTInterpol for benchmark ALIA/20230321-UltimateAutomizerSvcomp2023/sll2n_append_unequal.i_23.smt2
[DEBUG] Benchmark ALIA/20230321-UltimateAutomizerSvcomp2023/sll2n_append_unequal.i_23.smt2: solved=True, runtime=0.41s, PAR-2=0.41s
[DEBUG] Processing 701/1229: ALIA/20230321-UltimateAutomizerSvcomp2023/test_mutex_double_unlock.i_11.smt2
[DEBUG] Predicted solver: cvc5 for benchmark ALIA/20230321-UltimateAutomizerSvcomp2023/test_mutex_double_unlock.i_11.smt2
[DEBUG] Benchmark ALIA/20230321-UltimateAutomizerSvcomp2023/test_mutex_double_unlock.i_11.smt2: solved=True, runtime=0.23s, PAR-2=0.23s
[DEBUG] Processing 702/1229: ALIA/20230321-UltimateAutomizerSvcomp2023/simple_and_skiplist_2lvl-2.i_14.smt2
[DEBUG] Predicted solver: SMTInterpol for benchmark ALIA/20230321-UltimateAutomizerSvcomp2023/simple_and_skiplist_2lvl-2.i_14.smt2
[DEBUG] Benchmark ALIA/20230321-UltimateAutomizerSvcomp2023/simple_and_skiplist_2lvl-2.i_14.smt2: solved=True, runtime=0.45s, PAR-2=0.45s
[DEBUG] Processing 703/1229: ALIA/20230321-UltimateAutomizerSvcomp2023/dll-rb-cnstr_1-2.i_8.smt2
[DEBUG] Predicted solver: SMTInterpol for benchmark ALIA/20230321-UltimateAutomizerSvcomp2023/dll-rb-cnstr_1-2.i_8.smt2
[DEBUG] Benchmark ALIA/20230321-UltimateAutomizerSvcomp2023/dll-rb-cnstr_1-2.i_8.smt2: solved=False, runtime=1200.00s, PAR-2=2400.00s
[DEBUG] Processing 704/1229: ALIA/20230321-UltimateAutomizerSvcomp2023/length_test03-1.i_174.smt2
[DEBUG] Predicted solver: cvc5 for benchmark ALIA/20230321-UltimateAutomizerSvcomp2023/length_test03-1.i_174.smt2
[DEBUG] Benchmark ALIA/20230321-UltimateAutomizerSvcomp2023/length_test03-1.i_174.smt2: solved=True, runtime=513.41s, PAR-2=513.41s
[DEBUG] Processing 705/1229: ALIA/20230321-UltimateAutomizerSvcomp2023/length_test03-1.i_87.smt2
[DEBUG] Predicted solver: cvc5 for benchmark ALIA/20230321-UltimateAutomizerSvcomp2023/length_test03-1.i_87.smt2
[DEBUG] Benchmark ALIA/20230321-UltimateAutomizerSvcomp2023/length_test03-1.i_87.smt2: solved=False, runtime=1200.00s, PAR-2=2400.00s
[DEBUG] Processing 706/1229: ALIA/20230321-UltimateAutomizerSvcomp2023/dll_nullified-2.i_19.smt2
[DEBUG] Predicted solver: SMTInterpol for benchmark ALIA/20230321-UltimateAutomizerSvcomp2023/dll_nullified-2.i_19.smt2
[DEBUG] Benchmark ALIA/20230321-UltimateAutomizerSvcomp2023/dll_nullified-2.i_19.smt2: solved=True, runtime=0.50s, PAR-2=0.50s
[DEBUG] Processing 707/1229: ALIA/20230321-UltimateAutomizerSvcomp2023/dll_circular_traversal-2.i_76.smt2
[DEBUG] Predicted solver: SMTInterpol for benchmark ALIA/20230321-UltimateAutomizerSvcomp2023/dll_circular_traversal-2.i_76.smt2
[DEBUG] Benchmark ALIA/20230321-UltimateAutomizerSvcomp2023/dll_circular_traversal-2.i_76.smt2: solved=True, runtime=0.75s, PAR-2=0.75s
[DEBUG] Processing 708/1229: ALIA/20230321-UltimateAutomizerSvcomp2023/packet_filter.i_0.smt2
[DEBUG] Predicted solver: cvc5 for benchmark ALIA/20230321-UltimateAutomizerSvcomp2023/packet_filter.i_0.smt2
[DEBUG] Benchmark ALIA/20230321-UltimateAutomizerSvcomp2023/packet_filter.i_0.smt2: solved=False, runtime=1200.00s, PAR-2=2400.00s
[DEBUG] Processing 709/1229: ALIA/20230321-UltimateAutomizerSvcomp2023/dll-token-1.i_5.smt2
[DEBUG] Predicted solver: SMTInterpol for benchmark ALIA/20230321-UltimateAutomizerSvcomp2023/dll-token-1.i_5.smt2
[DEBUG] Benchmark ALIA/20230321-UltimateAutomizerSvcomp2023/dll-token-1.i_5.smt2: solved=False, runtime=1200.00s, PAR-2=2400.00s
[DEBUG] Processing 710/1229: ALIA/20230321-UltimateAutomizerSvcomp2023/sll2c_insert_equal.i_39.smt2
[DEBUG] Predicted solver: SMTInterpol for benchmark ALIA/20230321-UltimateAutomizerSvcomp2023/sll2c_insert_equal.i_39.smt2
[DEBUG] Benchmark ALIA/20230321-UltimateAutomizerSvcomp2023/sll2c_insert_equal.i_39.smt2: solved=True, runtime=12.45s, PAR-2=12.45s
[DEBUG] Processing 711/1229: ALIA/20230321-UltimateAutomizerSvcomp2023/sll2c_insert_unequal.i_65.smt2
[DEBUG] Predicted solver: SMTInterpol for benchmark ALIA/20230321-UltimateAutomizerSvcomp2023/sll2c_insert_unequal.i_65.smt2
[DEBUG] Benchmark ALIA/20230321-UltimateAutomizerSvcomp2023/sll2c_insert_unequal.i_65.smt2: solved=False, runtime=1200.00s, PAR-2=2400.00s
[DEBUG] Processing 712/1229: ALIA/20230321-UltimateAutomizerSvcomp2023/dll-queue-1.i_4.smt2
[DEBUG] Predicted solver: SMTInterpol for benchmark ALIA/20230321-UltimateAutomizerSvcomp2023/dll-queue-1.i_4.smt2
[DEBUG] Benchmark ALIA/20230321-UltimateAutomizerSvcomp2023/dll-queue-1.i_4.smt2: solved=True, runtime=0.53s, PAR-2=0.53s
[DEBUG] Processing 713/1229: ALIA/20230321-UltimateAutomizerSvcomp2023/list_search-2.i_33.smt2
[DEBUG] Predicted solver: SMTInterpol for benchmark ALIA/20230321-UltimateAutomizerSvcomp2023/list_search-2.i_33.smt2
[DEBUG] Benchmark ALIA/20230321-UltimateAutomizerSvcomp2023/list_search-2.i_33.smt2: solved=True, runtime=0.44s, PAR-2=0.44s
[DEBUG] Processing 714/1229: ALIA/20230321-UltimateAutomizerSvcomp2023/shared_mem1.i_85.smt2
[DEBUG] Predicted solver: SMTInterpol for benchmark ALIA/20230321-UltimateAutomizerSvcomp2023/shared_mem1.i_85.smt2
[DEBUG] Benchmark ALIA/20230321-UltimateAutomizerSvcomp2023/shared_mem1.i_85.smt2: solved=True, runtime=0.62s, PAR-2=0.62s
[DEBUG] Processing 715/1229: ALIA/20230321-UltimateAutomizerSvcomp2023/list_and_tree_cnstr-2.i_7.smt2
[DEBUG] Predicted solver: SMTInterpol for benchmark ALIA/20230321-UltimateAutomizerSvcomp2023/list_and_tree_cnstr-2.i_7.smt2
[DEBUG] Benchmark ALIA/20230321-UltimateAutomizerSvcomp2023/list_and_tree_cnstr-2.i_7.smt2: solved=True, runtime=0.51s, PAR-2=0.51s
[DEBUG] Processing 716/1229: ALIA/20230321-UltimateAutomizerSvcomp2023/ex3_forlist.i_81.smt2
[DEBUG] Predicted solver: SMTInterpol for benchmark ALIA/20230321-UltimateAutomizerSvcomp2023/ex3_forlist.i_81.smt2
[DEBUG] Benchmark ALIA/20230321-UltimateAutomizerSvcomp2023/ex3_forlist.i_81.smt2: solved=True, runtime=0.55s, PAR-2=0.55s
[DEBUG] Processing 717/1229: ALIA/20230321-UltimateAutomizerSvcomp2023/length_test03-1.i_204.smt2
[DEBUG] Predicted solver: cvc5 for benchmark ALIA/20230321-UltimateAutomizerSvcomp2023/length_test03-1.i_204.smt2
[DEBUG] Benchmark ALIA/20230321-UltimateAutomizerSvcomp2023/length_test03-1.i_204.smt2: solved=True, runtime=589.47s, PAR-2=589.47s
[DEBUG] Processing 718/1229: ALIA/20230321-UltimateAutomizerSvcomp2023/sll2n_append_unequal.i_5.smt2
[DEBUG] Predicted solver: SMTInterpol for benchmark ALIA/20230321-UltimateAutomizerSvcomp2023/sll2n_append_unequal.i_5.smt2
[DEBUG] Benchmark ALIA/20230321-UltimateAutomizerSvcomp2023/sll2n_append_unequal.i_5.smt2: solved=True, runtime=0.48s, PAR-2=0.48s
[DEBUG] Processing 719/1229: ALIA/20230321-UltimateAutomizerSvcomp2023/ex3_forlist.i_71.smt2
[DEBUG] Predicted solver: SMTInterpol for benchmark ALIA/20230321-UltimateAutomizerSvcomp2023/ex3_forlist.i_71.smt2
[DEBUG] Benchmark ALIA/20230321-UltimateAutomizerSvcomp2023/ex3_forlist.i_71.smt2: solved=True, runtime=0.60s, PAR-2=0.60s
[DEBUG] Processing 720/1229: ALIA/20230321-UltimateAutomizerSvcomp2023/dll2c_update_all_reverse.i_204.smt2
[DEBUG] Predicted solver: SMTInterpol for benchmark ALIA/20230321-UltimateAutomizerSvcomp2023/dll2c_update_all_reverse.i_204.smt2
[DEBUG] Benchmark ALIA/20230321-UltimateAutomizerSvcomp2023/dll2c_update_all_reverse.i_204.smt2: solved=True, runtime=0.64s, PAR-2=0.64s
[DEBUG] Processing 721/1229: ALIA/20230321-UltimateAutomizerSvcomp2023/sll2n_prepend_equal.i_57.smt2
[DEBUG] Predicted solver: SMTInterpol for benchmark ALIA/20230321-UltimateAutomizerSvcomp2023/sll2n_prepend_equal.i_57.smt2
[DEBUG] Benchmark ALIA/20230321-UltimateAutomizerSvcomp2023/sll2n_prepend_equal.i_57.smt2: solved=True, runtime=0.44s, PAR-2=0.44s
[DEBUG] Processing 722/1229: ALIA/20230321-UltimateAutomizerSvcomp2023/test_add-2.i_76.smt2
[DEBUG] Predicted solver: cvc5 for benchmark ALIA/20230321-UltimateAutomizerSvcomp2023/test_add-2.i_76.smt2
[DEBUG] Benchmark ALIA/20230321-UltimateAutomizerSvcomp2023/test_add-2.i_76.smt2: solved=True, runtime=0.26s, PAR-2=0.26s
[DEBUG] Processing 723/1229: ALIA/20230321-UltimateAutomizerSvcomp2023/merge_sort-2.i_4.smt2
[DEBUG] Predicted solver: cvc5 for benchmark ALIA/20230321-UltimateAutomizerSvcomp2023/merge_sort-2.i_4.smt2
[DEBUG] Benchmark ALIA/20230321-UltimateAutomizerSvcomp2023/merge_sort-2.i_4.smt2: solved=False, runtime=1200.00s, PAR-2=2400.00s
[DEBUG] Processing 724/1229: ALIA/20230321-UltimateAutomizerSvcomp2023/ex3_forlist.i_169.smt2
[DEBUG] Predicted solver: SMTInterpol for benchmark ALIA/20230321-UltimateAutomizerSvcomp2023/ex3_forlist.i_169.smt2
[DEBUG] Benchmark ALIA/20230321-UltimateAutomizerSvcomp2023/ex3_forlist.i_169.smt2: solved=True, runtime=0.48s, PAR-2=0.48s
[DEBUG] Processing 725/1229: ALIA/20230321-UltimateAutomizerSvcomp2023/ex3_forlist.i_204.smt2
[DEBUG] Predicted solver: SMTInterpol for benchmark ALIA/20230321-UltimateAutomizerSvcomp2023/ex3_forlist.i_204.smt2
[DEBUG] Benchmark ALIA/20230321-UltimateAutomizerSvcomp2023/ex3_forlist.i_204.smt2: solved=True, runtime=0.50s, PAR-2=0.50s
[DEBUG] Processing 726/1229: ALIA/20230321-UltimateAutomizerSvcomp2023/dll2n_prepend_unequal.i_43.smt2
[DEBUG] Predicted solver: SMTInterpol for benchmark ALIA/20230321-UltimateAutomizerSvcomp2023/dll2n_prepend_unequal.i_43.smt2
[DEBUG] Benchmark ALIA/20230321-UltimateAutomizerSvcomp2023/dll2n_prepend_unequal.i_43.smt2: solved=False, runtime=1200.00s, PAR-2=2400.00s
[DEBUG] Processing 727/1229: ALIA/20230321-UltimateAutomizerSvcomp2023/list_search-2.i_12.smt2
[DEBUG] Predicted solver: SMTInterpol for benchmark ALIA/20230321-UltimateAutomizerSvcomp2023/list_search-2.i_12.smt2
[DEBUG] Benchmark ALIA/20230321-UltimateAutomizerSvcomp2023/list_search-2.i_12.smt2: solved=True, runtime=0.43s, PAR-2=0.43s
[DEBUG] Processing 728/1229: ALIA/20230321-UltimateAutomizerSvcomp2023/dll2c_update_all_reverse.i_133.smt2
[DEBUG] Predicted solver: SMTInterpol for benchmark ALIA/20230321-UltimateAutomizerSvcomp2023/dll2c_update_all_reverse.i_133.smt2
[DEBUG] Benchmark ALIA/20230321-UltimateAutomizerSvcomp2023/dll2c_update_all_reverse.i_133.smt2: solved=True, runtime=0.73s, PAR-2=0.73s
[DEBUG] Processing 729/1229: ALIA/20230321-UltimateAutomizerSvcomp2023/dll2c_remove_all.i_12.smt2
[DEBUG] Predicted solver: SMTInterpol for benchmark ALIA/20230321-UltimateAutomizerSvcomp2023/dll2c_remove_all.i_12.smt2
[DEBUG] Benchmark ALIA/20230321-UltimateAutomizerSvcomp2023/dll2c_remove_all.i_12.smt2: solved=False, runtime=1200.00s, PAR-2=2400.00s
[DEBUG] Processing 730/1229: ALIA/20230321-UltimateAutomizerSvcomp2023/list-ext_flag_1.i_57.smt2
[DEBUG] Predicted solver: SMTInterpol for benchmark ALIA/20230321-UltimateAutomizerSvcomp2023/list-ext_flag_1.i_57.smt2
[DEBUG] Benchmark ALIA/20230321-UltimateAutomizerSvcomp2023/list-ext_flag_1.i_57.smt2: solved=True, runtime=0.53s, PAR-2=0.53s
[DEBUG] Processing 731/1229: ALIA/20230321-UltimateAutomizerSvcomp2023/list_search-2.i_35.smt2
[DEBUG] Predicted solver: SMTInterpol for benchmark ALIA/20230321-UltimateAutomizerSvcomp2023/list_search-2.i_35.smt2
[DEBUG] Benchmark ALIA/20230321-UltimateAutomizerSvcomp2023/list_search-2.i_35.smt2: solved=True, runtime=0.46s, PAR-2=0.46s
[DEBUG] Processing 732/1229: ALIA/20230321-UltimateAutomizerSvcomp2023/dll2n_prepend_unequal.i_44.smt2
[DEBUG] Predicted solver: SMTInterpol for benchmark ALIA/20230321-UltimateAutomizerSvcomp2023/dll2n_prepend_unequal.i_44.smt2
[DEBUG] Benchmark ALIA/20230321-UltimateAutomizerSvcomp2023/dll2n_prepend_unequal.i_44.smt2: solved=False, runtime=1200.00s, PAR-2=2400.00s
[DEBUG] Processing 733/1229: ALIA/20230321-UltimateAutomizerSvcomp2023/dll2c_update_all_reverse.i_144.smt2
[DEBUG] Predicted solver: SMTInterpol for benchmark ALIA/20230321-UltimateAutomizerSvcomp2023/dll2c_update_all_reverse.i_144.smt2
[DEBUG] Benchmark ALIA/20230321-UltimateAutomizerSvcomp2023/dll2c_update_all_reverse.i_144.smt2: solved=True, runtime=0.75s, PAR-2=0.75s
[DEBUG] Processing 734/1229: ALIA/20230321-UltimateAutomizerSvcomp2023/prefixsum_rec.c_3.smt2
[DEBUG] Predicted solver: SMTInterpol for benchmark ALIA/20230321-UltimateAutomizerSvcomp2023/prefixsum_rec.c_3.smt2
[DEBUG] Benchmark ALIA/20230321-UltimateAutomizerSvcomp2023/prefixsum_rec.c_3.smt2: solved=True, runtime=0.44s, PAR-2=0.44s
[DEBUG] Processing 735/1229: ALIA/20230321-UltimateAutomizerSvcomp2023/dll2n_prepend_unequal.i_39.smt2
[DEBUG] Predicted solver: SMTInterpol for benchmark ALIA/20230321-UltimateAutomizerSvcomp2023/dll2n_prepend_unequal.i_39.smt2
[DEBUG] Benchmark ALIA/20230321-UltimateAutomizerSvcomp2023/dll2n_prepend_unequal.i_39.smt2: solved=False, runtime=1200.00s, PAR-2=2400.00s
[DEBUG] Processing 736/1229: ALIA/20230321-UltimateAutomizerSvcomp2023/list-ext_flag.i_84.smt2
[DEBUG] Predicted solver: SMTInterpol for benchmark ALIA/20230321-UltimateAutomizerSvcomp2023/list-ext_flag.i_84.smt2
[DEBUG] Benchmark ALIA/20230321-UltimateAutomizerSvcomp2023/list-ext_flag.i_84.smt2: solved=False, runtime=1200.00s, PAR-2=2400.00s
[DEBUG] Processing 737/1229: ALIA/20230321-UltimateAutomizerSvcomp2023/dll-queue-1.i_20.smt2
[DEBUG] Predicted solver: SMTInterpol for benchmark ALIA/20230321-UltimateAutomizerSvcomp2023/dll-queue-1.i_20.smt2
[DEBUG] Benchmark ALIA/20230321-UltimateAutomizerSvcomp2023/dll-queue-1.i_20.smt2: solved=True, runtime=4.95s, PAR-2=4.95s
[DEBUG] Processing 738/1229: ALIA/20230321-UltimateAutomizerSvcomp2023/simple_search_value-1.i_44.smt2
[DEBUG] Predicted solver: SMTInterpol for benchmark ALIA/20230321-UltimateAutomizerSvcomp2023/simple_search_value-1.i_44.smt2
[DEBUG] Benchmark ALIA/20230321-UltimateAutomizerSvcomp2023/simple_search_value-1.i_44.smt2: solved=True, runtime=657.94s, PAR-2=657.94s
[DEBUG] Processing 739/1229: ALIA/20230321-UltimateAutomizerSvcomp2023/test_add-2.i_20.smt2
[DEBUG] Predicted solver: cvc5 for benchmark ALIA/20230321-UltimateAutomizerSvcomp2023/test_add-2.i_20.smt2
[DEBUG] Benchmark ALIA/20230321-UltimateAutomizerSvcomp2023/test_add-2.i_20.smt2: solved=True, runtime=0.26s, PAR-2=0.26s
[DEBUG] Processing 740/1229: ALIA/20230321-UltimateAutomizerSvcomp2023/test-0234-1.i_49.smt2
[DEBUG] Predicted solver: SMTInterpol for benchmark ALIA/20230321-UltimateAutomizerSvcomp2023/test-0234-1.i_49.smt2
[DEBUG] Benchmark ALIA/20230321-UltimateAutomizerSvcomp2023/test-0234-1.i_49.smt2: solved=True, runtime=0.47s, PAR-2=0.47s
[DEBUG] Processing 741/1229: ALIA/20230321-UltimateAutomizerSvcomp2023/dll2c_insert_equal.i_79.smt2
[DEBUG] Predicted solver: SMTInterpol for benchmark ALIA/20230321-UltimateAutomizerSvcomp2023/dll2c_insert_equal.i_79.smt2
[DEBUG] Benchmark ALIA/20230321-UltimateAutomizerSvcomp2023/dll2c_insert_equal.i_79.smt2: solved=False, runtime=1200.00s, PAR-2=2400.00s
[DEBUG] Processing 742/1229: ALIA/20230321-UltimateAutomizerSvcomp2023/dll2n_prepend_unequal.i_38.smt2
[DEBUG] Predicted solver: SMTInterpol for benchmark ALIA/20230321-UltimateAutomizerSvcomp2023/dll2n_prepend_unequal.i_38.smt2
[DEBUG] Benchmark ALIA/20230321-UltimateAutomizerSvcomp2023/dll2n_prepend_unequal.i_38.smt2: solved=True, runtime=75.84s, PAR-2=75.84s
[DEBUG] Processing 743/1229: ALIA/20230321-UltimateAutomizerSvcomp2023/sll2n_update_all.i_19.smt2
[DEBUG] Predicted solver: SMTInterpol for benchmark ALIA/20230321-UltimateAutomizerSvcomp2023/sll2n_update_all.i_19.smt2
[DEBUG] Benchmark ALIA/20230321-UltimateAutomizerSvcomp2023/sll2n_update_all.i_19.smt2: solved=True, runtime=0.48s, PAR-2=0.48s
[DEBUG] Processing 744/1229: ALIA/20230321-UltimateAutomizerSvcomp2023/dll-01-2.i_2.smt2
[DEBUG] Predicted solver: iProver for benchmark ALIA/20230321-UltimateAutomizerSvcomp2023/dll-01-2.i_2.smt2
[DEBUG] Benchmark ALIA/20230321-UltimateAutomizerSvcomp2023/dll-01-2.i_2.smt2: solved=False, runtime=1200.00s, PAR-2=2400.00s
[DEBUG] Processing 745/1229: ALIA/20230321-UltimateAutomizerSvcomp2023/sll-sorted-2.i_75.smt2
[DEBUG] Predicted solver: cvc5 for benchmark ALIA/20230321-UltimateAutomizerSvcomp2023/sll-sorted-2.i_75.smt2
[DEBUG] Benchmark ALIA/20230321-UltimateAutomizerSvcomp2023/sll-sorted-2.i_75.smt2: solved=True, runtime=0.43s, PAR-2=0.43s
[DEBUG] Processing 746/1229: ALIA/20230321-UltimateAutomizerSvcomp2023/dll-optional-1.i_18.smt2
[DEBUG] Predicted solver: SMTInterpol for benchmark ALIA/20230321-UltimateAutomizerSvcomp2023/dll-optional-1.i_18.smt2
[DEBUG] Benchmark ALIA/20230321-UltimateAutomizerSvcomp2023/dll-optional-1.i_18.smt2: solved=True, runtime=647.03s, PAR-2=647.03s
[DEBUG] Processing 747/1229: ALIA/20230321-UltimateAutomizerSvcomp2023/test_mutex_unlock_at_exit.i_28.smt2
[DEBUG] Predicted solver: SMTInterpol for benchmark ALIA/20230321-UltimateAutomizerSvcomp2023/test_mutex_unlock_at_exit.i_28.smt2
[DEBUG] Benchmark ALIA/20230321-UltimateAutomizerSvcomp2023/test_mutex_unlock_at_exit.i_28.smt2: solved=False, runtime=1200.00s, PAR-2=2400.00s
[DEBUG] Processing 748/1229: ALIA/20230321-UltimateAutomizerSvcomp2023/shared_mem1.i_48.smt2
[DEBUG] Predicted solver: SMTInterpol for benchmark ALIA/20230321-UltimateAutomizerSvcomp2023/shared_mem1.i_48.smt2
[DEBUG] Benchmark ALIA/20230321-UltimateAutomizerSvcomp2023/shared_mem1.i_48.smt2: solved=True, runtime=0.51s, PAR-2=0.51s
[DEBUG] Processing 749/1229: ALIA/20230321-UltimateAutomizerSvcomp2023/split_list_test05-2.i_2.smt2
[DEBUG] Predicted solver: SMTInterpol for benchmark ALIA/20230321-UltimateAutomizerSvcomp2023/split_list_test05-2.i_2.smt2
[DEBUG] Benchmark ALIA/20230321-UltimateAutomizerSvcomp2023/split_list_test05-2.i_2.smt2: solved=True, runtime=0.44s, PAR-2=0.44s
[DEBUG] Processing 750/1229: ALIA/20230321-UltimateAutomizerSvcomp2023/dll2n_append_equal.i_17.smt2
[DEBUG] Predicted solver: cvc5 for benchmark ALIA/20230321-UltimateAutomizerSvcomp2023/dll2n_append_equal.i_17.smt2
[DEBUG] Benchmark ALIA/20230321-UltimateAutomizerSvcomp2023/dll2n_append_equal.i_17.smt2: solved=False, runtime=1200.00s, PAR-2=2400.00s
[DEBUG] Processing 751/1229: ALIA/20230321-UltimateAutomizerSvcomp2023/sll2n_insert_unequal.i_55.smt2
[DEBUG] Predicted solver: SMTInterpol for benchmark ALIA/20230321-UltimateAutomizerSvcomp2023/sll2n_insert_unequal.i_55.smt2
[DEBUG] Benchmark ALIA/20230321-UltimateAutomizerSvcomp2023/sll2n_insert_unequal.i_55.smt2: solved=True, runtime=87.11s, PAR-2=87.11s
[DEBUG] Processing 752/1229: ALIA/20230321-UltimateAutomizerSvcomp2023/skiplist_3lvl.i_95.smt2
[DEBUG] Predicted solver: SMTInterpol for benchmark ALIA/20230321-UltimateAutomizerSvcomp2023/skiplist_3lvl.i_95.smt2
[DEBUG] Benchmark ALIA/20230321-UltimateAutomizerSvcomp2023/skiplist_3lvl.i_95.smt2: solved=True, runtime=2.45s, PAR-2=2.45s
[DEBUG] Processing 753/1229: ALIA/20230321-UltimateAutomizerSvcomp2023/list-ext_flag.i_120.smt2
[DEBUG] Predicted solver: SMTInterpol for benchmark ALIA/20230321-UltimateAutomizerSvcomp2023/list-ext_flag.i_120.smt2
[DEBUG] Benchmark ALIA/20230321-UltimateAutomizerSvcomp2023/list-ext_flag.i_120.smt2: solved=True, runtime=2.28s, PAR-2=2.28s
[DEBUG] Processing 754/1229: ALIA/20230321-UltimateAutomizerSvcomp2023/dll2n_prepend_unequal.i_2.smt2
[DEBUG] Predicted solver: SMTInterpol for benchmark ALIA/20230321-UltimateAutomizerSvcomp2023/dll2n_prepend_unequal.i_2.smt2
[DEBUG] Benchmark ALIA/20230321-UltimateAutomizerSvcomp2023/dll2n_prepend_unequal.i_2.smt2: solved=False, runtime=1200.00s, PAR-2=2400.00s
[DEBUG] Processing 755/1229: ALIA/20230321-UltimateAutomizerSvcomp2023/prefixsum_rec.c_4.smt2
[DEBUG] Predicted solver: SMTInterpol for benchmark ALIA/20230321-UltimateAutomizerSvcomp2023/prefixsum_rec.c_4.smt2
[DEBUG] Benchmark ALIA/20230321-UltimateAutomizerSvcomp2023/prefixsum_rec.c_4.smt2: solved=True, runtime=0.43s, PAR-2=0.43s
[DEBUG] Processing 756/1229: ALIA/20230321-UltimateAutomizerSvcomp2023/dll2c_insert_equal.i_82.smt2
[DEBUG] Predicted solver: SMTInterpol for benchmark ALIA/20230321-UltimateAutomizerSvcomp2023/dll2c_insert_equal.i_82.smt2
[DEBUG] Benchmark ALIA/20230321-UltimateAutomizerSvcomp2023/dll2c_insert_equal.i_82.smt2: solved=False, runtime=1200.00s, PAR-2=2400.00s
[DEBUG] Processing 757/1229: ALIA/20230321-UltimateAutomizerSvcomp2023/dll2n_prepend_unequal.i_6.smt2
[DEBUG] Predicted solver: iProver for benchmark ALIA/20230321-UltimateAutomizerSvcomp2023/dll2n_prepend_unequal.i_6.smt2
[DEBUG] Benchmark ALIA/20230321-UltimateAutomizerSvcomp2023/dll2n_prepend_unequal.i_6.smt2: solved=True, runtime=2.43s, PAR-2=2.43s
[DEBUG] Processing 758/1229: ALIA/20230321-UltimateAutomizerSvcomp2023/test_add-2.i_15.smt2
[DEBUG] Predicted solver: cvc5 for benchmark ALIA/20230321-UltimateAutomizerSvcomp2023/test_add-2.i_15.smt2
[DEBUG] Benchmark ALIA/20230321-UltimateAutomizerSvcomp2023/test_add-2.i_15.smt2: solved=True, runtime=0.31s, PAR-2=0.31s
[DEBUG] Processing 759/1229: ALIA/20230321-UltimateAutomizerSvcomp2023/sll2c_insert_unequal.i_75.smt2
[DEBUG] Predicted solver: SMTInterpol for benchmark ALIA/20230321-UltimateAutomizerSvcomp2023/sll2c_insert_unequal.i_75.smt2
[DEBUG] Benchmark ALIA/20230321-UltimateAutomizerSvcomp2023/sll2c_insert_unequal.i_75.smt2: solved=False, runtime=1200.00s, PAR-2=2400.00s
[DEBUG] Processing 760/1229: ALIA/20230321-UltimateAutomizerSvcomp2023/ex3_forlist.i_173.smt2
[DEBUG] Predicted solver: SMTInterpol for benchmark ALIA/20230321-UltimateAutomizerSvcomp2023/ex3_forlist.i_173.smt2
[DEBUG] Benchmark ALIA/20230321-UltimateAutomizerSvcomp2023/ex3_forlist.i_173.smt2: solved=True, runtime=0.47s, PAR-2=0.47s
[DEBUG] Processing 761/1229: ALIA/20230321-UltimateAutomizerSvcomp2023/skiplist_3lvl.i_80.smt2
[DEBUG] Predicted solver: SMTInterpol for benchmark ALIA/20230321-UltimateAutomizerSvcomp2023/skiplist_3lvl.i_80.smt2
[DEBUG] Benchmark ALIA/20230321-UltimateAutomizerSvcomp2023/skiplist_3lvl.i_80.smt2: solved=True, runtime=6.01s, PAR-2=6.01s
[DEBUG] Processing 762/1229: ALIA/20230321-UltimateAutomizerSvcomp2023/dll2n_prepend_unequal.i_73.smt2
[DEBUG] Predicted solver: SMTInterpol for benchmark ALIA/20230321-UltimateAutomizerSvcomp2023/dll2n_prepend_unequal.i_73.smt2
[DEBUG] Benchmark ALIA/20230321-UltimateAutomizerSvcomp2023/dll2n_prepend_unequal.i_73.smt2: solved=False, runtime=1200.00s, PAR-2=2400.00s
[DEBUG] Processing 763/1229: ALIA/20230321-UltimateAutomizerSvcomp2023/length_test03-1.i_125.smt2
[DEBUG] Predicted solver: SMTInterpol for benchmark ALIA/20230321-UltimateAutomizerSvcomp2023/length_test03-1.i_125.smt2
[DEBUG] Benchmark ALIA/20230321-UltimateAutomizerSvcomp2023/length_test03-1.i_125.smt2: solved=True, runtime=0.52s, PAR-2=0.52s
[DEBUG] Processing 764/1229: ALIA/20230321-UltimateAutomizerSvcomp2023/dll2n_prepend_unequal.i_90.smt2
[DEBUG] Predicted solver: SMTInterpol for benchmark ALIA/20230321-UltimateAutomizerSvcomp2023/dll2n_prepend_unequal.i_90.smt2
[DEBUG] Benchmark ALIA/20230321-UltimateAutomizerSvcomp2023/dll2n_prepend_unequal.i_90.smt2: solved=True, runtime=0.56s, PAR-2=0.56s
[DEBUG] Processing 765/1229: ALIA/20230321-UltimateAutomizerSvcomp2023/simple_built_from_end.i_48.smt2
[DEBUG] Predicted solver: SMTInterpol for benchmark ALIA/20230321-UltimateAutomizerSvcomp2023/simple_built_from_end.i_48.smt2
[DEBUG] Benchmark ALIA/20230321-UltimateAutomizerSvcomp2023/simple_built_from_end.i_48.smt2: solved=False, runtime=1200.00s, PAR-2=2400.00s
[DEBUG] Processing 766/1229: ALIA/20230321-UltimateAutomizerSvcomp2023/dancing.i_5.smt2
[DEBUG] Predicted solver: SMTInterpol for benchmark ALIA/20230321-UltimateAutomizerSvcomp2023/dancing.i_5.smt2
[DEBUG] Benchmark ALIA/20230321-UltimateAutomizerSvcomp2023/dancing.i_5.smt2: solved=True, runtime=0.54s, PAR-2=0.54s
[DEBUG] Processing 767/1229: ALIA/20230321-UltimateAutomizerSvcomp2023/sll2n_insert_unequal.i_36.smt2
[DEBUG] Predicted solver: SMTInterpol for benchmark ALIA/20230321-UltimateAutomizerSvcomp2023/sll2n_insert_unequal.i_36.smt2
[DEBUG] Benchmark ALIA/20230321-UltimateAutomizerSvcomp2023/sll2n_insert_unequal.i_36.smt2: solved=False, runtime=1200.00s, PAR-2=2400.00s
[DEBUG] Processing 768/1229: ALIA/20230321-UltimateAutomizerSvcomp2023/test_mutex_unlock_at_exit.i_7.smt2
[DEBUG] Predicted solver: SMTInterpol for benchmark ALIA/20230321-UltimateAutomizerSvcomp2023/test_mutex_unlock_at_exit.i_7.smt2
[DEBUG] Benchmark ALIA/20230321-UltimateAutomizerSvcomp2023/test_mutex_unlock_at_exit.i_7.smt2: solved=True, runtime=111.07s, PAR-2=111.07s
[DEBUG] Processing 769/1229: ALIA/20230321-UltimateAutomizerSvcomp2023/dll-token-1.i_3.smt2
[DEBUG] Predicted solver: SMTInterpol for benchmark ALIA/20230321-UltimateAutomizerSvcomp2023/dll-token-1.i_3.smt2
[DEBUG] Benchmark ALIA/20230321-UltimateAutomizerSvcomp2023/dll-token-1.i_3.smt2: solved=True, runtime=0.75s, PAR-2=0.75s
[DEBUG] Processing 770/1229: ALIA/20230321-UltimateAutomizerSvcomp2023/simple_and_skiplist_2lvl-2.i_59.smt2
[DEBUG] Predicted solver: SMTInterpol for benchmark ALIA/20230321-UltimateAutomizerSvcomp2023/simple_and_skiplist_2lvl-2.i_59.smt2
[DEBUG] Benchmark ALIA/20230321-UltimateAutomizerSvcomp2023/simple_and_skiplist_2lvl-2.i_59.smt2: solved=True, runtime=0.93s, PAR-2=0.93s
[DEBUG] Processing 771/1229: ALIA/20230321-UltimateAutomizerSvcomp2023/simple_built_from_end.i_46.smt2
[DEBUG] Predicted solver: cvc5 for benchmark ALIA/20230321-UltimateAutomizerSvcomp2023/simple_built_from_end.i_46.smt2
[DEBUG] Benchmark ALIA/20230321-UltimateAutomizerSvcomp2023/simple_built_from_end.i_46.smt2: solved=True, runtime=50.33s, PAR-2=50.33s
[DEBUG] Processing 772/1229: ALIA/20230321-UltimateAutomizerSvcomp2023/test-0237.i_13.smt2
[DEBUG] Predicted solver: SMTInterpol for benchmark ALIA/20230321-UltimateAutomizerSvcomp2023/test-0237.i_13.smt2
[DEBUG] Benchmark ALIA/20230321-UltimateAutomizerSvcomp2023/test-0237.i_13.smt2: solved=True, runtime=0.43s, PAR-2=0.43s
[DEBUG] Processing 773/1229: ALIA/20230321-UltimateAutomizerSvcomp2023/dll2c_update_all_reverse.i_136.smt2
[DEBUG] Predicted solver: SMTInterpol for benchmark ALIA/20230321-UltimateAutomizerSvcomp2023/dll2c_update_all_reverse.i_136.smt2
[DEBUG] Benchmark ALIA/20230321-UltimateAutomizerSvcomp2023/dll2c_update_all_reverse.i_136.smt2: solved=True, runtime=0.75s, PAR-2=0.75s
[DEBUG] Processing 774/1229: ALIA/20230321-UltimateAutomizerSvcomp2023/dll2n_append_unequal.i_20.smt2
[DEBUG] Predicted solver: SMTInterpol for benchmark ALIA/20230321-UltimateAutomizerSvcomp2023/dll2n_append_unequal.i_20.smt2
[DEBUG] Benchmark ALIA/20230321-UltimateAutomizerSvcomp2023/dll2n_append_unequal.i_20.smt2: solved=True, runtime=6.89s, PAR-2=6.89s
[DEBUG] Processing 775/1229: ALIA/20230321-UltimateAutomizerSvcomp2023/process_queue.i_9.smt2
[DEBUG] Predicted solver: SMTInterpol for benchmark ALIA/20230321-UltimateAutomizerSvcomp2023/process_queue.i_9.smt2
[DEBUG] Benchmark ALIA/20230321-UltimateAutomizerSvcomp2023/process_queue.i_9.smt2: solved=False, runtime=1200.00s, PAR-2=2400.00s
[DEBUG] Processing 776/1229: ALIA/20230321-UltimateAutomizerSvcomp2023/list_and_tree_cnstr-1.i_25.smt2
[DEBUG] Predicted solver: SMTInterpol for benchmark ALIA/20230321-UltimateAutomizerSvcomp2023/list_and_tree_cnstr-1.i_25.smt2
[DEBUG] Benchmark ALIA/20230321-UltimateAutomizerSvcomp2023/list_and_tree_cnstr-1.i_25.smt2: solved=True, runtime=7.20s, PAR-2=7.20s
[DEBUG] Processing 777/1229: ALIA/20230321-UltimateAutomizerSvcomp2023/alternating_list-1.i_4.smt2
[DEBUG] Predicted solver: SMTInterpol for benchmark ALIA/20230321-UltimateAutomizerSvcomp2023/alternating_list-1.i_4.smt2
[DEBUG] Benchmark ALIA/20230321-UltimateAutomizerSvcomp2023/alternating_list-1.i_4.smt2: solved=True, runtime=0.48s, PAR-2=0.48s
[DEBUG] Processing 778/1229: ALIA/20230321-UltimateAutomizerSvcomp2023/dll_circular_traversal-2.i_41.smt2
[DEBUG] Predicted solver: iProver for benchmark ALIA/20230321-UltimateAutomizerSvcomp2023/dll_circular_traversal-2.i_41.smt2
[DEBUG] Benchmark ALIA/20230321-UltimateAutomizerSvcomp2023/dll_circular_traversal-2.i_41.smt2: solved=True, runtime=25.99s, PAR-2=25.99s
[DEBUG] Processing 779/1229: ALIA/20230321-UltimateAutomizerSvcomp2023/sll2c_insert_unequal.i_23.smt2
[DEBUG] Predicted solver: SMTInterpol for benchmark ALIA/20230321-UltimateAutomizerSvcomp2023/sll2c_insert_unequal.i_23.smt2
[DEBUG] Benchmark ALIA/20230321-UltimateAutomizerSvcomp2023/sll2c_insert_unequal.i_23.smt2: solved=False, runtime=1200.00s, PAR-2=2400.00s
[DEBUG] Processing 780/1229: ALIA/20230321-UltimateAutomizerSvcomp2023/list-ext_flag_1.i_58.smt2
[DEBUG] Predicted solver: SMTInterpol for benchmark ALIA/20230321-UltimateAutomizerSvcomp2023/list-ext_flag_1.i_58.smt2
[DEBUG] Benchmark ALIA/20230321-UltimateAutomizerSvcomp2023/list-ext_flag_1.i_58.smt2: solved=True, runtime=0.52s, PAR-2=0.52s
[DEBUG] Processing 781/1229: ALIA/20230321-UltimateAutomizerSvcomp2023/dll2n_append_unequal.i_48.smt2
[DEBUG] Predicted solver: SMTInterpol for benchmark ALIA/20230321-UltimateAutomizerSvcomp2023/dll2n_append_unequal.i_48.smt2
[DEBUG] Benchmark ALIA/20230321-UltimateAutomizerSvcomp2023/dll2n_append_unequal.i_48.smt2: solved=True, runtime=7.69s, PAR-2=7.69s
[DEBUG] Processing 782/1229: ALIA/20230321-UltimateAutomizerSvcomp2023/length_test03-1.i_30.smt2
[DEBUG] Predicted solver: iProver for benchmark ALIA/20230321-UltimateAutomizerSvcomp2023/length_test03-1.i_30.smt2
[DEBUG] Benchmark ALIA/20230321-UltimateAutomizerSvcomp2023/length_test03-1.i_30.smt2: solved=True, runtime=3.36s, PAR-2=3.36s
[DEBUG] Processing 783/1229: ALIA/20230321-UltimateAutomizerSvcomp2023/dll2n_append_equal.i_19.smt2
[DEBUG] Predicted solver: cvc5 for benchmark ALIA/20230321-UltimateAutomizerSvcomp2023/dll2n_append_equal.i_19.smt2
[DEBUG] Benchmark ALIA/20230321-UltimateAutomizerSvcomp2023/dll2n_append_equal.i_19.smt2: solved=False, runtime=1200.00s, PAR-2=2400.00s
[DEBUG] Processing 784/1229: ALIA/20230321-UltimateAutomizerSvcomp2023/ex3_forlist.i_87.smt2
[DEBUG] Predicted solver: SMTInterpol for benchmark ALIA/20230321-UltimateAutomizerSvcomp2023/ex3_forlist.i_87.smt2
[DEBUG] Benchmark ALIA/20230321-UltimateAutomizerSvcomp2023/ex3_forlist.i_87.smt2: solved=True, runtime=0.49s, PAR-2=0.49s
[DEBUG] Processing 785/1229: ALIA/20230321-UltimateAutomizerSvcomp2023/dll2n_append_unequal.i_9.smt2
[DEBUG] Predicted solver: SMTInterpol for benchmark ALIA/20230321-UltimateAutomizerSvcomp2023/dll2n_append_unequal.i_9.smt2
[DEBUG] Benchmark ALIA/20230321-UltimateAutomizerSvcomp2023/dll2n_append_unequal.i_9.smt2: solved=True, runtime=0.48s, PAR-2=0.48s
[DEBUG] Processing 786/1229: ALIA/20230321-UltimateAutomizerSvcomp2023/list-ext_flag.i_104.smt2
[DEBUG] Predicted solver: SMTInterpol for benchmark ALIA/20230321-UltimateAutomizerSvcomp2023/list-ext_flag.i_104.smt2
[DEBUG] Benchmark ALIA/20230321-UltimateAutomizerSvcomp2023/list-ext_flag.i_104.smt2: solved=True, runtime=156.99s, PAR-2=156.99s
[DEBUG] Processing 787/1229: ALIA/20230321-UltimateAutomizerSvcomp2023/splice-2.i_59.smt2
[DEBUG] Predicted solver: SMTInterpol for benchmark ALIA/20230321-UltimateAutomizerSvcomp2023/splice-2.i_59.smt2
[DEBUG] Benchmark ALIA/20230321-UltimateAutomizerSvcomp2023/splice-2.i_59.smt2: solved=False, runtime=1200.00s, PAR-2=2400.00s
[DEBUG] Processing 788/1229: ALIA/20230321-UltimateAutomizerSvcomp2023/dll2c_update_all_reverse.i_121.smt2
[DEBUG] Predicted solver: SMTInterpol for benchmark ALIA/20230321-UltimateAutomizerSvcomp2023/dll2c_update_all_reverse.i_121.smt2
[DEBUG] Benchmark ALIA/20230321-UltimateAutomizerSvcomp2023/dll2c_update_all_reverse.i_121.smt2: solved=True, runtime=0.62s, PAR-2=0.62s
[DEBUG] Processing 789/1229: ALIA/20230321-UltimateAutomizerSvcomp2023/shared_mem1.i_22.smt2
[DEBUG] Predicted solver: cvc5 for benchmark ALIA/20230321-UltimateAutomizerSvcomp2023/shared_mem1.i_22.smt2
[DEBUG] Benchmark ALIA/20230321-UltimateAutomizerSvcomp2023/shared_mem1.i_22.smt2: solved=True, runtime=0.23s, PAR-2=0.23s
[DEBUG] Processing 790/1229: ALIA/20230321-UltimateAutomizerSvcomp2023/length_test03-1.i_70.smt2
[DEBUG] Predicted solver: SMTInterpol for benchmark ALIA/20230321-UltimateAutomizerSvcomp2023/length_test03-1.i_70.smt2
[DEBUG] Benchmark ALIA/20230321-UltimateAutomizerSvcomp2023/length_test03-1.i_70.smt2: solved=True, runtime=2.66s, PAR-2=2.66s
[DEBUG] Processing 791/1229: ALIA/20230321-UltimateAutomizerSvcomp2023/simple_and_skiplist_2lvl-2.i_52.smt2
[DEBUG] Predicted solver: SMTInterpol for benchmark ALIA/20230321-UltimateAutomizerSvcomp2023/simple_and_skiplist_2lvl-2.i_52.smt2
[DEBUG] Benchmark ALIA/20230321-UltimateAutomizerSvcomp2023/simple_and_skiplist_2lvl-2.i_52.smt2: solved=True, runtime=0.46s, PAR-2=0.46s
[DEBUG] Processing 792/1229: ALIA/20230321-UltimateAutomizerSvcomp2023/list_and_tree_cnstr-2.i_63.smt2
[DEBUG] Predicted solver: SMTInterpol for benchmark ALIA/20230321-UltimateAutomizerSvcomp2023/list_and_tree_cnstr-2.i_63.smt2
[DEBUG] Benchmark ALIA/20230321-UltimateAutomizerSvcomp2023/list_and_tree_cnstr-2.i_63.smt2: solved=True, runtime=2.22s, PAR-2=2.22s
[DEBUG] Processing 793/1229: ALIA/20230321-UltimateAutomizerSvcomp2023/dll2n_prepend_unequal.i_11.smt2
[DEBUG] Predicted solver: iProver for benchmark ALIA/20230321-UltimateAutomizerSvcomp2023/dll2n_prepend_unequal.i_11.smt2
[DEBUG] Benchmark ALIA/20230321-UltimateAutomizerSvcomp2023/dll2n_prepend_unequal.i_11.smt2: solved=True, runtime=36.49s, PAR-2=36.49s
[DEBUG] Processing 794/1229: ALIA/20230321-UltimateAutomizerSvcomp2023/list_and_tree_cnstr-1.i_13.smt2
[DEBUG] Predicted solver: SMTInterpol for benchmark ALIA/20230321-UltimateAutomizerSvcomp2023/list_and_tree_cnstr-1.i_13.smt2
[DEBUG] Benchmark ALIA/20230321-UltimateAutomizerSvcomp2023/list_and_tree_cnstr-1.i_13.smt2: solved=True, runtime=2.41s, PAR-2=2.41s
[DEBUG] Processing 795/1229: ALIA/20230321-UltimateAutomizerSvcomp2023/simple_and_skiplist_2lvl-2.i_19.smt2
[DEBUG] Predicted solver: SMTInterpol for benchmark ALIA/20230321-UltimateAutomizerSvcomp2023/simple_and_skiplist_2lvl-2.i_19.smt2
[DEBUG] Benchmark ALIA/20230321-UltimateAutomizerSvcomp2023/simple_and_skiplist_2lvl-2.i_19.smt2: solved=True, runtime=0.45s, PAR-2=0.45s
[DEBUG] Processing 796/1229: ALIA/20230321-UltimateAutomizerSvcomp2023/splice-2.i_124.smt2
[DEBUG] Predicted solver: SMTInterpol for benchmark ALIA/20230321-UltimateAutomizerSvcomp2023/splice-2.i_124.smt2
[DEBUG] Benchmark ALIA/20230321-UltimateAutomizerSvcomp2023/splice-2.i_124.smt2: solved=False, runtime=1200.00s, PAR-2=2400.00s
[DEBUG] Processing 797/1229: ALIA/20230321-UltimateAutomizerSvcomp2023/shared_mem1.i_26.smt2
[DEBUG] Predicted solver: SMTInterpol for benchmark ALIA/20230321-UltimateAutomizerSvcomp2023/shared_mem1.i_26.smt2
[DEBUG] Benchmark ALIA/20230321-UltimateAutomizerSvcomp2023/shared_mem1.i_26.smt2: solved=True, runtime=0.65s, PAR-2=0.65s
[DEBUG] Processing 798/1229: ALIA/20230321-UltimateAutomizerSvcomp2023/sll-sorted-2.i_63.smt2
[DEBUG] Predicted solver: SMTInterpol for benchmark ALIA/20230321-UltimateAutomizerSvcomp2023/sll-sorted-2.i_63.smt2
[DEBUG] Benchmark ALIA/20230321-UltimateAutomizerSvcomp2023/sll-sorted-2.i_63.smt2: solved=True, runtime=0.53s, PAR-2=0.53s
[DEBUG] Processing 799/1229: ALIA/20230321-UltimateAutomizerSvcomp2023/dll-token-1.i_20.smt2
[DEBUG] Predicted solver: iProver for benchmark ALIA/20230321-UltimateAutomizerSvcomp2023/dll-token-1.i_20.smt2
[DEBUG] Benchmark ALIA/20230321-UltimateAutomizerSvcomp2023/dll-token-1.i_20.smt2: solved=True, runtime=2.40s, PAR-2=2.40s
[DEBUG] Processing 800/1229: ALIA/20230321-UltimateAutomizerSvcomp2023/dll_circular_traversal-2.i_6.smt2
[DEBUG] Predicted solver: SMTInterpol for benchmark ALIA/20230321-UltimateAutomizerSvcomp2023/dll_circular_traversal-2.i_6.smt2
[DEBUG] Benchmark ALIA/20230321-UltimateAutomizerSvcomp2023/dll_circular_traversal-2.i_6.smt2: solved=True, runtime=0.45s, PAR-2=0.45s
[DEBUG] Processing 801/1229: ALIA/20230321-UltimateAutomizerSvcomp2023/sll2c_prepend_unequal.i_91.smt2
[DEBUG] Predicted solver: SMTInterpol for benchmark ALIA/20230321-UltimateAutomizerSvcomp2023/sll2c_prepend_unequal.i_91.smt2
[DEBUG] Benchmark ALIA/20230321-UltimateAutomizerSvcomp2023/sll2c_prepend_unequal.i_91.smt2: solved=False, runtime=1200.00s, PAR-2=2400.00s
[DEBUG] Processing 802/1229: ALIA/20230321-UltimateAutomizerSvcomp2023/sll-sorted-2.i_21.smt2
[DEBUG] Predicted solver: SMTInterpol for benchmark ALIA/20230321-UltimateAutomizerSvcomp2023/sll-sorted-2.i_21.smt2
[DEBUG] Benchmark ALIA/20230321-UltimateAutomizerSvcomp2023/sll-sorted-2.i_21.smt2: solved=True, runtime=2.58s, PAR-2=2.58s
[DEBUG] Processing 803/1229: ALIA/20230321-UltimateAutomizerSvcomp2023/simple_built_from_end.i_60.smt2
[DEBUG] Predicted solver: SMTInterpol for benchmark ALIA/20230321-UltimateAutomizerSvcomp2023/simple_built_from_end.i_60.smt2
[DEBUG] Benchmark ALIA/20230321-UltimateAutomizerSvcomp2023/simple_built_from_end.i_60.smt2: solved=True, runtime=0.60s, PAR-2=0.60s
[DEBUG] Processing 804/1229: ALIA/20230321-UltimateAutomizerSvcomp2023/test_mutex_double_unlock.i_34.smt2
[DEBUG] Predicted solver: cvc5 for benchmark ALIA/20230321-UltimateAutomizerSvcomp2023/test_mutex_double_unlock.i_34.smt2
[DEBUG] Benchmark ALIA/20230321-UltimateAutomizerSvcomp2023/test_mutex_double_unlock.i_34.smt2: solved=False, runtime=1200.00s, PAR-2=2400.00s
[DEBUG] Processing 805/1229: ALIA/20230321-UltimateAutomizerSvcomp2023/dll2c_insert_equal.i_64.smt2
[DEBUG] Predicted solver: SMTInterpol for benchmark ALIA/20230321-UltimateAutomizerSvcomp2023/dll2c_insert_equal.i_64.smt2
[DEBUG] Benchmark ALIA/20230321-UltimateAutomizerSvcomp2023/dll2c_insert_equal.i_64.smt2: solved=True, runtime=872.30s, PAR-2=872.30s
[DEBUG] Processing 806/1229: ALIA/20230321-UltimateAutomizerSvcomp2023/ex3_forlist.i_140.smt2
[DEBUG] Predicted solver: SMTInterpol for benchmark ALIA/20230321-UltimateAutomizerSvcomp2023/ex3_forlist.i_140.smt2
[DEBUG] Benchmark ALIA/20230321-UltimateAutomizerSvcomp2023/ex3_forlist.i_140.smt2: solved=True, runtime=0.45s, PAR-2=0.45s
[DEBUG] Processing 807/1229: ALIA/20230321-UltimateAutomizerSvcomp2023/length_test03-1.i_139.smt2
[DEBUG] Predicted solver: SMTInterpol for benchmark ALIA/20230321-UltimateAutomizerSvcomp2023/length_test03-1.i_139.smt2
[DEBUG] Benchmark ALIA/20230321-UltimateAutomizerSvcomp2023/length_test03-1.i_139.smt2: solved=False, runtime=1200.00s, PAR-2=2400.00s
[DEBUG] Processing 808/1229: ALIA/20230321-UltimateAutomizerSvcomp2023/dll2c_update_all_reverse.i_164.smt2
[DEBUG] Predicted solver: SMTInterpol for benchmark ALIA/20230321-UltimateAutomizerSvcomp2023/dll2c_update_all_reverse.i_164.smt2
[DEBUG] Benchmark ALIA/20230321-UltimateAutomizerSvcomp2023/dll2c_update_all_reverse.i_164.smt2: solved=True, runtime=0.61s, PAR-2=0.61s
[DEBUG] Processing 809/1229: ALIA/20230321-UltimateAutomizerSvcomp2023/sll2n_append_equal.i_3.smt2
[DEBUG] Predicted solver: SMTInterpol for benchmark ALIA/20230321-UltimateAutomizerSvcomp2023/sll2n_append_equal.i_3.smt2
[DEBUG] Benchmark ALIA/20230321-UltimateAutomizerSvcomp2023/sll2n_append_equal.i_3.smt2: solved=True, runtime=0.46s, PAR-2=0.46s
[DEBUG] Processing 810/1229: ALIA/20230321-UltimateAutomizerSvcomp2023/length_test03-1.i_108.smt2
[DEBUG] Predicted solver: iProver for benchmark ALIA/20230321-UltimateAutomizerSvcomp2023/length_test03-1.i_108.smt2
[DEBUG] Benchmark ALIA/20230321-UltimateAutomizerSvcomp2023/length_test03-1.i_108.smt2: solved=True, runtime=3.36s, PAR-2=3.36s
[DEBUG] Processing 811/1229: ALIA/20230321-UltimateAutomizerSvcomp2023/tree_parent_ptr.i_2.smt2
[DEBUG] Predicted solver: SMTInterpol for benchmark ALIA/20230321-UltimateAutomizerSvcomp2023/tree_parent_ptr.i_2.smt2
[DEBUG] Benchmark ALIA/20230321-UltimateAutomizerSvcomp2023/tree_parent_ptr.i_2.smt2: solved=True, runtime=0.46s, PAR-2=0.46s
[DEBUG] Processing 812/1229: ALIA/20230321-UltimateAutomizerSvcomp2023/sll2c_insert_equal.i_0.smt2
[DEBUG] Predicted solver: SMTInterpol for benchmark ALIA/20230321-UltimateAutomizerSvcomp2023/sll2c_insert_equal.i_0.smt2
[DEBUG] Benchmark ALIA/20230321-UltimateAutomizerSvcomp2023/sll2c_insert_equal.i_0.smt2: solved=True, runtime=0.42s, PAR-2=0.42s
[DEBUG] Processing 813/1229: ALIA/20230321-UltimateAutomizerSvcomp2023/list-ext_flag_1.i_9.smt2
[DEBUG] Predicted solver: SMTInterpol for benchmark ALIA/20230321-UltimateAutomizerSvcomp2023/list-ext_flag_1.i_9.smt2
[DEBUG] Benchmark ALIA/20230321-UltimateAutomizerSvcomp2023/list-ext_flag_1.i_9.smt2: solved=True, runtime=0.66s, PAR-2=0.66s
[DEBUG] Processing 814/1229: ALIA/20230321-UltimateAutomizerSvcomp2023/skiplist_3lvl.i_98.smt2
[DEBUG] Predicted solver: SMTInterpol for benchmark ALIA/20230321-UltimateAutomizerSvcomp2023/skiplist_3lvl.i_98.smt2
[DEBUG] Benchmark ALIA/20230321-UltimateAutomizerSvcomp2023/skiplist_3lvl.i_98.smt2: solved=False, runtime=1200.00s, PAR-2=2400.00s
[DEBUG] Processing 815/1229: ALIA/20230321-UltimateAutomizerSvcomp2023/sll2n_insert_equal.i_2.smt2
[DEBUG] Predicted solver: SMTInterpol for benchmark ALIA/20230321-UltimateAutomizerSvcomp2023/sll2n_insert_equal.i_2.smt2
[DEBUG] Benchmark ALIA/20230321-UltimateAutomizerSvcomp2023/sll2n_insert_equal.i_2.smt2: solved=True, runtime=0.45s, PAR-2=0.45s
[DEBUG] Processing 816/1229: ALIA/20230321-UltimateAutomizerSvcomp2023/prefixsum_rec.c_20.smt2
[DEBUG] Predicted solver: SMTInterpol for benchmark ALIA/20230321-UltimateAutomizerSvcomp2023/prefixsum_rec.c_20.smt2
[DEBUG] Benchmark ALIA/20230321-UltimateAutomizerSvcomp2023/prefixsum_rec.c_20.smt2: solved=True, runtime=0.46s, PAR-2=0.46s
[DEBUG] Processing 817/1229: ALIA/20230321-UltimateAutomizerSvcomp2023/dancing.i_2.smt2
[DEBUG] Predicted solver: SMTInterpol for benchmark ALIA/20230321-UltimateAutomizerSvcomp2023/dancing.i_2.smt2
[DEBUG] Benchmark ALIA/20230321-UltimateAutomizerSvcomp2023/dancing.i_2.smt2: solved=True, runtime=0.55s, PAR-2=0.55s
[DEBUG] Processing 818/1229: ALIA/20230321-UltimateAutomizerSvcomp2023/sll2c_prepend_unequal.i_2.smt2
[DEBUG] Predicted solver: SMTInterpol for benchmark ALIA/20230321-UltimateAutomizerSvcomp2023/sll2c_prepend_unequal.i_2.smt2
[DEBUG] Benchmark ALIA/20230321-UltimateAutomizerSvcomp2023/sll2c_prepend_unequal.i_2.smt2: solved=True, runtime=0.46s, PAR-2=0.46s
[DEBUG] Processing 819/1229: ALIA/20230321-UltimateAutomizerSvcomp2023/shared_mem1.i_96.smt2
[DEBUG] Predicted solver: SMTInterpol for benchmark ALIA/20230321-UltimateAutomizerSvcomp2023/shared_mem1.i_96.smt2
[DEBUG] Benchmark ALIA/20230321-UltimateAutomizerSvcomp2023/shared_mem1.i_96.smt2: solved=True, runtime=0.54s, PAR-2=0.54s
[DEBUG] Processing 820/1229: ALIA/20230321-UltimateAutomizerSvcomp2023/sll2c_prepend_equal.i_36.smt2
[DEBUG] Predicted solver: SMTInterpol for benchmark ALIA/20230321-UltimateAutomizerSvcomp2023/sll2c_prepend_equal.i_36.smt2
[DEBUG] Benchmark ALIA/20230321-UltimateAutomizerSvcomp2023/sll2c_prepend_equal.i_36.smt2: solved=False, runtime=1200.00s, PAR-2=2400.00s
[DEBUG] Processing 821/1229: ALIA/20230321-UltimateAutomizerSvcomp2023/tree_cnstr.i_7.smt2
[DEBUG] Predicted solver: SMTInterpol for benchmark ALIA/20230321-UltimateAutomizerSvcomp2023/tree_cnstr.i_7.smt2
[DEBUG] Benchmark ALIA/20230321-UltimateAutomizerSvcomp2023/tree_cnstr.i_7.smt2: solved=True, runtime=0.43s, PAR-2=0.43s
[DEBUG] Processing 822/1229: ALIA/20230321-UltimateAutomizerSvcomp2023/dll2c_remove_all.i_15.smt2
[DEBUG] Predicted solver: SMTInterpol for benchmark ALIA/20230321-UltimateAutomizerSvcomp2023/dll2c_remove_all.i_15.smt2
[DEBUG] Benchmark ALIA/20230321-UltimateAutomizerSvcomp2023/dll2c_remove_all.i_15.smt2: solved=False, runtime=1200.00s, PAR-2=2400.00s
[DEBUG] Processing 823/1229: ALIA/20230321-UltimateAutomizerSvcomp2023/simple_and_skiplist_2lvl-2.i_56.smt2
[DEBUG] Predicted solver: SMTInterpol for benchmark ALIA/20230321-UltimateAutomizerSvcomp2023/simple_and_skiplist_2lvl-2.i_56.smt2
[DEBUG] Benchmark ALIA/20230321-UltimateAutomizerSvcomp2023/simple_and_skiplist_2lvl-2.i_56.smt2: solved=True, runtime=0.47s, PAR-2=0.47s
[DEBUG] Processing 824/1229: ALIA/20230321-UltimateAutomizerSvcomp2023/length_test03-1.i_8.smt2
[DEBUG] Predicted solver: SMTInterpol for benchmark ALIA/20230321-UltimateAutomizerSvcomp2023/length_test03-1.i_8.smt2
[DEBUG] Benchmark ALIA/20230321-UltimateAutomizerSvcomp2023/length_test03-1.i_8.smt2: solved=True, runtime=0.43s, PAR-2=0.43s
[DEBUG] Processing 825/1229: ALIA/20230321-UltimateAutomizerSvcomp2023/length_test03-1.i_190.smt2
[DEBUG] Predicted solver: cvc5 for benchmark ALIA/20230321-UltimateAutomizerSvcomp2023/length_test03-1.i_190.smt2
[DEBUG] Benchmark ALIA/20230321-UltimateAutomizerSvcomp2023/length_test03-1.i_190.smt2: solved=False, runtime=1200.00s, PAR-2=2400.00s
[DEBUG] Processing 826/1229: ALIA/20230321-UltimateAutomizerSvcomp2023/dll2c_append_unequal.i_6.smt2
[DEBUG] Predicted solver: SMTInterpol for benchmark ALIA/20230321-UltimateAutomizerSvcomp2023/dll2c_append_unequal.i_6.smt2
[DEBUG] Benchmark ALIA/20230321-UltimateAutomizerSvcomp2023/dll2c_append_unequal.i_6.smt2: solved=True, runtime=0.43s, PAR-2=0.43s
[DEBUG] Processing 827/1229: ALIA/20230321-UltimateAutomizerSvcomp2023/dll_circular_traversal-2.i_109.smt2
[DEBUG] Predicted solver: SMTInterpol for benchmark ALIA/20230321-UltimateAutomizerSvcomp2023/dll_circular_traversal-2.i_109.smt2
[DEBUG] Benchmark ALIA/20230321-UltimateAutomizerSvcomp2023/dll_circular_traversal-2.i_109.smt2: solved=False, runtime=1200.00s, PAR-2=2400.00s
[DEBUG] Processing 828/1229: ALIA/20230321-UltimateAutomizerSvcomp2023/tree_cnstr.i_1.smt2
[DEBUG] Predicted solver: SMTInterpol for benchmark ALIA/20230321-UltimateAutomizerSvcomp2023/tree_cnstr.i_1.smt2
[DEBUG] Benchmark ALIA/20230321-UltimateAutomizerSvcomp2023/tree_cnstr.i_1.smt2: solved=True, runtime=0.44s, PAR-2=0.44s
[DEBUG] Processing 829/1229: ALIA/20230321-UltimateAutomizerSvcomp2023/sll_to_dll_rev-2.i_82.smt2
[DEBUG] Predicted solver: cvc5 for benchmark ALIA/20230321-UltimateAutomizerSvcomp2023/sll_to_dll_rev-2.i_82.smt2
[DEBUG] Benchmark ALIA/20230321-UltimateAutomizerSvcomp2023/sll_to_dll_rev-2.i_82.smt2: solved=True, runtime=0.26s, PAR-2=0.26s
[DEBUG] Processing 830/1229: ALIA/20230321-UltimateAutomizerSvcomp2023/test_mutex_unlock_at_exit.i_38.smt2
[DEBUG] Predicted solver: SMTInterpol for benchmark ALIA/20230321-UltimateAutomizerSvcomp2023/test_mutex_unlock_at_exit.i_38.smt2
[DEBUG] Benchmark ALIA/20230321-UltimateAutomizerSvcomp2023/test_mutex_unlock_at_exit.i_38.smt2: solved=False, runtime=1200.00s, PAR-2=2400.00s
[DEBUG] Processing 831/1229: ALIA/20230321-UltimateAutomizerSvcomp2023/list_search-2.i_5.smt2
[DEBUG] Predicted solver: SMTInterpol for benchmark ALIA/20230321-UltimateAutomizerSvcomp2023/list_search-2.i_5.smt2
[DEBUG] Benchmark ALIA/20230321-UltimateAutomizerSvcomp2023/list_search-2.i_5.smt2: solved=True, runtime=0.45s, PAR-2=0.45s
[DEBUG] Processing 832/1229: ALIA/20230321-UltimateAutomizerSvcomp2023/test_mutex_unlock_at_exit.i_21.smt2
[DEBUG] Predicted solver: SMTInterpol for benchmark ALIA/20230321-UltimateAutomizerSvcomp2023/test_mutex_unlock_at_exit.i_21.smt2
[DEBUG] Benchmark ALIA/20230321-UltimateAutomizerSvcomp2023/test_mutex_unlock_at_exit.i_21.smt2: solved=True, runtime=36.81s, PAR-2=36.81s
[DEBUG] Processing 833/1229: ALIA/20230321-UltimateAutomizerSvcomp2023/dll_circular_traversal-2.i_40.smt2
[DEBUG] Predicted solver: iProver for benchmark ALIA/20230321-UltimateAutomizerSvcomp2023/dll_circular_traversal-2.i_40.smt2
[DEBUG] Benchmark ALIA/20230321-UltimateAutomizerSvcomp2023/dll_circular_traversal-2.i_40.smt2: solved=True, runtime=0.85s, PAR-2=0.85s
[DEBUG] Processing 834/1229: ALIA/20230321-UltimateAutomizerSvcomp2023/sll2n_update_all.i_51.smt2
[DEBUG] Predicted solver: SMTInterpol for benchmark ALIA/20230321-UltimateAutomizerSvcomp2023/sll2n_update_all.i_51.smt2
[DEBUG] Benchmark ALIA/20230321-UltimateAutomizerSvcomp2023/sll2n_update_all.i_51.smt2: solved=True, runtime=0.44s, PAR-2=0.44s
[DEBUG] Processing 835/1229: ALIA/20230321-UltimateAutomizerSvcomp2023/shared_mem1.i_66.smt2
[DEBUG] Predicted solver: cvc5 for benchmark ALIA/20230321-UltimateAutomizerSvcomp2023/shared_mem1.i_66.smt2
[DEBUG] Benchmark ALIA/20230321-UltimateAutomizerSvcomp2023/shared_mem1.i_66.smt2: solved=True, runtime=0.24s, PAR-2=0.24s
[DEBUG] Processing 836/1229: ALIA/20230321-UltimateAutomizerSvcomp2023/ex3_forlist.i_24.smt2
[DEBUG] Predicted solver: SMTInterpol for benchmark ALIA/20230321-UltimateAutomizerSvcomp2023/ex3_forlist.i_24.smt2
[DEBUG] Benchmark ALIA/20230321-UltimateAutomizerSvcomp2023/ex3_forlist.i_24.smt2: solved=True, runtime=0.46s, PAR-2=0.46s
[DEBUG] Processing 837/1229: ALIA/20230321-UltimateAutomizerSvcomp2023/simple_search_value-1.i_72.smt2
[DEBUG] Predicted solver: SMTInterpol for benchmark ALIA/20230321-UltimateAutomizerSvcomp2023/simple_search_value-1.i_72.smt2
[DEBUG] Benchmark ALIA/20230321-UltimateAutomizerSvcomp2023/simple_search_value-1.i_72.smt2: solved=True, runtime=108.95s, PAR-2=108.95s
[DEBUG] Processing 838/1229: ALIA/20230321-UltimateAutomizerSvcomp2023/sll_to_dll_rev-2.i_136.smt2
[DEBUG] Predicted solver: SMTInterpol for benchmark ALIA/20230321-UltimateAutomizerSvcomp2023/sll_to_dll_rev-2.i_136.smt2
[DEBUG] Benchmark ALIA/20230321-UltimateAutomizerSvcomp2023/sll_to_dll_rev-2.i_136.smt2: solved=True, runtime=0.47s, PAR-2=0.47s
[DEBUG] Processing 839/1229: ALIA/20230321-UltimateAutomizerSvcomp2023/ex3_forlist.i_10.smt2
[DEBUG] Predicted solver: SMTInterpol for benchmark ALIA/20230321-UltimateAutomizerSvcomp2023/ex3_forlist.i_10.smt2
[DEBUG] Benchmark ALIA/20230321-UltimateAutomizerSvcomp2023/ex3_forlist.i_10.smt2: solved=True, runtime=0.49s, PAR-2=0.49s
[DEBUG] Processing 840/1229: ALIA/20230321-UltimateAutomizerSvcomp2023/dll_circular_traversal-2.i_129.smt2
[DEBUG] Predicted solver: SMTInterpol for benchmark ALIA/20230321-UltimateAutomizerSvcomp2023/dll_circular_traversal-2.i_129.smt2
[DEBUG] Benchmark ALIA/20230321-UltimateAutomizerSvcomp2023/dll_circular_traversal-2.i_129.smt2: solved=False, runtime=1200.00s, PAR-2=2400.00s
[DEBUG] Processing 841/1229: ALIA/20230321-UltimateAutomizerSvcomp2023/sll2c_prepend_equal.i_23.smt2
[DEBUG] Predicted solver: SMTInterpol for benchmark ALIA/20230321-UltimateAutomizerSvcomp2023/sll2c_prepend_equal.i_23.smt2
[DEBUG] Benchmark ALIA/20230321-UltimateAutomizerSvcomp2023/sll2c_prepend_equal.i_23.smt2: solved=False, runtime=1200.00s, PAR-2=2400.00s
[DEBUG] Processing 842/1229: ALIA/piVC/piVC_5cee0c.smt2
[DEBUG] Predicted solver: SMTInterpol for benchmark ALIA/piVC/piVC_5cee0c.smt2
[DEBUG] Benchmark ALIA/piVC/piVC_5cee0c.smt2: solved=True, runtime=3.79s, PAR-2=3.79s
[DEBUG] Processing 843/1229: ALIA/20230321-UltimateAutomizerSvcomp2023/length_test03-1.i_15.smt2
[DEBUG] Predicted solver: SMTInterpol for benchmark ALIA/20230321-UltimateAutomizerSvcomp2023/length_test03-1.i_15.smt2
[DEBUG] Benchmark ALIA/20230321-UltimateAutomizerSvcomp2023/length_test03-1.i_15.smt2: solved=False, runtime=1200.00s, PAR-2=2400.00s
[DEBUG] Processing 844/1229: ALIA/20230321-UltimateAutomizerSvcomp2023/simple_search_value-1.i_37.smt2
[DEBUG] Predicted solver: SMTInterpol for benchmark ALIA/20230321-UltimateAutomizerSvcomp2023/simple_search_value-1.i_37.smt2
[DEBUG] Benchmark ALIA/20230321-UltimateAutomizerSvcomp2023/simple_search_value-1.i_37.smt2: solved=False, runtime=1200.00s, PAR-2=2400.00s
[DEBUG] Processing 845/1229: ALIA/20230321-UltimateAutomizerSvcomp2023/splice-2.i_125.smt2
[DEBUG] Predicted solver: SMTInterpol for benchmark ALIA/20230321-UltimateAutomizerSvcomp2023/splice-2.i_125.smt2
[DEBUG] Benchmark ALIA/20230321-UltimateAutomizerSvcomp2023/splice-2.i_125.smt2: solved=False, runtime=1200.00s, PAR-2=2400.00s
[DEBUG] Processing 846/1229: ALIA/20230321-UltimateAutomizerSvcomp2023/skiplist_3lvl.i_64.smt2
[DEBUG] Predicted solver: SMTInterpol for benchmark ALIA/20230321-UltimateAutomizerSvcomp2023/skiplist_3lvl.i_64.smt2
[DEBUG] Benchmark ALIA/20230321-UltimateAutomizerSvcomp2023/skiplist_3lvl.i_64.smt2: solved=True, runtime=0.88s, PAR-2=0.88s
[DEBUG] Processing 847/1229: ALIA/20230321-UltimateAutomizerSvcomp2023/sll2c_insert_equal.i_3.smt2
[DEBUG] Predicted solver: SMTInterpol for benchmark ALIA/20230321-UltimateAutomizerSvcomp2023/sll2c_insert_equal.i_3.smt2
[DEBUG] Benchmark ALIA/20230321-UltimateAutomizerSvcomp2023/sll2c_insert_equal.i_3.smt2: solved=True, runtime=0.46s, PAR-2=0.46s
[DEBUG] Processing 848/1229: ALIA/20230321-UltimateAutomizerSvcomp2023/dll2c_update_all_reverse.i_145.smt2
[DEBUG] Predicted solver: SMTInterpol for benchmark ALIA/20230321-UltimateAutomizerSvcomp2023/dll2c_update_all_reverse.i_145.smt2
[DEBUG] Benchmark ALIA/20230321-UltimateAutomizerSvcomp2023/dll2c_update_all_reverse.i_145.smt2: solved=True, runtime=0.75s, PAR-2=0.75s
[DEBUG] Processing 849/1229: ALIA/20230321-UltimateAutomizerSvcomp2023/length_test03-1.i_177.smt2
[DEBUG] Predicted solver: SMTInterpol for benchmark ALIA/20230321-UltimateAutomizerSvcomp2023/length_test03-1.i_177.smt2
[DEBUG] Benchmark ALIA/20230321-UltimateAutomizerSvcomp2023/length_test03-1.i_177.smt2: solved=True, runtime=4.30s, PAR-2=4.30s
[DEBUG] Processing 850/1229: ALIA/20230321-UltimateAutomizerSvcomp2023/shared_mem1.i_95.smt2
[DEBUG] Predicted solver: SMTInterpol for benchmark ALIA/20230321-UltimateAutomizerSvcomp2023/shared_mem1.i_95.smt2
[DEBUG] Benchmark ALIA/20230321-UltimateAutomizerSvcomp2023/shared_mem1.i_95.smt2: solved=True, runtime=0.57s, PAR-2=0.57s
[DEBUG] Processing 851/1229: ALIA/20230321-UltimateAutomizerSvcomp2023/test_add-2.i_95.smt2
[DEBUG] Predicted solver: cvc5 for benchmark ALIA/20230321-UltimateAutomizerSvcomp2023/test_add-2.i_95.smt2
[DEBUG] Benchmark ALIA/20230321-UltimateAutomizerSvcomp2023/test_add-2.i_95.smt2: solved=True, runtime=0.25s, PAR-2=0.25s
[DEBUG] Processing 852/1229: ALIA/20230321-UltimateAutomizerSvcomp2023/sll2n_insert_unequal.i_35.smt2
[DEBUG] Predicted solver: SMTInterpol for benchmark ALIA/20230321-UltimateAutomizerSvcomp2023/sll2n_insert_unequal.i_35.smt2
[DEBUG] Benchmark ALIA/20230321-UltimateAutomizerSvcomp2023/sll2n_insert_unequal.i_35.smt2: solved=True, runtime=181.03s, PAR-2=181.03s
[DEBUG] Processing 853/1229: ALIA/20230321-UltimateAutomizerSvcomp2023/simple-2.i_24.smt2
[DEBUG] Predicted solver: SMTInterpol for benchmark ALIA/20230321-UltimateAutomizerSvcomp2023/simple-2.i_24.smt2
[DEBUG] Benchmark ALIA/20230321-UltimateAutomizerSvcomp2023/simple-2.i_24.smt2: solved=True, runtime=0.47s, PAR-2=0.47s
[DEBUG] Processing 854/1229: ALIA/20230321-UltimateAutomizerSvcomp2023/test_mutex_double_unlock.i_21.smt2
[DEBUG] Predicted solver: cvc5 for benchmark ALIA/20230321-UltimateAutomizerSvcomp2023/test_mutex_double_unlock.i_21.smt2
[DEBUG] Benchmark ALIA/20230321-UltimateAutomizerSvcomp2023/test_mutex_double_unlock.i_21.smt2: solved=True, runtime=0.91s, PAR-2=0.91s
[DEBUG] Processing 855/1229: ALIA/20230321-UltimateAutomizerSvcomp2023/sll2c_prepend_equal.i_46.smt2
[DEBUG] Predicted solver: SMTInterpol for benchmark ALIA/20230321-UltimateAutomizerSvcomp2023/sll2c_prepend_equal.i_46.smt2
[DEBUG] Benchmark ALIA/20230321-UltimateAutomizerSvcomp2023/sll2c_prepend_equal.i_46.smt2: solved=True, runtime=0.44s, PAR-2=0.44s
[DEBUG] Processing 856/1229: ALIA/20230321-UltimateAutomizerSvcomp2023/bubble_sort_linux-1.i_55.smt2
[DEBUG] Predicted solver: SMTInterpol for benchmark ALIA/20230321-UltimateAutomizerSvcomp2023/bubble_sort_linux-1.i_55.smt2
[DEBUG] Benchmark ALIA/20230321-UltimateAutomizerSvcomp2023/bubble_sort_linux-1.i_55.smt2: solved=True, runtime=2.58s, PAR-2=2.58s
[DEBUG] Processing 857/1229: ALIA/20230321-UltimateAutomizerSvcomp2023/length_test03-1.i_186.smt2
[DEBUG] Predicted solver: SMTInterpol for benchmark ALIA/20230321-UltimateAutomizerSvcomp2023/length_test03-1.i_186.smt2
[DEBUG] Benchmark ALIA/20230321-UltimateAutomizerSvcomp2023/length_test03-1.i_186.smt2: solved=True, runtime=115.85s, PAR-2=115.85s
[DEBUG] Processing 858/1229: ALIA/20230321-UltimateAutomizerSvcomp2023/sll2c_prepend_unequal.i_26.smt2
[DEBUG] Predicted solver: SMTInterpol for benchmark ALIA/20230321-UltimateAutomizerSvcomp2023/sll2c_prepend_unequal.i_26.smt2
[DEBUG] Benchmark ALIA/20230321-UltimateAutomizerSvcomp2023/sll2c_prepend_unequal.i_26.smt2: solved=False, runtime=1200.00s, PAR-2=2400.00s
[DEBUG] Processing 859/1229: ALIA/20230321-UltimateAutomizerSvcomp2023/dll2c_insert_unequal.i_32.smt2
[DEBUG] Predicted solver: SMTInterpol for benchmark ALIA/20230321-UltimateAutomizerSvcomp2023/dll2c_insert_unequal.i_32.smt2
[DEBUG] Benchmark ALIA/20230321-UltimateAutomizerSvcomp2023/dll2c_insert_unequal.i_32.smt2: solved=False, runtime=1200.00s, PAR-2=2400.00s
[DEBUG] Processing 860/1229: ALIA/20230321-UltimateAutomizerSvcomp2023/shared_mem1.i_89.smt2
[DEBUG] Predicted solver: SMTInterpol for benchmark ALIA/20230321-UltimateAutomizerSvcomp2023/shared_mem1.i_89.smt2
[DEBUG] Benchmark ALIA/20230321-UltimateAutomizerSvcomp2023/shared_mem1.i_89.smt2: solved=True, runtime=0.61s, PAR-2=0.61s
[DEBUG] Processing 861/1229: ALIA/20230321-UltimateAutomizerSvcomp2023/dll-token-1.i_16.smt2
[DEBUG] Predicted solver: iProver for benchmark ALIA/20230321-UltimateAutomizerSvcomp2023/dll-token-1.i_16.smt2
[DEBUG] Benchmark ALIA/20230321-UltimateAutomizerSvcomp2023/dll-token-1.i_16.smt2: solved=True, runtime=1123.21s, PAR-2=1123.21s
[DEBUG] Processing 862/1229: ALIA/20230321-UltimateAutomizerSvcomp2023/sll_circular_traversal-1.i_14.smt2
[DEBUG] Predicted solver: SMTInterpol for benchmark ALIA/20230321-UltimateAutomizerSvcomp2023/sll_circular_traversal-1.i_14.smt2
[DEBUG] Benchmark ALIA/20230321-UltimateAutomizerSvcomp2023/sll_circular_traversal-1.i_14.smt2: solved=False, runtime=1200.00s, PAR-2=2400.00s
[DEBUG] Processing 863/1229: ALIA/20230321-UltimateAutomizerSvcomp2023/sll2n_append_equal.i_0.smt2
[DEBUG] Predicted solver: SMTInterpol for benchmark ALIA/20230321-UltimateAutomizerSvcomp2023/sll2n_append_equal.i_0.smt2
[DEBUG] Benchmark ALIA/20230321-UltimateAutomizerSvcomp2023/sll2n_append_equal.i_0.smt2: solved=True, runtime=0.46s, PAR-2=0.46s
[DEBUG] Processing 864/1229: ALIA/20230321-UltimateAutomizerSvcomp2023/simple-ext_1.i_34.smt2
[DEBUG] Predicted solver: SMTInterpol for benchmark ALIA/20230321-UltimateAutomizerSvcomp2023/simple-ext_1.i_34.smt2
[DEBUG] Benchmark ALIA/20230321-UltimateAutomizerSvcomp2023/simple-ext_1.i_34.smt2: solved=True, runtime=0.63s, PAR-2=0.63s
[DEBUG] Processing 865/1229: ALIA/20230321-UltimateAutomizerSvcomp2023/sll_to_dll_rev-2.i_124.smt2
[DEBUG] Predicted solver: cvc5 for benchmark ALIA/20230321-UltimateAutomizerSvcomp2023/sll_to_dll_rev-2.i_124.smt2
[DEBUG] Benchmark ALIA/20230321-UltimateAutomizerSvcomp2023/sll_to_dll_rev-2.i_124.smt2: solved=True, runtime=0.22s, PAR-2=0.22s
[DEBUG] Processing 866/1229: ALIA/20230321-UltimateAutomizerSvcomp2023/sll2n_append_equal.i_46.smt2
[DEBUG] Predicted solver: SMTInterpol for benchmark ALIA/20230321-UltimateAutomizerSvcomp2023/sll2n_append_equal.i_46.smt2
[DEBUG] Benchmark ALIA/20230321-UltimateAutomizerSvcomp2023/sll2n_append_equal.i_46.smt2: solved=True, runtime=0.48s, PAR-2=0.48s
[DEBUG] Processing 867/1229: ALIA/20230321-UltimateAutomizerSvcomp2023/dll-reverse.i_39.smt2
[DEBUG] Predicted solver: cvc5 for benchmark ALIA/20230321-UltimateAutomizerSvcomp2023/dll-reverse.i_39.smt2
[DEBUG] Benchmark ALIA/20230321-UltimateAutomizerSvcomp2023/dll-reverse.i_39.smt2: solved=True, runtime=0.24s, PAR-2=0.24s
[DEBUG] Processing 868/1229: ALIA/20230321-UltimateAutomizerSvcomp2023/sll_circular_traversal-1.i_71.smt2
[DEBUG] Predicted solver: SMTInterpol for benchmark ALIA/20230321-UltimateAutomizerSvcomp2023/sll_circular_traversal-1.i_71.smt2
[DEBUG] Benchmark ALIA/20230321-UltimateAutomizerSvcomp2023/sll_circular_traversal-1.i_71.smt2: solved=False, runtime=1200.00s, PAR-2=2400.00s
[DEBUG] Processing 869/1229: ALIA/20230321-UltimateAutomizerSvcomp2023/dll2c_update_all_reverse.i_128.smt2
[DEBUG] Predicted solver: SMTInterpol for benchmark ALIA/20230321-UltimateAutomizerSvcomp2023/dll2c_update_all_reverse.i_128.smt2
[DEBUG] Benchmark ALIA/20230321-UltimateAutomizerSvcomp2023/dll2c_update_all_reverse.i_128.smt2: solved=True, runtime=0.61s, PAR-2=0.61s
[DEBUG] Processing 870/1229: ALIA/20230321-UltimateAutomizerSvcomp2023/sll2n_prepend_equal.i_44.smt2
[DEBUG] Predicted solver: SMTInterpol for benchmark ALIA/20230321-UltimateAutomizerSvcomp2023/sll2n_prepend_equal.i_44.smt2
[DEBUG] Benchmark ALIA/20230321-UltimateAutomizerSvcomp2023/sll2n_prepend_equal.i_44.smt2: solved=True, runtime=0.45s, PAR-2=0.45s
[DEBUG] Processing 871/1229: ALIA/20230321-UltimateAutomizerSvcomp2023/sll2n_insert_unequal.i_21.smt2
[DEBUG] Predicted solver: SMTInterpol for benchmark ALIA/20230321-UltimateAutomizerSvcomp2023/sll2n_insert_unequal.i_21.smt2
[DEBUG] Benchmark ALIA/20230321-UltimateAutomizerSvcomp2023/sll2n_insert_unequal.i_21.smt2: solved=True, runtime=5.97s, PAR-2=5.97s
[DEBUG] Processing 872/1229: ALIA/20230321-UltimateAutomizerSvcomp2023/dll2n_insert_unequal.i_13.smt2
[DEBUG] Predicted solver: SMTInterpol for benchmark ALIA/20230321-UltimateAutomizerSvcomp2023/dll2n_insert_unequal.i_13.smt2
[DEBUG] Benchmark ALIA/20230321-UltimateAutomizerSvcomp2023/dll2n_insert_unequal.i_13.smt2: solved=False, runtime=1200.00s, PAR-2=2400.00s
[DEBUG] Processing 873/1229: ALIA/20230321-UltimateAutomizerSvcomp2023/dll2c_append_unequal.i_0.smt2
[DEBUG] Predicted solver: SMTInterpol for benchmark ALIA/20230321-UltimateAutomizerSvcomp2023/dll2c_append_unequal.i_0.smt2
[DEBUG] Benchmark ALIA/20230321-UltimateAutomizerSvcomp2023/dll2c_append_unequal.i_0.smt2: solved=True, runtime=0.43s, PAR-2=0.43s
[DEBUG] Processing 874/1229: ALIA/20230321-UltimateAutomizerSvcomp2023/dll_circular_traversal-2.i_122.smt2
[DEBUG] Predicted solver: SMTInterpol for benchmark ALIA/20230321-UltimateAutomizerSvcomp2023/dll_circular_traversal-2.i_122.smt2
[DEBUG] Benchmark ALIA/20230321-UltimateAutomizerSvcomp2023/dll_circular_traversal-2.i_122.smt2: solved=False, runtime=1200.00s, PAR-2=2400.00s
[DEBUG] Processing 875/1229: ALIA/20230321-UltimateAutomizerSvcomp2023/dll2c_remove_all.i_6.smt2
[DEBUG] Predicted solver: SMTInterpol for benchmark ALIA/20230321-UltimateAutomizerSvcomp2023/dll2c_remove_all.i_6.smt2
[DEBUG] Benchmark ALIA/20230321-UltimateAutomizerSvcomp2023/dll2c_remove_all.i_6.smt2: solved=False, runtime=1200.00s, PAR-2=2400.00s
[DEBUG] Processing 876/1229: ALIA/20230321-UltimateAutomizerSvcomp2023/sll-sorted-2.i_64.smt2
[DEBUG] Predicted solver: SMTInterpol for benchmark ALIA/20230321-UltimateAutomizerSvcomp2023/sll-sorted-2.i_64.smt2
[DEBUG] Benchmark ALIA/20230321-UltimateAutomizerSvcomp2023/sll-sorted-2.i_64.smt2: solved=True, runtime=0.52s, PAR-2=0.52s
[DEBUG] Processing 877/1229: ALIA/20230321-UltimateAutomizerSvcomp2023/dll_circular_traversal-2.i_79.smt2
[DEBUG] Predicted solver: SMTInterpol for benchmark ALIA/20230321-UltimateAutomizerSvcomp2023/dll_circular_traversal-2.i_79.smt2
[DEBUG] Benchmark ALIA/20230321-UltimateAutomizerSvcomp2023/dll_circular_traversal-2.i_79.smt2: solved=True, runtime=0.67s, PAR-2=0.67s
[DEBUG] Processing 878/1229: ALIA/20230321-UltimateAutomizerSvcomp2023/sll_to_dll_rev-2.i_123.smt2
[DEBUG] Predicted solver: cvc5 for benchmark ALIA/20230321-UltimateAutomizerSvcomp2023/sll_to_dll_rev-2.i_123.smt2
[DEBUG] Benchmark ALIA/20230321-UltimateAutomizerSvcomp2023/sll_to_dll_rev-2.i_123.smt2: solved=True, runtime=0.22s, PAR-2=0.22s
[DEBUG] Processing 879/1229: ALIA/20230321-UltimateAutomizerSvcomp2023/dll2c_update_all_reverse.i_143.smt2
[DEBUG] Predicted solver: SMTInterpol for benchmark ALIA/20230321-UltimateAutomizerSvcomp2023/dll2c_update_all_reverse.i_143.smt2
[DEBUG] Benchmark ALIA/20230321-UltimateAutomizerSvcomp2023/dll2c_update_all_reverse.i_143.smt2: solved=True, runtime=0.62s, PAR-2=0.62s
[DEBUG] Processing 880/1229: ALIA/20230321-UltimateAutomizerSvcomp2023/dll2c_update_all_reverse.i_90.smt2
[DEBUG] Predicted solver: cvc5 for benchmark ALIA/20230321-UltimateAutomizerSvcomp2023/dll2c_update_all_reverse.i_90.smt2
[DEBUG] Benchmark ALIA/20230321-UltimateAutomizerSvcomp2023/dll2c_update_all_reverse.i_90.smt2: solved=True, runtime=0.27s, PAR-2=0.27s
[DEBUG] Processing 881/1229: ALIA/20230321-UltimateAutomizerSvcomp2023/sll2c_insert_unequal.i_51.smt2
[DEBUG] Predicted solver: SMTInterpol for benchmark ALIA/20230321-UltimateAutomizerSvcomp2023/sll2c_insert_unequal.i_51.smt2
[DEBUG] Benchmark ALIA/20230321-UltimateAutomizerSvcomp2023/sll2c_insert_unequal.i_51.smt2: solved=True, runtime=0.46s, PAR-2=0.46s
[DEBUG] Processing 882/1229: ALIA/20230321-UltimateAutomizerSvcomp2023/skiplist_3lvl.i_79.smt2
[DEBUG] Predicted solver: SMTInterpol for benchmark ALIA/20230321-UltimateAutomizerSvcomp2023/skiplist_3lvl.i_79.smt2
[DEBUG] Benchmark ALIA/20230321-UltimateAutomizerSvcomp2023/skiplist_3lvl.i_79.smt2: solved=True, runtime=6.21s, PAR-2=6.21s
[DEBUG] Processing 883/1229: ALIA/20230321-UltimateAutomizerSvcomp2023/sll-sorted-2.i_22.smt2
[DEBUG] Predicted solver: SMTInterpol for benchmark ALIA/20230321-UltimateAutomizerSvcomp2023/sll-sorted-2.i_22.smt2
[DEBUG] Benchmark ALIA/20230321-UltimateAutomizerSvcomp2023/sll-sorted-2.i_22.smt2: solved=False, runtime=1200.00s, PAR-2=2400.00s
[DEBUG] Processing 884/1229: ALIA/20230321-UltimateAutomizerSvcomp2023/dll-optional-1.i_15.smt2
[DEBUG] Predicted solver: SMTInterpol for benchmark ALIA/20230321-UltimateAutomizerSvcomp2023/dll-optional-1.i_15.smt2
[DEBUG] Benchmark ALIA/20230321-UltimateAutomizerSvcomp2023/dll-optional-1.i_15.smt2: solved=False, runtime=1200.00s, PAR-2=2400.00s
[DEBUG] Processing 885/1229: ALIA/20230321-UltimateAutomizerSvcomp2023/list-ext_flag.i_66.smt2
[DEBUG] Predicted solver: SMTInterpol for benchmark ALIA/20230321-UltimateAutomizerSvcomp2023/list-ext_flag.i_66.smt2
[DEBUG] Benchmark ALIA/20230321-UltimateAutomizerSvcomp2023/list-ext_flag.i_66.smt2: solved=False, runtime=1200.00s, PAR-2=2400.00s
[DEBUG] Processing 886/1229: ALIA/20230321-UltimateAutomizerSvcomp2023/ex3_forlist.i_183.smt2
[DEBUG] Predicted solver: SMTInterpol for benchmark ALIA/20230321-UltimateAutomizerSvcomp2023/ex3_forlist.i_183.smt2
[DEBUG] Benchmark ALIA/20230321-UltimateAutomizerSvcomp2023/ex3_forlist.i_183.smt2: solved=True, runtime=0.53s, PAR-2=0.53s
[DEBUG] Processing 887/1229: ALIA/20230321-UltimateAutomizerSvcomp2023/dll_circular_traversal-2.i_33.smt2
[DEBUG] Predicted solver: cvc5 for benchmark ALIA/20230321-UltimateAutomizerSvcomp2023/dll_circular_traversal-2.i_33.smt2
[DEBUG] Benchmark ALIA/20230321-UltimateAutomizerSvcomp2023/dll_circular_traversal-2.i_33.smt2: solved=False, runtime=1200.00s, PAR-2=2400.00s
[DEBUG] Processing 888/1229: ALIA/20230321-UltimateAutomizerSvcomp2023/ex3_forlist.i_207.smt2
[DEBUG] Predicted solver: SMTInterpol for benchmark ALIA/20230321-UltimateAutomizerSvcomp2023/ex3_forlist.i_207.smt2
[DEBUG] Benchmark ALIA/20230321-UltimateAutomizerSvcomp2023/ex3_forlist.i_207.smt2: solved=True, runtime=0.51s, PAR-2=0.51s
[DEBUG] Processing 889/1229: ALIA/20230321-UltimateAutomizerSvcomp2023/bubble_sort_linux-1.i_35.smt2
[DEBUG] Predicted solver: SMTInterpol for benchmark ALIA/20230321-UltimateAutomizerSvcomp2023/bubble_sort_linux-1.i_35.smt2
[DEBUG] Benchmark ALIA/20230321-UltimateAutomizerSvcomp2023/bubble_sort_linux-1.i_35.smt2: solved=True, runtime=0.94s, PAR-2=0.94s
[DEBUG] Processing 890/1229: ALIA/20230321-UltimateAutomizerSvcomp2023/dll_circular_traversal-2.i_116.smt2
[DEBUG] Predicted solver: SMTInterpol for benchmark ALIA/20230321-UltimateAutomizerSvcomp2023/dll_circular_traversal-2.i_116.smt2
[DEBUG] Benchmark ALIA/20230321-UltimateAutomizerSvcomp2023/dll_circular_traversal-2.i_116.smt2: solved=False, runtime=1200.00s, PAR-2=2400.00s
[DEBUG] Processing 891/1229: ALIA/20230321-UltimateAutomizerSvcomp2023/dll_circular_traversal-2.i_47.smt2
[DEBUG] Predicted solver: SMTInterpol for benchmark ALIA/20230321-UltimateAutomizerSvcomp2023/dll_circular_traversal-2.i_47.smt2
[DEBUG] Benchmark ALIA/20230321-UltimateAutomizerSvcomp2023/dll_circular_traversal-2.i_47.smt2: solved=True, runtime=0.67s, PAR-2=0.67s
[DEBUG] Processing 892/1229: ALIA/20230321-UltimateAutomizerSvcomp2023/list_search-1.i_5.smt2
[DEBUG] Predicted solver: SMTInterpol for benchmark ALIA/20230321-UltimateAutomizerSvcomp2023/list_search-1.i_5.smt2
[DEBUG] Benchmark ALIA/20230321-UltimateAutomizerSvcomp2023/list_search-1.i_5.smt2: solved=True, runtime=0.44s, PAR-2=0.44s
[DEBUG] Processing 893/1229: ALIA/20230321-UltimateAutomizerSvcomp2023/tree_of_cslls.i_23.smt2
[DEBUG] Predicted solver: SMTInterpol for benchmark ALIA/20230321-UltimateAutomizerSvcomp2023/tree_of_cslls.i_23.smt2
[DEBUG] Benchmark ALIA/20230321-UltimateAutomizerSvcomp2023/tree_of_cslls.i_23.smt2: solved=True, runtime=0.54s, PAR-2=0.54s
[DEBUG] Processing 894/1229: ALIA/20230321-UltimateAutomizerSvcomp2023/dll2c_update_all_reverse.i_33.smt2
[DEBUG] Predicted solver: SMTInterpol for benchmark ALIA/20230321-UltimateAutomizerSvcomp2023/dll2c_update_all_reverse.i_33.smt2
[DEBUG] Benchmark ALIA/20230321-UltimateAutomizerSvcomp2023/dll2c_update_all_reverse.i_33.smt2: solved=True, runtime=0.70s, PAR-2=0.70s
[DEBUG] Processing 895/1229: ALIA/20230321-UltimateAutomizerSvcomp2023/dll2c_insert_equal.i_73.smt2
[DEBUG] Predicted solver: SMTInterpol for benchmark ALIA/20230321-UltimateAutomizerSvcomp2023/dll2c_insert_equal.i_73.smt2
[DEBUG] Benchmark ALIA/20230321-UltimateAutomizerSvcomp2023/dll2c_insert_equal.i_73.smt2: solved=False, runtime=1200.00s, PAR-2=2400.00s
[DEBUG] Processing 896/1229: ALIA/20230321-UltimateAutomizerSvcomp2023/list-ext_flag.i_70.smt2
[DEBUG] Predicted solver: SMTInterpol for benchmark ALIA/20230321-UltimateAutomizerSvcomp2023/list-ext_flag.i_70.smt2
[DEBUG] Benchmark ALIA/20230321-UltimateAutomizerSvcomp2023/list-ext_flag.i_70.smt2: solved=False, runtime=1200.00s, PAR-2=2400.00s
[DEBUG] Processing 897/1229: ALIA/20230321-UltimateAutomizerSvcomp2023/sll2c_insert_unequal.i_50.smt2
[DEBUG] Predicted solver: SMTInterpol for benchmark ALIA/20230321-UltimateAutomizerSvcomp2023/sll2c_insert_unequal.i_50.smt2
[DEBUG] Benchmark ALIA/20230321-UltimateAutomizerSvcomp2023/sll2c_insert_unequal.i_50.smt2: solved=True, runtime=0.47s, PAR-2=0.47s
[DEBUG] Processing 898/1229: ALIA/20230321-UltimateAutomizerSvcomp2023/shared_mem1.i_101.smt2
[DEBUG] Predicted solver: SMTInterpol for benchmark ALIA/20230321-UltimateAutomizerSvcomp2023/shared_mem1.i_101.smt2
[DEBUG] Benchmark ALIA/20230321-UltimateAutomizerSvcomp2023/shared_mem1.i_101.smt2: solved=True, runtime=0.64s, PAR-2=0.64s
[DEBUG] Processing 899/1229: ALIA/20230321-UltimateAutomizerSvcomp2023/sll_circular_traversal-1.i_44.smt2
[DEBUG] Predicted solver: SMTInterpol for benchmark ALIA/20230321-UltimateAutomizerSvcomp2023/sll_circular_traversal-1.i_44.smt2
[DEBUG] Benchmark ALIA/20230321-UltimateAutomizerSvcomp2023/sll_circular_traversal-1.i_44.smt2: solved=False, runtime=1200.00s, PAR-2=2400.00s
[DEBUG] Processing 900/1229: ALIA/20230321-UltimateAutomizerSvcomp2023/test_add-2.i_73.smt2
[DEBUG] Predicted solver: cvc5 for benchmark ALIA/20230321-UltimateAutomizerSvcomp2023/test_add-2.i_73.smt2
[DEBUG] Benchmark ALIA/20230321-UltimateAutomizerSvcomp2023/test_add-2.i_73.smt2: solved=True, runtime=0.30s, PAR-2=0.30s
[DEBUG] Processing 901/1229: ALIA/20230321-UltimateAutomizerSvcomp2023/list-ext_flag.i_111.smt2
[DEBUG] Predicted solver: SMTInterpol for benchmark ALIA/20230321-UltimateAutomizerSvcomp2023/list-ext_flag.i_111.smt2
[DEBUG] Benchmark ALIA/20230321-UltimateAutomizerSvcomp2023/list-ext_flag.i_111.smt2: solved=True, runtime=25.72s, PAR-2=25.72s
[DEBUG] Processing 902/1229: ALIA/20230321-UltimateAutomizerSvcomp2023/dll2c_insert_equal.i_103.smt2
[DEBUG] Predicted solver: SMTInterpol for benchmark ALIA/20230321-UltimateAutomizerSvcomp2023/dll2c_insert_equal.i_103.smt2
[DEBUG] Benchmark ALIA/20230321-UltimateAutomizerSvcomp2023/dll2c_insert_equal.i_103.smt2: solved=True, runtime=0.45s, PAR-2=0.45s
[DEBUG] Processing 903/1229: ALIA/20230321-UltimateAutomizerSvcomp2023/sll_to_dll_rev-1.i_86.smt2
[DEBUG] Predicted solver: cvc5 for benchmark ALIA/20230321-UltimateAutomizerSvcomp2023/sll_to_dll_rev-1.i_86.smt2
[DEBUG] Benchmark ALIA/20230321-UltimateAutomizerSvcomp2023/sll_to_dll_rev-1.i_86.smt2: solved=True, runtime=360.83s, PAR-2=360.83s
[DEBUG] Processing 904/1229: ALIA/20230321-UltimateAutomizerSvcomp2023/dll2c_update_all_reverse.i_194.smt2
[DEBUG] Predicted solver: SMTInterpol for benchmark ALIA/20230321-UltimateAutomizerSvcomp2023/dll2c_update_all_reverse.i_194.smt2
[DEBUG] Benchmark ALIA/20230321-UltimateAutomizerSvcomp2023/dll2c_update_all_reverse.i_194.smt2: solved=True, runtime=0.62s, PAR-2=0.62s
[DEBUG] Processing 905/1229: ALIA/20230321-UltimateAutomizerSvcomp2023/ex3_forlist.i_58.smt2
[DEBUG] Predicted solver: SMTInterpol for benchmark ALIA/20230321-UltimateAutomizerSvcomp2023/ex3_forlist.i_58.smt2
[DEBUG] Benchmark ALIA/20230321-UltimateAutomizerSvcomp2023/ex3_forlist.i_58.smt2: solved=True, runtime=0.60s, PAR-2=0.60s
[DEBUG] Processing 906/1229: ALIA/20230321-UltimateAutomizerSvcomp2023/simple-2.i_42.smt2
[DEBUG] Predicted solver: SMTInterpol for benchmark ALIA/20230321-UltimateAutomizerSvcomp2023/simple-2.i_42.smt2
[DEBUG] Benchmark ALIA/20230321-UltimateAutomizerSvcomp2023/simple-2.i_42.smt2: solved=True, runtime=0.50s, PAR-2=0.50s
[DEBUG] Processing 907/1229: ALIA/20230321-UltimateAutomizerSvcomp2023/dll2c_insert_unequal.i_50.smt2
[DEBUG] Predicted solver: SMTInterpol for benchmark ALIA/20230321-UltimateAutomizerSvcomp2023/dll2c_insert_unequal.i_50.smt2
[DEBUG] Benchmark ALIA/20230321-UltimateAutomizerSvcomp2023/dll2c_insert_unequal.i_50.smt2: solved=False, runtime=1200.00s, PAR-2=2400.00s
[DEBUG] Processing 908/1229: ALIA/20230321-UltimateAutomizerSvcomp2023/dll2n_append_equal.i_9.smt2
[DEBUG] Predicted solver: cvc5 for benchmark ALIA/20230321-UltimateAutomizerSvcomp2023/dll2n_append_equal.i_9.smt2
[DEBUG] Benchmark ALIA/20230321-UltimateAutomizerSvcomp2023/dll2n_append_equal.i_9.smt2: solved=False, runtime=1200.00s, PAR-2=2400.00s
[DEBUG] Processing 909/1229: ALIA/20230321-UltimateAutomizerSvcomp2023/test_add-2.i_31.smt2
[DEBUG] Predicted solver: cvc5 for benchmark ALIA/20230321-UltimateAutomizerSvcomp2023/test_add-2.i_31.smt2
[DEBUG] Benchmark ALIA/20230321-UltimateAutomizerSvcomp2023/test_add-2.i_31.smt2: solved=True, runtime=0.26s, PAR-2=0.26s
[DEBUG] Processing 910/1229: ALIA/20230321-UltimateAutomizerSvcomp2023/sll2n_update_all_reverse.i_72.smt2
[DEBUG] Predicted solver: SMTInterpol for benchmark ALIA/20230321-UltimateAutomizerSvcomp2023/sll2n_update_all_reverse.i_72.smt2
[DEBUG] Benchmark ALIA/20230321-UltimateAutomizerSvcomp2023/sll2n_update_all_reverse.i_72.smt2: solved=True, runtime=0.62s, PAR-2=0.62s
[DEBUG] Processing 911/1229: ALIA/20230321-UltimateAutomizerSvcomp2023/list-ext_flag.i_37.smt2
[DEBUG] Predicted solver: SMTInterpol for benchmark ALIA/20230321-UltimateAutomizerSvcomp2023/list-ext_flag.i_37.smt2
[DEBUG] Benchmark ALIA/20230321-UltimateAutomizerSvcomp2023/list-ext_flag.i_37.smt2: solved=True, runtime=0.46s, PAR-2=0.46s
[DEBUG] Processing 912/1229: ALIA/20230321-UltimateAutomizerSvcomp2023/dll2c_append_unequal.i_17.smt2
[DEBUG] Predicted solver: cvc5 for benchmark ALIA/20230321-UltimateAutomizerSvcomp2023/dll2c_append_unequal.i_17.smt2
[DEBUG] Benchmark ALIA/20230321-UltimateAutomizerSvcomp2023/dll2c_append_unequal.i_17.smt2: solved=True, runtime=0.47s, PAR-2=0.47s
[DEBUG] Processing 913/1229: ALIA/20230321-UltimateAutomizerSvcomp2023/dll2c_update_all_reverse.i_7.smt2
[DEBUG] Predicted solver: cvc5 for benchmark ALIA/20230321-UltimateAutomizerSvcomp2023/dll2c_update_all_reverse.i_7.smt2
[DEBUG] Benchmark ALIA/20230321-UltimateAutomizerSvcomp2023/dll2c_update_all_reverse.i_7.smt2: solved=True, runtime=0.22s, PAR-2=0.22s
[DEBUG] Processing 914/1229: ALIA/20230321-UltimateAutomizerSvcomp2023/list-ext_flag.i_16.smt2
[DEBUG] Predicted solver: SMTInterpol for benchmark ALIA/20230321-UltimateAutomizerSvcomp2023/list-ext_flag.i_16.smt2
[DEBUG] Benchmark ALIA/20230321-UltimateAutomizerSvcomp2023/list-ext_flag.i_16.smt2: solved=True, runtime=0.52s, PAR-2=0.52s
[DEBUG] Processing 915/1229: ALIA/20230321-UltimateAutomizerSvcomp2023/sll2n_insert_unequal.i_46.smt2
[DEBUG] Predicted solver: SMTInterpol for benchmark ALIA/20230321-UltimateAutomizerSvcomp2023/sll2n_insert_unequal.i_46.smt2
[DEBUG] Benchmark ALIA/20230321-UltimateAutomizerSvcomp2023/sll2n_insert_unequal.i_46.smt2: solved=True, runtime=203.30s, PAR-2=203.30s
[DEBUG] Processing 916/1229: ALIA/20230321-UltimateAutomizerSvcomp2023/dll_circular_traversal-2.i_101.smt2
[DEBUG] Predicted solver: SMTInterpol for benchmark ALIA/20230321-UltimateAutomizerSvcomp2023/dll_circular_traversal-2.i_101.smt2
[DEBUG] Benchmark ALIA/20230321-UltimateAutomizerSvcomp2023/dll_circular_traversal-2.i_101.smt2: solved=False, runtime=1200.00s, PAR-2=2400.00s
[DEBUG] Processing 917/1229: ALIA/20230321-UltimateAutomizerSvcomp2023/merge_sort-2.i_3.smt2
[DEBUG] Predicted solver: cvc5 for benchmark ALIA/20230321-UltimateAutomizerSvcomp2023/merge_sort-2.i_3.smt2
[DEBUG] Benchmark ALIA/20230321-UltimateAutomizerSvcomp2023/merge_sort-2.i_3.smt2: solved=False, runtime=1200.00s, PAR-2=2400.00s
[DEBUG] Processing 918/1229: ALIA/20230321-UltimateAutomizerSvcomp2023/ex3_forlist.i_35.smt2
[DEBUG] Predicted solver: SMTInterpol for benchmark ALIA/20230321-UltimateAutomizerSvcomp2023/ex3_forlist.i_35.smt2
[DEBUG] Benchmark ALIA/20230321-UltimateAutomizerSvcomp2023/ex3_forlist.i_35.smt2: solved=True, runtime=0.55s, PAR-2=0.55s
[DEBUG] Processing 919/1229: ALIA/20230321-UltimateAutomizerSvcomp2023/sll_to_dll_rev-2.i_87.smt2
[DEBUG] Predicted solver: SMTInterpol for benchmark ALIA/20230321-UltimateAutomizerSvcomp2023/sll_to_dll_rev-2.i_87.smt2
[DEBUG] Benchmark ALIA/20230321-UltimateAutomizerSvcomp2023/sll_to_dll_rev-2.i_87.smt2: solved=True, runtime=0.46s, PAR-2=0.46s
[DEBUG] Processing 920/1229: ALIA/20230321-UltimateAutomizerSvcomp2023/list-ext_flag.i_25.smt2
[DEBUG] Predicted solver: SMTInterpol for benchmark ALIA/20230321-UltimateAutomizerSvcomp2023/list-ext_flag.i_25.smt2
[DEBUG] Benchmark ALIA/20230321-UltimateAutomizerSvcomp2023/list-ext_flag.i_25.smt2: solved=True, runtime=0.68s, PAR-2=0.68s
[DEBUG] Processing 921/1229: ALIA/20230321-UltimateAutomizerSvcomp2023/sll2c_insert_unequal.i_14.smt2
[DEBUG] Predicted solver: SMTInterpol for benchmark ALIA/20230321-UltimateAutomizerSvcomp2023/sll2c_insert_unequal.i_14.smt2
[DEBUG] Benchmark ALIA/20230321-UltimateAutomizerSvcomp2023/sll2c_insert_unequal.i_14.smt2: solved=False, runtime=1200.00s, PAR-2=2400.00s
[DEBUG] Processing 922/1229: ALIA/20230321-UltimateAutomizerSvcomp2023/shared_mem1.i_109.smt2
[DEBUG] Predicted solver: SMTInterpol for benchmark ALIA/20230321-UltimateAutomizerSvcomp2023/shared_mem1.i_109.smt2
[DEBUG] Benchmark ALIA/20230321-UltimateAutomizerSvcomp2023/shared_mem1.i_109.smt2: solved=True, runtime=0.57s, PAR-2=0.57s
[DEBUG] Processing 923/1229: ALIA/20230321-UltimateAutomizerSvcomp2023/length_test03-1.i_32.smt2
[DEBUG] Predicted solver: iProver for benchmark ALIA/20230321-UltimateAutomizerSvcomp2023/length_test03-1.i_32.smt2
[DEBUG] Benchmark ALIA/20230321-UltimateAutomizerSvcomp2023/length_test03-1.i_32.smt2: solved=False, runtime=1200.00s, PAR-2=2400.00s
[DEBUG] Processing 924/1229: ALIA/20230321-UltimateAutomizerSvcomp2023/dll2n_prepend_unequal.i_88.smt2
[DEBUG] Predicted solver: SMTInterpol for benchmark ALIA/20230321-UltimateAutomizerSvcomp2023/dll2n_prepend_unequal.i_88.smt2
[DEBUG] Benchmark ALIA/20230321-UltimateAutomizerSvcomp2023/dll2n_prepend_unequal.i_88.smt2: solved=False, runtime=1200.00s, PAR-2=2400.00s
[DEBUG] Processing 925/1229: ALIA/20230321-UltimateAutomizerSvcomp2023/length_test03-1.i_18.smt2
[DEBUG] Predicted solver: SMTInterpol for benchmark ALIA/20230321-UltimateAutomizerSvcomp2023/length_test03-1.i_18.smt2
[DEBUG] Benchmark ALIA/20230321-UltimateAutomizerSvcomp2023/length_test03-1.i_18.smt2: solved=True, runtime=0.83s, PAR-2=0.83s
[DEBUG] Processing 926/1229: ALIA/20230321-UltimateAutomizerSvcomp2023/splice-2.i_56.smt2
[DEBUG] Predicted solver: SMTInterpol for benchmark ALIA/20230321-UltimateAutomizerSvcomp2023/splice-2.i_56.smt2
[DEBUG] Benchmark ALIA/20230321-UltimateAutomizerSvcomp2023/splice-2.i_56.smt2: solved=False, runtime=1200.00s, PAR-2=2400.00s
[DEBUG] Processing 927/1229: ALIA/20230321-UltimateAutomizerSvcomp2023/ex3_forlist.i_18.smt2
[DEBUG] Predicted solver: SMTInterpol for benchmark ALIA/20230321-UltimateAutomizerSvcomp2023/ex3_forlist.i_18.smt2
[DEBUG] Benchmark ALIA/20230321-UltimateAutomizerSvcomp2023/ex3_forlist.i_18.smt2: solved=True, runtime=0.50s, PAR-2=0.50s
[DEBUG] Processing 928/1229: ALIA/20230321-UltimateAutomizerSvcomp2023/sll_to_dll_rev-2.i_80.smt2
[DEBUG] Predicted solver: SMTInterpol for benchmark ALIA/20230321-UltimateAutomizerSvcomp2023/sll_to_dll_rev-2.i_80.smt2
[DEBUG] Benchmark ALIA/20230321-UltimateAutomizerSvcomp2023/sll_to_dll_rev-2.i_80.smt2: solved=True, runtime=0.56s, PAR-2=0.56s
[DEBUG] Processing 929/1229: ALIA/20230321-UltimateAutomizerSvcomp2023/dll2n_update_all.i_11.smt2
[DEBUG] Predicted solver: SMTInterpol for benchmark ALIA/20230321-UltimateAutomizerSvcomp2023/dll2n_update_all.i_11.smt2
[DEBUG] Benchmark ALIA/20230321-UltimateAutomizerSvcomp2023/dll2n_update_all.i_11.smt2: solved=True, runtime=0.45s, PAR-2=0.45s
[DEBUG] Processing 930/1229: ALIA/20230321-UltimateAutomizerSvcomp2023/dll2n_append_unequal.i_6.smt2
[DEBUG] Predicted solver: SMTInterpol for benchmark ALIA/20230321-UltimateAutomizerSvcomp2023/dll2n_append_unequal.i_6.smt2
[DEBUG] Benchmark ALIA/20230321-UltimateAutomizerSvcomp2023/dll2n_append_unequal.i_6.smt2: solved=True, runtime=0.45s, PAR-2=0.45s
[DEBUG] Processing 931/1229: ALIA/20230321-UltimateAutomizerSvcomp2023/shared_mem1.i_57.smt2
[DEBUG] Predicted solver: SMTInterpol for benchmark ALIA/20230321-UltimateAutomizerSvcomp2023/shared_mem1.i_57.smt2
[DEBUG] Benchmark ALIA/20230321-UltimateAutomizerSvcomp2023/shared_mem1.i_57.smt2: solved=True, runtime=0.57s, PAR-2=0.57s
[DEBUG] Processing 932/1229: ALIA/20230321-UltimateAutomizerSvcomp2023/dll_of_dll-1.i_16.smt2
[DEBUG] Predicted solver: SMTInterpol for benchmark ALIA/20230321-UltimateAutomizerSvcomp2023/dll_of_dll-1.i_16.smt2
[DEBUG] Benchmark ALIA/20230321-UltimateAutomizerSvcomp2023/dll_of_dll-1.i_16.smt2: solved=True, runtime=0.50s, PAR-2=0.50s
[DEBUG] Processing 933/1229: ALIA/20230321-UltimateAutomizerSvcomp2023/dll_circular_traversal-2.i_110.smt2
[DEBUG] Predicted solver: SMTInterpol for benchmark ALIA/20230321-UltimateAutomizerSvcomp2023/dll_circular_traversal-2.i_110.smt2
[DEBUG] Benchmark ALIA/20230321-UltimateAutomizerSvcomp2023/dll_circular_traversal-2.i_110.smt2: solved=False, runtime=1200.00s, PAR-2=2400.00s
[DEBUG] Processing 934/1229: ALIA/20230321-UltimateAutomizerSvcomp2023/length_test03-1.i_91.smt2
[DEBUG] Predicted solver: cvc5 for benchmark ALIA/20230321-UltimateAutomizerSvcomp2023/length_test03-1.i_91.smt2
[DEBUG] Benchmark ALIA/20230321-UltimateAutomizerSvcomp2023/length_test03-1.i_91.smt2: solved=False, runtime=1200.00s, PAR-2=2400.00s
[DEBUG] Processing 935/1229: ALIA/20230321-UltimateAutomizerSvcomp2023/dll2n_prepend_unequal.i_91.smt2
[DEBUG] Predicted solver: SMTInterpol for benchmark ALIA/20230321-UltimateAutomizerSvcomp2023/dll2n_prepend_unequal.i_91.smt2
[DEBUG] Benchmark ALIA/20230321-UltimateAutomizerSvcomp2023/dll2n_prepend_unequal.i_91.smt2: solved=True, runtime=0.63s, PAR-2=0.63s
[DEBUG] Processing 936/1229: ALIA/20230321-UltimateAutomizerSvcomp2023/shared_mem1.i_36.smt2
[DEBUG] Predicted solver: SMTInterpol for benchmark ALIA/20230321-UltimateAutomizerSvcomp2023/shared_mem1.i_36.smt2
[DEBUG] Benchmark ALIA/20230321-UltimateAutomizerSvcomp2023/shared_mem1.i_36.smt2: solved=True, runtime=0.66s, PAR-2=0.66s
[DEBUG] Processing 937/1229: ALIA/20230321-UltimateAutomizerSvcomp2023/ex3_forlist.i_61.smt2
[DEBUG] Predicted solver: SMTInterpol for benchmark ALIA/20230321-UltimateAutomizerSvcomp2023/ex3_forlist.i_61.smt2
[DEBUG] Benchmark ALIA/20230321-UltimateAutomizerSvcomp2023/ex3_forlist.i_61.smt2: solved=True, runtime=0.57s, PAR-2=0.57s
[DEBUG] Processing 938/1229: ALIA/20230321-UltimateAutomizerSvcomp2023/shared_mem1.i_12.smt2
[DEBUG] Predicted solver: SMTInterpol for benchmark ALIA/20230321-UltimateAutomizerSvcomp2023/shared_mem1.i_12.smt2
[DEBUG] Benchmark ALIA/20230321-UltimateAutomizerSvcomp2023/shared_mem1.i_12.smt2: solved=True, runtime=0.53s, PAR-2=0.53s
[DEBUG] Processing 939/1229: ALIA/20230321-UltimateAutomizerSvcomp2023/sll2c_prepend_unequal.i_33.smt2
[DEBUG] Predicted solver: SMTInterpol for benchmark ALIA/20230321-UltimateAutomizerSvcomp2023/sll2c_prepend_unequal.i_33.smt2
[DEBUG] Benchmark ALIA/20230321-UltimateAutomizerSvcomp2023/sll2c_prepend_unequal.i_33.smt2: solved=False, runtime=1200.00s, PAR-2=2400.00s
[DEBUG] Processing 940/1229: ALIA/20230321-UltimateAutomizerSvcomp2023/sll2c_prepend_equal.i_14.smt2
[DEBUG] Predicted solver: SMTInterpol for benchmark ALIA/20230321-UltimateAutomizerSvcomp2023/sll2c_prepend_equal.i_14.smt2
[DEBUG] Benchmark ALIA/20230321-UltimateAutomizerSvcomp2023/sll2c_prepend_equal.i_14.smt2: solved=False, runtime=1200.00s, PAR-2=2400.00s
[DEBUG] Processing 941/1229: ALIA/20230321-UltimateAutomizerSvcomp2023/simple-ext_1.i_12.smt2
[DEBUG] Predicted solver: SMTInterpol for benchmark ALIA/20230321-UltimateAutomizerSvcomp2023/simple-ext_1.i_12.smt2
[DEBUG] Benchmark ALIA/20230321-UltimateAutomizerSvcomp2023/simple-ext_1.i_12.smt2: solved=True, runtime=0.57s, PAR-2=0.57s
[DEBUG] Processing 942/1229: ALIA/20230321-UltimateAutomizerSvcomp2023/dll-optional-1.i_12.smt2
[DEBUG] Predicted solver: iProver for benchmark ALIA/20230321-UltimateAutomizerSvcomp2023/dll-optional-1.i_12.smt2
[DEBUG] Benchmark ALIA/20230321-UltimateAutomizerSvcomp2023/dll-optional-1.i_12.smt2: solved=False, runtime=1200.00s, PAR-2=2400.00s
[DEBUG] Processing 943/1229: ALIA/20230321-UltimateAutomizerSvcomp2023/test_add-2.i_24.smt2
[DEBUG] Predicted solver: cvc5 for benchmark ALIA/20230321-UltimateAutomizerSvcomp2023/test_add-2.i_24.smt2
[DEBUG] Benchmark ALIA/20230321-UltimateAutomizerSvcomp2023/test_add-2.i_24.smt2: solved=True, runtime=0.25s, PAR-2=0.25s
[DEBUG] Processing 944/1229: ALIA/20230321-UltimateAutomizerSvcomp2023/bubble_sort_linux-2.i_5.smt2
[DEBUG] Predicted solver: SMTInterpol for benchmark ALIA/20230321-UltimateAutomizerSvcomp2023/bubble_sort_linux-2.i_5.smt2
[DEBUG] Benchmark ALIA/20230321-UltimateAutomizerSvcomp2023/bubble_sort_linux-2.i_5.smt2: solved=True, runtime=0.47s, PAR-2=0.47s
[DEBUG] Processing 945/1229: ALIA/20230321-UltimateAutomizerSvcomp2023/simple-2.i_57.smt2
[DEBUG] Predicted solver: SMTInterpol for benchmark ALIA/20230321-UltimateAutomizerSvcomp2023/simple-2.i_57.smt2
[DEBUG] Benchmark ALIA/20230321-UltimateAutomizerSvcomp2023/simple-2.i_57.smt2: solved=True, runtime=2.64s, PAR-2=2.64s
[DEBUG] Processing 946/1229: ALIA/20230321-UltimateAutomizerSvcomp2023/tree_cnstr.i_15.smt2
[DEBUG] Predicted solver: SMTInterpol for benchmark ALIA/20230321-UltimateAutomizerSvcomp2023/tree_cnstr.i_15.smt2
[DEBUG] Benchmark ALIA/20230321-UltimateAutomizerSvcomp2023/tree_cnstr.i_15.smt2: solved=True, runtime=0.45s, PAR-2=0.45s
[DEBUG] Processing 947/1229: ALIA/20230321-UltimateAutomizerSvcomp2023/dll_circular_traversal-2.i_148.smt2
[DEBUG] Predicted solver: SMTInterpol for benchmark ALIA/20230321-UltimateAutomizerSvcomp2023/dll_circular_traversal-2.i_148.smt2
[DEBUG] Benchmark ALIA/20230321-UltimateAutomizerSvcomp2023/dll_circular_traversal-2.i_148.smt2: solved=False, runtime=1200.00s, PAR-2=2400.00s
[DEBUG] Processing 948/1229: ALIA/20230321-UltimateAutomizerSvcomp2023/sll_circular_traversal-1.i_48.smt2
[DEBUG] Predicted solver: SMTInterpol for benchmark ALIA/20230321-UltimateAutomizerSvcomp2023/sll_circular_traversal-1.i_48.smt2
[DEBUG] Benchmark ALIA/20230321-UltimateAutomizerSvcomp2023/sll_circular_traversal-1.i_48.smt2: solved=False, runtime=1200.00s, PAR-2=2400.00s
[DEBUG] Processing 949/1229: ALIA/20230321-UltimateAutomizerSvcomp2023/test_add-2.i_8.smt2
[DEBUG] Predicted solver: cvc5 for benchmark ALIA/20230321-UltimateAutomizerSvcomp2023/test_add-2.i_8.smt2
[DEBUG] Benchmark ALIA/20230321-UltimateAutomizerSvcomp2023/test_add-2.i_8.smt2: solved=True, runtime=0.30s, PAR-2=0.30s
[DEBUG] Processing 950/1229: ALIA/20230321-UltimateAutomizerSvcomp2023/sll_circular_traversal-1.i_49.smt2
[DEBUG] Predicted solver: SMTInterpol for benchmark ALIA/20230321-UltimateAutomizerSvcomp2023/sll_circular_traversal-1.i_49.smt2
[DEBUG] Benchmark ALIA/20230321-UltimateAutomizerSvcomp2023/sll_circular_traversal-1.i_49.smt2: solved=False, runtime=1200.00s, PAR-2=2400.00s
[DEBUG] Processing 951/1229: ALIA/20230321-UltimateAutomizerSvcomp2023/simple_search_value-1.i_17.smt2
[DEBUG] Predicted solver: SMTInterpol for benchmark ALIA/20230321-UltimateAutomizerSvcomp2023/simple_search_value-1.i_17.smt2
[DEBUG] Benchmark ALIA/20230321-UltimateAutomizerSvcomp2023/simple_search_value-1.i_17.smt2: solved=True, runtime=1.65s, PAR-2=1.65s
[DEBUG] Processing 952/1229: ALIA/20230321-UltimateAutomizerSvcomp2023/list-ext_flag.i_53.smt2
[DEBUG] Predicted solver: SMTInterpol for benchmark ALIA/20230321-UltimateAutomizerSvcomp2023/list-ext_flag.i_53.smt2
[DEBUG] Benchmark ALIA/20230321-UltimateAutomizerSvcomp2023/list-ext_flag.i_53.smt2: solved=True, runtime=0.54s, PAR-2=0.54s
[DEBUG] Processing 953/1229: ALIA/20230321-UltimateAutomizerSvcomp2023/test_add-2.i_109.smt2
[DEBUG] Predicted solver: cvc5 for benchmark ALIA/20230321-UltimateAutomizerSvcomp2023/test_add-2.i_109.smt2
[DEBUG] Benchmark ALIA/20230321-UltimateAutomizerSvcomp2023/test_add-2.i_109.smt2: solved=True, runtime=8.91s, PAR-2=8.91s
[DEBUG] Processing 954/1229: ALIA/20230321-UltimateAutomizerSvcomp2023/dll2c_insert_equal.i_90.smt2
[DEBUG] Predicted solver: cvc5 for benchmark ALIA/20230321-UltimateAutomizerSvcomp2023/dll2c_insert_equal.i_90.smt2
[DEBUG] Benchmark ALIA/20230321-UltimateAutomizerSvcomp2023/dll2c_insert_equal.i_90.smt2: solved=False, runtime=1200.00s, PAR-2=2400.00s
[DEBUG] Processing 955/1229: ALIA/20230321-UltimateAutomizerSvcomp2023/sll2n_update_all.i_47.smt2
[DEBUG] Predicted solver: SMTInterpol for benchmark ALIA/20230321-UltimateAutomizerSvcomp2023/sll2n_update_all.i_47.smt2
[DEBUG] Benchmark ALIA/20230321-UltimateAutomizerSvcomp2023/sll2n_update_all.i_47.smt2: solved=True, runtime=0.48s, PAR-2=0.48s
[DEBUG] Processing 956/1229: ALIA/20230321-UltimateAutomizerSvcomp2023/sll2c_insert_equal.i_62.smt2
[DEBUG] Predicted solver: cvc5 for benchmark ALIA/20230321-UltimateAutomizerSvcomp2023/sll2c_insert_equal.i_62.smt2
[DEBUG] Benchmark ALIA/20230321-UltimateAutomizerSvcomp2023/sll2c_insert_equal.i_62.smt2: solved=True, runtime=163.42s, PAR-2=163.42s
[DEBUG] Processing 957/1229: ALIA/20230321-UltimateAutomizerSvcomp2023/sll2c_prepend_unequal.i_78.smt2
[DEBUG] Predicted solver: SMTInterpol for benchmark ALIA/20230321-UltimateAutomizerSvcomp2023/sll2c_prepend_unequal.i_78.smt2
[DEBUG] Benchmark ALIA/20230321-UltimateAutomizerSvcomp2023/sll2c_prepend_unequal.i_78.smt2: solved=True, runtime=559.97s, PAR-2=559.97s
[DEBUG] Processing 958/1229: ALIA/20230321-UltimateAutomizerSvcomp2023/tree_parent_ptr.i_4.smt2
[DEBUG] Predicted solver: cvc5 for benchmark ALIA/20230321-UltimateAutomizerSvcomp2023/tree_parent_ptr.i_4.smt2
[DEBUG] Benchmark ALIA/20230321-UltimateAutomizerSvcomp2023/tree_parent_ptr.i_4.smt2: solved=True, runtime=100.20s, PAR-2=100.20s
[DEBUG] Processing 959/1229: ALIA/20230321-UltimateAutomizerSvcomp2023/sll2c_prepend_unequal.i_58.smt2
[DEBUG] Predicted solver: SMTInterpol for benchmark ALIA/20230321-UltimateAutomizerSvcomp2023/sll2c_prepend_unequal.i_58.smt2
[DEBUG] Benchmark ALIA/20230321-UltimateAutomizerSvcomp2023/sll2c_prepend_unequal.i_58.smt2: solved=False, runtime=1200.00s, PAR-2=2400.00s
[DEBUG] Processing 960/1229: ALIA/20230321-UltimateAutomizerSvcomp2023/splice-2.i_47.smt2
[DEBUG] Predicted solver: SMTInterpol for benchmark ALIA/20230321-UltimateAutomizerSvcomp2023/splice-2.i_47.smt2
[DEBUG] Benchmark ALIA/20230321-UltimateAutomizerSvcomp2023/splice-2.i_47.smt2: solved=False, runtime=1200.00s, PAR-2=2400.00s
[DEBUG] Processing 961/1229: ALIA/20230321-UltimateAutomizerSvcomp2023/skiplist_3lvl.i_44.smt2
[DEBUG] Predicted solver: SMTInterpol for benchmark ALIA/20230321-UltimateAutomizerSvcomp2023/skiplist_3lvl.i_44.smt2
[DEBUG] Benchmark ALIA/20230321-UltimateAutomizerSvcomp2023/skiplist_3lvl.i_44.smt2: solved=True, runtime=0.86s, PAR-2=0.86s
[DEBUG] Processing 962/1229: ALIA/20230321-UltimateAutomizerSvcomp2023/simple_built_from_end.i_15.smt2
[DEBUG] Predicted solver: SMTInterpol for benchmark ALIA/20230321-UltimateAutomizerSvcomp2023/simple_built_from_end.i_15.smt2
[DEBUG] Benchmark ALIA/20230321-UltimateAutomizerSvcomp2023/simple_built_from_end.i_15.smt2: solved=True, runtime=0.70s, PAR-2=0.70s
[DEBUG] Processing 963/1229: ALIA/20230321-UltimateAutomizerSvcomp2023/sll_to_dll_rev-2.i_88.smt2
[DEBUG] Predicted solver: SMTInterpol for benchmark ALIA/20230321-UltimateAutomizerSvcomp2023/sll_to_dll_rev-2.i_88.smt2
[DEBUG] Benchmark ALIA/20230321-UltimateAutomizerSvcomp2023/sll_to_dll_rev-2.i_88.smt2: solved=True, runtime=0.47s, PAR-2=0.47s
[DEBUG] Processing 964/1229: ALIA/20230321-UltimateAutomizerSvcomp2023/sll2n_update_all_reverse.i_8.smt2
[DEBUG] Predicted solver: SMTInterpol for benchmark ALIA/20230321-UltimateAutomizerSvcomp2023/sll2n_update_all_reverse.i_8.smt2
[DEBUG] Benchmark ALIA/20230321-UltimateAutomizerSvcomp2023/sll2n_update_all_reverse.i_8.smt2: solved=True, runtime=0.58s, PAR-2=0.58s
[DEBUG] Processing 965/1229: ALIA/20230321-UltimateAutomizerSvcomp2023/dll2n_append_unequal.i_49.smt2
[DEBUG] Predicted solver: SMTInterpol for benchmark ALIA/20230321-UltimateAutomizerSvcomp2023/dll2n_append_unequal.i_49.smt2
[DEBUG] Benchmark ALIA/20230321-UltimateAutomizerSvcomp2023/dll2n_append_unequal.i_49.smt2: solved=True, runtime=8.68s, PAR-2=8.68s
[DEBUG] Processing 966/1229: ALIA/20230321-UltimateAutomizerSvcomp2023/sll_to_dll_rev-2.i_97.smt2
[DEBUG] Predicted solver: SMTInterpol for benchmark ALIA/20230321-UltimateAutomizerSvcomp2023/sll_to_dll_rev-2.i_97.smt2
[DEBUG] Benchmark ALIA/20230321-UltimateAutomizerSvcomp2023/sll_to_dll_rev-2.i_97.smt2: solved=True, runtime=0.52s, PAR-2=0.52s
[DEBUG] Processing 967/1229: ALIA/20230321-UltimateAutomizerSvcomp2023/list-ext_flag_1.i_67.smt2
[DEBUG] Predicted solver: SMTInterpol for benchmark ALIA/20230321-UltimateAutomizerSvcomp2023/list-ext_flag_1.i_67.smt2
[DEBUG] Benchmark ALIA/20230321-UltimateAutomizerSvcomp2023/list-ext_flag_1.i_67.smt2: solved=True, runtime=0.48s, PAR-2=0.48s
[DEBUG] Processing 968/1229: ALIA/20230321-UltimateAutomizerSvcomp2023/dll2c_update_all_reverse.i_202.smt2
[DEBUG] Predicted solver: SMTInterpol for benchmark ALIA/20230321-UltimateAutomizerSvcomp2023/dll2c_update_all_reverse.i_202.smt2
[DEBUG] Benchmark ALIA/20230321-UltimateAutomizerSvcomp2023/dll2c_update_all_reverse.i_202.smt2: solved=True, runtime=0.62s, PAR-2=0.62s
[DEBUG] Processing 969/1229: ALIA/20230321-UltimateAutomizerSvcomp2023/dll-token-1.i_18.smt2
[DEBUG] Predicted solver: iProver for benchmark ALIA/20230321-UltimateAutomizerSvcomp2023/dll-token-1.i_18.smt2
[DEBUG] Benchmark ALIA/20230321-UltimateAutomizerSvcomp2023/dll-token-1.i_18.smt2: solved=True, runtime=2.91s, PAR-2=2.91s
[DEBUG] Processing 970/1229: ALIA/20230321-UltimateAutomizerSvcomp2023/sll2c_prepend_unequal.i_95.smt2
[DEBUG] Predicted solver: SMTInterpol for benchmark ALIA/20230321-UltimateAutomizerSvcomp2023/sll2c_prepend_unequal.i_95.smt2
[DEBUG] Benchmark ALIA/20230321-UltimateAutomizerSvcomp2023/sll2c_prepend_unequal.i_95.smt2: solved=False, runtime=1200.00s, PAR-2=2400.00s
[DEBUG] Processing 971/1229: ALIA/20230321-UltimateAutomizerSvcomp2023/dll2c_update_all_reverse.i_203.smt2
[DEBUG] Predicted solver: SMTInterpol for benchmark ALIA/20230321-UltimateAutomizerSvcomp2023/dll2c_update_all_reverse.i_203.smt2
[DEBUG] Benchmark ALIA/20230321-UltimateAutomizerSvcomp2023/dll2c_update_all_reverse.i_203.smt2: solved=True, runtime=0.68s, PAR-2=0.68s
[DEBUG] Processing 972/1229: ALIA/20230321-UltimateAutomizerSvcomp2023/sll2n_append_equal.i_38.smt2
[DEBUG] Predicted solver: SMTInterpol for benchmark ALIA/20230321-UltimateAutomizerSvcomp2023/sll2n_append_equal.i_38.smt2
[DEBUG] Benchmark ALIA/20230321-UltimateAutomizerSvcomp2023/sll2n_append_equal.i_38.smt2: solved=True, runtime=0.46s, PAR-2=0.46s
[DEBUG] Processing 973/1229: ALIA/20230321-UltimateAutomizerSvcomp2023/sll2n_append_equal.i_31.smt2
[DEBUG] Predicted solver: SMTInterpol for benchmark ALIA/20230321-UltimateAutomizerSvcomp2023/sll2n_append_equal.i_31.smt2
[DEBUG] Benchmark ALIA/20230321-UltimateAutomizerSvcomp2023/sll2n_append_equal.i_31.smt2: solved=True, runtime=0.46s, PAR-2=0.46s
[DEBUG] Processing 974/1229: ALIA/20230321-UltimateAutomizerSvcomp2023/sll2c_prepend_unequal.i_29.smt2
[DEBUG] Predicted solver: SMTInterpol for benchmark ALIA/20230321-UltimateAutomizerSvcomp2023/sll2c_prepend_unequal.i_29.smt2
[DEBUG] Benchmark ALIA/20230321-UltimateAutomizerSvcomp2023/sll2c_prepend_unequal.i_29.smt2: solved=False, runtime=1200.00s, PAR-2=2400.00s
[DEBUG] Processing 975/1229: ALIA/20230321-UltimateAutomizerSvcomp2023/dll_of_dll-2.i_32.smt2
[DEBUG] Predicted solver: SMTInterpol for benchmark ALIA/20230321-UltimateAutomizerSvcomp2023/dll_of_dll-2.i_32.smt2
[DEBUG] Benchmark ALIA/20230321-UltimateAutomizerSvcomp2023/dll_of_dll-2.i_32.smt2: solved=True, runtime=0.52s, PAR-2=0.52s
[DEBUG] Processing 976/1229: ALIA/20230321-UltimateAutomizerSvcomp2023/ex3_forlist.i_191.smt2
[DEBUG] Predicted solver: SMTInterpol for benchmark ALIA/20230321-UltimateAutomizerSvcomp2023/ex3_forlist.i_191.smt2
[DEBUG] Benchmark ALIA/20230321-UltimateAutomizerSvcomp2023/ex3_forlist.i_191.smt2: solved=True, runtime=0.54s, PAR-2=0.54s
[DEBUG] Processing 977/1229: ALIA/20230321-UltimateAutomizerSvcomp2023/dll_circular_traversal-2.i_94.smt2
[DEBUG] Predicted solver: SMTInterpol for benchmark ALIA/20230321-UltimateAutomizerSvcomp2023/dll_circular_traversal-2.i_94.smt2
[DEBUG] Benchmark ALIA/20230321-UltimateAutomizerSvcomp2023/dll_circular_traversal-2.i_94.smt2: solved=False, runtime=1200.00s, PAR-2=2400.00s
[DEBUG] Processing 978/1229: ALIA/20230321-UltimateAutomizerSvcomp2023/simple_built_from_end.i_70.smt2
[DEBUG] Predicted solver: SMTInterpol for benchmark ALIA/20230321-UltimateAutomizerSvcomp2023/simple_built_from_end.i_70.smt2
[DEBUG] Benchmark ALIA/20230321-UltimateAutomizerSvcomp2023/simple_built_from_end.i_70.smt2: solved=True, runtime=0.73s, PAR-2=0.73s
[DEBUG] Processing 979/1229: ALIA/20230321-UltimateAutomizerSvcomp2023/tree_stack.i_3.smt2
[DEBUG] Predicted solver: SMTInterpol for benchmark ALIA/20230321-UltimateAutomizerSvcomp2023/tree_stack.i_3.smt2
[DEBUG] Benchmark ALIA/20230321-UltimateAutomizerSvcomp2023/tree_stack.i_3.smt2: solved=True, runtime=0.45s, PAR-2=0.45s
[DEBUG] Processing 980/1229: ALIA/20230321-UltimateAutomizerSvcomp2023/sll-sorted-2.i_24.smt2
[DEBUG] Predicted solver: SMTInterpol for benchmark ALIA/20230321-UltimateAutomizerSvcomp2023/sll-sorted-2.i_24.smt2
[DEBUG] Benchmark ALIA/20230321-UltimateAutomizerSvcomp2023/sll-sorted-2.i_24.smt2: solved=True, runtime=0.65s, PAR-2=0.65s
[DEBUG] Processing 981/1229: ALIA/20230321-UltimateAutomizerSvcomp2023/dll2c_remove_all.i_22.smt2
[DEBUG] Predicted solver: SMTInterpol for benchmark ALIA/20230321-UltimateAutomizerSvcomp2023/dll2c_remove_all.i_22.smt2
[DEBUG] Benchmark ALIA/20230321-UltimateAutomizerSvcomp2023/dll2c_remove_all.i_22.smt2: solved=False, runtime=1200.00s, PAR-2=2400.00s
[DEBUG] Processing 982/1229: ALIA/20230321-UltimateAutomizerSvcomp2023/dll2n_append_unequal.i_39.smt2
[DEBUG] Predicted solver: SMTInterpol for benchmark ALIA/20230321-UltimateAutomizerSvcomp2023/dll2n_append_unequal.i_39.smt2
[DEBUG] Benchmark ALIA/20230321-UltimateAutomizerSvcomp2023/dll2n_append_unequal.i_39.smt2: solved=True, runtime=6.76s, PAR-2=6.76s
[DEBUG] Processing 983/1229: ALIA/20230321-UltimateAutomizerSvcomp2023/dll2n_remove_all_reverse.i_5.smt2
[DEBUG] Predicted solver: SMTInterpol for benchmark ALIA/20230321-UltimateAutomizerSvcomp2023/dll2n_remove_all_reverse.i_5.smt2
[DEBUG] Benchmark ALIA/20230321-UltimateAutomizerSvcomp2023/dll2n_remove_all_reverse.i_5.smt2: solved=True, runtime=0.40s, PAR-2=0.40s
[DEBUG] Processing 984/1229: ALIA/20230321-UltimateAutomizerSvcomp2023/dll2n_append_unequal.i_47.smt2
[DEBUG] Predicted solver: SMTInterpol for benchmark ALIA/20230321-UltimateAutomizerSvcomp2023/dll2n_append_unequal.i_47.smt2
[DEBUG] Benchmark ALIA/20230321-UltimateAutomizerSvcomp2023/dll2n_append_unequal.i_47.smt2: solved=True, runtime=7.68s, PAR-2=7.68s
[DEBUG] Processing 985/1229: ALIA/20230321-UltimateAutomizerSvcomp2023/bubble_sort_linux-2.i_24.smt2
[DEBUG] Predicted solver: cvc5 for benchmark ALIA/20230321-UltimateAutomizerSvcomp2023/bubble_sort_linux-2.i_24.smt2
[DEBUG] Benchmark ALIA/20230321-UltimateAutomizerSvcomp2023/bubble_sort_linux-2.i_24.smt2: solved=True, runtime=0.29s, PAR-2=0.29s
[DEBUG] Processing 986/1229: ALIA/20230321-UltimateAutomizerSvcomp2023/dll2n_append_equal.i_18.smt2
[DEBUG] Predicted solver: SMTInterpol for benchmark ALIA/20230321-UltimateAutomizerSvcomp2023/dll2n_append_equal.i_18.smt2
[DEBUG] Benchmark ALIA/20230321-UltimateAutomizerSvcomp2023/dll2n_append_equal.i_18.smt2: solved=False, runtime=1200.00s, PAR-2=2400.00s
[DEBUG] Processing 987/1229: ALIA/20230321-UltimateAutomizerSvcomp2023/length_test03-1.i_82.smt2
[DEBUG] Predicted solver: iProver for benchmark ALIA/20230321-UltimateAutomizerSvcomp2023/length_test03-1.i_82.smt2
[DEBUG] Benchmark ALIA/20230321-UltimateAutomizerSvcomp2023/length_test03-1.i_82.smt2: solved=True, runtime=3.89s, PAR-2=3.89s
[DEBUG] Processing 988/1229: ALIA/20230321-UltimateAutomizerSvcomp2023/prefixsum_rec.c_8.smt2
[DEBUG] Predicted solver: SMTInterpol for benchmark ALIA/20230321-UltimateAutomizerSvcomp2023/prefixsum_rec.c_8.smt2
[DEBUG] Benchmark ALIA/20230321-UltimateAutomizerSvcomp2023/prefixsum_rec.c_8.smt2: solved=True, runtime=0.45s, PAR-2=0.45s
[DEBUG] Processing 989/1229: ALIA/20230321-UltimateAutomizerSvcomp2023/sll_circular_traversal-1.i_69.smt2
[DEBUG] Predicted solver: SMTInterpol for benchmark ALIA/20230321-UltimateAutomizerSvcomp2023/sll_circular_traversal-1.i_69.smt2
[DEBUG] Benchmark ALIA/20230321-UltimateAutomizerSvcomp2023/sll_circular_traversal-1.i_69.smt2: solved=False, runtime=1200.00s, PAR-2=2400.00s
[DEBUG] Processing 990/1229: ALIA/20230321-UltimateAutomizerSvcomp2023/list-1.i_75.smt2
[DEBUG] Predicted solver: SMTInterpol for benchmark ALIA/20230321-UltimateAutomizerSvcomp2023/list-1.i_75.smt2
[DEBUG] Benchmark ALIA/20230321-UltimateAutomizerSvcomp2023/list-1.i_75.smt2: solved=True, runtime=25.23s, PAR-2=25.23s
[DEBUG] Processing 991/1229: ALIA/20230321-UltimateAutomizerSvcomp2023/dll_circular_traversal-2.i_1.smt2
[DEBUG] Predicted solver: SMTInterpol for benchmark ALIA/20230321-UltimateAutomizerSvcomp2023/dll_circular_traversal-2.i_1.smt2
[DEBUG] Benchmark ALIA/20230321-UltimateAutomizerSvcomp2023/dll_circular_traversal-2.i_1.smt2: solved=True, runtime=0.43s, PAR-2=0.43s
[DEBUG] Processing 992/1229: ALIA/20230321-UltimateAutomizerSvcomp2023/sll2c_prepend_equal.i_37.smt2
[DEBUG] Predicted solver: SMTInterpol for benchmark ALIA/20230321-UltimateAutomizerSvcomp2023/sll2c_prepend_equal.i_37.smt2
[DEBUG] Benchmark ALIA/20230321-UltimateAutomizerSvcomp2023/sll2c_prepend_equal.i_37.smt2: solved=False, runtime=1200.00s, PAR-2=2400.00s
[DEBUG] Processing 993/1229: ALIA/20230321-UltimateAutomizerSvcomp2023/dll-reverse.i_12.smt2
[DEBUG] Predicted solver: cvc5 for benchmark ALIA/20230321-UltimateAutomizerSvcomp2023/dll-reverse.i_12.smt2
[DEBUG] Benchmark ALIA/20230321-UltimateAutomizerSvcomp2023/dll-reverse.i_12.smt2: solved=True, runtime=0.22s, PAR-2=0.22s
[DEBUG] Processing 994/1229: ALIA/20230321-UltimateAutomizerSvcomp2023/dll2c_update_all_reverse.i_38.smt2
[DEBUG] Predicted solver: SMTInterpol for benchmark ALIA/20230321-UltimateAutomizerSvcomp2023/dll2c_update_all_reverse.i_38.smt2
[DEBUG] Benchmark ALIA/20230321-UltimateAutomizerSvcomp2023/dll2c_update_all_reverse.i_38.smt2: solved=True, runtime=0.65s, PAR-2=0.65s
[DEBUG] Processing 995/1229: ALIA/20230321-UltimateAutomizerSvcomp2023/dll_circular_traversal-2.i_69.smt2
[DEBUG] Predicted solver: SMTInterpol for benchmark ALIA/20230321-UltimateAutomizerSvcomp2023/dll_circular_traversal-2.i_69.smt2
[DEBUG] Benchmark ALIA/20230321-UltimateAutomizerSvcomp2023/dll_circular_traversal-2.i_69.smt2: solved=True, runtime=0.67s, PAR-2=0.67s
[DEBUG] Processing 996/1229: ALIA/20230321-UltimateAutomizerSvcomp2023/length_test03-1.i_39.smt2
[DEBUG] Predicted solver: SMTInterpol for benchmark ALIA/20230321-UltimateAutomizerSvcomp2023/length_test03-1.i_39.smt2
[DEBUG] Benchmark ALIA/20230321-UltimateAutomizerSvcomp2023/length_test03-1.i_39.smt2: solved=True, runtime=0.56s, PAR-2=0.56s
[DEBUG] Processing 997/1229: ALIA/20230321-UltimateAutomizerSvcomp2023/list-ext_flag.i_22.smt2
[DEBUG] Predicted solver: SMTInterpol for benchmark ALIA/20230321-UltimateAutomizerSvcomp2023/list-ext_flag.i_22.smt2
[DEBUG] Benchmark ALIA/20230321-UltimateAutomizerSvcomp2023/list-ext_flag.i_22.smt2: solved=True, runtime=0.63s, PAR-2=0.63s
[DEBUG] Processing 998/1229: ALIA/20230321-UltimateAutomizerSvcomp2023/dll_of_dll-1.i_50.smt2
[DEBUG] Predicted solver: SMTInterpol for benchmark ALIA/20230321-UltimateAutomizerSvcomp2023/dll_of_dll-1.i_50.smt2
[DEBUG] Benchmark ALIA/20230321-UltimateAutomizerSvcomp2023/dll_of_dll-1.i_50.smt2: solved=True, runtime=0.46s, PAR-2=0.46s
[DEBUG] Processing 999/1229: ALIA/20230321-UltimateAutomizerSvcomp2023/dll2n_prepend_unequal.i_31.smt2
[DEBUG] Predicted solver: SMTInterpol for benchmark ALIA/20230321-UltimateAutomizerSvcomp2023/dll2n_prepend_unequal.i_31.smt2
[DEBUG] Benchmark ALIA/20230321-UltimateAutomizerSvcomp2023/dll2n_prepend_unequal.i_31.smt2: solved=False, runtime=1200.00s, PAR-2=2400.00s
[DEBUG] Processing 1000/1229: ALIA/20230321-UltimateAutomizerSvcomp2023/length_test03-1.i_129.smt2
[DEBUG] Predicted solver: SMTInterpol for benchmark ALIA/20230321-UltimateAutomizerSvcomp2023/length_test03-1.i_129.smt2
[DEBUG] Benchmark ALIA/20230321-UltimateAutomizerSvcomp2023/length_test03-1.i_129.smt2: solved=True, runtime=0.53s, PAR-2=0.53s
[DEBUG] Processing 1001/1229: ALIA/20230321-UltimateAutomizerSvcomp2023/sll2n_append_equal.i_37.smt2
[DEBUG] Predicted solver: SMTInterpol for benchmark ALIA/20230321-UltimateAutomizerSvcomp2023/sll2n_append_equal.i_37.smt2
[DEBUG] Benchmark ALIA/20230321-UltimateAutomizerSvcomp2023/sll2n_append_equal.i_37.smt2: solved=True, runtime=0.48s, PAR-2=0.48s
[DEBUG] Processing 1002/1229: ALIA/20230321-UltimateAutomizerSvcomp2023/length_test03-1.i_226.smt2
[DEBUG] Predicted solver: SMTInterpol for benchmark ALIA/20230321-UltimateAutomizerSvcomp2023/length_test03-1.i_226.smt2
[DEBUG] Benchmark ALIA/20230321-UltimateAutomizerSvcomp2023/length_test03-1.i_226.smt2: solved=True, runtime=0.43s, PAR-2=0.43s
[DEBUG] Processing 1003/1229: ALIA/20230321-UltimateAutomizerSvcomp2023/sll2c_prepend_unequal.i_16.smt2
[DEBUG] Predicted solver: SMTInterpol for benchmark ALIA/20230321-UltimateAutomizerSvcomp2023/sll2c_prepend_unequal.i_16.smt2
[DEBUG] Benchmark ALIA/20230321-UltimateAutomizerSvcomp2023/sll2c_prepend_unequal.i_16.smt2: solved=True, runtime=0.44s, PAR-2=0.44s
[DEBUG] Processing 1004/1229: ALIA/20230321-UltimateAutomizerSvcomp2023/sll-sorted-2.i_43.smt2
[DEBUG] Predicted solver: SMTInterpol for benchmark ALIA/20230321-UltimateAutomizerSvcomp2023/sll-sorted-2.i_43.smt2
[DEBUG] Benchmark ALIA/20230321-UltimateAutomizerSvcomp2023/sll-sorted-2.i_43.smt2: solved=True, runtime=0.52s, PAR-2=0.52s
[DEBUG] Processing 1005/1229: ALIA/20230321-UltimateAutomizerSvcomp2023/ex3_forlist.i_41.smt2
[DEBUG] Predicted solver: SMTInterpol for benchmark ALIA/20230321-UltimateAutomizerSvcomp2023/ex3_forlist.i_41.smt2
[DEBUG] Benchmark ALIA/20230321-UltimateAutomizerSvcomp2023/ex3_forlist.i_41.smt2: solved=True, runtime=0.54s, PAR-2=0.54s
[DEBUG] Processing 1006/1229: ALIA/20230321-UltimateAutomizerSvcomp2023/sll2n_prepend_equal.i_50.smt2
[DEBUG] Predicted solver: SMTInterpol for benchmark ALIA/20230321-UltimateAutomizerSvcomp2023/sll2n_prepend_equal.i_50.smt2
[DEBUG] Benchmark ALIA/20230321-UltimateAutomizerSvcomp2023/sll2n_prepend_equal.i_50.smt2: solved=True, runtime=0.46s, PAR-2=0.46s
[DEBUG] Processing 1007/1229: ALIA/20230321-UltimateAutomizerSvcomp2023/length_test03-1.i_140.smt2
[DEBUG] Predicted solver: SMTInterpol for benchmark ALIA/20230321-UltimateAutomizerSvcomp2023/length_test03-1.i_140.smt2
[DEBUG] Benchmark ALIA/20230321-UltimateAutomizerSvcomp2023/length_test03-1.i_140.smt2: solved=True, runtime=0.51s, PAR-2=0.51s
[DEBUG] Processing 1008/1229: ALIA/20230321-UltimateAutomizerSvcomp2023/test_add-2.i_29.smt2
[DEBUG] Predicted solver: cvc5 for benchmark ALIA/20230321-UltimateAutomizerSvcomp2023/test_add-2.i_29.smt2
[DEBUG] Benchmark ALIA/20230321-UltimateAutomizerSvcomp2023/test_add-2.i_29.smt2: solved=True, runtime=0.26s, PAR-2=0.26s
[DEBUG] Processing 1009/1229: ALIA/20230321-UltimateAutomizerSvcomp2023/length_test03-1.i_199.smt2
[DEBUG] Predicted solver: cvc5 for benchmark ALIA/20230321-UltimateAutomizerSvcomp2023/length_test03-1.i_199.smt2
[DEBUG] Benchmark ALIA/20230321-UltimateAutomizerSvcomp2023/length_test03-1.i_199.smt2: solved=True, runtime=416.71s, PAR-2=416.71s
[DEBUG] Processing 1010/1229: ALIA/20230321-UltimateAutomizerSvcomp2023/ex3_forlist.i_49.smt2
[DEBUG] Predicted solver: SMTInterpol for benchmark ALIA/20230321-UltimateAutomizerSvcomp2023/ex3_forlist.i_49.smt2
[DEBUG] Benchmark ALIA/20230321-UltimateAutomizerSvcomp2023/ex3_forlist.i_49.smt2: solved=True, runtime=0.90s, PAR-2=0.90s
[DEBUG] Processing 1011/1229: ALIA/20230321-UltimateAutomizerSvcomp2023/length_test03-1.i_1.smt2
[DEBUG] Predicted solver: SMTInterpol for benchmark ALIA/20230321-UltimateAutomizerSvcomp2023/length_test03-1.i_1.smt2
[DEBUG] Benchmark ALIA/20230321-UltimateAutomizerSvcomp2023/length_test03-1.i_1.smt2: solved=False, runtime=1200.00s, PAR-2=2400.00s
[DEBUG] Processing 1012/1229: ALIA/20230321-UltimateAutomizerSvcomp2023/ex3_forlist.i_132.smt2
[DEBUG] Predicted solver: SMTInterpol for benchmark ALIA/20230321-UltimateAutomizerSvcomp2023/ex3_forlist.i_132.smt2
[DEBUG] Benchmark ALIA/20230321-UltimateAutomizerSvcomp2023/ex3_forlist.i_132.smt2: solved=True, runtime=0.45s, PAR-2=0.45s
[DEBUG] Processing 1013/1229: ALIA/20230321-UltimateAutomizerSvcomp2023/sll_to_dll_rev-2.i_89.smt2
[DEBUG] Predicted solver: cvc5 for benchmark ALIA/20230321-UltimateAutomizerSvcomp2023/sll_to_dll_rev-2.i_89.smt2
[DEBUG] Benchmark ALIA/20230321-UltimateAutomizerSvcomp2023/sll_to_dll_rev-2.i_89.smt2: solved=True, runtime=0.26s, PAR-2=0.26s
[DEBUG] Processing 1014/1229: ALIA/20230321-UltimateAutomizerSvcomp2023/bubble_sort_linux-2.i_29.smt2
[DEBUG] Predicted solver: cvc5 for benchmark ALIA/20230321-UltimateAutomizerSvcomp2023/bubble_sort_linux-2.i_29.smt2
[DEBUG] Benchmark ALIA/20230321-UltimateAutomizerSvcomp2023/bubble_sort_linux-2.i_29.smt2: solved=False, runtime=1200.00s, PAR-2=2400.00s
[DEBUG] Processing 1015/1229: ALIA/20230321-UltimateAutomizerSvcomp2023/dll_circular_traversal-2.i_51.smt2
[DEBUG] Predicted solver: SMTInterpol for benchmark ALIA/20230321-UltimateAutomizerSvcomp2023/dll_circular_traversal-2.i_51.smt2
[DEBUG] Benchmark ALIA/20230321-UltimateAutomizerSvcomp2023/dll_circular_traversal-2.i_51.smt2: solved=True, runtime=0.66s, PAR-2=0.66s
[DEBUG] Processing 1016/1229: ALIA/20230321-UltimateAutomizerSvcomp2023/dll2n_prepend_unequal.i_85.smt2
[DEBUG] Predicted solver: SMTInterpol for benchmark ALIA/20230321-UltimateAutomizerSvcomp2023/dll2n_prepend_unequal.i_85.smt2
[DEBUG] Benchmark ALIA/20230321-UltimateAutomizerSvcomp2023/dll2n_prepend_unequal.i_85.smt2: solved=False, runtime=1200.00s, PAR-2=2400.00s
[DEBUG] Processing 1017/1229: ALIA/20230321-UltimateAutomizerSvcomp2023/sll_circular_traversal-1.i_55.smt2
[DEBUG] Predicted solver: SMTInterpol for benchmark ALIA/20230321-UltimateAutomizerSvcomp2023/sll_circular_traversal-1.i_55.smt2
[DEBUG] Benchmark ALIA/20230321-UltimateAutomizerSvcomp2023/sll_circular_traversal-1.i_55.smt2: solved=False, runtime=1200.00s, PAR-2=2400.00s
[DEBUG] Processing 1018/1229: ALIA/20230321-UltimateAutomizerSvcomp2023/list_search-2.i_1.smt2
[DEBUG] Predicted solver: SMTInterpol for benchmark ALIA/20230321-UltimateAutomizerSvcomp2023/list_search-2.i_1.smt2
[DEBUG] Benchmark ALIA/20230321-UltimateAutomizerSvcomp2023/list_search-2.i_1.smt2: solved=True, runtime=0.43s, PAR-2=0.43s
[DEBUG] Processing 1019/1229: ALIA/20230321-UltimateAutomizerSvcomp2023/tree_of_cslls.i_35.smt2
[DEBUG] Predicted solver: SMTInterpol for benchmark ALIA/20230321-UltimateAutomizerSvcomp2023/tree_of_cslls.i_35.smt2
[DEBUG] Benchmark ALIA/20230321-UltimateAutomizerSvcomp2023/tree_of_cslls.i_35.smt2: solved=True, runtime=0.71s, PAR-2=0.71s
[DEBUG] Processing 1020/1229: ALIA/20230321-UltimateAutomizerSvcomp2023/dll_circular_traversal-2.i_119.smt2
[DEBUG] Predicted solver: SMTInterpol for benchmark ALIA/20230321-UltimateAutomizerSvcomp2023/dll_circular_traversal-2.i_119.smt2
[DEBUG] Benchmark ALIA/20230321-UltimateAutomizerSvcomp2023/dll_circular_traversal-2.i_119.smt2: solved=False, runtime=1200.00s, PAR-2=2400.00s
[DEBUG] Processing 1021/1229: ALIA/20230321-UltimateAutomizerSvcomp2023/dll_circular_traversal-2.i_126.smt2
[DEBUG] Predicted solver: SMTInterpol for benchmark ALIA/20230321-UltimateAutomizerSvcomp2023/dll_circular_traversal-2.i_126.smt2
[DEBUG] Benchmark ALIA/20230321-UltimateAutomizerSvcomp2023/dll_circular_traversal-2.i_126.smt2: solved=False, runtime=1200.00s, PAR-2=2400.00s
[DEBUG] Processing 1022/1229: ALIA/20230321-UltimateAutomizerSvcomp2023/running_example.i_8.smt2
[DEBUG] Predicted solver: SMTInterpol for benchmark ALIA/20230321-UltimateAutomizerSvcomp2023/running_example.i_8.smt2
[DEBUG] Benchmark ALIA/20230321-UltimateAutomizerSvcomp2023/running_example.i_8.smt2: solved=True, runtime=0.74s, PAR-2=0.74s
[DEBUG] Processing 1023/1229: ALIA/20230321-UltimateAutomizerSvcomp2023/list_and_tree_cnstr-2.i_83.smt2
[DEBUG] Predicted solver: SMTInterpol for benchmark ALIA/20230321-UltimateAutomizerSvcomp2023/list_and_tree_cnstr-2.i_83.smt2
[DEBUG] Benchmark ALIA/20230321-UltimateAutomizerSvcomp2023/list_and_tree_cnstr-2.i_83.smt2: solved=True, runtime=0.55s, PAR-2=0.55s
[DEBUG] Processing 1024/1229: ALIA/20230321-UltimateAutomizerSvcomp2023/skiplist_3lvl.i_74.smt2
[DEBUG] Predicted solver: SMTInterpol for benchmark ALIA/20230321-UltimateAutomizerSvcomp2023/skiplist_3lvl.i_74.smt2
[DEBUG] Benchmark ALIA/20230321-UltimateAutomizerSvcomp2023/skiplist_3lvl.i_74.smt2: solved=True, runtime=2.65s, PAR-2=2.65s
[DEBUG] Processing 1025/1229: ALIA/20230321-UltimateAutomizerSvcomp2023/sll-sorted-2.i_96.smt2
[DEBUG] Predicted solver: SMTInterpol for benchmark ALIA/20230321-UltimateAutomizerSvcomp2023/sll-sorted-2.i_96.smt2
[DEBUG] Benchmark ALIA/20230321-UltimateAutomizerSvcomp2023/sll-sorted-2.i_96.smt2: solved=True, runtime=0.65s, PAR-2=0.65s
[DEBUG] Processing 1026/1229: ALIA/20230321-UltimateAutomizerSvcomp2023/skiplist_3lvl.i_106.smt2
[DEBUG] Predicted solver: SMTInterpol for benchmark ALIA/20230321-UltimateAutomizerSvcomp2023/skiplist_3lvl.i_106.smt2
[DEBUG] Benchmark ALIA/20230321-UltimateAutomizerSvcomp2023/skiplist_3lvl.i_106.smt2: solved=True, runtime=0.94s, PAR-2=0.94s
[DEBUG] Processing 1027/1229: ALIA/20230321-UltimateAutomizerSvcomp2023/dll2n_insert_unequal.i_17.smt2
[DEBUG] Predicted solver: SMTInterpol for benchmark ALIA/20230321-UltimateAutomizerSvcomp2023/dll2n_insert_unequal.i_17.smt2
[DEBUG] Benchmark ALIA/20230321-UltimateAutomizerSvcomp2023/dll2n_insert_unequal.i_17.smt2: solved=False, runtime=1200.00s, PAR-2=2400.00s
[DEBUG] Processing 1028/1229: ALIA/20230321-UltimateAutomizerSvcomp2023/dll_circular_traversal-2.i_167.smt2
[DEBUG] Predicted solver: SMTInterpol for benchmark ALIA/20230321-UltimateAutomizerSvcomp2023/dll_circular_traversal-2.i_167.smt2
[DEBUG] Benchmark ALIA/20230321-UltimateAutomizerSvcomp2023/dll_circular_traversal-2.i_167.smt2: solved=True, runtime=539.25s, PAR-2=539.25s
[DEBUG] Processing 1029/1229: ALIA/20230321-UltimateAutomizerSvcomp2023/dll_circular_traversal-2.i_37.smt2
[DEBUG] Predicted solver: iProver for benchmark ALIA/20230321-UltimateAutomizerSvcomp2023/dll_circular_traversal-2.i_37.smt2
[DEBUG] Benchmark ALIA/20230321-UltimateAutomizerSvcomp2023/dll_circular_traversal-2.i_37.smt2: solved=True, runtime=0.88s, PAR-2=0.88s
[DEBUG] Processing 1030/1229: ALIA/20230321-UltimateAutomizerSvcomp2023/sll2n_append_unequal.i_13.smt2
[DEBUG] Predicted solver: SMTInterpol for benchmark ALIA/20230321-UltimateAutomizerSvcomp2023/sll2n_append_unequal.i_13.smt2
[DEBUG] Benchmark ALIA/20230321-UltimateAutomizerSvcomp2023/sll2n_append_unequal.i_13.smt2: solved=True, runtime=0.48s, PAR-2=0.48s
[DEBUG] Processing 1031/1229: ALIA/20230321-UltimateAutomizerSvcomp2023/dll-queue-1.i_18.smt2
[DEBUG] Predicted solver: SMTInterpol for benchmark ALIA/20230321-UltimateAutomizerSvcomp2023/dll-queue-1.i_18.smt2
[DEBUG] Benchmark ALIA/20230321-UltimateAutomizerSvcomp2023/dll-queue-1.i_18.smt2: solved=True, runtime=0.46s, PAR-2=0.46s
[DEBUG] Processing 1032/1229: ALIA/20230321-UltimateAutomizerSvcomp2023/simple_built_from_end.i_26.smt2
[DEBUG] Predicted solver: SMTInterpol for benchmark ALIA/20230321-UltimateAutomizerSvcomp2023/simple_built_from_end.i_26.smt2
[DEBUG] Benchmark ALIA/20230321-UltimateAutomizerSvcomp2023/simple_built_from_end.i_26.smt2: solved=True, runtime=0.48s, PAR-2=0.48s
[DEBUG] Processing 1033/1229: ALIA/20230321-UltimateAutomizerSvcomp2023/length_test03-1.i_182.smt2
[DEBUG] Predicted solver: cvc5 for benchmark ALIA/20230321-UltimateAutomizerSvcomp2023/length_test03-1.i_182.smt2
[DEBUG] Benchmark ALIA/20230321-UltimateAutomizerSvcomp2023/length_test03-1.i_182.smt2: solved=False, runtime=1200.00s, PAR-2=2400.00s
[DEBUG] Processing 1034/1229: ALIA/20230321-UltimateAutomizerSvcomp2023/list_and_tree_cnstr-1.i_7.smt2
[DEBUG] Predicted solver: SMTInterpol for benchmark ALIA/20230321-UltimateAutomizerSvcomp2023/list_and_tree_cnstr-1.i_7.smt2
[DEBUG] Benchmark ALIA/20230321-UltimateAutomizerSvcomp2023/list_and_tree_cnstr-1.i_7.smt2: solved=True, runtime=0.47s, PAR-2=0.47s
[DEBUG] Processing 1035/1229: ALIA/20230321-UltimateAutomizerSvcomp2023/test_mutex_double_unlock.i_19.smt2
[DEBUG] Predicted solver: cvc5 for benchmark ALIA/20230321-UltimateAutomizerSvcomp2023/test_mutex_double_unlock.i_19.smt2
[DEBUG] Benchmark ALIA/20230321-UltimateAutomizerSvcomp2023/test_mutex_double_unlock.i_19.smt2: solved=True, runtime=0.91s, PAR-2=0.91s
[DEBUG] Processing 1036/1229: ALIA/20230321-UltimateAutomizerSvcomp2023/dll2c_update_all_reverse.i_54.smt2
[DEBUG] Predicted solver: SMTInterpol for benchmark ALIA/20230321-UltimateAutomizerSvcomp2023/dll2c_update_all_reverse.i_54.smt2
[DEBUG] Benchmark ALIA/20230321-UltimateAutomizerSvcomp2023/dll2c_update_all_reverse.i_54.smt2: solved=True, runtime=0.49s, PAR-2=0.49s
[DEBUG] Processing 1037/1229: ALIA/20230321-UltimateAutomizerSvcomp2023/sll2c_prepend_equal.i_18.smt2
[DEBUG] Predicted solver: SMTInterpol for benchmark ALIA/20230321-UltimateAutomizerSvcomp2023/sll2c_prepend_equal.i_18.smt2
[DEBUG] Benchmark ALIA/20230321-UltimateAutomizerSvcomp2023/sll2c_prepend_equal.i_18.smt2: solved=False, runtime=1200.00s, PAR-2=2400.00s
[DEBUG] Processing 1038/1229: ALIA/20230321-UltimateAutomizerSvcomp2023/dll_circular_traversal-2.i_152.smt2
[DEBUG] Predicted solver: SMTInterpol for benchmark ALIA/20230321-UltimateAutomizerSvcomp2023/dll_circular_traversal-2.i_152.smt2
[DEBUG] Benchmark ALIA/20230321-UltimateAutomizerSvcomp2023/dll_circular_traversal-2.i_152.smt2: solved=False, runtime=1200.00s, PAR-2=2400.00s
[DEBUG] Processing 1039/1229: ALIA/20230321-UltimateAutomizerSvcomp2023/sll_to_dll_rev-2.i_96.smt2
[DEBUG] Predicted solver: cvc5 for benchmark ALIA/20230321-UltimateAutomizerSvcomp2023/sll_to_dll_rev-2.i_96.smt2
[DEBUG] Benchmark ALIA/20230321-UltimateAutomizerSvcomp2023/sll_to_dll_rev-2.i_96.smt2: solved=True, runtime=0.23s, PAR-2=0.23s
[DEBUG] Processing 1040/1229: ALIA/20230321-UltimateAutomizerSvcomp2023/sll_to_dll_rev-2.i_91.smt2
[DEBUG] Predicted solver: SMTInterpol for benchmark ALIA/20230321-UltimateAutomizerSvcomp2023/sll_to_dll_rev-2.i_91.smt2
[DEBUG] Benchmark ALIA/20230321-UltimateAutomizerSvcomp2023/sll_to_dll_rev-2.i_91.smt2: solved=True, runtime=0.47s, PAR-2=0.47s
[DEBUG] Processing 1041/1229: ALIA/20230321-UltimateAutomizerSvcomp2023/sll2n_update_all_reverse.i_13.smt2
[DEBUG] Predicted solver: SMTInterpol for benchmark ALIA/20230321-UltimateAutomizerSvcomp2023/sll2n_update_all_reverse.i_13.smt2
[DEBUG] Benchmark ALIA/20230321-UltimateAutomizerSvcomp2023/sll2n_update_all_reverse.i_13.smt2: solved=True, runtime=0.65s, PAR-2=0.65s
[DEBUG] Processing 1042/1229: ALIA/20230321-UltimateAutomizerSvcomp2023/dll2n_append_unequal.i_3.smt2
[DEBUG] Predicted solver: SMTInterpol for benchmark ALIA/20230321-UltimateAutomizerSvcomp2023/dll2n_append_unequal.i_3.smt2
[DEBUG] Benchmark ALIA/20230321-UltimateAutomizerSvcomp2023/dll2n_append_unequal.i_3.smt2: solved=True, runtime=0.45s, PAR-2=0.45s
[DEBUG] Processing 1043/1229: ALIA/20230321-UltimateAutomizerSvcomp2023/sll2n_update_all.i_20.smt2
[DEBUG] Predicted solver: SMTInterpol for benchmark ALIA/20230321-UltimateAutomizerSvcomp2023/sll2n_update_all.i_20.smt2
[DEBUG] Benchmark ALIA/20230321-UltimateAutomizerSvcomp2023/sll2n_update_all.i_20.smt2: solved=True, runtime=0.51s, PAR-2=0.51s
[DEBUG] Processing 1044/1229: ALIA/20230321-UltimateAutomizerSvcomp2023/list-ext_flag.i_67.smt2
[DEBUG] Predicted solver: cvc5 for benchmark ALIA/20230321-UltimateAutomizerSvcomp2023/list-ext_flag.i_67.smt2
[DEBUG] Benchmark ALIA/20230321-UltimateAutomizerSvcomp2023/list-ext_flag.i_67.smt2: solved=False, runtime=1200.00s, PAR-2=2400.00s
[DEBUG] Processing 1045/1229: ALIA/20230321-UltimateAutomizerSvcomp2023/sll_to_dll_rev-2.i_81.smt2
[DEBUG] Predicted solver: cvc5 for benchmark ALIA/20230321-UltimateAutomizerSvcomp2023/sll_to_dll_rev-2.i_81.smt2
[DEBUG] Benchmark ALIA/20230321-UltimateAutomizerSvcomp2023/sll_to_dll_rev-2.i_81.smt2: solved=True, runtime=0.23s, PAR-2=0.23s
[DEBUG] Processing 1046/1229: ALIA/20230321-UltimateAutomizerSvcomp2023/dll2c_update_all.i_32.smt2
[DEBUG] Predicted solver: SMTInterpol for benchmark ALIA/20230321-UltimateAutomizerSvcomp2023/dll2c_update_all.i_32.smt2
[DEBUG] Benchmark ALIA/20230321-UltimateAutomizerSvcomp2023/dll2c_update_all.i_32.smt2: solved=True, runtime=0.43s, PAR-2=0.43s
[DEBUG] Processing 1047/1229: ALIA/20230321-UltimateAutomizerSvcomp2023/test_add-2.i_39.smt2
[DEBUG] Predicted solver: cvc5 for benchmark ALIA/20230321-UltimateAutomizerSvcomp2023/test_add-2.i_39.smt2
[DEBUG] Benchmark ALIA/20230321-UltimateAutomizerSvcomp2023/test_add-2.i_39.smt2: solved=True, runtime=0.26s, PAR-2=0.26s
[DEBUG] Processing 1048/1229: ALIA/20230321-UltimateAutomizerSvcomp2023/dll2c_prepend_equal.i_13.smt2
[DEBUG] Predicted solver: SMTInterpol for benchmark ALIA/20230321-UltimateAutomizerSvcomp2023/dll2c_prepend_equal.i_13.smt2
[DEBUG] Benchmark ALIA/20230321-UltimateAutomizerSvcomp2023/dll2c_prepend_equal.i_13.smt2: solved=True, runtime=646.47s, PAR-2=646.47s
[DEBUG] Processing 1049/1229: ALIA/20230321-UltimateAutomizerSvcomp2023/dll2n_remove_all.i_11.smt2
[DEBUG] Predicted solver: SMTInterpol for benchmark ALIA/20230321-UltimateAutomizerSvcomp2023/dll2n_remove_all.i_11.smt2
[DEBUG] Benchmark ALIA/20230321-UltimateAutomizerSvcomp2023/dll2n_remove_all.i_11.smt2: solved=False, runtime=1200.00s, PAR-2=2400.00s
[DEBUG] Processing 1050/1229: ALIA/20230321-UltimateAutomizerSvcomp2023/dll2n_update_all.i_8.smt2
[DEBUG] Predicted solver: SMTInterpol for benchmark ALIA/20230321-UltimateAutomizerSvcomp2023/dll2n_update_all.i_8.smt2
[DEBUG] Benchmark ALIA/20230321-UltimateAutomizerSvcomp2023/dll2n_update_all.i_8.smt2: solved=True, runtime=0.46s, PAR-2=0.46s
[DEBUG] Processing 1051/1229: ALIA/20230321-UltimateAutomizerSvcomp2023/tree_stack.i_2.smt2
[DEBUG] Predicted solver: SMTInterpol for benchmark ALIA/20230321-UltimateAutomizerSvcomp2023/tree_stack.i_2.smt2
[DEBUG] Benchmark ALIA/20230321-UltimateAutomizerSvcomp2023/tree_stack.i_2.smt2: solved=True, runtime=0.48s, PAR-2=0.48s
[DEBUG] Processing 1052/1229: ALIA/20230321-UltimateAutomizerSvcomp2023/bubble_sort_linux-2.i_9.smt2
[DEBUG] Predicted solver: SMTInterpol for benchmark ALIA/20230321-UltimateAutomizerSvcomp2023/bubble_sort_linux-2.i_9.smt2
[DEBUG] Benchmark ALIA/20230321-UltimateAutomizerSvcomp2023/bubble_sort_linux-2.i_9.smt2: solved=True, runtime=0.45s, PAR-2=0.45s
[DEBUG] Processing 1053/1229: ALIA/20230321-UltimateAutomizerSvcomp2023/dll2n_prepend_unequal.i_69.smt2
[DEBUG] Predicted solver: SMTInterpol for benchmark ALIA/20230321-UltimateAutomizerSvcomp2023/dll2n_prepend_unequal.i_69.smt2
[DEBUG] Benchmark ALIA/20230321-UltimateAutomizerSvcomp2023/dll2n_prepend_unequal.i_69.smt2: solved=True, runtime=675.68s, PAR-2=675.68s
[DEBUG] Processing 1054/1229: ALIA/20230321-UltimateAutomizerSvcomp2023/sll-sorted-2.i_71.smt2
[DEBUG] Predicted solver: SMTInterpol for benchmark ALIA/20230321-UltimateAutomizerSvcomp2023/sll-sorted-2.i_71.smt2
[DEBUG] Benchmark ALIA/20230321-UltimateAutomizerSvcomp2023/sll-sorted-2.i_71.smt2: solved=True, runtime=2.41s, PAR-2=2.41s
[DEBUG] Processing 1055/1229: ALIA/20230321-UltimateAutomizerSvcomp2023/bubble_sort_linux-1.i_41.smt2
[DEBUG] Predicted solver: SMTInterpol for benchmark ALIA/20230321-UltimateAutomizerSvcomp2023/bubble_sort_linux-1.i_41.smt2
[DEBUG] Benchmark ALIA/20230321-UltimateAutomizerSvcomp2023/bubble_sort_linux-1.i_41.smt2: solved=True, runtime=9.71s, PAR-2=9.71s
[DEBUG] Processing 1056/1229: ALIA/20230321-UltimateAutomizerSvcomp2023/dll_circular_traversal-2.i_32.smt2
[DEBUG] Predicted solver: cvc5 for benchmark ALIA/20230321-UltimateAutomizerSvcomp2023/dll_circular_traversal-2.i_32.smt2
[DEBUG] Benchmark ALIA/20230321-UltimateAutomizerSvcomp2023/dll_circular_traversal-2.i_32.smt2: solved=False, runtime=1200.00s, PAR-2=2400.00s
[DEBUG] Processing 1057/1229: ALIA/20230321-UltimateAutomizerSvcomp2023/dll-token-1.i_9.smt2
[DEBUG] Predicted solver: SMTInterpol for benchmark ALIA/20230321-UltimateAutomizerSvcomp2023/dll-token-1.i_9.smt2
[DEBUG] Benchmark ALIA/20230321-UltimateAutomizerSvcomp2023/dll-token-1.i_9.smt2: solved=False, runtime=1200.00s, PAR-2=2400.00s
[DEBUG] Processing 1058/1229: ALIA/20230321-UltimateAutomizerSvcomp2023/packet_filter.i_3.smt2
[DEBUG] Predicted solver: cvc5 for benchmark ALIA/20230321-UltimateAutomizerSvcomp2023/packet_filter.i_3.smt2
[DEBUG] Benchmark ALIA/20230321-UltimateAutomizerSvcomp2023/packet_filter.i_3.smt2: solved=True, runtime=0.41s, PAR-2=0.41s
[DEBUG] Processing 1059/1229: ALIA/20230321-UltimateAutomizerSvcomp2023/sll2c_prepend_unequal.i_4.smt2
[DEBUG] Predicted solver: SMTInterpol for benchmark ALIA/20230321-UltimateAutomizerSvcomp2023/sll2c_prepend_unequal.i_4.smt2
[DEBUG] Benchmark ALIA/20230321-UltimateAutomizerSvcomp2023/sll2c_prepend_unequal.i_4.smt2: solved=True, runtime=0.50s, PAR-2=0.50s
[DEBUG] Processing 1060/1229: ALIA/20230321-UltimateAutomizerSvcomp2023/test_mutex_unlock_at_exit.i_18.smt2
[DEBUG] Predicted solver: SMTInterpol for benchmark ALIA/20230321-UltimateAutomizerSvcomp2023/test_mutex_unlock_at_exit.i_18.smt2
[DEBUG] Benchmark ALIA/20230321-UltimateAutomizerSvcomp2023/test_mutex_unlock_at_exit.i_18.smt2: solved=True, runtime=0.44s, PAR-2=0.44s
[DEBUG] Processing 1061/1229: ALIA/20230321-UltimateAutomizerSvcomp2023/shared_mem1.i_71.smt2
[DEBUG] Predicted solver: SMTInterpol for benchmark ALIA/20230321-UltimateAutomizerSvcomp2023/shared_mem1.i_71.smt2
[DEBUG] Benchmark ALIA/20230321-UltimateAutomizerSvcomp2023/shared_mem1.i_71.smt2: solved=True, runtime=0.57s, PAR-2=0.57s
[DEBUG] Processing 1062/1229: ALIA/20230321-UltimateAutomizerSvcomp2023/dll2c_append_unequal.i_21.smt2
[DEBUG] Predicted solver: SMTInterpol for benchmark ALIA/20230321-UltimateAutomizerSvcomp2023/dll2c_append_unequal.i_21.smt2
[DEBUG] Benchmark ALIA/20230321-UltimateAutomizerSvcomp2023/dll2c_append_unequal.i_21.smt2: solved=False, runtime=1200.00s, PAR-2=2400.00s
[DEBUG] Processing 1063/1229: ALIA/20230321-UltimateAutomizerSvcomp2023/sll2n_prepend_equal.i_53.smt2
[DEBUG] Predicted solver: SMTInterpol for benchmark ALIA/20230321-UltimateAutomizerSvcomp2023/sll2n_prepend_equal.i_53.smt2
[DEBUG] Benchmark ALIA/20230321-UltimateAutomizerSvcomp2023/sll2n_prepend_equal.i_53.smt2: solved=True, runtime=0.46s, PAR-2=0.46s
[DEBUG] Processing 1064/1229: ALIA/20230321-UltimateAutomizerSvcomp2023/dll-reverse.i_50.smt2
[DEBUG] Predicted solver: SMTInterpol for benchmark ALIA/20230321-UltimateAutomizerSvcomp2023/dll-reverse.i_50.smt2
[DEBUG] Benchmark ALIA/20230321-UltimateAutomizerSvcomp2023/dll-reverse.i_50.smt2: solved=True, runtime=0.47s, PAR-2=0.47s
[DEBUG] Processing 1065/1229: ALIA/20230321-UltimateAutomizerSvcomp2023/dll_circular_traversal-2.i_157.smt2
[DEBUG] Predicted solver: SMTInterpol for benchmark ALIA/20230321-UltimateAutomizerSvcomp2023/dll_circular_traversal-2.i_157.smt2
[DEBUG] Benchmark ALIA/20230321-UltimateAutomizerSvcomp2023/dll_circular_traversal-2.i_157.smt2: solved=True, runtime=641.13s, PAR-2=641.13s
[DEBUG] Processing 1066/1229: ALIA/20230321-UltimateAutomizerSvcomp2023/dll2n_append_unequal.i_18.smt2
[DEBUG] Predicted solver: SMTInterpol for benchmark ALIA/20230321-UltimateAutomizerSvcomp2023/dll2n_append_unequal.i_18.smt2
[DEBUG] Benchmark ALIA/20230321-UltimateAutomizerSvcomp2023/dll2n_append_unequal.i_18.smt2: solved=True, runtime=0.43s, PAR-2=0.43s
[DEBUG] Processing 1067/1229: ALIA/20230321-UltimateAutomizerSvcomp2023/dll-queue-1.i_3.smt2
[DEBUG] Predicted solver: cvc5 for benchmark ALIA/20230321-UltimateAutomizerSvcomp2023/dll-queue-1.i_3.smt2
[DEBUG] Benchmark ALIA/20230321-UltimateAutomizerSvcomp2023/dll-queue-1.i_3.smt2: solved=True, runtime=0.55s, PAR-2=0.55s
[DEBUG] Processing 1068/1229: ALIA/20230321-UltimateAutomizerSvcomp2023/simple_built_from_end.i_20.smt2
[DEBUG] Predicted solver: SMTInterpol for benchmark ALIA/20230321-UltimateAutomizerSvcomp2023/simple_built_from_end.i_20.smt2
[DEBUG] Benchmark ALIA/20230321-UltimateAutomizerSvcomp2023/simple_built_from_end.i_20.smt2: solved=True, runtime=0.46s, PAR-2=0.46s
[DEBUG] Processing 1069/1229: ALIA/20230321-UltimateAutomizerSvcomp2023/sll2c_prepend_equal.i_24.smt2
[DEBUG] Predicted solver: SMTInterpol for benchmark ALIA/20230321-UltimateAutomizerSvcomp2023/sll2c_prepend_equal.i_24.smt2
[DEBUG] Benchmark ALIA/20230321-UltimateAutomizerSvcomp2023/sll2c_prepend_equal.i_24.smt2: solved=False, runtime=1200.00s, PAR-2=2400.00s
[DEBUG] Processing 1070/1229: ALIA/20230321-UltimateAutomizerSvcomp2023/test_add-2.i_41.smt2
[DEBUG] Predicted solver: cvc5 for benchmark ALIA/20230321-UltimateAutomizerSvcomp2023/test_add-2.i_41.smt2
[DEBUG] Benchmark ALIA/20230321-UltimateAutomizerSvcomp2023/test_add-2.i_41.smt2: solved=True, runtime=0.40s, PAR-2=0.40s
[DEBUG] Processing 1071/1229: ALIA/20230321-UltimateAutomizerSvcomp2023/sll_to_dll_rev-1.i_7.smt2
[DEBUG] Predicted solver: SMTInterpol for benchmark ALIA/20230321-UltimateAutomizerSvcomp2023/sll_to_dll_rev-1.i_7.smt2
[DEBUG] Benchmark ALIA/20230321-UltimateAutomizerSvcomp2023/sll_to_dll_rev-1.i_7.smt2: solved=True, runtime=0.51s, PAR-2=0.51s
[DEBUG] Processing 1072/1229: ALIA/20230321-UltimateAutomizerSvcomp2023/dll2c_update_all_reverse.i_220.smt2
[DEBUG] Predicted solver: SMTInterpol for benchmark ALIA/20230321-UltimateAutomizerSvcomp2023/dll2c_update_all_reverse.i_220.smt2
[DEBUG] Benchmark ALIA/20230321-UltimateAutomizerSvcomp2023/dll2c_update_all_reverse.i_220.smt2: solved=True, runtime=0.61s, PAR-2=0.61s
[DEBUG] Processing 1073/1229: ALIA/20230321-UltimateAutomizerSvcomp2023/sll-sorted-2.i_40.smt2
[DEBUG] Predicted solver: SMTInterpol for benchmark ALIA/20230321-UltimateAutomizerSvcomp2023/sll-sorted-2.i_40.smt2
[DEBUG] Benchmark ALIA/20230321-UltimateAutomizerSvcomp2023/sll-sorted-2.i_40.smt2: solved=False, runtime=1200.00s, PAR-2=2400.00s
[DEBUG] Processing 1074/1229: ALIA/20230321-UltimateAutomizerSvcomp2023/splice-2.i_74.smt2
[DEBUG] Predicted solver: SMTInterpol for benchmark ALIA/20230321-UltimateAutomizerSvcomp2023/splice-2.i_74.smt2
[DEBUG] Benchmark ALIA/20230321-UltimateAutomizerSvcomp2023/splice-2.i_74.smt2: solved=True, runtime=0.67s, PAR-2=0.67s
[DEBUG] Processing 1075/1229: ALIA/20230321-UltimateAutomizerSvcomp2023/dll2n_append_equal.i_56.smt2
[DEBUG] Predicted solver: SMTInterpol for benchmark ALIA/20230321-UltimateAutomizerSvcomp2023/dll2n_append_equal.i_56.smt2
[DEBUG] Benchmark ALIA/20230321-UltimateAutomizerSvcomp2023/dll2n_append_equal.i_56.smt2: solved=True, runtime=0.43s, PAR-2=0.43s
[DEBUG] Processing 1076/1229: ALIA/20230321-UltimateAutomizerSvcomp2023/dll2c_append_unequal.i_9.smt2
[DEBUG] Predicted solver: cvc5 for benchmark ALIA/20230321-UltimateAutomizerSvcomp2023/dll2c_append_unequal.i_9.smt2
[DEBUG] Benchmark ALIA/20230321-UltimateAutomizerSvcomp2023/dll2c_append_unequal.i_9.smt2: solved=False, runtime=1200.00s, PAR-2=2400.00s
[DEBUG] Processing 1077/1229: ALIA/20230321-UltimateAutomizerSvcomp2023/dll2n_append_equal.i_26.smt2
[DEBUG] Predicted solver: SMTInterpol for benchmark ALIA/20230321-UltimateAutomizerSvcomp2023/dll2n_append_equal.i_26.smt2
[DEBUG] Benchmark ALIA/20230321-UltimateAutomizerSvcomp2023/dll2n_append_equal.i_26.smt2: solved=False, runtime=1200.00s, PAR-2=2400.00s
[DEBUG] Processing 1078/1229: ALIA/20230321-UltimateAutomizerSvcomp2023/dll2n_update_all.i_5.smt2
[DEBUG] Predicted solver: SMTInterpol for benchmark ALIA/20230321-UltimateAutomizerSvcomp2023/dll2n_update_all.i_5.smt2
[DEBUG] Benchmark ALIA/20230321-UltimateAutomizerSvcomp2023/dll2n_update_all.i_5.smt2: solved=True, runtime=0.43s, PAR-2=0.43s
[DEBUG] Processing 1079/1229: ALIA/20230321-UltimateAutomizerSvcomp2023/dll2n_append_unequal.i_73.smt2
[DEBUG] Predicted solver: SMTInterpol for benchmark ALIA/20230321-UltimateAutomizerSvcomp2023/dll2n_append_unequal.i_73.smt2
[DEBUG] Benchmark ALIA/20230321-UltimateAutomizerSvcomp2023/dll2n_append_unequal.i_73.smt2: solved=True, runtime=0.42s, PAR-2=0.42s
[DEBUG] Processing 1080/1229: ALIA/20230321-UltimateAutomizerSvcomp2023/sll-sorted-2.i_45.smt2
[DEBUG] Predicted solver: SMTInterpol for benchmark ALIA/20230321-UltimateAutomizerSvcomp2023/sll-sorted-2.i_45.smt2
[DEBUG] Benchmark ALIA/20230321-UltimateAutomizerSvcomp2023/sll-sorted-2.i_45.smt2: solved=True, runtime=0.50s, PAR-2=0.50s
[DEBUG] Processing 1081/1229: ALIA/20230321-UltimateAutomizerSvcomp2023/dll_circular_traversal-2.i_99.smt2
[DEBUG] Predicted solver: SMTInterpol for benchmark ALIA/20230321-UltimateAutomizerSvcomp2023/dll_circular_traversal-2.i_99.smt2
[DEBUG] Benchmark ALIA/20230321-UltimateAutomizerSvcomp2023/dll_circular_traversal-2.i_99.smt2: solved=False, runtime=1200.00s, PAR-2=2400.00s
[DEBUG] Processing 1082/1229: ALIA/20230321-UltimateAutomizerSvcomp2023/ex3_forlist.i_141.smt2
[DEBUG] Predicted solver: SMTInterpol for benchmark ALIA/20230321-UltimateAutomizerSvcomp2023/ex3_forlist.i_141.smt2
[DEBUG] Benchmark ALIA/20230321-UltimateAutomizerSvcomp2023/ex3_forlist.i_141.smt2: solved=True, runtime=0.43s, PAR-2=0.43s
[DEBUG] Processing 1083/1229: ALIA/20230321-UltimateAutomizerSvcomp2023/dll_of_dll-1.i_48.smt2
[DEBUG] Predicted solver: SMTInterpol for benchmark ALIA/20230321-UltimateAutomizerSvcomp2023/dll_of_dll-1.i_48.smt2
[DEBUG] Benchmark ALIA/20230321-UltimateAutomizerSvcomp2023/dll_of_dll-1.i_48.smt2: solved=True, runtime=0.47s, PAR-2=0.47s
[DEBUG] Processing 1084/1229: ALIA/20230321-UltimateAutomizerSvcomp2023/list-2.i_45.smt2
[DEBUG] Predicted solver: SMTInterpol for benchmark ALIA/20230321-UltimateAutomizerSvcomp2023/list-2.i_45.smt2
[DEBUG] Benchmark ALIA/20230321-UltimateAutomizerSvcomp2023/list-2.i_45.smt2: solved=False, runtime=1200.00s, PAR-2=2400.00s
[DEBUG] Processing 1085/1229: ALIA/20230321-UltimateAutomizerSvcomp2023/test-0234-1.i_11.smt2
[DEBUG] Predicted solver: SMTInterpol for benchmark ALIA/20230321-UltimateAutomizerSvcomp2023/test-0234-1.i_11.smt2
[DEBUG] Benchmark ALIA/20230321-UltimateAutomizerSvcomp2023/test-0234-1.i_11.smt2: solved=True, runtime=0.40s, PAR-2=0.40s
[DEBUG] Processing 1086/1229: ALIA/20230321-UltimateAutomizerSvcomp2023/dll2c_update_all_reverse.i_135.smt2
[DEBUG] Predicted solver: SMTInterpol for benchmark ALIA/20230321-UltimateAutomizerSvcomp2023/dll2c_update_all_reverse.i_135.smt2
[DEBUG] Benchmark ALIA/20230321-UltimateAutomizerSvcomp2023/dll2c_update_all_reverse.i_135.smt2: solved=True, runtime=0.75s, PAR-2=0.75s
[DEBUG] Processing 1087/1229: ALIA/20230321-UltimateAutomizerSvcomp2023/dll2c_update_all_reverse.i_215.smt2
[DEBUG] Predicted solver: SMTInterpol for benchmark ALIA/20230321-UltimateAutomizerSvcomp2023/dll2c_update_all_reverse.i_215.smt2
[DEBUG] Benchmark ALIA/20230321-UltimateAutomizerSvcomp2023/dll2c_update_all_reverse.i_215.smt2: solved=True, runtime=0.78s, PAR-2=0.78s
[DEBUG] Processing 1088/1229: ALIA/20230321-UltimateAutomizerSvcomp2023/sll2n_append_equal.i_18.smt2
[DEBUG] Predicted solver: SMTInterpol for benchmark ALIA/20230321-UltimateAutomizerSvcomp2023/sll2n_append_equal.i_18.smt2
[DEBUG] Benchmark ALIA/20230321-UltimateAutomizerSvcomp2023/sll2n_append_equal.i_18.smt2: solved=True, runtime=0.48s, PAR-2=0.48s
[DEBUG] Processing 1089/1229: ALIA/20230321-UltimateAutomizerSvcomp2023/sll2c_insert_equal.i_7.smt2
[DEBUG] Predicted solver: SMTInterpol for benchmark ALIA/20230321-UltimateAutomizerSvcomp2023/sll2c_insert_equal.i_7.smt2
[DEBUG] Benchmark ALIA/20230321-UltimateAutomizerSvcomp2023/sll2c_insert_equal.i_7.smt2: solved=True, runtime=6.60s, PAR-2=6.60s
[DEBUG] Processing 1090/1229: ALIA/20230321-UltimateAutomizerSvcomp2023/dll2c_insert_equal.i_62.smt2
[DEBUG] Predicted solver: SMTInterpol for benchmark ALIA/20230321-UltimateAutomizerSvcomp2023/dll2c_insert_equal.i_62.smt2
[DEBUG] Benchmark ALIA/20230321-UltimateAutomizerSvcomp2023/dll2c_insert_equal.i_62.smt2: solved=False, runtime=1200.00s, PAR-2=2400.00s
[DEBUG] Processing 1091/1229: ALIA/20230321-UltimateAutomizerSvcomp2023/test-0234-1.i_34.smt2
[DEBUG] Predicted solver: SMTInterpol for benchmark ALIA/20230321-UltimateAutomizerSvcomp2023/test-0234-1.i_34.smt2
[DEBUG] Benchmark ALIA/20230321-UltimateAutomizerSvcomp2023/test-0234-1.i_34.smt2: solved=True, runtime=0.44s, PAR-2=0.44s
[DEBUG] Processing 1092/1229: ALIA/20230321-UltimateAutomizerSvcomp2023/dll_circular_traversal-2.i_153.smt2
[DEBUG] Predicted solver: cvc5 for benchmark ALIA/20230321-UltimateAutomizerSvcomp2023/dll_circular_traversal-2.i_153.smt2
[DEBUG] Benchmark ALIA/20230321-UltimateAutomizerSvcomp2023/dll_circular_traversal-2.i_153.smt2: solved=True, runtime=67.36s, PAR-2=67.36s
[DEBUG] Processing 1093/1229: ALIA/20230321-UltimateAutomizerSvcomp2023/min_max.i_4.smt2
[DEBUG] Predicted solver: SMTInterpol for benchmark ALIA/20230321-UltimateAutomizerSvcomp2023/min_max.i_4.smt2
[DEBUG] Benchmark ALIA/20230321-UltimateAutomizerSvcomp2023/min_max.i_4.smt2: solved=True, runtime=0.43s, PAR-2=0.43s
[DEBUG] Processing 1094/1229: ALIA/20230321-UltimateAutomizerSvcomp2023/list_and_tree_cnstr-1.i_51.smt2
[DEBUG] Predicted solver: SMTInterpol for benchmark ALIA/20230321-UltimateAutomizerSvcomp2023/list_and_tree_cnstr-1.i_51.smt2
[DEBUG] Benchmark ALIA/20230321-UltimateAutomizerSvcomp2023/list_and_tree_cnstr-1.i_51.smt2: solved=True, runtime=0.88s, PAR-2=0.88s
[DEBUG] Processing 1095/1229: ALIA/20230321-UltimateAutomizerSvcomp2023/sll_to_dll_rev-1.i_88.smt2
[DEBUG] Predicted solver: cvc5 for benchmark ALIA/20230321-UltimateAutomizerSvcomp2023/sll_to_dll_rev-1.i_88.smt2
[DEBUG] Benchmark ALIA/20230321-UltimateAutomizerSvcomp2023/sll_to_dll_rev-1.i_88.smt2: solved=True, runtime=114.18s, PAR-2=114.18s
[DEBUG] Processing 1096/1229: ALIA/20230321-UltimateAutomizerSvcomp2023/dll2c_update_all_reverse.i_67.smt2
[DEBUG] Predicted solver: cvc5 for benchmark ALIA/20230321-UltimateAutomizerSvcomp2023/dll2c_update_all_reverse.i_67.smt2
[DEBUG] Benchmark ALIA/20230321-UltimateAutomizerSvcomp2023/dll2c_update_all_reverse.i_67.smt2: solved=True, runtime=0.26s, PAR-2=0.26s
[DEBUG] Processing 1097/1229: ALIA/20230321-UltimateAutomizerSvcomp2023/splice-2.i_69.smt2
[DEBUG] Predicted solver: SMTInterpol for benchmark ALIA/20230321-UltimateAutomizerSvcomp2023/splice-2.i_69.smt2
[DEBUG] Benchmark ALIA/20230321-UltimateAutomizerSvcomp2023/splice-2.i_69.smt2: solved=True, runtime=0.41s, PAR-2=0.41s
[DEBUG] Processing 1098/1229: ALIA/20230321-UltimateAutomizerSvcomp2023/list_search-2.i_3.smt2
[DEBUG] Predicted solver: SMTInterpol for benchmark ALIA/20230321-UltimateAutomizerSvcomp2023/list_search-2.i_3.smt2
[DEBUG] Benchmark ALIA/20230321-UltimateAutomizerSvcomp2023/list_search-2.i_3.smt2: solved=True, runtime=0.45s, PAR-2=0.45s
[DEBUG] Processing 1099/1229: ALIA/20230321-UltimateAutomizerSvcomp2023/ex3_forlist.i_98.smt2
[DEBUG] Predicted solver: SMTInterpol for benchmark ALIA/20230321-UltimateAutomizerSvcomp2023/ex3_forlist.i_98.smt2
[DEBUG] Benchmark ALIA/20230321-UltimateAutomizerSvcomp2023/ex3_forlist.i_98.smt2: solved=True, runtime=0.49s, PAR-2=0.49s
[DEBUG] Processing 1100/1229: ALIA/20230321-UltimateAutomizerSvcomp2023/sll2n_remove_all.i_9.smt2
[DEBUG] Predicted solver: SMTInterpol for benchmark ALIA/20230321-UltimateAutomizerSvcomp2023/sll2n_remove_all.i_9.smt2
[DEBUG] Benchmark ALIA/20230321-UltimateAutomizerSvcomp2023/sll2n_remove_all.i_9.smt2: solved=True, runtime=0.57s, PAR-2=0.57s
[DEBUG] Processing 1101/1229: ALIA/20230321-UltimateAutomizerSvcomp2023/ex3_forlist.i_197.smt2
[DEBUG] Predicted solver: SMTInterpol for benchmark ALIA/20230321-UltimateAutomizerSvcomp2023/ex3_forlist.i_197.smt2
[DEBUG] Benchmark ALIA/20230321-UltimateAutomizerSvcomp2023/ex3_forlist.i_197.smt2: solved=True, runtime=0.48s, PAR-2=0.48s
[DEBUG] Processing 1102/1229: ALIA/20230321-UltimateAutomizerSvcomp2023/sll2n_insert_unequal.i_51.smt2
[DEBUG] Predicted solver: SMTInterpol for benchmark ALIA/20230321-UltimateAutomizerSvcomp2023/sll2n_insert_unequal.i_51.smt2
[DEBUG] Benchmark ALIA/20230321-UltimateAutomizerSvcomp2023/sll2n_insert_unequal.i_51.smt2: solved=True, runtime=178.17s, PAR-2=178.17s
[DEBUG] Processing 1103/1229: ALIA/20230321-UltimateAutomizerSvcomp2023/list-ext_flag.i_71.smt2
[DEBUG] Predicted solver: SMTInterpol for benchmark ALIA/20230321-UltimateAutomizerSvcomp2023/list-ext_flag.i_71.smt2
[DEBUG] Benchmark ALIA/20230321-UltimateAutomizerSvcomp2023/list-ext_flag.i_71.smt2: solved=False, runtime=1200.00s, PAR-2=2400.00s
[DEBUG] Processing 1104/1229: ALIA/20230321-UltimateAutomizerSvcomp2023/list-ext_flag.i_118.smt2
[DEBUG] Predicted solver: SMTInterpol for benchmark ALIA/20230321-UltimateAutomizerSvcomp2023/list-ext_flag.i_118.smt2
[DEBUG] Benchmark ALIA/20230321-UltimateAutomizerSvcomp2023/list-ext_flag.i_118.smt2: solved=True, runtime=1.01s, PAR-2=1.01s
[DEBUG] Processing 1105/1229: ALIA/20230321-UltimateAutomizerSvcomp2023/dll2n_prepend_unequal.i_20.smt2
[DEBUG] Predicted solver: SMTInterpol for benchmark ALIA/20230321-UltimateAutomizerSvcomp2023/dll2n_prepend_unequal.i_20.smt2
[DEBUG] Benchmark ALIA/20230321-UltimateAutomizerSvcomp2023/dll2n_prepend_unequal.i_20.smt2: solved=False, runtime=1200.00s, PAR-2=2400.00s
[DEBUG] Processing 1106/1229: ALIA/20230321-UltimateAutomizerSvcomp2023/length_test03-1.i_131.smt2
[DEBUG] Predicted solver: SMTInterpol for benchmark ALIA/20230321-UltimateAutomizerSvcomp2023/length_test03-1.i_131.smt2
[DEBUG] Benchmark ALIA/20230321-UltimateAutomizerSvcomp2023/length_test03-1.i_131.smt2: solved=True, runtime=0.48s, PAR-2=0.48s
[DEBUG] Processing 1107/1229: ALIA/20230321-UltimateAutomizerSvcomp2023/list-1.i_73.smt2
[DEBUG] Predicted solver: SMTInterpol for benchmark ALIA/20230321-UltimateAutomizerSvcomp2023/list-1.i_73.smt2
[DEBUG] Benchmark ALIA/20230321-UltimateAutomizerSvcomp2023/list-1.i_73.smt2: solved=False, runtime=1200.00s, PAR-2=2400.00s
[DEBUG] Processing 1108/1229: ALIA/20230321-UltimateAutomizerSvcomp2023/sll2n_insert_unequal.i_30.smt2
[DEBUG] Predicted solver: SMTInterpol for benchmark ALIA/20230321-UltimateAutomizerSvcomp2023/sll2n_insert_unequal.i_30.smt2
[DEBUG] Benchmark ALIA/20230321-UltimateAutomizerSvcomp2023/sll2n_insert_unequal.i_30.smt2: solved=True, runtime=198.89s, PAR-2=198.89s
[DEBUG] Processing 1109/1229: ALIA/20230321-UltimateAutomizerSvcomp2023/dll-01-2.i_4.smt2
[DEBUG] Predicted solver: SMTInterpol for benchmark ALIA/20230321-UltimateAutomizerSvcomp2023/dll-01-2.i_4.smt2
[DEBUG] Benchmark ALIA/20230321-UltimateAutomizerSvcomp2023/dll-01-2.i_4.smt2: solved=False, runtime=1200.00s, PAR-2=2400.00s
[DEBUG] Processing 1110/1229: ALIA/20230321-UltimateAutomizerSvcomp2023/dll2c_insert_equal.i_67.smt2
[DEBUG] Predicted solver: SMTInterpol for benchmark ALIA/20230321-UltimateAutomizerSvcomp2023/dll2c_insert_equal.i_67.smt2
[DEBUG] Benchmark ALIA/20230321-UltimateAutomizerSvcomp2023/dll2c_insert_equal.i_67.smt2: solved=False, runtime=1200.00s, PAR-2=2400.00s
[DEBUG] Processing 1111/1229: ALIA/20230321-UltimateAutomizerSvcomp2023/length_test03-1.i_101.smt2
[DEBUG] Predicted solver: iProver for benchmark ALIA/20230321-UltimateAutomizerSvcomp2023/length_test03-1.i_101.smt2
[DEBUG] Benchmark ALIA/20230321-UltimateAutomizerSvcomp2023/length_test03-1.i_101.smt2: solved=True, runtime=3.90s, PAR-2=3.90s
[DEBUG] Processing 1112/1229: ALIA/20230321-UltimateAutomizerSvcomp2023/sll2n_prepend_equal.i_41.smt2
[DEBUG] Predicted solver: cvc5 for benchmark ALIA/20230321-UltimateAutomizerSvcomp2023/sll2n_prepend_equal.i_41.smt2
[DEBUG] Benchmark ALIA/20230321-UltimateAutomizerSvcomp2023/sll2n_prepend_equal.i_41.smt2: solved=True, runtime=0.79s, PAR-2=0.79s
[DEBUG] Processing 1113/1229: ALIA/20230321-UltimateAutomizerSvcomp2023/bubble_sort_linux-1.i_8.smt2
[DEBUG] Predicted solver: SMTInterpol for benchmark ALIA/20230321-UltimateAutomizerSvcomp2023/bubble_sort_linux-1.i_8.smt2
[DEBUG] Benchmark ALIA/20230321-UltimateAutomizerSvcomp2023/bubble_sort_linux-1.i_8.smt2: solved=True, runtime=0.42s, PAR-2=0.42s
[DEBUG] Processing 1114/1229: ALIA/20230321-UltimateAutomizerSvcomp2023/list_search-1.i_14.smt2
[DEBUG] Predicted solver: SMTInterpol for benchmark ALIA/20230321-UltimateAutomizerSvcomp2023/list_search-1.i_14.smt2
[DEBUG] Benchmark ALIA/20230321-UltimateAutomizerSvcomp2023/list_search-1.i_14.smt2: solved=True, runtime=0.42s, PAR-2=0.42s
[DEBUG] Processing 1115/1229: ALIA/20230321-UltimateAutomizerSvcomp2023/dll2n_append_unequal.i_29.smt2
[DEBUG] Predicted solver: SMTInterpol for benchmark ALIA/20230321-UltimateAutomizerSvcomp2023/dll2n_append_unequal.i_29.smt2
[DEBUG] Benchmark ALIA/20230321-UltimateAutomizerSvcomp2023/dll2n_append_unequal.i_29.smt2: solved=False, runtime=1200.00s, PAR-2=2400.00s
[DEBUG] Processing 1116/1229: ALIA/20230321-UltimateAutomizerSvcomp2023/test-0234-1.i_25.smt2
[DEBUG] Predicted solver: SMTInterpol for benchmark ALIA/20230321-UltimateAutomizerSvcomp2023/test-0234-1.i_25.smt2
[DEBUG] Benchmark ALIA/20230321-UltimateAutomizerSvcomp2023/test-0234-1.i_25.smt2: solved=True, runtime=0.46s, PAR-2=0.46s
[DEBUG] Processing 1117/1229: ALIA/20230321-UltimateAutomizerSvcomp2023/test_mutex_double_unlock.i_22.smt2
[DEBUG] Predicted solver: cvc5 for benchmark ALIA/20230321-UltimateAutomizerSvcomp2023/test_mutex_double_unlock.i_22.smt2
[DEBUG] Benchmark ALIA/20230321-UltimateAutomizerSvcomp2023/test_mutex_double_unlock.i_22.smt2: solved=True, runtime=0.32s, PAR-2=0.32s
[DEBUG] Processing 1118/1229: ALIA/20230321-UltimateAutomizerSvcomp2023/bubble_sort_linux-1.i_5.smt2
[DEBUG] Predicted solver: cvc5 for benchmark ALIA/20230321-UltimateAutomizerSvcomp2023/bubble_sort_linux-1.i_5.smt2
[DEBUG] Benchmark ALIA/20230321-UltimateAutomizerSvcomp2023/bubble_sort_linux-1.i_5.smt2: solved=False, runtime=1200.00s, PAR-2=2400.00s
[DEBUG] Processing 1119/1229: ALIA/20230321-UltimateAutomizerSvcomp2023/sll2c_insert_equal.i_38.smt2
[DEBUG] Predicted solver: cvc5 for benchmark ALIA/20230321-UltimateAutomizerSvcomp2023/sll2c_insert_equal.i_38.smt2
[DEBUG] Benchmark ALIA/20230321-UltimateAutomizerSvcomp2023/sll2c_insert_equal.i_38.smt2: solved=False, runtime=1200.00s, PAR-2=2400.00s
[DEBUG] Processing 1120/1229: ALIA/20230321-UltimateAutomizerSvcomp2023/ex3_forlist.i_188.smt2
[DEBUG] Predicted solver: SMTInterpol for benchmark ALIA/20230321-UltimateAutomizerSvcomp2023/ex3_forlist.i_188.smt2
[DEBUG] Benchmark ALIA/20230321-UltimateAutomizerSvcomp2023/ex3_forlist.i_188.smt2: solved=True, runtime=0.49s, PAR-2=0.49s
[DEBUG] Processing 1121/1229: ALIA/20230321-UltimateAutomizerSvcomp2023/sll2c_prepend_unequal.i_53.smt2
[DEBUG] Predicted solver: SMTInterpol for benchmark ALIA/20230321-UltimateAutomizerSvcomp2023/sll2c_prepend_unequal.i_53.smt2
[DEBUG] Benchmark ALIA/20230321-UltimateAutomizerSvcomp2023/sll2c_prepend_unequal.i_53.smt2: solved=True, runtime=607.76s, PAR-2=607.76s
[DEBUG] Processing 1122/1229: ALIA/20230321-UltimateAutomizerSvcomp2023/shared_mem1.i_54.smt2
[DEBUG] Predicted solver: SMTInterpol for benchmark ALIA/20230321-UltimateAutomizerSvcomp2023/shared_mem1.i_54.smt2
[DEBUG] Benchmark ALIA/20230321-UltimateAutomizerSvcomp2023/shared_mem1.i_54.smt2: solved=True, runtime=435.30s, PAR-2=435.30s
[DEBUG] Processing 1123/1229: ALIA/20230321-UltimateAutomizerSvcomp2023/dll2c_update_all_reverse.i_47.smt2
[DEBUG] Predicted solver: SMTInterpol for benchmark ALIA/20230321-UltimateAutomizerSvcomp2023/dll2c_update_all_reverse.i_47.smt2
[DEBUG] Benchmark ALIA/20230321-UltimateAutomizerSvcomp2023/dll2c_update_all_reverse.i_47.smt2: solved=True, runtime=4.69s, PAR-2=4.69s
[DEBUG] Processing 1124/1229: ALIA/20230321-UltimateAutomizerSvcomp2023/sll_circular_traversal-1.i_73.smt2
[DEBUG] Predicted solver: iProver for benchmark ALIA/20230321-UltimateAutomizerSvcomp2023/sll_circular_traversal-1.i_73.smt2
[DEBUG] Benchmark ALIA/20230321-UltimateAutomizerSvcomp2023/sll_circular_traversal-1.i_73.smt2: solved=True, runtime=47.02s, PAR-2=47.02s
[DEBUG] Processing 1125/1229: ALIA/20230321-UltimateAutomizerSvcomp2023/tree_stack.i_40.smt2
[DEBUG] Predicted solver: SMTInterpol for benchmark ALIA/20230321-UltimateAutomizerSvcomp2023/tree_stack.i_40.smt2
[DEBUG] Benchmark ALIA/20230321-UltimateAutomizerSvcomp2023/tree_stack.i_40.smt2: solved=True, runtime=0.55s, PAR-2=0.55s
[DEBUG] Processing 1126/1229: ALIA/20230321-UltimateAutomizerSvcomp2023/sll2n_update_all.i_56.smt2
[DEBUG] Predicted solver: SMTInterpol for benchmark ALIA/20230321-UltimateAutomizerSvcomp2023/sll2n_update_all.i_56.smt2
[DEBUG] Benchmark ALIA/20230321-UltimateAutomizerSvcomp2023/sll2n_update_all.i_56.smt2: solved=True, runtime=0.46s, PAR-2=0.46s
[DEBUG] Processing 1127/1229: ALIA/20230321-UltimateAutomizerSvcomp2023/ex3_forlist.i_202.smt2
[DEBUG] Predicted solver: SMTInterpol for benchmark ALIA/20230321-UltimateAutomizerSvcomp2023/ex3_forlist.i_202.smt2
[DEBUG] Benchmark ALIA/20230321-UltimateAutomizerSvcomp2023/ex3_forlist.i_202.smt2: solved=True, runtime=0.55s, PAR-2=0.55s
[DEBUG] Processing 1128/1229: ALIA/20230321-UltimateAutomizerSvcomp2023/sll_to_dll_rev-2.i_128.smt2
[DEBUG] Predicted solver: SMTInterpol for benchmark ALIA/20230321-UltimateAutomizerSvcomp2023/sll_to_dll_rev-2.i_128.smt2
[DEBUG] Benchmark ALIA/20230321-UltimateAutomizerSvcomp2023/sll_to_dll_rev-2.i_128.smt2: solved=True, runtime=0.43s, PAR-2=0.43s
[DEBUG] Processing 1129/1229: ALIA/20230321-UltimateAutomizerSvcomp2023/bubble_sort_linux-2.i_25.smt2
[DEBUG] Predicted solver: cvc5 for benchmark ALIA/20230321-UltimateAutomizerSvcomp2023/bubble_sort_linux-2.i_25.smt2
[DEBUG] Benchmark ALIA/20230321-UltimateAutomizerSvcomp2023/bubble_sort_linux-2.i_25.smt2: solved=True, runtime=0.28s, PAR-2=0.28s
[DEBUG] Processing 1130/1229: ALIA/20230321-UltimateAutomizerSvcomp2023/test_add-2.i_11.smt2
[DEBUG] Predicted solver: cvc5 for benchmark ALIA/20230321-UltimateAutomizerSvcomp2023/test_add-2.i_11.smt2
[DEBUG] Benchmark ALIA/20230321-UltimateAutomizerSvcomp2023/test_add-2.i_11.smt2: solved=True, runtime=0.28s, PAR-2=0.28s
[DEBUG] Processing 1131/1229: ALIA/20230321-UltimateAutomizerSvcomp2023/length_test03-1.i_96.smt2
[DEBUG] Predicted solver: cvc5 for benchmark ALIA/20230321-UltimateAutomizerSvcomp2023/length_test03-1.i_96.smt2
[DEBUG] Benchmark ALIA/20230321-UltimateAutomizerSvcomp2023/length_test03-1.i_96.smt2: solved=True, runtime=513.12s, PAR-2=513.12s
[DEBUG] Processing 1132/1229: ALIA/20230321-UltimateAutomizerSvcomp2023/sll2c_prepend_unequal.i_22.smt2
[DEBUG] Predicted solver: SMTInterpol for benchmark ALIA/20230321-UltimateAutomizerSvcomp2023/sll2c_prepend_unequal.i_22.smt2
[DEBUG] Benchmark ALIA/20230321-UltimateAutomizerSvcomp2023/sll2c_prepend_unequal.i_22.smt2: solved=False, runtime=1200.00s, PAR-2=2400.00s
[DEBUG] Processing 1133/1229: ALIA/20230321-UltimateAutomizerSvcomp2023/list-ext_flag_1.i_7.smt2
[DEBUG] Predicted solver: SMTInterpol for benchmark ALIA/20230321-UltimateAutomizerSvcomp2023/list-ext_flag_1.i_7.smt2
[DEBUG] Benchmark ALIA/20230321-UltimateAutomizerSvcomp2023/list-ext_flag_1.i_7.smt2: solved=True, runtime=0.58s, PAR-2=0.58s
[DEBUG] Processing 1134/1229: ALIA/20230321-UltimateAutomizerSvcomp2023/sll2c_insert_equal.i_16.smt2
[DEBUG] Predicted solver: SMTInterpol for benchmark ALIA/20230321-UltimateAutomizerSvcomp2023/sll2c_insert_equal.i_16.smt2
[DEBUG] Benchmark ALIA/20230321-UltimateAutomizerSvcomp2023/sll2c_insert_equal.i_16.smt2: solved=True, runtime=6.45s, PAR-2=6.45s
[DEBUG] Processing 1135/1229: ALIA/20230321-UltimateAutomizerSvcomp2023/dll2c_insert_equal.i_24.smt2
[DEBUG] Predicted solver: SMTInterpol for benchmark ALIA/20230321-UltimateAutomizerSvcomp2023/dll2c_insert_equal.i_24.smt2
[DEBUG] Benchmark ALIA/20230321-UltimateAutomizerSvcomp2023/dll2c_insert_equal.i_24.smt2: solved=False, runtime=1200.00s, PAR-2=2400.00s
[DEBUG] Processing 1136/1229: ALIA/20230321-UltimateAutomizerSvcomp2023/test_mutex_double_unlock.i_42.smt2
[DEBUG] Predicted solver: cvc5 for benchmark ALIA/20230321-UltimateAutomizerSvcomp2023/test_mutex_double_unlock.i_42.smt2
[DEBUG] Benchmark ALIA/20230321-UltimateAutomizerSvcomp2023/test_mutex_double_unlock.i_42.smt2: solved=False, runtime=1200.00s, PAR-2=2400.00s
[DEBUG] Processing 1137/1229: ALIA/20230321-UltimateAutomizerSvcomp2023/dll2c_insert_equal.i_11.smt2
[DEBUG] Predicted solver: SMTInterpol for benchmark ALIA/20230321-UltimateAutomizerSvcomp2023/dll2c_insert_equal.i_11.smt2
[DEBUG] Benchmark ALIA/20230321-UltimateAutomizerSvcomp2023/dll2c_insert_equal.i_11.smt2: solved=False, runtime=1200.00s, PAR-2=2400.00s
[DEBUG] Processing 1138/1229: ALIA/20230321-UltimateAutomizerSvcomp2023/sll_circular_traversal-1.i_37.smt2
[DEBUG] Predicted solver: iProver for benchmark ALIA/20230321-UltimateAutomizerSvcomp2023/sll_circular_traversal-1.i_37.smt2
[DEBUG] Benchmark ALIA/20230321-UltimateAutomizerSvcomp2023/sll_circular_traversal-1.i_37.smt2: solved=False, runtime=1200.00s, PAR-2=2400.00s
[DEBUG] Processing 1139/1229: ALIA/20230321-UltimateAutomizerSvcomp2023/dll2c_insert_unequal.i_14.smt2
[DEBUG] Predicted solver: SMTInterpol for benchmark ALIA/20230321-UltimateAutomizerSvcomp2023/dll2c_insert_unequal.i_14.smt2
[DEBUG] Benchmark ALIA/20230321-UltimateAutomizerSvcomp2023/dll2c_insert_unequal.i_14.smt2: solved=False, runtime=1200.00s, PAR-2=2400.00s
[DEBUG] Processing 1140/1229: ALIA/20230321-UltimateAutomizerSvcomp2023/test_add-2.i_54.smt2
[DEBUG] Predicted solver: cvc5 for benchmark ALIA/20230321-UltimateAutomizerSvcomp2023/test_add-2.i_54.smt2
[DEBUG] Benchmark ALIA/20230321-UltimateAutomizerSvcomp2023/test_add-2.i_54.smt2: solved=True, runtime=0.37s, PAR-2=0.37s
[DEBUG] Processing 1141/1229: ALIA/20230321-UltimateAutomizerSvcomp2023/sll_to_dll_rev-2.i_34.smt2
[DEBUG] Predicted solver: SMTInterpol for benchmark ALIA/20230321-UltimateAutomizerSvcomp2023/sll_to_dll_rev-2.i_34.smt2
[DEBUG] Benchmark ALIA/20230321-UltimateAutomizerSvcomp2023/sll_to_dll_rev-2.i_34.smt2: solved=False, runtime=1200.00s, PAR-2=2400.00s
[DEBUG] Processing 1142/1229: ALIA/20230321-UltimateAutomizerSvcomp2023/dll_of_dll-2.i_23.smt2
[DEBUG] Predicted solver: SMTInterpol for benchmark ALIA/20230321-UltimateAutomizerSvcomp2023/dll_of_dll-2.i_23.smt2
[DEBUG] Benchmark ALIA/20230321-UltimateAutomizerSvcomp2023/dll_of_dll-2.i_23.smt2: solved=True, runtime=0.45s, PAR-2=0.45s
[DEBUG] Processing 1143/1229: ALIA/20230321-UltimateAutomizerSvcomp2023/ex3_forlist.i_45.smt2
[DEBUG] Predicted solver: SMTInterpol for benchmark ALIA/20230321-UltimateAutomizerSvcomp2023/ex3_forlist.i_45.smt2
[DEBUG] Benchmark ALIA/20230321-UltimateAutomizerSvcomp2023/ex3_forlist.i_45.smt2: solved=True, runtime=0.59s, PAR-2=0.59s
[DEBUG] Processing 1144/1229: ALIA/20230321-UltimateAutomizerSvcomp2023/tree_parent_ptr.i_5.smt2
[DEBUG] Predicted solver: cvc5 for benchmark ALIA/20230321-UltimateAutomizerSvcomp2023/tree_parent_ptr.i_5.smt2
[DEBUG] Benchmark ALIA/20230321-UltimateAutomizerSvcomp2023/tree_parent_ptr.i_5.smt2: solved=False, runtime=1200.00s, PAR-2=2400.00s
[DEBUG] Processing 1145/1229: ALIA/20230321-UltimateAutomizerSvcomp2023/ex3_forlist.i_90.smt2
[DEBUG] Predicted solver: SMTInterpol for benchmark ALIA/20230321-UltimateAutomizerSvcomp2023/ex3_forlist.i_90.smt2
[DEBUG] Benchmark ALIA/20230321-UltimateAutomizerSvcomp2023/ex3_forlist.i_90.smt2: solved=True, runtime=0.51s, PAR-2=0.51s
[DEBUG] Processing 1146/1229: ALIA/20230321-UltimateAutomizerSvcomp2023/simple_search_value-1.i_65.smt2
[DEBUG] Predicted solver: SMTInterpol for benchmark ALIA/20230321-UltimateAutomizerSvcomp2023/simple_search_value-1.i_65.smt2
[DEBUG] Benchmark ALIA/20230321-UltimateAutomizerSvcomp2023/simple_search_value-1.i_65.smt2: solved=True, runtime=562.51s, PAR-2=562.51s
[DEBUG] Processing 1147/1229: ALIA/20230321-UltimateAutomizerSvcomp2023/sll2c_prepend_unequal.i_57.smt2
[DEBUG] Predicted solver: SMTInterpol for benchmark ALIA/20230321-UltimateAutomizerSvcomp2023/sll2c_prepend_unequal.i_57.smt2
[DEBUG] Benchmark ALIA/20230321-UltimateAutomizerSvcomp2023/sll2c_prepend_unequal.i_57.smt2: solved=False, runtime=1200.00s, PAR-2=2400.00s
[DEBUG] Processing 1148/1229: ALIA/20230321-UltimateAutomizerSvcomp2023/dll_circular_traversal-2.i_111.smt2
[DEBUG] Predicted solver: SMTInterpol for benchmark ALIA/20230321-UltimateAutomizerSvcomp2023/dll_circular_traversal-2.i_111.smt2
[DEBUG] Benchmark ALIA/20230321-UltimateAutomizerSvcomp2023/dll_circular_traversal-2.i_111.smt2: solved=False, runtime=1200.00s, PAR-2=2400.00s
[DEBUG] Processing 1149/1229: ALIA/20230321-UltimateAutomizerSvcomp2023/sll2n_append_unequal.i_22.smt2
[DEBUG] Predicted solver: SMTInterpol for benchmark ALIA/20230321-UltimateAutomizerSvcomp2023/sll2n_append_unequal.i_22.smt2
[DEBUG] Benchmark ALIA/20230321-UltimateAutomizerSvcomp2023/sll2n_append_unequal.i_22.smt2: solved=True, runtime=0.43s, PAR-2=0.43s
[DEBUG] Processing 1150/1229: ALIA/20230321-UltimateAutomizerSvcomp2023/test_add-2.i_105.smt2
[DEBUG] Predicted solver: cvc5 for benchmark ALIA/20230321-UltimateAutomizerSvcomp2023/test_add-2.i_105.smt2
[DEBUG] Benchmark ALIA/20230321-UltimateAutomizerSvcomp2023/test_add-2.i_105.smt2: solved=True, runtime=18.67s, PAR-2=18.67s
[DEBUG] Processing 1151/1229: ALIA/20230321-UltimateAutomizerSvcomp2023/simple_and_skiplist_2lvl-2.i_48.smt2
[DEBUG] Predicted solver: SMTInterpol for benchmark ALIA/20230321-UltimateAutomizerSvcomp2023/simple_and_skiplist_2lvl-2.i_48.smt2
[DEBUG] Benchmark ALIA/20230321-UltimateAutomizerSvcomp2023/simple_and_skiplist_2lvl-2.i_48.smt2: solved=True, runtime=0.49s, PAR-2=0.49s
[DEBUG] Processing 1152/1229: ALIA/20230321-UltimateAutomizerSvcomp2023/splice-2.i_57.smt2
[DEBUG] Predicted solver: SMTInterpol for benchmark ALIA/20230321-UltimateAutomizerSvcomp2023/splice-2.i_57.smt2
[DEBUG] Benchmark ALIA/20230321-UltimateAutomizerSvcomp2023/splice-2.i_57.smt2: solved=False, runtime=1200.00s, PAR-2=2400.00s
[DEBUG] Processing 1153/1229: ALIA/20230321-UltimateAutomizerSvcomp2023/sll2n_update_all.i_22.smt2
[DEBUG] Predicted solver: SMTInterpol for benchmark ALIA/20230321-UltimateAutomizerSvcomp2023/sll2n_update_all.i_22.smt2
[DEBUG] Benchmark ALIA/20230321-UltimateAutomizerSvcomp2023/sll2n_update_all.i_22.smt2: solved=True, runtime=0.47s, PAR-2=0.47s
[DEBUG] Processing 1154/1229: ALIA/20230321-UltimateAutomizerSvcomp2023/sll2c_insert_unequal.i_55.smt2
[DEBUG] Predicted solver: SMTInterpol for benchmark ALIA/20230321-UltimateAutomizerSvcomp2023/sll2c_insert_unequal.i_55.smt2
[DEBUG] Benchmark ALIA/20230321-UltimateAutomizerSvcomp2023/sll2c_insert_unequal.i_55.smt2: solved=True, runtime=0.43s, PAR-2=0.43s
[DEBUG] Processing 1155/1229: ALIA/20230321-UltimateAutomizerSvcomp2023/sll2c_insert_unequal.i_0.smt2
[DEBUG] Predicted solver: SMTInterpol for benchmark ALIA/20230321-UltimateAutomizerSvcomp2023/sll2c_insert_unequal.i_0.smt2
[DEBUG] Benchmark ALIA/20230321-UltimateAutomizerSvcomp2023/sll2c_insert_unequal.i_0.smt2: solved=True, runtime=0.46s, PAR-2=0.46s
[DEBUG] Processing 1156/1229: ALIA/20230321-UltimateAutomizerSvcomp2023/dll2c_prepend_equal.i_12.smt2
[DEBUG] Predicted solver: SMTInterpol for benchmark ALIA/20230321-UltimateAutomizerSvcomp2023/dll2c_prepend_equal.i_12.smt2
[DEBUG] Benchmark ALIA/20230321-UltimateAutomizerSvcomp2023/dll2c_prepend_equal.i_12.smt2: solved=True, runtime=0.43s, PAR-2=0.43s
[DEBUG] Processing 1157/1229: ALIA/20230321-UltimateAutomizerSvcomp2023/sll2n_insert_unequal.i_61.smt2
[DEBUG] Predicted solver: SMTInterpol for benchmark ALIA/20230321-UltimateAutomizerSvcomp2023/sll2n_insert_unequal.i_61.smt2
[DEBUG] Benchmark ALIA/20230321-UltimateAutomizerSvcomp2023/sll2n_insert_unequal.i_61.smt2: solved=True, runtime=0.45s, PAR-2=0.45s
[DEBUG] Processing 1158/1229: ALIA/20230321-UltimateAutomizerSvcomp2023/sll2c_insert_equal.i_44.smt2
[DEBUG] Predicted solver: SMTInterpol for benchmark ALIA/20230321-UltimateAutomizerSvcomp2023/sll2c_insert_equal.i_44.smt2
[DEBUG] Benchmark ALIA/20230321-UltimateAutomizerSvcomp2023/sll2c_insert_equal.i_44.smt2: solved=True, runtime=13.26s, PAR-2=13.26s
[DEBUG] Processing 1159/1229: ALIA/20230321-UltimateAutomizerSvcomp2023/dll_circular_traversal-2.i_142.smt2
[DEBUG] Predicted solver: SMTInterpol for benchmark ALIA/20230321-UltimateAutomizerSvcomp2023/dll_circular_traversal-2.i_142.smt2
[DEBUG] Benchmark ALIA/20230321-UltimateAutomizerSvcomp2023/dll_circular_traversal-2.i_142.smt2: solved=False, runtime=1200.00s, PAR-2=2400.00s
[DEBUG] Processing 1160/1229: ALIA/20230321-UltimateAutomizerSvcomp2023/skiplist_3lvl.i_96.smt2
[DEBUG] Predicted solver: SMTInterpol for benchmark ALIA/20230321-UltimateAutomizerSvcomp2023/skiplist_3lvl.i_96.smt2
[DEBUG] Benchmark ALIA/20230321-UltimateAutomizerSvcomp2023/skiplist_3lvl.i_96.smt2: solved=False, runtime=1200.00s, PAR-2=2400.00s
[DEBUG] Processing 1161/1229: ALIA/20230321-UltimateAutomizerSvcomp2023/dll-token-1.i_15.smt2
[DEBUG] Predicted solver: iProver for benchmark ALIA/20230321-UltimateAutomizerSvcomp2023/dll-token-1.i_15.smt2
[DEBUG] Benchmark ALIA/20230321-UltimateAutomizerSvcomp2023/dll-token-1.i_15.smt2: solved=True, runtime=1125.23s, PAR-2=1125.23s
[DEBUG] Processing 1162/1229: ALIA/20230321-UltimateAutomizerSvcomp2023/length_test03-1.i_45.smt2
[DEBUG] Predicted solver: iProver for benchmark ALIA/20230321-UltimateAutomizerSvcomp2023/length_test03-1.i_45.smt2
[DEBUG] Benchmark ALIA/20230321-UltimateAutomizerSvcomp2023/length_test03-1.i_45.smt2: solved=True, runtime=3.40s, PAR-2=3.40s
[DEBUG] Processing 1163/1229: ALIA/20230321-UltimateAutomizerSvcomp2023/list_flag-2.i_16.smt2
[DEBUG] Predicted solver: SMTInterpol for benchmark ALIA/20230321-UltimateAutomizerSvcomp2023/list_flag-2.i_16.smt2
[DEBUG] Benchmark ALIA/20230321-UltimateAutomizerSvcomp2023/list_flag-2.i_16.smt2: solved=True, runtime=0.46s, PAR-2=0.46s
[DEBUG] Processing 1164/1229: ALIA/20230321-UltimateAutomizerSvcomp2023/sll2c_insert_unequal.i_82.smt2
[DEBUG] Predicted solver: SMTInterpol for benchmark ALIA/20230321-UltimateAutomizerSvcomp2023/sll2c_insert_unequal.i_82.smt2
[DEBUG] Benchmark ALIA/20230321-UltimateAutomizerSvcomp2023/sll2c_insert_unequal.i_82.smt2: solved=False, runtime=1200.00s, PAR-2=2400.00s
[DEBUG] Processing 1165/1229: ALIA/20230321-UltimateAutomizerSvcomp2023/simple_and_skiplist_2lvl-2.i_41.smt2
[DEBUG] Predicted solver: SMTInterpol for benchmark ALIA/20230321-UltimateAutomizerSvcomp2023/simple_and_skiplist_2lvl-2.i_41.smt2
[DEBUG] Benchmark ALIA/20230321-UltimateAutomizerSvcomp2023/simple_and_skiplist_2lvl-2.i_41.smt2: solved=True, runtime=0.51s, PAR-2=0.51s
[DEBUG] Processing 1166/1229: ALIA/20230321-UltimateAutomizerSvcomp2023/dll_circular_traversal-2.i_80.smt2
[DEBUG] Predicted solver: SMTInterpol for benchmark ALIA/20230321-UltimateAutomizerSvcomp2023/dll_circular_traversal-2.i_80.smt2
[DEBUG] Benchmark ALIA/20230321-UltimateAutomizerSvcomp2023/dll_circular_traversal-2.i_80.smt2: solved=True, runtime=0.66s, PAR-2=0.66s
[DEBUG] Processing 1167/1229: ALIA/20230321-UltimateAutomizerSvcomp2023/sll2c_prepend_unequal.i_47.smt2
[DEBUG] Predicted solver: SMTInterpol for benchmark ALIA/20230321-UltimateAutomizerSvcomp2023/sll2c_prepend_unequal.i_47.smt2
[DEBUG] Benchmark ALIA/20230321-UltimateAutomizerSvcomp2023/sll2c_prepend_unequal.i_47.smt2: solved=False, runtime=1200.00s, PAR-2=2400.00s
[DEBUG] Processing 1168/1229: ALIA/20230321-UltimateAutomizerSvcomp2023/tree_of_cslls.i_45.smt2
[DEBUG] Predicted solver: SMTInterpol for benchmark ALIA/20230321-UltimateAutomizerSvcomp2023/tree_of_cslls.i_45.smt2
[DEBUG] Benchmark ALIA/20230321-UltimateAutomizerSvcomp2023/tree_of_cslls.i_45.smt2: solved=True, runtime=0.53s, PAR-2=0.53s
[DEBUG] Processing 1169/1229: ALIA/20230321-UltimateAutomizerSvcomp2023/dll_circular_traversal-2.i_128.smt2
[DEBUG] Predicted solver: SMTInterpol for benchmark ALIA/20230321-UltimateAutomizerSvcomp2023/dll_circular_traversal-2.i_128.smt2
[DEBUG] Benchmark ALIA/20230321-UltimateAutomizerSvcomp2023/dll_circular_traversal-2.i_128.smt2: solved=False, runtime=1200.00s, PAR-2=2400.00s
[DEBUG] Processing 1170/1229: ALIA/20230321-UltimateAutomizerSvcomp2023/tree_max.c_1.smt2
[DEBUG] Predicted solver: SMTInterpol for benchmark ALIA/20230321-UltimateAutomizerSvcomp2023/tree_max.c_1.smt2
[DEBUG] Benchmark ALIA/20230321-UltimateAutomizerSvcomp2023/tree_max.c_1.smt2: solved=True, runtime=0.44s, PAR-2=0.44s
[DEBUG] Processing 1171/1229: ALIA/20230321-UltimateAutomizerSvcomp2023/merge_sort-2.i_0.smt2
[DEBUG] Predicted solver: cvc5 for benchmark ALIA/20230321-UltimateAutomizerSvcomp2023/merge_sort-2.i_0.smt2
[DEBUG] Benchmark ALIA/20230321-UltimateAutomizerSvcomp2023/merge_sort-2.i_0.smt2: solved=False, runtime=1200.00s, PAR-2=2400.00s
[DEBUG] Processing 1172/1229: ALIA/20230321-UltimateAutomizerSvcomp2023/length_test03-1.i_216.smt2
[DEBUG] Predicted solver: SMTInterpol for benchmark ALIA/20230321-UltimateAutomizerSvcomp2023/length_test03-1.i_216.smt2
[DEBUG] Benchmark ALIA/20230321-UltimateAutomizerSvcomp2023/length_test03-1.i_216.smt2: solved=True, runtime=84.07s, PAR-2=84.07s
[DEBUG] Processing 1173/1229: ALIA/20230321-UltimateAutomizerSvcomp2023/dll2c_prepend_equal.i_4.smt2
[DEBUG] Predicted solver: cvc5 for benchmark ALIA/20230321-UltimateAutomizerSvcomp2023/dll2c_prepend_equal.i_4.smt2
[DEBUG] Benchmark ALIA/20230321-UltimateAutomizerSvcomp2023/dll2c_prepend_equal.i_4.smt2: solved=True, runtime=0.40s, PAR-2=0.40s
[DEBUG] Processing 1174/1229: ALIA/20230321-UltimateAutomizerSvcomp2023/dll2c_prepend_unequal.i_6.smt2
[DEBUG] Predicted solver: SMTInterpol for benchmark ALIA/20230321-UltimateAutomizerSvcomp2023/dll2c_prepend_unequal.i_6.smt2
[DEBUG] Benchmark ALIA/20230321-UltimateAutomizerSvcomp2023/dll2c_prepend_unequal.i_6.smt2: solved=True, runtime=0.46s, PAR-2=0.46s
[DEBUG] Processing 1175/1229: ALIA/20230321-UltimateAutomizerSvcomp2023/sll_circular_traversal-1.i_56.smt2
[DEBUG] Predicted solver: SMTInterpol for benchmark ALIA/20230321-UltimateAutomizerSvcomp2023/sll_circular_traversal-1.i_56.smt2
[DEBUG] Benchmark ALIA/20230321-UltimateAutomizerSvcomp2023/sll_circular_traversal-1.i_56.smt2: solved=False, runtime=1200.00s, PAR-2=2400.00s
[DEBUG] Processing 1176/1229: ALIA/20230321-UltimateAutomizerSvcomp2023/dll2c_update_all_reverse.i_84.smt2
[DEBUG] Predicted solver: cvc5 for benchmark ALIA/20230321-UltimateAutomizerSvcomp2023/dll2c_update_all_reverse.i_84.smt2
[DEBUG] Benchmark ALIA/20230321-UltimateAutomizerSvcomp2023/dll2c_update_all_reverse.i_84.smt2: solved=True, runtime=0.27s, PAR-2=0.27s
[DEBUG] Processing 1177/1229: ALIA/20230321-UltimateAutomizerSvcomp2023/list_and_tree_cnstr-2.i_23.smt2
[DEBUG] Predicted solver: SMTInterpol for benchmark ALIA/20230321-UltimateAutomizerSvcomp2023/list_and_tree_cnstr-2.i_23.smt2
[DEBUG] Benchmark ALIA/20230321-UltimateAutomizerSvcomp2023/list_and_tree_cnstr-2.i_23.smt2: solved=True, runtime=0.45s, PAR-2=0.45s
[DEBUG] Processing 1178/1229: ALIA/20230321-UltimateAutomizerSvcomp2023/sll_circular_traversal-2.i_0.smt2
[DEBUG] Predicted solver: SMTInterpol for benchmark ALIA/20230321-UltimateAutomizerSvcomp2023/sll_circular_traversal-2.i_0.smt2
[DEBUG] Benchmark ALIA/20230321-UltimateAutomizerSvcomp2023/sll_circular_traversal-2.i_0.smt2: solved=False, runtime=1200.00s, PAR-2=2400.00s
[DEBUG] Processing 1179/1229: ALIA/20230321-UltimateAutomizerSvcomp2023/sll_circular_traversal-1.i_57.smt2
[DEBUG] Predicted solver: SMTInterpol for benchmark ALIA/20230321-UltimateAutomizerSvcomp2023/sll_circular_traversal-1.i_57.smt2
[DEBUG] Benchmark ALIA/20230321-UltimateAutomizerSvcomp2023/sll_circular_traversal-1.i_57.smt2: solved=False, runtime=1200.00s, PAR-2=2400.00s
[DEBUG] Processing 1180/1229: ALIA/20230321-UltimateAutomizerSvcomp2023/length_test03-1.i_84.smt2
[DEBUG] Predicted solver: iProver for benchmark ALIA/20230321-UltimateAutomizerSvcomp2023/length_test03-1.i_84.smt2
[DEBUG] Benchmark ALIA/20230321-UltimateAutomizerSvcomp2023/length_test03-1.i_84.smt2: solved=True, runtime=3.38s, PAR-2=3.38s
[DEBUG] Processing 1181/1229: ALIA/20230321-UltimateAutomizerSvcomp2023/tree_of_cslls.i_31.smt2
[DEBUG] Predicted solver: SMTInterpol for benchmark ALIA/20230321-UltimateAutomizerSvcomp2023/tree_of_cslls.i_31.smt2
[DEBUG] Benchmark ALIA/20230321-UltimateAutomizerSvcomp2023/tree_of_cslls.i_31.smt2: solved=True, runtime=0.49s, PAR-2=0.49s
[DEBUG] Processing 1182/1229: ALIA/20230321-UltimateAutomizerSvcomp2023/dll-token-1.i_24.smt2
[DEBUG] Predicted solver: SMTInterpol for benchmark ALIA/20230321-UltimateAutomizerSvcomp2023/dll-token-1.i_24.smt2
[DEBUG] Benchmark ALIA/20230321-UltimateAutomizerSvcomp2023/dll-token-1.i_24.smt2: solved=True, runtime=0.57s, PAR-2=0.57s
[DEBUG] Processing 1183/1229: ALIA/20230321-UltimateAutomizerSvcomp2023/dll2n_append_unequal.i_0.smt2
[DEBUG] Predicted solver: SMTInterpol for benchmark ALIA/20230321-UltimateAutomizerSvcomp2023/dll2n_append_unequal.i_0.smt2
[DEBUG] Benchmark ALIA/20230321-UltimateAutomizerSvcomp2023/dll2n_append_unequal.i_0.smt2: solved=True, runtime=0.44s, PAR-2=0.44s
[DEBUG] Processing 1184/1229: ALIA/20230321-UltimateAutomizerSvcomp2023/skiplist_3lvl.i_105.smt2
[DEBUG] Predicted solver: SMTInterpol for benchmark ALIA/20230321-UltimateAutomizerSvcomp2023/skiplist_3lvl.i_105.smt2
[DEBUG] Benchmark ALIA/20230321-UltimateAutomizerSvcomp2023/skiplist_3lvl.i_105.smt2: solved=True, runtime=1.05s, PAR-2=1.05s
[DEBUG] Processing 1185/1229: ALIA/20230321-UltimateAutomizerSvcomp2023/ex3_forlist.i_165.smt2
[DEBUG] Predicted solver: SMTInterpol for benchmark ALIA/20230321-UltimateAutomizerSvcomp2023/ex3_forlist.i_165.smt2
[DEBUG] Benchmark ALIA/20230321-UltimateAutomizerSvcomp2023/ex3_forlist.i_165.smt2: solved=True, runtime=0.51s, PAR-2=0.51s
[DEBUG] Processing 1186/1229: ALIA/20230321-UltimateAutomizerSvcomp2023/shared_mem1.i_91.smt2
[DEBUG] Predicted solver: SMTInterpol for benchmark ALIA/20230321-UltimateAutomizerSvcomp2023/shared_mem1.i_91.smt2
[DEBUG] Benchmark ALIA/20230321-UltimateAutomizerSvcomp2023/shared_mem1.i_91.smt2: solved=True, runtime=0.60s, PAR-2=0.60s
[DEBUG] Processing 1187/1229: ALIA/20230321-UltimateAutomizerSvcomp2023/dll_circular_traversal-2.i_113.smt2
[DEBUG] Predicted solver: SMTInterpol for benchmark ALIA/20230321-UltimateAutomizerSvcomp2023/dll_circular_traversal-2.i_113.smt2
[DEBUG] Benchmark ALIA/20230321-UltimateAutomizerSvcomp2023/dll_circular_traversal-2.i_113.smt2: solved=False, runtime=1200.00s, PAR-2=2400.00s
[DEBUG] Processing 1188/1229: ALIA/20230321-UltimateAutomizerSvcomp2023/length_test03-1.i_152.smt2
[DEBUG] Predicted solver: iProver for benchmark ALIA/20230321-UltimateAutomizerSvcomp2023/length_test03-1.i_152.smt2
[DEBUG] Benchmark ALIA/20230321-UltimateAutomizerSvcomp2023/length_test03-1.i_152.smt2: solved=True, runtime=2.91s, PAR-2=2.91s
[DEBUG] Processing 1189/1229: ALIA/20230321-UltimateAutomizerSvcomp2023/list-ext_flag.i_3.smt2
[DEBUG] Predicted solver: SMTInterpol for benchmark ALIA/20230321-UltimateAutomizerSvcomp2023/list-ext_flag.i_3.smt2
[DEBUG] Benchmark ALIA/20230321-UltimateAutomizerSvcomp2023/list-ext_flag.i_3.smt2: solved=True, runtime=0.53s, PAR-2=0.53s
[DEBUG] Processing 1190/1229: ALIA/20230321-UltimateAutomizerSvcomp2023/dll2c_insert_equal.i_57.smt2
[DEBUG] Predicted solver: SMTInterpol for benchmark ALIA/20230321-UltimateAutomizerSvcomp2023/dll2c_insert_equal.i_57.smt2
[DEBUG] Benchmark ALIA/20230321-UltimateAutomizerSvcomp2023/dll2c_insert_equal.i_57.smt2: solved=False, runtime=1200.00s, PAR-2=2400.00s
[DEBUG] Processing 1191/1229: ALIA/20230321-UltimateAutomizerSvcomp2023/shared_mem1.i_90.smt2
[DEBUG] Predicted solver: SMTInterpol for benchmark ALIA/20230321-UltimateAutomizerSvcomp2023/shared_mem1.i_90.smt2
[DEBUG] Benchmark ALIA/20230321-UltimateAutomizerSvcomp2023/shared_mem1.i_90.smt2: solved=True, runtime=0.63s, PAR-2=0.63s
[DEBUG] Processing 1192/1229: ALIA/20230321-UltimateAutomizerSvcomp2023/length_test03-1.i_4.smt2
[DEBUG] Predicted solver: SMTInterpol for benchmark ALIA/20230321-UltimateAutomizerSvcomp2023/length_test03-1.i_4.smt2
[DEBUG] Benchmark ALIA/20230321-UltimateAutomizerSvcomp2023/length_test03-1.i_4.smt2: solved=False, runtime=1200.00s, PAR-2=2400.00s
[DEBUG] Processing 1193/1229: ALIA/20230321-UltimateAutomizerSvcomp2023/sll-sorted-2.i_16.smt2
[DEBUG] Predicted solver: SMTInterpol for benchmark ALIA/20230321-UltimateAutomizerSvcomp2023/sll-sorted-2.i_16.smt2
[DEBUG] Benchmark ALIA/20230321-UltimateAutomizerSvcomp2023/sll-sorted-2.i_16.smt2: solved=True, runtime=0.43s, PAR-2=0.43s
[DEBUG] Processing 1194/1229: ALIA/20230321-UltimateAutomizerSvcomp2023/ex3_forlist.i_16.smt2
[DEBUG] Predicted solver: SMTInterpol for benchmark ALIA/20230321-UltimateAutomizerSvcomp2023/ex3_forlist.i_16.smt2
[DEBUG] Benchmark ALIA/20230321-UltimateAutomizerSvcomp2023/ex3_forlist.i_16.smt2: solved=True, runtime=0.48s, PAR-2=0.48s
[DEBUG] Processing 1195/1229: ALIA/20230321-UltimateAutomizerSvcomp2023/test_add-2.i_85.smt2
[DEBUG] Predicted solver: cvc5 for benchmark ALIA/20230321-UltimateAutomizerSvcomp2023/test_add-2.i_85.smt2
[DEBUG] Benchmark ALIA/20230321-UltimateAutomizerSvcomp2023/test_add-2.i_85.smt2: solved=True, runtime=0.27s, PAR-2=0.27s
[DEBUG] Processing 1196/1229: ALIA/20230321-UltimateAutomizerSvcomp2023/ex3_forlist.i_55.smt2
[DEBUG] Predicted solver: SMTInterpol for benchmark ALIA/20230321-UltimateAutomizerSvcomp2023/ex3_forlist.i_55.smt2
[DEBUG] Benchmark ALIA/20230321-UltimateAutomizerSvcomp2023/ex3_forlist.i_55.smt2: solved=True, runtime=0.58s, PAR-2=0.58s
[DEBUG] Processing 1197/1229: ALIA/20230321-UltimateAutomizerSvcomp2023/list-1.i_42.smt2
[DEBUG] Predicted solver: SMTInterpol for benchmark ALIA/20230321-UltimateAutomizerSvcomp2023/list-1.i_42.smt2
[DEBUG] Benchmark ALIA/20230321-UltimateAutomizerSvcomp2023/list-1.i_42.smt2: solved=True, runtime=0.49s, PAR-2=0.49s
[DEBUG] Processing 1198/1229: ALIA/20230321-UltimateAutomizerSvcomp2023/simple_built_from_end.i_29.smt2
[DEBUG] Predicted solver: SMTInterpol for benchmark ALIA/20230321-UltimateAutomizerSvcomp2023/simple_built_from_end.i_29.smt2
[DEBUG] Benchmark ALIA/20230321-UltimateAutomizerSvcomp2023/simple_built_from_end.i_29.smt2: solved=True, runtime=0.49s, PAR-2=0.49s
[DEBUG] Processing 1199/1229: ALIA/20230321-UltimateAutomizerSvcomp2023/shared_mem1.i_29.smt2
[DEBUG] Predicted solver: SMTInterpol for benchmark ALIA/20230321-UltimateAutomizerSvcomp2023/shared_mem1.i_29.smt2
[DEBUG] Benchmark ALIA/20230321-UltimateAutomizerSvcomp2023/shared_mem1.i_29.smt2: solved=True, runtime=0.65s, PAR-2=0.65s
[DEBUG] Processing 1200/1229: ALIA/20230321-UltimateAutomizerSvcomp2023/sll2c_prepend_unequal.i_50.smt2
[DEBUG] Predicted solver: SMTInterpol for benchmark ALIA/20230321-UltimateAutomizerSvcomp2023/sll2c_prepend_unequal.i_50.smt2
[DEBUG] Benchmark ALIA/20230321-UltimateAutomizerSvcomp2023/sll2c_prepend_unequal.i_50.smt2: solved=False, runtime=1200.00s, PAR-2=2400.00s
[DEBUG] Processing 1201/1229: ALIA/20230321-UltimateAutomizerSvcomp2023/dll-reverse.i_42.smt2
[DEBUG] Predicted solver: SMTInterpol for benchmark ALIA/20230321-UltimateAutomizerSvcomp2023/dll-reverse.i_42.smt2
[DEBUG] Benchmark ALIA/20230321-UltimateAutomizerSvcomp2023/dll-reverse.i_42.smt2: solved=True, runtime=0.45s, PAR-2=0.45s
[DEBUG] Processing 1202/1229: ALIA/20230321-UltimateAutomizerSvcomp2023/list-ext_flag_1.i_52.smt2
[DEBUG] Predicted solver: SMTInterpol for benchmark ALIA/20230321-UltimateAutomizerSvcomp2023/list-ext_flag_1.i_52.smt2
[DEBUG] Benchmark ALIA/20230321-UltimateAutomizerSvcomp2023/list-ext_flag_1.i_52.smt2: solved=True, runtime=0.58s, PAR-2=0.58s
[DEBUG] Processing 1203/1229: ALIA/20230321-UltimateAutomizerSvcomp2023/dll_of_dll-1.i_40.smt2
[DEBUG] Predicted solver: SMTInterpol for benchmark ALIA/20230321-UltimateAutomizerSvcomp2023/dll_of_dll-1.i_40.smt2
[DEBUG] Benchmark ALIA/20230321-UltimateAutomizerSvcomp2023/dll_of_dll-1.i_40.smt2: solved=True, runtime=0.58s, PAR-2=0.58s
[DEBUG] Processing 1204/1229: ALIA/20230321-UltimateAutomizerSvcomp2023/sll_to_dll_rev-1.i_2.smt2
[DEBUG] Predicted solver: SMTInterpol for benchmark ALIA/20230321-UltimateAutomizerSvcomp2023/sll_to_dll_rev-1.i_2.smt2
[DEBUG] Benchmark ALIA/20230321-UltimateAutomizerSvcomp2023/sll_to_dll_rev-1.i_2.smt2: solved=True, runtime=0.42s, PAR-2=0.42s
[DEBUG] Processing 1205/1229: ALIA/20230321-UltimateAutomizerSvcomp2023/sll_to_dll_rev-2.i_41.smt2
[DEBUG] Predicted solver: cvc5 for benchmark ALIA/20230321-UltimateAutomizerSvcomp2023/sll_to_dll_rev-2.i_41.smt2
[DEBUG] Benchmark ALIA/20230321-UltimateAutomizerSvcomp2023/sll_to_dll_rev-2.i_41.smt2: solved=True, runtime=0.23s, PAR-2=0.23s
[DEBUG] Processing 1206/1229: ALIA/20230321-UltimateAutomizerSvcomp2023/dll-rb-sentinel-1.i_1.smt2
[DEBUG] Predicted solver: SMTInterpol for benchmark ALIA/20230321-UltimateAutomizerSvcomp2023/dll-rb-sentinel-1.i_1.smt2
[DEBUG] Benchmark ALIA/20230321-UltimateAutomizerSvcomp2023/dll-rb-sentinel-1.i_1.smt2: solved=True, runtime=0.69s, PAR-2=0.69s
[DEBUG] Processing 1207/1229: ALIA/20230321-UltimateAutomizerSvcomp2023/sll2c_prepend_unequal.i_93.smt2
[DEBUG] Predicted solver: SMTInterpol for benchmark ALIA/20230321-UltimateAutomizerSvcomp2023/sll2c_prepend_unequal.i_93.smt2
[DEBUG] Benchmark ALIA/20230321-UltimateAutomizerSvcomp2023/sll2c_prepend_unequal.i_93.smt2: solved=False, runtime=1200.00s, PAR-2=2400.00s
[DEBUG] Processing 1208/1229: ALIA/20230321-UltimateAutomizerSvcomp2023/simple_and_skiplist_2lvl-2.i_63.smt2
[DEBUG] Predicted solver: SMTInterpol for benchmark ALIA/20230321-UltimateAutomizerSvcomp2023/simple_and_skiplist_2lvl-2.i_63.smt2
[DEBUG] Benchmark ALIA/20230321-UltimateAutomizerSvcomp2023/simple_and_skiplist_2lvl-2.i_63.smt2: solved=True, runtime=4.59s, PAR-2=4.59s
[DEBUG] Processing 1209/1229: ALIA/20230321-UltimateAutomizerSvcomp2023/dancing.i_7.smt2
[DEBUG] Predicted solver: SMTInterpol for benchmark ALIA/20230321-UltimateAutomizerSvcomp2023/dancing.i_7.smt2
[DEBUG] Benchmark ALIA/20230321-UltimateAutomizerSvcomp2023/dancing.i_7.smt2: solved=True, runtime=0.52s, PAR-2=0.52s
[DEBUG] Processing 1210/1229: ALIA/piVC/piVC_647bf6.smt2
[DEBUG] Predicted solver: SMTInterpol for benchmark ALIA/piVC/piVC_647bf6.smt2
[DEBUG] Benchmark ALIA/piVC/piVC_647bf6.smt2: solved=True, runtime=1.27s, PAR-2=1.27s
[DEBUG] Processing 1211/1229: ALIA/20230321-UltimateAutomizerSvcomp2023/dll2c_update_all.i_10.smt2
[DEBUG] Predicted solver: SMTInterpol for benchmark ALIA/20230321-UltimateAutomizerSvcomp2023/dll2c_update_all.i_10.smt2
[DEBUG] Benchmark ALIA/20230321-UltimateAutomizerSvcomp2023/dll2c_update_all.i_10.smt2: solved=True, runtime=0.47s, PAR-2=0.47s
[DEBUG] Processing 1212/1229: ALIA/20230321-UltimateAutomizerSvcomp2023/sum_array-2-2.i_3.smt2
[DEBUG] Predicted solver: SMTInterpol for benchmark ALIA/20230321-UltimateAutomizerSvcomp2023/sum_array-2-2.i_3.smt2
[DEBUG] Benchmark ALIA/20230321-UltimateAutomizerSvcomp2023/sum_array-2-2.i_3.smt2: solved=True, runtime=0.50s, PAR-2=0.50s
[DEBUG] Processing 1213/1229: ALIA/20230321-UltimateAutomizerSvcomp2023/ex3_forlist.i_177.smt2
[DEBUG] Predicted solver: SMTInterpol for benchmark ALIA/20230321-UltimateAutomizerSvcomp2023/ex3_forlist.i_177.smt2
[DEBUG] Benchmark ALIA/20230321-UltimateAutomizerSvcomp2023/ex3_forlist.i_177.smt2: solved=True, runtime=0.50s, PAR-2=0.50s
[DEBUG] Processing 1214/1229: ALIA/20230321-UltimateAutomizerSvcomp2023/skiplist_3lvl.i_70.smt2
[DEBUG] Predicted solver: SMTInterpol for benchmark ALIA/20230321-UltimateAutomizerSvcomp2023/skiplist_3lvl.i_70.smt2
[DEBUG] Benchmark ALIA/20230321-UltimateAutomizerSvcomp2023/skiplist_3lvl.i_70.smt2: solved=True, runtime=0.86s, PAR-2=0.86s
[DEBUG] Processing 1215/1229: ALIA/20230321-UltimateAutomizerSvcomp2023/sll_to_dll_rev-1.i_66.smt2
[DEBUG] Predicted solver: SMTInterpol for benchmark ALIA/20230321-UltimateAutomizerSvcomp2023/sll_to_dll_rev-1.i_66.smt2
[DEBUG] Benchmark ALIA/20230321-UltimateAutomizerSvcomp2023/sll_to_dll_rev-1.i_66.smt2: solved=True, runtime=0.43s, PAR-2=0.43s
[DEBUG] Processing 1216/1229: ALIA/20230321-UltimateAutomizerSvcomp2023/test_add-2.i_96.smt2
[DEBUG] Predicted solver: cvc5 for benchmark ALIA/20230321-UltimateAutomizerSvcomp2023/test_add-2.i_96.smt2
[DEBUG] Benchmark ALIA/20230321-UltimateAutomizerSvcomp2023/test_add-2.i_96.smt2: solved=True, runtime=0.28s, PAR-2=0.28s
[DEBUG] Processing 1217/1229: ALIA/20230321-UltimateAutomizerSvcomp2023/dll_circular_traversal-2.i_92.smt2
[DEBUG] Predicted solver: SMTInterpol for benchmark ALIA/20230321-UltimateAutomizerSvcomp2023/dll_circular_traversal-2.i_92.smt2
[DEBUG] Benchmark ALIA/20230321-UltimateAutomizerSvcomp2023/dll_circular_traversal-2.i_92.smt2: solved=False, runtime=1200.00s, PAR-2=2400.00s
[DEBUG] Processing 1218/1229: ALIA/20230321-UltimateAutomizerSvcomp2023/sll-sorted-2.i_48.smt2
[DEBUG] Predicted solver: SMTInterpol for benchmark ALIA/20230321-UltimateAutomizerSvcomp2023/sll-sorted-2.i_48.smt2
[DEBUG] Benchmark ALIA/20230321-UltimateAutomizerSvcomp2023/sll-sorted-2.i_48.smt2: solved=True, runtime=0.47s, PAR-2=0.47s
[DEBUG] Processing 1219/1229: ALIA/20230321-UltimateAutomizerSvcomp2023/simple_built_from_end.i_44.smt2
[DEBUG] Predicted solver: SMTInterpol for benchmark ALIA/20230321-UltimateAutomizerSvcomp2023/simple_built_from_end.i_44.smt2
[DEBUG] Benchmark ALIA/20230321-UltimateAutomizerSvcomp2023/simple_built_from_end.i_44.smt2: solved=True, runtime=0.52s, PAR-2=0.52s
[DEBUG] Processing 1220/1229: ALIA/20230321-UltimateAutomizerSvcomp2023/ex3_forlist.i_201.smt2
[DEBUG] Predicted solver: SMTInterpol for benchmark ALIA/20230321-UltimateAutomizerSvcomp2023/ex3_forlist.i_201.smt2
[DEBUG] Benchmark ALIA/20230321-UltimateAutomizerSvcomp2023/ex3_forlist.i_201.smt2: solved=True, runtime=0.49s, PAR-2=0.49s
[DEBUG] Processing 1221/1229: ALIA/20230321-UltimateAutomizerSvcomp2023/sll2n_prepend_equal.i_35.smt2
[DEBUG] Predicted solver: SMTInterpol for benchmark ALIA/20230321-UltimateAutomizerSvcomp2023/sll2n_prepend_equal.i_35.smt2
[DEBUG] Benchmark ALIA/20230321-UltimateAutomizerSvcomp2023/sll2n_prepend_equal.i_35.smt2: solved=False, runtime=1200.00s, PAR-2=2400.00s
[DEBUG] Processing 1222/1229: ALIA/20230321-UltimateAutomizerSvcomp2023/test_add-2.i_19.smt2
[DEBUG] Predicted solver: cvc5 for benchmark ALIA/20230321-UltimateAutomizerSvcomp2023/test_add-2.i_19.smt2
[DEBUG] Benchmark ALIA/20230321-UltimateAutomizerSvcomp2023/test_add-2.i_19.smt2: solved=True, runtime=0.25s, PAR-2=0.25s
[DEBUG] Processing 1223/1229: ALIA/20230321-UltimateAutomizerSvcomp2023/dll_circular_traversal-2.i_67.smt2
[DEBUG] Predicted solver: SMTInterpol for benchmark ALIA/20230321-UltimateAutomizerSvcomp2023/dll_circular_traversal-2.i_67.smt2
[DEBUG] Benchmark ALIA/20230321-UltimateAutomizerSvcomp2023/dll_circular_traversal-2.i_67.smt2: solved=True, runtime=0.68s, PAR-2=0.68s
[DEBUG] Processing 1224/1229: ALIA/20230321-UltimateAutomizerSvcomp2023/sll2c_insert_unequal.i_47.smt2
[DEBUG] Predicted solver: SMTInterpol for benchmark ALIA/20230321-UltimateAutomizerSvcomp2023/sll2c_insert_unequal.i_47.smt2
[DEBUG] Benchmark ALIA/20230321-UltimateAutomizerSvcomp2023/sll2c_insert_unequal.i_47.smt2: solved=True, runtime=0.46s, PAR-2=0.46s
[DEBUG] Processing 1225/1229: ALIA/20230321-UltimateAutomizerSvcomp2023/tree_of_cslls.i_38.smt2
[DEBUG] Predicted solver: cvc5 for benchmark ALIA/20230321-UltimateAutomizerSvcomp2023/tree_of_cslls.i_38.smt2
[DEBUG] Benchmark ALIA/20230321-UltimateAutomizerSvcomp2023/tree_of_cslls.i_38.smt2: solved=True, runtime=31.32s, PAR-2=31.32s
[DEBUG] Processing 1226/1229: ALIA/20230321-UltimateAutomizerSvcomp2023/skiplist_3lvl.i_1.smt2
[DEBUG] Predicted solver: SMTInterpol for benchmark ALIA/20230321-UltimateAutomizerSvcomp2023/skiplist_3lvl.i_1.smt2
[DEBUG] Benchmark ALIA/20230321-UltimateAutomizerSvcomp2023/skiplist_3lvl.i_1.smt2: solved=True, runtime=1.20s, PAR-2=1.20s
[DEBUG] Processing 1227/1229: ALIA/20230321-UltimateAutomizerSvcomp2023/length_test03-1.i_65.smt2
[DEBUG] Predicted solver: iProver for benchmark ALIA/20230321-UltimateAutomizerSvcomp2023/length_test03-1.i_65.smt2
[DEBUG] Benchmark ALIA/20230321-UltimateAutomizerSvcomp2023/length_test03-1.i_65.smt2: solved=True, runtime=2.41s, PAR-2=2.41s
[DEBUG] Processing 1228/1229: ALIA/20230321-UltimateAutomizerSvcomp2023/bubble_sort_linux-1.i_24.smt2
[DEBUG] Predicted solver: SMTInterpol for benchmark ALIA/20230321-UltimateAutomizerSvcomp2023/bubble_sort_linux-1.i_24.smt2
[DEBUG] Benchmark ALIA/20230321-UltimateAutomizerSvcomp2023/bubble_sort_linux-1.i_24.smt2: solved=True, runtime=1.64s, PAR-2=1.64s
[DEBUG] Processing 1229/1229: ALIA/20230321-UltimateAutomizerSvcomp2023/ex3_forlist.i_43.smt2
[DEBUG] Predicted solver: SMTInterpol for benchmark ALIA/20230321-UltimateAutomizerSvcomp2023/ex3_forlist.i_43.smt2
[DEBUG] Benchmark ALIA/20230321-UltimateAutomizerSvcomp2023/ex3_forlist.i_43.smt2: solved=True, runtime=0.50s, PAR-2=0.50s
[DEBUG] Results written to CSV: /home/jchen688/projects/def-vganesh/jchen688/github/z3alpha/JHC/AlgoSelect/DescriptionAgent/data/results/alia_csv_based/train/run_20251215_215755_167313/results.csv
[DEBUG] Solved 908/1229 benchmarks (73.88%)
[DEBUG] PAR-2 Score: 800888.95s total, 651.66s average

================================================================================
EXECUTION TIME SUMMARY
================================================================================
Model training time:        1087.97 seconds ( 18.13 minutes)
Prediction time:             827.81 seconds ( 13.80 minutes)
  - Avg per benchmark:         0.67 seconds
--------------------------------------------------------------------------------
Total execution time:       1915.78 seconds ( 31.93 minutes)
================================================================================

================================================================================
PAR-2 PERFORMANCE SUMMARY
================================================================================
Benchmarks solved:              908 / 1229 ( 73.88%)
Benchmarks unsolved:            321 / 1229 ( 26.12%)
--------------------------------------------------------------------------------
Total PAR-2 score:        800888.95 seconds
Average PAR-2 score:         651.66 seconds
Timeout value:              1200.00 seconds
PAR-2 penalty factor:             2x timeout
================================================================================

[DEBUG] CSV results saved to: /home/jchen688/projects/def-vganesh/jchen688/github/z3alpha/JHC/AlgoSelect/DescriptionAgent/data/results/alia_csv_based/train/run_20251215_215755_167313/results.csv
[DEBUG] Configuration saved to: /home/jchen688/projects/def-vganesh/jchen688/github/z3alpha/JHC/AlgoSelect/DescriptionAgent/data/results/alia_csv_based/train/run_20251215_215755_167313/config.json
End time: Mon 15 Dec 2025 10:29:53 PM EST
